timestamp,msl,agl,pressure,latitude,longitude,speed,heading,temperature,relative_humidity,internal_temperature,rise_speed
"2025-12-04 16:44:15",17,-2,99560,51.670287,5.101848,0.95,172.5,25.43,30.25,,0
"2025-12-04 16:44:16",19,0,99546,0,,1.2,291,25.38,30.15,,0
"2025-12-04 16:44:17",20,0,99533,0,,2,256.1,25.28,29.9,,0.1
"2025-12-04 16:44:18",21,1,99520,51.670277,5.101813,3.05,258.7,25.19,29.6,,0.2
"2025-12-04 16:44:20",24,4,99483,0,,4.5,229.3,24.94,29.25,,0.5
"2025-12-04 16:44:21",26,6,99466,51.670235,5.101673,4.2,281.3,24.83,29.2,,0.6
"2025-12-04 16:44:23",30,10,99418,0,,2.3,266.2,24.58,28.95,,0.9
"2025-12-04 16:44:24",32,12,99394,51.670245,5.10163,1.8,261.6,24.5,28.85,31.25,1.1
"2025-12-04 16:44:25",34,14,99375,0,,2.7,274.3,24.39,28.8,,1.2
"2025-12-04 16:44:26",35,15,99356,0,,2.05,252.9,24.26,28.85,,1.4
"2025-12-04 16:44:27",37,17,99338,51.670248,5.101503,2.85,259.7,24.16,28.8,,1.5
"2025-12-04 16:44:28",38,18,99321,0,,2.95,273.5,24.07,28.85,,1.6
"2025-12-04 16:44:29",40,20,99304,0,,2.9,248.2,24.01,28.95,,1.6
"2025-12-04 16:44:30",41,21,99288,51.67024,5.101375,4.6,278,23.96,29,,1.7
"2025-12-04 16:44:31",43,23,99273,0,,,,23.91,29.05,,1.7
"2025-12-04 16:44:32",44,24,99259,0,,,,23.84,29.1,,1.6
"2025-12-04 16:44:33",45,25,99246,0,,,,23.78,29.05,,1.6
"2025-12-04 16:44:34",46,26,99233,0,,5.45,258.9,23.71,29,,1.6
"2025-12-04 16:44:35",47,27,99220,0,,5.05,280.5,23.65,29.05,,1.5
"2025-12-04 16:44:36",48,28,99208,51.67024,5.10099,4.35,269.8,23.62,29.05,,1.4
"2025-12-04 16:44:37",50,30,99192,0,,4.65,282.6,23.59,29.15,,1.3
"2025-12-04 16:44:38",51,31,99177,0,,5.15,264.6,23.53,29.15,,1.3
"2025-12-04 16:44:39",53,33,99162,51.670248,5.100767,5.4,280.5,23.5,29.2,,1.3
"2025-12-04 16:44:40",54,34,99140,0,,5.75,276.9,23.47,29.3,,1.3
"2025-12-04 16:44:41",56,36,99119,0,,5.45,269.7,23.45,29.35,,1.4
"2025-12-04 16:44:42",58,38,99098,51.670263,5.100502,6.35,289.2,23.44,29.4,,1.4
"2025-12-04 16:44:43",60,40,99079,0,,4.25,265.4,23.42,29.45,,1.4
"2025-12-04 16:44:44",61,41,99060,0,,6.7,283.4,23.38,29.45,,1.5
"2025-12-04 16:44:45",63,43,99042,51.67029,5.10026,4.8,286.9,23.36,29.5,,1.5
"2025-12-04 16:44:46",65,45,99023,0,,4.65,297.3,23.34,29.6,,1.5
"2025-12-04 16:44:47",66,46,99005,0,,5.05,301.4,23.33,29.6,,1.6
"2025-12-04 16:44:48",68,48,98988,51.67034,5.100055,5.55,274.8,23.33,29.65,,1.6
"2025-12-04 16:44:49",69,49,98975,0,,6.1,310.3,23.34,29.7,,1.6
"2025-12-04 16:44:50",70,50,98963,0,,5.95,295.7,23.33,29.7,,1.6
"2025-12-04 16:44:51",71,51,98952,51.670413,5.09985,5.75,306.2,23.33,29.7,31.25,1.5
"2025-12-04 16:44:53",72,52,98941,0,,4.15,280.7,23.3,29.7,,1.4
"2025-12-04 16:44:54",72,52,98936,51.670465,5.099643,7.1,297.1,23.3,29.7,,1.2
"2025-12-04 16:44:55",73,53,98926,0,,5.35,297.9,23.29,29.65,,1.2
"2025-12-04 16:44:56",74,54,98917,0,,5.5,299.2,23.29,29.7,,1.1
"2025-12-04 16:44:57",75,55,98908,51.670552,5.099398,6.7,303,23.29,29.7,,1
"2025-12-04 16:44:58",75,55,98908,0,,5.55,303.4,23.29,29.75,,0.9
"2025-12-04 16:44:59",75,55,98909,0,,6.9,299,23.27,29.75,,0.8
"2025-12-04 16:45:00",75,55,98910,51.670648,5.099152,6.3,300.1,23.24,29.8,,0.7
"2025-12-04 16:45:01",76,56,98893,0,,6.7,308.3,23.22,29.75,,0.6
"2025-12-04 16:45:02",78,58,98876,0,,6.55,304.9,23.2,29.8,,0.7
"2025-12-04 16:45:03",79,59,98860,51.670748,5.098887,6.1,299.2,23.19,29.8,,0.7
"2025-12-04 16:45:05",83,63,98817,0,,6.7,301.9,23.17,29.85,,0.9
"2025-12-04 16:45:06",85,65,98796,51.670822,5.098642,6.1,286.4,23.14,29.85,,1
"2025-12-04 16:45:08",89,69,98744,0,,7.5,287.7,23.1,29.85,,1.2
"2025-12-04 16:45:09",92,72,98718,51.670893,5.098368,7.55,273,23.06,29.85,,1.4
"2025-12-04 16:45:11",94,74,98696,0,,7.05,283.5,23.01,29.9,,1.4
"2025-12-04 16:45:12",95,75,98686,51.67094,5.09805,7.7,280.4,22.97,29.95,,1.5
"2025-12-04 16:45:14",98,78,98648,0,,7.05,291,22.91,30,,1.7
"2025-12-04 16:45:15",100,80,98630,51.670993,5.097732,7.2,277.1,22.89,30.05,,1.7
"2025-12-04 16:45:18",105,85,98570,51.67106,5.097437,6.4,304,22.86,30.15,31,1.7
"2025-12-04 16:45:20",106,86,98552,0,,5.9,294.4,22.83,30.15,,1.4
"2025-12-04 16:45:21",107,87,98544,51.67114,5.0972,6.2,305.8,22.82,30.2,,1.3
"2025-12-04 16:45:22",109,89,98527,0,,6.6,291,22.8,30.2,,1.3
"2025-12-04 16:45:23",110,90,98511,0,,5.7,302.6,22.8,30.25,,1.4
"2025-12-04 16:45:24",111,91,98496,51.671218,5.09696,6.9,293.7,22.77,30.25,,1.4
"2025-12-04 16:45:25",114,94,98470,0,,5.6,295.6,22.75,30.25,,1.5
"2025-12-04 16:45:26",116,96,98446,0,,5.6,287.3,22.75,30.3,,1.5
"2025-12-04 16:45:27",118,98,98422,51.671277,5.096722,6.15,287.6,22.72,30.3,,1.5
"2025-12-04 16:45:28",120,100,98399,0,,5.75,300.7,22.69,30.3,,1.6
"2025-12-04 16:45:29",122,102,98377,0,,6.45,296.8,22.67,30.3,,1.6
"2025-12-04 16:45:30",124,104,98356,51.671355,5.09648,7.15,302.4,22.65,30.3,,1.6
"2025-12-04 16:45:31",126,106,98329,0,,6.1,287.8,22.65,30.35,,1.6
"2025-12-04 16:45:32",129,109,98300,0,,6.2,290.9,22.64,30.35,,1.7
"2025-12-04 16:45:33",131,111,98272,51.671422,5.096223,6.6,294.4,22.63,30.4,,1.9
"2025-12-04 16:45:34",133,113,98248,0,,7.55,287.4,22.6,30.35,,2
"2025-12-04 16:45:35",135,115,98225,0,,6.1,283.1,22.58,30.4,,2.1
"2025-12-04 16:45:36",138,118,98202,51.671475,5.095945,6.5,286.7,22.57,30.4,,2.1
"2025-12-04 16:45:37",141,121,98168,0,,7.7,284.5,22.56,30.45,,2.2
"2025-12-04 16:45:38",143,123,98135,0,,7.15,289.4,22.51,30.45,,2.3
"2025-12-04 16:45:39",146,126,98102,51.671537,5.095643,7.7,293.2,22.49,30.5,,2.4
"2025-12-04 16:45:40",149,129,98074,0,,8.3,293.8,22.48,30.45,,2.4
"2025-12-04 16:45:41",151,131,98047,0,,9,286.5,22.47,30.5,,2.4
"2025-12-04 16:45:42",154,134,98020,51.671617,5.095303,7.95,290.4,22.45,30.5,,2.4
"2025-12-04 16:45:43",156,136,97993,0,,8.2,293.2,22.44,30.55,,2.5
"2025-12-04 16:45:44",158,138,97967,0,,8.8,284.5,22.41,30.55,,2.5
"2025-12-04 16:45:45",161,141,97942,51.671695,5.094953,9.45,293,22.38,30.5,31,2.4
"2025-12-04 16:45:46",163,143,97915,0,,8.35,285.3,22.36,30.55,,2.5
"2025-12-04 16:45:47",165,145,97889,0,,7.45,285.4,22.34,30.55,,2.5
"2025-12-04 16:45:48",168,148,97864,51.671762,5.094607,8.65,288.5,22.32,30.6,,2.5
"2025-12-04 16:45:49",170,150,97841,0,,6.95,283.3,22.31,30.6,,2.5
"2025-12-04 16:45:50",172,152,97817,0,,9.05,281.2,22.3,30.7,,2.4
"2025-12-04 16:45:51",174,154,97794,51.671815,5.094272,7.15,288.3,22.26,30.7,,2.3
"2025-12-04 16:45:53",180,160,97724,0,,9.55,288.1,22.21,30.75,,2.4
"2025-12-04 16:45:54",183,163,97690,51.671908,5.093933,8.35,287.7,22.19,30.8,,2.5
"2025-12-04 16:45:56",187,167,97643,0,,7.7,287.6,22.14,30.85,,2.4
"2025-12-04 16:45:57",189,169,97620,51.671975,5.093602,8.45,285,22.12,30.85,,2.4
"2025-12-04 16:45:58",191,171,97601,0,,8.8,291,22.1,30.85,,2.3
"2025-12-04 16:45:59",193,173,97582,0,,8.05,290.1,22.08,30.85,,2.3
"2025-12-04 16:46:00",194,174,97564,51.672053,5.093255,8.65,290.6,22.06,30.85,,2.2
"2025-12-04 16:46:01",196,176,97547,0,,9.05,298.4,22.04,30.9,,2.2
"2025-12-04 16:46:02",197,177,97531,0,,9.45,288.7,22.02,30.95,,2.1
"2025-12-04 16:46:03",199,179,97516,51.67215,5.0929,8.4,297.8,22,30.95,,2.1
"2025-12-04 16:46:04",201,181,97490,0,,8.75,293.5,21.98,30.95,,2.1
"2025-12-04 16:46:05",203,183,97465,0,,8.5,288.3,21.97,31,,1.9
"2025-12-04 16:46:06",205,185,97440,51.672243,5.092562,8.5,301.2,21.94,31.05,,1.9
"2025-12-04 16:46:08",210,190,97389,0,,7.95,301.7,21.91,31.1,,1.9
"2025-12-04 16:46:09",212,192,97364,51.672347,5.092252,7.95,296.4,21.89,31.15,,1.9
"2025-12-04 16:46:10",215,195,97333,0,,8,293.2,21.87,31.2,,2
"2025-12-04 16:46:11",218,198,97303,0,,8.05,294.9,21.86,31.2,,2.1
"2025-12-04 16:46:12",220,200,97274,51.672435,5.091925,8.05,297.2,21.87,31.2,31,2.2
"2025-12-04 16:46:13",223,203,97246,0,,7.65,307.5,21.87,31.3,,2.2
"2025-12-04 16:46:14",225,205,97219,0,,7.15,303.3,21.87,31.3,,2.3
"2025-12-04 16:46:15",228,208,97192,51.672545,5.091652,7.6,310.3,21.85,31.35,,2.4
"2025-12-04 16:46:16",229,209,97176,0,,7.6,302.7,21.86,31.4,,2.3
"2025-12-04 16:46:17",230,210,97160,0,,8,298.2,21.85,31.4,,2.3
"2025-12-04 16:46:18",232,212,97144,51.672667,5.091365,8.4,302.5,21.83,31.4,,2.2
"2025-12-04 16:46:19",235,215,97113,0,,7.65,293.9,21.81,31.4,,2.2
"2025-12-04 16:46:20",237,217,97083,0,,8.25,307,21.8,31.4,,2.3
"2025-12-04 16:46:21",240,220,97054,51.67277,5.09106,7.65,293.3,21.79,31.35,,2.3
"2025-12-04 16:46:23",245,225,96999,0,,8,297.4,21.73,31.35,,2.3
"2025-12-04 16:46:24",247,227,96972,51.672873,5.090757,8,303.1,21.71,31.35,,2.3
"2025-12-04 16:46:25",250,230,96946,0,,8.05,300.9,21.66,31.35,,2.3
"2025-12-04 16:46:26",252,232,96921,0,,8.2,290.4,21.64,31.35,,2.2
"2025-12-04 16:46:27",254,234,96896,51.672982,5.090448,8.15,310.5,21.6,31.35,,2.2
"2025-12-04 16:46:28",256,236,96870,0,,8.2,303.7,21.6,31.45,,2.3
"2025-12-04 16:46:29",259,239,96845,0,,8.1,311,21.61,31.5,,2.3
"2025-12-04 16:46:30",261,241,96820,51.67312,5.090167,8.25,311.2,21.57,31.55,,2.4
"2025-12-04 16:46:31",263,243,96795,0,,8.55,298,21.53,31.55,,2.4
"2025-12-04 16:46:32",265,245,96769,0,,7.05,311.9,21.49,31.55,,2.4
"2025-12-04 16:46:33",268,248,96744,51.673245,5.089878,8.85,297.9,21.49,31.55,,2.3
"2025-12-04 16:46:34",269,249,96724,0,,8.3,314,21.44,31.55,,2.3
"2025-12-04 16:46:35",271,251,96705,0,,7.35,298.8,21.42,31.6,,2.2
"2025-12-04 16:46:36",273,253,96686,51.673372,5.089588,8.6,305.6,21.38,31.65,,2.2
"2025-12-04 16:46:38",276,256,96652,0,,7.85,304.3,21.34,31.7,,2
"2025-12-04 16:46:39",277,257,96636,51.67351,5.089318,8.35,310.5,21.29,31.75,31,2
"2025-12-04 16:46:40",279,259,96613,0,,7.2,302.8,21.26,31.75,,2
"2025-12-04 16:46:41",282,262,96590,0,,7.75,307.3,21.24,31.8,,1.9
"2025-12-04 16:46:42",284,264,96568,51.673635,5.08906,7.1,312.5,21.23,31.85,,1.9
"2025-12-04 16:46:43",285,265,96549,0,,7.4,305.4,21.21,31.85,,1.8
"2025-12-04 16:46:44",287,267,96530,0,,6.75,309.3,21.2,31.9,,1.8
"2025-12-04 16:46:45",289,269,96512,51.673762,5.088823,7.35,316,21.2,31.95,,1.7
"2025-12-04 16:46:46",291,271,96480,0,,8.85,307,21.16,32,,1.8
"2025-12-04 16:46:47",294,274,96449,0,,7.45,316.4,21.15,32,,1.9
"2025-12-04 16:46:48",297,277,96418,51.673903,5.08857,8.1,314.1,21.15,32.05,,2
"2025-12-04 16:46:49",300,280,96389,0,,,,21.14,32.05,,2
"2025-12-04 16:46:50",302,282,96360,0,,,,21.13,32.05,,2.2
"2025-12-04 16:46:51",305,285,96332,0,,,,21.11,32.1,,2.3
"2025-12-04 16:46:53",309,289,96283,0,,10.5,310.6,21.08,32.15,,2.3
"2025-12-04 16:46:54",311,291,96260,51.674237,5.08799,9.15,312.6,21.09,32.15,,2.3
"2025-12-04 16:46:55",313,293,96239,0,,10.35,315.9,21.07,32.15,,2.3
"2025-12-04 16:46:56",315,295,96218,0,,8.6,314.9,21.08,32.2,,2.3
"2025-12-04 16:46:57",317,297,96198,51.674427,5.0877,10.6,320.7,21.07,32.2,,2.4
"2025-12-04 16:46:58",319,299,96179,0,,9.65,318,21.02,32.25,,2.3
"2025-12-04 16:46:59",320,300,96161,0,,9.5,319,21.01,32.25,,2.2
"2025-12-04 16:47:00",322,302,96144,51.67462,5.087413,9.95,310.6,20.97,32.25,,2.1
"2025-12-04 16:47:01",323,303,96129,0,,7.95,323.8,20.98,32.3,,1.9
"2025-12-04 16:47:02",324,304,96114,0,,10.2,311.3,20.97,32.3,,1.8
"2025-12-04 16:47:03",326,306,96100,51.674795,5.087138,8.7,318.1,20.95,32.25,,1.7
"2025-12-04 16:47:04",327,307,96082,0,,8.7,311.1,20.92,32.25,,1.7
"2025-12-04 16:47:05",329,309,96065,0,,10.55,317.2,20.86,32.25,,1.6
"2025-12-04 16:47:06",330,310,96048,51.67497,5.08685,7.9,310.2,20.82,32.25,30.75,1.6
"2025-12-04 16:47:08",333,313,96024,0,,,,20.8,32.25,,1.5
"2025-12-04 16:47:09",334,314,96012,0,,,,20.73,32.3,,1.4
"2025-12-04 16:47:10",337,317,95977,0,,10,315.3,20.71,32.35,,1.5
"2025-12-04 16:47:11",339,319,95947,0,,9.35,315.4,20.69,32.35,,1.6
"2025-12-04 16:47:12",342,322,95918,51.675332,5.086263,9.75,304.7,20.66,32.4,,1.7
"2025-12-04 16:47:14",346,326,95871,0,,9.7,309.9,20.66,32.45,,1.8
"2025-12-04 16:47:15",349,329,95846,51.675505,5.085943,10.25,310.2,20.67,32.5,,1.9
"2025-12-04 16:47:17",352,332,95809,0,,11.25,308.5,20.65,32.5,,1.9
"2025-12-04 16:47:18",354,334,95792,51.67568,5.085618,8.35,312.9,20.67,32.4,,1.9
"2025-12-04 16:47:20",354,334,95782,0,,8.95,313,20.61,32.35,,1.8
"2025-12-04 16:47:21",355,335,95778,51.675863,5.085275,11,309,20.58,32.35,,1.8
"2025-12-04 16:47:22",356,336,95760,0,,10.35,312.4,20.56,32.4,,1.7
"2025-12-04 16:47:23",358,338,95743,0,,9.7,306.7,20.56,32.35,,1.6
"2025-12-04 16:47:24",360,340,95726,51.676043,5.084927,11.6,311,20.51,32.35,,1.6
"2025-12-04 16:47:25",360,340,95716,0,,8.7,308,20.53,32.35,,1.4
"2025-12-04 16:47:26",361,341,95706,0,,11.25,309.3,20.52,32.4,,1.4
"2025-12-04 16:47:27",362,342,95696,51.676215,5.084588,9.3,308.4,20.5,32.4,,1.2
"2025-12-04 16:47:28",364,344,95679,0,,10.2,308.1,20.48,32.45,,1.2
"2025-12-04 16:47:29",365,345,95662,0,,11.05,311.4,20.46,32.45,,1.2
"2025-12-04 16:47:30",367,347,95646,51.676387,5.084252,9.35,307.2,20.44,32.5,,1.1
"2025-12-04 16:47:31",368,348,95629,0,,10.15,309.2,20.42,32.5,,1.1
"2025-12-04 16:47:32",370,350,95613,0,,10.7,311.8,20.4,32.5,,1.2
"2025-12-04 16:47:33",371,351,95598,51.676562,5.083913,9.95,308.9,20.39,32.55,30.75,1.3
"2025-12-04 16:47:35",373,353,95580,0,,9.4,309,20.33,32.6,,1.3
"2025-12-04 16:47:36",373,353,95572,51.676742,5.08358,10.35,313.5,20.32,32.6,,1.2
"2025-12-04 16:47:38",375,355,95558,0,,9.5,311.9,20.31,32.6,,1.1
"2025-12-04 16:47:39",375,355,95552,51.676927,5.083257,11.3,312.1,20.28,32.65,,1.1
"2025-12-04 16:47:41",379,359,95506,0,,10.8,312.6,20.24,32.7,,1.2
"2025-12-04 16:47:42",381,361,95484,51.67711,5.082915,10.4,312.6,20.23,32.75,,1.2
"2025-12-04 16:47:44",385,365,95449,0,,10.8,310.3,20.21,32.75,,1.2
"2025-12-04 16:47:45",386,366,95432,51.677283,5.082578,9.75,306.7,20.22,32.8,,1.3
"2025-12-04 16:47:47",389,369,95398,0,,10.35,312.1,20.17,32.8,,1.4
"2025-12-04 16:47:48",391,371,95382,51.677467,5.082238,10,307.1,20.14,32.8,,1.4
"2025-12-04 16:47:50",392,372,95364,0,,10.35,306.7,20.1,32.85,,1.5
"2025-12-04 16:47:51",393,373,95356,51.677648,5.081877,10.95,309.5,20.09,32.85,,1.5
"2025-12-04 16:47:54",399,379,95290,51.677835,5.08153,11.2,313.6,20.03,32.95,,1.5
"2025-12-04 16:47:55",401,381,95270,0,,10.2,310.2,20.02,33,,1.5
"2025-12-04 16:47:56",403,383,95251,0,,10.75,315.2,20.01,33,,1.5
"2025-12-04 16:47:57",404,384,95232,51.678028,5.081193,10.35,309.7,20.01,33.05,,1.5
"2025-12-04 16:47:59",408,388,95193,0,,10.25,312.2,19.98,33.1,,1.6
"2025-12-04 16:48:00",410,390,95174,51.678207,5.080842,9.9,308.8,19.97,33.2,30.5,1.6
"2025-12-04 16:48:01",411,391,95156,0,,11.45,310.2,19.95,33.25,,1.6
"2025-12-04 16:48:02",413,393,95139,0,,9.5,313,19.92,33.25,,1.7
"2025-12-04 16:48:03",414,394,95122,51.67839,5.080497,10.85,308.6,19.9,33.3,,1.8
"2025-12-04 16:48:04",415,395,95109,0,,10.35,302.2,19.92,33.3,,1.7
"2025-12-04 16:48:05",416,396,95097,0,,10.1,307.9,19.91,33.3,,1.7
"2025-12-04 16:48:06",418,398,95086,51.678558,5.080133,11.2,310.3,19.9,33.35,,1.5
"2025-12-04 16:48:07",420,400,95063,0,,9.8,309,19.9,33.35,,1.6
"2025-12-04 16:48:08",422,402,95041,0,,10.4,310.9,19.89,33.35,,1.6
"2025-12-04 16:48:09",424,404,95020,51.678733,5.079783,10.95,307.2,19.87,33.4,,1.6
"2025-12-04 16:48:10",426,406,94996,0,,11.1,310.8,19.83,33.45,,1.7
"2025-12-04 16:48:11",428,408,94971,0,,10.7,311.8,19.82,33.45,,1.7
"2025-12-04 16:48:12",430,410,94946,51.678915,5.079435,8.1,309.6,19.83,33.5,,1.7
"2025-12-04 16:48:13",431,411,94935,0,,9.8,318.9,19.8,33.55,,1.7
"2025-12-04 16:48:14",432,412,94924,0,,8.55,300,19.83,33.55,,1.6
"2025-12-04 16:48:15",433,413,94914,51.679077,5.07914,10.85,316.3,19.8,33.6,,1.6
"2025-12-04 16:48:16",434,414,94900,0,,8.35,316.4,19.76,33.6,,1.6
"2025-12-04 16:48:17",436,416,94887,0,,11,311.5,19.7,33.6,,1.6
"2025-12-04 16:48:18",437,417,94874,51.67926,5.078838,9.55,315.1,19.68,33.65,,1.6
"2025-12-04 16:48:19",438,418,94860,0,,9.55,307,19.69,33.6,,1.6
"2025-12-04 16:48:20",439,419,94847,0,,9.2,311.6,19.67,33.65,,1.5
"2025-12-04 16:48:21",440,420,94834,51.679423,5.078523,9.95,308.8,19.67,33.65,,1.5
"2025-12-04 16:48:22",442,422,94821,0,,10.7,310.7,19.65,33.65,,1.3
"2025-12-04 16:48:23",443,423,94809,0,,10.35,310.3,19.67,33.7,,1.2
"2025-12-04 16:48:24",444,424,94798,51.679602,5.078175,10.45,305.4,19.64,33.65,,1.1
"2025-12-04 16:48:25",445,425,94785,0,,10.8,314.1,19.65,33.7,,1.1
"2025-12-04 16:48:26",446,426,94772,0,,10.4,311.3,19.64,33.7,,1.2
"2025-12-04 16:48:27",447,427,94760,51.67979,5.077832,10.9,313.2,19.67,33.7,30.25,1.2
"2025-12-04 16:48:28",448,428,94755,0,,,,19.63,33.7,,1.1
"2025-12-04 16:48:29",448,428,94751,0,,,,19.63,33.7,,1
"2025-12-04 16:48:30",448,428,94748,0,,,,19.61,33.7,,1
"2025-12-04 16:48:31",450,430,94731,0,,9.05,305.1,19.59,33.75,,1
"2025-12-04 16:48:32",451,431,94715,0,,10.35,313.2,19.59,33.75,,1
"2025-12-04 16:48:33",453,433,94700,51.680145,5.077172,9.95,311,19.57,33.75,,1
"2025-12-04 16:48:34",453,433,94699,0,,9.95,311.9,19.54,33.75,,0.9
"2025-12-04 16:48:35",453,433,94698,0,,9.85,310.8,19.53,33.75,,0.8
"2025-12-04 16:48:36",453,433,94698,51.680317,5.076847,10.1,305,19.52,33.8,,0.8
"2025-12-04 16:48:38",457,437,94653,0,,9,312.6,19.49,33.8,,0.9
"2025-12-04 16:48:39",459,439,94632,51.680493,5.076528,10.15,317.1,19.46,33.85,,1
"2025-12-04 16:48:40",460,440,94623,0,,9.2,305.1,19.44,33.85,,1
"2025-12-04 16:48:41",460,440,94614,0,,10.15,315.6,19.43,33.9,,1
"2025-12-04 16:48:42",461,441,94606,51.68067,5.076208,10.6,309.5,19.42,33.9,,1.1
"2025-12-04 16:48:43",461,441,94604,0,,10.65,305.4,19.43,33.9,,1
"2025-12-04 16:48:44",461,441,94603,0,,11.15,315.3,19.42,33.9,,0.9
"2025-12-04 16:48:45",462,442,94602,51.680855,5.07586,9.4,309.5,19.39,33.95,,0.7
"2025-12-04 16:48:46",462,442,94594,0,,10.9,315.7,19.37,34,,0.7
"2025-12-04 16:48:47",463,443,94586,0,,9.7,312.1,19.36,34,,0.8
"2025-12-04 16:48:48",464,444,94578,51.681042,5.07554,9.9,311.2,19.35,34.05,,0.8
"2025-12-04 16:48:49",464,444,94573,0,,11.2,317.2,19.34,34.05,,0.9
"2025-12-04 16:48:50",465,445,94568,0,,9.45,306.3,19.33,34.05,,0.8
"2025-12-04 16:48:51",465,445,94564,51.68123,5.075208,10.8,315.6,19.32,34.1,,0.6
"2025-12-04 16:48:53",467,447,94543,0,,9.05,314.5,19.33,34.15,,0.6
"2025-12-04 16:48:54",468,448,94534,51.68143,5.074877,11.15,316.6,19.31,34.15,30,0.6
"2025-12-04 16:48:55",468,448,94533,0,,9.95,309.6,19.3,34.2,,0.5
"2025-12-04 16:48:56",468,448,94532,0,,11.5,315.1,19.29,34.2,,0.5
"2025-12-04 16:48:57",468,448,94532,51.681625,5.07454,9.7,308,19.28,34.25,,0.5
"2025-12-04 16:48:58",469,449,94521,0,,11.4,315.6,19.25,34.25,,0.5
"2025-12-04 16:48:59",470,450,94511,0,,10.6,314.4,19.27,34.25,,0.6
"2025-12-04 16:49:00",471,451,94502,51.681823,5.0742,10.15,308.8,19.24,34.3,,0.6
"2025-12-04 16:49:01",472,452,94487,0,,10.8,316.9,19.24,34.35,,0.7
"2025-12-04 16:49:02",473,453,94472,0,,9.75,308,19.23,34.35,,0.7
"2025-12-04 16:49:03",475,455,94458,51.68201,5.073873,9.85,311.1,19.21,34.35,,0.8
"2025-12-04 16:49:04",476,456,94441,0,,9.85,311.1,19.21,34.35,,0.9
"2025-12-04 16:49:05",478,458,94425,0,,10.5,312.1,19.2,34.35,,0.9
"2025-12-04 16:49:06",479,459,94410,51.682198,5.073565,9.55,319.7,19.21,34.35,,0.9
"2025-12-04 16:49:07",480,460,94405,0,,10.1,313.8,19.23,34.4,,1
"2025-12-04 16:49:08",480,460,94400,0,,10.9,319.6,19.27,34.4,,1
"2025-12-04 16:49:09",480,460,94396,51.682395,5.073263,9.4,309.9,19.28,34.4,,1
"2025-12-04 16:49:10",482,462,94379,0,,9.4,309.9,19.25,34.4,,1.1
"2025-12-04 16:49:11",483,463,94363,0,,9.15,315.4,19.25,34.4,,1.1
"2025-12-04 16:49:12",485,465,94348,51.682577,5.072963,10.15,312.5,19.25,34.4,,1.2
"2025-12-04 16:49:13",486,466,94330,0,,10.65,316.9,19.24,34.35,,1.2
"2025-12-04 16:49:14",488,468,94312,0,,10.65,310.5,19.21,34.35,,1.2
"2025-12-04 16:49:15",490,470,94294,51.682775,5.072635,10.3,316.2,19.19,34.35,,1.3
"2025-12-04 16:49:16",491,471,94278,0,,10.45,316.5,19.17,34.4,,1.3
"2025-12-04 16:49:17",493,473,94263,0,,11.5,315.9,19.17,34.4,,1.3
"2025-12-04 16:49:18",494,474,94248,51.682985,5.072313,10.4,315.9,19.17,34.45,,1.3
"2025-12-04 16:49:19",495,475,94237,0,,10.9,308.1,19.16,34.4,,1.2
"2025-12-04 16:49:20",496,476,94226,0,,10.9,308.1,19.15,34.35,,1.3
"2025-12-04 16:49:21",497,477,94216,51.683175,5.071972,10.8,308.9,19.14,34.35,29.75,1.3
"2025-12-04 16:49:23",499,479,94190,0,,10.8,311.5,19.1,34.35,,1.3
"2025-12-04 16:49:24",500,480,94178,51.683367,5.07164,9.9,312.1,19.08,34.35,,1.3
"2025-12-04 16:49:25",503,483,94153,0,,11.1,312.2,19.06,34.4,,1.3
"2025-12-04 16:49:26",505,485,94129,0,,10.4,307,19.05,34.4,,1.4
"2025-12-04 16:49:27",507,487,94106,51.683552,5.071297,10.4,315.8,19.04,34.4,,1.4
"2025-12-04 16:49:28",508,488,94089,0,,10.25,312.4,19.03,34.45,,1.4
"2025-12-04 16:49:29",510,490,94072,0,,10.35,319.1,19.02,34.45,,1.5
"2025-12-04 16:49:30",512,492,94056,51.68375,5.070982,10.6,313.3,19,34.5,,1.5
"2025-12-04 16:49:31",514,494,94034,0,,10.45,317.2,18.99,34.55,,1.5
"2025-12-04 16:49:32",515,495,94013,0,,11.45,310.6,18.95,34.55,,1.6
"2025-12-04 16:49:33",517,497,93992,51.683955,5.070652,10.4,321.3,18.99,34.6,,1.7
"2025-12-04 16:49:34",518,498,93987,0,,11.05,313.3,19.01,34.6,,1.6
"2025-12-04 16:49:35",518,498,93982,0,,10.4,313.8,18.99,34.6,,1.6
"2025-12-04 16:49:36",519,499,93978,51.684165,5.07033,11,321.8,18.99,34.55,,1.5
"2025-12-04 16:49:38",522,502,93936,0,,10.35,314.5,18.96,34.5,,1.5
"2025-12-04 16:49:39",524,504,93916,51.684367,5.07001,10.9,320.7,18.94,34.5,,1.4
"2025-12-04 16:49:40",525,505,93913,0,,10.15,309.5,18.91,34.5,,1.3
"2025-12-04 16:49:41",525,505,93910,0,,10.3,316.6,18.92,34.5,,1.2
"2025-12-04 16:49:42",525,505,93908,51.684562,5.06969,9.95,314.6,18.93,34.5,,1.1
"2025-12-04 16:49:43",526,506,93892,0,,11.15,309.3,18.91,34.5,,1.1
"2025-12-04 16:49:44",528,508,93877,0,,9.85,317.3,18.91,34.55,,1
"2025-12-04 16:49:45",529,509,93862,51.684753,5.069358,10.7,311.8,18.91,34.55,,1
"2025-12-04 16:49:46",530,510,93853,0,,11.05,316.1,18.9,34.55,,1
"2025-12-04 16:49:47",531,511,93843,0,,10.25,309.1,18.9,34.55,,1
"2025-12-04 16:49:48",532,512,93834,51.68495,5.069017,11,315.1,18.89,34.6,29.5,1.1
"2025-12-04 16:49:49",533,513,93819,0,,10.05,319.2,18.86,34.55,,1.1
"2025-12-04 16:49:50",534,514,93805,0,,10.8,314.7,18.85,34.6,,1.1
"2025-12-04 16:49:51",536,516,93792,51.685157,5.068703,10.55,319.2,18.85,34.6,,1
"2025-12-04 16:49:53",539,519,93759,0,,10.75,312.3,18.78,34.6,,1.1
"2025-12-04 16:49:54",540,520,93744,51.685357,5.068378,10.2,319.1,18.75,34.65,,1.2
"2025-12-04 16:49:55",541,521,93738,0,,10.95,308.7,18.74,34.65,,1.2
"2025-12-04 16:49:56",541,521,93733,0,,10.95,308.7,18.72,34.65,,1.1
"2025-12-04 16:49:57",542,522,93728,51.685545,5.068038,10.15,310.4,18.7,34.7,,1.1
"2025-12-04 16:49:59",544,524,93697,0,,10.75,315.5,18.72,34.7,,1.1
"2025-12-04 16:50:00",546,526,93682,51.685732,5.067702,11.15,309.3,18.71,34.75,,1.2
"2025-12-04 16:50:01",547,527,93670,0,,10.45,316.5,18.7,34.75,,1.1
"2025-12-04 16:50:02",548,528,93659,0,,11.15,311.4,18.69,34.75,,1.1
"2025-12-04 16:50:03",549,529,93648,51.685928,5.06736,10.35,313.1,18.7,34.8,,1.1
"2025-12-04 16:50:05",551,531,93630,0,,10.85,309.4,18.7,34.85,,1
"2025-12-04 16:50:06",551,531,93622,51.686123,5.067037,10.45,319.8,18.7,34.85,,0.9
"2025-12-04 16:50:08",554,534,93595,0,,10.65,314.3,18.69,34.85,,1.1
"2025-12-04 16:50:09",555,535,93582,51.686322,5.066712,10.1,316.9,18.69,34.85,,1.1
"2025-12-04 16:50:11",556,536,93567,0,,10.55,320.4,18.72,34.85,,1
"2025-12-04 16:50:12",557,537,93560,51.686518,5.066385,10.55,310.4,18.71,34.85,,0.9
"2025-12-04 16:50:14",559,539,93538,0,,10.35,312,18.7,34.85,,0.9
"2025-12-04 16:50:15",560,540,93528,51.686707,5.066038,10.75,309.2,18.66,34.8,29.5,0.9
"2025-12-04 16:50:17",561,541,93518,0,,11.05,310.3,18.63,34.8,,0.9
"2025-12-04 16:50:18",561,541,93514,51.686905,5.065693,10.8,314.8,18.59,34.8,,0.8
"2025-12-04 16:50:20",563,543,93491,0,,10.8,309.7,18.57,34.9,,0.9
"2025-12-04 16:50:21",564,544,93480,51.687093,5.065358,10.05,313.4,18.55,34.9,,0.8
"2025-12-04 16:50:23",567,547,93446,0,,10.7,315.5,18.51,34.95,,0.9
"2025-12-04 16:50:24",569,549,93430,51.68728,5.065015,10.5,309.9,18.49,34.95,,1
"2025-12-04 16:50:25",570,550,93421,0,,11.55,314.1,18.48,35,,1
"2025-12-04 16:50:26",571,551,93412,0,,10.2,310.2,18.5,35,,1
"2025-12-04 16:50:27",571,551,93404,51.687472,5.064663,10.65,309.1,18.48,35.05,,1
"2025-12-04 16:50:28",572,552,93396,0,,10.65,316.7,18.46,35,,0.9
"2025-12-04 16:50:29",573,553,93389,0,,10.9,311.3,18.44,35.05,,0.9
"2025-12-04 16:50:30",573,553,93382,51.687672,5.064325,10.55,314.7,18.45,35.05,,1
"2025-12-04 16:50:31",575,555,93365,0,,10.4,314.6,18.45,35.1,,1.1
"2025-12-04 16:50:32",576,556,93348,0,,11.25,309.7,18.43,35.1,,1.1
"2025-12-04 16:50:33",578,558,93332,51.68787,5.063988,9.65,315.8,18.4,35.15,,1.1
"2025-12-04 16:50:34",578,558,93327,0,,10.15,311.5,18.39,35.1,,1.1
"2025-12-04 16:50:35",579,559,93323,0,,10.25,316.8,18.38,35.15,,0.9
"2025-12-04 16:50:36",579,559,93320,51.68806,5.063672,10.4,311.9,18.36,35.15,,0.8
"2025-12-04 16:50:37",580,560,93309,0,,10.7,310.3,18.35,35.2,,0.9
"2025-12-04 16:50:38",581,561,93298,0,,10.55,314.5,18.34,35.2,,0.9
"2025-12-04 16:50:39",582,562,93288,51.688248,5.063332,10.3,307.2,18.34,35.2,,0.9
"2025-12-04 16:50:40",584,564,93268,0,,10.6,315.7,18.34,35.2,,1
"2025-12-04 16:50:41",586,566,93248,0,,11.1,312.7,18.32,35.25,,1.1
"2025-12-04 16:50:42",588,568,93228,51.688442,5.062992,10.25,310.2,18.3,35.25,29.25,1.2
"2025-12-04 16:50:43",589,569,93215,0,,10.4,310.6,18.28,35.3,,1.2
"2025-12-04 16:50:44",590,570,93202,0,,9.85,315.3,18.27,35.3,,1.2
"2025-12-04 16:50:45",591,571,93190,51.68863,5.062665,10.7,313.9,18.26,35.35,,1.1
"2025-12-04 16:50:46",592,572,93184,0,,10.1,310.1,18.24,35.35,,1
"2025-12-04 16:50:47",592,572,93179,0,,10.25,315.5,18.2,35.35,,1.1
"2025-12-04 16:50:48",593,573,93174,51.688818,5.062332,10.7,310.2,18.18,35.4,,1.1
"2025-12-04 16:50:49",595,575,93146,0,,10.1,310.7,18.17,35.45,,1.2
"2025-12-04 16:50:50",598,578,93119,0,,10.7,315.8,18.15,35.45,,1.4
"2025-12-04 16:50:51",600,580,93092,51.68901,5.062,10.1,313.7,18.17,35.5,,1.5
"2025-12-04 16:50:53",603,583,93061,0,,10.4,314,18.16,35.55,,1.5
"2025-12-04 16:50:54",604,584,93046,51.689202,5.061662,10.1,314.6,18.16,35.55,,1.4
"2025-12-04 16:50:55",606,586,93028,0,,10.65,308.1,18.15,35.55,,1.4
"2025-12-04 16:50:56",608,588,93011,0,,10.15,312.7,18.15,35.6,,1.5
"2025-12-04 16:50:57",609,589,92994,51.68939,5.061325,10.85,316.2,18.14,35.6,,1.5
"2025-12-04 16:50:58",611,591,92978,0,,10.45,310,18.13,35.65,,1.6
"2025-12-04 16:50:59",612,592,92963,0,,11.05,316.8,18.13,35.65,,1.7
"2025-12-04 16:51:00",613,593,92948,51.689588,5.060987,10.45,309.6,18.13,35.7,,1.7
"2025-12-04 16:51:01",614,594,92938,0,,10.2,314.6,18.15,35.65,,1.7
"2025-12-04 16:51:02",615,595,92929,0,,10.85,318.9,18.15,35.65,,1.5
"2025-12-04 16:51:03",616,596,92920,51.689783,5.06066,10.1,306.7,18.13,35.7,,1.4
"2025-12-04 16:51:04",617,597,92906,0,,10.7,317.8,18.12,35.7,,1.3
"2025-12-04 16:51:05",619,599,92893,0,,10.2,312.5,18.07,35.75,,1.3
"2025-12-04 16:51:06",620,600,92880,51.689977,5.06034,10.35,315.3,18.06,35.75,,1.3
"2025-12-04 16:51:08",624,604,92829,0,,9.85,309.5,18.01,35.85,,1.4
"2025-12-04 16:51:09",627,607,92804,51.690167,5.06002,10.65,314.5,17.99,35.85,29,1.5
"2025-12-04 16:51:10",628,608,92788,0,,10.05,311.5,17.97,35.9,,1.5
"2025-12-04 16:51:11",630,610,92773,0,,11.1,317.2,17.97,35.9,,1.5
"2025-12-04 16:51:12",631,611,92758,51.69036,5.059697,9.9,311.2,17.95,35.95,,1.5
"2025-12-04 16:51:13",633,613,92737,0,,10.35,307.2,17.9,35.95,,1.5
"2025-12-04 16:51:14",635,615,92717,0,,10.8,314.7,17.88,35.95,,1.6
"2025-12-04 16:51:15",637,617,92698,51.69054,5.059358,9.45,308.7,17.88,36,,1.7
"2025-12-04 16:51:16",637,617,92690,0,,10.25,313.2,17.86,36,,1.7
"2025-12-04 16:51:17",638,618,92683,0,,10.75,312.8,17.84,36.05,,1.6
"2025-12-04 16:51:18",639,619,92676,51.690727,5.059025,10.3,307.9,17.83,36.05,,1.6
"2025-12-04 16:51:19",641,621,92649,0,,10.7,317.7,17.81,36.1,,1.6
"2025-12-04 16:51:20",644,624,92622,0,,10.1,312.3,17.77,36.1,,1.6
"2025-12-04 16:51:21",646,626,92596,51.690923,5.0587,10.85,316.4,17.75,36.15,,1.6
"2025-12-04 16:51:22",647,627,92583,0,,9.9,315.8,17.74,36.2,,1.6
"2025-12-04 16:51:23",648,628,92570,0,,9.9,312.4,17.72,36.2,,1.6
"2025-12-04 16:51:24",650,630,92558,51.691122,5.0584,10.25,322.1,17.69,36.25,,1.5
"2025-12-04 16:51:25",651,631,92544,0,,10.55,311.8,17.67,36.35,,1.5
"2025-12-04 16:51:26",652,632,92531,0,,10.35,318,17.65,36.35,,1.4
"2025-12-04 16:51:27",653,633,92518,51.691325,5.058083,10.9,313.9,17.65,36.4,,1.4
"2025-12-04 16:51:28",654,634,92508,0,,10.4,311.7,17.64,36.4,,1.4
"2025-12-04 16:51:29",655,635,92498,0,,10.15,320.3,17.61,36.45,,1.4
"2025-12-04 16:51:30",656,636,92488,51.691523,5.057765,10.5,311.7,17.6,36.45,,1.4
"2025-12-04 16:51:31",656,636,92484,0,,9.45,314.3,17.57,36.5,,1.4
"2025-12-04 16:51:32",657,637,92481,0,,10.35,313.8,17.55,36.5,,1.2
"2025-12-04 16:51:33",657,637,92478,51.691717,5.057452,10.8,317.4,17.54,36.55,,1
"2025-12-04 16:51:34",659,639,92455,0,,10,311.4,17.53,36.55,,1
"2025-12-04 16:51:35",661,641,92433,0,,10.85,317.8,17.52,36.55,,1.1
"2025-12-04 16:51:36",663,643,92412,51.69192,5.057142,9.65,318.9,17.52,36.55,28.75,1.1
"2025-12-04 16:51:37",664,644,92401,0,,10.85,317.2,17.5,36.55,,1.1
"2025-12-04 16:51:38",665,645,92390,0,,10.2,322.5,17.5,36.6,,1.1
"2025-12-04 16:51:39",666,646,92380,51.692127,5.05685,10.2,317.3,17.48,36.6,,1.1
"2025-12-04 16:51:40",667,647,92369,0,,10.2,313.7,17.48,36.65,,1.1
"2025-12-04 16:51:41",668,648,92359,0,,10.4,314.7,17.48,36.65,,1.1
"2025-12-04 16:51:42",669,649,92350,51.692325,5.056527,10.95,313.8,17.47,36.7,,1.1
"2025-12-04 16:51:43",670,650,92333,0,,9.7,312.2,17.46,36.65,,1.2
"2025-12-04 16:51:44",672,652,92316,0,,10.7,314.5,17.45,36.7,,1.3
"2025-12-04 16:51:45",673,653,92300,51.692515,5.0562,9.95,310.6,17.45,36.7,,1.4
"2025-12-04 16:51:46",674,654,92291,0,,10.15,315.8,17.44,36.7,,1.3
"2025-12-04 16:51:47",675,655,92282,0,,10.65,313.4,17.45,36.75,,1.2
"2025-12-04 16:51:48",676,656,92274,51.692707,5.055878,10.65,314.4,17.44,36.75,,1.1
"2025-12-04 16:51:49",676,656,92274,0,,10.6,313.3,17.42,36.7,,1
"2025-12-04 16:51:50",676,656,92274,0,,9.8,315.1,17.41,36.75,,0.9
"2025-12-04 16:51:51",676,656,92274,51.692903,5.055558,11.1,316,17.39,36.75,,0.8
"2025-12-04 16:51:53",680,660,92233,0,,10.65,316.4,17.36,36.8,,1
"2025-12-04 16:51:54",682,662,92212,51.6931,5.055248,9.9,311.6,17.36,36.85,,1.1
"2025-12-04 16:51:55",684,664,92190,0,,10.55,320.2,17.36,36.85,,1.1
"2025-12-04 16:51:56",686,666,92169,0,,10.8,311.5,17.35,36.85,,1.2
"2025-12-04 16:51:57",688,668,92148,51.693298,5.054933,9.85,316.2,17.35,36.8,,1.2
"2025-12-04 16:51:58",688,668,92141,0,,10.95,315.9,17.33,36.8,,1.1
"2025-12-04 16:51:59",689,669,92134,0,,9.7,314.9,17.35,36.8,,1.1
"2025-12-04 16:52:00",689,669,92128,51.693498,5.054623,10.6,318.6,17.33,36.75,,1.1
"2025-12-04 16:52:01",691,671,92108,0,,9.85,310,17.33,36.75,,1.2
"2025-12-04 16:52:02",693,673,92089,0,,10.4,315.2,17.32,36.75,,1.3
"2025-12-04 16:52:03",695,675,92070,51.693692,5.054295,11.1,314,17.3,36.75,28.5,1.5
"2025-12-04 16:52:04",696,676,92052,0,,10.4,316.6,17.3,36.75,,1.6
"2025-12-04 16:52:05",698,678,92035,0,,10.55,315.3,17.3,36.75,,1.5
"2025-12-04 16:52:06",700,680,92018,51.693895,5.053975,10,314.6,17.31,36.75,,1.5
"2025-12-04 16:52:08",701,681,92005,0,,10.75,314.4,17.31,36.8,,1.3
"2025-12-04 16:52:09",701,681,92000,51.694105,5.053645,10.9,319.4,17.31,36.75,,1.1
"2025-12-04 16:52:10",702,682,91989,0,,11.1,315.5,17.3,36.75,,1.2
"2025-12-04 16:52:11",703,683,91978,0,,10.6,313.6,17.28,36.7,,1.2
"2025-12-04 16:52:12",704,684,91968,51.694313,5.053312,11.25,314.2,17.26,36.75,,1.2
"2025-12-04 16:52:13",707,687,91943,0,,9.85,315,17.22,36.7,,1.3
"2025-12-04 16:52:14",709,689,91918,0,,10.95,317.8,17.21,36.7,,1.3
"2025-12-04 16:52:15",711,691,91894,51.69452,5.05299,11.2,315.1,17.2,36.75,,1.4
"2025-12-04 16:52:16",712,692,91885,0,,10.95,315.1,17.17,36.75,,1.3
"2025-12-04 16:52:17",713,693,91876,0,,11.4,314.3,17.16,36.8,,1.3
"2025-12-04 16:52:18",714,694,91868,51.694728,5.052653,9.9,317.2,17.16,36.8,,1.2
"2025-12-04 16:52:19",715,695,91848,0,,11.55,315.1,17.16,36.8,,1.2
"2025-12-04 16:52:20",717,697,91829,0,,10.7,315.3,17.14,36.85,,1.3
"2025-12-04 16:52:21",719,699,91810,51.694942,5.052332,10.45,320.1,17.12,36.85,,1.4
"2025-12-04 16:52:23",722,702,91783,0,,11.1,314.7,17.07,36.9,,1.5
"2025-12-04 16:52:24",723,703,91770,51.695148,5.051995,11.1,315,17.07,36.95,,1.5
"2025-12-04 16:52:25",723,703,91764,0,,10.2,317.4,17.03,37,,1.5
"2025-12-04 16:52:26",724,704,91759,0,,11.2,316.2,17.01,37,,1.3
"2025-12-04 16:52:27",724,704,91754,51.695357,5.051667,11,312.1,16.99,37.05,,1.2
"2025-12-04 16:52:28",726,706,91733,0,,,,16.99,37.05,,1.2
"2025-12-04 16:52:29",728,708,91712,0,,,,16.97,37.05,,1.3
"2025-12-04 16:52:30",730,710,91692,0,,,,16.96,37.1,28,1.4
"2025-12-04 16:52:31",731,711,91676,0,,,,16.94,37.1,,1.3
"2025-12-04 16:52:32",733,713,91661,0,,,,16.94,37.1,,1.3
"2025-12-04 16:52:33",734,714,91646,0,,,,16.93,37.15,,1.3
"2025-12-04 16:52:35",738,718,91611,0,,10.4,318.6,16.88,37.25,,1.3
"2025-12-04 16:52:36",739,719,91594,51.695988,5.05067,10.6,316.2,16.87,37.3,,1.4
"2025-12-04 16:52:38",742,722,91563,0,,10.5,315.8,16.84,37.3,,1.5
"2025-12-04 16:52:39",743,723,91548,51.696198,5.050353,10,317,16.87,37.35,,1.6
"2025-12-04 16:52:41",746,726,91517,0,,10.65,318.2,16.87,37.45,,1.5
"2025-12-04 16:52:42",748,728,91502,51.696412,5.050052,11.25,319.9,16.86,37.45,,1.5
"2025-12-04 16:52:44",750,730,91475,0,,10.65,319.1,16.86,37.45,,1.4
"2025-12-04 16:52:45",752,732,91462,51.696622,5.049733,11.6,316.4,16.84,37.45,,1.4
"2025-12-04 16:52:47",753,733,91447,0,,11.4,318.2,16.8,37.5,,1.3
"2025-12-04 16:52:48",754,734,91440,51.69684,5.049417,10.45,314.6,16.78,37.5,,1.2
"2025-12-04 16:52:50",757,737,91403,0,,11.45,316.6,16.73,37.5,,1.3
"2025-12-04 16:52:51",759,739,91384,51.697048,5.0491,10.4,320.6,16.73,37.5,,1.3
"2025-12-04 16:52:54",762,742,91346,51.697253,5.04877,9.8,314,16.68,37.6,,1.2
"2025-12-04 16:52:55",763,743,91335,0,,11.25,316,16.68,37.55,,1.2
"2025-12-04 16:52:56",764,744,91324,0,,9.65,316.2,16.67,37.6,,1.2
"2025-12-04 16:52:57",765,745,91314,51.697455,5.048453,11.1,315.2,16.67,37.6,28,1.2
"2025-12-04 16:52:58",766,746,91304,0,,10.95,317.3,16.66,37.65,,1.1
"2025-12-04 16:52:59",767,747,91295,0,,10.95,316,16.65,37.65,,1.1
"2025-12-04 16:53:00",768,748,91286,51.69767,5.048122,11.65,317.9,16.65,37.7,,1.2
"2025-12-04 16:53:01",770,750,91269,0,,10.5,315,16.62,37.7,,1.2
"2025-12-04 16:53:02",771,751,91252,0,,10.15,315.6,16.61,37.65,,1.2
"2025-12-04 16:53:03",773,753,91236,51.697875,5.047805,10.4,318.1,16.58,37.7,,1.2
"2025-12-04 16:53:04",774,754,91218,0,,10.45,317.2,16.58,37.7,,1.2
"2025-12-04 16:53:05",776,756,91201,0,,11.6,316.6,16.56,37.75,,1.2
"2025-12-04 16:53:06",778,758,91184,51.698088,5.047487,9.9,316.8,16.56,37.75,,1.3
"2025-12-04 16:53:07",779,759,91167,0,,10.9,317.6,16.56,37.75,,1.3
"2025-12-04 16:53:08",781,761,91151,0,,10.9,317.6,16.58,37.75,,1.3
"2025-12-04 16:53:09",782,762,91136,51.698302,5.047178,10.3,318.7,16.55,37.75,,1.4
"2025-12-04 16:53:10",783,763,91128,0,,11.6,314.1,16.52,37.8,,1.4
"2025-12-04 16:53:11",783,763,91121,0,,10.5,316.9,16.5,37.8,,1.4
"2025-12-04 16:53:12",784,764,91114,51.698512,5.046845,11.45,315.4,16.49,37.8,,1.3
"2025-12-04 16:53:13",786,766,91089,0,,10.75,320.8,16.44,37.85,,1.4
"2025-12-04 16:53:14",789,769,91065,0,,10.65,316.5,16.42,37.85,,1.5
"2025-12-04 16:53:15",791,771,91042,51.698727,5.046527,11.2,312.7,16.41,37.9,,1.5
"2025-12-04 16:53:16",792,772,91029,0,,,,16.41,37.95,,1.5
"2025-12-04 16:53:17",793,773,91016,0,,,,16.39,37.95,,1.4
"2025-12-04 16:53:18",794,774,91004,0,,,,16.35,38,,1.4
"2025-12-04 16:53:19",796,776,90989,0,,10.5,318.8,16.33,38,,1.4
"2025-12-04 16:53:20",797,777,90975,0,,9.9,315,16.31,38.05,,1.4
"2025-12-04 16:53:21",798,778,90962,51.699135,5.045887,10.2,320.3,16.29,38.1,,1.4
"2025-12-04 16:53:23",803,783,90912,0,,10.6,322.4,16.23,38.1,,1.6
"2025-12-04 16:53:24",805,785,90888,51.69935,5.045587,10.2,317.6,16.23,38.15,27.75,1.8
"2025-12-04 16:53:25",808,788,90864,0,,9.9,317.3,16.23,38.15,,1.8
"2025-12-04 16:53:26",810,790,90841,0,,10.55,323.7,16.23,38.25,,1.8
"2025-12-04 16:53:27",812,792,90818,51.699558,5.045302,9.85,317.8,16.23,38.25,,1.7
"2025-12-04 16:53:28",813,793,90804,0,,10.9,319.7,16.22,38.25,,1.8
"2025-12-04 16:53:29",814,794,90791,0,,10.7,315.3,16.2,38.25,,1.8
"2025-12-04 16:53:30",816,796,90778,51.69977,5.044997,10.2,322.4,16.21,38.3,,1.8
"2025-12-04 16:53:31",817,797,90762,0,,10.95,318.8,16.2,38.35,,1.8
"2025-12-04 16:53:32",819,799,90745,0,,10.85,319.4,16.18,38.35,,1.8
"2025-12-04 16:53:33",820,800,90728,51.699992,5.044698,10.4,321.2,16.17,38.35,,1.8
"2025-12-04 16:53:34",822,802,90713,0,,9.65,313.6,16.19,38.4,,1.8
"2025-12-04 16:53:35",823,803,90698,0,,9.95,323.3,16.17,38.4,,1.8
"2025-12-04 16:53:36",824,804,90684,51.700193,5.044417,9.95,316.8,16.15,38.4,,1.7
"2025-12-04 16:53:38",827,807,90657,0,,10.65,323.3,16.1,38.4,,1.5
"2025-12-04 16:53:39",828,808,90644,51.700417,5.044138,9.65,323,16.07,38.4,,1.4
"2025-12-04 16:53:40",830,810,90623,0,,10.3,329.1,16.06,38.4,,1.4
"2025-12-04 16:53:41",832,812,90602,0,,9.2,321.7,16.08,38.45,,1.5
"2025-12-04 16:53:42",834,814,90582,51.700632,5.0439,9.4,325.9,16.07,38.45,,1.5
"2025-12-04 16:53:43",835,815,90567,0,,10.7,321.1,16.06,38.45,,1.5
"2025-12-04 16:53:44",837,817,90553,0,,10.55,326.9,16.03,38.45,,1.5
"2025-12-04 16:53:45",838,818,90540,51.700862,5.043642,10.45,326.6,16,38.45,,1.5
"2025-12-04 16:53:46",840,820,90524,0,,10.15,324.6,16.02,38.5,,1.5
"2025-12-04 16:53:47",841,821,90508,0,,10.45,323.2,16,38.5,,1.5
"2025-12-04 16:53:48",843,823,90492,51.701085,5.043377,10.55,319,16,38.55,,1.5
"2025-12-04 16:53:49",843,823,90484,0,,10.2,323.8,16.02,38.55,,1.4
"2025-12-04 16:53:50",844,824,90477,0,,11.3,322.6,16.02,38.55,,1.4
"2025-12-04 16:53:51",845,825,90470,51.701307,5.043098,9.55,321.1,15.99,38.55,27.5,1.4
"2025-12-04 16:53:52",846,826,90455,0,,,,16,38.55,,1.3
"2025-12-04 16:53:53",847,827,90441,0,,,,15.99,38.55,,1.3
"2025-12-04 16:53:54",849,829,90428,0,,,,15.98,38.55,,1.2
"2025-12-04 16:53:55",850,830,90415,0,,,,15.97,38.55,,1.2
"2025-12-04 16:53:56",851,831,90403,0,,,,15.95,38.55,,1.2
"2025-12-04 16:53:57",852,832,90392,0,,,,15.94,38.6,,1.2
"2025-12-04 16:53:58",854,834,90370,0,,9.55,324.3,15.93,38.6,,1.2
"2025-12-04 16:53:59",856,836,90349,0,,9.45,324.2,15.91,38.6,,1.2
"2025-12-04 16:54:00",858,838,90328,51.701958,5.042287,10.75,320,15.89,38.6,,1.3
"2025-12-04 16:54:02",861,841,90293,0,,10.95,319.4,15.84,38.65,,1.4
"2025-12-04 16:54:03",863,843,90276,51.70217,5.042005,9.7,319.3,15.87,38.7,,1.5
"2025-12-04 16:54:04",864,844,90261,0,,10.3,317.7,15.83,38.75,,1.5
"2025-12-04 16:54:05",866,846,90246,0,,11.65,321.7,15.79,38.75,,1.5
"2025-12-04 16:54:06",867,847,90232,51.702387,5.041705,9.75,319.2,15.77,38.8,,1.5
"2025-12-04 16:54:07",868,848,90219,0,,11.6,317.6,15.75,38.85,,1.5
"2025-12-04 16:54:08",869,849,90206,0,,9.45,318.9,15.78,38.9,,1.5
"2025-12-04 16:54:09",871,851,90194,51.702598,5.0414,11.5,318.4,15.76,38.9,,1.6
"2025-12-04 16:54:10",872,852,90183,0,,10.75,319.7,15.72,38.9,,1.5
"2025-12-04 16:54:11",873,853,90172,0,,9.9,320.8,15.69,38.9,,1.4
"2025-12-04 16:54:12",874,854,90162,51.70282,5.041107,11.1,323.6,15.65,38.95,,1.3
"2025-12-04 16:54:13",875,855,90144,0,,9.4,319.9,15.64,39,,1.3
"2025-12-04 16:54:14",877,857,90125,0,,11.15,323.6,15.64,39,,1.4
"2025-12-04 16:54:15",879,859,90106,51.703042,5.040837,9.8,326.1,15.62,39.05,,1.4
"2025-12-04 16:54:16",881,861,90080,0,,10.45,321.8,15.61,39.1,,1.4
"2025-12-04 16:54:17",884,864,90055,0,,10.85,319.1,15.6,39.1,,1.5
"2025-12-04 16:54:18",886,866,90030,51.703262,5.040563,9.65,324.8,15.59,39.15,27,1.6
"2025-12-04 16:54:19",888,868,90013,0,,11.1,320.6,15.55,39.15,,1.6
"2025-12-04 16:54:20",889,869,89997,0,,9.75,322.6,15.58,39.15,,1.6
"2025-12-04 16:54:21",891,871,89982,51.703482,5.04029,10.7,323.4,15.55,39.2,,1.6
"2025-12-04 16:54:22",893,873,89962,0,,10.65,318.1,15.54,39.25,,1.7
"2025-12-04 16:54:23",894,874,89943,0,,10.25,327.5,15.53,39.25,,1.8
"2025-12-04 16:54:24",896,876,89924,51.703703,5.040007,10.6,318.3,15.51,39.25,,1.8
"2025-12-04 16:54:25",899,879,89899,0,,,,15.49,39.3,,1.9
"2025-12-04 16:54:26",901,881,89875,0,,,,15.47,39.3,,2
"2025-12-04 16:54:27",903,883,89852,0,,,,15.45,39.35,,2
"2025-12-04 16:54:28",905,885,89829,0,,10.35,323.3,15.43,39.4,,2
"2025-12-04 16:54:29",907,887,89807,0,,10.55,320.6,15.39,39.4,,1.9
"2025-12-04 16:54:30",909,889,89786,51.704157,5.039453,10.65,326.2,15.37,39.45,,1.9
"2025-12-04 16:54:31",910,890,89774,0,,11.15,322.1,15.36,39.45,,1.9
"2025-12-04 16:54:32",911,891,89763,0,,11.1,328.9,15.37,39.5,,1.8
"2025-12-04 16:54:33",912,892,89752,51.704398,5.039183,10.55,323.5,15.36,39.5,,1.8
"2025-12-04 16:54:34",914,894,89733,0,,11.3,322.1,15.33,39.55,,1.8
"2025-12-04 16:54:35",916,896,89714,0,,10.3,329.2,15.31,39.55,,1.8
"2025-12-04 16:54:36",918,898,89696,51.704635,5.038912,10.7,321.2,15.31,39.6,,1.8
"2025-12-04 16:54:38",923,903,89639,0,,10,325.4,15.25,39.6,,1.9
"2025-12-04 16:54:39",926,906,89610,51.70487,5.038645,11.5,324.8,15.21,39.65,,1.9
"2025-12-04 16:54:40",928,908,89588,0,,9.75,326.4,15.2,39.7,,1.9
"2025-12-04 16:54:41",930,910,89567,0,,11,326,15.2,39.7,,1.9
"2025-12-04 16:54:42",932,912,89546,51.70511,5.038387,10.85,327.3,15.2,39.75,,1.9
"2025-12-04 16:54:49",944,924,89418,0,,10.9,328.8,15.13,39.9,,2
"2025-12-04 16:54:50",946,926,89400,0,,9.75,321.2,15.11,39.9,,1.9
"2025-12-04 16:54:51",948,928,89382,51.705792,5.037583,10.75,325.9,15.11,39.95,,1.8
"2025-12-04 16:54:53",951,931,89345,0,,10.9,327.1,15.06,39.95,,1.8
"2025-12-04 16:54:54",953,933,89326,51.706035,5.03733,11.05,328.9,15.03,40,,1.8
"2025-12-04 16:54:55",955,935,89301,0,,10,322,15,40.05,,1.8
"2025-12-04 16:54:56",958,938,89276,0,,10.65,327.2,14.98,40.05,,1.8
"2025-12-04 16:54:57",960,940,89252,51.706267,5.037072,10.75,324,14.95,40.1,,1.9
"2025-12-04 16:54:58",962,942,89229,0,,10.55,327.4,14.94,40.15,,1.9
"2025-12-04 16:54:59",964,944,89207,0,,10.25,323.5,14.91,40.2,,1.9
"2025-12-04 16:55:00",966,946,89186,51.706497,5.036808,10.95,319.8,14.89,40.25,,1.9
"2025-12-04 16:55:01",968,948,89164,0,,11.5,331.6,14.87,40.3,,1.9
"2025-12-04 16:55:02",970,950,89142,0,,11.4,326,14.84,40.3,,2
"2025-12-04 16:55:03",973,953,89120,51.706752,5.036543,10.85,328.3,14.84,40.35,,2.1
"2025-12-04 16:55:05",975,955,89093,0,,10.45,327.1,14.81,40.4,,2
"2025-12-04 16:55:06",976,956,89080,51.707002,5.036297,10.95,332.9,14.78,40.4,,1.9
"2025-12-04 16:55:08",982,962,89023,0,,11.35,331.6,14.76,40.45,,2
"2025-12-04 16:55:09",984,964,88996,51.707257,5.03605,10.9,326.1,14.73,40.5,,2
"2025-12-04 16:55:11",987,967,88966,0,,11.2,327.1,14.67,40.55,,1.9
"2025-12-04 16:55:12",989,969,88952,51.7075,5.0358,10.45,326.4,14.63,40.6,26.5,1.9
"2025-12-04 16:55:14",995,975,88882,0,,10.6,322.5,14.57,40.7,,2.1
"2025-12-04 16:55:15",999,979,88848,51.707742,5.035542,10.6,329.4,14.54,40.75,,2.2
"2025-12-04 16:55:17",1003,983,88801,0,,9.9,327.2,14.52,40.85,,2.3
"2025-12-04 16:55:18",1005,985,88778,51.707975,5.035292,10.95,326.7,14.51,40.9,,2.4
"2025-12-04 16:55:20",1010,990,88726,0,,10.6,326.3,14.44,,,2.4
"2025-12-04 16:55:21",1013,993,88700,51.708207,5.035035,10.95,326.2,14.41,41,,2.3
"2025-12-04 16:55:24",1018,998,88640,51.70845,5.034767,10.75,322.3,14.34,41.1,,2.5
"2025-12-04 16:55:25",1021,1001,88608,0,,11.05,323.2,14.32,41.15,,2.5
"2025-12-04 16:55:26",1024,1004,88577,0,,10.15,321.1,14.29,41.2,,2.4
"2025-12-04 16:55:27",1027,1007,88546,51.708678,5.03449,10.6,325.7,14.27,41.25,,2.4
"2025-12-04 16:55:28",1030,1010,88520,0,,10,321,14.27,41.3,,2.4
"2025-12-04 16:55:29",1032,1012,88495,0,,10.45,322,14.22,41.3,,2.4
"2025-12-04 16:55:30",1035,1015,88470,51.708903,5.034218,11.1,326.3,14.21,41.35,,2.4
"2025-12-04 16:55:34",1043,1023,88382,0,,11.15,323.6,14.11,41.55,,2.3
"2025-12-04 16:55:35",1045,1025,88360,0,,10.7,323.4,14.12,41.55,,2.3
"2025-12-04 16:55:36",1047,1027,88338,51.709377,5.03366,10.95,318.5,14.09,41.6,,2.3
"2025-12-04 16:55:37",1050,1030,88311,0,,11.4,325.7,14.05,41.7,,2.4
"2025-12-04 16:55:38",1052,1032,88284,0,,11.05,319.4,14.04,41.7,,2.4
"2025-12-04 16:55:39",1055,1035,88258,51.709615,5.03336,11.45,322.8,14.04,41.75,26,2.4
"2025-12-04 16:55:40",1058,1038,88226,0,,11.65,325.1,14.01,41.8,,2.4
"2025-12-04 16:55:41",1061,1041,88195,0,,11.3,320.5,14.01,41.8,,2.4
"2025-12-04 16:55:42",1064,1044,88164,51.709865,5.033065,11.55,329,14.02,41.85,,2.5
"2025-12-04 16:55:43",1066,1046,88141,0,,11.55,329,13.98,41.85,,2.4
"2025-12-04 16:55:44",1068,1048,88119,0,,12.05,326.7,13.96,41.85,,2.4
"2025-12-04 16:55:45",1070,1050,88098,51.710118,5.032773,11.15,324.3,13.98,41.9,,2.4
"2025-12-04 16:55:46",1073,1053,88075,0,,11.15,324.3,13.96,41.9,,2.5
"2025-12-04 16:55:47",1075,1055,88052,0,,11.15,325.6,13.96,41.9,,2.5
"2025-12-04 16:55:48",1077,1057,88030,51.71036,5.03247,11.25,322.3,13.92,41.95,,2.5
"2025-12-04 16:55:49",1079,1059,88011,0,,11.3,322.3,13.88,42,,2.4
"2025-12-04 16:55:50",1080,1060,87992,0,,11.05,325.5,13.86,42,,2.3
"2025-12-04 16:55:51",1082,1062,87974,51.710607,5.032177,11.1,322.6,13.85,42.05,,2.3
"2025-12-04 16:55:53",1087,1067,87923,0,,11.9,320.6,13.8,42.15,,2.2
"2025-12-04 16:55:54",1090,1070,87898,51.710848,5.03188,11.3,325,13.76,42.15,,2.1
"2025-12-04 16:55:55",1092,1072,87872,0,,10.45,323.5,13.73,42.2,,2.2
"2025-12-04 16:55:56",1094,1074,87847,0,,11.8,325.2,13.73,42.2,,2.2
"2025-12-04 16:55:57",1097,1077,87822,51.711093,5.0316,11.2,327.6,13.71,42.25,,2.2
"2025-12-04 16:55:58",1099,1079,87799,0,,11.2,327.6,13.68,42.3,,2.2
"2025-12-04 16:55:59",1101,1081,87777,0,,11.2,327.6,13.65,42.35,,2.2
"2025-12-04 16:56:00",1103,1083,87756,51.711348,5.03131,11.65,326.3,13.63,42.35,,2.2
"2025-12-04 16:56:01",1105,1085,87739,0,,12.15,325.1,13.6,42.4,,2.2
"2025-12-04 16:56:02",1106,1086,87723,0,,10.75,325.5,13.59,42.45,,2.2
"2025-12-04 16:56:03",1108,1088,87708,51.711602,5.031028,11.05,324.9,13.57,42.5,,2.1
"2025-12-04 16:56:05",1112,1092,87669,0,,11.8,326.2,13.53,42.55,,2.1
"2025-12-04 16:56:06",1113,1093,87650,51.711857,5.03075,11.8,327.6,13.51,42.6,25.75,2
"2025-12-04 16:56:08",1117,1097,87612,0,,11.45,328.6,13.47,42.6,,1.9
"2025-12-04 16:56:09",1119,1099,87594,51.712115,5.030485,10.6,326,13.48,42.6,,1.9
"2025-12-04 16:56:10",1120,1100,87577,0,,11.75,325,13.46,42.65,,1.8
"2025-12-04 16:56:11",1122,1102,87561,0,,11.55,325.6,13.45,42.65,,1.8
"2025-12-04 16:56:12",1123,1103,87546,51.712365,5.030213,10,329.1,13.43,42.65,,1.7
"2025-12-04 16:56:13",1125,1105,87526,0,,11.6,327.1,13.4,42.65,,1.7
"2025-12-04 16:56:14",1127,1107,87507,0,,9.95,333.7,13.42,42.7,,1.7
"2025-12-04 16:56:15",1129,1109,87488,51.712615,5.029975,11.3,327.8,13.43,42.75,,1.8
"2025-12-04 16:56:17",1130,1110,87474,0,,11.2,329.4,13.4,42.8,,1.6
"2025-12-04 16:56:18",1131,1111,87468,51.712875,5.029713,12.05,329,13.37,42.8,,1.5
"2025-12-04 16:56:19",1134,1114,87439,0,,10.15,330.8,13.33,42.8,,1.6
"2025-12-04 16:56:20",1137,1117,87410,0,,11.3,328,13.32,42.8,,1.6
"2025-12-04 16:56:21",1139,1119,87382,51.713127,5.029468,10.55,326.8,13.32,42.85,,1.7
"2025-12-04 16:56:22",1141,1121,87369,0,,,,13.3,42.9,,1.7
"2025-12-04 16:56:23",1142,1122,87356,0,,,,13.26,42.9,,1.6
"2025-12-04 16:56:24",1143,1123,87344,0,,,,13.24,42.95,,1.6
"2025-12-04 16:56:25",1145,1125,87325,0,,11.85,329.8,13.22,43,,1.6
"2025-12-04 16:56:26",1146,1126,87307,0,,11.5,332.1,13.22,43.05,,1.6
"2025-12-04 16:56:27",1148,1128,87290,51.713648,5.028993,10.35,331.2,13.21,43.1,,1.6
"2025-12-04 16:56:28",1150,1130,87275,0,,11.45,332.8,13.16,43.15,,1.6
"2025-12-04 16:56:29",1151,1131,87261,0,,10.9,337.6,13.14,43.2,,1.7
"2025-12-04 16:56:30",1152,1132,87248,51.713915,5.02878,11.3,330,13.12,43.25,,1.8
"2025-12-04 16:56:34",1157,1137,87194,0,,9.85,337.2,13.07,43.3,,1.4
"2025-12-04 16:56:35",1159,1139,87181,0,,11.3,328.5,13.07,43.35,,1.4
"2025-12-04 16:56:36",1160,1140,87168,51.714428,5.028342,10.2,331.4,13.06,43.35,,1.4
"2025-12-04 16:56:37",1163,1143,87141,0,,11.05,329.2,13.03,43.35,,1.5
"2025-12-04 16:56:38",1165,1145,87114,0,,10.35,336.5,13.01,43.35,,1.6
"2025-12-04 16:56:39",1168,1148,87088,51.714685,5.028132,10.85,335.6,13.01,43.4,,1.6
"2025-12-04 16:56:40",1170,1150,87068,0,,11.05,328.8,13,43.4,,1.7
"2025-12-04 16:56:41",1172,1152,87049,0,,12.15,331.5,13,43.4,,1.7
"2025-12-04 16:56:42",1173,1153,87030,51.71496,5.027895,12.15,333.4,12.96,43.45,,1.7
"2025-12-04 16:56:44",1176,1156,87000,0,,11.95,337,12.92,43.55,,1.7
"2025-12-04 16:56:45",1178,1158,86986,51.715228,5.027665,11.05,331.9,12.89,43.55,,1.7
"2025-12-04 16:56:46",1179,1159,86967,0,,11.55,329.7,12.87,43.6,,1.8
"2025-12-04 16:56:47",1181,1161,86949,0,,12.15,336.8,12.86,43.6,,1.9
"2025-12-04 16:56:48",1183,1163,86932,51.715502,5.027433,10.6,327.5,12.86,43.65,,1.9
"2025-12-04 16:56:49",1185,1165,86914,0,,11.45,336.8,12.83,43.7,,1.8
"2025-12-04 16:56:50",1186,1166,86897,0,,10.9,332,12.81,43.75,,1.8
"2025-12-04 16:56:51",1188,1168,86880,51.715773,5.02721,12.3,331.6,12.78,43.8,,1.7
"2025-12-04 16:56:53",1190,1170,86859,0,,12.1,324.8,12.79,43.8,,1.5
"2025-12-04 16:56:54",1191,1171,86850,51.716047,5.026955,11.5,333,12.77,43.85,,1.4
"2025-12-04 16:56:55",1193,1173,86824,0,,10.95,332.1,12.74,43.9,,1.5
"2025-12-04 16:56:56",1196,1176,86799,0,,12.2,331.6,12.73,43.9,,1.6
"2025-12-04 16:56:57",1198,1178,86774,51.71632,5.026723,10.65,335.2,12.74,43.95,,1.7
"2025-12-04 16:56:58",1200,1180,86753,0,,11.6,329.1,12.72,43.95,,1.7
"2025-12-04 16:56:59",1202,1182,86732,0,,11.5,331.8,12.69,43.95,,1.8
"2025-12-04 16:57:00",1204,1184,86712,51.716588,5.026487,10.6,332.4,12.7,44,25,1.8
"2025-12-04 16:57:01",1206,1186,86691,0,,12.2,330.6,12.69,44.05,,1.8
"2025-12-04 16:57:02",1208,1188,86670,0,,10.3,335.8,12.66,44.1,,1.8
"2025-12-04 16:57:03",1210,1190,86650,51.716858,5.02626,11.9,330.9,12.63,44.1,,1.9
"2025-12-04 16:57:04",1212,1192,86633,0,,11.25,333.5,12.6,44.1,,1.8
"2025-12-04 16:57:05",1214,1194,86616,0,,10.55,337.5,12.6,44.1,,2
"2025-12-04 16:57:06",1215,1195,86600,51.717133,5.026037,12.35,328.6,12.6,44.15,,2
"2025-12-04 16:57:08",1219,1199,86561,0,,12,332.1,12.58,44.2,,1.9
"2025-12-04 16:57:09",1221,1201,86542,51.717405,5.025807,10.4,332.1,12.58,44.25,,1.9
"2025-12-04 16:57:10",1222,1202,86526,0,,11,337.3,12.57,44.25,,1.9
"2025-12-04 16:57:11",1224,1204,86510,0,,11.35,328.8,12.55,44.25,,1.8
"2025-12-04 16:57:12",1225,1205,86494,51.717673,5.025587,11.8,333.4,12.51,44.25,,1.8
"2025-12-04 16:57:13",1226,1206,86483,0,,11.35,334.4,12.49,44.3,,1.7
"2025-12-04 16:57:14",1227,1207,86473,0,,10.9,333.8,12.45,44.3,,1.6
"2025-12-04 16:57:15",1228,1208,86464,51.717942,5.025377,10.2,333.5,12.43,44.35,,1.6
"2025-12-04 16:57:16",1231,1211,86433,0,,10.9,335.6,12.4,44.4,,1.6
"2025-12-04 16:57:17",1234,1214,86403,0,,10.65,336.8,12.4,44.45,,1.7
"2025-12-04 16:57:18",1237,1217,86374,51.718208,5.025187,11.05,335.5,12.39,44.5,,1.8
"2025-12-04 16:57:19",1239,1219,86358,0,,10.9,331.6,12.38,44.5,,1.8
"2025-12-04 16:57:20",1240,1220,86343,0,,10.45,335.2,12.36,44.55,,1.8
"2025-12-04 16:57:21",1242,1222,86328,51.718463,5.024975,10.2,327.6,12.33,44.6,,1.8
"2025-12-04 16:57:23",1244,1224,86299,0,,10.25,329.6,12.32,44.65,,1.7
"2025-12-04 16:57:24",1246,1226,86286,51.718705,5.024765,10,329.9,12.32,44.7,,1.7
"2025-12-04 16:57:25",1248,1228,86259,0,,11.05,333.5,12.3,44.75,,1.8
"2025-12-04 16:57:26",1251,1231,86233,0,,10.6,327,12.29,44.75,,1.9
"2025-12-04 16:57:27",1253,1233,86208,51.71896,5.02454,11.35,335.1,12.32,44.8,24.75,2.1
"2025-12-04 16:57:28",1255,1235,86191,0,,10.5,332.3,12.32,44.75,,2
"2025-12-04 16:57:29",1257,1237,86174,0,,9.95,328.4,12.32,44.8,,1.9
"2025-12-04 16:57:30",1258,1238,86158,51.719215,5.024325,11.7,336.9,12.33,44.8,,1.7
"2025-12-04 16:57:31",1260,1240,86144,0,,10.55,331,12.3,44.85,,1.7
"2025-12-04 16:57:32",1261,1241,86130,0,,10.25,333.8,12.29,44.8,,1.7
"2025-12-04 16:57:33",1262,1242,86116,51.719478,5.02411,11.85,331.8,12.26,44.8,,1.7
"2025-12-04 16:57:35",1267,1247,86067,0,,11.15,332,12.18,44.8,,1.9
"2025-12-04 16:57:36",1269,1249,86044,51.719745,5.023902,11.1,335.3,12.14,44.85,,2
"2025-12-04 16:57:39",1275,1255,85990,51.720005,5.023705,8.95,335.8,12.09,44.95,,1.8
"2025-12-04 16:57:41",1280,1260,85939,0,,10.6,336.7,12.02,45.05,,1.9
"2025-12-04 16:57:42",1282,1262,85914,51.720263,5.023515,10.45,337.3,12,45.1,,2
"2025-12-04 16:57:44",1286,1266,85871,0,,10.3,337.6,11.96,45.2,,2.1
"2025-12-04 16:57:45",1288,1268,85850,51.720535,5.023312,10.55,329,11.96,45.25,,2.1
"2025-12-04 16:57:47",1292,1272,85811,0,,9.75,327.6,11.9,45.4,,2.1
"2025-12-04 16:57:48",1294,1274,85792,51.7208,5.023103,11.75,337,11.86,45.4,,2.1
"2025-12-04 16:57:50",1298,1278,85747,0,,10.65,332.9,11.84,45.5,,2.1
"2025-12-04 16:57:51",1300,1280,85726,51.721065,5.022913,12.05,341.4,11.82,45.55,,2.1
"2025-12-04 16:57:53",1303,1283,85698,0,,12,337.5,11.82,45.6,,2
"2025-12-04 16:57:54",1305,1285,85684,51.721345,5.022697,11.2,331.8,11.8,45.65,24.25,1.9
"2025-12-04 16:57:55",1306,1286,85673,0,,11.55,335,11.79,45.7,,1.8
"2025-12-04 16:57:56",1307,1287,85662,0,,11.55,338.5,11.79,45.7,,1.7
"2025-12-04 16:57:57",1308,1288,85652,51.721622,5.022488,10.8,330.4,11.76,45.75,,1.6
"2025-12-04 16:57:58",1309,1289,85640,0,,11.4,343.1,11.76,45.8,,1.6
"2025-12-04 16:57:59",1310,1290,85629,0,,10.75,330.8,11.76,45.8,,1.5
"2025-12-04 16:58:00",1311,1291,85618,51.721893,5.022292,11.35,334.3,11.74,45.85,,1.4
"2025-12-04 16:58:01",1313,1293,85597,0,,11.05,338.1,11.71,45.85,,1.5
"2025-12-04 16:58:02",1315,1295,85576,0,,10.1,331.7,11.69,45.9,,1.4
"2025-12-04 16:58:03",1317,1297,85556,51.722163,5.022095,12.1,338.8,11.65,45.9,,1.4
"2025-12-04 16:58:04",1319,1299,85541,0,,10.85,334.9,11.62,45.95,,1.4
"2025-12-04 16:58:05",1320,1300,85526,0,,11.05,335.7,11.6,46,,1.4
"2025-12-04 16:58:06",1321,1301,85512,51.722438,5.0219,11,337.5,11.59,46.05,,1.4
"2025-12-04 16:58:07",1323,1303,85494,0,,11,334.9,11.56,46.1,,1.5
"2025-12-04 16:58:08",1325,1305,85477,0,,12.4,340.1,11.55,46.15,,1.5
"2025-12-04 16:58:09",1327,1307,85460,51.722727,5.021703,11.85,334.1,11.55,46.2,,1.6
"2025-12-04 16:58:10",1327,1307,85453,0,,12.45,338,11.55,46.2,,1.5
"2025-12-04 16:58:11",1328,1308,85446,0,,11.9,335.9,11.54,46.2,,1.5
"2025-12-04 16:58:12",1329,1309,85440,51.723022,5.021492,11.25,335,11.54,46.25,,1.5
"2025-12-04 16:58:13",1331,1311,85417,0,,12.3,335.7,11.52,46.3,,1.5
"2025-12-04 16:58:14",1333,1313,85393,0,,11.25,331,11.51,46.3,,1.5
"2025-12-04 16:58:15",1335,1315,85370,51.723308,5.021273,12.15,338.9,11.52,46.35,,1.6
"2025-12-04 16:58:16",1337,1317,85355,0,,11.8,338.1,11.51,46.35,,1.5
"2025-12-04 16:58:17",1338,1318,85340,0,,12,332.8,11.49,46.35,,1.5
"2025-12-04 16:58:18",1340,1320,85326,51.723602,5.021063,11.6,334.6,11.48,46.4,,1.5
"2025-12-04 16:58:20",1343,1323,85289,0,,12.35,341.4,11.47,46.4,,1.6
"2025-12-04 16:58:21",1345,1325,85272,51.723892,5.020867,11.1,335,11.48,46.45,24,1.6
"2025-12-04 16:58:22",1346,1326,85261,0,,11.45,336,11.48,46.45,,1.5
"2025-12-04 16:58:23",1347,1327,85251,0,,10.65,340.1,11.47,46.45,,1.5
"2025-12-04 16:58:24",1348,1328,85242,51.724172,5.020675,12.25,336.1,11.44,46.4,,1.6
"2025-12-04 16:58:25",1349,1329,85234,0,,11.1,342.5,11.4,46.4,,1.5
"2025-12-04 16:58:26",1349,1329,85227,0,,11.2,334.3,11.39,46.4,,1.4
"2025-12-04 16:58:27",1350,1330,85220,51.72445,5.020493,10.6,338,11.37,46.4,,1.2
"2025-12-04 16:58:28",1353,1333,85193,0,,11.95,338.3,11.37,46.4,,1.3
"2025-12-04 16:58:29",1355,1335,85166,0,,10.95,337.5,11.34,46.45,,1.4
"2025-12-04 16:58:30",1358,1338,85140,51.724727,5.020308,10.3,339.7,11.36,46.45,,1.5
"2025-12-04 16:58:31",1360,1340,85123,0,,12.55,336,11.36,46.5,,1.5
"2025-12-04 16:58:32",1361,1341,85106,0,,10.25,337.5,11.32,46.45,,1.5
"2025-12-04 16:58:33",1363,1343,85090,51.725007,5.02012,11.55,336.6,11.31,46.5,,1.5
"2025-12-04 16:58:34",1364,1344,85077,0,,10.4,333.8,11.32,46.45,,1.5
"2025-12-04 16:58:35",1365,1345,85064,0,,10.9,337.8,11.32,46.5,,1.5
"2025-12-04 16:58:36",1367,1347,85052,51.725277,5.019922,11.75,332.8,11.32,46.5,,1.6
"2025-12-04 16:58:38",1370,1350,85019,0,,12.4,338,11.3,46.55,,1.7
"2025-12-04 16:58:39",1371,1351,85004,51.725555,5.019732,10.2,339.6,11.28,46.55,,1.8
"2025-12-04 16:58:40",1373,1353,84984,0,,11.65,339.4,11.26,46.55,,1.8
"2025-12-04 16:58:41",1375,1355,84964,0,,12.2,337.5,11.23,46.55,,1.7
"2025-12-04 16:58:42",1377,1357,84944,51.72584,5.019552,10.15,339.2,11.25,46.55,,1.7
"2025-12-04 16:58:43",1379,1359,84928,0,,11.75,336.7,11.23,46.55,,1.6
"2025-12-04 16:58:44",1380,1360,84913,0,,11,338.1,11.21,46.55,,1.6
"2025-12-04 16:58:45",1382,1362,84898,51.726123,5.019365,12.35,338.3,11.2,46.55,,1.6
"2025-12-04 16:58:46",1383,1363,84883,0,,10.6,338.8,11.18,46.6,,1.6
"2025-12-04 16:58:47",1385,1365,84868,0,,11.25,339.1,11.17,46.55,,1.6
"2025-12-04 16:58:48",1386,1366,84854,51.726408,5.019185,12.15,336.6,11.15,46.55,23.75,1.6
"2025-12-04 16:58:49",1387,1367,84848,0,,10.05,341.4,11.12,46.6,,1.5
"2025-12-04 16:58:50",1387,1367,84843,0,,12.35,335.3,11.09,46.6,,1.5
"2025-12-04 16:58:51",1388,1368,84838,51.72669,5.019,11.05,338.1,11.07,46.65,,1.4
"2025-12-04 16:58:53",1394,1374,84779,0,,12.65,340.8,11.03,46.7,,1.5
"2025-12-04 16:58:54",1397,1377,84750,51.726978,5.018822,10.1,339.1,11.03,46.75,,1.6
"2025-12-04 16:58:55",1397,1377,84745,0,,12.25,339.2,11.02,46.8,,1.5
"2025-12-04 16:58:56",1397,1377,84740,0,,11.35,340.1,11.01,46.85,,1.4
"2025-12-04 16:58:57",1398,1378,84736,51.727267,5.018642,11.45,334.1,10.99,46.85,,1.3
"2025-12-04 16:58:58",1400,1380,84714,0,,11.85,343.1,10.95,46.9,,1.4
"2025-12-04 16:58:59",1402,1382,84693,0,,10.95,336.9,10.94,46.9,,1.4
"2025-12-04 16:59:00",1404,1384,84672,51.727557,5.018463,12.25,341.4,10.95,46.95,,1.5
"2025-12-04 16:59:01",1406,1386,84650,0,,10.65,338.7,10.93,46.95,,1.6
"2025-12-04 16:59:02",1408,1388,84629,0,,12,338,10.92,46.95,,1.8
"2025-12-04 16:59:03",1411,1391,84608,51.727847,5.018295,11.1,345.2,10.95,47,,1.9
"2025-12-04 16:59:04",1412,1392,84591,0,,11.8,336.1,10.95,47.05,,1.9
"2025-12-04 16:59:05",1414,1394,84575,0,,12.3,341.6,10.95,47.05,,1.7
"2025-12-04 16:59:06",1415,1395,84560,51.72814,5.018118,10.75,334.4,10.99,47.05,,1.6
"2025-12-04 16:59:07",1417,1397,84545,0,,11.75,342.5,10.97,47,,1.6
"2025-12-04 16:59:08",1418,1398,84529,0,,10.85,340.3,10.97,47,,1.7
"2025-12-04 16:59:09",1420,1400,84514,51.728423,5.017943,12.15,334.1,10.93,47,,1.7
"2025-12-04 16:59:10",1422,1402,84493,0,,10.75,342.6,10.93,47,,1.9
"2025-12-04 16:59:11",1424,1404,84473,0,,11.5,332.3,10.89,47,,1.8
"2025-12-04 16:59:12",1426,1406,84454,51.728705,5.017755,11.35,343.9,10.89,47,,1.8
"2025-12-04 16:59:13",1427,1407,84439,0,,11,338,10.87,47,,1.8
"2025-12-04 16:59:14",1429,1409,84424,0,,12.2,337.3,10.86,47.05,,1.7
"2025-12-04 16:59:15",1430,1410,84410,51.728993,5.017583,10.45,343.4,10.86,47.05,23.5,1.7
"2025-12-04 16:59:16",1431,1411,84403,0,,10.45,343.4,10.82,47.05,,1.6
"2025-12-04 16:59:17",1431,1411,84397,0,,11.2,346.3,10.82,47.05,,1.5
"2025-12-04 16:59:18",1432,1412,84392,51.729282,5.017425,11.65,338.8,10.79,47.05,,1.4
"2025-12-04 16:59:19",1434,1414,84369,0,,12.15,340.5,10.76,47.1,,1.4
"2025-12-04 16:59:20",1436,1416,84347,0,,10.9,341.9,10.75,47.1,,1.5
"2025-12-04 16:59:21",1439,1419,84326,51.72958,5.017248,12.85,336.9,10.76,47.15,,1.5
"2025-12-04 16:59:22",1440,1420,84307,0,,11.4,343.7,10.74,47.2,,1.5
"2025-12-04 16:59:23",1442,1422,84288,0,,11.35,340.2,10.72,47.2,,1.5
"2025-12-04 16:59:24",1444,1424,84270,51.729875,5.01708,11.4,340.9,10.69,47.25,,1.5
"2025-12-04 16:59:25",1446,1426,84251,0,,10.4,342,10.69,47.25,,1.5
"2025-12-04 16:59:26",1448,1428,84232,0,,12,341.7,10.64,47.25,,1.6
"2025-12-04 16:59:27",1450,1430,84214,51.730165,5.016923,11.15,344.6,10.62,47.25,,1.6
"2025-12-04 16:59:28",1451,1431,84200,0,,11.5,338.5,10.61,47.2,,1.7
"2025-12-04 16:59:29",1452,1432,84187,0,,11.25,341,10.59,47.2,,1.7
"2025-12-04 16:59:30",1454,1434,84174,51.73045,5.016765,10.5,342.9,10.59,47.25,,1.8
"2025-12-04 16:59:31",1455,1435,84163,0,,12.6,340.8,10.59,47.25,,1.7
"2025-12-04 16:59:32",1456,1436,84152,0,,11.3,343.1,10.57,47.25,,1.6
"2025-12-04 16:59:33",1457,1437,84142,51.73075,5.016608,11.6,340.4,10.55,47.3,,1.5
"2025-12-04 16:59:34",1459,1439,84123,0,,11.55,340.6,10.52,47.3,,1.5
"2025-12-04 16:59:35",1461,1441,84104,0,,11.4,342.9,10.51,47.3,,1.5
"2025-12-04 16:59:36",1462,1442,84086,51.731048,5.016455,12.5,342.9,10.52,47.35,,1.5
"2025-12-04 16:59:38",1465,1445,84060,0,,10.8,344.3,10.47,47.4,,1.4
"2025-12-04 16:59:39",1466,1446,84048,51.731345,5.016317,11.7,343.8,10.47,47.4,,1.4
"2025-12-04 16:59:40",1468,1448,84024,0,,11.75,338.5,10.47,47.4,,1.5
"2025-12-04 16:59:41",1471,1451,84001,0,,11.95,343.4,10.45,47.4,,1.5
"2025-12-04 16:59:42",1473,1453,83978,51.731642,5.016165,10.85,344.5,10.42,47.35,23.25,1.6
"2025-12-04 16:59:43",1475,1455,83961,0,,,,10.4,47.4,,1.6
"2025-12-04 16:59:44",1477,1457,83943,0,,,,10.36,47.4,,1.7
"2025-12-04 16:59:45",1478,1458,83926,0,,,,10.35,47.45,,1.7
"2025-12-04 16:59:46",1479,1459,83917,0,,12,343.1,10.32,47.45,,1.7
"2025-12-04 16:59:47",1480,1460,83909,0,,10.45,342.8,10.32,47.45,,1.6
"2025-12-04 16:59:48",1481,1461,83902,51.73224,5.015863,12.7,345.5,10.31,47.5,,1.6
"2025-12-04 16:59:49",1483,1463,83879,0,,11.25,344.6,10.29,47.55,,1.6
"2025-12-04 16:59:50",1485,1465,83856,0,,12.2,339.2,10.28,47.55,,1.6
"2025-12-04 16:59:51",1487,1467,83834,51.732548,5.01571,12.05,343.6,10.26,47.6,,1.7
"2025-12-04 16:59:53",1491,1471,83800,0,,,,10.25,47.55,,1.7
"2025-12-04 16:59:54",1492,1472,83784,0,,,,10.26,47.55,,1.7
"2025-12-04 16:59:55",1494,1474,83769,0,,12.05,341.1,10.23,47.55,,1.6
"2025-12-04 16:59:56",1495,1475,83755,0,,11.35,348.4,10.21,47.5,,1.6
"2025-12-04 16:59:57",1497,1477,83742,51.733152,5.015427,11.55,343,10.2,47.5,,1.5
"2025-12-04 16:59:58",1497,1477,83736,0,,11.4,345.6,10.21,47.45,,1.5
"2025-12-04 16:59:59",1498,1478,83731,0,,11.05,343,10.2,47.4,,1.5
"2025-12-04 17:00:00",1498,1478,83726,51.733447,5.01529,11.9,342.4,10.19,47.4,,1.5
"2025-12-04 17:00:01",1501,1481,83699,0,,12.1,345.5,10.17,47.4,,1.5
"2025-12-04 17:00:02",1504,1484,83672,0,,11.9,342.1,10.15,47.4,,1.5
"2025-12-04 17:00:03",1506,1486,83646,51.733753,5.015152,11.2,348,10.16,47.4,,1.6
"2025-12-04 17:00:05",1509,1489,83620,0,,12.15,344.2,10.15,47.4,,1.5
"2025-12-04 17:00:06",1510,1490,83608,51.734057,5.01501,11.2,344.5,10.14,47.4,,1.5
"2025-12-04 17:00:08",1513,1493,83580,0,,11.55,350.3,10.14,47.4,,1.5
"2025-12-04 17:00:09",1514,1494,83566,51.734363,5.014882,12.25,341.4,10.13,47.4,22.75,1.5
"2025-12-04 17:00:11",1517,1497,83533,0,,11.2,344.9,10.06,47.4,,1.6
"2025-12-04 17:00:12",1519,1499,83518,51.73467,5.014742,12.05,343.3,10.03,47.4,,1.6
"2025-12-04 17:00:14",1521,1501,83499,0,,12.15,341.9,10,47.45,,1.5
"2025-12-04 17:00:15",1522,1502,83490,51.734977,5.014602,11.65,341.9,9.98,47.45,,1.4
"2025-12-04 17:00:17",1527,1507,83443,0,,12.45,344.6,9.95,47.55,,1.5
"2025-12-04 17:00:18",1529,1509,83420,51.735292,5.014458,11.45,346.3,9.93,47.55,,1.5
"2025-12-04 17:00:20",1531,1511,83394,0,,11.55,343.9,9.9,47.6,,1.5
"2025-12-04 17:00:21",1533,1513,83382,51.735598,5.014302,11.7,340.3,9.9,47.65,,1.5
"2025-12-04 17:00:23",1536,1516,83348,0,,11.45,346.8,9.87,47.7,,1.5
"2025-12-04 17:00:24",1538,1518,83332,51.735905,5.014163,12.4,343.5,9.85,47.7,,1.5
"2025-12-04 17:00:26",1539,1519,83316,0,,11.75,341.2,9.82,47.75,,1.4
"2025-12-04 17:00:27",1540,1520,83308,51.736213,5.014025,11.2,346.8,9.81,47.8,,1.5
"2025-12-04 17:00:28",1542,1522,83288,0,,12.15,344,9.81,47.8,,1.6
"2025-12-04 17:00:29",1544,1524,83269,0,,11.95,342.3,9.81,47.85,,1.6
"2025-12-04 17:00:30",1546,1526,83250,51.736522,5.01389,11.75,348.3,9.78,47.85,,1.5
"2025-12-04 17:00:31",1548,1528,83229,0,,11.75,348.3,9.76,47.85,,1.5
"2025-12-04 17:00:32",1550,1530,83209,0,,11.5,346.1,9.75,47.85,,1.5
"2025-12-04 17:00:33",1552,1532,83190,51.736835,5.013758,12.75,348.1,9.75,47.9,,1.6
"2025-12-04 17:00:34",1552,1532,83187,0,,11.3,343.8,9.75,47.9,,1.5
"2025-12-04 17:00:35",1552,1532,83184,0,,11.95,350,9.74,47.95,,1.4
"2025-12-04 17:00:36",1553,1533,83182,51.737147,5.01363,11.85,341.3,9.73,47.95,22.5,1.3
"2025-12-04 17:00:37",1555,1535,83158,0,,11.75,344.3,9.72,48,,1.3
"2025-12-04 17:00:38",1557,1537,83135,0,,11.95,348,9.7,48,,1.5
"2025-12-04 17:00:39",1560,1540,83112,51.737455,5.013495,11.65,342.9,9.68,48.05,,1.6
"2025-12-04 17:00:40",1561,1541,83097,0,,12.5,351.8,9.7,48.05,,1.6
"2025-12-04 17:00:41",1562,1542,83083,0,,11.45,340.8,9.72,48.05,,1.5
"2025-12-04 17:00:42",1564,1544,83070,51.737767,5.013368,12.35,344.9,9.69,48.1,,1.5
"2025-12-04 17:00:43",1565,1545,83053,0,,12.25,348.5,9.66,48.1,,1.5
"2025-12-04 17:00:44",1567,1547,83037,0,,12,339.4,9.66,48.1,,1.4
"2025-12-04 17:00:45",1569,1549,83022,51.738083,5.013233,12.3,348.5,9.61,48.1,,1.4
"2025-12-04 17:00:46",1570,1550,83005,0,,11.5,347,9.61,48.15,,1.5
"2025-12-04 17:00:47",1572,1552,82988,0,,12.5,349.2,9.61,48.15,,1.6
"2025-12-04 17:00:48",1574,1554,82972,51.738405,5.01312,12.25,347.7,9.59,48.15,,1.8
"2025-12-04 17:00:49",1575,1555,82961,0,,12.05,341.6,9.59,48.15,,1.6
"2025-12-04 17:00:50",1576,1556,82951,0,,12.05,349.9,9.59,48.15,,1.5
"2025-12-04 17:00:51",1577,1557,82942,51.738718,5.01299,11.8,342.5,9.56,48.15,,1.4
"2025-12-04 17:00:53",1580,1560,82908,0,,12.25,347.7,9.54,48.15,,1.5
"2025-12-04 17:00:54",1582,1562,82892,51.739032,5.012868,12.15,348.7,9.53,48.2,,1.5
"2025-12-04 17:00:55",1583,1563,82878,0,,12.2,346.6,9.52,48.2,,1.5
"2025-12-04 17:00:56",1584,1564,82865,0,,12.75,345.7,9.49,48.2,,1.4
"2025-12-04 17:00:57",1586,1566,82852,51.739353,5.012743,11.45,346.3,9.48,48.2,,1.4
"2025-12-04 17:00:58",1587,1567,82838,0,,11.85,347.6,9.47,48.2,,1.4
"2025-12-04 17:00:59",1588,1568,82825,0,,11.7,349.2,9.45,48.25,,1.4
"2025-12-04 17:01:00",1590,1570,82812,51.739662,5.012633,11.55,345.6,9.44,48.25,,1.3
"2025-12-04 17:01:01",1591,1571,82800,0,,12.4,348.7,9.44,48.25,,1.3
"2025-12-04 17:01:02",1592,1572,82788,0,,11.7,344.1,9.45,48.25,,1.4
"2025-12-04 17:01:03",1593,1573,82776,51.739977,5.01251,12.35,345.7,9.43,48.3,22,1.4
"2025-12-04 17:01:04",1595,1575,82759,0,,11.65,350.4,9.43,48.3,,1.4
"2025-12-04 17:01:05",1597,1577,82742,0,,11.75,343,9.43,48.3,,1.4
"2025-12-04 17:01:06",1598,1578,82726,51.740288,5.012397,11.9,351.7,9.42,48.3,,1.4
"2025-12-04 17:01:08",1601,1581,82699,0,,12.55,348.2,9.43,48.35,,1.4
"2025-12-04 17:01:09",1603,1583,82686,51.740607,5.012297,12.25,352.1,9.46,48.3,,1.4
"2025-12-04 17:01:10",1604,1584,82672,0,,11.65,344,9.44,48.3,,1.4
"2025-12-04 17:01:11",1605,1585,82659,0,,12.05,349.5,9.43,48.25,,1.4
"2025-12-04 17:01:12",1607,1587,82646,51.740922,5.012183,12.6,344.2,9.41,48.2,,1.4
"2025-12-04 17:01:13",1608,1588,82636,0,,12.05,350.6,9.39,48.2,,1.4
"2025-12-04 17:01:14",1609,1589,82626,0,,12.2,349.9,9.38,48.2,,1.4
"2025-12-04 17:01:15",1610,1590,82616,51.741242,5.012077,11.65,344.1,9.38,48.15,,1.3
"2025-12-04 17:01:16",1611,1591,82600,0,,11.85,350.2,9.34,48.1,,1.3
"2025-12-04 17:01:17",1613,1593,82585,0,,12.8,346.2,9.33,48.1,,1.3
"2025-12-04 17:01:18",1614,1594,82570,51.741558,5.01197,11.9,350.8,9.3,48.05,,1.3
"2025-12-04 17:01:19",1616,1596,82551,0,,12.05,348.3,9.28,48.05,,1.3
"2025-12-04 17:01:20",1618,1598,82533,0,,11.9,345.8,9.27,48.05,,1.4
"2025-12-04 17:01:21",1620,1600,82516,51.741873,5.011865,11.9,351.5,9.27,48.05,,1.4
"2025-12-04 17:01:22",1620,1600,82514,0,,12.85,343.2,9.29,48.05,,1.3
"2025-12-04 17:01:23",1620,1600,82513,0,,11.8,351.2,9.3,48.05,,1.2
"2025-12-04 17:01:24",1620,1600,82512,51.742195,5.011753,12,348.9,9.28,48,,1.1
"2025-12-04 17:01:25",1622,1602,82492,0,,12.1,348,9.26,47.95,,1.2
"2025-12-04 17:01:26",1624,1604,82471,0,,12,352.7,9.22,47.95,,1.3
"2025-12-04 17:01:27",1626,1606,82450,51.742515,5.011653,12.3,343.6,9.22,47.9,,1.4
"2025-12-04 17:01:28",1627,1607,82445,0,,11.8,351.4,9.22,47.9,,1.3
"2025-12-04 17:01:29",1627,1607,82441,0,,12.1,349.9,9.21,47.9,,1.2
"2025-12-04 17:01:30",1627,1607,82438,51.742833,5.011558,12,351.3,9.17,47.85,21.75,1.1
"2025-12-04 17:01:31",1629,1609,82423,0,,11.8,347.8,9.17,47.85,,1.1
"2025-12-04 17:01:32",1630,1610,82408,0,,12,345.3,9.15,47.85,,1.1
"2025-12-04 17:01:33",1632,1612,82394,51.743152,5.011457,12.3,354,9.15,47.8,,1.1
"2025-12-04 17:01:34",1634,1614,82371,0,,11.95,346.1,9.12,47.8,,1.1
"2025-12-04 17:01:35",1636,1616,82349,0,,12.6,350.3,9.11,47.8,,1.3
"2025-12-04 17:01:36",1639,1619,82328,51.743478,5.011362,12.35,351,9.09,47.75,,1.4
"2025-12-04 17:01:37",1640,1620,82314,0,,11.95,345.4,9.07,47.75,,1.5
"2025-12-04 17:01:38",1641,1621,82301,0,,11.95,345.4,9.03,47.75,,1.4
"2025-12-04 17:01:39",1643,1623,82288,51.743795,5.011268,12,347.1,9.02,47.7,,1.4
"2025-12-04 17:01:40",1644,1624,82274,0,,11.65,351.9,9.02,47.7,,1.4
"2025-12-04 17:01:41",1645,1625,82261,0,,12,353.2,9.01,47.6,,1.5
"2025-12-04 17:01:42",1647,1627,82248,51.74411,5.011182,11.75,344.6,9,47.55,,1.6
"2025-12-04 17:01:43",1647,1627,82244,0,,12.5,352.4,9,47.5,,1.5
"2025-12-04 17:01:44",1647,1627,82241,0,,12.15,345.9,8.99,47.5,,1.4
"2025-12-04 17:01:45",1648,1628,82238,51.744435,5.011077,12.2,349.4,8.98,47.45,,1.3
"2025-12-04 17:01:46",1650,1630,82219,0,,11.6,353.9,8.97,47.45,,1.4
"2025-12-04 17:01:47",1651,1631,82200,0,,12,346,8.96,47.4,,1.3
"2025-12-04 17:01:48",1653,1633,82182,51.744752,5.010988,12.2,352.5,8.95,47.4,,1.3
"2025-12-04 17:01:49",1655,1635,82170,0,,12.35,347.4,8.96,47.35,,1.2
"2025-12-04 17:01:50",1656,1636,82159,0,,12.4,350.8,8.95,47.35,,1.2
"2025-12-04 17:01:51",1657,1637,82148,51.745075,5.010892,11.05,348.8,8.96,47.35,,1.2
"2025-12-04 17:01:53",1657,1637,82145,0,,11.45,351.1,8.94,47.35,,1
"2025-12-04 17:01:54",1657,1637,82144,51.745387,5.010797,11.8,345.1,8.94,47.3,,0.9
"2025-12-04 17:01:55",1659,1639,82124,0,,12.4,354.4,8.96,47.25,,1
"2025-12-04 17:01:56",1661,1641,82105,0,,11.9,347.7,8.95,47.2,,1.1
"2025-12-04 17:01:57",1663,1643,82086,51.74571,5.010705,12.5,349.7,8.94,47.1,21.5,1.2
"2025-12-04 17:01:58",1664,1644,82075,0,,11.05,353.6,8.95,47.05,,1.3
"2025-12-04 17:01:59",1665,1645,82064,0,,12.35,348.1,8.94,47,,1.2
"2025-12-04 17:02:00",1666,1646,82054,51.746025,5.01063,11.95,356.3,8.9,46.95,,1.1
"2025-12-04 17:02:01",1667,1647,82043,0,,11.75,348.7,8.89,46.9,,1.1
"2025-12-04 17:02:02",1668,1648,82033,0,,12.45,348.9,8.87,46.9,,1.1
"2025-12-04 17:02:03",1669,1649,82024,51.746345,5.010548,11.85,354.6,8.87,46.85,,1.1
"2025-12-04 17:02:08",1676,1656,81957,0,,11.8,350.9,8.83,46.75,,1.3
"2025-12-04 17:02:09",1677,1657,81944,51.746987,5.01038,12.2,346.4,8.82,46.7,,1.3
"2025-12-04 17:02:13",1680,1660,81914,0,,12.1,348.9,8.78,46.65,,1.1
"2025-12-04 17:02:14",1681,1661,81907,0,,12.6,348,8.77,46.6,,1.1
"2025-12-04 17:02:15",1682,1662,81900,51.747627,5.010202,11.4,354.4,8.74,46.6,,1
"2025-12-04 17:02:16",1684,1664,81883,0,,12.3,348.6,8.73,46.55,,1.1
"2025-12-04 17:02:17",1685,1665,81866,0,,12.45,347.9,8.72,46.5,,1.1
"2025-12-04 17:02:18",1687,1667,81850,51.74795,5.010107,12.1,351.1,8.71,46.45,,1.2
"2025-12-04 17:02:19",1687,1667,81847,0,,13.15,349.5,8.72,46.4,,1.1
"2025-12-04 17:02:20",1688,1668,81844,0,,11.55,353.5,8.7,46.35,,1.1
"2025-12-04 17:02:21",1688,1668,81842,51.748277,5.010025,12.1,350.3,8.69,46.3,,0.9
"2025-12-04 17:02:23",1692,1672,81804,0,,12.1,349.2,8.68,46.2,,1
"2025-12-04 17:02:24",1694,1674,81786,51.748602,5.009943,12.8,349.6,8.68,46.15,21.25,1.1
"2025-12-04 17:02:25",1695,1675,81772,0,,12.45,353.2,8.69,46.15,,1.2
"2025-12-04 17:02:26",1696,1676,81759,0,,12.45,353.2,8.68,46.1,,1.3
"2025-12-04 17:02:27",1698,1678,81746,51.748938,5.009858,11.95,353.8,8.67,46.1,,1.3
"2025-12-04 17:02:28",1699,1679,81732,0,,12.05,351.7,8.65,46.1,,1.3
"2025-12-04 17:02:29",1700,1680,81719,0,,12.9,352.1,8.65,46.1,,1.2
"2025-12-04 17:02:30",1702,1682,81706,51.749268,5.009788,11.55,354.8,8.66,46.05,,1.2
"2025-12-04 17:02:31",1703,1683,81697,0,,12.95,350.1,8.67,46.05,,1.3
"2025-12-04 17:02:32",1703,1683,81688,0,,12.25,351.3,8.65,46,,1.3
"2025-12-04 17:02:33",1704,1684,81680,51.749598,5.009705,12.35,351.7,8.64,46,,1.4
"2025-12-04 17:02:36",1705,1685,81678,51.74993,5.009627,13.3,352.5,8.62,45.9,,0.9
"2025-12-04 17:02:38",1707,1687,81656,0,,12.75,348.7,8.59,45.85,,0.9
"2025-12-04 17:02:39",1708,1688,81646,51.750265,5.009538,12.55,349.3,8.58,45.85,,0.8
"2025-12-04 17:02:41",1711,1691,81617,0,,12.45,350.2,8.57,45.8,,0.9
"2025-12-04 17:02:42",1712,1692,81604,51.7506,5.009463,11.5,357.6,8.58,45.65,,0.9
"2025-12-04 17:02:44",1715,1695,81575,0,,12.85,354,8.56,45.4,,1
"2025-12-04 17:02:45",1716,1696,81562,51.750935,5.009408,12.1,355.6,8.54,45.2,,1
"2025-12-04 17:02:47",1718,1698,81540,0,,12.75,354.4,8.52,44.85,,1
"2025-12-04 17:02:48",1720,1700,81530,51.751267,5.00934,12.8,349.1,8.51,44.6,,1.3
"2025-12-04 17:02:50",1723,1703,81500,0,,13.1,353.4,8.5,44.3,,1.3
"2025-12-04 17:02:51",1724,1704,81486,51.751608,5.009293,11.9,356.4,8.48,44.15,20.75,1.4
"2025-12-04 17:02:54",1727,1707,81458,51.751947,5.009242,13.1,357.5,8.45,44.1,,1.2
"2025-12-04 17:02:55",1728,1708,81443,0,,12.3,349.3,8.42,44.1,,1.3
"2025-12-04 17:02:56",1730,1710,81427,0,,12.65,356.9,8.4,44.1,,1.3
"2025-12-04 17:02:57",1732,1712,81412,51.752287,5.009187,13.15,355.3,8.39,44.1,,1.3
"2025-12-04 17:02:58",1733,1713,81401,0,,12.85,353.2,8.4,44.1,,1.3
"2025-12-04 17:02:59",1734,1714,81390,0,,13.55,356.2,8.41,44,,1.3
"2025-12-04 17:03:00",1735,1715,81380,51.752635,5.009132,12.05,351.6,8.4,43.9,,1.3
"2025-12-04 17:03:02",1737,1717,81359,0,,13.4,351.4,8.42,43.6,,1.2
"2025-12-04 17:03:03",1738,1718,81350,51.752983,5.00909,12.35,0.8,8.44,43.35,,1.2
"2025-12-04 17:03:04",1739,1719,81342,0,,13.15,354,8.47,43.15,,1.1
"2025-12-04 17:03:05",1739,1719,81335,0,,11.95,353.9,8.45,42.95,,1.1
"2025-12-04 17:03:06",1740,1720,81328,51.753327,5.009043,12.6,355.3,8.45,42.75,,1.1
"2025-12-04 17:03:07",1742,1722,81312,0,,12.9,353.2,8.43,42.55,,1.1
"2025-12-04 17:03:08",1743,1723,81297,0,,13.2,358.8,8.41,42.45,,1.1
"2025-12-04 17:03:09",1745,1725,81282,51.753683,5.008997,13.05,352.1,8.42,42.3,,1.1
"2025-12-04 17:03:10",1745,1725,81278,0,,12.45,358.2,8.43,42.2,,1
"2025-12-04 17:03:11",1746,1726,81275,0,,13.3,356.3,8.43,42.05,,1
"2025-12-04 17:03:12",1746,1726,81272,51.754035,5.008952,13.15,352.1,8.42,41.95,,0.9
"2025-12-04 17:03:13",1748,1728,81251,0,,,,8.42,41.9,,1
"2025-12-04 17:03:14",1750,1730,81230,0,,13.05,352.9,8.4,41.8,,1.1
"2025-12-04 17:03:15",1752,1732,81210,51.754388,5.008913,12.6,358.8,8.39,41.75,,1.2
"2025-12-04 17:03:16",1754,1734,81195,0,,13.1,356.7,8.4,41.65,,1.2
"2025-12-04 17:03:17",1755,1735,81181,0,,13.25,352,8.37,41.6,,1.3
"2025-12-04 17:03:18",1756,1736,81168,51.75474,5.008868,13.5,356.8,8.37,41.55,20.5,1.4
"2025-12-04 17:03:19",1757,1737,81160,0,,13.35,350.6,8.36,41.5,,1.3
"2025-12-04 17:03:20",1758,1738,81153,0,,13.2,356.1,8.35,41.4,,1.2
"2025-12-04 17:03:21",1759,1739,81146,51.755095,5.008812,12.65,355.6,8.34,41.35,,1.2
"2025-12-04 17:03:22",1759,1739,81143,0,,13.4,356.5,8.34,41.3,,1.1
"2025-12-04 17:03:23",1759,1739,81141,0,,13.75,357.9,8.34,41.2,,1.1
"2025-12-04 17:03:24",1759,1739,81140,51.755453,5.008768,12.95,349.5,8.34,41.15,,1.1
"2025-12-04 17:03:25",1761,1741,81122,0,,13.3,0.5,8.36,41.05,,1.1
"2025-12-04 17:03:26",1763,1743,81104,0,,12.8,353.6,8.36,41,,1.1
"2025-12-04 17:03:27",1765,1745,81086,51.75581,5.008725,13.15,354.8,8.34,40.9,,1.1
"2025-12-04 17:03:29",1767,1747,81067,0,,13,353.5,8.34,40.7,,1
"2025-12-04 17:03:30",1768,1748,81058,51.756167,5.008682,13.7,0.1,8.34,40.65,,0.9
"2025-12-04 17:03:31",1768,1748,81050,0,,13.4,355.2,8.31,40.6,,0.9
"2025-12-04 17:03:32",1769,1749,81043,0,,13.65,356.7,8.29,40.55,,0.9
"2025-12-04 17:03:33",1770,1750,81036,51.75653,5.008642,13.5,353.4,8.29,40.5,,0.9
"2025-12-04 17:03:34",1770,1750,81035,0,,12.85,356.5,8.27,40.4,,0.9
"2025-12-04 17:03:35",1770,1750,81034,0,,13.85,0.8,8.27,40.3,,0.9
"2025-12-04 17:03:36",1770,1750,81034,51.756887,5.008613,12.55,355,8.24,40.25,,0.9
"2025-12-04 17:03:40",1775,1755,80984,0,,14.7,358,8.21,40.3,,0.8
"2025-12-04 17:03:41",1777,1757,80972,0,,12.7,356.3,8.21,40.25,,0.8
"2025-12-04 17:03:42",1778,1758,80960,51.757618,5.008572,13.65,1.6,8.21,40.1,,0.8
"2025-12-04 17:03:43",1779,1759,80948,0,,14.05,354.6,8.19,39.95,,0.9
"2025-12-04 17:03:44",1780,1760,80937,0,,13.45,358.7,8.19,39.75,,0.9
"2025-12-04 17:03:45",1781,1761,80926,51.75799,5.008547,14.4,357.1,8.16,39.6,20.5,0.9
"2025-12-04 17:03:49",1785,1765,80892,0,,13.35,359.2,8.16,38.95,,1.1
"2025-12-04 17:03:50",1786,1766,80884,0,,14.5,356.6,8.18,38.85,,1.1
"2025-12-04 17:03:51",1786,1766,80876,51.758722,5.00849,12.55,356.8,8.19,38.75,,1.1
"2025-12-04 17:03:53",1790,1770,80842,0,,13.2,355.1,8.16,38.55,,1.1
"2025-12-04 17:03:54",1792,1772,80826,51.759088,5.008457,13.75,0.5,8.16,38.5,,1.2
"2025-12-04 17:03:55",1791,1771,80826,0,,14.45,354.1,8.15,38.4,,1.1
"2025-12-04 17:03:56",1791,1771,80827,0,,12.45,0.7,8.16,38.3,,1
"2025-12-04 17:03:57",1791,1771,80828,51.759455,5.00843,14.5,356.8,8.16,38.25,,0.9
"2025-12-04 17:03:58",1792,1772,80818,0,,13.2,358.8,8.15,38.15,,0.8
"2025-12-04 17:03:59",1793,1773,80809,0,,13.45,0.5,8.14,38.05,,0.9
"2025-12-04 17:04:00",1794,1774,80800,51.759825,5.008408,14.05,354,8.13,38,,0.9
"2025-12-04 17:04:01",1796,1776,80781,0,,13.45,359.4,8.11,37.9,,0.9
"2025-12-04 17:04:02",1798,1778,80760,0,,14,356.5,8.1,37.75,,1
"2025-12-04 17:04:03",1800,1780,80740,51.760192,5.008382,12.65,358.8,8.1,37.65,,1.1
"2025-12-04 17:04:04",1802,1782,80725,0,,13.4,358.9,8.1,37.5,,1.2
"2025-12-04 17:04:05",1803,1783,80711,0,,13.3,355,8.09,37.35,,1.1
"2025-12-04 17:04:06",1805,1785,80698,51.760562,5.008365,13.15,3.9,8.09,37.2,,1.1
"2025-12-04 17:04:07",1806,1786,80688,0,,13.2,354.1,8.09,37.05,,1.2
"2025-12-04 17:04:08",1807,1787,80679,0,,13.25,358.5,8.07,36.95,,1.3
"2025-12-04 17:04:09",1808,1788,80670,51.760933,5.008345,14.15,358,8.07,36.85,,1.3
"2025-12-04 17:04:10",1808,1788,80662,0,,,,8.08,36.7,,1.3
"2025-12-04 17:04:11",1809,1789,80654,0,,,,8.07,36.6,,1.3
"2025-12-04 17:04:12",1810,1790,80646,0,,,,8.07,36.55,20.25,1.3
"2025-12-04 17:04:13",1810,1790,80644,0,,14.05,358.5,8.06,36.5,,1.2
"2025-12-04 17:04:14",1810,1790,80643,0,,13.9,355.5,8.05,36.45,,1
"2025-12-04 17:04:15",1810,1790,80642,51.761682,5.008288,13.95,358.1,8.04,36.4,,0.8
"2025-12-04 17:04:16",1812,1792,80628,0,,14.3,0.2,8.04,36.4,,0.8
"2025-12-04 17:04:17",1813,1793,80614,0,,13.45,356.2,8.01,36.35,,0.8
"2025-12-04 17:04:18",1815,1795,80600,51.762058,5.00827,13.8,357.8,7.99,36.25,,0.8
"2025-12-04 17:04:19",1816,1796,80583,0,,14.2,356,7.99,36.2,,0.9
"2025-12-04 17:04:20",1818,1798,80567,0,,14.2,357.1,7.97,36.2,,0.9
"2025-12-04 17:04:21",1820,1800,80552,51.762437,5.00824,13.85,359.7,7.94,36.15,,1
"2025-12-04 17:04:23",1820,1800,80544,0,,13.75,358.3,7.91,36.1,,0.9
"2025-12-04 17:04:24",1821,1801,80540,51.762808,5.008218,14,355.3,7.89,36.1,,0.9
"2025-12-04 17:04:25",1822,1802,80529,0,,14.4,358.9,7.86,36.05,,0.9
"2025-12-04 17:04:26",1823,1803,80518,0,,13.85,0.5,7.84,36.05,,1
"2025-12-04 17:04:27",1824,1804,80508,51.763187,5.008202,13.85,357.1,7.81,36.05,,1.1
"2025-12-04 17:04:28",1826,1806,80487,0,,13.7,0.3,7.79,36.05,,1.2
"2025-12-04 17:04:29",1828,1808,80466,0,,14,355.8,7.78,36.05,,1.3
"2025-12-04 17:04:30",1831,1811,80446,51.763563,5.00818,13.85,359.3,7.79,36.05,,1.3
"2025-12-04 17:04:31",1831,1811,80437,0,,13.9,358.6,7.81,36.05,,1.3
"2025-12-04 17:04:32",1832,1812,80428,0,,13.8,354.8,7.82,36.05,,1.2
"2025-12-04 17:04:33",1833,1813,80420,51.76394,5.008162,13.8,2.2,7.82,36.05,,1.2
"2025-12-04 17:04:34",1834,1814,80409,0,,14.35,355.2,7.84,36,,1.1
"2025-12-04 17:04:35",1835,1815,80398,0,,14.45,359.6,7.83,36.05,,1.1
"2025-12-04 17:04:36",1837,1817,80388,51.764323,5.008147,14.3,0.3,7.85,36,,1.2
"2025-12-04 17:04:38",1838,1818,80373,0,,14.25,2.9,7.85,35.85,,1.2
"2025-12-04 17:04:39",1839,1819,80366,51.764705,5.008127,14.25,355.6,7.86,35.75,20,1.2
"2025-12-04 17:04:40",1839,1819,80361,0,,14.2,357.2,7.85,35.65,,1.2
"2025-12-04 17:04:41",1840,1820,80357,0,,14.25,3,7.81,35.5,,1
"2025-12-04 17:04:42",1840,1820,80354,51.765083,5.008108,14.2,353.8,7.81,35.4,,0.9
"2025-12-04 17:04:46",1845,1825,80303,0,,15,0.8,7.8,34.95,,0.9
"2025-12-04 17:04:47",1847,1827,80290,0,,14,356.3,7.79,34.85,,0.9
"2025-12-04 17:04:48",1848,1828,80278,51.765843,5.00808,14.65,2.2,7.8,34.75,,1
"2025-12-04 17:04:49",1850,1830,80261,0,,14.2,357.4,7.79,34.65,,1
"2025-12-04 17:04:50",1851,1831,80244,0,,13.15,357.5,7.79,34.55,,1.1
"2025-12-04 17:04:51",1853,1833,80228,51.766223,5.008068,15.25,0.9,7.8,34.5,,1.2
"2025-12-04 17:04:53",1853,1833,80224,0,,14.05,359.8,7.8,34.35,,1.1
"2025-12-04 17:04:54",1854,1834,80222,51.766608,5.008063,14.95,0.2,7.79,34.25,,1.1
"2025-12-04 17:04:55",1855,1835,80206,0,,13.05,358.6,7.76,34.2,,1.2
"2025-12-04 17:04:56",1857,1837,80190,0,,14.9,0.5,7.75,34.15,,1.2
"2025-12-04 17:04:57",1859,1839,80174,51.76699,5.008058,14,357.9,7.75,34.1,,1.2
"2025-12-04 17:04:58",1860,1840,80163,0,,13.3,1.2,7.75,34,,1.2
"2025-12-04 17:04:59",1861,1841,80152,0,,15.05,358,7.74,33.95,,1.2
"2025-12-04 17:05:00",1862,1842,80142,51.767365,5.008053,12.95,1.1,7.74,33.9,,1.2
"2025-12-04 17:05:05",1864,1844,80118,0,,13.35,0.4,7.65,33.7,,0.9
"2025-12-04 17:05:06",1865,1845,80114,51.768127,5.008037,14.15,357.1,7.65,33.65,19.75,0.9
"2025-12-04 17:05:08",1869,1849,80076,0,,13.9,1.3,7.62,33.65,,1
"2025-12-04 17:05:09",1871,1851,80058,51.768515,5.008028,15,355.9,7.62,33.65,,1
"2025-12-04 17:05:11",1871,1851,80051,0,,14.25,0.9,7.62,33.65,,0.9
"2025-12-04 17:05:12",1872,1852,80048,51.768898,5.008025,14.25,0.6,7.61,33.65,,0.8
"2025-12-04 17:05:14",1874,1854,80026,0,,14.55,356.1,7.57,33.65,,0.9
"2025-12-04 17:05:15",1875,1855,80016,51.76928,5.008015,14.2,2.7,7.59,33.65,,0.9
"2025-12-04 17:05:17",1877,1857,79996,0,,14.25,0.3,7.55,33.65,,1.1
"2025-12-04 17:05:18",1878,1858,79986,51.769668,5.008015,14.45,0.7,7.54,33.65,,1.1
"2025-12-04 17:05:20",1881,1861,79958,0,,14.3,355.1,7.55,33.65,,1.2
"2025-12-04 17:05:21",1882,1862,79944,51.77005,5.008012,14.4,358.3,7.53,33.65,,1.1
"2025-12-04 17:05:26",1887,1867,79900,0,,14.7,357.7,7.45,33.65,,1.1
"2025-12-04 17:05:27",1888,1868,79892,51.77082,5.008005,13.65,1.1,7.46,33.65,,1.1
"2025-12-04 17:05:37",1896,1876,79815,0,,14.25,358.7,7.38,33.5,,0.8
"2025-12-04 17:05:38",1896,1876,79807,0,,14.8,3.8,7.37,33.5,,0.8
"2025-12-04 17:05:39",1897,1877,79800,51.772357,5.008055,14.1,1.4,7.37,33.45,,0.8
"2025-12-04 17:05:40",1898,1878,79793,0,,14.45,1.3,7.36,33.5,,0.8
"2025-12-04 17:05:41",1898,1878,79787,0,,14.4,1.4,7.36,33.45,,0.8
"2025-12-04 17:05:42",1899,1879,79782,51.772733,5.008067,14.35,358.5,7.36,33.45,,0.8
"2025-12-04 17:05:43",1900,1880,79772,0,,14.3,4.6,7.35,33.45,,0.8
"2025-12-04 17:05:44",1901,1881,79762,0,,14.25,0.8,7.35,33.4,,0.8
"2025-12-04 17:05:45",1902,1882,79752,51.773123,5.008087,14.35,1.1,7.33,33.4,,0.8
"2025-12-04 17:05:46",1902,1882,79749,0,,14.3,3.2,7.33,33.35,,0.8
"2025-12-04 17:05:47",1903,1883,79746,0,,14.3,0.8,7.32,33.35,,0.8
"2025-12-04 17:05:48",1903,1883,79744,51.773505,5.008115,14.3,5.9,7.3,33.35,,0.7
"2025-12-04 17:05:55",1909,1889,79681,0,,15.05,3.5,7.33,33.45,,0.8
"2025-12-04 17:05:56",1910,1890,79672,0,,13.8,3.6,7.32,33.5,,0.8
"2025-12-04 17:05:57",1911,1891,79664,51.774658,5.008198,13.9,0.2,7.3,33.55,,0.8
"2025-12-04 17:06:04",1915,1895,79626,0,,13.6,1.5,7.26,33.9,,0.8
"2025-12-04 17:06:05",1916,1896,79621,0,,13,5.8,7.27,34,,0.7
"2025-12-04 17:06:06",1916,1896,79616,51.775773,5.008287,13.95,2.9,7.29,34.05,,0.7
"2025-12-04 17:06:08",1921,1901,79574,0,,13.95,3.1,7.26,34.1,,0.9
"2025-12-04 17:06:09",1923,1903,79554,51.776152,5.008312,13.95,0.5,7.25,34.15,,1
"2025-12-04 17:06:10",1923,1903,79547,0,,13.45,6,7.26,34.2,,0.9
"2025-12-04 17:06:11",1924,1904,79540,0,,13.95,4.3,7.25,34.25,,0.9
"2025-12-04 17:06:12",1925,1905,79534,51.77652,5.008352,13.75,1.1,7.25,34.3,,0.9
"2025-12-04 17:06:25",1936,1916,79428,0,,14.35,4.4,7.21,34.35,,0.8
"2025-12-04 17:06:26",1937,1917,79420,0,,13.7,2.5,7.21,34.35,,0.8
"2025-12-04 17:06:27",1938,1918,79412,51.778362,5.008543,13.85,8.3,7.21,34.35,19,0.8
"2025-12-04 17:07:15",1977,1957,79028,51.78421,5.009638,13.65,7.9,6.94,32.95,,0.8
"2025-12-04 17:08:09",2037,2017,78458,51.790455,5.011398,12.3,10,6.71,31,,1.1
"2025-12-04 17:08:16",2047,2027,78361,0,,13.05,15.8,6.67,30.7,,1.1
"2025-12-04 17:08:17",2049,2029,78347,0,,13.1,14.3,6.66,30.65,,1.2
"2025-12-04 17:08:18",2050,2030,78334,51.791487,5.011813,13.05,15.8,6.65,30.6,,1.2
"2025-12-04 17:08:45",2089,2069,77966,51.794585,5.013195,12.95,15.2,6.8,27.6,,1.4
"2025-12-04 17:08:55",2104,2084,77822,0,,13.4,16.7,6.82,27.1,,1.5
"2025-12-04 17:08:56",2106,2086,77808,0,,13.25,18.2,6.82,27.1,,1.5
"2025-12-04 17:08:57",2107,2087,77794,51.79598,5.013857,13.6,13.4,6.82,27.1,,1.5
"2025-12-04 17:09:04",2119,2099,77683,0,,13.35,14.7,6.86,27.05,,1.6
"2025-12-04 17:09:05",2121,2101,77667,0,,14.55,18.7,6.86,27.05,,1.6
"2025-12-04 17:09:06",2122,2102,77652,51.797047,5.014362,13,15,6.83,27.05,,1.6
"2025-12-04 17:09:10",2127,2107,77607,0,,13.95,18.5,6.8,27,,1.5
"2025-12-04 17:09:11",2128,2108,77596,0,,13.1,13.1,6.8,27,,1.5
"2025-12-04 17:09:12",2129,2109,77586,51.797763,5.014698,13.65,17.1,6.79,27.05,,1.5
"2025-12-04 17:09:16",2138,2118,77506,0,,14.15,12.4,6.77,27.1,,1.6
"2025-12-04 17:09:17",2140,2120,77486,0,,13.35,18.7,6.74,27.1,,1.6
"2025-12-04 17:09:18",2142,2122,77466,51.798473,5.015043,13.8,18.2,6.72,27.1,,1.7
"2025-12-04 17:09:34",2169,2149,77211,0,,14.5,12.3,6.55,27.15,,1.7
"2025-12-04 17:09:35",2171,2151,77195,0,,13.6,16.1,6.53,27.15,,1.7
"2025-12-04 17:09:36",2173,2153,77180,51.800635,5.01602,14.1,14.9,6.53,27.1,17.75,1.7
"2025-12-04 17:09:38",2176,2156,77152,0,,13.9,14.8,6.55,27.15,,1.7
"2025-12-04 17:09:39",2177,2157,77138,51.800993,5.01618,13.95,13.9,6.53,27.1,,1.7
"2025-12-04 17:09:40",2179,2159,77119,0,,13.95,17.8,6.51,27.15,,1.7
"2025-12-04 17:09:41",2181,2161,77101,0,,14.6,13.9,6.49,27.15,,1.7
"2025-12-04 17:09:42",2183,2163,77084,51.801363,5.016347,14.25,15.8,6.48,27.15,,1.7
"2025-12-04 17:09:43",2185,2165,77066,0,,14.3,13.9,6.47,27.15,,1.7
"2025-12-04 17:09:44",2186,2166,77049,0,,14.3,14.6,6.44,27.2,,1.7
"2025-12-04 17:09:45",2188,2168,77032,51.801727,5.016505,14.35,18.1,6.44,27.2,,1.7
"2025-12-04 17:09:49",2194,2174,76974,0,,13.95,12,6.42,27.3,,1.7
"2025-12-04 17:09:50",2196,2176,76960,0,,14.1,16.7,6.4,27.35,,1.7
"2025-12-04 17:09:51",2197,2177,76946,51.802463,5.016818,14.65,16,6.37,27.4,,1.7
"2025-12-04 17:09:53",2202,2182,76905,0,,14.3,12.1,6.35,27.5,,1.7
"2025-12-04 17:09:54",2204,2184,76886,51.802833,5.01698,14,16.5,6.35,27.55,,1.8
"2025-12-04 17:09:55",2205,2185,76871,0,,14.7,17.1,6.33,27.6,,1.7
"2025-12-04 17:09:56",2207,2187,76857,0,,13.75,16.3,6.31,27.65,,1.7
"2025-12-04 17:09:57",2208,2188,76844,51.803198,5.017158,13.85,15.9,6.29,27.7,,1.7
"2025-12-04 17:09:58",2210,2190,76831,0,,13.95,12.5,6.27,27.65,,1.6
"2025-12-04 17:09:59",2211,2191,76819,0,,14.3,16.4,6.26,27.65,,1.6
"2025-12-04 17:10:00",2212,2192,76808,51.803572,5.017315,14.55,13.7,6.23,27.65,,1.6
"2025-12-04 17:11:12",2344,2324,75586,51.81267,5.020725,14.05,10.2,5.22,27.4,,1.8
"2025-12-04 17:11:13",2346,2326,75569,0,,14.25,10.1,5.2,27.4,,1.8
"2025-12-04 17:11:14",2347,2327,75553,0,,13.95,10.6,5.22,27.4,,1.8
"2025-12-04 17:11:15",2349,2329,75538,51.813055,5.02083,14.55,7.1,5.19,27.35,,1.8
"2025-12-04 17:11:19",2356,2336,75472,0,,14.2,7.2,5.17,27.35,,1.8
"2025-12-04 17:11:20",2358,2338,75456,0,,14.85,7.9,5.16,27.35,,1.8
"2025-12-04 17:11:21",2360,2340,75440,51.81383,5.021033,14.5,11.5,5.14,27.3,,1.8
"2025-12-04 17:11:23",2361,2341,75425,0,,15.2,11.1,5.13,27.2,,1.8
"2025-12-04 17:11:24",2362,2342,75418,51.814222,5.021135,14.35,8.3,5.12,27.15,17,1.8
"2025-12-04 17:11:28",2371,2351,75335,0,,14.5,11,5.03,27,,1.7
"2025-12-04 17:11:29",2373,2353,75314,0,,14.35,7.1,5.02,26.95,,1.7
"2025-12-04 17:11:30",2376,2356,75294,51.815,5.021307,14.4,7.6,5.01,26.9,,1.8
"2025-12-04 17:11:31",2377,2357,75279,0,,14.4,9.9,5.01,26.85,,1.7
"2025-12-04 17:11:32",2379,2359,75265,0,,14.75,7.4,5.01,26.85,,1.7
"2025-12-04 17:11:33",2380,2360,75252,51.815387,5.021402,14.55,10.8,4.98,26.8,,1.7
"2025-12-04 17:11:34",2382,2362,75235,0,,14.55,6.8,4.96,26.85,,1.7
"2025-12-04 17:11:35",2384,2364,75217,0,,15.25,7.4,4.96,26.8,,1.9
"2025-12-04 17:11:36",2386,2366,75200,51.815778,5.02149,13.7,8.2,4.96,26.8,,2
"2025-12-04 17:11:43",2398,2378,75084,0,,14.6,6.4,4.84,26.65,,1.8
"2025-12-04 17:11:44",2400,2380,75068,0,,14.65,7.5,4.85,26.6,,1.8
"2025-12-04 17:11:45",2402,2382,75052,51.816948,5.021742,14.75,8.6,4.84,26.55,,1.8
"2025-12-04 17:11:55",2419,2399,74895,0,,14.8,9.7,4.72,26.15,,1.7
"2025-12-04 17:11:56",2421,2401,74879,0,,14.05,5.9,4.72,26.15,,1.7
"2025-12-04 17:11:57",2423,2403,74864,51.8185,5.022048,14.65,5.2,4.71,26.1,,1.7
"2025-12-04 17:12:01",2429,2409,74805,0,,14.05,6.7,4.68,25.9,,1.7
"2025-12-04 17:12:02",2431,2411,74790,0,,15,6.1,4.66,25.9,,1.7
"2025-12-04 17:12:03",2432,2412,74776,51.819268,5.022193,13.55,7.3,4.66,25.85,,1.7
"2025-12-04 17:12:10",2444,2424,74672,0,,14.5,7.7,4.63,25.75,,1.6
"2025-12-04 17:12:11",2445,2425,74657,0,,14.5,3.2,4.59,25.7,,1.6
"2025-12-04 17:12:12",2447,2427,74642,51.820417,5.022408,14,9.9,4.61,25.65,,1.6
"2025-12-04 17:13:03",2519,2499,73986,51.826873,5.023058,14.15,359.8,4.29,18.55,,1.4
"2025-12-04 17:13:04",2520,2500,73980,0,,14.1,4.4,4.29,18.4,,1.4
"2025-12-04 17:13:05",2520,2500,73974,0,,14.25,359,4.28,18.35,,1.4
"2025-12-04 17:13:06",2521,2501,73968,51.827255,5.023072,14.9,1.8,4.28,18.3,,1.4
"2025-12-04 17:13:07",2523,2503,73947,0,,14.4,1,4.28,18.25,,1.4
"2025-12-04 17:13:08",2526,2506,73925,0,,14.25,2.1,4.27,18.25,,1.4
"2025-12-04 17:13:09",2528,2508,73904,51.827633,5.023093,14.45,3.3,4.27,18.3,,1.4
"2025-12-04 17:13:10",2529,2509,73893,0,,14.55,358.9,4.27,18.3,,1.4
"2025-12-04 17:13:11",2530,2510,73883,0,,14.35,2.3,4.27,18.3,,1.4
"2025-12-04 17:13:12",2531,2511,73874,51.828015,5.023102,13.65,358.9,4.27,18.35,16,1.4
"2025-12-04 17:13:13",2533,2513,73860,0,,14.15,3.3,4.25,18.4,,1.4
"2025-12-04 17:13:14",2534,2514,73847,0,,13.95,0.6,4.24,18.45,,1.4
"2025-12-04 17:13:15",2536,2516,73834,51.828395,5.023112,13.9,359.1,4.23,18.5,,1.4
"2025-12-04 17:13:16",2537,2517,73824,0,,13.9,3.1,4.22,18.5,,1.4
"2025-12-04 17:13:17",2538,2518,73814,0,,14.2,358.4,4.22,18.55,,1.5
"2025-12-04 17:13:18",2539,2519,73804,51.828783,5.023123,14.25,4.1,4.22,18.6,,1.5
"2025-12-04 17:13:19",2541,2521,73790,0,,14.15,359.7,4.22,18.65,,1.4
"2025-12-04 17:13:20",2542,2522,73776,0,,14.8,359.8,4.22,18.65,,1.4
"2025-12-04 17:13:21",2544,2524,73762,51.829165,5.023133,13.55,2.4,4.21,18.6,,1.3
"2025-12-04 17:13:23",2546,2526,73743,0,,14.75,0.6,4.23,18.55,,1.3
"2025-12-04 17:13:24",2547,2527,73734,51.82955,5.023128,14.35,356.4,4.22,18.5,,1.3
"2025-12-04 17:13:25",2547,2527,73727,0,,14.2,3,4.24,18.45,,1.2
"2025-12-04 17:13:26",2548,2528,73721,0,,14.35,358.4,4.27,18.5,,1.2
"2025-12-04 17:13:27",2549,2529,73716,51.829932,5.023127,14.35,358.3,4.28,18.55,,1.1
"2025-12-04 17:13:28",2550,2530,73706,0,,13.45,1,4.27,18.6,,1.1
"2025-12-04 17:13:29",2551,2531,73697,0,,14.6,358.6,4.26,18.65,,1.1
"2025-12-04 17:13:30",2552,2532,73688,51.830312,5.023125,14.3,1.7,4.25,18.7,,1.1
"2025-12-04 17:13:31",2554,2534,73666,0,,14.15,359.2,4.24,18.8,,1.1
"2025-12-04 17:13:32",2557,2537,73646,0,,14.95,1,4.25,18.85,,1.2
"2025-12-04 17:13:33",2559,2539,73626,51.83069,5.02313,13.1,359.9,4.24,18.9,,1.3
"2025-12-04 17:13:34",2560,2540,73614,0,,14.05,358.4,4.23,18.95,,1.3
"2025-12-04 17:13:35",2561,2541,73603,0,,14.65,1.8,4.21,19,,1.3
"2025-12-04 17:13:36",2563,2543,73592,51.831073,5.023125,14.2,357.3,4.21,19.05,,1.3
"2025-12-04 17:13:38",2563,2543,73592,0,,13.5,359.5,4.21,19.1,,1.2
"2025-12-04 17:13:39",2563,2543,73592,51.831453,5.023117,14.8,358.6,4.22,19.1,16,1.1
"2025-12-04 17:13:40",2564,2544,73577,0,,14.1,2.2,4.23,19.15,,1.2
"2025-12-04 17:13:41",2566,2546,73562,0,,14.4,356.8,4.22,19.15,,1.2
"2025-12-04 17:13:42",2567,2547,73548,51.831838,5.023112,13.75,0.3,4.21,19.2,,1.3
"2025-12-04 17:13:43",2569,2549,73530,0,,14.1,358.3,4.2,19.15,,1.3
"2025-12-04 17:13:44",2571,2551,73513,0,,14.85,0.5,4.18,19.15,,1.3
"2025-12-04 17:13:45",2573,2553,73496,51.832222,5.02311,13.95,0.5,4.16,19.2,,1.3
"2025-12-04 17:13:49",2576,2556,73468,0,,14.1,1.3,4.12,19.35,,1.1
"2025-12-04 17:13:50",2577,2557,73461,0,,13.45,359.6,4.11,19.45,,1
"2025-12-04 17:13:51",2578,2558,73454,51.832995,5.023105,15.2,359.8,4.1,19.5,,1.2
"2025-12-04 17:13:53",2581,2561,73428,0,,15.25,356.2,4.1,19.65,,1.3
"2025-12-04 17:13:54",2582,2562,73416,51.833388,5.023097,14.25,2.4,4.09,19.65,,1.3
"2025-12-04 17:13:55",2584,2564,73401,0,,14.15,357.7,4.08,19.7,,1.2
"2025-12-04 17:13:56",2585,2565,73387,0,,15.35,0.6,4.08,19.7,,1.2
"2025-12-04 17:13:57",2587,2567,73374,51.83378,5.023092,14.7,357.7,4.09,19.65,,1.2
"2025-12-04 17:13:58",2588,2568,73363,0,,14.85,357.3,4.09,19.7,,1.1
"2025-12-04 17:13:59",2589,2569,73352,0,,13.95,2,4.08,19.65,,1.1
"2025-12-04 17:14:00",2590,2570,73342,51.834172,5.023078,14.55,357.6,4.08,19.65,,1.1
"2025-12-04 17:14:01",2591,2571,73334,0,,14.5,359.9,4.1,19.6,,1.2
"2025-12-04 17:14:02",2592,2572,73327,0,,14,357.5,4.1,19.55,,1.2
"2025-12-04 17:14:03",2593,2573,73320,51.834562,5.023063,15.5,358.9,4.1,19.5,,1.2
"2025-12-04 17:14:05",2595,2575,73302,0,,14.85,357.3,4.13,19.35,,1.2
"2025-12-04 17:14:06",2596,2576,73294,51.834953,5.023047,13.9,1.4,4.12,19.3,15.5,1.2
"2025-12-04 17:14:07",2597,2577,73279,0,,14.75,358.7,4.11,19.25,,1.1
"2025-12-04 17:14:08",2599,2579,73265,0,,15.1,1.3,4.11,19.2,,1.1
"2025-12-04 17:14:09",2600,2580,73252,51.835348,5.023045,14.65,357.8,4.1,19.15,,1.1
"2025-12-04 17:14:10",2601,2581,73246,0,,15.25,358.6,4.1,19.2,,1.1
"2025-12-04 17:14:11",2602,2582,73241,0,,14.45,357.9,4.09,19.2,,1
"2025-12-04 17:14:12",2602,2582,73236,51.835747,5.023022,14.95,357,4.09,19.15,,1
"2025-12-04 17:14:16",2608,2588,73180,0,,14.85,359,4.04,19.15,,1.2
"2025-12-04 17:14:17",2610,2590,73166,0,,14.85,356.7,4.02,19.15,,1.3
"2025-12-04 17:14:18",2611,2591,73152,51.836528,5.023002,14.15,3.1,4.02,19.15,,1.3
"2025-12-04 17:14:19",2613,2593,73141,0,,14.8,357,4,19.15,,1.3
"2025-12-04 17:14:20",2614,2594,73131,0,,14.05,2.7,4,19.15,,1.2
"2025-12-04 17:14:21",2615,2595,73122,51.836913,5.023008,14.15,1.5,4,19.1,,1.2
"2025-12-04 17:14:22",2616,2596,73113,0,,14.15,355.9,3.99,19.1,,1.2
"2025-12-04 17:14:23",2617,2597,73105,0,,14.25,1.9,3.99,19.1,,1.3
"2025-12-04 17:14:24",2618,2598,73098,51.837305,5.023002,14.2,0.1,3.99,19.1,,1.3
"2025-12-04 17:14:25",2619,2599,73088,0,,14.05,0.2,4.02,19.05,,1.3
"2025-12-04 17:14:26",2620,2600,73078,0,,14.2,358.5,4,19.05,,1.3
"2025-12-04 17:14:27",2621,2601,73068,51.837692,5.022995,14.2,359,4,19.05,,1.3
"2025-12-04 17:14:31",2623,2603,73046,0,,14.4,356.7,3.99,19,,0.9
"2025-12-04 17:14:32",2624,2604,73041,0,,14.55,1.3,3.99,18.95,,0.9
"2025-12-04 17:14:33",2624,2604,73036,51.838465,5.022982,13.5,359.3,3.99,18.95,15.5,0.8
"2025-12-04 17:14:40",2635,2615,72945,0,,14.2,2.2,3.99,18.95,,1.1
"2025-12-04 17:14:41",2636,2616,72932,0,,14.45,357.1,3.99,18.95,,1.1
"2025-12-04 17:14:42",2637,2617,72920,51.839637,5.02295,14.3,358.4,3.99,18.95,,1.1
"2025-12-04 17:14:49",2645,2625,72856,0,,14.7,1.2,3.92,18.7,,1.3
"2025-12-04 17:14:50",2646,2626,72847,0,,14.15,358.2,3.91,18.65,,1.2
"2025-12-04 17:14:51",2647,2627,72838,51.840805,5.0229,14.35,357.6,3.91,18.6,,1.2
"2025-12-04 17:14:53",2648,2628,72824,0,,14.55,356.9,3.9,18.5,,1
"2025-12-04 17:14:54",2649,2629,72818,51.841193,5.02288,14.45,1,3.87,18.45,,1
"2025-12-04 17:14:55",2651,2631,72801,0,,14.4,357.3,3.89,18.35,,1
"2025-12-04 17:14:56",2652,2632,72785,0,,15.1,357,3.87,18.35,,1.1
"2025-12-04 17:14:57",2654,2634,72770,51.84158,5.022858,13.35,357.8,3.9,18.3,,1.1
"2025-12-04 17:14:58",2655,2635,72761,0,,13.35,357.8,3.87,18.25,,1.1
"2025-12-04 17:14:59",2656,2636,72752,0,,14.2,359.2,3.9,18.2,,1.1
"2025-12-04 17:15:00",2657,2637,72744,51.841955,5.022837,13.25,356.5,3.9,18.15,15.5,1.1
"2025-12-04 17:15:01",2657,2637,72742,0,,14.6,358.7,3.9,18.05,,1.1
"2025-12-04 17:15:02",2658,2638,72740,0,,14.3,358.1,3.87,17.95,,1
"2025-12-04 17:15:03",2658,2638,72738,51.842342,5.022813,14.35,357.9,3.87,17.9,,0.9
"2025-12-04 17:15:08",2663,2643,72688,0,,13.95,357.8,3.85,17.45,,1
"2025-12-04 17:15:09",2665,2645,72678,51.843105,5.022765,14,357.7,3.84,17.35,,0.9
"2025-12-04 17:15:11",2668,2648,72643,0,,14.5,359.4,3.83,17.2,,1
"2025-12-04 17:15:12",2670,2650,72626,51.843483,5.022745,14.15,357.7,3.83,17.15,,1.1
"2025-12-04 17:15:14",2671,2651,72617,0,,14.2,358.4,3.85,16.95,,1.1
"2025-12-04 17:15:15",2672,2652,72614,51.843863,5.02273,13.55,356.1,3.85,16.9,,1.2
"2025-12-04 17:15:17",2674,2654,72589,0,,14.35,356,3.84,16.8,,1.2
"2025-12-04 17:15:18",2676,2656,72578,51.84424,5.022698,14.55,0.2,3.83,16.75,,1.2
"2025-12-04 17:15:20",2677,2657,72566,0,,14,356.1,3.81,16.65,,1.1
"2025-12-04 17:15:21",2678,2658,72560,51.84462,5.02267,14.35,356.7,3.79,16.6,,1.1
"2025-12-04 17:15:23",2679,2659,72545,0,,14.25,358.3,3.77,16.5,,1.1
"2025-12-04 17:15:24",2680,2660,72538,51.845005,5.022647,14.15,357.4,3.76,16.45,,0.9
"2025-12-04 17:15:25",2681,2661,72528,0,,14.25,357.7,3.75,16.35,,0.8
"2025-12-04 17:15:26",2682,2662,72519,0,,14.35,355.3,3.74,16.35,,0.8
"2025-12-04 17:15:27",2683,2663,72510,51.84538,5.022613,13.65,358,3.75,16.3,15.5,0.9
"2025-12-04 17:15:28",2685,2665,72492,0,,14.75,358.9,3.75,16.3,,1
"2025-12-04 17:15:29",2687,2667,72474,0,,13.65,357.7,3.75,16.25,,1.1
"2025-12-04 17:15:30",2689,2669,72456,51.845762,5.022593,14.15,358.3,3.75,16.2,,1.2
"2025-12-04 17:15:34",2694,2674,72417,0,,13.65,355.8,3.7,16,,1.2
"2025-12-04 17:15:35",2695,2675,72407,0,,13.95,356.9,3.69,16,,1.3
"2025-12-04 17:15:36",2696,2676,72398,51.846513,5.02252,13.9,354.7,3.68,15.95,,1.3
"2025-12-04 17:15:43",2704,2684,72326,0,,13.55,355.5,3.63,15.8,,1.1
"2025-12-04 17:15:44",2705,2685,72316,0,,13.2,356.9,3.62,15.8,,1.1
"2025-12-04 17:15:45",2706,2686,72306,51.847628,5.022418,13.4,355.6,3.62,15.75,,1.1
"2025-12-04 17:15:53",2715,2695,72226,0,,13.5,352.4,3.56,15.6,,1.1
"2025-12-04 17:15:54",2716,2696,72216,51.848747,5.022308,14.15,359.4,3.56,15.65,15,1.1
"2025-12-04 17:15:55",2717,2697,72206,0,,13.95,354.6,3.56,15.7,,1.1
"2025-12-04 17:15:56",2719,2699,72197,0,,13.45,355,3.56,15.8,,1.1
"2025-12-04 17:15:57",2720,2700,72188,51.84912,5.022268,13.75,358.3,3.56,15.85,,1.1
"2025-12-04 17:15:58",2721,2701,72177,0,,13.2,354.1,3.54,16,,1.1
"2025-12-04 17:15:59",2722,2702,72166,0,,14,357.3,3.53,16.1,,1.1
"2025-12-04 17:16:00",2723,2703,72156,51.849488,5.022223,13.65,353.3,3.54,16.25,,1.1
"2025-12-04 17:16:01",2724,2704,72147,0,,13.65,353.7,3.52,16.4,,1.1
"2025-12-04 17:16:02",2725,2705,72139,0,,14.15,357.8,3.52,16.5,,1.1
"2025-12-04 17:16:03",2726,2706,72132,51.849858,5.022173,13.1,354.5,3.52,16.6,,1.1
"2025-12-04 17:16:04",2726,2706,72126,0,,13.7,356,3.52,16.7,,1.1
"2025-12-04 17:16:05",2727,2707,72121,0,,13.9,353.1,3.51,16.75,,1
"2025-12-04 17:16:06",2728,2708,72116,51.850232,5.022113,13.9,354.2,3.5,16.95,,1
"2025-12-04 17:16:36",2764,2744,71792,51.853927,5.02151,13.95,352.7,3.22,20.65,,1.2
"2025-12-04 17:16:37",2766,2746,71776,0,,13.55,352.1,3.2,20.8,,1.2
"2025-12-04 17:16:38",2768,2748,71757,0,,13.8,355.3,3.19,20.95,,1.3
"2025-12-04 17:16:39",2770,2750,71738,51.854295,5.021445,13.8,354.7,3.19,21.1,,1.3
"2025-12-04 17:16:40",2772,2752,71725,0,,13.1,357.1,3.2,21.25,,1.3
"2025-12-04 17:16:41",2773,2753,71713,0,,14.05,351.5,3.19,21.45,,1.3
"2025-12-04 17:16:42",2775,2755,71702,51.854658,5.021388,13.4,354.7,3.19,21.5,,1.3
"2025-12-04 17:16:43",2775,2755,71694,0,,13.55,356.1,3.17,21.65,,1.3
"2025-12-04 17:16:44",2776,2756,71687,0,,13.45,353.4,3.17,21.75,,1.3
"2025-12-04 17:16:45",2777,2757,71680,51.855022,5.021342,13.1,358.6,3.17,21.85,,1.3
"2025-12-04 17:16:49",2782,2762,71640,0,,13.2,355.1,3.07,22.15,,1.3
"2025-12-04 17:16:50",2783,2763,71630,0,,13.6,357.1,3.06,22.25,,1.2
"2025-12-04 17:16:51",2784,2764,71620,51.855745,5.021233,13.35,351.6,3.06,22.3,,1.1
"2025-12-04 17:16:53",2786,2766,71602,0,,13.3,355,3.02,22.45,,1.1
"2025-12-04 17:16:54",2787,2767,71594,51.856107,5.021175,13.15,355.7,2.98,22.55,,1
"2025-12-04 17:16:55",2789,2769,71575,0,,13.35,355.5,2.97,22.65,,1.1
"2025-12-04 17:16:56",2791,2771,71557,0,,13,352.6,2.94,22.75,,1.2
"2025-12-04 17:16:57",2793,2773,71540,51.856463,5.021122,13.5,356.7,2.95,22.9,,1.3
"2025-12-04 17:16:59",2796,2776,71511,0,,13.1,355.4,2.93,23.15,,1.4
"2025-12-04 17:17:00",2798,2778,71498,51.856827,5.02107,13.5,355,2.93,23.25,,1.4
"2025-12-04 17:17:02",2799,2779,71482,0,,14.05,356.4,2.94,23.4,,1.4
"2025-12-04 17:17:03",2800,2780,71474,51.857188,5.021017,14.2,354.1,2.98,23.5,,1.4
"2025-12-04 17:17:05",2792,2772,71545,0,,15.2,357.3,2.94,23.6,,0.5
"2025-12-04 17:17:06",2789,2769,71578,51.857585,5.020973,14.85,2.4,2.97,23.6,,0.1
"2025-12-04 17:17:07",2781,2761,71643,0,,13.1,356.5,2.94,23.65,,-0.4
"2025-12-04 17:17:08",2771,2751,71729,0,,14.05,352.3,2.92,23.65,,-1.4
"2025-12-04 17:17:09",2762,2742,71816,51.857957,5.02093,14.55,355.8,2.92,23.55,,-2.3
"2025-12-04 17:17:10",2753,2733,71888,0,,,,2.92,23.4,,-3.1
"2025-12-04 17:17:11",2745,2725,71962,0,,,,2.93,23.25,,-3.4
"2025-12-04 17:17:12",2737,2717,72036,0,,,,2.98,23.1,,-4.7
"2025-12-04 17:17:13",2729,2709,72105,0,,15.2,0.3,3.02,22.85,,-5.4
"2025-12-04 17:17:14",2721,2701,72173,0,,13.95,359.5,3.04,22.6,,-5.6
"2025-12-04 17:17:15",2713,2693,72242,51.85873,5.020835,13,355.5,3.08,22.35,14.75,-6.7
"2025-12-04 17:17:16",2704,2684,72325,0,,13.95,351.9,3.12,21.95,,-7.4
"2025-12-04 17:17:17",2695,2675,72404,0,,13.45,354.6,3.18,21.45,,-7.5
"2025-12-04 17:17:18",2686,2666,72484,51.859105,5.020778,13.15,359.7,3.22,21.05,,-8.3
"2025-12-04 17:17:19",2676,2656,72572,0,,12.85,358.7,3.27,20.65,,-8.7
"2025-12-04 17:17:20",2666,2646,72660,0,,12.65,350.7,3.34,20.3,,-8.7
"2025-12-04 17:17:21",2657,2637,72748,51.859463,5.02073,14.85,352.3,3.41,19.95,,-8.7
"2025-12-04 17:17:22",2649,2629,72820,0,,14.15,0.7,3.47,19.6,,-8.7
"2025-12-04 17:17:23",2640,2620,72894,0,,13.35,353.9,3.51,19.35,,-8.7
"2025-12-04 17:17:24",2632,2612,72968,51.859845,5.020692,15.15,356.3,3.56,19.15,,-8.7
"2025-12-04 17:17:25",2625,2605,73027,0,,13.65,0.1,3.61,19.05,,-8.6
"2025-12-04 17:17:26",2619,2599,73087,0,,14.55,354.8,3.68,19,,-8.5
"2025-12-04 17:17:27",2612,2592,73148,51.860228,5.020668,14.2,1.7,3.71,18.95,,-8.5
"2025-12-04 17:17:28",2603,2583,73227,0,,13.5,354.4,3.75,18.95,,-8.5
"2025-12-04 17:17:29",2594,2574,73306,0,,15.55,354.3,3.8,18.95,,-8.5
"2025-12-04 17:17:30",2585,2565,73386,51.860623,5.020633,16,1.1,3.9,19,,-8.5
"2025-12-04 17:17:34",2553,2533,73681,0,,15.05,2.1,4.06,19.1,,-8
"2025-12-04 17:17:35",2544,2524,73755,0,,12.95,1.3,4.08,19.15,,-8
"2025-12-04 17:17:36",2536,2516,73830,51.861387,5.020625,14.35,355.6,4.13,19.2,,-8
"2025-12-04 17:17:37",2528,2508,73900,0,,13.75,0.1,4.15,19.25,,-8.1
"2025-12-04 17:17:38",2521,2501,73969,0,,14.9,355.8,4.23,19.35,,-8.1
"2025-12-04 17:17:39",2513,2493,74038,51.861775,5.020608,14.8,2.9,4.26,19.35,,-8.2
"2025-12-04 17:17:41",2495,2475,74201,0,,13.9,353.3,4.31,19.4,,-8.2
"2025-12-04 17:17:42",2486,2466,74282,51.862152,5.020587,15.6,357.6,4.35,19.35,14,-8.2
"2025-12-04 17:17:43",2479,2459,74347,0,,15.75,3.6,4.45,19.25,,-8.2
"2025-12-04 17:17:44",2472,2452,74412,0,,14.6,8,4.46,19.15,,-8.1
"2025-12-04 17:17:45",2465,2445,74478,51.862548,5.020633,12.45,4.5,4.46,19.05,,-8
"2025-12-04 17:17:46",2457,2437,74550,0,,13.35,355.4,4.46,18.95,,-7.9
"2025-12-04 17:17:47",2449,2429,74620,0,,14.4,2,4.46,18.95,,-7.9
"2025-12-04 17:17:48",2442,2422,74690,51.86291,5.020635,13,1.1,4.46,19.1,,-7.8
"2025-12-04 17:17:49",2433,2413,74766,0,,14.6,2,4.48,19.35,,-7.9
"2025-12-04 17:17:50",2424,2404,74847,0,,13.15,7.2,4.46,19.75,,-8
"2025-12-04 17:17:51",2416,2396,74928,51.86328,5.020672,14.05,1.1,4.51,20.15,,-8.1
"2025-12-04 17:17:52",2408,2388,74999,0,,13.9,8.7,4.51,20.65,,-8.1
"2025-12-04 17:17:53",2400,2380,75070,0,,12.85,11.1,4.52,21.1,,-8.1
"2025-12-04 17:17:54",2392,2372,75142,51.86364,5.020753,11.85,6,4.52,21.55,,-7.9
"2025-12-04 17:17:58",2359,2339,75446,0,,14.65,5.1,4.64,23.25,,-8.1
"2025-12-04 17:17:59",2351,2331,75522,0,,13.75,10.7,4.66,23.65,,-8.2
"2025-12-04 17:18:00",2343,2323,75598,51.86438,5.02088,14.65,6.1,4.72,24.05,,-8.2
"2025-12-04 17:18:04",2310,2290,75898,0,,14.3,16.8,4.92,25.4,,-8.1
"2025-12-04 17:18:05",2302,2282,75973,0,,13.35,14.1,4.95,25.65,,-8.1
"2025-12-04 17:18:06",2294,2274,76048,51.865127,5.021127,13.9,8.7,5,25.9,,-8.2
"2025-12-04 17:18:08",2279,2259,76191,0,,14.3,17.6,5.14,26.35,,-8.1
"2025-12-04 17:18:09",2271,2251,76262,51.86551,5.021268,14.45,10.4,5.2,26.5,13.25,-8.1
"2025-12-04 17:18:10",2263,2243,76337,0,,15.25,13.3,5.28,26.7,,-8
"2025-12-04 17:18:11",2255,2235,76411,0,,14.6,18.2,5.32,26.85,,-8
"2025-12-04 17:18:12",2247,2227,76486,51.865887,5.02143,13.5,15,5.37,27,,-7.9
"2025-12-04 17:18:13",2239,2219,76559,0,,14.3,7.3,5.43,27.15,,-8
"2025-12-04 17:18:14",2231,2211,76634,0,,15.15,12.8,5.49,27.3,,-8
"2025-12-04 17:18:15",2223,2203,76710,51.86626,5.02156,13.3,16.7,5.53,27.45,,-8
"2025-12-04 17:18:16",2215,2195,76781,0,,13.6,9,5.59,27.6,,-7.9
"2025-12-04 17:18:17",2207,2187,76852,0,,14.85,14.1,5.67,27.65,,-7.9
"2025-12-04 17:18:18",2200,2180,76924,51.866622,5.021707,13.15,20.9,5.71,27.75,,-7.8
"2025-12-04 17:18:19",2192,2172,76997,0,,11.95,13.6,5.75,27.8,,-7.8
"2025-12-04 17:18:20",2184,2164,77071,0,,13.9,12.7,5.82,27.85,,-7.8
"2025-12-04 17:18:21",2176,2156,77146,51.866957,5.02186,12.9,20.2,5.86,27.9,,-7.9
"2025-12-04 17:18:22",2168,2148,77224,0,,12.8,12.3,5.9,27.9,,-7.9
"2025-12-04 17:18:23",2159,2139,77302,0,,12.7,14.5,5.94,27.95,,-8
"2025-12-04 17:18:24",2151,2131,77380,51.8673,5.022008,13.3,15.2,6,28,,-8
"2025-12-04 17:18:25",2143,2123,77458,0,,14.45,17.7,6.06,28,,-8
"2025-12-04 17:18:26",2135,2115,77535,0,,12.8,23.6,6.08,28,,-8
"2025-12-04 17:18:27",2127,2107,77612,51.867635,5.022195,11.4,15.5,6.12,28,,-8
"2025-12-04 17:18:28",2119,2099,77679,0,,12.85,10.5,6.14,28.05,,-8
"2025-12-04 17:18:29",2112,2092,77747,0,,13.9,18.1,6.16,28.1,,-7.9
"2025-12-04 17:18:30",2105,2085,77816,51.867967,5.022348,12,22.2,6.16,28.2,,-7.9
"2025-12-04 17:18:32",2089,2069,77964,0,,13.6,19.2,6.18,28.45,,-7.9
"2025-12-04 17:18:33",2081,2061,78042,51.86829,5.02252,12.2,21.7,6.13,28.7,,-8
"2025-12-04 17:18:34",2072,2052,78130,0,,11.85,14.8,6.11,29,,-8.1
"2025-12-04 17:18:35",2062,2042,78218,0,,12.65,5.5,6.07,29.2,,-8.1
"2025-12-04 17:18:36",2053,2033,78306,51.868617,5.022627,13.75,8.1,6.11,29.5,13,-8.2
"2025-12-04 17:18:37",2047,2027,78367,0,,14.25,15.8,6.16,29.7,,-8.1
"2025-12-04 17:18:38",2040,2020,78428,0,,12.4,20.4,6.16,30,,-7.9
"2025-12-04 17:18:39",2034,2014,78490,51.868955,5.022778,11.25,12.2,6.16,30.25,,-7.8
"2025-12-04 17:18:40",2026,2006,78564,0,,13.7,7.7,6.2,30.45,,-7.8
"2025-12-04 17:18:41",2018,1998,78638,0,,13,15.1,6.22,30.7,,-7.8
"2025-12-04 17:18:42",2011,1991,78712,51.869293,5.022883,12.4,8.5,6.24,31,,-7.8
"2025-12-04 17:18:43",2003,1983,78787,0,,14.1,9.5,6.29,31.35,,-7.9
"2025-12-04 17:18:44",1995,1975,78861,0,,12.6,13.8,6.32,31.6,,-7.8
"2025-12-04 17:18:45",1987,1967,78936,51.869643,5.022983,13.1,5.1,6.36,31.85,,-7.8
"2025-12-04 17:18:46",1979,1959,79013,0,,13.1,11.1,6.4,32.05,,-7.7
"2025-12-04 17:18:47",1971,1951,79087,0,,12.25,12.9,6.43,32.3,,-7.6
"2025-12-04 17:18:48",1964,1944,79162,51.870002,5.02308,13.95,5.2,6.49,32.45,,-7.4
"2025-12-04 17:18:49",1956,1936,79232,0,,13.8,11.7,6.52,32.65,,-7.5
"2025-12-04 17:18:50",1948,1928,79308,0,,12.45,11.1,6.56,32.8,,-7.6
"2025-12-04 17:18:51",1940,1920,79384,51.870352,5.023172,13.35,6.6,6.59,32.95,,-7.7
"2025-12-04 17:18:52",1932,1912,79460,0,,13.65,8.4,6.62,33.1,,-7.8
"2025-12-04 17:18:53",1925,1905,79536,0,,14,4.9,6.66,33.3,,-7.8
"2025-12-04 17:18:54",1917,1897,79612,51.87072,5.023238,13.85,5.8,6.71,33.4,,-7.8
"2025-12-04 17:18:55",1908,1888,79700,0,,14.05,5,6.75,33.5,,-7.9
"2025-12-04 17:18:56",1899,1879,79787,0,,13.65,4.2,6.8,33.55,,-8
"2025-12-04 17:18:57",1890,1870,79874,51.871095,5.023277,13.95,359.5,6.83,33.6,,-8.1
"2025-12-04 17:18:58",1882,1862,79948,0,,13.95,1.6,6.9,33.65,,-8.1
"2025-12-04 17:18:59",1874,1854,80021,0,,14.2,6.5,6.95,33.7,,-8.1
"2025-12-04 17:19:00",1867,1847,80094,51.871478,5.023305,13.1,0.4,7.03,33.75,,-8
"2025-12-04 17:19:03",1844,1824,80320,51.871862,5.023338,14.1,1,7.24,33.95,13,-8.1
"2025-12-04 17:19:04",1835,1815,80399,0,,14.15,6.8,7.29,34.2,,-8.1
"2025-12-04 17:19:05",1827,1807,80477,0,,13.45,358.9,7.33,34.6,,-8.1
"2025-12-04 17:19:06",1819,1799,80556,51.872238,5.023362,15.2,0.8,7.39,35,,-8.1
"2025-12-04 17:19:07",1812,1792,80627,0,,14.25,4.8,7.42,35.5,,-8.1
"2025-12-04 17:19:08",1805,1785,80697,0,,13.5,355.6,7.47,36,,-7.9
"2025-12-04 17:19:09",1797,1777,80768,51.872613,5.02336,14.05,359.1,7.5,36.65,,-7.8
"2025-12-04 17:19:10",1791,1771,80835,0,,12.8,359.4,7.53,37.25,,-7.6
"2025-12-04 17:19:11",1784,1764,80902,0,,14.45,354.3,7.61,37.7,,-7.6
"2025-12-04 17:19:12",1777,1757,80970,51.87299,5.023337,13.6,1.2,7.64,38.2,,-7.5
"2025-12-04 17:19:13",1770,1750,81038,0,,12.7,358.6,7.69,38.75,,-7.5
"2025-12-04 17:19:14",1763,1743,81106,0,,14.35,355.5,7.78,39.2,,-7.4
"2025-12-04 17:19:15",1756,1736,81174,51.87336,5.023322,13.5,2.9,7.81,39.6,,-7.3
"2025-12-04 17:19:16",1749,1729,81244,0,,12.55,355.9,7.85,39.95,,-7.3
"2025-12-04 17:19:17",1741,1721,81316,0,,14.25,357.5,7.91,40.3,,-7.2
"2025-12-04 17:19:18",1734,1714,81388,51.873718,5.023307,12.55,1,7.95,40.6,,-7.2
"2025-12-04 17:19:28",1659,1639,82122,0,,13.5,352.4,8.56,42.3,,-7.4
"2025-12-04 17:19:29",1652,1632,82196,0,,12.95,359.1,8.59,42.5,,-7.4
"2025-12-04 17:19:30",1644,1624,82270,51.875122,5.023168,12.95,351.6,8.67,42.8,13.5,-7.5
"2025-12-04 17:19:32",1628,1608,82437,0,,12.5,351.9,8.74,43.55,,-7.6
"2025-12-04 17:19:33",1619,1599,82522,51.875473,5.023108,13.1,353.6,8.8,43.9,,-7.7
"2025-12-04 17:19:37",1591,1571,82800,0,,12.75,349.2,8.98,45.25,,-7.5
"2025-12-04 17:19:38",1584,1564,82869,0,,13.05,356.2,9.02,45.55,,-7.5
"2025-12-04 17:19:39",1577,1557,82938,51.876167,5.022963,12,349.5,9.07,45.9,,-7.5
"2025-12-04 17:19:46",1526,1506,83450,0,,11.5,353.5,9.39,47.95,,-7.1
"2025-12-04 17:19:47",1518,1498,83523,0,,12.55,347.5,9.45,48.15,,-7.1
"2025-12-04 17:19:48",1511,1491,83596,51.877158,5.022715,11.6,353.9,9.48,48.35,,-7.2
"2025-12-04 17:20:51",1041,1021,88402,51.883108,5.018333,11.65,321.8,13.16,44.6,16,-7.5
"2025-12-04 17:20:52",1034,1014,88476,0,,12.55,315.9,13.24,44.45,,-7.5
"2025-12-04 17:20:53",1027,1007,88548,0,,12.9,324.3,13.31,44.35,,-7.5
"2025-12-04 17:20:54",1020,1000,88620,51.883362,5.017995,10.7,322.1,13.36,44.25,,-7.4
"2025-12-04 17:21:21",820,800,90730,51.8854,5.015023,12.05,311.9,15.2,40.95,,-7.4
"2025-12-04 17:21:34",725,705,91747,0,,12.1,306.7,16.08,39.45,,-7.3
"2025-12-04 17:21:35",718,698,91825,0,,11.35,316.3,16.18,39.35,,-7.3
"2025-12-04 17:21:36",710,690,91904,51.886425,5.01326,9.45,312.9,16.23,39.25,,-7.3
"2025-12-04 17:21:37",703,683,91986,0,,10.55,303.2,16.29,39.1,,-7.3
"2025-12-04 17:21:38",695,675,92068,0,,12.55,311.8,16.37,39,,-7.3
"2025-12-04 17:21:39",687,667,92150,51.886613,5.012885,10.85,313.6,16.42,38.85,,-7.4
"2025-12-04 17:21:40",680,660,92225,0,,10.8,303.4,16.49,38.8,,-7.3
"2025-12-04 17:21:41",673,653,92301,0,,12.85,311,16.58,38.65,,-7.3
"2025-12-04 17:21:42",666,646,92378,51.886813,5.012502,11.15,317.8,16.66,38.55,,-7.3
