timestamp,msl,agl,pressure,latitude,longitude,speed,heading,temperature,relative_humidity,internal_temperature,rise_speed
"2025-05-02 21:11:52",967,1,90338,-33.12973,-70.955918,1.8,167.9,30.87,22.35,,0
"2025-05-02 21:11:53",967,1,90334,0,,0.7,192.6,30.88,22.45,,0
"2025-05-02 21:11:54",967,1,90331,0,,3.05,160.3,30.83,22.25,,0.1
"2025-05-02 21:11:55",968,2,90328,-33.129787,-70.955978,5.1,219.2,30.82,22.1,,0.1
"2025-05-02 21:11:56",969,3,90317,0,,5.4,272.7,30.79,21.95,,0.1
"2025-05-02 21:11:57",970,4,90307,0,,0.25,272.7,30.76,21.85,,0.2
"2025-05-02 21:11:58",970,4,90298,-33.129818,-70.956018,2.15,192.6,30.7,21.8,,0.3
"2025-05-02 21:11:59",974,8,90265,0,,3.15,214.3,30.64,21.75,,0.5
"2025-05-02 21:12:00",977,11,90231,0,,1.3,187.5,30.62,21.8,,0.8
"2025-05-02 21:12:01",980,14,90198,-33.129867,-70.956052,1.75,197.4,30.63,21.8,,1
"2025-05-02 21:12:02",984,18,90165,0,,2.5,245.5,30.61,21.75,,1.4
"2025-05-02 21:12:03",987,21,90133,0,,3.55,225.7,30.59,21.75,,1.7
"2025-05-02 21:12:04",990,24,90102,-33.129928,-70.956108,2.25,211.3,30.57,21.75,37.5,2
"2025-05-02 21:12:05",992,26,90085,0,,1.7,153.3,30.58,21.75,,2.1
"2025-05-02 21:12:06",993,27,90068,0,,0.65,184,30.57,21.75,,2.2
"2025-05-02 21:12:07",995,29,90052,-33.129947,-70.956095,0.3,31.7,30.6,21.75,,2.3
"2025-05-02 21:12:08",997,31,90032,0,,1.75,184.1,30.68,21.8,,2.3
"2025-05-02 21:12:09",999,33,90013,0,,1.15,161.3,30.74,21.8,,2.3
"2025-05-02 21:12:10",1001,35,89994,-33.129968,-70.956082,0.9,96.7,30.88,21.85,,2.4
"2025-05-02 21:12:11",1002,36,89982,0,,0.55,95.9,31.06,22,,2.4
"2025-05-02 21:12:12",1003,37,89970,0,,0.8,98.5,31.3,22.2,,2.3
"2025-05-02 21:12:13",1004,38,89958,-33.129975,-70.956078,0.8,16.6,31.51,22.25,,2.1
"2025-05-02 21:12:16",1004,38,89958,-33.129988,-70.956053,0.9,111.4,32.41,22.1,,1.2
"2025-05-02 21:12:17",1005,39,89955,0,,1.8,107,32.67,21.9,,1.1
"2025-05-02 21:12:18",1005,39,89952,0,,4.55,63.8,32.75,21.45,,1
"2025-05-02 21:12:19",1005,39,89950,-33.129972,-70.955962,2.35,77.2,32.81,21,,0.8
"2025-05-02 21:12:20",1005,39,89952,0,,1.75,89.6,32.92,20.8,,0.7
"2025-05-02 21:12:21",1005,39,89954,0,,1.95,99.5,33.01,20.6,,0.5
"2025-05-02 21:12:22",1005,39,89956,-33.12998,-70.955897,1.8,105.3,33.14,20.55,,0.3
"2025-05-02 21:12:23",1005,39,89948,0,,2.3,125.7,33.26,20.45,,0.3
"2025-05-02 21:12:24",1006,40,89941,0,,2.3,125.7,33.39,20.4,,0.2
"2025-05-02 21:12:25",1007,41,89934,-33.13002,-70.955832,2,140,33.5,20.4,,0.2
"2025-05-02 21:12:26",1008,42,89922,0,,3.45,123.3,33.66,20.3,,0.3
"2025-05-02 21:12:27",1009,43,89911,0,,2.9,103.5,33.8,20.2,,0.3
"2025-05-02 21:12:28",1010,44,89900,-33.130043,-70.955778,0.1,103.5,33.94,20.05,,0.5
"2025-05-02 21:12:31",1014,48,89862,-33.13003,-70.95576,0.15,103.5,34.23,19.75,39.5,0.7
"2025-05-02 21:12:32",1016,50,89844,0,,0.1,103.5,34.31,19.75,,0.8
"2025-05-02 21:12:33",1018,52,89827,0,,0.1,103.5,34.41,19.65,,1
"2025-05-02 21:12:34",1019,53,89810,-33.13002,-70.955755,0.15,103.5,34.47,19.6,,1.1
"2025-05-02 21:12:35",1021,55,89790,0,,0.1,103.5,34.57,19.5,,1.3
"2025-05-02 21:12:36",1023,57,89770,0,,0.1,103.5,34.67,19.4,,1.4
"2025-05-02 21:12:37",1025,59,89750,-33.129963,-70.95573,2.1,37.6,34.77,19.45,,1.5
"2025-05-02 21:12:38",1029,63,89709,0,,4,351.2,34.86,19.4,,1.7
"2025-05-02 21:12:39",1033,67,89670,0,,3.95,36.8,34.87,19.4,,2
"2025-05-02 21:12:40",1037,71,89632,-33.129902,-70.955685,3.65,69.2,34.97,19.35,,2.2
"2025-05-02 21:12:41",1039,73,89611,0,,1.25,2,34.99,19.3,,2.2
"2025-05-02 21:12:42",1042,76,89590,0,,1.3,328.2,34.92,19.2,,2.2
"2025-05-02 21:12:43",1044,78,89570,-33.129895,-70.955737,0.05,328.2,34.95,19.2,,2.5
"2025-05-02 21:12:45",1046,80,89546,0,,0.05,328.2,35.12,19.3,,2.4
"2025-05-02 21:12:46",1047,81,89534,-33.129858,-70.955827,3.05,314.6,35.17,19.3,,2.3
"2025-05-02 21:12:47",1047,81,89536,0,,3.2,304.1,35.19,19.2,,2.1
"2025-05-02 21:12:48",1047,81,89539,0,,3.85,305.6,34.88,18.9,,1.9
"2025-05-02 21:12:49",1046,80,89542,-33.129807,-70.95595,3.4,317.8,34.7,18.85,,1.8
"2025-05-02 21:12:50",1046,80,89545,0,,3.8,303.6,34.46,18.75,,1.4
"2025-05-02 21:12:51",1046,80,89548,0,,3.8,303.6,34.46,19.1,,1
"2025-05-02 21:12:52",1045,79,89552,-33.12978,-70.956112,4.55,284.2,34.46,19.25,,0.7
"2025-05-02 21:12:53",1046,80,89550,0,,4.45,293.7,34.44,19.35,,0.6
"2025-05-02 21:12:54",1046,80,89548,0,,5.2,285.5,34.42,19.35,,0.5
"2025-05-02 21:12:55",1046,80,89546,-33.129758,-70.95631,4.3,287.3,34.37,19.25,,0.3
"2025-05-02 21:12:57",1043,77,89571,0,,6.05,283.3,34.1,19.1,,-0.2
"2025-05-02 21:12:58",1042,76,89584,-33.129738,-70.956522,5,285.5,33.58,18.8,41.25,-0.4
"2025-05-02 21:12:59",1041,75,89598,0,,5.3,281.9,33.06,18.75,,-0.5
"2025-05-02 21:13:00",1039,73,89613,0,,5.3,281.9,32.79,19,,-0.6
"2025-05-02 21:13:01",1038,72,89628,-33.129712,-70.956717,5.85,284.7,32.59,19.2,,-0.7
"2025-05-02 21:13:02",1036,70,89641,0,,6.4,278,32.39,19.4,,-0.8
"2025-05-02 21:13:03",1035,69,89655,0,,6.4,278,32.29,19.75,,-0.9
"2025-05-02 21:13:04",1033,67,89670,-33.12973,-70.956985,7,265.6,32.17,20.05,,-1
"2025-05-02 21:13:05",1032,66,89682,0,,8.1,265.6,32.08,20.25,,-1.1
"2025-05-02 21:13:06",1031,65,89695,0,,9.25,261.6,32.03,20.4,,-1.2
"2025-05-02 21:13:07",1030,64,89708,-33.129773,-70.957318,8.15,258.4,32.03,20.5,,-1.4
"2025-05-02 21:13:08",1030,64,89704,0,,9.95,263.9,32.02,20.6,,-1.2
"2025-05-02 21:13:09",1030,64,89701,0,,13,264.2,31.92,20.65,,-1.1
"2025-05-02 21:13:10",1031,65,89698,-33.129768,-70.957648,10.3,266.7,31.82,20.6,,-1
"2025-05-02 21:13:11",1033,67,89670,0,,7.8,273,31.75,20.75,,-0.6
"2025-05-02 21:13:12",1036,70,89644,0,,6.85,261.3,31.67,20.85,,-0.3
"2025-05-02 21:13:13",1039,73,89618,-33.12975,-70.957883,7.05,274.2,31.64,20.95,,0.1
"2025-05-02 21:13:15",1046,80,89548,0,,7.2,292.6,31.6,21.15,,0.9
"2025-05-02 21:13:16",1049,83,89514,-33.129683,-70.958082,6.95,291.2,31.58,21.15,,1.3
"2025-05-02 21:13:17",1053,87,89478,0,,5.8,285.5,31.59,21.2,,1.7
"2025-05-02 21:13:18",1056,90,89444,0,,5.8,285.5,31.6,21.2,,2.1
"2025-05-02 21:13:19",1060,94,89410,-33.129665,-70.958242,3.65,283,31.56,21.2,,2.5
"2025-05-02 21:13:20",1062,96,89383,0,,4.8,279,31.49,21.2,,2.5
"2025-05-02 21:13:21",1065,99,89355,0,,4.8,279,31.47,21.25,,2.7
"2025-05-02 21:13:22",1068,102,89328,-33.12969,-70.9584,3.75,277,31.48,21.25,,2.9
"2025-05-02 21:13:23",1070,104,89305,0,,5.05,271.1,31.46,21.25,,3
"2025-05-02 21:13:24",1072,106,89282,0,,5.25,259.4,31.43,21.25,,3
"2025-05-02 21:13:25",1075,109,89260,-33.129715,-70.958548,4,252.6,31.37,21.3,41.5,3
"2025-05-02 21:13:26",1077,111,89241,0,,3.5,262.9,31.36,21.25,,2.9
"2025-05-02 21:13:27",1079,113,89222,0,,3.65,266.7,31.36,21.25,,2.8
"2025-05-02 21:13:28",1080,114,89204,-33.129733,-70.958683,4,259.9,31.35,21.25,,2.7
"2025-05-02 21:13:30",1085,119,89162,0,,4.1,271.7,31.3,21.25,,2.5
"2025-05-02 21:13:31",1087,121,89142,-33.129758,-70.958813,3.25,256.4,31.27,21.3,,2.4
"2025-05-02 21:13:32",1089,123,89114,0,,3.65,235.8,31.23,21.3,,2.2
"2025-05-02 21:13:33",1092,126,89089,0,,3.35,252.4,31.22,21.3,,2.2
"2025-05-02 21:13:34",1095,129,89064,-33.129795,-70.958897,1.9,254.8,31.17,21.3,,2.2
"2025-05-02 21:13:35",1096,130,89045,0,,1.55,230.6,31.07,21.25,,2.2
"2025-05-02 21:13:36",1098,132,89025,0,,3.05,216.4,30.97,21.2,,2.2
"2025-05-02 21:13:37",1100,134,89006,-33.129863,-70.958973,2.8,252.1,30.89,21.25,,2.1
"2025-05-02 21:13:38",1101,135,88994,0,,2.1,219.9,30.85,21.4,,2.1
"2025-05-02 21:13:39",1103,137,88983,0,,2.1,219.9,30.81,21.45,,2
"2025-05-02 21:13:40",1104,138,88972,-33.129923,-70.959068,3.6,276.9,30.78,21.5,,1.9
"2025-05-02 21:13:41",1104,138,88973,0,,4,230.2,30.75,21.6,,1.8
"2025-05-02 21:13:42",1103,137,88974,0,,3.2,220.7,30.76,21.65,,1.6
"2025-05-02 21:13:43",1103,137,88976,-33.130002,-70.95915,3.75,222.6,30.75,21.7,,1.4
"2025-05-02 21:13:45",1104,138,88973,0,,4,226.7,30.79,21.7,,1.1
"2025-05-02 21:13:46",1104,138,88972,-33.130072,-70.959215,2.6,212.9,30.84,21.7,,0.9
"2025-05-02 21:13:47",1103,137,88980,0,,2.45,203.1,30.86,21.7,,0.6
"2025-05-02 21:13:48",1102,136,88989,0,,2.5,234.4,30.87,21.65,,0.4
"2025-05-02 21:13:49",1101,135,88998,-33.130095,-70.959287,2.15,276.9,30.88,21.65,,0.2
"2025-05-02 21:13:50",1100,134,89011,0,,3.05,282.1,30.89,21.65,,-0.1
"2025-05-02 21:13:51",1098,132,89024,0,,4.45,268.2,30.93,21.65,,-0.3
"2025-05-02 21:13:52",1097,131,89038,-33.13009,-70.959408,4.05,273,30.99,21.55,41.5,-0.6
"2025-05-02 21:13:53",1096,130,89049,0,,3.25,282.9,31.04,21.55,,-0.6
"2025-05-02 21:13:54",1095,129,89060,0,,5.2,272.6,31.07,21.55,,-0.7
"2025-05-02 21:13:55",1094,128,89072,-33.130087,-70.959572,5.55,272,31.05,21.5,,-0.8
"2025-05-02 21:13:57",1090,124,89105,0,,5.2,276.1,31.03,21.45,,-0.9
"2025-05-02 21:13:58",1089,123,89122,-33.130103,-70.959772,6.8,260.7,31.06,21.45,,-1.2
"2025-05-02 21:14:01",1084,118,89172,-33.130127,-70.960007,6.75,264.1,31.01,21.4,,-1.4
"2025-05-02 21:14:03",1083,117,89177,0,,7.45,248.1,30.94,21.4,,-1.3
"2025-05-02 21:14:04",1083,117,89180,-33.13022,-70.960203,5.75,218.6,30.93,21.45,,-1.2
"2025-05-02 21:14:06",1080,114,89210,0,,5.7,237.9,30.88,21.45,,-1.3
"2025-05-02 21:14:07",1078,112,89226,-33.130287,-70.96038,5.4,251.8,30.75,21.45,,-1.3
"2025-05-02 21:14:09",1073,107,89281,0,,5.25,250.6,30.66,21.55,,-1.5
"2025-05-02 21:14:10",1070,104,89310,-33.13032,-70.96055,5.4,259.9,30.6,21.6,,-1.6
"2025-05-02 21:14:12",1064,98,89363,0,,6.8,260.7,30.57,21.7,,-1.7
"2025-05-02 21:14:13",1062,96,89390,-33.130348,-70.960757,6.55,256.1,30.56,21.75,,-1.8
"2025-05-02 21:14:15",1059,93,89416,0,,7.65,264.6,30.52,21.8,,-1.8
"2025-05-02 21:14:16",1058,92,89430,-33.130375,-70.960977,6.65,257.1,30.46,21.85,,-2
"2025-05-02 21:14:17",1058,92,89425,0,,7.05,259.3,30.41,21.8,,-1.9
"2025-05-02 21:14:18",1058,92,89421,0,,5.9,246.9,30.37,21.8,,-1.8
"2025-05-02 21:14:19",1059,93,89418,-33.130423,-70.961132,4.9,245.6,30.35,21.85,41.5,-1.6
"2025-05-02 21:14:20",1059,93,89421,0,,4.35,249.1,30.32,21.9,,-1.5
"2025-05-02 21:14:21",1058,92,89424,0,,4.45,242.7,30.29,22,,-1.2
"2025-05-02 21:14:22",1058,92,89428,-33.130478,-70.961263,4.45,239,30.29,22.05,,-1
"2025-05-02 21:14:23",1056,90,89443,0,,4.9,249.1,30.28,22.05,,-1
"2025-05-02 21:14:24",1055,89,89458,0,,4.9,249.1,30.28,22.05,,-1.1
"2025-05-02 21:14:25",1053,87,89474,-33.130543,-70.961395,4.5,237.9,30.26,22.1,,-0.9
"2025-05-02 21:14:26",1051,85,89493,0,,5.1,236.2,30.26,22.1,,-0.8
"2025-05-02 21:14:27",1049,83,89511,0,,5.75,234.4,30.24,22.1,,-0.8
"2025-05-02 21:14:28",1048,82,89530,-33.130627,-70.961533,5.45,233.2,30.25,22.15,,-0.8
"2025-05-02 21:14:29",1045,79,89551,0,,5.15,234.5,30.24,22.15,,-0.9
"2025-05-02 21:14:30",1043,77,89572,0,,5.55,231.5,30.22,22.15,,-1.1
"2025-05-02 21:14:31",1041,75,89594,-33.13071,-70.961675,5.25,237.2,30.23,22.15,,-1.3
"2025-05-02 21:14:32",1039,73,89613,0,,5.7,239.5,30.18,22.15,,-1.6
"2025-05-02 21:14:33",1037,71,89633,0,,5.85,242.1,30.17,22.2,,-1.8
"2025-05-02 21:14:34",1035,69,89654,-33.13079,-70.961837,5.7,238.6,30.2,22.2,,-1.9
"2025-05-02 21:14:35",1033,67,89678,0,,6.5,237.6,30.19,22.2,,-2
"2025-05-02 21:14:36",1030,64,89701,0,,7,242.1,30.22,22.2,,-2
"2025-05-02 21:14:37",1028,62,89724,-33.13087,-70.962027,6.45,246.2,30.22,22.2,,-2.1
"2025-05-02 21:14:38",1025,59,89748,0,,6.35,243.1,30.26,22.25,,-2.1
"2025-05-02 21:14:39",1023,57,89774,0,,6.9,236.2,30.27,22.2,,-2.2
"2025-05-02 21:14:40",1020,54,89800,-33.130962,-70.962193,6.35,235.8,30.29,22.2,,-2.3
"2025-05-02 21:14:41",1019,53,89815,0,,6,232.8,30.29,22.2,,-2.2
"2025-05-02 21:14:42",1017,51,89830,0,,6.45,230.4,30.29,22.15,,-2.2
"2025-05-02 21:14:43",1016,50,89846,-33.131053,-70.962377,7.8,237.5,30.28,22.15,,-2.1
"2025-05-02 21:14:45",1015,49,89848,0,,8.1,244.5,30.26,22.15,,-1.8
"2025-05-02 21:14:46",1015,49,89850,-33.13115,-70.962602,8.4,246.1,30.26,22.15,41.25,-1.7
"2025-05-02 21:14:47",1015,49,89851,0,,7.85,244.3,30.26,22.15,,-1.5
"2025-05-02 21:14:48",1015,49,89852,0,,8.2,240.3,30.26,22.15,,-1.4
"2025-05-02 21:14:49",1015,49,89854,-33.131275,-70.962842,9.1,234.5,30.26,22.15,,-1.2
"2025-05-02 21:14:50",1015,49,89852,0,,10,240.9,30.28,22.15,,-1
"2025-05-02 21:14:51",1015,49,89850,0,,8.4,239.4,30.29,22.15,,-0.8
"2025-05-02 21:14:52",1015,49,89848,-33.131368,-70.96305,6.15,242.2,30.29,22.15,,-0.6
"2025-05-02 21:14:53",1016,50,89845,0,,7.6,239.8,30.3,22.15,,-0.3
"2025-05-02 21:14:54",1016,50,89842,0,,8.3,236.3,30.3,22.1,,-0.1
"2025-05-02 21:14:55",1016,50,89840,-33.131482,-70.963252,8,238.5,30.32,22.1,,0.1
"2025-05-02 21:14:56",1017,51,89830,0,,7.85,241.1,30.32,22.05,,0.1
"2025-05-02 21:14:57",1018,52,89821,0,,8.05,237.6,30.29,22,,0.2
"2025-05-02 21:14:58",1019,53,89812,-33.131602,-70.963447,7.75,233.3,30.27,22,,0.3
"2025-05-02 21:15:00",1022,56,89782,0,,6.75,222.2,30.33,22.05,,0.6
"2025-05-02 21:15:01",1024,58,89768,-33.131718,-70.963615,6.1,230.2,30.37,22.05,,0.7
"2025-05-02 21:15:02",1025,59,89756,0,,7.2,235.4,30.35,22,,0.8
"2025-05-02 21:15:03",1026,60,89745,0,,7.2,235.4,30.38,21.95,,0.9
"2025-05-02 21:15:04",1027,61,89734,-33.131837,-70.963797,6.65,230.8,30.41,21.9,,1
"2025-05-02 21:15:05",1029,63,89718,0,,7.5,231,30.38,21.9,,1
"2025-05-02 21:15:06",1030,64,89702,0,,8.45,237,30.37,21.9,,1.1
"2025-05-02 21:15:07",1032,66,89686,-33.131942,-70.963995,6.7,237.4,30.32,21.9,,1.2
"2025-05-02 21:15:08",1034,68,89662,0,,6.5,240.7,30.37,21.9,,1.4
"2025-05-02 21:15:09",1036,70,89640,0,,6.6,233.7,30.39,21.85,,1.5
"2025-05-02 21:15:10",1039,73,89618,-33.132045,-70.964175,7.15,236.5,30.47,21.85,,1.6
"2025-05-02 21:15:11",1041,75,89592,0,,6.75,235,30.54,21.85,,1.7
"2025-05-02 21:15:12",1044,78,89567,0,,5.25,244.5,30.53,21.8,,1.8
"2025-05-02 21:15:13",1046,80,89542,-33.132152,-70.964355,6.35,236.8,30.57,21.75,41.25,1.9
"2025-05-02 21:15:15",1050,84,89502,0,,6.6,234.4,30.57,21.75,,2
"2025-05-02 21:15:16",1052,86,89482,-33.132272,-70.964545,7.25,231.5,30.56,21.75,,2
"2025-05-02 21:15:17",1054,88,89463,0,,7.85,237.9,30.58,21.75,,2.1
"2025-05-02 21:15:18",1056,90,89444,0,,7.85,239.3,30.62,21.7,,2.1
"2025-05-02 21:15:19",1058,92,89426,-33.132377,-70.964737,6.45,236,30.61,21.7,,2.1
"2025-05-02 21:15:20",1060,94,89406,0,,6.65,233.1,30.53,21.6,,2.1
"2025-05-02 21:15:21",1062,96,89388,0,,7.85,230.7,30.48,21.6,,2.1
"2025-05-02 21:15:22",1064,98,89370,-33.132498,-70.964927,7.7,233.4,30.42,21.65,,2.1
"2025-05-02 21:15:23",1065,99,89352,0,,6.8,235.1,30.32,21.7,,2.1
"2025-05-02 21:15:24",1067,101,89335,0,,5.6,230.9,30.18,21.75,,2
"2025-05-02 21:15:25",1069,103,89318,-33.132617,-70.96508,6,226.7,30.11,21.8,,1.9
"2025-05-02 21:15:26",1070,104,89302,0,,6.85,227.4,30.05,21.85,,1.9
"2025-05-02 21:15:27",1072,106,89286,0,,6.85,227.4,29.99,21.9,,1.8
"2025-05-02 21:15:28",1074,108,89270,-33.132728,-70.96523,5.65,228.7,29.98,22.05,,1.8
"2025-05-02 21:15:29",1075,109,89253,0,,5.75,222.1,29.98,22.15,,1.8
"2025-05-02 21:15:30",1077,111,89237,0,,5.75,222.1,29.98,22.25,,1.7
"2025-05-02 21:15:31",1079,113,89222,-33.132852,-70.965355,5.8,219.4,29.96,22.25,,1.7
"2025-05-02 21:15:32",1080,114,89207,0,,6.4,215.2,29.93,22.2,,1.7
"2025-05-02 21:15:33",1081,115,89192,0,,6.8,214.8,29.9,22.25,,1.7
"2025-05-02 21:15:34",1083,117,89178,-33.132987,-70.965467,5.8,218.6,29.88,22.25,,1.6
"2025-05-02 21:15:35",1084,118,89169,0,,5.65,214.7,29.82,22.25,,1.6
"2025-05-02 21:15:36",1085,119,89160,0,,6.05,212.9,29.78,22.25,,1.5
"2025-05-02 21:15:37",1086,120,89152,-33.133115,-70.965578,6.05,219.2,29.72,22.25,,1.4
"2025-05-02 21:15:38",1086,120,89145,0,,6.25,221.2,29.66,22.3,,1.3
"2025-05-02 21:15:39",1087,121,89138,0,,6.05,219.3,29.59,22.3,,1.2
"2025-05-02 21:15:40",1088,122,89132,-33.13324,-70.965703,5.9,219.1,29.53,22.35,41.5,1.2
"2025-05-02 21:15:41",1088,122,89123,0,,6,220.9,29.5,22.4,,1.1
"2025-05-02 21:15:42",1089,123,89114,0,,6,222.4,29.48,22.45,,1.1
"2025-05-02 21:15:43",1090,124,89106,-33.133357,-70.965828,5.6,220.2,29.46,22.5,,1
"2025-05-02 21:15:45",1091,125,89098,0,,5.6,219.3,29.4,22.6,,0.9
"2025-05-02 21:15:46",1091,125,89094,-33.133467,-70.965932,5.5,218.5,29.35,22.6,,0.8
"2025-05-02 21:15:47",1092,126,89087,0,,5,221.8,29.29,22.6,,0.7
"2025-05-02 21:15:48",1093,127,89081,0,,5.4,215.3,29.26,22.65,,0.7
"2025-05-02 21:15:49",1093,127,89076,-33.133585,-70.966032,6.05,215.2,29.23,22.7,,0.6
"2025-05-02 21:15:50",1094,128,89072,0,,6.25,219.5,29.24,22.7,,0.6
"2025-05-02 21:15:51",1094,128,89068,0,,5.7,219.3,29.26,22.75,,0.6
"2025-05-02 21:15:52",1094,128,89064,-33.133707,-70.966147,5.8,215.4,29.29,22.75,,0.6
"2025-05-02 21:15:53",1095,129,89059,0,,6.4,219.7,29.26,22.75,,0.5
"2025-05-02 21:15:54",1095,129,89054,0,,6.7,219.8,29.23,22.75,,0.5
"2025-05-02 21:15:55",1096,130,89050,-33.133825,-70.966265,5.6,220.6,29.13,22.75,,0.5
"2025-05-02 21:15:56",1096,130,89048,0,,5.15,223.9,29.06,22.75,,0.4
"2025-05-02 21:15:57",1096,130,89047,0,,4.8,220.6,29.03,22.85,,0.4
"2025-05-02 21:15:58",1096,130,89046,-33.133922,-70.966367,5.5,220.9,29.03,22.85,,0.4
"2025-05-02 21:16:02",1095,129,89056,0,,6.15,224.2,28.98,22.95,,0.1
"2025-05-02 21:16:03",1095,129,89059,0,,5.8,221.5,28.92,22.95,,0.1
"2025-05-02 21:16:04",1095,129,89062,-33.134163,-70.966577,5.15,213.4,28.87,23,,0
"2025-05-02 21:16:06",1094,128,89068,0,,5.75,224,28.77,23.05,,-0.1
"2025-05-02 21:16:07",1094,128,89072,-33.134283,-70.966698,5.25,219.1,28.72,23.1,40.75,-0.1
"2025-05-02 21:16:08",1093,127,89075,0,,5.85,221.5,28.71,23.2,,-0.2
"2025-05-02 21:16:09",1093,127,89078,0,,5.85,221.5,28.69,23.2,,-0.3
"2025-05-02 21:16:10",1093,127,89082,-33.134383,-70.966795,5.4,224.5,28.62,23.25,,-0.3
"2025-05-02 21:16:11",1093,127,89083,0,,5.75,219.5,28.56,23.25,,-0.3
"2025-05-02 21:16:12",1092,126,89084,0,,6.35,220.3,28.52,23.35,,-0.3
"2025-05-02 21:16:13",1092,126,89086,-33.134513,-70.966913,6.15,226,28.5,23.4,,-0.3
"2025-05-02 21:16:15",1093,127,89080,0,,6.2,217.3,28.48,23.45,,-0.2
"2025-05-02 21:16:16",1093,127,89078,-33.134617,-70.967028,6.2,226.8,28.44,23.45,,-0.1
"2025-05-02 21:16:17",1093,127,89079,0,,6.2,226.8,28.41,23.5,,-0.1
"2025-05-02 21:16:18",1093,127,89080,0,,6.2,226.8,28.39,23.55,,-0.1
"2025-05-02 21:16:19",1093,127,89082,-33.134728,-70.967132,6.1,218,28.37,23.55,,-0.1
"2025-05-02 21:16:20",1093,127,89083,0,,5.7,226.6,28.4,23.55,,-0.1
"2025-05-02 21:16:21",1092,126,89084,0,,5.7,226.6,28.4,23.55,,-0.1
"2025-05-02 21:16:22",1092,126,89086,-33.134832,-70.967262,5.7,223.8,28.41,23.6,,0
"2025-05-02 21:16:23",1092,126,89084,0,,6.05,223.2,28.4,23.6,,0
"2025-05-02 21:16:24",1093,127,89082,0,,6,231,28.41,23.6,,0
"2025-05-02 21:16:25",1093,127,89080,-33.134925,-70.967393,5.6,227,28.4,23.6,,0.1
"2025-05-02 21:16:27",1093,127,89077,0,,5.5,227.8,28.4,23.6,,0
"2025-05-02 21:16:28",1093,127,89076,-33.135025,-70.967518,5.95,227.7,28.39,23.6,,0
"2025-05-02 21:16:31",1094,128,89070,-33.135137,-70.967657,6.1,230.2,28.42,23.55,,0.1
"2025-05-02 21:16:33",1095,129,89062,0,,5.6,225.3,28.42,23.55,,0.2
"2025-05-02 21:16:34",1095,129,89058,-33.13524,-70.96779,5.9,226.2,28.42,23.55,40.25,0.2
"2025-05-02 21:16:36",1096,130,89052,0,,4.8,222,28.42,23.55,,0.2
"2025-05-02 21:16:37",1096,130,89050,-33.13535,-70.967913,5.25,221.7,28.42,23.55,,0.2
"2025-05-02 21:16:39",1097,131,89042,0,,6.05,228,28.48,23.6,,0.3
"2025-05-02 21:16:40",1097,131,89038,-33.135458,-70.968045,5.3,225.5,28.52,23.6,,0.3
"2025-05-02 21:16:42",1098,132,89031,0,,6.9,215.4,28.5,23.55,,0.3
"2025-05-02 21:16:43",1098,132,89028,-33.135592,-70.968165,6.3,214.4,28.48,23.5,,0.3
"2025-05-02 21:16:50",1102,136,88993,0,,5.45,221.7,28.61,23.5,,0.4
"2025-05-02 21:16:51",1102,136,88988,0,,5.95,223.3,28.6,23.5,,0.4
"2025-05-02 21:16:52",1103,137,88984,-33.135932,-70.968497,5.8,222.3,28.62,23.45,,0.5
"2025-05-02 21:16:53",1103,137,88977,0,,5.3,221.9,28.62,23.45,,0.5
"2025-05-02 21:16:54",1104,138,88971,0,,6,218.8,28.64,23.45,,0.5
"2025-05-02 21:16:55",1104,138,88966,-33.136053,-70.968612,6.15,217.5,28.64,23.4,,0.5
"2025-05-02 21:16:56",1105,139,88960,0,,5.4,220.4,28.61,23.35,,0.5
"2025-05-02 21:16:57",1106,140,88954,0,,5.1,224.7,28.55,23.4,,0.5
"2025-05-02 21:16:58",1106,140,88948,-33.136163,-70.968728,5.6,222.8,28.55,23.45,,0.5
"2025-05-02 21:17:08",1111,145,88894,0,,5.6,212.5,28.57,23.55,,0.6
"2025-05-02 21:17:09",1112,146,88889,0,,5.25,220,28.6,23.55,,0.5
"2025-05-02 21:17:10",1113,147,88884,-33.136617,-70.969128,5.1,217.5,28.62,23.55,,0.5
"2025-05-02 21:17:11",1113,147,88879,0,,5.5,218.4,28.62,23.6,,0.5
"2025-05-02 21:17:12",1113,147,88874,0,,5,221.5,28.62,23.55,,0.5
"2025-05-02 21:17:13",1114,148,88870,-33.136732,-70.96923,5.45,220.5,28.64,23.55,,0.5
"2025-05-02 21:17:15",1115,149,88863,0,,5.55,213.1,28.67,23.5,,0.5
"2025-05-02 21:17:16",1115,149,88860,-33.136855,-70.969332,5.75,217.3,28.67,23.5,,0.5
"2025-05-02 21:17:26",1131,165,88698,0,,5.3,213,28.83,23.25,,1.3
"2025-05-02 21:17:27",1133,167,88682,0,,5.05,211.5,28.76,23.25,,1.3
"2025-05-02 21:17:28",1134,168,88666,-33.137333,-70.969747,5.5,213.2,28.71,23.25,39.75,1.5
"2025-05-02 21:17:30",1139,173,88619,0,,5.7,225.3,28.62,23.3,,1.7
"2025-05-02 21:17:31",1141,175,88596,-33.137448,-70.969867,5.15,218,28.55,23.4,,1.8
"2025-05-02 21:17:33",1147,181,88542,0,,6.4,214.2,28.46,23.45,,1.9
"2025-05-02 21:17:34",1150,184,88516,-33.137582,-70.96998,6.15,214.4,28.4,23.5,,1.9
"2025-05-02 21:17:38",1158,192,88433,0,,,,28.29,23.65,,2
"2025-05-02 21:17:39",1160,194,88412,0,,,,28.26,23.65,,2.2
"2025-05-02 21:17:40",1162,196,88392,0,,,,28.22,23.75,,2.2
"2025-05-02 21:17:44",1171,205,88299,0,,,,28.17,23.85,,2.3
"2025-05-02 21:17:45",1174,208,88276,0,,,,28.15,23.85,,2.2
"2025-05-02 21:17:46",1176,210,88254,0,,,,28.11,23.9,,2.2
"2025-05-02 21:17:47",1178,212,88233,0,,5.45,220.6,28.05,23.9,,2.2
"2025-05-02 21:17:48",1180,214,88212,0,,5.5,220.4,28.04,23.95,,2.2
"2025-05-02 21:17:49",1182,216,88192,-33.138148,-70.970495,5.45,216.2,28.04,24,,2.2
"2025-05-02 21:17:56",1198,232,88033,0,,5.25,219.5,27.95,24,,2.2
"2025-05-02 21:17:57",1200,234,88010,0,,5.55,224.7,27.96,24,,2.2
"2025-05-02 21:17:58",1203,237,87988,-33.138483,-70.970803,5.1,224.4,27.96,24,,2.2
"2025-05-02 21:17:59",1205,239,87964,0,,4.8,221.1,27.94,24,,2.3
"2025-05-02 21:18:00",1208,242,87940,0,,5.6,219.4,27.91,24,,2.3
"2025-05-02 21:18:01",1210,244,87916,-33.138593,-70.970912,5.3,223,27.86,24.05,,2.3
"2025-05-02 21:18:05",1219,253,87828,0,,4.35,219.1,27.75,24.2,,2.3
"2025-05-02 21:18:06",1221,255,87806,0,,4.35,212.9,27.73,24.2,,2.3
"2025-05-02 21:18:07",1223,257,87784,-33.138803,-70.97109,4.8,209.4,27.66,24.25,,2.3
"2025-05-02 21:18:08",1225,259,87763,0,,,,27.63,24.25,,2.3
"2025-05-02 21:18:09",1228,262,87741,0,,,,27.61,24.25,,2.3
"2025-05-02 21:18:10",1230,264,87720,0,,,,27.58,24.3,,2.3
"2025-05-02 21:18:15",1239,273,87628,0,,6.15,206.3,27.48,24.4,,2.1
"2025-05-02 21:18:16",1241,275,87610,-33.139207,-70.971318,5.55,210.4,27.47,24.4,,2.1
"2025-05-02 21:18:17",1243,277,87588,0,,5.85,208,27.43,24.45,,2
"2025-05-02 21:18:18",1245,279,87567,0,,7.15,198.8,27.35,24.45,,2
"2025-05-02 21:18:19",1247,281,87546,-33.139357,-70.971373,6.1,195.4,27.31,24.5,,2
"2025-05-02 21:18:20",1249,283,87529,0,,4.95,200.4,27.29,24.55,,2
"2025-05-02 21:18:21",1251,285,87512,0,,5,204.9,27.28,24.55,,1.9
"2025-05-02 21:18:22",1252,286,87496,-33.139482,-70.97144,5.4,206.6,27.27,24.65,39.25,1.9
"2025-05-02 21:18:23",1254,288,87479,0,,4.7,208.2,27.27,24.7,,1.9
"2025-05-02 21:18:24",1256,290,87462,0,,5.15,206.2,27.28,24.7,,1.9
"2025-05-02 21:18:25",1258,292,87446,-33.139612,-70.97152,5.85,205.2,27.29,24.7,,1.9
"2025-05-02 21:18:26",1259,293,87435,0,,5.6,210.3,27.3,24.7,,1.8
"2025-05-02 21:18:27",1260,294,87425,0,,4.75,208.9,27.3,24.7,,1.7
"2025-05-02 21:18:28",1261,295,87416,-33.139737,-70.9716,5.3,207.4,27.29,24.7,,1.6
"2025-05-02 21:18:30",1263,297,87390,0,,6.15,209.8,27.28,24.7,,1.5
"2025-05-02 21:18:31",1264,298,87378,-33.139878,-70.971688,5.6,206.1,27.29,24.7,,1.5
"2025-05-02 21:18:32",1265,299,87369,0,,5.85,205.2,27.3,24.7,,1.4
"2025-05-02 21:18:33",1266,300,87360,0,,5.85,205.5,27.3,24.7,,1.3
"2025-05-02 21:18:34",1267,301,87352,-33.140018,-70.971767,5.75,205.4,27.3,24.7,,1.3
"2025-05-02 21:18:41",1278,312,87243,0,,,,27.14,24.8,,1.4
"2025-05-02 21:18:42",1280,314,87227,0,,,,27.17,24.8,,1.4
"2025-05-02 21:18:43",1281,315,87212,0,,,,27.18,24.8,,1.4
"2025-05-02 21:18:44",1283,317,87196,0,,6,205.2,27.21,24.8,,1.4
"2025-05-02 21:18:45",1284,318,87181,0,,5.7,203.7,27.22,24.8,,1.5
"2025-05-02 21:18:46",1286,320,87166,-33.140555,-70.972062,5.7,205.7,27.2,24.75,,1.5
"2025-05-02 21:18:47",1287,321,87152,0,,5.8,205.9,27.17,24.75,,1.6
"2025-05-02 21:18:48",1289,323,87139,0,,5.4,204.3,27.12,24.75,,1.5
"2025-05-02 21:18:49",1290,324,87126,-33.140692,-70.972142,5.75,208.2,27.07,24.8,39.25,1.5
"2025-05-02 21:18:50",1292,326,87109,0,,,,27.04,24.75,,1.5
"2025-05-02 21:18:51",1293,327,87092,0,,,,26.98,24.8,,1.5
"2025-05-02 21:18:52",1295,329,87076,0,,,,26.94,24.85,,1.6
"2025-05-02 21:18:53",1297,331,87059,0,,6,208.3,26.92,24.9,,1.6
"2025-05-02 21:18:54",1298,332,87042,0,,6.2,206.4,26.9,24.9,,1.6
"2025-05-02 21:18:55",1300,334,87026,-33.140975,-70.972308,5.6,204.7,26.85,24.95,,1.6
"2025-05-02 21:18:57",1304,338,86991,0,,5.8,206,26.8,25.05,,1.6
"2025-05-02 21:18:58",1305,339,86974,-33.141117,-70.97239,6.1,205.8,26.77,25.1,,1.6
"2025-05-02 21:19:00",1309,343,86937,0,,5.95,207.4,26.74,25.15,,1.7
"2025-05-02 21:19:01",1311,345,86920,-33.141257,-70.97247,5.95,204.6,26.74,25.2,,1.7
"2025-05-02 21:19:03",1314,348,86893,0,,5.3,210.5,26.79,25.2,,1.7
"2025-05-02 21:19:04",1315,349,86880,-33.141387,-70.972553,5.75,207,26.78,25.2,,1.7
"2025-05-02 21:19:06",1319,353,86843,0,,5,213.6,26.77,25.2,,1.7
"2025-05-02 21:19:07",1321,355,86826,-33.141513,-70.972638,5.45,209,26.78,25.2,,1.7
"2025-05-02 21:19:09",1324,358,86791,0,,6,209.6,26.82,25.2,,1.7
"2025-05-02 21:19:10",1326,360,86774,-33.141657,-70.97273,6.25,209.5,26.85,25.15,,1.7
"2025-05-02 21:19:12",1330,364,86733,0,,5.3,209.2,26.96,25.1,,1.7
"2025-05-02 21:19:13",1332,366,86714,-33.14179,-70.972825,5.85,213.1,26.9,25.05,,1.7
"2025-05-02 21:19:16",1338,372,86652,-33.141927,-70.972932,5.8,215.3,26.79,25.1,39,1.9
"2025-05-02 21:19:17",1341,375,86630,0,,6.2,213.7,26.77,25.15,,2
"2025-05-02 21:19:18",1343,377,86610,0,,5.8,210.2,26.7,25.2,,2
"2025-05-02 21:19:19",1345,379,86590,-33.14205,-70.973028,5.35,214.8,26.62,25.2,,2
"2025-05-02 21:19:20",1347,381,86565,0,,,,26.56,25.25,,2
"2025-05-02 21:19:21",1350,384,86540,0,,,,26.48,25.25,,2.1
"2025-05-02 21:19:22",1352,386,86516,0,,,,26.44,25.35,,2.2
"2025-05-02 21:19:26",1361,395,86429,0,,5.95,214,26.31,25.6,,2.2
"2025-05-02 21:19:27",1363,397,86407,0,,6.55,213.8,26.29,25.65,,2.2
"2025-05-02 21:19:28",1366,400,86386,-33.14245,-70.973362,5.95,216,26.28,25.7,,2.3
"2025-05-02 21:19:35",1379,413,86252,0,,6.05,218.4,26.18,25.75,,2.1
"2025-05-02 21:19:36",1381,415,86233,0,,6.5,212.3,26.18,25.75,,2.1
"2025-05-02 21:19:37",1383,417,86214,-33.142888,-70.973747,7.65,213.6,26.15,25.75,,2.1
"2025-05-02 21:19:38",1386,420,86186,0,,7.2,217.8,26.15,25.8,,2.1
"2025-05-02 21:19:39",1389,423,86159,0,,6.4,218.1,26.12,25.8,,2.1
"2025-05-02 21:19:40",1392,426,86132,-33.143033,-70.97387,6.5,212.6,26.1,25.8,,2.2
"2025-05-02 21:19:42",1397,431,86077,0,,6.65,220.5,26.04,25.9,,2.3
"2025-05-02 21:19:43",1400,434,86050,-33.143178,-70.973993,6.5,215.4,26,25.95,38.5,2.3
"2025-05-02 21:19:47",1410,444,85947,0,,6.35,216.1,25.81,26.15,,2.6
"2025-05-02 21:19:48",1413,447,85921,0,,5.85,213.4,25.79,26.2,,2.7
"2025-05-02 21:19:49",1416,450,85896,-33.143475,-70.974235,6.55,215.4,25.76,26.25,,2.7
"2025-05-02 21:19:50",1419,453,85866,0,,6.8,217.5,25.74,26.3,,2.7
"2025-05-02 21:19:51",1422,456,85837,0,,6.7,212.8,25.7,26.4,,2.8
"2025-05-02 21:19:52",1425,459,85808,-33.143622,-70.974355,6,215,25.67,26.4,,2.8
"2025-05-02 21:19:53",1427,461,85783,0,,6.25,216.6,25.65,26.35,,2.8
"2025-05-02 21:19:54",1430,464,85759,0,,6.6,209,25.61,26.4,,2.7
"2025-05-02 21:19:55",1432,466,85736,-33.143762,-70.97446,6.25,205.7,25.58,26.45,,2.7
"2025-05-02 21:19:56",1435,469,85709,0,,6.5,209.5,25.56,26.5,,2.7
"2025-05-02 21:19:57",1438,472,85682,0,,6.1,211.3,25.51,26.5,,2.7
"2025-05-02 21:19:58",1440,474,85656,-33.143902,-70.974558,5.6,208.7,25.45,26.55,,2.7
"2025-05-02 21:20:00",1447,481,85589,0,,6.65,214.8,25.4,26.65,,2.8
"2025-05-02 21:20:01",1451,485,85556,-33.144045,-70.97467,6.5,213.6,25.34,26.7,,2.9
"2025-05-02 21:20:02",1453,487,85529,0,,6.3,210.3,25.3,26.7,,2.9
"2025-05-02 21:20:03",1456,490,85503,0,,6.4,210.6,25.34,26.8,,2.9
"2025-05-02 21:20:04",1459,493,85478,-33.144177,-70.974765,5.7,211.1,25.36,26.85,,2.8
"2025-05-02 21:20:05",1462,496,85445,0,,5.55,212.7,25.29,26.85,,2.9
"2025-05-02 21:20:06",1466,500,85411,0,,5.8,216,25.23,26.85,,3
"2025-05-02 21:20:07",1469,503,85378,-33.144295,-70.974867,5.45,216.5,25.21,26.9,,3
"2025-05-02 21:20:08",1471,505,85362,0,,4.9,215.5,25.19,26.95,,3
"2025-05-02 21:20:09",1472,506,85346,0,,4.75,215.7,25.17,26.95,,2.9
"2025-05-02 21:20:10",1474,508,85330,-33.144398,-70.97496,4.75,217.3,25.17,27,38,2.8
"2025-05-02 21:20:11",1476,510,85307,0,,5,220.9,25.16,27,,2.8
"2025-05-02 21:20:12",1479,513,85285,0,,5,220.8,25.16,27,,2.7
"2025-05-02 21:20:13",1481,515,85264,-33.1445,-70.975063,4.7,221.1,25.15,27,,2.6
"2025-05-02 21:20:15",1485,519,85218,0,,5.3,218.8,25.15,27,,2.5
"2025-05-02 21:20:16",1488,522,85196,-33.144598,-70.97517,4.9,221.8,25.15,27,,2.5
"2025-05-02 21:20:20",1495,529,85126,0,,4.75,225.3,25.11,27.05,,2
"2025-05-02 21:20:21",1497,531,85109,0,,4.65,227.9,25.12,27.05,,2
"2025-05-02 21:20:22",1499,533,85092,-33.144768,-70.975397,4.95,226.1,25.16,27.05,,2.1
"2025-05-02 21:20:23",1500,534,85076,0,,4.8,224.8,25.16,27.05,,2
"2025-05-02 21:20:24",1502,536,85061,0,,5.1,226.9,25.12,27.05,,1.9
"2025-05-02 21:20:25",1503,537,85046,-33.144867,-70.975527,5.65,229.8,25.1,27.05,,1.9
"2025-05-02 21:20:27",1506,540,85019,0,,5.05,230.7,25.07,27.1,,1.7
"2025-05-02 21:20:28",1508,542,85006,-33.144957,-70.975662,5.3,231.2,25.1,27.1,,1.6
"2025-05-02 21:20:32",1512,546,84961,0,,5.55,233.9,25.06,27.1,,1.4
"2025-05-02 21:20:33",1513,547,84950,0,,5.5,236.1,24.99,27.1,,1.4
"2025-05-02 21:20:34",1514,548,84940,-33.145128,-70.975945,5.15,236.2,24.91,27.1,,1.3
"2025-05-02 21:20:38",1518,552,84901,0,,5.3,232.5,24.87,27.2,,1.2
"2025-05-02 21:20:39",1519,553,84891,0,,5.6,231.3,24.84,27.2,,1.1
"2025-05-02 21:20:40",1520,554,84882,-33.145302,-70.976217,5.3,233.8,24.79,27.25,,1.1
"2025-05-02 21:20:41",1521,555,84872,0,,5.2,234.2,24.76,27.3,,1.1
"2025-05-02 21:20:42",1522,556,84863,0,,5.65,230.8,24.74,27.35,,1.1
"2025-05-02 21:20:43",1523,557,84854,-33.145395,-70.976355,5.75,229.8,24.76,27.4,,1
"2025-05-02 21:20:45",1525,559,84840,0,,5.4,229.1,24.71,27.4,,1
"2025-05-02 21:20:46",1525,559,84834,-33.14549,-70.976483,5.4,227.6,24.66,27.45,,0.9
"2025-05-02 21:20:47",1526,560,84823,0,,5.2,227.4,24.61,27.5,,0.9
"2025-05-02 21:20:48",1527,561,84813,0,,5.2,227.4,24.57,27.55,,0.9
"2025-05-02 21:20:49",1528,562,84804,-33.14559,-70.976608,5.35,227.3,24.54,27.6,,0.9
"2025-05-02 21:21:40",1537,571,84718,-33.147193,-70.978372,4.25,210.4,24.62,27.45,,0.2
"2025-05-02 21:21:42",1536,570,84727,0,,4.05,207.2,24.63,27.5,,0.2
"2025-05-02 21:21:43",1536,570,84732,-33.147295,-70.978432,3.75,205,24.63,27.5,,0.1
"2025-05-02 21:21:48",1535,569,84738,0,,4.15,209,24.58,27.5,,0.1
"2025-05-02 21:21:49",1535,569,84740,-33.14749,-70.978543,4,207.2,24.62,27.5,,0.1
"2025-05-02 21:21:56",1533,567,84758,0,,4.05,200.9,24.72,27.4,,-0.2
"2025-05-02 21:21:57",1533,567,84761,0,,3.75,197.4,24.72,27.4,,-0.2
"2025-05-02 21:21:58",1533,567,84764,-33.147773,-70.978675,3.3,205.7,24.76,27.4,36.5,-0.2
"2025-05-02 21:21:59",1532,566,84770,0,,3.3,205.7,24.78,27.35,,-0.3
"2025-05-02 21:22:00",1531,565,84777,0,,3.15,198.7,24.8,27.35,,-0.3
"2025-05-02 21:22:01",1530,564,84784,-33.14786,-70.978712,3.35,199.2,24.82,27.3,,-0.4
"2025-05-02 21:22:02",1530,564,84787,0,,3.5,202.9,24.81,27.3,,-0.4
"2025-05-02 21:22:03",1530,564,84790,0,,3.15,201.7,24.8,27.25,,-0.4
"2025-05-02 21:22:04",1529,563,84794,-33.147945,-70.978753,3.2,201.6,24.79,27.2,,-0.4
"2025-05-02 21:22:08",1528,562,84808,0,,3.15,204.1,24.67,27.25,,-0.4
"2025-05-02 21:22:09",1528,562,84812,0,,3.15,201.2,24.63,27.25,,-0.4
"2025-05-02 21:22:10",1527,561,84816,-33.148108,-70.978825,3.15,193.3,24.58,27.3,,-0.4
"2025-05-02 21:22:11",1527,561,84820,0,,2.95,192.4,24.53,27.3,,-0.4
"2025-05-02 21:22:12",1526,560,84824,0,,2.85,198.5,24.5,27.4,,-0.4
"2025-05-02 21:22:13",1526,560,84828,-33.148185,-70.978852,2.9,199.3,24.47,27.45,,-0.4
"2025-05-02 21:22:15",1525,559,84834,0,,2.55,202.4,24.43,27.55,,-0.4
"2025-05-02 21:22:16",1525,559,84838,-33.148257,-70.978883,2.75,204.1,24.45,27.65,,-0.4
"2025-05-02 21:22:17",1524,558,84842,0,,2.9,197.5,24.42,27.7,,-0.4
"2025-05-02 21:22:18",1524,558,84846,0,,3.85,195.6,24.43,27.7,,-0.4
"2025-05-02 21:22:19",1524,558,84850,-33.14834,-70.978908,3,192.5,24.5,27.7,,-0.4
"2025-05-02 21:22:20",1524,558,84850,0,,3.05,190.3,24.53,27.6,,-0.4
"2025-05-02 21:22:21",1524,558,84851,0,,3,193.5,24.55,27.6,,-0.3
"2025-05-02 21:22:22",1523,557,84852,-33.148413,-70.978925,2.7,193.3,24.55,27.55,,-0.3
"2025-05-02 21:22:23",1523,557,84852,0,,2.6,186.3,24.55,27.55,,-0.3
"2025-05-02 21:22:24",1523,557,84853,0,,2.65,184.3,24.55,27.55,,-0.3
"2025-05-02 21:22:25",1523,557,84854,-33.148483,-70.978932,2.65,186.2,24.55,27.5,36.5,-0.2
"2025-05-02 21:22:26",1523,557,84855,0,,,,24.55,27.5,,-0.2
"2025-05-02 21:22:27",1523,557,84856,0,,,,24.6,27.45,,-0.2
"2025-05-02 21:22:28",1523,557,84858,0,,,,24.68,27.45,,-0.2
"2025-05-02 21:22:30",1523,557,84855,0,,2.45,193.1,24.72,27.4,,-0.1
"2025-05-02 21:22:31",1523,557,84854,-33.148617,-70.978958,2.55,188.6,24.74,27.35,,-0.1
"2025-05-02 21:22:32",1523,557,84852,0,,2.7,190.1,24.72,27.3,,0
"2025-05-02 21:22:33",1524,558,84851,0,,2.85,190.8,24.71,27.3,,0
"2025-05-02 21:22:34",1524,558,84850,-33.148693,-70.978973,2.65,189.7,24.69,27.3,,0
"2025-05-02 21:22:35",1524,558,84847,0,,3,188.9,24.69,27.3,,0
"2025-05-02 21:22:36",1524,558,84845,0,,3.25,191.2,24.69,27.3,,0.1
"2025-05-02 21:22:37",1524,558,84844,-33.148768,-70.978997,2.7,194.6,24.7,27.3,,0.1
"2025-05-02 21:22:38",1524,558,84843,0,,2.7,201,24.72,27.3,,0.1
"2025-05-02 21:22:39",1524,558,84842,0,,3.05,196.6,24.75,27.25,,0.1
"2025-05-02 21:22:40",1524,558,84842,-33.148845,-70.979025,3.1,192.9,24.76,27.25,,0.1
"2025-05-02 21:22:41",1524,558,84843,0,,2.5,205.2,24.77,27.3,,0.1
"2025-05-02 21:22:42",1524,558,84844,0,,2.75,209.7,24.84,27.25,,0.1
"2025-05-02 21:22:43",1524,558,84846,-33.148912,-70.97906,3,199.8,24.93,27.25,,0.1
"2025-05-02 21:22:44",1524,558,84846,0,,3.05,199.8,24.95,27.1,,0.1
"2025-05-02 21:22:45",1524,558,84847,0,,2.75,210.6,24.96,27.05,,0
"2025-05-02 21:22:46",1524,558,84848,-33.148982,-70.979095,3.15,198.7,25,27.05,,0
"2025-05-02 21:22:47",1524,558,84844,0,,3,193.4,25.01,27,,0
"2025-05-02 21:22:48",1525,559,84841,0,,2.35,197.2,24.98,26.95,,0.1
"2025-05-02 21:22:49",1525,559,84838,-33.149047,-70.979122,2.35,203.3,24.95,26.95,,0.1
"2025-05-02 21:22:50",1525,559,84835,0,,2.65,202.2,24.93,26.95,,0.1
"2025-05-02 21:22:51",1525,559,84832,0,,2.8,200,24.92,26.95,,0.1
"2025-05-02 21:22:52",1526,560,84830,-33.149108,-70.97915,2.05,200.8,24.93,26.95,36.5,0.1
"2025-05-02 21:22:53",1526,560,84825,0,,2.05,201.6,24.93,26.95,,0.1
"2025-05-02 21:22:54",1527,561,84821,0,,2.45,198.8,24.94,27,,0.2
"2025-05-02 21:22:55",1527,561,84818,-33.149163,-70.979172,2.15,195.9,24.96,26.95,,0.2
"2025-05-02 21:22:56",1527,561,84814,0,,1.85,202.9,24.96,26.95,,0.3
"2025-05-02 21:22:57",1528,562,84810,0,,2.15,210.4,24.95,26.95,,0.3
"2025-05-02 21:22:58",1528,562,84806,-33.149207,-70.979195,1.9,204.6,24.94,26.95,,0.3
"2025-05-02 21:22:59",1528,562,84806,0,,1.3,192.1,24.94,27,,0.3
"2025-05-02 21:23:00",1528,562,84807,0,,2.05,211.7,24.96,27,,0.3
"2025-05-02 21:23:01",1528,562,84808,-33.14925,-70.979223,2.05,213.8,24.99,27,,0.3
"2025-05-02 21:23:02",1529,563,84802,0,,1.65,203.6,25.08,26.95,,0.3
"2025-05-02 21:23:03",1529,563,84796,0,,2,206.4,25.13,26.95,,0.3
"2025-05-02 21:23:04",1530,564,84790,-33.14929,-70.979252,2,213,25.17,26.85,,0.3
"2025-05-02 21:23:05",1531,565,84781,0,,2.05,212.5,25.22,26.8,,0.4
"2025-05-02 21:23:06",1532,566,84772,0,,2.05,208.6,25.23,26.8,,0.4
"2025-05-02 21:23:07",1533,567,84764,-33.149338,-70.979272,2.05,191.8,25.2,26.7,,0.5
"2025-05-02 21:23:08",1534,568,84754,0,,1.75,181.2,25.16,26.65,,0.5
"2025-05-02 21:23:09",1534,568,84745,0,,1.55,199.6,25.14,26.65,,0.5
"2025-05-02 21:23:10",1535,569,84736,-33.149383,-70.979288,1.8,203,25.1,26.65,,0.6
"2025-05-02 21:23:11",1536,570,84729,0,,2,192.1,25.09,26.65,,0.6
"2025-05-02 21:23:12",1537,571,84722,0,,1.9,195.1,25.09,26.65,,0.7
"2025-05-02 21:23:13",1538,572,84716,-33.149432,-70.9793,1.65,196.2,25.15,26.65,,0.7
"2025-05-02 21:23:15",1539,573,84697,0,,1.8,174.2,25.17,26.65,,0.8
"2025-05-02 21:23:16",1540,574,84688,-33.149477,-70.979298,1.5,179.5,25.15,26.6,,0.9
"2025-05-02 21:23:17",1542,576,84677,0,,1.65,184,25.11,26.6,,0.9
"2025-05-02 21:23:18",1543,577,84666,0,,1.8,181.8,25.08,26.65,,0.9
"2025-05-02 21:23:19",1544,578,84656,-33.149518,-70.979298,1.3,174,25.07,26.65,36.25,0.9
"2025-05-02 21:23:20",1544,578,84651,0,,,,25.07,26.7,,0.9
"2025-05-02 21:23:21",1545,579,84646,0,,,,25.11,26.7,,0.9
"2025-05-02 21:23:22",1545,579,84642,0,,,,25.19,26.7,,0.8
"2025-05-02 21:23:23",1546,580,84635,0,,1.55,165.7,25.17,26.65,,0.8
"2025-05-02 21:23:24",1546,580,84629,0,,1.35,179,25.15,26.65,,0.8
"2025-05-02 21:23:25",1547,581,84624,-33.149593,-70.979287,1.2,174,25.16,26.6,,0.8
"2025-05-02 21:23:26",1548,582,84617,0,,1.25,161.1,25.16,26.6,,0.8
"2025-05-02 21:23:27",1548,582,84610,0,,1.4,169.2,25.17,26.6,,0.7
"2025-05-02 21:23:28",1549,583,84604,-33.149627,-70.97928,1.25,180.6,25.16,26.6,,0.7
"2025-05-02 21:23:30",1550,584,84596,0,,1.4,163.6,25.14,26.6,,0.6
"2025-05-02 21:23:31",1550,584,84592,-33.14966,-70.97927,1.25,175.7,25.12,26.6,,0.6
"2025-05-02 21:23:32",1551,585,84586,0,,1.15,175.4,25.11,26.6,,0.6
"2025-05-02 21:23:33",1552,586,84580,0,,1.4,162.6,25.08,26.6,,0.6
"2025-05-02 21:23:34",1552,586,84574,-33.14969,-70.979258,1.15,159.4,25.05,26.65,,0.6
"2025-05-02 21:23:35",1553,587,84571,0,,1.15,159.4,25.04,26.65,,0.6
"2025-05-02 21:23:36",1553,587,84568,0,,0.9,159.4,25.04,26.7,,0.5
"2025-05-02 21:23:37",1553,587,84566,-33.149708,-70.979248,0.95,159.4,25.09,26.7,,0.5
"2025-05-02 21:23:38",1553,587,84566,0,,0.9,159.4,25.15,26.7,,0.5
"2025-05-02 21:23:39",1553,587,84566,0,,1.05,162.9,25.19,26.75,,0.4
"2025-05-02 21:23:40",1553,587,84566,-33.149733,-70.979232,1.35,142,25.22,26.7,,0.4
"2025-05-02 21:23:41",1554,588,84561,0,,1.25,144.8,25.23,26.65,,0.3
"2025-05-02 21:23:42",1554,588,84556,0,,1.1,155.3,25.22,26.6,,0.4
"2025-05-02 21:23:43",1555,589,84552,-33.14976,-70.979207,1.4,137.9,25.2,26.6,,0.4
"2025-05-02 21:23:45",1555,589,84545,0,,1.5,137.5,25.14,26.55,,0.3
"2025-05-02 21:23:46",1556,590,84542,-33.149783,-70.979172,1.4,131.5,25.11,26.6,36.25,0.3
"2025-05-02 21:23:53",1558,592,84518,0,,0.1,112.5,24.87,26.8,,0.4
"2025-05-02 21:23:54",1558,592,84515,0,,0.15,112.5,24.91,26.85,,0.4
"2025-05-02 21:23:55",1559,593,84512,-33.149842,-70.97916,0.15,112.5,24.89,26.9,,0.4
"2025-05-02 21:23:57",1559,593,84509,0,,0.1,112.5,24.83,26.95,,0.3
"2025-05-02 21:23:58",1559,593,84508,-33.14987,-70.979175,0.1,112.5,24.77,27,,0.3
"2025-05-02 21:24:00",1559,593,84509,0,,1.6,197.9,24.7,27.05,,0.2
"2025-05-02 21:24:01",1559,593,84510,-33.149903,-70.979183,1.25,182.2,24.71,27.1,,0.2
"2025-05-02 21:24:06",1560,594,84503,0,,2.3,176.7,24.67,27.3,,0.1
"2025-05-02 21:24:07",1560,594,84502,-33.149997,-70.979195,1.9,180.6,24.66,27.35,,0.1
"2025-05-02 21:24:09",1559,593,84506,0,,2.25,179.6,24.63,27.35,,0
"2025-05-02 21:24:10",1559,593,84508,-33.15005,-70.979195,2.2,179.9,24.6,27.35,,0
"2025-05-02 21:24:12",1558,592,84514,0,,1.35,189.8,24.63,27.4,,0
"2025-05-02 21:24:13",1558,592,84518,-33.150087,-70.979202,1.25,184.1,24.6,27.4,36,-0.1
"2025-05-02 21:24:16",1559,593,84512,-33.15012,-70.979213,1.25,193.3,24.48,27.45,,0
"2025-05-02 21:24:17",1559,593,84510,0,,1.35,198.5,24.46,27.5,,0
"2025-05-02 21:24:18",1559,593,84509,0,,1.45,200.8,24.43,27.55,,-0.1
"2025-05-02 21:24:19",1559,593,84508,-33.150157,-70.979227,1.6,200,24.4,27.6,,-0.1
"2025-05-02 21:24:23",1561,595,84490,0,,0.7,205.8,24.28,27.7,,0.1
"2025-05-02 21:24:24",1561,595,84486,0,,1.05,192.8,24.28,27.75,,0.2
"2025-05-02 21:24:25",1562,596,84482,-33.150205,-70.979242,1,192.8,24.31,27.8,,0.3
"2025-05-02 21:24:32",1565,599,84450,0,,1.4,179.6,24.5,27.75,,0.5
"2025-05-02 21:24:33",1566,600,84446,0,,1.4,174.4,24.5,27.7,,0.5
"2025-05-02 21:24:34",1566,600,84442,-33.1503,-70.979242,1.15,162.9,24.53,27.7,,0.5
"2025-05-02 21:24:38",1569,603,84416,0,,1.35,178.6,24.45,27.6,,0.5
"2025-05-02 21:24:39",1569,603,84410,0,,2.05,193.5,24.46,27.7,,0.5
"2025-05-02 21:24:40",1570,604,84404,-33.150388,-70.979237,1.85,184.7,24.49,27.7,36,0.5
"2025-05-02 21:24:47",1577,611,84337,0,,1.65,178,24.42,27.65,,0.8
"2025-05-02 21:24:48",1578,612,84327,0,,1.6,168.7,24.42,27.65,,0.8
"2025-05-02 21:24:49",1579,613,84318,-33.15052,-70.979233,1.6,167.4,24.43,27.7,,0.9
"2025-05-02 21:24:56",1586,620,84249,0,,2,147.1,24.53,27.6,,1
"2025-05-02 21:24:57",1587,621,84239,0,,1.95,163.9,24.52,27.55,,1
"2025-05-02 21:24:58",1588,622,84230,-33.150648,-70.979162,1.55,146.9,24.51,27.55,,1
"2025-05-02 21:25:00",1590,624,84211,0,,2.25,146.1,24.5,27.55,,1
"2025-05-02 21:25:01",1591,625,84202,-33.1507,-70.979122,2.25,147.6,24.49,27.55,,1
"2025-05-02 21:25:05",1595,629,84163,0,,2.6,154.2,24.57,27.55,,1
"2025-05-02 21:25:06",1596,630,84153,0,,2.65,153.3,24.67,27.55,,1
"2025-05-02 21:25:07",1597,631,84144,-33.150822,-70.979043,2.55,159.3,24.71,27.5,35.75,1
"2025-05-02 21:25:08",1598,632,84132,0,,2.45,164.9,24.72,27.45,,1
"2025-05-02 21:25:09",1600,634,84120,0,,2.5,160.4,24.75,27.4,,1
"2025-05-02 21:25:10",1601,635,84108,-33.150877,-70.97902,2.45,161,24.8,27.35,,1.1
"2025-05-02 21:25:11",1601,635,84102,0,,1.5,171.8,24.79,27.3,,1
"2025-05-02 21:25:12",1602,636,84097,0,,1.45,158.6,24.78,27.25,,1
"2025-05-02 21:25:13",1602,636,84092,-33.150925,-70.978998,2.35,156.2,24.76,27.2,,1
"2025-05-02 21:25:15",1605,639,84068,0,,2.1,153.6,24.72,27.2,,1
"2025-05-02 21:25:16",1606,640,84056,-33.15098,-70.978973,2.35,159.9,24.74,27.2,,1
"2025-05-02 21:25:20",1612,646,84003,0,,2.3,154.6,24.64,27.2,,1.1
"2025-05-02 21:25:21",1613,647,83990,0,,2,148.6,24.58,27.25,,1.1
"2025-05-02 21:25:22",1614,648,83978,-33.151078,-70.978913,2.1,152.6,24.56,27.25,,1.1
"2025-05-02 21:25:23",1616,650,83962,0,,2.3,157.6,24.52,27.3,,1.2
"2025-05-02 21:25:24",1618,652,83946,0,,2.3,156,24.5,27.35,,1.3
"2025-05-02 21:25:25",1619,653,83930,-33.151137,-70.97888,2.2,150.2,24.43,27.35,,1.3
"2025-05-02 21:25:29",1626,660,83866,0,,2.2,147,24.3,27.55,,1.5
"2025-05-02 21:25:30",1628,662,83850,0,,2.6,156.9,24.27,27.55,,1.5
"2025-05-02 21:25:31",1629,663,83834,-33.151247,-70.978808,2.35,155.8,24.27,27.65,,1.5
"2025-05-02 21:25:32",1631,665,83818,0,,2,154.2,24.27,27.7,,1.6
"2025-05-02 21:25:33",1633,667,83803,0,,2.35,157.2,24.26,27.7,,1.6
"2025-05-02 21:25:34",1634,668,83788,-33.1513,-70.97878,2.5,160,24.25,27.7,35.75,1.6
"2025-05-02 21:25:44",1654,688,83596,0,,2.45,162.2,24.04,27.85,,1.9
"2025-05-02 21:25:45",1656,690,83577,0,,2.4,161.1,23.97,27.85,,2
"2025-05-02 21:25:46",1658,692,83558,-33.151542,-70.978668,2.55,152.9,23.92,27.95,,2
"2025-05-02 21:25:53",1674,708,83411,0,,2.2,159.6,23.77,28.2,,2.1
"2025-05-02 21:25:54",1676,710,83390,0,,3.15,162.1,23.73,28.25,,2.1
"2025-05-02 21:25:55",1678,712,83370,-33.151745,-70.978602,3.2,165.3,23.69,28.3,,2.1
"2025-05-02 21:26:03",1697,731,83188,0,,2.9,151.9,23.6,28.55,,2.3
"2025-05-02 21:26:04",1700,734,83166,-33.151958,-70.978495,3.25,153.6,23.6,28.55,,2.3
"2025-05-02 21:26:06",1704,738,83124,0,,3.2,160.7,23.6,28.55,,2.3
"2025-05-02 21:26:07",1706,740,83104,-33.15204,-70.978457,3.35,158.5,23.61,28.55,,2.3
"2025-05-02 21:26:09",1711,745,83060,0,,3.45,155,23.63,28.55,,2.3
"2025-05-02 21:26:10",1713,747,83038,-33.152115,-70.97841,3.05,152.6,23.61,28.55,,2.3
"2025-05-02 21:26:11",1716,750,83009,0,,3.3,150.9,23.56,28.55,,2.4
"2025-05-02 21:26:12",1719,753,82981,0,,3.45,152.1,23.53,28.55,,2.4
"2025-05-02 21:26:13",1722,756,82954,-33.152193,-70.978358,3.15,151.3,23.51,28.55,,2.4
"2025-05-02 21:26:15",1727,761,82902,0,,3.75,152.4,23.45,28.55,,2.5
"2025-05-02 21:26:16",1730,764,82876,-33.152277,-70.978303,3.4,151.2,23.43,28.6,,2.5
"2025-05-02 21:26:20",1742,776,82762,0,,3.75,158,23.27,28.7,,2.8
"2025-05-02 21:26:21",1745,779,82734,0,,3.7,157.9,23.23,28.75,,2.8
"2025-05-02 21:26:22",1748,782,82706,-33.152467,-70.978208,4.25,160.4,23.22,28.8,,2.9
"2025-05-02 21:26:23",1751,785,82680,0,,4.2,158.7,23.2,28.8,,2.9
"2025-05-02 21:26:24",1754,788,82655,0,,3.8,159.7,23.23,28.85,,2.9
"2025-05-02 21:26:25",1756,790,82630,-33.152565,-70.978165,3.9,159.5,23.23,28.85,,2.9
"2025-05-02 21:26:36",1798,832,82233,0,,3.45,159.1,22.48,29.6,,3.7
"2025-05-02 21:26:37",1802,836,82198,-33.152933,-70.977987,3.65,153.9,22.4,29.65,,3.8
"2025-05-02 21:26:42",1823,857,82001,0,,4.2,158.8,22.18,30.1,,3.9
"2025-05-02 21:26:43",1827,861,81962,-33.153143,-70.977893,4.55,161.3,22.16,30.15,,3.9
"2025-05-02 21:26:45",1836,870,81881,0,,3.95,159.2,22.12,30.3,,4
"2025-05-02 21:26:46",1840,874,81842,-33.153247,-70.977848,3.95,162.3,22.11,30.35,,4
"2025-05-02 21:26:56",1887,921,81395,0,,4.35,161.6,21.82,30.6,,4.6
"2025-05-02 21:26:57",1892,926,81350,0,,3.8,155.2,21.81,30.7,,4.7
"2025-05-02 21:26:58",1897,931,81306,-33.153683,-70.977655,4,151.5,21.81,30.7,,4.8
"2025-05-02 21:26:59",1901,935,81265,0,,4.2,155.8,21.82,30.75,,4.7
"2025-05-02 21:27:00",1906,940,81225,0,,3.05,150.9,21.83,30.75,,4.7
"2025-05-02 21:27:01",1910,944,81186,-33.153767,-70.977603,3.05,154.2,21.91,30.75,,4.7
"2025-05-02 21:27:02",1914,948,81145,0,,4.25,158.9,21.95,30.75,,4.7
"2025-05-02 21:27:03",1919,953,81102,0,,4.7,166.8,22.01,30.75,,4.7
"2025-05-02 21:27:04",1923,957,81060,-33.153873,-70.977567,3.95,160,22,30.65,,4.7
"2025-05-02 21:27:05",1928,962,81018,0,,3.7,158.4,21.93,30.6,,4.6
"2025-05-02 21:27:06",1932,966,80976,0,,4.3,164.7,21.83,30.6,,4.6
"2025-05-02 21:27:07",1937,971,80934,-33.15398,-70.977523,4.3,160.9,21.76,30.6,,4.6
"2025-05-02 21:27:08",1942,976,80889,0,,3.9,157,21.71,30.6,,4.6
"2025-05-02 21:27:09",1946,980,80845,0,,4.05,161.9,21.64,30.7,,4.5
"2025-05-02 21:27:10",1951,985,80802,-33.154083,-70.977473,4.2,159.6,21.55,30.75,,4.5
"2025-05-02 21:27:15",1974,1008,80590,0,,4.1,163.5,21.24,31.15,,4.6
"2025-05-02 21:27:16",1978,1012,80548,-33.154293,-70.977393,4.3,166.9,21.17,31.2,,4.6
"2025-05-02 21:27:17",1982,1016,80510,0,,4.4,165.9,21.1,31.3,,4.5
"2025-05-02 21:27:18",1987,1021,80473,0,,4.3,164,21.06,31.45,,4.5
"2025-05-02 21:27:19",1991,1025,80436,-33.154402,-70.977355,4,162.1,21.02,31.45,,4.5
"2025-05-02 21:27:20",1995,1029,80399,0,,,,21,31.55,,4.4
"2025-05-02 21:27:21",1998,1032,80362,0,,,,20.98,31.6,,4.4
"2025-05-02 21:27:22",2002,1036,80326,0,,,,20.97,31.65,34.75,4.3
"2025-05-02 21:27:23",2006,1040,80291,0,,4.3,163.1,20.96,31.75,,4.2
"2025-05-02 21:27:24",2010,1044,80257,0,,4.6,154.3,20.94,31.75,,4.2
"2025-05-02 21:27:25",2013,1047,80224,-33.15461,-70.977245,4.4,149,20.92,31.8,,4.2
"2025-05-02 21:27:26",2017,1051,80189,0,,,,20.91,31.85,,4.1
"2025-05-02 21:27:27",2021,1055,80154,0,,,,20.9,31.85,,3.9
"2025-05-02 21:27:28",2025,1059,80120,0,,,,20.82,31.85,,3.9
"2025-05-02 21:27:29",2028,1062,80086,0,,,,20.71,31.85,,3.8
"2025-05-02 21:27:30",2032,1066,80052,0,,,,20.63,31.95,,3.8
"2025-05-02 21:27:31",2036,1070,80018,0,,,,20.56,32.05,,3.8
"2025-05-02 21:27:32",2039,1073,79987,0,,4.3,155.9,20.53,32.1,,3.7
"2025-05-02 21:27:33",2042,1076,79956,0,,4.05,160.2,20.46,32.2,,3.7
"2025-05-02 21:27:34",2046,1080,79926,-33.154925,-70.977105,3.7,163.1,20.37,32.25,,3.6
"2025-05-02 21:27:35",2050,1084,79888,0,,3.7,155.8,20.29,32.4,,3.6
"2025-05-02 21:27:36",2054,1088,79853,0,,3.55,160.1,20.23,32.5,,3.6
"2025-05-02 21:27:37",2057,1091,79818,-33.155013,-70.977075,3.25,164.6,20.18,32.6,,3.7
"2025-05-02 21:27:38",2061,1095,79788,0,,,,20.11,32.7,,3.6
"2025-05-02 21:27:39",2064,1098,79757,0,,,,20.04,32.75,,3.6
"2025-05-02 21:27:40",2067,1101,79726,0,,,,19.99,32.9,,3.6
"2025-05-02 21:27:41",2071,1105,79695,0,,2.3,157.9,19.97,32.95,,3.5
"2025-05-02 21:27:42",2074,1108,79666,0,,2.6,153.9,19.93,33.05,,3.5
"2025-05-02 21:27:43",2077,1111,79638,-33.155137,-70.977018,2.2,153.7,19.86,33.15,,3.4
"2025-05-02 21:27:44",2080,1114,79606,0,,2.2,153.7,19.79,33.25,,3.4
"2025-05-02 21:27:45",2084,1118,79575,0,,2.05,161.9,19.72,33.35,,3.4
"2025-05-02 21:27:46",2087,1121,79544,-33.155175,-70.977005,2.05,162.9,19.65,33.4,,3.4
"2025-05-02 21:27:47",2091,1125,79512,0,,,,19.6,33.5,,3.4
"2025-05-02 21:27:48",2094,1128,79479,0,,,,19.54,33.55,,3.4
"2025-05-02 21:27:49",2098,1132,79446,0,,,,19.52,33.65,34.25,3.4
"2025-05-02 21:27:50",2101,1135,79415,0,,2.25,155,19.48,33.7,,3.4
"2025-05-02 21:27:51",2104,1138,79386,0,,2.75,156,19.45,33.75,,3.3
"2025-05-02 21:27:52",2107,1141,79358,-33.155292,-70.976958,2.7,158.9,19.44,33.8,,3.3
"2025-05-02 21:27:53",2110,1144,79330,0,,2.1,158,19.45,33.85,,3.3
"2025-05-02 21:27:54",2113,1147,79302,0,,2.1,159,19.47,33.85,,3.3
"2025-05-02 21:27:55",2117,1151,79274,-33.155363,-70.976927,2.35,163.2,19.48,33.9,,3.3
"2025-05-02 21:27:56",2119,1153,79247,0,,2,155.4,19.45,33.9,,3.3
"2025-05-02 21:27:57",2122,1156,79220,0,,2.45,154.4,19.44,33.9,,3.2
"2025-05-02 21:27:58",2125,1159,79194,-33.155413,-70.976892,2.35,150,19.43,33.95,,3.2
"2025-05-02 21:27:59",2128,1162,79172,0,,1.85,138.4,19.45,33.95,,3.1
"2025-05-02 21:28:00",2130,1164,79151,0,,1.95,142,19.55,34,,3
"2025-05-02 21:28:01",2132,1166,79130,-33.155452,-70.976855,2.1,147.6,19.65,33.95,,2.9
"2025-05-02 21:28:02",2135,1169,79105,0,,2.05,147.6,19.68,33.9,,2.9
"2025-05-02 21:28:03",2138,1172,79080,0,,1.75,151.2,19.64,33.85,,2.8
"2025-05-02 21:28:04",2140,1174,79056,-33.155493,-70.976827,1.75,151.1,19.61,33.8,,2.8
"2025-05-02 21:28:05",2143,1177,79028,0,,1.85,152.6,19.58,33.8,,2.8
"2025-05-02 21:28:06",2146,1180,79001,0,,2.25,150.5,19.51,33.75,,2.8
"2025-05-02 21:28:07",2149,1183,78974,-33.155542,-70.976797,1.95,144.7,19.44,33.75,,2.8
"2025-05-02 21:28:08",2152,1186,78950,0,,1.65,149.7,19.37,33.8,,2.7
"2025-05-02 21:28:09",2154,1188,78927,0,,1.65,149.7,19.37,33.85,,2.7
"2025-05-02 21:28:10",2157,1191,78904,-33.155587,-70.976773,1.55,154.9,19.36,33.85,,2.6
"2025-05-02 21:28:11",2159,1193,78884,0,,1.55,154.9,19.36,33.85,,2.6
"2025-05-02 21:28:12",2161,1195,78865,0,,2,156.9,19.36,33.9,,2.6
"2025-05-02 21:28:13",2163,1197,78846,-33.155612,-70.97676,1.8,151.2,19.36,33.9,,2.6
"2025-05-02 21:28:15",2167,1201,78809,0,,1.8,151.2,19.34,33.95,,2.5
"2025-05-02 21:28:16",2169,1203,78790,-33.155645,-70.976748,1.75,158.2,19.34,33.95,33.5,2.5
"2025-05-02 21:28:17",2171,1205,78771,0,,2.1,157.3,19.34,33.95,,2.3
"2025-05-02 21:28:18",2173,1207,78754,0,,2.15,162.9,19.34,33.95,,2.2
"2025-05-02 21:28:19",2175,1209,78738,-33.15569,-70.976723,1.9,154,19.37,33.95,,2.1
"2025-05-02 21:28:20",2177,1211,78723,0,,2,155.4,19.42,33.95,,2.1
"2025-05-02 21:28:21",2178,1212,78708,0,,1.7,159.8,19.42,33.95,,2
"2025-05-02 21:28:22",2180,1214,78694,-33.155742,-70.97669,1.4,142.5,19.37,33.9,,1.9
"2025-05-02 21:28:23",2182,1216,78677,0,,1.4,151.6,19.35,33.9,,1.9
"2025-05-02 21:28:24",2184,1218,78659,0,,2.1,168.9,19.33,33.9,,1.9
"2025-05-02 21:28:25",2186,1220,78642,-33.155787,-70.976677,1.7,172.5,19.31,33.9,,1.9
"2025-05-02 21:28:26",2187,1221,78626,0,,,,19.29,33.85,,1.9
"2025-05-02 21:28:27",2189,1223,78611,0,,,,19.28,33.9,,1.8
"2025-05-02 21:28:28",2191,1225,78596,0,,,,19.29,33.9,,1.8
"2025-05-02 21:28:30",2193,1227,78573,0,,1.15,157.3,19.36,33.95,,1.7
"2025-05-02 21:28:31",2194,1228,78562,-33.155847,-70.976655,1.35,173,19.43,33.95,,1.6
"2025-05-02 21:28:32",2196,1230,78550,0,,1.3,164.8,19.47,33.95,,1.6
"2025-05-02 21:28:33",2197,1231,78539,0,,1.3,164.8,19.51,33.9,,1.6
"2025-05-02 21:28:34",2198,1232,78528,-33.155888,-70.97664,1.25,168.5,19.52,33.85,,1.5
"2025-05-02 21:28:35",2200,1234,78514,0,,,,19.52,33.8,,1.5
"2025-05-02 21:28:36",2201,1235,78501,0,,,,19.57,33.8,,1.4
"2025-05-02 21:28:37",2203,1237,78488,0,,,,19.61,33.75,,1.4
"2025-05-02 21:28:38",2204,1238,78475,0,,1.35,172.2,19.67,33.65,,1.4
"2025-05-02 21:28:39",2205,1239,78462,0,,1.5,173.8,19.75,33.65,,1.4
"2025-05-02 21:28:40",2207,1241,78450,-33.155948,-70.976628,1.25,166.6,19.84,33.55,,1.3
"2025-05-02 21:28:41",2208,1242,78437,0,,1.2,177.9,19.9,33.55,,1.3
"2025-05-02 21:28:42",2210,1244,78424,0,,1.55,181.5,19.91,33.45,,1.3
"2025-05-02 21:28:43",2211,1245,78412,-33.155985,-70.976622,1.55,168.6,19.92,33.4,33.25,1.4
"2025-05-02 21:28:44",2212,1246,78399,0,,1.2,173.2,19.94,33.35,,1.4
"2025-05-02 21:28:45",2214,1248,78386,0,,1.2,173.2,19.93,33.25,,1.4
"2025-05-02 21:28:46",2215,1249,78374,-33.156025,-70.976615,1.55,175,19.91,33.2,,1.4
"2025-05-02 21:28:47",2217,1251,78359,0,,1.35,170.1,19.91,33.15,,1.4
"2025-05-02 21:28:48",2218,1252,78344,0,,1.65,169.1,19.88,33.15,,1.4
"2025-05-02 21:28:49",2220,1254,78330,-33.156068,-70.976607,1.8,172,19.84,33.1,,1.5
"2025-05-02 21:28:50",2222,1256,78315,0,,1.7,166.6,19.8,33.05,,1.5
"2025-05-02 21:28:51",2223,1257,78301,0,,1.5,157.8,19.75,33.1,,1.5
"2025-05-02 21:28:52",2225,1259,78288,-33.156108,-70.976595,1.15,176.9,19.7,33.15,,1.5
"2025-05-02 21:28:53",2226,1260,78274,0,,1.3,185.2,19.67,33.15,,1.5
"2025-05-02 21:28:54",2228,1262,78260,0,,1.25,168.3,19.62,33.15,,1.5
"2025-05-02 21:28:55",2229,1263,78246,-33.156148,-70.976595,1,173,19.58,33.2,,1.5
"2025-05-02 21:28:57",2233,1267,78215,0,,1,173,19.49,33.35,,1.6
"2025-05-02 21:28:58",2234,1268,78200,-33.156163,-70.976593,0.05,173,19.44,33.4,,1.6
"2025-05-02 21:29:00",2238,1272,78170,0,,0.1,173,19.34,33.5,,1.6
"2025-05-02 21:29:01",2239,1273,78156,-33.156183,-70.976597,0.05,173,19.3,33.55,,1.6
"2025-05-02 21:29:02",2241,1275,78141,0,,,,19.25,33.6,,1.6
"2025-05-02 21:29:03",2242,1276,78126,0,,,,19.24,33.65,,1.6
"2025-05-02 21:29:04",2244,1278,78112,0,,,,19.23,33.7,,1.6
"2025-05-02 21:29:06",2248,1282,78078,0,,0.1,173,19.29,33.8,,1.7
"2025-05-02 21:29:07",2250,1284,78062,-33.156222,-70.976595,0.1,173,19.29,33.8,,1.7
"2025-05-02 21:29:09",2254,1288,78020,0,,0.7,173,19.31,33.85,,1.8
"2025-05-02 21:29:10",2257,1291,78000,-33.156233,-70.976593,0.7,173,19.3,33.85,32.75,1.8
"2025-05-02 21:29:12",2261,1295,77958,0,,1.05,176.3,19.28,33.85,,1.9
"2025-05-02 21:29:13",2263,1297,77938,-33.156258,-70.97659,0.85,176.3,19.29,33.85,,2
"2025-05-02 21:29:16",2270,1304,77878,-33.156285,-70.976583,0.95,168.5,19.29,33.85,,2.1
"2025-05-02 21:29:17",2272,1306,77858,0,,,,19.29,33.85,,2.2
"2025-05-02 21:29:18",2274,1308,77839,0,,,,19.28,33.8,,2.2
"2025-05-02 21:29:19",2276,1310,77820,0,,,,19.28,33.85,,2.2
"2025-05-02 21:29:20",2279,1313,77799,0,,1.3,176,19.27,33.8,,2.2
"2025-05-02 21:29:21",2281,1315,77778,0,,1.65,195.1,19.22,33.8,,2.2
"2025-05-02 21:29:22",2283,1317,77758,-33.156352,-70.976592,1.35,180.8,19.17,33.85,,2.2
"2025-05-02 21:29:23",2285,1319,77737,0,,1.35,191.6,19.1,33.85,,2.2
"2025-05-02 21:29:24",2288,1322,77715,0,,1.85,201.3,19.08,33.85,,2.2
"2025-05-02 21:29:25",2290,1324,77694,-33.156413,-70.97661,2,190.6,19.03,33.9,,2.2
"2025-05-02 21:29:26",2292,1326,77680,0,,,,18.96,33.9,,2.2
"2025-05-02 21:29:27",2293,1327,77666,0,,,,18.91,34,,2.1
"2025-05-02 21:29:28",2295,1329,77652,0,,,,18.74,34.05,,2.1
"2025-05-02 21:29:29",2297,1331,77629,0,,1.7,196.5,18.59,34.15,,2.1
"2025-05-02 21:29:30",2300,1334,77608,0,,1.65,188.1,18.47,34.25,,2.1
"2025-05-02 21:29:31",2302,1336,77588,-33.156485,-70.976632,1.1,201.6,18.38,34.4,,2.1
"2025-05-02 21:29:32",2304,1338,77570,0,,1.4,185.5,18.28,34.5,,2.1
"2025-05-02 21:29:33",2306,1340,77552,0,,1.55,179.6,18.22,34.65,,2.1
"2025-05-02 21:29:34",2308,1342,77534,-33.15652,-70.976638,1,192.8,18.19,34.8,,2.1
"2025-05-02 21:29:35",2311,1345,77511,0,,1.2,186.9,18.12,34.9,,2.1
"2025-05-02 21:29:36",2313,1347,77488,0,,1.9,174.6,18.04,35,,2.1
"2025-05-02 21:29:37",2316,1350,77466,-33.156557,-70.97664,1.25,182.7,18,35.15,32,2.1
"2025-05-02 21:29:38",2318,1352,77446,0,,1.25,182.7,17.97,35.25,,2.2
"2025-05-02 21:29:39",2320,1354,77426,0,,1.6,169.9,17.95,35.35,,2.2
"2025-05-02 21:29:40",2322,1356,77406,-33.156592,-70.976638,1.2,172.3,17.89,35.4,,2.3
"2025-05-02 21:29:42",2327,1361,77364,0,,1.3,184.6,17.88,35.6,,2.3
"2025-05-02 21:29:43",2329,1363,77344,-33.15662,-70.97664,1.2,173.2,17.92,35.65,,2.3
"2025-05-02 21:29:44",2331,1365,77322,0,,,,17.98,35.7,,2.3
"2025-05-02 21:29:45",2334,1368,77301,0,,,,18.02,35.7,,2.3
"2025-05-02 21:29:46",2336,1370,77280,0,,,,18.11,35.7,,2.3
"2025-05-02 21:29:47",2339,1373,77258,0,,1.2,194.2,18.15,35.7,,2.3
"2025-05-02 21:29:48",2341,1375,77238,0,,0.95,194.2,18.16,35.7,,2.3
"2025-05-02 21:29:49",2343,1377,77218,-33.156668,-70.976658,1.25,213.3,18.18,35.65,,2.3
"2025-05-02 21:29:50",2345,1379,77197,0,,1.25,213.3,18.21,35.6,,2.3
"2025-05-02 21:29:51",2348,1382,77175,0,,1.1,215.3,18.22,35.6,,2.3
"2025-05-02 21:29:52",2350,1384,77154,-33.156693,-70.976678,1.2,204.4,18.17,35.55,,2.3
"2025-05-02 21:29:53",2353,1387,77132,0,,1.35,206.9,18.07,35.5,,2.3
"2025-05-02 21:29:54",2355,1389,77110,0,,1.35,210.4,17.98,35.5,,2.4
"2025-05-02 21:29:55",2358,1392,77088,-33.156723,-70.976697,1.1,212.5,17.91,35.5,,2.4
"2025-05-02 21:29:56",2360,1394,77065,0,,1.3,210.4,17.86,35.55,,2.4
"2025-05-02 21:29:57",2362,1396,77044,0,,1.4,208.8,17.82,35.6,,2.4
"2025-05-02 21:29:58",2365,1399,77024,-33.156753,-70.976718,1.15,210.8,17.77,35.65,,2.4
"2025-05-02 21:30:00",2370,1404,76976,0,,1.1,209.3,17.59,35.8,,2.4
"2025-05-02 21:30:01",2373,1407,76952,-33.156778,-70.976737,1.2,203.3,17.48,35.9,,2.5
"2025-05-02 21:30:02",2376,1410,76926,0,,1.5,197.3,17.41,35.95,,2.5
"2025-05-02 21:30:03",2378,1412,76901,0,,1.8,181.2,17.33,36.05,,2.5
"2025-05-02 21:30:04",2381,1415,76876,-33.15682,-70.976742,1.65,178,17.32,36.2,31.75,2.6
"2025-05-02 21:30:05",2384,1418,76854,0,,1.6,192.5,17.26,36.35,,2.6
"2025-05-02 21:30:06",2386,1420,76831,0,,1.85,196.1,17.16,36.4,,2.6
"2025-05-02 21:30:07",2389,1423,76808,-33.156867,-70.976752,1.6,189,17.09,36.5,,2.6
"2025-05-02 21:30:08",2392,1426,76781,0,,1.6,189,17.02,36.6,,2.6
"2025-05-02 21:30:09",2395,1429,76755,0,,2,193.7,16.98,36.75,,2.7
"2025-05-02 21:30:10",2397,1431,76730,-33.156917,-70.976763,2.3,189.5,16.94,36.8,,2.7
"2025-05-02 21:30:11",2400,1434,76705,0,,2,187.9,16.97,36.95,,2.7
"2025-05-02 21:30:12",2403,1437,76680,0,,1.8,189.1,16.97,37.05,,2.7
"2025-05-02 21:30:13",2406,1440,76656,-33.156972,-70.976768,2.25,177,16.87,37.05,,2.7
"2025-05-02 21:30:15",2412,1446,76597,0,,1.8,192.5,16.82,37.2,,2.8
"2025-05-02 21:30:16",2416,1450,76568,-33.157028,-70.976775,1.65,189.9,16.8,37.25,,2.9
"2025-05-02 21:30:17",2418,1452,76546,0,,2,194.8,16.8,37.35,,2.9
"2025-05-02 21:30:18",2420,1454,76525,0,,2.3,205.6,16.8,37.35,,2.8
"2025-05-02 21:30:19",2423,1457,76504,-33.157082,-70.976797,2,196.1,16.79,37.4,,2.8
"2025-05-02 21:30:20",2425,1459,76486,0,,2,196.1,16.77,37.45,,2.8
"2025-05-02 21:30:21",2427,1461,76469,0,,2,200.4,16.74,37.45,,2.7
"2025-05-02 21:30:22",2429,1463,76452,-33.157148,-70.976825,2.15,212,16.71,37.45,,2.6
"2025-05-02 21:30:23",2430,1464,76441,0,,2.2,212,16.66,37.5,,2.5
"2025-05-02 21:30:24",2431,1465,76430,0,,2.05,205.9,16.66,37.55,,2.3
"2025-05-02 21:30:25",2432,1466,76420,-33.157182,-70.976847,2.45,213.9,16.68,37.6,,2.2
"2025-05-02 21:30:26",2435,1469,76398,0,,2.45,213.7,16.69,37.65,,2.2
"2025-05-02 21:30:27",2437,1471,76376,0,,2.45,213.7,16.68,37.65,,2.1
"2025-05-02 21:30:28",2439,1473,76354,-33.157243,-70.97689,3.15,202.3,16.67,37.7,,2
"2025-05-02 21:30:29",2442,1476,76332,0,,3,197.5,16.66,37.7,,2
"2025-05-02 21:30:30",2444,1478,76311,0,,2.45,194.2,16.67,37.75,,2
"2025-05-02 21:30:31",2447,1481,76290,-33.157313,-70.976917,2.45,192.2,16.71,37.75,31.25,2
"2025-05-02 21:30:32",2449,1483,76267,0,,1.9,201.8,16.68,37.7,,2
"2025-05-02 21:30:33",2452,1486,76244,0,,1.8,213.9,16.66,37.75,,2.1
"2025-05-02 21:30:34",2454,1488,76222,-33.157363,-70.976943,2.35,200.4,16.66,37.75,,2.1
"2025-05-02 21:30:35",2457,1491,76202,0,,2.35,194.3,16.67,37.75,,2.2
"2025-05-02 21:30:36",2459,1493,76183,0,,1.7,210.3,16.73,37.75,,2.2
"2025-05-02 21:30:37",2461,1495,76164,-33.157415,-70.976965,1.85,200.7,16.69,37.75,,2.3
"2025-05-02 21:30:38",2464,1498,76139,0,,2,199,16.68,37.7,,2.4
"2025-05-02 21:30:39",2466,1500,76115,0,,1.95,204.3,16.68,37.7,,2.4
"2025-05-02 21:30:40",2469,1503,76092,-33.157463,-70.976987,1.85,204.6,16.68,37.7,,2.4
"2025-05-02 21:30:41",2471,1505,76075,0,,2.1,197.3,16.76,37.75,,2.4
"2025-05-02 21:30:42",2473,1507,76058,0,,1.85,200.4,16.78,37.7,,2.4
"2025-05-02 21:30:43",2475,1509,76042,-33.157513,-70.977005,1.75,198,16.74,37.7,,2.3
"2025-05-02 21:30:44",2478,1512,76012,0,,1.9,187.6,16.7,37.6,,2.4
"2025-05-02 21:30:45",2481,1515,75982,0,,1.8,186,16.64,37.6,,2.5
"2025-05-02 21:30:46",2485,1519,75952,-33.157562,-70.977013,1.55,179.6,16.55,37.6,,2.5
"2025-05-02 21:30:47",2488,1522,75926,0,,1.85,175.8,16.51,37.7,,2.6
"2025-05-02 21:30:48",2491,1525,75900,0,,2.05,170.1,16.48,37.7,,2.6
"2025-05-02 21:30:49",2493,1527,75874,-33.157612,-70.977007,1.7,165.8,16.46,37.75,,2.7
"2025-05-02 21:30:50",2496,1530,75849,0,,1.75,160.8,16.42,37.8,,2.7
"2025-05-02 21:30:51",2499,1533,75826,0,,2.2,161.2,16.38,37.8,,2.7
"2025-05-02 21:30:52",2501,1535,75804,-33.15768,-70.976973,2.2,150.7,16.35,37.85,,2.7
"2025-05-02 21:30:53",2504,1538,75781,0,,2.2,150.7,16.37,37.9,,2.7
"2025-05-02 21:30:54",2506,1540,75758,0,,2.4,158,16.44,37.95,,2.8
"2025-05-02 21:30:55",2509,1543,75736,-33.15772,-70.976952,2.7,155.7,16.52,37.95,,2.9
"2025-05-02 21:30:56",2511,1545,75717,0,,2.2,155.7,16.54,37.95,,2.8
"2025-05-02 21:30:57",2513,1547,75698,0,,2.2,159.5,16.5,37.9,,2.7
"2025-05-02 21:30:58",2515,1549,75680,-33.157778,-70.976922,2.5,152.2,16.47,37.9,31,2.6
"2025-05-02 21:31:00",2519,1553,75646,0,,2,150.2,16.38,37.9,,2.4
"2025-05-02 21:31:01",2521,1555,75630,-33.157832,-70.976885,2.3,152.9,16.38,37.9,,2.3
"2025-05-02 21:31:02",2523,1557,75614,0,,2.3,149,16.37,38,,2.2
"2025-05-02 21:31:03",2524,1558,75599,0,,2,152.4,16.34,37.95,,2.2
"2025-05-02 21:31:04",2526,1560,75584,-33.157885,-70.976855,1.85,162,16.31,38,,2.1
"2025-05-02 21:31:05",2527,1561,75573,0,,2.4,159.2,16.28,38.05,,2
"2025-05-02 21:31:06",2529,1563,75562,0,,2.4,159.2,16.24,38.05,,1.9
"2025-05-02 21:31:07",2530,1564,75552,-33.157937,-70.976825,1.85,155.6,16.2,38.1,,1.8
"2025-05-02 21:31:08",2531,1565,75545,0,,2.4,175,16.18,38.1,,1.6
"2025-05-02 21:31:09",2531,1565,75538,0,,1.8,163.7,16.12,38.15,,1.5
"2025-05-02 21:31:10",2532,1566,75532,-33.157987,-70.976808,1.55,145.9,16.09,38.2,,1.4
"2025-05-02 21:31:11",2533,1567,75526,0,,2.15,151,16.09,38.25,,1.3
"2025-05-02 21:31:12",2533,1567,75521,0,,2.1,155.7,16.08,38.3,,1.2
"2025-05-02 21:31:13",2534,1568,75516,-33.158033,-70.97678,1.3,144.4,16.06,38.35,,1.1
"2025-05-02 21:31:15",2535,1569,75506,0,,1.9,160.5,16.09,38.45,,0.9
"2025-05-02 21:31:16",2535,1569,75502,-33.158072,-70.976758,1.35,163.5,16.08,38.5,,0.8
"2025-05-02 21:31:17",2536,1570,75494,0,,1.1,156.8,16.07,38.5,,0.7
"2025-05-02 21:31:18",2537,1571,75487,0,,1.75,152.8,16.06,38.5,,0.7
"2025-05-02 21:31:19",2538,1572,75480,-33.158108,-70.976738,1.95,148.2,16.04,38.55,,0.7
"2025-05-02 21:31:20",2539,1573,75471,0,,1.65,138.9,15.95,38.55,,0.7
"2025-05-02 21:31:21",2540,1574,75462,0,,1.8,138.2,15.84,38.55,,0.7
"2025-05-02 21:31:22",2541,1575,75454,-33.158148,-70.9767,2.1,141.4,15.76,38.6,,0.7
"2025-05-02 21:31:23",2541,1575,75454,0,,1.95,141.2,15.7,38.7,,0.7
"2025-05-02 21:31:24",2541,1575,75455,0,,1.75,141.2,15.7,38.8,,0.6
"2025-05-02 21:31:25",2541,1575,75456,-33.158188,-70.976662,2,138.2,15.74,38.9,30.5,0.6
"2025-05-02 21:31:27",2543,1577,75435,0,,1.85,145.1,15.97,39,,0.7
"2025-05-02 21:31:28",2544,1578,75426,-33.15823,-70.976625,2,146.5,16.02,39,,0.7
"2025-05-02 21:31:31",2543,1577,75432,-33.158268,-70.976592,1.5,137.9,15.99,38.9,,0.4
"2025-05-02 21:31:32",2543,1577,75435,0,,,,15.99,38.85,,0.3
"2025-05-02 21:31:33",2542,1576,75439,0,,,,16,38.85,,0.2
"2025-05-02 21:31:34",2542,1576,75444,0,,,,16.02,38.85,,0.1
"2025-05-02 21:31:36",2542,1576,75440,0,,1.75,147.3,16.22,38.8,,0.1
"2025-05-02 21:31:37",2543,1577,75438,-33.158347,-70.976525,1.85,148.6,16.24,38.7,,0.2
"2025-05-02 21:31:39",2541,1575,75454,0,,1.85,148.3,16.25,38.6,,0
"2025-05-02 21:31:40",2540,1574,75462,-33.15839,-70.976495,1.8,150.2,16.24,38.55,,-0.2
"2025-05-02 21:31:42",2538,1572,75479,0,,2.1,149.1,16.22,38.5,,-0.4
"2025-05-02 21:31:43",2537,1571,75488,-33.158438,-70.976462,1.95,142.6,16.21,38.45,,-0.5
"2025-05-02 21:31:45",2535,1569,75502,0,,2.75,149.1,16.08,38.45,,-0.6
"2025-05-02 21:31:46",2534,1568,75510,-33.158493,-70.976417,2.75,141.1,16.04,38.5,,-0.6
"2025-05-02 21:31:47",2534,1568,75515,0,,2.35,123.7,16.04,38.5,,-0.6
"2025-05-02 21:31:48",2533,1567,75520,0,,2,127.9,16.07,38.55,,-0.8
"2025-05-02 21:31:49",2533,1567,75526,-33.158532,-70.976362,1.9,124.4,16.11,38.55,,-0.8
"2025-05-02 21:31:50",2532,1566,75530,0,,1.8,117.8,16.1,38.6,,-0.8
"2025-05-02 21:31:51",2532,1566,75534,0,,1.8,117.8,16.1,38.6,,-0.8
"2025-05-02 21:31:52",2531,1565,75538,-33.15855,-70.976318,0.85,109.6,16.1,38.6,30.25,-0.7
"2025-05-02 21:31:53",2531,1565,75542,0,,0.7,109.6,16.08,38.55,,-0.7
"2025-05-02 21:31:54",2530,1564,75546,0,,0.9,109.6,16.07,38.6,,-0.6
"2025-05-02 21:31:55",2530,1564,75550,-33.158567,-70.976312,1.05,167.1,16.09,38.6,,-0.6
"2025-05-02 21:31:56",2530,1564,75552,0,,1.1,167.1,16.09,38.6,,-0.6
"2025-05-02 21:31:57",2529,1563,75555,0,,1.15,156.2,16.05,38.6,,-0.5
"2025-05-02 21:31:58",2529,1563,75558,-33.158598,-70.9763,1.55,155.5,16.03,38.65,,-0.5
"2025-05-02 21:31:59",2528,1562,75564,0,,1.4,160.3,16.02,38.6,,-0.5
"2025-05-02 21:32:00",2528,1562,75571,0,,1.2,139.4,16,38.65,,-0.5
"2025-05-02 21:32:01",2527,1561,75578,-33.158627,-70.976277,1.4,111.7,15.99,38.65,,-0.5
"2025-05-02 21:32:02",2526,1560,75583,0,,1.6,111.9,15.99,38.7,,-0.5
"2025-05-02 21:32:03",2526,1560,75588,0,,1.75,128.6,16.03,38.7,,-0.5
"2025-05-02 21:32:04",2525,1559,75594,-33.15865,-70.976233,1.75,133.7,16.06,38.75,,-0.5
"2025-05-02 21:32:05",2525,1559,75592,0,,,,16.07,38.75,,-0.5
"2025-05-02 21:32:06",2525,1559,75591,0,,,,16.11,38.75,,-0.4
"2025-05-02 21:32:07",2525,1559,75590,0,,,,16.14,38.7,,-0.4
"2025-05-02 21:32:08",2527,1561,75576,0,,1.9,130.7,16.12,38.7,,-0.2
"2025-05-02 21:32:09",2528,1562,75563,0,,1.3,113.6,16.11,38.7,,-0.1
"2025-05-02 21:32:10",2530,1564,75550,-33.158692,-70.976148,1.4,121.7,16.09,38.7,,0.1
"2025-05-02 21:32:11",2531,1565,75538,0,,1.35,126.7,16.06,38.65,,0.2
"2025-05-02 21:32:12",2533,1567,75527,0,,0.8,126.7,16.03,38.65,,0.3
"2025-05-02 21:32:13",2534,1568,75516,-33.158703,-70.97612,1,126.7,15.94,38.65,,0.5
"2025-05-02 21:32:15",2536,1570,75491,0,,1.25,136.9,15.83,38.7,,0.9
"2025-05-02 21:32:16",2538,1572,75480,-33.158723,-70.976088,0.75,136.9,15.76,38.8,,1.1
"2025-05-02 21:32:17",2539,1573,75473,0,,0.6,136.9,15.72,38.85,,1.1
"2025-05-02 21:32:18",2539,1573,75466,0,,1.05,114.2,15.69,38.95,,1.2
"2025-05-02 21:32:19",2540,1574,75460,-33.158733,-70.976058,1.35,116.7,15.68,39,30,1.2
"2025-05-02 21:32:20",2541,1575,75450,0,,1.25,123.9,15.69,39.05,,1.2
"2025-05-02 21:32:21",2542,1576,75441,0,,1.55,140.5,15.7,39.1,,1.2
"2025-05-02 21:32:22",2543,1577,75432,-33.15876,-70.976025,1.35,131.1,15.72,39.15,,1.1
"2025-05-02 21:32:23",2544,1578,75425,0,,0.8,131.1,15.72,39.2,,1.1
"2025-05-02 21:32:24",2545,1579,75418,0,,1.25,132.8,15.72,39.2,,1
"2025-05-02 21:32:25",2546,1580,75412,-33.15878,-70.975998,1.8,134.4,15.72,39.25,,1
"2025-05-02 21:32:26",2546,1580,75404,0,,1.55,130.2,15.69,39.25,,1
"2025-05-02 21:32:27",2547,1581,75397,0,,1.5,129.9,15.68,39.3,,1
"2025-05-02 21:32:28",2548,1582,75390,-33.158812,-70.975957,2,132.9,15.63,39.3,,0.9
"2025-05-02 21:32:30",2550,1584,75372,0,,1.95,132.1,15.52,39.35,,0.9
"2025-05-02 21:32:31",2551,1585,75364,-33.158848,-70.975907,2.2,127,15.5,39.4,,0.9
"2025-05-02 21:32:32",2552,1586,75352,0,,2.35,129.5,15.46,39.45,,0.9
"2025-05-02 21:32:33",2554,1588,75341,0,,2.05,131.8,15.4,39.55,,0.9
"2025-05-02 21:32:34",2555,1589,75330,-33.158885,-70.975852,2.05,132.3,15.39,39.6,,1
"2025-05-02 21:32:35",2556,1590,75320,0,,2.25,126.3,15.39,39.65,,1
"2025-05-02 21:32:36",2557,1591,75310,0,,2.05,113.7,15.37,39.7,,1
"2025-05-02 21:32:37",2558,1592,75300,-33.158912,-70.975795,1.5,113,15.37,39.75,,1.1
"2025-05-02 21:32:38",2559,1593,75288,0,,1.5,113,15.37,39.75,,1.1
"2025-05-02 21:32:39",2561,1595,75277,0,,1.5,113,15.38,39.8,,1.1
"2025-05-02 21:32:40",2562,1596,75266,-33.158948,-70.975745,2.3,126.8,15.4,39.8,,1.2
"2025-05-02 21:32:41",2563,1597,75256,0,,2,123.7,15.43,39.85,,1.2
"2025-05-02 21:32:42",2564,1598,75247,0,,2.6,126.2,15.44,39.85,,1.2
"2025-05-02 21:32:43",2565,1599,75238,-33.158985,-70.975682,2.6,122.2,15.48,39.85,,1.2
"2025-05-02 21:32:45",2567,1601,75226,0,,2.15,123.6,15.64,39.8,,1.1
"2025-05-02 21:32:46",2567,1601,75220,-33.159017,-70.97562,2.7,120.5,15.64,39.75,30,1.1
"2025-05-02 21:32:47",2569,1603,75204,0,,2.4,119.7,15.63,39.7,,1.1
"2025-05-02 21:32:48",2571,1605,75188,0,,2.25,121.6,15.61,39.7,,1.2
"2025-05-02 21:32:49",2573,1607,75172,-33.159052,-70.975552,2.5,116.7,15.57,39.65,,1.2
"2025-05-02 21:32:50",2574,1608,75159,0,,2.35,113.9,15.55,39.65,,1.2
"2025-05-02 21:32:51",2576,1610,75146,0,,1.9,119.5,15.58,39.6,,1.2
"2025-05-02 21:32:52",2577,1611,75134,-33.15908,-70.975492,1.95,134.1,15.58,39.6,,1.3
"2025-05-02 21:32:53",2578,1612,75127,0,,2.4,129.5,15.58,39.6,,1.2
"2025-05-02 21:32:54",2578,1612,75121,0,,2.2,122.4,15.65,39.6,,1.2
"2025-05-02 21:32:55",2579,1613,75116,-33.159113,-70.975433,2.05,124.5,15.76,39.6,,1.1
"2025-05-02 21:32:56",2581,1615,75098,0,,2.35,131.5,15.78,39.5,,1.2
"2025-05-02 21:32:57",2583,1617,75080,0,,1.95,127.7,15.78,39.45,,1.3
"2025-05-02 21:32:58",2585,1619,75062,-33.159147,-70.975382,1.75,113,15.78,39.4,,1.4
"2025-05-02 21:32:59",2587,1621,75043,0,,2.2,123.7,15.78,39.35,,1.5
"2025-05-02 21:33:00",2589,1623,75025,0,,2.3,136.4,15.72,39.35,,1.6
"2025-05-02 21:33:01",2591,1625,75008,-33.159177,-70.975328,1.5,112.6,15.72,39.3,,1.6
"2025-05-02 21:33:02",2593,1627,74993,0,,1.65,84.3,15.74,39.3,,1.6
"2025-05-02 21:33:03",2594,1628,74979,0,,2.15,117.4,15.74,39.3,,1.6
"2025-05-02 21:33:04",2596,1630,74966,-33.159192,-70.975272,2.45,122.4,15.75,39.25,,1.6
"2025-05-02 21:33:05",2598,1632,74951,0,,1.95,99.1,15.8,39.2,,1.7
"2025-05-02 21:33:06",2599,1633,74936,0,,1.95,103.4,15.79,39.2,,1.8
"2025-05-02 21:33:07",2601,1635,74922,-33.159208,-70.975208,2.35,112.6,15.74,39.15,,1.8
"2025-05-02 21:33:08",2603,1637,74908,0,,2.15,105.6,15.79,39.15,,1.8
"2025-05-02 21:33:09",2604,1638,74894,0,,1.95,104.1,15.77,39.15,,1.8
"2025-05-02 21:33:10",2606,1640,74880,-33.159225,-70.97514,2.3,111.5,15.75,39.1,,1.7
"2025-05-02 21:33:11",2607,1641,74868,0,,2.3,118.3,15.76,39.1,,1.7
"2025-05-02 21:33:12",2608,1642,74857,0,,1.9,110.9,15.83,39.1,,1.6
"2025-05-02 21:33:13",2610,1644,74846,-33.159247,-70.975078,2.3,109.7,15.83,39.05,29.75,1.5
"2025-05-02 21:33:15",2614,1648,74804,0,,2.3,109.9,15.78,39.05,,1.7
"2025-05-02 21:33:16",2617,1651,74784,-33.159268,-70.975007,2.35,109.1,15.81,39,,1.7
"2025-05-02 21:33:17",2618,1652,74776,0,,2.45,118,15.95,39,,1.7
"2025-05-02 21:33:18",2619,1653,74768,0,,2.2,122,16.03,39,,1.6
"2025-05-02 21:33:19",2620,1654,74760,-33.159297,-70.974942,2.2,115.4,16.07,38.95,,1.6
"2025-05-02 21:33:20",2621,1655,74744,0,,2.35,112,16.1,38.9,,1.6
"2025-05-02 21:33:21",2623,1657,74729,0,,2.55,119.5,16.14,38.85,,1.6
"2025-05-02 21:33:22",2625,1659,74714,-33.159328,-70.974873,2.2,122.6,16.18,38.7,,1.6
"2025-05-02 21:33:23",2626,1660,74702,0,,2.2,116.8,16.2,38.6,,1.6
"2025-05-02 21:33:24",2628,1662,74690,0,,2.4,113.8,16.2,38.55,,1.6
"2025-05-02 21:33:25",2629,1663,74678,-33.159358,-70.974807,2.2,117,16.2,38.5,,1.6
"2025-05-02 21:33:26",2629,1663,74673,0,,1.9,114.1,16.25,38.45,,1.5
"2025-05-02 21:33:27",2630,1664,74669,0,,2,110.2,16.39,38.35,,1.4
"2025-05-02 21:33:28",2630,1664,74666,-33.15938,-70.974748,2.2,119.2,16.42,38.3,,1.2
"2025-05-02 21:33:30",2632,1666,74650,0,,,,16.51,38.1,,1.1
"2025-05-02 21:33:31",2633,1667,74642,0,,,,16.46,38.05,,1.1
"2025-05-02 21:33:32",2634,1668,74635,0,,2.25,123.9,16.38,37.95,,1.1
"2025-05-02 21:33:33",2635,1669,74628,0,,2.25,125.4,16.37,37.95,,1
"2025-05-02 21:33:34",2635,1669,74622,-33.159455,-70.974607,2.3,116,16.38,37.9,,0.9
"2025-05-02 21:33:35",2636,1670,74616,0,,2.3,116,16.34,37.85,,0.8
"2025-05-02 21:33:36",2637,1671,74611,0,,2.05,129.3,16.36,37.85,,0.8
"2025-05-02 21:33:37",2637,1671,74606,-33.159477,-70.974568,2.3,119.7,16.42,37.85,,0.7
"2025-05-02 21:33:38",2639,1673,74592,0,,2.25,117.8,16.52,37.8,,0.8
"2025-05-02 21:33:39",2640,1674,74580,0,,2.05,123.2,16.61,37.8,,0.9
"2025-05-02 21:33:40",2641,1675,74568,-33.159505,-70.974507,2.25,121.1,16.69,37.75,30,0.9
"2025-05-02 21:33:41",2643,1677,74557,0,,2.1,111.7,16.78,37.6,,1
"2025-05-02 21:33:42",2644,1678,74545,0,,1.8,114.1,16.82,37.55,,1
"2025-05-02 21:33:43",2645,1679,74534,-33.159527,-70.974448,1.9,119.3,16.82,37.45,,1
"2025-05-02 21:33:45",2648,1682,74507,0,,2,112.7,16.8,37.25,,1.2
"2025-05-02 21:33:46",2650,1684,74494,-33.15955,-70.97439,1.8,114.5,16.79,37.2,,1.2
"2025-05-02 21:33:47",2651,1685,74482,0,,1.8,122.9,16.77,37.2,,1.2
"2025-05-02 21:33:48",2653,1687,74470,0,,1.8,123.7,16.71,37.15,,1.3
"2025-05-02 21:33:49",2654,1688,74458,-33.159577,-70.974342,1.8,118.4,16.64,37.15,,1.4
"2025-05-02 21:33:50",2655,1689,74446,0,,1.65,121.4,16.56,37.15,,1.4
"2025-05-02 21:33:51",2657,1691,74435,0,,1.7,121,16.48,37.1,,1.4
"2025-05-02 21:33:52",2658,1692,74424,-33.1596,-70.974292,1.9,117.2,16.43,37.15,,1.4
"2025-05-02 21:33:53",2658,1692,74422,0,,2.1,119.1,16.5,37.2,,1.3
"2025-05-02 21:33:54",2658,1692,74421,0,,1.85,127.2,16.54,37.25,,1.2
"2025-05-02 21:33:55",2658,1692,74420,-33.15963,-70.974237,2,127.8,16.47,37.3,,1.1
"2025-05-02 21:33:57",2661,1695,74401,0,,1.8,129,16.33,37.35,,1.1
"2025-05-02 21:33:58",2662,1696,74392,-33.159662,-70.974188,1.85,121.8,16.24,37.4,,1
"2025-05-02 21:34:00",2665,1699,74363,0,,2.3,116.3,16.03,37.55,,1
"2025-05-02 21:34:01",2666,1700,74350,-33.15969,-70.974127,2,121.7,15.96,37.65,,1.1
"2025-05-02 21:34:03",2668,1702,74340,0,,1.9,122.8,15.79,37.85,,0.9
"2025-05-02 21:34:04",2668,1702,74336,-33.159718,-70.974078,2.1,125,15.7,38,,0.9
"2025-05-02 21:34:06",2669,1703,74323,0,,1.6,125.1,15.59,38.2,,0.9
"2025-05-02 21:34:07",2670,1704,74318,-33.159747,-70.974033,1.85,126.1,15.52,38.35,30,0.9
"2025-05-02 21:34:09",2671,1705,74307,0,,1.55,133.1,15.43,38.6,,0.9
"2025-05-02 21:34:10",2672,1706,74302,-33.159778,-70.973993,1.6,129.1,15.37,38.75,,0.9
"2025-05-02 21:34:12",2673,1707,74291,0,,1.6,141.1,15.28,38.95,,0.7
"2025-05-02 21:34:13",2674,1708,74286,-33.159812,-70.973957,1.55,141.5,15.21,39.05,,0.6
"2025-05-02 21:34:16",2675,1709,74274,-33.159845,-70.973923,1.45,137.5,15.06,39.4,,0.6
"2025-05-02 21:34:17",2676,1710,74270,0,,1.45,137.1,15.02,39.5,,0.6
"2025-05-02 21:34:18",2676,1710,74267,0,,1.5,136.3,15.01,39.6,,0.6
"2025-05-02 21:34:19",2676,1710,74264,-33.159875,-70.973892,1.35,142.5,15.02,39.7,,0.5
"2025-05-02 21:34:20",2676,1710,74262,0,,1.35,144.2,15.04,39.8,,0.5
"2025-05-02 21:34:21",2677,1711,74261,0,,1.5,143.5,15.04,39.9,,0.4
"2025-05-02 21:34:22",2677,1711,74260,-33.159905,-70.973865,1.5,139.3,15.04,39.95,,0.4
"2025-05-02 21:34:23",2677,1711,74259,0,,1.5,146.2,15.03,40,,0.4
"2025-05-02 21:34:24",2677,1711,74258,0,,1.5,152.2,15.06,40.05,,0.4
"2025-05-02 21:34:25",2677,1711,74258,-33.159942,-70.97384,1.65,144,15.18,40.1,,0.3
"2025-05-02 21:34:26",2678,1712,74246,0,,1.7,144,15.34,40.1,,0.3
"2025-05-02 21:34:27",2680,1714,74235,0,,1.55,149.5,15.46,40.05,,0.4
"2025-05-02 21:34:28",2681,1715,74224,-33.159977,-70.97381,1.45,147.3,15.48,40,,0.5
"2025-05-02 21:34:29",2682,1716,74218,0,,1.3,143.3,15.5,39.95,,0.5
"2025-05-02 21:34:30",2682,1716,74212,0,,1.45,153.2,15.51,39.8,,0.5
"2025-05-02 21:34:31",2683,1717,74206,-33.16001,-70.973788,1.65,155.8,15.54,39.75,,0.5
"2025-05-02 21:34:32",2683,1717,74205,0,,1.35,149.5,15.57,39.65,,0.5
"2025-05-02 21:34:33",2683,1717,74204,0,,1.15,143.5,15.6,39.6,,0.5
"2025-05-02 21:34:34",2683,1717,74204,-33.160042,-70.973768,1.35,164.7,15.62,39.55,29.75,0.5
"2025-05-02 21:34:35",2683,1717,74206,0,,1.2,159.6,15.62,39.45,,0.5
"2025-05-02 21:34:36",2683,1717,74209,0,,1.2,150.1,15.63,39.35,,0.5
"2025-05-02 21:34:37",2682,1716,74212,-33.160073,-70.973753,1.3,155.1,15.65,39.3,,0.4
"2025-05-02 21:34:38",2682,1716,74212,0,,1.35,155.1,15.68,39.3,,0.3
"2025-05-02 21:34:39",2682,1716,74212,0,,1.35,161.1,15.74,39.25,,0.2
"2025-05-02 21:34:40",2682,1716,74212,-33.160108,-70.973738,1.45,154.9,15.8,39.2,,0.1
"2025-05-02 21:34:41",2683,1717,74208,0,,1.65,166.8,15.82,39.1,,0.1
"2025-05-02 21:34:42",2683,1717,74205,0,,1.6,167.8,15.91,39.05,,0.1
"2025-05-02 21:34:43",2683,1717,74202,-33.160147,-70.973725,1.6,161,16.03,39,,0
"2025-05-02 21:34:44",2685,1719,74191,0,,1.7,170.9,16.08,38.95,,0.1
"2025-05-02 21:34:45",2686,1720,74180,0,,1.65,183.3,16.11,38.85,,0.2
"2025-05-02 21:34:46",2687,1721,74170,-33.160188,-70.973722,1.7,182.8,16.08,38.7,,0.3
"2025-05-02 21:34:47",2687,1721,74172,0,,2.2,188.1,16,38.6,,0.3
"2025-05-02 21:34:48",2687,1721,74174,0,,2,190,15.91,38.55,,0.3
"2025-05-02 21:34:49",2686,1720,74176,-33.160242,-70.97373,1.7,193,15.82,38.5,,0.3
"2025-05-02 21:34:50",2686,1720,74176,0,,1.85,194.3,15.79,38.5,,0.3
"2025-05-02 21:34:51",2686,1720,74176,0,,2.05,191.1,15.74,38.5,,0.3
"2025-05-02 21:34:52",2686,1720,74176,-33.160292,-70.973745,2.05,187.2,15.7,38.55,,0.3
"2025-05-02 21:34:53",2686,1720,74178,0,,2.4,191.9,15.65,38.6,,0.3
"2025-05-02 21:34:54",2686,1720,74180,0,,2.4,203.4,15.6,38.65,,0.3
"2025-05-02 21:34:55",2686,1720,74182,-33.16035,-70.973765,1.75,193,15.57,38.7,,0.2
"2025-05-02 21:34:56",2685,1719,74186,0,,1.7,180.8,15.54,38.75,,0.1
"2025-05-02 21:34:57",2685,1719,74191,0,,2,188.6,15.57,38.8,,0
"2025-05-02 21:34:58",2684,1718,74196,-33.160398,-70.97377,2,178.8,15.7,38.9,,-0.1
"2025-05-02 21:35:00",2682,1716,74213,0,,1.85,185,15.76,38.9,,-0.4
"2025-05-02 21:35:01",2681,1715,74222,-33.160448,-70.97377,1.95,184.1,15.72,38.9,30,-0.4
"2025-05-02 21:35:02",2682,1716,74215,0,,1.75,172.4,15.72,38.9,,-0.4
"2025-05-02 21:35:03",2683,1717,74209,0,,1.65,175.9,15.68,38.85,,-0.3
"2025-05-02 21:35:04",2683,1717,74204,-33.160495,-70.973768,1.65,187.6,15.65,38.9,,-0.3
"2025-05-02 21:35:05",2683,1717,74207,0,,1.55,184.8,15.65,38.9,,-0.3
"2025-05-02 21:35:06",2682,1716,74210,0,,1.45,176.6,15.68,38.9,,-0.3
"2025-05-02 21:35:07",2682,1716,74214,-33.160538,-70.973772,1.55,180,15.69,38.95,,-0.3
"2025-05-02 21:35:08",2682,1716,74214,0,,1.55,186.2,15.69,38.9,,-0.3
"2025-05-02 21:35:09",2682,1716,74214,0,,1.75,180.7,15.64,38.9,,-0.2
"2025-05-02 21:35:10",2682,1716,74214,-33.160582,-70.973772,1.55,173.5,15.54,38.9,,-0.2
"2025-05-02 21:35:11",2682,1716,74217,0,,1.15,188.9,15.48,38.95,,-0.2
"2025-05-02 21:35:12",2681,1715,74220,0,,1.35,193.6,15.46,39,,-0.2
"2025-05-02 21:35:13",2681,1715,74224,-33.160617,-70.973775,1.45,179.5,15.43,39.05,,-0.1
"2025-05-02 21:35:15",2681,1715,74221,0,,1.9,198.1,15.35,39.2,,0
"2025-05-02 21:35:16",2681,1715,74220,-33.16066,-70.973785,1.85,192.5,15.33,39.2,,-0.1
"2025-05-02 21:35:17",2681,1715,74219,0,,1.35,184.6,15.3,39.25,,-0.1
"2025-05-02 21:35:18",2682,1716,74218,0,,1.3,185.1,15.24,39.35,,-0.1
"2025-05-02 21:35:19",2682,1716,74218,-33.160698,-70.97379,1.65,188.3,15.2,39.4,,-0.1
"2025-05-02 21:35:20",2682,1716,74217,0,,1.65,185,15.13,39.5,,0
"2025-05-02 21:35:21",2682,1716,74216,0,,1.55,178.8,15.04,39.6,,0
"2025-05-02 21:35:22",2682,1716,74216,-33.16074,-70.973793,1.7,182,14.96,39.65,,0
"2025-05-02 21:35:26",2682,1716,74216,0,,1.95,175.3,14.96,40.05,,0.1
"2025-05-02 21:35:27",2682,1716,74216,0,,1.95,173.4,15.11,40.1,,0.1
"2025-05-02 21:35:28",2682,1716,74216,-33.160835,-70.973782,1.8,167.7,15.17,40.15,29.75,0
"2025-05-02 21:35:29",2682,1716,74216,0,,1.7,166.3,15.16,40.15,,0
"2025-05-02 21:35:30",2682,1716,74217,0,,1.8,147.7,15.09,40.1,,0
"2025-05-02 21:35:31",2682,1716,74218,-33.16088,-70.973757,1.85,139.8,15.05,40.1,,0
"2025-05-02 21:35:32",2681,1715,74222,0,,1.8,139.8,15.01,40.1,,0
"2025-05-02 21:35:33",2681,1715,74227,0,,1.25,140.9,14.9,40.1,,-0.1
"2025-05-02 21:35:34",2680,1714,74232,-33.16091,-70.973725,1.5,140.7,14.88,40.15,,-0.1
"2025-05-02 21:35:38",2678,1712,74249,0,,1.45,164.8,15.09,40.3,,-0.3
"2025-05-02 21:35:39",2678,1712,74253,0,,1.15,158.4,15.19,40.3,,-0.4
"2025-05-02 21:35:40",2677,1711,74258,-33.160977,-70.973692,1.15,165.5,15.13,40.25,,-0.4
"2025-05-02 21:35:47",2678,1712,74253,0,,1.45,161.9,14.95,40.45,,-0.2
"2025-05-02 21:35:48",2678,1712,74252,0,,1.15,170.8,15.07,40.5,,-0.2
"2025-05-02 21:35:49",2678,1712,74252,-33.161097,-70.973658,1.75,158.5,15.14,40.45,,-0.2
"2025-05-02 21:35:53",2677,1711,74254,0,,2.25,178.3,15.16,40.3,,0
"2025-05-02 21:35:54",2677,1711,74255,0,,2.05,156.1,15.21,40.3,,0
"2025-05-02 21:35:55",2677,1711,74256,-33.161198,-70.973633,2.25,153.1,15.35,40.2,29.5,0
"2025-05-02 21:36:00",2676,1710,74269,0,,,,15.61,39.75,,-0.2
"2025-05-02 21:36:01",2675,1709,74272,0,,,,15.64,39.65,,-0.2
"2025-05-02 21:36:02",2675,1709,74272,0,,1.25,161.9,15.65,39.6,,-0.2
"2025-05-02 21:36:03",2675,1709,74273,0,,1.2,181.8,15.65,39.55,,-0.2
"2025-05-02 21:36:04",2675,1709,74274,-33.161317,-70.973602,1.4,189.3,15.62,39.45,,-0.2
"2025-05-02 21:36:08",2673,1707,74291,0,,,,15.59,39.4,,-0.3
"2025-05-02 21:36:09",2673,1707,74295,0,,,,15.55,39.35,,-0.3
"2025-05-02 21:36:10",2672,1706,74300,0,,,,15.54,39.35,,-0.3
"2025-05-02 21:36:11",2672,1706,74303,0,,1.55,191.9,15.55,39.35,,-0.3
"2025-05-02 21:36:12",2671,1705,74306,0,,1.5,196.6,15.57,39.3,,-0.4
"2025-05-02 21:36:13",2671,1705,74310,-33.161427,-70.973623,1.2,214.4,15.49,39.3,,-0.4
"2025-05-02 21:36:15",2670,1704,74317,0,,1.8,177.7,15.35,39.3,,-0.4
"2025-05-02 21:36:16",2670,1704,74322,-33.161467,-70.97363,1.75,182.7,15.29,39.35,,-0.4
"2025-05-02 21:36:17",2669,1703,74328,0,,1.6,181.8,15.25,39.4,,-0.5
"2025-05-02 21:36:18",2668,1702,74335,0,,1.85,189.9,15.25,39.5,,-0.5
"2025-05-02 21:36:19",2667,1701,74342,-33.161512,-70.973633,1.6,190.4,15.25,39.55,,-0.5
"2025-05-02 21:36:20",2667,1701,74347,0,,1.6,178.2,15.24,39.65,,-0.5
"2025-05-02 21:36:21",2666,1700,74352,0,,1.75,168.4,15.2,39.65,,-0.5
"2025-05-02 21:36:22",2666,1700,74358,-33.161557,-70.973628,1.5,167.4,15.16,39.7,29.5,-0.5
"2025-05-02 21:36:23",2666,1700,74357,0,,1.1,170,15.11,39.75,,-0.5
"2025-05-02 21:36:24",2666,1700,74356,0,,1.2,157.6,15.06,39.8,,-0.5
"2025-05-02 21:36:25",2666,1700,74356,-33.161588,-70.973617,1.35,144.9,15.04,39.9,,-0.4
"2025-05-02 21:36:27",2665,1699,74364,0,,1.05,154.1,15,40,,-0.4
"2025-05-02 21:36:28",2664,1698,74368,-33.161618,-70.973605,1.25,147.9,14.98,40.05,,-0.4
"2025-05-02 21:36:30",2663,1697,74382,0,,0.7,184.2,15.04,40.2,,-0.5
"2025-05-02 21:36:31",2662,1696,74390,-33.161643,-70.973598,0.75,164.8,15.09,40.25,,-0.5
"2025-05-02 21:36:33",2661,1695,74397,0,,1.05,168.6,15.25,40.25,,-0.4
"2025-05-02 21:36:34",2661,1695,74402,-33.161672,-70.973588,0.9,156.1,15.33,40.2,,-0.4
"2025-05-02 21:36:36",2659,1693,74411,0,,1.2,160.8,15.47,40.1,,-0.5
"2025-05-02 21:36:37",2659,1693,74416,-33.1617,-70.973573,0.8,156,15.49,40.05,,-0.5
"2025-05-02 21:37:01",2656,1690,74440,-33.161885,-70.973452,1.05,126.2,16.57,37.55,,-0.1
"2025-05-02 21:37:02",2656,1690,74440,0,,1.2,132.5,16.56,37.5,,-0.1
"2025-05-02 21:37:03",2656,1690,74440,0,,1.2,140.3,16.54,37.5,,-0.1
"2025-05-02 21:37:04",2656,1690,74440,-33.161905,-70.973427,1.2,126.4,16.51,37.45,,-0.1
"2025-05-02 21:37:17",2660,1694,74407,0,,1,128.8,15.82,38.1,,0.3
"2025-05-02 21:37:18",2660,1694,74404,0,,0.85,142.8,15.76,38.2,,0.3
"2025-05-02 21:37:19",2661,1695,74402,-33.161993,-70.973315,1.05,144.2,15.72,38.3,,0.3
"2025-05-02 21:37:20",2660,1694,74403,0,,1.05,154.6,15.72,38.35,,0.3
"2025-05-02 21:37:21",2660,1694,74405,0,,0.85,156.2,15.68,38.45,,0.2
"2025-05-02 21:37:22",2660,1694,74408,-33.162017,-70.973298,1.15,141.6,15.63,38.55,,0.2
"2025-05-02 21:37:46",2671,1705,74312,-33.16232,-70.973147,2,160,15.9,38.65,,0.5
"2025-05-02 21:37:48",2671,1705,74312,0,,2,162.5,15.85,38.65,,0.4
"2025-05-02 21:37:49",2671,1705,74312,0,,2.1,160.3,15.81,38.6,,0.4
"2025-05-02 21:37:50",2671,1705,74312,-33.162377,-70.973125,2.1,162.2,15.77,38.65,,0.4
"2025-05-02 21:37:59",2669,1703,74331,0,,1.65,153.6,15.76,38.9,,-0.2
"2025-05-02 21:38:00",2668,1702,74333,0,,1.55,168.5,15.74,38.9,,-0.2
"2025-05-02 21:38:01",2668,1702,74336,-33.162588,-70.973045,2,168.6,15.72,38.9,,-0.2
"2025-05-02 21:38:11",2667,1701,74349,0,,2.25,154,15.15,39.5,,-0.2
"2025-05-02 21:38:12",2666,1700,74350,0,,2,160.8,15.15,39.6,,-0.2
"2025-05-02 21:38:13",2666,1700,74352,-33.162793,-70.972963,2.3,158,15.16,39.7,,-0.2
"2025-05-02 21:38:17",2665,1699,74362,0,,2.05,161.3,15.23,39.9,,-0.2
"2025-05-02 21:38:18",2665,1699,74365,0,,1.75,165.4,15.23,39.95,,-0.2
"2025-05-02 21:38:19",2664,1698,74368,-33.162888,-70.972928,1.95,161.6,15.22,39.95,,-0.2
"2025-05-02 21:38:20",2664,1698,74369,0,,1.95,159.3,15.21,40,,-0.2
"2025-05-02 21:38:21",2664,1698,74371,0,,1.95,159.3,15.16,39.95,,-0.2
"2025-05-02 21:38:22",2664,1698,74374,-33.162937,-70.97291,1.65,166.6,15.11,40,,-0.2
"2025-05-02 21:38:26",2663,1697,74380,0,,1.7,164.5,15.14,40.05,,-0.3
"2025-05-02 21:38:27",2663,1697,74382,0,,1.7,160.4,15.14,40.05,,-0.2
"2025-05-02 21:38:28",2663,1697,74384,-33.163023,-70.97288,1.45,158.6,15.15,40.1,,-0.2
"2025-05-02 21:38:30",2662,1696,74389,0,,1.8,174.9,15.18,40.15,,-0.2
"2025-05-02 21:38:31",2662,1696,74392,-33.163067,-70.97287,1.55,164.1,15.18,40.15,,-0.2
"2025-05-02 21:38:32",2661,1695,74395,0,,1.55,160.4,15.2,40.15,,-0.2
"2025-05-02 21:38:33",2661,1695,74398,0,,1.75,168.8,15.19,40.15,,-0.3
"2025-05-02 21:38:34",2661,1695,74402,-33.163108,-70.972855,1.7,165.4,15.17,40.1,,-0.3
"2025-05-02 21:38:35",2660,1694,74402,0,,,,15.13,40.05,,-0.3
"2025-05-02 21:38:36",2660,1694,74403,0,,,,15.08,40.1,,-0.2
"2025-05-02 21:38:37",2660,1694,74404,0,,,,15.05,40.1,29.25,-0.2
"2025-05-02 21:38:38",2660,1694,74407,0,,1.7,160,15.03,40.15,,-0.2
"2025-05-02 21:38:39",2659,1693,74411,0,,1.7,160,15.04,40.2,,-0.3
"2025-05-02 21:38:40",2659,1693,74416,-33.163197,-70.97282,1.65,159.1,15.06,40.25,,-0.3
"2025-05-02 21:38:41",2659,1693,74418,0,,1.8,158.6,15.09,40.25,,-0.3
"2025-05-02 21:38:42",2658,1692,74421,0,,1.65,155.5,15.13,40.25,,-0.3
"2025-05-02 21:38:43",2658,1692,74424,-33.16324,-70.972798,1.65,158.3,15.16,40.25,,-0.3
"2025-05-02 21:38:44",2657,1691,74428,0,,1.65,158.4,15.2,40.3,,-0.3
"2025-05-02 21:38:45",2657,1691,74433,0,,1.4,161.8,15.23,40.25,,-0.3
"2025-05-02 21:38:46",2656,1690,74438,-33.163277,-70.972782,1.4,155.1,15.3,40.2,,-0.3
"2025-05-02 21:38:47",2655,1689,74446,0,,1.3,154.7,15.38,40.15,,-0.4
"2025-05-02 21:38:48",2655,1689,74454,0,,1.25,154.5,15.49,40.1,,-0.5
"2025-05-02 21:38:49",2654,1688,74462,-33.163307,-70.972763,1.25,150.3,15.53,40.05,,-0.6
"2025-05-02 21:38:50",2653,1687,74465,0,,1.25,150,15.59,39.95,,-0.5
"2025-05-02 21:38:51",2653,1687,74469,0,,1.45,149.4,15.61,39.85,,-0.5
"2025-05-02 21:38:52",2652,1686,74474,-33.163338,-70.972742,1.6,141.6,15.63,39.75,,-0.5
"2025-05-02 21:38:53",2653,1687,74470,0,,1.45,144.9,15.64,39.7,,-0.5
"2025-05-02 21:38:54",2653,1687,74467,0,,1.4,153.4,15.64,39.6,,-0.4
"2025-05-02 21:38:55",2653,1687,74464,-33.16337,-70.972717,1.6,145.9,15.59,39.55,,-0.4
"2025-05-02 21:38:57",2653,1687,74469,0,,1.45,146.7,15.54,39.45,,-0.4
"2025-05-02 21:38:58",2652,1686,74472,-33.163403,-70.972688,1.3,146.9,15.5,39.45,,-0.3
"2025-05-02 21:39:00",2652,1686,74477,0,,1.5,144,15.4,39.45,,-0.3
"2025-05-02 21:39:01",2652,1686,74480,-33.163435,-70.972662,1.25,142.2,15.36,39.45,,-0.2
"2025-05-02 21:39:03",2651,1685,74482,0,,1.55,143,15.29,39.55,,-0.1
"2025-05-02 21:39:04",2651,1685,74484,-33.163465,-70.972632,1.25,138.6,15.28,39.6,29,-0.1
"2025-05-02 21:39:06",2650,1684,74495,0,,1.45,144.2,15.26,39.7,,-0.2
"2025-05-02 21:39:07",2649,1683,74502,-33.163495,-70.972605,1.6,138.5,15.26,39.75,,-0.3
"2025-05-02 21:39:09",2648,1682,74512,0,,1.45,143.8,15.31,39.8,,-0.4
"2025-05-02 21:39:10",2647,1681,74518,-33.16353,-70.972577,1.55,135.2,15.35,39.8,,-0.4
"2025-05-02 21:39:12",2647,1681,74521,0,,1.5,144.4,15.53,39.85,,-0.4
"2025-05-02 21:39:13",2647,1681,74524,-33.163563,-70.972547,1.45,130.4,15.7,39.8,,-0.4
"2025-05-02 21:39:16",2647,1681,74516,-33.16359,-70.97251,1.45,133.9,16.03,39.5,,-0.3
"2025-05-02 21:39:17",2647,1681,74518,0,,1.45,126.7,16.03,39.35,,-0.3
"2025-05-02 21:39:18",2647,1681,74520,0,,1.5,138.6,16.03,39.2,,-0.2
"2025-05-02 21:39:19",2647,1681,74522,-33.163618,-70.972475,1.5,139.6,15.98,39.05,,-0.2
"2025-05-02 21:39:20",2647,1681,74523,0,,1.35,129.4,15.91,38.95,,-0.2
"2025-05-02 21:39:21",2646,1680,74525,0,,1.45,132.1,15.87,38.9,,-0.2
"2025-05-02 21:39:22",2646,1680,74528,-33.163647,-70.97244,1.5,145,15.84,38.85,,-0.1
"2025-05-02 21:39:23",2646,1680,74530,0,,1.4,139.4,15.83,38.85,,-0.1
"2025-05-02 21:39:24",2645,1679,74533,0,,1.4,139.4,15.82,38.85,,-0.1
"2025-05-02 21:39:25",2645,1679,74536,-33.163675,-70.972408,1.55,139.8,15.78,38.85,,-0.1
"2025-05-02 21:39:26",2645,1679,74538,0,,,,15.74,38.9,,-0.1
"2025-05-02 21:39:27",2645,1679,74541,0,,,,15.72,38.9,,-0.1
"2025-05-02 21:39:28",2644,1678,74544,0,,,,15.69,38.95,,-0.3
"2025-05-02 21:39:29",2644,1678,74546,0,,,,15.67,38.95,,-0.3
"2025-05-02 21:39:30",2644,1678,74549,0,,,,15.68,38.95,,-0.3
"2025-05-02 21:39:31",2643,1677,74552,0,,,,15.7,39,28.75,-0.3
"2025-05-02 21:39:32",2643,1677,74556,0,,1.55,133.5,15.7,39.05,,-0.3
"2025-05-02 21:39:33",2642,1676,74560,0,,1.65,140,15.72,39.05,,-0.3
"2025-05-02 21:39:34",2642,1676,74564,-33.163762,-70.972298,1.55,130.2,15.74,39.05,,-0.3
"2025-05-02 21:39:35",2641,1675,74568,0,,1.55,130.4,15.74,39.1,,-0.4
"2025-05-02 21:39:36",2641,1675,74573,0,,1.65,140.7,15.74,39.1,,-0.4
"2025-05-02 21:39:37",2640,1674,74578,-33.163792,-70.972263,1.65,132.4,15.78,39.05,,-0.4
"2025-05-02 21:39:38",2641,1675,74576,0,,1.65,132.2,15.88,39.05,,-0.4
"2025-05-02 21:39:39",2641,1675,74574,0,,1.5,140.5,16,39,,-0.3
"2025-05-02 21:39:40",2641,1675,74572,-33.16382,-70.972228,1.55,135.2,16.14,38.95,,-0.3
"2025-05-02 21:39:41",2641,1675,74569,0,,1.45,129.4,16.24,38.9,,-0.2
"2025-05-02 21:39:42",2642,1676,74566,0,,1.4,134.8,16.28,38.8,,-0.2
"2025-05-02 21:39:43",2642,1676,74564,-33.163843,-70.972192,1.4,130.5,16.27,38.65,,-0.1
"2025-05-02 21:39:53",2637,1671,74605,0,,1.4,117,16.15,38.2,,-0.3
"2025-05-02 21:39:54",2637,1671,74609,0,,1.4,117,16.13,38.2,,-0.4
"2025-05-02 21:39:55",2636,1670,74614,-33.163918,-70.972042,1.45,121.1,16.1,38.2,,-0.5
"2025-05-02 21:39:56",2636,1670,74613,0,,1.6,115.1,16.09,38.2,,-0.4
"2025-05-02 21:39:57",2636,1670,74612,0,,1.2,122.6,16.11,38.25,,-0.4
"2025-05-02 21:39:58",2636,1670,74612,-33.163938,-70.972003,1.4,123.9,16.12,38.25,28.75,-0.4
"2025-05-02 21:40:08",2640,1674,74583,0,,,,16.25,38.3,,0.3
"2025-05-02 21:40:09",2640,1674,74580,0,,,,16.23,38.25,,0.3
"2025-05-02 21:40:10",2640,1674,74578,0,,,,16.21,38.25,,0.3
"2025-05-02 21:40:15",2638,1672,74598,0,,1.25,120.1,16.09,38.2,,0.1
"2025-05-02 21:40:16",2638,1672,74602,-33.164063,-70.971793,1.35,119.4,16.07,38.2,,0.1
"2025-05-02 21:40:17",2638,1672,74601,0,,1.25,124,16.08,38.25,,0.1
"2025-05-02 21:40:18",2638,1672,74600,0,,1.1,121,16.11,38.25,,0.1
"2025-05-02 21:40:19",2638,1672,74600,-33.164078,-70.971758,1.35,113.7,16.15,38.3,,0.1
"2025-05-02 21:40:20",2638,1672,74598,0,,1.5,118.9,16.19,38.25,,0.1
"2025-05-02 21:40:21",2638,1672,74596,0,,1.35,124.4,16.22,38.3,,-0.1
"2025-05-02 21:40:22",2639,1673,74594,-33.164098,-70.97172,1.35,121.5,16.28,38.25,,-0.1
"2025-05-02 21:40:23",2639,1673,74594,0,,1.4,126.4,16.37,38.2,,-0.1
"2025-05-02 21:40:24",2639,1673,74594,0,,1.35,131,16.46,38.15,,-0.1
"2025-05-02 21:40:25",2639,1673,74594,-33.164117,-70.971682,1.35,125.7,16.54,38.1,29,-0.1
"2025-05-02 21:40:26",2639,1673,74590,0,,1.3,124.2,16.61,38,,-0.1
"2025-05-02 21:40:27",2639,1673,74586,0,,1.3,125.5,16.68,37.95,,-0.1
"2025-05-02 21:40:28",2640,1674,74582,-33.164135,-70.971645,1.3,120.2,16.73,37.85,,0.1
"2025-05-02 21:40:29",2640,1674,74578,0,,1.35,113.2,16.78,37.8,,0.2
"2025-05-02 21:40:30",2641,1675,74575,0,,1.35,113.2,16.78,37.65,,0.2
"2025-05-02 21:40:31",2641,1675,74572,-33.164153,-70.97159,1.35,115.2,16.73,37.55,,0.3
"2025-05-02 21:40:32",2641,1675,74571,0,,1.35,110.9,16.66,37.45,,0.3
"2025-05-02 21:40:33",2641,1675,74570,0,,1.2,112,16.61,37.4,,0.2
"2025-05-02 21:40:34",2641,1675,74570,-33.164168,-70.971552,1.35,120.3,16.54,37.4,,0.2
"2025-05-02 21:40:35",2642,1676,74567,0,,1.35,120.3,16.48,37.4,,0.3
"2025-05-02 21:40:36",2642,1676,74564,0,,1.2,118,16.4,37.45,,0.3
"2025-05-02 21:40:37",2642,1676,74562,-33.16418,-70.971528,1.3,119.2,16.34,37.45,,0.3
"2025-05-02 21:40:38",2642,1676,74562,0,,1.25,127.8,16.29,37.5,,0.3
"2025-05-02 21:40:39",2642,1676,74562,0,,1.25,125.6,16.25,37.55,,0.2
"2025-05-02 21:40:40",2642,1676,74562,-33.164202,-70.971493,1.4,126.4,16.21,37.65,,0.2
"2025-05-02 21:40:41",2642,1676,74562,0,,1.4,126.1,16.19,37.65,,0.2
"2025-05-02 21:40:42",2642,1676,74562,0,,1.4,126.1,16.15,37.75,,0.1
"2025-05-02 21:40:43",2642,1676,74562,-33.164227,-70.971452,1.45,118.2,16.09,37.8,,0.1
"2025-05-02 21:40:44",2642,1676,74560,0,,1.55,116,16.05,37.9,,0.1
"2025-05-02 21:40:45",2642,1676,74559,0,,1.3,117.2,16.03,37.95,,0.1
"2025-05-02 21:40:46",2643,1677,74558,-33.164243,-70.97141,1.3,113,16.02,38.05,,0.1
"2025-05-02 21:40:47",2642,1676,74561,0,,1.3,114.7,16.09,38.15,,0.1
"2025-05-02 21:40:48",2642,1676,74564,0,,1.15,116.9,16.19,38.15,,0
"2025-05-02 21:40:49",2641,1675,74568,-33.164258,-70.971375,1.15,117.5,16.26,38.2,,0
"2025-05-02 21:40:50",2641,1675,74570,0,,1.3,114.3,16.31,38.15,,-0.1
"2025-05-02 21:40:51",2641,1675,74572,0,,1.25,121.2,16.32,38.15,,-0.1
"2025-05-02 21:40:52",2641,1675,74574,-33.164272,-70.971342,1.4,120.9,16.31,38.1,29.25,-0.1
"2025-05-02 21:40:53",2641,1675,74570,0,,1.4,118.3,16.31,38.05,,-0.1
"2025-05-02 21:40:54",2642,1676,74567,0,,1.4,120.8,16.33,38.05,,0
"2025-05-02 21:40:55",2642,1676,74564,-33.164292,-70.971303,1.45,119.4,16.33,38,,0
"2025-05-02 21:40:56",2643,1677,74559,0,,1.45,119.4,16.34,37.95,,0
"2025-05-02 21:40:57",2643,1677,74554,0,,1.45,118.2,16.32,37.95,,0
"2025-05-02 21:40:58",2644,1678,74550,-33.16431,-70.971262,1.45,114,16.32,37.9,,0.1
"2025-05-02 21:41:00",2644,1678,74544,0,,1.3,116.4,16.36,37.9,,0.2
"2025-05-02 21:41:01",2644,1678,74542,-33.164325,-70.971222,1.4,109.7,16.38,37.9,,0.2
"2025-05-02 21:41:05",2645,1679,74538,0,,1.35,108.9,16.41,37.8,,0.3
"2025-05-02 21:41:06",2645,1679,74537,0,,1.35,118.1,16.42,37.75,,0.3
"2025-05-02 21:41:07",2645,1679,74536,-33.164357,-70.971142,1.35,107.4,16.41,37.75,,0.3
"2025-05-02 21:41:08",2645,1679,74538,0,,1.3,107.4,16.41,37.75,,0.2
"2025-05-02 21:41:09",2645,1679,74540,0,,1.25,111.8,16.41,37.75,,0.2
"2025-05-02 21:41:10",2644,1678,74542,-33.164368,-70.9711,1.25,111,16.39,37.75,,0.1
"2025-05-02 21:41:11",2644,1678,74545,0,,1.55,111.8,16.36,37.7,,0
"2025-05-02 21:41:12",2644,1678,74548,0,,1.45,109.1,16.36,37.7,,0
"2025-05-02 21:41:13",2643,1677,74552,-33.164382,-70.971058,1.45,106,16.36,37.7,,-0.1
"2025-05-02 21:41:17",2644,1678,74543,0,,1.35,105.1,16.66,37.65,,-0.1
"2025-05-02 21:41:18",2644,1678,74541,0,,1.55,109.8,16.78,37.6,,0
"2025-05-02 21:41:19",2645,1679,74540,-33.164405,-70.970965,1.6,114.4,16.84,37.55,29,0
"2025-05-02 21:41:20",2645,1679,74540,0,,1.15,109.9,16.84,37.45,,0
"2025-05-02 21:41:21",2645,1679,74541,0,,0.85,94.3,16.85,37.4,,0
"2025-05-02 21:41:22",2644,1678,74542,-33.164413,-70.970928,1.25,106.9,16.91,37.35,,0
"2025-05-02 21:41:23",2644,1678,74545,0,,1.5,115.5,17.01,37.25,,0
"2025-05-02 21:41:24",2644,1678,74548,0,,1.2,110.9,17.1,37.15,,0
"2025-05-02 21:41:25",2643,1677,74552,-33.164425,-70.970888,1.35,110.6,17.2,37.1,,0
"2025-05-02 21:41:27",2643,1677,74558,0,,1.5,117.4,17.4,36.9,,-0.1
"2025-05-02 21:41:28",2642,1676,74562,-33.164443,-70.970842,1.5,120,17.41,36.75,,-0.1
"2025-05-02 21:41:30",2642,1676,74565,0,,2,113.6,17.3,36.55,,-0.2
"2025-05-02 21:41:31",2641,1675,74568,-33.164465,-70.970788,1.85,113.7,17.22,36.45,,-0.2
"2025-05-02 21:41:32",2642,1676,74567,0,,,,17.08,36.45,,-0.2
"2025-05-02 21:41:33",2642,1676,74566,0,,,,16.96,36.45,,-0.2
"2025-05-02 21:41:34",2642,1676,74566,0,,,,16.86,36.5,,-0.2
"2025-05-02 21:41:36",2643,1677,74558,0,,1.85,109.9,16.58,36.65,,-0.1
"2025-05-02 21:41:37",2643,1677,74554,-33.1645,-70.97068,1.85,107.8,16.41,36.75,,0
"2025-05-02 21:41:39",2642,1676,74563,0,,1.3,126.7,16.17,37.05,,0
"2025-05-02 21:41:40",2641,1675,74568,-33.164528,-70.97062,1.7,114.8,16.12,37.2,,-0.1
"2025-05-02 21:41:42",2641,1675,74568,0,,1.65,120.9,16.1,37.5,,0
"2025-05-02 21:41:43",2641,1675,74568,-33.164543,-70.970587,1.8,116.2,16.12,37.65,,0
"2025-05-02 21:41:45",2642,1676,74565,0,,2,109.5,16.28,37.85,,0
"2025-05-02 21:41:46",2642,1676,74564,-33.164562,-70.970527,1.95,105,16.37,37.9,29,0
"2025-05-02 21:41:47",2642,1676,74564,0,,2.05,97.6,16.41,37.9,,0
"2025-05-02 21:41:48",2642,1676,74564,0,,2.1,101.2,16.44,37.9,,-0.1
"2025-05-02 21:41:49",2642,1676,74564,-33.164573,-70.970462,1.95,108.1,16.5,37.85,,-0.1
"2025-05-02 21:41:50",2642,1676,74564,0,,1.7,107.4,16.52,37.8,,-0.1
"2025-05-02 21:41:51",2642,1676,74565,0,,1.7,107.5,16.52,37.8,,0
"2025-05-02 21:41:52",2642,1676,74566,-33.16459,-70.970407,1.95,114.5,16.51,37.75,,0
"2025-05-02 21:41:53",2642,1676,74560,0,,1.75,116.4,16.49,37.7,,0.1
"2025-05-02 21:41:54",2643,1677,74554,0,,1.65,114.4,16.46,37.7,,0.1
"2025-05-02 21:41:55",2644,1678,74548,-33.16461,-70.970357,1.85,113.8,16.37,37.65,,0.2
"2025-05-02 21:41:56",2644,1678,74543,0,,1.75,120.8,16.33,37.7,,0.2
"2025-05-02 21:41:57",2645,1679,74539,0,,1.75,122.9,16.27,37.7,,0.2
"2025-05-02 21:41:58",2645,1679,74536,-33.164632,-70.970307,1.75,113.8,16.23,37.75,,0.3
"2025-05-02 21:41:59",2645,1679,74538,0,,1.75,118.9,16.2,37.8,,0.2
"2025-05-02 21:42:00",2645,1679,74540,0,,1.5,121,16.17,37.8,,0.2
"2025-05-02 21:42:01",2644,1678,74542,-33.16465,-70.970258,1.65,113.9,16.22,37.9,,0.2
"2025-05-02 21:42:02",2644,1678,74542,0,,1.6,113,16.21,37.9,,0.2
"2025-05-02 21:42:03",2644,1678,74543,0,,1.55,119.6,16.18,37.9,,0.2
"2025-05-02 21:42:04",2644,1678,74544,-33.164668,-70.970212,1.55,114.5,16.14,37.9,,0.2
"2025-05-02 21:42:05",2645,1679,74537,0,,1.6,112,16.11,37.95,,0.3
"2025-05-02 21:42:06",2646,1680,74530,0,,1.6,114.6,16.09,38,,0.3
"2025-05-02 21:42:07",2647,1681,74524,-33.164683,-70.970167,1.45,109.9,16.06,38.05,,0.3
"2025-05-02 21:42:08",2647,1681,74522,0,,1.4,114.1,16.04,38.05,,0.2
"2025-05-02 21:42:09",2647,1681,74521,0,,1.4,115.7,16.02,38.1,,0.2
"2025-05-02 21:42:10",2647,1681,74520,-33.1647,-70.970127,1.4,121.1,15.97,38.15,,0.2
"2025-05-02 21:42:11",2647,1681,74522,0,,1.5,119.3,15.93,38.2,,0.1
"2025-05-02 21:42:12",2647,1681,74524,0,,1.4,119.6,15.96,38.2,,0.1
"2025-05-02 21:42:13",2646,1680,74526,-33.164718,-70.970085,1.7,119.9,16,38.25,29,0.1
"2025-05-02 21:42:15",2647,1681,74519,0,,1.45,114.6,15.94,38.3,,0.2
"2025-05-02 21:42:16",2647,1681,74516,-33.16474,-70.970042,1.35,116.9,15.88,38.35,,0.3
"2025-05-02 21:42:17",2648,1682,74511,0,,1.4,115.6,15.81,38.4,,0.2
"2025-05-02 21:42:18",2649,1683,74506,0,,1.4,117.3,15.77,38.45,,0.2
"2025-05-02 21:42:19",2649,1683,74502,-33.164762,-70.96999,1.15,117.7,15.75,38.5,,0.2
"2025-05-02 21:42:20",2649,1683,74500,0,,1.15,117.7,15.74,38.5,,0.2
"2025-05-02 21:42:21",2649,1683,74499,0,,1.45,123.8,15.74,38.55,,0.2
"2025-05-02 21:42:22",2650,1684,74498,-33.164777,-70.969967,1.25,122.2,15.73,38.6,,0.2
"2025-05-02 21:42:23",2650,1684,74493,0,,1.25,122.2,15.74,38.65,,0.2
"2025-05-02 21:42:24",2650,1684,74489,0,,1.25,122.2,15.76,38.65,,0.3
"2025-05-02 21:42:25",2651,1685,74486,-33.164793,-70.969932,1.25,122.4,15.75,38.7,,0.3
"2025-05-02 21:42:26",2651,1685,74488,0,,1.15,123.6,15.77,38.8,,0.3
"2025-05-02 21:42:27",2650,1684,74490,0,,1.15,124.4,15.82,38.8,,0.3
"2025-05-02 21:42:28",2650,1684,74492,-33.16481,-70.969898,1.3,121.6,15.9,38.8,,0.2
"2025-05-02 21:42:30",2651,1685,74485,0,,1.2,125.1,15.99,38.75,,0.2
"2025-05-02 21:42:31",2651,1685,74482,-33.164827,-70.969863,1.45,124.9,16,38.7,,0.2
"2025-05-02 21:42:32",2652,1686,74478,0,,1.35,121.4,15.96,38.7,,0.2
"2025-05-02 21:42:33",2652,1686,74475,0,,1.1,118.5,15.92,38.65,,0.2
"2025-05-02 21:42:34",2652,1686,74472,-33.164843,-70.969827,1.3,118.6,15.87,38.65,,0.2
"2025-05-02 21:42:35",2652,1686,74472,0,,1.3,120.4,15.8,38.65,,0.2
"2025-05-02 21:42:36",2652,1686,74473,0,,1.3,120.4,15.75,38.65,,0.2
"2025-05-02 21:42:37",2652,1686,74474,-33.16486,-70.969788,1.2,123.3,15.73,38.7,,0.1
"2025-05-02 21:42:38",2653,1687,74471,0,,1.3,123.5,15.68,38.7,,0.1
"2025-05-02 21:42:39",2653,1687,74469,0,,1.35,116.4,15.65,38.75,,0.2
"2025-05-02 21:42:40",2653,1687,74468,-33.164878,-70.969752,1.25,111.4,15.64,38.8,29,0.2
"2025-05-02 21:42:41",2652,1686,74471,0,,,,15.63,38.85,,0.2
"2025-05-02 21:42:42",2652,1686,74475,0,,,,15.64,38.9,,0.1
"2025-05-02 21:42:43",2652,1686,74480,0,,,,15.68,38.95,,0
"2025-05-02 21:42:45",2652,1686,74477,0,,1.1,120,15.92,39,,0
"2025-05-02 21:42:46",2652,1686,74476,-33.164915,-70.969687,1.3,116.4,16.07,39,,0
"2025-05-02 21:42:47",2652,1686,74473,0,,1.4,111.7,16.2,38.95,,0
"2025-05-02 21:42:48",2653,1687,74471,0,,1.2,116,16.31,38.85,,0
"2025-05-02 21:42:49",2653,1687,74470,-33.164928,-70.969648,1.25,120.5,16.38,38.7,,0
"2025-05-02 21:42:50",2653,1687,74469,0,,1.2,120.5,16.44,38.55,,0
"2025-05-02 21:42:51",2653,1687,74468,0,,1.45,118.7,16.5,38.45,,0
"2025-05-02 21:42:52",2653,1687,74468,-33.164947,-70.969607,1.55,125,16.55,38.3,,0
"2025-05-02 21:42:53",2653,1687,74470,0,,1.45,118.2,16.58,38.15,,0
"2025-05-02 21:42:54",2652,1686,74473,0,,1.15,110.2,16.63,38.05,,0
"2025-05-02 21:42:55",2652,1686,74476,-33.164962,-70.96957,1.15,122.5,16.68,37.9,,0
"2025-05-02 21:42:56",2652,1686,74480,0,,1.15,127.4,16.77,37.85,,0
"2025-05-02 21:42:57",2651,1685,74484,0,,1.15,122.4,16.86,37.75,,-0.1
"2025-05-02 21:42:58",2651,1685,74488,-33.164978,-70.969538,1.3,126,16.98,37.6,,-0.1
"2025-05-02 21:42:59",2650,1684,74491,0,,1.15,136.5,17.09,37.45,,-0.1
"2025-05-02 21:43:00",2650,1684,74495,0,,1.2,127.1,17.18,37.3,,-0.2
"2025-05-02 21:43:01",2649,1683,74500,-33.165,-70.969508,1.25,124.4,17.26,37.15,,-0.2
"2025-05-02 21:43:02",2649,1683,74503,0,,1.25,134.7,17.27,37.05,,-0.3
"2025-05-02 21:43:03",2648,1682,74507,0,,1.25,136,17.29,36.9,,-0.4
"2025-05-02 21:43:04",2648,1682,74512,-33.165022,-70.96948,1.3,127.8,17.31,36.75,,-0.4
"2025-05-02 21:43:05",2648,1682,74511,0,,1.3,134.7,17.28,36.6,,-0.4
"2025-05-02 21:43:06",2648,1682,74510,0,,1.3,134.7,17.25,36.5,,-0.4
"2025-05-02 21:43:07",2648,1682,74510,-33.165047,-70.969453,1.3,124,17.24,36.4,29,-0.3
"2025-05-02 21:43:08",2648,1682,74507,0,,1.3,127,17.2,36.4,,-0.3
"2025-05-02 21:43:09",2649,1683,74504,0,,1.3,140.6,17.12,36.35,,-0.2
"2025-05-02 21:43:10",2649,1683,74502,-33.165068,-70.969423,1.3,132.8,17.06,36.35,,-0.2
"2025-05-02 21:43:11",2649,1683,74501,0,,1.3,129,17,36.35,,-0.1
"2025-05-02 21:43:12",2649,1683,74500,0,,1.4,133.8,16.93,36.4,,-0.1
"2025-05-02 21:43:13",2649,1683,74500,-33.165092,-70.969392,1.25,128.7,16.85,36.4,,0
"2025-05-02 21:43:15",2649,1683,74500,0,,1.35,123.3,16.61,36.55,,0
"2025-05-02 21:43:16",2649,1683,74500,-33.165115,-70.969357,1.4,135.2,16.48,36.65,,0.1
"2025-05-02 21:43:17",2650,1684,74496,0,,1.55,139.6,16.34,36.75,,0.1
"2025-05-02 21:43:18",2650,1684,74493,0,,1.6,128.2,16.2,36.95,,0.2
"2025-05-02 21:43:19",2650,1684,74490,-33.165143,-70.969322,1.6,134.6,16.08,37.1,,0.2
"2025-05-02 21:43:20",2651,1685,74487,0,,1.6,133.7,15.98,37.2,,0.2
"2025-05-02 21:43:21",2651,1685,74484,0,,1.35,126.5,15.87,37.4,,0.2
"2025-05-02 21:43:22",2651,1685,74482,-33.165168,-70.969282,1.6,119.4,15.84,37.6,,0.2
"2025-05-02 21:43:23",2651,1685,74484,0,,1.6,123.5,15.9,37.8,,0.2
"2025-05-02 21:43:24",2651,1685,74486,0,,1.5,126.7,15.87,37.9,,0.1
"2025-05-02 21:43:25",2651,1685,74488,-33.165193,-70.969237,1.7,118.5,15.81,38.05,,0.1
"2025-05-02 21:43:26",2651,1685,74481,0,,1.7,121.6,15.76,38.2,,0.2
"2025-05-02 21:43:27",2652,1686,74474,0,,1.7,124.7,15.65,38.3,,0.2
"2025-05-02 21:43:28",2653,1687,74468,-33.165217,-70.96919,1.5,122.2,15.57,38.45,,0.3
"2025-05-02 21:43:30",2653,1687,74465,0,,1.8,127.5,15.53,38.65,,0.3
"2025-05-02 21:43:31",2653,1687,74464,-33.165242,-70.969148,1.55,128,15.53,38.8,,0.2
"2025-05-02 21:43:32",2654,1688,74461,0,,1.55,128,15.53,38.9,,0.2
"2025-05-02 21:43:33",2654,1688,74458,0,,1.2,121.5,15.51,39,,0.2
"2025-05-02 21:43:34",2654,1688,74456,-33.165262,-70.969112,1.05,107.9,15.51,39.05,28.75,0.2
"2025-05-02 21:43:35",2654,1688,74456,0,,1.2,126.2,15.51,39.15,,0.2
"2025-05-02 21:43:36",2654,1688,74456,0,,1.35,132.5,15.51,39.15,,0.2
"2025-05-02 21:43:37",2654,1688,74456,-33.16528,-70.969078,1.2,115.6,15.5,39.2,,0.3
"2025-05-02 21:43:38",2654,1688,74454,0,,1.5,121,15.51,39.25,,0.3
"2025-05-02 21:43:39",2655,1689,74453,0,,1.75,129.6,15.51,39.25,,0.2
"2025-05-02 21:43:40",2655,1689,74452,-33.165302,-70.969037,1.55,117.5,15.52,39.3,,0.2
"2025-05-02 21:43:41",2655,1689,74450,0,,1.55,115.7,15.53,39.35,,0.2
"2025-05-02 21:43:42",2655,1689,74449,0,,1.6,127.2,15.55,39.4,,0.2
"2025-05-02 21:43:43",2655,1689,74448,-33.165323,-70.968993,1.7,119.2,15.59,39.45,,0.2
"2025-05-02 21:43:44",2655,1689,74449,0,,1.45,114.5,15.6,39.5,,0.1
"2025-05-02 21:43:45",2655,1689,74450,0,,1.5,130,15.57,39.5,,0.1
"2025-05-02 21:43:46",2655,1689,74452,-33.165345,-70.968952,1.5,119.1,15.57,39.55,,0
"2025-05-02 21:43:47",2655,1689,74453,0,,1.5,104.7,15.57,39.55,,0
"2025-05-02 21:43:48",2654,1688,74455,0,,1.15,111.2,15.58,39.55,,0
"2025-05-02 21:43:49",2654,1688,74458,-33.16536,-70.968912,1.3,113.1,15.6,39.55,,0
"2025-05-02 21:43:50",2654,1688,74458,0,,1.35,102,15.63,39.55,,0
"2025-05-02 21:43:51",2654,1688,74458,0,,1.35,98.1,15.69,39.55,,0
"2025-05-02 21:43:52",2654,1688,74458,-33.165368,-70.96887,1.35,108.6,15.75,39.5,,0
"2025-05-02 21:43:53",2654,1688,74459,0,,1.45,111.1,15.81,39.45,,-0.1
"2025-05-02 21:43:54",2654,1688,74460,0,,1.35,109.3,15.91,39.4,,-0.1
"2025-05-02 21:43:55",2654,1688,74462,-33.165383,-70.96883,1.35,115.6,16.02,39.35,,-0.1
"2025-05-02 21:43:57",2653,1687,74465,0,,1.55,108.7,16.27,39.2,,-0.1
"2025-05-02 21:43:58",2653,1687,74468,-33.165398,-70.968787,1.55,109.8,16.4,39.1,,-0.2
"2025-05-02 21:44:00",2652,1686,74473,0,,1.6,111.2,16.66,38.8,,-0.2
"2025-05-02 21:44:01",2652,1686,74476,-33.165417,-70.968725,1.6,103.6,16.82,38.65,28.5,-0.2
"2025-05-02 21:44:02",2652,1686,74478,0,,,,16.94,38.4,,-0.2
"2025-05-02 21:44:03",2651,1685,74481,0,,,,17.06,38.25,,-0.2
"2025-05-02 21:44:04",2651,1685,74484,0,,,,17.16,38,,-0.2
"2025-05-02 21:44:06",2651,1685,74484,0,,1.35,112.8,17.26,37.65,,-0.2
"2025-05-02 21:44:07",2651,1685,74484,-33.165438,-70.96865,1.75,107.1,17.33,37.5,,-0.2
"2025-05-02 21:44:09",2651,1685,74484,0,,1.4,105.9,17.35,37.15,,-0.2
"2025-05-02 21:44:10",2651,1685,74484,-33.165448,-70.9686,1.6,109.7,17.35,37,,-0.2
"2025-05-02 21:44:12",2651,1685,74484,0,,1.45,112.1,17.29,36.75,,-0.1
"2025-05-02 21:44:13",2651,1685,74484,-33.165465,-70.968552,1.6,119,17.24,36.7,,-0.1
"2025-05-02 21:44:16",2651,1685,74488,-33.16548,-70.968505,1.8,118.4,16.96,36.75,,0
"2025-05-02 21:44:18",2650,1684,74490,0,,1.9,105.7,16.77,36.85,,-0.1
"2025-05-02 21:44:19",2650,1684,74492,-33.1655,-70.96845,1.9,109.2,16.67,36.95,,-0.1
"2025-05-02 21:44:20",2650,1684,74492,0,,1.85,113.4,16.58,37.05,,-0.1
"2025-05-02 21:44:21",2650,1684,74493,0,,1.9,108.4,16.42,37.15,,-0.1
"2025-05-02 21:44:22",2650,1684,74494,-33.165518,-70.968393,1.8,108.8,16.26,37.3,,-0.1
"2025-05-02 21:44:24",2650,1684,74496,0,,1.75,110.6,16.14,37.45,,-0.1
"2025-05-02 21:44:25",2650,1684,74498,0,,1.55,109.8,16.02,37.65,,-0.1
"2025-05-02 21:44:26",2649,1683,74500,-33.165532,-70.968343,1.7,106.1,15.92,37.8,,-0.2
"2025-05-02 21:44:26",2649,1683,74501,0,,1.65,110.4,15.88,37.95,,-0.2
"2025-05-02 21:44:27",2649,1683,74502,0,,1.55,115.8,15.88,38.15,,-0.2
"2025-05-02 21:44:28",2649,1683,74504,-33.165548,-70.968295,1.75,116,15.89,38.3,28.75,-0.2
"2025-05-02 21:44:29",2648,1682,74508,0,,1.7,112.3,15.92,38.45,,-0.2
"2025-05-02 21:44:30",2648,1682,74513,0,,1.55,113.9,15.93,38.6,,-0.2
"2025-05-02 21:44:31",2647,1681,74518,-33.165565,-70.968247,1.7,115.3,15.92,38.65,,-0.2
"2025-05-02 21:44:32",2647,1681,74518,0,,1.7,115.3,15.93,38.7,,-0.2
"2025-05-02 21:44:33",2647,1681,74519,0,,1.6,110,15.95,38.8,,-0.2
"2025-05-02 21:44:34",2647,1681,74520,-33.165588,-70.96818,1.75,111.9,15.98,38.85,,-0.2
"2025-05-02 21:44:35",2647,1681,74520,0,,1.75,111.9,16.04,38.9,,-0.2
"2025-05-02 21:44:36",2647,1681,74520,0,,1.75,115.8,16.13,38.9,,-0.2
"2025-05-02 21:44:37",2647,1681,74520,-33.165602,-70.968145,1.95,116.6,16.23,38.9,,-0.2
"2025-05-02 21:44:38",2647,1681,74517,0,,1.8,116.9,16.34,38.85,,-0.2
"2025-05-02 21:44:39",2648,1682,74514,0,,1.75,116.9,16.43,38.8,,-0.1
"2025-05-02 21:44:40",2648,1682,74512,-33.165623,-70.968092,1.95,120.2,16.56,38.7,,-0.1
"2025-05-02 21:44:41",2648,1682,74509,0,,1.85,121.4,16.66,38.6,,0
"2025-05-02 21:44:42",2648,1682,74507,0,,1.6,119.4,16.68,38.5,,0.1
"2025-05-02 21:44:43",2649,1683,74506,-33.165648,-70.968042,1.9,119.3,16.69,38.35,,0.1
"2025-05-02 21:44:44",2649,1683,74505,0,,1.85,119.5,16.68,38.3,,0.1
"2025-05-02 21:44:45",2649,1683,74504,0,,1.65,119.8,16.66,38.2,,0.1
"2025-05-02 21:44:46",2649,1683,74504,-33.165672,-70.96799,1.65,118.4,16.65,38.1,,0.2
"2025-05-02 21:44:47",2649,1683,74504,0,,1.85,116.7,16.61,38,,0.2
"2025-05-02 21:44:48",2649,1683,74504,0,,1.85,115.5,16.56,37.95,,0.2
"2025-05-02 21:44:49",2649,1683,74504,-33.165705,-70.96792,1.75,121.9,16.51,37.9,,0.2
"2025-05-02 21:44:50",2649,1683,74505,0,,1.75,121.9,16.46,37.9,,0.1
"2025-05-02 21:44:51",2649,1683,74506,0,,1.8,122.5,16.38,37.9,,0.1
"2025-05-02 21:44:52",2648,1682,74508,-33.165723,-70.967887,1.9,120.5,16.33,37.9,,0.1
"2025-05-02 21:44:53",2648,1682,74509,0,,1.75,119,16.27,37.95,,0
"2025-05-02 21:44:54",2648,1682,74510,0,,1.85,125,16.2,38.05,,0
"2025-05-02 21:44:55",2648,1682,74512,-33.165752,-70.967838,1.9,122.6,16.14,38.1,28.75,0
"2025-05-02 21:44:56",2647,1681,74516,0,,1.85,124.7,16.08,38.2,,-0.1
"2025-05-02 21:44:57",2647,1681,74521,0,,1.85,125.9,16.04,38.25,,-0.1
"2025-05-02 21:44:58",2646,1680,74526,-33.165783,-70.96779,2.05,123.1,16.04,38.35,,-0.2
"2025-05-02 21:45:01",2647,1681,74516,-33.165813,-70.967737,2.1,123.8,16.19,38.5,,-0.1
"2025-05-02 21:45:02",2648,1682,74511,0,,2.1,121.7,16.21,38.5,,-0.1
"2025-05-02 21:45:03",2649,1683,74506,0,,1.9,119.6,16.21,38.5,,0
"2025-05-02 21:45:04",2649,1683,74502,-33.16585,-70.967658,2.1,122.5,16.19,38.5,,0.1
"2025-05-02 21:45:05",2649,1683,74502,0,,2.15,122.5,16.14,38.55,,0.1
"2025-05-02 21:45:06",2649,1683,74502,0,,2,120,16.07,38.55,,0.1
"2025-05-02 21:45:07",2649,1683,74502,-33.165868,-70.96762,2,120.2,16,38.55,,0.1
"2025-05-02 21:45:08",2649,1683,74502,0,,,,15.94,38.6,,0.1
"2025-05-02 21:45:09",2649,1683,74502,0,,,,15.9,38.65,,0.1
"2025-05-02 21:45:10",2649,1683,74502,0,,,,15.84,38.7,,0.2
"2025-05-02 21:45:11",2649,1683,74501,0,,2.25,124.4,15.81,38.8,,0.2
"2025-05-02 21:45:12",2649,1683,74500,0,,2.25,126.7,15.78,38.9,,0.2
"2025-05-02 21:45:13",2649,1683,74500,-33.16594,-70.967497,2.25,124.1,15.75,38.95,,0.2
"2025-05-02 21:45:14",2649,1683,74499,0,,,,15.72,39.05,,0.1
"2025-05-02 21:45:15",2649,1683,74498,0,,,,15.69,39.1,,0.1
"2025-05-02 21:45:16",2650,1684,74498,0,,,,15.65,39.15,,0.1
"2025-05-02 21:45:17",2650,1684,74498,0,,2.25,121,15.61,39.2,,0
"2025-05-02 21:45:18",2650,1684,74498,0,,2.1,120,15.59,39.25,,0
"2025-05-02 21:45:19",2650,1684,74498,-33.166,-70.967373,2.4,123.4,15.59,39.3,,0
"2025-05-02 21:45:20",2650,1684,74496,0,,2.35,124.9,15.59,39.35,,0
"2025-05-02 21:45:21",2650,1684,74495,0,,2.25,122.6,15.58,39.35,,0.1
"2025-05-02 21:45:22",2650,1684,74494,-33.166032,-70.967312,2.25,125.7,15.58,39.4,28.75,0.1
"2025-05-02 21:45:23",2650,1684,74491,0,,2.3,131.6,15.59,39.4,,0.1
"2025-05-02 21:45:24",2650,1684,74489,0,,2.3,128.9,15.59,39.45,,0.1
"2025-05-02 21:45:25",2651,1685,74488,-33.166078,-70.967233,2.3,123.9,15.57,39.45,,0.1
"2025-05-02 21:45:26",2651,1685,74486,0,,2.3,123.9,15.55,39.5,,0.1
"2025-05-02 21:45:27",2651,1685,74485,0,,2.35,128.1,15.54,39.55,,0.1
"2025-05-02 21:45:28",2651,1685,74484,-33.166105,-70.967193,2.35,124.2,15.53,39.55,,0.1
"2025-05-02 21:45:29",2651,1685,74484,0,,2.35,123.6,15.52,39.6,,0.1
"2025-05-02 21:45:30",2651,1685,74485,0,,2.35,122.5,15.52,39.6,,0.1
"2025-05-02 21:45:31",2651,1685,74486,-33.166143,-70.96713,2.4,123.1,15.51,39.65,,0.1
"2025-05-02 21:45:32",2651,1685,74485,0,,,,15.51,39.6,,0.1
"2025-05-02 21:45:33",2651,1685,74484,0,,,,15.52,39.65,,0.1
"2025-05-02 21:45:34",2651,1685,74484,0,,,,15.52,39.65,,0.1
"2025-05-02 21:45:35",2651,1685,74484,0,,2.35,121.4,15.53,39.7,,0.1
"2025-05-02 21:45:36",2651,1685,74485,0,,2.3,119.7,15.54,39.7,,0
"2025-05-02 21:45:37",2651,1685,74486,-33.166225,-70.966983,2.35,119.9,15.54,39.7,,0
"2025-05-02 21:45:38",2651,1685,74486,0,,2.3,119.9,15.55,39.7,,0
"2025-05-02 21:45:39",2651,1685,74486,0,,2.6,121.2,15.55,39.7,,0
"2025-05-02 21:45:40",2651,1685,74486,-33.166248,-70.966935,2.6,118.5,15.55,39.7,,0
"2025-05-02 21:45:41",2650,1684,74491,0,,2.75,119.5,15.54,39.7,,-0.1
"2025-05-02 21:45:42",2650,1684,74496,0,,2.75,119.5,15.53,39.7,,-0.1
"2025-05-02 21:45:43",2649,1683,74502,-33.166295,-70.966833,2.75,116.1,15.58,39.7,,-0.2
"2025-05-02 21:45:44",2650,1684,74496,0,,2.75,116.1,15.68,39.7,,-0.1
"2025-05-02 21:45:45",2650,1684,74491,0,,2.65,121.7,15.81,39.7,,-0.1
"2025-05-02 21:45:46",2651,1685,74486,-33.166318,-70.966783,2.7,121.5,15.92,39.65,,0
"2025-05-02 21:45:48",2651,1685,74484,0,,2.2,122.6,15.98,39.45,,0
"2025-05-02 21:45:49",2651,1685,74484,-33.166353,-70.966713,2.7,121,15.98,39.35,28.5,0
"2025-05-02 21:45:50",2651,1685,74483,0,,2.6,121.2,15.96,39.3,,0
"2025-05-02 21:45:51",2651,1685,74482,0,,2.6,121.2,15.94,39.25,,0
"2025-05-02 21:45:52",2651,1685,74482,-33.166392,-70.966645,2.6,126.7,15.92,39.2,,0
"2025-05-02 21:45:56",2652,1686,74478,0,,,,15.84,39.1,,0.2
"2025-05-02 21:45:57",2652,1686,74477,0,,,,15.81,39.1,,0.2
"2025-05-02 21:45:58",2652,1686,74476,0,,,,15.79,39.1,,0.1
"2025-05-02 21:46:00",2652,1686,74474,0,,2.55,118.2,15.74,39.2,,0.1
"2025-05-02 21:46:01",2652,1686,74474,-33.1665,-70.966443,2.4,114.7,15.73,39.2,,0.1
"2025-05-02 21:46:25",2645,1679,74534,0,,,,16.85,38.2,,-0.3
"2025-05-02 22:39:55",2868,1902,72622,0,,1.5,158.2,18.98,8.5,,
"2025-05-02 22:39:56",2868,1902,72623,0,,1.55,158.2,18.96,8.55,,
"2025-05-02 22:39:57",2867,1901,72625,0,,1.55,158.2,18.94,8.6,,
"2025-05-02 22:39:58",2867,1901,72628,0,,1.65,160.7,18.93,8.6,,
"2025-05-02 22:39:59",2867,1901,72632,0,,1.6,160.7,18.9,8.6,,
"2025-05-02 22:40:00",2866,1900,72636,0,,1.6,160.7,18.89,8.6,,
"2025-05-02 22:40:01",2866,1900,72640,0,,1.65,157.1,18.87,8.6,,
"2025-05-02 22:40:02",2865,1899,72642,0,,1.7,157.1,18.85,8.6,,
"2025-05-02 22:40:03",2865,1899,72645,0,,1.7,157.1,18.84,8.6,,
"2025-05-02 22:40:04",2865,1899,72648,0,,1.9,153.9,18.81,8.55,,
"2025-05-02 22:40:05",2865,1899,72649,0,,1.9,153.9,18.78,8.55,,
"2025-05-02 22:40:06",2864,1898,72650,0,,1.9,153.9,18.76,8.55,,
"2025-05-02 22:40:07",2864,1898,72652,0,,1.7,170.3,18.73,8.55,25.5,-0.3
"2025-05-02 22:40:08",2864,1898,72654,0,,1.7,170.3,18.7,8.6,,-0.3
"2025-05-02 22:40:09",2864,1898,72657,0,,1.7,170.3,18.68,8.65,,-0.3
"2025-05-02 22:40:10",2863,1897,72660,0,,2.95,144.6,18.63,8.75,,-0.3
"2025-05-02 22:40:11",2863,1897,72660,0,,2.95,144.6,18.61,8.75,,-0.3
"2025-05-02 22:40:12",2863,1897,72661,0,,2.95,144.6,18.58,8.8,,-0.3
"2025-05-02 22:40:13",2863,1897,72662,0,,1.7,154,18.54,8.75,,-0.2
"2025-05-02 22:40:14",2863,1897,72663,0,,,,18.51,8.65,,-0.2
"2025-05-02 22:40:15",2863,1897,72664,0,,,,18.48,8.55,,-0.2
"2025-05-02 22:40:16",2863,1897,72666,0,,,,18.46,8.45,,-0.2
"2025-05-02 22:40:18",2862,1896,72675,0,,1.7,154,18.42,8.3,,-0.2
"2025-05-02 22:40:19",2861,1895,72680,0,,2.6,155.6,18.4,8.15,,-0.3
"2025-05-02 22:40:20",2861,1895,72678,0,,,,18.38,8.1,,-0.2
"2025-05-02 22:40:21",2861,1895,72676,0,,,,18.35,8,,-0.2
"2025-05-02 22:40:22",2862,1896,72674,0,,,,18.33,8.1,,-0.2
"2025-05-02 22:40:23",2862,1896,72674,0,,,,18.3,8.1,,-0.1
"2025-05-02 22:40:24",2862,1896,72674,0,,,,18.27,8.1,,-0.1
"2025-05-02 22:40:25",2862,1896,72674,0,,,,18.24,8.15,,-0.1
"2025-05-02 22:40:26",2861,1895,72680,0,,,,18.2,8.2,,-0.2
"2025-05-02 22:40:27",2860,1894,72686,0,,,,18.17,8.25,,-0.2
"2025-05-02 22:40:28",2860,1894,72692,0,,,,18.19,8.35,,-0.2
"2025-05-02 22:40:29",2859,1893,72696,0,,,,18.2,8.35,,-0.3
"2025-05-02 22:40:30",2858,1892,72701,0,,,,18.19,8.4,,-0.3
"2025-05-02 22:40:31",2858,1892,72706,0,,,,18.17,8.45,,-0.3
"2025-05-02 22:40:32",2858,1892,72704,0,,,,18.16,8.5,,-0.3
"2025-05-02 22:40:33",2858,1892,72703,0,,,,18.15,8.55,,-0.3
"2025-05-02 22:40:34",2858,1892,72702,0,,,,18.15,8.6,25.25,-0.3
"2025-05-02 22:40:35",2858,1892,72703,0,,,,18.16,8.6,,-0.3
"2025-05-02 22:40:36",2858,1892,72704,0,,,,18.18,8.6,,-0.3
"2025-05-02 22:40:37",2858,1892,72706,0,,,,18.21,8.6,,-0.3
"2025-05-02 22:40:38",2858,1892,72706,0,,,,18.25,8.6,,-0.3
"2025-05-02 22:40:39",2858,1892,72706,0,,,,18.28,8.65,,-0.2
"2025-05-02 22:40:40",2858,1892,72706,0,,,,18.31,8.65,,-0.1
"2025-05-02 22:40:41",2858,1892,72705,0,,,,18.35,8.7,,-0.1
"2025-05-02 22:40:42",2858,1892,72704,0,,,,18.41,8.75,,0
"2025-05-02 22:40:43",2858,1892,72704,0,,,,18.46,8.75,,0
"2025-05-02 22:40:44",2858,1892,72703,0,,,,18.51,8.75,,0
"2025-05-02 22:40:45",2858,1892,72702,0,,,,18.59,8.75,,0
"2025-05-02 22:40:46",2858,1892,72702,0,,,,18.66,8.75,,0
"2025-05-02 22:40:47",2859,1893,72700,0,,,,18.73,8.75,,0
"2025-05-02 22:40:48",2859,1893,72698,0,,,,18.83,8.8,,0
"2025-05-02 22:40:49",2859,1893,72696,0,,,,18.91,8.8,,0.1
"2025-05-02 22:40:50",2859,1893,72696,0,,,,19,8.85,,0.1
"2025-05-02 22:40:51",2859,1893,72697,0,,,,19.07,8.8,,0.1
"2025-05-02 22:40:52",2859,1893,72698,0,,,,19.15,8.8,,0.1
"2025-05-02 22:40:53",2859,1893,72694,0,,,,19.23,8.7,,0.1
"2025-05-02 22:40:54",2860,1894,72691,0,,,,19.33,8.65,,0.1
"2025-05-02 22:40:55",2860,1894,72688,0,,,,19.42,8.65,,0.2
"2025-05-02 22:40:56",2860,1894,72685,0,,,,19.52,8.6,,0.2
"2025-05-02 22:40:57",2860,1894,72683,0,,,,19.62,8.6,,0.2
"2025-05-02 22:40:58",2861,1895,72682,0,,,,19.72,8.55,,0.2
"2025-05-02 22:40:59",2861,1895,72675,0,,,,19.81,8.5,,0.2
"2025-05-02 22:41:00",2862,1896,72669,0,,,,19.9,8.5,,0.3
"2025-05-02 22:41:01",2863,1897,72664,0,,,,19.97,8.45,25.75,0.3
"2025-05-02 22:41:02",2863,1897,72660,0,,,,20.04,8.45,,0.3
"2025-05-02 22:41:03",2864,1898,72657,0,,,,20.08,8.4,,0.4
"2025-05-02 22:41:04",2864,1898,72654,0,,,,20.11,8.35,,0.4
"2025-05-02 22:41:05",2864,1898,72652,0,,,,20.13,8.3,,0.4
"2025-05-02 22:41:06",2864,1898,72651,0,,,,20.16,8.25,,0.4
"2025-05-02 22:41:07",2864,1898,72650,0,,,,20.17,8.2,,0.4
"2025-05-02 22:41:08",2865,1899,72645,0,,,,20.16,8.2,,0.4
"2025-05-02 22:41:09",2866,1900,72640,0,,,,20.13,8.15,,0.4
"2025-05-02 22:41:10",2866,1900,72636,0,,,,20.1,8.1,,0.5
"2025-05-02 22:41:11",2866,1900,72634,0,,,,20.04,8.05,,0.4
"2025-05-02 22:41:12",2866,1900,72633,0,,,,19.97,8.05,,0.4
"2025-05-02 22:41:13",2867,1901,72632,0,,,,19.91,8,,0.3
"2025-05-02 22:41:14",2867,1901,72631,0,,,,19.81,8,,0.3
"2025-05-02 22:41:15",2867,1901,72630,0,,,,19.73,8,,0.3
"2025-05-02 22:41:16",2867,1901,72630,0,,,,19.63,8.05,,0.2
"2025-05-02 22:41:17",2867,1901,72629,0,,,,19.54,8.05,,0.2
"2025-05-02 22:41:18",2867,1901,72628,0,,,,19.47,8.05,,0.2
"2025-05-02 22:41:19",2867,1901,72628,0,,,,19.42,8.1,,0.2
"2025-05-02 22:41:20",2867,1901,72624,0,,,,19.35,8.15,,0.2
"2025-05-02 22:41:21",2868,1902,72621,0,,,,19.31,8.15,,0.2
"2025-05-02 22:41:22",2868,1902,72618,0,,,,19.27,8.2,,0.2
"2025-05-02 22:41:23",2868,1902,72616,0,,,,19.24,8.3,,0.2
"2025-05-02 22:41:24",2869,1903,72615,0,,,,19.21,8.3,,0.2
"2025-05-02 22:41:25",2869,1903,72614,0,,,,19.18,8.35,,0.2
"2025-05-02 22:41:26",2869,1903,72612,0,,,,19.15,8.4,,0.2
"2025-05-02 22:41:27",2869,1903,72611,0,,,,19.12,8.4,,0.2
"2025-05-02 22:41:28",2869,1903,72610,0,,,,19.07,8.45,25.5,0.2
"2025-05-02 22:41:29",2870,1904,72607,0,,,,19.01,8.45,,0.2
"2025-05-02 22:41:30",2870,1904,72604,0,,,,18.94,8.5,,0.2
"2025-05-02 22:41:31",2870,1904,72602,0,,,,18.88,8.6,,0.2
"2025-05-02 22:41:33",2871,1905,72596,0,,,,18.73,9.05,,0.3
"2025-05-02 22:41:34",2871,1905,72594,0,,,,18.68,9.35,,0.2
"2025-05-02 22:41:35",2871,1905,72592,0,,,,18.61,9.6,,0.2
"2025-05-02 22:41:36",2871,1905,72591,0,,,,18.55,9.75,,0.2
"2025-05-02 22:41:37",2872,1906,72590,0,,,,18.49,9.85,,0.2
"2025-05-02 22:41:38",2872,1906,72586,0,,,,18.44,9.95,,0.2
"2025-05-02 22:41:39",2872,1906,72583,0,,,,18.39,10.05,,0.3
"2025-05-02 22:41:40",2873,1907,72580,0,,,,18.33,10.1,,0.3
"2025-05-02 22:41:41",2872,1906,72584,0,,,,18.27,10.15,,0.2
"2025-05-02 22:41:42",2872,1906,72589,0,,,,18.19,10.25,,0.2
"2025-05-02 22:41:43",2871,1905,72594,0,,,,18.12,10.5,,0.1
"2025-05-02 22:41:44",2872,1906,72585,0,,,,18.07,10.7,,0.1
"2025-05-02 22:41:45",2873,1907,72576,0,,,,18.09,10.85,,0.2
"2025-05-02 22:41:46",2874,1908,72568,0,,,,18.12,11.1,,0.3
"2025-05-02 22:41:48",2876,1910,72551,0,,,,18.07,11.4,,0.4
"2025-05-02 22:41:49",2877,1911,72544,0,,,,18.03,11.5,,0.5
"2025-05-02 22:41:50",2877,1911,72540,0,,,,18,11.65,,0.5
"2025-05-02 22:41:51",2878,1912,72537,0,,,,17.98,11.7,,0.5
"2025-05-02 22:41:52",2878,1912,72534,0,,,,17.96,11.85,,0.5
"2025-05-02 22:41:54",2879,1913,72525,0,,,,17.89,12,,0.6
"2025-05-02 22:41:55",2880,1914,72522,0,,,,17.86,12.1,25.25,0.7
"2025-05-02 22:41:56",2879,1913,72523,0,,,,17.82,12.2,,0.6
"2025-05-02 22:41:57",2879,1913,72524,0,,,,17.76,12.25,,0.5
"2025-05-02 22:41:58",2879,1913,72526,0,,,,17.7,12.3,,0.4
"2025-05-02 22:42:00",2880,1914,72521,0,,,,17.65,12.4,,0.3
"2025-05-02 22:42:01",2880,1914,72520,0,,,,17.67,12.45,,0.2
"2025-05-02 22:42:03",2883,1917,72494,0,,,,17.75,12.6,,0.4
"2025-05-02 22:42:04",2884,1918,72482,0,,,,17.76,12.6,,0.5
"2025-05-02 22:42:05",2885,1919,72478,0,,,,17.76,12.65,,0.5
"2025-05-02 22:42:06",2885,1919,72474,0,,,,17.75,12.65,,0.5
"2025-05-02 22:42:07",2886,1920,72470,0,,,,17.75,12.7,,0.5
"2025-05-02 22:42:08",2886,1920,72466,0,,,,17.73,12.7,,0.6
"2025-05-02 22:42:09",2887,1921,72463,0,,,,17.7,12.7,,0.6
"2025-05-02 22:42:10",2887,1921,72460,0,,,,17.67,12.75,,0.6
"2025-05-02 22:42:11",2887,1921,72455,0,,,,17.62,12.75,,0.6
"2025-05-02 22:42:12",2888,1922,72450,0,,,,17.59,12.75,,0.7
"2025-05-02 22:42:13",2889,1923,72446,0,,,,17.55,12.75,,0.7
"2025-05-02 22:42:14",2889,1923,72440,0,,,,17.52,12.75,,0.7
"2025-05-02 22:42:15",2890,1924,72435,0,,,,17.47,12.8,,0.7
"2025-05-02 22:42:16",2891,1925,72430,0,,,,17.44,12.8,,0.6
"2025-05-02 22:42:17",2891,1925,72425,0,,,,17.41,12.75,,0.5
"2025-05-02 22:42:18",2891,1925,72421,0,,,,17.38,12.75,,0.5
"2025-05-02 22:42:19",2892,1926,72418,0,,,,17.35,12.8,,0.5
"2025-05-02 22:42:20",2892,1926,72421,0,,,,17.35,12.85,,0.4
"2025-05-02 22:42:21",2891,1925,72424,0,,,,17.4,12.85,,0.4
"2025-05-02 22:42:22",2891,1925,72428,0,,,,17.45,12.85,25,0.3
"2025-05-02 22:42:23",2891,1925,72426,0,,,,17.48,12.8,,0.3
"2025-05-02 22:42:24",2891,1925,72425,0,,,,17.51,12.85,,0.2
"2025-05-02 22:42:25",2891,1925,72424,0,,,,17.51,12.85,,0.2
"2025-05-02 22:42:26",2892,1926,72416,0,,,,17.52,12.85,,0.2
"2025-05-02 22:42:27",2893,1927,72409,0,,,,17.51,12.85,,0.3
"2025-05-02 22:42:28",2894,1928,72402,0,,,,17.5,12.85,,0.3
"2025-05-02 22:42:29",2895,1929,72394,0,,,,17.5,12.85,,0.3
"2025-05-02 22:42:30",2896,1930,72387,0,,,,17.48,12.85,,0.3
"2025-05-02 22:42:31",2896,1930,72380,0,,,,17.47,12.85,,0.4
"2025-05-02 22:42:32",2897,1931,72375,0,,,,17.47,12.85,,0.4
"2025-05-02 22:42:33",2897,1931,72371,0,,,,17.47,12.85,,0.5
"2025-05-02 22:42:34",2898,1932,72368,0,,,,17.48,12.85,,0.6
"2025-05-02 22:42:35",2898,1932,72364,0,,,,17.5,12.9,,0.6
"2025-05-02 22:42:36",2899,1933,72361,0,,,,17.52,12.9,,0.6
"2025-05-02 22:42:37",2899,1933,72358,0,,,,17.54,12.9,,0.6
"2025-05-02 22:42:38",2899,1933,72354,0,,,,17.57,12.9,,0.6
"2025-05-02 22:42:39",2900,1934,72351,0,,,,17.59,12.9,,0.6
"2025-05-02 22:42:40",2900,1934,72348,0,,,,17.59,12.9,,0.6
"2025-05-02 22:42:41",2900,1934,72346,0,,,,17.59,12.9,,0.5
"2025-05-02 22:42:42",2901,1935,72344,0,,,,17.58,12.9,,0.5
"2025-05-02 22:42:43",2901,1935,72342,0,,,,17.55,12.85,,0.4
"2025-05-02 22:42:44",2901,1935,72344,0,,,,17.55,12.85,,0.3
"2025-05-02 22:42:45",2900,1934,72346,0,,,,17.55,12.8,,0.3
"2025-05-02 22:42:46",2900,1934,72348,0,,,,17.58,12.85,,0.2
"2025-05-02 22:42:47",2900,1934,72349,0,,,,17.59,12.9,,0.2
"2025-05-02 22:42:48",2900,1934,72350,0,,,,17.61,12.85,,0.1
"2025-05-02 22:42:49",2900,1934,72352,0,,,,17.61,12.85,25,0.1
"2025-05-02 22:42:50",2900,1934,72348,0,,,,17.62,12.85,,0.1
"2025-05-02 22:42:51",2901,1935,72345,0,,,,17.65,12.85,,0.1
"2025-05-02 22:42:52",2901,1935,72342,0,,,,17.66,12.85,,0.1
"2025-05-02 22:42:53",2901,1935,72337,0,,,,17.69,12.8,,0.1
"2025-05-02 22:42:54",2902,1936,72333,0,,,,17.71,12.8,,0.1
"2025-05-02 22:42:55",2902,1936,72330,0,,,,17.73,12.8,,0.1
"2025-05-02 22:42:56",2903,1937,72324,0,,,,17.74,12.75,,0.2
"2025-05-02 22:42:57",2904,1938,72319,0,,,,17.74,12.75,,0.3
"2025-05-02 22:42:58",2904,1938,72314,0,,,,17.73,12.75,,0.3
"2025-05-02 22:42:59",2905,1939,72310,0,,,,17.69,12.7,,0.4
"2025-05-02 22:43:00",2905,1939,72306,0,,,,17.64,12.7,,0.4
"2025-05-02 22:43:01",2906,1940,72302,0,,,,17.59,12.7,,0.5
"2025-05-02 22:43:02",2906,1940,72299,0,,,,17.55,12.7,,0.5
"2025-05-02 22:43:03",2906,1940,72296,0,,,,17.5,12.7,,0.5
"2025-05-02 22:43:04",2907,1941,72294,0,,,,17.45,12.7,,0.5
"2025-05-02 22:43:05",2907,1941,72292,0,,,,17.41,12.65,,0.5
"2025-05-02 22:43:06",2907,1941,72290,0,,,,17.38,12.65,,0.4
"2025-05-02 22:43:07",2907,1941,72288,0,,,,17.36,12.65,,0.4
"2025-05-02 22:43:09",2908,1942,72285,0,,,,17.35,12.65,,0.4
"2025-05-02 22:43:10",2908,1942,72282,0,,,,17.33,12.65,,0.4
"2025-05-02 22:43:11",2908,1942,72280,0,,,,17.33,12.65,,0.3
"2025-05-02 22:43:11",2908,1942,72278,0,,,,17.32,12.65,,0.3
"2025-05-02 22:43:12",2909,1943,72277,0,,,,17.32,12.65,,0.3
"2025-05-02 22:43:13",2909,1943,72276,0,,,,17.32,12.65,,0.3
"2025-05-02 22:43:14",2909,1943,72275,0,,,,17.32,12.65,,0.2
"2025-05-02 22:43:15",2909,1943,72274,0,,,,17.31,12.7,,0.2
"2025-05-02 22:43:16",2909,1943,72274,0,,,,17.31,12.7,24.5,0.2
"2025-05-02 22:43:18",2909,1943,72272,0,,,,17.3,12.7,,0.2
"2025-05-02 22:43:19",2909,1943,72271,0,,,,17.29,12.7,,0.2
"2025-05-02 22:43:20",2909,1943,72270,0,,,,17.29,12.75,,0.2
"2025-05-02 22:43:21",2909,1943,72269,0,,,,17.29,12.75,,0.2
"2025-05-02 22:43:22",2910,1944,72268,0,,,,17.29,12.75,,0.1
"2025-05-02 22:43:23",2910,1944,72268,0,,,,17.28,12.75,,0.1
"2025-05-02 22:43:24",2910,1944,72265,0,,,,17.3,12.8,,0.1
"2025-05-02 22:43:25",2910,1944,72262,0,,,,17.31,12.8,,0.1
"2025-05-02 22:43:26",2911,1945,72260,0,,,,17.33,12.8,,0.2
"2025-05-02 22:43:27",2911,1945,72260,0,,,,17.36,12.8,,0.1
"2025-05-02 22:43:28",2910,1944,72261,0,,,,17.38,12.8,,0.1
"2025-05-02 22:43:29",2910,1944,72262,0,,,,17.4,12.8,,0.1
"2025-05-02 22:43:30",2911,1945,72260,0,,,,17.43,12.8,,0.1
"2025-05-02 22:43:31",2911,1945,72259,0,,,,17.45,12.75,,0.1
"2025-05-02 22:43:32",2911,1945,72258,0,,,,17.46,12.75,,0.1
"2025-05-02 22:43:33",2911,1945,72259,0,,,,17.48,12.75,,0.1
"2025-05-02 22:43:34",2911,1945,72260,0,,,,17.48,12.7,,0.1
"2025-05-02 22:43:35",2910,1944,72262,0,,,,17.5,12.7,,0.1
"2025-05-02 22:43:36",2910,1944,72261,0,,,,17.5,12.7,,0
"2025-05-02 22:43:37",2911,1945,72260,0,,,,17.5,12.7,,0
"2025-05-02 22:43:38",2911,1945,72260,0,,,,17.5,12.7,,0
"2025-05-02 22:43:39",2910,1944,72261,0,,,,17.48,12.65,,0
"2025-05-02 22:43:40",2910,1944,72263,0,,,,17.46,12.65,,0
"2025-05-02 22:43:41",2910,1944,72266,0,,,,17.43,12.7,,0
"2025-05-02 22:43:42",2909,1943,72270,0,,,,17.4,12.7,,-0.1
"2025-05-02 22:43:43",2909,1943,72275,0,,,,17.36,12.7,,-0.2
"2025-05-02 22:43:44",2908,1942,72280,0,,,,17.32,12.7,23.75,-0.2
"2025-05-02 22:43:45",2908,1942,72283,0,,,,17.28,12.7,,-0.2
"2025-05-02 22:43:46",2907,1941,72287,0,,,,17.25,12.7,,-0.3
"2025-05-02 22:43:47",2907,1941,72292,0,,,,17.25,12.7,,-0.3
"2025-05-02 22:43:49",2907,1941,72290,0,,,,17.31,12.75,,-0.3
"2025-05-02 22:43:50",2907,1941,72290,0,,,,17.39,12.75,,-0.3
"2025-05-02 22:43:51",2907,1941,72288,0,,,,17.47,12.75,,-0.3
"2025-05-02 22:43:52",2907,1941,72287,0,,,,17.57,12.75,,-0.2
"2025-05-02 22:43:53",2908,1942,72286,0,,,,17.64,12.75,,-0.2
"2025-05-02 22:43:54",2908,1942,72284,0,,,,17.71,12.7,,-0.1
"2025-05-02 22:43:55",2908,1942,72283,0,,,,17.76,12.75,,-0.1
"2025-05-02 22:43:56",2908,1942,72282,0,,,,17.82,12.7,,0
"2025-05-02 22:43:57",2908,1942,72284,0,,,,17.85,12.65,,0
"2025-05-02 22:43:58",2908,1942,72286,0,,,,17.87,12.6,,0
"2025-05-02 22:43:59",2907,1941,72288,0,,,,17.89,12.6,,0
"2025-05-02 22:44:00",2907,1941,72289,0,,,,17.9,12.55,,0
"2025-05-02 22:44:01",2907,1941,72291,0,,,,17.89,12.5,,0
"2025-05-02 22:44:02",2907,1941,72294,0,,,,17.88,12.5,,0
"2025-05-02 22:44:03",2906,1940,72298,0,,,,17.85,12.5,,-0.1
"2025-05-02 22:44:04",2905,1939,72303,0,,,,17.81,12.5,,-0.2
"2025-05-02 22:44:05",2905,1939,72308,0,,,,17.76,12.5,,-0.2
"2025-05-02 22:44:06",2905,1939,72309,0,,,,17.71,12.5,,-0.2
"2025-05-02 22:44:07",2905,1939,72310,0,,,,17.64,12.5,,-0.3
"2025-05-02 22:44:08",2904,1938,72312,0,,,,17.56,12.5,,-0.3
"2025-05-02 22:44:09",2904,1938,72315,0,,,,17.48,12.45,,-0.3
"2025-05-02 22:44:10",2903,1937,72319,0,,,,17.4,12.5,,-0.3
"2025-05-02 22:44:11",2903,1937,72324,0,,,,17.33,12.5,24,-0.4
"2025-05-02 22:44:12",2902,1936,72329,0,,,,17.28,12.5,,-0.4
"2025-05-02 22:44:13",2902,1936,72334,0,,,,17.22,12.5,,-0.4
"2025-05-02 22:44:14",2901,1935,72340,0,,,,17.17,12.55,,-0.4
"2025-05-02 22:44:16",2900,1934,72347,0,,,,17.11,12.6,,-0.4
"2025-05-02 22:44:17",2900,1934,72352,0,,,,17.09,12.6,,-0.4
"2025-05-02 22:44:19",2899,1933,72360,0,,,,17.05,12.65,,-0.5
"2025-05-02 22:44:20",2898,1932,72364,0,,,,17.03,12.65,,-0.5
"2025-05-02 22:44:21",2898,1932,72368,0,,,,17.02,12.65,,-0.5
"2025-05-02 22:44:22",2897,1931,72373,0,,,,17.01,12.65,,-0.5
"2025-05-02 22:44:23",2897,1931,72378,0,,,,17.01,12.7,,-0.5
"2025-05-02 22:44:24",2896,1930,72386,0,,,,16.99,12.7,,-0.6
"2025-05-02 22:44:25",2895,1929,72395,0,,,,16.99,12.7,,-0.6
"2025-05-02 22:44:26",2894,1928,72404,0,,,,17.03,12.7,,-0.6
"2025-05-02 22:44:27",2893,1927,72412,0,,,,17.08,12.7,,-0.7
"2025-05-02 22:44:28",2892,1926,72421,0,,,,17.09,12.75,,-0.7
"2025-05-02 22:44:29",2890,1924,72430,0,,,,17.1,12.8,,-0.8
"2025-05-02 22:44:30",2890,1924,72431,0,,,,17.1,12.8,,-0.7
"2025-05-02 22:44:31",2890,1924,72432,0,,,,17.1,12.8,,-0.7
"2025-05-02 22:44:32",2890,1924,72434,0,,,,17.09,12.8,,-0.7
"2025-05-02 22:44:40",2886,1920,72466,0,,,,17.15,13.1,,-0.4
"2025-05-02 22:44:41",2886,1920,72470,0,,,,17.18,13.15,,-0.4
"2025-05-02 22:44:42",2885,1919,72476,0,,,,17.21,13.2,,-0.4
"2025-05-02 22:44:43",2884,1918,72482,0,,,,17.25,13.3,,-0.5
"2025-05-02 22:44:44",2884,1918,72488,0,,,,17.28,13.4,,-0.5
"2025-05-02 22:44:45",2883,1917,72496,0,,,,17.31,13.5,,-0.6
"2025-05-02 22:44:46",2882,1916,72504,0,,,,17.33,13.55,,-0.6
"2025-05-02 22:44:47",2881,1915,72512,0,,,,17.38,13.6,,-0.6
"2025-05-02 22:44:48",2880,1914,72518,0,,,,17.4,13.65,,-0.6
"2025-05-02 22:44:49",2879,1913,72525,0,,,,17.43,13.7,,-0.6
"2025-05-02 22:44:50",2878,1912,72532,0,,,,17.44,13.7,,-0.6
"2025-05-02 22:44:51",2878,1912,72536,0,,,,17.45,13.7,,-0.6
"2025-05-02 22:44:52",2877,1911,72541,0,,,,17.47,13.75,,-0.7
"2025-05-02 22:44:53",2877,1911,72546,0,,,,17.47,13.75,,-0.7
"2025-05-02 22:44:54",2876,1910,72555,0,,,,17.48,13.75,,-0.8
"2025-05-02 22:44:55",2875,1909,72564,0,,,,17.48,13.75,,-0.8
"2025-05-02 22:44:56",2873,1907,72574,0,,,,17.5,13.75,,-0.8
"2025-05-02 22:44:57",2873,1907,72580,0,,,,17.51,13.75,,-0.8
"2025-05-02 22:44:58",2872,1906,72586,0,,,,17.51,13.75,,-0.8
"2025-05-02 22:44:59",2871,1905,72592,0,,,,17.51,13.75,,-0.8
"2025-05-02 22:45:00",2871,1905,72598,0,,,,17.51,13.7,,-0.8
"2025-05-02 22:45:01",2870,1904,72605,0,,,,17.5,13.6,,-0.8
"2025-05-02 22:45:02",2869,1903,72612,0,,,,17.5,13.5,,-0.8
"2025-05-02 22:45:03",2868,1902,72621,0,,,,17.5,13.45,,-0.8
"2025-05-02 22:45:04",2867,1901,72629,0,,,,17.5,13.4,,-0.9
"2025-05-02 22:45:05",2866,1900,72638,0,,,,17.47,13.4,23.5,-0.9
"2025-05-02 22:45:06",2865,1899,72646,0,,,,17.46,13.35,,-0.9
"2025-05-02 22:45:07",2864,1898,72654,0,,,,17.43,13.35,,-0.9
"2025-05-02 22:45:08",2863,1897,72662,0,,,,17.39,13.35,,-0.9
"2025-05-02 22:45:09",2862,1896,72670,0,,,,17.36,13.4,,-0.9
"2025-05-02 22:45:10",2861,1895,72678,0,,,,17.32,13.45,,-0.9
"2025-05-02 22:45:11",2860,1894,72686,0,,,,17.28,13.5,,-0.9
"2025-05-02 22:45:13",2859,1893,72693,0,,,,17.25,13.45,,-0.9
"2025-05-02 22:45:14",2858,1892,72700,0,,,,17.21,13.45,,-0.9
"2025-05-02 22:45:15",2858,1892,72708,0,,,,17.18,13.45,,-0.9
"2025-05-02 22:45:16",2857,1891,72717,0,,,,17.16,13.45,,-0.9
"2025-05-02 22:45:17",2855,1889,72726,0,,,,17.15,13.45,,-0.9
"2025-05-02 22:45:18",2854,1888,72736,0,,,,17.15,13.45,,-1
"2025-05-02 22:45:19",2854,1888,72742,0,,,,17.15,13.4,,-0.9
"2025-05-02 22:45:20",2853,1887,72749,0,,,,17.16,13.4,,-0.9
"2025-05-02 22:45:21",2852,1886,72756,0,,,,17.16,13.4,,-0.9
"2025-05-02 22:45:22",2851,1885,72765,0,,,,17.17,13.4,,-0.9
"2025-05-02 22:45:23",2850,1884,72774,0,,,,17.2,13.35,,-0.9
"2025-05-02 22:45:24",2849,1883,72784,0,,,,17.21,13.35,,-1
"2025-05-02 22:45:25",2847,1881,72794,0,,,,17.24,13.35,,-1
"2025-05-02 22:45:26",2846,1880,72804,0,,,,17.25,13.3,,-1
"2025-05-02 22:45:27",2845,1879,72814,0,,,,17.25,13.3,,-1
"2025-05-02 22:45:28",2844,1878,72822,0,,,,17.26,13.25,,-1
"2025-05-02 22:45:29",2843,1877,72830,0,,,,17.26,13.25,,-1
"2025-05-02 22:45:30",2842,1876,72838,0,,,,17.26,13.25,,-1
"2025-05-02 22:45:31",2841,1875,72848,0,,,,17.26,13.25,,-1
"2025-05-02 22:45:32",2840,1874,72858,0,,,,17.25,13.25,,-1
"2025-05-02 22:45:33",2839,1873,72868,0,,,,17.24,13.25,23.5,-1.1
"2025-05-02 22:46:05",2814,1848,73076,0,,,,17.95,14.9,,-0.8
