timestamp,msl,agl,pressure,latitude,longitude,speed,heading,temperature,relative_humidity,internal_temperature,rise_speed
"2025-05-02 21:55:48",976,0,89750,-33.130548,-70.959257,0.9,268.3,28.85,26.35,,-0.1
"2025-05-02 21:55:50",976,0,89744,0,,3.85,280.6,29.06,24.75,,-0.1
"2025-05-02 21:55:51",976,0,89742,-33.130543,-70.959335,5.35,270.8,29.31,24.25,,0
"2025-05-02 21:55:53",979,2,89712,0,,3.45,290.9,29.54,23.25,,0.2
"2025-05-02 21:55:54",981,4,89698,-33.130533,-70.959482,6.3,262.4,29.69,22.95,,0.3
"2025-05-02 21:55:56",985,8,89657,0,,4.1,268.9,29.67,22.25,,0.6
"2025-05-02 21:55:57",987,10,89638,-33.130548,-70.95963,5.75,250.4,29.57,22.1,35.75,0.9
"2025-05-02 21:55:59",990,13,89602,0,,6.1,243.3,29.31,21.9,,1.2
"2025-05-02 21:56:00",992,15,89584,-33.130602,-70.959757,3.8,245.2,29.25,21.95,,1.4
"2025-05-02 21:56:01",993,16,89571,0,,4.7,220.6,29.2,22,,1.4
"2025-05-02 21:56:02",994,17,89559,0,,5.95,250.4,29.14,22,,1.5
"2025-05-02 21:56:03",996,19,89548,-33.130675,-70.95989,5.95,230.6,29.1,22.05,,1.6
"2025-05-02 21:56:04",997,20,89530,0,,7.2,246.9,29.06,22.1,,1.6
"2025-05-02 21:56:05",999,22,89513,0,,5,226.9,28.99,22.15,,1.7
"2025-05-02 21:56:06",1001,24,89496,-33.130755,-70.960045,4.2,235.6,28.98,22.2,,1.7
"2025-05-02 21:56:07",1002,25,89484,0,,5.15,246.1,28.95,22.15,,1.6
"2025-05-02 21:56:08",1003,26,89472,0,,4.55,212.9,28.9,22.15,,1.6
"2025-05-02 21:56:09",1004,27,89460,-33.13083,-70.960163,4.65,244.6,28.91,22.2,,1.5
"2025-05-02 21:56:10",1006,29,89442,0,,4.45,222.4,28.85,22.25,,1.5
"2025-05-02 21:56:11",1008,31,89425,0,,4.25,268.6,28.84,22.3,,1.5
"2025-05-02 21:56:12",1010,33,89408,-33.130873,-70.960275,2,263,28.75,22.3,,1.5
"2025-05-02 21:56:13",1010,33,89403,0,,3.65,234.8,28.69,22.35,,1.4
"2025-05-02 21:56:14",1011,34,89398,0,,3.35,288.3,28.72,22.4,,1.3
"2025-05-02 21:56:15",1011,34,89394,-33.130887,-70.960367,3.1,252.2,28.69,22.45,,1.3
"2025-05-02 21:56:16",1012,35,89381,0,,3.3,244.5,28.7,22.5,,1.3
"2025-05-02 21:56:17",1013,36,89368,0,,3.4,282.9,28.69,22.55,,1.2
"2025-05-02 21:56:18",1015,38,89356,-33.130903,-70.960477,4.6,251.4,28.66,22.55,,1.2
"2025-05-02 21:56:19",1016,39,89347,0,,3.45,271.6,28.61,22.5,,1.1
"2025-05-02 21:56:20",1016,39,89339,0,,3.25,210.6,28.54,22.55,,1.1
"2025-05-02 21:56:21",1017,40,89332,-33.130943,-70.960572,3.4,237.2,28.53,22.6,,1.1
"2025-05-02 21:56:22",1017,40,89328,0,,1.3,259.6,28.56,22.6,,1
"2025-05-02 21:56:23",1018,41,89325,0,,4.05,209.3,28.57,22.65,,0.9
"2025-05-02 21:56:24",1018,41,89322,-33.130988,-70.96063,0.05,209.3,28.54,22.65,36.75,0.8
"2025-05-02 21:56:25",1018,41,89325,0,,3.15,214.8,28.54,22.65,,0.6
"2025-05-02 21:56:26",1017,40,89328,0,,4.5,246.7,28.53,22.7,,0.6
"2025-05-02 21:56:27",1017,40,89332,-33.131032,-70.960693,1,135.4,28.5,22.7,,0.5
"2025-05-02 21:56:29",1017,40,89329,0,,4,247.2,28.62,22.7,,0.3
"2025-05-02 21:56:30",1018,41,89328,-33.13108,-70.96078,4.35,223.4,28.64,22.65,,0.2
"2025-05-02 21:56:31",1019,42,89316,0,,3.45,262.5,28.56,22.7,,0.3
"2025-05-02 21:56:32",1020,43,89304,0,,5.35,226.4,28.54,22.65,,0.3
"2025-05-02 21:56:33",1021,44,89292,-33.131132,-70.960875,1.8,222.8,28.54,22.65,,0.4
"2025-05-02 21:56:34",1021,44,89288,0,,3.9,233.4,28.55,22.6,,0.3
"2025-05-02 21:56:35",1022,45,89285,0,,4.1,217.3,28.55,22.65,,0.3
"2025-05-02 21:56:36",1022,45,89282,-33.13119,-70.96096,3.85,260.3,28.56,22.65,,0.3
"2025-05-02 21:56:37",1023,46,89275,0,,1.8,234,28.52,22.65,,0.4
"2025-05-02 21:56:38",1023,46,89268,0,,4.2,242.3,28.52,22.65,,0.4
"2025-05-02 21:56:39",1024,47,89262,-33.131225,-70.961043,1.7,218.2,28.54,22.7,,0.5
"2025-05-02 21:56:40",1024,47,89259,0,,3.65,210.4,28.55,22.7,,0.6
"2025-05-02 21:56:41",1025,48,89256,0,,3.3,276.9,28.59,22.7,,0.5
"2025-05-02 21:56:42",1025,48,89254,-33.13126,-70.961122,4.35,233.7,28.57,22.65,,0.6
"2025-05-02 21:56:44",1028,51,89220,0,,2,182.6,28.53,22.6,,0.7
"2025-05-02 21:56:45",1030,53,89204,-33.131318,-70.961183,4.7,223.6,28.53,22.65,,0.7
"2025-05-02 21:56:46",1031,54,89190,0,,1.45,234.7,28.6,22.7,,0.8
"2025-05-02 21:56:47",1033,56,89177,0,,4.7,205.1,28.6,22.7,,0.9
"2025-05-02 21:56:48",1034,57,89164,-33.131388,-70.961243,2.8,218,28.55,22.65,,0.9
"2025-05-02 21:56:49",1035,58,89150,0,,2.55,176.7,28.52,22.65,,1
"2025-05-02 21:56:50",1037,60,89136,0,,4.75,225.3,28.52,22.65,,1.1
"2025-05-02 21:56:51",1038,61,89122,-33.131465,-70.961288,4.15,179.3,28.55,22.65,37.75,1.2
"2025-05-02 21:56:52",1039,62,89111,0,,2.5,222.1,28.59,22.7,,1.2
"2025-05-02 21:56:53",1040,63,89100,0,,4.45,209.6,28.57,22.7,,1.2
"2025-05-02 21:56:54",1041,64,89090,-33.131542,-70.961328,2.55,181.7,28.56,22.65,,1.3
"2025-05-02 21:56:55",1043,66,89072,0,,4.15,231.2,28.56,22.65,,1.4
"2025-05-02 21:56:56",1045,68,89055,0,,3.25,181.1,28.56,22.65,,1.4
"2025-05-02 21:56:57",1046,69,89038,-33.131605,-70.961378,3.3,237.6,28.55,22.65,,1.4
"2025-05-02 21:56:59",1050,73,89007,0,,2.35,245.2,28.55,22.65,,1.4
"2025-05-02 21:57:00",1051,74,88992,-33.13166,-70.961455,4.05,237.5,28.55,22.65,,1.4
"2025-05-02 21:57:01",1053,76,88977,0,,3.05,214.6,28.54,22.6,,1.4
"2025-05-02 21:57:02",1054,77,88962,0,,5.55,272.7,28.48,22.6,,1.4
"2025-05-02 21:57:03",1055,78,88948,-33.131698,-70.96156,2.95,217.8,28.44,22.6,,1.5
"2025-05-02 21:57:04",1057,80,88934,0,,3.55,196.8,28.38,22.6,,1.5
"2025-05-02 21:57:05",1058,81,88922,0,,6.4,234.1,28.38,22.65,,1.5
"2025-05-02 21:57:06",1059,82,88910,-33.131778,-70.961652,3.2,236.1,28.33,22.7,,1.5
"2025-05-02 21:57:07",1060,83,88902,0,,6.4,225.3,28.25,22.65,,1.4
"2025-05-02 21:57:08",1061,84,88895,0,,3.85,256.7,28.18,22.7,,1.3
"2025-05-02 21:57:09",1061,84,88888,-33.131847,-70.961777,6.1,228.2,28.13,22.75,,1.2
"2025-05-02 21:57:10",1064,87,88866,0,,6.35,250.5,28.13,22.85,,1.3
"2025-05-02 21:57:11",1066,89,88845,0,,3.05,242.6,28.12,22.85,,1.3
"2025-05-02 21:57:12",1068,91,88824,-33.131902,-70.961925,6,255.2,28.1,22.95,,1.4
"2025-05-02 21:57:14",1070,93,88803,0,,2.85,255,27.98,22.95,,1.3
"2025-05-02 21:57:15",1071,94,88794,-33.131923,-70.96206,6.1,265.7,28.01,23.05,,1.3
"2025-05-02 21:57:16",1071,94,88792,0,,4.15,260,28.1,23.1,,1.2
"2025-05-02 21:57:17",1071,94,88790,0,,6.2,256.2,28.12,23.1,,1.1
"2025-05-02 21:57:18",1071,94,88788,-33.131935,-70.962225,4.45,290.1,28.07,23.1,38.5,1
"2025-05-02 21:57:19",1071,94,88795,0,,5.3,248.2,28.12,23.1,,0.9
"2025-05-02 21:57:20",1070,93,88802,0,,6.9,259.6,28.12,23.1,,0.8
"2025-05-02 21:57:21",1069,92,88810,-33.131962,-70.96239,3.65,255,28.12,23.1,,0.7
"2025-05-02 21:57:22",1069,92,88811,0,,7.4,253.5,28.13,23.05,,0.6
"2025-05-02 21:57:23",1069,92,88813,0,,9.35,263.7,28.12,23.05,,0.4
"2025-05-02 21:57:24",1069,92,88816,-33.131998,-70.962613,5.55,253.8,28.12,23.05,,0.2
"2025-05-02 21:57:25",1069,92,88814,0,,8.1,257.2,28.12,23.05,,0.1
"2025-05-02 21:57:26",1069,92,88813,0,,7.8,258.4,28.12,23.05,,0.1
"2025-05-02 21:57:27",1069,92,88812,-33.132038,-70.962832,5.3,265.3,28.07,23.1,,-0.1
"2025-05-02 21:57:30",1072,95,88786,-33.132093,-70.963032,4.85,244.3,28.12,23.15,,0
"2025-05-02 21:57:31",1072,95,88778,0,,,,28.13,23.15,,0.1
"2025-05-02 21:57:32",1073,96,88771,0,,,,28.13,23.15,,0.2
"2025-05-02 21:57:33",1074,97,88764,0,,,,28.13,23.1,,0.3
"2025-05-02 21:57:34",1075,98,88748,0,,6.6,252.5,28.15,23.1,,0.5
"2025-05-02 21:57:35",1077,100,88734,0,,5.15,236.4,28.13,23.1,,0.7
"2025-05-02 21:57:36",1078,101,88720,-33.132217,-70.96342,7.75,260.2,28.17,23.1,,0.8
"2025-05-02 21:57:37",1080,103,88702,0,,4.85,238.5,28.18,23.1,,0.9
"2025-05-02 21:57:38",1082,105,88685,0,,5.05,261.8,28.19,23.05,,1.1
"2025-05-02 21:57:39",1083,106,88668,-33.132257,-70.963598,7.4,264.2,28.22,23.05,,1.2
"2025-05-02 21:57:40",1085,108,88651,0,,5,241.3,28.23,23.05,,1.2
"2025-05-02 21:57:41",1087,110,88633,0,,7.2,256.3,28.24,23,,1.3
"2025-05-02 21:57:42",1089,112,88616,-33.132312,-70.963783,5.3,237.8,28.24,22.95,,1.3
"2025-05-02 21:57:45",1093,116,88572,-33.132362,-70.963928,2.95,225.4,28.19,22.95,38.75,1.6
"2025-05-02 21:57:46",1096,119,88542,0,,6.55,244.8,28.13,22.95,,1.7
"2025-05-02 21:57:47",1099,122,88512,0,,4.85,246.1,28.15,22.95,,1.8
"2025-05-02 21:57:48",1102,125,88482,-33.13241,-70.964063,2.65,260.8,28.13,22.95,,2
"2025-05-02 21:57:49",1107,130,88432,0,,4.75,256.1,28.12,22.95,,2.2
"2025-05-02 21:57:50",1111,134,88392,0,,4.15,239.8,28.12,23,,2.4
"2025-05-02 21:57:51",1115,138,88352,-33.132443,-70.964188,4.5,264.8,28.13,23,,2.6
"2025-05-02 21:57:52",1121,144,88298,0,,4.65,229,28.12,23,,2.9
"2025-05-02 21:57:53",1127,150,88231,0,,3.65,273,28.12,23.05,,3.4
"2025-05-02 21:57:54",1134,157,88164,-33.132472,-70.964307,4.1,270.4,28.01,23.05,,3.8
"2025-05-02 21:57:55",1138,161,88126,0,,3.35,216.9,27.94,23.1,,3.8
"2025-05-02 21:57:56",1142,165,88090,0,,4.55,271.1,27.91,23.1,,3.8
"2025-05-02 21:57:57",1145,168,88054,-33.132502,-70.964403,1.65,241.6,27.83,23.1,,4.3
"2025-05-02 21:57:58",1148,171,88022,0,,5.4,220.9,27.75,23.15,,4.3
"2025-05-02 21:57:59",1152,175,87989,0,,3.25,239.1,27.73,23.2,,4.3
"2025-05-02 21:58:00",1155,178,87956,-33.132567,-70.964492,3,233.5,27.71,23.25,,4.3
"2025-05-02 21:58:01",1159,182,87917,0,,4.4,203.4,27.66,23.35,,4.4
"2025-05-02 21:58:02",1163,186,87878,0,,2.35,207.2,27.59,23.4,,4.4
"2025-05-02 21:58:03",1167,190,87840,-33.132647,-70.964553,5.35,226.5,27.55,23.4,,4.4
"2025-05-02 21:58:04",1173,196,87780,0,,2.2,196.4,27.48,23.5,,4.5
"2025-05-02 21:58:05",1179,202,87720,0,,4.75,235.9,27.42,23.5,,4.5
"2025-05-02 21:58:06",1185,208,87660,-33.13272,-70.964628,3.9,199.1,27.37,23.55,,4.4
"2025-05-02 21:58:07",1192,215,87593,0,,4.1,242.7,27.37,23.55,,4.4
"2025-05-02 21:58:08",1198,221,87527,0,,2.85,247.1,27.37,23.6,,4.7
"2025-05-02 21:58:09",1205,228,87462,-33.132777,-70.964712,5,201.1,27.33,23.6,,4.9
"2025-05-02 21:58:11",1215,238,87359,0,,4.35,215.3,27.2,23.65,,5.2
"2025-05-02 21:58:12",1221,244,87308,-33.132865,-70.9648,5.8,216.6,27.11,23.7,38.5,5.3
"2025-05-02 21:58:14",1233,256,87187,0,,5.85,193.8,26.94,23.85,,5.7
"2025-05-02 21:58:15",1239,262,87128,-33.132968,-70.96487,4.2,207.2,26.87,23.9,,5.8
"2025-05-02 21:58:17",1253,276,86989,0,,6.4,193.2,26.74,24,,6.2
"2025-05-02 21:58:18",1260,283,86920,-33.133067,-70.964915,1.3,141.9,26.68,24.1,,6.2
"2025-05-02 21:58:20",1271,294,86814,0,,1.15,196.7,26.58,24.25,,6
"2025-05-02 21:58:21",1276,299,86762,-33.133082,-70.9649,1.4,147.6,26.54,24.25,,5.9
"2025-05-02 21:58:23",1287,310,86660,0,,0.05,186.2,26.43,24.4,,5.9
"2025-05-02 21:58:24",1292,315,86610,-33.133127,-70.96488,2.3,127.3,26.35,24.45,,5.9
"2025-05-02 21:58:26",1301,324,86522,0,,1.8,85.1,26.19,24.55,,5.6
"2025-05-02 21:58:27",1305,328,86478,-33.133162,-70.964852,2.3,174,26.13,24.65,,5.5
"2025-05-02 21:58:30",1320,343,86336,-33.13318,-70.964815,0.1,131.9,25.91,24.9,,5
"2025-05-02 21:58:31",1325,348,86284,0,,2.45,130.9,25.86,24.95,,5
"2025-05-02 21:58:32",1330,353,86234,0,,0.05,130.9,25.83,25,,4.9
"2025-05-02 21:58:33",1335,358,86184,-33.133197,-70.96479,0.1,130.9,25.76,25.1,,4.9
"2025-05-02 21:58:35",1345,368,86089,0,,0.15,130.9,25.69,25.2,,4.9
"2025-05-02 21:58:36",1350,373,86042,-33.133202,-70.964793,0.1,130.9,25.65,25.25,,4.9
"2025-05-02 21:58:37",1355,378,85991,0,,0.1,130.9,25.63,25.25,,4.9
"2025-05-02 21:58:38",1360,383,85941,0,,0.1,130.9,25.58,25.25,,4.9
"2025-05-02 21:58:39",1365,388,85892,-33.133205,-70.964813,2.45,235.5,25.52,25.25,37.75,5
"2025-05-02 21:58:40",1371,394,85833,0,,,,25.42,25.4,,5.1
"2025-05-02 21:58:41",1377,400,85774,0,,,,25.37,25.45,,5.1
"2025-05-02 21:58:42",1383,406,85716,0,,,,25.36,25.5,,5.2
"2025-05-02 21:58:43",1389,412,85660,0,,1.55,119.2,25.36,25.55,,5.3
"2025-05-02 21:58:44",1395,418,85604,0,,1.35,315.4,25.36,25.6,,5.4
"2025-05-02 21:58:45",1400,423,85548,-33.133187,-70.96482,0.75,315.4,25.32,25.7,,5.4
"2025-05-02 21:58:46",1406,429,85491,0,,2,242.3,25.25,25.75,,5.5
"2025-05-02 21:58:47",1412,435,85435,0,,0.1,242.3,25.19,25.8,,5.5
"2025-05-02 21:58:48",1418,441,85380,-33.133198,-70.96484,0.1,242.3,25.12,25.85,,5.6
"2025-05-02 21:58:49",1424,447,85322,0,,2.85,333.2,25.09,25.9,,5.7
"2025-05-02 21:58:50",1430,453,85266,0,,1.45,208,25.04,25.95,,5.8
"2025-05-02 21:58:51",1435,458,85210,-33.13319,-70.964865,1.15,349.3,25.04,26,,5.8
"2025-05-02 21:58:52",1441,464,85152,0,,1.25,287.9,24.95,26,,5.8
"2025-05-02 21:58:53",1447,470,85096,0,,0.75,287.9,24.89,26.05,,5.8
"2025-05-02 21:58:54",1453,476,85040,-33.133173,-70.964885,2.8,327,24.85,26.1,,5.8
"2025-05-02 21:58:55",1458,481,84986,0,,2,250.4,24.8,26.15,,5.8
"2025-05-02 21:58:56",1464,487,84932,0,,2.75,330.8,24.72,26.2,,5.7
"2025-05-02 21:58:57",1470,493,84878,-33.133158,-70.964937,1.8,228.8,24.68,26.25,,5.7
"2025-05-02 21:58:58",1474,497,84831,0,,2.35,300.5,24.67,26.3,,5.7
"2025-05-02 21:58:59",1479,502,84782,0,,4.5,321.7,24.61,26.3,,5.6
"2025-05-02 21:59:00",1485,508,84734,-33.133123,-70.965005,1.95,263.3,24.52,26.4,,5.6
"2025-05-02 21:59:01",1489,512,84686,0,,2.25,317.6,24.5,26.45,,5.5
"2025-05-02 21:59:02",1494,517,84640,0,,4.3,291.8,24.45,26.45,,5.4
"2025-05-02 21:59:03",1499,522,84594,-33.133092,-70.96508,1.7,315.3,24.4,26.55,,5.3
"2025-05-02 21:59:04",1504,527,84550,0,,5,308,24.32,26.6,,5.3
"2025-05-02 21:59:05",1508,531,84506,0,,2.15,274.2,24.25,26.65,,5.2
"2025-05-02 21:59:06",1513,536,84462,-33.133048,-70.96515,3.8,336.1,24.25,26.75,36.75,5.1
"2025-05-02 21:59:07",1517,540,84418,0,,4.75,276.5,24.16,26.75,,5
"2025-05-02 21:59:08",1522,545,84376,0,,2.55,328.1,24.1,26.8,,4.9
"2025-05-02 21:59:09",1526,549,84334,-33.133003,-70.965247,5.95,299,24.04,26.9,,4.8
"2025-05-02 21:59:10",1530,553,84295,0,,2.2,282.5,23.97,26.95,,4.7
"2025-05-02 21:59:11",1534,557,84255,0,,5.85,296.9,23.92,27,,4.6
"2025-05-02 21:59:12",1538,561,84216,-33.132968,-70.965362,3.3,287.3,23.86,27.1,,4.5
"2025-05-02 21:59:14",1546,569,84142,0,,5.35,291.3,23.74,27.2,,4.4
"2025-05-02 21:59:15",1550,573,84106,-33.132923,-70.965483,3.6,286.7,23.71,27.3,,4.3
"2025-05-02 21:59:16",1555,578,84058,0,,7.35,291.6,23.65,27.4,,4.3
"2025-05-02 21:59:17",1560,583,84012,0,,3.65,287.9,23.59,27.45,,4.3
"2025-05-02 21:59:18",1564,587,83966,-33.13288,-70.965638,5.5,288.9,23.52,27.55,,4.3
"2025-05-02 21:59:19",1570,593,83912,0,,6.7,278.8,23.52,27.6,,4.4
"2025-05-02 21:59:20",1575,598,83860,0,,4.75,289.5,23.52,27.65,,4.5
"2025-05-02 21:59:21",1581,604,83808,-33.132843,-70.965803,4.05,290.2,23.47,27.75,,4.6
"2025-05-02 21:59:22",1584,607,83774,0,,4.1,292.1,23.47,27.8,,4.5
"2025-05-02 21:59:23",1588,611,83742,0,,3.2,294.7,23.46,27.85,,4.4
"2025-05-02 21:59:24",1591,614,83710,-33.132815,-70.965922,4.85,274.4,23.44,27.85,,4.4
"2025-05-02 21:59:25",1595,618,83671,0,,2.7,300.5,23.42,27.85,,4.4
"2025-05-02 21:59:26",1600,623,83628,0,,5,287.6,23.39,27.9,,4.4
"2025-05-02 21:59:27",1604,627,83586,-33.1328,-70.966042,4.2,246.3,23.35,27.95,,4.5
"2025-05-02 21:59:29",1612,635,83513,0,,2.95,286.2,23.31,28,,4.3
"2025-05-02 21:59:30",1615,638,83478,-33.132792,-70.966115,1.9,214.6,23.2,28,,4.2
"2025-05-02 21:59:31",1619,642,83443,0,,2.45,294.4,23.16,28.05,,4.2
"2025-05-02 21:59:32",1623,646,83407,0,,1,193.2,23.13,28.1,,4.1
"2025-05-02 21:59:33",1626,649,83372,-33.132802,-70.966148,0.85,193.2,23.06,28.15,35.75,3.9
"2025-05-02 21:59:34",1631,654,83328,0,,0.85,193.2,23.01,28.15,,3.9
"2025-05-02 21:59:35",1636,659,83284,0,,2.85,259.9,22.98,28.25,,4
"2025-05-02 21:59:36",1640,663,83240,-33.1328,-70.96621,6.4,281.7,22.91,28.3,,4.1
"2025-05-02 21:59:37",1645,668,83196,0,,1.45,262.5,22.87,28.35,,4.1
"2025-05-02 21:59:38",1649,672,83155,0,,2.9,280,22.83,28.4,,4.1
"2025-05-02 21:59:39",1654,677,83114,-33.13279,-70.966312,4.4,283.8,22.79,28.45,,4.1
"2025-05-02 21:59:40",1658,681,83073,0,,2,266.2,22.78,28.55,,4.1
"2025-05-02 21:59:41",1662,685,83030,0,,4.2,274.7,22.72,28.55,,4.2
"2025-05-02 21:59:42",1667,690,82988,-33.132783,-70.9664,1.45,354.1,22.62,28.6,,4.3
"2025-05-02 21:59:43",1670,693,82957,0,,4.5,233.5,22.58,28.65,,4.2
"2025-05-02 21:59:44",1673,696,82928,0,,1.8,11.6,22.58,28.75,,4.2
"2025-05-02 21:59:45",1676,699,82900,-33.132788,-70.966427,2,45,22.56,28.8,,4.1
"2025-05-02 21:59:46",1679,702,82875,0,,2.35,336.6,22.56,28.9,,4
"2025-05-02 21:59:47",1681,704,82850,0,,0.05,336.6,22.57,28.95,,3.8
"2025-05-02 21:59:48",1684,707,82826,-33.132762,-70.966443,3.35,292.1,22.49,29,,3.6
"2025-05-02 21:59:49",1687,710,82791,0,,3.3,261.8,22.44,29.05,,3.6
"2025-05-02 21:59:50",1691,714,82757,0,,1.75,324.1,22.36,29.05,,3.6
"2025-05-02 21:59:51",1695,718,82724,-33.132753,-70.966513,3.5,263.5,22.31,29.1,,3.5
"2025-05-02 21:59:52",1698,721,82688,0,,3.3,221.5,22.26,29.15,,3.4
"2025-05-02 21:59:53",1702,725,82654,0,,1.75,263.8,22.25,29.2,,3.3
"2025-05-02 21:59:54",1706,729,82620,-33.132788,-70.966575,1.65,190.5,22.19,29.25,,3.2
"2025-05-02 21:59:55",1708,731,82593,0,,2.45,218.5,22.16,29.25,,3.2
"2025-05-02 21:59:56",1711,734,82565,0,,1.6,225.2,22.09,29.35,,3.2
"2025-05-02 21:59:57",1714,737,82538,-33.13285,-70.96661,5.65,206.5,22.03,29.35,,3.2
"2025-05-02 21:59:59",1720,743,82479,0,,2.45,220.9,21.9,29.55,,3.2
"2025-05-02 22:00:00",1723,746,82450,-33.132923,-70.966673,3.85,222.8,21.86,29.6,34.75,3.3
"2025-05-02 22:00:01",1726,749,82426,0,,2.1,192.3,21.81,29.65,,3.2
"2025-05-02 22:00:02",1728,751,82403,0,,2.4,222.8,21.77,29.75,,3.2
"2025-05-02 22:00:03",1731,754,82380,-33.132997,-70.966713,4.5,197.5,21.67,29.8,,3.1
"2025-05-02 22:00:04",1733,756,82359,0,,0.1,197.5,21.66,29.85,,3
"2025-05-02 22:00:05",1735,758,82339,0,,3.75,202.7,21.6,29.9,,2.8
"2025-05-02 22:00:06",1737,760,82320,-33.133065,-70.966738,2.05,204.5,21.59,29.9,,2.7
"2025-05-02 22:00:07",1739,762,82302,0,,3.65,236.9,21.56,30.05,,2.6
"2025-05-02 22:00:08",1741,764,82285,0,,3.25,189.6,21.56,30.1,,2.5
"2025-05-02 22:00:09",1743,766,82268,-33.133125,-70.96679,2.9,254.2,21.55,30.15,,2.4
"2025-05-02 22:00:10",1745,768,82243,0,,4.45,191.4,21.52,30.15,,2.4
"2025-05-02 22:00:11",1748,771,82217,0,,2.1,218.3,21.53,30.2,,2.4
"2025-05-02 22:00:12",1751,774,82192,-33.133202,-70.96683,3.9,207.9,21.49,30.25,,2.3
"2025-05-02 22:00:14",1756,779,82141,0,,3.05,217.3,21.43,30.3,,2.3
"2025-05-02 22:00:15",1759,782,82116,-33.133272,-70.966848,3.15,171.6,21.39,30.35,,2.3
"2025-05-02 22:00:16",1762,785,82084,0,,2.65,233.8,21.37,30.4,,2.4
"2025-05-02 22:00:17",1765,788,82053,0,,3.15,191.5,21.34,30.45,,2.5
"2025-05-02 22:00:18",1769,792,82022,-33.133337,-70.966872,1.85,182.1,21.35,30.5,,2.6
"2025-05-02 22:00:19",1772,795,81988,0,,4.35,204,21.3,30.5,,2.8
"2025-05-02 22:00:20",1776,799,81956,0,,1.3,176.5,21.31,30.5,,2.9
"2025-05-02 22:00:21",1779,802,81924,-33.133402,-70.966897,2.65,212.1,21.26,30.55,,3
"2025-05-02 22:00:22",1783,806,81887,0,,3.7,177,21.22,30.55,,3.1
"2025-05-02 22:00:23",1787,810,81851,0,,0,177,21.22,30.55,,3.2
"2025-05-02 22:00:24",1791,814,81816,-33.133457,-70.966897,2.5,158.4,21.15,30.6,,3.3
"2025-05-02 22:00:26",1799,822,81740,0,,1.85,221.2,21.09,30.7,,3.4
"2025-05-02 22:00:27",1803,826,81702,-33.133513,-70.966897,3.8,160.5,21.06,30.75,33.75,3.6
"2025-05-02 22:00:29",1811,834,81619,0,,3.2,174.7,20.99,30.8,,3.8
"2025-05-02 22:00:30",1816,839,81578,-33.133565,-70.966892,1.65,142.9,21,30.85,,3.9
"2025-05-02 22:00:31",1820,843,81537,0,,2.7,210.2,20.95,30.85,,4
"2025-05-02 22:00:32",1824,847,81497,0,,3.05,154.5,20.94,30.95,,4
"2025-05-02 22:00:33",1829,852,81458,-33.133617,-70.966895,1.05,241.8,20.91,30.95,,4.1
"2025-05-02 22:00:34",1834,857,81411,0,,3.75,172.5,20.85,31,,4.2
"2025-05-02 22:00:35",1839,862,81364,0,,0.05,172.5,20.85,31.05,,4.3
"2025-05-02 22:00:36",1844,867,81318,-33.133662,-70.966905,3.45,210.9,20.8,31.05,,4.4
"2025-05-02 22:00:37",1849,872,81267,0,,0.05,210.9,20.77,31.15,,4.5
"2025-05-02 22:00:38",1854,877,81217,0,,1.8,239.7,20.73,31.2,,4.6
"2025-05-02 22:00:39",1860,883,81168,-33.133697,-70.966922,2.75,156.7,20.68,31.2,,4.7
"2025-05-02 22:00:41",1870,893,81068,0,,3.05,186.5,20.6,31.3,,4.9
"2025-05-02 22:00:42",1875,898,81020,-33.133727,-70.966932,0.1,186.5,20.61,31.4,,4.9
"2025-05-02 22:00:44",1886,909,80919,0,,1.3,207.9,20.53,31.45,,5.1
"2025-05-02 22:00:45",1892,915,80868,-33.133742,-70.966965,2.05,302.8,20.52,31.5,,5.2
"2025-05-02 22:00:47",1902,925,80768,0,,1.1,0.9,20.46,31.55,,5.3
"2025-05-02 22:00:48",1908,931,80718,-33.133748,-70.967003,1.55,230.2,20.39,31.6,,5.3
"2025-05-02 22:00:50",1920,943,80608,0,,2.15,296.9,20.26,31.7,,5.4
"2025-05-02 22:00:51",1925,948,80554,-33.133765,-70.967048,3.35,215.5,20.2,31.75,,5.5
"2025-05-02 22:00:53",1938,961,80439,0,,3.05,270.7,20.12,31.9,,5.6
"2025-05-02 22:00:54",1944,967,80382,-33.133768,-70.967117,0.1,270.7,20.09,31.95,32.5,5.7
"2025-05-02 22:00:56",1955,978,80280,0,,0.05,287,19.91,32.05,,5.7
"2025-05-02 22:00:57",1960,983,80230,-33.133753,-70.967187,2.95,287,19.83,32.15,,5.7
"2025-05-02 22:00:59",1972,995,80125,0,,2.05,320.9,19.83,32.3,,5.7
"2025-05-02 22:01:00",1977,1000,80072,-33.133745,-70.96726,3.45,247.4,19.81,32.35,,5.8
"2025-05-02 22:01:01",1984,1007,80012,0,,0.05,247.4,19.81,32.45,,5.8
"2025-05-02 22:01:02",1990,1013,79953,0,,4.25,262.7,19.75,32.5,,5.9
"2025-05-02 22:01:03",1997,1020,79894,-33.133757,-70.967328,1.8,236.7,19.63,32.6,,5.9
"2025-05-02 22:01:04",2003,1026,79831,0,,1.95,286.3,19.62,32.65,,6
"2025-05-02 22:01:05",2010,1033,79770,0,,2.75,259,19.52,32.7,,6
"2025-05-02 22:01:06",2016,1039,79710,-33.133752,-70.967395,2.05,341,19.39,32.75,,6
"2025-05-02 22:01:07",2022,1045,79654,0,,3.2,256.4,19.31,32.9,,6
"2025-05-02 22:01:08",2028,1051,79599,0,,1.5,240,19.25,33,,6
"2025-05-02 22:01:09",2034,1057,79544,-33.133758,-70.967462,3.25,262.7,19.21,33.05,,6.1
"2025-05-02 22:01:10",2041,1064,79482,0,,2.7,264,19.13,33.15,,6.2
"2025-05-02 22:01:11",2048,1071,79421,0,,1.65,317.2,19.1,33.2,,6.3
"2025-05-02 22:01:12",2054,1077,79360,-33.133753,-70.967535,2.7,251.9,19.09,33.3,,6.4
"2025-05-02 22:01:13",2061,1084,79299,0,,3.35,296.9,19.03,33.4,,6.4
"2025-05-02 22:01:14",2067,1090,79242,0,,1.95,232.9,18.95,33.45,,6.4
"2025-05-02 22:01:15",2073,1096,79186,-33.133752,-70.96762,3.45,283.5,18.89,33.5,,6.3
"2025-05-02 22:01:16",2079,1102,79132,0,,3.3,306.5,18.87,33.55,,6.3
"2025-05-02 22:01:17",2085,1108,79074,0,,2.05,264.2,18.8,33.65,,6.3
"2025-05-02 22:01:18",2092,1115,79016,-33.133722,-70.967702,4.15,315.4,18.73,33.7,,6.3
"2025-05-02 22:01:19",2097,1120,78966,0,,2.35,268.9,18.64,33.8,,6.2
"2025-05-02 22:01:20",2102,1125,78918,0,,3.8,274.6,18.58,33.85,,6.2
"2025-05-02 22:01:21",2108,1131,78870,-33.133697,-70.967798,3.05,303.5,18.54,33.95,32,6.1
"2025-05-02 22:01:22",2113,1136,78819,0,,3.3,297.6,18.47,34,,6
"2025-05-02 22:01:23",2119,1142,78769,0,,3.45,270.3,18.42,34.1,,5.9
"2025-05-02 22:01:24",2124,1147,78720,-33.13367,-70.967888,1.7,294.9,18.3,34.2,,5.8
"2025-05-02 22:01:25",2129,1152,78674,0,,4.5,269.5,18.24,34.3,,5.7
"2025-05-02 22:01:26",2134,1157,78630,0,,2.25,280.6,18.21,34.25,,5.6
"2025-05-02 22:01:27",2139,1162,78586,-33.133663,-70.967983,2.5,284.8,18.15,34.4,,5.5
"2025-05-02 22:01:29",2148,1171,78500,0,,1.95,332.8,18,34.6,,5.3
"2025-05-02 22:01:30",2153,1176,78456,-33.13365,-70.968062,3.65,263.7,17.96,34.7,,5.2
"2025-05-02 22:01:31",2158,1181,78413,0,,1.3,295.6,17.95,34.8,,5.1
"2025-05-02 22:01:32",2162,1185,78372,0,,2.6,288.6,17.88,34.9,,5
"2025-05-02 22:01:33",2167,1190,78332,-33.133647,-70.968135,2.65,247.9,17.87,35,,4.9
"2025-05-02 22:01:34",2171,1194,78287,0,,2.9,323.7,17.85,35,,4.9
"2025-05-02 22:01:35",2176,1199,78242,0,,2.7,250.2,17.79,35.1,,4.9
"2025-05-02 22:01:36",2181,1204,78198,-33.133635,-70.968207,1.9,280.4,17.74,35.15,,4.8
"2025-05-02 22:01:37",2185,1208,78160,0,,2.3,285.5,17.69,35.2,,4.7
"2025-05-02 22:01:38",2189,1212,78124,0,,0.1,285.5,17.62,35.25,,4.6
"2025-05-02 22:01:39",2193,1216,78088,-33.133613,-70.968272,4.55,298.6,17.58,35.35,,4.6
"2025-05-02 22:01:40",2198,1221,78045,0,,0,298.6,17.53,35.4,,4.6
"2025-05-02 22:01:41",2203,1226,78001,0,,2.55,273.6,17.46,35.5,,4.5
"2025-05-02 22:01:42",2208,1231,77958,-33.133598,-70.968338,2.45,280.8,17.41,35.55,,4.5
"2025-05-02 22:01:45",2221,1244,77836,-33.133587,-70.968403,0.05,281.8,17.22,35.75,,4.5
"2025-05-02 22:01:46",2225,1248,77795,0,,3.1,282.8,17.17,35.8,,4.5
"2025-05-02 22:01:47",2230,1253,77756,0,,3.25,305.2,17.12,35.9,,4.4
"2025-05-02 22:01:48",2234,1257,77718,-33.133562,-70.968473,1.25,260.6,17.05,36,31.25,4.4
"2025-05-02 22:01:49",2238,1261,77684,0,,4.1,272.1,17.02,36.15,,4.4
"2025-05-02 22:01:50",2242,1265,77649,0,,1.55,332,17.01,36.2,,4.3
"2025-05-02 22:01:51",2245,1268,77614,-33.133552,-70.96855,3.35,258.1,16.96,36.3,,4.3
"2025-05-02 22:01:52",2249,1272,77578,0,,2.85,314.8,16.87,36.35,,4.3
"2025-05-02 22:01:53",2253,1276,77542,0,,1.75,264.4,16.8,36.4,,4.3
"2025-05-02 22:01:54",2257,1280,77506,-33.13353,-70.968628,3.9,294.3,16.74,36.5,,4.2
"2025-05-02 22:01:58",2272,1295,77369,0,,3.85,235.1,16.52,36.85,,3.9
"2025-05-02 22:01:59",2276,1299,77335,0,,3.6,301.6,16.5,36.95,,3.9
"2025-05-02 22:02:00",2280,1303,77302,-33.13351,-70.968767,1.1,13,16.47,37.05,,3.8
"2025-05-02 22:02:01",2283,1306,77274,0,,3.85,273.6,16.46,37.1,,3.8
"2025-05-02 22:02:02",2286,1309,77246,0,,2.4,344.7,16.38,37.2,,3.7
"2025-05-02 22:02:03",2289,1312,77218,-33.133477,-70.968823,1.85,311.1,16.42,37.25,,3.6
"2025-05-02 22:02:05",2298,1321,77137,0,,2.75,270.3,16.37,37.4,,3.7
"2025-05-02 22:02:06",2302,1325,77098,-33.133448,-70.968892,3,338.8,16.33,37.45,,3.7
"2025-05-02 22:02:08",2308,1331,77047,0,,5.3,290.7,16.23,37.55,,3.6
"2025-05-02 22:02:09",2311,1334,77022,-33.133395,-70.968973,2.45,335.8,16.17,37.6,,3.6
"2025-05-02 22:02:12",2320,1343,76938,-33.133358,-70.969043,2.85,264.7,16.09,37.8,,3.4
"2025-05-02 22:02:13",2323,1346,76914,0,,5.1,309.6,16.05,37.9,,3.3
"2025-05-02 22:02:14",2325,1348,76890,0,,1.65,305.1,15.99,37.95,,3.3
"2025-05-02 22:02:15",2328,1351,76866,-33.133312,-70.969138,4.6,292.2,15.99,38,30.75,3.2
"2025-05-02 22:02:16",2332,1355,76827,0,,2.3,338.3,15.98,38.05,,3.3
"2025-05-02 22:02:17",2337,1360,76789,0,,3.3,269,15.96,38.1,,3.2
"2025-05-02 22:02:18",2341,1364,76752,-33.133268,-70.969217,4.35,322.5,15.91,38.15,,3.2
"2025-05-02 22:02:19",2344,1367,76722,0,,2.25,248.5,15.85,38.2,,3.2
"2025-05-02 22:02:20",2347,1370,76694,0,,4.7,302.3,15.84,38.2,,3.3
"2025-05-02 22:02:21",2350,1373,76666,-33.13323,-70.969307,1.95,293.9,15.84,38.25,,3.3
"2025-05-02 22:02:22",2353,1376,76642,0,,4.15,284.1,15.87,38.3,,3.2
"2025-05-02 22:02:23",2356,1379,76617,0,,3.05,321.9,15.83,38.3,,3.2
"2025-05-02 22:02:24",2359,1382,76592,-33.133188,-70.969402,3.7,283.7,15.79,38.35,,3.2
"2025-05-02 22:02:25",2363,1386,76555,0,,3.45,340.8,15.72,38.4,,3.3
"2025-05-02 22:02:26",2367,1390,76520,0,,2.55,301.5,15.67,38.45,,3.4
"2025-05-02 22:02:27",2370,1393,76486,-33.133132,-70.969477,3.05,301.3,15.63,38.5,,3.5
"2025-05-02 22:02:29",2378,1401,76421,0,,2.3,270.8,15.63,38.6,,3.5
"2025-05-02 22:02:30",2381,1404,76388,-33.133087,-70.969542,4.2,328.1,15.59,38.65,,3.4
"2025-05-02 22:02:31",2384,1407,76361,0,,1.8,295.3,15.51,38.65,,3.4
"2025-05-02 22:02:32",2387,1410,76334,0,,4.25,305.2,15.52,38.75,,3.3
"2025-05-02 22:02:33",2390,1413,76308,-33.133033,-70.969612,1.7,332.6,15.54,38.8,,3.3
"2025-05-02 22:02:34",2393,1416,76287,0,,4.2,291.6,15.52,38.8,,3.3
"2025-05-02 22:02:35",2395,1418,76266,0,,2.45,350.1,15.46,38.85,,3.2
"2025-05-02 22:02:36",2397,1420,76246,-33.132988,-70.969672,2.45,284.2,15.41,38.85,,3.2
"2025-05-02 22:02:37",2401,1424,76214,0,,2.85,331,15.43,38.95,,3.2
"2025-05-02 22:02:38",2404,1427,76182,0,,0.1,331,15.4,39,,3.2
"2025-05-02 22:02:39",2408,1431,76150,-33.13295,-70.969725,3.95,312.8,15.35,39.05,,3.2
"2025-05-02 22:02:44",2422,1445,76024,0,,3.95,337.2,15.17,39.3,,2.9
"2025-05-02 22:02:45",2425,1448,76000,-33.132858,-70.96982,0.1,337.2,15.11,39.35,,2.9
"2025-05-02 22:02:46",2427,1450,75984,0,,4.35,315.4,15.08,39.35,,2.8
"2025-05-02 22:02:47",2428,1451,75968,0,,1.1,19.1,15.08,39.45,,2.8
"2025-05-02 22:02:48",2430,1453,75952,-33.132813,-70.969873,4.15,287.8,15.05,39.5,,2.7
"2025-05-02 22:02:49",2434,1457,75917,0,,2.35,340.6,15.04,39.6,,2.8
"2025-05-02 22:02:50",2438,1461,75884,0,,2.5,289.9,15,39.65,,2.8
"2025-05-02 22:02:51",2441,1464,75852,-33.132765,-70.969935,3.15,326.7,14.94,39.7,,2.8
"2025-05-02 22:02:52",2444,1467,75825,0,,2.05,277.9,14.94,39.75,,2.8
"2025-05-02 22:02:53",2447,1470,75797,0,,3.35,309.3,14.94,39.85,,2.8
"2025-05-02 22:02:54",2450,1473,75770,-33.13272,-70.970002,1.6,344.5,14.94,39.9,,2.8
"2025-05-02 22:02:55",2453,1476,75743,0,,4,278.3,14.9,39.9,,2.8
"2025-05-02 22:02:56",2456,1479,75716,0,,2.8,345.4,14.85,39.9,,2.9
"2025-05-02 22:02:57",2459,1482,75690,-33.132677,-70.970065,2.15,311.5,14.84,39.95,,2.9
"2025-05-02 22:02:58",2461,1484,75673,0,,3.75,314.1,14.83,40,,2.9
"2025-05-02 22:02:59",2463,1486,75656,0,,1.5,355.4,14.76,40.05,,2.9
"2025-05-02 22:03:00",2465,1488,75640,-33.132627,-70.970127,3.95,300.5,14.74,40.1,,2.9
"2025-05-02 22:03:01",2468,1491,75612,0,,2.05,345.5,14.71,40.15,,2.9
"2025-05-02 22:03:02",2471,1494,75583,0,,2.1,284.3,14.7,40.2,,2.9
"2025-05-02 22:03:03",2475,1498,75554,-33.132583,-70.970192,3.85,309.8,14.72,40.2,,2.9
"2025-05-02 22:03:04",2478,1501,75526,0,,,,14.71,40.25,,2.8
"2025-05-02 22:03:05",2481,1504,75499,0,,,,14.66,40.3,,2.8
"2025-05-02 22:03:06",2484,1507,75472,0,,,,14.62,40.35,,2.8
"2025-05-02 22:03:07",2487,1510,75444,0,,3.4,299,14.6,40.4,,2.8
"2025-05-02 22:03:08",2490,1513,75418,0,,3.95,294.4,14.56,40.4,,2.8
"2025-05-02 22:03:09",2493,1516,75392,-33.132477,-70.970337,2.05,325.6,14.59,40.45,29.5,2.8
"2025-05-02 22:03:11",2497,1520,75357,0,,2.1,286.3,14.54,40.5,,2.7
"2025-05-02 22:03:12",2499,1522,75340,-33.132413,-70.970432,5.3,316.2,14.54,40.55,,2.7
"2025-05-02 22:03:14",2504,1527,75292,0,,3.55,319.3,14.59,40.6,,2.7
"2025-05-02 22:03:15",2507,1530,75268,-33.132352,-70.970533,4.9,288.5,14.55,40.6,,2.7
"2025-05-02 22:03:17",2513,1536,75213,0,,3.85,300,14.58,40.6,,2.7
"2025-05-02 22:03:18",2516,1539,75186,-33.132312,-70.970617,2.45,276.7,14.51,40.6,,2.7
"2025-05-02 22:03:20",2523,1546,75129,0,,3.7,277.2,14.45,40.6,,2.7
"2025-05-02 22:03:21",2526,1549,75100,-33.132272,-70.970693,2.1,336,14.44,40.65,,2.8
"2025-05-02 22:03:23",2530,1553,75059,0,,2.5,284.2,14.35,40.7,,2.8
"2025-05-02 22:03:24",2533,1556,75040,-33.132227,-70.970767,3.2,336.2,14.39,40.75,,2.8
"2025-05-02 22:03:26",2539,1562,74988,0,,2.5,330.3,14.39,40.8,,2.9
"2025-05-02 22:03:27",2541,1564,74962,-33.132187,-70.970847,3.35,293.5,14.34,40.8,,2.9
"2025-05-02 22:03:30",2551,1574,74880,-33.132137,-70.970915,1.65,254.6,14.24,40.85,,2.9
"2025-05-02 22:03:31",2553,1576,74856,0,,3,321.2,14.24,40.9,,2.9
"2025-05-02 22:03:32",2556,1579,74833,0,,2.8,290.5,14.22,40.9,,2.8
"2025-05-02 22:03:33",2559,1582,74810,-33.1321,-70.970973,1.55,345.4,14.22,40.95,,2.7
"2025-05-02 22:03:34",2560,1583,74797,0,,4.95,310.1,14.22,40.95,,2.6
"2025-05-02 22:03:35",2561,1584,74785,0,,2.55,267.4,14.22,40.95,,2.5
"2025-05-02 22:03:36",2563,1586,74774,-33.13205,-70.971055,4,326.2,14.22,41,28.5,2.5
"2025-05-02 22:03:37",2566,1589,74745,0,,2.55,279.1,14.22,41.05,,2.6
"2025-05-02 22:03:38",2569,1592,74717,0,,2.9,313.4,14.22,41.05,,2.5
"2025-05-02 22:03:39",2572,1595,74690,-33.132002,-70.971137,4.25,302.3,14.22,41.1,,2.6
"2025-05-02 22:03:40",2575,1598,74667,0,,0.05,302.3,14.22,41.15,,2.6
"2025-05-02 22:03:41",2577,1600,74644,0,,4.75,323.3,14.22,41.15,,2.6
"2025-05-02 22:03:42",2580,1603,74622,-33.131947,-70.97121,1.7,298,14.22,41.2,,2.6
"2025-05-02 22:03:46",2592,1615,74516,0,,4.25,321.5,14.12,41.25,,2.6
"2025-05-02 22:03:47",2595,1618,74490,0,,0.05,321.5,14.04,41.25,,2.7
"2025-05-02 22:03:48",2598,1621,74464,-33.131867,-70.97132,3.75,301.6,13.98,41.3,,2.8
"2025-05-02 22:03:49",2600,1623,74446,0,,2.85,314.9,13.89,41.35,,2.8
"2025-05-02 22:03:50",2602,1625,74430,0,,1.8,324.6,13.9,41.45,,2.7
"2025-05-02 22:03:51",2604,1627,74414,-33.131817,-70.971402,4.95,295,13.85,41.45,,2.6
"2025-05-02 22:03:52",2607,1630,74387,0,,1.05,313.7,13.86,41.55,,2.6
"2025-05-02 22:03:53",2610,1633,74360,0,,4.75,305.4,13.89,41.6,,2.7
"2025-05-02 22:03:54",2613,1636,74334,-33.131775,-70.971485,1.85,282.3,13.88,41.65,,2.7
"2025-05-02 22:03:55",2614,1637,74322,0,,3.6,339.2,13.91,41.65,,2.6
"2025-05-02 22:03:56",2615,1638,74310,0,,3.25,275.4,13.87,41.65,,2.5
"2025-05-02 22:03:57",2617,1640,74298,-33.131725,-70.971553,3.5,331.1,13.88,41.7,,2.5
"2025-05-02 22:03:59",2622,1645,74251,0,,1.95,318,13.86,41.75,,2.3
"2025-05-02 22:04:00",2625,1648,74228,-33.131677,-70.971645,5.05,301.4,13.81,41.75,,2.2
"2025-05-02 22:04:01",2627,1650,74205,0,,1.75,308,13.81,41.75,,2.3
"2025-05-02 22:04:02",2630,1653,74182,0,,4.9,300.1,13.76,41.8,,2.3
"2025-05-02 22:04:03",2633,1656,74160,-33.131633,-70.971745,2.6,260.5,13.72,41.8,27.75,2.4
"2025-05-02 22:04:04",2635,1658,74139,0,,3.3,318.9,13.75,41.9,,2.4
"2025-05-02 22:04:05",2637,1660,74118,0,,3.95,279.5,13.69,41.85,,2.4
"2025-05-02 22:04:06",2640,1663,74098,-33.1316,-70.97183,1.4,301.7,13.72,41.95,,2.3
"2025-05-02 22:04:07",2640,1663,74091,0,,4.85,285.7,13.67,41.95,,2.1
"2025-05-02 22:04:08",2641,1664,74085,0,,1.35,258.8,13.62,41.95,,2.1
"2025-05-02 22:04:09",2642,1665,74080,-33.13158,-70.971913,2.4,302.9,13.69,42,,2
"2025-05-02 22:04:10",2644,1667,74060,0,,2.45,290.6,13.6,42,,2.1
"2025-05-02 22:04:11",2646,1669,74041,0,,0,290.6,13.62,42.05,,2
"2025-05-02 22:04:12",2648,1671,74022,-33.131563,-70.971977,4.6,279.5,13.56,42.05,,2
"2025-05-02 22:04:14",2651,1674,73998,0,,1.7,308.9,13.53,42.1,,1.8
"2025-05-02 22:04:15",2653,1676,73986,-33.131552,-70.97205,3.8,275.5,13.47,42.1,,1.7
"2025-05-02 22:04:16",2654,1677,73975,0,,0.1,275.5,13.53,42.15,,1.6
"2025-05-02 22:04:17",2655,1678,73964,0,,3.75,279,13.48,42.15,,1.5
"2025-05-02 22:04:18",2656,1679,73954,-33.131537,-70.972123,1.5,287.2,13.52,42.2,,1.5
"2025-05-02 22:04:19",2657,1680,73948,0,,2.85,301.1,13.48,42.2,,1.3
"2025-05-02 22:04:20",2657,1680,73943,0,,1.8,271,13.51,42.25,,1.3
"2025-05-02 22:04:21",2658,1681,73938,-33.131513,-70.972187,2.55,317.6,13.51,42.2,,1.3
"2025-05-02 22:04:22",2659,1682,73931,0,,2.5,270.4,13.46,42.1,,1.3
"2025-05-02 22:04:23",2660,1683,73924,0,,3.1,311.1,13.53,42.1,,1.2
"2025-05-02 22:04:24",2660,1683,73918,-33.131483,-70.972252,1,294.2,13.46,41.95,,1.1
"2025-05-02 22:04:25",2661,1684,73912,0,,1.6,269.8,13.43,41.85,,1
"2025-05-02 22:04:26",2662,1685,73907,0,,0.05,269.8,13.55,41.75,,0.9
"2025-05-02 22:04:27",2662,1685,73902,-33.131493,-70.97229,2,214.4,13.52,41.65,,0.8
"2025-05-02 22:04:29",2662,1685,73899,0,,2.25,242.7,13.48,41.55,,0.6
"2025-05-02 22:04:30",2663,1686,73898,-33.1315,-70.972343,2.8,239.7,13.48,41.6,27.5,0.5
"2025-05-02 22:04:31",2665,1688,73877,0,,1.4,293.7,13.43,41.6,,0.7
"2025-05-02 22:04:32",2667,1690,73855,0,,0.05,293.7,13.45,41.7,,0.8
"2025-05-02 22:04:33",2670,1693,73834,-33.131495,-70.972398,2.6,255.9,13.43,41.75,,1
"2025-05-02 22:04:34",2670,1693,73830,0,,1.3,310.9,13.4,41.8,,1
"2025-05-02 22:04:35",2671,1694,73827,0,,3.05,257.8,13.39,41.8,,0.9
"2025-05-02 22:04:36",2671,1694,73824,-33.13149,-70.972467,1.6,304.3,13.5,41.65,,0.9
"2025-05-02 22:04:37",2673,1696,73804,0,,1.1,314.8,13.56,41.5,,1
"2025-05-02 22:04:38",2675,1698,73786,0,,2.8,255.8,13.53,41.3,,1.1
"2025-05-02 22:04:39",2677,1700,73768,-33.131473,-70.97251,1.7,4.4,13.44,41.2,,1.3
"2025-05-02 22:04:40",2679,1702,73757,0,,1.75,249.1,13.36,41.15,,1.3
"2025-05-02 22:04:41",2680,1703,73746,0,,1.75,302.3,13.34,41.15,,1.3
"2025-05-02 22:04:42",2681,1704,73736,-33.13146,-70.972543,0,302.3,13.34,41.2,,1.4
"2025-05-02 22:04:43",2681,1704,73734,0,,2.55,261.2,13.3,41.15,,1.4
"2025-05-02 22:04:44",2682,1705,73732,0,,1.05,266.8,13.27,41.1,,1.2
"2025-05-02 22:04:45",2682,1705,73730,-33.131462,-70.9726,1.35,271.2,13.24,41,,1
"2025-05-02 22:04:46",2685,1708,73706,0,,1.2,221.6,13.3,41,,1.1
"2025-05-02 22:04:47",2687,1710,73682,0,,1.4,313.5,13.3,41,,1.3
"2025-05-02 22:04:48",2690,1713,73658,-33.131462,-70.972637,1.7,235.4,13.27,40.8,,1.5
"2025-05-02 22:04:49",2694,1717,73624,0,,0.05,235.4,13.38,40.75,,1.8
"2025-05-02 22:04:50",2698,1721,73591,0,,3,283.9,13.38,40.6,,1.9
"2025-05-02 22:04:51",2702,1725,73558,-33.131457,-70.972673,0.05,283.9,13.39,40.3,,2
"2025-05-02 22:04:52",2705,1728,73529,0,,0.15,283.9,13.38,39.9,,2.1
"2025-05-02 22:04:53",2708,1731,73499,0,,2.95,264.9,13.36,39.55,,2.3
"2025-05-02 22:04:54",2712,1735,73470,-33.131475,-70.97272,2.2,189.6,13.41,38.75,,2.5
"2025-05-02 22:04:55",2715,1738,73440,0,,2.5,250.6,13.53,36.9,,2.8
"2025-05-02 22:04:56",2718,1741,73411,0,,1.65,9.1,13.55,35.1,,3.1
"2025-05-02 22:04:57",2722,1745,73382,-33.131477,-70.972745,1.5,185.9,13.61,33.85,27.75,3.3
"2025-05-02 22:04:58",2724,1747,73362,0,,0.05,185.9,13.68,32.85,,3.3
"2025-05-02 22:04:59",2726,1749,73344,0,,3.15,128.3,13.74,31.7,,3.2
"2025-05-02 22:05:00",2728,1751,73326,-33.13151,-70.972708,2.1,152.2,13.87,29.9,,3.2
"2025-05-02 22:05:01",2730,1753,73306,0,,2.65,114.6,13.98,27.95,,3.1
"2025-05-02 22:05:02",2733,1756,73286,0,,3.25,140.3,14.14,26.1,,3
"2025-05-02 22:05:03",2735,1758,73266,-33.131555,-70.972647,1.7,124.9,14.22,24.6,,2.9
"2025-05-02 22:05:07",2743,1766,73196,0,,5.8,155.8,14.63,18.05,,2.3
"2025-05-02 22:05:08",2745,1768,73179,0,,2.55,145.6,14.87,16.75,,2.2
"2025-05-02 22:05:09",2747,1770,73162,-33.131713,-70.972505,5.4,146.9,15.04,15.2,,2.1
"2025-05-02 22:05:10",2747,1770,73160,0,,3,160.2,15.17,13.8,,2
"2025-05-02 22:05:11",2748,1771,73158,0,,3.6,123.6,15.22,12.55,,1.8
"2025-05-02 22:05:12",2748,1771,73156,-33.131797,-70.972442,4.7,168.9,15.35,11.5,,1.7
"2025-05-02 22:05:13",2750,1773,73137,0,,,,15.5,10.6,,1.7
"2025-05-02 22:05:14",2752,1775,73119,0,,,,15.58,9.8,,1.7
"2025-05-02 22:05:15",2754,1777,73102,0,,,,15.63,9.1,,1.7
"2025-05-02 22:05:16",2758,1781,73067,0,,4.55,134.1,15.64,8.55,,1.8
"2025-05-02 22:05:17",2762,1785,73034,0,,3.45,175.3,15.73,8.15,,1.9
"2025-05-02 22:05:18",2766,1789,73002,-33.131965,-70.972335,4.15,125.5,15.78,7.8,,2
"2025-05-02 22:05:19",2768,1791,72986,0,,4.15,167.2,15.82,7.45,,2
"2025-05-02 22:05:20",2769,1792,72971,0,,2.9,145.4,15.85,7.25,,2
"2025-05-02 22:05:21",2771,1794,72956,-33.132053,-70.972273,5.6,146.7,15.84,7,,2
"2025-05-02 22:05:22",2772,1795,72949,0,,2.25,162.4,15.88,6.8,,2
"2025-05-02 22:05:23",2773,1796,72942,0,,4.55,135.3,15.91,6.65,,2.1
"2025-05-02 22:05:24",2774,1797,72936,-33.132135,-70.972215,4,166.1,15.92,6.6,28,2.1
"2025-05-02 22:05:25",2778,1801,72899,0,,3.7,123.7,15.92,6.5,,2.3
"2025-05-02 22:05:26",2782,1805,72863,0,,5.2,162.4,15.88,6.4,,2.5
"2025-05-02 22:05:27",2786,1809,72828,-33.132222,-70.97215,3.35,130.5,15.83,6.3,,2.7
"2025-05-02 22:05:29",2791,1814,72782,0,,2.8,163.3,15.82,6.25,,2.4
"2025-05-02 22:05:30",2794,1817,72760,-33.132308,-70.972082,5.4,138.1,15.8,6.3,,2.3
"2025-05-02 22:05:31",2794,1817,72756,0,,3.2,163.9,15.83,6.25,,2.2
"2025-05-02 22:05:32",2795,1818,72753,0,,4.4,139.3,15.8,6.3,,2.1
"2025-05-02 22:05:33",2795,1818,72750,-33.132407,-70.972015,4.95,157.9,15.8,6.3,,2
"2025-05-02 22:05:34",2799,1822,72716,0,,3.2,125.9,15.8,6.4,,2.3
"2025-05-02 22:05:35",2803,1826,72683,0,,5.55,160,15.77,6.4,,2.5
"2025-05-02 22:05:36",2807,1830,72650,-33.132505,-70.97194,3.9,143,15.78,6.45,,2.8
"2025-05-02 22:05:41",2818,1841,72558,0,,3.45,140.3,15.74,6.5,,2.2
"2025-05-02 22:05:42",2820,1843,72540,-33.1327,-70.971787,6.2,151.7,15.69,6.55,,2.2
"2025-05-02 22:05:44",2821,1844,72526,0,,5.2,146.8,15.73,6.6,,2.1
"2025-05-02 22:05:45",2822,1845,72520,-33.132803,-70.97171,4.5,155.5,15.73,6.6,,2.1
"2025-05-02 22:05:47",2830,1853,72455,0,,5.45,166.3,15.63,6.65,,2.2
"2025-05-02 22:05:48",2833,1856,72424,-33.1329,-70.971633,3.8,130.8,15.63,6.65,,2.2
"2025-05-02 22:05:53",2841,1864,72357,0,,5.2,145.5,15.54,6.65,,2
"2025-05-02 22:05:54",2843,1866,72344,-33.133095,-70.97147,5.2,141,15.55,6.7,,1.9
"2025-05-02 22:05:56",2845,1868,72326,0,,5.5,136.2,15.55,6.8,,2
"2025-05-02 22:05:57",2846,1869,72318,-33.133188,-70.971388,3.65,141.2,15.58,6.8,,2
"2025-05-02 22:05:59",2853,1876,72259,0,,5.9,143.8,15.53,6.8,,1.9
"2025-05-02 22:06:00",2856,1879,72230,-33.133285,-70.971297,3.25,142.3,15.58,6.85,,1.9
"2025-05-02 22:06:01",2858,1881,72213,0,,6.05,143.5,15.55,6.85,,1.9
"2025-05-02 22:06:02",2860,1883,72196,0,,4.1,136.6,15.63,6.75,,1.9
"2025-05-02 22:06:03",2862,1885,72180,-33.13338,-70.971203,4,139.1,15.62,6.65,,1.9
"2025-05-02 22:06:04",2863,1886,72167,0,,5.7,149.6,15.63,6.55,,1.9
"2025-05-02 22:06:05",2865,1888,72155,0,,3.85,122.6,15.67,6.35,,2
"2025-05-02 22:06:06",2866,1889,72144,-33.13348,-70.971107,5.4,154.4,15.63,6.2,,2
"2025-05-02 22:06:07",2867,1890,72138,0,,4.9,129.5,15.73,6.05,,1.9
"2025-05-02 22:06:08",2867,1890,72133,0,,4,137.4,15.68,5.9,,1.8
"2025-05-02 22:06:09",2868,1891,72128,-33.133578,-70.971015,5.35,153.9,15.69,5.8,,1.8
"2025-05-02 22:06:10",2870,1893,72108,0,,3.55,122.8,15.73,5.7,,1.9
"2025-05-02 22:06:11",2873,1896,72088,0,,5.4,148.5,15.69,5.65,,1.9
"2025-05-02 22:06:12",2875,1898,72068,-33.133672,-70.970923,4.3,131,15.76,5.55,,1.7
"2025-05-02 22:06:13",2879,1902,72037,0,,4.4,136,15.76,5.5,,1.7
"2025-05-02 22:06:14",2882,1905,72007,0,,5.65,150.6,15.75,5.45,,1.9
"2025-05-02 22:06:15",2886,1909,71978,-33.133763,-70.970825,3.55,120.8,15.74,5.35,,2
"2025-05-02 22:06:16",2888,1911,71959,0,,5.4,153.2,15.69,5.3,,2
"2025-05-02 22:06:17",2890,1913,71941,0,,4.65,139.7,15.74,5.3,,2.1
"2025-05-02 22:06:18",2892,1915,71924,-33.133858,-70.970735,4.1,133,15.69,5.2,28.5,2.1
"2025-05-02 22:06:19",2894,1917,71908,0,,6.25,160.3,15.63,5.2,,2.3
"2025-05-02 22:06:20",2896,1919,71893,0,,3.5,127.2,15.69,5.15,,2.4
"2025-05-02 22:06:21",2898,1921,71878,-33.133963,-70.970652,5.2,150.4,15.63,5.15,,2.5
"2025-05-02 22:06:22",2898,1921,71870,0,,5.45,155.4,15.67,5.15,,2.3
"2025-05-02 22:06:23",2899,1922,71863,0,,3.6,126.4,15.63,5.15,,2.2
"2025-05-02 22:06:24",2900,1923,71856,-33.134075,-70.970573,6.5,160,15.58,5.1,,2.1
"2025-05-02 22:06:25",2901,1924,71851,0,,4.1,140.6,15.63,5.05,,1.8
"2025-05-02 22:06:26",2901,1924,71846,0,,5.45,150.2,15.63,4.95,,1.6
"2025-05-02 22:06:27",2902,1925,71842,-33.1342,-70.970495,5.9,163.5,15.63,4.85,,1.3
"2025-05-02 22:06:29",2907,1930,71794,0,,6.05,162.2,15.57,4.65,,1.5
"2025-05-02 22:06:30",2910,1933,71770,-33.134313,-70.97042,4.1,146.9,15.6,4.6,,1.6
"2025-05-02 22:06:31",2913,1936,71751,0,,5.7,145.4,15.6,4.55,,1.5
"2025-05-02 22:06:32",2915,1938,71733,0,,5.3,175.3,15.57,4.5,,1.6
"2025-05-02 22:06:33",2917,1940,71716,-33.134432,-70.970348,4.95,131.5,15.51,4.45,,1.6
"2025-05-02 22:06:34",2918,1941,71706,0,,6.1,168.4,15.47,4.35,,1.6
"2025-05-02 22:06:35",2919,1942,71696,0,,3.85,145.4,15.47,4.35,,1.6
"2025-05-02 22:06:36",2920,1943,71686,-33.134555,-70.970275,6.05,148.7,15.47,4.3,,1.6
"2025-05-02 22:06:37",2920,1943,71689,0,,4.05,165.2,15.47,4.25,,1.5
"2025-05-02 22:06:38",2920,1943,71692,0,,7,141.2,15.43,4.25,,1.5
"2025-05-02 22:06:39",2919,1942,71696,-33.134683,-70.970198,4.95,170,15.4,4.3,,1.4
"2025-05-02 22:06:40",2923,1946,71667,0,,5.05,136,15.4,4.2,,1.6
"2025-05-02 22:06:41",2926,1949,71638,0,,6.2,164,15.41,4.2,,1.5
"2025-05-02 22:06:42",2929,1952,71610,-33.134802,-70.970125,3.5,137.4,15.43,4.15,,1.6
"2025-05-02 22:06:44",2933,1956,71577,0,,2.9,173.1,15.37,4.15,,1.6
"2025-05-02 22:06:45",2935,1958,71562,-33.134905,-70.970063,5.05,143.5,15.38,4.15,28.75,1.6
"2025-05-02 22:06:46",2935,1958,71564,0,,4.65,177.5,15.38,4.1,,1.4
"2025-05-02 22:06:47",2934,1957,71567,0,,3.65,130.2,15.36,4.15,,1.3
"2025-05-02 22:06:48",2934,1957,71570,-33.135013,-70.97001,5.75,168,15.32,4.15,,1.2
"2025-05-02 22:06:49",2936,1959,71552,0,,3.55,145.7,15.33,4.15,,1.4
"2025-05-02 22:06:50",2938,1961,71535,0,,5.75,151.7,15.32,4.15,,1.6
"2025-05-02 22:06:51",2940,1963,71518,-33.135122,-70.96995,2.8,166.3,15.29,4.15,,1.8
"2025-05-02 22:06:52",2942,1965,71500,0,,6,143.5,15.23,4.15,,1.6
"2025-05-02 22:06:53",2944,1967,71483,0,,4.15,174.8,15.25,4.15,,1.5
"2025-05-02 22:06:54",2946,1969,71466,-33.13523,-70.969892,4.15,145.8,15.28,4.1,,1.4
"2025-05-02 22:06:55",2947,1970,71460,0,,6,171.9,15.29,4.1,,1.4
"2025-05-02 22:06:56",2948,1971,71455,0,,2.55,144.5,15.23,4.05,,1.2
"2025-05-02 22:06:57",2948,1971,71450,-33.135343,-70.969843,6.05,159.8,15.17,4.05,,1.1
"2025-05-02 22:06:58",2948,1971,71450,0,,3.45,182.6,15.2,4.05,,1.1
"2025-05-02 22:06:59",2948,1971,71450,0,,5.2,152.6,15.25,4.1,,1.2
"2025-05-02 22:07:00",2948,1971,71450,-33.135463,-70.969808,4.85,176.7,15.28,4.15,,1.2
"2025-05-02 22:07:01",2951,1974,71424,0,,3.6,146.4,15.3,4.2,,1.3
"2025-05-02 22:07:02",2954,1977,71398,0,,6.25,170.7,15.26,4.2,,1.4
"2025-05-02 22:07:03",2958,1981,71372,-33.135582,-70.969768,2.85,159.1,15.24,4.25,,1.5
"2025-05-02 22:07:04",2959,1982,71357,0,,5.35,160.7,15.21,4.25,,1.5
"2025-05-02 22:07:05",2961,1984,71343,0,,4.7,179.7,15.2,4.3,,1.4
"2025-05-02 22:07:06",2963,1986,71330,-33.135697,-70.969728,4.35,140.3,15.21,4.35,,1.4
"2025-05-02 22:07:07",2963,1986,71322,0,,5.15,184.2,15.18,4.4,,1.3
"2025-05-02 22:07:08",2964,1987,71315,0,,4.1,148.7,15.17,4.45,,1.3
"2025-05-02 22:07:09",2965,1988,71308,-33.135812,-70.969685,4.85,162.7,15.14,4.45,,1.4
"2025-05-02 22:07:10",2965,1988,71307,0,,3.5,181.7,15.13,4.45,,1.4
"2025-05-02 22:07:11",2965,1988,71306,0,,5.35,157.5,15.14,4.55,,1.4
"2025-05-02 22:07:12",2965,1988,71306,-33.135923,-70.969652,3.15,163.7,15.21,4.55,28.75,1.4
"2025-05-02 22:07:13",2968,1991,71283,0,,4.65,162.7,15.22,4.65,,1.4
"2025-05-02 22:07:14",2971,1994,71259,0,,4.85,167.4,15.29,4.65,,1.4
"2025-05-02 22:07:15",2974,1997,71236,-33.136028,-70.969615,2.6,162.1,15.28,4.7,,1.3
"2025-05-02 22:07:16",2975,1998,71226,0,,5.65,169.3,15.26,4.7,,1.3
"2025-05-02 22:07:17",2976,1999,71217,0,,3.15,165.6,15.35,4.7,,1.3
"2025-05-02 22:07:18",2977,2000,71208,-33.136135,-70.969583,4.35,159.2,15.35,4.7,,1.2
"2025-05-02 22:07:19",2978,2001,71199,0,,5.3,174.6,15.35,4.8,,1.2
"2025-05-02 22:07:20",2979,2002,71191,0,,2.45,157.9,15.34,4.8,,1.2
"2025-05-02 22:07:21",2980,2003,71184,-33.136248,-70.96955,5.85,167.1,15.31,4.85,,1.2
"2025-05-02 22:07:22",2980,2003,71180,0,,3.7,172,15.37,4.9,,1.2
"2025-05-02 22:07:23",2981,2004,71176,0,,3.85,164,15.36,4.9,,1.2
"2025-05-02 22:07:24",2981,2004,71172,-33.136365,-70.969523,5.55,174.8,15.32,4.85,,1.2
"2025-05-02 22:07:25",2983,2006,71161,0,,3.3,143.6,15.33,4.8,,1.2
"2025-05-02 22:07:26",2984,2007,71151,0,,5.15,176,15.26,4.7,,1.1
"2025-05-02 22:07:27",2985,2008,71142,-33.136475,-70.96949,4,163.5,15.25,4.65,,0.9
"2025-05-02 22:07:29",2990,2013,71099,0,,5.45,182.3,15.17,4.45,,1.2
"2025-05-02 22:07:30",2993,2016,71078,-33.136578,-70.969453,3.5,144,15.23,4.4,,1.3
"2025-05-02 22:07:31",2994,2017,71067,0,,4.45,170.8,15.21,4.35,,1.3
"2025-05-02 22:07:32",2995,2018,71056,0,,4.25,169.4,15.2,4.3,,1.3
"2025-05-02 22:07:33",2996,2019,71046,-33.136682,-70.969415,3.9,142.8,15.17,4.25,,1.3
"2025-05-02 22:07:34",2997,2020,71038,0,,5.55,183,15.14,4.2,,1.3
"2025-05-02 22:07:35",2998,2021,71030,0,,4.4,146.1,15.13,4.25,,1.4
"2025-05-02 22:07:36",2999,2022,71022,-33.136802,-70.96937,4.6,159.2,15.09,4.25,,1.4
"2025-05-02 22:07:37",2999,2022,71022,0,,4.5,176.2,15.04,4.25,,1.4
"2025-05-02 22:07:38",2999,2022,71022,0,,5.05,136.5,15.03,4.25,,1.3
"2025-05-02 22:07:39",2999,2022,71022,-33.136913,-70.969323,4.45,181.1,15.01,4.2,28.75,1.2
"2025-05-02 22:07:40",3001,2024,71003,0,,4.5,147.7,15.01,4.2,,1.3
"2025-05-02 22:07:41",3004,2027,70984,0,,4.4,151,14.99,4.15,,1.1
"2025-05-02 22:07:42",3006,2029,70966,-33.137022,-70.969273,3.95,177.8,14.96,4.1,,1.1
"2025-05-02 22:07:44",3010,2033,70929,0,,3.05,176.4,14.96,3.85,,1.3
"2025-05-02 22:07:45",3012,2035,70910,-33.137122,-70.969223,4.55,154.3,14.98,3.7,,1.3
"2025-05-02 22:07:46",3014,2037,70898,0,,4.75,155.3,14.98,3.6,,1.4
"2025-05-02 22:07:47",3015,2038,70887,0,,3.05,182.8,14.98,3.5,,1.4
"2025-05-02 22:07:48",3017,2040,70876,-33.13723,-70.969175,5.3,145.9,14.96,3.4,,1.4
"2025-05-02 22:07:49",3017,2040,70872,0,,3.3,163.1,15.02,3.3,,1.4
"2025-05-02 22:07:50",3017,2040,70868,0,,3.3,163.1,15.01,3.2,,1.4
"2025-05-02 22:07:51",3018,2041,70864,-33.137335,-70.969118,4.9,157.2,15.03,3.15,,1.5
"2025-05-02 22:07:52",3019,2042,70858,0,,2.5,166.6,15.09,3.1,,1.5
"2025-05-02 22:07:53",3019,2042,70853,0,,5.15,165.5,15.07,3.05,,1.4
"2025-05-02 22:07:54",3020,2043,70848,-33.13744,-70.969083,4.25,161.8,15.1,3,,1.3
"2025-05-02 22:07:55",3022,2045,70828,0,,4.15,148.8,15.16,3.05,,1.3
"2025-05-02 22:07:56",3024,2047,70810,0,,4.85,163.8,15.14,3,,1.2
"2025-05-02 22:07:57",3027,2050,70792,-33.137542,-70.969035,2.45,166.4,15.17,2.95,,1.2
"2025-05-02 22:07:58",3029,2052,70772,0,,5.2,155.6,15.16,2.95,,1.3
"2025-05-02 22:07:59",3031,2054,70752,0,,3.75,168,15.17,2.9,,1.3
"2025-05-02 22:08:00",3034,2057,70732,-33.137642,-70.968992,3.05,156.5,15.14,2.9,,1.4
"2025-05-02 22:08:01",3035,2058,70721,0,,5.8,159.2,15.05,2.9,,1.5
"2025-05-02 22:08:02",3036,2059,70710,0,,2,168.3,15.09,2.9,,1.6
"2025-05-02 22:08:03",3038,2061,70700,-33.137743,-70.96895,4.95,161.1,15.05,2.85,,1.6
"2025-05-02 22:08:04",3039,2062,70688,0,,3.95,165.3,15.09,2.9,,1.7
"2025-05-02 22:08:05",3040,2063,70677,0,,2.65,158.4,15.06,2.9,,1.8
"2025-05-02 22:08:06",3042,2065,70666,-33.137845,-70.968912,5.45,167.6,15.02,2.85,28.75,1.8
"2025-05-02 22:08:07",3042,2065,70666,0,,2.55,158.1,15.11,2.85,,1.7
"2025-05-02 22:08:08",3042,2065,70666,0,,4.35,171.8,15.06,2.85,,1.5
"2025-05-02 22:08:09",3042,2065,70666,-33.137947,-70.968882,3.85,165.9,15.06,2.85,,1.3
"2025-05-02 22:08:20",3059,2082,70521,0,,3.5,141.7,14.85,2.9,,1.3
"2025-05-02 22:08:21",3061,2084,70508,-33.138322,-70.968773,4.4,193.9,14.77,2.85,,1.5
"2025-05-02 22:08:23",3063,2086,70489,0,,3.45,162.9,14.75,2.85,,1.5
"2025-05-02 22:08:24",3064,2087,70480,-33.13841,-70.96876,4.15,188.9,14.73,2.85,,1.5
"2025-05-02 22:08:26",3067,2090,70453,0,,2.75,186.9,14.75,2.9,,1.5
"2025-05-02 22:08:27",3069,2092,70440,-33.138492,-70.968738,3.5,167.3,14.81,2.85,,1.5
"2025-05-02 22:08:34",3085,2108,70309,0,,4.05,192.2,14.63,2.8,,1.8
"2025-05-02 22:08:35",3087,2110,70290,0,,2.75,144.7,14.64,2.8,,1.9
"2025-05-02 22:08:36",3089,2112,70272,-33.138748,-70.968647,3.15,166.7,14.59,2.8,,2
"2025-05-02 22:08:37",3089,2112,70271,0,,3.45,188,14.57,2.8,,1.9
"2025-05-02 22:08:38",3089,2112,70270,0,,3.6,129.5,14.51,2.8,,1.8
"2025-05-02 22:08:39",3089,2112,70270,-33.138832,-70.96862,3.8,192.4,14.48,2.75,,1.7
"2025-05-02 22:08:40",3091,2114,70257,0,,3.3,147.7,14.51,2.7,,1.7
"2025-05-02 22:08:41",3092,2115,70244,0,,2.9,168.9,14.48,2.7,,1.7
"2025-05-02 22:08:42",3094,2117,70232,-33.138912,-70.9686,3.05,184.4,14.47,2.7,,1.7
"2025-05-02 22:08:49",3109,2132,70104,0,,3.25,197.8,14.27,2.5,,1.5
"2025-05-02 22:08:50",3111,2134,70086,0,,2.85,142.8,14.24,2.45,,1.7
"2025-05-02 22:08:51",3114,2137,70068,-33.139142,-70.968527,3.05,173.6,14.22,2.45,,1.9
"2025-05-02 22:08:52",3114,2137,70068,0,,3.15,183.1,14.24,2.4,,1.9
"2025-05-02 22:08:53",3113,2136,70069,0,,2.55,135.1,14.22,2.4,,1.7
"2025-05-02 22:08:54",3113,2136,70070,-33.139213,-70.968512,3.35,195.7,14.22,2.35,,1.6
"2025-05-02 22:08:55",3115,2138,70056,0,,2.55,131.5,14.22,2.35,,1.6
"2025-05-02 22:08:56",3117,2140,70043,0,,2.45,162.1,14.22,2.35,,1.6
"2025-05-02 22:08:57",3118,2141,70030,-33.139273,-70.96849,2.95,184.4,14.22,2.35,,1.6
"2025-05-02 22:09:07",3141,2164,69845,0,,3.4,189.3,14.21,2.25,,2.1
"2025-05-02 22:09:08",3143,2166,69826,0,,2.25,115,14.22,2.25,,2.1
"2025-05-02 22:09:09",3145,2168,69808,-33.139487,-70.96841,2.4,178.2,14.21,2.25,,2.2
"2025-05-02 22:09:10",3145,2168,69805,0,,2.15,176.3,14.19,2.25,,2.1
"2025-05-02 22:09:11",3146,2169,69803,0,,2.15,129.7,14.06,2.25,,2
"2025-05-02 22:09:12",3146,2169,69802,-33.13954,-70.968392,3.05,198.1,14.03,2.25,,1.8
"2025-05-02 22:09:14",3148,2171,69780,0,,1.65,181.2,14.07,2.25,,1.8
"2025-05-02 22:09:15",3150,2173,69770,-33.139595,-70.968373,1.9,175.1,14.12,2.25,,1.7
"2025-05-02 22:09:22",3162,2185,69665,0,,1.2,200.2,13.91,2.2,,1.4
"2025-05-02 22:09:23",3164,2187,69650,0,,3.3,164.2,13.89,2.2,,1.5
"2025-05-02 22:09:24",3166,2189,69636,-33.139762,-70.968328,2.05,169.5,13.95,2.2,,1.7
"2025-05-02 22:09:25",3168,2191,69614,0,,1.55,186.3,13.96,2.2,,1.7
"2025-05-02 22:09:26",3171,2194,69591,0,,3.8,170.7,13.91,2.2,,1.8
"2025-05-02 22:09:27",3174,2197,69568,-33.139818,-70.968318,0.05,170.7,14.01,2.2,28.5,2
"2025-05-02 22:09:29",3179,2202,69529,0,,2,171,14.03,2.25,,2.1
"2025-05-02 22:09:30",3181,2204,69510,-33.139877,-70.968308,1.75,177.3,14,2.2,,2.1
"2025-05-02 22:09:31",3183,2206,69498,0,,3.65,176.1,13.93,2.2,,2
"2025-05-02 22:09:32",3184,2207,69487,0,,1.65,166.5,14.01,2.2,,2
"2025-05-02 22:09:33",3185,2208,69476,-33.139947,-70.968302,3.4,183.4,13.95,2.2,,2
"2025-05-02 22:09:34",3186,2209,69469,0,,1.95,160.3,13.96,2.2,,1.9
"2025-05-02 22:09:35",3187,2210,69462,0,,1.6,203.9,13.96,2.15,,1.9
"2025-05-02 22:09:36",3188,2211,69456,-33.140003,-70.968303,3.55,188,13.89,2.15,,1.8
"2025-05-02 22:09:37",3189,2212,69447,0,,0.1,188,13.92,2.15,,1.7
"2025-05-02 22:09:38",3190,2213,69438,0,,2.95,194.2,13.85,2.15,,1.5
"2025-05-02 22:09:39",3191,2214,69430,-33.140053,-70.968305,2.2,159.4,13.83,2.1,,1.4
"2025-05-02 22:09:46",3206,2229,69303,0,,3.6,196.4,13.61,2.05,,1.6
"2025-05-02 22:09:47",3208,2231,69285,0,,2.2,123.9,13.71,2,,1.7
"2025-05-02 22:09:48",3211,2234,69268,-33.140213,-70.968293,2.75,206.3,13.67,2,,1.8
"2025-05-02 22:09:49",3211,2234,69265,0,,2.5,164.3,13.68,2,,1.8
"2025-05-02 22:09:50",3211,2234,69262,0,,1.15,139.4,13.66,2,,1.8
"2025-05-02 22:09:51",3212,2235,69260,-33.140268,-70.968292,3.65,193.8,13.6,2,,1.7
"2025-05-02 22:09:52",3213,2236,69245,0,,1.8,125,13.65,2,,1.7
"2025-05-02 22:09:53",3215,2238,69230,0,,2.45,199.2,13.59,2,,1.7
"2025-05-02 22:09:54",3217,2240,69216,-33.140323,-70.968287,2.45,168.9,13.6,2,28,1.7
"2025-05-02 22:09:55",3220,2243,69186,0,,0.05,168.9,13.6,2,,1.8
"2025-05-02 22:09:56",3223,2246,69162,0,,3.85,191.3,13.53,2,,1.9
"2025-05-02 22:09:57",3226,2249,69138,-33.14037,-70.968287,1.15,125.1,13.61,2,,2
"2025-05-02 22:09:58",3228,2251,69121,0,,2.5,192.2,13.57,2,,1.9
"2025-05-02 22:09:59",3231,2254,69100,0,,2.75,175.4,13.54,2,,1.9
"2025-05-02 22:10:00",3234,2257,69080,-33.14042,-70.968285,0.05,175.4,13.59,2,,1.9
"2025-05-02 22:10:01",3235,2258,69066,0,,3.4,188.1,13.53,2,,1.9
"2025-05-02 22:10:02",3237,2260,69053,0,,1.3,113.1,13.48,2,,2
"2025-05-02 22:10:03",3238,2261,69040,-33.140468,-70.968282,2.1,199.5,13.53,2,,2.1
"2025-05-02 22:10:04",3239,2262,69031,0,,2.45,160,13.44,2,,2.2
"2025-05-02 22:10:05",3240,2263,69022,0,,0.1,160,13.4,1.95,,2.1
"2025-05-02 22:10:06",3242,2265,69014,-33.140523,-70.968277,3.6,180.8,13.32,1.95,,2
"2025-05-02 22:10:14",3257,2280,68886,0,,1.75,163.5,13.36,1.9,,1.7
"2025-05-02 22:10:15",3259,2282,68870,-33.14067,-70.968263,1.3,239.4,13.3,1.9,,1.7
"2025-05-02 22:10:16",3261,2284,68851,0,,3.35,156.2,13.3,1.9,,1.8
"2025-05-02 22:10:17",3264,2287,68833,0,,0.05,156.2,13.31,1.9,,1.9
"2025-05-02 22:10:18",3266,2289,68816,-33.14071,-70.968255,2.3,178.3,13.28,1.9,,1.9
"2025-05-02 22:10:22",3273,2296,68758,0,,2.65,218.6,13.24,1.9,,2
"2025-05-02 22:10:23",3274,2297,68744,0,,2,167.2,13.21,1.9,,1.9
"2025-05-02 22:10:24",3276,2299,68730,-33.140818,-70.968247,1.55,169.8,13.19,1.9,,1.9
"2025-05-02 22:10:25",3278,2301,68714,0,,3.15,201.8,13.11,1.85,,1.9
"2025-05-02 22:10:26",3280,2303,68699,0,,2.2,112.6,13.16,1.85,,1.9
"2025-05-02 22:10:27",3282,2305,68684,-33.140867,-70.96824,2.75,204.2,13.11,1.85,,1.9
"2025-05-02 22:10:29",3285,2308,68654,0,,1.35,188.1,13.11,1.85,,1.9
"2025-05-02 22:10:30",3287,2310,68640,-33.140918,-70.968245,3,193.6,13.04,1.85,,1.8
"2025-05-02 22:10:31",3289,2312,68629,0,,1.65,107.6,13.11,1.85,,1.8
"2025-05-02 22:10:32",3290,2313,68619,0,,3.15,186.6,13.03,1.85,,1.7
"2025-05-02 22:10:33",3291,2314,68610,-33.140965,-70.96823,1.85,146.5,13.08,1.85,,1.7
"2025-05-02 22:10:37",3299,2322,68541,0,,3.35,193.2,12.94,1.85,,1.8
"2025-05-02 22:10:38",3301,2324,68524,0,,1.25,138.4,12.98,1.85,,1.8
"2025-05-02 22:10:39",3304,2327,68508,-33.141052,-70.968227,1.25,192.9,12.94,1.85,,1.8
"2025-05-02 22:10:41",3307,2330,68477,0,,0,173.7,12.92,1.85,,1.8
"2025-05-02 22:10:42",3309,2332,68462,-33.141105,-70.968228,3.6,180.6,12.84,1.85,,1.8
"2025-05-02 22:10:50",3324,2347,68344,0,,2.75,138.7,12.78,1.85,,1.9
"2025-05-02 22:10:51",3325,2348,68330,-33.141233,-70.968225,2.25,228.5,12.71,1.85,,1.8
"2025-05-02 22:10:56",3334,2357,68261,0,,3.25,190.1,12.62,1.9,,1.8
"2025-05-02 22:10:57",3335,2358,68248,-33.141347,-70.968222,2.35,145.8,12.65,1.9,,1.8
"2025-05-02 22:11:01",3343,2366,68189,0,,3.8,193.2,12.52,1.9,,1.8
"2025-05-02 22:11:02",3344,2367,68174,0,,1.7,158.7,12.49,1.9,,1.7
"2025-05-02 22:11:03",3346,2369,68160,-33.141457,-70.968218,1.7,172.6,12.51,1.9,,1.7
"2025-05-02 22:11:04",3348,2371,68143,0,,4.05,176.5,12.47,1.9,,1.8
"2025-05-02 22:11:05",3350,2373,68128,0,,0,176.5,12.5,1.9,,1.8
"2025-05-02 22:11:06",3352,2375,68114,-33.141513,-70.96822,2.95,189,12.44,1.9,,1.8
"2025-05-02 22:11:07",3354,2377,68098,0,,2.1,169.8,12.48,1.9,,1.8
"2025-05-02 22:11:08",3356,2379,68082,0,,0.1,169.8,12.42,1.9,,1.8
"2025-05-02 22:11:09",3358,2381,68066,-33.14157,-70.96822,4.05,173.3,12.37,1.9,,1.9
"2025-05-02 22:11:16",3369,2392,67972,0,,3.1,173.4,12.35,1.9,,1.8
"2025-05-02 22:11:17",3371,2394,67959,0,,1.8,163.3,12.36,1.9,,1.8
"2025-05-02 22:11:18",3373,2396,67946,-33.141723,-70.968215,2.75,211.2,12.36,1.9,,1.7
"2025-05-02 22:11:25",3385,2408,67845,0,,2.95,177.3,12.22,1.9,,1.7
"2025-05-02 22:11:26",3387,2410,67830,0,,1.75,161.8,12.25,1.95,,1.7
"2025-05-02 22:11:27",3389,2412,67816,-33.141887,-70.968207,1.3,209.7,12.19,1.95,,1.7
"2025-05-02 22:11:29",3392,2415,67786,0,,2,198.7,12.22,1.95,,1.8
"2025-05-02 22:11:30",3394,2417,67772,-33.141952,-70.968198,2.9,163.2,12.19,1.95,,1.8
"2025-05-02 22:11:34",3400,2423,67728,0,,2,218.5,12.18,1.95,,1.7
"2025-05-02 22:11:35",3401,2424,67717,0,,2.4,171.3,12.11,1.95,,1.7
"2025-05-02 22:11:36",3402,2425,67706,-33.142053,-70.96818,1.15,138.9,12.14,1.95,,1.6
"2025-05-02 22:11:37",3405,2428,67688,0,,3.45,196.6,12.08,1.95,,1.6
"2025-05-02 22:11:38",3407,2430,67671,0,,1.75,131.9,12.15,1.95,,1.6
"2025-05-02 22:11:39",3409,2432,67654,-33.142107,-70.968175,2.5,185.6,12.11,1.95,,1.7
"2025-05-02 22:11:40",3411,2434,67640,0,,2.3,156.1,12.14,1.95,,1.7
"2025-05-02 22:11:41",3412,2435,67626,0,,0.1,156.1,12.09,1.95,,1.7
"2025-05-02 22:11:42",3414,2437,67612,-33.142157,-70.968167,3.55,175.7,12.08,1.95,26,1.7
"2025-05-02 22:11:44",3417,2440,67590,0,,2.8,180.2,12.05,1.95,,1.6
"2025-05-02 22:11:45",3418,2441,67580,-33.142208,-70.968152,2.55,136.4,12.09,1.95,,1.6
"2025-05-02 22:11:49",3425,2448,67526,0,,3.25,175.9,11.99,1.95,,1.7
"2025-05-02 22:11:50",3426,2449,67513,0,,3.25,175.9,12.07,1.95,,1.7
"2025-05-02 22:11:51",3428,2451,67500,-33.142305,-70.968112,1.35,199.9,12.03,1.95,,1.6
"2025-05-02 22:11:52",3430,2453,67486,0,,4.05,158,11.99,1.95,,1.6
"2025-05-02 22:11:53",3431,2454,67473,0,,0.05,158,12.02,2,,1.6
"2025-05-02 22:11:54",3433,2456,67460,-33.142358,-70.9681,2.45,178.3,11.99,2,,1.6
"2025-05-02 22:12:01",3444,2467,67371,0,,2.9,201.2,11.86,2.05,,1.6
"2025-05-02 22:12:02",3446,2469,67358,0,,2.45,150.2,11.9,2.05,,1.6
"2025-05-02 22:12:03",3447,2470,67346,-33.142513,-70.968048,1.8,186.4,11.85,2.05,,1.6
"2025-05-02 22:12:04",3449,2472,67333,0,,3.1,157.1,11.84,2.05,,1.6
"2025-05-02 22:12:05",3450,2473,67320,0,,1.3,152.5,11.83,2.05,,1.6
"2025-05-02 22:12:06",3452,2475,67308,-33.142577,-70.968028,4.2,175.7,11.79,2.05,,1.6
"2025-05-02 22:12:10",3458,2481,67261,0,,1.1,219.5,11.77,2,,1.5
"2025-05-02 22:12:11",3459,2482,67249,0,,3.7,158.5,11.75,2,,1.5
"2025-05-02 22:12:12",3461,2484,67238,-33.142687,-70.967987,0.05,158.5,11.77,2.05,,1.5
"2025-05-02 22:12:13",3462,2485,67223,0,,2.95,172,11.74,2.05,,1.6
"2025-05-02 22:12:14",3464,2487,67208,0,,2.45,138.9,11.8,2.05,,1.6
"2025-05-02 22:12:15",3466,2489,67194,-33.142738,-70.967977,2.6,221,11.75,2.05,,1.6
"2025-05-02 22:12:16",3468,2491,67177,0,,3.85,139.9,11.77,2.05,,1.6
"2025-05-02 22:12:17",3470,2493,67160,0,,2.05,200.4,11.76,2.05,,1.7
"2025-05-02 22:12:18",3472,2495,67144,-33.142805,-70.967968,3.5,169.3,11.73,2.05,,1.7
"2025-05-02 22:12:22",3478,2501,67098,0,,2.65,214.4,11.61,2.1,,1.6
"2025-05-02 22:12:23",3479,2502,67087,0,,3.3,170.6,11.59,2.1,,1.7
"2025-05-02 22:12:24",3481,2504,67076,-33.142932,-70.967963,1.45,178.4,11.6,2.1,,1.7
"2025-05-02 22:12:25",3482,2505,67062,0,,4.2,183.9,11.54,2.1,,1.7
"2025-05-02 22:12:26",3484,2507,67049,0,,1.15,131.9,11.59,2.1,,1.7
"2025-05-02 22:12:27",3486,2509,67036,-33.142995,-70.967962,3.55,184.4,11.54,2.1,,1.6
"2025-05-02 22:12:29",3490,2513,67002,0,,2.05,216.8,11.52,2.1,,1.7
"2025-05-02 22:12:30",3492,2515,66986,-33.14306,-70.967965,4,160.1,11.52,2.15,,1.7
"2025-05-02 22:12:34",3497,2520,66948,0,,3.05,205.1,11.51,2.15,,1.5
"2025-05-02 22:12:35",3498,2521,66939,0,,3.35,154,11.52,2.15,,1.5
"2025-05-02 22:12:36",3499,2522,66930,-33.143195,-70.967958,2.45,210.7,11.5,2.15,25.25,1.5
"2025-05-02 22:12:37",3501,2524,66915,0,,3.4,172.3,11.44,2.15,,1.5
"2025-05-02 22:12:38",3503,2526,66900,0,,2.4,151.5,11.48,2.15,,1.6
"2025-05-02 22:12:39",3504,2527,66886,-33.143268,-70.967958,3.9,207.6,11.43,2.15,,1.6
"2025-05-02 22:12:40",3506,2529,66870,0,,2.95,145.3,11.44,2.15,,1.6
"2025-05-02 22:12:41",3508,2531,66855,0,,2.45,206.3,11.43,2.15,,1.6
"2025-05-02 22:12:42",3510,2533,66840,-33.143342,-70.967963,3.5,169.1,11.43,2.15,,1.6
"2025-05-02 22:12:46",3516,2539,66797,0,,3.1,201.2,11.3,2.15,,1.5
"2025-05-02 22:12:47",3517,2540,66786,0,,3.4,165.5,11.3,2.15,,1.6
"2025-05-02 22:12:48",3518,2541,66776,-33.143485,-70.967967,1.4,224.4,11.3,2.15,,1.6
"2025-05-02 22:12:49",3520,2543,66765,0,,4.65,179.9,11.23,2.1,,1.6
"2025-05-02 22:12:50",3521,2544,66754,0,,1.35,153.6,11.29,2.1,,1.5
"2025-05-02 22:12:51",3522,2545,66744,-33.143555,-70.967973,3.6,192.3,11.23,2.1,,1.5
"2025-05-02 22:12:55",3528,2551,66696,0,,2.35,222.1,11.2,2.1,,1.4
"2025-05-02 22:12:56",3530,2553,66684,0,,4.15,175.6,11.18,2.15,,1.4
"2025-05-02 22:12:57",3531,2554,66672,-33.143707,-70.967982,1.6,198.1,11.18,2.15,,1.4
"2025-05-02 22:12:59",3535,2558,66645,0,,2.05,174.1,11.18,2.15,,1.5
"2025-05-02 22:13:00",3536,2559,66632,-33.143783,-70.968,4,197.5,11.12,2.15,,1.5
"2025-05-02 22:13:01",3538,2561,66619,0,,3.3,169.8,11.16,2.15,,1.5
"2025-05-02 22:13:02",3540,2563,66606,0,,2.55,211,11.14,2.15,,1.5
"2025-05-02 22:13:03",3541,2564,66594,-33.143867,-70.968012,4.6,169.3,11.09,2.15,25,1.6
"2025-05-02 22:13:07",3547,2570,66548,0,,3.8,207.8,11.08,2.15,,1.5
"2025-05-02 22:13:08",3548,2571,66537,0,,3.65,151.4,11.1,2.15,,1.5
"2025-05-02 22:13:09",3550,2573,66526,-33.144022,-70.96802,3,209,11.04,2.15,,1.5
"2025-05-02 22:13:11",3552,2575,66505,0,,1.85,188.9,11.03,2.15,,1.5
"2025-05-02 22:13:12",3553,2576,66496,-33.144103,-70.96804,4.85,197.7,10.94,2.15,,1.4
"2025-05-02 22:13:17",3560,2583,66446,0,,4.35,173.2,10.92,2.15,,1.3
"2025-05-02 22:13:18",3561,2584,66436,-33.144253,-70.968053,1.8,190.7,10.94,2.15,,1.3
"2025-05-02 22:13:20",3564,2587,66409,0,,3.15,144.1,10.92,2.15,,1.3
"2025-05-02 22:13:21",3566,2589,66396,-33.144332,-70.968053,4.2,203.9,10.87,2.15,,1.4
"2025-05-02 22:13:23",3570,2593,66366,0,,3.1,188.2,10.87,2.15,,1.4
"2025-05-02 22:13:24",3571,2594,66352,-33.144418,-70.968062,4.3,183.7,10.84,2.15,,1.5
"2025-05-02 22:13:30",3579,2602,66294,-33.144583,-70.968077,2.85,222.7,10.8,2.15,24.75,1.5
"2025-05-02 22:13:31",3580,2603,66285,0,,4.05,169.4,10.78,2.2,,1.5
"2025-05-02 22:13:32",3581,2604,66276,0,,3,188.1,10.84,2.2,,1.4
"2025-05-02 22:13:33",3582,2605,66268,-33.144667,-70.968093,3.45,200.4,10.76,2.2,,1.4
"2025-05-02 22:13:34",3584,2607,66251,0,,4.2,143.5,10.8,2.2,,1.4
"2025-05-02 22:13:35",3586,2609,66234,0,,4.1,210.1,10.74,2.2,,1.4
"2025-05-02 22:13:36",3588,2611,66218,-33.144755,-70.968095,3.1,169.2,10.71,2.2,,1.4
"2025-05-02 22:13:40",3593,2616,66181,0,,3.6,215.4,10.61,2.2,,1.3
"2025-05-02 22:13:41",3594,2617,66172,0,,3.95,165.9,10.6,2.2,,1.3
"2025-05-02 22:13:42",3595,2618,66164,-33.144913,-70.968102,2,189.2,10.65,2.2,,1.4
"2025-05-02 22:13:43",3597,2620,66150,0,,3.85,192.2,10.58,2.25,,1.4
"2025-05-02 22:13:44",3599,2622,66137,0,,3.45,135.1,10.65,2.25,,1.5
"2025-05-02 22:13:45",3600,2623,66124,-33.144987,-70.9681,3.35,216.4,10.58,2.25,,1.5
"2025-05-02 22:13:46",3602,2625,66113,0,,3.8,155.4,10.58,2.25,,1.4
"2025-05-02 22:13:47",3603,2626,66102,0,,2.25,177.3,10.59,2.25,,1.4
"2025-05-02 22:13:48",3604,2627,66092,-33.145063,-70.9681,3.75,186.9,10.51,2.3,,1.3
"2025-05-02 22:13:55",3614,2637,66017,0,,4.7,188.2,10.5,2.35,,1.4
"2025-05-02 22:13:56",3615,2638,66006,0,,2.2,155.9,10.52,2.35,,1.4
"2025-05-02 22:13:57",3616,2639,65996,-33.14529,-70.96808,2.9,172,10.51,2.35,24.5,1.4
"2025-05-02 22:13:58",3618,2641,65983,0,,3.6,177.5,10.51,2.3,,1.4
"2025-05-02 22:13:59",3619,2642,65971,0,,1.05,153.3,10.5,2.3,,1.4
"2025-05-02 22:14:00",3621,2644,65960,-33.145363,-70.968072,4.25,170.1,10.44,2.35,,1.4
"2025-05-02 22:14:01",3622,2645,65949,0,,2.05,162.2,10.5,2.3,,1.4
"2025-05-02 22:14:02",3623,2646,65939,0,,2.65,173,10.44,2.35,,1.4
"2025-05-02 22:14:03",3625,2648,65930,-33.145438,-70.968058,3.8,173.8,10.43,2.35,,1.4
"2025-05-02 22:14:10",3633,2656,65866,0,,3.95,166.7,10.4,2.4,,1.3
"2025-05-02 22:14:11",3634,2657,65857,0,,2.5,168.5,10.49,2.4,,1.2
"2025-05-02 22:14:12",3635,2658,65848,-33.145652,-70.968032,2.35,189.5,10.43,2.35,,1.2
"2025-05-02 22:14:14",3638,2661,65828,0,,1.45,199.8,10.46,2.35,,1.2
"2025-05-02 22:14:15",3639,2662,65818,-33.145727,-70.968025,3.75,170.4,10.42,2.35,,1.2
"2025-05-02 22:14:16",3641,2664,65803,0,,3.05,169.3,10.48,2.35,,1.2
"2025-05-02 22:14:17",3642,2665,65789,0,,2.05,194.4,10.46,2.3,,1.3
"2025-05-02 22:14:18",3644,2667,65776,-33.14581,-70.968017,5.05,165.1,10.4,2.3,,1.3
"2025-05-02 22:14:25",3652,2675,65718,0,,3.3,165.8,10.36,2.25,,1.3
"2025-05-02 22:14:26",3653,2676,65710,0,,3.45,170.7,10.4,2.25,,1.2
"2025-05-02 22:14:27",3654,2677,65702,-33.146043,-70.967977,1.8,197.7,10.34,2.25,,1.2
"2025-05-02 22:14:29",3656,2679,65683,0,,1.85,187.3,10.36,2.25,,1.2
"2025-05-02 22:14:30",3657,2680,65674,-33.146125,-70.967968,3.5,176.7,10.33,2.25,,1.1
"2025-05-02 22:14:31",3659,2682,65661,0,,3.9,173.3,10.37,2.25,,1.1
"2025-05-02 22:14:32",3660,2683,65648,0,,2.05,199.1,10.33,2.2,,1.2
"2025-05-02 22:14:33",3662,2685,65636,-33.146215,-70.967967,4.7,163.2,10.29,2.2,,1.2
"2025-05-02 22:14:40",3670,2693,65572,0,,4.1,188.9,10.36,2.2,,1.3
"2025-05-02 22:14:41",3671,2694,65563,0,,3.65,158,10.43,2.2,,1.3
"2025-05-02 22:14:42",3672,2695,65554,-33.146483,-70.967977,3.85,214.2,10.37,2.15,,1.3
"2025-05-02 22:14:43",3674,2697,65543,0,,5.45,160.2,10.35,2.15,,1.3
"2025-05-02 22:14:44",3675,2698,65532,0,,2.35,195.6,10.4,2.15,,1.3
"2025-05-02 22:14:45",3677,2700,65522,-33.146585,-70.96798,4.65,189,10.33,2.15,,1.2
"2025-05-02 22:14:49",3681,2704,65484,0,,2.65,208,10.32,2.1,,1.2
"2025-05-02 22:14:50",3682,2705,65475,0,,4.6,179,10.25,2.1,,1.2
"2025-05-02 22:14:51",3684,2707,65466,-33.146783,-70.967982,2.95,177.1,10.29,2.1,24,1.2
"2025-05-02 22:14:52",3685,2708,65453,0,,5.7,200.7,10.22,2.1,,1.2
"2025-05-02 22:14:53",3687,2710,65439,0,,3.9,156.4,10.26,2.05,,1.3
"2025-05-02 22:14:54",3689,2712,65426,-33.146893,-70.967997,4.3,205.1,10.22,2.05,,1.3
"2025-05-02 22:14:55",3690,2713,65414,0,,4.15,177.6,10.21,2.05,,1.4
"2025-05-02 22:14:56",3692,2715,65403,0,,2.8,201,10.22,2.05,,1.4
"2025-05-02 22:14:57",3693,2716,65392,-33.146998,-70.968022,5.95,184.8,10.18,2.05,,1.4
"2025-05-02 22:15:01",3697,2720,65358,0,,3.8,218.9,10.18,2.05,,1.3
"2025-05-02 22:15:02",3698,2721,65350,0,,5.5,166.9,10.19,2.05,,1.3
"2025-05-02 22:15:03",3699,2722,65342,-33.147203,-70.96805,2.6,208.3,10.21,2.05,,1.3
"2025-05-02 22:15:04",3701,2724,65333,0,,5.55,189.3,10.15,2.1,,1.3
"2025-05-02 22:15:05",3702,2725,65324,0,,3.7,173.7,10.23,2.1,,1.2
"2025-05-02 22:15:06",3703,2726,65316,-33.14732,-70.968073,5.4,203.4,10.16,2.05,,1.2
"2025-05-02 22:15:15",3716,2739,65214,-33.147665,-70.968115,4.2,211.1,10.04,2.05,,1.3
"2025-05-02 22:15:16",3717,2740,65202,0,,4.75,167.6,10.04,2,,1.4
"2025-05-02 22:15:17",3719,2742,65191,0,,4.25,202.3,10.02,2,,1.4
"2025-05-02 22:15:18",3720,2743,65180,-33.147778,-70.96814,4.8,182.7,9.99,2,24,1.4
"2025-05-02 22:15:19",3720,2743,65178,0,,3.55,170.7,10.04,2,,1.3
"2025-05-02 22:15:20",3721,2744,65176,0,,5.65,196.1,10,2,,1.3
"2025-05-02 22:15:21",3721,2744,65174,-33.147893,-70.968143,3.95,159.5,10.02,2,,1.2
"2025-05-02 22:15:22",3723,2746,65158,0,,4.5,194.1,9.96,2,,1.2
"2025-05-02 22:15:23",3725,2748,65143,0,,5.25,180.7,9.96,2,,1.3
"2025-05-02 22:15:24",3727,2750,65128,-33.148005,-70.968157,2.8,192.8,9.96,2,,1.3
"2025-05-02 22:15:25",3728,2751,65119,0,,6.25,184.9,9.9,2,,1.3
"2025-05-02 22:15:26",3729,2752,65110,0,,3.3,182.1,9.95,2,,1.3
"2025-05-02 22:15:27",3730,2753,65102,-33.148122,-70.968173,4.65,191.6,9.91,2,,1.2
"2025-05-02 22:15:29",3733,2756,65075,0,,4.15,214.7,9.95,2,,1.3
"2025-05-02 22:15:30",3735,2758,65062,-33.148237,-70.968198,4.95,171.9,9.91,2,,1.3
"2025-05-02 22:15:34",3740,2763,65027,0,,5,205.6,9.87,2,,1.4
"2025-05-02 22:15:35",3741,2764,65018,0,,5.2,174.3,9.87,2,,1.3
"2025-05-02 22:15:36",3742,2765,65010,-33.148467,-70.968217,3.85,201.5,9.88,2,,1.3
"2025-05-02 22:15:37",3743,2766,64999,0,,5.4,189,9.83,2,,1.3
"2025-05-02 22:15:38",3745,2768,64987,0,,3.35,165.3,9.86,2,,1.3
"2025-05-02 22:15:39",3746,2769,64976,-33.14858,-70.96824,5.6,204.6,9.79,2,,1.3
"2025-05-02 22:15:44",3752,2775,64930,0,,5.65,183.9,9.75,2,,1.2
"2025-05-02 22:15:45",3753,2776,64922,-33.14881,-70.96829,3.8,181.4,9.76,2,23.5,1.2
"2025-05-02 22:15:47",3758,2781,64886,0,,4,165.7,9.76,2,,1.4
"2025-05-02 22:15:48",3760,2783,64868,-33.148922,-70.968313,5.05,203.1,9.75,2,,1.5
"2025-05-02 22:15:50",3763,2786,64848,0,,3.2,192.4,9.75,2,,1.5
"2025-05-02 22:15:51",3764,2787,64838,-33.14904,-70.968342,6.4,188.9,9.69,2,,1.5
"2025-05-02 22:15:53",3767,2790,64812,0,,5.1,199.2,9.69,2,,1.5
"2025-05-02 22:15:54",3769,2792,64800,-33.149158,-70.96837,4.8,180.6,9.66,2,,1.5
"2025-05-02 22:15:59",3775,2798,64753,0,,,,9.66,2,,1.6
"2025-05-02 22:16:00",3776,2799,64744,0,,,,9.61,2,,1.4
"2025-05-02 22:16:02",3779,2802,64720,0,,4.15,200.8,9.62,2,,1.4
"2025-05-02 22:16:03",3781,2804,64708,-33.149502,-70.968462,4.95,194.3,9.57,2,,1.4
"2025-05-02 22:16:10",3790,2813,64634,0,,6.05,184.6,9.46,2,,1.3
"2025-05-02 22:16:11",3791,2814,64624,0,,3.45,183,9.52,2,,1.3
"2025-05-02 22:16:12",3793,2816,64614,-33.149845,-70.968523,4.2,192.5,9.45,2,23.5,1.4
"2025-05-02 22:16:13",3794,2817,64599,0,,5.2,170,9.49,2,,1.4
"2025-05-02 22:16:14",3796,2819,64585,0,,2.8,217.9,9.47,2,,1.4
"2025-05-02 22:16:15",3798,2821,64572,-33.149952,-70.968538,5.35,175.2,9.43,2,,1.4
"2025-05-02 22:16:16",3800,2823,64559,0,,3.65,190.4,9.47,2,,1.5
"2025-05-02 22:16:17",3801,2824,64546,0,,3.7,196,9.44,2,,1.5
"2025-05-02 22:16:18",3803,2826,64534,-33.150063,-70.96855,5.3,166.1,9.46,2,,1.5
"2025-05-02 22:16:19",3803,2826,64532,0,,3.85,212.7,9.46,2,,1.4
"2025-05-02 22:16:20",3803,2826,64531,0,,4.7,173.3,9.44,2,,1.3
"2025-05-02 22:16:21",3803,2826,64530,-33.150177,-70.968567,4.05,189.1,9.49,2.05,,1.3
"2025-05-02 22:16:22",3805,2828,64514,0,,4.5,193.4,9.43,2.05,,1.3
"2025-05-02 22:16:23",3808,2831,64498,0,,4.1,150.2,9.51,2.05,,1.4
"2025-05-02 22:16:24",3810,2833,64482,-33.150283,-70.968573,4.8,203.5,9.45,2.05,,1.4
"2025-05-02 22:16:25",3811,2834,64470,0,,3.7,171.1,9.44,2.05,,1.4
"2025-05-02 22:16:26",3813,2836,64459,0,,3.9,181.4,9.42,2.1,,1.4
"2025-05-02 22:16:27",3814,2837,64448,-33.150397,-70.968587,4.9,188.9,9.4,2.1,,1.3
"2025-05-02 22:16:31",3819,2842,64405,0,,3.05,175.2,9.44,2.1,,1.3
"2025-05-02 22:16:32",3821,2844,64394,0,,5.6,191.2,9.42,2.1,,1.4
"2025-05-02 22:16:33",3822,2845,64384,-33.1506,-70.968593,2.55,158.7,9.48,2.15,,1.5
"2025-05-02 22:16:34",3823,2846,64374,0,,4.4,192,9.45,2.15,,1.5
"2025-05-02 22:16:35",3825,2848,64365,0,,3.15,177.9,9.51,2.15,,1.5
"2025-05-02 22:16:36",3826,2849,64356,-33.150687,-70.968598,2.55,171.9,9.49,2.2,,1.4
"2025-05-02 22:16:37",3828,2851,64340,0,,4.7,188.9,9.45,2.2,,1.4
"2025-05-02 22:16:38",3830,2853,64325,0,,2.1,145,9.51,2.2,,1.4
"2025-05-02 22:16:39",3832,2855,64310,-33.150772,-70.968597,4.1,187.2,9.47,2.25,23.25,1.5
"2025-05-02 22:16:40",3833,2856,64297,0,,3.05,171.7,9.52,2.2,,1.5
"2025-05-02 22:16:41",3835,2858,64285,0,,2.1,175.1,9.54,2.2,,1.5
"2025-05-02 22:16:42",3836,2859,64274,-33.150855,-70.968598,4.6,185.2,9.48,2.25,,1.5
"2025-05-02 22:16:44",3840,2863,64247,0,,3.6,187.2,9.49,2.3,,1.6
"2025-05-02 22:16:45",3842,2865,64234,-33.150932,-70.968595,3.1,174.6,9.47,2.3,,1.6
"2025-05-02 22:16:52",3851,2874,64160,0,,4.1,186.1,9.49,2.4,,1.5
"2025-05-02 22:16:53",3852,2875,64150,0,,2.55,144.8,9.57,2.45,,1.5
"2025-05-02 22:16:54",3854,2877,64140,-33.151147,-70.968575,2.85,198.1,9.57,2.45,,1.4
"2025-05-02 22:16:55",3855,2878,64128,0,,3.65,171.3,9.54,2.45,,1.5
"2025-05-02 22:16:56",3857,2880,64116,0,,1.8,139.8,9.57,2.45,,1.5
"2025-05-02 22:16:57",3858,2881,64104,-33.151223,-70.968562,4.5,183.7,9.51,2.45,,1.4
"2025-05-02 22:17:01",3863,2886,64069,0,,2.55,208.5,9.52,2.45,,1.3
"2025-05-02 22:17:02",3864,2887,64060,0,,3.05,155.2,9.53,2.5,,1.3
"2025-05-02 22:17:03",3865,2888,64052,-33.151362,-70.968543,1.95,187.2,9.57,2.5,,1.3
"2025-05-02 22:17:04",3867,2890,64039,0,,3.35,181.8,9.51,2.5,,1.3
"2025-05-02 22:17:05",3868,2891,64027,0,,1.9,136.2,9.55,2.5,,1.3
"2025-05-02 22:17:06",3870,2893,64016,-33.151427,-70.968535,3.6,193.1,9.49,2.5,23,1.3
"2025-05-02 22:17:07",3872,2895,63997,0,,3,144.5,9.55,2.5,,1.4
"2025-05-02 22:17:08",3875,2898,63978,0,,2,184.7,9.49,2.5,,1.5
"2025-05-02 22:17:09",3877,2900,63960,-33.1515,-70.968518,4.25,165.1,9.46,2.5,,1.6
"2025-05-02 22:17:13",3881,2904,63929,0,,3,192.4,9.47,2.5,,1.4
"2025-05-02 22:17:14",3882,2905,63921,0,,3.45,139.2,9.51,2.5,,1.5
"2025-05-02 22:17:15",3883,2906,63914,-33.151623,-70.968492,2.25,216,9.48,2.5,,1.5
"2025-05-02 22:17:16",3885,2908,63902,0,,3.35,155.7,9.45,2.5,,1.5
"2025-05-02 22:17:17",3886,2909,63891,0,,1.4,175.8,9.45,2.5,,1.5
"2025-05-02 22:17:18",3888,2911,63880,-33.151687,-70.968483,3.85,173,9.42,2.5,,1.5
"2025-05-02 22:17:22",3893,2916,63838,0,,1.55,219.7,9.34,2.55,,1.2
"2025-05-02 22:17:23",3894,2917,63828,0,,3.6,158.3,9.34,2.55,,1.2
"2025-05-02 22:17:24",3896,2919,63818,-33.151805,-70.968442,1.85,163.8,9.32,2.6,,1.2
"2025-05-02 22:17:25",3897,2920,63809,0,,3.3,171.4,9.3,2.65,,1.3
"2025-05-02 22:17:26",3898,2921,63800,0,,1.75,131.1,9.36,2.65,,1.3
"2025-05-02 22:17:27",3899,2922,63792,-33.151867,-70.96843,3.55,199.8,9.31,2.65,,1.3
"2025-05-02 22:17:31",3903,2926,63762,0,,0,154.9,9.3,2.75,,1.2
"2025-05-02 22:17:32",3904,2927,63755,0,,2.45,178.9,9.24,2.75,,1.2
"2025-05-02 22:17:33",3905,2928,63748,-33.151962,-70.968415,0.1,178.9,9.27,2.75,22.75,1.1
"2025-05-02 22:17:34",3907,2930,63730,0,,2.5,194.6,9.21,2.8,,1.2
"2025-05-02 22:17:35",3909,2932,63713,0,,2.75,136,9.27,2.8,,1.3
"2025-05-02 22:17:36",3912,2935,63696,-33.152012,-70.968408,2.1,223.7,9.19,2.85,,1.3
"2025-05-02 22:17:37",3913,2936,63685,0,,2.75,146.3,9.21,2.8,,1.3
"2025-05-02 22:17:38",3914,2937,63675,0,,1.3,179,9.19,2.8,,1.3
"2025-05-02 22:17:39",3915,2938,63666,-33.152065,-70.968402,3.25,180.6,9.14,2.85,,1.4
"2025-05-02 22:17:46",3926,2949,63582,0,,3.85,167.5,9.08,2.95,,1.7
"2025-05-02 22:17:47",3928,2951,63570,0,,0.1,167.5,9.14,2.95,,1.6
"2025-05-02 22:17:48",3930,2953,63558,-33.152215,-70.96838,2.6,189.7,9.08,2.95,,1.6
"2025-05-02 22:17:55",3941,2964,63469,0,,3.35,200.1,8.93,2.95,,1.6
"2025-05-02 22:17:56",3943,2966,63456,0,,1.45,133.4,8.94,3,,1.6
"2025-05-02 22:17:57",3944,2967,63444,-33.152357,-70.968355,1.2,198.1,8.93,3,,1.6
"2025-05-02 22:17:59",3948,2971,63416,0,,0.05,171.7,8.9,3.05,,1.7
"2025-05-02 22:18:00",3950,2973,63402,-33.152407,-70.96835,2.8,162.5,8.85,3.1,22.5,1.7
"2025-05-02 22:18:07",3960,2983,63324,0,,2.7,210.2,8.71,3.15,,1.6
"2025-05-02 22:18:08",3961,2984,63313,0,,1.75,126.1,8.73,3.2,,1.6
"2025-05-02 22:18:09",3963,2986,63302,-33.152557,-70.968342,2.8,206.6,8.65,3.2,,1.6
"2025-05-02 22:18:11",3967,2990,63273,0,,0.05,175,8.65,3.2,,1.5
"2025-05-02 22:18:12",3968,2991,63260,-33.1526,-70.968347,3.3,189.6,8.65,3.2,,1.5
"2025-05-02 22:18:23",3985,3008,63133,0,,1.7,207.7,8.65,3.25,,1.6
"2025-05-02 22:18:24",3987,3010,63122,-33.152762,-70.968352,2.15,190.2,8.64,3.25,,1.5
"2025-05-02 22:18:31",3998,3021,63036,0,,3.3,196.2,8.55,3.3,,1.5
"2025-05-02 22:18:32",3999,3022,63024,0,,1.35,147.4,8.59,3.3,,1.5
"2025-05-02 22:18:33",4001,3024,63012,-33.152885,-70.968362,1.35,189.2,8.51,3.3,,1.6
"2025-05-02 22:18:34",4003,3026,62996,0,,2.9,168.3,8.45,3.35,,1.6
"2025-05-02 22:18:35",4005,3028,62981,0,,0.05,168.3,8.5,3.35,,1.6
"2025-05-02 22:18:36",4007,3030,62966,-33.152932,-70.968358,3.1,166.3,8.44,3.35,,1.7
"2025-05-02 22:18:37",4009,3032,62948,0,,1.5,159.7,8.51,3.3,,1.8
"2025-05-02 22:18:38",4012,3035,62931,0,,1.8,203.3,8.44,3.35,,1.8
"2025-05-02 22:18:39",4014,3037,62914,-33.15298,-70.968347,2.8,136.4,8.48,3.35,,1.8
"2025-05-02 22:18:40",4014,3037,62910,0,,2.2,225.8,8.42,3.35,,1.7
"2025-05-02 22:18:41",4015,3038,62907,0,,2.3,158.1,8.38,3.35,,1.7
"2025-05-02 22:18:42",4015,3038,62904,-33.153027,-70.968347,1.35,174.5,8.37,3.35,,1.6
"2025-05-02 22:18:43",4017,3040,62888,0,,3.35,199,8.33,3.35,,1.6
"2025-05-02 22:18:44",4019,3042,62873,0,,2.2,110.2,8.35,3.35,,1.6
"2025-05-02 22:18:45",4021,3044,62858,-33.153075,-70.968345,2.6,209.2,8.29,3.4,,1.7
"2025-05-02 22:18:46",4023,3046,62846,0,,2.25,160.3,8.27,3.4,,1.7
"2025-05-02 22:18:47",4024,3047,62834,0,,0.1,160.3,8.27,3.4,,1.6
"2025-05-02 22:18:48",4026,3049,62822,-33.153127,-70.968353,3.95,188,8.22,3.4,,1.6
"2025-05-02 22:18:52",4030,3053,62793,0,,0.1,168,8.18,3.4,,1.3
"2025-05-02 22:18:53",4031,3054,62786,0,,3.2,160.1,8.13,3.4,,1.3
"2025-05-02 22:18:54",4032,3055,62780,-33.153213,-70.968355,1.3,216.3,8.15,3.4,22.25,1.4
"2025-05-02 22:18:55",4034,3057,62760,0,,1.85,183.2,8.12,3.4,,1.5
"2025-05-02 22:18:56",4037,3060,62740,0,,2.3,148.8,8.2,3.4,,1.5
"2025-05-02 22:18:57",4039,3062,62720,-33.153258,-70.968363,2.75,217.9,8.13,3.4,,1.6
"2025-05-02 22:18:58",4041,3064,62704,0,,1.2,140.6,8.12,3.4,,1.6
"2025-05-02 22:18:59",4044,3067,62689,0,,1.85,196.7,8.11,3.4,,1.6
"2025-05-02 22:19:00",4046,3069,62674,-33.153302,-70.968378,2.35,188.5,8.11,3.4,,1.6
"2025-05-02 22:19:04",4048,3071,62654,0,,0.15,187,8.03,3.5,,1.4
"2025-05-02 22:19:05",4049,3072,62649,0,,3,173.9,8,3.55,,1.5
"2025-05-02 22:19:06",4049,3072,62644,-33.153388,-70.968392,0.1,173.9,8.06,3.6,,1.5
"2025-05-02 22:19:14",4068,3091,62503,0,,2.15,216.9,7.96,4.2,,1.6
"2025-05-02 22:19:15",4070,3093,62486,-33.153538,-70.9684,2.65,135,7.97,4.3,,1.7
"2025-05-02 22:19:16",4071,3094,62483,0,,2.2,229.6,7.97,4.45,,1.6
"2025-05-02 22:19:17",4071,3094,62480,0,,1.8,180.4,7.92,4.6,,1.8
"2025-05-02 22:19:18",4071,3094,62478,-33.153583,-70.968408,1.7,162.3,7.97,4.75,,1.7
"2025-05-02 22:19:19",4073,3096,62462,0,,3.3,212.6,7.91,4.9,,1.8
"2025-05-02 22:19:20",4075,3098,62448,0,,1.3,104.8,7.92,4.9,,1.8
"2025-05-02 22:19:21",4077,3100,62434,-33.153623,-70.96842,1.85,212.6,7.9,5.1,22,1.8
"2025-05-02 22:19:25",4084,3107,62383,0,,1.3,122.8,7.92,5.5,,1.8
"2025-05-02 22:19:26",4086,3109,62370,0,,1.75,210.3,7.95,5.6,,1.5
"2025-05-02 22:19:27",4087,3110,62358,-33.153705,-70.968438,2.4,171.6,7.92,5.7,,1.4
"2025-05-02 22:19:31",4092,3115,62319,0,,1.8,207.8,7.93,6.05,,1.6
"2025-05-02 22:19:32",4094,3117,62309,0,,2.4,162.9,7.9,6.1,,1.6
"2025-05-02 22:19:33",4095,3118,62300,-33.153783,-70.968428,0,162.9,7.95,6.2,,1.5
"2025-05-02 22:19:34",4097,3120,62284,0,,3.05,181.8,7.88,6.25,,1.5
"2025-05-02 22:19:35",4099,3122,62270,0,,1.35,127.5,7.95,6.35,,1.6
"2025-05-02 22:19:36",4101,3124,62256,-33.153835,-70.968422,2.05,174.2,7.9,6.4,,1.6
"2025-05-02 22:19:37",4103,3126,62241,0,,2.8,150,7.92,6.5,,1.6
"2025-05-02 22:19:38",4105,3128,62226,0,,0,150,7.91,6.65,,1.6
"2025-05-02 22:19:39",4107,3130,62212,-33.153887,-70.968408,2.95,164.7,7.84,6.8,,1.6
"2025-05-02 22:19:40",4109,3132,62198,0,,0.1,164.7,7.86,6.95,,1.6
"2025-05-02 22:19:41",4110,3133,62184,0,,0.2,164.7,7.83,7.1,,1.6
"2025-05-02 22:19:42",4112,3135,62170,-33.153928,-70.968392,3.05,142.9,7.85,7.25,,1.7
"2025-05-02 22:19:43",4113,3136,62166,0,,1.3,244.2,7.85,7.4,,1.7
"2025-05-02 22:19:44",4113,3136,62163,0,,3.1,149.9,7.84,7.55,,1.6
"2025-05-02 22:19:45",4114,3137,62160,-33.15397,-70.968378,1.45,163.3,7.88,7.7,,1.5
"2025-05-02 22:19:55",4129,3152,62046,0,,0.05,138.6,7.77,8.6,,1.3
"2025-05-02 22:19:56",4130,3153,62035,0,,3.7,152.9,7.7,8.65,,1.3
"2025-05-02 22:19:57",4132,3155,62024,-33.154152,-70.968285,0.05,152.9,7.73,8.7,,1.4
"2025-05-02 22:19:58",4134,3157,62007,0,,2.35,163.3,7.7,8.75,,1.6
"2025-05-02 22:19:59",4136,3159,61990,0,,2.6,136.1,7.78,8.75,,1.6
"2025-05-02 22:20:00",4138,3161,61974,-33.154195,-70.968263,2.05,214.9,7.75,8.8,,1.7
"2025-05-02 22:20:01",4140,3163,61959,0,,2.65,121.4,7.73,8.85,,1.7
"2025-05-02 22:20:02",4142,3165,61945,0,,1.25,175.8,7.7,8.85,,1.7
"2025-05-02 22:20:03",4144,3167,61932,-33.154235,-70.968243,2.25,169.3,7.64,8.9,,1.7
"2025-05-02 22:20:04",4145,3168,61924,0,,2.25,111.9,7.7,8.9,,1.6
"2025-05-02 22:20:05",4146,3169,61917,0,,3.2,193.4,7.64,8.9,,1.6
"2025-05-02 22:20:06",4147,3170,61910,-33.154285,-70.968215,2.35,120.3,7.7,8.95,,1.6
"2025-05-02 22:20:07",4148,3171,61901,0,,1.45,170.1,7.64,8.95,,1.6
"2025-05-02 22:20:08",4149,3172,61891,0,,3.25,165.9,7.59,8.95,,1.6
"2025-05-02 22:20:09",4151,3174,61882,-33.154328,-70.96819,1.05,90.3,7.62,9,,1.6
"2025-05-02 22:20:22",4173,3196,61712,0,,3.65,164.2,7.46,9.05,,1.7
"2025-05-02 22:20:23",4175,3198,61699,0,,1.85,92.9,7.51,9.05,,1.7
"2025-05-02 22:20:24",4177,3200,61686,-33.154538,-70.968058,2.05,176.7,7.48,9.05,,1.7
"2025-05-02 22:20:25",4179,3202,61670,0,,3.25,120.4,7.51,9.05,,1.8
"2025-05-02 22:20:26",4181,3204,61654,0,,1.7,212.4,7.46,9.1,,1.8
"2025-05-02 22:20:27",4183,3206,61638,-33.154582,-70.968027,2.65,137.7,7.41,9.1,,1.8
"2025-05-02 22:20:41",4205,3228,61479,0,,2.95,152.3,7.2,9.15,,1.5
"2025-05-02 22:20:42",4206,3229,61468,-33.154792,-70.96785,1.45,124.3,7.23,9.15,21.25,1.5
"2025-05-02 22:20:44",4210,3233,61438,0,,2.2,108.1,7.23,9.15,,1.6
"2025-05-02 22:20:45",4212,3235,61424,-33.154838,-70.967818,1.7,168,7.18,9.15,,1.6
"2025-05-02 22:20:47",4216,3239,61396,0,,0.05,143.5,7.18,9.2,,1.6
"2025-05-02 22:20:48",4218,3241,61382,-33.154882,-70.96779,3.5,158.7,7.1,9.2,,1.6
"2025-05-02 22:20:59",4237,3260,61240,0,,1.4,174.8,6.95,9.2,,1.7
"2025-05-02 22:21:00",4238,3261,61228,-33.155052,-70.967628,2.95,147.8,6.95,9.2,,1.7
"2025-05-02 22:21:04",4244,3267,61184,0,,2,192.6,6.85,9.2,,1.7
"2025-05-02 22:21:05",4246,3269,61173,0,,3.15,126.5,6.86,9.2,,1.7
"2025-05-02 22:21:06",4247,3270,61162,-33.155127,-70.96756,0.05,126.5,6.85,9.2,,1.6
"2025-05-02 22:21:07",4249,3272,61148,0,,2.85,142.3,6.77,9.2,,1.7
"2025-05-02 22:21:08",4251,3274,61135,0,,1.55,121.5,6.82,9.25,,1.7
"2025-05-02 22:21:09",4253,3276,61122,-33.155168,-70.967525,2.9,170.5,6.77,9.25,21,1.7
"2025-05-02 22:21:10",4255,3278,61105,0,,2.75,98.7,6.77,9.25,,1.7
"2025-05-02 22:21:11",4257,3280,61088,0,,2,164.9,6.73,9.25,,1.7
"2025-05-02 22:21:12",4259,3282,61072,-33.155212,-70.967477,2.9,141.7,6.74,9.3,,1.8
"2025-05-02 22:21:16",4265,3288,61030,0,,2.1,174.2,6.65,9.3,,1.7
"2025-05-02 22:21:17",4266,3289,61020,0,,1.9,124.3,6.68,9.35,,1.7
"2025-05-02 22:21:18",4268,3291,61010,-33.155293,-70.967418,2.2,192.3,6.61,9.35,,1.7
"2025-05-02 22:21:19",4270,3293,60993,0,,2.05,133.3,6.58,9.35,,1.7
"2025-05-02 22:21:20",4272,3295,60977,0,,1.45,134,6.61,9.35,,1.8
"2025-05-02 22:21:21",4274,3297,60962,-33.15534,-70.967387,3.65,154.7,6.57,9.4,,1.8
"2025-05-02 22:21:25",4280,3303,60922,0,,0.1,126.4,6.53,9.45,,1.6
"2025-05-02 22:21:26",4281,3304,60912,0,,3.25,135,6.53,9.45,,1.5
"2025-05-02 22:21:27",4282,3305,60902,-33.155423,-70.967317,0.05,135,6.55,9.45,,1.5
"2025-05-02 22:21:29",4285,3308,60877,0,,2.85,103.8,6.51,9.4,,1.6
"2025-05-02 22:21:30",4287,3310,60866,-33.155462,-70.967273,2.65,183.5,6.46,9.45,,1.6
"2025-05-02 22:21:31",4289,3312,60849,0,,2.75,125.3,6.48,9.45,,1.6
"2025-05-02 22:21:32",4291,3314,60833,0,,1.45,155.8,6.43,9.45,,1.6
"2025-05-02 22:21:33",4294,3317,60818,-33.15551,-70.967238,3.25,155,6.4,9.45,,1.6
"2025-05-02 22:21:37",4300,3323,60772,0,,1.7,184.8,6.35,9.6,,1.7
"2025-05-02 22:21:38",4301,3324,60761,0,,3.2,133.7,6.4,9.6,,1.7
"2025-05-02 22:21:39",4303,3326,60750,-33.155598,-70.967167,1.55,176,6.34,9.65,,1.7
"2025-05-02 22:21:40",4305,3328,60735,0,,2.85,134,6.35,9.7,,1.7
"2025-05-02 22:21:41",4307,3330,60721,0,,1.6,129.9,6.36,9.7,,1.8
"2025-05-02 22:21:42",4309,3332,60708,-33.155647,-70.96713,3.55,168.2,6.3,9.75,,1.8
"2025-05-02 22:21:44",4312,3335,60684,0,,2.5,159.2,6.3,9.8,,1.7
"2025-05-02 22:21:45",4313,3336,60672,-33.155693,-70.967088,2.65,132.7,6.33,9.85,,1.7
"2025-05-02 22:21:46",4314,3337,60665,0,,0.05,132.7,6.28,9.9,,1.6
"2025-05-02 22:21:47",4315,3338,60659,0,,3.5,134.7,6.24,10,,1.5
"2025-05-02 22:21:48",4316,3339,60654,-33.155728,-70.967052,0.1,134.7,6.27,10.05,,1.5
"2025-05-02 22:21:49",4318,3341,60636,0,,1.9,167.5,6.2,10.15,,1.5
"2025-05-02 22:21:50",4321,3344,60619,0,,2.65,97.8,6.26,10.15,,1.6
"2025-05-02 22:21:51",4323,3346,60602,-33.155757,-70.967023,2.25,205,6.19,10.2,,1.7
"2025-05-02 22:21:52",4325,3348,60588,0,,2.25,121.3,6.18,10.2,,1.7
"2025-05-02 22:21:53",4327,3350,60575,0,,1.15,132.7,6.17,10.2,,1.7
"2025-05-02 22:21:54",4328,3351,60562,-33.155797,-70.967,2.85,179.7,6.11,10.2,,1.7
"2025-05-02 22:21:55",4330,3353,60547,0,,1.3,94.5,6.16,10.15,,1.7
"2025-05-02 22:21:56",4332,3355,60532,0,,2.55,174.4,6.11,10.15,,1.7
"2025-05-02 22:21:57",4334,3357,60518,-33.155832,-70.966973,1.65,137.9,6.14,10.1,,1.7
"2025-05-02 22:21:59",4335,3358,60513,0,,3.35,154.5,6.12,10.05,,1.6
"2025-05-02 22:22:00",4335,3358,60512,-33.155863,-70.966958,0.05,154.5,6.15,10,,1.5
"2025-05-02 22:22:01",4338,3361,60493,0,,2.05,154,6.07,10,,1.7
"2025-05-02 22:22:02",4340,3363,60474,0,,1.95,130.5,6.14,9.95,,1.7
"2025-05-02 22:22:03",4343,3366,60456,-33.155892,-70.966938,1.35,248.5,6.08,9.95,20.25,1.7
"2025-05-02 22:22:04",4345,3368,60441,0,,2.85,135.8,6.06,9.85,,1.7
"2025-05-02 22:22:05",4346,3369,60427,0,,0.05,135.8,6.12,9.85,,1.7
"2025-05-02 22:22:06",4348,3371,60414,-33.155923,-70.966922,0.15,135.8,6.04,9.8,,1.7
"2025-05-02 22:22:07",4351,3374,60396,0,,2.6,117.7,6.12,9.75,,1.7
"2025-05-02 22:22:08",4353,3376,60380,0,,2.25,223.3,6.04,9.7,,1.7
"2025-05-02 22:22:09",4355,3378,60364,-33.155958,-70.966908,1.45,132.6,5.97,9.65,,1.7
"2025-05-02 22:22:10",4356,3379,60357,0,,1,166.9,6.01,9.6,,1.7
"2025-05-02 22:22:11",4357,3380,60350,0,,2.4,195,5.94,9.55,,1.6
"2025-05-02 22:22:12",4358,3381,60344,-33.155992,-70.966888,2.4,95.1,6.02,9.45,,1.8
"2025-05-02 22:22:13",4360,3383,60329,0,,1.85,211.1,5.96,9.5,,1.9
"2025-05-02 22:22:14",4362,3385,60314,0,,1.25,130.5,5.94,9.45,,1.8
"2025-05-02 22:22:15",4364,3387,60300,-33.156012,-70.966872,0.05,130.5,5.93,9.4,,1.8
"2025-05-02 22:22:16",4366,3389,60287,0,,2.8,184.7,5.88,9.35,,1.8
"2025-05-02 22:22:17",4367,3390,60274,0,,1,106.1,5.96,9.35,,1.8
"2025-05-02 22:22:18",4369,3392,60262,-33.156045,-70.966857,1.95,157.5,5.89,9.3,,1.7
"2025-05-02 22:22:19",4371,3394,60245,0,,1.3,171.4,5.91,9.2,,1.8
"2025-05-02 22:22:20",4373,3396,60229,0,,0.05,171.4,5.88,9.2,,1.8
"2025-05-02 22:22:21",4376,3399,60214,-33.156075,-70.966842,2.85,150,5.86,9.15,,1.8
"2025-05-02 22:22:22",4377,3400,60206,0,,1.05,252.8,5.94,9.1,,1.7
"2025-05-02 22:22:23",4378,3401,60199,0,,1.3,168.1,5.92,9.05,,1.7
"2025-05-02 22:22:24",4379,3402,60192,-33.156102,-70.966835,1.5,128.5,6,9,,1.7
"2025-05-02 22:22:25",4380,3403,60185,0,,2.15,252.7,5.96,8.95,,1.6
"2025-05-02 22:22:26",4380,3403,60178,0,,1.8,117.2,5.96,8.95,,1.5
"2025-05-02 22:22:27",4381,3404,60172,-33.156118,-70.96684,0.05,117.2,5.98,8.9,,1.5
"2025-05-02 22:22:29",4386,3409,60135,0,,0.15,117.2,5.97,8.8,,1.6
"2025-05-02 22:22:30",4389,3412,60118,-33.15614,-70.966845,2.15,234.3,5.89,8.75,20,1.6
"2025-05-02 22:22:31",4390,3413,60106,0,,1,104.8,5.88,8.7,,1.6
"2025-05-02 22:22:32",4392,3415,60095,0,,0,104.8,5.88,8.65,,1.6
"2025-05-02 22:22:33",4393,3416,60084,-33.15616,-70.966852,2.3,204.1,5.84,8.6,,1.5
"2025-05-02 22:22:34",4396,3419,60067,0,,2.05,70.2,5.85,8.65,,1.5
"2025-05-02 22:22:35",4398,3421,60050,0,,1.9,216.3,5.84,8.6,,1.6
"2025-05-02 22:22:36",4400,3423,60034,-33.156178,-70.966845,0.1,216.3,5.84,8.6,,1.7
"2025-05-02 22:22:37",4401,3424,60028,0,,0.05,216.3,5.85,8.55,,1.8
"2025-05-02 22:22:38",4402,3425,60023,0,,0.15,216.3,5.84,8.55,,1.8
"2025-05-02 22:22:39",4402,3425,60018,-33.156197,-70.966833,0.15,216.3,5.88,8.55,,1.8
"2025-05-02 22:22:40",4404,3427,60007,0,,0.1,216.3,5.85,8.55,,1.7
"2025-05-02 22:22:41",4405,3428,59996,0,,0.1,216.3,5.85,8.5,,1.7
"2025-05-02 22:22:42",4407,3430,59986,-33.156207,-70.966837,0.05,216.3,5.85,8.5,,1.6
"2025-05-02 22:22:44",4411,3434,59952,0,,1.65,70.4,5.85,8.5,,1.6
"2025-05-02 22:22:45",4414,3437,59936,-33.156225,-70.966825,0.1,70.4,5.84,8.5,,1.7
"2025-05-02 22:22:46",4416,3439,59920,0,,0.2,70.4,5.84,8.5,,1.7
"2025-05-02 22:22:47",4418,3441,59905,0,,0.1,70.4,5.84,8.5,,1.7
"2025-05-02 22:22:48",4420,3443,59890,-33.156237,-70.96682,2.3,155.6,5.79,8.5,,1.6
"2025-05-02 22:22:49",4421,3444,59879,0,,0,155.6,5.84,8.5,,1.7
"2025-05-02 22:22:50",4423,3446,59869,0,,0.05,155.6,5.79,8.5,,1.7
"2025-05-02 22:22:51",4424,3447,59860,-33.156252,-70.966803,2.2,111.6,5.84,8.5,,1.8
"2025-05-02 22:22:52",4425,3448,59852,0,,1.45,244.7,5.79,8.5,,1.8
"2025-05-02 22:22:53",4426,3449,59844,0,,1.05,87.8,5.75,8.5,,1.7
"2025-05-02 22:22:54",4427,3450,59836,-33.156262,-70.9668,0.05,87.8,5.73,8.5,,1.7
"2025-05-02 22:22:55",4429,3452,59821,0,,0.15,87.8,5.68,8.5,,1.7
"2025-05-02 22:22:56",4431,3454,59807,0,,0.1,87.8,5.72,8.5,,1.7
"2025-05-02 22:22:57",4433,3456,59794,-33.156277,-70.966788,0.15,87.8,5.67,8.55,19.75,1.6
"2025-05-02 22:22:58",4435,3458,59781,0,,0.05,87.8,5.67,8.55,,1.6
"2025-05-02 22:22:59",4437,3460,59768,0,,0,87.8,5.66,8.6,,1.6
"2025-05-02 22:23:00",4438,3461,59756,-33.156293,-70.966778,1.95,152.9,5.6,8.6,,1.6
"2025-05-02 22:23:01",4440,3463,59745,0,,1.35,19.4,5.66,8.6,,1.5
"2025-05-02 22:23:02",4441,3464,59735,0,,1.5,143.9,5.6,8.6,,1.5
"2025-05-02 22:23:03",4442,3465,59726,-33.156297,-70.966755,0.1,143.9,5.63,8.65,,1.5
"2025-05-02 22:23:04",4443,3466,59723,0,,0.05,143.9,5.58,8.65,,1.5
"2025-05-02 22:23:05",4443,3466,59720,0,,2.5,129.6,5.54,8.7,,1.4
"2025-05-02 22:23:06",4443,3466,59718,-33.156302,-70.966733,1.05,336.7,5.59,8.75,,1.3
"2025-05-02 22:23:07",4446,3469,59696,0,,1.1,132.9,5.56,8.7,,1.5
"2025-05-02 22:23:08",4450,3473,59674,0,,1.3,100.4,5.6,8.75,,1.6
"2025-05-02 22:23:09",4453,3476,59652,-33.1563,-70.966718,0.8,100.4,5.59,8.75,,1.6
"2025-05-02 22:23:11",4457,3480,59622,0,,0.05,128.4,5.59,8.8,,1.7
"2025-05-02 22:23:12",4459,3482,59608,-33.156313,-70.966695,0.1,128.4,5.53,8.8,,1.7
"2025-05-02 22:23:14",4463,3486,59578,0,,1.5,254.9,5.5,8.85,,1.8
"2025-05-02 22:23:15",4465,3488,59564,-33.15633,-70.966675,1.75,111.5,5.47,8.85,,1.9
"2025-05-02 22:23:17",4467,3490,59548,0,,1.6,179.6,5.45,8.85,,1.9
"2025-05-02 22:23:18",4468,3491,59540,-33.156343,-70.966628,3.1,82.7,5.52,8.85,,1.9
"2025-05-02 22:23:20",4470,3493,59523,0,,0.15,82.7,5.41,8.85,,1.7
"2025-05-02 22:23:21",4471,3494,59516,-33.156337,-70.966602,1.9,19.4,5.42,8.9,,1.6
"2025-05-02 22:23:23",4475,3498,59486,0,,2.65,58.4,5.42,8.9,,1.6
"2025-05-02 22:23:24",4477,3500,59472,-33.156338,-70.966565,0.1,58.4,5.37,8.9,19.5,1.6
"2025-05-02 22:23:26",4481,3504,59445,0,,0.05,105.1,5.34,8.9,,1.6
"2025-05-02 22:23:27",4483,3506,59432,-33.156348,-70.966535,3,121.4,5.29,8.9,,1.6
"2025-05-02 22:23:30",4487,3510,59400,-33.156357,-70.966485,3.6,91.9,5.33,9.05,,1.6
"2025-05-02 22:23:32",4489,3512,59385,0,,0.15,91.9,5.23,9.2,,1.5
"2025-05-02 22:23:33",4490,3513,59378,-33.15635,-70.96645,1.95,57.6,5.25,9.3,,1.6
"2025-05-02 22:23:34",4492,3515,59368,0,,0.1,57.6,5.16,9.35,,1.6
"2025-05-02 22:23:35",4493,3516,59358,0,,3.45,76.5,5.04,9.4,,1.6
"2025-05-02 22:23:36",4494,3517,59348,-33.156345,-70.9664,0.1,76.5,5.05,9.4,,1.5
"2025-05-02 22:23:37",4496,3519,59335,0,,2.1,94.2,4.97,9.55,,1.5
"2025-05-02 22:23:38",4498,3521,59322,0,,3.05,64.6,4.92,9.65,,1.4
"2025-05-02 22:23:39",4500,3523,59310,-33.156335,-70.96635,1.05,163.3,4.9,9.75,,1.4
"2025-05-02 22:23:40",4502,3525,59291,0,,3.5,73.6,4.94,9.85,,1.5
"2025-05-02 22:23:41",4505,3528,59272,0,,1.9,92.9,4.9,9.95,,1.6
"2025-05-02 22:23:42",4507,3530,59254,-33.156333,-70.966288,1.5,109.9,4.9,10,,1.6
"2025-05-02 22:23:43",4510,3533,59237,0,,3.35,69.6,4.83,10.05,,1.7
"2025-05-02 22:23:44",4512,3535,59221,0,,1.55,129.4,4.79,10.1,,1.9
"2025-05-02 22:23:45",4514,3537,59206,-33.15633,-70.96622,3.3,87.5,4.86,10.2,,2
"2025-05-02 22:23:46",4516,3539,59193,0,,1.45,46.5,4.83,10.25,,2
"2025-05-02 22:23:47",4517,3540,59180,0,,2.05,116.8,4.81,10.35,,2
"2025-05-02 22:23:48",4519,3542,59168,-33.15632,-70.966158,3.45,66.7,4.78,10.4,,2.1
"2025-05-02 22:23:49",4521,3544,59156,0,,1.4,154.1,4.72,10.5,,2.1
"2025-05-02 22:23:50",4523,3546,59144,0,,3.6,89.6,4.82,10.6,,2.1
"2025-05-02 22:23:51",4524,3547,59132,-33.156323,-70.96609,1.45,68.9,4.8,10.65,19.5,2
"2025-05-02 22:23:52",4524,3547,59133,0,,2.2,136,4.78,10.7,,1.8
"2025-05-02 22:23:53",4524,3547,59134,0,,4.15,72.4,4.74,10.75,,1.6
"2025-05-02 22:23:54",4524,3547,59136,-33.156333,-70.966022,1.7,130.1,4.73,10.8,,1.4
"2025-05-02 22:23:55",4525,3548,59126,0,,3.05,89.9,4.78,10.9,,1.4
"2025-05-02 22:23:56",4526,3549,59116,0,,3.05,78.6,4.76,10.95,,1.3
"2025-05-02 22:23:57",4528,3551,59106,-33.156337,-70.965945,1.8,144.2,4.74,11,,1.2
"2025-05-02 22:23:58",4530,3553,59089,0,,3.6,86.8,4.7,11.05,,1.2
"2025-05-02 22:23:59",4532,3555,59073,0,,2.3,108.1,4.68,11.1,,1.3
"2025-05-02 22:24:00",4534,3557,59058,-33.156345,-70.965867,2.3,99.5,4.75,11.15,,1.3
"2025-05-02 22:24:01",4538,3561,59032,0,,3.75,66.9,4.78,11.15,,1.4
"2025-05-02 22:24:02",4542,3565,59006,0,,2.2,128,4.75,11.2,,1.6
"2025-05-02 22:24:03",4545,3568,58980,-33.156335,-70.965788,2.7,63.3,4.75,11.25,,1.8
"2025-05-02 22:24:04",4547,3570,58965,0,,2.7,78.8,4.72,11.3,,1.9
"2025-05-02 22:24:05",4549,3572,58951,0,,3.55,109.3,4.72,11.3,,2.1
"2025-05-02 22:24:06",4551,3574,58938,-33.156327,-70.9657,3.1,58.9,4.76,11.35,,2.3
"2025-05-02 22:24:07",4552,3575,58929,0,,1.85,114.2,4.72,11.4,,2.3
"2025-05-02 22:24:08",4554,3577,58920,0,,3.1,75.9,4.72,11.45,,2.3
"2025-05-02 22:24:09",4555,3578,58912,-33.156313,-70.965625,2.2,63.2,4.69,11.5,,2.2
"2025-05-02 22:24:10",4556,3579,58899,0,,3.65,116.6,4.59,11.55,,2.2
"2025-05-02 22:24:11",4558,3581,58887,0,,4.35,59.8,4.72,11.6,,2.1
"2025-05-02 22:24:12",4560,3583,58876,-33.156308,-70.96553,2.75,108.1,4.69,11.65,,2.1
"2025-05-02 22:24:15",4565,3588,58836,-33.156305,-70.96544,4.3,94.9,4.65,11.8,,1.7
"2025-05-02 22:24:16",4567,3590,58825,0,,3,63.5,4.6,11.85,,1.7
"2025-05-02 22:24:17",4568,3591,58814,0,,2.3,93.3,4.57,11.85,,1.6
"2025-05-02 22:24:18",4570,3593,58804,-33.156288,-70.965337,5.15,76.7,4.5,11.95,19.5,1.6
"2025-05-02 22:24:19",4571,3594,58795,0,,1.3,84.6,4.45,12,,1.5
"2025-05-02 22:24:20",4572,3595,58787,0,,4.55,77.3,4.43,12.05,,1.5
"2025-05-02 22:24:21",4573,3596,58780,-33.156268,-70.965235,3.15,70.5,4.43,12.1,,1.5
"2025-05-02 22:24:22",4574,3597,58770,0,,2.5,103.6,4.43,12.2,,1.5
"2025-05-02 22:24:23",4576,3599,58760,0,,4.3,56.4,4.43,12.2,,1.5
"2025-05-02 22:24:24",4577,3600,58750,-33.156248,-70.965142,2.6,96.8,4.42,12.3,,1.5
"2025-05-02 22:24:25",4578,3601,58742,0,,4.4,74.3,4.48,12.3,,1.4
"2025-05-02 22:24:26",4579,3602,58735,0,,3.85,61.8,4.43,12.35,,1.4
"2025-05-02 22:24:27",4580,3603,58728,-33.15623,-70.965023,4.95,107.5,4.39,12.35,,1.2
"2025-05-02 22:24:29",4584,3607,58698,0,,3.8,89.8,4.44,12.45,,1.4
"2025-05-02 22:24:30",4586,3609,58684,-33.156213,-70.964902,4.3,87.4,4.48,12.5,,1.4
"2025-05-02 22:24:31",4588,3611,58674,0,,2.35,51.2,4.43,12.5,,1.4
"2025-05-02 22:24:32",4589,3612,58665,0,,5.05,91.3,4.4,12.5,,1.4
"2025-05-02 22:24:33",4590,3613,58656,-33.156192,-70.964787,3.7,73.7,4.37,12.55,,1.4
"2025-05-02 22:24:34",4592,3615,58645,0,,3.15,65.6,4.37,12.55,,1.4
"2025-05-02 22:24:35",4593,3616,58635,0,,5.55,88.6,4.31,12.6,,1.4
"2025-05-02 22:24:36",4594,3617,58626,-33.156168,-70.964668,2.1,56.3,4.35,12.65,,1.4
"2025-05-02 22:24:37",4597,3620,58611,0,,4.8,78,4.28,12.75,,1.5
"2025-05-02 22:24:38",4599,3622,58596,0,,3.75,81.5,4.26,12.75,,1.6
"2025-05-02 22:24:39",4601,3624,58582,-33.156143,-70.964555,2.8,73.5,4.25,12.8,,1.7
"2025-05-02 22:24:40",4602,3625,58570,0,,6,86.7,4.2,12.85,,1.7
"2025-05-02 22:24:41",4604,3627,58559,0,,2.15,71.9,4.27,12.9,,1.6
"2025-05-02 22:24:42",4605,3628,58548,-33.156125,-70.964438,3.45,77,4.24,12.95,,1.6
"2025-05-02 22:24:43",4607,3630,58534,0,,4.6,85.7,4.21,13,,1.6
"2025-05-02 22:24:44",4609,3632,58522,0,,2.25,52.7,4.23,13.05,,1.6
"2025-05-02 22:24:45",4611,3634,58510,-33.156107,-70.964325,4.85,87.7,4.19,13.05,19.5,1.7
"2025-05-02 22:24:46",4612,3635,58499,0,,3.4,70.1,4.28,13.1,,1.7
"2025-05-02 22:24:47",4614,3637,58487,0,,3.2,65.9,4.24,13.1,,1.7
"2025-05-02 22:24:48",4615,3638,58476,-33.156083,-70.9642,5.3,93,4.16,13.15,,1.7
"2025-05-02 22:24:49",4616,3639,58474,0,,2.9,48.8,4.21,13.2,,1.6
"2025-05-02 22:24:50",4616,3639,58472,0,,4.6,79.7,4.16,13.2,,1.5
"2025-05-02 22:24:51",4616,3639,58470,-33.156058,-70.96408,3.55,79.8,4.18,13.25,,1.4
"2025-05-02 22:24:52",4618,3641,58460,0,,2.85,53.2,4.16,13.25,,1.3
"2025-05-02 22:24:53",4619,3642,58451,0,,5.35,90.3,4.11,13.3,,1.3
"2025-05-02 22:24:54",4620,3643,58442,-33.156033,-70.963958,3.35,63.5,4.14,13.35,,1.3
"2025-05-02 22:24:55",4623,3646,58422,0,,4.85,74.1,4.09,13.35,,1.3
"2025-05-02 22:24:56",4626,3649,58403,0,,4.55,90.2,4.06,13.4,,1.4
"2025-05-02 22:24:57",4628,3651,58384,-33.156005,-70.963832,3.35,59,4.07,13.45,,1.5
"2025-05-02 22:24:58",4630,3653,58371,0,,5.85,90.3,4.01,13.5,,1.5
"2025-05-02 22:24:59",4632,3655,58358,0,,3.35,72.5,4.11,13.55,,1.5
"2025-05-02 22:25:00",4634,3657,58346,-33.15598,-70.963702,3.9,65.9,4.07,13.6,,1.5
"2025-05-02 22:25:01",4635,3658,58333,0,,5,101.4,4.05,13.6,,1.5
"2025-05-02 22:25:02",4637,3660,58320,0,,3.85,55.9,4.08,13.6,,1.6
"2025-05-02 22:25:03",4639,3662,58308,-33.155963,-70.96357,4.2,87.9,4.04,13.65,,1.8
"2025-05-02 22:25:04",4639,3662,58309,0,,3.8,89,4.07,13.7,,1.8
"2025-05-02 22:25:05",4639,3662,58310,0,,4.95,63.2,4.04,13.7,,1.6
"2025-05-02 22:25:06",4638,3661,58312,-33.155947,-70.963442,3.4,110.1,3.98,13.75,,1.5
"2025-05-02 22:25:07",4640,3663,58298,0,,4.8,68.6,3.98,13.8,,1.4
"2025-05-02 22:25:08",4642,3665,58285,0,,4.75,81.8,3.92,13.8,,1.4
"2025-05-02 22:25:09",4644,3667,58272,-33.15593,-70.96331,3.1,91.8,3.9,13.85,,1.3
"2025-05-02 22:25:10",4647,3670,58252,0,,6.1,67.7,3.85,13.9,,1.4
"2025-05-02 22:25:11",4649,3672,58233,0,,3.05,99.3,3.82,13.9,,1.5
"2025-05-02 22:25:12",4652,3675,58214,-33.155907,-70.963178,4.25,69.5,3.8,13.95,19.25,1.6
"2025-05-02 22:25:14",4655,3678,58188,0,,2.4,76,3.76,13.95,,1.5
"2025-05-02 22:25:15",4657,3680,58176,-33.155882,-70.963043,6.05,79.1,3.74,13.95,,1.5
"2025-05-02 22:25:16",4658,3681,58171,0,,3.5,75.2,3.81,13.95,,1.6
"2025-05-02 22:25:17",4658,3681,58167,0,,4,74.6,3.81,14,,1.7
"2025-05-02 22:25:18",4659,3682,58164,-33.155863,-70.9629,5.45,95.6,3.8,14.05,,1.7
"2025-05-02 22:25:19",4661,3684,58152,0,,3.9,56.2,3.84,14.1,,1.7
"2025-05-02 22:25:20",4662,3685,58141,0,,5.2,88.7,3.78,14.15,,1.7
"2025-05-02 22:25:21",4664,3687,58130,-33.155842,-70.96276,3.7,81.1,3.84,14.15,,1.7
"2025-05-02 22:25:22",4666,3689,58116,0,,4.95,66.4,3.79,14.2,,1.7
"2025-05-02 22:25:23",4667,3690,58103,0,,4.1,105.8,3.75,14.15,,1.6
"2025-05-02 22:25:24",4669,3692,58090,-33.155823,-70.962627,4.85,68.8,3.75,14.2,,1.5
"2025-05-02 22:25:26",4673,3696,58066,0,,3,76.5,3.68,14.25,,1.4
"2025-05-02 22:25:27",4674,3697,58054,-33.1558,-70.962485,6.25,77.2,3.63,14.3,,1.4
"2025-05-02 22:25:30",4674,3697,58058,-33.15578,-70.962347,5.2,91.7,3.7,14.35,,1.2
"2025-05-02 22:25:31",4677,3700,58037,0,,4,55.1,3.68,14.4,,1.4
"2025-05-02 22:25:32",4679,3702,58017,0,,5.1,95.1,3.64,14.4,,1.5
"2025-05-02 22:25:33",4682,3705,57998,-33.155757,-70.962207,4.15,73.2,3.7,14.4,,1.6
"2025-05-02 22:25:34",4684,3707,57984,0,,4.75,75.3,3.68,14.4,,1.6
"2025-05-02 22:25:35",4686,3709,57970,0,,3.75,106.5,3.64,14.45,,1.6
"2025-05-02 22:25:36",4688,3711,57956,-33.155742,-70.962073,5.05,68.5,3.63,14.45,,1.6
"2025-05-02 22:25:37",4690,3713,57945,0,,3.95,85.8,3.61,14.4,,1.6
"2025-05-02 22:25:38",4691,3714,57934,0,,3.85,82.5,3.57,14.45,,1.5
"2025-05-02 22:25:39",4693,3716,57924,-33.155715,-70.961932,6.1,74,3.53,14.45,19,1.5
"2025-05-02 22:25:41",4695,3718,57905,0,,4.95,74.3,3.49,14.5,,1.5
"2025-05-02 22:25:42",4697,3720,57896,-33.155698,-70.961787,5,80.7,3.48,14.55,,1.9
"2025-05-02 22:25:44",4696,3719,57897,0,,6.25,69.5,3.39,14.55,,1.4
"2025-05-02 22:25:45",4696,3719,57898,-33.155682,-70.961652,3.5,94.1,3.36,14.6,,1.2
"2025-05-02 22:25:47",4698,3721,57884,0,,4.5,75,3.34,14.65,,1.1
"2025-05-02 22:25:48",4699,3722,57878,-33.15567,-70.961513,3.4,117.4,3.31,14.7,,1
"2025-05-02 22:25:50",4706,3729,57829,0,,4.4,97.8,3.21,14.7,,1.2
"2025-05-02 22:25:51",4709,3732,57806,-33.155658,-70.961368,4.15,75.3,3.2,14.75,,1.4
"2025-05-02 22:25:53",4712,3735,57783,0,,3.5,83.2,3.17,14.85,,1.4
"2025-05-02 22:25:54",4714,3737,57772,-33.155635,-70.961217,5.9,78,3.16,14.85,,1.4
"2025-05-02 22:25:55",4716,3739,57759,0,,,,3.25,14.85,,1.5
"2025-05-02 22:25:56",4717,3740,57747,0,,,,3.25,14.9,,1.7
"2025-05-02 22:25:57",4719,3742,57736,0,,,,3.21,14.9,,1.9
"2025-05-02 22:25:59",4719,3742,57737,0,,5.15,83.2,3.26,14.9,,1.7
"2025-05-02 22:26:00",4719,3742,57738,-33.155593,-70.960922,4.5,88,3.34,14.9,,1.6
"2025-05-02 22:26:03",4726,3749,57684,-33.155565,-70.96077,4.25,66,3.26,14.9,,1.6
"2025-05-02 22:26:04",4728,3751,57669,0,,5.05,80.6,3.24,14.9,,1.5
"2025-05-02 22:26:05",4730,3753,57655,0,,3.75,99.3,3.21,14.9,,1.5
"2025-05-02 22:26:06",4732,3755,57642,-33.155543,-70.960627,6.2,66.7,3.15,14.9,18.75,1.5
"2025-05-02 22:26:07",4734,3757,57628,0,,3.85,98.2,3.06,14.9,,1.6
"2025-05-02 22:26:08",4736,3759,57614,0,,4.75,74.2,3.06,14.9,,1.6
"2025-05-02 22:26:09",4738,3761,57600,-33.15552,-70.960477,5.6,79.7,3.05,14.9,,1.6
"2025-05-02 22:26:10",4738,3761,57602,0,,2.65,93.3,3.05,14.9,,1.5
"2025-05-02 22:26:11",4738,3761,57605,0,,6.25,82.6,3.05,14.9,,1.3
"2025-05-02 22:26:12",4737,3760,57608,-33.155508,-70.960333,3.8,83.4,3.05,14.95,,1.4
"2025-05-02 22:26:13",4739,3762,57591,0,,4.6,77.6,3.05,14.95,,1.6
"2025-05-02 22:26:14",4742,3765,57574,0,,6,89.9,3.05,14.95,,1.6
"2025-05-02 22:26:15",4744,3767,57558,-33.155488,-70.960187,3.15,66.2,3.05,15,,1.7
"2025-05-02 22:26:16",4746,3769,57543,0,,5.9,89.4,3.05,14.95,,1.5
"2025-05-02 22:26:17",4748,3771,57528,0,,4.35,79.5,3.12,14.95,,1.5
"2025-05-02 22:26:18",4750,3773,57514,-33.155463,-70.96004,4.6,66.2,3.06,14.9,,1.5
"2025-05-02 22:26:19",4752,3775,57503,0,,5.95,99.1,3.05,14.9,,1.5
"2025-05-02 22:26:20",4753,3776,57492,0,,4.4,65.5,3.06,14.9,,1.4
"2025-05-02 22:26:21",4755,3778,57482,-33.155443,-70.959885,5.1,83.2,3.05,14.9,,1.4
"2025-05-02 22:26:22",4755,3778,57482,0,,4.25,93.1,3.05,14.85,,1.4
"2025-05-02 22:26:23",4755,3778,57482,0,,5.75,63.7,3.05,14.85,,1.5
"2025-05-02 22:26:24",4755,3778,57482,-33.155423,-70.959737,4.3,100.8,3.05,14.85,,1.5
"2025-05-02 22:26:25",4757,3780,57465,0,,4.75,71.8,3.05,14.85,,1.5
"2025-05-02 22:26:26",4760,3783,57448,0,,5.35,83,3.04,14.85,,1.5
"2025-05-02 22:26:27",4762,3785,57432,-33.155407,-70.959595,2.9,82.9,3,14.9,,1.5
"2025-05-02 22:26:29",4766,3789,57402,0,,3.8,94.2,2.86,14.9,,1.5
"2025-05-02 22:26:30",4768,3791,57388,-33.155387,-70.959445,5.25,71,2.81,14.9,,1.5
"2025-05-02 22:26:31",4770,3793,57375,0,,5.85,93.4,2.79,14.9,,1.5
"2025-05-02 22:26:32",4772,3795,57363,0,,3.5,62.1,2.79,14.9,,1.5
"2025-05-02 22:26:33",4773,3796,57352,-33.155362,-70.959288,6.25,84,2.75,14.9,18.5,1.5
"2025-05-02 22:26:34",4773,3796,57356,0,,4.05,85.7,2.79,14.9,,1.5
"2025-05-02 22:26:35",4772,3795,57361,0,,5.3,72,2.77,14.9,,1.4
"2025-05-02 22:26:36",4771,3794,57366,-33.155347,-70.959137,4.45,101.1,2.77,14.9,,1.4
"2025-05-02 22:26:37",4775,3798,57341,0,,5.25,74.1,2.77,14.9,,1.5
"2025-05-02 22:26:38",4778,3801,57316,0,,5.3,94.9,2.74,14.9,,1.6
"2025-05-02 22:26:39",4782,3805,57292,-33.155333,-70.95898,4.25,73.5,2.73,14.9,,1.6
"2025-05-02 22:26:40",4784,3807,57279,0,,6.05,82.5,2.68,14.9,,1.6
"2025-05-02 22:26:41",4785,3808,57267,0,,3.05,82.8,2.72,14.9,,1.6
"2025-05-02 22:26:42",4787,3810,57256,-33.155313,-70.958832,5.5,80.4,2.72,14.9,,1.5
"2025-05-02 22:26:44",4788,3811,57245,0,,4.65,77,2.79,14.9,,1.4
"2025-05-02 22:26:45",4789,3812,57240,-33.155298,-70.958677,4.85,95.1,2.79,14.9,,1.4
"2025-05-02 22:26:46",4790,3813,57232,0,,4.2,64.6,2.79,14.9,,1.3
"2025-05-02 22:26:47",4791,3814,57224,0,,5.05,88,2.75,14.9,,1.5
"2025-05-02 22:26:48",4793,3816,57216,-33.155277,-70.958535,3.85,88.2,2.78,14.85,,1.6
"2025-05-02 22:26:49",4796,3819,57194,0,,5.9,68.1,2.74,14.85,,1.7
"2025-05-02 22:26:50",4799,3822,57173,0,,3.65,98,2.71,14.85,,1.7
"2025-05-02 22:26:51",4802,3825,57152,-33.155248,-70.958393,4.95,66,2.66,14.85,,1.7
"2025-05-02 22:26:52",4804,3827,57139,0,,5.25,85.4,2.61,14.8,,1.7
"2025-05-02 22:26:53",4805,3828,57126,0,,2.95,78.7,2.6,14.8,,1.7
"2025-05-02 22:26:54",4807,3830,57114,-33.155218,-70.958247,6.65,74.2,2.58,14.8,,1.7
"2025-05-02 22:26:55",4808,3831,57106,0,,3.45,90.7,2.58,14.8,,1.6
"2025-05-02 22:26:56",4809,3832,57099,0,,4.95,70.4,2.56,14.8,,1.7
"2025-05-02 22:26:57",4810,3833,57092,-33.155197,-70.958095,5.8,89.6,2.52,14.8,,1.8
"2025-05-02 22:26:59",4810,3833,57093,0,,5.95,80.3,2.56,14.8,,1.5
"2025-05-02 22:27:00",4810,3833,57094,-33.155167,-70.957952,3.95,85.8,2.58,14.75,18.25,1.4
"2025-05-02 22:27:01",4813,3836,57074,0,,,,2.53,14.75,,1.5
"2025-05-02 22:27:02",4816,3839,57054,0,,,,2.48,14.75,,1.5
"2025-05-02 22:27:03",4818,3841,57034,0,,,,2.53,14.75,,1.5
"2025-05-02 22:27:04",4821,3844,57019,0,,6.25,81.1,2.52,14.75,,1.4
"2025-05-02 22:27:05",4822,3845,57005,0,,4.15,80.5,2.53,14.75,,1.5
"2025-05-02 22:27:06",4824,3847,56992,-33.155095,-70.957643,5.9,60.5,2.47,14.75,,1.5
"2025-05-02 22:27:07",4826,3849,56982,0,,5.5,98.4,2.42,14.75,,1.4
"2025-05-02 22:27:08",4827,3850,56972,0,,5.2,51.8,2.42,14.75,,1.5
"2025-05-02 22:27:09",4829,3852,56962,-33.155053,-70.957483,5.95,78.3,2.38,14.75,,1.5
"2025-05-02 22:27:10",4829,3852,56963,0,,3.8,76.1,2.37,14.75,,1.4
"2025-05-02 22:27:11",4828,3851,56964,0,,6.6,65.9,2.34,14.75,,1.5
"2025-05-02 22:27:12",4828,3851,56966,-33.155018,-70.957333,3.65,90.5,2.34,14.75,,1.5
"2025-05-02 22:27:13",4831,3854,56943,0,,5.9,70.6,2.33,14.75,,1.7
"2025-05-02 22:27:14",4835,3858,56918,0,,5.45,80.4,2.32,14.75,,1.7
"2025-05-02 22:27:15",4838,3861,56894,-33.154983,-70.957177,4.1,57.8,2.33,14.75,,1.8
"2025-05-02 22:27:16",4840,3863,56882,0,,7.1,80.7,2.29,14.75,,1.6
"2025-05-02 22:27:17",4841,3864,56872,0,,4.35,66.9,2.34,14.75,,1.6
"2025-05-02 22:27:18",4843,3866,56862,-33.154942,-70.957012,5.8,69.2,2.31,14.75,,1.5
"2025-05-02 22:27:19",4845,3868,56849,0,,5.5,85.9,2.35,14.75,,1.6
"2025-05-02 22:27:20",4847,3870,56836,0,,5.25,55,2.32,14.75,,1.6
"2025-05-02 22:27:21",4848,3871,56824,-33.154898,-70.956845,6.2,83.3,2.28,14.7,,1.6
"2025-05-02 22:27:22",4848,3871,56824,0,,4.5,69.1,2.28,14.7,,1.5
"2025-05-02 22:27:23",4848,3871,56825,0,,6.55,66,2.24,14.7,,1.5
"2025-05-02 22:27:24",4848,3871,56826,-33.154858,-70.956685,4.2,87.3,2.22,14.65,,1.5
"2025-05-02 22:27:26",4854,3877,56783,0,,5.1,78.5,2.19,14.65,,1.6
"2025-05-02 22:27:27",4857,3880,56762,-33.154815,-70.956527,4.55,60.1,2.19,14.65,18,1.6
"2025-05-02 22:27:29",4860,3883,56741,0,,4.1,61.7,2.19,14.6,,1.6
"2025-05-02 22:27:30",4861,3884,56732,-33.154767,-70.956363,6.1,71.7,2.16,14.6,,1.5
"2025-05-02 22:27:31",4862,3885,56727,0,,4.8,80.1,2.21,14.6,,1.4
"2025-05-02 22:27:32",4863,3886,56723,0,,6.2,57,2.19,14.6,,1.3
"2025-05-02 22:27:33",4863,3886,56720,-33.15472,-70.9562,4.9,86.4,2.16,14.6,,1.2
"2025-05-02 22:27:34",4865,3888,56710,0,,5.5,60.5,2.16,14.55,,1.4
"2025-05-02 22:27:35",4866,3889,56701,0,,6.45,70.7,2.14,14.55,,1.5
"2025-05-02 22:27:36",4867,3890,56692,-33.154673,-70.956038,3.6,71.2,2.12,14.5,,1.6
"2025-05-02 22:27:37",4870,3893,56673,0,,7.2,69.3,2.08,14.5,,1.7
"2025-05-02 22:27:38",4873,3896,56654,0,,4.9,73.4,2.12,14.45,,1.5
"2025-05-02 22:27:39",4875,3898,56636,-33.154617,-70.955872,5.85,57.4,2.08,14.45,,1.5
"2025-05-02 22:27:40",4877,3900,56626,0,,6.35,85,2.03,14.45,,1.5
"2025-05-02 22:27:41",4878,3901,56616,0,,4.85,48.4,2.06,14.45,,1.5
"2025-05-02 22:27:42",4879,3902,56606,-33.154557,-70.955707,6.25,72.4,2.04,14.4,,1.5
"2025-05-02 22:27:44",4879,3902,56607,0,,6.95,59.8,2.01,14.35,,1.3
"2025-05-02 22:27:45",4879,3902,56608,-33.154503,-70.955545,4.35,83,2,14.35,,1.3
"2025-05-02 22:27:46",4883,3906,56584,0,,5.8,61.6,1.99,14.35,,1.5
"2025-05-02 22:27:47",4886,3909,56561,0,,6.25,77.4,1.97,14.35,,1.7
"2025-05-02 22:27:48",4889,3912,56538,-33.154448,-70.955382,4.85,51.1,1.97,14.35,,1.8
"2025-05-02 22:27:49",4891,3914,56524,0,,6.6,70.8,1.92,14.35,,1.8
"2025-05-02 22:27:50",4893,3916,56511,0,,4.15,68,1.93,14.35,,1.7
"2025-05-02 22:27:51",4895,3918,56498,-33.154388,-70.955223,6.8,62.6,1.91,14.4,,1.6
"2025-05-02 22:27:52",4896,3919,56489,0,,4.5,73.3,1.92,14.45,,1.6
"2025-05-02 22:27:53",4898,3921,56479,0,,6.05,56.1,1.9,14.45,,1.6
"2025-05-02 22:27:54",4899,3922,56470,-33.154323,-70.955055,6.55,77.8,1.87,14.45,17.5,1.6
"2025-05-02 22:27:55",4900,3923,56465,0,,4.95,50.4,1.87,14.5,,1.5
"2025-05-02 22:27:56",4900,3923,56461,0,,6.95,70.9,1.83,14.55,,1.7
"2025-05-02 22:27:57",4901,3924,56458,-33.154263,-70.954892,4.3,65.9,1.87,14.55,,1.8
"2025-05-02 22:27:58",4903,3926,56441,0,,6.5,57.4,1.85,14.55,,1.8
"2025-05-02 22:27:59",4906,3929,56423,0,,5.05,84.3,1.8,14.55,,1.8
"2025-05-02 22:28:00",4908,3931,56406,-33.154202,-70.954732,6,52.7,1.8,14.55,,1.7
"2025-05-02 22:28:01",4910,3933,56392,0,,6.85,75.4,1.76,14.6,,1.6
"2025-05-02 22:28:02",4912,3935,56379,0,,4.95,57.7,1.77,14.6,,1.6
"2025-05-02 22:28:03",4914,3937,56366,-33.154128,-70.954552,7.75,61.6,1.74,14.65,,1.6
"2025-05-02 22:28:04",4914,3937,56362,0,,4.45,71.6,1.72,14.6,,1.5
"2025-05-02 22:28:05",4915,3938,56359,0,,6.8,53.2,1.67,14.6,,1.4
"2025-05-02 22:28:06",4915,3938,56356,-33.154058,-70.954377,6.45,81.3,1.64,14.65,,1.4
"2025-05-02 22:28:07",4917,3940,56345,0,,5.4,48.8,1.64,14.65,,1.4
"2025-05-02 22:28:08",4918,3941,56334,0,,7.3,71,1.61,14.65,,1.4
"2025-05-02 22:28:09",4920,3943,56324,-33.153992,-70.954207,4.25,65.5,1.6,14.7,,1.5
"2025-05-02 22:28:11",4924,3947,56295,0,,5.15,71.5,1.56,14.75,,1.5
"2025-05-02 22:28:12",4926,3949,56282,-33.153915,-70.954028,6.9,51.8,1.56,14.75,,1.5
"2025-05-02 22:28:14",4929,3952,56258,0,,5.75,50.5,1.55,14.8,,1.5
"2025-05-02 22:28:15",4931,3954,56246,-33.153842,-70.953847,7.7,72.3,1.52,14.8,,1.5
"2025-05-02 22:28:17",4930,3953,56251,0,,7.7,60,1.49,14.8,,1.2
"2025-05-02 22:28:18",4930,3953,56254,-33.153768,-70.953668,5.4,74.5,1.53,14.8,,1.2
"2025-05-02 22:28:20",4936,3959,56212,0,,6.7,76.2,1.46,14.85,,1.5
"2025-05-02 22:28:21",4939,3962,56192,-33.153687,-70.953498,5.2,47.5,1.47,14.85,17.5,1.6
"2025-05-02 22:28:22",4941,3964,56178,0,,,,1.45,14.85,,1.6
"2025-05-02 22:28:23",4943,3966,56166,0,,,,1.47,14.85,,1.6
"2025-05-02 22:28:24",4944,3967,56154,0,,,,1.47,14.9,,1.6
"2025-05-02 22:28:26",4946,3969,56142,0,,6.6,48.4,1.5,14.9,,1.4
"2025-05-02 22:28:27",4947,3970,56136,-33.153528,-70.953142,6.55,76.4,1.48,14.9,,1.4
"2025-05-02 22:28:30",4950,3973,56114,-33.153448,-70.952965,4.6,63.6,1.48,14.9,,1.5
"2025-05-02 22:28:32",4955,3978,56077,0,,5.55,63.3,1.48,14.9,,1.8
"2025-05-02 22:28:33",4958,3981,56060,-33.153367,-70.952785,6.7,55.5,1.45,14.9,,1.7
"2025-05-02 22:28:34",4960,3983,56048,0,,7.1,74.4,1.41,14.85,,1.6
"2025-05-02 22:28:35",4961,3984,56036,0,,5.75,45.4,1.42,14.85,,1.6
"2025-05-02 22:28:36",4963,3986,56024,-33.153283,-70.9526,7.7,67.9,1.37,14.85,,1.6
"2025-05-02 22:28:37",4963,3986,56024,0,,5.5,61.2,1.41,14.85,,1.4
"2025-05-02 22:28:38",4963,3986,56025,0,,7.6,53,1.37,14.85,,1.3
"2025-05-02 22:28:39",4963,3986,56026,-33.153203,-70.952412,6.05,79.1,1.31,14.8,,1.3
"2025-05-02 22:28:40",4965,3988,56010,0,,6.5,45.6,1.31,14.85,,1.4
"2025-05-02 22:28:41",4967,3990,55995,0,,6.7,66.3,1.29,14.8,,1.5
"2025-05-02 22:28:42",4969,3992,55980,-33.153118,-70.95224,5.1,57.8,1.28,14.8,,1.6
"2025-05-02 22:28:43",4972,3995,55964,0,,8.3,62.1,1.25,14.85,,1.7
"2025-05-02 22:28:44",4974,3997,55949,0,,5.3,59.8,1.28,14.8,,1.5
"2025-05-02 22:28:45",4976,3999,55934,-33.153028,-70.952057,7,55.7,1.26,14.85,,1.5
"2025-05-02 22:28:46",4978,4001,55920,0,,6.05,73.9,1.25,14.85,,1.5
"2025-05-02 22:28:47",4980,4003,55908,0,,7.5,57.9,1.24,14.85,,1.5
"2025-05-02 22:28:48",4982,4005,55896,-33.152948,-70.95186,7.4,71.3,1.18,14.85,17,1.5
"2025-05-02 22:28:49",4981,4004,55899,0,,5.45,57.6,1.21,14.85,,1.4
"2025-05-02 22:28:50",4981,4004,55902,0,,7.85,56.2,1.18,14.85,,1.4
"2025-05-02 22:28:51",4980,4003,55906,-33.152867,-70.951683,4.85,70.3,1.18,14.8,,1.3
"2025-05-02 22:28:52",4983,4006,55885,0,,7.15,47.8,1.16,14.8,,1.5
"2025-05-02 22:28:53",4986,4009,55865,0,,6.3,68.7,1.1,14.8,,1.6
"2025-05-02 22:28:54",4989,4012,55846,-33.15278,-70.951518,5.25,49.9,1.11,14.8,,1.6
"2025-05-02 22:28:55",4991,4014,55831,0,,7.95,66,1.08,14.8,,1.6
"2025-05-02 22:28:56",4993,4016,55817,0,,4.7,57,1.09,14.8,,1.6
"2025-05-02 22:28:57",4995,4018,55804,-33.152697,-70.951343,7.3,57.3,1.04,14.8,,1.6
"2025-05-02 22:28:58",4996,4019,55792,0,,5.95,68.7,1.11,14.8,,1.6
"2025-05-02 22:28:59",4998,4021,55780,0,,6.5,44.2,1.09,14.8,,1.6
"2025-05-02 22:29:00",5000,4023,55768,-33.152608,-70.951168,6.65,71.8,1.08,14.8,,1.6
"2025-05-02 22:29:01",5000,4023,55767,0,,5.75,52.2,1.1,14.75,,1.6
"2025-05-02 22:29:02",5000,4023,55766,0,,7.6,59.8,1.05,14.7,,1.6
"2025-05-02 22:29:03",5000,4023,55766,-33.152528,-70.95099,4.8,67.2,1.05,14.7,,1.7
"2025-05-02 22:29:04",5003,4026,55747,0,,8.15,58.2,1.03,14.65,,1.7
"2025-05-02 22:29:05",5006,4029,55728,0,,5.8,67.6,1.03,14.6,,1.7
"2025-05-02 22:29:06",5008,4031,55710,-33.152442,-70.950812,6.4,44,1.01,14.55,,1.6
"2025-05-02 22:29:07",5010,4033,55700,0,,7.8,67.7,0.97,14.5,,1.6
"2025-05-02 22:29:08",5011,4034,55690,0,,4.5,50.4,0.98,14.5,,1.6
"2025-05-02 22:29:09",5013,4036,55680,-33.152353,-70.950633,7.9,61.4,0.97,14.4,,1.5
"2025-05-02 22:29:10",5014,4037,55671,0,,5.75,67.3,0.99,14.35,,1.5
"2025-05-02 22:29:11",5015,4038,55662,0,,6.95,47.5,0.98,14.3,,1.4
"2025-05-02 22:29:12",5017,4040,55654,-33.152267,-70.950447,7.25,76.1,0.94,14.2,,1.4
"2025-05-02 22:29:14",5018,4041,55645,0,,7.2,64,1,14.1,,1.4
"2025-05-02 22:29:15",5018,4041,55642,-33.152178,-70.950268,5.3,58.9,1,14,16.75,1.4
"2025-05-02 22:29:19",5027,4050,55580,0,,7.3,68.7,0.88,13.8,,1.5
"2025-05-02 22:29:20",5029,4052,55565,0,,5.45,47.3,0.87,13.75,,1.5
"2025-05-02 22:29:21",5032,4055,55550,-33.151987,-70.949898,9.1,61,0.82,13.7,,1.6
"2025-05-02 22:29:22",5032,4055,55548,0,,5.45,62.5,0.85,13.6,,1.5
"2025-05-02 22:29:23",5032,4055,55547,0,,7.7,56,0.86,13.55,,1.4
"2025-05-02 22:29:24",5032,4055,55546,-33.1519,-70.949702,6.95,71.6,0.87,13.5,,1.3
"2025-05-02 22:29:25",5033,4056,55543,0,,7.55,42.6,0.87,13.45,,1.2
"2025-05-02 22:29:26",5033,4056,55541,0,,8,69.3,0.84,13.35,,1.3
"2025-05-02 22:29:27",5033,4056,55540,-33.151797,-70.949502,6.5,56.4,0.89,13.3,,1.2
"2025-05-02 22:29:29",5040,4063,55495,0,,7.05,71.3,0.99,13.05,,1.5
"2025-05-02 22:29:30",5043,4066,55472,-33.151688,-70.94927,9.05,50.1,0.96,12.9,,1.7
"2025-05-02 22:29:31",5045,4068,55456,0,,8.75,74,0.91,12.75,,1.7
"2025-05-02 22:29:32",5047,4070,55441,0,,7.55,52.3,0.97,12.65,,1.6
"2025-05-02 22:29:33",5050,4073,55426,-33.15158,-70.94903,9.7,64.7,1,12.55,,1.6
"2025-05-02 22:29:34",5050,4073,55423,0,,6.35,63.5,0.98,12.45,,1.5
"2025-05-02 22:29:35",5050,4073,55421,0,,10.05,56.9,0.94,12.3,,1.5
"2025-05-02 22:29:36",5051,4074,55420,-33.15148,-70.948795,7.5,74,0.89,12.2,,1.5
"2025-05-02 22:29:37",5052,4075,55408,0,,8.3,53.7,0.93,12.15,,1.5
"2025-05-02 22:29:38",5054,4077,55395,0,,9.75,69.9,0.93,12.1,,1.7
"2025-05-02 22:29:39",5056,4079,55382,-33.151382,-70.948555,6.55,58.9,0.9,12.05,,1.8
"2025-05-02 22:29:40",5059,4082,55365,0,,10.65,61.3,0.85,11.95,,2
"2025-05-02 22:29:41",5061,4084,55349,0,,6.8,71.1,0.85,11.9,,1.8
"2025-05-02 22:29:42",5063,4086,55334,-33.151277,-70.948317,8.8,50.1,0.9,11.9,16.5,1.7
"2025-05-02 22:29:43",5065,4088,55322,0,,9.05,70.5,0.89,11.85,,1.6
"2025-05-02 22:29:44",5066,4089,55311,0,,8.05,46.4,0.89,11.85,,1.6
"2025-05-02 22:29:45",5068,4091,55300,-33.151158,-70.948075,9.5,69,0.84,11.8,,1.5
"2025-05-02 22:29:46",5068,4091,55301,0,,7.7,59.3,0.89,11.8,,1.4
"2025-05-02 22:29:47",5067,4090,55303,0,,9.4,58.8,0.88,11.8,,1.4
"2025-05-02 22:29:48",5067,4090,55306,-33.151057,-70.94783,7.6,74.7,0.89,11.75,,1.3
"2025-05-02 22:29:49",5069,4092,55291,0,,9.2,53.3,0.85,11.75,,1.4
"2025-05-02 22:29:50",5071,4094,55276,0,,8.05,68,0.85,11.7,,1.4
"2025-05-02 22:29:51",5074,4097,55262,-33.150952,-70.947595,7.5,62.1,0.86,11.7,,1.5
"2025-05-02 22:29:52",5077,4100,55240,0,,10.35,62.1,0.84,11.7,,1.5
"2025-05-02 22:29:53",5080,4103,55219,0,,7.9,66.8,0.82,11.7,,1.6
"2025-05-02 22:29:54",5083,4106,55198,-33.150843,-70.947338,9.5,60.7,0.82,11.65,,1.7
"2025-05-02 22:29:55",5084,4107,55186,0,,8.8,68.8,0.78,11.6,,1.6
"2025-05-02 22:29:56",5086,4109,55175,0,,7.6,58.2,0.78,11.55,,1.7
"2025-05-02 22:29:57",5088,4111,55164,-33.150743,-70.947087,10.4,71.5,0.75,11.55,,1.7
"2025-05-02 22:29:58",5089,4112,55153,0,,7.5,58.5,0.82,11.55,,1.8
"2025-05-02 22:29:59",5091,4114,55143,0,,9.7,60.9,0.79,11.45,,1.9
"2025-05-02 22:30:00",5092,4115,55134,-33.150635,-70.946833,9.4,68.4,0.78,11.45,,2.1
"2025-05-02 22:30:01",5092,4115,55135,0,,8.25,50,0.8,11.4,,1.9
"2025-05-02 22:30:02",5092,4115,55137,0,,10.25,72.6,0.74,11.35,,1.7
"2025-05-02 22:30:03",5091,4114,55140,-33.15053,-70.946578,7.95,66.5,0.82,11.3,,1.5
"2025-05-02 22:30:04",5095,4118,55115,0,,9.45,60.6,0.82,11.25,,1.6
"2025-05-02 22:30:05",5099,4122,55089,0,,8.6,75.2,0.84,11.2,,1.7
"2025-05-02 22:30:06",5102,4125,55064,-33.150428,-70.946317,9.4,54.7,0.85,11.15,,1.7
"2025-05-02 22:30:08",5106,4129,55038,0,,8.3,60.6,0.81,11.1,,1.7
"2025-05-02 22:30:09",5108,4131,55026,-33.150317,-70.946058,10.6,61,0.76,11,16.5,1.7
"2025-05-02 22:30:10",5110,4133,55015,0,,7.25,70,0.75,10.9,,1.7
"2025-05-02 22:30:11",5111,4134,55004,0,,10.3,60.8,0.78,10.9,,1.7
"2025-05-02 22:30:12",5113,4136,54994,-33.150217,-70.94579,9.45,71.5,0.73,10.85,,1.7
"2025-05-02 22:30:14",5112,4135,54998,0,,10.8,76.9,0.69,10.75,,1.7
"2025-05-02 22:30:15",5112,4135,55000,-33.150132,-70.945517,8.05,65.6,0.71,10.7,,1.7
"2025-05-02 22:30:16",5115,4138,54976,0,,10.15,66.3,0.73,10.6,,1.8
"2025-05-02 22:30:17",5119,4142,54952,0,,10,72.6,0.75,10.5,,1.8
"2025-05-02 22:30:18",5122,4145,54928,-33.150028,-70.945237,8.85,55.3,0.78,10.4,,1.8
"2025-05-02 22:30:19",5124,4147,54914,0,,11.25,71.6,0.74,10.35,,1.7
"2025-05-02 22:30:20",5126,4149,54901,0,,9.25,63.1,0.82,10.2,,1.7
"2025-05-02 22:30:21",5128,4151,54888,-33.149915,-70.944945,10.05,64.5,0.82,10.15,,1.7
"2025-05-02 22:30:22",5130,4153,54877,0,,9.7,78.7,0.84,10.05,,1.7
"2025-05-02 22:30:23",5131,4154,54866,0,,11.4,62.5,0.83,9.95,,1.7
"2025-05-02 22:30:24",5133,4156,54856,-33.149817,-70.944632,10.5,73.8,0.82,9.9,,1.7
"2025-05-02 22:30:25",5133,4156,54855,0,,8.85,64.6,0.85,9.8,,1.6
"2025-05-02 22:30:26",5133,4156,54854,0,,10.75,62.2,0.85,9.75,,1.5
"2025-05-02 22:30:27",5133,4156,54854,-33.149717,-70.944345,9.15,79.9,0.82,9.65,,1.6
"2025-05-02 22:30:29",5137,4160,54830,0,,10.7,80.9,0.75,9.5,,1.5
"2025-05-02 22:30:30",5139,4162,54818,-33.149628,-70.944047,9.05,65.4,0.76,9.45,,1.3
"2025-05-02 22:30:31",5142,4165,54797,0,,12.5,67.7,0.73,9.35,,1.4
"2025-05-02 22:30:32",5145,4168,54776,0,,8.65,76.5,0.7,9.25,,1.5
"2025-05-02 22:30:33",5148,4171,54756,-33.149523,-70.943735,11.45,61.3,0.66,9.2,,1.6
"2025-05-02 22:30:34",5150,4173,54740,0,,10.1,75.7,0.65,9.15,,1.7
"2025-05-02 22:30:35",5152,4175,54726,0,,9.6,59.7,0.66,9.1,,1.7
"2025-05-02 22:30:36",5154,4177,54712,-33.149422,-70.943428,11.2,75.6,0.64,9.05,16,1.7
"2025-05-02 22:30:37",5154,4177,54715,0,,8.75,66.9,0.66,9.05,,1.6
"2025-05-02 22:30:38",5153,4176,54718,0,,12.1,68.4,0.61,8.95,,1.6
"2025-05-02 22:30:39",5153,4176,54722,-33.149327,-70.94312,9.35,74,0.64,8.9,,1.5
"2025-05-02 22:30:41",5159,4182,54676,0,,10.35,78,0.64,8.8,,1.9
"2025-05-02 22:30:42",5163,4186,54654,-33.149225,-70.942817,9.9,61.1,0.64,8.8,,2
"2025-05-02 22:30:44",5166,4189,54628,0,,8.75,71.6,0.61,8.7,,1.9
"2025-05-02 22:30:45",5168,4191,54616,-33.149128,-70.942508,12.25,69.7,0.61,8.65,,1.8
"2025-05-02 22:30:47",5171,4194,54600,0,,10.85,64.4,0.6,8.6,,1.6
"2025-05-02 22:30:48",5172,4195,54592,-33.149037,-70.942187,10.95,80.2,0.57,8.55,,1.5
"2025-05-02 22:30:50",5173,4196,54581,0,,11.25,74.9,0.57,8.55,,1.7
"2025-05-02 22:30:51",5174,4197,54576,-33.14895,-70.941868,9.15,73.1,0.58,8.5,,1.8
"2025-05-02 22:30:53",5180,4203,54537,0,,9.3,77,0.55,8.45,,1.7
"2025-05-02 22:30:54",5183,4206,54518,-33.148862,-70.941548,11.05,67.9,0.52,8.45,,1.7
"2025-05-02 22:30:56",5187,4210,54492,0,,9.65,63.2,0.51,8.4,,1.7
"2025-05-02 22:30:57",5188,4211,54480,-33.14877,-70.941223,11.8,76.5,0.5,8.4,,1.7
"2025-05-02 22:31:00",5189,4212,54478,-33.148688,-70.940892,10.15,80.2,0.44,8.4,,1.4
"2025-05-02 22:31:01",5192,4215,54456,0,,10.9,62.7,0.43,8.4,,1.5
"2025-05-02 22:31:02",5195,4218,54436,0,,11.25,80.4,0.41,8.4,,1.8
"2025-05-02 22:31:03",5198,4221,54416,-33.148598,-70.940568,9.5,67.8,0.39,8.4,16,2
"2025-05-02 22:31:04",5200,4223,54400,0,,12.65,75.1,0.35,8.4,,2
"2025-05-02 22:31:05",5203,4226,54384,0,,9.4,73.4,0.36,8.4,,2
"2025-05-02 22:31:06",5205,4228,54368,-33.14851,-70.940237,11.8,69.1,0.34,8.4,,1.9
"2025-05-02 22:31:07",5206,4229,54357,0,,10.25,82.7,0.3,8.4,,1.8
"2025-05-02 22:31:08",5208,4231,54347,0,,11.15,65.4,0.29,8.45,,1.8
"2025-05-02 22:31:09",5209,4232,54338,-33.148428,-70.939898,11.6,80.9,0.26,8.45,,1.7
"2025-05-02 22:31:10",5209,4232,54340,0,,10.15,69.5,0.26,8.45,,1.6
"2025-05-02 22:31:11",5209,4232,54343,0,,12.4,74.4,0.24,8.5,,1.4
"2025-05-02 22:31:12",5208,4231,54346,-33.148347,-70.93956,9.2,74.3,0.24,8.5,,1.6
"2025-05-02 22:31:13",5212,4235,54321,0,,11.8,72.1,0.26,8.45,,1.8
"2025-05-02 22:31:14",5216,4239,54294,0,,11.3,80.5,0.26,8.45,,1.8
"2025-05-02 22:31:15",5220,4243,54268,-33.148265,-70.939218,10.95,65.4,0.28,8.5,,1.9
"2025-05-02 22:31:16",5222,4245,54254,0,,11.4,80.1,0.26,8.5,,1.8
"2025-05-02 22:31:17",5224,4247,54241,0,,10.2,72.4,0.26,8.5,,1.8
"2025-05-02 22:31:18",5226,4249,54228,-33.148185,-70.938868,12.75,74.5,0.24,8.55,,1.7
"2025-05-02 22:31:19",5227,4250,54220,0,,9.7,81,0.24,8.55,,1.7
"2025-05-02 22:31:20",5228,4251,54213,0,,12.25,73,0.24,8.55,,1.6
"2025-05-02 22:31:21",5229,4252,54206,-33.148115,-70.938515,11.15,79,0.24,8.5,,1.6
"2025-05-02 22:31:22",5230,4253,54195,0,,10.55,68.9,0.24,8.55,,1.6
"2025-05-02 22:31:23",5232,4255,54184,0,,12.2,77.8,0.24,8.55,,1.8
"2025-05-02 22:31:24",5234,4257,54174,-33.148035,-70.93817,9.75,72.3,0.24,8.55,,1.9
"2025-05-02 22:31:25",5236,4259,54156,0,,12,76.2,0.24,8.5,,2
"2025-05-02 22:31:26",5239,4262,54140,0,,10.5,84.3,0.24,8.5,,1.9
"2025-05-02 22:31:27",5241,4264,54124,-33.147968,-70.937823,11.7,71.6,0.24,8.5,,1.8
"2025-05-02 22:31:29",5245,4268,54100,0,,10.25,71.1,0.24,8.45,,1.8
"2025-05-02 22:31:30",5246,4269,54088,-33.147903,-70.937462,12.6,81,0.16,8.45,15.75,1.8
"2025-05-02 22:31:31",5246,4269,54090,0,,9.85,79.4,0.16,8.4,,1.6
"2025-05-02 22:31:32",5246,4269,54092,0,,12,75.2,0.14,8.35,,1.5
"2025-05-02 22:31:33",5246,4269,54094,-33.147848,-70.937113,10.3,85.7,0.12,8.35,,1.4
"2025-05-02 22:31:34",5249,4272,54068,0,,11.5,71.4,0.09,8.35,,1.6
"2025-05-02 22:31:35",5253,4276,54043,0,,11.35,84.9,0.06,8.3,,1.7
"2025-05-02 22:31:36",5257,4280,54018,-33.147787,-70.936767,10.3,70.1,0.06,8.25,,1.9
"2025-05-02 22:31:37",5258,4281,54007,0,,12.15,80.9,0.05,8.25,,1.9
"2025-05-02 22:31:38",5260,4283,53996,0,,9.6,77.7,0.06,8.25,,1.8
"2025-05-02 22:31:39",5262,4285,53986,-33.147722,-70.93642,12.4,76,0.04,8.2,,1.8
"2025-05-02 22:31:40",5263,4286,53975,0,,10.25,82.8,0.06,8.15,,1.7
"2025-05-02 22:31:41",5265,4288,53964,0,,11.8,70.8,0.04,8.15,,1.7
"2025-05-02 22:31:42",5266,4289,53954,-33.147655,-70.936067,11,83.3,0.04,8.1,,1.7
"2025-05-02 22:31:44",5268,4291,53940,0,,12.7,80.7,0,8.1,,1.7
"2025-05-02 22:31:45",5269,4292,53934,-33.147593,-70.935723,9.35,75.5,0,8.05,,1.8
"2025-05-02 22:31:46",5272,4295,53913,0,,11.95,75.5,0,8.05,,2.1
"2025-05-02 22:31:47",5275,4298,53893,0,,10.25,84.9,0,8,,2
"2025-05-02 22:31:48",5278,4301,53874,-33.147528,-70.935387,11.1,68.5,0,8,,1.9
"2025-05-02 22:31:49",5280,4303,53862,0,,11.1,86.5,-0.04,8,,1.8
"2025-05-02 22:31:50",5282,4305,53851,0,,10.65,73.6,-0.03,8,,1.8
"2025-05-02 22:31:51",5283,4306,53840,-33.147463,-70.935038,12.25,75.8,-0.04,7.95,,1.8
"2025-05-02 22:31:52",5284,4307,53838,0,,8.9,79.7,-0.05,7.9,,1.7
"2025-05-02 22:31:53",5284,4307,53836,0,,12.2,73.8,-0.08,7.9,,1.6
"2025-05-02 22:31:54",5284,4307,53834,-33.147397,-70.934698,10.55,80.4,-0.09,7.85,,1.5
"2025-05-02 22:31:55",5286,4309,53820,0,,10.2,68.1,-0.08,7.9,,1.5
"2025-05-02 22:31:56",5288,4311,53807,0,,11.95,82.2,-0.12,7.9,,1.7
"2025-05-02 22:31:57",5290,4313,53794,-33.147325,-70.93436,9.7,71.4,-0.07,7.85,15.5,1.7
"2025-05-02 22:31:58",5293,4316,53775,0,,11.55,76.2,-0.09,7.85,,1.7
"2025-05-02 22:31:59",5296,4319,53757,0,,9.9,82,-0.09,7.8,,1.7
"2025-05-02 22:32:00",5298,4321,53740,-33.147252,-70.934025,11.95,69.5,-0.14,7.8,,1.7
"2025-05-02 22:32:01",5300,4323,53728,0,,10.05,82.1,-0.17,7.7,,1.7
"2025-05-02 22:32:02",5302,4325,53716,0,,10.6,72.3,-0.15,7.75,,1.7
"2025-05-02 22:32:03",5304,4327,53704,-33.14718,-70.933687,11.65,79.2,-0.18,7.75,,1.7
"2025-05-02 22:32:04",5304,4327,53704,0,,9.4,70,-0.17,7.75,,1.6
"2025-05-02 22:32:05",5304,4327,53705,0,,12,77.8,-0.19,7.75,,1.5
"2025-05-02 22:32:06",5303,4326,53706,-33.147108,-70.933355,9.55,75.4,-0.14,7.7,,1.5
"2025-05-02 22:32:07",5307,4330,53681,0,,11.05,70.7,-0.17,7.7,,1.8
"2025-05-02 22:32:08",5311,4334,53656,0,,10.45,85.5,-0.21,7.7,,1.9
"2025-05-02 22:32:09",5314,4337,53632,-33.147037,-70.933025,10.95,69.3,-0.19,7.7,,2
"2025-05-02 22:32:10",5316,4339,53620,0,,11.45,78.4,-0.22,7.65,,2
"2025-05-02 22:32:11",5318,4341,53609,0,,9.2,73.3,-0.27,7.65,,1.9
"2025-05-02 22:32:12",5320,4343,53598,-33.146962,-70.932692,12.45,75.1,-0.31,7.65,,1.8
"2025-05-02 22:32:13",5321,4344,53591,0,,9.2,76.5,-0.31,7.7,,1.7
"2025-05-02 22:32:14",5322,4345,53584,0,,11.2,72.2,-0.31,7.65,,1.6
"2025-05-02 22:32:15",5323,4346,53578,-33.146888,-70.932358,11,82.3,-0.32,7.65,,1.6
"2025-05-02 22:32:20",5332,4355,53512,0,,9.45,81.2,-0.37,7.6,,1.8
"2025-05-02 22:32:21",5334,4357,53500,-33.146737,-70.931695,11.55,71.8,-0.36,7.6,,1.6
"2025-05-02 22:32:22",5336,4359,53490,0,,10.8,77.6,-0.37,7.6,,1.6
"2025-05-02 22:32:23",5337,4360,53481,0,,10.3,68.2,-0.36,7.6,,1.6
"2025-05-02 22:32:24",5338,4361,53472,-33.146655,-70.931355,11.85,78.8,-0.41,7.6,15.25,1.6
"2025-05-02 22:32:25",5338,4361,53472,0,,9.7,68.5,-0.38,7.6,,1.5
"2025-05-02 22:32:26",5338,4361,53472,0,,11.45,75.5,-0.38,7.6,,1.4
"2025-05-02 22:32:27",5338,4361,53472,-33.146577,-70.931025,9.9,78.3,-0.38,7.6,,1.3
"2025-05-02 22:32:29",5345,4368,53424,0,,10.45,84.1,-0.44,7.55,,1.6
"2025-05-02 22:32:30",5349,4372,53402,-33.146498,-70.930695,10.65,67.8,-0.45,7.55,,1.8
"2025-05-02 22:32:31",5351,4374,53390,0,,11.65,77,-0.5,7.55,,1.8
"2025-05-02 22:32:32",5353,4376,53378,0,,9.05,72.2,-0.53,7.55,,1.8
"2025-05-02 22:32:33",5354,4377,53366,-33.146415,-70.930362,12.25,73.1,-0.57,7.55,,1.7
"2025-05-02 22:32:34",5356,4379,53356,0,,9.4,75.6,-0.56,7.55,,1.7
"2025-05-02 22:32:35",5357,4380,53346,0,,10.75,69.8,-0.59,7.55,,1.7
"2025-05-02 22:32:36",5359,4382,53336,-33.146338,-70.930032,11.5,82,-0.66,7.55,,1.7
"2025-05-02 22:32:37",5359,4382,53336,0,,9.9,65.1,-0.61,7.55,,1.7
"2025-05-02 22:32:38",5359,4382,53337,0,,11.75,76.8,-0.64,7.55,,1.7
"2025-05-02 22:32:39",5359,4382,53338,-33.14626,-70.929702,9.7,74.8,-0.62,7.55,,1.7
"2025-05-02 22:32:40",5362,4385,53313,0,,11.7,67.3,-0.66,7.55,,1.8
"2025-05-02 22:32:41",5366,4389,53287,0,,9.85,83.9,-0.72,7.55,,2
"2025-05-02 22:32:42",5370,4393,53262,-33.146177,-70.929377,10.85,68.7,-0.71,7.55,,1.9
"2025-05-02 22:32:44",5373,4396,53241,0,,9.3,69.9,-0.73,7.55,,1.7
"2025-05-02 22:32:45",5374,4397,53232,-33.146093,-70.929047,12.1,76.2,-0.77,7.6,,1.7
"2025-05-02 22:32:46",5375,4398,53230,0,,10.05,73,-0.73,7.6,,1.6
"2025-05-02 22:32:47",5375,4398,53229,0,,11.4,69,-0.75,7.6,,1.5
"2025-05-02 22:32:48",5375,4398,53228,-33.14601,-70.928715,9.7,80.3,-0.79,7.55,,1.3
"2025-05-02 22:32:49",5378,4401,53210,0,,10.8,70.1,-0.76,7.6,,1.6
"2025-05-02 22:32:50",5380,4403,53192,0,,11,77,-0.79,7.6,,1.8
"2025-05-02 22:32:51",5383,4406,53174,-33.14593,-70.928395,9.2,69.4,-0.8,7.6,15,2.1
"2025-05-02 22:32:52",5385,4408,53160,0,,12.25,75.3,-0.85,7.6,,1.9
"2025-05-02 22:32:53",5387,4410,53147,0,,9.4,74.4,-0.83,7.6,,1.8
"2025-05-02 22:32:54",5389,4412,53134,-33.145847,-70.92807,11.25,70.6,-0.86,7.6,,1.6
"2025-05-02 22:32:55",5391,4414,53124,0,,10.1,80.7,-0.88,7.6,,1.6
"2025-05-02 22:32:56",5392,4415,53114,0,,10.4,64.8,-0.91,7.6,,1.6
"2025-05-02 22:32:57",5394,4417,53104,-33.145765,-70.927747,10.75,80.4,-0.93,7.6,,1.6
"2025-05-02 22:32:58",5394,4417,53104,0,,9.75,70.4,-0.93,7.55,,1.5
"2025-05-02 22:32:59",5394,4417,53105,0,,11.85,75.4,-0.93,7.55,,1.5
"2025-05-02 22:33:00",5393,4416,53106,-33.145688,-70.927423,9.35,77.5,-0.93,7.55,,1.4
"2025-05-02 22:33:01",5397,4420,53083,0,,11.65,68,-0.96,7.5,,1.7
"2025-05-02 22:33:02",5400,4423,53060,0,,11.65,68,-1,7.45,,1.7
"2025-05-02 22:33:03",5404,4427,53038,-33.14561,-70.927102,10.05,68.6,-1.01,7.45,,1.8
"2025-05-02 22:33:04",5406,4429,53022,0,,11.65,80.6,-1.05,7.4,,1.8
"2025-05-02 22:33:05",5408,4431,53007,0,,8.6,72.4,-1.07,7.4,,1.8
"2025-05-02 22:33:06",5411,4434,52992,-33.145543,-70.926777,11.8,76.4,-1.12,7.35,,1.8
"2025-05-02 22:33:07",5411,4434,52987,0,,9.65,80,-1.1,7.4,,1.7
"2025-05-02 22:33:08",5412,4435,52982,0,,10.8,69.2,-1.11,7.35,,1.7
"2025-05-02 22:33:09",5413,4436,52978,-33.145477,-70.92645,10.55,85.6,-1.12,7.35,,1.6
"2025-05-02 22:33:11",5415,4438,52965,0,,11,78.3,-1.11,7.25,,1.8
"2025-05-02 22:33:12",5416,4439,52960,-33.145412,-70.926135,8.65,77.4,-1.13,7.2,,1.8
"2025-05-02 22:33:15",5424,4447,52904,-33.145347,-70.925807,10.9,72.9,-1.13,7.15,,1.8
"2025-05-02 22:33:17",5427,4450,52885,0,,9.8,68.9,-1.13,7.15,,1.6
"2025-05-02 22:33:18",5428,4451,52876,-33.145283,-70.925475,11.4,81.8,-1.15,7.1,14.75,1.5
"2025-05-02 22:33:20",5428,4451,52880,0,,12.1,75.5,-1.18,7.05,,1.3
"2025-05-02 22:33:21",5427,4450,52882,-33.145228,-70.92514,9.65,83.9,-1.18,7.05,,1.2
"2025-05-02 22:33:23",5433,4456,52842,0,,10.55,86,-1.24,7,,1.6
"2025-05-02 22:33:24",5436,4459,52822,-33.145173,-70.924822,9.15,74.3,-1.24,7,,1.7
"2025-05-02 22:33:26",5440,4463,52795,0,,8.9,79,-1.25,7,,1.8
"2025-05-02 22:33:27",5442,4465,52782,-33.145108,-70.924495,11.6,73.1,-1.3,6.95,,1.5
"2025-05-02 22:33:30",5446,4469,52758,-33.145055,-70.924168,11.15,85.3,-1.35,6.85,,1.5
"2025-05-02 22:33:34",5453,4476,52714,0,,,,-1.41,6.85,,2
"2025-05-02 22:33:35",5454,4477,52703,0,,,,-1.41,6.85,,1.9
"2025-05-02 22:33:36",5456,4479,52692,0,,,,-1.41,6.8,,1.8
"2025-05-02 22:33:37",5457,4480,52683,0,,11,86.7,-1.41,6.75,,1.6
"2025-05-02 22:33:38",5459,4482,52675,0,,9.35,73.3,-1.39,6.75,,1.5
"2025-05-02 22:33:39",5460,4483,52668,-33.144888,-70.923208,10.75,78.6,-1.39,6.7,,1.4
"2025-05-02 22:33:40",5460,4483,52668,0,,8.8,83.7,-1.38,6.7,,1.3
"2025-05-02 22:33:41",5460,4483,52669,0,,11.55,73.6,-1.4,6.7,,1.2
"2025-05-02 22:33:42",5459,4482,52670,-33.144838,-70.922893,9.15,84,-1.41,6.65,,1.1
"2025-05-02 22:33:43",5462,4485,52653,0,,9.75,70.9,-1.41,6.7,,1.2
"2025-05-02 22:33:44",5464,4487,52636,0,,11.15,84.6,-1.41,6.65,,1.3
"2025-05-02 22:33:45",5467,4490,52620,-33.144785,-70.922583,8.3,73.2,-1.41,6.65,14.5,1.4
"2025-05-02 22:33:46",5470,4493,52602,0,,11.35,79.5,-1.46,6.65,,1.4
"2025-05-02 22:33:47",5472,4495,52586,0,,9.05,83.7,-1.45,6.65,,1.5
"2025-05-02 22:33:48",5475,4498,52570,-33.14473,-70.922268,10.9,71.2,-1.49,6.65,,1.5
"2025-05-02 22:33:49",5476,4499,52560,0,,9.55,87.8,-1.51,6.6,,1.5
"2025-05-02 22:33:50",5478,4501,52550,0,,9.85,71.4,-1.51,6.6,,1.6
"2025-05-02 22:33:51",5479,4502,52540,-33.144677,-70.921952,11,83.7,-1.55,6.6,,1.6
"2025-05-02 22:33:52",5478,4501,52544,0,,8.85,74.4,-1.53,6.6,,1.6
"2025-05-02 22:33:53",5478,4501,52549,0,,11.4,77.7,-1.55,6.6,,1.5
"2025-05-02 22:33:54",5477,4500,52554,-33.144623,-70.92164,8.65,80,-1.53,6.6,,1.5
"2025-05-02 22:33:55",5480,4503,52532,0,,10.55,70.4,-1.55,6.6,,1.6
"2025-05-02 22:33:56",5484,4507,52510,0,,9.65,87.3,-1.54,6.6,,1.7
"2025-05-02 22:33:57",5487,4510,52488,-33.144567,-70.921337,9.15,70.7,-1.53,6.6,,1.7
"2025-05-02 22:33:58",5489,4512,52476,0,,11.1,82,-1.54,6.6,,1.7
"2025-05-02 22:33:59",5491,4514,52464,0,,8.1,77.8,-1.57,6.6,,1.6
"2025-05-02 22:34:00",5493,4516,52452,-33.144512,-70.921028,11.55,74.2,-1.63,6.6,,1.6
"2025-05-02 22:34:02",5494,4517,52441,0,,,,-1.64,6.6,,1.4
"2025-05-02 22:34:03",5495,4518,52436,0,,,,-1.66,6.6,,1.3
"2025-05-02 22:34:08",5503,4526,52385,0,,10.05,71.9,-1.66,6.65,,1.6
"2025-05-02 22:34:09",5504,4527,52376,-33.144367,-70.920093,9.05,91.3,-1.64,6.65,,1.4
"2025-05-02 22:34:11",5488,4511,52480,0,,9.6,80,-1.64,6.65,,-0.2
"2025-05-02 22:34:12",5480,4503,52534,-33.144323,-70.919815,9.8,79.8,-1.65,6.65,14.25,-1
"2025-05-02 22:34:13",5472,4495,52587,0,,9.8,80.2,-1.66,6.65,,-1.6
"2025-05-02 22:34:14",5464,4487,52640,0,,9.95,81.2,-1.66,6.65,,-2.5
"2025-05-02 22:34:15",5456,4479,52694,-33.144272,-70.919517,10.1,79.3,-1.67,6.65,,-3.3
"2025-05-02 22:34:16",5447,4470,52754,0,,10.15,77.5,-1.67,6.65,,-3.7
"2025-05-02 22:34:17",5437,4460,52816,0,,10.4,78.6,-1.66,6.65,,-4.1
"2025-05-02 22:34:18",5428,4451,52878,-33.144208,-70.919172,10.4,78.6,-1.64,6.65,,-4.5
"2025-05-02 22:34:20",5410,4433,52997,0,,10.3,76.3,-1.6,6.65,,-7.7
"2025-05-02 22:34:21",5401,4424,53056,-33.144152,-70.91885,10.3,75.9,-1.56,6.7,,-8.6
"2025-05-02 22:34:22",5392,4415,53116,0,,10.4,75,-1.53,6.75,,-8.7
"2025-05-02 22:34:23",5383,4406,53178,0,,10.5,74.4,-1.51,6.75,,-8.7
"2025-05-02 22:34:24",5373,4396,53240,-33.144072,-70.918525,9.95,70.9,-1.47,6.85,,-8.8
"2025-05-02 22:34:25",5366,4389,53288,0,,10,70.7,-1.41,6.85,,-8.8
"2025-05-02 22:34:26",5359,4382,53334,0,,10.5,76.3,-1.38,6.9,,-8.7
"2025-05-02 22:34:27",5352,4375,53380,-33.144,-70.918213,10.35,78.7,-1.33,6.95,,-8.6
"2025-05-02 22:34:28",5343,4366,53440,0,,10.85,76.3,-1.26,7.05,,-8.7
"2025-05-02 22:34:29",5333,4356,53506,0,,11.2,75.9,-1.2,7.1,,-8.7
"2025-05-02 22:34:30",5323,4346,53572,-33.143927,-70.91788,11.3,77.5,-1.13,7.15,,-8.8
"2025-05-02 22:34:31",5314,4337,53633,0,,10.5,76.5,-1.08,7.2,,-8.8
"2025-05-02 22:34:32",5305,4328,53693,0,,11.5,73.9,-1,7.25,,-8.8
"2025-05-02 22:34:33",5296,4319,53754,-33.143842,-70.917537,11.8,73.3,-0.93,7.3,,-8.8
"2025-05-02 22:34:34",5287,4310,53815,0,,11.25,77.8,-0.86,7.35,,-8.7
"2025-05-02 22:34:35",5278,4301,53876,0,,11.2,77.6,-0.79,7.35,,-8.7
"2025-05-02 22:34:36",5269,4292,53938,-33.143773,-70.917203,10.45,75.2,-0.73,7.4,,-8.7
"2025-05-02 22:34:38",5251,4274,54057,0,,10.25,73.1,-0.6,7.5,,-9
"2025-05-02 22:34:39",5242,4265,54116,-33.143713,-70.916853,10.55,73,-0.52,7.55,13.5,-9.2
"2025-05-02 22:34:40",5235,4258,54164,0,,10.55,75,-0.47,7.65,,-9
"2025-05-02 22:34:41",5228,4251,54214,0,,11.35,73.6,-0.42,7.7,,-8.8
"2025-05-02 22:34:42",5220,4243,54264,-33.143635,-70.916515,11.05,76.9,-0.36,7.75,,-8.6
"2025-05-02 22:34:43",5211,4234,54326,0,,10.85,78.6,-0.31,7.8,,-8.6
"2025-05-02 22:34:44",5201,4224,54392,0,,11.25,72.4,-0.24,7.9,,-8.7
"2025-05-02 22:34:45",5192,4215,54458,-33.143553,-70.916173,11.5,71.8,-0.19,7.95,,-8.7
"2025-05-02 22:34:46",5182,4205,54520,0,,11.5,69.1,-0.13,8,,-8.7
"2025-05-02 22:34:47",5173,4196,54582,0,,11.4,67.4,-0.06,8.05,,-8.7
"2025-05-02 22:34:48",5164,4187,54644,-33.143445,-70.915842,10.05,69.4,0,8.1,,-8.7
"2025-05-02 22:34:50",5145,4168,54775,0,,9.3,61,0.11,8.15,,-8.9
"2025-05-02 22:34:51",5135,4158,54842,-33.143338,-70.915577,8.75,65.4,0.2,8.2,,-9
"2025-05-02 22:34:52",5127,4150,54893,0,,9.05,63.7,0.24,8.2,,-8.9
"2025-05-02 22:34:53",5120,4143,54943,0,,8.75,68.2,0.26,8.2,,-8.9
"2025-05-02 22:34:54",5113,4136,54994,-33.143242,-70.915318,8.15,68.6,0.32,8.3,,-8.9
"2025-05-02 22:34:55",5103,4126,55057,0,,8.75,67,0.37,8.35,,-9
"2025-05-02 22:34:56",5094,4117,55123,0,,9.1,64.3,0.42,8.45,,-9
"2025-05-02 22:34:57",5084,4107,55190,-33.143142,-70.91506,8.9,67.1,0.47,8.5,,-9
"2025-05-02 22:34:58",5075,4098,55250,0,,8.9,67.1,0.51,8.6,,-8.9
"2025-05-02 22:34:59",5067,4090,55310,0,,8.9,58.6,0.51,8.7,,-8.9
"2025-05-02 22:35:00",5058,4081,55370,-33.143028,-70.91482,7.55,55.6,0.51,8.9,,-8.9
"2025-05-02 22:35:01",5049,4072,55427,0,,6.8,51,0.51,9.15,,-8.8
"2025-05-02 22:35:02",5041,4064,55485,0,,6.15,53.3,0.52,9.3,,-8.8
"2025-05-02 22:35:03",5032,4055,55544,-33.14292,-70.914652,6,56.1,0.54,9.6,,-8.6
"2025-05-02 22:35:04",5024,4047,55599,0,,,,0.55,9.8,,-8.5
"2025-05-02 22:35:05",5016,4039,55654,0,,,,0.56,10.05,,-8.6
"2025-05-02 22:35:06",5008,4031,55710,0,,,,0.57,10.35,13,-8.6
"2025-05-02 22:35:07",4999,4022,55774,0,,5.65,61.6,0.59,10.65,,-8.7
"2025-05-02 22:35:08",4990,4013,55839,0,,6.35,62.8,0.63,10.9,,-8.7
"2025-05-02 22:35:09",4980,4003,55904,-33.14277,-70.914305,6.3,62.3,0.66,11.2,,-8.6
"2025-05-02 22:35:10",4971,3994,55965,0,,6.7,57.7,0.69,11.45,,-8.7
"2025-05-02 22:35:11",4962,3985,56028,0,,6.45,58.6,0.73,11.75,,-8.7
"2025-05-02 22:35:12",4953,3976,56092,-33.142678,-70.91413,5.75,58.5,0.76,12,,-8.7
"2025-05-02 22:35:13",4944,3967,56155,0,,5.7,60.4,0.82,12.2,,-8.7
"2025-05-02 22:35:14",4935,3958,56215,0,,5.45,51.1,0.86,12.4,,-8.8
"2025-05-02 22:35:15",4927,3950,56276,-33.142592,-70.913978,5.25,57.8,0.91,12.65,,-8.8
"2025-05-02 22:35:16",4919,3942,56327,0,,5.95,63.3,0.98,12.85,,-8.7
"2025-05-02 22:35:17",4912,3935,56381,0,,5.95,63.3,1.03,13.05,,-8.7
"2025-05-02 22:35:18",4904,3927,56436,-33.142523,-70.91381,5.65,71.1,1.11,13.25,,-8.7
"2025-05-02 22:35:20",4886,3909,56561,0,,5.85,67.6,1.23,13.6,,-8.7
"2025-05-02 22:35:21",4877,3900,56624,-33.142455,-70.913633,6.35,61.8,1.3,13.75,,-8.6
"2025-05-02 22:35:22",4868,3891,56687,0,,5.5,72.2,1.37,13.8,,-8.6
"2025-05-02 22:35:23",4859,3882,56751,0,,4.5,61.3,1.43,13.85,,-8.6
"2025-05-02 22:35:24",4849,3872,56816,-33.14239,-70.913485,4.5,55.1,1.49,14,,-8.6
"2025-05-02 22:35:25",4842,3865,56866,0,,4.1,66.5,1.56,14.1,,-8.5
"2025-05-02 22:35:26",4836,3859,56914,0,,5.35,72.6,1.62,14.15,,-8.3
"2025-05-02 22:35:27",4829,3852,56962,-33.142342,-70.913342,5.1,81.6,1.67,14.25,,-8.2
"2025-05-02 22:35:28",4819,3842,57027,0,,5,77.8,1.75,14.3,,-8.3
"2025-05-02 22:35:29",4810,3833,57091,0,,5.35,78.3,1.8,14.35,,-8.4
"2025-05-02 22:35:30",4801,3824,57156,-33.14231,-70.913182,4.85,79.4,1.88,14.4,,-8.5
"2025-05-02 22:35:31",4793,3816,57212,0,,5.2,74,1.94,14.45,,-8.5
"2025-05-02 22:35:32",4784,3807,57273,0,,4.9,76.6,2.01,14.55,,-8.5
"2025-05-02 22:35:33",4776,3799,57334,-33.142278,-70.913033,3.75,78.6,2.06,14.6,13,-8.5
"2025-05-02 22:35:34",4768,3791,57391,0,,3.35,68.6,2.13,14.65,,-8.3
"2025-05-02 22:35:35",4760,3783,57448,0,,3.45,83.4,2.19,14.75,,-8.2
"2025-05-02 22:35:36",4752,3775,57506,-33.142255,-70.912922,3.5,88.9,2.24,14.8,,-8.2
"2025-05-02 22:35:38",4736,3759,57618,0,,4.55,96.5,2.37,14.9,,-8.2
"2025-05-02 22:35:39",4728,3751,57674,-33.142257,-70.912782,4.75,84.3,2.43,15,,-8.3
"2025-05-02 22:35:40",4719,3742,57735,0,,,,2.5,15,,-8.5
"2025-05-02 22:35:41",4710,3733,57801,0,,,,2.57,15.05,,-8.5
"2025-05-02 22:35:42",4701,3724,57868,0,,,,2.63,15.05,,-8.5
"2025-05-02 22:35:43",4692,3715,57930,0,,3.1,81.6,2.68,15.1,,-8.4
"2025-05-02 22:35:44",4683,3706,57989,0,,3.3,68.3,2.75,15.15,,-8.4
"2025-05-02 22:35:45",4675,3698,58048,-33.14221,-70.912518,3.1,82.5,2.83,15.2,,-8.4
"2025-05-02 22:35:46",4668,3691,58096,0,,4,83.3,2.92,15.25,,-8.3
"2025-05-02 22:35:47",4661,3684,58147,0,,3.75,86,3.04,15.25,,-8.2
"2025-05-02 22:35:48",4654,3677,58198,-33.142197,-70.912402,3.55,89.6,3.05,15.25,,-8.1
"2025-05-02 22:35:50",4636,3659,58327,0,,3.9,91.2,3.09,15.25,,-8.3
"2025-05-02 22:35:51",4627,3650,58392,-33.142198,-70.912277,4.5,98.4,3.19,15.25,,-8.4
"2025-05-02 22:35:52",4618,3641,58454,0,,4.8,83.1,3.27,15.3,,-8.4
"2025-05-02 22:35:53",4610,3633,58515,0,,4.5,72.3,3.35,15.3,,-8.3
"2025-05-02 22:35:54",4601,3624,58576,-33.142175,-70.912142,3.6,79.7,3.41,15.25,,-8.2
"2025-05-02 22:35:55",4592,3615,58640,0,,3.1,68.8,3.49,15.2,,-8.3
"2025-05-02 22:35:56",4584,3607,58703,0,,2.5,61.8,3.55,15.15,,-8.3
"2025-05-02 22:35:57",4575,3598,58766,-33.142147,-70.912058,2.35,76.7,3.64,15.15,,-8.4
"2025-05-02 22:35:58",4568,3591,58814,0,,3.15,100.4,3.71,15.1,,-8.3
"2025-05-02 22:35:59",4562,3585,58862,0,,3.25,79.6,3.79,15.05,,-8.3
"2025-05-02 22:36:00",4555,3578,58910,-33.142142,-70.91196,3.6,104.1,3.85,15,13.5,-8.2
"2025-05-02 22:36:01",4546,3569,58977,0,,3.3,85.4,3.94,14.95,,-8.3
"2025-05-02 22:36:02",4536,3559,59045,0,,3.75,78.6,4,14.85,,-8.3
"2025-05-02 22:36:03",4527,3550,59114,-33.142127,-70.911852,3.3,76.2,4.08,14.8,,-8.3
"2025-05-02 22:36:04",4518,3541,59177,0,,2.75,80.2,4.14,14.75,,-8.4
"2025-05-02 22:36:05",4509,3532,59240,0,,1.8,59.8,4.2,14.65,,-8.4
"2025-05-02 22:36:06",4500,3523,59304,-33.142107,-70.911783,1.55,80.7,4.28,14.55,,-8.4
"2025-05-02 22:36:08",4487,3510,59404,0,,2.15,98.1,4.43,14.35,,-8.2
"2025-05-02 22:36:09",4479,3502,59456,-33.14211,-70.91172,2.5,121.6,4.48,14.25,,-8
"2025-05-02 22:36:10",4470,3493,59523,0,,1.95,100.5,4.55,14.15,,-8.1
"2025-05-02 22:36:11",4461,3484,59589,0,,1.35,89.4,4.6,14,,-8.3
"2025-05-02 22:36:12",4452,3475,59656,-33.142112,-70.911667,1.55,98.5,4.67,14,,-8.4
"2025-05-02 22:36:13",4443,3466,59719,0,,1.4,88.9,4.72,13.9,,-8.5
"2025-05-02 22:36:14",4435,3458,59780,0,,1.05,63.9,4.78,13.75,,-8.4
"2025-05-02 22:36:15",4426,3449,59842,-33.142103,-70.911635,0.05,63.9,4.85,13.6,,-8.3
"2025-05-02 22:36:16",4419,3442,59898,0,,0,63.9,4.9,13.5,,-8.3
"2025-05-02 22:36:17",4411,3434,59957,0,,0,63.9,4.95,13.35,,-8.3
"2025-05-02 22:36:18",4403,3426,60016,-33.142098,-70.911632,0.05,63.9,5.01,13.15,,-8.2
"2025-05-02 22:36:20",4387,3410,60132,0,,0.1,63.9,5.15,12.8,,-8.1
"2025-05-02 22:36:21",4379,3402,60192,-33.142118,-70.911625,0.1,63.9,5.23,12.65,,-8.3
"2025-05-02 22:36:23",4360,3383,60328,0,,0.1,63.9,5.28,12.25,,-8.5
"2025-05-02 22:36:24",4351,3374,60396,-33.142137,-70.911635,0.15,63.9,5.31,11.95,,-8.5
"2025-05-02 22:36:26",4336,3359,60506,0,,2.3,213,5.39,11.35,,-8.3
"2025-05-02 22:36:27",4328,3351,60562,-33.142175,-70.911675,3,206.5,5.45,11.1,14,-8.2
"2025-05-02 22:36:28",4319,3342,60633,0,,1.85,205.4,5.49,10.85,,-8.3
"2025-05-02 22:36:29",4309,3332,60706,0,,1.75,198.7,5.55,10.6,,-8.5
"2025-05-02 22:36:30",4299,3322,60780,-33.142218,-70.911697,1,204.9,5.59,10.35,,-8.6
"2025-05-02 22:36:31",4290,3313,60841,0,,1.8,236.6,5.66,10.2,,-8.6
"2025-05-02 22:36:32",4282,3305,60900,0,,2.65,233,5.72,10.05,,-8.7
"2025-05-02 22:36:33",4274,3297,60960,-33.142255,-70.911743,3,200.3,5.84,9.85,,-8.6
"2025-05-02 22:36:34",4266,3289,61025,0,,2.05,195.4,5.85,9.7,,-8.7
"2025-05-02 22:36:35",4257,3280,61091,0,,1.65,195.1,5.91,9.55,,-8.6
"2025-05-02 22:36:36",4248,3271,61158,-33.142295,-70.91176,0.1,195.1,5.97,9.45,,-8.6
"2025-05-02 22:36:37",4239,3262,61223,0,,0.1,195.1,6.01,9.45,,-8.6
"2025-05-02 22:36:38",4230,3253,61289,0,,0.1,195.1,6.05,9.45,,-8.8
"2025-05-02 22:36:39",4221,3244,61356,-33.142327,-70.911778,0.1,195.1,6.11,9.5,,-8.9
"2025-05-02 22:36:40",4214,3237,61411,0,,0.1,195.1,6.16,9.7,,-8.8
"2025-05-02 22:36:41",4206,3229,61469,0,,0.15,195.1,6.2,9.8,,-8.7
"2025-05-02 22:36:42",4198,3221,61528,-33.142357,-70.911792,1.85,170.1,6.24,9.95,,-8.5
"2025-05-02 22:36:43",4189,3212,61592,0,,3.25,167.2,6.3,10.05,,-8.4
"2025-05-02 22:36:44",4181,3204,61653,0,,1.9,163.6,6.34,10.15,,-8.4
"2025-05-02 22:36:45",4173,3196,61714,-33.142412,-70.911772,1.5,151.8,6.41,10.15,,-8.4
"2025-05-02 22:36:46",4164,3187,61781,0,,1.55,147.8,6.45,10.15,,-8.5
"2025-05-02 22:36:47",4155,3178,61849,0,,1.6,190.7,6.5,10.15,,-8.5
"2025-05-02 22:36:48",4146,3169,61918,-33.142448,-70.911763,1.3,203.2,6.56,10.15,,-8.5
"2025-05-02 22:36:50",4132,3155,62019,0,,2.6,164,6.67,10.1,,-8.2
"2025-05-02 22:36:51",4125,3148,62072,-33.1425,-70.911757,2.7,166.9,6.76,10.05,,-8.1
"2025-05-02 22:36:53",4107,3130,62211,0,,2.15,134.8,6.88,10.05,,-8.2
"2025-05-02 22:36:54",4098,3121,62280,-33.14254,-70.91172,1.65,126.8,6.95,10,15,-8.3
"2025-05-02 22:36:55",4089,3112,62345,0,,0.95,126.8,7.02,9.95,,-8.4
"2025-05-02 22:36:56",4080,3103,62409,0,,1.2,186.6,7.09,9.95,,-8.4
"2025-05-02 22:36:57",4072,3095,62474,-33.142573,-70.91171,1.95,174.3,7.16,9.9,,-8.4
"2025-05-02 22:36:58",4064,3087,62530,0,,2.85,154.9,7.23,9.9,,-8.4
"2025-05-02 22:36:59",4057,3080,62589,0,,2.2,142.3,7.3,9.9,,-8.3
"2025-05-02 22:37:00",4049,3072,62648,-33.142627,-70.911675,1.9,134.7,7.38,9.85,,-8.2
"2025-05-02 22:37:01",4040,3063,62715,0,,1.95,144.7,7.45,9.85,,-8.1
"2025-05-02 22:37:02",4031,3054,62780,0,,1.75,152.1,7.51,9.85,,-8.4
"2025-05-02 22:37:03",4023,3046,62846,-33.142665,-70.911648,0.1,152.1,7.56,9.8,,-8.5
"2025-05-02 22:37:04",4016,3039,62897,0,,1.9,181.8,7.62,9.75,,-8.4
"2025-05-02 22:37:05",4009,3032,62950,0,,2.05,167.1,7.67,9.5,,-8.3
"2025-05-02 22:37:06",4002,3025,63004,-33.14271,-70.911637,2.25,160.4,7.7,9.3,,-8.1
"2025-05-02 22:37:07",3993,3016,63073,0,,1.65,142.8,7.75,9,,-8.1
"2025-05-02 22:37:08",3984,3007,63141,0,,0,142.8,7.78,8.7,,-8.1
"2025-05-02 22:37:09",3975,2998,63210,-33.142738,-70.91162,0.1,142.8,7.82,8.35,,-8.1
"2025-05-02 22:37:10",3967,2990,63270,0,,,,7.84,8,,-8.1
"2025-05-02 22:37:11",3959,2982,63330,0,,,,7.9,7.65,,-8.1
"2025-05-02 22:37:12",3951,2974,63390,0,,,,7.95,7.35,,-8.1
"2025-05-02 22:37:13",3943,2966,63453,0,,2.45,159.8,7.99,7.1,,-8
"2025-05-02 22:37:14",3935,2958,63513,0,,2.2,146.5,8.05,6.8,,-8
"2025-05-02 22:37:15",3927,2950,63574,-33.14284,-70.911577,2.2,127.1,8.1,6.55,,-7.9
"2025-05-02 22:37:16",3919,2942,63637,0,,2.2,168.9,8.14,6.35,,-8.1
"2025-05-02 22:37:17",3910,2933,63703,0,,1.85,174,8.21,6.15,,-8.2
"2025-05-02 22:37:18",3902,2925,63770,-33.142893,-70.911557,2.25,165.9,8.26,5.95,,-8.3
"2025-05-02 22:37:20",3888,2911,63879,0,,3,151.8,8.38,5.5,,-8.1
"2025-05-02 22:37:21",3880,2903,63936,-33.142962,-70.911515,2.75,145.5,8.43,5.3,16,-8
"2025-05-02 22:37:23",3863,2886,64069,0,,1.85,158.5,8.54,4.9,,-8
"2025-05-02 22:37:24",3854,2877,64136,-33.143013,-70.911477,2.75,158.7,8.62,4.8,,-8.1
"2025-05-02 22:37:25",3847,2870,64190,0,,4.25,153.2,8.64,4.6,,-8
"2025-05-02 22:37:26",3840,2863,64244,0,,2.95,152.5,8.65,4.45,,-7.9
"2025-05-02 22:37:27",3833,2856,64298,-33.143092,-70.911428,3.1,148.4,8.65,4.3,,-7.9
"2025-05-02 22:37:28",3825,2848,64363,0,,2.9,143.8,8.65,4.15,,-7.9
"2025-05-02 22:37:29",3816,2839,64430,0,,2.75,166.3,8.65,4,,-7.9
"2025-05-02 22:37:30",3808,2831,64498,-33.143165,-70.911392,3.25,175,8.77,3.9,,-7.9
"2025-05-02 22:37:31",3801,2824,64550,0,,4.25,166.4,8.82,3.75,,-7.8
"2025-05-02 22:37:32",3794,2817,64605,0,,4.4,162.3,8.86,3.65,,-7.8
"2025-05-02 22:37:33",3787,2810,64660,-33.14327,-70.911357,4.3,156.8,8.89,3.5,,-7.8
"2025-05-02 22:37:34",3778,2801,64729,0,,4.2,164.8,8.93,3.45,,-7.9
"2025-05-02 22:37:35",3769,2792,64795,0,,3.75,176.7,8.96,3.35,,-7.8
"2025-05-02 22:37:36",3761,2784,64862,-33.143377,-70.911332,4.35,176.6,9,3.25,,-7.8
"2025-05-02 22:37:38",3747,2770,64966,0,,6,165.5,9.04,3.1,,-7.7
"2025-05-02 22:37:39",3741,2764,65020,-33.143512,-70.9113,4.95,162.8,9.07,3,,-7.7
"2025-05-02 22:37:40",3732,2755,65086,0,,4.95,162.9,9.07,2.9,,-7.8
"2025-05-02 22:37:41",3723,2746,65153,0,,4.05,149.7,9.09,2.85,,-7.8
"2025-05-02 22:37:42",3715,2738,65220,-33.143622,-70.911245,3.9,155.9,9.09,2.8,,-7.8
"2025-05-02 22:37:43",3707,2730,65280,0,,3.25,164.4,9.09,2.7,,-7.8
"2025-05-02 22:37:44",3699,2722,65341,0,,3.7,167.3,9.1,2.7,,-7.8
"2025-05-02 22:37:45",3692,2715,65402,-33.143717,-70.911217,4.5,168.1,9.11,2.65,,-7.9
"2025-05-02 22:37:47",3676,2699,65523,0,,3.85,149.7,9.15,2.65,,-7.8
"2025-05-02 22:37:48",3669,2692,65584,-33.143817,-70.911167,3.5,154.6,9.16,2.6,17,-7.8
"2025-05-02 22:37:50",3652,2675,65715,0,,2.75,158,9.21,2.55,,-7.9
"2025-05-02 22:37:51",3643,2666,65782,-33.143888,-70.911118,3.2,161.6,9.24,2.55,,-8.1
"2025-05-02 22:37:53",3630,2653,65889,0,,3.5,151.4,9.29,2.5,,-7.8
"2025-05-02 22:37:54",3623,2646,65944,-33.143975,-70.911063,3.95,142.8,9.32,2.5,,-7.6
"2025-05-02 22:37:55",3614,2637,66011,0,,3.2,139,9.36,2.5,,-7.7
"2025-05-02 22:37:56",3606,2629,66079,0,,3.2,154.1,9.39,2.5,,-7.8
"2025-05-02 22:37:57",3597,2620,66148,-33.144045,-70.911008,2.7,160.9,9.44,2.5,,-7.9
"2025-05-02 22:37:58",3590,2613,66201,0,,3.05,158.3,9.49,2.45,,-7.8
"2025-05-02 22:37:59",3584,2607,66254,0,,3.4,151.7,9.57,2.45,,-7.7
"2025-05-02 22:38:00",3577,2600,66308,-33.144118,-70.910963,3.95,150.8,9.61,2.4,,-7.6
"2025-05-02 22:38:01",3568,2591,66375,0,,3.4,137.2,9.68,2.45,,-7.7
"2025-05-02 22:38:02",3560,2583,66445,0,,3.15,132.4,9.74,2.45,,-7.8
"2025-05-02 22:38:03",3551,2574,66516,-33.144185,-70.910895,2.65,146.5,9.76,2.4,,-7.8
"2025-05-02 22:38:04",3544,2567,66569,0,,2.15,154,9.83,2.4,,-7.7
"2025-05-02 22:38:05",3537,2560,66622,0,,2.85,155.8,9.87,2.35,,-7.6
"2025-05-02 22:38:06",3531,2554,66676,-33.144248,-70.910855,3.7,151.8,9.93,2.35,,-7.6
"2025-05-02 22:38:08",3514,2537,66811,0,,2.3,133.1,10.02,2.3,,-7.7
"2025-05-02 22:38:09",3505,2528,66878,-33.144315,-70.910795,2.6,144.4,10.06,2.3,,-7.6
"2025-05-02 22:38:10",3498,2521,66936,0,,1.2,153,10.15,2.3,,-7.7
"2025-05-02 22:38:11",3491,2514,66993,0,,2.95,156.5,10.21,2.3,,-7.7
"2025-05-02 22:38:12",3484,2507,67050,-33.14437,-70.910755,4.3,143.3,10.27,2.25,,-7.7
"2025-05-02 22:38:13",3476,2499,67114,0,,3.25,134.2,10.33,2.25,,-7.7
"2025-05-02 22:38:14",3468,2491,67179,0,,3.15,118,10.4,2.25,,-7.6
"2025-05-02 22:38:15",3460,2483,67244,-33.144425,-70.910677,2.55,135.5,10.45,2.2,17.75,-7.6
"2025-05-02 22:38:16",3453,2476,67298,0,,2.3,153.1,10.51,2.25,,-7.6
"2025-05-02 22:38:17",3446,2469,67354,0,,2.6,135.3,10.57,2.25,,-7.6
"2025-05-02 22:38:18",3439,2462,67410,-33.144478,-70.910627,3.4,150.8,10.64,2.2,,-7.6
"2025-05-02 22:38:20",3422,2445,67546,0,,2.9,121.2,10.76,2.2,,-7.6
"2025-05-02 22:38:21",3414,2437,67614,-33.144532,-70.910565,2.05,149.5,10.81,2.15,,-7.6
"2025-05-02 22:38:23",3400,2423,67727,0,,3.5,149.8,10.93,2.2,,-7.6
"2025-05-02 22:38:24",3393,2416,67784,-33.1446,-70.910518,3.9,150.8,11,2.25,,-7.6
"2025-05-02 22:38:25",3385,2408,67849,0,,3.65,148.4,11.05,2.3,,-7.7
"2025-05-02 22:38:26",3376,2399,67915,0,,3.8,138.2,11.12,2.45,,-7.7
"2025-05-02 22:38:27",3368,2391,67982,-33.144675,-70.910447,3.5,129,11.18,2.5,,-7.7
"2025-05-02 22:38:28",3360,2383,68047,0,,3.15,135.3,11.22,2.6,,-7.7
"2025-05-02 22:38:29",3352,2375,68113,0,,2.8,164.8,11.28,2.65,,-7.8
"2025-05-02 22:38:30",3344,2367,68180,-33.144747,-70.910398,3.6,162.5,11.35,2.7,,-7.9
"2025-05-02 22:38:31",3337,2360,68235,0,,4.6,155.9,11.43,2.8,,-7.9
"2025-05-02 22:38:32",3330,2353,68291,0,,4.6,146.6,11.44,3,,-7.8
"2025-05-02 22:38:33",3323,2346,68348,-33.144852,-70.910333,4.35,150.6,11.48,3.45,,-7.6
"2025-05-02 22:38:34",3315,2338,68415,0,,4.05,142.8,11.52,3.85,,-7.6
"2025-05-02 22:38:35",3306,2329,68483,0,,3.3,164,11.58,4.25,,-7.7
"2025-05-02 22:38:36",3298,2321,68552,-33.144945,-70.910275,4.3,159.6,11.64,4.55,,-7.8
"2025-05-02 22:38:38",3284,2307,68664,0,,4.55,149.6,11.76,5.2,,-7.7
"2025-05-02 22:38:39",3277,2300,68720,-33.145053,-70.910207,4.05,138.7,11.82,5.55,,-7.6
"2025-05-02 22:38:41",3262,2285,68847,0,,4.2,163.1,11.94,6.1,,-7.5
"2025-05-02 22:38:42",3254,2277,68910,-33.145155,-70.910153,5.05,160,11.99,6.35,18.75,-7.4
"2025-05-02 22:38:43",3247,2270,68967,0,,5.2,154.6,12.08,6.6,,-7.4
"2025-05-02 22:38:44",3240,2263,69027,0,,5,153.4,12.14,6.75,,-7.5
"2025-05-02 22:38:45",3232,2255,69088,-33.145275,-70.91008,4.7,142.6,12.22,6.95,,-7.5
"2025-05-02 22:38:46",3224,2247,69159,0,,4.55,152.5,12.28,7.1,,-7.6
"2025-05-02 22:38:47",3215,2238,69228,0,,3.9,158.6,12.36,7.2,,-7.6
"2025-05-02 22:38:48",3207,2230,69298,-33.145382,-70.910015,4.65,155.9,12.41,7.35,,-7.6
"2025-05-02 22:38:50",3193,2216,69414,0,,4.85,157.2,12.55,7.5,,-7.5
"2025-05-02 22:38:51",3185,2208,69474,-33.145503,-70.90995,4.8,149.8,12.63,7.65,,-7.6
"2025-05-02 22:38:53",3169,2192,69608,0,,4.05,170.9,12.76,7.85,,-7.8
"2025-05-02 22:38:54",3161,2184,69678,-33.14562,-70.909907,4.75,164.4,12.82,7.9,,-7.8
"2025-05-02 22:38:55",3154,2177,69736,0,,5.95,162.6,12.88,7.95,,-7.8
"2025-05-02 22:38:56",3147,2170,69792,0,,5.2,163.5,12.95,8,,-7.7
"2025-05-02 22:38:57",3140,2163,69848,-33.145757,-70.909855,4.3,156.1,13,7.95,,-7.7
"2025-05-02 22:38:58",3132,2155,69911,0,,3.75,165.1,13.06,7.85,,-7.7
"2025-05-02 22:38:59",3125,2148,69976,0,,3.8,173.2,13.11,7.85,,-7.7
"2025-05-02 22:39:00",3117,2140,70042,-33.14586,-70.909825,4.55,168.8,13.16,7.75,,-7.6
"2025-05-02 22:39:01",3110,2133,70097,0,,5.55,161.9,13.21,7.75,,-7.5
"2025-05-02 22:39:02",3103,2126,70153,0,,4.7,159.6,13.27,7.75,,-7.4
"2025-05-02 22:39:03",3096,2119,70210,-33.145983,-70.90977,4.2,153.5,13.3,7.85,,-7.4
"2025-05-02 22:39:13",3021,2044,70837,0,,4,158.5,13.72,8.15,,-7.4
"2025-05-02 22:39:14",3014,2037,70899,0,,4.1,158,13.75,8.2,,-7.4
"2025-05-02 22:39:15",3006,2029,70962,-33.146412,-70.909597,3.95,164.5,13.76,8.3,,-7.5
"2025-05-02 22:39:16",3000,2023,71017,0,,3.9,178.4,13.8,8.45,,-7.4
"2025-05-02 22:39:17",2993,2016,71073,0,,5.05,171.2,13.83,8.6,,-7.4
"2025-05-02 22:39:18",2986,2009,71130,-33.14653,-70.909575,4.85,165.5,13.86,8.8,,-7.3
"2025-05-02 22:39:20",2969,1992,71275,0,,3.7,185.3,13.95,9.3,,-7.5
"2025-05-02 22:39:21",2960,1983,71348,-33.146635,-70.909552,4.45,176.4,14,9.5,,-7.6
"2025-05-02 22:39:23",2947,1970,71463,0,,5.25,170.1,14.17,9.8,,-7.5
"2025-05-02 22:39:24",2940,1963,71522,-33.146768,-70.909523,4.2,162.1,14.22,10,,-7.5
"2025-05-02 22:39:25",2932,1955,71584,0,,4.45,178.6,14.22,10.3,,-7.5
"2025-05-02 22:39:26",2925,1948,71645,0,,4.45,182.5,14.22,10.75,,-7.4
"2025-05-02 22:39:27",2918,1941,71706,-33.14689,-70.909512,5.3,174.2,14.22,11.25,,-7.4
"2025-05-02 22:39:28",2910,1933,71770,0,,4,167.1,14.22,11.65,,-7.4
"2025-05-02 22:39:29",2903,1926,71832,0,,3.55,161.6,14.22,12.05,,-7.5
"2025-05-02 22:39:30",2896,1919,71894,-33.146993,-70.909488,2.95,182.7,14.22,12.25,,-7.5
"2025-05-02 22:39:31",2889,1912,71952,0,,3.95,189,14.22,12.4,,-7.5
"2025-05-02 22:39:32",2882,1905,72011,0,,4.4,179,14.22,12.5,,-7.2
"2025-05-02 22:39:33",2875,1898,72070,-33.147093,-70.909495,3.05,176.3,14.24,12.55,,-7.1
"2025-05-02 22:39:34",2867,1890,72136,0,,2.9,189.1,14.24,12.55,,-7.2
"2025-05-02 22:39:35",2859,1882,72206,0,,3.55,199.2,14.24,12.6,,-7.3
"2025-05-02 22:39:36",2851,1874,72276,-33.147183,-70.909512,4.05,186.5,14.27,12.55,21,-7.4
"2025-05-02 22:39:37",2843,1866,72337,0,,4.15,184.5,14.32,12.55,,-7.4
"2025-05-02 22:39:38",2836,1859,72398,0,,3.85,177.6,14.35,12.6,,-7.4
"2025-05-02 22:39:39",2829,1852,72460,-33.147287,-70.909518,2.95,174,14.4,12.65,,-7.4
"2025-05-02 22:39:40",2821,1844,72527,0,,2.6,202.9,14.42,12.8,,-7.4
"2025-05-02 22:39:41",2814,1837,72590,0,,2.8,210,14.45,12.95,,-7.4
"2025-05-02 22:39:42",2806,1829,72654,-33.14736,-70.90955,3.8,193.7,14.48,13.2,,-7.4
"2025-05-02 22:39:43",2799,1822,72713,0,,3.45,196.8,14.5,13.5,,-7.4
"2025-05-02 22:39:44",2792,1815,72774,0,,2.2,196.3,14.51,13.8,,-7.4
"2025-05-02 22:39:45",2785,1808,72836,-33.147437,-70.909588,2.75,219.9,14.47,14.25,,-7.4
"2025-05-02 22:39:46",2779,1802,72891,0,,3.7,232.1,14.45,14.8,,-7.3
"2025-05-02 22:39:47",2772,1795,72946,0,,4.4,219.3,14.42,15.35,,-7.2
"2025-05-02 22:39:48",2766,1789,73002,-33.14751,-70.909672,3.15,212.8,14.39,15.9,,-7.1
"2025-05-02 22:39:50",2749,1772,73147,0,,4.05,223.1,14.35,16.75,,-7.3
"2025-05-02 22:39:51",2740,1763,73222,-33.14758,-70.90976,4.45,238.1,14.36,17.2,,-7.4
"2025-05-02 22:39:52",2733,1756,73285,0,,4.95,225.4,14.37,17.6,,-7.4
"2025-05-02 22:39:53",2726,1749,73343,0,,3.55,224.8,14.4,17.95,,-7.3
"2025-05-02 22:39:54",2720,1743,73402,-33.147655,-70.909865,3.2,233.4,14.42,18.25,,-7.3
"2025-05-02 22:39:55",2713,1736,73461,0,,4.3,240.6,14.45,18.45,,-7.2
"2025-05-02 22:39:56",2706,1729,73522,0,,4.75,227.3,14.5,18.7,,-7.2
"2025-05-02 22:39:57",2699,1722,73584,-33.147723,-70.909975,3.9,225.6,14.56,18.9,,-7.2
"2025-05-02 22:39:58",2691,1714,73653,0,,3.45,231.7,14.6,19.1,,-7.3
"2025-05-02 22:39:59",2682,1705,73726,0,,3.55,235.2,14.65,19.2,,-7.5
"2025-05-02 22:40:00",2674,1697,73800,-33.147785,-70.910073,4.25,236.1,14.71,19.3,,-7.6
"2025-05-02 22:40:01",2667,1690,73856,0,,4.7,237.2,14.76,19.5,,-7.6
"2025-05-02 22:40:02",2661,1684,73913,0,,4.25,230.9,14.81,19.55,,-7.3
"2025-05-02 22:40:03",2654,1677,73970,-33.147857,-70.910182,4.25,216.1,14.85,19.95,21.75,-7.2
"2025-05-02 22:40:04",2646,1669,74040,0,,3.3,226,14.88,20.4,,-7.2
"2025-05-02 22:40:05",2638,1661,74109,0,,3.7,226.7,14.89,21.05,,-7.3
"2025-05-02 22:40:06",2631,1654,74178,-33.147927,-70.910263,3.8,233.7,14.9,21.8,,-7.4
"2025-05-02 22:40:07",2624,1647,74234,0,,3.8,228,14.94,22.45,,-7.4
"2025-05-02 22:40:08",2618,1641,74292,0,,3.95,213.1,14.95,23.1,,-7.3
"2025-05-02 22:40:09",2611,1634,74350,-33.147997,-70.910345,3.15,228.8,14.98,23.8,,-7.3
"2025-05-02 22:40:10",2603,1626,74419,0,,3.15,224.4,14.99,24.5,,-7.3
"2025-05-02 22:40:11",2596,1619,74485,0,,3.3,237.7,15.01,25.3,,-7.2
"2025-05-02 22:40:12",2588,1611,74552,-33.14805,-70.910422,3.55,230,15.04,26.05,,-7.1
"2025-05-02 22:40:13",2581,1604,74612,0,,3.1,214.3,15.04,26.85,,-7.1
"2025-05-02 22:40:14",2574,1597,74672,0,,1.8,230.1,15.06,27.6,,-7.2
"2025-05-02 22:40:15",2568,1591,74732,-33.148102,-70.91048,2.65,231.4,15.07,28.5,,-7.2
"2025-05-02 22:40:16",2561,1584,74786,0,,2.85,246.2,15.07,29.4,,-7.1
"2025-05-02 22:40:17",2555,1578,74843,0,,2.7,229.2,15.09,30.35,,-7
"2025-05-02 22:40:18",2548,1571,74900,-33.148137,-70.910548,2.15,218.7,15.1,31.15,,-6.9
"2025-05-02 22:40:20",2533,1556,75035,0,,2.15,223.2,15.11,32.6,,-7
"2025-05-02 22:40:21",2525,1548,75104,-33.148172,-70.910597,2.6,240.1,15.15,33.1,,-7.1
"2025-05-02 22:40:22",2518,1541,75168,0,,2.75,224.9,15.17,33.55,,-7.1
"2025-05-02 22:40:23",2511,1534,75230,0,,1.65,223.8,15.19,33.9,,-7.1
"2025-05-02 22:40:24",2504,1527,75292,-33.148208,-70.910645,1.25,234.9,15.21,34.15,,-7
"2025-05-02 22:40:25",2498,1521,75351,0,,2.05,264.9,15.25,34.45,,-7
"2025-05-02 22:40:26",2491,1514,75409,0,,2.2,218.3,15.29,34.65,,-6.9
"2025-05-02 22:40:27",2484,1507,75468,-33.148232,-70.910687,1.2,207.8,15.33,34.8,,-6.9
"2025-05-02 22:40:28",2477,1500,75536,0,,0,207.8,15.35,34.85,,-7
"2025-05-02 22:40:29",2469,1492,75607,0,,0.1,207.8,15.36,35,,-7.1
"2025-05-02 22:40:30",2461,1484,75678,-33.148247,-70.910702,0.15,207.8,15.36,35.1,22.5,-7.3
"2025-05-02 22:40:31",2454,1477,75736,0,,0.1,207.8,15.33,35.35,,-7.2
"2025-05-02 22:40:32",2448,1471,75791,0,,0.1,207.8,15.25,35.65,,-7.1
"2025-05-02 22:40:33",2442,1465,75846,-33.148265,-70.910682,0.05,207.8,15.17,36.1,,-6.9
"2025-05-02 22:40:34",2435,1458,75908,0,,0.15,207.8,15.09,36.5,,-6.9
"2025-05-02 22:40:35",2428,1451,75973,0,,1.85,83.1,15.03,37,,-7
"2025-05-02 22:40:36",2420,1443,76038,-33.148265,-70.910637,1.15,69,14.96,37.45,,-7
"2025-05-02 22:40:37",2414,1437,76099,0,,1.5,79.9,14.94,37.85,,-7
"2025-05-02 22:40:38",2406,1429,76162,0,,1.85,78.2,14.92,38.15,,-7
"2025-05-02 22:40:39",2399,1422,76226,-33.148252,-70.910583,2.45,59.6,14.91,38.45,,-7.1
"2025-05-02 22:40:40",2393,1416,76286,0,,1.05,21.5,14.92,38.7,,-7.1
"2025-05-02 22:40:41",2386,1409,76347,0,,1.05,74.8,14.94,38.95,,-7
"2025-05-02 22:40:42",2379,1402,76408,-33.148232,-70.910552,0.7,74.8,14.98,39.15,,-6.9
"2025-05-02 22:40:43",2372,1395,76475,0,,1.6,92.4,15.02,39.35,,-6.9
"2025-05-02 22:40:44",2364,1387,76542,0,,1.4,73.3,15.04,39.5,,-7
"2025-05-02 22:40:45",2357,1380,76610,-33.148222,-70.910507,2.1,49.6,15.08,39.6,,-7.1
"2025-05-02 22:40:46",2350,1373,76673,0,,1.5,27.5,15.14,39.7,,-7.1
"2025-05-02 22:40:47",2343,1366,76736,0,,1.1,56,15.18,39.75,,-7.1
"2025-05-02 22:40:48",2336,1359,76800,-33.148198,-70.91047,1.65,104.8,15.23,39.8,,-7.1
"2025-05-02 22:40:50",2320,1343,76942,0,,1.65,97.9,15.35,39.8,,-7.2
"2025-05-02 22:40:51",2312,1335,77012,-33.148198,-70.910423,0.05,97.9,15.41,39.85,,-7.3
"2025-05-02 22:40:52",2305,1328,77072,0,,0.15,97.9,15.47,39.85,,-7.2
"2025-05-02 22:40:53",2298,1321,77135,0,,0.15,97.9,15.53,39.85,,-7.3
"2025-05-02 22:40:54",2291,1314,77198,-33.148198,-70.910383,0.15,97.9,15.6,39.85,,-7.3
"2025-05-02 22:40:56",2277,1300,77324,0,,0.1,97.9,15.73,39.85,,-7.2
"2025-05-02 22:40:57",2271,1294,77386,-33.148187,-70.910365,0.1,97.9,15.79,39.8,22.5,-7.2
"2025-05-02 22:40:58",2263,1286,77453,0,,0.1,97.9,15.85,39.75,,-7.2
"2025-05-02 22:40:59",2256,1279,77522,0,,0.15,97.9,15.91,39.7,,-7.2
"2025-05-02 22:41:00",2248,1271,77592,-33.148178,-70.91037,0.1,97.9,15.98,39.7,,-7.3
"2025-05-02 22:41:01",2240,1263,77661,0,,0.05,97.9,16.05,39.7,,-7.3
"2025-05-02 22:41:02",2233,1256,77727,0,,0.1,97.9,16.09,39.65,,-7.2
"2025-05-02 22:41:03",2226,1249,77794,-33.148177,-70.910383,0.1,97.9,16.13,39.65,,-7.2
"2025-05-02 22:41:04",2219,1242,77856,0,,0.05,97.9,16.2,39.6,,-7.2
"2025-05-02 22:41:05",2211,1234,77923,0,,0.05,97.9,16.26,39.55,,-7.2
"2025-05-02 22:41:06",2204,1227,77990,-33.148177,-70.910393,0.05,97.9,16.33,39.5,,-7.3
"2025-05-02 22:41:07",2197,1220,78055,0,,0.1,97.9,16.38,39.45,,-7.3
"2025-05-02 22:41:08",2190,1213,78118,0,,0.1,97.9,16.46,39.4,,-7.2
"2025-05-02 22:41:09",2183,1206,78182,-33.148175,-70.910403,0.05,97.9,16.49,39.35,,-7.3
"2025-05-02 22:41:10",2176,1199,78247,0,,0.1,97.9,16.56,39.35,,-7.3
"2025-05-02 22:41:11",2168,1191,78315,0,,0.8,97.9,16.63,39.3,,-7.3
"2025-05-02 22:41:12",2161,1184,78384,-33.148183,-70.910418,0.9,97.9,16.68,39.25,,-7.3
"2025-05-02 22:41:13",2153,1176,78458,0,,1.2,208.1,16.74,39.1,,-7.3
"2025-05-02 22:41:14",2145,1168,78528,0,,0.05,208.1,16.81,39.05,,-7.3
"2025-05-02 22:41:15",2137,1160,78598,-33.1482,-70.910433,0.1,208.1,16.87,39,,-7.4
"2025-05-02 22:41:16",2130,1153,78661,0,,0.15,208.1,16.96,38.95,,-7.3
"2025-05-02 22:41:17",2123,1146,78726,0,,0.15,208.1,17.01,38.85,,-7.3
"2025-05-02 22:41:18",2116,1139,78792,-33.148218,-70.910448,0.1,208.1,17.06,38.75,,-7.3
"2025-05-02 22:41:20",2101,1124,78932,0,,0.1,208.1,17.17,38.55,,-7.4
"2025-05-02 22:41:21",2093,1116,79004,-33.148233,-70.910462,2,181.9,17.26,38.4,,-7.5
"2025-05-02 22:41:23",2078,1101,79145,0,,0,181.9,17.38,38.3,,-7.5
"2025-05-02 22:41:24",2070,1093,79214,-33.148245,-70.910468,0.1,181.9,17.43,38.2,22.5,-7.5
"2025-05-02 22:41:25",2063,1086,79281,0,,0.05,181.9,17.51,38.05,,-7.5
"2025-05-02 22:41:26",2055,1078,79350,0,,0.1,181.9,17.57,37.95,,-7.5
"2025-05-02 22:41:27",2048,1071,79420,-33.148247,-70.910485,0.1,181.9,17.64,37.85,,-7.5
"2025-05-02 22:41:28",2040,1063,79490,0,,0.05,181.9,17.71,37.8,,-7.5
"2025-05-02 22:41:29",2033,1056,79560,0,,0.05,181.9,17.79,37.7,,-7.5
"2025-05-02 22:41:30",2025,1048,79630,-33.14825,-70.910498,0.1,181.9,17.86,37.55,,-7.6
"2025-05-02 22:41:31",2018,1041,79696,0,,0.05,181.9,17.92,37.45,,-7.6
"2025-05-02 22:41:32",2011,1034,79764,0,,0.05,181.9,17.98,37.3,,-7.5
"2025-05-02 22:41:33",2003,1026,79832,-33.14825,-70.91051,0.05,181.9,18.06,37.2,,-7.5
"2025-05-02 22:41:34",1996,1019,79902,0,,0.15,181.9,18.14,37.1,,-7.5
"2025-05-02 22:41:35",1988,1011,79972,0,,0.1,181.9,18.22,37,,-7.5
"2025-05-02 22:41:36",1980,1003,80042,-33.148252,-70.910542,0.05,181.9,18.28,36.9,,-7.5
"2025-05-02 22:41:38",1966,989,80173,0,,1.3,228.2,18.42,36.7,,-7.5
"2025-05-02 22:41:39",1959,982,80242,-33.148255,-70.91058,1,259,18.48,36.55,,-7.5
"2025-05-02 22:41:40",1951,974,80312,0,,1.7,267.5,18.55,36.4,,-7.4
"2025-05-02 22:41:41",1944,967,80379,0,,1.85,244.8,18.61,36.35,,-7.4
"2025-05-02 22:41:42",1937,960,80446,-33.148258,-70.910628,1.05,299.5,18.68,36.2,,-7.4
"2025-05-02 22:41:43",1929,952,80518,0,,2,272.2,18.74,36.1,,-7.4
"2025-05-02 22:41:44",1921,944,80590,0,,1.1,270.5,18.81,36.05,,-7.4
"2025-05-02 22:41:45",1914,937,80662,-33.148248,-70.910678,2.15,298.2,18.89,35.9,,-7.4
"2025-05-02 22:41:46",1906,929,80734,0,,1.9,251.7,18.95,35.75,,-7.4
"2025-05-02 22:41:47",1899,922,80803,0,,0.1,251.7,19.02,35.7,,-7.4
"2025-05-02 22:41:48",1891,914,80872,-33.148247,-70.910725,2.15,288.5,19.07,35.55,,-7.4
"2025-05-02 22:41:50",1877,900,81007,0,,1.2,265.6,19.2,35.3,,-7.4
"2025-05-02 22:41:51",1869,892,81076,-33.148238,-70.910782,2.75,292.5,19.25,35.2,23,-7.4
"2025-05-02 22:41:52",1862,885,81145,0,,1.3,240.9,19.33,35.05,,-7.4
"2025-05-02 22:41:53",1854,877,81217,0,,1.3,240.9,19.38,34.9,,-7.5
"2025-05-02 22:41:54",1847,870,81290,-33.148225,-70.910827,1.6,286,19.45,34.8,,-7.5
"2025-05-02 22:41:55",1839,862,81361,0,,1.3,310.7,19.51,34.7,,-7.5
"2025-05-02 22:41:56",1832,855,81427,0,,1,288,19.59,34.55,,-7.4
"2025-05-02 22:41:57",1825,848,81494,-33.14821,-70.910863,1.65,291.1,19.67,34.45,,-7.4
"2025-05-02 22:41:58",1817,840,81564,0,,1.25,288.7,19.76,34.4,,-7.4
"2025-05-02 22:41:59",1810,833,81637,0,,1.85,298.9,19.81,34.4,,-7.4
"2025-05-02 22:42:00",1802,825,81710,-33.148195,-70.910907,1.05,239.9,19.83,34.3,,-7.5
"2025-05-02 22:42:01",1795,818,81777,0,,1.05,301.6,19.83,34.15,,-7.5
"2025-05-02 22:42:02",1787,810,81847,0,,1.05,309.5,19.96,34.05,,-7.5
"2025-05-02 22:42:03",1780,803,81918,-33.148175,-70.910933,1.65,330.6,20.03,33.9,,-7.5
"2025-05-02 22:42:04",1772,795,81988,0,,0.95,330.6,20.1,33.8,,-7.5
"2025-05-02 22:42:05",1765,788,82058,0,,1.8,337.1,20.17,33.7,,-7.4
"2025-05-02 22:42:06",1758,781,82128,-33.148147,-70.910958,1.35,306.7,20.24,33.6,,-7.4
"2025-05-02 22:42:07",1750,773,82199,0,,1.95,321.4,20.29,33.45,,-7.4
"2025-05-02 22:42:08",1743,766,82268,0,,1.5,306.8,20.38,33.4,,-7.4
"2025-05-02 22:42:09",1735,758,82338,-33.148107,-70.910993,2.3,352.4,20.44,33.25,,-7.4
"2025-05-02 22:42:10",1728,751,82409,0,,1.65,325.1,20.51,33.15,,-7.5
"2025-05-02 22:42:11",1720,743,82483,0,,2.1,345.6,20.57,33.1,,-7.5
"2025-05-02 22:42:12",1712,735,82558,-33.148055,-70.911017,1.85,328.2,20.64,32.95,,-7.5
"2025-05-02 22:42:13",1704,727,82634,0,,2.1,322.7,20.69,32.8,,-7.5
"2025-05-02 22:42:14",1696,719,82706,0,,1.35,321.8,20.76,32.65,,-7.5
"2025-05-02 22:42:15",1689,712,82778,-33.148017,-70.911055,2.5,325.1,20.81,32.55,,-7.5
"2025-05-02 22:42:16",1681,704,82857,0,,1.85,344.6,20.87,32.45,,-7.6
"2025-05-02 22:42:17",1672,695,82936,0,,1.95,352,20.94,32.3,,-7.7
"2025-05-02 22:42:18",1664,687,83016,-33.147963,-70.911073,2.05,354,21.01,32.25,23.75,-7.8
"2025-05-02 22:42:20",1648,671,83167,0,,2.5,345.2,21.15,32,,-7.9
"2025-05-02 22:42:21",1640,663,83244,-33.147898,-70.911085,3,11,21.22,31.9,,-7.9
"2025-05-02 22:42:22",1632,655,83321,0,,1.7,24,21.27,31.8,,-8
"2025-05-02 22:42:23",1624,647,83396,0,,2.75,349,21.34,31.7,,-8
"2025-05-02 22:42:24",1616,639,83472,-33.147832,-70.911078,3.2,6,21.37,31.6,,-8
"2025-05-02 22:42:25",1608,631,83548,0,,2.25,356.5,21.41,31.5,,-8
"2025-05-02 22:42:26",1600,623,83626,0,,3.8,338.5,21.46,31.45,,-8
"2025-05-02 22:42:27",1592,615,83704,-33.147752,-70.911097,3.7,344.7,21.52,31.35,,-8.1
"2025-05-02 22:42:28",1584,607,83778,0,,2.65,327.2,21.58,31.3,,-8.1
"2025-05-02 22:42:29",1576,599,83854,0,,3.5,326.7,21.65,31.25,,-8.1
"2025-05-02 22:42:30",1568,591,83930,-33.147675,-70.911143,3.35,344.4,21.67,31.15,,-8
"2025-05-02 22:42:31",1560,583,84012,0,,2.4,335.1,21.77,31.15,,-8
"2025-05-02 22:42:32",1551,574,84093,0,,3.3,330.6,21.86,31,,-8.1
"2025-05-02 22:42:33",1543,566,84174,-33.147607,-70.911187,2.85,314.7,21.94,30.95,,-8.1
"2025-05-02 22:42:34",1535,558,84244,0,,1.8,300.8,22.01,30.9,,-8
"2025-05-02 22:42:35",1528,551,84315,0,,4.3,300.1,22.06,30.85,,-8
"2025-05-02 22:42:36",1521,544,84386,-33.147558,-70.911263,3.15,312.1,22.12,30.8,,-8
"2025-05-02 22:42:37",1513,536,84458,0,,4.65,311.6,22.19,30.75,,-7.9
"2025-05-02 22:42:38",1506,529,84528,0,,4.3,312.7,22.25,30.7,,-7.8
"2025-05-02 22:42:39",1499,522,84598,-33.14748,-70.911365,4.8,307.9,22.31,30.6,,-7.7
"2025-05-02 22:42:40",1491,514,84670,0,,3.95,327.8,22.36,30.5,,-7.7
"2025-05-02 22:42:41",1483,506,84746,0,,3.25,306.8,22.44,30.5,,-7.7
"2025-05-02 22:42:42",1475,498,84822,-33.147403,-70.911457,5.4,315.4,22.58,30.35,,-7.7
"2025-05-02 22:42:46",1441,464,85150,0,,6.3,302.8,22.85,30,,-7.8
"2025-05-02 22:42:47",1433,456,85232,0,,5.85,309.6,22.9,29.9,,-7.9
"2025-05-02 22:42:48",1425,448,85314,-33.147205,-70.911747,7.45,312.3,22.93,29.85,,-8
"2025-05-02 22:42:52",1392,415,85628,0,,7.45,324.4,23.02,29.6,,-8.2
"2025-05-02 22:42:53",1384,407,85707,0,,7.65,325.9,23.06,29.55,,-8.2
"2025-05-02 22:42:54",1376,399,85786,-33.146883,-70.912052,7.1,325.9,23.14,29.55,,-8.3
"2025-05-02 22:42:55",1368,391,85865,0,,8.2,324.8,23.19,29.5,,-8.3
"2025-05-02 22:42:56",1360,383,85945,0,,8.1,326.3,23.25,29.45,,-8.3
"2025-05-02 22:42:57",1351,374,86026,-33.146707,-70.912193,7.85,325.8,23.33,29.4,,-8.3
"2025-05-02 22:42:58",1343,366,86103,0,,8.5,325.2,23.39,29.3,,-8.2
"2025-05-02 22:42:59",1336,359,86177,0,,7.75,327.1,23.47,29.25,,-8.1
"2025-05-02 22:43:00",1328,351,86252,-33.14653,-70.91233,7.3,322.7,23.52,29.15,,-8
"2025-05-02 22:43:01",1321,344,86319,0,,6.7,317.8,23.6,29.1,,-7.9
"2025-05-02 22:43:02",1314,337,86387,0,,6.35,316,23.67,29,,-7.9
"2025-05-02 22:43:03",1307,330,86456,-33.146397,-70.91247,6.15,314.9,23.74,28.9,,-7.8
"2025-05-02 22:43:04",1301,324,86522,0,,6.2,322.2,23.8,28.9,,-7.8
"2025-05-02 22:43:05",1294,317,86591,0,,5.75,319.5,23.88,28.8,,-7.6
"2025-05-02 22:43:06",1287,310,86660,-33.146275,-70.912595,6.1,315.9,23.95,28.7,,-7.5
"2025-05-02 22:43:07",1280,303,86726,0,,6.1,318.9,23.98,28.6,,-7.4
"2025-05-02 22:43:08",1273,296,86796,0,,6.1,314,24.08,28.5,,-7.3
"2025-05-02 22:43:09",1266,289,86866,-33.146165,-70.912728,5.55,314.4,24.16,28.45,,-7.3
"2025-05-02 22:43:10",1258,281,86936,0,,5.55,314.9,24.23,28.4,,-7.2
"2025-05-02 22:43:11",1251,274,87007,0,,5.9,315.9,24.28,28.3,,-7.1
"2025-05-02 22:43:12",1244,267,87078,-33.146055,-70.912852,5.5,321.6,24.35,28.2,25.5,-7.1
"2025-05-02 22:43:13",1237,260,87151,0,,4.75,314.2,24.42,28.15,,-7.1
"2025-05-02 22:43:14",1229,252,87224,0,,4.9,310.5,24.49,28.05,,-7.1
"2025-05-02 22:43:15",1222,245,87298,-33.145963,-70.912963,4.85,314,24.55,27.95,,-7.2
"2025-05-02 22:43:16",1214,237,87371,0,,5.05,319.3,24.62,27.9,,-7.2
"2025-05-02 22:43:17",1207,230,87442,0,,4.8,308.8,24.69,27.8,,-7.2
"2025-05-02 22:43:18",1200,223,87514,-33.145868,-70.913078,5.45,317.5,24.76,27.7,,-7.2
"2025-05-02 22:43:20",1186,209,87649,0,,5.75,322.2,24.92,27.55,,-7.2
"2025-05-02 22:43:21",1179,202,87718,-33.145753,-70.913207,5.9,313.2,24.98,27.45,,-7.2
"2025-05-02 22:43:23",1165,188,87858,0,,5.6,311.4,25.14,27.25,,-7.2
"2025-05-02 22:43:24",1158,181,87928,-33.145648,-70.913333,5.75,317.5,25.23,27.2,,-7.2
"2025-05-02 22:43:25",1151,174,87998,0,,5.9,322.8,25.36,27.05,,-7.1
"2025-05-02 22:43:26",1144,167,88070,0,,5.85,314.3,25.36,27,,-7.1
"2025-05-02 22:43:27",1136,159,88142,-33.145532,-70.913457,5.75,315.5,25.36,26.9,,-7.1
"2025-05-02 22:43:28",1129,152,88213,0,,6,313.9,25.37,26.85,,-7.1
"2025-05-02 22:43:29",1122,145,88282,0,,5.8,317.7,25.48,26.8,,-7.1
"2025-05-02 22:43:30",1115,138,88352,-33.145422,-70.913582,5.65,317.4,25.55,26.75,,-7
"2025-05-02 22:43:31",1108,131,88419,0,,5.5,318,25.63,26.65,,-7
"2025-05-02 22:43:32",1101,124,88488,0,,5.75,320.6,25.69,26.6,,-7
"2025-05-02 22:43:33",1094,117,88558,-33.145305,-70.913698,5.9,316.6,25.76,26.55,,-7
"2025-05-02 22:43:34",1088,111,88626,0,,5.75,322,25.83,26.45,,-7
"2025-05-02 22:43:35",1081,104,88697,0,,6,330.3,25.91,26.4,,-7
"2025-05-02 22:43:36",1073,96,88768,-33.145182,-70.913805,5.4,330.3,25.98,26.3,,-7.1
"2025-05-02 22:43:38",1059,82,88914,0,,5.25,333.9,26.12,26.2,,-7.1
"2025-05-02 22:43:39",1051,74,88988,-33.145057,-70.913877,4.95,338.6,26.19,26.1,26.75,-7.1
"2025-05-02 22:43:40",1044,67,89067,0,,4.85,336.2,26.28,26.05,,-7.1
"2025-05-02 22:43:41",1036,59,89139,0,,4.35,334.7,26.33,25.95,,-7.1
"2025-05-02 22:43:42",1029,52,89212,-33.144948,-70.913938,4.15,336.5,26.41,25.85,,-7.2
"2025-05-02 22:43:43",1022,45,89286,0,,4.55,333.6,26.48,25.75,,-7.2
"2025-05-02 22:43:44",1014,37,89364,0,,4.8,327.3,26.56,25.7,,-7.3
"2025-05-02 22:43:45",1006,29,89442,-33.144842,-70.914005,4.3,334.3,26.62,25.65,,-7.4
"2025-05-02 22:43:46",998,21,89519,0,,4.15,329.9,26.69,25.6,,-7.4
"2025-05-02 22:43:47",991,14,89595,0,,3.7,335.3,26.75,25.5,,-7.4
"2025-05-02 22:43:48",983,6,89672,-33.144752,-70.914062,3.1,335.4,26.83,25.4,,-7.5
"2025-05-02 22:43:50",967,-9,89836,0,,3.85,323,26.98,25.4,,-7.6
"2025-05-02 22:43:51",959,-17,89920,-33.144667,-70.914117,3.5,331.5,27.06,25.35,,-7.7
"2025-05-02 22:43:52",951,-25,90000,0,,4.1,341.1,27.14,25.25,,-7.7
"2025-05-02 22:43:53",943,-33,90079,0,,3.75,327,27.2,25.15,,-7.8
"2025-05-02 22:43:54",935,-41,90158,-33.144575,-70.914168,3.6,339.9,27.26,25.05,,-7.8
"2025-05-02 22:43:55",928,-48,90227,0,,3.5,336.3,27.33,25,,-7.8
"2025-05-02 22:43:56",921,-55,90297,0,,3.5,333.8,27.41,24.85,,-7.7
"2025-05-02 22:43:57",914,-62,90368,-33.144483,-70.91421,4.55,336.6,27.48,24.8,,-7.6
"2025-05-02 22:43:58",908,-68,90437,0,,4.25,341.8,27.56,24.7,,-7.6
"2025-05-02 22:43:59",901,-75,90506,0,,4.25,336.9,27.61,24.6,,-7.5
"2025-05-02 22:44:00",894,-82,90576,-33.144375,-70.914253,4,346.3,27.67,24.5,,-7.4
"2025-05-02 22:44:01",887,-89,90645,0,,4,342.4,27.74,24.45,,-7.4
"2025-05-02 22:44:02",881,-95,90713,0,,4.5,336,27.82,24.4,,-7.2
"2025-05-02 22:44:03",874,-102,90782,-33.144265,-70.914298,4.25,332.3,27.89,24.3,,-7
"2025-05-02 22:44:04",867,-109,90850,0,,4.25,332.4,27.95,24.2,,-7
"2025-05-02 22:44:05",860,-116,90922,0,,4.25,339,28.03,24.15,,-7
"2025-05-02 22:44:06",853,-123,90994,-33.144168,-70.914355,3.9,332.2,28.12,24.1,27.75,-6.9
"2025-05-02 22:44:07",846,-130,91067,0,,3.5,337.1,28.13,24.05,,-6.8
"2025-05-02 22:44:08",839,-137,91137,0,,3.3,337.8,28.21,24,,-6.8
"2025-05-02 22:44:09",832,-144,91208,-33.14408,-70.914403,4,336.2,28.27,23.95,,-6.8
"2025-05-02 22:44:10",825,-151,91279,0,,4.15,331.4,28.35,24,,-6.9
"2025-05-02 22:44:11",818,-158,91350,0,,3.75,336.6,28.41,24,,-6.9
"2025-05-02 22:44:12",811,-165,91422,-33.143985,-70.914453,4.2,335.2,28.49,23.95,,-6.9
"2025-05-02 22:44:13",805,-171,91491,0,,4.7,350.4,28.54,23.9,,-6.9
"2025-05-02 22:44:14",797,-179,91565,0,,4.2,344.3,28.61,23.9,,-6.9
"2025-05-02 22:44:15",790,-186,91640,-33.143878,-70.91449,4,344.8,28.69,23.85,,-7
"2025-05-02 22:44:16",784,-192,91708,0,,4.1,342,28.76,23.85,,-7
"2025-05-02 22:44:17",777,-199,91776,0,,4.4,339.9,28.82,23.85,,-6.9
"2025-05-02 22:44:18",770,-206,91844,-33.143768,-70.914532,4.5,341.1,28.89,23.85,,-6.9
"2025-05-02 22:44:19",764,-212,91910,0,,,,28.95,23.85,,-6.9
"2025-05-02 22:44:20",757,-219,91978,0,,,,29.01,23.85,,-6.8
"2025-05-02 22:44:21",751,-225,92046,0,,,,29.06,23.75,,-6.8
"2025-05-02 22:44:22",745,-231,92107,0,,4.05,346.6,29.12,23.7,,-6.7
"2025-05-02 22:44:23",739,-237,92167,0,,3.4,339.6,29.19,23.65,,-6.6
"2025-05-02 22:44:24",733,-243,92228,-33.14358,-70.914628,3.2,354.2,29.24,23.55,,-6.6
"2025-05-02 22:44:25",727,-249,92297,0,,2.95,352.8,29.31,23.55,,-6.5
"2025-05-02 22:44:26",720,-256,92367,0,,3.15,352.2,29.38,23.5,,-6.5
"2025-05-02 22:44:27",713,-263,92438,-33.143495,-70.914642,3.3,352.3,29.44,23.45,,-6.4
"2025-05-02 22:44:28",707,-269,92506,0,,2.9,345.2,29.52,23.4,,-6.4
"2025-05-02 22:44:29",700,-276,92573,0,,2.9,349.1,29.55,23.35,,-6.4
"2025-05-02 22:44:30",694,-282,92640,-33.143415,-70.91466,3.55,355.3,29.63,23.3,,-6.4
"2025-05-02 22:44:31",688,-288,92702,0,,2.55,346.7,29.67,23.25,,-6.4
"2025-05-02 22:44:32",681,-295,92769,0,,3.3,349,29.74,23.25,,-6.4
"2025-05-02 22:44:33",675,-301,92836,-33.14333,-70.91468,3.3,349.3,29.79,23.15,28.75,-6.4
"2025-05-02 22:44:34",668,-308,92903,0,,3.55,346.1,29.86,23.15,,-6.3
"2025-05-02 22:44:35",662,-314,92967,0,,3.1,340.3,29.93,23.1,,-6.4
"2025-05-02 22:44:36",656,-320,93032,-33.143237,-70.914708,4,346.3,29.98,23,,-6.4
"2025-05-02 22:44:37",650,-326,93097,0,,3.6,349.4,30.04,23,,-6.4
"2025-05-02 22:44:38",644,-332,93163,0,,3.05,349.3,30.1,22.95,,-6.4
"2025-05-02 22:44:39",637,-339,93230,-33.14315,-70.914728,3.2,349.5,30.15,22.9,,-6.4
"2025-05-02 22:51:47",548,-428,94168,0,,,,30,23.6,,
"2025-05-02 22:52:11",548,-428,94170,0,,,,29.83,23.8,,0
"2025-05-02 22:52:17",548,-428,94172,0,,,,29.87,23.9,,0
"2025-05-02 22:52:29",548,-428,94170,0,,,,29.93,23.85,,0
"2025-05-02 22:52:35",548,-428,94168,0,,,,29.92,23.8,,0
"2025-05-02 22:52:41",548,-428,94174,0,,,,29.93,23.7,,0
"2025-05-02 22:52:47",548,-428,94172,0,,,,30.02,23.55,,0
"2025-05-02 22:52:53",548,-428,94174,0,,,,30.09,23.45,,0
"2025-05-02 22:52:59",548,-428,94170,0,,,,30.15,23.35,,0
"2025-05-02 22:53:05",548,-428,94174,0,,,,30.18,23.35,,0
"2025-05-02 22:53:11",548,-428,94172,0,,,,30.15,23.35,,0
"2025-05-02 22:53:17",548,-428,94172,0,,,,30.11,23.35,30.25,0
"2025-05-02 22:53:23",548,-428,94174,0,,,,30.11,23.35,,0
"2025-05-02 22:53:29",547,-429,94176,0,,,,30.13,23.3,,0
"2025-05-02 22:53:35",548,-428,94174,0,,,,30.14,23.3,,0
"2025-05-02 22:53:41",548,-428,94172,0,,,,30.11,23.35,,0
"2025-05-02 22:53:47",548,-428,94170,0,,,,30.1,23.35,,0
"2025-05-02 22:53:53",549,-427,94160,0,,,,30.19,24.35,,0.1
"2025-05-02 22:53:59",549,-427,94158,0,,,,30.34,23.65,,0.1
