timestamp,msl,agl,pressure,latitude,longitude,speed,heading,temperature,relative_humidity,internal_temperature,rise_speed
"2025-05-02 23:16:32",590,0,93676,-33.06992,-70.92861,0.9,266.2,29.25,28.6,,0
"2025-05-02 23:16:33",590,0,93670,0,,1,261,29.22,28.55,,0
"2025-05-02 23:16:34",591,0,93665,0,,0.7,240.9,29.19,28.5,,0.1
"2025-05-02 23:16:35",591,0,93660,-33.069922,-70.92863,0.4,267.1,29.15,28.65,,0.1
"2025-05-02 23:16:36",592,1,93659,0,,0.3,291.4,29.11,28.75,,0.1
"2025-05-02 23:16:37",592,1,93658,0,,0.3,28.6,29.08,28.85,,0.1
"2025-05-02 23:16:38",592,1,93658,-33.06992,-70.928632,0.3,50.6,29.04,29.05,,0.1
"2025-05-02 23:16:39",592,1,93657,0,,0.3,50.6,29,29.05,,0.1
"2025-05-02 23:16:40",592,1,93656,0,,0.3,50.6,28.97,29.25,,0.1
"2025-05-02 23:16:41",592,1,93656,-33.06991,-70.92863,0.25,50.6,28.93,29.45,,0.2
"2025-05-02 23:16:42",592,1,93654,0,,0.15,50.6,28.91,29.7,,0.2
"2025-05-02 23:16:43",592,1,93653,0,,0.2,50.6,28.87,29.8,,0.2
"2025-05-02 23:16:44",592,1,93652,-33.069892,-70.928617,0.7,38.2,28.85,29.6,,0.2
"2025-05-02 23:16:45",593,2,93644,0,,1.4,357.9,28.82,29.4,,0.2
"2025-05-02 23:16:46",594,3,93637,0,,0.8,117.7,28.81,29.25,,0.2
"2025-05-02 23:16:47",594,3,93630,-33.06986,-70.928618,1.65,356.2,28.79,29.15,,0.2
"2025-05-02 23:16:48",596,5,93613,0,,1.45,1.3,28.77,29.1,,0.4
"2025-05-02 23:16:49",597,6,93597,0,,2.15,42.6,28.75,29.05,,0.5
"2025-05-02 23:16:50",599,8,93582,-33.069815,-70.928603,1,339.9,28.72,29.05,33.5,0.6
"2025-05-02 23:16:51",600,9,93568,0,,0.8,355,28.71,28.95,,0.7
"2025-05-02 23:16:52",601,10,93555,0,,2.55,9.9,28.69,28.95,,0.8
"2025-05-02 23:16:53",603,12,93542,-33.069778,-70.928597,1.25,34.7,28.67,29,,0.9
"2025-05-02 23:16:56",607,16,93498,-33.069732,-70.928542,2.95,57.4,28.62,28.9,,1.1
"2025-05-02 23:16:57",609,18,93475,0,,2.7,30.3,28.61,28.9,,1.3
"2025-05-02 23:16:58",611,20,93452,0,,2.05,70.6,28.6,28.9,,1.5
"2025-05-02 23:16:59",613,22,93430,-33.069703,-70.928477,2.75,82.2,28.59,28.9,,1.6
"2025-05-02 23:17:00",616,25,93406,0,,3.95,42.2,28.57,28.85,,1.6
"2025-05-02 23:17:01",618,27,93382,0,,3.2,67.6,28.56,28.8,,1.7
"2025-05-02 23:17:02",620,29,93358,-33.069643,-70.928388,3.65,49.7,28.55,28.8,,1.8
"2025-05-02 23:17:03",623,32,93330,0,,3.45,57,28.55,28.7,,1.9
"2025-05-02 23:17:04",626,35,93302,0,,3.45,66.3,28.54,28.65,,2
"2025-05-02 23:17:05",628,37,93274,-33.06961,-70.928297,2.25,44,28.53,28.65,,2.1
"2025-05-02 23:17:06",630,39,93254,0,,1.2,68.5,28.54,28.55,,2.1
"2025-05-02 23:17:07",632,41,93236,0,,2.45,50.5,28.55,28.2,,2.1
"2025-05-02 23:17:08",634,43,93218,-33.06958,-70.928225,4.1,70.1,28.57,28.05,,2.2
"2025-05-02 23:17:09",635,44,93204,0,,4.4,88.8,28.64,27.85,,2.1
"2025-05-02 23:17:10",636,45,93191,0,,4.55,73.9,28.69,27.4,,2.1
"2025-05-02 23:17:11",637,46,93178,-33.069552,-70.928092,4,76.3,28.74,27.15,,2
"2025-05-02 23:17:12",638,47,93174,0,,2.9,93.9,28.79,26.9,,1.9
"2025-05-02 23:17:13",638,47,93171,0,,4.05,83.1,28.83,26.7,,1.7
"2025-05-02 23:17:14",638,47,93168,-33.069548,-70.927975,3.7,108.9,28.86,26.55,,1.6
"2025-05-02 23:17:15",639,48,93156,0,,4.4,89.1,28.89,26.55,,1.4
"2025-05-02 23:17:16",640,49,93146,0,,4.8,72.3,28.91,26.6,,1.2
"2025-05-02 23:17:17",641,50,93136,-33.069523,-70.927837,3.4,66.4,28.91,26.55,33,1.1
"2025-05-02 23:17:18",642,51,93130,0,,3.65,66.3,28.92,26.45,,1.1
"2025-05-02 23:17:19",643,52,93124,0,,3.15,61.9,28.92,26.4,,1
"2025-05-02 23:17:20",643,52,93118,-33.069483,-70.927743,3.35,61,28.94,26.35,,0.9
"2025-05-02 23:17:22",644,53,93107,0,,2.35,44.4,28.96,26.35,,0.7
"2025-05-02 23:17:23",645,54,93102,-33.069448,-70.92768,1.3,49.8,28.98,26.35,,0.7
"2025-05-02 23:17:26",647,56,93078,-33.069432,-70.927645,1.5,63.3,29,26.35,,0.7
"2025-05-02 23:17:28",649,58,93055,0,,0.05,74.9,29.01,26.3,,0.8
"2025-05-02 23:17:29",650,59,93044,-33.069418,-70.927617,0.05,74.9,29.03,26.2,,0.8
"2025-05-02 23:17:31",652,61,93025,0,,0.05,74.9,29.04,26.1,,0.8
"2025-05-02 23:17:32",653,62,93016,-33.069412,-70.927592,0.1,74.9,29.05,26.05,,0.8
"2025-05-02 23:17:34",655,64,92998,0,,0,74.9,29.05,26.05,,0.9
"2025-05-02 23:17:35",655,64,92990,-33.069417,-70.927578,0.05,74.9,29.05,26,,0.9
"2025-05-02 23:17:37",657,66,92975,0,,0.1,74.9,29.06,25.95,,0.9
"2025-05-02 23:17:38",658,67,92968,-33.069408,-70.927582,0.05,74.9,29.05,25.95,,0.9
"2025-05-02 23:17:39",658,67,92960,0,,0.1,74.9,29.05,25.9,,0.9
"2025-05-02 23:17:40",659,68,92953,0,,0.05,74.9,29.04,25.9,,0.8
"2025-05-02 23:17:41",660,69,92946,-33.069383,-70.927575,0.1,74.9,29.04,25.95,,0.8
"2025-05-02 23:17:43",661,70,92935,0,,0.05,74.9,29.01,25.95,,0.7
"2025-05-02 23:17:44",661,70,92930,-33.06937,-70.927565,0.05,74.9,29.01,26,32.75,0.7
"2025-05-02 23:17:45",662,71,92924,0,,0.1,74.9,29,26,,0.7
"2025-05-02 23:17:46",662,71,92919,0,,0.05,74.9,28.99,26.05,,0.7
"2025-05-02 23:17:47",663,72,92914,-33.069348,-70.927558,0.15,74.9,28.99,26.05,,0.6
"2025-05-02 23:17:48",663,72,92910,0,,1.85,25.7,28.98,26.05,,0.6
"2025-05-02 23:17:49",664,73,92906,0,,1.95,17.5,28.97,26.05,,0.6
"2025-05-02 23:17:50",664,73,92902,-33.069302,-70.927542,2,0.2,28.96,26.05,,0.5
"2025-05-02 23:17:51",665,74,92894,0,,1.5,47,28.96,26.05,,0.5
"2025-05-02 23:17:52",665,74,92886,0,,1.3,32.4,28.95,26.05,,0.6
"2025-05-02 23:17:53",666,75,92878,-33.069268,-70.92751,2.35,58.1,28.95,26.05,,0.6
"2025-05-02 23:17:55",667,76,92867,0,,2.25,16.9,28.94,26,,0.5
"2025-05-02 23:17:56",668,77,92862,-33.06922,-70.927475,1.8,7.9,28.94,26.05,,0.5
"2025-05-02 23:17:58",669,78,92848,0,,0.05,358.3,28.93,26.1,,0.6
"2025-05-02 23:17:59",670,79,92842,-33.069188,-70.927468,0.1,358.3,28.92,26.05,,0.6
"2025-05-02 23:18:01",671,80,92828,0,,0.05,358.3,28.92,26.05,,0.6
"2025-05-02 23:18:02",672,81,92822,-33.069165,-70.927462,0.1,358.3,28.92,26,,0.6
"2025-05-02 23:18:04",673,82,92808,0,,2.15,338,28.91,25.95,,0.6
"2025-05-02 23:18:05",673,82,92802,-33.069125,-70.927458,1.05,25.5,28.91,25.95,,0.6
"2025-05-02 23:18:06",674,83,92795,0,,1,25.5,28.91,25.95,,0.6
"2025-05-02 23:18:07",675,84,92788,0,,1.75,2.7,28.91,25.95,,0.6
"2025-05-02 23:18:08",675,84,92782,-33.06909,-70.927453,0.1,2.7,28.91,25.95,,0.6
"2025-05-02 23:18:09",676,85,92776,0,,0.15,2.7,28.91,25.95,,0.6
"2025-05-02 23:18:10",676,85,92771,0,,0.05,2.7,28.91,25.95,,0.6
"2025-05-02 23:18:11",677,86,92766,-33.06906,-70.927457,2.1,351.1,28.91,25.9,32.5,0.6
"2025-05-02 23:18:12",678,87,92756,0,,1.5,22.5,28.89,25.9,,0.6
"2025-05-02 23:18:13",679,88,92746,0,,2.05,343.7,28.87,26,,0.7
"2025-05-02 23:18:14",680,89,92736,-33.069007,-70.92746,3.05,353.8,28.86,26,,0.7
"2025-05-02 23:18:15",681,90,92727,0,,1.45,337.9,28.85,26,,0.7
"2025-05-02 23:18:16",682,91,92718,0,,2.35,38.7,28.84,26.05,,0.7
"2025-05-02 23:18:17",682,91,92710,-33.068957,-70.927447,1.85,37.1,28.82,26.15,,0.7
"2025-05-02 23:18:18",683,92,92702,0,,2.4,0.8,28.82,26.05,,0.7
"2025-05-02 23:18:19",684,93,92695,0,,2.35,33.3,28.81,26.1,,0.7
"2025-05-02 23:18:20",684,93,92688,-33.068905,-70.927427,1.55,1.2,28.8,26.15,,0.7
"2025-05-02 23:18:21",685,94,92677,0,,2.55,10.1,28.79,26.2,,0.8
"2025-05-02 23:18:22",686,95,92667,0,,0.05,10.1,28.78,26.2,,0.8
"2025-05-02 23:18:23",687,96,92658,-33.068853,-70.92742,1.9,359.2,28.78,26.15,,0.8
"2025-05-02 23:18:25",688,97,92651,0,,1.2,9.4,28.76,26.2,,0.8
"2025-05-02 23:18:26",688,97,92648,-33.068802,-70.927413,3,3.9,28.74,26.35,,0.7
"2025-05-02 23:18:28",690,99,92630,0,,2.6,350.2,28.69,26.55,,0.7
"2025-05-02 23:18:29",691,100,92622,-33.068747,-70.927412,2.6,14.9,28.67,26.6,,0.7
"2025-05-02 23:18:30",692,101,92614,0,,0.1,14.9,28.65,26.7,,0.7
"2025-05-02 23:18:31",692,101,92607,0,,2.05,4.2,28.62,26.7,,0.7
"2025-05-02 23:18:32",693,102,92600,-33.068697,-70.927393,1.7,24.5,28.6,26.8,,0.7
"2025-05-02 23:18:33",694,103,92590,0,,1.4,23.8,28.57,26.8,,0.7
"2025-05-02 23:18:34",695,104,92581,0,,2.4,33.9,28.56,26.8,,0.7
"2025-05-02 23:18:35",696,105,92572,-33.06865,-70.927378,2.95,335.4,28.54,26.8,,0.7
"2025-05-02 23:18:36",696,105,92563,0,,1.9,34.3,28.53,26.75,,0.7
"2025-05-02 23:18:37",697,106,92555,0,,1.6,3.2,28.52,26.65,,0.8
"2025-05-02 23:18:38",698,107,92548,-33.06861,-70.927373,0.95,3.2,28.52,26.65,32.5,0.8
"2025-05-02 23:18:39",699,108,92538,0,,1.7,24,28.52,26.6,,0.8
"2025-05-02 23:18:40",700,109,92529,0,,1.35,301,28.53,26.55,,0.8
"2025-05-02 23:18:41",701,110,92520,-33.068575,-70.927375,1.7,3.5,28.53,26.5,,0.8
"2025-05-02 23:18:42",701,110,92513,0,,2.2,7.5,28.54,26.4,,0.8
"2025-05-02 23:18:43",702,111,92506,0,,1.85,12.7,28.56,26.3,,0.8
"2025-05-02 23:18:44",703,112,92500,-33.068522,-70.927368,2.75,16.6,28.57,26.1,,0.8
"2025-05-02 23:18:45",703,112,92491,0,,1.2,337,28.6,26,,0.8
"2025-05-02 23:18:46",704,113,92482,0,,2.2,357.2,28.62,25.85,,0.8
"2025-05-02 23:18:47",705,114,92474,-33.068477,-70.92737,1.85,27.4,28.64,25.75,,0.8
"2025-05-02 23:18:48",706,115,92469,0,,1.3,316.4,28.65,25.65,,0.8
"2025-05-02 23:18:49",706,115,92464,0,,2.35,356.2,28.67,25.6,,0.7
"2025-05-02 23:18:50",706,115,92460,-33.06843,-70.927373,1.5,356.1,28.67,25.55,,0.7
"2025-05-02 23:18:51",707,116,92453,0,,1.05,11.4,28.69,25.5,,0.7
"2025-05-02 23:18:52",708,117,92446,0,,1.5,13.6,28.69,25.5,,0.7
"2025-05-02 23:18:53",708,117,92440,-33.068385,-70.927347,1.25,329.9,28.71,25.5,,0.6
"2025-05-02 23:18:55",709,118,92428,0,,1.5,8.8,28.72,25.45,,0.6
"2025-05-02 23:18:56",710,119,92422,-33.068347,-70.927348,1.5,316.9,28.72,25.45,,0.6
"2025-05-02 23:18:57",711,120,92416,0,,1.8,22.2,28.72,25.45,,0.6
"2025-05-02 23:18:58",711,120,92411,0,,1,332.3,28.74,25.45,,0.6
"2025-05-02 23:18:59",712,121,92406,-33.068312,-70.92736,1.85,323.9,28.74,25.5,,0.5
"2025-05-02 23:19:00",712,121,92399,0,,1.95,15.6,28.74,25.5,,0.6
"2025-05-02 23:19:01",713,122,92392,0,,1.45,337.9,28.74,25.5,,0.6
"2025-05-02 23:19:02",714,123,92386,-33.068265,-70.927375,2.3,346.2,28.74,25.45,,0.6
"2025-05-02 23:19:03",715,124,92375,0,,2.1,3.8,28.72,25.5,,0.6
"2025-05-02 23:19:04",716,125,92364,0,,1.7,350.6,28.72,25.5,,0.7
"2025-05-02 23:19:05",717,126,92354,-33.06822,-70.927383,1.1,353,28.72,25.5,32.25,0.7
"2025-05-02 23:19:06",717,126,92346,0,,2,312.5,28.72,25.5,,0.7
"2025-05-02 23:19:07",718,127,92338,0,,0.1,312.5,28.72,25.5,,0.7
"2025-05-02 23:19:08",719,128,92330,-33.068192,-70.927403,0.15,312.5,28.71,25.5,,0.7
"2025-05-02 23:19:09",720,129,92324,0,,,,28.71,25.5,,0.7
"2025-05-02 23:19:10",720,129,92318,0,,,,28.71,25.45,,0.7
"2025-05-02 23:19:11",721,130,92312,0,,,,28.71,25.45,,0.7
"2025-05-02 23:19:12",722,131,92301,0,,,,28.7,25.45,,0.8
"2025-05-02 23:19:13",723,132,92291,0,,,,28.7,25.45,,0.8
"2025-05-02 23:19:14",724,133,92282,0,,,,28.69,25.45,,0.8
"2025-05-02 23:19:15",724,133,92275,0,,1.6,355,28.68,25.45,,0.8
"2025-05-02 23:19:16",725,134,92269,0,,1.2,35.5,28.67,25.45,,0.8
"2025-05-02 23:19:17",725,134,92264,-33.068083,-70.927398,1.95,344.7,28.67,25.45,,0.7
"2025-05-02 23:19:18",726,135,92257,0,,2,9.9,28.66,25.45,,0.7
"2025-05-02 23:19:19",727,136,92250,0,,1.65,0.9,28.65,25.45,,0.7
"2025-05-02 23:19:20",727,136,92244,-33.068032,-70.927398,1.8,337.9,28.65,25.45,,0.7
"2025-05-02 23:19:21",728,137,92237,0,,1.8,23.8,28.64,25.45,,0.7
"2025-05-02 23:19:22",729,138,92230,0,,1.5,5.4,28.64,25.5,,0.7
"2025-05-02 23:19:23",729,138,92224,-33.067993,-70.927393,1,357.9,28.64,25.5,,0.7
"2025-05-02 23:19:25",731,140,92207,0,,1.45,333.1,28.62,25.5,,0.7
"2025-05-02 23:19:26",732,141,92200,-33.06796,-70.927398,1.6,350,28.61,25.5,,0.7
"2025-05-02 23:19:27",732,141,92190,0,,1.9,342.7,28.6,25.5,,0.7
"2025-05-02 23:19:28",733,142,92180,0,,2.2,340.9,28.6,25.5,,0.7
"2025-05-02 23:19:29",734,143,92170,-33.067912,-70.927418,1.55,0.8,28.59,25.55,,0.7
"2025-05-02 23:19:31",736,145,92152,0,,1.75,348.2,28.57,25.55,,0.8
"2025-05-02 23:19:32",737,146,92144,-33.067865,-70.92744,2,6.3,28.56,25.6,32,0.8
"2025-05-02 23:19:33",738,147,92130,0,,2.55,325.5,28.56,25.6,,0.9
"2025-05-02 23:19:34",740,149,92117,0,,2.2,349.4,28.55,25.55,,0.9
"2025-05-02 23:19:35",741,150,92104,-33.06781,-70.927465,2.25,331.7,28.54,25.55,,1
"2025-05-02 23:19:36",742,151,92090,0,,1.55,2.8,28.54,25.5,,1
"2025-05-02 23:19:37",743,152,92077,0,,1.75,350.1,28.53,25.5,,1
"2025-05-02 23:19:38",745,154,92064,-33.06777,-70.927477,1.05,317.8,28.52,25.5,,1.1
"2025-05-02 23:19:39",746,155,92050,0,,1.35,346,28.52,25.45,,1.1
"2025-05-02 23:19:40",747,156,92037,0,,2.05,330.1,28.51,25.5,,1.2
"2025-05-02 23:19:41",749,158,92024,-33.067735,-70.9275,1.4,310.1,28.49,25.5,,1.2
"2025-05-02 23:19:42",750,159,92011,0,,2.05,8.1,28.49,25.5,,1.2
"2025-05-02 23:19:43",751,160,91998,0,,1.45,334.9,28.47,25.5,,1.2
"2025-05-02 23:19:44",752,161,91986,-33.067695,-70.92751,1.3,327.4,28.45,25.55,,1.3
"2025-05-02 23:19:45",753,162,91974,0,,2.4,326.7,28.45,25.55,,1.3
"2025-05-02 23:19:46",754,163,91963,0,,1.05,330.1,28.45,25.55,,1.2
"2025-05-02 23:19:47",756,165,91952,-33.067653,-70.927535,2.05,345.6,28.45,25.55,,1.2
"2025-05-02 23:19:48",757,166,91937,0,,1.7,324.9,28.45,25.6,,1.2
"2025-05-02 23:19:49",758,167,91922,0,,2.2,6.1,28.44,25.6,,1.2
"2025-05-02 23:19:50",760,169,91908,-33.06761,-70.927547,2,325,28.41,25.65,,1.3
"2025-05-02 23:19:52",762,171,91886,0,,2.15,340.7,28.39,25.65,,1.2
"2025-05-02 23:19:53",763,172,91876,-33.06758,-70.927568,0.1,340.7,28.38,25.65,,1.2
"2025-05-02 23:19:56",767,176,91828,-33.067553,-70.927588,0.1,340.7,28.34,25.6,,1.3
"2025-05-02 23:19:58",770,179,91801,0,,0.1,350.3,28.32,25.65,,1.3
"2025-05-02 23:19:59",771,180,91788,-33.067522,-70.927595,0.15,350.3,28.31,25.65,32,1.3
"2025-05-02 23:20:01",774,183,91761,0,,0.1,350.3,28.27,25.65,,1.3
"2025-05-02 23:20:02",775,184,91748,-33.067488,-70.92761,1.95,329,28.26,25.7,,1.3
"2025-05-02 23:20:04",778,187,91722,0,,1.6,336.5,28.24,25.8,,1.3
"2025-05-02 23:20:05",779,188,91710,-33.067458,-70.927643,2.3,305.7,28.23,25.8,,1.3
"2025-05-02 23:20:07",782,191,91681,0,,2.6,309.8,28.22,25.8,,1.3
"2025-05-02 23:20:08",783,192,91668,-33.067428,-70.92769,1.5,303.6,28.2,25.8,,1.3
"2025-05-02 23:20:10",786,195,91638,0,,2.65,306,28.18,25.8,,1.3
"2025-05-02 23:20:11",787,196,91624,-33.067393,-70.927735,1.05,297,28.17,25.85,,1.3
"2025-05-02 23:20:12",789,198,91607,0,,1.8,313.2,28.15,25.8,,1.3
"2025-05-02 23:20:13",790,199,91591,0,,1.3,325,28.13,25.8,,1.4
"2025-05-02 23:20:14",792,201,91576,-33.067367,-70.92777,1.55,317.4,28.12,25.85,,1.4
"2025-05-02 23:20:16",795,204,91545,0,,2.05,335.9,28.09,25.85,,1.4
"2025-05-02 23:20:17",796,205,91530,-33.067323,-70.92781,2.5,322.5,28.09,25.9,,1.5
"2025-05-02 23:20:18",798,207,91512,0,,1.35,324.2,28.08,25.95,,1.5
"2025-05-02 23:20:19",800,209,91495,0,,2.25,340,28.06,25.95,,1.5
"2025-05-02 23:20:20",801,210,91478,-33.06728,-70.927847,2.5,310.6,28.05,25.95,,1.5
"2025-05-02 23:20:21",803,212,91466,0,,3.45,336.6,28.03,26,,1.5
"2025-05-02 23:20:22",804,213,91454,0,,3.15,325,28.02,26,,1.5
"2025-05-02 23:20:23",805,214,91442,-33.067218,-70.927902,2.9,312.8,28.01,26,,1.5
"2025-05-02 23:20:25",808,217,91412,0,,2.9,320.5,27.97,26.05,,1.5
"2025-05-02 23:20:26",809,218,91398,-33.06715,-70.927955,3.4,321.2,27.96,26.1,31.75,1.4
"2025-05-02 23:20:27",811,220,91382,0,,3.45,329.8,27.94,26.1,,1.4
"2025-05-02 23:20:28",812,221,91367,0,,3.4,312.1,27.92,26.25,,1.5
"2025-05-02 23:20:29",814,223,91352,-33.067087,-70.928015,2.9,323.2,27.89,26.35,,1.4
"2025-05-02 23:20:30",815,224,91339,0,,2.75,317.5,27.87,26.45,,1.4
"2025-05-02 23:20:31",816,225,91326,0,,3.3,311.2,27.85,26.55,,1.4
"2025-05-02 23:20:32",817,226,91314,-33.067028,-70.928082,2.95,324.3,27.82,26.6,,1.4
"2025-05-02 23:20:33",819,228,91300,0,,2.55,305.7,27.79,26.6,,1.3
"2025-05-02 23:20:34",820,229,91286,0,,2.85,330.6,27.78,26.65,,1.3
"2025-05-02 23:20:35",821,230,91272,-33.066975,-70.928137,2.75,321.3,27.76,26.65,,1.4
"2025-05-02 23:20:36",823,232,91259,0,,3.1,304.5,27.74,26.65,,1.4
"2025-05-02 23:20:37",824,233,91246,0,,3.8,325.1,27.72,26.65,,1.4
"2025-05-02 23:20:38",825,234,91234,-33.066917,-70.928212,2.9,310.2,27.71,26.7,,1.3
"2025-05-02 23:20:39",826,235,91221,0,,3.75,315.1,27.68,26.75,,1.3
"2025-05-02 23:20:40",827,236,91210,0,,3.2,328.1,27.65,26.8,,1.3
"2025-05-02 23:20:41",828,237,91200,-33.066855,-70.928282,3,316.7,27.64,26.9,,1.2
"2025-05-02 23:20:42",830,239,91188,0,,4.05,325.8,27.62,26.9,,1.2
"2025-05-02 23:20:43",831,240,91176,0,,2.5,315.2,27.59,26.95,,1.2
"2025-05-02 23:20:44",832,241,91164,-33.06679,-70.928347,3.15,310,27.56,27,,1.2
"2025-05-02 23:20:45",833,242,91152,0,,3.15,310,27.55,26.95,,1.2
"2025-05-02 23:20:46",834,243,91140,0,,2.65,298.6,27.55,27,,1.2
"2025-05-02 23:20:47",835,244,91128,-33.066733,-70.928418,3.7,320.8,27.55,27.05,,1.2
"2025-05-02 23:20:48",836,245,91118,0,,2.95,327.7,27.55,27.1,,1.2
"2025-05-02 23:20:49",837,246,91108,0,,3,312.9,27.51,27.05,,1.1
"2025-05-02 23:20:50",838,247,91098,-33.066668,-70.928478,3.45,334.8,27.49,27.1,,1.1
"2025-05-02 23:20:51",840,249,91084,0,,2.9,309.2,27.48,27.1,,1.1
"2025-05-02 23:20:52",841,250,91071,0,,3.5,311.7,27.46,27.1,,1.1
"2025-05-02 23:20:53",842,251,91058,-33.066613,-70.928542,2.4,321.6,27.45,27.15,31.5,1.2
"2025-05-02 23:20:56",846,255,91020,-33.066557,-70.92861,3.05,300.8,27.41,27.25,,1.2
"2025-05-02 23:20:57",847,256,91005,0,,3.65,314.2,27.38,27.3,,1.2
"2025-05-02 23:20:58",849,258,90991,0,,2.5,312.3,27.37,27.3,,1.2
"2025-05-02 23:20:59",850,259,90978,-33.06651,-70.928687,3.45,294.7,27.36,27.3,,1.2
"2025-05-02 23:21:00",852,261,90962,0,,3,323.8,27.35,27.25,,1.3
"2025-05-02 23:21:01",853,262,90947,0,,2.75,303.2,27.34,27.25,,1.3
"2025-05-02 23:21:02",855,264,90932,-33.066458,-70.928757,3.45,320.3,27.32,27.25,,1.3
"2025-05-02 23:21:03",856,265,90915,0,,2.65,315.6,27.32,27.3,,1.4
"2025-05-02 23:21:04",858,267,90897,0,,3.35,302.8,27.31,27.25,,1.4
"2025-05-02 23:21:05",860,269,90880,-33.066402,-70.928835,3.45,325.4,27.3,27.25,,1.4
"2025-05-02 23:21:06",861,270,90864,0,,2.95,305.3,27.29,27.2,,1.5
"2025-05-02 23:21:07",863,272,90848,0,,3.4,316.9,27.28,27.2,,1.5
"2025-05-02 23:21:08",864,273,90832,-33.066338,-70.928905,2.3,316.9,27.27,27.2,,1.5
"2025-05-02 23:21:09",866,275,90815,0,,3.45,299.7,27.26,27.1,,1.5
"2025-05-02 23:21:10",868,277,90798,0,,3.15,317.8,27.24,27.1,,1.6
"2025-05-02 23:21:11",869,278,90782,-33.066288,-70.928978,2.45,303.9,27.23,27.1,,1.6
"2025-05-02 23:21:12",871,280,90768,0,,3.35,304.1,27.23,27.05,,1.6
"2025-05-02 23:21:13",872,281,90755,0,,3,316.9,27.22,27,,1.6
"2025-05-02 23:21:14",873,282,90742,-33.066235,-70.929048,3.1,318.8,27.21,27.05,,1.5
"2025-05-02 23:21:15",874,283,90728,0,,2.55,309.2,27.21,27.05,,1.5
"2025-05-02 23:21:16",876,285,90715,0,,3.4,312.8,27.21,27.05,,1.5
"2025-05-02 23:21:17",877,286,90702,-33.066182,-70.92912,3.5,314.2,27.2,27,,1.4
"2025-05-02 23:21:19",880,289,90674,0,,3.2,310.7,27.19,26.95,,1.4
"2025-05-02 23:21:20",881,290,90660,-33.066135,-70.929197,2.55,310,27.18,26.95,31.25,1.4
"2025-05-02 23:21:21",883,292,90645,0,,3.5,317.7,27.18,26.9,,1.4
"2025-05-02 23:21:22",884,293,90630,0,,3.35,315.4,27.16,26.95,,1.4
"2025-05-02 23:21:23",885,294,90616,-33.066073,-70.92927,3.65,318.9,27.16,27,,1.4
"2025-05-02 23:21:24",887,296,90597,0,,3.9,322.8,27.14,27.1,,1.4
"2025-05-02 23:21:25",889,298,90579,0,,1.65,314.7,27.12,27.15,,1.4
"2025-05-02 23:21:26",891,300,90562,-33.066022,-70.929325,2.6,318.7,27.09,27.25,,1.5
"2025-05-02 23:21:27",892,301,90546,0,,2.6,297.4,27.07,27.25,,1.5
"2025-05-02 23:21:28",894,303,90532,0,,3,291.8,27.05,27.3,,1.5
"2025-05-02 23:21:29",895,304,90518,-33.065992,-70.929405,2.65,300.5,27.04,27.35,,1.5
"2025-05-02 23:21:30",896,305,90506,0,,2.4,308.6,27.02,27.4,,1.5
"2025-05-02 23:21:31",897,306,90494,0,,3.9,304.9,27,27.4,,1.5
"2025-05-02 23:21:32",899,308,90482,-33.06595,-70.929485,2.5,311.2,26.98,27.45,,1.5
"2025-05-02 23:21:33",900,309,90467,0,,2.8,299.8,26.97,27.45,,1.5
"2025-05-02 23:21:34",901,310,90452,0,,4,314.8,26.94,27.5,,1.5
"2025-05-02 23:21:35",903,312,90438,-33.065902,-70.929568,2.9,305.5,26.92,27.5,,1.5
"2025-05-02 23:21:36",904,313,90425,0,,3.75,311.3,26.9,27.55,,1.4
"2025-05-02 23:21:37",905,314,90412,0,,2.75,327.5,26.89,27.55,,1.4
"2025-05-02 23:21:38",907,316,90400,-33.06584,-70.92964,3.45,322.4,26.87,27.6,,1.4
"2025-05-02 23:21:39",908,317,90387,0,,2.95,323.2,26.86,27.55,,1.3
"2025-05-02 23:21:40",909,318,90374,0,,3.25,334.7,26.84,27.6,,1.3
"2025-05-02 23:21:41",910,319,90362,-33.065763,-70.929703,4.9,326,26.83,27.6,,1.3
"2025-05-02 23:21:45",917,326,90291,0,,3.25,308.7,26.78,27.5,,1.4
"2025-05-02 23:21:46",919,328,90273,0,,4.1,326.3,26.77,27.5,,1.5
"2025-05-02 23:21:47",921,330,90256,-33.06563,-70.92985,2.6,309,26.77,27.5,31,1.5
"2025-05-02 23:21:48",923,332,90236,0,,3.3,315.8,26.75,27.5,,1.5
"2025-05-02 23:21:49",924,333,90217,0,,4.5,319.9,26.75,27.5,,1.6
"2025-05-02 23:21:50",926,335,90198,-33.065565,-70.929918,2.45,317.4,26.74,27.5,,1.6
"2025-05-02 23:21:51",928,337,90184,0,,2.8,319.7,26.73,27.5,,1.6
"2025-05-02 23:21:52",929,338,90171,0,,3.2,306.4,26.71,27.5,,1.6
"2025-05-02 23:21:53",930,339,90158,-33.065517,-70.929983,2.2,318.7,26.69,27.5,,1.6
"2025-05-02 23:21:56",932,341,90136,-33.065458,-70.930037,2.15,325.1,26.64,27.5,,1.5
"2025-05-02 23:21:57",933,342,90131,0,,3.2,310.8,26.63,27.5,,1.4
"2025-05-02 23:21:58",933,342,90126,0,,2.15,344.1,26.63,27.5,,1.2
"2025-05-02 23:21:59",934,343,90122,-33.065413,-70.930085,2.35,319.2,26.63,27.4,,1.1
"2025-05-02 23:22:00",934,343,90120,0,,2.8,308.7,26.6,27.35,,1
"2025-05-02 23:22:01",934,343,90118,0,,1.85,326.9,26.59,27.25,,0.9
"2025-05-02 23:22:02",934,343,90116,-33.065368,-70.930142,2.6,297.9,26.58,27.3,,0.8
"2025-05-02 23:22:03",935,344,90114,0,,2.35,332.4,26.58,27.35,,0.6
"2025-05-02 23:22:04",935,344,90113,0,,2.15,314.8,26.57,27.3,,0.5
"2025-05-02 23:22:05",935,344,90112,-33.065322,-70.930192,3.25,308.2,26.56,27.3,,0.4
"2025-05-02 23:22:06",935,344,90111,0,,1.65,329.6,26.56,27.3,,0.4
"2025-05-02 23:22:07",935,344,90110,0,,2.85,291.5,26.56,27.25,,0.3
"2025-05-02 23:22:08",935,344,90110,-33.06528,-70.930247,2.25,326.2,26.55,27.25,,0.2
"2025-05-02 23:22:09",935,344,90110,0,,1.35,293.2,26.54,27.25,,0.2
"2025-05-02 23:22:10",935,344,90111,0,,3.05,320.4,26.54,27.25,,0.2
"2025-05-02 23:22:11",935,344,90112,-33.06524,-70.930287,1.95,325.9,26.54,27.25,,0.1
"2025-05-02 23:22:12",935,344,90114,0,,2.6,288.7,26.53,27.25,,0
"2025-05-02 23:22:13",934,343,90117,0,,2.6,337.9,26.54,27.25,,0
"2025-05-02 23:22:14",934,343,90120,-33.0652,-70.930333,2.4,320.4,26.54,27.25,30.75,0
"2025-05-02 23:22:15",934,343,90122,0,,3.2,311,26.55,27.25,,-0.1
"2025-05-02 23:22:16",933,342,90125,0,,2.1,328.5,26.55,27.3,,-0.1
"2025-05-02 23:22:17",933,342,90128,-33.06516,-70.930387,2.55,300.3,26.55,27.3,,-0.1
"2025-05-02 23:22:18",933,342,90134,0,,2.15,341,26.55,27.3,,-0.2
"2025-05-02 23:22:19",932,341,90141,0,,2.15,321.3,26.55,27.35,,-0.3
"2025-05-02 23:22:20",931,340,90148,-33.065108,-70.930428,3.4,324.7,26.56,27.35,,-0.3
"2025-05-02 23:22:22",931,340,90148,0,,3.15,313.4,26.56,27.35,,-0.3
"2025-05-02 23:22:23",931,340,90148,-33.065053,-70.930488,2.45,326.9,26.56,27.35,,-0.3
"2025-05-02 23:22:26",930,339,90160,-33.064997,-70.930532,2.3,316.6,26.57,27.35,,-0.3
"2025-05-02 23:22:28",930,339,90163,0,,3.05,333.5,26.57,27.35,,-0.3
"2025-05-02 23:22:29",929,338,90166,-33.064935,-70.930587,2.65,304.2,26.57,27.3,,-0.3
"2025-05-02 23:22:31",929,338,90172,0,,2.35,305.1,26.58,27.3,,-0.3
"2025-05-02 23:22:32",929,338,90176,-33.064883,-70.93065,2.75,316.4,26.58,27.35,,-0.3
"2025-05-02 23:22:34",928,337,90178,0,,2.95,317.1,26.58,27.35,,-0.2
"2025-05-02 23:22:35",928,337,90180,-33.064813,-70.930707,3.45,328.9,26.58,27.35,,-0.2
"2025-05-02 23:22:37",928,337,90178,0,,2.95,311.2,26.58,27.35,,-0.2
"2025-05-02 23:22:38",928,337,90178,-33.064753,-70.930762,3.05,321.2,26.58,27.35,,-0.2
"2025-05-02 23:22:40",929,338,90173,0,,3.3,315.9,26.59,27.35,,-0.1
"2025-05-02 23:22:41",929,338,90172,-33.064697,-70.930828,2.95,325.5,26.58,27.35,30.5,-0.1
"2025-05-02 23:22:42",929,338,90172,0,,2.4,314.8,26.58,27.4,,0
"2025-05-02 23:22:43",929,338,90172,0,,3.1,313,26.59,27.4,,0
"2025-05-02 23:22:44",929,338,90172,-33.064645,-70.930885,2.45,319.3,26.59,27.4,,0
"2025-05-02 23:22:45",929,338,90170,0,,2.65,319.9,26.6,27.4,,0
"2025-05-02 23:22:46",929,338,90169,0,,2.8,313.1,26.59,27.35,,0.1
"2025-05-02 23:22:47",929,338,90168,-33.064595,-70.930933,2.4,324.8,26.6,27.3,,0.1
"2025-05-02 23:22:48",929,338,90169,0,,3.85,312.9,26.6,27.3,,0.1
"2025-05-02 23:22:49",929,338,90170,0,,2.5,310.4,26.6,27.3,,0.1
"2025-05-02 23:22:50",929,338,90172,-33.064537,-70.930995,3.15,330.2,26.6,27.25,,0
"2025-05-02 23:22:51",929,338,90172,0,,3.5,321.7,26.6,27.2,,0
"2025-05-02 23:22:52",929,338,90172,0,,2.15,317,26.6,27.2,,0
"2025-05-02 23:22:53",929,338,90172,-33.064477,-70.931048,3.1,311.8,26.6,27.15,,0
"2025-05-02 23:22:55",929,338,90174,0,,3.15,335.4,26.6,27.15,,0
"2025-05-02 23:22:56",929,338,90176,-33.064412,-70.931107,3.3,314.1,26.6,27.15,,0
"2025-05-02 23:22:57",929,338,90176,0,,2.2,323.3,26.6,27.15,,0
"2025-05-02 23:22:58",929,338,90176,0,,3.3,317.4,26.6,27.15,,0
"2025-05-02 23:22:59",929,338,90176,-33.064355,-70.931165,2.7,320.3,26.61,27.1,,-0.1
"2025-05-02 23:23:00",929,338,90173,0,,,,26.61,27.1,,0
"2025-05-02 23:23:01",929,338,90171,0,,,,26.62,27.1,,0
"2025-05-02 23:23:02",929,338,90170,0,,,,26.6,27.1,,0
"2025-05-02 23:23:03",929,338,90168,0,,3.5,327.7,26.61,27.1,,0
"2025-05-02 23:23:04",929,338,90167,0,,2.45,325.1,26.61,27.1,,0
"2025-05-02 23:23:05",929,338,90166,-33.064227,-70.93127,2.6,342.8,26.61,27.1,,0
"2025-05-02 23:23:07",930,339,90162,0,,2.15,320.1,26.61,27.15,,0.1
"2025-05-02 23:23:08",930,339,90160,-33.064168,-70.931322,3,317.7,26.6,27.15,30.25,0.1
"2025-05-02 23:23:09",930,339,90157,0,,2.7,320.1,26.61,27.15,,0.2
"2025-05-02 23:23:10",931,340,90154,0,,2.85,334.4,26.61,27.15,,0.2
"2025-05-02 23:23:11",931,340,90152,-33.064107,-70.931375,3.1,316.4,26.61,27.15,,0.2
"2025-05-02 23:23:12",931,340,90150,0,,2.05,326.3,26.6,27.15,,0.2
"2025-05-02 23:23:13",931,340,90148,0,,2.75,329.6,26.6,27.15,,0.2
"2025-05-02 23:23:14",931,340,90146,-33.064045,-70.931425,3.25,321.6,26.6,27.15,,0.2
"2025-05-02 23:23:15",932,341,90144,0,,2.7,332.6,26.6,27.15,,0.2
"2025-05-02 23:23:16",932,341,90143,0,,2.75,317,26.6,27.15,,0.2
"2025-05-02 23:23:17",932,341,90142,-33.063987,-70.93148,2.35,316.7,26.6,27.15,,0.2
"2025-05-02 23:23:18",932,341,90140,0,,2.7,325.9,26.6,27.15,,0.2
"2025-05-02 23:23:19",932,341,90139,0,,2.85,316.8,26.59,27.15,,0.2
"2025-05-02 23:23:20",932,341,90138,-33.063927,-70.931537,3.15,336.8,26.59,27.15,,0.2
"2025-05-02 23:23:21",932,341,90136,0,,3.1,322.8,26.59,27.15,,0.2
"2025-05-02 23:23:22",933,342,90135,0,,2.25,328.2,26.59,27.15,,0.2
"2025-05-02 23:23:23",933,342,90134,-33.063865,-70.931585,2.85,335.9,26.59,27.15,,0.1
"2025-05-02 23:23:26",934,343,90124,-33.063795,-70.931637,3,323.7,26.58,27.15,,0.2
"2025-05-02 23:23:27",934,343,90122,0,,2.2,332.2,26.58,27.15,,0.2
"2025-05-02 23:23:28",934,343,90121,0,,2.75,339,26.57,27.15,,0.2
"2025-05-02 23:23:29",934,343,90120,-33.063737,-70.931682,2.75,316.1,26.56,27.2,,0.2
"2025-05-02 23:23:30",934,343,90116,0,,3,327.9,26.56,27.2,,0.2
"2025-05-02 23:23:31",935,344,90113,0,,2.6,328.9,26.56,27.2,,0.2
"2025-05-02 23:23:32",935,344,90110,-33.063675,-70.931738,2.45,322.8,26.55,27.2,,0.2
"2025-05-02 23:23:33",936,345,90104,0,,2.8,346.2,26.56,27.2,,0.3
"2025-05-02 23:23:34",936,345,90099,0,,2.8,319.6,26.56,27.2,,0.3
"2025-05-02 23:23:35",937,346,90094,-33.063617,-70.93178,2.8,331.1,26.56,27.2,30,0.3
"2025-05-02 23:23:36",937,346,90090,0,,2.85,343.5,26.56,27.2,,0.3
"2025-05-02 23:23:37",937,346,90086,0,,2.9,311.5,26.56,27.2,,0.3
"2025-05-02 23:23:38",938,347,90082,-33.063557,-70.931828,3.1,324.7,26.56,27.2,,0.3
"2025-05-02 23:23:39",938,347,90076,0,,3.4,323.4,26.56,27.2,,0.4
"2025-05-02 23:23:40",939,348,90070,0,,3.35,318.4,26.56,27.2,,0.4
"2025-05-02 23:23:41",940,349,90064,-33.063488,-70.93189,3.05,334.3,26.55,27.2,,0.4
"2025-05-02 23:23:42",940,349,90059,0,,2.6,325,26.56,27.2,,0.5
"2025-05-02 23:23:43",940,349,90055,0,,2.85,328.5,26.56,27.2,,0.5
"2025-05-02 23:23:44",941,350,90052,-33.063423,-70.93194,3.35,328.4,26.54,27.2,,0.5
"2025-05-02 23:23:45",941,350,90047,0,,3.1,316.2,26.54,27.2,,0.5
"2025-05-02 23:23:46",942,351,90042,0,,3.1,316.2,26.53,27.2,,0.5
"2025-05-02 23:23:47",942,351,90038,-33.063353,-70.932002,2.75,335.1,26.53,27.2,,0.5
"2025-05-02 23:23:48",943,352,90030,0,,2.75,331.7,26.53,27.25,,0.5
"2025-05-02 23:23:49",944,353,90023,0,,3.15,322.6,26.53,27.25,,0.5
"2025-05-02 23:23:50",944,353,90016,-33.063285,-70.932052,3.2,320,26.52,27.2,,0.5
"2025-05-02 23:23:51",945,354,90010,0,,2.75,332,26.52,27.25,,0.5
"2025-05-02 23:23:52",945,354,90005,0,,2.85,321.5,26.52,27.25,,0.5
"2025-05-02 23:23:53",946,355,90000,-33.063215,-70.932108,4,330,26.52,27.25,,0.5
"2025-05-02 23:23:55",947,356,89985,0,,3.5,320.9,26.5,27.25,,0.6
"2025-05-02 23:23:56",948,357,89978,-33.063147,-70.932167,3.5,335.9,26.5,27.25,,0.6
"2025-05-02 23:23:57",948,357,89973,0,,2.85,316.4,26.5,27.25,,0.6
"2025-05-02 23:23:58",949,358,89968,0,,4,328.9,26.49,27.25,,0.6
"2025-05-02 23:23:59",949,358,89964,-33.063073,-70.932225,3.15,334,26.49,27.25,,0.6
"2025-05-02 23:24:00",950,359,89958,0,,3.4,317.2,26.49,27.25,,0.6
"2025-05-02 23:24:01",950,359,89953,0,,3.5,340.8,26.49,27.25,,0.6
"2025-05-02 23:24:02",951,360,89948,-33.063,-70.932277,2.9,335.9,26.47,27.2,30,0.6
"2025-05-02 23:24:03",951,360,89942,0,,4.15,333.6,26.48,27.2,,0.6
"2025-05-02 23:24:04",952,361,89937,0,,3.1,335.5,26.48,27.2,,0.6
"2025-05-02 23:24:05",953,362,89932,-33.062922,-70.93233,3.4,317.5,26.47,27.2,,0.6
"2025-05-02 23:24:06",953,362,89925,0,,3.65,338.4,26.47,27.2,,0.6
"2025-05-02 23:24:07",954,363,89918,0,,2.75,334.2,26.47,27.2,,0.5
"2025-05-02 23:24:08",954,363,89912,-33.06284,-70.932377,3.45,338.5,26.47,27.2,,0.5
"2025-05-02 23:24:09",955,364,89906,0,,3.25,340.3,26.47,27.2,,0.5
"2025-05-02 23:24:10",956,365,89900,0,,3.65,320.1,26.47,27.2,,0.6
"2025-05-02 23:24:11",956,365,89894,-33.062755,-70.932423,3.75,343.2,26.47,27.2,,0.6
"2025-05-02 23:24:12",957,366,89888,0,,,,26.46,27.25,,0.6
"2025-05-02 23:24:13",957,366,89883,0,,,,26.45,27.25,,0.6
"2025-05-02 23:24:14",958,367,89878,0,,,,26.45,27.25,,0.6
"2025-05-02 23:24:15",958,367,89872,0,,3.1,318.2,26.45,27.25,,0.6
"2025-05-02 23:24:16",959,368,89866,0,,3.1,318.2,26.44,27.25,,0.6
"2025-05-02 23:24:17",960,369,89860,-33.062588,-70.932535,3.05,333.4,26.43,27.25,,0.6
"2025-05-02 23:24:18",960,369,89853,0,,3.85,334.8,26.42,27.25,,0.6
"2025-05-02 23:24:19",961,370,89846,0,,3.6,336.7,26.42,27.25,,0.6
"2025-05-02 23:24:20",962,371,89840,-33.062507,-70.932588,3.35,324.5,26.41,27.25,,0.6
"2025-05-02 23:24:21",962,371,89831,0,,4.4,329.7,26.41,27.25,,0.6
"2025-05-02 23:24:22",963,372,89823,0,,3.4,327.5,26.4,27.25,,0.6
"2025-05-02 23:24:23",964,373,89816,-33.062422,-70.932648,3.4,326.1,26.4,27.25,,0.6
"2025-05-02 23:24:25",965,374,89802,0,,3.45,326.3,26.39,27.25,,0.7
"2025-05-02 23:24:26",966,375,89796,-33.06234,-70.932702,4.6,330,26.39,27.25,,0.7
"2025-05-02 23:24:27",967,376,89787,0,,3.4,324.3,26.38,27.25,,0.7
"2025-05-02 23:24:28",968,377,89778,0,,3.55,324.8,26.38,27.25,,0.7
"2025-05-02 23:24:29",968,377,89770,-33.062257,-70.932763,3.85,333.2,26.38,27.25,29.75,0.7
"2025-05-02 23:24:30",969,378,89764,0,,3.65,314.5,26.38,27.25,,0.7
"2025-05-02 23:24:31",970,379,89759,0,,4.15,328.8,26.38,27.25,,0.7
"2025-05-02 23:24:32",970,379,89754,-33.062173,-70.93283,3.55,330.7,26.37,27.25,,0.7
"2025-05-02 23:24:33",971,380,89745,0,,3.35,317.1,26.35,27.25,,0.7
"2025-05-02 23:24:34",972,381,89736,0,,3.6,336.1,26.35,27.25,,0.7
"2025-05-02 23:24:35",973,382,89728,-33.062095,-70.932892,3.4,329.2,26.34,27.25,,0.7
"2025-05-02 23:24:36",973,382,89719,0,,3.85,334.1,26.33,27.25,,0.7
"2025-05-02 23:24:37",974,383,89710,0,,4.05,333.7,26.32,27.25,,0.8
"2025-05-02 23:24:38",975,384,89702,-33.062005,-70.932952,3.4,321,26.32,27.25,,0.8
"2025-05-02 23:24:39",976,385,89693,0,,3.35,328,26.32,27.3,,0.8
"2025-05-02 23:24:40",977,386,89684,0,,3.85,318.9,26.31,27.3,,0.8
"2025-05-02 23:24:41",978,387,89676,-33.061925,-70.933022,4,324,26.3,27.3,,0.8
"2025-05-02 23:24:42",979,388,89667,0,,3.45,334.8,26.3,27.3,,0.8
"2025-05-02 23:24:43",979,388,89658,0,,3.2,322.7,26.29,27.3,,0.8
"2025-05-02 23:24:44",980,389,89650,-33.061848,-70.933075,3.3,331.9,26.28,27.35,,0.8
"2025-05-02 23:24:45",981,390,89640,0,,3.7,331.1,26.28,27.35,,0.9
"2025-05-02 23:24:46",982,391,89631,0,,3.7,314.6,26.27,27.35,,0.9
"2025-05-02 23:24:47",983,392,89622,-33.061767,-70.93314,3.9,336.8,26.26,27.35,,0.9
"2025-05-02 23:24:48",984,393,89611,0,,3.45,323.2,26.25,27.35,,0.9
"2025-05-02 23:24:49",985,394,89600,0,,4.05,319.6,26.25,27.35,,0.9
"2025-05-02 23:24:50",986,395,89590,-33.061687,-70.933203,3.3,334.1,26.24,27.35,,0.9
"2025-05-02 23:24:52",989,398,89566,0,,3.9,331.1,26.22,27.4,,1
"2025-05-02 23:24:53",990,399,89554,-33.061608,-70.933268,4.05,325.6,26.2,27.4,,1
"2025-05-02 23:24:56",993,402,89522,-33.06153,-70.933335,3.65,317.3,26.19,27.4,29.75,1.1
"2025-05-02 23:24:58",996,405,89494,0,,3.6,329.7,26.18,27.45,,1.1
"2025-05-02 23:24:59",997,406,89480,-33.061445,-70.93339,3.6,321.5,26.18,27.45,,1.2
"2025-05-02 23:25:01",999,408,89456,0,,3.5,314.3,26.15,27.45,,1.2
"2025-05-02 23:25:02",1001,410,89444,-33.061375,-70.93345,3.95,335.4,26.14,27.45,,1.2
"2025-05-02 23:25:04",1003,412,89417,0,,4.05,324.6,26.12,27.45,,1.2
"2025-05-02 23:25:05",1005,414,89404,-33.061297,-70.933517,3.45,332.5,26.11,27.45,,1.2
"2025-05-02 23:25:07",1007,416,89380,0,,3.95,326.1,26.09,27.5,,1.2
"2025-05-02 23:25:08",1008,417,89368,-33.061225,-70.93359,3.55,316.8,26.08,27.5,,1.2
"2025-05-02 23:25:10",1011,420,89341,0,,3.25,328.3,26.04,27.55,,1.3
"2025-05-02 23:25:11",1012,421,89328,-33.06116,-70.933662,3.25,308.3,26.03,27.55,,1.3
"2025-05-02 23:25:12",1014,423,89312,0,,3.05,325.4,26.02,27.55,,1.3
"2025-05-02 23:25:13",1015,424,89297,0,,3.65,329.1,26.01,27.6,,1.3
"2025-05-02 23:25:14",1017,426,89282,-33.061085,-70.933728,3.8,323,26,27.6,,1.3
"2025-05-02 23:25:15",1018,427,89268,0,,3.2,341.2,25.99,27.55,,1.3
"2025-05-02 23:25:16",1019,428,89255,0,,3.25,324.3,25.97,27.6,,1.3
"2025-05-02 23:25:17",1021,430,89242,-33.061007,-70.93378,3.25,328.5,25.97,27.6,,1.3
"2025-05-02 23:25:18",1022,431,89228,0,,3.55,321.8,25.95,27.6,,1.3
"2025-05-02 23:25:19",1023,432,89215,0,,3.75,317.6,25.93,27.65,,1.4
"2025-05-02 23:25:20",1025,434,89202,-33.060932,-70.933843,3.1,342.4,25.91,27.65,,1.4
"2025-05-02 23:25:21",1026,435,89189,0,,3.45,323.5,25.91,27.7,,1.4
"2025-05-02 23:25:22",1027,436,89176,0,,3,318.2,25.91,27.7,,1.4
"2025-05-02 23:25:23",1028,437,89164,-33.060867,-70.933907,2.75,320.7,25.89,27.7,29.5,1.4
"2025-05-02 23:25:24",1029,438,89152,0,,3.65,325.6,25.88,27.7,,1.3
"2025-05-02 23:25:25",1031,440,89141,0,,3.4,330.7,25.85,27.75,,1.3
"2025-05-02 23:25:26",1032,441,89130,-33.060788,-70.933973,3.6,326.2,25.84,27.75,,1.2
"2025-05-02 23:25:27",1033,442,89117,0,,3.85,329.7,25.82,27.75,,1.2
"2025-05-02 23:25:28",1034,443,89105,0,,3.4,319.8,25.81,27.75,,1.2
"2025-05-02 23:25:29",1035,444,89094,-33.06071,-70.934043,4.15,322.1,25.8,27.75,,1.2
"2025-05-02 23:25:30",1036,445,89081,0,,3.55,332,25.79,27.8,,1.2
"2025-05-02 23:25:31",1038,447,89067,0,,3,323.2,25.78,27.8,,1.2
"2025-05-02 23:25:32",1039,448,89054,-33.060633,-70.934105,3.55,331.1,25.76,27.85,,1.2
"2025-05-02 23:25:33",1040,449,89041,0,,3.35,322,25.75,27.85,,1.2
"2025-05-02 23:25:34",1042,451,89028,0,,3.8,326.8,25.74,27.9,,1.2
"2025-05-02 23:25:35",1043,452,89016,-33.060555,-70.93416,3.65,342.8,25.72,27.9,,1.2
"2025-05-02 23:25:36",1044,453,89002,0,,3.15,319.5,25.72,27.85,,1.2
"2025-05-02 23:25:37",1046,455,88988,0,,3.25,329.2,25.71,27.9,,1.3
"2025-05-02 23:25:38",1047,456,88974,-33.060483,-70.934207,3.25,331.9,25.7,27.9,,1.3
"2025-05-02 23:25:39",1049,458,88957,0,,3.6,316.9,25.69,27.9,,1.3
"2025-05-02 23:25:40",1050,459,88940,0,,3.25,342.6,25.68,27.95,,1.4
"2025-05-02 23:25:41",1052,461,88924,-33.06041,-70.934257,3.05,326.9,25.65,27.95,,1.4
"2025-05-02 23:25:42",1053,462,88909,0,,3.9,331.7,25.65,28,,1.4
"2025-05-02 23:25:43",1055,464,88895,0,,3.55,345.9,25.63,28,,1.4
"2025-05-02 23:25:44",1056,465,88882,-33.060327,-70.934305,3.55,321.2,25.61,28,,1.4
"2025-05-02 23:25:45",1058,467,88868,0,,3.1,341.5,25.6,28,,1.4
"2025-05-02 23:25:46",1059,468,88854,0,,3.1,333.4,25.59,28,,1.4
"2025-05-02 23:25:47",1060,469,88840,-33.060252,-70.93435,3.6,325.8,25.58,28,,1.4
"2025-05-02 23:25:48",1062,471,88823,0,,3.45,346.8,25.57,28,,1.5
"2025-05-02 23:25:49",1064,473,88807,0,,3.55,327.4,25.56,28,,1.5
"2025-05-02 23:25:50",1065,474,88792,-33.06017,-70.934397,3.45,324.2,25.55,28,29.25,1.5
"2025-05-02 23:25:51",1067,476,88774,0,,3.75,333.8,25.53,28.05,,1.5
"2025-05-02 23:25:52",1069,478,88757,0,,4.2,322.9,25.53,28.05,,1.5
"2025-05-02 23:25:53",1070,479,88740,-33.060085,-70.934455,3,336,25.51,28.1,,1.5
"2025-05-02 23:25:56",1075,484,88696,-33.060007,-70.934512,3.3,339.6,25.46,28.1,,1.5
"2025-05-02 23:25:57",1077,486,88676,0,,3.85,324.5,25.45,28.1,,1.6
"2025-05-02 23:25:58",1079,488,88657,0,,2.85,331.1,25.43,28.15,,1.6
"2025-05-02 23:25:59",1080,489,88638,-33.05993,-70.934563,3.05,330.8,25.42,28.15,,1.7
"2025-05-02 23:26:00",1082,491,88620,0,,3.95,324.9,25.41,28.2,,1.7
"2025-05-02 23:26:01",1084,493,88603,0,,2.8,347.2,25.39,28.2,,1.7
"2025-05-02 23:26:02",1086,495,88586,-33.059853,-70.934613,3.5,325.9,25.38,28.2,,1.7
"2025-05-02 23:26:03",1087,496,88569,0,,3.65,327.9,25.36,28.25,,1.7
"2025-05-02 23:26:04",1089,498,88552,0,,2.45,334.8,25.35,28.25,,1.7
"2025-05-02 23:26:05",1091,500,88536,-33.059783,-70.934668,3.8,323.7,25.32,28.3,,1.7
"2025-05-02 23:26:06",1092,501,88520,0,,3.25,341.6,25.31,28.25,,1.7
"2025-05-02 23:26:07",1094,503,88505,0,,3.3,334.3,25.29,28.3,,1.7
"2025-05-02 23:26:08",1095,504,88490,-33.059703,-70.934722,3.7,321.1,25.27,28.35,,1.7
"2025-05-02 23:26:09",1097,506,88469,0,,2.95,339.5,25.26,28.35,,1.7
"2025-05-02 23:26:10",1099,508,88448,0,,4.1,326.2,25.24,28.35,,1.7
"2025-05-02 23:26:11",1101,510,88428,-33.05962,-70.934778,3.6,325.3,25.23,28.35,,1.8
"2025-05-02 23:26:12",1103,512,88408,0,,3.35,339.9,25.21,28.35,,1.8
"2025-05-02 23:26:13",1105,514,88389,0,,4.05,317.9,25.2,28.4,,1.8
"2025-05-02 23:26:14",1107,516,88370,-33.059538,-70.934837,3.5,332.4,25.17,28.4,,1.8
"2025-05-02 23:26:15",1109,518,88350,0,,3.7,335.7,25.15,28.4,,1.8
"2025-05-02 23:26:16",1111,520,88331,0,,3.8,318,25.13,28.4,,1.8
"2025-05-02 23:26:17",1113,522,88312,-33.059453,-70.934888,3.05,353.3,25.12,28.45,29,1.8
"2025-05-02 23:26:18",1115,524,88293,0,,3.5,332,25.1,28.45,,1.9
"2025-05-02 23:26:19",1117,526,88275,0,,3.5,328.2,25.08,28.5,,1.9
"2025-05-02 23:26:20",1118,527,88258,-33.059373,-70.934932,3.65,341.3,25.06,28.5,,1.9
"2025-05-02 23:26:21",1120,529,88236,0,,3.75,321.4,25.05,28.5,,1.9
"2025-05-02 23:26:22",1123,532,88215,0,,3.7,348,25.02,28.5,,1.9
"2025-05-02 23:26:23",1125,534,88194,-33.059292,-70.934978,3.7,337.3,25.01,28.55,,1.9
"2025-05-02 23:26:24",1127,536,88175,0,,2.85,320.5,24.99,28.55,,1.9
"2025-05-02 23:26:25",1128,537,88156,0,,3.3,340.1,24.98,28.6,,1.9
"2025-05-02 23:26:26",1130,539,88138,-33.059215,-70.935028,3.35,325,24.97,28.6,,1.9
"2025-05-02 23:26:27",1132,541,88119,0,,2.65,341.2,24.95,28.55,,1.9
"2025-05-02 23:26:28",1134,543,88100,0,,3.9,333,24.93,28.6,,1.9
"2025-05-02 23:26:29",1136,545,88082,-33.059137,-70.935077,3.5,325.5,24.91,28.6,,1.9
"2025-05-02 23:26:30",1138,547,88058,0,,3.8,343,24.89,28.65,,1.9
"2025-05-02 23:26:31",1141,550,88035,0,,4.15,332.9,24.86,28.65,,2
"2025-05-02 23:26:32",1143,552,88012,-33.059042,-70.935123,3.55,344.3,24.82,28.65,,2
"2025-05-02 23:26:33",1145,554,87988,0,,3.95,344.4,24.82,28.75,,2.1
"2025-05-02 23:26:34",1147,556,87965,0,,3.15,336.5,24.82,28.75,,2.1
"2025-05-02 23:26:35",1150,559,87942,-33.058952,-70.935158,3.5,348.1,24.81,28.75,,2.1
"2025-05-02 23:26:36",1152,561,87919,0,,4.15,334.9,24.81,28.75,,2.1
"2025-05-02 23:26:37",1154,563,87896,0,,3.2,344.2,24.81,28.75,,2.1
"2025-05-02 23:26:38",1157,566,87874,-33.058858,-70.935197,3.95,343.7,24.81,28.75,,2.2
"2025-05-02 23:26:39",1159,568,87849,0,,3.2,334.7,24.81,28.75,,2.3
"2025-05-02 23:26:40",1162,571,87824,0,,3.3,350.2,24.81,28.75,,2.3
"2025-05-02 23:26:41",1164,573,87800,-33.058773,-70.935235,4.25,329.9,24.79,28.8,,2.3
"2025-05-02 23:26:42",1167,576,87774,0,,3.1,335.9,24.74,28.85,,2.4
"2025-05-02 23:26:43",1169,578,87748,0,,4.3,342,24.7,28.85,,2.4
"2025-05-02 23:26:44",1172,581,87722,-33.058683,-70.935282,3.65,335.8,24.68,28.9,28.75,2.4
"2025-05-02 23:26:45",1174,583,87698,0,,3.45,344.8,24.66,28.9,,2.4
"2025-05-02 23:26:46",1177,586,87675,0,,4.1,330.5,24.64,28.9,,2.4
"2025-05-02 23:26:47",1179,588,87652,-33.058595,-70.935327,3.15,339.5,24.62,28.95,,2.4
"2025-05-02 23:26:48",1182,591,87625,0,,4.55,341.6,24.6,28.9,,2.4
"2025-05-02 23:26:49",1184,593,87598,0,,3.95,335.2,24.57,28.95,,2.5
"2025-05-02 23:26:50",1187,596,87572,-33.0585,-70.935373,3.4,348.1,24.55,28.95,,2.5
"2025-05-02 23:26:51",1189,598,87548,0,,4.2,333.5,24.53,29,,2.5
"2025-05-02 23:26:52",1192,601,87525,0,,3.1,334.7,24.51,29.05,,2.5
"2025-05-02 23:26:53",1194,603,87502,-33.058413,-70.935418,4.05,339,24.49,29.05,,2.5
"2025-05-02 23:26:56",1202,611,87422,-33.058318,-70.93546,4.25,331.6,24.42,29.1,,2.5
"2025-05-02 23:26:57",1204,613,87399,0,,3.5,327.2,24.39,29.1,,2.5
"2025-05-02 23:26:58",1207,616,87376,0,,4.25,334.1,24.37,29.1,,2.5
"2025-05-02 23:26:59",1209,618,87354,-33.058223,-70.935517,4.2,335.4,24.35,29.15,,2.5
"2025-05-02 23:27:01",1214,623,87303,0,,4.05,335.9,24.31,29.25,,2.5
"2025-05-02 23:27:02",1216,625,87278,-33.05813,-70.935563,3.15,334.8,24.27,29.25,,2.5
"2025-05-02 23:27:03",1219,628,87250,0,,4.15,332,24.25,29.25,,2.5
"2025-05-02 23:27:04",1222,631,87224,0,,4.2,331.3,24.23,29.3,,2.5
"2025-05-02 23:27:05",1224,633,87198,-33.058035,-70.93562,3.9,343.6,24.21,29.3,,2.5
"2025-05-02 23:27:06",1227,636,87174,0,,4.65,339.8,24.19,29.35,,2.5
"2025-05-02 23:27:07",1229,638,87150,0,,3.4,341.7,24.16,29.4,,2.5
"2025-05-02 23:27:08",1232,641,87126,-33.057935,-70.935662,3.95,335.2,24.13,29.4,,2.5
"2025-05-02 23:27:09",1234,643,87100,0,,4.35,331.4,24.11,29.4,,2.5
"2025-05-02 23:27:10",1237,646,87076,0,,4.35,342.7,24.09,29.45,,2.5
"2025-05-02 23:27:11",1239,648,87052,-33.057828,-70.935712,4.85,340,24.06,29.5,28.5,2.5
"2025-05-02 23:27:12",1242,651,87024,0,,3.65,339.1,24.04,29.5,,2.5
"2025-05-02 23:27:13",1245,654,86996,0,,4.25,337,24.02,29.5,,2.6
"2025-05-02 23:27:14",1248,657,86968,-33.057728,-70.935763,4.35,332.7,23.99,29.55,,2.6
"2025-05-02 23:27:15",1250,659,86943,0,,3.75,337.1,23.97,29.65,,2.6
"2025-05-02 23:27:16",1253,662,86918,0,,4.2,331.2,23.94,29.65,,2.6
"2025-05-02 23:27:17",1255,664,86894,-33.057635,-70.935823,3.65,328.1,23.92,29.7,,2.6
"2025-05-02 23:27:18",1258,667,86867,0,,4.25,341.8,23.9,29.7,,2.6
"2025-05-02 23:27:19",1261,670,86840,0,,4.35,331.8,23.87,29.7,,2.6
"2025-05-02 23:27:20",1263,672,86814,-33.057535,-70.93588,3.7,334.2,23.84,29.75,,2.6
"2025-05-02 23:27:22",1268,677,86761,0,,3.95,324.2,23.79,29.85,,2.6
"2025-05-02 23:27:23",1271,680,86736,-33.05744,-70.935937,4.35,340.6,23.77,29.85,,2.7
"2025-05-02 23:27:26",1279,688,86656,-33.057333,-70.935995,5,333.3,23.69,29.95,,2.6
"2025-05-02 23:27:28",1285,694,86600,0,,4,343.7,23.64,30,,2.7
"2025-05-02 23:27:29",1288,697,86572,-33.057233,-70.936052,4.5,330,23.61,30.05,,2.7
"2025-05-02 23:27:31",1292,701,86524,0,,4.65,335.4,23.56,30.1,,2.7
"2025-05-02 23:27:32",1295,704,86500,-33.05713,-70.936115,3.45,322.8,23.52,30.15,,2.6
"2025-05-02 23:27:34",1300,709,86454,0,,3.8,336.5,23.47,30.2,,2.6
"2025-05-02 23:27:35",1302,711,86432,-33.057033,-70.936163,3.65,344.9,23.45,30.25,,2.6
"2025-05-02 23:27:37",1307,716,86382,0,,3.8,329.6,23.39,30.3,,2.6
"2025-05-02 23:27:38",1309,718,86358,-33.056933,-70.936217,4.5,343.7,23.36,30.35,28,2.6
"2025-05-02 23:27:40",1314,723,86310,0,,4.3,342.4,23.32,30.4,,2.5
"2025-05-02 23:27:41",1317,726,86286,-33.056828,-70.936267,4.4,336.8,23.3,30.45,,2.4
"2025-05-02 23:27:42",1319,728,86260,0,,3.9,319.5,23.27,30.45,,2.4
"2025-05-02 23:27:43",1322,731,86235,0,,4.45,338.8,23.24,30.5,,2.4
"2025-05-02 23:27:44",1324,733,86210,-33.05674,-70.93633,3.75,328.1,23.22,30.5,,2.4
"2025-05-02 23:27:45",1326,735,86190,0,,3.25,328.3,23.2,30.55,,2.4
"2025-05-02 23:27:46",1328,737,86170,0,,4.7,334.5,23.17,30.6,,2.4
"2025-05-02 23:27:47",1330,739,86150,-33.056655,-70.936392,3.65,323.4,23.15,30.65,,2.4
"2025-05-02 23:27:48",1333,742,86125,0,,3.9,339.7,23.1,30.65,,2.4
"2025-05-02 23:27:49",1335,744,86101,0,,4.45,321.5,23.08,30.75,,2.4
"2025-05-02 23:27:50",1338,747,86078,-33.056573,-70.936457,3.55,330,23.05,30.8,,2.4
"2025-05-02 23:27:51",1340,749,86058,0,,4.6,338.5,23.01,30.8,,2.3
"2025-05-02 23:27:52",1342,751,86038,0,,3.35,321.8,22.99,30.85,,2.3
"2025-05-02 23:27:53",1344,753,86018,-33.056483,-70.93651,3.75,339.1,22.98,30.9,,2.3
"2025-05-02 23:27:55",1349,758,85970,0,,3.55,331.3,22.92,30.95,,2.3
"2025-05-02 23:27:56",1351,760,85946,-33.056388,-70.93657,4.75,332.7,22.9,31,,2.3
"2025-05-02 23:27:57",1353,762,85922,0,,3.6,320.7,22.88,31,,2.3
"2025-05-02 23:27:58",1356,765,85899,0,,3.8,342.2,22.86,31.05,,2.3
"2025-05-02 23:27:59",1358,767,85876,-33.056297,-70.936633,4.3,324,22.83,31.1,,2.3
"2025-05-02 23:28:00",1361,770,85852,0,,3.7,335.3,22.8,31.15,,2.3
"2025-05-02 23:28:01",1363,772,85829,0,,4.75,337.9,22.77,31.2,,2.3
"2025-05-02 23:28:02",1365,774,85806,-33.0562,-70.936697,3.95,318.5,22.75,31.2,,2.3
"2025-05-02 23:28:03",1367,776,85785,0,,3.95,341.9,22.73,31.25,,2.3
"2025-05-02 23:28:04",1370,779,85764,0,,4.35,327,22.71,31.25,,2.3
"2025-05-02 23:28:05",1372,781,85744,-33.056108,-70.936757,3.85,333.7,22.69,31.3,27.75,2.3
"2025-05-02 23:28:06",1374,783,85722,0,,4.95,332.7,22.65,31.3,,2.3
"2025-05-02 23:28:07",1376,785,85701,0,,4.15,320.8,22.64,31.35,,2.3
"2025-05-02 23:28:08",1378,787,85680,-33.056008,-70.936822,4.05,337.5,22.62,31.4,,2.3
"2025-05-02 23:28:09",1380,789,85657,0,,3.95,325.8,22.6,31.4,,2.2
"2025-05-02 23:28:10",1383,792,85635,0,,3.65,333.3,22.58,31.45,,2.2
"2025-05-02 23:28:11",1385,794,85614,-33.055917,-70.936882,4.65,333.1,22.56,31.45,,2.2
"2025-05-02 23:28:12",1387,796,85592,0,,4.2,324.8,22.54,31.5,,2.2
"2025-05-02 23:28:13",1389,798,85571,0,,4.3,345.8,22.51,31.55,,2.2
"2025-05-02 23:28:14",1391,800,85550,-33.055818,-70.936943,4.25,323.3,22.49,31.55,,2.2
"2025-05-02 23:28:15",1393,802,85530,0,,3.85,329.8,22.47,31.6,,2.2
"2025-05-02 23:28:16",1396,805,85510,0,,4.75,335.6,22.46,31.65,,2.2
"2025-05-02 23:28:17",1398,807,85490,-33.055728,-70.937013,4.25,320.2,22.44,31.65,,2.2
"2025-05-02 23:28:18",1400,809,85468,0,,4.3,343.8,22.43,31.65,,2.2
"2025-05-02 23:28:19",1402,811,85446,0,,4.25,331,22.41,31.7,,2.2
"2025-05-02 23:28:20",1404,813,85424,-33.055638,-70.937073,3.55,320.8,22.39,31.7,,2.2
"2025-05-02 23:28:21",1407,816,85402,0,,4.9,336.2,22.36,31.7,,2.2
"2025-05-02 23:28:22",1409,818,85381,0,,4.1,317.1,22.34,31.75,,2.2
"2025-05-02 23:28:23",1411,820,85360,-33.055545,-70.937145,3.9,326,22.33,31.8,,2.2
"2025-05-02 23:28:26",1417,826,85296,-33.055462,-70.937205,4.2,328.5,22.29,31.85,,2.2
"2025-05-02 23:28:27",1419,828,85277,0,,4.2,320.3,22.27,31.9,,2.1
"2025-05-02 23:28:28",1421,830,85258,0,,3.55,337.3,22.26,31.95,,2.1
"2025-05-02 23:28:29",1423,832,85240,-33.055373,-70.93727,4.05,332.2,22.24,31.95,,2.1
"2025-05-02 23:28:30",1426,835,85215,0,,3.45,318.9,22.23,31.95,,2.1
"2025-05-02 23:28:31",1428,837,85191,0,,4.15,331.2,22.2,31.95,,2.2
"2025-05-02 23:28:32",1430,839,85168,-33.055288,-70.937337,4.25,330.7,22.18,31.95,27.25,2.2
"2025-05-02 23:28:33",1432,841,85150,0,,3.7,327.7,22.16,32,,2.2
"2025-05-02 23:28:34",1434,843,85132,0,,4,330.1,22.15,32,,2.1
"2025-05-02 23:28:35",1436,845,85114,-33.055203,-70.9374,3.35,317,22.13,32.05,,2.1
"2025-05-02 23:28:36",1438,847,85091,0,,4.1,321.4,22.1,32,,2.1
"2025-05-02 23:28:37",1441,850,85068,0,,4.05,322.6,22.09,32.05,,2.1
"2025-05-02 23:28:38",1443,852,85046,-33.055122,-70.937473,4.05,318.4,22.09,32.1,,2.1
"2025-05-02 23:28:39",1445,854,85028,0,,4.3,329.8,22.09,32.15,,2.1
"2025-05-02 23:28:40",1447,856,85011,0,,3.25,317,22.09,32.15,,2.1
"2025-05-02 23:28:41",1448,857,84994,-33.055037,-70.93754,4,321.2,22.08,32.15,,2.1
"2025-05-02 23:28:42",1450,859,84973,0,,3.75,332.6,22.06,32.1,,2.1
"2025-05-02 23:28:43",1453,862,84952,0,,3.4,318.8,22.03,32.15,,2
"2025-05-02 23:28:44",1455,864,84932,-33.054957,-70.937603,4.05,325.4,22.02,32.15,,2
"2025-05-02 23:28:45",1457,866,84912,0,,3.5,321.2,22,32.2,,2
"2025-05-02 23:28:46",1459,868,84893,0,,3.9,323.3,21.99,32.2,,2
"2025-05-02 23:28:47",1461,870,84874,-33.054873,-70.937672,3.7,337.6,21.96,32.25,,2
"2025-05-02 23:28:48",1463,872,84855,0,,3.2,321.3,21.95,32.25,,2
"2025-05-02 23:28:49",1464,873,84836,0,,3.95,333.8,21.93,32.25,,2
"2025-05-02 23:28:50",1466,875,84818,-33.05479,-70.937728,3.35,331.4,21.9,32.3,,2
"2025-05-02 23:28:51",1469,878,84796,0,,4.05,320.4,21.89,32.35,,2
"2025-05-02 23:28:52",1471,880,84776,0,,4.15,337.1,21.87,32.35,,2
"2025-05-02 23:28:53",1473,882,84756,-33.054703,-70.937785,3.3,327.4,21.86,32.4,,2
"2025-05-02 23:28:55",1477,886,84716,0,,3.75,338.9,21.83,32.45,,2
"2025-05-02 23:28:56",1479,888,84696,-33.054605,-70.937842,4.05,321.1,21.81,32.45,,2
"2025-05-02 23:28:57",1481,890,84677,0,,4.75,336.7,21.77,32.45,,2
"2025-05-02 23:28:58",1483,892,84658,0,,3.8,324.6,21.76,32.5,,2
"2025-05-02 23:28:59",1485,894,84640,-33.054512,-70.937907,4.4,333,21.73,32.55,27,2
"2025-05-02 23:29:00",1487,896,84619,0,,3.6,340.7,21.71,32.5,,2
"2025-05-02 23:29:01",1489,898,84599,0,,3.85,319.1,21.69,32.55,,2
"2025-05-02 23:29:02",1491,900,84580,-33.05442,-70.937965,4.7,341.9,21.67,32.6,,2
"2025-05-02 23:29:03",1493,902,84563,0,,3.95,331.6,21.64,32.65,,2
"2025-05-02 23:29:04",1494,903,84546,0,,4.6,323.1,21.61,32.7,,2
"2025-05-02 23:29:05",1496,905,84530,-33.05432,-70.938028,3.8,338.6,21.59,32.75,,1.9
"2025-05-02 23:29:06",1498,907,84508,0,,3.9,322.4,21.57,32.8,,2
"2025-05-02 23:29:07",1500,909,84487,0,,4.55,335.7,21.55,32.8,,2
"2025-05-02 23:29:08",1503,912,84466,-33.054225,-70.938087,3.5,341.5,21.54,32.85,,2
"2025-05-02 23:29:09",1504,913,84448,0,,4,328.5,21.52,32.85,,2
"2025-05-02 23:29:10",1506,915,84431,0,,3.65,333,21.49,32.85,,1.9
"2025-05-02 23:29:11",1508,917,84414,-33.054138,-70.938148,3.65,323.4,21.46,32.9,,1.9
"2025-05-02 23:29:12",1510,919,84394,0,,4.25,338.2,21.44,32.9,,1.9
"2025-05-02 23:29:13",1512,921,84375,0,,3.55,335.7,21.43,32.95,,1.9
"2025-05-02 23:29:14",1514,923,84356,-33.054043,-70.938208,4.4,324.3,21.41,32.95,,1.9
"2025-05-02 23:29:15",1516,925,84337,0,,4.25,341.9,21.4,32.95,,1.9
"2025-05-02 23:29:16",1518,927,84318,0,,3.95,337.5,21.4,33,,1.9
"2025-05-02 23:29:17",1520,929,84300,-33.053938,-70.938265,4.8,331,21.38,33.05,,2
"2025-05-02 23:29:18",1521,930,84283,0,,3.35,338,21.38,33.05,,2
"2025-05-02 23:29:19",1523,932,84265,0,,3.9,328.3,21.36,33.1,,1.9
"2025-05-02 23:29:20",1525,934,84248,-33.053845,-70.938315,4.05,337.9,21.34,33.1,,1.9
"2025-05-02 23:29:21",1527,936,84229,0,,3.3,337,21.31,33.15,,1.9
"2025-05-02 23:29:22",1529,938,84211,0,,4.45,335.3,21.29,33.15,,1.9
"2025-05-02 23:29:23",1531,940,84194,-33.053748,-70.93836,4.85,347.2,21.27,33.2,,1.9
"2025-05-02 23:29:25",1534,943,84159,0,,3.95,329.2,21.23,33.25,,1.9
"2025-05-02 23:29:26",1536,945,84142,-33.05365,-70.93842,4.2,335.4,21.21,33.25,26.75,1.9
"2025-05-02 23:29:27",1538,947,84122,0,,4.7,322.4,21.19,33.3,,1.9
"2025-05-02 23:29:28",1540,949,84103,0,,3.8,340.7,21.17,33.35,,1.9
"2025-05-02 23:29:29",1542,951,84084,-33.053553,-70.938483,4.05,336.8,21.17,33.35,,1.9
"2025-05-02 23:29:30",1544,953,84066,0,,3.2,326.9,21.13,33.4,,1.9
"2025-05-02 23:29:31",1546,955,84049,0,,3.8,332.5,21.12,33.4,,1.9
"2025-05-02 23:29:32",1547,956,84032,-33.05347,-70.938542,4.25,333.2,21.1,33.45,,1.9
"2025-05-02 23:29:33",1549,958,84014,0,,3.45,343.9,21.08,33.5,,1.9
"2025-05-02 23:29:34",1551,960,83996,0,,4.25,333.9,21.06,33.45,,1.9
"2025-05-02 23:29:35",1553,962,83978,-33.053375,-70.938595,4,328.9,21.03,33.5,,1.9
"2025-05-02 23:29:36",1555,964,83959,0,,3.7,346.3,21.01,33.5,,1.9
"2025-05-02 23:29:37",1557,966,83942,0,,4.25,336.5,20.99,33.55,,1.9
"2025-05-02 23:29:38",1558,967,83926,-33.053278,-70.938642,3.4,338.8,20.98,33.55,,1.8
"2025-05-02 23:29:39",1560,969,83910,0,,3.7,340.5,20.96,33.55,,1.8
"2025-05-02 23:29:40",1562,971,83894,0,,3.85,327.5,20.95,33.6,,1.8
"2025-05-02 23:29:41",1563,972,83878,-33.053187,-70.93869,4.05,335.5,20.93,33.6,,1.8
"2025-05-02 23:29:42",1565,974,83862,0,,4.55,335.3,20.92,33.65,,1.8
"2025-05-02 23:29:43",1567,976,83846,0,,3.6,328.9,20.91,33.65,,1.8
"2025-05-02 23:29:44",1568,977,83830,-33.053097,-70.938747,4.3,333.9,20.88,33.7,,1.7
"2025-05-02 23:29:45",1570,979,83816,0,,4.15,324.7,20.86,33.7,,1.7
"2025-05-02 23:29:46",1571,980,83803,0,,3.65,330.9,20.84,33.7,,1.7
"2025-05-02 23:29:47",1572,981,83790,-33.053003,-70.93881,4.8,338.1,20.83,33.75,,1.6
"2025-05-02 23:29:48",1574,983,83773,0,,3.8,327.3,20.81,33.7,,1.6
"2025-05-02 23:29:49",1576,985,83756,0,,3.8,332.9,20.8,33.7,,1.6
"2025-05-02 23:29:50",1578,987,83740,-33.052913,-70.93887,3.8,324.2,20.78,33.75,,1.6
"2025-05-02 23:29:52",1581,990,83709,0,,4.6,337.2,20.75,33.8,,1.6
"2025-05-02 23:29:53",1582,991,83694,-33.052822,-70.938925,3.75,332.3,20.73,33.85,26.5,1.6
"2025-05-02 23:29:56",1587,996,83648,-33.052735,-70.938982,3.45,320.7,20.71,33.85,,1.6
"2025-05-02 23:29:58",1590,999,83617,0,,3.5,332.3,20.69,33.85,,1.6
"2025-05-02 23:29:59",1592,1001,83602,-33.052645,-70.939035,3.65,340.4,20.68,33.9,,1.6
"2025-05-02 23:30:01",1595,1004,83574,0,,2.85,335.8,20.65,33.9,,1.6
"2025-05-02 23:30:02",1596,1005,83560,-33.052558,-70.939087,3.75,336.5,20.64,33.9,,1.6
"2025-05-02 23:30:04",1599,1008,83531,0,,4.05,339.4,20.62,33.95,,1.5
"2025-05-02 23:30:05",1601,1010,83518,-33.052465,-70.939142,4.05,326,20.61,33.95,,1.5
"2025-05-02 23:30:07",1604,1013,83484,0,,3.75,329,20.57,34,,1.5
"2025-05-02 23:30:08",1606,1015,83468,-33.052385,-70.9392,4.2,329.5,20.56,34.05,,1.6
"2025-05-02 23:30:10",1609,1018,83438,0,,,,20.52,34,,1.5
"2025-05-02 23:30:11",1610,1019,83424,0,,,,20.51,34.05,,1.5
"2025-05-02 23:30:12",1612,1021,83408,0,,3.75,337.7,20.5,34.05,,1.5
"2025-05-02 23:30:13",1613,1022,83393,0,,4.1,321.2,20.48,34.05,,1.6
"2025-05-02 23:30:14",1615,1024,83378,-33.052205,-70.939313,4.25,331,20.47,34.1,,1.6
"2025-05-02 23:30:15",1617,1026,83361,0,,3.8,324.5,20.46,34.15,,1.6
"2025-05-02 23:30:16",1619,1028,83344,0,,3.4,325,20.44,34.15,,1.6
"2025-05-02 23:30:17",1620,1029,83328,-33.052118,-70.939373,4.3,338.1,20.43,34.2,,1.6
"2025-05-02 23:30:18",1622,1031,83310,0,,4.1,325,20.41,34.15,,1.7
"2025-05-02 23:30:19",1624,1033,83294,0,,3.8,337.7,20.4,34.2,,1.6
"2025-05-02 23:30:20",1625,1034,83278,-33.05202,-70.939433,4.45,334.2,20.39,34.2,26,1.6
"2025-05-02 23:30:21",1627,1036,83264,0,,3.4,329,20.37,34.2,,1.6
"2025-05-02 23:30:22",1628,1037,83251,0,,3.75,335.8,20.35,34.2,,1.6
"2025-05-02 23:30:23",1630,1039,83238,-33.051932,-70.939492,4.05,324.5,20.34,34.25,,1.6
"2025-05-02 23:30:24",1631,1040,83223,0,,3.3,340.1,20.32,34.3,,1.6
"2025-05-02 23:30:25",1633,1042,83209,0,,4.4,332.6,20.31,34.3,,1.6
"2025-05-02 23:30:26",1634,1043,83196,-33.051843,-70.93955,3.5,321.1,20.28,34.35,,1.6
"2025-05-02 23:30:27",1635,1044,83182,0,,,,20.27,34.35,,1.6
"2025-05-02 23:30:28",1637,1046,83168,0,,,,20.26,34.35,,1.5
"2025-05-02 23:30:29",1638,1047,83154,0,,,,20.25,34.4,,1.5
"2025-05-02 23:30:30",1640,1049,83138,0,,4.35,338.7,20.23,34.4,,1.5
"2025-05-02 23:30:31",1641,1050,83124,0,,3.45,330,20.22,34.4,,1.5
"2025-05-02 23:30:32",1643,1052,83110,-33.051667,-70.939657,3.9,348.9,20.2,34.45,,1.5
"2025-05-02 23:30:33",1644,1053,83095,0,,3.9,330.7,20.18,34.45,,1.5
"2025-05-02 23:30:34",1646,1055,83080,0,,3.2,326.8,20.17,34.45,,1.5
"2025-05-02 23:30:35",1648,1057,83066,-33.05158,-70.939712,4.55,332.5,20.14,34.5,,1.5
"2025-05-02 23:30:37",1650,1059,83040,0,,3.9,336.7,20.12,34.55,,1.5
"2025-05-02 23:30:38",1651,1060,83028,-33.05149,-70.939772,4.3,328.6,20.1,34.55,,1.5
"2025-05-02 23:30:39",1653,1062,83012,0,,3.4,332.1,20.09,34.55,,1.5
"2025-05-02 23:30:40",1655,1064,82997,0,,4.45,335.5,20.09,34.6,,1.5
"2025-05-02 23:30:41",1656,1065,82982,-33.051397,-70.939827,3.5,327.1,20.08,34.6,,1.5
"2025-05-02 23:30:42",1658,1067,82968,0,,3.2,336,20.08,34.6,,1.5
"2025-05-02 23:30:43",1659,1068,82953,0,,3.6,320.5,20.08,34.55,,1.5
"2025-05-02 23:30:44",1661,1070,82938,-33.051323,-70.93988,2.85,322.8,20.07,34.55,,1.5
"2025-05-02 23:30:45",1663,1072,82922,0,,3.9,331.5,20.06,34.55,,1.5
"2025-05-02 23:30:46",1664,1073,82907,0,,3.8,314.3,20.06,34.55,,1.5
"2025-05-02 23:30:47",1666,1075,82892,-33.051248,-70.939947,2.8,332.2,20.05,34.5,25.75,1.5
"2025-05-02 23:30:48",1667,1076,82878,0,,3.75,323.8,20.04,34.5,,1.5
"2025-05-02 23:30:49",1669,1078,82864,0,,2.65,317.9,20.03,34.5,,1.5
"2025-05-02 23:30:50",1670,1079,82850,-33.051177,-70.940003,3.5,327.9,20.03,34.5,,1.5
"2025-05-02 23:30:51",1672,1081,82835,0,,3.75,307.3,20.02,34.5,,1.6
"2025-05-02 23:30:52",1673,1082,82820,0,,3,323.5,20.02,34.5,,1.5
"2025-05-02 23:30:53",1675,1084,82806,-33.05111,-70.940078,3.85,321.4,20.01,34.5,,1.5
"2025-05-02 23:30:56",1679,1088,82762,-33.05104,-70.940157,4.15,311.8,19.98,34.5,,1.5
"2025-05-02 23:30:57",1681,1090,82747,0,,3.05,329.8,19.97,34.5,,1.5
"2025-05-02 23:30:58",1682,1091,82733,0,,4.2,322.2,19.95,34.5,,1.5
"2025-05-02 23:30:59",1684,1093,82720,-33.050968,-70.940228,3.05,313.1,19.95,34.5,,1.5
"2025-05-02 23:31:00",1685,1094,82705,0,,3.7,329,19.94,34.5,,1.5
"2025-05-02 23:31:01",1687,1096,82690,0,,3.5,308.1,19.93,34.5,,1.5
"2025-05-02 23:31:02",1688,1097,82676,-33.050903,-70.940295,2.85,318.1,19.93,34.55,,1.5
"2025-05-02 23:31:03",1690,1099,82662,0,,4.1,312.7,19.92,34.5,,1.5
"2025-05-02 23:31:04",1691,1100,82648,0,,3.5,304.1,19.91,34.55,,1.5
"2025-05-02 23:31:05",1693,1102,82634,-33.05084,-70.940373,3.15,314.1,19.9,34.55,,1.5
"2025-05-02 23:31:06",1694,1103,82621,0,,4.2,315.2,19.9,34.55,,1.5
"2025-05-02 23:31:07",1695,1104,82608,0,,3.65,323.7,19.9,34.55,,1.5
"2025-05-02 23:31:08",1697,1106,82596,-33.050762,-70.940447,4.05,322.3,19.89,34.55,,1.4
"2025-05-02 23:31:09",1698,1107,82581,0,,4.2,319.7,19.87,34.6,,1.4
"2025-05-02 23:31:10",1700,1109,82567,0,,3.05,325.5,19.86,34.55,,1.4
"2025-05-02 23:31:11",1701,1110,82554,-33.050687,-70.940522,3.4,312.9,19.83,34.6,,1.4
"2025-05-02 23:31:12",1702,1111,82541,0,,3.15,327.2,19.81,34.6,,1.4
"2025-05-02 23:31:13",1704,1113,82528,0,,3.3,331.3,19.8,34.6,,1.4
"2025-05-02 23:31:14",1705,1114,82516,-33.050617,-70.940583,3.15,312.3,19.79,34.6,25.25,1.4
"2025-05-02 23:31:15",1706,1115,82502,0,,3.15,330.4,19.77,34.65,,1.4
"2025-05-02 23:31:16",1708,1117,82489,0,,3.15,330.4,19.76,34.65,,1.4
"2025-05-02 23:31:17",1709,1118,82476,-33.050552,-70.940653,3.25,313.1,19.75,34.7,,1.4
"2025-05-02 23:31:18",1711,1120,82461,0,,3.75,327.7,19.74,34.7,,1.4
"2025-05-02 23:31:19",1712,1121,82447,0,,3.85,306,19.73,34.7,,1.4
"2025-05-02 23:31:20",1714,1123,82434,-33.050487,-70.940733,3.25,316.5,19.72,34.7,,1.4
"2025-05-02 23:31:21",1715,1124,82421,0,,2.9,317.7,19.7,34.65,,1.4
"2025-05-02 23:31:22",1716,1125,82408,0,,3.6,309.8,19.7,34.65,,1.4
"2025-05-02 23:31:23",1718,1127,82396,-33.050425,-70.940808,3.75,326.9,19.69,34.65,,1.4
"2025-05-02 23:31:24",1719,1128,82381,0,,3.5,304.5,19.68,34.7,,1.4
"2025-05-02 23:31:25",1721,1130,82366,0,,3.5,313.1,19.65,34.75,,1.4
"2025-05-02 23:31:26",1722,1131,82352,-33.050362,-70.940885,3.25,320.9,19.64,34.75,,1.4
"2025-05-02 23:31:27",1724,1133,82338,0,,3.65,306,19.63,34.75,,1.4
"2025-05-02 23:31:28",1725,1134,82325,0,,3.8,317.4,19.62,34.75,,1.4
"2025-05-02 23:31:29",1726,1135,82312,-33.050293,-70.94097,3.8,309.4,19.61,34.8,,1.4
"2025-05-02 23:31:30",1728,1137,82298,0,,3.15,314.7,19.6,34.8,,1.4
"2025-05-02 23:31:31",1729,1138,82285,0,,3.75,318.9,19.58,34.8,,1.4
"2025-05-02 23:31:32",1731,1140,82272,-33.050233,-70.941052,3.3,302,19.55,34.85,,1.4
"2025-05-02 23:31:33",1732,1141,82258,0,,2.9,321.6,19.54,34.85,,1.4
"2025-05-02 23:31:34",1734,1143,82244,0,,4.25,309.5,19.53,34.9,,1.4
"2025-05-02 23:31:35",1735,1144,82230,-33.050175,-70.941135,3.6,302.9,19.52,34.9,,1.5
"2025-05-02 23:31:36",1736,1145,82219,0,,4.15,319,19.51,34.9,,1.4
"2025-05-02 23:31:37",1737,1146,82208,0,,3.6,297.6,19.5,34.9,,1.4
"2025-05-02 23:31:38",1738,1147,82198,-33.050115,-70.941228,3.05,307.7,19.5,34.9,,1.3
"2025-05-02 23:31:39",1740,1149,82181,0,,4.35,303.1,19.5,34.9,,1.4
"2025-05-02 23:31:40",1742,1151,82165,0,,3.1,299.5,19.49,34.9,,1.4
"2025-05-02 23:31:41",1743,1152,82150,-33.050058,-70.941323,4,318.7,19.48,34.9,25,1.4
"2025-05-02 23:31:42",1745,1154,82135,0,,4.05,296,19.47,34.85,,1.4
"2025-05-02 23:31:43",1746,1155,82120,0,,3.35,318.2,19.45,34.9,,1.4
"2025-05-02 23:31:44",1748,1157,82106,-33.049995,-70.941415,4.15,308.7,19.45,34.9,,1.5
"2025-05-02 23:31:45",1750,1159,82090,0,,3,296.2,19.44,34.9,,1.5
"2025-05-02 23:31:46",1751,1160,82075,0,,4.25,312.3,19.43,34.9,,1.5
"2025-05-02 23:31:47",1753,1162,82060,-33.04994,-70.941512,4.2,298,19.43,34.9,,1.5
"2025-05-02 23:31:48",1754,1163,82046,0,,,,19.4,34.95,,1.5
"2025-05-02 23:31:49",1756,1165,82033,0,,,,19.39,34.95,,1.5
"2025-05-02 23:31:50",1757,1166,82020,0,,,,19.38,34.9,,1.5
"2025-05-02 23:31:51",1759,1168,82005,0,,3.9,310.9,19.36,34.9,,1.6
"2025-05-02 23:31:52",1760,1169,81991,0,,3.3,292.7,19.35,34.9,,1.5
"2025-05-02 23:31:53",1762,1171,81978,-33.049837,-70.941695,3.25,309.6,19.35,34.9,,1.5
"2025-05-02 23:31:56",1767,1176,81930,-33.049782,-70.94179,3.6,314.7,19.35,34.9,,1.5
"2025-05-02 23:31:57",1768,1177,81916,0,,4.05,295.1,19.35,34.9,,1.5
"2025-05-02 23:31:58",1770,1179,81902,0,,3.35,311.8,19.35,34.9,,1.5
"2025-05-02 23:31:59",1771,1180,81888,-33.049725,-70.941885,4.1,311.9,19.34,34.9,,1.5
"2025-05-02 23:32:00",1772,1181,81875,0,,3.9,292.1,19.34,34.9,,1.5
"2025-05-02 23:32:01",1774,1183,81862,0,,3.5,316.6,19.34,34.9,,1.5
"2025-05-02 23:32:02",1775,1184,81850,-33.049673,-70.941978,3.6,311.5,19.34,34.95,,1.5
"2025-05-02 23:32:03",1776,1185,81838,0,,3.85,312.2,19.34,35,,1.5
"2025-05-02 23:32:04",1778,1187,81826,0,,3.5,312.2,19.34,35,,1.5
"2025-05-02 23:32:05",1779,1188,81814,-33.049613,-70.942065,3.7,292.5,19.34,34.95,,1.4
"2025-05-02 23:32:06",1781,1190,81798,0,,3.7,308,19.34,34.9,,1.5
"2025-05-02 23:32:07",1782,1191,81783,0,,3.15,309.5,19.34,34.9,,1.5
"2025-05-02 23:32:08",1784,1193,81768,-33.049565,-70.942153,3.55,292.3,19.34,34.9,24.5,1.4
"2025-05-02 23:32:09",1785,1194,81756,0,,3.9,309.2,19.34,34.85,,1.4
"2025-05-02 23:32:10",1786,1195,81745,0,,3.65,297.6,19.34,34.85,,1.4
"2025-05-02 23:32:11",1787,1196,81734,-33.049513,-70.942243,2.8,293.9,19.34,34.85,,1.4
"2025-05-02 23:32:12",1789,1198,81719,0,,3.45,298.2,19.34,34.9,,1.4
"2025-05-02 23:32:13",1790,1199,81704,0,,3.9,293.4,19.34,34.85,,1.4
"2025-05-02 23:32:14",1792,1201,81690,-33.049467,-70.942333,3.95,305.9,19.34,34.85,,1.4
"2025-05-02 23:32:15",1793,1202,81678,0,,4.05,297.9,19.34,34.85,,1.4
"2025-05-02 23:32:16",1794,1203,81666,0,,3.3,290.2,19.34,34.85,,1.4
"2025-05-02 23:32:17",1796,1205,81654,-33.04942,-70.942422,3.3,307.5,19.34,34.85,,1.4
"2025-05-02 23:32:18",1797,1206,81644,0,,3.55,280.2,19.34,34.8,,1.4
"2025-05-02 23:32:19",1798,1207,81635,0,,2.95,305.3,19.34,34.8,,1.3
"2025-05-02 23:32:20",1799,1208,81626,-33.049382,-70.942512,3.7,305.2,19.34,34.75,,1.3
"2025-05-02 23:32:22",1801,1210,81605,0,,3.45,305.9,19.34,34.75,,1.2
"2025-05-02 23:32:23",1802,1211,81596,-33.049342,-70.942598,3.75,292,19.34,34.75,,1.2
"2025-05-02 23:32:26",1805,1214,81564,-33.0493,-70.942673,2.65,289.5,19.32,34.7,,1.1
"2025-05-02 23:32:28",1807,1216,81545,0,,3.3,296.4,19.28,34.7,,1.1
"2025-05-02 23:32:29",1808,1217,81536,-33.049265,-70.942752,2.3,294.7,19.25,34.75,,1
"2025-05-02 23:32:31",1811,1220,81510,0,,3.35,296.6,19.22,34.75,,1.1
"2025-05-02 23:32:32",1812,1221,81498,-33.049223,-70.942833,3.25,315.4,19.21,34.75,,1.1
"2025-05-02 23:32:34",1814,1223,81477,0,,2.7,305.2,19.18,34.8,,1.1
"2025-05-02 23:32:35",1815,1224,81468,-33.049178,-70.942908,3.05,312.2,19.17,34.85,24.25,1.1
"2025-05-02 23:32:37",1818,1227,81442,0,,3.05,305,19.15,34.85,,1.2
"2025-05-02 23:32:38",1819,1228,81430,-33.049137,-70.942993,3.55,302.5,19.13,34.85,,1.2
"2025-05-02 23:32:42",1824,1233,81385,0,,2.3,310.3,19.08,34.95,,1.2
"2025-05-02 23:32:43",1825,1234,81374,0,,2.55,309.2,19.07,34.95,,1.2
"2025-05-02 23:32:44",1826,1235,81364,-33.049052,-70.943132,2.6,289.7,19.06,35,,1.2
"2025-05-02 23:32:45",1827,1236,81354,0,,2.8,314.8,19.04,35,,1.2
"2025-05-02 23:32:46",1829,1238,81344,0,,3.35,300.3,19.03,35.05,,1.2
"2025-05-02 23:32:47",1830,1239,81334,-33.04901,-70.943212,2.95,299.5,19.02,35.05,,1.2
"2025-05-02 23:32:48",1831,1240,81320,0,,2.65,319,19.01,35.05,,1.2
"2025-05-02 23:32:49",1832,1241,81307,0,,2.75,290.9,19,35.05,,1.2
"2025-05-02 23:32:50",1834,1243,81294,-33.048973,-70.943282,2.4,317.5,18.98,35.05,,1.2
"2025-05-02 23:32:51",1835,1244,81283,0,,3.05,308.5,18.96,35.1,,1.2
"2025-05-02 23:32:52",1836,1245,81273,0,,3.1,287.6,18.94,35.15,,1.2
"2025-05-02 23:32:53",1837,1246,81264,-33.048935,-70.943358,2.9,314,18.93,35.15,,1.2
"2025-05-02 23:32:55",1839,1248,81241,0,,2.55,294.5,18.91,35.15,,1.2
"2025-05-02 23:32:56",1841,1250,81230,-33.048897,-70.943438,2.8,293.6,18.9,35.2,,1.2
"2025-05-02 23:32:57",1842,1251,81218,0,,2.65,291.4,18.89,35.2,,1.2
"2025-05-02 23:32:58",1843,1252,81208,0,,2.5,314.1,18.88,35.25,,1.2
"2025-05-02 23:32:59",1844,1253,81198,-33.048862,-70.943515,2.9,287.8,18.87,35.25,,1.2
"2025-05-02 23:33:00",1845,1254,81187,0,,2.1,298.3,18.86,35.2,,1.2
"2025-05-02 23:33:01",1846,1255,81176,0,,2.75,289.8,18.85,35.25,,1.2
"2025-05-02 23:33:02",1847,1256,81166,-33.048832,-70.943592,3.25,300.4,18.85,35.25,24,1.1
"2025-05-02 23:33:03",1849,1258,81155,0,,2.55,309.1,18.84,35.25,,1.1
"2025-05-02 23:33:04",1850,1259,81144,0,,3.5,290.5,18.83,35.3,,1.1
"2025-05-02 23:33:05",1851,1260,81134,-33.048795,-70.943675,2.6,304.3,18.81,35.3,,1.1
"2025-05-02 23:33:06",1852,1261,81123,0,,2.85,292.3,18.8,35.3,,1.1
"2025-05-02 23:33:07",1853,1262,81112,0,,3.65,290.7,18.78,35.3,,1.1
"2025-05-02 23:33:08",1854,1263,81102,-33.048762,-70.94376,2.5,305.1,18.77,35.3,,1.1
"2025-05-02 23:33:09",1855,1264,81090,0,,3.3,301.5,18.76,35.3,,1.1
"2025-05-02 23:33:10",1857,1266,81078,0,,2.75,309,18.76,35.3,,1.2
"2025-05-02 23:33:11",1858,1267,81066,-33.048722,-70.94384,2.95,292.6,18.75,35.35,,1.2
"2025-05-02 23:33:12",1859,1268,81052,0,,3.2,294.3,18.73,35.35,,1.2
"2025-05-02 23:33:13",1861,1270,81039,0,,2.5,300.6,18.72,35.35,,1.2
"2025-05-02 23:33:14",1862,1271,81026,-33.048692,-70.943925,2.9,298.4,18.71,35.4,,1.2
"2025-05-02 23:33:15",1864,1273,81013,0,,2.35,318.8,18.7,35.35,,1.2
"2025-05-02 23:33:16",1865,1274,81000,0,,2.95,300.2,18.69,35.4,,1.3
"2025-05-02 23:33:17",1866,1275,80988,-33.048648,-70.944005,3.85,301.9,18.66,35.4,,1.3
"2025-05-02 23:33:18",1868,1277,80975,0,,2.5,304,18.65,35.45,,1.3
"2025-05-02 23:33:19",1869,1278,80963,0,,3,296.9,18.64,35.45,,1.3
"2025-05-02 23:33:20",1870,1279,80952,-33.048607,-70.944083,3.15,317.3,18.62,35.45,,1.3
"2025-05-02 23:33:21",1871,1280,80939,0,,3.15,302.7,18.62,35.5,,1.3
"2025-05-02 23:33:22",1873,1282,80926,0,,4.05,302.9,18.6,35.55,,1.3
"2025-05-02 23:33:23",1874,1283,80914,-33.048557,-70.944167,2.75,314.8,18.6,35.55,,1.3
"2025-05-02 23:33:25",1877,1286,80891,0,,3.8,307.6,18.58,35.55,,1.3
"2025-05-02 23:33:26",1878,1287,80880,-33.048503,-70.944252,2.75,317.1,18.58,35.6,,1.3
"2025-05-02 23:33:28",1881,1290,80850,0,,2.45,309.4,18.56,35.6,,1.3
"2025-05-02 23:33:29",1882,1291,80836,-33.048457,-70.944333,3.15,294.1,18.56,35.65,23.75,1.3
"2025-05-02 23:33:30",1884,1293,80822,0,,3.55,295.9,18.55,35.6,,1.4
"2025-05-02 23:33:31",1885,1294,80810,0,,2.05,296.7,18.55,35.65,,1.4
"2025-05-02 23:33:32",1887,1296,80798,-33.04842,-70.944417,4.15,293.6,18.54,35.65,,1.4
"2025-05-02 23:33:33",1888,1297,80785,0,,3.45,292.7,18.51,35.65,,1.4
"2025-05-02 23:33:34",1889,1298,80772,0,,3.75,287.7,18.5,35.7,,1.4
"2025-05-02 23:33:35",1891,1300,80760,-33.048383,-70.944523,3.6,306,18.49,35.7,,1.4
"2025-05-02 23:33:36",1892,1301,80748,0,,2.45,294.8,18.47,35.75,,1.4
"2025-05-02 23:33:37",1893,1302,80737,0,,4.25,295.2,18.46,35.75,,1.3
"2025-05-02 23:33:38",1894,1303,80726,-33.048342,-70.944618,3.4,309.1,18.44,35.75,,1.4
"2025-05-02 23:33:39",1896,1305,80713,0,,3.75,303.2,18.42,35.75,,1.4
"2025-05-02 23:33:40",1897,1306,80701,0,,4,303.9,18.42,35.8,,1.3
"2025-05-02 23:33:41",1898,1307,80690,-33.048287,-70.944713,3,296.8,18.41,35.8,,1.3
"2025-05-02 23:33:42",1899,1308,80677,0,,3.9,295.3,18.39,35.85,,1.3
"2025-05-02 23:33:43",1901,1310,80664,0,,3.3,311.7,18.38,35.85,,1.3
"2025-05-02 23:33:44",1902,1311,80652,-33.048242,-70.944813,3.6,295.7,18.35,35.9,,1.3
"2025-05-02 23:33:45",1903,1312,80639,0,,4.15,304.8,18.34,35.9,,1.3
"2025-05-02 23:33:46",1905,1314,80627,0,,3.05,285.3,18.33,35.95,,1.3
"2025-05-02 23:33:47",1906,1315,80616,-33.0482,-70.94492,4.35,296,18.32,35.95,,1.3
"2025-05-02 23:33:48",1907,1316,80602,0,,3.35,300.6,18.31,36,,1.3
"2025-05-02 23:33:49",1909,1318,80588,0,,3.65,281.3,18.3,36,,1.3
"2025-05-02 23:33:50",1910,1319,80574,-33.048158,-70.945023,4.2,302.3,18.29,36,,1.4
"2025-05-02 23:33:51",1912,1321,80558,0,,3.6,299.9,18.28,36,,1.4
"2025-05-02 23:33:52",1914,1323,80543,0,,4.55,294.5,18.27,36,,1.4
"2025-05-02 23:33:53",1915,1324,80528,-33.04811,-70.945133,4,295.2,18.25,36.05,,1.4
"2025-05-02 23:33:55",1917,1326,80508,0,,4.25,295.8,18.24,36.05,,1.4
"2025-05-02 23:33:56",1919,1328,80498,-33.048073,-70.945242,3.1,291.9,18.21,36.1,23.5,1.4
"2025-05-02 23:33:57",1920,1329,80488,0,,3.85,298.1,18.2,36.15,,1.3
"2025-05-02 23:33:58",1921,1330,80478,0,,4,292.5,18.18,36.15,,1.3
"2025-05-02 23:33:59",1922,1331,80468,-33.048035,-70.945345,3.2,285.7,18.16,36.2,,1.3
"2025-05-02 23:34:00",1923,1332,80452,0,,4.4,298.2,18.15,36.25,,1.3
"2025-05-02 23:34:01",1925,1334,80436,0,,3.6,298.3,18.13,36.25,,1.4
"2025-05-02 23:34:02",1927,1336,80420,-33.047993,-70.945457,4.2,300.9,18.11,36.3,,1.4
"2025-05-02 23:34:03",1928,1337,80406,0,,3.85,299.2,18.07,36.3,,1.3
"2025-05-02 23:34:04",1930,1339,80394,0,,3.2,286.8,18.05,36.3,,1.3
"2025-05-02 23:34:05",1931,1340,80382,-33.047952,-70.94556,4.2,306.4,18.04,36.35,,1.3
"2025-05-02 23:34:06",1932,1341,80368,0,,3.5,302.3,18.03,36.35,,1.3
"2025-05-02 23:34:07",1934,1343,80355,0,,4.15,294.9,18.01,36.4,,1.4
"2025-05-02 23:34:08",1935,1344,80342,-33.047905,-70.945667,3.35,299.4,18,36.4,,1.4
"2025-05-02 23:34:09",1936,1345,80330,0,,3.4,283.7,17.98,36.45,,1.4
"2025-05-02 23:34:10",1938,1347,80318,0,,4.15,301.5,17.97,36.45,,1.4
"2025-05-02 23:34:11",1939,1348,80306,-33.047865,-70.945773,3.25,291.1,17.97,36.5,,1.4
"2025-05-02 23:34:12",1941,1350,80291,0,,4.25,292.2,17.96,36.5,,1.4
"2025-05-02 23:34:13",1942,1351,80277,0,,3.65,295.7,17.96,36.55,,1.4
"2025-05-02 23:34:14",1944,1353,80264,-33.047827,-70.945887,3.8,280.8,17.94,36.55,,1.4
"2025-05-02 23:34:15",1945,1354,80250,0,,3.75,308.6,17.92,36.55,,1.4
"2025-05-02 23:34:16",1946,1355,80237,0,,3.35,292.8,17.91,36.55,,1.4
"2025-05-02 23:34:17",1948,1357,80224,-33.047787,-70.945995,4.5,287.5,17.89,36.6,,1.4
"2025-05-02 23:34:18",1949,1358,80211,0,,2.9,309.7,17.88,36.65,,1.4
"2025-05-02 23:34:19",1951,1360,80198,0,,3.75,290.8,17.87,36.65,,1.4
"2025-05-02 23:34:20",1952,1361,80186,-33.047742,-70.946098,4.4,299.7,17.87,36.7,,1.4
"2025-05-02 23:34:21",1953,1362,80174,0,,3.75,293.2,17.87,36.65,,1.4
"2025-05-02 23:34:22",1954,1363,80163,0,,4.55,289.5,17.85,36.7,,1.4
"2025-05-02 23:34:23",1956,1365,80152,-33.0477,-70.94621,3.2,301.2,17.84,36.7,23,1.4
"2025-05-02 23:34:25",1958,1367,80125,0,,4.3,302.8,17.81,36.8,,1.4
"2025-05-02 23:34:26",1960,1369,80112,-33.047657,-70.94632,4,301.3,17.8,36.8,,1.4
"2025-05-02 23:34:27",1961,1370,80099,0,,4.6,294.9,17.79,36.75,,1.3
"2025-05-02 23:34:28",1962,1371,80087,0,,3.9,309.3,17.76,36.75,,1.3
"2025-05-02 23:34:29",1964,1373,80076,-33.047603,-70.946432,3.45,301.4,17.76,36.75,,1.3
"2025-05-02 23:34:30",1965,1374,80061,0,,3.4,302.4,17.74,36.8,,1.3
"2025-05-02 23:34:31",1967,1376,80046,0,,3.5,298.6,17.73,36.8,,1.4
"2025-05-02 23:34:32",1968,1377,80032,-33.047558,-70.946528,4.3,291.8,17.72,36.85,,1.4
"2025-05-02 23:34:33",1970,1379,80018,0,,3.9,302.8,17.71,36.85,,1.4
"2025-05-02 23:34:34",1971,1380,80005,0,,3,290.9,17.7,36.85,,1.4
"2025-05-02 23:34:35",1973,1382,79992,-33.047515,-70.94663,4.05,295.9,17.69,36.9,,1.4
"2025-05-02 23:34:36",1974,1383,79978,0,,4.05,299.9,17.68,36.9,,1.4
"2025-05-02 23:34:37",1976,1385,79965,0,,4.05,294.3,17.67,36.95,,1.4
"2025-05-02 23:34:38",1977,1386,79952,-33.047467,-70.946738,3.55,303.3,17.66,36.95,,1.4
"2025-05-02 23:34:39",1979,1388,79937,0,,3.1,298.4,17.65,36.95,,1.4
"2025-05-02 23:34:40",1980,1389,79923,0,,4.6,294.8,17.64,36.95,,1.4
"2025-05-02 23:34:41",1981,1390,79910,-33.047418,-70.946843,3.75,305.7,17.62,37,,1.5
"2025-05-02 23:34:42",1983,1392,79899,0,,3.7,304.2,17.61,37,,1.4
"2025-05-02 23:34:43",1984,1393,79888,0,,4.35,305.2,17.59,37,,1.4
"2025-05-02 23:34:44",1985,1394,79878,-33.047365,-70.946945,2.95,296.2,17.58,37.05,,1.4
"2025-05-02 23:34:45",1986,1395,79866,0,,4.1,293.9,17.57,37.05,,1.4
"2025-05-02 23:34:46",1987,1396,79855,0,,3.4,303.9,17.55,37.05,,1.3
"2025-05-02 23:34:47",1989,1398,79844,-33.047325,-70.947047,3.25,292.2,17.54,37.1,,1.3
"2025-05-02 23:34:48",1990,1399,79830,0,,4.4,297.4,17.53,37.1,,1.3
"2025-05-02 23:34:49",1991,1400,79817,0,,3.6,298.1,17.51,37.1,,1.3
"2025-05-02 23:34:50",1993,1402,79804,-33.047275,-70.947157,4.9,296,17.51,37.15,22.75,1.3
"2025-05-02 23:34:52",1996,1405,79777,0,,4.4,288.8,17.51,37.2,,1.3
"2025-05-02 23:34:53",1997,1406,79764,-33.047228,-70.947277,5.2,296.1,17.5,37.2,,1.3
"2025-05-02 23:34:56",2001,1410,79724,-33.047178,-70.947395,4.35,302.4,17.43,37.3,,1.4
"2025-05-02 23:34:58",2004,1413,79703,0,,5.1,300.1,17.4,37.3,,1.3
"2025-05-02 23:34:59",2005,1414,79694,-33.047122,-70.947513,4.4,301,17.38,37.35,,1.3
"2025-05-02 23:35:01",2007,1416,79672,0,,4.85,293.7,17.35,37.4,,1.3
"2025-05-02 23:35:02",2008,1417,79662,-33.047073,-70.947645,3.95,297.9,17.32,37.4,,1.3
"2025-05-02 23:35:04",2011,1420,79633,0,,3.7,296.9,17.28,37.5,,1.3
"2025-05-02 23:35:05",2013,1422,79620,-33.04702,-70.947762,4.45,301,17.27,37.5,,1.3
"2025-05-02 23:35:07",2015,1424,79596,0,,3.65,299.5,17.24,37.6,,1.3
"2025-05-02 23:35:08",2017,1426,79584,-33.046962,-70.947882,4.5,306.8,17.22,37.6,,1.3
"2025-05-02 23:35:10",2019,1428,79564,0,,3.75,307.9,17.2,37.65,,1.2
"2025-05-02 23:35:11",2020,1429,79554,-33.046902,-70.94799,4.9,298.2,17.18,37.7,,1.2
"2025-05-02 23:35:12",2021,1430,79543,0,,4.5,293.4,17.17,37.7,,1.2
"2025-05-02 23:35:13",2022,1431,79532,0,,4.25,302.5,17.17,37.75,,1.3
"2025-05-02 23:35:14",2023,1432,79522,-33.046847,-70.948112,4.15,278.8,17.16,37.75,,1.2
"2025-05-02 23:35:16",2025,1434,79503,0,,4.15,296.4,17.14,37.7,,1.2
"2025-05-02 23:35:17",2026,1435,79494,-33.046807,-70.948232,3.6,283.1,17.14,37.75,22.5,1.1
"2025-05-02 23:35:18",2027,1436,79488,0,,4.05,299.2,17.14,37.75,,1.1
"2025-05-02 23:35:19",2027,1436,79483,0,,4.6,282.7,17.14,37.75,,1
"2025-05-02 23:35:20",2028,1437,79478,-33.04677,-70.948353,3.9,289.3,17.14,37.8,,1
"2025-05-02 23:35:21",2029,1438,79469,0,,4.55,299,17.14,37.8,,0.9
"2025-05-02 23:35:22",2030,1439,79460,0,,4.4,288.6,17.14,37.8,,0.9
"2025-05-02 23:35:23",2031,1440,79452,-33.046717,-70.948477,4.9,299.9,17.14,37.8,,0.9
"2025-05-02 23:35:24",2032,1441,79443,0,,4.5,297.4,17.14,37.8,,0.9
"2025-05-02 23:35:25",2033,1442,79434,0,,3.6,286.8,17.13,37.85,,0.9
"2025-05-02 23:35:26",2034,1443,79426,-33.046665,-70.948598,4.55,299.9,17.13,37.85,,0.9
"2025-05-02 23:35:27",2034,1443,79417,0,,4.35,299.8,17.13,37.85,,0.9
"2025-05-02 23:35:28",2035,1444,79408,0,,3.7,305,17.13,37.85,,0.9
"2025-05-02 23:35:29",2036,1445,79400,-33.046607,-70.94871,4,302.6,17.11,37.85,,0.8
"2025-05-02 23:35:30",2037,1446,79390,0,,3.65,297.9,17.11,37.8,,0.9
"2025-05-02 23:35:31",2038,1447,79381,0,,4.5,298.5,17.1,37.85,,0.9
"2025-05-02 23:35:32",2039,1448,79372,-33.046552,-70.948825,4.6,296.6,17.09,37.85,,1
"2025-05-02 23:35:33",2040,1449,79366,0,,,,17.08,37.9,,0.9
"2025-05-02 23:35:34",2041,1450,79360,0,,,,17.08,37.9,,0.9
"2025-05-02 23:35:35",2041,1450,79354,0,,,,17.07,37.9,,0.9
"2025-05-02 23:35:36",2042,1451,79345,0,,3.6,300.2,17.06,37.9,,0.9
"2025-05-02 23:35:37",2043,1452,79336,0,,4.45,300.6,17.05,37.9,,0.9
"2025-05-02 23:35:38",2044,1453,79328,-33.04645,-70.949052,4.4,303.5,17.03,37.9,,0.9
"2025-05-02 23:35:39",2045,1454,79321,0,,4.85,303.6,17.03,37.9,,0.9
"2025-05-02 23:35:40",2046,1455,79314,0,,4.15,304.5,17.02,37.95,,0.8
"2025-05-02 23:35:41",2046,1455,79308,-33.046387,-70.949167,4,301,17.01,37.95,,0.8
"2025-05-02 23:35:42",2047,1456,79298,0,,4.05,301,17,38,,0.8
"2025-05-02 23:35:43",2048,1457,79289,0,,3.9,300.9,16.99,38,,0.8
"2025-05-02 23:35:44",2049,1458,79280,-33.04633,-70.949285,4.65,302.8,16.98,38,22,0.8
"2025-05-02 23:35:45",2050,1459,79274,0,,4.85,299.9,16.97,38,,0.8
"2025-05-02 23:35:46",2050,1459,79269,0,,3.9,297.1,16.97,38.05,,0.8
"2025-05-02 23:35:47",2051,1460,79264,-33.046273,-70.94941,4.55,293.7,16.96,38.05,,0.8
"2025-05-02 23:35:48",2052,1461,79255,0,,4.05,295.1,16.95,38.05,,0.8
"2025-05-02 23:35:49",2053,1462,79247,0,,4.4,304,16.94,38.1,,0.8
"2025-05-02 23:35:50",2054,1463,79240,-33.046215,-70.949533,5.05,300,16.93,38.1,,0.8
"2025-05-02 23:35:51",2055,1464,79231,0,,3.85,302,16.93,38.2,,0.8
"2025-05-02 23:35:52",2056,1465,79222,0,,4.35,296.3,16.93,38.2,,0.8
"2025-05-02 23:35:53",2056,1465,79214,-33.046158,-70.94965,4.1,293.8,16.93,38.25,,0.8
"2025-05-02 23:35:56",2058,1467,79196,-33.046102,-70.949775,3.65,301,16.92,38.3,,0.8
"2025-05-02 23:35:57",2059,1468,79190,0,,4.75,302.3,16.92,38.25,,0.8
"2025-05-02 23:35:58",2060,1469,79185,0,,4.35,302.8,16.91,38.3,,0.8
"2025-05-02 23:35:59",2060,1469,79180,-33.046037,-70.94989,4.1,304,16.89,38.3,,0.8
"2025-05-02 23:36:00",2061,1470,79174,0,,5,292.8,16.89,38.3,,0.7
"2025-05-02 23:36:01",2061,1470,79168,0,,3.8,302.3,16.89,38.3,,0.7
"2025-05-02 23:36:02",2062,1471,79162,-33.04598,-70.950013,4.7,300.9,16.88,38.3,,0.7
"2025-05-02 23:36:06",2066,1475,79129,0,,3.9,301.1,16.87,38.35,,0.7
"2025-05-02 23:36:07",2066,1475,79121,0,,4.55,304,16.86,38.4,,0.7
"2025-05-02 23:36:08",2067,1476,79114,-33.045862,-70.950252,4.95,294,16.85,38.4,,0.7
"2025-05-02 23:36:09",2068,1477,79109,0,,4.35,309.1,16.85,38.45,,0.7
"2025-05-02 23:36:10",2068,1477,79104,0,,4.5,305.1,16.84,38.45,,0.7
"2025-05-02 23:36:11",2069,1478,79100,-33.045798,-70.950368,4.25,295,16.84,38.5,21.75,0.7
"2025-05-02 23:36:12",2070,1479,79092,0,,4.7,300.3,16.84,38.45,,0.7
"2025-05-02 23:36:13",2071,1480,79084,0,,5.1,293.9,16.84,38.5,,0.8
"2025-05-02 23:36:14",2071,1480,79076,-33.045737,-70.950495,4.05,304,16.83,38.5,,0.8
"2025-05-02 23:36:15",2072,1481,79068,0,,4.9,300.7,16.82,38.55,,0.8
"2025-05-02 23:36:16",2073,1482,79061,0,,4.75,293.6,16.82,38.55,,0.8
"2025-05-02 23:36:17",2074,1483,79054,-33.045673,-70.950622,4.3,312.1,16.81,38.6,,0.8
"2025-05-02 23:36:18",2074,1483,79047,0,,4.45,299.1,16.81,38.55,,0.8
"2025-05-02 23:36:19",2075,1484,79041,0,,3.85,300.2,16.8,38.55,,0.7
"2025-05-02 23:36:20",2076,1485,79036,-33.045612,-70.950733,4.75,306.5,16.8,38.6,,0.7
"2025-05-02 23:36:21",2077,1486,79028,0,,4.45,290.6,16.79,38.6,,0.7
"2025-05-02 23:36:22",2077,1486,79021,0,,4.3,305.5,16.78,38.65,,0.7
"2025-05-02 23:36:23",2078,1487,79014,-33.045557,-70.950855,4.7,294.9,16.77,38.65,,0.8
"2025-05-02 23:36:24",2079,1488,79007,0,,3.95,295,16.77,38.65,,0.8
"2025-05-02 23:36:25",2080,1489,79000,0,,4.7,303.7,16.77,38.65,,0.8
"2025-05-02 23:36:26",2080,1489,78994,-33.045502,-70.950975,4.8,296.5,16.76,38.7,,0.8
"2025-05-02 23:36:28",2082,1491,78975,0,,4.8,295,16.74,38.75,,0.8
"2025-05-02 23:36:29",2083,1492,78966,-33.045438,-70.9511,4.05,295.2,16.73,38.7,,0.8
"2025-05-02 23:36:30",2084,1493,78959,0,,5.05,302.5,16.73,38.7,,0.8
"2025-05-02 23:36:31",2085,1494,78952,0,,5.05,292,16.73,38.7,,0.8
"2025-05-02 23:36:32",2085,1494,78946,-33.045377,-70.951228,4.55,303,16.72,38.75,,0.8
"2025-05-02 23:36:33",2086,1495,78940,0,,4.8,299.7,16.72,38.75,,0.8
"2025-05-02 23:36:34",2087,1496,78934,0,,3.85,297.7,16.72,38.75,,0.8
"2025-05-02 23:36:35",2087,1496,78928,-33.045315,-70.951343,4.75,302.2,16.71,38.75,,0.8
"2025-05-02 23:36:36",2088,1497,78918,0,,4.9,291.2,16.71,38.75,,0.8
"2025-05-02 23:36:37",2089,1498,78909,0,,4.45,303.3,16.7,38.75,,0.8
"2025-05-02 23:36:38",2090,1499,78900,-33.045255,-70.95148,5.25,298.4,16.69,38.8,21.5,0.8
"2025-05-02 23:36:39",2091,1500,78894,0,,4.65,296.3,16.69,38.85,,0.8
"2025-05-02 23:36:40",2092,1501,78889,0,,4.55,307.9,16.68,38.85,,0.8
"2025-05-02 23:36:41",2092,1501,78884,-33.04519,-70.95161,4.15,294.1,16.68,38.9,,0.7
"2025-05-02 23:36:42",2093,1502,78875,0,,4.2,299.3,16.67,38.9,,0.8
"2025-05-02 23:36:43",2094,1503,78866,0,,4.9,291.9,16.66,38.95,,0.8
"2025-05-02 23:36:44",2095,1504,78858,-33.045138,-70.95174,4.4,290.9,16.66,38.95,,0.8
"2025-05-02 23:36:45",2096,1505,78850,0,,4.65,304.3,16.65,39,,0.8
"2025-05-02 23:36:46",2097,1506,78843,0,,4.6,296.7,16.63,39,,0.8
"2025-05-02 23:36:47",2097,1506,78836,-33.045077,-70.951863,4.1,305.7,16.62,39.05,,0.8
"2025-05-02 23:36:48",2098,1507,78830,0,,4.95,295,16.59,39.05,,0.8
"2025-05-02 23:36:49",2099,1508,78825,0,,4.7,291.2,16.59,39.05,,0.8
"2025-05-02 23:36:50",2099,1508,78820,-33.045017,-70.951993,4.8,308.9,16.59,39.1,,0.7
"2025-05-02 23:36:51",2100,1509,78809,0,,4.75,293.9,16.59,39.15,,0.8
"2025-05-02 23:36:52",2101,1510,78798,0,,4.3,295.4,16.59,39.15,,0.8
"2025-05-02 23:36:53",2103,1512,78788,-33.044957,-70.952122,4.8,304.7,16.59,39.2,,0.8
"2025-05-02 23:36:56",2105,1514,78766,-33.044898,-70.952263,4.8,294.6,16.59,39.3,,0.8
"2025-05-02 23:36:57",2106,1515,78757,0,,4.45,287.2,16.59,39.3,,0.8
"2025-05-02 23:36:58",2107,1516,78749,0,,4.85,301.9,16.58,39.3,,0.8
"2025-05-02 23:36:59",2108,1517,78742,-33.044845,-70.9524,4.7,288.9,16.58,39.3,,0.8
"2025-05-02 23:37:00",2109,1518,78732,0,,4.6,290.2,16.58,39.3,,0.9
"2025-05-02 23:37:01",2110,1519,78723,0,,4.75,309.1,16.56,39.3,,0.9
"2025-05-02 23:37:02",2111,1520,78714,-33.04479,-70.952532,4.4,290,16.55,39.35,,0.9
"2025-05-02 23:37:03",2112,1521,78705,0,,4.95,299.3,16.54,39.4,,0.9
"2025-05-02 23:37:04",2112,1521,78696,0,,4.55,296.2,16.52,39.4,,0.9
"2025-05-02 23:37:05",2113,1522,78688,-33.044737,-70.952665,4.45,286.6,16.51,39.4,21.25,0.9
"2025-05-02 23:37:06",2114,1523,78679,0,,3.85,302.1,16.51,39.4,,0.9
"2025-05-02 23:37:07",2115,1524,78671,0,,4.35,287.7,16.5,39.4,,0.9
"2025-05-02 23:37:08",2116,1525,78664,-33.044688,-70.952788,4.8,302,16.5,39.45,,0.9
"2025-05-02 23:37:09",2117,1526,78657,0,,4.4,300,16.49,39.5,,0.9
"2025-05-02 23:37:10",2117,1526,78650,0,,4.9,292.1,16.48,39.5,,0.9
"2025-05-02 23:37:11",2118,1527,78644,-33.04463,-70.95291,4.4,307.8,16.48,39.55,,0.9
"2025-05-02 23:37:12",2119,1528,78634,0,,4.4,293.2,16.47,39.5,,0.9
"2025-05-02 23:37:13",2120,1529,78625,0,,5.15,294.6,16.44,39.5,,0.9
"2025-05-02 23:37:14",2121,1530,78616,-33.044578,-70.953042,4.6,293.5,16.43,39.55,,0.9
"2025-05-02 23:37:15",2122,1531,78605,0,,4.65,297.9,16.43,39.6,,0.9
"2025-05-02 23:37:16",2124,1533,78594,0,,4.5,300.9,16.42,39.6,,0.9
"2025-05-02 23:37:17",2125,1534,78584,-33.044527,-70.953172,4.4,289.7,16.41,39.6,,0.9
"2025-05-02 23:37:18",2125,1534,78578,0,,5,296.4,16.4,39.65,,0.9
"2025-05-02 23:37:19",2126,1535,78572,0,,4.35,288.1,16.39,39.65,,0.9
"2025-05-02 23:37:20",2127,1536,78566,-33.04448,-70.953308,4.65,290.9,16.38,39.65,,0.9
"2025-05-02 23:37:22",2129,1538,78546,0,,4,291.8,16.36,39.65,,0.9
"2025-05-02 23:37:23",2130,1539,78536,-33.044428,-70.953433,4.95,298.4,16.35,39.7,,1
"2025-05-02 23:37:26",2133,1542,78506,-33.044377,-70.953573,4.7,300.6,16.32,39.75,,1
"2025-05-02 23:37:28",2135,1544,78490,0,,4.7,302.9,16.29,39.75,,1
"2025-05-02 23:37:29",2136,1545,78482,-33.044325,-70.953705,4.75,292.1,16.27,39.8,,0.9
"2025-05-02 23:37:31",2138,1547,78461,0,,5.05,304.1,16.26,39.85,,1
"2025-05-02 23:37:32",2139,1548,78452,-33.044273,-70.95384,4.2,289,16.25,39.85,21,1
"2025-05-02 23:37:34",2141,1550,78434,0,,4.6,300.9,16.23,39.85,,1
"2025-05-02 23:37:35",2142,1551,78426,-33.044227,-70.953973,4.05,286.4,16.22,39.85,,1
"2025-05-02 23:37:37",2145,1554,78401,0,,4.95,296.5,16.21,39.85,,1
"2025-05-02 23:37:38",2146,1555,78390,-33.044175,-70.954107,4.85,294.1,16.19,39.9,,1.1
"2025-05-02 23:37:40",2148,1557,78371,0,,4.55,286.2,16.18,39.95,,1.1
"2025-05-02 23:37:41",2149,1558,78362,-33.044125,-70.954248,4.55,294,16.17,40,,1.1
"2025-05-02 23:37:43",2151,1560,78340,0,,4.8,289.2,16.14,40.05,,1.1
"2025-05-02 23:37:44",2152,1561,78330,-33.044073,-70.954395,4.95,297.3,16.13,40.1,,1.1
"2025-05-02 23:37:45",2153,1562,78321,0,,4.15,294.7,16.12,40.05,,1.1
"2025-05-02 23:37:46",2154,1563,78312,0,,4.2,295.6,16.11,40.1,,1.1
"2025-05-02 23:37:47",2155,1564,78304,-33.044025,-70.954523,5.05,295.5,16.11,40.1,,1.1
"2025-05-02 23:37:48",2156,1565,78292,0,,4.1,294.6,16.1,40.15,,1.1
"2025-05-02 23:37:49",2158,1567,78281,0,,4.35,300.2,16.09,40.15,,1.1
"2025-05-02 23:37:50",2159,1568,78270,-33.043975,-70.95465,4.75,294.2,16.08,40.2,,1.1
"2025-05-02 23:37:51",2160,1569,78261,0,,4.9,297.8,16.07,40.2,,1.1
"2025-05-02 23:37:52",2161,1570,78251,0,,5.5,297.7,16.06,40.25,,1.1
"2025-05-02 23:37:53",2162,1571,78242,-33.043915,-70.95479,4.35,295.1,16.05,40.25,,1.1
"2025-05-02 23:37:55",2165,1574,78216,0,,4.95,295.5,16.04,40.3,,1.1
"2025-05-02 23:37:56",2166,1575,78204,-33.043857,-70.95492,4.35,289.3,16.04,40.35,,1.1
"2025-05-02 23:37:57",2167,1576,78192,0,,5.2,299.1,16.03,40.3,,1.2
"2025-05-02 23:37:58",2169,1578,78181,0,,4.6,297.6,16.02,40.35,,1.2
"2025-05-02 23:37:59",2170,1579,78170,-33.043798,-70.955057,4.9,298.8,16,40.35,20.75,1.2
"2025-05-02 23:38:00",2171,1580,78160,0,,5.4,297.8,15.99,40.4,,1.2
"2025-05-02 23:38:01",2172,1581,78150,0,,4.4,289.1,15.98,40.45,,1.2
"2025-05-02 23:38:02",2173,1582,78140,-33.043745,-70.9552,4.85,296.5,15.97,40.45,,1.2
"2025-05-02 23:38:03",2174,1583,78129,0,,4.35,300.4,15.96,40.45,,1.2
"2025-05-02 23:38:04",2175,1584,78119,0,,4.1,291.9,15.95,40.45,,1.2
"2025-05-02 23:38:05",2176,1585,78110,-33.043692,-70.955335,5.35,298.9,15.94,40.45,,1.2
"2025-05-02 23:38:06",2178,1587,78098,0,,4.8,290.2,15.93,40.45,,1.2
"2025-05-02 23:38:07",2179,1588,78087,0,,4.55,292.2,15.92,40.45,,1.2
"2025-05-02 23:38:08",2180,1589,78076,-33.043645,-70.955477,4.55,299.7,15.91,40.5,,1.2
"2025-05-02 23:38:09",2181,1590,78065,0,,4.4,296.4,15.9,40.55,,1.2
"2025-05-02 23:38:10",2182,1591,78054,0,,5.3,298.2,15.89,40.5,,1.2
"2025-05-02 23:38:11",2184,1593,78044,-33.043592,-70.955612,4.65,289.1,15.88,40.55,,1.2
"2025-05-02 23:38:12",2185,1594,78030,0,,4.5,290.5,15.87,40.6,,1.2
"2025-05-02 23:38:13",2187,1596,78017,0,,4.6,289.9,15.87,40.65,,1.2
"2025-05-02 23:38:14",2188,1597,78004,-33.043555,-70.955745,3.9,285.8,15.84,40.65,,1.2
"2025-05-02 23:38:15",2189,1598,77993,0,,4.9,294.6,15.84,40.7,,1.2
"2025-05-02 23:38:16",2190,1599,77982,0,,5.1,283.5,15.83,40.7,,1.3
"2025-05-02 23:38:17",2191,1600,77972,-33.043515,-70.95589,4.8,293.6,15.82,40.75,,1.3
"2025-05-02 23:38:18",2193,1602,77962,0,,5.2,295.8,15.81,40.85,,1.2
"2025-05-02 23:38:19",2194,1603,77952,0,,4.7,288.3,15.81,40.95,,1.2
"2025-05-02 23:38:20",2195,1604,77942,-33.043468,-70.956037,5.3,287,15.81,41,,1.2
"2025-05-02 23:38:21",2196,1605,77930,0,,5,282.4,15.8,41.05,,1.2
"2025-05-02 23:38:22",2197,1606,77918,0,,5.05,291.2,15.8,41.05,,1.2
"2025-05-02 23:38:23",2199,1608,77906,-33.043428,-70.956187,5.05,288.5,15.79,41.1,,1.3
"2025-05-02 23:38:25",2201,1610,77883,0,,5,295.2,15.78,41.15,,1.2
"2025-05-02 23:38:26",2202,1611,77872,-33.043388,-70.956323,4.6,280.5,15.78,41.2,20.5,1.2
"2025-05-02 23:38:30",2207,1616,77826,0,,4.75,289.7,15.76,41.3,,1.2
"2025-05-02 23:38:31",2209,1618,77815,0,,4.75,285.9,15.75,41.3,,1.2
"2025-05-02 23:38:32",2210,1619,77804,-33.043332,-70.956622,4,285.1,15.74,41.35,,1.3
"2025-05-02 23:38:33",2211,1620,77791,0,,5.3,287.6,15.74,41.35,,1.3
"2025-05-02 23:38:34",2213,1622,77778,0,,4.5,281.8,15.73,41.35,,1.3
"2025-05-02 23:38:35",2214,1623,77766,-33.043303,-70.956768,4.55,281.8,15.72,41.4,,1.3
"2025-05-02 23:38:36",2215,1624,77754,0,,5.35,281,15.72,41.45,,1.3
"2025-05-02 23:38:37",2216,1625,77743,0,,4.1,282.2,15.7,41.45,,1.3
"2025-05-02 23:38:38",2218,1627,77732,-33.043277,-70.956917,5,290.6,15.69,41.45,,1.3
"2025-05-02 23:38:39",2219,1628,77722,0,,5.05,291.4,15.67,41.45,,1.3
"2025-05-02 23:38:40",2220,1629,77713,0,,4.9,295.1,15.65,41.45,,1.2
"2025-05-02 23:38:41",2221,1630,77704,-33.043235,-70.95707,5.4,281.9,15.65,41.45,,1.2
"2025-05-02 23:38:42",2222,1631,77693,0,,4.35,288.4,15.65,41.5,,1.2
"2025-05-02 23:38:43",2223,1632,77682,0,,4.8,290.4,15.65,41.45,,1.2
"2025-05-02 23:38:44",2224,1633,77672,-33.043203,-70.957215,4.55,282.5,15.65,41.45,,1.2
"2025-05-02 23:38:45",2225,1634,77664,0,,4.9,292.1,15.65,41.4,,1.2
"2025-05-02 23:38:46",2226,1635,77656,0,,5.45,282.2,15.65,41.35,,1.1
"2025-05-02 23:38:47",2227,1636,77648,-33.043167,-70.957367,4.6,283.7,15.65,41.35,,1.1
"2025-05-02 23:38:48",2228,1637,77635,0,,5.75,289,15.65,41.4,,1.1
"2025-05-02 23:38:49",2230,1639,77623,0,,5.15,284.6,15.63,41.35,,1.1
"2025-05-02 23:38:50",2231,1640,77612,-33.04313,-70.95752,4.65,293.6,15.65,41.35,,1.1
"2025-05-02 23:38:51",2232,1641,77604,0,,4.85,287,15.63,41.3,,1.1
"2025-05-02 23:38:52",2232,1641,77597,0,,4,286.9,15.63,41.3,,1.1
"2025-05-02 23:38:53",2233,1642,77590,-33.043093,-70.957658,4.95,292.7,15.64,41.25,20.25,1
"2025-05-02 23:38:55",2235,1644,77570,0,,4.85,293.5,15.64,41.2,,1
"2025-05-02 23:38:56",2237,1646,77560,-33.043055,-70.957812,5.6,286.5,15.65,41.15,,1
"2025-05-02 23:38:57",2238,1647,77550,0,,4.45,288,15.65,41.05,,1
"2025-05-02 23:38:58",2239,1648,77541,0,,4.45,288,15.65,40.95,,1
"2025-05-02 23:38:59",2240,1649,77532,-33.043015,-70.957958,4.4,286,15.64,40.9,,1.1
"2025-05-02 23:39:00",2240,1649,77525,0,,,,15.63,40.9,,1
"2025-05-02 23:39:01",2241,1650,77518,0,,,,15.63,40.85,,1
"2025-05-02 23:39:02",2242,1651,77512,0,,,,15.62,40.8,,0.9
"2025-05-02 23:39:03",2243,1652,77503,0,,5.65,290.5,15.62,40.75,,0.9
"2025-05-02 23:39:04",2244,1653,77494,0,,4.85,286.7,15.61,40.7,,0.9
"2025-05-02 23:39:05",2245,1654,77486,-33.042932,-70.958255,4.75,298.7,15.61,40.7,,0.9
"2025-05-02 23:39:06",2246,1655,77478,0,,5.25,293.6,15.6,40.65,,0.9
"2025-05-02 23:39:07",2246,1655,77471,0,,3.8,296.1,15.6,40.65,,0.9
"2025-05-02 23:39:08",2247,1656,77464,-33.042878,-70.958393,5,299.5,15.6,40.65,,0.9
"2025-05-02 23:39:10",2249,1658,77449,0,,4.85,295.8,15.59,40.65,,0.9
"2025-05-02 23:39:11",2250,1659,77442,-33.042825,-70.958545,5.7,296.3,15.58,40.6,,0.8
"2025-05-02 23:39:12",2250,1659,77435,0,,4.45,296.1,15.59,40.5,,0.8
"2025-05-02 23:39:13",2251,1660,77428,0,,5.15,300.4,15.58,40.45,,0.8
"2025-05-02 23:39:14",2252,1661,77422,-33.042773,-70.958695,5.1,287.4,15.59,40.35,,0.8
"2025-05-02 23:39:15",2253,1662,77413,0,,4.75,291.4,15.59,40.3,,0.8
"2025-05-02 23:39:16",2254,1663,77404,0,,5.7,292.9,15.59,40.2,,0.8
"2025-05-02 23:39:17",2255,1664,77396,-33.042725,-70.958847,4.85,295.4,15.59,40.15,,0.8
"2025-05-02 23:39:18",2256,1665,77388,0,,4.85,304.1,15.6,40.1,,0.8
"2025-05-02 23:39:19",2256,1665,77380,0,,5.25,290.3,15.6,40,,0.8
"2025-05-02 23:39:20",2257,1666,77372,-33.042667,-70.958988,4.55,299.5,15.61,39.95,20,0.8
"2025-05-02 23:39:21",2258,1667,77366,0,,5.2,302.5,15.62,39.85,,0.8
"2025-05-02 23:39:22",2259,1668,77360,0,,4.85,294,15.64,39.8,,0.8
"2025-05-02 23:39:23",2259,1668,77354,-33.042602,-70.959132,4.9,302.6,15.65,39.7,,0.8
"2025-05-02 23:39:25",2261,1670,77336,0,,4.9,296,15.65,39.45,,0.8
"2025-05-02 23:39:26",2262,1671,77328,-33.042535,-70.95928,5.1,292.8,15.69,39.35,,0.9
"2025-05-02 23:39:27",2263,1672,77321,0,,5.7,292.5,15.7,39.25,,0.9
"2025-05-02 23:39:28",2264,1673,77314,0,,5.05,297.5,15.72,39.2,,0.8
"2025-05-02 23:39:29",2264,1673,77308,-33.042472,-70.959432,5.35,302.3,15.72,39.05,,0.8
"2025-05-02 23:39:30",2265,1674,77301,0,,4.85,294.7,15.73,39,,0.8
"2025-05-02 23:39:31",2266,1675,77294,0,,4.65,295.5,15.74,38.8,,0.8
"2025-05-02 23:39:32",2267,1676,77288,-33.042415,-70.959575,5.7,295.3,15.76,38.6,,0.8
"2025-05-02 23:39:33",2267,1676,77281,0,,5.25,302.1,15.77,38.35,,0.8
"2025-05-02 23:39:34",2268,1677,77275,0,,5.35,306.5,15.8,38.1,,0.8
"2025-05-02 23:39:35",2269,1678,77270,-33.042343,-70.959722,5,298.3,15.81,37.8,,0.8
"2025-05-02 23:39:36",2269,1678,77261,0,,4.4,303,15.83,37.5,,0.8
"2025-05-02 23:39:37",2270,1679,77252,0,,5.3,298.2,15.85,37.2,,0.8
"2025-05-02 23:39:38",2271,1680,77244,-33.042287,-70.95986,4.85,294.7,15.88,36.9,,0.8
"2025-05-02 23:39:39",2272,1681,77237,0,,5.3,305.5,15.9,36.65,,0.8
"2025-05-02 23:39:40",2273,1682,77231,0,,5.3,296.2,15.91,36.5,,0.8
"2025-05-02 23:39:41",2273,1682,77226,-33.04222,-70.96,4.5,302.5,15.93,36.3,,0.8
"2025-05-02 23:39:48",2278,1687,77180,0,,5.25,297.7,16.04,35.45,,0.7
"2025-05-02 23:39:49",2279,1688,77174,0,,4.75,306.2,16.04,35.35,,0.7
"2025-05-02 23:39:50",2280,1689,77168,-33.042018,-70.960402,4.9,297.3,16.05,35.25,,0.7
"2025-05-02 23:39:52",2281,1690,77153,0,,4.85,304.2,16.08,35.1,,0.7
"2025-05-02 23:39:53",2282,1691,77146,-33.04196,-70.960533,4.85,293.6,16.08,35.05,,0.7
"2025-05-02 23:39:56",2284,1693,77126,-33.0419,-70.960658,4.35,303.2,16.09,34.9,,0.7
"2025-05-02 23:39:58",2285,1694,77117,0,,4.95,295.6,16.1,34.8,,0.7
"2025-05-02 23:39:59",2286,1695,77114,-33.041837,-70.960783,3.85,303.6,16.09,34.75,,0.7
"2025-05-02 23:40:01",2287,1696,77104,0,,4.45,292.6,16.09,34.7,,0.6
"2025-05-02 23:40:02",2287,1696,77100,-33.041777,-70.960912,4.75,298,16.09,34.65,,0.6
"2025-05-02 23:40:05",2290,1699,77080,-33.04171,-70.961038,5,299.7,16.1,34.55,,0.6
"2025-05-02 23:40:07",2291,1700,77070,0,,4.3,305.9,16.1,34.45,,0.6
"2025-05-02 23:40:08",2291,1700,77066,-33.041655,-70.961162,4.3,294,16.1,34.4,,0.6
"2025-05-02 23:40:09",2292,1701,77058,0,,3.85,302.2,16.1,34.35,,0.6
"2025-05-02 23:40:10",2293,1702,77051,0,,5.05,301.1,16.1,34.3,,0.6
"2025-05-02 23:40:11",2293,1702,77044,-33.041598,-70.961287,4.4,297,16.1,34.25,,0.6
"2025-05-02 23:40:12",2294,1703,77036,0,,4.85,305.6,16.09,34.25,,0.7
"2025-05-02 23:40:13",2295,1704,77029,0,,4.85,295.1,16.09,34.2,,0.7
"2025-05-02 23:40:14",2296,1705,77022,-33.041538,-70.961415,3.8,299.1,16.08,34.2,19.75,0.7
"2025-05-02 23:40:15",2297,1706,77016,0,,4.55,295.9,16.08,34.2,,0.7
"2025-05-02 23:40:16",2297,1706,77011,0,,3.75,291.4,16.08,34.2,,0.7
"2025-05-02 23:40:17",2298,1707,77006,-33.041487,-70.961532,4.35,307.4,16.07,34.2,,0.7
"2025-05-02 23:40:18",2299,1708,76998,0,,5,295,16.07,34.15,,0.7
"2025-05-02 23:40:19",2299,1708,76991,0,,4.3,304.5,16.07,34.15,,0.7
"2025-05-02 23:40:20",2300,1709,76984,-33.041425,-70.961658,4.45,300.9,16.06,34.1,,0.8
"2025-05-02 23:40:21",2301,1710,76978,0,,3.75,290.1,16.06,34.05,,0.7
"2025-05-02 23:40:22",2301,1710,76973,0,,4.45,305.9,16.06,34.05,,0.7
"2025-05-02 23:40:23",2302,1711,76968,-33.041375,-70.96178,4.5,289.7,16.05,34,,0.7
"2025-05-02 23:40:24",2303,1712,76961,0,,3.95,292.5,16.05,33.95,,0.7
"2025-05-02 23:40:25",2303,1712,76954,0,,4.9,301.3,16.05,33.9,,0.7
"2025-05-02 23:40:26",2304,1713,76948,-33.041327,-70.961905,3.8,292,16.04,33.85,,0.7
"2025-05-02 23:40:27",2305,1714,76938,0,,3.8,300.9,16.05,33.8,,0.7
"2025-05-02 23:40:28",2306,1715,76929,0,,4.9,292.9,16.04,33.7,,0.8
"2025-05-02 23:40:29",2307,1716,76920,-33.04128,-70.962028,4.25,291.1,16.04,33.65,,0.8
"2025-05-02 23:40:30",2308,1717,76913,0,,4.75,300.1,16.04,33.6,,0.8
"2025-05-02 23:40:31",2309,1718,76906,0,,3.9,290,16.05,33.55,,0.8
"2025-05-02 23:40:32",2309,1718,76900,-33.041232,-70.962148,4,307.3,16.05,33.4,,0.8
"2025-05-02 23:40:33",2311,1720,76889,0,,4.25,301.6,16.05,33.35,,0.8
"2025-05-02 23:40:34",2312,1721,76878,0,,3.55,288.7,16.06,33.25,,0.9
"2025-05-02 23:40:35",2313,1722,76868,-33.041188,-70.96226,4.15,286,16.08,32.85,,0.9
"2025-05-02 23:40:36",2314,1723,76861,0,,2.8,282.9,16.09,32.4,,0.9
"2025-05-02 23:40:37",2314,1723,76854,0,,4.1,296,16.1,32,,0.9
"2025-05-02 23:40:38",2315,1724,76848,-33.041157,-70.962367,3.8,299.8,16.12,31.65,,0.9
"2025-05-02 23:40:40",2317,1726,76830,0,,2.85,297,16.15,31.15,,0.9
"2025-05-02 23:40:41",2318,1727,76822,-33.041118,-70.962458,2.5,306.4,16.17,30.9,19.5,0.9
"2025-05-02 23:40:42",2319,1728,76811,0,,3.25,287.9,16.18,30.65,,0.9
"2025-05-02 23:40:43",2320,1729,76800,0,,3.7,292.9,16.19,30.4,,1
"2025-05-02 23:40:44",2322,1731,76790,-33.041087,-70.962553,3.25,298.4,16.19,30.25,,1
"2025-05-02 23:40:45",2323,1732,76781,0,,4.2,290.2,16.19,30.15,,1
"2025-05-02 23:40:46",2324,1733,76772,0,,3.25,291.9,16.19,30.05,,1
"2025-05-02 23:40:47",2325,1734,76764,-33.041055,-70.962655,2.65,296.1,16.19,29.95,,1
"2025-05-02 23:40:48",2326,1735,76754,0,,3.3,294.8,16.2,29.85,,1
"2025-05-02 23:40:49",2327,1736,76744,0,,3,296,16.2,29.7,,1
"2025-05-02 23:40:50",2328,1737,76734,-33.041023,-70.962745,3.1,294.9,16.21,29.6,,1
"2025-05-02 23:40:51",2329,1738,76724,0,,2.85,300.5,16.21,29.5,,1.1
"2025-05-02 23:40:52",2330,1739,76715,0,,2.8,284.4,16.22,29.4,,1.1
"2025-05-02 23:40:53",2331,1740,76706,-33.040998,-70.962835,3.6,280.9,16.22,29.35,,1.1
"2025-05-02 23:40:56",2335,1744,76668,-33.040982,-70.962922,2.35,295.9,16.23,29.15,,1.1
"2025-05-02 23:40:57",2336,1745,76656,0,,2.55,280.8,16.24,29.05,,1.1
"2025-05-02 23:40:58",2338,1747,76645,0,,3.45,289.9,16.24,28.9,,1.2
"2025-05-02 23:40:59",2339,1748,76634,-33.040963,-70.963008,2.35,282.5,16.24,28.8,,1.2
"2025-05-02 23:41:00",2340,1749,76625,0,,2.55,279,16.25,28.75,,1.2
"2025-05-02 23:41:01",2341,1750,76616,0,,1.7,280.9,16.25,28.55,,1.2
"2025-05-02 23:41:02",2342,1751,76608,-33.040953,-70.963078,2.45,280.3,16.25,28.45,,1.2
"2025-05-02 23:41:03",2343,1752,76598,0,,2.6,296,16.26,28.25,,1.2
"2025-05-02 23:41:04",2344,1753,76588,0,,2,276.7,16.25,28.1,,1.2
"2025-05-02 23:41:05",2345,1754,76578,-33.040935,-70.963152,3.2,295.4,16.26,28,,1.2
"2025-05-02 23:41:06",2347,1756,76566,0,,2.15,291.4,16.26,27.9,,1.2
"2025-05-02 23:41:07",2348,1757,76554,0,,2.15,274.4,16.25,27.85,,1.2
"2025-05-02 23:41:08",2349,1758,76542,-33.040918,-70.963218,2.05,297.3,16.25,27.75,19.5,1.2
"2025-05-02 23:41:09",2350,1759,76531,0,,1.8,283.7,16.24,27.7,,1.2
"2025-05-02 23:41:10",2352,1761,76520,0,,2.75,298.4,16.24,27.7,,1.2
"2025-05-02 23:41:11",2353,1762,76510,-33.040897,-70.96328,1.5,296.8,16.23,27.6,,1.2
"2025-05-02 23:41:12",2354,1763,76499,0,,1.45,268.9,16.23,27.6,,1.2
"2025-05-02 23:41:13",2355,1764,76489,0,,1.7,300.3,16.23,27.55,,1.2
"2025-05-02 23:41:14",2356,1765,76480,-33.040888,-70.963327,1.4,268.2,16.22,27.4,,1.2
"2025-05-02 23:41:15",2357,1766,76467,0,,1.9,281.7,16.22,27.25,,1.2
"2025-05-02 23:41:16",2359,1768,76454,0,,1.6,294.4,16.22,27.1,,1.2
"2025-05-02 23:41:17",2360,1769,76442,-33.040882,-70.96338,1.95,274.2,16.22,27,,1.3
"2025-05-02 23:41:21",2365,1774,76401,0,,1.3,275.9,16.21,26.8,,1.2
"2025-05-02 23:41:22",2366,1775,76391,0,,1.65,270.1,16.21,26.75,,1.2
"2025-05-02 23:41:23",2367,1776,76382,-33.040862,-70.963487,1.75,311.8,16.2,26.75,,1.2
"2025-05-02 23:41:25",2370,1779,76359,0,,2.15,262,16.19,26.75,,1.2
"2025-05-02 23:41:26",2371,1780,76348,-33.040858,-70.963535,1.3,266.9,16.2,26.75,,1.2
"2025-05-02 23:41:27",2372,1781,76337,0,,0.75,266.9,16.2,26.75,,1.2
"2025-05-02 23:41:28",2373,1782,76326,0,,1,266.9,16.2,26.75,,1.2
"2025-05-02 23:41:29",2374,1783,76316,-33.040862,-70.963565,1,259,16.2,26.8,,1.2
"2025-05-02 23:41:30",2376,1785,76303,0,,1.85,262.3,16.2,26.85,,1.2
"2025-05-02 23:41:31",2377,1786,76290,0,,1.25,243.8,16.19,26.85,,1.2
"2025-05-02 23:41:32",2379,1788,76278,-33.040872,-70.96361,1.45,260.6,16.19,26.85,,1.2
"2025-05-02 23:41:33",2380,1789,76264,0,,2,276.1,16.19,26.9,,1.3
"2025-05-02 23:41:34",2382,1791,76251,0,,1.15,241.9,16.19,26.9,,1.3
"2025-05-02 23:41:35",2383,1792,76238,-33.04088,-70.963658,1.55,257.5,16.17,26.95,19.5,1.3
"2025-05-02 23:41:36",2385,1794,76223,0,,1.35,242.8,16.17,26.95,,1.4
"2025-05-02 23:41:37",2386,1795,76208,0,,1.15,272,16.15,27,,1.4
"2025-05-02 23:41:38",2388,1797,76194,-33.040887,-70.9637,1.75,276.9,16.14,27,,1.4
"2025-05-02 23:41:39",2389,1798,76182,0,,1.75,276.9,16.12,27,,1.4
"2025-05-02 23:41:40",2391,1800,76170,0,,0.05,276.9,16.12,27,,1.5
"2025-05-02 23:41:41",2392,1801,76158,-33.040895,-70.963735,0.15,276.9,16.1,27,,1.5
"2025-05-02 23:41:42",2393,1802,76148,0,,0.1,276.9,16.1,27,,1.4
"2025-05-02 23:41:43",2394,1803,76139,0,,1.8,262.3,16.08,27,,1.4
"2025-05-02 23:41:44",2395,1804,76130,-33.040903,-70.963782,1.05,271,16.08,27.05,,1.4
"2025-05-02 23:41:45",2397,1806,76118,0,,1.1,245,16.06,27.05,,1.4
"2025-05-02 23:41:46",2398,1807,76106,0,,1.85,242.8,16.05,27.05,,1.4
"2025-05-02 23:41:47",2399,1808,76094,-33.040927,-70.963823,0.05,242.8,16.05,27.05,,1.4
"2025-05-02 23:41:48",2400,1809,76084,0,,0.1,242.8,16.04,27.05,,1.3
"2025-05-02 23:41:49",2401,1810,76074,0,,0.15,242.8,16.04,27,,1.3
"2025-05-02 23:41:50",2403,1812,76064,-33.040947,-70.963862,0.05,242.8,16.03,27,,1.2
"2025-05-02 23:41:52",2405,1814,76045,0,,0.05,242.8,16.03,27,,1.2
"2025-05-02 23:41:53",2406,1815,76036,-33.040957,-70.9639,0.15,242.8,16.02,27,,1.1
"2025-05-02 23:41:56",2410,1819,76000,-33.040962,-70.963933,0.15,242.8,16,27,,1.2
"2025-05-02 23:41:57",2411,1820,75988,0,,0.1,242.8,16,26.95,,1.2
"2025-05-02 23:41:58",2412,1821,75977,0,,0.15,242.8,15.99,27,,1.2
"2025-05-02 23:41:59",2414,1823,75966,-33.040973,-70.963972,0.15,242.8,15.99,26.95,,1.2
"2025-05-02 23:42:00",2415,1824,75952,0,,0.1,242.8,15.99,27,,1.2
"2025-05-02 23:42:01",2417,1826,75939,0,,0.15,242.8,15.98,26.95,,1.3
"2025-05-02 23:42:02",2418,1827,75926,-33.040973,-70.96401,0.1,242.8,15.97,26.95,19.5,1.3
"2025-05-02 23:42:03",2419,1828,75914,0,,0.1,242.8,15.97,27,,1.3
"2025-05-02 23:42:04",2421,1830,75903,0,,1.8,261.3,15.96,26.95,,1.3
"2025-05-02 23:42:05",2422,1831,75892,-33.040983,-70.964053,0.05,261.3,15.95,26.95,,1.3
"2025-05-02 23:42:06",2423,1832,75880,0,,0.1,261.3,15.94,26.95,,1.3
"2025-05-02 23:42:07",2425,1834,75868,0,,0.1,261.3,15.92,26.95,,1.3
"2025-05-02 23:42:08",2426,1835,75856,-33.040987,-70.964085,0.05,261.3,15.91,26.9,,1.3
"2025-05-02 23:42:09",2427,1836,75843,0,,0.1,261.3,15.9,26.9,,1.4
"2025-05-02 23:42:10",2429,1838,75831,0,,0.1,261.3,15.88,26.9,,1.4
"2025-05-02 23:42:11",2430,1839,75820,-33.040998,-70.964113,0.05,261.3,15.85,26.9,,1.4
"2025-05-02 23:42:12",2431,1840,75811,0,,0.05,261.3,15.84,26.95,,1.3
"2025-05-02 23:42:13",2432,1841,75802,0,,0,261.3,15.82,26.95,,1.3
"2025-05-02 23:42:14",2433,1842,75794,-33.041007,-70.964135,0.1,261.3,15.81,27,,1.2
"2025-05-02 23:42:18",2437,1846,75753,0,,0.05,261.3,15.76,27,,1.2
"2025-05-02 23:42:19",2439,1848,75743,0,,0.05,261.3,15.74,27.05,,1.2
"2025-05-02 23:42:20",2440,1849,75734,-33.041037,-70.964197,0.15,261.3,15.72,27.05,,1.1
"2025-05-02 23:42:22",2442,1851,75711,0,,0.1,261.3,15.65,27.1,,1.1
"2025-05-02 23:42:23",2443,1852,75700,-33.041045,-70.96422,0.05,261.3,15.65,27.15,,1.1
"2025-05-02 23:42:26",2447,1856,75672,-33.041058,-70.964253,0.1,261.3,15.65,27.15,,1.1
"2025-05-02 23:42:28",2449,1858,75649,0,,0.1,261.3,15.64,27.2,,1.2
"2025-05-02 23:42:29",2450,1859,75638,-33.04107,-70.964287,0.15,261.3,15.62,27.2,19.5,1.2
"2025-05-02 23:42:31",2453,1862,75616,0,,0.05,261.3,15.59,27.3,,1.2
"2025-05-02 23:42:32",2454,1863,75606,-33.041083,-70.964313,0.1,261.3,15.58,27.35,,1.2
"2025-05-02 23:42:34",2456,1865,75585,0,,0.1,261.3,15.55,27.5,,1.2
"2025-05-02 23:42:35",2457,1866,75576,-33.041108,-70.964337,0.1,261.3,15.55,27.5,,1.2
"2025-05-02 23:42:37",2460,1869,75549,0,,0.15,261.3,15.53,27.6,,1.2
"2025-05-02 23:42:38",2462,1871,75536,-33.041128,-70.964363,1.3,199.7,15.53,27.6,,1.2
"2025-05-02 23:42:40",2464,1873,75518,0,,1.5,195.1,15.51,27.7,,1.2
"2025-05-02 23:42:41",2465,1874,75510,-33.041152,-70.96438,0.05,195.1,15.49,27.75,,1.2
"2025-05-02 23:42:42",2466,1875,75498,0,,0.15,195.1,15.48,27.75,,1.2
"2025-05-02 23:42:43",2467,1876,75486,0,,0.1,195.1,15.48,27.8,,1.2
"2025-05-02 23:42:44",2469,1878,75474,-33.041175,-70.964408,0.05,195.1,15.46,27.8,,1.2
"2025-05-02 23:42:46",2471,1880,75455,0,,0.1,195.1,15.41,27.8,,1.2
"2025-05-02 23:42:47",2472,1881,75446,-33.041205,-70.964432,0.15,195.1,15.4,27.85,,1.2
"2025-05-02 23:42:48",2473,1882,75434,0,,0.15,195.1,15.39,27.85,,1.2
"2025-05-02 23:42:49",2474,1883,75423,0,,0.1,195.1,15.37,27.85,,1.2
"2025-05-02 23:42:50",2476,1885,75412,-33.04123,-70.964455,0.15,195.1,15.36,27.9,,1.2
"2025-05-02 23:42:51",2477,1886,75401,0,,0.1,195.1,15.35,27.9,,1.2
"2025-05-02 23:42:52",2478,1887,75390,0,,0.15,195.1,15.34,27.9,,1.2
"2025-05-02 23:42:53",2479,1888,75380,-33.041247,-70.964468,0.1,195.1,15.33,27.9,,1.2
"2025-05-02 23:42:55",2481,1890,75361,0,,1.55,209.8,15.33,27.95,,1.2
"2025-05-02 23:42:56",2483,1892,75352,-33.041275,-70.964487,1.45,191.3,15.31,28,19.25,1.2
"2025-05-02 23:42:57",2483,1892,75343,0,,1.45,226.1,15.3,28,,1.1
"2025-05-02 23:42:58",2484,1893,75334,0,,1.75,223.8,15.3,28.05,,1.1
"2025-05-02 23:42:59",2485,1894,75326,-33.041312,-70.96452,1.25,206.3,15.29,28.05,,1.1
"2025-05-02 23:43:00",2486,1895,75317,0,,1.35,190,15.26,28.05,,1.1
"2025-05-02 23:43:01",2487,1896,75309,0,,1,202.9,15.26,28.05,,1.1
"2025-05-02 23:43:02",2488,1897,75302,-33.041342,-70.964528,1.05,188.5,15.25,28.1,,1
"2025-05-02 23:43:03",2489,1898,75290,0,,1.15,199.4,15.24,28.1,,1
"2025-05-02 23:43:04",2491,1900,75279,0,,1.2,211.7,15.23,28.1,,1
"2025-05-02 23:43:05",2492,1901,75268,-33.041378,-70.964548,2,213,15.21,28.1,,1.1
"2025-05-02 23:43:09",2497,1906,75225,0,,0.1,213,15.18,28.1,,1.1
"2025-05-02 23:43:10",2498,1907,75214,0,,0.15,213,15.16,28.1,,1.1
"2025-05-02 23:43:11",2499,1908,75204,-33.041447,-70.96459,0.1,213,15.15,28.15,,1.1
"2025-05-02 23:43:12",2501,1910,75192,0,,0.15,213,15.14,28.15,,1.2
"2025-05-02 23:43:13",2502,1911,75181,0,,1.95,197,15.13,28.15,,1.2
"2025-05-02 23:43:14",2503,1912,75170,-33.041475,-70.96461,0.1,197,15.11,28.2,,1.2
"2025-05-02 23:43:15",2504,1913,75159,0,,0.1,197,15.1,28.2,,1.2
"2025-05-02 23:43:16",2505,1914,75149,0,,0.1,197,15.09,28.25,,1.2
"2025-05-02 23:43:17",2506,1915,75140,-33.0415,-70.964633,0.05,197,15.07,28.25,,1.2
"2025-05-02 23:43:26",2517,1926,75048,-33.04161,-70.964683,1.9,199.5,14.96,28.4,,1.1
"2025-05-02 23:43:27",2518,1927,75037,0,,0.05,199.5,14.95,28.4,,1.2
"2025-05-02 23:43:28",2519,1928,75026,0,,0.1,199.5,14.93,28.45,,1.2
"2025-05-02 23:43:29",2520,1929,75016,-33.041638,-70.964697,0.1,199.5,14.93,28.45,,1.2
"2025-05-02 23:43:30",2521,1930,75008,0,,0.1,199.5,14.93,28.45,,1.1
"2025-05-02 23:43:31",2522,1931,75001,0,,1.85,202.7,14.91,28.5,,1.1
"2025-05-02 23:43:32",2523,1932,74994,-33.041668,-70.964715,1.2,193.2,14.9,28.5,,1.1
"2025-05-02 23:43:33",2524,1933,74986,0,,2,185.6,14.89,28.5,,1.1
"2025-05-02 23:43:34",2525,1934,74979,0,,1.8,205.7,14.88,28.55,,1.1
"2025-05-02 23:43:35",2525,1934,74972,-33.041713,-70.964735,1.55,225.1,14.87,28.55,,1.1
"2025-05-02 23:43:36",2526,1935,74963,0,,2.1,196.4,14.86,28.55,,1.1
"2025-05-02 23:43:37",2527,1936,74954,0,,1.45,199.7,14.85,28.5,,1
"2025-05-02 23:43:38",2528,1937,74946,-33.041757,-70.964757,1.65,189.8,14.84,28.5,,1
"2025-05-02 23:43:39",2529,1938,74936,0,,2.05,194.5,14.84,28.5,,1
"2025-05-02 23:43:40",2531,1940,74927,0,,1.35,223.7,14.83,28.45,,1
"2025-05-02 23:43:41",2532,1941,74918,-33.041797,-70.964777,1.75,197.2,14.81,28.45,,0.9
"2025-05-02 23:43:42",2532,1941,74910,0,,1.75,200.5,14.81,28.5,,0.9
"2025-05-02 23:43:43",2533,1942,74902,0,,1.5,193.9,14.81,28.45,,0.9
"2025-05-02 23:43:44",2534,1943,74894,-33.04184,-70.964787,2.05,190.9,14.8,28.45,,0.9
"2025-05-02 23:43:45",2535,1944,74885,0,,1.7,221.7,14.8,28.4,,0.9
"2025-05-02 23:43:46",2536,1945,74877,0,,1.7,221.7,14.78,28.35,,0.9
"2025-05-02 23:43:47",2537,1946,74870,-33.041885,-70.964808,1.6,194.6,14.78,28.3,,1
"2025-05-02 23:43:49",2539,1948,74852,0,,2.25,192.4,14.78,28.1,,1
"2025-05-02 23:43:50",2540,1949,74844,-33.041932,-70.964822,1.6,205.7,14.78,28,18.75,1
"2025-05-02 23:43:51",2541,1950,74836,0,,1.45,201.9,14.77,27.9,,1
"2025-05-02 23:43:52",2542,1951,74829,0,,1.95,206.6,14.77,27.85,,0.9
"2025-05-02 23:43:53",2542,1951,74822,-33.041972,-70.964838,1.05,180.5,14.77,27.75,,0.9
"2025-05-02 23:43:55",2544,1953,74807,0,,1.65,215.5,14.76,27.6,,0.9
"2025-05-02 23:43:56",2545,1954,74800,-33.042018,-70.964857,1.4,196.2,14.76,27.55,,0.9
"2025-05-02 23:43:57",2546,1955,74791,0,,2.75,199.3,14.76,27.5,,0.9
"2025-05-02 23:43:58",2547,1956,74782,0,,1.45,193.4,14.76,27.45,,0.9
"2025-05-02 23:43:59",2548,1957,74774,-33.042068,-70.96487,2.2,191.1,14.76,27.45,,0.9
"2025-05-02 23:44:00",2549,1958,74764,0,,2.6,190.7,14.75,27.45,,0.9
"2025-05-02 23:44:01",2550,1959,74755,0,,1.5,189.2,14.75,27.3,,0.9
"2025-05-02 23:44:02",2551,1960,74746,-33.042123,-70.964882,2.1,206.8,14.75,27.15,,0.9
"2025-05-02 23:44:03",2552,1961,74739,0,,1.3,199.5,14.76,27.05,,0.9
"2025-05-02 23:44:04",2552,1961,74733,0,,1.8,193.5,14.76,26.95,,0.9
"2025-05-02 23:44:05",2553,1962,74728,-33.04217,-70.9649,2.55,191.3,14.76,26.85,,0.9
"2025-05-02 23:44:06",2554,1963,74720,0,,1.45,186.9,14.76,26.75,,0.9
"2025-05-02 23:44:07",2555,1964,74712,0,,2.2,199.8,14.76,26.65,,0.9
"2025-05-02 23:44:08",2556,1965,74704,-33.042222,-70.964913,2.2,194.2,14.76,26.55,,0.9
"2025-05-02 23:44:09",2557,1966,74696,0,,1.35,206.7,14.76,26.4,,0.9
"2025-05-02 23:44:10",2558,1967,74689,0,,2.55,197,14.76,26.35,,0.9
"2025-05-02 23:44:11",2558,1967,74682,-33.042272,-70.96493,1.65,183.9,14.76,26.3,,0.9
"2025-05-02 23:44:12",2559,1968,74675,0,,1.65,207.7,14.76,26.2,,0.8
"2025-05-02 23:44:13",2560,1969,74668,0,,2.5,194.9,14.76,26.2,,0.8
"2025-05-02 23:44:14",2561,1970,74662,-33.042322,-70.96495,1.6,196.8,14.76,26.15,,0.8
"2025-05-02 23:44:15",2561,1970,74655,0,,2.7,208.8,14.76,26.15,,0.8
"2025-05-02 23:44:16",2562,1971,74648,0,,2.15,186.2,14.76,26.2,,0.8
"2025-05-02 23:44:17",2563,1972,74642,-33.042378,-70.964978,2.15,212.6,14.76,26.25,18.5,0.8
"2025-05-02 23:44:18",2564,1973,74636,0,,2.85,208.2,14.76,26.25,,0.8
"2025-05-02 23:44:19",2564,1973,74631,0,,1.75,194.6,14.76,26.25,,0.8
"2025-05-02 23:44:20",2565,1974,74626,-33.042438,-70.965007,2.95,196,14.77,26.25,,0.7
"2025-05-02 23:44:21",2566,1975,74618,0,,2.4,192.1,14.77,26.25,,0.7
"2025-05-02 23:44:22",2566,1975,74611,0,,1.95,212.2,14.78,26.25,,0.7
"2025-05-02 23:44:23",2567,1976,74604,-33.042502,-70.965035,2.8,201.8,14.77,26.2,,0.7
"2025-05-02 23:44:25",2569,1978,74592,0,,2.35,215.9,14.78,26.2,,0.7
"2025-05-02 23:44:26",2569,1978,74586,-33.042558,-70.965068,2.35,205.9,14.77,26.2,,0.7
"2025-05-02 23:44:27",2570,1979,74579,0,,2.05,208.7,14.77,26.2,,0.7
"2025-05-02 23:44:28",2571,1980,74573,0,,2.7,191.7,14.78,26.25,,0.7
"2025-05-02 23:44:29",2571,1980,74568,-33.042618,-70.965095,2.15,199.9,14.78,26.25,,0.7
"2025-05-02 23:44:39",2581,1990,74484,0,,2.65,211.9,14.8,26.6,,0.9
"2025-05-02 23:44:40",2582,1991,74476,0,,2.45,217.4,14.81,26.8,,0.9
"2025-05-02 23:44:41",2583,1992,74468,-33.042853,-70.965248,2.8,207.1,14.81,27,,0.9
"2025-05-02 23:44:45",2587,1996,74434,0,,2.35,218.6,14.84,27.55,,1
"2025-05-02 23:44:46",2587,1996,74426,0,,3.4,216.8,14.84,27.65,,0.9
"2025-05-02 23:44:47",2588,1997,74418,-33.042983,-70.96534,3.1,202.5,14.84,27.75,,0.9
"2025-05-02 23:44:48",2589,1998,74411,0,,3.55,215.3,14.83,27.85,,0.9
"2025-05-02 23:44:49",2590,1999,74404,0,,3.4,205.9,14.81,27.9,,0.9
"2025-05-02 23:44:50",2591,2000,74398,-33.043065,-70.965395,3.15,210.9,14.8,27.95,,0.9
"2025-05-02 23:45:01",2599,2008,74328,0,,4.1,214.5,14.74,29,,0.7
"2025-05-02 23:45:02",2599,2008,74322,-33.043383,-70.965605,3.3,209.2,14.74,29.15,,0.7
"2025-05-02 23:45:10",2605,2014,74270,0,,3.25,222.7,14.7,29.25,,0.7
"2025-05-02 23:45:11",2606,2015,74264,-33.043617,-70.965773,3.75,218.4,14.7,29.25,18.25,0.7
"2025-05-02 23:45:12",2607,2016,74254,0,,3.65,210.9,14.69,29.2,,0.7
"2025-05-02 23:45:13",2608,2017,74245,0,,3.7,201.5,14.69,29.25,,0.8
"2025-05-02 23:45:14",2609,2018,74236,-33.043698,-70.965828,3.45,216,14.67,29.35,,0.8
"2025-05-02 23:45:15",2610,2019,74227,0,,4,204.8,14.66,29.75,,0.8
"2025-05-02 23:45:16",2611,2020,74218,0,,3.85,210.5,14.66,30.25,,0.8
"2025-05-02 23:45:17",2612,2021,74210,-33.043783,-70.965887,3.3,219.3,14.66,30.7,,0.9
"2025-05-02 23:45:18",2613,2022,74203,0,,3.75,206.5,14.65,31.1,,0.8
"2025-05-02 23:45:19",2614,2023,74196,0,,3.3,224.7,14.65,31.5,,0.8
"2025-05-02 23:45:20",2614,2023,74190,-33.043858,-70.96595,3.4,214.6,14.64,31.95,,0.8
"2025-05-02 23:45:21",2615,2024,74181,0,,3.95,206.8,14.63,32.35,,0.8
"2025-05-02 23:45:22",2616,2025,74172,0,,3.65,215.5,14.62,32.75,,0.9
"2025-05-02 23:45:23",2617,2026,74164,-33.043945,-70.96601,4,210.2,14.61,33,,0.9
"2025-05-02 23:45:24",2618,2027,74155,0,,3.9,221.1,14.61,33.2,,0.9
"2025-05-02 23:45:25",2619,2028,74147,0,,3.3,207.9,14.61,33.4,,0.9
"2025-05-02 23:45:26",2620,2029,74140,-33.044032,-70.966075,4.15,207.2,14.6,33.55,,0.9
"2025-05-02 23:45:28",2622,2031,74124,0,,3.4,207,14.58,33.75,,0.9
"2025-05-02 23:45:29",2623,2032,74116,-33.044115,-70.966135,3.6,213.7,14.57,33.65,,0.9
"2025-05-02 23:45:30",2624,2033,74107,0,,2.95,201.6,14.57,33.3,,0.9
"2025-05-02 23:45:31",2625,2034,74099,0,,4,210.7,14.57,32.95,,0.9
"2025-05-02 23:45:32",2626,2035,74092,-33.044197,-70.966188,3.4,220.1,14.57,32.65,,0.9
"2025-05-02 23:45:37",2629,2038,74060,0,,2.6,220,14.6,29.35,,0.8
"2025-05-02 23:45:38",2630,2039,74054,-33.04435,-70.966287,2.6,202.8,14.61,28.8,18,0.8
"2025-05-02 23:45:39",2631,2040,74047,0,,4,217.6,14.61,28.2,,0.8
"2025-05-02 23:45:40",2631,2040,74041,0,,2.85,213.9,14.61,27.5,,0.8
"2025-05-02 23:45:41",2632,2041,74036,-33.044428,-70.966343,3.7,197.9,14.62,26.95,,0.8
"2025-05-02 23:45:42",2633,2042,74030,0,,3.75,212.6,14.63,26.55,,0.8
"2025-05-02 23:45:43",2634,2043,74024,0,,3.3,199.5,14.64,26.25,,0.7
"2025-05-02 23:45:44",2634,2043,74018,-33.044517,-70.966395,3.55,212.8,14.64,26.1,,0.7
"2025-05-02 23:45:45",2635,2044,74011,0,,3,210,14.65,26,,0.7
"2025-05-02 23:45:46",2636,2045,74004,0,,3.8,200.3,14.65,25.85,,0.7
"2025-05-02 23:45:47",2637,2046,73998,-33.044598,-70.966445,3.55,213.4,14.66,25.9,,0.7
"2025-05-02 23:45:48",2637,2046,73991,0,,3.9,196.3,14.67,25.9,,0.7
"2025-05-02 23:45:49",2638,2047,73984,0,,3.75,205.7,14.67,25.95,,0.7
"2025-05-02 23:45:50",2639,2048,73978,-33.044685,-70.966493,2.8,214,14.67,26.05,,0.7
"2025-05-02 23:45:51",2640,2049,73969,0,,3.45,200.9,14.65,26.35,,0.7
"2025-05-02 23:45:52",2641,2050,73961,0,,3.25,218.6,14.65,26.75,,0.8
"2025-05-02 23:45:53",2642,2051,73954,-33.044762,-70.966543,3.15,203.5,14.64,26.95,,0.8
"2025-05-02 23:45:56",2644,2053,73930,-33.044842,-70.966598,3.5,199.6,14.62,26.55,,0.8
"2025-05-02 23:45:57",2645,2054,73922,0,,2.95,210.3,14.61,26.35,,0.8
"2025-05-02 23:45:58",2646,2055,73915,0,,2.95,202.4,14.61,26.25,,0.8
"2025-05-02 23:45:59",2647,2056,73908,-33.044918,-70.96664,3.2,201.5,14.61,26.05,,0.9
"2025-05-02 23:46:00",2648,2057,73899,0,,,,14.61,25.5,,0.9
"2025-05-02 23:46:01",2649,2058,73890,0,,,,14.61,24.9,,0.9
"2025-05-02 23:46:02",2650,2059,73882,0,,,,14.62,24.25,,0.9
"2025-05-02 23:46:03",2651,2060,73874,0,,3.4,207.1,14.62,23.7,,0.9
"2025-05-02 23:46:04",2652,2061,73867,0,,3.7,204.2,14.63,23.3,,0.9
"2025-05-02 23:46:05",2652,2061,73860,-33.045068,-70.966727,2.85,209.6,14.63,22.85,17.75,0.9
"2025-05-02 23:46:06",2653,2062,73853,0,,3.8,196.3,14.63,22.55,,0.9
"2025-05-02 23:46:07",2654,2063,73846,0,,3.3,205.8,14.63,22.3,,0.9
"2025-05-02 23:46:08",2655,2064,73840,-33.04515,-70.966765,2.65,211.3,14.63,22,,0.9
"2025-05-02 23:46:09",2655,2064,73834,0,,3.1,208.1,14.64,21.65,,0.8
"2025-05-02 23:46:10",2656,2065,73828,0,,2.5,214.2,14.65,21.4,,0.8
"2025-05-02 23:46:11",2657,2066,73822,-33.045218,-70.966808,3.5,207.4,14.65,21.15,,0.8
"2025-05-02 23:46:18",2662,2071,73776,0,,3.05,201.1,14.61,19.95,,0.7
"2025-05-02 23:46:19",2663,2072,73770,0,,3.05,207.3,14.61,19.75,,0.7
"2025-05-02 23:46:20",2663,2072,73764,-33.045443,-70.966922,1.95,198.7,14.61,19.6,,0.7
"2025-05-02 23:46:21",2664,2073,73755,0,,2.9,206.4,14.61,19.45,,0.7
"2025-05-02 23:46:22",2665,2074,73747,0,,2.9,193.3,14.61,19.3,,0.8
"2025-05-02 23:46:23",2666,2075,73740,-33.045513,-70.96695,2.9,198.9,14.6,19.2,,0.8
"2025-05-02 23:46:24",2667,2076,73733,0,,3.25,210.9,14.6,19.15,,0.8
"2025-05-02 23:46:25",2667,2076,73727,0,,2.2,191.8,14.59,19,,0.8
"2025-05-02 23:46:26",2668,2077,73722,-33.04558,-70.966985,2.75,210.9,14.59,18.9,,0.8
"2025-05-02 23:46:30",2672,2081,73687,0,,2.65,192.2,14.59,18.75,,0.9
"2025-05-02 23:46:31",2673,2082,73678,0,,2.45,203,14.59,18.7,,0.9
"2025-05-02 23:46:32",2674,2083,73670,-33.045713,-70.96706,2.9,192.5,14.59,18.7,17.5,0.9
"2025-05-02 23:46:36",2678,2087,73638,0,,2.6,216.2,14.57,18.4,,0.9
"2025-05-02 23:46:37",2679,2088,73630,0,,3.3,204.8,14.56,18.25,,0.9
"2025-05-02 23:46:38",2680,2089,73622,-33.045852,-70.967133,2.6,194.9,14.55,18.1,,1
"2025-05-02 23:46:39",2680,2089,73615,0,,2.9,196.7,14.54,17.95,,0.9
"2025-05-02 23:46:40",2681,2090,73608,0,,3.4,192,14.52,17.9,,0.9
"2025-05-02 23:46:41",2682,2091,73602,-33.04593,-70.967155,2.65,200.3,14.52,17.8,,0.9
"2025-05-02 23:46:42",2683,2092,73594,0,,3.3,203.6,14.52,17.7,,0.9
"2025-05-02 23:46:43",2684,2093,73586,0,,3.05,206.4,14.52,17.65,,0.9
"2025-05-02 23:46:44",2685,2094,73578,-33.046002,-70.967192,2.4,208.1,14.52,17.6,,0.9
"2025-05-02 23:46:45",2686,2095,73568,0,,3.15,194.3,14.52,17.55,,0.9
"2025-05-02 23:46:46",2687,2096,73559,0,,2.65,196.3,14.52,17.55,,0.9
"2025-05-02 23:46:47",2688,2097,73550,-33.046072,-70.967218,2.9,207.2,14.51,17.45,,0.9
"2025-05-02 23:46:48",2689,2098,73543,0,,3.4,187.9,14.51,17.4,,0.9
"2025-05-02 23:46:49",2689,2098,73536,0,,2.65,200.1,14.5,17.25,,0.9
"2025-05-02 23:46:50",2690,2099,73530,-33.04615,-70.967242,3,199.8,14.5,17.15,,0.9
"2025-05-02 23:46:51",2691,2100,73520,0,,2.6,181.4,14.49,17.05,,0.9
"2025-05-02 23:46:52",2692,2101,73511,0,,2.7,204.8,14.49,16.95,,0.9
"2025-05-02 23:46:53",2693,2102,73502,-33.046222,-70.967263,3.4,195.2,14.47,16.85,,1
"2025-05-02 23:46:56",2696,2105,73476,-33.046295,-70.96729,2.65,183.6,14.46,16.5,,1
"2025-05-02 23:46:58",2698,2107,73461,0,,3.25,194.6,14.45,16.1,,1
"2025-05-02 23:46:59",2699,2108,73454,-33.046368,-70.967312,3.1,191.8,14.44,15.95,17.5,0.9
"2025-05-02 23:47:00",2700,2109,73444,0,,2.85,210.4,14.45,15.8,,0.9
"2025-05-02 23:47:01",2701,2110,73435,0,,2.7,199.3,14.44,15.75,,1
"2025-05-02 23:47:02",2702,2111,73426,-33.046437,-70.967342,2.4,204.8,14.44,15.7,,1
"2025-05-02 23:47:03",2703,2112,73415,0,,2.8,192.4,14.43,15.55,,1
"2025-05-02 23:47:04",2704,2113,73405,0,,2.75,187,14.43,15.25,,1
"2025-05-02 23:47:05",2706,2115,73396,-33.046508,-70.967362,2.6,209.5,14.43,15.05,,1
"2025-05-02 23:47:06",2707,2116,73387,0,,2.65,190.7,14.42,14.85,,1
"2025-05-02 23:47:07",2707,2116,73379,0,,2.75,197.4,14.42,14.6,,1
"2025-05-02 23:47:08",2708,2117,73372,-33.046577,-70.96739,2.65,213,14.42,14.4,,1
"2025-05-02 23:47:15",2716,2125,73309,0,,3.05,204.5,14.34,13.5,,1
"2025-05-02 23:47:16",2717,2126,73300,0,,2.3,181.7,14.35,13.45,,1
"2025-05-02 23:47:17",2718,2127,73292,-33.04679,-70.967448,2.45,188,14.35,13.35,,1
"2025-05-02 23:47:18",2719,2128,73284,0,,2.85,192.7,14.35,13.3,,1
"2025-05-02 23:47:19",2719,2128,73276,0,,2.8,172.4,14.36,13.15,,1
"2025-05-02 23:47:20",2720,2129,73268,-33.046863,-70.967455,2.7,193.1,14.36,13,,1
"2025-05-02 23:47:22",2722,2131,73250,0,,2.55,175.2,14.36,12.7,,1
"2025-05-02 23:47:23",2723,2132,73242,-33.046932,-70.967457,2.65,198.8,14.36,12.45,,1
"2025-05-02 23:47:26",2726,2135,73216,-33.046998,-70.967463,2.2,178.9,14.37,11.7,17.25,1
"2025-05-02 23:47:28",2729,2138,73197,0,,2.65,199.4,14.37,11.25,,1
"2025-05-02 23:47:29",2730,2139,73188,-33.047063,-70.967473,2.45,184.4,14.37,11.05,,1
"2025-05-02 23:47:31",2732,2141,73167,0,,2.45,184.6,14.37,10.65,,1
"2025-05-02 23:47:32",2733,2142,73158,-33.047127,-70.967478,2.75,166.6,14.39,10.45,,1.1
"2025-05-02 23:47:34",2736,2145,73136,0,,2.7,177.5,14.39,10.05,,1.1
"2025-05-02 23:47:35",2737,2146,73126,-33.047193,-70.96748,2.05,167.5,14.39,9.9,,1.1
"2025-05-02 23:47:37",2739,2148,73111,0,,3.05,160.4,14.42,9.55,,1.1
"2025-05-02 23:47:38",2739,2148,73104,-33.047257,-70.967458,1.9,165.5,14.43,9.2,,1.1
"2025-05-02 23:47:40",2742,2151,73085,0,,2.45,179,14.44,8.5,,1.1
"2025-05-02 23:47:41",2743,2152,73076,-33.047315,-70.967445,1.6,176.3,14.44,8.15,,1.1
"2025-05-02 23:47:42",2744,2153,73068,0,,2.5,160.7,14.45,8,,1.1
"2025-05-02 23:47:43",2744,2153,73061,0,,1.9,161.4,14.46,7.75,,1
"2025-05-02 23:47:44",2745,2154,73054,-33.04737,-70.967425,2.4,158.7,14.47,7.55,,1
"2025-05-02 23:47:45",2746,2155,73044,0,,2.4,174.7,14.47,7.35,,1
"2025-05-02 23:47:46",2747,2156,73035,0,,1.65,172.5,14.47,7.2,,1
"2025-05-02 23:47:47",2748,2157,73026,-33.04743,-70.967413,2.85,164.9,14.48,7.05,,1
"2025-05-02 23:47:48",2750,2159,73016,0,,1.85,184.1,14.48,6.9,,1
"2025-05-02 23:47:49",2751,2160,73006,0,,2,156.4,14.48,6.75,,1
"2025-05-02 23:47:50",2752,2161,72996,-33.047488,-70.967403,2.85,170.4,14.49,6.65,,1
"2025-05-02 23:47:51",2753,2162,72985,0,,1.65,170.5,14.49,6.5,,1.1
"2025-05-02 23:47:52",2754,2163,72974,0,,2.95,159.8,14.5,6.35,,1.1
"2025-05-02 23:47:53",2756,2165,72964,-33.047553,-70.967387,2.8,180.9,14.51,6.3,17,1.1
"2025-05-02 23:47:55",2758,2167,72946,0,,3.2,168.8,14.5,6.1,,1.1
"2025-05-02 23:47:56",2759,2168,72938,-33.047622,-70.967365,2.2,169.5,14.49,6.05,,1.1
"2025-05-02 23:48:00",2763,2172,72903,0,,3.4,177,14.47,5.8,,1.1
"2025-05-02 23:48:01",2764,2173,72894,0,,2.1,176.1,14.46,5.8,,1.1
"2025-05-02 23:48:02",2765,2174,72886,-33.047762,-70.967325,3.5,163.5,14.45,5.75,,1.1
"2025-05-02 23:48:03",2766,2175,72877,0,,2.55,177.7,14.45,5.7,,1.1
"2025-05-02 23:48:04",2767,2176,72868,0,,2.45,176.9,14.44,5.65,,1
"2025-05-02 23:48:05",2768,2177,72860,-33.047835,-70.967313,3.3,173.7,14.44,5.6,,1
"2025-05-02 23:48:06",2769,2178,72851,0,,2.1,158.6,14.44,5.6,,1
"2025-05-02 23:48:07",2770,2179,72842,0,,3.25,158.4,14.44,5.6,,1
"2025-05-02 23:48:08",2771,2180,72834,-33.047903,-70.967287,2.7,175.1,14.43,5.55,,1
"2025-05-02 23:48:09",2772,2181,72823,0,,2.8,171.1,14.42,5.55,,1
"2025-05-02 23:48:10",2773,2182,72812,0,,3.15,158.5,14.41,5.55,,1
"2025-05-02 23:48:11",2774,2183,72802,-33.047973,-70.967262,2.15,156.2,14.41,5.55,,1
"2025-05-02 23:48:12",2776,2185,72791,0,,3.25,163.4,14.4,5.5,,1.1
"2025-05-02 23:48:13",2777,2186,72781,0,,2.55,171.8,14.39,5.55,,1.1
"2025-05-02 23:48:14",2778,2187,72772,-33.048042,-70.967237,2.35,168.1,14.39,5.5,,1.1
"2025-05-02 23:48:15",2779,2188,72763,0,,3.35,161.1,14.36,5.5,,1.1
"2025-05-02 23:48:16",2780,2189,72755,0,,2.45,151.2,14.35,5.5,,1.1
"2025-05-02 23:48:17",2781,2190,72748,-33.048115,-70.967202,3.2,164.2,14.34,5.45,,1.1
"2025-05-02 23:48:19",2783,2192,72725,0,,2.45,156.2,14.32,5.45,,1.1
"2025-05-02 23:48:20",2785,2194,72714,-33.048187,-70.967177,3.35,163.4,14.31,5.45,16.75,1.2
"2025-05-02 23:48:21",2786,2195,72705,0,,2.35,157.6,14.3,5.45,,1.2
"2025-05-02 23:48:22",2787,2196,72696,0,,3.35,158.7,14.3,5.45,,1.1
"2025-05-02 23:48:23",2788,2197,72688,-33.04826,-70.967145,2.75,168.9,14.29,5.45,,1.1
"2025-05-02 23:48:25",2790,2199,72670,0,,3.45,161.6,14.29,5.35,,1.1
"2025-05-02 23:48:26",2791,2200,72662,-33.048327,-70.967107,2.5,144.7,14.28,5.3,,1.1
"2025-05-02 23:48:27",2792,2201,72653,0,,3.05,151.1,14.27,5.25,,1.1
"2025-05-02 23:48:28",2793,2202,72644,0,,3.05,166.7,14.27,5.2,,1.1
"2025-05-02 23:48:29",2794,2203,72636,-33.048402,-70.967068,3.3,167,14.26,5.2,,1.1
"2025-05-02 23:48:30",2795,2204,72626,0,,3.3,161.2,14.25,5.2,,1.1
"2025-05-02 23:48:31",2796,2205,72617,0,,2.25,159.9,14.24,5.2,,1
"2025-05-02 23:48:32",2797,2206,72608,-33.048478,-70.967033,3.65,157.3,14.22,5.15,,1
"2025-05-02 23:48:33",2798,2207,72597,0,,3.55,163.6,14.21,5.1,,1
"2025-05-02 23:48:34",2799,2208,72586,0,,3.35,148.6,14.21,5.05,,1.1
"2025-05-02 23:48:35",2801,2210,72576,-33.048565,-70.966983,3.5,156.3,14.21,5,,1.1
"2025-05-02 23:48:36",2802,2211,72565,0,,2.55,155.1,14.22,4.85,,1.1
"2025-05-02 23:48:37",2803,2212,72554,0,,3.65,148.8,14.22,4.75,,1.1
"2025-05-02 23:48:38",2804,2213,72544,-33.048643,-70.966937,3.2,163.3,14.22,4.65,,1.1
"2025-05-02 23:48:42",2809,2218,72503,0,,3.7,140.8,14.22,4.3,,1.2
"2025-05-02 23:48:43",2810,2219,72493,0,,3.7,140.8,14.22,4.25,,1.2
"2025-05-02 23:48:44",2811,2220,72484,-33.0488,-70.966837,2.95,140.7,14.22,4.2,,1.2
"2025-05-02 23:48:45",2813,2222,72473,0,,3.45,151.5,14.22,4.15,,1.2
"2025-05-02 23:48:46",2814,2223,72463,0,,3.35,164.8,14.21,4.15,,1.2
"2025-05-02 23:48:47",2815,2224,72454,-33.04888,-70.966785,3.75,142.7,14.22,4.1,16.5,1.2
"2025-05-02 23:48:48",2816,2225,72444,0,,3.55,154.8,14.21,4.1,,1.2
"2025-05-02 23:48:49",2817,2226,72434,0,,2.9,147,14.2,4.05,,1.2
"2025-05-02 23:48:50",2818,2227,72424,-33.048957,-70.966728,3.55,144.5,14.2,4.05,,1.2
"2025-05-02 23:48:51",2820,2229,72413,0,,3.4,164.3,14.2,4,,1.2
"2025-05-02 23:48:52",2821,2230,72402,0,,3.55,137.3,14.19,3.95,,1.2
"2025-05-02 23:48:53",2822,2231,72392,-33.049035,-70.966672,3.7,147.3,14.18,3.95,,1.2
"2025-05-02 23:48:55",2825,2234,72371,0,,3.95,135.7,14.16,3.9,,1.2
"2025-05-02 23:48:56",2826,2235,72362,-33.049115,-70.96661,3.45,148.6,14.15,3.9,,1.2
"2025-05-02 23:48:57",2827,2236,72350,0,,3.35,153,14.13,3.9,,1.2
"2025-05-02 23:48:58",2828,2237,72339,0,,3.45,154.1,14.13,3.9,,1.2
"2025-05-02 23:48:59",2830,2239,72328,-33.049198,-70.96656,3.2,149.4,14.11,3.85,,1.2
"2025-05-02 23:49:00",2831,2240,72317,0,,3.75,139.4,14.11,3.85,,1.2
"2025-05-02 23:49:01",2832,2241,72307,0,,3.25,151.2,14.09,3.85,,1.2
"2025-05-02 23:49:02",2833,2242,72298,-33.049275,-70.966502,3.25,153.7,14.09,3.85,,1.2
"2025-05-02 23:49:03",2834,2243,72288,0,,3.5,150.3,14.06,3.85,,1.2
"2025-05-02 23:49:04",2836,2245,72277,0,,3.25,158.6,14.05,3.85,,1.2
"2025-05-02 23:49:05",2837,2246,72266,-33.049357,-70.966448,3.6,144,14.05,3.85,,1.2
"2025-05-02 23:49:06",2838,2247,72254,0,,3.05,143.5,14.05,3.85,,1.2
"2025-05-02 23:49:07",2840,2249,72243,0,,3.05,151.7,14.04,3.85,,1.2
"2025-05-02 23:49:08",2841,2250,72232,-33.04943,-70.96639,3.7,148,14.02,3.85,,1.3
"2025-05-02 23:49:09",2842,2251,72220,0,,2.9,157.7,14.01,3.9,,1.3
"2025-05-02 23:49:10",2843,2252,72209,0,,3.4,149,14,3.9,,1.3
"2025-05-02 23:49:11",2845,2254,72198,-33.049507,-70.966337,3.65,143.3,14,3.85,,1.3
"2025-05-02 23:49:12",2846,2255,72187,0,,3,155.6,13.99,3.85,,1.3
"2025-05-02 23:49:13",2847,2256,72176,0,,3.9,145.1,13.98,3.85,,1.3
"2025-05-02 23:49:14",2849,2258,72166,-33.049587,-70.966275,3.6,147.6,13.97,3.85,16.5,1.3
"2025-05-02 23:49:15",2850,2259,72153,0,,3.2,150.6,13.95,3.85,,1.3
"2025-05-02 23:49:16",2852,2261,72140,0,,3.5,135.5,13.95,3.85,,1.3
"2025-05-02 23:49:17",2853,2262,72128,-33.04966,-70.966213,2.8,149.9,13.95,3.8,,1.3
"2025-05-02 23:49:18",2854,2263,72117,0,,3.5,148.5,13.93,3.8,,1.3
"2025-05-02 23:49:19",2856,2265,72106,0,,3.7,142.9,13.92,3.8,,1.3
"2025-05-02 23:49:20",2857,2266,72096,-33.049738,-70.966157,3.35,156.3,13.91,3.75,,1.3
"2025-05-02 23:49:21",2858,2267,72085,0,,3.55,140.2,13.89,3.75,,1.3
"2025-05-02 23:49:22",2859,2268,72074,0,,2.8,149.5,13.89,3.75,,1.3
"2025-05-02 23:49:23",2861,2270,72064,-33.049812,-70.966102,3.1,151.8,13.87,3.7,,1.3
"2025-05-02 23:49:25",2863,2272,72038,0,,2.95,156.4,13.86,3.6,,1.3
"2025-05-02 23:49:26",2865,2274,72026,-33.049885,-70.966042,3.4,151.9,13.83,3.5,,1.4
"2025-05-02 23:49:27",2866,2275,72015,0,,2.75,147.9,13.83,3.5,,1.3
"2025-05-02 23:49:28",2867,2276,72005,0,,3,161.4,13.83,3.5,,1.3
"2025-05-02 23:49:29",2868,2277,71996,-33.049955,-70.965995,3.15,140.9,13.83,3.5,,1.3
"2025-05-02 23:49:31",2871,2280,71975,0,,3.7,146.4,13.83,3.45,,1.3
"2025-05-02 23:49:32",2872,2281,71966,-33.050025,-70.965942,2.75,148.3,13.82,3.45,,1.3
"2025-05-02 23:49:33",2873,2282,71953,0,,2.95,160.8,13.82,3.45,,1.3
"2025-05-02 23:49:34",2875,2284,71940,0,,2.95,142.5,13.82,3.45,,1.3
"2025-05-02 23:49:35",2876,2285,71928,-33.05009,-70.965902,2.4,153.7,13.82,3.4,,1.3
"2025-05-02 23:49:36",2878,2287,71917,0,,3.2,149.1,13.82,3.35,,1.3
"2025-05-02 23:49:37",2879,2288,71906,0,,2.75,139.1,13.82,3.35,,1.3
"2025-05-02 23:49:38",2880,2289,71896,-33.050153,-70.96585,2.75,151,13.82,3.35,,1.3
"2025-05-02 23:49:39",2881,2290,71885,0,,3.25,144,13.82,3.35,,1.3
"2025-05-02 23:49:40",2883,2292,71874,0,,2.8,163.4,13.82,3.35,,1.3
"2025-05-02 23:49:41",2884,2293,71864,-33.050227,-70.965803,3.25,153.1,13.82,3.3,16.25,1.3
"2025-05-02 23:49:42",2885,2294,71856,0,,2.55,139.5,13.82,3.3,,1.3
"2025-05-02 23:49:43",2886,2295,71849,0,,2.7,160.5,13.82,3.25,,1.2
"2025-05-02 23:49:44",2887,2296,71842,-33.050293,-70.965755,3.2,139.5,13.82,3.25,,1.2
"2025-05-02 23:49:45",2888,2297,71830,0,,2.9,151.9,13.81,3.2,,1.2
"2025-05-02 23:49:46",2889,2298,71819,0,,3.3,157,13.78,3.2,,1.2
"2025-05-02 23:49:47",2891,2300,71808,-33.050367,-70.965703,2.85,133.1,13.76,3.2,,1.2
"2025-05-02 23:49:48",2892,2301,71797,0,,2.85,161.6,13.75,3.2,,1.2
"2025-05-02 23:49:49",2893,2302,71786,0,,3.25,151.7,13.73,3.2,,1.2
"2025-05-02 23:49:50",2894,2303,71776,-33.050433,-70.965657,2.25,144.7,13.74,3.15,,1.2
"2025-05-02 23:49:52",2897,2306,71757,0,,3.2,140.6,13.73,3.15,,1.2
"2025-05-02 23:49:53",2898,2307,71748,-33.0505,-70.965605,2.75,150,13.72,3.15,,1.1
"2025-05-02 23:49:56",2901,2310,71716,-33.050578,-70.965558,3.4,163.1,13.7,3.15,,1.2
"2025-05-02 23:49:58",2904,2313,71693,0,,2.75,151.6,13.68,3.1,,1.2
"2025-05-02 23:49:59",2905,2314,71682,-33.05065,-70.96551,3.75,150.7,13.67,3.15,,1.2
"2025-05-02 23:50:01",2908,2317,71660,0,,3.35,161.5,13.66,3.15,,1.2
"2025-05-02 23:50:02",2909,2318,71650,-33.05073,-70.965468,3.35,143.6,13.65,3.2,,1.2
"2025-05-02 23:50:04",2911,2320,71631,0,,4,151.9,13.63,3.25,,1.2
"2025-05-02 23:50:05",2912,2321,71622,-33.050812,-70.96542,2.75,152,13.62,3.3,,1.2
"2025-05-02 23:50:07",2915,2324,71604,0,,3.25,145.4,13.6,3.35,,1.2
"2025-05-02 23:50:08",2916,2325,71596,-33.050883,-70.96538,2.7,160.2,13.6,3.4,16,1.2
"2025-05-02 23:50:10",2918,2327,71577,0,,2.7,145,13.58,3.4,,1.2
"2025-05-02 23:50:11",2919,2328,71568,-33.050953,-70.965333,2.9,157.7,13.56,3.45,,1.1
"2025-05-02 23:50:12",2920,2329,71557,0,,3.8,144.1,13.56,3.45,,1.1
"2025-05-02 23:50:13",2921,2330,71547,0,,3,156.3,13.55,3.45,,1.1
"2025-05-02 23:50:14",2922,2331,71538,-33.051032,-70.965285,3.85,155.8,13.54,3.5,,1.1
"2025-05-02 23:50:15",2923,2332,71529,0,,2.95,142.5,13.53,3.5,,1.1
"2025-05-02 23:50:16",2924,2333,71520,0,,3.25,169.6,13.52,3.5,,1.1
"2025-05-02 23:50:17",2925,2334,71512,-33.05111,-70.965248,3.5,149.2,13.52,3.5,,1.1
"2025-05-02 23:50:18",2927,2336,71501,0,,2.5,145.1,13.5,3.5,,1.1
"2025-05-02 23:50:19",2928,2337,71490,0,,3.75,160.9,13.5,3.5,,1.1
"2025-05-02 23:50:20",2929,2338,71480,-33.051185,-70.965205,3.15,149.6,13.5,3.55,,1.1
"2025-05-02 23:50:21",2930,2339,71470,0,,3.05,163.5,13.48,3.6,,1.1
"2025-05-02 23:50:22",2931,2340,71461,0,,3.4,160.5,13.47,3.6,,1.1
"2025-05-02 23:50:23",2932,2341,71452,-33.051265,-70.96516,2.6,152.3,13.46,3.65,,1.1
"2025-05-02 23:50:25",2934,2343,71436,0,,3.25,146,13.44,3.65,,1.1
"2025-05-02 23:50:26",2935,2344,71428,-33.051342,-70.96511,2.65,163.8,13.43,3.65,,1.1
"2025-05-02 23:50:27",2937,2346,71416,0,,3.65,154.4,13.42,3.7,,1.1
"2025-05-02 23:50:28",2938,2347,71405,0,,2.45,151,13.41,3.7,,1.1
"2025-05-02 23:50:29",2939,2348,71394,-33.051418,-70.965067,3.35,164.7,13.4,3.7,,1.2
"2025-05-02 23:50:30",2940,2349,71383,0,,3.15,147,13.4,3.7,,1.2
"2025-05-02 23:50:31",2942,2351,71373,0,,2.35,157.8,13.38,3.7,,1.1
"2025-05-02 23:50:32",2943,2352,71364,-33.05149,-70.965022,3.25,154.9,13.37,3.7,,1.1
"2025-05-02 23:50:33",2944,2353,71357,0,,2.6,142.1,13.37,3.7,,1.1
"2025-05-02 23:50:34",2944,2353,71350,0,,2.8,152.7,13.34,3.7,,1.1
"2025-05-02 23:50:35",2945,2354,71344,-33.051557,-70.964968,3.15,142.4,13.33,3.75,15.75,1.1
"2025-05-02 23:50:36",2947,2356,71330,0,,2.9,158.7,13.32,3.75,,1.1
"2025-05-02 23:50:37",2948,2357,71317,0,,3.5,158,13.31,3.75,,1.2
"2025-05-02 23:50:38",2950,2359,71304,-33.051633,-70.96492,2.7,152.4,13.3,3.8,,1.2
"2025-05-02 23:50:39",2951,2360,71294,0,,2.6,165.1,13.3,3.8,,1.2
"2025-05-02 23:50:40",2952,2361,71285,0,,2.85,143.6,13.28,3.8,,1.2
"2025-05-02 23:50:41",2953,2362,71276,-33.051698,-70.964875,2.8,150.7,13.28,3.8,,1.2
"2025-05-02 23:50:42",2954,2363,71266,0,,3.6,155.1,13.27,3.75,,1.2
"2025-05-02 23:50:43",2955,2364,71257,0,,3.1,145.5,13.26,3.75,,1.1
"2025-05-02 23:50:44",2957,2366,71248,-33.051773,-70.964825,3.1,157.6,13.25,3.8,,1.1
"2025-05-02 23:50:45",2958,2367,71237,0,,3.65,147.2,13.25,3.85,,1.2
"2025-05-02 23:50:46",2959,2368,71226,0,,3.1,146.6,13.24,3.8,,1.2
"2025-05-02 23:50:47",2960,2369,71216,-33.051852,-70.964772,3.6,159.6,13.24,3.8,,1.2
"2025-05-02 23:50:48",2961,2370,71207,0,,3.05,151.6,13.22,3.8,,1.2
"2025-05-02 23:50:49",2962,2371,71198,0,,2.65,159.7,13.22,3.75,,1.2
"2025-05-02 23:50:50",2963,2372,71190,-33.051925,-70.964732,3.25,146.4,13.22,3.75,,1.2
"2025-05-02 23:50:51",2965,2374,71179,0,,2.8,139.8,13.21,3.75,,1.1
"2025-05-02 23:50:52",2966,2375,71169,0,,3.45,147.1,13.19,3.75,,1.1
"2025-05-02 23:50:53",2967,2376,71160,-33.051995,-70.96467,3.3,147.9,13.18,3.7,,1.1
"2025-05-02 23:50:56",2970,2379,71132,-33.052068,-70.964623,2.45,147.6,13.18,3.65,,1.1
"2025-05-02 23:50:57",2971,2380,71123,0,,2.6,155.1,13.18,3.6,,1.1
"2025-05-02 23:50:58",2972,2381,71114,0,,3.45,143.7,13.17,3.6,,1.1
"2025-05-02 23:50:59",2973,2382,71106,-33.052137,-70.964572,2.85,146.4,13.17,3.65,,1.1
"2025-05-02 23:51:00",2974,2383,71096,0,,3.45,155,13.16,3.6,,1.1
"2025-05-02 23:51:01",2976,2385,71087,0,,2.95,146.4,13.15,3.65,,1.1
"2025-05-02 23:51:02",2977,2386,71078,-33.05221,-70.964525,2.4,156.7,13.16,3.65,15.5,1.1
"2025-05-02 23:51:03",2978,2387,71068,0,,2.9,140.4,13.16,3.6,,1.1
"2025-05-02 23:51:04",2979,2388,71059,0,,2.55,135.5,13.17,3.6,,1.1
"2025-05-02 23:51:05",2980,2389,71050,-33.052272,-70.964468,3.3,148,13.16,3.65,,1.1
"2025-05-02 23:51:06",2981,2390,71041,0,,3.25,136.9,13.16,3.75,,1.1
"2025-05-02 23:51:07",2982,2391,71032,0,,2.6,152.4,13.16,3.75,,1.1
"2025-05-02 23:51:08",2983,2392,71024,-33.05234,-70.96441,2.9,145.5,13.16,3.8,,1.1
"2025-05-02 23:51:09",2984,2393,71012,0,,2.25,139.1,13.16,3.85,,1.1
"2025-05-02 23:51:10",2986,2395,71001,0,,3.15,150.2,13.16,3.9,,1.1
"2025-05-02 23:51:11",2987,2396,70990,-33.052402,-70.964358,3.3,132.8,13.17,3.95,,1.1
"2025-05-02 23:51:12",2988,2397,70981,0,,2.85,148.3,13.17,4,,1.1
"2025-05-02 23:51:13",2989,2398,70972,0,,3.45,149.2,13.16,4,,1.1
"2025-05-02 23:51:14",2990,2399,70964,-33.052467,-70.964302,2.4,139.2,13.16,4.05,,1.1
"2025-05-02 23:51:15",2991,2400,70955,0,,2.8,150,13.16,4.15,,1.1
"2025-05-02 23:51:16",2992,2401,70946,0,,2.95,129,13.15,4.15,,1.1
"2025-05-02 23:51:17",2993,2402,70938,-33.052525,-70.964247,2.05,151.8,13.15,4.2,,1.1
"2025-05-02 23:51:18",2994,2403,70929,0,,3,142.8,13.15,4.25,,1.1
"2025-05-02 23:51:19",2995,2404,70920,0,,2.8,138.3,13.14,4.25,,1.1
"2025-05-02 23:51:20",2996,2405,70912,-33.052588,-70.964195,3.25,152.6,13.14,4.35,,1.1
"2025-05-02 23:51:21",2998,2407,70902,0,,2.9,134.3,13.14,4.4,,1.1
"2025-05-02 23:51:22",2999,2408,70893,0,,2.4,155.2,13.14,4.4,,1.1
"2025-05-02 23:51:23",3000,2409,70884,-33.05265,-70.964143,2.75,147.7,13.13,4.45,,1
"2025-05-02 23:51:25",3002,2411,70867,0,,2.85,155.8,13.12,4.5,,1
"2025-05-02 23:51:26",3003,2412,70860,-33.052707,-70.964088,2.7,129.4,13.12,4.5,,1
"2025-05-02 23:51:27",3004,2413,70851,0,,2.35,139.8,13.11,4.55,,1
"2025-05-02 23:51:28",3005,2414,70842,0,,3.1,148.5,13.11,4.55,,1
"2025-05-02 23:51:29",3006,2415,70834,-33.05276,-70.964032,2.6,121.7,13.11,4.55,15.5,1
"2025-05-02 23:51:30",3007,2416,70826,0,,2.45,139.3,13.1,4.6,,1
"2025-05-02 23:51:31",3008,2417,70818,0,,2.9,144,13.09,4.6,,1
"2025-05-02 23:51:32",3009,2418,70810,-33.052812,-70.963978,2.45,152.3,13.08,4.6,,1
"2025-05-02 23:51:33",3010,2419,70799,0,,2.65,145.2,13.07,4.6,,1
"2025-05-02 23:51:34",3011,2420,70789,0,,2.35,134.2,13.07,4.55,,1
"2025-05-02 23:51:35",3012,2421,70780,-33.052867,-70.963928,2.7,138,13.07,4.55,,1
"2025-05-02 23:51:36",3013,2422,70769,0,,3.3,139.9,13.07,4.55,,1.1
"2025-05-02 23:51:37",3015,2424,70758,0,,2.6,148.3,13.06,4.55,,1.1
"2025-05-02 23:51:38",3016,2425,70748,-33.052928,-70.963873,2.7,145.3,13.04,4.55,,1.1
"2025-05-02 23:51:39",3017,2426,70740,0,,2.25,136.6,13.04,4.55,,1.1
"2025-05-02 23:51:40",3018,2427,70733,0,,2.25,145.8,13.06,4.55,,1.1
"2025-05-02 23:51:41",3019,2428,70726,-33.052983,-70.963823,3.1,135.3,13.04,4.6,,1.1
"2025-05-02 23:51:42",3020,2429,70716,0,,2.55,137.7,13.04,4.65,,1.1
"2025-05-02 23:51:43",3021,2430,70707,0,,3,147,13.04,4.65,,1.1
"2025-05-02 23:51:44",3022,2431,70698,-33.053043,-70.963763,3,136.8,13.04,4.7,,1.1
"2025-05-02 23:51:46",3024,2433,70680,0,,3.15,138.2,13.04,4.75,,1.1
"2025-05-02 23:51:47",3025,2434,70672,-33.053097,-70.963705,2.4,129.7,13.06,4.8,,1.1
"2025-05-02 23:51:48",3026,2435,70662,0,,2.6,148.8,13.04,4.8,,1.1
"2025-05-02 23:51:49",3027,2436,70653,0,,3.3,133.8,13.04,4.85,,1.1
"2025-05-02 23:51:50",3028,2437,70644,-33.053152,-70.963648,2.15,142.5,13.04,4.9,,1.1
"2025-05-02 23:51:51",3030,2439,70633,0,,3.4,149.1,13.03,4.9,,1.1
"2025-05-02 23:51:52",3031,2440,70622,0,,2.75,129,13.03,4.95,,1.1
"2025-05-02 23:51:53",3032,2441,70612,-33.053208,-70.963595,2.4,147.9,13.03,5,,1.1
"2025-05-02 23:51:56",3035,2444,70592,-33.053265,-70.963533,3,148.7,13.01,5.05,15.25,1.1
"2025-05-02 23:51:57",3036,2445,70581,0,,3,129.5,13,5,,1.1
"2025-05-02 23:51:58",3037,2446,70570,0,,2.6,153.4,12.99,5.05,,1.1
"2025-05-02 23:51:59",3038,2447,70560,-33.053328,-70.96347,3.6,136.5,12.98,5.05,,1.1
"2025-05-02 23:52:00",3039,2448,70552,0,,2.25,135.2,12.98,5.05,,1.1
"2025-05-02 23:52:01",3040,2449,70545,0,,3.2,150.5,12.97,5.05,,1.1
"2025-05-02 23:52:02",3041,2450,70538,-33.05339,-70.963407,3.25,132.3,12.96,5.1,,1
"2025-05-02 23:52:03",3042,2451,70530,0,,2.2,149.5,12.96,5.1,,1
"2025-05-02 23:52:04",3043,2452,70522,0,,2.85,128.2,12.95,5.1,,1
"2025-05-02 23:52:05",3044,2453,70514,-33.05344,-70.963345,2.6,132.6,12.94,5.15,,1
"2025-05-02 23:52:06",3045,2454,70505,0,,2.95,152,12.93,5.1,,1
"2025-05-02 23:52:07",3046,2455,70496,0,,2.95,131,12.92,5.15,,1
"2025-05-02 23:52:08",3047,2456,70488,-33.0535,-70.963285,2.25,145,12.92,5.15,,1
"2025-05-02 23:52:09",3048,2457,70479,0,,2.8,139.7,12.91,5.1,,1
"2025-05-02 23:52:10",3049,2458,70471,0,,2.05,122.8,12.91,5.1,,1
"2025-05-02 23:52:11",3050,2459,70464,-33.053548,-70.963228,2.85,143.1,12.91,5.05,,0.9
"2025-05-02 23:52:12",3050,2459,70457,0,,3.1,127.9,12.91,5.05,,0.9
"2025-05-02 23:52:13",3051,2460,70450,0,,2.45,137,12.91,5,,0.9
"2025-05-02 23:52:14",3052,2461,70444,-33.0536,-70.963167,3.5,139.3,12.89,5,,0.9
"2025-05-02 23:52:15",3053,2462,70436,0,,2.9,126.4,12.88,5,,0.9
"2025-05-02 23:52:16",3054,2463,70429,0,,3,146.9,12.89,5,,0.9
"2025-05-02 23:52:17",3055,2464,70422,-33.053658,-70.963103,2.9,130.8,12.89,5,,0.9
"2025-05-02 23:52:18",3056,2465,70413,0,,2.2,134.1,12.88,5.05,,0.9
"2025-05-02 23:52:19",3057,2466,70404,0,,3.6,139.5,12.88,5.05,,0.9
"2025-05-02 23:52:20",3058,2467,70396,-33.053715,-70.963037,2.95,124.7,12.87,4.95,,0.9
"2025-05-02 23:52:22",3060,2469,70378,0,,3.55,134.5,12.88,4.85,,0.9
"2025-05-02 23:52:23",3061,2470,70370,-33.053775,-70.962968,2.4,133.8,12.87,4.8,15,0.9
"2025-05-02 23:52:26",3064,2473,70346,-33.053823,-70.962902,2.95,139.3,12.85,4.75,,1
"2025-05-02 23:52:28",3066,2475,70327,0,,2.7,130.4,12.86,4.7,,1
"2025-05-02 23:52:29",3067,2476,70318,-33.05388,-70.962838,2.7,142.6,12.85,4.7,,1
"2025-05-02 23:52:31",3069,2478,70303,0,,2.65,134.8,12.84,4.7,,1
"2025-05-02 23:52:32",3070,2479,70296,-33.05393,-70.962768,3.45,129.5,12.84,4.7,,1
"2025-05-02 23:52:34",3072,2481,70279,0,,2.9,139,12.83,4.7,,1
"2025-05-02 23:52:35",3073,2482,70272,-33.05398,-70.962695,2.95,124.4,12.83,4.7,,1
"2025-05-02 23:52:37",3075,2484,70255,0,,3.45,133.7,12.81,4.7,,1
"2025-05-02 23:52:38",3076,2485,70248,-33.05403,-70.962628,2.8,124.7,12.81,4.7,,1
"2025-05-02 23:52:40",3078,2487,70229,0,,3.35,127.1,12.8,4.7,,1
"2025-05-02 23:52:41",3079,2488,70220,-33.054085,-70.96256,2.15,138.6,12.8,4.65,,1
"2025-05-02 23:52:42",3080,2489,70211,0,,3.05,142.9,12.79,4.65,,1
"2025-05-02 23:52:43",3081,2490,70203,0,,2.65,130.7,12.78,4.6,,1
"2025-05-02 23:52:44",3082,2491,70196,-33.05414,-70.962495,3.2,131.6,12.77,4.6,,1
"2025-05-02 23:52:45",3083,2492,70187,0,,3.2,128.9,12.77,4.6,,1
"2025-05-02 23:52:46",3084,2493,70178,0,,2.6,140.8,12.76,4.6,,1
"2025-05-02 23:52:47",3085,2494,70170,-33.054197,-70.962422,3.15,136,12.76,4.55,,1
"2025-05-02 23:52:48",3086,2495,70160,0,,2.75,122.1,12.74,4.55,,1
"2025-05-02 23:52:49",3087,2496,70151,0,,3.25,132.1,12.72,4.55,,1
"2025-05-02 23:52:50",3088,2497,70142,-33.054252,-70.96234,3.15,134.3,12.72,4.5,14.75,1.1
"2025-05-02 23:52:51",3089,2498,70133,0,,2.45,132.1,12.72,4.5,,1.1
"2025-05-02 23:52:52",3090,2499,70125,0,,3.25,141.5,12.72,4.5,,1
"2025-05-02 23:52:53",3091,2500,70118,-33.05431,-70.96227,2.65,130.1,12.72,4.45,,1
"2025-05-02 23:52:55",3093,2502,70104,0,,3.35,130.8,12.7,4.45,,1
"2025-05-02 23:52:56",3094,2503,70098,-33.054357,-70.962197,2.65,121.5,12.7,4.45,,1
"2025-05-02 23:52:57",3095,2504,70089,0,,2.8,139.8,12.7,4.45,,1
"2025-05-02 23:52:58",3095,2504,70081,0,,3.55,137.2,12.69,4.45,,1
"2025-05-02 23:52:59",3096,2505,70074,-33.054415,-70.962127,2.7,137.6,12.69,4.4,,1
"2025-05-02 23:53:00",3097,2506,70065,0,,3.5,141.4,12.68,4.4,,1
"2025-05-02 23:53:01",3099,2508,70056,0,,3.2,130.2,12.68,4.4,,0.9
"2025-05-02 23:53:02",3100,2509,70048,-33.054478,-70.962053,2.75,140.4,12.67,4.4,,0.9
"2025-05-02 23:53:03",3100,2509,70040,0,,3.85,135.6,12.66,4.4,,0.9
"2025-05-02 23:53:04",3101,2510,70033,0,,3,130.5,12.65,4.35,,0.9
"2025-05-02 23:53:05",3102,2511,70026,-33.054543,-70.961978,3.1,140.5,12.64,4.35,,0.9
"2025-05-02 23:53:07",3105,2514,70006,0,,2.6,132.5,12.64,4.35,,1
"2025-05-02 23:53:08",3106,2515,69996,-33.054598,-70.96191,3.65,139.9,12.62,4.35,,1
"2025-05-02 23:53:09",3107,2516,69987,0,,2.8,132.1,12.6,4.35,,1
"2025-05-02 23:53:10",3108,2517,69979,0,,2.8,142,12.6,4.35,,1
"2025-05-02 23:53:11",3109,2518,69972,-33.054653,-70.961848,3.15,127.2,12.6,4.3,,1
"2025-05-02 23:53:12",3110,2519,69962,0,,2.4,129.4,12.6,4.3,,1
"2025-05-02 23:53:13",3111,2520,69953,0,,3.55,137.7,12.58,4.3,,1
"2025-05-02 23:53:14",3112,2521,69944,-33.054707,-70.961783,3.2,133.6,12.57,4.3,,1
"2025-05-02 23:53:18",3116,2525,69912,0,,3.05,135.5,12.55,4.3,,1.1
"2025-05-02 23:53:19",3117,2526,69904,0,,3.5,120.8,12.55,4.3,,1
"2025-05-02 23:53:20",3118,2527,69896,-33.05481,-70.961648,2.95,137.5,12.54,4.3,,1
"2025-05-02 23:53:21",3119,2528,69888,0,,3.6,130.6,12.52,4.3,,1
"2025-05-02 23:53:22",3120,2529,69881,0,,2.95,127.7,12.52,4.3,,1
"2025-05-02 23:53:23",3120,2529,69874,-33.054868,-70.961577,2.8,147.3,12.52,4.25,,1
"2025-05-02 23:53:25",3122,2531,69860,0,,2.9,133.7,12.51,4.25,,0.9
"2025-05-02 23:53:26",3123,2532,69854,-33.054928,-70.9615,3.6,137.4,12.5,4.25,,0.9
"2025-05-02 23:53:27",3124,2533,69844,0,,3.5,125.8,12.49,4.25,,0.9
"2025-05-02 23:53:28",3125,2534,69835,0,,2.9,147.6,12.49,4.25,,0.9
"2025-05-02 23:53:29",3126,2535,69826,-33.054988,-70.961428,3.15,135.6,12.48,4.25,,0.9
"2025-05-02 23:53:30",3127,2536,69817,0,,3.1,128.2,12.47,4.25,,0.9
"2025-05-02 23:53:31",3128,2537,69808,0,,3.3,141.4,12.45,4.3,,0.9
"2025-05-02 23:53:32",3129,2538,69800,-33.055047,-70.961357,3.85,122.4,12.44,4.3,,1
"2025-05-02 23:53:33",3130,2539,69792,0,,3,137.6,12.43,4.25,,1
"2025-05-02 23:53:34",3131,2540,69785,0,,2.85,138.2,12.43,4.25,,1
"2025-05-02 23:53:35",3132,2541,69778,-33.055105,-70.961287,3.65,128,12.43,4.25,,1
"2025-05-02 23:53:36",3133,2542,69767,0,,3.25,146.4,12.43,4.25,,1
"2025-05-02 23:53:37",3134,2543,69757,0,,3.3,127.3,12.42,4.25,,1
"2025-05-02 23:53:38",3136,2545,69748,-33.055168,-70.96121,3.45,131.6,12.42,4.25,,1.1
"2025-05-02 23:53:39",3136,2545,69741,0,,3.05,145.1,12.41,4.3,,1
"2025-05-02 23:53:40",3137,2546,69734,0,,3.75,123.3,12.4,4.3,,1
"2025-05-02 23:53:41",3138,2547,69728,-33.05523,-70.96113,3.3,137.2,12.4,4.35,,1
"2025-05-02 23:53:42",3139,2548,69720,0,,2.95,138.6,12.4,4.35,,1
"2025-05-02 23:53:43",3140,2549,69713,0,,3.95,125.8,12.39,4.4,,1
"2025-05-02 23:53:44",3141,2550,69706,-33.055293,-70.961048,3.2,141.5,12.38,4.4,14.5,1
"2025-05-02 23:53:45",3141,2550,69699,0,,3.3,126.5,12.37,4.4,,0.9
"2025-05-02 23:53:46",3142,2551,69693,0,,4.1,130.4,12.36,4.45,,0.9
"2025-05-02 23:53:47",3143,2552,69688,-33.055358,-70.960965,3.15,140.1,12.35,4.45,,0.9
"2025-05-02 23:53:48",3144,2553,69680,0,,3.3,127.7,12.34,4.55,,0.9
"2025-05-02 23:53:49",3145,2554,69673,0,,3.05,139.7,12.34,4.55,,0.9
"2025-05-02 23:53:50",3145,2554,69666,-33.055418,-70.96089,3.3,134.6,12.33,4.6,,0.9
"2025-05-02 23:53:51",3147,2556,69657,0,,4,134.6,12.33,4.65,,0.8
"2025-05-02 23:53:52",3148,2557,69648,0,,3.25,142.4,12.32,4.75,,0.9
"2025-05-02 23:53:53",3149,2558,69640,-33.055487,-70.96081,3.6,126.2,12.3,4.85,,0.9
"2025-05-02 23:53:55",3151,2560,69624,0,,3.05,135.8,12.28,5.1,,0.9
"2025-05-02 23:53:56",3151,2560,69616,-33.055552,-70.960728,4.1,135.6,12.27,5.25,,0.9
"2025-05-02 23:53:57",3152,2561,69607,0,,3.35,142.3,12.28,5.4,,0.9
"2025-05-02 23:53:58",3153,2562,69599,0,,3.05,132.3,12.27,5.6,,0.9
"2025-05-02 23:53:59",3154,2563,69592,-33.055622,-70.96065,3.7,138.1,12.27,5.75,,1
"2025-05-02 23:54:01",3156,2565,69578,0,,4.15,130.9,12.26,6.15,,0.9
"2025-05-02 23:54:02",3157,2566,69572,-33.055688,-70.960567,3.2,146.1,12.24,6.25,,0.9
"2025-05-02 23:54:03",3158,2567,69565,0,,3.2,129.8,12.24,6.35,,0.9
"2025-05-02 23:54:04",3158,2567,69559,0,,3.85,142.6,12.24,6.5,,0.9
"2025-05-02 23:54:05",3159,2568,69554,-33.055753,-70.960497,2.8,132.2,12.24,6.6,,0.9
"2025-05-02 23:54:06",3160,2569,69547,0,,3.7,128,12.23,6.7,,0.9
"2025-05-02 23:54:07",3160,2569,69541,0,,3.45,145.4,12.22,6.8,,0.8
"2025-05-02 23:54:08",3161,2570,69536,-33.055818,-70.960415,3.6,135.9,12.22,6.85,,0.8
"2025-05-02 23:54:09",3162,2571,69528,0,,4,136,12.21,6.9,,0.8
"2025-05-02 23:54:10",3163,2572,69520,0,,3.2,131.5,12.2,6.9,,0.8
"2025-05-02 23:54:11",3164,2573,69512,-33.055885,-70.960335,3.7,133.1,12.2,6.95,14.25,0.8
"2025-05-02 23:54:12",3165,2574,69503,0,,3.65,147.3,12.2,7.05,,0.8
"2025-05-02 23:54:13",3166,2575,69494,0,,3.4,137.1,12.19,7.05,,0.8
"2025-05-02 23:54:14",3167,2576,69486,-33.055962,-70.960258,4.25,140,12.18,7.1,,0.9
"2025-05-02 23:54:18",3171,2580,69454,0,,3.3,135.4,12.15,7.35,,0.9
"2025-05-02 23:54:19",3172,2581,69446,0,,4.05,137.3,12.15,7.5,,0.9
"2025-05-02 23:54:20",3173,2582,69438,-33.056117,-70.960097,3.75,153.1,12.13,7.65,,1
"2025-05-02 23:54:21",3174,2583,69430,0,,3.9,129.5,12.14,7.8,,1
"2025-05-02 23:54:22",3175,2584,69423,0,,3.9,129.5,12.14,7.95,,1
"2025-05-02 23:54:23",3176,2585,69416,-33.056197,-70.960015,3.65,140.5,12.13,8,,1
"2025-05-02 23:54:25",3178,2587,69399,0,,4.15,146.2,12.13,8.05,,1
"2025-05-02 23:54:26",3179,2588,69392,-33.05628,-70.959928,3.65,134.6,12.12,8.05,,0.9
"2025-05-02 23:54:27",3179,2588,69385,0,,4.05,136.7,12.12,7.95,,0.9
"2025-05-02 23:54:28",3180,2589,69378,0,,3.6,145.7,12.12,7.95,,0.9
"2025-05-02 23:54:29",3181,2590,69372,-33.056362,-70.959843,4.35,139.2,12.11,7.9,,0.9
"2025-05-02 23:54:30",3182,2591,69365,0,,4.2,146,12.11,7.9,,0.9
"2025-05-02 23:54:31",3183,2592,69358,0,,3.65,133.9,12.11,7.95,,0.9
"2025-05-02 23:54:32",3183,2592,69352,-33.056447,-70.959755,4.45,136.5,12.11,7.9,,0.9
"2025-05-02 23:54:33",3184,2593,69344,0,,3.45,143.7,12.11,7.9,,0.9
"2025-05-02 23:54:34",3185,2594,69337,0,,4.1,136.2,12.11,7.9,,0.9
"2025-05-02 23:54:35",3186,2595,69330,-33.05653,-70.959675,4.4,149.1,12.11,7.85,,0.9
"2025-05-02 23:54:36",3187,2596,69323,0,,3.45,134.7,12.11,7.8,,0.9
"2025-05-02 23:54:37",3188,2597,69316,0,,4.7,138.3,12.11,7.8,,0.9
"2025-05-02 23:54:38",3189,2598,69310,-33.056615,-70.95959,3.95,147.4,12.1,7.85,14.25,0.8
"2025-05-02 23:54:39",3189,2598,69302,0,,4.05,131.1,12.11,7.95,,0.8
"2025-05-02 23:54:40",3190,2599,69295,0,,4.6,147.9,12.1,7.95,,0.8
"2025-05-02 23:54:41",3191,2600,69288,-33.0567,-70.959512,3.4,143.5,12.09,8,,0.8
"2025-05-02 23:54:42",3192,2601,69281,0,,4.5,142.2,12.1,8,,0.9
"2025-05-02 23:54:43",3193,2602,69274,0,,4.35,153.4,12.09,8.05,,0.8
"2025-05-02 23:54:44",3194,2603,69268,-33.056793,-70.959438,4.1,139.2,12.08,8.1,,0.8
"2025-05-02 23:54:45",3195,2604,69260,0,,4.85,146,12.09,8.2,,0.9
"2025-05-02 23:54:46",3195,2604,69253,0,,4.05,143.5,12.08,8.3,,0.9
"2025-05-02 23:54:47",3196,2605,69246,-33.056888,-70.959357,4.85,142.9,12.08,8.45,,0.9
"2025-05-02 23:54:48",3197,2606,69240,0,,4.65,152.6,12.08,8.5,,0.8
"2025-05-02 23:54:49",3198,2607,69234,0,,4.1,144.4,12.08,8.5,,0.8
"2025-05-02 23:54:50",3198,2607,69228,-33.056992,-70.959278,4.75,147.9,12.09,8.55,,0.8
"2025-05-02 23:54:52",3201,2610,69210,0,,5,145.2,12.1,8.65,,0.9
"2025-05-02 23:54:53",3202,2611,69202,-33.057098,-70.959197,4.25,151.4,12.09,8.7,,0.9
"2025-05-02 23:54:56",3204,2613,69184,-33.057192,-70.959122,3.55,153.3,12.09,8.75,,0.8
"2025-05-02 23:54:58",3206,2615,69169,0,,4.6,149.4,12.08,8.8,,0.9
"2025-05-02 23:54:59",3206,2615,69162,-33.05729,-70.959042,4.1,141.5,12.08,8.85,,0.9
"2025-05-02 23:55:01",3208,2617,69149,0,,3.8,153.2,12.08,8.9,,0.8
"2025-05-02 23:55:02",3209,2618,69144,-33.057392,-70.958965,4.7,143.1,12.08,8.9,,0.8
"2025-05-02 23:55:04",3211,2620,69126,0,,3.9,143.3,12.08,9,,0.9
"2025-05-02 23:55:05",3212,2621,69118,-33.057493,-70.958885,4.9,145.5,12.07,9,14,0.9
"2025-05-02 23:55:07",3213,2622,69107,0,,4.6,140.4,12.06,9,,0.8
"2025-05-02 23:55:08",3214,2623,69102,-33.057595,-70.95881,4.75,155,12.05,9,,0.8
"2025-05-02 23:55:10",3215,2624,69088,0,,5.1,143.2,12.04,9,,0.8
"2025-05-02 23:55:11",3216,2625,69082,-33.057693,-70.958733,3.7,151.4,12.04,9,,0.8
"2025-05-02 23:55:12",3217,2626,69074,0,,4.4,139.1,12.03,9,,0.8
"2025-05-02 23:55:13",3218,2627,69066,0,,4.7,152.5,12.02,9,,0.8
"2025-05-02 23:55:14",3219,2628,69058,-33.057793,-70.958658,4.4,150.2,11.99,9,,0.9
"2025-05-02 23:55:15",3220,2629,69050,0,,5.2,148.5,11.99,9,,0.9
"2025-05-02 23:55:16",3221,2630,69042,0,,4.1,152.8,11.99,9.05,,0.9
"2025-05-02 23:55:17",3222,2631,69034,-33.0579,-70.958582,4.6,142.1,11.99,9,,0.9
"2025-05-02 23:55:18",3223,2632,69025,0,,4.9,152,11.99,9,,0.9
"2025-05-02 23:55:19",3224,2633,69016,0,,4.5,146.8,11.98,9,,0.9
"2025-05-02 23:55:20",3225,2634,69008,-33.058008,-70.9585,5.25,145.2,11.97,8.95,,1
"2025-05-02 23:55:21",3226,2635,69000,0,,4.15,156.2,11.97,8.95,,0.9
"2025-05-02 23:55:22",3227,2636,68993,0,,4.55,142.1,11.96,8.95,,1
"2025-05-02 23:55:23",3228,2637,68986,-33.058112,-70.958423,5,150.9,11.96,9,,1
"2025-05-02 23:55:24",3229,2638,68979,0,,4.15,147.5,11.96,9.05,,1
"2025-05-02 23:55:25",3229,2638,68972,0,,5.25,145.5,11.95,9.05,,0.9
"2025-05-02 23:55:26",3230,2639,68966,-33.05822,-70.958345,4.4,155.9,11.95,9.1,,0.9
"2025-05-02 23:55:27",3231,2640,68958,0,,4.15,142.1,11.95,9.15,,0.9
"2025-05-02 23:55:28",3232,2641,68951,0,,4.6,151.3,11.94,9.2,,0.9
"2025-05-02 23:55:29",3233,2642,68944,-33.058317,-70.958272,3.65,149.3,11.93,9.2,,0.9
"2025-05-02 23:55:30",3234,2643,68936,0,,5,144.4,11.93,9.25,,0.9
"2025-05-02 23:55:31",3235,2644,68928,0,,3.95,157.8,11.93,9.25,,0.9
"2025-05-02 23:55:32",3236,2645,68920,-33.058413,-70.958203,3.85,146.2,11.92,9.2,14,0.9
"2025-05-02 23:55:33",3237,2646,68912,0,,4.75,150.4,11.92,9.2,,0.9
"2025-05-02 23:55:34",3238,2647,68905,0,,4.2,146.9,11.91,9.2,,0.9
"2025-05-02 23:55:35",3239,2648,68898,-33.058515,-70.958127,4.75,145,11.9,9.2,,0.9
"2025-05-02 23:55:36",3240,2649,68890,0,,4.2,155.1,11.9,9.15,,0.9
"2025-05-02 23:55:37",3241,2650,68882,0,,4.05,142.5,11.9,9.1,,0.9
"2025-05-02 23:55:38",3242,2651,68874,-33.058613,-70.958052,4.45,148.8,11.9,9.1,,0.9
"2025-05-02 23:55:39",3243,2652,68865,0,,3.55,149.8,11.9,9.1,,0.9
"2025-05-02 23:55:40",3243,2652,68857,0,,4.1,144.6,11.9,9.05,,0.9
"2025-05-02 23:55:41",3244,2653,68850,-33.058707,-70.957983,3.95,155,11.9,8.95,,1
"2025-05-02 23:55:42",3245,2654,68844,0,,3.5,138.2,11.9,8.9,,0.9
"2025-05-02 23:55:43",3246,2655,68838,0,,4.2,149.5,11.89,8.85,,0.9
"2025-05-02 23:55:44",3247,2656,68832,-33.058795,-70.957917,4.1,154.7,11.89,8.75,,0.9
"2025-05-02 23:55:45",3248,2657,68822,0,,4.4,144.3,11.86,8.7,,0.9
"2025-05-02 23:55:46",3249,2658,68813,0,,3.95,153.1,11.86,8.65,,0.9
"2025-05-02 23:55:47",3250,2659,68804,-33.058888,-70.957847,3.65,139.7,11.86,8.6,,0.9
"2025-05-02 23:55:48",3251,2660,68793,0,,4.35,145.3,11.86,8.5,,1
"2025-05-02 23:55:49",3252,2661,68783,0,,4.1,146.7,11.84,8.5,,1
"2025-05-02 23:55:50",3254,2663,68774,-33.058977,-70.957768,4.5,136.9,11.84,8.4,,1
"2025-05-02 23:55:51",3254,2663,68768,0,,3.95,153.6,11.84,8.4,,1
"2025-05-02 23:55:52",3255,2664,68763,0,,3.55,145.2,11.83,8.3,,1
"2025-05-02 23:55:53",3256,2665,68758,-33.059067,-70.957698,4.3,143.6,11.82,8.25,,0.9
"2025-05-02 23:55:56",3259,2668,68732,-33.059162,-70.95762,4.2,150,11.81,8.1,,1
"2025-05-02 23:55:57",3260,2669,68722,0,,3.4,146.7,11.8,8.1,,1
"2025-05-02 23:55:58",3261,2670,68712,0,,4.4,142.9,11.8,8.05,,1
"2025-05-02 23:55:59",3262,2671,68702,-33.05925,-70.957552,3.45,152.3,11.8,8.05,13.75,1
"2025-05-02 23:56:00",3263,2672,68695,0,,4,140.5,11.79,8.05,,1
"2025-05-02 23:56:01",3264,2673,68689,0,,4.4,152,11.78,8,,1
"2025-05-02 23:56:02",3265,2674,68684,-33.059342,-70.957482,4.1,149.5,11.77,8,,0.9
"2025-05-02 23:56:03",3266,2675,68674,0,,4.6,142.4,11.75,8.05,,0.9
"2025-05-02 23:56:04",3267,2676,68664,0,,3.6,150.1,11.74,8,,1
"2025-05-02 23:56:05",3268,2677,68654,-33.059432,-70.957408,3.95,140.2,11.74,7.95,,1
"2025-05-02 23:56:06",3269,2678,68647,0,,4.1,146.6,11.73,7.9,,1
"2025-05-02 23:56:07",3270,2679,68640,0,,4.1,146.6,11.71,7.9,,1
"2025-05-02 23:56:08",3271,2680,68634,-33.059518,-70.957338,4.15,145,11.7,7.85,,1
"2025-05-02 23:56:09",3272,2681,68625,0,,4.05,147.6,11.69,7.8,,1
"2025-05-02 23:56:10",3273,2682,68616,0,,4.3,137.9,11.69,7.75,,1
"2025-05-02 23:56:11",3274,2683,68608,-33.05961,-70.957255,4.3,145.5,11.69,7.7,,1
"2025-05-02 23:56:12",3275,2684,68599,0,,3.5,144.4,11.68,7.65,,1
"2025-05-02 23:56:13",3276,2685,68590,0,,4.2,142.1,11.68,7.65,,1
"2025-05-02 23:56:14",3277,2686,68582,-33.059698,-70.957183,4.2,153.9,11.67,7.6,,1
"2025-05-02 23:56:15",3278,2687,68573,0,,3.7,142.5,11.65,7.6,,1
"2025-05-02 23:56:16",3279,2688,68565,0,,4.65,144.4,11.65,7.55,,1
"2025-05-02 23:56:17",3280,2689,68558,-33.05979,-70.95711,4.05,145.4,11.63,7.55,,1
"2025-05-02 23:56:18",3281,2690,68547,0,,4.4,135.5,11.63,7.55,,1
"2025-05-02 23:56:19",3282,2691,68537,0,,4.35,148.3,11.62,7.55,,1
"2025-05-02 23:56:20",3284,2693,68528,-33.059878,-70.957032,3.45,139.9,11.62,7.55,,1.1
"2025-05-02 23:56:21",3285,2694,68519,0,,4.1,141.1,11.61,7.5,,1.1
"2025-05-02 23:56:22",3286,2695,68509,0,,3.75,153.4,11.59,7.5,,1.1
"2025-05-02 23:56:23",3287,2696,68500,-33.059965,-70.956958,4.05,141.5,11.58,7.5,,1.1
"2025-05-02 23:56:25",3289,2698,68481,0,,3.5,146.7,11.56,7.5,,1.1
"2025-05-02 23:56:26",3291,2700,68472,-33.060057,-70.956885,4.55,138.4,11.55,7.5,13.75,1.1
"2025-05-02 23:56:27",3292,2701,68462,0,,4.15,146.6,11.54,7.5,,1.1
"2025-05-02 23:56:28",3293,2702,68453,0,,3.9,135.1,11.53,7.5,,1.1
"2025-05-02 23:56:29",3294,2703,68444,-33.060145,-70.956803,4.5,145,11.52,7.5,,1.2
"2025-05-02 23:56:30",3295,2704,68433,0,,3.4,146.6,11.52,7.45,,1.2
"2025-05-02 23:56:31",3296,2705,68423,0,,3.95,141.8,11.5,7.45,,1.2
"2025-05-02 23:56:32",3298,2707,68414,-33.06023,-70.956735,4.05,151.8,11.49,7.45,,1.2
"2025-05-02 23:56:33",3299,2708,68404,0,,3.55,137.1,11.48,7.45,,1.2
"2025-05-02 23:56:34",3300,2709,68395,0,,4.65,144.8,11.47,7.45,,1.2
"2025-05-02 23:56:35",3301,2710,68386,-33.060317,-70.956663,3.7,148.4,11.46,7.4,,1.2
"2025-05-02 23:56:36",3302,2711,68376,0,,4.15,136.4,11.46,7.35,,1.2
"2025-05-02 23:56:37",3303,2712,68367,0,,4.25,154.3,11.45,7.35,,1.2
"2025-05-02 23:56:38",3304,2713,68358,-33.060405,-70.956592,3.3,140,11.44,7.3,,1.2
"2025-05-02 23:56:39",3306,2715,68347,0,,4.75,143.5,11.44,7.3,,1.2
"2025-05-02 23:56:40",3307,2716,68336,0,,4.75,143.5,11.43,7.2,,1.2
"2025-05-02 23:56:41",3308,2717,68326,-33.060493,-70.956515,3.8,131.1,11.4,7.2,,1.2
"2025-05-02 23:56:42",3310,2719,68316,0,,4,149.4,11.39,7.15,,1.2
"2025-05-02 23:56:43",3311,2720,68307,0,,3.2,142.4,11.38,7.15,,1.2
"2025-05-02 23:56:44",3312,2721,68298,-33.060575,-70.956443,4.4,141.5,11.37,7.1,,1.2
"2025-05-02 23:56:45",3313,2722,68289,0,,3.95,154.2,11.37,7,,1.2
"2025-05-02 23:56:46",3314,2723,68280,0,,3.95,138.3,11.36,7,,1.2
"2025-05-02 23:56:47",3315,2724,68272,-33.060665,-70.956368,4.15,148.2,11.35,6.9,,1.2
"2025-05-02 23:56:48",3316,2725,68263,0,,3.1,140.4,11.34,6.85,,1.2
"2025-05-02 23:56:49",3317,2726,68254,0,,4.2,139.3,11.33,6.8,,1.1
"2025-05-02 23:56:50",3318,2727,68246,-33.060745,-70.956297,3.5,149.8,11.33,6.75,,1.1
"2025-05-02 23:56:51",3319,2728,68236,0,,3.35,130.1,11.32,6.7,,1.1
"2025-05-02 23:56:52",3320,2729,68227,0,,4,146.9,11.32,6.7,,1.1
"2025-05-02 23:56:53",3322,2731,68218,-33.060822,-70.956225,3.65,143.4,11.3,6.65,13.5,1.1
"2025-05-02 23:56:56",3324,2733,68196,-33.0609,-70.956143,3.5,135.1,11.28,6.3,,1.1
"2025-05-02 23:56:57",3326,2735,68183,0,,4.05,140.7,11.28,6.25,,1.1
"2025-05-02 23:56:58",3327,2736,68171,0,,3.05,146.8,11.26,6.05,,1.1
"2025-05-02 23:56:59",3329,2738,68160,-33.060977,-70.956065,3.85,135.1,11.25,5.9,,1.1
"2025-05-02 23:57:00",3330,2739,68150,0,,3.6,150.5,11.25,5.75,,1.1
"2025-05-02 23:57:01",3331,2740,68141,0,,3,136,11.25,5.6,,1.2
"2025-05-02 23:57:02",3332,2741,68132,-33.061052,-70.955992,4.15,143.9,11.24,5.45,,1.2
"2025-05-02 23:57:03",3333,2742,68123,0,,3.2,147.2,11.24,5.3,,1.2
"2025-05-02 23:57:04",3334,2743,68114,0,,3.9,136.3,11.23,5.2,,1.2
"2025-05-02 23:57:05",3335,2744,68106,-33.06113,-70.955918,3.5,145.2,11.22,5.1,,1.1
"2025-05-02 23:57:06",3336,2745,68097,0,,3,132.3,11.21,5,,1.1
"2025-05-02 23:57:07",3337,2746,68088,0,,4.1,141,11.2,4.9,,1.1
"2025-05-02 23:57:08",3339,2748,68080,-33.061202,-70.955847,2.8,148.4,11.2,4.8,,1.2
"2025-05-02 23:57:09",3340,2749,68068,0,,3.55,133.6,11.19,4.7,,1.2
"2025-05-02 23:57:10",3341,2750,68057,0,,4.05,145.8,11.17,4.6,,1.2
"2025-05-02 23:57:11",3343,2752,68046,-33.061273,-70.955773,3.1,132,11.17,4.5,,1.2
"2025-05-02 23:57:12",3344,2753,68035,0,,3.75,138.6,11.16,4.4,,1.2
"2025-05-02 23:57:13",3345,2754,68025,0,,2.85,148.9,11.15,4.35,,1.2
"2025-05-02 23:57:14",3346,2755,68016,-33.061338,-70.955705,3.5,130.5,11.14,4.3,,1.2
"2025-05-02 23:57:15",3348,2757,68004,0,,3.75,146.6,11.11,4.25,,1.2
"2025-05-02 23:57:16",3349,2758,67993,0,,2.95,143.1,11.1,4.2,,1.2
"2025-05-02 23:57:17",3351,2760,67982,-33.061408,-70.955635,3.85,135.6,11.08,4.15,,1.3
"2025-05-02 23:57:18",3352,2761,67972,0,,2.95,148.8,11.08,4.1,,1.3
"2025-05-02 23:57:19",3353,2762,67963,0,,2.85,133,11.08,4.05,,1.3
"2025-05-02 23:57:20",3354,2763,67954,-33.061475,-70.955568,3.9,143.6,11.08,4,13.25,1.3
"2025-05-02 23:57:22",3357,2766,67931,0,,3.65,128.2,11.08,3.9,,1.3
"2025-05-02 23:57:23",3358,2767,67920,-33.061545,-70.955492,3.45,147.2,11.07,3.85,,1.3
"2025-05-02 23:57:26",3362,2771,67890,-33.061613,-70.955425,3.3,153.2,11.07,3.7,,1.3
"2025-05-02 23:57:28",3364,2773,67869,0,,3.35,147.3,11.03,3.65,,1.3
"2025-05-02 23:57:29",3366,2775,67860,-33.061685,-70.955363,2.85,149.7,11.04,3.6,,1.3
"2025-05-02 23:57:31",3368,2777,67841,0,,3.15,156.2,11.03,3.5,,1.2
"2025-05-02 23:57:32",3369,2778,67832,-33.061757,-70.955307,3.05,147.6,11.01,3.45,,1.2
"2025-05-02 23:57:34",3372,2781,67812,0,,3.4,142.8,11,3.45,,1.3
"2025-05-02 23:57:35",3373,2782,67802,-33.061828,-70.955242,3.65,138.5,11,3.45,,1.2
"2025-05-02 23:57:37",3375,2784,67780,0,,3.25,148.9,10.99,3.45,,1.2
"2025-05-02 23:57:38",3377,2786,67770,-33.061903,-70.955178,3.7,139.9,10.99,3.4,,1.2
"2025-05-02 23:57:39",3378,2787,67759,0,,3.35,146.4,10.99,3.4,,1.2
"2025-05-02 23:57:40",3379,2788,67748,0,,3.6,141.3,10.99,3.4,,1.2
"2025-05-02 23:57:41",3381,2790,67738,-33.061978,-70.955112,3.7,148,10.97,3.4,,1.2
"2025-05-02 23:57:42",3382,2791,67725,0,,2.9,154.8,10.95,3.35,,1.3
"2025-05-02 23:57:43",3384,2793,67712,0,,3.45,148.6,10.94,3.35,,1.3
"2025-05-02 23:57:44",3385,2794,67700,-33.062055,-70.955062,3.35,155.5,10.93,3.35,,1.3
"2025-05-02 23:57:45",3386,2795,67690,0,,3,144.9,10.93,3.35,,1.3
"2025-05-02 23:57:46",3388,2797,67681,0,,3.6,148.3,10.92,3.3,,1.3
"2025-05-02 23:57:47",3389,2798,67672,-33.062128,-70.955008,2.7,148.5,10.92,3.3,13.25,1.3
"2025-05-02 23:57:48",3390,2799,67661,0,,3.15,144.3,10.92,3.3,,1.3
"2025-05-02 23:57:49",3391,2800,67651,0,,3.5,157.3,10.91,3.3,,1.3
"2025-05-02 23:57:50",3392,2801,67642,-33.062203,-70.954958,3.3,153.4,10.89,3.3,,1.3
"2025-05-02 23:57:51",3394,2803,67629,0,,4.1,150.4,10.89,3.3,,1.3
"2025-05-02 23:57:52",3396,2805,67616,0,,3.15,157.5,10.87,3.3,,1.3
"2025-05-02 23:57:53",3397,2806,67604,-33.062288,-70.954907,3.35,147.3,10.87,3.3,,1.4
"2025-05-02 23:57:55",3400,2809,67582,0,,3.25,163,10.84,3.3,,1.4
"2025-05-02 23:57:56",3401,2810,67572,-33.062377,-70.95486,3.75,147.7,10.81,3.3,,1.3
"2025-05-02 23:57:57",3402,2811,67563,0,,3,152.8,10.81,3.3,,1.3
"2025-05-02 23:57:58",3403,2812,67554,0,,3.2,148.1,10.81,3.3,,1.3
"2025-05-02 23:57:59",3404,2813,67546,-33.062457,-70.954807,3.9,149.6,10.8,3.3,,1.3
"2025-05-02 23:58:00",3406,2815,67535,0,,3.3,160.6,10.79,3.3,,1.3
"2025-05-02 23:58:01",3407,2816,67525,0,,3.9,146.4,10.77,3.3,,1.3
"2025-05-02 23:58:02",3408,2817,67516,-33.062545,-70.954752,3.9,152.7,10.76,3.3,,1.3
"2025-05-02 23:58:03",3409,2818,67506,0,,3.55,151.8,10.76,3.3,,1.3
"2025-05-02 23:58:04",3410,2819,67497,0,,3.65,143.8,10.74,3.3,,1.3
"2025-05-02 23:58:05",3412,2821,67488,-33.062627,-70.954693,2.9,156.1,10.74,3.3,,1.2
"2025-05-02 23:58:06",3413,2822,67475,0,,3.9,152.3,10.74,3.3,,1.2
"2025-05-02 23:58:07",3415,2824,67462,0,,3.8,153.1,10.73,3.3,,1.2
"2025-05-02 23:58:08",3416,2825,67450,-33.062713,-70.954642,3.35,157.3,10.72,3.3,,1.3
"2025-05-02 23:58:09",3417,2826,67439,0,,4,146,10.71,3.3,,1.3
"2025-05-02 23:58:10",3419,2828,67429,0,,3.45,147.2,10.69,3.35,,1.3
"2025-05-02 23:58:11",3420,2829,67420,-33.0628,-70.954582,3.65,155.3,10.67,3.35,,1.3
"2025-05-02 23:58:12",3421,2830,67409,0,,3.65,158.3,10.67,3.35,,1.3
"2025-05-02 23:58:13",3422,2831,67399,0,,3.35,160.9,10.67,3.35,,1.3
"2025-05-02 23:58:14",3424,2833,67390,-33.062892,-70.954532,4.05,149,10.66,3.35,13,1.3
"2025-05-02 23:58:15",3425,2834,67378,0,,3.6,153.3,10.65,3.35,,1.3
"2025-05-02 23:58:16",3426,2835,67367,0,,3.55,157.2,10.65,3.35,,1.3
"2025-05-02 23:58:17",3428,2837,67356,-33.062982,-70.954477,3.8,154.8,10.63,3.35,,1.4
"2025-05-02 23:58:18",3429,2838,67344,0,,3.05,166.8,10.63,3.4,,1.4
"2025-05-02 23:58:19",3431,2840,67333,0,,3.8,154.1,10.62,3.4,,1.4
"2025-05-02 23:58:20",3432,2841,67322,-33.06307,-70.954437,3.6,150,10.61,3.4,,1.3
"2025-05-02 23:58:21",3433,2842,67311,0,,3.75,163.4,10.6,3.4,,1.3
"2025-05-02 23:58:22",3435,2844,67300,0,,4.25,154.8,10.6,3.4,,1.3
"2025-05-02 23:58:23",3436,2845,67290,-33.063167,-70.954393,3.35,161.2,10.59,3.4,,1.3
"2025-05-02 23:58:26",3440,2849,67256,-33.063255,-70.954357,3.45,162.9,10.56,3.4,,1.4
"2025-05-02 23:58:27",3441,2850,67248,0,,4.15,155.6,10.55,3.4,,1.4
"2025-05-02 23:58:28",3442,2851,67240,0,,3.5,156.7,10.54,3.4,,1.3
"2025-05-02 23:58:29",3443,2852,67232,-33.063353,-70.95431,4.15,164.6,10.52,3.4,,1.3
"2025-05-02 23:58:30",3445,2854,67220,0,,4.2,155.4,10.51,3.4,,1.3
"2025-05-02 23:58:31",3446,2855,67209,0,,3.5,164.1,10.51,3.4,,1.3
"2025-05-02 23:58:32",3448,2857,67198,-33.063452,-70.954265,3.85,160.2,10.49,3.4,,1.3
"2025-05-02 23:58:33",3449,2858,67187,0,,3.05,156.1,10.48,3.4,,1.3
"2025-05-02 23:58:34",3450,2859,67177,0,,3.85,166.5,10.48,3.4,,1.3
"2025-05-02 23:58:35",3451,2860,67168,-33.063543,-70.954227,3.85,155.1,10.47,3.4,,1.3
"2025-05-02 23:58:36",3452,2861,67158,0,,3.75,166.2,10.46,3.4,,1.3
"2025-05-02 23:58:37",3454,2863,67149,0,,4.45,165.4,10.46,3.4,,1.2
"2025-05-02 23:58:38",3455,2864,67140,-33.063645,-70.954192,3.35,155.4,10.45,3.4,,1.2
"2025-05-02 23:58:39",3456,2865,67128,0,,3.5,166.3,10.43,3.4,,1.2
"2025-05-02 23:58:40",3457,2866,67117,0,,3.7,154.5,10.43,3.4,,1.3
"2025-05-02 23:58:41",3459,2868,67106,-33.063733,-70.954157,3.3,171.3,10.42,3.4,12.75,1.3
"2025-05-02 23:58:42",3460,2869,67095,0,,3.7,168.2,10.4,3.4,,1.3
"2025-05-02 23:58:43",3462,2871,67084,0,,3,159,10.38,3.4,,1.3
"2025-05-02 23:58:44",3463,2872,67074,-33.063823,-70.95413,3.65,172.6,10.37,3.4,,1.3
"2025-05-02 23:58:45",3464,2873,67065,0,,3.85,158.3,10.37,3.4,,1.3
"2025-05-02 23:58:46",3465,2874,67056,0,,3.25,166.9,10.36,3.4,,1.2
"2025-05-02 23:58:47",3466,2875,67048,-33.063918,-70.9541,4.2,167.4,10.35,3.4,,1.2
"2025-05-02 23:58:48",3467,2876,67038,0,,3.55,156.8,10.34,3.4,,1.2
"2025-05-02 23:58:49",3469,2878,67028,0,,3.9,172.6,10.33,3.4,,1.3
"2025-05-02 23:58:50",3470,2879,67018,-33.064018,-70.954067,4.2,158.8,10.32,3.4,,1.3
"2025-05-02 23:58:51",3471,2880,67009,0,,3.6,164.3,10.31,3.4,,1.3
"2025-05-02 23:58:52",3472,2881,67000,0,,3.65,171.2,10.3,3.4,,1.2
"2025-05-02 23:58:53",3473,2882,66992,-33.064112,-70.954035,2.9,157.2,10.3,3.4,,1.2
"2025-05-02 23:58:55",3476,2885,66970,0,,3.8,161,10.28,3.4,,1.2
"2025-05-02 23:58:56",3477,2886,66960,-33.064203,-70.954005,3.15,167.7,10.28,3.4,,1.2
"2025-05-02 23:58:57",3478,2887,66952,0,,4.05,174.7,10.28,3.4,,1.2
"2025-05-02 23:58:58",3479,2888,66945,0,,3.3,162.8,10.27,3.4,,1.2
"2025-05-02 23:58:59",3480,2889,66938,-33.064298,-70.953985,3.65,180.2,10.27,3.35,,1.1
"2025-05-02 23:59:00",3481,2890,66929,0,,3.9,170.7,10.27,3.35,,1.1
"2025-05-02 23:59:01",3482,2891,66920,0,,3,169.4,10.27,3.3,,1.1
"2025-05-02 23:59:02",3483,2892,66912,-33.064392,-70.95397,3.35,162.9,10.26,3.3,,1.1
"2025-05-02 23:59:03",3484,2893,66901,0,,3.2,165.9,10.25,3.3,,1.1
"2025-05-02 23:59:04",3486,2895,66890,0,,3.3,175.9,10.23,3.25,,1.1
"2025-05-02 23:59:05",3487,2896,66880,-33.064478,-70.953948,3.55,167.2,10.22,3.25,,1.2
"2025-05-02 23:59:06",3489,2898,66867,0,,3.45,173,10.21,3.25,,1.2
"2025-05-02 23:59:07",3490,2899,66855,0,,3.8,170.8,10.2,3.25,,1.2
"2025-05-02 23:59:08",3492,2901,66844,-33.064573,-70.953928,3.45,160.1,10.2,3.25,12.5,1.2
"2025-05-02 23:59:09",3493,2902,66834,0,,3.05,171.9,10.2,3.3,,1.2
"2025-05-02 23:59:10",3494,2903,66825,0,,3.15,160.9,10.21,3.25,,1.2
"2025-05-02 23:59:11",3495,2904,66816,-33.064657,-70.9539,3,168,10.21,3.25,,1.3
"2025-05-02 23:59:12",3496,2905,66806,0,,3.9,173.2,10.2,3.25,,1.3
"2025-05-02 23:59:13",3497,2906,66797,0,,3.6,161.5,10.19,3.25,,1.3
"2025-05-02 23:59:14",3499,2908,66788,-33.06475,-70.953878,3.25,177.7,10.19,3.25,,1.3
"2025-05-02 23:59:15",3500,2909,66779,0,,3.5,168.2,10.17,3.2,,1.3
"2025-05-02 23:59:16",3501,2910,66771,0,,2.7,164.3,10.17,3.2,,1.2
"2025-05-02 23:59:17",3502,2911,66764,-33.064835,-70.953858,3.5,172.6,10.16,3.2,,1.2
"2025-05-02 23:59:18",3503,2912,66755,0,,3.5,155.1,10.16,3.2,,1.2
"2025-05-02 23:59:19",3504,2913,66746,0,,3.2,163.2,10.16,3.2,,1.1
"2025-05-02 23:59:20",3505,2914,66738,-33.064925,-70.953823,3.8,164.2,10.15,3.2,,1.1
"2025-05-02 23:59:21",3506,2915,66727,0,,3,171.3,10.15,3.2,,1.1
"2025-05-02 23:59:22",3507,2916,66716,0,,3.65,176.4,10.13,3.2,,1.1
"2025-05-02 23:59:23",3509,2918,66706,-33.065015,-70.953803,3.55,158.3,10.12,3.2,,1.1
"2025-05-02 23:59:26",3511,2920,66686,-33.065102,-70.95378,3.05,169.3,10.07,3.2,,1.1
"2025-05-02 23:59:27",3513,2922,66675,0,,3.5,177.4,10.06,3.2,,1.1
"2025-05-02 23:59:28",3514,2923,66665,0,,3.5,161.4,10.05,3.2,,1.1
"2025-05-02 23:59:29",3515,2924,66656,-33.065188,-70.953763,2.75,170.8,10.04,3.15,,1.1
"2025-05-02 23:59:30",3516,2925,66645,0,,3.7,165.5,10.04,3.15,,1.1
"2025-05-02 23:59:31",3518,2927,66634,0,,3.7,169.3,10.03,3.15,,1.2
"2025-05-02 23:59:32",3519,2928,66624,-33.065283,-70.953745,3.45,175.8,10.02,3.15,,1.2
"2025-05-02 23:59:33",3520,2929,66614,0,,3.4,160.6,10.01,3.15,,1.2
"2025-05-02 23:59:34",3521,2930,66605,0,,2.85,169.3,10,3.15,,1.2
"2025-05-02 23:59:35",3523,2932,66596,-33.065372,-70.95372,3.8,162.1,10,3.15,12.5,1.1
"2025-05-02 23:59:36",3524,2933,66587,0,,3.6,165.3,10,3.15,,1.1
"2025-05-02 23:59:37",3525,2934,66578,0,,3.2,171.7,10,3.15,,1.1
"2025-05-02 23:59:38",3526,2935,66570,-33.065465,-70.953687,3.75,151.6,10,3.15,,1.2
"2025-05-02 23:59:39",3527,2936,66559,0,,3.35,162,10,3.15,,1.2
"2025-05-02 23:59:40",3528,2937,66549,0,,3.65,159.8,10,3.15,,1.2
"2025-05-02 23:59:41",3530,2939,66540,-33.065555,-70.95364,3.65,153.1,10.01,3.15,,1.2
"2025-05-02 23:59:42",3531,2940,66531,0,,3.35,173.5,10.01,3.1,,1.2
"2025-05-02 23:59:43",3532,2941,66522,0,,3.7,161,10,3.1,,1.2
"2025-05-02 23:59:44",3533,2942,66514,-33.065642,-70.95361,3.05,163.2,10,3.1,,1.2
"2025-05-02 23:59:45",3534,2943,66507,0,,3.55,172.4,10,3.1,,1.1
"2025-05-02 23:59:46",3534,2943,66500,0,,3.55,162.8,9.99,3.1,,1.1
"2025-05-02 23:59:47",3535,2944,66494,-33.065728,-70.953585,2.95,158.4,10,3.1,,1.1
"2025-05-02 23:59:48",3536,2945,66484,0,,3.55,150,10,3.1,,1.1
"2025-05-02 23:59:49",3538,2947,66475,0,,3.15,153.4,10,3.1,,1.1
"2025-05-02 23:59:50",3539,2948,66466,-33.065808,-70.953538,3.5,157.5,9.99,3.1,,1.1
"2025-05-02 23:59:52",3541,2950,66452,0,,3.25,158.1,9.98,3.1,,1
"2025-05-02 23:59:53",3541,2950,66446,-33.065895,-70.953493,3.45,160.7,9.98,3.1,,1
"2025-05-02 23:59:56",3545,2954,66418,-33.065972,-70.953457,2.9,150.8,9.98,3.1,,1
"2025-05-02 23:59:58",3547,2956,66402,0,,3.4,153.6,9.98,3.05,,1
"2025-05-02 23:59:59",3548,2957,66394,-33.066042,-70.95341,3.1,156.6,9.97,3.1,,1
"2025-05-02 00:00:01",3550,2959,66378,0,,3.35,148.7,9.96,3.05,,1
"2025-05-02 00:00:02",3551,2960,66370,-33.06612,-70.953363,2.75,148,9.96,3.05,12.25,1
"2025-05-02 00:00:04",3553,2962,66351,0,,2.8,153.9,9.96,3.05,,1
"2025-05-02 00:00:05",3554,2963,66342,-33.066193,-70.953322,3.3,161.3,9.93,3.05,,1.1
"2025-05-02 00:00:07",3556,2965,66326,0,,3.15,154.2,9.91,3.05,,1.1
"2025-05-02 00:00:08",3557,2966,66318,-33.066277,-70.953273,3.95,152.1,9.9,3.05,,1.1
"2025-05-02 00:00:10",3559,2968,66301,0,,3.05,151.7,9.88,3.05,,1
"2025-05-02 00:00:11",3560,2969,66294,-33.066355,-70.953217,3.6,143,9.88,3.05,,1
"2025-05-02 00:00:13",3562,2971,66279,0,,3.5,153.4,9.88,3.05,,1
"2025-05-02 00:00:14",3563,2972,66272,-33.06643,-70.953162,3.3,153.7,9.88,3.05,,1
"2025-05-02 00:00:15",3564,2973,66265,0,,3.15,156.6,9.87,3.05,,1
"2025-05-02 00:00:16",3565,2974,66258,0,,3.85,143.6,9.87,3.05,,1
"2025-05-02 00:00:17",3566,2975,66252,-33.066507,-70.953105,2.75,142.4,9.87,3.05,,1
"2025-05-02 00:00:18",3567,2976,66241,0,,3.55,150.4,9.87,3.05,,1
"2025-05-02 00:00:19",3568,2977,66231,0,,3.65,139.8,9.86,3.05,,1
"2025-05-02 00:00:20",3569,2978,66222,-33.066583,-70.95304,3.1,149.7,9.84,3.05,,1
"2025-05-02 00:00:21",3570,2979,66213,0,,3.45,148.3,9.83,3,,1
"2025-05-02 00:00:22",3572,2981,66204,0,,2.45,151.1,9.84,3,,1
"2025-05-02 00:00:23",3573,2982,66196,-33.066655,-70.95299,3.3,151.4,9.83,3,,1
"2025-05-02 00:00:24",3574,2983,66187,0,,3.35,138.1,9.82,3,,1
"2025-05-02 00:00:25",3575,2984,66178,0,,3.3,142.9,9.81,3,,1.1
"2025-05-02 00:00:26",3576,2985,66170,-33.06673,-70.952925,3.8,150.1,9.79,3,,1.1
"2025-05-02 00:00:27",3577,2986,66161,0,,2.65,143.3,9.78,3,,1.1
"2025-05-02 00:00:28",3578,2987,66152,0,,3.1,144.6,9.77,3,,1.1
"2025-05-02 00:00:29",3579,2988,66144,-33.0668,-70.952862,3.5,134,9.77,3,12,1.1
"2025-05-02 00:00:30",3580,2989,66134,0,,2.75,136.2,9.75,3,,1.1
"2025-05-02 00:00:31",3582,2991,66125,0,,3.75,146.2,9.76,3,,1.1
"2025-05-02 00:00:32",3583,2992,66116,-33.06687,-70.952792,3.2,142.6,9.75,3,,1.1
"2025-05-02 00:00:33",3584,2993,66109,0,,2.9,153.4,9.75,3,,1.1
"2025-05-02 00:00:34",3584,2993,66102,0,,3.6,140.8,9.75,3,,1.1
"2025-05-02 00:00:35",3585,2994,66096,-33.066942,-70.952737,2.7,134.2,9.75,3,,1.1
"2025-05-02 00:00:36",3586,2995,66086,0,,3.55,149.9,9.74,3,,1.1
"2025-05-02 00:00:37",3588,2997,66077,0,,3.55,135.5,9.74,3,,1.1
"2025-05-02 00:00:38",3589,2998,66068,-33.067012,-70.952673,3,142.4,9.73,3,,1.1
"2025-05-02 00:00:39",3590,2999,66059,0,,3.85,139.9,9.73,3,,1.1
"2025-05-02 00:00:40",3591,3000,66051,0,,3.2,128.4,9.73,2.95,,1.1
"2025-05-02 00:00:41",3592,3001,66044,-33.06708,-70.952602,3.2,146.4,9.72,2.95,,1.1
"2025-05-02 00:00:42",3593,3002,66036,0,,3.05,135.1,9.71,2.95,,1
"2025-05-02 00:00:43",3594,3003,66029,0,,2.45,142.5,9.7,2.95,,1
"2025-05-02 00:00:44",3595,3004,66022,-33.067142,-70.95254,3.5,141,9.7,2.95,,1
"2025-05-02 00:00:45",3596,3005,66014,0,,2.95,128.2,9.69,2.95,,1
"2025-05-02 00:00:46",3597,3006,66006,0,,3.2,144.7,9.69,2.95,,1
"2025-05-02 00:00:47",3598,3007,65998,-33.067205,-70.95247,3.4,139.7,9.69,2.95,,1
"2025-05-02 00:00:48",3599,3008,65990,0,,2.25,145.4,9.69,2.95,,1
"2025-05-02 00:00:49",3599,3008,65983,0,,3.35,146.1,9.69,2.95,,1
"2025-05-02 00:00:50",3600,3009,65976,-33.067265,-70.952413,2.85,131.6,9.69,2.95,,1
"2025-05-02 00:00:51",3602,3011,65965,0,,2.45,143.5,9.67,2.95,,1
"2025-05-02 00:00:52",3603,3012,65955,0,,3.3,133.1,9.66,2.95,,1
"2025-05-02 00:00:53",3604,3013,65946,-33.067318,-70.952353,2.5,125.6,9.64,2.95,,1
"2025-05-02 00:00:56",3607,3016,65922,-33.067373,-70.952285,2.75,147.7,9.62,2.95,12,1
"2025-05-02 00:00:57",3608,3017,65913,0,,3.2,132.2,9.62,2.95,,1.1
"2025-05-02 00:00:58",3609,3018,65905,0,,2.55,128.6,9.61,2.95,,1.1
"2025-05-02 00:00:59",3610,3019,65898,-33.067427,-70.952218,2.65,134,9.61,2.95,,1
"2025-05-02 00:01:00",3611,3020,65889,0,,3.15,125.7,9.61,2.95,,1.1
"2025-05-02 00:01:01",3612,3021,65880,0,,2.9,137.1,9.6,2.95,,1.1
"2025-05-02 00:01:02",3614,3023,65872,-33.067482,-70.952145,3.45,131.9,9.6,2.95,,1.1
"2025-05-02 00:01:03",3614,3023,65864,0,,2.8,133.4,9.59,2.95,,1.1
"2025-05-02 00:01:04",3616,3025,65856,0,,2.8,146.6,9.58,2.95,,1.1
"2025-05-02 00:01:05",3617,3026,65848,-33.067537,-70.952082,3,131.3,9.57,2.95,,1.1
"2025-05-02 00:01:06",3618,3027,65839,0,,2.5,138.4,9.56,2.95,,1
"2025-05-02 00:01:07",3619,3028,65830,0,,2.9,135.5,9.54,2.95,,1
"2025-05-02 00:01:08",3620,3029,65822,-33.067587,-70.952018,2.85,117.9,9.54,2.95,,1.1
"2025-05-02 00:01:09",3621,3030,65811,0,,2.85,137.8,9.53,2.95,,1.1
"2025-05-02 00:01:10",3623,3032,65800,0,,3.1,133.7,9.53,2.95,,1.1
"2025-05-02 00:01:11",3624,3033,65790,-33.067638,-70.95195,2.6,137.1,9.52,2.95,,1.1
"2025-05-02 00:01:12",3625,3034,65783,0,,3.05,150,9.51,2.95,,1.1
"2025-05-02 00:01:13",3625,3034,65777,0,,2.65,122.8,9.49,2.95,,1.1
"2025-05-02 00:01:14",3626,3035,65772,-33.067695,-70.951887,2.7,134.3,9.48,2.95,,1.1
"2025-05-02 00:01:15",3627,3036,65761,0,,3.25,134,9.49,2.95,,1.1
"2025-05-02 00:01:16",3629,3038,65751,0,,2.65,124.8,9.48,2.95,,1.1
"2025-05-02 00:01:17",3630,3039,65742,-33.067748,-70.951817,3,143.1,9.47,2.95,,1.1
"2025-05-02 00:01:18",3631,3040,65734,0,,2.8,125.7,9.47,2.95,,1.1
"2025-05-02 00:01:19",3632,3041,65727,0,,2.2,129.4,9.47,2.95,,1.1
"2025-05-02 00:01:20",3633,3042,65720,-33.067798,-70.951755,3.3,142.4,9.46,2.95,,1.1
"2025-05-02 00:01:21",3633,3042,65713,0,,2.4,126.2,9.45,2.95,,1
"2025-05-02 00:01:22",3634,3043,65707,0,,2.3,146.2,9.44,2.95,,1
"2025-05-02 00:01:23",3635,3044,65702,-33.067852,-70.951697,3.1,132.5,9.43,2.95,11.75,0.9
"2025-05-02 00:01:24",3636,3045,65694,0,,2.65,126.2,9.42,2.95,,0.9
"2025-05-02 00:01:25",3637,3046,65687,0,,3.4,135.3,9.41,2.95,,0.9
"2025-05-02 00:01:26",3638,3047,65680,-33.067905,-70.951627,2.4,134.7,9.41,2.95,,0.9
"2025-05-02 00:01:27",3639,3048,65671,0,,2.4,140.9,9.4,2.95,,1
"2025-05-02 00:01:28",3640,3049,65663,0,,3.5,126.7,9.4,2.95,,0.9
"2025-05-02 00:01:29",3641,3050,65656,-33.067957,-70.951558,2.55,133.9,9.39,2.95,,0.9
"2025-05-02 00:01:30",3642,3051,65646,0,,3.25,141.9,9.38,2.95,,0.9
"2025-05-02 00:01:31",3643,3052,65637,0,,2.85,134.3,9.37,2.95,,0.9
"2025-05-02 00:01:32",3644,3053,65628,-33.068015,-70.951495,2.25,143.6,9.37,2.95,,1
"2025-05-02 00:01:33",3645,3054,65620,0,,3.15,125.2,9.37,2.95,,1
"2025-05-02 00:01:34",3646,3055,65613,0,,2.45,126.6,9.36,2.95,,1
"2025-05-02 00:01:35",3647,3056,65606,-33.068065,-70.951428,3,139.9,9.36,2.95,,1
"2025-05-02 00:01:36",3648,3057,65599,0,,3.05,121.4,9.34,2.95,,1
"2025-05-02 00:01:37",3649,3058,65593,0,,2.3,136.2,9.34,2.95,,1
"2025-05-02 00:01:38",3649,3058,65588,-33.068115,-70.951357,3.4,125.5,9.33,2.95,,1
"2025-05-02 00:01:39",3650,3059,65580,0,,2.5,123.4,9.32,3,,1
"2025-05-02 00:01:40",3651,3060,65573,0,,2.9,141.3,9.32,3,,1
"2025-05-02 00:01:41",3652,3061,65566,-33.068165,-70.951285,3.1,126.4,9.31,3,,1
"2025-05-02 00:01:42",3653,3062,65557,0,,2,146.4,9.31,3,,1
"2025-05-02 00:01:43",3654,3063,65549,0,,3.1,134.4,9.3,3,,0.9
"2025-05-02 00:01:44",3655,3064,65542,-33.068215,-70.951225,2.35,125.7,9.3,3,,0.9
"2025-05-02 00:01:45",3656,3065,65533,0,,2.55,139,9.3,3,,0.9
"2025-05-02 00:01:46",3657,3066,65524,0,,3.2,124.9,9.29,3,,0.9
"2025-05-02 00:01:47",3659,3068,65516,-33.068263,-70.951162,2.1,143.3,9.29,3,,1
"2025-05-02 00:01:48",3659,3068,65508,0,,2.9,137.6,9.28,3,,1
"2025-05-02 00:01:49",3660,3069,65501,0,,2.65,130.5,9.28,3,,1
"2025-05-02 00:01:50",3661,3070,65494,-33.068315,-70.951107,2.1,151.5,9.28,3,11.5,1
"2025-05-02 00:01:51",3662,3071,65487,0,,2.65,138,9.28,3,,1
"2025-05-02 00:01:52",3663,3072,65480,0,,2.65,135.3,9.27,3.05,,1
"2025-05-02 00:01:53",3664,3073,65474,-33.068368,-70.951052,3.05,135.2,9.26,3.05,,1
"2025-05-02 00:01:56",3667,3076,65450,-33.068422,-70.950992,3.2,135.5,9.24,3.05,,1
"2025-05-02 00:01:57",3668,3077,65441,0,,2.5,138.8,9.24,3,,1
"2025-05-02 00:01:58",3669,3078,65432,0,,2.9,148.6,9.24,3,,1
"2025-05-02 00:01:59",3670,3079,65424,-33.068482,-70.950935,2.95,138.4,9.24,3.05,,1
"2025-05-02 00:02:00",3671,3080,65414,0,,2.2,145.9,9.24,3.05,,1
"2025-05-02 00:02:01",3673,3082,65405,0,,2.9,130.9,9.24,3.05,,1
"2025-05-02 00:02:02",3674,3083,65396,-33.068532,-70.95088,2.3,127.2,9.24,3.05,,1
"2025-05-02 00:02:03",3675,3084,65387,0,,2.65,151.9,9.24,3.05,,1
"2025-05-02 00:02:04",3676,3085,65379,0,,2.75,131.2,9.22,3.05,,1.1
"2025-05-02 00:02:05",3677,3086,65372,-33.068583,-70.950832,1.8,147,9.22,3.1,,1.1
"2025-05-02 00:02:06",3678,3087,65364,0,,2.55,143.9,9.21,3.1,,1.1
"2025-05-02 00:02:07",3679,3088,65357,0,,2.65,126,9.19,3.1,,1.1
"2025-05-02 00:02:08",3680,3089,65350,-33.068633,-70.95078,2.65,149,9.18,3.1,,1.1
"2025-05-02 00:02:09",3680,3089,65343,0,,2.85,136.3,9.17,3.1,,1
"2025-05-02 00:02:10",3681,3090,65336,0,,2.35,141.6,9.17,3.1,,1
"2025-05-02 00:02:11",3682,3091,65330,-33.06869,-70.95073,2.55,156.7,9.16,3.1,,1
"2025-05-02 00:02:12",3683,3092,65321,0,,2.15,127,9.15,3.1,,1
"2025-05-02 00:02:13",3684,3093,65312,0,,2.35,154.2,9.15,3.1,,1
"2025-05-02 00:02:14",3685,3094,65304,-33.068743,-70.950688,2.8,147.1,9.15,3.1,,1
"2025-05-02 00:02:15",3686,3095,65296,0,,2.2,141.8,9.15,3.1,,1
"2025-05-02 00:02:16",3687,3096,65289,0,,2.25,157.9,9.14,3.1,,1
"2025-05-02 00:02:17",3688,3097,65282,-33.068793,-70.95065,2,132.8,9.13,3.15,11.5,1
"2025-05-02 00:02:18",3689,3098,65273,0,,2.55,149.7,9.12,3.15,,1
"2025-05-02 00:02:19",3690,3099,65265,0,,2.7,154,9.12,3.15,,1
"2025-05-02 00:02:20",3691,3100,65258,-33.068847,-70.950608,2.1,129.5,9.11,3.15,,1
"2025-05-02 00:02:22",3693,3102,65243,0,,2.05,136.8,9.09,3.15,,1
"2025-05-02 00:02:23",3694,3103,65236,-33.06889,-70.950565,2,135.3,9.09,3.15,,1
"2025-05-02 00:02:26",3696,3105,65218,-33.068947,-70.95052,2.6,147.3,9.05,3.15,,0.9
"2025-05-02 00:02:28",3699,3108,65200,0,,1.95,136.8,9.04,3.15,,0.9
"2025-05-02 00:02:29",3700,3109,65192,-33.069002,-70.950482,2.35,154.4,9.03,3.15,,1
"2025-05-02 00:02:31",3702,3111,65175,0,,2.2,138.4,9.02,3.15,,1
"2025-05-02 00:02:32",3703,3112,65168,-33.06905,-70.950437,2.9,151.3,9.01,3.15,,1
"2025-05-02 00:02:34",3705,3114,65152,0,,2.2,154.7,9,3.15,,1
"2025-05-02 00:02:35",3706,3115,65144,-33.069102,-70.950392,2.85,150.9,8.99,3.15,,1
"2025-05-02 00:02:37",3708,3117,65128,0,,2.8,156.6,8.98,3.15,,1
"2025-05-02 00:02:38",3709,3118,65120,-33.069158,-70.95035,2.5,135.6,8.96,3.15,,1
"2025-05-02 00:02:39",3710,3119,65113,0,,1.65,155.7,8.96,3.2,,1
"2025-05-02 00:02:40",3711,3120,65106,0,,2.5,144.4,8.95,3.2,,1
"2025-05-02 00:02:41",3711,3120,65100,-33.069205,-70.95031,1.85,138.2,8.94,3.15,,1
"2025-05-02 00:02:42",3712,3121,65092,0,,2.4,164.3,8.94,3.1,,1
"2025-05-02 00:02:43",3713,3122,65085,0,,2.55,139.7,8.93,3.15,,1
"2025-05-02 00:02:44",3714,3123,65078,-33.069257,-70.950278,1.85,158.5,8.92,3.15,11.25,1
"2025-05-02 00:02:45",3715,3124,65070,0,,1.85,158.5,8.9,3.1,,1
"2025-05-02 00:02:46",3716,3125,65062,0,,2.1,142.1,8.89,3.1,,1
"2025-05-02 00:02:47",3717,3126,65054,-33.069312,-70.950243,2.8,145.1,8.88,3.15,,1
"2025-05-02 00:02:48",3718,3127,65047,0,,2.7,144.7,8.88,3.15,,0.9
"2025-05-02 00:02:49",3719,3128,65040,0,,2.1,156,8.86,3.15,,0.9
"2025-05-02 00:02:50",3720,3129,65034,-33.06937,-70.950203,2.7,155.5,8.86,3.15,,0.9
"2025-05-02 00:02:51",3721,3130,65026,0,,2.3,141.4,8.85,3.15,,0.9
"2025-05-02 00:02:52",3722,3131,65018,0,,2.65,143.9,8.84,3.15,,0.9
"2025-05-02 00:02:53",3723,3132,65010,-33.069427,-70.950155,2.9,139.5,8.85,3.15,,0.9
"2025-05-02 00:02:55",3725,3134,64992,0,,2.9,154.7,8.83,3.15,,1
"2025-05-02 00:02:56",3726,3135,64984,-33.069487,-70.950112,2.45,150.9,8.83,3.15,,1
"2025-05-02 00:02:57",3727,3136,64976,0,,2.45,150.3,8.82,3.15,,1
"2025-05-02 00:02:58",3728,3137,64969,0,,3.15,141.9,8.83,3.2,,1
"2025-05-02 00:02:59",3729,3138,64962,-33.069547,-70.950065,2.05,143.6,8.82,3.2,,1
"2025-05-02 00:03:00",3730,3139,64953,0,,2.65,151.3,8.81,3.2,,1
"2025-05-02 00:03:01",3731,3140,64945,0,,2.65,149,8.81,3.2,,1
"2025-05-02 00:03:02",3732,3141,64938,-33.069605,-70.950027,2,161.1,8.81,3.25,,1
"2025-05-02 00:03:03",3733,3142,64929,0,,2.75,141.6,8.8,3.25,,1
"2025-05-02 00:03:04",3734,3143,64921,0,,2,128.8,8.8,3.25,,1
"2025-05-02 00:03:05",3735,3144,64914,-33.069653,-70.949978,2.45,138.7,8.8,3.3,,1
"2025-05-02 00:03:06",3736,3145,64906,0,,2.75,125.2,8.81,3.35,,1
"2025-05-02 00:03:07",3737,3146,64899,0,,1.9,130.4,8.81,3.45,,1
"2025-05-02 00:03:08",3738,3147,64892,-33.069697,-70.94992,2.9,140.2,8.82,3.65,,1
"2025-05-02 00:03:09",3739,3148,64883,0,,2.05,130.1,8.82,3.85,,1
"2025-05-02 00:03:10",3740,3149,64874,0,,2,133.5,8.82,4.05,,1
"2025-05-02 00:03:11",3741,3150,64866,-33.069738,-70.949863,2.65,124.1,8.83,4.25,11.25,1
"2025-05-02 00:03:12",3742,3151,64857,0,,1.8,119.4,8.83,4.45,,1
"2025-05-02 00:03:13",3743,3152,64848,0,,2.8,130.1,8.84,4.65,,1
"2025-05-02 00:03:14",3745,3154,64840,-33.069777,-70.949797,2.4,123.9,8.85,4.85,,1
"2025-05-02 00:03:15",3745,3154,64833,0,,2.1,135.1,8.86,5.05,,1
"2025-05-02 00:03:16",3746,3155,64827,0,,2.95,135.5,8.88,5.3,,1
"2025-05-02 00:03:17",3747,3156,64822,-33.069818,-70.949737,1.85,116,8.89,5.5,,1
"2025-05-02 00:03:18",3748,3157,64814,0,,2.45,114.8,8.9,5.7,,1
"2025-05-02 00:03:19",3749,3158,64806,0,,2.4,117,8.92,5.9,,1
"2025-05-02 00:03:20",3750,3159,64798,-33.069845,-70.949672,1.5,120.1,8.94,6.1,,1
"2025-05-02 00:03:21",3751,3160,64791,0,,2.55,119,8.94,6.3,,1
"2025-05-02 00:03:22",3751,3160,64785,0,,2.15,126,8.94,6.5,,0.9
"2025-05-02 00:03:23",3752,3161,64780,-33.069878,-70.949612,2.55,128.7,8.94,6.7,,0.9
"2025-05-02 00:03:26",3755,3164,64756,-33.069908,-70.949553,2.55,117.9,8.94,7.15,,0.9
"2025-05-02 00:03:27",3757,3166,64746,0,,2.5,110.7,8.95,7.25,,0.9
"2025-05-02 00:03:28",3758,3167,64737,0,,2.25,127.8,8.95,7.35,,1
"2025-05-02 00:03:29",3759,3168,64728,-33.069937,-70.949485,2.75,113.5,8.95,7.45,,1
"2025-05-02 00:03:30",3760,3169,64719,0,,1.65,121.1,8.96,7.6,,1
"2025-05-02 00:03:31",3761,3170,64710,0,,2.3,125.5,8.95,7.7,,1
"2025-05-02 00:03:32",3762,3171,64702,-33.069967,-70.949422,2.8,109.3,8.95,7.8,,1
"2025-05-02 00:03:33",3763,3172,64694,0,,2.4,126.3,8.94,7.9,,1
"2025-05-02 00:03:34",3764,3173,64687,0,,2.8,110.1,8.94,7.95,,1
"2025-05-02 00:03:35",3765,3174,64680,-33.069995,-70.949348,2,112.3,8.95,8,,1
"2025-05-02 00:03:36",3766,3175,64671,0,,2.55,127.2,8.95,8.1,,1.1
"2025-05-02 00:03:37",3767,3176,64662,0,,2.6,110,8.94,8.2,,1.1
"2025-05-02 00:03:38",3768,3177,64654,-33.070027,-70.949282,2,127.3,8.94,8.25,11,1.1
"2025-05-02 00:03:39",3769,3178,64648,0,,2.6,114.6,8.94,8.3,,1.1
"2025-05-02 00:03:40",3770,3179,64642,0,,1.85,99.9,8.93,8.35,,1
"2025-05-02 00:03:41",3771,3180,64636,-33.070052,-70.949217,2.25,120.7,8.94,8.45,,1
"2025-05-02 00:03:42",3772,3181,64627,0,,2.45,100.7,8.94,8.6,,1
"2025-05-02 00:03:43",3773,3182,64619,0,,2.2,102.2,8.93,8.65,,1
"2025-05-02 00:03:44",3774,3183,64612,-33.07007,-70.949142,3.1,114.8,8.92,8.8,,1
"2025-05-02 00:03:45",3775,3184,64605,0,,2.1,95.9,8.92,8.9,,1
"2025-05-02 00:03:46",3776,3185,64598,0,,2.55,125.2,8.92,9,,0.9
"2025-05-02 00:03:47",3776,3185,64592,-33.070097,-70.949067,2.9,112.7,8.92,9.1,,0.9
"2025-05-02 00:03:48",3777,3186,64585,0,,1.85,106.3,8.9,9.2,,0.9
"2025-05-02 00:03:49",3778,3187,64579,0,,2.55,109.4,8.89,9.3,,0.9
"2025-05-02 00:03:50",3779,3188,64574,-33.070115,-70.948997,2.4,95.4,8.88,9.4,,0.9
"2025-05-02 00:03:51",3780,3189,64565,0,,2.35,117,8.88,9.5,,0.9
"2025-05-02 00:03:52",3781,3190,64556,0,,3.1,107.3,8.88,9.5,,0.9
"2025-05-02 00:03:53",3782,3191,64548,-33.070138,-70.948922,2.05,112.6,8.87,9.6,,0.9
"2025-05-02 00:03:55",3784,3193,64533,0,,2.25,93.7,8.85,9.7,,0.9
"2025-05-02 00:03:56",3785,3194,64526,-33.070158,-70.948853,2.25,113.3,8.85,9.75,,0.9
"2025-05-02 00:03:57",3786,3195,64518,0,,3.05,102.5,8.85,9.8,,0.9
"2025-05-02 00:03:58",3787,3196,64511,0,,2.3,104,8.85,9.8,,0.9
"2025-05-02 00:03:59",3788,3197,64504,-33.070182,-70.948773,2.7,121.1,8.83,9.85,,0.9
"2025-05-02 00:04:00",3789,3198,64496,0,,2.5,104.5,8.83,9.9,,0.9
"2025-05-02 00:04:01",3790,3199,64488,0,,1.85,120.1,8.82,9.9,,1
"2025-05-02 00:04:02",3791,3200,64480,-33.070205,-70.948705,2.7,114.8,8.82,9.95,,1
"2025-05-02 00:04:03",3792,3201,64473,0,,2.1,97.8,8.82,9.9,,1
"2025-05-02 00:04:04",3792,3201,64466,0,,2.3,123.2,8.81,9.95,,1
"2025-05-02 00:04:05",3793,3202,64460,-33.070227,-70.948635,2.85,104.5,8.8,9.95,11,0.9
"2025-05-02 00:04:06",3794,3203,64451,0,,2.85,104.5,8.79,10,,1
"2025-05-02 00:04:07",3796,3205,64442,0,,2.4,116.4,8.78,10,,1
"2025-05-02 00:04:08",3797,3206,64434,-33.070245,-70.948568,2.4,96.8,8.78,10.05,,1
"2025-05-02 00:04:09",3798,3207,64427,0,,2,126.6,8.77,10.05,,1
"2025-05-02 00:04:10",3798,3207,64420,0,,2.7,114.1,8.75,10.05,,1
"2025-05-02 00:04:11",3799,3208,64414,-33.070268,-70.948503,1.95,105.8,8.75,10.05,,1
"2025-05-02 00:04:12",3800,3209,64407,0,,2.55,126,8.74,10.05,,1
"2025-05-02 00:04:13",3801,3210,64400,0,,2.55,104.4,8.73,10.05,,0.9
"2025-05-02 00:04:14",3802,3211,64394,-33.070293,-70.948433,1.7,103.4,8.72,10.05,,0.9
"2025-05-02 00:04:15",3803,3212,64386,0,,2.9,109.3,8.72,10.05,,0.9
"2025-05-02 00:04:16",3804,3213,64379,0,,2.3,101.6,8.71,10.05,,0.9
"2025-05-02 00:04:17",3805,3214,64372,-33.070313,-70.948358,2.5,122.6,8.7,10.05,,0.9
"2025-05-02 00:04:18",3806,3215,64362,0,,2.95,108.2,8.7,10.05,,1
"2025-05-02 00:04:19",3807,3216,64353,0,,1.9,115.6,8.69,10.05,,1
"2025-05-02 00:04:20",3808,3217,64344,-33.070342,-70.948285,2.75,120,8.69,10.05,,1
"2025-05-02 00:04:21",3809,3218,64336,0,,2.45,98.6,8.68,10.05,,1
"2025-05-02 00:04:22",3810,3219,64328,0,,2.1,122.1,8.67,10.05,,1
"2025-05-02 00:04:23",3811,3220,64320,-33.070365,-70.948212,2.75,103.8,8.67,10.05,,1
"2025-05-02 00:04:26",3814,3223,64300,-33.070383,-70.948142,2.55,92.1,8.66,10,,1
"2025-05-02 00:04:27",3815,3224,64293,0,,2.15,118.4,8.65,10,,1
"2025-05-02 00:04:28",3816,3225,64287,0,,2.9,115.1,8.64,10,,1
"2025-05-02 00:04:29",3816,3225,64282,-33.070407,-70.94807,2,111.2,8.62,10,,1
"2025-05-02 00:04:30",3817,3226,64276,0,,2.5,125.2,8.62,10,,0.9
"2025-05-02 00:04:31",3818,3227,64270,0,,2.35,98.2,8.6,10,,0.9
"2025-05-02 00:04:32",3819,3228,64264,-33.070428,-70.948005,1.85,114.9,8.6,10,10.75,0.9
"2025-05-02 00:04:33",3819,3228,64257,0,,2.95,112.1,8.59,10,,0.8
"2025-05-02 00:04:34",3820,3229,64250,0,,2.35,112,8.58,10,,0.8
"2025-05-02 00:04:35",3821,3230,64244,-33.070457,-70.94793,2.65,127.4,8.57,10,,0.8
"2025-05-02 00:04:36",3822,3231,64236,0,,2.7,104.7,8.56,10,,0.8
"2025-05-02 00:04:37",3823,3232,64229,0,,1.85,123.4,8.56,10,,0.8
"2025-05-02 00:04:38",3824,3233,64222,-33.070483,-70.947862,2.45,114,8.55,10,,0.8
"2025-05-02 00:04:39",3825,3234,64213,0,,2.4,98.6,8.54,10,,0.9
"2025-05-02 00:04:40",3826,3235,64204,0,,2.75,126.1,8.52,10,,0.9
"2025-05-02 00:04:41",3827,3236,64196,-33.070508,-70.947785,2.65,106.1,8.51,10,,0.9
"2025-05-02 00:04:42",3828,3237,64189,0,,1.9,112.5,8.51,10,,0.9
"2025-05-02 00:04:43",3829,3238,64182,0,,2.5,120.5,8.5,10,,0.9
"2025-05-02 00:04:44",3830,3239,64176,-33.07053,-70.947717,2,93.2,8.5,10,,0.9
"2025-05-02 00:04:45",3831,3240,64170,0,,2.55,120.4,8.5,10,,0.9
"2025-05-02 00:04:46",3832,3241,64164,0,,2.9,103.9,8.49,10,,0.9
"2025-05-02 00:04:47",3832,3241,64158,-33.070552,-70.947642,2.05,105.4,8.48,10,,0.9
"2025-05-02 00:04:48",3833,3242,64149,0,,2.65,127.9,8.49,10,,0.9
"2025-05-02 00:04:49",3834,3243,64141,0,,2,108.6,8.48,10,,0.9
"2025-05-02 00:04:50",3835,3244,64134,-33.070582,-70.94758,2.4,121.5,8.47,10,,0.9
"2025-05-02 00:04:52",3837,3246,64120,0,,2.1,104.4,8.45,10,,0.9
"2025-05-02 00:04:53",3838,3247,64114,-33.07061,-70.947507,2.95,124.2,8.45,10,,0.9
"2025-05-02 00:04:55",3840,3249,64102,0,,,,8.44,10,,0.9
"2025-05-02 00:04:56",3840,3249,64096,0,,,,8.42,10,,0.9
"2025-05-02 00:04:58",3843,3252,64078,0,,2.25,122.5,8.4,10.05,,0.9
"2025-05-02 00:04:59",3844,3253,64070,-33.070668,-70.947372,2.9,111.9,8.4,10.05,10.75,0.9
"2025-05-02 00:05:01",3845,3254,64056,0,,2.65,123.4,8.38,10,,0.9
"2025-05-02 00:05:02",3846,3255,64050,-33.0707,-70.947297,2.45,105.3,8.37,10.05,,0.9
"2025-05-02 00:05:04",3848,3257,64035,0,,3.05,117.8,8.34,10.05,,0.9
"2025-05-02 00:05:05",3849,3258,64028,-33.07073,-70.947225,2.1,102.4,8.31,10.05,,0.9
"2025-05-02 00:05:07",3851,3260,64014,0,,2.95,104.4,8.31,10.1,,0.9
"2025-05-02 00:05:08",3852,3261,64008,-33.070755,-70.947152,1.9,121,8.31,10.1,,0.9
"2025-05-02 00:05:10",3853,3262,63993,0,,2.15,95.5,8.31,10.1,,0.9
"2025-05-02 00:05:11",3854,3263,63986,-33.07078,-70.947082,2.25,126.4,8.3,10.1,,0.9
"2025-05-02 00:05:12",3855,3264,63979,0,,3,108.1,8.3,10.15,,0.9
"2025-05-02 00:05:13",3856,3265,63973,0,,2.25,110.5,8.3,10.15,,0.9
"2025-05-02 00:05:14",3857,3266,63968,-33.07081,-70.947005,3.1,123.2,8.3,10.15,,0.9
"2025-05-02 00:05:15",3858,3267,63960,0,,1.95,110.4,8.3,10.15,,0.9
"2025-05-02 00:05:16",3859,3268,63952,0,,2.25,131.1,8.3,10.15,,0.9
"2025-05-02 00:05:17",3860,3269,63944,-33.07084,-70.946937,2.85,107.5,8.3,10.15,,0.9
"2025-05-02 00:05:18",3861,3270,63938,0,,1.85,119.2,8.3,10.15,,0.9
"2025-05-02 00:05:19",3861,3270,63933,0,,3,125.1,8.3,10.15,,0.9
"2025-05-02 00:05:20",3862,3271,63928,-33.070872,-70.946865,2.2,111.5,8.3,10.15,,0.9
"2025-05-02 00:05:21",3863,3272,63919,0,,2.15,135.4,8.3,10.15,,0.9
"2025-05-02 00:05:22",3864,3273,63911,0,,2.95,111.7,8.3,10.15,,0.9
"2025-05-02 00:05:23",3865,3274,63904,-33.070903,-70.9468,1.65,127.1,8.29,10.15,,0.9
"2025-05-02 00:05:25",3866,3275,63893,0,,2.15,109.3,8.28,10.15,,0.9
"2025-05-02 00:05:26",3867,3276,63888,-33.070937,-70.946745,2.05,136.5,8.29,10.2,10.5,0.9
"2025-05-02 00:05:27",3868,3277,63882,0,,2.9,120.6,8.27,10.2,,0.8
"2025-05-02 00:05:28",3869,3278,63877,0,,1.65,111.5,8.24,10.2,,0.8
"2025-05-02 00:05:29",3869,3278,63872,-33.070968,-70.946685,2.85,123.9,8.22,10.2,,0.8
"2025-05-02 00:05:30",3870,3279,63864,0,,2.6,112.8,8.22,10.25,,0.8
"2025-05-02 00:05:31",3871,3280,63857,0,,2,130.2,8.21,10.25,,0.8
"2025-05-02 00:05:32",3872,3281,63850,-33.071007,-70.94662,2.8,127.8,8.2,10.25,,0.8
"2025-05-02 00:05:33",3873,3282,63843,0,,1.5,132.8,8.19,10.25,,0.8
"2025-05-02 00:05:34",3874,3283,63836,0,,2.5,126.6,8.19,10.3,,0.8
"2025-05-02 00:05:35",3875,3284,63830,-33.071042,-70.946565,2.25,114.5,8.18,10.3,,0.8
"2025-05-02 00:05:36",3876,3285,63821,0,,1.55,128.8,8.18,10.35,,0.8
"2025-05-02 00:05:37",3877,3286,63813,0,,2.75,121.9,8.16,10.35,,0.9
"2025-05-02 00:05:38",3878,3287,63806,-33.071075,-70.946508,1.8,133.5,8.15,10.4,,0.9
"2025-05-02 00:05:39",3879,3288,63798,0,,2.3,133.7,8.15,10.4,,0.9
"2025-05-02 00:05:40",3880,3289,63791,0,,2.4,117.6,8.14,10.45,,0.9
"2025-05-02 00:05:41",3881,3290,63784,-33.07111,-70.946458,1.6,140.7,8.14,10.45,,0.9
"2025-05-02 00:05:42",3881,3290,63777,0,,2.45,127.5,8.13,10.5,,0.9
"2025-05-02 00:05:43",3882,3291,63770,0,,1.7,123.2,8.12,10.55,,0.9
"2025-05-02 00:05:44",3883,3292,63764,-33.071145,-70.94641,2.15,140.8,8.11,10.55,,0.9
"2025-05-02 00:05:45",3884,3293,63757,0,,2.55,117.7,8.11,10.55,,0.9
"2025-05-02 00:05:46",3885,3294,63751,0,,1.5,138.3,8.1,10.6,,0.9
"2025-05-02 00:05:47",3886,3295,63746,-33.071182,-70.946357,2.7,130.3,8.1,10.6,,0.9
"2025-05-02 00:05:48",3886,3295,63739,0,,2.15,116.6,8.09,10.6,,0.9
"2025-05-02 00:05:49",3887,3296,63732,0,,2.05,143.4,8.08,10.6,,0.9
"2025-05-02 00:05:50",3888,3297,63726,-33.071218,-70.946298,2.55,114.1,8.07,10.65,,0.9
"2025-05-02 00:05:51",3889,3298,63717,0,,1.55,126.4,8.07,10.65,,0.9
"2025-05-02 00:05:52",3890,3299,63709,0,,2.6,139.8,8.06,10.65,,0.9
"2025-05-02 00:05:53",3891,3300,63702,-33.071253,-70.946245,1.85,113.7,8.05,10.7,10.5,0.9
"2025-05-02 00:05:56",3894,3303,63684,-33.071283,-70.946197,1.5,120.3,8.03,10.75,,0.9
"2025-05-02 00:05:57",3894,3303,63678,0,,2.3,131.9,8.01,10.75,,0.9
"2025-05-02 00:05:58",3895,3304,63673,0,,2.2,115.4,8,10.75,,0.8
"2025-05-02 00:05:59",3896,3305,63668,-33.071317,-70.946143,2.25,143.7,8,10.8,,0.8
"2025-05-02 00:06:00",3896,3305,63661,0,,2.45,118.8,7.99,10.75,,0.8
"2025-05-02 00:06:01",3897,3306,63655,0,,1.35,129.1,7.98,10.8,,0.8
"2025-05-02 00:06:02",3898,3307,63650,-33.071353,-70.946093,2.65,142.4,7.98,10.8,,0.8
"2025-05-02 00:06:03",3899,3308,63644,0,,1.85,114.8,7.97,10.85,,0.8
"2025-05-02 00:06:04",3899,3308,63639,0,,1.75,126.5,7.96,10.85,,0.8
"2025-05-02 00:06:05",3900,3309,63634,-33.071387,-70.94604,2.6,122.2,7.96,10.9,,0.8
"2025-05-02 00:06:06",3901,3310,63627,0,,1.5,132.6,7.94,10.85,,0.7
"2025-05-02 00:06:07",3902,3311,63620,0,,2.2,143.8,7.94,10.85,,0.8
"2025-05-02 00:06:08",3903,3312,63614,-33.07142,-70.945993,1.95,118,7.93,10.9,,0.8
"2025-05-02 00:06:09",3904,3313,63606,0,,1.55,151.5,7.92,10.95,,0.8
"2025-05-02 00:06:10",3905,3314,63599,0,,2.5,129.9,7.92,10.95,,0.8
"2025-05-02 00:06:11",3906,3315,63592,-33.071455,-70.945945,1.7,113.5,7.9,10.95,,0.8
"2025-05-02 00:06:12",3906,3315,63585,0,,2.45,132.4,7.89,10.95,,0.8
"2025-05-02 00:06:13",3907,3316,63578,0,,2.4,118.5,7.89,11,,0.8
"2025-05-02 00:06:14",3908,3317,63572,-33.071488,-70.945888,1.45,135.5,7.89,11,,0.8
"2025-05-02 00:06:15",3909,3318,63566,0,,2.35,126.1,7.88,10.95,,0.9
"2025-05-02 00:06:16",3910,3319,63560,0,,1.65,107.7,7.88,11,,0.9
"2025-05-02 00:06:17",3911,3320,63554,-33.071517,-70.945838,2.3,142.1,7.86,11,,0.9
"2025-05-02 00:06:18",3911,3320,63549,0,,2.45,121.1,7.85,11,,0.8
"2025-05-02 00:06:19",3912,3321,63544,0,,2,133.3,7.83,11.05,,0.8
"2025-05-02 00:06:20",3912,3321,63540,-33.071557,-70.945782,2.35,134.9,7.82,11.05,10.25,0.8
"2025-05-02 00:06:21",3913,3322,63532,0,,1.5,116.4,7.81,11.1,,0.8
"2025-05-02 00:06:22",3914,3323,63525,0,,2.05,145.8,7.81,11.1,,0.8
"2025-05-02 00:06:23",3915,3324,63518,-33.07159,-70.945733,2.1,122.8,7.81,11.1,,0.8
"2025-05-02 00:06:24",3916,3325,63511,0,,1.4,122.5,7.8,11.1,,0.8
"2025-05-02 00:06:25",3917,3326,63505,0,,2.45,130,7.79,11.1,,0.8
"2025-05-02 00:06:26",3918,3327,63500,-33.07162,-70.945682,2,117.2,7.79,11.15,,0.8
"2025-05-02 00:06:27",3918,3327,63495,0,,2.05,144.9,7.78,11.2,,0.8
"2025-05-02 00:06:28",3919,3328,63490,0,,2.6,130.5,7.78,11.2,,0.8
"2025-05-02 00:06:29",3919,3328,63486,-33.071658,-70.945633,1.5,131.1,7.77,11.25,,0.7
"2025-05-02 00:06:30",3920,3329,63479,0,,1.9,145.3,7.76,11.25,,0.7
"2025-05-02 00:06:31",3921,3330,63473,0,,2.25,119.8,7.76,11.25,,0.8
"2025-05-02 00:06:32",3922,3331,63468,-33.071693,-70.945588,2.25,133.5,7.75,11.25,,0.8
"2025-05-02 00:06:33",3923,3332,63460,0,,2.4,137,7.75,11.25,,0.8
"2025-05-02 00:06:34",3924,3333,63452,0,,1.45,135.3,7.75,11.25,,0.8
"2025-05-02 00:06:35",3925,3334,63444,-33.071735,-70.945543,2.15,144.8,7.74,11.25,,0.8
"2025-05-02 00:06:36",3926,3335,63436,0,,1.95,124.4,7.73,11.25,,0.8
"2025-05-02 00:06:37",3927,3336,63428,0,,1.45,137.2,7.71,11.25,,0.8
"2025-05-02 00:06:38",3928,3337,63420,-33.071768,-70.9455,2.35,130.3,7.71,11.25,,0.9
"2025-05-02 00:06:39",3929,3338,63414,0,,1.65,119.7,7.7,11.25,,0.9
"2025-05-02 00:06:40",3929,3338,63409,0,,1.85,140.1,7.7,11.25,,0.9
"2025-05-02 00:06:41",3930,3339,63404,-33.071802,-70.945453,2.55,131.2,7.68,11.25,,0.9
"2025-05-02 00:06:42",3931,3340,63397,0,,1.75,148.3,7.68,11.2,,0.9
"2025-05-02 00:06:43",3932,3341,63390,0,,2.2,145.1,7.67,11.25,,0.9
"2025-05-02 00:06:44",3933,3342,63384,-33.071845,-70.94541,1.85,127.8,7.67,11.25,,0.9
"2025-05-02 00:06:45",3934,3343,63377,0,,1.8,159.6,7.65,11.25,,0.9
"2025-05-02 00:06:46",3934,3343,63370,0,,2.2,136,7.65,11.3,,0.9
"2025-05-02 00:06:47",3935,3344,63364,-33.071883,-70.945372,1.8,125,7.63,11.3,10,0.9
"2025-05-02 00:06:48",3936,3345,63359,0,,2.25,142.3,7.63,11.3,,0.9
"2025-05-02 00:06:49",3936,3345,63354,0,,2.2,124.8,7.63,11.35,,0.8
"2025-05-02 00:06:50",3937,3346,63350,-33.07192,-70.945325,1.7,145.3,7.63,11.35,,0.8
"2025-05-02 00:06:51",3938,3347,63343,0,,2.75,137.2,7.62,11.3,,0.8
"2025-05-02 00:06:52",3939,3348,63337,0,,1.9,128.4,7.62,11.35,,0.8
"2025-05-02 00:06:53",3939,3348,63332,-33.071965,-70.945282,2.1,153.6,7.61,11.35,,0.8
"2025-05-02 00:06:56",3942,3351,63314,-33.072005,-70.94524,2.35,142.7,7.59,11.4,,0.8
"2025-05-02 00:06:57",3943,3352,63307,0,,1.65,120.9,7.57,11.4,,0.8
"2025-05-02 00:06:58",3944,3353,63300,0,,1.65,155,7.57,11.4,,0.8
"2025-05-02 00:06:59",3944,3353,63294,-33.07204,-70.9452,2.15,132.6,7.56,11.45,,0.8
"2025-05-02 00:07:00",3945,3354,63287,0,,1.35,155.5,7.55,11.4,,0.8
"2025-05-02 00:07:01",3946,3355,63280,0,,2.25,152.9,7.54,11.4,,0.8
"2025-05-02 00:07:02",3947,3356,63274,-33.07208,-70.945167,1.85,123.6,7.54,11.45,,0.8
"2025-05-02 00:07:03",3948,3357,63269,0,,1.6,158.9,7.53,11.45,,0.8
"2025-05-02 00:07:04",3948,3357,63264,0,,2,132.2,7.52,11.45,,0.8
"2025-05-02 00:07:05",3949,3358,63260,-33.072115,-70.945127,1.25,124.5,7.52,11.45,,0.8
"2025-05-02 00:07:06",3950,3359,63252,0,,1.8,145.7,7.52,11.45,,0.8
"2025-05-02 00:07:07",3951,3360,63245,0,,1.95,132.2,7.52,11.5,,0.8
"2025-05-02 00:07:08",3952,3361,63238,-33.072152,-70.945092,1.85,165.9,7.51,11.5,,0.8
"2025-05-02 00:07:09",3952,3361,63232,0,,1.95,143.2,7.49,11.55,,0.8
"2025-05-02 00:07:10",3953,3362,63227,0,,1.4,132.7,7.49,11.55,,0.8
"2025-05-02 00:07:11",3954,3363,63222,-33.07219,-70.945062,1.65,151.7,7.48,11.55,,0.8
"2025-05-02 00:07:12",3955,3364,63214,0,,2,124.4,7.48,11.55,,0.8
"2025-05-02 00:07:13",3956,3365,63206,0,,1.5,159.6,7.47,11.55,,0.8
"2025-05-02 00:07:14",3957,3366,63198,-33.072228,-70.945025,2.25,145.6,7.47,11.6,10,0.8
"2025-05-02 00:07:15",3958,3367,63192,0,,1.65,127.3,7.46,11.6,,0.8
"2025-05-02 00:07:16",3958,3367,63187,0,,1.85,169.8,7.46,11.6,,0.8
"2025-05-02 00:07:17",3959,3368,63182,-33.07227,-70.944992,2.05,138.1,7.45,11.6,,0.8
"2025-05-02 00:07:18",3960,3369,63176,0,,1.3,149.3,7.44,11.6,,0.8
"2025-05-02 00:07:19",3960,3369,63171,0,,2.2,163.4,7.44,11.6,,0.8
"2025-05-02 00:07:20",3961,3370,63166,-33.07231,-70.944965,1.7,129.2,7.42,11.6,,0.8
"2025-05-02 00:07:22",3963,3372,63154,0,,2.35,133.2,7.39,11.55,,0.8
"2025-05-02 00:07:23",3963,3372,63148,-33.072343,-70.944927,1.5,138.5,7.39,11.55,,0.8
"2025-05-02 00:07:26",3965,3374,63134,-33.072388,-70.944893,1.45,157.9,7.36,11.55,,0.7
"2025-05-02 00:07:28",3967,3376,63121,0,,1.5,134.1,7.34,11.55,,0.7
"2025-05-02 00:07:29",3968,3377,63116,-33.072423,-70.944862,1.95,156.5,7.34,11.55,,0.7
"2025-05-02 00:07:31",3970,3379,63101,0,,1.75,156.9,7.34,11.55,,0.8
"2025-05-02 00:07:32",3971,3380,63094,-33.072468,-70.944825,2.15,155.3,7.33,11.55,,0.8
"2025-05-02 00:07:34",3972,3381,63079,0,,1.75,169.4,7.32,11.5,,0.8
"2025-05-02 00:07:35",3973,3382,63072,-33.072513,-70.944795,2.15,143.6,7.31,11.5,,0.8
"2025-05-02 00:07:37",3975,3384,63062,0,,1.9,148.1,7.3,11.5,,0.8
"2025-05-02 00:07:38",3975,3384,63058,-33.07255,-70.94476,2.1,130.1,7.29,11.5,,0.8
"2025-05-02 00:07:39",3976,3385,63052,0,,1.7,152.1,7.27,11.5,,0.8
"2025-05-02 00:07:40",3977,3386,63047,0,,2.55,145.3,7.26,11.5,,0.8
"2025-05-02 00:07:41",3977,3386,63042,-33.072593,-70.944723,1.65,144.2,7.26,11.5,9.75,0.8
"2025-05-02 00:07:42",3978,3387,63035,0,,1.85,162.7,7.25,11.45,,0.8
"2025-05-02 00:07:43",3979,3388,63029,0,,1.6,138.9,7.24,11.45,,0.8
"2025-05-02 00:07:44",3980,3389,63024,-33.072632,-70.944698,1.15,160.4,7.25,11.45,,0.8
"2025-05-02 00:07:45",3980,3389,63019,0,,2.05,153.3,7.23,11.45,,0.7
"2025-05-02 00:07:46",3981,3390,63014,0,,1.2,139.2,7.23,11.45,,0.7
"2025-05-02 00:07:47",3981,3390,63010,-33.07267,-70.944677,1.55,174,7.23,11.4,,0.7
"2025-05-02 00:07:48",3982,3391,63006,0,,1.8,147.3,7.21,11.45,,0.7
"2025-05-02 00:07:49",3982,3391,63003,0,,1.75,138.4,7.21,11.45,,0.6
"2025-05-02 00:07:50",3983,3392,63000,-33.07271,-70.94465,2.4,148.5,7.2,11.4,,0.6
"2025-05-02 00:07:51",3984,3393,62992,0,,1.55,143.9,7.2,11.4,,0.7
"2025-05-02 00:07:52",3985,3394,62984,0,,1.8,166,7.19,11.35,,0.7
"2025-05-02 00:07:53",3986,3395,62976,-33.072753,-70.944627,1.75,154.3,7.18,11.35,,0.7
"2025-05-02 00:07:55",3988,3397,62962,0,,2.15,152.9,7.17,11.35,,0.7
"2025-05-02 00:07:56",3989,3398,62956,-33.072793,-70.944597,1.75,145.3,7.16,11.3,,0.7
"2025-05-02 00:07:57",3989,3398,62949,0,,1.95,161.7,7.16,11.3,,0.8
"2025-05-02 00:07:58",3990,3399,62943,0,,2.2,155.9,7.16,11.3,,0.8
"2025-05-02 00:07:59",3991,3400,62938,-33.07284,-70.944573,1.4,145.4,7.15,11.25,,0.8
"2025-05-02 00:08:00",3991,3400,62934,0,,2.4,162.7,7.15,11.25,,0.8
"2025-05-02 00:08:01",3992,3401,62930,0,,2.35,152.2,7.15,11.25,,0.8
"2025-05-02 00:08:02",3992,3401,62926,-33.072892,-70.944547,1.9,158.9,7.14,11.25,,0.8
"2025-05-02 00:08:03",3993,3402,62920,0,,1.85,147.4,7.14,11.25,,0.8
"2025-05-02 00:08:04",3994,3403,62915,0,,1.45,140,7.12,11.25,,0.8
"2025-05-02 00:08:05",3995,3404,62910,-33.072935,-70.94452,2.1,168,7.12,11.25,,0.7
"2025-05-02 00:08:06",3995,3404,62904,0,,2.15,149.9,7.11,11.25,,0.7
"2025-05-02 00:08:07",3996,3405,62899,0,,1.8,161.8,7.1,11.25,,0.7
"2025-05-02 00:08:08",3997,3406,62894,-33.072987,-70.944492,2.15,157.5,7.1,11.25,9.75,0.7
"2025-05-02 00:08:09",3997,3406,62887,0,,1.6,131.8,7.09,11.25,,0.7
"2025-05-02 00:08:10",3998,3407,62881,0,,1.75,161.3,7.09,11.25,,0.7
"2025-05-02 00:08:11",3999,3408,62876,-33.07303,-70.944462,2.1,156.7,7.07,11.25,,0.7
"2025-05-02 00:08:12",4000,3409,62870,0,,1.6,168.5,7.07,11.25,,0.7
"2025-05-02 00:08:13",4000,3409,62865,0,,2.15,164.3,7.06,11.3,,0.7
"2025-05-02 00:08:14",4001,3410,62860,-33.073078,-70.944438,1.7,138.8,7.06,11.3,,0.7
"2025-05-02 00:08:15",4002,3411,62854,0,,1.55,167.3,7.05,11.3,,0.7
"2025-05-02 00:08:16",4003,3412,62849,0,,2.2,146.4,7.05,11.3,,0.7
"2025-05-02 00:08:17",4003,3412,62844,-33.073122,-70.944415,1.7,164.3,7.04,11.3,,0.7
"2025-05-02 00:08:18",4004,3413,62838,0,,2.3,173.4,7.03,11.3,,0.7
"2025-05-02 00:08:19",4005,3414,62832,0,,1.75,141.7,7.02,11.3,,0.7
"2025-05-02 00:08:20",4006,3415,62826,-33.073168,-70.944398,1.4,178.1,7.02,11.3,,0.7
"2025-05-02 00:08:21",4006,3415,62821,0,,1.9,148,7.01,11.3,,0.7
"2025-05-02 00:08:22",4007,3416,62816,0,,1.75,152.5,7.01,11.35,,0.7
"2025-05-02 00:08:23",4007,3416,62812,-33.073215,-70.944377,2.3,170,7,11.35,,0.7
"2025-05-02 00:08:26",4009,3418,62798,-33.073265,-70.944358,2.05,165.6,6.97,11.35,,0.7
"2025-05-02 00:08:27",4010,3419,62793,0,,1.25,156.8,6.97,11.3,,0.7
"2025-05-02 00:08:28",4011,3420,62788,0,,2.15,173.4,6.94,11.3,,0.7
"2025-05-02 00:08:29",4011,3420,62784,-33.07331,-70.944343,2.15,146.6,6.94,11.3,,0.7
"2025-05-02 00:08:30",4012,3421,62777,0,,1.3,167.8,6.92,11.3,,0.7
"2025-05-02 00:08:31",4013,3422,62770,0,,2.4,162,6.92,11.3,,0.7
"2025-05-02 00:08:32",4014,3423,62764,-33.073357,-70.944323,1.65,141.5,6.92,11.3,,0.7
"2025-05-02 00:08:33",4014,3423,62759,0,,1.9,174,6.92,11.25,,0.7
"2025-05-02 00:08:34",4015,3424,62754,0,,2.5,152,6.92,11.25,,0.7
"2025-05-02 00:08:35",4016,3425,62750,-33.073407,-70.944303,1.2,166.7,6.92,11.25,9.5,0.7
"2025-05-02 00:08:36",4016,3425,62743,0,,2.25,170.2,6.91,11.25,,0.7
"2025-05-02 00:08:37",4017,3426,62737,0,,1.8,134.5,6.9,11.25,,0.7
"2025-05-02 00:08:38",4018,3427,62732,-33.073452,-70.944282,1.6,178.8,6.9,11.25,,0.7
"2025-05-02 00:08:39",4019,3428,62726,0,,2.55,152.9,6.88,11.25,,0.7
"2025-05-02 00:08:40",4019,3428,62721,0,,1.3,158.1,6.88,11.25,,0.7
"2025-05-02 00:08:41",4020,3429,62716,-33.0735,-70.944262,2.2,173.2,6.87,11.25,,0.7
"2025-05-02 00:08:42",4021,3430,62710,0,,2.2,137.8,6.87,11.25,,0.7
"2025-05-02 00:08:43",4021,3430,62705,0,,1.65,184.3,6.86,11.25,,0.7
"2025-05-02 00:08:44",4022,3431,62700,-33.07355,-70.94424,2.4,161.3,6.85,11.25,,0.7
"2025-05-02 00:08:45",4023,3432,62694,0,,1.25,163.5,6.83,11.25,,0.7
"2025-05-02 00:08:46",4024,3433,62689,0,,2.15,181.9,6.82,11.25,,0.7
"2025-05-02 00:08:47",4024,3433,62684,-33.073597,-70.94423,1.95,151.9,6.81,11.25,,0.7
"2025-05-02 00:08:48",4025,3434,62678,0,,1.75,177.4,6.81,11.25,,0.7
"2025-05-02 00:08:49",4026,3435,62673,0,,2.7,158.4,6.8,11.25,,0.7
"2025-05-02 00:08:50",4026,3435,62668,-33.073648,-70.944215,1.35,166.8,6.8,11.25,,0.7
"2025-05-02 00:08:51",4027,3436,62663,0,,2.05,177.9,6.79,11.25,,0.7
"2025-05-02 00:08:52",4027,3436,62659,0,,1.55,148.6,6.79,11.25,,0.7
"2025-05-02 00:08:53",4028,3437,62656,-33.073688,-70.944207,1.4,180.6,6.79,11.2,,0.7
"2025-05-02 00:08:55",4029,3438,62644,0,,1.25,153.1,6.77,11.2,,0.7
"2025-05-02 00:08:56",4030,3439,62638,-33.073732,-70.94419,2,174.5,6.77,11.2,,0.7
"2025-05-02 00:08:57",4031,3440,62632,0,,1.8,146.7,6.76,11.2,,0.7
"2025-05-02 00:08:58",4032,3441,62627,0,,1.05,176.9,6.76,11.2,,0.7
"2025-05-02 00:08:59",4032,3441,62622,-33.073772,-70.944175,1.95,162.5,6.76,11.2,,0.7
"2025-05-02 00:09:00",4033,3442,62616,0,,1.25,141.8,6.75,11.2,,0.7
"2025-05-02 00:09:01",4034,3443,62611,0,,1.5,177.6,6.75,11.2,,0.7
"2025-05-02 00:09:02",4035,3444,62606,-33.073815,-70.944153,1.9,152.1,6.74,11.2,9.25,0.7
"2025-05-02 00:09:03",4035,3444,62600,0,,1.2,186.1,6.73,11.2,,0.7
"2025-05-02 00:09:04",4036,3445,62595,0,,2.05,180,6.73,11.2,,0.7
"2025-05-02 00:09:05",4037,3446,62590,-33.073858,-70.944145,1.5,155.3,6.73,11.2,,0.7
"2025-05-02 00:09:06",4037,3446,62586,0,,1.8,194.2,6.73,11.15,,0.7
"2025-05-02 00:09:07",4038,3447,62582,0,,2.15,172.7,6.73,11.15,,0.7
"2025-05-02 00:09:08",4038,3447,62578,-33.073907,-70.944142,1.65,161.8,6.71,11.1,,0.7
"2025-05-02 00:09:09",4039,3448,62571,0,,2.35,163.2,6.71,11.15,,0.7
"2025-05-02 00:09:10",4040,3449,62564,0,,1.8,160,6.71,11.15,,0.7
"2025-05-02 00:09:11",4041,3450,62558,-33.073958,-70.944127,2,181,6.7,11.1,,0.7
"2025-05-02 00:09:12",4042,3451,62552,0,,2.15,176.7,6.7,11.05,,0.7
"2025-05-02 00:09:13",4042,3451,62547,0,,1.35,165.7,6.7,11.05,,0.7
"2025-05-02 00:09:14",4043,3452,62542,-33.074008,-70.944122,1.85,171.8,6.68,11.05,,0.7
"2025-05-02 00:09:15",4044,3453,62535,0,,1.7,158.6,6.67,11,,0.7
"2025-05-02 00:09:16",4045,3454,62528,0,,1.7,175.7,6.67,10.95,,0.7
"2025-05-02 00:09:17",4046,3455,62522,-33.074058,-70.944113,2.45,178,6.67,10.95,,0.7
"2025-05-02 00:09:18",4046,3455,62516,0,,1.65,170.8,6.66,10.95,,0.7
"2025-05-02 00:09:19",4047,3456,62511,0,,2,180.9,6.66,10.95,,0.8
"2025-05-02 00:09:20",4048,3457,62506,-33.074115,-70.944108,2.2,167.9,6.66,10.9,,0.8
"2025-05-02 00:09:21",4049,3458,62497,0,,1.6,159.4,6.66,10.9,,0.8
"2025-05-02 00:09:22",4050,3459,62488,0,,2.45,176.6,6.65,10.9,,0.8
"2025-05-02 00:09:23",4051,3460,62480,-33.074168,-70.944097,1.85,174.8,6.65,10.85,,0.9
"2025-05-02 00:09:26",4053,3462,62466,-33.074227,-70.944092,1.55,170.5,6.64,10.8,,0.8
"2025-05-02 00:09:27",4054,3463,62458,0,,1.9,185.6,6.64,10.85,,0.8
"2025-05-02 00:09:28",4055,3464,62451,0,,2.25,168.6,6.63,10.85,,0.9
"2025-05-02 00:09:29",4056,3465,62444,-33.074277,-70.944088,1.4,176.8,6.62,10.8,9.25,0.9
"2025-05-02 00:09:30",4056,3465,62439,0,,2.15,186.5,6.62,10.8,,0.9
"2025-05-02 00:09:31",4057,3466,62434,0,,1.85,165.8,6.61,10.8,,0.8
"2025-05-02 00:09:32",4058,3467,62430,-33.074327,-70.94409,1.8,191.2,6.6,10.75,,0.8
"2025-05-02 00:09:33",4058,3467,62424,0,,2.4,184.8,6.6,10.75,,0.8
"2025-05-02 00:09:34",4059,3468,62419,0,,1.7,167.1,6.59,10.75,,0.8
"2025-05-02 00:09:35",4060,3469,62414,-33.074383,-70.94409,2.5,170.9,6.58,10.75,,0.8
"2025-05-02 00:09:36",4061,3470,62406,0,,2.1,171.8,6.58,10.75,,0.8
"2025-05-02 00:09:37",4062,3471,62398,0,,1.85,189.7,6.57,10.75,,0.8
"2025-05-02 00:09:38",4063,3472,62390,-33.074442,-70.944087,2.6,178.9,6.57,10.75,,0.8
"2025-05-02 00:09:39",4064,3473,62385,0,,1.55,167.8,6.56,10.7,,0.8
"2025-05-02 00:09:40",4064,3473,62380,0,,2.1,179.8,6.56,10.7,,0.8
"2025-05-02 00:09:41",4065,3474,62376,-33.074497,-70.944082,2.6,166.1,6.56,10.7,,0.7
"2025-05-02 00:09:42",4065,3474,62371,0,,1.85,174.6,6.55,10.7,,0.7
"2025-05-02 00:09:43",4066,3475,62367,0,,2.85,175.9,6.55,10.65,,0.7
"2025-05-02 00:09:44",4066,3475,62364,-33.074563,-70.944073,2.4,171.9,6.55,10.65,,0.7
"2025-05-02 00:09:45",4067,3476,62357,0,,2.1,188.3,6.53,10.65,,0.7
"2025-05-02 00:09:46",4068,3477,62350,0,,2.25,186,6.52,10.6,,0.8
"2025-05-02 00:09:47",4069,3478,62344,-33.074622,-70.944078,1.9,181.8,6.52,10.6,,0.8
"2025-05-02 00:09:48",4070,3479,62336,0,,2.35,184.1,6.51,10.6,,0.8
"2025-05-02 00:09:49",4071,3480,62329,0,,2.35,164.9,6.51,10.55,,0.8
"2025-05-02 00:09:50",4072,3481,62322,-33.074683,-70.944075,2.25,180.7,6.5,10.55,,0.7
"2025-05-02 00:09:52",4073,3482,62311,0,,2.1,179.3,6.48,10.5,,0.8
"2025-05-02 00:09:53",4074,3483,62306,-33.074748,-70.944078,2.45,197.7,6.48,10.5,,0.8
"2025-05-02 00:09:56",4077,3486,62284,-33.074812,-70.944077,2.65,172.4,6.47,10.45,9,0.9
"2025-05-02 00:09:58",4078,3487,62275,0,,2.3,196.7,6.47,10.4,,0.8
"2025-05-02 00:09:59",4079,3488,62272,-33.074872,-70.944077,2.3,170,6.47,10.4,,0.8
"2025-05-02 00:10:01",4080,3489,62258,0,,2.35,180,6.47,10.4,,0.8
"2025-05-02 00:10:02",4081,3490,62252,-33.074928,-70.944073,1.85,166.3,6.46,10.4,,0.8
"2025-05-02 00:10:04",4082,3491,62242,0,,2.5,164.4,6.45,10.4,,0.7
"2025-05-02 00:10:05",4083,3492,62238,-33.074983,-70.94407,2,188.8,6.44,10.35,,0.7
"2025-05-02 00:10:07",4084,3493,62227,0,,2.3,171.9,6.43,10.3,,0.7
"2025-05-02 00:10:08",4085,3494,62222,-33.075043,-70.944075,2.15,203.2,6.43,10.3,,0.7
"2025-05-02 00:10:10",4087,3496,62204,0,,2.05,181.5,6.41,10.25,,0.7
"2025-05-02 00:10:11",4089,3498,62196,-33.075107,-70.944083,2.65,195.8,6.41,10.25,,0.8
"2025-05-02 00:10:12",4089,3498,62190,0,,2.45,178.2,6.38,10.2,,0.8
"2025-05-02 00:10:13",4090,3499,62185,0,,2.05,207.1,6.37,10.2,,0.8
"2025-05-02 00:10:14",4091,3500,62180,-33.075167,-70.944097,2.35,189.1,6.37,10.15,,0.8
"2025-05-02 00:10:15",4092,3501,62174,0,,1.6,180.2,6.37,10.15,,0.8
"2025-05-02 00:10:16",4092,3501,62168,0,,2.3,208.4,6.37,10.15,,0.8
"2025-05-02 00:10:17",4093,3502,62162,-33.07522,-70.944112,2.25,185.9,6.36,10.1,,0.8
"2025-05-02 00:10:18",4094,3503,62157,0,,2.4,204.4,6.35,10.1,,0.8
"2025-05-02 00:10:19",4094,3503,62153,0,,2.7,200.6,6.34,10.1,,0.8
"2025-05-02 00:10:20",4095,3504,62150,-33.075278,-70.944135,1.7,190.4,6.34,10.1,,0.8
"2025-05-02 00:10:21",4096,3505,62141,0,,2.2,209.6,6.34,10.05,,0.8
"2025-05-02 00:10:22",4097,3506,62133,0,,2.15,189.2,6.34,10,,0.8
"2025-05-02 00:10:23",4098,3507,62126,-33.07533,-70.944155,1.85,203.4,6.34,10,9,0.8
"2025-05-02 00:10:24",4099,3508,62120,0,,2.75,208,6.34,10,,0.8
"2025-05-02 00:10:25",4099,3508,62115,0,,2,186.2,6.33,9.95,,0.8
"2025-05-02 00:10:26",4100,3509,62110,-33.075388,-70.944178,2.4,203.2,6.33,9.95,,0.8
"2025-05-02 00:10:27",4101,3510,62105,0,,2.65,194.6,6.32,9.95,,0.8
"2025-05-02 00:10:28",4101,3510,62100,0,,1.8,187.7,6.31,9.9,,0.7
"2025-05-02 00:10:29",4102,3511,62096,-33.075448,-70.944198,2.15,202.6,6.3,9.9,,0.7
"2025-05-02 00:10:30",4103,3512,62088,0,,1.75,192.2,6.29,9.85,,0.7
"2025-05-02 00:10:31",4104,3513,62080,0,,2.55,198.5,6.29,9.85,,0.8
"2025-05-02 00:10:32",4105,3514,62072,-33.075508,-70.944218,2.7,191.5,6.29,9.85,,0.8
"2025-05-02 00:10:33",4106,3515,62065,0,,2.3,191.1,6.28,9.85,,0.8
"2025-05-02 00:10:34",4107,3516,62059,0,,2.95,201.9,6.28,9.85,,0.8
"2025-05-02 00:10:35",4107,3516,62054,-33.075575,-70.944243,2.25,197.3,6.27,9.85,,0.8
"2025-05-02 00:10:36",4108,3517,62046,0,,2.1,203,6.26,9.85,,0.8
"2025-05-02 00:10:37",4109,3518,62038,0,,2.4,194.5,6.26,9.85,,0.8
"2025-05-02 00:10:38",4111,3520,62030,-33.075632,-70.944265,1.8,180.5,6.26,9.8,,0.9
"2025-05-02 00:10:39",4111,3520,62025,0,,2.65,196,6.24,9.8,,0.9
"2025-05-02 00:10:40",4112,3521,62020,0,,2.5,194.4,6.24,9.8,,0.9
"2025-05-02 00:10:41",4112,3521,62016,-33.075697,-70.94428,2.5,197.3,6.23,9.8,,0.9
"2025-05-02 00:10:42",4113,3522,62009,0,,2.75,202.4,6.23,9.8,,0.9
"2025-05-02 00:10:43",4114,3523,62002,0,,1.9,186.6,6.22,9.8,,0.9
"2025-05-02 00:10:44",4115,3524,61996,-33.075758,-70.944302,2.35,193.1,6.2,9.8,,0.8
"2025-05-02 00:10:45",4116,3525,61991,0,,2.4,193.2,6.19,9.8,,0.8
"2025-05-02 00:10:46",4116,3525,61987,0,,2.35,178.5,6.18,9.8,,0.8
"2025-05-02 00:10:47",4117,3526,61984,-33.075825,-70.944315,2.85,194.1,6.18,9.8,,0.8
"2025-05-02 00:10:48",4118,3527,61976,0,,2.05,195,6.17,9.8,,0.8
"2025-05-02 00:10:49",4119,3528,61968,0,,2.35,197.3,6.16,9.8,,0.8
"2025-05-02 00:10:50",4120,3529,61960,-33.075885,-70.94434,2.65,207.6,6.16,9.8,8.75,0.8
"2025-05-02 00:10:51",4121,3530,61953,0,,2.1,189.4,6.15,9.85,,0.8
"2025-05-02 00:10:52",4121,3530,61947,0,,2.85,202.5,6.14,9.8,,0.8
"2025-05-02 00:10:53",4122,3531,61942,-33.075948,-70.944367,2.25,200.2,6.13,9.8,,0.8
"2025-05-02 00:10:56",4124,3533,61926,-33.07601,-70.944395,2.15,196.9,6.13,9.75,,0.8
"2025-05-02 00:10:57",4125,3534,61920,0,,2.15,193.2,6.12,9.75,,0.8
"2025-05-02 00:10:58",4126,3535,61915,0,,1.8,191.4,6.12,9.7,,0.8
"2025-05-02 00:10:59",4126,3535,61910,-33.076065,-70.944408,2.2,192.1,6.12,9.7,,0.8
"2025-05-02 00:11:00",4127,3536,61903,0,,2.45,202.3,6.12,9.7,,0.8
"2025-05-02 00:11:01",4128,3537,61896,0,,2.2,200.3,6.12,9.7,,0.8
"2025-05-02 00:11:02",4129,3538,61890,-33.076125,-70.944432,2.45,191.4,6.12,9.7,,0.8
"2025-05-02 00:11:03",4130,3539,61884,0,,2.05,191.9,6.11,9.7,,0.8
"2025-05-02 00:11:04",4131,3540,61878,0,,2.05,183.8,6.08,9.7,,0.8
"2025-05-02 00:11:05",4132,3541,61872,-33.076182,-70.944448,2.1,200,6.07,9.7,,0.8
"2025-05-02 00:11:06",4132,3541,61865,0,,1.7,199,6.08,9.7,,0.8
"2025-05-02 00:11:07",4133,3542,61858,0,,2,194.5,6.08,9.7,,0.8
"2025-05-02 00:11:08",4134,3543,61852,-33.07623,-70.944472,2.1,207.8,6.07,9.7,,0.8
"2025-05-02 00:11:09",4135,3544,61845,0,,2.3,197.4,6.07,9.7,,0.8
"2025-05-02 00:11:10",4136,3545,61838,0,,2.55,197.7,6.06,9.7,,0.8
"2025-05-02 00:11:11",4137,3546,61832,-33.076287,-70.944497,1.9,192.3,6.06,9.7,,0.9
"2025-05-02 00:11:12",4138,3547,61823,0,,1.9,187.1,6.06,9.7,,0.9
"2025-05-02 00:11:13",4139,3548,61814,0,,1.7,186.4,6.06,9.7,,0.9
"2025-05-02 00:11:14",4140,3549,61806,-33.076338,-70.944505,1.95,185,6.06,9.7,,0.9
"2025-05-02 00:11:15",4141,3550,61799,0,,2.35,192.9,6.05,9.65,,0.9
"2025-05-02 00:11:16",4142,3551,61793,0,,2.55,198.8,6.05,9.65,,0.9
"2025-05-02 00:11:17",4143,3552,61788,-33.076403,-70.94452,2.35,185,6.04,9.65,8.5,0.9
"2025-05-02 00:11:18",4144,3553,61781,0,,2.55,181.6,6.04,9.65,,0.9
"2025-05-02 00:11:19",4144,3553,61775,0,,2.75,182.3,6.03,9.65,,0.9
"2025-05-02 00:11:20",4145,3554,61770,-33.076472,-70.944525,2.05,186.1,6.03,9.65,,0.9
"2025-05-02 00:11:21",4146,3555,61761,0,,2.05,190.8,6.02,9.65,,0.9
"2025-05-02 00:11:22",4147,3556,61752,0,,2.25,187.7,6.01,9.65,,0.9
"2025-05-02 00:11:23",4149,3558,61744,-33.076532,-70.944527,2.65,159.8,6.02,9.65,,1
"2025-05-02 00:11:24",4149,3558,61738,0,,2.15,169.6,6.01,9.65,,0.9
"2025-05-02 00:11:25",4150,3559,61733,0,,1.6,184.6,6.01,9.65,,0.9
"2025-05-02 00:11:26",4151,3560,61728,-33.076585,-70.944517,1.85,168,6,9.65,,0.9
"2025-05-02 00:11:27",4151,3560,61722,0,,2,182.5,5.99,9.65,,0.9
"2025-05-02 00:11:28",4152,3561,61717,0,,2.05,163.6,5.99,9.7,,0.8
"2025-05-02 00:11:29",4153,3562,61712,-33.076637,-70.944503,2.05,165.5,5.98,9.7,,0.8
"2025-05-02 00:11:30",4154,3563,61706,0,,2.2,184.9,5.98,9.7,,0.8
"2025-05-02 00:11:31",4154,3563,61700,0,,2.3,156.7,5.99,9.7,,0.8
"2025-05-02 00:11:32",4155,3564,61694,-33.076692,-70.944492,1.85,164.4,5.99,9.7,,0.8
"2025-05-02 00:11:33",4156,3565,61685,0,,1.85,166.9,5.99,9.7,,0.8
"2025-05-02 00:11:34",4157,3566,61677,0,,1.55,162.2,5.98,9.7,,0.8
"2025-05-02 00:11:35",4158,3567,61670,-33.076737,-70.944478,1.65,186.1,5.98,9.7,,0.8
"2025-05-02 00:11:36",4159,3568,61664,0,,2.15,151,5.98,9.7,,0.8
"2025-05-02 00:11:37",4160,3569,61659,0,,1.75,162.5,5.97,9.7,,0.8
"2025-05-02 00:11:38",4161,3570,61654,-33.076785,-70.944455,1.9,166.3,5.96,9.7,,0.8
"2025-05-02 00:11:39",4161,3570,61648,0,,2.2,142,5.97,9.7,,0.8
"2025-05-02 00:11:40",4162,3571,61643,0,,1.75,162.7,5.96,9.7,,0.8
"2025-05-02 00:11:41",4163,3572,61638,-33.07683,-70.944432,1.35,160.8,5.94,9.7,,0.8
"2025-05-02 00:11:42",4164,3573,61631,0,,1.45,158.6,5.94,9.7,,0.8
"2025-05-02 00:11:43",4164,3573,61624,0,,2.05,163.3,5.94,9.7,,0.8
"2025-05-02 00:11:44",4165,3574,61618,-33.076872,-70.944415,1.95,169.6,5.93,9.7,8.5,0.8
"2025-05-02 00:11:45",4166,3575,61612,0,,2.45,158.8,5.92,9.7,,0.8
"2025-05-02 00:11:46",4167,3576,61606,0,,1.55,153.3,5.92,9.7,,0.8
"2025-05-02 00:11:47",4168,3577,61600,-33.076922,-70.944393,1.75,165.3,5.91,9.7,,0.8
"2025-05-02 00:11:48",4169,3578,61592,0,,2.25,157.2,5.91,9.7,,0.8
"2025-05-02 00:11:49",4170,3579,61585,0,,1.4,164.6,5.91,9.7,,0.8
"2025-05-02 00:11:50",4171,3580,61578,-33.076968,-70.944375,2.2,159.9,5.9,9.7,,0.8
"2025-05-02 00:11:51",4171,3580,61572,0,,1.95,145.3,5.89,9.7,,0.8
"2025-05-02 00:11:52",4172,3581,61566,0,,1.55,167,5.9,9.7,,0.9
"2025-05-02 00:11:53",4173,3582,61560,-33.077015,-70.944353,2.2,169,5.88,9.75,,0.9
"2025-05-02 00:11:56",4176,3585,61538,-33.077055,-70.944338,1.9,144,5.87,9.75,,0.9
"2025-05-02 00:11:57",4177,3586,61531,0,,1.45,153.7,5.87,9.75,,0.9
"2025-05-02 00:11:58",4178,3587,61525,0,,2,146.9,5.86,9.8,,0.9
"2025-05-02 00:11:59",4178,3587,61520,-33.077092,-70.944307,1.25,120.8,5.86,9.8,,0.9
"2025-05-02 00:12:00",4179,3588,61515,0,,1.8,156.7,5.85,9.8,,0.9
"2025-05-02 00:12:01",4180,3589,61510,0,,2.1,139.6,5.85,9.8,,0.8
"2025-05-02 00:12:02",4180,3589,61506,-33.077128,-70.944275,1,154.9,5.85,9.85,,0.8
"2025-05-02 00:12:03",4181,3590,61500,0,,2.1,147.1,5.84,9.85,,0.8
"2025-05-02 00:12:04",4182,3591,61495,0,,1.55,119.9,5.84,9.9,,0.8
"2025-05-02 00:12:05",4182,3591,61490,-33.07716,-70.944245,1.35,158.4,5.83,9.9,,0.8
"2025-05-02 00:12:06",4184,3593,61481,0,,2.05,136.7,5.83,9.95,,0.8
"2025-05-02 00:12:07",4185,3594,61472,0,,1.15,136.5,5.82,10,,0.8
"2025-05-02 00:12:08",4186,3595,61464,-33.077195,-70.94421,2.35,144.2,5.81,10,,0.8
"2025-05-02 00:12:09",4187,3596,61456,0,,2,134.8,5.81,10,,0.8
"2025-05-02 00:12:10",4188,3597,61449,0,,1.5,159.4,5.81,10.05,,0.9
"2025-05-02 00:12:11",4189,3598,61442,-33.077237,-70.944173,2.15,129.8,5.79,10.05,8.25,0.9
"2025-05-02 00:12:12",4189,3598,61436,0,,1.2,115.9,5.79,10.05,,0.9
"2025-05-02 00:12:13",4190,3599,61431,0,,1.9,141.9,5.78,10.1,,0.9
"2025-05-02 00:12:14",4191,3600,61426,-33.077263,-70.94413,1.9,110.6,5.78,10.15,,0.9
"2025-05-02 00:12:15",4192,3601,61419,0,,1.35,119,5.78,10.2,,0.9
"2025-05-02 00:12:16",4193,3602,61412,0,,1.8,133.4,5.77,10.25,,0.9
"2025-05-02 00:12:17",4194,3603,61406,-33.077287,-70.944088,1.15,131.8,5.78,10.35,,0.9
"2025-05-02 00:12:18",4195,3604,61396,0,,1.35,132.2,5.78,10.4,,0.9
"2025-05-02 00:12:19",4196,3605,61387,0,,1.4,99.5,5.78,10.45,,0.9
"2025-05-02 00:12:20",4197,3606,61378,-33.077305,-70.94405,1.75,118.2,5.78,10.5,,0.9
"2025-05-02 00:12:22",4200,3609,61356,0,,1.9,105.9,5.78,10.55,,1
"2025-05-02 00:12:23",4202,3611,61346,-33.077328,-70.943993,2.15,125.4,5.78,10.65,,1.1
"2025-05-02 00:12:26",4205,3614,61324,-33.077348,-70.943942,1.8,128.6,5.76,10.8,,1.1
"2025-05-02 00:12:28",4207,3616,61308,0,,1.65,121.1,5.76,10.85,,1.1
"2025-05-02 00:12:29",4208,3617,61300,-33.077365,-70.943895,1.65,113.9,5.76,10.9,,1.2
"2025-05-02 00:12:31",4210,3619,61282,0,,1.95,114.4,5.74,10.9,,1.2
"2025-05-02 00:12:32",4211,3620,61274,-33.077378,-70.943838,1.45,104.7,5.73,10.95,,1.2
"2025-05-02 00:12:34",4213,3622,61259,0,,1.8,129.3,5.73,11,,1.1
"2025-05-02 00:12:35",4214,3623,61252,-33.077398,-70.943797,1.25,101.6,5.72,11,,1.1
"2025-05-02 00:12:37",4217,3626,61234,0,,2,103.9,5.71,11,,1.1
"2025-05-02 00:12:38",4218,3627,61226,-33.077412,-70.943747,1.55,102.2,5.7,11,8,1.1
"2025-05-02 00:12:40",4220,3629,61205,0,,1.1,103.4,5.69,10.95,,1.1
"2025-05-02 00:12:41",4222,3631,61196,-33.07743,-70.943703,1.8,108.9,5.68,11,,1.2
"2025-05-02 00:12:42",4223,3632,61188,0,,1.9,107.8,5.68,11,,1.1
"2025-05-02 00:12:43",4224,3633,61181,0,,1.5,89.6,5.67,11,,1.1
"2025-05-02 00:12:44",4225,3634,61174,-33.077443,-70.943648,2.3,124.9,5.66,11,,1.1
"2025-05-02 00:12:45",4226,3635,61166,0,,1.5,104.2,5.64,11.05,,1.1
"2025-05-02 00:12:46",4227,3636,61159,0,,1.8,101.7,5.63,11.05,,1.1
"2025-05-02 00:12:47",4228,3637,61152,-33.07746,-70.943593,2.4,128.8,5.63,11.05,,1.1
"2025-05-02 00:12:48",4228,3637,61146,0,,1.5,98.7,5.61,11.05,,1.1
"2025-05-02 00:12:49",4229,3638,61140,0,,2.2,107.7,5.59,11.1,,1.1
"2025-05-02 00:12:50",4230,3639,61134,-33.077475,-70.943537,2,95.2,5.56,11.15,,1
"2025-05-02 00:12:51",4231,3640,61125,0,,1.7,98,5.56,11.1,,1
"2025-05-02 00:12:52",4232,3641,61117,0,,2.2,106.1,5.56,11.1,,1
"2025-05-02 00:12:53",4233,3642,61110,-33.077488,-70.943477,1.65,95.4,5.56,11.15,,1
"2025-05-02 00:12:55",4235,3644,61095,0,,2.2,98.7,5.55,11.15,,1
"2025-05-02 00:12:56",4236,3645,61088,-33.0775,-70.94341,1.95,97.5,5.54,11.2,,1
"2025-05-02 00:13:00",4240,3649,61059,0,,1.8,93.6,5.5,11.35,,1
"2025-05-02 00:13:01",4241,3650,61052,0,,1.85,84.3,5.49,11.35,,1
"2025-05-02 00:13:02",4242,3651,61046,-33.077518,-70.943282,2.35,105.4,5.48,11.4,,1
"2025-05-02 00:13:03",4243,3652,61036,0,,1.85,110.8,5.47,11.4,,1
"2025-05-02 00:13:04",4244,3653,61027,0,,1.85,110.2,5.47,11.45,,1
"2025-05-02 00:13:05",4246,3655,61018,-33.077535,-70.943225,1.75,119.7,5.47,11.45,8,1
"2025-05-02 00:13:06",4247,3656,61008,0,,1.95,92.6,5.46,11.5,,1
"2025-05-02 00:13:07",4248,3657,60999,0,,2.65,102.9,5.45,11.5,,1.1
"2025-05-02 00:13:08",4249,3658,60990,-33.077548,-70.943155,2.25,98.4,5.44,11.5,,1.1
"2025-05-02 00:13:09",4250,3659,60982,0,,1.55,100.3,5.44,11.55,,1.1
"2025-05-02 00:13:10",4251,3660,60975,0,,1.95,114.7,5.43,11.55,,1.1
"2025-05-02 00:13:11",4252,3661,60968,-33.077562,-70.9431,1.75,89.4,5.42,11.6,,1.1
"2025-05-02 00:13:12",4253,3662,60961,0,,2.45,101.2,5.42,11.6,,1.1
"2025-05-02 00:13:13",4254,3663,60954,0,,2.9,104.1,5.41,11.65,,1.1
"2025-05-02 00:13:14",4255,3664,60948,-33.077573,-70.943027,1.95,98.5,5.39,11.65,,1.1
"2025-05-02 00:13:15",4256,3665,60940,0,,2.5,114,5.38,11.7,,1.1
"2025-05-02 00:13:16",4257,3666,60933,0,,2.1,111.1,5.38,11.75,,1.1
"2025-05-02 00:13:17",4258,3667,60926,-33.077587,-70.942965,2,91.6,5.37,11.75,,1.1
"2025-05-02 00:13:18",4259,3668,60919,0,,2.85,88.9,5.35,11.75,,1
"2025-05-02 00:13:19",4260,3669,60912,0,,1.95,87.4,5.34,11.8,,1
"2025-05-02 00:13:20",4261,3670,60906,-33.077588,-70.94289,2.5,97.2,5.33,11.8,,1
"2025-05-02 00:13:21",4262,3671,60899,0,,2.8,101.6,5.32,11.8,,0.9
"2025-05-02 00:13:22",4262,3671,60893,0,,1.95,91.8,5.31,11.8,,0.9
"2025-05-02 00:13:23",4263,3672,60888,-33.077593,-70.942812,2.55,91.3,5.29,11.85,,0.9
"2025-05-02 00:13:26",4266,3675,60866,-33.0776,-70.942743,2.75,106.3,5.27,11.9,,0.9
"2025-05-02 00:13:27",4267,3676,60859,0,,2,102.5,5.25,11.9,,0.9
"2025-05-02 00:13:28",4268,3677,60853,0,,2.8,100.3,5.24,11.95,,0.9
"2025-05-02 00:13:29",4268,3677,60848,-33.077615,-70.942667,2.25,110.6,5.24,11.95,,0.9
"2025-05-02 00:13:30",4270,3679,60839,0,,2.1,106.4,5.23,11.95,,0.9
"2025-05-02 00:13:31",4271,3680,60830,0,,2.9,103.5,5.22,11.95,,0.9
"2025-05-02 00:13:32",4272,3681,60822,-33.077632,-70.942593,1.8,95,5.22,12,7.75,0.9
"2025-05-02 00:13:33",4273,3682,60814,0,,2.8,96.1,5.22,11.95,,0.9
"2025-05-02 00:13:34",4274,3683,60807,0,,2.55,100.1,5.22,12,,1
"2025-05-02 00:13:35",4275,3684,60800,-33.07764,-70.942515,1.85,91.6,5.2,12,,1
"2025-05-02 00:13:36",4276,3685,60793,0,,3,96.4,5.2,12,,1
"2025-05-02 00:13:37",4277,3686,60786,0,,2.4,85.6,5.19,12,,1
"2025-05-02 00:13:38",4278,3687,60780,-33.07764,-70.942433,2.6,90.5,5.18,12,,1
"2025-05-02 00:13:39",4279,3688,60772,0,,2.7,102,5.18,12,,1
"2025-05-02 00:13:40",4280,3689,60765,0,,1.8,86.7,5.16,12.05,,1
"2025-05-02 00:13:41",4281,3690,60758,-33.077648,-70.942353,2.95,97.4,5.16,12.05,,1
"2025-05-02 00:13:42",4282,3691,60749,0,,2.95,89,5.14,12.05,,1
"2025-05-02 00:13:43",4283,3692,60741,0,,2.75,88.1,5.12,12.05,,1
"2025-05-02 00:13:44",4284,3693,60734,-33.077655,-70.942257,3.25,115.6,5.11,12.05,,1
"2025-05-02 00:13:45",4285,3694,60727,0,,2.35,88.8,5.11,12.1,,1
"2025-05-02 00:13:46",4285,3694,60721,0,,3,84.1,5.1,12.15,,1
"2025-05-02 00:13:47",4286,3695,60716,-33.07766,-70.942165,3.1,98.1,5.1,12.2,,0.9
"2025-05-02 00:13:48",4287,3696,60710,0,,3.15,91.1,5.09,12.2,,0.9
"2025-05-02 00:13:49",4288,3697,60704,0,,3.5,102.3,5.08,12.25,,0.9
"2025-05-02 00:13:50",4289,3698,60698,-33.07767,-70.942067,2.55,92.3,5.08,12.3,,0.9
"2025-05-02 00:13:51",4290,3699,60688,0,,3.1,89.9,5.08,12.3,,0.9
"2025-05-02 00:13:52",4291,3700,60679,0,,2.7,98.1,5.05,12.3,,1
"2025-05-02 00:13:53",4292,3701,60670,-33.077673,-70.941977,2.85,86.2,5.07,12.35,,1
"2025-05-02 00:13:55",4295,3704,60652,0,,2.5,95.5,5.05,12.55,,1
"2025-05-02 00:13:56",4296,3705,60644,-33.077675,-70.941883,2.7,86.5,5.04,12.6,,1
"2025-05-02 00:13:57",4297,3706,60637,0,,3.4,102.7,5.04,12.65,,1
"2025-05-02 00:13:58",4298,3707,60630,0,,2.95,100.4,5.03,12.7,,1
"2025-05-02 00:13:59",4299,3708,60624,-33.077685,-70.941787,3.5,90.4,5.02,12.75,7.75,1
"2025-05-02 00:14:00",4300,3709,60617,0,,3.55,97.2,5.01,12.85,,1
"2025-05-02 00:14:01",4300,3709,60610,0,,3,89.9,5,12.85,,1
"2025-05-02 00:14:02",4301,3710,60604,-33.07769,-70.941678,2.95,96.5,5,12.9,,1
"2025-05-02 00:14:03",4302,3711,60597,0,,2.7,93.4,5,13,,1
"2025-05-02 00:14:04",4303,3712,60591,0,,3,86.3,5,13,,1
"2025-05-02 00:14:05",4304,3713,60586,-33.077695,-70.941583,3.15,105.3,4.99,13.05,,0.9
"2025-05-02 00:14:06",4305,3714,60578,0,,3.35,86.7,4.97,13.05,,1
"2025-05-02 00:14:07",4306,3715,60570,0,,3.1,93.9,4.97,13.1,,1
"2025-05-02 00:14:08",4307,3716,60562,-33.0777,-70.94148,3.3,98.5,4.96,13.1,,0.9
"2025-05-02 00:14:09",4308,3717,60554,0,,3.9,84.4,4.95,13.15,,0.9
"2025-05-02 00:14:10",4309,3718,60547,0,,3.35,100.2,4.94,13.2,,0.9
"2025-05-02 00:14:11",4310,3719,60540,-33.077702,-70.94137,3.1,80.7,4.95,13.2,,0.9
"2025-05-02 00:14:12",4311,3720,60534,0,,3.5,76.5,4.95,13.25,,0.9
"2025-05-02 00:14:13",4311,3720,60529,0,,3.35,94.5,4.94,13.25,,0.9
"2025-05-02 00:14:14",4312,3721,60524,-33.077693,-70.941262,3.5,86.3,4.93,13.3,,0.9
"2025-05-02 00:14:15",4313,3722,60516,0,,3.3,85.5,4.9,13.3,,0.9
"2025-05-02 00:14:16",4314,3723,60509,0,,3,88.7,4.89,13.35,,0.9
"2025-05-02 00:14:17",4315,3724,60502,-33.077687,-70.941157,3.6,85.6,4.88,13.4,,0.9
"2025-05-02 00:14:18",4316,3725,60495,0,,3.5,89.5,4.87,13.45,,0.9
"2025-05-02 00:14:19",4317,3726,60489,0,,3.9,85.2,4.86,13.5,,0.9
"2025-05-02 00:14:20",4318,3727,60484,-33.07768,-70.941037,4,83.7,4.86,13.55,,0.9
"2025-05-02 00:14:21",4319,3728,60476,0,,3.15,85.5,4.86,13.6,,0.9
"2025-05-02 00:14:22",4320,3729,60469,0,,3.9,87.6,4.85,13.6,,0.9
"2025-05-02 00:14:23",4321,3730,60462,-33.077675,-70.940923,3.7,96.1,4.84,13.65,,0.9
"2025-05-02 00:14:26",4323,3732,60444,-33.077675,-70.940805,3.6,93.7,4.82,13.75,7.5,0.9
"2025-05-02 00:14:27",4324,3733,60437,0,,3.6,85.1,4.82,13.8,,0.9
"2025-05-02 00:14:28",4325,3734,60430,0,,3.3,86.6,4.82,13.85,,0.9
"2025-05-02 00:14:29",4326,3735,60424,-33.07767,-70.940695,3.15,88,4.81,13.85,,0.9
"2025-05-02 00:14:30",4327,3736,60416,0,,3.75,88.9,4.8,13.85,,0.9
"2025-05-02 00:14:31",4328,3737,60409,0,,3.35,89.7,4.8,13.85,,0.9
"2025-05-02 00:14:32",4329,3738,60402,-33.077665,-70.940578,4.1,79,4.79,13.9,,0.9
"2025-05-02 00:14:33",4330,3739,60394,0,,3.9,92.4,4.79,13.9,,0.9
"2025-05-02 00:14:34",4331,3740,60387,0,,3.35,89.8,4.78,13.95,,0.9
"2025-05-02 00:14:35",4332,3741,60380,-33.077662,-70.940455,4.25,81.5,4.76,13.95,,0.9
"2025-05-02 00:14:36",4333,3742,60372,0,,3.35,87.2,4.76,14,,0.9
"2025-05-02 00:14:37",4334,3743,60365,0,,3.6,77.4,4.75,14,,0.9
"2025-05-02 00:14:38",4335,3744,60358,-33.07765,-70.94034,3.9,80.2,4.75,14,,1
"2025-05-02 00:14:39",4335,3744,60351,0,,2.9,79.9,4.75,14.05,,1
"2025-05-02 00:14:40",4336,3745,60345,0,,4.2,79.1,4.75,14.05,,1
"2025-05-02 00:14:41",4337,3746,60340,-33.077635,-70.940227,3.5,89.1,4.74,14.05,,0.9
"2025-05-02 00:14:42",4338,3747,60333,0,,3.05,87.3,4.73,14.05,,0.9
"2025-05-02 00:14:43",4339,3748,60326,0,,4.3,87.8,4.73,14.05,,0.9
"2025-05-02 00:14:44",4340,3749,60320,-33.07763,-70.94011,3.65,79.8,4.71,14.05,,0.9
"2025-05-02 00:14:45",4341,3750,60312,0,,3.75,79.6,4.7,14.05,,0.9
"2025-05-02 00:14:46",4342,3751,60305,0,,3.9,82.5,4.69,14.05,,0.9
"2025-05-02 00:14:47",4343,3752,60298,-33.077615,-70.939992,3.25,79.7,4.68,14.1,,0.9
"2025-05-02 00:14:48",4344,3753,60290,0,,4.2,92.8,4.67,14.1,,0.9
"2025-05-02 00:14:49",4345,3754,60283,0,,3.6,81.9,4.66,14.15,,0.9
"2025-05-02 00:14:50",4346,3755,60276,-33.077605,-70.939873,3.8,75.1,4.65,14.15,,0.9
"2025-05-02 00:14:52",4348,3757,60260,0,,3.45,74.4,4.64,14.15,,1
"2025-05-02 00:14:53",4349,3758,60252,-33.077583,-70.939757,4.65,81.4,4.64,14.2,7.25,1
"2025-05-02 00:14:56",4351,3760,60238,-33.077563,-70.939627,4.45,83.2,4.61,14.2,,0.9
"2025-05-02 00:14:58",4353,3762,60221,0,,3.95,79.7,4.58,14.25,,0.9
"2025-05-02 00:14:59",4354,3763,60214,-33.077545,-70.93951,3.55,76.8,4.58,14.25,,0.9
"2025-05-02 00:15:01",4356,3765,60199,0,,4.3,83.5,4.56,14.3,,1
"2025-05-02 00:15:02",4357,3766,60192,-33.077528,-70.939387,3.75,85.2,4.55,14.3,,1
"2025-05-02 00:15:04",4359,3768,60181,0,,3.85,80.5,4.54,14.35,,0.9
"2025-05-02 00:15:05",4359,3768,60176,-33.077513,-70.939257,3.95,76.4,4.52,14.35,,0.9
"2025-05-02 00:15:07",4361,3770,60164,0,,3.6,81.2,4.51,14.35,,0.9
"2025-05-02 00:15:08",4362,3771,60158,-33.077498,-70.939125,4.4,84.5,4.5,14.35,,0.9
"2025-05-02 00:15:10",4364,3773,60143,0,,4.25,75.7,4.49,14.35,,0.9
"2025-05-02 00:15:11",4365,3774,60136,-33.077482,-70.93898,4.95,77.9,4.49,14.35,,0.9
"2025-05-02 00:15:12",4366,3775,60129,0,,4.15,75.5,4.48,14.4,,0.9
"2025-05-02 00:15:13",4367,3776,60122,0,,4.15,75.6,4.46,14.4,,0.9
"2025-05-02 00:15:14",4367,3776,60116,-33.077458,-70.938845,4.35,83.8,4.44,14.45,,0.9
"2025-05-02 00:15:15",4368,3777,60109,0,,3.9,76.6,4.44,14.45,,0.9
"2025-05-02 00:15:16",4369,3778,60103,0,,4.9,79.8,4.43,14.45,,0.9
"2025-05-02 00:15:17",4370,3779,60098,-33.077437,-70.938703,4.4,80.3,4.43,14.5,,0.9
"2025-05-02 00:15:18",4371,3780,60092,0,,4.5,71.8,4.42,14.55,,0.9
"2025-05-02 00:15:19",4371,3780,60087,0,,4.5,81.3,4.42,14.55,,0.9
"2025-05-02 00:15:20",4372,3781,60082,-33.077408,-70.938567,3.7,73.6,4.41,14.6,7.25,0.9
"2025-05-02 00:15:21",4373,3782,60074,0,,4.65,76,4.4,14.6,,0.9
"2025-05-02 00:15:22",4374,3783,60066,0,,4.35,82.2,4.4,14.65,,0.9
"2025-05-02 00:15:23",4375,3784,60058,-33.077378,-70.93843,4.8,73.7,4.38,14.65,,0.9
"2025-05-02 00:15:24",4376,3785,60051,0,,5.1,77.5,4.38,14.65,,0.9
"2025-05-02 00:15:25",4377,3786,60044,0,,4.2,76.8,4.37,14.65,,0.9
"2025-05-02 00:15:26",4378,3787,60038,-33.077347,-70.938283,4.55,72.8,4.37,14.65,,0.9
"2025-05-02 00:15:27",4379,3788,60031,0,,3.95,79.9,4.37,14.7,,0.9
"2025-05-02 00:15:28",4380,3789,60025,0,,4.35,72.3,4.36,14.7,,0.9
"2025-05-02 00:15:29",4381,3790,60020,-33.077317,-70.938147,4.85,78.7,4.35,14.75,,0.9
"2025-05-02 00:15:30",4381,3790,60014,0,,4.05,81.5,4.34,14.75,,0.9
"2025-05-02 00:15:31",4382,3791,60009,0,,5,74.5,4.33,14.8,,0.9
"2025-05-02 00:15:32",4383,3792,60004,-33.077293,-70.938002,4.25,82.3,4.31,14.8,,0.9
"2025-05-02 00:15:33",4384,3793,59996,0,,4.25,72.2,4.31,14.8,,0.9
"2025-05-02 00:15:34",4385,3794,59989,0,,5.1,73.8,4.3,14.8,,0.9
"2025-05-02 00:15:35",4386,3795,59982,-33.077262,-70.937865,3.8,79.1,4.3,14.85,,0.9
"2025-05-02 00:15:36",4387,3796,59975,0,,4.8,71.7,4.29,14.85,,0.9
"2025-05-02 00:15:37",4387,3796,59969,0,,4.75,81.4,4.29,14.9,,0.8
"2025-05-02 00:15:38",4388,3797,59964,-33.077233,-70.937728,3.95,71.9,4.28,14.9,,0.8
"2025-05-02 00:15:39",4389,3798,59956,0,,4.8,73.6,4.26,14.9,,0.9
"2025-05-02 00:15:40",4390,3799,59949,0,,4.25,81.4,4.25,14.95,,0.9
"2025-05-02 00:15:41",4391,3800,59942,-33.077203,-70.937588,5.2,74.4,4.24,14.95,,0.9
"2025-05-02 00:15:42",4392,3801,59934,0,,4.95,75.6,4.24,14.95,,0.9
"2025-05-02 00:15:43",4393,3802,59927,0,,4.3,78.3,4.24,14.95,,0.9
"2025-05-02 00:15:44",4394,3803,59920,-33.07717,-70.93744,4.75,73,4.23,14.95,,1
"2025-05-02 00:15:45",4395,3804,59913,0,,4.1,81.6,4.23,14.95,,0.9
"2025-05-02 00:15:46",4396,3805,59906,0,,4.5,70.6,4.22,15,,0.9
"2025-05-02 00:15:47",4397,3806,59900,-33.077143,-70.937298,4.95,76.6,4.21,15,7,0.9
"2025-05-02 00:15:48",4398,3807,59892,0,,4.7,79.6,4.2,15,,0.9
"2025-05-02 00:15:49",4399,3808,59885,0,,5.2,69.8,4.19,15.05,,0.9
"2025-05-02 00:15:50",4400,3809,59878,-33.077108,-70.937147,4.85,76.9,4.18,15.05,,1
"2025-05-02 00:15:51",4401,3810,59872,0,,4.7,71.4,4.18,15,,1
"2025-05-02 00:15:52",4401,3810,59867,0,,4.75,77.1,4.18,15.05,,0.9
"2025-05-02 00:15:53",4402,3811,59862,-33.07708,-70.937,4.35,83.4,4.18,15.05,,0.9
"2025-05-02 00:15:56",4405,3814,59842,-33.07705,-70.936857,4.7,78.1,4.15,15.1,,0.9
"2025-05-02 00:15:57",4406,3815,59834,0,,4.8,74,4.14,15.1,,0.9
"2025-05-02 00:15:58",4407,3816,59827,0,,4.4,80.1,4.13,15.1,,0.9
"2025-05-02 00:15:59",4408,3817,59820,-33.077018,-70.936713,5.1,68.6,4.12,15.15,,0.9
"2025-05-02 00:16:00",4409,3818,59814,0,,5,78.4,4.12,15.15,,0.9
"2025-05-02 00:16:01",4409,3818,59808,0,,4.6,78.4,4.11,15.15,,0.9
"2025-05-02 00:16:02",4410,3819,59802,-33.076987,-70.936562,5.25,77.4,4.1,15.15,,0.9
"2025-05-02 00:16:03",4411,3820,59795,0,,5.2,77.4,4.1,15.15,,0.9
"2025-05-02 00:16:04",4412,3821,59788,0,,4.8,68.8,4.09,15.15,,0.9
"2025-05-02 00:16:05",4413,3822,59782,-33.076955,-70.936412,4.8,77.6,4.08,15.15,,0.9
"2025-05-02 00:16:06",4414,3823,59774,0,,4.35,77.6,4.08,15.2,,0.9
"2025-05-02 00:16:07",4415,3824,59767,0,,4.8,71.8,4.07,15.2,,0.9
"2025-05-02 00:16:08",4416,3825,59760,-33.076925,-70.936267,4.8,84.9,4.06,15.2,,0.9
"2025-05-02 00:16:09",4417,3826,59753,0,,4.9,77.2,4.06,15.25,,0.9
"2025-05-02 00:16:10",4418,3827,59747,0,,5.2,76.8,4.04,15.25,,0.9
"2025-05-02 00:16:11",4418,3827,59742,-33.076898,-70.936112,4.55,77.5,4.02,15.25,,0.9
"2025-05-02 00:16:12",4419,3828,59734,0,,5,66.9,4.02,15.25,,0.9
"2025-05-02 00:16:13",4420,3829,59727,0,,4.75,78.1,4.02,15.25,,0.9
"2025-05-02 00:16:14",4421,3830,59720,-33.076862,-70.935968,4.55,74.8,4.01,15.25,6.75,0.9
"2025-05-02 00:16:15",4422,3831,59714,0,,5.2,74.1,4,15.2,,0.9
"2025-05-02 00:16:16",4423,3832,59709,0,,4.5,81.8,4,15.25,,0.9
"2025-05-02 00:16:17",4424,3833,59704,-33.076833,-70.935822,4.65,74.7,3.98,15.25,,0.9
"2025-05-02 00:16:18",4424,3833,59698,0,,4.9,76.6,3.97,15.25,,0.9
"2025-05-02 00:16:19",4425,3834,59693,0,,4.85,71,3.97,15.3,,0.8
"2025-05-02 00:16:20",4426,3835,59688,-33.076797,-70.93567,5.25,72.1,3.96,15.3,,0.8
"2025-05-02 00:16:21",4427,3836,59682,0,,4.9,77.9,3.94,15.3,,0.8
"2025-05-02 00:16:22",4427,3836,59677,0,,5.2,72.4,3.94,15.3,,0.8
"2025-05-02 00:16:23",4428,3837,59672,-33.076762,-70.93551,5.55,80.1,3.92,15.3,,0.8
"2025-05-02 00:16:24",4429,3838,59665,0,,4.85,74.5,3.91,15.35,,0.8
"2025-05-02 00:16:25",4430,3839,59658,0,,5.05,70.2,3.91,15.35,,0.8
"2025-05-02 00:16:26",4431,3840,59652,-33.076725,-70.935353,4.85,76.1,3.91,15.35,,0.8
"2025-05-02 00:16:27",4432,3841,59643,0,,4.85,69.8,3.9,15.35,,0.8
"2025-05-02 00:16:28",4433,3842,59635,0,,5.5,75.3,3.89,15.35,,0.8
"2025-05-02 00:16:29",4434,3843,59628,-33.076687,-70.935197,4.9,77.3,3.87,15.35,,0.9
"2025-05-02 00:16:30",4435,3844,59621,0,,5.15,72.6,3.86,15.35,,0.9
"2025-05-02 00:16:31",4436,3845,59614,0,,5,82.1,3.85,15.35,,0.9
"2025-05-02 00:16:32",4437,3846,59608,-33.076655,-70.935042,4.75,72.9,3.85,15.4,,0.9
"2025-05-02 00:16:33",4437,3846,59602,0,,5.4,73.6,3.84,15.4,,0.9
"2025-05-02 00:16:34",4438,3847,59597,0,,4.9,74.6,3.83,15.45,,0.9
"2025-05-02 00:16:35",4439,3848,59592,-33.076613,-70.934885,5.35,65.8,3.83,15.45,,0.9
"2025-05-02 00:16:36",4440,3849,59586,0,,5.25,79.5,3.82,15.45,,0.9
"2025-05-02 00:16:37",4440,3849,59581,0,,4.8,73.1,3.81,15.45,,0.9
"2025-05-02 00:16:38",4441,3850,59576,-33.076577,-70.934732,5.15,77.8,3.8,15.45,,0.9
"2025-05-02 00:16:39",4442,3851,59569,0,,4.95,76.4,3.79,15.5,,0.8
"2025-05-02 00:16:40",4443,3852,59563,0,,5.15,67.9,3.79,15.5,,0.8
"2025-05-02 00:16:41",4444,3853,59558,-33.076535,-70.93458,5.15,76.8,3.78,15.5,6.5,0.8
"2025-05-02 00:16:42",4444,3853,59551,0,,4.55,70.2,3.76,15.5,,0.8
"2025-05-02 00:16:43",4445,3854,59544,0,,5,75.1,3.75,15.5,,0.8
"2025-05-02 00:16:44",4446,3855,59538,-33.076498,-70.93443,5,77.2,3.74,15.5,,0.8
"2025-05-02 00:16:45",4447,3856,59530,0,,5.15,68,3.74,15.55,,0.8
"2025-05-02 00:16:46",4448,3857,59523,0,,5.65,78.2,3.74,15.55,,0.8
"2025-05-02 00:16:47",4449,3858,59516,-33.07646,-70.93427,5.1,71.4,3.72,15.55,,0.9
"2025-05-02 00:16:48",4450,3859,59510,0,,5.25,73.3,3.72,15.55,,0.9
"2025-05-02 00:16:49",4451,3860,59504,0,,5.3,80.7,3.72,15.6,,0.9
"2025-05-02 00:16:50",4452,3861,59498,-33.076425,-70.934108,4.85,69.8,3.72,15.6,,0.9
"2025-05-02 00:16:51",4453,3862,59490,0,,5.6,76.3,3.72,15.6,,0.9
"2025-05-02 00:16:52",4454,3863,59483,0,,5.25,73,3.72,15.6,,0.9
"2025-05-02 00:16:53",4455,3864,59476,-33.076382,-70.933945,5.15,68,3.72,15.65,,0.9
"2025-05-02 00:16:55",4456,3865,59465,0,,,,3.71,15.65,,0.9
"2025-05-02 00:16:56",4457,3866,59460,0,,,,3.7,15.65,,0.9
"2025-05-02 00:16:57",4458,3867,59452,0,,5.3,79.6,3.7,15.6,,0.9
"2025-05-02 00:16:58",4459,3868,59445,0,,5,69.7,3.69,15.65,,0.9
"2025-05-02 00:16:59",4460,3869,59438,-33.076305,-70.933627,5.4,78,3.68,15.65,,0.9
"2025-05-02 00:17:00",4461,3870,59433,0,,5.05,70.5,3.68,15.65,,0.9
"2025-05-02 00:17:01",4461,3870,59428,0,,5.55,68.7,3.68,15.65,,0.9
"2025-05-02 00:17:02",4462,3871,59424,-33.07626,-70.933465,5.45,78.2,3.67,15.65,,0.8
"2025-05-02 00:17:03",4463,3872,59417,0,,5.3,73.7,3.64,15.65,,0.8
"2025-05-02 00:17:04",4464,3873,59411,0,,5.6,79.1,3.64,15.65,,0.8
"2025-05-02 00:17:05",4464,3873,59406,-33.076223,-70.933297,5.05,75.6,3.63,15.65,,0.8
"2025-05-02 00:17:06",4465,3874,59398,0,,5.45,71.8,3.62,15.65,,0.8
"2025-05-02 00:17:07",4466,3875,59391,0,,5.45,73.6,3.61,15.65,,0.8
"2025-05-02 00:17:08",4467,3876,59384,-33.076182,-70.933135,5.05,70.3,3.6,15.7,6.5,0.9
"2025-05-02 00:17:09",4468,3877,59377,0,,5.55,76.3,3.59,15.7,,0.9
"2025-05-02 00:17:10",4469,3878,59370,0,,4.9,77.4,3.59,15.7,,0.9
"2025-05-02 00:17:11",4470,3879,59364,-33.076143,-70.932973,5.25,70.5,3.59,15.7,,0.9
"2025-05-02 00:17:12",4471,3880,59356,0,,5.5,77.5,3.57,15.7,,0.9
"2025-05-02 00:17:13",4472,3881,59349,0,,5.15,71.7,3.56,15.75,,0.9
"2025-05-02 00:17:14",4473,3882,59342,-33.076103,-70.932807,6,71.5,3.56,15.75,,0.9
"2025-05-02 00:17:15",4474,3883,59335,0,,5.1,78.9,3.55,15.75,,0.9
"2025-05-02 00:17:16",4475,3884,59329,0,,5.25,69.3,3.54,15.75,,0.9
"2025-05-02 00:17:17",4476,3885,59324,-33.076068,-70.93264,5.5,79.4,3.54,15.75,,0.9
"2025-05-02 00:17:18",4476,3885,59318,0,,4.75,74.1,3.53,15.7,,0.9
"2025-05-02 00:17:19",4477,3886,59313,0,,5.75,72.1,3.52,15.7,,0.9
"2025-05-02 00:17:20",4478,3887,59308,-33.076035,-70.932475,5.35,82.2,3.51,15.75,,0.9
"2025-05-02 00:17:22",4479,3888,59296,0,,5.6,78.6,3.5,15.75,,0.9
"2025-05-02 00:17:23",4480,3889,59290,-33.076002,-70.932307,4.95,77.1,3.49,15.75,,0.9
"2025-05-02 00:17:26",4484,3893,59266,-33.075962,-70.93214,5.75,66.7,3.47,15.8,,0.9
"2025-05-02 00:17:28",4486,3895,59251,0,,5.35,73.1,3.45,15.8,,0.9
"2025-05-02 00:17:29",4487,3896,59244,-33.075917,-70.931973,5.1,70.7,3.45,15.8,,0.9
"2025-05-02 00:17:31",4488,3897,59232,0,,5.15,68.7,3.42,15.85,,0.9
"2025-05-02 00:17:32",4489,3898,59226,-33.075877,-70.931812,5.75,74.8,3.42,15.85,,0.9
"2025-05-02 00:17:34",4491,3900,59211,0,,5.3,67.3,3.4,15.85,,1
"2025-05-02 00:17:35",4492,3901,59204,-33.075832,-70.931638,5.4,77.6,3.4,15.85,6.25,1
"2025-05-02 00:17:37",4494,3903,59189,0,,5.65,72,3.38,15.85,,1
"2025-05-02 00:17:38",4495,3904,59182,-33.075787,-70.931462,5.85,76.4,3.38,15.85,,1
"2025-05-02 00:17:40",4497,3906,59167,0,,5.65,73.8,3.37,15.85,,1
"2025-05-02 00:17:41",4498,3907,59160,-33.075737,-70.931287,5.25,71,3.37,15.85,,1
"2025-05-02 00:17:42",4499,3908,59153,0,,5.25,70.7,3.36,15.9,,1
"2025-05-02 00:17:43",4500,3909,59146,0,,5.4,78.8,3.36,15.9,,1
"2025-05-02 00:17:44",4501,3910,59140,-33.075697,-70.931122,5.85,69.1,3.35,15.9,,1
"2025-05-02 00:17:45",4502,3911,59133,0,,5.85,77.2,3.35,15.9,,1
"2025-05-02 00:17:46",4503,3912,59126,0,,5.75,75.7,3.34,15.9,,1
"2025-05-02 00:17:47",4504,3913,59120,-33.075653,-70.930942,5.95,71,3.33,15.9,,1
"2025-05-02 00:17:48",4505,3914,59113,0,,5.65,80.9,3.32,15.9,,1
"2025-05-02 00:17:49",4506,3915,59106,0,,5.8,71.8,3.31,15.9,,1
"2025-05-02 00:17:50",4506,3915,59100,-33.075613,-70.93076,5.85,76,3.3,15.9,,0.9
"2025-05-02 00:17:57",4512,3921,59057,0,,6.4,74.9,3.24,15.9,,0.9
"2025-05-02 00:17:58",4513,3922,59051,0,,5.9,74,3.23,15.9,,0.9
"2025-05-02 00:17:59",4514,3923,59046,-33.075485,-70.93022,5.85,72.8,3.22,15.9,,0.9
"2025-05-02 00:18:00",4515,3924,59040,0,,5.75,72.4,3.22,15.9,,0.8
"2025-05-02 00:18:01",4515,3924,59035,0,,5.5,74.9,3.22,15.9,,0.8
"2025-05-02 00:18:02",4516,3925,59030,-33.07544,-70.930042,6.15,73.6,3.21,15.9,6,0.8
"2025-05-02 00:18:03",4517,3926,59022,0,,5.9,77.7,3.21,15.9,,0.8
"2025-05-02 00:18:04",4518,3927,59015,0,,5.9,73.7,3.2,15.9,,0.8
"2025-05-02 00:18:05",4519,3928,59008,-33.075398,-70.929853,6.25,72.6,3.19,15.9,,0.8
"2025-05-02 00:18:06",4520,3929,59000,0,,5.75,73.6,3.19,15.9,,0.9
"2025-05-02 00:18:07",4521,3930,58993,0,,6.15,69.1,3.19,15.9,,0.9
"2025-05-02 00:18:08",4522,3931,58986,-33.075352,-70.929668,6,75.8,3.18,15.95,,0.9
"2025-05-02 00:18:09",4523,3932,58981,0,,5.7,75.8,3.18,15.95,,0.9
"2025-05-02 00:18:10",4523,3932,58976,0,,6.55,74.7,3.17,15.95,,0.9
"2025-05-02 00:18:11",4524,3933,58972,-33.075313,-70.929482,5.8,78.7,3.16,15.95,,0.8
"2025-05-02 00:18:12",4525,3934,58964,0,,6,71.4,3.16,15.95,,0.9
"2025-05-02 00:18:13",4526,3935,58956,0,,6.3,73.9,3.13,15.95,,0.9
"2025-05-02 00:18:14",4527,3936,58948,-33.075268,-70.929295,5.6,71.9,3.13,15.95,,0.9
"2025-05-02 00:18:15",4528,3937,58942,0,,6.4,75,3.13,15.95,,0.9
"2025-05-02 00:18:16",4529,3938,58937,0,,5.75,78.8,3.12,15.95,,0.9
"2025-05-02 00:18:17",4530,3939,58932,-33.07523,-70.929108,5.95,70.1,3.12,15.95,,0.9
"2025-05-02 00:18:18",4531,3940,58924,0,,6.45,78.1,3.11,15.9,,0.9
"2025-05-02 00:18:19",4532,3941,58916,0,,5.5,75.2,3.1,15.95,,0.9
"2025-05-02 00:18:20",4533,3942,58908,-33.075192,-70.928922,6.25,72.5,3.1,15.95,,0.9
"2025-05-02 00:18:21",4534,3943,58901,0,,5.6,80.6,3.09,15.95,,0.9
"2025-05-02 00:18:22",4535,3944,58895,0,,5.45,71.7,3.08,15.95,,0.9
"2025-05-02 00:18:23",4535,3944,58890,-33.075153,-70.928745,6.45,77.4,3.07,15.95,,0.9
"2025-05-02 00:18:26",4537,3946,58878,-33.075117,-70.928562,6.05,75.1,3.05,16,,0.8
"2025-05-02 00:18:27",4538,3947,58868,0,,5.7,68.1,3.04,16,,0.8
"2025-05-02 00:18:28",4540,3949,58859,0,,6.2,77.4,3.04,16,,0.9
"2025-05-02 00:18:29",4541,3950,58850,-33.075073,-70.928382,5.35,75.9,3.02,16,6,0.9
"2025-05-02 00:18:30",4542,3951,58845,0,,6,70.5,3.01,16,,0.9
"2025-05-02 00:18:31",4542,3951,58840,0,,5.85,77,3.01,16,,0.9
"2025-05-02 00:18:32",4543,3952,58836,-33.07503,-70.928202,5.35,69,3,16.05,,0.8
"2025-05-02 00:18:33",4544,3953,58829,0,,6.2,74.5,2.98,16.05,,0.8
"2025-05-02 00:18:34",4545,3954,58822,0,,5.75,76.2,2.98,16.05,,0.8
"2025-05-02 00:18:35",4546,3955,58816,-33.074985,-70.928018,6.45,72.7,2.98,16.05,,0.9
"2025-05-02 00:18:36",4547,3956,58807,0,,6.15,76.5,2.97,16.05,,0.9
"2025-05-02 00:18:37",4548,3957,58798,0,,5.65,70.5,2.97,16.05,,0.9
"2025-05-02 00:18:38",4549,3958,58790,-33.07494,-70.927832,6.25,72.6,2.97,16.05,,1
"2025-05-02 00:18:39",4550,3959,58782,0,,5.8,76.9,2.95,16.05,,1
"2025-05-02 00:18:40",4551,3960,58775,0,,6.3,71.3,2.94,16.05,,1
"2025-05-02 00:18:41",4552,3961,58768,-33.074898,-70.927642,6.3,75.4,2.92,16.05,,0.9
"2025-05-02 00:18:42",4553,3962,58761,0,,5.6,67.2,2.92,16.05,,0.9
"2025-05-02 00:18:43",4554,3963,58754,0,,6.5,71,2.92,16.05,,1
"2025-05-02 00:18:44",4555,3964,58748,-33.074845,-70.92746,5.55,73.6,2.91,16,,1
"2025-05-02 00:18:45",4556,3965,58741,0,,6.05,65.6,2.91,16,,1
"2025-05-02 00:18:46",4557,3966,58735,0,,6.3,73.9,2.9,16,,1
"2025-05-02 00:18:47",4557,3966,58730,-33.074793,-70.927282,5.5,70,2.9,16,,1
"2025-05-02 00:18:48",4558,3967,58723,0,,6.6,69.4,2.89,16,,1
"2025-05-02 00:18:49",4559,3968,58716,0,,5.95,75.1,2.88,16,,0.9
"2025-05-02 00:18:50",4560,3969,58710,-33.07474,-70.927097,6.05,64.1,2.88,16,,0.9
"2025-05-02 00:18:51",4561,3970,58703,0,,6.6,73.2,2.87,16,,0.9
"2025-05-02 00:18:52",4562,3971,58696,0,,5.35,70.5,2.87,16,,0.9
"2025-05-02 00:18:53",4563,3972,58690,-33.074687,-70.926918,6.1,66.9,2.85,16,,0.9
"2025-05-02 00:18:55",4564,3973,58680,0,,5.7,66.9,2.82,16,,0.9
"2025-05-02 00:18:56",4565,3974,58676,-33.074633,-70.92674,6.75,69.1,2.8,15.95,5.75,0.8
"2025-05-02 00:18:57",4566,3975,58668,0,,5.9,73.2,2.8,16,,0.9
"2025-05-02 00:18:58",4567,3976,58660,0,,6.25,65.5,2.8,15.95,,0.9
"2025-05-02 00:18:59",4568,3977,58652,-33.074577,-70.926557,5.8,75.6,2.8,15.95,,0.9
"2025-05-02 00:19:00",4569,3978,58645,0,,5.65,67.2,2.79,15.95,,0.9
"2025-05-02 00:19:01",4570,3979,58639,0,,6.65,68.8,2.79,15.95,,0.9
"2025-05-02 00:19:02",4571,3980,58634,-33.07452,-70.926377,5.75,72.2,2.79,15.95,,0.9
"2025-05-02 00:19:03",4572,3981,58628,0,,6.6,64.2,2.79,15.95,,0.9
"2025-05-02 00:19:04",4572,3981,58623,0,,6.1,71.8,2.79,15.95,,0.9
"2025-05-02 00:19:05",4573,3982,58618,-33.074458,-70.926195,5.6,67,2.79,15.9,,0.8
"2025-05-02 00:19:06",4574,3983,58609,0,,6.25,68.5,2.79,15.9,,0.9
"2025-05-02 00:19:07",4575,3984,58601,0,,5.55,71.8,2.79,15.9,,0.9
"2025-05-02 00:19:08",4576,3985,58594,-33.0744,-70.92602,6.4,65.1,2.79,15.9,,0.9
"2025-05-02 00:19:09",4577,3986,58588,0,,6.15,71.9,2.79,15.9,,0.9
"2025-05-02 00:19:10",4578,3987,58583,0,,5.5,67.5,2.79,15.9,,0.9
"2025-05-02 00:19:11",4579,3988,58578,-33.074343,-70.925838,6.35,65.2,2.78,15.9,,0.9
"2025-05-02 00:19:12",4579,3988,58571,0,,5.45,72.6,2.78,15.9,,0.9
"2025-05-02 00:19:13",4580,3989,58565,0,,6,66.4,2.78,15.9,,0.9
"2025-05-02 00:19:14",4581,3990,58560,-33.074288,-70.92566,6.35,70.5,2.78,15.9,,0.9
"2025-05-02 00:19:15",4582,3991,58555,0,,5.25,68.5,2.78,15.9,,0.8
"2025-05-02 00:19:16",4582,3991,58550,0,,6.25,63.6,2.75,15.9,,0.8
"2025-05-02 00:19:17",4583,3992,58546,-33.07423,-70.92548,6.1,71.1,2.73,15.9,,0.8
"2025-05-02 00:19:18",4584,3993,58538,0,,5.9,65,2.72,15.9,,0.9
"2025-05-02 00:19:19",4585,3994,58530,0,,6.6,68.1,2.71,15.9,,0.9
"2025-05-02 00:19:20",4586,3995,58522,-33.074167,-70.9253,5.6,70.8,2.69,15.9,,0.8
"2025-05-02 00:19:21",4587,3996,58515,0,,5.95,63.1,2.68,15.9,,0.8
"2025-05-02 00:19:22",4588,3997,58509,0,,6.25,72.9,2.67,15.9,,0.8
"2025-05-02 00:19:23",4589,3998,58504,-33.074108,-70.92512,5.7,67.4,2.66,15.9,5.5,0.8
"2025-05-02 00:19:26",4592,4001,58482,-33.074047,-70.924932,6.15,62.3,2.64,15.9,,0.9
"2025-05-02 00:19:27",4593,4002,58476,0,,6.7,68.2,2.63,15.9,,0.9
"2025-05-02 00:19:28",4593,4002,58471,0,,5.8,63.9,2.62,15.9,,0.9
"2025-05-02 00:19:29",4594,4003,58466,-33.073977,-70.924745,6.75,63.6,2.62,15.9,,0.9
"2025-05-02 00:19:30",4595,4004,58461,0,,6.3,71.3,2.61,15.9,,0.9
"2025-05-02 00:19:31",4595,4004,58456,0,,5.95,63.1,2.6,15.9,,0.8
"2025-05-02 00:19:32",4596,4005,58452,-33.073915,-70.924562,5.95,71,2.59,15.9,,0.8
"2025-05-02 00:19:33",4597,4006,58445,0,,5.6,66.4,2.58,15.9,,0.8
"2025-05-02 00:19:34",4598,4007,58438,0,,6.7,65.3,2.58,15.9,,0.8
"2025-05-02 00:19:35",4599,4008,58432,-33.073853,-70.92438,6.2,70.3,2.56,15.9,,0.8
"2025-05-02 00:19:36",4600,4009,58423,0,,5.9,59.5,2.56,15.9,,0.9
"2025-05-02 00:19:37",4601,4010,58415,0,,6.05,67.6,2.56,15.9,,0.9
"2025-05-02 00:19:38",4602,4011,58408,-33.073788,-70.92421,5.45,67.3,2.53,15.9,,0.9
"2025-05-02 00:19:39",4603,4012,58402,0,,6.4,63,2.53,15.9,,0.9
"2025-05-02 00:19:40",4604,4013,58397,0,,6.25,70.6,2.52,15.9,,0.9
"2025-05-02 00:19:41",4604,4013,58392,-33.07372,-70.924033,5.75,59.7,2.51,15.9,,0.9
"2025-05-02 00:19:42",4605,4014,58387,0,,6.4,63.4,2.51,15.9,,0.8
"2025-05-02 00:19:43",4606,4015,58382,0,,5.35,66.7,2.5,15.9,,0.8
"2025-05-02 00:19:44",4606,4015,58378,-33.07365,-70.923867,5.7,60.7,2.49,15.9,,0.8
"2025-05-02 00:19:45",4607,4016,58370,0,,5.8,71.1,2.48,15.9,,0.9
"2025-05-02 00:19:46",4608,4017,58363,0,,5.5,61.2,2.47,15.9,,0.9
"2025-05-02 00:19:47",4609,4018,58356,-33.073587,-70.923703,6.1,63.2,2.47,15.9,,0.9
"2025-05-02 00:19:48",4610,4019,58350,0,,5.15,68.4,2.46,15.9,,0.9
"2025-05-02 00:19:49",4611,4020,58345,0,,6.15,60.3,2.46,15.9,,0.8
"2025-05-02 00:19:50",4612,4021,58340,-33.073522,-70.923535,6.65,66.2,2.45,15.9,5.25,0.8
"2025-05-02 00:19:51",4612,4021,58338,0,,,,2.45,15.85,,0.7
"2025-05-02 00:19:52",4612,4021,58337,0,,,,2.45,15.85,,0.7
"2025-05-02 00:19:53",4612,4021,58336,0,,,,2.44,15.85,,0.7
"2025-05-02 00:19:55",4604,4013,58391,0,,,,2.52,15.85,,-0.1
"2025-05-02 00:19:56",4600,4009,58420,0,,,,2.59,15.9,,-0.5
"2025-05-02 00:19:57",4592,4001,58484,0,,5.6,63.4,2.67,15.9,,-1.3
"2025-05-02 00:19:58",4583,3992,58547,0,,5.9,72.4,2.79,15.9,,-2.1
"2025-05-02 00:19:59",4574,3983,58610,-33.073287,-70.922997,5.95,70.8,2.79,15.9,,-2.9
"2025-05-02 00:20:00",4565,3974,58675,0,,5.9,68.4,2.86,15.9,,-3.4
"2025-05-02 00:20:01",4556,3965,58740,0,,5.7,67.3,2.95,15.9,,-4.2
"2025-05-02 00:20:02",4547,3956,58806,-33.073275,-70.922792,5.75,72.3,3.05,15.95,,-4.9
"2025-05-02 00:20:03",4539,3948,58866,0,,5.9,72.9,3.13,16,,-6.1
"2025-05-02 00:20:04",4531,3940,58925,0,,6.3,69.7,3.22,16,,-6.8
"2025-05-02 00:20:05",4522,3931,58984,-33.073233,-70.922608,5.65,71.6,3.3,16,,-7.5
"2025-05-02 00:20:06",4514,3923,59045,0,,5.65,75.2,3.37,16,,-7.6
"2025-05-02 00:20:07",4505,3914,59108,0,,6.15,75.9,3.43,16,,-8.3
"2025-05-02 00:20:08",4497,3906,59172,-33.073202,-70.922415,5.6,70.4,3.49,16,,-8.7
"2025-05-02 00:20:09",4488,3897,59237,0,,5.35,69.3,3.56,16,,-8.6
"2025-05-02 00:20:10",4479,3888,59299,0,,5.25,75.1,3.63,15.95,,-8.6
"2025-05-02 00:20:11",4470,3879,59362,-33.073127,-70.922262,5.05,75,3.7,15.95,,-8.6
"2025-05-02 00:20:15",4435,3844,59622,0,,4.9,75.7,3.99,15.9,,-8.6
"2025-05-02 00:20:16",4426,3835,59688,0,,5.5,75.1,4.07,15.9,,-8.7
"2025-05-02 00:20:17",4417,3826,59754,-33.073053,-70.921943,5.2,63.9,4.14,15.85,5.5,-8.8
"2025-05-02 00:20:18",4408,3817,59820,0,,4.15,76.5,4.21,15.8,,-8.9
"2025-05-02 00:20:19",4399,3808,59886,0,,5.25,76.6,4.29,15.75,,-8.9
"2025-05-02 00:20:20",4390,3799,59952,-33.073012,-70.921783,4.9,65.9,4.37,15.75,,-8.9
"2025-05-02 00:20:21",4381,3790,60018,0,,4.35,68.5,4.44,15.7,,-8.9
"2025-05-02 00:20:22",4372,3781,60085,0,,4.35,73.8,4.51,15.65,,-8.9
"2025-05-02 00:20:23",4363,3772,60152,-33.072973,-70.921638,4.85,73.2,4.59,15.55,,-9
"2025-05-02 00:20:26",4337,3746,60344,-33.072928,-70.92154,3.8,84.3,4.81,15.35,,-8.9
"2025-05-02 00:20:27",4328,3737,60406,0,,4.5,70.9,4.87,15.25,,-8.9
"2025-05-02 00:20:28",4319,3728,60471,0,,3.15,66.5,4.95,15.15,,-8.9
"2025-05-02 00:20:29",4311,3720,60536,-33.072895,-70.921427,3.25,77.6,5.01,15,,-8.9
"2025-05-02 00:20:30",4302,3711,60597,0,,4,81.4,5.09,14.9,,-8.8
"2025-05-02 00:20:31",4294,3703,60657,0,,3.45,77.6,5.16,14.75,,-8.7
"2025-05-02 00:20:32",4286,3695,60718,-33.072872,-70.921317,2.95,72.1,5.23,14.65,,-8.6
"2025-05-02 00:20:36",4251,3660,60974,0,,2.5,98.3,5.56,14.2,,-8.5
"2025-05-02 00:20:37",4243,3652,61038,0,,3.4,75.9,5.62,14.1,,-8.5
"2025-05-02 00:20:38",4234,3643,61102,-33.072847,-70.921133,2.85,86.9,5.7,13.95,,-8.5
"2025-05-02 00:20:39",4226,3635,61166,0,,3.65,98.8,5.77,13.9,,-8.5
"2025-05-02 00:20:40",4217,3626,61233,0,,2,133,5.85,13.75,,-8.5
"2025-05-02 00:20:41",4208,3617,61300,-33.072862,-70.921053,2,86,5.91,13.6,,-8.6
"2025-05-02 00:20:42",4200,3609,61361,0,,1.8,125.1,5.99,13.45,,-8.5
"2025-05-02 00:20:43",4191,3600,61422,0,,2.35,113.9,6.06,13.3,,-8.5
"2025-05-02 00:20:44",4183,3592,61484,-33.072877,-70.920995,1.95,82.9,6.15,13.15,5.75,-8.5
"2025-05-02 00:20:45",4174,3583,61552,0,,1.8,124,6.22,13.05,,-8.6
"2025-05-02 00:20:46",4165,3574,61618,0,,2.3,106.1,6.3,12.9,,-8.6
"2025-05-02 00:20:47",4157,3566,61684,-33.07289,-70.920935,1.75,81.9,6.38,12.75,,-8.6
"2025-05-02 00:20:48",4148,3557,61745,0,,2,148,6.46,12.65,,-8.6
"2025-05-02 00:20:49",4140,3549,61809,0,,1.35,127.1,6.51,12.45,,-8.6
"2025-05-02 00:20:50",4131,3540,61874,-33.072912,-70.920897,1,127.1,6.59,12.35,,-8.6
"2025-05-02 00:20:51",4123,3532,61938,0,,1.65,145.4,6.66,12.2,,-8.5
"2025-05-02 00:20:52",4115,3524,62000,0,,1.95,116.5,6.75,12.1,,-8.5
"2025-05-02 00:20:53",4106,3515,62062,-33.072935,-70.920857,0.1,116.5,6.82,12,,-8.4
"2025-05-02 00:20:55",4089,3498,62193,0,,1.7,129.2,6.94,11.75,,-8.5
"2025-05-02 00:20:56",4080,3489,62260,-33.072968,-70.920827,1.2,172.7,7.03,11.6,,-8.6
"2025-05-02 00:20:57",4072,3481,62324,0,,2.2,169.5,7.09,11.45,,-8.5
"2025-05-02 00:20:58",4063,3472,62386,0,,2.25,156,7.15,11.35,,-8.5
"2025-05-02 00:20:59",4055,3464,62448,-33.073017,-70.920815,1.9,185.2,7.21,11.2,,-8.4
"2025-05-02 00:21:00",4047,3456,62511,0,,2.3,155.7,7.29,11.05,,-8.5
"2025-05-02 00:21:01",4038,3447,62577,0,,1.15,178.5,7.33,10.9,,-8.5
"2025-05-02 00:21:02",4030,3439,62644,-33.073063,-70.920805,2.7,179,7.36,10.8,,-8.5
"2025-05-02 00:21:03",4021,3430,62706,0,,2.05,148.1,7.39,10.7,,-8.4
"2025-05-02 00:21:04",4013,3422,62767,0,,1.85,181.4,7.41,10.6,,-8.4
"2025-05-02 00:21:05",4005,3414,62828,-33.07312,-70.920795,2.8,179.3,7.45,10.5,,-8.4
"2025-05-02 00:21:06",3997,3406,62893,0,,2.4,144.8,7.49,10.45,,-8.4
"2025-05-02 00:21:07",3988,3397,62957,0,,2.1,165,7.52,10.35,,-8.4
"2025-05-02 00:21:08",3980,3389,63022,-33.073178,-70.920765,3.05,153.1,7.55,10.35,,-8.3
"2025-05-02 00:21:10",3963,3372,63154,0,,2.7,163.8,7.63,10.5,,-8.4
"2025-05-02 00:21:11",3954,3363,63222,-33.073235,-70.920737,2.25,132.4,7.68,10.55,6.25,-8.5
"2025-05-02 00:21:12",3945,3354,63287,0,,2.05,171.9,7.73,10.6,,-8.5
"2025-05-02 00:21:13",3937,3346,63350,0,,2.65,154.2,7.79,10.7,,-8.4
"2025-05-02 00:21:14",3929,3338,63414,-33.073287,-70.920705,2,137.4,7.84,10.75,,-8.4
"2025-05-02 00:21:15",3920,3329,63477,0,,1.65,144.2,7.91,10.75,,-8.4
"2025-05-02 00:21:16",3912,3321,63543,0,,2.15,152.6,7.97,10.8,,-8.4
"2025-05-02 00:21:17",3903,3312,63610,-33.07333,-70.920673,1.95,152.9,8.05,10.85,,-8.5
"2025-05-02 00:21:18",3895,3304,63675,0,,2.65,142.5,8.11,10.9,,-8.5
"2025-05-02 00:21:19",3886,3295,63739,0,,2.25,130.7,8.2,10.9,,-8.5
"2025-05-02 00:21:20",3878,3287,63804,-33.073377,-70.920628,2,149.4,8.3,10.9,,-8.5
"2025-05-02 00:21:21",3869,3278,63870,0,,2.95,144.3,8.3,10.9,,-8.5
"2025-05-02 00:21:22",3861,3270,63936,0,,2.2,125.2,8.36,10.9,,-8.5
"2025-05-02 00:21:23",3852,3261,64002,-33.073423,-70.920582,1.75,149.3,8.45,10.85,,-8.4
"2025-05-02 00:21:26",3828,3237,64188,-33.073468,-70.92054,2.05,147.3,8.68,10.75,,-8.4
"2025-05-02 00:21:27",3820,3229,64252,0,,,,8.74,10.7,,-8.4
"2025-05-02 00:21:28",3812,3221,64316,0,,,,8.82,10.65,,-8.4
"2025-05-02 00:21:29",3804,3213,64380,0,,,,8.89,10.6,,-8.3
"2025-05-02 00:21:30",3795,3204,64449,0,,2.4,148.7,8.97,10.55,,-8.3
"2025-05-02 00:21:31",3786,3195,64517,0,,2.55,119,9.04,10.5,,-8.4
"2025-05-02 00:21:32",3777,3186,64586,-33.073553,-70.920433,2.3,153,9.11,10.45,,-8.4
"2025-05-02 00:21:33",3769,3178,64647,0,,2.7,108.8,9.18,10.4,,-8.4
"2025-05-02 00:21:34",3761,3170,64707,0,,3.2,137,9.27,10.4,,-8.3
"2025-05-02 00:21:35",3754,3163,64768,-33.073598,-70.920375,2.2,170.5,9.33,10.3,,-8.2
"2025-05-02 00:21:36",3745,3154,64837,0,,2.7,133.4,9.42,10.25,,-8.3
"2025-05-02 00:21:37",3736,3145,64905,0,,1.4,145,9.48,10.2,,-8.3
"2025-05-02 00:21:38",3727,3136,64974,-33.073645,-70.920332,2.85,144.2,9.55,10.2,7.25,-8.4
"2025-05-02 00:21:39",3719,3128,65036,0,,1.85,120.9,9.62,10.15,,-8.4
"2025-05-02 00:21:40",3711,3120,65101,0,,1.85,152.3,9.69,10.15,,-8.4
"2025-05-02 00:21:41",3703,3112,65166,-33.073683,-70.920283,2.7,120.6,9.75,10.1,,-8.4
"2025-05-02 00:21:42",3695,3104,65231,0,,1.85,166.2,9.82,10,,-8.3
"2025-05-02 00:21:43",3686,3095,65295,0,,2.65,124.5,9.87,9.85,,-8.3
"2025-05-02 00:21:44",3678,3087,65360,-33.073723,-70.920242,2.25,173.4,9.9,9.65,,-8.2
"2025-05-02 00:21:45",3670,3079,65427,0,,2.55,139.8,9.93,9.35,,-8.3
"2025-05-02 00:21:46",3661,3070,65495,0,,2.05,167.1,9.96,8.95,,-8.3
"2025-05-02 00:21:47",3652,3061,65564,-33.073782,-70.920213,3.35,167.4,9.97,8.5,,-8.4
"2025-05-02 00:21:48",3644,3053,65632,0,,2.55,140.5,9.97,8,,-8.5
"2025-05-02 00:21:49",3635,3044,65700,0,,2.75,165.5,9.98,7.6,,-8.5
"2025-05-02 00:21:50",3627,3036,65768,-33.07384,-70.920172,2.6,130.1,10,7.15,,-8.4
"2025-05-02 00:21:51",3619,3028,65829,0,,2.45,168.4,10.03,6.75,,-8.4
"2025-05-02 00:21:52",3611,3020,65891,0,,2.85,129.8,10.07,6.45,,-8.3
"2025-05-02 00:21:53",3603,3012,65954,-33.073893,-70.920125,2.25,152,10.13,6.15,,-8.3
"2025-05-02 00:21:55",3586,2995,66089,0,,3.05,137.3,10.2,5.6,,-8.4
"2025-05-02 00:21:56",3577,2986,66158,-33.073952,-70.920062,2.7,130.2,10.26,5.35,,-8.4
"2025-05-02 00:21:57",3569,2978,66227,0,,3.45,142.6,10.31,5.1,,-8.4
"2025-05-02 00:21:58",3560,2969,66294,0,,2.75,120.1,10.37,4.9,,-8.4
"2025-05-02 00:21:59",3552,2961,66362,-33.074003,-70.91999,3.1,145.1,10.44,4.75,,-8.4
"2025-05-02 00:22:00",3543,2952,66431,0,,3.3,125.1,10.49,4.6,,-8.4
"2025-05-02 00:22:01",3535,2944,66498,0,,2.55,139.4,10.54,4.45,,-8.4
"2025-05-02 00:22:02",3526,2935,66566,-33.074062,-70.919918,3.9,143.6,10.58,4.35,,-8.3
"2025-05-02 00:22:03",3518,2927,66630,0,,2.85,134.6,10.61,4.2,,-8.4
"2025-05-02 00:22:04",3510,2919,66697,0,,4,163.6,10.63,4.1,,-8.4
"2025-05-02 00:22:05",3501,2910,66764,-33.074132,-70.919862,2.5,146.6,10.66,4,8.25,-8.5
"2025-05-02 00:22:06",3493,2902,66835,0,,3.15,165.2,10.7,3.95,,-8.5
"2025-05-02 00:22:07",3484,2893,66903,0,,3.5,156.7,10.74,3.9,,-8.5
"2025-05-02 00:22:08",3476,2885,66972,-33.074202,-70.919823,2.45,157,10.78,3.8,,-8.4
"2025-05-02 00:22:09",3468,2877,67035,0,,3.85,162.4,10.82,3.7,,-8.4
"2025-05-02 00:22:10",3459,2868,67101,0,,2.6,150,10.89,3.7,,-8.4
"2025-05-02 00:22:11",3451,2860,67168,-33.07428,-70.919785,3.95,164.9,10.95,3.65,,-8.4
"2025-05-02 00:22:12",3443,2852,67235,0,,3,152.8,11.04,3.6,,-8.4
"2025-05-02 00:22:13",3435,2844,67301,0,,3.95,167.8,11.08,3.5,,-8.4
"2025-05-02 00:22:14",3426,2835,67368,-33.074358,-70.919745,2.65,137.9,11.16,3.45,,-8.3
"2025-05-02 00:22:15",3418,2827,67436,0,,4.05,158,11.23,3.45,,-8.4
"2025-05-02 00:22:16",3409,2818,67506,0,,3.8,143.6,11.32,3.45,,-8.4
"2025-05-02 00:22:17",3401,2810,67576,-33.074438,-70.919695,3.4,173.7,11.38,3.45,,-8.4
"2025-05-02 00:22:18",3393,2802,67641,0,,2.05,137.6,11.46,3.45,,-8.4
"2025-05-02 00:22:19",3385,2794,67704,0,,4.25,139.4,11.52,3.4,,-8.3
"2025-05-02 00:22:20",3377,2786,67768,-33.074505,-70.91964,3.35,156.1,11.59,3.4,,-8.2
"2025-05-02 00:22:21",3367,2776,67846,0,,3.45,154.1,11.65,3.35,,-8.4
"2025-05-02 00:22:22",3357,2766,67927,0,,3.6,155.1,11.75,3.3,,-8.5
"2025-05-02 00:22:23",3347,2756,68008,-33.07459,-70.919585,4.45,148.4,11.84,3.3,,-8.6
"2025-05-02 00:22:26",3323,2732,68206,-33.074692,-70.919532,5.75,168,12.05,3.25,,-8.6
"2025-05-02 00:22:27",3315,2724,68275,0,,5.55,178.6,12.1,3.25,,-8.6
"2025-05-02 00:22:28",3306,2715,68341,0,,3.95,181.4,12.13,3.25,,-8.5
"2025-05-02 00:22:29",3298,2707,68408,-33.074812,-70.919512,4.05,153,12.18,3.25,,-8.5
"2025-05-02 00:22:30",3291,2700,68469,0,,5.35,145.6,12.2,3.25,,-8.5
"2025-05-02 00:22:31",3283,2692,68533,0,,5.45,161,12.21,3.3,,-8.5
"2025-05-02 00:22:32",3275,2684,68598,-33.074922,-70.919442,3.25,160.2,12.22,3.4,9.25,-8.5
"2025-05-02 00:22:33",3267,2676,68667,0,,1.85,151.2,12.21,3.5,,-8.4
"2025-05-02 00:22:34",3258,2667,68734,0,,1,139.6,12.22,3.95,,-8.2
"2025-05-02 00:22:35",3250,2659,68802,-33.074958,-70.919405,2.75,120.1,12.22,4.45,,-8.1
"2025-05-02 00:22:36",3242,2651,68870,0,,3.9,154.1,12.24,5.05,,-8.1
"2025-05-02 00:22:37",3233,2642,68942,0,,2.75,129.9,12.25,5.75,,-8.2
"2025-05-02 00:22:38",3224,2633,69014,-33.075018,-70.91934,3.95,153.4,12.28,6.45,,-8.2
"2025-05-02 00:22:39",3216,2625,69081,0,,3.5,136.5,12.32,7.2,,-8.2
"2025-05-02 00:22:40",3208,2617,69147,0,,4.7,155.7,12.36,7.85,,-8.2
"2025-05-02 00:22:41",3200,2609,69214,-33.0751,-70.919267,3.1,130.9,12.42,8.35,,-8.2
"2025-05-02 00:22:42",3191,2600,69285,0,,3.7,153.7,12.48,8.75,,-8.2
"2025-05-02 00:22:43",3183,2592,69354,0,,3.05,132.5,12.55,8.85,,-8.3
"2025-05-02 00:22:44",3175,2584,69424,-33.075162,-70.919205,2.75,146,12.62,8.85,,-8.3
"2025-05-02 00:22:45",3167,2576,69488,0,,3.95,141.9,12.7,8.8,,-8.3
"2025-05-02 00:22:46",3159,2568,69553,0,,2.8,132.6,12.78,8.75,,-8.3
"2025-05-02 00:22:47",3151,2560,69618,-33.075225,-70.91914,2.95,151.9,12.86,8.7,,-8.2
"2025-05-02 00:22:48",3143,2552,69685,0,,3.95,134,12.94,8.6,,-8.2
"2025-05-02 00:22:49",3135,2544,69754,0,,2.65,138.5,13.01,8.5,,-8.2
"2025-05-02 00:22:50",3126,2535,69824,-33.075292,-70.919068,4,143,13.1,8.45,,-8.2
"2025-05-02 00:22:51",3118,2527,69892,0,,2.15,134.5,13.17,8.35,,-8.2
"2025-05-02 00:22:52",3110,2519,69961,0,,3.8,137.9,13.25,8.3,,-8.2
"2025-05-02 00:22:53",3102,2511,70030,-33.075347,-70.919007,2.15,144.1,13.28,8.25,,-8.2
"2025-05-02 00:22:55",3084,2493,70175,0,,3.6,114.5,13.31,8,,-8.3
"2025-05-02 00:22:56",3076,2485,70248,-33.075372,-70.918913,3.05,109.9,13.33,7.75,,-8.3
"2025-05-02 00:22:57",3067,2476,70320,0,,3.05,109.9,13.36,7.4,,-8.3
"2025-05-02 00:22:58",3058,2467,70391,0,,3,113.3,13.39,7.15,,-8.4
"2025-05-02 00:22:59",3050,2459,70462,-33.075402,-70.918825,2.5,111.6,13.42,6.85,10.5,-8.4
"2025-05-02 00:23:00",3041,2450,70539,0,,2.9,117.6,13.46,6.6,,-8.5
"2025-05-02 00:23:01",3031,2440,70618,0,,2.4,98,13.5,6.3,,-8.6
"2025-05-02 00:23:02",3022,2431,70698,-33.075418,-70.918738,3.05,83.9,13.54,6.05,,-8.7
"2025-05-02 00:23:03",3014,2423,70766,0,,1.85,68,13.59,5.8,,-8.7
"2025-05-02 00:23:04",3006,2415,70833,0,,1.7,78,13.62,5.65,,-8.7
"2025-05-02 00:23:05",2998,2407,70900,-33.07541,-70.918672,2.6,99,13.67,5.5,,-8.6
"2025-05-02 00:23:06",2988,2397,70978,0,,3.15,130.3,13.7,5.45,,-8.7
"2025-05-02 00:23:07",2979,2388,71058,0,,2.35,133.3,13.74,5.4,,-8.8
"2025-05-02 00:23:08",2970,2379,71138,-33.075445,-70.918598,2.7,113.7,13.81,5.35,,-8.8
"2025-05-02 00:23:09",2961,2370,71211,0,,2.2,122.1,13.82,5.25,,-8.8
"2025-05-02 00:23:10",2952,2361,71285,0,,2.2,114.4,13.82,5.2,,-8.8
"2025-05-02 00:23:11",2943,2352,71360,-33.075463,-70.918537,1.3,100.2,13.82,5.05,,-8.9
"2025-05-02 00:23:12",2935,2344,71430,0,,3.35,115.5,13.82,4.95,,-8.8
"2025-05-02 00:23:13",2927,2336,71498,0,,1.55,142.6,13.82,4.8,,-8.7
"2025-05-02 00:23:14",2919,2328,71566,-33.075493,-70.918472,2.85,123.1,13.82,4.75,,-8.5
"2025-05-02 00:23:15",2911,2320,71630,0,,1.85,116.4,13.82,4.6,,-8.5
"2025-05-02 00:23:16",2903,2312,71698,0,,3.05,133.7,13.83,4.55,,-8.5
"2025-05-02 00:23:17",2895,2304,71766,-33.075527,-70.9184,2.6,115.1,13.83,4.4,,-8.5
"2025-05-02 00:23:18",2887,2296,71834,0,,2.6,146.4,13.91,4.35,,-8.4
"2025-05-02 00:23:19",2880,2289,71900,0,,2.15,105,13.98,4.2,,-8.3
"2025-05-02 00:23:20",2872,2281,71966,-33.075565,-70.91834,3.1,145.2,14.04,4.15,,-8.1
"2025-05-02 00:23:21",2864,2273,72033,0,,1.7,101.4,14.12,4.1,,-8.1
"2025-05-02 00:23:22",2856,2265,72102,0,,3.55,128.2,14.17,3.95,,-8.1
"2025-05-02 00:23:23",2848,2257,72172,-33.075603,-70.918273,2.1,129,14.21,3.9,,-8
"2025-05-02 00:23:26",2824,2233,72372,-33.075643,-70.918208,1.7,110.4,14.31,3.9,11.5,-7.9
"2025-05-02 00:23:27",2817,2226,72435,0,,3.5,122.5,14.33,3.9,,-7.9
"2025-05-02 00:23:28",2809,2218,72500,0,,2.4,157.9,14.34,4,,-7.8
"2025-05-02 00:23:29",2802,2211,72566,-33.075685,-70.918147,2.1,109.1,14.36,4.15,,-7.8
"2025-05-02 00:23:30",2794,2203,72634,0,,3.8,127.7,14.39,4.4,,-7.8
"2025-05-02 00:23:31",2786,2195,72701,0,,3.15,162.2,14.39,4.75,,-7.8
"2025-05-02 00:23:32",2778,2187,72768,-33.075733,-70.91809,0.1,162.2,14.39,5.45,,-7.8
"2025-05-02 00:23:33",2770,2179,72836,0,,2.4,133.1,14.37,6.3,,-7.8
"2025-05-02 00:23:34",2763,2172,72903,0,,2.95,178,14.39,7.1,,-7.7
"2025-05-02 00:23:35",2755,2164,72970,-33.075782,-70.918077,2.1,205.9,14.39,8,,-7.7
"2025-05-02 00:23:36",2747,2156,73034,0,,2.1,239.2,14.36,9.05,,-7.7
"2025-05-02 00:23:37",2740,2149,73100,0,,1.05,268.8,14.32,10.75,,-7.7
"2025-05-02 00:23:38",2732,2141,73166,-33.075813,-70.91811,2.8,171.9,14.29,12.65,,-7.7
"2025-05-02 00:23:39",2725,2134,73231,0,,3.25,213.1,14.25,14.75,,-7.7
"2025-05-02 00:23:40",2717,2126,73297,0,,1.4,254,14.19,16.95,,-7.7
"2025-05-02 00:23:41",2709,2118,73364,-33.075873,-70.918145,3.1,193.6,14.14,19.4,,-7.7
"2025-05-02 00:23:42",2701,2110,73433,0,,2.35,223.9,14.12,21.75,,-7.7
"2025-05-02 00:23:43",2693,2102,73503,0,,3.45,206.2,14.11,23.65,,-7.8
"2025-05-02 00:23:44",2685,2094,73574,-33.075937,-70.918187,2.45,209.9,14.12,25.35,,-7.8
"2025-05-02 00:23:45",2677,2086,73646,0,,3.8,222.1,14.15,26.75,,-7.8
"2025-05-02 00:23:46",2669,2078,73716,0,,1.9,219.4,14.19,27.9,,-7.8
"2025-05-02 00:23:47",2661,2070,73786,-33.075998,-70.918242,3.95,207.5,14.24,28.9,,-7.8
"2025-05-02 00:23:48",2653,2062,73850,0,,2.55,229.6,14.29,29.65,,-7.8
"2025-05-02 00:23:49",2646,2055,73917,0,,4,211.2,14.35,30.25,,-7.8
"2025-05-02 00:23:50",2638,2047,73984,-33.076067,-70.918302,2.25,232.1,14.42,30.75,,-7.8
"2025-05-02 00:23:51",2630,2039,74051,0,,3.5,205.2,14.49,31.1,,-7.9
"2025-05-02 00:23:52",2623,2032,74117,0,,3.45,234.2,14.55,31.35,,-7.8
"2025-05-02 00:23:53",2615,2024,74184,-33.076128,-70.918362,2.9,204.2,14.61,31.55,12.5,-7.8
"2025-05-02 00:23:55",2600,2009,74316,0,,2.55,209.8,14.74,31.85,,-7.8
"2025-05-02 00:23:56",2592,2001,74384,-33.076195,-70.918427,4.5,211.7,14.83,31.7,,-7.7
"2025-05-02 00:23:57",2584,1993,74455,0,,3.35,239.7,14.9,31.55,,-7.8
"2025-05-02 00:23:58",2576,1985,74526,0,,2.65,197.7,14.94,31.45,,-7.8
"2025-05-02 00:23:59",2568,1977,74598,-33.076262,-70.918487,3.1,216.6,14.95,31.55,,-7.8
"2025-05-02 00:24:00",2560,1969,74669,0,,2.35,248,14.95,31.75,,-7.8
"2025-05-02 00:24:01",2552,1961,74739,0,,0.05,248,14.95,32,,-7.8
"2025-05-02 00:24:02",2544,1953,74810,-33.076285,-70.918525,0.05,248,14.96,32.25,,-7.8
"2025-05-02 00:24:03",2537,1946,74873,0,,2.55,166.4,14.99,32.4,,-7.8
"2025-05-02 00:24:04",2529,1938,74938,0,,3.55,212.8,15.01,32.55,,-7.8
"2025-05-02 00:24:05",2522,1931,75004,-33.076342,-70.918552,3.1,252.8,15.05,32.65,,-7.8
"2025-05-02 00:24:06",2514,1923,75074,0,,0.1,252.8,15.09,32.7,,-7.8
"2025-05-02 00:24:07",2506,1915,75141,0,,2.6,232.6,15.14,32.7,,-7.8
"2025-05-02 00:24:08",2499,1908,75208,-33.076362,-70.918603,1.15,278.7,15.18,32.6,,-7.8
"2025-05-02 00:24:09",2491,1900,75275,0,,0,278.7,15.2,32.35,,-7.7
"2025-05-02 00:24:10",2483,1892,75343,0,,0.15,278.7,15.23,31.9,,-7.7
"2025-05-02 00:24:11",2476,1885,75412,-33.076377,-70.91863,3.4,240.5,15.21,31.4,,-7.7
"2025-05-02 00:24:12",2469,1878,75474,0,,3.7,285.7,15.17,31.1,,-7.6
"2025-05-02 00:24:13",2461,1870,75539,0,,1.95,306.2,15.05,31.15,,-7.6
"2025-05-02 00:24:14",2454,1863,75604,-33.076362,-70.918718,3.45,270.1,14.89,31.8,,-7.5
"2025-05-02 00:24:15",2446,1855,75674,0,,4.6,298.4,14.7,32.95,,-7.5
"2025-05-02 00:24:16",2438,1847,75743,0,,2.35,300.3,14.54,34,,-7.6
"2025-05-02 00:24:17",2431,1840,75812,-33.076327,-70.918827,4.3,287.2,14.43,35,,-7.6
"2025-05-02 00:24:18",2423,1832,75876,0,,3.15,313.3,14.35,35.85,,-7.5
"2025-05-02 00:24:19",2416,1825,75939,0,,1.15,278.7,14.27,36.6,,-7.5
"2025-05-02 00:24:20",2409,1818,76002,-33.076302,-70.918895,2.2,257.9,14.17,37.45,13.5,-7.4
"2025-05-02 00:24:21",2401,1810,76073,0,,2.75,296.5,14.07,38.25,,-7.5
"2025-05-02 00:24:22",2393,1802,76148,0,,1.85,324.6,14.03,39.05,,-7.6
"2025-05-02 00:24:23",2385,1794,76224,-33.076278,-70.918952,1.15,263.7,14.01,39.7,,-7.6
"2025-05-02 00:24:26",2363,1772,76416,-33.076255,-70.91904,2.3,289.7,14.07,41.3,,-7.6
"2025-05-02 00:24:27",2355,1764,76489,0,,4.25,291.9,14.12,41.6,,-7.6
"2025-05-02 00:24:28",2347,1756,76560,0,,3,315.1,14.17,41.85,,-7.6
"2025-05-02 00:24:29",2339,1748,76632,-33.076213,-70.919137,3.35,275.2,14.24,42.15,,-7.6
"2025-05-02 00:24:30",2332,1741,76697,0,,4.95,293.9,14.29,42.35,,-7.6
"2025-05-02 00:24:31",2325,1734,76763,0,,4.2,318.3,14.36,42.55,,-7.6
"2025-05-02 00:24:32",2317,1726,76830,-33.07616,-70.919247,2.85,288.2,14.43,42.65,,-7.7
"2025-05-02 00:24:33",2309,1718,76899,0,,4.8,299.5,14.49,42.7,,-7.6
"2025-05-02 00:24:34",2302,1711,76967,0,,5.05,315.2,14.56,42.8,,-7.6
"2025-05-02 00:24:35",2294,1703,77036,-33.076087,-70.919353,3.1,333,14.62,42.8,,-7.5
"2025-05-02 00:24:36",2287,1696,77103,0,,1.8,289.3,14.7,42.8,,-7.5
"2025-05-02 00:24:37",2280,1689,77169,0,,2.5,267.6,14.75,42.8,,-7.5
"2025-05-02 00:24:38",2272,1681,77236,-33.07607,-70.91942,3.2,264.4,14.84,42.75,,-7.5
"2025-05-02 00:24:39",2265,1674,77302,0,,4.9,283.8,14.91,42.7,,-7.5
"2025-05-02 00:24:40",2257,1666,77371,0,,4.95,314.3,14.98,42.6,,-7.5
"2025-05-02 00:24:41",2250,1659,77440,-33.07602,-70.919537,3.15,315.4,15.03,42.5,,-7.5
"2025-05-02 00:24:42",2241,1650,77517,0,,3.7,285.4,15.06,42.35,,-7.5
"2025-05-02 00:24:43",2233,1642,77592,0,,5.05,299.9,15.1,42.2,,-7.6
"2025-05-02 00:24:44",2225,1634,77668,-33.075967,-70.91966,5.8,307.4,15.15,42.05,,-7.7
"2025-05-02 00:24:45",2218,1627,77733,0,,4.7,316.6,15.21,41.9,,-7.7
"2025-05-02 00:24:46",2210,1619,77800,0,,3.5,322.7,15.26,41.75,,-7.6
"2025-05-02 00:24:47",2203,1612,77868,-33.075887,-70.919752,3,298.4,15.33,41.6,14.25,-7.6
"2025-05-02 00:24:48",2195,1604,77938,0,,5,280.2,15.4,41.5,,-7.6
"2025-05-02 00:24:49",2187,1596,78008,0,,6.6,284.3,15.46,41.4,,-7.7
"2025-05-02 00:24:50",2180,1589,78078,-33.07584,-70.919923,7.2,297.5,15.52,41.25,,-7.7
"2025-05-02 00:24:51",2173,1582,78140,0,,6.55,314.5,15.58,41.15,,-7.6
"2025-05-02 00:24:52",2166,1575,78202,0,,5.85,316.5,15.64,41,,-7.6
"2025-05-02 00:24:53",2160,1569,78264,-33.075725,-70.920075,6.55,315,15.65,40.8,,-7.5
"2025-05-02 00:24:55",2146,1555,78387,0,,7.35,314.5,15.79,40.5,,-7.3
"2025-05-02 00:24:56",2139,1548,78450,-33.075593,-70.920237,6.8,320.2,15.85,40.35,,-7.2
"2025-05-02 00:24:57",2131,1540,78522,0,,5.5,323.7,15.9,40.25,,-7.2
"2025-05-02 00:24:58",2124,1533,78594,0,,5.15,309.2,15.94,40.1,,-7.2
"2025-05-02 00:24:59",2116,1525,78666,-33.07548,-70.920368,6.95,306.8,16,39.95,,-7.3
"2025-05-02 00:25:00",2110,1519,78721,0,,7.05,321.4,16.06,39.8,,-7.2
"2025-05-02 00:25:01",2104,1513,78777,0,,5.5,330.6,16.1,39.7,,-7
"2025-05-02 00:25:02",2098,1507,78834,-33.075352,-70.920488,4.85,316.3,16.15,39.55,,-6.9
"2025-05-02 00:25:03",2090,1499,78902,0,,5.4,298.6,16.23,39.4,,-6.9
"2025-05-02 00:25:04",2083,1492,78970,0,,6.35,291.4,16.29,39.3,,-6.9
"2025-05-02 00:25:05",2075,1484,79038,-33.075277,-70.920657,7.3,301.3,16.36,39.2,,-7
"2025-05-02 00:25:06",2069,1478,79093,0,,7.6,317.3,16.41,39.15,,-6.9
"2025-05-02 00:25:07",2063,1472,79148,0,,6.25,323.3,16.47,39.05,,-6.9
"2025-05-02 00:25:08",2058,1467,79204,-33.075143,-70.920807,5.7,314.5,16.54,38.9,,-6.8
"2025-05-02 00:25:09",2050,1459,79273,0,,7.4,317,16.59,38.8,,-6.8
"2025-05-02 00:25:10",2042,1451,79343,0,,6.35,325.5,16.64,38.7,,-6.8
"2025-05-02 00:25:11",2035,1444,79414,-33.075007,-70.92094,5.4,318.8,16.69,38.65,,-6.7
"2025-05-02 00:25:12",2028,1437,79480,0,,6.25,315.5,16.74,38.5,,-6.8
"2025-05-02 00:25:13",2020,1429,79547,0,,6.95,318.9,16.8,38.5,,-6.9
"2025-05-02 00:25:14",2013,1422,79614,-33.074875,-70.92108,7.9,321.8,16.85,38.4,15,-7
"2025-05-02 00:25:15",2007,1416,79673,0,,7.6,329.2,16.92,38.35,,-6.9
"2025-05-02 00:25:16",2001,1410,79731,0,,5.6,334.2,16.98,38.35,,-6.8
"2025-05-02 00:25:17",1994,1403,79790,-33.074728,-70.921183,4.85,306.8,17.05,38.2,,-6.7
"2025-05-02 00:25:18",1988,1397,79851,0,,6.4,309,17.09,38.05,,-6.8
"2025-05-02 00:25:19",1981,1390,79916,0,,6.05,320.3,17.13,37.95,,-6.8
"2025-05-02 00:25:20",1974,1383,79982,-33.074618,-70.921317,5.55,316.8,17.18,37.8,,-6.9
"2025-05-02 00:25:21",1966,1375,80051,0,,6.3,303.3,17.26,37.7,,-7
"2025-05-02 00:25:22",1959,1368,80119,0,,6.85,301.7,17.32,37.6,,-6.9
"2025-05-02 00:25:23",1952,1361,80188,-33.074502,-70.921492,7.85,314.1,17.38,37.5,,-6.9
"2025-05-02 00:25:26",1932,1341,80376,-33.074342,-70.921595,4.6,338.7,17.55,37.05,,-6.8
"2025-05-02 00:25:27",1926,1335,80431,0,,4.7,313.4,17.61,36.9,,-6.8
"2025-05-02 00:25:28",1920,1329,80488,0,,6.6,311.9,17.66,36.75,,-6.7
"2025-05-02 00:25:29",1913,1322,80546,-33.074225,-70.92171,6.95,330.1,17.72,36.5,,-6.7
"2025-05-02 00:25:30",1906,1315,80613,0,,5.45,342.3,17.79,36.3,,-6.8
"2025-05-02 00:25:31",1899,1308,80678,0,,4.05,336.6,17.85,36.05,,-6.8
"2025-05-02 00:25:32",1892,1301,80744,-33.0741,-70.92178,5.15,314.3,17.91,35.65,,-6.8
"2025-05-02 00:25:33",1886,1295,80804,0,,7,331.6,17.97,35.15,,-6.7
"2025-05-02 00:25:34",1879,1288,80865,0,,5.05,331.6,18.01,34.7,,-6.6
"2025-05-02 00:25:35",1873,1282,80926,-33.073967,-70.921887,6.55,318.6,18.06,34.3,,-6.6
"2025-05-02 00:25:36",1866,1275,80986,0,,7.85,332,18.12,33.9,,-6.6
"2025-05-02 00:25:37",1860,1269,81049,0,,6.5,346.4,18.17,33.6,,-6.6
"2025-05-02 00:25:38",1853,1262,81112,-33.073803,-70.92197,4.65,345.8,18.22,33.3,,-6.6
"2025-05-02 00:25:40",1840,1249,81237,0,,5.05,316.9,18.33,32.75,,-6.6
"2025-05-02 00:25:41",1833,1242,81300,-33.0737,-70.922055,6.15,319,18.38,32.55,16,-6.7
"2025-05-02 00:25:42",1827,1236,81362,0,,7.05,318.3,18.42,32.3,,-6.6
"2025-05-02 00:25:43",1820,1229,81422,0,,7.7,321.9,18.49,32.15,,-6.6
"2025-05-02 00:25:44",1814,1223,81482,-33.073545,-70.922208,7.95,321.5,18.55,32,,-6.5
"2025-05-02 00:25:45",1807,1216,81543,0,,7.95,328.6,18.6,31.9,,-6.5
"2025-05-02 00:25:46",1801,1210,81607,0,,7.95,338.6,18.66,31.75,,-6.6
"2025-05-02 00:25:47",1794,1203,81672,-33.073362,-70.922312,5.9,351.3,18.73,31.65,,-6.6
"2025-05-02 00:25:48",1787,1196,81739,0,,4.9,328.9,18.77,31.55,,-6.6
"2025-05-02 00:25:49",1780,1189,81804,0,,6.55,324.9,18.85,31.4,,-6.7
"2025-05-02 00:25:50",1773,1182,81870,-33.073222,-70.922407,7.2,328.1,18.9,31.3,,-6.7
"2025-05-02 00:25:51",1766,1175,81934,0,,7.85,332.9,18.95,31.2,,-6.7
"2025-05-02 00:25:52",1759,1168,82000,0,,7.35,338.8,19.03,31.1,,-6.7
"2025-05-02 00:25:53",1752,1161,82066,-33.073037,-70.922498,7.25,351.5,19.09,31,,-6.7
"2025-05-02 00:25:55",1739,1148,82190,0,,7.9,349.9,19.23,30.85,,-6.7
"2025-05-02 00:25:56",1733,1142,82252,-33.072845,-70.922533,6.75,354.9,19.29,30.75,,-6.7
"2025-05-02 00:25:57",1725,1134,82321,0,,6.1,348.8,19.34,30.7,,-6.8
"2025-05-02 00:25:58",1718,1127,82389,0,,5.65,339.8,19.34,30.75,,-6.8
"2025-05-02 00:25:59",1711,1120,82458,-33.072695,-70.92259,5.8,321.4,19.35,30.8,,-6.9
"2025-05-02 00:26:00",1705,1114,82514,0,,7.7,321,19.35,30.85,,-6.8
"2025-05-02 00:26:01",1699,1108,82573,0,,8.7,328.6,19.42,30.95,,-6.8
"2025-05-02 00:26:02",1693,1102,82632,-33.07252,-70.92273,8.75,337.9,19.48,30.95,,-6.7
"2025-05-02 00:26:03",1686,1095,82700,0,,8.2,345.7,19.51,31,,-6.7
"2025-05-02 00:26:04",1679,1088,82768,0,,6.6,350.5,19.57,31.05,,-6.7
"2025-05-02 00:26:05",1672,1081,82836,-33.072337,-70.922782,4.9,346.8,19.62,31.05,,-6.7
"2025-05-02 00:26:06",1665,1074,82898,0,,5.2,343,19.67,31,,-6.7
"2025-05-02 00:26:07",1659,1068,82959,0,,6.2,344.1,19.73,30.95,,-6.7
"2025-05-02 00:26:08",1652,1061,83020,-33.072192,-70.922843,7.9,333.8,19.79,30.95,17.25,-6.7
"2025-05-02 00:26:09",1646,1055,83082,0,,7.55,319.8,19.84,31,,-6.7
"2025-05-02 00:26:10",1639,1048,83148,0,,7.45,315.3,19.9,31,,-6.7
"2025-05-02 00:26:11",1632,1041,83214,-33.072033,-70.922998,8.6,328.5,19.96,31,,-6.6
"2025-05-02 00:26:12",1626,1035,83271,0,,8.8,338.3,20.02,31,,-6.6
"2025-05-02 00:26:13",1620,1029,83329,0,,8.75,341.2,20.08,31,,-6.5
"2025-05-02 00:26:14",1614,1023,83388,-33.07182,-70.923102,8.75,341,20.13,31,,-6.5
"2025-05-02 00:26:15",1607,1016,83457,0,,8.05,341.8,20.18,30.95,,-6.6
"2025-05-02 00:26:16",1600,1009,83525,0,,7.6,346.1,20.23,30.95,,-6.6
"2025-05-02 00:26:17",1593,1002,83594,-33.071617,-70.92317,6.8,348,20.27,30.95,,-6.6
"2025-05-02 00:26:18",1586,995,83662,0,,5.65,348.6,20.34,31.05,,-6.6
"2025-05-02 00:26:19",1579,988,83729,0,,5.4,347.5,20.39,31.15,,-6.6
"2025-05-02 00:26:20",1572,981,83796,-33.071472,-70.923207,5.75,343,20.39,31.3,,-6.7
"2025-05-02 00:26:21",1565,974,83865,0,,5.8,334.5,20.41,31.45,,-6.7
"2025-05-02 00:26:22",1557,966,83933,0,,5.6,325.1,20.43,31.6,,-6.8
"2025-05-02 00:26:23",1550,959,84002,-33.071343,-70.923297,5.95,329.3,20.44,31.75,,-6.8
"2025-05-02 00:26:26",1527,936,84228,-33.071215,-70.9234,4.8,328.8,20.55,32.05,,-7.2
"2025-05-02 00:26:27",1520,929,84292,0,,4.95,337.6,20.6,32.1,,-7.2
"2025-05-02 00:26:28",1514,923,84355,0,,4.4,334.4,20.66,32.15,,-7.1
"2025-05-02 00:26:29",1507,916,84418,-33.071103,-70.923463,4.55,342.8,20.72,32.15,,-7.1
"2025-05-02 00:26:30",1500,909,84488,0,,4.85,342.2,20.78,32.15,,-7.1
"2025-05-02 00:26:31",1493,902,84559,0,,5.75,349.8,20.84,32,,-7.1
"2025-05-02 00:26:32",1486,895,84630,-33.070968,-70.92351,6.45,350.5,20.91,31.95,,-7.2
"2025-05-02 00:26:33",1479,888,84696,0,,7.45,357.5,20.98,31.9,,-7.2
"2025-05-02 00:26:34",1472,881,84762,0,,7.5,352,21.05,31.85,,-7.1
"2025-05-02 00:26:35",1465,874,84828,-33.070787,-70.923537,8,351.3,21.1,31.85,18.5,-7.1
"2025-05-02 00:26:36",1459,868,84890,0,,8.5,346.2,21.17,31.75,,-7
"2025-05-02 00:26:37",1453,862,84951,0,,6.35,337.7,21.22,31.7,,-7
"2025-05-02 00:26:38",1446,855,85012,-33.070607,-70.923598,5.55,338.9,21.28,31.6,,-6.7
"2025-05-02 00:26:39",1440,849,85078,0,,4.85,333.1,21.35,31.55,,-6.7
"2025-05-02 00:26:40",1432,841,85149,0,,5.05,343.5,21.4,31.55,,-6.8
"2025-05-02 00:26:41",1425,834,85220,-33.070487,-70.92365,4.85,356.4,21.45,31.5,,-6.8
"2025-05-02 00:26:42",1419,828,85283,0,,5.1,2.1,21.52,31.45,,-6.8
"2025-05-02 00:26:43",1412,821,85345,0,,4.75,358,21.57,31.4,,-6.7
"2025-05-02 00:26:44",1406,815,85408,-33.070367,-70.923672,5,327.1,21.62,31.35,,-6.6
"2025-05-02 00:26:45",1399,808,85475,0,,7.5,330.4,21.69,31.25,,-6.6
"2025-05-02 00:26:46",1392,801,85542,0,,7.9,336,21.73,31.2,,-6.7
"2025-05-02 00:26:47",1385,794,85610,-33.070197,-70.923778,7.9,344.7,21.8,31.15,,-6.7
"2025-05-02 00:26:48",1378,787,85681,0,,7.35,351.1,21.86,31.1,,-6.7
"2025-05-02 00:26:49",1371,780,85750,0,,7.9,359.6,21.94,31.05,,-6.8
"2025-05-02 00:26:50",1364,773,85820,-33.069997,-70.923798,8.05,1.2,21.99,30.95,,-6.8
"2025-05-02 00:26:51",1356,765,85894,0,,7.35,353.8,22.04,30.85,,-6.9
"2025-05-02 00:26:52",1349,758,85968,0,,7.35,351.5,22.09,30.8,,-6.9
"2025-05-02 00:26:53",1341,750,86042,-33.06981,-70.923825,7.85,351.4,22.15,30.75,,-7
"2025-05-02 00:26:55",1328,737,86178,0,,9.1,340.7,22.29,30.75,,-7
"2025-05-02 00:26:56",1320,729,86248,-33.069595,-70.9239,9,344,22.34,30.65,,-7.1
"2025-05-02 00:26:57",1313,722,86323,0,,8,346.7,22.41,30.6,,-7.2
"2025-05-02 00:26:58",1305,714,86396,0,,8.5,356.2,22.46,30.55,,-7.2
"2025-05-02 00:26:59",1298,707,86470,-33.069377,-70.923935,8.5,358.2,22.51,30.5,,-7.3
"2025-05-02 00:27:00",1290,699,86545,0,,8.5,348.9,22.57,30.45,,-7.3
"2025-05-02 00:27:01",1283,692,86619,0,,9.05,338.2,22.6,30.4,,-7.3
"2025-05-02 00:27:02",1275,684,86694,-33.069177,-70.924017,8.7,323.3,22.62,30.4,19.5,-7.4
"2025-05-02 00:27:03",1267,676,86771,0,,6.75,320.8,22.68,30.4,,-7.4
"2025-05-02 00:27:04",1259,668,86853,0,,5.85,331.6,22.75,30.35,,-7.5
"2025-05-02 00:27:05",1251,660,86936,-33.069035,-70.924138,7.05,336.9,22.83,30.3,,-7.6
"2025-05-02 00:27:06",1243,652,87010,0,,6.75,332.2,22.9,30.25,,-7.6
"2025-05-02 00:27:07",1236,645,87085,0,,5.45,308.2,22.94,30.25,,-7.6
"2025-05-02 00:27:08",1228,637,87160,-33.068913,-70.924253,4.8,315.3,22.99,30.2,,-7.6
"2025-05-02 00:27:09",1220,629,87238,0,,6.15,317.7,23.03,30.2,,-7.7
"2025-05-02 00:27:10",1213,622,87314,0,,5.5,306.4,23.07,30.2,,-7.7
"2025-05-02 00:27:11",1205,614,87390,-33.068822,-70.924385,4.5,320.3,23.13,30.2,,-7.7
"2025-05-02 00:27:12",1198,607,87458,0,,5.1,311.9,23.17,30.2,,-7.7
"2025-05-02 00:27:13",1191,600,87526,0,,6.4,317,23.21,30.2,,-7.6
"2025-05-02 00:27:14",1185,594,87594,-33.068748,-70.924517,5.55,301.7,23.27,30.2,,-7.6
"2025-05-02 00:27:15",1178,587,87662,0,,4.1,298.9,23.31,30.15,,-7.4
"2025-05-02 00:27:16",1171,580,87732,0,,3.1,316.5,23.36,30.15,,-7.3
"2025-05-02 00:27:17",1164,573,87802,-33.068702,-70.924625,3.9,302.1,23.43,30.1,,-7.2
"2025-05-02 00:27:18",1157,566,87867,0,,2.75,310,23.49,30.05,,-7.2
"2025-05-02 00:27:19",1150,559,87935,0,,4.05,349,23.57,29.95,,-7.1
"2025-05-02 00:27:20",1144,553,88004,-33.068635,-70.924693,5.7,343.5,23.62,29.9,,-7
"2025-05-02 00:27:21",1137,546,88074,0,,4.3,307.7,23.68,29.85,,-7.1
"2025-05-02 00:27:22",1129,538,88146,0,,2.75,320.4,23.75,29.75,,-7
"2025-05-02 00:27:23",1122,531,88218,-33.068585,-70.924772,3,352.4,23.8,29.7,,-7
"2025-05-02 00:27:26",1103,512,88414,-33.068555,-70.924847,3.4,323,23.97,29.55,,-6.8
"2025-05-02 00:27:27",1097,506,88471,0,,3.4,304.3,24.04,29.45,,-6.7
"2025-05-02 00:27:28",1091,500,88528,0,,3.8,315,24.08,29.35,,-6.6
"2025-05-02 00:27:29",1086,495,88586,-33.068522,-70.924928,2.45,289.7,24.15,29.3,21,-6.5
"2025-05-02 00:27:30",1079,488,88652,0,,3.15,287.4,24.2,29.25,,-6.5
"2025-05-02 00:27:31",1072,481,88720,0,,1.7,316.4,24.27,29.15,,-6.5
"2025-05-02 00:27:32",1066,475,88788,-33.068502,-70.924987,1.8,335.9,24.33,29.1,,-6.5
"2025-05-02 00:27:33",1059,468,88850,0,,3.3,332.7,24.4,29,,-6.4
"2025-05-02 00:27:34",1053,462,88911,0,,3.3,331.9,24.48,28.95,,-6.3
"2025-05-02 00:27:35",1047,456,88972,-33.068465,-70.925045,1.9,299.5,24.54,28.85,,-6.2
"2025-05-02 00:27:36",1041,450,89030,0,,1.75,340.2,24.61,28.75,,-6.2
"2025-05-02 00:27:37",1035,444,89092,0,,3.2,4.3,24.67,28.7,,-6.2
"2025-05-02 00:27:38",1029,438,89154,-33.068437,-70.925093,4,323,24.75,28.65,,-6.2
"2025-05-02 00:27:39",1024,433,89209,0,,1.75,287.6,24.81,28.6,,-6.1
"2025-05-02 00:27:40",1018,427,89263,0,,1.9,338.4,24.81,28.5,,-6.1
"2025-05-02 00:27:41",1013,422,89318,-33.068418,-70.925137,2.8,345.7,24.82,28.45,,-6
"2025-05-02 00:27:42",1007,416,89374,0,,2.9,322.1,24.9,28.35,,-6
"2025-05-02 00:27:43",1002,411,89432,0,,2.9,290.7,24.96,28.35,,-6
"2025-05-02 00:27:44",996,405,89490,-33.068397,-70.925205,0.05,290.7,25,28.35,,-5.9
"2025-05-02 00:27:45",990,399,89549,0,,2.8,21.9,25.06,28.25,,-5.8
"2025-05-02 00:27:46",985,394,89606,0,,2.75,348,25.12,28.15,,-5.8
"2025-05-02 00:27:47",979,388,89664,-33.068363,-70.925213,0.1,348,25.19,28.1,,-5.7
"2025-05-02 00:27:48",972,381,89729,0,,0.15,348,25.25,28.05,,-5.8
"2025-05-02 00:27:49",966,375,89796,0,,0.15,348,25.31,28,,-5.8
"2025-05-02 00:27:50",959,368,89864,-33.068345,-70.92523,0,348,25.39,27.9,,-5.9
"2025-05-02 00:27:51",953,362,89924,0,,0.1,348,25.45,27.8,,-5.8
"2025-05-02 00:27:52",947,356,89984,0,,2.1,323.9,25.51,27.75,,-5.9
"2025-05-02 00:27:53",941,350,90044,-33.068322,-70.925255,0.05,323.9,25.56,27.65,,-5.9
"2025-05-02 00:27:55",928,337,90179,0,,1.8,312.5,25.66,27.6,,-6.1
"2025-05-02 00:27:56",922,331,90246,-33.068303,-70.925293,1.3,326,25.72,27.5,22.25,-6.2
"2025-05-02 00:27:57",914,323,90325,0,,2.55,305,25.8,27.4,,-6.3
"2025-05-02 00:27:58",906,315,90405,0,,1.3,289,25.88,27.3,,-6.5
"2025-05-02 00:27:59",898,307,90486,-33.068288,-70.925335,0,289,25.96,27.2,,-6.7
"2025-05-02 00:28:00",891,300,90561,0,,0.05,289,26.02,27.15,,-6.8
"2025-05-02 00:28:01",883,292,90637,0,,0,289,26.11,27.05,,-6.9
"2025-05-02 00:28:02",876,285,90714,-33.068307,-70.925342,0.1,289,26.19,27,,-6.9
"2025-05-02 00:28:03",869,278,90784,0,,0.1,289,26.25,26.9,,-6.9
"2025-05-02 00:28:04",862,271,90855,0,,0.05,289,26.33,26.85,,-7
"2025-05-02 00:28:05",855,264,90926,-33.068303,-70.925363,2.9,320.4,26.39,26.85,,-7.1
"2025-05-02 00:28:06",847,256,91012,0,,1.7,269.3,26.44,26.8,,-7.3
"2025-05-02 00:28:07",838,247,91098,0,,2.2,245.8,26.49,26.75,,-7.4
"2025-05-02 00:28:08",830,239,91184,-33.068325,-70.925427,1.7,231.3,26.56,26.75,,-7.6
"2025-05-02 00:28:09",822,231,91268,0,,1.55,207.3,26.63,26.7,,-7.7
"2025-05-02 00:28:10",814,223,91350,0,,1.55,158,26.69,26.7,,-7.7
"2025-05-02 00:28:11",806,215,91432,-33.068372,-70.925448,0.05,158,26.76,26.65,,-7.7
"2025-05-02 00:28:12",799,208,91507,0,,1.95,246.4,26.83,26.65,,-7.7
"2025-05-02 00:28:13",791,200,91581,0,,1.2,228.2,26.9,26.55,,-7.6
"2025-05-02 00:28:14",784,193,91656,-33.068387,-70.925478,0.05,228.2,26.99,26.5,,-7.6
"2025-05-02 00:28:15",777,186,91730,0,,1.95,284.9,27.05,26.5,,-7.7
"2025-05-02 00:28:16",769,178,91808,0,,1.7,262,27.11,26.45,,-7.7
"2025-05-02 00:28:17",762,171,91886,-33.068397,-70.925517,1.8,251.5,27.16,26.4,,-7.8
"2025-05-02 00:28:21",732,141,92195,0,,1.85,234.4,27.32,26.3,,-7.6
"2025-05-02 00:28:22",724,133,92272,0,,1.45,257.5,27.37,26.3,,-7.5
"2025-05-02 00:28:23",717,126,92350,-33.068443,-70.925595,0.95,257.5,27.42,26.25,23.5,-7.5
"2025-05-02 00:28:26",695,104,92578,-33.068467,-70.925618,0.75,257.5,27.38,26.1,,-7.4
"2025-05-02 00:28:27",693,102,92595,0,,0.35,257.5,27.34,26.1,,-6.9
"2025-05-02 00:28:28",692,101,92611,0,,0.35,257.5,27.3,26.1,,-6.4
"2025-05-02 00:28:29",690,99,92628,-33.068478,-70.92562,0.5,257.5,27.26,26.1,,-5.9
"2025-05-02 00:28:30",690,99,92628,0,,0.25,257.5,27.2,26.1,,-5.5
"2025-05-02 00:28:31",690,99,92628,0,,0.65,257.5,27.15,26.15,,-5.1
"2025-05-02 00:28:32",690,99,92628,-33.068482,-70.925623,0.3,257.5,27.08,26.2,,-4.8
"2025-05-02 00:28:33",690,99,92628,0,,0.2,257.5,27.01,26.3,,-3.5
"2025-05-02 00:28:34",690,99,92629,0,,0.5,257.5,26.94,26.4,,-2.9
"2025-05-02 00:28:35",690,99,92630,-33.0685,-70.925635,0,257.5,26.87,26.45,,-2.2
"2025-05-02 00:28:36",690,99,92631,0,,0,257.5,26.8,26.45,,-2.1
"2025-05-02 00:28:37",690,99,92632,0,,0.05,257.5,26.73,26.5,,-1.9
"2025-05-02 00:28:38",690,99,92634,-33.068495,-70.925635,0,257.5,26.67,26.55,,-0.4
"2025-05-02 00:28:39",690,99,92634,0,,0,257.5,26.62,26.65,,-0.3
"2025-05-02 00:28:40",690,99,92634,0,,0.05,257.5,26.54,26.75,,-0.2
"2025-05-02 00:28:41",690,99,92634,-33.068497,-70.92563,0.05,257.5,26.48,26.85,,0
"2025-05-02 00:29:08",689,98,92638,0,,,,25.35,28.55,,0
"2025-05-02 00:29:14",690,99,92632,0,,,,25.14,28.9,,0
"2025-05-02 00:29:20",690,99,92630,0,,,,25.06,29.1,25,0
"2025-05-02 00:29:26",690,99,92630,0,,,,24.97,29.2,,0
"2025-05-02 00:29:32",690,99,92630,0,,,,24.87,29.4,,0
"2025-05-02 00:29:38",690,99,92632,0,,,,24.82,29.45,,0
"2025-05-02 00:29:44",690,99,92634,0,,,,24.81,29.5,,0
"2025-05-02 00:29:50",689,98,92638,0,,,,24.81,29.5,,0
"2025-05-02 00:29:56",690,99,92634,0,,,,24.81,29.55,,0
"2025-05-02 00:30:02",690,99,92634,0,,,,24.81,29.5,,0
"2025-05-02 00:30:08",690,99,92634,0,,,,24.81,29.6,,0
"2025-05-02 00:30:14",689,98,92636,0,,,,24.81,29.7,25,0
"2025-05-02 00:30:20",690,99,92632,0,,,,24.72,29.75,,0
"2025-05-02 00:30:26",690,99,92630,0,,,,24.72,29.8,,0
"2025-05-02 00:30:32",690,99,92634,0,,,,24.81,29.75,,0
"2025-05-02 00:30:38",690,99,92634,0,,,,24.81,29.7,,0
"2025-05-02 00:30:44",690,99,92632,0,,,,24.82,29.65,,0
"2025-05-02 00:30:50",690,99,92634,0,,,,24.92,29.6,,0
"2025-05-02 00:30:56",690,99,92634,0,,,,24.99,29.5,,0
"2025-05-02 00:31:02",689,98,92636,0,,,,25.05,29.4,,0
"2025-05-02 00:31:08",690,99,92634,0,,,,25.11,29.3,25.25,0
"2025-05-02 00:31:14",690,99,92632,0,,,,25.1,29.3,,0
"2025-05-02 00:31:20",690,99,92634,0,,,,25.07,29.3,,0
"2025-05-02 00:31:26",690,99,92630,0,,,,25.08,29.3,,0
"2025-05-02 00:31:32",690,99,92628,0,,,,25.08,29.35,,0
"2025-05-02 00:31:38",690,99,92632,0,,,,25.04,29.4,,0
"2025-05-02 00:31:44",690,99,92632,0,,,,24.96,29.55,,0
"2025-05-02 00:31:50",690,99,92634,0,,,,24.86,29.65,,0
"2025-05-02 00:31:56",690,99,92632,0,,,,24.91,29.6,,0
"2025-05-02 00:32:02",690,99,92634,0,,,,24.99,29.5,25.25,0
"2025-05-02 00:32:08",690,99,92634,0,,,,25.04,29.4,,0
"2025-05-02 00:32:14",689,98,92638,0,,,,25.07,29.3,,0
"2025-05-02 00:32:20",690,99,92634,0,,,,25.08,29.3,,0
"2025-05-02 00:32:26",689,98,92638,0,,,,25.01,29.35,,0
"2025-05-02 00:32:32",689,98,92636,0,,,,24.95,29.4,,0
"2025-05-02 00:32:38",690,99,92634,0,,,,24.87,29.45,,0
"2025-05-02 00:32:44",690,99,92634,0,,,,24.82,29.5,,0
"2025-05-02 00:32:50",689,98,92636,0,,,,24.82,29.6,,0
"2025-05-02 00:32:56",689,98,92636,0,,,,24.81,29.6,25.25,0
"2025-05-02 00:33:02",689,98,92638,0,,,,24.81,29.7,,0
"2025-05-02 00:33:08",689,98,92638,0,,,,24.75,29.75,,0
"2025-05-02 00:33:14",689,98,92638,0,,,,24.75,29.8,,0
"2025-05-02 00:33:20",689,98,92636,0,,,,24.79,29.85,,0
"2025-05-02 00:33:26",689,98,92636,0,,,,24.81,29.75,,0
"2025-05-02 00:33:32",689,98,92642,0,,,,24.91,29.6,,0
"2025-05-02 00:33:38",689,98,92636,0,,,,24.99,29.45,,0
"2025-05-02 00:33:44",689,98,92640,0,,,,24.99,29.4,,0
"2025-05-02 00:33:50",689,98,92644,0,,,,24.97,29.4,25.25,-0.1
"2025-05-02 00:33:56",689,98,92640,0,,,,24.91,29.4,,0
"2025-05-02 00:34:02",689,98,92638,0,,,,24.87,29.5,,0
"2025-05-02 00:34:08",689,98,92644,0,,,,24.82,29.6,,0
"2025-05-02 00:34:14",689,98,92636,0,,,,24.9,29.55,,0
"2025-05-02 00:34:20",688,97,92646,0,,,,24.92,29.5,,0
"2025-05-02 00:34:26",689,98,92640,0,,,,24.85,29.5,,0
"2025-05-02 00:34:32",689,98,92640,0,,,,24.81,29.55,,0
"2025-05-02 00:34:38",689,98,92642,0,,,,24.81,29.6,,0
"2025-05-02 00:34:44",689,98,92638,0,,,,24.72,29.75,25.25,0
"2025-05-02 00:34:50",689,98,92642,0,,,,24.68,29.85,,0
"2025-05-02 00:34:56",689,98,92644,0,,,,24.65,29.9,,0
"2025-05-02 00:48:13",687,96,92658,0,,,,26.3,28.35,26,
"2025-05-02 00:58:06",687,96,92658,0,,,,25.05,30.2,25.75,
"2025-05-02 00:58:42",687,96,92664,0,,,,24.9,30.4,,0
"2025-05-02 01:00:31",687,96,92660,0,,,,24.87,30.55,,0
