{
    "zi": 581.7024536132812,
    "thl": 301.30718994140625,
    "dthl": 2.247894287109375,
    "gamma_thl_1": 0.006692219991236925,
    "z1_thl": 1565.406005859375,
    "gamma_thl_2": 0.0022093772422522306,
    "qt": 0.012451897375285625,
    "dqt": -0.000989360734820366,
    "gamma_qt_1": -3.8765215322200675e-06,
    "z1_qt": 1794.5322265625,
    "gamma_qt_2": -2.387119593549869e-06,
    "div": -7.240012564579956e-06,
    "u": -3.737889289855957,
    "ug": -2.347477436065674,
    "du": 1.3904118537902832,
    "gamma_u_1": 0.007243339437991381,
    "z1_u": 2048.110595703125,
    "gamma_u_2": -0.0027669917326420546,
    "v": 5.5725884437561035,
    "vg": 6.363911151885986,
    "dv": 0.7913227081298828,
    "gamma_v_1": -0.00809396617114544,
    "z1_v": 2071.023193359375,
    "gamma_v_2": -0.0004302381130401045,
    "start_time": "2025-06-17T17:00:00",
    "time": [
        0,
        1,
        2,
        3,
        4,
        5,
        6
    ],
    "wthl": [
        0.13665575446475728,
        0.06780719673056526,
        0.01761759168718354,
        0.006001538131739109,
        0.00252313195784496,
        0.003850944266846869,
        0.001796425312428672
    ],
    "wqt": [
        1.7205493350047618e-05,
        9.302932994614821e-06,
        2.8372483029670548e-06,
        1.4128082739262027e-06,
        1.0623641628626501e-06,
        5.973399765935028e-07,
        5.147028332430637e-07
    ],
    "fc": 9.668222535671438e-05,
    "ps": 96985.6171875,
    "z0m": 0.21966277062892914,
    "z0h": 0.0014655905542895198,
    "is_tuned": true
}