timestamp,msl,agl,pressure,latitude,longitude,speed,heading,temperature,relative_humidity,internal_temperature,rise_speed
"2026-09-06 16:04:05",523,-1,95922,41.663938,1.217328,0.25,72.4,34.46,33.65,40.5,-0.1
"2026-09-06 16:04:06",523,-1,95920,0,,0.9,25.1,34.46,33.55,,-0.1
"2026-09-06 16:04:07",523,-1,95919,0,,3.3,330,34.47,33.5,,0
"2026-09-06 16:04:08",523,-1,95918,41.66399,1.217365,3.25,10.5,34.45,33.45,,0
"2026-09-06 16:04:09",525,0,95899,0,,5.05,28.8,34.36,33.35,,0.1
"2026-09-06 16:04:10",527,2,95881,0,,5.65,341.2,34.27,33.35,,0.2
"2026-09-06 16:04:11",528,3,95864,41.664083,1.217287,4.85,325.4,34.13,33.4,,0.3
"2026-09-06 16:04:12",531,6,95838,0,,7.95,342.9,33.87,33.45,,0.4
"2026-09-06 16:04:13",533,8,95811,0,,7,344.3,33.59,33.65,,0.7
"2026-09-06 16:04:14",536,11,95784,41.664333,1.217157,8.05,343.3,33.32,33.85,,0.9
"2026-09-06 16:04:15",539,14,95752,0,,8.1,343.3,33.05,34.15,,1.3
"2026-09-06 16:04:16",542,17,95721,0,,6.9,320,32.83,34.35,,1.6
"2026-09-06 16:04:17",545,20,95690,41.664558,1.216955,7.15,332.4,32.66,34.6,,1.8
"2026-09-06 16:04:18",547,22,95668,0,,9,325.3,32.46,34.85,,2
"2026-09-06 16:04:19",549,24,95647,0,,7,325.2,32.21,35.1,,2.1
"2026-09-06 16:04:20",551,26,95626,41.664743,1.21681,8.4,337,31.97,35.35,,2.3
"2026-09-06 16:04:21",552,27,95608,0,,5.65,314.7,31.76,35.7,,2.3
"2026-09-06 16:04:22",554,29,95591,0,,6.35,353.8,31.61,36.05,,2.2
"2026-09-06 16:04:23",556,31,95574,41.664897,1.216735,7.75,341.5,31.53,36.35,,2.2
"2026-09-06 16:04:24",558,33,95547,0,,8.4,347.5,31.35,36.55,,2.3
"2026-09-06 16:04:25",561,36,95519,0,,9.85,344,31.18,36.8,,2.3
"2026-09-06 16:04:26",563,38,95492,41.665132,1.216648,10.7,334.7,31.08,37,,2.3
"2026-09-06 16:04:27",567,42,95454,0,,8.85,346.3,31,37.3,,2.4
"2026-09-06 16:04:28",570,45,95418,0,,10.15,341,30.91,37.45,,2.4
"2026-09-06 16:04:29",574,49,95382,41.66537,1.216545,9.45,341.1,30.81,37.6,,2.5
"2026-09-06 16:04:30",577,52,95344,0,,9.5,341.1,30.79,37.8,,2.5
"2026-09-06 16:04:31",581,56,95308,0,,9.1,345.5,30.78,37.9,,2.6
"2026-09-06 16:04:32",584,59,95272,41.665593,1.216473,9.55,344.4,30.67,38,41.25,2.7
"2026-09-06 16:04:33",588,63,95233,0,,10.3,338.1,30.55,38.05,,2.8
"2026-09-06 16:04:34",591,66,95195,0,,8.7,348.6,30.57,38.2,,3
"2026-09-06 16:04:35",595,70,95158,41.665797,1.216382,8.25,327.7,30.55,38.3,,3.1
"2026-09-06 16:04:36",599,74,95119,0,,8.95,355.6,30.51,38.45,,3.4
"2026-09-06 16:04:37",602,77,95080,0,,9.9,348.6,30.47,38.5,,3.4
"2026-09-06 16:04:38",606,81,95042,41.666032,1.216307,8.95,336.6,30.47,38.55,,3.5
"2026-09-06 16:04:39",609,84,95006,0,,8.1,346.1,30.42,38.6,,3.5
"2026-09-06 16:04:40",613,88,94969,0,,7.25,341.2,30.39,38.65,,3.5
"2026-09-06 16:04:41",616,91,94932,41.666188,1.21624,3.55,336,30.34,38.65,,3.5
"2026-09-06 16:04:43",621,96,94883,0,,4.55,350.4,30.27,38.6,,3.4
"2026-09-06 16:04:44",623,98,94860,41.66622,1.216272,4,0.6,30.23,38.65,,3.3
"2026-09-06 16:04:46",628,103,94813,0,,4.1,9.6,30.1,38.7,,3.1
"2026-09-06 16:04:47",630,105,94790,41.666308,1.216287,4.85,351.2,30.09,38.75,,3
"2026-09-06 16:04:48",632,107,94768,0,,5.95,337.3,30.03,38.8,,2.8
"2026-09-06 16:04:49",634,109,94747,0,,4.85,343.8,29.98,38.9,,2.6
"2026-09-06 16:04:50",636,111,94726,41.6664,1.216252,3.75,336.1,29.9,39,,2.5
"2026-09-06 16:04:51",639,114,94697,0,,6.35,341.5,29.86,39.1,,2.5
"2026-09-06 16:04:52",641,116,94667,0,,4.3,327.3,29.81,39.15,,2.5
"2026-09-06 16:04:53",644,119,94638,41.666513,1.216185,4.85,335,29.8,39.2,,2.4
"2026-09-06 16:04:54",647,122,94611,0,,5.9,347.7,29.72,39.3,,2.3
"2026-09-06 16:04:55",649,124,94585,0,,4.85,323.3,29.68,39.4,,2.3
"2026-09-06 16:04:56",652,127,94560,41.666632,1.216127,5.35,344.2,29.67,39.45,,2.4
"2026-09-06 16:04:57",657,132,94503,0,,3.6,354.3,29.72,39.5,,2.6
"2026-09-06 16:04:58",662,137,94448,0,,4.6,350.7,29.73,39.5,,2.8
"2026-09-06 16:04:59",667,142,94394,41.666722,1.216147,5.15,355.2,29.8,39.5,41,3.1
"2026-09-06 16:05:00",671,146,94355,0,,4.65,339.4,29.8,39.45,,3.3
"2026-09-06 16:05:01",675,150,94317,0,,6.65,358.5,29.84,39.45,,3.4
"2026-09-06 16:05:02",678,153,94280,41.666885,1.21611,5.4,344.2,29.84,39.4,,3.5
"2026-09-06 16:05:03",682,157,94244,0,,7,341.2,29.79,39.35,,3.6
"2026-09-06 16:05:04",685,160,94209,0,,6.25,356.1,29.72,39.4,,3.6
"2026-09-06 16:05:05",688,163,94174,41.667048,1.216067,5.65,350.2,29.68,39.45,,3.6
"2026-09-06 16:05:06",691,166,94142,0,,8.3,351.8,29.58,39.45,,3.6
"2026-09-06 16:05:07",694,169,94109,0,,7.05,359.4,29.46,39.6,,3.7
"2026-09-06 16:05:08",698,173,94076,41.667238,1.216043,6.7,346.9,29.37,39.7,,3.7
"2026-09-06 16:05:09",700,175,94050,0,,7.35,7.9,29.31,39.85,,3.7
"2026-09-06 16:05:10",702,177,94025,0,,6.95,357.1,29.28,40,,3.5
"2026-09-06 16:05:11",705,180,94000,41.667432,1.216022,7.9,338.1,29.3,40.05,,3.3
"2026-09-06 16:05:12",706,181,93987,0,,6.85,2.4,29.28,39.9,,3
"2026-09-06 16:05:13",707,182,93974,0,,7.45,8,29.33,39.8,,2.8
"2026-09-06 16:05:14",708,183,93962,41.667622,1.216012,6.15,344.3,29.31,39.65,,2.6
"2026-09-06 16:05:16",710,185,93944,0,,7,346.4,29.27,39.55,,2.2
"2026-09-06 16:05:17",711,186,93936,41.667812,1.215985,6.1,347.7,29.21,39.45,,2
"2026-09-06 16:05:19",714,189,93898,0,,5.6,346.1,29.19,39.3,,1.7
"2026-09-06 16:05:20",716,191,93880,41.667975,1.215945,5.5,357.9,29.19,39.3,,1.6
"2026-09-06 16:05:21",718,193,93865,0,,8.05,344.5,29.16,39.15,,1.5
"2026-09-06 16:05:22",719,194,93850,0,,6.75,1.8,29.18,39.05,,1.4
"2026-09-06 16:05:23",720,195,93836,41.668185,1.215888,6.8,336.8,29.24,39.05,,1.3
"2026-09-06 16:05:24",722,197,93818,0,,8.15,345.1,29.23,39.05,,1.3
"2026-09-06 16:05:25",724,199,93800,0,,6.45,336.2,29.23,39.05,,1.4
"2026-09-06 16:05:26",726,201,93782,41.668367,1.215798,8.05,330.4,29.23,39,41,1.4
"2026-09-06 16:05:27",727,202,93768,0,,4.7,354.8,29.26,38.85,,1.4
"2026-09-06 16:05:28",728,203,93755,0,,7.3,331.5,29.29,38.5,,1.4
"2026-09-06 16:05:29",729,204,93742,41.66851,1.215738,5.75,346.8,29.29,38.15,,1.5
"2026-09-06 16:05:31",732,207,93711,0,,6.45,339.7,29.35,37.55,,1.5
"2026-09-06 16:05:32",734,209,93696,41.668645,1.21567,5.35,331.9,29.37,37.4,,1.5
"2026-09-06 16:05:34",737,212,93666,0,,7.55,350.7,29.4,37.35,,1.5
"2026-09-06 16:05:35",738,213,93652,41.668827,1.215588,6.45,339.8,29.4,37.3,,1.5
"2026-09-06 16:05:36",740,215,93634,0,,6.65,333.5,29.43,37.25,,1.5
"2026-09-06 16:05:37",741,216,93617,0,,6.45,334.1,29.49,37.25,,1.5
"2026-09-06 16:05:38",743,218,93600,41.669002,1.215482,8.5,335.8,29.5,37.2,,1.4
"2026-09-06 16:05:39",744,219,93587,0,,7.45,344.5,29.49,37.15,,1.4
"2026-09-06 16:05:40",745,220,93574,0,,7.7,334.6,29.49,37.15,,1.4
"2026-09-06 16:05:41",747,222,93562,41.669183,1.215388,6.95,344.2,29.55,37.2,,1.4
"2026-09-06 16:05:43",749,224,93532,0,,6.55,332.2,29.63,37.4,,1.4
"2026-09-06 16:05:44",751,226,93518,41.669327,1.215298,6.55,343.6,29.63,37.35,,1.4
"2026-09-06 16:05:46",754,229,93483,0,,,,29.66,37.25,,1.5
"2026-09-06 16:05:47",756,231,93466,0,,,,29.67,37.2,,1.5
"2026-09-06 16:05:48",757,232,93449,0,,,,29.65,37.1,,1.5
"2026-09-06 16:05:49",759,234,93431,0,,,,29.61,37.1,,1.5
"2026-09-06 16:05:50",761,236,93414,0,,,,29.6,37.05,,1.5
"2026-09-06 16:05:51",763,238,93385,0,,6.1,331.6,29.61,37.1,,1.6
"2026-09-06 16:05:52",766,241,93357,0,,6.45,341.2,29.63,37.1,,1.7
"2026-09-06 16:05:53",769,244,93330,41.669753,1.215013,6.9,335.4,29.6,37.05,40.5,1.8
"2026-09-06 16:05:54",771,246,93302,0,,4.35,342.6,29.61,36.95,,1.9
"2026-09-06 16:05:55",774,249,93274,0,,6.85,335.6,29.61,36.8,,2
"2026-09-06 16:05:56",777,252,93246,41.669912,1.214925,6.6,340.9,29.64,36.7,,2.1
"2026-09-06 16:05:57",779,254,93222,0,,5.45,331.5,29.66,36.7,,2.2
"2026-09-06 16:05:58",781,256,93199,0,,6.45,347.2,29.64,36.7,,2.2
"2026-09-06 16:05:59",784,259,93176,41.670092,1.214828,8.8,336.5,29.58,36.7,,2.3
"2026-09-06 16:06:00",785,260,93157,0,,4.35,330.8,29.51,36.85,,2.3
"2026-09-06 16:06:01",787,262,93139,0,,4.35,330.8,29.45,36.9,,2.3
"2026-09-06 16:06:02",789,264,93122,41.67029,1.214743,7.45,331.4,29.42,37,,2.3
"2026-09-06 16:06:03",790,265,93105,0,,8.3,352.1,29.38,37.05,,2.2
"2026-09-06 16:06:04",792,267,93089,0,,7.65,325.6,29.33,37.3,,2.1
"2026-09-06 16:06:05",793,268,93074,41.670447,1.214613,6.15,313.2,29.25,37.5,,2
"2026-09-06 16:06:06",794,269,93064,0,,7.45,339.8,29.2,37.75,,1.9
"2026-09-06 16:06:07",795,270,93055,0,,7.45,339.8,29.12,37.95,,1.7
"2026-09-06 16:06:08",796,271,93046,41.67063,1.21451,6.55,345.1,29.09,38.15,,1.6
"2026-09-06 16:06:09",797,272,93034,0,,7.8,330.1,29.08,38.55,,1.6
"2026-09-06 16:06:10",798,273,93022,0,,7.25,327.4,29.06,38.8,,1.5
"2026-09-06 16:06:11",799,274,93010,41.670807,1.21437,7.8,333.7,29.05,39.15,,1.4
"2026-09-06 16:06:13",801,276,92992,0,,8.6,325.5,29.03,39.5,,1.2
"2026-09-06 16:06:14",802,277,92984,41.670998,1.214188,9.85,329.1,29,39.4,,1.1
"2026-09-06 16:06:17",807,282,92928,41.671185,1.214002,8.35,321.8,29.01,39.6,,1.2
"2026-09-06 16:06:19",809,284,92906,0,,9.5,335.9,28.98,39.65,,1.2
"2026-09-06 16:06:20",810,285,92896,41.671375,1.213845,7.2,323.7,28.98,39.7,40,1.2
"2026-09-06 16:06:22",814,289,92858,0,,8.5,335,28.95,39.65,,1.3
"2026-09-06 16:06:23",816,291,92840,41.671557,1.213685,7.8,316.2,28.93,39.65,,1.4
"2026-09-06 16:06:25",819,294,92808,0,,7.1,330.8,28.9,39.7,,1.4
"2026-09-06 16:06:26",820,295,92792,41.67173,1.21354,7.75,316.6,28.91,39.65,,1.5
"2026-09-06 16:06:28",823,298,92767,0,,7.25,313.6,28.95,39.35,,1.5
"2026-09-06 16:06:29",824,299,92756,41.671885,1.213385,7.55,322.2,28.92,39.35,,1.4
"2026-09-06 16:06:30",824,299,92751,0,,7.35,328,28.91,39.45,,1.3
"2026-09-06 16:06:31",825,300,92746,0,,7.25,320.1,28.91,39.45,,1.3
"2026-09-06 16:06:32",825,300,92742,41.672052,1.213203,8.2,317.2,28.94,39.55,,1.2
"2026-09-06 16:06:33",826,301,92729,0,,8.45,325,28.93,39.55,,1.2
"2026-09-06 16:06:34",828,303,92716,0,,8.05,316.1,28.97,39.55,,1.2
"2026-09-06 16:06:35",829,304,92704,41.672208,1.213017,8.4,320.5,28.97,39.5,,1.2
"2026-09-06 16:06:36",830,305,92694,0,,7.8,315.7,28.98,39.35,,1.1
"2026-09-06 16:06:37",831,306,92685,0,,7.25,328.4,28.98,39.2,,1
"2026-09-06 16:06:38",832,307,92676,41.672382,1.212843,9.85,326.7,28.97,39.15,,0.9
"2026-09-06 16:06:39",833,308,92665,0,,6.55,316.9,28.94,39.25,,0.9
"2026-09-06 16:06:40",834,309,92654,0,,8,331.2,28.92,39.3,,0.9
"2026-09-06 16:06:41",835,310,92644,41.672572,1.212667,8.8,319.9,28.9,39.35,,0.9
"2026-09-06 16:06:42",836,311,92628,0,,,,28.89,39.35,,0.9
"2026-09-06 16:06:43",838,313,92612,0,,,,28.9,39.35,,1
"2026-09-06 16:06:44",839,314,92596,0,,,,28.9,39.3,,1.1
"2026-09-06 16:06:46",843,318,92559,0,,7.9,314.3,28.86,39.2,,1.3
"2026-09-06 16:06:47",845,320,92542,41.672925,1.2123,7.9,324.3,28.86,39.2,39.5,1.3
"2026-09-06 16:06:48",846,321,92522,0,,8.9,322.7,28.87,39.2,,1.4
"2026-09-06 16:06:49",848,323,92504,0,,7.3,324,28.86,39.2,,1.5
"2026-09-06 16:06:50",850,325,92486,41.673092,1.212138,7.7,323.9,28.82,39.2,,1.5
"2026-09-06 16:06:51",851,326,92473,0,,8.4,327.5,28.83,39.25,,1.5
"2026-09-06 16:06:52",852,327,92460,0,,5.85,325.8,28.8,39.15,,1.5
"2026-09-06 16:06:53",854,329,92448,41.673227,1.211997,6.2,318.4,28.79,39.1,,1.5
"2026-09-06 16:06:54",854,329,92446,0,,6.6,315.2,28.8,39,,1.5
"2026-09-06 16:06:55",854,329,92444,0,,6.6,315.2,28.79,39,,1.4
"2026-09-06 16:06:56",854,329,92442,41.673345,1.211857,5.8,321.6,28.77,39,,1.3
"2026-09-06 16:06:57",855,330,92431,0,,5.55,309.6,28.76,39.05,,1.2
"2026-09-06 16:06:58",856,331,92420,0,,5.55,309.6,28.74,39.2,,1.2
"2026-09-06 16:06:59",857,332,92410,41.673473,1.211732,6.3,316.1,28.71,39.25,,1.1
"2026-09-06 16:07:00",858,333,92401,0,,6,336,28.67,39.35,,1
"2026-09-06 16:07:01",859,334,92393,0,,6.4,333.5,28.66,39.35,,1
"2026-09-06 16:07:02",860,335,92386,41.67362,1.211638,5.35,331.8,28.65,39.35,,0.9
"2026-09-06 16:07:03",860,335,92379,0,,5.9,340.1,28.65,39.3,,0.7
"2026-09-06 16:07:04",861,336,92373,0,,6.85,326.3,28.65,39.3,,0.7
"2026-09-06 16:07:05",861,336,92368,41.673792,1.211508,6.85,324.6,28.69,39.25,,0.6
"2026-09-06 16:07:06",862,337,92365,0,,8.4,339.5,28.69,39.15,,0.6
"2026-09-06 16:07:07",862,337,92363,0,,6.9,317.3,28.72,39.1,,0.6
"2026-09-06 16:07:08",862,337,92362,41.673942,1.211392,6.3,346.9,28.71,39.05,,0.6
"2026-09-06 16:07:09",862,337,92357,0,,6.9,317.6,28.7,39,,0.6
"2026-09-06 16:07:10",863,338,92353,0,,6.25,336.9,28.68,39,,0.5
"2026-09-06 16:07:11",863,338,92350,41.674087,1.211302,6,341.6,28.67,39.05,,0.5
"2026-09-06 16:07:12",863,338,92349,0,,4.9,336.9,28.69,39.15,,0.5
"2026-09-06 16:07:13",863,338,92348,0,,5.9,347,28.74,39.2,,0.4
"2026-09-06 16:07:14",863,338,92348,41.674235,1.211228,6,331.9,28.69,39.2,39.25,0.3
"2026-09-06 16:07:17",862,337,92362,41.674405,1.211137,6.4,334,28.67,39.55,,0.1
"2026-09-06 16:07:18",862,337,92357,0,,7.75,345.7,28.65,39.7,,0.1
"2026-09-06 16:07:19",863,338,92352,0,,7.15,317.4,28.62,39.8,,0.1
"2026-09-06 16:07:20",863,338,92348,41.674578,1.211015,7.2,342.7,28.64,39.85,,0.1
"2026-09-06 16:07:21",864,339,92342,0,,7.55,330.8,28.66,39.85,,0.1
"2026-09-06 16:07:22",864,339,92336,0,,7.8,334.3,28.62,39.85,,0.2
"2026-09-06 16:07:23",865,340,92330,41.674757,1.210912,6.95,340.7,28.59,39.8,,0.2
"2026-09-06 16:07:24",866,341,92317,0,,7.45,334.2,28.57,39.75,,0.3
"2026-09-06 16:07:25",867,342,92304,0,,8.75,342.5,28.59,39.75,,0.4
"2026-09-06 16:07:26",869,344,92292,41.67495,1.210833,8.3,347.9,28.6,39.7,,0.5
"2026-09-06 16:07:27",870,345,92274,0,,6.45,332.9,28.57,39.65,,0.5
"2026-09-06 16:07:28",872,347,92257,0,,6.45,332.9,28.56,39.65,,0.6
"2026-09-06 16:07:29",874,349,92240,41.67511,1.210773,6.95,336.6,28.53,39.6,,1
"2026-09-06 16:07:30",876,351,92213,0,,7.7,347.1,28.54,39.6,,1.1
"2026-09-06 16:07:31",879,354,92185,0,,5.85,331.1,28.54,39.55,,1.3
"2026-09-06 16:07:32",882,357,92158,41.675257,1.210673,6.75,335,28.53,39.55,,1.5
"2026-09-06 16:07:33",884,359,92135,0,,6.1,311.9,28.52,39.5,,1.7
"2026-09-06 16:07:34",886,361,92113,0,,6.3,307.7,28.54,39.4,,1.8
"2026-09-06 16:07:35",888,363,92092,41.675385,1.210477,8.85,314.4,28.53,39.55,,1.9
"2026-09-06 16:07:36",889,364,92083,0,,6.4,307.9,28.53,39.65,,1.9
"2026-09-06 16:07:37",890,365,92075,0,,8.95,316.1,28.49,39.8,,1.8
"2026-09-06 16:07:38",890,365,92068,41.67555,1.21025,10.1,309.6,28.46,39.9,,1.8
"2026-09-06 16:07:39",892,367,92051,0,,7.25,322.6,28.44,40.05,,1.8
"2026-09-06 16:07:40",894,369,92033,0,,8.25,315.2,28.4,40.1,,1.8
"2026-09-06 16:07:41",895,370,92016,41.675722,1.210055,9.5,320.8,28.37,40.15,39,1.8
"2026-09-06 16:07:42",897,372,92003,0,,7.2,314,28.39,40.25,,1.7
"2026-09-06 16:07:43",898,373,91990,0,,9.25,316.6,28.36,40.3,,1.6
"2026-09-06 16:07:44",899,374,91978,41.67588,1.209858,7.85,320.3,28.35,40.35,,1.5
"2026-09-06 16:07:46",901,376,91959,0,,9.1,324.5,28.3,40.5,,1.2
"2026-09-06 16:07:47",902,377,91950,41.676045,1.209668,7.3,315.4,28.29,40.55,,1.1
"2026-09-06 16:07:48",903,378,91935,0,,,,28.21,40.6,,1.2
"2026-09-06 16:07:49",905,380,91919,0,,,,28.2,40.75,,1.2
"2026-09-06 16:07:50",906,381,91904,0,,,,28.19,40.8,,1.3
"2026-09-06 16:07:51",908,383,91887,0,,8.85,311.9,28.21,40.9,,1.3
"2026-09-06 16:07:52",910,385,91870,0,,8.45,323.1,28.19,40.9,,1.3
"2026-09-06 16:07:53",911,386,91854,41.676403,1.20925,8.3,313,28.12,40.95,,1.3
"2026-09-06 16:07:54",913,388,91831,0,,10.4,322.7,28.07,41.05,,1.4
"2026-09-06 16:07:55",915,390,91810,0,,8,316.5,28.01,41.1,,1.4
"2026-09-06 16:07:56",917,392,91790,41.676558,1.209055,7.1,307.3,28.01,41.2,,1.5
"2026-09-06 16:07:57",919,394,91773,0,,9.05,326.1,27.96,41.2,,1.5
"2026-09-06 16:07:58",921,396,91756,0,,5.4,320,27.95,41.3,,1.5
"2026-09-06 16:07:59",922,397,91740,41.67672,1.208905,8.4,326.7,27.91,41.35,,1.6
"2026-09-06 16:08:00",924,399,91724,0,,8.4,326.7,27.89,41.4,,1.7
"2026-09-06 16:08:01",925,400,91709,0,,8,309.1,27.88,41.4,,1.7
"2026-09-06 16:08:02",927,402,91694,41.676887,1.20872,9.45,333.5,27.86,41.45,,1.7
"2026-09-06 16:08:03",929,404,91670,0,,7.45,311.9,27.85,41.5,,1.7
"2026-09-06 16:08:04",931,406,91648,0,,7.7,332.5,27.81,41.6,,1.8
"2026-09-06 16:08:05",933,408,91626,41.677055,1.208543,8.2,326.1,27.79,41.65,,1.8
"2026-09-06 16:08:06",935,410,91609,0,,9.15,305.9,27.77,41.7,,1.8
"2026-09-06 16:08:07",937,412,91592,0,,9.4,330.1,27.77,41.7,,1.8
"2026-09-06 16:08:08",938,413,91576,41.677208,1.208355,7.05,308.9,27.78,41.7,38.75,1.8
"2026-09-06 16:08:10",940,415,91554,0,,8.05,326.2,27.8,41.65,,1.6
"2026-09-06 16:08:11",941,416,91544,41.677353,1.208188,7.35,314.4,27.83,41.65,,1.6
"2026-09-06 16:08:12",942,417,91535,0,,6.3,321.2,27.85,41.5,,1.5
"2026-09-06 16:08:13",943,418,91527,0,,8.2,318.3,27.88,41.25,,1.5
"2026-09-06 16:08:14",944,419,91520,41.677497,1.20801,6.7,309.4,27.95,40.9,,1.4
"2026-09-06 16:08:16",945,420,91502,0,,8.05,309,28,40.25,,1.3
"2026-09-06 16:08:17",946,421,91494,41.67763,1.207822,6.1,314.9,28.04,40,,1.2
"2026-09-06 16:08:18",947,422,91484,0,,7.3,309.5,28.07,39.65,,1
"2026-09-06 16:08:19",948,423,91475,0,,7.85,317.1,28.09,39.45,,1
"2026-09-06 16:08:20",949,424,91466,41.677777,1.207635,7.05,323,28.11,39.3,,0.9
"2026-09-06 16:08:21",949,424,91461,0,,8,308,28.1,39.2,,0.9
"2026-09-06 16:08:22",950,425,91457,0,,6.75,325.6,28.08,39.15,,0.8
"2026-09-06 16:08:23",950,425,91454,41.677905,1.207455,6.45,301.9,28.09,39.15,,0.7
"2026-09-06 16:08:24",951,426,91439,0,,7.8,317.4,28.15,39.25,,0.8
"2026-09-06 16:08:25",953,428,91424,0,,5.3,310.1,28.16,39.35,,0.8
"2026-09-06 16:08:26",954,429,91410,41.678025,1.20729,6.85,308.6,28.16,39.5,,0.9
"2026-09-06 16:08:27",955,430,91403,0,,7.15,319.4,28.11,39.6,,0.9
"2026-09-06 16:08:28",956,431,91396,0,,4.3,306.1,28.11,39.55,,0.9
"2026-09-06 16:08:29",956,431,91390,41.678138,1.207157,7.25,326,28.1,39.5,,0.8
"2026-09-06 16:08:30",958,433,91376,0,,7.25,326,28.1,39.55,,0.9
"2026-09-06 16:08:31",959,434,91363,0,,7,311.9,28.07,39.6,,0.9
"2026-09-06 16:08:32",960,435,91350,41.678252,1.207003,6.05,324.2,28.05,39.55,,0.9
"2026-09-06 16:08:33",962,437,91334,0,,5.75,299.6,28.05,39.55,,1
"2026-09-06 16:08:34",963,438,91318,0,,7.1,314.9,28.05,39.45,,1.1
"2026-09-06 16:08:35",965,440,91302,41.678365,1.206835,5.4,318.8,28.07,39.25,39,1.2
"2026-09-06 16:08:36",967,442,91285,0,,7.05,306.3,28.07,39.15,,1.3
"2026-09-06 16:08:37",968,443,91268,0,,4.8,334,28.07,39.05,,1.3
"2026-09-06 16:08:38",970,445,91252,41.678482,1.206698,5.85,311,28.05,39,,1.3
"2026-09-06 16:08:39",972,447,91232,0,,7.2,321.6,28.07,38.95,,1.4
"2026-09-06 16:08:40",974,449,91213,0,,5.35,317,28.07,38.9,,1.5
"2026-09-06 16:08:41",975,450,91194,41.6786,1.206585,6.6,335.8,28.05,38.95,,1.6
"2026-09-06 16:08:43",979,454,91159,0,,5.5,310.1,28.03,38.75,,1.6
"2026-09-06 16:08:44",981,456,91142,41.67869,1.206465,5.9,328.7,28,38.7,,1.7
"2026-09-06 16:08:47",987,462,91078,41.678782,1.206335,5.15,321.6,28.05,38.45,,1.8
"2026-09-06 16:08:49",990,465,91040,0,,5.4,317.1,28.01,38.4,,1.9
"2026-09-06 16:08:50",992,467,91022,41.678875,1.206217,3.85,324.6,28,38.4,,1.9
"2026-09-06 16:08:52",996,471,90983,0,,4.85,328,27.95,38.35,,1.9
"2026-09-06 16:08:53",998,473,90964,41.678978,1.206102,4.3,320,27.96,38.2,,1.9
"2026-09-06 16:08:55",1002,477,90920,0,,2.5,309.3,27.96,38.15,,1.9
"2026-09-06 16:08:56",1004,479,90898,41.67905,1.20601,4.1,308.1,27.92,38.25,,2
"2026-09-06 16:08:58",1009,484,90851,0,,4.1,307.3,27.89,38.4,,2
"2026-09-06 16:08:59",1011,486,90828,41.679135,1.205923,5.1,329.1,27.88,38.35,,2
"2026-09-06 16:09:00",1014,489,90801,0,,3.2,323.4,27.89,38.1,,2.1
"2026-09-06 16:09:01",1016,491,90775,0,,6.65,308.7,27.86,38,,2.1
"2026-09-06 16:09:02",1019,494,90750,41.679217,1.205822,2.5,348.3,27.9,37.75,39,2.2
"2026-09-06 16:09:03",1021,496,90728,0,,4.15,297.4,27.9,37.45,,2.2
"2026-09-06 16:09:04",1023,498,90707,0,,3.55,343.3,27.9,37.25,,2.2
"2026-09-06 16:09:05",1025,500,90686,41.67929,1.205728,4.1,308,27.91,37.1,,2.2
"2026-09-06 16:09:06",1027,502,90667,0,,4.2,316,27.91,37,,2.2
"2026-09-06 16:09:07",1029,504,90648,0,,1.85,311,27.93,36.95,,2.2
"2026-09-06 16:09:08",1031,506,90630,41.679358,1.205647,4.65,315.1,27.91,36.9,,2.2
"2026-09-06 16:09:09",1032,507,90615,0,,4,331.9,27.91,36.9,,2.1
"2026-09-06 16:09:10",1034,509,90599,0,,3.85,322.5,27.92,36.75,,2.1
"2026-09-06 16:09:11",1035,510,90584,41.679447,1.205558,5,320.6,27.89,36.75,,2
"2026-09-06 16:09:12",1037,512,90562,0,,5,320.6,27.9,36.75,,2
"2026-09-06 16:09:13",1039,514,90540,0,,3.8,318.1,27.87,36.7,,2
"2026-09-06 16:09:14",1042,517,90518,41.679515,1.205485,3.15,338.4,27.87,36.65,,1.9
"2026-09-06 16:09:15",1044,519,90497,0,,2.8,295,27.85,36.65,,1.9
"2026-09-06 16:09:16",1046,521,90477,0,,3.9,336.5,27.85,36.65,,1.9
"2026-09-06 16:09:17",1048,523,90458,41.679582,1.205393,3.9,291.8,27.82,36.65,,1.9
"2026-09-06 16:09:18",1049,524,90440,0,,3.6,331.4,27.81,36.6,,1.9
"2026-09-06 16:09:19",1051,526,90422,0,,3,314.5,27.79,36.6,,1.9
"2026-09-06 16:09:20",1053,528,90404,41.679643,1.205312,4.2,301.1,27.78,36.55,,1.8
"2026-09-06 16:09:21",1055,530,90385,0,,2.1,339.1,27.79,36.55,,1.9
"2026-09-06 16:09:22",1056,531,90367,0,,3.5,321,27.81,36.5,,1.9
"2026-09-06 16:09:23",1058,533,90350,41.679705,1.20524,3.05,304.6,27.78,36.5,,1.9
"2026-09-06 16:09:24",1060,535,90329,0,,2.55,333.3,27.81,36.5,,1.9
"2026-09-06 16:09:25",1062,537,90308,0,,3.8,321.9,27.8,36.45,,1.9
"2026-09-06 16:09:26",1064,539,90288,41.67977,1.205175,2.05,315.2,27.81,36.45,,1.9
"2026-09-06 16:09:27",1066,541,90266,0,,3.95,326.7,27.81,36.45,,1.9
"2026-09-06 16:09:28",1068,543,90246,0,,3.25,304.7,27.79,36.45,,1.9
"2026-09-06 16:09:29",1070,545,90226,41.679833,1.20509,2.4,320.9,27.77,36.45,39,1.9
"2026-09-06 16:09:30",1072,547,90210,0,,5,320.8,27.77,36.45,,1.9
"2026-09-06 16:09:31",1074,549,90193,0,,2.3,299.4,27.77,36.45,,1.9
"2026-09-06 16:09:32",1075,550,90176,41.679898,1.204995,4.35,320.7,27.73,36.5,,1.9
"2026-09-06 16:09:33",1077,552,90157,0,,,,27.66,36.5,,1.9
"2026-09-06 16:09:34",1079,554,90139,0,,,,27.64,36.5,,1.9
"2026-09-06 16:09:35",1081,556,90122,0,,,,27.66,36.55,,1.9
"2026-09-06 16:09:36",1082,557,90104,0,,1.9,314.7,27.71,36.6,,1.8
"2026-09-06 16:09:37",1084,559,90087,0,,4.8,323.3,27.68,36.55,,1.8
"2026-09-06 16:09:38",1086,561,90070,41.680048,1.20484,2.45,329.7,27.71,36.55,,1.8
"2026-09-06 16:09:39",1087,562,90054,0,,2.45,329.7,27.67,36.55,,1.8
"2026-09-06 16:09:40",1089,564,90039,0,,2.45,329.7,27.64,36.45,,1.7
"2026-09-06 16:09:41",1090,565,90024,41.680125,1.204763,2.3,347.5,27.63,36.4,,1.7
"2026-09-06 16:09:42",1092,567,90006,0,,4.45,314.1,27.6,36.3,,1.7
"2026-09-06 16:09:43",1094,569,89988,0,,3.45,325.3,27.57,36.15,,1.7
"2026-09-06 16:09:44",1096,571,89970,41.680202,1.204685,2.25,326.7,27.56,36.05,,1.7
"2026-09-06 16:09:47",1101,576,89920,41.680273,1.204617,4.3,321.9,27.61,35.9,,1.7
"2026-09-06 16:09:48",1102,577,89901,0,,2.25,324.5,27.57,35.85,,1.7
"2026-09-06 16:09:49",1104,579,89883,0,,3.95,328.2,27.56,35.8,,1.7
"2026-09-06 16:09:50",1106,581,89866,41.680347,1.204547,4.4,317.3,27.57,35.8,,1.7
"2026-09-06 16:09:51",1108,583,89850,0,,2,341.2,27.62,35.75,,1.7
"2026-09-06 16:09:52",1109,584,89834,0,,4.7,324.5,27.61,35.7,,1.7
"2026-09-06 16:09:53",1111,586,89818,41.680425,1.204485,2.55,325.5,27.56,35.65,,1.7
"2026-09-06 16:09:54",1113,588,89799,0,,3.95,330,27.51,35.6,,1.7
"2026-09-06 16:09:55",1114,589,89781,0,,3.95,330,27.51,35.65,,1.7
"2026-09-06 16:09:56",1116,591,89764,41.680505,1.204413,2,334.7,27.5,35.65,39,1.7
"2026-09-06 16:09:57",1118,593,89747,0,,5.1,326.4,27.47,35.65,,1.7
"2026-09-06 16:09:58",1119,594,89730,0,,2.35,318.5,27.45,35.65,,1.7
"2026-09-06 16:09:59",1121,596,89714,41.680573,1.20435,3.2,328.2,27.44,35.65,,1.7
"2026-09-06 16:10:00",1123,598,89694,0,,4.15,327.2,27.44,35.6,,1.7
"2026-09-06 16:10:01",1125,600,89675,0,,2.3,316.3,27.39,35.6,,1.7
"2026-09-06 16:10:02",1127,602,89656,41.680638,1.20429,3.35,337,27.38,35.65,,1.7
"2026-09-06 16:10:03",1128,603,89641,0,,3.05,318.8,27.43,35.7,,1.7
"2026-09-06 16:10:04",1130,605,89626,0,,3.35,318,27.43,35.65,,1.7
"2026-09-06 16:10:05",1131,606,89612,41.680703,1.204222,4.05,330.6,27.45,35.65,,1.7
"2026-09-06 16:10:06",1133,608,89592,0,,1.65,296.5,27.41,35.6,,1.7
"2026-09-06 16:10:07",1135,610,89572,0,,5.2,331.4,27.38,35.6,,1.7
"2026-09-06 16:10:08",1137,612,89552,41.680777,1.204152,2.7,322.5,27.39,35.6,,1.8
"2026-09-06 16:10:09",1139,614,89531,0,,2.95,316.9,27.38,35.6,,1.8
"2026-09-06 16:10:10",1141,616,89511,0,,4.05,329.7,27.38,35.6,,1.8
"2026-09-06 16:10:11",1143,618,89492,41.680842,1.204085,1.55,302.7,27.36,35.6,,1.8
"2026-09-06 16:10:12",1144,619,89477,0,,4.65,329.8,27.32,35.6,,1.8
"2026-09-06 16:10:13",1146,621,89463,0,,2.95,325,27.34,35.6,,1.8
"2026-09-06 16:10:14",1147,622,89450,41.680915,1.204017,2.55,326.6,27.37,35.65,,1.7
"2026-09-06 16:10:15",1149,624,89427,0,,4.75,322.8,27.34,35.6,,1.8
"2026-09-06 16:10:16",1152,627,89404,0,,1.5,325.2,27.28,35.6,,1.8
"2026-09-06 16:10:17",1154,629,89382,41.680987,1.203945,4.2,323.1,27.24,35.65,,1.9
"2026-09-06 16:10:18",1155,630,89366,0,,2.5,344.5,27.24,35.6,,1.9
"2026-09-06 16:10:19",1157,632,89350,0,,2.5,344.5,27.26,35.65,,1.8
"2026-09-06 16:10:20",1159,634,89334,41.68106,1.20388,4.3,318.6,27.21,35.65,,1.8
"2026-09-06 16:10:21",1160,635,89316,0,,2.55,327.8,27.17,35.65,,1.8
"2026-09-06 16:10:22",1162,637,89299,0,,4.05,331.7,27.15,35.7,,1.8
"2026-09-06 16:10:23",1164,639,89282,41.681133,1.20381,4.35,319.8,27.15,35.7,38.75,1.8
"2026-09-06 16:10:24",1165,640,89266,0,,1.7,333.2,27.19,35.75,,1.7
"2026-09-06 16:10:25",1167,642,89251,0,,3.95,323.7,27.17,35.75,,1.7
"2026-09-06 16:10:26",1168,643,89236,41.681195,1.203748,2.55,320.2,27.11,35.7,,1.7
"2026-09-06 16:10:27",1170,645,89217,0,,2.9,326.2,27.11,35.7,,1.8
"2026-09-06 16:10:28",1172,647,89199,0,,3.7,324.5,27.09,35.75,,1.7
"2026-09-06 16:10:29",1174,649,89182,41.681263,1.203682,1.7,319.9,27.13,35.7,,1.7
"2026-09-06 16:10:30",1176,651,89164,0,,4.45,324.6,27.11,35.7,,1.7
"2026-09-06 16:10:31",1177,652,89147,0,,3.15,324.3,27.12,35.65,,1.7
"2026-09-06 16:10:32",1179,654,89130,41.681335,1.203627,2.3,331.7,27.15,35.55,,1.7
"2026-09-06 16:10:33",1181,656,89112,0,,3.7,331.6,27.08,35.4,,1.7
"2026-09-06 16:10:34",1183,658,89093,0,,2.95,309.2,27.04,35.35,,1.7
"2026-09-06 16:10:35",1185,660,89074,41.681417,1.203552,4.2,342.4,27.03,35.3,,1.7
"2026-09-06 16:10:36",1186,661,89059,0,,2.9,298.4,27.04,35.3,,1.7
"2026-09-06 16:10:37",1187,662,89044,0,,3.05,333.5,27,35.3,,1.7
"2026-09-06 16:10:38",1189,664,89030,41.68149,1.20349,4.25,334.7,27.01,35.3,,1.7
"2026-09-06 16:10:39",1191,666,89012,0,,4.2,334.7,27,35.3,,1.7
"2026-09-06 16:10:40",1192,667,88995,0,,4.2,333.4,26.99,35.3,,1.7
"2026-09-06 16:10:41",1194,669,88978,41.681565,1.203427,2.7,329.4,27,35.35,,1.7
"2026-09-06 16:10:42",1196,671,88955,0,,2.6,322.5,26.98,35.35,,1.7
"2026-09-06 16:10:43",1199,674,88933,0,,4.15,334.5,26.96,35.35,,1.8
"2026-09-06 16:10:44",1201,676,88912,41.681648,1.203355,2.65,317.1,26.89,35.4,,1.8
"2026-09-06 16:10:47",1205,680,88864,41.68171,1.2033,2.8,322.8,26.86,35.5,,1.8
"2026-09-06 16:10:48",1207,682,88845,0,,3.9,326.7,26.85,35.55,,1.7
"2026-09-06 16:10:49",1209,684,88827,0,,1.25,332.9,26.88,35.65,,1.8
"2026-09-06 16:10:50",1211,686,88810,41.681785,1.20324,4.95,328.4,26.85,35.7,38.5,1.8
"2026-09-06 16:10:51",1213,688,88792,0,,2.45,325.6,26.84,35.85,,1.8
"2026-09-06 16:10:52",1214,689,88775,0,,3.05,340,26.8,35.9,,1.8
"2026-09-06 16:10:53",1216,691,88758,41.681857,1.20319,3.6,321.2,26.78,36.05,,1.8
"2026-09-06 16:10:54",1218,693,88741,0,,2.3,355.2,26.75,36.1,,1.8
"2026-09-06 16:10:55",1219,694,88724,0,,4.35,327.4,26.71,36.2,,1.8
"2026-09-06 16:10:56",1221,696,88708,41.681927,1.203145,3.1,325.7,26.7,36.25,,1.7
"2026-09-06 16:10:57",1223,698,88689,0,,1.8,18.4,26.68,36.35,,1.7
"2026-09-06 16:10:58",1225,700,88670,0,,3.25,328.7,26.67,36.3,,1.7
"2026-09-06 16:10:59",1227,702,88652,41.682003,1.203113,2.3,342.5,26.67,36.35,,1.7
"2026-09-06 16:11:00",1229,704,88631,0,,2.3,342.5,26.65,36.4,,1.8
"2026-09-06 16:11:01",1231,706,88611,0,,1.4,316.7,26.63,36.4,,1.8
"2026-09-06 16:11:02",1233,708,88592,41.682075,1.203073,3.45,342.3,26.61,36.45,,1.8
"2026-09-06 16:11:03",1234,709,88574,0,,3.95,333.6,26.61,36.45,,1.8
"2026-09-06 16:11:04",1236,711,88557,0,,1.9,327.4,26.58,36.5,,1.8
"2026-09-06 16:11:05",1238,713,88540,41.68215,1.20303,4.3,341.2,26.55,36.55,,1.8
"2026-09-06 16:11:06",1240,715,88522,0,,1.35,334.3,26.55,36.55,,1.8
"2026-09-06 16:11:07",1241,716,88504,0,,3.25,345.8,26.52,36.6,,1.8
"2026-09-06 16:11:08",1243,718,88486,41.68223,1.202993,4,333.6,26.52,36.65,,1.8
"2026-09-06 16:11:09",1245,720,88468,0,,1.4,354.6,26.48,36.7,,1.8
"2026-09-06 16:11:10",1247,722,88451,0,,3.85,333.1,26.46,36.7,,1.8
"2026-09-06 16:11:11",1248,723,88434,41.682297,1.20297,2.45,345.8,26.42,36.75,,1.8
"2026-09-06 16:11:13",1252,727,88396,0,,2.65,308.2,26.38,36.85,,1.8
"2026-09-06 16:11:14",1254,729,88378,41.682362,1.202937,2.9,356.3,26.37,36.85,,1.8
"2026-09-06 16:11:17",1260,735,88320,41.682422,1.202902,2.55,358.9,26.34,36.9,38,1.8
"2026-09-06 16:11:19",1263,738,88289,0,,2.85,354.7,26.28,36.95,,1.8
"2026-09-06 16:11:20",1265,740,88274,41.682482,1.202867,2.15,343.9,26.26,36.95,,1.8
"2026-09-06 16:11:22",1269,744,88234,0,,2.75,14.1,26.24,36.95,,1.8
"2026-09-06 16:11:23",1271,746,88214,41.682548,1.202838,2.35,314.9,26.22,37,,1.8
"2026-09-06 16:11:25",1275,750,88173,0,,2.35,356.5,26.16,37.1,,1.9
"2026-09-06 16:11:26",1277,752,88154,41.682618,1.202813,2.45,323.1,26.11,37.15,,1.9
"2026-09-06 16:11:28",1280,755,88115,0,,1.55,311,26.12,37.2,,1.9
"2026-09-06 16:11:29",1282,757,88096,41.682675,1.202795,3.65,341.7,26.12,37.25,,1.9
"2026-09-06 16:11:31",1286,761,88055,0,,2.25,326.8,26.03,37.2,,1.9
"2026-09-06 16:11:32",1288,763,88036,41.682733,1.202785,2.85,17.5,26.03,37.25,,2
"2026-09-06 16:11:33",1290,765,88017,0,,,,26,37.25,,2
"2026-09-06 16:11:34",1292,767,87997,0,,,,25.95,37.35,,2
"2026-09-06 16:11:35",1294,769,87978,0,,,,25.91,37.4,,2
"2026-09-06 16:11:36",1296,771,87960,0,,3.2,351.3,25.86,37.45,,2
"2026-09-06 16:11:37",1298,773,87943,0,,2.9,1.6,25.84,37.55,,1.9
"2026-09-06 16:11:38",1299,774,87926,41.682868,1.202732,2.65,320.2,25.81,37.65,,1.9
"2026-09-06 16:11:39",1302,777,87905,0,,3.1,356.2,25.81,37.7,,1.9
"2026-09-06 16:11:40",1304,779,87884,0,,3.1,1.7,25.83,37.7,,1.9
"2026-09-06 16:11:41",1306,781,87864,41.682948,1.202713,3.2,315,25.79,37.75,,1.9
"2026-09-06 16:11:42",1308,783,87845,0,,3.65,13,25.75,37.75,,1.9
"2026-09-06 16:11:43",1309,784,87827,0,,2,336.6,25.73,37.85,,1.9
"2026-09-06 16:11:44",1311,786,87810,41.683017,1.202707,2.45,344.3,25.71,37.9,37.75,1.9
"2026-09-06 16:11:46",1315,790,87767,0,,2.05,309.9,25.69,38,,1.9
"2026-09-06 16:11:47",1318,793,87746,41.68308,1.202688,3.45,9.7,25.68,38.05,,1.9
"2026-09-06 16:11:48",1320,795,87725,0,,2.45,310.8,25.67,38.05,,2
"2026-09-06 16:11:49",1322,797,87703,0,,3.3,1.3,25.63,38.05,,2
"2026-09-06 16:11:50",1324,799,87682,41.683148,1.202675,2.1,0.7,25.6,38.05,,2
"2026-09-06 16:11:51",1326,801,87658,0,,,,25.59,38.05,,2.1
"2026-09-06 16:11:52",1329,804,87635,0,,,,25.59,38.05,,2.1
"2026-09-06 16:11:53",1331,806,87612,0,,,,25.58,38.05,,2.1
"2026-09-06 16:11:54",1333,808,87590,0,,1.25,346.4,25.56,38.05,,2.1
"2026-09-06 16:11:55",1335,810,87570,0,,3.25,358.6,25.57,38.05,,2.2
"2026-09-06 16:11:56",1337,812,87550,41.683283,1.202657,2.95,345.2,25.57,38.1,,2.2
"2026-09-06 16:11:57",1339,814,87531,0,,1.15,18.7,25.54,38.1,,2.2
"2026-09-06 16:11:58",1341,816,87513,0,,4.15,349.8,25.54,38.1,,2.1
"2026-09-06 16:11:59",1343,818,87496,41.683348,1.202655,1.4,10.2,25.48,38.05,,2.1
"2026-09-06 16:12:00",1344,819,87478,0,,1.4,10.2,25.46,38.05,,2.1
"2026-09-06 16:12:01",1346,821,87460,0,,3,349.6,25.43,38,,2
"2026-09-06 16:12:02",1348,823,87442,41.683407,1.202658,1.35,36.6,25.39,38.05,,2
"2026-09-06 16:12:03",1350,825,87421,0,,1.35,36.6,25.37,38.15,,2
"2026-09-06 16:12:04",1352,827,87401,0,,1.5,10.8,25.32,38.25,,2
"2026-09-06 16:12:05",1354,829,87382,41.683455,1.202667,1.65,21.1,25.32,38.4,,2
"2026-09-06 16:12:06",1357,832,87359,0,,2.85,351.9,25.31,38.4,,2
"2026-09-06 16:12:07",1359,834,87337,0,,2.85,351.9,25.31,38.5,,2
"2026-09-06 16:12:08",1361,836,87316,41.683525,1.202663,3.3,330.2,25.31,38.6,,2
"2026-09-06 16:12:09",1363,838,87295,0,,3.5,13.4,25.31,38.75,,2
"2026-09-06 16:12:10",1365,840,87275,0,,3.5,13.4,25.31,38.85,,2
"2026-09-06 16:12:11",1367,842,87256,41.68362,1.20265,3.9,331.3,25.3,38.95,37.5,2
"2026-09-06 16:12:12",1369,844,87237,0,,2.7,33.3,25.26,39,,2
"2026-09-06 16:12:13",1371,846,87217,0,,2.7,343.8,25.24,39,,2
"2026-09-06 16:12:14",1373,848,87198,41.683683,1.202657,2.6,358.3,25.17,39.15,,2
"2026-09-06 16:12:17",1380,855,87130,41.683748,1.202658,2.95,25.8,25.21,39.3,,2.1
"2026-09-06 16:12:18",1382,857,87110,0,,,,25.16,39.35,,2.1
"2026-09-06 16:12:19",1384,859,87091,0,,,,25.12,39.4,,2.1
"2026-09-06 16:12:20",1386,861,87072,0,,,,25.1,39.45,,2.1
"2026-09-06 16:12:21",1388,863,87053,0,,,,25.09,39.45,,2
"2026-09-06 16:12:22",1389,864,87034,0,,,,25.1,39.45,,2
"2026-09-06 16:12:23",1391,866,87016,0,,,,25.07,39.5,,2
"2026-09-06 16:12:24",1393,868,86999,0,,,,24.99,39.6,,2
"2026-09-06 16:12:25",1395,870,86982,0,,,,24.97,39.7,,2
"2026-09-06 16:12:26",1396,871,86966,0,,,,24.97,39.75,,1.9
"2026-09-06 16:12:27",1398,873,86946,0,,1.65,35.7,24.94,39.75,,1.9
"2026-09-06 16:12:28",1400,875,86927,0,,1.65,35.7,24.92,39.85,,1.9
"2026-09-06 16:12:29",1402,877,86908,41.684018,1.202672,2.3,4.9,24.94,39.9,,1.9
"2026-09-06 16:12:30",1404,879,86888,0,,2.3,4.9,24.91,39.95,,1.9
"2026-09-06 16:12:31",1406,881,86867,0,,4,356.2,24.9,40,,1.9
"2026-09-06 16:12:32",1409,884,86846,41.684108,1.202687,1.35,45.3,24.89,40,,1.9
"2026-09-06 16:12:33",1410,885,86828,0,,3.6,0.1,24.85,40.05,,1.9
"2026-09-06 16:12:34",1412,887,86811,0,,3.45,357.8,24.85,40.05,,1.9
"2026-09-06 16:12:35",1414,889,86794,41.684183,1.202698,1.35,31.8,24.83,40.1,,1.9
"2026-09-06 16:12:36",1416,891,86773,0,,1.35,31.8,24.81,40.1,,1.9
"2026-09-06 16:12:37",1418,893,86752,0,,2.25,357.5,24.81,40.15,,1.9
"2026-09-06 16:12:38",1420,895,86732,41.684268,1.20271,3.95,14.3,24.77,40.15,37,2
"2026-09-06 16:12:39",1422,897,86715,0,,3.1,351.9,24.76,40.2,,1.9
"2026-09-06 16:12:40",1423,898,86699,0,,2.15,27.7,24.75,40.25,,1.9
"2026-09-06 16:12:41",1425,900,86684,41.684337,1.20273,4.25,10.6,24.72,40.25,,1.9
"2026-09-06 16:12:42",1427,902,86665,0,,4.25,10.6,24.71,40.3,,1.9
"2026-09-06 16:12:43",1429,904,86647,0,,1.5,10.9,24.68,40.35,,1.8
"2026-09-06 16:12:44",1430,905,86630,41.684415,1.202743,3.35,12,24.69,40.35,,1.8
"2026-09-06 16:12:46",1434,909,86593,0,,4.05,348.3,24.64,40.35,,1.8
"2026-09-06 16:12:47",1436,911,86574,41.68449,1.20276,2.8,23.5,24.62,40.35,,1.9
"2026-09-06 16:12:48",1438,913,86557,0,,2.75,23.5,24.58,40.3,,1.9
"2026-09-06 16:12:49",1440,915,86540,0,,3.8,351.5,24.6,40.35,,1.8
"2026-09-06 16:12:50",1441,916,86524,41.68457,1.202777,3.05,37.5,24.57,40.35,,1.8
"2026-09-06 16:12:51",1443,918,86507,0,,3.7,341.3,24.54,40.4,,1.8
"2026-09-06 16:12:52",1445,920,86491,0,,3.4,29.6,24.54,40.45,,1.8
"2026-09-06 16:12:53",1446,921,86476,41.68465,1.202782,2.45,349.6,24.51,40.5,,1.8
"2026-09-06 16:12:54",1448,923,86454,0,,3.7,0.1,24.48,40.55,,1.8
"2026-09-06 16:12:55",1451,926,86431,0,,2,33.5,24.43,40.6,,1.8
"2026-09-06 16:12:56",1453,928,86408,41.68473,1.20279,3.6,351,24.41,40.65,,1.9
"2026-09-06 16:12:57",1455,930,86391,0,,3.3,5.4,24.42,40.7,,1.9
"2026-09-06 16:12:58",1456,931,86375,0,,3.3,5.4,24.39,40.75,,1.8
"2026-09-06 16:12:59",1458,933,86360,41.684802,1.202812,4.05,357,24.39,40.8,,1.8
"2026-09-06 16:13:00",1460,935,86341,0,,2.2,43.7,24.38,40.8,,1.8
"2026-09-06 16:13:01",1462,937,86323,0,,4.05,352.6,24.39,40.8,,1.8
"2026-09-06 16:13:02",1463,938,86306,41.684885,1.202822,3.5,5.4,24.42,40.75,,1.8
"2026-09-06 16:13:03",1465,940,86288,0,,2.1,22.7,24.4,40.8,,1.8
"2026-09-06 16:13:04",1467,942,86270,0,,4.05,353.5,24.38,40.8,,1.9
"2026-09-06 16:13:05",1469,944,86252,41.68496,1.202837,2.1,50.9,24.39,40.85,36.25,1.9
"2026-09-06 16:13:06",1471,946,86230,0,,,,24.34,40.85,,1.9
"2026-09-06 16:13:07",1473,948,86213,0,,,,24.37,40.85,,1.8
"2026-09-06 16:13:08",1475,950,86196,0,,,,24.37,40.9,,1.8
"2026-09-06 16:13:09",1476,951,86180,0,,4,358.2,24.33,,,1.8
"2026-09-06 16:13:10",1478,953,86162,0,,2.45,13.9,24.27,40.95,,1.8
"2026-09-06 16:13:11",1480,955,86144,41.685093,1.202858,2.6,16.4,24.26,41,,1.8
"2026-09-06 16:13:12",1482,957,86124,0,,,,24.26,41,,1.8
"2026-09-06 16:13:13",1484,959,86103,0,,,,24.31,41.05,,1.9
"2026-09-06 16:13:14",1486,961,86082,0,,,,24.31,41.05,,1.9
"2026-09-06 16:13:17",1491,966,86034,41.685278,1.202898,2.55,15.5,24.31,41.05,,1.8
"2026-09-06 16:13:18",1493,968,86017,0,,1.85,344.9,24.28,41,,1.8
"2026-09-06 16:13:19",1495,970,86000,0,,4,20.5,24.23,41,,1.8
"2026-09-06 16:13:20",1496,971,85984,41.685353,1.202913,2.9,359.9,24.21,41.05,,1.8
"2026-09-06 16:13:21",1498,973,85965,0,,2.1,0.6,24.18,41.1,,1.8
"2026-09-06 16:13:22",1500,975,85947,0,,4.4,10.9,24.11,41.1,,1.8
"2026-09-06 16:13:23",1502,977,85930,41.685435,1.20293,1.55,3.5,24.08,41.2,,1.8
"2026-09-06 16:13:24",1504,979,85912,0,,,,24.05,41.3,,1.8
"2026-09-06 16:13:25",1505,980,85893,0,,,,24.02,41.45,,1.8
"2026-09-06 16:13:26",1507,982,85874,0,,,,24.01,41.55,,1.8
"2026-09-06 16:13:27",1509,984,85857,0,,,,23.98,41.6,,1.8
"2026-09-06 16:13:28",1511,986,85840,0,,,,23.98,41.65,,1.8
"2026-09-06 16:13:29",1513,988,85824,0,,,,23.95,41.8,,1.8
"2026-09-06 16:13:30",1514,989,85807,0,,1.65,8.3,23.95,41.85,,1.8
"2026-09-06 16:13:31",1516,991,85790,0,,2.9,9.1,23.9,41.9,,1.8
"2026-09-06 16:13:32",1518,993,85774,41.685663,1.202992,4.2,17.8,23.87,42.05,35.75,1.8
"2026-09-06 16:13:33",1520,995,85756,0,,2.55,349.3,23.87,42.15,,1.8
"2026-09-06 16:13:34",1521,996,85739,0,,2.55,349.3,23.82,42.3,,1.8
"2026-09-06 16:13:35",1523,998,85722,41.685735,1.203,3.9,25.6,23.77,42.4,,1.8
"2026-09-06 16:13:36",1525,1000,85704,0,,,,23.78,42.55,,1.8
"2026-09-06 16:13:37",1527,1002,85685,0,,,,23.78,42.7,,1.8
"2026-09-06 16:13:38",1529,1004,85666,0,,,,23.77,42.8,,1.8
"2026-09-06 16:13:39",1530,1005,85650,0,,,,23.78,42.9,,1.8
"2026-09-06 16:13:40",1532,1007,85635,0,,,,23.75,43.05,,1.8
"2026-09-06 16:13:41",1533,1008,85620,0,,,,23.71,43.1,,1.7
"2026-09-06 16:13:43",1537,1012,85585,0,,3.1,333,23.71,43.3,,1.7
"2026-09-06 16:13:44",1539,1014,85568,41.685953,1.203013,3.2,1.7,23.68,43.45,,1.8
"2026-09-06 16:13:47",1545,1020,85512,41.686017,1.20303,2.95,42.6,23.66,43.75,,1.8
"2026-09-06 16:13:49",1548,1023,85475,0,,1.75,26.6,23.64,43.95,,1.8
"2026-09-06 16:13:50",1550,1025,85458,41.686092,1.203032,4.15,1.6,23.66,44,,1.8
"2026-09-06 16:13:52",1554,1029,85422,0,,2.55,21.2,23.65,44.1,,1.8
"2026-09-06 16:13:53",1556,1031,85404,41.686167,1.203033,4.1,347.6,23.64,44.15,,1.8
"2026-09-06 16:13:55",1558,1033,85375,0,,3.3,2,23.63,44.15,,1.8
"2026-09-06 16:13:56",1560,1035,85362,41.686235,1.203043,2.95,350,23.64,44.2,,1.8
"2026-09-06 16:13:58",1564,1039,85325,0,,4.15,342.3,23.64,44.2,,1.8
"2026-09-06 16:13:59",1565,1040,85308,41.686313,1.203048,2.35,21.3,23.69,44.2,36,1.7
"2026-09-06 16:14:00",1567,1042,85288,0,,,,23.69,44.2,,1.8
"2026-09-06 16:14:01",1569,1044,85269,0,,,,23.62,44.2,,1.8
"2026-09-06 16:14:02",1571,1046,85250,0,,,,23.57,44.2,,1.8
"2026-09-06 16:14:03",1573,1048,85237,0,,2.2,38.2,23.54,44.25,,1.7
"2026-09-06 16:14:04",1574,1049,85225,0,,2,31,23.54,44.3,,1.7
"2026-09-06 16:14:05",1575,1050,85214,41.686448,1.20308,2.95,4.1,23.58,44.35,,1.6
"2026-09-06 16:14:06",1578,1053,85190,0,,2.95,4.1,23.52,44.4,,1.7
"2026-09-06 16:14:07",1580,1055,85166,0,,2,41.7,23.47,44.45,,1.8
"2026-09-06 16:14:08",1583,1058,85142,41.686518,1.203095,3.6,347.2,23.44,44.45,,1.9
"2026-09-06 16:14:09",1584,1059,85125,0,,3.35,9.8,23.38,44.5,,1.9
"2026-09-06 16:14:10",1586,1061,85108,0,,1.9,20.8,23.36,44.55,,1.9
"2026-09-06 16:14:11",1588,1063,85092,41.68658,1.203112,2.95,349.6,23.35,44.6,,1.9
"2026-09-06 16:14:12",1589,1064,85083,0,,2.6,41.7,23.36,44.65,,1.8
"2026-09-06 16:14:13",1590,1065,85074,0,,2.6,41.7,23.35,44.6,,1.7
"2026-09-06 16:14:14",1590,1065,85066,41.68664,1.203132,1.85,52.7,23.33,44.65,,1.6
"2026-09-06 16:14:15",1592,1067,85050,0,,,,23.34,44.6,,1.6
"2026-09-06 16:14:16",1594,1069,85034,0,,,,23.3,44.6,,1.6
"2026-09-06 16:14:17",1595,1070,85018,0,,,,23.28,44.55,,1.7
"2026-09-06 16:14:18",1598,1073,84995,0,,1.35,26.7,23.3,44.55,,1.7
"2026-09-06 16:14:19",1600,1075,84973,0,,1.35,26.7,23.31,44.55,,1.7
"2026-09-06 16:14:20",1602,1077,84952,41.68675,1.203155,1.55,9.6,23.33,44.5,,1.7
"2026-09-06 16:14:21",1604,1079,84937,0,,1.55,9.6,23.3,44.5,,1.6
"2026-09-06 16:14:22",1605,1080,84922,0,,0.1,15.6,23.32,44.45,,1.6
"2026-09-06 16:14:23",1607,1082,84908,41.68684,1.203183,3.25,19.9,23.35,44.45,,1.6
"2026-09-06 16:14:24",1609,1084,84889,0,,2.95,356.8,23.28,44.45,,1.6
"2026-09-06 16:14:25",1611,1086,84869,0,,0.1,356.8,23.24,44.45,,1.7
"2026-09-06 16:14:26",1613,1088,84850,41.686902,1.203195,3.7,20.7,23.22,44.5,36,1.8
"2026-09-06 16:14:27",1614,1089,84834,0,,,,23.22,44.55,,1.9
"2026-09-06 16:14:28",1616,1091,84819,0,,,,23.2,44.6,,1.8
"2026-09-06 16:14:29",1617,1092,84804,0,,,,23.17,44.6,,1.8
"2026-09-06 16:14:30",1619,1094,84785,0,,2.6,12.8,23.1,44.5,,1.8
"2026-09-06 16:14:31",1621,1096,84766,0,,3.75,21.7,23.1,44.55,,1.8
"2026-09-06 16:14:32",1623,1098,84748,41.687052,1.20322,1.85,8.5,23.14,44.5,,1.8
"2026-09-06 16:14:33",1624,1099,84735,0,,4.5,1.3,23.13,44.45,,1.7
"2026-09-06 16:14:34",1626,1101,84723,0,,1.95,38.2,23.04,44.4,,1.7
"2026-09-06 16:14:35",1627,1102,84712,41.687118,1.203243,2.25,1.4,23.01,44.35,,1.7
"2026-09-06 16:14:36",1629,1104,84695,0,,3.95,15,23,44.35,,1.7
"2026-09-06 16:14:37",1630,1105,84677,0,,3.95,15,22.99,44.35,,1.7
"2026-09-06 16:14:38",1632,1107,84660,41.68719,1.203265,3.95,16,23.03,44.4,,1.7
"2026-09-06 16:14:39",1634,1109,84641,0,,2.95,8.6,22.99,44.45,,1.7
"2026-09-06 16:14:40",1636,1111,84622,0,,1.85,335.1,22.97,44.45,,1.7
"2026-09-06 16:14:41",1638,1113,84604,41.68726,1.203277,3.45,19,22.95,44.4,,1.7
"2026-09-06 16:14:42",1640,1115,84587,0,,2.9,8.4,22.94,44.35,,1.7
"2026-09-06 16:14:43",1641,1116,84571,0,,2.3,348.7,22.94,44.35,,1.7
"2026-09-06 16:14:44",1643,1118,84556,41.687338,1.203283,3.55,18.3,22.92,44.35,,1.7
"2026-09-06 16:14:47",1648,1123,84512,41.687403,1.203298,4.2,358.9,22.92,44.35,,1.7
"2026-09-06 16:14:48",1650,1125,84493,0,,4.2,358.9,22.91,44.3,,1.7
"2026-09-06 16:14:49",1651,1126,84475,0,,1.4,21.4,22.88,44.3,,1.7
"2026-09-06 16:14:50",1653,1128,84458,41.687468,1.203315,3.1,357.3,22.88,44.3,,1.7
"2026-09-06 16:14:51",1655,1130,84444,0,,3.1,357.3,22.88,44.25,,1.7
"2026-09-06 16:14:52",1656,1131,84431,0,,1.8,40.6,22.85,44.25,,1.6
"2026-09-06 16:14:53",1657,1132,84418,41.68754,1.203328,2.55,357.1,22.83,44.3,35.5,1.6
"2026-09-06 16:14:54",1659,1134,84399,0,,2.35,35.2,22.8,44.35,,1.6
"2026-09-06 16:14:55",1661,1136,84381,0,,2.35,35.2,22.8,44.4,,1.6
"2026-09-06 16:14:56",1663,1138,84364,41.6876,1.203352,2.9,356.3,22.76,44.4,,1.7
"2026-09-06 16:14:57",1665,1140,84346,0,,2.9,1.1,22.74,44.4,,1.7
"2026-09-06 16:14:58",1667,1142,84327,0,,2.4,8.9,22.71,44.4,,1.7
"2026-09-06 16:14:59",1669,1144,84308,41.68767,1.203363,2.4,26,22.69,44.4,,1.8
"2026-09-06 16:15:00",1671,1146,84290,0,,,,22.67,44.4,,1.7
"2026-09-06 16:15:01",1672,1147,84274,0,,,,22.65,44.4,,1.7
"2026-09-06 16:15:02",1674,1149,84258,0,,,,22.62,44.4,,1.7
"2026-09-06 16:15:03",1676,1151,84239,0,,3,33.8,22.6,44.45,,1.7
"2026-09-06 16:15:04",1678,1153,84220,0,,2.85,32.8,22.59,44.6,,1.8
"2026-09-06 16:15:05",1680,1155,84202,41.687807,1.2034,2.8,347.1,22.59,44.7,,1.8
"2026-09-06 16:15:06",1682,1157,84184,0,,2.8,31.5,22.57,44.85,,1.9
"2026-09-06 16:15:07",1683,1158,84166,0,,2.35,3.4,22.55,45,,1.9
"2026-09-06 16:15:08",1685,1160,84148,41.687867,1.203423,1.9,28.1,22.61,45.1,,1.9
"2026-09-06 16:15:09",1687,1162,84132,0,,1.9,28.1,22.59,45.15,,1.8
"2026-09-06 16:15:10",1689,1164,84117,0,,3.35,13.5,22.53,45.25,,1.8
"2026-09-06 16:15:11",1690,1165,84102,41.68793,1.203443,3.25,31,22.48,45.3,,1.8
"2026-09-06 16:15:12",1692,1167,84084,0,,3.25,31,22.46,45.35,,1.8
"2026-09-06 16:15:13",1694,1169,84067,0,,2.6,0.8,22.53,45.45,,1.8
"2026-09-06 16:15:14",1696,1171,84050,41.687997,1.203465,3.6,35.6,22.56,45.5,,1.8
"2026-09-06 16:15:15",1698,1173,84030,0,,2.2,335.8,22.56,45.65,,1.8
"2026-09-06 16:15:16",1700,1175,84011,0,,3.35,30.6,22.59,45.65,,1.8
"2026-09-06 16:15:17",1702,1177,83992,41.68806,1.203483,1.3,343.9,22.55,45.6,,1.8
"2026-09-06 16:15:18",1703,1178,83975,0,,3.7,18.5,22.59,45.6,,1.8
"2026-09-06 16:15:19",1705,1180,83958,0,,3.15,37,22.6,45.65,,1.8
"2026-09-06 16:15:20",1707,1182,83942,41.688133,1.203517,2.2,337.3,22.55,45.6,35.25,1.8
"2026-09-06 16:15:21",1708,1183,83926,0,,2.2,337.3,22.56,45.7,,1.8
"2026-09-06 16:15:22",1710,1185,83910,0,,4.3,32.1,22.5,45.75,,1.8
"2026-09-06 16:15:23",1712,1187,83894,41.688198,1.203547,3,20.8,22.56,45.8,,1.8
"2026-09-06 16:15:24",1713,1188,83878,0,,3.15,24.1,22.55,45.85,,1.8
"2026-09-06 16:15:25",1715,1190,83863,0,,2.5,346.3,22.48,45.9,,1.8
"2026-09-06 16:15:26",1717,1192,83848,41.688263,1.20357,2.7,56.6,22.53,45.95,,1.8
"2026-09-06 16:15:27",1719,1194,83829,0,,3.95,354.9,22.48,45.95,,1.8
"2026-09-06 16:15:28",1721,1196,83810,0,,1.95,36.8,22.43,46,,1.8
"2026-09-06 16:15:29",1722,1197,83792,41.688328,1.2036,2.8,31.7,22.44,46.15,,1.8
"2026-09-06 16:15:30",1724,1199,83778,0,,2.8,31.7,22.4,46.25,,1.7
"2026-09-06 16:15:31",1725,1200,83764,0,,2,32.8,22.46,46.35,,1.7
"2026-09-06 16:15:32",1727,1202,83750,41.688393,1.203627,3.05,22.2,22.45,46.4,,1.7
"2026-09-06 16:15:33",1728,1203,83735,0,,2.75,355.1,22.34,46.45,,1.7
"2026-09-06 16:15:34",1730,1205,83720,0,,2.75,49.5,22.32,46.55,,1.6
"2026-09-06 16:15:35",1731,1206,83706,41.688458,1.203655,3.1,356,22.27,46.6,,1.6
"2026-09-06 16:15:36",1734,1209,83685,0,,2.45,21.6,22.28,46.7,,1.7
"2026-09-06 16:15:37",1736,1211,83662,0,,3,27,22.25,46.75,,1.7
"2026-09-06 16:15:38",1738,1213,83640,41.688523,1.203687,2.35,356.7,22.19,46.85,,1.8
"2026-09-06 16:15:39",1740,1215,83622,0,,3.05,47.6,22.14,46.95,,1.8
"2026-09-06 16:15:40",1742,1217,83605,0,,3.05,47.6,22.12,47.1,,1.8
"2026-09-06 16:15:41",1744,1219,83588,41.688568,1.203702,2.7,4.2,22.18,47.2,,1.8
"2026-09-06 16:15:42",1745,1220,83571,0,,,,22.15,47.25,,1.8
"2026-09-06 16:15:43",1747,1222,83555,0,,,,22.11,47.3,,1.8
"2026-09-06 16:15:44",1749,1224,83540,0,,,,22.1,47.4,,1.8
"2026-09-06 16:15:47",1754,1229,83486,41.688718,1.203768,2.15,15.8,21.96,47.55,35.5,1.9
"2026-09-06 16:15:48",1756,1231,83467,0,,2.35,347.8,21.97,47.65,,1.9
"2026-09-06 16:15:49",1758,1233,83449,0,,3.6,43.5,22.04,47.7,,1.8
"2026-09-06 16:15:50",1760,1235,83432,41.688787,1.203788,2.3,335.1,21.98,47.75,,1.8
"2026-09-06 16:15:51",1761,1236,83419,0,,3,21.8,21.89,47.75,,1.8
"2026-09-06 16:15:52",1763,1238,83405,0,,2.55,25.9,21.85,47.8,,1.7
"2026-09-06 16:15:53",1764,1239,83392,41.688857,1.203813,2.2,340,21.8,47.9,,1.7
"2026-09-06 16:15:54",1767,1242,83369,0,,2.25,340,21.73,48,,1.8
"2026-09-06 16:15:55",1769,1244,83347,0,,0.1,32.7,21.71,48.05,,1.8
"2026-09-06 16:15:56",1771,1246,83326,41.68892,1.20384,3.4,8.1,21.7,48.15,,1.9
"2026-09-06 16:15:57",1773,1248,83306,0,,2.8,35.8,21.73,48.25,,1.9
"2026-09-06 16:15:58",1775,1250,83287,0,,2.8,35.8,21.7,48.25,,1.9
"2026-09-06 16:15:59",1777,1252,83268,41.688978,1.203852,1.5,325.7,21.65,48.3,,1.9
"2026-09-06 16:16:00",1779,1254,83253,0,,1,10.5,21.62,48.35,,1.9
"2026-09-06 16:16:01",1780,1255,83238,0,,1,10.5,21.58,48.4,,1.8
"2026-09-06 16:16:02",1782,1257,83224,41.689025,1.203852,3.55,350.8,21.58,48.5,,1.8
"2026-09-06 16:16:03",1783,1258,83208,0,,,,21.56,48.55,,1.8
"2026-09-06 16:16:04",1785,1260,83192,0,,,,21.56,48.55,,1.8
"2026-09-06 16:16:05",1787,1262,83176,0,,,,21.59,48.6,,1.8
"2026-09-06 16:16:06",1789,1264,83158,0,,3.55,350.8,21.56,48.6,,1.9
"2026-09-06 16:16:07",1790,1265,83141,0,,2,48.3,21.54,48.65,,1.8
"2026-09-06 16:16:08",1792,1267,83124,41.689165,1.203885,2.2,340,21.51,48.7,,1.8
"2026-09-06 16:16:09",1794,1269,83106,0,,4.25,12.3,21.47,48.8,,1.7
"2026-09-06 16:16:10",1796,1271,83089,0,,0.05,12.3,21.46,48.95,,1.7
"2026-09-06 16:16:11",1798,1273,83072,41.689222,1.203897,3.25,9.9,21.45,49.1,,1.7
"2026-09-06 16:16:13",1802,1277,83032,0,,2.2,303.8,21.47,49.35,,1.8
"2026-09-06 16:16:14",1804,1279,83012,41.689275,1.20389,3.65,18.5,21.43,49.4,35.25,1.8
"2026-09-06 16:16:17",1809,1284,82964,41.689318,1.203882,1.75,32.3,21.36,49.5,,1.9
"2026-09-06 16:16:19",1812,1287,82934,0,,3.9,0.4,21.34,49.55,,1.8
"2026-09-06 16:16:20",1814,1289,82920,41.689377,1.203865,0.05,0.4,21.37,49.6,,1.8
"2026-09-06 16:16:22",1817,1292,82891,0,,1.45,15.8,21.28,49.85,,1.7
"2026-09-06 16:16:23",1818,1293,82878,41.689428,1.203848,1.55,326.2,21.28,50,,1.7
"2026-09-06 16:16:25",1822,1297,82839,0,,0,355.4,21.26,50.3,,1.7
"2026-09-06 16:16:26",1824,1299,82820,41.689478,1.203838,3.15,352.5,21.24,50.4,,1.7
"2026-09-06 16:16:28",1827,1302,82792,0,,1.05,317.4,21.25,50.5,,1.6
"2026-09-06 16:16:29",1829,1304,82778,41.689527,1.203827,3.65,5.7,21.22,50.6,,1.6
"2026-09-06 16:16:31",1832,1307,82749,0,,3.05,0.9,21.15,50.6,,1.6
"2026-09-06 16:16:32",1833,1308,82736,41.689583,1.203815,2.35,8.1,21.16,50.6,,1.6
"2026-09-06 16:16:33",1835,1310,82719,0,,2.35,8.1,21.16,50.55,,1.6
"2026-09-06 16:16:34",1837,1312,82702,0,,3.85,15.9,21.14,50.5,,1.7
"2026-09-06 16:16:35",1838,1313,82686,41.689648,1.203807,1.3,311.9,21.12,50.55,,1.7
"2026-09-06 16:16:36",1840,1315,82665,0,,,,21.07,50.55,,1.7
"2026-09-06 16:16:37",1843,1318,82644,0,,,,21.06,50.55,,1.7
"2026-09-06 16:16:38",1845,1320,82624,0,,,,21.03,50.6,,1.7
"2026-09-06 16:16:39",1846,1321,82607,0,,2.9,314,21.06,50.6,,1.7
"2026-09-06 16:16:40",1848,1323,82590,0,,3.15,326,21.06,50.7,,1.8
"2026-09-06 16:16:41",1850,1325,82574,41.689785,1.203778,2.25,350.7,21.01,50.7,34.75,1.8
"2026-09-06 16:16:42",1852,1327,82559,0,,,,21.02,50.8,,1.8
"2026-09-06 16:16:43",1853,1328,82545,0,,,,20.99,50.8,,1.7
"2026-09-06 16:16:44",1854,1329,82532,0,,,,21,50.85,,1.8
"2026-09-06 16:16:46",1858,1333,82501,0,,2.4,347.8,20.95,51.05,,1.8
"2026-09-06 16:16:47",1859,1334,82486,41.689905,1.203735,2,12.8,20.97,51.15,,1.8
"2026-09-06 16:16:48",1861,1336,82469,0,,2,12.8,20.93,51.2,,1.8
"2026-09-06 16:16:49",1863,1338,82452,0,,2.85,22.6,20.87,51.2,,1.7
"2026-09-06 16:16:50",1865,1340,82436,41.689968,1.203717,2.05,325.3,20.85,51.2,,1.7
"2026-09-06 16:16:51",1866,1341,82418,0,,2.05,325.3,20.81,51.25,,1.7
"2026-09-06 16:16:52",1868,1343,82401,0,,2.25,18.4,20.78,51.3,,1.7
"2026-09-06 16:16:53",1870,1345,82384,41.690037,1.203702,2.85,315.4,20.76,51.4,,1.7
"2026-09-06 16:16:54",1872,1347,82364,0,,2.8,315.4,20.73,51.6,,1.7
"2026-09-06 16:16:55",1874,1349,82345,0,,2.25,353,20.73,51.7,,1.8
"2026-09-06 16:16:56",1876,1351,82326,41.690112,1.2037,3.3,348,20.7,51.75,,1.8
"2026-09-06 16:16:57",1878,1353,82307,0,,2.6,12.7,20.7,51.9,,1.8
"2026-09-06 16:16:58",1880,1355,82289,0,,2.6,12.7,20.67,51.95,,1.9
"2026-09-06 16:16:59",1882,1357,82272,41.690178,1.203675,2.85,311.5,20.65,52.05,,1.9
"2026-09-06 16:17:00",1884,1359,82256,0,,2.85,311.5,20.63,52.1,,1.9
"2026-09-06 16:17:01",1885,1360,82241,0,,3.55,330.1,20.6,52.2,,1.9
"2026-09-06 16:17:02",1887,1362,82226,41.690238,1.20364,2.85,10.9,20.58,52.3,,1.8
"2026-09-06 16:17:03",1889,1364,82208,0,,2.85,10.9,20.58,52.35,,1.8
"2026-09-06 16:17:04",1890,1365,82191,0,,3.8,7.2,20.56,52.4,,1.8
"2026-09-06 16:17:05",1892,1367,82174,41.690285,1.203623,1.85,329.3,20.56,52.45,,1.8
"2026-09-06 16:17:06",1894,1369,82154,0,,1.85,329.3,20.54,52.45,,1.9
"2026-09-06 16:17:07",1897,1372,82133,0,,2.2,10.8,20.54,52.5,,1.9
"2026-09-06 16:17:08",1899,1374,82112,41.69037,1.203592,2.45,312.2,20.53,52.5,34.25,1.9
"2026-09-06 16:17:09",1901,1376,82094,0,,2.45,312.2,20.5,52.55,,1.9
"2026-09-06 16:17:10",1903,1378,82077,0,,0.05,11.2,20.48,52.55,,1.9
"2026-09-06 16:17:11",1904,1379,82060,41.69043,1.203578,3.25,338.8,20.49,52.6,,1.9
"2026-09-06 16:17:12",1906,1381,82041,0,,3.25,338.8,20.5,52.6,,1.9
"2026-09-06 16:17:13",1908,1383,82022,0,,2.5,307.7,20.51,52.6,,1.9
"2026-09-06 16:17:14",1910,1385,82004,41.690492,1.20356,3.35,18.6,20.5,52.65,,2
"2026-09-06 16:17:17",1916,1391,81946,41.690558,1.203538,2.3,24,20.42,52.75,,2
"2026-09-06 16:17:18",1918,1393,81929,0,,,,20.39,52.75,,2
"2026-09-06 16:17:19",1920,1395,81913,0,,,,20.35,52.8,,1.9
"2026-09-06 16:17:20",1921,1396,81898,0,,,,20.34,52.85,,1.9
"2026-09-06 16:17:21",1924,1399,81872,0,,4.1,349.2,20.32,52.9,,2
"2026-09-06 16:17:22",1927,1402,81848,0,,4.1,349.2,20.29,52.95,,2
"2026-09-06 16:17:23",1929,1404,81824,41.690708,1.203495,2.4,356.6,20.27,53,,2.1
"2026-09-06 16:17:24",1932,1407,81802,0,,,,20.26,53.05,,2.1
"2026-09-06 16:17:25",1934,1409,81779,0,,,,20.26,53.1,,2.1
"2026-09-06 16:17:26",1937,1412,81756,0,,,,20.24,53.1,,2.2
"2026-09-06 16:17:27",1939,1414,81735,0,,,,20.25,53.15,,2.2
"2026-09-06 16:17:28",1941,1416,81714,0,,,,20.22,53.2,,2.2
"2026-09-06 16:17:29",1943,1418,81694,0,,,,20.21,53.2,,2.2
"2026-09-06 16:17:30",1945,1420,81674,0,,2.4,31.9,20.2,53.2,,2.3
"2026-09-06 16:17:31",1947,1422,81655,0,,3.6,348.4,20.16,53.2,,2.3
"2026-09-06 16:17:32",1949,1424,81636,41.690905,1.203437,1.15,353.8,20.19,53.25,,2.3
"2026-09-06 16:17:33",1952,1427,81610,0,,1.1,353.8,20.17,53.3,,2.3
"2026-09-06 16:17:34",1955,1430,81585,0,,2.05,329.8,20.13,53.25,,2.3
"2026-09-06 16:17:35",1957,1432,81560,41.691012,1.20341,2.95,353,20.17,53.3,34,2.3
"2026-09-06 16:17:36",1960,1435,81539,0,,3,353,20.14,53.35,,2.3
"2026-09-06 16:17:37",1962,1437,81518,0,,1.7,327.1,20.12,53.35,,2.3
"2026-09-06 16:17:38",1964,1439,81498,41.691082,1.203395,3.9,8.9,20.11,53.35,,2.3
"2026-09-06 16:17:39",1967,1442,81472,0,,2.7,321.1,20.06,53.4,,2.3
"2026-09-06 16:17:40",1969,1444,81446,0,,2.7,321.1,20.03,53.4,,2.4
"2026-09-06 16:17:41",1972,1447,81420,41.691153,1.203375,2.55,3.6,20.02,53.45,,2.4
"2026-09-06 16:17:42",1975,1450,81398,0,,2.1,305.4,20.01,53.45,,2.4
"2026-09-06 16:17:43",1977,1452,81376,0,,4.45,3.1,20.03,53.5,,2.5
"2026-09-06 16:17:44",1979,1454,81354,41.69123,1.203352,2.2,331.2,19.96,53.5,,2.5
"2026-09-06 16:17:46",1984,1459,81307,0,,2.25,331.2,19.93,53.6,,2.5
"2026-09-06 16:17:47",1987,1462,81284,41.691283,1.203338,1.1,339.5,19.94,53.6,,2.5
"2026-09-06 16:17:48",1989,1464,81259,0,,,,19.92,53.65,,2.5
"2026-09-06 16:17:49",1992,1467,81234,0,,,,19.92,53.65,,2.5
"2026-09-06 16:17:50",1995,1470,81210,0,,,,19.88,53.7,,2.5
"2026-09-06 16:17:51",1997,1472,81184,0,,,,19.87,53.7,,2.6
"2026-09-06 16:17:52",2000,1475,81159,0,,,,19.86,53.75,,2.6
"2026-09-06 16:17:53",2003,1478,81134,0,,,,19.83,53.8,,2.6
"2026-09-06 16:17:54",2006,1481,81107,0,,1.5,12,19.86,53.85,,2.6
"2026-09-06 16:17:55",2008,1483,81080,0,,2.4,345.7,19.83,53.85,,2.6
"2026-09-06 16:17:56",2011,1486,81054,41.691533,1.203247,4.5,339.5,19.81,53.9,,2.7
"2026-09-06 16:17:57",2014,1489,81028,0,,0.1,339.5,19.79,53.95,,2.7
"2026-09-06 16:17:58",2017,1492,81003,0,,3.8,348.2,19.76,54.05,,2.7
"2026-09-06 16:17:59",2019,1494,80978,41.691603,1.203217,2.85,338.7,19.76,54.15,,2.7
"2026-09-06 16:18:00",2022,1497,80955,0,,1.85,345.4,19.73,54.2,,2.7
"2026-09-06 16:18:01",2024,1499,80931,0,,1.85,345.4,19.7,54.25,,2.7
"2026-09-06 16:18:02",2027,1502,80908,41.69168,1.203187,1.75,298.9,19.68,54.3,33.25,2.7
"2026-09-06 16:18:03",2029,1504,80887,0,,3.6,354.2,19.65,54.4,,2.7
"2026-09-06 16:18:04",2031,1506,80867,0,,3.6,354.2,19.64,54.45,,2.6
"2026-09-06 16:18:05",2033,1508,80848,41.691763,1.20316,3.35,339.9,19.6,54.5,,2.6
"2026-09-06 16:18:06",2036,1511,80819,0,,3.35,339.9,19.55,54.55,,2.6
"2026-09-06 16:18:07",2039,1514,80791,0,,2.25,313.2,19.53,54.6,,2.6
"2026-09-06 16:18:08",2042,1517,80764,41.691843,1.203133,3.15,3,19.51,54.65,,2.6
"2026-09-06 16:18:09",2045,1520,80737,0,,3.6,341.1,19.5,54.7,,2.6
"2026-09-06 16:18:10",2048,1523,80711,0,,2.1,327,19.46,54.7,,2.6
"2026-09-06 16:18:11",2051,1526,80686,41.69192,1.203103,4.55,1.1,19.42,54.75,,2.6
"2026-09-06 16:18:12",2053,1528,80660,0,,4.55,1.1,19.42,54.8,,2.6
"2026-09-06 16:18:13",2056,1531,80633,0,,2.5,353,19.38,54.8,,2.7
"2026-09-06 16:18:14",2059,1534,80606,41.691987,1.203077,3.75,350,19.38,54.8,,2.7
"2026-09-06 16:18:17",2068,1543,80528,41.692058,1.203042,2,327.8,19.32,54.85,,2.9
"2026-09-06 16:18:18",2070,1545,80503,0,,1.95,327.8,19.29,54.9,,2.8
"2026-09-06 16:18:19",2073,1548,80479,0,,4.25,356.7,19.28,54.95,,2.8
"2026-09-06 16:18:20",2075,1550,80456,41.692137,1.20301,1.4,301.6,19.25,55,,2.8
"2026-09-06 16:18:21",2078,1553,80429,0,,4.4,347.9,19.21,55,,2.8
"2026-09-06 16:18:22",2081,1556,80400,0,,1.65,4.3,19.19,55,,2.8
"2026-09-06 16:18:23",2084,1559,80372,41.692213,1.202983,3.1,328.5,19.18,55,,2.8
"2026-09-06 16:18:24",2088,1563,80342,0,,3.8,357.3,19.13,55,,2.8
"2026-09-06 16:18:25",2091,1566,80314,0,,3.8,357.3,19.09,55,,2.9
"2026-09-06 16:18:26",2094,1569,80286,41.692285,1.202955,1,321.7,19.07,55.05,,2.9
"2026-09-06 16:18:27",2097,1572,80252,0,,1.4,2.1,19.01,55.1,,2.9
"2026-09-06 16:18:28",2101,1576,80220,0,,3.15,334.9,18.98,55.2,,3
"2026-09-06 16:18:29",2104,1579,80188,41.692352,1.20293,3.3,359,18.94,55.3,32.5,3
"2026-09-06 16:18:30",2107,1582,80158,0,,,,18.91,55.35,,3.1
"2026-09-06 16:18:31",2111,1586,80126,0,,,,18.91,55.4,,3.1
"2026-09-06 16:18:32",2114,1589,80094,0,,,,18.95,55.45,,3.2
"2026-09-06 16:18:33",2118,1593,80062,0,,0.1,345.3,18.94,55.5,,3.3
"2026-09-06 16:18:34",2121,1596,80032,0,,3.05,358.5,18.94,55.5,,3.3
"2026-09-06 16:18:35",2124,1599,80002,41.692492,1.202857,1.7,297,18.9,55.55,,3.3
"2026-09-06 16:18:36",2128,1603,79968,0,,1.7,297,18.91,55.55,,3.4
"2026-09-06 16:18:37",2131,1606,79936,0,,1.5,36.7,18.87,55.55,,3.4
"2026-09-06 16:18:38",2135,1610,79904,41.692563,1.202835,3.6,317.6,18.79,55.6,,3.4
"2026-09-06 16:18:39",2138,1613,79874,0,,3.6,317.6,18.77,55.6,,3.4
"2026-09-06 16:18:40",2141,1616,79845,0,,3.15,3.6,18.75,55.65,,3.4
"2026-09-06 16:18:41",2144,1619,79816,41.69264,1.202815,5,348.1,18.76,55.7,,3.3
"2026-09-06 16:18:43",2151,1626,79759,0,,3.2,338.2,18.66,55.85,,3.3
"2026-09-06 16:18:44",2154,1629,79730,41.692705,1.202788,3.1,359.1,18.59,55.9,,3.3
"2026-09-06 16:18:47",2165,1640,79624,41.692775,1.20277,1.45,2,18.45,56.2,,3.4
"2026-09-06 16:18:49",2173,1648,79554,0,,3.3,2.9,18.39,56.4,,3.4
"2026-09-06 16:18:50",2176,1651,79520,41.692852,1.202747,1.6,319.8,18.35,56.5,,3.5
"2026-09-06 16:18:52",2183,1658,79455,0,,1.75,355.6,18.29,56.7,,3.5
"2026-09-06 16:18:53",2187,1662,79424,41.692932,1.202727,2.95,339,18.27,56.85,,3.5
"2026-09-06 16:18:55",2195,1670,79348,0,,1.55,304.8,18.17,57.1,,3.6
"2026-09-06 16:18:56",2199,1674,79310,41.693008,1.202707,4.25,359.1,18.11,57.2,32.25,3.7
"2026-09-06 16:18:58",2207,1682,79239,0,,3.1,349,18.01,57.4,,3.8
"2026-09-06 16:18:59",2211,1686,79204,41.693057,1.202697,2.35,331.9,17.97,57.5,,3.8
"2026-09-06 16:19:00",2215,1690,79165,0,,,,17.95,57.65,,3.8
"2026-09-06 16:19:01",2219,1694,79127,0,,,,17.97,57.75,,3.8
"2026-09-06 16:19:02",2223,1698,79090,0,,,,17.92,57.8,,3.9
"2026-09-06 16:19:03",2227,1702,79055,0,,1.9,337.2,17.89,57.9,,3.9
"2026-09-06 16:19:04",2231,1706,79020,0,,1.9,337.2,17.85,58,,3.9
"2026-09-06 16:19:05",2234,1709,78986,41.693225,1.202648,3.55,18.5,17.77,58.05,,3.9
"2026-09-06 16:19:06",2239,1714,78944,0,,2.1,30.2,17.73,58.1,,4
"2026-09-06 16:19:07",2243,1718,78903,0,,2.1,30.2,17.72,58.15,,4
"2026-09-06 16:19:08",2248,1723,78862,41.693298,1.202638,2.65,327.5,17.68,58.25,,4
"2026-09-06 16:19:09",2252,1727,78825,0,,2.65,327.5,17.65,58.35,,4
"2026-09-06 16:19:10",2256,1731,78789,0,,3.5,24.4,17.59,58.4,,4.1
"2026-09-06 16:19:11",2260,1735,78754,41.693363,1.202622,2.15,15.9,17.56,58.5,,4.1
"2026-09-06 16:19:12",2264,1739,78713,0,,2.8,354.6,17.56,58.6,,4.1
"2026-09-06 16:19:13",2269,1744,78669,0,,2.8,354.6,17.5,58.65,,4.2
"2026-09-06 16:19:14",2274,1749,78626,41.693423,1.202605,2.1,323.2,17.44,58.75,,4.2
"2026-09-06 16:19:15",2278,1753,78584,0,,3.75,317.1,17.41,58.85,,4.2
"2026-09-06 16:19:16",2283,1758,78544,0,,3.75,317.1,17.32,58.95,,4.3
"2026-09-06 16:19:17",2287,1762,78504,41.693483,1.202577,1.7,13.9,17.28,59.05,,4.3
"2026-09-06 16:19:18",2292,1767,78462,0,,2.25,324,17.26,59.1,,4.4
"2026-09-06 16:19:19",2296,1771,78421,0,,2.6,29.9,17.28,59.25,,4.4
"2026-09-06 16:19:20",2301,1776,78380,41.693532,1.202565,2.2,300,17.24,59.2,,4.4
"2026-09-06 16:19:21",2306,1781,78333,0,,2.2,15.1,17.21,59.1,,4.5
"2026-09-06 16:19:22",2311,1786,78288,0,,2.2,359.1,17.2,58.95,,4.6
"2026-09-06 16:19:23",2316,1791,78244,41.693582,1.202555,2.2,301.7,17.17,58.95,31.5,4.6
"2026-09-06 16:19:24",2320,1795,78207,0,,3.2,24.1,17.23,59,,4.6
"2026-09-06 16:19:25",2324,1799,78167,0,,3.2,24.1,17.17,59,,4.6
"2026-09-06 16:19:26",2328,1803,78128,41.693628,1.202548,1.45,309.1,17.18,58.95,,4.5
"2026-09-06 16:19:27",2334,1809,78079,0,,2.35,24.9,17.2,58.85,,4.6
"2026-09-06 16:19:28",2339,1814,78031,0,,1.8,270.9,17.14,58.7,,4.7
"2026-09-06 16:19:29",2344,1819,77984,41.693667,1.202542,2.75,17.7,17.11,58.55,,4.7
"2026-09-06 16:19:30",2349,1824,77940,0,,1.4,357.7,17.09,58.35,,4.8
"2026-09-06 16:19:31",2354,1829,77897,0,,1.6,333.2,17,58.2,,4.8
"2026-09-06 16:19:32",2358,1833,77854,41.693707,1.202538,2.55,37.2,16.95,58.05,,4.8
"2026-09-06 16:19:33",2363,1838,77811,0,,1.9,293.5,16.91,57.95,,4.8
"2026-09-06 16:19:34",2368,1843,77769,0,,2.3,22.5,16.95,57.95,,4.8
"2026-09-06 16:19:35",2372,1847,77728,41.69374,1.202532,0.05,22.5,16.91,57.85,,4.8
"2026-09-06 16:19:36",2377,1852,77683,0,,,,16.85,57.85,,4.8
"2026-09-06 16:19:37",2382,1857,77638,0,,,,16.8,57.8,,4.8
"2026-09-06 16:19:38",2387,1862,77594,0,,,,16.78,57.8,,4.9
"2026-09-06 16:19:39",2392,1867,77552,0,,1.45,27.8,16.69,57.8,,4.8
"2026-09-06 16:19:40",2396,1871,77509,0,,0.1,27.8,16.66,57.85,,4.8
"2026-09-06 16:19:41",2401,1876,77466,41.693765,1.202528,0.2,27.8,16.65,57.95,,4.8
"2026-09-06 16:19:42",2406,1881,77423,0,,0.2,27.8,16.66,58.1,,4.8
"2026-09-06 16:19:43",2411,1886,77380,0,,0.1,27.8,16.61,58.25,,4.8
"2026-09-06 16:19:44",2415,1890,77338,41.693772,1.202548,2.3,23.1,16.59,58.45,,4.8
"2026-09-06 16:19:47",2429,1904,77212,41.693767,1.202548,1.35,105.7,16.46,59.1,,4.8
"2026-09-06 16:19:48",2434,1909,77167,0,,1.3,219.2,16.38,59.4,,4.8
"2026-09-06 16:19:49",2439,1914,77124,0,,1.85,53.3,16.32,59.65,,4.8
"2026-09-06 16:19:50",2444,1919,77082,41.693768,1.202553,1.1,228.7,16.26,59.9,31,4.7
"2026-09-06 16:19:51",2448,1923,77041,0,,0.9,228.7,16.15,60,,4.7
"2026-09-06 16:19:52",2453,1928,77000,0,,1.5,100,16.07,60.3,,4.7
"2026-09-06 16:19:53",2457,1932,76960,41.693765,1.202568,1.7,248.9,16,60.6,,4.7
"2026-09-06 16:19:54",2462,1937,76919,0,,2.1,77.2,15.96,60.95,,4.6
"2026-09-06 16:19:55",2466,1941,76880,0,,0.05,77.2,15.88,61.25,,4.6
"2026-09-06 16:19:56",2470,1945,76842,41.693763,1.202588,0,77.2,15.83,61.55,,4.6
"2026-09-06 16:19:57",2475,1950,76804,0,,0.15,77.2,15.77,61.85,,4.5
"2026-09-06 16:19:58",2479,1954,76766,0,,0.1,77.2,15.73,62.1,,4.5
"2026-09-06 16:19:59",2483,1958,76728,41.693758,1.202602,1.95,134.4,15.64,62.35,,4.5
"2026-09-06 16:20:00",2487,1962,76692,0,,2,134.4,15.6,62.55,,4.4
"2026-09-06 16:20:01",2491,1966,76654,0,,0.05,134.4,15.57,62.85,,4.4
"2026-09-06 16:20:02",2496,1971,76616,41.69375,1.202605,0.15,134.4,15.57,63.05,,4.4
"2026-09-06 16:20:03",2500,1975,76580,0,,0.15,134.4,15.52,63.15,,4.3
"2026-09-06 16:20:04",2504,1979,76545,0,,2,141.5,15.43,63.3,,4.2
"2026-09-06 16:20:05",2507,1982,76510,41.693748,1.202612,0.05,141.5,15.38,63.45,,4.2
"2026-09-06 16:20:06",2512,1987,76472,0,,0.05,141.5,15.31,63.65,,4.2
"2026-09-06 16:20:07",2516,1991,76435,0,,2.4,133.2,15.24,63.85,,4.2
"2026-09-06 16:20:08",2520,1995,76398,41.693733,1.202623,1.5,324.7,15.2,64.05,,4.1
"2026-09-06 16:20:09",2524,1999,76361,0,,,,15.17,64.2,,4.1
"2026-09-06 16:20:10",2528,2003,76325,0,,,,15.17,64.35,,4.1
"2026-09-06 16:20:11",2532,2007,76290,0,,,,15.11,64.5,,4.1
"2026-09-06 16:20:12",2536,2011,76252,0,,0.15,163.7,15.06,64.65,,4.1
"2026-09-06 16:20:13",2541,2016,76213,0,,1.15,348,15.02,64.8,,4.1
"2026-09-06 16:20:14",2545,2020,76174,41.693722,1.202633,1,348,15,64.95,,4.1
"2026-09-06 16:20:16",2554,2029,76096,0,,1.3,301.7,14.9,65.15,,4.2
"2026-09-06 16:20:17",2558,2033,76058,41.69371,1.202643,2.45,131.9,14.85,65.25,30.25,4.2
"2026-09-06 16:20:18",2562,2037,76020,0,,2.45,131.9,14.83,65.3,,4.2
"2026-09-06 16:20:19",2566,2041,75983,0,,0.05,131.9,14.85,65.35,,4.2
"2026-09-06 16:20:20",2570,2045,75946,41.693698,1.202648,0.15,131.9,14.84,65.35,,4.2
"2026-09-06 16:20:21",2575,2050,75908,0,,0.1,131.9,14.77,65.35,,4.2
"2026-09-06 16:20:22",2579,2054,75872,0,,0.15,131.9,14.7,65.35,,4.2
"2026-09-06 16:20:23",2583,2058,75836,41.69369,1.202655,1.95,206.2,14.67,65.4,,4.2
"2026-09-06 16:20:24",2587,2062,75798,0,,,,14.67,65.4,,4.3
"2026-09-06 16:20:25",2592,2067,75758,0,,,,14.6,65.4,,4.3
"2026-09-06 16:20:26",2596,2071,75718,0,,,,14.52,65.45,,4.3
"2026-09-06 16:20:27",2600,2075,75681,0,,2.35,59,14.51,65.5,,4.2
"2026-09-06 16:20:28",2604,2079,75645,0,,2.35,59,14.47,65.6,,4.2
"2026-09-06 16:20:29",2608,2083,75610,41.69367,1.20266,2.35,204,14.37,65.65,,4.2
"2026-09-06 16:20:30",2612,2087,75574,0,,1.6,123.3,14.33,65.75,,4.2
"2026-09-06 16:20:31",2616,2091,75539,0,,2.3,271.1,14.32,65.75,,4.2
"2026-09-06 16:20:32",2620,2095,75504,41.693668,1.202653,2,68.2,14.26,65.85,,4.1
"2026-09-06 16:20:33",2624,2099,75468,0,,2.45,224.9,14.21,65.95,,4.1
"2026-09-06 16:20:34",2628,2103,75434,0,,0.05,224.9,14.14,66.1,,4.1
"2026-09-06 16:20:35",2632,2107,75400,41.693657,1.202642,2.1,143.8,14.13,66.3,,4.1
"2026-09-06 16:20:36",2636,2111,75362,0,,2.15,299.1,14.06,66.55,,4.1
"2026-09-06 16:20:37",2640,2115,75325,0,,2.15,299.1,14.05,66.75,,4
"2026-09-06 16:20:38",2644,2119,75288,41.693647,1.202645,1.8,121.8,13.99,67,,4
"2026-09-06 16:20:39",2648,2123,75257,0,,1.5,37,13.9,67.2,,4
"2026-09-06 16:20:40",2652,2127,75224,0,,2.3,144.1,13.89,67.4,,4
"2026-09-06 16:20:41",2655,2130,75192,41.693648,1.20267,1.5,338.6,13.82,67.65,,3.9
"2026-09-06 16:20:42",2659,2134,75159,0,,1.5,338.6,13.76,67.9,,3.9
"2026-09-06 16:20:43",2662,2137,75127,0,,0.9,95,13.72,68.25,,3.9
"2026-09-06 16:20:44",2666,2141,75096,41.693645,1.202688,1.55,50.3,13.69,68.55,29.5,3.8
"2026-09-06 16:20:47",2676,2151,75006,41.693628,1.202707,1.3,145.6,13.54,69.15,,3.7
"2026-09-06 16:20:48",2680,2155,74971,0,,0.75,145.6,13.48,69.3,,3.7
"2026-09-06 16:20:49",2684,2159,74937,0,,2,87.5,13.43,69.4,,3.7
"2026-09-06 16:20:50",2688,2163,74904,41.69361,1.202725,2.65,196.2,13.4,69.5,,3.7
"2026-09-06 16:20:51",2692,2167,74867,0,,,,13.36,69.65,,3.6
"2026-09-06 16:20:52",2696,2171,74831,0,,,,13.34,69.8,,3.7
"2026-09-06 16:20:53",2700,2175,74796,0,,,,13.3,69.9,,3.7
"2026-09-06 16:20:54",2704,2179,74760,0,,0.1,135.9,13.31,70,,3.8
"2026-09-06 16:20:55",2708,2183,74722,0,,2.15,223.9,13.3,70.05,,3.8
"2026-09-06 16:20:56",2713,2188,74684,41.693578,1.202753,0.1,223.9,13.27,70.05,,3.9
"2026-09-06 16:20:57",2717,2192,74650,0,,0.1,223.9,13.3,70,,3.9
"2026-09-06 16:20:58",2720,2195,74617,0,,0.1,223.9,13.27,69.85,,3.9
"2026-09-06 16:20:59",2724,2199,74584,41.69356,1.202772,0.05,223.9,13.29,69.8,,3.9
"2026-09-06 16:21:00",2728,2203,74547,0,,0.05,223.9,13.26,69.75,,4
"2026-09-06 16:21:01",2732,2207,74511,0,,0.05,117.3,13.22,69.65,,4
"2026-09-06 16:21:02",2736,2211,74476,41.693552,1.20276,0.15,117.3,13.22,69.6,,4
"2026-09-06 16:21:03",2740,2215,74441,0,,0.15,117.3,13.19,69.55,,4
"2026-09-06 16:21:04",2744,2219,74407,0,,0.15,117.3,13.22,69.45,,4
"2026-09-06 16:21:05",2748,2223,74374,41.693547,1.202753,0.1,117.3,13.16,69.35,,4
"2026-09-06 16:21:06",2752,2227,74342,0,,0.1,117.3,13.1,69.2,,4
"2026-09-06 16:21:07",2755,2230,74308,0,,2.2,154.4,13.1,69.2,,3.9
"2026-09-06 16:21:08",2759,2234,74274,41.693538,1.202757,1.3,337,13.08,69.2,,3.9
"2026-09-06 16:21:09",2762,2237,74246,0,,1.05,177.1,13.04,69.2,,3.8
"2026-09-06 16:21:10",2765,2240,74220,0,,1.05,177.1,13.04,69.2,,3.8
"2026-09-06 16:21:11",2768,2243,74194,41.693528,1.202768,2.05,341.2,13.01,69.3,28.5,3.7
"2026-09-06 16:21:17",2789,2264,74014,41.693522,1.202783,0.05,287.3,12.87,69.45,,3.5
"2026-09-06 16:21:19",2795,2270,73960,0,,0.2,287.3,12.82,69.55,,3.3
"2026-09-06 16:21:20",2798,2273,73934,41.693495,1.202783,2.25,120.2,12.82,69.65,,3.2
"2026-09-06 16:21:22",2805,2280,73877,0,,0,212,12.68,69.8,,3.2
"2026-09-06 16:21:23",2808,2283,73850,41.693468,1.202785,0.15,212,12.6,69.95,,3.3
"2026-09-06 16:21:25",2813,2288,73804,0,,1.15,59.7,12.49,70.25,,3.2
"2026-09-06 16:21:26",2815,2290,73782,41.69345,1.202772,2.65,203,12.42,70.4,,3.1
"2026-09-06 16:21:28",2822,2297,73725,0,,2.25,142.7,12.33,70.85,,3.1
"2026-09-06 16:21:29",2825,2300,73698,41.693417,1.202782,1.8,229.4,12.29,71.05,,3
"2026-09-06 16:21:31",2831,2306,73645,0,,1.45,205.4,12.22,71.35,,3
"2026-09-06 16:21:32",2834,2309,73620,41.69339,1.20279,0.05,205.4,12.15,71.55,,3
"2026-09-06 16:21:33",2837,2312,73595,0,,,,12.12,71.75,,3
"2026-09-06 16:21:34",2840,2315,73569,0,,,,12.07,71.9,,3
"2026-09-06 16:21:35",2843,2318,73544,0,,,,12.02,72.1,,2.9
"2026-09-06 16:21:36",2846,2321,73516,0,,,,11.99,72.25,,2.9
"2026-09-06 16:21:37",2849,2324,73489,0,,,,11.96,72.45,,3
"2026-09-06 16:21:38",2852,2327,73462,0,,,,11.95,72.6,27.5,3
"2026-09-06 16:21:39",2856,2331,73429,0,,3,178.1,11.91,72.75,,3.1
"2026-09-06 16:21:40",2859,2334,73397,0,,3,178.1,11.86,72.9,,3.1
"2026-09-06 16:21:41",2863,2338,73366,41.69328,1.202855,1.6,149.2,11.84,73.05,,3.2
"2026-09-06 16:21:42",2867,2342,73335,0,,2.05,118.6,11.83,73.15,,3.2
"2026-09-06 16:21:43",2870,2345,73305,0,,2.8,217.2,11.81,73.25,,3.2
"2026-09-06 16:21:44",2874,2349,73276,41.693228,1.202862,3.4,147.5,11.82,73.35,,3.3
"2026-09-06 16:21:46",2881,2356,73211,0,,0,147.5,11.78,73.55,,3.4
"2026-09-06 16:21:47",2885,2360,73180,41.69319,1.202868,2.25,129.5,11.77,73.65,,3.5
"2026-09-06 16:21:48",2888,2363,73151,0,,2.25,129.5,11.74,73.7,,3.5
"2026-09-06 16:21:49",2891,2366,73122,0,,3.9,142,11.69,73.7,,3.5
"2026-09-06 16:21:50",2894,2369,73094,41.693107,1.20288,1.35,189.8,11.66,73.8,,3.5
"2026-09-06 16:21:51",2898,2373,73063,0,,1.35,189.8,11.64,73.9,,3.5
"2026-09-06 16:21:52",2902,2377,73030,0,,3.15,184.9,11.6,74,,3.5
"2026-09-06 16:21:53",2906,2381,72998,41.69304,1.202892,2.8,214.3,11.59,74.1,,3.5
"2026-09-06 16:21:54",2909,2384,72965,0,,3.95,160.9,11.56,74.2,,3.5
"2026-09-06 16:21:55",2913,2388,72933,0,,2.6,198,11.55,74.3,,3.6
"2026-09-06 16:21:56",2917,2392,72902,41.692965,1.202885,3.2,195.2,11.53,74.35,,3.6
"2026-09-06 16:21:57",2920,2395,72871,0,,1.95,139.3,11.47,74.5,,3.6
"2026-09-06 16:21:58",2924,2399,72841,0,,3.6,226,11.41,74.6,,3.6
"2026-09-06 16:21:59",2927,2402,72812,41.692907,1.202878,3.15,158,11.39,74.65,,3.5
"2026-09-06 16:22:00",2931,2406,72777,0,,3.15,158,11.36,74.8,,3.6
"2026-09-06 16:22:01",2935,2410,72743,0,,3,191.3,11.34,74.95,,3.6
"2026-09-06 16:22:02",2939,2414,72710,41.69284,1.202893,3.45,141.4,11.31,75.05,,3.7
"2026-09-06 16:22:03",2942,2417,72679,0,,2.8,205.2,11.29,75.15,,3.7
"2026-09-06 16:22:04",2946,2421,72649,0,,3.6,146.3,11.24,75.25,,3.6
"2026-09-06 16:22:05",2949,2424,72620,41.69277,1.202913,2,172,11.21,75.35,26,3.6
"2026-09-06 16:22:06",2952,2427,72594,0,,,,11.18,75.4,,3.6
"2026-09-06 16:22:07",2955,2430,72566,0,,,,11.17,75.5,,3.6
"2026-09-06 16:22:08",2959,2434,72538,0,,,,11.12,75.6,,3.5
"2026-09-06 16:22:09",2962,2437,72510,0,,3.1,146.2,11.08,75.75,,3.5
"2026-09-06 16:22:10",2965,2440,72483,0,,2.25,173.8,11.04,75.8,,3.5
"2026-09-06 16:22:11",2968,2443,72456,41.69263,1.20295,4,186.3,11.03,75.95,,3.4
"2026-09-06 16:22:12",2971,2446,72427,0,,4,186.3,11.01,76.1,,3.4
"2026-09-06 16:22:13",2975,2450,72399,0,,4.3,176.3,11,76.2,,3.3
"2026-09-06 16:22:14",2978,2453,72372,41.692557,1.20295,2.5,193.4,10.94,76.3,,3.3
"2026-09-06 16:22:17",2988,2463,72282,41.692485,1.202928,1.95,234.7,10.88,76.65,,3.3
"2026-09-06 16:22:18",2992,2467,72254,0,,4.4,166.1,10.87,76.8,,3.3
"2026-09-06 16:22:19",2995,2470,72227,0,,2.5,204.5,10.84,76.85,,3.3
"2026-09-06 16:22:20",2998,2473,72200,41.692403,1.20291,2.25,189.9,10.79,76.95,,3.3
"2026-09-06 16:22:21",3001,2476,72171,0,,4.55,188.7,10.76,77.05,,3.3
"2026-09-06 16:22:22",3005,2480,72142,0,,4.25,239.6,10.73,77.2,,3.3
"2026-09-06 16:22:23",3008,2483,72114,41.692325,1.202838,3,177,10.66,77.3,,3.3
"2026-09-06 16:22:24",3011,2486,72083,0,,3,177,10.63,77.5,,3.3
"2026-09-06 16:22:25",3015,2490,72053,0,,2.45,218.8,10.62,77.65,,3.3
"2026-09-06 16:22:26",3018,2493,72024,41.692253,1.202763,3.3,194.6,10.6,77.8,,3.4
"2026-09-06 16:22:27",3022,2497,71994,0,,3.75,245.7,10.58,77.95,,3.4
"2026-09-06 16:22:28",3025,2500,71963,0,,3.25,188.9,10.51,78.05,,3.4
"2026-09-06 16:22:29",3029,2504,71932,41.69219,1.202705,2.9,209,10.48,78.15,,3.4
"2026-09-06 16:22:30",3032,2507,71906,0,,2.5,239.7,10.44,78.3,,3.4
"2026-09-06 16:22:31",3035,2510,71881,0,,3.05,181.5,10.41,78.4,,3.3
"2026-09-06 16:22:32",3038,2513,71856,41.692123,1.202667,3,217.6,10.38,78.6,24.75,3.3
"2026-09-06 16:22:33",3041,2516,71832,0,,3.05,185.1,10.32,78.7,,3.3
"2026-09-06 16:22:34",3043,2518,71810,0,,1.2,193.5,10.3,78.85,,3.2
"2026-09-06 16:22:35",3046,2521,71788,41.692057,1.20264,3.55,209.6,10.22,79,,3.2
"2026-09-06 16:22:36",3049,2524,71760,0,,,,10.25,79.1,,3.1
"2026-09-06 16:22:37",3052,2527,71733,0,,,,10.22,79.25,,3.1
"2026-09-06 16:22:38",3055,2530,71706,0,,,,10.2,79.4,,3.1
"2026-09-06 16:22:39",3058,2533,71685,0,,3,183.8,10.17,79.45,,3
"2026-09-06 16:22:40",3060,2535,71663,0,,2.7,226,10.17,79.6,,2.9
"2026-09-06 16:22:41",3063,2538,71642,41.691958,1.202598,2.7,152.8,10.21,79.7,,2.8
"2026-09-06 16:22:42",3065,2540,71624,0,,0.1,152.8,10.17,79.8,,2.7
"2026-09-06 16:22:43",3067,2542,71607,0,,4.15,198.5,10.15,79.8,,2.7
"2026-09-06 16:22:44",3069,2544,71590,41.691905,1.202573,0.05,198.5,10.16,79.9,,2.6
"2026-09-06 16:22:46",3074,2549,71547,0,,2.9,174,10.07,79.95,,2.6
"2026-09-06 16:22:47",3077,2552,71526,41.691843,1.202545,2.1,256.1,10.07,80,,2.5
"2026-09-06 16:22:48",3078,2553,71512,0,,4.3,175.2,10.08,80.1,,2.4
"2026-09-06 16:22:49",3080,2555,71499,0,,4.3,175.2,10.07,80.2,,2.3
"2026-09-06 16:22:50",3081,2556,71486,41.691762,1.202517,2.7,234.7,10.04,80.3,,2.1
"2026-09-06 16:22:51",3084,2559,71461,0,,4.15,172.2,10.02,80.35,,2.2
"2026-09-06 16:22:52",3087,2562,71435,0,,4.15,172.2,9.98,80.4,,2.2
"2026-09-06 16:22:53",3090,2565,71410,41.691705,1.202493,3.6,187.7,10.02,80.5,,2.3
"2026-09-06 16:22:54",3092,2567,71390,0,,3.6,187.7,10.02,80.55,,2.3
"2026-09-06 16:22:55",3095,2570,71371,0,,2.05,202.9,9.99,80.55,,2.3
"2026-09-06 16:22:56",3097,2572,71352,41.691622,1.202517,4.95,155.4,10.01,80.65,,2.3
"2026-09-06 16:22:57",3098,2573,71339,0,,,,10.02,80.65,,2.3
"2026-09-06 16:22:58",3100,2575,71326,0,,,,10.01,80.7,,2.2
"2026-09-06 16:22:59",3101,2576,71314,0,,,,10.01,80.7,24.75,2.1
"2026-09-06 16:23:00",3103,2578,71297,0,,3.3,156.1,9.98,80.7,,2.1
"2026-09-06 16:23:01",3105,2580,71280,0,,3.1,164.7,10.03,80.75,,2.1
"2026-09-06 16:23:02",3107,2582,71264,41.691397,1.2025,2.65,204.7,10.06,80.7,,2.1
"2026-09-06 16:23:03",3108,2583,71253,0,,2.65,204.7,10.08,80.6,,2
"2026-09-06 16:23:04",3110,2585,71242,0,,2.8,167.5,10.16,80.6,,1.9
"2026-09-06 16:23:05",3111,2586,71232,41.691298,1.20247,4.05,213.5,10.08,80.5,,1.7
"2026-09-06 16:23:06",3113,2588,71211,0,,,,10.04,80.4,,1.7
"2026-09-06 16:23:07",3116,2591,71191,0,,,,10.02,80.3,,1.7
"2026-09-06 16:23:08",3118,2593,71172,0,,,,10.03,80.1,,1.8
"2026-09-06 16:23:09",3119,2594,71166,0,,5,214,10,79.95,,1.7
"2026-09-06 16:23:10",3119,2594,71160,0,,3.65,220.8,10.03,79.85,,1.6
"2026-09-06 16:23:11",3120,2595,71154,41.691152,1.202378,3.85,192.6,10.06,79.65,,1.6
"2026-09-06 16:23:12",3122,2597,71140,0,,,,10.07,79.45,,1.6
"2026-09-06 16:23:13",3123,2598,71127,0,,,,10.1,79.35,,1.5
"2026-09-06 16:23:14",3125,2600,71114,0,,,,10.11,79.2,,1.5
"2026-09-06 16:23:17",3130,2605,71068,41.691028,1.202305,3.25,244.3,9.98,78.75,,1.6
"2026-09-06 16:23:18",3131,2606,71059,0,,,,10.03,78.6,,1.6
"2026-09-06 16:23:19",3132,2607,71050,0,,,,10.08,78.55,,1.5
"2026-09-06 16:23:20",3133,2608,71042,0,,,,10.04,78.55,,1.4
"2026-09-06 16:23:21",3135,2610,71027,0,,2.2,176.7,9.95,78.5,,1.4
"2026-09-06 16:23:22",3137,2612,71011,0,,3.65,203.2,9.95,78.5,,1.5
"2026-09-06 16:23:23",3139,2614,70996,41.690845,1.202203,4.35,192.9,9.9,78.5,,1.6
"2026-09-06 16:23:24",3140,2615,70982,0,,4.35,192.9,9.88,78.55,,1.6
"2026-09-06 16:23:25",3142,2617,70969,0,,5.75,210.3,9.9,78.5,,1.6
"2026-09-06 16:23:26",3143,2618,70956,41.690755,1.202158,2.5,180.1,9.89,78.55,25,1.6
"2026-09-06 16:23:27",3145,2620,70941,0,,,,9.89,78.55,,1.6
"2026-09-06 16:23:28",3147,2622,70927,0,,,,9.88,78.55,,1.6
"2026-09-06 16:23:29",3148,2623,70914,0,,,,9.88,78.55,,1.5
"2026-09-06 16:23:33",3155,2630,70855,0,,4.5,185.3,9.86,78.6,,1.7
"2026-09-06 16:23:34",3157,2632,70840,0,,4.5,185.3,9.84,78.55,,1.7
"2026-09-06 16:23:35",3159,2634,70826,41.690537,1.202063,4.65,201.3,9.82,78.6,,1.7
"2026-09-06 16:23:36",3161,2636,70809,0,,4.65,201.3,9.76,78.65,,1.7
"2026-09-06 16:23:37",3163,2638,70793,0,,2.85,223.2,9.74,78.7,,1.7
"2026-09-06 16:23:38",3165,2640,70778,41.690465,1.202027,3.4,185.6,9.76,78.75,,1.8
"2026-09-06 16:23:39",3167,2642,70757,0,,,,9.75,78.8,,1.8
"2026-09-06 16:23:40",3169,2644,70737,0,,,,9.76,78.85,,1.9
"2026-09-06 16:23:41",3172,2647,70718,0,,,,9.74,78.9,,1.9
"2026-09-06 16:23:43",3176,2651,70679,0,,3.95,177.7,9.72,78.95,,2
"2026-09-06 16:23:44",3178,2653,70660,41.690283,1.201988,1.8,211.6,9.69,78.95,,2
"2026-09-06 16:23:47",3183,2658,70622,41.690188,1.201977,4.35,204.1,9.67,79.05,,2
"2026-09-06 16:23:48",3184,2659,70609,0,,,,9.63,79.15,,2
"2026-09-06 16:23:49",3186,2661,70597,0,,,,9.62,79.3,,1.9
"2026-09-06 16:23:50",3187,2662,70586,0,,,,9.56,79.45,,1.9
"2026-09-06 16:23:52",3191,2666,70556,0,,4.75,185.3,9.51,79.75,,1.8
"2026-09-06 16:23:53",3192,2667,70542,41.690012,1.201953,3.85,180.1,9.51,79.9,24.75,1.8
"2026-09-06 16:23:55",3196,2671,70512,0,,5.85,186.4,9.42,80.25,,1.7
"2026-09-06 16:23:56",3198,2673,70498,41.68992,1.20194,2.85,169.9,9.38,80.5,,1.6
"2026-09-06 16:23:58",3199,2674,70481,0,,5.6,189,9.33,80.9,,1.5
"2026-09-06 16:23:59",3200,2675,70474,41.689823,1.201907,1.8,203.9,9.29,81,,1.4
"2026-09-06 16:24:01",3202,2677,70460,0,,3.6,183.2,9.26,81.3,,1.4
"2026-09-06 16:24:02",3203,2678,70454,41.68972,1.20189,2.4,178.2,9.26,81.45,,1.3
"2026-09-06 16:24:04",3205,2680,70435,0,,2.3,176.2,9.16,81.75,,1.2
"2026-09-06 16:24:05",3206,2681,70426,41.689617,1.201863,4.1,190.8,9.13,81.8,,1.1
"2026-09-06 16:24:06",3207,2682,70419,0,,4.1,190.8,9.13,81.85,,1.1
"2026-09-06 16:24:07",3208,2683,70413,0,,1.95,195.9,9.16,81.9,,1
"2026-09-06 16:24:08",3208,2683,70408,41.68952,1.20182,5.25,197.2,9.15,81.9,,0.9
"2026-09-06 16:24:09",3210,2685,70392,0,,,,9.21,81.9,,1
"2026-09-06 16:24:10",3212,2687,70375,0,,,,9.18,81.9,,1
"2026-09-06 16:24:11",3214,2689,70358,0,,,,9.17,81.9,,1.1
"2026-09-06 16:24:12",3216,2691,70345,0,,4.95,198,9.13,81.9,,1.2
"2026-09-06 16:24:13",3217,2692,70333,0,,4.85,191.1,9.07,81.9,,1.3
"2026-09-06 16:24:14",3218,2693,70322,41.689305,1.201677,3.8,192.6,9.11,81.9,,1.3
"2026-09-06 16:24:15",3221,2696,70302,0,,3.8,192.6,9.07,82,,1.4
"2026-09-06 16:24:16",3223,2698,70284,0,,3.85,219.3,9.13,82.05,,1.4
"2026-09-06 16:24:17",3225,2700,70266,41.689185,1.201642,4.95,213.8,9.11,82.05,,1.5
"2026-09-06 16:24:18",3227,2702,70249,0,,,,9.04,82.1,,1.6
"2026-09-06 16:24:19",3229,2704,70232,0,,,,9,82.1,,1.7
"2026-09-06 16:24:20",3231,2706,70216,0,,,,8.94,82.1,24.5,1.8
"2026-09-06 16:24:21",3233,2708,70201,0,,4.1,173.3,8.93,82.1,,1.9
"2026-09-06 16:24:22",3234,2709,70186,0,,5.6,211.8,8.96,82.2,,1.9
"2026-09-06 16:24:23",3236,2711,70172,41.68895,1.201543,4.95,204,8.97,82.3,,1.9
"2026-09-06 16:24:27",3243,2718,70117,0,,2.8,181.1,9.08,82.55,,1.9
"2026-09-06 16:24:28",3244,2719,70103,0,,2.15,167.2,9.02,82.6,,1.8
"2026-09-06 16:24:29",3246,2721,70090,41.688758,1.201512,4.1,182.5,9.1,82.65,,1.8
"2026-09-06 16:24:30",3248,2723,70076,0,,2.85,198.8,9.09,82.7,,1.7
"2026-09-06 16:24:31",3249,2724,70063,0,,2.85,198.8,9.12,82.7,,1.7
"2026-09-06 16:24:32",3251,2726,70050,41.688658,1.201505,3.5,191.2,9.15,82.7,,1.6
"2026-09-06 16:24:33",3253,2728,70033,0,,3.5,191.2,9.09,82.6,,1.7
"2026-09-06 16:24:34",3255,2730,70016,0,,5.15,174.5,9.05,82.6,,1.7
"2026-09-06 16:24:35",3257,2732,70000,41.688543,1.201507,2.75,171.6,9.02,82.6,,1.7
"2026-09-06 16:24:36",3257,2732,69999,0,,,,9.04,82.6,,1.6
"2026-09-06 16:24:37",3257,2732,69998,0,,,,9,82.65,,1.5
"2026-09-06 16:24:38",3257,2732,69998,0,,,,8.9,82.6,,1.4
"2026-09-06 16:24:39",3259,2734,69977,0,,4.35,210.8,8.81,82.65,,1.4
"2026-09-06 16:24:40",3262,2737,69957,0,,1.85,219.9,8.81,82.7,,1.5
"2026-09-06 16:24:41",3264,2739,69938,41.688352,1.201502,5.15,185.2,8.88,82.8,,1.5
"2026-09-06 16:24:42",3265,2740,69928,0,,5.15,185.2,8.87,82.9,,1.5
"2026-09-06 16:24:43",3266,2741,69919,0,,4.85,193.3,8.84,82.95,,1.4
"2026-09-06 16:24:44",3267,2742,69910,41.688257,1.201492,3.25,152.7,8.81,82.95,,1.4
"2026-09-06 16:24:47",3271,2746,69880,41.688148,1.201498,4.05,157.3,8.81,82.8,24.5,1.3
"2026-09-06 16:24:48",3272,2747,69871,0,,4.05,157.3,8.81,82.6,,1.2
"2026-09-06 16:24:49",3273,2748,69863,0,,5.2,145.6,8.84,82.45,,1.2
"2026-09-06 16:24:50",3274,2749,69856,41.68804,1.201522,3.25,192.5,8.84,82.35,,1.3
"2026-09-06 16:24:51",3276,2751,69841,0,,4.3,180.3,8.85,82.25,,1.4
"2026-09-06 16:24:52",3277,2752,69827,0,,2.3,176.6,8.85,82.15,,1.3
"2026-09-06 16:24:53",3279,2754,69814,41.68793,1.201478,6.35,222.8,8.83,82.15,,1.2
"2026-09-06 16:24:54",3280,2755,69803,0,,5.95,178.4,8.81,82.15,,1.2
"2026-09-06 16:24:55",3281,2756,69792,0,,5.95,178.4,8.81,82.2,,1.3
"2026-09-06 16:24:56",3283,2758,69782,41.687778,1.201437,4.25,211.4,8.81,82.25,,1.3
"2026-09-06 16:24:57",3284,2759,69770,0,,,,8.81,82.15,,1.3
"2026-09-06 16:24:58",3286,2761,69758,0,,,,8.81,81.85,,1.3
"2026-09-06 16:24:59",3287,2762,69746,0,,,,8.81,81.6,,1.3
"2026-09-06 16:25:00",3289,2764,69731,0,,6.8,170.9,8.81,81.2,,1.4
"2026-09-06 16:25:01",3290,2765,69717,0,,6.75,189.1,8.87,80.45,,1.5
"2026-09-06 16:25:02",3292,2767,69704,41.687437,1.20139,6.75,176.1,8.88,79.35,,1.5
"2026-09-06 16:25:03",3293,2768,69692,0,,6.7,176.1,8.95,78.25,,1.5
"2026-09-06 16:25:04",3295,2770,69682,0,,6.55,188.2,9.11,77.15,,1.4
"2026-09-06 16:25:05",3296,2771,69672,41.687327,1.201368,6.25,178.5,9.14,76.1,,1.4
"2026-09-06 16:25:06",3297,2772,69661,0,,6.3,178.5,9.18,75.1,,1.4
"2026-09-06 16:25:07",3299,2774,69649,0,,7.25,176.1,9.17,74.15,,1.4
"2026-09-06 16:25:08",3300,2775,69638,41.687082,1.20132,6.65,202.6,9.16,73.25,,1.4
"2026-09-06 16:25:09",3301,2776,69630,0,,6.6,202.6,9.28,72.35,,1.4
"2026-09-06 16:25:10",3302,2777,69622,0,,6.6,185.9,9.3,71.5,,1.4
"2026-09-06 16:25:11",3303,2778,69614,41.686898,1.201277,6.8,203.4,9.33,70.7,,1.3
"2026-09-06 16:25:12",3303,2778,69613,0,,7.2,177.8,9.33,69.85,,1.2
"2026-09-06 16:25:13",3303,2778,69612,0,,7.2,177.8,9.34,69.1,,1.1
"2026-09-06 16:25:14",3303,2778,69612,41.68671,1.201245,8.05,197.9,9.38,68.45,24.75,1
"2026-09-06 16:25:16",3306,2781,69587,0,,8.65,197.2,9.42,67.2,,1
"2026-09-06 16:25:17",3307,2782,69576,41.686522,1.2012,6.25,183.3,9.46,66.7,,1
"2026-09-06 16:25:21",3314,2789,69524,0,,8.35,196.9,9.7,64.85,,1.1
"2026-09-06 16:25:22",3315,2790,69511,0,,6.7,185.1,9.83,64.4,,1.1
"2026-09-06 16:25:23",3317,2792,69498,41.686148,1.20111,6.2,183.9,9.79,63.9,,1.2
"2026-09-06 16:25:24",3318,2793,69487,0,,,,9.74,63.5,,1.3
"2026-09-06 16:25:25",3319,2794,69477,0,,,,9.77,63.1,,1.4
"2026-09-06 16:25:26",3320,2795,69468,0,,,,9.73,62.65,,1.4
"2026-09-06 16:25:30",3324,2799,69435,0,,8.4,200.1,9.72,61,,1.3
"2026-09-06 16:25:31",3325,2800,69427,0,,6.9,196.2,9.66,60.6,,1.3
"2026-09-06 16:25:32",3326,2801,69420,41.685572,1.200947,8.55,194.6,9.61,60.25,,1.3
"2026-09-06 16:25:33",3328,2803,69408,0,,5.55,191.3,9.59,59.95,,1.1
"2026-09-06 16:25:34",3329,2804,69398,0,,8.8,193.6,9.57,59.65,,1.1
"2026-09-06 16:25:35",3330,2805,69388,41.685368,1.200893,8.1,188.4,9.54,59.35,,1.1
"2026-09-06 16:25:36",3331,2806,69378,0,,6,194.9,9.52,59.15,,1.1
"2026-09-06 16:25:37",3333,2808,69367,0,,8.55,190.7,9.49,58.9,,1.1
"2026-09-06 16:25:38",3334,2809,69356,41.685175,1.200832,7.05,194.7,9.49,58.7,,1.1
"2026-09-06 16:25:39",3335,2810,69344,0,,6.8,195.6,9.52,58.5,,1.1
"2026-09-06 16:25:40",3337,2812,69333,0,,8.5,189.8,9.51,58.35,,1.2
"2026-09-06 16:25:41",3338,2813,69322,41.684983,1.200772,5.75,197.6,9.49,58.2,25,1.2
"2026-09-06 16:25:42",3339,2814,69313,0,,8.1,192.2,9.45,58.05,,1.2
"2026-09-06 16:25:43",3340,2815,69304,0,,7,193.2,9.44,57.9,,1.2
"2026-09-06 16:25:44",3341,2816,69296,41.684795,1.200708,6.35,196.4,9.46,57.75,,1.2
"2026-09-06 16:25:48",3343,2818,69277,0,,8.25,193,9.46,57.25,,1
"2026-09-06 16:25:49",3344,2819,69272,0,,6.4,187,9.46,57.15,,0.9
"2026-09-06 16:25:50",3344,2819,69268,41.684405,1.200598,8.85,193.8,9.48,57.1,,0.9
"2026-09-06 16:25:51",3346,2821,69253,0,,6,189.5,9.47,57,,0.9
"2026-09-06 16:25:52",3348,2823,69237,0,,9.15,198.7,9.53,56.95,,1
"2026-09-06 16:25:53",3350,2825,69222,41.684207,1.200528,7.2,186.4,9.53,56.85,,1
"2026-09-06 16:25:54",3352,2827,69207,0,,7.65,202.1,9.54,56.75,,1.1
"2026-09-06 16:25:55",3354,2829,69192,0,,9.4,194.8,9.49,56.6,,1.1
"2026-09-06 16:25:56",3355,2830,69178,41.684008,1.200443,6.35,200.1,9.47,56.5,,1.2
"2026-09-06 16:25:57",3356,2831,69169,0,,7.45,198.5,9.48,56.45,,1.2
"2026-09-06 16:25:58",3357,2832,69160,0,,9.05,194.7,9.46,56.35,,1.2
"2026-09-06 16:25:59",3358,2833,69152,41.683805,1.20037,6.05,194.8,9.46,56.25,,1.2
"2026-09-06 16:26:00",3360,2835,69143,0,,6.05,194.8,9.46,56.15,,1.2
"2026-09-06 16:26:01",3361,2836,69134,0,,8.45,194.4,9.46,56.05,,1.3
"2026-09-06 16:26:02",3362,2837,69126,41.683583,1.200303,7.45,192.1,9.62,55.9,,1.4
"2026-09-06 16:26:03",3363,2838,69117,0,,9.75,188.5,9.68,55.75,,1.4
"2026-09-06 16:26:04",3364,2839,69108,0,,7.6,200.7,9.63,55.55,,1.3
"2026-09-06 16:26:05",3365,2840,69100,41.683363,1.200228,8.7,188.5,9.62,55.35,,1.2
"2026-09-06 16:26:06",3366,2841,69089,0,,8.4,199.3,9.52,55.2,,1.2
"2026-09-06 16:26:07",3367,2842,69077,0,,7.7,201.3,9.51,55,,1.2
"2026-09-06 16:26:08",3369,2844,69066,41.683145,1.200142,9.8,187.2,9.51,54.9,24.75,1.2
"2026-09-06 16:26:09",3370,2845,69057,0,,7.8,206.6,9.49,54.8,,1.1
"2026-09-06 16:26:10",3371,2846,69048,0,,8.95,190.9,9.42,54.7,,1.1
"2026-09-06 16:26:11",3372,2847,69040,41.682923,1.200052,8.95,196.1,9.42,54.6,,1.1
"2026-09-06 16:26:13",3374,2849,69019,0,,9.1,190.7,9.45,54.45,,1.2
"2026-09-06 16:26:14",3376,2851,69010,41.682697,1.199973,8.65,198.4,9.42,54.35,,1.2
"2026-09-06 16:26:17",3379,2854,68986,41.682472,1.199895,7.3,202.6,9.42,54.2,,1.1
"2026-09-06 16:26:22",3384,2859,68944,0,,8.8,198.1,9.52,53.4,,1.1
"2026-09-06 16:26:23",3385,2860,68936,41.682037,1.199683,8.15,195.1,9.51,53.15,,1
"2026-09-06 16:26:24",3386,2861,68925,0,,,,9.48,52.95,,1.1
"2026-09-06 16:26:25",3387,2862,68914,0,,,,9.42,52.7,,1.1
"2026-09-06 16:26:26",3388,2863,68904,0,,,,9.48,52.5,,1.1
"2026-09-06 16:26:28",3388,2863,68904,0,,7.95,189.6,9.41,51.95,,0.9
"2026-09-06 16:26:29",3388,2863,68904,41.68162,1.199458,8.75,208,9.4,51.75,,0.9
"2026-09-06 16:26:30",3391,2866,68886,0,,6.95,199.3,9.42,51.55,,0.9
"2026-09-06 16:26:31",3393,2868,68870,0,,6.95,199.3,9.44,51.25,,1
"2026-09-06 16:26:32",3394,2869,68854,41.681483,1.199385,7.1,217.3,9.46,51,,1.1
"2026-09-06 16:26:33",3396,2871,68844,0,,,,9.59,50.75,,1.1
"2026-09-06 16:26:34",3397,2872,68834,0,,,,9.53,50.5,,1.1
"2026-09-06 16:26:35",3398,2873,68824,0,,,,9.51,50.2,25,1.1
"2026-09-06 16:26:36",3398,2873,68821,0,,7.2,204.3,9.49,49.9,,1
"2026-09-06 16:26:37",3399,2874,68819,0,,7.75,212.2,9.47,49.5,,1
"2026-09-06 16:26:38",3399,2874,68818,41.681005,1.1991,8.6,197.4,9.46,49.15,,0.9
"2026-09-06 16:26:39",3401,2876,68801,0,,8.75,215.6,9.46,48.85,,1
"2026-09-06 16:26:40",3403,2878,68784,0,,8.75,215.6,9.59,48.6,,1.2
"2026-09-06 16:26:41",3405,2880,68768,41.680812,1.198978,9.7,209.8,9.58,48.35,,1.4
"2026-09-06 16:26:42",3406,2881,68757,0,,9.7,209.8,9.51,48.1,,1.4
"2026-09-06 16:26:43",3408,2883,68746,0,,9.95,203.3,9.46,47.85,,1.3
"2026-09-06 16:26:44",3409,2884,68736,41.680612,1.198853,8.1,211.8,9.41,47.7,,1.3
"2026-09-06 16:26:45",3410,2885,68729,0,,,,9.44,47.55,,1.2
"2026-09-06 16:26:46",3410,2885,68722,0,,,,9.46,47.45,,1.1
"2026-09-06 16:26:47",3411,2886,68716,0,,,,9.51,47.4,,1.1
"2026-09-06 16:26:48",3413,2888,68705,0,,7.1,205.9,9.54,47.25,,1.2
"2026-09-06 16:26:49",3414,2889,68694,0,,8.85,215.7,9.48,47.2,,1.3
"2026-09-06 16:26:50",3415,2890,68684,41.680223,1.198575,8.25,192.9,9.49,47.1,,1.4
"2026-09-06 16:26:51",3416,2891,68675,0,,7.9,214.3,9.48,47,,1.3
"2026-09-06 16:26:52",3417,2892,68667,0,,7.9,214.3,9.46,46.95,,1.2
"2026-09-06 16:26:53",3418,2893,68660,41.680102,1.19849,8.1,202.9,9.49,46.85,,1.1
"2026-09-06 16:26:54",3419,2894,68648,0,,8.1,202.9,9.47,46.8,,1.1
"2026-09-06 16:26:55",3421,2896,68636,0,,8.45,190.2,9.52,46.75,,1.1
"2026-09-06 16:26:56",3422,2897,68624,41.679847,1.198323,8.3,212.5,9.46,46.65,,1.2
"2026-09-06 16:27:00",3427,2902,68585,0,,,,9.46,46.25,,1.2
"2026-09-06 16:27:01",3428,2903,68575,0,,,,9.39,46.2,,1.2
"2026-09-06 16:27:02",3429,2904,68566,0,,,,9.36,46.15,25.25,1.2
"2026-09-06 16:27:03",3430,2905,68557,0,,6.75,210.1,9.36,46.15,,1.2
"2026-09-06 16:27:04",3431,2906,68549,0,,5.9,214.9,9.29,46.15,,1.2
"2026-09-06 16:27:05",3432,2907,68542,41.679292,1.197875,8.95,202.6,9.33,46.2,,1.2
"2026-09-06 16:27:06",3434,2909,68529,0,,7.8,220.4,9.29,46.15,,1.2
"2026-09-06 16:27:07",3435,2910,68517,0,,6.35,199.6,9.3,46.05,,1.2
"2026-09-06 16:27:08",3437,2912,68506,41.679123,1.197728,9.6,216.6,9.27,45.95,,1.2
"2026-09-06 16:27:09",3438,2913,68497,0,,5.4,213.1,9.21,45.8,,1.2
"2026-09-06 16:27:10",3439,2914,68488,0,,8.75,206.7,9.22,45.65,,1.2
"2026-09-06 16:27:11",3440,2915,68480,41.67895,1.197588,7.55,219.7,9.18,45.6,,1.2
"2026-09-06 16:27:12",3441,2916,68474,0,,6.85,199.4,9.27,45.5,,1.1
"2026-09-06 16:27:13",3441,2916,68468,0,,8.75,225.1,9.27,45.5,,1.1
"2026-09-06 16:27:14",3442,2917,68462,41.678783,1.197438,6.7,202.9,9.29,45.45,,1
"2026-09-06 16:27:16",3444,2919,68444,0,,,,9.33,45.35,,1.1
"2026-09-06 16:27:17",3445,2920,68436,0,,,,9.4,45.3,,1.1
"2026-09-06 16:27:18",3447,2922,68423,0,,7.4,205.5,9.38,45.2,,1.1
"2026-09-06 16:27:19",3448,2923,68411,0,,7.6,207.8,9.34,45.1,,1.1
"2026-09-06 16:27:20",3450,2925,68400,41.678455,1.197143,7.45,212.7,9.38,45,,1.1
"2026-09-06 16:27:21",3451,2926,68387,0,,7.15,223.7,9.33,44.9,,1.1
"2026-09-06 16:27:22",3453,2928,68374,0,,8.2,201.9,9.43,44.85,,1.1
"2026-09-06 16:27:23",3454,2929,68362,41.678292,1.196982,7.25,228.8,9.4,44.75,,1.2
"2026-09-06 16:27:24",3455,2930,68354,0,,7.45,216.5,9.32,44.65,,1.2
"2026-09-06 16:27:25",3456,2931,68347,0,,7.1,200.4,9.38,44.65,,1.2
"2026-09-06 16:27:26",3457,2932,68340,41.678127,1.196842,8.15,225,9.3,44.6,,1.2
"2026-09-06 16:27:27",3458,2933,68331,0,,6.45,197.4,9.22,44.55,,1.2
"2026-09-06 16:27:28",3459,2934,68323,0,,6.45,197.4,9.23,44.5,,1.2
"2026-09-06 16:27:29",3460,2935,68316,41.67795,1.196712,8.8,211.8,9.15,44.45,25.5,1.2
"2026-09-06 16:27:30",3461,2936,68306,0,,8.8,211.8,9.11,44.4,,1.2
"2026-09-06 16:27:31",3462,2937,68297,0,,8.4,217.6,9.07,44.4,,1.2
"2026-09-06 16:27:32",3463,2938,68288,41.677773,1.196577,6.35,198.6,9.04,44.4,,1.2
"2026-09-06 16:27:33",3464,2939,68284,0,,,,9.08,44.4,,1
"2026-09-06 16:27:34",3464,2939,68281,0,,,,9.04,44.4,,0.9
"2026-09-06 16:27:35",3464,2939,68278,0,,,,9.16,44.4,,0.9
"2026-09-06 16:27:36",3466,2941,68267,0,,6.9,204,9.15,44.45,,0.9
"2026-09-06 16:27:37",3467,2942,68256,0,,7,202.9,9.12,44.45,,0.9
"2026-09-06 16:27:38",3468,2943,68246,41.677507,1.196332,7.05,215.2,9.17,44.4,,1
"2026-09-06 16:27:45",3476,2951,68179,0,,,,9.16,44.15,,1.1
"2026-09-06 16:27:46",3478,2953,68169,0,,,,9.19,44.15,,1.1
"2026-09-06 16:27:47",3479,2954,68160,0,,,,9.16,44.1,,1.2
"2026-09-06 16:27:48",3479,2954,68157,0,,7.8,214,9.15,44.1,,1.1
"2026-09-06 16:27:49",3479,2954,68155,0,,7.8,214,9.11,44.05,,1
"2026-09-06 16:27:50",3480,2955,68154,41.676775,1.195715,8.1,201.1,9.19,44.05,,0.9
"2026-09-06 16:27:51",3481,2956,68143,0,,7.7,219.6,9.13,44,,1
"2026-09-06 16:27:52",3482,2957,68131,0,,6.7,215.8,9.07,43.95,,1
"2026-09-06 16:27:53",3484,2959,68120,41.67661,1.195572,8.4,202.3,9.17,43.95,,1
"2026-09-06 16:27:54",3485,2960,68109,0,,8.4,202.3,9.15,43.95,,1
"2026-09-06 16:27:55",3486,2961,68098,0,,9.1,210.1,9.11,43.9,,1.1
"2026-09-06 16:27:56",3488,2963,68088,41.676448,1.195423,6.45,211.8,9.19,43.9,25.5,1.1
"2026-09-06 16:28:03",3498,2973,68005,0,,9.2,205.1,9.02,43.85,,1.4
"2026-09-06 16:28:04",3499,2974,67993,0,,6.55,222.6,8.96,43.85,,1.4
"2026-09-06 16:28:05",3501,2976,67982,41.67594,1.19499,7.35,211.1,8.95,43.8,,1.4
"2026-09-06 16:28:09",3506,2981,67940,0,,7.55,207.2,8.87,43.8,,1.4
"2026-09-06 16:28:10",3507,2982,67930,0,,5.95,222,8.81,43.8,,1.4
"2026-09-06 16:28:11",3508,2983,67920,41.675633,1.194687,7.45,207.8,8.88,43.85,,1.4
"2026-09-06 16:28:12",3509,2984,67913,0,,7.45,207.8,8.8,43.85,,1.3
"2026-09-06 16:28:13",3510,2985,67907,0,,5.95,206.5,8.73,43.85,,1.3
"2026-09-06 16:28:14",3510,2985,67902,41.675498,1.194542,7.35,225,8.71,43.9,,1.3
"2026-09-06 16:28:44",3546,3021,67612,41.673997,1.193172,8.5,218.1,8.37,43.9,,1.2
"2026-09-06 16:29:00",3568,3043,67430,0,,,,8.25,43.65,,1.4
"2026-09-06 16:29:01",3570,3045,67419,0,,,,8.27,43.55,,1.4
"2026-09-06 16:29:02",3571,3046,67408,0,,,,8.27,43.5,,1.4
"2026-09-06 16:29:38",3620,3095,67012,41.67126,1.190892,6.35,202.7,8.13,40.55,,1.4
"2026-09-06 16:30:08",3664,3139,66654,41.669813,1.18988,5.7,192.2,7.77,39,,1.5
"2026-09-06 16:30:09",3666,3141,66639,0,,5.7,224.3,7.75,38.8,,1.5
"2026-09-06 16:30:10",3668,3143,66624,0,,5.45,213.3,7.76,38.7,,1.5
"2026-09-06 16:30:11",3670,3145,66610,41.669683,1.189783,5.6,193.1,7.76,38.5,24.75,1.5
"2026-09-06 16:30:12",3672,3147,66594,0,,5.6,193.1,7.76,38.25,,1.5
"2026-09-06 16:30:13",3673,3148,66579,0,,5.5,197.2,7.77,38.05,,1.5
"2026-09-06 16:30:14",3675,3150,66564,41.669555,1.18969,5,216.2,7.75,37.8,,1.5
"2026-09-06 16:30:15",3677,3152,66550,0,,5,216.2,7.7,37.6,,1.5
"2026-09-06 16:30:16",3679,3154,66537,0,,5.8,186.4,7.69,37.4,,1.5
"2026-09-06 16:30:17",3680,3155,66524,41.669418,1.189615,5.25,214.6,7.7,37.2,,1.6
"2026-09-06 16:30:18",3682,3157,66510,0,,,,7.71,37.05,,1.6
"2026-09-06 16:30:19",3684,3159,66496,0,,,,7.7,36.9,,1.6
"2026-09-06 16:30:20",3686,3161,66482,0,,,,7.69,36.7,,1.8
"2026-09-06 16:30:21",3687,3162,66467,0,,5.65,217.8,7.66,36.45,,1.8
"2026-09-06 16:30:22",3689,3164,66452,0,,5.7,208.9,7.64,36.25,,1.8
"2026-09-06 16:30:23",3691,3166,66438,41.669143,1.189458,4.75,202.9,7.61,36.1,,1.8
"2026-09-06 16:30:24",3693,3168,66423,0,,5.75,200.9,7.61,35.9,,1.8
"2026-09-06 16:30:25",3695,3170,66408,0,,6.25,217.2,7.61,35.8,,1.8
"2026-09-06 16:30:26",3697,3172,66394,41.669005,1.189373,4.85,185.4,7.68,35.65,,1.8
"2026-09-06 16:30:27",3698,3173,66379,0,,,,7.64,35.5,,1.8
"2026-09-06 16:30:28",3700,3175,66365,0,,,,7.66,35.4,,1.8
"2026-09-06 16:30:29",3702,3177,66352,0,,,,7.65,35.3,,1.8
"2026-09-06 16:30:30",3704,3179,66335,0,,5.45,190,7.62,35.2,,1.8
"2026-09-06 16:30:31",3706,3181,66318,0,,4.85,206.1,7.7,35.15,,1.8
"2026-09-06 16:30:32",3708,3183,66302,41.668752,1.189193,4.55,203.2,7.66,35.1,,1.9
"2026-09-06 16:30:33",3710,3185,66288,0,,,,7.56,35,,1.9
"2026-09-06 16:30:34",3711,3186,66275,0,,,,7.5,34.9,,1.8
"2026-09-06 16:30:35",3713,3188,66262,0,,,,7.49,34.85,,1.8
"2026-09-06 16:30:42",3726,3201,66154,0,,4.95,191.1,7.27,34.3,,1.9
"2026-09-06 16:30:43",3728,3203,66139,0,,6.25,211.2,7.21,34.1,,1.9
"2026-09-06 16:30:44",3730,3205,66124,41.668233,1.188912,3.1,190.9,7.16,34,,1.9
"2026-09-06 16:30:46",3733,3208,66101,0,,,,7.06,33.8,,1.8
"2026-09-06 16:30:47",3734,3209,66090,0,,,,7.05,33.7,,1.8
"2026-09-06 16:30:48",3736,3211,66079,0,,4.5,197,7.06,33.65,,1.7
"2026-09-06 16:30:49",3737,3212,66069,0,,4.5,197,7.06,33.6,,1.7
"2026-09-06 16:30:50",3738,3213,66060,41.667967,1.188765,6.25,202.1,7.15,33.55,,1.7
"2026-09-06 16:30:51",3740,3215,66044,0,,,,7.14,33.5,,1.7
"2026-09-06 16:30:52",3742,3217,66030,0,,,,7.08,33.45,,1.7
"2026-09-06 16:30:53",3744,3219,66016,0,,,,7.06,33.4,,1.7
"2026-09-06 16:30:57",3751,3226,65961,0,,4.65,185.3,7.08,33.1,,1.6
"2026-09-06 16:30:58",3752,3227,65947,0,,4.65,185.3,7.08,33.05,,1.6
"2026-09-06 16:30:59",3754,3229,65934,41.667577,1.18858,6.15,196.2,7.05,32.95,,1.6
"2026-09-06 16:31:00",3756,3231,65922,0,,6.15,196.2,7.04,32.9,,1.6
"2026-09-06 16:31:01",3757,3232,65910,0,,6.35,206.4,7.03,32.85,,1.6
"2026-09-06 16:31:02",3759,3234,65898,41.667443,1.188517,4.65,179.4,7.02,32.8,,1.7
"2026-09-06 16:31:06",3765,3240,65848,0,,6.35,213.7,7.06,32.7,,1.6
"2026-09-06 16:31:07",3766,3241,65836,0,,5.1,180.2,7.03,32.65,,1.6
"2026-09-06 16:31:08",3768,3243,65824,41.667165,1.188388,5.75,206.5,7,32.7,,1.6
"2026-09-06 16:31:09",3769,3244,65810,0,,5.35,198.7,6.96,32.8,,1.6
"2026-09-06 16:31:10",3771,3246,65797,0,,4.35,182.2,6.96,32.8,,1.6
"2026-09-06 16:31:11",3773,3248,65784,41.667038,1.188335,6.2,215.2,6.91,32.9,,1.6
"2026-09-06 16:31:13",3777,3252,65747,0,,4.35,201.6,6.95,33,,1.7
"2026-09-06 16:31:14",3780,3255,65730,41.666927,1.188278,4.85,218,6.92,33.1,,1.8
"2026-09-06 16:31:18",3787,3262,65668,0,,,,6.96,33.35,,1.9
"2026-09-06 16:31:19",3789,3264,65653,0,,,,6.95,33.4,,1.9
"2026-09-06 16:31:20",3791,3266,65638,0,,,,6.95,33.4,,1.9
"2026-09-06 16:31:21",3792,3267,65627,0,,,,6.96,33.5,,1.9
"2026-09-06 16:31:22",3794,3269,65617,0,,,,6.91,33.55,,1.9
"2026-09-06 16:31:23",3795,3270,65608,0,,,,6.97,33.65,,1.8
"2026-09-06 16:31:25",3798,3273,65580,0,,4.1,187.5,6.89,33.7,,1.8
"2026-09-06 16:31:26",3800,3275,65566,41.666545,1.188032,3.6,195,6.92,33.75,,1.8
"2026-09-06 16:31:27",3802,3277,65555,0,,,,6.8,33.75,,1.7
"2026-09-06 16:31:28",3803,3278,65544,0,,,,6.72,33.8,,1.7
"2026-09-06 16:31:29",3804,3279,65534,0,,,,6.64,33.85,,1.6
"2026-09-06 16:31:34",3816,3291,65440,0,,5.6,206.5,6.46,34.15,,1.8
"2026-09-06 16:31:35",3818,3293,65422,41.666228,1.187927,1.7,211.1,6.42,34.2,,1.9
"2026-09-06 16:31:36",3820,3295,65407,0,,1.7,211.1,6.49,34.25,,1.9
"2026-09-06 16:31:37",3822,3297,65392,0,,3.7,226.4,6.42,34.35,,2
"2026-09-06 16:31:38",3824,3299,65378,41.666125,1.187882,3.95,174.2,6.35,34.4,,2
"2026-09-06 16:31:39",3825,3300,65367,0,,5.4,216.4,6.34,34.5,,2
"2026-09-06 16:31:40",3827,3302,65356,0,,2.6,176.5,6.29,34.6,,2
"2026-09-06 16:31:41",3828,3303,65346,41.666025,1.187837,4.95,196.5,6.35,34.7,,2
"2026-09-06 16:31:42",3831,3306,65321,0,,4.9,196.5,6.31,34.8,,2.1
"2026-09-06 16:31:43",3834,3309,65297,0,,5.05,183.6,6.37,34.9,,2.1
"2026-09-06 16:31:44",3837,3312,65274,41.665917,1.187795,4.3,213.9,6.34,34.95,,2.2
"2026-09-06 16:31:46",3841,3316,65241,0,,5,201.7,6.35,35.05,,2.1
"2026-09-06 16:31:47",3843,3318,65226,41.665813,1.187755,3.1,205.5,6.31,35.1,,2.1
"2026-09-06 16:31:48",3845,3320,65209,0,,,,6.37,35.15,,2.1
"2026-09-06 16:31:49",3847,3322,65192,0,,,,6.32,35.2,,2.1
"2026-09-06 16:31:50",3849,3324,65176,0,,,,6.27,35.25,,2.1
"2026-09-06 16:31:51",3852,3327,65159,0,,5.05,201.7,6.24,35.25,,2.2
"2026-09-06 16:31:52",3854,3329,65142,0,,2.35,187.4,6.2,35.3,,2.2
"2026-09-06 16:31:53",3856,3331,65126,41.665605,1.187667,4.85,189.6,6.15,35.35,,2.3
"2026-09-06 16:31:54",3857,3332,65112,0,,4.85,189.6,6.14,35.4,,2.3
"2026-09-06 16:31:55",3859,3334,65098,0,,3,179.3,6.11,35.5,,2.2
"2026-09-06 16:31:56",3861,3336,65084,41.665503,1.187627,4.55,199,6.11,35.6,,2.1
"2026-09-06 16:32:00",3872,3347,64994,0,,2.55,198.2,6.06,35.8,,2.3
"2026-09-06 16:32:01",3875,3350,64972,0,,2.55,198.2,6.05,35.85,,2.3
"2026-09-06 16:32:02",3878,3353,64950,41.66533,1.187508,4.9,215.8,5.98,35.9,,2.4
"2026-09-06 16:32:03",3880,3355,64931,0,,4.15,189.6,6.04,36,,2.4
"2026-09-06 16:32:04",3883,3358,64912,0,,3.8,234.6,6,36.1,,2.4
"2026-09-06 16:32:05",3885,3360,64894,41.665237,1.187442,4.75,192.3,6.04,36.2,,2.4
"2026-09-06 16:32:06",3887,3362,64881,0,,3.75,213.8,6.03,36.3,,2.4
"2026-09-06 16:32:07",3888,3363,64868,0,,2.8,210.5,5.99,36.35,,2.4
"2026-09-06 16:32:08",3890,3365,64856,41.665145,1.187385,5.2,200.3,6.05,36.45,,2.4
"2026-09-06 16:32:16",3904,3379,64747,0,,3.2,212.3,5.72,36.8,,1.8
"2026-09-06 16:32:17",3905,3380,64734,41.664875,1.187257,3.1,198.6,5.59,36.8,,1.7
"2026-09-06 16:32:18",3897,3372,64797,0,,3.45,196.4,5.49,36.85,,0.9
"2026-09-06 16:32:19",3889,3364,64860,0,,3.6,203.5,5.45,37,,0.1
"2026-09-06 16:32:20",3881,3356,64924,41.664782,1.187205,3.85,200.4,5.41,37.05,,-0.7
"2026-09-06 16:32:21",3874,3349,64981,0,,3.85,203.2,5.4,37.05,,-1.2
"2026-09-06 16:32:22",3867,3342,65038,0,,4.15,201.5,5.4,37.05,,-1.6
"2026-09-06 16:32:23",3859,3334,65096,41.66468,1.187172,4.1,198.9,5.4,37,,-2
"2026-09-06 16:32:25",3845,3320,65210,0,,4.35,199.9,5.47,36.65,,-2.6
"2026-09-06 16:32:26",3837,3312,65270,41.664577,1.187118,4.45,205.5,5.5,36.45,23.75,-2.9
"2026-09-06 16:32:27",3830,3305,65332,0,,4.75,201.8,5.57,36.3,,-3.2
"2026-09-06 16:32:28",3822,3297,65394,0,,4.65,202.3,5.62,36.2,,-3.4
"2026-09-06 16:32:29",3814,3289,65456,41.664458,1.187025,5.25,201.2,5.68,36.1,,-6.9
"2026-09-06 16:32:31",3799,3274,65578,0,,5.4,201.8,5.79,35.9,,-7.6
"2026-09-06 16:32:32",3791,3266,65640,41.664325,1.186973,4.85,201.7,5.85,35.85,,-7.6
"2026-09-06 16:32:33",3784,3259,65695,0,,5.3,203.6,5.92,35.8,,-7.5
"2026-09-06 16:32:34",3777,3252,65749,0,,4.75,198,5.97,35.75,,-7.5
"2026-09-06 16:32:35",3770,3245,65804,41.664198,1.186893,4.95,200.2,6.01,35.7,,-7.4
"2026-09-06 16:32:36",3763,3238,65860,0,,5.05,205.4,6.05,35.8,,-7.4
"2026-09-06 16:32:37",3756,3231,65917,0,,4.55,200.1,6.12,35.85,,-7.4
"2026-09-06 16:32:38",3749,3224,65974,41.664083,1.186823,5.05,198.5,6.17,35.85,,-7.3
"2026-09-06 16:32:39",3741,3216,66037,0,,5.1,199.8,6.23,35.8,,-7.4
"2026-09-06 16:32:40",3733,3208,66101,0,,5.1,201.7,6.29,35.75,,-7.4
"2026-09-06 16:32:41",3725,3200,66166,41.663942,1.186767,5.75,202,6.34,35.8,,-7.4
"2026-09-06 16:32:42",3718,3193,66224,0,,5.35,201.8,6.37,35.95,,-7.4
"2026-09-06 16:32:43",3710,3185,66282,0,,5.75,203.9,6.41,36.15,,-7.3
"2026-09-06 16:32:44",3703,3178,66340,41.663807,1.186677,5.55,206.2,6.45,36.45,,-7.3
"2026-09-06 16:32:45",3696,3171,66401,0,,5.35,209.9,6.5,36.7,,-7.3
"2026-09-06 16:32:46",3688,3163,66461,0,,5.7,208.3,6.55,37,,-7.4
"2026-09-06 16:32:47",3681,3156,66522,41.663677,1.186572,5.55,211.3,6.6,37.35,,-7.5
"2026-09-06 16:32:48",3674,3149,66572,0,,5.55,209.9,6.63,37.6,,-7.4
"2026-09-06 16:32:49",3668,3143,66623,0,,5.6,210.4,6.67,37.95,,-7.3
"2026-09-06 16:32:50",3662,3137,66674,41.663547,1.186468,5.45,211.5,6.71,38.35,,-7.3
"2026-09-06 16:32:51",3654,3129,66734,0,,5.8,210.2,6.74,38.75,,-7.2
"2026-09-06 16:32:52",3647,3122,66794,0,,5.95,211.7,6.79,39.25,,-7.2
"2026-09-06 16:32:53",3639,3114,66854,41.663413,1.186362,5.4,211.3,6.83,39.7,22,-7.1
"2026-09-06 16:32:54",3632,3107,66911,0,,5.85,207.7,6.89,40.2,,-7.1
"2026-09-06 16:32:55",3625,3100,66972,0,,6,211.7,6.93,40.7,,-7.2
"2026-09-06 16:32:56",3617,3092,67034,41.663267,1.186247,6.5,208.9,6.96,41.3,,-7.2
"2026-09-06 16:32:57",3610,3085,67093,0,,6.2,211.8,7.01,41.8,,-7.2
"2026-09-06 16:32:58",3602,3077,67152,0,,6.1,212.8,7.06,42.35,,-7.2
"2026-09-06 16:32:59",3595,3070,67212,41.66312,1.186127,6.45,209.7,7.1,42.8,,-7.2
"2026-09-06 16:33:01",3580,3055,67336,0,,6.1,211.7,7.21,43.6,,-7.3
"2026-09-06 16:33:02",3572,3047,67398,41.662977,1.186008,6.15,210,7.27,44,,-7.4
"2026-09-06 16:33:06",3543,3018,67636,0,,6.55,212.7,7.52,45.1,,-7.4
"2026-09-06 16:33:07",3536,3011,67696,0,,6.25,214.6,7.57,45.35,,-7.4
"2026-09-06 16:33:08",3528,3003,67756,41.662682,1.185758,6.6,212.9,7.64,45.6,,-7.4
"2026-09-06 16:33:09",3521,2996,67816,0,,6.6,214.7,7.7,45.75,,-7.4
"2026-09-06 16:33:10",3514,2989,67876,0,,6.3,213.8,7.77,45.95,,-7.4
"2026-09-06 16:33:11",3506,2981,67936,41.662535,1.185625,6.6,214.1,7.82,46.05,,-7.4
"2026-09-06 16:33:12",3499,2974,67993,0,,6.7,216.3,7.89,46.15,,-7.4
"2026-09-06 16:33:13",3492,2967,68051,0,,6.65,215.8,7.95,46.35,,-7.3
"2026-09-06 16:33:14",3485,2960,68110,41.662387,1.185482,6.95,214.6,8,46.5,,-7.3
"2026-09-06 16:33:15",3476,2951,68179,0,,6.95,217.2,8.09,46.6,,-7.4
"2026-09-06 16:33:16",3468,2943,68248,0,,6.7,216.3,8.13,46.7,,-7.4
"2026-09-06 16:33:17",3460,2935,68318,41.662238,1.185338,6.7,214.8,8.2,46.85,,-7.5
"2026-09-06 16:33:18",3452,2927,68378,0,,6.85,215.7,8.26,46.95,,-7.6
"2026-09-06 16:33:19",3445,2920,68439,0,,7,214.7,8.31,47.05,,-7.6
"2026-09-06 16:33:20",3437,2912,68500,41.662083,1.1852,7,213.2,8.4,47.1,20.75,-7.6
"2026-09-06 16:33:21",3430,2905,68561,0,,6.85,213.6,8.47,47.15,,-7.6
"2026-09-06 16:33:22",3422,2897,68622,0,,7.25,212,8.54,47.15,,-7.6
"2026-09-06 16:33:23",3415,2890,68684,41.66192,1.185058,7.25,214.2,8.62,47.15,,-7.6
"2026-09-06 16:33:24",3408,2883,68739,0,,7.2,213.6,8.68,47.1,,-7.6
"2026-09-06 16:33:25",3402,2877,68794,0,,6.95,211.7,8.79,47.05,,-7.5
"2026-09-06 16:33:26",3395,2870,68850,41.661762,1.184923,6.5,212.8,8.81,47.05,,-7.5
"2026-09-06 16:33:31",3357,2832,69166,0,,7.15,205.8,9.17,46.75,,-7.3
"2026-09-06 16:33:32",3349,2824,69230,41.661407,1.184677,7,202.9,9.26,46.65,,-7.4
"2026-09-06 16:33:33",3342,2817,69287,0,,6.9,205,9.32,46.5,,-7.3
"2026-09-06 16:33:34",3335,2810,69344,0,,6.55,206.1,9.39,46.5,,-7.3
"2026-09-06 16:33:35",3328,2803,69402,41.66124,1.184577,6.6,203.7,9.44,46.45,,-7.2
"2026-09-06 16:33:39",3298,2773,69654,0,,7.05,201.8,9.66,46.3,,-7.4
"2026-09-06 16:33:40",3291,2766,69717,0,,7.3,198.1,9.64,46.3,,-7.4
"2026-09-06 16:33:41",3283,2758,69780,41.660875,1.184403,7.85,195.2,9.6,46.75,,-7.4
"2026-09-06 16:33:42",3276,2751,69836,0,,7.75,193.1,9.6,47.35,,-7.4
"2026-09-06 16:33:43",3269,2744,69897,0,,7.35,193.2,9.6,48,,-7.4
"2026-09-06 16:33:44",3262,2737,69958,41.660677,1.184342,7.65,191.6,9.61,48.6,,-7.3
"2026-09-06 16:33:45",3255,2730,70018,0,,7.4,194.3,9.63,49.1,,-7.3
"2026-09-06 16:33:46",3247,2722,70078,0,,7.1,194.4,9.64,49.6,,-7.3
"2026-09-06 16:33:47",3240,2715,70138,41.660483,1.184275,7.35,193.9,9.67,50.15,20.25,-7.3
"2026-09-06 16:33:48",3233,2708,70203,0,,7.15,196,9.71,50.7,,-7.4
"2026-09-06 16:33:49",3225,2700,70267,0,,7,194.2,9.73,51.15,,-7.4
"2026-09-06 16:33:50",3217,2692,70332,41.660302,1.184205,6.95,195.8,9.76,51.65,,-7.4
"2026-09-06 16:33:54",3188,2663,70582,0,,6.7,196.7,9.9,53.3,,-7.3
"2026-09-06 16:33:55",3180,2655,70644,0,,6.7,196.7,9.92,53.75,,-7.4
"2026-09-06 16:33:56",3173,2648,70706,41.659963,1.184082,6.15,195.2,9.97,54.2,,-7.4
"2026-09-06 16:33:57",3166,2641,70767,0,,6.1,195.1,9.98,54.7,,-7.4
"2026-09-06 16:33:58",3159,2634,70827,0,,6.15,195.1,9.98,55.25,,-7.4
"2026-09-06 16:33:59",3151,2626,70888,41.659802,1.184025,6.15,197,9.99,56,,-7.4
"2026-09-06 16:34:01",3137,2612,71006,0,,6.25,193.3,10,57.65,,-7.3
"2026-09-06 16:34:02",3130,2605,71066,41.659638,1.183973,6,194.9,10.04,58.5,,-7.2
"2026-09-06 16:34:03",3124,2599,71122,0,,6,192.3,10.07,59.25,,-7.2
"2026-09-06 16:34:04",3117,2592,71179,0,,6.05,192.9,10.12,59.85,,-7.1
"2026-09-06 16:34:05",3111,2586,71236,41.659482,1.183925,5.85,192.3,10.14,60.4,,-7.1
"2026-09-06 16:34:06",3103,2578,71299,0,,5.6,195.4,10.17,61,,-7
"2026-09-06 16:34:07",3096,2571,71362,0,,5.5,193.3,10.2,61.6,,-7.1
"2026-09-06 16:34:08",3088,2563,71426,41.659342,1.183877,5.05,194.8,10.21,62.25,,-7.1
"2026-09-06 16:34:09",3081,2556,71490,0,,5.1,198.7,10.23,63,,-7.1
"2026-09-06 16:34:10",3073,2548,71554,0,,5.1,196.3,10.3,63.55,,-7.1
"2026-09-06 16:34:11",3066,2541,71618,41.659215,1.18383,4.7,193.4,10.37,64.05,,-7.1
"2026-09-06 16:34:12",3058,2533,71683,0,,4.55,190.1,10.43,64.4,,-7.2
"2026-09-06 16:34:13",3050,2525,71753,0,,4.9,191.3,10.49,64.65,,-7.3
"2026-09-06 16:34:14",3042,2517,71824,41.65909,1.183795,4.6,192,10.56,65,20.25,-7.4
"2026-09-06 16:34:15",3034,2509,71887,0,,4.6,186.4,10.61,65.25,,-7.4
"2026-09-06 16:34:16",3027,2502,71950,0,,4.1,185.5,10.64,65.5,,-7.5
"2026-09-06 16:34:17",3020,2495,72014,41.658987,1.183778,3.55,188.1,10.66,65.95,,-7.5
"2026-09-06 16:34:18",3011,2486,72083,0,,3.1,184.4,10.7,66.45,,-7.7
"2026-09-06 16:34:19",3003,2478,72152,0,,3.25,177.4,10.73,66.95,,-7.7
"2026-09-06 16:34:20",2995,2470,72222,41.658902,1.183777,2.95,181.7,10.78,67.35,,-7.7
"2026-09-06 16:34:21",2987,2462,72292,0,,3.15,180.6,10.81,67.75,,-7.8
"2026-09-06 16:34:22",2979,2454,72361,0,,3.15,171.5,10.85,68.2,,-7.8
"2026-09-06 16:34:23",2971,2446,72430,41.658818,1.183778,3.15,181.9,10.9,68.6,,-7.9
"2026-09-06 16:34:24",2964,2439,72494,0,,3.3,179.1,10.95,69.05,,-7.8
"2026-09-06 16:34:25",2956,2431,72559,0,,3.25,181.2,11.01,69.35,,-7.8
"2026-09-06 16:34:26",2949,2424,72624,41.658732,1.183767,3.15,191.4,11.08,69.65,,-7.7
"2026-09-06 16:34:27",2941,2416,72687,0,,3.1,191.2,11.15,69.85,,-7.7
"2026-09-06 16:34:28",2934,2409,72750,0,,3.6,194.7,11.22,70,,-7.7
"2026-09-06 16:34:29",2927,2402,72814,41.658635,1.18373,4.05,198.7,11.28,70.1,,-7.7
"2026-09-06 16:34:31",2913,2388,72935,0,,3.4,197.4,11.4,70.2,,-7.6
"2026-09-06 16:34:32",2906,2381,72998,41.658545,1.183688,3.4,197.4,11.47,70.25,,-7.5
"2026-09-06 16:34:33",2899,2374,73058,0,,3.4,202.9,11.52,70.2,,-7.4
"2026-09-06 16:34:34",2892,2367,73117,0,,3.4,202.9,11.58,70.25,,-7.3
"2026-09-06 16:34:35",2885,2360,73176,41.65846,1.183635,3.3,203.8,11.64,70.15,,-7.3
"2026-09-06 16:34:36",2878,2353,73237,0,,3.9,208.1,11.69,70.1,,-7.2
"2026-09-06 16:34:37",2871,2346,73297,0,,3.45,212.5,11.75,70.1,,-7.1
"2026-09-06 16:34:38",2864,2339,73358,41.658382,1.183572,2.9,204.8,11.81,69.95,,-7.1
"2026-09-06 16:34:40",2850,2325,73480,0,,2.9,206.8,11.94,69.8,,-7
"2026-09-06 16:34:41",2843,2318,73542,41.658318,1.183532,2.25,199.2,11.99,69.7,20.25,-7
"2026-09-06 16:34:42",2836,2311,73603,0,,1.7,208.9,12.07,69.6,,-7
"2026-09-06 16:34:43",2828,2303,73668,0,,1.55,214.5,12.12,69.55,,-7.1
"2026-09-06 16:34:44",2821,2296,73734,41.658282,1.183498,1.65,207.4,12.18,69.45,,-7.1
"2026-09-06 16:34:48",2793,2268,73975,0,,1.15,216,12.4,69.25,,-7.1
"2026-09-06 16:34:49",2786,2261,74035,0,,1,216,12.47,69.2,,-7
"2026-09-06 16:34:50",2780,2255,74096,41.658228,1.183443,1.25,209.9,12.53,69.1,,-7
"2026-09-06 16:34:51",2772,2247,74165,0,,0.9,209.9,12.59,69.05,,-7.1
"2026-09-06 16:34:52",2764,2239,74233,0,,1.05,207.5,12.67,68.95,,-7.2
"2026-09-06 16:34:53",2756,2231,74302,41.658203,1.183425,1.2,208,12.73,68.8,,-7.2
"2026-09-06 16:34:54",2749,2224,74368,0,,1.1,206.7,12.8,68.65,,-7.2
"2026-09-06 16:34:55",2741,2216,74434,0,,1,203.3,12.88,68.45,,-7.2
"2026-09-06 16:34:56",2734,2209,74500,41.658175,1.183408,1.2,196.7,12.94,68.35,,-7.2
"2026-09-06 16:34:57",2726,2201,74570,0,,0.9,196.7,12.99,68.2,,-7.3
"2026-09-06 16:34:58",2717,2192,74646,0,,0.9,196.7,13.04,68.05,,-7.4
"2026-09-06 16:34:59",2708,2183,74722,41.658158,1.183402,0.05,196.7,13.1,67.95,,-7.5
"2026-09-06 16:35:01",2695,2170,74837,0,,0.05,196.7,13.21,67.8,,-7.6
"2026-09-06 16:35:02",2689,2164,74894,41.65814,1.183412,0.05,196.7,13.26,67.65,,-7.6
"2026-09-06 16:35:03",2681,2156,74962,0,,0.05,196.7,13.31,67.55,,-7.5
"2026-09-06 16:35:04",2674,2149,75029,0,,0.1,196.7,13.36,67.45,,-7.5
"2026-09-06 16:35:05",2666,2141,75096,41.658132,1.183438,0.05,196.7,13.42,67.35,,-7.5
"2026-09-06 16:35:06",2658,2133,75165,0,,0.1,196.7,13.46,67.25,,-7.5
"2026-09-06 16:35:07",2651,2126,75233,0,,0.1,196.7,13.48,67.2,,-7.5
"2026-09-06 16:35:08",2643,2118,75302,41.658113,1.183477,0.1,196.7,13.54,67.15,20.25,-7.6
"2026-09-06 16:35:09",2636,2111,75360,0,,1.4,128.8,13.57,67.15,,-7.4
"2026-09-06 16:35:10",2629,2104,75423,0,,1,128.8,13.62,67.15,,-7.3
"2026-09-06 16:35:11",2622,2097,75486,41.658098,1.183505,1,128.8,13.68,67.15,,-7.2
"2026-09-06 16:35:12",2614,2089,75557,0,,1,128.8,13.73,67.05,,-7.2
"2026-09-06 16:35:13",2606,2081,75627,0,,0.75,128.8,13.78,67,,-7.3
"2026-09-06 16:35:14",2598,2073,75698,41.658087,1.183525,0.9,128.8,13.84,67,,-7.5
"2026-09-06 16:35:15",2591,2066,75764,0,,,,13.91,66.9,,-7.5
"2026-09-06 16:35:16",2583,2058,75830,0,,,,13.99,66.85,,-7.5
"2026-09-06 16:35:17",2576,2051,75896,0,,,,14.05,66.7,,-7.5
"2026-09-06 16:35:18",2569,2044,75958,0,,0.85,128.8,14.12,66.6,,-7.4
"2026-09-06 16:35:19",2562,2037,76019,0,,0.75,128.8,14.19,66.5,,-7.4
"2026-09-06 16:35:20",2555,2030,76080,41.658065,1.18357,0.9,128.8,14.25,66.35,,-7.3
"2026-09-06 16:35:21",2548,2023,76143,0,,0.7,128.8,14.32,66.3,,-7.3
"2026-09-06 16:35:22",2541,2016,76210,0,,0.6,128.8,14.33,66.15,,-7.4
"2026-09-06 16:35:23",2533,2008,76278,41.658053,1.18359,0.9,128.8,14.37,66,,-7.4
"2026-09-06 16:35:24",2526,2001,76347,0,,0.85,128.8,14.44,65.8,,-7.4
"2026-09-06 16:35:25",2518,1993,76415,0,,0,128.8,14.5,65.65,,-7.4
"2026-09-06 16:35:26",2510,1985,76484,41.658048,1.183603,0,128.8,14.57,65.5,,-7.4
"2026-09-06 16:35:27",2503,1978,76551,0,,0.05,128.8,14.62,65.4,,-7.3
"2026-09-06 16:35:28",2496,1971,76616,0,,0.05,128.8,14.69,65.25,,-7.3
"2026-09-06 16:35:29",2488,1963,76682,41.658038,1.183625,0.05,128.8,14.73,65.15,,-7.3
"2026-09-06 16:35:31",2474,1949,76814,0,,0.1,128.8,14.87,65.15,,-7.4
"2026-09-06 16:35:32",2466,1941,76880,41.658023,1.183643,0.1,128.8,14.93,65.1,,-7.4
"2026-09-06 16:35:33",2459,1934,76944,0,,0.1,128.8,15,65.1,,-7.5
"2026-09-06 16:35:34",2451,1926,77013,0,,0.75,128.8,15.07,65,,-7.5
"2026-09-06 16:35:35",2444,1919,77082,41.658018,1.183667,0.85,128.8,15.14,64.9,20.5,-7.5
"2026-09-06 16:35:36",2436,1911,77150,0,,0.8,128.8,15.2,64.85,,-7.5
"2026-09-06 16:35:37",2429,1904,77217,0,,0.8,128.8,15.28,64.75,,-7.4
"2026-09-06 16:35:38",2421,1896,77284,41.658032,1.183682,0.75,128.8,15.35,64.55,,-7.4
"2026-09-06 16:35:39",2413,1888,77355,0,,0.75,128.8,15.43,64.25,,-7.4
"2026-09-06 16:35:40",2406,1881,77424,0,,0.75,128.8,15.49,64.05,,-7.5
"2026-09-06 16:35:41",2398,1873,77494,41.658043,1.183692,0.6,128.8,15.55,63.95,,-7.5
"2026-09-06 16:35:42",2391,1866,77557,0,,,,15.63,63.9,,-7.5
"2026-09-06 16:35:43",2384,1859,77619,0,,,,15.69,63.85,,-7.4
"2026-09-06 16:35:44",2377,1852,77682,0,,,,15.76,63.75,,-7.4
"2026-09-06 16:35:45",2370,1845,77746,0,,0.65,128.8,15.81,63.7,,-7.4
"2026-09-06 16:35:46",2363,1838,77815,0,,0.65,128.8,15.87,63.7,,-7.4
"2026-09-06 16:35:47",2355,1830,77884,41.658077,1.183707,0.65,128.8,15.92,63.65,,-7.4
"2026-09-06 16:35:48",2348,1823,77948,0,,0.65,128.8,15.98,63.6,,-7.4
"2026-09-06 16:35:49",2341,1816,78011,0,,0.5,128.8,16.04,63.6,,-7.3
"2026-09-06 16:35:50",2334,1809,78074,41.658093,1.183708,0.6,128.8,16.08,63.55,,-7.3
"2026-09-06 16:35:51",2326,1801,78144,0,,0.6,128.8,16.14,63.4,,-7.3
"2026-09-06 16:35:52",2319,1794,78214,0,,0.45,128.8,16.2,63.25,,-7.3
"2026-09-06 16:35:53",2311,1786,78284,41.658112,1.1837,0.8,128.8,16.25,63.1,,-7.3
"2026-09-06 16:35:54",2304,1779,78347,0,,0.65,128.8,16.32,62.9,,-7.2
"2026-09-06 16:35:55",2297,1772,78409,0,,0.55,128.8,16.37,62.7,,-7.2
"2026-09-06 16:35:56",2291,1766,78472,41.658128,1.183692,0.8,128.8,16.43,62.5,,-7.2
"2026-09-06 16:35:57",2283,1758,78537,0,,0.65,128.8,16.5,62.3,,-7.2
"2026-09-06 16:35:58",2276,1751,78602,0,,0.65,128.8,16.56,62.1,,-7.2
"2026-09-06 16:35:59",2269,1744,78668,41.658142,1.183677,0.85,128.8,16.63,61.9,,-7.1
"2026-09-06 16:36:01",2254,1729,78808,0,,0.75,128.8,16.77,61.5,,-7.3
"2026-09-06 16:36:02",2246,1721,78882,41.658157,1.183662,0.8,128.8,16.83,61.15,21,-7.3
"2026-09-06 16:36:03",2239,1714,78945,0,,0.65,128.8,16.91,60.7,,-7.3
"2026-09-06 16:36:04",2232,1707,79008,0,,0.65,128.8,16.98,60.3,,-7.3
"2026-09-06 16:36:05",2225,1700,79072,41.658168,1.183655,0.45,128.8,17.05,59.95,,-7.2
"2026-09-06 16:36:06",2218,1693,79140,0,,0.35,128.8,17.11,59.6,,-7.2
"2026-09-06 16:36:07",2210,1685,79208,0,,0.5,128.8,17.17,59.2,,-7.2
"2026-09-06 16:36:08",2203,1678,79276,41.658182,1.183658,0.35,128.8,17.24,58.85,,-7.3
"2026-09-06 16:36:09",2196,1671,79341,0,,0.5,128.8,17.3,58.55,,-7.3
"2026-09-06 16:36:10",2189,1664,79405,0,,0.65,128.8,17.38,58.25,,-7.3
"2026-09-06 16:36:11",2182,1657,79470,41.658197,1.183672,0.65,128.8,17.44,58,,-7.3
"2026-09-06 16:36:12",2174,1649,79538,0,,0.7,128.8,17.5,57.75,,-7.3
"2026-09-06 16:36:13",2167,1642,79606,0,,0.7,128.8,17.56,57.55,,-7.2
"2026-09-06 16:36:14",2160,1635,79674,41.658217,1.18369,0.75,128.8,17.64,57.4,,-7.1
"2026-09-06 16:36:15",2152,1627,79741,0,,1.4,38.1,17.68,57.25,,-7.2
"2026-09-06 16:36:16",2145,1620,79813,0,,1.35,28,17.74,57.05,,-7.3
"2026-09-06 16:36:17",2137,1612,79886,41.65825,1.183713,1.15,28,17.79,56.95,,-7.3
"2026-09-06 16:36:18",2130,1605,79951,0,,1.3,29.4,17.84,56.75,,-7.3
"2026-09-06 16:36:19",2123,1598,80015,0,,1.35,29.1,17.9,56.5,,-7.3
"2026-09-06 16:36:20",2116,1591,80080,41.658285,1.183732,1.45,6.9,17.97,56.25,,-7.3
"2026-09-06 16:36:21",2109,1584,80148,0,,1.45,27.9,18.03,55.95,,-7.3
"2026-09-06 16:36:22",2101,1576,80215,0,,1.35,13.8,18.1,55.7,,-7.3
"2026-09-06 16:36:23",2094,1569,80282,41.658327,1.183747,1.65,12.4,18.16,55.4,,-7.3
"2026-09-06 16:36:24",2087,1562,80348,0,,1.75,21.8,18.24,55.05,,-7.3
"2026-09-06 16:36:25",2080,1555,80414,0,,1.45,16.2,18.31,54.65,,-7.3
"2026-09-06 16:36:26",2073,1548,80480,41.658372,1.183768,1.95,23.1,18.39,54.1,,-7.3
"2026-09-06 16:36:27",2065,1540,80551,0,,1.95,23.4,18.46,53.5,,-7.2
"2026-09-06 16:36:28",2058,1533,80621,0,,1.9,20,18.53,53,,-7.2
"2026-09-06 16:36:29",2050,1525,80692,41.658418,1.183797,1.8,27.5,18.6,52.45,22,-7.2
"2026-09-06 16:36:31",2036,1511,80825,0,,2.2,17.9,18.74,51.3,,-7.2
"2026-09-06 16:36:32",2028,1503,80894,41.658478,1.183815,2.35,12,18.79,50.75,,-7.3
"2026-09-06 16:36:33",2021,1496,80962,0,,2.55,4,18.84,50.4,,-7.3
"2026-09-06 16:36:34",2014,1489,81029,0,,2.55,4.2,18.88,50.2,,-7.3
"2026-09-06 16:36:35",2007,1482,81096,41.65855,1.18382,2.55,1.3,18.92,50.05,,-7.3
"2026-09-06 16:36:36",1999,1474,81166,0,,2.55,358.2,18.98,49.85,,-7.3
"2026-09-06 16:36:37",1992,1467,81235,0,,2.65,357,19.04,49.65,,-7.3
"2026-09-06 16:36:38",1985,1460,81304,41.65862,1.183815,2.65,358.6,19.09,49.45,,-7.3
"2026-09-06 16:36:39",1977,1452,81372,0,,2.75,353.6,19.16,49.45,,-7.3
"2026-09-06 16:36:40",1970,1445,81440,0,,2.75,353.6,19.21,49.45,,-7.3
"2026-09-06 16:36:41",1963,1438,81508,41.65869,1.183807,2.5,355.7,19.27,49.6,,-7.3
"2026-09-06 16:36:42",1956,1431,81572,0,,2.6,352.9,19.33,49.75,,-7.3
"2026-09-06 16:36:43",1949,1424,81641,0,,2.6,351.7,19.39,49.85,,-7.3
"2026-09-06 16:36:44",1941,1416,81710,41.65876,1.183797,2.6,352.8,19.46,49.8,,-7.3
"2026-09-06 16:36:45",1934,1409,81780,0,,2.6,353.3,19.54,49.7,,-7.3
"2026-09-06 16:36:46",1927,1402,81850,0,,2.6,353.4,19.61,49.55,,-7.3
"2026-09-06 16:36:47",1919,1394,81920,41.65883,1.183788,2.55,354.5,19.68,49.25,,-7.3
"2026-09-06 16:36:48",1912,1387,81989,0,,2.55,353,19.77,49,,-7.3
"2026-09-06 16:36:49",1905,1380,82057,0,,2.55,351.4,19.86,48.65,,-7.3
"2026-09-06 16:36:50",1897,1372,82126,41.658895,1.183777,2.35,353.4,19.89,48.35,,-7.3
"2026-09-06 16:36:51",1890,1365,82194,0,,2.4,351.2,19.97,48.05,,-7.3
"2026-09-06 16:36:52",1883,1358,82263,0,,2.65,348.8,20.04,47.85,,-7.3
"2026-09-06 16:36:53",1876,1351,82332,41.65896,1.183762,2.4,350.7,20.11,47.55,,-7.3
"2026-09-06 16:36:55",1861,1336,82473,0,,2.3,349.6,20.25,47,,-7.3
"2026-09-06 16:36:56",1853,1328,82544,41.659022,1.183747,2.35,349.1,20.32,47.05,23,-7.3
"2026-09-06 16:36:57",1846,1321,82613,0,,2.45,349.5,20.4,46.8,,-7.3
"2026-09-06 16:36:58",1838,1313,82687,0,,2.45,349.3,20.49,46.5,,-7.4
"2026-09-06 16:36:59",1830,1305,82762,41.659085,1.183733,2.25,351.6,20.56,46.15,,-7.4
"2026-09-06 16:37:01",1816,1291,82893,0,,2.25,348.4,20.7,45.55,,-7.3
"2026-09-06 16:37:02",1810,1285,82958,41.659142,1.18372,2,353,20.78,45.3,,-7.3
"2026-09-06 16:37:03",1802,1277,83033,0,,2.15,352.6,20.86,45.1,,-7.4
"2026-09-06 16:37:04",1794,1269,83106,0,,2.2,351.9,20.93,44.9,,-7.4
"2026-09-06 16:37:05",1786,1261,83180,41.659202,1.183705,2.3,348.8,20.99,44.65,,-7.4
"2026-09-06 16:37:06",1779,1254,83251,0,,2.15,348.6,21.07,44.45,,-7.4
"2026-09-06 16:37:07",1772,1247,83321,0,,2.05,350.9,21.14,44.3,,-7.4
"2026-09-06 16:37:08",1764,1239,83392,41.65926,1.183687,2.2,348.3,21.21,44.1,,-7.4
"2026-09-06 16:37:09",1757,1232,83461,0,,2.2,345.8,21.26,43.95,,-7.4
"2026-09-06 16:37:10",1750,1225,83530,0,,2,349.3,21.34,43.75,,-7.3
"2026-09-06 16:37:11",1742,1217,83600,41.659317,1.183668,2.25,347.2,21.41,43.65,,-7.3
"2026-09-06 16:37:12",1735,1210,83669,0,,2,350.9,21.47,43.45,,-7.3
"2026-09-06 16:37:13",1728,1203,83737,0,,1.9,357.3,21.55,43.35,,-7.3
"2026-09-06 16:37:14",1721,1196,83806,41.659372,1.18366,2.2,349.4,21.61,43.2,,-7.4
"2026-09-06 16:37:15",1714,1189,83873,0,,2.05,354.6,21.67,43.05,,-7.4
"2026-09-06 16:37:16",1706,1181,83946,0,,2.05,354.6,21.75,42.95,,-7.4
"2026-09-06 16:37:17",1699,1174,84020,41.659407,1.183657,2.1,352.5,21.82,42.8,,-7.4
"2026-09-06 16:37:18",1691,1166,84096,0,,2.1,352.5,21.89,42.75,,-7.4
"2026-09-06 16:37:19",1683,1158,84172,0,,1.85,356.4,21.96,42.55,,-7.4
"2026-09-06 16:37:20",1675,1150,84248,41.659478,1.183647,2.05,354.3,22.03,42.4,,-7.4
"2026-09-06 16:37:21",1667,1142,84322,0,,1.95,356.2,22.1,42.3,,-7.5
"2026-09-06 16:37:22",1660,1135,84395,0,,1.85,358.6,22.16,42.15,,-7.5
"2026-09-06 16:37:23",1652,1127,84468,41.659527,1.183645,1.85,356.7,22.24,42.05,24.5,-7.5
"2026-09-06 16:37:24",1645,1120,84538,0,,1.85,352.2,22.3,41.9,,-7.5
"2026-09-06 16:37:25",1638,1113,84607,0,,1.65,354.1,22.38,41.75,,-7.5
"2026-09-06 16:37:26",1631,1106,84676,41.659573,1.183635,1.8,349.2,22.44,41.65,,-7.5
"2026-09-06 16:37:27",1623,1098,84745,0,,,,22.5,41.45,,-7.5
"2026-09-06 16:37:28",1616,1091,84815,0,,,,22.59,41.3,,-7.5
"2026-09-06 16:37:29",1609,1084,84886,0,,,,22.64,41.05,,-7.4
"2026-09-06 16:37:31",1594,1069,85026,0,,1.55,351.9,22.78,40.7,,-7.3
"2026-09-06 16:37:32",1587,1062,85096,41.65966,1.183627,1.6,348.8,22.86,40.5,,-7.3
"2026-09-06 16:37:33",1580,1055,85164,0,,1.55,347.1,22.92,40.25,,-7.3
"2026-09-06 16:37:34",1573,1048,85238,0,,1.45,350.3,22.98,39.95,,-7.3
"2026-09-06 16:37:35",1565,1040,85312,41.659702,1.183617,1.55,352,23.03,39.75,,-7.3
"2026-09-06 16:37:36",1557,1032,85386,0,,1.65,350.5,23.09,39.65,,-7.3
"2026-09-06 16:37:37",1550,1025,85460,0,,1.7,347.5,23.17,39.4,,-7.3
"2026-09-06 16:37:38",1542,1017,85534,41.659748,1.183602,1.7,344.1,23.23,39.25,,-7.4
"2026-09-06 16:37:39",1534,1009,85611,0,,2,336.1,23.31,39.1,,-7.4
"2026-09-06 16:37:40",1526,1001,85687,0,,1.8,335.9,23.37,38.95,,-7.5
"2026-09-06 16:37:41",1519,994,85764,41.659793,1.183575,1.8,337,23.45,38.8,,-7.5
"2026-09-06 16:37:42",1511,986,85837,0,,1.7,338.4,23.51,38.65,,-7.5
"2026-09-06 16:37:43",1504,979,85910,0,,1.65,337,23.58,38.45,,-7.5
"2026-09-06 16:37:44",1496,971,85984,41.659832,1.183552,1.75,335.6,23.64,38.35,,-7.6
"2026-09-06 16:37:45",1489,964,86055,0,,1.5,337.3,23.73,38.2,,-7.6
"2026-09-06 16:37:46",1482,957,86126,0,,1.75,333.3,23.78,38.15,,-7.5
"2026-09-06 16:37:47",1474,949,86198,41.659873,1.183525,1.75,332.6,23.86,38.05,,-7.5
"2026-09-06 16:37:49",1460,935,86342,0,,2,327.5,24.01,37.8,,-7.5
"2026-09-06 16:37:50",1452,927,86414,41.659915,1.18349,1.8,328.2,24.07,37.65,26,-7.5
"2026-09-06 16:37:51",1445,920,86483,0,,1.85,326.5,24.13,37.75,,-7.5
"2026-09-06 16:37:52",1438,913,86557,0,,1.85,326.5,24.18,37.9,,-7.4
"2026-09-06 16:37:53",1430,905,86632,41.659955,1.183453,1.75,323.5,24.24,38.1,,-7.4
"2026-09-06 16:37:54",1423,898,86703,0,,1.9,319.5,24.28,38.3,,-7.4
"2026-09-06 16:37:55",1416,891,86773,0,,2,318.8,24.35,38.4,,-7.3
"2026-09-06 16:37:56",1409,884,86844,41.659995,1.18341,1.7,321.8,24.41,38.45,,-7.3
"2026-09-06 16:37:57",1402,877,86914,0,,1.85,321.7,24.48,38.35,,-7.3
"2026-09-06 16:37:58",1394,869,86984,0,,1.95,322.3,24.55,38.05,,-7.3
"2026-09-06 16:37:59",1387,862,87054,41.66004,1.183365,2,325.1,24.63,37.75,,-7.3
"2026-09-06 16:38:01",1373,848,87199,0,,2.2,326.2,24.77,37.2,,-7.2
"2026-09-06 16:38:02",1366,841,87266,41.66009,1.18332,2.2,324.7,24.84,37,,-7.1
"2026-09-06 16:38:03",1359,834,87332,0,,2.15,325.5,24.91,36.8,,-7.1
"2026-09-06 16:38:04",1351,826,87412,0,,2.45,323.3,24.98,36.65,,-7.2
"2026-09-06 16:38:05",1343,818,87492,41.660138,1.183275,2.15,323,25.06,36.45,,-7.2
"2026-09-06 16:38:06",1336,811,87559,0,,,,25.13,36.3,,-7.2
"2026-09-06 16:38:07",1329,804,87632,0,,,,25.21,36.2,,-7.2
"2026-09-06 16:38:08",1322,797,87706,0,,,,25.3,36.05,,-7.3
"2026-09-06 16:38:09",1314,789,87780,0,,2.25,320.5,25.32,35.9,,-7.3
"2026-09-06 16:38:10",1307,782,87853,0,,2.15,322.3,25.39,35.75,,-7.3
"2026-09-06 16:38:11",1299,774,87926,41.660228,1.183185,2.15,319.3,25.48,35.5,,-7.3
"2026-09-06 16:38:12",1292,767,88001,0,,2.2,316.6,25.53,35.3,,-7.3
"2026-09-06 16:38:13",1285,760,88074,0,,1.95,314.4,25.58,35.2,,-7.3
"2026-09-06 16:38:14",1277,752,88148,41.660265,1.183127,2.3,311.1,25.65,35.2,,-7.5
"2026-09-06 16:38:15",1269,744,88227,0,,,,25.69,35.25,,-7.5
"2026-09-06 16:38:16",1262,737,88299,0,,,,25.74,35.25,,-7.4
"2026-09-06 16:38:17",1255,730,88372,0,,,,25.8,35.4,27.5,-7.3
"2026-09-06 16:38:18",1248,723,88439,0,,2.55,302.5,25.84,35.55,,-7.3
"2026-09-06 16:38:19",1241,716,88512,0,,2.55,302.5,25.89,35.7,,-7.3
"2026-09-06 16:38:20",1233,708,88586,41.660327,1.182998,2.7,302,25.96,35.75,,-7.3
"2026-09-06 16:38:21",1226,701,88661,0,,2.75,302,26.01,35.85,,-7.4
"2026-09-06 16:38:22",1218,693,88741,0,,2.35,300.8,26.06,35.9,,-7.4
"2026-09-06 16:38:23",1210,685,88822,41.660377,1.182897,2.5,302.7,26.12,35.95,,-7.5
"2026-09-06 16:38:24",1202,677,88899,0,,2.6,303.4,26.18,35.9,,-7.5
"2026-09-06 16:38:25",1194,669,88975,0,,2.45,302.5,26.25,35.9,,-7.5
"2026-09-06 16:38:26",1187,662,89052,41.660415,1.182822,2.5,303.9,26.3,35.9,,-7.5
"2026-09-06 16:38:27",1179,654,89130,0,,2.7,305.4,26.37,35.95,,-7.6
"2026-09-06 16:38:28",1171,646,89208,0,,2.75,305.6,26.41,35.95,,-7.6
"2026-09-06 16:38:29",1163,638,89286,41.66046,1.182737,2.9,306.1,26.46,36,,-7.6
"2026-09-06 16:38:31",1149,624,89430,0,,2.65,304.9,26.56,36.2,,-7.6
"2026-09-06 16:38:32",1142,617,89502,41.660507,1.182647,3.05,304.4,26.6,36.3,,-7.6
"2026-09-06 16:38:33",1135,610,89570,0,,3.05,304.9,26.63,36.4,,-7.6
"2026-09-06 16:38:34",1128,603,89643,0,,3.25,306.7,26.68,36.55,,-7.5
"2026-09-06 16:38:35",1121,596,89716,41.660563,1.182543,3.5,304.8,26.7,36.7,,-7.5
"2026-09-06 16:38:36",1113,588,89794,0,,3.95,306,26.73,36.8,,-7.4
"2026-09-06 16:38:37",1106,581,89870,0,,3.95,305,26.77,36.9,,-7.4
"2026-09-06 16:38:38",1098,573,89946,41.660623,1.182432,3.9,305.6,26.82,36.95,,-7.4
"2026-09-06 16:38:39",1090,565,90026,0,,,,26.86,37,,-7.4
"2026-09-06 16:38:40",1082,557,90105,0,,,,26.91,37.05,,-7.4
"2026-09-06 16:38:41",1075,550,90184,0,,,,26.98,37.05,,-7.4
"2026-09-06 16:38:42",1067,542,90261,0,,3.55,308,27.04,37.05,,-7.4
"2026-09-06 16:38:43",1059,534,90337,0,,3.55,307.5,27.08,37.05,,-7.5
"2026-09-06 16:38:44",1052,527,90414,41.660748,1.18222,4,309.8,27.15,37.05,29.5,-7.5
"2026-09-06 16:38:45",1045,520,90481,0,,4.05,309.9,27.18,37.05,,-7.5
"2026-09-06 16:38:46",1038,513,90553,0,,4.15,309.7,27.23,37.15,,-7.5
"2026-09-06 16:38:47",1031,506,90626,41.660827,1.1821,4.6,311.1,27.28,37.2,,-7.5
"2026-09-06 16:38:48",1023,498,90705,0,,4.8,311,27.32,37.3,,-7.5
"2026-09-06 16:38:49",1016,491,90782,0,,4.7,310.9,27.35,37.35,,-7.5
"2026-09-06 16:38:50",1008,483,90860,41.660908,1.181982,4.3,313.7,27.41,37.4,,-7.5
"2026-09-06 16:38:51",1000,475,90937,0,,,,27.45,37.45,,-7.5
"2026-09-06 16:38:52",993,468,91013,0,,,,27.51,37.45,,-7.4
"2026-09-06 16:38:53",986,461,91090,0,,,,27.57,37.45,,-7.4
"2026-09-06 16:38:54",978,453,91164,0,,4.85,317.5,27.62,37.5,,-7.4
"2026-09-06 16:38:55",971,446,91238,0,,4.85,317.5,27.67,37.55,,-7.4
"2026-09-06 16:38:56",964,439,91312,41.661108,1.181745,5,320.2,27.71,37.65,,-7.4
"2026-09-06 16:38:57",956,431,91388,0,,4.95,321.8,27.73,37.75,,-7.4
"2026-09-06 16:38:58",948,423,91470,0,,5.05,323.5,27.75,37.9,,-7.4
"2026-09-06 16:38:59",940,415,91552,41.661227,1.181628,5.8,324.5,27.78,38,,-7.5
"2026-09-06 16:39:01",925,400,91712,0,,6,322.3,27.83,38.2,,-7.6
"2026-09-06 16:39:02",917,392,91792,41.661363,1.181495,6.25,323.5,27.83,38.4,,-7.6
"2026-09-06 16:39:03",910,385,91865,0,,6.75,326.4,27.86,38.5,,-7.5
"2026-09-06 16:39:04",903,378,91937,0,,6.4,326.5,27.86,38.7,,-7.5
"2026-09-06 16:39:05",896,371,92010,41.661515,1.181367,6.55,327.8,27.87,38.85,,-7.5
"2026-09-06 16:39:06",889,364,92084,0,,6.95,328.6,27.86,39.1,,-7.5
"2026-09-06 16:39:07",881,356,92160,0,,6.85,330.4,27.85,39.4,,-7.5
"2026-09-06 16:39:08",874,349,92236,41.661678,1.181238,6.85,328.8,27.86,39.65,,-7.5
"2026-09-06 16:39:09",866,341,92323,0,,,,27.89,39.8,,-7.6
"2026-09-06 16:39:10",857,332,92409,0,,,,27.92,39.9,,-7.6
"2026-09-06 16:39:11",849,324,92496,0,,,,27.93,40.05,31,-7.6
"2026-09-06 16:39:12",842,317,92569,0,,,,27.95,40.15,,-7.6
"2026-09-06 16:39:13",835,310,92641,0,,,,27.98,40.25,,-7.5
"2026-09-06 16:39:14",828,303,92714,0,,,,28.01,40.4,,-7.4
"2026-09-06 16:39:15",820,295,92799,0,,8.2,331.6,27.97,40.9,,-7.5
"2026-09-06 16:39:16",812,287,92882,0,,7.7,336.9,27.94,41.4,,-7.6
"2026-09-06 16:39:17",804,279,92966,41.662242,1.180853,8.1,338.3,27.91,41.85,,-7.7
"2026-09-06 16:39:18",796,271,93047,0,,8.3,339.1,27.88,42.25,,-7.7
"2026-09-06 16:39:19",788,263,93133,0,,8.25,340,27.82,42.8,,-7.8
"2026-09-06 16:39:20",779,254,93220,41.662458,1.180753,8.45,340.4,27.8,43.3,,-7.9
"2026-09-06 16:39:21",771,246,93308,0,,8.45,343,27.75,43.75,,-7.9
"2026-09-06 16:39:22",762,237,93397,0,,8.9,344.8,27.71,44.25,,-7.9
"2026-09-06 16:39:23",754,229,93486,41.662693,1.180667,9.35,344.3,27.71,44.65,,-7.9
"2026-09-06 16:39:24",746,221,93566,0,,9.3,344.3,27.74,44.95,,-7.9
"2026-09-06 16:39:25",739,214,93645,0,,9.2,346.2,27.74,45.2,,-7.9
"2026-09-06 16:39:26",731,206,93724,41.662938,1.180597,9.3,348.2,27.74,45.5,,-8
"2026-09-06 16:39:27",723,198,93812,0,,9.25,347.4,27.74,45.85,,-8.1
"2026-09-06 16:39:28",714,189,93901,0,,8.95,348,27.75,46.05,,-8.1
"2026-09-06 16:39:29",706,181,93990,41.663183,1.180528,9.2,347.1,27.78,46.3,,-8.2
"2026-09-06 16:39:31",689,164,94166,0,,9.2,348.7,27.87,46.55,,-8.2
"2026-09-06 16:39:32",681,156,94254,41.663427,1.180455,9.15,346.6,27.92,46.7,,-8.2
"2026-09-06 16:39:33",672,147,94342,0,,9.2,345.1,27.98,46.7,,-8.2
"2026-09-06 16:39:34",664,139,94429,0,,9.2,344.1,28.05,46.8,,-8.2
"2026-09-06 16:39:35",656,131,94516,41.663657,1.180377,8.35,346.3,28.1,46.75,,-8.1
"2026-09-06 16:39:36",647,122,94603,0,,8.35,346.3,28.17,46.7,,-8.2
"2026-09-06 16:39:37",639,114,94696,0,,7.9,342.9,28.21,46.65,,-8.3
"2026-09-06 16:39:38",630,105,94790,41.663858,1.180293,7.7,341.3,28.27,46.55,32.25,-8.4
"2026-09-06 16:39:39",622,97,94873,0,,7.35,341.9,28.35,46.4,,-8.4
"2026-09-06 16:39:40",614,89,94955,0,,7.9,336.4,28.4,46.25,,-8.4
"2026-09-06 16:39:41",606,81,95038,41.664053,1.180177,7.75,332.2,28.47,46.1,,-8.3
"2026-09-06 16:39:42",599,74,95117,0,,7.75,332.4,28.5,46,,-8.2
"2026-09-06 16:39:43",591,66,95196,0,,8.1,331.9,28.52,45.85,,-8.2
"2026-09-06 16:39:44",584,59,95276,41.664247,1.180027,8.55,328.2,28.55,45.75,,-8.1
"2026-09-06 16:39:45",576,51,95356,0,,8.55,331.1,28.61,45.7,,-8
"2026-09-06 16:39:46",569,44,95437,0,,8.55,330.8,28.68,45.6,,-8
"2026-09-06 16:39:47",561,36,95518,41.664458,1.179868,9.15,330.3,28.77,45.5,,-7.9
"2026-09-06 16:39:48",553,28,95599,0,,9.25,329.6,28.85,45.4,,-7.8
"2026-09-06 16:39:49",546,21,95679,0,,8.7,327.9,28.94,45.35,,-7.7
"2026-09-06 16:39:50",538,13,95760,41.664657,1.179698,8.45,327,29.01,45.2,,-7.6
"2026-09-06 16:39:51",530,5,95840,0,,8.45,326.4,29.09,45.05,,-7.6
"2026-09-06 16:39:52",523,-1,95919,0,,7.85,327.6,29.18,44.95,,-7.6
"2026-09-06 16:39:53",516,-8,95998,41.664835,1.179542,7.6,326.6,29.24,44.8,,-7.5
"2026-09-06 16:39:54",508,-16,96075,0,,8.2,325.5,29.34,44.7,,-7.6
"2026-09-06 16:39:55",500,-24,96159,0,,7.8,324.5,29.44,44.55,,-7.6
"2026-09-06 16:39:56",492,-32,96244,41.665012,1.179382,7.8,327,29.55,44.4,,-7.6
"2026-09-06 16:39:57",484,-40,96333,0,,7.5,325.2,29.6,44.2,,-7.7
"2026-09-06 16:39:58",476,-48,96420,0,,7.3,319.9,29.68,44.05,,-7.8
"2026-09-06 16:39:59",467,-57,96508,41.665157,1.179215,6.75,315.4,29.81,43.95,,-7.8
"2026-09-06 19:05:15",430,-94,96904,0,,,,27.23,47.25,,
"2026-09-06 19:05:21",430,-94,96906,0,,,,27.2,47.4,,
"2026-09-06 19:05:27",430,-94,96906,0,,,,27.17,47.4,,0
"2026-09-06 19:05:33",430,-94,96904,0,,,,27.15,47.55,,0
"2026-09-06 19:05:39",430,-94,96906,0,,,,27.15,47.4,27.25,0
"2026-09-06 19:05:45",430,-94,96908,0,,,,27.14,47.4,,0
"2026-09-06 19:05:51",430,-94,96908,0,,,,27.15,47.4,,0
"2026-09-06 19:05:57",430,-94,96908,0,,,,27.14,47.55,,0
"2026-09-06 19:06:03",430,-94,96906,0,,,,27.11,47.6,,0
"2026-09-06 19:06:09",430,-94,96910,0,,,,27.09,47.55,,0
"2026-09-06 19:06:15",430,-94,96910,0,,,,27.07,47.75,,0
"2026-09-06 19:06:21",430,-94,96910,0,,,,27.06,47.75,,0
"2026-09-06 19:06:27",430,-94,96910,0,,,,27.04,47.65,,0
"2026-09-06 19:06:33",429,-95,96912,0,,,,27.02,47.75,27.25,0
"2026-09-06 19:06:39",430,-94,96908,0,,,,27,47.65,,0
"2026-09-06 19:06:45",429,-95,96912,0,,,,26.99,47.75,,0
"2026-09-06 19:06:51",430,-94,96906,0,,,,26.99,47.7,,0
"2026-09-06 19:06:57",429,-95,96912,0,,,,26.98,47.7,,0
"2026-09-06 19:07:03",429,-95,96916,0,,,,26.97,47.6,,-0.1
"2026-09-06 19:07:09",430,-94,96910,0,,,,26.97,47.75,,0
"2026-09-06 19:07:15",430,-94,96910,0,,,,27,47.55,,0
"2026-09-06 19:07:21",430,-94,96910,0,,,,27.03,47.45,,0
"2026-09-06 19:07:27",430,-94,96902,0,,,,27.05,48.55,27.5,0.1
