timestamp,msl,agl,pressure,latitude,longitude,speed,heading,temperature,relative_humidity,internal_temperature,rise_speed
"2025-10-02 22:42:11",451,-2,95614,-36.394202,-71.53031,4.4,99.2,27.7,26.4,,0
"2025-10-02 22:42:12",452,-1,95602,0,,5.6,92.7,27.63,26.3,,0.1
"2025-10-02 22:42:13",453,0,95591,0,,4.6,94.3,27.59,26.25,,0.2
"2025-10-02 22:42:14",454,0,95580,-36.394208,-71.530133,4.75,89.2,27.51,26.2,,0.2
"2025-10-02 22:42:15",457,3,95549,0,,5.65,82.5,27.41,26.2,,0.4
"2025-10-02 22:42:16",460,6,95519,0,,5.55,88,27.33,26.2,,0.6
"2025-10-02 22:42:17",463,9,95490,-36.394195,-71.529942,5.15,78.5,27.28,26.25,,0.8
"2025-10-02 22:42:18",465,11,95466,0,,5.6,72.6,27.2,26.3,,1
"2025-10-02 22:42:19",467,13,95443,0,,4.8,84.3,27.2,26.3,,1.1
"2025-10-02 22:42:20",469,15,95420,-36.394165,-71.52976,4.05,70.3,27.14,26.4,32.5,1.3
"2025-10-02 22:42:21",472,18,95390,0,,5.5,69.7,27.09,26.45,,1.6
"2025-10-02 22:42:22",475,21,95361,0,,5.2,89.9,27.07,26.5,,1.9
"2025-10-02 22:42:23",477,23,95332,-36.39413,-71.52958,7,76.5,27.05,26.55,,2.2
"2025-10-02 22:42:24",480,26,95309,0,,7.05,74.8,27,26.6,,2.3
"2025-10-02 22:42:25",482,28,95286,0,,5.95,82.1,26.97,26.7,,2.4
"2025-10-02 22:42:26",484,30,95264,-36.394087,-71.529375,6.3,76.4,26.92,26.7,,2.4
"2025-10-02 22:42:27",486,32,95242,0,,6.95,79,26.89,26.7,,2.4
"2025-10-02 22:42:28",488,34,95221,0,,5.85,77.9,26.92,26.75,,2.3
"2025-10-02 22:42:29",490,36,95200,-36.394048,-71.529175,6.1,69.2,26.92,26.8,,2.3
"2025-10-02 22:42:30",492,38,95176,0,,6.35,78.8,26.87,26.8,,2.2
"2025-10-02 22:42:31",494,40,95153,0,,5.75,88.4,26.88,26.8,,2.2
"2025-10-02 22:42:32",496,42,95130,-36.394023,-71.528978,5.2,76.8,26.85,26.8,,2.2
"2025-10-02 22:42:33",498,44,95106,0,,4.85,73.6,26.79,26.85,,2.2
"2025-10-02 22:42:34",501,47,95083,0,,5.45,83.1,26.75,26.9,,2.2
"2025-10-02 22:42:35",503,49,95060,-36.393993,-71.528807,5.3,76.3,26.75,26.95,,2.2
"2025-10-02 22:42:36",505,51,95036,0,,3.7,66.3,26.8,26.95,,2.1
"2025-10-02 22:42:37",507,53,95013,0,,4.25,68.8,26.75,26.95,,2.1
"2025-10-02 22:42:38",509,55,94990,-36.393955,-71.528665,5.7,72.6,26.72,26.95,,2.1
"2025-10-02 22:42:39",512,58,94963,0,,4.55,68.8,26.72,26.95,,2.2
"2025-10-02 22:42:40",514,60,94936,0,,4,66.7,26.68,26.95,,2.2
"2025-10-02 22:42:41",517,63,94910,-36.39391,-71.528523,5.35,70.5,26.64,27,,2.2
"2025-10-02 22:42:43",521,67,94864,0,,4.45,66.7,26.72,27,,2.2
"2025-10-02 22:42:44",523,69,94842,-36.39386,-71.528375,4.65,69.6,26.75,27,,2.2
"2025-10-02 22:42:46",527,73,94794,0,,4.2,67.2,26.76,27,,2.2
"2025-10-02 22:42:47",530,76,94772,-36.393815,-71.528228,5.05,66.1,26.83,27,34.25,2.2
"2025-10-02 22:42:48",533,79,94737,0,,4,64.6,26.84,26.95,,2.3
"2025-10-02 22:42:49",536,82,94703,0,,4.1,64.3,26.88,26.95,,2.4
"2025-10-02 22:42:50",539,85,94670,-36.393767,-71.528082,4.9,68.5,26.94,26.9,,2.5
"2025-10-02 22:42:51",540,86,94658,0,,4.45,51.9,27.04,26.85,,2.4
"2025-10-02 22:42:52",541,87,94647,0,,5.9,50.9,27.14,26.8,,2.3
"2025-10-02 22:42:53",542,88,94636,-36.393688,-71.527932,6.2,63.4,27.14,26.7,,2.1
"2025-10-02 22:42:55",548,94,94572,0,,5.7,52.2,27.13,26.55,,2.3
"2025-10-02 22:42:56",551,97,94540,-36.393602,-71.527768,7.05,60.6,27.08,26.45,,2.3
"2025-10-02 22:42:57",554,100,94516,0,,,,27.03,26.4,,2.3
"2025-10-02 22:42:58",556,102,94493,0,,,,26.97,26.35,,2.3
"2025-10-02 22:42:59",558,104,94470,0,,,,26.93,26.35,,2.3
"2025-10-02 22:43:02",570,116,94342,-36.393417,-71.527423,6.6,66,26.75,26.5,,2.6
"2025-10-02 22:43:04",579,125,94241,0,,6.85,49.4,26.75,26.6,,3
"2025-10-02 22:43:05",584,130,94192,-36.393313,-71.527233,5.95,56.5,26.83,26.6,,3.3
"2025-10-02 22:43:07",589,135,94138,0,,6.2,51.6,26.75,26.55,,3.4
"2025-10-02 22:43:08",592,138,94112,-36.393222,-71.527062,7.2,56.6,26.71,26.55,,3.3
"2025-10-02 22:43:10",596,142,94061,0,,6.8,56.5,26.82,26.55,,3.3
"2025-10-02 22:43:11",599,145,94036,-36.393125,-71.526855,7.25,51.8,26.8,26.55,,3.3
"2025-10-02 22:43:13",603,149,93985,0,,6.95,57.4,27,26.45,,3.3
"2025-10-02 22:43:14",606,152,93960,-36.39302,-71.52665,7.65,58.9,27.08,26.4,37,3
"2025-10-02 22:43:16",606,152,93954,0,,8,51.5,27.46,26.2,,2.3
"2025-10-02 22:43:17",607,153,93952,-36.392903,-71.526438,7.3,60.5,27.43,26.1,,1.9
"2025-10-02 22:43:18",608,154,93936,0,,6.85,60.7,27.37,25.95,,1.9
"2025-10-02 22:43:19",610,156,93921,0,,6.85,60.7,27.31,25.9,,1.7
"2025-10-02 22:43:20",611,157,93906,-36.392807,-71.526223,7.2,56,27.34,25.9,,1.6
"2025-10-02 22:43:21",612,158,93892,0,,7.55,55.2,27.27,25.95,,1.6
"2025-10-02 22:43:22",614,160,93879,0,,7.95,60.8,27.22,25.95,,1.4
"2025-10-02 22:43:23",615,161,93866,-36.392692,-71.526012,7.1,49,27.2,25.95,,1.3
"2025-10-02 22:43:24",615,161,93865,0,,9,56.3,27.11,26,,1.2
"2025-10-02 22:43:25",615,161,93864,0,,7.95,58,27.2,25.95,,1
"2025-10-02 22:43:26",615,161,93864,-36.392567,-71.52579,7.35,52.4,27.17,26,,0.8
"2025-10-02 22:43:27",616,162,93850,0,,9,53.5,27.18,26.05,,0.8
"2025-10-02 22:43:28",618,164,93836,0,,7.95,54,27.2,26.15,,0.8
"2025-10-02 22:43:29",619,165,93822,-36.392437,-71.525573,6.8,54,27.2,26.15,,1
"2025-10-02 22:43:30",619,165,93818,0,,8.5,57.8,27.2,26.15,,1
"2025-10-02 22:43:31",620,166,93814,0,,7.95,56.4,27.14,26.15,,0.9
"2025-10-02 22:43:32",620,166,93810,-36.392317,-71.525352,7.7,51.5,27.07,26.2,,0.8
"2025-10-02 22:43:33",620,166,93807,0,,7.85,57.6,27.06,26.25,,0.7
"2025-10-02 22:43:34",620,166,93805,0,,7.3,56.7,27.08,26.35,,0.6
"2025-10-02 22:43:35",621,167,93804,-36.392197,-71.52514,8.35,47.9,27.12,26.4,,0.5
"2025-10-02 22:43:36",622,168,93788,0,,8.55,53.7,27.09,26.35,,0.6
"2025-10-02 22:43:37",624,170,93773,0,,8,49.4,27.05,26.35,,0.7
"2025-10-02 22:43:38",625,171,93758,-36.392052,-71.524925,9.05,45.8,26.96,26.35,,0.8
"2025-10-02 22:43:39",626,172,93745,0,,6.95,54.6,26.89,26.4,,0.8
"2025-10-02 22:43:40",627,173,93733,0,,7.95,47.7,26.84,26.4,,0.8
"2025-10-02 22:43:41",628,174,93722,-36.39191,-71.524727,8.8,43.4,26.84,26.5,39.5,0.8
"2025-10-02 22:43:43",633,179,93675,0,,7.9,44.8,26.82,26.55,,1.1
"2025-10-02 22:43:44",635,181,93652,-36.391753,-71.524537,8.35,44.3,26.8,26.6,,1.2
"2025-10-02 22:43:45",636,182,93643,0,,6.45,53.6,26.8,26.65,,1.3
"2025-10-02 22:43:46",637,183,93634,0,,8.05,46.5,26.79,26.65,,1.3
"2025-10-02 22:43:47",637,183,93626,-36.391615,-71.524348,8.1,42.8,26.75,26.7,,1.4
"2025-10-02 22:43:48",638,184,93619,0,,6.8,48.4,26.7,26.7,,1.3
"2025-10-02 22:43:49",639,185,93612,0,,6.85,46.2,26.6,26.75,,1.3
"2025-10-02 22:43:50",639,185,93606,-36.391478,-71.524173,8.15,43,26.52,26.7,,1.2
"2025-10-02 22:43:51",642,188,93580,0,,8.55,42.3,26.44,26.75,,1.3
"2025-10-02 22:43:52",644,190,93555,0,,8.55,42.3,26.31,26.85,,1.4
"2025-10-02 22:43:53",647,193,93530,-36.391302,-71.52398,9,40,26.2,26.95,,1.5
"2025-10-02 22:43:54",649,195,93500,0,,8.35,45.1,26.12,27.05,,1.6
"2025-10-02 22:43:55",652,198,93469,0,,8.85,39.9,26.05,27.2,,1.7
"2025-10-02 22:43:56",655,201,93438,-36.39112,-71.5238,8.6,24.4,25.98,27.25,,1.7
"2025-10-02 22:43:57",659,205,93403,0,,9.25,42.6,25.93,27.3,,1.8
"2025-10-02 22:43:58",662,208,93369,0,,9.9,36.6,25.86,27.45,,2
"2025-10-02 22:43:59",665,211,93336,-36.390918,-71.52362,8.5,31.6,25.82,27.6,,2.2
"2025-10-02 22:44:00",669,215,93297,0,,,,25.8,27.75,,2.5
"2025-10-02 22:44:01",672,218,93259,0,,,,25.74,27.85,,2.8
"2025-10-02 22:44:02",676,222,93222,0,,,,25.71,27.95,,3
"2025-10-02 22:44:03",680,226,93178,0,,11.35,36.1,25.68,28,,3.2
"2025-10-02 22:44:04",684,230,93135,0,,11.15,29.8,25.61,28.05,,3.3
"2025-10-02 22:44:05",688,234,93092,-36.39045,-71.523212,10,33.4,25.56,28.15,,3.4
"2025-10-02 22:44:06",693,239,93038,0,,,,25.54,28.2,,3.6
"2025-10-02 22:44:07",698,244,92982,0,,,,25.45,28.25,,3.8
"2025-10-02 22:44:08",704,250,92926,0,,,,25.44,28.35,39.25,4
"2025-10-02 22:44:09",710,256,92862,0,,9.7,32.3,25.37,28.45,,4.3
"2025-10-02 22:44:10",716,262,92801,0,,9.85,43.3,25.36,28.55,,4.5
"2025-10-02 22:44:11",721,267,92740,-36.390017,-71.522818,7.15,39.9,25.48,28.7,,4.7
"2025-10-02 22:44:12",728,274,92669,0,,7.15,39.9,25.61,28.85,,4.9
"2025-10-02 22:44:13",735,281,92596,0,,8,43.3,25.76,29,,5.1
"2025-10-02 22:44:14",742,288,92524,-36.389847,-71.522663,8.8,44.6,25.88,29,,5.4
"2025-10-02 22:44:15",750,296,92435,0,,6.35,0.9,25.94,28.95,,5.8
"2025-10-02 22:44:16",759,305,92345,0,,8.45,33.5,25.94,28.7,,6.1
"2025-10-02 22:44:17",768,314,92256,-36.389675,-71.52254,7.7,46.6,25.97,28.65,,6.5
"2025-10-02 22:44:18",776,322,92165,0,,6.5,14.8,26.02,28.75,,6.9
"2025-10-02 22:44:19",785,331,92073,0,,5.55,26,26.11,28.75,,7.2
"2025-10-02 22:44:20",794,340,91982,-36.389525,-71.522442,6.5,28.2,26.1,28.65,,7.5
"2025-10-02 22:44:21",804,350,91878,0,,6.5,28.2,26.12,28.55,,7.7
"2025-10-02 22:44:22",814,360,91775,0,,4.85,43.6,26.15,28.55,,8
"2025-10-02 22:44:23",824,370,91672,-36.389395,-71.522358,5.3,39.5,26.22,28.65,,8.3
"2025-10-02 22:44:24",835,381,91552,0,,5.85,15,26.28,28.65,,8.8
"2025-10-02 22:44:25",847,393,91432,0,,5.5,55.4,26.32,28.65,,9.1
"2025-10-02 22:44:26",858,404,91312,-36.389288,-71.522228,6.95,61.5,26.39,28.6,,9.5
"2025-10-02 22:44:27",868,414,91211,0,,6.5,28.3,26.44,28.6,,9.8
"2025-10-02 22:44:28",878,424,91113,0,,4.8,31.1,26.48,28.5,,9.9
"2025-10-02 22:44:29",887,433,91016,-36.38917,-71.522113,4.6,43.3,26.52,28.45,,9.9
"2025-10-02 22:44:30",897,443,90910,0,,5,34.1,26.53,28.3,,10
"2025-10-02 22:44:31",908,454,90802,0,,5,36.4,26.53,28.25,,10.1
"2025-10-02 22:44:32",918,464,90694,-36.389063,-71.522013,4.55,33.8,26.5,28.1,,10.3
"2025-10-02 22:44:33",928,474,90601,0,,5.15,25.6,26.47,28.05,,10.3
"2025-10-02 22:44:34",936,482,90512,0,,5.9,44.6,26.42,28,,10.2
"2025-10-02 22:44:35",945,491,90424,-36.388942,-71.5219,7.4,38,26.34,27.85,38.25,10.1
"2025-10-02 22:44:36",951,497,90358,0,,6.55,28.5,26.25,27.8,,9.8
"2025-10-02 22:44:37",958,504,90289,0,,4.05,31.2,26.16,27.8,,9.5
"2025-10-02 22:44:38",965,511,90220,-36.38881,-71.521783,7.4,51.2,26.1,27.8,,9.1
"2025-10-02 22:44:39",973,519,90136,0,,7.7,16.2,26.03,27.85,,8.7
"2025-10-02 22:44:40",981,527,90057,0,,5.6,18.1,25.88,27.85,,8.6
"2025-10-02 22:44:41",988,534,89978,-36.388652,-71.521677,6.95,52.7,25.73,27.9,,8.4
"2025-10-02 22:44:43",1006,552,89802,0,,7.1,23.9,25.37,28.05,,8.1
"2025-10-02 22:44:44",1014,560,89714,-36.388495,-71.521552,5.95,28.8,25.36,28.2,,8
"2025-10-02 22:44:45",1023,569,89629,0,,6,31.1,25.2,28.35,,8
"2025-10-02 22:44:46",1031,577,89544,0,,6,34.2,25.09,28.5,,8
"2025-10-02 22:44:47",1039,585,89460,-36.388355,-71.521445,6.6,27.7,24.99,28.65,,7.9
"2025-10-02 22:44:48",1050,596,89354,0,,7.65,48.9,24.93,28.85,,8.2
"2025-10-02 22:44:49",1060,606,89249,0,,7,33.8,24.85,29,,8.5
"2025-10-02 22:44:50",1070,616,89144,-36.388212,-71.521303,6,29.6,24.71,29.05,,8.8
"2025-10-02 22:44:51",1080,626,89043,0,,,,24.62,29.15,,8.9
"2025-10-02 22:44:52",1091,637,88936,0,,,,24.52,29.25,,9.1
"2025-10-02 22:44:53",1101,647,88830,0,,,,24.43,29.35,,9.3
"2025-10-02 22:44:54",1111,657,88732,0,,9.4,26.9,24.34,29.55,,9.5
"2025-10-02 22:44:55",1120,666,88638,0,,8.8,24.8,24.17,29.55,,9.4
"2025-10-02 22:44:56",1130,676,88544,-36.387833,-71.521002,7.85,38.5,23.94,29.55,,9.6
"2025-10-02 22:44:57",1141,687,88431,0,,11.25,38.6,23.75,29.7,,9.8
"2025-10-02 22:44:58",1152,698,88315,0,,10.95,36.6,23.52,29.85,,10
"2025-10-02 22:44:59",1164,710,88200,-36.387618,-71.520783,9,49.1,23.35,30,,10.2
"2025-10-02 22:45:01",1177,723,88068,0,,5.2,35.2,23.05,30.05,,9.7
"2025-10-02 22:45:02",1183,729,88004,-36.387492,-71.520632,7,30.5,22.92,30.35,37.5,9.4
"2025-10-02 22:45:03",1186,732,87972,0,,6.2,57.1,22.8,30.6,,9
"2025-10-02 22:45:04",1190,736,87939,0,,6.8,32.7,22.71,30.85,,8.4
"2025-10-02 22:45:05",1193,739,87906,-36.387348,-71.52048,6.2,26,22.62,31,,7.9
"2025-10-02 22:45:06",1197,743,87869,0,,5.65,30.6,22.45,30.95,,7.3
"2025-10-02 22:45:07",1200,746,87834,0,,7.6,27.3,22.19,30.8,,6.8
"2025-10-02 22:45:08",1203,749,87800,-36.387188,-71.520378,6.7,22.3,22.08,30.8,,6.4
"2025-10-02 22:45:09",1208,754,87756,0,,6.55,26.5,21.86,30.85,,6
"2025-10-02 22:45:10",1212,758,87710,0,,7.25,21.7,21.67,30.9,,5.5
"2025-10-02 22:45:11",1217,763,87664,-36.38702,-71.52029,6.25,17.2,21.49,30.95,,5
"2025-10-02 22:45:12",1221,767,87619,0,,5.95,3.6,21.38,31.25,,4.4
"2025-10-02 22:45:13",1226,772,87575,0,,7.15,14.2,21.34,31.6,,4.4
"2025-10-02 22:45:14",1230,776,87532,-36.38684,-71.52025,8.2,9.9,21.27,31.9,,4.1
"2025-10-02 22:45:15",1236,782,87467,0,,8.35,8.7,21.19,32.1,,4.2
"2025-10-02 22:45:16",1243,789,87403,0,,8,358.2,21.06,32.35,,4.4
"2025-10-02 22:45:17",1249,795,87340,-36.386633,-71.520233,6.2,354.5,20.94,32.4,,4.7
"2025-10-02 22:45:18",1256,802,87272,0,,5.85,0.8,20.84,32.5,,4.9
"2025-10-02 22:45:19",1262,808,87207,0,,8,32.1,20.8,32.75,,5.2
"2025-10-02 22:45:20",1269,815,87142,-36.38647,-71.520157,7.3,45.6,20.76,33.1,,5.4
"2025-10-02 22:45:21",1274,820,87085,0,,9,26,20.76,33.35,,5.5
"2025-10-02 22:45:22",1280,826,87028,0,,7.5,18.1,20.73,33.55,,5.6
"2025-10-02 22:45:23",1286,832,86972,-36.386283,-71.520045,5.55,28.2,20.68,33.7,,5.7
"2025-10-02 22:45:24",1289,835,86940,0,,4.85,31.2,20.65,33.8,,5.6
"2025-10-02 22:45:25",1292,838,86909,0,,6.55,42.4,20.62,33.95,,5.5
"2025-10-02 22:45:26",1295,841,86878,-36.386147,-71.51991,9.85,45.4,20.6,34.05,,5.4
"2025-10-02 22:45:28",1305,851,86779,0,,8,36.6,20.52,34.2,,5.2
"2025-10-02 22:45:29",1310,856,86730,-36.385952,-71.519723,7.2,13,20.51,34.2,36.25,5.1
"2025-10-02 22:45:31",1319,865,86636,0,,4.1,48,20.42,34.3,,4.9
"2025-10-02 22:45:32",1324,870,86590,-36.385843,-71.519625,4.3,34.5,20.35,34.35,,4.8
"2025-10-02 22:45:34",1331,877,86521,0,,2.1,68.4,20.26,34.35,,4.3
"2025-10-02 22:45:35",1334,880,86488,-36.385793,-71.519545,4.15,23.4,20.2,34.25,,4.2
"2025-10-02 22:45:37",1341,887,86423,0,,5,39,19.98,34,,4
"2025-10-02 22:45:38",1344,890,86392,-36.385678,-71.519465,4.35,34.3,19.83,33.95,,4
"2025-10-02 22:45:40",1348,894,86345,0,,3.8,18,19.8,33.4,,3.8
"2025-10-02 22:45:41",1351,897,86322,-36.385587,-71.51942,4.6,23.5,19.63,33.15,,3.5
"2025-10-02 22:45:44",1359,905,86240,-36.385473,-71.519368,5.7,26.7,19.42,33.35,,2.9
"2025-10-02 22:45:46",1363,909,86202,0,,5.3,15.5,19.35,33.7,,2.7
"2025-10-02 22:45:47",1365,911,86184,-36.385337,-71.519323,6.35,19.7,19.34,33.8,,2.5
"2025-10-02 22:45:48",1368,914,86152,0,,6.35,17.7,19.35,34,,2.6
"2025-10-02 22:45:49",1371,917,86119,0,,6.1,27.9,19.36,34.25,,2.6
"2025-10-02 22:45:50",1374,920,86086,-36.385185,-71.519237,6.35,37.4,19.38,34.4,,2.6
"2025-10-02 22:45:51",1379,925,86042,0,,6.35,42.9,19.4,34.6,,2.7
"2025-10-02 22:45:52",1383,929,86001,0,,5.1,44.6,19.42,34.7,,2.9
"2025-10-02 22:45:53",1387,933,85960,-36.385077,-71.519103,4.6,60.3,19.42,34.8,,3
"2025-10-02 22:45:55",1392,938,85906,0,,2.8,79.4,19.43,35,,3
"2025-10-02 22:45:56",1395,941,85880,-36.385055,-71.518998,1.65,104.8,19.48,35.1,34.75,3
"2025-10-02 22:45:57",1395,941,85881,0,,2.15,314.7,19.46,35.1,,2.8
"2025-10-02 22:45:58",1395,941,85882,0,,3.1,325.9,19.44,35,,2.6
"2025-10-02 22:45:59",1395,941,85884,-36.385012,-71.51904,2,314.4,19.38,34.85,,2.5
"2025-10-02 22:46:00",1393,939,85900,0,,4.7,316,19.38,34.55,,2.1
"2025-10-02 22:46:01",1391,937,85917,0,,4.7,316,19.39,34.55,,1.7
"2025-10-02 22:46:02",1390,936,85934,-36.384923,-71.519082,3.25,349.1,19.44,34.6,,1.3
"2025-10-02 22:46:03",1391,937,85921,0,,5.7,330.2,19.42,34.6,,1
"2025-10-02 22:46:04",1392,938,85909,0,,6.4,338,19.38,34.55,,0.8
"2025-10-02 22:46:05",1393,939,85898,-36.384787,-71.51916,5.9,333.4,19.36,34.55,,0.5
"2025-10-02 22:46:06",1394,940,85886,0,,7,345.8,19.38,34.55,,0.6
"2025-10-02 22:46:07",1396,942,85874,0,,7.6,4.7,19.42,34.55,,0.3
"2025-10-02 22:46:08",1397,943,85862,-36.384603,-71.519192,6.6,351.4,19.42,34.6,,0.2
"2025-10-02 22:46:09",1400,946,85826,0,,7.6,355.1,19.39,34.6,,0.5
"2025-10-02 22:46:10",1404,950,85790,0,,7.6,5.9,19.36,34.65,,0.8
"2025-10-02 22:46:11",1408,954,85754,-36.384405,-71.51919,7.05,8.1,19.35,34.6,,1.1
"2025-10-02 22:46:12",1411,957,85723,0,,6.4,9.5,19.35,34.55,,1.5
"2025-10-02 22:46:13",1414,960,85694,0,,6.1,6,19.35,34.5,,1.9
"2025-10-02 22:46:14",1417,963,85666,-36.384238,-71.519168,5.05,357.7,19.35,34.5,,2.2
"2025-10-02 22:46:15",1420,966,85631,0,,6.1,358.6,19.34,34.55,,2.3
"2025-10-02 22:46:16",1423,969,85597,0,,6.85,352.4,19.31,34.65,,2.5
"2025-10-02 22:46:17",1427,973,85564,-36.384073,-71.519173,7,9.2,19.25,34.65,,2.7
"2025-10-02 22:46:18",1431,977,85518,0,,7.55,10,19.2,34.7,,3.1
"2025-10-02 22:46:19",1436,982,85472,0,,6.1,18.5,19.17,34.8,,3.4
"2025-10-02 22:46:20",1441,987,85426,-36.383902,-71.519118,5.7,27.1,19.16,34.9,,3.7
"2025-10-02 22:46:21",1444,990,85395,0,,5.05,24.4,19.14,34.95,,3.6
"2025-10-02 22:46:22",1447,993,85364,0,,4.55,12.4,19.13,34.95,,3.6
"2025-10-02 22:46:23",1450,996,85334,-36.383773,-71.519062,5.35,21.2,19.09,35,33.75,3.5
"2025-10-02 22:46:24",1455,1001,85283,0,,6.25,37.6,19.04,35,,3.6
"2025-10-02 22:46:25",1461,1007,85230,0,,4.35,28.5,19.02,35.05,,3.8
"2025-10-02 22:46:26",1466,1012,85178,-36.383655,-71.518972,4.5,33.1,18.96,35.1,,4
"2025-10-02 22:46:27",1470,1016,85132,0,,5.1,34.4,18.93,35.15,,4.2
"2025-10-02 22:46:28",1475,1021,85087,0,,3.95,40.4,18.89,35.15,,4.2
"2025-10-02 22:46:29",1480,1026,85042,-36.383558,-71.518885,3.95,34.8,18.81,35.2,,4.3
"2025-10-02 22:46:31",1488,1034,84962,0,,3.65,68.9,18.7,35.25,,4.3
"2025-10-02 22:46:32",1492,1038,84922,-36.383513,-71.518783,3.7,63.9,18.66,35.3,,4.3
"2025-10-02 22:46:33",1494,1040,84896,0,,2.15,59.8,18.6,35.1,,4.1
"2025-10-02 22:46:34",1497,1043,84871,0,,1.5,9.6,18.58,34.75,,4.1
"2025-10-02 22:46:35",1499,1045,84846,-36.38348,-71.518727,2.25,66.1,18.49,34.25,,4
"2025-10-02 22:46:36",1501,1047,84830,0,,2.65,61.1,18.42,33.45,,3.9
"2025-10-02 22:46:37",1503,1049,84815,0,,0.1,61.1,18.35,33,,3.7
"2025-10-02 22:46:38",1504,1050,84800,-36.383453,-71.518688,0.1,61.1,18.3,32.8,,3.4
"2025-10-02 22:46:39",1505,1051,84793,0,,1.9,33.4,18.27,32.35,,2.9
"2025-10-02 22:46:40",1505,1051,84786,0,,2.3,57.5,18.22,32.05,,2.5
"2025-10-02 22:46:41",1506,1052,84780,-36.383415,-71.518643,2.25,41.4,18.16,31.5,,2.2
"2025-10-02 22:46:43",1508,1054,84764,0,,2.65,51,18.07,30.4,,2
"2025-10-02 22:46:44",1509,1055,84756,-36.383365,-71.518595,1.9,23.8,18.04,29.95,,1.6
"2025-10-02 22:46:45",1510,1056,84739,0,,2.4,36.3,18,29.6,,1.4
"2025-10-02 22:46:46",1512,1058,84723,0,,2.75,58.5,17.97,29.45,,1.3
"2025-10-02 22:46:47",1513,1059,84708,-36.383318,-71.51854,2,44,17.96,29.25,,1.3
"2025-10-02 22:46:48",1513,1059,84715,0,,1.8,52,17.96,29.15,,1
"2025-10-02 22:46:49",1512,1058,84723,0,,2.25,58.3,17.96,29.05,,0.8
"2025-10-02 22:46:50",1511,1057,84732,-36.383282,-71.518485,2.45,43.1,17.97,29,33,0.7
"2025-10-02 22:46:51",1511,1057,84730,0,,2.1,60.7,17.96,29.1,,0.5
"2025-10-02 22:46:52",1511,1057,84729,0,,2.3,56.1,17.96,29.15,,0.5
"2025-10-02 22:46:53",1511,1057,84728,-36.383242,-71.518425,2.65,33.6,17.96,29.05,,0.4
"2025-10-02 22:46:54",1513,1059,84716,0,,2.25,60.6,17.95,28.85,,0.5
"2025-10-02 22:46:55",1514,1060,84704,0,,2.45,56,17.96,28.8,,0.5
"2025-10-02 22:46:56",1515,1061,84692,-36.383198,-71.518362,2.65,37,17.96,28.7,,0.5
"2025-10-02 22:46:57",1515,1061,84690,0,,2.8,57.6,17.98,28.5,,0.4
"2025-10-02 22:46:58",1515,1061,84689,0,,2.4,37.5,17.96,28.35,,0.3
"2025-10-02 22:46:59",1515,1061,84688,-36.38315,-71.518302,1.6,41,17.96,28.35,,0.2
"2025-10-02 22:47:00",1516,1062,84687,0,,3.1,59.1,17.92,28.4,,0.2
"2025-10-02 22:47:01",1516,1062,84686,0,,3.1,36.8,17.87,28.45,,0.3
"2025-10-02 22:47:02",1516,1062,84686,-36.3831,-71.518237,2.15,36.7,17.85,28.5,,0.4
"2025-10-02 22:47:03",1515,1061,84696,0,,3.1,62.3,17.84,28.6,,0.3
"2025-10-02 22:47:04",1514,1060,84705,0,,3.1,45.1,17.83,28.75,,0.2
"2025-10-02 22:47:05",1513,1059,84714,-36.383052,-71.518165,2.25,41,17.82,28.9,,0.1
"2025-10-02 22:47:06",1513,1059,84712,0,,3.15,58.3,17.83,28.95,,0
"2025-10-02 22:47:07",1513,1059,84711,0,,3.05,37.4,17.86,28.95,,-0.1
"2025-10-02 22:47:08",1513,1059,84710,-36.382998,-71.518098,2.2,30.9,17.84,28.9,,-0.2
"2025-10-02 22:47:09",1514,1060,84701,0,,2.8,53.2,17.87,28.7,,-0.1
"2025-10-02 22:47:10",1515,1061,84692,0,,3.2,42.1,17.88,28.6,,0
"2025-10-02 22:47:11",1516,1062,84684,-36.382943,-71.518032,2.4,47.3,17.9,28.75,,0
"2025-10-02 22:47:13",1516,1062,84682,0,,2.95,28.3,17.91,28.4,,0
"2025-10-02 22:47:14",1516,1062,84682,-36.382892,-71.517975,2.3,37.4,17.91,27.85,,0
"2025-10-02 22:47:15",1516,1062,84686,0,,2.75,63.5,17.95,27.2,,0
"2025-10-02 22:47:16",1515,1061,84690,0,,2.85,34.1,17.92,26.75,,0.1
"2025-10-02 22:47:17",1515,1061,84694,-36.382843,-71.517915,1.85,39.3,17.92,26.5,32.5,0.1
"2025-10-02 22:47:18",1515,1061,84691,0,,2.8,63.5,17.92,26.45,,0.2
"2025-10-02 22:47:19",1515,1061,84688,0,,2.9,36.2,17.9,26.85,,0.2
"2025-10-02 22:47:20",1516,1062,84686,-36.382797,-71.517855,2.4,36.8,17.89,27.35,,0.2
"2025-10-02 22:47:21",1516,1062,84687,0,,3.25,60.4,17.87,27.75,,0.1
"2025-10-02 22:47:22",1515,1061,84688,0,,2.7,42.7,17.88,28.25,,0
"2025-10-02 22:47:23",1515,1061,84690,-36.38275,-71.517788,1.8,40.9,17.87,28.6,,0
"2025-10-02 22:47:24",1515,1061,84688,0,,3.1,69,17.84,28.95,,0
"2025-10-02 22:47:25",1516,1062,84687,0,,2.7,42,17.81,29.2,,0
"2025-10-02 22:47:26",1516,1062,84686,-36.38271,-71.517722,2,27.1,17.79,29.3,,0
"2025-10-02 22:47:27",1516,1062,84684,0,,2.9,61.2,17.81,29.4,,0
"2025-10-02 22:47:28",1516,1062,84683,0,,3.1,51.1,17.83,29.4,,0
"2025-10-02 22:47:29",1516,1062,84682,-36.382663,-71.517652,2.55,48.4,17.83,29.35,,0.1
"2025-10-02 22:47:31",1516,1062,84682,0,,2.15,37,17.8,29.25,,0.1
"2025-10-02 22:47:32",1516,1062,84682,-36.382627,-71.517592,2.15,43.9,17.8,29.15,,0.1
"2025-10-02 22:47:33",1516,1062,84687,0,,2.85,72,17.82,29,,0
"2025-10-02 22:47:34",1515,1061,84692,0,,1.95,36.6,17.84,28.85,,0
"2025-10-02 22:47:35",1514,1060,84698,-36.382592,-71.517532,1.6,40.6,17.84,28.45,,-0.1
"2025-10-02 22:47:36",1515,1061,84695,0,,2.45,53.8,17.84,28,,0
"2025-10-02 22:47:37",1515,1061,84692,0,,1.85,29.6,17.86,27.65,,0
"2025-10-02 22:47:38",1515,1061,84690,-36.38255,-71.517487,2.2,31.3,17.86,27.3,,0
"2025-10-02 22:47:39",1514,1060,84701,0,,2.65,59.8,17.89,27.05,,-0.1
"2025-10-02 22:47:40",1513,1059,84712,0,,2,45.3,17.89,26.8,,-0.2
"2025-10-02 22:47:41",1512,1058,84724,-36.382507,-71.517428,2.5,40,17.9,26.6,,-0.4
"2025-10-02 22:47:43",1512,1058,84722,0,,2.85,53.4,17.91,26.4,,-0.3
"2025-10-02 22:47:44",1512,1058,84722,-36.382458,-71.517367,2.25,40.9,17.91,26.3,31.75,-0.3
"2025-10-02 22:47:45",1513,1059,84713,0,,2.6,65.5,17.95,26.2,,-0.2
"2025-10-02 22:47:46",1514,1060,84704,0,,2.15,45.9,17.95,26,,-0.1
"2025-10-02 22:47:47",1515,1061,84696,-36.382418,-71.517307,2.45,40.1,17.95,25.75,,0
"2025-10-02 22:47:48",1515,1061,84693,0,,3,66.8,17.95,25.5,,0
"2025-10-02 22:47:49",1515,1061,84690,0,,2.25,50,17.96,25.35,,0
"2025-10-02 22:47:50",1515,1061,84688,-36.382375,-71.517238,2.9,31.8,17.96,25.25,,0
"2025-10-02 22:47:51",1515,1061,84696,0,,2.8,57.5,17.99,25.05,,-0.1
"2025-10-02 22:47:52",1514,1060,84705,0,,2.25,58.1,18,24.95,,0
"2025-10-02 22:47:53",1513,1059,84714,-36.382333,-71.51717,2.45,49.9,18.03,24.95,,0
"2025-10-02 22:47:54",1514,1060,84704,0,,2.95,62.3,18.05,24.85,,0.2
"2025-10-02 22:47:55",1515,1061,84694,0,,2.4,52.5,18.06,24.75,,0.2
"2025-10-02 22:47:56",1516,1062,84684,-36.382292,-71.5171,2.55,37.4,18.07,24.6,,0.3
"2025-10-02 22:47:58",1515,1061,84692,0,,2.5,45,18.04,24.35,,0.1
"2025-10-02 22:47:59",1515,1061,84696,-36.382237,-71.517043,3.55,38.6,18.04,24.35,,0
"2025-10-02 22:48:01",1517,1063,84670,0,,2.25,57.7,17.96,24.6,,0.2
"2025-10-02 22:48:02",1519,1065,84658,-36.382192,-71.516975,2.75,54.9,17.95,24.85,,0.3
"2025-10-02 22:48:04",1518,1064,84662,0,,2.8,60.1,17.9,25.3,,0.4
"2025-10-02 22:48:05",1518,1064,84664,-36.382143,-71.516892,3.4,34.5,17.89,25.55,,0.4
"2025-10-02 22:48:07",1521,1067,84634,0,,2.95,68.6,17.91,26.05,,0.5
"2025-10-02 22:48:08",1522,1068,84620,-36.382097,-71.516808,2.95,48.5,17.9,26.3,,0.5
"2025-10-02 22:48:10",1523,1069,84617,0,,2.95,61.8,17.87,26.8,,0.6
"2025-10-02 22:48:11",1523,1069,84616,-36.382047,-71.516727,3.15,35.9,17.9,26.35,31,0.7
"2025-10-02 22:48:13",1525,1071,84590,0,,3.3,64,17.9,25.35,,0.8
"2025-10-02 22:48:14",1527,1073,84578,-36.381995,-71.516645,3.05,40.7,17.89,25,,0.7
"2025-10-02 22:48:16",1528,1074,84567,0,,3.1,66.6,17.9,24.8,,0.7
"2025-10-02 22:48:17",1528,1074,84562,-36.381948,-71.516572,2.45,38.7,17.9,25,,0.8
"2025-10-02 22:48:18",1529,1075,84553,0,,2.85,42.9,17.91,25.35,,0.9
"2025-10-02 22:48:19",1530,1076,84545,0,,3.5,63.5,17.91,25.65,,0.8
"2025-10-02 22:48:20",1531,1077,84538,-36.381898,-71.516495,2.65,53.1,17.9,25.95,,0.7
"2025-10-02 22:48:21",1532,1078,84526,0,,2.3,38.9,17.88,26.15,,0.7
"2025-10-02 22:48:22",1533,1079,84515,0,,4,68.5,17.86,26.4,,0.8
"2025-10-02 22:48:23",1534,1080,84504,-36.381852,-71.516417,2.9,43.7,17.83,26.6,,0.9
"2025-10-02 22:48:24",1535,1081,84495,0,,2.7,59.1,17.81,26.8,,0.9
"2025-10-02 22:48:25",1536,1082,84486,0,,4,66.7,17.79,26.95,,0.9
"2025-10-02 22:48:26",1537,1083,84478,-36.381803,-71.516328,3.15,38.5,17.75,27,,0.8
"2025-10-02 22:48:27",1537,1083,84480,0,,2.7,61.9,17.75,27.1,,0.8
"2025-10-02 22:48:28",1536,1082,84483,0,,4.1,68.5,17.71,27.15,,0.7
"2025-10-02 22:48:29",1536,1082,84486,-36.381763,-71.516243,2.95,50.1,17.69,27.1,,0.6
"2025-10-02 22:48:30",1538,1084,84467,0,,2.5,64.1,17.68,27.15,,0.7
"2025-10-02 22:48:31",1540,1086,84448,0,,3.8,58.3,17.66,27.2,,0.8
"2025-10-02 22:48:32",1542,1088,84430,-36.381717,-71.516152,3,49.5,17.66,27.1,,0.9
"2025-10-02 22:48:33",1543,1089,84415,0,,2.2,75.5,17.68,26.9,,0.9
"2025-10-02 22:48:34",1545,1091,84401,0,,3.2,57.4,17.67,26.55,,1
"2025-10-02 22:48:35",1546,1092,84388,-36.381682,-71.516063,2.95,48.3,17.66,26.25,,1
"2025-10-02 22:48:36",1546,1092,84382,0,,2.85,74.9,17.69,26,,0.9
"2025-10-02 22:48:37",1547,1093,84377,0,,3.1,53.5,17.69,25.6,,0.9
"2025-10-02 22:48:38",1548,1094,84372,-36.381637,-71.515987,2.9,39.2,17.69,25.3,30.5,0.9
"2025-10-02 22:48:39",1550,1096,84352,0,,3,69.5,17.69,25.15,,1.1
"2025-10-02 22:48:40",1551,1097,84334,0,,3.35,54.6,17.73,25.1,,1.3
"2025-10-02 22:48:41",1553,1099,84316,-36.381597,-71.515905,2.25,43.8,17.73,25,,1.4
"2025-10-02 22:48:43",1556,1102,84289,0,,2.55,56.1,17.7,24.7,,1.3
"2025-10-02 22:48:44",1557,1103,84276,-36.381563,-71.515835,2.05,60.3,17.73,24.8,,1.3
"2025-10-02 22:48:45",1559,1105,84257,0,,3.3,66,17.74,24.9,,1.3
"2025-10-02 22:48:46",1561,1107,84239,0,,3.15,57.7,17.73,24.8,,1.4
"2025-10-02 22:48:47",1563,1109,84222,-36.381528,-71.515747,3,70.2,17.7,24.55,,1.4
"2025-10-02 22:48:48",1564,1110,84214,0,,3.6,62.1,17.71,24.35,,1.4
"2025-10-02 22:48:49",1564,1110,84206,0,,2.6,62.1,17.71,24,,1.5
"2025-10-02 22:48:50",1565,1111,84198,-36.381495,-71.515658,2.7,80.6,17.71,23.9,,1.5
"2025-10-02 22:48:51",1567,1113,84178,0,,3,68.4,17.69,23.95,,1.5
"2025-10-02 22:48:52",1569,1115,84159,0,,1.65,53.7,17.69,24.15,,1.5
"2025-10-02 22:48:53",1571,1117,84140,-36.381468,-71.515582,3.2,67.3,17.67,24.4,,1.5
"2025-10-02 22:48:54",1573,1119,84123,0,,3.7,67.8,17.64,24.75,,1.5
"2025-10-02 22:48:55",1575,1121,84106,0,,1.75,58.6,17.61,25.1,,1.5
"2025-10-02 22:48:56",1576,1122,84090,-36.381437,-71.515497,3.2,66.6,17.58,25.35,,1.6
"2025-10-02 22:48:57",1577,1123,84077,0,,3.45,64.7,17.58,25.5,,1.6
"2025-10-02 22:48:58",1579,1125,84065,0,,1.7,59.1,17.57,25.55,,1.5
"2025-10-02 22:48:59",1580,1126,84054,-36.381407,-71.515413,2.9,67.4,17.54,25.65,,1.5
"2025-10-02 22:49:01",1584,1130,84012,0,,2.4,73,17.47,25.35,,1.6
"2025-10-02 22:49:02",1586,1132,83992,-36.38138,-71.51532,2.9,68.6,17.43,25.1,,1.7
"2025-10-02 22:49:03",1588,1134,83976,0,,3.15,60.5,17.41,24.95,,1.7
"2025-10-02 22:49:04",1589,1135,83961,0,,2.35,66.2,17.38,25,,1.7
"2025-10-02 22:49:05",1591,1137,83946,-36.381348,-71.515232,3.1,75.1,17.35,25,30.25,1.6
"2025-10-02 22:49:06",1593,1139,83927,0,,3.55,71.5,17.33,25,,1.7
"2025-10-02 22:49:07",1595,1141,83908,0,,1.85,63.9,17.32,25.15,,1.7
"2025-10-02 22:49:08",1597,1143,83890,-36.38132,-71.515142,3.4,63.3,17.3,25.2,,1.7
"2025-10-02 22:49:09",1598,1144,83871,0,,2.75,64.5,17.29,25.25,,1.7
"2025-10-02 22:49:10",1600,1146,83852,0,,1.65,67.2,17.31,25.25,,1.8
"2025-10-02 22:49:11",1602,1148,83834,-36.381293,-71.51506,3.15,67,17.28,25.35,,1.8
"2025-10-02 22:49:12",1604,1150,83820,0,,3.1,68.3,17.28,25.35,,1.8
"2025-10-02 22:49:13",1605,1151,83807,0,,2.35,84.1,17.24,25.25,,1.7
"2025-10-02 22:49:14",1606,1152,83794,-36.381273,-71.514967,3.4,79,17.21,25.2,,1.7
"2025-10-02 22:49:15",1609,1155,83773,0,,2.9,66.8,17.24,25.1,,1.7
"2025-10-02 22:49:16",1611,1157,83752,0,,1.85,73.3,17.26,25,,1.8
"2025-10-02 22:49:17",1613,1159,83732,-36.38125,-71.514883,3,64.3,17.22,24.9,,1.8
"2025-10-02 22:49:18",1613,1159,83724,0,,3.4,60.6,17.18,25.1,,1.7
"2025-10-02 22:49:19",1614,1160,83717,0,,3.05,74.6,17.15,25.3,,1.7
"2025-10-02 22:49:20",1615,1161,83710,-36.381217,-71.514785,3.3,69.5,17.13,25.45,,1.6
"2025-10-02 22:49:21",1618,1164,83681,0,,2.25,56.3,17.11,25.6,,1.6
"2025-10-02 22:49:22",1621,1167,83653,0,,2.75,75.5,17.07,25.85,,1.7
"2025-10-02 22:49:23",1624,1170,83626,-36.381187,-71.514698,3.8,67.3,17.03,26,,1.8
"2025-10-02 22:49:24",1625,1171,83611,0,,2.9,64,17.06,26.1,,1.7
"2025-10-02 22:49:25",1627,1173,83596,0,,2.2,85.3,17.1,26,,1.8
"2025-10-02 22:49:26",1628,1174,83582,-36.381162,-71.514608,3.1,69.6,17.09,25.25,,1.8
"2025-10-02 22:49:27",1629,1175,83577,0,,2.7,57.5,17.08,24,,1.7
"2025-10-02 22:49:28",1629,1175,83572,0,,2.55,76.6,17.07,22.8,,1.6
"2025-10-02 22:49:29",1630,1176,83568,-36.381133,-71.514518,3.3,77.2,17.1,21.75,,1.5
"2025-10-02 22:49:30",1632,1178,83544,0,,3.2,58.5,17.11,20.9,,1.5
"2025-10-02 22:49:31",1634,1180,83521,0,,2.85,83.5,17.1,20.15,,1.7
"2025-10-02 22:49:32",1637,1183,83498,-36.381107,-71.51442,3.55,71.2,17.08,19.55,29.75,1.8
"2025-10-02 22:49:33",1637,1183,83495,0,,2.3,59,17.06,19.05,,1.6
"2025-10-02 22:49:34",1637,1183,83492,0,,2.7,85.1,17.07,18.6,,1.4
"2025-10-02 22:49:35",1637,1183,83490,-36.38108,-71.514332,3.4,68.6,17.1,18.3,,1.2
"2025-10-02 22:49:36",1639,1185,83476,0,,2.05,63.7,17.1,18,,1.2
"2025-10-02 22:49:37",1640,1186,83463,0,,3.25,78.7,17.08,17.8,,1.2
"2025-10-02 22:49:38",1642,1188,83450,-36.381053,-71.514242,3.4,63.2,17.1,17.65,,1.2
"2025-10-02 22:49:39",1644,1190,83425,0,,2.1,64.7,17.12,17.45,,1.3
"2025-10-02 22:49:40",1647,1193,83400,0,,3.5,75.2,17.12,17.3,,1.5
"2025-10-02 22:49:41",1649,1195,83376,-36.381022,-71.51415,3.05,55.5,17.12,17.2,,1.6
"2025-10-02 22:49:43",1652,1198,83351,0,,3.55,72,17.16,17.05,,1.5
"2025-10-02 22:49:44",1653,1199,83340,-36.380997,-71.514057,2.45,61.1,17.15,16.95,,1.4
"2025-10-02 22:49:45",1654,1200,83324,0,,2.8,66.2,17.15,16.9,,1.5
"2025-10-02 22:49:46",1656,1202,83310,0,,3.55,62.6,17.15,16.85,,1.6
"2025-10-02 22:49:47",1657,1203,83296,-36.380958,-71.513973,2.6,48.3,17.14,16.8,,1.7
"2025-10-02 22:49:48",1659,1205,83280,0,,2.9,75.1,17.14,16.7,,1.7
"2025-10-02 22:49:49",1661,1207,83264,0,,3.9,64.2,17.14,16.7,,1.7
"2025-10-02 22:49:50",1662,1208,83248,-36.38092,-71.513882,2.5,51.4,17.13,16.65,,1.7
"2025-10-02 22:49:51",1664,1210,83232,0,,2.65,72.9,17.11,16.6,,1.6
"2025-10-02 22:49:52",1665,1211,83219,0,,3.9,61.3,17.08,16.55,,1.5
"2025-10-02 22:49:53",1667,1213,83206,-36.380883,-71.513795,2.6,58.2,17.08,16.5,,1.4
"2025-10-02 22:49:54",1668,1214,83192,0,,2.7,79.6,17.06,16.45,,1.4
"2025-10-02 22:49:55",1670,1216,83177,0,,3.7,56.6,17.02,16.4,,1.5
"2025-10-02 22:49:56",1671,1217,83162,-36.380848,-71.513708,2.75,52.3,17.02,16.35,,1.5
"2025-10-02 22:49:57",1673,1219,83147,0,,3.15,78,17.02,16.35,,1.5
"2025-10-02 22:49:58",1674,1220,83132,0,,3.65,56.1,17.02,16.3,,1.5
"2025-10-02 22:49:59",1676,1222,83118,-36.380813,-71.513615,1.9,61.8,17.01,16.25,29.5,1.5
"2025-10-02 22:50:01",1679,1225,83087,0,,3.3,49.7,17.01,16.25,,1.5
"2025-10-02 22:50:02",1680,1226,83072,-36.380778,-71.513532,2.35,59.9,17.01,16.25,,1.5
"2025-10-02 22:50:03",1682,1228,83056,0,,3.65,67.7,17.01,16.25,,1.5
"2025-10-02 22:50:04",1684,1230,83041,0,,3.2,47.9,16.94,16.25,,1.5
"2025-10-02 22:50:05",1685,1231,83026,-36.380735,-71.513447,2.35,56.3,16.95,16.2,,1.5
"2025-10-02 22:50:06",1687,1233,83011,0,,3.85,68.6,16.92,16.2,,1.6
"2025-10-02 22:50:07",1688,1234,82996,0,,3.05,52,16.91,16.2,,1.5
"2025-10-02 22:50:08",1690,1236,82982,-36.380697,-71.513357,2.1,67.9,16.91,16.2,,1.5
"2025-10-02 22:50:09",1692,1238,82963,0,,3.6,66.2,16.89,16.15,,1.6
"2025-10-02 22:50:10",1693,1239,82944,0,,2.95,57.4,16.87,16.15,,1.6
"2025-10-02 22:50:11",1695,1241,82926,-36.380662,-71.513272,1.8,64.2,16.84,16.1,,1.6
"2025-10-02 22:50:13",1699,1245,82895,0,,3.35,55.2,16.79,16.1,,1.6
"2025-10-02 22:50:14",1700,1246,82880,-36.38062,-71.51319,2,68,16.77,16.1,,1.6
"2025-10-02 22:50:15",1702,1248,82862,0,,3,59.2,16.73,16.1,,1.7
"2025-10-02 22:50:16",1704,1250,82845,0,,3.5,60.3,16.71,16.05,,1.7
"2025-10-02 22:50:17",1706,1252,82828,-36.380583,-71.513107,2.2,68.6,16.69,16.05,,1.7
"2025-10-02 22:50:18",1707,1253,82812,0,,3.05,52.5,16.66,15.95,,1.7
"2025-10-02 22:50:19",1709,1255,82796,0,,3.6,53.7,16.64,15.95,,1.7
"2025-10-02 22:50:20",1710,1256,82780,-36.38054,-71.513027,1.85,66.4,16.63,15.9,,1.7
"2025-10-02 22:50:21",1712,1258,82762,0,,2.95,56,16.63,15.9,,1.7
"2025-10-02 22:50:22",1714,1260,82745,0,,3.8,54.9,16.61,15.9,,1.7
"2025-10-02 22:50:23",1716,1262,82728,-36.380498,-71.512943,1.9,56,16.61,15.9,,1.7
"2025-10-02 22:50:25",1719,1265,82693,0,,3.8,64.2,16.57,15.95,,1.7
"2025-10-02 22:50:26",1721,1267,82676,-36.380458,-71.512857,2.25,56,16.55,16,29,1.7
"2025-10-02 22:50:28",1722,1268,82666,0,,3.3,74,16.52,16.05,,1.5
"2025-10-02 22:50:29",1723,1269,82662,-36.38042,-71.512773,2.45,48.6,16.5,16.1,,1.5
"2025-10-02 22:50:31",1729,1275,82604,0,,2.55,73.9,16.47,16.15,,1.6
"2025-10-02 22:50:32",1731,1277,82576,-36.38038,-71.512697,2.55,45.2,16.46,16.1,,1.7
"2025-10-02 22:50:34",1733,1279,82561,0,,2.35,69.8,16.41,16.1,,1.6
"2025-10-02 22:50:35",1734,1280,82554,-36.380338,-71.512615,2.75,46.4,16.41,16.1,,1.5
"2025-10-02 22:50:37",1739,1285,82499,0,,2,72.4,16.37,16.1,,1.7
"2025-10-02 22:50:38",1742,1288,82472,-36.3803,-71.512545,2.5,50.4,16.35,16,,1.8
"2025-10-02 22:50:40",1743,1289,82459,0,,2.45,68.6,16.33,15.75,,1.8
"2025-10-02 22:50:41",1744,1290,82454,-36.38026,-71.512465,3.05,37.6,16.33,15.6,,1.8
"2025-10-02 22:50:44",1752,1298,82374,-36.380217,-71.512387,3,54.9,16.22,15.2,,1.7
"2025-10-02 22:50:46",1756,1302,82336,0,,2.15,74.9,16.15,14.95,,1.8
"2025-10-02 22:50:47",1758,1304,82318,-36.38018,-71.512308,3,48,16.14,14.9,,1.9
"2025-10-02 22:50:48",1759,1305,82308,0,,3.35,58.1,16.1,14.8,,2
"2025-10-02 22:50:49",1760,1306,82299,0,,2.1,65.2,16.09,14.65,,1.9
"2025-10-02 22:50:50",1761,1307,82290,-36.380138,-71.512232,2.4,45,16.09,14.6,,1.7
"2025-10-02 22:50:52",1767,1313,82231,0,,2.35,62.1,16.09,14.55,,1.8
"2025-10-02 22:50:53",1770,1316,82202,-36.380097,-71.51215,2.7,51.2,16.09,14.45,28.75,2.1
"2025-10-02 22:50:54",1772,1318,82185,0,,3.9,59.6,16.05,14.55,,2.1
"2025-10-02 22:50:55",1774,1320,82168,0,,1.9,54.2,16.06,14.6,,2.1
"2025-10-02 22:50:56",1775,1321,82152,-36.380053,-71.512068,2.65,45.4,16.06,14.6,,2.1
"2025-10-02 22:50:57",1777,1323,82140,0,,3.35,69.1,15.98,14.75,,1.9
"2025-10-02 22:50:58",1778,1324,82128,0,,3.35,69.1,15.94,14.8,,1.8
"2025-10-02 22:50:59",1779,1325,82116,-36.380015,-71.511993,2.8,43.7,15.93,14.75,,1.7
"2025-10-02 22:51:00",1782,1328,82085,0,,3,63.1,15.95,14.65,,1.9
"2025-10-02 22:51:01",1785,1331,82054,0,,1.8,56.2,15.93,14.6,,2.1
"2025-10-02 22:51:02",1789,1335,82024,-36.379977,-71.511928,2.7,31.8,15.9,14.6,,2.3
"2025-10-02 22:51:03",1790,1336,82009,0,,2.7,70.5,15.85,14.6,,2.2
"2025-10-02 22:51:04",1792,1338,81995,0,,2.25,45.6,15.85,14.6,,2
"2025-10-02 22:51:05",1793,1339,81982,-36.379933,-71.51186,3.3,45.7,15.87,14.6,,1.9
"2025-10-02 22:51:06",1796,1342,81953,0,,2,70.4,15.83,14.65,,2
"2025-10-02 22:51:07",1799,1345,81924,0,,2.15,40.3,15.81,14.6,,2.1
"2025-10-02 22:51:08",1802,1348,81896,-36.379895,-71.511795,3.35,60.2,15.8,14.6,,2.2
"2025-10-02 22:51:09",1804,1350,81876,0,,2.1,69.3,15.83,14.55,,2.2
"2025-10-02 22:51:10",1806,1352,81857,0,,2.7,40.8,15.8,14.55,,2.3
"2025-10-02 22:51:11",1808,1354,81838,-36.379857,-71.511718,3.25,63.7,15.76,14.5,,2.3
"2025-10-02 22:51:13",1810,1356,81816,0,,2.6,44.3,15.77,14.3,,2.2
"2025-10-02 22:51:14",1811,1357,81806,-36.379818,-71.51165,3.05,58.2,15.76,14.15,,2
"2025-10-02 22:51:15",1814,1360,81775,0,,2,71.9,15.72,14.15,,2
"2025-10-02 22:51:16",1818,1364,81744,0,,3.5,52.2,15.65,14.15,,2.1
"2025-10-02 22:51:17",1821,1367,81714,-36.379785,-71.511568,2.8,75.6,15.63,14.2,,2.3
"2025-10-02 22:51:18",1823,1369,81692,0,,2.1,43.3,15.62,14.2,,2.3
"2025-10-02 22:51:19",1825,1371,81671,0,,3.4,58.7,15.63,14.25,,2.2
"2025-10-02 22:51:20",1827,1373,81650,-36.379748,-71.511492,2.7,72.8,15.63,14.3,28.5,2.1
"2025-10-02 22:51:21",1830,1376,81625,0,,,,15.61,14.3,,2.2
"2025-10-02 22:51:22",1833,1379,81599,0,,,,15.55,14.25,,2.2
"2025-10-02 22:51:23",1835,1381,81574,0,,,,15.59,14.2,,2.3
"2025-10-02 22:51:24",1838,1384,81551,0,,2.6,42.3,15.59,14.15,,2.3
"2025-10-02 22:51:25",1840,1386,81529,0,,3.3,59.2,15.6,14.15,,2.5
"2025-10-02 22:51:26",1842,1388,81508,-36.379677,-71.511325,2.3,72.2,15.6,14.05,,2.6
"2025-10-02 22:51:27",1845,1391,81485,0,,2.65,44.9,15.59,14,,2.6
"2025-10-02 22:51:28",1847,1393,81461,0,,3.2,67.9,15.58,13.9,,2.5
"2025-10-02 22:51:29",1850,1396,81438,-36.379643,-71.511247,2.7,77,15.54,13.8,,2.5
"2025-10-02 22:51:31",1854,1400,81392,0,,3.65,67.5,15.47,13.75,,2.4
"2025-10-02 22:51:32",1857,1403,81370,-36.379612,-71.511158,2.25,66.9,15.45,13.65,,2.4
"2025-10-02 22:51:34",1862,1408,81318,0,,3.25,68.6,15.43,13.45,,2.5
"2025-10-02 22:51:35",1865,1411,81292,-36.379575,-71.511075,2.35,73.8,15.43,13.4,,2.5
"2025-10-02 22:51:36",1868,1414,81264,0,,3.25,57.7,15.39,13.3,,2.5
"2025-10-02 22:51:37",1871,1417,81237,0,,3.55,59.3,15.38,13.15,,2.5
"2025-10-02 22:51:38",1873,1419,81210,-36.379537,-71.510988,2.1,66.1,15.35,13.1,,2.6
"2025-10-02 22:51:39",1876,1422,81184,0,,,,15.32,13,,2.6
"2025-10-02 22:51:40",1879,1425,81158,0,,,,15.32,12.9,,2.6
"2025-10-02 22:51:41",1882,1428,81132,0,,,,15.29,12.9,,2.7
"2025-10-02 22:51:43",1887,1433,81082,0,,3.2,72.7,15.25,12.8,,2.7
"2025-10-02 22:51:44",1889,1435,81058,-36.379457,-71.510807,2.75,49.7,15.22,12.75,,2.7
"2025-10-02 22:51:45",1892,1438,81031,0,,3.3,46.7,15.2,12.75,,2.7
"2025-10-02 22:51:46",1895,1441,81005,0,,3.05,73.9,15.18,12.75,,2.7
"2025-10-02 22:51:47",1897,1443,80980,-36.379412,-71.510723,2.85,50.1,15.17,12.75,27.5,2.7
"2025-10-02 22:51:48",1900,1446,80953,0,,3.3,61.9,15.14,12.75,,2.7
"2025-10-02 22:51:49",1903,1449,80928,0,,3,75,15.1,12.7,,2.7
"2025-10-02 22:51:50",1905,1451,80904,-36.379375,-71.510633,3,54.9,15.08,12.65,,2.7
"2025-10-02 22:51:51",1908,1454,80882,0,,3.7,59.2,15.05,12.55,,2.6
"2025-10-02 22:51:52",1910,1456,80859,0,,2.2,53.8,15.02,12.5,,2.6
"2025-10-02 22:51:53",1913,1459,80836,-36.379332,-71.51055,2.9,58.9,14.98,12.35,,2.6
"2025-10-02 22:51:54",1915,1461,80809,0,,3.55,66.3,14.96,12.3,,2.6
"2025-10-02 22:51:55",1918,1464,80783,0,,2.7,48.4,14.94,12.35,,2.6
"2025-10-02 22:51:56",1921,1467,80758,-36.379288,-71.51046,3.55,60.1,14.92,12.35,,2.6
"2025-10-02 22:51:57",1924,1470,80731,0,,2.85,77,14.89,12.35,,2.6
"2025-10-02 22:51:58",1926,1472,80704,0,,3,50.8,14.87,12.35,,2.6
"2025-10-02 22:51:59",1929,1475,80678,-36.379248,-71.510365,3.75,62,14.84,12.35,,2.6
"2025-10-02 22:52:00",1933,1479,80644,0,,2.55,77.9,14.78,12.3,,2.7
"2025-10-02 22:52:01",1936,1482,80612,0,,3.35,52.1,14.76,12.2,,2.8
"2025-10-02 22:52:02",1939,1485,80580,-36.37921,-71.51027,3.9,65.6,14.74,12.05,,2.8
"2025-10-02 22:52:03",1942,1488,80554,0,,2.4,65.9,14.72,11.85,,2.9
"2025-10-02 22:52:04",1945,1491,80529,0,,3.35,52.1,14.69,11.65,,2.9
"2025-10-02 22:52:05",1947,1493,80504,-36.37917,-71.510177,3.65,69.2,14.69,11.45,,2.9
"2025-10-02 22:52:06",1951,1497,80473,0,,2.65,55.6,14.63,11.3,,2.9
"2025-10-02 22:52:07",1954,1500,80440,0,,3.95,55.4,14.59,11.25,,3
"2025-10-02 22:52:08",1957,1503,80408,-36.379127,-71.510082,3.05,73,14.57,11.1,,3
"2025-10-02 22:52:09",1960,1506,80379,0,,3,49.7,14.56,11,,3.1
"2025-10-02 22:52:10",1963,1509,80351,0,,3.95,59.9,14.55,10.9,,3.1
"2025-10-02 22:52:11",1966,1512,80324,-36.379085,-71.509985,2.7,71.1,14.54,10.8,,3.1
"2025-10-02 22:52:13",1972,1518,80273,0,,3.85,65.1,14.51,10.55,,3
"2025-10-02 22:52:14",1974,1520,80248,-36.379043,-71.50989,2.75,68,14.5,10.45,27,3
"2025-10-02 22:52:15",1977,1523,80219,0,,3.7,55.6,14.47,10.45,,2.9
"2025-10-02 22:52:16",1980,1526,80192,0,,3.5,72.4,14.46,10.4,,3
"2025-10-02 22:52:17",1983,1529,80166,-36.379002,-71.509793,2.8,53.8,14.44,10.35,,3
"2025-10-02 22:52:18",1986,1532,80139,0,,4.1,53.6,14.42,10.3,,2.9
"2025-10-02 22:52:19",1989,1535,80111,0,,3,71.9,14.41,10.25,,2.9
"2025-10-02 22:52:20",1992,1538,80084,-36.378955,-71.5097,2.85,52.5,14.4,10.2,,2.8
"2025-10-02 22:52:21",1995,1541,80053,0,,4.1,60.5,14.39,10.15,,2.9
"2025-10-02 22:52:22",1998,1544,80022,0,,3.35,68.6,14.36,10.1,,2.9
"2025-10-02 22:52:23",2001,1547,79992,-36.378907,-71.509598,3.35,50.4,14.33,10.05,,2.9
"2025-10-02 22:52:24",2004,1550,79964,0,,4,54,14.28,10.05,,2.9
"2025-10-02 22:52:25",2007,1553,79937,0,,2.7,68.5,14.24,10,,2.9
"2025-10-02 22:52:26",2010,1556,79910,-36.378857,-71.509503,3.7,49.2,14.22,10,,3
"2025-10-02 22:52:27",2012,1558,79891,0,,3.85,63.3,14.22,10,,2.9
"2025-10-02 22:52:28",2014,1560,79871,0,,3.1,56.6,14.22,9.95,,2.8
"2025-10-02 22:52:29",2016,1562,79852,-36.378802,-71.509403,4.15,43.9,14.22,9.95,,2.8
"2025-10-02 22:52:31",2022,1568,79797,0,,3.15,50.2,14.22,9.8,,2.8
"2025-10-02 22:52:32",2025,1571,79770,-36.378745,-71.5093,4.3,52.7,14.22,9.8,,2.8
"2025-10-02 22:52:33",2028,1574,79740,0,,3.4,69.2,14.22,9.75,,2.7
"2025-10-02 22:52:34",2031,1577,79712,0,,3.5,48.8,14.21,9.75,,2.7
"2025-10-02 22:52:35",2034,1580,79684,-36.37869,-71.509195,4.4,55,14.15,9.7,,2.7
"2025-10-02 22:52:36",2037,1583,79651,0,,3.95,63.9,14.11,9.65,,2.8
"2025-10-02 22:52:37",2041,1587,79617,0,,4.15,45.4,14.04,9.6,,2.8
"2025-10-02 22:52:38",2045,1591,79584,-36.378625,-71.509078,4.7,58.9,14.02,9.55,,2.9
"2025-10-02 22:52:39",2047,1593,79559,0,,3.6,59.3,14,9.6,,2.9
"2025-10-02 22:52:40",2050,1596,79535,0,,4.45,50,13.95,10.05,,3
"2025-10-02 22:52:41",2052,1598,79512,-36.37856,-71.50896,4.9,56.2,13.92,10.75,26.5,3
"2025-10-02 22:52:43",2060,1606,79436,0,,4.65,47.2,13.82,12.1,,3.2
"2025-10-02 22:52:44",2064,1610,79400,-36.37849,-71.508847,4.05,56.5,13.76,12.55,,3.3
"2025-10-02 22:52:45",2068,1614,79368,0,,3.15,57.5,13.73,12.9,,3.3
"2025-10-02 22:52:46",2071,1617,79335,0,,4.15,60.2,13.7,13.3,,3.3
"2025-10-02 22:52:47",2075,1621,79302,-36.378438,-71.508737,4.15,62.4,13.67,13.45,,3.4
"2025-10-02 22:52:48",2077,1623,79275,0,,3.6,65.5,13.63,13.6,,3.3
"2025-10-02 22:52:49",2080,1626,79248,0,,4.3,51,13.61,13.55,,3.3
"2025-10-02 22:52:50",2083,1629,79222,-36.378385,-71.508627,3.4,57.4,13.54,13.35,,3.2
"2025-10-02 22:52:51",2088,1634,79180,0,,3.2,61.1,13.46,13.15,,3.3
"2025-10-02 22:52:52",2092,1638,79138,0,,4.45,61.3,13.42,13,,3.5
"2025-10-02 22:52:53",2097,1643,79096,-36.378335,-71.508515,4.45,66.6,13.41,12.75,,3.6
"2025-10-02 22:52:54",2099,1645,79071,0,,4.1,72.6,13.37,12.3,,3.6
"2025-10-02 22:52:55",2102,1648,79048,0,,4.35,59.7,13.31,11.85,,3.5
"2025-10-02 22:52:56",2104,1650,79026,-36.378288,-71.508382,4.75,68.5,13.3,11.35,,3.4
"2025-10-02 22:52:58",2114,1660,78935,0,,4.35,69.4,13.21,10.6,,3.5
"2025-10-02 22:52:59",2119,1665,78890,-36.378247,-71.50824,4.7,78.2,13.13,10.25,,3.6
"2025-10-02 22:53:01",2125,1671,78825,0,,4.45,59.4,13.06,9.7,,3.7
"2025-10-02 22:53:02",2129,1675,78794,-36.378198,-71.508102,4.9,75.2,12.99,9.45,,3.8
"2025-10-02 22:53:04",2137,1683,78713,0,,4.25,66.1,12.89,9.05,,3.8
"2025-10-02 22:53:05",2142,1688,78672,-36.378157,-71.507955,4.4,73.2,12.87,8.85,,3.8
"2025-10-02 22:53:07",2153,1699,78571,0,,4.2,81.7,12.82,8.55,,4.1
"2025-10-02 22:53:08",2158,1704,78522,-36.37813,-71.507808,4.3,88.3,12.82,8.6,26,4.3
"2025-10-02 22:53:10",2166,1712,78446,0,,3.25,103.6,12.81,10.95,,4.4
"2025-10-02 22:53:11",2170,1716,78408,-36.378138,-71.50769,4.15,95.2,12.77,11.7,,4.4
"2025-10-02 22:53:13",2179,1725,78327,0,,2.95,115.6,12.7,11.45,,4.3
"2025-10-02 22:53:14",2183,1729,78288,-36.378158,-71.507588,2.75,101.9,12.66,11.2,,4.4
"2025-10-02 22:53:16",2191,1737,78216,0,,3.2,104.3,12.6,10.55,,4.4
"2025-10-02 22:53:17",2195,1741,78180,-36.378168,-71.507492,2.45,82.8,12.55,10.35,,4.4
"2025-10-02 22:53:19",2202,1748,78107,0,,3.85,99.9,12.43,10.95,,4.3
"2025-10-02 22:53:20",2206,1752,78072,-36.37817,-71.507393,3.35,81.9,12.36,11.65,,4.1
"2025-10-02 22:53:21",2209,1755,78046,0,,3.1,91,12.33,12.35,,3.9
"2025-10-02 22:53:22",2212,1758,78021,0,,4.3,96.1,12.33,12.75,,3.8
"2025-10-02 22:53:23",2214,1760,77996,-36.37817,-71.507275,2.95,79.1,12.32,13.2,,3.7
"2025-10-02 22:53:24",2218,1764,77958,0,,2.65,80.1,12.29,13.75,,3.7
"2025-10-02 22:53:25",2223,1769,77920,0,,3.05,96.5,12.27,14.15,,3.7
"2025-10-02 22:53:26",2227,1773,77882,-36.378162,-71.507183,2.35,67,12.23,14.4,,3.7
"2025-10-02 22:53:27",2229,1775,77856,0,,2.45,99.4,12.19,14.75,,3.6
"2025-10-02 22:53:28",2232,1778,77831,0,,3.2,106.5,12.17,15.2,,3.5
"2025-10-02 22:53:29",2235,1781,77806,-36.378168,-71.50709,3.45,84.7,12.12,15.65,,3.4
"2025-10-02 22:53:30",2239,1785,77772,0,,2.3,101.3,12.03,16.2,,3.4
"2025-10-02 22:53:31",2242,1788,77740,0,,3.1,106.8,11.95,16.85,,3.3
"2025-10-02 22:53:32",2245,1791,77708,-36.378178,-71.506998,2.7,89.6,11.88,17.3,,3.3
"2025-10-02 22:53:33",2250,1796,77667,0,,2.25,126.6,11.83,17.8,,3.4
"2025-10-02 22:53:34",2254,1800,77626,0,,3.3,108.6,11.79,18.35,,3.5
"2025-10-02 22:53:35",2259,1805,77586,-36.3782,-71.50691,3.2,94.1,11.75,18.75,25.5,3.7
"2025-10-02 22:53:36",2261,1807,77560,0,,3.05,129.8,11.7,18.85,,3.6
"2025-10-02 22:53:37",2264,1810,77534,0,,3,115.3,11.68,18.8,,3.5
"2025-10-02 22:53:38",2267,1813,77508,-36.378237,-71.506817,3.6,106.9,11.63,18.75,,3.4
"2025-10-02 22:53:39",2270,1816,77481,0,,3.85,134.4,11.59,18.75,,3.4
"2025-10-02 22:53:40",2273,1819,77455,0,,3.65,119.5,11.54,18.55,,3.4
"2025-10-02 22:53:41",2276,1822,77430,-36.37829,-71.50671,3.85,115.4,11.5,18.15,,3.4
"2025-10-02 22:53:43",2283,1829,77364,0,,3.95,117.6,11.44,17.5,,3.4
"2025-10-02 22:53:44",2286,1832,77332,-36.37836,-71.5066,4.4,132.3,11.43,17.4,,3.4
"2025-10-02 22:53:45",2288,1834,77311,0,,4.4,144.8,11.43,17.45,,3.3
"2025-10-02 22:53:46",2290,1836,77291,0,,2.95,115.6,11.43,17.7,,3.1
"2025-10-02 22:53:47",2293,1839,77272,-36.378428,-71.506507,3.7,122.2,11.32,18,,3
"2025-10-02 22:53:48",2296,1842,77244,0,,4.35,128.3,11.26,18.25,,2.8
"2025-10-02 22:53:49",2298,1844,77218,0,,3,132.1,11.23,18.5,,2.8
"2025-10-02 22:53:50",2301,1847,77192,-36.378502,-71.506412,4.45,151,11.22,18.65,,2.8
"2025-10-02 22:53:51",2302,1848,77185,0,,5.75,142.5,11.22,18.7,,2.7
"2025-10-02 22:53:52",2303,1849,77178,0,,4.95,137.4,11.25,18.45,,2.5
"2025-10-02 22:53:53",2303,1849,77172,-36.378607,-71.50631,4.05,145.1,11.3,17.7,,2.4
"2025-10-02 22:53:54",2305,1851,77157,0,,4.95,146.3,11.36,16.85,,2.3
"2025-10-02 22:53:55",2307,1853,77143,0,,5.5,135.7,11.43,16,,2
"2025-10-02 22:53:56",2308,1854,77130,-36.378712,-71.50621,4.4,146.8,11.47,15.15,,1.8
"2025-10-02 22:53:57",2310,1856,77113,0,,4.85,149.6,11.53,14.35,,1.8
"2025-10-02 22:53:58",2312,1858,77097,0,,5.4,133.9,11.61,13.55,,1.8
"2025-10-02 22:53:59",2313,1859,77082,-36.378818,-71.50611,4.75,144,11.65,12.9,,1.7
"2025-10-02 22:54:01",2315,1861,77065,0,,5.25,136.1,11.78,11.9,,1.4
"2025-10-02 22:54:02",2316,1862,77058,-36.378932,-71.506007,4.95,142.1,11.83,11.5,25,1.2
"2025-10-02 22:54:03",2317,1863,77050,0,,6.1,145.5,11.86,11.15,,1.2
"2025-10-02 22:54:04",2318,1864,77042,0,,4.75,133.6,11.95,10.85,,1.2
"2025-10-02 22:54:05",2318,1864,77034,-36.379042,-71.505893,5.1,145.6,11.99,10.6,,1.2
"2025-10-02 22:54:06",2319,1865,77027,0,,5.9,141.5,12.03,10.35,,1.2
"2025-10-02 22:54:07",2320,1866,77020,0,,5.1,132.6,12.09,10.2,,1.1
"2025-10-02 22:54:08",2321,1867,77014,-36.379152,-71.505775,5.1,141.1,12.12,10,,1.1
"2025-10-02 22:54:09",2322,1868,77003,0,,6.15,140.9,12.15,9.85,,1.1
"2025-10-02 22:54:10",2323,1869,76992,0,,5.7,129.9,12.22,9.75,,1
"2025-10-02 22:54:11",2324,1870,76982,-36.379263,-71.505642,5.65,137,12.28,9.65,,1
"2025-10-02 22:54:13",2327,1873,76958,0,,5.05,131.3,12.36,9.45,,1
"2025-10-02 22:54:14",2328,1874,76946,-36.379375,-71.505503,6.2,136.7,12.36,9.35,,1
"2025-10-02 22:54:15",2327,1873,76955,0,,6.2,129.2,12.38,9.3,,0.9
"2025-10-02 22:54:16",2326,1872,76964,0,,5.15,138,12.38,9.2,,0.7
"2025-10-02 22:54:17",2325,1871,76974,-36.379483,-71.505363,5.9,136.3,12.4,9.15,,0.5
"2025-10-02 22:54:18",2326,1872,76961,0,,5.9,125.5,12.43,9.05,,0.6
"2025-10-02 22:54:19",2328,1874,76947,0,,5.5,138.2,12.44,8.95,,0.7
"2025-10-02 22:54:20",2329,1875,76934,-36.379593,-71.50522,6.65,134.5,12.43,8.9,,0.7
"2025-10-02 22:54:21",2328,1874,76942,0,,5.7,126.3,12.43,8.85,,0.6
"2025-10-02 22:54:22",2328,1874,76951,0,,5.7,138.8,12.42,8.8,,0.4
"2025-10-02 22:54:23",2327,1873,76960,-36.379703,-71.505075,6.2,137.1,12.44,8.75,,0.2
"2025-10-02 22:54:24",2328,1874,76948,0,,5.6,126.5,12.49,8.75,,0.3
"2025-10-02 22:54:25",2329,1875,76936,0,,5.85,140.3,12.49,8.7,,0.2
"2025-10-02 22:54:26",2330,1876,76924,-36.379813,-71.50493,6.3,129.9,12.48,8.65,,0.2
"2025-10-02 22:54:27",2329,1875,76937,0,,4.8,127.1,12.47,8.65,,0.1
"2025-10-02 22:54:28",2328,1874,76950,0,,5.4,138,12.49,8.65,,0
"2025-10-02 22:54:29",2326,1872,76964,-36.379913,-71.504792,6.45,132.3,12.51,8.6,24.75,0
"2025-10-02 22:54:30",2326,1872,76962,0,,5.2,123.3,12.5,8.55,,0
"2025-10-02 22:54:31",2326,1872,76961,0,,6,133.9,12.52,8.5,,-0.1
"2025-10-02 22:54:32",2327,1873,76960,-36.380013,-71.504637,6.3,125.2,12.55,8.5,,-0.2
"2025-10-02 22:54:33",2327,1873,76952,0,,5.2,131.3,12.57,8.5,,-0.2
"2025-10-02 22:54:34",2328,1874,76945,0,,6.15,137.2,12.56,8.45,,0
"2025-10-02 22:54:35",2329,1875,76938,-36.380118,-71.504487,6.05,127.4,12.57,8.4,,0.1
"2025-10-02 22:54:36",2329,1875,76940,0,,4.7,130,12.58,8.4,,0.2
"2025-10-02 22:54:37",2329,1875,76942,0,,5.95,133.5,12.63,8.35,,0.1
"2025-10-02 22:54:38",2328,1874,76944,-36.380217,-71.504342,6.4,126.5,12.63,8.35,,-0.1
"2025-10-02 22:54:39",2328,1874,76946,0,,5.45,127.1,12.63,8.3,,-0.1
"2025-10-02 22:54:40",2328,1874,76949,0,,5.8,129.6,12.66,8.3,,0
"2025-10-02 22:54:41",2327,1873,76952,-36.380312,-71.504182,6.45,124.2,12.69,8.3,,0.1
"2025-10-02 22:54:43",2327,1873,76955,0,,5.45,133.3,12.71,8.25,,0.1
"2025-10-02 22:54:44",2327,1873,76958,-36.380405,-71.504035,6.15,122.1,12.72,8.25,,0
"2025-10-02 22:54:45",2326,1872,76960,0,,4.95,130,12.73,8.25,,-0.1
"2025-10-02 22:54:46",2326,1872,76963,0,,5.35,134.9,12.76,8.25,,-0.2
"2025-10-02 22:54:47",2326,1872,76966,-36.380495,-71.503892,6.25,120.2,12.77,8.25,,-0.3
"2025-10-02 22:54:48",2325,1871,76969,0,,5.55,126.5,12.76,8.25,,-0.3
"2025-10-02 22:54:49",2325,1871,76973,0,,5.85,136.4,12.78,8.25,,-0.3
"2025-10-02 22:54:50",2325,1871,76978,-36.380592,-71.50374,6.1,121.1,12.79,8.25,,-0.3
"2025-10-02 22:54:51",2325,1871,76978,0,,5.35,124.3,12.78,8.2,,-0.3
"2025-10-02 22:54:52",2325,1871,76978,0,,6.1,135.4,12.78,8.2,,-0.3
"2025-10-02 22:54:53",2325,1871,76978,-36.380685,-71.503588,5.45,123.3,12.8,8.25,,-0.2
"2025-10-02 22:54:55",2325,1871,76976,0,,6,136,12.82,8.3,,-0.2
"2025-10-02 22:54:56",2325,1871,76976,-36.380777,-71.503442,5.85,126,12.84,8.3,24.5,-0.2
"2025-10-02 22:54:57",2325,1871,76976,0,,4.8,125.3,12.82,8.3,,-0.2
"2025-10-02 22:54:58",2325,1871,76976,0,,6.15,134.3,12.84,8.3,,-0.1
"2025-10-02 22:54:59",2325,1871,76976,-36.38087,-71.503298,5.45,125.4,12.84,8.3,,-0.1
"2025-10-02 22:55:01",2326,1872,76969,0,,6.25,130.6,12.84,8.3,,0
"2025-10-02 22:55:02",2326,1872,76966,-36.38096,-71.50315,5.65,124.2,12.87,8.35,,0.1
"2025-10-02 22:55:03",2327,1873,76959,0,,4.7,131.4,12.88,8.35,,0.2
"2025-10-02 22:55:04",2327,1873,76952,0,,6,130.4,12.89,8.35,,0.2
"2025-10-02 22:55:05",2328,1874,76946,-36.38105,-71.503007,5.7,122.8,12.89,8.4,,0.3
"2025-10-02 22:55:06",2328,1874,76946,0,,4.55,129,12.89,8.4,,0.3
"2025-10-02 22:55:07",2328,1874,76947,0,,6.3,126.6,12.91,8.4,,0.3
"2025-10-02 22:55:08",2328,1874,76948,-36.381135,-71.502857,5.7,122.7,12.92,8.4,,0.3
"2025-10-02 22:55:09",2329,1875,76942,0,,4.8,135.6,12.92,8.4,,0.3
"2025-10-02 22:55:10",2329,1875,76936,0,,6.25,125.4,12.91,8.4,,0.4
"2025-10-02 22:55:11",2330,1876,76930,-36.381225,-71.502712,5.4,123.4,12.91,8.4,,0.4
"2025-10-02 22:55:12",2330,1876,76929,0,,5.25,135.2,12.91,8.45,,0.4
"2025-10-02 22:55:13",2330,1876,76928,0,,6.05,124.7,12.91,8.45,,0.4
"2025-10-02 22:55:14",2330,1876,76928,-36.381313,-71.50257,4.8,125.4,12.91,8.45,,0.3
"2025-10-02 22:55:15",2330,1876,76925,0,,5.65,133,12.91,8.45,,0.3
"2025-10-02 22:55:16",2331,1877,76922,0,,6.05,123.1,12.92,8.45,,0.3
"2025-10-02 22:55:17",2331,1877,76920,-36.381402,-71.502428,4.35,132.4,12.91,8.45,,0.3
"2025-10-02 22:55:18",2331,1877,76917,0,,5.75,131.7,12.92,8.45,,0.2
"2025-10-02 22:55:19",2331,1877,76915,0,,5.1,120.8,12.92,8.4,,0.3
"2025-10-02 22:55:20",2332,1878,76914,-36.38149,-71.502297,4.95,138.9,12.91,8.4,,0.3
"2025-10-02 22:55:21",2332,1878,76910,0,,5.8,127.8,12.92,8.4,,0.3
"2025-10-02 22:55:22",2332,1878,76907,0,,4.5,120.8,12.91,8.4,,0.3
"2025-10-02 22:55:23",2333,1879,76904,-36.381575,-71.502163,5.2,133.8,12.92,8.4,24,0.2
"2025-10-02 22:55:24",2333,1879,76901,0,,5.9,126.1,12.91,8.4,,0.3
"2025-10-02 22:55:25",2333,1879,76898,0,,4.6,121.5,12.91,8.4,,0.3
"2025-10-02 22:55:26",2334,1880,76896,-36.381663,-71.502025,5.65,134.9,12.92,8.4,,0.3
"2025-10-02 22:55:28",2334,1880,76889,0,,4.35,129,12.92,8.4,,0.3
"2025-10-02 22:55:29",2335,1881,76886,-36.381752,-71.501893,5.7,136.3,12.92,8.4,,0.3
"2025-10-02 22:55:31",2336,1882,76878,0,,4.25,128.4,12.92,8.4,,0.3
"2025-10-02 22:55:32",2336,1882,76874,-36.381838,-71.501763,5.9,131.9,12.91,8.4,,0.4
"2025-10-02 22:55:34",2337,1883,76862,0,,4.2,130.5,12.91,8.4,,0.4
"2025-10-02 22:55:35",2338,1884,76856,-36.381925,-71.501635,4.95,131.3,12.88,8.4,,0.4
"2025-10-02 22:55:37",2338,1884,76852,0,,4.45,131.9,12.89,8.4,,0.4
"2025-10-02 22:55:38",2339,1885,76850,-36.38201,-71.501502,5.85,130.8,12.89,8.4,,0.4
"2025-10-02 22:55:40",2340,1886,76839,0,,4.8,133.8,12.91,8.4,,0.4
"2025-10-02 22:55:41",2340,1886,76834,-36.3821,-71.50136,5.95,127.6,12.91,8.4,,0.5
"2025-10-02 22:55:44",2340,1886,76840,-36.382187,-71.501225,5.9,125.2,12.88,8.4,,0.3
"2025-10-02 22:55:46",2341,1887,76828,0,,4.85,136.7,12.85,8.4,,0.3
"2025-10-02 22:55:47",2342,1888,76822,-36.382272,-71.501092,5.6,122.2,12.86,8.4,,0.3
"2025-10-02 22:55:48",2343,1889,76812,0,,4.6,127.8,12.84,8.4,,0.4
"2025-10-02 22:55:49",2344,1890,76802,0,,5.2,133.7,12.82,8.4,,0.5
"2025-10-02 22:55:50",2345,1891,76792,-36.382353,-71.500957,5.55,122.8,12.84,8.4,24,0.5
"2025-10-02 22:55:51",2346,1892,76785,0,,4.4,133.9,12.84,8.4,,0.5
"2025-10-02 22:55:52",2346,1892,76778,0,,5.6,131.3,12.82,8.4,,0.6
"2025-10-02 22:55:53",2347,1893,76772,-36.382438,-71.500825,4.7,117.8,12.82,8.35,,0.6
"2025-10-02 22:55:54",2348,1894,76763,0,,4.55,127.8,12.82,8.35,,0.6
"2025-10-02 22:55:55",2349,1895,76755,0,,6.1,128.1,12.82,8.35,,0.6
"2025-10-02 22:55:56",2350,1896,76748,-36.382522,-71.500682,5.4,125.2,12.82,8.35,,0.8
"2025-10-02 22:55:57",2351,1897,76738,0,,4.45,128.5,12.82,8.35,,0.9
"2025-10-02 22:55:58",2352,1898,76729,0,,6.1,125.2,12.82,8.35,,0.9
"2025-10-02 22:55:59",2353,1899,76720,-36.382603,-71.50054,4.95,122.1,12.82,8.35,,0.9
"2025-10-02 22:56:00",2354,1900,76714,0,,4.95,136.5,12.81,8.35,,0.9
"2025-10-02 22:56:01",2354,1900,76708,0,,5.8,127.1,12.8,8.35,,0.9
"2025-10-02 22:56:02",2355,1901,76702,-36.382692,-71.500405,5.15,124.7,12.81,8.35,,0.8
"2025-10-02 22:56:03",2355,1901,76697,0,,4.5,136.5,12.81,8.35,,0.8
"2025-10-02 22:56:04",2356,1902,76693,0,,5.4,125,12.79,8.35,,0.8
"2025-10-02 22:56:05",2356,1902,76690,-36.382773,-71.500273,5.15,119.3,12.79,8.3,,0.7
"2025-10-02 22:56:06",2357,1903,76684,0,,4.7,136.6,12.78,8.3,,0.7
"2025-10-02 22:56:07",2357,1903,76678,0,,5,128.2,12.76,8.3,,0.7
"2025-10-02 22:56:08",2358,1904,76672,-36.382853,-71.500142,5.5,117.7,12.74,8.3,,0.7
"2025-10-02 22:56:09",2360,1906,76653,0,,4.85,130.3,12.73,8.3,,0.8
"2025-10-02 22:56:10",2362,1908,76635,0,,4.7,128.1,12.71,8.3,,0.9
"2025-10-02 22:56:11",2364,1910,76618,-36.38293,-71.500005,5.65,119.8,12.7,8.3,,0.9
"2025-10-02 22:56:13",2364,1910,76616,0,,4.45,131.4,12.67,8.3,,0.8
"2025-10-02 22:56:14",2364,1910,76616,-36.383013,-71.499865,5.3,116.9,12.67,8.35,,0.8
"2025-10-02 22:56:15",2365,1911,76608,0,,5.9,130.1,12.64,8.35,,0.8
"2025-10-02 22:56:16",2366,1912,76601,0,,4.15,129.5,12.63,8.35,,0.8
"2025-10-02 22:56:17",2367,1913,76594,-36.383093,-71.499728,5.2,121.4,12.64,8.35,23.75,0.8
"2025-10-02 22:56:18",2369,1915,76577,0,,5.75,127.9,12.66,8.35,,1
"2025-10-02 22:56:19",2370,1916,76560,0,,4.2,119.9,12.64,8.35,,1.1
"2025-10-02 22:56:20",2372,1918,76544,-36.38317,-71.499585,5.65,123.7,12.64,8.4,,1.2
"2025-10-02 22:56:21",2372,1918,76544,0,,5.15,133.5,12.67,8.4,,1.1
"2025-10-02 22:56:22",2372,1918,76545,0,,4.5,117.3,12.68,8.4,,0.9
"2025-10-02 22:56:23",2372,1918,76546,-36.383252,-71.499443,5.75,123.6,12.64,8.4,,0.8
"2025-10-02 22:56:24",2373,1919,76538,0,,4.8,135.6,12.63,8.4,,0.7
"2025-10-02 22:56:25",2374,1920,76531,0,,4.8,117.3,12.59,8.4,,0.7
"2025-10-02 22:56:26",2374,1920,76524,-36.383333,-71.499307,5.85,128.2,12.57,8.4,,0.8
"2025-10-02 22:56:27",2376,1922,76505,0,,4.5,131,12.55,8.4,,0.9
"2025-10-02 22:56:28",2378,1924,76486,0,,5.25,114.1,12.55,8.4,,1
"2025-10-02 22:56:29",2381,1927,76468,-36.383412,-71.499167,5.25,129.3,12.58,8.4,,1.1
"2025-10-02 22:56:31",2382,1928,76454,0,,5.55,121.1,12.63,8.4,,1
"2025-10-02 22:56:32",2383,1929,76448,-36.383497,-71.499028,5.8,125,12.6,8.4,,0.9
"2025-10-02 22:56:33",2384,1930,76438,0,,4.55,124.9,12.62,8.4,,0.9
"2025-10-02 22:56:34",2385,1931,76428,0,,5.25,122.7,12.63,8.35,,1
"2025-10-02 22:56:35",2386,1932,76418,-36.383577,-71.498888,5.4,130.6,12.63,8.4,,1.1
"2025-10-02 22:56:36",2387,1933,76409,0,,4.55,122.2,12.6,8.4,,1.2
"2025-10-02 22:56:37",2388,1934,76401,0,,5.45,127,12.57,8.4,,1.2
"2025-10-02 22:56:38",2389,1935,76394,-36.383657,-71.498757,4.6,133.5,12.55,8.4,,1.2
"2025-10-02 22:56:39",2390,1936,76386,0,,4.6,133.5,12.5,8.4,,1.1
"2025-10-02 22:56:40",2390,1936,76378,0,,5.9,128.9,12.51,8.4,,1
"2025-10-02 22:56:41",2391,1937,76370,-36.383743,-71.498613,4.8,130,12.55,8.4,,0.9
"2025-10-02 22:56:43",2393,1939,76353,0,,5.8,126.6,12.55,8.4,,0.9
"2025-10-02 22:56:44",2394,1940,76346,-36.383822,-71.498468,5.05,131.2,12.55,8.4,23.5,0.9
"2025-10-02 22:56:45",2395,1941,76333,0,,4.9,122.7,12.55,8.45,,1
"2025-10-02 22:56:46",2397,1943,76321,0,,6.15,129.4,12.55,8.45,,1
"2025-10-02 22:56:47",2398,1944,76310,-36.383908,-71.498328,4.9,128.1,12.52,8.45,,1
"2025-10-02 22:56:48",2399,1945,76300,0,,5.15,119.2,12.5,8.45,,1
"2025-10-02 22:56:49",2400,1946,76291,0,,5.9,129.3,12.5,8.45,,1
"2025-10-02 22:56:50",2401,1947,76282,-36.383988,-71.498183,4.95,125.4,12.49,8.45,,1
"2025-10-02 22:56:51",2402,1948,76272,0,,4.95,119.7,12.49,8.45,,1
"2025-10-02 22:56:52",2403,1949,76262,0,,5.75,130.8,12.5,8.45,,1.1
"2025-10-02 22:56:53",2404,1950,76252,-36.384068,-71.498042,5.05,129.2,12.48,8.45,,1.1
"2025-10-02 22:56:54",2406,1952,76239,0,,4.9,115.7,12.48,8.45,,1.1
"2025-10-02 22:56:55",2407,1953,76227,0,,5.5,136.3,12.47,8.45,,1.2
"2025-10-02 22:56:56",2408,1954,76216,-36.384148,-71.497905,4.85,126,12.44,8.45,,1.2
"2025-10-02 22:56:57",2409,1955,76210,0,,5.5,118.3,12.43,8.45,,1.1
"2025-10-02 22:56:58",2410,1956,76205,0,,5.65,134.7,12.43,8.45,,1.1
"2025-10-02 22:56:59",2410,1956,76200,-36.384233,-71.49776,5.25,123.8,12.43,8.45,,1
"2025-10-02 22:57:00",2412,1958,76185,0,,5.5,119.5,12.44,8.5,,1.1
"2025-10-02 22:57:01",2413,1959,76170,0,,5.2,133.5,12.43,8.5,,1.1
"2025-10-02 22:57:02",2415,1961,76156,-36.384317,-71.497617,4.8,131.2,12.43,8.5,,1.2
"2025-10-02 22:57:03",2416,1962,76147,0,,5.95,121.3,12.43,8.5,,1.1
"2025-10-02 22:57:04",2417,1963,76138,0,,5.5,134.3,12.42,8.5,,1.1
"2025-10-02 22:57:05",2418,1964,76130,-36.384405,-71.497473,5.4,123.5,12.4,8.5,,1.1
"2025-10-02 22:57:06",2418,1964,76126,0,,6.05,122.9,12.39,8.5,,1.1
"2025-10-02 22:57:07",2418,1964,76123,0,,5.25,128.2,12.39,8.5,,1
"2025-10-02 22:57:08",2419,1965,76120,-36.38449,-71.49732,4.75,123.8,12.37,8.5,,0.9
"2025-10-02 22:57:09",2421,1967,76098,0,,5.7,119.4,12.38,8.5,,1
"2025-10-02 22:57:10",2424,1970,76077,0,,5.5,133.8,12.37,8.5,,1.1
"2025-10-02 22:57:11",2426,1972,76056,-36.384573,-71.497173,5,124.8,12.36,8.5,23,1.3
"2025-10-02 22:57:12",2427,1973,76044,0,,5.6,123.2,12.36,8.5,,1.3
"2025-10-02 22:57:13",2428,1974,76033,0,,5.7,136.9,12.3,8.5,,1.3
"2025-10-02 22:57:14",2430,1976,76022,-36.384663,-71.497032,5.1,123.8,12.27,8.5,,1.2
"2025-10-02 22:57:15",2430,1976,76018,0,,5.75,121.6,12.27,8.5,,1.2
"2025-10-02 22:57:16",2430,1976,76015,0,,5.7,132.8,12.28,8.5,,1.1
"2025-10-02 22:57:17",2431,1977,76012,-36.384752,-71.49688,5.05,123.6,12.26,8.5,,1.1
"2025-10-02 22:57:18",2433,1979,75994,0,,5.9,119.6,12.26,8.5,,1.2
"2025-10-02 22:57:19",2435,1981,75977,0,,5.55,133.7,12.25,8.5,,1.3
"2025-10-02 22:57:20",2437,1983,75960,-36.384838,-71.496732,4.85,129.3,12.25,8.55,,1.5
"2025-10-02 22:57:21",2438,1984,75947,0,,5.9,120.3,12.24,8.55,,1.4
"2025-10-02 22:57:22",2439,1985,75933,0,,5.8,131.5,12.21,8.55,,1.3
"2025-10-02 22:57:23",2441,1987,75920,-36.384923,-71.496582,4.6,121.8,12.2,8.55,,1.3
"2025-10-02 22:57:24",2441,1987,75917,0,,5.8,125.9,12.19,8.55,,1.2
"2025-10-02 22:57:25",2441,1987,75915,0,,5.95,131.9,12.19,8.6,,1.1
"2025-10-02 22:57:26",2442,1988,75914,-36.385013,-71.496435,4.75,124.5,12.17,8.6,,1
"2025-10-02 22:57:27",2443,1989,75897,0,,5.8,130.6,12.15,8.55,,1.1
"2025-10-02 22:57:28",2445,1991,75880,0,,6,133.6,12.14,8.6,,1.2
"2025-10-02 22:57:29",2447,1993,75864,-36.38511,-71.496288,5.05,122.2,12.12,8.65,,1.4
"2025-10-02 22:57:31",2450,1996,75842,0,,5.95,134.2,12.1,8.7,,1.3
"2025-10-02 22:57:32",2451,1997,75832,-36.385205,-71.49614,5.05,123.4,12.08,8.7,,1.2
"2025-10-02 22:57:33",2452,1998,75821,0,,6.25,124.3,12.08,8.7,,1.2
"2025-10-02 22:57:34",2453,1999,75811,0,,5.8,132.2,12.08,8.7,,1.1
"2025-10-02 22:57:35",2454,2000,75802,-36.385295,-71.495987,4.85,122,12.06,8.7,,1.1
"2025-10-02 22:57:37",2457,2003,75771,0,,5.15,133.5,12.03,8.75,,1.3
"2025-10-02 22:57:38",2459,2005,75756,-36.385383,-71.49584,5.05,126.1,12.02,8.75,22.75,1.4
"2025-10-02 22:57:39",2460,2006,75750,0,,6.6,131,11.99,8.8,,1.4
"2025-10-02 22:57:40",2460,2006,75744,0,,5.75,134,11.99,8.8,,1.3
"2025-10-02 22:57:41",2461,2007,75738,-36.385487,-71.495688,5.3,124.9,11.99,8.85,,1.2
"2025-10-02 22:57:43",2465,2011,75701,0,,5.55,134.3,11.99,8.85,,1.3
"2025-10-02 22:57:44",2467,2013,75684,-36.385578,-71.495538,5.15,126.2,11.96,8.85,,1.4
"2025-10-02 22:57:45",2469,2015,75667,0,,6.3,130,11.94,8.85,,1.4
"2025-10-02 22:57:46",2470,2016,75653,0,,5.35,132.5,11.92,8.85,,1.4
"2025-10-02 22:57:47",2472,2018,75640,-36.385677,-71.495385,6.35,123.5,11.91,8.85,,1.5
"2025-10-02 22:57:48",2473,2019,75631,0,,6.1,132.5,11.91,8.9,,1.5
"2025-10-02 22:57:49",2474,2020,75621,0,,4.95,128.8,11.9,8.9,,1.4
"2025-10-02 22:57:50",2475,2021,75612,-36.385772,-71.495232,6.05,123.5,11.9,8.95,,1.4
"2025-10-02 22:57:51",2476,2022,75599,0,,5.75,133.5,11.85,8.9,,1.4
"2025-10-02 22:57:52",2478,2024,75586,0,,5.05,120.4,11.8,8.9,,1.4
"2025-10-02 22:57:53",2479,2025,75574,-36.385862,-71.495078,6,123.8,11.76,8.9,,1.5
"2025-10-02 22:57:54",2482,2028,75547,0,,6,137.3,11.75,8.9,,1.6
"2025-10-02 22:57:55",2485,2031,75520,0,,5,123.6,11.75,8.9,,1.7
"2025-10-02 22:57:56",2488,2034,75494,-36.385962,-71.494933,5.75,131.3,11.75,8.95,,1.8
"2025-10-02 22:57:58",2491,2037,75471,0,,5.5,118.6,11.71,8.95,,1.7
"2025-10-02 22:57:59",2492,2038,75460,-36.38606,-71.494778,6.1,133.1,11.73,8.95,,1.7
"2025-10-02 22:58:01",2495,2041,75430,0,,5.95,120.8,11.65,8.95,,1.8
"2025-10-02 22:58:02",2497,2043,75416,-36.386162,-71.494628,6.05,127.5,11.68,9,,1.8
"2025-10-02 22:58:04",2500,2046,75391,0,,6.35,124.4,11.65,9.05,,1.8
"2025-10-02 22:58:05",2501,2047,75378,-36.386265,-71.49448,6.35,133.8,11.65,9.05,22.5,1.8
"2025-10-02 22:58:07",2504,2050,75347,0,,6.4,125.6,11.62,9.05,,1.6
"2025-10-02 22:58:08",2506,2052,75332,-36.386372,-71.49433,6.55,130.8,11.6,9.1,,1.5
"2025-10-02 22:58:10",2509,2055,75307,0,,6.2,125.7,11.59,9.1,,1.5
"2025-10-02 22:58:11",2510,2056,75296,-36.386478,-71.494183,6.1,136.4,11.56,9.15,,1.5
"2025-10-02 22:58:13",2513,2059,75268,0,,6.45,127.2,11.54,9.15,,1.5
"2025-10-02 22:58:14",2515,2061,75254,-36.386587,-71.494033,6.6,134.8,11.53,9.15,,1.5
"2025-10-02 22:58:18",2521,2067,75196,0,,6,130.7,11.44,9.15,,1.6
"2025-10-02 22:58:19",2523,2069,75182,0,,6.65,127.7,11.44,9.15,,1.5
"2025-10-02 22:58:20",2524,2070,75168,-36.386802,-71.493733,5.75,137.1,11.44,9.2,,1.5
"2025-10-02 22:58:21",2526,2072,75154,0,,5.4,127.4,11.44,9.2,,1.5
"2025-10-02 22:58:22",2527,2073,75141,0,,6.75,130.1,11.43,9.2,,1.5
"2025-10-02 22:58:23",2529,2075,75128,-36.386912,-71.49358,6.4,136.5,11.43,9.2,,1.5
"2025-10-02 22:58:24",2531,2077,75111,0,,5.65,126.7,11.43,9.25,,1.6
"2025-10-02 22:58:25",2533,2079,75094,0,,6.45,130.1,11.43,9.25,,1.6
"2025-10-02 22:58:26",2534,2080,75078,-36.38702,-71.493428,5.65,137,11.39,9.25,,1.6
"2025-10-02 22:58:27",2536,2082,75066,0,,5.35,122.9,11.35,9.3,,1.6
"2025-10-02 22:58:28",2537,2083,75054,0,,6.35,134.5,11.33,9.3,,1.6
"2025-10-02 22:58:29",2538,2084,75042,-36.387123,-71.493287,5.5,137.6,11.31,9.3,,1.6
"2025-10-02 22:58:33",2545,2091,74982,0,,6,124.7,11.26,9.35,,1.6
"2025-10-02 22:58:34",2547,2093,74968,0,,6.6,133.7,11.26,9.35,,1.6
"2025-10-02 22:58:35",2548,2094,74954,-36.387342,-71.492985,5.55,134.3,11.25,9.4,,1.6
"2025-10-02 22:58:36",2550,2096,74941,0,,5.55,124.8,11.24,9.4,,1.6
"2025-10-02 22:58:37",2551,2097,74925,0,,6.65,136.3,11.22,9.4,,1.6
"2025-10-02 22:58:38",2553,2099,74910,-36.387447,-71.49284,5.55,137.1,11.22,9.4,,1.6
"2025-10-02 22:58:39",2555,2101,74896,0,,5.8,125.4,11.2,9.4,,1.6
"2025-10-02 22:58:40",2556,2102,74882,0,,6.7,132.8,11.2,9.4,,1.6
"2025-10-02 22:58:41",2558,2104,74868,-36.387553,-71.492692,5.6,138.4,11.18,9.4,,1.6
"2025-10-02 22:58:43",2561,2107,74837,0,,6.65,135,11.15,9.35,,1.6
"2025-10-02 22:58:44",2563,2109,74822,-36.387663,-71.492548,5.7,135.2,11.1,9.35,,1.6
"2025-10-02 22:58:45",2565,2111,74806,0,,5.95,126.4,11.07,9.3,,1.6
"2025-10-02 22:58:46",2566,2112,74792,0,,6.1,139.8,11.06,9.3,,1.7
"2025-10-02 22:58:47",2568,2114,74778,-36.387768,-71.492405,5.25,128.4,11.04,9.3,,1.7
"2025-10-02 22:58:48",2569,2115,74767,0,,6.7,130.7,11.04,9.3,,1.6
"2025-10-02 22:58:49",2570,2116,74756,0,,6.2,139.5,11.04,9.3,,1.6
"2025-10-02 22:58:50",2572,2118,74746,-36.387883,-71.492257,5.5,132.9,11.04,9.3,,1.6
"2025-10-02 22:58:51",2574,2120,74727,0,,6.7,132.9,11.03,9.25,,1.6
"2025-10-02 22:58:52",2576,2122,74708,0,,6.05,137.8,11.02,9.25,,1.6
"2025-10-02 22:58:53",2578,2124,74690,-36.387998,-71.492105,5.65,128.7,10.99,9.25,,1.7
"2025-10-02 22:58:54",2579,2125,74680,0,,6.75,129.4,10.95,9.25,,1.6
"2025-10-02 22:58:55",2580,2126,74670,0,,5.55,137.8,10.93,9.25,,1.6
"2025-10-02 22:58:56",2581,2127,74660,-36.388107,-71.491953,5.35,129.6,10.91,9.25,,1.5
"2025-10-02 22:58:57",2582,2128,74650,0,,6.8,129.5,10.92,9.25,,1.5
"2025-10-02 22:58:58",2583,2129,74641,0,,5.55,135.3,10.9,9.25,,1.4
"2025-10-02 22:58:59",2584,2130,74632,-36.388215,-71.491803,5.15,128,10.89,9.25,22,1.4
"2025-10-02 22:59:01",2589,2135,74590,0,,5.6,134.4,10.87,9.3,,1.5
"2025-10-02 22:59:02",2591,2137,74570,-36.388323,-71.49165,6.1,126.1,10.85,9.3,,1.6
"2025-10-02 22:59:03",2593,2139,74550,0,,6.45,137.9,10.79,9.3,,1.6
"2025-10-02 22:59:04",2595,2141,74532,0,,5.2,133.6,10.74,9.3,,1.6
"2025-10-02 22:59:05",2597,2143,74514,-36.388432,-71.491505,6.35,128,10.7,9.3,,1.6
"2025-10-02 22:59:06",2599,2145,74497,0,,6.35,141.5,10.65,9.25,,1.7
"2025-10-02 22:59:07",2601,2147,74480,0,,5.4,130.7,10.61,9.25,,1.8
"2025-10-02 22:59:08",2603,2149,74464,-36.388545,-71.491357,6.3,128.5,10.6,9.3,,1.8
"2025-10-02 22:59:09",2605,2151,74449,0,,6.45,139.7,10.62,9.3,,1.9
"2025-10-02 22:59:10",2606,2152,74434,0,,5.7,128.6,10.6,9.3,,1.9
"2025-10-02 22:59:11",2608,2154,74420,-36.38866,-71.491202,6.1,128,10.55,9.3,,2
"2025-10-02 22:59:13",2612,2158,74387,0,,5.9,128.6,10.51,9.35,,1.9
"2025-10-02 22:59:14",2613,2159,74372,-36.388772,-71.491055,6.6,131.9,10.51,9.35,,1.8
"2025-10-02 22:59:15",2615,2161,74355,0,,5.25,136,10.51,9.35,,1.8
"2025-10-02 22:59:16",2617,2163,74339,0,,5.7,128.4,10.5,9.35,,1.8
"2025-10-02 22:59:17",2619,2165,74324,-36.388877,-71.490913,6.35,137.2,10.51,9.35,,1.8
"2025-10-02 22:59:18",2619,2165,74321,0,,5.95,137.4,10.5,9.35,,1.6
"2025-10-02 22:59:19",2619,2165,74318,0,,6.25,127,10.5,9.35,,1.5
"2025-10-02 22:59:20",2620,2166,74316,-36.388995,-71.490762,6.2,140.4,10.47,9.4,,1.4
"2025-10-02 22:59:21",2622,2168,74291,0,,5.8,130,10.46,9.4,,1.5
"2025-10-02 22:59:22",2625,2171,74266,0,,6.4,128.9,10.43,9.4,,1.6
"2025-10-02 22:59:23",2628,2174,74242,-36.389107,-71.490612,6.15,136.6,10.41,9.4,,1.7
"2025-10-02 22:59:25",2632,2178,74208,0,,6.55,135.2,10.36,9.35,,1.7
"2025-10-02 22:59:26",2634,2180,74192,-36.38922,-71.490477,5.55,138.5,10.34,9.4,21.75,1.7
"2025-10-02 22:59:27",2634,2180,74188,0,,5.7,127,10.32,9.35,,1.6
"2025-10-02 22:59:28",2634,2180,74185,0,,6.75,137.5,10.32,9.4,,1.5
"2025-10-02 22:59:29",2635,2181,74182,-36.389335,-71.490333,5.9,138.9,10.28,9.4,,1.4
"2025-10-02 22:59:30",2637,2183,74161,0,,6.1,125.5,10.28,9.4,,1.4
"2025-10-02 22:59:31",2639,2185,74140,0,,6.55,136.2,10.25,9.4,,1.6
"2025-10-02 22:59:32",2642,2188,74120,-36.389448,-71.490185,5.5,135.7,10.25,9.45,,1.7
"2025-10-02 22:59:33",2644,2190,74098,0,,5.7,125.1,10.22,9.45,,1.8
"2025-10-02 22:59:34",2647,2193,74077,0,,6.45,139.7,10.21,9.45,,1.8
"2025-10-02 22:59:35",2649,2195,74056,-36.389555,-71.490043,5.3,132.8,10.18,9.45,,1.7
"2025-10-02 22:59:36",2650,2196,74044,0,,6.65,127.3,10.18,9.45,,1.7
"2025-10-02 22:59:37",2652,2198,74033,0,,6.15,138.1,10.17,9.45,,1.6
"2025-10-02 22:59:38",2653,2199,74022,-36.389662,-71.489892,5.45,126.8,10.16,9.5,,1.6
"2025-10-02 22:59:39",2655,2201,74002,0,,6.15,128.6,10.13,9.5,,1.7
"2025-10-02 22:59:40",2657,2203,73983,0,,5.7,140.8,10.11,9.5,,1.9
"2025-10-02 22:59:41",2659,2205,73964,-36.389767,-71.489748,5.5,127.3,10.06,9.5,,2
"2025-10-02 22:59:43",2660,2206,73958,0,,6.8,133,10.02,9.5,,1.8
"2025-10-02 22:59:44",2660,2206,73956,-36.389875,-71.4896,5.45,127.9,10.02,9.5,,1.6
"2025-10-02 22:59:45",2663,2209,73929,0,,6.35,127.5,10.02,9.45,,1.7
"2025-10-02 22:59:46",2666,2212,73903,0,,5.45,136.8,10.02,9.45,,1.7
"2025-10-02 22:59:47",2669,2215,73878,-36.389977,-71.489452,5.95,127.3,9.98,9.45,,1.7
"2025-10-02 22:59:48",2670,2216,73870,0,,6.55,131.5,9.98,9.45,,1.6
"2025-10-02 22:59:49",2671,2217,73863,0,,5.05,129.5,9.95,9.45,,1.6
"2025-10-02 22:59:50",2672,2218,73856,-36.390075,-71.489302,5.75,121.4,9.93,9.45,,1.5
"2025-10-02 22:59:51",2674,2220,73831,0,,6.35,138.2,9.9,9.45,,1.7
"2025-10-02 22:59:52",2677,2223,73807,0,,5.2,127,9.88,9.45,,1.7
"2025-10-02 22:59:53",2680,2226,73784,-36.390177,-71.48915,6.15,125.8,9.86,9.45,21.5,1.7
"2025-10-02 22:59:54",2681,2227,73768,0,,6.15,137.2,9.86,9.5,,1.7
"2025-10-02 22:59:55",2683,2229,73752,0,,5.5,127.7,9.83,9.5,,1.9
"2025-10-02 22:59:56",2685,2231,73736,-36.390287,-71.488995,7,126.5,9.84,9.5,,2.1
"2025-10-02 22:59:57",2687,2233,73720,0,,5.9,133.6,9.82,9.5,,2
"2025-10-02 22:59:58",2688,2234,73706,0,,5.65,122.6,9.81,9.5,,1.8
"2025-10-02 22:59:59",2690,2236,73692,-36.390385,-71.488833,6.45,124.5,9.75,9.55,,1.7
"2025-10-02 23:00:01",2693,2239,73664,0,,5.75,124.5,9.72,9.55,,1.9
"2025-10-02 23:00:02",2695,2241,73650,-36.390483,-71.48867,6.65,121.4,9.68,9.55,,1.9
"2025-10-02 23:00:03",2696,2242,73635,0,,5.5,131.6,9.69,9.55,,1.9
"2025-10-02 23:00:04",2698,2244,73620,0,,6.15,129.8,9.66,9.55,,1.8
"2025-10-02 23:00:05",2700,2246,73606,-36.390585,-71.488507,6.65,124.1,9.63,9.55,,1.8
"2025-10-02 23:00:07",2703,2249,73572,0,,5.3,126.4,9.57,9.55,,1.7
"2025-10-02 23:00:08",2705,2251,73556,-36.390682,-71.488353,6.4,122.8,9.57,9.55,,1.7
"2025-10-02 23:00:09",2706,2252,73547,0,,5.65,130.2,9.57,9.55,,1.6
"2025-10-02 23:00:10",2707,2253,73538,0,,5.65,124,9.54,9.55,,1.6
"2025-10-02 23:00:11",2708,2254,73530,-36.390777,-71.488192,6.5,123.5,9.57,9.55,,1.5
"2025-10-02 23:00:12",2711,2257,73508,0,,5.5,127.6,9.54,9.5,,1.6
"2025-10-02 23:00:13",2713,2259,73486,0,,5,124.3,9.53,9.55,,1.7
"2025-10-02 23:00:14",2716,2262,73464,-36.390865,-71.48804,6.1,129.7,9.52,9.55,,1.7
"2025-10-02 23:00:15",2717,2263,73456,0,,5.4,134.5,9.48,9.55,,1.7
"2025-10-02 23:00:16",2718,2264,73448,0,,5.2,124.7,9.47,9.55,,1.6
"2025-10-02 23:00:17",2719,2265,73440,-36.39096,-71.487898,6,126.8,9.44,9.55,,1.6
"2025-10-02 23:00:18",2721,2267,73420,0,,4.95,134.1,9.44,9.55,,1.6
"2025-10-02 23:00:19",2723,2269,73400,0,,5.3,125.1,9.42,9.55,,1.7
"2025-10-02 23:00:20",2725,2271,73380,-36.391052,-71.487757,6.2,125.2,9.43,9.55,21.25,1.7
"2025-10-02 23:00:21",2727,2273,73367,0,,5.8,135.7,9.4,9.55,,1.6
"2025-10-02 23:00:22",2728,2274,73355,0,,5.5,125,9.4,9.55,,1.7
"2025-10-02 23:00:23",2729,2275,73344,-36.391148,-71.487605,6.35,120.1,9.38,9.55,,1.7
"2025-10-02 23:00:24",2731,2277,73326,0,,5.85,128.7,9.37,9.55,,1.8
"2025-10-02 23:00:25",2733,2279,73309,0,,5.1,126.5,9.34,9.55,,1.7
"2025-10-02 23:00:26",2735,2281,73292,-36.39124,-71.487452,6.35,123.8,9.3,9.6,,1.7
"2025-10-02 23:00:28",2739,2285,73262,0,,5.55,115.7,9.25,9.6,,1.7
"2025-10-02 23:00:29",2740,2286,73248,-36.391327,-71.487283,6.2,123,9.25,9.6,,1.7
"2025-10-02 23:00:31",2744,2290,73215,0,,5.75,116,9.19,9.6,,1.7
"2025-10-02 23:00:32",2746,2292,73200,-36.391415,-71.487118,6,127.9,9.19,9.6,,1.7
"2025-10-02 23:00:34",2749,2295,73172,0,,6.55,120.1,9.15,9.6,,1.7
"2025-10-02 23:00:35",2750,2296,73158,-36.39151,-71.486953,6.3,129.5,9.14,9.6,,1.8
"2025-10-02 23:00:37",2751,2297,73151,0,,6.5,117.5,9.1,9.6,,1.5
"2025-10-02 23:00:38",2752,2298,73148,-36.391602,-71.486787,6.25,129.1,9.07,9.6,,1.4
"2025-10-02 23:00:40",2756,2302,73113,0,,6.3,114.1,9.03,9.6,,1.4
"2025-10-02 23:00:41",2758,2304,73096,-36.39168,-71.486615,6.5,125.1,9,9.6,,1.4
"2025-10-02 23:00:44",2764,2310,73038,-36.391768,-71.486448,5.85,126.6,8.96,9.6,,1.6
"2025-10-02 23:00:46",2766,2312,73023,0,,6.45,120.8,8.93,9.6,,1.4
"2025-10-02 23:00:47",2767,2313,73016,-36.391855,-71.486285,5.55,128.8,8.88,9.6,20.75,1.4
"2025-10-02 23:00:48",2768,2314,73001,0,,6,113.6,8.9,9.6,,1.4
"2025-10-02 23:00:49",2770,2316,72986,0,,6.6,124.9,8.86,9.6,,1.6
"2025-10-02 23:00:50",2772,2318,72972,-36.39194,-71.486113,5.8,126.4,8.86,9.65,,1.7
"2025-10-02 23:00:51",2773,2319,72956,0,,5.7,114.5,8.84,9.65,,1.7
"2025-10-02 23:00:52",2775,2321,72940,0,,6.5,128.2,8.79,9.65,,1.6
"2025-10-02 23:00:53",2777,2323,72924,-36.392022,-71.485947,5.6,118.8,8.78,9.65,,1.6
"2025-10-02 23:00:54",2779,2325,72910,0,,,,8.67,9.65,,1.6
"2025-10-02 23:00:55",2780,2326,72896,0,,,,8.65,9.7,,1.6
"2025-10-02 23:00:56",2782,2328,72882,0,,,,8.65,9.7,,1.5
"2025-10-02 23:00:57",2784,2330,72866,0,,6.95,114.9,8.65,9.65,,1.5
"2025-10-02 23:00:58",2785,2331,72851,0,,5.8,128.4,8.65,9.65,,1.6
"2025-10-02 23:00:59",2787,2333,72836,-36.39218,-71.485593,5.8,116.5,8.64,9.7,,1.7
"2025-10-02 23:01:01",2790,2336,72809,0,,5.6,124.5,8.65,9.7,,1.7
"2025-10-02 23:01:02",2792,2338,72796,-36.392257,-71.485412,5.8,114.5,8.65,9.75,,1.7
"2025-10-02 23:01:03",2792,2338,72788,0,,6.95,119.1,8.64,9.75,,1.6
"2025-10-02 23:01:04",2793,2339,72781,0,,6.45,123,8.64,9.75,,1.5
"2025-10-02 23:01:05",2794,2340,72774,-36.39234,-71.485222,5.9,112.1,8.65,9.75,,1.5
"2025-10-02 23:01:06",2797,2343,72753,0,,6.75,122.4,8.65,9.8,,1.5
"2025-10-02 23:01:07",2799,2345,72731,0,,5.9,123.3,8.65,9.8,,1.6
"2025-10-02 23:01:08",2801,2347,72710,-36.392423,-71.485043,6.45,117.6,8.65,9.8,,1.6
"2025-10-02 23:01:09",2803,2349,72695,0,,7,120.4,8.65,9.8,,1.6
"2025-10-02 23:01:10",2805,2351,72680,0,,6.05,118.5,8.65,9.8,,1.6
"2025-10-02 23:01:11",2806,2352,72666,-36.392508,-71.484847,6.55,111.4,8.65,9.8,,1.6
"2025-10-02 23:01:13",2810,2356,72637,0,,5.6,118,8.65,9.8,,1.6
"2025-10-02 23:01:14",2811,2357,72624,-36.39259,-71.484662,6.75,117.7,8.65,9.8,20.5,1.6
"2025-10-02 23:01:15",2813,2359,72608,0,,6.7,123.6,8.65,9.8,,1.7
"2025-10-02 23:01:16",2815,2361,72594,0,,6.1,115.9,8.64,9.8,,1.8
"2025-10-02 23:01:17",2816,2362,72580,-36.392675,-71.484468,7.15,114.2,8.64,9.8,,1.8
"2025-10-02 23:01:18",2817,2363,72577,0,,6.35,121.7,8.64,9.8,,1.7
"2025-10-02 23:01:19",2817,2363,72574,0,,6,111.1,8.64,9.8,,1.5
"2025-10-02 23:01:20",2817,2363,72572,-36.392752,-71.484275,7.2,115.5,8.64,9.8,,1.3
"2025-10-02 23:01:21",2820,2366,72549,0,,6.15,121.4,8.64,9.8,,1.4
"2025-10-02 23:01:22",2822,2368,72526,0,,5.85,112.2,8.64,9.8,,1.5
"2025-10-02 23:01:23",2825,2371,72504,-36.392827,-71.484087,6.75,115.6,8.64,9.8,,1.6
"2025-10-02 23:01:24",2826,2372,72498,0,,6.95,122.1,8.64,9.8,,1.5
"2025-10-02 23:01:25",2826,2372,72493,0,,6.3,111.8,8.63,9.8,,1.4
"2025-10-02 23:01:26",2827,2373,72488,-36.39291,-71.483885,7.05,116.5,8.63,9.8,,1.3
"2025-10-02 23:01:27",2830,2376,72461,0,,6.3,124.2,8.57,9.8,,1.4
"2025-10-02 23:01:28",2833,2379,72435,0,,6.65,112.2,8.54,9.8,,1.5
"2025-10-02 23:01:29",2836,2382,72410,-36.392992,-71.483685,7.2,111.9,8.52,9.85,,1.6
"2025-10-02 23:01:31",2839,2385,72381,0,,6.65,113.4,8.5,9.85,,1.8
"2025-10-02 23:01:32",2841,2387,72368,-36.393078,-71.48348,7.45,119.1,8.51,9.85,,1.9
"2025-10-02 23:01:33",2841,2387,72362,0,,6.3,119.9,8.49,9.85,,1.8
"2025-10-02 23:01:34",2842,2388,72356,0,,6.95,110.9,8.5,9.85,,1.6
"2025-10-02 23:01:35",2843,2389,72350,-36.39316,-71.483275,7.2,116.7,8.47,9.9,,1.5
"2025-10-02 23:01:36",2845,2391,72329,0,,6.45,118.9,8.47,9.9,,1.6
"2025-10-02 23:01:37",2847,2393,72308,0,,6.55,110.6,8.44,9.9,,1.8
"2025-10-02 23:01:38",2850,2396,72288,-36.393237,-71.483075,6.9,115.3,8.42,9.9,,1.9
"2025-10-02 23:01:39",2852,2398,72271,0,,6.2,120.6,8.43,9.85,,1.8
"2025-10-02 23:01:40",2854,2400,72254,0,,6.2,120.6,8.41,9.85,,1.7
"2025-10-02 23:01:41",2855,2401,72238,-36.39332,-71.482878,7.2,118.6,8.38,9.9,20.25,1.6
"2025-10-02 23:01:43",2857,2403,72227,0,,6.8,112.6,8.35,9.9,,1.5
"2025-10-02 23:01:44",2857,2403,72222,-36.3934,-71.482672,6.8,118.4,8.31,9.9,,1.4
"2025-10-02 23:01:45",2860,2406,72195,0,,6.55,114.2,8.33,9.95,,1.6
"2025-10-02 23:01:46",2863,2409,72170,0,,7.05,112,8.31,9.95,,1.8
"2025-10-02 23:01:47",2866,2412,72146,-36.39348,-71.482467,7.3,118.1,8.29,10,,1.9
"2025-10-02 23:01:48",2867,2413,72140,0,,,,8.28,9.95,,1.8
"2025-10-02 23:01:49",2867,2413,72134,0,,,,8.27,10,,1.7
"2025-10-02 23:01:50",2868,2414,72128,0,,,,8.25,10,,1.6
"2025-10-02 23:01:51",2871,2417,72106,0,,6.65,119.9,8.24,9.95,,1.6
"2025-10-02 23:01:52",2873,2419,72085,0,,7.45,110.3,8.22,9.95,,1.6
"2025-10-02 23:01:53",2875,2421,72064,-36.393648,-71.482043,7.45,116.1,8.2,10,,1.7
"2025-10-02 23:01:54",2878,2424,72045,0,,6.3,120.1,8.19,10,,1.7
"2025-10-02 23:01:55",2880,2426,72026,0,,7.5,113.3,8.14,10,,1.9
"2025-10-02 23:01:56",2882,2428,72008,-36.393732,-71.481833,7.55,116.3,8.13,10,,2
"2025-10-02 23:01:57",2883,2429,71994,0,,6.3,117,8.11,10.05,,2
"2025-10-02 23:01:58",2885,2431,71980,0,,7.55,112.2,8.08,10.05,,1.9
"2025-10-02 23:01:59",2887,2433,71966,-36.393815,-71.481623,6.9,119.8,8.08,10.05,,1.8
"2025-10-02 23:02:00",2889,2435,71948,0,,6.6,113.5,8.07,10.1,,1.8
"2025-10-02 23:02:01",2891,2437,71931,0,,8,115.1,8.06,10.1,,1.9
"2025-10-02 23:02:02",2893,2439,71914,-36.393902,-71.481407,7.25,120,8.07,10.1,,2
"2025-10-02 23:02:03",2894,2440,71901,0,,7.15,109.5,8.06,10.05,,2
"2025-10-02 23:02:04",2896,2442,71888,0,,7.75,113.3,8.06,10.05,,1.9
"2025-10-02 23:02:05",2897,2443,71876,-36.393985,-71.481182,7.3,121.4,8.03,10.1,,1.9
"2025-10-02 23:02:06",2899,2445,71856,0,,7.5,115.8,7.99,10.1,,1.8
"2025-10-02 23:02:07",2901,2447,71837,0,,8.15,115.1,7.99,10.1,,1.8
"2025-10-02 23:02:08",2904,2450,71818,-36.39408,-71.480955,6.95,119.4,7.98,10.1,19.75,1.8
"2025-10-02 23:02:09",2904,2450,71812,0,,7.6,111.6,7.99,10.15,,1.7
"2025-10-02 23:02:10",2905,2451,71807,0,,8.35,114.5,8,10.15,,1.7
"2025-10-02 23:02:11",2906,2452,71802,-36.394167,-71.480722,7.7,117.8,8,10.2,,1.6
"2025-10-02 23:02:12",2908,2454,71777,0,,7,112,8.03,10.2,,1.6
"2025-10-02 23:02:13",2911,2457,71752,0,,8.1,118.7,7.99,10.25,,1.7
"2025-10-02 23:02:14",2914,2460,71728,-36.394258,-71.480497,7.55,119.6,8,10.25,,1.8
"2025-10-02 23:02:15",2915,2461,71719,0,,7.7,114.2,7.99,10.25,,1.7
"2025-10-02 23:02:16",2916,2462,71711,0,,8.45,118.4,8.03,10.25,,1.7
"2025-10-02 23:02:17",2917,2463,71704,-36.394357,-71.480258,7.8,118,8.01,10.25,,1.6
"2025-10-02 23:02:18",2920,2466,71680,0,,7.7,108.5,8.03,10.25,,1.7
"2025-10-02 23:02:19",2922,2468,71655,0,,8.2,119,8,10.3,,1.8
"2025-10-02 23:02:20",2925,2471,71630,-36.394447,-71.480023,7.5,121.6,8,10.3,,1.8
"2025-10-02 23:02:21",2927,2473,71615,0,,8.3,110.2,8,10.3,,1.8
"2025-10-02 23:02:22",2929,2475,71600,0,,8.15,119.3,8,10.35,,1.9
"2025-10-02 23:02:23",2930,2476,71586,-36.39454,-71.479785,7.4,116.7,7.99,10.35,,2
"2025-10-02 23:02:24",2931,2477,71578,0,,8.65,113.3,7.98,10.35,,2
"2025-10-02 23:02:25",2932,2478,71570,0,,8.3,120.7,7.98,10.4,,1.8
"2025-10-02 23:02:26",2933,2479,71562,-36.394638,-71.47954,7.65,115.8,7.98,10.4,,1.7
"2025-10-02 23:02:27",2936,2482,71539,0,,8.75,111.6,7.98,10.45,,1.7
"2025-10-02 23:02:28",2939,2485,71515,0,,8.8,118.5,7.98,10.45,,1.8
"2025-10-02 23:02:29",2941,2487,71492,-36.394732,-71.479285,7.7,112,7.99,10.5,,2
"2025-10-02 23:02:31",2946,2492,71450,0,,8.6,120.6,7.95,10.5,,2
"2025-10-02 23:02:32",2949,2495,71430,-36.39483,-71.47904,7.65,114.2,7.93,10.5,,1.9
"2025-10-02 23:02:34",2952,2498,71397,0,,8.15,120.4,7.9,10.55,,2
"2025-10-02 23:02:35",2954,2500,71382,-36.394928,-71.478793,8.3,112.2,7.88,10.55,19.5,2
"2025-10-02 23:02:36",2956,2502,71367,0,,9.35,118.1,7.89,10.55,,2
"2025-10-02 23:02:37",2957,2503,71352,0,,8.45,120.6,7.89,10.55,,2.1
"2025-10-02 23:02:38",2959,2505,71338,-36.395038,-71.478535,8.3,114.7,7.89,10.55,,2.2
"2025-10-02 23:02:39",2960,2506,71331,0,,9.2,115.2,7.9,10.5,,2
"2025-10-02 23:02:40",2961,2507,71324,0,,8.75,119.8,7.9,10.5,,1.8
"2025-10-02 23:02:41",2962,2508,71318,-36.395145,-71.478273,8.4,112.5,7.91,10.45,,1.7
"2025-10-02 23:02:43",2967,2513,71274,0,,8.05,117.3,7.91,10.45,,1.8
"2025-10-02 23:02:44",2969,2515,71252,-36.395242,-71.478012,8.4,111.7,7.92,10.4,,1.8
"2025-10-02 23:02:45",2972,2518,71231,0,,8.7,117,7.9,10.4,,1.8
"2025-10-02 23:02:46",2974,2520,71210,0,,8.45,120.5,7.89,10.35,,1.8
"2025-10-02 23:02:47",2976,2522,71190,-36.395352,-71.477757,8.95,117.5,7.86,10.3,,1.9
"2025-10-02 23:02:49",2981,2527,71151,0,,8.25,119.8,7.85,10.25,,1.9
"2025-10-02 23:02:50",2983,2529,71132,-36.395463,-71.47749,9.45,114,7.84,10.2,,2
"2025-10-02 23:02:51",2984,2530,71120,0,,9.4,117.7,7.86,10.2,,1.9
"2025-10-02 23:02:52",2986,2532,71109,0,,8.05,117.6,7.84,10.15,,2
"2025-10-02 23:02:53",2987,2533,71098,-36.395572,-71.477223,9.1,114.4,7.83,10.1,,2
"2025-10-02 23:02:54",2989,2535,71078,0,,9.7,118.9,7.81,10.05,,2.1
"2025-10-02 23:02:55",2992,2538,71058,0,,8.15,115.7,7.8,10,,2.2
"2025-10-02 23:02:56",2994,2540,71038,-36.395682,-71.476957,8.95,115.6,7.78,9.95,,2.1
"2025-10-02 23:02:58",2998,2544,71004,0,,8.05,118.6,7.75,9.85,,2
"2025-10-02 23:02:59",3000,2546,70988,-36.395798,-71.476697,9.45,116.4,7.71,9.8,,2
"2025-10-02 23:03:01",3004,2550,70950,0,,,,7.7,9.7,,1.9
"2025-10-02 23:03:02",3006,2552,70932,0,,,,7.7,9.65,19,1.9
"2025-10-02 23:03:04",3007,2553,70922,0,,9.2,114.6,7.73,9.55,,1.8
"2025-10-02 23:03:05",3008,2554,70918,-36.396043,-71.476133,9.95,114.7,7.74,9.55,,1.7
"2025-10-02 23:03:07",3014,2560,70868,0,,9.2,115.4,7.74,9.5,,1.8
"2025-10-02 23:03:08",3017,2563,70844,-36.396165,-71.475848,10.25,118.9,7.7,9.5,,1.9
"2025-10-02 23:03:10",3020,2566,70810,0,,8.9,115.2,7.7,9.45,,1.9
"2025-10-02 23:03:11",3022,2568,70794,-36.396288,-71.475567,10.05,117.3,7.68,9.45,,1.9
"2025-10-02 23:03:14",3023,2569,70790,-36.396422,-71.475278,10.45,118.7,7.57,9.45,,1.4
"2025-10-02 23:03:15",3016,2562,70845,0,,11.65,120,7.51,9.45,,0.8
"2025-10-02 23:03:16",3010,2556,70896,0,,12.7,110.3,7.39,9.45,,0.3
"2025-10-02 23:03:17",3004,2550,70948,-36.396545,-71.47493,11.45,106.8,7.32,9.5,,-0.3
"2025-10-02 23:03:18",2997,2543,71009,0,,11,110.6,7.23,9.5,,-0.8
"2025-10-02 23:03:19",2990,2536,71073,0,,11.05,113.6,7.22,9.6,,-2
"2025-10-02 23:03:20",2982,2528,71138,-36.396652,-71.474625,9.65,107.4,7.17,9.75,,-2.9
"2025-10-02 23:03:21",2974,2520,71213,0,,9,118.3,7.11,9.8,,-3.3
"2025-10-02 23:03:22",2965,2511,71287,0,,8.05,119.1,7.08,9.95,,-4.6
"2025-10-02 23:03:23",2956,2502,71362,-36.39675,-71.47443,7.95,116.1,7.04,10,,-5.5
"2025-10-02 23:03:24",2950,2496,71413,0,,7.8,113.2,7.02,10.1,,-5.5
"2025-10-02 23:03:25",2944,2490,71464,0,,7.55,113.6,7.01,10.15,,-5.6
"2025-10-02 23:03:26",2939,2485,71516,-36.396833,-71.474218,6.85,117,7,10.2,,-7
"2025-10-02 23:03:28",2924,2470,71645,0,,7.2,122,7.03,10.25,,-7.2
"2025-10-02 23:03:29",2916,2462,71712,-36.396925,-71.474025,7.2,117.2,7.04,10.3,18.75,-7.3
"2025-10-02 23:03:30",2907,2453,71791,0,,,,7.08,10.3,,-7.6
"2025-10-02 23:03:31",2897,2443,71872,0,,,,7.12,10.3,,-7.7
"2025-10-02 23:03:32",2888,2434,71954,0,,,,7.17,10.35,,-7.9
"2025-10-02 23:03:33",2882,2428,72008,0,,6.8,120.1,7.22,10.35,,-7.8
"2025-10-02 23:03:34",2876,2422,72062,0,,6.45,117.1,7.23,10.4,,-7.6
"2025-10-02 23:03:35",2869,2415,72116,-36.3971,-71.473657,6.1,120.4,7.3,10.4,,-7.4
"2025-10-02 23:03:36",2861,2407,72187,0,,6.1,122,7.36,10.45,,-7.3
"2025-10-02 23:03:37",2853,2399,72258,0,,6.35,123.4,7.4,10.45,,-7.5
"2025-10-02 23:03:38",2845,2391,72330,-36.397188,-71.473485,6.4,119.1,7.47,10.45,,-7.7
"2025-10-02 23:03:39",2837,2383,72402,0,,6.4,118.7,7.51,10.45,,-7.9
"2025-10-02 23:03:40",2828,2374,72475,0,,6,122.5,7.59,10.45,,-7.9
"2025-10-02 23:03:41",2820,2366,72548,-36.397275,-71.473313,6,126,7.67,10.45,,-8
"2025-10-02 23:03:43",2806,2352,72673,0,,6.75,126.4,7.81,10.45,,-7.6
"2025-10-02 23:03:44",2798,2344,72736,-36.397378,-71.473142,6.3,125.7,7.88,10.4,,-7.4
"2025-10-02 23:03:45",2790,2336,72810,0,,5.95,126,7.95,10.4,,-7.6
"2025-10-02 23:03:46",2782,2328,72884,0,,6.45,128.9,8.03,10.4,,-7.8
"2025-10-02 23:03:47",2773,2319,72958,-36.397483,-71.472977,6.75,128.9,8.09,10.4,,-8
"2025-10-02 23:03:48",2766,2312,73020,0,,6.5,125.9,8.16,10.45,,-8
"2025-10-02 23:03:49",2759,2305,73084,0,,6.05,127,8.23,10.45,,-7.9
"2025-10-02 23:03:50",2752,2298,73148,-36.397588,-71.472812,6.25,130.4,8.29,10.45,,-7.8
"2025-10-02 23:03:51",2744,2290,73212,0,,6.35,134.2,8.36,10.45,,-7.7
"2025-10-02 23:03:52",2737,2283,73275,0,,6.5,128.3,8.42,10.45,,-7.6
"2025-10-02 23:03:53",2730,2276,73338,-36.397698,-71.472652,5.95,127.9,8.49,10.5,,-7.5
"2025-10-02 23:03:54",2722,2268,73412,0,,5.7,131,8.57,10.5,,-7.6
"2025-10-02 23:03:55",2713,2259,73489,0,,6.05,133.3,8.64,10.5,,-7.7
"2025-10-02 23:03:56",2704,2250,73566,-36.397805,-71.472502,6.3,130.7,8.65,10.5,18,-7.8
"2025-10-02 23:03:58",2691,2237,73684,0,,6.1,128.5,8.69,10.5,,-7.6
"2025-10-02 23:03:59",2684,2230,73744,-36.39791,-71.472343,6.1,129,8.82,10.45,,-7.5
"2025-10-02 23:04:00",2676,2222,73818,0,,5.75,128.7,8.89,10.45,,-7.5
"2025-10-02 23:04:01",2667,2213,73895,0,,6,131,8.97,10.45,,-7.6
"2025-10-02 23:04:02",2658,2204,73972,-36.398013,-71.472188,6.3,128,9.04,10.4,,-7.7
"2025-10-02 23:04:03",2651,2197,74040,0,,6.15,122.3,9.12,10.35,,-7.7
"2025-10-02 23:04:04",2643,2189,74106,0,,5.25,122.4,9.18,10.3,,-7.8
"2025-10-02 23:04:05",2636,2182,74172,-36.3981,-71.472028,5.7,125,9.27,10.25,,-7.8
"2025-10-02 23:04:06",2629,2175,74234,0,,6.05,124.7,9.34,10.15,,-7.7
"2025-10-02 23:04:07",2622,2168,74299,0,,5.8,120.2,9.4,10.1,,-7.6
"2025-10-02 23:04:08",2614,2160,74364,-36.398185,-71.471867,5.3,121.7,9.47,10.05,,-7.5
"2025-10-02 23:04:09",2606,2152,74434,0,,5.5,126.2,9.54,10,,-7.5
"2025-10-02 23:04:10",2599,2145,74504,0,,5.9,126.4,9.59,9.95,,-7.5
"2025-10-02 23:04:11",2591,2137,74574,-36.398272,-71.471712,5.9,123.2,9.66,9.9,,-7.7
"2025-10-02 23:04:12",2582,2128,74655,0,,5.35,126.3,9.71,9.9,,-7.8
"2025-10-02 23:04:13",2573,2119,74734,0,,5.35,128.3,9.75,9.85,,-7.8
"2025-10-02 23:04:14",2564,2110,74814,-36.398362,-71.471563,5.6,129.7,9.83,9.8,,-7.8
"2025-10-02 23:04:15",2558,2104,74871,0,,5.85,125.2,9.89,9.8,,-7.7
"2025-10-02 23:04:16",2551,2097,74929,0,,5.5,127,9.96,9.75,,-7.7
"2025-10-02 23:04:17",2544,2090,74988,-36.398453,-71.471412,5.45,128.4,10.01,9.7,,-7.6
"2025-10-02 23:04:18",2537,2083,75056,0,,5.8,125.9,10.04,9.65,,-7.7
"2025-10-02 23:04:19",2529,2075,75125,0,,5.5,122.2,10.08,9.65,,-7.7
"2025-10-02 23:04:20",2522,2068,75194,-36.398535,-71.471263,4.7,123,10.13,9.6,,-7.7
"2025-10-02 23:04:21",2513,2059,75267,0,,4.3,133.8,10.14,9.6,,-7.7
"2025-10-02 23:04:22",2505,2051,75339,0,,4.85,137.8,10.16,9.6,,-7.8
"2025-10-02 23:04:23",2497,2043,75412,-36.398622,-71.47115,4.9,137.5,10.18,9.6,17.5,-7.8
"2025-10-02 23:04:24",2490,2036,75478,0,,4.7,134.5,10.22,9.65,,-7.8
"2025-10-02 23:04:25",2482,2028,75547,0,,4.15,138,10.25,9.65,,-7.7
"2025-10-02 23:04:26",2475,2021,75616,-36.39871,-71.471052,4.2,141.5,10.3,9.65,,-7.6
"2025-10-02 23:04:28",2460,2006,75747,0,,4.35,139.2,10.4,9.65,,-7.6
"2025-10-02 23:04:29",2453,1999,75812,-36.398802,-71.470962,4.1,145.1,10.43,9.65,,-7.6
"2025-10-02 23:04:30",2445,1991,75887,0,,4,149.5,10.46,9.6,,-7.7
"2025-10-02 23:04:31",2436,1982,75963,0,,4.2,150.5,10.5,9.6,,-7.7
"2025-10-02 23:04:32",2428,1974,76040,-36.398895,-71.470892,4.2,149.8,10.5,9.55,,-7.8
"2025-10-02 23:04:33",2421,1967,76104,0,,3.5,145.8,10.51,9.55,,-7.7
"2025-10-02 23:04:34",2414,1960,76168,0,,3.1,151.2,10.54,9.55,,-7.6
"2025-10-02 23:04:35",2406,1952,76232,-36.398975,-71.470835,3.2,154.7,10.6,9.55,,-7.6
"2025-10-02 23:04:36",2399,1945,76299,0,,3.2,160.2,10.65,9.6,,-7.6
"2025-10-02 23:04:37",2391,1937,76368,0,,3.75,159.6,10.73,9.6,,-7.5
"2025-10-02 23:04:38",2384,1930,76438,-36.39906,-71.470792,3.6,152.9,10.8,9.55,,-7.5
"2025-10-02 23:04:39",2375,1921,76516,0,,3.4,157.6,10.87,9.45,,-7.6
"2025-10-02 23:04:40",2367,1913,76594,0,,3.4,162.5,10.93,9.45,,-7.7
"2025-10-02 23:04:41",2358,1904,76672,-36.399147,-71.470752,3.75,164,11,9.4,,-7.8
"2025-10-02 23:04:43",2344,1890,76797,0,,3.75,147.3,11.08,9.55,,-7.7
"2025-10-02 23:04:44",2337,1883,76862,-36.399235,-71.4707,3.15,157.4,11.12,9.65,,-7.6
"2025-10-02 23:04:45",2328,1874,76943,0,,3.2,162.4,11.17,9.7,,-7.6
"2025-10-02 23:04:46",2320,1866,77022,0,,3.35,161.1,11.2,9.85,,-7.8
"2025-10-02 23:04:47",2311,1857,77102,-36.399318,-71.470665,3.35,160.3,11.24,10.05,,-7.9
"2025-10-02 23:04:48",2304,1850,77162,0,,3.35,157.3,11.29,10.25,,-7.9
"2025-10-02 23:04:49",2298,1844,77226,0,,3.35,155.2,11.34,10.4,,-7.8
"2025-10-02 23:04:50",2291,1837,77290,-36.3994,-71.470628,3.35,167.2,11.43,10.6,17.75,-7.8
"2025-10-02 23:04:51",2283,1829,77363,0,,3.3,172.1,11.44,10.8,,-7.8
"2025-10-02 23:04:52",2275,1821,77438,0,,3.4,166.3,11.48,10.95,,-7.8
"2025-10-02 23:04:53",2266,1812,77514,-36.399485,-71.470603,3.4,155.1,11.53,11.1,,-7.7
"2025-10-02 23:04:54",2258,1804,77595,0,,3.2,159.6,11.59,11.2,,-7.7
"2025-10-02 23:04:55",2249,1795,77673,0,,3.2,164.6,11.64,11.4,,-7.9
"2025-10-02 23:04:56",2241,1787,77752,-36.399567,-71.47057,3.05,163.7,11.71,11.5,,-8
"2025-10-02 23:04:58",2227,1773,77875,0,,2.3,158.2,11.82,11.9,,-7.7
"2025-10-02 23:04:59",2221,1767,77936,-36.399632,-71.470542,2.2,158.6,11.88,12.1,,-7.5
"2025-10-02 23:05:00",2213,1759,78005,0,,2.45,161.7,11.91,12.55,,-7.6
"2025-10-02 23:05:01",2206,1752,78075,0,,2.7,155.2,11.95,13.05,,-7.6
"2025-10-02 23:05:02",2198,1744,78146,-36.399693,-71.470507,2.5,146.7,11.99,13.7,,-7.7
"2025-10-02 23:05:03",2190,1736,78220,0,,2.15,149.1,12.02,14.35,,-7.7
"2025-10-02 23:05:04",2182,1728,78293,0,,1.85,157.3,12.04,15.3,,-7.6
"2025-10-02 23:05:05",2175,1721,78366,-36.399745,-71.470475,2.2,157.5,12.06,16.35,,-7.6
"2025-10-02 23:05:06",2168,1714,78426,0,,2.55,156.8,12.07,17.55,,-7.5
"2025-10-02 23:05:07",2161,1707,78489,0,,2.15,153.5,12.08,18.75,,-7.4
"2025-10-02 23:05:08",2155,1701,78552,-36.399798,-71.470447,1.9,163.3,12.1,19.75,,-7.3
"2025-10-02 23:05:09",2147,1693,78619,0,,2.45,157.7,12.14,20.55,,-7.2
"2025-10-02 23:05:10",2140,1686,78685,0,,2.55,149.9,12.19,21.25,,-7.2
"2025-10-02 23:05:11",2133,1679,78752,-36.399853,-71.470412,2,139.1,12.24,21.85,,-7.2
"2025-10-02 23:05:12",2124,1670,78834,0,,1.7,145.8,12.29,22.4,,-7.4
"2025-10-02 23:05:13",2116,1662,78917,0,,2.2,160.2,12.36,22.95,,-7.5
"2025-10-02 23:05:14",2107,1653,79000,-36.399898,-71.470383,2.4,158.3,12.36,23.4,,-7.6
"2025-10-02 23:05:15",2100,1646,79062,0,,2.25,148.5,12.43,23.8,,-7.5
"2025-10-02 23:05:16",2093,1639,79125,0,,1.65,142.7,12.51,24.15,,-7.5
"2025-10-02 23:05:17",2087,1633,79188,-36.399943,-71.470355,1.5,169.7,12.57,24.35,18,-7.4
"2025-10-02 23:05:18",2079,1625,79261,0,,1.8,175.1,12.63,24.7,,-7.4
"2025-10-02 23:05:19",2071,1617,79336,0,,1.8,172.7,12.69,24.9,,-7.5
"2025-10-02 23:05:20",2063,1609,79412,-36.399988,-71.470347,1.8,171.5,12.76,25.15,,-7.6
"2025-10-02 23:05:21",2054,1600,79494,0,,1.3,178.1,12.82,25.25,,-7.7
"2025-10-02 23:05:22",2046,1592,79569,0,,1.3,197.5,12.88,25.35,,-7.8
"2025-10-02 23:05:23",2038,1584,79644,-36.400027,-71.470352,1.7,190.9,12.95,25.35,,-7.9
"2025-10-02 23:05:24",2032,1578,79706,0,,1.75,172.8,13.02,25.35,,-7.8
"2025-10-02 23:05:25",2024,1570,79776,0,,1.5,164.5,13.1,25.2,,-7.7
"2025-10-02 23:05:26",2017,1563,79846,-36.400068,-71.470348,1.3,185.2,13.16,24.9,,-7.6
"2025-10-02 23:05:29",1993,1539,80072,-36.400103,-71.470337,1.45,139.2,13.4,24.55,,-7.7
"2025-10-02 23:05:30",1985,1531,80148,0,,1.05,146.9,13.46,24.5,,-7.9
"2025-10-02 23:05:31",1977,1523,80226,0,,0.9,146.9,13.54,24.3,,-7.9
"2025-10-02 23:05:32",1968,1514,80304,-36.40013,-71.470318,1.25,145.8,13.61,24.3,,-7.9
"2025-10-02 23:05:33",1962,1508,80365,0,,1.55,127.1,13.69,24,,-7.8
"2025-10-02 23:05:34",1956,1502,80426,0,,1.25,92.8,13.74,23.55,,-7.6
"2025-10-02 23:05:35",1949,1495,80488,-36.400143,-71.470285,0.05,92.8,13.81,23.1,,-7.5
"2025-10-02 23:05:36",1942,1488,80554,0,,0,92.8,13.86,22.65,,-7.5
"2025-10-02 23:05:37",1935,1481,80620,0,,0,92.8,13.9,22.5,,-7.4
"2025-10-02 23:05:38",1928,1474,80686,-36.400145,-71.47028,0,92.8,13.98,22.25,,-7.4
"2025-10-02 23:05:39",1920,1466,80760,0,,0.05,92.8,14.04,22.05,,-7.4
"2025-10-02 23:05:40",1913,1459,80835,0,,0.05,92.8,14.15,21.8,,-7.4
"2025-10-02 23:05:41",1905,1451,80910,-36.400148,-71.470285,0.05,92.8,14.22,21.55,,-7.5
"2025-10-02 23:05:43",1893,1439,81021,0,,0.05,92.8,14.24,21.1,,-7.1
"2025-10-02 23:05:44",1887,1433,81078,-36.400155,-71.47028,0,92.8,14.33,20.9,18.25,-6.9
"2025-10-02 23:05:45",1879,1425,81154,0,,0.05,92.8,14.41,20.7,,-6.9
"2025-10-02 23:05:46",1871,1417,81231,0,,0.05,92.8,14.47,20.5,,-7
"2025-10-02 23:05:47",1863,1409,81308,-36.400148,-71.47029,0.45,92.8,14.54,20.1,,-7.1
"2025-10-02 23:05:51",1836,1382,81566,0,,1.05,307.1,14.84,18.3,,-7
"2025-10-02 23:05:52",1830,1376,81630,0,,1.25,304.1,14.9,18,,-6.9
"2025-10-02 23:05:53",1823,1369,81694,-36.400135,-71.47032,0.85,304.1,14.96,17.9,,-6.8
"2025-10-02 23:05:58",1788,1334,82028,0,,1.45,294.6,15.36,16.5,,-6.8
"2025-10-02 23:05:59",1782,1328,82092,-36.400098,-71.47037,1.05,266.6,15.44,16.05,,-6.6
"2025-10-02 23:06:00",1776,1322,82140,0,,,,15.52,15.7,,-6.7
"2025-10-02 23:06:01",1769,1315,82210,0,,,,15.62,15.55,,-6.7
"2025-10-02 23:06:02",1762,1308,82280,0,,,,15.68,15.45,,-6.7
"2025-10-02 23:06:03",1755,1301,82352,0,,1.05,268.4,15.76,15.4,,-6.8
"2025-10-02 23:06:04",1747,1293,82423,0,,0.85,268.4,15.83,15.3,,-6.9
"2025-10-02 23:06:05",1740,1286,82494,-36.400093,-71.47042,0.65,268.4,15.91,15.2,,-6.9
"2025-10-02 23:06:06",1732,1278,82566,0,,0,268.4,15.97,15.15,,-7
"2025-10-02 23:06:07",1725,1271,82637,0,,0,268.4,16.06,15.15,,-7
"2025-10-02 23:06:08",1718,1264,82708,-36.40009,-71.470433,0.05,268.4,16.1,15.05,,-7
"2025-10-02 23:06:09",1710,1256,82780,0,,0.05,268.4,16.17,14.95,,-7
"2025-10-02 23:06:10",1703,1249,82854,0,,0.05,268.4,16.24,14.95,,-7.1
"2025-10-02 23:06:11",1695,1241,82928,-36.400103,-71.470445,0,268.4,16.33,14.95,19,-7.3
"2025-10-02 23:06:12",1687,1233,83010,0,,0,268.4,16.39,15,,-7.5
"2025-10-02 23:06:13",1678,1224,83093,0,,0,268.4,16.46,15.15,,-7.6
"2025-10-02 23:06:14",1670,1216,83176,-36.400103,-71.470442,0.05,268.4,16.52,15.25,,-7.7
"2025-10-02 23:06:21",1616,1162,83697,0,,0.95,268.4,17.09,16.05,,-7.8
"2025-10-02 23:06:22",1609,1155,83771,0,,1.05,99.4,17.17,16.35,,-7.8
"2025-10-02 23:06:23",1601,1147,83846,-36.400122,-71.470397,1.05,101.9,17.26,16.7,,-7.8
"2025-10-02 23:06:33",1519,1065,84648,0,,2.2,75.7,18.09,10.15,,-7.9
"2025-10-02 23:06:34",1511,1057,84729,0,,2,88.5,18.16,9.8,,-8.1
"2025-10-02 23:06:35",1503,1049,84810,-36.400145,-71.470175,2.4,93.5,18.22,9.5,,-8.1
"2025-10-02 23:06:36",1496,1042,84877,0,,2.65,82.6,18.29,9.35,,-8.1
"2025-10-02 23:06:37",1489,1035,84944,0,,2.5,77.7,18.34,9.25,,-8
"2025-10-02 23:06:38",1483,1029,85012,-36.400135,-71.470097,2.05,77.9,18.42,9.1,20.25,-7.9
"2025-10-02 23:06:45",1427,973,85566,0,,2.95,86.2,18.77,10,,-7.7
"2025-10-02 23:06:46",1419,965,85645,0,,3.2,86.2,18.81,10.55,,-7.7
"2025-10-02 23:06:47",1411,957,85724,-36.40011,-71.46982,2.95,83.5,18.85,11.2,,-7.7
"2025-10-02 23:06:54",1353,899,86303,0,,2.9,102.4,18.83,22.7,,-8.1
"2025-10-02 23:06:55",1344,890,86386,0,,3.25,98.8,18.84,24.35,,-8.1
"2025-10-02 23:06:56",1336,882,86470,-36.400117,-71.469505,3.65,89.7,18.85,25.7,,-8.2
"2025-10-02 00:23:06",719,265,92768,-36.399715,-71.466258,0.1,328,17.83,53.55,23.5,
"2025-10-02 00:23:12",712,258,92834,0,,,,17.85,53.65,,
"2025-10-02 00:23:18",713,259,92830,0,,,,17.86,53.6,,
"2025-10-02 00:23:24",713,259,92830,0,,,,17.86,53.05,,0
"2025-10-02 00:23:30",712,258,92834,0,,,,17.85,52.35,,0
"2025-10-02 00:23:36",712,258,92836,0,,,,17.84,52,,0
"2025-10-02 00:23:42",712,258,92834,0,,,,17.82,51.8,,0
"2025-10-02 00:23:48",713,259,92828,0,,,,17.8,51.9,,0.1
"2025-10-02 00:23:54",713,259,92830,0,,,,17.79,52.1,,0
"2025-10-02 00:24:00",713,259,92828,0,,,,17.77,52.55,18.25,0
"2025-10-02 00:24:06",713,259,92830,0,,,,17.77,52.9,,0
"2025-10-02 00:24:12",713,259,92830,0,,,,17.79,53.6,,0
"2025-10-02 00:24:18",713,259,92832,0,,,,17.81,54.35,,0
"2025-10-02 00:24:24",712,258,92836,0,,,,17.83,54.7,,0
"2025-10-02 00:24:30",713,259,92832,0,,,,17.84,54.55,,0
"2025-10-02 00:24:36",713,259,92830,0,,,,17.85,54.25,,0
"2025-10-02 00:24:42",713,259,92832,0,,,,17.85,54,,0
"2025-10-02 00:24:48",713,259,92832,0,,,,17.85,53.85,,0
"2025-10-02 00:24:54",712,258,92836,0,,,,17.85,53.95,18.5,0
"2025-10-02 00:25:00",712,258,92836,0,,,,17.85,54.1,,0
"2025-10-02 00:25:06",713,259,92828,0,,,,17.86,54.35,,0.1
"2025-10-02 00:25:12",713,259,92832,0,,,,17.86,54.15,,0
"2025-10-02 00:25:18",713,259,92832,0,,,,17.85,53.9,,0
"2025-10-02 00:25:24",713,259,92830,0,,,,17.83,53.5,,0
"2025-10-02 00:25:30",713,259,92832,0,,,,17.82,53.2,,0
"2025-10-02 00:25:36",712,258,92834,0,,,,17.81,53,,0
"2025-10-02 00:25:42",713,259,92832,0,,,,17.79,52.8,,0
"2025-10-02 00:25:48",713,259,92830,0,,,,17.75,52.6,18.75,0
"2025-10-02 00:25:54",713,259,92832,0,,,,17.73,52.7,,0
"2025-10-02 00:26:00",713,259,92832,0,,,,17.73,52.9,,0
"2025-10-02 00:26:06",712,258,92834,0,,,,17.7,53,,0
"2025-10-02 00:26:12",712,258,92834,0,,,,17.69,52.9,,0
"2025-10-02 00:26:18",712,258,92836,0,,,,17.68,52.95,,0
"2025-10-02 00:26:24",712,258,92834,0,,,,17.67,53.1,,0
"2025-10-02 00:26:30",712,258,92836,0,,,,17.66,53.25,,0
"2025-10-02 00:26:36",712,258,92836,0,,,,17.66,53.5,,0
"2025-10-02 00:26:42",712,258,92834,0,,,,17.66,53.7,18.75,0
"2025-10-02 00:26:48",713,259,92832,0,,,,17.66,54,,0
"2025-10-02 00:26:54",713,259,92830,0,,,,17.67,54.2,,0
"2025-10-02 00:27:00",712,258,92834,0,,,,17.67,54.35,,0
"2025-10-02 00:27:06",713,259,92832,0,,,,17.69,54.7,,0
"2025-10-02 00:27:12",712,258,92838,0,,,,17.71,54.95,,0
"2025-10-02 00:27:18",712,258,92836,0,,,,17.73,54.95,,0
"2025-10-02 00:27:24",712,258,92836,0,,,,17.73,54.6,,0
"2025-10-02 00:27:30",712,258,92834,0,,,,17.74,54.5,,0
"2025-10-02 00:27:36",712,258,92834,0,,,,17.73,54.35,19,0
"2025-10-02 00:27:42",713,259,92832,0,,,,17.73,54.1,,0
"2025-10-02 00:27:48",712,258,92838,0,,,,17.71,54.05,,0
"2025-10-02 00:27:54",712,258,92838,0,,,,17.71,54.15,,0
"2025-10-02 00:28:00",712,258,92838,0,,,,17.7,53.85,,0
"2025-10-02 00:28:06",712,258,92836,0,,,,17.68,53.4,,0
"2025-10-02 00:28:12",712,258,92834,0,,,,17.66,53.1,,0
"2025-10-02 00:28:18",712,258,92834,0,,,,17.64,53.05,,0
"2025-10-02 00:28:24",713,259,92832,0,,,,17.61,53.15,,0
"2025-10-02 00:28:30",713,259,92832,0,,,,17.6,53.4,19,0
"2025-10-02 00:28:36",712,258,92838,0,,,,17.59,53.55,,0
"2025-10-02 00:28:42",712,258,92836,0,,,,17.58,53.7,,0
"2025-10-02 00:28:48",712,258,92836,0,,,,17.58,53.8,,0
"2025-10-02 00:28:54",712,258,92836,0,,,,17.58,53.8,,0
"2025-10-02 00:29:01",712,258,92836,0,,,,17.58,53.85,,0
"2025-10-02 00:29:07",712,258,92836,0,,,,17.58,54,,0
"2025-10-02 00:29:13",712,258,92836,0,,,,17.58,54.2,,0
"2025-10-02 00:29:19",713,259,92832,0,,,,17.58,53.4,,0
"2025-10-02 00:29:25",712,258,92834,0,,,,17.55,52.4,19,0
"2025-10-02 00:29:31",713,259,92832,0,,,,17.52,51.75,,0
"2025-10-02 00:29:37",712,258,92838,0,,,,17.47,51.35,,0
"2025-10-02 00:29:43",712,258,92836,0,,,,17.43,51.25,,0
"2025-10-02 00:29:49",712,258,92836,0,,,,17.4,51.15,,0
"2025-10-02 00:29:55",712,258,92834,0,,,,17.36,51,,0
"2025-10-02 00:30:01",712,258,92834,0,,,,17.33,50.85,,0
"2025-10-02 00:30:07",712,258,92834,0,,,,17.3,50.7,,0
"2025-10-02 00:30:13",712,258,92834,0,,,,17.27,50.65,,0
"2025-10-02 00:30:19",712,258,92834,0,,,,17.25,50.65,19,0
"2025-10-02 00:30:25",712,258,92836,0,,,,17.22,50.65,,0
"2025-10-02 00:30:31",712,258,92836,0,,,,17.2,50.65,,0
"2025-10-02 00:30:37",712,258,92836,0,,,,17.18,50.8,,0
"2025-10-02 00:30:43",712,258,92834,0,,,,17.17,50.95,,0
"2025-10-02 00:30:49",712,258,92836,0,,,,17.16,51.1,,0
"2025-10-02 00:30:55",713,259,92832,0,,,,17.16,51.3,,0
"2025-10-02 00:31:01",712,258,92838,0,,,,17.16,51.75,,0
"2025-10-02 00:31:07",712,258,92834,0,,,,17.17,52.45,,0
"2025-10-02 00:31:13",712,258,92836,0,,,,17.21,53.2,19,0
"2025-10-02 00:31:19",712,258,92840,0,,,,17.25,54,,0
"2025-10-02 00:31:25",712,258,92834,0,,,,17.28,54.45,,0
"2025-10-02 00:31:31",712,258,92838,0,,,,17.32,54.5,,0
"2025-10-02 00:31:37",713,259,92832,0,,,,17.33,54.15,,0
"2025-10-02 00:31:43",712,258,92836,0,,,,17.35,54,,0
"2025-10-02 00:31:49",712,258,92834,0,,,,17.36,53.6,,0
"2025-10-02 00:31:55",712,258,92834,0,,,,17.35,52.7,,0
"2025-10-02 00:32:01",712,258,92836,0,,,,17.32,51.65,,0
"2025-10-02 00:32:07",712,258,92836,0,,,,17.29,51,19,0
"2025-10-02 00:32:13",712,258,92836,0,,,,17.26,50.65,,0
"2025-10-02 00:32:19",712,258,92836,0,,,,17.22,50.65,,0
"2025-10-02 00:32:25",712,258,92838,0,,,,17.18,50.65,,0
"2025-10-02 00:32:31",713,259,92832,0,,,,17.16,50.65,,0
"2025-10-02 00:32:37",712,258,92834,0,,,,17.14,50.7,,0
"2025-10-02 00:32:43",712,258,92838,0,,,,17.13,50.7,,0
"2025-10-02 00:32:49",712,258,92838,0,,,,17.11,50.85,,0
"2025-10-02 00:32:55",712,258,92836,0,,,,17.1,51.25,,0
"2025-10-02 00:33:01",712,258,92834,0,,,,17.1,51.65,18.75,0
"2025-10-02 00:33:07",713,259,92832,0,,,,17.11,51.8,,0
"2025-10-02 00:33:13",712,258,92834,0,,,,17.11,51.85,,0
"2025-10-02 00:33:19",712,258,92834,0,,,,17.1,51.8,,0
"2025-10-02 00:33:25",713,259,92832,0,,,,17.1,51.8,,0
"2025-10-02 00:33:31",712,258,92834,0,,,,17.1,51.9,,0
"2025-10-02 00:33:37",712,258,92836,0,,,,17.1,52.1,,0
"2025-10-02 00:33:43",712,258,92836,0,,,,17.11,52.35,,0
"2025-10-02 00:33:49",712,258,92834,0,,,,17.12,52.6,,0
"2025-10-02 00:33:55",712,258,92834,0,,,,17.13,52.65,18.75,0
"2025-10-02 00:34:01",712,258,92834,0,,,,17.12,52.7,,0
"2025-10-02 00:34:07",713,259,92832,0,,,,17.13,52.5,,0
"2025-10-02 00:34:13",712,258,92834,0,,,,17.12,51.85,,0
"2025-10-02 00:34:19",712,258,92836,0,,,,17.1,51.45,,0
"2025-10-02 00:34:25",713,259,92832,0,,,,17.09,51.6,,0
"2025-10-02 00:34:31",712,258,92838,0,,,,17.08,51.85,,0
"2025-10-02 00:34:37",712,258,92840,0,,,,17.07,52.05,,-0.1
"2025-10-02 00:34:43",713,259,92832,0,,,,17.07,52.1,,0
"2025-10-02 00:34:49",712,258,92834,0,,,,17.08,52.65,18.75,0
"2025-10-02 00:34:55",713,259,92830,0,,,,17.09,53.2,,0
"2025-10-02 00:35:01",713,259,92832,0,,,,17.1,53.4,,0
"2025-10-02 00:35:07",713,259,92832,0,,,,17.11,52.8,,0
"2025-10-02 00:35:13",712,258,92834,0,,,,17.1,51.9,,0
"2025-10-02 00:35:19",713,259,92832,0,,,,17.08,51.3,,0
"2025-10-02 00:35:25",712,258,92834,0,,,,17.07,51.5,,0
"2025-10-02 00:35:31",712,258,92834,0,,,,17.06,52.05,,0
"2025-10-02 00:35:38",712,258,92834,0,,,,17.05,52.55,,0
"2025-10-02 00:35:44",713,259,92832,0,,,,17.07,52.85,18.75,0
"2025-10-02 00:35:50",712,258,92834,0,,,,17.07,53.15,,0
"2025-10-02 00:35:55",713,259,92830,0,,,,17.09,53.5,,0
"2025-10-02 00:36:01",713,259,92832,0,,,,17.1,53.7,,0
"2025-10-02 00:36:08",713,259,92832,0,,,,17.12,53.75,,0
"2025-10-02 00:36:14",713,259,92832,0,,,,17.13,53.7,,0
"2025-10-02 00:36:20",712,258,92834,0,,,,17.13,53.65,,0
"2025-10-02 00:36:26",713,259,92830,0,,,,17.15,53.45,,0
"2025-10-02 00:36:32",712,258,92834,0,,,,17.14,53.05,,0
"2025-10-02 00:36:38",713,259,92832,0,,,,17.13,52.4,18.75,0
"2025-10-02 00:36:44",713,259,92832,0,,,,17.12,52.7,,0
"2025-10-02 00:36:50",713,259,92826,0,,,,17.11,52.85,,0
"2025-10-02 00:36:56",713,259,92830,0,,,,17.1,52.85,,0
"2025-10-02 00:37:02",713,259,92830,0,,,,17.09,52.85,,0
"2025-10-02 00:37:08",713,259,92830,0,,,,17.08,52.85,,0
"2025-10-02 00:37:14",713,259,92832,0,,,,17.08,53.1,,0
"2025-10-02 00:37:20",713,259,92832,0,,,,17.09,53.5,,0
"2025-10-02 00:37:26",713,259,92832,0,,,,17.1,53.8,,0
"2025-10-02 00:37:32",713,259,92832,0,,,,17.1,53.9,18.75,0
"2025-10-02 00:37:38",713,259,92832,0,,,,17.11,54,,0
"2025-10-02 00:37:44",713,259,92832,0,,,,17.13,54.05,,0
"2025-10-02 00:37:50",713,259,92832,0,,,,17.14,54.2,,0
"2025-10-02 00:37:56",713,259,92832,0,,,,17.15,54.35,,0
"2025-10-02 00:38:02",713,259,92832,0,,,,17.16,54.55,,0
"2025-10-02 00:38:08",712,258,92834,0,,,,17.17,54.6,,0
"2025-10-02 00:38:14",713,259,92832,0,,,,17.2,54.65,,0
"2025-10-02 00:38:20",712,258,92834,0,,,,17.21,54.8,,0
"2025-10-02 00:38:26",713,259,92832,0,,,,17.22,54.9,18.75,0
"2025-10-02 00:38:32",712,258,92834,0,,,,17.24,55.05,,0
"2025-10-02 00:38:38",713,259,92830,0,,,,17.26,55.2,,0
"2025-10-02 00:38:44",712,258,92834,0,,,,17.27,55.2,,0
"2025-10-02 00:38:50",713,259,92832,0,,,,17.28,55.1,,0
"2025-10-02 00:38:56",713,259,92830,0,,,,17.27,55,,0
"2025-10-02 00:39:02",712,258,92836,0,,,,17.27,54.65,,0
"2025-10-02 00:39:08",712,258,92834,0,,,,17.26,54.25,,0
"2025-10-02 00:39:14",712,258,92834,0,,,,17.24,53.85,,0
"2025-10-02 00:39:20",712,258,92834,0,,,,17.21,53.8,18.75,0
"2025-10-02 00:39:26",713,259,92830,0,,,,17.18,53.9,,0
"2025-10-02 00:39:32",713,259,92832,0,,,,17.17,54.15,,0
"2025-10-02 00:39:38",713,259,92830,0,,,,17.16,54.3,,0
"2025-10-02 00:39:44",713,259,92830,0,,,,17.15,54.55,,0
"2025-10-02 00:39:50",713,259,92832,0,,,,17.14,54.7,,0
"2025-10-02 00:39:56",713,259,92832,0,,,,17.14,54.75,,0
"2025-10-02 00:40:02",713,259,92832,0,,,,17.13,54.25,,0
"2025-10-02 00:40:08",713,259,92832,0,,,,17.11,53.55,,0
"2025-10-02 00:40:14",713,259,92832,0,,,,17.09,53.2,18.75,0
"2025-10-02 00:40:20",712,258,92834,0,,,,17.06,53.1,,0
"2025-10-02 00:40:26",712,258,92834,0,,,,17.02,53.3,,0
"2025-10-02 00:40:32",713,259,92832,0,,,,17.02,53.4,,0
"2025-10-02 00:40:38",713,259,92832,0,,,,17.02,53.4,,0
"2025-10-02 00:40:44",712,258,92834,0,,,,17.01,53.65,,0
"2025-10-02 00:40:50",713,259,92830,0,,,,17.01,53.75,,0
"2025-10-02 00:40:56",713,259,92830,0,,,,17.01,53.9,,0
"2025-10-02 00:41:02",713,259,92830,0,,,,17.01,54.05,,0
"2025-10-02 00:41:08",713,259,92832,0,,,,17.01,54.15,18.5,0
"2025-10-02 00:41:14",713,259,92832,0,,,,17.01,54.25,,0
"2025-10-02 00:41:20",713,259,92832,0,,,,17.01,54.5,,0
"2025-10-02 00:41:26",713,259,92832,0,,,,17.01,54.6,,0
"2025-10-02 00:41:32",713,259,92830,0,,,,17.01,54.7,,0
"2025-10-02 00:41:38",713,259,92832,0,,,,17.01,54.7,,0
"2025-10-02 00:41:44",713,259,92832,0,,,,17.01,54.7,,0
"2025-10-02 00:41:51",712,258,92834,0,,,,17.01,54.7,,0
"2025-10-02 00:41:57",712,258,92834,0,,,,17.01,54.75,,0
"2025-10-02 00:42:03",713,259,92828,0,,,,17.01,54.75,18.5,0
"2025-10-02 00:42:09",712,258,92834,0,,,,17.01,54.85,,0
"2025-10-02 00:42:15",713,259,92832,0,,,,17.01,54.85,,0
"2025-10-02 00:42:21",713,259,92832,0,,,,17.02,54.95,,0
"2025-10-02 00:42:27",713,259,92828,0,,,,17.02,54.85,,0
"2025-10-02 00:42:33",712,258,92834,0,,,,17.02,54.65,,0
"2025-10-02 00:42:39",713,259,92826,0,,,,17.02,54.5,,0
"2025-10-02 00:42:45",713,259,92830,0,,,,17.02,54.4,,0
"2025-10-02 00:42:51",713,259,92828,0,,,,17.01,54.25,,0
"2025-10-02 00:42:57",713,259,92828,0,,,,17.01,54.25,18.5,0
"2025-10-02 00:43:03",713,259,92826,0,,,,17.01,54.2,,0
"2025-10-02 00:43:09",713,259,92832,0,,,,17.01,54.1,,0
"2025-10-02 00:43:15",713,259,92828,0,,,,17.01,54.15,,0
"2025-10-02 00:43:21",713,259,92828,0,,,,17.01,54.25,,0
"2025-10-02 00:43:27",713,259,92828,0,,,,17.01,54.5,,0
"2025-10-02 00:43:33",713,259,92830,0,,,,17.01,54.55,,0
"2025-10-02 00:43:39",713,259,92828,0,,,,17.01,54.4,,0
"2025-10-02 00:43:45",713,259,92828,0,,,,16.96,54.2,,0
"2025-10-02 00:43:51",713,259,92828,0,,,,16.95,54.05,18.5,0
"2025-10-02 00:43:57",713,259,92828,0,,,,16.93,54.05,,0
"2025-10-02 00:44:03",713,259,92828,0,,,,16.93,54.2,,0
"2025-10-02 00:44:09",713,259,92828,0,,,,16.92,54.4,,0
"2025-10-02 00:44:15",713,259,92826,0,,,,16.91,54.55,,0
"2025-10-02 00:44:21",713,259,92826,0,,,,16.92,54.6,,0
"2025-10-02 00:44:27",713,259,92826,0,,,,16.91,54.5,,0
"2025-10-02 00:44:33",713,259,92828,0,,,,16.91,54.5,,0
"2025-10-02 00:44:39",713,259,92832,0,,,,16.91,54.55,,0
"2025-10-02 00:44:45",712,258,92834,0,,,,16.89,54.55,18.5,0
"2025-10-02 00:44:51",713,259,92830,0,,,,16.89,54.7,,0
"2025-10-02 00:44:57",713,259,92832,0,,,,16.89,54.8,,0
"2025-10-02 00:45:03",713,259,92832,0,,,,16.91,54.8,,0
"2025-10-02 00:45:09",713,259,92832,0,,,,16.89,54.85,,0
"2025-10-02 00:45:15",713,259,92828,0,,,,16.89,54.85,,0
"2025-10-02 00:45:21",713,259,92830,0,,,,16.89,54.85,,0
"2025-10-02 00:45:27",712,258,92834,0,,,,16.89,54.8,,0
"2025-10-02 00:45:33",713,259,92830,0,,,,16.89,54.75,,0
"2025-10-02 00:45:39",713,259,92826,0,,,,16.88,54.8,18.5,0.1
"2025-10-02 00:45:45",713,259,92826,0,,,,16.88,54.85,,0
"2025-10-02 00:45:51",713,259,92826,0,,,,16.88,54.9,,0
"2025-10-02 00:45:57",713,259,92828,0,,,,16.88,54.85,,0
"2025-10-02 00:46:03",713,259,92828,0,,,,16.88,54.85,,0
"2025-10-02 00:46:09",714,260,92822,0,,,,16.87,54.8,,0
"2025-10-02 00:46:15",713,259,92828,0,,,,16.87,54.8,,0
"2025-10-02 00:46:21",713,259,92826,0,,,,16.86,54.8,,0
"2025-10-02 00:46:27",713,259,92824,0,,,,16.85,54.8,,0
"2025-10-02 00:46:33",713,259,92824,0,,,,16.85,54.8,18.5,0
"2025-10-02 00:46:39",713,259,92826,0,,,,16.85,54.85,,0
"2025-10-02 00:46:45",713,259,92824,0,,,,16.85,54.95,,0
"2025-10-02 00:46:51",713,259,92826,0,,,,16.85,54.9,,0
"2025-10-02 00:46:57",713,259,92826,0,,,,16.83,54.7,,0
"2025-10-02 00:47:03",713,259,92824,0,,,,16.82,54.65,,0
"2025-10-02 00:47:09",713,259,92824,0,,,,16.82,54.75,,0
"2025-10-02 00:47:15",713,259,92826,0,,,,16.81,54.8,,0
"2025-10-02 00:47:21",713,259,92826,0,,,,16.81,54.85,,0
"2025-10-02 00:47:27",713,259,92828,0,,,,16.8,54.85,18.5,0
"2025-10-02 00:47:33",713,259,92826,0,,,,16.8,54.85,,0
"2025-10-02 00:47:39",713,259,92824,0,,,,16.8,54.9,,0
"2025-10-02 00:47:45",713,259,92826,0,,,,16.79,54.8,,0
"2025-10-02 00:47:52",713,259,92826,0,,,,16.78,54.6,,0
"2025-10-02 00:47:58",713,259,92828,0,,,,16.77,54.55,,0
"2025-10-02 00:48:03",713,259,92824,0,,,,16.77,54.7,,0
"2025-10-02 00:48:10",713,259,92828,0,,,,16.77,54.8,,0
"2025-10-02 00:48:16",713,259,92824,0,,,,16.76,54.8,,0
"2025-10-02 00:48:22",713,259,92826,0,,,,16.74,54.7,18.5,0
"2025-10-02 00:48:28",713,259,92830,0,,,,16.74,54.55,,0
"2025-10-02 00:48:34",713,259,92826,0,,,,16.72,54.25,,0
"2025-10-02 00:48:40",713,259,92826,0,,,,16.71,54.25,,0
"2025-10-02 00:48:46",713,259,92832,0,,,,16.7,54.45,,0
"2025-10-02 00:48:52",713,259,92828,0,,,,16.7,54.55,,0
"2025-10-02 00:48:58",713,259,92832,0,,,,16.69,54.7,,0
"2025-10-02 00:49:04",713,259,92826,0,,,,16.68,54.8,,0
"2025-10-02 00:49:10",713,259,92828,0,,,,16.68,54.9,,0
"2025-10-02 00:49:16",713,259,92826,0,,,,16.68,55,18.25,0
"2025-10-02 00:49:22",713,259,92830,0,,,,16.67,55.05,,0
"2025-10-02 00:49:28",713,259,92826,0,,,,16.67,55.1,,0
"2025-10-02 00:49:34",713,259,92828,0,,,,16.67,55.15,,0
"2025-10-02 00:49:40",713,259,92828,0,,,,16.67,55.25,,0
"2025-10-02 00:49:46",713,259,92828,0,,,,16.68,55.3,,0
"2025-10-02 00:49:52",713,259,92824,0,,,,16.67,55.3,,0
"2025-10-02 00:49:58",713,259,92826,0,,,,16.68,55.35,,0
"2025-10-02 00:50:04",713,259,92830,0,,,,16.68,55.4,,0
"2025-10-02 00:50:10",713,259,92828,0,,,,16.68,55.3,18.25,0
"2025-10-02 00:50:16",713,259,92824,0,,,,16.67,54.95,,0
"2025-10-02 00:50:22",713,259,92830,0,,,,16.66,54.65,,0
"2025-10-02 00:50:28",713,259,92826,0,,,,16.64,54.5,,0
"2025-10-02 00:50:34",713,259,92826,0,,,,16.63,54.5,,0
"2025-10-02 00:50:40",713,259,92826,0,,,,16.63,54.55,,0
"2025-10-02 00:50:46",713,259,92826,0,,,,16.63,54.8,,0
"2025-10-02 00:50:52",713,259,92828,0,,,,16.63,55,,0
"2025-10-02 00:50:58",713,259,92826,0,,,,16.62,54.7,,0
"2025-10-02 00:51:04",713,259,92830,0,,,,16.61,54.75,18.25,0
"2025-10-02 00:51:10",713,259,92830,0,,,,16.61,55,,0
"2025-10-02 00:51:16",713,259,92832,0,,,,16.61,55.2,,0
"2025-10-02 00:51:22",712,258,92834,0,,,,16.62,55.35,,0
"2025-10-02 00:51:28",711,257,92854,0,,,,16.71,56.2,,-0.1
"2025-10-02 00:51:34",711,257,92854,0,,,,16.81,56.9,,-0.2
"2025-10-02 00:51:40",711,257,92852,0,,,,16.88,57.4,,0
"2025-10-02 00:51:46",711,257,92854,0,,,,16.95,57.3,,0
"2025-10-02 00:51:52",711,257,92854,0,,,,17.01,57.25,,0
"2025-10-02 00:51:58",710,256,92856,0,,,,17.01,56.9,18.25,0
"2025-10-02 00:52:04",711,257,92854,0,,,,17.01,56.6,,0
"2025-10-02 00:52:10",711,257,92854,0,,,,17.01,56.45,,0
"2025-10-02 00:52:16",711,257,92854,0,,,,17.01,56.3,,0
"2025-10-02 00:52:22",711,257,92854,0,,,,17.01,56.5,,0
"2025-10-02 00:52:28",712,258,92836,0,,,,17.44,64.5,,0.1
