timestamp,msl,agl,pressure,latitude,longitude,speed,heading,temperature,relative_humidity,internal_temperature,rise_speed
"2025-10-02 23:00:27",480,0,95186,-36.3916,-71.527958,0.5,243.1,31.22,28.55,,0
"2025-10-02 23:00:29",481,1,95178,0,,1.7,60.4,31.08,28.25,,0
"2025-10-02 23:00:30",481,1,95174,-36.391578,-71.527898,1.7,55,31.23,27.45,,0
"2025-10-02 23:00:31",482,2,95165,0,,2.8,63.2,31.48,26.95,,0.1
"2025-10-02 23:00:32",483,3,95156,0,,3.2,25.1,31.51,26.2,,0.2
"2025-10-02 23:00:33",484,4,95148,-36.391492,-71.527812,4.6,24,31.53,25.2,,0.3
"2025-10-02 23:00:34",487,7,95118,0,,7.05,51.3,31.71,24.25,,0.5
"2025-10-02 23:00:35",489,9,95091,0,,5.95,49.8,31.97,23.5,,0.7
"2025-10-02 23:00:36",492,12,95064,-36.391375,-71.52764,6.55,39.7,32.18,22.85,,0.9
"2025-10-02 23:00:36",494,14,95041,0,,,,,22.35,,1
"2025-10-02 23:00:37",497,17,95012,0,,,,33.49,21.85,,1.3
"2025-10-02 23:00:38",499,19,94984,0,,,,34.47,21.35,,1.5
"2025-10-02 23:00:39",502,22,94953,0,,8.25,59.5,,20.7,,1.7
"2025-10-02 23:00:40",506,26,94917,0,,6.15,60.8,36.82,19.85,,1.9
"2025-10-02 23:00:41",509,29,94882,-36.391188,-71.527218,8.2,67.8,37.88,19.1,,2.2
"2025-10-02 23:00:43",514,34,94835,0,,6.2,51,38.95,17.7,,2.5
"2025-10-02 23:00:44",516,36,94812,-36.39107,-71.527007,11.2,37.3,39.59,17.1,45,2.6
"2025-10-02 23:00:45",520,40,94773,0,,9.8,66.4,39.32,16.6,,2.8
"2025-10-02 23:00:46",523,43,94736,0,,6.5,70.7,39.15,16.3,,2.9
"2025-10-02 23:00:47",527,47,94700,-36.391008,-71.526748,9.45,72.3,38.69,16.2,,3
"2025-10-02 23:00:48",531,51,94659,0,,,,38.12,16.3,,3.1
"2025-10-02 23:00:49",535,55,94618,0,,,,37.8,16.8,,3.2
"2025-10-02 23:00:50",539,59,94578,0,,,,37.28,17.2,,3.3
"2025-10-02 23:00:51",547,67,94494,0,,11,69,36.61,17.35,,3.7
"2025-10-02 23:00:52",554,74,94422,0,,9.4,44.4,36.38,18.1,,4
"2025-10-02 23:00:53",561,81,94350,-36.39068,-71.526137,14.05,34.7,36.4,18.85,,4.2
"2025-10-02 23:00:54",568,88,94271,0,,,,36.35,19.2,,4.6
"2025-10-02 23:00:55",578,98,94173,0,,,,36.37,19.55,,4.9
"2025-10-02 23:00:56",587,107,94076,0,,,,36.49,19.6,,5.7
"2025-10-02 23:00:57",594,114,94008,0,,,,36.68,19.75,,6.2
"2025-10-02 23:00:58",600,120,93948,0,,,,37.28,20.05,,6.3
"2025-10-02 23:00:59",606,126,93888,0,,,,37.69,20,,6.5
"2025-10-02 23:01:01",620,140,93746,0,,,,37.89,19.7,,7.3
"2025-10-02 23:01:02",632,152,93626,0,,,,37.88,19.3,,7.9
"2025-10-02 23:01:03",643,163,93506,0,,,,37.69,19.05,,8.5
"2025-10-02 23:01:03",650,170,93436,0,,15,31,37.56,18.9,,8.5
"2025-10-02 23:01:04",658,178,93354,0,,6.15,65.7,37.17,18.85,,8.6
"2025-10-02 23:01:05",666,186,93272,-36.389783,-71.525387,8.85,77.4,36.68,18.65,,8.7
"2025-10-02 23:01:07",680,200,93132,0,,14.15,24,36.03,19.05,,8.4
"2025-10-02 23:01:08",687,207,93064,-36.389477,-71.52525,12.8,13.4,35.58,19.25,,8.1
"2025-10-02 23:01:11",717,237,92758,-36.389222,-71.525123,12.75,17.3,34.41,19.85,51.75,9.2
"2025-10-02 23:01:13",738,258,92537,0,,8.8,40.6,33.16,20.15,,9.2
"2025-10-02 23:01:14",749,269,92428,-36.389043,-71.52498,4.35,21.8,32.74,20.55,,9.1
"2025-10-02 23:01:16",771,291,92202,0,,11.25,24.5,32.08,21.35,,9.3
"2025-10-02 23:01:17",782,302,92086,-36.388763,-71.524773,12.6,36.8,31.77,21.75,,9.6
"2025-10-02 23:01:20",801,321,91894,0,,12.25,35,31.33,22.45,,9.9
"2025-10-02 23:01:21",809,329,91812,-36.388513,-71.524523,10.9,42,31.18,22.65,,10
"2025-10-02 23:01:22",819,339,91709,0,,8.6,45.5,31.08,23.2,,9.6
"2025-10-02 23:01:23",825,345,91646,-36.388308,-71.524295,11.85,34.7,31.03,23.3,,9.4
"2025-10-02 23:01:25",835,355,91547,0,,11.7,52.5,30.93,23.45,,8.5
"2025-10-02 23:01:26",840,360,91498,-36.388103,-71.524015,10.9,42,30.86,23.55,,7.9
"2025-10-02 23:01:27",847,367,91429,0,,11.75,50.6,30.7,23.55,,7.5
"2025-10-02 23:01:28",853,373,91367,0,,10.75,36.1,30.58,23.6,,6.8
"2025-10-02 23:01:29",859,379,91306,-36.387872,-71.523775,10.95,35,30.51,23.7,,6.3
"2025-10-02 23:01:30",863,383,91264,0,,11.9,42.3,30.45,23.8,,6.1
"2025-10-02 23:01:31",867,387,91225,0,,10.35,34.9,30.29,23.8,,6
"2025-10-02 23:01:32",870,390,91186,-36.387633,-71.523565,10.5,33.8,29.95,23.75,,5.4
"2025-10-02 23:01:33",876,396,91127,0,,11.55,32.3,29.66,23.75,,5.3
"2025-10-02 23:01:34",882,402,91066,0,,11.15,32.5,29.46,23.95,,5.2
"2025-10-02 23:01:35",888,408,91006,-36.387372,-71.523383,10.55,20,29.3,24.2,,5.2
"2025-10-02 23:01:37",897,417,90915,0,,14,26.6,29.1,24.5,,5.1
"2025-10-02 23:01:38",902,422,90870,-36.387065,-71.5232,11.7,18.5,28.99,24.7,48.25,5.1
"2025-10-02 23:01:39",907,427,90813,0,,12.35,26.8,28.85,24.8,,5.1
"2025-10-02 23:01:40",913,433,90754,0,,12.8,18.4,28.74,24.9,,5.1
"2025-10-02 23:01:41",919,439,90696,-36.386775,-71.523028,11.75,33.2,28.64,25,,5.1
"2025-10-02 23:01:42",926,446,90625,0,,10.2,25.5,28.51,25.15,,5.2
"2025-10-02 23:01:43",933,453,90553,0,,10.2,25.5,28.23,25.15,,5.4
"2025-10-02 23:01:44",940,460,90482,-36.386532,-71.522855,9.9,34.4,27.93,25.15,,5.7
"2025-10-02 23:01:46",948,468,90398,0,,10.7,32.3,27.68,25.25,,5.8
"2025-10-02 23:01:47",954,474,90339,0,,12.6,34.8,27.34,25.35,,5.8
"2025-10-02 23:01:48",959,479,90280,-36.386297,-71.522655,8.7,38.4,27,25.5,,5.8
"2025-10-02 23:01:48",964,484,90237,0,,10.25,30.1,26.72,25.75,,5.8
"2025-10-02 23:01:49",970,490,90168,0,,11.45,33.5,26.39,25.95,,5.9
"2025-10-02 23:01:50",977,497,90100,-36.386063,-71.522487,9,26.2,26.14,26.2,,6.2
"2025-10-02 23:01:51",983,503,90043,0,,9.65,31.4,25.93,26.55,,6.3
"2025-10-02 23:01:52",988,508,89986,0,,9.75,29.7,25.7,26.9,,6.3
"2025-10-02 23:01:53",994,514,89930,-36.385827,-71.522327,9.7,25.3,25.52,27.25,,6.3
"2025-10-02 23:01:54",999,519,89877,0,,12.4,29.1,25.38,27.55,,6
"2025-10-02 23:01:55",1003,523,89830,0,,9.7,43.4,25.15,27.75,,5.8
"2025-10-02 23:01:56",1008,528,89784,-36.385645,-71.522107,7.5,66,24.83,27.8,,5.6
"2025-10-02 23:01:57",1011,531,89753,0,,10.95,33.8,24.49,27.85,,5.4
"2025-10-02 23:01:58",1014,534,89723,0,,9.5,32.3,24.2,28,,5.2
"2025-10-02 23:01:59",1017,537,89694,-36.385438,-71.521897,10.1,48,23.91,28.25,,5
"2025-10-02 23:02:00",1020,540,89663,0,,9.35,37.4,23.68,28.55,,4.6
"2025-10-02 23:02:01",1023,543,89631,0,,8.7,35.2,23.41,28.9,,4.3
"2025-10-02 23:02:02",1026,546,89600,-36.385223,-71.521703,11.2,37.5,23.16,29.25,,4
"2025-10-02 23:02:04",1030,550,89564,0,,9.55,35.6,22.99,29.6,,3.8
"2025-10-02 23:02:05",1033,553,89532,0,,9.15,45.1,22.82,30,,3.6
"2025-10-02 23:02:06",1036,556,89500,-36.385013,-71.521498,11.15,33.7,22.64,30.35,45,3.4
"2025-10-02 23:02:06",1037,557,89484,0,,8.5,42.3,22.55,30.65,,3.3
"2025-10-02 23:02:07",1039,559,89466,0,,9.4,43.6,22.47,30.9,,3.1
"2025-10-02 23:02:08",1041,561,89448,-36.384817,-71.521305,9.15,31.5,22.42,31.2,,2.9
"2025-10-02 23:02:11",1049,569,89368,-36.38462,-71.521117,8.15,35.1,22.25,31.8,,2.7
"2025-10-02 23:02:13",1051,571,89339,0,,10.1,41.9,22.16,31.85,,2.6
"2025-10-02 23:02:14",1054,574,89313,0,,9.1,45.3,22.08,31.9,,2.6
"2025-10-02 23:02:15",1056,576,89288,-36.38442,-71.520903,10.2,37.7,21.97,32,,2.5
"2025-10-02 23:02:16",1058,578,89270,0,,9.8,36.5,21.91,32.05,,2.4
"2025-10-02 23:02:17",1060,580,89253,0,,8.8,41.7,21.85,32.2,,2.3
"2025-10-02 23:02:18",1062,582,89236,-36.384212,-71.520698,11.1,37.2,21.76,32.2,,2.1
"2025-10-02 23:02:19",1064,584,89212,0,,9.3,40.7,21.67,32.25,,2
"2025-10-02 23:02:20",1065,585,89200,-36.384015,-71.52049,10.9,38.8,21.55,32.25,,2
"2025-10-02 23:02:22",1066,586,89190,0,,8.75,43.7,21.45,32.35,,1.9
"2025-10-02 23:02:23",1067,587,89182,0,,9.9,36.9,21.37,32.4,,1.8
"2025-10-02 23:02:24",1068,588,89174,-36.383812,-71.520282,10.55,38.1,21.29,32.6,,1.6
"2025-10-02 23:02:24",1070,590,89153,0,,9.45,47.7,21.22,32.65,,1.6
"2025-10-02 23:02:25",1072,592,89130,0,,10.25,35.8,21.19,32.8,,1.6
"2025-10-02 23:02:26",1074,594,89108,-36.383612,-71.520067,9.6,44.2,21.13,32.95,,1.5
"2025-10-02 23:02:28",1075,595,89092,0,,9.7,40.6,21.09,33.05,,1.4
"2025-10-02 23:02:29",1077,597,89078,0,,9.7,40.6,21.06,33.25,,1.4
"2025-10-02 23:02:30",1078,598,89064,-36.383407,-71.51985,9.2,47.3,21.03,33.3,,1.4
"2025-10-02 23:02:31",1080,600,89051,0,,10.3,42.7,21.03,33.35,,1.4
"2025-10-02 23:02:32",1081,601,89038,0,,10.45,39,20.97,33.45,,1.4
"2025-10-02 23:02:33",1082,602,89026,-36.383212,-71.519622,8.6,47.3,20.93,33.5,41.75,1.4
"2025-10-02 23:02:33",1083,603,89016,0,,,,20.91,33.5,,1.4
"2025-10-02 23:02:34",1084,604,89003,0,,,,20.91,33.55,,1.4
"2025-10-02 23:02:35",1086,606,88990,0,,,,20.91,33.55,,1.5
"2025-10-02 23:02:37",1088,608,88964,0,,10.75,41.4,20.91,33.5,,1.5
"2025-10-02 23:02:38",1090,610,88944,0,,8.65,47.3,20.91,33.6,,1.5
"2025-10-02 23:02:39",1092,612,88924,-36.382838,-71.519163,8.9,46.4,20.91,33.65,,1.5
"2025-10-02 23:02:40",1100,620,88841,0,,8.25,42,20.99,33.8,,1.9
"2025-10-02 23:02:41",1105,625,88794,-36.382685,-71.518963,7.8,52.5,21.06,33.9,,2.2
"2025-10-02 23:02:43",1110,630,88744,0,,8.3,45,21.12,33.95,,2.5
"2025-10-02 23:02:44",1113,633,88706,0,,7.6,47.4,21.21,34,,2.7
"2025-10-02 23:02:45",1117,637,88668,-36.382497,-71.518807,8.1,22.2,21.27,34,,2.9
"2025-10-02 23:02:46",1121,641,88630,0,,11.5,26.8,21.34,33.95,,3.1
"2025-10-02 23:02:47",1125,645,88587,0,,9.65,37,21.4,33.95,,3.3
"2025-10-02 23:02:48",1129,649,88544,-36.382273,-71.518617,9.7,41.6,21.49,33.9,,3.6
"2025-10-02 23:02:48",1131,651,88523,0,,9.55,25.8,21.53,33.8,,3.5
"2025-10-02 23:02:49",1133,653,88500,0,,9.9,35,21.6,33.75,,3.5
"2025-10-02 23:02:50",1136,656,88478,-36.38205,-71.518417,11.2,39,21.62,33.7,,3.6
"2025-10-02 23:02:51",1137,657,88466,0,,9.85,41.6,21.66,33.6,,3.5
"2025-10-02 23:02:52",1138,658,88456,0,,9.95,45.8,21.7,33.6,,3.1
"2025-10-02 23:02:53",1139,659,88446,-36.381863,-71.518203,8.9,43.7,21.71,33.45,,2.8
"2025-10-02 23:02:54",1141,661,88422,0,,8.9,40.2,21.73,33.4,,2.8
"2025-10-02 23:02:55",1144,664,88398,0,,10.05,49.8,21.72,33.35,,2.7
"2025-10-02 23:02:56",1146,666,88374,-36.381697,-71.518028,6.95,41.8,21.73,33.3,,2.6
"2025-10-02 23:02:58",1153,673,88304,0,,8.95,15.1,21.72,33.2,,2.5
"2025-10-02 23:02:59",1157,677,88266,-36.381463,-71.517922,10,21.5,21.68,33.15,39.25,2.5
"2025-10-02 23:03:00",1162,682,88210,0,,11.25,28,21.66,33.1,,2.6
"2025-10-02 23:03:01",1167,687,88164,0,,12.3,43.5,21.58,33.1,,2.8
"2025-10-02 23:03:02",1171,691,88118,-36.381258,-71.517687,9.8,48.4,21.52,33.05,,2.9
"2025-10-02 23:03:03",1175,695,88080,0,,6.85,45.2,21.5,33.1,,3
"2025-10-02 23:03:04",1179,699,88038,0,,8.15,38.9,21.46,33.15,,3.3
"2025-10-02 23:03:05",1183,703,87996,-36.381085,-71.517572,6.05,19.3,21.42,33.15,,3.5
"2025-10-02 23:03:07",1189,709,87940,0,,9.75,10.7,21.39,33.2,,3.9
"2025-10-02 23:03:08",1193,713,87892,0,,11.8,22.4,21.35,33.25,,4.1
"2025-10-02 23:03:09",1198,718,87844,-36.380822,-71.517413,11.85,29.8,21.31,33.3,,4.3
"2025-10-02 23:03:12",1210,730,87728,-36.380603,-71.51724,8.8,23.1,21.23,33.4,,4.3
"2025-10-02 23:03:12",1214,734,87688,0,,12.5,28.4,21.16,33.5,,4.4
"2025-10-02 23:03:13",1219,739,87633,0,,10.55,34,21.14,33.55,,4.4
"2025-10-02 23:03:14",1225,745,87578,-36.380352,-71.517033,11.2,31.2,21.1,33.55,,4.5
"2025-10-02 23:03:16",1230,750,87523,0,,10.7,41.8,21.03,33.55,,4.5
"2025-10-02 23:03:17",1234,754,87478,0,,8.75,26.4,20.97,33.65,,4.6
"2025-10-02 23:03:18",1239,759,87434,-36.380158,-71.516875,8.5,34.5,20.93,33.7,,4.6
"2025-10-02 23:03:18",1243,763,87394,0,,6.65,37.1,20.91,33.75,,4.6
"2025-10-02 23:03:19",1247,767,87347,0,,7,27.7,20.8,33.85,,4.6
"2025-10-02 23:03:20",1252,772,87300,-36.379962,-71.516792,9.25,14.1,20.73,33.9,,4.6
"2025-10-02 23:03:21",1256,776,87258,0,,7.85,3,20.66,33.95,,4.5
"2025-10-02 23:03:22",1260,780,87216,0,,7.85,3,20.53,34,,4.5
"2025-10-02 23:03:23",1265,785,87174,-36.379752,-71.516735,7.85,16.1,20.41,34.05,,4.5
"2025-10-02 23:03:24",1268,788,87136,0,,10.2,3.5,20.31,34.05,,4.6
"2025-10-02 23:03:25",1272,792,87099,0,,9.15,14.9,20.18,34.1,,4.4
"2025-10-02 23:03:26",1276,796,87062,-36.379498,-71.516658,9.5,22.8,20.08,34.25,37.5,4.3
"2025-10-02 23:03:27",1280,800,87023,0,,10.4,6.3,19.97,34.4,,4.2
"2025-10-02 23:03:28",1283,803,86984,0,,9.8,16.2,19.92,34.45,,4.2
"2025-10-02 23:03:29",1287,807,86946,-36.379247,-71.51659,7.8,15.4,19.83,34.55,,4.1
"2025-10-02 23:03:30",1289,809,86926,0,,11,6.2,19.75,34.7,,3.9
"2025-10-02 23:03:31",1291,811,86906,0,,12.25,23.2,19.67,34.8,,3.7
"2025-10-02 23:03:32",1293,813,86886,-36.378973,-71.516482,9.05,16.1,19.59,34.95,,3.5
"2025-10-02 23:03:33",1295,815,86866,0,,10.25,21.6,19.5,35,,3.2
"2025-10-02 23:03:34",1297,817,86848,0,,10.8,7.6,19.47,35.1,,3
"2025-10-02 23:03:35",1299,819,86830,-36.378717,-71.516388,10.95,14.6,19.42,35.25,,2.8
"2025-10-02 23:03:37",1305,825,86772,0,,5.25,13.5,19.3,35.45,,2.8
"2025-10-02 23:03:38",1307,827,86744,-36.378533,-71.516305,8.65,20.6,19.23,35.55,,2.7
"2025-10-02 23:03:41",1313,833,86690,-36.378358,-71.516222,7.6,26.5,19.1,35.75,,2.3
"2025-10-02 23:03:43",1316,836,86652,0,,7.75,20.7,19.04,35.9,,2.1
"2025-10-02 23:03:44",1318,838,86634,-36.378182,-71.516147,6.7,24.2,19.02,35.95,,2.1
"2025-10-02 23:03:46",1320,840,86612,0,,7.35,20.8,18.92,36.1,,2
"2025-10-02 23:03:47",1322,842,86602,-36.377993,-71.516083,7.1,17.4,18.87,36.15,,1.9
"2025-10-02 23:03:49",1325,845,86568,0,,7.4,21.2,18.85,36.3,,1.7
"2025-10-02 23:03:50",1326,846,86552,-36.377805,-71.516003,7.05,21.3,18.84,36.35,,1.6
"2025-10-02 23:03:52",1329,849,86530,0,,8.75,14.2,18.83,36.5,,1.5
"2025-10-02 23:03:53",1330,850,86520,-36.37757,-71.515937,9.4,5.7,18.84,36.6,35.5,1.5
"2025-10-02 23:03:54",1332,852,86498,0,,9.35,20,18.86,36.7,,1.5
"2025-10-02 23:03:55",1334,854,86477,0,,7.25,6.3,18.88,36.7,,1.5
"2025-10-02 23:03:56",1336,856,86456,-36.377362,-71.515912,8.55,353.2,18.9,36.75,,1.5
"2025-10-02 23:03:57",1334,854,86472,0,,6.25,13,18.9,36.75,,1.2
"2025-10-02 23:03:58",1333,853,86489,0,,5.15,6.7,18.92,36.65,,1
"2025-10-02 23:03:59",1331,851,86506,-36.377192,-71.515882,6.75,5.3,18.93,36.3,,0.8
"2025-10-02 23:04:00",1331,851,86504,0,,7.6,13.8,18.95,36,,0.8
"2025-10-02 23:04:01",1331,851,86502,0,,5.2,10.3,18.96,35.55,,0.7
"2025-10-02 23:04:02",1332,852,86500,-36.377028,-71.51584,6.7,10.1,18.96,35.15,,0.5
"2025-10-02 23:04:03",1330,850,86513,0,,5.65,11.3,18.95,34.75,,0.3
"2025-10-02 23:04:04",1329,849,86526,0,,5.1,0.8,18.98,34.55,,0
"2025-10-02 23:04:05",1328,848,86540,-36.37687,-71.515808,7.15,18.1,19,34.35,,-0.2
"2025-10-02 23:04:06",1326,846,86559,0,,5.3,3,19.03,34.2,,-0.5
"2025-10-02 23:04:07",1324,844,86579,0,,4.95,357.6,19.03,34,,-0.9
"2025-10-02 23:04:08",1322,842,86600,-36.376718,-71.515787,6.55,16.9,19.02,33.85,,-1.2
"2025-10-02 23:04:10",1320,840,86620,0,,5.55,4.2,19.03,33.55,,-1.1
"2025-10-02 23:04:11",1319,839,86630,-36.376572,-71.515767,5.25,14.6,19.03,33.5,,-1.1
"2025-10-02 23:04:12",1316,836,86657,0,,5.45,0.6,19.04,33.45,,-1.3
"2025-10-02 23:04:13",1313,833,86683,0,,6.75,14.1,19.12,33.35,,-1.5
"2025-10-02 23:04:14",1311,831,86710,-36.376417,-71.515742,5.25,8.6,19.14,33.2,,-1.7
"2025-10-02 23:04:15",1310,830,86721,0,,5.5,357,19.14,33.05,,-1.7
"2025-10-02 23:04:16",1309,829,86731,0,,6.8,14.2,19.17,32.95,,-1.7
"2025-10-02 23:04:17",1308,828,86742,-36.37626,-71.515718,4.7,4.7,19.2,32.9,,-1.7
"2025-10-02 23:04:18",1305,825,86763,0,,6.15,2,19.23,32.75,,-1.7
"2025-10-02 23:04:19",1303,823,86786,0,,7.25,6.8,19.34,32.7,,-1.7
"2025-10-02 23:04:20",1301,821,86810,-36.37609,-71.515715,5.15,357.3,19.34,32.7,34,-1.7
"2025-10-02 23:04:21",1298,818,86836,0,,6.7,355.1,19.35,32.95,,-1.8
"2025-10-02 23:04:22",1296,816,86863,0,,5.7,11.3,19.36,33.05,,-2
"2025-10-02 23:04:23",1293,813,86890,-36.375938,-71.515703,4.6,5,19.37,33.1,,-2.1
"2025-10-02 23:04:24",1289,809,86924,0,,6.1,355.8,19.42,33.1,,-2.2
"2025-10-02 23:04:25",1286,806,86960,0,,4.25,19.5,19.44,33,,-2.3
"2025-10-02 23:04:26",1282,802,86996,-36.375803,-71.515683,5.1,2.6,19.46,32.65,,-2.4
"2025-10-02 23:04:27",1279,799,87033,0,,4.9,3,19.49,31.65,,-2.5
"2025-10-02 23:04:28",1275,795,87068,0,,3.25,20.8,19.52,30.85,,-2.7
"2025-10-02 23:04:29",1272,792,87104,-36.375692,-71.515658,4.9,358.6,19.58,30.5,,-2.9
"2025-10-02 23:04:30",1268,788,87144,0,,4.5,22.7,19.61,30.05,,-3.2
"2025-10-02 23:04:31",1264,784,87185,0,,2.6,20.7,19.62,29.7,,-3.3
"2025-10-02 23:04:32",1259,779,87226,-36.375588,-71.515625,4.65,1.4,19.69,29.65,,-3.4
"2025-10-02 23:04:33",1255,775,87274,0,,4.35,20.9,19.73,29.3,,-3.6
"2025-10-02 23:04:34",1250,770,87323,0,,3,15,19.79,29.15,,-3.7
"2025-10-02 23:04:35",1245,765,87372,-36.375502,-71.515568,4.2,35.2,19.84,28.85,,-3.9
"2025-10-02 23:04:36",1243,763,87390,0,,3.1,41.4,19.89,28.55,,-3.8
"2025-10-02 23:04:37",1241,761,87408,0,,2.7,36.5,19.97,28.25,,-3.7
"2025-10-02 23:04:38",1240,760,87426,-36.37543,-71.515497,4.35,34.9,20.04,28,,-3.5
"2025-10-02 23:04:39",1236,756,87460,0,,2.9,41.3,20.08,27.65,,-3.5
"2025-10-02 23:04:40",1233,753,87496,0,,4.05,63.8,20.09,27.65,,-3.5
"2025-10-02 23:04:41",1229,749,87532,-36.375377,-71.515405,3.6,38.2,20.1,28.5,,-3.6
"2025-10-02 23:04:42",1227,747,87550,0,,3.15,73,20.11,29.15,,-3.4
"2025-10-02 23:04:43",1225,745,87569,0,,5.25,59.9,20.1,29.65,,-3.3
"2025-10-02 23:04:44",1224,744,87588,-36.375322,-71.515283,3.6,45.1,20.16,30.5,,-3.1
"2025-10-02 23:04:45",1223,743,87597,0,,4.9,71.8,20.17,31.3,,-2.7
"2025-10-02 23:04:46",1222,742,87606,0,,6.25,56.3,20.18,32,,-2.3
"2025-10-02 23:04:47",1221,741,87616,-36.375248,-71.515137,4.75,53.8,20.22,32.25,32.75,-2
"2025-10-02 23:04:48",1221,741,87610,0,,4.75,56.4,20.22,32.5,,-1.8
"2025-10-02 23:04:49",1222,742,87605,0,,3.25,72,20.2,32.75,,-1.6
"2025-10-02 23:04:50",1222,742,87600,-36.375192,-71.514998,7.2,68.8,20.19,33.1,,-1.5
"2025-10-02 23:04:52",1228,748,87546,0,,5.25,27,20.18,33.55,,-0.7
"2025-10-02 23:04:53",1230,750,87520,-36.375052,-71.514922,6.65,21.4,20.23,33.8,,-0.2
"2025-10-02 23:04:54",1233,753,87489,0,,6.2,18.1,20.2,33.95,,0.5
"2025-10-02 23:04:55",1236,756,87460,0,,5.8,18.3,20.24,34.05,,0.9
"2025-10-02 23:04:56",1239,759,87432,-36.374902,-71.514855,5.75,24.2,20.25,34.2,,1.3
"2025-10-02 23:04:57",1242,762,87403,0,,6.6,18.4,20.24,34.3,,1.4
"2025-10-02 23:04:58",1245,765,87374,0,,4.5,1.4,20.24,34.4,,1.7
"2025-10-02 23:04:59",1248,768,87346,-36.374738,-71.51483,7.6,3.2,20.2,34.45,,2
"2025-10-02 23:05:00",1248,768,87345,0,,5.6,12.4,20.17,34.45,,2.2
"2025-10-02 23:05:01",1248,768,87344,0,,6.85,354.5,20.13,34.6,,2.1
"2025-10-02 23:05:02",1248,768,87344,-36.374545,-71.514823,7.7,354.9,20.1,34.7,,2.1
"2025-10-02 23:05:03",1248,768,87338,0,,8.15,18.3,20.1,34.8,,2
"2025-10-02 23:05:04",1249,769,87333,0,,5.1,33.8,20.07,34.85,,1.8
"2025-10-02 23:05:05",1249,769,87328,-36.374398,-71.514775,5.35,357.8,20.07,34.9,,1.6
"2025-10-02 23:05:06",1249,769,87334,0,,6.1,7.3,20.03,35,,1.3
"2025-10-02 23:05:07",1248,768,87341,0,,6.1,7.7,19.98,35,,1
"2025-10-02 23:05:08",1247,767,87348,-36.374253,-71.514757,5.05,2.1,19.96,35.05,,0.7
"2025-10-02 23:05:09",1249,769,87331,0,,4.25,10.5,19.97,35.05,,0.8
"2025-10-02 23:05:10",1251,771,87314,0,,4.4,357.8,19.98,35.05,,0.7
"2025-10-02 23:05:11",1252,772,87298,-36.374138,-71.514745,4.7,352.1,19.97,35.05,,0.6
"2025-10-02 23:05:12",1252,772,87303,0,,3.9,40.6,19.98,35,,0.3
"2025-10-02 23:05:13",1251,771,87308,0,,4.8,29.5,20.01,34.85,,0.3
"2025-10-02 23:05:14",1251,771,87314,-36.374055,-71.514673,2.3,33.5,20.02,34.45,32,0.2
"2025-10-02 23:05:15",1250,770,87317,0,,4.35,43.8,19.99,34.05,,0.2
"2025-10-02 23:05:16",1250,770,87320,0,,5.85,41.3,19.97,33.75,,0.1
"2025-10-02 23:05:17",1250,770,87324,-36.37394,-71.514585,6.1,16.4,19.95,33.45,,0.1
"2025-10-02 23:05:18",1251,771,87315,0,,2.4,35.5,19.93,33.2,,0.2
"2025-10-02 23:05:19",1251,771,87307,0,,2.15,48.5,19.97,32.95,,0.3
"2025-10-02 23:05:20",1252,772,87300,-36.373893,-71.514538,2.6,25.7,20.01,32.85,,0.4
"2025-10-02 23:05:22",1253,773,87286,0,,3.05,35.9,19.99,32.75,,0.3
"2025-10-02 23:05:23",1254,774,87280,-36.373847,-71.514493,1.9,19.4,19.99,32.55,,0.3
"2025-10-02 23:05:24",1252,772,87304,0,,1.65,66.3,19.99,31.65,,0
"2025-10-02 23:05:25",1249,769,87327,0,,3.1,21.6,20.01,30.65,,-0.2
"2025-10-02 23:05:26",1247,767,87350,-36.373795,-71.514428,2.75,55.8,20.02,29.8,,-0.3
"2025-10-02 23:05:27",1247,767,87349,0,,3.35,71,20.06,29.5,,-0.3
"2025-10-02 23:05:28",1247,767,87348,0,,2.5,26.4,20.09,29.65,,-0.2
"2025-10-02 23:05:29",1247,767,87348,-36.373762,-71.51436,2.45,72.3,20.07,30.35,,-0.2
"2025-10-02 23:05:30",1246,766,87364,0,,2.1,80.1,20.1,30.85,,-0.3
"2025-10-02 23:05:31",1244,764,87380,0,,2.35,14.9,20.19,30.95,,-0.5
"2025-10-02 23:05:32",1243,763,87396,-36.373738,-71.514305,2.35,92.7,20.22,31.25,,-0.7
"2025-10-02 23:05:33",1242,762,87406,0,,2,73.3,20.29,31.4,,-0.8
"2025-10-02 23:05:34",1240,760,87417,0,,3.25,70.5,20.27,31.55,,-1.1
"2025-10-02 23:05:35",1239,759,87428,-36.373715,-71.514218,3.5,64.8,20.29,31.25,,-1.2
"2025-10-02 23:05:36",1239,759,87436,0,,1.6,100.6,20.28,30.8,,-1.1
"2025-10-02 23:05:37",1238,758,87444,0,,3.85,80.7,20.29,29.9,,-1
"2025-10-02 23:05:38",1237,757,87452,-36.373703,-71.514127,2.8,62.6,20.29,29.2,,-0.8
"2025-10-02 23:05:39",1236,756,87458,0,,2.35,95.3,20.31,28.85,,-0.9
"2025-10-02 23:05:40",1236,756,87465,0,,4.7,67,20.29,28.95,,-1
"2025-10-02 23:05:41",1235,755,87472,-36.373687,-71.51401,2.85,82.3,20.27,29.2,31.25,-1
"2025-10-02 23:05:42",1235,755,87477,0,,4.15,92.7,20.28,29.15,,-1
"2025-10-02 23:05:43",1234,754,87482,0,,4.45,48.3,20.26,29.3,,-0.9
"2025-10-02 23:05:44",1233,753,87488,-36.373642,-71.513883,4.45,71.7,20.31,29.4,,-0.8
"2025-10-02 23:05:45",1233,753,87494,0,,3.8,69,20.32,29.55,,-0.7
"2025-10-02 23:05:46",1232,752,87500,0,,3.05,60.5,20.34,29.45,,-0.7
"2025-10-02 23:05:47",1232,752,87506,-36.373587,-71.513782,4.75,51.4,20.33,29.3,,-0.7
"2025-10-02 23:05:49",1232,752,87503,0,,4.1,68.8,20.29,29.2,,-0.5
"2025-10-02 23:05:50",1232,752,87502,-36.373532,-71.51368,3.7,38,20.34,29.05,,-0.4
"2025-10-02 23:05:52",1229,749,87532,0,,4.25,64.1,20.35,28,,-0.6
"2025-10-02 23:05:53",1228,748,87548,-36.373482,-71.513553,3.9,60.9,20.37,27.55,,-0.6
"2025-10-02 23:05:54",1228,748,87539,0,,5.2,62.8,20.37,27.2,,-0.5
"2025-10-02 23:05:55",1229,749,87531,0,,3.6,62.7,20.35,26.9,,-0.4
"2025-10-02 23:05:56",1230,750,87524,-36.373428,-71.513422,4.2,65.5,20.37,26.6,,-0.3
"2025-10-02 23:05:58",1230,750,87523,0,,5.6,63.6,20.35,26.5,,-0.2
"2025-10-02 23:05:59",1230,750,87522,0,,4.9,76.7,20.35,26.65,,-0.2
"2025-10-02 23:06:00",1230,750,87522,-36.373383,-71.513285,4.1,65,20.37,26.9,,-0.1
"2025-10-02 23:06:00",1231,751,87517,0,,3.35,49.7,20.38,27.5,,-0.1
"2025-10-02 23:06:01",1231,751,87510,0,,3.45,66,20.42,28,,0
"2025-10-02 23:06:02",1232,752,87504,-36.373337,-71.513175,4.35,59.8,20.44,28.35,,0
"2025-10-02 23:06:03",1233,753,87489,0,,4.15,63.7,20.46,29.05,,0.1
"2025-10-02 23:06:04",1235,755,87474,0,,4,67.7,20.44,29.65,,0.5
"2025-10-02 23:06:05",1236,756,87460,-36.373292,-71.513035,5.7,70.1,20.42,29.9,,0.7
"2025-10-02 23:06:06",1238,758,87445,0,,3.7,60.8,20.43,30.35,,0.8
"2025-10-02 23:06:07",1239,759,87431,0,,4.4,63.9,20.41,30.9,,0.8
"2025-10-02 23:06:08",1240,760,87418,-36.373252,-71.512923,3.55,69.9,20.4,31.3,30.75,0.9
"2025-10-02 23:06:09",1245,765,87376,0,,3.15,59.9,20.35,31.4,,1.1
"2025-10-02 23:06:10",1249,769,87334,0,,5.25,67.4,20.32,31.3,,1.5
"2025-10-02 23:06:11",1253,773,87292,-36.37321,-71.512797,3.3,70.6,20.37,31.35,,1.8
"2025-10-02 23:06:13",1261,781,87207,0,,3.6,26.1,20.23,31.8,,2.5
"2025-10-02 23:06:14",1266,786,87164,-36.373163,-71.512712,2.95,79.4,20.17,32,,2.8
"2025-10-02 23:06:15",1269,789,87130,0,,3.45,57.5,20.13,32.15,,3
"2025-10-02 23:06:16",1272,792,87098,0,,1.65,66.7,20.09,32.3,,3.1
"2025-10-02 23:06:17",1275,795,87066,-36.373135,-71.512633,3.35,60.9,20.02,32.5,,3.3
"2025-10-02 23:06:18",1280,800,87015,0,,2.95,78.2,19.99,32.7,,3.4
"2025-10-02 23:06:19",1286,806,86963,0,,2.75,62.2,19.96,32.85,,3.7
"2025-10-02 23:06:20",1291,811,86912,-36.37308,-71.512538,4.4,45.5,19.92,33,,4
"2025-10-02 23:06:21",1297,817,86850,0,,4.15,47.2,19.88,33,,4.3
"2025-10-02 23:06:22",1303,823,86790,0,,4.2,25.3,19.84,33.05,,4.5
"2025-10-02 23:06:23",1309,829,86730,-36.372998,-71.512478,2.7,42.8,19.79,33,,4.6
"2025-10-02 23:06:24",1313,833,86688,0,,4.05,5.2,19.7,33,,4.6
"2025-10-02 23:06:25",1317,837,86644,0,,4.9,4.9,19.67,33,,4.7
"2025-10-02 23:06:26",1322,842,86600,-36.372902,-71.512473,2.4,16,19.61,33.05,,4.7
"2025-10-02 23:06:27",1324,844,86579,0,,3.35,331,19.51,33.1,,4.5
"2025-10-02 23:06:28",1326,846,86559,0,,3.9,353.1,19.49,33.2,,4.4
"2025-10-02 23:06:29",1328,848,86540,-36.372817,-71.51251,2.85,333.3,19.44,33.35,,4.3
"2025-10-02 23:06:30",1331,851,86507,0,,2.9,333.3,19.37,33.4,,4.3
"2025-10-02 23:06:31",1334,854,86474,0,,2.75,331.6,19.31,33.4,,4.1
"2025-10-02 23:06:32",1337,857,86442,-36.372752,-71.512553,2.7,324.1,19.32,33.45,,4
"2025-10-02 23:06:33",1339,859,86422,0,,2.45,346.9,19.28,33.55,,3.7
"2025-10-02 23:06:34",1341,861,86404,0,,3.1,325,19.25,33.6,,3.4
"2025-10-02 23:06:35",1343,863,86386,-36.37269,-71.512582,1.9,345.7,19.21,33.7,30.25,3.1
"2025-10-02 23:06:37",1352,872,86293,0,,3.5,350.9,19.14,33.8,,3
"2025-10-02 23:06:38",1357,877,86246,-36.37262,-71.5126,1.8,350.4,19.08,33.85,,3.1
"2025-10-02 23:06:39",1361,881,86210,0,,3.15,329.5,19.03,33.9,,3
"2025-10-02 23:06:40",1364,884,86175,0,,2.65,6.5,18.96,33.9,,3.1
"2025-10-02 23:06:41",1368,888,86140,-36.372543,-71.512618,2.55,345.1,18.93,33.85,,3.2
"2025-10-02 23:06:42",1371,891,86110,0,,3.75,339.9,18.87,33.8,,3.3
"2025-10-02 23:06:43",1374,894,86080,0,,3.35,15.4,18.85,33.85,,3.3
"2025-10-02 23:06:44",1377,897,86050,-36.372455,-71.512642,2.95,328.2,18.85,34,,3.3
"2025-10-02 23:06:45",1380,900,86012,0,,4.75,342.5,18.81,34.2,,3.4
"2025-10-02 23:06:46",1384,904,85977,0,,2.25,355.9,18.78,34.35,,3.6
"2025-10-02 23:06:47",1387,907,85942,-36.372368,-71.512672,2.9,338.3,18.77,34.5,,3.7
"2025-10-02 23:06:48",1390,910,85911,0,,4.7,346.2,18.74,34.65,,3.7
"2025-10-02 23:06:49",1394,914,85880,0,,2.4,313.8,18.73,34.75,,3.4
"2025-10-02 23:06:50",1397,917,85850,-36.372288,-71.512713,4.05,339.1,18.7,34.8,,3.3
"2025-10-02 23:06:51",1401,921,85805,0,,2.9,2.5,18.69,34.8,,3.4
"2025-10-02 23:06:52",1405,925,85762,0,,3.2,323.2,18.66,34.8,,3.4
"2025-10-02 23:06:53",1410,930,85720,-36.37221,-71.51275,4.35,340.3,18.64,34.7,,3.5
"2025-10-02 23:06:54",1415,935,85667,0,,1.8,0.9,18.6,34.55,,3.7
"2025-10-02 23:06:55",1420,940,85613,0,,3.65,334.9,18.61,34.35,,3.9
"2025-10-02 23:06:56",1426,946,85560,-36.372132,-71.51278,3.1,352.9,18.6,34.25,,4.1
"2025-10-02 23:06:57",1430,950,85521,0,,2.85,331.4,18.58,34.1,,4.1
"2025-10-02 23:06:58",1434,954,85481,0,,4.8,342.4,18.55,33.95,,4.1
"2025-10-02 23:06:59",1438,958,85442,-36.372045,-71.512817,2.3,346.9,18.53,33.75,,4.1
"2025-10-02 23:07:00",1442,962,85402,0,,3.3,335.5,18.49,33.7,,4.3
"2025-10-02 23:07:01",1445,965,85364,0,,3.95,319.9,18.46,33.5,,4.3
"2025-10-02 23:07:02",1449,969,85326,-36.371972,-71.512863,1.75,338.3,18.43,33.4,29.5,4.4
"2025-10-02 23:07:03",1453,973,85291,0,,3.9,348.6,18.38,33.35,,4.3
"2025-10-02 23:07:04",1456,976,85256,0,,3.65,337.6,18.35,33.35,,4.3
"2025-10-02 23:07:05",1460,980,85222,-36.371882,-71.512902,3,349.1,18.31,33.5,,4.2
"2025-10-02 23:07:06",1462,982,85201,0,,4.15,324.4,18.25,33.6,,4
"2025-10-02 23:07:07",1464,984,85180,0,,2.2,340.5,18.18,33.75,,3.8
"2025-10-02 23:07:08",1466,986,85160,-36.371792,-71.512928,3.95,357.6,18.18,33.9,,3.5
"2025-10-02 23:07:09",1470,990,85117,0,,4.1,349.9,18.11,33.95,,3.4
"2025-10-02 23:07:10",1475,995,85074,0,,2.9,13.1,18.11,34.05,,3.4
"2025-10-02 23:07:11",1479,999,85032,-36.371708,-71.512912,3,9.3,18.17,34.1,,3.4
"2025-10-02 23:07:13",1488,1008,84947,0,,3.3,7.1,18.11,34.05,,3.6
"2025-10-02 23:07:14",1492,1012,84904,-36.371605,-71.51289,5.2,9.3,18.09,34,,3.6
"2025-10-02 23:07:15",1496,1016,84862,0,,3.45,12.5,18.05,34,,3.6
"2025-10-02 23:07:16",1500,1020,84823,0,,4.05,353,17.99,33.95,,3.6
"2025-10-02 23:07:17",1504,1024,84784,-36.371492,-71.512855,5.95,29.3,17.96,33.95,,3.7
"2025-10-02 23:07:18",1508,1028,84748,0,,3.75,14.5,17.9,34,,3.8
"2025-10-02 23:07:19",1511,1031,84714,0,,3.75,28,17.85,34.05,,3.9
"2025-10-02 23:07:20",1515,1035,84680,-36.371378,-71.512803,5.75,12.8,17.81,34.05,,4
"2025-10-02 23:07:21",1518,1038,84646,0,,3.65,33.1,17.75,34.05,,4
"2025-10-02 23:07:22",1522,1042,84611,0,,2.75,34.5,17.75,34.1,,3.9
"2025-10-02 23:07:23",1525,1045,84576,-36.371295,-71.512762,3.45,1.8,17.8,34.1,,3.8
"2025-10-02 23:07:24",1528,1048,84544,0,,3.75,26,17.76,34.15,,3.8
"2025-10-02 23:07:25",1531,1051,84514,0,,2.6,354.5,17.73,34.1,,3.6
"2025-10-02 23:07:26",1534,1054,84484,-36.371213,-71.512768,3,337.7,17.66,34.1,,3.5
"2025-10-02 23:07:27",1537,1057,84459,0,,4.05,2.2,17.62,34.15,,3.5
"2025-10-02 23:07:28",1540,1060,84433,0,,4.15,9.5,17.59,34.2,,3.3
"2025-10-02 23:07:29",1542,1062,84408,-36.371113,-71.51275,3.05,11.4,17.55,34.25,28.75,3.2
"2025-10-02 23:07:30",1545,1065,84384,0,,3.75,11.2,17.51,34.3,,3.1
"2025-10-02 23:07:31",1547,1067,84362,0,,3.95,358,17.44,34.35,,3
"2025-10-02 23:07:32",1549,1069,84340,-36.37101,-71.512742,2.6,358.5,17.4,34.35,,2.9
"2025-10-02 23:07:33",1550,1070,84330,0,,5.75,9.6,17.4,34.4,,2.7
"2025-10-02 23:07:34",1551,1071,84321,0,,4.7,21.1,17.4,34.4,,2.4
"2025-10-02 23:07:35",1552,1072,84312,-36.370903,-71.512725,3,346,17.38,34.4,,2.2
"2025-10-02 23:07:37",1555,1075,84282,0,,4.2,12.2,17.31,34.55,,2
"2025-10-02 23:07:38",1556,1076,84268,-36.370808,-71.512717,3.5,350.8,17.24,34.55,,1.9
"2025-10-02 23:07:40",1557,1077,84259,0,,3.6,355.1,17.17,34.45,,1.5
"2025-10-02 23:07:41",1558,1078,84256,-36.370682,-71.512707,5.15,359.6,17.15,34.4,,1.3
"2025-10-02 23:07:43",1562,1082,84209,0,,5.4,13.9,17.14,34.6,,1.4
"2025-10-02 23:07:44",1565,1085,84186,-36.370533,-71.512662,5.75,16.7,17.13,34.75,,1.4
"2025-10-02 23:07:46",1568,1088,84152,0,,2.55,28.2,17.07,34.95,,1.4
"2025-10-02 23:07:47",1570,1090,84136,-36.370445,-71.512605,4.7,42,17.05,35,,1.5
"2025-10-02 23:07:49",1573,1093,84105,0,,4.65,11.1,17.05,34.75,,1.5
"2025-10-02 23:07:50",1575,1095,84090,-36.37035,-71.512538,4.4,44.6,17.05,34.7,,1.5
"2025-10-02 23:07:52",1577,1097,84068,0,,4.75,38.1,16.98,34.6,,1.6
"2025-10-02 23:07:53",1578,1098,84058,-36.370248,-71.512465,4.1,21,16.97,34.5,,1.7
"2025-10-02 23:07:55",1582,1102,84018,0,,6.05,20.4,16.91,34.35,,1.6
"2025-10-02 23:07:56",1584,1104,83998,-36.370105,-71.512427,4.85,0.5,16.89,34.4,28.25,1.6
"2025-10-02 23:07:58",1589,1109,83946,0,,5.15,9.9,16.84,34.55,,1.8
"2025-10-02 23:07:59",1592,1112,83920,-36.369965,-71.512402,4.85,356.7,16.82,34.55,,1.8
"2025-10-02 23:08:00",1594,1114,83899,0,,6.3,22.1,16.8,34.55,,1.9
"2025-10-02 23:08:01",1596,1116,83878,0,,5.05,359,16.77,34.55,,1.9
"2025-10-02 23:08:02",1598,1118,83858,-36.369832,-71.512372,4.2,6.5,16.76,34.55,,1.9
"2025-10-02 23:08:03",1601,1121,83830,0,,6.1,21.9,16.77,34.6,,2
"2025-10-02 23:08:04",1604,1124,83804,0,,4.8,3.2,16.76,34.6,,2.1
"2025-10-02 23:08:05",1606,1126,83778,-36.369683,-71.512368,6.1,354.6,16.74,34.65,,2.3
"2025-10-02 23:08:06",1608,1128,83765,0,,5.35,353.4,16.73,34.7,,2.3
"2025-10-02 23:08:07",1609,1129,83753,0,,4.2,357.8,16.72,34.8,,2.2
"2025-10-02 23:08:08",1610,1130,83742,-36.369562,-71.512392,4.2,340.8,16.73,34.85,,2.2
"2025-10-02 23:08:09",1610,1130,83739,0,,4.85,354.9,16.71,34.85,,2
"2025-10-02 23:08:10",1611,1131,83736,0,,4.65,3.1,16.7,34.8,,1.8
"2025-10-02 23:08:11",1611,1131,83734,-36.369433,-71.512412,5.05,345.2,16.71,34.75,,1.6
"2025-10-02 23:08:12",1613,1133,83717,0,,4.5,348.1,16.69,34.7,,1.5
"2025-10-02 23:08:13",1614,1134,83700,0,,3.6,6.2,16.7,34.6,,1.5
"2025-10-02 23:08:14",1616,1136,83684,-36.369315,-71.51242,5.05,355.8,16.71,34.55,,1.5
"2025-10-02 23:08:15",1618,1138,83666,0,,4.6,348.4,16.68,34.5,,1.5
"2025-10-02 23:08:16",1620,1140,83648,0,,3.15,4,16.67,34.5,,1.4
"2025-10-02 23:08:17",1621,1141,83630,-36.369185,-71.512425,5.95,0.7,16.66,34.5,,1.4
"2025-10-02 23:08:18",1622,1142,83624,0,,5.5,349.1,16.69,34.55,,1.2
"2025-10-02 23:08:19",1622,1142,83619,0,,5,358.4,16.68,34.55,,1.2
"2025-10-02 23:08:20",1623,1143,83614,-36.36905,-71.51244,6,358,16.66,34.6,,1.1
"2025-10-02 23:08:21",1623,1143,83611,0,,3.5,353.2,16.64,34.7,,1
"2025-10-02 23:08:22",1624,1144,83608,0,,4.5,337.7,16.61,34.8,,1
"2025-10-02 23:08:23",1624,1144,83606,-36.36893,-71.512462,5.25,0.5,16.55,34.95,27.75,1
"2025-10-02 23:08:24",1624,1144,83603,0,,4.15,359.1,16.52,35.05,,1
"2025-10-02 23:08:25",1624,1144,83601,0,,4.95,355.2,16.56,35.1,,0.9
"2025-10-02 23:08:26",1624,1144,83600,-36.368818,-71.512472,4.55,359.1,16.58,35.15,,0.8
"2025-10-02 23:08:27",1624,1144,83607,0,,2.35,344.5,16.55,35.15,,0.6
"2025-10-02 23:08:28",1623,1143,83615,0,,5.4,343.7,16.5,35.15,,0.4
"2025-10-02 23:08:29",1622,1142,83624,-36.368712,-71.512488,3.95,12.9,16.51,35.25,,0.2
"2025-10-02 23:08:30",1621,1141,83629,0,,3.4,339.1,16.48,35.3,,0
"2025-10-02 23:08:31",1621,1141,83634,0,,4.7,350.2,16.47,35.3,,-0.1
"2025-10-02 23:08:32",1620,1140,83640,-36.368598,-71.512502,4.2,11.7,16.46,35.35,,-0.2
"2025-10-02 23:08:33",1621,1141,83632,0,,3.95,348.4,16.44,35.35,,-0.2
"2025-10-02 23:08:34",1622,1142,83625,0,,4.6,6.6,16.47,35.4,,-0.1
"2025-10-02 23:08:35",1623,1143,83618,-36.368485,-71.512512,3.85,355.6,16.52,35.4,,-0.1
"2025-10-02 23:08:37",1625,1145,83599,0,,4.2,350.3,16.5,35.35,,0
"2025-10-02 23:08:38",1626,1146,83590,-36.368372,-71.512535,4.4,356.6,16.49,35.35,,0.1
"2025-10-02 23:08:39",1626,1146,83588,0,,3.8,345.6,16.49,35.35,,0.2
"2025-10-02 23:08:40",1626,1146,83586,0,,4.25,334.4,16.48,35.35,,0.3
"2025-10-02 23:08:41",1626,1146,83584,-36.368283,-71.512573,2.7,343.7,16.48,35.3,,0.3
"2025-10-02 23:08:43",1627,1147,83576,0,,3.8,356,16.47,35.05,,0.4
"2025-10-02 23:08:44",1627,1147,83572,-36.368198,-71.512563,2.1,21,16.47,34.8,,0.5
"2025-10-02 23:08:45",1629,1149,83558,0,,4.05,23.9,16.61,34.6,,0.6
"2025-10-02 23:08:46",1630,1150,83545,0,,3,354.6,16.57,34.35,,0.7
"2025-10-02 23:08:47",1631,1151,83532,-36.368123,-71.512547,2.15,6,16.56,34.15,,0.7
"2025-10-02 23:08:48",1632,1152,83528,0,,3.2,32.1,16.55,34.05,,0.7
"2025-10-02 23:08:49",1632,1152,83525,0,,1.95,13.4,16.55,33.95,,0.7
"2025-10-02 23:08:50",1632,1152,83522,-36.368045,-71.512533,3.85,6,16.51,33.8,27.25,0.6
"2025-10-02 23:08:51",1633,1153,83519,0,,2.6,346.5,16.47,33.75,,0.6
"2025-10-02 23:08:52",1633,1153,83517,0,,1.9,343.1,16.43,33.8,,0.6
"2025-10-02 23:08:53",1633,1153,83516,-36.367978,-71.51254,3.3,5.1,16.42,33.95,,0.6
"2025-10-02 23:08:54",1634,1154,83509,0,,1.7,23.1,16.43,33.95,,0.6
"2025-10-02 23:08:55",1634,1154,83503,0,,4.2,20.6,16.49,33.95,,0.6
"2025-10-02 23:08:56",1635,1155,83498,-36.367905,-71.512518,2.3,357.5,16.47,33.8,,0.6
"2025-10-02 23:08:57",1636,1156,83489,0,,2.35,19.9,16.48,33.8,,0.6
"2025-10-02 23:08:58",1637,1157,83480,0,,3.25,1.5,16.47,33.85,,0.5
"2025-10-02 23:08:59",1638,1158,83472,-36.367837,-71.512513,2,2.7,16.48,33.9,,0.5
"2025-10-02 23:09:00",1639,1159,83459,0,,2.5,10.5,16.52,33.9,,0.6
"2025-10-02 23:09:01",1640,1160,83447,0,,3.25,356.8,16.48,33.95,,0.7
"2025-10-02 23:09:02",1641,1161,83436,-36.367773,-71.512505,1.45,33.1,16.51,34,,0.7
"2025-10-02 23:09:03",1642,1162,83430,0,,2.8,8.8,16.51,34,,0.8
"2025-10-02 23:09:04",1642,1162,83424,0,,2.35,29.3,16.51,33.95,,0.8
"2025-10-02 23:09:05",1643,1163,83418,-36.367713,-71.51247,2.35,52.2,16.51,33.9,,0.8
"2025-10-02 23:09:07",1648,1168,83374,0,,3.2,15.2,16.5,33.75,,1.1
"2025-10-02 23:09:08",1650,1170,83352,-36.367642,-71.512437,2.95,41.3,16.49,33.8,,1.2
"2025-10-02 23:09:09",1649,1169,83356,0,,2.75,17.3,16.47,33.85,,1.1
"2025-10-02 23:09:10",1649,1169,83361,0,,2.75,33.3,16.5,33.95,,1
"2025-10-02 23:09:11",1648,1168,83366,-36.367573,-71.512412,1.85,3.8,16.48,34.1,,0.9
"2025-10-02 23:09:12",1649,1169,83361,0,,4,4,16.41,34.25,,0.8
"2025-10-02 23:09:13",1649,1169,83357,0,,2.95,54.6,16.35,34.5,,0.8
"2025-10-02 23:09:14",1650,1170,83354,-36.367498,-71.512372,2.65,8.9,16.36,34.7,,0.7
"2025-10-02 23:09:15",1651,1171,83345,0,,3.7,17.6,16.35,34.8,,0.7
"2025-10-02 23:09:16",1652,1172,83335,0,,1.85,50.4,16.35,34.8,,0.7
"2025-10-02 23:09:17",1653,1173,83326,-36.36744,-71.512343,2.3,9.9,16.33,34.5,26.75,0.8
"2025-10-02 23:09:18",1653,1173,83322,0,,2.15,13.7,16.31,34.5,,0.8
"2025-10-02 23:09:19",1653,1173,83319,0,,2.15,38.8,16.29,34.5,,0.5
"2025-10-02 23:09:20",1654,1174,83316,-36.367373,-71.512312,3.5,16.8,16.25,34.65,,0.3
"2025-10-02 23:09:21",1655,1175,83297,0,,2.9,16.1,16.24,34.8,,0.5
"2025-10-02 23:09:22",1657,1177,83278,0,,3.55,19.9,16.22,34.9,,0.7
"2025-10-02 23:09:23",1659,1179,83260,-36.367295,-71.51229,3.2,354.2,16.22,35.05,,0.9
"2025-10-02 23:09:24",1661,1181,83243,0,,2.05,51.9,16.2,35.05,,1
"2025-10-02 23:09:25",1663,1183,83225,0,,3.6,14.9,16.19,35,,1.1
"2025-10-02 23:09:26",1665,1185,83208,-36.367223,-71.512255,3.05,9,16.18,34.95,,1.2
"2025-10-02 23:09:27",1666,1186,83199,0,,3.25,51.8,16.2,34.95,,1.2
"2025-10-02 23:09:28",1666,1186,83191,0,,2.05,33.2,16.18,34.95,,1.2
"2025-10-02 23:09:29",1667,1187,83184,-36.367165,-71.51223,2.5,353.8,16.19,34.95,,1.2
"2025-10-02 23:09:30",1670,1190,83158,0,,1.75,24.2,16.19,34.95,,1.3
"2025-10-02 23:09:31",1673,1193,83129,0,,3.4,6.4,16.2,35.05,,1.5
"2025-10-02 23:09:32",1676,1196,83100,-36.367098,-71.51222,2,11.9,16.17,35.1,,1.7
"2025-10-02 23:09:33",1677,1197,83086,0,,2.15,350.4,16.17,35.2,,1.8
"2025-10-02 23:09:34",1678,1198,83073,0,,3.25,21.7,16.14,35.25,,1.8
"2025-10-02 23:09:35",1680,1200,83060,-36.367038,-71.512203,1.65,37.9,16.12,35.3,,1.7
"2025-10-02 23:09:38",1686,1206,83002,-36.366987,-71.512182,1.25,47,16,35.65,,1.8
"2025-10-02 23:09:39",1688,1208,82982,0,,2.45,16.9,16.02,35.75,,1.8
"2025-10-02 23:09:40",1690,1210,82963,0,,2.9,28.3,16.03,35.75,,1.9
"2025-10-02 23:09:41",1692,1212,82944,-36.36692,-71.512163,2.55,7.3,15.99,35.75,,2
"2025-10-02 23:09:43",1696,1216,82902,0,,1.45,341.9,16.05,35.55,,1.9
"2025-10-02 23:09:44",1698,1218,82882,-36.36687,-71.51217,2.05,351.7,16.04,35.6,26,1.9
"2025-10-02 23:09:45",1699,1219,82870,0,,2.3,14.8,16.03,35.7,,1.9
"2025-10-02 23:09:46",1701,1221,82858,0,,2,353.5,16,35.7,,1.8
"2025-10-02 23:09:47",1702,1222,82846,-36.366822,-71.512187,2.55,326.8,15.97,35.75,,1.8
"2025-10-02 23:09:48",1704,1224,82821,0,,0.05,326.8,15.92,35.7,,1.9
"2025-10-02 23:09:49",1707,1227,82795,0,,0.05,326.8,15.9,35.7,,1.9
"2025-10-02 23:09:50",1710,1230,82770,-36.366787,-71.512187,2.2,340.2,15.88,35.65,,2
"2025-10-02 23:09:51",1711,1231,82753,0,,2.2,25.4,15.85,35.6,,2
"2025-10-02 23:09:52",1713,1233,82737,0,,1.1,3.1,15.88,35.6,,1.9
"2025-10-02 23:09:53",1715,1235,82722,-36.366743,-71.512168,1.35,22.9,15.87,35.65,,1.9
"2025-10-02 23:09:54",1717,1237,82698,0,,2.7,27.8,15.83,35.6,,1.9
"2025-10-02 23:09:55",1719,1239,82675,0,,1.1,344.4,15.79,35.6,,2
"2025-10-02 23:09:56",1722,1242,82652,-36.366713,-71.512153,0.05,344.4,15.75,35.55,,2
"2025-10-02 23:09:57",1723,1243,82641,0,,2.05,38.1,15.7,35.65,,2
"2025-10-02 23:09:58",1724,1244,82630,0,,1.05,318.9,15.65,35.7,,1.9
"2025-10-02 23:09:59",1725,1245,82620,-36.366677,-71.512143,1.4,1.3,15.72,35.85,,1.9
"2025-10-02 23:10:00",1727,1247,82603,0,,2.55,36.9,15.7,35.65,,1.9
"2025-10-02 23:10:01",1729,1249,82585,0,,1.05,14.9,15.65,35.45,,1.8
"2025-10-02 23:10:02",1730,1250,82568,-36.36663,-71.512127,1.8,23.9,15.62,35.4,,1.7
"2025-10-02 23:10:03",1732,1252,82548,0,,1.6,7,15.59,35.3,,1.7
"2025-10-02 23:10:04",1734,1254,82530,0,,1.95,29.3,15.53,35.4,,1.8
"2025-10-02 23:10:05",1736,1256,82512,-36.36658,-71.512113,2,7.3,15.59,35.45,,1.8
"2025-10-02 23:10:06",1738,1258,82494,0,,0.1,7.3,15.55,35.45,,1.8
"2025-10-02 23:10:07",1740,1260,82475,0,,3.05,14.8,15.54,35.55,,1.8
"2025-10-02 23:10:08",1742,1262,82456,-36.366537,-71.512098,0.05,14.8,15.47,35.7,,1.7
"2025-10-02 23:10:10",1745,1265,82425,0,,2.6,4,15.5,36.1,,1.7
"2025-10-02 23:10:11",1747,1267,82410,-36.366483,-71.512067,2,53.5,15.51,36.2,25.75,1.8
"2025-10-02 23:10:13",1750,1270,82379,0,,2.45,26.4,15.52,35.9,,1.8
"2025-10-02 23:10:14",1751,1271,82364,-36.366437,-71.51205,1.05,347,15.55,35.7,,1.8
"2025-10-02 23:10:16",1754,1274,82342,0,,2.45,56.2,15.51,35.2,,1.6
"2025-10-02 23:10:17",1755,1275,82332,-36.366398,-71.512023,1.1,26.5,15.49,35,,1.6
"2025-10-02 23:10:19",1757,1277,82310,0,,1.85,77.1,15.43,34.7,,1.5
"2025-10-02 23:10:20",1758,1278,82300,-36.366368,-71.512,1.3,19.5,15.41,34.65,,1.4
"2025-10-02 23:10:22",1758,1278,82301,0,,1.85,47.5,15.39,34.3,,1.1
"2025-10-02 23:10:23",1758,1278,82302,-36.366333,-71.511982,1.35,10.1,15.37,34.2,,1
"2025-10-02 23:10:25",1759,1279,82293,0,,1.9,73.6,15.32,34.4,,0.9
"2025-10-02 23:10:26",1759,1279,82290,-36.366312,-71.51196,1.5,9.4,15.29,34.55,,0.7
"2025-10-02 23:10:28",1764,1284,82239,0,,1.85,90.6,15.29,34.4,,0.9
"2025-10-02 23:10:29",1767,1287,82214,-36.366308,-71.511915,1.35,62.6,15.29,34.2,,1
"2025-10-02 23:10:31",1769,1289,82193,0,,0.1,79.8,15.26,33.05,,1
"2025-10-02 23:10:32",1770,1290,82184,-36.366297,-71.511875,0.15,79.8,15.26,31.65,,1
"2025-10-02 23:10:33",1771,1291,82172,0,,2.15,81.4,15.26,30.2,,1
"2025-10-02 23:10:34",1772,1292,82161,0,,0.05,81.4,15.26,28.75,,1.2
"2025-10-02 23:10:35",1774,1294,82150,-36.366288,-71.511822,2.4,79.8,15.29,27.25,,1.3
"2025-10-02 23:10:37",1773,1293,82152,0,,1.5,64.2,15.37,25.25,,1.1
"2025-10-02 23:10:38",1773,1293,82154,-36.366277,-71.511762,2.95,88.2,15.46,24.55,25.5,1.1
"2025-10-02 23:10:39",1775,1295,82135,0,,0.1,88.2,15.49,23.95,,1.2
"2025-10-02 23:10:40",1777,1297,82116,0,,0.15,88.2,15.5,23.5,,1.3
"2025-10-02 23:10:41",1779,1299,82098,-36.366265,-71.51171,2.4,97.3,15.51,23.2,,1.1
"2025-10-02 23:10:42",1780,1300,82088,0,,2.1,31.5,15.5,22.95,,1
"2025-10-02 23:10:43",1781,1301,82079,0,,1.6,74.9,15.49,22.8,,1
"2025-10-02 23:10:44",1782,1302,82070,-36.366248,-71.511658,1.7,93.9,15.48,22.65,,1
"2025-10-02 23:10:45",1783,1303,82062,0,,2.4,48,15.5,22.45,,1
"2025-10-02 23:10:46",1784,1304,82054,0,,1.15,94.9,15.5,22.4,,0.9
"2025-10-02 23:10:47",1784,1304,82046,-36.366232,-71.511602,2.05,67.8,15.5,22.3,,0.9
"2025-10-02 23:10:48",1785,1305,82043,0,,2.5,74.5,15.51,22.3,,0.9
"2025-10-02 23:10:49",1785,1305,82040,0,,0.05,74.5,15.5,22.2,,0.8
"2025-10-02 23:10:50",1785,1305,82038,-36.366222,-71.511543,1.85,80.9,15.5,21.95,,0.9
"2025-10-02 23:10:51",1787,1307,82019,0,,2.2,80,15.5,21.85,,1
"2025-10-02 23:10:52",1789,1309,82001,0,,1.7,40.5,15.52,21.75,,1
"2025-10-02 23:10:53",1791,1311,81984,-36.366203,-71.511488,1.7,71.2,15.54,21.55,,1
"2025-10-02 23:10:54",1790,1310,81989,0,,2,93.3,15.55,21.35,,0.9
"2025-10-02 23:10:55",1790,1310,81994,0,,2.55,47.6,15.54,21.2,,0.8
"2025-10-02 23:10:56",1789,1309,82000,-36.36619,-71.511437,1.1,93.9,15.53,21.1,,0.6
"2025-10-02 23:10:58",1794,1314,81949,0,,2.95,67.1,15.53,21,,0.9
"2025-10-02 23:10:59",1797,1317,81924,-36.36617,-71.511377,1.55,61.6,15.5,20.9,,1
"2025-10-02 23:11:00",1796,1316,81929,0,,1.15,65.8,15.47,20.75,,1
"2025-10-02 23:11:01",1796,1316,81934,0,,2.45,80,15.51,20.65,,0.9
"2025-10-02 23:11:02",1795,1315,81940,-36.36615,-71.511315,1.35,58.9,15.5,20.45,,0.8
"2025-10-02 23:11:04",1800,1320,81898,0,,2.1,81.2,15.43,20.05,,1
"2025-10-02 23:11:05",1802,1322,81878,-36.366118,-71.511247,2.25,45.7,15.46,19.85,25,1
"2025-10-02 23:11:06",1802,1322,81873,0,,2.55,64.2,15.5,19.55,,1
"2025-10-02 23:11:07",1803,1323,81869,0,,1.2,71.8,15.57,19.15,,1.1
"2025-10-02 23:11:08",1803,1323,81866,-36.366098,-71.511178,2.75,65.4,15.57,18.9,,1.2
"2025-10-02 23:11:09",1804,1324,81853,0,,2.5,79.9,15.57,18.8,,1.2
"2025-10-02 23:11:10",1806,1326,81841,0,,2.75,47.1,15.57,18.95,,0.9
"2025-10-02 23:11:11",1807,1327,81830,-36.366073,-71.51111,2.6,77.4,15.54,18.65,,0.8
"2025-10-02 23:11:13",1808,1328,81820,0,,1.75,60.1,15.53,16.8,,1
"2025-10-02 23:11:14",1808,1328,81816,-36.366052,-71.511045,3.15,71.5,15.53,16.1,,1.1
"2025-10-02 23:11:15",1810,1330,81797,0,,1.7,74,15.52,15.3,,1.1
"2025-10-02 23:11:16",1812,1332,81777,0,,2.2,53.8,15.5,14.6,,1.2
"2025-10-02 23:11:17",1814,1334,81758,-36.36603,-71.510978,2.8,86.9,15.58,13.9,,1.1
"2025-10-02 23:11:18",1816,1336,81746,0,,2.15,39,15.61,13.35,,1.1
"2025-10-02 23:11:19",1817,1337,81734,0,,3,84.2,15.62,12.85,,1.1
"2025-10-02 23:11:20",1818,1338,81722,-36.366008,-71.51091,1.4,76,15.59,12.45,,1.2
"2025-10-02 23:11:21",1818,1338,81721,0,,,,15.55,12.05,,1.2
"2025-10-02 23:11:22",1818,1338,81720,0,,,,15.52,11.75,,1.1
"2025-10-02 23:11:23",1818,1338,81720,0,,,,15.52,11.5,,1
"2025-10-02 23:11:25",1821,1341,81695,0,,1.55,82.2,15.53,11.15,,1
"2025-10-02 23:11:26",1822,1342,81684,-36.365965,-71.510773,2.15,58,15.52,11.1,,1.1
"2025-10-02 23:11:27",1823,1343,81670,0,,2.55,88.1,15.5,11.05,,1.1
"2025-10-02 23:11:28",1825,1345,81657,0,,2.5,60.5,15.5,11,,1
"2025-10-02 23:11:29",1826,1346,81644,-36.36594,-71.510707,2.6,47.6,15.5,10.95,,1
"2025-10-02 23:11:30",1828,1348,81630,0,,1.3,96.3,15.5,10.95,,1
"2025-10-02 23:11:31",1829,1349,81616,0,,3.15,46,15.49,10.85,,1
"2025-10-02 23:11:32",1830,1350,81602,-36.365905,-71.51064,2.95,57.1,15.45,10.7,24.75,1.1
"2025-10-02 23:11:33",1832,1352,81586,0,,1.35,78.3,15.48,10.6,,1.2
"2025-10-02 23:11:34",1834,1354,81572,0,,3.7,63.4,15.46,10.45,,1.3
"2025-10-02 23:11:35",1835,1355,81558,-36.365875,-71.51057,2.05,58.1,15.5,10.25,,1.4
"2025-10-02 23:11:37",1837,1357,81539,0,,3.45,78.3,15.53,9.8,,1.4
"2025-10-02 23:11:38",1838,1358,81530,-36.365847,-71.510493,2.35,55.5,15.51,9.65,,1.3
"2025-10-02 23:11:39",1839,1359,81515,0,,2.55,53,15.5,9.55,,1.3
"2025-10-02 23:11:40",1841,1361,81500,0,,2.35,81.7,15.49,9.35,,1.4
"2025-10-02 23:11:41",1843,1363,81486,-36.365812,-71.510415,3.05,46.6,15.49,9.2,,1.4
"2025-10-02 23:11:42",1844,1364,81472,0,,3.15,75.1,15.48,8.95,,1.4
"2025-10-02 23:11:43",1845,1365,81458,0,,1.7,46.9,15.48,8.8,,1.4
"2025-10-02 23:11:44",1847,1367,81444,-36.365775,-71.51034,3.5,52.1,15.46,8.65,,1.4
"2025-10-02 23:11:45",1848,1368,81433,0,,2.7,72.8,15.45,8.55,,1.3
"2025-10-02 23:11:46",1849,1369,81423,0,,2.3,28.1,15.41,8.5,,1.3
"2025-10-02 23:11:47",1850,1370,81414,-36.36574,-71.510272,3.05,67.6,15.4,8.45,,1.3
"2025-10-02 23:11:48",1851,1371,81402,0,,2.1,77.1,15.39,8.45,,1.3
"2025-10-02 23:11:49",1853,1373,81390,0,,3.55,45.1,15.35,8.45,,1.3
"2025-10-02 23:11:50",1854,1374,81378,-36.365703,-71.510202,2.2,62.7,15.31,8.4,,1.3
"2025-10-02 23:11:51",1855,1375,81366,0,,1.85,67.2,15.29,8.4,,1.3
"2025-10-02 23:11:52",1856,1376,81355,0,,3.2,70.7,15.29,8.4,,1.3
"2025-10-02 23:11:53",1857,1377,81344,-36.365672,-71.510122,2.7,66.2,15.29,8.4,,1.2
"2025-10-02 23:11:54",1859,1379,81328,0,,2.5,41.6,15.29,8.4,,1.2
"2025-10-02 23:11:55",1861,1381,81312,0,,2.6,78.9,15.29,8.45,,1.3
"2025-10-02 23:11:56",1862,1382,81296,-36.365633,-71.510047,2.8,47.8,15.26,8.45,,1.3
"2025-10-02 23:11:57",1864,1384,81280,0,,2.85,47.8,15.26,8.4,,1.3
"2025-10-02 23:11:58",1865,1385,81266,0,,1.85,65.6,15.26,8.4,,1.4
"2025-10-02 23:11:59",1867,1387,81252,-36.365595,-71.509967,2.95,62,15.26,8.35,24.5,1.4
"2025-10-02 23:12:00",1868,1388,81244,0,,3.6,59,15.26,8.35,,1.4
"2025-10-02 23:12:01",1869,1389,81236,0,,2,46.2,15.26,8.25,,1.3
"2025-10-02 23:12:02",1869,1389,81228,-36.365555,-71.50988,3.9,64.6,15.26,8.2,,1.3
"2025-10-02 23:12:03",1871,1391,81208,0,,2.55,64.9,15.26,8.05,,1.4
"2025-10-02 23:12:04",1873,1393,81189,0,,3.35,42.4,15.26,7.95,,1.4
"2025-10-02 23:12:05",1876,1396,81170,-36.365515,-71.509792,3.35,80.3,15.26,7.9,,1.5
"2025-10-02 23:12:07",1878,1398,81141,0,,3.4,57.1,15.25,7.75,,1.5
"2025-10-02 23:12:08",1880,1400,81128,-36.365478,-71.509698,3.05,81.6,15.19,7.55,,1.5
"2025-10-02 23:12:09",1881,1401,81120,0,,3.65,50.7,15.2,7.4,,1.4
"2025-10-02 23:12:10",1881,1401,81113,0,,2.65,67.8,15.17,7.35,,1.3
"2025-10-02 23:12:11",1882,1402,81106,-36.36544,-71.509605,2.65,71.8,15.15,7.2,,1.3
"2025-10-02 23:12:13",1885,1405,81078,0,,4.55,58.7,15.11,7.05,,1.3
"2025-10-02 23:12:14",1887,1407,81064,-36.3654,-71.50951,2.9,60,15.1,7,,1.4
"2025-10-02 23:12:15",1888,1408,81050,0,,4.25,70.6,15.08,6.95,,1.4
"2025-10-02 23:12:16",1889,1409,81037,0,,2.8,57.7,15.1,6.9,,1.4
"2025-10-02 23:12:17",1891,1411,81024,-36.365362,-71.509415,3.1,60.4,15.09,6.85,,1.3
"2025-10-02 23:12:18",1893,1413,80999,0,,3.8,78.4,15.07,6.7,,1.4
"2025-10-02 23:12:19",1896,1416,80974,0,,3.8,52.4,15.09,6.7,,1.5
"2025-10-02 23:12:20",1899,1419,80950,-36.365323,-71.509317,3.1,66.1,15.07,6.65,,1.5
"2025-10-02 23:12:21",1900,1420,80934,0,,2.85,80.8,15.06,6.7,,1.6
"2025-10-02 23:12:22",1902,1422,80919,0,,4.35,54.4,15.05,6.65,,1.6
"2025-10-02 23:12:23",1903,1423,80904,-36.365283,-71.509225,2.85,64.3,15.03,6.6,,1.7
"2025-10-02 23:12:24",1905,1425,80890,0,,2.35,61.5,15.02,6.6,,1.7
"2025-10-02 23:12:25",1906,1426,80877,0,,4.3,70.9,15,6.55,,1.7
"2025-10-02 23:12:26",1908,1428,80864,-36.365247,-71.509122,3.3,65.5,15.02,6.5,24.25,1.7
"2025-10-02 23:12:27",1909,1429,80847,0,,3,62.2,15.01,6.55,,1.8
"2025-10-02 23:12:28",1911,1431,80830,0,,3.9,78.9,15,6.5,,1.8
"2025-10-02 23:12:29",1913,1433,80814,-36.365207,-71.50903,3.1,45,15.01,6.5,,1.8
"2025-10-02 23:12:30",1914,1434,80800,0,,3.3,57.8,14.99,6.45,,1.7
"2025-10-02 23:12:31",1916,1436,80787,0,,3.1,85.6,14.98,6.45,,1.6
"2025-10-02 23:12:32",1917,1437,80774,-36.365177,-71.508933,3.3,62.4,14.94,6.45,,1.5
"2025-10-02 23:12:33",1918,1438,80762,0,,3.8,64.7,14.94,6.4,,1.5
"2025-10-02 23:12:34",1919,1439,80751,0,,2.3,68.1,14.94,6.4,,1.5
"2025-10-02 23:12:35",1921,1441,80740,-36.365142,-71.508833,4.4,61.8,14.92,6.4,,1.4
"2025-10-02 23:12:37",1924,1444,80706,0,,2.7,54.7,14.91,6.3,,1.5
"2025-10-02 23:12:38",1926,1446,80690,-36.365115,-71.508735,3.95,73.2,14.87,6.3,,1.5
"2025-10-02 23:12:40",1926,1446,80688,0,,3.6,46.4,14.85,6.35,,1.2
"2025-10-02 23:12:41",1926,1446,80688,-36.365082,-71.50864,3.1,86.2,14.86,6.3,,1.1
"2025-10-02 23:12:43",1930,1450,80649,0,,3.5,52.2,14.81,6.3,,1.2
"2025-10-02 23:12:44",1932,1452,80630,-36.365047,-71.508552,2.6,75.7,14.8,6.3,,1.3
"2025-10-02 23:12:46",1938,1458,80576,0,,4,67.4,14.77,6.3,,1.5
"2025-10-02 23:12:47",1940,1460,80550,-36.365008,-71.50845,2.55,51.6,14.78,6.3,,1.6
"2025-10-02 23:12:49",1943,1463,80523,0,,3.3,68.5,14.77,6.25,,1.6
"2025-10-02 23:12:50",1945,1465,80510,-36.364973,-71.50835,3,46.9,14.75,6.25,,1.6
"2025-10-02 23:12:52",1948,1468,80478,0,,3.4,56,14.74,6.25,,1.6
"2025-10-02 23:12:53",1950,1470,80462,-36.364942,-71.508252,3.2,57.8,14.71,6.25,24,1.8
"2025-10-02 23:12:55",1952,1472,80436,0,,3.1,56.1,14.65,6.25,,1.9
"2025-10-02 23:12:56",1954,1474,80424,-36.364917,-71.508157,3.3,71.2,14.63,6.2,,1.8
"2025-10-02 23:12:57",1955,1475,80411,0,,3.1,91.5,14.61,6.2,,1.8
"2025-10-02 23:12:58",1956,1476,80398,0,,3.1,91.5,14.62,6.2,,1.6
"2025-10-02 23:12:59",1958,1478,80386,-36.364885,-71.508057,3.15,59.8,14.59,6.15,,1.4
"2025-10-02 23:13:00",1958,1478,80380,0,,3.15,88.1,14.56,6.15,,1.4
"2025-10-02 23:13:01",1959,1479,80375,0,,3.7,53.4,14.55,6.15,,1.3
"2025-10-02 23:13:02",1959,1479,80370,-36.364862,-71.50796,3.1,94.6,14.54,6.15,,1.2
"2025-10-02 23:13:03",1961,1481,80354,0,,3.05,66.6,14.52,6.15,,1.3
"2025-10-02 23:13:04",1963,1483,80339,0,,3.55,50.9,14.51,6.15,,1.3
"2025-10-02 23:13:05",1964,1484,80324,-36.364833,-71.507863,3.1,93.3,14.5,6.15,,1.2
"2025-10-02 23:13:06",1966,1486,80305,0,,3.15,76.9,14.48,6.2,,1.3
"2025-10-02 23:13:07",1968,1488,80287,0,,3.6,52.9,14.48,6.2,,1.3
"2025-10-02 23:13:08",1970,1490,80270,-36.364803,-71.507765,3.05,89.8,14.48,6.15,,1.4
"2025-10-02 23:13:09",1971,1491,80255,0,,3.15,62.6,14.46,6.15,,1.4
"2025-10-02 23:13:10",1973,1493,80241,0,,3.15,65.1,14.45,6.15,,1.4
"2025-10-02 23:13:11",1974,1494,80228,-36.364768,-71.507667,3.15,84.6,14.43,6.15,,1.4
"2025-10-02 23:13:12",1977,1497,80203,0,,3.95,50,14.42,6.15,,1.6
"2025-10-02 23:13:13",1980,1500,80179,0,,2.85,89.1,14.41,6.15,,1.7
"2025-10-02 23:13:14",1982,1502,80156,-36.364738,-71.507573,2.85,72.8,14.39,6.1,,1.9
"2025-10-02 23:13:15",1983,1503,80143,0,,3.65,52.6,14.39,6.1,,1.9
"2025-10-02 23:13:16",1985,1505,80130,0,,2.8,102.5,14.37,6.1,,1.8
"2025-10-02 23:13:17",1986,1506,80118,-36.364713,-71.507478,3.3,64.8,14.33,6.1,,1.8
"2025-10-02 23:13:18",1988,1508,80100,0,,3.25,63.7,14.35,6.05,,1.8
"2025-10-02 23:13:19",1990,1510,80082,0,,2.4,101.9,14.33,6.05,,1.8
"2025-10-02 23:13:20",1992,1512,80064,-36.364688,-71.507382,4.05,60.3,14.31,6.05,23.5,1.8
"2025-10-02 23:13:21",1993,1513,80050,0,,2.8,76.4,14.29,6,,1.8
"2025-10-02 23:13:22",1995,1515,80037,0,,2.15,88,14.28,6,,1.8
"2025-10-02 23:13:23",1996,1516,80024,-36.364665,-71.507287,4.4,67.2,14.27,6,,1.8
"2025-10-02 23:13:24",1997,1517,80009,0,,2.35,71.1,14.26,6.05,,1.8
"2025-10-02 23:13:25",1999,1519,79995,0,,2.3,78.5,14.26,6,,1.7
"2025-10-02 23:13:26",2000,1520,79982,-36.364645,-71.507188,4.35,77.1,14.24,6,,1.6
"2025-10-02 23:13:27",2002,1522,79969,0,,2.6,81.1,14.26,6,,1.5
"2025-10-02 23:13:28",2003,1523,79956,0,,2.95,71.7,14.25,6,,1.5
"2025-10-02 23:13:29",2004,1524,79944,-36.364628,-71.50709,3.95,90.1,14.21,5.95,,1.5
"2025-10-02 23:13:30",2005,1525,79934,0,,3.05,53.5,14.25,5.95,,1.5
"2025-10-02 23:13:31",2006,1526,79924,0,,3.15,83.4,14.22,5.95,,1.4
"2025-10-02 23:13:32",2008,1528,79914,-36.36461,-71.506992,3.2,87.4,14.2,5.95,,1.3
"2025-10-02 23:13:33",2009,1529,79897,0,,3.7,60.8,14.19,5.95,,1.3
"2025-10-02 23:13:34",2011,1531,79880,0,,3,86.7,14.18,5.95,,1.4
"2025-10-02 23:13:35",2013,1533,79864,-36.364593,-71.506892,3,80.7,14.15,5.95,,1.4
"2025-10-02 23:13:37",2015,1535,79846,0,,1.95,90.5,14.15,5.95,,1.3
"2025-10-02 23:13:38",2016,1536,79838,-36.364585,-71.50679,3.6,86.2,14.15,5.95,,1.3
"2025-10-02 23:13:39",2017,1537,79824,0,,3.65,85.1,14.15,5.95,,1.3
"2025-10-02 23:13:40",2019,1539,79810,0,,1.6,72.5,14.14,5.95,,1.3
"2025-10-02 23:13:41",2020,1540,79796,-36.364572,-71.506693,3.65,78.3,14.15,5.95,,1.3
"2025-10-02 23:13:43",2023,1543,79769,0,,1.95,61,14.14,5.95,,1.3
"2025-10-02 23:13:44",2024,1544,79756,-36.364563,-71.50659,3.95,94,14.13,5.95,,1.4
"2025-10-02 23:13:46",2029,1549,79715,0,,3.2,59.9,14.12,5.95,,1.5
"2025-10-02 23:13:47",2031,1551,79696,-36.364555,-71.506492,2.85,98.3,14.07,5.95,23.25,1.5
"2025-10-02 23:13:48",2033,1553,79678,0,,3.05,97.2,14.04,5.95,,1.5
"2025-10-02 23:13:49",2034,1554,79661,0,,4,73.5,14.03,6,,1.5
"2025-10-02 23:13:50",2036,1556,79644,-36.364548,-71.506388,2.95,91.9,14.02,6,,1.7
"2025-10-02 23:13:51",2038,1558,79629,0,,2.4,92.2,14.01,6,,1.7
"2025-10-02 23:13:52",2039,1559,79614,0,,4.2,86.2,14.01,6,,1.7
"2025-10-02 23:13:53",2041,1561,79600,-36.36454,-71.506288,2.45,75.1,14,6,,1.7
"2025-10-02 23:13:54",2042,1562,79585,0,,2.6,90.2,14,6.05,,1.7
"2025-10-02 23:13:55",2044,1564,79570,0,,3.85,94.9,13.97,6.05,,1.8
"2025-10-02 23:13:56",2046,1566,79556,-36.364528,-71.50618,2.9,67.2,13.99,6.05,,1.8
"2025-10-02 23:13:57",2047,1567,79540,0,,3.3,81,13.96,6.05,,1.8
"2025-10-02 23:13:58",2049,1569,79525,0,,2.75,95.8,13.95,6.05,,1.7
"2025-10-02 23:13:59",2050,1570,79510,-36.36452,-71.506075,4,74,13.91,6.1,,1.6
"2025-10-02 23:14:00",2051,1571,79503,0,,2.6,95.5,13.95,6.05,,1.6
"2025-10-02 23:14:01",2052,1572,79496,0,,2.35,88.8,13.93,6.05,,1.5
"2025-10-02 23:14:02",2053,1573,79490,-36.364518,-71.505973,4.4,88.3,13.93,6.1,,1.4
"2025-10-02 23:14:03",2055,1575,79469,0,,2.15,79.2,13.95,6.1,,1.4
"2025-10-02 23:14:04",2057,1577,79448,0,,2.55,81.9,13.91,6.1,,1.5
"2025-10-02 23:14:05",2059,1579,79428,-36.36452,-71.505877,3.75,105.9,13.88,6.15,,1.5
"2025-10-02 23:14:07",2060,1580,79416,0,,2.75,86.3,13.86,6.15,,1.4
"2025-10-02 23:14:08",2061,1581,79410,-36.364518,-71.505783,2.85,112.6,13.84,6.15,,1.3
"2025-10-02 23:14:09",2064,1584,79381,0,,3.5,72.2,13.8,6.15,,1.4
"2025-10-02 23:14:10",2067,1587,79351,0,,3,99.9,13.81,6.15,,1.5
"2025-10-02 23:14:11",2070,1590,79322,-36.364522,-71.505693,2.25,111.6,13.77,6.2,,1.7
"2025-10-02 23:14:12",2071,1591,79312,0,,3.1,76.5,13.83,6.2,,1.7
"2025-10-02 23:14:13",2072,1592,79303,0,,3.25,85.9,13.78,6.2,,1.7
"2025-10-02 23:14:14",2073,1593,79294,-36.364522,-71.505607,1.75,114.3,13.74,6.2,23,1.7
"2025-10-02 23:14:15",2075,1595,79273,0,,3.3,89.1,13.84,6.2,,1.8
"2025-10-02 23:14:16",2078,1598,79252,0,,3.3,100.5,13.81,6.2,,1.8
"2025-10-02 23:14:17",2080,1600,79232,-36.364528,-71.505518,1.55,101.1,13.77,6.25,,1.8
"2025-10-02 23:14:18",2081,1601,79221,0,,2.95,87.7,13.76,6.4,,1.7
"2025-10-02 23:14:19",2082,1602,79210,0,,3.25,112.3,13.75,6.45,,1.8
"2025-10-02 23:14:20",2083,1603,79200,-36.364543,-71.505415,3.5,85,13.77,6.5,,1.9
"2025-10-02 23:14:21",2086,1606,79176,0,,3,116.1,13.78,6.6,,1.8
"2025-10-02 23:14:22",2088,1608,79152,0,,2.2,119.2,13.74,6.7,,1.8
"2025-10-02 23:14:23",2091,1611,79128,-36.364567,-71.505322,3.85,91.3,13.71,6.75,,1.7
"2025-10-02 23:14:24",2093,1613,79112,0,,3.1,114.8,13.7,6.85,,1.7
"2025-10-02 23:14:25",2094,1614,79096,0,,2.75,92.5,13.63,6.95,,1.8
"2025-10-02 23:14:26",2096,1616,79080,-36.364585,-71.505225,4.2,99,13.65,7.05,,1.8
"2025-10-02 23:14:27",2097,1617,79069,0,,1.5,125.6,13.61,7.2,,1.8
"2025-10-02 23:14:28",2098,1618,79058,0,,2.85,100.2,13.59,7.3,,1.7
"2025-10-02 23:14:29",2100,1620,79048,-36.364607,-71.50514,3.8,112.9,13.56,7.4,,1.6
"2025-10-02 23:14:30",2101,1621,79038,0,,1.7,81.2,13.57,7.55,,1.6
"2025-10-02 23:14:31",2102,1622,79028,0,,1.7,81.2,13.55,7.7,,1.6
"2025-10-02 23:14:32",2103,1623,79018,-36.364632,-71.505055,2.95,129.5,13.56,7.8,,1.6
"2025-10-02 23:14:33",2104,1624,79007,0,,3,92.3,13.55,7.9,,1.5
"2025-10-02 23:14:34",2105,1625,78997,0,,3,92.3,13.54,7.95,,1.4
"2025-10-02 23:14:35",2106,1626,78988,-36.364648,-71.504968,1.75,109,13.52,8,,1.2
"2025-10-02 23:14:37",2108,1628,78969,0,,3.05,101.9,13.47,8.15,,1.1
"2025-10-02 23:14:38",2109,1629,78960,-36.364658,-71.504873,1.8,87.6,13.46,8.2,,1.1
"2025-10-02 23:14:39",2110,1630,78948,0,,4,95.5,13.43,8.2,,1.1
"2025-10-02 23:14:40",2111,1631,78937,0,,3.7,116.6,13.42,8.2,,1.1
"2025-10-02 23:14:41",2113,1633,78926,-36.364675,-71.504782,2.2,74.8,13.4,8.15,22.5,1.1
"2025-10-02 23:14:43",2118,1638,78878,0,,2.65,110.9,13.42,8.05,,1.3
"2025-10-02 23:14:44",2120,1640,78854,-36.364693,-71.504685,3.65,85.2,13.4,8.05,,1.4
"2025-10-02 23:14:45",2122,1642,78842,0,,,,13.42,8,,1.4
"2025-10-02 23:14:46",2123,1643,78831,0,,,,13.4,8,,1.5
"2025-10-02 23:14:47",2124,1644,78820,0,,,,13.4,8,,1.5
"2025-10-02 23:14:48",2126,1646,78805,0,,2.45,128.6,13.4,8,,1.5
"2025-10-02 23:14:49",2127,1647,78790,0,,2.75,80.1,13.38,8,,1.6
"2025-10-02 23:14:50",2129,1649,78776,-36.364738,-71.504508,3.35,119.9,13.31,8,,1.6
"2025-10-02 23:14:51",2130,1650,78765,0,,3.35,122.4,13.27,8,,1.6
"2025-10-02 23:14:52",2131,1651,78754,0,,2.8,81.6,13.27,8,,1.6
"2025-10-02 23:14:53",2132,1652,78744,-36.364768,-71.504412,3.45,117.3,13.24,8.1,,1.6
"2025-10-02 23:14:54",2133,1653,78731,0,,3.65,127.6,13.25,8.15,,1.6
"2025-10-02 23:14:55",2135,1655,78719,0,,2.95,84.2,13.25,8.15,,1.4
"2025-10-02 23:14:56",2136,1656,78708,-36.364805,-71.504317,3.95,132.2,13.19,8.2,,1.3
"2025-10-02 23:14:57",2137,1657,78697,0,,2.6,116.5,13.21,8.15,,1.3
"2025-10-02 23:14:58",2138,1658,78687,0,,3.2,88.3,13.22,8.2,,1.3
"2025-10-02 23:14:59",2139,1659,78678,-36.364835,-71.504223,3.6,129.2,13.22,8.2,,1.3
"2025-10-02 23:15:00",2140,1660,78665,0,,,,13.17,8.2,,1.3
"2025-10-02 23:15:01",2142,1662,78652,0,,,,13.16,8.25,,1.3
"2025-10-02 23:15:02",2143,1663,78640,0,,,,13.15,8.25,,1.2
"2025-10-02 23:15:03",2144,1664,78633,0,,3.1,100,13.16,8.25,,1.2
"2025-10-02 23:15:04",2145,1665,78626,0,,3.4,98.7,13.16,8.25,,1.1
"2025-10-02 23:15:05",2145,1665,78620,-36.364897,-71.504043,2,130.6,13.16,8.25,,1.1
"2025-10-02 23:15:07",2147,1667,78608,0,,2.75,118.4,13.18,8.3,,1
"2025-10-02 23:15:08",2147,1667,78602,-36.364938,-71.503962,1.85,122.4,13.17,8.3,22.25,1
"2025-10-02 23:15:10",2151,1671,78568,0,,3.1,124.1,13.14,8.3,,1.1
"2025-10-02 23:15:11",2153,1673,78552,-36.36499,-71.50387,2.8,105.2,13.14,8.3,,1.1
"2025-10-02 23:15:13",2157,1677,78512,0,,3.05,115.4,13.12,8.4,,1.3
"2025-10-02 23:15:14",2159,1679,78492,-36.365035,-71.503785,3.25,109,13.13,8.45,,1.3
"2025-10-02 23:15:16",2161,1681,78473,0,,3.8,114.4,13.1,8.55,,1.4
"2025-10-02 23:15:17",2162,1682,78464,-36.36509,-71.503693,3.95,125.8,13.08,8.55,,1.4
"2025-10-02 23:15:19",2164,1684,78445,0,,4.5,113,13.03,8.6,,1.4
"2025-10-02 23:15:20",2165,1685,78436,-36.365148,-71.503598,3.65,134.5,13,8.6,,1.5
"2025-10-02 23:15:22",2167,1687,78414,0,,4.8,111.2,12.95,8.65,,1.4
"2025-10-02 23:15:23",2168,1688,78404,-36.365203,-71.503502,3.1,136.3,12.93,8.65,,1.4
"2025-10-02 23:15:25",2171,1691,78379,0,,4.55,116.5,12.92,8.7,,1.2
"2025-10-02 23:15:26",2172,1692,78368,-36.365252,-71.503413,2.1,139.9,12.89,8.7,,1.1
"2025-10-02 23:15:28",2175,1695,78342,0,,4.55,120.1,12.83,8.7,,1.2
"2025-10-02 23:15:29",2176,1696,78330,-36.365308,-71.503315,2.8,134.6,12.82,8.7,,1.2
"2025-10-02 23:15:30",2177,1697,78320,0,,3.5,129.9,12.81,8.75,,1.2
"2025-10-02 23:15:31",2179,1699,78310,0,,3.85,122.3,12.8,8.75,,1.2
"2025-10-02 23:15:32",2180,1700,78300,-36.365362,-71.503223,2.8,145,12.78,8.8,,1.2
"2025-10-02 23:15:34",2184,1704,78262,0,,3.95,134.9,12.79,8.8,,1.3
"2025-10-02 23:15:35",2186,1706,78244,-36.365423,-71.503122,3.6,137.7,12.81,8.85,22,1.4
"2025-10-02 23:15:37",2188,1708,78223,0,,4.5,139.4,12.78,8.9,,1.4
"2025-10-02 23:15:38",2189,1709,78214,-36.365478,-71.503015,3.6,121,12.82,8.9,,1.4
"2025-10-02 23:15:39",2190,1710,78199,0,,3.6,104.5,12.8,8.9,,1.4
"2025-10-02 23:15:40",2192,1712,78185,0,,5,137.2,12.76,8.9,,1.4
"2025-10-02 23:15:41",2193,1713,78172,-36.365538,-71.50291,3.2,122,12.77,8.9,,1.4
"2025-10-02 23:15:42",2195,1715,78160,0,,3.35,112.5,12.73,8.9,,1.4
"2025-10-02 23:15:43",2196,1716,78148,0,,4.75,126.3,12.74,8.95,,1.5
"2025-10-02 23:15:44",2197,1717,78136,-36.365598,-71.502813,2.95,144.2,12.74,9,,1.5
"2025-10-02 23:15:45",2199,1719,78122,0,,3.55,120.7,12.73,9,,1.5
"2025-10-02 23:15:46",2200,1720,78108,0,,3.8,118,12.77,9.05,,1.5
"2025-10-02 23:15:47",2202,1722,78094,-36.365658,-71.502717,3.25,147.9,12.73,9.05,,1.4
"2025-10-02 23:15:48",2203,1723,78080,0,,4.85,121.1,12.69,9.05,,1.3
"2025-10-02 23:15:49",2205,1725,78067,0,,4.1,112,12.69,9.05,,1.4
"2025-10-02 23:15:50",2206,1726,78054,-36.365715,-71.50261,2.8,138.9,12.67,9.05,,1.4
"2025-10-02 23:15:51",2207,1727,78043,0,,4.45,129.1,12.67,9.05,,1.4
"2025-10-02 23:15:52",2208,1728,78032,0,,4.3,116.8,12.63,9.05,,1.4
"2025-10-02 23:15:53",2210,1730,78022,-36.365782,-71.502495,3.95,140.2,12.6,9.05,,1.4
"2025-10-02 23:15:55",2211,1731,78008,0,,4.55,123.1,12.58,9.05,,1.2
"2025-10-02 23:15:56",2212,1732,78002,-36.36585,-71.502385,4.05,147.3,12.56,9.05,,1.2
"2025-10-02 23:15:57",2214,1734,77981,0,,4.45,117.7,12.57,9.05,,1.3
"2025-10-02 23:15:58",2216,1736,77960,0,,4.2,131.5,12.59,9.05,,1.3
"2025-10-02 23:15:59",2218,1738,77940,-36.365927,-71.50227,5.1,142.1,12.57,9.05,,1.4
"2025-10-02 23:16:00",2220,1740,77928,0,,3.75,110.1,12.58,9.05,,1.4
"2025-10-02 23:16:01",2221,1741,77916,0,,5.35,131,12.56,9.05,,1.4
"2025-10-02 23:16:02",2222,1742,77904,-36.366003,-71.502153,4.65,133.7,12.59,9,21.5,1.4
"2025-10-02 23:16:03",2224,1744,77892,0,,3.25,131,12.58,8.95,,1.3
"2025-10-02 23:16:04",2225,1745,77881,0,,5.8,127.3,12.6,8.95,,1.3
"2025-10-02 23:16:05",2226,1746,77870,-36.366088,-71.502035,4.7,132.4,12.62,8.9,,1.4
"2025-10-02 23:16:06",2227,1747,77857,0,,4.15,148,12.63,8.85,,1.4
"2025-10-02 23:16:07",2229,1749,77844,0,,4.95,122,12.63,8.85,,1.4
"2025-10-02 23:16:08",2230,1750,77832,-36.366175,-71.501922,4.35,135.4,12.63,8.8,,1.5
"2025-10-02 23:16:09",2230,1750,77832,0,,5.4,144.2,12.62,8.75,,1.3
"2025-10-02 23:16:10",2230,1750,77833,0,,4.55,122.6,12.6,8.7,,1.1
"2025-10-02 23:16:11",2230,1750,77834,-36.36627,-71.501808,4.55,148.5,12.58,8.65,,1
"2025-10-02 23:16:13",2232,1752,77812,0,,3.8,126.8,12.63,8.5,,0.9
"2025-10-02 23:16:14",2233,1753,77802,-36.366362,-71.501702,4.4,149.3,12.64,8.4,,0.9
"2025-10-02 23:16:15",2235,1755,77789,0,,5.85,133.8,12.71,8.35,,0.9
"2025-10-02 23:16:16",2236,1756,77777,0,,4,136.3,12.69,8.25,,0.9
"2025-10-02 23:16:17",2237,1757,77766,-36.366462,-71.50159,5.65,141.2,12.7,8.2,,0.9
"2025-10-02 23:16:18",2239,1759,77747,0,,5.1,137,12.71,8.15,,1
"2025-10-02 23:16:19",2241,1761,77728,0,,4.35,148.7,12.72,8.05,,1.1
"2025-10-02 23:16:20",2243,1763,77710,-36.366558,-71.501483,5.1,135.7,12.76,7.95,,1.1
"2025-10-02 23:16:22",2245,1765,77689,0,,5.45,145.8,12.89,7.9,,1.2
"2025-10-02 23:16:23",2246,1766,77680,-36.366658,-71.501373,4.25,134.7,12.96,7.9,,1.3
"2025-10-02 23:16:24",2248,1768,77667,0,,5.05,136.7,13.01,7.9,,1.4
"2025-10-02 23:16:25",2249,1769,77655,0,,5.65,139.1,13.02,7.9,,1.4
"2025-10-02 23:16:26",2250,1770,77644,-36.36676,-71.501267,3.95,149.4,13.06,7.9,,1.4
"2025-10-02 23:16:28",2251,1771,77634,0,,4.85,136.2,12.96,7.9,,1.3
"2025-10-02 23:16:29",2252,1772,77630,-36.366863,-71.501165,4.55,155.4,12.91,7.9,21.5,1.2
"2025-10-02 23:16:30",2254,1774,77609,0,,4.5,134.3,12.87,7.9,,1.2
"2025-10-02 23:16:31",2256,1776,77589,0,,4.6,142.3,12.85,7.9,,1.3
"2025-10-02 23:16:32",2258,1778,77570,-36.366968,-71.501067,5.7,148.8,12.88,7.9,,1.3
"2025-10-02 23:16:33",2258,1778,77570,0,,4.1,132.7,12.83,7.9,,1.2
"2025-10-02 23:16:34",2258,1778,77571,0,,4.9,147.8,12.82,7.9,,1.1
"2025-10-02 23:16:35",2258,1778,77572,-36.367077,-71.50097,5.9,141.3,12.82,7.9,,1
"2025-10-02 23:16:37",2262,1782,77532,0,,4.45,153.2,12.81,7.9,,1.1
"2025-10-02 23:16:38",2265,1785,77512,-36.367175,-71.500887,4.9,137.9,12.81,7.9,,1.2
"2025-10-02 23:16:39",2266,1786,77504,0,,4.05,143.4,12.83,7.9,,1.2
"2025-10-02 23:16:40",2266,1786,77497,0,,5.5,141.3,12.86,7.9,,1.1
"2025-10-02 23:16:41",2267,1787,77490,-36.367282,-71.500793,4.1,136.8,12.85,7.9,,1.2
"2025-10-02 23:16:42",2268,1788,77478,0,,5.55,158.8,12.87,7.9,,1.3
"2025-10-02 23:16:43",2270,1790,77467,0,,5.55,158.8,12.85,7.9,,1.2
"2025-10-02 23:16:44",2271,1791,77456,-36.367392,-71.500703,4.1,145.6,12.81,7.9,,1.1
"2025-10-02 23:16:45",2272,1792,77446,0,,6.35,148.8,12.8,7.85,,1
"2025-10-02 23:16:46",2273,1793,77437,0,,3.95,142.7,12.74,7.85,,1.1
"2025-10-02 23:16:47",2274,1794,77428,-36.3675,-71.500617,4.4,153.9,12.69,7.85,,1.2
"2025-10-02 23:16:48",2275,1795,77417,0,,5.65,138.3,12.67,7.95,,1.3
"2025-10-02 23:16:49",2276,1796,77406,0,,4.2,156.6,12.71,7.95,,1.1
"2025-10-02 23:16:50",2277,1797,77396,-36.367608,-71.50053,4.95,151.2,12.72,8,,1
"2025-10-02 23:16:51",2277,1797,77395,0,,4.55,134.7,12.71,7.95,,1
"2025-10-02 23:16:52",2277,1797,77394,0,,5.15,156.6,12.72,8,,0.9
"2025-10-02 23:16:53",2278,1798,77394,-36.36772,-71.50045,5.05,148.7,12.71,8,,0.9
"2025-10-02 23:16:54",2280,1800,77374,0,,3.65,149.4,12.72,8,,1
"2025-10-02 23:16:55",2282,1802,77355,0,,6,147.3,12.71,8,,1
"2025-10-02 23:16:56",2284,1804,77336,-36.367835,-71.500363,5,145.5,12.71,8,21.5,1.1
"2025-10-02 23:16:57",2285,1805,77321,0,,4.05,159.9,12.68,8.05,,1.1
"2025-10-02 23:16:58",2287,1807,77306,0,,5.85,138.8,12.66,8,,1.2
"2025-10-02 23:16:59",2289,1809,77292,-36.367953,-71.500278,4.85,154,12.64,7.95,,1.2
"2025-10-02 23:17:00",2289,1809,77292,0,,4.8,158.4,12.6,7.95,,1.1
"2025-10-02 23:17:01",2288,1808,77293,0,,4.65,133.1,12.58,7.95,,1
"2025-10-02 23:17:02",2288,1808,77294,-36.368067,-71.500192,5.2,152.8,12.56,7.95,,0.9
"2025-10-02 23:17:03",2291,1811,77273,0,,5.4,156.8,12.52,7.95,,1.1
"2025-10-02 23:17:04",2293,1813,77252,0,,3.75,145.7,12.56,7.95,,1.3
"2025-10-02 23:17:05",2295,1815,77232,-36.368182,-71.500107,5.75,144.2,12.54,8,,1.5
"2025-10-02 23:17:06",2296,1816,77226,0,,5.25,155.4,12.54,8.1,,1.4
"2025-10-02 23:17:07",2296,1816,77220,0,,3.25,145,12.57,8.15,,1.3
"2025-10-02 23:17:08",2297,1817,77214,-36.368295,-71.500027,6,148.7,12.57,8.25,,1.2
"2025-10-02 23:17:09",2298,1818,77210,0,,5.05,153.1,12.56,8.35,,1.1
"2025-10-02 23:17:10",2298,1818,77206,0,,3.75,158.1,12.54,8.35,,1
"2025-10-02 23:17:11",2298,1818,77202,-36.368402,-71.499948,5.55,139.8,12.54,8.4,,0.9
"2025-10-02 23:17:13",2302,1822,77166,0,,4.45,161.7,12.47,8.55,,1.1
"2025-10-02 23:17:14",2304,1824,77148,-36.368512,-71.499868,5.35,136.5,12.45,8.6,,1.2
"2025-10-02 23:17:16",2307,1827,77125,0,,4.65,164.1,12.44,8.7,,1.2
"2025-10-02 23:17:17",2308,1828,77114,-36.368618,-71.499795,4.5,140.5,12.4,8.75,,1.2
"2025-10-02 23:17:18",2309,1829,77105,0,,4.4,148.6,12.36,8.8,,1.1
"2025-10-02 23:17:19",2310,1830,77096,0,,5.25,160.3,12.3,8.85,,1.1
"2025-10-02 23:17:20",2311,1831,77088,-36.368725,-71.499722,3.75,141.9,12.33,8.9,,1.1
"2025-10-02 23:17:21",2311,1831,77086,0,,4.65,149.2,12.3,8.9,,1.1
"2025-10-02 23:17:22",2311,1831,77085,0,,4.95,155.3,12.3,8.95,,1.1
"2025-10-02 23:17:23",2311,1831,77084,-36.368832,-71.499652,3.35,151,12.3,9,21.25,1.1
"2025-10-02 23:17:24",2313,1833,77068,0,,5.55,150.6,12.29,9.05,,1.1
"2025-10-02 23:17:25",2315,1835,77053,0,,4.35,155.2,12.34,9.05,,1.2
"2025-10-02 23:17:26",2316,1836,77038,-36.368937,-71.49958,3.85,160.5,12.37,9.05,,1.1
"2025-10-02 23:17:27",2317,1837,77029,0,,5.05,137.9,12.35,9.1,,1
"2025-10-02 23:17:28",2318,1838,77020,0,,5,153.4,12.32,9.15,,1
"2025-10-02 23:17:29",2319,1839,77012,-36.369052,-71.499502,5.1,158.3,12.34,9.15,,1
"2025-10-02 23:17:30",2320,1840,77000,0,,3.8,138,12.32,9.15,,1
"2025-10-02 23:17:31",2322,1842,76989,0,,5.35,151.1,12.28,9.15,,1
"2025-10-02 23:17:32",2323,1843,76978,-36.36916,-71.499423,5.25,152.8,12.3,9.2,,1
"2025-10-02 23:17:33",2324,1844,76970,0,,3.25,148.9,12.3,9.2,,1.1
"2025-10-02 23:17:34",2324,1844,76963,0,,5.75,146.8,12.3,9.2,,1.1
"2025-10-02 23:17:35",2325,1845,76956,-36.36927,-71.499348,4.9,155,12.33,9.2,,1.2
"2025-10-02 23:17:37",2328,1848,76933,0,,5.45,146,12.3,9.2,,1.1
"2025-10-02 23:17:38",2329,1849,76922,-36.369383,-71.499273,5.2,156.2,12.29,9.2,,1.1
"2025-10-02 23:17:40",2331,1851,76902,0,,4.8,137.4,12.32,9.25,,1.1
"2025-10-02 23:17:41",2332,1852,76892,-36.369493,-71.499197,4.5,161.3,12.27,9.25,,1.1
"2025-10-02 23:17:44",2332,1852,76890,-36.3696,-71.499122,4.3,158.8,12.21,9.3,,0.8
"2025-10-02 23:17:46",2337,1857,76846,0,,4.05,154.3,12.24,9.3,,1.1
"2025-10-02 23:17:47",2339,1859,76826,-36.369715,-71.499045,4.9,159.8,12.2,9.35,,1.2
"2025-10-02 23:17:49",2340,1860,76816,0,,4.05,157.4,12.11,9.35,,1.1
"2025-10-02 23:17:50",2341,1861,76812,-36.36983,-71.498963,5.5,153.9,12.15,9.4,21,1
"2025-10-02 23:17:52",2343,1863,76789,0,,5.5,162.7,12.12,9.45,,1
"2025-10-02 23:17:53",2345,1865,76778,-36.369938,-71.498892,4,141.6,12.08,9.45,,1
"2025-10-02 23:17:55",2346,1866,76762,0,,5.65,152.5,12.11,9.45,,1
"2025-10-02 23:17:56",2347,1867,76754,-36.370045,-71.498817,3.6,147,12.12,9.5,,1
"2025-10-02 23:17:58",2348,1868,76743,0,,5.65,146.8,12.09,9.5,,1.1
"2025-10-02 23:17:59",2349,1869,76738,-36.37015,-71.498733,3.7,150.5,12.06,9.5,,0.9
"2025-10-02 23:18:00",2350,1870,76725,0,,4.25,149.5,12.05,9.55,,0.8
"2025-10-02 23:18:01",2352,1872,76713,0,,5.4,145.1,12.05,9.55,,0.9
"2025-10-02 23:18:02",2353,1873,76702,-36.37026,-71.498657,4.25,160.9,12.05,9.55,,1
"2025-10-02 23:18:03",2353,1873,76702,0,,4.25,143.3,12.05,9.55,,0.9
"2025-10-02 23:18:04",2353,1873,76702,0,,4.6,148.8,12.04,9.55,,0.9
"2025-10-02 23:18:05",2353,1873,76702,-36.370372,-71.498577,5,157.8,12,9.55,,0.7
"2025-10-02 23:18:06",2355,1875,76685,0,,5,142.2,11.97,9.55,,0.8
"2025-10-02 23:18:07",2356,1876,76669,0,,5.5,155.5,11.95,9.55,,0.8
"2025-10-02 23:18:08",2358,1878,76654,-36.370482,-71.498498,4.55,158.9,11.92,9.6,,0.9
"2025-10-02 23:18:09",2359,1879,76643,0,,4.2,127.1,11.91,9.6,,0.9
"2025-10-02 23:18:10",2360,1880,76633,0,,5.3,159.2,11.9,9.65,,1
"2025-10-02 23:18:11",2361,1881,76624,-36.370585,-71.498412,4.75,147.4,11.95,9.65,,1
"2025-10-02 23:18:12",2362,1882,76615,0,,4.15,132.7,11.94,9.65,,1
"2025-10-02 23:18:13",2363,1883,76606,0,,5.15,159.9,11.91,9.65,,1
"2025-10-02 23:18:14",2364,1884,76598,-36.370685,-71.498323,4.8,139,11.91,9.65,,1
"2025-10-02 23:18:16",2364,1884,76598,0,,5.85,146.8,11.85,9.65,,0.9
"2025-10-02 23:18:17",2364,1884,76598,-36.37079,-71.498235,4.55,147.9,11.84,9.65,20.75,0.9
"2025-10-02 23:18:18",2366,1886,76581,0,,3.7,144.8,11.83,9.65,,1
"2025-10-02 23:18:19",2368,1888,76563,0,,5.35,133.4,11.85,9.65,,1
"2025-10-02 23:18:20",2370,1890,76546,-36.370887,-71.498133,4.5,151.7,11.89,9.65,,1
"2025-10-02 23:18:21",2369,1889,76552,0,,5.4,136.1,11.89,9.65,,0.9
"2025-10-02 23:18:22",2369,1889,76558,0,,4.25,143.2,11.89,9.6,,0.7
"2025-10-02 23:18:23",2368,1888,76564,-36.370987,-71.498037,4.25,149.3,11.9,9.6,,0.6
"2025-10-02 23:18:24",2369,1889,76553,0,,5.7,131.9,11.89,9.55,,0.6
"2025-10-02 23:18:25",2370,1890,76542,0,,5,135.4,11.9,9.55,,0.6
"2025-10-02 23:18:26",2372,1892,76532,-36.371087,-71.497928,4.4,153.8,11.9,9.5,,0.6
"2025-10-02 23:18:27",2373,1893,76522,0,,5.4,130.5,11.89,9.45,,0.6
"2025-10-02 23:18:28",2374,1894,76512,0,,5.3,150.2,11.91,9.45,,0.7
"2025-10-02 23:18:29",2375,1895,76502,-36.371188,-71.497818,4.7,142.3,11.9,9.4,,0.8
"2025-10-02 23:18:30",2377,1897,76485,0,,5.05,123.6,11.91,9.35,,0.9
"2025-10-02 23:18:31",2378,1898,76469,0,,5.2,153.1,11.9,9.3,,0.9
"2025-10-02 23:18:32",2380,1900,76454,-36.371283,-71.49771,4.8,135.6,11.9,9.25,,0.8
"2025-10-02 23:18:33",2381,1901,76447,0,,4.6,125.8,11.91,9.25,,0.8
"2025-10-02 23:18:34",2382,1902,76439,0,,5.8,149.3,11.92,9.25,,1
"2025-10-02 23:18:35",2382,1902,76432,-36.371382,-71.497602,4.45,137.6,11.92,9.2,,1.1
"2025-10-02 23:18:38",2384,1904,76416,-36.371477,-71.497493,4,144.5,11.95,9.1,,1.1
"2025-10-02 23:18:39",2385,1905,76406,0,,4.75,133.3,11.94,9.1,,1.1
"2025-10-02 23:18:40",2386,1906,76397,0,,5.75,132.9,11.97,9.1,,1
"2025-10-02 23:18:41",2387,1907,76388,-36.371573,-71.497385,4.05,153.4,11.96,9.05,,1
"2025-10-02 23:18:43",2389,1909,76369,0,,5.25,127.7,11.93,9.05,,1
"2025-10-02 23:18:44",2390,1910,76360,-36.371672,-71.497272,4.7,153.5,11.91,9,20.5,0.9
"2025-10-02 23:18:45",2392,1912,76349,0,,5.15,132.1,11.91,9,,0.9
"2025-10-02 23:18:46",2393,1913,76339,0,,4.6,134.3,11.92,8.95,,0.9
"2025-10-02 23:18:47",2394,1914,76330,-36.371765,-71.497163,4.95,147.1,11.91,8.95,,0.9
"2025-10-02 23:18:48",2394,1914,76329,0,,4.9,130.9,11.92,8.95,,0.9
"2025-10-02 23:18:49",2394,1914,76328,0,,4.1,133.8,11.9,8.9,,0.8
"2025-10-02 23:18:50",2394,1914,76328,-36.37186,-71.497062,5.6,149.4,11.88,8.85,,0.8
"2025-10-02 23:18:51",2395,1915,76313,0,,3.9,132.3,11.85,8.9,,0.9
"2025-10-02 23:18:52",2397,1917,76298,0,,5.1,133.5,11.89,8.85,,0.9
"2025-10-02 23:18:53",2399,1919,76284,-36.37195,-71.496943,5.75,136.7,11.93,8.85,,1
"2025-10-02 23:18:54",2400,1920,76273,0,,3.65,132.8,12,8.8,,1
"2025-10-02 23:18:55",2401,1921,76263,0,,5.6,130,12.04,8.8,,1
"2025-10-02 23:18:56",2402,1922,76254,-36.372043,-71.496823,5.25,133.9,12,8.75,,1
"2025-10-02 23:18:57",2402,1922,76256,0,,3.9,145.6,12.04,8.7,,0.9
"2025-10-02 23:18:58",2402,1922,76258,0,,5.6,123.4,12.03,8.7,,0.8
"2025-10-02 23:18:59",2401,1921,76260,-36.372132,-71.496702,5,131.3,11.99,8.7,,0.6
"2025-10-02 23:19:00",2403,1923,76242,0,,5.05,146.3,11.99,8.7,,0.7
"2025-10-02 23:19:01",2405,1925,76225,0,,4.8,119.3,11.98,8.7,,0.9
"2025-10-02 23:19:02",2407,1927,76208,-36.372225,-71.496573,5.45,134,11.97,8.7,,1
"2025-10-02 23:19:03",2408,1928,76203,0,,5.65,139.6,12.03,8.7,,1
"2025-10-02 23:19:04",2408,1928,76199,0,,4.15,123.7,12.03,8.7,,0.9
"2025-10-02 23:19:05",2408,1928,76196,-36.372313,-71.49645,4.8,129.7,11.98,8.7,,0.8
"2025-10-02 23:19:06",2410,1930,76181,0,,6.05,136.8,11.96,8.75,,0.9
"2025-10-02 23:19:07",2412,1932,76165,0,,3.5,131.2,11.93,8.75,,0.9
"2025-10-02 23:19:08",2414,1934,76150,-36.37241,-71.49633,6,134.8,11.95,8.75,,1
"2025-10-02 23:19:09",2414,1934,76144,0,,4.75,134.2,11.99,8.75,,0.9
"2025-10-02 23:19:10",2415,1935,76139,0,,3.6,133.2,12,8.75,,1
"2025-10-02 23:19:11",2415,1935,76134,-36.372493,-71.496215,5.9,129.1,11.96,8.75,20.5,1.1
"2025-10-02 23:19:12",2416,1936,76127,0,,4.25,134.2,11.94,8.75,,1.1
"2025-10-02 23:19:13",2417,1937,76121,0,,3.85,136.8,11.92,8.8,,0.9
"2025-10-02 23:19:14",2417,1937,76116,-36.372583,-71.496102,6,134,11.97,8.8,,0.8
"2025-10-02 23:19:15",2418,1938,76106,0,,4.5,127.8,11.94,8.8,,0.9
"2025-10-02 23:19:16",2419,1939,76097,0,,4,135.8,11.97,8.8,,0.9
"2025-10-02 23:19:17",2420,1940,76088,-36.37267,-71.495983,5.9,128.9,11.95,8.75,,1
"2025-10-02 23:19:18",2421,1941,76081,0,,4.5,133.9,11.92,8.75,,0.9
"2025-10-02 23:19:19",2422,1942,76074,0,,5.1,130.8,11.95,8.75,,0.8
"2025-10-02 23:19:20",2423,1943,76068,-36.372757,-71.495857,5.65,124.3,11.96,8.75,,0.8
"2025-10-02 23:19:21",2423,1943,76059,0,,4,137.1,11.94,8.75,,0.8
"2025-10-02 23:19:22",2424,1944,76051,0,,5.2,142.5,11.92,8.7,,0.8
"2025-10-02 23:19:23",2425,1945,76044,-36.372852,-71.49574,5.65,123.3,11.89,8.7,,0.8
"2025-10-02 23:19:24",2426,1946,76033,0,,4.65,141.9,11.88,8.7,,0.9
"2025-10-02 23:19:25",2428,1948,76022,0,,5.1,134.1,11.92,8.7,,0.9
"2025-10-02 23:19:26",2429,1949,76012,-36.37294,-71.495618,4.5,118.9,11.96,8.7,,0.9
"2025-10-02 23:19:27",2431,1951,75992,0,,5.45,139.1,11.96,8.7,,1.1
"2025-10-02 23:19:28",2433,1953,75972,0,,5,132.5,11.93,8.7,,1.1
"2025-10-02 23:19:29",2435,1955,75952,-36.37303,-71.495502,3.8,131.7,11.9,8.7,,1.2
"2025-10-02 23:19:31",2437,1957,75935,0,,4.7,135.6,11.86,8.65,,1.3
"2025-10-02 23:19:32",2438,1958,75928,-36.373118,-71.495383,4.35,140.9,11.85,8.65,,1.3
"2025-10-02 23:19:33",2439,1959,75917,0,,5.3,120.4,11.83,8.65,,1.3
"2025-10-02 23:19:34",2440,1960,75907,0,,5.1,141.9,11.8,8.65,,1.3
"2025-10-02 23:19:35",2441,1961,75898,-36.373205,-71.49526,5.25,132.2,11.78,8.65,,1.3
"2025-10-02 23:19:37",2443,1963,75880,0,,5.85,138.8,11.75,8.65,,1.3
"2025-10-02 23:19:38",2444,1964,75872,-36.373293,-71.495143,4.85,129.5,11.75,8.65,20.25,1.3
"2025-10-02 23:19:39",2446,1966,75860,0,,3.75,134.8,11.74,8.65,,1.3
"2025-10-02 23:19:40",2447,1967,75848,0,,6,127.6,11.8,8.65,,1.2
"2025-10-02 23:19:41",2448,1968,75836,-36.373385,-71.495023,4.7,133.3,11.79,8.65,,1.2
"2025-10-02 23:19:43",2450,1970,75816,0,,5.15,120.7,11.77,8.65,,1.1
"2025-10-02 23:19:44",2452,1972,75806,-36.373473,-71.4949,4.8,132.8,11.75,8.65,,1.1
"2025-10-02 23:19:45",2451,1971,75806,0,,5.65,140.3,11.73,8.65,,1
"2025-10-02 23:19:46",2451,1971,75807,0,,4.2,118.9,11.74,8.65,,0.9
"2025-10-02 23:19:47",2451,1971,75808,-36.373563,-71.494778,4.85,135.4,11.69,8.65,,0.8
"2025-10-02 23:19:48",2454,1974,75787,0,,6.05,135.7,11.68,8.6,,0.9
"2025-10-02 23:19:49",2456,1976,75766,0,,4.1,140.3,11.69,8.65,,1
"2025-10-02 23:19:50",2458,1978,75746,-36.37365,-71.494655,5.05,119.6,11.69,8.7,,1.2
"2025-10-02 23:19:51",2459,1979,75740,0,,5.7,132.4,11.67,8.7,,1.1
"2025-10-02 23:19:52",2459,1979,75734,0,,4.4,147,11.65,8.75,,1.1
"2025-10-02 23:19:53",2460,1980,75728,-36.373743,-71.494533,5.55,125.2,11.64,8.75,,1
"2025-10-02 23:19:54",2461,1981,75717,0,,5.1,133.7,11.63,8.75,,1
"2025-10-02 23:19:55",2462,1982,75706,0,,4.95,145,11.61,8.75,,1
"2025-10-02 23:19:56",2464,1984,75696,-36.373833,-71.49441,5.1,117.5,11.62,8.8,,1
"2025-10-02 23:19:57",2465,1985,75682,0,,,,11.58,8.8,,1
"2025-10-02 23:19:58",2467,1987,75669,0,,,,11.54,8.85,,1.2
"2025-10-02 23:19:59",2468,1988,75656,0,,,,11.56,8.85,,1.3
"2025-10-02 23:20:00",2468,1988,75653,0,,5.2,132.8,11.52,8.9,,1.3
"2025-10-02 23:20:01",2468,1988,75651,0,,5.2,132.8,11.52,8.9,,1.1
"2025-10-02 23:20:02",2469,1989,75650,-36.37402,-71.494163,4,130.3,11.51,8.95,,1
"2025-10-02 23:20:03",2470,1990,75637,0,,6,125.8,11.52,8.95,,0.9
"2025-10-02 23:20:04",2471,1991,75624,0,,4.7,136,11.51,8.95,,1
"2025-10-02 23:20:05",2473,1993,75612,-36.374112,-71.494037,4.05,133.9,11.51,9,20,1.1
"2025-10-02 23:20:06",2474,1994,75599,0,,6.65,128.9,11.51,9,,1.1
"2025-10-02 23:20:07",2476,1996,75586,0,,4.15,130.6,11.51,9,,1.1
"2025-10-02 23:20:08",2477,1997,75574,-36.3742,-71.493908,4.3,132.5,11.48,9.05,,1.1
"2025-10-02 23:20:10",2480,2000,75543,0,,5.25,137.6,11.5,9,,1.2
"2025-10-02 23:20:11",2482,2002,75528,-36.3743,-71.49377,5.1,130.5,11.49,9.05,,1.2
"2025-10-02 23:20:13",2485,2005,75505,0,,4.5,147.8,11.43,9.1,,1.3
"2025-10-02 23:20:14",2486,2006,75494,-36.374393,-71.493645,5.3,127.1,11.38,9.1,,1.3
"2025-10-02 23:20:16",2488,2008,75474,0,,5.4,148.3,11.4,9.1,,1.4
"2025-10-02 23:20:17",2489,2009,75464,-36.374488,-71.49353,4.3,129.5,11.34,9.15,,1.4
"2025-10-02 23:20:19",2493,2013,75429,0,,6.45,137.7,11.29,9.15,,1.5
"2025-10-02 23:20:20",2495,2015,75412,-36.37458,-71.493395,4.55,122.1,11.3,9.2,,1.5
"2025-10-02 23:20:22",2496,2016,75405,0,,6.35,132.9,11.28,9.25,,1.3
"2025-10-02 23:20:23",2496,2016,75402,-36.374675,-71.493263,4.4,128.8,11.26,9.25,,1.2
"2025-10-02 23:20:26",2503,2023,75340,-36.374768,-71.49313,4.55,134.9,11.22,9.3,,1.4
"2025-10-02 23:20:28",2506,2026,75309,0,,5.6,125.2,11.22,9.3,,1.5
"2025-10-02 23:20:29",2508,2028,75294,-36.374862,-71.493003,5.25,145.1,11.25,9.3,,1.6
"2025-10-02 23:20:31",2511,2031,75266,0,,5.25,125.6,11.19,9.3,,1.6
"2025-10-02 23:20:32",2513,2033,75252,-36.374958,-71.492868,6.4,136.2,11.17,9.3,19.75,1.5
"2025-10-02 23:20:33",2514,2034,75238,0,,4.9,138.4,11.18,9.35,,1.5
"2025-10-02 23:20:34",2516,2036,75225,0,,4.8,126.4,11.17,9.4,,1.7
"2025-10-02 23:20:35",2517,2037,75212,-36.375052,-71.492738,6.2,129.6,11.16,9.4,,1.8
"2025-10-02 23:20:37",2520,2040,75188,0,,5.4,128,11.11,9.4,,1.7
"2025-10-02 23:20:38",2521,2041,75176,-36.375145,-71.492607,5.8,123,11.12,9.4,,1.7
"2025-10-02 23:20:39",2522,2042,75170,0,,5.3,148.1,11.11,9.45,,1.5
"2025-10-02 23:20:40",2522,2042,75165,0,,5.1,124.4,11.05,9.45,,1.4
"2025-10-02 23:20:41",2523,2043,75160,-36.375243,-71.492473,5.5,127,11.04,9.5,,1.3
"2025-10-02 23:20:42",2524,2044,75148,0,,6.2,141.4,11.02,9.55,,1.2
"2025-10-02 23:20:43",2526,2046,75137,0,,4.3,129.4,11.03,9.55,,1.2
"2025-10-02 23:20:44",2527,2047,75126,-36.375338,-71.492348,4.9,131.3,11.02,9.6,,1.2
"2025-10-02 23:20:45",2529,2049,75105,0,,6.45,131.8,11,9.6,,1.3
"2025-10-02 23:20:46",2531,2051,75084,0,,4.95,143.6,10.99,9.65,,1.3
"2025-10-02 23:20:47",2534,2054,75064,-36.37544,-71.492225,4.95,142.3,10.95,9.65,,1.4
"2025-10-02 23:20:48",2535,2055,75049,0,,5.95,121,10.92,9.65,,1.4
"2025-10-02 23:20:49",2537,2057,75034,0,,4.95,142,10.9,9.65,,1.4
"2025-10-02 23:20:50",2539,2059,75020,-36.375545,-71.4921,5.95,146.3,10.91,9.65,,1.4
"2025-10-02 23:20:51",2540,2060,75009,0,,5.15,119.8,10.89,9.7,,1.5
"2025-10-02 23:20:52",2541,2061,74998,0,,5.7,147.7,10.87,9.7,,1.5
"2025-10-02 23:20:53",2542,2062,74988,-36.375647,-71.491975,5.8,134.4,10.87,9.7,,1.6
"2025-10-02 23:20:54",2543,2063,74976,0,,4.65,127.6,10.85,9.75,,1.6
"2025-10-02 23:20:55",2545,2065,74965,0,,6.6,140.3,10.82,9.75,,1.6
"2025-10-02 23:20:56",2546,2066,74954,-36.37575,-71.491843,5.3,131.1,10.84,9.8,,1.6
"2025-10-02 23:20:57",2547,2067,74944,0,,4.6,137.5,10.87,9.85,,1.6
"2025-10-02 23:20:58",2548,2068,74935,0,,6.5,129,10.82,9.85,,1.5
"2025-10-02 23:20:59",2549,2069,74926,-36.375853,-71.491703,5.6,127.7,10.79,9.85,19.5,1.4
"2025-10-02 23:21:00",2552,2072,74902,0,,5.05,148.6,10.77,9.85,,1.4
"2025-10-02 23:21:01",2554,2074,74879,0,,5.65,126.8,10.76,9.85,,1.4
"2025-10-02 23:21:02",2557,2077,74856,-36.375962,-71.491577,5.55,137.4,10.75,9.9,,1.5
"2025-10-02 23:21:03",2558,2078,74842,0,,5.75,144.8,10.76,9.95,,1.5
"2025-10-02 23:21:04",2560,2080,74829,0,,4.95,120.2,10.73,9.95,,1.5
"2025-10-02 23:21:05",2561,2081,74816,-36.376065,-71.49144,6.2,138.4,10.73,10,,1.6
"2025-10-02 23:21:07",2563,2083,74805,0,,4.35,126.9,10.73,9.95,,1.5
"2025-10-02 23:21:08",2563,2083,74800,-36.376168,-71.4913,6.4,133.4,10.72,10,,1.4
"2025-10-02 23:21:09",2566,2086,74778,0,,6.2,135.5,10.71,10,,1.5
"2025-10-02 23:21:10",2568,2088,74758,0,,5.4,145.4,10.75,10,,1.6
"2025-10-02 23:21:11",2570,2090,74738,-36.37628,-71.491178,5.85,137.5,10.79,10,,1.7
"2025-10-02 23:21:13",2574,2094,74702,0,,5.75,134.4,10.88,10,,1.7
"2025-10-02 23:21:14",2576,2096,74684,-36.37639,-71.491043,6.5,133.1,10.84,10,,1.7
"2025-10-02 23:21:15",2576,2096,74682,0,,5,145.2,10.78,10,,1.5
"2025-10-02 23:21:16",2577,2097,74680,0,,5.8,133.6,10.74,10,,1.4
"2025-10-02 23:21:17",2577,2097,74678,-36.376495,-71.49092,5.55,129.6,10.76,10,,1.3
"2025-10-02 23:21:18",2580,2100,74651,0,,4.7,150.4,10.67,10.05,,1.4
"2025-10-02 23:21:19",2583,2103,74626,0,,6.3,138.9,10.65,10.05,,1.7
"2025-10-02 23:21:20",2585,2105,74602,-36.376605,-71.490803,5.05,129.4,10.6,10,,1.8
"2025-10-02 23:21:21",2587,2107,74590,0,,5.05,150.2,10.58,10,,1.8
"2025-10-02 23:21:22",2588,2108,74579,0,,5.6,126.4,10.58,10,,1.7
"2025-10-02 23:21:23",2589,2109,74568,-36.376712,-71.490677,5,136.1,10.58,9.95,,1.6
"2025-10-02 23:21:24",2591,2111,74548,0,,6.5,144,10.58,9.95,,1.6
"2025-10-02 23:21:25",2593,2113,74530,0,,4.8,125,10.56,9.95,,1.6
"2025-10-02 23:21:26",2595,2115,74512,-36.376818,-71.490545,5.45,138.8,10.57,9.95,19.25,1.6
"2025-10-02 23:21:27",2597,2117,74499,0,,6.5,134.1,10.55,9.9,,1.6
"2025-10-02 23:21:28",2598,2118,74486,0,,4.35,141,10.5,9.9,,1.7
"2025-10-02 23:21:29",2600,2120,74474,-36.376925,-71.49042,5.75,137.7,10.46,9.9,,1.8
"2025-10-02 23:21:30",2601,2121,74461,0,,6.15,130.2,10.44,9.85,,1.9
"2025-10-02 23:21:31",2602,2122,74449,0,,5.1,138.7,10.41,9.85,,1.7
"2025-10-02 23:21:32",2604,2124,74438,-36.377027,-71.490298,5.2,142.6,10.36,9.85,,1.6
"2025-10-02 23:21:33",2605,2125,74424,0,,5.65,122.8,10.38,9.85,,1.5
"2025-10-02 23:21:34",2607,2127,74411,0,,6.2,145.1,10.36,9.85,,1.6
"2025-10-02 23:21:35",2608,2128,74398,-36.377128,-71.490167,5.1,128.4,10.34,9.85,,1.6
"2025-10-02 23:21:37",2611,2131,74368,0,,6.6,141.4,10.34,9.85,,1.6
"2025-10-02 23:21:38",2613,2133,74354,-36.377233,-71.490037,5.15,131.9,10.31,9.85,,1.5
"2025-10-02 23:21:39",2615,2135,74340,0,,4.7,126.9,10.28,9.85,,1.5
"2025-10-02 23:21:40",2616,2136,74327,0,,6.55,134.8,10.26,9.85,,1.5
"2025-10-02 23:21:41",2618,2138,74314,-36.377337,-71.489908,5.1,135.4,10.29,9.85,,1.5
"2025-10-02 23:21:42",2619,2139,74300,0,,4.85,141.6,10.3,9.85,,1.5
"2025-10-02 23:21:43",2621,2141,74287,0,,6.15,129.3,10.28,9.85,,1.5
"2025-10-02 23:21:44",2622,2142,74274,-36.377443,-71.489777,5.5,143.2,10.27,9.85,,1.5
"2025-10-02 23:21:45",2624,2144,74257,0,,5.45,128.8,10.26,9.85,,1.6
"2025-10-02 23:21:46",2626,2146,74240,0,,4.95,128.6,10.21,9.85,,1.6
"2025-10-02 23:21:47",2628,2148,74224,-36.377548,-71.489645,6.5,138.9,10.23,9.85,,1.6
"2025-10-02 23:21:48",2629,2149,74209,0,,4.8,137.1,10.18,9.85,,1.6
"2025-10-02 23:21:49",2631,2151,74194,0,,4.8,137.1,10.14,9.85,,1.6
"2025-10-02 23:21:50",2633,2153,74180,-36.377648,-71.489522,6.25,133.3,10.11,9.85,,1.6
"2025-10-02 23:21:51",2634,2154,74172,0,,4.75,133.8,10.14,9.85,,1.6
"2025-10-02 23:21:52",2634,2154,74164,0,,5.4,128.1,10.12,9.85,,1.5
"2025-10-02 23:21:53",2635,2155,74156,-36.377748,-71.489388,5.8,127.4,10.14,9.85,19,1.5
"2025-10-02 23:21:54",2636,2156,74146,0,,5.2,148.2,10.13,9.85,,1.4
"2025-10-02 23:21:55",2637,2157,74137,0,,5.6,136.3,10.06,9.85,,1.4
"2025-10-02 23:21:56",2639,2159,74128,-36.377852,-71.489268,4.85,125.7,10.04,9.85,,1.4
"2025-10-02 23:21:57",2641,2161,74103,0,,5.85,146.5,9.98,9.85,,1.4
"2025-10-02 23:21:58",2644,2164,74077,0,,6.15,122.3,9.96,9.85,,1.5
"2025-10-02 23:21:59",2647,2167,74052,-36.37795,-71.48913,4.85,125.1,10,9.9,,1.6
"2025-10-02 23:22:00",2649,2169,74034,0,,6.05,142.5,10,9.9,,1.6
"2025-10-02 23:22:01",2651,2171,74017,0,,4.75,120.5,9.99,9.9,,1.7
"2025-10-02 23:22:02",2653,2173,74000,-36.378052,-71.488997,5,137.4,9.98,9.9,,1.7
"2025-10-02 23:22:03",2654,2174,73986,0,,7.15,132.5,9.97,9.9,,1.7
"2025-10-02 23:22:04",2656,2176,73972,0,,4.25,141.2,9.96,9.9,,1.7
"2025-10-02 23:22:05",2658,2178,73958,-36.378152,-71.48887,5.6,133.3,9.92,9.9,,1.8
"2025-10-02 23:22:06",2659,2179,73944,0,,5.6,123.4,9.89,9.85,,1.8
"2025-10-02 23:22:07",2661,2181,73931,0,,5.2,146.5,9.86,9.9,,1.9
"2025-10-02 23:22:08",2662,2182,73918,-36.378255,-71.488737,6.15,132.7,9.82,9.9,,1.9
"2025-10-02 23:22:09",2664,2184,73901,0,,5.3,121.3,9.83,9.9,,2
"2025-10-02 23:22:10",2666,2186,73885,0,,5.7,139.2,9.81,9.9,,1.9
"2025-10-02 23:22:11",2668,2188,73870,-36.378348,-71.488603,5.4,128.4,9.79,9.9,,1.8
"2025-10-02 23:22:13",2671,2191,73843,0,,6.75,138.4,9.75,9.95,,1.6
"2025-10-02 23:22:14",2672,2192,73830,-36.378458,-71.488477,5.4,137.8,9.76,9.95,,1.6
"2025-10-02 23:22:15",2674,2194,73812,0,,4.65,133.6,9.75,9.95,,1.6
"2025-10-02 23:22:16",2676,2196,73795,0,,6.95,128.4,9.72,9.95,,1.7
"2025-10-02 23:22:17",2678,2198,73778,-36.378562,-71.488345,4.7,133,9.69,9.95,,1.7
"2025-10-02 23:22:18",2679,2199,73764,0,,5.15,144.4,9.64,9.9,,1.7
"2025-10-02 23:22:19",2681,2201,73751,0,,5.75,129.5,9.64,9.95,,1.7
"2025-10-02 23:22:20",2682,2202,73738,-36.378665,-71.488212,5.35,126.2,9.62,9.95,18.75,1.7
"2025-10-02 23:22:21",2683,2203,73735,0,,5.95,143.4,9.62,9.95,,1.6
"2025-10-02 23:22:22",2683,2203,73732,0,,5.35,129.3,9.62,9.95,,1.5
"2025-10-02 23:22:23",2683,2203,73730,-36.378767,-71.488083,4.75,132.9,9.62,9.95,,1.4
"2025-10-02 23:22:24",2685,2205,73711,0,,6.35,136.5,9.61,9.95,,1.4
"2025-10-02 23:22:25",2687,2207,73693,0,,4.6,122.2,9.61,9.95,,1.4
"2025-10-02 23:22:26",2689,2209,73676,-36.378863,-71.487948,5.25,137.8,9.61,9.95,,1.5
"2025-10-02 23:22:27",2692,2212,73653,0,,6.35,126.9,9.57,9.95,,1.5
"2025-10-02 23:22:28",2695,2215,73630,0,,4.8,137.8,9.56,9.95,,1.6
"2025-10-02 23:22:29",2697,2217,73608,-36.37896,-71.487812,5.85,131.1,9.54,9.95,,1.6
"2025-10-02 23:22:30",2699,2219,73593,0,,5.15,121.5,9.54,9.95,,1.6
"2025-10-02 23:22:31",2701,2221,73577,0,,6.35,140.4,9.52,9.95,,1.6
"2025-10-02 23:22:32",2702,2222,73562,-36.379055,-71.487678,5.2,127,9.49,9.95,,1.7
"2025-10-02 23:22:33",2704,2224,73547,0,,4.45,126.1,9.49,9.95,,1.8
"2025-10-02 23:22:34",2706,2226,73532,0,,6.7,131.1,9.46,9.95,,1.9
"2025-10-02 23:22:35",2707,2227,73518,-36.379152,-71.487537,5.3,127.4,9.46,9.95,,2
"2025-10-02 23:22:37",2711,2231,73485,0,,6.1,129.2,9.41,9.95,,2
"2025-10-02 23:22:38",2713,2233,73470,-36.379247,-71.487398,5.3,124.8,9.4,9.9,,1.9
"2025-10-02 23:22:40",2715,2235,73449,0,,5.65,128.8,9.38,9.9,,1.7
"2025-10-02 23:22:41",2716,2236,73440,-36.379337,-71.487262,4.55,122,9.37,9.9,,1.6
"2025-10-02 23:22:43",2718,2238,73424,0,,5.4,124.7,9.36,9.85,,1.4
"2025-10-02 23:22:44",2719,2239,73416,-36.379423,-71.487122,4.45,130.9,9.33,9.8,,1.4
"2025-10-02 23:22:46",2723,2243,73375,0,,5.05,130,9.3,9.75,,1.5
"2025-10-02 23:22:47",2726,2246,73356,-36.379507,-71.486975,5.35,127.1,9.28,9.75,18.5,1.5
"2025-10-02 23:22:49",2730,2250,73316,0,,5.8,137.2,9.26,9.8,,1.6
"2025-10-02 23:22:50",2732,2252,73296,-36.379593,-71.48683,5.25,122.4,9.26,9.75,,1.7
"2025-10-02 23:22:52",2736,2256,73266,0,,6.75,129.3,9.25,9.75,,1.6
"2025-10-02 23:22:53",2737,2257,73252,-36.379682,-71.486683,4.9,126.7,9.26,9.75,,1.7
"2025-10-02 23:22:55",2741,2261,73220,0,,6.35,116.3,9.21,9.65,,1.8
"2025-10-02 23:22:56",2743,2263,73204,-36.379762,-71.486523,4.9,123.2,9.25,9.65,,1.9
"2025-10-02 23:22:58",2744,2264,73192,0,,6.05,117,9.17,9.65,,1.8
"2025-10-02 23:22:59",2745,2265,73186,-36.379852,-71.486365,4.9,131.7,9.15,9.65,,1.7
"2025-10-02 23:23:00",2747,2267,73166,0,,6.7,123.1,9.12,9.65,,1.7
"2025-10-02 23:23:01",2749,2269,73148,0,,6.45,118.7,9.13,9.65,,1.6
"2025-10-02 23:23:02",2751,2271,73130,-36.379935,-71.486197,5,130.8,9.11,9.65,,1.6
"2025-10-02 23:23:03",2753,2273,73117,0,,6.45,117.1,9.08,9.65,,1.6
"2025-10-02 23:23:04",2754,2274,73105,0,,5.35,111.4,9.07,9.65,,1.5
"2025-10-02 23:23:05",2755,2275,73094,-36.380017,-71.486033,5.85,129.4,9.05,9.65,,1.5
"2025-10-02 23:23:07",2760,2280,73057,0,,6,119.6,9.03,9.65,,1.6
"2025-10-02 23:23:08",2762,2282,73038,-36.380103,-71.485863,6.75,129.5,9.02,9.65,,1.6
"2025-10-02 23:23:09",2764,2284,73021,0,,4.85,110.2,9.03,9.7,,1.6
"2025-10-02 23:23:10",2765,2285,73005,0,,5.9,120.3,9.02,9.7,,1.8
"2025-10-02 23:23:11",2767,2287,72990,-36.38018,-71.485693,6.9,123.9,9.02,9.75,,1.9
"2025-10-02 23:23:12",2770,2290,72969,0,,4.5,109.9,9.03,9.75,,1.9
"2025-10-02 23:23:13",2772,2292,72948,0,,6.35,123.6,9,9.75,,1.9
"2025-10-02 23:23:14",2774,2294,72928,-36.380255,-71.485523,6.65,118.1,8.98,9.75,18,1.9
"2025-10-02 23:23:15",2776,2296,72913,0,,4.35,117.1,8.96,9.75,,1.9
"2025-10-02 23:23:16",2778,2298,72898,0,,6.95,118.2,8.94,9.75,,1.9
"2025-10-02 23:23:17",2779,2299,72884,-36.38033,-71.485353,6,118.1,8.89,9.75,,1.9
"2025-10-02 23:23:18",2781,2301,72869,0,,4.85,125.4,8.87,9.75,,2
"2025-10-02 23:23:19",2782,2302,72855,0,,7.1,111.9,8.87,9.75,,1.9
"2025-10-02 23:23:20",2784,2304,72842,-36.380408,-71.485178,5.65,120.7,8.85,9.75,,1.8
"2025-10-02 23:23:21",2786,2306,72827,0,,5.45,126.2,8.83,9.75,,1.8
"2025-10-02 23:23:22",2787,2307,72811,0,,6.55,104.4,8.81,9.75,,1.8
"2025-10-02 23:23:23",2789,2309,72796,-36.380483,-71.485002,5.95,122.9,8.82,9.75,,1.8
"2025-10-02 23:23:24",2791,2311,72782,0,,5.95,124.2,8.8,9.75,,1.8
"2025-10-02 23:23:25",2792,2312,72769,0,,5.3,104.2,8.79,9.75,,1.7
"2025-10-02 23:23:26",2794,2314,72756,-36.380557,-71.484827,6.25,124.2,8.74,9.75,,1.6
"2025-10-02 23:23:27",2795,2315,72741,0,,6.8,118.6,8.78,9.75,,1.6
"2025-10-02 23:23:28",2797,2317,72726,0,,4.6,111.9,8.8,9.75,,1.6
"2025-10-02 23:23:29",2799,2319,72712,-36.38063,-71.484648,6.6,122.3,8.8,9.75,,1.6
"2025-10-02 23:23:30",2801,2321,72695,0,,6.75,113.3,8.75,9.75,,1.7
"2025-10-02 23:23:31",2803,2323,72678,0,,5.3,115,8.75,9.8,,1.7
"2025-10-02 23:23:32",2805,2325,72662,-36.380707,-71.48447,6.25,125.6,8.72,9.8,,1.7
"2025-10-02 23:23:33",2805,2325,72656,0,,6.6,109,8.67,9.75,,1.6
"2025-10-02 23:23:34",2806,2326,72651,0,,5.95,119.6,8.63,9.8,,1.5
"2025-10-02 23:23:35",2806,2326,72646,-36.380787,-71.484277,7.35,119.7,8.65,9.8,,1.4
"2025-10-02 23:23:37",2811,2331,72603,0,,6.5,123,8.66,9.85,,1.6
"2025-10-02 23:23:38",2814,2334,72582,-36.380862,-71.484082,6.85,108.2,8.64,9.9,,1.6
"2025-10-02 23:23:39",2814,2334,72577,0,,6.55,122.6,8.62,9.9,,1.6
"2025-10-02 23:23:40",2815,2335,72573,0,,7.05,117.9,8.62,9.9,,1.5
"2025-10-02 23:23:41",2815,2335,72570,-36.380938,-71.483892,5.15,110.4,8.62,9.95,17.75,1.3
"2025-10-02 23:23:43",2820,2340,72523,0,,7.2,113.7,8.54,9.9,,1.5
"2025-10-02 23:23:44",2823,2343,72500,-36.381018,-71.483693,5.95,117.4,8.51,9.95,,1.5
"2025-10-02 23:23:45",2825,2345,72482,0,,6.65,118.8,8.5,9.95,,1.6
"2025-10-02 23:23:46",2827,2347,72464,0,,7.25,110.7,8.47,10,,1.7
"2025-10-02 23:23:47",2829,2349,72446,-36.381103,-71.483497,6.4,126.7,8.44,10,,1.8
"2025-10-02 23:23:48",2831,2351,72432,0,,6.6,110.4,8.45,10.05,,1.9
"2025-10-02 23:23:49",2832,2352,72419,0,,6.7,115.1,8.44,10.05,,1.8
"2025-10-02 23:23:50",2834,2354,72406,-36.38119,-71.483298,7.65,124.4,8.45,10.05,,1.7
"2025-10-02 23:23:51",2835,2355,72392,0,,,,8.43,10,,1.7
"2025-10-02 23:23:52",2837,2357,72379,0,,,,8.42,10.05,,1.7
"2025-10-02 23:23:53",2838,2358,72366,0,,,,8.48,10.05,,1.8
"2025-10-02 23:23:54",2840,2360,72349,0,,5.7,123.6,8.47,10.05,,1.9
"2025-10-02 23:23:55",2842,2362,72333,0,,7.15,116,8.45,10.05,,1.8
"2025-10-02 23:23:56",2844,2364,72318,-36.38136,-71.482892,7.3,115.2,8.44,10.05,,1.7
"2025-10-02 23:23:57",2844,2364,72314,0,,6.4,127.9,8.45,10.15,,1.6
"2025-10-02 23:23:58",2845,2365,72310,0,,6.65,112.3,8.4,10.15,,1.5
"2025-10-02 23:23:59",2845,2365,72306,-36.38145,-71.482688,7.05,115.2,8.35,10.15,,1.4
"2025-10-02 23:24:00",2848,2368,72279,0,,7.65,125,8.34,10.15,,1.5
"2025-10-02 23:24:01",2851,2371,72253,0,,6.3,112,8.34,10.15,,1.6
"2025-10-02 23:24:02",2854,2374,72228,-36.38154,-71.482473,7.25,114.8,8.33,10.2,,1.7
"2025-10-02 23:24:03",2855,2375,72222,0,,,,8.34,10.15,,1.6
"2025-10-02 23:24:04",2856,2376,72216,0,,,,8.37,10.2,,1.6
"2025-10-02 23:24:05",2856,2376,72210,0,,,,8.34,10.2,,1.5
"2025-10-02 23:24:07",2859,2379,72185,0,,6.55,126.5,8.34,10.25,,1.4
"2025-10-02 23:24:08",2860,2380,72174,-36.38172,-71.48205,7.05,122.1,8.31,10.25,17.25,1.4
"2025-10-02 23:24:09",2863,2383,72150,0,,7.3,108.9,8.33,10.25,,1.6
"2025-10-02 23:24:10",2866,2386,72127,0,,7.35,123.4,8.3,10.3,,1.7
"2025-10-02 23:24:11",2868,2388,72104,-36.381803,-71.481835,6.9,110.6,8.31,10.3,,1.9
"2025-10-02 23:24:12",2870,2390,72093,0,,6.9,114.8,8.29,10.25,,1.9
"2025-10-02 23:24:13",2871,2391,72082,0,,8.35,122.9,8.27,10.3,,1.7
"2025-10-02 23:24:14",2872,2392,72072,-36.381902,-71.481623,6.75,120.6,8.27,10.3,,1.6
"2025-10-02 23:24:15",2874,2394,72057,0,,6.6,117.1,8.27,10.3,,1.6
"2025-10-02 23:24:16",2875,2395,72043,0,,8.55,115.8,8.25,10.35,,1.6
"2025-10-02 23:24:17",2877,2397,72030,-36.381995,-71.481402,6.65,122.1,8.24,10.35,,1.7
"2025-10-02 23:24:18",2879,2399,72014,0,,7.25,115.3,8.22,10.35,,1.7
"2025-10-02 23:24:19",2881,2401,71998,0,,8.35,111.7,8.23,10.4,,1.7
"2025-10-02 23:24:20",2882,2402,71982,-36.382095,-71.481178,7.25,128.3,8.24,10.4,,1.8
"2025-10-02 23:24:21",2884,2404,71964,0,,7.35,114.5,8.26,10.4,,1.8
"2025-10-02 23:24:22",2886,2406,71947,0,,7.2,111.7,8.22,10.4,,1.7
"2025-10-02 23:24:23",2888,2408,71930,-36.38219,-71.480955,8.35,124.5,8.2,10.4,,1.7
"2025-10-02 23:24:24",2890,2410,71915,0,,6.75,116.1,8.22,10.35,,1.7
"2025-10-02 23:24:25",2892,2412,71901,0,,7.1,117,8.19,10.4,,1.7
"2025-10-02 23:24:26",2893,2413,71888,-36.38229,-71.480733,8.75,119.6,8.15,10.4,,1.8
"2025-10-02 23:24:28",2896,2416,71868,0,,7.4,118,8.12,10.4,,1.7
"2025-10-02 23:24:29",2897,2417,71858,-36.382385,-71.480513,8.3,112.6,8.13,10.45,,1.6
"2025-10-02 23:24:30",2899,2419,71839,0,,7.1,128.7,8.1,10.45,,1.7
"2025-10-02 23:24:31",2901,2421,71821,0,,7.65,116.3,8.07,10.45,,1.7
"2025-10-02 23:24:32",2903,2423,71804,-36.382483,-71.480292,7.95,112.6,8.07,10.45,,1.7
"2025-10-02 23:24:33",2903,2423,71799,0,,7.7,130.1,8.07,10.45,,1.6
"2025-10-02 23:24:34",2904,2424,71795,0,,7.6,114.2,8.07,10.5,,1.5
"2025-10-02 23:24:35",2904,2424,71792,-36.382582,-71.48007,7.2,115.3,8.01,10.5,16.75,1.3
"2025-10-02 23:24:37",2909,2429,71749,0,,6.95,111.2,7.98,10.5,,1.5
"2025-10-02 23:24:38",2912,2432,71728,-36.382675,-71.479847,7.2,115.8,7.96,10.5,,1.5
"2025-10-02 23:24:39",2913,2433,71713,0,,8.8,119.6,7.94,10.5,,1.6
"2025-10-02 23:24:40",2915,2435,71698,0,,7.1,113.3,7.94,10.5,,1.6
"2025-10-02 23:24:41",2917,2437,71684,-36.38277,-71.47962,7.3,124.4,7.94,10.5,,1.7
"2025-10-02 23:24:43",2920,2440,71654,0,,7.4,127,7.89,10.5,,1.6
"2025-10-02 23:24:44",2922,2442,71640,-36.382875,-71.479398,8,120.9,7.88,10.45,,1.6
"2025-10-02 23:24:45",2922,2442,71636,0,,7.3,112.3,7.9,10.45,,1.5
"2025-10-02 23:24:46",2923,2443,71633,0,,8,122.2,7.91,10.45,,1.5
"2025-10-02 23:24:47",2923,2443,71630,-36.382982,-71.479173,8.45,121.8,7.9,10.45,,1.5
"2025-10-02 23:24:48",2924,2444,71617,0,,6.5,120.5,7.89,10.45,,1.5
"2025-10-02 23:24:49",2926,2446,71604,0,,8.35,114.8,7.86,10.5,,1.5
"2025-10-02 23:24:50",2927,2447,71592,-36.383087,-71.47894,8.7,117.9,7.86,10.55,,1.4
"2025-10-02 23:24:51",2930,2450,71569,0,,6.95,125.5,7.86,10.55,,1.4
"2025-10-02 23:24:52",2933,2453,71546,0,,7.8,118.9,7.85,10.6,,1.5
"2025-10-02 23:24:53",2935,2455,71524,-36.38319,-71.478717,8,114.2,7.88,10.6,,1.5
"2025-10-02 23:24:54",2936,2456,71516,0,,8,127.9,7.94,10.65,,1.5
"2025-10-02 23:24:55",2937,2457,71509,0,,7.5,114.2,7.9,10.65,,1.4
"2025-10-02 23:24:56",2938,2458,71502,-36.383303,-71.478492,7.8,123.7,7.88,10.7,,1.3
"2025-10-02 23:24:57",2940,2460,71481,0,,8.85,123,7.88,10.7,,1.5
"2025-10-02 23:24:58",2942,2462,71461,0,,6.75,120.5,7.86,10.75,,1.6
"2025-10-02 23:24:59",2945,2465,71442,-36.383417,-71.478268,8.2,125.8,7.88,10.75,,1.8
"2025-10-02 23:25:00",2946,2466,71431,0,,8.5,118.4,7.85,10.75,,1.8
"2025-10-02 23:25:01",2947,2467,71420,0,,6.85,126,7.83,10.75,,1.8
"2025-10-02 23:25:02",2948,2468,71410,-36.383527,-71.478047,8.35,123,7.8,10.8,16.75,1.7
"2025-10-02 23:25:03",2950,2470,71395,0,,8.35,123,7.84,10.8,,1.7
"2025-10-02 23:25:04",2952,2472,71381,0,,8.15,128.5,7.9,10.85,,1.6
"2025-10-02 23:25:05",2953,2473,71368,-36.383635,-71.477818,8,115.1,7.83,10.85,,1.5
"2025-10-02 23:25:06",2954,2474,71358,0,,7.4,116.7,7.79,10.8,,1.5
"2025-10-02 23:25:07",2956,2476,71348,0,,9.1,124.5,7.77,10.85,,1.6
"2025-10-02 23:25:08",2957,2477,71338,-36.383745,-71.477578,8.2,117.3,7.76,10.85,,1.6
"2025-10-02 23:25:10",2960,2480,71312,0,,9.15,120.1,7.76,10.85,,1.5
"2025-10-02 23:25:11",2961,2481,71300,-36.383848,-71.477347,6.6,118,7.76,10.85,,1.4
"2025-10-02 23:25:13",2963,2483,71284,0,,9.3,115,7.69,10.85,,1.3
"2025-10-02 23:25:14",2964,2484,71276,-36.38396,-71.477103,7.3,123.1,7.68,10.85,,1.3
"2025-10-02 23:25:16",2968,2488,71238,0,,9.2,112.5,7.68,10.85,,1.4
"2025-10-02 23:25:17",2970,2490,71220,-36.384072,-71.476843,8.45,122.4,7.68,10.8,,1.4
"2025-10-02 23:25:19",2972,2492,71204,0,,7.5,117.7,7.7,10.85,,1.4
"2025-10-02 23:25:20",2973,2493,71196,-36.384185,-71.476595,9.1,121.1,7.7,10.8,,1.4
"2025-10-02 23:25:22",2977,2497,71166,0,,8.25,123.8,7.65,10.75,,1.4
"2025-10-02 23:25:23",2978,2498,71152,-36.384303,-71.47635,9,125.2,7.65,10.75,,1.4
"2025-10-02 23:25:25",2980,2500,71134,0,,8.6,121.9,7.64,10.75,,1.4
"2025-10-02 23:25:26",2981,2501,71126,-36.38442,-71.476095,9.7,121.8,7.63,10.7,,1.5
"2025-10-02 23:25:28",2985,2505,71098,0,,9.1,122.4,7.63,10.6,,1.5
"2025-10-02 23:25:29",2986,2506,71084,-36.384535,-71.475837,9.7,115.9,7.61,10.55,16.5,1.4
"2025-10-02 23:25:30",2988,2508,71071,0,,7.1,121.2,7.61,10.55,,1.3
"2025-10-02 23:25:31",2989,2509,71058,0,,8.55,123.6,7.59,10.45,,1.4
"2025-10-02 23:25:32",2991,2511,71046,-36.384652,-71.475588,9.25,113.8,7.61,10.4,,1.4
"2025-10-02 23:25:33",2992,2512,71036,0,,8.7,122.7,7.68,10.3,,1.4
"2025-10-02 23:25:34",2993,2513,71027,0,,8.8,118,7.71,10.25,,1.4
"2025-10-02 23:25:35",2994,2514,71018,-36.384765,-71.475342,7.7,117.8,7.73,10.2,,1.3
"2025-10-02 23:25:37",2996,2516,70998,0,,9.1,118.6,7.73,10.15,,1.3
"2025-10-02 23:25:38",2997,2517,70988,-36.384892,-71.475087,8.1,126.7,7.7,10.1,,1.3
"2025-10-02 23:25:39",2999,2519,70973,0,,9.7,117,7.68,9.95,,1.4
"2025-10-02 23:25:40",3001,2521,70959,0,,8.15,119.7,7.75,10,,1.4
"2025-10-02 23:25:41",3002,2522,70946,-36.38502,-71.474835,9.1,127.3,7.78,9.95,,1.4
"2025-10-02 23:25:42",3004,2524,70933,0,,8.9,120.4,7.76,9.95,,1.4
"2025-10-02 23:25:43",3005,2525,70920,0,,8.3,122.3,7.77,9.9,,1.4
"2025-10-02 23:25:44",3007,2527,70908,-36.385148,-71.474578,9.8,121.1,7.76,9.9,,1.4
"2025-10-02 23:25:45",3008,2528,70896,0,,8.7,122.8,7.76,9.9,,1.4
"2025-10-02 23:25:46",3009,2529,70885,0,,8.2,125.4,7.76,9.85,,1.4
"2025-10-02 23:25:47",3011,2531,70874,-36.385273,-71.474325,9.8,119.1,7.76,9.85,,1.4
"2025-10-02 23:25:48",3012,2532,70864,0,,8.4,120.3,7.76,9.8,,1.4
"2025-10-02 23:25:49",3013,2533,70855,0,,9.2,123.2,7.76,9.8,,1.4
"2025-10-02 23:25:50",3014,2534,70846,-36.385393,-71.474073,8.6,115.3,7.77,9.8,,1.4
"2025-10-02 23:25:51",3015,2535,70835,0,,8.7,125.4,7.83,9.85,,1.3
"2025-10-02 23:25:52",3016,2536,70824,0,,9.2,125.3,7.86,9.8,,1.3
"2025-10-02 23:25:53",3018,2538,70814,-36.385517,-71.473827,8.05,115.3,7.88,9.8,,1.3
"2025-10-02 23:25:55",3018,2538,70811,0,,9.25,120.5,7.76,9.75,,1.1
"2025-10-02 23:25:56",3018,2538,70810,-36.385645,-71.473582,7.75,124.2,7.73,9.75,16.25,0.9
"2025-10-02 23:25:57",3020,2540,70793,0,,,,7.68,9.75,,1
"2025-10-02 23:25:58",3022,2542,70775,0,,,,7.63,9.75,,1.1
"2025-10-02 23:25:59",3024,2544,70758,0,,,,7.61,9.75,,1.1
"2025-10-02 23:26:00",3026,2546,70744,0,,8.7,115.6,7.59,9.75,,1.2
"2025-10-02 23:26:01",3027,2547,70730,0,,9.15,127.9,7.65,9.75,,1.2
"2025-10-02 23:26:02",3029,2549,70716,-36.385903,-71.473085,9.55,123.8,7.69,9.75,,1.3
"2025-10-02 23:26:03",3030,2550,70706,0,,8.15,117.8,7.75,9.75,,1.3
"2025-10-02 23:26:04",3031,2551,70697,0,,9.7,120.3,7.76,9.75,,1.2
"2025-10-02 23:26:05",3032,2552,70688,-36.386032,-71.472818,10,122.6,7.75,9.75,,1.2
"2025-10-02 23:26:06",3034,2554,70677,0,,7.95,125,7.76,9.7,,1.2
"2025-10-02 23:26:07",3035,2555,70666,0,,9.65,118.1,7.74,9.7,,1.2
"2025-10-02 23:26:08",3036,2556,70656,-36.386158,-71.472563,8.6,118.2,7.74,9.7,,1.4
"2025-10-02 23:26:09",3037,2557,70645,0,,,,7.74,9.7,,1.4
"2025-10-02 23:26:10",3038,2558,70635,0,,,,7.71,9.7,,1.4
"2025-10-02 23:26:11",3040,2560,70626,0,,,,7.68,9.65,,1.3
"2025-10-02 23:26:13",3041,2561,70617,0,,9.85,123.4,7.6,9.6,,1.1
"2025-10-02 23:26:14",3041,2561,70614,-36.386423,-71.47204,8.4,124.4,7.59,9.55,,1
"2025-10-02 23:26:16",3045,2565,70577,0,,8.4,121.4,7.56,9.6,,1.2
"2025-10-02 23:26:17",3047,2567,70560,-36.38656,-71.471777,9.8,127.4,7.54,9.55,,1.2
"2025-10-02 23:26:18",3049,2569,70549,0,,9.35,117.3,7.52,9.55,,1.2
"2025-10-02 23:26:19",3050,2570,70539,0,,9.35,117.3,7.55,9.5,,1.2
"2025-10-02 23:26:20",3051,2571,70530,-36.38669,-71.471517,10,121.6,7.6,9.5,,1.2
"2025-10-02 23:26:21",3051,2571,70527,0,,8.85,116.1,7.62,9.5,,1.2
"2025-10-02 23:26:22",3052,2572,70524,0,,9.25,124.5,7.59,9.45,,1.1
"2025-10-02 23:26:23",3052,2572,70522,-36.386818,-71.471248,10.3,119,7.54,9.45,16,1
"2025-10-02 23:26:24",3054,2574,70505,0,,8.2,123.3,7.52,9.4,,1.1
"2025-10-02 23:26:25",3056,2576,70489,0,,9.4,124.1,7.49,9.4,,1.1
"2025-10-02 23:26:26",3057,2577,70474,-36.386943,-71.470985,9.75,116.6,7.46,9.4,,1.3
"2025-10-02 23:26:27",3058,2578,70468,0,,,,7.52,9.35,,1.3
"2025-10-02 23:26:28",3059,2579,70463,0,,,,7.48,9.35,,1.3
"2025-10-02 23:26:29",3059,2579,70458,0,,,,7.44,9.35,,1.1
"2025-10-02 23:26:30",3061,2581,70445,0,,10.2,121.2,7.41,9.35,,1
"2025-10-02 23:26:31",3062,2582,70433,0,,10.2,121.2,7.38,9.35,,1
"2025-10-02 23:26:32",3063,2583,70422,-36.387202,-71.47045,8.35,121.9,7.4,9.35,,1.1
"2025-10-02 23:26:33",3064,2584,70416,0,,9.65,121.4,7.38,9.35,,1.1
"2025-10-02 23:26:34",3065,2585,70411,0,,9.75,116.5,7.38,9.35,,1.1
"2025-10-02 23:26:35",3065,2585,70406,-36.387337,-71.470177,9.1,126.2,7.38,9.3,,1.1
"2025-10-02 23:26:37",3068,2588,70384,0,,8.75,118,7.38,9.3,,1.1
"2025-10-02 23:26:38",3069,2589,70374,-36.387467,-71.469905,10.6,122.6,7.35,9.25,,1
"2025-10-02 23:26:39",3070,2590,70362,0,,8.65,121.3,7.32,9.3,,1
"2025-10-02 23:26:40",3072,2592,70350,0,,9.2,121.8,7.38,9.3,,1.1
"2025-10-02 23:26:41",3073,2593,70338,-36.3876,-71.469628,10.65,122,7.38,9.25,,1.2
"2025-10-02 23:26:43",3075,2595,70319,0,,9.6,120.3,7.4,9.25,,1.1
"2025-10-02 23:26:44",3077,2597,70310,-36.38773,-71.469348,10.15,117,7.38,9.25,,1.1
"2025-10-02 23:26:45",3078,2598,70301,0,,8.8,124.6,7.35,9.15,,1.1
"2025-10-02 23:26:46",3079,2599,70292,0,,9.95,119.4,7.31,9.15,,1.1
"2025-10-02 23:26:47",3080,2600,70284,-36.387863,-71.469068,9.5,115,7.27,9.15,,1.2
"2025-10-02 23:26:49",3080,2600,70278,0,,9.65,119,7.23,9.1,,1.1
"2025-10-02 23:26:50",3081,2601,70276,-36.387992,-71.468788,8.9,116.3,7.22,9.1,15.75,1
"2025-10-02 23:26:51",3081,2601,70268,0,,10.45,122.1,7.27,9.1,,1
"2025-10-02 23:26:52",3082,2602,70261,0,,9.6,122.3,7.29,9.1,,0.9
"2025-10-02 23:26:53",3083,2603,70254,-36.388128,-71.468515,8.85,123.5,7.27,9.1,,0.9
"2025-10-02 23:26:54",3085,2605,70241,0,,10.5,118.9,7.27,9.15,,0.9
"2025-10-02 23:26:55",3086,2606,70228,0,,9.35,118.4,7.26,9.15,,0.9
"2025-10-02 23:26:56",3088,2608,70216,-36.388263,-71.468242,9.5,128,7.25,9.1,,0.9
"2025-10-02 23:26:57",3089,2609,70207,0,,9.8,115.6,7.24,9.1,,0.9
"2025-10-02 23:26:58",3090,2610,70198,0,,9.7,125.4,7.22,9.1,,0.9
"2025-10-02 23:26:59",3091,2611,70190,-36.388403,-71.467967,10.35,124.2,7.21,9.1,,0.9
"2025-10-02 23:27:00",3092,2612,70180,0,,8.9,117.1,7.29,9.1,,0.9
"2025-10-02 23:27:01",3093,2613,70171,0,,11.05,124.2,7.35,9.1,,1.1
"2025-10-02 23:27:02",3094,2614,70162,-36.388547,-71.467685,9.85,122.5,7.38,9.1,,1.1
"2025-10-02 23:27:03",3095,2615,70153,0,,8.65,121.4,7.44,9.1,,1.1
"2025-10-02 23:27:04",3096,2616,70145,0,,11.1,120.2,7.42,9.1,,1.1
"2025-10-02 23:27:05",3097,2617,70138,-36.388688,-71.467402,9.6,122.1,7.44,9.05,,1.1
"2025-10-02 23:27:07",3098,2618,70124,0,,10.2,116.8,7.38,9,,1
"2025-10-02 23:27:08",3099,2619,70118,-36.388825,-71.467125,9.1,122,7.32,9,,1
"2025-10-02 23:27:09",3100,2620,70110,0,,10.25,122.8,7.27,9,,0.9
"2025-10-02 23:27:10",3101,2621,70103,0,,10.55,116.3,7.24,9,,0.9
"2025-10-02 23:27:11",3102,2622,70096,-36.38897,-71.466845,9.55,125.2,7.21,9,,0.9
"2025-10-02 23:27:13",3101,2621,70098,0,,9.95,116.7,7.21,9,,0.7
"2025-10-02 23:27:14",3101,2621,70100,-36.389115,-71.466572,9.4,130.7,7.18,9,,0.6
"2025-10-02 23:27:15",3103,2623,70087,0,,10.35,119.8,7.23,9,,0.7
"2025-10-02 23:27:16",3104,2624,70074,0,,9.35,117.5,7.27,9,,0.7
"2025-10-02 23:27:17",3106,2626,70062,-36.389257,-71.466287,9.95,124.4,7.3,9,15.5,0.7
"2025-10-02 23:27:18",3107,2627,70048,0,,10.5,124.3,7.32,9,,0.8
"2025-10-02 23:27:19",3109,2629,70035,0,,8.85,122.2,7.29,9,,0.9
"2025-10-02 23:27:20",3110,2630,70022,-36.389397,-71.466007,10.1,122.3,7.27,9,,0.9
"2025-10-02 23:27:21",3111,2631,70015,0,,10.5,119,7.24,9,,0.9
"2025-10-02 23:27:22",3112,2632,70009,0,,9.7,126.1,7.21,8.95,,0.9
"2025-10-02 23:27:23",3113,2633,70004,-36.389537,-71.465725,9.8,121.5,7.2,8.95,,0.9
"2025-10-02 23:27:24",3112,2632,70006,0,,9.4,116.3,7.18,8.95,,0.8
"2025-10-02 23:27:25",3112,2632,70009,0,,10.4,125.8,7.21,8.95,,0.9
"2025-10-02 23:27:26",3112,2632,70012,-36.389673,-71.465445,9.9,120.3,7.22,8.95,,0.9
"2025-10-02 23:27:27",3113,2633,70002,0,,8.95,119,7.2,8.95,,0.9
"2025-10-02 23:27:28",3114,2634,69993,0,,11.05,121.8,7.19,8.95,,0.9
"2025-10-02 23:27:29",3115,2635,69984,-36.389812,-71.465163,9.75,120.2,7.18,8.95,,0.8
"2025-10-02 23:27:30",3116,2636,69977,0,,9,124.8,7.18,8.95,,0.7
"2025-10-02 23:27:31",3116,2636,69971,0,,10.65,117.2,7.17,9,,0.6
"2025-10-02 23:27:32",3117,2637,69966,-36.389948,-71.464883,9.5,121.7,7.15,8.95,,0.6
"2025-10-02 23:27:33",3119,2639,69952,0,,9.7,124.8,7.16,9,,0.6
"2025-10-02 23:27:34",3120,2640,69939,0,,9.7,114.4,7.15,8.95,,0.7
"2025-10-02 23:27:35",3122,2642,69926,-36.390087,-71.464597,10.05,123.3,7.12,8.95,,0.8
"2025-10-02 23:27:37",3122,2642,69923,0,,9.05,116.3,7.17,8.95,,0.8
"2025-10-02 23:27:38",3122,2642,69922,-36.390225,-71.464312,10.4,123,7.21,8.95,,0.8
"2025-10-02 23:27:40",3124,2644,69905,0,,9.55,123.4,7.21,8.95,,0.9
"2025-10-02 23:27:41",3125,2645,69898,-36.390363,-71.464028,10.85,118.4,7.21,8.95,,0.8
"2025-10-02 23:27:43",3128,2648,69874,0,,9.65,125.9,7.18,8.95,,0.9
"2025-10-02 23:27:44",3129,2649,69862,-36.390493,-71.463755,9.8,116.1,7.21,8.95,15.5,1
"2025-10-02 23:27:46",3131,2651,69847,0,,10.7,120.1,7.25,8.95,,1
"2025-10-02 23:27:47",3132,2652,69840,-36.390627,-71.463473,8.9,121.4,7.21,8.95,,0.9
"2025-10-02 23:27:49",3133,2653,69831,0,,10.55,118.4,7.22,8.9,,0.8
"2025-10-02 23:27:50",3133,2653,69828,-36.390763,-71.463192,9.2,121.8,7.18,8.9,,0.9
"2025-10-02 23:27:52",3136,2656,69805,0,,8.8,115.4,7.21,8.85,,1
"2025-10-02 23:27:53",3137,2657,69794,-36.390897,-71.462918,9.7,123.3,7.22,8.85,,1
"2025-10-02 23:27:55",3139,2659,69783,0,,9.4,117.8,7.21,8.85,,0.9
"2025-10-02 23:27:56",3139,2659,69778,-36.391027,-71.462638,9.6,124.3,7.17,8.8,,0.8
"2025-10-02 23:27:58",3141,2661,69763,0,,8.6,121,7.2,8.7,,0.8
"2025-10-02 23:27:59",3142,2662,69756,-36.391153,-71.46236,10.75,119.4,7.17,8.6,,0.8
"2025-10-02 23:28:00",3143,2663,69747,0,,8.95,117.6,7.14,8.55,,0.8
"2025-10-02 23:28:01",3144,2664,69738,0,,9.15,125.2,7.1,8.55,,0.9
"2025-10-02 23:28:02",3145,2665,69730,-36.391278,-71.46209,9.4,116.4,7.06,8.45,,1
"2025-10-02 23:28:04",3144,2664,69736,0,,9.65,126.4,7.01,8.35,,0.8
"2025-10-02 23:28:05",3144,2664,69740,-36.3914,-71.461818,8.8,112.2,7.04,8.25,,0.6
"2025-10-02 23:28:06",3145,2665,69732,0,,9.35,119.4,7.02,8.2,,0.6
"2025-10-02 23:28:07",3145,2665,69725,0,,10,121.7,7,8.1,,0.6
"2025-10-02 23:28:08",3146,2666,69718,-36.39152,-71.461548,8.75,115.2,7.01,8,,0.6
"2025-10-02 23:28:09",3148,2668,69706,0,,9,118.5,7.01,7.95,,0.7
"2025-10-02 23:28:10",3149,2669,69695,0,,10.35,118.7,7.01,7.8,,0.7
"2025-10-02 23:28:11",3150,2670,69684,-36.391642,-71.46128,8.35,119.7,7.02,7.65,15.25,0.7
"2025-10-02 23:28:12",3151,2671,69675,0,,9.35,119.1,7.02,7.55,,0.7
"2025-10-02 23:28:13",3152,2672,69667,0,,10,114.5,7.02,7.4,,0.7
"2025-10-02 23:28:14",3153,2673,69660,-36.391765,-71.461007,8.85,122.8,7.03,7.25,,0.7
"2025-10-02 23:28:15",3154,2674,69652,0,,9.2,117.5,7.03,7.15,,0.7
"2025-10-02 23:28:16",3155,2675,69644,0,,9.35,113.7,7.05,7.1,,0.7
"2025-10-02 23:28:17",3156,2676,69636,-36.39188,-71.46073,9.75,123.6,7.08,7,,0.9
"2025-10-02 23:28:18",3157,2677,69630,0,,8.5,110.6,7.14,6.95,,1
"2025-10-02 23:28:19",3157,2677,69625,0,,9.3,118,7.14,6.95,,1
"2025-10-02 23:28:20",3158,2678,69620,-36.391992,-71.460452,10.15,118,7.17,6.95,,1
"2025-10-02 23:28:21",3159,2679,69613,0,,7.9,111.5,7.16,7.05,,0.9
"2025-10-02 23:28:22",3160,2680,69606,0,,9.55,116.6,7.15,7.05,,0.9
"2025-10-02 23:28:23",3160,2680,69600,-36.392098,-71.460178,10.05,115.5,7.16,7.15,,0.8
"2025-10-02 23:28:24",3161,2681,69594,0,,7.85,117.9,7.16,7.15,,0.8
"2025-10-02 23:28:25",3162,2682,69589,0,,10.15,115.1,7.2,7.2,,0.8
"2025-10-02 23:28:26",3162,2682,69584,-36.39221,-71.459898,9.6,111.8,7.23,7.3,,0.7
"2025-10-02 23:28:27",3162,2682,69584,0,,8.8,124.3,7.21,7.35,,0.7
"2025-10-02 23:28:28",3162,2682,69584,0,,10,111.3,7.2,7.35,,0.6
"2025-10-02 23:28:29",3162,2682,69584,-36.392322,-71.459613,9.15,112.4,7.19,7.4,,0.5
"2025-10-02 23:28:30",3164,2684,69569,0,,9.95,122.2,7.18,7.45,,0.6
"2025-10-02 23:28:31",3166,2686,69554,0,,9.25,109.1,7.19,7.5,,0.7
"2025-10-02 23:28:32",3167,2687,69540,-36.392432,-71.459327,9.2,115,7.17,7.5,,0.8
"2025-10-02 23:28:33",3168,2688,69537,0,,10.4,119,7.19,7.5,,0.7
"2025-10-02 23:28:34",3168,2688,69535,0,,8.25,110.1,7.17,7.5,,0.7
"2025-10-02 23:28:35",3168,2688,69534,-36.392533,-71.459038,9.75,113.5,7.2,7.55,,0.7
"2025-10-02 23:28:37",3171,2691,69507,0,,8.25,116.1,7.23,7.6,,0.8
"2025-10-02 23:28:38",3173,2693,69494,-36.392638,-71.458745,10.3,114,7.21,7.6,15,0.9
"2025-10-02 23:28:39",3174,2694,69487,0,,10.05,110.6,7.2,7.6,,1
"2025-10-02 23:28:40",3174,2694,69480,0,,8.75,122.1,7.18,7.6,,1
"2025-10-02 23:28:41",3175,2695,69474,-36.392743,-71.458455,9.95,109.7,7.15,7.55,,1.1
"2025-10-02 23:28:43",3175,2695,69480,0,,10.1,120.6,7.11,7.55,,0.8
"2025-10-02 23:28:44",3174,2694,69484,-36.392848,-71.458165,9,109.1,7.12,7.5,,0.6
"2025-10-02 23:28:45",3176,2696,69470,0,,9.15,112.9,7.12,7.55,,0.6
"2025-10-02 23:28:46",3177,2697,69457,0,,10.85,113.3,7.09,7.55,,0.7
"2025-10-02 23:28:47",3179,2699,69444,-36.392953,-71.45787,8.8,113.7,7.1,7.6,,0.8
"2025-10-02 23:28:48",3180,2700,69433,0,,9.4,115.6,7.1,7.65,,0.9
"2025-10-02 23:28:49",3181,2701,69423,0,,10.4,107.9,7.08,7.7,,0.9
"2025-10-02 23:28:50",3182,2702,69414,-36.393062,-71.457575,9.1,119.1,7.06,7.75,,0.9
"2025-10-02 23:28:51",3183,2703,69409,0,,9.8,113.3,7.08,7.8,,0.8
"2025-10-02 23:28:52",3184,2704,69404,0,,9.45,108,7.08,7.9,,0.8
"2025-10-02 23:28:53",3184,2704,69400,-36.393165,-71.457277,10.2,119.9,7.06,7.95,,0.7
"2025-10-02 23:28:54",3186,2706,69387,0,,9.2,111.4,7.07,8,,0.8
"2025-10-02 23:28:55",3187,2707,69375,0,,9.2,111.4,7.12,8.05,,1
"2025-10-02 23:28:56",3188,2708,69364,-36.393272,-71.456978,10.95,115.5,7.1,8.1,,1.2
"2025-10-02 23:28:57",3189,2709,69360,0,,8.9,116.1,7.07,8.15,,1.1
"2025-10-02 23:28:58",3189,2709,69357,0,,9.1,114.4,7.07,8.2,,1
"2025-10-02 23:28:59",3190,2710,69354,-36.393375,-71.45669,10.6,109.7,7.05,8.25,,0.9
"2025-10-02 23:29:00",3190,2710,69351,0,,8.7,119.2,7.06,8.35,,0.8
"2025-10-02 23:29:01",3190,2710,69348,0,,9.75,116.3,7.05,8.35,,0.8
"2025-10-02 23:29:02",3191,2711,69346,-36.393482,-71.456398,10.2,106.9,7.08,8.4,,0.7
"2025-10-02 23:29:03",3192,2712,69331,0,,8.8,122.1,7.05,8.4,,0.8
"2025-10-02 23:29:04",3194,2714,69317,0,,9.95,113,7.03,8.4,,0.9
"2025-10-02 23:29:05",3196,2716,69304,-36.39359,-71.456105,9.7,107.5,7.04,8.4,15,1
"2025-10-02 23:29:07",3197,2717,69292,0,,9.55,111,7.17,8.3,,0.9
"2025-10-02 23:29:08",3198,2718,69286,-36.393695,-71.455812,9.05,110.9,7.24,8.25,,0.8
"2025-10-02 23:29:09",3199,2719,69277,0,,10.85,118.3,7.23,8.2,,0.8
"2025-10-02 23:29:10",3200,2720,69268,0,,9.15,111.3,7.23,8.2,,0.8
"2025-10-02 23:29:11",3201,2721,69260,-36.393803,-71.455512,9.15,115.4,7.21,8.2,,0.9
"2025-10-02 23:29:12",3201,2721,69260,0,,10.95,112.3,7.18,8.2,,0.9
"2025-10-02 23:29:13",3201,2721,69261,0,,9.15,114.5,7.14,8.3,,0.9
"2025-10-02 23:29:14",3201,2721,69262,-36.393913,-71.455215,9.9,119.5,7.12,8.35,,0.8
"2025-10-02 23:29:15",3203,2723,69243,0,,9.65,107.2,7.09,8.4,,0.9
"2025-10-02 23:29:16",3205,2725,69224,0,,9.05,115.2,7.1,8.45,,1
"2025-10-02 23:29:17",3207,2727,69206,-36.394017,-71.45492,10.9,117,7.12,8.55,,1
"2025-10-02 23:29:18",3208,2728,69197,0,,8.75,108.4,7.11,8.6,,1
"2025-10-02 23:29:19",3209,2729,69188,0,,9.45,116.3,7.14,8.7,,1
"2025-10-02 23:29:20",3210,2730,69180,-36.39412,-71.454623,10.95,112.2,7.11,8.8,,1.1
"2025-10-02 23:29:21",3210,2730,69179,0,,8.3,114.7,7.12,8.85,,1
"2025-10-02 23:29:22",3210,2730,69178,0,,9.85,115.2,7.14,8.85,,0.9
"2025-10-02 23:29:23",3211,2731,69178,-36.394223,-71.454328,10.45,108.5,7.11,8.9,,0.8
"2025-10-02 23:29:25",3212,2732,69167,0,,10,115.3,7.06,9,,0.9
"2025-10-02 23:29:26",3212,2732,69162,-36.394332,-71.454035,9.25,108.5,7.06,9.05,,0.9
"2025-10-02 23:29:27",3213,2733,69153,0,,10.2,119.9,7.05,9.05,,1
"2025-10-02 23:29:28",3215,2735,69144,0,,9.7,113.4,7.06,9.05,,0.9
"2025-10-02 23:29:29",3216,2736,69136,-36.39444,-71.453745,8.5,113.5,7.05,9.1,,0.8
"2025-10-02 23:29:30",3218,2738,69118,0,,10.75,114.2,7.08,9.1,,0.8
"2025-10-02 23:29:31",3220,2740,69101,0,,10.75,114.2,7.1,9.15,,0.9
"2025-10-02 23:29:32",3222,2742,69084,-36.394553,-71.453447,9.4,122.2,7.07,9.15,14.75,1
"2025-10-02 23:29:33",3223,2743,69074,0,,10.4,112.1,7.05,9.15,,1
"2025-10-02 23:29:34",3224,2744,69065,0,,8.75,108.9,7.05,9.15,,1.1
"2025-10-02 23:29:35",3225,2745,69056,-36.394652,-71.453147,9.85,118.2,7.07,9.15,,1.2
"2025-10-02 23:29:37",3227,2747,69037,0,,9.1,115.5,7.03,9.15,,1.2
"2025-10-02 23:29:38",3228,2748,69028,-36.394758,-71.452847,10.55,116.2,7.03,9.15,,1.3
"2025-10-02 23:29:39",3229,2749,69025,0,,9.15,106.4,7.01,9.1,,1.3
"2025-10-02 23:29:40",3229,2749,69023,0,,9.3,115.1,7.03,9.1,,1.2
"2025-10-02 23:29:41",3229,2749,69022,-36.394858,-71.452547,11,111,7.01,9.05,,1.1
"2025-10-02 23:29:43",3232,2752,69000,0,,9.65,116.3,7,9.05,,1.1
"2025-10-02 23:29:44",3233,2753,68990,-36.39496,-71.452247,10.55,107.3,7,9.05,,1
"2025-10-02 23:29:45",3235,2755,68974,0,,9.15,118.8,6.97,9.1,,1
"2025-10-02 23:29:46",3237,2757,68959,0,,9.8,114.7,7,9.05,,1.1
"2025-10-02 23:29:47",3239,2759,68944,-36.395062,-71.451948,9.6,104.3,7,9.05,,1.1
"2025-10-02 23:29:48",3239,2759,68940,0,,9.95,120.8,7,9.05,,1.1
"2025-10-02 23:29:49",3239,2759,68936,0,,10.05,112.1,7.03,9.05,,1
"2025-10-02 23:29:50",3240,2760,68932,-36.395162,-71.45165,8.7,107.3,7.01,9,,1
"2025-10-02 23:29:51",3242,2762,68918,0,,10.7,117.1,7.01,9,,1
"2025-10-02 23:29:52",3243,2763,68905,0,,10,109.1,6.98,9,,1.1
"2025-10-02 23:29:53",3245,2765,68892,-36.395258,-71.45135,8.35,114,6.98,9,,1.2
"2025-10-02 23:29:54",3246,2766,68881,0,,10.65,109.7,6.98,8.95,,1.3
"2025-10-02 23:29:55",3247,2767,68871,0,,9.9,109.6,6.95,8.95,,1.3
"2025-10-02 23:29:56",3248,2768,68862,-36.39536,-71.451045,9.4,118.8,7,8.95,,1.3
"2025-10-02 23:29:57",3250,2770,68851,0,,9.9,110.5,7.04,8.95,,1.3
"2025-10-02 23:29:58",3251,2771,68840,0,,8.7,107.7,7.08,8.95,,1.2
"2025-10-02 23:29:59",3252,2772,68830,-36.395448,-71.450738,10.45,112.6,7.05,8.9,14.5,1.2
"2025-10-02 23:30:00",3253,2773,68823,0,,10.15,108.2,7.01,8.9,,1.1
"2025-10-02 23:30:01",3254,2774,68816,0,,8.3,113.5,6.95,8.85,,1.1
"2025-10-02 23:30:02",3254,2774,68810,-36.39554,-71.450435,10.85,109.6,6.91,8.85,,1.2
"2025-10-02 23:30:03",3256,2776,68796,0,,9.85,109.6,6.88,8.85,,1.2
"2025-10-02 23:30:04",3258,2778,68783,0,,8.9,117.7,6.86,8.85,,1.2
"2025-10-02 23:30:05",3259,2779,68770,-36.395633,-71.450135,10.4,104.8,6.81,8.8,,1.2
"2025-10-02 23:30:07",3261,2781,68752,0,,9.8,115.9,6.83,8.8,,1.2
"2025-10-02 23:30:08",3262,2782,68744,-36.395725,-71.449835,9.8,103.1,6.81,8.8,,1.2
"2025-10-02 23:30:10",3264,2784,68733,0,,10.4,115,6.81,8.75,,1.1
"2025-10-02 23:30:11",3264,2784,68728,-36.395818,-71.449533,8.85,102.7,6.82,8.75,,1
"2025-10-02 23:30:13",3267,2787,68701,0,,10.6,111,6.81,8.75,,1.1
"2025-10-02 23:30:14",3269,2789,68688,-36.395912,-71.449223,8.4,109.2,6.81,8.7,,1.2
"2025-10-02 23:30:16",3273,2793,68657,0,,10.25,108.9,6.81,8.7,,1.3
"2025-10-02 23:30:17",3275,2795,68642,-36.396005,-71.448922,8.7,116.6,6.81,8.7,,1.3
"2025-10-02 23:30:19",3276,2796,68626,0,,9.9,106.4,6.81,8.65,,1.2
"2025-10-02 23:30:20",3277,2797,68618,-36.396065,-71.44871,10.55,113.6,6.8,8.65,,1.2
"2025-10-02 23:30:21",3279,2799,68602,0,,,,6.8,8.65,,1.3
"2025-10-02 23:30:22",3281,2801,68586,0,,,,6.8,8.65,,1.4
"2025-10-02 23:30:23",3283,2803,68570,0,,,,6.75,8.65,,1.5
"2025-10-02 23:30:25",3286,2806,68548,0,,9.85,116.9,6.72,8.65,,1.5
"2025-10-02 23:30:26",3287,2807,68538,-36.396248,-71.448083,10.2,105.5,6.74,8.65,14.5,1.5
"2025-10-02 23:30:28",3289,2809,68517,0,,10.75,115.2,6.71,8.6,,1.4
"2025-10-02 23:30:29",3291,2811,68508,-36.396362,-71.447673,9.55,103.9,6.7,8.6,,1.3
"2025-10-02 23:30:30",3292,2812,68495,0,,9.55,103.9,6.67,8.6,,1.4
"2025-10-02 23:30:31",3294,2814,68482,0,,11.15,110.1,6.66,8.6,,1.4
"2025-10-02 23:30:32",3295,2815,68470,-36.396453,-71.447367,9.1,108.9,6.64,8.55,,1.4
"2025-10-02 23:30:33",3297,2817,68456,0,,9.25,113.5,6.62,8.55,,1.4
"2025-10-02 23:30:34",3298,2818,68444,0,,10.45,103.6,6.59,8.55,,1.4
"2025-10-02 23:30:35",3300,2820,68432,-36.396543,-71.447053,9.45,112,6.61,8.5,,1.4
"2025-10-02 23:30:37",3301,2821,68422,0,,8.95,104.3,6.6,8.5,,1.3
"2025-10-02 23:30:38",3301,2821,68418,-36.396628,-71.446743,9.7,111.4,6.58,8.45,,1.2
"2025-10-02 23:30:39",3303,2823,68407,0,,10.85,107.6,6.57,8.45,,1.2
"2025-10-02 23:30:40",3304,2824,68397,0,,8.7,110.4,6.55,8.45,,1.2
"2025-10-02 23:30:41",3305,2825,68388,-36.396717,-71.446442,9.65,113.7,6.55,8.4,,1.2
"2025-10-02 23:30:42",3307,2827,68368,0,,9.85,102.7,6.51,8.4,,1.3
"2025-10-02 23:30:43",3310,2830,68349,0,,9.4,114.3,6.55,8.4,,1.3
"2025-10-02 23:30:44",3312,2832,68330,-36.396807,-71.446138,10.6,110.9,6.52,8.35,,1.4
"2025-10-02 23:30:45",3314,2834,68316,0,,,,6.48,8.35,,1.4
"2025-10-02 23:30:46",3315,2835,68303,0,,,,6.45,8.3,,1.4
"2025-10-02 23:30:47",3317,2837,68290,0,,,,6.43,8.3,,1.4
"2025-10-02 23:30:48",3318,2838,68280,0,,10,113.4,6.43,8.3,,1.4
"2025-10-02 23:30:49",3319,2839,68271,0,,10.55,113.1,6.44,8.3,,1.5
"2025-10-02 23:30:50",3320,2840,68262,-36.39699,-71.445527,9.35,103.1,6.43,8.3,,1.6
"2025-10-02 23:30:51",3322,2842,68250,0,,9.35,103.1,6.44,8.2,,1.5
"2025-10-02 23:30:52",3323,2843,68239,0,,10.45,109.1,6.45,8.2,,1.6
"2025-10-02 23:30:53",3324,2844,68228,-36.397082,-71.445225,8.25,108,6.44,8.2,14.25,1.6
"2025-10-02 23:30:54",3326,2846,68216,0,,,,6.42,8.2,,1.6
"2025-10-02 23:30:55",3327,2847,68204,0,,,,6.43,8.2,,1.5
"2025-10-02 23:30:56",3329,2849,68192,0,,,,6.41,8.2,,1.5
"2025-10-02 23:30:57",3330,2850,68176,0,,8.65,117.7,6.4,8.25,,1.4
"2025-10-02 23:30:58",3332,2852,68163,0,,9.8,107.5,6.37,8.25,,1.4
"2025-10-02 23:30:59",3334,2854,68150,-36.39728,-71.44461,9.9,120.1,6.37,8.2,,1.4
"2025-10-02 23:31:00",3334,2854,68143,0,,10.1,106.6,6.33,8.2,,1.4
"2025-10-02 23:31:01",3335,2855,68136,0,,10.1,106.6,6.31,8.2,,1.3
"2025-10-02 23:31:02",3336,2856,68130,-36.397383,-71.444297,11,117.1,6.3,8.2,,1.3
"2025-10-02 23:31:03",3338,2858,68115,0,,,,6.3,8.15,,1.4
"2025-10-02 23:31:04",3340,2860,68099,0,,,,6.27,8.2,,1.4
"2025-10-02 23:31:05",3342,2862,68084,0,,,,6.24,8.2,,1.4
"2025-10-02 23:31:06",3343,2863,68072,0,,9.05,115,6.24,8.25,,1.5
"2025-10-02 23:31:07",3345,2865,68060,0,,10.3,114.8,6.22,8.3,,1.4
"2025-10-02 23:31:08",3346,2866,68048,-36.397587,-71.443682,10.65,106.7,6.2,8.3,,1.4
"2025-10-02 23:31:09",3348,2868,68030,0,,,,6.17,8.3,,1.5
"2025-10-02 23:31:10",3350,2870,68013,0,,,,6.15,8.3,,1.5
"2025-10-02 23:31:11",3352,2872,67996,0,,,,6.16,8.3,,1.6
"2025-10-02 23:31:13",3355,2875,67970,0,,10.65,113.1,6.22,8.35,,1.7
"2025-10-02 23:31:14",3357,2877,67958,-36.397808,-71.443063,8.95,113.4,6.23,8.35,,1.7
"2025-10-02 23:31:15",3358,2878,67946,0,,,,6.22,8.4,,1.7
"2025-10-02 23:31:16",3360,2880,67932,0,,,,6.19,8.4,,1.7
"2025-10-02 23:31:17",3362,2882,67918,0,,,,6.16,8.4,,1.7
"2025-10-02 23:31:18",3363,2883,67904,0,,9.45,120.7,6.12,8.4,,1.7
"2025-10-02 23:31:19",3365,2885,67890,0,,10.5,112.7,6.07,8.4,,1.7
"2025-10-02 23:31:20",3367,2887,67876,-36.398047,-71.442428,10.35,122.7,6.05,8.4,14,1.7
"2025-10-02 23:31:21",3368,2888,67866,0,,10.4,107.9,6.02,8.4,,1.6
"2025-10-02 23:31:22",3369,2889,67857,0,,10.4,107.9,6.01,8.4,,1.6
"2025-10-02 23:31:23",3370,2890,67848,-36.398165,-71.442107,11.4,119.8,6.04,8.4,,1.5
"2025-10-02 23:31:24",3371,2891,67838,0,,9.6,110.5,6.05,8.35,,1.5
"2025-10-02 23:31:25",3373,2893,67828,0,,10.25,114.8,6.05,8.35,,1.5
"2025-10-02 23:31:26",3374,2894,67818,-36.398283,-71.44179,11.6,114.9,6.07,8.3,,1.4
"2025-10-02 23:31:27",3377,2897,67794,0,,11.6,114.9,6.06,8.25,,1.5
"2025-10-02 23:31:28",3379,2899,67774,0,,10.25,114.6,6.04,8.25,,1.6
"2025-10-02 23:31:29",3382,2902,67754,-36.3984,-71.441478,10.95,110.2,6.04,8.2,,1.6
"2025-10-02 23:31:30",3383,2903,67742,0,,,,6.05,8.15,,1.6
"2025-10-02 23:31:31",3385,2905,67728,0,,,,6.11,8.1,,1.6
"2025-10-02 23:31:32",3387,2907,67714,0,,,,6.17,8.1,,1.6
"2025-10-02 23:31:33",3388,2908,67700,0,,11.35,119.4,6.2,8.05,,1.6
"2025-10-02 23:31:34",3390,2910,67687,0,,10.6,112.9,6.2,8.05,,1.7
"2025-10-02 23:31:35",3391,2911,67674,-36.39864,-71.440842,9.5,113.6,6.17,8,,1.7
"2025-10-02 23:31:37",3394,2914,67648,0,,10.25,113,6.18,7.85,,1.8
"2025-10-02 23:31:38",3396,2916,67636,-36.39876,-71.440518,9.75,118.4,6.15,7.8,,1.8
"2025-10-02 23:31:39",3397,2917,67624,0,,9.75,118.4,6.07,7.7,,1.8
"2025-10-02 23:31:40",3399,2919,67613,0,,10.35,113,6.02,7.7,,1.7
"2025-10-02 23:31:41",3400,2920,67602,-36.398883,-71.44019,11.25,120.1,6,7.7,,1.6
"2025-10-02 23:31:42",3402,2922,67584,0,,10.45,109.1,5.99,7.7,,1.6
"2025-10-02 23:31:43",3404,2924,67567,0,,10.15,115.5,5.97,7.75,,1.6
"2025-10-02 23:31:44",3406,2926,67550,-36.399,-71.439858,12.15,114.4,5.96,7.75,,1.7
"2025-10-02 23:31:45",3407,2927,67541,0,,10.05,112.8,5.99,7.85,,1.6
"2025-10-02 23:31:46",3408,2928,67533,0,,10.05,112.8,5.97,7.85,,1.5
"2025-10-02 23:31:47",3409,2929,67526,-36.39908,-71.439642,11.75,108.7,6,7.9,14,1.5
"2025-10-02 23:31:48",3411,2931,67516,0,,11.75,108.7,5.99,7.95,,1.5
"2025-10-02 23:31:49",3412,2932,67506,0,,11.15,118.6,5.97,7.95,,1.4
"2025-10-02 23:31:50",3413,2933,67496,-36.3992,-71.439315,10.9,106,5.96,7.95,,1.4
"2025-10-02 23:31:51",3415,2935,67475,0,,,,5.9,7.95,,1.5
"2025-10-02 23:31:52",3418,2938,67454,0,,,,5.88,7.95,,1.6
"2025-10-02 23:31:53",3420,2940,67434,0,,,,5.92,7.95,,1.7
"2025-10-02 23:31:54",3422,2942,67419,0,,11.1,117.1,5.9,7.9,,1.7
"2025-10-02 23:31:55",3424,2944,67405,0,,11.75,109.8,5.9,7.9,,1.7
"2025-10-02 23:31:56",3426,2946,67392,-36.399482,-71.438548,10.05,117.2,5.89,7.9,,1.6
"2025-10-02 23:31:57",3427,2947,67378,0,,,,5.88,7.9,,1.6
"2025-10-02 23:31:58",3429,2949,67365,0,,,,5.89,7.85,,1.7
"2025-10-02 23:31:59",3430,2950,67352,0,,,,5.89,7.85,,1.7
"2025-10-02 23:32:00",3432,2952,67337,0,,11.85,114.4,5.87,7.75,,1.8
"2025-10-02 23:32:01",3434,2954,67322,0,,11.85,114.4,5.86,7.7,,1.9
"2025-10-02 23:32:02",3436,2956,67308,-36.399717,-71.437872,11.45,116.2,5.87,7.65,,1.9
"2025-10-02 23:32:03",3437,2957,67298,0,,11.85,109.7,5.84,7.6,,1.8
"2025-10-02 23:32:04",3438,2958,67289,0,,10.1,117,5.79,7.55,,1.7
"2025-10-02 23:32:05",3439,2959,67280,-36.399837,-71.437532,11.7,115.6,5.82,7.5,,1.6
"2025-10-02 23:32:06",3442,2962,67261,0,,,,5.83,7.5,,1.6
"2025-10-02 23:32:07",3444,2964,67242,0,,,,5.77,7.45,,1.7
"2025-10-02 23:32:08",3446,2966,67224,0,,,,5.74,7.35,,1.7
"2025-10-02 23:32:09",3448,2968,67211,0,,9.95,112.7,5.74,7.25,,1.7
"2025-10-02 23:32:10",3449,2969,67198,0,,12.05,116.5,5.74,7.25,,1.7
"2025-10-02 23:32:11",3451,2971,67186,-36.400043,-71.436962,11.35,111.2,5.72,7.2,,1.7
"2025-10-02 23:32:13",3452,2972,67175,0,,10.65,119.8,5.68,7.1,,1.5
"2025-10-02 23:32:14",3453,2973,67170,-36.400213,-71.436508,11.8,112.8,5.69,7.1,13.5,1.4
"2025-10-02 23:32:15",3454,2974,67157,0,,11.8,112.8,5.7,7.1,,1.4
"2025-10-02 23:32:16",3456,2976,67145,0,,11.75,111,5.72,7.1,,1.5
"2025-10-02 23:32:17",3457,2977,67134,-36.400347,-71.436163,10.5,118.1,5.7,7.1,,1.5
"2025-10-02 23:32:18",3459,2979,67118,0,,12.15,117.2,5.7,7.15,,1.5
"2025-10-02 23:32:19",3461,2981,67103,0,,10.8,108.4,5.72,7.15,,1.5
"2025-10-02 23:32:20",3463,2983,67088,-36.400473,-71.435813,11.4,118.1,5.71,7.2,,1.5
"2025-10-02 23:32:21",3465,2985,67066,0,,11.4,118.1,5.78,7.2,,1.5
"2025-10-02 23:32:22",3468,2988,67046,0,,10.2,113.5,5.77,7.2,,1.5
"2025-10-02 23:32:23",3470,2990,67026,-36.400598,-71.435462,11.95,116.5,5.76,7.2,,1.6
"2025-10-02 23:32:24",3472,2992,67012,0,,12.1,110.1,5.73,7.2,,1.6
"2025-10-02 23:32:25",3474,2994,66999,0,,11,119.9,5.7,7.2,,1.8
"2025-10-02 23:32:26",3475,2995,66986,-36.400728,-71.43511,12.15,114.2,5.68,7.2,,1.9
"2025-10-02 23:32:27",3476,2996,66980,0,,,,5.64,7.25,,1.8
"2025-10-02 23:32:28",3477,2997,66975,0,,,,5.62,7.2,,1.7
"2025-10-02 23:32:29",3477,2997,66970,0,,,,5.66,7.2,,1.7
"2025-10-02 23:32:30",3479,2999,66955,0,,10.6,115,5.64,7.2,,1.7
"2025-10-02 23:32:31",3481,3001,66941,0,,12.95,115,5.63,7.2,,1.7
"2025-10-02 23:32:32",3482,3002,66928,-36.401002,-71.434407,11.3,114.8,5.63,7.15,,1.7
"2025-10-02 23:32:33",3485,3005,66909,0,,10.95,118.2,5.63,7.15,,1.7
"2025-10-02 23:32:34",3487,3007,66891,0,,10.95,118.2,5.69,7.2,,1.7
"2025-10-02 23:32:35",3489,3009,66874,-36.401088,-71.434167,11.3,117.7,5.7,7.2,,1.6
"2025-10-02 23:32:37",3493,3013,66844,0,,11.7,109,5.67,7.2,,1.6
"2025-10-02 23:32:38",3494,3014,66830,-36.401275,-71.433695,12.05,119.9,5.68,7.2,,1.6
"2025-10-02 23:32:39",3496,3016,66815,0,,,,5.66,7.25,,1.7
"2025-10-02 23:32:40",3498,3018,66801,0,,,,5.71,7.2,,1.8
"2025-10-02 23:32:41",3500,3020,66788,0,,,,5.73,7.2,13.5,1.9
"2025-10-02 23:32:43",3503,3023,66760,0,,10.85,115.8,5.73,7.2,,1.8
"2025-10-02 23:32:44",3505,3025,66746,-36.401547,-71.432977,13.1,113.4,5.69,7.2,,1.9
"2025-10-02 23:32:46",3507,3027,66730,0,,11.3,117.8,5.61,7.15,,1.7
"2025-10-02 23:32:47",3508,3028,66722,-36.401683,-71.432618,12.65,109.6,5.58,7.2,,1.6
"2025-10-02 23:32:48",3510,3030,66703,0,,,,5.54,7.15,,1.6
"2025-10-02 23:32:49",3512,3032,66685,0,,,,5.54,7.15,,1.6
"2025-10-02 23:32:50",3514,3034,66668,0,,,,5.52,7.2,,1.7
"2025-10-02 23:32:52",3517,3037,66649,0,,11.65,114.8,5.5,7.2,,1.6
"2025-10-02 23:32:53",3518,3038,66640,-36.401953,-71.431903,10.95,112,5.47,7.2,,1.5
"2025-10-02 23:32:55",3522,3042,66609,0,,13.1,115.6,5.44,7.2,,1.5
"2025-10-02 23:32:56",3523,3043,66594,-36.402042,-71.431663,11.15,115.7,5.43,7.25,,1.6
"2025-10-02 23:32:58",3526,3046,66572,0,,11.35,115.4,5.42,7.25,,1.5
"2025-10-02 23:32:59",3527,3047,66562,-36.402215,-71.431173,11.75,117.5,5.39,7.3,,1.6
"2025-10-02 23:33:00",3528,3048,66553,0,,,,5.38,7.3,,1.6
"2025-10-02 23:33:01",3529,3049,66544,0,,,,5.33,7.3,,1.5
"2025-10-02 23:33:02",3530,3050,66536,0,,,,5.31,7.3,,1.4
"2025-10-02 23:33:03",3532,3052,66520,0,,12.35,116,5.32,7.25,,1.4
"2025-10-02 23:33:04",3534,3054,66504,0,,12.65,116.7,5.32,7.25,,1.4
"2025-10-02 23:33:05",3536,3056,66488,-36.402482,-71.430443,12.55,113.2,5.39,7.3,,1.5
"2025-10-02 23:33:07",3539,3059,66462,0,,13.1,114.7,5.33,7.3,,1.6
"2025-10-02 23:33:08",3541,3061,66450,-36.402615,-71.430075,12.2,111.9,5.34,7.3,13,1.5
"2025-10-02 23:33:09",3542,3062,66442,0,,,,5.37,7.3,,1.4
"2025-10-02 23:33:10",3543,3063,66435,0,,,,5.34,7.3,,1.4
"2025-10-02 23:33:11",3544,3064,66428,0,,,,5.31,7.3,,1.4
"2025-10-02 23:33:12",3545,3065,66418,0,,11.95,120.6,5.3,7.3,,1.4
"2025-10-02 23:33:13",3546,3066,66409,0,,11.95,120.6,5.35,7.3,,1.4
"2025-10-02 23:33:14",3547,3067,66400,-36.402883,-71.429328,11.85,115.1,5.31,7.3,,1.4
"2025-10-02 23:33:15",3549,3069,66382,0,,11.85,115.1,5.29,7.35,,1.5
"2025-10-02 23:33:16",3552,3072,66364,0,,11.2,108.7,5.28,7.35,,1.5
"2025-10-02 23:33:17",3554,3074,66346,-36.402967,-71.429088,12.15,115.2,5.25,7.4,,1.5
"2025-10-02 23:33:18",3556,3076,66331,0,,12.15,115.2,5.23,7.4,,1.5
"2025-10-02 23:33:19",3557,3077,66316,0,,10.75,113.7,5.23,7.4,,1.5
"2025-10-02 23:33:20",3559,3079,66302,-36.403098,-71.428718,12.65,114.8,5.22,7.4,,1.5
"2025-10-02 23:33:21",3560,3080,66295,0,,,,5.18,7.4,,1.5
"2025-10-02 23:33:22",3561,3081,66288,0,,,,5.15,7.4,,1.5
"2025-10-02 23:33:23",3562,3082,66282,0,,,,5.15,7.4,,1.5
"2025-10-02 23:33:24",3563,3083,66275,0,,12.45,113.8,5.15,7.4,,1.5
"2025-10-02 23:33:25",3563,3083,66268,0,,12.9,118.1,5.12,7.45,,1.4
"2025-10-02 23:33:26",3564,3084,66262,-36.403408,-71.427857,12,113.3,5.12,7.45,,1.4
"2025-10-02 23:33:27",3566,3086,66245,0,,12,113.3,5.12,7.45,,1.4
"2025-10-02 23:33:28",3568,3088,66228,0,,13.6,113.8,5.11,7.45,,1.4
"2025-10-02 23:33:29",3570,3090,66212,-36.403545,-71.427482,11.7,115.1,5.1,7.45,,1.4
"2025-10-02 23:33:30",3573,3093,66195,0,,,,5.09,7.45,,1.4
"2025-10-02 23:33:31",3575,3095,66178,0,,,,5.09,7.45,,1.4
"2025-10-02 23:33:32",3577,3097,66162,0,,,,5.07,7.45,,1.4
"2025-10-02 23:33:33",3577,3097,66157,0,,12.35,116.2,5.04,7.45,,1.4
"2025-10-02 23:33:34",3578,3098,66153,0,,12.35,116.2,5.07,7.45,,1.4
"2025-10-02 23:33:35",3578,3098,66150,-36.403813,-71.426728,12.4,118.8,5.04,7.45,13,1.4
"2025-10-02 23:33:37",3583,3103,66111,0,,11.45,108.6,5.02,7.45,,1.6
"2025-10-02 23:33:38",3585,3105,66092,-36.40394,-71.426342,13.2,114.9,5.05,7.45,,1.7
"2025-10-02 23:33:39",3587,3107,66079,0,,13.2,114.9,5.09,7.45,,1.7
"2025-10-02 23:33:40",3588,3108,66066,0,,11.35,115.1,5.12,7.45,,1.7
"2025-10-02 23:33:41",3590,3110,66054,-36.404063,-71.425963,12.85,110.5,5.09,7.45,,1.6
"2025-10-02 23:33:43",3591,3111,66046,0,,12.4,117.8,5,7.45,,1.4
"2025-10-02 23:33:44",3591,3111,66042,-36.404187,-71.425577,12.7,106.7,5.01,7.4,,1.3
"2025-10-02 23:33:45",3594,3114,66023,0,,11.95,109.5,4.98,7.4,,1.3
"2025-10-02 23:33:46",3596,3116,66005,0,,13.4,115.2,5.02,7.4,,1.5
"2025-10-02 23:33:47",3598,3118,65988,-36.404303,-71.425187,11.8,105.6,5,7.35,,1.6
"2025-10-02 23:33:48",3600,3120,65976,0,,11.8,105.6,5,7.35,,1.7
"2025-10-02 23:33:49",3601,3121,65965,0,,13.8,109.8,4.99,7.35,,1.5
"2025-10-02 23:33:50",3602,3122,65954,-36.40442,-71.424795,11.3,109.2,4.95,7.35,,1.4
"2025-10-02 23:33:51",3604,3124,65942,0,,12.6,110.1,4.94,7.3,,1.4
"2025-10-02 23:33:52",3605,3125,65931,0,,13.3,104.6,4.92,7.3,,1.4
"2025-10-02 23:33:53",3607,3127,65920,-36.404533,-71.424387,12.1,112.7,4.89,7.3,,1.4
"2025-10-02 23:33:54",3607,3127,65915,0,,13.1,109.5,4.86,7.25,,1.3
"2025-10-02 23:33:55",3608,3128,65910,0,,13.1,109.5,4.85,7.25,,1.4
"2025-10-02 23:33:56",3608,3128,65906,-36.404642,-71.423975,12.15,104,4.85,7.25,,1.4
"2025-10-02 23:33:57",3610,3130,65890,0,,12.15,104,4.85,7.25,,1.4
"2025-10-02 23:33:58",3612,3132,65874,0,,11.55,110.8,4.88,7.25,,1.4
"2025-10-02 23:33:59",3614,3134,65858,-36.40475,-71.423575,13.4,109,4.9,7.25,,1.4
"2025-10-02 23:34:00",3615,3135,65851,0,,13.4,109,4.89,7.25,,1.3
"2025-10-02 23:34:01",3616,3136,65844,0,,12.35,113.7,4.88,7.25,,1.2
"2025-10-02 23:34:02",3617,3137,65838,-36.404855,-71.423172,13.1,106.6,4.94,7.2,12.75,1.2
"2025-10-02 23:34:03",3619,3139,65821,0,,13.1,106.6,4.93,7.2,,1.2
"2025-10-02 23:34:04",3621,3141,65805,0,,13.6,110.2,4.92,7.15,,1.3
"2025-10-02 23:34:05",3623,3143,65790,-36.40496,-71.422763,13.1,105.6,4.95,7.15,,1.3
"2025-10-02 23:34:07",3624,3144,65783,0,,14.05,106.4,4.98,7.15,,1.3
"2025-10-02 23:34:08",3624,3144,65780,-36.405065,-71.422355,12.65,105.8,4.98,7.1,,1.3
"2025-10-02 23:34:09",3626,3146,65764,0,,12.35,112.1,4.96,7.1,,1.3
"2025-10-02 23:34:10",3628,3148,65749,0,,12.35,112.1,4.95,7.1,,1.3
"2025-10-02 23:34:11",3630,3150,65734,-36.405167,-71.421943,12.55,107,4.97,7.1,,1.3
"2025-10-02 23:34:12",3631,3151,65721,0,,13.4,111.7,4.95,7.1,,1.3
"2025-10-02 23:34:13",3633,3153,65708,0,,12.35,101.1,4.97,7.1,,1.4
"2025-10-02 23:34:14",3634,3154,65696,-36.405263,-71.421528,12.55,108,4.97,7.1,,1.4
"2025-10-02 23:34:15",3636,3156,65683,0,,,,4.97,7.1,,1.5
"2025-10-02 23:34:16",3638,3158,65670,0,,,,4.96,7.05,,1.5
"2025-10-02 23:34:17",3639,3159,65658,0,,,,4.94,7.05,,1.4
"2025-10-02 23:34:18",3640,3160,65653,0,,12.7,101.7,4.93,7.05,,1.3
"2025-10-02 23:34:19",3640,3160,65649,0,,12.1,108.8,4.89,7.05,,1.4
"2025-10-02 23:34:20",3641,3161,65646,-36.405433,-71.42084,13.85,107.7,4.85,7.05,,1.4
"2025-10-02 23:34:21",3642,3162,65631,0,,12.5,100.8,4.83,7.05,,1.4
"2025-10-02 23:34:22",3644,3164,65616,0,,12.85,110.7,4.84,7.05,,1.4
"2025-10-02 23:34:23",3646,3166,65602,-36.405555,-71.42029,12.9,104.4,4.86,7.05,,1.4
"2025-10-02 23:34:24",3647,3167,65591,0,,11.75,103.6,4.88,7.05,,1.3
"2025-10-02 23:34:25",3649,3169,65581,0,,11.75,103.6,4.88,7.05,,1.3
"2025-10-02 23:34:26",3650,3170,65572,-36.405647,-71.419867,13.2,102.8,4.85,7,,1.3
"2025-10-02 23:34:27",3651,3171,65564,0,,12.3,108.8,4.84,7,,1.2
"2025-10-02 23:34:28",3652,3172,65556,0,,13.45,104.2,4.8,6.95,,1.2
"2025-10-02 23:34:29",3653,3173,65548,-36.405738,-71.419438,12.65,102.6,4.78,6.95,12.5,1.1
"2025-10-02 23:34:30",3653,3173,65543,0,,12.65,102.6,4.76,7,,1.1
"2025-10-02 23:34:31",3654,3174,65538,0,,12.65,102.1,4.79,7,,1.2
"2025-10-02 23:34:32",3655,3175,65534,-36.405827,-71.419018,12.1,104.3,4.76,6.95,,1.2
"2025-10-02 23:34:33",3656,3176,65518,0,,14.25,105.3,4.74,6.9,,1.2
"2025-10-02 23:34:34",3658,3178,65503,0,,12.25,104.5,4.73,6.9,,1.2
"2025-10-02 23:34:35",3660,3180,65488,-36.405915,-71.418602,12.55,107,4.72,6.85,,1.2
"2025-10-02 23:34:37",3663,3183,65466,0,,12.25,107.1,4.67,6.85,,1.2
"2025-10-02 23:34:38",3664,3184,65456,-36.406003,-71.41819,13.2,107.6,4.65,6.8,,1.2
"2025-10-02 23:34:39",3666,3186,65442,0,,13.15,107.6,4.63,6.85,,1.3
"2025-10-02 23:34:40",3668,3188,65429,0,,13.05,107.2,4.65,6.8,,1.3
"2025-10-02 23:34:41",3669,3189,65416,-36.406063,-71.417912,12.9,105.5,4.68,6.8,,1.4
"2025-10-02 23:34:42",3670,3190,65411,0,,,,4.71,6.8,,1.3
"2025-10-02 23:34:43",3670,3190,65406,0,,,,4.7,6.75,,1.3
"2025-10-02 23:34:44",3671,3191,65402,0,,,,4.7,6.75,,1.3
"2025-10-02 23:34:45",3672,3192,65395,0,,13.3,100.4,4.68,6.7,,1.3
"2025-10-02 23:34:46",3673,3193,65388,0,,13.95,106.2,4.66,6.7,,1.2
"2025-10-02 23:34:47",3674,3194,65382,-36.406265,-71.41696,12.2,101.2,4.65,6.65,,1.1
"2025-10-02 23:34:48",3675,3195,65367,0,,12.2,109.5,4.63,6.6,,1.2
"2025-10-02 23:34:49",3677,3197,65352,0,,13.35,101.4,4.61,6.6,,1.2
"2025-10-02 23:34:50",3679,3199,65338,-36.40635,-71.416548,12.05,102.5,4.64,6.55,,1.2
"2025-10-02 23:34:51",3680,3200,65327,0,,12.05,102.5,4.66,6.55,,1.2
"2025-10-02 23:34:52",3682,3202,65315,0,,12.65,101.2,4.63,6.55,,1.2
"2025-10-02 23:34:53",3683,3203,65304,-36.40644,-71.416132,11.8,106.6,4.6,6.5,,1.2
"2025-10-02 23:34:54",3685,3205,65294,0,,14.15,104.5,4.63,6.4,,1.2
"2025-10-02 23:34:55",3686,3206,65285,0,,12.5,101.8,4.64,6.4,,1.3
"2025-10-02 23:34:56",3687,3207,65276,-36.406523,-71.415705,12.85,108,4.61,6.35,12.25,1.3
"2025-10-02 23:34:57",3688,3208,65265,0,,13.65,99.1,4.59,6.35,,1.3
"2025-10-02 23:34:58",3690,3210,65254,0,,12.8,104.4,4.64,6.35,,1.4
"2025-10-02 23:34:59",3691,3211,65244,-36.406608,-71.415277,13.95,107.3,4.69,6.3,,1.4
"2025-10-02 23:35:00",3692,3212,65232,0,,13.95,107.3,4.73,6.25,,1.4
"2025-10-02 23:35:01",3694,3214,65221,0,,13.1,105.7,4.74,6.25,,1.4
"2025-10-02 23:35:02",3695,3215,65210,-36.406667,-71.414987,14.35,103.2,4.72,6.2,,1.4
"2025-10-02 23:35:03",3696,3216,65202,0,,,,4.69,6.2,,1.3
"2025-10-02 23:35:04",3697,3217,65195,0,,,,4.67,6.15,,1.3
"2025-10-02 23:35:05",3698,3218,65188,0,,,,4.65,6.15,,1.2
"2025-10-02 23:35:06",3698,3218,65185,0,,13.1,107.1,4.63,6.15,,1.1
"2025-10-02 23:35:07",3699,3219,65182,0,,14,105,4.66,6.1,,1.1
"2025-10-02 23:35:08",3699,3219,65180,-36.406868,-71.413973,12.45,98.6,4.68,6.1,,1
"2025-10-02 23:35:10",3703,3223,65149,0,,13.95,103.7,4.7,6.1,,1.1
"2025-10-02 23:35:11",3705,3225,65134,-36.406958,-71.413538,12.05,102.7,4.69,6.05,,1.1
"2025-10-02 23:35:13",3706,3226,65122,0,,13.45,101.8,4.76,6.05,,1.1
"2025-10-02 23:35:14",3707,3227,65116,-36.407042,-71.413103,12.3,106.2,4.74,6.05,,1
"2025-10-02 23:35:16",3711,3231,65083,0,,14.4,100.1,4.72,6,,1.2
"2025-10-02 23:35:17",3713,3233,65068,-36.407125,-71.412667,13.2,101.7,4.75,5.95,,1.3
"2025-10-02 23:35:19",3715,3235,65050,0,,13.05,102.1,4.89,5.95,,1.3
"2025-10-02 23:35:20",3716,3236,65042,-36.407203,-71.412228,14.55,105.3,4.9,5.95,,1.4
"2025-10-02 23:35:22",3719,3239,65023,0,,13.45,103.9,4.88,5.85,,1.4
"2025-10-02 23:35:23",3720,3240,65014,-36.407282,-71.411793,14.5,101.7,4.85,5.85,12,1.3
"2025-10-02 23:35:25",3722,3242,64996,0,,13.4,104,4.79,5.8,,1.3
"2025-10-02 23:35:26",3723,3243,64988,-36.40736,-71.411368,13.75,97.6,4.74,5.8,,1.3
"2025-10-02 23:35:27",3723,3243,64985,0,,13,107.9,4.7,5.8,,1.3
"2025-10-02 23:35:28",3724,3244,64982,0,,13.7,101.9,4.67,5.75,,1.1
"2025-10-02 23:35:29",3724,3244,64980,-36.407438,-71.41094,12.8,98.4,4.65,5.7,,0.9
"2025-10-02 23:35:30",3726,3246,64962,0,,13.3,108.3,4.64,5.7,,1
"2025-10-02 23:35:31",3728,3248,64946,0,,13.7,100.3,4.64,5.65,,1.1
"2025-10-02 23:35:32",3730,3250,64930,-36.407518,-71.4105,12.35,100.6,4.6,5.65,,1.2
"2025-10-02 23:35:33",3731,3251,64920,0,,12.35,100.6,4.57,5.7,,1.2
"2025-10-02 23:35:34",3733,3253,64911,0,,13.4,99.8,4.52,5.7,,1.2
"2025-10-02 23:35:35",3734,3254,64902,-36.4076,-71.410053,12.5,105,4.5,5.65,,1.2
"2025-10-02 23:35:37",3735,3255,64893,0,,13.45,102.2,4.5,5.65,,1.1
"2025-10-02 23:35:38",3735,3255,64890,-36.407683,-71.409595,13.45,107.3,4.5,5.65,,1
"2025-10-02 23:35:39",3736,3256,64881,0,,14.2,97.3,4.55,5.65,,1.1
"2025-10-02 23:35:40",3737,3257,64873,0,,13.25,103.8,4.51,5.65,,1.1
"2025-10-02 23:35:41",3738,3258,64866,-36.407765,-71.409148,14.5,105.7,4.5,5.65,,1.2
"2025-10-02 23:35:42",3740,3260,64854,0,,14.55,105.7,4.5,5.65,,1.2
"2025-10-02 23:35:43",3741,3261,64843,0,,13.65,103.2,4.5,5.65,,1.2
"2025-10-02 23:35:44",3743,3263,64832,-36.407813,-71.408852,14.75,100,4.5,5.7,,1.1
"2025-10-02 23:35:45",3744,3264,64821,0,,12.95,105.2,4.49,5.7,,1
"2025-10-02 23:35:46",3745,3265,64810,0,,12.95,105.2,4.46,5.7,,1.1
"2025-10-02 23:35:47",3747,3267,64800,-36.40789,-71.408408,14.25,97.6,4.45,5.75,,1.1
"2025-10-02 23:35:49",3749,3269,64781,0,,14.2,101.8,4.41,5.8,,1.1
"2025-10-02 23:35:50",3750,3270,64772,-36.407998,-71.407798,14.05,98.8,4.45,5.85,11.75,1.2
"2025-10-02 23:35:51",3751,3271,64762,0,,14.05,98.8,4.45,5.85,,1.2
"2025-10-02 23:35:52",3752,3272,64753,0,,14.35,101.7,4.42,5.9,,1.2
"2025-10-02 23:35:53",3754,3274,64744,-36.408083,-71.407333,13.05,103.3,4.42,5.95,,1.3
"2025-10-02 23:35:54",3754,3274,64739,0,,13.05,103.3,4.4,6,,1.2
"2025-10-02 23:35:55",3755,3275,64734,0,,14,101.5,4.38,6.05,,1.2
"2025-10-02 23:35:56",3755,3275,64730,-36.40817,-71.406865,13.65,106.3,4.37,6.1,,1.1
"2025-10-02 23:35:57",3757,3277,64719,0,,15.3,98.4,4.41,6.15,,1.1
"2025-10-02 23:35:58",3758,3278,64709,0,,15.3,98.4,4.4,6.15,,1.1
"2025-10-02 23:35:59",3759,3279,64700,-36.408255,-71.406393,14.7,106.8,4.42,6.2,,1.1
"2025-10-02 23:36:00",3760,3280,64690,0,,14.45,97.4,4.46,6.2,,1.1
"2025-10-02 23:36:01",3762,3282,64681,0,,14.35,104.1,4.48,6.25,,1
"2025-10-02 23:36:02",3763,3283,64672,-36.40834,-71.405922,14.55,104.3,4.55,6.3,,1
"2025-10-02 23:36:03",3763,3283,64666,0,,,,4.55,6.35,,1
"2025-10-02 23:36:04",3764,3284,64660,0,,,,4.56,6.4,,1
"2025-10-02 23:36:05",3765,3285,64654,0,,,,4.59,6.4,,1
"2025-10-02 23:36:06",3767,3287,64641,0,,,,4.57,6.4,,1
"2025-10-02 23:36:07",3768,3288,64629,0,,,,4.55,6.4,,1.1
"2025-10-02 23:36:08",3770,3290,64618,0,,,,4.52,6.4,,1.2
"2025-10-02 23:36:10",3772,3292,64599,0,,14.6,99.7,4.55,6.5,,1.2
"2025-10-02 23:36:11",3773,3293,64590,-36.408573,-71.40466,13.45,102.9,4.58,6.5,,1.2
"2025-10-02 23:36:13",3775,3295,64572,0,,14.8,106.2,4.57,6.5,,1.1
"2025-10-02 23:36:14",3776,3296,64564,-36.4087,-71.404033,13.25,105.3,4.56,6.5,,1.1
"2025-10-02 23:36:15",3777,3297,64559,0,,15.5,105.4,4.52,6.5,,1.1
"2025-10-02 23:36:16",3778,3298,64554,0,,14.55,100.2,4.48,6.5,,1.1
"2025-10-02 23:36:17",3778,3298,64550,-36.408797,-71.403563,13.5,108.3,4.45,6.5,11.5,1.1
"2025-10-02 23:36:18",3780,3300,64536,0,,15.45,101.4,4.43,6.5,,1.1
"2025-10-02 23:36:19",3782,3302,64523,0,,15.45,101.4,4.42,6.5,,1.2
"2025-10-02 23:36:20",3783,3303,64510,-36.408887,-71.40309,14.6,108.7,4.44,6.5,,1.2
"2025-10-02 23:36:37",3799,3319,64381,0,,14.5,99.7,4.28,6.35,,1
"2025-10-02 23:36:38",3800,3320,64374,-36.409428,-71.400242,14.7,107.7,4.27,6.35,,1
"2025-10-02 23:36:39",3802,3322,64360,0,,14.55,102.7,4.28,6.35,,1
"2025-10-02 23:36:40",3804,3324,64346,0,,14.55,102.7,4.28,6.3,,1
"2025-10-02 23:36:41",3806,3326,64332,-36.409487,-71.399927,16.15,105.1,4.27,6.3,,1.1
"2025-10-02 23:36:42",3806,3326,64327,0,,13.85,103.9,4.28,6.3,,1.1
"2025-10-02 23:36:43",3807,3327,64322,0,,14.3,104.9,4.27,6.3,,1
"2025-10-02 23:36:44",3808,3328,64318,-36.409622,-71.399288,14.55,102.9,4.35,6.3,11.25,1
"2025-10-02 23:36:45",3809,3329,64307,0,,13.5,106,4.34,6.3,,1
"2025-10-02 23:36:46",3810,3330,64296,0,,14.6,105.9,4.34,6.3,,1
"2025-10-02 23:36:47",3812,3332,64286,-36.409718,-71.398815,14,100.1,4.34,6.25,,1.1
"2025-10-02 23:36:48",3813,3333,64278,0,,14,100.1,4.33,6.25,,1
"2025-10-02 23:36:49",3813,3333,64271,0,,15.3,105.2,4.3,6.25,,1.2
"2025-10-02 23:36:50",3814,3334,64264,-36.409818,-71.398337,14.65,99.9,4.33,6.2,,1.2
"2025-10-02 23:36:51",3815,3335,64256,0,,14.65,99.9,4.29,6.2,,1.1
"2025-10-02 23:36:52",3816,3336,64249,0,,15.15,103.5,4.29,6.15,,1
"2025-10-02 23:36:53",3817,3337,64242,-36.409885,-71.39802,15.15,101.7,4.33,6.15,,1
"2025-10-02 23:36:54",3818,3338,64236,0,,,,4.34,6.15,,1
"2025-10-02 23:36:55",3819,3339,64231,0,,,,4.33,6.15,,1
"2025-10-02 23:36:56",3819,3339,64226,0,,,,4.31,6.15,,1
"2025-10-02 23:36:57",3821,3341,64213,0,,15.25,107.1,4.34,6.15,,1
"2025-10-02 23:36:58",3822,3342,64201,0,,14.55,103.8,4.33,6.15,,1
"2025-10-02 23:36:59",3824,3344,64190,-36.410127,-71.396898,14.75,109.2,4.34,6.15,,1
"2025-10-02 23:37:00",3825,3345,64182,0,,14.75,100.1,4.34,6.15,,1
"2025-10-02 23:37:01",3826,3346,64175,0,,14.75,100.1,4.31,6.15,,1
"2025-10-02 23:37:02",3827,3347,64168,-36.410195,-71.396572,15.75,107.6,4.3,6.15,,1
"2025-10-02 23:37:03",3828,3348,64157,0,,14.05,100.4,4.31,6.15,,1
"2025-10-02 23:37:04",3829,3349,64147,0,,15.1,105.4,4.31,6.15,,1.1
"2025-10-02 23:37:05",3830,3350,64138,-36.410327,-71.395928,14.95,103.7,4.3,6.15,,1.1
"2025-10-02 23:37:06",3831,3351,64129,0,,13.75,105.4,4.29,6.15,,1.1
"2025-10-02 23:37:07",3832,3352,64121,0,,15.2,104.2,4.28,6.15,,1.2
"2025-10-02 23:37:08",3833,3353,64114,-36.410423,-71.395442,14.6,100.9,4.3,6.15,,1.2
"2025-10-02 23:37:09",3834,3354,64106,0,,14.3,108.9,4.29,6.15,,1.1
"2025-10-02 23:37:10",3835,3355,64099,0,,14.3,108.9,4.27,6.15,,1.1
"2025-10-02 23:37:11",3836,3356,64092,-36.410485,-71.395115,14.95,101,4.27,6.15,11,1
"2025-10-02 23:37:13",3837,3357,64086,0,,15.25,100.1,4.27,6.15,,0.9
"2025-10-02 23:37:14",3837,3357,64084,-36.410618,-71.39446,15.3,102.4,4.27,6.15,,0.9
"2025-10-02 23:37:15",3838,3358,64076,0,,15.3,102.4,4.26,6.1,,0.9
"2025-10-02 23:37:16",3839,3359,64069,0,,14.7,100.5,4.28,6.1,,0.8
"2025-10-02 23:37:17",3840,3360,64062,-36.410717,-71.39397,15.35,104.9,4.27,6.1,,0.8
"2025-10-02 23:37:18",3841,3361,64052,0,,15.35,104.9,4.28,6.1,,0.8
"2025-10-02 23:37:19",3843,3363,64042,0,,14.3,100,4.28,6.1,,0.9
"2025-10-02 23:37:20",3844,3364,64032,-36.410808,-71.393472,15.15,104.5,4.28,6.1,,0.9
"2025-10-02 23:37:21",3845,3365,64023,0,,16.65,102.4,4.28,6.05,,0.9
"2025-10-02 23:37:22",3846,3366,64014,0,,16.65,102.4,4.29,6.05,,0.9
"2025-10-02 23:37:23",3847,3367,64006,-36.410897,-71.39298,13.5,102.9,4.27,6,,0.9
"2025-10-02 23:37:24",3849,3369,63992,0,,16.35,99.9,4.33,6,,1
"2025-10-02 23:37:25",3851,3371,63979,0,,13.75,105.4,4.3,6,,1.1
"2025-10-02 23:37:26",3852,3372,63966,-36.410983,-71.392488,15.35,102.8,4.29,5.95,,1.3
"2025-10-02 23:37:27",3853,3373,63958,0,,15.65,97.1,4.29,5.95,,1.2
"2025-10-02 23:37:28",3854,3374,63950,0,,15,105.6,4.26,5.95,,1.2
"2025-10-02 23:37:29",3855,3375,63942,-36.411068,-71.391992,15.6,101.9,4.28,5.9,,1.3
"2025-10-02 23:37:31",3857,3377,63928,0,,13.95,99.9,4.28,5.95,,1.2
"2025-10-02 23:37:32",3858,3378,63922,-36.411123,-71.391663,14.85,98.1,4.25,5.9,,1.2
"2025-10-02 23:37:33",3859,3379,63917,0,,14.85,98.1,4.22,5.9,,1.1
"2025-10-02 23:37:34",3859,3379,63912,0,,15.55,104.6,4.2,5.9,,1.1
"2025-10-02 23:37:35",3860,3380,63908,-36.41123,-71.391017,14.9,96,4.18,5.85,,1
"2025-10-02 23:37:37",3863,3383,63882,0,,15.8,102.8,4.14,5.85,,1.1
"2025-10-02 23:37:38",3865,3385,63870,-36.411288,-71.390692,13.5,99.3,4.15,5.85,11,1.1
"2025-10-02 23:37:40",3867,3387,63852,0,,13.55,99.3,4.16,5.8,,1
"2025-10-02 23:37:41",3868,3388,63844,-36.411393,-71.390047,13.65,104.7,4.14,5.8,,1
"2025-10-02 23:37:43",3869,3389,63837,0,,14.9,98.8,4.15,5.75,,1
"2025-10-02 23:37:44",3869,3389,63834,-36.411475,-71.389552,15,105.3,4.13,5.75,,0.9
"2025-10-02 23:37:45",3871,3391,63818,0,,,,4.13,5.75,,1
"2025-10-02 23:37:46",3873,3393,63803,0,,,,4.12,5.7,,1.2
"2025-10-02 23:37:47",3875,3395,63788,0,,,,4.1,5.7,,1.3
"2025-10-02 23:37:48",3876,3396,63781,0,,,,4.11,5.7,,1.2
"2025-10-02 23:37:49",3877,3397,63774,0,,,,4.09,5.65,,1.2
"2025-10-02 23:37:50",3878,3398,63768,0,,,,4.08,5.65,,1.1
"2025-10-02 23:37:52",3880,3400,63749,0,,14.6,94.8,4.02,5.6,,1.1
"2025-10-02 23:37:53",3881,3401,63740,-36.411662,-71.388233,15.65,96.6,4.02,5.55,,1.1
"2025-10-02 23:37:55",3883,3403,63725,0,,15.2,103.8,4,5.5,,1.1
"2025-10-02 23:37:56",3884,3404,63718,-36.411747,-71.387577,15.1,96.6,4.08,5.5,,1.2
"2025-10-02 23:37:58",3886,3406,63702,0,,16.3,98.5,4.08,5.45,,1.2
"2025-10-02 23:37:59",3887,3407,63694,-36.411813,-71.387077,14.05,100.7,4.06,5.4,,1.1
"2025-10-02 23:38:04",3892,3412,63654,0,,15.6,98.7,4,5.35,,1
"2025-10-02 23:38:05",3893,3413,63646,-36.411937,-71.38608,15.1,103.6,3.98,5.3,10.75,1
"2025-10-02 23:38:06",3894,3414,63639,0,,,,4,5.3,,1
"2025-10-02 23:38:07",3895,3415,63632,0,,,,4.05,5.3,,1
"2025-10-02 23:38:08",3896,3416,63626,0,,,,4.06,5.25,,1
"2025-10-02 23:38:09",3897,3417,63617,0,,14.95,99.1,4.05,5.25,,1
"2025-10-02 23:38:10",3898,3418,63608,0,,13.9,97.9,4.04,5.2,,1
"2025-10-02 23:38:11",3899,3419,63600,-36.41205,-71.385082,15.4,100.1,4.07,5.2,,1
"2025-10-02 23:38:12",3901,3421,63587,0,,15.6,96.5,4.05,5.25,,1
"2025-10-02 23:38:13",3902,3422,63575,0,,15.6,96.5,4.05,5.2,,1.1
"2025-10-02 23:38:14",3904,3424,63564,-36.412107,-71.384583,16.1,94.8,4,5.2,,1.1
"2025-10-02 23:38:15",3905,3425,63554,0,,,,4,5.15,,1.1
"2025-10-02 23:38:16",3906,3426,63545,0,,,,4,5.15,,1.2
"2025-10-02 23:38:17",3907,3427,63536,0,,,,4,5.1,,1.2
"2025-10-02 23:38:18",3908,3428,63531,0,,14.95,97.9,4.05,5.1,,1.2
"2025-10-02 23:38:19",3909,3429,63526,0,,15.5,101.2,4.05,5.05,,1.1
"2025-10-02 23:38:20",3909,3429,63522,-36.412217,-71.38376,14.2,97.2,4,5.05,,1.1
"2025-10-02 23:38:21",3911,3431,63510,0,,14.55,97.7,4,5.05,,1.1
"2025-10-02 23:38:22",3912,3432,63499,0,,16.2,98.8,4,5,,1.2
"2025-10-02 23:38:23",3914,3434,63488,-36.412302,-71.38311,13.9,101.5,4.01,5,,1.2
"2025-10-02 23:38:27",3918,3438,63452,0,,14.95,100.4,4.08,5,,1.1
"2025-10-02 23:38:28",3919,3439,63443,0,,14.5,95.9,4.13,4.95,,1.1
"2025-10-02 23:38:29",3921,3441,63434,-36.412428,-71.382133,14.85,100.9,4.13,4.95,,1.1
"2025-10-02 23:40:44",4086,3606,62154,-36.41545,-71.358775,16.7,98.8,3.39,5.15,,1.2
"2025-10-02 23:40:45",4087,3607,62146,0,,17.05,102,3.38,5.15,,1.2
"2025-10-02 23:40:46",4088,3608,62139,0,,17.35,99,3.39,5.15,,1.2
"2025-10-02 23:40:47",4089,3609,62132,-36.415527,-71.358223,17.15,97.5,3.38,5.15,9.75,1.2
"2025-10-02 23:40:48",4091,3611,62117,0,,16.35,102.8,3.37,5.15,,1.2
"2025-10-02 23:40:49",4093,3613,62102,0,,16.35,102.8,3.37,5.15,,1.2
"2025-10-02 23:40:50",4095,3615,62088,-36.415577,-71.357857,16.85,97.5,3.39,5.2,,1.2
"2025-10-02 23:40:51",4096,3616,62080,0,,16.9,97.5,3.38,5.2,,1.2
"2025-10-02 23:40:52",4097,3617,62073,0,,16,97.4,3.36,5.2,,1.2
"2025-10-02 23:40:53",4098,3618,62066,-36.41565,-71.35731,16.4,100.3,3.35,5.2,,1.2
"2025-10-02 23:40:54",4100,3620,62050,0,,,,3.34,5.2,,1.2
"2025-10-02 23:40:55",4102,3622,62034,0,,,,3.35,5.2,,1.2
"2025-10-02 23:40:56",4104,3624,62018,0,,,,3.36,5.2,,1.5
"2025-10-02 23:41:03",4113,3633,61949,0,,17.5,98.7,3.34,5.2,,1.4
"2025-10-02 23:41:04",4114,3634,61939,0,,18,96.5,3.32,5.2,,1.5
"2025-10-02 23:41:05",4116,3636,61930,-36.415963,-71.35488,17.25,98.4,3.3,5.2,,1.5
"2025-10-02 23:41:09",4121,3641,61891,0,,16.9,95.5,3.24,5.2,,1.3
"2025-10-02 23:41:10",4122,3642,61881,0,,17.1,97.3,3.25,5.2,,1.3
"2025-10-02 23:41:11",4123,3643,61872,-36.416093,-71.353763,16.9,97.8,3.24,5.2,,1.3
"2025-10-02 23:41:21",4137,3657,61767,0,,17.05,100.1,3.13,5.2,,1.3
"2025-10-02 23:41:22",4139,3659,61756,0,,17,99,3.12,5.15,,1.4
"2025-10-02 23:41:23",4140,3660,61746,-36.41635,-71.351542,17.45,98.8,3.15,5.15,,1.4
"2025-10-02 23:41:24",4142,3662,61730,0,,,,3.12,5.15,,1.4
"2025-10-02 23:41:25",4144,3664,61715,0,,,,3.12,5.15,,1.5
"2025-10-02 23:41:26",4146,3666,61700,0,,,,3.11,5.15,,1.5
"2025-10-02 23:41:30",4152,3672,61654,0,,17.2,96.9,3.11,5.1,,1.5
"2025-10-02 23:41:31",4153,3673,61643,0,,16.45,94.3,3.12,5.1,,1.5
"2025-10-02 23:41:32",4155,3675,61632,-36.416515,-71.349877,16.75,96.1,3.1,5.05,,1.5
"2025-10-02 23:41:34",4157,3677,61614,0,,16.3,95.9,3.08,5.05,,1.6
"2025-10-02 23:41:35",4158,3678,61606,-36.41657,-71.349323,16.05,99.3,3.09,5,,1.5
"2025-10-02 23:41:37",4161,3681,61588,0,,16.05,97.2,3.06,5,,1.4
"2025-10-02 23:41:38",4162,3682,61580,-36.416627,-71.34876,17.15,98.9,3.08,5,,1.4
"2025-10-02 23:41:48",4177,3697,61468,0,,16.7,98,3.05,5,,1.4
"2025-10-02 23:41:49",4178,3698,61457,0,,17.3,93.4,3.02,5,,1.4
"2025-10-02 23:41:50",4180,3700,61446,-36.41679,-71.346708,16.95,94.6,3.02,4.95,,1.5
"2025-10-02 23:41:54",4184,3704,61411,0,,17,95.8,2.98,4.95,,1.4
"2025-10-02 23:41:55",4185,3705,61402,0,,16,95.8,3.01,4.95,,1.4
"2025-10-02 23:41:56",4186,3706,61394,-36.416892,-71.3456,15.9,96.5,3,4.95,,1.4
"2025-10-02 23:42:03",4197,3717,61313,0,,16.25,94.2,2.98,4.9,,1.4
"2025-10-02 23:42:04",4199,3719,61301,0,,15.8,96.1,2.97,4.9,,1.4
"2025-10-02 23:42:05",4200,3720,61290,-36.417013,-71.343913,17,95.9,2.95,4.9,,1.4
"2025-10-02 23:42:15",4214,3734,61181,0,,17.95,96.4,2.89,4.85,,1.5
"2025-10-02 23:42:16",4216,3736,61170,0,,16.95,91.7,2.87,4.85,,1.4
"2025-10-02 23:42:17",4217,3737,61160,-36.417153,-71.341638,17.05,94.5,2.86,4.85,,1.4
"2025-10-02 23:42:25",4229,3749,61074,0,,16.75,96.6,2.82,4.85,,1.4
"2025-10-02 23:42:26",4230,3750,61064,-36.417253,-71.339917,17.65,91.9,2.81,4.85,,1.4
"2025-10-02 23:42:31",4239,3759,61000,0,,17.2,91.5,2.82,4.85,,1.5
"2025-10-02 23:42:32",4240,3760,60988,-36.417315,-71.338557,17.85,93.7,2.82,4.8,,1.5
"2025-10-02 23:43:20",4307,3827,60490,-36.417708,-71.328903,19.05,91.1,2.61,3.25,,1.4
"2025-10-02 23:47:41",4598,4118,58350,-36.422553,-71.270767,20.3,97.3,0.6,25.95,,
"2025-10-02 23:47:43",4600,4120,58336,0,,20.05,96.1,0.58,26.15,,
"2025-10-02 23:47:44",4601,4121,58330,-36.422622,-71.270077,20.1,99.2,0.56,26.25,,
"2025-10-02 23:47:46",4601,4121,58323,0,,20.15,95.8,0.52,26.4,,
"2025-10-02 23:47:47",4602,4122,58320,-36.422685,-71.26938,20.15,98.4,0.56,26.5,,
"2025-10-02 23:47:49",4605,4125,58300,0,,19.9,97.9,0.54,26.6,,
"2025-10-02 23:47:50",4606,4126,58290,-36.422748,-71.268693,21.55,95.8,0.51,26.7,,
"2025-10-02 23:47:52",4608,4128,58278,0,,21.15,98.7,0.52,26.8,,
"2025-10-02 23:47:53",4609,4129,58272,-36.422812,-71.267997,20.85,95,0.51,26.85,,
"2025-10-02 23:47:55",4610,4130,58261,0,,21.8,96.3,0.49,26.95,,0.9
"2025-10-02 23:47:56",4611,4131,58256,-36.422865,-71.26731,19.45,94.9,0.46,27,,0.9
"2025-10-02 23:47:58",4613,4133,58241,0,,21.4,93.6,0.43,27.05,,0.9
"2025-10-02 23:47:59",4614,4134,58234,-36.42292,-71.266623,20,97,0.42,27.05,6.5,1
"2025-10-02 23:48:01",4615,4135,58224,0,,20.3,95.9,0.42,27.05,,0.9
"2025-10-02 23:48:02",4616,4136,58220,-36.422985,-71.265943,19.5,96.2,0.41,27.15,,0.9
"2025-10-02 23:48:03",4617,4137,58214,0,,21.3,97.6,0.4,27.15,,0.8
"2025-10-02 23:48:04",4617,4137,58209,0,,20.3,96.6,0.39,27.15,,0.8
"2025-10-02 23:48:05",4618,4138,58204,-36.423053,-71.265268,19.5,98.2,0.38,27.15,,0.8
"2025-10-02 23:48:06",4619,4139,58195,0,,19.95,95.5,0.38,27.15,,0.8
"2025-10-02 23:48:07",4620,4140,58187,0,,20.5,94.9,0.37,27.15,,0.8
"2025-10-02 23:48:08",4621,4141,58180,-36.423117,-71.264585,20.4,100.2,0.4,27.15,,0.9
"2025-10-02 23:48:09",4622,4142,58172,0,,20.35,92.4,0.43,27.15,,0.9
"2025-10-02 23:48:10",4623,4143,58165,0,,20.1,96.4,0.45,27.15,,0.9
"2025-10-02 23:48:11",4624,4144,58158,-36.423175,-71.263905,20.45,97.7,0.42,27.15,,0.9
"2025-10-02 23:48:12",4625,4145,58151,0,,20.4,95.4,0.4,27.15,,0.9
"2025-10-02 23:48:13",4626,4146,58144,0,,20.05,95.2,0.41,27.15,,0.9
"2025-10-02 23:48:14",4627,4147,58138,-36.423228,-71.263223,21.4,94.9,0.39,27.15,,0.9
"2025-10-02 23:48:15",4628,4148,58130,0,,20.2,95.5,0.37,27.15,,1
"2025-10-02 23:48:16",4629,4149,58123,0,,20.4,98,0.36,27.2,,1
"2025-10-02 23:48:17",4630,4150,58116,-36.423285,-71.262538,20.55,93.2,0.34,27.2,,1
"2025-10-02 23:48:18",4631,4151,58109,0,,20.55,96.1,0.32,27.2,,1
"2025-10-02 23:48:19",4632,4152,58102,0,,21.45,97.6,0.3,27.25,,1
"2025-10-02 23:48:20",4633,4153,58096,-36.42334,-71.261848,20,93.5,0.31,27.25,,1
"2025-10-02 23:48:21",4634,4154,58088,0,,20.7,96.4,0.34,27.25,,1
"2025-10-02 23:48:22",4635,4155,58080,0,,21.6,95.3,0.35,27.25,,1
"2025-10-02 23:48:23",4636,4156,58072,-36.423393,-71.261157,19.9,95.8,0.32,27.3,,1
"2025-10-02 23:48:24",4637,4157,58064,0,,20.55,97.4,0.34,27.3,,1
"2025-10-02 23:48:25",4638,4158,58056,0,,20.6,93.4,0.35,27.35,,1
"2025-10-02 23:48:26",4640,4160,58048,-36.423448,-71.260473,20,96.3,0.34,27.4,6,1
"2025-10-02 23:48:27",4641,4161,58040,0,,21.45,96.6,0.32,27.4,,1
"2025-10-02 23:48:28",4642,4162,58033,0,,20,93.9,0.32,27.4,,1
"2025-10-02 23:48:29",4643,4163,58026,-36.423503,-71.259792,20,97,0.3,27.4,,1
"2025-10-02 23:48:30",4644,4164,58019,0,,21.35,93.8,0.27,27.45,,1
"2025-10-02 23:48:31",4645,4165,58012,0,,19.85,94.6,0.24,27.45,,1
"2025-10-02 23:48:32",4645,4165,58006,-36.423553,-71.259103,21,97.4,0.23,27.4,,1
"2025-10-02 23:48:33",4647,4167,57998,0,,20.95,94.5,0.23,27.45,,1
"2025-10-02 23:48:34",4648,4168,57990,0,,19.7,95.5,0.23,27.45,,1
"2025-10-02 23:48:35",4649,4169,57982,-36.423608,-71.258418,20.35,96.9,0.21,27.4,,1
"2025-10-02 23:48:37",4650,4170,57972,0,,20.9,98.5,0.19,27.45,,1
"2025-10-02 23:48:38",4651,4171,57968,-36.423665,-71.25773,20.45,96.5,0.19,27.4,,0.9
"2025-10-02 23:48:39",4653,4173,57955,0,,19.2,95.5,0.16,27.4,,1
"2025-10-02 23:48:40",4654,4174,57942,0,,20.6,96.3,0.19,27.4,,1
"2025-10-02 23:48:41",4656,4176,57930,-36.423717,-71.257055,21.2,93.3,0.16,27.4,,1.1
"2025-10-02 23:48:43",4657,4177,57920,0,,21.5,95.4,0.15,27.35,,1.1
"2025-10-02 23:48:44",4658,4178,57916,-36.42376,-71.25637,21.2,94.1,0.14,27.3,,1
"2025-10-02 23:48:45",4659,4179,57907,0,,20.05,97.8,0.12,27.3,,1.1
"2025-10-02 23:48:46",4660,4180,57898,0,,20.95,94.2,0.09,27.3,,1.1
"2025-10-02 23:48:47",4662,4182,57890,-36.423808,-71.255697,20.65,92.8,0.08,27.25,,1.1
"2025-10-02 23:48:48",4663,4183,57881,0,,20.55,96.4,0.07,27.25,,1.1
"2025-10-02 23:48:49",4664,4184,57872,0,,21.65,94.7,0.06,27.25,,1.1
"2025-10-02 23:48:50",4665,4185,57864,-36.423862,-71.255013,19.65,96.2,0.05,27.25,,1.2
"2025-10-02 23:48:52",4668,4188,57839,0,,20.9,93,0.02,27.25,,1.2
"2025-10-02 23:48:53",4670,4190,57828,-36.423912,-71.254332,19.3,95.5,0.02,27.3,6,1.2
"2025-10-02 23:48:54",4671,4191,57819,0,,20.9,95.9,0.05,27.3,,1.2
"2025-10-02 23:48:55",4672,4192,57811,0,,20.65,92.4,0.05,27.3,,1.3
"2025-10-02 23:48:56",4673,4193,57804,-36.423958,-71.253652,20.55,97.2,0.04,27.35,,1.3
"2025-10-02 23:48:57",4675,4195,57793,0,,21.45,95,0.01,27.35,,1.3
"2025-10-02 23:48:58",4676,4196,57783,0,,19.2,94.8,0,27.35,,1.3
"2025-10-02 23:48:59",4678,4198,57774,-36.424013,-71.252982,20.15,97.6,-0.02,27.35,,1.3
"2025-10-02 23:49:00",4679,4199,57767,0,,20.9,92.7,-0.05,27.35,,1.3
"2025-10-02 23:49:01",4679,4199,57760,0,,19.75,93.5,-0.07,27.35,,1.3
"2025-10-02 23:49:02",4680,4200,57754,-36.424057,-71.2523,20.05,97,-0.08,27.4,,1.3
"2025-10-02 23:49:03",4682,4202,57743,0,,20.35,93.1,-0.09,27.4,,1.3
"2025-10-02 23:49:04",4683,4203,57732,0,,19.4,95.7,-0.09,27.4,,1.3
"2025-10-02 23:49:05",4685,4205,57722,-36.424103,-71.251622,21.3,94,-0.11,27.45,,1.3
"2025-10-02 23:49:06",4686,4206,57711,0,,20.4,93.4,-0.12,27.5,,1.2
"2025-10-02 23:49:07",4688,4208,57701,0,,20.35,98,-0.12,27.55,,1.3
"2025-10-02 23:49:08",4689,4209,57692,-36.424148,-71.250938,20.95,92.9,-0.11,27.6,,1.3
"2025-10-02 23:49:09",4691,4211,57681,0,,19.8,94.2,-0.11,27.65,,1.3
"2025-10-02 23:49:10",4692,4212,57670,0,,21.6,95.2,-0.12,27.7,,1.3
"2025-10-02 23:49:11",4694,4214,57660,-36.424192,-71.250252,20.1,94.6,-0.11,27.75,,1.3
"2025-10-02 23:49:13",4696,4216,57643,0,,21.35,92.5,-0.15,27.75,,1.4
"2025-10-02 23:49:14",4697,4217,57636,-36.424227,-71.24957,20.7,92.5,-0.18,27.75,,1.4
"2025-10-02 23:49:15",4698,4218,57626,0,,20.85,96.9,-0.15,27.75,,1.4
"2025-10-02 23:49:16",4699,4219,57617,0,,20.3,93.2,-0.18,27.8,,1.3
"2025-10-02 23:49:17",4701,4221,57608,-36.424272,-71.248898,20.65,94.6,-0.19,27.85,,1.3
"2025-10-02 23:49:18",4703,4223,57593,0,,21.55,94.5,-0.22,27.85,,1.4
"2025-10-02 23:49:19",4705,4225,57578,0,,20.1,94.1,-0.24,27.85,,1.4
"2025-10-02 23:49:20",4707,4227,57564,-36.42432,-71.248217,20.15,97.6,-0.24,27.9,5.5,1.5
"2025-10-02 23:49:21",4709,4229,57552,0,,20.75,94.3,-0.26,27.9,,1.5
"2025-10-02 23:49:22",4710,4230,57541,0,,20,93.5,-0.26,27.9,,1.5
"2025-10-02 23:49:23",4712,4232,57530,-36.424368,-71.247535,20.15,97.4,-0.26,27.95,,1.5
"2025-10-02 23:49:24",4713,4233,57521,0,,20,94.9,-0.28,28,,1.5
"2025-10-02 23:49:25",4714,4234,57513,0,,20.1,95.7,-0.31,28.05,,1.5
"2025-10-02 23:49:26",4715,4235,57506,-36.424422,-71.246853,20.05,95.6,-0.32,28.05,,1.5
"2025-10-02 23:49:27",4717,4237,57494,0,,20,91.1,-0.33,28.1,,1.5
"2025-10-02 23:49:28",4718,4238,57483,0,,20.15,96.8,-0.33,28.1,,1.6
"2025-10-02 23:49:29",4720,4240,57472,-36.424465,-71.246175,20.1,95,-0.33,28.05,,1.6
"2025-10-02 23:49:30",4721,4241,57461,0,,20.05,93.2,-0.34,28,,1.6
"2025-10-02 23:49:31",4723,4243,57450,0,,20.65,96,-0.34,27.9,,1.5
"2025-10-02 23:49:32",4724,4244,57440,-36.424507,-71.245495,20.75,93.6,-0.35,27.75,,1.5
"2025-10-02 23:49:33",4726,4246,57427,0,,20.6,96.5,-0.37,27.7,,1.5
"2025-10-02 23:49:34",4728,4248,57414,0,,20.65,95.3,-0.38,27.55,,1.5
"2025-10-02 23:49:35",4730,4250,57402,-36.424553,-71.244825,20.75,92.2,-0.38,27.35,,1.5
"2025-10-02 23:49:37",4733,4253,57379,0,,20.6,93.7,-0.41,27.1,,1.5
"2025-10-02 23:49:38",4734,4254,57368,-36.424598,-71.244152,20.4,95.6,-0.42,26.9,,1.6
"2025-10-02 23:49:39",4736,4256,57355,0,,21.45,95.1,-0.39,26.8,,1.6
"2025-10-02 23:49:40",4738,4258,57342,0,,20.2,93.1,-0.41,26.7,,1.6
"2025-10-02 23:49:41",4740,4260,57330,-36.424648,-71.243477,19.2,96.8,-0.43,26.55,,1.7
"2025-10-02 23:49:43",4743,4263,57304,0,,20.5,94.2,-0.44,26.3,,1.7
"2025-10-02 23:49:44",4745,4265,57292,-36.424698,-71.2428,20.15,97.9,-0.44,26.2,,1.7
"2025-10-02 23:49:45",4746,4266,57281,0,,20.15,93.4,-0.46,26.1,,1.7
"2025-10-02 23:49:46",4748,4268,57271,0,,19.95,95.5,-0.48,26.05,,1.7
"2025-10-02 23:49:47",4749,4269,57262,-36.424747,-71.242125,21.05,95.9,-0.48,26,5.5,1.6
"2025-10-02 23:49:48",4751,4271,57246,0,,20.15,93.5,-0.5,25.95,,1.7
"2025-10-02 23:49:49",4753,4273,57231,0,,19.35,95.7,-0.51,25.9,,1.7
"2025-10-02 23:49:50",4756,4276,57216,-36.42479,-71.241452,20,94.1,-0.51,25.9,,1.8
"2025-10-02 23:49:51",4757,4277,57203,0,,20,93.7,-0.51,25.9,,1.8
"2025-10-02 23:49:52",4759,4279,57190,0,,20.55,94.9,-0.51,25.9,,1.8
"2025-10-02 23:49:53",4761,4281,57178,-36.42483,-71.240772,20.05,93.7,-0.51,25.9,,1.8
"2025-10-02 23:49:54",4763,4283,57166,0,,19.9,94.3,-0.51,25.85,,1.8
"2025-10-02 23:49:55",4764,4284,57155,0,,21.45,95.6,-0.51,25.85,,1.7
"2025-10-02 23:49:56",4766,4286,57144,-36.424872,-71.24009,20.75,93.2,-0.54,25.85,,1.7
"2025-10-02 23:49:57",4767,4287,57132,0,,20.85,93.5,-0.56,25.85,,1.7
"2025-10-02 23:49:58",4769,4289,57121,0,,21.6,93.9,-0.59,25.85,,1.7
"2025-10-02 23:49:59",4770,4290,57110,-36.424907,-71.239407,21.4,93.3,-0.62,25.85,,1.8
"2025-10-02 23:50:00",4772,4292,57097,0,,21.4,97.1,-0.65,25.85,,1.8
"2025-10-02 23:50:01",4774,4294,57084,0,,20.8,93.2,-0.68,25.85,,1.8
"2025-10-02 23:50:02",4776,4296,57072,-36.42495,-71.238738,21.1,93.6,-0.69,25.85,,1.7
"2025-10-02 23:50:03",4778,4298,57059,0,,20.9,95.5,-0.72,25.85,,1.7
"2025-10-02 23:50:04",4779,4299,57047,0,,20.65,92.1,-0.74,25.85,,1.7
"2025-10-02 23:50:05",4781,4301,57036,-36.424988,-71.238063,19.5,96,-0.77,25.85,,1.7
"2025-10-02 23:50:07",4785,4305,57006,0,,19.95,91.8,-0.8,25.85,,1.7
"2025-10-02 23:50:08",4787,4307,56992,-36.425027,-71.237388,20.3,97.1,-0.81,25.9,,1.8
"2025-10-02 23:50:10",4791,4311,56965,0,,20,94.8,-0.83,25.9,,1.8
"2025-10-02 23:50:11",4793,4313,56952,-36.42507,-71.236705,21.2,95.9,-0.83,25.95,,1.8
"2025-10-02 23:50:13",4796,4316,56928,0,,20.7,96.4,-0.87,26,,1.8
"2025-10-02 23:50:14",4798,4318,56916,-36.425107,-71.236012,20.8,92.7,-0.89,26.05,5,1.8
"2025-10-02 23:50:16",4801,4321,56896,0,,20.8,94.8,-0.91,26.05,,1.8
"2025-10-02 23:50:17",4802,4322,56886,-36.425145,-71.235333,20.7,91.8,-0.91,26.15,,1.8
"2025-10-02 23:50:19",4806,4326,56855,0,,20.65,95.7,-0.94,26.15,,1.8
"2025-10-02 23:50:20",4808,4328,56840,-36.425182,-71.234652,20.65,90.7,-0.96,26.2,,1.8
"2025-10-02 23:50:22",4812,4332,56814,0,,21.55,94.1,-1,26.25,,1.8
"2025-10-02 23:50:23",4814,4334,56802,-36.425215,-71.233965,19.9,92.7,-1.02,26.3,,1.8
"2025-10-02 23:50:25",4818,4338,56775,0,,20.85,91.4,-1.05,26.3,,1.8
"2025-10-02 23:50:26",4819,4339,56762,-36.425245,-71.233287,19.5,92.7,-1.07,26.35,,1.8
"2025-10-02 23:50:28",4823,4343,56734,0,,20.95,91.4,-1.1,26.35,,1.9
"2025-10-02 23:50:29",4825,4345,56720,-36.425275,-71.2326,19.45,94.5,-1.12,26.35,,2
"2025-10-02 23:50:31",4828,4348,56698,0,,21.45,92.9,-1.16,26.35,,1.9
"2025-10-02 23:50:32",4830,4350,56688,-36.42531,-71.231907,20.55,97.7,-1.18,26.35,,1.8
"2025-10-02 23:50:34",4834,4354,56658,0,,20.1,92.6,-1.21,26.4,,1.8
"2025-10-02 23:50:35",4836,4356,56644,-36.425338,-71.231218,21.1,95.2,-1.22,26.4,,1.9
"2025-10-02 23:50:37",4839,4359,56621,0,,20.15,94.6,-1.25,26.4,,1.8
"2025-10-02 23:50:38",4841,4361,56610,-36.425372,-71.230523,20.5,94.4,-1.26,26.4,,1.8
"2025-10-02 23:50:39",4842,4362,56599,0,,20.05,90,-1.27,26.45,,1.8
"2025-10-02 23:50:40",4844,4364,56588,0,,20.8,95.2,-1.28,26.45,,1.8
"2025-10-02 23:50:41",4845,4365,56578,-36.4254,-71.229828,21.65,92.6,-1.3,26.45,4.75,1.7
"2025-10-02 23:50:42",4847,4367,56564,0,,21.05,91.8,-1.31,26.45,,1.7
"2025-10-02 23:50:43",4849,4369,56551,0,,21.3,93.6,-1.32,26.45,,1.7
"2025-10-02 23:50:44",4851,4371,56538,-36.425422,-71.229128,21.45,90.7,-1.33,26.45,,1.8
"2025-10-02 23:50:45",4853,4373,56522,0,,21.5,93.6,-1.35,26.4,,1.8
"2025-10-02 23:50:46",4856,4376,56507,0,,21.7,93.5,-1.37,26.4,,1.8
"2025-10-02 23:50:47",4858,4378,56492,-36.425452,-71.228432,20.4,92.6,-1.38,26.45,,1.8
"2025-10-02 23:50:48",4859,4379,56481,0,,20.3,94.3,-1.41,26.45,,1.8
"2025-10-02 23:50:49",4861,4381,56470,0,,21.95,91.8,-1.43,26.45,,1.8
"2025-10-02 23:50:50",4862,4382,56460,-36.425478,-71.227733,20.45,92,-1.45,26.45,,1.8
"2025-10-02 23:50:51",4864,4384,56448,0,,20.75,95.4,-1.48,26.45,,1.8
"2025-10-02 23:50:52",4866,4386,56436,0,,20.6,89.1,-1.5,26.5,,1.8
"2025-10-02 23:50:53",4867,4387,56424,-36.425498,-71.22705,20.75,92.6,-1.52,26.5,,1.8
"2025-10-02 23:50:54",4869,4389,56412,0,,21.65,92.7,-1.52,26.5,,1.8
"2025-10-02 23:50:55",4870,4390,56401,0,,21.05,92.2,-1.52,26.55,,1.8
"2025-10-02 23:50:56",4872,4392,56390,-36.425527,-71.226345,20.65,95.1,-1.51,26.55,,1.8
"2025-10-02 23:50:57",4874,4394,56379,0,,21.05,91.5,-1.51,26.55,,1.7
"2025-10-02 23:50:58",4875,4395,56368,0,,20.1,91.4,-1.51,26.6,,1.7
"2025-10-02 23:50:59",4877,4397,56358,-36.425552,-71.225645,20.55,94,-1.54,26.6,,1.6
"2025-10-02 23:51:00",4878,4398,56346,0,,20.4,91.8,-1.6,26.6,,1.6
"2025-10-02 23:51:01",4880,4400,56334,0,,19.95,93,-1.63,26.6,,1.6
"2025-10-02 23:51:02",4882,4402,56322,-36.425577,-71.224947,21.85,92.5,-1.63,26.6,,1.6
"2025-10-02 23:51:03",4883,4403,56311,0,,21.05,91.1,-1.65,26.55,,1.6
"2025-10-02 23:51:04",4885,4405,56300,0,,20.65,95,-1.65,26.55,,1.6
"2025-10-02 23:51:05",4886,4406,56290,-36.425602,-71.224242,21.05,90.8,-1.66,26.6,,1.6
"2025-10-02 23:51:07",4890,4410,56267,0,,21.95,92.7,-1.66,26.6,,1.6
"2025-10-02 23:51:08",4891,4411,56256,-36.425618,-71.223537,20.25,91.4,-1.68,26.6,4.25,1.6
"2025-10-02 23:51:09",4893,4413,56244,0,,21.3,93.9,-1.71,26.65,,1.6
"2025-10-02 23:51:10",4894,4414,56233,0,,22.1,89.7,-1.74,26.65,,1.6
"2025-10-02 23:51:11",4896,4416,56222,-36.425638,-71.222823,21.55,93.2,-1.77,26.65,,1.6
"2025-10-02 23:51:13",4898,4418,56204,0,,20.95,88.9,-1.82,26.65,,1.5
"2025-10-02 23:51:14",4900,4420,56196,-36.425657,-71.222123,20.25,93.4,-1.83,26.7,,1.5
"2025-10-02 23:51:15",4901,4421,56184,0,,21.85,91.6,-1.85,26.7,,1.5
"2025-10-02 23:51:16",4903,4423,56172,0,,20.55,89.8,-1.86,26.7,,1.5
"2025-10-02 23:51:17",4905,4425,56160,-36.425673,-71.221423,20.55,93.2,-1.89,26.7,,1.5
"2025-10-02 23:51:18",4906,4426,56150,0,,20.7,92.3,-1.91,26.75,,1.5
"2025-10-02 23:51:19",4907,4427,56141,0,,20.35,91.7,-1.93,26.75,,1.5
"2025-10-02 23:51:20",4909,4429,56132,-36.425702,-71.220718,21.15,95.6,-1.95,26.75,,1.5
"2025-10-02 23:51:21",4910,4430,56120,0,,21.45,88.8,-1.96,26.7,,1.5
"2025-10-02 23:51:22",4912,4432,56109,0,,20.65,94,-1.97,26.75,,1.5
"2025-10-02 23:51:23",4914,4434,56098,-36.425725,-71.220007,21.7,94,-1.99,26.75,,1.5
"2025-10-02 23:51:24",4915,4435,56089,0,,21.05,89.9,-1.99,26.8,,1.4
"2025-10-02 23:51:25",4916,4436,56081,0,,21.35,92.4,-1.99,26.8,,1.4
"2025-10-02 23:51:26",4917,4437,56074,-36.425737,-71.21929,22.25,89.9,-1.99,26.8,,1.4
"2025-10-02 23:51:27",4918,4438,56067,0,,21.75,93.7,-2,26.85,,1.4
"2025-10-02 23:51:28",4919,4439,56060,0,,22,92.5,-2.02,26.85,,1.3
"2025-10-02 23:51:29",4920,4440,56054,-36.425755,-71.218582,21.9,89.3,-2.05,26.85,,1.2
"2025-10-02 23:51:30",4921,4441,56043,0,,20.6,93.7,-2.06,26.9,,1.3
"2025-10-02 23:51:31",4923,4443,56032,0,,22.2,90.6,-2.08,26.9,,1.3
"2025-10-02 23:51:32",4924,4444,56022,-36.425767,-71.217872,21.3,89.3,-2.09,26.9,,1.3
"2025-10-02 23:51:33",4925,4445,56016,0,,21.4,94.1,-2.1,26.9,,1.2
"2025-10-02 23:51:34",4926,4446,56010,0,,21.9,88.3,-2.12,26.9,,1.2
"2025-10-02 23:51:35",4927,4447,56004,-36.425778,-71.217162,21.6,91.4,-2.13,27,4,1.1
"2025-10-02 23:51:37",4929,4449,55986,0,,20.95,89.8,-2.16,27,,1.1
"2025-10-02 23:51:38",4931,4451,55978,-36.425797,-71.21646,21.45,92.4,-2.16,27.05,,1.1
"2025-10-02 23:51:39",4932,4452,55969,0,,21.4,91.1,-2.16,27,,1.1
"2025-10-02 23:51:40",4933,4453,55960,0,,21,88.4,-2.19,27.05,,1.2
"2025-10-02 23:51:41",4934,4454,55952,-36.425805,-71.215755,21.15,93.3,-2.2,27.05,,1.2
"2025-10-02 23:51:42",4935,4455,55945,0,,22,91.5,-2.21,27.1,,1.2
"2025-10-02 23:51:43",4936,4456,55938,0,,20.3,89.2,-2.22,27.1,,1.1
"2025-10-02 23:51:44",4937,4457,55932,-36.425817,-71.215047,21.55,92.1,-2.23,27.15,,1.1
"2025-10-02 23:51:45",4938,4458,55924,0,,21.55,92.1,-2.25,27.1,,1.1
"2025-10-02 23:51:46",4939,4459,55916,0,,20.8,93.1,-2.25,27.15,,1.1
"2025-10-02 23:51:47",4941,4461,55908,-36.425837,-71.214325,22.1,92.8,-2.25,27.15,,1.1
"2025-10-02 23:51:48",4942,4462,55901,0,,21.35,90,-2.25,27.2,,1.1
"2025-10-02 23:51:49",4943,4463,55894,0,,21.7,92,-2.27,27.2,,1.1
"2025-10-02 23:51:50",4944,4464,55888,-36.425845,-71.213608,21.6,88.6,-2.27,27.25,,1.1
"2025-10-02 23:51:51",4945,4465,55880,0,,20.35,91.2,-2.28,27.25,,1.1
"2025-10-02 23:51:52",4946,4466,55872,0,,21.25,94.4,-2.3,27.3,,1.1
"2025-10-02 23:51:53",4947,4467,55864,-36.425863,-71.2129,21.6,90.1,-2.31,27.3,,1
"2025-10-02 23:51:54",4948,4468,55858,0,,21.25,89.2,-2.33,27.3,,1
"2025-10-02 23:51:55",4948,4468,55853,0,,22.15,91.9,-2.34,27.35,,1
"2025-10-02 23:51:56",4949,4469,55848,-36.425867,-71.212185,21.3,88.3,-2.36,27.35,,1
"2025-10-02 23:51:57",4950,4470,55841,0,,21.75,90.5,-2.37,27.4,,1
"2025-10-02 23:51:58",4951,4471,55834,0,,22.3,90.3,-2.38,27.45,,1
"2025-10-02 23:51:59",4952,4472,55828,-36.425872,-71.211468,21.25,90.2,-2.4,27.45,,1
"2025-10-02 23:52:00",4953,4473,55821,0,,20.55,93.1,-2.4,27.5,,0.9
"2025-10-02 23:52:01",4954,4474,55815,0,,21.05,87.7,-2.41,27.5,,0.9
"2025-10-02 23:52:02",4955,4475,55810,-36.425877,-71.21076,20.9,90.6,-2.43,27.55,3.5,0.9
"2025-10-02 23:52:03",4955,4475,55804,0,,21.8,91.9,-2.44,27.55,,0.9
"2025-10-02 23:52:04",4956,4476,55799,0,,20.7,88.3,-2.46,27.6,,0.9
"2025-10-02 23:52:05",4957,4477,55794,-36.425882,-71.210057,20.35,90.8,-2.45,27.6,,0.9
"2025-10-02 23:52:06",4958,4478,55788,0,,22,91.7,-2.46,27.55,,0.8
"2025-10-02 23:52:07",4958,4478,55783,0,,19.95,89.4,-2.46,27.55,,0.8
"2025-10-02 23:52:08",4959,4479,55778,-36.42589,-71.209355,20.65,90.4,-2.48,27.6,,0.8
"2025-10-02 23:52:09",4960,4480,55774,0,,22.1,90.8,-2.49,27.6,,0.8
"2025-10-02 23:52:10",4960,4480,55771,0,,20.1,92.3,-2.5,27.6,,0.7
"2025-10-02 23:52:11",4961,4481,55768,-36.425912,-71.208652,20.85,92.5,-2.52,27.65,,0.7
"2025-10-02 23:52:13",4962,4482,55761,0,,20.65,91.9,-2.53,27.75,,0.7
"2025-10-02 23:52:14",4962,4482,55758,-36.42592,-71.207937,21.8,91.6,-2.54,27.75,,0.6
"2025-10-02 23:52:15",4963,4483,55753,0,,20.75,88.3,-2.56,27.75,,0.6
"2025-10-02 23:52:16",4963,4483,55748,0,,20.75,92.6,-2.57,27.8,,0.6
"2025-10-02 23:52:17",4964,4484,55744,-36.425927,-71.207232,21,90.1,-2.59,27.8,,0.6
"2025-10-02 23:52:18",4964,4484,55741,0,,21,89.7,-2.59,27.85,,0.6
"2025-10-02 23:52:19",4965,4485,55738,0,,21.65,92.7,-2.57,27.85,,0.5
"2025-10-02 23:52:20",4965,4485,55736,-36.425935,-71.206522,21.2,89.8,-2.59,27.9,,0.5
"2025-10-02 23:52:21",4966,4486,55728,0,,21.35,91.7,-2.59,27.9,,0.5
"2025-10-02 23:52:22",4967,4487,55720,0,,21.8,90.8,-2.59,27.95,,0.6
"2025-10-02 23:52:23",4969,4489,55712,-36.425942,-71.20582,21.6,88.5,-2.61,27.95,,0.7
"2025-10-02 23:52:24",4969,4489,55708,0,,21.6,93.1,-2.6,27.95,,0.7
"2025-10-02 23:52:25",4970,4490,55705,0,,21.8,90.9,-2.6,28,,0.7
"2025-10-02 23:52:26",4970,4490,55702,-36.425953,-71.205113,20.1,89.5,-2.61,28,,0.7
"2025-10-02 23:52:27",4971,4491,55698,0,,20.9,92.1,-2.61,28.05,,0.7
"2025-10-02 23:52:28",4971,4491,55694,0,,20.9,89.4,-2.63,28.05,,0.7
"2025-10-02 23:52:29",4972,4492,55690,-36.42596,-71.204417,20.6,91.9,-2.64,28.05,3,0.6
"2025-10-02 23:52:30",4972,4492,55686,0,,20.55,90.8,-2.66,28.05,,0.6
"2025-10-02 23:52:31",4973,4493,55682,0,,20.9,86.9,-2.66,28.05,,0.7
"2025-10-02 23:52:32",4973,4493,55678,-36.425962,-71.203718,20.6,92.4,-2.68,28.1,,0.7
"2025-10-02 23:52:33",4974,4494,55676,0,,22.1,89.9,-2.69,28.1,,0.6
"2025-10-02 23:52:34",4974,4494,55675,0,,20.35,88.7,-2.7,28.1,,0.5
"2025-10-02 23:52:35",4974,4494,55674,-36.425973,-71.203013,21,93.6,-2.71,28.15,,0.5
"2025-10-02 23:52:37",4975,4495,55670,0,,19.95,88.9,-2.71,28.2,,0.4
"2025-10-02 23:52:38",4975,4495,55668,-36.42598,-71.202307,21.8,92.7,-2.7,28.2,,0.4
"2025-10-02 23:52:40",4976,4496,55662,0,,19.8,91.7,-2.7,28.25,,0.4
"2025-10-02 23:52:41",4976,4496,55660,-36.425985,-71.201367,21.65,90.5,-2.69,28.25,,0.4
"2025-10-02 23:52:43",4976,4496,55657,0,,20.85,92.1,-2.7,28.25,,0.3
"2025-10-02 23:52:44",4977,4497,55656,-36.425987,-71.200895,22.05,90.2,-2.69,28.25,,0.3
"2025-10-02 23:52:46",4978,4498,55646,0,,20.75,92.3,-2.69,28.35,,0.3
"2025-10-02 23:52:47",4979,4499,55642,-36.42599,-71.200193,21.2,88.2,-2.68,28.35,,0.4
"2025-10-02 23:52:49",4980,4500,55633,0,,21.2,93.1,-2.68,28.35,,0.4
"2025-10-02 23:52:50",4980,4500,55630,-36.425993,-71.19949,20.75,88.2,-2.69,28.35,,0.5
"2025-10-02 23:52:52",4981,4501,55627,0,,22.15,88.2,-2.67,28.35,,0.4
"2025-10-02 23:52:53",4981,4501,55626,-36.425987,-71.19879,19.95,89.7,-2.68,28.35,,0.4
"2025-10-02 23:52:55",4981,4501,55624,0,,21.2,87.6,-2.7,28.35,,0.4
"2025-10-02 23:52:56",4981,4501,55624,-36.425982,-71.198098,19.85,89.2,-2.71,28.35,2.75,0.4
"2025-10-02 23:52:58",4982,4502,55617,0,,21.1,86.4,-2.7,28.35,,0.3
"2025-10-02 23:52:59",4983,4503,55614,-36.425978,-71.197405,20.1,91.2,-2.71,28.35,,0.3
"2025-10-02 23:53:01",4983,4503,55608,0,,20.3,87.2,-2.71,28.35,,0.3
"2025-10-02 23:53:02",4984,4504,55606,-36.42598,-71.196708,20.35,91.9,-2.73,28.35,,0.3
"2025-10-02 23:53:03",4984,4504,55603,0,,21.7,88.9,-2.74,28.35,,0.3
"2025-10-02 23:53:04",4985,4505,55600,0,,19.85,88.9,-2.75,28.35,,0.3
"2025-10-02 23:53:05",4985,4505,55598,-36.425978,-71.196012,20.6,91.4,-2.78,28.35,,0.3
"2025-10-02 23:53:06",4985,4505,55596,0,,20.45,87.7,-2.78,28.35,,0.3
"2025-10-02 23:53:07",4985,4505,55595,0,,20.9,92.4,-2.78,28.35,,0.3
"2025-10-02 23:53:08",4986,4506,55594,-36.425977,-71.195305,21.25,87.2,-2.78,28.35,,0.3
"2025-10-02 23:53:09",4986,4506,55591,0,,20.85,88.7,-2.78,28.35,,0.4
"2025-10-02 23:53:10",4986,4506,55588,0,,21.8,91.1,-2.78,28.35,,0.3
"2025-10-02 23:53:11",4987,4507,55586,-36.425978,-71.194377,21.45,91.4,-2.78,28.35,,0.3
"2025-10-02 23:53:12",4987,4507,55584,0,,21.5,91.4,-2.79,28.35,,0.3
"2025-10-02 23:53:13",4987,4507,55583,0,,21.95,87.9,-2.8,28.35,,0.3
"2025-10-02 23:53:14",4987,4507,55582,-36.425967,-71.19391,20.35,88.4,-2.82,28.35,,0.3
"2025-10-02 23:53:15",4988,4508,55579,0,,,,-2.83,28.35,,0.3
"2025-10-02 23:53:16",4988,4508,55576,0,,,,-2.84,28.35,,0.3
"2025-10-02 23:53:17",4988,4508,55574,0,,,,-2.85,28.35,,0.3
"2025-10-02 23:53:18",4989,4509,55572,0,,20.85,91.9,-2.84,28.35,,0.3
"2025-10-02 23:53:19",4989,4509,55571,0,,20.45,88,-2.84,28.35,,0.3
"2025-10-02 23:53:20",4989,4509,55570,-36.425965,-71.192533,20.75,88.9,-2.85,28.35,,0.3
"2025-10-02 23:53:21",4989,4509,55567,0,,20.65,90.3,-2.86,28.35,,0.3
"2025-10-02 23:53:22",4990,4510,55564,0,,20.55,86.9,-2.86,28.35,,0.3
"2025-10-02 23:53:23",4990,4510,55562,-36.425958,-71.191843,20.5,92.8,-2.87,28.35,2.5,0.3
"2025-10-02 23:53:24",4991,4511,55558,0,,21.2,89.7,-2.87,28.4,,0.3
"2025-10-02 23:53:25",4991,4511,55555,0,,19.95,88.2,-2.88,28.4,,0.3
"2025-10-02 23:53:26",4992,4512,55552,-36.42596,-71.19116,20.4,92.8,-2.87,28.4,,0.4
"2025-10-02 23:53:27",4992,4512,55550,0,,20.45,86.5,-2.87,28.4,,0.4
"2025-10-02 23:53:28",4992,4512,55548,0,,19.7,91.1,-2.88,28.4,,0.3
"2025-10-02 23:53:29",4992,4512,55546,-36.425957,-71.190475,20.85,91.3,-2.88,28.4,,0.3
"2025-10-02 23:53:30",4993,4513,55544,0,,20.95,86.7,-2.88,28.4,,0.3
"2025-10-02 23:53:31",4993,4513,55543,0,,20.15,90.3,-2.88,28.4,,0.3
"2025-10-02 23:53:32",4993,4513,55542,-36.425952,-71.189787,21.35,91.2,-2.88,28.4,,0.3
"2025-10-02 23:53:33",4994,4514,55537,0,,20.95,87.9,-2.88,28.4,,0.3
"2025-10-02 23:53:34",4994,4514,55533,0,,21.1,91.3,-2.89,28.4,,0.4
"2025-10-02 23:53:35",4995,4515,55530,-36.425945,-71.189092,21.1,86.9,-2.9,28.4,,0.4
"2025-10-02 23:53:37",4995,4515,55524,0,,21.05,90.7,-2.93,28.4,,0.4
"2025-10-02 23:53:38",4996,4516,55522,-36.425938,-71.188407,20.4,87.3,-2.93,28.35,,0.4
"2025-10-02 23:53:39",4996,4516,55520,0,,19.2,90,-2.94,28.35,,0.3
"2025-10-02 23:53:40",4996,4516,55519,0,,21.45,89.3,-2.93,28.25,,0.3
"2025-10-02 23:53:41",4996,4516,55518,-36.425932,-71.18773,20.4,88.4,-2.93,28.2,,0.3
"2025-10-02 23:53:43",4997,4517,55512,0,,20.95,88.7,-2.94,28.1,,0.4
"2025-10-02 23:53:44",4998,4518,55510,-36.425933,-71.187062,19.75,89.7,-2.94,28,,0.4
"2025-10-02 23:53:45",4998,4518,55505,0,,20.35,93.7,-2.94,27.9,,0.4
"2025-10-02 23:53:46",4999,4519,55501,0,,20.25,87.8,-2.94,27.8,,0.4
"2025-10-02 23:53:47",4999,4519,55498,-36.425938,-71.186395,19.5,90.6,-2.94,27.7,,0.4
"2025-10-02 23:53:48",5000,4520,55494,0,,19.85,93.4,-2.93,27.6,,0.4
"2025-10-02 23:53:49",5000,4520,55491,0,,18.9,89.2,-2.93,27.55,,0.4
"2025-10-02 23:53:50",5001,4521,55488,-36.425947,-71.18573,20.45,89.9,-2.93,27.45,2,0.4
"2025-10-02 23:53:51",5001,4521,55484,0,,21.2,92,-2.93,27.3,,0.4
"2025-10-02 23:53:52",5002,4522,55481,0,,19.1,90.2,-2.93,27.2,,0.4
"2025-10-02 23:53:53",5002,4522,55478,-36.425957,-71.185053,19.85,91.5,-2.93,27.1,,0.5
"2025-10-02 23:53:54",5002,4522,55475,0,,21.45,90,-2.93,27,,0.5
"2025-10-02 23:53:55",5003,4523,55472,0,,18.95,91.4,-2.92,26.85,,0.5
"2025-10-02 23:53:56",5003,4523,55470,-36.425965,-71.184378,19.75,92,-2.92,26.75,,0.5
"2025-10-02 23:53:57",5004,4524,55467,0,,19.7,89.4,-2.9,26.6,,0.5
"2025-10-02 23:53:58",5004,4524,55464,0,,18.8,93.2,-2.9,26.4,,0.5
"2025-10-02 23:53:59",5004,4524,55462,-36.425977,-71.183707,20.25,92,-2.92,26.2,,0.4
"2025-10-02 23:54:00",5005,4525,55460,0,,19.4,90.4,-2.92,26,,0.4
"2025-10-02 23:54:01",5005,4525,55458,0,,19.4,94.2,-2.9,25.85,,0.4
"2025-10-02 23:54:02",5005,4525,55456,-36.425995,-71.183042,19.5,89.9,-2.9,25.6,,0.4
"2025-10-02 23:54:03",5006,4526,55452,0,,19.2,90.3,-2.89,25.35,,0.4
"2025-10-02 23:54:04",5006,4526,55449,0,,20.1,94.4,-2.89,25.2,,0.4
"2025-10-02 23:54:05",5007,4527,55446,-36.426008,-71.182382,19.75,90,-2.9,24.95,,0.4
"2025-10-02 23:54:06",5007,4527,55443,0,,18.85,92,-2.89,24.8,,0.4
"2025-10-02 23:54:07",5007,4527,55440,0,,21,93.5,-2.87,24.65,,0.4
"2025-10-02 23:54:08",5008,4528,55438,-36.426027,-71.181723,19.4,90.6,-2.87,24.45,,0.4
"2025-10-02 23:54:09",5008,4528,55433,0,,19.9,94.6,-2.87,24.3,,0.4
"2025-10-02 23:54:10",5009,4529,55429,0,,20.9,91.8,-2.87,24.05,,0.4
"2025-10-02 23:54:11",5010,4530,55426,-36.426048,-71.181065,19.1,90.8,-2.87,23.9,,0.4
"2025-10-02 23:54:12",5010,4530,55421,0,,19.9,95.7,-2.87,23.7,,0.4
"2025-10-02 23:54:13",5011,4531,55416,0,,20.15,92.3,-2.87,23.45,,0.5
"2025-10-02 23:54:14",5012,4532,55412,-36.426085,-71.180408,19.95,95.9,-2.86,23.15,,0.5
"2025-10-02 23:54:15",5012,4532,55406,0,,19.85,91.3,-2.84,22.9,,0.5
"2025-10-02 23:54:16",5013,4533,55401,0,,19.75,91.9,-2.83,22.5,,0.6
"2025-10-02 23:54:17",5014,4534,55396,-36.426115,-71.179747,19.95,97.7,-2.82,22.1,1.75,0.6
"2025-10-02 23:54:18",5015,4535,55391,0,,20.3,92.1,-2.8,21.65,,0.6
"2025-10-02 23:54:19",5015,4535,55386,0,,19.05,91.9,-2.78,21.15,,0.6
"2025-10-02 23:54:20",5016,4536,55382,-36.426152,-71.179088,19.6,96.6,-2.78,20.6,,0.7
"2025-10-02 23:54:21",5017,4537,55376,0,,19.6,94.6,-2.75,20.1,,0.7
"2025-10-02 23:54:22",5017,4537,55371,0,,19.15,92.9,-2.72,19.5,,0.7
"2025-10-02 23:54:23",5018,4538,55366,-36.426197,-71.178427,20.25,97.1,-2.71,19,,0.7
"2025-10-02 23:54:24",5019,4539,55361,0,,20.45,93.4,-2.69,18.5,,0.7
"2025-10-02 23:54:25",5020,4540,55356,0,,18.8,94.6,-2.67,18,,0.7
"2025-10-02 23:54:26",5020,4540,55352,-36.426238,-71.177762,19.65,95.2,-2.66,17.5,,0.7
"2025-10-02 23:54:27",5021,4541,55345,0,,19.65,92.7,-2.64,17.05,,0.7
"2025-10-02 23:54:28",5022,4542,55338,0,,19.9,98,-2.63,16.65,,0.7
"2025-10-02 23:54:29",5023,4543,55332,-36.426288,-71.17709,20.35,94,-2.6,16.25,,0.8
"2025-10-02 23:54:30",5024,4544,55327,0,,20,92.2,-2.59,15.8,,0.8
"2025-10-02 23:54:31",5024,4544,55322,0,,20.3,98.2,-2.59,15.5,,0.8
"2025-10-02 23:54:32",5025,4545,55318,-36.426332,-71.176425,20.5,92.3,-2.57,15.1,,0.8
"2025-10-02 23:54:33",5026,4546,55312,0,,18.8,94.9,-2.56,14.8,,0.8
"2025-10-02 23:54:34",5027,4547,55307,0,,20.9,93.8,-2.55,14.4,,0.8
"2025-10-02 23:54:35",5027,4547,55302,-36.426367,-71.175758,20.1,94.5,-2.53,14.1,,0.8
"2025-10-02 23:54:37",5029,4549,55291,0,,20.3,92.7,-2.51,13.45,,0.8
"2025-10-02 23:54:38",5030,4550,55286,-36.426408,-71.1751,19.45,92.6,-2.5,13.1,,0.8
"2025-10-02 23:54:39",5031,4551,55278,0,,20.8,96.1,-2.49,12.8,,0.8
"2025-10-02 23:54:40",5032,4552,55271,0,,19.85,92.8,-2.48,12.5,,0.8
"2025-10-02 23:54:41",5033,4553,55264,-36.42645,-71.174435,20.05,95.2,-2.46,12.2,,0.8
"2025-10-02 23:54:43",5035,4555,55252,0,,19.8,92.8,-2.46,11.7,,0.8
"2025-10-02 23:54:44",5035,4555,55246,-36.426507,-71.173783,19.9,97.6,-2.45,11.55,1.5,0.8
"2025-10-02 23:54:45",5037,4557,55237,0,,19.75,94.9,-2.44,11.3,,0.9
"2025-10-02 23:54:46",5038,4558,55229,0,,18.95,93.6,-2.44,11.2,,0.9
"2025-10-02 23:54:47",5039,4559,55222,-36.426555,-71.173132,19.3,95.9,-2.44,11,,0.9
"2025-10-02 23:54:48",5040,4560,55215,0,,20.75,94.2,-2.44,10.85,,1
"2025-10-02 23:54:49",5041,4561,55208,0,,18.45,95.3,-2.43,10.7,,1
"2025-10-02 23:54:50",5042,4562,55202,-36.426612,-71.172482,19.45,97.6,-2.41,10.55,,1
"2025-10-02 23:54:51",5043,4563,55193,0,,20.6,93.9,-2.43,10.35,,1
"2025-10-02 23:54:52",5044,4564,55185,0,,18.85,97,-2.43,10.2,,1
"2025-10-02 23:54:53",5045,4565,55178,-36.426668,-71.171822,19.45,97.2,-2.41,10.1,,1
"2025-10-02 23:54:54",5046,4566,55172,0,,19.55,92.4,-2.4,9.95,,1
"2025-10-02 23:54:55",5047,4567,55166,0,,19.85,99.4,-2.4,9.8,,1
"2025-10-02 23:54:56",5048,4568,55160,-36.426727,-71.171162,20.7,96.3,-2.4,9.7,,1
"2025-10-02 23:54:57",5049,4569,55150,0,,20.05,94.4,-2.4,9.55,,1
"2025-10-02 23:54:58",5051,4571,55141,0,,20.6,97,-2.4,9.4,,1.1
"2025-10-02 23:54:59",5052,4572,55132,-36.426777,-71.170502,19.6,91.9,-2.4,9.3,,1.1
"2025-10-02 23:55:00",5053,4573,55124,0,,18.7,96.4,-2.4,9.15,,1.1
"2025-10-02 23:55:01",5054,4574,55117,0,,20.85,95.4,-2.4,9.05,,1.1
"2025-10-02 23:55:02",5055,4575,55110,-36.426822,-71.169848,19.8,91.9,-2.4,8.9,,1.1
"2025-10-02 23:55:03",5056,4576,55102,0,,19.3,99.3,-2.4,8.7,,1.1
"2025-10-02 23:55:04",5057,4577,55094,0,,20.4,94.3,-2.4,8.6,,1.1
"2025-10-02 23:55:05",5059,4579,55086,-36.426873,-71.16919,20.1,92.9,-2.4,8.55,,1.1
"2025-10-02 23:55:07",5061,4581,55071,0,,20.5,95.5,-2.39,8.3,,1.1
"2025-10-02 23:55:08",5062,4582,55064,-36.426932,-71.168532,20.2,95.4,-2.4,8.25,,1.1
"2025-10-02 23:55:10",5064,4584,55047,0,,20.05,93,-2.41,8.05,,1.1
"2025-10-02 23:55:11",5065,4585,55040,-36.426983,-71.167878,19.3,95.9,-2.41,8,1.25,1.1
"2025-10-02 23:55:13",5068,4588,55021,0,,19.75,94.2,-2.41,7.8,,1.2
"2025-10-02 23:55:14",5069,4589,55012,-36.42704,-71.167217,19.9,98.5,-2.43,7.75,,1.2
"2025-10-02 23:55:16",5072,4592,54994,0,,19.35,93.8,-2.43,7.55,,1.2
"2025-10-02 23:55:17",5073,4593,54986,-36.427092,-71.166557,20.4,98.1,-2.44,7.45,,1.2
"2025-10-02 23:55:19",5076,4596,54967,0,,19,95.2,-2.45,7.4,,1.3
"2025-10-02 23:55:20",5077,4597,54958,-36.427143,-71.165892,19.65,96.3,-2.46,7.3,,1.3
"2025-10-02 23:55:22",5080,4600,54940,0,,19.95,97.2,-2.46,7.15,,1.3
"2025-10-02 23:55:23",5081,4601,54932,-36.427197,-71.165215,21.05,94.4,-2.46,7.05,,1.3
"2025-10-02 23:55:25",5084,4604,54912,0,,20.4,96.1,-2.48,6.9,,1.3
"2025-10-02 23:55:26",5085,4605,54902,-36.427243,-71.164552,19.9,91.9,-2.49,6.85,,1.3
"2025-10-02 23:55:28",5088,4608,54884,0,,20.85,95.2,-2.5,6.75,,1.3
"2025-10-02 23:55:29",5089,4609,54876,-36.42729,-71.163883,20.35,92.9,-2.5,6.65,,1.3
"2025-10-02 23:55:31",5092,4612,54853,0,,21.2,94.6,-2.51,6.55,,1.4
"2025-10-02 23:55:32",5094,4614,54842,-36.427335,-71.163207,20.9,94,-2.52,6.45,,1.4
"2025-10-02 23:55:33",5095,4615,54831,0,,20.9,97.7,-2.53,6.35,,1.4
"2025-10-02 23:55:34",5097,4617,54820,0,,20.45,93.4,-2.53,6.3,,1.4
"2025-10-02 23:55:35",5098,4618,54810,-36.427387,-71.16253,20.75,95,-2.54,6.2,,1.5
"2025-10-02 23:55:37",5101,4621,54792,0,,20,93.1,-2.55,6.05,,1.4
"2025-10-02 23:55:38",5102,4622,54784,-36.427433,-71.161853,20,96.2,-2.56,6,1,1.4
"2025-10-02 23:55:39",5104,4624,54773,0,,20.1,94.4,-2.56,5.95,,1.4
"2025-10-02 23:55:40",5105,4625,54762,0,,20.1,94.4,-2.57,5.85,,1.4
"2025-10-02 23:55:41",5107,4627,54752,-36.427482,-71.16117,19.6,94.8,-2.58,5.75,,1.5
"2025-10-02 23:55:42",5108,4628,54741,0,,19.6,93.4,-2.58,5.7,,1.5
"2025-10-02 23:55:43",5110,4630,54730,0,,20.35,97.9,-2.59,5.6,,1.5
"2025-10-02 23:55:44",5112,4632,54720,-36.427535,-71.160483,19.95,96.1,-2.59,5.55,,1.5
"2025-10-02 23:55:45",5113,4633,54709,0,,20.1,92.1,-2.6,5.45,,1.5
"2025-10-02 23:55:46",5114,4634,54699,0,,21.35,96.7,-2.61,5.35,,1.5
"2025-10-02 23:55:47",5116,4636,54690,-36.42758,-71.159793,21.05,94.1,-2.61,5.3,,1.5
"2025-10-02 23:55:48",5118,4638,54678,0,,21.05,96.3,-2.64,5.25,,1.5
"2025-10-02 23:55:49",5119,4639,54667,0,,21.2,95,-2.65,5.2,,1.5
"2025-10-02 23:55:50",5121,4641,54656,-36.42763,-71.159105,21.2,92.5,-2.65,5.15,,1.5
"2025-10-02 23:55:51",5123,4643,54643,0,,21.3,97.2,-2.66,5.1,,1.6
"2025-10-02 23:55:52",5124,4644,54631,0,,21.05,95.4,-2.66,5.05,,1.6
"2025-10-02 23:55:53",5126,4646,54620,-36.427682,-71.158415,20.5,92.5,-2.67,5,,1.6
"2025-10-02 23:55:54",5128,4648,54609,0,,20.8,97.4,-2.68,4.95,,1.6
"2025-10-02 23:55:55",5129,4649,54599,0,,21.2,95.6,-2.68,4.9,,1.6
"2025-10-02 23:55:56",5130,4650,54590,-36.427737,-71.157725,19.75,95,-2.69,4.85,,1.6
"2025-10-02 23:55:57",5132,4652,54578,0,,20.35,96.4,-2.7,4.85,,1.6
"2025-10-02 23:55:58",5134,4654,54566,0,,21.1,93.6,-2.71,4.8,,1.6
"2025-10-02 23:55:59",5136,4656,54554,-36.427787,-71.157037,20.15,97.1,-2.72,4.8,,1.6
"2025-10-02 23:56:00",5138,4658,54541,0,,20.4,96.9,-2.73,4.75,,1.7
"2025-10-02 23:56:01",5139,4659,54528,0,,20.4,93,-2.73,4.75,,1.7
"2025-10-02 23:56:02",5141,4661,54516,-36.42784,-71.15635,20.2,96.1,-2.74,4.75,,1.7
"2025-10-02 23:56:03",5143,4663,54504,0,,21.75,94.8,-2.76,4.7,,1.7
"2025-10-02 23:56:04",5145,4665,54492,0,,20.55,94.2,-2.78,4.75,,1.7
"2025-10-02 23:56:05",5147,4667,54480,-36.427892,-71.155652,20.9,98.3,-2.78,4.75,0.75,1.7
"2025-10-02 23:56:06",5148,4668,54467,0,,21.1,94.5,-2.8,4.75,,1.7
"2025-10-02 23:56:07",5150,4670,54455,0,,20.05,96.7,-2.81,4.75,,1.8
"2025-10-02 23:56:08",5152,4672,54444,-36.427952,-71.154962,21,96.4,-2.83,4.8,,1.8
"2025-10-02 23:56:09",5153,4673,54433,0,,21.15,92.6,-2.84,4.85,,1.8
"2025-10-02 23:56:10",5155,4675,54421,0,,20.6,98.8,-2.85,4.85,,1.8
"2025-10-02 23:56:11",5157,4677,54410,-36.42801,-71.154262,21.45,96.3,-2.85,4.9,,1.8
"2025-10-02 23:56:13",5160,4680,54384,0,,20.45,98.3,-2.85,5.05,,1.8
"2025-10-02 23:56:14",5162,4682,54372,-36.428067,-71.153575,20.5,95.7,-2.86,5.1,,1.8
"2025-10-02 23:56:15",5164,4684,54360,0,,19.85,95.1,-2.86,5.1,,1.8
"2025-10-02 23:56:16",5166,4686,54348,0,,22.1,96.4,-2.87,5.1,,1.8
"2025-10-02 23:56:17",5168,4688,54336,-36.428123,-71.152878,20.55,94.5,-2.88,5.15,,1.7
"2025-10-02 23:56:18",5169,4689,54323,0,,21.05,99.6,-2.89,5.15,,1.8
"2025-10-02 23:56:19",5171,4691,54311,0,,21.1,96.4,-2.89,5.2,,1.8
"2025-10-02 23:56:20",5173,4693,54300,-36.428188,-71.152188,20.35,94.4,-2.9,5.2,,1.8
"2025-10-02 23:56:21",5174,4694,54289,0,,20.4,97.9,-2.9,5.25,,1.7
"2025-10-02 23:56:22",5176,4696,54278,0,,21.85,95.5,-2.93,5.25,,1.7
"2025-10-02 23:56:23",5178,4698,54268,-36.42825,-71.151495,21.15,96.3,-2.93,5.3,,1.7
"2025-10-02 23:56:24",5179,4699,54255,0,,21.1,99.2,-2.94,5.25,,1.7
"2025-10-02 23:56:25",5181,4701,54243,0,,21.1,99.2,-2.96,5.3,,1.7
"2025-10-02 23:56:26",5183,4703,54232,-36.428318,-71.150805,20.3,97.4,-2.97,5.3,,1.7
"2025-10-02 23:56:27",5185,4705,54219,0,,21.85,97.3,-2.98,5.4,,1.7
"2025-10-02 23:56:28",5187,4707,54206,0,,20.75,95.3,-2.99,5.4,,1.7
"2025-10-02 23:56:29",5188,4708,54194,-36.428388,-71.1501,21.05,99.6,-3,5.45,,1.7
"2025-10-02 23:56:31",5192,4712,54166,0,,20.05,98.9,-3.03,5.4,,1.8
"2025-10-02 23:56:32",5195,4715,54152,-36.428462,-71.149405,20.6,97,-3.04,5.45,0.5,1.8
"2025-10-02 23:56:33",5196,4716,54139,0,,20.35,94.1,-3.05,5.45,,1.8
"2025-10-02 23:56:34",5198,4718,54127,0,,20.85,100.9,-3.05,5.45,,1.8
"2025-10-02 23:56:35",5200,4720,54116,-36.428533,-71.148703,21.45,95.3,-3.05,5.5,,1.9
"2025-10-02 23:56:37",5204,4724,54089,0,,21.95,100,-3.1,5.5,,1.9
"2025-10-02 23:56:38",5206,4726,54076,-36.428603,-71.148,21.05,95.1,-3.1,5.55,,1.9
"2025-10-02 23:56:39",5207,4727,54064,0,,21.5,97.4,-3.12,5.55,,1.9
"2025-10-02 23:56:40",5209,4729,54053,0,,22.35,97.5,-3.13,5.55,,1.9
"2025-10-02 23:56:41",5211,4731,54042,-36.428673,-71.1473,20.95,95.5,-3.15,5.55,,1.9
"2025-10-02 23:56:42",5213,4733,54028,0,,21.45,99.6,-3.16,5.6,,1.9
"2025-10-02 23:56:43",5215,4735,54015,0,,22.2,95,-3.18,5.6,,1.8
"2025-10-02 23:56:44",5217,4737,54002,-36.42874,-71.146603,20.5,95.6,-3.18,5.6,,1.8
"2025-10-02 23:56:45",5218,4738,53989,0,,21.1,100,-3.2,5.6,,1.8
"2025-10-02 23:56:46",5220,4740,53977,0,,21.7,93.9,-3.22,5.6,,1.8
"2025-10-02 23:56:47",5222,4742,53966,-36.42881,-71.145898,21.35,97.9,-3.23,5.6,,1.8
"2025-10-02 23:56:48",5224,4744,53951,0,,22.1,98.9,-3.26,5.6,,1.8
"2025-10-02 23:56:49",5226,4746,53937,0,,20.4,94.4,-3.27,5.6,,1.8
"2025-10-02 23:56:50",5228,4748,53924,-36.428885,-71.145198,21.3,99,-3.27,5.6,,1.8
"2025-10-02 23:56:51",5229,4749,53913,0,,21.2,95.6,-3.29,5.6,,1.8
"2025-10-02 23:56:52",5231,4751,53902,0,,20.25,96.3,-3.31,5.6,,1.8
"2025-10-02 23:56:53",5233,4753,53892,-36.428957,-71.144492,20.65,99.7,-3.32,5.65,,1.8
"2025-10-02 23:56:54",5234,4754,53879,0,,20.55,95.1,-3.33,5.65,,1.8
"2025-10-02 23:56:55",5236,4756,53866,0,,20.1,98.9,-3.34,5.65,,1.8
"2025-10-02 23:56:56",5238,4758,53854,-36.429033,-71.143787,22,97.6,-3.37,5.65,,1.8
"2025-10-02 23:56:57",5240,4760,53841,0,,21.05,94.3,-3.38,5.65,,1.8
"2025-10-02 23:56:58",5242,4762,53828,0,,21.05,100.6,-3.39,5.65,,1.8
"2025-10-02 23:56:59",5244,4764,53816,-36.429107,-71.143078,21.3,96.3,-3.41,5.65,0.25,1.8
"2025-10-02 23:57:00",5246,4766,53802,0,,21.4,95.2,-3.42,5.7,,1.8
"2025-10-02 23:57:01",5248,4768,53789,0,,22.15,99.8,-3.44,5.7,,1.8
"2025-10-02 23:57:02",5250,4770,53776,-36.42918,-71.14237,21.3,95.9,-3.45,5.7,,1.8
"2025-10-02 23:57:03",5252,4772,53763,0,,20.05,98.5,-3.46,5.65,,1.8
"2025-10-02 23:57:04",5253,4773,53750,0,,22.15,97.2,-3.49,5.65,,1.9
"2025-10-02 23:57:05",5255,4775,53738,-36.42925,-71.141672,20.75,95,-3.52,5.7,,1.9
"2025-10-02 23:57:06",5257,4777,53726,0,,21,100.2,-3.54,5.7,,1.9
"2025-10-02 23:57:07",5259,4779,53715,0,,22.3,96.5,-3.54,5.7,,1.9
"2025-10-02 23:57:08",5260,4780,53704,-36.429325,-71.140968,20.25,97.2,-3.54,5.7,,1.8
"2025-10-02 23:57:09",5262,4782,53692,0,,21.45,100.5,-3.54,5.75,,1.8
"2025-10-02 23:57:10",5264,4784,53681,0,,21.35,95,-3.57,5.75,,1.8
"2025-10-02 23:57:11",5265,4785,53670,-36.429403,-71.140273,20.35,99,-3.58,5.75,,1.8
"2025-10-02 23:57:13",5269,4789,53645,0,,20.65,95.8,-3.61,5.8,,1.8
"2025-10-02 23:57:14",5271,4791,53634,-36.429483,-71.139572,20.9,101,-3.63,5.8,,1.7
"2025-10-02 23:57:15",5273,4793,53621,0,,21.9,96.3,-3.64,5.8,,1.8
"2025-10-02 23:57:16",5274,4794,53608,0,,20.1,97.4,-3.66,5.85,,1.8
"2025-10-02 23:57:17",5276,4796,53596,-36.429563,-71.138873,21.85,100.1,-3.67,5.85,,1.8
"2025-10-02 23:57:18",5278,4798,53583,0,,21.1,95,-3.68,5.85,,1.8
"2025-10-02 23:57:19",5280,4800,53570,0,,20.55,100.3,-3.7,5.85,,1.8
"2025-10-02 23:57:20",5282,4802,53558,-36.429645,-71.138172,20.95,98.7,-3.71,5.85,,1.8
"2025-10-02 23:57:21",5284,4804,53547,0,,20.8,95.8,-3.71,5.85,,1.8
"2025-10-02 23:57:22",5285,4805,53536,0,,21,100,-3.73,5.85,,1.8
"2025-10-02 23:57:23",5287,4807,53526,-36.429722,-71.137478,21.9,96.1,-3.74,5.85,,1.8
"2025-10-02 23:57:24",5288,4808,53513,0,,20.2,98.9,-3.76,5.85,,1.8
"2025-10-02 23:57:25",5290,4810,53501,0,,21.75,100.5,-3.76,5.85,,1.8
"2025-10-02 23:57:26",5292,4812,53490,-36.429807,-71.136782,21.15,96,-3.77,5.85,0,1.8
"2025-10-02 23:57:27",5294,4814,53475,0,,19.95,100.8,-3.78,5.8,,1.8
"2025-10-02 23:57:28",5296,4816,53461,0,,21.45,98.9,-3.81,5.8,,1.8
"2025-10-02 23:57:29",5298,4818,53448,-36.42989,-71.136097,20.8,95,-3.82,5.8,,1.8
"2025-10-02 23:57:30",5300,4820,53436,0,,20.85,100.7,-3.83,5.8,,1.8
"2025-10-02 23:57:31",5302,4822,53424,0,,22.2,98,-3.84,5.8,,1.8
"2025-10-02 23:57:32",5304,4824,53412,-36.429977,-71.135397,20.45,97.6,-3.85,5.8,,1.8
"2025-10-02 23:57:33",5305,4825,53400,0,,21.25,102.4,-3.86,5.75,,1.8
"2025-10-02 23:57:34",5307,4827,53389,0,,21.65,96.8,-3.87,5.75,,1.8
"2025-10-02 23:57:35",5309,4829,53378,-36.430063,-71.134702,20.35,97.1,-3.88,5.7,,1.8
"2025-10-02 23:57:37",5312,4832,53356,0,,20.85,97.2,-3.9,5.65,,1.8
"2025-10-02 23:57:38",5313,4833,53346,-36.430155,-71.134018,20.95,97.8,-3.9,5.65,,1.8
"2025-10-02 23:57:40",5317,4837,53323,0,,20.8,97.2,-3.92,5.65,,1.7
"2025-10-02 23:57:41",5318,4838,53312,-36.430245,-71.13333,20,99,-3.93,5.6,,1.7
"2025-10-02 23:57:43",5322,4842,53287,0,,20.45,97.6,-3.97,5.6,,1.7
"2025-10-02 23:57:44",5324,4844,53276,-36.430335,-71.132638,20.15,100.9,-3.98,5.55,,1.7
"2025-10-02 23:57:46",5328,4848,53250,0,,19.95,98.3,-4,5.45,,1.7
"2025-10-02 23:57:47",5329,4849,53238,-36.43042,-71.131948,21.25,101.4,-4.01,5.45,,1.7
"2025-10-02 23:57:49",5333,4853,53216,0,,19.8,100.1,-4.02,5.35,,1.7
"2025-10-02 23:57:50",5334,4854,53206,-36.430508,-71.131258,21.45,99.9,-4.03,5.3,,1.7
"2025-10-02 23:57:52",5337,4857,53186,0,,20.25,101.1,-4.04,5.25,,1.7
"2025-10-02 23:57:53",5339,4859,53176,-36.430593,-71.130567,21.7,98.6,-4.05,5.2,0,1.7
"2025-10-02 23:57:55",5342,4862,53153,0,,21.15,100.8,-4.06,5.2,,1.7
"2025-10-02 23:57:56",5344,4864,53142,-36.430675,-71.129872,21.85,96.9,-4.07,5.15,,1.7
"2025-10-02 23:57:58",5347,4867,53116,0,,21.45,100.9,-4.11,5.1,,1.7
"2025-10-02 23:57:59",5349,4869,53104,-36.43076,-71.129178,21.2,94.7,-4.12,5.05,,1.7
"2025-10-02 23:58:00",5351,4871,53093,0,,21.2,98.5,-4.13,5,,1.7
"2025-10-02 23:58:01",5352,4872,53083,0,,21.6,100.3,-4.14,4.95,,1.6
"2025-10-02 23:58:02",5354,4874,53074,-36.430835,-71.128488,20.45,94.2,-4.15,4.95,,1.6
"2025-10-02 23:58:03",5355,4875,53063,0,,20.35,99.4,-4.16,4.9,,1.6
"2025-10-02 23:58:04",5357,4877,53051,0,,22.1,98.7,-4.17,4.9,,1.7
"2025-10-02 23:58:05",5359,4879,53040,-36.430915,-71.127798,19.7,96.2,-4.17,4.85,,1.7
"2025-10-02 23:58:06",5361,4881,53029,0,,20.55,99.3,-4.19,4.8,,1.7
"2025-10-02 23:58:07",5362,4882,53018,0,,21.65,95.2,-4.2,4.8,,1.7
"2025-10-02 23:58:08",5364,4884,53008,-36.430983,-71.127108,20.3,98,-4.22,4.75,,1.7
"2025-10-02 23:58:09",5365,4885,52997,0,,21.55,100.5,-4.22,4.75,,1.7
"2025-10-02 23:58:10",5367,4887,52986,0,,20.9,94.5,-4.23,4.7,,1.7
"2025-10-02 23:58:11",5368,4888,52976,-36.43106,-71.126418,20.15,99.1,-4.24,4.7,,1.6
"2025-10-02 23:58:12",5370,4890,52966,0,,22.1,98.2,-4.26,4.65,,1.6
"2025-10-02 23:58:13",5371,4891,52958,0,,20.25,94.7,-4.27,4.65,,1.6
"2025-10-02 23:58:14",5372,4892,52950,-36.431137,-71.125728,20.9,100.4,-4.28,4.6,,1.5
"2025-10-02 23:58:15",5374,4894,52938,0,,20.8,95.6,-4.29,4.55,,1.5
"2025-10-02 23:58:16",5376,4896,52926,0,,19.8,96.8,-4.3,4.5,,1.6
"2025-10-02 23:58:17",5378,4898,52914,-36.431212,-71.125038,20.35,99.2,-4.31,4.5,,1.6
"2025-10-02 23:58:18",5379,4899,52903,0,,20.05,94,-4.31,4.5,,1.6
"2025-10-02 23:58:19",5381,4901,52892,0,,20.2,98.8,-4.33,4.5,,1.6
"2025-10-02 23:58:20",5382,4902,52882,-36.431283,-71.124343,20.1,97.5,-4.34,4.45,-0.5,1.6
"2025-10-02 23:58:21",5384,4904,52871,0,,20.1,96.1,-4.35,4.45,,1.6
"2025-10-02 23:58:22",5385,4905,52861,0,,20.6,101.2,-4.36,4.45,,1.5
"2025-10-02 23:58:23",5387,4907,52852,-36.431363,-71.123657,21.5,96,-4.37,4.4,,1.5
"2025-10-02 23:58:24",5388,4908,52842,0,,19.45,97.7,-4.38,4.4,,1.5
"2025-10-02 23:58:25",5390,4910,52832,0,,21.1,99.3,-4.4,4.4,,1.6
"2025-10-02 23:58:26",5391,4911,52822,-36.431435,-71.122975,20.9,94.3,-4.41,4.4,,1.6
"2025-10-02 23:58:27",5393,4913,52812,0,,20.2,99.3,-4.43,4.4,,1.6
"2025-10-02 23:58:28",5394,4914,52802,0,,21.75,98.9,-4.44,4.4,,1.6
"2025-10-02 23:58:29",5396,4916,52792,-36.431513,-71.12229,20.05,95.8,-4.46,4.4,,1.5
"2025-10-02 23:58:30",5398,4918,52779,0,,20.05,99.7,-4.47,4.4,,1.5
"2025-10-02 23:58:31",5399,4919,52768,0,,21.85,96.6,-4.47,4.4,,1.5
"2025-10-02 23:58:32",5401,4921,52758,-36.431588,-71.121608,19.75,97.6,-4.47,4.4,,1.5
"2025-10-02 23:58:33",5402,4922,52750,0,,20.5,100.6,-4.48,4.45,,1.5
"2025-10-02 23:58:34",5404,4924,52741,0,,21.15,94.6,-4.48,4.45,,1.5
"2025-10-02 23:58:35",5405,4925,52732,-36.431665,-71.120928,19.9,99.3,-4.48,4.45,,1.5
"2025-10-02 23:58:37",5408,4928,52710,0,,20.7,96.1,-4.49,4.45,,1.5
"2025-10-02 23:58:38",5410,4930,52700,-36.43175,-71.120245,21.05,101.8,-4.51,4.45,,1.5
"2025-10-02 23:58:39",5411,4931,52688,0,,21.15,97.7,-4.53,4.45,,1.5
"2025-10-02 23:58:40",5413,4933,52678,0,,19.65,95.7,-4.55,4.45,,1.5
"2025-10-02 23:58:41",5415,4935,52668,-36.43183,-71.119573,20.8,101.7,-4.56,4.45,,1.5
"2025-10-02 23:58:43",5417,4937,52650,0,,,,-4.57,4.5,,1.5
"2025-10-02 23:58:44",5418,4938,52642,0,,,,-4.58,4.5,,1.5
"2025-10-02 23:58:45",5420,4940,52633,0,,20.5,95.5,-4.59,4.5,,1.5
"2025-10-02 23:58:46",5421,4941,52624,0,,19.35,99.3,-4.6,4.5,,1.5
"2025-10-02 23:58:47",5422,4942,52616,-36.431997,-71.118223,21.5,98.8,-4.61,4.5,-0.75,1.4
"2025-10-02 23:58:48",5424,4944,52605,0,,20.25,96.4,-4.62,4.45,,1.5
"2025-10-02 23:58:49",5426,4946,52594,0,,19.95,102.1,-4.63,4.5,,1.4
"2025-10-02 23:58:50",5427,4947,52584,-36.432085,-71.117547,21.15,98.4,-4.63,4.5,,1.4
"2025-10-02 23:58:51",5429,4949,52572,0,,19.8,95.7,-4.64,4.55,,1.5
"2025-10-02 23:58:52",5431,4951,52561,0,,20.5,101.8,-4.65,4.55,,1.5
"2025-10-02 23:58:53",5432,4952,52550,-36.432168,-71.116867,21.2,97.2,-4.66,4.6,,1.5
"2025-10-02 23:58:54",5434,4954,52539,0,,20.75,97.8,-4.66,4.55,,1.5
"2025-10-02 23:58:55",5435,4955,52529,0,,21.15,101.5,-4.67,4.55,,1.5
"2025-10-02 23:58:56",5437,4957,52520,-36.432257,-71.116192,21,97.4,-4.68,4.6,,1.5
"2025-10-02 23:58:57",5438,4958,52511,0,,21.15,100.8,-4.71,4.6,,1.5
"2025-10-02 23:58:58",5439,4959,52502,0,,21.05,100.3,-4.72,4.6,,1.5
"2025-10-02 23:58:59",5441,4961,52494,-36.432347,-71.11553,19.95,96.3,-4.72,4.65,,1.5
"2025-10-02 23:59:01",5444,4964,52474,0,,19.75,101.5,-4.74,4.7,,1.5
"2025-10-02 23:59:02",5445,4965,52464,-36.432435,-71.11486,19.3,98.4,-4.75,4.7,,1.5
"2025-10-02 23:59:04",5448,4968,52444,0,,20.85,96.2,-4.77,4.7,,1.5
"2025-10-02 23:59:05",5450,4970,52434,-36.432525,-71.114198,19.3,99.2,-4.78,4.75,,1.4
"2025-10-02 23:59:08",5454,4974,52404,-36.432653,-71.113308,19.3,101.8,-4.81,4.85,,1.5
"2025-10-02 23:59:09",5456,4976,52393,0,,19.3,101.8,-4.82,4.85,,1.5
"2025-10-02 23:59:10",5457,4977,52383,0,,19.85,96.3,-4.85,4.85,,1.5
"2025-10-02 23:59:11",5459,4979,52374,-36.432708,-71.112868,19.45,101.2,-4.86,4.9,,1.5
"2025-10-02 23:59:12",5460,4980,52363,0,,21,99.4,-4.87,5,,1.5
"2025-10-02 23:59:13",5462,4982,52352,0,,20.05,96.8,-4.89,5,,1.5
"2025-10-02 23:59:14",5464,4984,52342,-36.432798,-71.1122,19.9,102.8,-4.89,5.05,-1,1.5
"2025-10-02 23:59:15",5465,4985,52332,0,,20.05,98.7,-4.91,5.1,,1.5
"2025-10-02 23:59:16",5466,4986,52323,0,,19.5,96,-4.91,5.1,,1.5
"2025-10-02 23:59:17",5468,4988,52314,-36.432885,-71.111535,20.55,101.6,-4.92,5.15,,1.5
"2025-10-02 23:59:18",5469,4989,52304,0,,20,97,-4.93,5.2,,1.5
"2025-10-02 23:59:19",5471,4991,52295,0,,19.1,98.4,-4.94,5.2,,1.5
"2025-10-02 23:59:20",5472,4992,52286,-36.432972,-71.110867,21.05,101.2,-4.95,5.25,,1.5
"2025-10-02 23:59:21",5473,4993,52277,0,,20,96.4,-4.97,5.35,,1.5
"2025-10-02 23:59:22",5475,4995,52268,0,,19.2,101.3,-4.97,5.35,,1.5
"2025-10-02 23:59:23",5476,4996,52260,-36.43306,-71.110205,20.95,98.6,-4.98,5.45,,1.4
"2025-10-02 23:59:24",5477,4997,52249,0,,19.55,95.8,-5.01,5.5,,1.4
"2025-10-02 23:59:25",5479,4999,52239,0,,20.45,101.7,-5.01,5.55,,1.4
"2025-10-02 23:59:26",5480,5000,52230,-36.433145,-71.109532,20.9,97.7,-5.02,5.6,,1.4
"2025-10-02 23:59:27",5482,5002,52219,0,,19,98,-5.05,5.65,,1.4
"2025-10-02 23:59:28",5484,5004,52208,0,,21.05,100.4,-5.05,5.7,,1.4
"2025-10-02 23:59:29",5485,5005,52198,-36.433223,-71.108863,20.3,95.4,-5.05,5.75,,1.5
"2025-10-02 23:59:30",5487,5007,52188,0,,20.35,99.9,-5.06,5.75,,1.5
"2025-10-02 23:59:31",5488,5008,52179,0,,21.4,97.9,-5.07,5.85,,1.5
"2025-10-02 23:59:32",5490,5010,52170,-36.433298,-71.10819,20.85,95.9,-5.08,5.9,,1.5
"2025-10-02 23:59:34",5492,5012,52152,0,,20.9,96.1,-5.11,6.05,,1.5
"2025-10-02 23:59:35",5493,5013,52144,-36.433375,-71.107527,21.05,97.2,-5.12,6.1,,1.5
"2025-10-02 23:59:38",5498,5018,52116,-36.433445,-71.106858,19.5,99.4,-5.16,6.25,,1.4
"2025-10-02 23:59:39",5499,5019,52106,0,,20,99.3,-5.17,6.35,,1.4
"2025-10-02 23:59:40",5501,5021,52097,0,,19.5,96.1,-5.18,6.35,,1.4
"2025-10-02 23:59:41",5502,5022,52088,-36.433527,-71.106193,19.45,100.5,-5.18,6.4,-1.25,1.4
"2025-10-02 23:59:43",5505,5025,52065,0,,19.35,97.2,-5.23,6.45,,1.4
"2025-10-02 23:59:44",5507,5027,52054,-36.433605,-71.10552,20.75,101,-5.24,6.5,,1.5
"2025-10-02 23:59:45",5508,5028,52044,0,,21,95.4,-5.25,6.55,,1.5
"2025-10-02 23:59:46",5510,5030,52035,0,,19.4,97.7,-5.25,6.55,,1.5
"2025-10-02 23:59:47",5511,5031,52026,-36.43368,-71.104845,20.65,99.9,-5.27,6.6,,1.5
"2025-10-02 23:59:48",5513,5033,52017,0,,20.5,94.5,-5.27,6.7,,1.5
"2025-10-02 23:59:49",5514,5034,52008,0,,19.45,100.6,-5.3,6.75,,1.5
"2025-10-02 23:59:50",5515,5035,52000,-36.433757,-71.104177,21.25,97.6,-5.31,6.75,,1.5
"2025-10-02 23:59:51",5517,5037,51990,0,,20.45,96.1,-5.32,6.75,,1.5
"2025-10-02 23:59:52",5518,5038,51980,0,,20.6,101.6,-5.33,6.8,,1.5
"2025-10-02 23:59:53",5520,5040,51970,-36.43384,-71.103503,20.7,97,-5.34,6.8,,1.5
"2025-10-02 23:59:54",5521,5041,51960,0,,20.65,98.5,-5.35,6.85,,1.5
"2025-10-02 23:59:55",5523,5043,51950,0,,20.8,99.3,-5.37,6.85,,1.5
"2025-10-02 23:59:56",5524,5044,51940,-36.433918,-71.102832,20.8,95.8,-5.38,6.85,,1.5
"2025-10-02 23:59:57",5526,5046,51930,0,,20.75,100.3,-5.41,6.8,,1.4
"2025-10-02 23:59:58",5527,5047,51921,0,,20.95,97.9,-5.41,6.8,,1.4
"2025-10-02 23:59:59",5529,5049,51912,-36.433995,-71.102162,20.3,94.9,-5.42,6.85,,1.4
"2025-10-02 00:00:00",5530,5050,51900,0,,20.25,101.3,-5.42,6.9,,1.5
"2025-10-02 00:00:01",5532,5052,51890,0,,21.1,97.3,-5.44,6.9,,1.5
"2025-10-02 00:00:02",5533,5053,51880,-36.434075,-71.10149,20.6,96.8,-5.45,6.95,,1.5
"2025-10-02 00:00:03",5535,5055,51869,0,,20.6,99.9,-5.46,6.95,,1.5
"2025-10-02 00:00:04",5537,5057,51858,0,,21.1,94.6,-5.48,7,,1.5
"2025-10-02 00:00:05",5538,5058,51848,-36.434145,-71.100815,20.9,98.5,-5.49,7,,1.5
"2025-10-02 00:00:07",5541,5061,51829,0,,20.45,95.4,-5.51,7.1,,1.5
"2025-10-02 00:00:08",5543,5063,51820,-36.434227,-71.100137,19.45,100.7,-5.52,7.1,-1.5,1.5
"2025-10-02 00:00:10",5546,5066,51800,0,,19.85,95.3,-5.56,7.15,,1.5
"2025-10-02 00:00:11",5547,5067,51790,-36.434305,-71.099465,20.2,100.9,-5.57,7.2,,1.5
"2025-10-02 00:00:13",5550,5070,51771,0,,19.85,96.8,-5.6,7.3,,1.5
"2025-10-02 00:00:14",5551,5071,51762,-36.434385,-71.098782,20.1,101.7,-5.61,7.35,,1.5
"2025-10-02 00:00:16",5554,5074,51742,0,,19.75,98,-5.63,7.5,,1.5
"2025-10-02 00:00:17",5556,5076,51732,-36.434467,-71.098098,21.7,100.4,-5.64,7.55,,1.5
"2025-10-02 00:00:19",5559,5079,51709,0,,19.6,100.1,-5.66,7.7,,1.5
"2025-10-02 00:00:20",5561,5081,51698,-36.434548,-71.097417,21.65,97.9,-5.67,7.8,,1.5
"2025-10-02 00:00:22",5564,5084,51679,0,,20.25,94.4,-5.69,8,,1.5
"2025-10-02 00:00:23",5565,5085,51670,-36.434625,-71.096727,21.75,97.6,-5.69,8.1,,1.5
"2025-10-02 00:00:25",5568,5088,51654,0,,20.7,100.3,-5.72,8.35,,1.5
"2025-10-02 00:00:26",5569,5089,51646,-36.434698,-71.09604,21.45,94.6,-5.74,8.5,,1.5
"2025-10-02 00:00:28",5573,5093,51623,0,,21.7,99.7,-5.77,8.7,,1.5
"2025-10-02 00:00:29",5574,5094,51612,-36.434772,-71.095345,20.5,94.6,-5.78,8.85,,1.5
"2025-10-02 00:00:30",5575,5095,51603,0,,20.1,99.9,-5.79,9,,1.5
"2025-10-02 00:00:31",5577,5097,51594,0,,21.85,97.8,-5.8,9.1,,1.4
"2025-10-02 00:00:32",5578,5098,51586,-36.434845,-71.09466,20,95.4,-5.81,9.2,,1.4
"2025-10-02 00:00:33",5580,5100,51575,0,,20.75,100.2,-5.82,9.35,,1.4
"2025-10-02 00:00:34",5581,5101,51565,0,,21.95,95.7,-5.83,9.45,,1.4
"2025-10-02 00:00:35",5583,5103,51556,-36.434917,-71.09397,19.7,96.3,-5.85,9.6,-1.75,1.4
"2025-10-02 00:00:37",5586,5106,51536,0,,21.45,94.4,-5.88,9.85,,1.5
"2025-10-02 00:00:38",5587,5107,51526,-36.43499,-71.093277,19.95,99.1,-5.9,9.95,,1.5
"2025-10-02 00:00:39",5589,5109,51514,0,,21.6,97.8,-5.9,10.1,,1.5
"2025-10-02 00:00:40",5591,5111,51503,0,,20.4,93.7,-5.9,10.15,,1.5
"2025-10-02 00:00:41",5592,5112,51492,-36.435058,-71.092588,20.75,99.3,-5.91,10.3,,1.5
"2025-10-02 00:00:42",5594,5114,51483,0,,20.7,96.4,-5.93,10.4,,1.5
"2025-10-02 00:00:43",5595,5115,51474,0,,20,95.3,-5.94,10.55,,1.5
"2025-10-02 00:00:44",5596,5116,51466,-36.435128,-71.091892,20.45,99.4,-5.96,10.65,,1.5
"2025-10-02 00:00:45",5598,5118,51456,0,,20.25,93.6,-5.96,10.7,,1.5
"2025-10-02 00:00:46",5599,5119,51446,0,,20.05,96.8,-5.97,10.8,,1.5
"2025-10-02 00:00:47",5601,5121,51436,-36.435195,-71.091193,21.85,98.6,-5.99,10.95,,1.5
"2025-10-02 00:00:48",5602,5122,51427,0,,20.95,93.9,-6,11,,1.5
"2025-10-02 00:00:49",5604,5124,51418,0,,20.95,93.9,-6.01,11.1,,1.5
"2025-10-02 00:00:50",5605,5125,51410,-36.435263,-71.0905,20.85,95.9,-6.03,11.15,,1.5
"2025-10-02 00:00:51",5607,5127,51399,0,,20.25,95.2,-6.05,11.25,,1.5
"2025-10-02 00:00:52",5608,5128,51388,0,,21.5,99.2,-6.06,11.3,,1.5
"2025-10-02 00:00:53",5610,5130,51378,-36.435325,-71.0898,21.45,92.9,-6.07,11.4,,1.4
"2025-10-02 00:00:54",5612,5132,51367,0,,21.25,97.2,-6.07,11.5,,1.5
"2025-10-02 00:00:55",5613,5133,51357,0,,22.15,97.6,-6.1,11.55,,1.5
"2025-10-02 00:00:56",5614,5134,51348,-36.435408,-71.088873,20.65,93.8,-6.11,11.6,,1.5
"2025-10-02 00:00:57",5616,5136,51339,0,,20.6,93.8,-6.12,11.65,,1.5
"2025-10-02 00:00:58",5617,5137,51328,0,,21.9,95.7,-6.13,11.65,,1.5
"2025-10-02 00:00:59",5619,5139,51318,-36.435453,-71.088407,19.8,95.3,-6.15,11.7,,1.5
"2025-10-02 00:01:00",5621,5141,51308,0,,19.8,95.3,-6.16,11.7,,1.5
"2025-10-02 00:01:01",5622,5142,51299,0,,21.6,93.3,-6.18,11.85,,1.5
"2025-10-02 00:01:02",5623,5143,51290,-36.435515,-71.087712,20.1,97.3,-6.18,11.9,-2,1.5
"2025-10-02 00:01:03",5625,5145,51279,0,,22.1,97.5,-6.2,11.95,,1.5
"2025-10-02 00:01:04",5626,5146,51269,0,,22.1,97.5,-6.21,12,,1.5
"2025-10-02 00:01:05",5628,5148,51260,-36.43558,-71.087008,20.15,99.1,-6.22,12.05,,1.5
"2025-10-02 00:01:06",5629,5149,51251,0,,21.65,95.8,-6.24,12.05,,1.5
"2025-10-02 00:01:07",5631,5151,51242,0,,20.25,93.4,-6.25,12.1,,1.5
"2025-10-02 00:01:08",5632,5152,51234,-36.43564,-71.086313,21.1,98.5,-6.26,12.15,,1.5
"2025-10-02 00:01:09",5634,5154,51223,0,,20.75,94.4,-6.28,12.2,,1.5
"2025-10-02 00:01:10",5635,5155,51213,0,,20.05,95.5,-6.3,12.25,,1.5
"2025-10-02 00:01:11",5637,5157,51204,-36.435702,-71.08561,21.85,98.6,-6.31,12.3,,1.5
"2025-10-02 00:01:13",5639,5159,51188,0,,20,97.9,-6.34,12.35,,1.4
"2025-10-02 00:01:14",5640,5160,51180,-36.435767,-71.08491,21.7,96.7,-6.36,12.4,,1.4
"2025-10-02 00:01:15",5642,5162,51168,0,,20.45,92.4,-6.37,12.4,,1.4
"2025-10-02 00:01:16",5644,5164,51157,0,,20.45,97.5,-6.37,12.45,,1.4
"2025-10-02 00:01:17",5645,5165,51146,-36.43582,-71.084212,20.5,94.7,-6.39,12.45,,1.5
"2025-10-02 00:01:18",5647,5167,51136,0,,20.3,94.4,-6.4,12.5,,1.5
"2025-10-02 00:01:19",5648,5168,51127,0,,20.9,99,-6.41,12.5,,1.5
"2025-10-02 00:01:20",5650,5170,51118,-36.435882,-71.083513,21.5,94.5,-6.42,12.55,,1.5
"2025-10-02 00:01:21",5651,5171,51107,0,,21.15,96,-6.45,12.5,,1.5
"2025-10-02 00:01:22",5653,5173,51097,0,,21.55,98.4,-6.47,12.55,,1.5
"2025-10-02 00:01:23",5654,5174,51088,-36.435962,-71.082583,21.05,93.6,-6.48,12.55,,1.5
"2025-10-02 00:01:24",5656,5176,51079,0,,21.35,96.5,-6.49,12.6,,1.5
"2025-10-02 00:01:25",5657,5177,51070,0,,21.35,96.5,-6.51,12.65,,1.5
"2025-10-02 00:01:26",5658,5178,51062,-36.436002,-71.082113,21.1,92.5,-6.51,12.65,,1.5
"2025-10-02 00:01:27",5660,5180,51051,0,,20.5,96.4,-6.52,12.7,,1.5
"2025-10-02 00:01:28",5661,5181,51041,0,,22.15,97.4,-6.54,12.75,,1.5
"2025-10-02 00:01:29",5663,5183,51032,-36.43606,-71.081407,21.45,93.1,-6.55,12.75,-2.25,1.5
"2025-10-02 00:01:30",5664,5184,51022,0,,21.4,96,-6.56,12.8,,1.5
"2025-10-02 00:01:31",5666,5186,51013,0,,22.5,95.7,-6.58,12.85,,1.5
"2025-10-02 00:01:32",5667,5187,51004,-36.436115,-71.0807,20.1,94.3,-6.59,12.85,,1.5
"2025-10-02 00:01:33",5669,5189,50993,0,,21.05,97.5,-6.6,12.85,,1.5
"2025-10-02 00:01:34",5670,5190,50983,0,,22,93.6,-6.6,12.9,,1.5
"2025-10-02 00:01:35",5672,5192,50974,-36.43617,-71.08,19.85,96.2,-6.64,12.95,,1.5
"2025-10-02 00:01:37",5674,5194,50959,0,,21.45,91.7,-6.65,12.95,,1.4
"2025-10-02 00:01:38",5675,5195,50952,-36.436223,-71.0793,20.5,97.5,-6.67,13,,1.4
"2025-10-02 00:01:39",5677,5197,50942,0,,21.85,95.8,-6.68,13.05,,1.4
"2025-10-02 00:01:40",5678,5198,50933,0,,20.6,91.1,-6.69,13.05,,1.4
"2025-10-02 00:01:41",5680,5200,50924,-36.436273,-71.078597,21.2,97.7,-6.69,13.1,,1.4
"2025-10-02 00:01:42",5681,5201,50916,0,,21.05,94,-6.71,13.15,,1.4
"2025-10-02 00:01:43",5682,5202,50908,0,,19.75,94.1,-6.72,13.15,,1.4
"2025-10-02 00:01:44",5683,5203,50900,-36.436325,-71.077897,21.75,96.6,-6.74,13.2,,1.3
"2025-10-02 00:01:45",5685,5205,50891,0,,20.85,92.1,-6.75,13.25,,1.3
"2025-10-02 00:01:46",5686,5206,50882,0,,20.1,96.7,-6.75,13.25,,1.3
"2025-10-02 00:01:47",5687,5207,50874,-36.436375,-71.077193,20.55,94.5,-6.78,13.3,,1.3
"2025-10-02 00:01:48",5688,5208,50867,0,,20.55,92.5,-6.78,13.25,,1.3
"2025-10-02 00:01:49",5689,5209,50861,0,,21.2,97.3,-6.8,13.3,,1.3
"2025-10-02 00:01:50",5690,5210,50856,-36.436423,-71.076487,21.75,93.3,-6.8,13.3,,1.2
"2025-10-02 00:01:51",5691,5211,50847,0,,21.35,95.4,-6.82,13.35,,1.2
"2025-10-02 00:01:52",5693,5213,50839,0,,21.45,96.4,-6.83,13.35,,1.2
"2025-10-02 00:01:53",5694,5214,50832,-36.436473,-71.07579,21.6,91.5,-6.84,13.4,,1.2
"2025-10-02 00:01:57",5699,5219,50796,0,,21.05,97.8,-6.89,13.45,,1.2
"2025-10-02 00:01:58",5701,5221,50787,0,,22.05,92.5,-6.92,13.5,,1.2
"2025-10-02 00:01:59",5702,5222,50778,-36.436568,-71.074383,20.45,94.1,-6.93,13.55,,1.2
"2025-10-02 00:02:00",5703,5223,50770,0,,21.15,98.1,-6.94,13.6,,1.2
"2025-10-02 00:02:01",5704,5224,50762,0,,21.05,92.1,-6.94,13.6,,1.3
"2025-10-02 00:02:02",5706,5226,50754,-36.43662,-71.073683,20.2,95.8,-6.96,13.65,,1.3
"2025-10-02 00:02:03",5707,5227,50745,0,,22.4,94.8,-6.97,13.65,,1.3
"2025-10-02 00:02:04",5708,5228,50736,0,,20.65,92.1,-6.98,13.7,,1.3
"2025-10-02 00:02:05",5710,5230,50728,-36.436665,-71.072977,20.7,97.4,-6.99,13.75,,1.3
"2025-10-02 00:02:06",5711,5231,50720,0,,22.1,93.3,-7,13.75,,1.3
"2025-10-02 00:02:07",5712,5232,50713,0,,19.9,93.7,-7.01,13.85,,1.3
"2025-10-02 00:02:08",5713,5233,50706,-36.436712,-71.072275,21.5,96.2,-7.02,13.85,,1.3
"2025-10-02 00:02:09",5715,5235,50697,0,,21.55,91.3,-7.03,13.85,,1.3
"2025-10-02 00:02:10",5716,5236,50688,0,,20.7,96,-7.04,13.9,,1.3
"2025-10-02 00:02:11",5717,5237,50680,-36.436758,-71.071563,22.15,96,-7.07,13.95,,1.3
"2025-10-02 00:02:13",5719,5239,50669,0,,20.95,96.5,-7.09,14,,1.2
"2025-10-02 00:02:14",5720,5240,50664,-36.436803,-71.070855,22.4,93.1,-7.1,14.05,,1.2
"2025-10-02 00:02:15",5721,5241,50657,0,,21.6,92.9,-7.11,14.1,,1.1
"2025-10-02 00:02:16",5722,5242,50650,0,,21.6,97.3,-7.13,14.1,,1.1
"2025-10-02 00:02:17",5723,5243,50644,-36.436848,-71.070143,21.45,92,-7.14,14.15,,1.1
"2025-10-02 00:02:18",5724,5244,50634,0,,21.75,96,-7.15,14.15,,1.1
"2025-10-02 00:02:19",5726,5246,50625,0,,21.75,96,-7.16,14.15,,1.1
"2025-10-02 00:02:20",5727,5247,50616,-36.436893,-71.069442,20.75,91.3,-7.17,14.2,,1.2
"2025-10-02 00:02:21",5728,5248,50607,0,,20.75,95.8,-7.18,14.25,,1.2
"2025-10-02 00:02:22",5730,5250,50598,0,,22.6,93.9,-7.19,14.3,,1.2
"2025-10-02 00:02:23",5731,5251,50590,-36.436937,-71.06873,20.35,93.6,-7.22,14.3,-2.75,1.2
"2025-10-02 00:02:24",5732,5252,50584,0,,21.35,96.9,-7.23,14.3,,1.1
"2025-10-02 00:02:25",5733,5253,50579,0,,21.75,91.6,-7.24,14.35,,1.2
"2025-10-02 00:02:26",5734,5254,50574,-36.436982,-71.068023,20.5,95.6,-7.27,14.35,,1.2
"2025-10-02 00:02:27",5735,5255,50565,0,,22.1,96.1,-7.3,14.45,,1.2
"2025-10-02 00:02:28",5736,5256,50557,0,,20.9,90.7,-7.3,14.5,,1.2
"2025-10-02 00:02:29",5737,5257,50550,-36.437027,-71.067317,20.9,96.3,-7.32,14.55,,1.2
"2025-10-02 00:02:30",5738,5258,50543,0,,20.9,96.3,-7.32,14.55,,1.2
"2025-10-02 00:02:31",5739,5259,50536,0,,20.2,92.4,-7.32,14.6,,1.2
"2025-10-02 00:02:32",5740,5260,50530,-36.437073,-71.066613,21.1,97.1,-7.32,14.65,,1.1
"2025-10-02 00:02:33",5741,5261,50523,0,,21.95,91.9,-7.32,14.7,,1.1
"2025-10-02 00:02:34",5742,5262,50517,0,,20,94.4,-7.32,14.7,,1
"2025-10-02 00:02:35",5743,5263,50512,-36.437115,-71.065913,21.8,96.1,-7.32,14.75,,1
"2025-10-02 00:02:37",5745,5265,50501,0,,20.5,96.3,-7.32,14.75,,1
"2025-10-02 00:02:38",5746,5266,50496,-36.437157,-71.06521,20.85,93.8,-7.32,14.8,,1
"2025-10-02 00:02:40",5748,5268,50481,0,,20.85,96.2,-7.32,14.85,,1
"2025-10-02 00:02:41",5749,5269,50474,-36.437197,-71.064515,21.55,90.9,-7.33,14.85,,1
"2025-10-02 00:02:44",5752,5272,50456,-36.437233,-71.063817,20.7,89.9,-7.33,14.85,,1
"2025-10-02 00:02:46",5754,5274,50444,0,,21.9,94.8,-7.36,14.9,,1
"2025-10-02 00:02:47",5755,5275,50438,-36.437268,-71.063118,21.3,90.9,-7.38,14.9,,1
"2025-10-02 00:02:49",5757,5277,50424,0,,22.05,92,-7.4,14.9,,1
"2025-10-02 00:02:50",5758,5278,50418,-36.437297,-71.06242,19.9,92.6,-7.4,14.95,-3,1
"2025-10-02 00:02:52",5760,5280,50404,0,,21.5,91.8,-7.43,14.95,,1
"2025-10-02 00:02:53",5761,5281,50398,-36.437337,-71.061725,19.65,95.3,-7.44,15,,1
"2025-10-02 00:02:55",5763,5283,50384,0,,20.45,90.3,-7.46,15.05,,1
"2025-10-02 00:02:56",5764,5284,50378,-36.437368,-71.061035,20.8,95.6,-7.46,15.05,,1
"2025-10-02 00:02:58",5766,5286,50365,0,,20.35,91.7,-7.51,15.05,,1
"2025-10-02 00:02:59",5767,5287,50360,-36.437405,-71.060335,20.7,97.1,-7.53,15.1,,1
"2025-10-02 00:03:00",5768,5288,50353,0,,20.5,92,-7.53,15.1,,1
"2025-10-02 00:03:01",5769,5289,50347,0,,19.5,93.4,-7.53,15.15,,1
"2025-10-02 00:03:02",5770,5290,50342,-36.437443,-71.059642,20,95.1,-7.54,15.15,,1
"2025-10-02 00:03:03",5771,5291,50333,0,,21.25,90.1,-7.55,15.2,,1
"2025-10-02 00:03:04",5772,5292,50325,0,,20.35,95.2,-7.56,15.2,,1
"2025-10-02 00:03:05",5773,5293,50318,-36.43748,-71.058942,21.75,95,-7.57,15.25,,1
"2025-10-02 00:03:06",5774,5294,50313,0,,21.25,89.3,-7.57,15.2,,1
"2025-10-02 00:03:07",5775,5295,50308,0,,20.5,95.4,-7.58,15.2,,1
"2025-10-02 00:03:08",5775,5295,50304,-36.43751,-71.05824,21.15,92.5,-7.59,15.25,,1
"2025-10-02 00:03:09",5777,5297,50296,0,,21,91,-7.6,15.3,,1
"2025-10-02 00:03:10",5778,5298,50289,0,,20.55,94.6,-7.61,15.3,,1
"2025-10-02 00:03:11",5779,5299,50282,-36.437553,-71.057303,21.9,94.2,-7.62,15.35,,1
"2025-10-02 00:03:12",5779,5299,50278,0,,,,-7.62,15.35,,1
"2025-10-02 00:03:13",5780,5300,50274,0,,,,-7.64,15.4,,1
"2025-10-02 00:03:14",5781,5301,50270,0,,,,-7.64,15.4,,0.9
"2025-10-02 00:03:15",5782,5302,50260,0,,,,-7.66,15.45,,1
"2025-10-02 00:03:16",5783,5303,50252,0,,,,-7.67,15.5,,1
"2025-10-02 00:03:17",5785,5305,50244,0,,,,-7.69,15.5,-3.5,1
"2025-10-02 00:03:18",5786,5306,50238,0,,21,91.3,-7.69,15.5,,1
"2025-10-02 00:03:19",5787,5307,50232,0,,21.1,95.7,-7.7,15.55,,1
"2025-10-02 00:03:20",5788,5308,50226,-36.43765,-71.055215,21.15,91.2,-7.71,15.55,,1
"2025-10-02 00:03:21",5788,5308,50220,0,,21.1,91.2,-7.72,15.6,,1
"2025-10-02 00:03:22",5789,5309,50215,0,,21.55,94.8,-7.72,15.65,,1
"2025-10-02 00:03:23",5790,5310,50210,-36.437682,-71.054518,21.3,91.3,-7.73,15.65,,1
"2025-10-02 00:03:24",5791,5311,50202,0,,21.3,91.3,-7.74,15.65,,1
"2025-10-02 00:03:25",5792,5312,50195,0,,21.45,94.5,-7.75,15.65,,1
"2025-10-02 00:03:26",5793,5313,50188,-36.437707,-71.054055,21.4,90.6,-7.75,15.7,,1.1
"2025-10-02 00:03:27",5794,5314,50182,0,,20.25,94.2,-7.76,15.75,,1
"2025-10-02 00:03:28",5795,5315,50177,0,,21.6,93.6,-7.77,15.75,,1
"2025-10-02 00:03:29",5796,5316,50172,-36.437737,-71.053368,21.05,91.6,-7.77,15.8,,1
"2025-10-02 00:03:30",5797,5317,50165,0,,20.9,94.1,-7.78,15.8,,0.9
"2025-10-02 00:03:31",5798,5318,50159,0,,21.35,91.8,-7.79,15.8,,0.9
"2025-10-02 00:03:32",5799,5319,50154,-36.437767,-71.052685,19.4,94.2,-7.79,15.9,,0.9
"2025-10-02 00:03:33",5800,5320,50148,0,,20.4,93.2,-7.81,15.95,,0.9
"2025-10-02 00:03:34",5801,5321,50142,0,,21.2,91.8,-7.82,15.95,,0.9
"2025-10-02 00:03:35",5802,5322,50136,-36.437797,-71.052,20.1,94,-7.83,15.95,,1
"2025-10-02 00:03:37",5803,5323,50126,0,,20.75,89.9,-7.85,16,,0.9
"2025-10-02 00:03:38",5804,5324,50122,-36.437825,-71.051313,20.7,93.7,-7.87,16,,0.9
"2025-10-02 00:03:39",5805,5325,50115,0,,20.75,93.7,-7.87,16,,0.9
"2025-10-02 00:03:40",5806,5326,50109,0,,19.7,92.4,-7.88,16.05,,0.9
"2025-10-02 00:03:41",5807,5327,50104,-36.437858,-71.050623,20.65,94.3,-7.88,16.1,,0.9
"2025-10-02 00:03:43",5808,5328,50093,0,,19.7,90.4,-7.9,16.1,,0.9
"2025-10-02 00:03:44",5809,5329,50088,-36.437878,-71.049932,21,94.5,-7.91,16.15,-3.75,0.9
"2025-10-02 00:03:45",5810,5330,50082,0,,21.2,92.2,-7.91,16.1,,0.8
"2025-10-02 00:03:46",5811,5331,50077,0,,19.45,93,-7.92,16.15,,0.8
"2025-10-02 00:03:47",5812,5332,50072,-36.437907,-71.049245,20.2,93.7,-7.92,16.15,,0.8
"2025-10-02 00:03:48",5813,5333,50064,0,,20.2,93.7,-7.93,16.2,,0.9
"2025-10-02 00:03:49",5814,5334,50057,0,,20.25,93.4,-7.95,16.25,,0.9
"2025-10-02 00:03:50",5815,5335,50050,-36.437928,-71.04855,20,93.5,-7.96,16.25,,0.9
"2025-10-02 00:03:51",5816,5336,50043,0,,20.2,90.5,-7.97,16.3,,0.9
"2025-10-02 00:03:52",5817,5337,50036,0,,20.4,95.4,-7.98,16.35,,0.9
"2025-10-02 00:03:53",5818,5338,50030,-36.437953,-71.04786,21.7,91.7,-7.98,16.4,,1
"2025-10-02 00:03:54",5819,5339,50023,0,,19.85,91.2,-7.99,16.4,,1
"2025-10-02 00:03:55",5820,5340,50017,0,,21,94.9,-7.99,16.4,,1
"2025-10-02 00:03:56",5821,5341,50012,-36.437975,-71.047168,21.1,90,-8.01,16.45,,1
"2025-10-02 00:03:57",5822,5342,50005,0,,19.8,94,-8.01,16.5,,1
"2025-10-02 00:03:58",5823,5343,49999,0,,21.2,90.9,-8.01,16.55,,1
"2025-10-02 00:03:59",5824,5344,49994,-36.437993,-71.046483,20.6,90.3,-8.01,16.55,,1
"2025-10-02 00:04:00",5825,5345,49988,0,,20.75,94.1,-8.05,16.6,,1
"2025-10-02 00:04:01",5826,5346,49982,0,,21.45,90.9,-8.06,16.6,,1
"2025-10-02 00:04:02",5826,5346,49976,-36.438013,-71.045795,21.05,91.9,-8.06,16.65,,1
"2025-10-02 00:04:03",5827,5347,49970,0,,21.15,94.9,-8.07,16.65,,0.9
"2025-10-02 00:04:04",5828,5348,49965,0,,20.95,90.5,-8.08,16.7,,0.9
"2025-10-02 00:04:05",5829,5349,49960,-36.438038,-71.045105,19.6,92.8,-8.08,16.75,,0.9
"2025-10-02 00:04:06",5830,5350,49953,0,,21.55,92.8,-8.1,16.75,,0.9
"2025-10-02 00:04:07",5831,5351,49947,0,,21.55,92.8,-8.11,16.8,,0.9
"2025-10-02 00:04:08",5832,5352,49942,-36.438057,-71.04441,20.3,94.1,-8.12,16.85,,0.9
"2025-10-02 00:04:09",5833,5353,49933,0,,20.6,92.4,-8.13,16.85,,0.9
"2025-10-02 00:04:10",5834,5354,49925,0,,19.95,90.9,-8.13,16.9,,1
"2025-10-02 00:04:11",5836,5356,49918,-36.43808,-71.043718,20.4,94.5,-8.14,16.95,-4,1
"2025-10-02 00:04:12",5837,5357,49911,0,,20.1,90.1,-8.15,16.95,,1
"2025-10-02 00:04:13",5838,5358,49904,0,,20.15,92.1,-8.16,16.95,,1
"2025-10-02 00:04:14",5839,5359,49898,-36.438102,-71.043023,21.25,94.6,-8.16,16.95,,1
"2025-10-02 00:04:15",5840,5360,49891,0,,20.85,90.3,-8.17,17.05,,1
"2025-10-02 00:04:16",5841,5361,49884,0,,19.7,92.6,-8.18,17.05,,1
"2025-10-02 00:04:17",5842,5362,49878,-36.438122,-71.042335,21.2,92,-8.19,17.1,,1.1
"2025-10-02 00:04:18",5843,5363,49869,0,,20.75,88.6,-8.19,17.15,,1.1
"2025-10-02 00:04:19",5844,5364,49860,0,,20.55,93.5,-8.21,17.2,,1.1
"2025-10-02 00:04:20",5846,5366,49852,-36.438133,-71.04164,20.6,90.9,-8.22,17.2,,1.2
"2025-10-02 00:04:21",5847,5367,49845,0,,20.65,89.9,-8.22,17.25,,1.2
"2025-10-02 00:04:22",5848,5368,49838,0,,20.8,93.1,-8.25,17.25,,1.1
"2025-10-02 00:04:23",5849,5369,49832,-36.438142,-71.040943,20.65,89.1,-8.26,17.3,,1.1
"2025-10-02 00:04:24",5850,5370,49824,0,,20.65,89.1,-8.27,17.3,,1.1
"2025-10-02 00:04:25",5851,5371,49817,0,,21.45,93.1,-8.27,17.35,,1.1
"2025-10-02 00:04:26",5852,5372,49810,-36.438153,-71.040242,21,89,-8.28,17.4,,1.1
"2025-10-02 00:04:27",5853,5373,49803,0,,20.15,93.3,-8.28,17.45,,1.1
"2025-10-02 00:04:28",5855,5375,49796,0,,21.45,92.3,-8.29,17.5,,1.1
"2025-10-02 00:04:29",5856,5376,49790,-36.438168,-71.03955,21,88.6,-8.3,17.5,,1.1
"2025-10-02 00:04:30",5857,5377,49783,0,,21.05,92.6,-8.31,17.55,,1.1
"2025-10-02 00:04:31",5858,5378,49776,0,,21.9,90.8,-8.32,17.55,,1.1
"2025-10-02 00:04:32",5859,5379,49770,-36.438177,-71.038845,21.5,89.9,-8.33,17.6,,1.1
"2025-10-02 00:04:33",5860,5380,49763,0,,21.5,92.6,-8.34,17.65,,1.1
"2025-10-02 00:04:34",5861,5381,49756,0,,21.7,90.4,-8.34,17.7,,1.1
"2025-10-02 00:04:35",5862,5382,49750,-36.438188,-71.038142,21.65,91.3,-8.35,17.75,,1.1
"2025-10-02 00:04:37",5864,5384,49733,0,,21.45,90.5,-8.37,17.8,,1.1
"2025-10-02 00:04:38",5866,5386,49726,-36.438202,-71.037435,20.15,92.7,-8.38,17.85,-4.25,1.1
"2025-10-02 00:04:39",5867,5387,49718,0,,20.9,90.4,-8.4,17.9,,1.1
"2025-10-02 00:04:40",5868,5388,49711,0,,20.35,89.9,-8.4,17.95,,1.1
"2025-10-02 00:04:41",5869,5389,49704,-36.438212,-71.036733,20.25,92.9,-8.41,17.95,,1.1
"2025-10-02 00:04:43",5871,5391,49693,0,,,,-8.43,18,,1.1
"2025-10-02 00:04:44",5872,5392,49688,0,,,,-8.45,18,,1.1
"2025-10-02 00:04:45",5873,5393,49679,0,,21.85,89.9,-8.45,18.05,,1.1
"2025-10-02 00:04:46",5874,5394,49670,0,,20.5,89.5,-8.46,18.1,,1.1
"2025-10-02 00:04:47",5876,5396,49662,-36.438227,-71.035315,21.85,92.6,-8.46,18.1,,1.1
"2025-10-02 00:04:48",5877,5397,49654,0,,21.6,89.2,-8.46,18.15,,1.2
"2025-10-02 00:04:49",5878,5398,49646,0,,20.5,92.3,-8.47,18.15,,1.2
"2025-10-02 00:04:50",5879,5399,49638,-36.438237,-71.0346,22.2,90.7,-8.48,18.2,,1.2
"2025-10-02 00:04:51",5881,5401,49630,0,,21.55,88.5,-8.49,18.25,,1.1
"2025-10-02 00:04:52",5882,5402,49623,0,,21.45,91.9,-8.5,18.25,,1.1
"2025-10-02 00:04:53",5883,5403,49616,-36.43824,-71.033638,22.65,90.1,-8.51,18.25,,1.2
"2025-10-02 00:04:54",5884,5404,49608,0,,22.65,90.1,-8.51,18.2,,1.2
"2025-10-02 00:04:55",5885,5405,49601,0,,22.1,92,-8.52,18.25,,1.2
"2025-10-02 00:04:56",5886,5406,49594,-36.438245,-71.033155,21.7,88.5,-8.52,18.25,,1.2
"2025-10-02 00:04:57",5887,5407,49586,0,,21.75,90,-8.53,18.3,,1.2
"2025-10-02 00:04:58",5889,5409,49579,0,,22.55,91.9,-8.56,18.25,,1.2
"2025-10-02 00:04:59",5890,5410,49572,-36.43825,-71.032432,22.05,89.6,-8.57,18.25,,1.2
"2025-10-02 00:05:00",5891,5411,49564,0,,22.2,92.6,-8.57,18.2,,1.2
"2025-10-02 00:05:01",5892,5412,49557,0,,22.9,89.1,-8.58,18.2,,1.2
"2025-10-02 00:05:02",5893,5413,49550,-36.438253,-71.031708,20.9,90.9,-8.58,18.2,,1.1
"2025-10-02 00:05:03",5894,5414,49543,0,,21.8,91.1,-8.58,18.2,,1.1
"2025-10-02 00:05:04",5895,5415,49536,0,,22.25,88.6,-8.59,18.2,,1.1
"2025-10-02 00:05:05",5896,5416,49530,-36.438253,-71.03098,21.85,90.6,-8.6,18.15,-4.5,1.1
"2025-10-02 00:05:06",5898,5418,49520,0,,21.8,92.8,-8.6,18.15,,1.2
"2025-10-02 00:05:07",5899,5419,49511,0,,21.65,89.4,-8.6,18.1,,1.2
"2025-10-02 00:05:08",5901,5421,49502,-36.438262,-71.03025,21.6,90.9,-8.61,18.1,,1.2
"2025-10-02 00:05:10",5903,5423,49484,0,,21.1,90.1,-8.61,18,,1.2
"2025-10-02 00:05:11",5905,5425,49476,-36.438268,-71.02951,21.9,92.1,-8.62,17.95,,1.3
"2025-10-02 00:05:13",5907,5427,49461,0,,21.9,91.1,-8.61,17.8,,1.3
"2025-10-02 00:05:14",5908,5428,49454,-36.438277,-71.028757,21.9,94,-8.61,17.75,,1.3
"2025-10-02 00:05:16",5911,5431,49437,0,,21.8,93,-8.6,17.45,,1.3
"2025-10-02 00:05:17",5912,5432,49430,-36.438297,-71.028003,22.7,93,-8.61,17.35,,1.3
"2025-10-02 00:05:19",5914,5434,49415,0,,22.2,93.4,-8.6,17.05,,1.3
"2025-10-02 00:05:20",5916,5436,49408,-36.438315,-71.02725,23,91.4,-8.59,16.95,,1.3
"2025-10-02 00:05:22",5918,5438,49390,0,,22.1,93.7,-8.58,16.6,,1.2
"2025-10-02 00:05:23",5920,5440,49382,-36.438332,-71.0265,22.25,92.3,-8.58,16.45,,1.2
"2025-10-02 00:05:25",5922,5442,49366,0,,22.2,94.1,-8.56,16.15,,1.2
"2025-10-02 00:05:26",5923,5443,49358,-36.438358,-71.025745,23.35,90.9,-8.56,16.05,,1.3
"2025-10-02 00:05:28",5926,5446,49343,0,,22.6,94,-8.52,15.8,,1.2
"2025-10-02 00:05:29",5927,5447,49336,-36.438382,-71.024987,22.95,90.8,-8.52,15.7,,1.2
"2025-10-02 00:05:30",5929,5449,49325,0,,,,-8.52,15.65,,1.3
"2025-10-02 00:05:31",5930,5450,49314,0,,,,-8.52,15.6,,1.3
"2025-10-02 00:05:32",5932,5452,49304,0,,,,-8.51,15.5,-4.75,1.4
"2025-10-02 00:05:33",5933,5453,49294,0,,21.8,94.8,-8.51,15.5,,1.4
"2025-10-02 00:05:34",5935,5455,49285,0,,23.5,91.5,-8.51,15.5,,1.4
"2025-10-02 00:05:35",5936,5456,49276,-36.438443,-71.023473,22.4,91.9,-8.52,15.4,,1.4
"2025-10-02 00:05:36",5938,5458,49268,0,,,,-8.52,15.35,,1.4
"2025-10-02 00:05:37",5939,5459,49260,0,,,,-8.51,15.35,,1.4
"2025-10-02 00:05:38",5940,5460,49252,0,,,,-8.52,15.3,,1.4
"2025-10-02 00:05:39",5942,5462,49242,0,,22.6,96.9,-8.52,15.3,,1.4
"2025-10-02 00:05:40",5943,5463,49233,0,,22.55,91.5,-8.53,15.3,,1.4
"2025-10-02 00:05:41",5945,5465,49224,-36.43852,-71.021975,22.75,92.4,-8.53,15.3,,1.5
"2025-10-02 00:05:42",5946,5466,49212,0,,22.75,92.4,-8.56,15.3,,1.5
"2025-10-02 00:05:43",5948,5468,49202,0,,22.8,92.7,-8.56,15.3,,1.5
"2025-10-02 00:05:44",5950,5470,49192,-36.438565,-71.021223,21.95,93.1,-8.57,15.3,,1.5
"2025-10-02 00:05:45",5951,5471,49183,0,,22.8,96.8,-8.57,15.3,,1.5
"2025-10-02 00:05:46",5952,5472,49174,0,,22.35,91.7,-8.58,15.35,,1.5
"2025-10-02 00:05:47",5954,5474,49166,-36.438625,-71.020223,21.8,93.9,-8.58,15.35,,1.5
"2025-10-02 00:05:48",5956,5476,49155,0,,21.8,93.9,-8.59,15.3,,1.5
"2025-10-02 00:05:49",5957,5477,49144,0,,22.4,93.3,-8.6,15.3,,1.5
"2025-10-02 00:05:50",5959,5479,49134,-36.438657,-71.01972,22.15,96,-8.61,15.35,,1.6
"2025-10-02 00:05:51",5960,5480,49124,0,,23.15,95.6,-8.62,15.35,,1.6
"2025-10-02 00:05:52",5962,5482,49114,0,,21.75,94.7,-8.63,15.45,,1.6
"2025-10-02 00:05:53",5964,5484,49104,-36.438713,-71.018973,22.05,95.2,-8.65,15.45,,1.6
"2025-10-02 00:05:54",5965,5485,49096,0,,23.7,93.3,-8.66,15.45,,1.5
"2025-10-02 00:05:55",5966,5486,49089,0,,22.35,92.7,-8.67,15.45,,1.5
"2025-10-02 00:05:56",5967,5487,49082,-36.438755,-71.01821,22.95,95.6,-8.69,15.5,,1.5
"2025-10-02 00:05:57",5969,5489,49072,0,,22.9,94.3,-8.7,15.5,,1.5
"2025-10-02 00:05:58",5970,5490,49063,0,,22.9,94.3,-8.71,15.55,,1.5
"2025-10-02 00:05:59",5972,5492,49054,-36.438807,-71.017448,22.7,96.6,-8.73,15.6,-5,1.5
"2025-10-02 00:06:00",5973,5493,49044,0,,22.4,92.8,-8.73,15.6,,1.5
"2025-10-02 00:06:01",5974,5494,49035,0,,21.65,93.3,-8.73,15.65,,1.5
"2025-10-02 00:06:02",5976,5496,49026,-36.43885,-71.016693,23.3,95,-8.74,15.7,,1.4
"2025-10-02 00:06:03",5977,5497,49017,0,,23.05,92.4,-8.75,15.7,,1.4
"2025-10-02 00:06:04",5979,5499,49008,0,,22.4,96.2,-8.77,15.7,,1.4
"2025-10-02 00:06:05",5980,5500,49000,-36.438897,-71.015928,23.25,93.8,-8.78,15.75,,1.4
"2025-10-02 00:06:13",5992,5512,48925,0,,24.15,93.3,-8.88,15.95,,1.5
"2025-10-02 00:06:14",5993,5513,48916,-36.43902,-71.013638,22.65,92.1,-8.9,15.95,,1.5
"2025-10-02 00:06:18",6000,5520,48877,0,,23.05,95.6,-8.95,16,,1.5
"2025-10-02 00:06:19",6001,5521,48867,0,,23.2,92,-8.96,16,,1.5
"2025-10-02 00:06:20",6003,5523,48858,-36.439105,-71.012132,23.2,93.2,-8.97,16.05,,1.5
"2025-10-02 00:06:21",6004,5524,48850,0,,23.25,95.3,-9,16.05,,1.5
"2025-10-02 00:06:22",6005,5525,48843,0,,23.25,92.1,-9.01,16.1,,1.5
"2025-10-02 00:06:23",6006,5526,48836,-36.439147,-71.011367,23.2,95.1,-9.02,16.1,,1.4
"2025-10-02 00:06:24",6008,5528,48825,0,,23.25,95.5,-9.03,16.05,,1.5
"2025-10-02 00:06:25",6010,5530,48814,0,,22.2,92,-9.05,16.1,,1.5
"2025-10-02 00:06:26",6011,5531,48804,-36.439192,-71.010615,22.3,94.7,-9.08,16.1,-5,1.5
"2025-10-02 00:06:27",6012,5532,48795,0,,23.95,93.5,-9.09,16.1,,1.5
"2025-10-02 00:06:28",6014,5534,48787,0,,22.15,93.3,-9.1,16.15,,1.4
"2025-10-02 00:06:29",6015,5535,48780,-36.439238,-71.009848,23.3,97.4,-9.11,16.15,,1.4
"2025-10-02 00:08:23",6157,5677,47896,-36.440977,-70.980567,22.35,92.6,-10.48,17.85,,1.2
