timestamp,msl,agl,pressure,latitude,longitude,speed,heading,temperature,relative_humidity,internal_temperature,rise_speed
"2025-08-02 21:40:56",256,1,97714,-36.67391,-71.944953,0.9,301.9,39.09,22.2,,-0.1
"2025-08-02 21:40:57",257,2,97705,0,,2.85,67.9,39.61,22.75,,0
"2025-08-02 21:40:58",257,2,97697,0,,3.5,69.2,39.68,22.4,,0.1
"2025-08-02 21:40:59",258,3,97690,-36.673868,-71.94488,2.45,45.2,39.5,21.85,,0.2
"2025-08-02 21:41:00",261,6,97661,0,,4.15,42.7,39.22,21.65,,0.4
"2025-08-02 21:41:01",263,8,97632,0,,5.45,36.6,38.97,21.75,,0.6
"2025-08-02 21:41:02",266,11,97604,-36.673758,-71.944788,5.95,34.9,38.54,21.8,,0.9
"2025-08-02 21:41:04",274,19,97525,0,,6.1,348.3,37.38,21.5,,1.5
"2025-08-02 21:41:05",277,22,97486,-36.673575,-71.944722,8.05,35,36.85,21.7,45,1.8
"2025-08-02 21:41:06",281,26,97446,0,,5.35,45.2,36.33,22,,2.1
"2025-08-02 21:41:07",285,30,97407,0,,6.75,342.6,35.84,22.3,,2.4
"2025-08-02 21:41:08",288,33,97368,-36.673408,-71.944682,6.1,17.6,35.45,22.65,,2.7
"2025-08-02 21:41:09",292,37,97330,0,,5,35.6,35.05,22.95,,2.8
"2025-08-02 21:41:10",295,40,97293,0,,9.2,355.9,34.73,23.1,,3
"2025-08-02 21:41:11",299,44,97256,-36.673215,-71.944642,8.05,20.8,34.38,23.35,,3.2
"2025-08-02 21:41:12",302,47,97222,0,,6.45,15.6,34.07,23.55,,3.4
"2025-08-02 21:41:13",305,50,97188,0,,9.15,17.5,33.8,23.65,,3.4
"2025-08-02 21:41:14",308,53,97154,-36.67302,-71.944562,6.1,31.4,33.59,23.9,,3.5
"2025-08-02 21:41:15",311,56,97122,0,,9.15,2.1,33.42,24.1,,3.5
"2025-08-02 21:41:16",314,59,97090,0,,8.4,25.6,33.22,24.15,,3.4
"2025-08-02 21:41:17",317,62,97058,-36.672828,-71.944502,4.2,3.3,33.05,24.4,,3.3
"2025-08-02 21:41:20",326,71,96960,-36.67264,-71.944418,7.85,9.1,32.64,24.85,,3.2
"2025-08-02 21:41:21",331,76,96915,0,,7.15,15.3,32.53,25,,3.2
"2025-08-02 21:41:22",335,80,96871,0,,8.5,357.9,32.35,25.1,,3.3
"2025-08-02 21:41:23",339,84,96828,-36.672433,-71.944382,6.5,23.9,32.09,25.15,,3.3
"2025-08-02 21:41:24",344,89,96772,0,,7.5,27.6,32.09,25.35,,3.5
"2025-08-02 21:41:25",349,94,96717,0,,7.65,6,32.07,25.45,,3.6
"2025-08-02 21:41:26",354,99,96662,-36.672243,-71.944315,6.9,17.1,32.01,25.6,,3.8
"2025-08-02 21:41:27",358,103,96620,0,,7,17.6,31.92,25.7,,3.9
"2025-08-02 21:41:28",362,107,96578,0,,6.05,11.7,31.86,25.75,,4
"2025-08-02 21:41:29",366,111,96536,-36.672062,-71.944252,7.55,25.9,31.79,25.85,,4.1
"2025-08-02 21:41:30",370,115,96488,0,,9.3,18.5,31.68,25.9,,4.1
"2025-08-02 21:41:31",375,120,96442,0,,6.9,14.7,31.62,25.95,,4.1
"2025-08-02 21:41:32",379,124,96396,-36.671858,-71.944168,7.05,23.6,31.55,26.05,44.25,4.4
"2025-08-02 21:41:33",384,129,96346,0,,9.45,19.1,31.47,26.1,,4.4
"2025-08-02 21:41:34",388,133,96297,0,,7.7,14.3,31.42,26.2,,4.4
"2025-08-02 21:41:35",393,138,96248,-36.671655,-71.944083,6.85,23.8,31.32,26.25,,4.5
"2025-08-02 21:41:36",397,142,96202,0,,8.15,15.7,31.27,26.3,,4.5
"2025-08-02 21:41:37",401,146,96156,0,,8.05,15.4,31.25,26.4,,4.4
"2025-08-02 21:41:38",406,151,96110,-36.671455,-71.944005,7.1,27.2,31.26,26.45,,4.4
"2025-08-02 21:41:39",413,158,96037,0,,7,20.4,31.23,26.5,,4.5
"2025-08-02 21:41:40",419,164,95964,0,,7.95,28.9,31.21,26.5,,4.7
"2025-08-02 21:41:41",426,171,95892,-36.671275,-71.943897,7.3,30.3,31.25,26.5,,4.9
"2025-08-02 21:41:42",431,176,95843,0,,6.8,18.7,31.21,26.55,,5
"2025-08-02 21:41:43",435,180,95794,0,,7.35,30.5,31.17,26.5,,5
"2025-08-02 21:41:44",440,185,95746,-36.671092,-71.94379,8.6,25.6,31.14,26.55,,5
"2025-08-02 21:41:45",444,189,95702,0,,7.55,15.3,31.08,26.55,,5
"2025-08-02 21:41:46",448,193,95662,0,,8.35,25.7,31.08,26.6,,4.9
"2025-08-02 21:41:47",452,197,95622,-36.670883,-71.943695,8.65,18.5,31.05,26.6,,4.9
"2025-08-02 21:41:49",460,205,95534,0,,9.35,16.8,30.9,26.6,,4.8
"2025-08-02 21:41:50",464,209,95488,-36.67067,-71.943607,7.65,22.2,30.83,26.65,,4.8
"2025-08-02 21:41:51",468,213,95444,0,,7.4,26.5,30.76,26.7,,4.6
"2025-08-02 21:41:52",472,217,95403,0,,9.55,23.9,30.69,26.7,,4.4
"2025-08-02 21:41:53",476,221,95362,-36.670468,-71.943505,7.6,21.6,30.64,26.7,,4.1
"2025-08-02 21:41:54",481,226,95308,0,,,,30.57,26.8,,4.2
"2025-08-02 21:41:55",486,231,95252,0,,,,30.52,26.85,,4.3
"2025-08-02 21:41:56",492,237,95196,0,,,,30.46,26.85,,4.3
"2025-08-02 21:41:57",496,241,95148,0,,7.3,21.8,30.43,26.9,,4.3
"2025-08-02 21:41:58",500,245,95102,0,,9.1,0.4,30.35,26.95,,4.4
"2025-08-02 21:41:59",505,250,95056,-36.670035,-71.943377,8.75,23.7,30.29,27,43.5,4.4
"2025-08-02 21:42:00",510,255,95000,0,,9.1,16.4,30.22,27.05,,4.5
"2025-08-02 21:42:01",516,261,94942,0,,7.45,11.6,30.2,27.1,,4.6
"2025-08-02 21:42:02",521,266,94884,-36.669817,-71.943302,8.75,19.9,30.16,27.2,,4.7
"2025-08-02 21:42:03",526,271,94836,0,,9.05,6.2,30.11,27.25,,4.7
"2025-08-02 21:42:04",530,275,94788,0,,8.45,25.2,30.08,27.25,,4.8
"2025-08-02 21:42:05",535,280,94740,-36.66958,-71.94322,11.5,13,30.03,27.35,,4.8
"2025-08-02 21:42:06",539,284,94690,0,,9.9,13.7,29.97,27.4,,4.8
"2025-08-02 21:42:07",544,289,94643,0,,7.7,31.7,29.93,27.45,,4.8
"2025-08-02 21:42:08",548,293,94596,-36.669345,-71.943132,9.75,5.6,29.84,27.5,,4.7
"2025-08-02 21:42:09",552,297,94558,0,,10.65,356.5,29.77,27.55,,4.6
"2025-08-02 21:42:10",555,300,94521,0,,8.05,12,29.67,27.6,,4.6
"2025-08-02 21:42:11",559,304,94484,-36.669102,-71.943098,8.95,17.9,29.6,27.6,,4.5
"2025-08-02 21:42:12",562,307,94451,0,,10.1,15.2,29.57,27.7,,4.3
"2025-08-02 21:42:13",565,310,94419,0,,11.1,7.1,29.54,27.75,,4.1
"2025-08-02 21:42:14",568,313,94388,-36.668825,-71.943035,9.85,11.7,29.53,27.8,,3.9
"2025-08-02 21:42:15",571,316,94360,0,,10.4,7.1,29.55,27.85,,3.7
"2025-08-02 21:42:16",573,318,94333,0,,10.1,5.2,29.53,27.9,,3.6
"2025-08-02 21:42:17",576,321,94306,-36.668558,-71.942988,10.3,12.8,29.54,27.9,,3.4
"2025-08-02 21:42:20",584,329,94222,-36.668272,-71.942943,10.5,3.7,29.28,27.85,,3.1
"2025-08-02 21:42:21",586,331,94197,0,,10.2,8,29.27,27.95,,2.8
"2025-08-02 21:42:22",588,333,94173,0,,11.15,6.7,29.18,28,,2.7
"2025-08-02 21:42:23",590,335,94150,-36.667973,-71.942893,12.4,6.9,29.14,28.05,,2.6
"2025-08-02 21:42:24",593,338,94123,0,,10.9,6.6,29.07,28.1,,2.6
"2025-08-02 21:42:25",596,341,94096,0,,12.15,10,29.05,28.15,,2.6
"2025-08-02 21:42:26",598,343,94070,-36.667653,-71.942845,12.35,2.1,29.04,28.2,42.75,2.6
"2025-08-02 21:42:27",600,345,94049,0,,10.8,358.8,28.98,28.2,,2.5
"2025-08-02 21:42:28",602,347,94028,0,,10.8,13.4,28.97,28.25,,2.4
"2025-08-02 21:42:29",604,349,94008,-36.667357,-71.942813,11.15,3.8,28.94,28.3,,2.4
"2025-08-02 21:42:30",606,351,93981,0,,10.95,350,28.93,28.35,,2.4
"2025-08-02 21:42:31",609,354,93955,0,,11.3,14.3,28.92,28.4,,2.4
"2025-08-02 21:42:32",611,356,93930,-36.667058,-71.942798,9.2,3.4,28.91,28.4,,2.3
"2025-08-02 21:42:34",616,361,93883,0,,10.8,7.8,28.87,28.5,,2.3
"2025-08-02 21:42:35",618,363,93860,-36.666797,-71.942755,9.55,14.1,28.86,28.5,,2.3
"2025-08-02 21:42:36",620,365,93838,0,,9.2,16.6,28.86,28.5,,2.3
"2025-08-02 21:42:37",622,367,93815,0,,10.45,2.6,28.84,28.55,,2.3
"2025-08-02 21:42:38",624,369,93792,-36.666535,-71.9427,11.15,9.1,28.8,28.5,,2.2
"2025-08-02 21:42:39",627,372,93770,0,,9.9,358,28.74,28.45,,2.2
"2025-08-02 21:42:40",628,373,93750,0,,10.85,8.8,28.68,28.45,,2.2
"2025-08-02 21:42:41",630,375,93730,-36.666255,-71.942673,10.75,4.2,28.66,28.5,,2.2
"2025-08-02 21:42:42",632,377,93708,0,,9,1.9,28.61,28.55,,2.2
"2025-08-02 21:42:43",635,380,93686,0,,11.35,0.3,28.55,28.55,,2.2
"2025-08-02 21:42:44",637,382,93664,-36.66598,-71.942662,9.7,359.9,28.51,28.6,,2.1
"2025-08-02 21:42:46",641,386,93622,0,,11,356.9,28.46,28.7,,2.1
"2025-08-02 21:42:47",643,388,93602,-36.665737,-71.942657,7.7,8.8,28.45,28.8,,2.1
"2025-08-02 21:42:50",647,392,93550,-36.665472,-71.942598,10.3,8,28.37,28.85,,1.9
"2025-08-02 21:42:52",653,398,93496,0,,9.3,1.8,28.33,28.9,,2
"2025-08-02 21:42:53",655,400,93470,-36.665212,-71.942555,9.15,9.6,28.32,28.95,42,2.1
"2025-08-02 21:42:55",660,405,93421,0,,11.15,12.6,28.24,29,,2.1
"2025-08-02 21:42:56",662,407,93398,-36.66493,-71.94247,10.45,12.3,28.23,29.05,,2.1
"2025-08-02 21:42:58",666,411,93352,0,,11.15,6.7,28.22,29.15,,2.1
"2025-08-02 21:42:59",668,413,93330,-36.66464,-71.942413,10.55,14.6,28.19,29.15,,2.2
"2025-08-02 21:43:01",673,418,93282,0,,11.2,12.4,28.17,29.15,,2.2
"2025-08-02 21:43:02",675,420,93260,-36.664348,-71.942345,10.75,10.8,28.15,29.2,,2.3
"2025-08-02 21:43:03",678,423,93230,0,,9.35,8.8,28.11,29.2,,2.3
"2025-08-02 21:43:04",681,426,93199,0,,12.25,9,28.09,29.25,,2.4
"2025-08-02 21:43:05",684,429,93168,-36.664062,-71.942285,10.35,14.2,28.07,29.25,,2.4
"2025-08-02 21:43:06",688,433,93129,0,,10.6,21.5,28.07,29.3,,2.5
"2025-08-02 21:43:07",691,436,93093,0,,10.6,21.5,28.03,29.3,,2.6
"2025-08-02 21:43:08",694,439,93058,-36.663768,-71.942218,9.15,10.4,27.98,29.3,,2.7
"2025-08-02 21:43:09",697,442,93026,0,,14.15,5.6,28,29.35,,2.7
"2025-08-02 21:43:10",701,446,92993,0,,12.2,350.9,27.97,29.3,,2.9
"2025-08-02 21:43:11",704,449,92960,-36.663445,-71.942213,10.45,5,27.93,29.25,,2.9
"2025-08-02 21:43:12",707,452,92928,0,,11.6,6.1,27.89,29.25,,2.9
"2025-08-02 21:43:13",710,455,92896,0,,11.3,2.7,27.86,29.25,,3
"2025-08-02 21:43:14",713,458,92864,-36.663122,-71.942182,14.05,3.8,27.8,29.2,,3.1
"2025-08-02 21:43:15",716,461,92829,0,,11.6,6.5,27.76,29.25,,3.2
"2025-08-02 21:43:16",719,464,92796,0,,10.65,6.2,27.71,29.25,,3.2
"2025-08-02 21:43:17",723,468,92764,-36.662807,-71.942157,11.75,352.3,27.67,29.25,,3.2
"2025-08-02 21:43:19",728,473,92712,0,,11.15,11.1,27.6,29.3,,3
"2025-08-02 21:43:20",730,475,92686,-36.662517,-71.942167,10.95,346.7,27.58,29.35,41.25,3
"2025-08-02 21:43:21",733,478,92657,0,,9.15,6,27.5,29.35,,3
"2025-08-02 21:43:22",736,481,92627,0,,11.35,6.7,27.47,29.4,,2.9
"2025-08-02 21:43:23",738,483,92598,-36.662233,-71.942145,10.9,4.6,27.45,29.45,,2.9
"2025-08-02 21:43:24",741,486,92572,0,,10.3,10.7,27.43,29.55,,2.8
"2025-08-02 21:43:25",743,488,92547,0,,10.45,356.9,27.39,29.6,,2.8
"2025-08-02 21:43:26",746,491,92522,-36.661947,-71.942108,11.6,11.7,27.34,29.65,,2.7
"2025-08-02 21:43:27",749,494,92489,0,,10.55,6.2,27.3,29.65,,2.7
"2025-08-02 21:43:28",752,497,92457,0,,8.75,359.7,27.27,29.65,,2.7
"2025-08-02 21:43:29",755,500,92426,-36.661665,-71.94207,12.6,10.6,27.23,29.7,,2.7
"2025-08-02 21:43:30",757,502,92399,0,,11.7,1.1,27.21,29.75,,2.7
"2025-08-02 21:43:31",760,505,92373,0,,11.75,4.6,27.17,29.8,,2.7
"2025-08-02 21:43:32",762,507,92348,-36.66135,-71.942028,11.55,8.8,27.15,29.8,,2.7
"2025-08-02 21:43:33",765,510,92325,0,,10.6,3.6,27.13,29.8,,2.7
"2025-08-02 21:43:34",767,512,92302,0,,10.6,3.6,27.11,29.85,,2.6
"2025-08-02 21:43:35",769,514,92280,-36.661043,-71.941983,9.45,8,27.09,29.85,,2.6
"2025-08-02 21:43:36",771,516,92262,0,,10.95,5.4,27.08,29.85,,2.5
"2025-08-02 21:43:37",772,517,92245,0,,10.5,11.7,27.05,29.85,,2.4
"2025-08-02 21:43:38",774,519,92228,-36.660762,-71.941942,11.05,1.2,27.05,29.85,,2.4
"2025-08-02 21:43:39",776,521,92206,0,,12.4,4.2,27.04,29.9,,2.3
"2025-08-02 21:43:40",778,523,92185,0,,8.85,7.9,27.03,29.9,,2.3
"2025-08-02 21:43:41",780,525,92164,-36.660475,-71.941925,10.95,357.6,27.01,29.95,,2.2
"2025-08-02 21:43:42",782,527,92142,0,,10.35,2.2,26.97,29.95,,2.1
"2025-08-02 21:43:43",784,529,92122,0,,11.25,356.9,26.93,29.95,,2
"2025-08-02 21:43:44",786,531,92102,-36.660173,-71.941918,12.3,11.3,26.92,30.05,,2
"2025-08-02 21:43:45",787,532,92089,0,,9.65,5.9,26.93,30.1,,1.9
"2025-08-02 21:43:46",788,533,92076,0,,13.15,2.6,26.91,30.1,,1.8
"2025-08-02 21:43:47",790,535,92064,-36.659872,-71.941877,9.35,12.7,26.9,30.15,40.5,1.7
"2025-08-02 21:43:49",793,538,92034,0,,11.85,10,26.85,30.1,,1.7
"2025-08-02 21:43:50",794,539,92020,-36.659565,-71.941833,10.65,0.6,26.84,30.15,,1.7
"2025-08-02 21:43:51",796,541,92001,0,,13.25,1.7,26.79,30.15,,1.7
"2025-08-02 21:43:52",797,542,91983,0,,11.7,357.9,26.77,30.2,,1.6
"2025-08-02 21:43:53",799,544,91966,-36.65924,-71.941828,11.85,6.7,26.76,30.2,,1.6
"2025-08-02 21:43:55",803,548,91927,0,,10.5,0.6,26.75,30.25,,1.6
"2025-08-02 21:43:56",805,550,91908,-36.658918,-71.9418,13,6.3,26.73,30.25,,1.6
"2025-08-02 21:43:57",806,551,91896,0,,10.4,6.6,26.73,30.25,,1.5
"2025-08-02 21:43:58",807,552,91884,0,,11.65,1.4,26.72,30.25,,1.5
"2025-08-02 21:43:59",808,553,91872,-36.65861,-71.94177,12.2,6.1,26.71,30.25,,1.5
"2025-08-02 21:44:00",809,554,91858,0,,10.3,4,26.7,30.25,,1.5
"2025-08-02 21:44:01",811,556,91846,0,,12.85,358.3,26.69,30.25,,1.5
"2025-08-02 21:44:02",812,557,91834,-36.658297,-71.941755,11,9.9,26.67,30.25,,1.5
"2025-08-02 21:44:03",813,558,91823,0,,11.65,356.2,26.68,30.25,,1.4
"2025-08-02 21:44:04",814,559,91813,0,,13.35,8.2,26.67,30.25,,1.4
"2025-08-02 21:44:05",815,560,91804,-36.65798,-71.941737,10.25,356.4,26.67,30.25,,1.3
"2025-08-02 21:44:06",816,561,91795,0,,11.6,353.8,26.65,30.25,,1.3
"2025-08-02 21:44:07",816,561,91786,0,,12,10.4,26.65,30.25,,1.2
"2025-08-02 21:44:08",817,562,91778,-36.657677,-71.941735,10.4,352,26.65,30.25,,1.1
"2025-08-02 21:44:09",818,563,91765,0,,14.55,356,26.64,30.25,,1.1
"2025-08-02 21:44:10",820,565,91753,0,,9.05,4.3,26.63,30.25,,1.1
"2025-08-02 21:44:11",821,566,91742,-36.657365,-71.941745,12.3,359.1,26.6,30.3,,1.1
"2025-08-02 21:44:12",822,567,91728,0,,12.65,11,26.57,30.3,,1.1
"2025-08-02 21:44:13",823,568,91715,0,,9.55,349.6,26.56,30.35,,1.1
"2025-08-02 21:44:14",825,570,91702,-36.657062,-71.941728,12,9.8,26.54,30.4,39.75,1.1
"2025-08-02 21:44:15",826,571,91691,0,,10.55,4.9,26.56,30.45,,1.1
"2025-08-02 21:44:16",827,572,91681,0,,10.95,356.2,26.54,30.5,,1.1
"2025-08-02 21:44:17",827,572,91672,-36.656758,-71.941703,11.55,12.3,26.47,30.5,,1.1
"2025-08-02 21:44:19",830,575,91650,0,,11.65,9.1,26.47,30.5,,1.1
"2025-08-02 21:44:20",831,576,91640,-36.656453,-71.941672,11.6,2.2,26.47,30.5,,1.1
"2025-08-02 21:44:21",831,576,91630,0,,12,354.4,26.47,30.5,,1.1
"2025-08-02 21:44:22",832,577,91621,0,,11.25,10.5,26.47,30.5,,1.1
"2025-08-02 21:44:23",833,578,91612,-36.656138,-71.941668,12.7,354.5,26.46,30.5,,1
"2025-08-02 21:44:24",835,580,91599,0,,10.95,357,26.47,30.45,,1
"2025-08-02 21:44:25",836,581,91586,0,,12.3,5.5,26.46,30.45,,1
"2025-08-02 21:44:26",837,582,91574,-36.655825,-71.941665,10.1,358.5,26.46,30.5,,1
"2025-08-02 21:44:27",838,583,91559,0,,9.85,0,26.46,30.55,,1.1
"2025-08-02 21:44:28",840,585,91544,0,,13.2,356.9,26.46,30.55,,1.1
"2025-08-02 21:44:29",841,586,91530,-36.655528,-71.941678,9.05,357.8,26.46,30.55,,1.1
"2025-08-02 21:44:30",843,588,91516,0,,11.75,0.9,26.46,30.6,,1.2
"2025-08-02 21:44:31",844,589,91503,0,,11.35,357.4,26.46,30.6,,1.2
"2025-08-02 21:44:32",845,590,91490,-36.655235,-71.941682,9.6,0.2,26.46,30.65,,1.2
"2025-08-02 21:44:33",846,591,91479,0,,13.5,4.2,26.46,30.65,,1.2
"2025-08-02 21:44:34",847,592,91468,0,,9.8,354.2,26.44,30.7,,1.2
"2025-08-02 21:44:35",848,593,91458,-36.654932,-71.94168,11.65,0.1,26.38,30.7,,1.2
"2025-08-02 21:44:36",849,594,91445,0,,12.5,358.3,26.37,30.7,,1.2
"2025-08-02 21:44:37",850,595,91433,0,,8.9,353.1,26.33,30.8,,1.2
"2025-08-02 21:44:38",852,597,91422,-36.654628,-71.941697,12.95,359.5,26.31,30.8,,1.2
"2025-08-02 21:44:39",853,598,91410,0,,10.7,1.8,26.3,30.85,,1.2
"2025-08-02 21:44:40",854,599,91399,0,,11.3,354.1,26.28,30.85,,1.2
"2025-08-02 21:44:41",855,600,91388,-36.654315,-71.941705,12.5,1.9,26.26,30.85,39,1.1
"2025-08-02 21:44:42",856,601,91379,0,,9.9,2.1,26.28,30.85,,1.1
"2025-08-02 21:44:43",857,602,91370,0,,13.15,353.4,26.27,30.85,,1.1
"2025-08-02 21:44:44",857,602,91362,-36.654003,-71.941718,10,2.4,26.26,30.85,,1.1
"2025-08-02 21:44:45",858,603,91354,0,,11.55,359.5,26.24,30.85,,1
"2025-08-02 21:44:46",859,604,91346,0,,12.2,0.3,26.24,30.85,,1
"2025-08-02 21:44:47",860,605,91338,-36.653702,-71.941727,9.6,355.8,26.25,30.85,,1
"2025-08-02 21:44:50",863,608,91302,-36.653422,-71.941755,11.4,357.7,26.24,30.8,,1
"2025-08-02 21:44:51",865,610,91289,0,,11.95,357.6,26.24,30.75,,1
"2025-08-02 21:44:52",866,611,91276,0,,10.05,355,26.24,30.6,,1
"2025-08-02 21:44:53",867,612,91264,-36.653117,-71.94177,12.25,3.4,26.24,30.5,,1
"2025-08-02 21:44:54",868,613,91256,0,,11.9,358.1,26.25,30.45,,1
"2025-08-02 21:44:55",868,613,91249,0,,11.65,356.4,26.24,30.3,,1
"2025-08-02 21:44:56",869,614,91242,-36.652797,-71.94178,11.65,359.3,26.24,30.2,,1
"2025-08-02 21:44:57",869,614,91238,0,,11.05,354.4,26.22,30.1,,0.9
"2025-08-02 21:44:58",870,615,91235,0,,13.05,357.1,26.24,29.95,,0.9
"2025-08-02 21:44:59",870,615,91232,-36.652475,-71.941808,11.15,358.5,26.26,29.9,,0.9
"2025-08-02 21:45:00",870,615,91227,0,,11.65,351.8,26.26,29.8,,0.8
"2025-08-02 21:45:01",871,616,91223,0,,11.75,354.9,26.3,29.65,,0.8
"2025-08-02 21:45:02",871,616,91220,-36.652162,-71.94186,11.75,350.3,26.38,29.15,,0.7
"2025-08-02 21:45:03",872,617,91215,0,,12.4,347.4,26.46,28.75,,0.6
"2025-08-02 21:45:04",872,617,91210,0,,12.95,1,26.46,28.4,,0.6
"2025-08-02 21:45:05",873,618,91206,-36.651823,-71.94191,13.3,353.3,26.46,28.25,,0.5
"2025-08-02 21:45:07",873,618,91204,0,,13.45,1.1,26.52,28,,0.4
"2025-08-02 21:45:08",873,618,91204,-36.651482,-71.941937,11.9,353.8,26.55,27.9,38.5,0.3
"2025-08-02 21:45:09",873,618,91199,0,,11.9,359.3,26.57,27.85,,0.3
"2025-08-02 21:45:10",874,619,91194,0,,11.9,359.3,26.6,27.75,,0.3
"2025-08-02 21:45:11",874,619,91190,-36.65116,-71.941968,12,5,26.62,27.7,,0.3
"2025-08-02 21:45:12",874,619,91190,0,,13.55,355.4,26.63,27.75,,0.3
"2025-08-02 21:45:13",874,619,91190,0,,10.65,359.8,26.67,27.75,,0.3
"2025-08-02 21:45:14",874,619,91190,-36.650828,-71.941983,14.5,357.9,26.69,27.75,,0.3
"2025-08-02 21:45:16",875,620,91183,0,,11.65,2.6,26.7,27.65,,0.2
"2025-08-02 21:45:17",875,620,91180,-36.650475,-71.942003,14.55,350.8,26.73,27.65,,0.2
"2025-08-02 21:45:20",876,621,91174,-36.650128,-71.942023,13.15,356.6,26.73,27.55,,0.2
"2025-08-02 21:45:22",877,622,91162,0,,13.8,3.5,26.76,27.45,,0.3
"2025-08-02 21:45:23",877,622,91156,-36.64978,-71.94205,12.25,1.2,26.84,27.4,,0.3
"2025-08-02 21:45:25",878,623,91147,0,,13.45,5.7,26.83,27.35,,0.3
"2025-08-02 21:45:26",879,624,91144,-36.649433,-71.942063,13,354.3,26.86,27.35,,0.4
"2025-08-02 21:45:28",879,624,91138,0,,11.15,0.5,26.85,27.4,,0.4
"2025-08-02 21:45:29",879,624,91136,-36.64908,-71.9421,15.35,352,26.85,27.4,,0.4
"2025-08-02 21:45:31",880,625,91134,0,,13.2,353.6,26.85,27.4,,0.3
"2025-08-02 21:45:32",880,625,91134,-36.648717,-71.942133,14.05,359,26.85,27.3,,0.3
"2025-08-02 21:45:34",879,624,91135,0,,15.05,354.6,26.89,27,,0.2
"2025-08-02 21:45:35",879,624,91136,-36.648347,-71.94214,12.4,359.3,26.9,26.8,38,0.2
"2025-08-02 21:45:36",879,624,91134,0,,12.25,2.2,26.93,26.65,,0.2
"2025-08-02 21:45:37",880,625,91133,0,,12.75,359.3,26.98,26.5,,0.2
"2025-08-02 21:45:38",880,625,91132,-36.648007,-71.942145,12.8,352.7,26.98,26.4,,0.1
"2025-08-02 21:45:39",880,625,91129,0,,12.75,353.9,26.99,26.35,,0.1
"2025-08-02 21:45:40",880,625,91127,0,,11.35,1.8,27.01,26.3,,0.1
"2025-08-02 21:45:41",880,625,91126,-36.647682,-71.942158,13.15,0.8,27.03,26.2,,0.1
"2025-08-02 21:45:42",881,626,91123,0,,12.15,357.5,27.07,26.15,,0.1
"2025-08-02 21:45:43",881,626,91120,0,,12.75,1.4,27.09,26.1,,0.1
"2025-08-02 21:45:44",881,626,91118,-36.647338,-71.942153,13.75,1.4,27.13,26.05,,0.1
"2025-08-02 21:45:45",882,627,91111,0,,11.15,356.2,27.15,26,,0.2
"2025-08-02 21:45:46",882,627,91104,0,,13.9,359.3,27.17,26,,0.3
"2025-08-02 21:45:47",883,628,91098,-36.646993,-71.942157,13,2.9,27.19,25.95,,0.3
"2025-08-02 21:45:49",885,630,91080,0,,12.35,0.8,27.22,25.95,,0.4
"2025-08-02 21:45:50",886,631,91072,-36.646663,-71.942132,12.2,10.1,27.28,25.9,,0.5
"2025-08-02 21:45:51",886,631,91066,0,,12.2,0.8,27.28,25.9,,0.5
"2025-08-02 21:45:52",887,632,91061,0,,13,14.5,27.3,25.85,,0.5
"2025-08-02 21:45:53",887,632,91056,-36.646337,-71.942082,11.6,357.9,27.31,25.85,,0.6
"2025-08-02 21:45:54",888,633,91051,0,,13.05,3.6,27.31,25.85,,0.6
"2025-08-02 21:45:55",888,633,91046,0,,13.1,10.4,27.3,25.85,,0.6
"2025-08-02 21:45:56",889,634,91042,-36.645997,-71.94206,12.65,353.8,27.31,25.9,,0.6
"2025-08-02 21:45:57",889,634,91038,0,,12.4,1.8,27.31,25.9,,0.6
"2025-08-02 21:45:58",889,634,91035,0,,13.3,358.9,27.31,25.9,,0.6
"2025-08-02 21:45:59",890,635,91032,-36.645648,-71.942058,12.45,3.8,27.31,25.9,,0.5
"2025-08-02 21:46:00",890,635,91029,0,,12.8,9.5,27.31,25.85,,0.5
"2025-08-02 21:46:01",890,635,91026,0,,13.2,357.4,27.32,25.85,,0.4
"2025-08-02 21:46:02",890,635,91024,-36.645307,-71.942023,11.5,11.1,27.34,25.85,37.75,0.4
"2025-08-02 21:46:03",890,635,91024,0,,13.15,7.6,27.33,25.9,,0.4
"2025-08-02 21:46:04",890,635,91025,0,,11.1,1.3,27.34,25.9,,0.3
"2025-08-02 21:46:05",890,635,91026,-36.644985,-71.941977,12.2,8.6,27.35,25.85,,0.3
"2025-08-02 21:46:06",890,635,91026,0,,13.15,1.3,27.34,25.9,,0.2
"2025-08-02 21:46:07",890,635,91027,0,,11.2,10.3,27.34,25.9,,0.2
"2025-08-02 21:46:08",890,635,91028,-36.644657,-71.941937,13.3,358.4,27.33,25.8,,0.1
"2025-08-02 21:46:09",891,636,91021,0,,12.3,6.3,27.33,25.75,,0.1
"2025-08-02 21:46:10",891,636,91014,0,,10.55,2.8,27.34,25.7,,0.2
"2025-08-02 21:46:11",892,637,91008,-36.644328,-71.941917,14,2.4,27.33,25.7,,0.2
"2025-08-02 21:46:12",892,637,91003,0,,10.75,0.4,27.34,25.65,,0.2
"2025-08-02 21:46:13",893,638,90998,0,,11.05,4.5,27.34,25.6,,0.2
"2025-08-02 21:46:14",893,638,90994,-36.644012,-71.941888,12.85,6.4,27.34,25.6,,0.2
"2025-08-02 21:46:16",894,639,90985,0,,11.75,6.4,27.35,25.6,,0.3
"2025-08-02 21:46:17",895,640,90979,0,,12.15,3.9,27.35,25.6,,0.4
"2025-08-02 21:46:18",895,640,90974,-36.643682,-71.941843,12.95,7.4,27.35,25.6,,0.4
"2025-08-02 21:46:20",897,642,90956,-36.643342,-71.941793,12.6,5.4,27.36,25.65,,0.6
"2025-08-02 21:46:21",898,643,90946,0,,11.85,1.4,27.36,25.65,,0.6
"2025-08-02 21:46:22",899,644,90937,0,,13.65,9.2,27.35,25.6,,0.6
"2025-08-02 21:46:23",900,645,90928,-36.642995,-71.941753,13.25,1.8,27.37,25.55,,0.6
"2025-08-02 21:46:24",900,645,90923,0,,13.1,4.2,27.36,25.5,,0.6
"2025-08-02 21:46:25",901,646,90918,0,,11.7,7.6,27.39,25.55,,0.6
"2025-08-02 21:46:26",901,646,90914,-36.642653,-71.941717,13.4,2.9,27.38,25.6,,0.6
"2025-08-02 21:46:28",902,647,90900,0,,12.8,2.1,27.37,25.65,,0.7
"2025-08-02 21:46:29",903,648,90894,-36.642303,-71.941665,13.1,14.2,27.35,25.6,37.5,0.7
"2025-08-02 21:46:30",903,648,90890,0,,13.15,1.2,27.34,25.6,,0.6
"2025-08-02 21:46:31",904,649,90887,0,,11.7,7.7,27.34,25.6,,0.6
"2025-08-02 21:46:32",904,649,90884,-36.64197,-71.941608,12.55,12.4,27.37,25.55,,0.6
"2025-08-02 21:46:33",904,649,90878,0,,13.45,2.2,27.37,25.55,,0.6
"2025-08-02 21:46:34",905,650,90873,0,,13,14.3,27.35,25.5,,0.6
"2025-08-02 21:46:35",906,651,90868,-36.641625,-71.94155,12.25,0.7,27.35,25.45,,0.5
"2025-08-02 21:46:37",906,651,90858,0,,13.25,1.3,27.35,25.35,,0.5
"2025-08-02 21:46:38",907,652,90851,0,,12.05,12.6,27.34,25.3,,0.5
"2025-08-02 21:46:39",908,653,90844,-36.641283,-71.941513,13.05,358.7,27.32,25.35,,0.6
"2025-08-02 21:46:39",908,653,90839,0,,13.4,12.3,27.31,25.4,,0.6
"2025-08-02 21:46:40",909,654,90832,0,,12.5,2.1,27.33,25.45,,0.5
"2025-08-02 21:46:41",910,655,90826,-36.640943,-71.94147,12.5,6.6,27.33,25.4,,0.5
"2025-08-02 21:46:42",911,656,90816,0,,12.15,13.7,27.32,25.35,,0.6
"2025-08-02 21:46:43",912,657,90806,0,,13.65,359.3,27.31,25.3,,0.6
"2025-08-02 21:46:44",913,658,90796,-36.64061,-71.94142,11,13.1,27.31,25.2,,0.7
"2025-08-02 21:46:45",913,658,90788,0,,11.65,8.9,27.32,25.2,,0.7
"2025-08-02 21:46:46",914,659,90781,0,,13.3,3.6,27.32,25.2,,0.7
"2025-08-02 21:46:47",915,660,90774,-36.640282,-71.941363,11.85,15.1,27.3,25.15,,0.8
"2025-08-02 21:46:49",917,662,90752,0,,12.3,16.2,27.28,25.15,,0.8
"2025-08-02 21:46:50",918,663,90742,-36.639948,-71.941282,11.5,8.1,27.27,25.15,,0.8
"2025-08-02 21:46:51",919,664,90726,0,,12.6,4.7,27.23,25.1,,0.9
"2025-08-02 21:46:52",921,666,90712,0,,12.75,17.5,27.27,25.1,,1
"2025-08-02 21:46:53",922,667,90698,-36.63962,-71.941218,11.2,360,27.28,25.1,,1
"2025-08-02 21:46:54",923,668,90688,0,,12.6,12.2,27.26,25.1,,1
"2025-08-02 21:46:55",924,669,90679,0,,11.25,12.3,27.23,25.05,,1
"2025-08-02 21:46:56",925,670,90670,-36.639308,-71.94116,10.25,1.4,27.24,25.05,37.5,1
"2025-08-02 21:46:57",926,671,90655,0,,12.15,7.1,27.24,25.05,,1.1
"2025-08-02 21:46:58",928,673,90640,0,,11.9,7.1,27.24,25,,1.1
"2025-08-02 21:46:59",929,674,90626,-36.63898,-71.94111,12.8,7.5,27.22,25.05,,1.2
"2025-08-02 21:47:00",930,675,90613,0,,13.65,12.3,27.19,25.05,,1.2
"2025-08-02 21:47:01",932,677,90601,0,,12.05,6.7,27.19,25.05,,1.2
"2025-08-02 21:47:02",933,678,90590,-36.63862,-71.941033,13.95,11.2,27.2,24.95,,1.2
"2025-08-02 21:47:03",934,679,90573,0,,12.45,11.2,27.24,24.9,,1.2
"2025-08-02 21:47:04",936,681,90556,0,,13.05,6.3,27.24,25,,1.3
"2025-08-02 21:47:05",938,683,90540,-36.63827,-71.940955,12.5,15.4,27.28,24.95,,1.3
"2025-08-02 21:47:06",939,684,90529,0,,11.8,9.4,27.28,24.95,,1.3
"2025-08-02 21:47:07",940,685,90519,0,,13.6,14.1,27.29,24.9,,1.3
"2025-08-02 21:47:08",940,685,90510,-36.637933,-71.94086,11.9,9.1,27.32,24.9,,1.3
"2025-08-02 21:47:09",941,686,90500,0,,12.65,7.5,27.31,24.85,,1.3
"2025-08-02 21:47:10",942,687,90491,0,,12.55,12.4,27.34,24.85,,1.2
"2025-08-02 21:47:11",943,688,90482,-36.6376,-71.940795,12.05,2.6,27.34,24.85,,1.2
"2025-08-02 21:47:12",944,689,90469,0,,11.65,9,27.35,24.85,,1.2
"2025-08-02 21:47:13",946,691,90457,0,,12.25,6.9,27.35,24.9,,1.2
"2025-08-02 21:47:14",947,692,90446,-36.637275,-71.940747,12.05,6.5,27.33,25.1,,1.2
"2025-08-02 21:47:15",948,693,90431,0,,11.95,12.9,27.36,25.15,,1.2
"2025-08-02 21:47:16",950,695,90416,0,,12.7,3.6,27.35,25.15,,1.1
"2025-08-02 21:47:17",951,696,90402,-36.636947,-71.940683,11.8,13.1,27.35,25.45,,1.1
"2025-08-02 21:47:20",954,699,90368,-36.636633,-71.940622,11.7,12,27.34,25.95,,1.1
"2025-08-02 21:47:21",956,701,90355,0,,12.65,3.6,27.3,26,,1.2
"2025-08-02 21:47:22",957,702,90342,0,,11.4,19.5,27.27,26.05,,1.2
"2025-08-02 21:47:23",958,703,90330,-36.636313,-71.940555,13.85,359.9,27.27,26.1,37.25,1.2
"2025-08-02 21:47:24",960,705,90316,0,,11.3,15.1,27.26,26.1,,1.3
"2025-08-02 21:47:25",961,706,90302,0,,11.3,15.1,27.22,26.1,,1.3
"2025-08-02 21:47:26",962,707,90288,-36.635982,-71.940485,11.4,2.2,27.21,26.05,,1.3
"2025-08-02 21:47:27",964,709,90272,0,,11.3,20.1,27.24,26,,1.3
"2025-08-02 21:47:28",965,710,90257,0,,12.7,356.6,27.26,25.9,,1.3
"2025-08-02 21:47:29",967,712,90242,-36.635658,-71.940437,11.85,12,27.26,25.9,,1.3
"2025-08-02 21:47:30",969,714,90222,0,,12.55,12.9,27.27,25.9,,1.4
"2025-08-02 21:47:31",971,716,90203,0,,11.55,1.8,27.27,25.85,,1.4
"2025-08-02 21:47:32",972,717,90184,-36.635332,-71.940372,13.75,15,27.27,25.8,,1.5
"2025-08-02 21:47:33",974,719,90164,0,,12,15,27.29,25.75,,1.6
"2025-08-02 21:47:34",976,721,90146,0,,12.3,7.8,27.29,25.75,,1.6
"2025-08-02 21:47:35",978,723,90128,-36.635005,-71.940282,13.25,15.9,27.3,25.7,,1.6
"2025-08-02 21:47:36",980,725,90109,0,,11.05,10.5,27.31,25.6,,1.7
"2025-08-02 21:47:37",982,727,90089,0,,13.65,15.1,27.31,25.6,,1.7
"2025-08-02 21:47:38",984,729,90070,-36.63468,-71.940193,11.55,8.8,27.3,25.5,,1.8
"2025-08-02 21:47:39",985,730,90052,0,,11.45,4.8,27.29,25.4,,1.8
"2025-08-02 21:47:40",987,732,90034,0,,13.1,17.5,27.29,25.35,,1.8
"2025-08-02 21:47:41",989,734,90016,-36.634363,-71.940127,10.95,3.1,27.29,25.35,,1.9
"2025-08-02 21:47:42",990,735,90001,0,,12.45,7,27.28,25.3,,1.8
"2025-08-02 21:47:43",992,737,89986,0,,11.85,12.9,27.27,25.3,,1.8
"2025-08-02 21:47:44",993,738,89972,-36.634047,-71.940073,11.95,3.2,27.27,25.2,,1.8
"2025-08-02 21:47:46",999,744,89918,0,,10.6,7.1,27.27,25.15,,1.9
"2025-08-02 21:47:47",1001,746,89892,-36.633727,-71.940007,13.75,12,27.27,25.05,,1.9
"2025-08-02 21:47:50",1007,752,89838,-36.63339,-71.939927,13.35,16,27.24,24.9,37.75,1.9
"2025-08-02 21:47:52",1011,756,89791,0,,13.8,10.3,27.27,24.85,,2
"2025-08-02 21:47:53",1013,758,89768,-36.633067,-71.93985,11.3,12.1,27.29,24.8,,2
"2025-08-02 21:47:55",1018,763,89725,0,,13.05,13.3,27.28,24.6,,2.1
"2025-08-02 21:47:56",1020,765,89704,-36.632758,-71.939792,10.2,7.1,27.26,24.65,,2.2
"2025-08-02 21:47:58",1024,769,89657,0,,11.35,18.2,27.23,24.6,,2.1
"2025-08-02 21:47:59",1027,772,89634,-36.632443,-71.939732,12.15,1.3,27.22,24.5,,2.1
"2025-08-02 21:48:01",1031,776,89590,0,,10.3,9.3,27.22,23.9,,2.1
"2025-08-02 21:48:02",1033,778,89568,-36.632113,-71.939675,13.95,8.6,27.21,23.6,,2.1
"2025-08-02 21:48:03",1035,780,89545,0,,11.15,12.9,27.22,23.3,,2.2
"2025-08-02 21:48:04",1038,783,89523,0,,12.95,6.9,27.23,23,,2.2
"2025-08-02 21:48:05",1040,785,89502,-36.631782,-71.9396,12.2,14.4,27.23,22.8,,2.2
"2025-08-02 21:48:06",1043,788,89471,0,,10.6,8.7,27.23,22.6,,2.3
"2025-08-02 21:48:07",1046,791,89439,0,,14.2,10.3,27.24,22.55,,2.3
"2025-08-02 21:48:08",1049,794,89408,-36.631462,-71.939523,10.3,12.4,27.27,22.5,,2.4
"2025-08-02 21:48:09",1051,796,89385,0,,12.15,8.5,27.27,22.75,,2.4
"2025-08-02 21:48:10",1053,798,89363,0,,13.05,15.8,27.28,22.95,,2.4
"2025-08-02 21:48:11",1056,801,89342,-36.631145,-71.939443,10.4,3.4,27.31,23.15,,2.4
"2025-08-02 21:48:12",1058,803,89315,0,,12.05,9.6,27.31,23.45,,2.4
"2025-08-02 21:48:13",1061,806,89288,0,,11.7,5.9,27.31,23.7,,2.4
"2025-08-02 21:48:14",1064,809,89262,-36.630827,-71.939398,12,5.5,27.3,24,,2.5
"2025-08-02 21:48:15",1066,811,89235,0,,13.1,12,27.33,24.2,,2.5
"2025-08-02 21:48:16",1069,814,89208,0,,11.55,359.3,27.33,24.35,,2.6
"2025-08-02 21:48:17",1071,816,89182,-36.6305,-71.939337,12.5,16,27.3,24.4,37.5,2.6
"2025-08-02 21:48:19",1077,822,89123,0,,11.2,7.6,27.33,24.7,,2.7
"2025-08-02 21:48:20",1080,825,89094,-36.630168,-71.939267,12.15,15,27.35,24.8,,2.6
"2025-08-02 21:48:21",1083,828,89068,0,,13.75,2.4,27.35,24.95,,2.6
"2025-08-02 21:48:22",1085,830,89042,0,,11.05,7.8,27.33,25.05,,2.6
"2025-08-02 21:48:23",1088,833,89016,-36.629843,-71.939212,11.75,11.9,27.34,25.1,,2.7
"2025-08-02 21:48:24",1091,836,88989,0,,12.15,4.6,27.33,25.1,,2.7
"2025-08-02 21:48:25",1093,838,88962,0,,10.75,12.8,27.32,25,,2.7
"2025-08-02 21:48:26",1096,841,88936,-36.62953,-71.939148,12.85,7.6,27.32,24.75,,2.7
"2025-08-02 21:48:27",1099,844,88907,0,,11.1,4.3,27.32,24.45,,2.7
"2025-08-02 21:48:28",1102,847,88878,0,,12.7,11.3,27.34,24.35,,2.7
"2025-08-02 21:48:29",1105,850,88850,-36.629202,-71.93909,12.8,6.3,27.34,24.3,,2.8
"2025-08-02 21:48:30",1108,853,88818,0,,11.2,11.7,27.31,24.2,,2.8
"2025-08-02 21:48:31",1111,856,88788,0,,12.75,8.1,27.3,24,,2.8
"2025-08-02 21:48:32",1114,859,88758,-36.628877,-71.939035,11.4,4.3,27.31,23.95,,2.8
"2025-08-02 21:48:33",1116,861,88732,0,,11.95,8.2,27.3,23.7,,2.8
"2025-08-02 21:48:34",1119,864,88707,0,,11.75,6.9,27.29,23.6,,2.8
"2025-08-02 21:48:35",1121,866,88682,-36.62857,-71.938992,11.15,3.5,27.27,23.3,,2.8
"2025-08-02 21:48:36",1125,870,88646,0,,12.8,6.7,27.27,23.15,,2.8
"2025-08-02 21:48:37",1128,873,88611,0,,10.5,9.3,27.27,22.9,,2.9
"2025-08-02 21:48:38",1132,877,88576,-36.628253,-71.938958,12.7,358.7,27.26,22.65,,3
"2025-08-02 21:48:39",1134,879,88550,0,,12.4,11.6,27.23,22.45,,3
"2025-08-02 21:48:40",1137,882,88523,0,,10.95,359.6,27.21,22.3,,3
"2025-08-02 21:48:41",1140,885,88496,-36.627935,-71.938928,12.5,5.7,27.2,22.15,,2.9
"2025-08-02 21:48:42",1143,888,88466,0,,12.5,12,27.19,22.05,,2.9
"2025-08-02 21:48:43",1146,891,88438,0,,12,358.8,27.16,22,,2.9
"2025-08-02 21:48:44",1149,894,88410,-36.627607,-71.938878,12.8,14.8,27.14,22,38,2.9
"2025-08-02 21:48:45",1151,896,88382,0,,10.3,1.5,27.11,22.1,,2.9
"2025-08-02 21:48:46",1154,899,88355,0,,13.15,7.8,27.08,22.15,,2.9
"2025-08-02 21:48:47",1157,902,88328,-36.62729,-71.938822,11.1,9.1,27.05,22.2,,2.9
"2025-08-02 21:48:50",1165,910,88250,-36.626988,-71.938767,9.3,0.1,26.98,22.45,,2.8
"2025-08-02 21:48:51",1167,912,88228,0,,13.8,7.6,26.94,22.55,,2.7
"2025-08-02 21:48:52",1169,914,88207,0,,11.1,9.4,26.93,22.65,,2.6
"2025-08-02 21:48:53",1171,916,88186,-36.626673,-71.938725,11.35,0.7,26.91,22.65,,2.6
"2025-08-02 21:48:54",1174,919,88153,0,,12.75,10.5,26.88,22.4,,2.6
"2025-08-02 21:48:55",1178,923,88120,0,,9.8,359.2,26.86,22.25,,2.7
"2025-08-02 21:48:56",1181,926,88088,-36.626362,-71.938698,13.05,1.3,26.87,21.8,,2.7
"2025-08-02 21:48:57",1184,929,88060,0,,11.45,15.1,26.9,21.45,,2.7
"2025-08-02 21:48:58",1187,932,88032,0,,12.7,358.2,26.9,21.15,,2.7
"2025-08-02 21:48:59",1189,934,88004,-36.626032,-71.938653,12.45,13.4,26.89,20.8,,2.7
"2025-08-02 21:49:00",1192,937,87979,0,,10.2,15.6,26.9,20.6,,2.7
"2025-08-02 21:49:01",1194,939,87954,0,,13.15,2.3,26.89,20.3,,2.7
"2025-08-02 21:49:02",1197,942,87930,-36.62572,-71.938595,11,13.7,26.96,20.15,,2.7
"2025-08-02 21:49:03",1199,944,87904,0,,11.65,353.7,26.98,20,,2.7
"2025-08-02 21:49:04",1202,947,87879,0,,12.1,16,26.96,19.75,,2.7
"2025-08-02 21:49:05",1204,949,87854,-36.625418,-71.938553,10.5,5.2,26.98,19.55,,2.7
"2025-08-02 21:49:06",1207,952,87828,0,,12.05,0.8,26.98,19.3,,2.8
"2025-08-02 21:49:07",1210,955,87803,0,,10.45,14.6,27,19.15,,2.7
"2025-08-02 21:49:08",1212,957,87778,-36.625112,-71.938517,13.05,0.5,26.98,19.05,,2.7
"2025-08-02 21:49:09",1214,959,87757,0,,11.55,6,26.93,19.05,,2.6
"2025-08-02 21:49:10",1216,961,87735,0,,11.2,10.2,26.92,19.05,,2.5
"2025-08-02 21:49:11",1218,963,87714,-36.624795,-71.93848,12.6,3,26.9,19.05,38.5,2.5
"2025-08-02 21:49:12",1222,967,87680,0,,9.4,8.2,26.87,19.05,,2.5
"2025-08-02 21:49:13",1225,970,87648,0,,13.4,11.8,26.84,19,,2.6
"2025-08-02 21:49:14",1228,973,87616,-36.624488,-71.938432,10.4,357.3,26.8,18.95,,2.6
"2025-08-02 21:49:15",1230,975,87593,0,,10.4,12.6,26.79,18.9,,2.6
"2025-08-02 21:49:16",1233,978,87569,0,,12.4,4.9,26.78,18.65,,2.6
"2025-08-02 21:49:17",1235,980,87546,-36.624193,-71.938402,10.25,0.3,26.75,18.45,,2.6
"2025-08-02 21:49:19",1240,985,87496,0,,9.8,1,26.76,18.2,,2.6
"2025-08-02 21:49:20",1243,988,87472,-36.623897,-71.938368,11,7.2,26.75,17.75,,2.6
"2025-08-02 21:49:21",1245,990,87450,0,,12.1,9.4,26.72,17.35,,2.6
"2025-08-02 21:49:22",1247,992,87429,0,,9.65,1,26.7,17.25,,2.6
"2025-08-02 21:49:23",1249,994,87408,-36.623595,-71.938323,13.2,12.4,26.65,16.85,,2.6
"2025-08-02 21:49:24",1252,997,87382,0,,9.7,355.3,26.72,16.7,,2.5
"2025-08-02 21:49:25",1254,999,87357,0,,11.15,6.3,26.73,16.55,,2.5
"2025-08-02 21:49:26",1257,1002,87332,-36.623298,-71.938287,11.25,14,26.69,16.45,,2.4
"2025-08-02 21:49:27",1259,1004,87307,0,,9.5,10.4,26.67,16.4,,2.4
"2025-08-02 21:49:28",1262,1007,87282,0,,12.9,6.7,26.64,16.45,,2.4
"2025-08-02 21:49:29",1264,1009,87258,-36.623003,-71.938225,9.55,16.3,26.6,16.55,,2.4
"2025-08-02 21:49:30",1266,1011,87238,0,,10.45,6.9,26.59,16.6,,2.4
"2025-08-02 21:49:31",1268,1013,87219,0,,11.25,15.7,26.54,16.65,,2.3
"2025-08-02 21:49:32",1270,1015,87200,-36.622722,-71.938158,9.85,4.8,26.52,16.7,,2.3
"2025-08-02 21:49:33",1272,1017,87178,0,,12.7,6.5,26.47,16.8,,2.3
"2025-08-02 21:49:34",1275,1020,87157,0,,10.2,16.6,26.47,16.8,,2.3
"2025-08-02 21:49:35",1277,1022,87136,-36.622418,-71.938113,12.1,356.1,26.47,16.9,,2.3
"2025-08-02 21:49:36",1279,1024,87112,0,,11.45,3.9,26.46,16.9,,2.3
"2025-08-02 21:49:37",1281,1026,87089,0,,10.65,2.9,26.47,17.05,,2.3
"2025-08-02 21:49:38",1284,1029,87066,-36.622113,-71.938082,12.4,11.7,26.46,17.2,38.75,2.2
"2025-08-02 21:49:39",1286,1031,87047,0,,11,18.1,26.46,17.35,,2.2
"2025-08-02 21:49:40",1288,1033,87027,0,,12.75,0.8,26.46,17.4,,2.2
"2025-08-02 21:49:41",1290,1035,87008,-36.621797,-71.938002,11.35,23.7,26.46,17.45,,2.1
"2025-08-02 21:49:42",1292,1037,86987,0,,10.8,7.6,26.46,17.5,,2.1
"2025-08-02 21:49:43",1294,1039,86966,0,,11.7,8.9,26.46,17.5,,2.1
"2025-08-02 21:49:44",1296,1041,86946,-36.621507,-71.937925,9.7,16.4,26.46,17.4,,2.1
"2025-08-02 21:49:45",1298,1043,86927,0,,11.45,8.1,26.46,17.3,,2.1
"2025-08-02 21:49:46",1300,1045,86908,0,,11.1,17.2,26.46,17.2,,2.1
"2025-08-02 21:49:47",1302,1047,86890,-36.62122,-71.937853,10.1,2.2,26.46,17.05,,2.1
"2025-08-02 21:49:50",1306,1051,86850,-36.620942,-71.937805,10.2,2.4,26.3,15.8,,1.9
"2025-08-02 21:49:51",1308,1053,86828,0,,12.8,16.8,26.27,15.5,,1.8
"2025-08-02 21:49:52",1310,1055,86808,0,,8.9,5.4,26.28,14.95,,1.8
"2025-08-02 21:49:53",1312,1057,86788,-36.620652,-71.937742,12.45,9.1,26.27,14.35,,1.9
"2025-08-02 21:49:54",1314,1059,86771,0,,10.65,12.4,26.3,13.85,,1.8
"2025-08-02 21:49:55",1315,1060,86754,0,,10.55,4.9,26.28,13.35,,1.8
"2025-08-02 21:49:56",1317,1062,86738,-36.620362,-71.937678,11.55,15.7,26.28,13.15,,1.8
"2025-08-02 21:49:57",1319,1064,86721,0,,10.7,8.4,26.3,12.9,,1.8
"2025-08-02 21:49:58",1321,1066,86704,0,,11.35,16.2,26.31,12.7,,1.7
"2025-08-02 21:49:59",1322,1067,86688,-36.620078,-71.9376,10.05,8.9,26.3,12.65,,1.7
"2025-08-02 21:50:00",1324,1069,86673,0,,9.7,4.7,26.33,12.7,,1.7
"2025-08-02 21:50:01",1325,1070,86659,0,,10.9,19.5,26.34,12.7,,1.7
"2025-08-02 21:50:02",1327,1072,86646,-36.619813,-71.937542,10.15,359.5,26.38,12.8,,1.7
"2025-08-02 21:50:03",1328,1073,86629,0,,8.3,11.9,26.46,12.85,,1.7
"2025-08-02 21:50:04",1330,1075,86613,0,,10.35,6.3,26.46,12.95,,1.7
"2025-08-02 21:50:05",1331,1076,86598,-36.61956,-71.937508,8.75,9.2,26.46,12.95,39.25,1.7
"2025-08-02 21:50:06",1333,1078,86584,0,,9,14.1,26.46,12.8,,1.6
"2025-08-02 21:50:07",1334,1079,86571,0,,10.35,4.6,26.46,12.6,,1.6
"2025-08-02 21:50:08",1336,1081,86558,-36.61931,-71.937455,9.05,11.3,26.46,12.2,,1.5
"2025-08-02 21:50:09",1337,1082,86539,0,,9.8,13.4,26.47,11.75,,1.6
"2025-08-02 21:50:10",1339,1084,86520,0,,9.65,7.2,26.48,11.4,,1.6
"2025-08-02 21:50:11",1341,1086,86502,-36.619057,-71.937385,9.5,18.8,26.56,11.15,,1.6
"2025-08-02 21:50:12",1343,1088,86485,0,,10.95,12.3,26.59,10.9,,1.6
"2025-08-02 21:50:13",1344,1089,86470,0,,8.85,15.9,26.62,10.8,,1.6
"2025-08-02 21:50:14",1346,1091,86456,-36.618802,-71.937298,10.45,17.5,26.65,10.65,,1.6
"2025-08-02 21:50:16",1349,1094,86422,0,,8.8,19.5,26.71,10.45,,1.6
"2025-08-02 21:50:17",1351,1096,86406,-36.618553,-71.93721,10.4,12.5,26.73,10.4,,1.6
"2025-08-02 21:50:20",1356,1101,86354,-36.6183,-71.937123,9.8,15.9,26.77,10.25,,1.7
"2025-08-02 21:50:22",1359,1104,86324,0,,8.8,17,26.8,10.2,,1.7
"2025-08-02 21:50:23",1361,1106,86310,-36.618077,-71.93702,9.25,23.5,26.83,10.25,,1.6
"2025-08-02 21:50:25",1364,1109,86276,0,,8.25,18.7,26.85,10.35,,1.6
"2025-08-02 21:50:26",1366,1111,86260,-36.617848,-71.936908,10.15,22.6,26.86,10.4,,1.7
"2025-08-02 21:50:28",1369,1114,86226,0,,9.4,22,26.87,10.45,,1.7
"2025-08-02 21:50:29",1371,1116,86210,-36.617625,-71.936792,8.95,26.8,26.88,10.55,,1.7
"2025-08-02 21:50:31",1372,1117,86196,0,,9.1,31.5,26.89,10.8,,1.5
"2025-08-02 21:50:32",1373,1118,86190,-36.617427,-71.936667,7.15,16.2,26.93,10.85,39,1.5
"2025-08-02 21:50:34",1378,1123,86147,0,,7.6,31.2,26.98,11.05,,1.5
"2025-08-02 21:50:35",1380,1125,86126,-36.617217,-71.936565,9.9,17.3,26.97,11.15,,1.6
"2025-08-02 21:50:37",1384,1129,86087,0,,6.85,25.9,26.97,11.35,,1.6
"2025-08-02 21:50:38",1386,1131,86068,-36.617008,-71.936448,10.3,27.1,26.98,11.4,,1.6
"2025-08-02 21:50:39",1387,1132,86053,0,,8.6,25.4,26.98,11.5,,1.6
"2025-08-02 21:50:40",1389,1134,86038,0,,8.6,33,26.98,11.55,,1.6
"2025-08-02 21:50:41",1390,1135,86024,-36.616803,-71.936313,8.65,21.9,26.98,11.6,,1.6
"2025-08-02 21:50:42",1392,1137,86009,0,,7.7,20.7,26.99,11.65,,1.6
"2025-08-02 21:50:43",1393,1138,85994,0,,8.35,32.5,26.99,11.65,,1.6
"2025-08-02 21:50:44",1395,1140,85980,-36.616615,-71.936193,8.35,22.9,26.98,11.7,,1.7
"2025-08-02 21:50:45",1397,1142,85960,0,,7.55,24.5,26.98,11.75,,1.8
"2025-08-02 21:50:46",1399,1144,85941,0,,8.65,28.2,26.98,11.8,,1.8
"2025-08-02 21:50:47",1401,1146,85922,-36.616418,-71.936088,8,18.1,26.98,11.85,,1.8
"2025-08-02 21:50:48",1402,1147,85909,0,,8.85,37.7,26.97,11.85,,1.7
"2025-08-02 21:50:49",1403,1148,85896,0,,8.4,18.7,26.94,11.9,,1.7
"2025-08-02 21:50:50",1405,1150,85884,-36.616222,-71.93597,7.75,27.2,26.92,11.9,,1.6
"2025-08-02 21:50:51",1407,1152,85864,0,,8.5,31.7,26.91,11.95,,1.6
"2025-08-02 21:50:52",1409,1154,85845,0,,7.5,19.4,26.88,12,,1.6
"2025-08-02 21:50:53",1411,1156,85826,-36.616033,-71.93585,8.4,31.7,26.88,12.05,,1.7
"2025-08-02 21:50:54",1412,1157,85809,0,,8.25,26.1,26.87,12.1,,1.7
"2025-08-02 21:50:55",1414,1159,85792,0,,7.2,25.5,26.83,12.15,,1.7
"2025-08-02 21:50:56",1416,1161,85776,-36.615848,-71.93573,8.8,31.8,26.83,12.15,,1.7
"2025-08-02 21:50:57",1417,1162,85759,0,,7.5,21.5,26.8,12.2,,1.7
"2025-08-02 21:50:58",1419,1164,85742,0,,9.8,29.5,26.79,12.35,,1.7
"2025-08-02 21:50:59",1421,1166,85726,-36.615657,-71.935598,6.2,33.7,26.77,12.4,39.25,1.7
"2025-08-02 21:51:00",1422,1167,85712,0,,6.45,22.2,26.75,12.5,,1.7
"2025-08-02 21:51:01",1424,1169,85699,0,,8.7,34,26.76,12.5,,1.7
"2025-08-02 21:51:02",1425,1170,85686,-36.615497,-71.935482,5.35,34.1,26.73,12.6,,1.7
"2025-08-02 21:51:03",1426,1171,85676,0,,8.35,23.7,26.7,12.7,,1.6
"2025-08-02 21:51:04",1427,1172,85667,0,,7.5,37,26.73,12.7,,1.6
"2025-08-02 21:51:05",1428,1173,85658,-36.615333,-71.935365,6.9,27.4,26.75,12.75,,1.5
"2025-08-02 21:51:06",1430,1175,85638,0,,7.5,30.6,26.77,12.8,,1.5
"2025-08-02 21:51:07",1432,1177,85619,0,,6.1,31.1,26.73,12.8,,1.5
"2025-08-02 21:51:08",1434,1179,85600,-36.615167,-71.935253,8.3,27,26.7,12.85,,1.5
"2025-08-02 21:51:09",1436,1181,85582,0,,7.5,28.4,26.72,12.95,,1.5
"2025-08-02 21:51:10",1437,1182,85565,0,,6.95,30.1,26.71,12.95,,1.5
"2025-08-02 21:51:11",1439,1184,85548,-36.61499,-71.935137,8.3,30.1,26.7,13,,1.5
"2025-08-02 21:51:12",1441,1186,85530,0,,6.2,26.5,26.68,12.95,,1.6
"2025-08-02 21:51:13",1443,1188,85511,0,,8.4,32.2,26.64,12.95,,1.6
"2025-08-02 21:51:14",1445,1190,85492,-36.614815,-71.935018,7.1,26.6,26.69,13.05,,1.7
"2025-08-02 21:51:15",1447,1192,85473,0,,5.7,22.6,26.68,13.1,,1.7
"2025-08-02 21:51:16",1449,1194,85454,0,,8,33.3,26.65,13.15,,1.8
"2025-08-02 21:51:17",1451,1196,85436,-36.614652,-71.934915,6.5,22.5,26.63,13.2,,1.8
"2025-08-02 21:51:20",1456,1201,85388,-36.614493,-71.934818,8.3,28.1,26.67,13.35,,1.8
"2025-08-02 21:51:21",1457,1202,85376,0,,8.3,38.2,26.67,13.35,,1.8
"2025-08-02 21:51:22",1458,1203,85365,0,,5.55,17.9,26.68,13.35,,1.7
"2025-08-02 21:51:23",1459,1204,85354,-36.614327,-71.9347,8.25,33,26.68,13.35,,1.7
"2025-08-02 21:51:24",1461,1206,85332,0,,5.1,41.3,26.67,13.35,,1.7
"2025-08-02 21:51:25",1464,1209,85311,0,,8.2,20.5,26.65,13.35,,1.7
"2025-08-02 21:51:26",1466,1211,85290,-36.614172,-71.934583,6.4,45.7,26.65,13.35,39.5,1.7
"2025-08-02 21:51:27",1467,1212,85275,0,,5.1,21.3,26.64,13.35,,1.7
"2025-08-02 21:51:28",1469,1214,85260,0,,8.05,28.6,26.61,13.35,,1.7
"2025-08-02 21:51:29",1470,1215,85246,-36.614028,-71.934482,3.95,32.7,26.59,13.35,,1.7
"2025-08-02 21:51:30",1472,1217,85231,0,,7.35,28.5,26.57,13.35,,1.6
"2025-08-02 21:51:31",1473,1218,85216,0,,5.95,20.3,26.56,13.35,,1.6
"2025-08-02 21:51:32",1475,1220,85202,-36.613883,-71.934392,6.05,34.1,26.53,13.3,,1.6
"2025-08-02 21:51:33",1477,1222,85185,0,,7.95,34.5,26.47,13.25,,1.6
"2025-08-02 21:51:34",1478,1223,85168,0,,4.95,17.3,26.47,13.25,,1.7
"2025-08-02 21:51:35",1480,1225,85152,-36.61374,-71.934278,7.25,45.1,26.47,13.15,,1.7
"2025-08-02 21:51:36",1481,1226,85140,0,,7.7,20.8,26.58,13.1,,1.7
"2025-08-02 21:51:37",1483,1228,85129,0,,5.7,32.9,26.56,13.05,,1.6
"2025-08-02 21:51:38",1484,1229,85118,-36.613585,-71.93416,7.75,37.4,26.49,13,,1.5
"2025-08-02 21:51:39",1485,1230,85105,0,,6.45,18.2,26.47,13,,1.5
"2025-08-02 21:51:40",1486,1231,85093,0,,6.1,48.8,26.49,13,,1.4
"2025-08-02 21:51:41",1487,1232,85082,-36.613433,-71.934045,7.85,18.2,26.54,12.95,,1.4
"2025-08-02 21:51:42",1490,1235,85061,0,,5.75,29.7,26.54,12.9,,1.5
"2025-08-02 21:51:43",1492,1237,85040,0,,6.75,36.6,26.47,12.9,,1.5
"2025-08-02 21:51:44",1494,1239,85020,-36.613282,-71.933945,6.35,16.5,26.46,12.8,,1.6
"2025-08-02 21:51:45",1495,1240,85012,0,,7.45,44.5,26.46,12.75,,1.5
"2025-08-02 21:51:46",1495,1240,85005,0,,5.3,22.2,26.46,12.7,,1.4
"2025-08-02 21:51:47",1496,1241,84998,-36.613148,-71.933843,5.2,19.2,26.46,12.6,,1.3
"2025-08-02 21:51:48",1499,1244,84972,0,,6.05,29,26.46,12.5,,1.5
"2025-08-02 21:51:49",1501,1246,84947,0,,5.2,28.4,26.46,12.35,,1.6
"2025-08-02 21:51:50",1504,1249,84922,-36.613013,-71.933743,7.25,33.8,26.46,12.25,,1.7
"2025-08-02 21:51:51",1506,1251,84906,0,,6.15,37.2,26.46,12.1,,1.7
"2025-08-02 21:51:52",1507,1252,84891,0,,5.75,31.7,26.46,11.95,,1.8
"2025-08-02 21:51:53",1509,1254,84876,-36.61287,-71.933613,7.55,38.9,26.46,11.8,39.5,1.8
"2025-08-02 21:51:54",1510,1255,84862,0,,7.55,38.9,26.46,11.55,,1.8
"2025-08-02 21:51:55",1512,1257,84848,0,,7.25,40.3,26.46,11.3,,1.7
"2025-08-02 21:51:56",1513,1258,84834,-36.61273,-71.933462,6.85,38.1,26.46,10.9,,1.7
"2025-08-02 21:51:57",1515,1260,84819,0,,6.1,32.6,26.46,10.55,,1.7
"2025-08-02 21:51:58",1516,1261,84805,0,,7.4,45.2,26.46,10.25,,1.7
"2025-08-02 21:51:59",1518,1263,84792,-36.61259,-71.933317,6.25,30.2,26.46,10.05,,1.8
"2025-08-02 21:52:00",1519,1264,84778,0,,5.35,39.1,26.46,9.9,,1.8
"2025-08-02 21:52:01",1520,1265,84765,0,,5.75,18.1,26.46,9.75,,1.7
"2025-08-02 21:52:02",1522,1267,84752,-36.612462,-71.933215,6,44.3,26.46,9.7,,1.6
"2025-08-02 21:52:03",1523,1268,84738,0,,7.7,47.6,26.46,9.65,,1.5
"2025-08-02 21:52:04",1525,1270,84724,0,,4.1,22.5,26.46,9.6,,1.5
"2025-08-02 21:52:05",1526,1271,84710,-36.612342,-71.93308,7.95,44.4,26.46,9.55,,1.5
"2025-08-02 21:52:06",1528,1273,84693,0,,6,38.4,26.46,9.5,,1.5
"2025-08-02 21:52:07",1530,1275,84676,0,,5.15,39,26.46,9.55,,1.5
"2025-08-02 21:52:08",1531,1276,84660,-36.61221,-71.93294,8.05,39.9,26.46,9.55,,1.5
"2025-08-02 21:52:09",1533,1278,84646,0,,4.7,49.8,26.46,9.6,,1.5
"2025-08-02 21:52:10",1534,1279,84633,0,,7.15,36,26.46,9.65,,1.5
"2025-08-02 21:52:11",1536,1281,84620,-36.612082,-71.932802,6,40.3,26.46,9.7,,1.5
"2025-08-02 21:52:12",1537,1282,84606,0,,4.25,43.1,26.46,9.75,,1.5
"2025-08-02 21:52:13",1538,1283,84593,0,,7.8,41.6,26.46,9.8,,1.5
"2025-08-02 21:52:14",1540,1285,84580,-36.611963,-71.932675,4.3,28.1,26.46,9.85,,1.5
"2025-08-02 21:52:15",1541,1286,84565,0,,4.7,48.7,26.46,9.95,,1.5
"2025-08-02 21:52:16",1543,1288,84551,0,,6.35,34.4,26.46,9.95,,1.5
"2025-08-02 21:52:17",1544,1289,84538,-36.611853,-71.932565,4.2,37.2,26.46,10.05,,1.5
"2025-08-02 21:52:20",1549,1294,84492,-36.611745,-71.93245,5.1,55.6,26.46,10.2,39.5,1.5
"2025-08-02 21:52:21",1551,1296,84474,0,,7.05,48.2,26.46,10.25,,1.5
"2025-08-02 21:52:22",1553,1298,84457,0,,3.8,29.5,26.46,10.3,,1.5
"2025-08-02 21:52:23",1554,1299,84440,-36.611645,-71.932312,6.8,58.7,26.46,10.35,,1.6
"2025-08-02 21:52:24",1556,1301,84423,0,,4.35,27.5,26.46,10.4,,1.6
"2025-08-02 21:52:25",1558,1303,84406,0,,4.35,55.5,26.46,10.45,,1.6
"2025-08-02 21:52:26",1560,1305,84390,-36.611553,-71.93219,6,45.6,26.46,10.5,,1.6
"2025-08-02 21:52:27",1561,1306,84375,0,,4.05,14.9,26.46,10.6,,1.6
"2025-08-02 21:52:28",1563,1308,84360,0,,6.05,56.3,26.46,10.65,,1.7
"2025-08-02 21:52:29",1564,1309,84346,-36.611448,-71.932083,4.8,24.1,26.46,10.7,,1.7
"2025-08-02 21:52:30",1566,1311,84330,0,,4.2,34.8,26.46,10.75,,1.7
"2025-08-02 21:52:31",1567,1312,84315,0,,6.1,48.6,26.46,10.8,,1.7
"2025-08-02 21:52:32",1569,1314,84300,-36.611343,-71.93198,3.85,24,26.46,10.85,,1.7
"2025-08-02 21:52:33",1570,1315,84287,0,,4.4,39.7,26.46,10.85,,1.6
"2025-08-02 21:52:34",1572,1317,84274,0,,5.8,27.3,26.46,10.9,,1.6
"2025-08-02 21:52:35",1573,1318,84262,-36.61124,-71.931888,3.45,58.1,26.46,10.9,,1.6
"2025-08-02 21:52:36",1575,1320,84245,0,,6.4,42.4,26.46,10.9,,1.6
"2025-08-02 21:52:37",1576,1321,84229,0,,5.5,27.2,26.41,10.9,,1.6
"2025-08-02 21:52:38",1578,1323,84214,-36.611135,-71.931775,4.35,53.2,26.39,10.9,,1.6
"2025-08-02 21:52:39",1580,1325,84191,0,,4.75,32.7,26.35,10.95,,1.6
"2025-08-02 21:52:40",1583,1328,84169,0,,4.4,40.2,26.33,10.95,,1.7
"2025-08-02 21:52:41",1585,1330,84148,-36.611043,-71.931678,4.4,46.2,26.31,11,,1.7
"2025-08-02 21:52:42",1586,1331,84132,0,,4.6,34.9,26.28,10.95,,1.7
"2025-08-02 21:52:43",1588,1333,84117,0,,4.4,55,26.26,11,,1.7
"2025-08-02 21:52:44",1589,1334,84102,-36.610953,-71.931572,4.75,34.1,26.24,11,,1.7
"2025-08-02 21:52:46",1593,1338,84067,0,,4.2,39.7,26.25,11.05,,1.8
"2025-08-02 21:52:47",1595,1340,84050,-36.610847,-71.931475,5.25,26.7,26.23,11,39.25,1.8
"2025-08-02 21:52:50",1600,1345,84002,-36.610738,-71.931385,5.1,40.1,26.18,11,,1.8
"2025-08-02 21:52:52",1604,1349,83967,0,,4.4,42.8,26.15,11,,1.8
"2025-08-02 21:52:53",1605,1350,83950,-36.610645,-71.931277,5.25,48.2,26.16,11,,1.8
"2025-08-02 21:52:55",1609,1354,83915,0,,4,64.2,26.13,11,,1.8
"2025-08-02 21:52:56",1611,1356,83898,-36.610553,-71.931163,6.25,26,26.14,11,,1.8
"2025-08-02 21:52:58",1614,1359,83867,0,,5.05,42.7,26.09,11.05,,1.8
"2025-08-02 21:52:59",1616,1361,83852,-36.61044,-71.931078,5.1,24.6,26.09,11.1,,1.7
"2025-08-02 21:53:01",1620,1365,83813,0,,5.75,23.9,26.05,11.15,,1.8
"2025-08-02 21:53:02",1622,1367,83794,-36.610343,-71.930983,3.6,46.3,26.04,11.2,,1.8
"2025-08-02 21:53:04",1624,1369,83772,0,,5.15,24.4,26.04,11.2,,1.7
"2025-08-02 21:53:05",1625,1370,83762,-36.610255,-71.930893,3.35,60.6,26.04,11.2,,1.6
"2025-08-02 21:53:06",1627,1372,83743,0,,5.8,23.3,26.03,11.15,,1.7
"2025-08-02 21:53:07",1629,1374,83725,0,,3.2,42.4,26.04,11,,1.7
"2025-08-02 21:53:08",1631,1376,83708,-36.610167,-71.930808,4.35,42,26.02,10.85,,1.7
"2025-08-02 21:53:09",1633,1378,83690,0,,5.05,28.4,26.01,10.75,,1.7
"2025-08-02 21:53:10",1635,1380,83672,0,,4.2,60.4,26.02,10.65,,1.7
"2025-08-02 21:53:11",1637,1382,83654,-36.610078,-71.930718,4.2,17.2,26,10.65,,1.7
"2025-08-02 21:53:12",1638,1383,83639,0,,4.65,18.6,25.98,10.7,,1.7
"2025-08-02 21:53:13",1640,1385,83624,0,,4.65,18.6,25.98,10.75,,1.7
"2025-08-02 21:53:14",1641,1386,83610,-36.60998,-71.93065,4.1,5.3,25.96,10.8,39.25,1.6
"2025-08-02 21:53:15",1643,1388,83595,0,,5.7,39.1,25.96,10.8,,1.6
"2025-08-02 21:53:16",1644,1389,83580,0,,2.95,15.3,25.94,10.85,,1.6
"2025-08-02 21:53:17",1646,1391,83566,-36.609875,-71.930583,5.45,31.6,25.91,10.85,,1.7
"2025-08-02 21:53:19",1649,1394,83532,0,,3.95,8.3,25.91,10.9,,1.7
"2025-08-02 21:53:20",1651,1396,83516,-36.60977,-71.930487,6.7,47.3,25.9,11,,1.7
"2025-08-02 21:53:21",1653,1398,83501,0,,3.65,11.6,25.89,11.05,,1.7
"2025-08-02 21:53:22",1654,1399,83487,0,,5.35,21.1,25.85,11.1,,1.6
"2025-08-02 21:53:23",1656,1401,83474,-36.609662,-71.930403,4.75,53.2,25.85,11.1,,1.6
"2025-08-02 21:53:24",1658,1403,83454,0,,3.75,18.9,25.84,11.1,,1.6
"2025-08-02 21:53:25",1660,1405,83435,0,,4.2,51.8,25.84,11.1,,1.7
"2025-08-02 21:53:26",1662,1407,83416,-36.609577,-71.93032,4.55,24.8,25.84,11.15,,1.7
"2025-08-02 21:53:27",1664,1409,83398,0,,4.35,3.6,25.84,11.35,,1.7
"2025-08-02 21:53:28",1665,1410,83382,0,,3.3,46.2,25.86,11.8,,1.7
"2025-08-02 21:53:29",1667,1412,83366,-36.609473,-71.930267,6.1,22.3,25.88,12.45,,1.7
"2025-08-02 21:53:30",1668,1413,83352,0,,3.6,13.7,25.86,13.05,,1.7
"2025-08-02 21:53:31",1670,1415,83338,0,,5.6,33.3,25.88,13.45,,1.7
"2025-08-02 21:53:32",1671,1416,83324,-36.609357,-71.930202,4.2,12.2,25.88,13.85,,1.7
"2025-08-02 21:53:33",1673,1418,83308,0,,1.95,23.5,25.88,14.1,,1.7
"2025-08-02 21:53:34",1675,1420,83293,0,,6.35,20.1,25.88,14.3,,1.7
"2025-08-02 21:53:35",1676,1421,83278,-36.609255,-71.930158,2.45,18.5,25.86,14.45,,1.7
"2025-08-02 21:53:36",1678,1423,83263,0,,3.35,49.9,25.84,14.6,,1.7
"2025-08-02 21:53:37",1679,1424,83249,0,,5.05,15.8,25.82,14.75,,1.6
"2025-08-02 21:53:38",1681,1426,83236,-36.609175,-71.930093,3.45,56.1,25.82,14.85,,1.6
"2025-08-02 21:53:39",1682,1427,83222,0,,5.95,24.9,25.81,15,,1.6
"2025-08-02 21:53:40",1684,1429,83209,0,,3.65,36.4,25.79,15.15,,1.5
"2025-08-02 21:53:41",1685,1430,83196,-36.609077,-71.930017,3.85,31.7,25.79,15.25,39,1.5
"2025-08-02 21:53:42",1687,1432,83176,0,,4.75,5.8,25.78,15.3,,1.6
"2025-08-02 21:53:43",1689,1434,83156,0,,4.1,45.9,25.75,15.35,,1.6
"2025-08-02 21:53:44",1691,1436,83136,-36.608982,-71.929965,3.85,3.7,25.74,15.5,,1.7
"2025-08-02 21:53:45",1693,1438,83121,0,,4.85,22.3,25.73,15.6,,1.7
"2025-08-02 21:53:46",1694,1439,83106,0,,3.15,31.5,25.78,15.75,,1.6
"2025-08-02 21:53:47",1696,1441,83092,-36.608878,-71.92992,4.9,11.6,25.75,15.8,,1.6
"2025-08-02 21:53:50",1702,1447,83040,-36.608773,-71.929872,5.55,32,25.69,15.85,,1.7
"2025-08-02 21:53:54",1708,1453,82977,0,,2.45,37.8,25.63,16.1,,1.8
"2025-08-02 21:53:55",1710,1455,82961,0,,4.05,24.7,25.65,16.2,,1.7
"2025-08-02 21:53:56",1712,1457,82946,-36.608592,-71.92973,4.1,46.9,25.66,16.25,,1.7
"2025-08-02 21:53:57",1713,1458,82935,0,,4.5,6.5,25.65,16.3,,1.6
"2025-08-02 21:53:58",1714,1459,82925,0,,3.9,51.6,25.64,16.35,,1.6
"2025-08-02 21:53:59",1715,1460,82916,-36.60851,-71.929663,2.85,40.6,25.66,16.4,,1.6
"2025-08-02 21:54:00",1717,1462,82895,0,,3.65,15.4,25.68,16.5,,1.6
"2025-08-02 21:54:01",1719,1464,82874,0,,3.5,46.7,25.66,16.55,,1.6
"2025-08-02 21:54:02",1721,1466,82854,-36.608425,-71.929607,3.6,25,25.65,16.6,,1.6
"2025-08-02 21:54:03",1723,1468,82837,0,,3.8,8.5,25.65,16.6,,1.7
"2025-08-02 21:54:04",1725,1470,82820,0,,3.35,45,25.69,16.65,,1.7
"2025-08-02 21:54:05",1727,1472,82804,-36.608332,-71.929563,4.35,14.7,25.69,16.7,,1.7
"2025-08-02 21:54:06",1728,1473,82787,0,,2.75,17.4,25.64,16.75,,1.7
"2025-08-02 21:54:07",1730,1475,82771,0,,3.7,32.2,25.64,16.75,,1.7
"2025-08-02 21:54:08",1732,1477,82756,-36.608237,-71.929528,4.3,9,25.65,16.75,39.25,1.7
"2025-08-02 21:54:12",1739,1484,82690,0,,3.6,26.8,25.61,16.9,,1.9
"2025-08-02 21:54:13",1740,1485,82674,0,,3.15,351.5,25.58,16.9,,1.8
"2025-08-02 21:54:14",1742,1487,82658,-36.608047,-71.929475,3.1,35.6,25.56,16.95,,1.8
"2025-08-02 21:54:15",1744,1489,82642,0,,5.35,23.6,25.58,16.95,,1.7
"2025-08-02 21:54:16",1745,1490,82627,0,,1.9,328.2,25.55,17,,1.7
"2025-08-02 21:54:17",1747,1492,82612,-36.607957,-71.929438,5.25,37.2,25.52,17,,1.7
"2025-08-02 21:54:19",1751,1496,82574,0,,2.2,17.5,25.52,17.05,,1.7
"2025-08-02 21:54:20",1753,1498,82556,-36.60786,-71.929398,5.3,25.8,25.48,17.1,,1.8
"2025-08-02 21:54:21",1755,1500,82539,0,,3.15,6.8,25.46,17.1,,1.8
"2025-08-02 21:54:22",1756,1501,82522,0,,5.15,15.2,25.44,17.1,,1.8
"2025-08-02 21:54:23",1758,1503,82506,-36.607745,-71.929355,3.9,25.3,25.42,17.15,,1.8
"2025-08-02 21:54:24",1760,1505,82488,0,,2.35,27,25.39,17.15,,1.8
"2025-08-02 21:54:25",1762,1507,82472,0,,5.4,6.9,25.38,17.2,,1.8
"2025-08-02 21:54:26",1764,1509,82456,-36.607652,-71.92932,3.15,44.7,25.38,17.25,,1.8
"2025-08-02 21:54:27",1765,1510,82441,0,,4.2,349.4,25.4,17.35,,1.8
"2025-08-02 21:54:28",1767,1512,82426,0,,4.35,33.3,25.38,17.35,,1.8
"2025-08-02 21:54:29",1768,1513,82412,-36.607563,-71.929287,2.75,15.8,25.4,17.4,,1.8
"2025-08-02 21:54:30",1770,1515,82398,0,,3.85,357.7,25.36,17.45,,1.8
"2025-08-02 21:54:31",1771,1516,82385,0,,4.05,28.8,25.34,17.5,,1.7
"2025-08-02 21:54:32",1773,1518,82372,-36.60747,-71.929255,3.1,11.2,25.31,17.55,,1.7
"2025-08-02 21:54:33",1775,1520,82353,0,,4.05,6,25.29,17.55,,1.6
"2025-08-02 21:54:34",1776,1521,82335,0,,3.6,30.9,25.3,17.55,,1.7
"2025-08-02 21:54:35",1778,1523,82318,-36.607377,-71.929228,3.65,357.9,25.27,17.6,39,1.7
"2025-08-02 21:54:36",1781,1526,82297,0,,3.7,20.3,25.25,17.7,,1.7
"2025-08-02 21:54:37",1783,1528,82276,0,,3.4,12.7,25.22,17.65,,1.7
"2025-08-02 21:54:38",1785,1530,82256,-36.607278,-71.929205,4,7.4,25.2,17.75,,1.8
"2025-08-02 21:54:42",1792,1537,82193,0,,4.1,18.7,25.15,17.8,,1.8
"2025-08-02 21:54:43",1793,1538,82177,0,,3.5,4.4,25.15,17.85,,1.8
"2025-08-02 21:54:44",1795,1540,82162,-36.607088,-71.929148,3.4,23.1,25.14,17.9,,1.8
"2025-08-02 21:54:45",1797,1542,82147,0,,4.4,9.3,25.13,17.9,,1.9
"2025-08-02 21:54:46",1798,1543,82132,0,,3,37.3,25.11,17.95,,1.8
"2025-08-02 21:54:47",1800,1545,82118,-36.606987,-71.929102,5.8,17.6,25.07,17.95,,1.8
"2025-08-02 21:54:50",1805,1550,82068,-36.60688,-71.929052,3.95,353.7,25.05,18,,1.7
"2025-08-02 21:54:51",1806,1551,82055,0,,2.8,19.3,25.02,18,,1.7
"2025-08-02 21:54:52",1808,1553,82043,0,,5.65,16.1,25,18.05,,1.6
"2025-08-02 21:54:53",1809,1554,82032,-36.60678,-71.929028,2.2,13.7,24.98,18.05,,1.6
"2025-08-02 21:54:54",1810,1555,82018,0,,4.05,7.2,24.94,18.05,,1.6
"2025-08-02 21:54:55",1812,1557,82004,0,,3.75,24,24.91,18.05,,1.5
"2025-08-02 21:54:56",1813,1558,81990,-36.606688,-71.929003,2.5,5.5,24.91,18.1,,1.5
"2025-08-02 21:54:57",1816,1561,81968,0,,5.55,2.8,24.9,18.15,,1.6
"2025-08-02 21:54:58",1818,1563,81946,0,,3.35,45.1,24.89,18.15,,1.7
"2025-08-02 21:54:59",1821,1566,81924,-36.606588,-71.928982,4.55,347,24.9,18.2,,1.7
"2025-08-02 21:55:00",1822,1567,81906,0,,5.3,27.8,24.85,18.15,,1.7
"2025-08-02 21:55:01",1824,1569,81890,0,,2.9,7,24.83,18.2,,1.7
"2025-08-02 21:55:02",1826,1571,81874,-36.60648,-71.928957,5.1,2.9,24.8,18.2,38.5,1.7
"2025-08-02 21:55:03",1827,1572,81859,0,,3.75,35.6,24.81,18.25,,1.7
"2025-08-02 21:55:04",1829,1574,81844,0,,4.65,354.2,24.79,18.3,,1.7
"2025-08-02 21:55:05",1831,1576,81830,-36.606368,-71.928933,4.05,21.3,24.77,18.3,,1.8
"2025-08-02 21:55:06",1832,1577,81814,0,,2.65,33.6,24.75,18.35,,1.8
"2025-08-02 21:55:07",1834,1579,81798,0,,5.3,359.5,24.74,18.35,,1.8
"2025-08-02 21:55:08",1836,1581,81782,-36.606278,-71.928902,2.15,34.1,24.72,18.35,,1.8
"2025-08-02 21:55:09",1837,1582,81768,0,,3.95,4.3,24.72,18.35,,1.8
"2025-08-02 21:55:10",1839,1584,81754,0,,3.05,7.1,24.7,18.35,,1.8
"2025-08-02 21:55:11",1840,1585,81740,-36.606192,-71.928875,3.6,29.6,24.7,18.4,,1.7
"2025-08-02 21:55:12",1843,1588,81717,0,,5.15,15.5,24.68,18.45,,1.7
"2025-08-02 21:55:13",1845,1590,81694,0,,1.85,12.8,24.67,18.45,,1.8
"2025-08-02 21:55:14",1848,1593,81672,-36.606092,-71.928838,5.6,13,24.67,18.5,,1.8
"2025-08-02 21:55:16",1851,1596,81642,0,,3.85,4.3,24.62,18.5,,1.8
"2025-08-02 21:55:17",1852,1597,81628,-36.605975,-71.928812,5.3,1.6,24.6,18.5,,1.8
"2025-08-02 21:55:20",1859,1604,81570,-36.605855,-71.928793,3.15,12.6,24.55,18.55,,1.9
"2025-08-02 21:55:22",1862,1607,81539,0,,4.9,5.6,24.49,18.65,,1.9
"2025-08-02 21:55:23",1863,1608,81524,-36.605765,-71.928757,2.9,38.6,24.42,18.6,,1.9
"2025-08-02 21:55:25",1868,1613,81486,0,,4.4,26.7,24.42,18.6,,1.9
"2025-08-02 21:55:26",1869,1614,81468,-36.605673,-71.928718,3,11.2,24.41,18.7,,1.8
"2025-08-02 21:55:28",1872,1617,81440,0,,4.4,33.8,24.35,18.7,,1.8
"2025-08-02 21:55:29",1874,1619,81426,-36.605575,-71.928707,3.05,337.3,24.34,18.75,38.25,1.8
"2025-08-02 21:55:31",1878,1623,81391,0,,2.75,19.5,24.38,18.85,,1.8
"2025-08-02 21:55:32",1880,1625,81374,-36.605475,-71.928667,4.5,6,24.37,18.85,,1.8
"2025-08-02 21:55:34",1882,1627,81347,0,,4.95,31.8,24.39,18.9,,1.7
"2025-08-02 21:55:35",1884,1629,81334,-36.605367,-71.92864,4.85,31.6,24.35,18.9,,1.7
"2025-08-02 21:55:36",1886,1631,81312,0,,3.65,8.8,24.35,18.9,,1.8
"2025-08-02 21:55:37",1889,1634,81290,0,,3.8,2.8,24.27,18.9,,1.8
"2025-08-02 21:55:38",1891,1636,81268,-36.605258,-71.928607,4.95,33.4,24.27,18.95,,1.8
"2025-08-02 21:55:42",1898,1643,81203,0,,3.2,349.2,24.22,19.1,,1.8
"2025-08-02 21:55:43",1900,1645,81187,0,,5.45,33,24.23,19.15,,1.8
"2025-08-02 21:55:44",1901,1646,81172,-36.605045,-71.928525,3,354.3,24.26,19.15,,1.8
"2025-08-02 21:55:45",1903,1648,81157,0,,4.6,7.2,24.24,19.2,,1.8
"2025-08-02 21:55:46",1905,1650,81142,0,,3.8,26.5,24.16,19.2,,1.8
"2025-08-02 21:55:47",1906,1651,81128,-36.604937,-71.928505,4.45,358.7,24.13,19.25,,1.8
"2025-08-02 21:55:48",1908,1653,81109,0,,5.55,18.7,24.17,19.35,,1.8
"2025-08-02 21:55:49",1910,1655,81090,0,,2.75,357.3,24.21,19.35,,1.8
"2025-08-02 21:55:50",1912,1657,81072,-36.604815,-71.928485,5.85,11.1,24.15,19.4,,1.8
"2025-08-02 21:55:51",1914,1659,81058,0,,5.7,30.5,24.09,19.5,,1.7
"2025-08-02 21:55:52",1915,1660,81045,0,,3.45,351.5,24.08,19.5,,1.7
"2025-08-02 21:55:53",1917,1662,81032,-36.604688,-71.92844,6.6,23.2,24.09,19.6,,1.7
"2025-08-02 21:55:54",1919,1664,81010,0,,2.75,25.5,24.06,19.65,,1.7
"2025-08-02 21:55:55",1921,1666,80988,0,,5.95,15.6,24.04,19.7,,1.8
"2025-08-02 21:55:56",1924,1669,80966,-36.60457,-71.928385,4.15,36.2,24.06,19.75,38.25,1.9
"2025-08-02 21:55:57",1925,1670,80951,0,,4.9,10.4,24.06,19.85,,1.8
"2025-08-02 21:55:58",1927,1672,80936,0,,5.8,23.1,24.03,19.85,,1.8
"2025-08-02 21:55:59",1928,1673,80922,-36.604453,-71.928337,2.7,19,23.99,19.9,,1.8
"2025-08-02 21:56:00",1930,1675,80906,0,,5.6,18.7,23.97,19.9,,1.9
"2025-08-02 21:56:01",1932,1677,80890,0,,4.6,9.1,23.95,19.95,,1.8
"2025-08-02 21:56:02",1934,1679,80874,-36.60434,-71.9283,3.5,20.4,23.91,19.95,,1.8
"2025-08-02 21:56:03",1936,1681,80853,0,,5.45,37.4,23.89,20.05,,1.8
"2025-08-02 21:56:04",1938,1683,80834,0,,4.55,353.9,23.9,20.1,,1.9
"2025-08-02 21:56:05",1940,1685,80816,-36.604232,-71.928248,4.9,41.3,23.88,20.15,,1.9
"2025-08-02 21:56:09",1947,1692,80750,0,,3.8,345.3,23.95,20.25,,1.8
"2025-08-02 21:56:10",1949,1694,80734,0,,5.05,29.7,23.9,20.3,,1.8
"2025-08-02 21:56:11",1951,1696,80718,-36.603993,-71.928125,6.05,27.5,23.86,20.35,,1.8
"2025-08-02 21:56:12",1952,1697,80702,0,,4.4,18.9,23.81,20.35,,1.8
"2025-08-02 21:56:13",1954,1699,80686,0,,6.65,24.9,23.8,20.4,,1.8
"2025-08-02 21:56:14",1956,1701,80670,-36.603865,-71.928053,3.25,37.8,23.79,20.45,,1.8
"2025-08-02 21:56:15",1957,1702,80655,0,,4.4,15.2,23.77,20.45,,1.8
"2025-08-02 21:56:16",1959,1704,80640,0,,5.65,35.5,23.74,20.45,,1.8
"2025-08-02 21:56:17",1961,1706,80626,-36.603758,-71.927987,3.05,19.7,23.74,20.5,,1.7
"2025-08-02 21:56:20",1966,1711,80580,-36.603647,-71.927925,4.8,4.5,23.66,20.55,,1.7
"2025-08-02 21:56:21",1967,1712,80567,0,,5.35,29.5,23.66,20.5,,1.7
"2025-08-02 21:56:22",1968,1713,80555,0,,3.55,21.7,23.66,20.6,,1.6
"2025-08-02 21:56:23",1969,1714,80544,-36.603523,-71.927872,6.25,16.5,23.66,20.6,37.75,1.6
"2025-08-02 21:56:24",1972,1717,80523,0,,3.7,41.4,23.66,20.6,,1.6
"2025-08-02 21:56:25",1974,1719,80501,0,,5.75,10.3,23.62,20.6,,1.7
"2025-08-02 21:56:26",1976,1721,80480,-36.603398,-71.92781,4.5,27.4,23.58,20.55,,1.7
"2025-08-02 21:56:27",1978,1723,80462,0,,3.8,27.9,23.54,20.45,,1.7
"2025-08-02 21:56:28",1980,1725,80445,0,,6.25,19.4,23.51,20.45,,1.8
"2025-08-02 21:56:29",1982,1727,80428,-36.603283,-71.927748,2.6,18.7,23.48,20.4,,1.8
"2025-08-02 21:56:30",1984,1729,80412,0,,4.65,30.5,23.45,20.3,,1.8
"2025-08-02 21:56:31",1985,1730,80397,0,,4.5,16,23.44,20.3,,1.8
"2025-08-02 21:56:32",1987,1732,80382,-36.603178,-71.927693,3.65,24.3,23.42,20.3,,1.8
"2025-08-02 21:56:36",1994,1739,80315,0,,5.95,29.8,23.33,20.3,,1.9
"2025-08-02 21:56:37",1996,1741,80298,0,,3.65,21.1,23.33,20.35,,1.9
"2025-08-02 21:56:38",1998,1743,80282,-36.602942,-71.927553,6.15,30.2,23.34,20.3,,1.8
"2025-08-02 21:56:39",2000,1745,80262,0,,3.35,15.2,23.3,20.35,,1.8
"2025-08-02 21:56:40",2002,1747,80243,0,,5.45,33.6,23.28,20.3,,1.8
"2025-08-02 21:56:41",2004,1749,80224,-36.602825,-71.927483,4.6,18.9,23.27,20.25,,1.9
"2025-08-02 21:56:42",2006,1751,80205,0,,2.35,9.1,23.28,20.15,,1.9
"2025-08-02 21:56:43",2008,1753,80188,0,,6.55,24.5,23.25,20.1,,1.9
"2025-08-02 21:56:44",2010,1755,80172,-36.602713,-71.927433,2.65,23.5,23.23,20.1,,1.9
"2025-08-02 21:56:46",2012,1757,80156,0,,3,15.4,23.21,20.2,,1.9
"2025-08-02 21:56:47",2013,1758,80141,0,,5.3,29.8,23.23,20.25,,1.9
"2025-08-02 21:56:48",2015,1760,80126,-36.602615,-71.927382,2.9,22.8,23.25,20.25,,1.8
"2025-08-02 21:56:50",2018,1763,80093,0,,4.8,27.6,23.21,20.25,,1.8
"2025-08-02 21:56:51",2020,1765,80078,-36.602503,-71.927323,3.7,19.7,23.22,20.25,37.5,1.8
"2025-08-02 21:56:51",2021,1766,80068,0,,4.95,19.3,23.2,20.25,,1.8
"2025-08-02 21:56:52",2022,1767,80057,0,,3.3,33.3,23.17,20.25,,1.7
"2025-08-02 21:56:53",2024,1769,80046,-36.602397,-71.927275,4.7,12.1,23.15,20.25,,1.6
"2025-08-02 21:56:54",2026,1771,80024,0,,4.7,21.6,23.17,20.3,,1.7
"2025-08-02 21:56:55",2028,1773,80002,0,,3.45,20.5,23.14,20.3,,1.7
"2025-08-02 21:56:56",2031,1776,79980,-36.60228,-71.92723,5.45,15.5,23.08,20.3,,1.8
"2025-08-02 21:56:57",2032,1777,79967,0,,4.15,33.5,23.09,20.3,,1.7
"2025-08-02 21:56:58",2034,1779,79954,0,,5.05,11,23.08,20.3,,1.7
"2025-08-02 21:56:59",2035,1780,79942,-36.60216,-71.927178,4.4,24.4,23.04,20.35,,1.7
"2025-08-02 21:57:00",2037,1782,79921,0,,3.8,38.3,22.98,20.35,,1.7
"2025-08-02 21:57:01",2040,1785,79900,0,,5.8,21.3,22.97,20.35,,1.8
"2025-08-02 21:57:02",2042,1787,79880,-36.602043,-71.927105,4.4,32.1,22.99,20.4,,1.8
"2025-08-02 21:57:03",2043,1788,79869,0,,4.35,13.9,22.94,20.4,,1.8
"2025-08-02 21:57:04",2044,1789,79859,0,,3.85,47.2,22.91,20.45,,1.8
"2025-08-02 21:57:05",2045,1790,79850,-36.60194,-71.927043,4.85,7.2,22.92,20.45,,1.8
"2025-08-02 21:57:06",2047,1792,79836,0,,5.6,16.4,22.92,20.5,,1.8
"2025-08-02 21:57:07",2048,1793,79822,0,,2.75,28.6,22.88,20.5,,1.7
"2025-08-02 21:57:08",2050,1795,79808,-36.601818,-71.927,6.2,13.8,22.84,20.5,,1.6
"2025-08-02 21:57:09",2052,1797,79789,0,,3.65,24.3,22.84,20.5,,1.6
"2025-08-02 21:57:10",2054,1799,79771,0,,4.95,21.5,22.83,20.5,,1.6
"2025-08-02 21:57:11",2056,1801,79754,-36.601697,-71.926947,5.3,20.7,22.8,20.5,,1.7
"2025-08-02 21:57:12",2058,1803,79729,0,,2.55,21.8,22.76,20.6,,1.7
"2025-08-02 21:57:13",2061,1806,79705,0,,2.55,21.8,22.74,20.55,,1.8
"2025-08-02 21:57:14",2063,1808,79682,-36.601582,-71.926895,3.65,25.4,22.71,20.6,,1.8
"2025-08-02 21:57:15",2065,1810,79666,0,,3,31,22.71,20.55,,1.8
"2025-08-02 21:57:16",2067,1812,79651,0,,6.1,20.2,22.71,20.55,,1.8
"2025-08-02 21:57:17",2068,1813,79636,-36.601477,-71.926845,2.45,5,22.71,20.6,37,1.9
"2025-08-02 21:57:19",2072,1817,79601,0,,,,22.68,20.6,,2
"2025-08-02 21:57:20",2074,1819,79584,0,,,,22.65,20.6,,2
"2025-08-02 21:57:21",2076,1821,79570,0,,6.15,31.9,22.63,20.6,,2
"2025-08-02 21:57:22",2077,1822,79557,0,,3.15,1.5,22.61,20.6,,2
"2025-08-02 21:57:23",2079,1824,79544,-36.601265,-71.926745,5.2,33.8,22.59,20.6,,1.9
"2025-08-02 21:57:24",2081,1826,79523,0,,4.8,15.3,22.58,20.65,,1.9
"2025-08-02 21:57:25",2083,1828,79503,0,,3.3,19.8,22.57,20.65,,1.9
"2025-08-02 21:57:26",2085,1830,79484,-36.601152,-71.926683,6.3,32,22.54,20.6,,1.9
"2025-08-02 21:57:27",2087,1832,79468,0,,6.3,32,22.55,20.7,,1.8
"2025-08-02 21:57:28",2088,1833,79453,0,,5.4,31.6,22.53,20.65,,1.8
"2025-08-02 21:57:29",2090,1835,79438,-36.601033,-71.926613,5,21.9,22.51,20.65,,1.8
"2025-08-02 21:57:30",2092,1837,79423,0,,3.4,1.9,22.5,20.65,,1.8
"2025-08-02 21:57:31",2093,1838,79408,0,,6.6,25.9,22.48,20.65,,1.8
"2025-08-02 21:57:32",2095,1840,79394,-36.60091,-71.926563,3.35,22.5,22.46,20.65,,1.8
"2025-08-02 21:57:33",2097,1842,79378,0,,2.6,25.8,22.45,20.6,,1.7
"2025-08-02 21:57:34",2098,1843,79363,0,,5.9,26,22.45,20.6,,1.8
"2025-08-02 21:57:35",2100,1845,79348,-36.600815,-71.926503,2.75,30.1,22.46,20.55,,1.8
"2025-08-02 21:57:36",2102,1847,79332,0,,4.75,4,22.46,20.6,,1.8
"2025-08-02 21:57:37",2103,1848,79317,0,,5.3,43.2,22.46,20.55,,1.7
"2025-08-02 21:57:38",2105,1850,79302,-36.600708,-71.92645,3.4,1.9,22.5,20.5,,1.7
"2025-08-02 21:57:39",2107,1852,79288,0,,5.4,17.9,22.48,20.5,,1.7
"2025-08-02 21:57:40",2108,1853,79274,0,,3.65,36.2,22.53,20.45,,1.6
"2025-08-02 21:57:41",2110,1855,79260,-36.600597,-71.926405,5.15,1.9,22.5,20.45,,1.6
"2025-08-02 21:57:42",2111,1856,79248,0,,5.55,46.3,22.46,20.4,,1.6
"2025-08-02 21:57:43",2112,1857,79237,0,,4.8,8,22.45,20.4,,1.6
"2025-08-02 21:57:44",2113,1858,79226,-36.600473,-71.926348,4.85,12.7,22.41,20.4,36.5,1.5
"2025-08-02 21:57:46",2118,1863,79182,0,,5.9,14.8,22.31,20.4,,1.7
"2025-08-02 21:57:47",2121,1866,79160,-36.600362,-71.926297,2.75,31.3,22.27,20.45,,1.7
"2025-08-02 21:57:50",2126,1871,79110,-36.600263,-71.92625,3.1,35.7,22.19,20.45,,1.8
"2025-08-02 21:57:52",2129,1874,79084,0,,2.85,30.5,22.12,20.5,,1.7
"2025-08-02 21:57:53",2130,1875,79072,-36.600158,-71.92619,5.2,25.8,22.11,20.5,,1.7
"2025-08-02 21:57:55",2134,1879,79041,0,,3.5,46.7,22.12,20.55,,1.8
"2025-08-02 21:57:56",2135,1880,79026,-36.600042,-71.926132,5.4,1.2,22.12,20.55,,1.8
"2025-08-02 21:57:58",2139,1884,78995,0,,3.3,20.1,22.17,20.55,,1.7
"2025-08-02 21:57:59",2141,1886,78980,-36.599923,-71.926078,5.6,12.3,22.15,20.6,,1.7
"2025-08-02 21:58:01",2144,1889,78946,0,,4.15,351.7,22.18,20.55,,1.7
"2025-08-02 21:58:02",2146,1891,78930,-36.599798,-71.926022,5.6,36.9,22.14,20.6,,1.7
"2025-08-02 21:58:04",2150,1895,78894,0,,5.15,8.2,22.12,20.6,,1.7
"2025-08-02 21:58:05",2152,1897,78876,-36.599688,-71.925958,3.75,53.5,22.09,20.6,,1.8
"2025-08-02 21:58:06",2154,1899,78860,0,,5.05,8.1,22.04,20.55,,1.8
"2025-08-02 21:58:07",2156,1901,78844,0,,3.5,28.3,22,20.6,,1.8
"2025-08-02 21:58:08",2157,1902,78828,-36.59959,-71.925903,4.2,30.1,21.97,20.6,,1.8
"2025-08-02 21:58:09",2159,1904,78816,0,,5.3,17.2,21.91,20.65,,1.8
"2025-08-02 21:58:10",2160,1905,78804,0,,2.9,36.9,21.89,20.65,,1.8
"2025-08-02 21:58:11",2161,1906,78792,-36.599482,-71.925848,6.3,16.5,21.86,20.65,36.5,1.7
"2025-08-02 21:58:12",2163,1908,78779,0,,3.75,9.4,21.83,20.65,,1.7
"2025-08-02 21:58:13",2164,1909,78767,0,,4.15,24.8,21.81,20.65,,1.7
"2025-08-02 21:58:14",2165,1910,78756,-36.599363,-71.925803,5.25,12.4,21.79,20.65,,1.6
"2025-08-02 21:58:15",2168,1913,78734,0,,2.9,27.3,21.79,20.65,,1.7
"2025-08-02 21:58:16",2170,1915,78714,0,,5.45,3.7,21.79,20.65,,1.6
"2025-08-02 21:58:17",2172,1917,78694,-36.59925,-71.925765,4.55,33,21.79,20.65,,1.7
"2025-08-02 21:58:19",2177,1922,78653,0,,5.45,11.6,21.82,20.65,,1.8
"2025-08-02 21:58:20",2179,1924,78632,-36.599147,-71.925708,3.9,42.5,21.86,20.65,,1.8
"2025-08-02 21:58:21",2181,1926,78617,0,,3.8,7.6,21.86,20.65,,1.8
"2025-08-02 21:58:22",2182,1927,78602,0,,5.55,33.2,21.81,20.65,,1.8
"2025-08-02 21:58:23",2184,1929,78588,-36.599043,-71.92565,3.1,18.9,21.89,20.65,,1.8
"2025-08-02 21:58:24",2185,1930,78573,0,,4.9,359,21.86,20.65,,1.9
"2025-08-02 21:58:25",2187,1932,78559,0,,4.2,37,21.83,20.65,,1.9
"2025-08-02 21:58:26",2188,1933,78546,-36.59894,-71.925623,3.15,348,21.81,20.7,,1.9
"2025-08-02 21:58:27",2190,1935,78531,0,,5.55,27.2,21.79,20.75,,1.9
"2025-08-02 21:58:28",2192,1937,78516,0,,2.4,14.3,21.79,20.8,,1.9
"2025-08-02 21:58:29",2193,1938,78502,-36.59884,-71.925592,4.4,9.3,21.74,20.85,,1.8
"2025-08-02 21:58:30",2195,1940,78488,0,,5,32.9,21.72,20.85,,1.8
"2025-08-02 21:58:31",2196,1941,78475,0,,2.85,342.5,21.73,20.85,,1.7
"2025-08-02 21:58:32",2198,1943,78462,-36.598733,-71.925558,5.95,26.1,21.7,20.95,,1.6
"2025-08-02 21:58:33",2200,1945,78442,0,,2.6,21.5,21.71,21,,1.6
"2025-08-02 21:58:34",2202,1947,78423,0,,4.3,1.5,21.68,21.05,,1.7
"2025-08-02 21:58:35",2204,1949,78404,-36.598627,-71.92552,5.35,33.8,21.6,21,,1.7
"2025-08-02 21:58:36",2206,1951,78386,0,,2.2,0.3,21.61,21.05,,1.7
"2025-08-02 21:58:37",2208,1953,78369,0,,5.75,16.9,21.58,21.1,,1.7
"2025-08-02 21:58:38",2210,1955,78352,-36.598525,-71.92548,2.35,28.3,21.59,21.15,35.75,1.8
"2025-08-02 21:58:39",2211,1956,78338,0,,2.35,28.3,21.56,21.25,,1.8
"2025-08-02 21:58:40",2213,1958,78324,0,,4.65,29,21.49,21.25,,1.8
"2025-08-02 21:58:41",2215,1960,78310,-36.598435,-71.925448,2.2,356.3,21.5,21.3,,1.8
"2025-08-02 21:58:42",2216,1961,78292,0,,5.1,12.2,21.46,21.35,,1.8
"2025-08-02 21:58:43",2218,1963,78275,0,,2.35,11.5,21.46,21.4,,1.8
"2025-08-02 21:58:44",2220,1965,78258,-36.598337,-71.92543,4.3,6.7,21.44,21.45,,1.9
"2025-08-02 21:58:45",2222,1967,78245,0,,4.65,30.2,21.42,21.5,,1.8
"2025-08-02 21:58:46",2223,1968,78233,0,,2.85,340,21.41,21.6,,1.8
"2025-08-02 21:58:47",2224,1969,78222,-36.598238,-71.9254,4.75,32,21.36,21.6,,1.7
"2025-08-02 21:58:50",2231,1976,78158,-36.598147,-71.925358,3.9,49.4,21.35,21.75,,1.8
"2025-08-02 21:58:51",2233,1978,78141,0,,5.35,354.2,21.36,21.75,,1.8
"2025-08-02 21:58:52",2235,1980,78126,0,,3.05,10,21.31,21.75,,1.8
"2025-08-02 21:58:53",2237,1982,78112,-36.598042,-71.925332,3.7,27.4,21.29,21.75,,1.8
"2025-08-02 21:58:54",2238,1983,78094,0,,5.1,357.8,21.25,21.75,,1.8
"2025-08-02 21:58:55",2240,1985,78077,0,,2.25,30,21.2,21.75,,1.8
"2025-08-02 21:58:56",2242,1987,78060,-36.59794,-71.925302,5.4,17.5,21.25,21.75,,1.8
"2025-08-02 21:58:57",2244,1989,78048,0,,3.6,353.2,21.23,21.7,,1.8
"2025-08-02 21:58:58",2245,1990,78037,0,,4.6,40,21.22,21.7,,1.8
"2025-08-02 21:58:59",2246,1991,78026,-36.597833,-71.92527,4.3,342.9,21.21,21.7,,1.8
"2025-08-02 21:59:00",2247,1992,78016,0,,3.85,0.8,21.2,21.65,,1.7
"2025-08-02 21:59:01",2248,1993,78007,0,,4.55,15.3,21.2,21.65,,1.7
"2025-08-02 21:59:02",2249,1994,77998,-36.597732,-71.92527,2.2,336.1,21.15,21.65,,1.5
"2025-08-02 21:59:03",2252,1997,77973,0,,4.7,27.1,21.12,21.6,,1.6
"2025-08-02 21:59:04",2255,2000,77948,0,,2.95,6.3,21.08,21.6,,1.6
"2025-08-02 21:59:05",2257,2002,77924,-36.597647,-71.925248,3.1,1.2,21.06,21.65,35.5,1.7
"2025-08-02 21:59:06",2258,2003,77915,0,,4.8,11.3,20.98,21.65,,1.7
"2025-08-02 21:59:07",2259,2004,77906,0,,1.9,23.7,20.99,21.65,,1.6
"2025-08-02 21:59:08",2260,2005,77898,-36.597557,-71.925235,4.55,345.5,20.96,21.65,,1.5
"2025-08-02 21:59:09",2262,2007,77880,0,,4.4,26.9,20.97,21.65,,1.5
"2025-08-02 21:59:10",2264,2009,77862,0,,3.3,334.1,20.94,21.65,,1.6
"2025-08-02 21:59:11",2266,2011,77844,-36.597458,-71.925227,4.4,15.4,20.91,21.65,,1.7
"2025-08-02 21:59:12",2269,2014,77824,0,,3.9,45.3,20.86,21.65,,1.7
"2025-08-02 21:59:13",2271,2016,77806,0,,5.1,348.3,20.86,21.65,,1.8
"2025-08-02 21:59:14",2273,2018,77788,-36.597358,-71.925192,3,42.3,20.86,21.65,,1.9
"2025-08-02 21:59:15",2274,2019,77775,0,,4.75,15.6,20.86,21.65,,1.8
"2025-08-02 21:59:16",2275,2020,77762,0,,3.9,2.9,20.86,21.65,,1.7
"2025-08-02 21:59:17",2277,2022,77750,-36.597265,-71.925158,2.05,34.6,20.86,21.65,,1.6
"2025-08-02 21:59:19",2281,2026,77712,0,,1.85,13.2,20.86,21.6,,1.8
"2025-08-02 21:59:20",2283,2028,77694,-36.597187,-71.925135,3.55,15.6,20.86,21.6,,1.9
"2025-08-02 21:59:21",2285,2030,77675,0,,4.25,355.1,20.84,21.6,,1.9
"2025-08-02 21:59:22",2287,2032,77657,0,,2.1,22,20.84,21.65,,1.9
"2025-08-02 21:59:23",2289,2034,77640,-36.597093,-71.925127,4.95,355.4,20.84,21.65,,1.9
"2025-08-02 21:59:24",2291,2036,77624,0,,4.75,25.6,20.84,21.65,,1.9
"2025-08-02 21:59:25",2293,2038,77607,0,,3.25,347.8,20.84,21.7,,1.9
"2025-08-02 21:59:26",2295,2040,77590,-36.596987,-71.925105,4.65,16.5,20.78,21.7,,1.9
"2025-08-02 21:59:27",2296,2041,77577,0,,3.45,18.3,20.79,21.7,,1.8
"2025-08-02 21:59:28",2297,2042,77565,0,,4.3,347,20.76,21.7,,1.8
"2025-08-02 21:59:29",2299,2044,77554,-36.596888,-71.925082,3.65,34.4,20.72,21.75,,1.8
"2025-08-02 21:59:30",2301,2046,77535,0,,2.75,342.2,20.69,21.75,,1.8
"2025-08-02 21:59:31",2303,2048,77517,0,,4.65,22.9,20.67,21.75,,1.8
"2025-08-02 21:59:32",2305,2050,77500,-36.596802,-71.925048,2.4,32.5,20.69,21.8,35.5,1.8
"2025-08-02 21:59:33",2306,2051,77485,0,,3.9,9.6,20.67,21.85,,1.8
"2025-08-02 21:59:34",2308,2053,77469,0,,3.5,42.1,20.67,21.85,,1.8
"2025-08-02 21:59:35",2310,2055,77454,-36.596718,-71.925008,3.8,347.5,20.65,21.9,,1.8
"2025-08-02 21:59:36",2312,2057,77437,0,,4.35,355.3,20.62,21.85,,1.7
"2025-08-02 21:59:37",2314,2059,77420,0,,1.85,30.5,20.61,21.9,,1.7
"2025-08-02 21:59:38",2315,2060,77404,-36.596628,-71.925,5.3,3.7,20.6,21.9,,1.7
"2025-08-02 21:59:39",2317,2062,77388,0,,2.8,339.6,20.58,21.95,,1.7
"2025-08-02 21:59:40",2319,2064,77372,0,,3.4,21,20.58,22,,1.8
"2025-08-02 21:59:41",2321,2066,77356,-36.596528,-71.92499,5,1.8,20.58,22,,1.8
"2025-08-02 21:59:42",2323,2068,77340,0,,3.6,349,20.58,22,,1.8
"2025-08-02 21:59:43",2324,2069,77326,0,,3.4,23.9,20.58,22.05,,1.8
"2025-08-02 21:59:44",2326,2071,77312,-36.596432,-71.924973,4.2,5.2,20.56,22.05,,1.8
"2025-08-02 21:59:45",2327,2072,77299,0,,3.15,2.4,20.55,22.1,,1.7
"2025-08-02 21:59:46",2329,2074,77286,0,,4.05,14.8,20.54,22.15,,1.7
"2025-08-02 21:59:47",2330,2075,77274,-36.596333,-71.924962,3.4,346.8,20.52,22.15,,1.7
"2025-08-02 21:59:50",2335,2080,77234,-36.596245,-71.924943,2.75,358,20.46,22.15,,1.6
"2025-08-02 21:59:51",2337,2082,77210,0,,3.65,21,20.41,22.2,,1.7
"2025-08-02 21:59:52",2340,2085,77188,0,,2.95,353.4,20.4,22.2,,1.7
"2025-08-02 21:59:53",2342,2087,77166,-36.596158,-71.924928,3.85,7.9,20.39,22.25,,1.8
"2025-08-02 21:59:54",2344,2089,77150,0,,4,14.8,20.37,22.25,,1.8
"2025-08-02 21:59:55",2346,2091,77135,0,,3,353.3,20.34,22.25,,1.8
"2025-08-02 21:59:56",2347,2092,77120,-36.596062,-71.924913,4.7,8.2,20.31,22.3,,1.8
"2025-08-02 21:59:57",2349,2094,77104,0,,3.85,17.7,20.29,22.25,,1.8
"2025-08-02 21:59:58",2351,2096,77089,0,,5.15,356.1,20.28,22.3,,1.8
"2025-08-02 21:59:59",2352,2097,77074,-36.59595,-71.924892,3.35,17.3,20.27,22.3,35.25,1.9
"2025-08-02 22:00:00",2354,2099,77061,0,,2.15,50.6,20.26,22.35,,1.8
"2025-08-02 22:00:01",2355,2100,77048,0,,5.5,2.3,20.26,22.35,,1.8
"2025-08-02 22:00:02",2357,2102,77036,-36.595868,-71.924853,2.65,41.9,20.24,22.35,,1.8
"2025-08-02 22:00:03",2358,2103,77022,0,,3.75,357.6,20.23,22.4,,1.8
"2025-08-02 22:00:04",2360,2105,77009,0,,3.75,20.8,20.21,22.4,,1.7
"2025-08-02 22:00:05",2361,2106,76996,-36.595785,-71.924822,2.5,18.7,20.21,22.4,,1.6
"2025-08-02 22:00:06",2364,2109,76974,0,,4.55,353.6,20.19,22.45,,1.6
"2025-08-02 22:00:07",2366,2111,76953,0,,2.2,35,20.18,22.45,,1.7
"2025-08-02 22:00:08",2368,2113,76932,-36.595703,-71.924798,4.25,13,20.17,22.45,,1.8
"2025-08-02 22:00:09",2370,2115,76916,0,,4.3,11.1,20.18,22.45,,1.8
"2025-08-02 22:00:10",2372,2117,76900,0,,2.2,33.5,20.16,22.45,,1.8
"2025-08-02 22:00:11",2374,2119,76884,-36.59561,-71.924765,5.1,13.7,20.16,22.45,,1.8
"2025-08-02 22:00:12",2376,2121,76868,0,,3.1,4.7,20.14,22.5,,1.8
"2025-08-02 22:00:13",2377,2122,76853,0,,4.4,38.3,20.13,22.5,,1.8
"2025-08-02 22:00:14",2379,2124,76838,-36.595512,-71.924725,4.5,352,20.11,22.5,,1.8
"2025-08-02 22:00:16",2382,2127,76809,0,,5.2,22.9,20.08,22.55,,1.8
"2025-08-02 22:00:17",2384,2129,76796,-36.595417,-71.92471,2.2,335.8,20.06,22.55,,1.8
"2025-08-02 22:00:22",2392,2137,76719,0,,2.3,32.8,19.97,22.65,,1.7
"2025-08-02 22:00:23",2394,2139,76704,-36.595247,-71.924668,3.75,357.9,19.95,22.65,,1.7
"2025-08-02 22:00:25",2397,2142,76674,0,,2.05,29.5,19.98,22.7,,1.7
"2025-08-02 22:00:26",2399,2144,76660,-36.59515,-71.924645,4.7,353.8,19.98,22.75,34.75,1.7
"2025-08-02 22:00:28",2403,2148,76625,0,,3.45,349.8,19.92,22.8,,1.7
"2025-08-02 22:00:29",2405,2150,76608,-36.595047,-71.924627,4.6,8,19.88,22.85,,1.8
"2025-08-02 22:00:31",2407,2152,76589,0,,5.95,350,19.9,22.9,,1.7
"2025-08-02 22:00:32",2408,2153,76580,-36.594952,-71.924608,2.75,36.8,19.87,22.95,,1.6
"2025-08-02 22:00:34",2413,2158,76537,0,,4.35,4,19.82,23,,1.7
"2025-08-02 22:00:35",2415,2160,76516,-36.594867,-71.924572,2.55,39.3,19.81,23.05,,1.8
"2025-08-02 22:00:36",2417,2162,76503,0,,4.7,20.9,19.81,23,,1.7
"2025-08-02 22:00:37",2418,2163,76491,0,,2.15,7.8,19.76,23,,1.7
"2025-08-02 22:00:38",2419,2164,76480,-36.594783,-71.92453,3.9,24,19.75,23,,1.7
"2025-08-02 22:00:39",2421,2166,76461,0,,5.45,1.6,19.73,23,,1.7
"2025-08-02 22:00:40",2424,2169,76441,0,,2.05,18.8,19.72,23,,1.7
"2025-08-02 22:00:41",2426,2171,76422,-36.594677,-71.924508,5.4,7.7,19.68,23.05,,1.7
"2025-08-02 22:00:42",2428,2173,76407,0,,3.9,5,19.67,23.1,,1.7
"2025-08-02 22:00:43",2429,2174,76392,0,,3.55,32.1,19.67,23.15,,1.8
"2025-08-02 22:00:44",2431,2176,76378,-36.594565,-71.924475,4.95,1.3,19.65,23.15,,1.9
"2025-08-02 22:00:45",2433,2178,76362,0,,2.6,12,19.65,23.15,,1.9
"2025-08-02 22:00:46",2434,2179,76347,0,,5.4,17.4,19.65,23.2,,1.8
"2025-08-02 22:00:47",2436,2181,76332,-36.594462,-71.924448,3.1,351.4,19.64,23.2,,1.7
"2025-08-02 22:00:48",2437,2182,76322,0,,2.45,6.7,19.64,23.25,,1.7
"2025-08-02 22:00:49",2438,2183,76313,0,,5.2,0.7,19.63,23.25,,1.7
"2025-08-02 22:00:50",2439,2184,76304,-36.594372,-71.924442,1.7,8.3,19.61,23.3,,1.6
"2025-08-02 22:00:51",2441,2186,76287,0,,3.85,17.7,19.6,23.3,,1.6
"2025-08-02 22:00:52",2443,2188,76272,0,,2.9,5,19.6,23.3,,1.6
"2025-08-02 22:00:53",2444,2189,76258,-36.594292,-71.924412,3.2,22.6,19.59,23.35,34.5,1.5
"2025-08-02 22:00:54",2446,2191,76245,0,,5.5,1.6,19.57,23.4,,1.5
"2025-08-02 22:00:55",2447,2192,76231,0,,2.9,41.8,19.54,23.35,,1.5
"2025-08-02 22:00:56",2449,2194,76218,-36.594195,-71.92437,4.7,7,19.54,23.45,,1.5
"2025-08-02 22:00:57",2451,2196,76203,0,,4.7,7,19.5,23.45,,1.5
"2025-08-02 22:00:58",2452,2197,76188,0,,3.15,33.2,19.51,23.45,,1.5
"2025-08-02 22:00:59",2454,2199,76174,-36.594092,-71.924337,4.45,2.2,19.52,23.5,,1.5
"2025-08-02 22:01:00",2456,2201,76156,0,,3.25,17.8,19.52,23.5,,1.6
"2025-08-02 22:01:01",2458,2203,76139,0,,5.15,13.4,19.48,23.55,,1.6
"2025-08-02 22:01:02",2460,2205,76122,-36.59398,-71.924305,3.5,9.3,19.46,23.55,,1.7
"2025-08-02 22:01:06",2467,2212,76059,0,,4.25,11.1,19.4,23.55,,1.7
"2025-08-02 22:01:07",2469,2214,76043,0,,4.25,1.6,19.37,23.6,,1.8
"2025-08-02 22:01:08",2470,2215,76028,-36.59379,-71.924237,2.75,36.7,19.36,23.6,,1.8
"2025-08-02 22:01:09",2472,2217,76016,0,,5.85,11.6,19.35,23.6,,1.8
"2025-08-02 22:01:10",2473,2218,76003,0,,2.25,10.9,19.33,23.6,,1.8
"2025-08-02 22:01:11",2475,2220,75990,-36.593698,-71.924197,3.75,26.9,19.31,23.65,,1.7
"2025-08-02 22:01:12",2476,2221,75978,0,,5.35,12.2,19.3,23.65,,1.7
"2025-08-02 22:01:13",2477,2222,75967,0,,2.4,31.8,19.28,23.65,,1.7
"2025-08-02 22:01:14",2479,2224,75956,-36.593592,-71.924155,5.55,11.4,19.24,23.7,,1.6
"2025-08-02 22:01:15",2481,2226,75937,0,,4.6,18.4,19.21,23.65,,1.6
"2025-08-02 22:01:16",2483,2228,75918,0,,3.95,21.4,19.22,23.65,,1.7
"2025-08-02 22:01:17",2485,2230,75900,-36.59347,-71.924112,5.45,7.3,19.19,23.7,,1.7
"2025-08-02 22:01:20",2492,2237,75842,-36.593362,-71.924075,3.15,9.1,19.18,23.75,33.75,1.8
"2025-08-02 22:01:24",2498,2243,75781,0,,4.4,32.8,19.14,23.8,,1.8
"2025-08-02 22:01:25",2500,2245,75766,0,,3.45,4.8,19.12,23.85,,1.8
"2025-08-02 22:01:26",2502,2247,75752,-36.593187,-71.923995,3.85,35.5,19.09,23.9,,1.9
"2025-08-02 22:01:28",2505,2250,75723,0,,2.45,41.4,19.06,23.95,,1.8
"2025-08-02 22:01:29",2507,2252,75710,-36.593088,-71.923938,4.5,11,19.03,24,,1.8
"2025-08-02 22:01:31",2510,2255,75679,0,,3.15,45.5,18.99,24,,1.8
"2025-08-02 22:01:32",2512,2257,75664,-36.592982,-71.923903,4.8,353.8,18.96,24.05,,1.7
"2025-08-02 22:01:33",2514,2259,75647,0,,5.05,27.6,18.96,24.05,,1.7
"2025-08-02 22:01:34",2515,2260,75631,0,,3.6,17.9,18.94,24.1,,1.7
"2025-08-02 22:01:35",2517,2262,75616,-36.592867,-71.923867,5.2,1.2,18.93,24.15,,1.7
"2025-08-02 22:01:36",2519,2264,75600,0,,4.1,39,18.91,24.15,,1.7
"2025-08-02 22:01:37",2521,2266,75585,0,,4.55,356.9,18.89,24.2,,1.7
"2025-08-02 22:01:38",2523,2268,75570,-36.592753,-71.923832,4.4,17.4,18.88,24.25,,1.7
"2025-08-02 22:01:39",2524,2269,75554,0,,2.9,35.2,18.86,24.35,,1.7
"2025-08-02 22:01:40",2526,2271,75538,0,,5.9,9.2,18.86,24.35,,1.7
"2025-08-02 22:01:41",2528,2273,75522,-36.592653,-71.923783,2.45,32.3,18.86,24.45,,1.8
"2025-08-02 22:01:42",2530,2275,75507,0,,4,29.3,18.86,24.45,,1.8
"2025-08-02 22:01:43",2531,2276,75492,0,,4.5,10.8,18.86,24.5,,1.8
"2025-08-02 22:01:44",2533,2278,75478,-36.592562,-71.923732,2.7,32.6,18.86,24.5,,1.8
"2025-08-02 22:01:45",2535,2280,75461,0,,5.45,15.3,18.85,24.55,,1.8
"2025-08-02 22:01:46",2537,2282,75446,0,,2.95,22.5,18.81,24.55,,1.8
"2025-08-02 22:01:47",2538,2283,75432,-36.592467,-71.923677,3.8,37,18.8,24.6,33.5,1.7
"2025-08-02 22:01:48",2539,2284,75422,0,,5.8,13.1,18.79,24.6,,1.7
"2025-08-02 22:01:49",2541,2286,75412,0,,2.85,48.3,18.78,24.6,,1.7
"2025-08-02 22:01:50",2542,2287,75402,-36.592363,-71.923615,4.8,16.6,18.75,24.65,,1.6
"2025-08-02 22:01:51",2544,2289,75383,0,,5.05,10.2,18.73,24.6,,1.6
"2025-08-02 22:01:52",2546,2291,75365,0,,3.5,40.7,18.74,24.65,,1.6
"2025-08-02 22:01:53",2548,2293,75348,-36.592253,-71.923563,4.95,1,18.74,24.65,,1.7
"2025-08-02 22:01:54",2550,2295,75329,0,,4.8,22.7,18.7,24.65,,1.7
"2025-08-02 22:01:55",2552,2297,75310,0,,3.55,16.8,18.75,24.7,,1.7
"2025-08-02 22:01:56",2554,2299,75292,-36.592143,-71.923517,4.55,17.8,18.73,24.7,,1.8
"2025-08-02 22:01:57",2556,2301,75277,0,,,,18.69,24.7,,1.8
"2025-08-02 22:01:58",2557,2302,75263,0,,,,18.65,24.7,,1.7
"2025-08-02 22:01:59",2559,2304,75250,0,,,,18.63,24.75,,1.7
"2025-08-02 22:02:00",2561,2306,75236,0,,4,48.9,18.64,24.7,,1.7
"2025-08-02 22:02:01",2562,2307,75222,0,,4.2,6.7,18.61,24.7,,1.8
"2025-08-02 22:02:02",2564,2309,75208,-36.591947,-71.923385,3.35,51.9,18.59,24.75,,1.8
"2025-08-02 22:02:03",2565,2310,75197,0,,6.45,19.7,18.59,24.75,,1.8
"2025-08-02 22:02:04",2566,2311,75186,0,,2.05,16.3,18.59,24.8,,1.7
"2025-08-02 22:02:05",2567,2312,75176,-36.591848,-71.92332,4.6,36.2,18.57,24.8,,1.7
"2025-08-02 22:02:06",2569,2314,75158,0,,5.45,7.8,18.54,24.8,,1.6
"2025-08-02 22:02:07",2571,2316,75143,0,,3.3,50.3,18.56,24.85,,1.6
"2025-08-02 22:02:08",2573,2318,75128,-36.591735,-71.923258,5.1,6.3,18.53,24.85,,1.5
"2025-08-02 22:02:12",2580,2325,75064,0,,5.3,34.5,18.42,24.85,,1.6
"2025-08-02 22:02:13",2582,2327,75048,0,,2.35,11.4,18.39,24.85,,1.7
"2025-08-02 22:02:14",2584,2329,75032,-36.59152,-71.923137,5.9,20.4,18.36,24.85,33,1.7
"2025-08-02 22:02:15",2585,2330,75021,0,,4.75,38.2,18.34,24.85,,1.7
"2025-08-02 22:02:16",2586,2331,75011,0,,3.95,5.5,18.33,24.85,,1.7
"2025-08-02 22:02:17",2587,2332,75002,-36.591402,-71.923065,6.4,40.5,18.31,24.85,,1.6
"2025-08-02 22:02:20",2595,2340,74940,-36.59129,-71.922987,4.35,35.7,18.27,24.85,,1.8
"2025-08-02 22:02:21",2596,2341,74926,0,,2.95,8.1,18.25,24.9,,1.8
"2025-08-02 22:02:22",2597,2342,74914,0,,5.2,46.7,18.24,24.9,,1.8
"2025-08-02 22:02:23",2599,2344,74902,-36.591192,-71.922913,5.2,16.6,18.26,24.9,,1.7
"2025-08-02 22:02:24",2601,2346,74884,0,,3.65,5.6,18.26,24.9,,1.8
"2025-08-02 22:02:25",2603,2348,74867,0,,5.25,35.2,18.25,24.9,,1.7
"2025-08-02 22:02:26",2605,2350,74850,-36.591075,-71.922863,5.05,6,18.24,24.9,,1.8
"2025-08-02 22:02:27",2606,2351,74837,0,,4.25,40.1,18.25,24.9,,1.7
"2025-08-02 22:02:28",2608,2353,74825,0,,6.05,23.8,18.24,24.95,,1.7
"2025-08-02 22:02:29",2609,2354,74814,-36.590962,-71.922798,2.95,6.8,18.24,24.95,,1.8
"2025-08-02 22:02:30",2611,2356,74800,0,,3.3,34.1,18.21,25,,1.8
"2025-08-02 22:02:31",2612,2357,74787,0,,5.55,10.1,18.2,25.05,,1.8
"2025-08-02 22:02:32",2614,2359,74774,-36.590867,-71.922743,3.15,57.9,18.19,25.1,,1.6
"2025-08-02 22:02:33",2616,2361,74756,0,,6,27.3,18.19,25.15,,1.6
"2025-08-02 22:02:34",2617,2362,74740,0,,4.05,28.3,18.17,25.15,,1.7
"2025-08-02 22:02:35",2619,2364,74724,-36.59077,-71.922653,4.35,44.9,18.17,25.2,,1.7
"2025-08-02 22:02:36",2621,2366,74713,0,,3.95,11.2,18.13,25.25,,1.7
"2025-08-02 22:02:37",2622,2367,74701,0,,5.55,45.4,18.1,25.25,,1.6
"2025-08-02 22:02:38",2623,2368,74690,-36.590677,-71.92257,3.35,27.3,18.03,25.3,,1.6
"2025-08-02 22:02:39",2625,2370,74676,0,,4.7,22.5,18.03,25.25,,1.5
"2025-08-02 22:02:40",2626,2371,74663,0,,4.85,41.8,18.11,25.3,,1.5
"2025-08-02 22:02:41",2628,2373,74650,-36.59058,-71.9225,3.5,356.9,18.09,25.3,32.75,1.6
"2025-08-02 22:02:42",2629,2374,74638,0,,5.4,46.6,18.03,25.3,,1.5
"2025-08-02 22:02:43",2630,2375,74627,0,,3.7,32.5,18.17,25.3,,1.5
"2025-08-02 22:02:44",2632,2377,74616,-36.59048,-71.922432,4.65,14.5,18.15,25.3,,1.5
"2025-08-02 22:02:46",2636,2381,74581,0,,3.3,4.1,18.15,25.35,,1.6
"2025-08-02 22:02:47",2638,2383,74564,-36.590363,-71.922358,6.45,32.4,18.1,25.3,,1.6
"2025-08-02 22:02:50",2642,2387,74526,-36.590243,-71.92227,6.3,41.7,18.03,25.3,,1.6
"2025-08-02 22:02:52",2646,2391,74488,0,,6.45,23.2,18.03,25.3,,1.7
"2025-08-02 22:02:53",2649,2394,74470,-36.59012,-71.922192,3.25,40.7,18.03,25.3,,1.7
"2025-08-02 22:02:55",2651,2396,74444,0,,6.55,36.1,18,25.25,,1.7
"2025-08-02 22:02:56",2653,2398,74432,-36.59002,-71.92212,2.4,32.4,17.96,25.25,,1.7
"2025-08-02 22:02:58",2658,2403,74390,0,,4.75,41.1,17.95,25.25,,1.8
"2025-08-02 22:02:59",2660,2405,74370,-36.589913,-71.92204,3.7,22,17.92,25.25,,1.9
"2025-08-02 22:03:01",2663,2408,74344,0,,2.75,27.4,17.9,25.25,,1.8
"2025-08-02 22:03:02",2664,2409,74332,-36.589807,-71.921977,5.7,20.5,17.89,25.25,,1.9
"2025-08-02 22:03:03",2666,2411,74317,0,,6.8,34.4,17.85,25.25,,1.9
"2025-08-02 22:03:04",2668,2413,74302,0,,3.2,9.8,17.85,25.2,,1.8
"2025-08-02 22:03:05",2670,2415,74288,-36.589678,-71.921902,6.85,29.2,17.83,25.2,,1.8
"2025-08-02 22:03:06",2671,2416,74272,0,,4,47.3,17.84,25.25,,1.8
"2025-08-02 22:03:07",2673,2418,74257,0,,5.5,16.8,17.82,25.25,,1.8
"2025-08-02 22:03:08",2675,2420,74242,-36.589558,-71.921817,5.75,41.7,17.8,25.2,32.5,1.8
"2025-08-02 22:03:09",2676,2421,74230,0,,3.2,27,17.8,25.25,,1.8
"2025-08-02 22:03:10",2678,2423,74219,0,,7.15,25.1,17.75,25.25,,1.8
"2025-08-02 22:03:11",2679,2424,74208,-36.589443,-71.921733,3.5,43.5,17.76,25.25,,1.6
"2025-08-02 22:03:12",2681,2426,74190,0,,3.65,9.9,17.75,25.3,,1.6
"2025-08-02 22:03:13",2683,2428,74172,0,,6,35.7,17.72,25.3,,1.6
"2025-08-02 22:03:14",2685,2430,74154,-36.589342,-71.921668,2.95,18.3,17.69,25.3,,1.7
"2025-08-02 22:03:15",2687,2432,74138,0,,6.25,26.8,17.66,25.25,,1.7
"2025-08-02 22:03:16",2689,2434,74122,0,,4.05,23.1,17.7,25.35,,1.7
"2025-08-02 22:03:17",2691,2436,74106,-36.589228,-71.921607,4.5,23.1,17.67,25.35,,1.8
"2025-08-02 22:03:19",2694,2439,74075,0,,3.65,9,17.62,25.35,,1.8
"2025-08-02 22:03:20",2696,2441,74060,-36.58911,-71.921535,6.05,36.1,17.59,25.35,,1.7
"2025-08-02 22:03:21",2698,2443,74045,0,,5.6,32.8,17.62,25.35,,1.8
"2025-08-02 22:03:22",2699,2444,74031,0,,4.75,19.9,17.6,25.4,,1.8
"2025-08-02 22:03:23",2701,2446,74018,-36.588982,-71.921442,6.15,38.9,17.59,25.4,,1.8
"2025-08-02 22:03:24",2702,2447,74005,0,,4,23,17.6,25.4,,1.8
"2025-08-02 22:03:25",2704,2449,73993,0,,6.9,31.5,17.57,25.45,,1.7
"2025-08-02 22:03:26",2705,2450,73982,-36.588855,-71.921352,4.25,31.4,17.6,25.5,,1.7
"2025-08-02 22:03:27",2707,2452,73961,0,,4.15,13.8,17.55,25.5,,1.7
"2025-08-02 22:03:28",2710,2455,73939,0,,5.05,30.9,17.54,25.55,,1.8
"2025-08-02 22:03:29",2712,2457,73918,-36.588745,-71.921295,3.8,6.5,17.55,25.6,,1.8
"2025-08-02 22:03:30",2714,2459,73903,0,,5.05,29.4,17.51,25.6,,1.8
"2025-08-02 22:03:31",2716,2461,73888,0,,4.8,27.1,17.5,25.6,,1.8
"2025-08-02 22:03:32",2717,2462,73874,-36.588632,-71.92123,4.45,13.5,17.46,25.65,,1.8
"2025-08-02 22:03:33",2719,2464,73858,0,,5.05,35.7,17.45,25.7,,1.8
"2025-08-02 22:03:34",2721,2466,73844,0,,3.5,12.1,17.48,25.75,,1.8
"2025-08-02 22:03:35",2723,2468,73830,-36.588517,-71.921165,6.25,28,17.46,25.75,32,1.8
"2025-08-02 22:03:36",2724,2469,73814,0,,5.55,43.1,17.45,25.75,,1.8
"2025-08-02 22:03:37",2726,2471,73798,0,,4.95,12.6,17.43,25.8,,1.9
"2025-08-02 22:03:38",2728,2473,73782,-36.588387,-71.921068,6.65,35.4,17.4,25.8,,1.9
"2025-08-02 22:03:39",2729,2474,73772,0,,3.8,49.4,17.38,25.75,,1.8
"2025-08-02 22:03:40",2730,2475,73763,0,,7.2,15.4,17.35,25.75,,1.7
"2025-08-02 22:03:41",2731,2476,73754,-36.58826,-71.92097,4.7,49.2,17.33,25.75,,1.6
"2025-08-02 22:03:42",2734,2479,73733,0,,5.2,11.3,17.3,25.75,,1.6
"2025-08-02 22:03:43",2736,2481,73712,0,,6.9,28.4,17.25,25.6,,1.7
"2025-08-02 22:03:44",2739,2484,73692,-36.588133,-71.920888,2.7,28.9,17.27,25.7,,1.8
"2025-08-02 22:03:45",2740,2485,73677,0,,6.65,18.1,17.24,25.7,,1.8
"2025-08-02 22:03:46",2742,2487,73662,0,,4.2,29.4,17.26,25.7,,1.8
"2025-08-02 22:03:47",2744,2489,73648,-36.588015,-71.920823,4.35,21.8,17.24,25.7,,1.8
"2025-08-02 22:03:50",2748,2493,73608,-36.587893,-71.920742,5.4,43.6,17.15,25.65,,1.7
"2025-08-02 22:03:51",2750,2495,73597,0,,5.85,41.6,17.21,25.75,,1.6
"2025-08-02 22:03:52",2751,2496,73586,0,,4.45,9,17.18,25.75,,1.7
"2025-08-02 22:03:53",2752,2497,73576,-36.587778,-71.920645,5.9,47.2,17.17,25.8,,1.7
"2025-08-02 22:03:54",2754,2499,73555,0,,5.35,12.1,17.21,25.85,,1.7
"2025-08-02 22:03:55",2757,2502,73535,0,,5.15,37.5,17.16,25.9,,1.7
"2025-08-02 22:03:56",2759,2504,73516,-36.587653,-71.920558,5.6,33.1,17.21,26,,1.7
"2025-08-02 22:03:57",2761,2506,73495,0,,5.25,13.7,17.17,26.1,,1.8
"2025-08-02 22:03:58",2764,2509,73474,0,,5.55,47.3,17.08,26.1,,1.8
"2025-08-02 22:03:59",2766,2511,73454,-36.587528,-71.920473,5.8,12.6,17.15,26.2,,1.9
"2025-08-02 22:04:00",2768,2513,73439,0,,4.7,9,17.1,26.25,,1.9
"2025-08-02 22:04:01",2770,2515,73424,0,,5.55,38.9,17.14,26.35,,1.9
"2025-08-02 22:04:02",2771,2516,73410,-36.5874,-71.920415,5.15,9.3,17.12,26.4,31.5,1.9
"2025-08-02 22:04:03",2773,2518,73395,0,,5.6,40.1,17.08,26.4,,1.9
"2025-08-02 22:04:04",2775,2520,73379,0,,4.95,15.2,17.08,26.45,,2
"2025-08-02 22:04:05",2777,2522,73364,-36.587275,-71.920343,5.2,24.1,17.08,26.5,,2
"2025-08-02 22:04:06",2779,2524,73347,0,,5.45,41.1,17.08,26.55,,2
"2025-08-02 22:04:07",2780,2525,73331,0,,5.35,5.7,17.08,26.6,,2
"2025-08-02 22:04:08",2782,2527,73316,-36.58715,-71.920267,5.25,42,17.01,26.6,,2
"2025-08-02 22:04:09",2784,2529,73302,0,,5.8,24.8,17,26.6,,1.9
"2025-08-02 22:04:10",2785,2530,73289,0,,4.75,21.6,16.98,26.6,,1.9
"2025-08-02 22:04:11",2787,2532,73276,-36.58703,-71.920178,4.9,44.9,16.96,26.55,,1.8
"2025-08-02 22:04:12",2790,2535,73254,0,,5.85,29.1,16.91,26.5,,1.8
"2025-08-02 22:04:13",2792,2537,73234,0,,4.9,25,16.86,26.5,,1.8
"2025-08-02 22:04:14",2794,2539,73214,-36.586917,-71.920092,4.5,45.5,16.84,26.45,,1.9
"2025-08-02 22:04:15",2796,2541,73199,0,,5.15,27.6,16.83,26.5,,1.9
"2025-08-02 22:04:16",2798,2543,73183,0,,4.25,40.9,16.82,26.45,,1.9
"2025-08-02 22:04:17",2800,2545,73168,-36.586808,-71.92,5.45,26.2,16.8,26.45,,1.9
"2025-08-02 22:04:19",2803,2548,73138,0,,4.45,42.8,16.76,26.35,,1.9
"2025-08-02 22:04:20",2805,2550,73124,-36.586683,-71.919917,6,20.6,16.74,26.35,,1.9
"2025-08-02 22:04:24",2811,2556,73069,0,,5.05,40.4,16.74,26.3,,1.9
"2025-08-02 22:04:25",2813,2558,73055,0,,5.55,16.2,16.73,26.3,,1.8
"2025-08-02 22:04:26",2814,2559,73042,-36.58642,-71.919747,5.9,31.3,16.73,26.2,,1.7
"2025-08-02 22:04:27",2817,2562,73021,0,,5.25,33.6,16.73,26.25,,1.7
"2025-08-02 22:04:28",2819,2564,73000,0,,5.75,31.7,16.7,26.2,,1.8
"2025-08-02 22:04:29",2822,2567,72980,-36.586295,-71.919645,4.7,42.6,16.69,26.2,31.5,1.8
"2025-08-02 22:04:30",2824,2569,72961,0,,6.65,16.2,16.66,26.15,,1.9
"2025-08-02 22:04:31",2826,2571,72943,0,,4.45,44.3,16.62,26.15,,1.9
"2025-08-02 22:04:32",2828,2573,72926,-36.586167,-71.919557,6,28.6,16.59,26.15,,1.9
"2025-08-02 22:04:33",2830,2575,72910,0,,6.85,23.6,16.59,26.15,,1.9
"2025-08-02 22:04:34",2831,2576,72895,0,,4.35,49.6,16.59,26.15,,1.9
"2025-08-02 22:04:35",2833,2578,72880,-36.586028,-71.919463,7.15,16.3,16.57,26.15,,1.9
"2025-08-02 22:04:36",2835,2580,72864,0,,6,34.5,16.54,26.1,,1.9
"2025-08-02 22:04:37",2837,2582,72848,0,,5.15,34.7,16.54,26.15,,2
"2025-08-02 22:04:38",2839,2584,72832,-36.585885,-71.919368,7.1,22.1,16.53,26.15,,2
"2025-08-02 22:04:42",2845,2590,72781,0,,5.1,40.4,16.56,26.45,,1.8
"2025-08-02 22:04:43",2846,2591,72768,0,,6.7,20.2,16.54,26.5,,1.7
"2025-08-02 22:04:44",2848,2593,72756,-36.585615,-71.919155,5.95,53.9,16.53,26.55,,1.7
"2025-08-02 22:04:45",2850,2595,72734,0,,5.7,13.1,16.53,26.55,,1.7
"2025-08-02 22:04:46",2853,2598,72713,0,,6.35,29.6,16.49,26.6,,1.8
"2025-08-02 22:04:47",2855,2600,72692,-36.585487,-71.919057,5.05,54.4,16.44,26.65,,1.8
"2025-08-02 22:04:50",2862,2607,72632,-36.585363,-71.918952,7.1,36.1,16.34,26.8,,2
"2025-08-02 22:04:51",2864,2609,72616,0,,7.55,27.4,16.33,26.85,,1.9
"2025-08-02 22:04:52",2866,2611,72601,0,,4.4,42.8,16.33,26.85,,1.9
"2025-08-02 22:04:53",2868,2613,72586,-36.585218,-71.918838,8.05,28.1,16.27,26.95,,1.9
"2025-08-02 22:04:54",2870,2615,72569,0,,5.05,23,16.24,26.95,,1.9
"2025-08-02 22:04:55",2872,2617,72552,0,,7,39.4,16.22,27,,2.1
"2025-08-02 22:04:56",2874,2619,72536,-36.58507,-71.918732,6.55,22.6,16.21,27.05,31,2.1
"2025-08-02 22:04:57",2875,2620,72524,0,,4.35,41.3,16.2,27.05,,2.1
"2025-08-02 22:04:58",2876,2621,72513,0,,8.15,27.6,16.18,27.05,,2
"2025-08-02 22:04:59",2878,2623,72502,-36.584928,-71.91863,4.95,31.9,16.15,27.05,,1.9
"2025-08-02 22:05:00",2879,2624,72486,0,,4.2,35.2,16.14,27.05,,1.9
"2025-08-02 22:05:01",2881,2626,72472,0,,7.65,23.8,16.15,27.1,,1.8
"2025-08-02 22:05:02",2883,2628,72458,-36.5848,-71.918532,5.25,49.6,16.13,27.1,,1.7
"2025-08-02 22:05:03",2886,2631,72433,0,,7.15,19,16.13,27.15,,1.8
"2025-08-02 22:05:04",2889,2634,72407,0,,6.8,39.1,16.13,27.15,,1.9
"2025-08-02 22:05:05",2892,2637,72382,-36.584655,-71.918423,5.1,34.4,16.18,27.15,,2
"2025-08-02 22:05:06",2894,2639,72366,0,,6.95,20.5,16.15,27.15,,2
"2025-08-02 22:05:07",2895,2640,72351,0,,6.3,48.9,16.19,27.15,,2
"2025-08-02 22:05:08",2897,2642,72336,-36.584513,-71.918322,5.85,11.7,16.19,27.15,,2
"2025-08-02 22:05:09",2899,2644,72320,0,,7.75,27.9,16.13,27.15,,2
"2025-08-02 22:05:10",2901,2646,72305,0,,5.65,43.4,16.14,27.15,,2
"2025-08-02 22:05:11",2903,2648,72290,-36.584362,-71.918222,7.35,16.2,16.13,27.1,,2.1
"2025-08-02 22:05:17",2911,2656,72219,0,,8.2,23.9,15.97,27.05,,1.8
"2025-08-02 22:05:18",2913,2658,72206,-36.584065,-71.918025,4.2,32.6,15.93,27.05,,1.7
"2025-08-02 22:05:20",2920,2665,72142,-36.583937,-71.91793,5.1,42.6,15.85,27.05,,1.9
"2025-08-02 22:05:22",2924,2669,72109,0,,4.4,13.3,15.8,27.05,,1.9
"2025-08-02 22:05:23",2926,2671,72094,-36.583795,-71.917828,7.2,38.3,15.79,27.05,30.75,1.9
"2025-08-02 22:05:25",2929,2674,72065,0,,4.65,29.5,15.76,27,,1.9
"2025-08-02 22:05:26",2931,2676,72050,-36.58364,-71.917722,8.15,32.6,15.79,26.95,,1.9
"2025-08-02 22:05:28",2935,2680,72015,0,,6.45,44.8,15.76,26.9,,1.9
"2025-08-02 22:05:29",2937,2682,71998,-36.583478,-71.917622,7.1,23.2,15.81,26.85,,2
"2025-08-02 22:05:31",2942,2687,71960,0,,8.25,36.1,15.76,26.8,,2.1
"2025-08-02 22:05:32",2944,2689,71942,-36.583332,-71.917535,4.9,18.1,15.75,26.75,,2
"2025-08-02 22:05:36",2953,2698,71865,0,,7.1,28.8,15.67,26.7,,2.1
"2025-08-02 22:05:37",2955,2700,71846,0,,6.3,41.5,15.67,26.7,,2.1
"2025-08-02 22:05:38",2957,2702,71828,-36.583053,-71.917332,5.2,15.9,15.67,26.75,,2.2
"2025-08-02 22:05:39",2959,2704,71815,0,,8,22.7,15.65,26.8,,2.1
"2025-08-02 22:05:40",2960,2705,71801,0,,4.7,38.1,15.66,26.95,,2.1
"2025-08-02 22:05:41",2962,2707,71788,-36.582897,-71.917248,7.9,9.8,15.63,27.05,,2.1
"2025-08-02 22:05:42",2964,2709,71772,0,,6.2,46.7,15.61,27.15,,2.1
"2025-08-02 22:05:43",2966,2711,71757,0,,5.35,21.5,15.59,27.4,,2
"2025-08-02 22:05:44",2967,2712,71742,-36.582745,-71.917147,7.65,27.6,15.57,27.65,,2
"2025-08-02 22:05:45",2969,2714,71726,0,,4.35,39.8,15.52,27.95,,2
"2025-08-02 22:05:46",2971,2716,71711,0,,7.6,28,15.48,28.15,,2
"2025-08-02 22:05:47",2973,2718,71696,-36.582597,-71.917042,5.9,25.6,15.48,28.35,,2
"2025-08-02 22:05:49",2977,2722,71660,0,,7.45,34.3,15.41,28.7,,1.9
"2025-08-02 22:05:50",2979,2724,71642,-36.58245,-71.916955,5.4,10.3,15.37,28.8,30.25,1.9
"2025-08-02 22:05:51",2982,2727,71621,0,,5.7,31.3,15.34,28.95,,1.9
"2025-08-02 22:05:52",2984,2729,71601,0,,6.45,21.2,15.35,29,,2
"2025-08-02 22:05:53",2986,2731,71582,-36.58231,-71.91688,4.65,17.6,15.33,29.1,,2
"2025-08-02 22:05:57",2994,2739,71516,0,,7.2,37.5,15.41,29.3,,2.1
"2025-08-02 22:05:58",2996,2741,71500,0,,4.25,15.2,15.43,29.3,,2.1
"2025-08-02 22:05:59",2998,2743,71484,-36.582037,-71.916675,7.6,39.4,15.36,29.25,,2.1
"2025-08-02 22:06:00",3000,2745,71468,0,,5.7,32.6,15.35,29.25,,2.1
"2025-08-02 22:06:01",3002,2747,71452,0,,4.55,38.2,15.32,29.25,,2.1
"2025-08-02 22:06:02",3004,2749,71436,-36.581907,-71.91656,7.2,31.9,15.24,29.25,,2
"2025-08-02 22:06:03",3006,2751,71417,0,,5.95,21.1,15.2,29.2,,2.1
"2025-08-02 22:06:04",3008,2753,71398,0,,5.65,48,15.2,29.15,,2
"2025-08-02 22:06:05",3010,2755,71380,-36.581765,-71.91646,7.4,16.6,15.19,29.15,,2
"2025-08-02 22:06:06",3012,2757,71366,0,,5.85,27.8,15.19,29.1,,2
"2025-08-02 22:06:07",3014,2759,71353,0,,6.35,30.6,15.19,29.1,,1.9
"2025-08-02 22:06:08",3015,2760,71340,-36.581615,-71.91637,6.25,17.8,15.19,29.05,,1.9
"2025-08-02 22:06:12",3024,2769,71270,0,,7.2,45,15.19,29,,2
"2025-08-02 22:06:13",3026,2771,71253,0,,4.75,19.4,15.19,29,,2
"2025-08-02 22:06:14",3028,2773,71236,-36.581335,-71.916157,8.1,36.2,15.19,28.9,,2
"2025-08-02 22:06:15",3030,2775,71219,0,,6.4,33.8,15.19,28.95,,2
"2025-08-02 22:06:16",3031,2776,71203,0,,6,27.2,15.19,28.95,,1.9
"2025-08-02 22:06:17",3033,2778,71188,-36.581195,-71.91603,6.75,51.3,15.18,28.9,30,1.9
"2025-08-02 22:06:20",3040,2785,71132,-36.581065,-71.915908,6.4,35.6,15.09,28.9,,2
"2025-08-02 22:06:21",3042,2787,71117,0,,6.4,20.2,15.06,28.95,,2
"2025-08-02 22:06:22",3044,2789,71102,0,,5.6,50.3,14.98,28.95,,2
"2025-08-02 22:06:23",3045,2790,71088,-36.580928,-71.915802,7.7,23.7,14.94,28.95,,2
"2025-08-02 22:06:24",3047,2792,71070,0,,5.2,26.1,14.93,28.95,,2
"2025-08-02 22:06:25",3049,2794,71053,0,,6.75,40.3,14.88,28.95,,2
"2025-08-02 22:06:26",3051,2796,71036,-36.580783,-71.915705,6.35,13.9,14.81,28.95,,2
"2025-08-02 22:06:27",3053,2798,71020,0,,6,47.9,14.84,29.05,,2
"2025-08-02 22:06:28",3055,2800,71006,0,,5.9,23.7,14.87,29.1,,2
"2025-08-02 22:06:29",3057,2802,70992,-36.580653,-71.91561,5.65,23.8,14.84,29.1,,1.9
"2025-08-02 22:06:30",3059,2804,70974,0,,6.9,45,14.78,29.1,,2
"2025-08-02 22:06:31",3061,2806,70957,0,,4.2,15.1,14.77,29.25,,2
"2025-08-02 22:06:32",3063,2808,70940,-36.580525,-71.915505,7.6,36,14.75,29.35,,1.9
"2025-08-02 22:06:33",3064,2809,70930,0,,5.35,52.9,14.72,29.5,,1.8
"2025-08-02 22:06:34",3065,2810,70921,0,,5.75,19.5,14.7,29.65,,1.8
"2025-08-02 22:06:35",3066,2811,70912,-36.580397,-71.915387,7.2,41.7,14.69,29.75,,1.8
"2025-08-02 22:06:36",3069,2814,70887,0,,5.2,26.2,14.69,29.85,,1.8
"2025-08-02 22:06:37",3072,2817,70862,0,,6.75,36.9,14.63,29.95,,1.9
"2025-08-02 22:06:38",3075,2820,70838,-36.58027,-71.91527,5.5,39.6,14.67,30.05,,2
"2025-08-02 22:06:42",3083,2828,70769,0,,5.65,23.9,14.65,30.35,,2
"2025-08-02 22:06:43",3085,2830,70752,0,,5.85,49.4,14.66,30.35,,2
"2025-08-02 22:06:44",3087,2832,70736,-36.58003,-71.915085,5.9,13.6,14.63,30.4,30,2
"2025-08-02 22:06:48",3094,2839,70678,0,,5.35,60.1,14.65,30.55,,2.1
"2025-08-02 22:06:49",3096,2841,70664,0,,5.5,10.9,14.65,30.55,,2
"2025-08-02 22:06:50",3098,2843,70650,-36.579812,-71.914892,4.9,54.8,14.6,30.6,,1.9
"2025-08-02 22:06:51",3100,2845,70629,0,,5.25,38.9,14.56,30.6,,1.9
"2025-08-02 22:06:52",3103,2848,70608,0,,4.8,27,14.55,30.6,,2
"2025-08-02 22:06:53",3105,2850,70588,-36.579707,-71.914783,6.1,53.2,14.55,30.65,,2
"2025-08-02 22:06:54",3107,2852,70573,0,,4.95,30.5,14.52,30.75,,2
"2025-08-02 22:06:55",3109,2854,70558,0,,4.7,32.6,14.5,30.8,,2
"2025-08-02 22:06:56",3111,2856,70544,-36.579598,-71.91468,5.55,47.5,14.47,30.8,,1.9
"2025-08-02 22:06:57",3113,2858,70523,0,,4.5,31,14.47,30.9,,2
"2025-08-02 22:06:58",3115,2860,70502,0,,6.05,43.6,14.46,30.9,,2
"2025-08-02 22:06:59",3118,2863,70482,-36.57949,-71.914573,4.55,40.5,14.44,30.95,,2
"2025-08-02 22:07:00",3119,2864,70469,0,,4.9,30.5,14.42,30.95,,2
"2025-08-02 22:07:01",3121,2866,70457,0,,5.9,46.7,14.36,31,,2
"2025-08-02 22:07:02",3122,2867,70446,-36.579385,-71.91447,4.25,30.1,14.36,31.05,,2
"2025-08-02 22:07:03",3124,2869,70431,0,,5.2,41.9,14.32,31.1,,2
"2025-08-02 22:07:04",3126,2871,70416,0,,5.3,37.4,14.3,31.1,,2
"2025-08-02 22:07:05",3128,2873,70402,-36.57928,-71.91438,4.35,21.9,14.29,31.1,,1.9
"2025-08-02 22:07:06",3130,2875,70384,0,,4.4,50.1,14.3,31.1,,1.9
"2025-08-02 22:07:07",3132,2877,70367,0,,5.05,26.8,14.27,31.1,,1.9
"2025-08-02 22:07:08",3134,2879,70350,-36.579178,-71.914298,4.05,35.7,14.25,31.1,,1.9
"2025-08-02 22:07:09",3135,2880,70337,0,,5.45,43.2,14.29,31.1,,1.9
"2025-08-02 22:07:10",3137,2882,70325,0,,3.6,37.9,14.3,31.05,,1.8
"2025-08-02 22:07:11",3138,2883,70314,-36.579085,-71.914197,5.6,52.7,14.28,31,30,1.7
"2025-08-02 22:07:12",3141,2886,70290,0,,5.45,27.9,14.27,31,,1.8
"2025-08-02 22:07:13",3144,2889,70268,0,,5.15,58.7,14.25,30.95,,1.9
"2025-08-02 22:07:14",3146,2891,70246,-36.578985,-71.91408,4.7,36.8,14.28,30.95,,2
"2025-08-02 22:07:15",3149,2894,70227,0,,4.45,20.6,14.25,30.95,,2
"2025-08-02 22:07:16",3151,2896,70209,0,,6.45,53,14.25,30.9,,2.1
"2025-08-02 22:07:17",3153,2898,70192,-36.578883,-71.913982,2.7,24.9,14.21,30.9,,2.1
"2025-08-02 22:07:20",3157,2902,70158,-36.578792,-71.9139,3.2,28.8,14.24,30.85,,1.9
"2025-08-02 22:07:21",3159,2904,70140,0,,5.5,43.6,14.2,30.85,,1.9
"2025-08-02 22:07:22",3161,2906,70123,0,,3.05,30.5,14.2,30.75,,2
"2025-08-02 22:07:23",3163,2908,70106,-36.578703,-71.913812,5,45.4,14.17,30.6,,2
"2025-08-02 22:07:27",3172,2917,70036,0,,3.65,49.9,14.16,30.05,,2
"2025-08-02 22:07:28",3174,2919,70019,0,,3.4,50.3,14.12,30.05,,1.9
"2025-08-02 22:07:29",3176,2921,70002,-36.578533,-71.913602,5.7,52.2,14.12,30.1,,1.9
"2025-08-02 22:07:30",3178,2923,69982,0,,2.35,0.6,14.13,30.2,,1.9
"2025-08-02 22:07:31",3181,2926,69963,0,,5.35,58.1,14.12,30.25,,2
"2025-08-02 22:07:32",3183,2928,69944,-36.578447,-71.91351,4.5,29.2,14.06,30.3,,2.2
"2025-08-02 22:07:33",3185,2930,69926,0,,3.25,21.6,14.06,30.35,,2.2
"2025-08-02 22:07:34",3187,2932,69908,0,,5.6,51.8,14.03,30.4,,2.2
"2025-08-02 22:07:35",3189,2934,69890,-36.578355,-71.913423,2.4,38.3,14,30.45,,2.2
"2025-08-02 22:07:36",3191,2936,69873,0,,4.75,32.1,13.98,30.5,,2.2
"2025-08-02 22:07:37",3193,2938,69856,0,,3.8,55.5,13.95,30.5,,2.2
"2025-08-02 22:07:38",3195,2940,69840,-36.578268,-71.91334,3.15,26.4,13.9,30.55,29.5,2.1
"2025-08-02 22:07:39",3197,2942,69827,0,,6.05,36.4,13.89,30.6,,2.1
"2025-08-02 22:07:40",3198,2943,69815,0,,2.85,59.6,13.88,30.6,,2
"2025-08-02 22:07:41",3200,2945,69804,-36.578173,-71.913248,5.65,23.1,13.86,30.65,,2
"2025-08-02 22:07:42",3202,2947,69785,0,,4.35,52.7,13.86,30.65,,2
"2025-08-02 22:07:43",3204,2949,69765,0,,2.85,26.2,13.84,30.65,,2
"2025-08-02 22:07:44",3207,2952,69746,-36.578083,-71.913155,6.05,50.2,13.85,30.65,,2
"2025-08-02 22:07:46",3210,2955,69720,0,,3.9,32.6,13.8,30.6,,1.9
"2025-08-02 22:07:47",3211,2956,69708,-36.577997,-71.913077,5.15,50.7,13.76,30.6,,1.8
"2025-08-02 22:07:52",3222,2967,69624,0,,4.4,58.9,13.72,30.65,,1.9
"2025-08-02 22:07:53",3224,2969,69608,-36.577832,-71.912912,5.05,14,13.7,30.7,,1.9
"2025-08-02 22:07:55",3228,2973,69573,0,,4.85,37,13.66,30.7,,2
"2025-08-02 22:07:56",3230,2975,69556,-36.577753,-71.91283,3.65,25.6,13.65,30.75,,2
"2025-08-02 22:07:58",3234,2979,69521,0,,4.5,11.5,13.58,30.8,,2
"2025-08-02 22:07:59",3236,2981,69504,-36.577675,-71.912753,4,58,13.57,30.8,,2
"2025-08-02 22:08:01",3239,2984,69478,0,,3.6,23.6,13.54,30.85,,2
"2025-08-02 22:08:02",3241,2986,69466,-36.577605,-71.91265,5.1,55.4,13.51,30.85,,2
"2025-08-02 22:08:04",3245,2990,69431,0,,5.4,33.7,13.44,30.85,,2
"2025-08-02 22:08:05",3247,2992,69414,-36.577532,-71.91256,3.35,66.8,13.42,30.9,29,2
"2025-08-02 22:08:06",3250,2995,69393,0,,2.05,49.9,13.41,30.9,,2
"2025-08-02 22:08:07",3252,2997,69373,0,,5.7,39.9,13.39,30.9,,2
"2025-08-02 22:08:08",3254,2999,69354,-36.577465,-71.912478,1.7,53.3,13.36,30.95,,2
"2025-08-02 22:08:09",3256,3001,69343,0,,5.25,32.7,13.33,31,,2
"2025-08-02 22:08:10",3257,3002,69332,0,,4.05,40.8,13.31,31,,1.9
"2025-08-02 22:08:11",3258,3003,69322,-36.57738,-71.91241,2.15,9.8,13.3,31,,1.9
"2025-08-02 22:08:12",3261,3006,69302,0,,5.35,42.4,13.3,31.05,,1.9
"2025-08-02 22:08:13",3263,3008,69283,0,,2,41.2,13.37,31.1,,2
"2025-08-02 22:08:14",3265,3010,69264,-36.577308,-71.912345,3.85,33.7,13.34,31.1,,2
"2025-08-02 22:08:15",3267,3012,69247,0,,4.95,41.5,13.3,31.1,,2
"2025-08-02 22:08:16",3270,3015,69229,0,,1.8,13.7,13.26,31.05,,2
"2025-08-02 22:08:17",3272,3017,69212,-36.577232,-71.912278,5.3,46.5,13.19,31.1,,2
"2025-08-02 22:08:19",3274,3019,69193,0,,2.65,28,13.24,31.15,,1.9
"2025-08-02 22:08:20",3275,3020,69184,-36.577147,-71.912193,5.5,50,13.22,31.15,,1.8
"2025-08-02 22:08:21",3278,3023,69161,0,,2.3,39.4,13.21,31.15,,1.8
"2025-08-02 22:08:22",3281,3026,69139,0,,4.85,31.4,13.15,31.15,,2
"2025-08-02 22:08:23",3283,3028,69118,-36.577063,-71.912112,3.85,49.5,13.15,31.15,,2.1
"2025-08-02 22:08:24",3285,3030,69105,0,,2.8,45.6,13.17,31.2,,2
"2025-08-02 22:08:25",3286,3031,69092,0,,5.7,35.6,13.16,31.2,,2
"2025-08-02 22:08:26",3288,3033,69080,-36.576988,-71.912033,1.5,45.7,13.12,31.2,,1.9
"2025-08-02 22:08:30",3297,3042,69009,0,,4.35,34,13.06,31.2,,1.9
"2025-08-02 22:08:31",3299,3044,68991,0,,2.5,24.2,13.01,31.2,,1.9
"2025-08-02 22:08:32",3301,3046,68974,-36.576838,-71.911923,3.1,35.9,12.98,31.2,28.5,2.1
"2025-08-02 22:08:33",3303,3048,68958,0,,5,43.7,13.02,31.2,,2.1
"2025-08-02 22:08:34",3305,3050,68943,0,,2.2,16.3,13.03,31.2,,2.1
"2025-08-02 22:08:35",3306,3051,68928,-36.576758,-71.911847,4.9,47.9,12.98,31.2,,2
"2025-08-02 22:08:36",3308,3053,68917,0,,4.25,41.7,12.96,31.15,,1.9
"2025-08-02 22:08:37",3309,3054,68907,0,,2.85,22.3,12.93,31.15,,1.9
"2025-08-02 22:08:38",3310,3055,68898,-36.576675,-71.911763,5.25,49.2,12.98,31.1,,1.8
"2025-08-02 22:08:39",3313,3058,68878,0,,2.3,32.3,13.02,31.1,,1.9
"2025-08-02 22:08:40",3315,3060,68860,0,,4.05,42.1,12.97,31.1,,1.9
"2025-08-02 22:08:41",3317,3062,68842,-36.5766,-71.911692,3.7,43.6,12.96,31.05,,1.9
"2025-08-02 22:08:42",3319,3064,68826,0,,1.95,27.8,12.95,31.05,,1.9
"2025-08-02 22:08:43",3321,3066,68810,0,,5.05,40.6,12.92,31,,1.9
"2025-08-02 22:08:44",3323,3068,68794,-36.576532,-71.911627,1.75,46.8,12.89,30.95,,1.8
"2025-08-02 22:08:45",3325,3070,68774,0,,3,8.1,12.86,30.8,,1.9
"2025-08-02 22:08:46",3328,3073,68755,0,,4.1,51.1,12.84,30.75,,1.9
"2025-08-02 22:08:47",3330,3075,68736,-36.576467,-71.91158,1.55,12.3,12.84,30.65,,2
"2025-08-02 22:08:50",3335,3080,68696,-36.576397,-71.911538,3.85,20.7,12.78,30.55,,2
"2025-08-02 22:08:51",3337,3082,68681,0,,5.25,39.2,12.77,30.55,,2
"2025-08-02 22:08:52",3338,3083,68666,0,,1.35,10.8,12.77,30.5,,2
"2025-08-02 22:08:53",3340,3085,68652,-36.576318,-71.911477,4.55,45.7,12.72,30.4,,2
"2025-08-02 22:08:54",3342,3087,68641,0,,4.25,40.3,12.77,30.25,,1.9
"2025-08-02 22:08:55",3343,3088,68630,0,,2.2,16.7,12.73,30.05,,1.8
"2025-08-02 22:08:56",3344,3089,68620,-36.576247,-71.911403,4.25,63,12.71,29.85,,1.8
"2025-08-02 22:08:57",3346,3091,68603,0,,3.3,3.6,12.71,29.6,,1.8
"2025-08-02 22:08:58",3348,3093,68585,0,,2.5,54.7,12.67,29.4,,1.8
"2025-08-02 22:08:59",3351,3096,68568,-36.57618,-71.91135,4.05,29.8,12.68,29.15,28,1.8
"2025-08-02 22:09:00",3353,3098,68547,0,,2.95,3.6,12.64,29,,1.8
"2025-08-02 22:09:01",3356,3101,68526,0,,4.4,62.9,12.62,28.8,,1.8
"2025-08-02 22:09:02",3358,3103,68506,-36.576103,-71.91129,3.65,8.8,12.65,28.65,,1.9
"2025-08-02 22:09:03",3360,3105,68491,0,,,,12.63,28.5,,1.9
"2025-08-02 22:09:04",3362,3107,68476,0,,,,12.58,28.3,,1.9
"2025-08-02 22:09:05",3364,3109,68462,0,,,,12.59,28.1,,1.9
"2025-08-02 22:09:06",3365,3110,68448,0,,4.2,47.8,12.56,27.95,,2
"2025-08-02 22:09:07",3367,3112,68436,0,,3.55,38.4,12.65,27.85,,2
"2025-08-02 22:09:08",3368,3113,68424,-36.575948,-71.911193,2.45,3.7,12.62,27.7,,2
"2025-08-02 22:09:09",3370,3115,68410,0,,2.4,3.7,12.57,27.5,,2
"2025-08-02 22:09:10",3372,3117,68396,0,,2.25,359.8,12.55,27.45,,1.9
"2025-08-02 22:09:11",3374,3119,68382,-36.575872,-71.911147,4.1,34.4,12.51,27.3,,1.9
"2025-08-02 22:09:12",3375,3120,68367,0,,4.1,37.1,12.58,27.2,,1.9
"2025-08-02 22:09:13",3377,3122,68352,0,,2.4,3.2,12.56,27.15,,1.8
"2025-08-02 22:09:14",3379,3124,68338,-36.575785,-71.911088,5.35,40,12.5,27,,1.8
"2025-08-02 22:09:15",3380,3125,68326,0,,2.55,33.9,12.5,26.85,,1.7
"2025-08-02 22:09:16",3382,3127,68315,0,,3.9,24.1,12.47,26.7,,1.7
"2025-08-02 22:09:17",3383,3128,68304,-36.575705,-71.911025,4,49.8,12.42,26.55,,1.6
"2025-08-02 22:09:19",3388,3133,68262,0,,5.3,36.8,12.37,26.3,,1.8
"2025-08-02 22:09:20",3391,3136,68242,-36.575628,-71.910963,2.75,27.1,12.43,26.15,,1.9
"2025-08-02 22:09:21",3393,3138,68225,0,,2.4,1.9,12.37,26.05,,1.9
"2025-08-02 22:09:22",3395,3140,68209,0,,5.25,43.7,12.37,25.8,,1.9
"2025-08-02 22:09:23",3397,3142,68194,-36.575553,-71.910918,1.7,342,12.37,25.8,,1.9
"2025-08-02 22:09:24",3398,3143,68180,0,,3.65,29.7,12.37,25.7,,1.9
"2025-08-02 22:09:25",3400,3145,68167,0,,3.65,29.7,12.37,25.55,,1.9
"2025-08-02 22:09:26",3402,3147,68154,-36.575483,-71.910887,2.4,356.4,12.37,25.45,27.5,1.9
"2025-08-02 22:09:27",3403,3148,68140,0,,4.05,41.2,12.34,25.35,,1.9
"2025-08-02 22:09:28",3405,3150,68127,0,,3.4,2.5,12.32,25.2,,1.9
"2025-08-02 22:09:29",3407,3152,68114,-36.575402,-71.91085,3.05,32.4,12.26,25.1,,1.9
"2025-08-02 22:09:30",3408,3153,68099,0,,4.45,49.8,12.32,24.95,,1.9
"2025-08-02 22:09:31",3410,3155,68083,0,,3.25,351.2,12.29,24.7,,1.8
"2025-08-02 22:09:32",3412,3157,68068,-36.575327,-71.910793,3.7,55.5,12.24,24.35,,1.8
"2025-08-02 22:09:36",3420,3165,68008,0,,4.55,343.9,12.3,22.7,,1.8
"2025-08-02 22:09:37",3421,3166,67993,0,,3.15,57.1,12.27,22.2,,1.8
"2025-08-02 22:09:38",3423,3168,67978,-36.575158,-71.9107,4.3,21.7,12.24,21.65,,1.8
"2025-08-02 22:09:39",3425,3170,67961,0,,,,12.24,21.15,,1.8
"2025-08-02 22:09:40",3427,3172,67944,0,,,,12.26,20.6,,1.9
"2025-08-02 22:09:41",3430,3175,67928,0,,,,12.27,20.05,,1.9
"2025-08-02 22:09:42",3431,3176,67914,0,,4.15,29.6,12.25,19.55,,1.9
"2025-08-02 22:09:43",3433,3178,67901,0,,3.75,35.1,12.22,19,,1.9
"2025-08-02 22:09:44",3434,3179,67888,-36.574982,-71.91063,2.3,346.6,12.23,18.6,,1.8
"2025-08-02 22:09:45",3436,3181,67877,0,,4.45,30.2,12.26,18.15,,1.8
"2025-08-02 22:09:46",3437,3182,67865,0,,4.45,30.2,12.37,17.75,,1.8
"2025-08-02 22:09:47",3439,3184,67854,-36.5749,-71.910607,3.45,5.9,12.36,17.35,,1.8
"2025-08-02 22:09:50",3444,3189,67812,-36.574815,-71.910575,5,11.7,12.37,16.3,,1.7
"2025-08-02 22:09:51",3446,3191,67792,0,,5,11.7,12.37,16,,1.7
"2025-08-02 22:09:52",3448,3193,67775,0,,3.05,0.2,12.36,15.7,,1.7
"2025-08-02 22:09:53",3451,3196,67758,-36.574705,-71.910523,5.8,24.8,12.34,15.45,27.5,1.8
"2025-08-02 22:09:54",3452,3197,67742,0,,3.05,21.8,12.37,15.25,,1.8
"2025-08-02 22:09:55",3455,3200,67726,0,,3.5,5.9,12.37,15.05,,1.8
"2025-08-02 22:09:56",3457,3202,67710,-36.574607,-71.910482,4.85,24.7,12.37,14.8,,1.8
"2025-08-02 22:09:57",3458,3203,67695,0,,2.8,20.3,12.36,14.65,,1.8
"2025-08-02 22:09:58",3460,3205,67681,0,,4.85,21.9,12.37,14.5,,1.9
"2025-08-02 22:09:59",3462,3207,67668,-36.574503,-71.910425,4.45,29,12.4,14.3,,1.9
"2025-08-02 22:10:04",3470,3215,67599,0,,4.35,32.2,12.53,13.5,,1.9
"2025-08-02 22:10:05",3472,3217,67586,-36.574288,-71.910313,3.5,6.8,12.5,13.3,,1.8
"2025-08-02 22:10:09",3479,3224,67531,0,,4.9,27.8,12.57,12.8,,1.7
"2025-08-02 22:10:10",3481,3226,67517,0,,3.7,358.8,12.51,12.65,,1.7
"2025-08-02 22:10:11",3482,3227,67504,-36.574078,-71.910223,5.65,40.6,12.48,12.6,,1.7
"2025-08-02 22:10:12",3484,3229,67488,0,,4.35,8,12.52,12.5,,1.7
"2025-08-02 22:10:13",3486,3231,67473,0,,5.15,23.8,12.49,12.4,,1.7
"2025-08-02 22:10:14",3488,3233,67458,-36.573958,-71.910155,4.95,35.8,12.49,12.3,,1.7
"2025-08-02 22:10:20",3500,3245,67364,-36.57373,-71.91003,3.85,354.9,12.5,11.7,27,1.8
"2025-08-02 22:10:22",3503,3248,67334,0,,4.4,25.4,12.44,11.55,,1.9
"2025-08-02 22:10:23",3505,3250,67320,-36.573602,-71.90996,5.35,15.3,12.41,11.5,,1.9
"2025-08-02 22:10:25",3508,3253,67294,0,,3.45,9.1,12.43,11.35,,1.9
"2025-08-02 22:10:26",3510,3255,67282,-36.573472,-71.909893,7.45,23.1,12.39,11.3,,1.8
"2025-08-02 22:10:28",3513,3258,67255,0,,5.7,15.3,12.42,11.2,,1.8
"2025-08-02 22:10:29",3515,3260,67242,-36.573328,-71.909812,6.85,38,12.39,11.1,,1.8
"2025-08-02 22:10:31",3519,3264,67211,0,,7.9,26.8,12.37,11.05,,1.8
"2025-08-02 22:10:32",3521,3266,67196,-36.573193,-71.909718,4.55,31.7,12.38,11,,1.7
"2025-08-02 22:10:34",3525,3270,67162,0,,6.7,36.4,12.37,10.85,,1.8
"2025-08-02 22:10:35",3527,3272,67146,-36.573072,-71.909633,3.8,24,12.37,10.8,,1.8
"2025-08-02 22:10:36",3529,3274,67129,0,,6.25,24,12.37,10.75,,1.8
"2025-08-02 22:10:37",3531,3276,67112,0,,4.85,32.2,12.37,10.7,,1.9
"2025-08-02 22:10:38",3533,3278,67096,-36.572945,-71.90956,4.65,16.6,12.37,10.6,,1.9
"2025-08-02 22:10:39",3535,3280,67083,0,,7.2,40.2,12.36,10.5,,1.9
"2025-08-02 22:10:40",3536,3281,67070,0,,4.15,18.8,12.37,10.5,,1.9
"2025-08-02 22:10:41",3538,3283,67058,-36.572815,-71.909472,5.9,31.6,12.36,10.45,,1.9
"2025-08-02 22:10:42",3539,3284,67047,0,,6.85,41.5,12.37,10.35,,1.9
"2025-08-02 22:10:43",3541,3286,67036,0,,4.55,10.8,12.37,10.3,,1.8
"2025-08-02 22:10:44",3542,3287,67026,-36.572682,-71.909368,7.15,43.4,12.33,10.2,,1.8
"2025-08-02 22:10:45",3544,3289,67010,0,,4.95,29.8,12.37,10.2,,1.8
"2025-08-02 22:10:46",3546,3291,66995,0,,5.55,31.1,12.36,10.2,,1.8
"2025-08-02 22:10:47",3548,3293,66980,-36.572552,-71.909258,6.8,42,12.37,10.15,26.5,1.8
"2025-08-02 22:10:48",3550,3295,66959,0,,4.9,16.7,12.37,10.1,,1.8
"2025-08-02 22:10:49",3553,3298,66939,0,,6.65,43.8,12.34,10.1,,1.8
"2025-08-02 22:10:50",3555,3300,66920,-36.572418,-71.90915,5.7,30.3,12.37,10.05,,1.8
"2025-08-02 22:10:51",3557,3302,66905,0,,4.75,10.8,12.36,10,,1.9
"2025-08-02 22:10:52",3559,3304,66890,0,,7.35,43.8,12.28,9.9,,1.9
"2025-08-02 22:10:53",3561,3306,66876,-36.572282,-71.90906,5.1,10.5,12.33,9.95,,1.9
"2025-08-02 22:10:54",3562,3307,66862,0,,6.25,47.2,12.26,9.9,,1.9
"2025-08-02 22:10:55",3564,3309,66849,0,,6.05,36.1,12.32,9.9,,1.9
"2025-08-02 22:10:56",3566,3311,66836,-36.572157,-71.908962,4.45,17.5,12.29,9.9,,2
"2025-08-02 22:10:57",3567,3312,66822,0,,7.65,47.3,12.23,9.9,,2
"2025-08-02 22:10:58",3569,3314,66809,0,,4.55,25.9,12.21,9.9,,1.9
"2025-08-02 22:10:59",3571,3316,66796,-36.57203,-71.908857,5.55,28.2,12.19,9.9,,1.9
"2025-08-02 22:11:00",3573,3318,66780,0,,7.15,46,12.24,9.9,,1.9
"2025-08-02 22:11:01",3575,3320,66765,0,,4,22,12.25,9.85,,1.9
"2025-08-02 22:11:02",3577,3322,66750,-36.571898,-71.908745,7.75,37.1,12.19,9.85,,1.8
"2025-08-02 22:11:03",3578,3323,66734,0,,5.75,48.4,12.21,9.85,,1.8
"2025-08-02 22:11:04",3580,3325,66719,0,,5.35,36.7,12.2,9.85,,1.8
"2025-08-02 22:11:05",3582,3327,66704,-36.571777,-71.908613,6.95,47.1,12.17,9.85,,1.8
"2025-08-02 22:11:06",3584,3329,66692,0,,4.35,44.9,12.14,9.85,,1.8
"2025-08-02 22:11:07",3585,3330,66681,0,,7.4,29.3,12.13,9.85,,1.8
"2025-08-02 22:11:08",3587,3332,66670,-36.571655,-71.908493,4.75,55.3,12.11,9.85,,1.7
"2025-08-02 22:11:09",3589,3334,66651,0,,3.25,25,12.09,9.85,,1.8
"2025-08-02 22:11:10",3591,3336,66632,0,,7.6,41.9,12.09,9.85,,1.9
"2025-08-02 22:11:11",3594,3339,66614,-36.57155,-71.908392,2.95,23.2,12.11,9.85,,1.9
"2025-08-02 22:11:12",3595,3340,66602,0,,5.8,42.9,12.08,9.9,,1.9
"2025-08-02 22:11:13",3597,3342,66590,0,,5.6,42.6,12.13,9.9,,1.9
"2025-08-02 22:11:14",3598,3343,66578,-36.571442,-71.908295,4.7,16.4,12.11,9.9,26.25,1.8
"2025-08-02 22:11:15",3600,3345,66565,0,,5.9,53.5,12.02,9.9,,1.8
"2025-08-02 22:11:16",3601,3346,66553,0,,5.45,30.1,12.07,9.9,,1.8
"2025-08-02 22:11:17",3603,3348,66542,-36.571333,-71.908195,4,34.1,12.04,9.9,,1.7
"2025-08-02 22:11:20",3607,3352,66510,-36.571233,-71.908095,2.9,65.4,11.91,9.95,,1.7
"2025-08-02 22:11:21",3609,3354,66495,0,,5.95,33.2,11.88,9.95,,1.6
"2025-08-02 22:11:22",3610,3355,66480,0,,3.95,28,11.84,10,,1.6
"2025-08-02 22:11:23",3612,3357,66466,-36.571138,-71.908008,4.55,53.6,11.82,10,,1.6
"2025-08-02 22:11:24",3615,3360,66447,0,,5.8,36.4,11.81,10.05,,1.6
"2025-08-02 22:11:25",3617,3362,66429,0,,3.85,54.4,11.8,10.05,,1.7
"2025-08-02 22:11:26",3619,3364,66412,-36.571047,-71.907895,5.65,49.8,11.8,10.1,,1.7
"2025-08-02 22:11:27",3621,3366,66396,0,,6.25,22.3,11.79,10.1,,1.8
"2025-08-02 22:11:28",3623,3368,66381,0,,4.3,64.7,11.79,10.1,,1.8
"2025-08-02 22:11:29",3625,3370,66366,-36.570933,-71.907792,6.65,24.5,11.77,10.1,,1.8
"2025-08-02 22:11:30",3626,3371,66353,0,,4.25,33.8,11.76,10.15,,1.8
"2025-08-02 22:11:31",3628,3373,66341,0,,5.55,42.9,11.78,10.15,,1.8
"2025-08-02 22:11:32",3629,3374,66330,-36.57081,-71.907695,5.8,26.7,11.75,10.15,,1.9
"2025-08-02 22:11:39",3642,3387,66233,0,,4.4,52.3,11.63,10.1,,1.7
"2025-08-02 22:11:40",3643,3388,66219,0,,5.8,18.6,11.6,10.1,,1.7
"2025-08-02 22:11:41",3645,3390,66206,-36.570497,-71.907407,4.3,59.9,11.59,10.1,26.25,1.7
"2025-08-02 22:11:42",3647,3392,66192,0,,5.2,33.5,11.58,10.1,,1.7
"2025-08-02 22:11:43",3649,3394,66178,0,,4.25,28.3,11.6,10.1,,1.7
"2025-08-02 22:11:44",3650,3395,66164,-36.5704,-71.907313,4.3,53.8,11.61,10.1,,1.7
"2025-08-02 22:11:45",3652,3397,66151,0,,7.05,34,11.6,10.1,,1.7
"2025-08-02 22:11:46",3654,3399,66138,0,,3.15,33.6,11.58,10.1,,1.7
"2025-08-02 22:11:47",3655,3400,66126,-36.570292,-71.907215,5.65,37.9,11.56,10.1,,1.7
"2025-08-02 22:11:49",3659,3404,66094,0,,3.65,60.3,11.51,10.1,,1.8
"2025-08-02 22:11:50",3661,3406,66078,-36.570172,-71.907115,6.4,21.9,11.47,10.1,,1.8
"2025-08-02 22:11:51",3662,3407,66072,0,,5.2,38.8,11.44,10.1,,1.7
"2025-08-02 22:11:52",3663,3408,66067,0,,4.75,50.5,11.41,10.1,,1.6
"2025-08-02 22:11:53",3663,3408,66062,-36.57005,-71.907022,5.95,17.2,11.41,10.1,,1.5
"2025-08-02 22:11:54",3666,3411,66041,0,,6,43.9,11.41,10.1,,1.6
"2025-08-02 22:11:55",3669,3414,66020,0,,4.8,24.8,11.41,10.1,,1.7
"2025-08-02 22:11:56",3671,3416,66000,-36.569925,-71.906935,5.5,24.4,11.41,10.1,,1.7
"2025-08-02 22:12:00",3678,3423,65945,0,,5.6,66.5,11.39,10.1,,1.8
"2025-08-02 22:12:01",3680,3425,65931,0,,6.2,12.4,11.35,10.1,,1.7
"2025-08-02 22:12:02",3682,3427,65918,-36.569683,-71.906718,6.55,49.7,11.35,10.1,,1.7
"2025-08-02 22:12:03",3683,3428,65905,0,,4.7,46.2,11.41,10.15,,1.8
"2025-08-02 22:12:04",3685,3430,65892,0,,6.65,30,11.41,10.1,,1.8
"2025-08-02 22:12:05",3687,3432,65880,-36.569565,-71.906595,5.8,54.2,11.41,10.1,,1.9
"2025-08-02 22:12:06",3689,3434,65863,0,,5.7,16.7,11.41,10.1,,1.9
"2025-08-02 22:12:07",3691,3436,65846,0,,7.75,45.2,11.41,10.05,,1.8
"2025-08-02 22:12:08",3693,3438,65830,-36.569433,-71.906485,4.3,27.7,11.41,10.05,26,1.8
"2025-08-02 22:12:09",3695,3440,65815,0,,5.05,18.7,11.41,10.05,,1.8
"2025-08-02 22:12:10",3696,3441,65801,0,,6.1,56.1,11.41,10,,1.8
"2025-08-02 22:12:11",3698,3443,65788,-36.569312,-71.906393,6.15,13.5,11.4,10,,1.8
"2025-08-02 22:12:12",3700,3445,65775,0,,5.6,42.7,11.35,9.95,,1.8
"2025-08-02 22:12:13",3701,3446,65762,0,,6,44.4,11.31,9.9,,1.8
"2025-08-02 22:12:14",3703,3448,65750,-36.569178,-71.906283,6.7,25.4,11.26,9.9,,1.8
"2025-08-02 22:12:15",3705,3450,65736,0,,5,50.4,11.24,9.9,,1.8
"2025-08-02 22:12:16",3707,3452,65722,0,,7.15,42.5,11.23,9.9,,1.8
"2025-08-02 22:12:17",3708,3453,65708,-36.569053,-71.90616,4.5,26.6,11.23,9.85,,1.8
"2025-08-02 22:12:20",3710,3455,65696,-36.568945,-71.906057,5.3,52.6,11.25,9.75,,1.5
"2025-08-02 22:12:24",3719,3464,65627,0,,6.6,40.1,11.26,9.65,,1.6
"2025-08-02 22:12:25",3721,3466,65610,0,,4.4,51.2,11.23,9.6,,1.6
"2025-08-02 22:12:26",3723,3468,65594,-36.568717,-71.905793,7.25,35,11.22,9.6,,1.7
"2025-08-02 22:12:27",3725,3470,65576,0,,5.85,53.1,11.23,9.6,,1.7
"2025-08-02 22:12:28",3727,3472,65559,0,,5.15,30.5,11.22,9.6,,1.7
"2025-08-02 22:12:29",3730,3475,65542,-36.568597,-71.905662,6.55,44.4,11.21,9.6,,1.8
"2025-08-02 22:12:30",3731,3476,65529,0,,4.95,61.3,11.23,9.55,,1.8
"2025-08-02 22:12:31",3733,3478,65516,0,,6.4,22.8,11.22,9.6,,1.7
"2025-08-02 22:12:32",3734,3479,65504,-36.568483,-71.905535,6.15,62.5,11.21,9.6,,2
"2025-08-02 22:12:33",3736,3481,65490,0,,4.1,42.9,11.2,9.65,,2
"2025-08-02 22:12:34",3738,3483,65477,0,,6.4,44.6,11.15,9.65,,2
"2025-08-02 22:12:35",3740,3485,65464,-36.568397,-71.905403,4.05,69.6,11.17,9.65,26,2
"2025-08-02 22:12:36",3740,3485,65457,0,,6.35,22.2,11.15,9.7,,1.9
"2025-08-02 22:12:37",3741,3486,65450,0,,5.3,67.3,11.15,9.7,,1.7
"2025-08-02 22:12:38",3742,3487,65444,-36.56831,-71.90528,4.6,56.6,11.11,9.75,,1.6
"2025-08-02 22:12:39",3744,3489,65428,0,,6.5,38,11.09,9.75,,1.6
"2025-08-02 22:12:40",3746,3491,65414,0,,3.95,70.3,11.07,9.75,,1.5
"2025-08-02 22:12:41",3748,3493,65400,-36.568223,-71.905153,5.95,40.6,11.05,9.75,,1.5
"2025-08-02 22:12:46",3756,3501,65338,0,,4.4,46.5,10.9,9.7,,1.5
"2025-08-02 22:12:47",3757,3502,65326,-36.568035,-71.904883,6.85,49.6,10.94,9.7,,1.5
"2025-08-02 22:12:50",3765,3510,65262,-36.567942,-71.904747,5.35,54.3,10.88,9.65,,1.9
"2025-08-02 22:12:52",3768,3513,65239,0,,7.25,44.9,10.89,9.7,,1.9
"2025-08-02 22:12:53",3770,3515,65228,-36.567855,-71.904613,3.9,49.2,10.9,9.7,,1.8
"2025-08-02 22:12:55",3774,3519,65194,0,,6.75,50.1,10.91,9.7,,1.9
"2025-08-02 22:12:56",3776,3521,65178,-36.567777,-71.904497,3,32,10.92,9.7,,1.9
"2025-08-02 22:12:58",3780,3525,65149,0,,5.45,36.1,10.85,9.75,,2
"2025-08-02 22:12:59",3782,3527,65136,-36.567692,-71.904365,4.05,66.6,10.87,9.7,,2
"2025-08-02 22:13:01",3785,3530,65108,0,,3.55,26.1,10.85,9.7,,2
"2025-08-02 22:13:02",3787,3532,65094,-36.567617,-71.904232,6.4,73.9,10.79,9.7,25.5,1.8
"2025-08-02 22:13:03",3788,3533,65086,0,,5.05,44.3,10.85,9.7,,1.7
"2025-08-02 22:13:04",3789,3534,65079,0,,3.05,58,10.8,9.7,,1.7
"2025-08-02 22:13:05",3790,3535,65072,-36.567543,-71.904098,6.95,54.8,10.78,9.7,,1.7
"2025-08-02 22:13:06",3792,3537,65051,0,,4.2,36,10.78,9.65,,1.7
"2025-08-02 22:13:07",3795,3540,65030,0,,4,58.1,10.76,9.65,,1.7
"2025-08-02 22:13:08",3798,3543,65010,-36.567458,-71.903973,6.55,51.4,10.72,9.65,,1.8
"2025-08-02 22:13:09",3799,3544,64998,0,,5.6,58.6,10.7,9.65,,1.8
"2025-08-02 22:13:10",3801,3546,64986,0,,4.75,49.4,10.66,9.65,,1.8
"2025-08-02 22:13:11",3802,3547,64974,-36.567372,-71.903828,5.75,50.5,10.66,9.65,,1.7
"2025-08-02 22:13:12",3804,3549,64958,0,,4.5,64.5,10.65,9.65,,1.8
"2025-08-02 22:13:13",3806,3551,64943,0,,5.75,43.1,10.61,9.65,,1.8
"2025-08-02 22:13:14",3808,3553,64928,-36.56729,-71.90369,5.4,60.1,10.62,9.65,,1.8
"2025-08-02 22:13:15",3810,3555,64916,0,,5.2,48.7,10.6,9.65,,1.7
"2025-08-02 22:13:16",3811,3556,64904,0,,5.45,52.4,10.59,9.65,,1.8
"2025-08-02 22:13:17",3813,3558,64892,-36.567213,-71.903552,4.15,66.8,10.58,9.65,,1.8
"2025-08-02 22:13:19",3817,3562,64862,0,,4.6,63.1,10.55,9.65,,1.9
"2025-08-02 22:13:20",3819,3564,64848,-36.567153,-71.903412,4.15,65.2,10.55,9.7,,1.8
"2025-08-02 22:13:21",3820,3565,64833,0,,5.6,58.2,10.52,9.65,,1.8
"2025-08-02 22:13:22",3822,3567,64819,0,,3.65,69.6,10.48,9.7,,1.8
"2025-08-02 22:13:23",3824,3569,64806,-36.567095,-71.903268,6.9,63,10.49,9.7,,1.8
"2025-08-02 22:13:24",3826,3571,64789,0,,4.35,62.4,10.5,9.7,,1.8
"2025-08-02 22:13:25",3828,3573,64772,0,,5.35,64.5,10.48,9.7,,1.8
"2025-08-02 22:13:26",3830,3575,64756,-36.567023,-71.90311,6.6,52,10.46,9.7,,1.9
"2025-08-02 22:13:30",3837,3582,64704,0,,4.6,55.6,10.42,9.75,,1.9
"2025-08-02 22:13:31",3839,3584,64691,0,,6.45,63.5,10.44,9.7,,1.8
"2025-08-02 22:13:32",3840,3585,64678,-36.56687,-71.90281,4.6,54,10.43,9.7,,1.8
"2025-08-02 22:13:33",3842,3587,64663,0,,5.3,53.7,10.4,9.7,,1.8
"2025-08-02 22:13:34",3844,3589,64648,0,,6.25,56.6,10.34,9.7,,1.8
"2025-08-02 22:13:35",3846,3591,64634,-36.566792,-71.902667,4.1,68.8,10.34,9.7,,1.8
"2025-08-02 22:13:36",3847,3592,64624,0,,5.65,60.8,10.31,9.75,,1.8
"2025-08-02 22:13:37",3849,3594,64615,0,,5.45,61.2,10.3,9.75,,1.7
"2025-08-02 22:13:38",3850,3595,64606,-36.566728,-71.902518,4.3,67.8,10.25,9.75,,1.6
"2025-08-02 22:13:39",3851,3596,64595,0,,5.1,50,10.21,9.75,,1.6
"2025-08-02 22:13:40",3852,3597,64584,0,,5.3,72.8,10.25,9.75,,1.6
"2025-08-02 22:13:41",3854,3599,64574,-36.566665,-71.902382,4.25,47.1,10.25,9.75,,1.6
"2025-08-02 22:13:42",3857,3602,64551,0,,5.5,57.5,10.22,9.75,,1.6
"2025-08-02 22:13:43",3860,3605,64528,0,,4.45,46.8,10.25,9.75,,1.7
"2025-08-02 22:13:44",3863,3608,64506,-36.566583,-71.902255,5.45,50.7,10.2,9.75,,1.8
"2025-08-02 22:13:45",3864,3609,64493,0,,3.2,65.9,10.2,9.7,,1.8
"2025-08-02 22:13:46",3866,3611,64480,0,,6.6,48.1,10.19,9.7,,1.8
"2025-08-02 22:13:47",3868,3613,64468,-36.566503,-71.902122,4.2,49.1,10.21,9.7,,1.8
"2025-08-02 22:13:50",3873,3618,64424,-36.566437,-71.901983,2.85,54.7,10.15,9.7,,1.9
"2025-08-02 22:13:54",3880,3625,64373,0,,6.75,63.4,10.1,9.65,,1.9
"2025-08-02 22:13:55",3881,3626,64360,0,,2.65,52.1,10.07,9.65,,1.8
"2025-08-02 22:13:56",3883,3628,64348,-36.566315,-71.901703,5.25,58.3,10.04,9.6,25.25,1.7
"2025-08-02 22:13:57",3884,3629,64339,0,,6.7,55.5,10.03,9.6,,1.7
"2025-08-02 22:13:58",3885,3630,64330,0,,3.55,87.6,10,9.6,,1.6
"2025-08-02 22:13:59",3886,3631,64322,-36.566248,-71.90155,6.25,47,9.99,9.6,,1.6
"2025-08-02 22:14:00",3889,3634,64301,0,,5.6,49.2,9.97,9.6,,1.7
"2025-08-02 22:14:01",3892,3637,64280,0,,4.1,68.9,9.97,9.55,,1.7
"2025-08-02 22:14:02",3894,3639,64260,-36.566162,-71.90141,6.15,44.2,9.95,9.55,,1.8
"2025-08-02 22:14:03",3897,3642,64243,0,,5.4,65,9.95,9.55,,1.8
"2025-08-02 22:14:04",3899,3644,64227,0,,4.3,40.7,9.95,9.55,,1.8
"2025-08-02 22:14:05",3901,3646,64212,-36.566078,-71.901265,6.8,61.4,9.92,9.55,,1.8
"2025-08-02 22:14:06",3902,3647,64203,0,,4.65,65.1,10,9.6,,1.8
"2025-08-02 22:14:07",3903,3648,64194,0,,5.55,42.1,9.97,9.6,,1.8
"2025-08-02 22:14:08",3904,3649,64186,-36.566002,-71.901112,6.25,72.8,9.95,9.6,,1.8
"2025-08-02 22:14:09",3907,3652,64166,0,,2.4,25.8,9.9,9.6,,1.8
"2025-08-02 22:14:10",3909,3654,64147,0,,5.25,44.1,9.84,9.55,,1.9
"2025-08-02 22:14:11",3912,3657,64128,-36.565935,-71.901005,3.85,70.2,9.87,9.65,,2
"2025-08-02 22:14:12",3914,3659,64111,0,,3.7,45.9,9.85,9.65,,2.1
"2025-08-02 22:14:13",3916,3661,64094,0,,6.85,71.2,9.84,9.65,,2.1
"2025-08-02 22:14:14",3918,3663,64078,-36.565882,-71.900865,2.5,39.9,9.81,9.7,,2
"2025-08-02 22:14:15",3920,3665,64065,0,,6.25,59.3,9.77,9.7,,1.9
"2025-08-02 22:14:16",3921,3666,64052,0,,4.2,68.7,9.74,9.75,,1.9
"2025-08-02 22:14:17",3923,3668,64040,-36.56582,-71.900733,3.85,43.4,9.72,9.75,,1.9
"2025-08-02 22:14:19",3926,3671,64013,0,,2.6,52.2,9.7,9.75,,1.9
"2025-08-02 22:14:20",3928,3673,64000,-36.56576,-71.900603,5.45,55,9.68,9.8,,1.9
"2025-08-02 22:14:24",3934,3679,63953,0,,3.3,50.3,9.59,9.85,,1.7
"2025-08-02 22:14:25",3936,3681,63941,0,,4.35,52.9,9.55,9.85,,1.7
"2025-08-02 22:14:26",3937,3682,63930,-36.565633,-71.900302,6.5,78.1,9.55,9.9,,1.6
"2025-08-02 22:14:27",3940,3685,63912,0,,2.45,39.2,9.55,9.85,,1.6
"2025-08-02 22:14:28",3942,3687,63895,0,,4.8,71.4,9.55,9.9,,1.7
"2025-08-02 22:14:29",3944,3689,63878,-36.565585,-71.900165,5.9,60.8,9.53,9.9,,1.8
"2025-08-02 22:14:33",3952,3697,63819,0,,4.45,50.7,9.53,9.95,,1.8
"2025-08-02 22:14:34",3954,3699,63804,0,,5.75,59.2,9.53,9.95,,1.8
"2025-08-02 22:14:35",3956,3701,63790,-36.565432,-71.899878,4.35,44.7,9.53,10,,1.8
"2025-08-02 22:14:36",3958,3703,63771,0,,4.95,86,9.53,10,,2
"2025-08-02 22:14:37",3960,3705,63753,0,,4.5,40.5,9.53,10,,2
"2025-08-02 22:14:38",3963,3708,63736,-36.565383,-71.899743,4.7,69.2,9.53,10,,2.1
"2025-08-02 22:14:39",3964,3709,63724,0,,5.6,83.2,9.53,10.05,,2
"2025-08-02 22:14:40",3966,3711,63713,0,,4,40.2,9.53,10.05,,2
"2025-08-02 22:14:41",3967,3712,63702,-36.565337,-71.899592,5.9,82.1,9.53,10.1,,1.9
"2025-08-02 22:14:42",3969,3714,63685,0,,5.25,55.3,9.53,10.1,,1.9
"2025-08-02 22:14:43",3971,3716,63668,0,,4.1,54.4,9.53,10.1,,2
"2025-08-02 22:14:44",3974,3719,63652,-36.565288,-71.89944,6,85.8,9.52,10.1,,2
"2025-08-02 22:14:50",3984,3729,63572,-36.565178,-71.899138,6.05,41.3,9.43,10.25,24.5,1.8
"2025-08-02 22:14:51",3987,3732,63553,0,,3.4,53.6,9.41,10.25,,1.9
"2025-08-02 22:14:52",3989,3734,63535,0,,5.6,71.1,9.39,10.25,,1.9
"2025-08-02 22:14:53",3991,3736,63518,-36.56511,-71.899008,4.3,39.9,9.4,10.25,,2
"2025-08-02 22:14:54",3993,3738,63502,0,,5.6,73.8,9.37,10.2,,2
"2025-08-02 22:14:55",3995,3740,63486,0,,3.95,69.8,9.34,10.25,,2
"2025-08-02 22:14:56",3997,3742,63470,-36.565063,-71.898873,3.7,55.9,9.3,10.2,,2
"2025-08-02 22:15:00",4004,3749,63421,0,,5.8,66.9,9.21,10.2,,1.9
"2025-08-02 22:15:01",4005,3750,63409,0,,2.9,74.3,9.18,10.2,,1.9
"2025-08-02 22:15:02",4007,3752,63398,-36.564953,-71.898598,6.85,55.7,9.17,10.2,,1.9
"2025-08-02 22:15:03",4009,3754,63381,0,,4.35,60.6,9.15,10.25,,1.9
"2025-08-02 22:15:04",4011,3756,63364,0,,4.85,57.5,9.15,10.25,,1.9
"2025-08-02 22:15:05",4013,3758,63348,-36.564887,-71.898445,6,62.7,9.14,10.25,,1.9
"2025-08-02 22:15:09",4022,3767,63280,0,,4.05,63.4,9.1,10.35,,1.9
"2025-08-02 22:15:10",4024,3769,63263,0,,6.4,57.7,9.09,10.35,,1.9
"2025-08-02 22:15:11",4027,3772,63246,-36.564782,-71.898147,3.05,76.6,9.07,10.4,,2
"2025-08-02 22:15:12",4029,3774,63231,0,,5.1,58.6,9.05,10.4,,2.1
"2025-08-02 22:15:13",4030,3775,63217,0,,4.95,64.4,9.04,10.4,,2.1
"2025-08-02 22:15:14",4032,3777,63204,-36.564735,-71.898008,3.7,73.9,9.01,10.45,,2.1
"2025-08-02 22:15:16",4036,3781,63176,0,,3.35,67.7,8.98,10.5,,2.1
"2025-08-02 22:15:17",4038,3783,63162,-36.564682,-71.897863,5.4,65.7,8.97,10.5,24.25,2.1
"2025-08-02 22:15:20",4042,3787,63128,-36.564623,-71.897697,6.75,65.3,8.92,10.5,,1.9
"2025-08-02 22:15:22",4047,3792,63089,0,,5.1,74.9,8.93,10.5,,1.9
"2025-08-02 22:15:23",4050,3795,63070,-36.564562,-71.897545,5.8,50,8.88,10.5,,1.9
"2025-08-02 22:15:25",4053,3798,63043,0,,6.75,61.2,8.83,10.5,,1.9
"2025-08-02 22:15:26",4055,3800,63030,-36.5645,-71.897403,4.4,61.4,8.84,10.5,,1.9
"2025-08-02 22:15:28",4060,3805,62992,0,,6.25,56,8.78,10.55,,2
"2025-08-02 22:15:29",4063,3808,62974,-36.564452,-71.897263,3.5,82.9,8.78,10.55,,2.1
"2025-08-02 22:15:31",4065,3810,62956,0,,6.35,61.6,8.7,10.6,,1.9
"2025-08-02 22:15:32",4066,3811,62948,-36.564402,-71.897112,4.05,86.5,8.67,10.65,,1.9
"2025-08-02 22:15:34",4071,3816,62910,0,,5.65,78.3,8.7,10.7,,2
"2025-08-02 22:15:35",4073,3818,62892,-36.564343,-71.89695,4.7,64.5,8.72,10.75,,1.9
"2025-08-02 22:15:37",4077,3822,62863,0,,5.1,81.9,8.67,10.75,,2
"2025-08-02 22:15:38",4079,3824,62850,-36.56428,-71.896793,5.45,49.6,8.7,10.8,,2
"2025-08-02 22:15:42",4086,3831,62792,0,,5.35,80.7,8.66,10.9,,1.8
"2025-08-02 22:15:43",4088,3833,62778,0,,6.55,59.2,8.65,10.9,,2
"2025-08-02 22:15:44",4090,3835,62764,-36.56413,-71.896452,5.6,58.9,8.67,10.9,24,2
"2025-08-02 22:15:45",4092,3837,62747,0,,4.55,81,8.67,10.85,,2
"2025-08-02 22:15:46",4095,3840,62729,0,,7.25,56,8.65,10.85,,2.1
"2025-08-02 22:15:47",4097,3842,62712,-36.56407,-71.896282,4.2,77.5,8.6,10.85,,2
"2025-08-02 22:15:51",4105,3850,62652,0,,6.05,63.4,8.5,10.85,,2
"2025-08-02 22:15:52",4107,3852,62637,0,,4.5,66.3,8.51,10.9,,2
"2025-08-02 22:15:53",4109,3854,62622,-36.563972,-71.89597,5.7,75.5,8.5,10.9,,2
"2025-08-02 22:15:54",4111,3856,62606,0,,6.3,64.1,8.45,10.95,,2
"2025-08-02 22:15:55",4113,3858,62591,0,,3.45,78.5,8.44,10.95,,2.1
"2025-08-02 22:15:56",4115,3860,62576,-36.563923,-71.895807,6.95,63.8,8.44,10.95,,2.1
"2025-08-02 22:15:58",4117,3862,62560,0,,6.45,52.1,8.44,10.95,,2
"2025-08-02 22:15:59",4119,3864,62546,0,,4.95,90.1,8.43,10.95,,2
"2025-08-02 22:16:00",4121,3866,62532,-36.56385,-71.89563,7,45.7,8.39,10.95,,2
"2025-08-02 22:16:00",4122,3867,62522,0,,5.95,70.1,8.39,10.95,,1.9
"2025-08-02 22:16:01",4124,3869,62511,0,,4.9,63.4,8.4,10.95,,1.9
"2025-08-02 22:16:02",4125,3870,62500,-36.56377,-71.895462,6.25,51.7,8.4,10.95,,1.9
"2025-08-02 22:16:03",4127,3872,62488,0,,6.65,86.1,8.36,11,,1.8
"2025-08-02 22:16:04",4128,3873,62477,0,,5.5,42.5,8.34,11,,1.8
"2025-08-02 22:16:05",4130,3875,62466,-36.563697,-71.895288,6.3,60.4,8.33,11,,1.7
"2025-08-02 22:16:06",4132,3877,62447,0,,6.25,80.9,8.35,10.95,,1.8
"2025-08-02 22:16:07",4135,3880,62428,0,,5.8,40.6,8.28,11,,1.8
"2025-08-02 22:16:08",4137,3882,62410,-36.563628,-71.89511,6.8,78.8,8.27,10.95,,1.9
"2025-08-02 22:16:12",4147,3892,62337,0,,5.4,35.2,8.29,11,,2
"2025-08-02 22:16:13",4149,3894,62319,0,,6.95,73,8.28,10.95,,2.1
"2025-08-02 22:16:14",4151,3896,62302,-36.563497,-71.894768,5.15,64.5,8.3,10.95,,2.2
"2025-08-02 22:16:15",4153,3898,62287,0,,4.4,43.8,8.27,10.95,,2.2
"2025-08-02 22:16:16",4156,3901,62271,0,,6.6,76.9,8.26,10.95,,2.2
"2025-08-02 22:16:17",4158,3903,62256,-36.563428,-71.894613,5.25,44,8.23,10.95,,2.3
"2025-08-02 22:16:20",4164,3909,62210,-36.563342,-71.894453,6.25,46.1,8.12,10.9,,2.2
"2025-08-02 22:16:24",4170,3915,62159,0,,4.7,83.8,8.01,10.9,,2.1
"2025-08-02 22:16:25",4172,3917,62146,0,,7.4,48.8,7.99,10.9,,2
"2025-08-02 22:16:26",4174,3919,62134,-36.563185,-71.89413,3.9,63.9,7.95,10.9,,1.9
"2025-08-02 22:16:27",4176,3921,62116,0,,6.75,66.8,7.91,10.9,,1.9
"2025-08-02 22:16:28",4178,3923,62099,0,,5.6,50.9,7.91,10.9,,1.9
"2025-08-02 22:16:29",4181,3926,62082,-36.563117,-71.893962,4.8,77.1,7.91,10.9,,1.9
"2025-08-02 22:16:30",4183,3928,62066,0,,6.55,53.9,7.89,10.9,,1.9
"2025-08-02 22:16:31",4185,3930,62050,0,,4.75,72.4,7.86,10.9,,1.9
"2025-08-02 22:16:32",4187,3932,62034,-36.563052,-71.893797,5.7,62.6,7.85,10.85,,2
"2025-08-02 22:16:33",4189,3934,62015,0,,6.1,37.9,7.85,10.85,,2
"2025-08-02 22:16:34",4192,3937,61997,0,,5.95,81.4,7.84,10.85,,2
"2025-08-02 22:16:35",4194,3939,61980,-36.56297,-71.893632,6.1,46.1,7.81,10.85,,2
"2025-08-02 22:16:36",4196,3941,61965,0,,4.75,65.5,7.8,10.85,,2.1
"2025-08-02 22:16:37",4198,3943,61951,0,,5.5,73.3,7.79,10.85,,2.2
"2025-08-02 22:16:38",4200,3945,61938,-36.562892,-71.893473,6.2,36.7,7.79,10.85,23,2.2
"2025-08-02 22:16:39",4202,3947,61924,0,,6.55,67.6,7.75,10.85,,2.1
"2025-08-02 22:16:40",4203,3948,61911,0,,5.55,52.6,7.74,10.85,,2.1
"2025-08-02 22:16:41",4205,3950,61898,-36.562797,-71.893302,6.5,51.1,7.71,10.85,,2.1
"2025-08-02 22:16:42",4207,3952,61886,0,,5.85,71.7,7.71,10.85,,2
"2025-08-02 22:16:43",4208,3953,61875,0,,7.05,44.9,7.68,10.85,,1.9
"2025-08-02 22:16:44",4210,3955,61864,-36.562698,-71.893125,5.85,54.7,7.65,10.85,,1.9
"2025-08-02 22:16:45",4213,3958,61843,0,,4.5,75.7,7.65,10.85,,1.9
"2025-08-02 22:16:46",4215,3960,61822,0,,7.65,47.2,7.65,10.85,,2
"2025-08-02 22:16:47",4218,3963,61802,-36.562618,-71.892955,4.6,73.2,7.59,10.8,,2
"2025-08-02 22:16:48",4220,3965,61788,0,,6.5,61.5,7.59,10.8,,2
"2025-08-02 22:16:49",4222,3967,61774,0,,6.3,47.5,7.63,10.8,,2
"2025-08-02 22:16:50",4224,3969,61760,-36.562538,-71.892782,5.45,75.2,7.59,10.8,,2
"2025-08-02 22:16:51",4225,3970,61747,0,,8.4,62.4,7.54,10.75,,2
"2025-08-02 22:16:52",4227,3972,61734,0,,4.45,56.3,7.52,10.75,,2
"2025-08-02 22:16:53",4229,3974,61722,-36.562458,-71.892592,6.7,60.6,7.49,10.7,,1.9
"2025-08-02 22:16:54",4231,3976,61704,0,,8.25,51.4,7.46,10.7,,2
"2025-08-02 22:16:55",4233,3978,61687,0,,5.55,73.3,7.4,10.65,,2.1
"2025-08-02 22:16:56",4236,3981,61670,-36.562362,-71.892393,7.35,47,7.37,10.65,,2.2
"2025-08-02 22:17:00",4244,3989,61610,0,,7.75,63.1,7.39,10.6,,2
"2025-08-02 22:17:01",4246,3991,61595,0,,5.5,54.5,7.44,10.6,,2
"2025-08-02 22:17:02",4248,3993,61580,-36.562137,-71.892037,7.35,41.8,7.44,10.6,,2
"2025-08-02 22:17:05",4252,3997,61546,-36.562023,-71.891873,6,23.8,7.4,10.55,22.5,2
"2025-08-02 22:17:06",4247,3992,61589,0,,5,29.2,7.29,10.5,,1.4
"2025-08-02 22:17:07",4241,3986,61629,0,,4.7,45.5,7.2,10.5,,0.8
"2025-08-02 22:17:08",4236,3981,61670,-36.561907,-71.891748,8.45,37.8,7.14,10.5,,0.2
"2025-08-02 22:17:09",4227,3972,61733,0,,9.45,61.1,7.1,10.5,,-0.7
"2025-08-02 22:17:10",4218,3963,61798,0,,7.4,50.1,7.1,10.55,,-1.2
"2025-08-02 22:17:11",4210,3955,61864,-36.561793,-71.891523,6.65,57,7.1,10.6,,-1.7
"2025-08-02 22:17:13",4191,3936,62004,0,,6.65,53.9,7.16,10.65,,-4.1
"2025-08-02 22:17:14",4181,3926,62076,-36.561698,-71.891313,8.05,45.4,7.2,10.7,,-5
"2025-08-02 22:17:18",4142,3887,62374,0,,7.25,66.8,7.44,10.9,,-8.5
"2025-08-02 22:17:19",4132,3877,62448,0,,6.75,58.6,7.48,10.95,,-8.8
"2025-08-02 22:17:20",4122,3867,62522,-36.561548,-71.89088,6.75,56.7,7.54,11,,-9.1
"2025-08-02 22:17:21",4112,3857,62596,0,,6.75,54.2,7.63,11.05,,-9.5
"2025-08-02 22:17:22",4103,3848,62668,0,,6.75,58.5,7.65,11.05,,-9.6
"2025-08-02 22:17:23",4093,3838,62740,-36.561448,-71.890693,6.5,57.9,7.75,11.1,,-9.6
"2025-08-02 22:17:24",4084,3829,62811,0,,5.95,53.7,7.83,11.15,,-9.7
"2025-08-02 22:17:25",4074,3819,62887,0,,5.8,52.4,7.91,11.15,,-9.7
"2025-08-02 22:17:26",4064,3809,62964,-36.561352,-71.890535,5.75,52.8,7.99,11.15,,-9.8
"2025-08-02 22:17:27",4054,3799,63041,0,,5.75,53.7,8.06,11.15,,-9.8
"2025-08-02 22:17:28",4044,3789,63112,0,,5.95,56.8,8.11,11.15,,-9.7
"2025-08-02 22:17:29",4035,3780,63184,-36.561265,-71.890375,6.05,59.3,8.12,11.1,,-9.7
"2025-08-02 22:17:31",4016,3761,63331,0,,5.85,57.6,8.24,11.1,,-9.7
"2025-08-02 22:17:32",4006,3751,63406,-36.561188,-71.890202,5.9,61.1,8.3,11.05,22.5,-9.7
"2025-08-02 22:17:33",3996,3741,63477,0,,6.05,64.9,8.4,11,,-9.7
"2025-08-02 22:17:34",3987,3732,63551,0,,6.15,63,8.5,11,,-9.7
"2025-08-02 22:17:35",3977,3722,63626,-36.561115,-71.890022,6,62.8,8.57,10.95,,-9.7
"2025-08-02 22:17:36",3968,3713,63698,0,,6.3,56.1,8.62,10.95,,-9.7
"2025-08-02 22:17:37",3958,3703,63772,0,,6.1,58.9,8.68,10.9,,-9.7
"2025-08-02 22:17:38",3948,3693,63846,-36.561032,-71.889847,6,62.6,8.74,10.9,,-9.7
"2025-08-02 22:17:39",3938,3683,63922,0,,5.85,63.1,8.83,10.8,,-9.6
"2025-08-02 22:17:40",3929,3674,63997,0,,5.95,64.1,8.93,10.8,,-9.7
"2025-08-02 22:17:41",3919,3664,64072,-36.56096,-71.88967,6.15,60,9.02,10.75,,-9.7
"2025-08-02 22:17:43",3899,3644,64224,0,,5.4,47.5,9.18,10.65,,-9.7
"2025-08-02 22:17:44",3889,3634,64300,-36.560867,-71.889522,5.15,45.2,9.29,10.55,,-9.7
"2025-08-02 22:17:45",3880,3625,64371,0,,5.7,44.7,9.39,10.45,,-9.7
"2025-08-02 22:17:46",3871,3616,64442,0,,5.8,49.1,9.49,10.4,,-9.6
"2025-08-02 22:17:47",3862,3607,64514,-36.560762,-71.889385,5.9,49.7,9.53,10.35,,-9.6
"2025-08-02 22:17:48",3852,3597,64589,0,,6,52.3,9.53,10.3,,-9.6
"2025-08-02 22:17:49",3842,3587,64668,0,,5.6,47.4,9.55,10.3,,-9.7
"2025-08-02 22:17:50",3831,3576,64748,-36.560657,-71.889238,5.45,46.5,9.7,10.25,,-9.7
"2025-08-02 22:17:51",3822,3567,64823,0,,5.45,52.5,9.79,10.2,,-9.7
"2025-08-02 22:17:52",3812,3557,64895,0,,5.6,45.8,9.88,10.2,,-9.7
"2025-08-02 22:17:53",3803,3548,64968,-36.560555,-71.889105,5.6,44.6,9.97,10.15,,-9.6
"2025-08-02 22:17:54",3793,3538,65043,0,,,,10.04,10.15,,-9.7
"2025-08-02 22:17:55",3783,3528,65122,0,,,,10.14,10.15,,-9.7
"2025-08-02 22:17:56",3773,3518,65202,0,,,,10.22,10.15,,-9.7
"2025-08-02 22:17:57",3764,3509,65274,0,,5.75,46.1,10.34,10.1,,-9.7
"2025-08-02 22:17:58",3755,3500,65344,0,,5.75,42.6,10.4,10.05,,-9.7
"2025-08-02 22:17:59",3746,3491,65414,-36.560338,-71.888863,6.05,44.3,10.45,10.05,22.5,-9.6
"2025-08-02 22:18:00",3735,3480,65495,0,,5.5,34.9,10.49,10.05,,-9.6
"2025-08-02 22:18:01",3725,3470,65574,0,,5.15,36.5,10.57,10,,-9.6
"2025-08-02 22:18:02",3715,3460,65654,-36.560223,-71.888755,4.9,33.9,10.66,10,,-9.6
"2025-08-02 22:18:09",3650,3395,66165,0,,5.15,24.7,11.02,9.9,,-9.5
"2025-08-02 22:18:10",3641,3386,66239,0,,4.2,28.4,11.06,9.95,,-9.5
"2025-08-02 22:18:11",3631,3376,66314,-36.55984,-71.888492,4.3,25.2,11.12,10,,-9.5
"2025-08-02 22:18:13",3612,3357,66469,0,,4.6,21.9,11.3,10.05,,-9.6
"2025-08-02 22:18:14",3602,3347,66546,-36.559722,-71.888435,4.1,26.7,11.37,10.05,,-9.5
"2025-08-02 22:18:16",3584,3329,66686,0,,3.85,31.2,11.45,10.05,,-9.4
"2025-08-02 22:18:17",3576,3321,66758,-36.559632,-71.888368,4,30.1,11.52,10.1,,-9.4
"2025-08-02 22:18:18",3566,3311,66835,0,,4.55,22.9,11.58,10.1,,-9.4
"2025-08-02 22:18:19",3557,3302,66908,0,,4.5,31.8,11.63,10.1,,-9.3
"2025-08-02 22:18:20",3547,3292,66982,-36.55953,-71.888298,4.55,36,11.66,10.1,,-9.3
"2025-08-02 22:18:21",3538,3283,67055,0,,4.75,34.7,11.68,10.1,,-9.3
"2025-08-02 22:18:22",3529,3274,67131,0,,4.75,27.5,11.73,10.05,,-9.3
"2025-08-02 22:18:23",3519,3264,67208,-36.559418,-71.888222,5.1,20.7,11.79,10.05,,-9.4
"2025-08-02 22:18:24",3510,3255,67281,0,,5.8,19.4,11.88,10.05,,-9.4
"2025-08-02 22:18:25",3501,3246,67355,0,,5.7,17.5,11.95,10.05,,-9.3
"2025-08-02 22:18:26",3491,3236,67430,-36.559277,-71.888165,5.3,14.3,12.04,10.05,22.5,-9.3
"2025-08-02 22:18:27",3482,3227,67504,0,,5.05,14,12.08,10.1,,-9.3
"2025-08-02 22:18:28",3473,3218,67580,0,,4.55,9.9,12.11,10.2,,-9.3
"2025-08-02 22:18:29",3463,3208,67656,-36.559148,-71.888132,4.75,8,12.14,10.3,,-9.3
"2025-08-02 22:18:30",3454,3199,67729,0,,4.65,4.8,12.17,10.4,,-9.3
"2025-08-02 22:18:31",3445,3190,67801,0,,4.1,5.4,12.2,10.6,,-9.3
"2025-08-02 22:18:32",3436,3181,67874,-36.559035,-71.888117,3.45,9.4,12.19,10.8,,-9.3
"2025-08-02 22:18:33",3427,3172,67946,0,,3.1,14.9,12.15,11.05,,-9.2
"2025-08-02 22:18:34",3418,3163,68017,0,,2.9,21.9,12.11,11.35,,-9.2
"2025-08-02 22:18:35",3410,3155,68088,-36.558958,-71.888088,2.7,19.3,12.05,11.85,,-9.1
"2025-08-02 22:18:36",3401,3146,68161,0,,2.45,11.4,11.95,12.6,,-9.1
"2025-08-02 22:18:37",3391,3136,68236,0,,2.55,26.3,11.89,13.8,,-9.1
"2025-08-02 22:18:38",3382,3127,68312,-36.558897,-71.888058,2.55,31.8,11.84,15.2,,-9.1
"2025-08-02 22:18:39",3373,3118,68388,0,,2.8,31.1,11.82,16.6,,-9.1
"2025-08-02 22:18:40",3363,3108,68463,0,,2.4,29.6,11.81,18,,-9.1
"2025-08-02 22:18:41",3354,3099,68538,-36.558838,-71.888015,2.4,30,11.81,19.45,,-9
"2025-08-02 22:18:43",3335,3080,68691,0,,3.05,44.3,11.89,22.2,,-9.1
"2025-08-02 22:18:44",3326,3071,68768,-36.558788,-71.887957,3.2,47.4,11.95,23.35,,-9.2
"2025-08-02 22:18:45",3317,3062,68841,0,,3,37.3,12.05,24.45,,-9.1
"2025-08-02 22:18:46",3308,3053,68915,0,,3.05,42.8,12.1,25.45,,-9.2
"2025-08-02 22:18:47",3299,3044,68990,-36.558727,-71.887885,3.25,45.3,12.18,26.45,,-9.2
"2025-08-02 22:18:48",3290,3035,69064,0,,3.7,47.9,12.26,27.2,,-9.2
"2025-08-02 22:18:49",3281,3026,69139,0,,3.75,47,12.37,27.95,,-9.2
"2025-08-02 22:18:50",3272,3017,69214,-36.55866,-71.887793,3.65,46.5,12.39,28.5,,-9.2
"2025-08-02 22:18:51",3262,3007,69290,0,,3.8,40.9,12.51,29,,-9.2
"2025-08-02 22:18:52",3253,2998,69364,0,,3.5,47.1,12.59,29.45,,-9.2
"2025-08-02 22:18:53",3244,2989,69438,-36.558593,-71.8877,3.6,49.8,12.68,29.8,22.25,-9.2
"2025-08-02 22:18:54",3234,2979,69518,0,,3.7,43.8,12.77,30.1,,-9.2
"2025-08-02 22:18:55",3224,2969,69603,0,,3.3,37.7,12.84,30.35,,-9.3
"2025-08-02 22:18:56",3214,2959,69688,-36.558518,-71.887623,3.75,20.1,12.93,30.55,,-9.4
"2025-08-02 22:18:57",3205,2950,69758,0,,4.5,18.5,13.02,30.7,,-9.3
"2025-08-02 22:18:58",3197,2942,69826,0,,5.1,23.6,13.12,30.85,,-9.2
"2025-08-02 22:18:59",3189,2934,69894,-36.558393,-71.88756,5.6,25.7,13.21,30.95,,-9.2
"2025-08-02 22:19:00",3179,2924,69973,0,,5.6,23.2,13.3,30.95,,-9.2
"2025-08-02 22:19:01",3170,2915,70049,0,,5.6,22.9,13.37,30.95,,-9.2
"2025-08-02 22:19:02",3161,2906,70126,-36.55825,-71.887485,5.45,21.6,13.44,31.05,,-9.2
"2025-08-02 22:19:03",3152,2897,70197,0,,5.45,22,13.51,31.2,,-9.2
"2025-08-02 22:19:04",3143,2888,70272,0,,6.1,20.7,13.57,31.3,,-9.2
"2025-08-02 22:19:05",3134,2879,70348,-36.558098,-71.887412,6.35,20.9,13.6,31.45,,-9.2
"2025-08-02 22:19:06",3125,2870,70424,0,,7,20.5,13.65,31.5,,-9.1
"2025-08-02 22:19:07",3115,2860,70502,0,,6.6,18.4,13.7,31.6,,-9
"2025-08-02 22:19:08",3106,2851,70580,-36.557925,-71.88733,6.95,20.5,13.74,31.6,,-9
"2025-08-02 22:19:09",3097,2842,70658,0,,7.35,22.3,13.76,31.55,,-9.1
"2025-08-02 22:19:10",3088,2833,70735,0,,7,20.2,13.82,31.4,,-9.1
"2025-08-02 22:19:11",3078,2823,70812,-36.557747,-71.887242,6.5,16.6,13.88,31.3,,-9.2
"2025-08-02 22:19:13",3060,2805,70963,0,,6.5,15.7,14.05,31.1,,-9.2
"2025-08-02 22:19:14",3051,2796,71040,-36.557575,-71.88718,6.8,14.2,14.11,31.05,,-9.2
"2025-08-02 22:19:15",3042,2787,71117,0,,7.95,18.6,14.17,31.05,,-9.2
"2025-08-02 22:19:16",3033,2778,71189,0,,6.25,13.8,14.22,31.05,,-9.1
"2025-08-02 22:19:17",3025,2770,71262,-36.5574,-71.88712,5.65,17,14.25,30.95,,-9.1
"2025-08-02 22:19:19",3006,2751,71416,0,,6.35,14.4,14.33,30.45,,-9.1
"2025-08-02 22:19:20",2997,2742,71494,-36.557245,-71.887062,6.65,13.1,14.42,30.2,23,-9.1
"2025-08-02 22:19:21",2988,2733,71564,0,,6.1,15.7,14.49,30.15,,-9
"2025-08-02 22:19:22",2980,2725,71637,0,,6.05,15.2,14.57,30,,-9
"2025-08-02 22:19:23",2971,2716,71710,-36.55709,-71.88701,5.75,16.6,14.63,29.9,,-8.9
"2025-08-02 22:19:24",2962,2707,71786,0,,5.55,14.5,14.7,29.75,,-9
"2025-08-02 22:19:25",2953,2698,71866,0,,5.8,15.2,14.77,29.65,,-9
"2025-08-02 22:19:26",2943,2688,71946,-36.556947,-71.886958,5.55,17.3,14.85,29.5,,-9
"2025-08-02 22:19:27",2935,2680,72016,0,,5.35,20.3,14.89,29.4,,-8.9
"2025-08-02 22:19:28",2927,2672,72083,0,,5.05,23.3,14.93,29.3,,-8.8
"2025-08-02 22:19:29",2919,2664,72150,-36.556813,-71.886897,5,25.8,14.96,29.1,,-8.8
"2025-08-02 22:19:30",2910,2655,72230,0,,3.85,16.9,15,28.95,,-8.9
"2025-08-02 22:19:31",2900,2645,72312,0,,4.85,15.9,15.06,28.9,,-8.9
"2025-08-02 22:19:32",2890,2635,72394,-36.556702,-71.886845,4.75,14.3,15.18,28.85,,-8.9
"2025-08-02 22:19:33",2882,2627,72463,0,,4.85,17,15.19,28.8,,-8.9
"2025-08-02 22:19:34",2874,2619,72534,0,,5.1,27.8,15.19,28.8,,-8.8
"2025-08-02 22:19:35",2865,2610,72606,-36.556578,-71.886777,5.35,30.8,15.2,28.8,,-8.8
"2025-08-02 22:19:36",2857,2602,72680,0,,5.05,31.7,15.29,28.75,,-8.8
"2025-08-02 22:19:37",2848,2593,72757,0,,5.4,30,15.36,28.65,,-8.8
"2025-08-02 22:19:38",2839,2584,72834,-36.556453,-71.886683,5.25,27.2,15.41,28.6,,-8.8
"2025-08-02 22:19:39",2829,2574,72913,0,,5,20.5,15.46,28.55,,-8.8
"2025-08-02 22:19:40",2820,2565,72992,0,,4.45,15.7,15.49,28.45,,-8.9
"2025-08-02 22:19:41",2811,2556,73072,-36.556335,-71.886628,4.15,16.2,15.53,28.35,,-9
"2025-08-02 22:19:43",2793,2538,73223,0,,4.65,30.6,15.69,28.2,,-9
"2025-08-02 22:19:44",2784,2529,73298,-36.556227,-71.886557,4.95,34.3,15.78,28.15,,-8.9
"2025-08-02 22:19:46",2767,2512,73450,0,,4.3,28.9,15.96,28.1,,-8.9
"2025-08-02 22:19:47",2758,2503,73528,-36.556125,-71.886473,4.3,27.2,16.04,28,23.25,-8.9
"2025-08-02 22:19:48",2749,2494,73604,0,,5.1,26.1,16.13,27.95,,-9
"2025-08-02 22:19:49",2740,2485,73680,0,,5.4,28.8,16.2,27.9,,-9
"2025-08-02 22:19:50",2731,2476,73756,-36.556005,-71.886393,5.65,28.8,16.29,27.85,,-8.9
"2025-08-02 22:19:51",2722,2467,73837,0,,5.85,24.5,16.36,27.8,,-9
"2025-08-02 22:19:52",2712,2457,73919,0,,5.9,14.6,16.42,27.8,,-9
"2025-08-02 22:19:53",2703,2448,74002,-36.555855,-71.886328,5.85,11.9,16.51,27.8,,-9
"2025-08-02 22:19:54",2694,2439,74077,0,,6.1,19.2,16.59,27.65,,-9
"2025-08-02 22:19:55",2685,2430,74152,0,,6,13.1,16.64,27.55,,-9
"2025-08-02 22:19:56",2676,2421,74228,-36.5557,-71.88628,5.5,5.4,16.73,27.45,,-9
"2025-08-02 22:19:57",2667,2412,74309,0,,4.8,359.5,16.82,27.4,,-9
"2025-08-02 22:19:58",2658,2403,74391,0,,4.2,0.2,16.89,27.3,,-9.1
"2025-08-02 22:19:59",2648,2393,74474,-36.555575,-71.886277,4.75,0.1,16.97,27.2,,-9.1
"2025-08-02 22:20:01",2630,2375,74627,0,,5.45,359.1,17.14,27.05,,-9.1
"2025-08-02 22:20:02",2622,2367,74704,-36.55543,-71.886278,5.6,1.5,17.22,26.9,,-9.1
"2025-08-02 22:20:03",2612,2357,74786,0,,5.85,357.6,17.3,26.75,,-9.1
"2025-08-02 22:20:04",2603,2348,74866,0,,5.65,0.6,17.4,26.65,,-9.1
"2025-08-02 22:20:05",2594,2339,74946,-36.555278,-71.886278,5.35,358.6,17.47,26.5,,-9
"2025-08-02 22:20:06",2584,2329,75028,0,,4.9,357.3,17.55,26.35,,-9.1
"2025-08-02 22:20:07",2575,2320,75111,0,,4.9,356.9,17.62,26.2,,-9.2
"2025-08-02 22:20:08",2565,2310,75194,-36.555142,-71.886287,5.5,359.1,17.69,26.05,,-9.2
"2025-08-02 22:20:09",2557,2302,75264,0,,5.3,5,17.75,25.95,,-9.2
"2025-08-02 22:20:10",2549,2294,75338,0,,5.7,5.7,17.79,25.8,,-9.1
"2025-08-02 22:20:11",2541,2286,75412,-36.555,-71.886275,5.35,11.7,17.82,25.7,,-9
"2025-08-02 22:20:13",2523,2268,75565,0,,5.4,7.7,17.9,25.45,,-8.9
"2025-08-02 22:20:14",2515,2260,75640,-36.55486,-71.886248,5.3,9,17.97,25.35,24.25,-8.9
"2025-08-02 22:20:15",2506,2251,75718,0,,5.1,10.1,18.03,25.3,,-8.9
"2025-08-02 22:20:16",2497,2242,75797,0,,4.65,16,18.03,25.15,,-8.9
"2025-08-02 22:20:17",2488,2233,75876,-36.554735,-71.88621,4.25,17.9,18.17,25.05,,-8.9
"2025-08-02 22:20:18",2479,2224,75954,0,,3.9,1.2,18.25,24.95,,-8.9
"2025-08-02 22:20:19",2470,2215,76036,0,,3.35,3.9,18.32,24.8,,-8.9
"2025-08-02 22:20:20",2460,2205,76118,-36.554638,-71.88619,3.6,17.5,18.41,24.7,,-8.8
"2025-08-02 22:20:21",2451,2196,76198,0,,3.4,23.2,18.48,24.55,,-8.8
"2025-08-02 22:20:22",2442,2187,76278,0,,4.15,18.3,18.59,24.4,,-8.9
"2025-08-02 22:20:23",2433,2178,76358,-36.554542,-71.886147,3.65,13.8,18.66,24.3,,-8.9
"2025-08-02 22:20:24",2425,2170,76433,0,,3.35,11.3,18.73,24.25,,-8.9
"2025-08-02 22:20:25",2416,2161,76510,0,,3.3,13,18.8,24.2,,-8.9
"2025-08-02 22:20:26",2407,2152,76588,-36.554455,-71.886123,3.3,14,18.88,24.15,,-9
"2025-08-02 22:20:27",2397,2142,76677,0,,2.9,2.9,18.95,24.15,,-9
"2025-08-02 22:20:28",2388,2133,76761,0,,3.3,350.6,18.96,24.15,,-9.1
"2025-08-02 22:20:29",2378,2123,76846,-36.554377,-71.88613,3.45,339.3,19.05,24.15,,-9.1
"2025-08-02 22:20:30",2370,2115,76921,0,,3.1,339.6,19.1,24.15,,-9.1
"2025-08-02 22:20:31",2361,2106,77000,0,,3.1,343.9,19.16,24.15,,-9.1
"2025-08-02 22:20:32",2352,2097,77080,-36.554302,-71.886158,3.1,345,19.22,24.1,,-9
"2025-08-02 22:20:33",2343,2088,77155,0,,3.65,337.6,19.31,24.1,,-9
"2025-08-02 22:20:34",2335,2080,77229,0,,3.05,348.2,19.38,24.05,,-8.9
"2025-08-02 22:20:35",2327,2072,77304,-36.55422,-71.886178,2.9,4,19.46,24,,-8.8
"2025-08-02 22:20:36",2318,2063,77383,0,,2.9,1.3,19.57,23.9,,-8.9
"2025-08-02 22:20:37",2309,2054,77464,0,,3.1,357.6,19.65,23.95,,-8.9
"2025-08-02 22:20:38",2300,2045,77546,-36.55414,-71.886173,3,357.6,19.72,23.9,,-8.9
"2025-08-02 22:20:39",2290,2035,77629,0,,3.15,344.7,19.78,23.9,,-9
"2025-08-02 22:20:40",2281,2026,77710,0,,3.25,351.8,19.84,23.9,,-8.9
"2025-08-02 22:20:41",2272,2017,77792,-36.554058,-71.88618,3.4,356,19.9,23.85,25,-8.9
"2025-08-02 22:20:43",2256,2001,77941,0,,3.85,23,20.05,23.85,,-8.8
"2025-08-02 22:20:44",2247,1992,78018,-36.553968,-71.886132,3.85,23.3,20.14,23.8,,-8.8
"2025-08-02 22:20:46",2228,1973,78190,0,,3.7,1.4,20.33,23.6,,-8.9
"2025-08-02 22:20:47",2218,1963,78278,-36.553877,-71.886115,3.8,358.4,20.41,23.5,,-9
"2025-08-02 22:20:48",2210,1955,78355,0,,3.4,350.4,20.49,23.3,,-9
"2025-08-02 22:20:49",2201,1946,78429,0,,3.7,10.7,20.56,23.1,,-8.9
"2025-08-02 22:20:50",2193,1938,78504,-36.55378,-71.886098,3.7,14,20.65,23,,-8.9
"2025-08-02 22:20:51",2184,1929,78587,0,,3.85,2.1,20.76,22.8,,-8.9
"2025-08-02 22:20:52",2174,1919,78672,0,,4.3,3.9,20.84,22.65,,-8.9
"2025-08-02 22:20:53",2165,1910,78758,-36.553677,-71.886073,4.15,1.7,20.86,22.5,,-9
"2025-08-02 22:20:54",2157,1902,78833,0,,4.4,359.4,20.93,22.3,,-8.9
"2025-08-02 22:20:55",2148,1893,78909,0,,4.05,16.6,21.06,22.2,,-8.9
"2025-08-02 22:20:56",2140,1885,78986,-36.553568,-71.88604,4.05,13.8,21.15,22.1,,-8.9
"2025-08-02 22:20:57",2131,1876,79070,0,,3.6,11.7,21.23,22,,-8.9
"2025-08-02 22:20:58",2122,1867,79149,0,,4,10.9,21.29,21.9,,-8.8
"2025-08-02 22:20:59",2113,1858,79228,-36.553468,-71.886002,4.15,11.1,21.37,21.85,,-8.7
"2025-08-02 22:21:00",2104,1849,79307,0,,4.05,12,21.46,21.7,,-8.7
"2025-08-02 22:21:01",2095,1840,79390,0,,4.05,6.1,21.54,21.6,,-8.8
"2025-08-02 22:21:02",2086,1831,79474,-36.553365,-71.885965,4.05,4.2,21.64,21.55,,-8.9
"2025-08-02 22:21:03",2078,1823,79553,0,,4.35,1,21.7,21.5,,-8.8
"2025-08-02 22:21:04",2069,1814,79631,0,,4,18.2,21.79,21.45,,-8.8
"2025-08-02 22:21:05",2060,1805,79710,-36.553262,-71.885922,4.2,22.9,21.86,21.45,,-8.7
"2025-08-02 22:21:07",2042,1787,79874,0,,4.15,11.4,22.01,21.55,,-8.8
"2025-08-02 22:21:08",2033,1778,79956,-36.553155,-71.885877,4.5,7.7,22.09,21.6,26,-8.8
"2025-08-02 22:21:09",2025,1770,80034,0,,4.6,5,22.18,21.7,,-8.8
"2025-08-02 22:21:10",2016,1761,80113,0,,4.2,15,22.25,21.75,,-8.8
"2025-08-02 22:21:11",2008,1753,80192,-36.553042,-71.885838,4.2,16.9,22.31,21.75,,-8.8
"2025-08-02 22:21:13",1989,1734,80368,0,,4,1.7,22.45,21.7,,-8.9
"2025-08-02 22:21:14",1979,1724,80456,-36.552942,-71.885812,3.95,1.2,22.53,21.65,,-8.9
"2025-08-02 22:21:15",1971,1716,80531,0,,3.9,349.7,22.6,21.6,,-8.9
"2025-08-02 22:21:16",1963,1708,80606,0,,3.6,5.8,22.69,21.45,,-8.9
"2025-08-02 22:21:17",1954,1699,80682,-36.552847,-71.8858,3.25,1.2,22.72,21.3,,-8.8
"2025-08-02 22:21:18",1945,1690,80768,0,,3.4,347.5,22.84,21.1,,-8.8
"2025-08-02 22:21:19",1936,1681,80853,0,,3.4,359.7,22.92,20.9,,-8.9
"2025-08-02 22:21:20",1927,1672,80938,-36.552762,-71.88579,3.25,7.7,23.01,20.75,,-8.9
"2025-08-02 22:21:21",1918,1663,81021,0,,3.1,16.7,23.08,20.65,,-8.9
"2025-08-02 22:21:22",1909,1654,81104,0,,3.4,358.5,23.18,20.55,,-8.9
"2025-08-02 22:21:23",1900,1645,81188,-36.552678,-71.885765,3.65,357,23.27,20.45,,-9
"2025-08-02 22:21:24",1891,1636,81271,0,,2.95,356.7,23.37,20.35,,-9
"2025-08-02 22:21:25",1881,1626,81356,0,,3.85,358.1,23.47,20.25,,-9
"2025-08-02 22:21:26",1872,1617,81442,-36.552585,-71.885758,3.95,359.3,23.58,20.1,,-8.9
"2025-08-02 22:21:27",1864,1609,81519,0,,3.75,353,23.66,20,,-8.9
"2025-08-02 22:21:28",1855,1600,81598,0,,3.4,1.5,23.74,19.85,,-8.9
"2025-08-02 22:21:29",1847,1592,81678,-36.552487,-71.885757,3.4,3.1,23.8,19.75,,-8.9
"2025-08-02 22:21:30",1837,1582,81767,0,,3.4,357.7,23.88,19.65,,-9
"2025-08-02 22:21:31",1828,1573,81853,0,,3.5,0.7,23.94,19.55,,-9
"2025-08-02 22:21:32",1819,1564,81940,-36.552398,-71.885745,3.5,357.4,24.03,19.45,,-9
"2025-08-02 22:21:33",1811,1556,82015,0,,3.35,358.4,24.1,19.35,,-8.9
"2025-08-02 22:21:34",1803,1548,82090,0,,3.1,18.5,24.2,19.15,,-8.9
"2025-08-02 22:21:35",1795,1540,82166,-36.552313,-71.885723,3.1,10.4,24.27,18.95,27.5,-8.8
"2025-08-02 22:21:36",1786,1531,82248,0,,3.05,4.1,24.35,18.75,,-8.8
"2025-08-02 22:21:37",1777,1522,82334,0,,3.35,1.7,24.41,18.6,,-8.8
"2025-08-02 22:21:38",1767,1512,82420,-36.552227,-71.885698,3.2,20.9,24.48,18.45,,-8.8
"2025-08-02 22:21:39",1759,1504,82498,0,,3.95,34.8,24.58,18.3,,-8.7
"2025-08-02 22:21:40",1751,1496,82578,0,,3.55,20.2,24.64,18.25,,-8.7
"2025-08-02 22:21:41",1742,1487,82658,-36.552143,-71.88564,3.55,12.1,24.71,18.1,,-8.7
"2025-08-02 22:21:43",1724,1469,82829,0,,3.55,10,24.85,17.8,,-8.7
"2025-08-02 22:21:44",1715,1460,82914,-36.55205,-71.885613,3.55,9.2,24.93,17.7,,-8.7
"2025-08-02 22:21:45",1706,1451,83000,0,,3.6,9.2,25,17.65,,-8.7
"2025-08-02 22:21:46",1696,1441,83089,0,,4.05,12.6,25.07,17.55,,-8.8
"2025-08-02 22:21:47",1687,1432,83178,-36.551955,-71.885568,3.95,22.2,25.14,17.35,,-8.9
"2025-08-02 22:21:49",1677,1422,83274,0,,4.4,41.3,25.19,17.1,,-8.8
"2025-08-02 22:21:50",1670,1415,83341,0,,4.85,42.2,25.24,16.7,,-8.6
"2025-08-02 22:21:51",1663,1408,83408,-36.551857,-71.885462,6.15,37.3,25.27,16.1,,-8.5
"2025-08-02 22:21:51",1656,1401,83472,0,,6.15,31.3,25.3,15.4,,-8.6
"2025-08-02 22:21:52",1645,1390,83572,0,,5.1,26.6,25.34,14.65,,-8.7
"2025-08-02 22:21:53",1635,1380,83672,-36.551733,-71.885358,5.15,40.3,25.38,14.05,,-8.9
"2025-08-02 22:21:54",1626,1371,83753,0,,6,41.5,25.42,13.3,,-8.9
"2025-08-02 22:21:55",1617,1362,83838,0,,6.35,34.1,25.44,12.85,,-8.9
"2025-08-02 22:21:56",1608,1353,83924,-36.551605,-71.885235,6,35.9,25.49,12.25,,-8.9
"2025-08-02 22:21:57",1600,1345,84001,0,,6.3,44.4,25.52,11.8,,-8.8
"2025-08-02 22:21:58",1592,1337,84080,0,,6.55,36.6,25.59,11.4,,-8.7
"2025-08-02 22:21:59",1583,1328,84160,-36.551472,-71.885097,6.45,38.3,25.65,11.1,,-8.6
"2025-08-02 22:22:01",1566,1311,84328,0,,6.6,34.8,25.78,10.55,,-8.8
"2025-08-02 22:22:02",1557,1302,84414,-36.551332,-71.884955,6.55,43.3,25.84,10.35,29,-9
"2025-08-02 22:22:03",1549,1294,84492,0,,7.15,38.9,25.88,10.2,,-9
"2025-08-02 22:22:04",1541,1286,84567,0,,6.7,36.6,25.93,10.1,,-8.9
"2025-08-02 22:22:05",1533,1278,84642,-36.551182,-71.884808,7.3,37.1,25.94,10,,-8.6
"2025-08-02 22:22:06",1525,1270,84723,0,,7.3,29.3,25.94,9.85,,-8.5
"2025-08-02 22:22:07",1516,1261,84807,0,,7.15,32.5,25.93,9.95,,-8.5
"2025-08-02 22:22:08",1507,1252,84892,-36.551013,-71.884675,7.6,33.7,25.91,10.35,,-8.5
"2025-08-02 22:22:09",1498,1243,84977,0,,8.15,29.1,25.9,10.85,,-8.5
"2025-08-02 22:22:10",1490,1235,85060,0,,7.65,31.7,25.9,11.25,,-8.5
"2025-08-02 22:22:11",1481,1226,85144,-36.550825,-71.884538,8.55,28.9,25.9,11.55,,-8.5
"2025-08-02 22:22:12",1473,1218,85224,0,,,,25.93,11.75,,-8.5
"2025-08-02 22:22:13",1464,1209,85307,0,,,,25.95,11.95,,-8.5
"2025-08-02 22:22:14",1455,1200,85390,0,,,,25.97,12,,-8.4
"2025-08-02 22:22:15",1446,1191,85481,0,,8.5,30,26.01,12.1,,-8.5
"2025-08-02 22:22:16",1437,1182,85570,0,,8.45,23.9,26.06,12.1,,-8.6
"2025-08-02 22:22:17",1428,1173,85660,-36.550422,-71.88429,9.2,25.9,26.11,12.05,,-8.7
"2025-08-02 22:22:18",1420,1165,85738,0,,8.55,22,26.16,12,,-8.8
"2025-08-02 22:22:19",1411,1156,85818,0,,9,24.8,26.22,11.85,,-8.7
"2025-08-02 22:22:20",1403,1148,85898,-36.550207,-71.884162,9.15,25.6,26.3,11.75,,-8.7
"2025-08-02 22:22:21",1394,1139,85984,0,,8.85,19.7,26.4,11.6,,-8.6
"2025-08-02 22:22:22",1386,1131,86066,0,,8.95,26,26.46,11.5,,-8.6
"2025-08-02 22:22:23",1377,1122,86148,-36.549985,-71.884037,9.6,21.2,26.46,11.45,,-8.6
"2025-08-02 22:22:24",1368,1113,86235,0,,9.2,17.5,26.46,11.4,,-8.7
"2025-08-02 22:22:25",1359,1104,86324,0,,9.9,22.3,26.47,11.35,,-8.7
"2025-08-02 22:22:26",1350,1095,86414,-36.549737,-71.883923,9.9,16.4,26.54,11.3,,-8.7
"2025-08-02 22:22:27",1341,1086,86499,0,,9.4,20.3,26.56,11.2,,-8.8
"2025-08-02 22:22:28",1333,1078,86586,0,,9.95,16.4,26.59,11.1,,-8.7
"2025-08-02 22:22:29",1324,1069,86674,-36.549483,-71.883823,9.45,13.4,26.63,11,30.5,-8.7
"2025-08-02 22:22:30",1315,1060,86761,0,,9.5,16.3,26.68,10.95,,-8.7
"2025-08-02 22:22:31",1306,1051,86849,0,,9.75,13.4,26.71,10.9,,-8.8
"2025-08-02 22:22:32",1297,1042,86938,-36.549232,-71.883748,9.25,7.1,26.75,10.85,,-8.8
"2025-08-02 22:22:33",1288,1033,87025,0,,8.45,10.3,26.8,10.8,,-8.8
"2025-08-02 22:22:34",1279,1024,87109,0,,9.6,14.7,26.88,10.75,,-8.8
"2025-08-02 22:22:35",1271,1016,87194,-36.548982,-71.883687,10.2,10.9,26.94,10.75,,-8.9
"2025-08-02 22:22:36",1262,1007,87282,0,,9.45,7.1,27.02,10.7,,-8.9
"2025-08-02 22:22:37",1253,998,87371,0,,9.1,12.7,27.08,10.7,,-8.9
"2025-08-02 22:22:38",1244,989,87460,-36.548728,-71.883625,9.8,11.8,27.12,10.8,,-8.9
"2025-08-02 22:22:39",1235,980,87550,0,,10.25,5.3,27.14,11,,-8.9
"2025-08-02 22:22:40",1226,971,87639,0,,9.7,4.4,27.16,11.2,,-8.9
"2025-08-02 22:22:41",1217,962,87728,-36.548458,-71.883588,10,8.4,27.15,11.45,,-8.9
"2025-08-02 22:22:43",1199,944,87909,0,,10.2,6.6,27.16,11.75,,-8.9
"2025-08-02 22:22:44",1189,934,88002,-36.548188,-71.883543,10.4,10.5,27.16,11.75,,-9
"2025-08-02 22:22:45",1180,925,88091,0,,11.75,9.1,27.17,11.8,,-9
"2025-08-02 22:22:46",1171,916,88180,0,,10.95,6.4,27.16,11.9,,-9
"2025-08-02 22:22:47",1162,907,88270,-36.547893,-71.883487,10.85,10.5,27.08,12,,-9
"2025-08-02 22:22:48",1154,899,88358,0,,12.35,11.4,27.03,12,,-9
"2025-08-02 22:22:49",1145,890,88443,0,,12.1,11.3,26.97,11.9,,-9
"2025-08-02 22:22:50",1137,882,88528,-36.547575,-71.883405,13.1,10.4,26.94,11.75,,-8.9
"2025-08-02 22:22:51",1128,873,88617,0,,12.8,7.4,26.93,11.55,,-9
"2025-08-02 22:22:52",1118,863,88710,0,,12.6,13.8,26.96,11.4,,-9
"2025-08-02 22:22:53",1109,854,88804,-36.547237,-71.883323,13.1,11.8,26.97,11.2,,-9
"2025-08-02 22:22:55",1092,837,88978,0,,13.45,14.6,26.91,10.5,,-8.9
"2025-08-02 22:22:56",1083,828,89064,-36.546875,-71.883227,14.45,14.8,26.86,10.25,31.5,-8.8
"2025-08-02 22:22:57",1074,819,89150,0,,14.85,12.7,26.8,10.15,,-8.8
"2025-08-02 22:22:58",1066,811,89240,0,,13.5,13.4,26.76,10.6,,-8.8
"2025-08-02 22:22:59",1057,802,89330,-36.546498,-71.883117,14.55,14.3,26.73,11.05,,-8.8
"2025-08-02 22:23:01",1047,792,89427,0,,14.35,12.6,26.7,11.45,,-8.8
"2025-08-02 22:23:02",1039,784,89509,0,,14.05,12.8,26.7,11.6,,-8.7
"2025-08-02 22:23:03",1031,776,89592,-36.546118,-71.883015,14.7,11.7,26.71,11.65,,-8.7
"2025-08-02 22:23:03",1023,768,89668,0,,14.4,7.2,26.73,11.75,,-8.7
"2025-08-02 22:23:04",1014,759,89761,0,,13.3,7.4,26.77,11.8,,-8.7
"2025-08-02 22:23:05",1005,750,89854,-36.545752,-71.882947,13.3,11.6,26.83,11.75,,-8.7
"2025-08-02 22:23:06",996,741,89948,0,,13.85,11.2,26.87,11.75,,-8.7
"2025-08-02 22:23:07",987,732,90035,0,,13.45,6.3,26.89,11.95,,-8.7
"2025-08-02 22:23:08",979,724,90122,-36.545393,-71.882877,13.55,10.8,26.91,12.2,,-8.7
"2025-08-02 22:23:09",970,715,90210,0,,14.15,7.5,26.92,12.55,,-8.6
"2025-08-02 22:23:10",961,706,90296,0,,13.15,8.1,26.92,12.9,,-8.6
"2025-08-02 22:23:11",953,698,90382,-36.545032,-71.88281,13.6,11,26.94,13.35,,-8.6
"2025-08-02 22:23:13",937,682,90547,0,,13.55,8.5,27.06,13.7,,-8.6
"2025-08-02 22:23:14",928,673,90636,-36.54466,-71.882733,14.2,13,27.12,13.8,,-8.7
"2025-08-02 22:23:17",910,655,90820,0,,14.75,8.4,27.23,14.05,,-8.5
"2025-08-02 22:23:18",902,647,90904,-36.54427,-71.882657,13.9,6.1,27.31,14.25,,-8.5
"2025-08-02 22:23:18",893,638,90992,0,,14.5,7.2,27.38,14.25,,-8.5
"2025-08-02 22:23:19",884,629,91084,0,,14.8,3.5,27.39,14.6,,-8.5
"2025-08-02 22:23:20",876,621,91176,-36.543875,-71.882615,15.55,4.4,27.38,15.3,,-8.6
"2025-08-02 22:23:22",866,611,91271,0,,15.7,5.4,27.3,16.35,,-8.5
"2025-08-02 22:23:23",858,603,91352,0,,15.75,2.7,27.21,17.6,,-8.5
"2025-08-02 22:23:24",850,595,91434,-36.543452,-71.882582,16,2.2,27.16,18.45,32.25,-8.4
"2025-08-02 22:23:25",843,588,91515,0,,15.9,0.9,27.09,19.55,,-8.5
"2025-08-02 22:23:26",834,579,91608,0,,15.45,4.5,27.05,20.5,,-8.5
"2025-08-02 22:23:27",825,570,91702,-36.543033,-71.882558,15.7,5.7,27.02,21.25,,-8.5
"2025-08-02 22:23:27",817,562,91779,0,,15.1,3.6,27.02,21.9,,-8.5
"2025-08-02 22:23:28",808,553,91873,0,,15,1.6,27.03,22.4,,-8.6
"2025-08-02 22:23:29",799,544,91968,-36.542622,-71.882533,15,2.9,27.06,22.85,,-8.7
"2025-08-02 22:23:30",790,535,92056,0,,14.9,7.8,27.09,23.2,,-8.7
"2025-08-02 22:23:31",782,527,92145,0,,14.85,2.2,27.14,23.6,,-8.7
"2025-08-02 22:23:32",773,518,92234,-36.542227,-71.882503,14.1,1.1,27.18,23.8,,-8.6
"2025-08-02 22:23:34",763,508,92337,0,,14.35,1.5,27.22,24.1,,-8.5
"2025-08-02 22:23:35",756,501,92417,0,,13.7,0.4,27.28,24.35,,-8.5
"2025-08-02 22:23:36",748,493,92498,-36.541857,-71.882497,13.6,1.1,27.33,24.55,,-8.5
"2025-08-02 22:23:36",741,486,92568,0,,12.85,1.6,27.38,24.7,,-8.6
"2025-08-02 22:23:37",732,477,92663,0,,13,5.8,27.43,24.85,,-8.6
"2025-08-02 22:23:38",723,468,92758,-36.541503,-71.882472,13.1,6.2,27.49,24.95,,-8.6
"2025-08-02 22:23:40",714,459,92857,0,,13.35,4.7,27.58,25.1,,-8.5
"2025-08-02 22:23:41",705,450,92944,0,,14.75,4.7,27.63,25.1,,-8.4
"2025-08-02 22:23:42",697,442,93032,-36.541125,-71.882435,14,3.2,27.68,25.2,,-8.4
"2025-08-02 22:23:43",681,426,93199,0,,13.05,8.9,27.78,25.65,,-8.4
"2025-08-02 22:23:44",672,417,93290,-36.540762,-71.882383,13.8,10.4,27.86,25.75,,-8.4
"2025-08-02 22:23:45",663,408,93383,0,,14.05,5.3,27.9,25.75,,-8.4
"2025-08-02 22:23:46",655,400,93475,0,,13.25,6.3,27.95,25.9,,-8.5
"2025-08-02 22:23:47",646,391,93568,-36.540397,-71.882327,12.75,9.5,28.01,26,,-8.6
"2025-08-02 22:23:48",638,383,93647,0,,13.1,11.4,28.05,26.15,,-8.6
"2025-08-02 22:23:49",630,375,93730,0,,13.45,8.7,28.09,26.3,,-8.6
"2025-08-02 22:23:50",622,367,93814,-36.540047,-71.882253,12.5,8.6,28.15,26.4,32.5,-8.5
"2025-08-02 22:23:51",615,360,93894,0,,12.5,14.2,28.19,26.45,,-8.4
"2025-08-02 22:23:52",607,352,93977,0,,13.3,11.8,28.26,26.5,,-8.3
"2025-08-02 22:23:53",599,344,94060,-36.539705,-71.882167,12.95,9.3,28.33,26.55,,-8.3
"2025-08-02 22:23:55",590,335,94157,0,,12.4,9.2,28.37,26.6,,-8.2
"2025-08-02 22:23:56",582,327,94239,0,,11.95,13.6,28.45,26.55,,-8.1
"2025-08-02 22:23:57",574,319,94322,-36.539375,-71.882082,12.75,14.6,28.52,26.5,,-8.1
"2025-08-02 22:23:58",565,310,94417,0,,12.7,13,28.6,26.5,,-8
"2025-08-02 22:23:59",557,302,94504,0,,11.9,12.8,28.7,26.45,,-8
"2025-08-02 22:24:00",549,294,94592,-36.53905,-71.881985,12.55,15.3,28.77,26.4,,-7.9
"2025-08-02 22:24:00",542,287,94665,0,,12.8,11.3,28.83,26.35,,-8
"2025-08-02 22:24:01",533,278,94759,0,,12.2,11.1,28.9,26.3,,-8.1
"2025-08-02 22:24:02",524,269,94854,-36.53872,-71.881895,12.55,16.4,28.97,26.3,,-8.2
"2025-08-02 22:24:03",515,260,94943,0,,13.45,14.5,29.05,26.3,,-8.3
"2025-08-02 22:24:04",506,251,95039,0,,12.7,14.5,29.12,26.25,,-8.4
"2025-08-02 22:24:05",497,242,95136,-36.538385,-71.881778,12.25,19.2,29.21,26.2,,-8.5
"2025-08-02 22:24:06",489,234,95221,0,,12.7,19.1,29.28,26.15,,-8.4
"2025-08-02 22:24:07",481,226,95304,0,,12.6,16.6,29.31,26.15,,-8.4
"2025-08-02 22:24:08",474,219,95388,-36.53806,-71.881652,12.05,15.2,29.4,26.05,,-8.4
"2025-08-02 22:24:10",464,209,95485,0,,11.7,13.1,29.48,26,,-8.4
"2025-08-02 22:24:11",457,202,95568,0,,11.6,14.8,29.54,25.95,,-8.4
"2025-08-02 22:24:12",449,194,95652,-36.537752,-71.881552,11.8,14.2,29.61,25.9,,-8.4
"2025-08-02 22:24:14",431,176,95837,0,,11.55,15.7,29.75,25.7,,-8.3
"2025-08-02 22:24:15",423,168,95928,-36.537445,-71.881442,11.7,21.2,29.84,25.7,,-8.3
"2025-08-02 22:24:17",406,151,96108,0,,13.25,17.7,29.99,25.6,,-8.2
"2025-08-02 22:24:18",397,142,96202,-36.537113,-71.881305,13.65,13.8,30.08,25.55,32.5,-8.2
"2025-08-02 22:24:18",389,134,96291,0,,14.1,14,30.14,25.55,,-8.3
"2025-08-02 22:24:19",379,124,96396,0,,12.25,13.9,30.2,25.55,,-8.5
"2025-08-02 22:24:20",369,114,96502,-36.536773,-71.881192,12.05,20.9,30.23,25.55,,-8.6
"2025-08-02 22:24:21",361,106,96588,0,,12.8,23.9,30.32,25.5,,-8.6
"2025-08-02 22:24:22",353,98,96671,0,,12.55,21.6,30.39,25.5,,-8.6
"2025-08-02 22:24:23",346,91,96754,-36.536458,-71.881038,12.55,21.2,30.45,25.5,,-8.6
"2025-08-02 22:24:25",336,81,96861,0,,13.1,19.9,30.53,25.5,,-8.7
"2025-08-02 22:24:26",327,72,96958,0,,11.95,19.6,30.6,25.45,,-8.7
"2025-08-02 22:24:27",318,63,97056,-36.536147,-71.880898,11.45,20.9,30.68,25.45,,-8.8
"2025-08-02 00:49:57",220,-34,98102,0,,,,20.26,72.1,,
"2025-08-02 00:50:03",220,-34,98104,0,,,,20.24,72.75,20.5,
"2025-08-02 00:50:09",220,-34,98100,0,,,,20.22,71.65,,0
"2025-08-02 00:50:15",220,-34,98098,0,,,,20.23,73.25,,0
"2025-08-02 00:50:21",220,-34,98104,0,,,,20.19,71.55,,0
"2025-08-02 00:50:27",220,-34,98098,0,,,,20.19,71,,0
"2025-08-02 00:50:33",219,-35,98106,0,,,,20.2,73.4,,0
"2025-08-02 00:50:39",220,-34,98102,0,,,,20.22,71.2,,0
"2025-08-02 00:50:45",220,-34,98100,0,,,,20.33,65.85,,0
"2025-08-02 00:50:51",220,-34,98102,0,,,,20.39,67.1,,0
"2025-08-02 00:51:09",220,-34,98102,0,,,,20.42,66.55,,0
"2025-08-02 00:51:15",220,-34,98096,0,,,,20.41,67.15,,0
"2025-08-02 00:51:21",221,-33,98092,0,,,,20.43,66.5,,0.1
"2025-08-02 00:54:29",220,-34,98100,0,,,,20.51,64.45,,0
"2025-08-02 00:54:35",220,-34,98100,0,,,,20.55,64,21.5,0
"2025-08-02 00:54:41",220,-34,98102,0,,,,20.58,64.8,,0
"2025-08-02 00:54:47",219,-35,98106,0,,,,20.61,65.95,,0
"2025-08-02 00:57:36",219,-35,98106,0,,,,20.48,62.2,,0
"2025-08-02 00:57:48",220,-34,98104,0,,,,20.56,65.5,,0
"2025-08-02 00:58:01",220,-34,98104,0,,,,20.54,67.65,,0
"2025-08-02 00:58:07",220,-34,98104,0,,,,20.52,68.7,,0
"2025-08-02 00:58:13",219,-35,98106,0,,,,20.5,67.05,21.75,0
"2025-08-02 00:59:25",219,-35,98108,0,,,,20.53,68.75,,0
"2025-08-02 00:59:49",220,-34,98104,0,,,,20.53,69.45,,0
"2025-08-02 01:04:03",219,-35,98106,0,,,,20.18,69.55,,
"2025-08-02 01:06:29",219,-35,98106,0,,,,20.26,67.85,,0
"2025-08-02 01:14:32",220,-34,98102,0,,,,20.14,66.85,21.5,
"2025-08-02 01:14:38",220,-34,98104,0,,,,20.17,69,,
"2025-08-02 01:14:45",220,-34,98100,0,,,,20.18,69.35,,0
"2025-08-02 01:14:51",220,-34,98104,0,,,,20.18,72.1,,0
"2025-08-02 01:14:57",220,-34,98102,0,,,,20.17,73.7,,0
"2025-08-02 01:15:03",220,-34,98104,0,,,,20.14,73.25,,0
"2025-08-02 01:15:09",220,-34,98104,0,,,,20.13,71.45,,0
"2025-08-02 01:15:15",219,-35,98106,0,,,,20.13,72.8,,0
"2025-08-02 01:15:21",220,-34,98104,0,,,,20.12,73.7,,0
"2025-08-02 01:15:27",220,-34,98100,0,,,,20.11,72.25,21.5,0
"2025-08-02 01:15:33",219,-35,98106,0,,,,20.14,72.8,,0
"2025-08-02 01:15:39",220,-34,98102,0,,,,20.13,71.4,,0
"2025-08-02 01:15:45",220,-34,98102,0,,,,20.13,69.35,,0
"2025-08-02 01:15:51",220,-34,98102,0,,,,20.14,69.35,,0
"2025-08-02 01:15:57",220,-34,98100,0,,,,20.14,68.2,,0
"2025-08-02 01:16:03",220,-34,98102,0,,,,20.13,70.7,,0
"2025-08-02 01:16:09",219,-35,98106,0,,,,20.12,69.9,,0
"2025-08-02 01:16:15",220,-34,98104,0,,,,20.11,68.85,,0
"2025-08-02 01:16:21",219,-35,98106,0,,,,20.13,66.85,21.5,0
"2025-08-02 01:16:33",219,-35,98106,0,,,,20.22,67.25,,0
"2025-08-02 01:16:45",220,-34,98104,0,,,,20.22,68.25,,0
"2025-08-02 01:16:52",220,-34,98104,0,,,,20.22,67.2,,0
"2025-08-02 01:16:58",219,-35,98106,0,,,,20.24,66.85,,0
"2025-08-02 01:17:10",219,-35,98106,0,,,,20.39,65.7,,0
"2025-08-02 01:17:16",219,-35,98106,0,,,,20.43,64.75,21.5,0
"2025-08-02 01:17:22",220,-34,98102,0,,,,20.47,66.2,,0
"2025-08-02 01:17:28",220,-34,98104,0,,,,20.48,67.7,,0
"2025-08-02 01:17:34",220,-34,98102,0,,,,20.47,67.45,,0
"2025-08-02 01:17:40",220,-34,98102,0,,,,20.48,67.9,,0
"2025-08-02 01:17:46",220,-34,98104,0,,,,20.48,69.7,,0
"2025-08-02 01:17:52",220,-34,98104,0,,,,20.46,69.35,,0
"2025-08-02 01:17:58",220,-34,98104,0,,,,20.49,67.65,,0
"2025-08-02 01:18:04",220,-34,98104,0,,,,20.56,67.8,,0
"2025-08-02 01:18:10",220,-34,98104,0,,,,20.57,68.6,21.5,0
"2025-08-02 01:18:16",219,-35,98108,0,,,,20.56,67.65,,0
"2025-08-02 01:18:22",220,-34,98102,0,,,,20.56,67.55,,0
"2025-08-02 01:18:28",220,-34,98102,0,,,,20.55,68.5,,0
"2025-08-02 01:18:34",220,-34,98104,0,,,,20.54,69.1,,0
"2025-08-02 01:18:40",220,-34,98104,0,,,,20.52,69.8,,0
"2025-08-02 01:18:46",220,-34,98100,0,,,,20.5,68.55,,0
"2025-08-02 01:18:59",220,-34,98102,0,,,,20.49,71.5,,0
"2025-08-02 01:19:05",220,-34,98104,0,,,,20.46,72.3,21.75,0
"2025-08-02 01:19:11",220,-34,98100,0,,,,20.42,70.3,,0
"2025-08-02 01:19:17",220,-34,98104,0,,,,20.39,68,,0
"2025-08-02 01:19:23",220,-34,98102,0,,,,20.4,69.9,,0
"2025-08-02 01:19:29",220,-34,98104,0,,,,20.4,70.7,,0
"2025-08-02 01:19:41",220,-34,98104,0,,,,20.37,70.3,,0
"2025-08-02 01:19:53",220,-34,98104,0,,,,20.33,70.3,,0
"2025-08-02 01:19:59",220,-34,98100,0,,,,20.34,68.7,21.75,0
"2025-08-02 01:20:05",220,-34,98100,0,,,,20.38,68.05,,0
"2025-08-02 01:20:17",220,-34,98102,0,,,,20.38,71.5,,0
"2025-08-02 01:20:23",220,-34,98104,0,,,,20.34,71.5,,0
"2025-08-02 01:20:29",220,-34,98104,0,,,,20.33,71.7,,0
"2025-08-02 01:20:35",220,-34,98102,0,,,,20.28,70.75,,0
"2025-08-02 01:20:41",219,-35,98108,0,,,,20.27,70.25,,0
"2025-08-02 01:20:47",220,-34,98104,0,,,,20.27,71.45,,0
"2025-08-02 01:21:00",220,-34,98100,0,,,,20.26,71.2,,0
"2025-08-02 01:21:06",220,-34,98102,0,,,,20.24,71.65,,0
"2025-08-02 01:21:18",221,-33,98092,0,,,,20.37,72.4,,0.1
"2025-08-02 01:21:24",221,-33,98090,0,,,,21.38,55.75,,0.1
