timestamp,msl,agl,pressure,latitude,longitude,speed,heading,temperature,relative_humidity,internal_temperature,rise_speed
"2025-08-02 22:00:18",275,-1,97236,-36.690452,-71.904998,6.65,26.9,31.9,22.25,37.25,0.4
"2025-08-02 22:00:19",278,1,97196,0,,,,31.87,22.2,,0.7
"2025-08-02 22:00:20",283,6,97149,0,,,,31.85,22.2,,1.1
"2025-08-02 22:00:21",287,10,97102,0,,,,31.84,22.15,,1.4
"2025-08-02 22:00:22",290,13,97076,0,,8.2,23.3,31.85,22.05,,1.6
"2025-08-02 22:00:23",292,15,97051,0,,9.25,358.2,31.81,22,,1.8
"2025-08-02 22:00:24",294,17,97026,-36.690055,-71.904903,8.85,11,31.78,21.9,,2
"2025-08-02 22:00:26",299,22,96969,0,,10.15,4.1,31.72,21.8,,2
"2025-08-02 22:00:27",302,25,96942,-36.689763,-71.904845,9.5,12.1,31.68,21.75,,2.1
"2025-08-02 22:00:28",306,29,96901,0,,12.65,14.2,31.67,21.75,,2.2
"2025-08-02 22:00:29",310,33,96861,0,,11.75,3.7,31.65,21.7,,2.3
"2025-08-02 22:00:30",313,36,96822,-36.6895,-71.904762,7.6,16.8,31.62,21.7,,2.9
"2025-08-02 22:00:31",316,39,96793,0,,10.3,34.7,31.64,21.75,,3.1
"2025-08-02 22:00:32",319,42,96764,0,,11.75,15.9,31.61,21.75,,3
"2025-08-02 22:00:33",321,44,96736,-36.689245,-71.90461,9.7,32,31.59,21.8,,2.8
"2025-08-02 22:00:34",325,48,96696,0,,10.35,27.3,31.56,21.85,,2.9
"2025-08-02 22:00:35",329,52,96656,0,,11.4,16.2,31.53,21.9,,3.1
"2025-08-02 22:00:36",332,55,96616,-36.688973,-71.904478,10.85,19.2,31.49,21.9,,3.2
"2025-08-02 22:00:37",336,59,96581,0,,,,31.44,21.85,,3.2
"2025-08-02 22:00:38",339,62,96547,0,,,,31.41,21.85,,3.3
"2025-08-02 22:00:39",342,65,96514,0,,,,31.36,21.85,,3.3
"2025-08-02 22:00:40",344,67,96487,0,,13.8,26.6,31.34,21.95,,3.2
"2025-08-02 22:00:41",347,70,96462,0,,11.95,28.5,31.3,21.9,,3.1
"2025-08-02 22:00:42",349,72,96438,-36.688368,-71.90416,11.8,15.1,31.28,21.85,,3
"2025-08-02 22:00:44",350,73,96430,0,,13.3,27.9,31.3,21.75,,2.6
"2025-08-02 22:00:45",350,73,96426,-36.68805,-71.904007,12.65,14.6,31.29,21.75,38,2.4
"2025-08-02 22:00:46",351,74,96412,0,,12.1,20.5,31.27,21.75,,2.3
"2025-08-02 22:00:47",353,76,96399,0,,14.2,21.4,31.23,21.75,,2.1
"2025-08-02 22:00:48",354,77,96386,-36.687723,-71.903865,11.9,15.1,31.25,21.75,,1.9
"2025-08-02 22:00:49",355,78,96374,0,,,,31.22,21.7,,1.7
"2025-08-02 22:00:50",356,79,96362,0,,,,31.2,21.7,,1.6
"2025-08-02 22:00:51",357,80,96350,0,,,,31.17,21.75,,1.4
"2025-08-02 22:00:52",358,81,96338,0,,12.4,13.4,31.15,21.8,,1.3
"2025-08-02 22:00:53",359,82,96326,0,,13.65,21,31.18,21.8,,1.2
"2025-08-02 22:00:54",360,83,96314,-36.687085,-71.9036,11.05,14.1,31.19,21.8,,1.1
"2025-08-02 22:00:56",362,85,96302,0,,13.6,26,31.22,21.75,,0.9
"2025-08-02 22:00:57",362,85,96296,-36.686765,-71.903462,11.6,12.8,31.19,21.75,,1
"2025-08-02 22:00:58",364,87,96277,0,,12.55,15.4,31.16,21.75,,1.1
"2025-08-02 22:00:59",366,89,96258,0,,12.95,28.3,31.2,21.75,,1.1
"2025-08-02 22:01:00",367,90,96240,-36.686433,-71.903318,12.65,13.4,31.18,21.75,,1.1
"2025-08-02 22:01:01",368,91,96231,0,,14,15.5,31.18,21.7,,1.1
"2025-08-02 22:01:02",369,92,96224,0,,12.75,22.7,31.19,21.65,,1.1
"2025-08-02 22:01:03",369,92,96218,-36.686105,-71.903178,11.4,18,31.17,21.65,,1
"2025-08-02 22:01:04",371,94,96199,0,,14.35,20.7,31.17,21.6,,1.1
"2025-08-02 22:01:05",373,96,96176,0,,12.4,18.5,31.16,21.6,,1.2
"2025-08-02 22:01:06",375,98,96154,-36.685778,-71.90304,11.6,16.3,31.13,21.6,,1.2
"2025-08-02 22:01:07",376,99,96145,0,,13.95,24.7,31.08,21.65,,1.2
"2025-08-02 22:01:08",377,100,96137,0,,12.55,16,31.06,21.65,,1.3
"2025-08-02 22:01:09",378,101,96130,-36.685453,-71.902923,10.95,13.9,31.05,21.75,,1.3
"2025-08-02 22:01:10",379,102,96117,0,,13.7,14.8,31.04,21.75,,1.2
"2025-08-02 22:01:11",380,103,96103,0,,12.3,21.9,31.06,21.8,,1.2
"2025-08-02 22:01:12",381,104,96090,-36.685133,-71.9028,10.65,16.5,31.03,21.8,38.5,1.2
"2025-08-02 22:01:13",383,106,96074,0,,14,17.3,31,21.8,,1.2
"2025-08-02 22:01:14",384,107,96059,0,,13.85,16.7,30.97,21.9,,1.3
"2025-08-02 22:01:15",386,109,96044,-36.684777,-71.902682,13.3,14,30.96,21.95,,1.3
"2025-08-02 22:01:16",389,112,96010,0,,13.05,10.5,30.91,21.95,,1.5
"2025-08-02 22:01:17",392,115,95976,0,,13.6,15.3,30.89,22,,1.6
"2025-08-02 22:01:18",395,118,95942,-36.684393,-71.902558,15.6,17.7,30.87,22,,1.6
"2025-08-02 22:01:19",397,120,95923,0,,15.6,17.7,30.85,22,,1.7
"2025-08-02 22:01:20",398,121,95907,0,,13.85,13,30.82,22,,1.8
"2025-08-02 22:01:21",400,123,95892,-36.68403,-71.902448,12.1,16.4,30.81,22,,1.8
"2025-08-02 22:01:23",404,127,95845,0,,15.05,12.1,30.76,22.05,,2
"2025-08-02 22:01:24",407,130,95820,-36.683638,-71.902345,14.15,10.3,30.72,22.05,,2
"2025-08-02 22:01:27",417,140,95708,-36.683265,-71.902247,13.8,13.1,30.7,22.1,,2.5
"2025-08-02 22:01:29",421,144,95663,0,,14.6,8,30.71,22.1,,2.5
"2025-08-02 22:01:30",423,146,95642,-36.682897,-71.90214,12.35,15.9,30.7,22.05,,2.4
"2025-08-02 22:01:31",424,147,95637,0,,,,30.68,22.05,,2.2
"2025-08-02 22:01:32",424,147,95633,0,,,,30.63,22.05,,2.1
"2025-08-02 22:01:33",424,147,95630,0,,,,30.68,22.1,,2
"2025-08-02 22:01:35",427,150,95600,0,,13.5,8.9,30.6,22.05,,2
"2025-08-02 22:01:36",429,152,95586,-36.682188,-71.901922,12.55,20.4,30.61,22.1,,1.9
"2025-08-02 22:01:38",434,157,95525,0,,13.4,12.2,30.55,22.1,,2
"2025-08-02 22:01:39",437,160,95496,-36.681837,-71.90181,13,21.7,30.54,22.15,39,1.6
"2025-08-02 22:01:41",439,162,95476,0,,13.4,14.4,30.46,22.1,,1.5
"2025-08-02 22:01:42",440,163,95466,-36.68148,-71.901698,12.95,19.5,30.46,22.15,,1.4
"2025-08-02 22:01:43",442,165,95441,0,,13.2,10.2,30.43,22.15,,1.5
"2025-08-02 22:01:44",444,167,95416,0,,13.85,15.8,30.42,22.2,,1.7
"2025-08-02 22:01:45",447,170,95392,-36.68112,-71.901583,12.9,19.8,30.43,22.2,,1.9
"2025-08-02 22:01:46",448,171,95380,0,,13.95,7.8,30.41,22.2,,1.8
"2025-08-02 22:01:47",449,172,95368,0,,14.15,15.8,30.37,22.2,,1.8
"2025-08-02 22:01:48",450,173,95356,-36.680762,-71.901465,13.2,20.6,30.39,22.25,,1.8
"2025-08-02 22:01:49",452,175,95335,0,,14.05,9.6,30.35,22.3,,1.8
"2025-08-02 22:01:50",454,177,95315,0,,14.8,15.6,30.32,22.25,,1.8
"2025-08-02 22:01:51",456,179,95296,-36.680402,-71.90137,12.05,12,30.29,22.35,,1.7
"2025-08-02 22:01:52",458,181,95272,0,,13.85,8.3,30.27,22.35,,1.6
"2025-08-02 22:01:53",460,183,95249,0,,14.5,19.6,30.32,22.35,,1.7
"2025-08-02 22:01:54",462,185,95226,-36.680047,-71.901272,12.15,8.1,30.3,22.35,,1.8
"2025-08-02 22:01:55",464,187,95210,0,,13.9,11.2,30.23,22.4,,1.8
"2025-08-02 22:01:56",465,188,95195,0,,13.7,19.3,30.26,22.4,,1.7
"2025-08-02 22:01:57",467,190,95180,-36.6797,-71.901177,12.1,3.8,30.23,22.4,,1.7
"2025-08-02 22:01:58",469,192,95158,0,,14,13.3,30.22,22.35,,1.7
"2025-08-02 22:01:59",471,194,95138,0,,13.15,18,30.23,22.35,,1.8
"2025-08-02 22:02:00",473,196,95118,-36.679347,-71.90108,12.8,4.4,30.18,22.4,,1.9
"2025-08-02 22:02:01",474,197,95103,0,,14.2,15.7,30.18,22.4,,1.8
"2025-08-02 22:02:02",475,198,95088,0,,12.7,15.7,30.18,22.4,,1.8
"2025-08-02 22:02:03",477,200,95074,-36.678988,-71.90098,13.1,5.7,30.14,22.4,,1.7
"2025-08-02 22:02:04",478,201,95057,0,,15.25,18.2,30.13,22.4,,1.7
"2025-08-02 22:02:05",480,203,95040,0,,13.4,26.2,30.11,22.4,,1.6
"2025-08-02 22:02:06",481,204,95024,-36.67862,-71.90085,13.65,6.3,30.07,22.45,38.75,1.6
"2025-08-02 22:02:07",483,206,95007,0,,15.55,15.1,30.08,22.45,,1.6
"2025-08-02 22:02:08",484,207,94991,0,,14.15,7.7,30.04,22.45,,1.6
"2025-08-02 22:02:09",486,209,94976,-36.678243,-71.900758,14,9.6,30.02,22.5,,1.6
"2025-08-02 22:02:10",488,211,94958,0,,14.2,19.1,30.07,22.5,,1.6
"2025-08-02 22:02:11",489,212,94938,0,,12.6,6.8,30.02,22.5,,1.6
"2025-08-02 22:02:12",491,214,94918,-36.677888,-71.900667,14,10.1,29.99,22.5,,1.6
"2025-08-02 22:02:13",494,217,94894,0,,13.6,18,30,22.45,,1.6
"2025-08-02 22:02:14",496,219,94871,0,,12.8,7.5,29.98,22.5,,1.7
"2025-08-02 22:02:15",498,221,94848,-36.677552,-71.900578,12.25,12.6,29.92,22.5,,1.7
"2025-08-02 22:02:16",500,223,94822,0,,13.05,14.2,29.87,22.55,,1.8
"2025-08-02 22:02:17",503,226,94798,0,,12.1,9.7,29.83,22.6,,1.9
"2025-08-02 22:02:18",505,228,94774,-36.677222,-71.900473,12.65,18.3,29.79,22.6,,2
"2025-08-02 22:02:19",506,229,94767,0,,13.35,18.3,29.75,22.7,,1.9
"2025-08-02 22:02:20",506,229,94759,0,,11.3,11.4,29.73,22.8,,1.8
"2025-08-02 22:02:21",507,230,94752,-36.676875,-71.900377,14.15,11.4,29.77,22.8,,1.8
"2025-08-02 22:02:22",509,232,94734,0,,14.15,16,29.75,22.85,,1.8
"2025-08-02 22:02:23",510,233,94717,0,,11.6,12.6,29.73,22.85,,1.7
"2025-08-02 22:02:24",512,235,94700,-36.676528,-71.900278,14,12.6,29.77,22.9,,1.7
"2025-08-02 22:02:27",521,244,94604,-36.6762,-71.900182,13.75,17.9,29.69,22.9,,1.9
"2025-08-02 22:02:28",523,246,94584,0,,13.4,11.1,29.69,22.95,,1.9
"2025-08-02 22:02:29",525,248,94565,0,,11.95,9,29.67,23,,1.9
"2025-08-02 22:02:30",526,249,94546,-36.675852,-71.900083,14.85,16.3,29.65,23.05,,1.8
"2025-08-02 22:02:31",528,251,94526,0,,12.5,12.1,29.65,23.1,,1.9
"2025-08-02 22:02:32",530,253,94507,0,,12.2,10.7,29.63,23.15,,2
"2025-08-02 22:02:33",532,255,94488,-36.675507,-71.89998,14.6,19.4,29.61,23.15,38.75,2.1
"2025-08-02 22:02:34",533,256,94472,0,,12.7,10.4,29.59,23.25,,2.1
"2025-08-02 22:02:35",535,258,94457,0,,13.1,12.3,29.55,23.15,,2
"2025-08-02 22:02:36",536,259,94442,-36.67514,-71.89988,15.2,16.4,29.54,23.15,,2
"2025-08-02 22:02:37",537,260,94431,0,,13.6,7.4,29.52,23.1,,1.9
"2025-08-02 22:02:38",538,261,94419,0,,13.85,15.1,29.51,23.05,,1.9
"2025-08-02 22:02:39",540,263,94408,-36.674763,-71.899778,15.2,15.9,29.49,23,,1.5
"2025-08-02 22:02:40",541,264,94391,0,,13.45,4.6,29.48,23,,1.5
"2025-08-02 22:02:41",543,266,94374,0,,14,17.9,29.45,22.95,,1.5
"2025-08-02 22:02:42",544,267,94358,-36.674388,-71.899675,14.85,14.6,29.45,23,,1.5
"2025-08-02 22:02:43",546,269,94337,0,,14.05,6.3,29.42,23,,1.5
"2025-08-02 22:02:44",548,271,94316,0,,14.6,20.1,29.38,23,,1.5
"2025-08-02 22:02:45",550,273,94296,-36.674013,-71.899567,14.35,13.3,29.36,23,,1.5
"2025-08-02 22:02:46",551,274,94287,0,,14.6,6.4,29.34,23.05,,1.5
"2025-08-02 22:02:47",552,275,94278,0,,13.85,20.5,29.33,23.05,,1.4
"2025-08-02 22:02:48",553,276,94270,-36.673637,-71.899457,14.15,12.4,29.33,23.05,,1.4
"2025-08-02 22:02:49",555,278,94242,0,,14.2,7.2,29.31,23.1,,1.5
"2025-08-02 22:02:50",558,281,94216,0,,13.55,20.2,29.3,23.1,,1.6
"2025-08-02 22:02:51",560,283,94190,-36.67326,-71.899345,13.85,11.5,29.3,23.15,,1.7
"2025-08-02 22:02:52",560,283,94188,0,,13.75,10.4,29.3,23.2,,1.6
"2025-08-02 22:02:53",560,283,94187,0,,13.9,15.3,29.3,23.15,,1.5
"2025-08-02 22:02:54",561,284,94186,-36.672872,-71.899253,13.85,6.2,29.3,23.1,,1.4
"2025-08-02 22:02:56",567,290,94121,0,,13.95,18.7,29.31,23.05,,1.5
"2025-08-02 22:02:57",570,293,94090,-36.67249,-71.899147,15.05,5.1,29.3,23,,1.6
"2025-08-02 22:02:58",571,294,94074,0,,14.55,15.3,29.28,23,,1.6
"2025-08-02 22:02:59",573,296,94058,0,,14,14.4,29.27,23,,1.7
"2025-08-02 22:03:00",574,297,94042,-36.67211,-71.899045,14.95,5.1,29.26,23,39.25,1.7
"2025-08-02 22:03:01",576,299,94019,0,,14.75,17.8,29.2,23.05,,1.8
"2025-08-02 22:03:02",578,301,93997,0,,13.4,15.3,29.15,23.05,,1.8
"2025-08-02 22:03:03",580,303,93976,-36.671738,-71.898935,14.6,6.3,29.09,23.05,,1.8
"2025-08-02 22:03:04",582,305,93955,0,,14.6,18.3,29.06,23.05,,1.8
"2025-08-02 22:03:05",584,307,93935,0,,13.95,10.7,29.05,23.1,,2
"2025-08-02 22:03:06",586,309,93916,-36.671358,-71.89884,14.9,4.7,29.01,23.1,,2.1
"2025-08-02 22:03:07",587,310,93902,0,,14.55,19.4,29.01,23.15,,2.1
"2025-08-02 22:03:08",589,312,93889,0,,14.55,19.4,29.03,23.15,,1.8
"2025-08-02 22:03:09",590,313,93876,-36.670985,-71.898735,15,6.7,29.04,23.1,,1.7
"2025-08-02 22:03:10",592,315,93856,0,,14.6,20.4,29.14,23.15,,1.7
"2025-08-02 22:03:11",594,317,93834,0,,14.05,7.4,29.11,23.1,,1.8
"2025-08-02 22:03:12",596,319,93812,-36.670612,-71.898633,14.3,8.7,29.08,23.05,,1.8
"2025-08-02 22:03:13",597,320,93801,0,,14.3,8.7,29.12,23.05,,1.7
"2025-08-02 22:03:14",598,321,93791,0,,14.1,5.3,29.09,23.1,,1.6
"2025-08-02 22:03:15",599,322,93782,-36.670245,-71.898533,14.15,10.2,29.08,23.1,,1.5
"2025-08-02 22:03:16",601,324,93755,0,,13.25,19.5,29.13,23.1,,1.6
"2025-08-02 22:03:17",604,327,93729,0,,13.1,5.3,29.09,23.15,,1.6
"2025-08-02 22:03:18",606,329,93704,-36.669883,-71.898433,15,15,29.06,23.2,,1.7
"2025-08-02 22:03:19",608,331,93684,0,,13.2,14.2,29.09,23.25,,1.7
"2025-08-02 22:03:20",610,333,93664,0,,12.55,1.7,29.05,23.25,,1.8
"2025-08-02 22:03:21",612,335,93644,-36.66953,-71.898358,13.75,13.2,28.98,23.25,,1.8
"2025-08-02 22:03:22",614,337,93624,0,,13.45,11.5,28.93,23.25,,1.8
"2025-08-02 22:03:23",616,339,93606,0,,13.2,3.5,28.87,23.3,,1.8
"2025-08-02 22:03:24",617,340,93588,-36.669168,-71.89828,13.1,15.6,28.83,23.35,,1.8
"2025-08-02 22:03:27",622,345,93536,-36.668812,-71.898203,12.9,14.5,28.79,23.5,39.25,1.9
"2025-08-02 22:03:28",625,348,93510,0,,12.7,5.6,28.78,23.5,,2
"2025-08-02 22:03:29",627,350,93486,0,,13.2,7.9,28.77,23.55,,2
"2025-08-02 22:03:30",629,352,93462,-36.66845,-71.898133,13.05,14.7,28.8,23.65,,2
"2025-08-02 22:03:31",630,353,93453,0,,12.85,2,28.77,23.65,,1.8
"2025-08-02 22:03:32",631,354,93445,0,,13.45,8.2,28.76,23.65,,1.7
"2025-08-02 22:03:33",632,355,93438,-36.668095,-71.898067,13.3,13.7,28.74,23.65,,1.7
"2025-08-02 22:03:34",634,357,93413,0,,12.6,2.6,28.74,23.65,,1.7
"2025-08-02 22:03:35",636,359,93387,0,,14.1,10.3,28.74,23.65,,1.8
"2025-08-02 22:03:36",639,362,93362,-36.667742,-71.897993,13.7,13.5,28.68,23.7,,1.8
"2025-08-02 22:03:37",641,364,93340,0,,11.8,4.7,28.64,23.7,,1.8
"2025-08-02 22:03:38",643,366,93321,0,,14.45,9.9,28.65,23.7,,1.8
"2025-08-02 22:03:39",645,368,93302,-36.667382,-71.897925,13.45,11.1,28.67,23.7,,1.8
"2025-08-02 22:03:40",646,369,93291,0,,12.7,1.8,28.64,23.75,,1.7
"2025-08-02 22:03:41",647,370,93279,0,,15.4,9.9,28.56,23.7,,1.6
"2025-08-02 22:03:42",648,371,93268,-36.66702,-71.897852,13,12.9,28.53,23.75,,1.5
"2025-08-02 22:03:43",650,373,93248,0,,12.55,5.7,28.52,23.8,,1.6
"2025-08-02 22:03:44",651,374,93231,0,,15.6,9.9,28.52,23.8,,1.7
"2025-08-02 22:03:45",653,376,93214,-36.666645,-71.897783,12.75,8.4,28.53,23.8,,1.8
"2025-08-02 22:03:46",654,377,93202,0,,12.75,8.4,28.49,23.75,,1.7
"2025-08-02 22:03:47",655,378,93190,0,,15.3,10.1,28.46,23.75,,1.6
"2025-08-02 22:03:48",656,379,93178,-36.66628,-71.897698,11.95,13,28.46,23.8,,1.4
"2025-08-02 22:03:49",658,381,93163,0,,14.1,6.5,28.4,23.75,,1.5
"2025-08-02 22:03:50",659,382,93147,0,,15.2,9.9,28.36,23.75,,1.4
"2025-08-02 22:03:51",661,384,93132,-36.665915,-71.897613,12,14.6,28.38,23.8,,1.4
"2025-08-02 22:03:53",664,387,93099,0,,14.25,13.1,28.36,23.8,,1.4
"2025-08-02 22:03:54",665,388,93084,-36.665548,-71.897532,12.5,11.9,28.33,23.85,39.25,1.4
"2025-08-02 22:03:57",670,393,93038,-36.665188,-71.897453,12.45,9.6,28.29,23.85,,1.4
"2025-08-02 22:03:59",674,397,92990,0,,12.75,16.5,28.2,23.85,,1.6
"2025-08-02 22:04:00",677,400,92964,-36.664828,-71.89737,13.1,7.5,28.18,23.9,,1.7
"2025-08-02 22:04:02",680,403,92933,0,,12.25,15.8,28.18,23.95,,1.7
"2025-08-02 22:04:03",681,404,92918,-36.664465,-71.897283,14.35,11,28.18,24,,1.7
"2025-08-02 22:04:05",685,408,92875,0,,12.25,7.4,28.16,24.1,,1.8
"2025-08-02 22:04:06",687,410,92854,-36.664103,-71.897207,14.9,13.7,28.13,24.15,,1.8
"2025-08-02 22:04:08",690,413,92823,0,,12.05,12.1,28.12,24.2,,1.8
"2025-08-02 22:04:09",692,415,92808,-36.663742,-71.897128,15.35,9.6,28.13,24.2,,1.8
"2025-08-02 22:04:10",693,416,92794,0,,13.5,8.4,28.09,24.2,,1.8
"2025-08-02 22:04:11",695,418,92779,0,,12.2,12.2,28.06,24.2,,1.7
"2025-08-02 22:04:12",696,419,92764,-36.663378,-71.897063,15.1,6.6,28.06,24.2,,1.6
"2025-08-02 22:04:13",698,421,92743,0,,13.5,6.4,28.09,24.25,,1.6
"2025-08-02 22:04:14",700,423,92723,0,,11.65,8.8,28.1,24.25,,1.7
"2025-08-02 22:04:15",702,425,92704,-36.663033,-71.897012,13.6,6.4,28.09,24.35,,1.7
"2025-08-02 22:04:16",703,426,92694,0,,12.95,3.2,28.04,24.35,,1.6
"2025-08-02 22:04:17",704,427,92685,0,,12.8,12.2,28.02,24.4,,1.5
"2025-08-02 22:04:18",704,427,92676,-36.662677,-71.896948,12.6,11.1,28.03,24.45,,1.4
"2025-08-02 22:04:19",707,430,92649,0,,12.85,0.1,28,24.45,,1.5
"2025-08-02 22:04:20",709,432,92625,0,,12.65,8.6,27.95,24.5,,1.6
"2025-08-02 22:04:21",712,435,92602,-36.662315,-71.896897,14.8,10.4,27.93,24.6,39.25,1.6
"2025-08-02 22:04:22",712,435,92599,0,,13.1,0.3,27.9,24.65,,1.6
"2025-08-02 22:04:23",712,435,92595,0,,12.1,15.5,27.9,24.65,,1.5
"2025-08-02 22:04:24",713,436,92592,-36.661953,-71.89684,15.2,6.7,27.91,24.65,,1.4
"2025-08-02 22:04:26",718,441,92533,0,,13.5,16.4,27.89,24.55,,1.6
"2025-08-02 22:04:27",721,444,92504,-36.661605,-71.896768,13.35,5.8,27.86,24.55,,1.6
"2025-08-02 22:04:28",721,444,92500,0,,12.55,5.7,27.86,24.5,,1.5
"2025-08-02 22:04:29",722,445,92497,0,,15.1,12.4,27.9,24.55,,1.5
"2025-08-02 22:04:30",722,445,92494,-36.661248,-71.89669,13.2,8.9,27.85,24.55,,1.4
"2025-08-02 22:04:31",725,448,92466,0,,11.7,7.4,27.82,24.6,,1.6
"2025-08-02 22:04:32",727,450,92437,0,,13.8,8.8,27.82,24.65,,1.6
"2025-08-02 22:04:33",730,453,92408,-36.660908,-71.896622,12.55,11.3,27.79,24.7,,1.6
"2025-08-02 22:04:34",732,455,92389,0,,12,7,27.78,24.7,,1.7
"2025-08-02 22:04:35",734,457,92372,0,,13.95,5.1,27.75,24.8,,1.8
"2025-08-02 22:04:36",735,458,92356,-36.660568,-71.89656,12.65,14.3,27.68,24.8,,1.9
"2025-08-02 22:04:37",736,459,92344,0,,11.75,3.5,27.65,24.95,,1.8
"2025-08-02 22:04:38",737,460,92334,0,,14,7.5,27.65,24.95,,1.6
"2025-08-02 22:04:39",738,461,92324,-36.660223,-71.896493,12.65,17.2,27.64,25.05,,1.4
"2025-08-02 22:04:40",740,463,92310,0,,12.2,1.1,27.64,25.05,,1.4
"2025-08-02 22:04:41",741,464,92294,0,,13.55,9.6,27.66,25.05,,1.5
"2025-08-02 22:04:42",743,466,92278,-36.659883,-71.896428,12.15,16,27.66,25.05,,1.6
"2025-08-02 22:04:43",745,468,92254,0,,13.5,1.5,27.62,25.05,,1.7
"2025-08-02 22:04:44",747,470,92232,0,,12.55,9.4,27.62,25.05,,1.6
"2025-08-02 22:04:45",749,472,92210,-36.659538,-71.89637,12.05,12.3,27.62,25.05,,1.6
"2025-08-02 22:04:46",750,473,92198,0,,12.55,3.4,27.63,24.9,,1.6
"2025-08-02 22:04:47",752,475,92186,0,,11.9,6.5,27.62,24.8,,1.5
"2025-08-02 22:04:48",753,476,92174,-36.6592,-71.896317,12.45,12,27.61,24.75,39.25,1.5
"2025-08-02 22:04:49",755,478,92150,0,,13.4,4.7,27.59,24.7,,1.5
"2025-08-02 22:04:50",757,480,92127,0,,10.8,8.6,27.52,24.7,,1.6
"2025-08-02 22:04:51",759,482,92104,-36.658863,-71.89626,13.5,10.8,27.5,24.7,,1.7
"2025-08-02 22:04:52",761,484,92087,0,,13.15,4.8,27.49,24.65,,1.8
"2025-08-02 22:04:53",763,486,92069,0,,10.6,10.5,27.47,24.65,,1.8
"2025-08-02 22:04:54",764,487,92052,-36.658523,-71.896202,14.15,8.2,27.47,24.55,,1.8
"2025-08-02 22:04:56",764,487,92058,0,,,,27.44,24.5,,1.5
"2025-08-02 22:04:57",764,487,92062,0,,,,27.45,24.4,,1.3
"2025-08-02 22:04:58",765,488,92044,0,,13.1,5.7,27.43,24.4,,1.2
"2025-08-02 22:04:59",767,490,92026,0,,11.85,8.9,27.41,24.35,,1.3
"2025-08-02 22:05:00",769,492,92008,-36.65783,-71.896125,13.75,360,27.43,24.3,,1.3
"2025-08-02 22:05:01",771,494,91979,0,,13.55,10.1,27.42,24.25,,1.5
"2025-08-02 22:05:02",774,497,91948,0,,12.65,9,27.39,24.25,,1.5
"2025-08-02 22:05:03",777,500,91918,-36.657475,-71.896078,13.25,358.2,27.34,24.2,,1.6
"2025-08-02 22:05:04",778,501,91907,0,,13.3,12.6,27.32,24.25,,1.4
"2025-08-02 22:05:05",779,502,91896,0,,12.65,3.3,27.35,24.25,,1.4
"2025-08-02 22:05:06",780,503,91886,-36.657107,-71.896042,14.1,358.9,27.36,24.3,,1.3
"2025-08-02 22:05:07",782,505,91871,0,,14,10.8,27.49,24.35,,1.3
"2025-08-02 22:05:08",783,506,91857,0,,12.4,2.6,27.5,24.35,,1.6
"2025-08-02 22:05:09",785,508,91844,-36.656748,-71.896007,13.8,359.8,27.48,24.25,,1.8
"2025-08-02 22:05:10",786,509,91825,0,,13.5,10,27.52,24.25,,1.7
"2025-08-02 22:05:11",788,511,91808,0,,12.1,356.7,27.5,24.2,,1.7
"2025-08-02 22:05:12",790,513,91792,-36.656388,-71.895982,12.7,2.5,27.47,24.15,,1.7
"2025-08-02 22:05:13",791,514,91778,0,,13.4,8.6,27.47,24.15,,1.6
"2025-08-02 22:05:14",792,515,91762,0,,12.95,354.6,27.44,24.2,,1.5
"2025-08-02 22:05:15",794,517,91746,-36.656023,-71.89596,12.9,6.1,27.42,24.2,39,1.4
"2025-08-02 22:05:16",795,518,91739,0,,13.05,5.8,27.44,24.1,,1.3
"2025-08-02 22:05:17",795,518,91733,0,,13.1,356.4,27.43,24,,1.3
"2025-08-02 22:05:18",796,519,91728,-36.655663,-71.895935,13.55,8.3,27.44,23.95,,1.3
"2025-08-02 22:05:19",798,521,91700,0,,14.1,4.1,27.46,23.85,,1.4
"2025-08-02 22:05:20",801,524,91674,0,,14.1,4.1,27.42,23.85,,1.5
"2025-08-02 22:05:21",804,527,91648,-36.655283,-71.895908,14.2,9.7,27.35,23.9,,1.6
"2025-08-02 22:05:22",805,528,91637,0,,14.35,3.7,27.32,24.05,,1.5
"2025-08-02 22:05:23",806,529,91626,0,,14.55,354.5,27.3,24.05,,1.5
"2025-08-02 22:05:24",807,530,91616,-36.654893,-71.895897,14.3,9.1,27.27,24.1,,1.5
"2025-08-02 22:05:26",807,530,91610,0,,13.35,358.3,27.24,24.2,,1.2
"2025-08-02 22:05:27",807,530,91608,-36.654513,-71.89589,14.25,6.7,27.32,24.2,,1.1
"2025-08-02 22:05:28",810,533,91578,0,,14.2,355,27.29,24.25,,1.2
"2025-08-02 22:05:29",813,536,91549,0,,12.9,2.3,27.29,24.25,,1.4
"2025-08-02 22:05:30",816,539,91520,-36.654135,-71.89588,14.95,6.9,27.35,24.25,,1.6
"2025-08-02 22:05:31",817,540,91511,0,,14.1,352.9,27.28,24.2,,1.5
"2025-08-02 22:05:32",818,541,91503,0,,13.15,3.9,27.24,24.2,,1.4
"2025-08-02 22:05:33",818,541,91496,-36.653767,-71.895875,14.8,3.5,27.24,24.15,,1.2
"2025-08-02 22:05:34",818,541,91496,0,,12.8,354.5,27.22,24.15,,1.1
"2025-08-02 22:05:35",818,541,91496,0,,14.35,5.5,27.23,24.2,,1.1
"2025-08-02 22:05:36",818,541,91496,-36.6534,-71.895863,14.25,1.8,27.21,24.2,,1
"2025-08-02 22:05:37",821,544,91469,0,,11.95,357.1,27.2,24.2,,1.1
"2025-08-02 22:05:38",823,546,91444,0,,14.35,1.8,27.19,24.2,,1.3
"2025-08-02 22:05:39",826,549,91420,-36.653037,-71.895855,13.8,1.9,27.17,24.2,,1.5
"2025-08-02 22:05:40",827,550,91407,0,,12.5,0.7,27.16,24.2,,1.4
"2025-08-02 22:05:41",828,551,91394,0,,15.5,3.1,27.15,24.2,,1.2
"2025-08-02 22:05:42",829,552,91382,-36.652663,-71.895833,13.3,4.3,27.13,24.2,39,1.1
"2025-08-02 22:05:43",830,553,91374,0,,12.7,0.6,27.12,24.2,,1.1
"2025-08-02 22:05:44",831,554,91366,0,,15.55,4,27.13,24.2,,1.1
"2025-08-02 22:05:45",832,555,91358,-36.652295,-71.895812,12.6,1.8,27.09,24.2,,1.1
"2025-08-02 22:05:46",833,556,91344,0,,13,3.4,27.07,24.2,,1.1
"2025-08-02 22:05:47",834,557,91331,0,,15.35,7.4,27.09,24.1,,1.2
"2025-08-02 22:05:48",835,558,91318,-36.651918,-71.895783,13,1.2,27.08,23.9,,1.3
"2025-08-02 22:05:49",836,559,91310,0,,14.45,358.5,27.07,23.65,,1.3
"2025-08-02 22:05:50",837,560,91303,0,,15,4.5,27.11,23.2,,1.1
"2025-08-02 22:05:51",838,561,91296,-36.651538,-71.895765,12.35,4.6,27.12,22.6,,1
"2025-08-02 22:05:52",840,563,91274,0,,15.15,357.9,27.15,21.85,,1.1
"2025-08-02 22:05:53",842,565,91255,0,,15.2,4.9,27.2,21.45,,1.1
"2025-08-02 22:05:54",843,566,91236,-36.651153,-71.895742,12.75,4.6,27.2,21.15,,1.2
"2025-08-02 22:05:57",848,571,91192,-36.650768,-71.895702,12.65,7,27.35,20.3,,1.3
"2025-08-02 22:05:58",851,574,91154,0,,15.55,0.3,27.39,19.95,,1.5
"2025-08-02 22:05:59",854,577,91124,0,,14.25,6.1,27.44,19.7,,1.6
"2025-08-02 22:06:00",857,580,91094,-36.650383,-71.895665,13,6.6,27.47,19.45,,1.8
"2025-08-02 22:06:01",858,581,91089,0,,15.5,359.5,27.44,19.3,,1.7
"2025-08-02 22:06:02",858,581,91083,0,,13.85,10.7,27.43,19.4,,1.7
"2025-08-02 22:06:03",859,582,91078,-36.650002,-71.895622,13.4,4.3,27.43,19.45,,1.7
"2025-08-02 22:06:04",860,583,91064,0,,15.25,1.3,27.42,19.3,,1.7
"2025-08-02 22:06:05",861,584,91052,0,,14.3,13.4,27.38,19,,1.7
"2025-08-02 22:06:06",862,585,91040,-36.649615,-71.895568,13.65,3.3,27.36,18.55,,1.6
"2025-08-02 22:06:07",866,589,91004,0,,14,2.6,27.39,18,,1.7
"2025-08-02 22:06:08",869,592,90972,0,,13.9,10.1,27.44,17.5,,1.8
"2025-08-02 22:06:09",872,595,90940,-36.649222,-71.895523,14.8,1.3,27.44,17.05,39,2
"2025-08-02 22:06:10",874,597,90926,0,,14.2,3.1,27.43,16.8,,2
"2025-08-02 22:06:11",875,598,90910,0,,13.45,8,27.44,16.65,,1.9
"2025-08-02 22:06:12",877,600,90894,-36.64883,-71.895478,15.2,3,27.42,16.5,,1.8
"2025-08-02 22:06:13",879,602,90874,0,,14.95,5.3,27.43,16.25,,1.7
"2025-08-02 22:06:14",880,603,90855,0,,13.4,5.9,27.43,16.1,,1.9
"2025-08-02 22:06:15",882,605,90836,-36.648427,-71.89543,16.35,7,27.43,15.85,,2
"2025-08-02 22:06:16",884,607,90822,0,,14.95,1.4,27.43,15.6,,1.9
"2025-08-02 22:06:17",885,608,90808,0,,13,4.5,27.43,15.35,,1.9
"2025-08-02 22:06:18",886,609,90794,-36.64803,-71.895383,16.45,8.1,27.44,15.15,,1.9
"2025-08-02 22:06:19",887,610,90783,0,,14.25,4.3,27.44,15.05,,1.9
"2025-08-02 22:06:20",889,612,90772,0,,13.55,7,27.46,14.9,,1.8
"2025-08-02 22:06:21",890,613,90762,-36.647647,-71.89532,15.8,9.1,27.49,14.7,,1.6
"2025-08-02 22:06:23",893,616,90727,0,,13.7,7.4,27.49,14.6,,1.5
"2025-08-02 22:06:24",894,617,90712,-36.647268,-71.895262,15.75,5.3,27.47,14.6,,1.5
"2025-08-02 22:06:27",898,621,90678,-36.646883,-71.895198,15.9,4.2,27.43,14.65,,1.3
"2025-08-02 22:06:29",904,627,90618,0,,14.8,6,27.42,14.65,,1.5
"2025-08-02 22:06:30",906,629,90590,-36.646485,-71.895142,16.45,3.6,27.41,14.65,,1.7
"2025-08-02 22:06:32",910,633,90556,0,,14.8,2.6,27.44,14.55,,1.8
"2025-08-02 22:06:33",911,634,90540,-36.646087,-71.895085,16.35,4.8,27.42,14.6,,1.8
"2025-08-02 22:06:35",915,638,90506,0,,14.7,1.7,27.43,14.7,,1.8
"2025-08-02 22:06:36",916,639,90490,-36.645688,-71.895027,16.2,5.8,27.42,14.7,38.75,1.8
"2025-08-02 22:06:38",919,642,90464,0,,14.75,359.5,27.44,14.75,,1.7
"2025-08-02 22:06:39",920,643,90452,-36.64529,-71.894967,15.95,9.2,27.42,14.7,,1.8
"2025-08-02 22:06:41",923,646,90419,0,,14.8,0.6,27.41,14.6,,1.8
"2025-08-02 22:06:42",925,648,90402,-36.644898,-71.894907,14.6,11.3,27.39,14.6,,1.6
"2025-08-02 22:06:43",926,649,90386,0,,14.65,8.1,27.35,14.55,,1.5
"2025-08-02 22:06:44",928,651,90373,0,,15.95,2.1,27.31,14.6,,1.5
"2025-08-02 22:06:45",929,652,90360,-36.644503,-71.894848,13.6,11.1,27.28,14.55,,1.5
"2025-08-02 22:06:46",931,654,90339,0,,14.9,7.4,27.27,14.25,,1.5
"2025-08-02 22:06:47",933,656,90314,0,,14.9,7.4,27.22,13.9,,1.6
"2025-08-02 22:06:48",936,659,90290,-36.644103,-71.894792,13.75,11.3,27.26,13.45,,1.6
"2025-08-02 22:06:49",937,660,90272,0,,15,4.6,27.28,13,,1.6
"2025-08-02 22:06:50",939,662,90256,0,,15.9,6.8,27.29,12.35,,1.6
"2025-08-02 22:06:51",941,664,90240,-36.643708,-71.894723,13.7,13.5,27.3,11.6,,1.7
"2025-08-02 22:06:52",941,664,90237,0,,15.15,3.6,27.34,10.95,,1.6
"2025-08-02 22:06:53",941,664,90234,0,,15,7.8,27.38,10.45,,1.5
"2025-08-02 22:06:54",941,664,90232,-36.643315,-71.894662,13.85,12.3,27.42,10.1,,1.4
"2025-08-02 22:06:55",944,667,90204,0,,15.75,2.7,27.45,9.85,,1.5
"2025-08-02 22:06:56",947,670,90177,0,,14.75,8.9,27.46,9.6,,1.6
"2025-08-02 22:06:57",950,673,90150,-36.642923,-71.894598,13.9,12.7,27.47,9.4,,1.7
"2025-08-02 22:06:58",951,674,90132,0,,16,2.8,27.51,9.15,,1.7
"2025-08-02 22:06:59",953,676,90115,0,,14.45,11.9,27.53,8.8,,1.6
"2025-08-02 22:07:00",955,678,90098,-36.642538,-71.894523,14.2,12.5,27.59,8.45,,1.6
"2025-08-02 22:07:01",956,679,90084,0,,14.3,2.1,27.62,8,,1.6
"2025-08-02 22:07:02",957,680,90070,0,,14.5,13.5,27.66,7.7,,1.5
"2025-08-02 22:07:03",959,682,90056,-36.642165,-71.894452,13.5,10.3,27.72,7.4,38.5,1.5
"2025-08-02 22:07:04",960,683,90047,0,,13.7,4.6,27.78,7.15,,1.6
"2025-08-02 22:07:05",960,683,90039,0,,13.95,17.3,27.83,7.15,,1.6
"2025-08-02 22:07:06",961,684,90032,-36.641802,-71.89436,13.35,12.7,27.9,7.25,,1.6
"2025-08-02 22:07:07",963,686,90015,0,,13.45,6,27.94,7.3,,1.5
"2025-08-02 22:07:08",964,687,89999,0,,12.4,18.1,28.06,7.3,,1.4
"2025-08-02 22:07:09",966,689,89984,-36.641457,-71.894268,12.75,10.1,28.13,7.4,,1.4
"2025-08-02 22:07:10",969,692,89952,0,,12.65,8.8,28.17,7.55,,1.5
"2025-08-02 22:07:11",972,695,89917,0,,11.8,12.6,28.2,7.75,,1.6
"2025-08-02 22:07:12",976,699,89882,-36.641108,-71.894182,12.1,11.4,28.22,8,,1.8
"2025-08-02 22:07:13",977,700,89867,0,,14.5,10.8,28.27,8.25,,1.8
"2025-08-02 22:07:14",979,702,89853,0,,11.5,15.4,28.36,8.45,,1.8
"2025-08-02 22:07:15",980,703,89840,-36.640765,-71.894085,13.25,12.9,28.36,8.65,,1.8
"2025-08-02 22:07:16",981,704,89836,0,,13.85,10.9,28.36,8.85,,1.7
"2025-08-02 22:07:17",981,704,89833,0,,11.35,18.6,28.36,8.95,,1.7
"2025-08-02 22:07:18",981,704,89830,-36.640423,-71.893983,13.8,12,28.36,9.05,,1.7
"2025-08-02 22:07:19",984,707,89802,0,,13.5,12.1,28.39,9.25,,1.7
"2025-08-02 22:07:20",987,710,89775,0,,11.45,18.8,28.46,9.5,,1.8
"2025-08-02 22:07:21",989,712,89748,-36.64009,-71.893882,13.65,9.4,28.44,9.7,,1.9
"2025-08-02 22:07:22",991,714,89728,0,,12.75,15.3,28.45,9.8,,1.8
"2025-08-02 22:07:23",993,716,89711,0,,11.45,15.2,28.47,9.85,,1.7
"2025-08-02 22:07:24",995,718,89694,-36.63976,-71.893783,13.6,7.7,28.46,9.9,,1.5
"2025-08-02 22:07:29",998,721,89656,0,,11.6,11.4,28.37,10.05,,1.4
"2025-08-02 22:07:30",999,722,89648,-36.639132,-71.89359,13.3,10.5,28.36,10,38.75,1.4
"2025-08-02 22:07:32",1007,730,89569,0,,12.45,13.4,28.31,9.9,,1.8
"2025-08-02 22:07:33",1011,734,89530,-36.638808,-71.893482,13.4,12.2,28.29,9.85,,1.9
"2025-08-02 22:07:35",1014,737,89501,0,,13.1,10.4,28.25,9.8,,1.7
"2025-08-02 22:07:36",1015,738,89488,-36.638488,-71.893367,12.85,17.3,28.22,9.8,,1.7
"2025-08-02 22:07:38",1018,741,89453,0,,13.3,9.3,28.2,9.85,,1.7
"2025-08-02 22:07:39",1020,743,89436,-36.63817,-71.893258,12.4,18.1,28.15,9.75,,1.7
"2025-08-02 22:07:40",1022,745,89414,0,,10.85,21.2,28.1,9.6,,1.8
"2025-08-02 22:07:41",1025,748,89392,0,,13.4,16.3,28.09,9.55,,2.2
"2025-08-02 22:07:42",1027,750,89370,-36.637858,-71.893132,12.3,21.8,28.04,9.5,,2.3
"2025-08-02 22:07:43",1028,751,89352,0,,10.9,13.4,28.02,9.5,,2.3
"2025-08-02 22:07:44",1030,753,89335,0,,13.35,11.9,28.09,9.45,,1.9
"2025-08-02 22:07:45",1032,755,89318,-36.63754,-71.893032,11.7,18.5,28.16,9.45,,1.8
"2025-08-02 22:07:46",1034,757,89295,0,,11.6,11.1,28.1,9.4,,1.8
"2025-08-02 22:07:47",1036,759,89273,0,,13.6,17.1,28.07,9.5,,1.8
"2025-08-02 22:07:48",1038,761,89252,-36.637227,-71.892917,10.75,22.3,28.04,9.55,,1.9
"2025-08-02 22:07:49",1040,763,89231,0,,11.95,10.1,27.98,9.55,,2
"2025-08-02 22:07:50",1043,766,89210,0,,13.6,20.8,27.96,9.6,,2
"2025-08-02 22:07:51",1045,768,89190,-36.636915,-71.892795,10,21.1,27.94,9.75,,2
"2025-08-02 22:07:52",1047,770,89165,0,,12.9,11,27.9,9.85,,2
"2025-08-02 22:07:53",1049,772,89145,0,,12.35,21.9,27.96,9.9,,2
"2025-08-02 22:07:54",1051,774,89126,-36.636613,-71.892672,10.2,16.9,27.95,10,,2
"2025-08-02 22:07:56",1052,775,89116,0,,12.35,18.7,27.98,10.2,,1.8
"2025-08-02 22:07:57",1052,775,89112,-36.636307,-71.892553,10.8,10.8,27.95,10.25,38.75,1.7
"2025-08-02 22:07:58",1053,776,89104,0,,11.95,24.8,28.06,10.3,,1.6
"2025-08-02 22:07:59",1054,777,89096,0,,12.3,16.8,28.06,10.45,,1.5
"2025-08-02 22:08:00",1055,778,89088,-36.636013,-71.89243,10.55,12,28.02,10.7,,1.4
"2025-08-02 22:08:01",1058,781,89053,0,,11.6,23,28.05,10.95,,1.5
"2025-08-02 22:08:02",1062,785,89016,0,,12.2,14,28.07,11.4,,1.6
"2025-08-02 22:08:03",1066,789,88980,-36.635723,-71.892305,10.4,18.1,28.08,11.8,,1.7
"2025-08-02 22:08:04",1067,790,88964,0,,11.65,26,28.1,12.1,,1.7
"2025-08-02 22:08:05",1069,792,88949,0,,12.2,11.7,28.1,12.25,,1.7
"2025-08-02 22:08:06",1070,793,88934,-36.635435,-71.89218,10.1,22.6,28.1,12.35,,1.7
"2025-08-02 22:08:07",1073,796,88909,0,,12.1,22.3,28.09,12.4,,1.7
"2025-08-02 22:08:08",1075,798,88885,0,,12.1,12.2,28.08,12.45,,1.7
"2025-08-02 22:08:09",1077,800,88862,-36.635148,-71.892055,10.45,26.2,28.09,12.45,,2
"2025-08-02 22:08:10",1079,802,88840,0,,11.05,18.4,28.1,12.35,,2.1
"2025-08-02 22:08:11",1082,805,88819,0,,11.25,11.6,28.09,12.2,,2.2
"2025-08-02 22:08:12",1084,807,88798,-36.634868,-71.891933,11.2,26.7,28.12,11.95,,2.3
"2025-08-02 22:08:13",1086,809,88777,0,,11.2,26.7,28.12,11.8,,2.3
"2025-08-02 22:08:14",1088,811,88757,0,,11,12.9,28.1,11.65,,2.1
"2025-08-02 22:08:15",1090,813,88738,-36.63459,-71.891813,11.85,25,28.17,11.4,,2
"2025-08-02 22:08:16",1091,814,88720,0,,9.65,18.6,28.13,11.2,,2
"2025-08-02 22:08:17",1093,816,88702,0,,11.6,17.2,28.11,10.95,,2.1
"2025-08-02 22:08:18",1095,818,88684,-36.634315,-71.891692,11.2,24.8,28.09,10.75,,2.1
"2025-08-02 22:08:19",1097,820,88663,0,,9.7,14.2,28.09,10.6,,2.1
"2025-08-02 22:08:20",1099,822,88642,0,,11.45,21.4,28.08,10.45,,2.1
"2025-08-02 22:08:21",1101,824,88622,-36.63404,-71.891573,11.15,22.8,28.08,10.35,,2
"2025-08-02 22:08:22",1103,826,88604,0,,10.1,11.4,28.05,10.3,,2
"2025-08-02 22:08:23",1105,828,88589,0,,10.85,25.6,28.1,10.2,,1.9
"2025-08-02 22:08:24",1106,829,88574,-36.633765,-71.891452,11.25,19.8,28.13,10.1,38.75,1.9
"2025-08-02 22:08:26",1110,833,88538,0,,10.95,28.6,28.05,9.95,,1.8
"2025-08-02 22:08:27",1111,834,88522,-36.633487,-71.891332,11.75,14.6,28.05,9.95,,1.8
"2025-08-02 22:08:28",1113,836,88504,0,,10.25,18.3,28.01,9.9,,1.8
"2025-08-02 22:08:29",1115,838,88483,0,,10.9,26.7,27.98,9.9,,1.8
"2025-08-02 22:08:30",1117,840,88462,-36.633218,-71.891212,10.3,12.6,27.98,9.9,,1.9
"2025-08-02 22:08:31",1119,842,88440,0,,10.95,19.2,27.96,9.85,,1.8
"2025-08-02 22:08:32",1121,844,88423,0,,11.2,24.2,28,9.85,,1.8
"2025-08-02 22:08:33",1123,846,88406,-36.63295,-71.89109,9.4,10.9,27.95,9.9,,1.8
"2025-08-02 22:08:34",1123,846,88403,0,,11.3,27.6,27.97,9.95,,1.7
"2025-08-02 22:08:35",1124,847,88399,0,,10.4,26,28.02,10,,1.6
"2025-08-02 22:08:36",1124,847,88396,-36.632678,-71.890965,9.6,15.5,27.97,10.05,,1.5
"2025-08-02 22:08:38",1127,850,88361,0,,9.9,24.4,27.97,10.05,,1.5
"2025-08-02 22:08:39",1129,852,88344,-36.6324,-71.890855,10.65,14.4,27.97,10.05,,1.5
"2025-08-02 22:08:40",1132,855,88319,0,,11.8,15.3,27.96,10,,1.5
"2025-08-02 22:08:41",1134,857,88293,0,,9.3,25.6,27.9,9.95,,1.6
"2025-08-02 22:08:42",1137,860,88268,-36.63213,-71.890742,10.4,15.5,27.9,9.9,,1.6
"2025-08-02 22:08:43",1140,863,88240,0,,11.8,16.6,27.87,9.85,,1.7
"2025-08-02 22:08:44",1142,865,88213,0,,9.05,22.6,27.81,9.8,,1.8
"2025-08-02 22:08:45",1145,868,88186,-36.631863,-71.890628,11.05,18.1,27.79,9.85,,1.9
"2025-08-02 22:08:47",1149,872,88141,0,,9,19.6,27.78,9.9,,2.1
"2025-08-02 22:08:48",1152,875,88120,-36.631595,-71.890522,11.55,19.7,27.77,9.8,,2.3
"2025-08-02 22:08:49",1153,876,88104,0,,10.3,12.4,27.75,9.75,,2.3
"2025-08-02 22:08:50",1155,878,88087,0,,9.55,17.2,27.71,9.65,,2.2
"2025-08-02 22:08:51",1157,880,88070,-36.631325,-71.890423,11.5,20.7,27.71,9.6,38.75,2.2
"2025-08-02 22:08:53",1161,884,88029,0,,10.3,14.1,27.71,9.55,,2.2
"2025-08-02 22:08:54",1163,886,88010,-36.631055,-71.890325,11.45,22.5,27.75,9.55,,2.1
"2025-08-02 22:08:57",1164,887,87992,-36.630782,-71.890238,11.3,15,27.71,9.5,,1.7
"2025-08-02 22:09:02",1175,898,87892,0,,10.45,21.4,27.68,9.9,,1.6
"2025-08-02 22:09:03",1177,900,87872,-36.630255,-71.89004,11.05,8.5,27.65,10,,1.7
"2025-08-02 22:09:05",1182,905,87822,0,,9.7,19.3,27.68,10.05,,1.7
"2025-08-02 22:09:06",1184,907,87800,-36.63,-71.889948,10.15,6.5,27.67,10.15,,1.7
"2025-08-02 22:09:08",1186,909,87776,0,,9.6,17,27.62,10.25,,1.7
"2025-08-02 22:09:09",1187,910,87764,-36.629737,-71.88985,10.35,10.5,27.62,10.3,,1.9
"2025-08-02 22:09:11",1191,914,87727,0,,8.65,10.8,27.57,10.4,,1.9
"2025-08-02 22:09:12",1193,916,87710,-36.629482,-71.88976,10.45,13.6,27.6,10.45,,1.9
"2025-08-02 22:09:13",1195,918,87693,0,,10.45,20.2,27.62,10.5,,1.9
"2025-08-02 22:09:14",1196,919,87674,0,,8.75,8.9,27.61,10.5,,1.8
"2025-08-02 22:09:15",1198,921,87656,-36.629223,-71.889672,10.8,16.8,27.68,10.45,,1.8
"2025-08-02 22:09:16",1200,923,87639,0,,10.15,16.3,27.7,10.4,,1.8
"2025-08-02 22:09:17",1202,925,87623,0,,10.15,16.3,27.68,10.35,,1.8
"2025-08-02 22:09:18",1203,926,87608,-36.628963,-71.889588,10.55,20.2,27.71,10.3,39,1.7
"2025-08-02 22:09:19",1205,928,87592,0,,10.3,10.7,27.73,10.25,,1.6
"2025-08-02 22:09:20",1207,930,87575,0,,9.15,10.5,27.7,10.2,,1.6
"2025-08-02 22:09:21",1208,931,87558,-36.628703,-71.88951,10.1,23.1,27.7,10.15,,1.7
"2025-08-02 22:09:22",1211,934,87530,0,,10.75,6.7,27.7,10.15,,1.8
"2025-08-02 22:09:23",1214,937,87502,0,,8.8,12.8,27.68,10.15,,1.9
"2025-08-02 22:09:24",1217,940,87474,-36.628447,-71.889432,9.95,24.3,27.68,10.15,,2
"2025-08-02 22:09:26",1220,943,87445,0,,8.65,13.8,27.65,10.2,,1.9
"2025-08-02 22:09:27",1221,944,87432,-36.628185,-71.889362,10.4,17.1,27.64,10.25,,1.9
"2025-08-02 22:09:31",1228,951,87361,0,,10,9.4,27.6,10,,1.9
"2025-08-02 22:09:32",1230,953,87343,0,,8.85,15.4,27.61,9.95,,1.9
"2025-08-02 22:09:33",1232,955,87326,-36.627657,-71.889227,11,7.2,27.58,9.9,,1.9
"2025-08-02 22:09:34",1234,957,87307,0,,9.45,13.2,27.56,9.9,,1.9
"2025-08-02 22:09:35",1235,958,87289,0,,9.05,14.5,27.57,9.9,,1.8
"2025-08-02 22:09:36",1237,960,87272,-36.627398,-71.889168,10.6,1.8,27.55,9.9,,1.7
"2025-08-02 22:09:37",1237,960,87275,0,,9.4,17.7,27.5,9.85,,1.5
"2025-08-02 22:09:38",1237,960,87278,0,,9.65,12.8,27.47,9.9,,1.4
"2025-08-02 22:09:39",1236,959,87282,-36.627145,-71.889108,10.2,3,27.44,9.95,,1.3
"2025-08-02 22:09:40",1240,963,87246,0,,8.6,15.4,27.44,10.15,,1.4
"2025-08-02 22:09:41",1243,966,87211,0,,10.7,10.9,27.48,10.3,,1.6
"2025-08-02 22:09:42",1247,970,87176,-36.626882,-71.889053,10.05,3.9,27.45,10.45,,1.7
"2025-08-02 22:09:43",1249,972,87155,0,,8.5,14.3,27.41,10.65,,1.7
"2025-08-02 22:09:44",1251,974,87136,0,,11.35,11.1,27.38,10.75,,1.7
"2025-08-02 22:09:45",1253,976,87118,-36.62662,-71.889,9.55,3.7,27.39,10.9,38.75,1.7
"2025-08-02 22:09:49",1260,983,87053,0,,8.45,12.3,27.35,11.15,,1.7
"2025-08-02 22:09:50",1261,984,87036,0,,11.5,13,27.36,10.85,,1.9
"2025-08-02 22:09:51",1263,986,87020,-36.626102,-71.888887,9.1,3.3,27.38,10.45,,2
"2025-08-02 22:09:52",1264,987,87007,0,,9.25,8.6,27.38,10.25,,2.2
"2025-08-02 22:09:53",1265,988,86994,0,,11.3,13.9,27.35,10.15,,2
"2025-08-02 22:09:54",1267,990,86982,-36.625845,-71.888817,8.35,11.6,27.35,9.9,,1.8
"2025-08-02 22:09:56",1272,995,86933,0,,,,27.38,9.45,,1.7
"2025-08-02 22:09:57",1274,997,86910,0,,,,27.39,9.3,,1.8
"2025-08-02 22:09:58",1274,997,86910,0,,,,27.42,9.05,,1.6
"2025-08-02 22:09:59",1274,997,86911,0,,,,27.41,8.9,,1.5
"2025-08-02 22:10:00",1274,997,86912,0,,,,27.41,8.8,,1.4
"2025-08-02 22:10:01",1278,1001,86871,0,,11.25,16,27.36,8.7,,1.5
"2025-08-02 22:10:02",1282,1005,86833,0,,9.75,12.9,27.36,8.65,,1.7
"2025-08-02 22:10:03",1286,1009,86796,-36.625057,-71.888598,8.75,11,27.35,8.6,,1.9
"2025-08-02 22:10:04",1287,1010,86785,0,,11.4,16.2,27.38,8.55,,1.9
"2025-08-02 22:10:05",1288,1011,86775,0,,9.85,10.1,27.35,8.5,,1.8
"2025-08-02 22:10:06",1289,1012,86766,-36.624787,-71.888513,9.45,14.7,27.35,8.4,,1.8
"2025-08-02 22:10:07",1291,1014,86738,0,,11.7,16.6,27.33,8.35,,1.9
"2025-08-02 22:10:08",1295,1018,86705,0,,9.4,7.8,27.3,8.3,,2
"2025-08-02 22:10:09",1298,1021,86672,-36.624525,-71.888428,9.3,21.6,27.28,8.35,,2
"2025-08-02 22:10:10",1299,1022,86660,0,,11.1,13.5,27.26,8.3,,2.1
"2025-08-02 22:10:11",1301,1024,86648,0,,8.6,7.4,27.24,8.3,,2.2
"2025-08-02 22:10:12",1302,1025,86636,-36.62427,-71.888345,10.15,23.5,27.3,8.25,38.5,2.3
"2025-08-02 22:10:13",1305,1028,86604,0,,10.7,9.3,27.29,8.15,,2.2
"2025-08-02 22:10:14",1308,1031,86578,0,,8.95,12.4,27.27,8.1,,2.1
"2025-08-02 22:10:15",1311,1034,86552,-36.624013,-71.888248,10.55,28.3,27.24,8.05,,2.1
"2025-08-02 22:10:16",1312,1035,86537,0,,10.55,28.3,27.22,7.95,,2
"2025-08-02 22:10:17",1314,1037,86519,0,,10.1,16.6,27.2,7.95,,2.1
"2025-08-02 22:10:18",1316,1039,86502,-36.623748,-71.888145,10.95,26.9,27.19,7.9,,2.2
"2025-08-02 22:10:19",1317,1040,86489,0,,10.95,26.9,27.18,7.8,,2.1
"2025-08-02 22:10:20",1318,1041,86477,0,,10.05,19.9,27.17,7.8,,1.9
"2025-08-02 22:10:21",1319,1042,86466,-36.623488,-71.888035,11.55,23.8,27.23,7.9,,1.7
"2025-08-02 22:10:22",1322,1045,86439,0,,8.9,11.6,27.22,7.95,,1.8
"2025-08-02 22:10:23",1325,1048,86410,0,,9.95,25.4,27.22,7.95,,2
"2025-08-02 22:10:24",1328,1051,86382,-36.623232,-71.887917,11.8,22.3,27.28,8.05,,2.1
"2025-08-02 22:10:26",1333,1056,86336,0,,10.85,29,27.29,8.2,,2.1
"2025-08-02 22:10:27",1335,1058,86314,-36.622977,-71.887797,11.25,16.9,27.28,8.2,,2.1
"2025-08-02 22:10:28",1338,1061,86287,0,,8.45,18.8,27.27,8.2,,2.1
"2025-08-02 22:10:29",1340,1063,86267,0,,10.3,28.4,27.29,8.3,,2.1
"2025-08-02 22:10:30",1342,1065,86248,-36.62274,-71.887672,9.4,19.5,27.29,8.35,,2.1
"2025-08-02 22:10:31",1344,1067,86227,0,,8.85,26.2,27.28,8.45,,2.2
"2025-08-02 22:10:32",1347,1070,86197,0,,11.95,26.9,27.33,8.45,,2.3
"2025-08-02 22:10:33",1350,1073,86168,-36.622495,-71.887532,9.2,20.3,27.33,8.5,,2.5
"2025-08-02 22:10:34",1353,1076,86140,0,,9,26.8,27.35,8.5,,2.5
"2025-08-02 22:10:35",1355,1078,86114,0,,11.5,20.9,27.35,8.55,,2.5
"2025-08-02 22:10:36",1358,1081,86088,-36.622248,-71.88739,9.35,29.5,27.35,8.6,,2.5
"2025-08-02 22:10:37",1360,1083,86064,0,,9.55,24.3,27.35,8.6,,2.5
"2025-08-02 22:10:38",1363,1086,86041,0,,10.05,19.2,27.34,8.65,,2.5
"2025-08-02 22:10:39",1365,1088,86018,-36.622013,-71.887253,9.55,34.7,27.41,8.65,38.25,2.5
"2025-08-02 22:10:40",1368,1091,85994,0,,9.7,19.8,27.39,8.65,,2.5
"2025-08-02 22:10:41",1370,1093,85971,0,,9.85,16.5,27.36,8.65,,2.6
"2025-08-02 22:10:42",1372,1095,85948,-36.621777,-71.887125,9.35,36.6,27.41,8.65,,2.6
"2025-08-02 22:10:43",1373,1096,85942,0,,9.35,36.6,27.38,8.7,,2.4
"2025-08-02 22:10:44",1374,1097,85936,0,,8.75,18.8,27.33,8.65,,2.2
"2025-08-02 22:10:45",1374,1097,85930,-36.621548,-71.887008,8.5,34,27.29,8.6,,2
"2025-08-02 22:10:46",1376,1099,85911,0,,10.85,17.5,27.28,8.6,,2
"2025-08-02 22:10:47",1378,1101,85893,0,,8.65,18.3,27.22,8.6,,2
"2025-08-02 22:10:48",1380,1103,85876,-36.621325,-71.886877,9.05,37.3,27.22,8.6,,1.9
"2025-08-02 22:10:49",1384,1107,85836,0,,10.25,23.9,27.22,8.6,,2
"2025-08-02 22:10:50",1388,1111,85796,0,,9.85,8.1,27.2,8.6,,2.1
"2025-08-02 22:10:51",1392,1115,85756,-36.621087,-71.886757,9.4,32.6,27.17,8.6,,2.3
"2025-08-02 22:10:52",1394,1117,85740,0,,9.9,21.1,27.17,8.65,,2.2
"2025-08-02 22:10:53",1395,1118,85725,0,,7.25,16.5,27.18,8.8,,2.1
"2025-08-02 22:10:54",1397,1120,85710,-36.620888,-71.88664,8.55,37.4,27.16,8.85,,2.1
"2025-08-02 22:10:57",1403,1126,85652,-36.620682,-71.886515,9.6,33.7,27.29,8.95,,2.4
"2025-08-02 22:10:58",1405,1128,85634,0,,9.4,15,27.27,9,,2.4
"2025-08-02 22:10:59",1406,1129,85618,0,,7.15,23.9,27.23,9.05,,2.4
"2025-08-02 22:11:00",1408,1131,85602,-36.62048,-71.886388,9.55,38.6,27.29,9.1,,2.3
"2025-08-02 22:11:01",1411,1134,85577,0,,8.8,11.4,27.3,9.2,,2.2
"2025-08-02 22:11:02",1413,1136,85551,0,,7,31.9,27.31,9.25,,2.1
"2025-08-02 22:11:03",1416,1139,85526,-36.620288,-71.886267,9.2,32.6,27.27,9.25,,2
"2025-08-02 22:11:04",1418,1141,85508,0,,7.7,14.5,27.23,9.2,,2
"2025-08-02 22:11:05",1420,1143,85491,0,,7.7,14.5,27.2,9.2,,2
"2025-08-02 22:11:06",1421,1144,85474,-36.620098,-71.886132,9,32.5,27.16,9.2,38.25,2
"2025-08-02 22:11:07",1424,1147,85451,0,,9.05,32.5,27.14,9.2,,2
"2025-08-02 22:11:08",1426,1149,85429,0,,8.9,38.2,27.19,9.05,,2.1
"2025-08-02 22:11:09",1428,1151,85408,-36.619913,-71.885998,8.9,24,27.16,8.95,,2.1
"2025-08-02 22:11:10",1431,1154,85385,0,,8.9,24,27.12,8.85,,2.1
"2025-08-02 22:11:11",1433,1156,85361,0,,8.8,42.3,27.12,8.8,,2.2
"2025-08-02 22:11:12",1435,1158,85338,-36.61974,-71.88587,8,19.8,27.07,8.75,,2.2
"2025-08-02 22:11:13",1438,1161,85315,0,,6.1,32.6,27.06,8.75,,2.3
"2025-08-02 22:11:14",1440,1163,85293,0,,6.1,32.6,27.04,8.75,,2.2
"2025-08-02 22:11:15",1442,1165,85272,-36.619565,-71.885725,7.9,24.2,27.03,8.75,,2.2
"2025-08-02 22:11:16",1445,1168,85245,0,,7.1,35.6,27.03,8.7,,2.2
"2025-08-02 22:11:17",1447,1170,85222,0,,8.35,32.1,27.05,8.75,,2.3
"2025-08-02 22:11:18",1450,1173,85200,-36.619397,-71.885603,6.45,19.3,27.03,8.7,,2.3
"2025-08-02 22:11:19",1451,1174,85190,0,,7.25,38,27.02,8.65,,2.3
"2025-08-02 22:11:20",1452,1175,85179,0,,8.95,35.6,27,8.65,,2.2
"2025-08-02 22:11:21",1453,1176,85168,-36.619232,-71.885462,5.7,28.3,26.97,8.75,,2.1
"2025-08-02 22:11:23",1459,1182,85114,0,,8.15,32.8,26.93,8.85,,2.1
"2025-08-02 22:11:24",1461,1184,85088,-36.619062,-71.885327,5.9,26.8,26.91,8.85,,2.2
"2025-08-02 22:11:27",1468,1191,85028,-36.618893,-71.885188,5.95,30.3,26.85,8.8,,2.1
"2025-08-02 22:11:29",1472,1195,84984,0,,6.7,36.2,26.79,8.65,,2.1
"2025-08-02 22:11:30",1474,1197,84964,-36.618738,-71.885033,6.3,40.5,26.76,8.6,,2.1
"2025-08-02 22:11:32",1479,1202,84920,0,,6.85,32.4,26.77,8.3,,2.2
"2025-08-02 22:11:33",1481,1204,84900,-36.618588,-71.88487,6.45,46.9,26.74,8.1,38,2.3
"2025-08-02 22:11:38",1490,1213,84812,0,,6.35,37.6,26.8,7.45,,2
"2025-08-02 22:11:39",1492,1215,84794,-36.61827,-71.88453,8.4,41,26.8,7.35,,2
"2025-08-02 22:11:41",1496,1219,84751,0,,6.05,50.5,26.74,7.2,,2
"2025-08-02 22:11:42",1499,1222,84730,-36.618122,-71.884362,8.3,33.3,26.69,7.15,,2.1
"2025-08-02 22:11:43",1500,1223,84720,0,,8.35,47.5,26.68,7.15,,2
"2025-08-02 22:11:44",1500,1223,84711,0,,6.5,44.7,26.68,7.1,,1.9
"2025-08-02 22:11:45",1501,1224,84702,-36.617972,-71.884193,7.9,34.1,26.7,7.1,,1.8
"2025-08-02 22:11:46",1504,1227,84675,0,,8,47.9,26.74,7.1,,1.8
"2025-08-02 22:11:47",1507,1230,84646,0,,6.7,39.4,26.73,7.1,,1.9
"2025-08-02 22:11:48",1510,1233,84618,-36.617818,-71.884037,8.45,33,26.7,7.15,,2
"2025-08-02 22:11:49",1513,1236,84595,0,,6.75,47.1,26.65,7.1,,2
"2025-08-02 22:11:50",1515,1238,84574,0,,6.9,48.6,26.68,7.15,,2.1
"2025-08-02 22:11:51",1517,1240,84554,-36.617672,-71.883873,8.95,33.2,26.69,7.2,,2.1
"2025-08-02 22:11:52",1519,1242,84538,0,,6.05,47.2,26.65,7.3,,2.1
"2025-08-02 22:11:53",1520,1243,84520,0,,6.95,47.7,26.62,7.4,,2.1
"2025-08-02 22:11:54",1522,1245,84502,-36.617537,-71.883712,7.95,36.9,26.58,7.45,,2
"2025-08-02 22:11:56",1526,1249,84464,0,,6.9,39.9,26.58,7.65,,2.1
"2025-08-02 22:11:57",1528,1251,84448,-36.617397,-71.883558,7.1,34.5,26.52,7.7,,2.2
"2025-08-02 22:11:58",1530,1253,84429,0,,7.25,52.2,26.52,7.85,,2.1
"2025-08-02 22:11:59",1532,1255,84408,0,,6.25,34,26.52,7.9,,2.1
"2025-08-02 22:12:00",1534,1257,84388,-36.617258,-71.883415,6.65,34.5,26.52,7.9,38,2
"2025-08-02 22:12:01",1535,1258,84381,0,,7.95,49.8,26.52,8.1,,1.9
"2025-08-02 22:12:02",1536,1259,84374,0,,5.4,32.2,26.52,8.4,,1.8
"2025-08-02 22:12:03",1536,1259,84368,-36.617125,-71.883272,6.7,37.7,26.52,8.6,,1.7
"2025-08-02 22:12:04",1540,1263,84336,0,,7.2,51.6,26.52,8.7,,1.7
"2025-08-02 22:12:05",1542,1265,84309,0,,5.5,35.1,26.52,8.75,,1.8
"2025-08-02 22:12:06",1545,1268,84282,-36.616985,-71.883127,7.75,37.3,26.52,8.8,,1.9
"2025-08-02 22:12:07",1547,1270,84266,0,,6.55,44.9,26.52,8.9,,1.9
"2025-08-02 22:12:08",1549,1272,84248,0,,5.5,34.5,26.52,9,,1.9
"2025-08-02 22:12:09",1551,1274,84230,-36.61685,-71.882978,7.4,48.1,26.52,9.1,,1.9
"2025-08-02 22:12:10",1553,1276,84210,0,,6.95,41.6,26.52,9.15,,1.9
"2025-08-02 22:12:11",1555,1278,84191,0,,6.05,27.1,26.52,9.3,,1.9
"2025-08-02 22:12:12",1557,1280,84172,-36.616722,-71.88284,6.3,54.7,26.52,9.35,,1.9
"2025-08-02 22:12:13",1559,1282,84154,0,,7.35,37.2,26.49,9.45,,2
"2025-08-02 22:12:14",1560,1283,84139,0,,6.15,30.5,26.49,9.55,,2
"2025-08-02 22:12:15",1562,1285,84124,-36.616593,-71.882703,6.2,58.8,26.52,9.65,,2.1
"2025-08-02 22:12:16",1562,1285,84123,0,,6.7,31.9,26.49,9.7,,2
"2025-08-02 22:12:17",1562,1285,84122,0,,6.15,34.7,26.49,9.7,,1.7
"2025-08-02 22:12:18",1562,1285,84122,-36.616465,-71.882567,6.85,53.6,26.52,9.8,,1.5
"2025-08-02 22:12:19",1566,1289,84088,0,,6.85,53.6,26.52,9.8,,1.5
"2025-08-02 22:12:20",1569,1292,84057,0,,5.95,33.3,26.52,9.85,,1.7
"2025-08-02 22:12:21",1572,1295,84026,-36.61634,-71.882437,7.4,52.5,26.71,9.9,,1.8
"2025-08-02 22:12:22",1574,1297,84013,0,,4.55,25.5,26.67,9.95,,1.7
"2025-08-02 22:12:23",1575,1298,83998,0,,6.55,33.7,26.58,10.05,,1.7
"2025-08-02 22:12:24",1577,1300,83984,-36.616208,-71.88232,7.05,49.3,26.52,10.15,,1.6
"2025-08-02 22:12:27",1581,1304,83938,-36.616085,-71.882197,6.3,44.8,26.52,10.45,38,1.6
"2025-08-02 22:12:28",1583,1306,83920,0,,5.9,27.3,26.52,10.65,,1.7
"2025-08-02 22:12:29",1585,1308,83904,0,,5.75,47.3,26.54,10.85,,1.8
"2025-08-02 22:12:30",1587,1310,83888,-36.61596,-71.88208,6.2,38.9,26.52,10.95,,1.9
"2025-08-02 22:12:31",1589,1312,83869,0,,5.7,23.8,26.52,11.1,,2
"2025-08-02 22:12:32",1590,1313,83852,0,,5.2,49.5,26.52,11.4,,1.9
"2025-08-02 22:12:33",1592,1315,83836,-36.615835,-71.881978,5.7,31,26.52,11.85,,1.8
"2025-08-02 22:12:34",1593,1316,83826,0,,5.95,22.2,26.52,12.3,,1.6
"2025-08-02 22:12:35",1594,1317,83816,0,,5.1,48.8,26.54,12.65,,1.6
"2025-08-02 22:12:36",1595,1318,83806,-36.615715,-71.881887,5.1,25.7,26.54,13,,1.6
"2025-08-02 22:12:37",1598,1321,83781,0,,5.3,25,26.56,13.2,,1.6
"2025-08-02 22:12:38",1600,1323,83757,0,,5.1,49.8,26.58,13.5,,1.7
"2025-08-02 22:12:39",1603,1326,83734,-36.615592,-71.881795,5.65,25.5,26.54,13.65,,1.8
"2025-08-02 22:12:40",1605,1328,83713,0,,5.35,20.7,26.52,13.8,,1.8
"2025-08-02 22:12:41",1607,1330,83694,0,,4.3,40.5,26.52,13.9,,1.8
"2025-08-02 22:12:42",1609,1332,83676,-36.615468,-71.881707,6.4,29.4,26.52,14,,1.8
"2025-08-02 22:12:43",1611,1334,83660,0,,5.2,25.6,26.52,14.1,,1.8
"2025-08-02 22:12:44",1613,1336,83642,0,,3.85,43.9,26.52,14.15,,1.9
"2025-08-02 22:12:45",1615,1338,83624,-36.615358,-71.88162,6.45,35.7,26.54,14.2,,1.9
"2025-08-02 22:12:46",1616,1339,83610,0,,4.1,15.5,26.52,14.3,,1.8
"2025-08-02 22:12:47",1617,1340,83597,0,,4,46.4,26.52,14.35,,1.9
"2025-08-02 22:12:48",1619,1342,83584,-36.61525,-71.88154,6.2,32,26.52,14.4,,1.9
"2025-08-02 22:12:49",1621,1344,83566,0,,4.2,13.5,26.52,14.45,,2
"2025-08-02 22:12:50",1623,1346,83547,0,,5.4,33.6,26.52,14.45,,1.9
"2025-08-02 22:12:51",1625,1348,83528,-36.615135,-71.881455,5.7,35.8,26.52,14.5,,1.9
"2025-08-02 22:12:52",1626,1349,83512,0,,3.55,33.4,26.52,14.5,,1.8
"2025-08-02 22:12:53",1628,1351,83497,0,,5.75,19.8,26.52,14.55,,1.8
"2025-08-02 22:12:54",1630,1353,83482,-36.615017,-71.881378,5.9,29.4,26.49,14.55,38,1.8
"2025-08-02 22:12:55",1630,1353,83479,0,,3.2,42.7,26.49,14.6,,1.6
"2025-08-02 22:12:56",1630,1353,83476,0,,5.5,19.1,26.49,14.6,,1.5
"2025-08-02 22:12:57",1630,1353,83474,-36.614905,-71.881308,5.25,29.4,26.49,14.65,,1.4
"2025-08-02 22:12:58",1634,1357,83444,0,,3.55,33.6,26.49,14.65,,1.5
"2025-08-02 22:12:59",1637,1360,83416,0,,6.25,35.6,26.44,14.75,,1.6
"2025-08-02 22:13:00",1639,1362,83388,-36.614792,-71.881225,4.8,24.1,26.44,14.8,,1.7
"2025-08-02 22:13:01",1641,1364,83368,0,,3.75,31.4,26.43,14.85,,1.7
"2025-08-02 22:13:02",1644,1367,83348,0,,5.75,36.7,26.42,14.9,,1.7
"2025-08-02 22:13:03",1646,1369,83328,-36.614673,-71.88115,5.25,13,26.44,14.95,,1.8
"2025-08-02 22:13:07",1653,1376,83257,0,,5.5,33.4,26.33,15.05,,2
"2025-08-02 22:13:08",1655,1378,83239,0,,5.25,33.6,26.32,15.15,,2.1
"2025-08-02 22:13:09",1657,1380,83222,-36.614437,-71.881,4.1,12.5,26.31,15.15,,2.2
"2025-08-02 22:13:10",1659,1382,83203,0,,5.85,33.2,26.28,15.2,,2.2
"2025-08-02 22:13:11",1661,1384,83183,0,,4.6,24.7,26.29,15.25,,2.1
"2025-08-02 22:13:12",1663,1386,83164,-36.614322,-71.880928,3.85,18.3,26.26,15.25,,2.1
"2025-08-02 22:13:13",1665,1388,83148,0,,5.9,39.1,26.23,15.25,,1.9
"2025-08-02 22:13:14",1666,1389,83133,0,,4.55,20.5,26.24,15.3,,1.9
"2025-08-02 22:13:15",1668,1391,83118,-36.614202,-71.880853,4.7,23,26.19,15.3,,1.9
"2025-08-02 22:13:16",1670,1393,83098,0,,6,37.4,26.16,15.35,,1.9
"2025-08-02 22:13:17",1672,1395,83079,0,,4.25,11.5,26.11,15.35,,1.9
"2025-08-02 22:13:18",1674,1397,83060,-36.61408,-71.880778,4.95,27.1,26.06,15.4,,1.9
"2025-08-02 22:13:19",1676,1399,83043,0,,5.9,37.8,26.02,15.4,,1.9
"2025-08-02 22:13:20",1678,1401,83027,0,,4.55,4.1,25.98,15.4,,1.9
"2025-08-02 22:13:21",1679,1402,83012,-36.613955,-71.880708,5.45,30.4,25.95,15.45,37.75,1.8
"2025-08-02 22:13:22",1680,1403,83000,0,,5.5,35.3,25.91,15.5,,1.8
"2025-08-02 22:13:23",1682,1405,82988,0,,3.75,8.7,25.9,15.5,,1.7
"2025-08-02 22:13:24",1683,1406,82976,-36.613838,-71.88064,5.5,33.2,25.9,15.5,,1.6
"2025-08-02 22:13:27",1691,1414,82898,-36.613718,-71.88057,5.6,38,26,15.55,,1.9
"2025-08-02 22:13:28",1693,1416,82885,0,,5.1,24.5,26.02,15.55,,1.9
"2025-08-02 22:13:29",1694,1417,82873,0,,4.9,9.8,25.99,15.55,,1.8
"2025-08-02 22:13:30",1695,1418,82862,-36.613592,-71.880503,6.1,33.3,26.01,15.55,,1.7
"2025-08-02 22:13:31",1697,1420,82842,0,,4.4,19,25.99,15.55,,1.8
"2025-08-02 22:13:32",1699,1422,82821,0,,5.25,11.9,25.97,15.55,,1.8
"2025-08-02 22:13:33",1702,1425,82800,-36.613462,-71.880448,6,31.6,26.04,15.6,,1.9
"2025-08-02 22:13:34",1703,1426,82784,0,,4.1,4,26,15.65,,1.9
"2025-08-02 22:13:35",1705,1428,82770,0,,5.35,19.8,25.96,15.7,,1.9
"2025-08-02 22:13:36",1706,1429,82756,-36.613337,-71.880385,5.85,33.9,26,15.75,,1.9
"2025-08-02 22:13:37",1708,1431,82740,0,,3.95,11.2,25.96,15.75,,1.9
"2025-08-02 22:13:38",1710,1433,82724,0,,5.45,27.2,25.91,15.75,,1.9
"2025-08-02 22:13:39",1712,1435,82708,-36.613212,-71.880325,5.65,28.3,25.95,15.8,,1.7
"2025-08-02 22:13:40",1713,1436,82691,0,,4.2,357.2,25.89,15.85,,1.7
"2025-08-02 22:13:41",1715,1438,82676,0,,5.65,29.9,25.88,15.85,,1.7
"2025-08-02 22:13:42",1716,1439,82662,-36.613092,-71.88027,4.85,25.8,25.91,15.9,,1.8
"2025-08-02 22:13:43",1718,1441,82646,0,,4.25,5.8,25.85,15.85,,1.7
"2025-08-02 22:13:44",1720,1443,82631,0,,5.9,26.9,25.84,15.9,,1.7
"2025-08-02 22:13:45",1721,1444,82616,-36.612967,-71.880217,4.6,21.8,25.83,15.9,,1.6
"2025-08-02 22:13:46",1723,1446,82598,0,,4.5,9.7,25.78,15.95,,1.6
"2025-08-02 22:13:47",1725,1448,82580,0,,6.45,29.1,25.78,15.95,,1.7
"2025-08-02 22:13:48",1727,1450,82562,-36.612838,-71.880162,3.95,13.6,25.74,16,37.5,1.7
"2025-08-02 22:13:49",1729,1452,82544,0,,5.15,13.5,25.72,16,,1.7
"2025-08-02 22:13:50",1731,1454,82527,0,,6.45,27.7,25.74,16.05,,1.7
"2025-08-02 22:13:51",1733,1456,82510,-36.61271,-71.880103,3.45,16.1,25.7,16.1,,1.8
"2025-08-02 22:13:53",1736,1459,82474,0,,6.2,25.8,25.67,16.2,,1.8
"2025-08-02 22:13:54",1738,1461,82456,-36.612578,-71.880045,3.5,11.4,25.63,16.2,,1.8
"2025-08-02 22:13:57",1744,1467,82408,-36.612448,-71.879988,4.05,2.5,25.51,16.25,,1.8
"2025-08-02 22:13:59",1748,1471,82370,0,,5.6,15.3,25.44,16.25,,1.9
"2025-08-02 22:14:00",1749,1472,82352,-36.612315,-71.879933,4.45,359.3,25.41,16.3,,1.9
"2025-08-02 22:14:02",1753,1476,82314,0,,5.85,12,25.36,16.4,,1.9
"2025-08-02 22:14:03",1755,1478,82296,-36.612178,-71.879868,4.75,7.5,25.34,16.45,,1.9
"2025-08-02 22:14:05",1759,1482,82263,0,,6.05,10.3,25.29,16.55,,1.8
"2025-08-02 22:14:06",1761,1484,82248,-36.612042,-71.879807,4.7,3.8,25.27,16.6,,1.8
"2025-08-02 22:14:08",1764,1487,82215,0,,6.15,11.9,25.34,16.6,,1.8
"2025-08-02 22:14:09",1766,1489,82198,-36.611917,-71.879737,3.8,21.6,25.28,16.6,,1.8
"2025-08-02 22:14:10",1768,1491,82178,0,,5.55,26.5,25.26,16.65,,1.9
"2025-08-02 22:14:11",1770,1493,82160,0,,5.55,1.6,25.24,16.65,,1.9
"2025-08-02 22:14:12",1772,1495,82142,-36.611773,-71.879685,5.9,21.2,25.2,16.65,,1.9
"2025-08-02 22:14:13",1773,1496,82134,0,,5.6,27.3,25.21,16.65,,1.8
"2025-08-02 22:14:14",1774,1497,82127,0,,4.65,357.9,25.17,16.65,,1.7
"2025-08-02 22:14:15",1774,1497,82120,-36.611635,-71.879635,5.9,20.5,25.19,16.7,37.25,1.6
"2025-08-02 22:14:16",1777,1500,82096,0,,5.5,28.8,25.15,16.7,,1.6
"2025-08-02 22:14:17",1779,1502,82072,0,,4.15,5.4,25.16,16.75,,1.7
"2025-08-02 22:14:18",1782,1505,82048,-36.611498,-71.879573,6.95,21.6,25.13,16.85,,1.8
"2025-08-02 22:14:19",1783,1506,82040,0,,4.8,28.7,25.11,16.9,,1.7
"2025-08-02 22:14:20",1784,1507,82032,0,,4.75,7.8,25.1,16.9,,1.6
"2025-08-02 22:14:21",1785,1508,82024,-36.611365,-71.879512,6.95,23.9,25.07,16.95,,1.6
"2025-08-02 22:14:22",1787,1510,82000,0,,4,26.4,25,17,,1.6
"2025-08-02 22:14:23",1790,1513,81977,0,,4.75,14.8,24.98,17.05,,1.7
"2025-08-02 22:14:24",1792,1515,81954,-36.611228,-71.879442,7.55,27.5,24.96,17.15,,1.7
"2025-08-02 22:14:26",1794,1517,81939,0,,4.75,17.9,24.94,17.2,,1.7
"2025-08-02 22:14:27",1794,1517,81932,-36.611088,-71.879377,7,27.6,24.96,17.25,,1.7
"2025-08-02 22:14:28",1797,1520,81906,0,,5,7,24.92,17.35,,1.7
"2025-08-02 22:14:29",1800,1523,81883,0,,5.35,23.1,24.9,17.4,,1.7
"2025-08-02 22:14:30",1802,1525,81860,-36.610952,-71.879303,6.85,32.5,24.86,17.45,,1.7
"2025-08-02 22:14:31",1803,1526,81853,0,,4.45,17.3,24.85,17.55,,1.7
"2025-08-02 22:14:32",1804,1527,81845,0,,5.55,23.5,24.83,17.55,,1.7
"2025-08-02 22:14:33",1805,1528,81838,-36.61082,-71.879227,6.15,30.1,24.78,17.65,,1.7
"2025-08-02 22:14:34",1807,1530,81812,0,,4,18.6,24.75,17.7,,1.7
"2025-08-02 22:14:35",1810,1533,81786,0,,6.75,21.1,24.72,17.7,,1.8
"2025-08-02 22:14:36",1813,1536,81760,-36.610682,-71.879158,5.9,25.3,24.7,17.75,,1.8
"2025-08-02 22:14:37",1815,1538,81739,0,,4,18.7,24.66,17.8,,1.8
"2025-08-02 22:14:38",1817,1540,81720,0,,6.8,31.1,24.64,17.85,,1.8
"2025-08-02 22:14:39",1819,1542,81702,-36.610545,-71.879082,5.7,18.4,24.64,17.9,,2
"2025-08-02 22:14:40",1821,1544,81688,0,,4.35,18.1,24.67,17.9,,2
"2025-08-02 22:14:41",1822,1545,81675,0,,6.4,35.4,24.78,17.9,,1.9
"2025-08-02 22:14:42",1823,1546,81662,-36.610405,-71.879013,6.15,9.6,24.78,17.9,37,1.8
"2025-08-02 22:14:43",1826,1549,81642,0,,4.6,18.6,24.77,17.9,,1.9
"2025-08-02 22:14:44",1828,1551,81621,0,,6.4,40.3,24.75,17.9,,2
"2025-08-02 22:14:45",1830,1553,81600,-36.610268,-71.878935,5.7,10.9,24.72,17.9,,2.1
"2025-08-02 22:14:46",1832,1555,81585,0,,5.05,24.1,24.71,17.85,,2
"2025-08-02 22:14:47",1833,1556,81569,0,,6.35,32.8,24.74,17.85,,1.9
"2025-08-02 22:14:48",1835,1558,81554,-36.610132,-71.87886,5.85,10.3,24.72,17.8,,1.8
"2025-08-02 22:14:49",1837,1560,81539,0,,4.55,36.6,24.74,17.8,,1.8
"2025-08-02 22:14:50",1838,1561,81524,0,,6.35,23,24.71,17.75,,1.8
"2025-08-02 22:14:51",1840,1563,81510,-36.609995,-71.878787,5.75,10.7,24.69,17.75,,1.7
"2025-08-02 22:14:52",1842,1565,81486,0,,5,39.9,24.68,17.75,,1.8
"2025-08-02 22:14:53",1845,1568,81464,0,,6,24,24.65,17.75,,1.9
"2025-08-02 22:14:54",1847,1570,81442,-36.609865,-71.878707,5,20,24.64,17.75,,1.9
"2025-08-02 22:14:57",1852,1575,81400,-36.609737,-71.878632,4.05,25.2,24.63,17.75,,1.8
"2025-08-02 22:15:01",1858,1581,81343,0,,,,24.55,17.8,,1.8
"2025-08-02 22:15:02",1859,1582,81329,0,,,,24.53,17.85,,1.7
"2025-08-02 22:15:03",1861,1584,81316,0,,,,24.52,17.85,,1.7
"2025-08-02 22:15:04",1862,1585,81304,0,,6.6,23.4,24.51,17.85,,1.6
"2025-08-02 22:15:05",1863,1586,81294,0,,5.5,23.1,24.47,17.9,,1.5
"2025-08-02 22:15:06",1864,1587,81284,-36.609342,-71.878407,4.15,32.3,24.43,17.9,,1.4
"2025-08-02 22:15:07",1867,1590,81257,0,,6.55,11.8,24.42,17.9,,1.5
"2025-08-02 22:15:08",1870,1593,81225,0,,5.9,30.2,24.37,18,,1.7
"2025-08-02 22:15:09",1874,1597,81194,-36.609205,-71.878337,4.25,30.5,24.36,18.05,36.5,1.8
"2025-08-02 22:15:10",1876,1599,81178,0,,6.3,10,24.31,18.1,,1.8
"2025-08-02 22:15:11",1877,1600,81163,0,,5.3,31.4,24.3,18.15,,1.8
"2025-08-02 22:15:12",1879,1602,81148,-36.609065,-71.878263,5.2,27.4,24.26,18.1,,1.8
"2025-08-02 22:15:13",1881,1604,81127,0,,6.5,14,24.24,18.1,,1.9
"2025-08-02 22:15:14",1883,1606,81107,0,,4.4,29.3,24.26,18.05,,2
"2025-08-02 22:15:15",1885,1608,81088,-36.608928,-71.878195,5.65,25.1,24.24,18.05,,2
"2025-08-02 22:15:16",1887,1610,81073,0,,6.45,16.5,24.2,17.95,,2
"2025-08-02 22:15:17",1889,1612,81057,0,,3.85,32.8,24.18,17.95,,2.1
"2025-08-02 22:15:18",1890,1613,81042,-36.608795,-71.878123,5.95,21.6,24.12,17.95,,2.1
"2025-08-02 22:15:19",1892,1615,81026,0,,6.15,19,24.1,17.9,,2.2
"2025-08-02 22:15:20",1894,1617,81010,0,,4.15,30.4,24.08,17.8,,2.1
"2025-08-02 22:15:21",1895,1618,80994,-36.608662,-71.878062,6.15,17.6,24.04,17.65,,1.9
"2025-08-02 22:15:22",1897,1620,80979,0,,5.2,17.4,24.05,17.55,,1.8
"2025-08-02 22:15:23",1898,1621,80966,0,,4.5,27.4,24.05,17.45,,1.8
"2025-08-02 22:15:24",1900,1623,80954,-36.608528,-71.877998,6.65,18.3,24.07,17.4,,1.7
"2025-08-02 22:15:25",1902,1625,80930,0,,,,24.03,17.3,,1.8
"2025-08-02 22:15:26",1905,1628,80906,0,,,,24.02,17.3,,1.8
"2025-08-02 22:15:27",1908,1631,80882,0,,,,24.02,17.25,,1.9
"2025-08-02 22:15:28",1909,1632,80869,0,,4.75,34.3,24.03,17.25,,1.8
"2025-08-02 22:15:29",1910,1633,80855,0,,5,11.2,23.98,17.25,,1.8
"2025-08-02 22:15:30",1912,1635,80842,-36.608265,-71.877878,6.7,15.5,23.94,17.25,,1.8
"2025-08-02 22:15:31",1914,1637,80827,0,,4.05,27.9,23.95,17.25,,1.8
"2025-08-02 22:15:32",1915,1638,80813,0,,5.4,21.2,23.93,17.25,,1.8
"2025-08-02 22:15:33",1917,1640,80800,-36.608128,-71.877812,6.85,21.6,23.93,17.3,,1.7
"2025-08-02 22:15:34",1916,1639,80803,0,,3.9,14.6,23.93,17.25,,1.6
"2025-08-02 22:15:35",1916,1639,80807,0,,5.35,31.5,23.9,17.25,,1.4
"2025-08-02 22:15:36",1915,1638,80812,-36.608002,-71.877752,6.2,20.2,23.89,17.25,36.5,1.3
"2025-08-02 22:15:37",1920,1643,80768,0,,4.05,6.6,23.86,17.25,,1.5
"2025-08-02 22:15:38",1924,1647,80730,0,,5.15,38.4,23.91,17.25,,1.6
"2025-08-02 22:15:39",1928,1651,80692,-36.607873,-71.877697,6.25,9.2,23.87,17.25,,1.7
"2025-08-02 22:15:40",1930,1653,80677,0,,4.8,11.9,23.88,17.25,,1.7
"2025-08-02 22:15:41",1932,1655,80660,0,,5.55,35.9,23.84,17.25,,1.8
"2025-08-02 22:15:42",1933,1656,80644,-36.60774,-71.87764,5.35,5.9,23.77,17.25,,1.8
"2025-08-02 22:15:43",1935,1658,80625,0,,5.5,18.9,23.72,17.25,,1.8
"2025-08-02 22:15:44",1937,1660,80609,0,,5.3,31.1,23.72,17.3,,1.8
"2025-08-02 22:15:45",1939,1662,80594,-36.607612,-71.87758,4.25,7.9,23.72,17.3,,1.8
"2025-08-02 22:15:46",1939,1662,80592,0,,6.25,23.4,23.72,17.3,,1.9
"2025-08-02 22:15:47",1939,1662,80591,0,,5.05,26.5,23.72,17.35,,1.9
"2025-08-02 22:15:48",1939,1662,80590,-36.607483,-71.877525,4.15,2.8,23.72,17.35,,2
"2025-08-02 22:15:49",1942,1665,80560,0,,6.4,25.5,23.78,17.35,,2.1
"2025-08-02 22:15:50",1946,1669,80526,0,,4.6,21.6,23.82,17.35,,2
"2025-08-02 22:15:51",1950,1673,80492,-36.607357,-71.877477,4.25,359.2,23.78,17.35,,2
"2025-08-02 22:15:52",1950,1673,80487,0,,6.2,30.3,23.72,17.3,,1.7
"2025-08-02 22:15:53",1951,1674,80482,0,,4.6,13.3,23.72,17.3,,1.6
"2025-08-02 22:15:54",1951,1674,80478,-36.607237,-71.877423,4.35,8.2,23.72,17.3,,1.5
"2025-08-02 22:15:57",1957,1680,80424,-36.607108,-71.877365,5.05,13.4,23.72,17.3,,1.6
"2025-08-02 22:15:58",1959,1682,80406,0,,5.55,37.6,23.72,17.35,,1.6
"2025-08-02 22:15:59",1961,1684,80391,0,,5.35,5.9,23.71,17.35,,1.7
"2025-08-02 22:16:00",1963,1686,80376,-36.606983,-71.877308,4.6,17.1,23.63,17.35,,1.8
"2025-08-02 22:16:01",1964,1687,80361,0,,5,32.7,23.65,17.4,,1.8
"2025-08-02 22:16:02",1966,1689,80346,0,,5.85,2.3,23.6,17.4,,1.6
"2025-08-02 22:16:03",1967,1690,80332,-36.606857,-71.877257,4.45,27.2,23.53,17.45,36.25,1.4
"2025-08-02 22:16:04",1969,1692,80316,0,,4.95,27.2,23.52,17.45,,1.5
"2025-08-02 22:16:05",1971,1694,80300,0,,6.15,3.8,23.47,17.45,,1.6
"2025-08-02 22:16:06",1973,1696,80284,-36.606727,-71.877205,4.45,28,23.43,17.5,,1.7
"2025-08-02 22:16:07",1975,1698,80263,0,,5.05,19.2,23.42,17.5,,1.8
"2025-08-02 22:16:08",1977,1700,80245,0,,6.4,0.4,23.37,17.5,,1.8
"2025-08-02 22:16:09",1979,1702,80228,-36.606593,-71.877158,4.3,29.3,23.31,17.55,,1.8
"2025-08-02 22:16:10",1982,1705,80197,0,,4.8,23.9,23.33,17.55,,1.9
"2025-08-02 22:16:11",1986,1709,80163,0,,6.2,0.5,23.31,17.55,,2
"2025-08-02 22:16:12",1989,1712,80130,-36.606465,-71.877108,4.6,36.1,23.34,17.6,,2.2
"2025-08-02 22:16:13",1991,1714,80112,0,,4.7,14.9,23.35,17.6,,2.2
"2025-08-02 22:16:14",1993,1716,80098,0,,5.8,9.7,23.35,17.6,,2.2
"2025-08-02 22:16:15",1994,1717,80084,-36.606338,-71.877057,5.05,33.8,23.43,17.65,,2.2
"2025-08-02 22:16:16",1996,1719,80070,0,,4.35,3.9,23.41,17.65,,2.2
"2025-08-02 22:16:17",1998,1721,80054,0,,5.9,14.1,23.39,17.6,,2.2
"2025-08-02 22:16:18",1999,1722,80038,-36.60621,-71.877005,5.35,33.5,23.45,17.65,,2.2
"2025-08-02 22:16:19",2001,1724,80019,0,,4,356.3,23.42,17.6,,2.2
"2025-08-02 22:16:20",2003,1726,80002,0,,5.45,19.1,23.37,17.6,,2.2
"2025-08-02 22:16:21",2005,1728,79986,-36.606088,-71.87695,5.15,34.7,23.39,17.65,,2.2
"2025-08-02 22:16:23",2009,1732,79949,0,,4.25,23,23.28,17.6,,1.9
"2025-08-02 22:16:24",2011,1734,79930,-36.605972,-71.876895,4.65,34.1,23.22,17.65,,1.8
"2025-08-02 22:16:27",2012,1735,79918,-36.605857,-71.876845,4.9,29.4,23.13,17.75,,1.5
"2025-08-02 22:16:29",2018,1741,79864,0,,3.5,29.8,23.01,17.85,,1.7
"2025-08-02 22:16:30",2021,1744,79838,-36.605737,-71.876793,4.95,26.2,22.98,17.9,35.5,1.8
"2025-08-02 22:16:32",2025,1748,79807,0,,3.1,34.8,22.98,18,,1.8
"2025-08-02 22:16:33",2026,1749,79792,-36.60562,-71.876747,5.2,20.6,22.98,18,,1.8
"2025-08-02 22:16:35",2031,1754,79752,0,,3.3,26.6,22.94,18.05,,1.8
"2025-08-02 22:16:36",2033,1756,79732,-36.605503,-71.8767,5.8,19.7,22.93,18.05,,1.8
"2025-08-02 22:16:38",2036,1759,79699,0,,3.65,21.9,22.94,18.05,,1.8
"2025-08-02 22:16:39",2038,1761,79682,-36.605383,-71.876653,6.3,24.2,22.95,18.05,,1.8
"2025-08-02 22:16:41",2042,1765,79649,0,,4.3,29.6,22.92,18.05,,2
"2025-08-02 22:16:42",2044,1767,79634,-36.605267,-71.87661,5.9,20.1,22.89,18.05,,1.9
"2025-08-02 22:16:43",2045,1768,79619,0,,3.5,358.9,22.88,18,,1.9
"2025-08-02 22:16:44",2047,1770,79602,0,,5.05,21.6,22.86,18.05,,1.9
"2025-08-02 22:16:45",2049,1772,79586,-36.60515,-71.876568,5.05,20.1,22.84,18.05,,1.9
"2025-08-02 22:16:46",2049,1772,79588,0,,3.6,4.2,22.82,18.1,,1.7
"2025-08-02 22:16:47",2048,1771,79590,0,,5.8,19.3,22.83,18.1,,1.6
"2025-08-02 22:16:48",2048,1771,79592,-36.605037,-71.876525,3.95,21.9,22.77,18.1,,1.4
"2025-08-02 22:16:49",2052,1775,79556,0,,3.65,11,22.77,18.1,,1.5
"2025-08-02 22:16:50",2056,1779,79522,0,,5.7,19,22.75,18.1,,1.6
"2025-08-02 22:16:51",2059,1782,79488,-36.604923,-71.876483,3.3,12,22.7,18.2,,1.8
"2025-08-02 22:16:52",2059,1782,79488,0,,3.95,16.9,22.67,18.25,,1.6
"2025-08-02 22:16:53",2059,1782,79488,0,,6.1,21,22.62,18.35,,1.5
"2025-08-02 22:16:54",2059,1782,79488,-36.604812,-71.876438,2.8,8.1,22.56,18.4,,1.4
"2025-08-02 22:16:56",2067,1790,79422,0,,5.7,27.2,22.67,18.5,,1.6
"2025-08-02 22:16:57",2070,1793,79390,-36.6047,-71.876393,3.45,356.4,22.6,18.5,35.25,1.8
"2025-08-02 22:16:58",2071,1794,79382,0,,3.85,24.3,22.62,18.65,,1.9
"2025-08-02 22:16:59",2072,1795,79375,0,,5.4,26.5,22.67,18.7,,2
"2025-08-02 22:17:00",2073,1796,79368,-36.604587,-71.876352,4.45,351.7,22.61,18.8,,2
"2025-08-02 22:17:04",2080,1803,79300,0,,3.35,43.8,22.7,18.8,,1.7
"2025-08-02 22:17:05",2082,1805,79283,0,,4.6,12,22.67,18.8,,1.9
"2025-08-02 22:17:06",2084,1807,79266,-36.60437,-71.876267,4.2,3.5,22.62,18.8,,2
"2025-08-02 22:17:07",2088,1811,79230,0,,4.6,36.1,22.57,18.8,,2.2
"2025-08-02 22:17:08",2092,1815,79193,0,,3.4,2.4,22.54,18.7,,2.3
"2025-08-02 22:17:09",2096,1819,79156,-36.60426,-71.876232,4.5,4.9,22.49,18.65,,2.3
"2025-08-02 22:17:10",2098,1821,79139,0,,5.25,28.2,22.48,18.65,,2.1
"2025-08-02 22:17:11",2100,1823,79121,0,,3,354.3,22.44,18.65,,2.2
"2025-08-02 22:17:12",2102,1825,79104,-36.604147,-71.876198,4.75,12.7,22.38,18.7,,2.3
"2025-08-02 22:17:13",2104,1827,79086,0,,4.75,26.3,22.33,18.8,,2.4
"2025-08-02 22:17:14",2105,1828,79070,0,,2.9,11.5,22.3,18.8,,2.3
"2025-08-02 22:17:15",2107,1830,79054,-36.604032,-71.876158,5.75,12.5,22.23,18.85,,2.3
"2025-08-02 22:17:16",2108,1831,79047,0,,4,19.4,22.19,18.9,,2.2
"2025-08-02 22:17:17",2109,1832,79039,0,,2.9,1.6,22.15,18.9,,2.2
"2025-08-02 22:17:18",2110,1833,79032,-36.603923,-71.876125,5.6,15.8,22.16,18.9,,2.1
"2025-08-02 22:17:22",2118,1841,78953,0,,2.75,23.8,22.12,18.8,,1.7
"2025-08-02 22:17:23",2120,1843,78933,0,,4.05,11,22.09,18.8,,1.7
"2025-08-02 22:17:24",2123,1846,78914,-36.603713,-71.87606,5.25,10.6,22.08,18.85,35,1.7
"2025-08-02 22:17:27",2123,1846,78906,-36.603607,-71.876032,4.85,13.1,22.08,18.85,,1.4
"2025-08-02 22:17:28",2125,1848,78889,0,,3.05,354.4,22.04,18.85,,1.4
"2025-08-02 22:17:29",2127,1850,78872,0,,4.3,29.1,22.09,18.85,,1.5
"2025-08-02 22:17:30",2129,1852,78856,-36.6035,-71.876008,4.5,3.3,22.06,18.9,,1.6
"2025-08-02 22:17:31",2131,1854,78835,0,,3.4,359.4,22.06,18.9,,1.7
"2025-08-02 22:17:32",2134,1857,78813,0,,5.2,23.3,22.12,18.9,,1.7
"2025-08-02 22:17:33",2136,1859,78792,-36.603398,-71.875973,3.65,14.8,22.1,18.9,,1.8
"2025-08-02 22:17:34",2140,1863,78758,0,,3,4.5,22.08,18.95,,1.9
"2025-08-02 22:17:35",2143,1866,78725,0,,5.65,15.8,22.13,18.95,,1.9
"2025-08-02 22:17:36",2147,1870,78692,-36.603295,-71.875938,3.3,20.4,22.17,18.9,,2.1
"2025-08-02 22:17:37",2147,1870,78693,0,,3.3,5,22.11,18.85,,1.9
"2025-08-02 22:17:38",2147,1870,78695,0,,3.3,5,22.03,18.85,,1.7
"2025-08-02 22:17:39",2146,1869,78698,-36.603193,-71.875907,3.1,24.3,21.97,18.9,,1.6
"2025-08-02 22:17:40",2150,1873,78665,0,,3,0,21.91,18.95,,2.1
"2025-08-02 22:17:41",2154,1877,78631,0,,5.4,5.1,21.86,19.1,,2.2
"2025-08-02 22:17:42",2158,1881,78598,-36.603088,-71.875878,3.75,37,21.85,19.15,,2.3
"2025-08-02 22:17:43",2158,1881,78591,0,,3.95,352.3,21.84,19.25,,2.2
"2025-08-02 22:17:44",2159,1882,78585,0,,3.95,352.3,21.8,19.3,,2.1
"2025-08-02 22:17:45",2160,1883,78580,-36.602985,-71.875845,3.65,35.6,21.73,19.35,,2
"2025-08-02 22:17:46",2163,1886,78550,0,,3.65,35.6,21.71,19.4,,2.1
"2025-08-02 22:17:47",2166,1889,78519,0,,4,3.3,21.68,19.45,,2
"2025-08-02 22:17:48",2170,1893,78488,-36.60288,-71.875822,2.75,30.9,21.67,19.4,,2
"2025-08-02 22:17:49",2171,1894,78473,0,,2.75,30.9,21.64,19.35,,2
"2025-08-02 22:17:50",2173,1896,78459,0,,3.65,3.2,21.65,19.3,,2.2
"2025-08-02 22:17:51",2174,1897,78446,-36.602777,-71.875795,2.6,21.4,21.64,19.25,35,2.3
"2025-08-02 22:17:52",2175,1898,78443,0,,5.6,11.4,21.61,19.25,,2
"2025-08-02 22:17:53",2175,1898,78440,0,,3.15,4.9,21.55,19.25,,1.8
"2025-08-02 22:17:54",2175,1898,78438,-36.602682,-71.87577,2.2,25.5,21.52,19.35,,1.5
"2025-08-02 22:17:55",2177,1900,78420,0,,2.2,25.5,21.53,19.45,,1.5
"2025-08-02 22:17:56",2179,1902,78403,0,,3.2,5.6,21.49,19.55,,1.6
"2025-08-02 22:17:57",2181,1904,78386,-36.60258,-71.875747,2.95,20.5,21.5,19.6,,1.7
"2025-08-02 22:17:58",2184,1907,78358,0,,5.25,4.9,21.52,19.65,,1.8
"2025-08-02 22:17:59",2187,1910,78333,0,,2.95,8.1,21.47,19.65,,1.7
"2025-08-02 22:18:00",2190,1913,78308,-36.602482,-71.875728,2.85,15.2,21.46,19.65,,1.7
"2025-08-02 22:18:01",2192,1915,78283,0,,5.5,7.1,21.46,19.7,,1.7
"2025-08-02 22:18:02",2195,1918,78257,0,,3.8,359.7,21.44,19.6,,1.8
"2025-08-02 22:18:03",2198,1921,78232,-36.60237,-71.875717,3.1,8,21.42,19.55,,1.9
"2025-08-02 22:18:07",2207,1930,78149,0,,4.85,9.2,21.39,19.4,,2.5
"2025-08-02 22:18:08",2210,1933,78128,0,,2.35,2,21.36,19.35,,2.5
"2025-08-02 22:18:09",2212,1935,78108,-36.602172,-71.875683,4.25,13.5,21.38,19.35,,2.6
"2025-08-02 22:18:10",2213,1936,78093,0,,4.55,0,21.38,19.35,,2.5
"2025-08-02 22:18:11",2215,1938,78078,0,,2.9,345.9,21.36,19.35,,2.4
"2025-08-02 22:18:12",2217,1940,78064,-36.602068,-71.875672,4.75,22.6,21.31,19.35,,2.3
"2025-08-02 22:18:13",2218,1941,78055,0,,4.35,359.5,21.32,19.35,,2.2
"2025-08-02 22:18:14",2219,1942,78046,0,,2.8,343.6,21.3,19.35,,2
"2025-08-02 22:18:15",2220,1943,78038,-36.601967,-71.875665,5.1,19.2,21.28,19.35,,1.9
"2025-08-02 22:18:16",2223,1946,78011,0,,3.6,0.8,21.23,19.3,,1.9
"2025-08-02 22:18:17",2225,1948,77985,0,,3.6,0.8,21.19,19.3,,2
"2025-08-02 22:18:18",2228,1951,77960,-36.60187,-71.875648,4.9,15.8,21.15,19.35,34.5,2
"2025-08-02 22:18:19",2230,1953,77942,0,,2.85,11,21.19,19.35,,1.9
"2025-08-02 22:18:20",2232,1955,77926,0,,2.85,11,21.2,19.4,,1.9
"2025-08-02 22:18:21",2234,1957,77910,-36.601775,-71.875635,5.3,9.7,21.17,19.45,,1.8
"2025-08-02 22:18:22",2236,1959,77891,0,,2.2,12.3,21.12,19.45,,1.9
"2025-08-02 22:18:23",2238,1961,77871,0,,3.35,352.4,21.11,19.5,,1.9
"2025-08-02 22:18:24",2240,1963,77852,-36.60168,-71.875623,5.2,13.3,21.12,19.5,,2
"2025-08-02 22:18:27",2246,1969,77798,-36.601577,-71.875618,5.2,9,21.02,19.55,,2.2
"2025-08-02 22:18:28",2248,1971,77780,0,,2.4,349.5,21,19.55,,2.2
"2025-08-02 22:18:29",2250,1973,77762,0,,4.2,6.6,20.96,19.6,,2.1
"2025-08-02 22:18:30",2252,1975,77744,-36.601475,-71.875613,4.5,10.4,20.93,19.65,,2.1
"2025-08-02 22:18:31",2254,1977,77730,0,,2.75,345.8,20.93,19.65,,2
"2025-08-02 22:18:32",2255,1978,77717,0,,4.3,17.1,20.91,19.65,,1.9
"2025-08-02 22:18:33",2257,1980,77704,-36.601378,-71.875602,4.3,6.4,20.91,19.7,,1.9
"2025-08-02 22:18:34",2259,1982,77682,0,,2.85,337.2,20.91,19.7,,2
"2025-08-02 22:18:35",2262,1985,77659,0,,3.9,22,20.91,19.75,,2
"2025-08-02 22:18:36",2264,1987,77636,-36.601283,-71.875598,4.4,353.3,20.9,19.75,,2
"2025-08-02 22:18:37",2264,1987,77638,0,,2.8,353.8,20.9,19.75,,1.8
"2025-08-02 22:18:38",2264,1987,77640,0,,3.55,24.1,20.9,19.8,,1.7
"2025-08-02 22:18:39",2264,1987,77642,-36.601185,-71.875597,5,344.2,20.81,19.8,,1.4
"2025-08-02 22:18:40",2267,1990,77610,0,,3.25,7.5,20.82,19.85,,1.6
"2025-08-02 22:18:41",2271,1994,77576,0,,3.7,22.2,20.9,19.85,,1.8
"2025-08-02 22:18:42",2275,1998,77542,-36.601082,-71.875583,4.55,345.7,20.9,19.85,,1.9
"2025-08-02 22:18:43",2277,2000,77522,0,,3.9,16.4,20.82,19.85,,1.9
"2025-08-02 22:18:44",2279,2002,77504,0,,3.25,13.4,20.8,19.85,,1.9
"2025-08-02 22:18:45",2281,2004,77486,-36.600982,-71.875573,3.65,344.9,20.82,19.9,34,2
"2025-08-02 22:18:46",2282,2005,77475,0,,5,15.7,20.78,19.85,,1.9
"2025-08-02 22:18:47",2284,2007,77464,0,,3.2,359.3,20.72,19.85,,1.8
"2025-08-02 22:18:48",2285,2008,77454,-36.600875,-71.875572,3.8,347.1,20.72,19.9,,1.7
"2025-08-02 22:18:49",2287,2010,77429,0,,,,20.85,19.9,,1.8
"2025-08-02 22:18:50",2290,2013,77403,0,,,,20.9,19.9,,2
"2025-08-02 22:18:51",2293,2016,77378,0,,,,20.78,19.9,,2.3
"2025-08-02 22:18:53",2296,2019,77352,0,,2.4,352.1,20.7,19.9,,2.1
"2025-08-02 22:18:54",2297,2020,77340,-36.600678,-71.875558,4.1,7.7,20.67,19.9,,1.9
"2025-08-02 22:18:57",2306,2029,77262,-36.600587,-71.87555,4.5,21.5,20.52,20,,2.1
"2025-08-02 22:18:59",2310,2033,77227,0,,3.05,341.5,20.54,20.1,,2.1
"2025-08-02 22:19:00",2312,2035,77210,-36.60049,-71.875547,4.5,17.1,20.52,20.15,,2.2
"2025-08-02 22:19:02",2316,2039,77171,0,,3.7,350.3,20.48,20.25,,2.2
"2025-08-02 22:19:03",2319,2042,77152,-36.60038,-71.875547,5.4,16.5,20.47,20.25,,2.2
"2025-08-02 22:19:05",2321,2044,77126,0,,3.5,359.7,20.4,20.3,,2
"2025-08-02 22:19:06",2323,2046,77114,-36.600282,-71.875543,4.5,17.5,20.37,20.35,,2.1
"2025-08-02 22:19:08",2324,2047,77102,0,,4.15,358.3,20.34,20.4,,1.9
"2025-08-02 22:19:09",2325,2048,77096,-36.60018,-71.875528,5,21.6,20.29,20.45,,1.8
"2025-08-02 22:19:10",2329,2052,77061,0,,2.3,356.8,20.24,20.5,,1.7
"2025-08-02 22:19:11",2333,2056,77027,0,,4.65,2.9,20.25,20.55,,1.9
"2025-08-02 22:19:12",2336,2059,76994,-36.600075,-71.875513,4.45,16.5,20.29,20.6,33.75,2
"2025-08-02 22:19:13",2338,2061,76978,0,,2.85,353,20.29,20.6,,2
"2025-08-02 22:19:14",2340,2063,76963,0,,3.95,17.7,20.26,20.6,,1.9
"2025-08-02 22:19:15",2341,2064,76948,-36.599977,-71.8755,4.15,7.4,20.26,20.65,,1.9
"2025-08-02 22:19:16",2342,2065,76947,0,,,,20.27,20.65,,1.8
"2025-08-02 22:19:17",2342,2065,76946,0,,,,20.23,20.65,,1.6
"2025-08-02 22:19:18",2342,2065,76946,0,,,,20.2,20.7,,1.6
"2025-08-02 22:19:19",2343,2066,76933,0,,,,20.19,20.7,,1.6
"2025-08-02 22:19:20",2344,2067,76920,0,,,,20.18,20.7,,1.7
"2025-08-02 22:19:21",2346,2069,76908,0,,,,20.14,20.75,,1.8
"2025-08-02 22:19:22",2349,2072,76883,0,,3.7,348.3,20.12,20.8,,1.7
"2025-08-02 22:19:23",2351,2074,76859,0,,4.05,31.5,20.2,20.8,,1.6
"2025-08-02 22:19:24",2354,2077,76836,-36.59967,-71.87545,5.05,355.6,20.18,20.8,,1.5
"2025-08-02 22:19:26",2362,2085,76765,0,,4.6,21.4,20.13,20.85,,1.8
"2025-08-02 22:19:27",2366,2089,76730,-36.599567,-71.875425,5.2,0.8,20.12,20.9,,2
"2025-08-02 22:19:28",2367,2090,76723,0,,2.35,20.6,20.11,20.9,,2.1
"2025-08-02 22:19:29",2367,2090,76716,0,,4.9,13,20.08,20.9,,2.1
"2025-08-02 22:19:30",2368,2091,76710,-36.59946,-71.8754,4.55,3.1,20.04,21,,2.2
"2025-08-02 22:19:31",2372,2095,76677,0,,4.55,3.1,20.01,21.05,,2.3
"2025-08-02 22:19:32",2376,2099,76643,0,,4.9,2.3,20.01,21.05,,2.5
"2025-08-02 22:19:33",2379,2102,76610,-36.599355,-71.875377,4.2,13.4,19.97,21.1,,2.7
"2025-08-02 22:19:34",2381,2104,76592,0,,3.05,19.5,19.96,21.1,,2.7
"2025-08-02 22:19:35",2384,2107,76574,0,,4.55,356.9,19.97,21.1,,2.7
"2025-08-02 22:19:36",2386,2109,76556,-36.599248,-71.875355,4.4,22,19.94,21.15,,2.6
"2025-08-02 22:19:37",2388,2111,76533,0,,3.3,7.6,19.95,21.15,,2.6
"2025-08-02 22:19:38",2390,2113,76512,0,,3.3,7.6,19.95,21.15,,2.4
"2025-08-02 22:19:39",2393,2116,76492,-36.599142,-71.875325,4.45,32.2,19.94,21.2,33.25,2.2
"2025-08-02 22:19:40",2395,2118,76475,0,,3.55,356.6,19.94,21.2,,2.2
"2025-08-02 22:19:41",2397,2120,76458,0,,4.65,359.4,19.89,21.2,,2.3
"2025-08-02 22:19:42",2398,2121,76442,-36.599033,-71.875308,4.3,28.8,19.84,21.25,,2.4
"2025-08-02 22:19:43",2400,2123,76425,0,,,,19.86,21.3,,2.5
"2025-08-02 22:19:44",2402,2125,76408,0,,,,19.84,21.3,,2.3
"2025-08-02 22:19:45",2404,2127,76392,0,,,,19.83,21.3,,2.2
"2025-08-02 22:19:46",2406,2129,76371,0,,4.4,350.2,19.84,21.3,,2.1
"2025-08-02 22:19:47",2409,2132,76351,0,,3.8,13.9,19.81,21.35,,2.1
"2025-08-02 22:19:48",2411,2134,76332,-36.598815,-71.875273,4.15,21.3,19.79,21.35,,2.1
"2025-08-02 22:19:49",2413,2136,76314,0,,4.95,348.9,19.8,21.35,,2.1
"2025-08-02 22:19:50",2415,2138,76295,0,,3.65,23.1,19.78,21.4,,2.1
"2025-08-02 22:19:51",2417,2140,76276,-36.59871,-71.875253,3.95,19.5,19.75,21.4,,2.1
"2025-08-02 22:19:52",2418,2141,76268,0,,4.45,345.6,19.73,21.4,,2
"2025-08-02 22:19:53",2419,2142,76261,0,,4.15,24.8,19.65,21.45,,1.9
"2025-08-02 22:19:54",2420,2143,76254,-36.598603,-71.875233,4,15.9,19.62,21.5,,1.8
"2025-08-02 22:19:57",2422,2145,76236,-36.598493,-71.875213,4.9,7.7,19.51,21.55,,1.5
"2025-08-02 22:19:58",2425,2148,76202,0,,4.1,350.5,19.5,21.6,,1.6
"2025-08-02 22:19:59",2429,2152,76169,0,,4.1,31.4,19.58,21.6,,1.8
"2025-08-02 22:20:00",2433,2156,76136,-36.598378,-71.875193,4.85,358.7,19.54,21.65,,1.9
"2025-08-02 22:20:01",2435,2158,76118,0,,4.85,358.7,19.51,21.6,,1.8
"2025-08-02 22:20:02",2437,2160,76101,0,,4.2,30.6,19.51,21.6,,1.8
"2025-08-02 22:20:03",2439,2162,76084,-36.598262,-71.875172,5.45,357,19.46,21.65,,1.8
"2025-08-02 22:20:04",2439,2162,76080,0,,,,19.45,21.65,,1.7
"2025-08-02 22:20:05",2440,2163,76076,0,,,,19.54,21.65,,1.7
"2025-08-02 22:20:06",2440,2163,76072,0,,,,19.51,21.7,33.25,1.7
"2025-08-02 22:20:07",2444,2167,76041,0,,3.95,8,19.5,21.65,,1.9
"2025-08-02 22:20:08",2447,2170,76011,0,,4.15,29.4,19.48,21.7,,2
"2025-08-02 22:20:09",2451,2174,75982,-36.598042,-71.875132,4.2,352.9,19.44,21.7,,2.4
"2025-08-02 22:20:10",2454,2177,75949,0,,4.85,13.3,19.51,21.7,,2.4
"2025-08-02 22:20:11",2458,2181,75917,0,,4.05,20,19.59,21.7,,2.4
"2025-08-02 22:20:12",2461,2184,75886,-36.597927,-71.875112,4.05,349.7,19.51,21.7,,2.4
"2025-08-02 22:20:13",2463,2186,75869,0,,4,349.7,19.47,21.75,,2.3
"2025-08-02 22:20:14",2465,2188,75852,0,,3.3,16.3,19.42,21.75,,2.3
"2025-08-02 22:20:15",2467,2190,75836,-36.597808,-71.875097,4.3,342.4,19.32,21.75,,2.3
"2025-08-02 22:20:16",2469,2192,75820,0,,5.9,19.5,19.25,21.8,,2.4
"2025-08-02 22:20:17",2471,2194,75805,0,,3.25,12.7,19.24,21.85,,2.6
"2025-08-02 22:20:18",2472,2195,75790,-36.597697,-71.875075,4.15,350.2,19.23,21.9,,2.7
"2025-08-02 22:20:19",2474,2197,75774,0,,5.4,26,19.19,21.9,,2.5
"2025-08-02 22:20:20",2476,2199,75758,0,,3.45,358.6,19.13,21.9,,2.4
"2025-08-02 22:20:21",2478,2201,75742,-36.597587,-71.875058,4.25,354.8,19.07,21.95,,2.3
"2025-08-02 22:20:22",2480,2203,75725,0,,4.7,25.7,19.12,22,,2.2
"2025-08-02 22:20:23",2482,2205,75708,0,,5.05,357.4,19.08,22.05,,2.1
"2025-08-02 22:20:24",2483,2206,75692,-36.597472,-71.875033,4.25,3,19.04,22.1,,2
"2025-08-02 22:20:26",2485,2208,75675,0,,5.05,2.4,19.04,22.15,,1.7
"2025-08-02 22:20:27",2486,2209,75668,-36.597367,-71.875008,3.65,1.2,19.01,22.2,,1.6
"2025-08-02 22:20:28",2490,2213,75634,0,,3.75,23.6,19.04,22.25,,1.8
"2025-08-02 22:20:29",2494,2217,75598,0,,5.5,5.3,19.04,22.25,,1.9
"2025-08-02 22:20:30",2498,2221,75562,-36.597252,-71.87499,2.95,358.4,19.03,22.3,,2.1
"2025-08-02 22:20:31",2500,2223,75549,0,,4.65,16.1,18.96,22.3,,2.1
"2025-08-02 22:20:32",2501,2224,75536,0,,4.95,7.8,18.93,22.35,,2.1
"2025-08-02 22:20:33",2503,2226,75524,-36.597143,-71.874965,2.55,9.3,18.92,22.4,32.75,2.1
"2025-08-02 22:20:34",2505,2228,75503,0,,4.85,12.7,18.87,22.35,,2.1
"2025-08-02 22:20:35",2507,2230,75482,0,,4.85,12.7,18.85,22.4,,2.1
"2025-08-02 22:20:36",2510,2233,75462,-36.597025,-71.874943,3.2,3.5,18.81,22.45,,2.2
"2025-08-02 22:20:37",2512,2235,75443,0,,5.55,5.2,18.75,22.45,,2.2
"2025-08-02 22:20:38",2514,2237,75425,0,,4,14.8,18.74,22.5,,2.2
"2025-08-02 22:20:39",2516,2239,75408,-36.596907,-71.874927,3.35,360,18.71,22.55,,2.4
"2025-08-02 22:20:40",2517,2240,75394,0,,5.85,10.6,18.72,22.55,,2.4
"2025-08-02 22:20:41",2519,2242,75380,0,,3.5,20.3,18.78,22.55,,2.2
"2025-08-02 22:20:42",2521,2244,75366,-36.596793,-71.874897,3.55,3.9,18.74,22.6,,2
"2025-08-02 22:20:43",2523,2246,75343,0,,5.75,12.2,18.7,22.6,,2
"2025-08-02 22:20:44",2526,2249,75320,0,,4.25,18.2,18.71,22.6,,2.1
"2025-08-02 22:20:45",2528,2251,75298,-36.596672,-71.874865,4.15,4.4,18.71,22.65,,2.1
"2025-08-02 22:20:46",2528,2251,75298,0,,5.45,6.7,18.66,22.65,,1.9
"2025-08-02 22:20:47",2528,2251,75298,0,,3.55,28.5,18.63,22.65,,1.8
"2025-08-02 22:20:48",2528,2251,75298,-36.596558,-71.874842,4.4,354.8,18.64,22.7,,1.6
"2025-08-02 22:20:49",2532,2255,75268,0,,5,11.8,18.63,22.7,,1.7
"2025-08-02 22:20:50",2535,2258,75238,0,,3.8,32.2,18.69,22.7,,1.8
"2025-08-02 22:20:51",2539,2262,75208,-36.59645,-71.874815,4.4,352.2,18.64,22.7,,1.9
"2025-08-02 22:20:52",2542,2265,75182,0,,4.4,352.2,18.63,22.7,,2
"2025-08-02 22:20:53",2544,2267,75158,0,,3.85,32.7,18.59,22.7,,2.1
"2025-08-02 22:20:54",2547,2270,75134,-36.596337,-71.87478,5.45,358.1,18.54,22.8,,2.2
"2025-08-02 22:20:57",2552,2275,75088,-36.596225,-71.874747,5.7,2.2,18.5,22.95,,2
"2025-08-02 22:20:58",2555,2278,75068,0,,3.5,13.5,18.49,23,,2.2
"2025-08-02 22:20:59",2557,2280,75050,0,,3.85,22.5,18.48,23.05,,2.4
"2025-08-02 22:21:00",2559,2282,75032,-36.596115,-71.874718,5.5,2.5,18.49,23.1,32.5,2.5
"2025-08-02 22:21:01",2561,2284,75012,0,,3.25,19.1,18.46,23.1,,2.5
"2025-08-02 22:21:02",2563,2286,74991,0,,4.1,19.4,18.43,23.1,,2.4
"2025-08-02 22:21:03",2566,2289,74970,-36.596005,-71.874688,5.6,6.4,18.41,23.1,,2.4
"2025-08-02 22:21:04",2566,2289,74970,0,,2.95,9.4,18.4,23.1,,2.1
"2025-08-02 22:21:05",2566,2289,74970,0,,4.4,16.8,18.43,23.1,,1.9
"2025-08-02 22:21:06",2566,2289,74970,-36.595895,-71.87466,5.55,8,18.41,23.1,,1.7
"2025-08-02 22:21:07",2570,2293,74934,0,,2.2,19.1,18.4,23.15,,1.8
"2025-08-02 22:21:08",2574,2297,74899,0,,4.8,15.9,18.39,23.15,,1.9
"2025-08-02 22:21:09",2578,2301,74864,-36.595788,-71.87463,5.1,8.6,18.38,23.2,,2.1
"2025-08-02 22:21:10",2580,2303,74848,0,,2.3,16.9,18.35,23.15,,2.1
"2025-08-02 22:21:11",2582,2305,74832,0,,5,12.5,18.33,23.15,,2.1
"2025-08-02 22:21:12",2584,2307,74816,-36.59568,-71.874595,5.15,12.2,18.33,23.2,,2.1
"2025-08-02 22:21:13",2584,2307,74816,0,,2.35,29.4,18.31,23.25,,1.9
"2025-08-02 22:21:14",2584,2307,74816,0,,3.25,21.9,18.29,23.25,,1.7
"2025-08-02 22:21:15",2584,2307,74816,-36.59559,-71.87455,4.75,17.8,18.25,23.3,,1.5
"2025-08-02 22:21:16",2588,2311,74778,0,,3.1,30.8,18.2,23.25,,1.8
"2025-08-02 22:21:17",2592,2315,74741,0,,4.25,2.8,18.19,23.3,,2.2
"2025-08-02 22:21:18",2596,2319,74704,-36.595488,-71.874505,4.75,27,18.16,23.3,,2.5
"2025-08-02 22:21:23",2607,2330,74608,0,,5.8,4,18.14,23.4,,2.1
"2025-08-02 22:21:24",2610,2333,74590,-36.595263,-71.874415,4.25,33.8,18.11,23.4,,2.1
"2025-08-02 22:21:27",2610,2333,74582,-36.595162,-71.874378,3.55,31.2,18,23.45,31.75,2.1
"2025-08-02 22:21:35",2632,2355,74391,0,,5.3,19.5,17.88,23.35,,2.1
"2025-08-02 22:21:36",2635,2358,74368,-36.594832,-71.874243,3.75,358.2,17.86,23.35,,2.1
"2025-08-02 22:21:38",2639,2362,74335,0,,4.65,16,17.76,23.4,,2.1
"2025-08-02 22:21:39",2641,2364,74320,-36.59472,-71.874195,3.8,357.5,17.73,23.4,,2.5
"2025-08-02 22:21:41",2642,2365,74312,0,,4.5,11.6,17.77,23.45,,2.2
"2025-08-02 22:21:42",2642,2365,74308,-36.594608,-71.874142,3.75,2.6,17.73,23.45,,2.1
"2025-08-02 22:21:43",2643,2366,74296,0,,5.5,34.6,17.75,23.45,,2.1
"2025-08-02 22:21:44",2645,2368,74284,0,,3.45,18,17.7,23.5,,2
"2025-08-02 22:21:45",2646,2369,74272,-36.5945,-71.874093,3.95,5.7,17.7,23.5,,2
"2025-08-02 22:21:46",2648,2371,74252,0,,5.7,25.5,17.71,23.5,,2
"2025-08-02 22:21:47",2651,2374,74232,0,,2.7,22.4,17.67,23.55,,2
"2025-08-02 22:21:48",2653,2376,74212,-36.594395,-71.874037,4.25,15.8,17.69,23.6,,1.6
"2025-08-02 22:21:49",2655,2378,74193,0,,5.5,30.3,17.69,23.6,,1.6
"2025-08-02 22:21:50",2657,2380,74174,0,,3,32,17.65,23.6,,1.6
"2025-08-02 22:21:51",2660,2383,74156,-36.594288,-71.873973,4.55,19.2,17.69,23.65,,1.6
"2025-08-02 22:21:52",2662,2385,74135,0,,5.35,28.5,17.69,23.7,,1.7
"2025-08-02 22:21:53",2665,2388,74113,0,,2.25,24.6,17.65,23.7,,1.7
"2025-08-02 22:21:54",2667,2390,74092,-36.594183,-71.873918,4.9,16.5,17.7,23.75,31.75,2
"2025-08-02 22:21:55",2669,2392,74075,0,,5.15,30,17.7,23.75,,2.1
"2025-08-02 22:21:56",2671,2394,74058,0,,2.6,14.4,17.67,23.75,,2.1
"2025-08-02 22:21:57",2673,2396,74042,-36.594078,-71.873862,5.05,28.5,17.68,23.75,,2.2
"2025-08-02 22:21:58",2677,2400,74004,0,,5.25,18,17.68,23.75,,2.4
"2025-08-02 22:21:59",2681,2404,73969,0,,3.05,7.7,17.66,23.75,,2.5
"2025-08-02 22:22:00",2685,2408,73934,-36.593968,-71.873802,5.45,38.2,17.61,23.75,,2.7
"2025-08-02 22:22:01",2687,2410,73915,0,,4.5,19.5,17.61,23.75,,2.6
"2025-08-02 22:22:02",2690,2413,73896,0,,3,11.6,17.53,23.75,,2.6
"2025-08-02 22:22:03",2692,2415,73878,-36.593863,-71.873745,5.3,36.2,17.47,23.8,,2.6
"2025-08-02 22:22:04",2694,2417,73856,0,,4.25,13.6,17.46,23.85,,2.7
"2025-08-02 22:22:05",2697,2420,73835,0,,3.75,24.3,17.46,23.85,,2.7
"2025-08-02 22:22:06",2699,2422,73814,-36.593758,-71.873682,5,38.1,17.53,23.9,,2.7
"2025-08-02 22:22:07",2700,2423,73806,0,,4,6.4,17.47,23.9,,2.6
"2025-08-02 22:22:08",2701,2424,73799,0,,4.2,31,17.44,23.9,,2.5
"2025-08-02 22:22:09",2702,2425,73792,-36.593652,-71.873622,5.25,31.2,17.43,23.95,,2.4
"2025-08-02 22:22:10",2705,2428,73764,0,,3.8,4.7,17.4,23.95,,2.5
"2025-08-02 22:22:11",2708,2431,73736,0,,5,35.3,17.32,23.9,,2.4
"2025-08-02 22:22:12",2711,2434,73708,-36.593543,-71.873563,4.6,28,17.31,23.95,,2.3
"2025-08-02 22:22:13",2714,2437,73687,0,,3.6,3.8,17.32,23.95,,2.2
"2025-08-02 22:22:14",2716,2439,73668,0,,5.25,39.3,17.27,24,,2.2
"2025-08-02 22:22:15",2718,2441,73650,-36.593433,-71.873507,4.45,24.8,17.27,24,,2.2
"2025-08-02 22:22:16",2720,2443,73630,0,,4.15,359.1,17.26,24.05,,2.2
"2025-08-02 22:22:17",2723,2446,73611,0,,5.35,40.2,17.26,24.05,,2.2
"2025-08-02 22:22:18",2725,2448,73592,-36.593327,-71.873447,4.1,23,17.24,24.05,,2.1
"2025-08-02 22:22:19",2726,2449,73583,0,,3.5,3.9,17.18,24.05,,2.2
"2025-08-02 22:22:20",2727,2450,73574,0,,5.85,42.7,17.32,24.05,,2.2
"2025-08-02 22:22:21",2728,2451,73566,-36.593217,-71.873383,4.3,15.7,17.29,24.05,31.5,2.2
"2025-08-02 22:22:22",2730,2453,73546,0,,3.65,8.3,17.22,24,,2.1
"2025-08-02 22:22:23",2733,2456,73525,0,,4.75,35.4,17.18,24,,2
"2025-08-02 22:22:24",2735,2458,73504,-36.593112,-71.873332,4.15,16,17.15,24,,2
"2025-08-02 22:22:27",2741,2464,73454,-36.592992,-71.873278,5.3,6.6,17.15,24,,1.9
"2025-08-02 22:22:28",2743,2466,73435,0,,3.55,27.4,17.11,24,,1.9
"2025-08-02 22:22:29",2745,2468,73416,0,,5.15,35.2,17.07,24,,1.9
"2025-08-02 22:22:30",2748,2471,73398,-36.592883,-71.873215,4.75,6.4,17.05,24,,1.9
"2025-08-02 22:22:31",2750,2473,73380,0,,4.05,37.7,17.07,24.05,,1.9
"2025-08-02 22:22:32",2752,2475,73364,0,,4.95,28.3,17.07,24.05,,2
"2025-08-02 22:22:33",2753,2476,73348,-36.592772,-71.873153,4.9,3.5,17.02,24.05,,2
"2025-08-02 22:22:34",2755,2478,73330,0,,4.25,44.1,17.07,24,,2.1
"2025-08-02 22:22:35",2758,2481,73312,0,,4.95,19.9,17.02,24,,2.1
"2025-08-02 22:22:36",2760,2483,73294,-36.592658,-71.873095,4.5,7.6,16.99,24,,2.1
"2025-08-02 22:22:37",2762,2485,73275,0,,4.55,42.3,17.01,24,,2.1
"2025-08-02 22:22:38",2764,2487,73257,0,,5.05,11.2,16.97,24.05,,2
"2025-08-02 22:22:39",2766,2489,73240,-36.592543,-71.873042,4.25,10.8,16.93,24.05,,2.1
"2025-08-02 22:22:40",2768,2491,73223,0,,4.6,41.8,16.96,24.05,,2.1
"2025-08-02 22:22:41",2770,2493,73206,0,,4.85,21.6,16.92,24.15,,2
"2025-08-02 22:22:42",2772,2495,73190,-36.592432,-71.87297,4.1,17.2,16.88,24.15,,2
"2025-08-02 22:22:43",2774,2497,73169,0,,5.05,42.2,16.91,24.15,,2
"2025-08-02 22:22:44",2777,2500,73149,0,,4.55,359.9,16.86,24.15,,2.1
"2025-08-02 22:22:45",2779,2502,73130,-36.592313,-71.872915,4.65,23.4,16.84,24.2,,2.1
"2025-08-02 22:22:46",2781,2504,73112,0,,4.85,34.1,16.85,24.25,,2.1
"2025-08-02 22:22:47",2783,2506,73095,0,,4.05,358.2,16.81,24.3,,2.1
"2025-08-02 22:22:48",2785,2508,73078,-36.59219,-71.87286,5.8,22.9,16.73,24.3,30.5,2.1
"2025-08-02 22:22:49",2785,2508,73079,0,,4.7,33.2,16.77,24.35,,1.9
"2025-08-02 22:22:50",2784,2507,73081,0,,3.7,9.8,16.69,24.4,,1.7
"2025-08-02 22:22:51",2784,2507,73084,-36.59207,-71.872808,6.2,16.3,16.67,24.45,,1.5
"2025-08-02 22:22:52",2786,2509,73064,0,,4.15,28.8,16.57,24.45,,1.5
"2025-08-02 22:22:53",2789,2512,73046,0,,3.65,10,16.55,24.55,,1.6
"2025-08-02 22:22:54",2791,2514,73028,-36.591948,-71.872758,6.1,24.7,16.55,24.6,,1.6
"2025-08-02 22:22:55",2794,2517,72999,0,,4.85,12.8,16.52,24.7,,1.6
"2025-08-02 22:22:56",2797,2520,72974,0,,4.55,11,16.54,24.75,,1.7
"2025-08-02 22:22:57",2800,2523,72950,-36.591827,-71.872712,5.3,29,16.5,24.8,,1.7
"2025-08-02 22:22:58",2802,2525,72931,0,,3.9,3.4,16.47,24.8,,1.8
"2025-08-02 22:22:59",2805,2528,72907,0,,5.6,19.3,16.46,24.9,,1.8
"2025-08-02 22:23:00",2808,2531,72884,-36.591695,-71.872662,5.6,28.2,16.43,24.9,,1.9
"2025-08-02 22:23:01",2809,2532,72869,0,,4.6,353.6,16.4,25.05,,2
"2025-08-02 22:23:02",2811,2534,72855,0,,4.7,22.6,16.4,25.05,,2.2
"2025-08-02 22:23:03",2813,2536,72842,-36.591568,-71.872622,5.1,27.8,16.46,25.1,,2.4
"2025-08-02 22:23:04",2816,2539,72812,0,,5.3,356.7,16.4,25.1,,2.5
"2025-08-02 22:23:05",2819,2542,72785,0,,4.45,27.9,16.4,25.1,,2.5
"2025-08-02 22:23:06",2822,2545,72758,-36.591445,-71.872582,4.8,23.7,16.4,25.15,,2.6
"2025-08-02 22:23:07",2823,2546,72754,0,,5.15,0.8,16.37,25.15,,2.5
"2025-08-02 22:23:08",2823,2546,72751,0,,5.45,27.4,16.31,25.15,,2.3
"2025-08-02 22:23:09",2824,2547,72748,-36.59132,-71.872535,4.15,19.7,16.26,25.2,,2.1
"2025-08-02 22:23:11",2831,2554,72682,0,,5.45,27.4,16.24,25.25,,2.2
"2025-08-02 22:23:12",2835,2558,72650,-36.591198,-71.872495,3.35,8.3,16.23,25.3,,2.3
"2025-08-02 22:23:14",2838,2561,72622,0,,5.6,32.1,16.29,25.35,,2.3
"2025-08-02 22:23:15",2840,2563,72608,-36.591073,-71.872448,4.05,6.4,16.25,25.35,30.25,2.3
"2025-08-02 22:23:17",2844,2567,72576,0,,5.15,36.2,16.22,25.4,,2.1
"2025-08-02 22:23:18",2845,2568,72562,-36.590945,-71.872398,5.4,3.5,16.17,25.5,,2
"2025-08-02 22:23:19",2847,2570,72545,0,,4.5,11.5,16.12,25.55,,2
"2025-08-02 22:23:20",2849,2572,72528,0,,4.65,37.1,16.11,25.55,,2.2
"2025-08-02 22:23:21",2851,2574,72512,-36.59082,-71.872345,5.75,7,16.08,25.6,,2.3
"2025-08-02 22:23:22",2853,2576,72497,0,,4.3,17.1,16.03,25.65,,2.3
"2025-08-02 22:23:23",2855,2578,72480,0,,4.4,34.7,16.03,25.75,,2.2
"2025-08-02 22:23:24",2857,2580,72464,-36.590703,-71.87229,5.65,10,16,25.8,,2
"2025-08-02 22:23:27",2862,2585,72420,-36.590583,-71.872243,5.65,5.7,15.95,25.95,,1.8
"2025-08-02 22:23:28",2864,2587,72404,0,,4.15,34.2,15.95,25.95,,1.8
"2025-08-02 22:23:29",2866,2589,72389,0,,4.85,15.8,15.93,26,,1.8
"2025-08-02 22:23:30",2867,2590,72374,-36.59046,-71.872195,5.65,6.4,15.92,26,,1.8
"2025-08-02 22:23:31",2869,2592,72358,0,,4.1,35.2,15.91,26,,1.8
"2025-08-02 22:23:32",2871,2594,72343,0,,5.45,14,15.9,26,,1.8
"2025-08-02 22:23:33",2873,2596,72328,-36.590333,-71.872137,5.45,14,15.87,25.95,,1.8
"2025-08-02 22:23:34",2875,2598,72313,0,,4.3,38.8,15.89,25.85,,1.8
"2025-08-02 22:23:35",2876,2599,72298,0,,5,6.7,15.88,25.85,,1.8
"2025-08-02 22:23:36",2878,2601,72284,-36.590215,-71.872088,5,11.3,15.83,25.8,,1.8
"2025-08-02 22:23:37",2881,2604,72263,0,,4.25,40.7,15.84,25.8,,1.8
"2025-08-02 22:23:38",2883,2606,72243,0,,5.85,13.9,15.82,25.75,,1.8
"2025-08-02 22:23:39",2885,2608,72224,-36.590088,-71.872022,4.9,16.9,15.78,25.75,,1.9
"2025-08-02 22:23:40",2886,2609,72218,0,,4.6,39.3,15.81,25.7,,1.8
"2025-08-02 22:23:41",2886,2609,72213,0,,5.55,9.4,15.79,25.7,,1.7
"2025-08-02 22:23:42",2887,2610,72208,-36.589962,-71.871958,5.1,22.9,15.81,25.7,29.5,1.6
"2025-08-02 22:23:43",2890,2613,72182,0,,4.5,35.7,15.81,25.7,,1.7
"2025-08-02 22:23:44",2893,2616,72157,0,,4.95,7.3,15.81,25.7,,1.8
"2025-08-02 22:23:45",2896,2619,72132,-36.589832,-71.871892,6.15,26.7,15.82,25.65,,1.9
"2025-08-02 22:23:46",2897,2620,72125,0,,4.85,29.8,15.85,25.7,,1.8
"2025-08-02 22:23:47",2897,2620,72119,0,,4.6,6,15.83,25.65,,1.8
"2025-08-02 22:23:48",2898,2621,72114,-36.5897,-71.87183,6.5,29.7,15.87,25.65,,1.7
"2025-08-02 22:23:49",2900,2623,72096,0,,4.5,20.9,15.84,25.6,,1.7
"2025-08-02 22:23:50",2903,2626,72077,0,,4.85,11.5,15.82,25.6,,1.7
"2025-08-02 22:23:51",2905,2628,72058,-36.589567,-71.871763,6.7,33.3,15.85,25.6,,1.7
"2025-08-02 22:23:53",2909,2632,72024,0,,5.35,13.6,15.79,25.5,,1.9
"2025-08-02 22:23:54",2911,2634,72008,-36.58943,-71.871692,7.2,32.6,15.81,25.5,,2
"2025-08-02 22:23:57",2923,2646,71902,-36.58929,-71.871623,6.9,32.3,15.79,25.5,,2.3
"2025-08-02 22:23:59",2927,2650,71867,0,,6.05,22.3,15.72,25.5,,2.4
"2025-08-02 22:24:00",2929,2652,71850,-36.589152,-71.87155,6.4,32.1,15.74,25.5,,2.5
"2025-08-02 22:24:02",2932,2655,71828,0,,5.35,21.9,15.63,25.5,,2.4
"2025-08-02 22:24:03",2933,2656,71818,-36.589018,-71.87148,6.25,31,15.64,25.5,,2.4
"2025-08-02 22:24:05",2937,2660,71785,0,,5.85,37.1,15.62,25.55,,2.4
"2025-08-02 22:24:06",2939,2662,71770,-36.588888,-71.871402,5.95,26.4,15.61,25.55,,2.3
"2025-08-02 22:24:08",2943,2666,71735,0,,6.15,37.9,15.5,25.55,,2.3
"2025-08-02 22:24:09",2945,2668,71718,-36.588747,-71.871322,6.25,22.8,15.5,25.6,28.75,1.8
"2025-08-02 22:24:11",2948,2671,71688,0,,5.95,30.7,15.37,25.65,,1.8
"2025-08-02 22:24:12",2950,2673,71674,-36.588608,-71.871252,5.65,23.7,15.34,25.7,,1.8
"2025-08-02 22:24:13",2952,2675,71660,0,,4.8,7.5,15.29,25.75,,1.7
"2025-08-02 22:24:14",2953,2676,71647,0,,6.9,36,15.37,25.8,,1.7
"2025-08-02 22:24:15",2955,2678,71634,-36.588463,-71.871172,5.85,22.2,15.35,25.9,,1.8
"2025-08-02 22:24:16",2956,2679,71628,0,,5.5,12.4,15.33,26,,1.7
"2025-08-02 22:24:17",2956,2679,71623,0,,6.8,35.1,15.29,26,,1.6
"2025-08-02 22:24:18",2957,2680,71618,-36.588313,-71.87109,5.9,19.2,15.29,26.1,,1.5
"2025-08-02 22:24:19",2960,2683,71594,0,,5.45,14.3,15.26,26.2,,1.6
"2025-08-02 22:24:20",2962,2685,71572,0,,6.7,31.6,15.26,26.2,,1.6
"2025-08-02 22:24:21",2965,2688,71550,-36.588162,-71.871015,5.6,15.6,15.26,26.3,,1.7
"2025-08-02 22:24:22",2967,2690,71531,0,,6.1,17.9,15.26,26.4,,1.7
"2025-08-02 22:24:23",2969,2692,71513,0,,7.1,30,15.29,26.45,,1.7
"2025-08-02 22:24:24",2971,2694,71496,-36.588017,-71.870938,4.65,16.6,15.26,26.45,,1.8
"2025-08-02 22:24:26",2972,2695,71493,0,,7.5,28.8,15.26,26.55,,1.5
"2025-08-02 22:24:27",2972,2695,71492,-36.587858,-71.87086,5.45,10.3,15.22,26.6,,1.4
"2025-08-02 22:24:28",2975,2698,71464,0,,6.2,23.5,15.15,26.65,,1.6
"2025-08-02 22:24:29",2978,2701,71437,0,,7.15,26.6,15.14,26.7,,1.8
"2025-08-02 22:24:30",2982,2705,71410,-36.5877,-71.870788,5.55,4.5,15.1,26.75,,2.1
"2025-08-02 22:24:31",2984,2707,71392,0,,6.25,30.1,15.06,26.8,,2.1
"2025-08-02 22:24:32",2986,2709,71374,0,,6.8,26,15.06,26.8,,2
"2025-08-02 22:24:33",2988,2711,71356,-36.58755,-71.870712,5.6,5.4,15.04,26.8,,2
"2025-08-02 22:24:34",2989,2712,71346,0,,5.85,34.9,15,26.8,,1.9
"2025-08-02 22:24:35",2990,2713,71336,0,,6.65,22.4,15,26.8,,1.8
"2025-08-02 22:24:36",2992,2715,71326,-36.587395,-71.870642,5.8,2.7,14.94,26.8,28.5,1.7
"2025-08-02 22:24:37",2991,2714,71330,0,,6.65,31.6,14.9,26.8,,1.5
"2025-08-02 22:24:38",2990,2713,71335,0,,6.25,23.5,14.88,26.7,,1.6
"2025-08-02 22:24:39",2990,2713,71340,-36.587237,-71.87057,5.7,2.5,14.87,26.7,,1.5
"2025-08-02 22:24:40",2994,2717,71305,0,,7.35,29.5,14.92,26.65,,1.6
"2025-08-02 22:24:41",2998,2721,71270,0,,5.7,18.9,14.94,26.6,,1.7
"2025-08-02 22:24:42",3002,2725,71236,-36.587083,-71.870505,5.2,7.8,14.91,26.55,,1.7
"2025-08-02 22:24:43",3002,2725,71241,0,,6.65,25.7,14.88,26.55,,1.5
"2025-08-02 22:24:44",3001,2724,71246,0,,5.55,17.3,14.85,26.55,,1.3
"2025-08-02 22:24:45",3000,2723,71252,-36.586935,-71.870435,5.7,11.7,14.85,26.55,,1
"2025-08-02 22:24:46",3002,2725,71234,0,,6.5,32.9,15,26.5,,1.1
"2025-08-02 22:24:47",3005,2728,71217,0,,5.9,7.1,14.96,26.55,,1.2
"2025-08-02 22:24:48",3007,2730,71200,-36.58678,-71.870368,5.8,16,14.95,26.6,,1.3
"2025-08-02 22:24:49",3010,2733,71169,0,,6.85,26.8,14.98,26.85,,1.4
"2025-08-02 22:24:50",3014,2737,71138,0,,5.95,4.6,15.02,27,,1.8
"2025-08-02 22:24:51",3018,2741,71108,-36.586623,-71.870303,5.7,18,15,27.25,,2.1
"2025-08-02 22:24:52",3020,2743,71092,0,,7.25,31.5,15.06,27.5,,2.3
"2025-08-02 22:24:53",3021,2744,71076,0,,6.05,7.8,15.05,27.65,,2.1
"2025-08-02 22:24:54",3023,2746,71060,-36.586465,-71.870228,5.9,19.3,15.03,27.8,,1.9
"2025-08-02 22:24:57",3028,2751,71018,-36.586313,-71.870148,6.65,20.3,14.9,28.05,,2.1
"2025-08-02 22:24:58",3030,2753,71001,0,,6.7,27.9,14.85,28.15,,2.3
"2025-08-02 22:24:59",3032,2755,70984,0,,4.35,15.5,14.83,28.25,,2.3
"2025-08-02 22:25:00",3034,2757,70968,-36.586165,-71.870072,7.45,21.2,14.83,28.3,,2.3
"2025-08-02 22:25:01",3036,2759,70955,0,,5.75,26.7,14.77,28.4,,2.2
"2025-08-02 22:25:02",3037,2760,70943,0,,4.6,20.1,14.72,28.45,,2.1
"2025-08-02 22:25:03",3039,2762,70932,-36.58602,-71.86999,7.35,27,14.66,28.5,28.5,1.9
"2025-08-02 22:25:04",3041,2764,70912,0,,5.6,19.8,14.65,28.55,,1.8
"2025-08-02 22:25:05",3043,2766,70894,0,,4.6,19.6,14.65,28.65,,1.8
"2025-08-02 22:25:06",3045,2768,70876,-36.585878,-71.869908,7.5,34.8,14.78,28.65,,1.8
"2025-08-02 22:25:07",3047,2770,70862,0,,5.4,15.1,14.73,28.6,,1.8
"2025-08-02 22:25:08",3049,2772,70848,0,,4.55,23.1,14.7,28.5,,1.8
"2025-08-02 22:25:09",3050,2773,70834,-36.585737,-71.86983,7.55,33.5,14.76,28.45,,1.8
"2025-08-02 22:25:10",3051,2774,70831,0,,5.6,10.2,14.72,28.4,,1.7
"2025-08-02 22:25:11",3051,2774,70828,0,,5.2,24.7,14.7,28.3,,1.5
"2025-08-02 22:25:12",3051,2774,70826,-36.585593,-71.869753,7.15,30.3,14.67,28.25,,1.4
"2025-08-02 22:25:13",3053,2776,70807,0,,4.85,12.7,14.65,28.2,,1.5
"2025-08-02 22:25:14",3056,2779,70788,0,,6.05,24,14.67,28.15,,1.5
"2025-08-02 22:25:15",3058,2781,70770,-36.585448,-71.86967,7.15,33.4,14.7,28.1,,1.6
"2025-08-02 22:25:16",3059,2782,70759,0,,4.6,15.9,14.65,28.05,,1.6
"2025-08-02 22:25:17",3061,2784,70748,0,,6.3,29.6,14.62,28.05,,1.5
"2025-08-02 22:25:18",3062,2785,70738,-36.585307,-71.86958,6.85,29.3,14.62,28,,1.4
"2025-08-02 22:25:19",3064,2787,70718,0,,4.45,19.3,14.61,28,,1.5
"2025-08-02 22:25:20",3067,2790,70698,0,,7.2,29,14.59,27.95,,1.5
"2025-08-02 22:25:21",3069,2792,70678,-36.585163,-71.869488,6.65,28.2,14.58,27.95,,1.6
"2025-08-02 22:25:22",3071,2794,70664,0,,4.3,25.6,14.52,27.9,,1.6
"2025-08-02 22:25:23",3072,2795,70651,0,,7.6,27.4,14.52,27.9,,1.7
"2025-08-02 22:25:24",3074,2797,70638,-36.585017,-71.869387,6.1,30.8,14.49,27.9,,1.8
"2025-08-02 22:25:26",3074,2797,70636,0,,7.9,25.1,14.47,27.9,,1.6
"2025-08-02 22:25:27",3074,2797,70636,-36.584872,-71.869293,5.25,32.2,14.42,27.9,,1.4
"2025-08-02 22:25:29",3081,2804,70579,0,,7.3,29.5,14.39,27.9,,1.7
"2025-08-02 22:25:30",3084,2807,70552,-36.584732,-71.869187,5.7,37.6,14.35,27.95,28.25,1.9
"2025-08-02 22:25:31",3085,2808,70541,0,,5.2,31.8,14.33,28.05,,1.8
"2025-08-02 22:25:32",3087,2810,70530,0,,7.45,25.5,14.31,28.2,,1.7
"2025-08-02 22:25:33",3088,2811,70520,-36.584588,-71.869085,5.35,35.5,14.25,28.4,,1.6
"2025-08-02 22:25:34",3090,2813,70506,0,,5.6,28,14.22,28.6,,1.6
"2025-08-02 22:25:35",3091,2814,70492,0,,7.3,27.4,14.17,28.8,,1.6
"2025-08-02 22:25:36",3093,2816,70478,-36.584443,-71.868982,5.4,38.5,14.13,28.9,,1.6
"2025-08-02 22:25:37",3094,2817,70467,0,,6.4,24.3,14.09,29.05,,1.6
"2025-08-02 22:25:38",3095,2818,70457,0,,7.1,28.2,14.04,29.2,,1.8
"2025-08-02 22:25:39",3097,2820,70448,-36.584302,-71.868875,5.2,44.2,14,29.3,,1.9
"2025-08-02 22:25:40",3098,2821,70438,0,,6.55,22.4,14.02,29.4,,1.8
"2025-08-02 22:25:41",3099,2822,70429,0,,6.55,26.9,14.01,29.6,,1.8
"2025-08-02 22:25:42",3100,2823,70420,-36.584157,-71.868768,5.7,41.1,14,29.65,,1.5
"2025-08-02 22:25:43",3102,2825,70401,0,,7.25,24.8,14.02,29.7,,1.4
"2025-08-02 22:25:44",3105,2828,70382,0,,5.7,21.7,14,29.75,,1.5
"2025-08-02 22:25:45",3107,2830,70364,-36.58401,-71.868667,5.55,38.3,13.98,29.8,,1.6
"2025-08-02 22:25:46",3109,2832,70346,0,,7.65,34.8,14,29.85,,1.6
"2025-08-02 22:25:47",3111,2834,70329,0,,4.95,20.9,14.05,29.85,,1.6
"2025-08-02 22:25:48",3113,2836,70312,-36.583877,-71.868565,5.1,37.1,14.05,29.9,,1.7
"2025-08-02 22:25:49",3115,2838,70298,0,,7.45,34.1,14.04,29.9,,1.7
"2025-08-02 22:25:50",3116,2839,70284,0,,4.8,21.4,14.04,29.9,,1.7
"2025-08-02 22:25:51",3118,2841,70270,-36.583743,-71.868463,5.55,38.6,14.04,29.9,,1.7
"2025-08-02 22:25:52",3120,2843,70255,0,,7,33.6,14.01,29.95,,1.8
"2025-08-02 22:25:53",3121,2844,70241,0,,5.1,14.6,13.99,30,,1.9
"2025-08-02 22:25:54",3123,2846,70228,-36.583605,-71.868362,6.05,36.8,13.97,30.05,,1.9
"2025-08-02 22:25:56",3126,2849,70201,0,,4.15,17.3,13.96,30.1,,1.8
"2025-08-02 22:25:57",3128,2851,70188,-36.58348,-71.868257,6.55,39.6,13.93,30.2,27.75,1.8
"2025-08-02 22:25:58",3130,2853,70174,0,,6.1,37.1,13.93,30.25,,1.8
"2025-08-02 22:25:59",3131,2854,70161,0,,4.4,18.6,13.92,30.3,,1.7
"2025-08-02 22:26:00",3133,2856,70148,-36.583352,-71.868153,6.9,35,13.88,30.35,,1.7
"2025-08-02 22:26:01",3134,2857,70135,0,,5.7,41.6,13.91,30.4,,1.6
"2025-08-02 22:26:02",3136,2859,70122,0,,4.2,22.4,13.93,30.4,,1.6
"2025-08-02 22:26:03",3137,2860,70110,-36.583225,-71.868055,7.05,29.7,13.92,30.4,,1.6
"2025-08-02 22:26:04",3139,2862,70096,0,,7.1,29.7,13.97,30.35,,1.6
"2025-08-02 22:26:05",3141,2864,70083,0,,4.7,27.5,14.01,30.35,,1.6
"2025-08-02 22:26:06",3142,2865,70070,-36.583105,-71.867945,6.85,42.8,13.99,30.3,,1.6
"2025-08-02 22:26:07",3144,2867,70056,0,,5,37.9,14,30.3,,1.6
"2025-08-02 22:26:08",3146,2869,70042,0,,4.75,16.4,13.99,30.25,,1.6
"2025-08-02 22:26:09",3147,2870,70028,-36.582983,-71.867838,6.55,46,13.96,30.2,,1.6
"2025-08-02 22:26:10",3149,2872,70012,0,,5.75,37.1,13.96,30.15,,1.6
"2025-08-02 22:26:11",3151,2874,69998,0,,4.75,21.8,13.98,30.1,,1.6
"2025-08-02 22:26:12",3153,2876,69984,-36.582865,-71.867735,5.35,50.6,13.96,30.1,,1.6
"2025-08-02 22:26:13",3155,2878,69968,0,,6.3,27.5,13.92,30.1,,1.7
"2025-08-02 22:26:14",3156,2879,69952,0,,4.75,30.5,13.9,30.05,,1.7
"2025-08-02 22:26:15",3158,2881,69936,-36.582747,-71.867625,5,54,13.89,30.05,,1.7
"2025-08-02 22:26:16",3160,2883,69926,0,,6.7,25.2,13.89,30.05,,1.7
"2025-08-02 22:26:17",3161,2884,69916,0,,4.35,42.1,13.85,30.05,,1.7
"2025-08-02 22:26:18",3162,2885,69906,-36.582633,-71.867517,5.25,47.5,13.82,29.95,,1.7
"2025-08-02 22:26:19",3164,2887,69891,0,,6.25,24,13.76,30.05,,1.7
"2025-08-02 22:26:20",3166,2889,69877,0,,5.5,39.6,13.8,30.05,,1.7
"2025-08-02 22:26:21",3167,2890,69864,-36.582512,-71.867422,4.4,37.8,13.82,30.05,,1.6
"2025-08-02 22:26:23",3169,2892,69849,0,,5.45,43.7,13.75,30.05,,1.5
"2025-08-02 22:26:24",3170,2893,69842,-36.582403,-71.867325,4.3,39.6,13.76,30.05,27.5,1.5
"2025-08-02 22:26:27",3176,2899,69794,-36.582297,-71.867212,4.6,43.5,13.83,30.1,,1.5
"2025-08-02 22:26:29",3180,2903,69757,0,,5.75,54.6,13.81,30,,1.6
"2025-08-02 22:26:30",3182,2905,69740,-36.582185,-71.867095,5.45,36.3,13.8,29.85,,1.7
"2025-08-02 22:26:32",3185,2908,69715,0,,4.8,59.7,13.78,29.6,,1.6
"2025-08-02 22:26:33",3187,2910,69704,-36.582073,-71.866982,5.75,32.4,13.77,29.45,,1.6
"2025-08-02 22:26:35",3190,2913,69675,0,,4.35,60.5,13.76,29.15,,1.8
"2025-08-02 22:26:36",3192,2915,69662,-36.58197,-71.866868,5.35,33,13.75,29,,1.8
"2025-08-02 22:26:38",3195,2918,69637,0,,4.15,52.9,13.74,28.75,,1.8
"2025-08-02 22:26:39",3196,2919,69626,-36.581858,-71.866762,6.05,27.4,13.73,28.7,,1.7
"2025-08-02 22:26:41",3199,2922,69600,0,,4.05,49.2,13.74,28.65,,1.6
"2025-08-02 22:26:42",3201,2924,69588,-36.581752,-71.866652,5.85,26.2,13.72,28.55,,1.5
"2025-08-02 22:26:43",3202,2925,69576,0,,5.95,50.8,13.77,28.55,,1.5
"2025-08-02 22:26:44",3203,2926,69565,0,,4.1,46.5,13.74,28.5,,1.5
"2025-08-02 22:26:45",3205,2928,69554,-36.581645,-71.866537,5.5,28.5,13.74,28.45,,1.5
"2025-08-02 22:26:46",3206,2929,69544,0,,6.25,50.8,13.8,28.4,,1.5
"2025-08-02 22:26:47",3207,2930,69535,0,,4,31.1,13.75,28.35,,1.4
"2025-08-02 22:26:48",3208,2931,69526,-36.581542,-71.866432,5.1,31.2,13.74,28.35,,1.4
"2025-08-02 22:26:49",3210,2933,69508,0,,5.4,54.5,13.73,28.35,,1.4
"2025-08-02 22:26:50",3212,2935,69491,0,,5.4,24,13.67,28.3,,1.5
"2025-08-02 22:26:51",3214,2937,69474,-36.581432,-71.866337,4.3,30,13.61,28.3,27,1.5
"2025-08-02 22:26:52",3216,2939,69460,0,,4.95,53.4,13.61,28.35,,1.6
"2025-08-02 22:26:53",3218,2941,69446,0,,6.2,27.8,13.56,28.35,,1.6
"2025-08-02 22:26:54",3220,2943,69432,-36.581328,-71.866232,3.85,39.3,13.56,28.4,,1.6
"2025-08-02 22:26:55",3221,2944,69420,0,,4.85,50.5,13.53,28.4,,1.6
"2025-08-02 22:26:56",3222,2945,69409,0,,6.05,28.3,13.51,28.45,,1.6
"2025-08-02 22:26:57",3224,2947,69398,-36.581225,-71.866127,4.05,47.3,13.44,28.5,,1.6
"2025-08-02 22:26:58",3226,2949,69382,0,,5,43.6,13.4,28.65,,1.6
"2025-08-02 22:26:59",3228,2951,69366,0,,5.3,22.9,13.39,28.7,,1.7
"2025-08-02 22:27:00",3230,2953,69350,-36.581118,-71.866025,4.95,49.7,13.3,28.75,,1.8
"2025-08-02 22:27:01",3231,2954,69337,0,,4.8,44.7,13.27,28.8,,1.8
"2025-08-02 22:27:02",3233,2956,69323,0,,4.9,16.1,13.25,28.95,,1.7
"2025-08-02 22:27:03",3234,2957,69310,-36.581017,-71.865927,5.3,52.4,13.17,29.1,,1.7
"2025-08-02 22:27:04",3236,2959,69296,0,,4.45,44.3,13.16,29.15,,1.7
"2025-08-02 22:27:05",3238,2961,69283,0,,4.05,15.4,13.17,29.3,,1.6
"2025-08-02 22:27:06",3239,2962,69270,-36.580922,-71.865833,5.5,49.8,13.15,29.35,,1.6
"2025-08-02 22:27:07",3241,2964,69252,0,,4.35,42.2,13.15,29.45,,1.7
"2025-08-02 22:27:08",3243,2966,69235,0,,3.7,18.5,13.14,29.55,,1.7
"2025-08-02 22:27:09",3246,2969,69218,-36.580825,-71.86574,5.75,48.4,13.14,29.6,,1.8
"2025-08-02 22:27:10",3247,2970,69203,0,,4.15,39.7,13.12,29.6,,1.8
"2025-08-02 22:27:11",3249,2972,69189,0,,4.15,17.8,13.06,29.65,,1.8
"2025-08-02 22:27:12",3251,2974,69176,-36.580723,-71.865652,5.95,48,13.03,29.75,,1.8
"2025-08-02 22:27:13",3252,2975,69163,0,,4.1,33.3,13.03,29.8,,1.8
"2025-08-02 22:27:14",3254,2977,69149,0,,4.1,33.3,13.06,29.85,,1.8
"2025-08-02 22:27:15",3256,2979,69136,-36.580627,-71.865558,5.35,49.9,13.06,29.9,,1.8
"2025-08-02 22:27:16",3257,2980,69121,0,,4.1,18.4,13.07,29.95,,1.8
"2025-08-02 22:27:17",3259,2982,69107,0,,3.75,31,13.08,29.95,,1.8
"2025-08-02 22:27:18",3261,2984,69094,-36.580537,-71.865482,4.55,49.9,13.08,30,26.75,1.8
"2025-08-02 22:27:19",3263,2986,69079,0,,4.15,21.5,13.1,30,,1.8
"2025-08-02 22:27:20",3264,2987,69064,0,,4.05,33.7,13.1,30,,1.7
"2025-08-02 22:27:21",3266,2989,69050,-36.580443,-71.8654,4.75,50.1,13.1,30,,1.7
"2025-08-02 22:27:22",3268,2991,69035,0,,4.2,13.5,13.1,29.95,,1.7
"2025-08-02 22:27:23",3270,2993,69019,0,,4.5,36.5,13.08,29.95,,1.7
"2025-08-02 22:27:24",3272,2995,69004,-36.580345,-71.865312,4.85,48.8,13.07,29.9,,1.8
"2025-08-02 22:27:27",3274,2997,68984,-36.580257,-71.865228,4.75,45.3,12.99,29.85,,1.5
"2025-08-02 22:27:28",3277,3000,68962,0,,3.45,9.2,12.92,29.85,,1.6
"2025-08-02 22:27:29",3279,3002,68941,0,,5.45,37,12.89,29.85,,1.7
"2025-08-02 22:27:30",3282,3005,68920,-36.58016,-71.865148,4.25,44,12.87,29.85,,1.8
"2025-08-02 22:27:31",3284,3007,68906,0,,2.85,20.7,12.86,29.9,,1.8
"2025-08-02 22:27:32",3285,3008,68893,0,,5.8,34.5,12.83,29.9,,1.8
"2025-08-02 22:27:33",3287,3010,68880,-36.580068,-71.865067,3.8,46.8,12.83,29.9,,1.7
"2025-08-02 22:27:34",3289,3012,68865,0,,3.35,22,12.81,29.85,,1.7
"2025-08-02 22:27:35",3291,3014,68850,0,,6,34.3,12.79,29.85,,1.7
"2025-08-02 22:27:36",3292,3015,68836,-36.579973,-71.864987,3.1,41.7,12.78,29.85,,1.7
"2025-08-02 22:27:37",3292,3015,68840,0,,3.9,33.2,12.77,29.9,,1.5
"2025-08-02 22:27:38",3291,3014,68844,0,,5.75,39.7,12.88,29.85,,1.4
"2025-08-02 22:27:39",3291,3014,68848,-36.57988,-71.864908,2.95,27.8,12.83,29.85,,1.4
"2025-08-02 22:27:40",3294,3017,68825,0,,3.8,34.1,12.82,29.85,,1.5
"2025-08-02 22:27:41",3296,3019,68802,0,,5.5,39.9,12.81,29.8,,1.5
"2025-08-02 22:27:42",3299,3022,68780,-36.579787,-71.864823,3.35,18.9,12.81,29.8,,1.5
"2025-08-02 22:27:43",3301,3024,68762,0,,3.35,18.9,12.81,29.8,,1.5
"2025-08-02 22:27:44",3303,3026,68745,0,,5.05,38.5,12.85,29.8,,1.5
"2025-08-02 22:27:45",3306,3029,68728,-36.579695,-71.864743,3.8,13,12.83,29.75,26.5,1.5
"2025-08-02 22:27:46",3308,3031,68712,0,,4.05,56.9,12.82,29.75,,1.6
"2025-08-02 22:27:47",3310,3033,68696,0,,5.25,32,12.79,29.7,,1.6
"2025-08-02 22:27:48",3311,3034,68680,-36.579602,-71.864658,3.75,17.8,12.77,29.6,,1.6
"2025-08-02 22:27:49",3313,3036,68669,0,,4.5,65.7,12.83,29.55,,1.7
"2025-08-02 22:27:50",3314,3037,68658,0,,4.75,23.1,12.82,29.45,,1.9
"2025-08-02 22:27:51",3315,3038,68648,-36.57951,-71.864575,3.65,26,12.81,29.4,,2
"2025-08-02 22:27:52",3317,3040,68633,0,,4.9,52.3,12.85,29.4,,2
"2025-08-02 22:27:53",3319,3042,68618,0,,4.25,19.6,12.81,29.35,,2
"2025-08-02 22:27:54",3321,3044,68604,-36.579417,-71.864493,3.5,26.9,12.81,29.3,,1.9
"2025-08-02 22:27:55",3322,3045,68593,0,,5.3,54.2,12.81,29.25,,1.8
"2025-08-02 22:27:56",3323,3046,68582,0,,3.3,26.3,12.79,29.2,,1.7
"2025-08-02 22:27:57",3325,3048,68572,-36.579325,-71.864407,3.9,29.4,12.74,29.1,,1.6
"2025-08-02 22:27:58",3327,3050,68556,0,,5.9,44.8,12.8,29,,1.6
"2025-08-02 22:27:59",3328,3051,68541,0,,2.85,14.8,12.77,29,,1.6
"2025-08-02 22:28:00",3330,3053,68526,-36.579233,-71.864333,3.75,31,12.74,28.8,,1.6
"2025-08-02 22:28:01",3333,3056,68507,0,,5.4,39.9,12.71,28.6,,1.6
"2025-08-02 22:28:02",3335,3058,68489,0,,2.9,22,12.68,28.3,,1.7
"2025-08-02 22:28:03",3337,3060,68472,-36.579142,-71.864258,4.15,41.2,12.69,27.95,,1.8
"2025-08-02 22:28:04",3338,3061,68463,0,,5.05,30.8,12.67,27.65,,1.7
"2025-08-02 22:28:05",3339,3062,68455,0,,2.2,20.6,12.65,27.3,,1.7
"2025-08-02 22:28:06",3340,3063,68448,-36.579048,-71.864188,4.65,38.9,12.63,26.9,,1.6
"2025-08-02 22:28:07",3342,3065,68435,0,,5.25,26.8,12.6,26.55,,1.6
"2025-08-02 22:28:08",3343,3066,68422,0,,2.6,48.1,12.58,26.2,,1.6
"2025-08-02 22:28:09",3345,3068,68410,-36.578953,-71.864123,4.35,20.2,12.55,25.95,,1.7
"2025-08-02 22:28:10",3347,3070,68392,0,,5.15,27.3,12.5,25.75,,1.7
"2025-08-02 22:28:11",3349,3072,68374,0,,3.1,57.6,12.5,25.45,,1.7
"2025-08-02 22:28:12",3351,3074,68356,-36.578855,-71.864057,4.7,12.6,12.45,25.1,26,1.7
"2025-08-02 22:28:13",3352,3075,68352,0,,4.7,31,12.45,24.85,,1.6
"2025-08-02 22:28:14",3352,3075,68349,0,,2.85,47.7,12.51,24.55,,1.4
"2025-08-02 22:28:15",3352,3075,68346,-36.578757,-71.863998,5,13.6,12.5,24.25,,1.3
"2025-08-02 22:28:16",3355,3078,68322,0,,,,12.55,24.05,,1.4
"2025-08-02 22:28:17",3358,3081,68299,0,,,,12.57,23.8,,1.6
"2025-08-02 22:28:18",3361,3084,68276,0,,,,12.48,23.55,,1.8
"2025-08-02 22:28:19",3363,3086,68264,0,,4.05,34.6,12.45,23.25,,1.7
"2025-08-02 22:28:20",3364,3087,68253,0,,3,39.7,12.44,23.1,,1.7
"2025-08-02 22:28:21",3365,3088,68242,-36.578567,-71.863875,5,12.6,12.44,22.95,,1.7
"2025-08-02 22:28:22",3367,3090,68227,0,,3.7,42.4,12.45,22.85,,1.7
"2025-08-02 22:28:23",3369,3092,68213,0,,3.3,32.6,12.45,22.75,,1.6
"2025-08-02 22:28:24",3371,3094,68200,-36.578472,-71.863822,5.2,13.7,12.45,22.65,,1.6
"2025-08-02 22:28:27",3375,3098,68160,-36.578375,-71.863767,5.3,23.2,12.54,22.15,,1.9
"2025-08-02 22:28:28",3377,3100,68144,0,,2.1,21.9,12.51,21.9,,1.9
"2025-08-02 22:28:29",3379,3102,68128,0,,3.75,29.9,12.45,21.6,,1.9
"2025-08-02 22:28:30",3381,3104,68112,-36.578283,-71.863713,5.3,25.3,12.44,21.25,,1.8
"2025-08-02 22:28:31",3384,3107,68094,0,,2.05,22.8,12.39,20.95,,1.7
"2025-08-02 22:28:32",3386,3109,68077,0,,4.35,15.6,12.39,20.7,,1.8
"2025-08-02 22:28:33",3388,3111,68060,-36.578185,-71.863653,5.1,33.3,12.39,20.5,,1.9
"2025-08-02 22:28:34",3389,3112,68048,0,,2.8,37,12.36,20.35,,1.8
"2025-08-02 22:28:35",3391,3114,68037,0,,5.1,8.6,12.3,20.2,,1.8
"2025-08-02 22:28:36",3392,3115,68026,-36.578083,-71.863608,4.55,23.3,12.27,20.05,,1.8
"2025-08-02 22:28:37",3394,3117,68012,0,,2.45,25.6,12.25,19.85,,1.8
"2025-08-02 22:28:38",3395,3118,67998,0,,5.6,13,12.22,19.7,,1.8
"2025-08-02 22:28:39",3397,3120,67984,-36.577978,-71.86356,4,31,12.22,19.5,26,1.8
"2025-08-02 22:28:40",3397,3120,67986,0,,3,20.5,12.21,19.2,,1.7
"2025-08-02 22:28:41",3397,3120,67989,0,,6.1,20,12.28,18.6,,1.5
"2025-08-02 22:28:42",3396,3119,67992,-36.577873,-71.863505,3.8,28.4,12.28,17.85,,1.3
"2025-08-02 22:28:43",3400,3123,67963,0,,2.9,12.3,12.29,17.05,,1.4
"2025-08-02 22:28:44",3403,3126,67936,0,,6.45,26,12.34,16.2,,1.5
"2025-08-02 22:28:45",3406,3129,67910,-36.57776,-71.863448,4.2,17.8,12.41,15.55,,1.6
"2025-08-02 22:28:46",3407,3130,67907,0,,3.25,20.7,12.45,14.9,,1.5
"2025-08-02 22:28:47",3407,3130,67904,0,,5.8,32.1,12.55,14.3,,1.4
"2025-08-02 22:28:48",3407,3130,67902,-36.577648,-71.863395,4.65,4.9,12.58,13.8,,1.3
"2025-08-02 22:28:49",3410,3133,67880,0,,3.55,26,12.59,13.35,,1.4
"2025-08-02 22:28:50",3413,3136,67855,0,,5.55,35.7,12.6,13,,1.5
"2025-08-02 22:28:51",3416,3139,67830,-36.577535,-71.863338,4.6,358,12.62,12.6,,1.6
"2025-08-02 22:28:53",3415,3138,67840,0,,5.15,36.5,12.77,12.1,,1.5
"2025-08-02 22:28:54",3414,3137,67846,-36.577422,-71.863275,4.25,358.2,12.73,11.8,,1.5
"2025-08-02 22:28:57",3423,3146,67778,-36.577307,-71.863213,4.75,0.2,12.64,11.25,,1.5
"2025-08-02 22:28:59",3429,3152,67728,0,,5.35,29.8,12.56,10.95,,1.7
"2025-08-02 22:29:00",3432,3155,67704,-36.577185,-71.863143,4.95,6.6,12.58,10.8,,1.9
"2025-08-02 22:29:02",3436,3159,67671,0,,6.3,26,12.52,10.55,,1.9
"2025-08-02 22:29:03",3438,3161,67656,-36.577062,-71.863068,5.15,9.1,12.52,10.45,,1.8
"2025-08-02 22:29:05",3442,3165,67626,0,,6.7,21.5,12.5,10.1,,1.8
"2025-08-02 22:29:06",3444,3167,67610,-36.576932,-71.862985,4.9,20.2,12.48,10,25.5,2.2
"2025-08-02 22:29:08",3442,3165,67626,0,,6.3,13.3,12.52,9.8,,2
"2025-08-02 22:29:09",3441,3164,67634,-36.57679,-71.862902,5.55,24.1,12.54,9.7,,1.5
"2025-08-02 22:29:11",3449,3172,67562,0,,5.9,13,12.56,9.55,,1.7
"2025-08-02 22:29:12",3454,3177,67528,-36.576642,-71.862808,6.4,26.3,12.62,9.45,,1.8
"2025-08-02 22:29:13",3456,3179,67513,0,,6.6,39.3,12.66,9.35,,1.8
"2025-08-02 22:29:14",3457,3180,67498,0,,5.25,3.9,12.64,9.3,,1.8
"2025-08-02 22:29:15",3459,3182,67484,-36.576497,-71.862727,6.3,29.5,12.62,9.2,,1.8
"2025-08-02 22:29:16",3462,3185,67464,0,,6.55,35.2,12.62,9.15,,1.8
"2025-08-02 22:29:17",3464,3187,67448,0,,5.85,11.7,12.62,9.05,,1.8
"2025-08-02 22:29:18",3466,3189,67432,-36.576355,-71.862635,5.7,34.8,12.63,9,,1.8
"2025-08-02 22:29:19",3467,3190,67419,0,,6.2,30.9,12.64,8.85,,1.8
"2025-08-02 22:29:20",3469,3192,67403,0,,6.45,17.4,12.67,8.75,,2.3
"2025-08-02 22:29:21",3471,3194,67388,-36.576208,-71.862533,6.2,38.1,12.65,8.65,,2.5
"2025-08-02 22:29:22",3472,3195,67379,0,,5.9,29.4,12.65,8.6,,2.4
"2025-08-02 22:29:23",3473,3196,67370,0,,5.4,14.8,12.67,8.45,,2.3
"2025-08-02 22:29:24",3474,3197,67362,-36.576065,-71.862435,7.5,37.8,12.67,8.35,,1.9
"2025-08-02 22:29:26",3479,3202,67323,0,,5.3,17.6,12.64,8.15,,1.8
"2025-08-02 22:29:27",3482,3205,67304,-36.575928,-71.862337,7.2,36,12.68,8.1,,1.9
"2025-08-02 22:29:28",3482,3205,67302,0,,4.85,33.9,12.69,8,,1.7
"2025-08-02 22:29:29",3482,3205,67301,0,,5.8,22.9,12.69,7.95,,1.6
"2025-08-02 22:29:30",3482,3205,67300,-36.575797,-71.862223,7.7,39.6,12.73,7.9,,1.4
"2025-08-02 22:29:31",3485,3208,67280,0,,4.5,38.8,12.77,7.8,,1.4
"2025-08-02 22:29:32",3487,3210,67262,0,,6.35,27.1,12.72,7.8,,1.5
"2025-08-02 22:29:33",3489,3212,67244,-36.575662,-71.862117,7.15,39.4,12.77,7.75,25.5,1.5
"2025-08-02 22:29:34",3492,3215,67219,0,,4.5,28,12.76,7.75,,1.6
"2025-08-02 22:29:35",3495,3218,67193,0,,6.4,35.5,12.76,7.7,,1.8
"2025-08-02 22:29:36",3499,3222,67168,-36.575527,-71.862003,6.8,40.3,12.8,7.7,,2
"2025-08-02 22:29:37",3500,3223,67161,0,,5.9,18.9,12.77,7.65,,1.9
"2025-08-02 22:29:38",3500,3223,67154,0,,5.75,33.5,12.71,7.55,,1.8
"2025-08-02 22:29:39",3501,3224,67148,-36.57539,-71.861892,6.4,47.5,12.74,7.55,,1.6
"2025-08-02 22:29:40",3502,3225,67138,0,,6.65,21.3,12.69,7.6,,1.6
"2025-08-02 22:29:41",3504,3227,67128,0,,5,36.2,12.65,7.55,,1.7
"2025-08-02 22:29:42",3505,3228,67118,-36.575258,-71.861777,6.35,46.5,12.69,7.55,,1.8
"2025-08-02 22:29:43",3509,3232,67083,0,,6.9,24.9,12.65,7.55,,2.1
"2025-08-02 22:29:44",3514,3237,67048,0,,4.55,43.5,12.63,7.55,,2.2
"2025-08-02 22:29:45",3518,3241,67014,-36.57514,-71.861665,5.55,44.4,12.58,7.55,,2.4
"2025-08-02 22:29:46",3519,3242,67003,0,,6.55,24.5,12.57,7.55,,2.2
"2025-08-02 22:29:47",3521,3244,66993,0,,5.85,36.8,12.55,7.55,,2.1
"2025-08-02 22:29:48",3522,3245,66984,-36.575012,-71.861547,5.55,43.1,12.51,7.55,,1.9
"2025-08-02 22:29:49",3524,3247,66964,0,,6.6,28.6,12.45,7.5,,2
"2025-08-02 22:29:50",3527,3250,66945,0,,4.5,38.2,12.44,7.5,,2.2
"2025-08-02 22:29:51",3529,3252,66926,-36.574892,-71.861433,6.3,42,12.38,7.55,,2.3
"2025-08-02 22:29:52",3531,3254,66910,0,,6.15,27.5,12.37,7.6,,2.4
"2025-08-02 22:29:53",3533,3256,66895,0,,4.15,35.8,12.37,7.6,,2.4
"2025-08-02 22:29:54",3535,3258,66880,-36.574775,-71.86132,6.8,42.3,12.34,7.65,,2.5
"2025-08-02 22:29:57",3542,3265,66826,-36.574662,-71.861212,7.1,40.4,12.25,7.65,,2
"2025-08-02 22:29:58",3544,3267,66809,0,,4.95,36,12.22,7.7,,2
"2025-08-02 22:29:59",3546,3269,66792,0,,4.1,41.1,12.2,7.7,,2
"2025-08-02 22:30:00",3548,3271,66776,-36.574545,-71.8611,7.35,38,12.23,7.7,25.25,2.1
"2025-08-02 22:30:01",3550,3273,66761,0,,4.8,38.6,12.24,7.75,,2.2
"2025-08-02 22:30:02",3552,3275,66746,0,,3.95,48.6,12.23,7.75,,2.1
"2025-08-02 22:30:03",3553,3276,66732,-36.574443,-71.860978,6.85,45.9,12.21,7.75,,2.1
"2025-08-02 22:30:04",3555,3278,66719,0,,5.45,44.7,12.22,7.8,,2
"2025-08-02 22:30:05",3557,3280,66706,0,,4.25,47.8,12.22,7.8,,2
"2025-08-02 22:30:06",3558,3281,66694,-36.574328,-71.860873,6.35,24.2,12.2,7.8,,2
"2025-08-02 22:30:07",3560,3283,66675,0,,5.55,48,12.18,7.8,,2
"2025-08-02 22:30:08",3563,3286,66657,0,,4.35,39.8,12.14,7.8,,2
"2025-08-02 22:30:09",3565,3288,66640,-36.574218,-71.860768,6.1,25.3,12.11,7.8,,1.9
"2025-08-02 22:30:10",3567,3290,66624,0,,5.2,54.2,12.08,7.75,,1.9
"2025-08-02 22:30:11",3569,3292,66609,0,,4.7,28.7,12.07,7.75,,1.9
"2025-08-02 22:30:12",3571,3294,66594,-36.57411,-71.86067,5.75,28.2,12.07,7.75,,1.9
"2025-08-02 22:30:13",3571,3294,66591,0,,4.2,51.1,12.06,7.8,,1.8
"2025-08-02 22:30:14",3571,3294,66588,0,,5.8,38.3,12.11,7.8,,1.6
"2025-08-02 22:30:15",3572,3295,66586,-36.574,-71.86056,6.1,29.3,12.13,7.8,,1.5
"2025-08-02 22:30:16",3576,3299,66554,0,,3.55,45,12.13,7.8,,1.7
"2025-08-02 22:30:17",3580,3303,66522,0,,6.65,43.3,12.12,7.8,,1.9
"2025-08-02 22:30:18",3584,3307,66490,-36.573888,-71.86045,5.6,31.4,12.09,7.8,,2.1
"2025-08-02 22:30:19",3585,3308,66479,0,,3.55,43.5,12.08,7.8,,2.1
"2025-08-02 22:30:20",3587,3310,66468,0,,6.8,34.7,12.05,7.8,,2
"2025-08-02 22:30:21",3588,3311,66458,-36.573772,-71.86034,5.65,36.6,12.12,7.8,,1.9
"2025-08-02 22:30:22",3591,3314,66437,0,,4.1,43.8,12.11,7.75,,2
"2025-08-02 22:30:23",3593,3316,66415,0,,6.35,28.3,12.06,7.75,,2
"2025-08-02 22:30:24",3596,3319,66394,-36.573652,-71.860233,5.85,44.4,12.04,7.75,,2.1
"2025-08-02 22:30:26",3600,3323,66363,0,,5.8,22.9,11.93,7.75,,2.4
"2025-08-02 22:30:27",3602,3325,66348,-36.573533,-71.860127,5.7,47.9,11.94,7.75,25,2.5
"2025-08-02 22:30:28",3604,3327,66330,0,,5.15,42.5,11.92,7.75,,2.4
"2025-08-02 22:30:29",3606,3329,66312,0,,6.9,24.5,11.88,7.75,,2.2
"2025-08-02 22:30:30",3609,3332,66294,-36.573408,-71.860012,5.3,47.8,11.89,7.75,,2.1
"2025-08-02 22:30:31",3611,3334,66277,0,,5.3,37.3,11.85,7.75,,2.1
"2025-08-02 22:30:32",3613,3336,66260,0,,6.8,26.9,11.81,7.75,,2.1
"2025-08-02 22:30:33",3615,3338,66244,-36.57328,-71.859898,5.15,48.6,11.79,7.75,,2.2
"2025-08-02 22:30:34",3617,3340,66227,0,,5.85,34,11.75,7.7,,2.2
"2025-08-02 22:30:35",3619,3342,66210,0,,6.65,26.1,11.71,7.7,,2.2
"2025-08-02 22:30:36",3621,3344,66194,-36.573155,-71.859783,4.7,46.7,11.69,7.7,,2.1
"2025-08-02 22:30:37",3623,3346,66176,0,,6.3,37.7,11.64,7.7,,2.1
"2025-08-02 22:30:38",3626,3349,66158,0,,7.4,24.4,11.6,7.7,,2.1
"2025-08-02 22:30:39",3628,3351,66140,-36.573025,-71.859658,4.95,52,11.59,7.65,,2.2
"2025-08-02 22:30:40",3630,3353,66124,0,,6.05,39.3,11.63,7.65,,2.2
"2025-08-02 22:30:41",3632,3355,66109,0,,7.1,25.2,11.62,7.65,,2.1
"2025-08-02 22:30:42",3634,3357,66094,-36.5729,-71.859537,5.1,49.5,11.63,7.65,,2.1
"2025-08-02 22:30:43",3636,3359,66075,0,,5.65,33.7,11.65,7.6,,2.1
"2025-08-02 22:30:44",3639,3362,66055,0,,6.55,30.3,11.65,7.6,,2.2
"2025-08-02 22:30:45",3641,3364,66036,-36.572773,-71.859403,6.35,51.5,11.73,7.55,,2.2
"2025-08-02 22:30:46",3644,3367,66017,0,,6.2,29.4,11.74,7.5,,2.2
"2025-08-02 22:30:47",3646,3369,65999,0,,6.25,34.3,11.74,7.5,,2.2
"2025-08-02 22:30:48",3648,3371,65982,-36.572638,-71.859267,6.8,53.6,11.79,7.45,,2.2
"2025-08-02 22:30:49",3650,3373,65964,0,,6.7,27.3,11.77,7.4,,2.2
"2025-08-02 22:30:50",3653,3376,65946,0,,5.9,36.9,11.77,7.35,,2.2
"2025-08-02 22:30:51",3655,3378,65928,-36.572505,-71.859125,6.7,56,11.79,7.3,,2.3
"2025-08-02 22:30:52",3657,3380,65914,0,,7.25,38.2,11.76,7.3,,2.2
"2025-08-02 22:30:53",3658,3381,65901,0,,5.6,41.6,11.76,7.3,,2.2
"2025-08-02 22:30:54",3660,3383,65888,-36.572372,-71.858988,6.2,52.5,11.76,7.3,24.75,2.2
"2025-08-02 22:30:57",3667,3390,65830,-36.572237,-71.858845,6.75,47.3,11.76,7.3,,2.2
"2025-08-02 22:30:58",3668,3391,65829,0,,6.95,33,11.75,7.25,,2
"2025-08-02 22:30:59",3668,3391,65828,0,,4.5,54,11.7,7.25,,1.8
"2025-08-02 22:31:00",3668,3391,65828,-36.572118,-71.8587,7.05,45.5,11.67,7.2,,1.7
"2025-08-02 22:31:01",3670,3393,65808,0,,6.85,35.2,11.65,7.15,,1.6
"2025-08-02 22:31:02",3673,3396,65789,0,,4.9,57,11.63,7.1,,1.7
"2025-08-02 22:31:03",3675,3398,65770,-36.572002,-71.858552,7.25,43.8,11.62,7.05,,1.7
"2025-08-02 22:31:04",3677,3400,65754,0,,6.2,35.3,11.62,7.05,,1.7
"2025-08-02 22:31:05",3679,3402,65739,0,,4.95,59.9,11.61,7.05,,1.7
"2025-08-02 22:31:06",3681,3404,65724,-36.571882,-71.858405,7.5,40.8,11.61,7,,1.7
"2025-08-02 22:31:07",3683,3406,65706,0,,6.05,42.4,11.6,7,,1.8
"2025-08-02 22:31:08",3685,3408,65689,0,,4.95,56.2,11.59,7,,1.8
"2025-08-02 22:31:09",3688,3411,65672,-36.571763,-71.858277,6.45,33.4,11.55,7,,1.7
"2025-08-02 22:31:10",3691,3414,65641,0,,6.55,48,11.52,7,,2
"2025-08-02 22:31:11",3695,3418,65611,0,,5.3,55.1,11.51,7,,2.3
"2025-08-02 22:31:12",3699,3422,65582,-36.571648,-71.858138,5.95,29.3,11.47,7,,2.6
"2025-08-02 22:31:13",3700,3423,65577,0,,6.8,51.5,11.49,7,,2.5
"2025-08-02 22:31:14",3700,3423,65572,0,,6.45,52.7,11.45,7,,2.3
"2025-08-02 22:31:15",3701,3424,65568,-36.571535,-71.85798,5.35,30.6,11.45,7,,2.2
"2025-08-02 22:31:17",3708,3431,65513,0,,5.4,47.3,11.62,7.05,,2.4
"2025-08-02 22:31:18",3711,3434,65488,-36.571423,-71.857843,5.6,30.6,11.58,7.05,,2.5
"2025-08-02 22:31:19",3712,3435,65482,0,,6,54.4,11.56,7.05,,2.4
"2025-08-02 22:31:20",3713,3436,65476,0,,2.8,66.4,11.43,7.05,,2.3
"2025-08-02 22:31:21",3713,3436,65470,-36.57134,-71.857723,6.35,46.4,11.26,7.05,24.5,2.1
"2025-08-02 22:31:23",3696,3419,65606,0,,6.1,42.6,11.04,7.05,,0.3
"2025-08-02 22:31:24",3687,3410,65676,-36.571215,-71.857568,6.1,46,10.97,7.05,,-0.6
"2025-08-02 22:31:25",3677,3400,65756,0,,6.35,40.2,10.92,7.1,,-1.9
"2025-08-02 22:31:26",3667,3390,65833,0,,6.45,42.7,10.9,7.1,,-2.8
"2025-08-02 22:31:27",3657,3380,65910,-36.571077,-71.857432,6.5,34.7,10.89,7.2,,-3.6
"2025-08-02 22:31:28",3648,3371,65979,0,,6,35,10.89,7.25,,-4
"2025-08-02 22:31:29",3639,3362,66051,0,,6.05,33.6,10.91,7.3,,-4.4
"2025-08-02 22:31:30",3630,3353,66124,-36.570945,-71.857315,5.4,36.5,10.94,7.3,,-6
"2025-08-02 22:31:31",3621,3344,66192,0,,5.95,32.2,10.99,7.4,,-6.9
"2025-08-02 22:31:32",3613,3336,66259,0,,5.3,37.7,11.04,7.5,,-7.6
"2025-08-02 22:31:33",3605,3328,66326,-36.57082,-71.857207,5.6,31.8,11.07,7.6,,-8.3
"2025-08-02 22:31:34",3596,3319,66394,0,,5.1,37,11.14,7.7,,-9
"2025-08-02 22:31:35",3587,3310,66462,0,,5.4,33.2,11.19,7.7,,-9
"2025-08-02 22:31:36",3579,3302,66530,-36.570708,-71.857097,5.1,41.3,11.25,7.75,,-9
"2025-08-02 22:31:37",3570,3293,66603,0,,5.45,36.1,11.32,7.8,,-9
"2025-08-02 22:31:38",3560,3283,66677,0,,5.1,36.2,11.38,7.85,,-9
"2025-08-02 22:31:39",3551,3274,66752,-36.570593,-71.856982,5.6,41,11.44,7.85,,-9
"2025-08-02 22:31:40",3542,3265,66823,0,,5.65,32.1,11.51,7.85,,-8.8
"2025-08-02 22:31:41",3533,3256,66892,0,,5.65,32.8,11.53,7.85,,-8.8
"2025-08-02 22:31:42",3524,3247,66962,-36.570458,-71.856878,6.15,29.6,11.59,7.85,,-8.8
"2025-08-02 22:31:43",3515,3238,67033,0,,5.75,30,11.64,7.85,,-8.8
"2025-08-02 22:31:44",3506,3229,67109,0,,6.15,26.3,11.69,7.8,,-8.9
"2025-08-02 22:31:45",3496,3219,67186,-36.570318,-71.856785,5.7,29.3,11.74,7.85,,-9
"2025-08-02 22:31:46",3487,3210,67258,0,,6.25,22.7,11.76,7.9,,-9
"2025-08-02 22:31:47",3478,3201,67330,0,,6.25,22.7,11.79,8.05,,-9.1
"2025-08-02 22:31:48",3469,3192,67402,-36.570188,-71.856717,5.5,21.8,11.8,8.2,24,-9.1
"2025-08-02 22:31:49",3458,3181,67490,0,,,,11.82,8.4,,-9.2
"2025-08-02 22:31:50",3448,3171,67577,0,,,,11.83,8.6,,-9.4
"2025-08-02 22:31:51",3437,3160,67664,0,,,,11.86,8.85,,-9.5
"2025-08-02 22:31:53",3421,3144,67794,0,,4.45,15.6,11.92,9.25,,-9.3
"2025-08-02 22:31:54",3413,3136,67860,-36.569975,-71.856613,3.4,18.1,11.93,9.55,,-9.3
"2025-08-02 22:31:55",3404,3127,67931,0,,4,19.4,11.93,10,,-9.3
"2025-08-02 22:31:56",3394,3117,68005,0,,3.25,12.9,11.92,10.7,,-9.3
"2025-08-02 22:31:57",3385,3108,68080,-36.569885,-71.856568,3.45,26.9,11.9,11.75,,-9.3
"2025-08-02 22:31:59",3367,3090,68225,0,,2.8,18.5,11.9,14,,-9.3
"2025-08-02 22:32:00",3358,3081,68298,-36.569805,-71.856527,3.5,29.1,11.91,15.1,,-9.2
"2025-08-02 22:32:01",3349,3072,68375,0,,3.05,21.3,11.94,16.1,,-9.3
"2025-08-02 22:32:02",3339,3062,68453,0,,3.05,21.3,11.97,17.1,,-9.2
"2025-08-02 22:32:03",3330,3053,68532,-36.56972,-71.856477,3.9,23.3,12,17.9,,-9.1
"2025-08-02 22:32:04",3320,3043,68608,0,,3.25,24.2,12.05,18.8,,-9
"2025-08-02 22:32:05",3311,3034,68684,0,,3.4,27.6,12.11,19.65,,-9
"2025-08-02 22:32:06",3302,3025,68760,-36.569635,-71.85642,3.8,32.4,12.15,20.55,,-9.2
"2025-08-02 22:32:07",3292,3015,68840,0,,3.95,22.6,12.2,21.45,,-9.3
"2025-08-02 22:32:08",3282,3005,68921,0,,3.15,20.3,12.23,22.55,,-9.4
"2025-08-02 22:32:09",3272,2995,69002,-36.569558,-71.856367,2.75,32.7,12.28,23.7,,-9.4
"2025-08-02 22:32:10",3260,2983,69096,0,,4,39.5,12.34,24.75,,-9.6
"2025-08-02 22:32:11",3249,2972,69190,0,,4.15,27.9,12.41,25.55,,-9.9
"2025-08-02 22:32:12",3238,2961,69284,-36.569462,-71.856305,4.15,21.6,12.45,26.35,,-10.1
"2025-08-02 22:32:14",3223,2946,69404,0,,2.95,30.5,12.62,27.45,,-9.7
"2025-08-02 22:32:15",3215,2938,69466,-36.569395,-71.856252,2.8,33.3,12.7,27.9,23,-9.5
"2025-08-02 22:32:16",3206,2929,69543,0,,2.75,36.6,12.8,28.35,,-9.5
"2025-08-02 22:32:17",3197,2920,69620,0,,2.95,39.8,12.89,28.7,,-9.5
"2025-08-02 22:32:18",3187,2910,69698,-36.569333,-71.856183,2.9,40.6,13,28.9,,-9.5
"2025-08-02 22:32:19",3178,2901,69775,0,,3.1,44.5,13.1,29.15,,-9.5
"2025-08-02 22:32:20",3168,2891,69854,0,,3.45,47.2,13.18,29.25,,-9.5
"2025-08-02 22:32:21",3159,2882,69934,-36.56926,-71.856082,4,47.1,13.27,29.35,,-9.5
"2025-08-02 22:32:23",3136,2859,70118,0,,5.05,38.1,13.4,29.3,,-9.6
"2025-08-02 22:32:24",3125,2848,70212,-36.56915,-71.855978,5.2,30.8,13.46,29.25,,-9.6
"2025-08-02 22:32:25",3118,2841,70274,0,,4.3,35.3,13.55,29.15,,-9.3
"2025-08-02 22:32:26",3110,2833,70336,0,,5,38,13.62,29.15,,-9.1
"2025-08-02 22:32:27",3103,2826,70398,-36.569043,-71.855877,5.25,36.6,13.7,29.2,,-9.3
"2025-08-02 22:32:28",3093,2816,70479,0,,4.7,35.6,13.77,29.35,,-9.4
"2025-08-02 22:32:29",3083,2806,70557,0,,5.25,39,13.86,29.45,,-9.4
"2025-08-02 22:32:30",3074,2797,70636,-36.56893,-71.85577,5.45,35.4,13.91,29.6,,-9.4
"2025-08-02 22:32:31",3064,2787,70717,0,,5.3,34.3,13.98,29.7,,-9.4
"2025-08-02 22:32:32",3054,2777,70800,0,,4.75,35.7,14.06,29.75,,-9.5
"2025-08-02 22:32:33",3044,2767,70884,-36.568827,-71.855673,4.6,38,14.15,29.8,,-9.5
"2025-08-02 22:32:34",3034,2757,70969,0,,4.7,34.6,14.19,29.8,,-9.6
"2025-08-02 22:32:35",3024,2747,71052,0,,5,29.6,14.22,29.85,,-9.3
"2025-08-02 22:32:36",3014,2737,71136,-36.568707,-71.855593,5.1,26.5,14.28,29.9,,-9.2
"2025-08-02 22:32:37",3004,2727,71222,0,,5.45,24.5,14.33,29.9,,-9.5
"2025-08-02 22:32:38",2993,2716,71312,0,,5.55,23.5,14.4,29.95,,-9.7
"2025-08-02 22:32:39",2983,2706,71402,-36.568563,-71.855513,6.15,23,14.48,29.9,,-10
"2025-08-02 22:32:41",2966,2689,71540,0,,6.7,26.9,14.66,29.65,,-9.8
"2025-08-02 22:32:42",2958,2681,71610,-36.5684,-71.855413,6.85,26,14.75,29.4,22.5,-9.7
"2025-08-02 22:32:43",2949,2672,71686,0,,6.6,22.1,14.83,29.1,,-9.7
"2025-08-02 22:32:44",2940,2663,71764,0,,5.75,25,14.89,28.9,,-9.6
"2025-08-02 22:32:45",2930,2653,71842,-36.56826,-71.855325,5.5,28.1,14.96,28.8,,-9.6
"2025-08-02 22:32:46",2921,2644,71922,0,,5.65,30.6,15.04,28.65,,-9.5
"2025-08-02 22:32:47",2911,2634,72001,0,,5.7,30.9,15.13,28.65,,-9.5
"2025-08-02 22:32:48",2902,2625,72080,-36.568127,-71.855235,5.4,26.4,15.2,28.65,,-9.4
"2025-08-02 22:32:49",2892,2615,72169,0,,5.25,21.7,15.26,28.5,,-9.4
"2025-08-02 22:32:50",2881,2604,72259,0,,5.5,17.1,15.26,28.3,,-9.4
"2025-08-02 22:32:51",2870,2593,72350,-36.567975,-71.85518,6.1,12.6,15.29,27.95,,-9.4
"2025-08-02 22:32:53",2854,2577,72486,0,,7.05,16.5,15.46,27.45,,-9.2
"2025-08-02 22:32:54",2846,2569,72556,-36.567795,-71.855103,7.05,21.1,15.5,27.3,,-9.3
"2025-08-02 22:32:55",2836,2559,72641,0,,6.9,24.2,15.57,27.2,,-9.4
"2025-08-02 22:32:56",2826,2549,72723,0,,6.45,28.1,15.63,27.1,,-9.4
"2025-08-02 22:32:57",2817,2540,72806,-36.567643,-71.855013,5.9,25.2,15.72,27,,-9.4
"2025-08-02 22:32:58",2807,2530,72888,0,,6,19.1,15.79,26.75,,-9.5
"2025-08-02 22:32:59",2797,2520,72972,0,,6.5,19,15.87,26.6,,-9.5
"2025-08-02 22:33:00",2787,2510,73056,-36.567482,-71.854932,6.55,24.1,15.94,26.45,,-9.5
"2025-08-02 22:33:01",2777,2500,73142,0,,5.95,26.9,16.03,26.3,,-9.5
"2025-08-02 22:33:02",2768,2491,73226,0,,5.4,22.7,16.09,26.15,,-9.4
"2025-08-02 22:33:03",2758,2481,73310,-36.567338,-71.854868,5.75,16.3,16.18,26.05,,-9.3
"2025-08-02 22:33:04",2749,2472,73383,0,,5.95,13.5,16.26,25.9,,-9.3
"2025-08-02 22:33:05",2740,2463,73459,0,,6.3,17,16.33,25.85,,-9.5
"2025-08-02 22:33:06",2731,2454,73536,-36.567185,-71.8548,6.1,21.7,16.4,25.75,,-9.5
"2025-08-02 22:33:07",2722,2445,73618,0,,5.6,22.4,16.46,25.75,,-9.5
"2025-08-02 22:33:08",2712,2435,73700,0,,5,20.4,16.51,25.8,,-9.5
"2025-08-02 22:33:09",2703,2426,73782,-36.56705,-71.85475,5.05,12.4,16.56,25.8,22.75,-9.5
"2025-08-02 22:33:10",2693,2416,73866,0,,5.4,10.6,16.63,25.75,,-9.5
"2025-08-02 22:33:11",2684,2407,73948,0,,5.85,17.3,16.68,25.7,,-9.4
"2025-08-02 22:33:12",2674,2397,74030,-36.566908,-71.85469,5.6,23.1,16.73,25.65,,-9.4
"2025-08-02 22:33:13",2663,2386,74124,0,,4.9,21.3,16.8,25.5,,-9.5
"2025-08-02 22:33:14",2652,2375,74219,0,,5.1,14.5,16.88,25.35,,-9.6
"2025-08-02 22:33:15",2641,2364,74314,-36.566772,-71.854632,5.6,18.9,16.95,25.25,,-9.7
"2025-08-02 22:33:16",2633,2356,74384,0,,5.4,24.4,17.02,25.2,,-9.6
"2025-08-02 22:33:17",2625,2348,74457,0,,4.8,21.7,17.11,25.1,,-9.6
"2025-08-02 22:33:18",2616,2339,74530,-36.566642,-71.854573,4.95,17.7,17.2,25,,-9.5
"2025-08-02 22:33:19",2607,2330,74608,0,,5.45,16.8,17.29,24.85,,-9.5
"2025-08-02 22:33:20",2599,2322,74685,0,,5.7,21.4,17.36,24.8,,-9.5
"2025-08-02 22:33:21",2590,2313,74762,-36.566505,-71.854497,5.6,26.7,17.43,24.75,,-9.4
"2025-08-02 22:33:23",2571,2294,74924,0,,4.7,26.3,17.6,24.7,,-9.4
"2025-08-02 22:33:24",2562,2285,75006,-36.566385,-71.854433,4.6,19.5,17.69,24.6,,-9.4
"2025-08-02 22:33:25",2552,2275,75089,0,,5.1,17.3,17.79,24.55,,-9.4
"2025-08-02 22:33:26",2543,2266,75173,0,,5.45,23.1,17.86,24.45,,-9.3
"2025-08-02 22:33:27",2533,2256,75258,-36.566255,-71.854367,5,26,17.94,24.35,,-9.2
"2025-08-02 22:33:28",2524,2247,75338,0,,4.95,17.9,18.01,24.25,,-9.1
"2025-08-02 22:33:29",2515,2238,75417,0,,5.4,17.7,18.11,24.15,,-9.1
"2025-08-02 22:33:30",2506,2229,75496,-36.566127,-71.854307,5,23.3,18.15,24.1,,-9.2
"2025-08-02 22:33:34",2468,2191,75825,0,,5.3,19.9,18.45,23.95,,-9.3
"2025-08-02 22:33:35",2459,2182,75907,0,,4.85,19.8,18.51,23.9,,-9.3
"2025-08-02 22:33:36",2450,2173,75990,-36.565865,-71.854213,4.85,10.2,18.59,23.75,23.5,-9.3
"2025-08-02 22:33:37",2441,2164,76068,0,,5.35,9.8,18.66,23.7,,-9.3
"2025-08-02 22:33:38",2432,2155,76148,0,,5.4,15.3,18.72,23.55,,-9.2
"2025-08-02 22:33:39",2423,2146,76228,-36.565732,-71.854172,4.9,16.8,18.8,23.45,,-9.2
"2025-08-02 22:33:40",2413,2136,76313,0,,4.6,9.4,18.87,23.3,,-9.2
"2025-08-02 22:33:41",2403,2126,76401,0,,5.05,6.9,18.93,23.2,,-9.3
"2025-08-02 22:33:42",2393,2116,76490,-36.565598,-71.854143,5.4,11.9,19.02,23.1,,-9.4
"2025-08-02 22:33:44",2373,2096,76670,0,,4.6,7.5,19.16,22.9,,-9.5
"2025-08-02 22:33:45",2363,2086,76760,-36.565468,-71.854117,5.1,8.7,19.23,22.75,,-9.6
"2025-08-02 22:33:46",2354,2077,76835,0,,5.1,14.6,19.31,22.6,,-9.5
"2025-08-02 22:33:47",2346,2069,76910,0,,4.4,10.1,19.39,22.5,,-9.4
"2025-08-02 22:33:48",2337,2060,76986,-36.565343,-71.854092,4.85,6.7,19.47,22.4,,-9.4
"2025-08-02 22:33:49",2329,2052,77059,0,,4.95,10.6,19.53,22.3,,-9.3
"2025-08-02 22:33:50",2321,2044,77132,0,,4.4,13.7,19.62,22.15,,-9.2
"2025-08-02 22:33:51",2312,2035,77206,-36.565222,-71.854068,4.5,5,19.7,22.05,,-9.2
"2025-08-02 22:33:53",2294,2017,77372,0,,4.25,8.3,19.86,21.85,,-9
"2025-08-02 22:33:54",2285,2008,77454,-36.565102,-71.854053,4.65,3.5,19.92,21.7,,-9
"2025-08-02 22:33:55",2276,1999,77529,0,,4.35,7.7,20.01,21.55,,-9
"2025-08-02 22:33:56",2268,1991,77607,0,,4.2,13,20.08,21.45,,-8.7
"2025-08-02 22:33:57",2259,1982,77686,-36.56499,-71.854032,4.05,7.2,20.16,21.3,,-8.6
"2025-08-02 22:33:58",2249,1972,77770,0,,4.55,8,20.24,21.25,,-8.7
"2025-08-02 22:33:59",2240,1963,77858,0,,4.2,7.5,20.31,21.1,,-8.8
"2025-08-02 22:34:00",2230,1953,77946,-36.56487,-71.854017,4.5,2.8,20.39,21.05,,-8.9
"2025-08-02 22:34:01",2221,1944,78024,0,,4.35,10.2,20.47,20.85,,-9
"2025-08-02 22:34:02",2213,1936,78099,0,,4.35,10.2,20.54,20.75,,-9
"2025-08-02 22:34:03",2204,1927,78174,-36.564755,-71.853995,4,9.6,20.62,20.65,24.25,-9
"2025-08-02 22:34:04",2196,1919,78252,0,,4.45,12.3,20.69,20.55,,-9
"2025-08-02 22:34:05",2187,1910,78334,0,,4.15,13.8,20.78,20.5,,-9
"2025-08-02 22:34:06",2178,1901,78416,-36.56464,-71.85397,4.35,7.3,20.9,20.45,,-9
"2025-08-02 22:34:10",2145,1868,78709,0,,4.5,15.7,21.16,20.3,,-8.6
"2025-08-02 22:34:11",2137,1860,78781,0,,3.35,19.1,21.25,20.3,,-8.5
"2025-08-02 22:34:12",2129,1852,78854,-36.56442,-71.853898,4.7,15,21.29,20.3,,-8.3
"2025-08-02 22:34:13",2121,1844,78932,0,,4.75,20.4,21.37,20.25,,-8.4
"2025-08-02 22:34:14",2111,1834,79015,0,,5,14.1,21.44,20.25,,-8.5
"2025-08-02 22:34:15",2102,1825,79098,-36.564297,-71.85385,4.9,21.7,21.51,20.05,,-8.5
"2025-08-02 22:34:16",2094,1817,79172,0,,4.5,18.6,21.57,19.95,,-8.4
"2025-08-02 22:34:17",2086,1809,79244,0,,4.45,24.4,21.65,19.85,,-8.3
"2025-08-02 22:34:18",2078,1801,79316,-36.564175,-71.853802,4.6,18.6,21.7,19.8,,-8.3
"2025-08-02 22:34:19",2070,1793,79390,0,,5.6,15.7,21.76,19.75,,-8.2
"2025-08-02 22:34:20",2062,1785,79465,0,,5.3,20.1,21.85,19.75,,-8.2
"2025-08-02 22:34:21",2054,1777,79540,-36.564047,-71.853752,4.45,15.6,21.9,19.75,,-8.2
"2025-08-02 22:34:23",2039,1762,79671,0,,4.55,14.3,22.03,19.7,,-8.2
"2025-08-02 22:34:24",2032,1755,79738,-36.563922,-71.853705,4.95,14.6,22.09,19.7,,-8.1
"2025-08-02 22:34:25",2026,1749,79798,0,,4.95,26.4,22.17,19.65,,-8
"2025-08-02 22:34:26",2019,1742,79860,0,,4.95,13.6,22.24,19.55,,-7.8
"2025-08-02 22:34:27",2012,1735,79922,-36.56379,-71.853652,5.45,21.6,22.3,19.45,,-7.7
"2025-08-02 22:34:29",1995,1718,80075,0,,5.7,19.3,22.44,19.25,,-7.6
"2025-08-02 22:34:30",1987,1710,80150,-36.563658,-71.853578,5.5,32.1,22.5,19.15,25.5,-7.6
"2025-08-02 22:34:31",1979,1702,80228,0,,4.9,25.9,22.59,19.1,,-7.7
"2025-08-02 22:34:32",1970,1693,80310,0,,5.65,20.9,22.67,19,,-7.8
"2025-08-02 22:34:33",1961,1684,80392,-36.563515,-71.853508,6.1,24.3,22.74,18.9,,-7.8
"2025-08-02 22:34:34",1953,1676,80461,0,,5.85,20.1,22.8,18.8,,-7.7
"2025-08-02 22:34:35",1946,1669,80528,0,,5.55,26.8,22.87,18.65,,-7.8
"2025-08-02 22:34:36",1939,1662,80596,-36.563373,-71.853438,5.25,21.1,22.94,18.55,,-7.8
"2025-08-02 22:34:37",1930,1653,80675,0,,6.5,19.1,23.02,18.5,,-7.9
"2025-08-02 22:34:38",1921,1644,80755,0,,6.75,16.9,23.08,18.45,,-8.1
"2025-08-02 22:34:39",1913,1636,80836,-36.563222,-71.853373,5.3,20.1,23.16,18.4,,-8.3
"2025-08-02 22:34:40",1905,1628,80909,0,,5.9,22,23.23,18.35,,-8.3
"2025-08-02 22:34:41",1896,1619,80984,0,,5.85,26,23.31,18.3,,-8.2
"2025-08-02 22:34:42",1888,1611,81060,-36.563075,-71.853293,6.25,21.8,23.37,18.3,,-8.3
"2025-08-02 22:34:43",1881,1604,81126,0,,5.9,25.5,23.44,18.25,,-8.1
"2025-08-02 22:34:44",1874,1597,81193,0,,5.5,22,23.52,18.3,,-8
"2025-08-02 22:34:45",1867,1590,81260,-36.562938,-71.85321,5.8,23.7,23.58,18.4,,-7.8
"2025-08-02 22:34:46",1860,1583,81322,0,,5.95,31.3,23.64,18.5,,-7.8
"2025-08-02 22:34:47",1854,1577,81382,0,,5.5,21.4,23.72,18.55,,-7.7
"2025-08-02 22:34:48",1847,1570,81442,-36.562795,-71.853133,5.9,22.4,23.76,18.6,,-7.6
"2025-08-02 22:34:49",1840,1563,81506,0,,5.95,35.5,23.83,18.6,,-7.6
"2025-08-02 22:34:50",1833,1556,81575,0,,5.45,28.7,23.91,18.6,,-7.5
"2025-08-02 22:34:51",1825,1548,81644,-36.56265,-71.85304,6.5,26.8,23.97,18.6,,-7.4
"2025-08-02 22:34:58",1771,1494,82151,0,,5.1,18.9,24.43,18,,-7.4
"2025-08-02 22:34:59",1763,1486,82223,0,,5.5,20.4,24.5,17.8,,-7.5
"2025-08-02 22:35:00",1755,1478,82296,-36.56222,-71.85282,5.5,30,24.58,17.7,,-7.6
"2025-08-02 22:35:10",1678,1401,83026,0,,6.25,24.3,25.25,16.5,,-7.8
"2025-08-02 22:35:11",1670,1393,83099,0,,5.55,28.5,25.32,16.4,,-7.8
"2025-08-02 22:35:12",1662,1385,83172,-36.561693,-71.852513,5.15,28.7,25.39,16.3,,-7.8
"2025-08-02 22:35:13",1655,1378,83236,0,,6.05,30.5,25.44,16.2,,-7.7
"2025-08-02 22:35:14",1648,1371,83304,0,,5.8,28.5,25.5,16.05,,-7.7
"2025-08-02 22:35:15",1641,1364,83372,-36.561563,-71.852418,5.35,32.4,25.57,15.9,,-7.6
"2025-08-02 22:35:16",1633,1356,83449,0,,5.05,35.2,25.64,15.7,,-7.7
"2025-08-02 22:35:17",1625,1348,83527,0,,5.9,34.6,25.67,15.4,,-7.7
"2025-08-02 22:35:18",1616,1339,83606,-36.561433,-71.852308,6,37.8,25.71,15.05,,-7.7
"2025-08-02 22:35:19",1608,1331,83681,0,,5.55,38.8,25.76,14.65,,-7.8
"2025-08-02 22:35:20",1600,1323,83756,0,,6.4,32.8,25.81,14.3,,-7.8
"2025-08-02 22:35:21",1593,1316,83832,-36.561295,-71.852187,6.65,38.8,25.84,13.8,,-7.8
"2025-08-02 22:35:23",1578,1301,83967,0,,6.9,33.9,25.95,12.95,,-7.6
"2025-08-02 22:35:24",1571,1294,84034,-36.56115,-71.852057,7.05,41.7,25.98,12.5,28.5,-7.6
"2025-08-02 22:35:28",1541,1264,84325,0,,6.45,47.8,26.11,10.2,,-7.7
"2025-08-02 22:35:29",1533,1256,84398,0,,7.2,42.1,26.14,9.8,,-7.6
"2025-08-02 22:35:30",1525,1248,84472,-36.56087,-71.851742,7.55,47.3,26.16,9.45,,-7.6
"2025-08-02 22:35:43",1426,1149,85425,0,,8.3,33.8,26.35,8.05,,-7.6
"2025-08-02 22:35:44",1419,1142,85498,0,,9.15,28,26.38,7.95,,-7.6
"2025-08-02 22:35:45",1411,1134,85572,-36.559962,-71.850935,9.15,32.3,26.38,7.9,,-7.6
"2025-08-02 22:35:49",1382,1105,85850,0,,9.25,27.7,26.42,7.4,,-7.5
"2025-08-02 22:35:50",1375,1098,85919,0,,9.8,26.2,26.38,7.2,,-7.5
"2025-08-02 22:35:51",1368,1091,85988,-36.559503,-71.850662,9.65,24.9,26.38,7,30,-7.5
"2025-08-02 22:35:53",1352,1075,86142,0,,10.3,24.4,26.37,6.7,,-7.5
"2025-08-02 22:35:54",1344,1067,86222,-36.559253,-71.850522,10.4,26.4,26.38,6.6,,-7.6
"2025-08-02 22:35:55",1337,1060,86294,0,,9.85,23.2,26.41,6.55,,-7.4
"2025-08-02 22:35:56",1330,1053,86364,0,,10.25,22.5,26.48,6.65,,-7.4
"2025-08-02 22:35:57",1323,1046,86434,-36.559005,-71.850398,10.05,24,26.49,6.8,,-7.4
"2025-08-02 22:36:01",1295,1018,86701,0,,9.65,17,26.54,7.85,,-7.2
"2025-08-02 22:36:02",1288,1011,86768,0,,9.9,15.1,26.57,8.15,,-7.3
"2025-08-02 22:36:03",1282,1005,86836,-36.5585,-71.850195,9.85,20,26.61,8.4,,-7.2
"2025-08-02 22:36:04",1274,997,86907,0,,9.6,17.1,26.69,8.5,,-7.3
"2025-08-02 22:36:05",1267,990,86979,0,,9.35,18.4,26.75,8.5,,-7.1
"2025-08-02 22:36:06",1260,983,87052,-36.558245,-71.850098,10.05,17,26.77,8.75,,-7.1
"2025-08-02 22:36:07",1251,974,87132,0,,10.7,15.5,26.78,9,,-7.1
"2025-08-02 22:36:08",1243,966,87213,0,,10.3,10.8,26.78,9.25,,-7.2
"2025-08-02 22:36:09",1235,958,87294,-36.557972,-71.850028,10.2,12.1,26.79,9.45,,-7.3
"2025-08-02 22:36:10",1228,951,87362,0,,10.35,10.1,26.8,9.65,,-7.3
"2025-08-02 22:36:11",1221,944,87432,0,,10.25,6.1,26.79,9.8,,-7.3
"2025-08-02 22:36:12",1214,937,87502,-36.557692,-71.849987,10.85,5.6,26.76,10,,-7.3
"2025-08-02 22:36:13",1207,930,87575,0,,10.35,9.6,26.76,10.2,,-7.3
"2025-08-02 22:36:14",1199,922,87648,0,,10.45,3.1,26.79,10.25,,-7.4
"2025-08-02 22:36:15",1192,915,87722,-36.557402,-71.84995,11.05,6.4,26.82,10.3,,-7.5
"2025-08-02 22:36:16",1183,906,87809,0,,10.95,8.7,26.83,10.3,,-7.6
"2025-08-02 22:36:17",1175,898,87887,0,,10.75,5.6,26.86,10.25,,-7.6
"2025-08-02 22:36:18",1167,890,87966,-36.557098,-71.849907,11.9,6.5,26.89,10.2,31.25,-7.6
"2025-08-02 22:36:19",1160,883,88041,0,,10.9,7.1,26.93,10.15,,-7.7
"2025-08-02 22:36:20",1151,874,88124,0,,10.9,4.2,26.98,10.05,,-7.7
"2025-08-02 22:36:21",1143,866,88208,-36.5568,-71.849885,11.2,3,26.99,10,,-7.7
"2025-08-02 22:36:23",1129,852,88343,0,,10.9,2.9,27.04,10.2,,-7.7
"2025-08-02 22:36:24",1122,845,88412,-36.556502,-71.849865,10.75,3.8,27.08,10,,-7.6
"2025-08-02 22:36:25",1115,838,88481,0,,11.85,3.3,27.14,9.9,,-7.6
"2025-08-02 22:36:26",1108,831,88550,0,,11,6.6,27.17,9.8,,-7.5
"2025-08-02 22:36:27",1101,824,88620,-36.55619,-71.849838,11.4,1.8,27.19,9.6,,-7.5
"2025-08-02 22:36:28",1094,817,88693,0,,12.25,3.6,27.22,9.3,,-7.5
"2025-08-02 22:36:29",1087,810,88766,0,,11.45,5.3,27.27,9.1,,-7.4
"2025-08-02 22:36:30",1079,802,88840,-36.555875,-71.849812,11.6,4.6,27.31,8.9,,-7.4
"2025-08-02 22:36:31",1072,795,88914,0,,11.65,2.2,27.33,8.65,,-7.3
"2025-08-02 22:36:32",1065,788,88986,0,,11.9,1.9,27.36,8.5,,-7.2
"2025-08-02 22:36:33",1058,781,89058,-36.555553,-71.84979,11.65,5.7,27.42,8.35,,-7.1
"2025-08-02 22:36:34",1051,774,89129,0,,12,3.2,27.45,8.1,,-7.1
"2025-08-02 22:36:35",1043,766,89202,0,,12.9,2.9,27.46,7.95,,-7.1
"2025-08-02 22:36:36",1036,759,89276,-36.555218,-71.849762,12,7.2,27.47,7.7,,-7.2
"2025-08-02 22:36:37",1028,751,89354,0,,12.65,1.8,27.49,7.55,,-7.2
"2025-08-02 22:36:38",1020,743,89435,0,,12.75,1.6,27.53,7.4,,-7.3
"2025-08-02 22:36:39",1012,735,89516,-36.554877,-71.849745,12.55,3.6,27.58,7.2,,-7.4
"2025-08-02 22:36:40",1005,728,89584,0,,12.6,2.8,27.62,7,,-7.4
"2025-08-02 22:36:41",999,722,89651,0,,12.6,1.6,27.65,6.8,,-7.3
"2025-08-02 22:36:42",992,715,89718,-36.554532,-71.849733,12.95,1.3,27.66,6.8,,-7.3
"2025-08-02 22:36:44",976,699,89884,0,,13.15,359.4,27.74,7.05,,-7.4
"2025-08-02 22:36:45",968,691,89968,-36.554175,-71.849725,13.35,1.4,27.79,7.15,32.25,-7.5
"2025-08-02 22:36:46",959,682,90053,0,,13,2.2,27.82,7.25,,-7.6
"2025-08-02 22:36:47",950,673,90141,0,,13.25,1.4,27.86,7.4,,-7.7
"2025-08-02 22:36:48",942,665,90230,-36.553817,-71.849718,13,359.7,27.89,7.55,,-7.8
"2025-08-02 22:36:49",935,658,90301,0,,13.95,359.1,27.9,7.95,,-7.8
"2025-08-02 22:36:50",928,651,90369,0,,13.4,359.1,27.9,8.45,,-7.7
"2025-08-02 22:36:51",921,644,90438,-36.553455,-71.849733,13.2,357.3,27.88,9.2,,-7.5
"2025-08-02 22:36:53",906,629,90598,0,,13.3,358.9,27.75,11.2,,-7.7
"2025-08-02 22:36:54",897,620,90682,-36.553098,-71.849748,13.05,357.3,27.68,12.25,,-7.8
"2025-08-02 22:36:55",889,612,90764,0,,12.7,357,27.66,13,,-7.9
"2025-08-02 22:36:56",882,605,90843,0,,13.75,356.6,27.64,13.5,,-7.8
"2025-08-02 22:36:57",874,597,90922,-36.552743,-71.849772,13.1,358.8,27.59,14.2,,-7.8
"2025-08-02 22:36:58",867,590,90993,0,,12.85,355.1,27.53,15.1,,-7.6
"2025-08-02 22:36:59",860,583,91064,0,,13.2,357.2,27.44,16.2,,-7.5
"2025-08-02 22:37:00",853,576,91136,-36.552398,-71.849783,12,2.1,27.33,17.35,,-7.4
"2025-08-02 22:37:01",845,568,91219,0,,12.75,359.7,27.24,18.4,,-7.5
"2025-08-02 22:37:02",837,560,91299,0,,12.9,1,27.17,19.35,,-7.5
"2025-08-02 22:37:03",829,552,91380,-36.552055,-71.849775,12.65,2.3,27.12,20.2,,-7.6
"2025-08-02 22:37:04",823,546,91446,0,,12.6,2.6,27.12,20.8,,-7.6
"2025-08-02 22:37:05",816,539,91519,0,,11.85,1.1,27.12,21.2,,-7.5
"2025-08-02 22:37:06",809,532,91592,-36.551727,-71.84976,12.4,1.1,27.09,21.65,,-7.4
"2025-08-02 22:37:07",800,523,91682,0,,11.95,7.6,27.09,22,,-7.5
"2025-08-02 22:37:08",791,514,91773,0,,12.65,4.2,27.12,22.35,,-7.6
"2025-08-02 22:37:09",783,506,91864,-36.551387,-71.849727,12.9,4.3,27.14,22.6,,-7.6
"2025-08-02 22:37:11",767,490,92024,0,,12.6,6.3,27.21,23,,-7.7
"2025-08-02 22:37:12",759,482,92104,-36.551055,-71.849693,12.2,3.3,27.28,23.1,33,-7.7
"2025-08-02 22:37:13",752,475,92176,0,,12.7,5.1,27.31,23.2,,-7.7
"2025-08-02 22:37:14",745,468,92249,0,,12.1,9.8,27.34,23.3,,-7.7
"2025-08-02 22:37:15",738,461,92322,-36.550722,-71.849637,12.65,6.6,27.39,23.45,,-7.6
"2025-08-02 22:37:16",731,454,92397,0,,12.3,8,27.44,23.55,,-7.6
"2025-08-02 22:37:17",724,447,92471,0,,13.65,6.7,27.48,23.65,,-7.6
"2025-08-02 22:37:18",717,440,92546,-36.550372,-71.84958,12.8,10.3,27.51,23.7,,-7.6
"2025-08-02 22:37:19",710,433,92614,0,,12.2,7.3,27.56,23.75,,-7.5
"2025-08-02 22:37:20",704,427,92683,0,,12.45,9.5,27.58,23.8,,-7.3
"2025-08-02 22:37:21",697,420,92752,-36.550043,-71.849507,12.45,10.6,27.61,23.8,,-7.1
"2025-08-02 22:37:23",680,403,92933,0,,11.95,11.2,27.7,23.8,,-7.3
"2025-08-02 22:37:24",671,394,93024,-36.549712,-71.84942,13.5,11.7,27.75,23.75,,-7.4
"2025-08-02 22:37:25",663,386,93110,0,,12.3,12.6,27.81,23.7,,-7.4
"2025-08-02 22:37:26",655,378,93197,0,,12.35,12.5,27.9,23.75,,-7.5
"2025-08-02 22:37:27",646,369,93284,-36.549387,-71.849335,12.3,11.9,27.95,23.65,,-7.6
"2025-08-02 22:37:28",639,362,93358,0,,12.65,12.7,28.03,23.6,,-7.7
"2025-08-02 22:37:29",632,355,93432,0,,12.5,16.3,28.09,23.6,,-7.7
"2025-08-02 22:37:30",625,348,93506,-36.549057,-71.849232,12.4,12.8,28.16,23.5,,-7.6
"2025-08-02 22:37:31",618,341,93581,0,,12.95,11.8,28.23,23.5,,-7.6
"2025-08-02 22:37:32",611,334,93650,0,,12.95,11.7,28.32,23.45,,-7.6
"2025-08-02 22:37:33",605,328,93720,-36.54872,-71.849138,12.6,15.3,28.38,23.35,,-7.6
"2025-08-02 22:37:34",599,322,93780,0,,12.5,10.4,28.48,23.3,,-7.6
"2025-08-02 22:37:35",592,315,93851,0,,13.2,12.4,28.54,23.25,,-7.5
"2025-08-02 22:37:36",586,309,93922,-36.548377,-71.849042,13.05,13.9,28.62,23.2,,-7.3
"2025-08-02 22:37:43",535,258,94455,0,,12.5,10.3,29.05,23,,-7
"2025-08-02 22:37:44",528,251,94531,0,,12.5,10.3,29.1,23,,-7
"2025-08-02 22:37:45",521,244,94608,-36.54739,-71.848813,12.25,12,29.15,23,,-7.1
"2025-08-02 22:37:46",515,238,94670,0,,11.65,11,29.2,23,,-7
"2025-08-02 22:37:47",509,232,94732,0,,11.45,11.7,29.26,23.05,,-6.9
"2025-08-02 22:37:48",503,226,94794,-36.547085,-71.848735,11.7,10.8,29.3,23.05,,-6.9
"2025-08-02 22:37:53",467,190,95172,0,,10.75,12.2,29.58,23,,-6.9
"2025-08-02 22:37:54",460,183,95248,-36.546502,-71.848593,10.6,7,29.65,22.95,,-7
"2025-08-02 22:37:59",425,148,95627,0,,12.6,12.1,30.01,22.55,,-6.9
"2025-08-02 22:38:00",417,140,95704,-36.545832,-71.848393,13.15,13.6,30.08,22.55,,-7
"2025-08-02 22:38:01",409,132,95791,0,,12.9,15.5,30.15,22.45,,-7.2
"2025-08-02 22:38:02",401,124,95874,0,,12.65,13.7,30.23,22.5,,-7.2
"2025-08-02 22:38:03",394,117,95958,-36.545512,-71.8483,11.4,13.8,30.29,22.4,,-7.3
"2025-08-02 22:38:07",364,87,96281,0,,10.4,8.5,30.46,22.55,,-7.4
"2025-08-02 22:38:08",356,79,96361,0,,9.55,11.4,30.46,22.75,,-7.4
"2025-08-02 22:38:09",349,72,96442,-36.544975,-71.84815,9.3,18.3,30.48,22.95,,-7.4
"2025-08-02 00:30:02",216,-60,97876,0,,,,24.42,37.05,,
