{
    "reference": {
        "name": "Batea",
        "description": "Batea - 2024-05-11T12:00:00 UTC",
        "h": 912.0089721679688,
        "theta": 299.11175537109375,
        "dtheta": 0.816192626953125,
        "gamma_theta": [
            0.005085097160190344,
            0.002156976843252778
        ],
        "z_theta": [
            2137.657958984375,
            4000
        ],
        "advtheta": 0,
        "qt": 0.0055004083551466465,
        "dqt": -0.0008264328353106976,
        "gamma_qt": [
            -8.082361659944581e-07,
            -5.622993626275274e-07
        ],
        "z_qt": [
            2252.66064453125,
            4000
        ],
        "advq": 0,
        "divU": -6.696263312733208e-07,
        "u": -3.224343776702881,
        "ug": -1.8951622247695923,
        "du": 1.3291815519332886,
        "gamma_u": [
            0.0018633370054885745,
            0.004041404463350773
        ],
        "z_u": [
            2124.763916015625,
            4000
        ],
        "advu": 0,
        "v": 4.805447101593018,
        "vg": 5.805447101593018,
        "dv": 1.0,
        "gamma_v": [
            -0.002430632244795561,
            -0.0010000000474974513
        ],
        "z_v": [
            1200.0,
            4000
        ],
        "advv": 0,
        "ustar": 0.1,
        "runtime": 10800,
        "wtheta": [
            0.40444165563093154,
            0.4098196355005873,
            0.3751154498155833,
            0.30825952290387965,
            0.20496571066930716,
            0.11979344659323421,
            0.03649803722313111,
            0.0,
            0.0,
            0.0,
            0.0,
            0.0
        ],
        "wq": [
            0.0,
            0.0,
            0.0,
            0.0,
            7.596471505166846e-07,
            1.281687445953139e-06,
            1.4610736798204016e-06,
            1.2485468232625863e-06,
            1.1546860605449183e-06,
            1.1464337603683816e-06,
            2.523759576433804e-06,
            1.827418600441888e-06
        ],
        "fc": 9.596089400596612e-05,
        "p0": 97431.0,
        "z0m": 0.45045313239097595,
        "z0h": 0.0028092048596590757,
        "is_tuned": true
    },
    "preset": "case_name",
    "permutations": []
}