{
    "reference": {
        "name": "Katsimidi",
        "description": "katsimidi - 2024-06-29T11:00:00 UTC.",
        "h": 1460.0423583984375,
        "theta": 301.37213134765625,
        "dtheta": 2.097991943359375,
        "gamma_theta": [
            0.008111921139061451,
            0.003871364751830697
        ],
        "z_theta": [
            1825.9521484375,
            4000
        ],
        "advtheta": 0.0,
        "qt": 0.008878009393811226,
        "dqt": -0.0019000894390046597,
        "gamma_qt": [
            -1.1321161764499266e-05,
            -1.4127559779808507e-06
        ],
        "z_qt": [
            1644.3216552734375,
            4000
        ],
        "advq": 0.0,
        "divU": 1.4616432054026518e-05,
        "u": -4.352973937988281,
        "ug": -7.472499847412109,
        "du": -3.119525909423828,
        "gamma_u": [
            0.0,
            0.0036937291733920574
        ],
        "z_u": [
            2776.86376953125,
            4000
        ],
        "advu": 0.0,
        "v": -14.779647827148438,
        "vg": -16.280900955200195,
        "dv": -1.5012531280517578,
        "gamma_v": [
            0.0034295495133847,
            0.003468961687758565
        ],
        "z_v": [
            2617.93701171875,
            4000
        ],
        "advv": 0.0,
        "ustar": 0.1,
        "runtime": 43200,
        "wtheta": [
            0.39150595737762767,
            0.3671948513847004,
            0.31538020299232694,
            0.2391135181542123,
            0.15742373710790036,
            0.0775937996714178,
            0.012966214625553514,
            0.0,
            0.0,
            0.0,
            0.0,
            0.0,
            0.0
        ],
        "wq": [
            1.961042835318949e-05,
            2.0504690837697126e-05,
            2.1658044715877622e-05,
            2.2547088519786485e-05,
            2.2180895030032843e-05,
            2.0592073269654065e-05,
            1.6553742170799524e-05,
            1.3421978110272903e-05,
            1.24150283227209e-05,
            1.174615590571193e-05,
            1.2213852642162237e-05,
            1.4047046533960383e-05,
            1.4549535080732312e-05
        ],
        "fc": 9.015654973264151e-05,
        "p0": 99118.1953125,
        "z0m": 0.41561299562454224,
        "z0h": 0.0015806852607056499,
        "is_tuned": true
    },
    "preset": "case_name",
    "permutations": []
}