{
    "reference": {
        "name": "La Figuera",
        "description": "La Figuera - 2024-07-28T13:00:00 UTC.",
        "h": 985.3008422851562,
        "theta": 305.02154541015625,
        "dtheta": 1.760833740234375,
        "gamma_theta": [
            0.004669665824621916,
            0.002047295216470957
        ],
        "z_theta": [
            1927.9954833984375,
            4000
        ],
        "advtheta": 0.0,
        "qt": 0.008795168250799179,
        "dqt": -0.0015103006735444069,
        "gamma_qt": [
            -4.701001216744771e-06,
            1.8815974556218862e-07
        ],
        "z_qt": [
            1734.6805419921875,
            4000
        ],
        "advq": 0.0,
        "divU": 1.7348239680359256e-06,
        "u": -4.99755334854126,
        "ug": -5.638792514801025,
        "du": -0.6412391662597656,
        "gamma_u": [
            -0.0005012464243918657,
            0.0017417868366464972
        ],
        "z_u": [
            2691.02099609375,
            4000
        ],
        "advu": 0.0,
        "v": 3.5806326866149902,
        "vg": 4.60890007019043,
        "dv": 1.0282673835754395,
        "gamma_v": [
            0.001799921621568501,
            -0.0007663663127459586
        ],
        "z_v": [
            1781.3035888671875,
            4000
        ],
        "advv": 0.0,
        "ustar": 0.1,
        "runtime": 36000,
        "wtheta": [
            0.3559450286372583,
            0.3245129057927991,
            0.267252833396106,
            0.19214285074647552,
            0.11021925111273195,
            0.03685516406738362,
            0.0,
            0.0,
            0.0,
            0.0,
            0.0
        ],
        "wq": [
            1.0745572581072338e-05,
            1.0037915672000963e-05,
            9.8497694125399e-06,
            9.172070349450223e-06,
            7.849579560570419e-06,
            5.962888280919287e-06,
            3.664392124846927e-06,
            2.405365194135811e-06,
            2.0844001937803114e-06,
            1.8715865053309244e-06,
            2.054683591268258e-06
        ],
        "fc": 9.609151326274163e-05,
        "p0": 98291.453125,
        "z0m": 0.3504500389099121,
        "z0h": 0.002432937966659665,
        "is_tuned": true
    },
    "preset": "case_name",
    "permutations": []
}