{
    "reference": {
        "name": "Martorel",
        "description": "Martorel - 2021-07-13T15:00:00 UTC",
        "h": 1134.009033203125,
        "theta": 299.99127197265625,
        "dtheta": 0.479522705078125,
        "gamma_theta": [
            0.00041754666017368436,
            0.009378010407090187
        ],
        "z_theta": [
            3266.784912109375,
            4000
        ],
        "advtheta": 0,
        "qt": 0.005348383914679289,
        "dqt": -0.0005354015156626701,
        "gamma_qt": [
            -1.812937000522652e-07,
            -1.929603740791208e-06
        ],
        "z_qt": [
            2545.40478515625,
            4000
        ],
        "advq": 0,
        "divU": 9.999999747378752e-06,
        "u": 4.42142915725708,
        "ug": 5.4958720207214355,
        "du": 1.0744428634643555,
        "gamma_u": [
            0.01060750987380743,
            0.0009999999310821295
        ],
        "z_u": [
            1200.0,
            4000
        ],
        "advu": 0,
        "v": 2.232240915298462,
        "vg": -0.5450139045715332,
        "dv": -2.777254819869995,
        "gamma_v": [
            -0.0036904995795339346,
            -0.0017667906358838081
        ],
        "z_v": [
            2197.947265625,
            4000
        ],
        "advv": 0,
        "ustar": 0.1,
        "runtime": 10800,
        "wtheta": [
            0.08888024890398763,
            0.055195972037292144,
            0.021604957626686586,
            2.507467730902284e-05,
            0.0,
            0.0,
            0.0,
            0.0,
            0.0
        ],
        "wq": [
            8.155065006576478e-05,
            7.19277304597199e-05,
            5.633082764688879e-05,
            4.1858278564177454e-05,
            3.253955583204515e-05,
            3.271726018283516e-05,
            3.0172523111104965e-05,
            2.0254141418263316e-05,
            1.568658626638353e-05
        ],
        "fc": 9.656998440445184e-05,
        "p0": 98295.9609375,
        "z0m": 0.23201929032802582,
        "z0h": 0.014128580689430237,
        "is_tuned": true
    },
    "preset": "case_name",
    "permutations": []
}