{
    "reference": {
        "name": "Mequinensa",
        "description": "Mequinensa - 2024-07-07T15:00:00 UTC.",
        "h": 1349.187744140625,
        "theta": 301.21722412109375,
        "dtheta": 1.5867919921875,
        "gamma_theta": [
            0.0032461618538945913,
            0.008239392191171646
        ],
        "z_theta": [
            3133.37109375,
            4000
        ],
        "advtheta": 0.0,
        "qt": 0.009128513745963573,
        "dqt": -0.0005363496020436287,
        "gamma_qt": [
            -1.9767217054322828e-06,
            -4.6448176362900995e-06
        ],
        "z_qt": [
            2985.5419921875,
            4000
        ],
        "advq": 0.0,
        "divU": 6.655878223682521e-06,
        "u": -0.38119038939476013,
        "ug": 1.8893620073795319,
        "du": 2.270552396774292,
        "gamma_u": [
            0.009213371202349663,
            0.0004594506463035941
        ],
        "z_u": [
            2179.304931640625,
            4000
        ],
        "advu": 0.0,
        "v": 0.8117736577987671,
        "vg": 1.536741852760315,
        "dv": 0.7249681949615479,
        "gamma_v": [
            0.0007103647221811116,
            0.0003462126769591123
        ],
        "z_v": [
            2588.677734375,
            4000
        ],
        "advv": 0.0,
        "ustar": 0.1,
        "runtime": 28800,
        "wtheta": [
            0.15217711860562985,
            0.12050326502949435,
            0.08146328877936759,
            0.03685490775586568,
            0.0004059364301782665,
            0.0,
            0.0,
            0.0,
            0.0
        ],
        "wq": [
            4.125594568904489e-05,
            3.469292278168723e-05,
            2.5004741473821923e-05,
            1.567887193232309e-05,
            7.0846290327608585e-06,
            4.207896381558385e-06,
            3.2831724183779443e-06,
            2.2961014565225923e-06,
            2.2997637643129565e-06
        ],
        "fc": 9.640857142558722e-05,
        "p0": 97864.015625,
        "z0m": 0.4823833107948303,
        "z0h": 0.003249803790822625,
        "is_tuned": true
    },
    "preset": "case_name",
    "permutations": []
}