{
    "reference": {
        "name": "Pont de Vilomara",
        "description": "Pont de Vilomara - 2022-07-07T11:00:00 UTC.",
        "h": 1033.9412841796875,
        "theta": 302.08160400390625,
        "dtheta": 0.62042236328125,
        "gamma_theta": [
            0.0009736661450006068,
            0.003463093424215913
        ],
        "z_theta": [
            1671.1123046875,
            4000
        ],
        "advtheta": 0.0,
        "qt": 0.009507746435701847,
        "dqt": -0.0012296615168452263,
        "gamma_qt": [
            -2.5772324079298414e-06,
            -9.53461153585522e-07
        ],
        "z_qt": [
            2628.763916015625,
            4000
        ],
        "advq": 0.0,
        "divU": -1.2975914387425291e-06,
        "u": 0.9068311452865601,
        "ug": 2.051095724105835,
        "du": 1.144264578819275,
        "gamma_u": [
            -0.0043750363402068615,
            -0.00261703715659678
        ],
        "z_u": [
            1945.9903564453125,
            4000
        ],
        "advu": 0.0,
        "v": -0.05082942172884941,
        "vg": 0.5438266880810261,
        "dv": 0.5946561098098755,
        "gamma_v": [
            -0.003304657991975546,
            0.00011421892850194126
        ],
        "z_v": [
            2698.430908203125,
            4000
        ],
        "advv": 0.0,
        "ustar": 0.1,
        "runtime": 43200,
        "wtheta": [
            0.09362171715179185,
            0.04479826203225,
            0.10644221933105583,
            0.14215926477104793,
            0.10388519068942709,
            0.043907103844022105,
            0.01694239753243824,
            0.00136483338217842,
            0.0,
            0.0,
            0.0,
            0.0,
            0.0
        ],
        "wq": [
            0.00012399467232171446,
            0.00012803425488527864,
            0.00012124765635235235,
            0.00012344616698101163,
            0.00010482910147402436,
            7.588968583149835e-05,
            5.4702726629329845e-05,
            2.840603337972425e-05,
            6.5114563767565414e-06,
            2.1004282189096557e-06,
            8.365055350623152e-07,
            1.1336960596963763e-06,
            6.902151312715432e-07
        ],
        "fc": 9.699278976838076e-05,
        "p0": 96867.015625,
        "z0m": 0.49265342950820923,
        "z0h": 0.0908433273434639,
        "is_tuned": true
    },
    "preset": "case_name",
    "permutations": []
}