{
    "reference": {
        "name": "Rojals – Plans de Sant Joan",
        "description": "Rojals - 2024-03-21T10:00:00 UTC",
        "h": 442.314453125,
        "theta": 290.72900390625,
        "dtheta": 2.73468017578125,
        "gamma_theta": [
            0.007458893582224846,
            0.0014461091486737132
        ],
        "z_theta": [
            1635.1927490234375,
            4000
        ],
        "advtheta": 0,
        "qt": 0.006823304109275341,
        "dqt": -0.0008991248905658722,
        "gamma_qt": [
            -2.157986955353408e-06,
            -4.1443604459345806e-07
        ],
        "z_qt": [
            1572.3546142578125,
            4000
        ],
        "advq": 0,
        "divU": 3.430981223573326e-06,
        "u": -1.6564021110534668,
        "ug": -1.1138659715652466,
        "du": 0.5425361394882202,
        "gamma_u": [
            0.0009522638865746558,
            0.002196792047470808
        ],
        "z_u": [
            1866.6468505859375,
            4000
        ],
        "advu": 0,
        "v": -2.039412021636963,
        "vg": -1.5144143104553223,
        "dv": 0.5249977111816406,
        "gamma_v": [
            0.004039660561829805,
            0.0010162817779928446
        ],
        "z_v": [
            1395.3603515625,
            4000
        ],
        "advv": 0,
        "ustar": 0.1,
        "runtime": 10800,
        "wtheta": [
            0.11600318536198984,
            0.15017877478508182,
            0.1680299337133351,
            0.18421324606174938,
            0.15566928054729043,
            0.1323319075132473,
            0.08234534198382311,
            0.021310985426823553,
            0.0,
            0.0,
            0.0,
            0.0,
            0.0,
            0.0
        ],
        "wq": [
            1.2427906767698005e-05,
            1.6670477634761482e-05,
            1.8588681996334344e-05,
            1.7686605133349076e-05,
            1.9598874132498167e-05,
            1.2752225302392617e-05,
            8.08177992439596e-06,
            3.816969183390029e-06,
            9.138032623923209e-07,
            3.0809235340711894e-07,
            1.327060914491085e-07,
            1.3797843223528616e-07,
            1.6971272387422687e-08,
            0.0
        ],
        "fc": 9.63781824450569e-05,
        "p0": 98225.125,
        "z0m": 0.24952824413776398,
        "z0h": 0.0016229810426011682,
        "is_tuned": true
    },
    "preset": "case_name",
    "permutations": [],
    "observations": [
        {
            "name": "soundings/rojals/13-2024-03-21 12:10:00.csv",
            "height": [
                0,
                20,
                40,
                60,
                80,
                100,
                120,
                140,
                160,
                180,
                200,
                220,
                240,
                260,
                280,
                300,
                320,
                340,
                360,
                380,
                400,
                420,
                440,
                460,
                480,
                500,
                520,
                540,
                560,
                580,
                600,
                620,
                640,
                660,
                680,
                700,
                720,
                740,
                760,
                780,
                800,
                820,
                840,
                860,
                880,
                900,
                920,
                940,
                960,
                980,
                1000,
                1020,
                1040,
                1060,
                1080,
                1100,
                1120,
                1140,
                1160,
                1180,
                1200,
                1220,
                1240,
                1260,
                1280,
                1300,
                1320,
                1340,
                1360,
                1380,
                1400,
                1420,
                1440,
                1460,
                1480,
                1500,
                1520,
                1540,
                1560,
                1580,
                1600,
                1620,
                1640,
                1660,
                1680,
                1700,
                1720,
                1740,
                1760
            ],
            "pressure": [
                923.6792424554892,
                921.61,
                919.488,
                917.31,
                915.26,
                913.15,
                911.02,
                908.905,
                906.8066666666667,
                904.7033333333333,
                902.56,
                900.4425,
                898.3133333333333,
                896.18,
                894.1233333333333,
                892.0533333333333,
                889.9575,
                887.85,
                885.745,
                883.64,
                881.61,
                879.525,
                877.475,
                875.35,
                873.3,
                871.3,
                869.2575,
                867.225,
                865.1933333333333,
                863.12,
                861.09,
                859.05,
                857.0,
                855.01,
                852.98,
                851.005,
                849.04,
                847.012,
                845.01,
                843.025,
                840.9833333333332,
                838.97,
                837.06,
                835.07,
                833.1,
                831.09,
                829.14,
                827.2,
                825.26,
                823.325,
                821.38,
                819.4,
                817.42,
                815.56,
                813.56,
                811.68,
                809.75,
                807.86,
                805.9,
                803.96,
                802.065,
                800.19,
                798.26,
                796.365,
                794.48,
                792.585,
                790.7,
                788.76,
                786.885,
                785.035,
                783.19,
                781.25,
                779.395,
                777.53,
                775.665,
                773.8333333333333,
                771.97,
                770.1,
                768.275,
                766.41,
                764.55,
                762.755,
                760.88,
                759.04,
                757.25,
                755.38,
                753.62,
                751.745,
                749.95
            ],