{
    "reference": {
        "name": "Rojals – Plans de Sant Joan",
        "description": "Rojals - 2024-03-21T10:00:00 UTC",
        "h": 442.314453125,
        "theta": 290.72900390625,
        "dtheta": 2.73468017578125,
        "gamma_theta": [
            0.007458893582224846,
            0.0014461091486737132
        ],
        "z_theta": [
            1635.1927490234375,
            4000
        ],
        "advtheta": 0,
        "qt": 0.006823304109275341,
        "dqt": -0.0008991248905658722,
        "gamma_qt": [
            -2.157986955353408e-06,
            -4.1443604459345806e-07
        ],
        "z_qt": [
            1572.3546142578125,
            4000
        ],
        "advq": 0,
        "divU": 3.430981223573326e-06,
        "u": -1.6564021110534668,
        "ug": -1.1138659715652466,
        "du": 0.5425361394882202,
        "gamma_u": [
            0.0009522638865746558,
            0.002196792047470808
        ],
        "z_u": [
            1866.6468505859375,
            4000
        ],
        "advu": 0,
        "v": -2.039412021636963,
        "vg": -1.5144143104553223,
        "dv": 0.5249977111816406,
        "gamma_v": [
            0.004039660561829805,
            0.0010162817779928446
        ],
        "z_v": [
            1395.3603515625,
            4000
        ],
        "advv": 0,
        "ustar": 0.1,
        "runtime": 10800,
        "wtheta": [
            0.11600318536198984,
            0.15017877478508182,
            0.1680299337133351,
            0.18421324606174938,
            0.15566928054729043,
            0.1323319075132473,
            0.08234534198382311,
            0.021310985426823553,
            0.0,
            0.0,
            0.0,
            0.0,
            0.0,
            0.0
        ],
        "wq": [
            1.2427906767698005e-05,
            1.6670477634761482e-05,
            1.8588681996334344e-05,
            1.7686605133349076e-05,
            1.9598874132498167e-05,
            1.2752225302392617e-05,
            8.08177992439596e-06,
            3.816969183390029e-06,
            9.138032623923209e-07,
            3.0809235340711894e-07,
            1.327060914491085e-07,
            1.3797843223528616e-07,
            1.6971272387422687e-08,
            0.0
        ],
        "fc": 9.63781824450569e-05,
        "p0": 98225.125,
        "z0m": 0.24952824413776398,
        "z0h": 0.0016229810426011682,
        "is_tuned": true
    },
    "preset": "case_name",
    "permutations": []
}