{
    "reference": {
        "name": "Santa Coloma de Queralt",
        "description": "Santa Coloma de Queralt - 2025-06-17T17:00:00 UTC.",
        "h": 581.7024536132812,
        "theta": 301.30718994140625,
        "dtheta": 2.247894287109375,
        "gamma_theta": [
            0.006692219991236925,
            0.0014880020171403885
        ],
        "z_theta": [
            1565.406005859375,
            4000
        ],
        "advtheta": 0.0,
        "qt": 0.012451897375285625,
        "dqt": -0.000989360734820366,
        "gamma_qt": [
            -3.8765215322200675e-06,
            -2.387119593549869e-06
        ],
        "z_qt": [
            1794.5322265625,
            4000
        ],
        "advq": 0.0,
        "divU": -7.240012564579956e-06,
        "u": -3.737889289855957,
        "ug": -2.347477436065674,
        "du": 1.3904118537902832,
        "gamma_u": [
            0.007243339437991381,
            -0.002766992198303342
        ],
        "z_u": [
            2048.110595703125,
            4000
        ],
        "advu": 0.0,
        "v": 5.5725884437561035,
        "vg": 6.363911151885986,
        "dv": 0.7913227081298828,
        "gamma_v": [
            -0.00809396617114544,
            -0.0004302381130401045
        ],
        "z_v": [
            2071.023193359375,
            4000
        ],
        "advv": 0.0,
        "ustar": 0.1,
        "runtime": 21600,
        "wtheta": [
            0.13665575446475728,
            0.06780719673056526,
            0.01761759168718354,
            0.006001538131739109,
            0.00252313195784496,
            0.003850944266846869,
            0.001796425312428672
        ],
        "wq": [
            1.7205493350047618e-05,
            9.302932994614821e-06,
            2.8372483029670548e-06,
            1.4128082739262027e-06,
            1.0623641628626501e-06,
            5.973399765935028e-07,
            5.147028332430637e-07
        ],
        "fc": 9.668222535671438e-05,
        "p0": 96985.6171875,
        "z0m": 0.21966277062892914,
        "z0h": 0.0014655905542895198,
        "is_tuned": true
    },
    "preset": "case_name",
    "permutations": []
}