{
    "reference": {
        "name": "Tortosa",
        "description": "Tortosa - 2024-05-28T08:00:00 UTC.",
        "h": 668.0463256835938,
        "theta": 292.0984191894531,
        "dtheta": 1.026031494140625,
        "gamma_theta": [
            0.008095412515103817,
            0.004131527151912451
        ],
        "z_theta": [
            1814.5892333984375,
            4000
        ],
        "advtheta": 0.0,
        "qt": 0.007854260504245758,
        "dqt": -0.0007838243618607521,
        "gamma_qt": [
            -1.8332824538447312e-06,
            -5.196230858928175e-07
        ],
        "z_qt": [
            3086.0029296875,
            4000
        ],
        "advq": 0.0,
        "divU": 3.413240392546868e-06,
        "u": 2.333890438079834,
        "ug": 4.150818347930908,
        "du": 1.8169279098510742,
        "gamma_u": [
            0.0014224918559193611,
            0.0018193151336163282
        ],
        "z_u": [
            1902.755615234375,
            4000
        ],
        "advu": 0.0,
        "v": 0.3956961929798126,
        "vg": 2.1825628578662872,
        "dv": 1.7868666648864746,
        "gamma_v": [
            -0.00499927531927824,
            -0.0017690554959699512
        ],
        "z_v": [
            1641.6617431640625,
            4000
        ],
        "advv": 0.0,
        "ustar": 0.1,
        "runtime": 54000,
        "wtheta": [
            0.09973832501828724,
            0.14221730977006253,
            0.17627784459613138,
            0.2008164966532677,
            0.21918137470623214,
            0.20792002350045347,
            0.1969825756684006,
            0.17006027227383821,
            0.12855387750186972,
            0.07777203248733036,
            0.030827953390698517,
            0.0016470649347409213,
            0.0,
            0.0,
            0.0,
            0.0
        ],
        "wq": [
            2.0725216018036008e-05,
            2.5855762942228466e-05,
            2.9327156880754046e-05,
            3.1670853786636144e-05,
            3.434115569689311e-05,
            3.3315012842649594e-05,
            3.1828691135160625e-05,
            2.8925433070980944e-05,
            2.504305484762881e-05,
            1.9985627659480087e-05,
            1.4294923857960384e-05,
            9.851931281446014e-06,
            7.991323400347028e-06,
            6.926745754753938e-06,
            6.206586022017291e-06,
            5.919195245951414e-06
        ],
        "fc": 9.53415760517717e-05,
        "p0": 99171.265625,
        "z0m": 0.217160165309906,
        "z0h": 0.0010506324470043182,
        "is_tuned": true
    },
    "preset": "case_name",
    "permutations": [],
    "observations": [
        {
            "name": "soundings/tortosa/16-2024-05-28 12:26:00.csv",
            "height": [
                0,
                20,
                40,
                60,
                80,
                100,
                120,
                140,
                160,
                180,
                200,
                220,
                240,
                260,
                280,
                300,
                320,
                340,
                360,
                380,
                400,
                420,
                440,
                460,
                480,
                500,
                520,
                540,
                560,
                580,
                600,
                620,
                640,
                660,
                680,
                700,
                720,
                740,
                760,
                780,
                800,
                820,
                840,
                860,
                880,
                900,
                920,
                940,
                960,
                980,
                1000,
                1020,
                1040,
                1060,
                1080,
                1100,
                1120,
                1140,
                1160,
                1180,
                1200,
                1220,
                1240,
                1260,
                1280,
                1300,
                1320,
                1340,
                1360,
                1380,
                1400,
                1420,
                1440,
                1460,
                1480,
                1500,
                1520,
                1540,
                1560,
                1580
            ],
            "pressure": [
                992.4,
                990.3,
                988.2,
                986.1,
                984.0,
                981.9,
                979.8,
                977.7,
                975.6,
                973.5,
                971.2966666666667,
                969.1,
                966.92,
                964.674,
                962.42,
                960.19,
                958.015,
                955.796,
                953.68,
                951.44,
                949.2066666666667,
                947.06,
                944.8833333333333,
                942.73,
                940.55,
                938.33,
                936.17,
                934.01,
                931.8325,
                929.7239999999999,
                927.5433333333333,
                925.37,
                923.2333333333332,
                921.1092307692307,
                918.98,
                916.8,
                914.712,
                912.55,
                910.3933333333333,
                908.3225,
                906.2025,
                904.0866666666667,
                901.99,
                899.87,
                897.7133333333333,
                895.65,
                893.4885714285715,
                891.4028571428571,
                889.325,
                887.265,
                885.1483333333333,
                883.075,
                881.0239999999999,
                878.96,
                876.8560000000001,
                874.77,
                872.71,
                870.65,
                868.605,
                866.62,
                864.512,
                862.4639999999999,
                860.408,
                858.4119999999999,
                856.3839999999999,
                854.3028571428571,
                852.295,
                850.265,
                848.26,
                846.245,
                844.22,
                842.164,
                840.2,
                838.184,
                836.165,
                834.17,
                832.18,
                830.2366666666667,
                828.28,
                826.26
            ],