{
    "reference": {
        "name": "Tortosa",
        "description": "Tortosa - 2024-05-28T08:00:00 UTC.",
        "h": 668.0463256835938,
        "theta": 292.0984191894531,
        "dtheta": 1.026031494140625,
        "gamma_theta": [
            0.007725190371274948,
            0.004197489004582167
        ],
        "z_theta": [
            1894.052490234375,
            3720
        ],
        "advtheta": 0.0,
        "qt": 0.007854260504245758,
        "dqt": -0.0007838243618607521,
        "gamma_qt": [
            -1.8332824538447312e-06,
            -5.196230858928175e-07
        ],
        "z_qt": [
            3086.0029296875,
            3720
        ],
        "advq": 0.0,
        "divU": 3.413240392546868e-06,
        "u": 2.333890438079834,
        "ug": 4.150818347930908,
        "du": 1.8169279098510742,
        "gamma_u": [
            0.0014224918559193611,
            0.0018193151336163282
        ],
        "z_u": [
            1902.755615234375,
            3720
        ],
        "advu": 0.0,
        "v": 0.3956961929798126,
        "vg": 2.1825628578662872,
        "dv": 1.7868666648864746,
        "gamma_v": [
            -0.00499927531927824,
            -0.0017690554959699512
        ],
        "z_v": [
            1641.6617431640625,
            3720
        ],
        "advv": 0.0,
        "ustar": 0.1,
        "runtime": 54000,
        "wtheta": [
            0.09973832501828724,
            0.14221730977006253,
            0.17627784459613138,
            0.2008164966532677,
            0.21918137470623214,
            0.20792002350045347,
            0.1969825756684006,
            0.17006027227383821,
            0.12855387750186972,
            0.07777203248733036,
            0.030827953390698517,
            0.0016470649347409213,
            0.0,
            0.0,
            0.0,
            0.0
        ],
        "wq": [
            2.0725216018036008e-05,
            2.5855762942228466e-05,
            2.9327156880754046e-05,
            3.1670853786636144e-05,
            3.434115569689311e-05,
            3.3315012842649594e-05,
            3.1828691135160625e-05,
            2.8925433070980944e-05,
            2.504305484762881e-05,
            1.9985627659480087e-05,
            1.4294923857960384e-05,
            9.851931281446014e-06,
            7.991323400347028e-06,
            6.926745754753938e-06,
            6.206586022017291e-06,
            5.919195245951414e-06
        ],
        "fc": 9.53415760517717e-05,
        "p0": 99171.265625,
        "z0m": 0.217160165309906,
        "z0h": 0.0010506324470043182,
        "is_tuned": true
    },
    "preset": "case_name",
    "permutations": []
}
