{
    "reference": {
        "name": "varnavas",
        "description": "varnavas 2024-08-11T12:00:00 UTC.",
        "h": 665.4086303710938,
        "theta": 301.971435546875,
        "dtheta": 0.889312744140625,
        "gamma_theta": [
            0.0015336532378569245,
            0.006792282219976187
        ],
        "z_theta": [
            1667.025390625,
            3720
        ],
        "advtheta": 0.0,
        "qt": 0.010794480331242085,
        "dqt": -0.001073240302503109,
        "gamma_qt": [
            -2.382889988439274e-06,
            -2.5458646177867195e-06
        ],
        "z_qt": [
            1360.52392578125,
            3720
        ],
        "advq": 0.0,
        "divU": 1.0981982995872386e-05,
        "u": -1.6769592761993408,
        "ug": -2.8496193885803223,
        "du": -1.1726601123809814,
        "gamma_u": [
            -0.001995581667870283,
            -0.002064943080767989
        ],
        "z_u": [
            1573.5614013671875,
            3720
        ],
        "advu": 0.0,
        "v": -10.087028503417969,
        "vg": -11.65982437133789,
        "dv": -1.5727958679199219,
        "gamma_v": [
            -0.0005029001622460783,
            0.004509935155510902
        ],
        "z_v": [
            3037.957763671875,
            3720
        ],
        "advv": 0.0,
        "ustar": 0.1,
        "runtime": 39600,
        "wtheta": [
            0.33137200988670706,
            0.28088430353706567,
            0.21148639643745845,
            0.1354453158978963,
            0.0558820378352221,
            0.0001602229911650289,
            0.0,
            0.0,
            0.0,
            0.0,
            0.0,
            0.0
        ],
        "wq": [
            1.9756698748096824e-05,
            2.111953654093668e-05,
            2.2018328309059143e-05,
            2.2002774130669422e-05,
            1.9648385205073282e-05,
            1.6331905499100685e-05,
            1.3947577826911584e-05,
            1.2534562301880214e-05,
            1.1651739441731479e-05,
            1.1526963135111146e-05,
            1.3352756468520965e-05,
            1.3273539479996543e-05
        ],
        "fc": 9.026582823790589e-05,
        "p0": 99419.9609375,
        "z0m": 0.3742941617965698,
        "z0h": 0.0014167198678478599,
        "is_tuned": true
    },
    "preset": "case_name",
    "permutations": []
}