{
    "reference": {
        "name": "Vilanova de Meià",
        "description": "Vilanova de Meià - 2024-08-09T13:00:00 UTC.",
        "h": 1596.2652587890625,
        "theta": 310.3218688964844,
        "dtheta": 1.8616943359375,
        "gamma_theta": [
            0.0019494891166687012,
            0.002743825549259782
        ],
        "z_theta": [
            2052.990478515625,
            3720
        ],
        "advtheta": 0.0,
        "qt": 0.00926155410706997,
        "dqt": -0.0011192718520760536,
        "gamma_qt": [
            -3.925303644791711e-06,
            -1.912747848109575e-06
        ],
        "z_qt": [
            2177.861328125,
            3720
        ],
        "advq": 0.0,
        "divU": -5.314744839779451e-07,
        "u": 1.9507689476013184,
        "ug": 5.920752048492432,
        "du": 3.9699831008911133,
        "gamma_u": [
            -0.0005862155230715871,
            -0.001116050872951746
        ],
        "z_u": [
            2913.086669921875,
            3720
        ],
        "advu": 0.0,
        "v": 2.1464717388153076,
        "vg": 0.17977523803710938,
        "dv": -1.9666965007781982,
        "gamma_v": [
            -0.0017343556974083185,
            -0.0011638214346021414
        ],
        "z_v": [
            3094.71728515625,
            3720
        ],
        "advv": 0.0,
        "ustar": 0.1,
        "runtime": 36000,
        "wtheta": [
            0.27529590349558897,
            0.23708132052695735,
            0.1413356585462743,
            0.10547155144420972,
            0.052337578052694594,
            0.015609773983859274,
            0.0,
            0.0,
            0.0,
            0.0,
            0.0
        ],
        "wq": [
            2.8091915737604722e-05,
            2.5785358957364224e-05,
            1.8917005945695564e-05,
            1.605520083103329e-05,
            1.1508401257742662e-05,
            6.371156814566348e-06,
            2.0472750748012913e-06,
            1.4676948012493085e-06,
            1.046968236551038e-06,
            5.531312581297243e-07,
            4.498595274071704e-07
        ],
        "fc": 9.748711655670677e-05,
        "p0": 93798.234375,
        "z0m": 0.4337480366230011,
        "z0h": 0.005490431096404791,
        "is_tuned": true
    },
    "preset": "case_name",
    "permutations": []
}
