timestamp,msl,agl,pressure,latitude,longitude,speed,heading,temperature,relative_humidity,internal_temperature,rise_speed
"2026-02-02 20:21:52",1017,-2,89614,-36.817613,-71.585393,3.6,75.2,24.11,26.9,33.25,-0.1
"2026-02-02 20:21:53",1020,0,89589,0,,1.9,98.6,24.04,26.65,,0.1
"2026-02-02 20:21:54",1022,2,89564,0,,1.65,86.1,23.73,26.5,,0.3
"2026-02-02 20:21:55",1024,4,89540,-36.817615,-71.585302,5.8,77.8,23.46,26.45,,0.5
"2026-02-02 20:21:57",1031,11,89474,0,,2.7,99.3,23.16,26.6,,1
"2026-02-02 20:21:58",1034,14,89442,-36.817628,-71.585197,4.15,121.7,23.01,26.8,,1.2
"2026-02-02 20:21:59",1036,16,89418,0,,5.9,70.8,22.84,27,,1.3
"2026-02-02 20:22:00",1039,19,89395,0,,4.3,62.4,22.72,27.2,,1.5
"2026-02-02 20:22:01",1041,21,89372,-36.817605,-71.585045,5.2,79.4,22.55,27.35,,1.6
"2026-02-02 20:22:02",1044,24,89344,0,,5.9,88.4,22.44,27.55,,2.1
"2026-02-02 20:22:03",1046,26,89317,0,,6.2,72.5,22.27,27.75,,2.4
"2026-02-02 20:22:04",1049,29,89290,-36.817607,-71.584862,5,109.3,22.24,27.9,,2.6
"2026-02-02 20:22:05",1051,31,89267,0,,2.35,107.7,22.27,28.05,,2.6
"2026-02-02 20:22:06",1053,33,89245,0,,4.85,82.1,22.15,28.15,,2.6
"2026-02-02 20:22:07",1055,35,89224,-36.81761,-71.584722,6,95.5,22.14,28.25,,2.6
"2026-02-02 20:22:08",1056,36,89212,0,,6.25,104,22.15,28.3,,2.5
"2026-02-02 20:22:09",1058,38,89200,0,,5.1,108.2,22.01,28.35,,2.2
"2026-02-02 20:22:10",1059,39,89188,-36.817652,-71.58454,5.55,113,21.9,28.45,,2.1
"2026-02-02 20:22:11",1064,44,89129,0,,8.95,112.9,21.77,28.55,,2.4
"2026-02-02 20:22:12",1070,50,89070,0,,8.9,109.3,21.73,28.7,,2.6
"2026-02-02 20:22:13",1076,56,89012,-36.817738,-71.584313,4.45,117.4,22.14,29.05,,2.9
"2026-02-02 20:22:14",1083,63,88937,0,,,117.3,,29.75,,3.3
"2026-02-02 20:22:15",1091,71,88861,0,,5.5,57.5,24.11,30.35,,3.6
"2026-02-02 20:22:16",1098,78,88786,-36.81768,-71.584165,10.85,51.4,25.15,30.55,,4
"2026-02-02 20:22:18",1106,86,88708,0,,4.8,22.5,26.37,29,,4.2
"2026-02-02 20:22:19",1110,90,88670,-36.817533,-71.584047,3.75,55.5,26.72,28.1,34.5,4.4
"2026-02-02 20:22:20",1110,90,88672,0,,8.3,55,26.96,27.2,,4.2
"2026-02-02 20:22:21",1109,89,88675,0,,5.35,49.9,27.17,26.6,,4.1
"2026-02-02 20:22:22",1109,89,88678,-36.817442,-71.583895,4.15,62.3,27.38,26.05,,4
"2026-02-02 20:22:23",1109,89,88676,0,,5,60.4,27.56,25.55,,3.9
"2026-02-02 20:22:24",1109,89,88674,0,,4.2,64.8,27.71,25.15,,3.5
"2026-02-02 20:22:25",1110,90,88672,-36.817383,-71.583752,6.15,71.8,27.87,24.9,,3
"2026-02-02 20:22:26",1108,88,88683,0,,8.9,72.3,28.16,24.8,,2.1
"2026-02-02 20:22:27",1107,87,88694,0,,9.85,74.3,28.45,24.65,,1.4
"2026-02-02 20:22:28",1106,86,88706,-36.81732,-71.58349,5.85,79.3,28.67,24.35,,0.7
"2026-02-02 20:22:29",1108,88,88692,0,,,107.7,28.8,23.95,,0.7
"2026-02-02 20:22:30",1109,89,88678,0,,7.6,105.9,28.91,23.75,,0.8
"2026-02-02 20:22:31",1110,90,88664,-36.817315,-71.583297,9.75,58,28.98,23.5,,0.3
"2026-02-02 20:22:32",1113,93,88640,0,,8.2,52.3,29.05,23.3,,0.2
"2026-02-02 20:22:33",1115,95,88616,0,,8.45,54,29.06,23.15,,0.4
"2026-02-02 20:22:34",1118,98,88592,-36.817173,-71.583087,7.75,35.4,28.74,22.8,,0.6
"2026-02-02 20:22:35",1115,95,88621,0,,1.45,78.5,28.48,22.55,,0.5
"2026-02-02 20:22:36",1112,92,88649,0,,4.9,89.4,28.31,22.6,,0.2
"2026-02-02 20:22:37",1109,89,88678,-36.817138,-71.582965,5.1,70,27.86,22.55,,0
"2026-02-02 20:22:38",1108,88,88689,0,,6,74,27.6,22.65,,0
"2026-02-02 20:22:39",1107,87,88700,0,,6.7,78.2,27.5,23.1,,0
"2026-02-02 20:22:40",1106,86,88712,-36.817105,-71.58276,8.1,83.5,27.47,23.35,,0
"2026-02-02 20:22:41",1104,84,88724,0,,8.4,86.3,27.38,23.5,,-0.3
"2026-02-02 20:22:42",1103,83,88737,0,,8.4,98.5,27.16,23.5,,-0.5
"2026-02-02 20:22:43",1102,82,88750,-36.817127,-71.5825,7.15,103.4,27,23.55,,-0.7
"2026-02-02 20:22:44",1101,81,88756,0,,6.35,100,27.03,23.8,,-1
"2026-02-02 20:22:45",1101,81,88763,0,,5.65,119,27.06,24.05,,-1.2
"2026-02-02 20:22:46",1100,80,88770,-36.817177,-71.58227,10.6,101.9,27.01,24.1,36,-1.5
"2026-02-02 20:22:47",1103,83,88740,0,,7.6,65.3,26.96,24.05,,-1.1
"2026-02-02 20:22:48",1106,86,88709,0,,12.9,56.6,26.79,24.1,,-0.7
"2026-02-02 20:22:49",1109,89,88678,-36.81707,-71.581952,11.7,67.4,26.56,24,,-0.2
"2026-02-02 20:22:50",1107,87,88699,0,,8.35,51.9,26.26,23.9,,-0.2
"2026-02-02 20:22:51",1105,85,88720,0,,4.65,52.9,26,23.95,,-0.2
"2026-02-02 20:22:52",1103,83,88742,-36.81699,-71.581763,5.05,92.1,25.63,24.05,,-0.3
"2026-02-02 20:22:53",1100,80,88771,0,,5.05,90.2,25.31,24.3,,-0.5
"2026-02-02 20:22:54",1097,77,88800,0,,5.05,90.2,25.02,24.4,,-0.6
"2026-02-02 20:22:55",1094,74,88830,-36.816985,-71.58159,5.45,79.3,24.71,24.65,,-0.7
"2026-02-02 20:22:57",1091,71,88860,0,,8.35,104.1,24.37,25.2,,-0.8
"2026-02-02 20:22:58",1089,69,88876,-36.817002,-71.581397,2.25,103.1,24.24,25.35,,-0.9
"2026-02-02 20:23:00",1089,69,88878,0,,5.85,51.4,24.19,26,,-1.1
"2026-02-02 20:23:01",1089,69,88880,-36.816942,-71.581262,5.15,81.7,24.16,26.15,,-1.3
"2026-02-02 20:23:03",1083,63,88943,0,,6.05,112.1,24.09,26.3,,-1.8
"2026-02-02 20:23:04",1080,60,88974,-36.816973,-71.581098,4.65,114.9,24.15,26.45,,-1.9
"2026-02-02 20:23:06",1078,58,88992,0,,1.4,127.1,24.05,26.55,,-1.6
"2026-02-02 20:23:07",1077,57,89002,-36.816998,-71.581028,3.05,112.2,24.02,26.65,,-1.4
"2026-02-02 20:23:09",1075,55,89022,0,,2.1,130.4,24.05,26.8,,-1.3
"2026-02-02 20:23:10",1074,54,89032,-36.817018,-71.580932,1.9,73.9,24.03,26.8,,-1.3
"2026-02-02 20:23:12",1075,55,89021,0,,1.95,113.1,23.98,26.75,,-1.2
"2026-02-02 20:23:13",1076,56,89016,-36.81704,-71.580847,3.15,154.2,23.89,26.8,36.5,-1.1
"2026-02-02 20:23:15",1084,64,88928,0,,5.7,98.4,23.76,26.9,,-0.3
"2026-02-02 20:23:16",1089,69,88884,-36.81708,-71.580687,3.8,107.6,23.74,27,,0.4
"2026-02-02 20:23:18",1100,80,88773,0,,8.45,96.1,23.74,27.1,,1.8
"2026-02-02 20:23:19",1105,85,88718,-36.817112,-71.58044,9.55,87,23.76,27.15,,2.3
"2026-02-02 20:23:20",1111,91,88659,0,,9.55,87,23.76,27.15,,2.6
"2026-02-02 20:23:21",1117,97,88597,0,,6.5,93.4,23.71,27.1,,2.9
"2026-02-02 20:23:22",1123,103,88536,-36.817125,-71.580177,7.75,99.6,23.62,27.1,,3.7
"2026-02-02 20:23:23",1130,110,88466,0,,9.15,91.8,23.59,27.2,,4.3
"2026-02-02 20:23:24",1137,117,88401,0,,8.1,92.2,23.45,27.2,,5.1
"2026-02-02 20:23:25",1143,123,88336,-36.817155,-71.579902,7.9,110,23.43,27.2,,5.6
"2026-02-02 20:23:26",1149,129,88278,0,,8.75,105.2,23.35,27.2,,5.6
"2026-02-02 20:23:27",1155,135,88217,0,,9.95,95.9,23.21,27.2,,5.7
"2026-02-02 20:23:28",1161,141,88156,-36.817203,-71.579598,9.3,100.9,23.1,27.25,,5.9
"2026-02-02 20:23:29",1164,144,88124,0,,6.85,101.8,23.08,27.3,,5.8
"2026-02-02 20:23:30",1167,147,88094,0,,8.4,73.8,22.92,27.4,,5.6
"2026-02-02 20:23:31",1170,150,88064,-36.817178,-71.57931,11.8,76.9,22.75,27.45,,5.4
"2026-02-02 20:23:32",1172,152,88041,0,,7.65,83.9,22.59,27.55,,5.1
"2026-02-02 20:23:33",1175,155,88017,0,,5.9,119.9,22.44,27.65,,4.8
"2026-02-02 20:23:34",1177,157,87994,-36.817217,-71.57906,10.2,119.8,22.25,27.8,,4.5
"2026-02-02 20:23:35",1179,159,87973,0,,,113.7,22.05,27.85,,4.3
"2026-02-02 20:23:36",1181,161,87952,0,,6.8,89,21.93,27.95,,3.9
"2026-02-02 20:23:37",1183,163,87932,-36.817263,-71.578788,5.05,78.8,21.79,28.15,,3.6
"2026-02-02 20:23:38",1188,168,87886,0,,7.7,85.3,21.64,28.3,,3.2
"2026-02-02 20:23:39",1192,172,87840,0,,11.35,87.8,21.54,28.5,,3.1
"2026-02-02 20:23:40",1197,177,87794,-36.817262,-71.57848,11.4,94.2,21.54,28.8,36.75,3
"2026-02-02 20:23:41",1201,181,87751,0,,9.95,83.2,21.55,29.05,,3.1
"2026-02-02 20:23:42",1205,185,87707,0,,9.75,68.6,21.56,29.25,,3.2
"2026-02-02 20:23:43",1210,190,87664,-36.817203,-71.578153,9.9,64.1,21.55,29.4,,3.3
"2026-02-02 20:23:44",1212,192,87634,0,,8.5,80.1,21.57,29.5,,3.4
"2026-02-02 20:23:45",1215,195,87605,0,,8.65,77.3,21.69,29.65,,3.4
"2026-02-02 20:23:46",1218,198,87576,-36.817132,-71.577863,10.5,68.4,21.8,29.8,,3.4
"2026-02-02 20:23:47",1222,202,87542,0,,10.3,71.6,21.88,29.9,,3.4
"2026-02-02 20:23:48",1225,205,87508,0,,7.85,73.4,21.96,29.8,,3.5
"2026-02-02 20:23:49",1228,208,87474,-36.817062,-71.577573,8.4,75.7,22.05,29.75,,3.7
"2026-02-02 20:23:50",1233,213,87427,0,,9.15,84.1,22.18,29.75,,3.9
"2026-02-02 20:23:51",1238,218,87381,0,,4.8,73.8,22.29,29.65,,3.9
"2026-02-02 20:23:52",1242,222,87336,-36.817027,-71.577345,5.9,76.1,22.38,29.55,,3.9
"2026-02-02 20:23:53",1245,225,87308,0,,8.9,84,22.39,29.4,,3.7
"2026-02-02 20:23:54",1248,228,87282,0,,7.25,83.2,22.47,29.25,,3.5
"2026-02-02 20:23:55",1250,230,87256,-36.81698,-71.577097,8.05,51.2,22.53,29.2,,3.4
"2026-02-02 20:23:56",1254,234,87222,0,,8.25,43.2,22.53,29.1,,3.4
"2026-02-02 20:23:57",1257,237,87188,0,,,80.8,22.48,28.95,,3.4
"2026-02-02 20:23:58",1260,240,87154,-36.816955,-71.576895,12.35,121.2,22.46,28.9,,3.5
"2026-02-02 20:23:59",1262,242,87141,0,,14.35,95.3,22.51,28.95,,3.3
"2026-02-02 20:24:00",1263,243,87129,0,,12.9,56.7,22.61,28.95,,3.1
"2026-02-02 20:24:01",1264,244,87118,-36.816878,-71.576508,8.45,43.5,22.61,28.9,,2.9
"2026-02-02 20:24:03",1272,252,87042,0,,11.45,117.5,22.58,28.8,,2.8
"2026-02-02 20:24:04",1275,255,87004,-36.81692,-71.576237,12.85,106.2,22.63,28.8,,2.8
"2026-02-02 20:24:05",1278,258,86974,0,,,,22.64,28.8,,2.8
"2026-02-02 20:24:06",1282,262,86943,0,,,,22.68,28.8,,2.8
"2026-02-02 20:24:07",1285,265,86912,0,,,,22.68,28.7,36.25,2.9
"2026-02-02 20:24:08",1290,270,86853,0,,12.95,93.6,22.65,28.55,,3.1
"2026-02-02 20:24:09",1296,276,86795,0,,10.7,86.5,22.6,28.55,,3.3
"2026-02-02 20:24:10",1302,282,86738,-36.816918,-71.575517,7.15,102.7,22.53,28.5,,3.5
"2026-02-02 20:24:11",1309,289,86665,0,,7.65,82.4,22.43,28.5,,3.8
"2026-02-02 20:24:12",1317,297,86592,0,,4.45,65.2,22.34,28.5,,4.3
"2026-02-02 20:24:13",1324,304,86520,-36.816878,-71.57533,3.85,40.7,22.17,28.5,,4.7
"2026-02-02 20:24:14",1326,306,86495,0,,,37.2,21.98,28.3,,4.8
"2026-02-02 20:24:15",1329,309,86470,0,,6.95,83.5,21.76,28.3,,4.7
"2026-02-02 20:24:16",1331,311,86446,-36.816815,-71.575142,11.05,83.3,21.54,28.4,,4.6
"2026-02-02 20:24:18",1336,316,86403,0,,8.45,57.3,21.12,28.65,,4.4
"2026-02-02 20:24:19",1338,318,86382,-36.816692,-71.574863,9.65,75.6,21,28.9,,4.3
"2026-02-02 20:24:20",1341,321,86350,0,,9.8,52.6,20.84,29,,4.2
"2026-02-02 20:24:21",1344,324,86321,0,,7.3,58.8,20.72,29.2,,4
"2026-02-02 20:24:22",1347,327,86292,-36.816585,-71.574612,8.1,80,20.61,29.4,,3.7
"2026-02-02 20:24:23",1348,328,86278,0,,9.15,78.6,20.53,29.6,,3.6
"2026-02-02 20:24:24",1350,330,86263,0,,8.5,62.3,20.48,29.8,,3.1
"2026-02-02 20:24:25",1351,331,86248,-36.816505,-71.574338,8.4,73.7,20.41,30,,2.7
"2026-02-02 20:24:26",1353,333,86227,0,,8.3,69.4,20.41,30.15,,2.3
"2026-02-02 20:24:27",1355,335,86207,0,,6.5,60.2,20.38,30.3,,2.2
"2026-02-02 20:24:28",1357,337,86188,-36.816423,-71.574125,5.3,55.5,20.33,30.4,,2.2
"2026-02-02 20:24:29",1358,338,86182,0,,8.85,75.3,20.32,30.6,,2
"2026-02-02 20:24:30",1358,338,86177,0,,9.95,92.2,20.29,30.65,,1.9
"2026-02-02 20:24:31",1359,339,86172,-36.816395,-71.573862,6,82.9,20.29,30.75,,1.8
"2026-02-02 20:24:32",1361,341,86157,0,,5.8,74.4,20.23,30.75,,1.7
"2026-02-02 20:24:33",1362,342,86142,0,,7.45,105.4,20.17,30.8,,1.6
"2026-02-02 20:24:34",1363,343,86128,-36.816393,-71.573628,10.85,92.6,20.14,30.9,35.75,1.5
"2026-02-02 20:24:35",1366,346,86104,0,,9.25,86.5,20.23,31,,1.4
"2026-02-02 20:24:36",1368,348,86081,0,,5.35,86.3,20.32,31.05,,1.5
"2026-02-02 20:24:37",1370,350,86058,-36.816388,-71.57337,6.6,103.4,20.23,31.05,,1.6
"2026-02-02 20:24:38",1375,355,86014,0,,10.4,101,20.13,31,,1.8
"2026-02-02 20:24:39",1379,359,85970,0,,12.6,87.6,20.14,31.05,,2
"2026-02-02 20:24:40",1384,364,85926,-36.816408,-71.573023,9.4,95.5,19.94,31.05,,2.2
"2026-02-02 20:24:41",1385,365,85917,0,,6.75,103.8,19.77,30.95,,2.2
"2026-02-02 20:24:42",1385,365,85909,0,,7.2,116.7,19.74,31,,2.2
"2026-02-02 20:24:43",1386,366,85902,-36.816473,-71.57277,10.05,108.4,19.67,31.15,,2.3
"2026-02-02 20:24:44",1385,365,85914,0,,8.35,110.2,19.55,31.15,,2
"2026-02-02 20:24:45",1384,364,85926,0,,6.7,118.2,19.5,30.8,,1.8
"2026-02-02 20:24:46",1383,363,85938,-36.816558,-71.572525,7.7,115.4,19.28,30.6,,1.6
"2026-02-02 20:24:47",1383,363,85930,0,,8.1,113.7,19.04,30.45,,1.5
"2026-02-02 20:24:48",1384,364,85922,0,,7.15,121.7,18.9,30.45,,1.3
"2026-02-02 20:24:49",1385,365,85914,-36.816657,-71.57229,9,117.9,18.74,30.55,,1.2
"2026-02-02 20:24:50",1384,364,85922,0,,7.5,121.3,18.59,30.7,,0.8
"2026-02-02 20:24:51",1383,363,85931,0,,7.4,115,18.34,30.85,,0.3
"2026-02-02 20:24:52",1382,362,85940,-36.816758,-71.572043,10.5,116.3,18.21,31.05,,-0.1
"2026-02-02 20:24:53",1382,362,85940,0,,8.4,120.2,18.11,31.3,,-0.1
"2026-02-02 20:24:54",1382,362,85941,0,,5.9,122.1,17.94,31.55,,-0.2
"2026-02-02 20:24:55",1382,362,85942,-36.816857,-71.571825,6.75,118.9,17.76,31.75,,-0.2
"2026-02-02 20:24:56",1381,361,85954,0,,9.25,130.6,17.66,32,,-0.3
"2026-02-02 20:24:57",1380,360,85967,0,,7.05,114,17.65,32.3,,-0.3
"2026-02-02 20:24:58",1378,358,85980,-36.816962,-71.571625,4.65,137.7,17.54,32.5,,-0.4
"2026-02-02 20:24:59",1376,356,85998,0,,6.8,140.2,17.42,32.75,,-0.6
"2026-02-02 20:25:00",1375,355,86017,0,,7.8,122.9,17.33,32.95,,-0.8
"2026-02-02 20:25:01",1373,353,86036,-36.817078,-71.571452,7.7,124.3,17.32,33.2,35,-1
"2026-02-02 20:25:03",1371,351,86047,0,,6.15,120.4,17.33,33.5,,-1
"2026-02-02 20:25:04",1371,351,86054,-36.817185,-71.571267,7.1,124.4,17.27,33.6,,-1
"2026-02-02 20:25:05",1370,350,86065,0,,6.55,138.7,17.28,33.8,,-1
"2026-02-02 20:25:06",1369,349,86076,0,,6.55,138.7,17.24,33.85,,-1.1
"2026-02-02 20:25:07",1367,347,86088,-36.817295,-71.571105,6.8,125.5,17.21,33.9,,-1.1
"2026-02-02 20:25:08",1366,346,86100,0,,6.3,143.7,17.25,33.95,,-1.2
"2026-02-02 20:25:09",1365,345,86112,0,,4.7,130.5,17.2,34,,-1.2
"2026-02-02 20:25:10",1364,344,86124,-36.81739,-71.570963,5.3,114.9,17.14,34.05,,-1.2
"2026-02-02 20:25:11",1364,344,86125,0,,4.6,148.9,17.17,34.1,,-1.1
"2026-02-02 20:25:12",1364,344,86126,0,,5.55,134.3,17.13,34.15,,-1
"2026-02-02 20:25:13",1363,343,86128,-36.817482,-71.570823,7.15,107.7,17.21,34.25,,-0.9
"2026-02-02 20:25:14",1363,343,86133,0,,4.9,128.6,17.22,34.35,,-0.8
"2026-02-02 20:25:15",1362,342,86138,0,,2.85,148.2,17.21,34.35,,-0.8
"2026-02-02 20:25:16",1362,342,86144,-36.81755,-71.570705,4.8,115,17.17,34.3,,-0.8
"2026-02-02 20:25:18",1361,341,86150,0,,3.3,133.7,17.25,34.35,,-0.6
"2026-02-02 20:25:19",1361,341,86154,-36.817627,-71.570582,2.05,129.9,17.41,34.45,,-0.6
"2026-02-02 20:25:20",1363,343,86133,0,,4.2,107,17.6,34.6,,-0.4
"2026-02-02 20:25:21",1365,345,86112,0,,7.05,124.4,17.74,34.75,,-0.1
"2026-02-02 20:25:22",1367,347,86092,-36.817703,-71.570408,10.3,126,17.87,34.8,,0.2
"2026-02-02 20:25:23",1367,347,86090,0,,11.65,111,17.94,34.75,,0.3
"2026-02-02 20:25:24",1367,347,86088,0,,5.75,75.6,18.05,34.6,,0.3
"2026-02-02 20:25:25",1368,348,86086,-36.81775,-71.570138,6.25,123.2,18.19,34.6,,0.3
"2026-02-02 20:25:27",1370,350,86067,0,,8.2,115,18.43,34.6,,0.5
"2026-02-02 20:25:28",1370,350,86058,-36.817793,-71.569908,6.45,102,18.55,34.5,33,0.6
"2026-02-02 20:25:30",1371,351,86056,0,,6.9,107.3,18.75,34.3,,0.6
"2026-02-02 20:25:31",1371,351,86056,-36.817832,-71.56967,7.95,88,18.87,34.2,,0.7
"2026-02-02 20:25:34",1368,348,86078,-36.817883,-71.569475,5.1,101.7,19.03,33.75,,0.3
"2026-02-02 20:25:36",1365,345,86107,0,,6.65,140.1,18.93,33.3,,-0.2
"2026-02-02 20:25:37",1364,344,86122,-36.817962,-71.56929,8.35,129.9,18.75,33.1,,-0.3
"2026-02-02 20:25:39",1362,342,86141,0,,5.95,131.3,18.68,33,,-0.6
"2026-02-02 20:25:40",1361,341,86152,-36.818062,-71.569105,6.3,154.1,18.64,32.95,,-0.8
"2026-02-02 20:25:42",1359,339,86174,0,,7.15,111.3,18.5,32.95,,-0.8
"2026-02-02 20:25:43",1358,338,86186,-36.818167,-71.568938,6.9,133.2,18.45,32.95,,-1
"2026-02-02 20:25:45",1357,337,86187,0,,7.75,117.3,18.32,33.05,,-0.9
"2026-02-02 20:25:46",1357,337,86188,-36.818257,-71.568748,7.25,107.6,18.29,33.15,,-0.9
"2026-02-02 20:25:47",1357,337,86187,0,,4.85,113.6,18.25,33.2,,-0.8
"2026-02-02 20:25:48",1358,338,86186,0,,7.65,113.5,18.24,33.3,,-0.7
"2026-02-02 20:25:49",1358,338,86186,-36.81832,-71.568527,8.95,107.9,18.2,33.35,,-0.5
"2026-02-02 20:25:50",1356,336,86199,0,,6.15,95.1,18.19,33.4,,-0.6
"2026-02-02 20:25:51",1355,335,86212,0,,4.2,121.3,18.09,33.35,,-0.6
"2026-02-02 20:25:52",1354,334,86226,-36.818368,-71.568333,7.7,112.6,18.03,33.35,,-0.6
"2026-02-02 20:25:54",1354,334,86222,0,,6.2,97.3,17.97,33.4,,-0.4
"2026-02-02 20:25:55",1354,334,86220,-36.818415,-71.568108,7.5,121.3,17.94,33.45,31.25,-0.3
"2026-02-02 20:25:56",1353,333,86226,0,,6.4,124.3,17.94,33.5,,-0.3
"2026-02-02 20:25:57",1353,333,86233,0,,4.65,101.4,17.87,33.55,,-0.4
"2026-02-02 20:25:58",1352,332,86240,-36.818472,-71.567938,4.75,101.2,17.81,33.55,,-0.4
"2026-02-02 20:25:59",1351,331,86253,0,,5.95,114.5,17.74,33.55,,-0.5
"2026-02-02 20:26:00",1349,329,86267,0,,4.75,131.3,17.65,33.6,,-0.6
"2026-02-02 20:26:01",1348,328,86282,-36.818532,-71.567793,4.6,107.3,17.56,33.6,,-0.7
"2026-02-02 20:26:02",1346,326,86299,0,,4.85,109.9,17.48,33.65,,-0.8
"2026-02-02 20:26:03",1344,324,86316,0,,5.2,137.6,17.4,33.7,,-0.9
"2026-02-02 20:26:04",1343,323,86334,-36.818598,-71.56766,4.05,113.2,17.35,33.85,,-0.9
"2026-02-02 20:26:05",1341,321,86351,0,,3.95,119.2,17.31,33.95,,-1
"2026-02-02 20:26:06",1339,319,86368,0,,5.05,134.9,17.28,34.05,,-1.2
"2026-02-02 20:26:07",1338,318,86386,-36.818657,-71.567533,5,107.2,17.25,34.1,,-1.4
"2026-02-02 20:26:08",1336,316,86405,0,,4.25,104.9,17.24,34.2,,-1.4
"2026-02-02 20:26:09",1334,314,86425,0,,4.1,134.8,17.25,34.25,,-1.5
"2026-02-02 20:26:10",1331,311,86446,-36.818703,-71.567407,3.9,104.6,17.24,34.35,,-1.7
"2026-02-02 20:26:11",1329,309,86471,0,,3.45,96.2,17.28,34.45,,-1.8
"2026-02-02 20:26:12",1326,306,86495,0,,3.2,125.6,17.29,34.5,,-1.9
"2026-02-02 20:26:13",1324,304,86520,-36.818738,-71.567295,4.85,128.2,17.3,34.55,,-2
"2026-02-02 20:26:14",1322,302,86535,0,,4.15,105,17.35,34.6,,-2
"2026-02-02 20:26:15",1321,301,86550,0,,3,99.4,17.36,34.6,,-2
"2026-02-02 20:26:16",1319,299,86566,-36.818773,-71.567172,5.15,112.5,17.38,34.65,,-1.9
"2026-02-02 20:26:18",1317,297,86591,0,,2.1,154.1,17.39,34.6,,-1.9
"2026-02-02 20:26:19",1316,296,86604,-36.818828,-71.567075,3.75,120.4,17.41,34.65,,-1.8
"2026-02-02 20:26:23",1313,293,86631,0,,4.8,108.3,17.64,34.7,,-1.4
"2026-02-02 20:26:24",1312,292,86638,0,,3.75,96.8,17.73,34.7,,-1.3
"2026-02-02 20:26:25",1311,291,86646,-36.81892,-71.566842,3.35,117.1,17.83,34.7,,-1.2
"2026-02-02 20:26:26",1311,291,86647,0,,4.9,135.8,17.9,34.65,,-1
"2026-02-02 20:26:27",1311,291,86649,0,,6.1,105.3,18,34.65,,-0.9
"2026-02-02 20:26:28",1311,291,86652,-36.818967,-71.566705,2.7,63.8,18.06,34.55,,-0.8
"2026-02-02 20:26:29",1310,290,86657,0,,3.4,121.5,18.14,34.5,,-0.7
"2026-02-02 20:26:30",1310,290,86662,0,,6,121.4,18.17,34.4,,-0.7
"2026-02-02 20:26:31",1309,289,86668,-36.819012,-71.566567,6.25,106.5,18.2,34.3,,-0.6
"2026-02-02 20:26:33",1310,290,86658,0,,4.15,131,18.27,34.15,,-0.4
"2026-02-02 20:26:34",1311,291,86654,-36.81906,-71.56643,4.15,119.1,18.31,34.05,,-0.3
"2026-02-02 20:26:35",1312,292,86641,0,,3.3,115.1,18.32,34,,-0.2
"2026-02-02 20:26:36",1313,293,86628,0,,3.95,136.3,18.32,33.9,,0
"2026-02-02 20:26:37",1314,294,86616,-36.819132,-71.566327,4.85,137.6,18.36,33.85,,0.2
"2026-02-02 20:26:38",1319,299,86573,0,,5.25,132.2,18.41,33.75,,0.6
"2026-02-02 20:26:39",1323,303,86531,0,,4,111.1,18.39,33.7,,1
"2026-02-02 20:26:40",1327,307,86490,-36.8192,-71.566202,3.55,103.9,18.35,33.65,,1.4
"2026-02-02 20:26:41",1331,311,86450,0,,4.65,86.3,18.35,33.65,,1.7
"2026-02-02 20:26:42",1335,315,86411,0,,4.05,111.8,18.35,33.65,,2.1
"2026-02-02 20:26:43",1339,319,86372,-36.819228,-71.566052,5.5,101.3,18.36,33.6,,2.5
"2026-02-02 20:26:44",1343,323,86333,0,,6.65,120.1,18.34,33.55,,2.6
"2026-02-02 20:26:45",1347,327,86294,0,,6.8,117.3,18.33,33.55,,2.7
"2026-02-02 20:26:46",1351,331,86256,-36.819305,-71.565845,6.75,101.5,18.31,33.55,,3.1
"2026-02-02 20:26:48",1358,338,86180,0,,7,131.7,18.25,33.5,,3.6
"2026-02-02 20:26:49",1362,342,86142,-36.819397,-71.565647,5.85,122.8,18.17,33.5,29,3.8
"2026-02-02 20:26:50",1365,345,86109,0,,5.65,119.7,18.13,33.45,,3.9
"2026-02-02 20:26:51",1368,348,86077,0,,7.75,132.4,18.13,33.5,,3.8
"2026-02-02 20:26:52",1372,352,86046,-36.819512,-71.56548,5.85,136.9,18.17,33.55,,3.7
"2026-02-02 20:26:53",1375,355,86012,0,,4.4,122.6,18.14,33.6,,3.7
"2026-02-02 20:26:54",1378,358,85979,0,,5.45,91,18.06,33.55,,3.6
"2026-02-02 20:26:55",1382,362,85946,-36.819557,-71.565343,3.7,133.5,18.12,33.6,,3.6
"2026-02-02 20:26:56",1386,366,85907,0,,4.45,154.1,18.04,33.6,,3.6
"2026-02-02 20:26:57",1389,369,85868,0,,6.4,135.7,18.02,33.6,,3.6
"2026-02-02 20:26:58",1393,373,85830,-36.81965,-71.565233,3.45,105.7,17.94,33.6,,3.6
"2026-02-02 20:26:59",1398,378,85788,0,,2.8,140.3,17.86,33.6,,3.6
"2026-02-02 20:27:00",1402,382,85748,0,,5.05,124.2,17.82,33.6,,3.6
"2026-02-02 20:27:01",1406,386,85708,-36.819708,-71.565123,4.7,113.3,17.83,33.65,,3.6
"2026-02-02 20:27:02",1409,389,85676,0,,5.05,134.3,17.77,33.65,,3.6
"2026-02-02 20:27:03",1412,392,85643,0,,5.65,122.4,17.72,33.65,,3.6
"2026-02-02 20:27:04",1415,395,85610,-36.819787,-71.56499,3.25,118.7,17.65,33.7,,3.6
"2026-02-02 20:27:05",1421,401,85558,0,,3.1,144.6,17.57,33.75,,3.8
"2026-02-02 20:27:06",1425,405,85509,0,,5.55,136.9,17.48,33.85,,3.9
"2026-02-02 20:27:07",1430,410,85460,-36.819868,-71.56489,4.45,126.7,17.37,33.85,,4.1
"2026-02-02 20:27:08",1436,416,85407,0,,5.4,128,17.27,33.9,,4.2
"2026-02-02 20:27:09",1441,421,85355,0,,5.4,128,17.17,34,,4.3
"2026-02-02 20:27:10",1446,426,85304,-36.819977,-71.564695,6.8,104.5,17.11,34.15,,4.4
"2026-02-02 20:27:11",1452,432,85246,0,,5.75,102.7,17.05,34.25,,4.5
"2026-02-02 20:27:12",1458,438,85187,0,,6.25,116.5,16.98,34.4,,4.6
"2026-02-02 20:27:13",1464,444,85128,-36.820042,-71.564497,6.35,96.4,16.92,34.5,,4.8
"2026-02-02 20:27:15",1474,454,85024,0,,7.6,103,16.8,34.7,,5.2
"2026-02-02 20:27:16",1479,459,84972,-36.820087,-71.56425,8.85,107.5,16.73,34.8,28.5,5.3
"2026-02-02 20:27:18",1490,470,84865,0,,6.95,113.9,16.64,34.95,,5.4
"2026-02-02 20:27:19",1496,476,84812,-36.820165,-71.563995,9.45,112.3,16.57,35.05,,5.4
"2026-02-02 20:27:21",1505,485,84714,0,,6.95,114.6,16.5,35.25,,5.4
"2026-02-02 20:27:22",1510,490,84666,-36.820252,-71.563743,7.85,117.7,16.43,35.35,,5.4
"2026-02-02 20:27:23",1516,496,84613,0,,9.8,118.8,16.39,35.4,,5.3
"2026-02-02 20:27:24",1521,501,84563,0,,8.95,129.5,16.35,35.5,,5.2
"2026-02-02 20:27:25",1526,506,84514,-36.820383,-71.563503,6.7,125.5,16.31,35.55,,5.1
"2026-02-02 20:27:26",1530,510,84472,0,,7.2,124.7,16.26,35.65,,5.1
"2026-02-02 20:27:27",1534,514,84430,0,,9,117.5,16.23,35.7,,5
"2026-02-02 20:27:28",1538,518,84388,-36.820498,-71.563273,9,114.5,16.18,35.75,,4.9
"2026-02-02 20:27:29",1542,522,84348,0,,9,114.5,16.14,35.8,,4.8
"2026-02-02 20:27:30",1547,527,84307,0,,6.65,126.9,16.08,35.9,,4.7
"2026-02-02 20:27:31",1551,531,84266,-36.820612,-71.563067,8.9,130.7,16.03,35.95,,4.6
"2026-02-02 20:27:33",1557,537,84203,0,,6.95,104.4,15.96,36.1,,4.3
"2026-02-02 20:27:34",1560,540,84172,-36.820708,-71.562855,7.15,119.7,15.91,36.15,,4.2
"2026-02-02 20:27:35",1564,544,84138,0,,6.8,132.6,15.88,36.2,,4.1
"2026-02-02 20:27:36",1567,547,84105,0,,6.65,121.1,15.83,36.3,,4
"2026-02-02 20:27:37",1570,550,84072,-36.820818,-71.562677,6.8,125.3,15.79,36.35,,3.8
"2026-02-02 20:27:38",1574,554,84038,0,,6.15,131.1,15.76,36.4,,3.7
"2026-02-02 20:27:39",1577,557,84005,0,,7.35,118.3,15.73,36.5,,3.6
"2026-02-02 20:27:40",1580,560,83972,-36.820922,-71.562485,7.6,117.6,15.7,36.55,,3.6
"2026-02-02 20:27:41",1584,564,83939,0,,6.95,119,15.67,36.65,,3.5
"2026-02-02 20:27:42",1587,567,83906,0,,8.6,117.4,15.62,36.7,,3.4
"2026-02-02 20:27:43",1590,570,83874,-36.821022,-71.562258,7.3,122.3,15.63,36.75,27.5,3.4
"2026-02-02 20:27:44",1592,572,83855,0,,6.35,120.9,15.63,36.8,,3.2
"2026-02-02 20:27:45",1594,574,83837,0,,7.15,121.7,15.62,36.8,,3.1
"2026-02-02 20:27:46",1596,576,83820,-36.821127,-71.562053,9.2,118.5,15.59,36.85,,3
"2026-02-02 20:27:47",1599,579,83790,0,,,,15.57,36.9,,2.9
"2026-02-02 20:27:48",1602,582,83761,0,,,,15.55,36.9,,2.9
"2026-02-02 20:27:49",1605,585,83732,0,,,,15.51,36.95,,2.9
"2026-02-02 20:27:50",1607,587,83706,0,,8.65,117.8,15.47,37,,2.8
"2026-02-02 20:27:51",1610,590,83681,0,,8.5,117,15.44,37,,2.7
"2026-02-02 20:27:52",1613,593,83656,-36.821338,-71.561613,8.35,108.5,15.4,37.05,,2.7
"2026-02-02 20:27:53",1615,595,83633,0,,8.85,105.6,15.36,37.15,,2.6
"2026-02-02 20:27:54",1617,597,83610,0,,7.6,126.3,15.33,37.15,,2.6
"2026-02-02 20:27:55",1619,599,83588,-36.821437,-71.561378,7.05,128.7,15.26,37.2,,2.5
"2026-02-02 20:27:56",1621,601,83572,0,,6.35,112.1,15.23,37.3,,2.4
"2026-02-02 20:27:57",1623,603,83557,0,,7.6,111.2,15.2,37.15,,2.4
"2026-02-02 20:27:58",1624,604,83542,-36.821518,-71.561173,6.35,117.8,15.21,37,,2.3
"2026-02-02 20:28:00",1628,608,83499,0,,5.4,104.7,15.18,36.75,,2.2
"2026-02-02 20:28:01",1631,611,83478,-36.821567,-71.560987,8.35,99.4,15.16,36.6,,2.1
"2026-02-02 20:28:03",1635,615,83434,0,,8.75,119.3,15.18,36.7,,2.1
"2026-02-02 20:28:04",1637,617,83412,-36.821658,-71.560723,7.75,121.4,15.17,36.75,,2.1
"2026-02-02 20:28:06",1642,622,83366,0,,9.8,126.6,15.19,36.9,,2.1
"2026-02-02 20:28:07",1644,624,83344,-36.821792,-71.560478,10.95,140.1,15.17,37,,2.1
"2026-02-02 20:28:09",1647,627,83321,0,,6.45,114.5,15.2,37.15,,2
"2026-02-02 20:28:10",1648,628,83310,-36.821928,-71.56027,9.8,128.3,15.2,37.2,27,2
"2026-02-02 20:28:12",1652,632,83266,0,,9.2,127.1,15.22,37.3,,2
"2026-02-02 20:28:13",1655,635,83244,-36.822095,-71.560018,8.5,112.8,15.21,37.3,,2
"2026-02-02 20:28:15",1662,642,83174,0,,10.5,126.7,15.19,37.15,,2.2
"2026-02-02 20:28:16",1665,645,83140,-36.822247,-71.559757,10.3,135.9,15.26,37,,2.3
"2026-02-02 20:28:19",1672,652,83074,-36.822373,-71.559565,7.7,137.1,15.2,36.4,,2.3
"2026-02-02 20:28:20",1675,655,83045,0,,6.25,125.9,15.18,36.2,,2.3
"2026-02-02 20:28:21",1678,658,83017,0,,3.2,120,15.15,36.05,,2.4
"2026-02-02 20:28:22",1681,661,82990,-36.822447,-71.559438,2.75,117.4,15.11,35.85,,2.6
"2026-02-02 20:28:23",1683,663,82962,0,,4.25,124.8,15.07,35.75,,2.7
"2026-02-02 20:28:24",1686,666,82935,0,,3.7,111.4,15.14,35.7,,2.7
"2026-02-02 20:28:25",1689,669,82908,-36.822482,-71.559337,2.05,63.4,15.13,35.7,,2.8
"2026-02-02 20:28:26",1691,671,82888,0,,3,118.5,15.08,35.65,,2.8
"2026-02-02 20:28:27",1693,673,82869,0,,4.3,133.4,15.11,35.65,,2.6
"2026-02-02 20:28:28",1695,675,82850,-36.82253,-71.559253,1.8,132.4,15.09,35.6,,2.5
"2026-02-02 20:28:29",1696,676,82838,0,,1.55,142.9,15.04,35.55,,2.4
"2026-02-02 20:28:30",1697,677,82827,0,,4.55,130.6,15.02,35.55,,2.3
"2026-02-02 20:28:31",1698,678,82816,-36.822578,-71.559172,4.05,95.6,15.02,35.5,,2.2
"2026-02-02 20:28:32",1700,680,82803,0,,4.05,95.6,14.96,35.45,,2.1
"2026-02-02 20:28:33",1701,681,82791,0,,4.05,95.6,14.93,35.45,,1.9
"2026-02-02 20:28:34",1702,682,82780,-36.82261,-71.559082,4.15,136.1,14.88,35.45,,1.8
"2026-02-02 20:28:35",1702,682,82777,0,,2.8,101.4,14.85,35.55,,1.6
"2026-02-02 20:28:36",1702,682,82775,0,,2.8,101.4,14.78,35.6,,1.4
"2026-02-02 20:28:37",1703,683,82774,-36.822637,-71.55899,2.25,117.6,14.78,35.65,26.75,1.1
"2026-02-02 20:28:38",1703,683,82769,0,,2.3,117.6,14.78,35.7,,1
"2026-02-02 20:28:39",1704,684,82764,0,,4.7,108.6,14.77,35.7,,0.9
"2026-02-02 20:28:40",1704,684,82760,-36.822682,-71.558868,2.55,109.4,14.76,35.75,,0.8
"2026-02-02 20:28:41",1704,684,82756,0,,3.55,111.3,14.71,35.8,,0.7
"2026-02-02 20:28:42",1705,685,82753,0,,5.4,115.8,14.69,35.8,,0.6
"2026-02-02 20:28:43",1705,685,82750,-36.822737,-71.558745,3.9,123.5,14.76,35.85,,0.6
"2026-02-02 20:28:44",1706,686,82744,0,,3.5,115.8,14.77,35.85,,0.6
"2026-02-02 20:28:45",1706,686,82739,0,,5.5,116.6,14.77,35.85,,0.5
"2026-02-02 20:28:46",1707,687,82734,-36.8228,-71.558615,5.65,128.6,14.78,35.85,,0.5
"2026-02-02 20:28:47",1707,687,82732,0,,,,14.78,35.85,,0.4
"2026-02-02 20:28:48",1707,687,82730,0,,,,14.77,35.85,,0.4
"2026-02-02 20:28:49",1707,687,82728,0,,,,14.78,35.85,,0.4
"2026-02-02 20:28:50",1709,689,82711,0,,,,14.78,35.9,,0.5
"2026-02-02 20:28:51",1711,691,82694,0,,,,14.78,35.9,,0.6
"2026-02-02 20:28:52",1712,692,82678,0,,,,14.78,35.9,,0.7
"2026-02-02 20:28:53",1714,694,82663,0,,4.55,133.4,14.77,35.9,,0.8
"2026-02-02 20:28:54",1715,695,82649,0,,5.65,118.4,14.76,35.95,,0.8
"2026-02-02 20:28:55",1717,697,82636,-36.82299,-71.558223,3.6,118.1,14.72,35.95,,0.9
"2026-02-02 20:28:56",1718,698,82619,0,,,,14.7,35.95,,1
"2026-02-02 20:28:57",1720,700,82602,0,,,,14.76,35.95,,1.1
"2026-02-02 20:28:58",1722,702,82586,0,,,,14.76,36,,1.2
"2026-02-02 20:28:59",1724,704,82569,0,,,,14.7,35.95,,1.4
"2026-02-02 20:29:00",1725,705,82553,0,,,,14.64,35.95,,1.5
"2026-02-02 20:29:01",1727,707,82538,0,,,,14.59,35.95,,1.6
"2026-02-02 20:29:03",1729,709,82516,0,,2.1,182,14.54,35.95,,1.5
"2026-02-02 20:29:04",1730,710,82506,-36.823173,-71.557988,2.9,95,14.48,36,26.75,1.5
"2026-02-02 20:29:05",1732,712,82485,0,,5.1,124.8,14.48,36.1,,1.5
"2026-02-02 20:29:06",1734,714,82464,0,,3.25,167.3,14.46,36.1,,1.6
"2026-02-02 20:29:07",1737,717,82444,-36.823233,-71.557923,1.65,195.3,14.46,36.15,,1.6
"2026-02-02 20:29:08",1739,719,82420,0,,,,14.42,36.15,,1.7
"2026-02-02 20:29:09",1741,721,82396,0,,,,14.44,36.2,,1.8
"2026-02-02 20:29:10",1744,724,82372,0,,,,14.44,36.25,,1.8
"2026-02-02 20:29:11",1747,727,82339,0,,,,14.47,36.25,,1.9
"2026-02-02 20:29:12",1751,731,82306,0,,,,14.44,36.25,,2.1
"2026-02-02 20:29:13",1754,734,82274,0,,,,14.39,36.25,,2.2
"2026-02-02 20:29:14",1757,737,82242,0,,4.35,153.3,14.36,36.25,,2.3
"2026-02-02 20:29:15",1761,741,82211,0,,3.1,185.7,14.39,36.3,,2.4
"2026-02-02 20:29:16",1764,744,82180,-36.823467,-71.557827,2.25,148.1,14.37,36.3,,2.7
"2026-02-02 20:29:17",1767,747,82148,0,,,,14.41,36.3,,2.9
"2026-02-02 20:29:18",1770,750,82118,0,,,,14.44,36.3,,3
"2026-02-02 20:29:19",1773,753,82088,0,,,,14.37,36.3,,3.1
"2026-02-02 20:29:20",1777,757,82049,0,,4,161.4,14.34,36.3,,3.1
"2026-02-02 20:29:21",1781,761,82009,0,,4,161.4,14.36,36.35,,3.3
"2026-02-02 20:29:22",1785,765,81970,-36.823657,-71.557773,2.6,151.1,14.33,36.35,,3.4
"2026-02-02 20:29:23",1789,769,81931,0,,2.65,151.1,14.31,36.35,,3.5
"2026-02-02 20:29:24",1793,773,81892,0,,3.7,195.4,14.3,36.35,,3.6
"2026-02-02 20:29:25",1797,777,81854,-36.82374,-71.557755,2.05,103.7,14.19,36.4,,3.6
"2026-02-02 20:29:26",1801,781,81823,0,,3.1,149.7,14.22,36.45,,3.6
"2026-02-02 20:29:27",1804,784,81792,0,,3.1,149.7,14.15,36.5,,3.6
"2026-02-02 20:29:28",1807,787,81762,-36.823825,-71.557727,3.9,149.3,14.06,36.55,,3.6
"2026-02-02 20:29:29",1810,790,81728,0,,,,14.11,36.6,,3.6
"2026-02-02 20:29:30",1814,794,81695,0,,,,14.06,36.7,,3.6
"2026-02-02 20:29:31",1817,797,81662,0,,,,14,36.7,27.5,3.6
"2026-02-02 20:29:32",1820,800,81631,0,,3.8,131.9,13.95,36.75,,3.6
"2026-02-02 20:29:33",1824,804,81600,0,,3.8,131.9,13.97,36.75,,3.6
"2026-02-02 20:29:34",1827,807,81570,-36.824022,-71.557635,3.9,162.8,14.01,36.8,,3.5
"2026-02-02 20:29:35",1830,810,81540,0,,3.9,161.1,14.03,36.8,,3.4
"2026-02-02 20:29:36",1833,813,81512,0,,2.25,159.8,14.07,36.8,,3.3
"2026-02-02 20:29:37",1836,816,81484,-36.824102,-71.557613,2.9,196.9,14.03,36.8,,3.2
"2026-02-02 20:29:38",1839,819,81450,0,,5.1,167.6,13.96,36.8,,3.2
"2026-02-02 20:29:39",1843,823,81415,0,,4.85,141.9,13.84,36.8,,3.3
"2026-02-02 20:29:40",1847,827,81380,-36.824207,-71.557563,4.15,161,13.92,36.85,,3.3
"2026-02-02 20:29:41",1850,830,81347,0,,2.65,170.5,13.85,36.85,,3.3
"2026-02-02 20:29:42",1853,833,81315,0,,3.05,154.5,13.8,36.85,,3.3
"2026-02-02 20:29:43",1857,837,81284,-36.824292,-71.557535,4.75,173.2,13.81,36.85,,3.3
"2026-02-02 20:29:44",1859,839,81256,0,,3.15,177.4,13.78,36.85,,3.2
"2026-02-02 20:29:45",1862,842,81230,0,,3.1,140.9,13.71,36.9,,3.2
"2026-02-02 20:29:46",1865,845,81204,-36.824378,-71.557498,4.9,156.8,13.74,36.9,,3.2
"2026-02-02 20:29:47",1868,848,81175,0,,3.25,162.5,13.68,36.95,,3.1
"2026-02-02 20:29:48",1871,851,81146,0,,2.1,166.5,13.61,37,,3.1
"2026-02-02 20:29:49",1874,854,81118,-36.824458,-71.55747,3.8,168.1,13.56,37.1,,3.2
"2026-02-02 20:29:51",1881,861,81051,0,,1.6,169.8,13.36,37.3,,3.2
"2026-02-02 20:29:52",1884,864,81018,-36.824537,-71.557445,4.35,161.9,13.31,37.4,,3.1
"2026-02-02 20:29:54",1891,871,80951,0,,3.1,157.8,13.47,37.65,,3.2
"2026-02-02 20:29:55",1895,875,80918,-36.824632,-71.557415,3.8,194,13.43,37.7,,3.2
"2026-02-02 20:29:56",1898,878,80887,0,,4.6,171.8,13.37,37.75,,3.2
"2026-02-02 20:29:57",1901,881,80858,0,,3.7,146.4,13.31,37.75,,3.2
"2026-02-02 20:29:58",1904,884,80830,-36.824735,-71.55739,4.4,180.2,13.25,37.8,27.5,3.2
"2026-02-02 20:29:59",1907,887,80802,0,,4.85,170.6,13.17,37.85,,3.2
"2026-02-02 20:30:00",1910,890,80774,0,,3.45,140.7,13.09,37.85,,3.2
"2026-02-02 20:30:01",1913,893,80746,-36.824835,-71.557347,4.2,156.1,13.11,37.9,,3.2
"2026-02-02 20:30:04",1924,904,80634,-36.82492,-71.557327,2.15,185.5,13.07,38.1,,3.4
"2026-02-02 20:30:05",1927,907,80605,0,,3,160.4,13.04,38.2,,3.3
"2026-02-02 20:30:06",1930,910,80577,0,,3.2,180.1,13,38.2,,3.3
"2026-02-02 20:30:07",1933,913,80550,-36.825002,-71.557323,3.4,195.4,12.95,38.25,,3.2
"2026-02-02 20:30:08",1936,916,80520,0,,4.1,165.9,12.95,38.3,,3.2
"2026-02-02 20:30:09",1939,919,80491,0,,2.6,160.4,13.08,38.35,,3.2
"2026-02-02 20:30:10",1942,922,80462,-36.825092,-71.557313,3.15,197.7,13.01,38.35,,3.2
"2026-02-02 20:30:11",1946,926,80431,0,,4.55,182.8,12.91,38.4,,3.2
"2026-02-02 20:30:12",1949,929,80400,0,,4.15,150.2,12.94,38.4,,3.2
"2026-02-02 20:30:13",1952,932,80370,-36.825193,-71.557292,2.25,143.4,12.85,38.45,,3.3
"2026-02-02 20:30:14",1955,935,80337,0,,4.05,166.6,12.76,38.45,,3.3
"2026-02-02 20:30:15",1959,939,80304,0,,4.45,144.2,12.76,38.5,,3.3
"2026-02-02 20:30:16",1962,942,80272,-36.825283,-71.557235,2.05,133,12.74,38.6,,3.1
"2026-02-02 20:30:18",1967,947,80229,0,,3.7,155.3,12.64,38.7,,3
"2026-02-02 20:30:19",1969,949,80208,-36.82536,-71.557198,2.85,146.4,12.71,38.7,,3
"2026-02-02 20:30:20",1972,952,80175,0,,4.25,169.5,12.65,38.75,,3
"2026-02-02 20:30:21",1976,956,80144,0,,3.3,166.5,12.63,38.8,,3
"2026-02-02 20:30:22",1979,959,80114,-36.82545,-71.557163,3.05,141.3,12.57,38.85,,3
"2026-02-02 20:30:23",1981,961,80091,0,,4.5,151.9,12.5,38.85,,3
"2026-02-02 20:30:24",1984,964,80067,0,,3.6,173.5,12.49,38.95,,2.9
"2026-02-02 20:30:25",1986,966,80044,-36.825543,-71.55712,2.55,153.3,12.5,39,27.5,2.8
"2026-02-02 20:30:26",1989,969,80018,0,,4.35,158.7,12.48,39,,2.8
"2026-02-02 20:30:27",1992,972,79992,0,,3.85,162.4,12.51,39.05,,2.8
"2026-02-02 20:30:28",1994,974,79966,-36.82563,-71.557077,1.85,140.3,12.47,39.05,,2.7
"2026-02-02 20:30:30",2001,981,79903,0,,3.6,158,12.34,39,,2.9
"2026-02-02 20:30:31",2004,984,79872,-36.825697,-71.55704,2.15,114.7,12.27,39,,2.9
"2026-02-02 20:30:33",2009,989,79824,0,,4.15,164.3,12.18,39.1,,2.9
"2026-02-02 20:30:34",2012,992,79800,-36.825762,-71.556985,4.25,132.2,12.17,39.15,,2.8
"2026-02-02 20:30:36",2018,998,79743,0,,2.55,134.7,12.09,39.3,,2.8
"2026-02-02 20:30:37",2021,1001,79716,-36.825823,-71.556932,3,139.6,12.07,39.4,,2.9
"2026-02-02 20:30:39",2031,1011,79616,0,,3.7,136.6,12.04,39.6,,3.3
"2026-02-02 20:30:40",2037,1017,79566,-36.825885,-71.55686,4.1,143.7,12.11,39.65,,3.5
"2026-02-02 20:30:42",2045,1025,79488,0,,2.8,130.3,12.03,39.75,,3.6
"2026-02-02 20:30:43",2049,1029,79450,-36.82596,-71.5568,5.15,144.5,11.97,39.75,,3.7
"2026-02-02 20:30:45",2057,1037,79373,0,,2.65,152.1,11.92,39.8,,3.8
"2026-02-02 20:30:46",2061,1041,79334,-36.826055,-71.556752,3,151.4,11.84,39.85,,4
"2026-02-02 20:30:48",2068,1048,79271,0,,3.2,177.5,11.94,39.9,,4
"2026-02-02 20:30:49",2071,1051,79240,-36.826143,-71.556735,3.3,171.7,11.85,39.9,,4.1
"2026-02-02 20:30:50",2075,1055,79207,0,,4.85,166.2,11.82,39.9,,4.1
"2026-02-02 20:30:51",2078,1058,79175,0,,3.3,157.5,11.89,39.9,,3.9
"2026-02-02 20:30:52",2081,1061,79144,-36.826245,-71.556707,2.45,181.4,11.82,39.9,27.75,3.7
"2026-02-02 20:30:53",2085,1065,79112,0,,3.95,170.3,11.76,39.85,,3.7
"2026-02-02 20:30:54",2088,1068,79081,0,,4.8,150.5,11.81,39.9,,3.6
"2026-02-02 20:30:55",2091,1071,79050,-36.826348,-71.556673,3.2,185.2,11.76,39.9,,3.5
"2026-02-02 20:30:56",2094,1074,79023,0,,3.25,179,11.73,39.9,,3.5
"2026-02-02 20:30:57",2097,1077,78996,0,,5.9,154.6,11.74,39.95,,3.3
"2026-02-02 20:30:58",2100,1080,78970,-36.826462,-71.556633,3.6,164.5,11.84,39.95,,3.2
"2026-02-02 20:30:59",2102,1082,78950,0,,2.95,178.7,11.75,39.95,,3.1
"2026-02-02 20:31:00",2104,1084,78930,0,,4.8,153,11.64,39.9,,3
"2026-02-02 20:31:01",2106,1086,78910,-36.826565,-71.556583,4.85,149,11.74,39.95,,2.9
"2026-02-02 20:31:02",2108,1088,78894,0,,4.45,180.7,11.69,39.95,,2.8
"2026-02-02 20:31:03",2110,1090,78878,0,,4.35,168.3,11.63,40,,2.7
"2026-02-02 20:31:04",2111,1091,78862,-36.826682,-71.556548,4.35,142.5,11.64,40,,2.6
"2026-02-02 20:31:05",2115,1095,78830,0,,3.75,166.4,11.56,40.05,,2.6
"2026-02-02 20:31:06",2118,1098,78799,0,,5.15,178.3,11.5,40.05,,2.6
"2026-02-02 20:31:07",2121,1101,78768,-36.826798,-71.55651,4.85,150.9,11.49,40.1,,2.6
"2026-02-02 20:31:08",2122,1102,78762,0,,3.95,149.3,11.58,40.15,,2.4
"2026-02-02 20:31:09",2123,1103,78756,0,,5.2,184.2,11.51,40.15,,2.2
"2026-02-02 20:31:10",2123,1103,78750,-36.826913,-71.55647,4.7,156.5,11.45,40.2,,2
"2026-02-02 20:31:11",2127,1107,78712,0,,4.7,142.9,11.39,40.25,,2.1
"2026-02-02 20:31:12",2131,1111,78674,0,,5.15,181.3,11.32,40.35,,2.3
"2026-02-02 20:31:13",2135,1115,78636,-36.827037,-71.556423,5.8,162.7,11.29,40.4,,2.4
"2026-02-02 20:31:14",2138,1118,78611,0,,4.9,148.4,11.24,40.45,,2.5
"2026-02-02 20:31:15",2140,1120,78588,0,,4.6,184,11.21,40.55,,2.6
"2026-02-02 20:31:16",2143,1123,78566,-36.827165,-71.556388,5.85,171.8,11.17,40.65,,2.6
"2026-02-02 20:31:18",2148,1128,78518,0,,4.4,189.9,11.24,40.8,,2.5
"2026-02-02 20:31:19",2151,1131,78494,-36.827308,-71.55638,6,190.6,11.15,40.85,27.25,2.4
"2026-02-02 20:31:20",2153,1133,78470,0,,5.4,163.1,11.12,40.85,,2.4
"2026-02-02 20:31:21",2156,1136,78446,0,,3.55,186.4,11.15,40.85,,2.6
"2026-02-02 20:31:22",2158,1138,78422,-36.82744,-71.556377,6.15,187.7,11.06,40.85,,2.7
"2026-02-02 20:31:23",2160,1140,78402,0,,8.05,173.1,11.01,40.8,,2.7
"2026-02-02 20:31:24",2162,1142,78383,0,,4.4,170.8,11.07,40.75,,2.6
"2026-02-02 20:31:25",2164,1144,78364,-36.827595,-71.556365,4.95,188,11.02,40.65,,2.4
"2026-02-02 20:31:26",2167,1147,78340,0,,5.4,182.4,10.95,40.55,,2.4
"2026-02-02 20:31:27",2169,1149,78317,0,,4.95,168.4,10.94,40.5,,2.4
"2026-02-02 20:31:28",2172,1152,78294,-36.827727,-71.55635,4,166.8,10.91,40.55,,2.4
"2026-02-02 20:31:29",2175,1155,78265,0,,6.05,182.2,10.87,40.65,,2.5
"2026-02-02 20:31:30",2178,1158,78237,0,,6.1,178.5,10.81,40.65,,2.5
"2026-02-02 20:31:31",2181,1161,78210,-36.82787,-71.556347,4.55,182,10.81,40.6,,2.5
"2026-02-02 20:31:33",2187,1167,78154,0,,6.15,174.5,10.84,40.4,,2.6
"2026-02-02 20:31:34",2190,1170,78126,-36.828017,-71.556342,5,170.4,10.82,40.35,,2.6
"2026-02-02 20:31:35",2192,1172,78103,0,,5.5,191.8,10.79,40.3,,2.6
"2026-02-02 20:31:36",2195,1175,78080,0,,5.95,181.4,10.81,40.25,,2.7
"2026-02-02 20:31:37",2197,1177,78058,-36.828163,-71.55634,4.85,163.1,10.78,40.25,,2.7
"2026-02-02 20:31:38",2199,1179,78043,0,,4.85,163.1,10.73,40.2,,2.6
"2026-02-02 20:31:39",2200,1180,78028,0,,6.6,183.1,10.71,40.15,,2.6
"2026-02-02 20:31:40",2202,1182,78014,-36.828315,-71.556332,6.7,182.7,10.79,40.15,,2.5
"2026-02-02 20:31:41",2204,1184,77989,0,,4.25,180.7,10.76,40.05,,2.5
"2026-02-02 20:31:42",2207,1187,77966,0,,6.4,163.9,10.65,40,,2.4
"2026-02-02 20:31:43",2209,1189,77944,-36.828463,-71.556313,5.55,181.2,10.59,40.05,,2.4
"2026-02-02 20:31:44",2212,1192,77919,0,,3.35,177.5,10.56,40.15,,2.4
"2026-02-02 20:31:45",2215,1195,77894,0,,5.85,148.8,10.46,40.25,,2.3
"2026-02-02 20:31:46",2217,1197,77870,-36.828588,-71.55627,6.5,166.5,10.51,40.35,27,2.3
"2026-02-02 20:31:47",2220,1200,77846,0,,6.7,171.9,10.49,40.4,,2.3
"2026-02-02 20:31:48",2222,1202,77822,0,,6.3,164.4,10.43,40.55,,2.3
"2026-02-02 20:31:49",2225,1205,77798,-36.828747,-71.556222,4.7,158.4,10.33,40.65,,2.3
"2026-02-02 20:31:50",2226,1206,77787,0,,5.85,165.2,10.28,40.8,,2.3
"2026-02-02 20:31:51",2227,1207,77777,0,,7.05,172.7,10.28,41,,2.2
"2026-02-02 20:31:52",2228,1208,77768,-36.828897,-71.556182,4.1,171.8,10.31,41.2,,2.2
"2026-02-02 20:31:53",2231,1211,77744,0,,4.8,170.5,10.31,41.4,,2.2
"2026-02-02 20:31:54",2234,1214,77719,0,,6.6,174.4,10.32,41.5,,2.2
"2026-02-02 20:31:55",2236,1216,77694,-36.829042,-71.556148,5.7,157,10.44,41.7,,2.3
"2026-02-02 20:31:56",2237,1217,77683,0,,4.8,171.2,10.45,41.8,,2.2
"2026-02-02 20:31:57",2238,1218,77673,0,,6.1,179.9,10.38,41.9,,2
"2026-02-02 20:31:58",2239,1219,77664,-36.829188,-71.55611,6.15,154.2,10.35,42,,1.9
"2026-02-02 20:31:59",2242,1222,77639,0,,5.35,163.8,10.38,42.1,,1.9
"2026-02-02 20:32:00",2245,1225,77614,0,,5.7,181.7,10.32,42.2,,1.9
"2026-02-02 20:32:01",2247,1227,77590,-36.829337,-71.556063,6.5,155.3,10.32,42.3,,1.9
"2026-02-02 20:32:02",2250,1230,77570,0,,5.75,151.1,10.27,42.35,,1.9
"2026-02-02 20:32:03",2252,1232,77550,0,,5.7,180.9,10.22,42.4,,2
"2026-02-02 20:32:04",2254,1234,77530,-36.829485,-71.556005,6.35,158.5,10.18,42.45,,2.1
"2026-02-02 20:32:05",2254,1234,77526,0,,6.3,158.5,10.25,42.5,,1.9
"2026-02-02 20:32:06",2255,1235,77523,0,,5.05,175.6,10.23,42.6,,1.8
"2026-02-02 20:32:07",2255,1235,77520,-36.829623,-71.555937,6.1,158.5,10.15,42.6,,1.6
"2026-02-02 20:32:08",2259,1239,77484,0,,5.55,141.1,10.13,42.6,,1.8
"2026-02-02 20:32:09",2262,1242,77451,0,,4.55,164.4,10.15,42.6,,2
"2026-02-02 20:32:10",2266,1246,77418,-36.82975,-71.555862,6.35,159.5,10.14,42.65,,2.2
"2026-02-02 20:32:11",2267,1247,77404,0,,5.05,146.9,10.17,42.65,,2.2
"2026-02-02 20:32:12",2269,1249,77390,0,,4.15,176.2,10.15,42.6,,2.1
"2026-02-02 20:32:13",2271,1251,77376,-36.829885,-71.555823,6.6,188.4,10.08,42.5,26.75,2
"2026-02-02 20:32:14",2272,1252,77358,0,,7.15,175.8,10.08,42.45,,1.9
"2026-02-02 20:32:15",2274,1254,77341,0,,4.85,175.2,10.08,42.35,,1.9
"2026-02-02 20:32:16",2276,1256,77324,-36.83005,-71.555813,6.55,173.4,10.02,42.25,,1.9
"2026-02-02 20:32:18",2279,1259,77294,0,,5.25,173.8,10.14,41.9,,2.1
"2026-02-02 20:32:19",2281,1261,77280,-36.830213,-71.555772,5.4,175.2,10.08,41.7,,2.2
"2026-02-02 20:32:20",2283,1263,77264,0,,7.25,163.3,10.13,41.45,,2.1
"2026-02-02 20:32:21",2284,1264,77249,0,,6.25,175.1,10.14,41.25,,2
"2026-02-02 20:32:22",2286,1266,77234,-36.830378,-71.555735,5.45,174.9,10.08,41.05,,1.8
"2026-02-02 20:32:23",2288,1268,77211,0,,6.65,157.8,10.07,40.9,,1.7
"2026-02-02 20:32:24",2291,1271,77188,0,,6.65,173.9,10.07,40.8,,1.8
"2026-02-02 20:32:25",2293,1273,77166,-36.830547,-71.555692,6,179,10.01,40.65,,1.9
"2026-02-02 20:32:26",2295,1275,77148,0,,6.2,154.6,9.97,40.6,,1.9
"2026-02-02 20:32:27",2297,1277,77131,0,,6.7,168.4,9.92,40.55,,1.9
"2026-02-02 20:32:28",2299,1279,77114,-36.83071,-71.555645,6.35,178.8,9.91,40.5,,1.9
"2026-02-02 20:32:29",2301,1281,77091,0,,6.5,163.6,9.86,40.5,,1.9
"2026-02-02 20:32:30",2304,1284,77068,0,,6.7,167.5,9.9,40.45,,2
"2026-02-02 20:32:31",2306,1286,77046,-36.830885,-71.555603,6.95,179.3,9.87,40.4,,2.1
"2026-02-02 20:32:33",2310,1290,77012,0,,6.5,157.8,9.76,40.35,,2.1
"2026-02-02 20:32:34",2312,1292,76996,-36.831045,-71.555548,6.7,174.7,9.71,40.35,,2.1
"2026-02-02 20:32:35",2314,1294,76978,0,,5.5,182.1,9.7,40.4,,2.1
"2026-02-02 20:32:36",2315,1295,76960,0,,7.45,162,9.69,40.4,,2.1
"2026-02-02 20:32:37",2317,1297,76942,-36.831218,-71.55551,7.25,171.3,9.78,40.35,,2
"2026-02-02 20:32:38",2320,1300,76917,0,,5.75,188.6,9.74,40.3,,2.1
"2026-02-02 20:32:39",2323,1303,76892,0,,4.8,177.5,9.69,40.3,,2.1
"2026-02-02 20:32:40",2325,1305,76868,-36.831372,-71.555505,7.35,174.4,9.58,40.25,26.5,2.2
"2026-02-02 20:32:41",2328,1308,76839,0,,6.8,171.4,9.61,40.25,,2.3
"2026-02-02 20:32:42",2332,1312,76810,0,,4.4,172,9.57,40.3,,2.3
"2026-02-02 20:32:43",2335,1315,76782,-36.831535,-71.555482,7.7,181.5,9.54,40.35,,2.4
"2026-02-02 20:32:44",2337,1317,76758,0,,8.45,171.3,9.54,40.35,,2.4
"2026-02-02 20:32:45",2340,1320,76735,0,,5.3,172,9.72,40.45,,2.4
"2026-02-02 20:32:46",2342,1322,76712,-36.831718,-71.555465,6.6,189.7,9.66,40.45,,2.5
"2026-02-02 20:32:47",2344,1324,76696,0,,7.55,172.8,9.6,40.5,,2.5
"2026-02-02 20:32:48",2346,1326,76682,0,,6.2,165,9.63,40.5,,2.5
"2026-02-02 20:32:49",2347,1327,76668,-36.831893,-71.55545,7.05,195.3,9.61,40.55,,2.5
"2026-02-02 20:32:50",2349,1329,76650,0,,7.4,197.5,9.55,40.5,,2.4
"2026-02-02 20:32:51",2351,1331,76633,0,,5.45,180.7,9.51,40.5,,2.4
"2026-02-02 20:32:52",2353,1333,76616,-36.832058,-71.555482,6.4,183.3,9.41,40.5,,2.3
"2026-02-02 20:32:53",2354,1334,76607,0,,8.1,185.3,9.4,40.7,,2.1
"2026-02-02 20:32:54",2355,1335,76598,0,,5.85,177,9.43,40.9,,1.9
"2026-02-02 20:32:55",2356,1336,76590,-36.832237,-71.555492,6.05,188.1,9.39,41.15,,1.7
"2026-02-02 20:32:56",2357,1337,76581,0,,6.75,194,9.28,41.35,,1.6
"2026-02-02 20:32:57",2358,1338,76572,0,,6.75,182,9.28,41.6,,1.5
"2026-02-02 20:32:58",2358,1338,76564,-36.832403,-71.555512,5.35,171.8,9.29,41.8,,1.3
"2026-02-02 20:33:00",2363,1343,76526,0,,7.75,178.9,9.19,42.05,,1.4
"2026-02-02 20:33:01",2365,1345,76508,-36.832582,-71.555503,5.45,186.9,9.21,42.1,,1.5
"2026-02-02 20:33:03",2369,1349,76469,0,,8.2,176.3,9.24,42.05,,1.5
"2026-02-02 20:33:04",2371,1351,76450,-36.832758,-71.555498,7.1,190.6,9.29,42.05,,1.5
"2026-02-02 20:33:06",2374,1354,76418,0,,5.95,175.8,9.15,42.05,,1.6
"2026-02-02 20:33:07",2376,1356,76402,-36.832925,-71.555493,6.45,182.1,9.13,41.95,26,1.7
"2026-02-02 20:33:09",2380,1360,76364,0,,6.2,157.6,8.97,41.95,,1.9
"2026-02-02 20:33:10",2382,1362,76346,-36.833092,-71.555447,5.45,170.7,9.13,42,,2
"2026-02-02 20:33:12",2386,1366,76311,0,,6.95,167.9,9.1,42.15,,2
"2026-02-02 20:33:13",2388,1368,76294,-36.833262,-71.555425,5,184,9.13,42.1,,2
"2026-02-02 20:33:15",2394,1374,76238,0,,7.2,178.5,8.99,42,,2.1
"2026-02-02 20:33:16",2397,1377,76212,-36.833425,-71.555435,6.05,180.8,9.02,42,,2.2
"2026-02-02 20:33:19",2405,1385,76136,-36.833595,-71.555455,7,169.5,8.85,42.35,,2.4
"2026-02-02 20:33:20",2407,1387,76116,0,,4.75,184,8.81,42.45,,2.4
"2026-02-02 20:33:21",2409,1389,76097,0,,6.7,184,8.74,42.65,,2.4
"2026-02-02 20:33:22",2411,1391,76078,-36.833762,-71.555455,6.85,173,8.72,42.7,,2.4
"2026-02-02 20:33:23",2415,1395,76046,0,,6.3,179.2,8.66,42.8,,2.5
"2026-02-02 20:33:24",2418,1398,76014,0,,6.3,179.2,8.7,42.9,,2.7
"2026-02-02 20:33:25",2422,1402,75982,-36.833937,-71.55547,5.45,184.9,8.67,42.9,,2.8
"2026-02-02 20:33:26",2426,1406,75946,0,,4.6,174.7,8.58,42.8,,2.9
"2026-02-02 20:33:27",2430,1410,75912,0,,7,182.2,8.52,42.85,,3
"2026-02-02 20:33:28",2433,1413,75878,-36.834095,-71.555483,6.4,196.2,8.5,42.9,,3
"2026-02-02 20:33:29",2436,1416,75850,0,,5.3,184.7,8.4,43,,3
"2026-02-02 20:33:30",2439,1419,75822,0,,6.45,173.3,8.33,43.1,,3
"2026-02-02 20:33:31",2442,1422,75794,-36.834265,-71.555493,7.9,185.9,8.27,43.25,,3.1
"2026-02-02 20:33:32",2446,1426,75766,0,,5.6,194.1,8.26,43.4,,3.2
"2026-02-02 20:33:33",2449,1429,75738,0,,5.65,180.4,8.25,43.5,,3.3
"2026-02-02 20:33:34",2452,1432,75710,-36.834435,-71.555517,8.15,185.7,8.24,43.55,26.25,3.4
"2026-02-02 20:33:35",2454,1434,75689,0,,6.9,187.3,8.27,43.65,,3.2
"2026-02-02 20:33:36",2456,1436,75669,0,,5.45,165.9,8.26,43.8,,3.1
"2026-02-02 20:33:37",2458,1438,75650,-36.834607,-71.555515,6.6,177.8,8.37,43.9,,3
"2026-02-02 20:33:38",2462,1442,75617,0,,6.5,195.4,8.41,44,,3.1
"2026-02-02 20:33:39",2465,1445,75584,0,,5.4,178.2,8.36,43.95,,3.1
"2026-02-02 20:33:40",2469,1449,75552,-36.834777,-71.555522,8.05,170.4,8.38,43.85,,3
"2026-02-02 20:33:41",2471,1451,75531,0,,7.9,187,8.38,43.7,,2.9
"2026-02-02 20:33:42",2473,1453,75511,0,,6.5,190.1,8.29,43.6,,2.9
"2026-02-02 20:33:43",2476,1456,75492,-36.834967,-71.555533,5.85,173.5,8.22,43.35,,2.8
"2026-02-02 20:33:44",2478,1458,75472,0,,6.75,168.6,8.3,43.1,,2.7
"2026-02-02 20:33:45",2480,1460,75452,0,,6.8,187.9,8.3,42.9,,2.7
"2026-02-02 20:33:46",2482,1462,75432,-36.835143,-71.555523,6.4,174.1,8.24,42.65,,2.6
"2026-02-02 20:33:47",2485,1465,75406,0,,8.2,170.5,8.3,42.45,,2.6
"2026-02-02 20:33:48",2488,1468,75382,0,,8.3,190,8.27,42.3,,2.6
"2026-02-02 20:33:49",2490,1470,75358,-36.835347,-71.555528,6.15,191.7,8.21,42.15,,2.7
"2026-02-02 20:33:50",2492,1472,75341,0,,5.85,177.1,8.29,42,,2.5
"2026-02-02 20:33:51",2494,1474,75324,0,,8.3,187.6,8.28,41.85,,2.4
"2026-02-02 20:33:52",2496,1476,75308,-36.83553,-71.555548,6.6,189.9,8.25,41.7,,2.2
"2026-02-02 20:33:53",2498,1478,75291,0,,6.2,180.2,8.27,41.55,,2.2
"2026-02-02 20:33:54",2500,1480,75274,0,,8.3,185.2,8.31,41.4,,2.2
"2026-02-02 20:33:55",2501,1481,75258,-36.835725,-71.555577,8,196.7,8.26,41.25,,2.2
"2026-02-02 20:33:56",2503,1483,75240,0,,7.05,187.9,8.19,41.15,,2.1
"2026-02-02 20:33:57",2505,1485,75223,0,,8.75,181.5,8.1,41.15,,2.1
"2026-02-02 20:33:58",2507,1487,75206,-36.835937,-71.555605,7.4,187.8,8.07,40.95,,2.1
"2026-02-02 20:33:59",2509,1489,75185,0,,6.8,181.7,8.04,40.8,,2.1
"2026-02-02 20:34:00",2512,1492,75164,0,,8.15,183.9,8.05,40.75,,2.1
"2026-02-02 20:34:01",2514,1494,75144,-36.836143,-71.555627,8.75,193.9,8.12,40.6,25.5,2
"2026-02-02 20:34:03",2516,1496,75122,0,,8.5,173.5,8.16,39.85,,1.9
"2026-02-02 20:34:04",2517,1497,75112,-36.836368,-71.55564,9.85,185.5,8.24,38.9,,1.8
"2026-02-02 20:34:05",2519,1499,75098,0,,8.15,191.4,8.25,37.7,,1.8
"2026-02-02 20:34:06",2520,1500,75086,0,,6.75,175.8,8.2,36.4,,1.7
"2026-02-02 20:34:07",2522,1502,75074,-36.83659,-71.555652,9.55,178.8,8.16,35.25,,1.7
"2026-02-02 20:34:08",2523,1503,75064,0,,8.6,187.9,8.19,34.35,,1.6
"2026-02-02 20:34:09",2524,1504,75054,0,,6.85,181.4,8.18,33.4,,1.6
"2026-02-02 20:34:10",2525,1505,75044,-36.836802,-71.555663,7.9,183.7,8.18,32.4,,1.5
"2026-02-02 20:34:11",2525,1505,75044,0,,8.9,190.9,8.19,31.3,,1.4
"2026-02-02 20:34:12",2525,1505,75044,0,,9.15,182.5,8.18,30.3,,1.2
"2026-02-02 20:34:13",2525,1505,75044,-36.837032,-71.555692,7.65,184,8.33,29.4,,1
"2026-02-02 20:34:14",2526,1506,75032,0,,8.2,200.3,8.4,28.5,,0.9
"2026-02-02 20:34:15",2527,1507,75021,0,,9.9,182.1,8.4,27.85,,0.9
"2026-02-02 20:34:16",2529,1509,75010,-36.837263,-71.555732,8.8,186.1,8.54,27.3,,0.9
"2026-02-02 20:34:18",2530,1510,75000,0,,9.1,176.1,8.55,26.35,,0.8
"2026-02-02 20:34:19",2530,1510,74996,-36.837498,-71.55575,9.5,184.8,8.56,25.95,,0.8
"2026-02-02 20:34:20",2531,1511,74989,0,,8.55,192.8,8.56,25.6,,0.7
"2026-02-02 20:34:21",2532,1512,74982,0,,7.75,176.3,8.52,25.15,,0.7
"2026-02-02 20:34:22",2532,1512,74976,-36.837728,-71.55577,9.35,183.4,8.6,24.7,,0.6
"2026-02-02 20:34:23",2533,1513,74973,0,,10.3,192.5,8.58,24.3,,0.6
"2026-02-02 20:34:24",2533,1513,74970,0,,7.75,182.1,8.58,23.85,,0.7
"2026-02-02 20:34:25",2533,1513,74968,-36.83797,-71.5558,9.2,182.9,8.55,23.55,,0.7
"2026-02-02 20:34:26",2534,1514,74963,0,,9.85,190.5,8.55,23.2,,0.6
"2026-02-02 20:34:27",2534,1514,74959,0,,7.55,181.9,8.57,22.8,,0.6
"2026-02-02 20:34:28",2535,1515,74956,-36.838202,-71.555825,8.55,184,8.59,22.55,25.75,0.5
"2026-02-02 20:34:29",2535,1515,74951,0,,8.85,192.6,8.59,22.2,,0.5
"2026-02-02 20:34:30",2536,1516,74946,0,,8.4,182.7,8.59,21.9,,0.5
"2026-02-02 20:34:31",2536,1516,74942,-36.838428,-71.555852,8.05,177.2,8.62,21.65,,0.5
"2026-02-02 20:34:32",2536,1516,74939,0,,9.35,189.5,8.59,21.3,,0.5
"2026-02-02 20:34:33",2537,1517,74937,0,,9.1,180.8,8.57,21.05,,0.4
"2026-02-02 20:34:34",2537,1517,74936,-36.838665,-71.555868,7.5,178.3,8.64,20.9,,0.4
"2026-02-02 20:34:35",2538,1518,74921,0,,9.65,191.4,8.66,20.7,,0.5
"2026-02-02 20:34:36",2540,1520,74906,0,,9.3,186.6,8.68,20.5,,0.6
"2026-02-02 20:34:37",2542,1522,74892,-36.838903,-71.555898,7.65,177.8,8.69,20.25,,0.7
"2026-02-02 20:34:38",2541,1521,74894,0,,9.05,184.2,8.67,20.1,,0.6
"2026-02-02 20:34:39",2541,1521,74897,0,,9.7,188,8.67,19.95,,0.6
"2026-02-02 20:34:40",2541,1521,74900,-36.839143,-71.55592,7.3,183,8.72,19.7,,0.5
"2026-02-02 20:34:41",2543,1523,74882,0,,9.05,187.8,8.74,19.35,,0.6
"2026-02-02 20:34:42",2545,1525,74864,0,,9.9,189.2,8.81,18.8,,0.7
"2026-02-02 20:34:43",2547,1527,74846,-36.83938,-71.555958,7.4,185,8.83,18.2,,0.9
"2026-02-02 20:34:44",2548,1528,74836,0,,8.65,184.7,8.83,17.75,,0.9
"2026-02-02 20:34:45",2549,1529,74826,0,,9.8,187.7,8.83,17.15,,1
"2026-02-02 20:34:46",2550,1530,74816,-36.839613,-71.555988,7.5,183.1,8.81,16.7,,1
"2026-02-02 20:34:47",2551,1531,74810,0,,8.15,181.5,8.87,16.4,,1.1
"2026-02-02 20:34:48",2551,1531,74805,0,,10.6,189.3,8.86,16.2,,1
"2026-02-02 20:34:49",2552,1532,74800,-36.839857,-71.55602,8.75,184.5,8.87,16,,0.9
"2026-02-02 20:34:50",2554,1534,74785,0,,8.25,186.9,8.85,15.65,,0.9
"2026-02-02 20:34:51",2555,1535,74770,0,,9.15,192.1,8.88,15.4,,1.1
"2026-02-02 20:34:52",2557,1537,74756,-36.840097,-71.556062,10.2,182.8,8.92,15.15,,1.2
"2026-02-02 20:34:53",2558,1538,74748,0,,8.35,183.3,9.1,14.95,,1.2
"2026-02-02 20:34:54",2558,1538,74741,0,,7.95,193.4,9.1,14.8,,1.1
"2026-02-02 20:34:55",2559,1539,74734,-36.840335,-71.556095,10.35,183.4,9.13,14.55,25.5,1
"2026-02-02 20:34:56",2561,1541,74718,0,,9.5,184.9,9.24,14.35,,1.1
"2026-02-02 20:34:57",2563,1543,74702,0,,8,190.8,9.15,14.1,,1.1
"2026-02-02 20:34:58",2565,1545,74686,-36.840577,-71.55613,8.8,182.7,9.07,14,,1.2
"2026-02-02 20:34:59",2565,1545,74685,0,,8.75,182.7,8.98,13.9,,1.1
"2026-02-02 20:35:00",2565,1545,74684,0,,8.1,195.1,8.96,13.85,,1.1
"2026-02-02 20:35:01",2565,1545,74684,-36.840798,-71.55617,8.65,175.1,8.96,13.75,,1
"2026-02-02 20:35:03",2568,1548,74653,0,,8,202.9,9.11,13.65,,1.1
"2026-02-02 20:35:04",2570,1550,74638,-36.841022,-71.556215,8.3,183.9,9.07,13.55,,1.1
"2026-02-02 20:35:05",2572,1552,74623,0,,8.8,184.8,9.13,13.45,,1.2
"2026-02-02 20:35:06",2573,1553,74609,0,,8,197.5,9.13,13.3,,1.2
"2026-02-02 20:35:07",2575,1555,74596,-36.841245,-71.556263,8.85,187.6,9.1,13.25,,1.3
"2026-02-02 20:35:08",2576,1556,74587,0,,9.1,185.3,9.13,13.1,,1.3
"2026-02-02 20:35:09",2577,1557,74578,0,,7.3,193.6,9.08,13.05,,1.2
"2026-02-02 20:35:10",2578,1558,74570,-36.841472,-71.556303,9.45,187.2,9.01,13,,1.1
"2026-02-02 20:35:11",2578,1558,74561,0,,9.55,184.7,9.04,12.95,,1.1
"2026-02-02 20:35:12",2579,1559,74553,0,,7.1,195.3,9.02,12.95,,1.2
"2026-02-02 20:35:13",2580,1560,74546,-36.841693,-71.556348,8.1,185.2,9.05,12.85,,1.3
"2026-02-02 20:35:14",2582,1562,74531,0,,9,185.7,9.13,12.75,,1.3
"2026-02-02 20:35:15",2583,1563,74516,0,,7.65,197.1,9.05,12.75,,1.3
"2026-02-02 20:35:16",2585,1565,74502,-36.841915,-71.556393,8.75,189.7,9.01,12.65,,1.3
"2026-02-02 20:35:18",2587,1567,74486,0,,6.8,191.9,9.1,12.6,,1.2
"2026-02-02 20:35:19",2588,1568,74478,-36.842135,-71.55643,8.5,194.9,9.04,12.55,,1.1
"2026-02-02 20:35:20",2588,1568,74476,0,,9.45,189.3,8.97,12.6,,1
"2026-02-02 20:35:21",2588,1568,74475,0,,6.9,185.2,9.13,12.55,,1
"2026-02-02 20:35:22",2588,1568,74474,-36.84235,-71.556475,7.9,189.8,9.13,12.55,25.5,0.9
"2026-02-02 20:35:23",2590,1570,74459,0,,9.8,187.6,9.08,12.55,,0.9
"2026-02-02 20:35:24",2592,1572,74444,0,,7.3,192.6,9.12,12.5,,1
"2026-02-02 20:35:25",2593,1573,74430,-36.842568,-71.556525,7.95,191.3,9.07,12.5,,1.1
"2026-02-02 20:35:26",2594,1574,74422,0,,9.3,186.7,9.07,12.45,,1.1
"2026-02-02 20:35:27",2595,1575,74415,0,,7.4,191.2,9.02,12.45,,1
"2026-02-02 20:35:28",2596,1576,74408,-36.842785,-71.556572,7.75,189.2,8.99,12.45,,0.9
"2026-02-02 20:35:30",2595,1575,74411,0,,7.9,193.5,8.93,12.4,,0.7
"2026-02-02 20:35:31",2595,1575,74414,-36.842998,-71.556612,7.55,189.8,8.94,12.5,,0.6
"2026-02-02 20:35:33",2599,1579,74376,0,,8,195.1,8.86,12.5,,0.9
"2026-02-02 20:35:34",2601,1581,74358,-36.843207,-71.556652,7,190.1,8.83,12.5,,1.1
"2026-02-02 20:35:36",2603,1583,74346,0,,8.7,193,8.84,12.5,,1
"2026-02-02 20:35:37",2603,1583,74340,-36.843422,-71.556693,8.05,188.7,8.85,12.55,,0.9
"2026-02-02 20:35:39",2603,1583,74342,0,,6.9,194.2,8.97,12.6,,0.7
"2026-02-02 20:35:40",2603,1583,74344,-36.843622,-71.556725,7.75,195.3,8.95,12.65,,0.6
"2026-02-02 20:35:42",2605,1585,74328,0,,6.85,186,8.93,13,,0.8
"2026-02-02 20:35:43",2605,1585,74320,-36.843832,-71.556758,7.1,194.4,8.93,13.15,,0.9
"2026-02-02 20:35:45",2607,1587,74309,0,,6.8,181.4,8.94,13.5,,0.8
"2026-02-02 20:35:46",2607,1587,74304,-36.844033,-71.556787,6.9,187.9,8.96,13.65,,0.6
"2026-02-02 20:35:48",2607,1587,74305,0,,8.5,189.9,9.05,13.95,,0.4
"2026-02-02 20:35:49",2607,1587,74306,-36.844228,-71.556822,6.4,184.7,9.08,14.05,25.75,0.3
"2026-02-02 20:35:50",2608,1588,74294,0,,8.75,177.4,9.15,14.2,,0.4
"2026-02-02 20:35:51",2610,1590,74283,0,,7.55,195.9,9.25,14.3,,0.6
"2026-02-02 20:35:52",2611,1591,74272,-36.844427,-71.556852,6.2,193.3,9.21,14.45,,0.7
"2026-02-02 20:35:53",2612,1592,74260,0,,7.15,178.5,9.31,14.5,,0.7
"2026-02-02 20:35:54",2614,1594,74248,0,,7.8,196,9.34,14.55,,0.7
"2026-02-02 20:35:55",2615,1595,74236,-36.844615,-71.556892,6.65,197.7,9.29,14.75,,0.8
"2026-02-02 20:35:56",2616,1596,74230,0,,7.35,178.8,9.3,14.95,,0.8
"2026-02-02 20:35:57",2616,1596,74224,0,,6.85,187,9.32,15.15,,0.8
"2026-02-02 20:35:58",2617,1597,74218,-36.8448,-71.556923,6.4,199.3,9.27,15.4,,0.8
"2026-02-02 20:35:59",2617,1597,74212,0,,8.6,189.1,9.15,15.65,,0.8
"2026-02-02 20:36:00",2618,1598,74207,0,,6.7,178.7,9.19,15.9,,0.8
"2026-02-02 20:36:01",2619,1599,74202,-36.84499,-71.556948,5.45,184.7,9.29,16.15,,0.9
"2026-02-02 20:36:02",2619,1599,74203,0,,7.45,190.7,9.25,16.35,,0.9
"2026-02-02 20:36:03",2618,1598,74204,0,,6.9,184.6,9.15,16.4,,0.8
"2026-02-02 20:36:04",2618,1598,74206,-36.845167,-71.556975,5.1,184.7,9.15,16.4,,0.7
"2026-02-02 20:36:05",2620,1600,74188,0,,6.5,179.6,9.21,16.35,,0.7
"2026-02-02 20:36:06",2622,1602,74170,0,,7.55,191.6,9.27,16.4,,0.8
"2026-02-02 20:36:07",2624,1604,74152,-36.845348,-71.556997,6.35,190.2,9.22,16.45,,0.8
"2026-02-02 20:36:08",2624,1604,74152,0,,7.75,178.1,9.24,16.5,,0.7
"2026-02-02 20:36:09",2624,1604,74153,0,,7.4,186.4,9.25,16.4,,0.7
"2026-02-02 20:36:10",2624,1604,74154,-36.845543,-71.557018,6.7,192.8,9.24,16.3,,0.6
"2026-02-02 20:36:11",2626,1606,74135,0,,7.4,176.6,9.15,16.2,,0.7
"2026-02-02 20:36:12",2628,1608,74117,0,,7.25,185.4,9.15,16.15,,0.8
"2026-02-02 20:36:13",2630,1610,74100,-36.845738,-71.557038,7.25,194.5,9.13,16.05,,0.9
"2026-02-02 20:36:14",2631,1611,74091,0,,7.35,179.4,9.13,16.05,,1
"2026-02-02 20:36:15",2632,1612,74083,0,,7.35,185.6,9.13,16,,1.1
"2026-02-02 20:36:16",2633,1613,74076,-36.845938,-71.557065,7.45,196.5,9.13,15.95,25.5,1.2
"2026-02-02 20:36:18",2631,1611,74089,0,,8.4,179.4,9.08,15.9,,0.9
"2026-02-02 20:36:19",2631,1611,74096,-36.846153,-71.557082,7.8,188.2,9.08,15.85,,0.6
"2026-02-02 20:36:20",2632,1612,74081,0,,6.5,176.6,9.1,15.75,,0.7
"2026-02-02 20:36:21",2634,1614,74066,0,,7.9,181.5,9.29,15.65,,0.8
"2026-02-02 20:36:22",2635,1615,74052,-36.846357,-71.55709,8.25,187.9,9.34,15.6,,1
"2026-02-02 20:36:23",2636,1616,74044,0,,6.45,177.3,9.32,15.5,,0.9
"2026-02-02 20:36:24",2637,1617,74037,0,,7.8,177.1,9.41,15.4,,0.8
"2026-02-02 20:36:25",2638,1618,74030,-36.846558,-71.557093,8.5,186.3,9.38,15.3,,0.7
"2026-02-02 20:36:26",2639,1619,74018,0,,6.95,186.3,9.37,15.25,,0.7
"2026-02-02 20:36:27",2641,1621,74006,0,,8,173.2,9.31,15.2,,0.7
"2026-02-02 20:36:28",2642,1622,73994,-36.84677,-71.557093,8.8,181,9.25,15.1,,0.8
"2026-02-02 20:36:29",2643,1623,73988,0,,7.05,187.3,9.22,15,,0.8
"2026-02-02 20:36:30",2643,1623,73983,0,,7.85,178.8,9.21,15,,1
"2026-02-02 20:36:31",2644,1624,73978,-36.846982,-71.557097,8.85,175.3,9.15,14.9,,1.1
"2026-02-02 20:36:33",2645,1625,73964,0,,7.5,186.4,9.29,14.8,,1
"2026-02-02 20:36:34",2646,1626,73958,-36.847183,-71.557097,8.65,182.1,9.3,14.8,,0.9
"2026-02-02 20:36:35",2647,1627,73948,0,,7.15,170,9.46,14.75,,0.9
"2026-02-02 20:36:36",2648,1628,73938,0,,6.9,186.8,9.53,14.75,,0.9
"2026-02-02 20:36:37",2649,1629,73928,-36.847383,-71.557092,8.05,181.2,9.48,14.65,,0.9
"2026-02-02 20:36:38",2651,1631,73917,0,,8,172,9.48,14.65,,1
"2026-02-02 20:36:39",2652,1632,73906,0,,7.75,185.5,9.43,14.65,,1
"2026-02-02 20:36:40",2653,1633,73896,-36.847593,-71.557088,7.35,178.8,9.4,14.6,,1
"2026-02-02 20:36:41",2654,1634,73887,0,,7.75,174.2,9.46,14.55,,0.9
"2026-02-02 20:36:42",2655,1635,73878,0,,8.1,186.4,9.44,14.55,,1
"2026-02-02 20:36:43",2656,1636,73870,-36.8478,-71.557085,7.25,176.9,9.39,14.45,25.5,1
"2026-02-02 20:36:44",2656,1636,73869,0,,6.45,169.7,9.39,14.45,,0.9
"2026-02-02 20:36:45",2656,1636,73868,0,,8.55,183.3,9.34,14.45,,0.9
"2026-02-02 20:36:46",2656,1636,73868,-36.847998,-71.557075,7,179.4,9.34,14.45,,0.8
"2026-02-02 20:36:48",2657,1637,73856,0,,8.75,180.2,9.31,14.45,,0.8
"2026-02-02 20:36:49",2658,1638,73850,-36.848198,-71.557067,6.85,180.2,9.33,14.45,,0.8
"2026-02-02 20:36:50",2660,1640,73837,0,,7.25,178.1,9.3,14.45,,0.8
"2026-02-02 20:36:51",2661,1641,73825,0,,8.4,178.2,9.36,14.45,,0.8
"2026-02-02 20:36:52",2662,1642,73814,-36.848398,-71.557058,6.4,179.6,9.37,14.45,,0.8
"2026-02-02 20:36:53",2664,1644,73801,0,,6.4,180.3,9.32,14.45,,0.8
"2026-02-02 20:36:54",2665,1645,73789,0,,9.1,181.9,9.31,14.45,,0.8
"2026-02-02 20:36:55",2666,1646,73778,-36.848598,-71.557058,7.05,174.6,9.37,14.45,,0.9
"2026-02-02 20:36:56",2668,1648,73761,0,,5.4,176.1,9.36,14.45,,1
"2026-02-02 20:36:57",2670,1650,73744,0,,8.1,187,9.31,14.45,,1.2
"2026-02-02 20:36:58",2672,1652,73728,-36.84879,-71.557053,8.35,174.5,9.27,14.45,,1.3
"2026-02-02 20:36:59",2673,1653,73719,0,,7.1,167.5,9.34,14.45,,1.3
"2026-02-02 20:37:00",2674,1654,73710,0,,7.8,190.9,9.31,14.45,,1.4
"2026-02-02 20:37:01",2675,1655,73702,-36.848995,-71.557048,7.9,179.7,9.26,14.45,,1.4
"2026-02-02 20:37:02",2676,1656,73691,0,,6.55,165.4,9.31,14.45,,1.4
"2026-02-02 20:37:03",2677,1657,73681,0,,7.6,185.3,9.29,14.45,,1.3
"2026-02-02 20:37:04",2678,1658,73672,-36.849193,-71.55704,8.2,185.5,9.22,14.45,,1.3
"2026-02-02 20:37:05",2679,1659,73664,0,,6.4,171.1,9.17,14.5,,1.3
"2026-02-02 20:37:06",2680,1660,73656,0,,7.75,176.5,9.13,14.5,,1.3
"2026-02-02 20:37:07",2681,1661,73648,-36.849397,-71.557032,8.85,183.8,9.13,14.5,,1.2
"2026-02-02 20:37:08",2682,1662,73636,0,,6.1,180.8,9.13,14.5,,1.2
"2026-02-02 20:37:09",2683,1663,73625,0,,7.25,170.2,9.12,14.55,,1.2
"2026-02-02 20:37:10",2685,1665,73614,-36.849595,-71.557018,8.55,175.8,9.1,14.55,25,1.1
"2026-02-02 20:37:11",2685,1665,73612,0,,6.95,188.1,9.13,14.5,,1
"2026-02-02 20:37:12",2685,1665,73611,0,,7.2,175.6,9.12,14.55,,0.9
"2026-02-02 20:37:13",2685,1665,73610,-36.849797,-71.55701,8.35,169.8,9.13,14.55,,0.9
"2026-02-02 20:37:14",2687,1667,73594,0,,7.4,182.3,9.13,14.55,,0.9
"2026-02-02 20:37:15",2689,1669,73579,0,,7.05,177.9,9.1,14.6,,1
"2026-02-02 20:37:16",2690,1670,73564,-36.850002,-71.556997,8.45,170.9,9.01,14.6,,1
"2026-02-02 20:37:17",2691,1671,73554,0,,,,8.98,14.65,,1
"2026-02-02 20:37:18",2692,1672,73545,0,,,,8.93,14.65,,1
"2026-02-02 20:37:19",2694,1674,73536,0,,,,8.87,14.65,,1
"2026-02-02 20:37:20",2695,1675,73525,0,,7.5,171.2,8.83,14.65,,1
"2026-02-02 20:37:21",2696,1676,73515,0,,6.8,180.6,8.85,14.7,,1
"2026-02-02 20:37:22",2697,1677,73506,-36.850408,-71.556972,8.8,177.2,8.82,14.7,,1
"2026-02-02 20:37:23",2698,1678,73496,0,,7.9,179.1,8.83,14.75,,1.1
"2026-02-02 20:37:24",2699,1679,73486,0,,6.65,175.7,8.88,14.8,,1.2
"2026-02-02 20:37:25",2700,1680,73476,-36.850613,-71.55696,8.65,173.7,8.87,14.8,,1.3
"2026-02-02 20:37:26",2702,1682,73458,0,,8.3,181.9,8.93,14.8,,1.3
"2026-02-02 20:37:27",2704,1684,73440,0,,6.2,173.9,8.88,14.8,,1.3
"2026-02-02 20:37:28",2706,1686,73422,-36.85081,-71.556942,7.4,166.4,8.88,14.85,,1.4
"2026-02-02 20:37:29",2708,1688,73409,0,,7.55,184.3,9.02,14.85,,1.3
"2026-02-02 20:37:30",2709,1689,73396,0,,7.4,180.2,8.97,14.85,,1.4
"2026-02-02 20:37:31",2711,1691,73384,-36.85101,-71.556928,7.9,166.2,8.89,14.85,,1.4
"2026-02-02 20:37:33",2713,1693,73361,0,,7.65,179,8.83,14.9,,1.4
"2026-02-02 20:37:34",2715,1695,73350,-36.85121,-71.556905,7.9,168,8.78,14.9,,1.4
"2026-02-02 20:37:35",2716,1696,73337,0,,6.75,170.6,8.77,14.9,,1.5
"2026-02-02 20:37:36",2717,1697,73324,0,,8.45,183.5,8.77,14.95,,1.5
"2026-02-02 20:37:37",2719,1699,73312,-36.851413,-71.556888,8.1,173.2,8.78,14.95,25.5,1.5
"2026-02-02 20:37:38",2720,1700,73301,0,,6.4,172.1,8.77,14.95,,1.5
"2026-02-02 20:37:39",2721,1701,73290,0,,8.1,180.3,8.82,14.95,,1.4
"2026-02-02 20:37:40",2723,1703,73280,-36.851615,-71.55687,8.5,175.1,8.81,15,,1.3
"2026-02-02 20:37:41",2724,1704,73266,0,,,,8.75,15,,1.4
"2026-02-02 20:37:42",2726,1706,73252,0,,,,8.77,15,,1.4
"2026-02-02 20:37:43",2727,1707,73238,0,,,,8.77,15.05,,1.4
"2026-02-02 20:37:44",2729,1709,73225,0,,6.75,169.4,8.71,15.05,,1.4
"2026-02-02 20:37:45",2730,1710,73212,0,,8.15,174.2,8.83,15.1,,1.4
"2026-02-02 20:37:46",2732,1712,73200,-36.852013,-71.556822,7.6,180,8.83,15.15,,1.4
"2026-02-02 20:37:47",2733,1713,73184,0,,6.95,167.8,8.84,15.15,,1.5
"2026-02-02 20:37:48",2735,1715,73168,0,,7.6,175.7,9.01,15.15,,1.5
"2026-02-02 20:37:49",2737,1717,73152,-36.852208,-71.556797,8.2,178.1,8.97,15.2,,1.5
"2026-02-02 20:37:50",2738,1718,73139,0,,7.75,170.6,8.88,15.2,,1.5
"2026-02-02 20:37:51",2740,1720,73127,0,,7.4,178,8.83,15.15,,1.5
"2026-02-02 20:37:52",2741,1721,73116,-36.852412,-71.556778,8.2,181.8,8.81,15.15,,1.5
"2026-02-02 20:37:53",2743,1723,73097,0,,8.05,168,8.81,15.15,,1.6
"2026-02-02 20:37:54",2745,1725,73078,0,,7.3,175.1,8.8,15.15,,1.6
"2026-02-02 20:37:55",2747,1727,73060,-36.852613,-71.55675,7.05,179.2,8.72,15.15,,1.7
"2026-02-02 20:37:56",2749,1729,73042,0,,7.75,164.1,8.73,15.15,,1.7
"2026-02-02 20:37:57",2751,1731,73025,0,,7.85,177.7,8.71,15.2,,1.8
"2026-02-02 20:37:58",2753,1733,73008,-36.852808,-71.55672,6.8,181.4,8.68,15.2,,1.8
"2026-02-02 20:38:00",2758,1738,72965,0,,7.45,171.8,8.64,15.2,,1.9
"2026-02-02 20:38:01",2761,1741,72944,-36.852997,-71.556673,7.1,173.9,8.59,15.25,,2
"2026-02-02 20:38:03",2766,1746,72898,0,,8.95,160.2,8.64,15.3,,2.2
"2026-02-02 20:38:04",2768,1748,72876,-36.853192,-71.556588,7.85,166.6,8.67,15.3,25.5,2.3
"2026-02-02 20:38:06",2773,1753,72837,0,,9.45,154.3,8.71,15.3,,2.3
"2026-02-02 20:38:07",2775,1755,72818,-36.85339,-71.556482,6.9,166.8,8.69,15.3,,2.3
"2026-02-02 20:38:09",2778,1758,72792,0,,7.85,142.6,8.65,15.25,,2.2
"2026-02-02 20:38:10",2779,1759,72780,-36.85355,-71.556365,7.85,157.8,8.78,15.2,,2.1
"2026-02-02 20:38:12",2783,1763,72743,0,,7.7,154.1,8.7,15,,2.1
"2026-02-02 20:38:13",2785,1765,72726,-36.853743,-71.556248,8.85,151.7,8.65,14.85,,2
"2026-02-02 20:38:15",2789,1769,72690,0,,6.75,143.7,8.68,14.55,,2.1
"2026-02-02 20:38:16",2791,1771,72672,-36.853925,-71.55611,8.6,148.3,8.62,14.35,,2
"2026-02-02 20:38:19",2798,1778,72614,-36.854117,-71.555967,8.2,146.3,8.65,13.8,,2
"2026-02-02 20:38:21",2803,1783,72571,0,,7,149.1,8.64,13.55,,2.1
"2026-02-02 20:38:22",2805,1785,72550,-36.854292,-71.555815,7,141.5,8.6,13.4,,2.2
"2026-02-02 20:38:23",2806,1786,72543,0,,8.85,149,8.56,13.3,,2.1
"2026-02-02 20:38:24",2807,1787,72537,0,,8.4,150.5,8.64,13.15,,2
"2026-02-02 20:38:25",2807,1787,72532,-36.85447,-71.555673,6.05,140.5,8.65,13.05,,1.9
"2026-02-02 20:38:26",2811,1791,72499,0,,8.4,148.2,8.67,12.95,,2
"2026-02-02 20:38:27",2815,1795,72466,0,,9.1,149.2,8.66,12.8,,2.1
"2026-02-02 20:38:28",2819,1799,72434,-36.854648,-71.555522,6.9,137.6,8.59,12.7,,2.3
"2026-02-02 20:38:29",2820,1800,72419,0,,6.6,145.4,8.54,12.65,,2.2
"2026-02-02 20:38:30",2822,1802,72404,0,,8.75,152.4,8.51,12.65,,2.2
"2026-02-02 20:38:31",2824,1804,72390,-36.854813,-71.555378,7.25,136.1,8.45,12.55,24.75,2.1
"2026-02-02 20:38:32",2825,1805,72380,0,,7.1,144.1,8.45,12.5,,2.1
"2026-02-02 20:38:33",2826,1806,72370,0,,9.1,148.4,8.37,12.5,,1.9
"2026-02-02 20:38:34",2827,1807,72360,-36.854985,-71.555222,7.5,138.6,8.45,12.45,,1.8
"2026-02-02 20:38:35",2831,1811,72328,0,,6.8,139.9,8.41,12.4,,2
"2026-02-02 20:38:36",2834,1814,72296,0,,9.2,153.1,8.39,12.4,,2.2
"2026-02-02 20:38:37",2838,1818,72264,-36.85516,-71.555067,8.05,138.2,8.37,12.4,,2.4
"2026-02-02 20:38:38",2840,1820,72244,0,,7.1,135.3,8.42,12.4,,2.4
"2026-02-02 20:38:39",2843,1823,72225,0,,8,152.8,8.44,12.4,,2.3
"2026-02-02 20:38:40",2845,1825,72206,-36.85533,-71.554908,8.5,139.1,8.42,12.4,,2.2
"2026-02-02 20:38:41",2846,1826,72199,0,,7.75,139.1,8.62,12.4,,2.1
"2026-02-02 20:38:42",2846,1826,72192,0,,7.3,156.8,8.55,12.4,,2
"2026-02-02 20:38:43",2847,1827,72186,-36.855502,-71.55476,8.35,141.3,8.5,12.35,,1.9
"2026-02-02 20:38:44",2851,1831,72150,0,,8,139.7,8.42,12.35,,2.1
"2026-02-02 20:38:45",2855,1835,72115,0,,6.85,154.1,8.37,12.35,,2.3
"2026-02-02 20:38:46",2859,1839,72080,-36.855673,-71.554613,8.55,144.9,8.34,12.35,,2.6
"2026-02-02 20:38:47",2861,1841,72065,0,,8.15,136.8,8.36,12.35,,2.5
"2026-02-02 20:38:48",2863,1843,72050,0,,6.35,149.6,8.4,12.4,,2.3
"2026-02-02 20:38:49",2864,1844,72036,-36.855838,-71.554458,7.9,142.4,8.35,12.4,,2.2
"2026-02-02 20:38:50",2868,1848,72006,0,,8.5,137.6,8.3,12.45,,2.3
"2026-02-02 20:38:51",2871,1851,71978,0,,7.45,150,8.26,12.4,,2.4
"2026-02-02 20:38:52",2874,1854,71950,-36.856002,-71.554302,6.55,136.7,8.2,12.45,,2.4
"2026-02-02 20:38:53",2875,1855,71942,0,,8.45,135.9,8.11,12.4,,2.5
"2026-02-02 20:38:54",2876,1856,71935,0,,8.3,144.6,8.11,12.55,,2.5
"2026-02-02 20:38:55",2877,1857,71928,-36.85616,-71.554138,5.55,139.5,8.14,12.65,,2.5
"2026-02-02 20:38:56",2881,1861,71892,0,,7.55,141.4,8.1,12.75,,2.6
"2026-02-02 20:38:57",2885,1865,71857,0,,8.6,143.4,8.14,12.85,,2.6
"2026-02-02 20:38:58",2889,1869,71822,-36.856317,-71.553982,6.55,136.4,8.11,12.95,25,2.6
"2026-02-02 20:38:59",2890,1870,71810,0,,6.55,141.2,8.09,13,,2.4
"2026-02-02 20:39:00",2892,1872,71799,0,,8.55,147,8.08,13,,2.4
"2026-02-02 20:39:01",2893,1873,71788,-36.856473,-71.55383,7,134.5,8.14,13.1,,2.4
"2026-02-02 20:39:04",2900,1880,71726,-36.856635,-71.553668,7.1,140.2,8.16,13.35,,2.2
"2026-02-02 20:39:05",2902,1882,71707,0,,7.15,135.6,8.14,13.4,,2.3
"2026-02-02 20:39:06",2904,1884,71689,0,,9.1,148,8.08,13.4,,2.4
"2026-02-02 20:39:07",2906,1886,71672,-36.856802,-71.553508,7.5,141.1,8.08,13.45,,2.5
"2026-02-02 20:39:08",2910,1890,71639,0,,6.55,132.3,8.04,13.45,,2.4
"2026-02-02 20:39:09",2914,1894,71606,0,,8.15,146.6,8.01,13.5,,2.4
"2026-02-02 20:39:10",2918,1898,71574,-36.85696,-71.553347,7.75,138.6,7.97,13.55,,2.4
"2026-02-02 20:39:11",2919,1899,71565,0,,7.1,136.5,8.01,13.55,,2.3
"2026-02-02 20:39:12",2920,1900,71556,0,,8.2,150,7.96,13.55,,2.3
"2026-02-02 20:39:13",2921,1901,71548,-36.857122,-71.553193,7.25,140.9,7.93,13.6,,2.2
"2026-02-02 20:39:14",2923,1903,71522,0,,7.25,132.3,7.89,13.6,,2.4
"2026-02-02 20:39:15",2926,1906,71497,0,,8.9,146.8,7.82,13.65,,2.4
"2026-02-02 20:39:16",2929,1909,71472,-36.857287,-71.55303,7.1,143.1,7.85,13.65,,2.4
"2026-02-02 20:39:18",2934,1914,71429,0,,9.35,142.3,7.76,13.65,,2.5
"2026-02-02 20:39:19",2937,1917,71408,-36.857452,-71.552863,7.9,144.4,7.86,13.75,,2.5
"2026-02-02 20:39:20",2940,1920,71382,0,,6.5,140.7,7.81,13.8,,2.5
"2026-02-02 20:39:21",2943,1923,71358,0,,8.75,141.5,7.74,13.85,,2.4
"2026-02-02 20:39:22",2945,1925,71334,-36.857615,-71.5527,8.15,140.4,7.78,13.9,,2.3
"2026-02-02 20:39:23",2948,1928,71313,0,,6.9,141.8,7.76,13.95,,2.4
"2026-02-02 20:39:24",2950,1930,71292,0,,8.75,141.7,7.69,13.95,,2.5
"2026-02-02 20:39:25",2953,1933,71272,-36.85778,-71.552535,7.7,143.2,7.8,13.95,24.5,2.7
"2026-02-02 20:39:26",2955,1935,71249,0,,6.15,141.5,7.74,14,,2.6
"2026-02-02 20:39:27",2958,1938,71225,0,,8.95,139.2,7.65,14,,2.6
"2026-02-02 20:39:28",2961,1941,71202,-36.857942,-71.552372,8.25,144.2,7.74,14.05,,2.6
"2026-02-02 20:39:29",2964,1944,71174,0,,6.55,149.5,7.65,14.1,,2.6
"2026-02-02 20:39:30",2967,1947,71147,0,,8.35,138.3,7.53,14.25,,2.7
"2026-02-02 20:39:31",2970,1950,71120,-36.858105,-71.552215,8.5,140.9,7.61,14.35,,2.8
"2026-02-02 20:39:32",2972,1952,71103,0,,6.6,145.4,7.6,14.35,,2.7
"2026-02-02 20:39:33",2974,1954,71086,0,,8.15,139.2,7.5,14.4,,2.6
"2026-02-02 20:39:34",2976,1956,71070,-36.858268,-71.55205,8.9,142,7.6,14.45,,2.6
"2026-02-02 20:39:35",2978,1958,71048,0,,7,154.6,7.51,14.5,,2.6
"2026-02-02 20:39:36",2981,1961,71026,0,,7.85,139.2,7.41,14.5,,2.6
"2026-02-02 20:39:37",2984,1964,71004,-36.858438,-71.551892,8.8,138.6,7.49,14.55,,2.6
"2026-02-02 20:39:38",2987,1967,70976,0,,7.15,151.4,7.42,14.6,,2.6
"2026-02-02 20:39:39",2990,1970,70950,0,,7.6,139.1,7.32,14.65,,2.7
"2026-02-02 20:39:40",2993,1973,70924,-36.858603,-71.551728,8.55,138.6,7.32,14.65,,2.7
"2026-02-02 20:39:41",2996,1976,70896,0,,8.35,154.1,7.26,14.7,,2.7
"2026-02-02 20:39:42",2999,1979,70868,0,,7.65,138.3,7.2,14.7,,2.7
"2026-02-02 20:39:43",3003,1983,70840,-36.858778,-71.55157,8.05,138.8,7.15,14.65,,2.7
"2026-02-02 20:39:44",3005,1985,70820,0,,7.85,150.1,7.1,14.65,,2.7
"2026-02-02 20:39:45",3007,1987,70801,0,,8.2,141.9,7.07,14.6,,2.8
"2026-02-02 20:39:46",3009,1989,70782,-36.85895,-71.551408,7.85,136.4,7.16,14.65,,2.8
"2026-02-02 20:39:47",3013,1993,70755,0,,7.55,156.9,7.15,14.6,,2.8
"2026-02-02 20:39:48",3016,1996,70728,0,,8.35,142.1,7.11,14.6,,2.9
"2026-02-02 20:39:49",3019,1999,70702,-36.859127,-71.551253,8.2,138,7.09,14.6,,2.9
"2026-02-02 20:39:50",3021,2001,70684,0,,7.9,151.6,7.06,14.6,,2.8
"2026-02-02 20:39:51",3023,2003,70667,0,,8.25,142.9,6.98,14.6,,2.7
"2026-02-02 20:39:52",3025,2005,70650,-36.859303,-71.551092,8.5,138.3,7.04,14.6,24.25,2.7
"2026-02-02 20:39:53",3028,2008,70619,0,,8.3,152.1,6.97,14.6,,2.7
"2026-02-02 20:39:54",3032,2012,70587,0,,7.7,142.9,6.89,14.6,,2.8
"2026-02-02 20:39:55",3036,2016,70556,-36.859482,-71.550933,8.4,139,6.85,14.6,,2.8
"2026-02-02 20:39:56",3039,2019,70531,0,,9.05,152.6,6.78,14.55,,2.8
"2026-02-02 20:39:57",3042,2022,70505,0,,7.8,142.6,6.76,14.55,,2.8
"2026-02-02 20:39:58",3045,2025,70480,-36.859663,-71.550778,7.45,141.3,6.74,14.5,,2.9
"2026-02-02 20:39:59",3047,2027,70457,0,,8.4,155,6.71,14.5,,2.9
"2026-02-02 20:40:00",3050,2030,70434,0,,9.05,143.4,6.68,14.5,,2.9
"2026-02-02 20:40:01",3053,2033,70412,-36.85985,-71.550618,8.05,134.7,6.76,14.4,,2.8
"2026-02-02 20:40:03",3058,2038,70369,0,,9.15,145.7,6.64,14.35,,2.8
"2026-02-02 20:40:04",3060,2040,70348,-36.860033,-71.550458,8.95,138.3,6.72,14.35,,2.9
"2026-02-02 20:40:05",3062,2042,70328,0,,7.65,150.8,6.68,14.3,,2.9
"2026-02-02 20:40:06",3065,2045,70308,0,,8.5,145.1,6.62,14.25,,2.8
"2026-02-02 20:40:07",3067,2047,70288,-36.860215,-71.550292,9,135.9,6.63,14.2,,2.7
"2026-02-02 20:40:08",3070,2050,70266,0,,8.45,151.1,6.58,14.2,,2.6
"2026-02-02 20:40:09",3072,2052,70244,0,,8.25,150.3,6.51,14.15,,2.6
"2026-02-02 20:40:10",3075,2055,70222,-36.860403,-71.550132,8.4,135.9,6.52,14.1,,2.6
"2026-02-02 20:40:11",3078,2058,70193,0,,8.6,148.1,6.46,14.1,,2.6
"2026-02-02 20:40:12",3081,2061,70165,0,,8.65,149.5,6.43,14.1,,2.6
"2026-02-02 20:40:13",3085,2065,70138,-36.86059,-71.549968,8.35,137.8,6.45,14.05,,2.7
"2026-02-02 20:40:14",3088,2068,70113,0,,8.35,137.8,6.43,14.05,,2.7
"2026-02-02 20:40:15",3090,2070,70089,0,,8.45,149.1,6.4,14.05,,2.7
"2026-02-02 20:40:16",3093,2073,70066,-36.860778,-71.549805,8.65,137.7,6.45,14,,2.7
"2026-02-02 20:40:18",3099,2079,70019,0,,8.5,150.5,6.35,14,,2.8
"2026-02-02 20:40:19",3101,2081,69996,-36.860967,-71.549645,8.75,138,6.38,14,23.5,2.8
"2026-02-02 20:40:20",3104,2084,69970,0,,8.75,138,6.34,14,,2.9
"2026-02-02 20:40:21",3107,2087,69944,0,,8.35,147.5,6.31,14,,2.9
"2026-02-02 20:40:22",3111,2091,69918,-36.861152,-71.54948,9.15,138.6,6.33,14,,3
"2026-02-02 20:40:23",3113,2093,69894,0,,8.4,146.7,6.32,14,,2.9
"2026-02-02 20:40:24",3116,2096,69871,0,,8.9,149.4,6.26,14,,2.9
"2026-02-02 20:40:25",3119,2099,69848,-36.861347,-71.549317,8.95,142.5,6.33,14,,2.8
"2026-02-02 20:40:26",3122,2102,69818,0,,7,145.2,6.33,14,,2.9
"2026-02-02 20:40:27",3126,2106,69787,0,,8.85,143.6,6.23,14,,3
"2026-02-02 20:40:28",3130,2110,69756,-36.86153,-71.549155,9.5,145.5,6.32,14,,3
"2026-02-02 20:40:30",3134,2114,69717,0,,8.5,139.7,6.15,13.95,,2.9
"2026-02-02 20:40:31",3136,2116,69698,-36.861715,-71.548998,9.6,141.3,6.19,13.95,,2.9
"2026-02-02 20:40:33",3142,2122,69651,0,,8.4,144.1,5.98,13.95,,2.9
"2026-02-02 20:40:34",3145,2125,69628,-36.861903,-71.548833,9.5,139.3,6.01,13.95,,2.9
"2026-02-02 20:40:36",3150,2130,69580,0,,8.35,150.1,5.92,14,,2.9
"2026-02-02 20:40:37",3153,2133,69556,-36.8621,-71.548673,10.2,141.8,5.92,14,,2.9
"2026-02-02 20:40:39",3161,2141,69489,0,,7.75,149.6,5.87,14,,2.9
"2026-02-02 20:40:40",3165,2145,69456,-36.86229,-71.548507,10,148.4,5.82,14,,2.9
"2026-02-02 20:40:42",3171,2151,69405,0,,7.8,141.3,5.82,14.1,,3
"2026-02-02 20:40:43",3174,2154,69380,-36.862477,-71.548333,9.7,145.7,5.73,14.1,,3.1
"2026-02-02 20:40:45",3179,2159,69338,0,,7.7,144.7,5.72,14.15,,3
"2026-02-02 20:40:46",3181,2161,69318,-36.862657,-71.548172,9.5,137.9,5.6,14.15,23,3
"2026-02-02 20:40:48",3187,2167,69269,0,,7.8,148.8,5.44,14.2,,3.1
"2026-02-02 20:40:49",3190,2170,69246,-36.862847,-71.548008,8.65,136.4,5.34,14.2,,3.1
"2026-02-02 20:40:51",3196,2176,69197,0,,8.55,151,5.29,14.25,,2.9
"2026-02-02 20:40:52",3198,2178,69174,-36.86304,-71.547837,8.7,135.6,5.23,14.25,,2.8
"2026-02-02 20:40:53",3201,2181,69151,0,,8.8,145.6,5.29,14.3,,2.8
"2026-02-02 20:40:54",3204,2184,69128,0,,8.8,153.3,5.3,14.3,,2.7
"2026-02-02 20:40:55",3206,2186,69106,-36.863232,-71.547673,8.35,135.3,5.2,14.35,,2.7
"2026-02-02 20:40:56",3208,2188,69093,0,,8.5,137,5.23,14.4,,2.6
"2026-02-02 20:40:57",3209,2189,69080,0,,8.9,152.6,5.2,14.4,,2.5
"2026-02-02 20:40:58",3211,2191,69068,-36.863412,-71.547503,8.3,139.4,5.19,14.45,,2.5
"2026-02-02 20:40:59",3215,2195,69031,0,,8.25,142,5.26,14.45,,2.6
"2026-02-02 20:41:00",3220,2200,68995,0,,9.3,151.7,5.22,14.45,,2.7
"2026-02-02 20:41:01",3224,2204,68960,-36.863602,-71.54734,8.2,141,5.15,14.5,,2.8
"2026-02-02 20:41:02",3225,2205,68945,0,,8.7,139.1,5.04,14.55,,2.7
"2026-02-02 20:41:03",3227,2207,68930,0,,9.25,146.2,4.96,14.55,,2.6
"2026-02-02 20:41:04",3229,2209,68916,-36.863792,-71.547167,7.95,143.1,4.95,14.6,,2.6
"2026-02-02 20:41:05",3233,2213,68879,0,,8.2,144.2,4.95,14.6,,2.7
"2026-02-02 20:41:06",3238,2218,68843,0,,9.5,147.3,4.96,14.7,,2.8
"2026-02-02 20:41:07",3242,2222,68808,-36.86398,-71.547,7.7,139.1,4.9,14.75,,2.9
"2026-02-02 20:41:08",3245,2225,68783,0,,8.15,142.6,4.86,14.8,,3.1
"2026-02-02 20:41:09",3247,2227,68759,0,,9.55,149.4,4.83,14.85,,3.2
"2026-02-02 20:41:10",3250,2230,68736,-36.864167,-71.54683,8.3,135.6,4.8,14.95,,3.3
"2026-02-02 20:41:11",3252,2232,68718,0,,7.6,141.2,4.76,15,,3.2
"2026-02-02 20:41:12",3254,2234,68701,0,,9.05,150.8,4.75,15.05,,3
"2026-02-02 20:41:13",3257,2237,68684,-36.86435,-71.546663,8.9,136.7,4.71,15.1,23.25,2.9
"2026-02-02 20:41:14",3259,2239,68667,0,,8.15,142.6,4.81,15.15,,2.8
"2026-02-02 20:41:15",3260,2240,68650,0,,8.55,150.5,4.76,15.2,,2.8
"2026-02-02 20:41:16",3262,2242,68634,-36.864537,-71.5465,8.75,139.2,4.71,15.2,,2.8
"2026-02-02 20:41:18",3270,2250,68566,0,,8.65,150.3,4.81,15.2,,2.7
"2026-02-02 20:41:19",3274,2254,68534,-36.864732,-71.546327,7.35,142.4,4.73,15.2,,2.7
"2026-02-02 20:41:20",3277,2257,68509,0,,9.55,145.7,4.73,15.2,,2.7
"2026-02-02 20:41:21",3280,2260,68484,0,,9.55,146.7,4.7,15.15,,2.7
"2026-02-02 20:41:22",3283,2263,68460,-36.86493,-71.546155,7.75,141.1,4.64,15.15,,2.7
"2026-02-02 20:41:23",3286,2266,68435,0,,8.4,147.6,4.55,15.15,,2.8
"2026-02-02 20:41:24",3289,2269,68409,0,,9.5,145.3,4.52,15.15,,2.9
"2026-02-02 20:41:25",3292,2272,68384,-36.865122,-71.545983,8.55,136.5,4.45,15.15,,3
"2026-02-02 20:41:26",3295,2275,68363,0,,8.4,147.7,4.4,15.1,,3
"2026-02-02 20:41:27",3297,2277,68343,0,,9,148.3,4.38,15.1,,3
"2026-02-02 20:41:28",3299,2279,68324,-36.865313,-71.545813,8.75,136.2,4.31,15.1,,3.1
"2026-02-02 20:41:29",3301,2281,68311,0,,9.55,141.3,4.37,15.15,,2.9
"2026-02-02 20:41:30",3302,2282,68299,0,,8.65,150,4.37,15.15,,2.7
"2026-02-02 20:41:31",3304,2284,68288,-36.865505,-71.545642,7.75,140.8,4.35,15.2,,2.4
"2026-02-02 20:41:33",3312,2292,68221,0,,9,147.6,4.4,15.25,,2.6
"2026-02-02 20:41:34",3316,2296,68188,-36.865703,-71.545475,7.7,143.1,4.34,15.25,,2.7
"2026-02-02 20:41:35",3319,2299,68162,0,,9.5,146.4,4.3,15.3,,2.7
"2026-02-02 20:41:36",3322,2302,68137,0,,9.25,144.1,4.28,15.3,,2.7
"2026-02-02 20:41:37",3325,2305,68112,-36.865898,-71.545302,8,138.7,4.21,15.35,,2.7
"2026-02-02 20:41:38",3327,2307,68098,0,,8.75,149.7,4.18,15.4,,2.6
"2026-02-02 20:41:39",3328,2308,68084,0,,9.85,147.6,4.12,15.45,,2.6
"2026-02-02 20:41:40",3330,2310,68070,-36.866095,-71.54513,8.1,134.5,4.09,15.5,22.5,2.5
"2026-02-02 20:41:41",3333,2313,68041,0,,8.35,148.1,4.13,15.55,,2.6
"2026-02-02 20:41:42",3337,2317,68012,0,,9.6,150.2,4.13,15.6,,2.8
"2026-02-02 20:41:43",3340,2320,67984,-36.866288,-71.544962,8.15,136.4,4.06,15.65,,2.9
"2026-02-02 20:41:44",3342,2322,67966,0,,8.65,138.1,4.07,15.7,,3
"2026-02-02 20:41:45",3344,2324,67950,0,,9.85,149.6,4.08,15.75,,2.7
"2026-02-02 20:41:46",3346,2326,67934,-36.86648,-71.544785,8.05,142.2,4.05,15.8,,2.5
"2026-02-02 20:41:47",3350,2330,67905,0,,8.2,140.8,4.02,15.9,,2.6
"2026-02-02 20:41:48",3353,2333,67876,0,,9.85,148.4,4.14,15.9,,2.6
"2026-02-02 20:41:49",3357,2337,67848,-36.866677,-71.54462,7.65,148,4.09,16,,2.6
"2026-02-02 20:41:50",3359,2339,67828,0,,8.25,139.7,4.02,16.05,,2.7
"2026-02-02 20:41:51",3361,2341,67809,0,,10.3,146.2,4.02,16.1,,2.7
"2026-02-02 20:41:52",3364,2344,67790,-36.866873,-71.544447,8.1,146.8,3.98,16.15,,2.8
"2026-02-02 20:41:53",3366,2346,67766,0,,8.1,144.5,3.93,16.2,,2.8
"2026-02-02 20:41:54",3369,2349,67742,0,,10.3,148,3.82,16.2,,2.7
"2026-02-02 20:41:55",3372,2352,67718,-36.867082,-71.544278,8.8,142.1,3.83,16.25,,2.7
"2026-02-02 20:41:56",3373,2353,67709,0,,8.45,137.7,3.75,16.25,,2.5
"2026-02-02 20:41:57",3374,2354,67701,0,,9.7,152.6,3.64,16.25,,2.5
"2026-02-02 20:41:58",3375,2355,67694,-36.867288,-71.544102,9.75,142,3.6,16.25,,2.4
"2026-02-02 20:41:59",3379,2359,67660,0,,9,139.7,3.84,16.3,,2.5
"2026-02-02 20:42:00",3383,2363,67628,0,,8.65,153.5,3.8,16.3,,2.5
"2026-02-02 20:42:01",3387,2367,67596,-36.867493,-71.543925,10.05,141.9,3.75,16.2,,2.5
"2026-02-02 20:42:02",3388,2368,67586,0,,9.55,142.5,3.87,16.1,,2.4
"2026-02-02 20:42:03",3389,2369,67577,0,,9.1,154.6,3.85,16.1,,2.3
"2026-02-02 20:42:04",3390,2370,67568,-36.867703,-71.543753,8.7,142.9,3.76,15.95,,2.2
"2026-02-02 20:42:05",3393,2373,67545,0,,9.55,140.7,3.67,15.85,,2.2
"2026-02-02 20:42:06",3396,2376,67522,0,,10,151.5,3.55,15.7,,2.2
"2026-02-02 20:42:07",3398,2378,67500,-36.867912,-71.54358,8.05,144.1,3.51,15.6,22.5,2.2
"2026-02-02 20:42:08",3402,2382,67470,0,,9,143.7,3.51,15.5,,2.4
"2026-02-02 20:42:09",3406,2386,67440,0,,10.3,148.7,3.6,15.35,,2.6
"2026-02-02 20:42:10",3409,2389,67410,-36.86812,-71.5434,8.65,142.3,3.54,15.25,,2.9
"2026-02-02 20:42:11",3411,2391,67392,0,,8.65,143.3,3.5,15.2,,2.8
"2026-02-02 20:42:12",3413,2393,67375,0,,10.15,149.3,3.43,15.1,,2.7
"2026-02-02 20:42:13",3416,2396,67358,-36.868327,-71.543218,9.65,137.4,3.33,15.1,,2.5
"2026-02-02 20:42:14",3418,2398,67339,0,,8.3,140.4,3.32,15.1,,2.4
"2026-02-02 20:42:15",3420,2400,67321,0,,9.8,153.5,3.32,15.1,,2.5
"2026-02-02 20:42:16",3422,2402,67304,-36.868532,-71.543042,9.4,140,3.27,15.1,,2.5
"2026-02-02 20:42:18",3424,2404,67286,0,,9.75,153,3.38,15.2,,2.4
"2026-02-02 20:42:19",3425,2405,67278,-36.868742,-71.542863,8.7,142.2,3.37,15.2,,2.3
"2026-02-02 20:42:20",3429,2409,67250,0,,9.5,141.1,3.4,15.2,,2.2
"2026-02-02 20:42:21",3432,2412,67223,0,,10.35,153,3.5,15.25,,2.2
"2026-02-02 20:42:22",3435,2415,67196,-36.868957,-71.542687,8.95,143.6,3.42,15.25,,2.2
"2026-02-02 20:42:23",3437,2417,67179,0,,8.95,141,3.38,15.25,,2.1
"2026-02-02 20:42:24",3439,2419,67162,0,,10.1,152.6,3.38,15.25,,2.1
"2026-02-02 20:42:25",3441,2421,67146,-36.86917,-71.542512,9.65,144.9,3.28,15.3,,2.1
"2026-02-02 20:42:26",3444,2424,67125,0,,9.35,141.7,3.26,15.25,,2.2
"2026-02-02 20:42:27",3446,2426,67105,0,,10.1,150.1,3.37,15.3,,2.2
"2026-02-02 20:42:28",3448,2428,67086,-36.869387,-71.542332,9.1,147.6,3.34,15.35,,2.2
"2026-02-02 20:42:29",3450,2430,67069,0,,8.5,139.8,3.25,15.4,,2.2
"2026-02-02 20:42:30",3453,2433,67052,0,,10.15,148.1,3.27,15.45,,2.2
"2026-02-02 20:42:31",3455,2435,67036,-36.869593,-71.542153,9.25,146,3.25,15.5,,2.3
"2026-02-02 20:42:33",3459,2439,66998,0,,10.2,151.6,3.21,15.55,,2.3
"2026-02-02 20:42:34",3461,2441,66980,-36.869803,-71.541975,10.05,147.1,3.13,15.6,21.75,2.3
"2026-02-02 20:42:35",3463,2443,66962,0,,9,137.2,3.05,15.65,,2.2
"2026-02-02 20:42:36",3466,2446,66945,0,,9.8,151.1,2.98,15.75,,2.2
"2026-02-02 20:42:37",3468,2448,66928,-36.870018,-71.541795,9.9,149.9,2.97,15.8,,2.2
"2026-02-02 20:42:38",3469,2449,66913,0,,9.15,143,2.91,15.9,,2.1
"2026-02-02 20:42:39",3471,2451,66899,0,,10.05,147,3,15.95,,2.1
"2026-02-02 20:42:40",3473,2453,66886,-36.870237,-71.54162,10,152.9,3,16.05,,2
"2026-02-02 20:42:41",3474,2454,66875,0,,8.6,147.5,2.95,16.1,,2
"2026-02-02 20:42:42",3475,2455,66864,0,,9.6,143.4,2.92,16.1,,1.9
"2026-02-02 20:42:43",3477,2457,66854,-36.870455,-71.541453,10.7,154.7,2.94,16.2,,1.9
"2026-02-02 20:42:44",3479,2459,66831,0,,10.3,148.3,2.91,16.25,,1.9
"2026-02-02 20:42:45",3482,2462,66809,0,,8.6,139.1,2.91,16.3,,1.9
"2026-02-02 20:42:46",3485,2465,66788,-36.870667,-71.541275,9.4,153.6,2.92,16.35,,1.9
"2026-02-02 20:42:47",3486,2466,66774,0,,10.45,148.5,2.87,16.35,,1.9
"2026-02-02 20:42:48",3488,2468,66761,0,,9.9,142.7,2.78,16.35,,1.9
"2026-02-02 20:42:49",3490,2470,66748,-36.87089,-71.541097,9.1,153.5,2.78,16.3,,1.8
"2026-02-02 20:42:50",3491,2471,66733,0,,9.45,151.2,2.79,16.3,,1.8
"2026-02-02 20:42:51",3493,2473,66718,0,,9.9,142.1,2.72,16.3,,1.8
"2026-02-02 20:42:52",3495,2475,66704,-36.871117,-71.54092,11.15,149.8,2.69,16.3,,1.8
"2026-02-02 20:42:53",3495,2475,66699,0,,11.15,149.8,2.67,16.3,,1.8
"2026-02-02 20:42:54",3496,2476,66694,0,,9.4,144.5,2.64,16.25,,1.7
"2026-02-02 20:42:55",3497,2477,66690,-36.871345,-71.540743,11.2,146.4,2.77,16.2,,1.6
"2026-02-02 20:42:56",3498,2478,66679,0,,9.7,148.1,3,16.2,,1.5
"2026-02-02 20:42:57",3499,2479,66669,0,,9,150.6,2.98,16.2,,1.4
"2026-02-02 20:42:58",3500,2480,66660,-36.87157,-71.54057,10.6,149,2.88,16.1,,1.3
"2026-02-02 20:43:00",3506,2486,66616,0,,9.45,146.7,3.05,16,,1.5
"2026-02-02 20:43:01",3508,2488,66594,-36.871802,-71.540388,10.55,154.8,3.09,15.95,21.5,1.6
"2026-02-02 20:43:03",3511,2491,66568,0,,9.55,143.5,2.91,15.75,,1.5
"2026-02-02 20:43:04",3513,2493,66556,-36.872032,-71.540208,11.1,147.5,2.94,15.65,,1.5
"2026-02-02 20:43:06",3517,2497,66521,0,,9.95,146.1,2.9,15.45,,1.8
"2026-02-02 20:43:07",3519,2499,66504,-36.872265,-71.540032,11.25,143.3,3.01,15.45,,1.9
"2026-02-02 20:43:09",3522,2502,66477,0,,9.95,150.5,2.98,15.25,,1.9
"2026-02-02 20:43:10",3524,2504,66464,-36.872503,-71.539857,11.1,144.5,2.98,15.15,,1.9
"2026-02-02 20:43:12",3524,2504,66462,0,,10.2,154.2,3.05,15.05,,1.7
"2026-02-02 20:43:13",3524,2504,66462,-36.87274,-71.539683,11.55,149.6,3,15,,1.4
"2026-02-02 20:43:15",3530,2510,66418,0,,9.85,148.6,2.78,14.9,,1.5
"2026-02-02 20:43:16",3532,2512,66396,-36.872987,-71.539498,12.05,149.8,2.69,14.85,,1.6
"2026-02-02 20:43:19",3536,2516,66368,-36.873223,-71.539317,11.45,143.5,2.56,14.75,,1.4
"2026-02-02 20:43:20",3537,2517,66357,0,,10.45,153.2,2.48,14.75,,1.4
"2026-02-02 20:43:21",3538,2518,66347,0,,9.95,151.4,2.44,14.75,,1.3
"2026-02-02 20:43:22",3540,2520,66338,-36.87347,-71.539133,11.45,145.3,2.36,14.7,,1.3
"2026-02-02 20:43:23",3541,2521,66327,0,,10,147.9,2.31,14.7,,1.3
"2026-02-02 20:43:24",3542,2522,66316,0,,10.3,153.6,2.31,14.65,,1.3
"2026-02-02 20:43:25",3543,2523,66306,-36.873715,-71.538948,11.7,146.3,2.32,14.6,,1.5
"2026-02-02 20:43:26",3543,2523,66309,0,,10.05,145.8,2.42,14.55,,1.4
"2026-02-02 20:43:27",3543,2523,66312,0,,9.9,153.1,2.39,14.55,,1.3
"2026-02-02 20:43:28",3542,2522,66316,-36.873955,-71.538763,12,147.7,2.39,14.5,21.5,1
"2026-02-02 20:43:29",3545,2525,66292,0,,10.85,146.5,2.42,14.4,,1
"2026-02-02 20:43:30",3548,2528,66270,0,,9.4,151,2.41,14.35,,1.1
"2026-02-02 20:43:31",3551,2531,66248,-36.874197,-71.538573,11.75,144.4,2.36,14.3,,1.2
"2026-02-02 20:43:32",3551,2531,66244,0,,11.1,144.9,2.47,14.25,,1.2
"2026-02-02 20:43:33",3551,2531,66241,0,,10.3,153.8,2.43,14.15,,1.1
"2026-02-02 20:43:34",3552,2532,66238,-36.874445,-71.53838,11.5,146.1,2.41,14.05,,1
"2026-02-02 20:43:35",3552,2532,66236,0,,11.75,150.6,2.37,13.85,,1
"2026-02-02 20:43:36",3552,2532,66234,0,,10.65,152,2.33,13.75,,0.9
"2026-02-02 20:43:37",3553,2533,66232,-36.874693,-71.538188,10.25,138.6,2.31,13.6,,0.8
"2026-02-02 20:43:38",3553,2533,66224,0,,11.35,144.9,2.29,13.45,,0.9
"2026-02-02 20:43:39",3554,2534,66217,0,,11.35,153.8,2.29,13.35,,1
"2026-02-02 20:43:40",3555,2535,66210,-36.874942,-71.53799,10.4,144.8,2.33,13.2,,1.1
"2026-02-02 20:43:41",3557,2537,66198,0,,10.8,146.2,2.33,13.1,,1.1
"2026-02-02 20:43:42",3558,2538,66187,0,,11.7,151.8,2.32,13,,1
"2026-02-02 20:43:43",3559,2539,66176,-36.875188,-71.537793,10.75,140.9,2.38,12.9,,0.9
"2026-02-02 20:43:44",3561,2541,66165,0,,9.65,142.4,2.37,12.8,,0.8
"2026-02-02 20:43:45",3562,2542,66154,0,,11.95,148.9,2.38,12.7,,0.9
"2026-02-02 20:43:46",3563,2543,66144,-36.875423,-71.537588,10.75,144.1,2.57,12.6,,0.9
"2026-02-02 20:43:47",3565,2545,66126,0,,10,143.7,2.54,12.45,,1.1
"2026-02-02 20:43:48",3568,2548,66109,0,,11.55,141.8,2.53,12.3,,1.3
"2026-02-02 20:43:49",3570,2550,66092,-36.875658,-71.537367,12.25,142.9,2.57,12.15,,1.4
"2026-02-02 20:43:50",3570,2550,66090,0,,10.2,144.8,2.54,12,,1.3
"2026-02-02 20:43:51",3570,2550,66088,0,,13.05,145.2,2.54,11.85,,1.3
"2026-02-02 20:43:52",3570,2550,66086,-36.875917,-71.537132,12.35,139.1,2.62,11.75,,1.2
"2026-02-02 20:43:53",3573,2553,66066,0,,11.45,140.2,2.59,11.6,,1.4
"2026-02-02 20:43:54",3575,2555,66047,0,,11.85,145.7,2.57,11.5,,1.4
"2026-02-02 20:43:55",3578,2558,66028,-36.876168,-71.536893,12.55,144.2,2.58,11.4,20.5,1.5
"2026-02-02 20:43:56",3579,2559,66018,0,,10.4,137.1,2.59,11.35,,1.5
"2026-02-02 20:43:57",3580,2560,66008,0,,11.15,144.4,2.52,11.25,,1.5
"2026-02-02 20:43:58",3581,2561,65998,-36.87641,-71.536663,12.45,147.1,2.48,11.15,,1.5
"2026-02-02 20:43:59",3581,2561,65997,0,,11.5,133.3,2.59,11.1,,1.4
"2026-02-02 20:44:00",3581,2561,65996,0,,10.65,146.9,2.53,11.05,,1.2
"2026-02-02 20:44:01",3581,2561,65996,-36.876653,-71.536428,12.1,145.1,2.47,11,,1.1
"2026-02-02 20:44:03",3585,2565,65967,0,,10.6,138.5,2.67,10.95,,1.2
"2026-02-02 20:44:04",3587,2567,65954,-36.876892,-71.536178,11.8,142.2,2.61,10.85,,1.3
"2026-02-02 20:44:05",3588,2568,65945,0,,12.45,133.7,2.6,10.85,,1.3
"2026-02-02 20:44:06",3589,2569,65936,0,,11.05,138.1,2.54,10.8,,1.2
"2026-02-02 20:44:07",3590,2570,65928,-36.87712,-71.53591,11.6,136.2,2.46,10.75,,1.1
"2026-02-02 20:44:08",3591,2571,65921,0,,12.7,131.7,2.49,10.7,,1
"2026-02-02 20:44:09",3592,2572,65914,0,,12,142.9,2.49,10.7,,1
"2026-02-02 20:44:10",3592,2572,65908,-36.877358,-71.53564,11,139.4,2.43,10.65,,0.9
"2026-02-02 20:44:11",3592,2572,65909,0,,10.35,128.2,2.41,10.6,,0.9
"2026-02-02 20:44:12",3592,2572,65910,0,,12.35,140.3,2.36,10.55,,0.9
"2026-02-02 20:44:13",3592,2572,65912,-36.877572,-71.53538,11.05,138.3,2.38,10.55,,0.9
"2026-02-02 20:44:14",3594,2574,65894,0,,10.85,130.7,2.37,10.55,,1
"2026-02-02 20:44:15",3596,2576,65876,0,,12.4,140.2,2.34,10.5,,0.9
"2026-02-02 20:44:16",3598,2578,65858,-36.877798,-71.535112,12.1,137.8,2.34,10.5,,1
"2026-02-02 20:44:18",3600,2580,65845,0,,11.7,136.3,2.41,10.45,,0.9
"2026-02-02 20:44:19",3601,2581,65840,-36.878017,-71.534838,12,137.3,2.41,10.45,,0.9
"2026-02-02 20:44:20",3602,2582,65832,0,,12.05,129.8,2.41,10.45,,0.9
"2026-02-02 20:44:21",3603,2583,65824,0,,11.2,138.3,2.38,10.45,,0.9
"2026-02-02 20:44:22",3604,2584,65816,-36.878237,-71.534562,11.45,136.6,2.39,10.4,20,0.9
"2026-02-02 20:44:23",3605,2585,65808,0,,12.3,131.3,2.46,10.3,,1
"2026-02-02 20:44:24",3606,2586,65800,0,,11.95,137.5,2.49,10.25,,1
"2026-02-02 20:44:25",3607,2587,65792,-36.878467,-71.534278,11.6,137.4,2.47,10.15,,1.1
"2026-02-02 20:44:26",3607,2587,65785,0,,12.45,129.2,2.49,10,,1.2
"2026-02-02 20:44:27",3608,2588,65778,0,,11.75,138.2,2.48,9.9,,1.1
"2026-02-02 20:44:28",3609,2589,65772,-36.878697,-71.533992,12.3,138.2,2.48,9.7,,1
"2026-02-02 20:44:29",3610,2590,65765,0,,12.7,129.8,2.58,9.6,,0.9
"2026-02-02 20:44:30",3611,2591,65759,0,,12.15,138.8,2.56,9.45,,0.9
"2026-02-02 20:44:31",3611,2591,65754,-36.878928,-71.533702,11.8,136.4,2.53,9.3,,0.9
"2026-02-02 20:44:32",3612,2592,65747,0,,11.9,132.4,2.52,9.15,,0.9
"2026-02-02 20:44:33",3613,2593,65740,0,,13.35,135.1,2.46,9,,0.9
"2026-02-02 20:44:34",3614,2594,65734,-36.879162,-71.53341,11.4,139.1,2.46,8.8,,0.9
"2026-02-02 20:44:35",3613,2593,65737,0,,11.05,127.1,2.44,8.6,,0.7
"2026-02-02 20:44:36",3613,2593,65740,0,,13.8,133.2,2.42,8.35,,0.6
"2026-02-02 20:44:37",3613,2593,65744,-36.879387,-71.53311,12.25,136.8,2.39,8.2,,0.5
"2026-02-02 20:44:38",3614,2594,65735,0,,11.9,133.6,2.38,8.05,,0.5
"2026-02-02 20:44:39",3615,2595,65727,0,,13.15,136.6,2.38,7.9,,0.5
"2026-02-02 20:44:40",3616,2596,65720,-36.879623,-71.532812,12.8,130.3,2.63,7.75,,0.5
"2026-02-02 20:44:41",3616,2596,65713,0,,12,130.8,2.79,7.65,,0.5
"2026-02-02 20:44:42",3617,2597,65705,0,,12.45,138.9,2.75,7.5,,0.6
"2026-02-02 20:44:43",3618,2598,65698,-36.879857,-71.53251,12.8,134.3,2.81,7.4,,0.6
"2026-02-02 20:44:44",3619,2599,65692,0,,12.55,128.3,2.97,7.3,,0.6
"2026-02-02 20:44:45",3620,2600,65687,0,,12.9,135.9,3.04,7.15,,0.5
"2026-02-02 20:44:46",3620,2600,65682,-36.880092,-71.532202,12.3,138,3,7.05,,0.5
"2026-02-02 20:44:48",3621,2601,65678,0,,13.45,134.4,2.79,6.9,,0.6
"2026-02-02 20:44:49",3621,2601,65676,-36.880337,-71.531895,12.75,137.3,2.78,6.85,20.5,0.6
"2026-02-02 20:44:50",3622,2602,65668,0,,12.25,132.9,2.73,6.75,,0.7
"2026-02-02 20:44:51",3623,2603,65661,0,,12.4,134.8,2.71,6.7,,0.7
"2026-02-02 20:44:52",3624,2604,65654,-36.880575,-71.531595,12.6,137.3,2.72,6.65,,0.7
"2026-02-02 20:44:53",3622,2602,65664,0,,14.1,132.7,2.67,6.6,,0.5
"2026-02-02 20:44:54",3621,2601,65674,0,,11.65,132.6,2.67,6.6,,0.3
"2026-02-02 20:44:55",3620,2600,65684,-36.880815,-71.531283,12.55,138.5,2.63,6.55,,0.1
"2026-02-02 20:44:56",3621,2601,65678,0,,13.8,137,2.73,6.55,,0.1
"2026-02-02 20:44:57",3621,2601,65672,0,,12,132.5,2.71,6.55,,0.2
"2026-02-02 20:44:58",3622,2602,65666,-36.88105,-71.530982,12.15,132.7,2.77,6.55,,0.2
"2026-02-02 20:44:59",3623,2603,65655,0,,13.35,134.3,2.83,6.6,,0.2
"2026-02-02 20:45:00",3625,2605,65645,0,,12.3,137.3,2.85,6.6,,0.3
"2026-02-02 20:45:01",3626,2606,65636,-36.881287,-71.530678,12.2,131.5,2.82,6.6,,0.4
"2026-02-02 20:45:03",3625,2605,65641,0,,12.85,139.1,2.94,6.6,,0.3
"2026-02-02 20:45:04",3625,2605,65644,-36.88153,-71.530372,12.65,133.8,2.94,6.6,,0.2
"2026-02-02 20:45:05",3626,2606,65631,0,,13.35,131.2,3.06,6.65,,0.2
"2026-02-02 20:45:06",3628,2608,65618,0,,12.2,137.3,2.98,6.6,,0.4
"2026-02-02 20:45:07",3630,2610,65606,-36.881772,-71.530062,12.75,137.9,2.89,6.6,,0.7
"2026-02-02 20:45:08",3630,2610,65600,0,,13.7,133,3,6.55,,0.8
"2026-02-02 20:45:09",3631,2611,65596,0,,11.85,132.2,2.94,6.55,,0.8
"2026-02-02 20:45:10",3631,2611,65592,-36.882013,-71.52975,12.75,137.2,2.87,6.5,,0.8
"2026-02-02 20:45:11",3631,2611,65597,0,,12.6,136.8,2.94,6.5,,0.6
"2026-02-02 20:45:12",3630,2610,65604,0,,12.15,133.3,2.89,6.5,,0.4
"2026-02-02 20:45:13",3629,2609,65612,-36.88226,-71.52944,12.35,132.2,2.89,6.45,,0.2
"2026-02-02 20:45:14",3630,2610,65599,0,,13.7,134.3,2.9,6.45,,0.3
"2026-02-02 20:45:15",3632,2612,65587,0,,12.45,137.1,2.87,6.45,,0.5
"2026-02-02 20:45:16",3633,2613,65576,-36.882502,-71.529128,12.35,132.4,2.81,6.45,20.25,0.7
"2026-02-02 20:45:18",3631,2611,65595,0,,12.85,138.3,2.88,6.45,,0.2
"2026-02-02 20:45:19",3630,2610,65606,-36.88275,-71.528813,12.2,136.5,2.86,6.4,,0
"2026-02-02 20:45:20",3632,2612,65587,0,,12.6,132.6,2.92,6.4,,0.2
"2026-02-02 20:45:21",3634,2614,65569,0,,12.7,134.6,2.86,6.4,,0.3
"2026-02-02 20:45:22",3636,2616,65552,-36.882995,-71.528497,12.55,136.4,2.8,6.4,,0.4
"2026-02-02 20:45:23",3636,2616,65553,0,,14.05,134.8,2.72,6.4,,0.5
"2026-02-02 20:45:24",3636,2616,65554,0,,12.7,135.3,2.67,6.4,,0.5
"2026-02-02 20:45:25",3636,2616,65556,-36.883247,-71.528183,12.05,136.2,2.63,6.35,,0.6
"2026-02-02 20:45:26",3637,2617,65547,0,,12.75,133.4,2.58,6.35,,0.6
"2026-02-02 20:45:27",3638,2618,65536,0,,12.25,137.7,2.67,6.3,,0.6
"2026-02-02 20:45:28",3640,2620,65526,-36.883493,-71.527875,12.95,134.6,2.64,6.3,,0.6
"2026-02-02 20:45:30",3640,2620,65524,0,,12.65,138,2.59,6.3,,0.5
"2026-02-02 20:45:31",3640,2620,65524,-36.883747,-71.527553,12.85,133.6,2.6,6.3,,0.7
"2026-02-02 20:45:33",3642,2622,65506,0,,13.15,137.1,2.73,6.3,,0.8
"2026-02-02 20:45:34",3643,2623,65498,-36.883998,-71.527227,12.35,135.4,2.74,6.3,,0.7
"2026-02-02 20:45:36",3644,2624,65492,0,,14.05,136.4,2.87,6.3,,0.6
"2026-02-02 20:45:37",3644,2624,65490,-36.884247,-71.526902,12.85,135,2.87,6.35,,0.6
"2026-02-02 20:45:39",3645,2625,65480,0,,13,138.1,2.97,6.4,,0.6
"2026-02-02 20:45:40",3646,2626,65476,-36.884497,-71.526585,13.5,137.4,2.93,6.45,,0.6
"2026-02-02 20:45:42",3647,2627,65466,0,,14.15,137.1,3.04,6.55,,0.6
"2026-02-02 20:45:43",3647,2627,65462,-36.884753,-71.526258,13.1,138,3.02,6.6,20,0.6
"2026-02-02 20:45:45",3649,2629,65451,0,,13.8,135.2,3.07,6.65,,0.6
"2026-02-02 20:45:46",3649,2629,65446,-36.885003,-71.525933,13.5,138.2,3.06,6.65,,0.6
"2026-02-02 20:45:49",3650,2630,65438,-36.88525,-71.525608,13.35,138.9,3.11,6.75,,0.5
"2026-02-02 20:45:50",3651,2631,65432,0,,13.75,130.4,3.05,6.75,,0.5
"2026-02-02 20:45:51",3652,2632,65427,0,,13.1,132.1,3.22,6.8,,0.6
"2026-02-02 20:45:52",3652,2632,65422,-36.885497,-71.52528,12.95,138,3.15,6.8,,0.6
"2026-02-02 20:45:53",3653,2633,65416,0,,14.55,136.8,3.05,6.8,,0.6
"2026-02-02 20:45:54",3654,2634,65411,0,,13.25,129.5,3.18,6.8,,0.6
"2026-02-02 20:45:55",3654,2634,65406,-36.885747,-71.524952,12.25,134,3.11,6.85,,0.6
"2026-02-02 20:45:56",3655,2635,65402,0,,13.55,132.4,3.03,6.85,,0.6
"2026-02-02 20:45:57",3655,2635,65398,0,,13.15,134.7,2.95,6.9,,0.6
"2026-02-02 20:45:58",3656,2636,65394,-36.885987,-71.524633,12.15,133.3,2.93,6.9,,0.5
"2026-02-02 20:45:59",3657,2637,65388,0,,,,2.89,6.95,,0.5
"2026-02-02 20:46:00",3657,2637,65383,0,,,,2.98,6.95,,0.6
"2026-02-02 20:46:01",3658,2638,65378,0,,,,3.02,7,,0.6
"2026-02-02 20:46:02",3659,2639,65371,0,,13.45,127.5,3.07,6.95,,0.6
"2026-02-02 20:46:03",3660,2640,65364,0,,13.25,128.7,3.2,6.95,,0.6
"2026-02-02 20:46:04",3660,2640,65358,-36.886455,-71.523965,12.25,137.2,3.13,7,,0.7
"2026-02-02 20:46:05",3661,2641,65353,0,,14.25,133.1,3.05,7,,0.6
"2026-02-02 20:46:06",3661,2641,65349,0,,13.55,129.4,3.15,7,,0.6
"2026-02-02 20:46:07",3662,2642,65346,-36.886697,-71.523632,12.25,135.1,3.11,7,,0.6
"2026-02-02 20:46:08",3663,2643,65338,0,,13.95,132.3,3.06,7,,0.6
"2026-02-02 20:46:09",3664,2644,65331,0,,13.5,126.9,3.09,7.05,,0.7
"2026-02-02 20:46:10",3665,2645,65324,-36.886925,-71.523293,11.9,131.1,3.03,7.05,20,0.7
"2026-02-02 20:46:11",3666,2646,65315,0,,13.2,134.3,2.97,7.05,,0.8
"2026-02-02 20:46:12",3667,2647,65307,0,,13.6,128.1,2.95,7.05,,0.8
"2026-02-02 20:46:13",3668,2648,65300,-36.887153,-71.522963,12,129.6,2.91,7.05,,0.8
"2026-02-02 20:46:14",3667,2647,65303,0,,13.7,134.9,2.89,7.05,,0.7
"2026-02-02 20:46:15",3667,2647,65306,0,,13.45,131.6,2.9,7.05,,0.6
"2026-02-02 20:46:16",3666,2646,65310,-36.887388,-71.522632,12.15,128.3,2.9,7.05,,0.5
"2026-02-02 20:46:18",3670,2650,65278,0,,13.55,133.9,3.01,7.05,,0.7
"2026-02-02 20:46:19",3672,2652,65262,-36.887627,-71.522302,12.25,131.9,3,7.05,,0.8
"2026-02-02 20:46:20",3673,2653,65255,0,,13.85,129.5,2.94,7,,0.9
"2026-02-02 20:46:21",3674,2654,65248,0,,13.5,135.1,3.07,7,,0.9
"2026-02-02 20:46:22",3675,2655,65242,-36.88787,-71.52197,12.3,134.7,3.05,7,,0.8
"2026-02-02 20:46:23",3676,2656,65232,0,,13.1,130.7,3.08,7,,0.9
"2026-02-02 20:46:24",3677,2657,65223,0,,14.05,133.9,3.15,7,,0.9
"2026-02-02 20:46:25",3678,2658,65214,-36.888115,-71.52164,12.65,134.2,3.12,6.95,,0.9
"2026-02-02 20:46:26",3679,2659,65206,0,,13,125.9,3.08,6.95,,0.9
"2026-02-02 20:46:27",3680,2660,65198,0,,13.35,128.4,3.23,6.95,,1
"2026-02-02 20:46:28",3681,2661,65190,-36.88834,-71.5213,12.8,136.6,3.18,6.9,,1.1
"2026-02-02 20:46:29",3681,2661,65190,0,,14.45,132.2,3.08,6.85,,1.1
"2026-02-02 20:46:30",3681,2661,65191,0,,12.8,126.5,3.01,6.8,,0.9
"2026-02-02 20:46:31",3681,2661,65192,-36.888575,-71.520958,12.8,134.3,2.97,6.75,,0.7
"2026-02-02 20:46:33",3686,2666,65153,0,,12.6,129.9,3.03,6.75,,1
"2026-02-02 20:46:34",3688,2668,65134,-36.88882,-71.52063,12.8,127.9,3,6.75,,1.1
"2026-02-02 20:46:35",3688,2668,65139,0,,15.2,130.6,3.06,6.8,,1
"2026-02-02 20:46:36",3687,2667,65144,0,,13.4,131.5,3.09,6.8,,0.8
"2026-02-02 20:46:37",3686,2666,65150,-36.889062,-71.520278,12.35,131.9,3.09,6.85,20,0.7
"2026-02-02 20:46:38",3689,2669,65126,0,,14.65,132.2,3.13,6.9,,0.8
"2026-02-02 20:46:39",3692,2672,65102,0,,13.45,129.9,3.11,6.95,,1
"2026-02-02 20:46:40",3695,2675,65078,-36.889302,-71.519932,12.65,129,3.05,7,,1.2
"2026-02-02 20:46:41",3697,2677,65065,0,,12.45,136.5,3.01,7.1,,1.2
"2026-02-02 20:46:42",3698,2678,65052,0,,14.85,130.5,3.03,7.25,,1.3
"2026-02-02 20:46:43",3700,2680,65040,-36.889545,-71.519593,13.05,128.7,3.07,7.4,,1.5
"2026-02-02 20:46:44",3700,2680,65041,0,,12.55,135.1,3.05,7.55,,1.4
"2026-02-02 20:46:45",3700,2680,65042,0,,14.3,131.4,3.02,7.8,,1.3
"2026-02-02 20:46:46",3699,2679,65044,-36.889788,-71.519252,14.05,128.1,3.07,8,,1.1
"2026-02-02 20:46:47",3701,2681,65034,0,,14.05,135,3.18,8.3,,1
"2026-02-02 20:46:48",3702,2682,65025,0,,13.9,134.9,3.13,8.65,,1.1
"2026-02-02 20:46:49",3703,2683,65016,-36.890047,-71.51891,13.45,126.9,3.15,9,,1.2
"2026-02-02 20:46:50",3705,2685,64996,0,,13.45,132.6,3.26,9.35,,1.3
"2026-02-02 20:46:51",3708,2688,64977,0,,13.45,136.9,3.25,9.7,,1.3
"2026-02-02 20:46:52",3710,2690,64958,-36.890297,-71.518573,12.9,130,3.23,10.1,,1.2
"2026-02-02 20:46:53",3712,2692,64946,0,,13.45,130.3,3.22,10.45,,1.3
"2026-02-02 20:46:54",3713,2693,64934,0,,15,135.5,3.32,10.85,,1.3
"2026-02-02 20:46:55",3715,2695,64922,-36.890557,-71.518235,12.7,134.7,3.27,11.25,,1.3
"2026-02-02 20:46:56",3716,2696,64910,0,,13.8,128.9,3.26,11.6,,1.3
"2026-02-02 20:46:57",3718,2698,64898,0,,14.7,134.4,3.35,12,,1.4
"2026-02-02 20:46:58",3719,2699,64886,-36.890813,-71.517897,12.55,135.7,3.32,12.3,,1.5
"2026-02-02 20:46:59",3721,2701,64871,0,,14,133.2,3.27,12.65,,1.7
"2026-02-02 20:47:00",3723,2703,64856,0,,14.3,132.8,3.38,13,,1.7
"2026-02-02 20:47:01",3725,2705,64842,-36.891073,-71.51756,13.4,132.9,3.36,13.25,,1.8
"2026-02-02 20:47:02",3726,2706,64836,0,,13.5,136.2,3.28,13.5,,1.7
"2026-02-02 20:47:03",3726,2706,64831,0,,14.6,132.7,3.19,13.7,,1.6
"2026-02-02 20:47:04",3727,2707,64826,-36.891333,-71.517223,12.8,130.9,3.15,13.9,19.5,1.5
"2026-02-02 20:47:05",3728,2708,64814,0,,13.4,136.2,3.08,14.1,,1.4
"2026-02-02 20:47:06",3730,2710,64803,0,,13.4,135.4,3.04,14.25,,1.4
"2026-02-02 20:47:07",3731,2711,64792,-36.8916,-71.516895,12.75,134.9,3.07,14.35,,1.4
"2026-02-02 20:47:08",3734,2714,64771,0,,13.5,130.9,3.09,14.5,,1.4
"2026-02-02 20:47:09",3736,2716,64751,0,,14.4,133.1,3.34,14.65,,1.5
"2026-02-02 20:47:10",3739,2719,64732,-36.891858,-71.516562,13.45,139.1,3.34,14.75,,1.6
"2026-02-02 20:47:11",3741,2721,64714,0,,12.75,127.9,3.21,14.8,,1.6
"2026-02-02 20:47:12",3743,2723,64697,0,,13.4,133.4,3.1,14.8,,1.7
"2026-02-02 20:47:13",3745,2725,64680,-36.892113,-71.51623,13.05,139.4,3.06,14.85,,1.7
"2026-02-02 20:47:14",3747,2727,64663,0,,13.55,136.3,3.03,14.85,,1.8
"2026-02-02 20:47:15",3749,2729,64647,0,,14.15,132,2.97,14.85,,1.9
"2026-02-02 20:47:16",3751,2731,64632,-36.892378,-71.515908,12.45,135.2,2.97,14.85,,2
"2026-02-02 20:47:18",3755,2735,64601,0,,14.75,134.9,3,14.85,,2.1
"2026-02-02 20:47:19",3757,2737,64586,-36.892643,-71.515588,12,131.4,3.03,14.85,,2.2
"2026-02-02 20:47:20",3758,2738,64576,0,,13.1,134.4,2.95,14.8,,2
"2026-02-02 20:47:21",3759,2739,64567,0,,14.5,134.1,3.1,14.75,,1.9
"2026-02-02 20:47:22",3761,2741,64558,-36.892898,-71.515265,12.55,137.6,3.21,14.7,,1.8
"2026-02-02 20:47:23",3762,2742,64545,0,,12.3,132.8,3.13,14.65,,1.8
"2026-02-02 20:47:24",3764,2744,64532,0,,14.2,133.8,3.11,14.55,,1.7
"2026-02-02 20:47:25",3765,2745,64520,-36.893152,-71.51495,12.5,138.7,3.06,14.5,,1.7
"2026-02-02 20:47:26",3769,2749,64491,0,,13,136.5,3.01,14.4,,1.8
"2026-02-02 20:47:27",3773,2753,64461,0,,12.85,131.8,3,14.3,,2
"2026-02-02 20:47:28",3777,2757,64432,-36.893412,-71.514628,13,137.3,3.03,14.15,,2.1
"2026-02-02 20:47:29",3778,2758,64420,0,,12.5,138.8,2.97,14,,2.1
"2026-02-02 20:47:30",3780,2760,64408,0,,14.6,131.3,2.94,13.85,,2
"2026-02-02 20:47:31",3781,2761,64396,-36.89367,-71.514307,13.3,134.2,2.94,13.8,20,2
"2026-02-02 20:47:33",3786,2766,64354,0,,14.3,128.6,2.86,13.8,,2.2
"2026-02-02 20:47:34",3789,2769,64334,-36.893927,-71.51397,14.05,136.5,2.98,13.85,,2.3
"2026-02-02 20:47:35",3791,2771,64315,0,,12.95,135.7,2.98,13.95,,2.4
"2026-02-02 20:47:36",3793,2773,64297,0,,12.9,131.3,2.93,14.15,,2.4
"2026-02-02 20:47:37",3796,2776,64280,-36.89418,-71.513648,14.05,134.7,2.87,14.25,,2.5
"2026-02-02 20:47:38",3798,2778,64263,0,,13.85,137.6,2.83,14.4,,2.4
"2026-02-02 20:47:39",3800,2780,64246,0,,14.2,128.6,2.78,14.55,,2.3
"2026-02-02 20:47:40",3802,2782,64230,-36.894438,-71.513305,13.4,132.9,2.89,14.8,,2.1
"2026-02-02 20:47:41",3805,2785,64210,0,,13.1,138.7,2.83,15,,2.2
"2026-02-02 20:47:42",3807,2787,64190,0,,14.5,130.4,2.82,15.2,,2.2
"2026-02-02 20:47:43",3810,2790,64170,-36.894695,-71.512973,13.5,133,2.81,15.45,,2.3
"2026-02-02 20:47:44",3812,2792,64150,0,,12.9,138.8,2.8,15.65,,2.4
"2026-02-02 20:47:45",3815,2795,64130,0,,13.3,131.5,2.76,15.8,,2.4
"2026-02-02 20:47:46",3817,2797,64110,-36.894953,-71.512645,13.35,133.6,2.79,15.95,,2.4
"2026-02-02 20:47:47",3820,2800,64089,0,,13.25,138.6,2.76,16.05,,2.4
"2026-02-02 20:47:48",3822,2802,64069,0,,13.7,130.2,2.73,16.25,,2.4
"2026-02-02 20:47:49",3825,2805,64050,-36.895205,-71.512317,13.4,133.6,2.69,16.35,,2.4
"2026-02-02 20:47:51",3826,2806,64039,0,,13.5,128.7,2.64,16.6,,2.2
"2026-02-02 20:47:52",3827,2807,64034,-36.895457,-71.51198,13.6,132.6,2.57,16.65,,2.1
"2026-02-02 20:47:53",3823,2803,64067,0,,15.65,130.6,2.39,16.8,,1.5
"2026-02-02 20:47:54",3818,2798,64099,0,,14.2,140.3,2.26,16.85,,0.9
"2026-02-02 20:47:55",3814,2794,64132,-36.895713,-71.511645,13,131.4,2.12,16.95,,0.4
"2026-02-02 20:47:56",3807,2787,64188,0,,12.75,138.8,2.02,17,,-0.4
"2026-02-02 20:47:57",3800,2780,64244,0,,13.65,135.4,1.94,17,,-1.2
"2026-02-02 20:47:58",3793,2773,64300,-36.895965,-71.511332,13.5,134.7,1.89,16.85,19.75,-2
"2026-02-02 20:48:02",3756,2736,64592,0,,14.1,135.4,1.86,16.35,,-5.3
"2026-02-02 20:48:03",3747,2727,64666,0,,14.05,133.9,1.89,16.4,,-6.6
"2026-02-02 20:48:04",3738,2718,64740,-36.896483,-71.51066,14.1,133.1,1.92,16.45,,-7.4
"2026-02-02 20:48:06",3721,2701,64870,0,,13.9,132.6,1.99,16.45,,-7.8
"2026-02-02 20:48:07",3713,2693,64936,-36.896732,-71.510313,13.55,131.4,2.01,16.2,,-8.1
"2026-02-02 20:48:08",3705,2685,65004,0,,13.45,132.4,2.03,15.85,,-8.5
"2026-02-02 20:48:09",3696,2676,65074,0,,13.4,131,2.05,15.25,,-8.6
"2026-02-02 20:48:10",3687,2667,65144,-36.896968,-71.509973,13.5,130.5,2.05,14.7,,-8.7
"2026-02-02 20:48:11",3678,2658,65213,0,,13.1,128.4,2.06,14.1,,-8.9
"2026-02-02 20:48:12",3670,2650,65284,0,,12.95,131.1,2.07,13.5,,-8.9
"2026-02-02 20:48:13",3661,2641,65356,-36.897188,-71.509638,12.75,130.3,2.08,12.95,,-8.9
"2026-02-02 20:48:14",3652,2632,65425,0,,13.15,127.7,2.13,12.45,,-8.7
"2026-02-02 20:48:15",3644,2624,65491,0,,13.05,128.7,2.15,12.05,,-8.6
"2026-02-02 20:48:16",3636,2616,65558,-36.897405,-71.5093,13.05,128.7,2.19,11.7,,-8.5
"2026-02-02 20:48:17",3627,2607,65627,0,,12.9,127.9,2.23,11.35,,-8.5
"2026-02-02 20:48:18",3618,2598,65699,0,,13.2,131,2.28,11.05,,-8.6
"2026-02-02 20:48:19",3609,2589,65772,-36.897625,-71.508965,13.05,129.5,2.32,10.75,,-8.6
"2026-02-02 20:48:20",3600,2580,65842,0,,12.65,127.5,2.36,10.5,,-8.7
"2026-02-02 20:48:21",3592,2572,65912,0,,12.95,128.5,2.41,10.25,,-8.7
"2026-02-02 20:48:22",3583,2563,65982,-36.897838,-71.508633,12.85,129.4,2.46,10,,-8.7
"2026-02-02 20:48:24",3566,2546,66120,0,,12.7,129.2,2.53,9.5,,-8.6
"2026-02-02 20:48:25",3558,2538,66190,-36.898055,-71.508307,12.8,128.9,2.57,9.25,19.5,-8.6
"2026-02-02 20:48:26",3549,2529,66262,0,,12.6,128.4,2.61,9.05,,-8.6
"2026-02-02 20:48:27",3540,2520,66333,0,,12.5,127.3,2.66,8.9,,-8.6
"2026-02-02 20:48:28",3531,2511,66404,-36.898263,-71.507977,12.5,127.9,2.72,8.7,,-8.6
"2026-02-02 20:48:29",3523,2503,66475,0,,12.1,129.6,2.77,8.5,,-8.7
"2026-02-02 20:48:30",3514,2494,66547,0,,12.15,126.4,2.83,8.35,,-8.7
"2026-02-02 20:48:31",3505,2485,66620,-36.898465,-71.507657,12.25,126.7,2.9,8.2,,-8.7
"2026-02-02 20:48:32",3496,2476,66692,0,,11.55,128.4,2.95,8.1,,-8.7
"2026-02-02 20:48:33",3487,2467,66766,0,,11.55,125.6,3.03,7.95,,-8.7
"2026-02-02 20:48:34",3478,2458,66840,-36.898653,-71.507343,11.85,124.7,3.08,7.85,,-8.7
"2026-02-02 20:48:36",3458,2438,67009,0,,11.5,125.1,3.24,7.6,,-9
"2026-02-02 20:48:37",3447,2427,67094,-36.898832,-71.507028,11.3,124.2,3.31,7.5,,-9.2
"2026-02-02 20:48:38",3440,2420,67158,0,,11.1,127.4,3.36,7.4,,-9.1
"2026-02-02 20:48:39",3432,2412,67222,0,,11.45,128.6,3.42,7.3,,-9
"2026-02-02 20:48:40",3424,2404,67286,-36.899022,-71.506732,11.3,130,3.49,7.15,,-8.9
"2026-02-02 20:48:41",3416,2396,67357,0,,11.85,128.2,3.5,7.05,,-8.9
"2026-02-02 20:48:42",3407,2387,67429,0,,11.3,128.5,3.51,7,,-8.9
"2026-02-02 20:48:43",3398,2378,67502,-36.899215,-71.506435,11.2,130,3.57,6.95,,-8.9
"2026-02-02 20:48:44",3389,2369,67576,0,,10.65,131.8,3.62,6.95,,-8.9
"2026-02-02 20:48:45",3380,2360,67651,0,,10.85,128.8,3.67,7.05,,-8.9
"2026-02-02 20:48:46",3371,2351,67726,-36.899403,-71.506157,11,129.1,3.7,7.15,,-8.9
"2026-02-02 20:48:47",3363,2343,67797,0,,11.3,130.6,3.75,7.35,,-8.9
"2026-02-02 20:48:48",3354,2334,67866,0,,10.95,131.8,3.78,7.5,,-8.6
"2026-02-02 20:48:49",3346,2326,67936,-36.899602,-71.505883,10.95,134.7,3.81,7.7,,-8.4
"2026-02-02 20:48:50",3336,2316,68015,0,,10.25,134.6,3.8,7.9,,-8.6
"2026-02-02 20:48:51",3327,2307,68095,0,,10.75,139.3,3.79,8.1,,-8.8
"2026-02-02 20:48:52",3317,2297,68176,-36.899815,-71.505645,10.75,140.4,3.78,8.35,18.5,-8.9
"2026-02-02 20:48:53",3309,2289,68247,0,,10.8,141.2,3.78,8.65,,-8.9
"2026-02-02 20:48:54",3300,2280,68320,0,,10.25,141.8,3.78,9,,-8.9
"2026-02-02 20:48:55",3291,2271,68394,-36.900035,-71.505427,10,140.9,3.78,9.35,,-8.9
"2026-02-02 20:48:56",3282,2262,68469,0,,9.6,138,3.8,9.65,,-8.9
"2026-02-02 20:48:57",3273,2253,68545,0,,9.95,141.7,3.82,10,,-8.9
"2026-02-02 20:48:58",3264,2244,68622,-36.90024,-71.505222,9.55,141.6,3.85,10.35,,-9
"2026-02-02 20:48:59",3254,2234,68701,0,,9.6,141.8,3.9,10.75,,-9
"2026-02-02 20:49:00",3245,2225,68778,0,,9.4,140.4,3.94,11.15,,-9
"2026-02-02 20:49:01",3236,2216,68856,-36.900445,-71.505023,9.55,141,3.98,11.5,,-9.1
"2026-02-02 20:49:02",3229,2209,68919,0,,10.1,139.2,4.05,11.8,,-9.1
"2026-02-02 20:49:03",3221,2201,68983,0,,9.65,142.8,4.11,12,,-8.9
"2026-02-02 20:49:04",3213,2193,69048,-36.900658,-71.50482,9.85,142,4.18,12.15,,-8.7
"2026-02-02 20:49:06",3196,2176,69189,0,,9.85,143.5,4.31,12.35,,-8.6
"2026-02-02 20:49:07",3188,2168,69262,-36.90087,-71.504617,9.75,144.3,4.4,12.3,,-8.6
"2026-02-02 20:49:08",3179,2159,69340,0,,10.15,141,4.48,12.25,,-8.7
"2026-02-02 20:49:09",3170,2150,69417,0,,10.2,143.9,4.56,12.15,,-8.7
"2026-02-02 20:49:10",3160,2140,69494,-36.901092,-71.504415,10.4,145.8,4.64,12.05,,-8.7
"2026-02-02 20:49:11",3152,2132,69564,0,,10.3,143,4.7,11.95,,-8.6
"2026-02-02 20:49:12",3144,2124,69634,0,,10.6,145.7,4.76,11.9,,-8.5
"2026-02-02 20:49:13",3136,2116,69704,-36.901327,-71.50421,10.9,144.8,4.84,11.85,,-8.4
"2026-02-02 20:49:14",3127,2107,69774,0,,10.95,143.8,4.9,11.85,,-8.4
"2026-02-02 20:49:15",3119,2099,69846,0,,10.8,145.1,4.99,11.85,,-8.4
"2026-02-02 20:49:16",3111,2091,69918,-36.901567,-71.504,10.55,144.5,5.05,11.85,,-8.5
"2026-02-02 20:49:17",3101,2081,69997,0,,9.9,142.9,5.12,11.9,,-8.6
"2026-02-02 20:49:18",3092,2072,70073,0,,10.35,144.4,5.19,11.9,,-8.6
"2026-02-02 20:49:19",3083,2063,70150,-36.901792,-71.5038,10.3,145.4,5.27,11.9,18,-8.7
"2026-02-02 20:49:20",3075,2055,70219,0,,10.75,147.5,5.34,11.95,,-8.7
"2026-02-02 20:49:21",3067,2047,70292,0,,10.25,146.2,5.43,11.95,,-8.6
"2026-02-02 20:49:22",3058,2038,70366,-36.90203,-71.503607,10.4,145.9,5.5,11.9,,-8.6
"2026-02-02 20:49:23",3050,2030,70437,0,,10.4,145.9,5.58,11.85,,-8.5
"2026-02-02 20:49:24",3042,2022,70504,0,,10.9,146.4,5.66,11.75,,-8.5
"2026-02-02 20:49:25",3034,2014,70572,-36.902273,-71.503405,10.75,145.2,5.73,11.7,,-8.4
"2026-02-02 20:49:26",3026,2006,70643,0,,9.6,145.4,5.81,11.6,,-8.5
"2026-02-02 20:49:27",3017,1997,70717,0,,9.8,142.3,5.88,11.55,,-8.5
"2026-02-02 20:49:28",3008,1988,70792,-36.902487,-71.503208,9.7,140.4,5.93,11.5,,-8.5
"2026-02-02 20:49:29",2998,1978,70877,0,,9.3,144.4,6.01,11.5,,-8.6
"2026-02-02 20:49:30",2988,1968,70964,0,,9.3,142.4,6.07,11.5,,-8.7
"2026-02-02 20:49:31",2978,1958,71052,-36.902688,-71.503017,9.35,142,6.15,11.55,,-8.8
"2026-02-02 20:49:32",2971,1951,71115,0,,9.65,141.8,6.22,11.6,,-8.7
"2026-02-02 20:49:33",2963,1943,71179,0,,9.8,141.2,6.3,11.6,,-8.6
"2026-02-02 20:49:34",2956,1936,71244,-36.902895,-71.502813,9.95,141.5,6.36,11.6,,-8.5
"2026-02-02 20:49:36",2940,1920,71379,0,,10.1,143.8,6.51,11.55,,-8.4
"2026-02-02 20:49:37",2932,1912,71446,-36.903112,-71.502605,10.1,142.4,6.6,11.5,,-8.4
"2026-02-02 20:49:38",2924,1904,71520,0,,10.1,140.8,6.7,11.45,,-8.5
"2026-02-02 20:49:39",2915,1895,71596,0,,10.35,144.3,6.76,11.4,,-8.5
"2026-02-02 20:49:40",2906,1886,71672,-36.903328,-71.502397,10.05,144.2,6.81,11.4,,-8.5
"2026-02-02 20:49:41",2898,1878,71744,0,,9.05,145.1,6.87,11.45,,-8.4
"2026-02-02 20:49:42",2890,1870,71816,0,,9.15,146.6,6.9,11.55,,-8.2
"2026-02-02 20:49:43",2881,1861,71888,-36.903535,-71.502222,8.95,148.7,6.98,11.6,,-8
"2026-02-02 20:49:44",2872,1852,71968,0,,8.65,150.1,7.03,11.7,,-8.2
"2026-02-02 20:49:45",2863,1843,72049,0,,8.55,149.5,7.08,11.8,,-8.4
"2026-02-02 20:49:46",2853,1833,72130,-36.903742,-71.502077,9.15,154.3,7.12,11.9,18,-8.5
"2026-02-02 20:49:59",2748,1728,73055,0,,9.3,167.4,7.26,13.45,,-8.1
"2026-02-02 20:50:00",2740,1720,73126,0,,9.15,171.2,7.26,13.3,,-8.1
"2026-02-02 20:50:01",2732,1712,73198,-36.904907,-71.501678,9.15,173.8,7.27,13.05,,-8.1
"2026-02-02 20:50:02",2722,1702,73280,0,,9.6,172.4,7.32,12.75,,-8.2
"2026-02-02 20:50:03",2713,1693,73364,0,,9.45,174.1,7.35,12.55,,-8.3
"2026-02-02 20:50:04",2703,1683,73448,-36.90516,-71.501643,9.4,173.2,7.38,12.25,,-8.4
"2026-02-02 23:48:43",1227,207,87490,0,,,,11.82,50.55,,
"2026-02-02 23:48:49",1227,207,87490,0,,,,11.8,50.35,,
"2026-02-02 23:49:01",1227,207,87488,0,,,,11.73,49.8,,0
"2026-02-02 23:49:07",1227,207,87486,0,,,,11.7,50.3,,0
"2026-02-02 23:49:13",1227,207,87488,0,,,,11.68,50.3,12.25,0
"2026-02-02 23:49:19",1227,207,87488,0,,,,11.67,50.75,,0
"2026-02-02 23:49:25",1227,207,87490,0,,,,11.68,51.15,,0
"2026-02-02 23:49:31",1227,207,87490,0,,,,11.67,50.95,,0
"2026-02-02 23:49:37",1227,207,87490,0,,,,11.64,50.8,,0
"2026-02-02 23:49:43",1227,207,87490,0,,,,11.61,50.5,,0
"2026-02-02 23:49:49",1227,207,87490,0,,,,11.56,50.85,,0
"2026-02-02 23:49:55",1227,207,87490,0,,,,11.55,51.6,,0
"2026-02-02 23:50:01",1227,207,87490,0,,,,11.59,52.6,,0
"2026-02-02 23:50:07",1227,207,87486,0,,,,11.62,52.85,12.5,0
"2026-02-02 23:50:13",1227,207,87488,0,,,,11.65,52.8,,0
"2026-02-02 23:50:19",1227,207,87490,0,,,,11.69,53.05,,0
"2026-02-02 23:50:25",1227,207,87488,0,,,,11.69,52.5,,0
"2026-02-02 23:50:31",1227,207,87488,0,,,,11.69,52.65,,0
"2026-02-02 23:50:37",1227,207,87488,0,,,,11.69,52.75,,0
"2026-02-02 23:50:43",1227,207,87488,0,,,,11.7,52.7,,0
"2026-02-02 23:50:50",1227,207,87490,0,,,,11.74,53.15,,0
"2026-02-02 23:50:56",1227,207,87490,0,,,,11.77,52.75,,0
"2026-02-02 23:51:02",1227,207,87490,0,,,,11.77,52.7,12.5,0
"2026-02-02 23:51:08",1227,207,87490,0,,,,11.78,51.85,,0
"2026-02-02 23:51:14",1227,207,87490,0,,,,11.76,51.75,,0
"2026-02-02 23:51:20",1227,207,87488,0,,,,11.73,51.9,,0
"2026-02-02 23:51:26",1227,207,87484,0,,,,11.71,51.6,,0
"2026-02-02 23:51:32",1227,207,87488,0,,,,11.7,51.6,,0
"2026-02-02 23:51:38",1227,207,87490,0,,,,11.7,51.2,,0
"2026-02-02 23:51:44",1228,208,87478,0,,,,11.99,52.35,,0.1
"2026-02-02 23:51:50",1228,208,87482,0,,,,12.18,53.15,,0.1
"2026-02-02 23:51:56",1227,207,87490,0,,,,12.42,53.95,13,-0.1
