timestamp,msl,agl,pressure,latitude,longitude,speed,heading,temperature,relative_humidity,internal_temperature,rise_speed
"2026-03-02 14:54:09",659,1,93572,-36.808885,-71.636748,2.35,171.3,23.98,35.5,,0.2
"2026-03-02 14:54:11",666,8,93504,0,,3.3,131.1,23.72,35.75,,0.6
"2026-03-02 14:54:12",669,11,93470,-36.808958,-71.636692,4.3,154.5,23.46,35.85,,0.8
"2026-03-02 14:54:13",672,14,93430,0,,3,189.9,23.32,36.1,,1
"2026-03-02 14:54:14",676,18,93392,0,,1.3,190.3,23.17,36.3,,1.3
"2026-03-02 14:54:15",680,22,93354,-36.809025,-71.636653,4,142.7,23.01,36.5,,1.6
"2026-03-02 14:54:16",684,26,93311,0,,3.9,162.6,22.94,36.75,,2
"2026-03-02 14:54:17",687,29,93270,0,,0.95,115.8,22.91,36.95,,2.3
"2026-03-02 14:54:18",691,33,93230,-36.809038,-71.63658,1.9,90.2,22.77,37.1,36,2.7
"2026-03-02 14:54:19",694,36,93202,0,,4.35,109.6,22.54,37.25,,2.9
"2026-03-02 14:54:20",696,38,93174,0,,2.2,138.5,22.46,37.35,,3.1
"2026-03-02 14:54:21",699,41,93146,-36.809113,-71.636517,3.15,154,22.42,37.55,,3.3
"2026-03-02 14:54:22",702,44,93119,0,,4.85,129.2,22.2,37.75,,3.3
"2026-03-02 14:54:23",704,46,93091,0,,4.1,107.1,22.02,37.95,,3.2
"2026-03-02 14:54:24",707,49,93064,-36.809158,-71.636373,3.65,121,22.01,38.15,,3.2
"2026-03-02 14:54:25",709,51,93043,0,,6.15,118.1,21.91,38.35,,3.1
"2026-03-02 14:54:26",711,53,93022,0,,7.15,96.6,21.76,38.4,,2.9
"2026-03-02 14:54:27",713,55,93002,-36.809208,-71.636192,4.3,107.5,21.74,38.35,,2.8
"2026-03-02 14:54:28",714,56,92987,0,,6.3,130.6,21.67,38.25,,2.6
"2026-03-02 14:54:29",715,57,92972,0,,6,111.2,21.46,38.2,,2.4
"2026-03-02 14:54:30",717,59,92958,-36.809263,-71.636042,3.6,99,21.26,38.2,,2.3
"2026-03-02 14:54:31",718,60,92944,0,,4.7,123.9,21.17,38.4,,2
"2026-03-02 14:54:32",719,61,92932,0,,5.9,122.4,21.11,38.65,,1.9
"2026-03-02 14:54:33",720,62,92920,-36.80935,-71.6359,4.55,132.1,21.09,38.8,,1.8
"2026-03-02 14:54:34",722,64,92899,0,,6.25,131.5,21.06,39,,1.7
"2026-03-02 14:54:35",724,66,92878,0,,5.1,112.9,21.08,39.2,,1.7
"2026-03-02 14:54:36",726,68,92858,-36.809427,-71.635747,4.65,113.9,21.05,39.35,,1.6
"2026-03-02 14:54:37",728,70,92836,0,,7.25,123.8,20.93,39.45,,1.6
"2026-03-02 14:54:38",730,72,92814,0,,5.8,124.3,20.79,39.55,,1.6
"2026-03-02 14:54:39",732,74,92792,-36.809498,-71.635587,4.6,107.9,20.76,39.5,,1.6
"2026-03-02 14:54:40",734,76,92776,0,,4.65,112.8,20.71,39.5,,1.6
"2026-03-02 14:54:41",735,77,92761,0,,6.25,125,20.75,39.55,,1.6
"2026-03-02 14:54:42",737,79,92746,-36.809558,-71.635417,5.3,105.7,20.73,39.6,,1.7
"2026-03-02 14:54:43",738,80,92732,0,,5.5,103.7,20.63,39.6,,1.6
"2026-03-02 14:54:44",739,81,92719,0,,7.1,126.4,20.64,39.65,,1.6
"2026-03-02 14:54:45",740,82,92706,-36.809625,-71.635238,5.55,111.6,20.66,39.75,37,1.6
"2026-03-02 14:54:46",742,84,92690,0,,5.3,101.1,20.57,39.8,,1.7
"2026-03-02 14:54:47",743,85,92675,0,,5.05,121.5,20.66,39.8,,1.6
"2026-03-02 14:54:48",745,87,92660,-36.809675,-71.635072,5.55,111.8,20.66,39.8,,1.6
"2026-03-02 14:54:50",747,89,92630,0,,6.05,119.7,20.72,39.8,,1.5
"2026-03-02 14:54:51",749,91,92616,-36.80973,-71.63489,4.9,111.7,20.7,39.65,,1.4
"2026-03-02 14:54:53",752,94,92583,0,,6.7,116.3,20.57,39.55,,1.4
"2026-03-02 14:54:54",753,95,92568,-36.809778,-71.6347,5.2,106.1,20.49,39.55,,1.4
"2026-03-02 14:54:56",756,98,92535,0,,5.65,98.1,20.41,39.65,,1.4
"2026-03-02 14:54:57",758,100,92520,-36.809832,-71.634525,4.35,107,20.35,39.65,,1.4
"2026-03-02 14:54:59",761,103,92489,0,,6.55,98.5,20.39,39.9,,1.4
"2026-03-02 14:55:00",762,104,92474,-36.809882,-71.634328,6.15,102.6,20.37,39.95,,1.5
"2026-03-02 14:55:02",766,108,92428,0,,4.7,124,20.39,40,,1.6
"2026-03-02 14:55:03",768,110,92406,-36.809932,-71.634155,6.5,109.4,20.34,40.05,,1.6
"2026-03-02 14:55:05",771,113,92373,0,,4.15,114.1,20.48,40.2,,1.6
"2026-03-02 14:55:06",773,115,92358,-36.809972,-71.633985,5.8,116.2,20.43,40.15,,1.6
"2026-03-02 14:55:08",776,118,92324,0,,4.3,102.7,20.38,40.05,,1.6
"2026-03-02 14:55:09",778,120,92308,-36.81,-71.633812,5.15,104.3,20.32,40.05,,1.6
"2026-03-02 14:55:12",784,126,92244,-36.810047,-71.63363,5.95,102.9,20.16,40.15,37.5,1.8
"2026-03-02 14:55:13",786,128,92222,0,,5.7,100.6,20.17,40.2,,1.8
"2026-03-02 14:55:14",788,130,92201,0,,4.2,123.6,20.24,40.25,,1.8
"2026-03-02 14:55:15",790,132,92180,-36.810093,-71.633468,5.3,103.9,20.13,40.35,,1.8
"2026-03-02 14:55:16",791,133,92164,0,,6.5,112.4,20.11,40.4,,1.7
"2026-03-02 14:55:17",792,134,92149,0,,4.85,110.2,20.18,40.45,,1.8
"2026-03-02 14:55:18",794,136,92134,-36.81012,-71.633298,4.85,83.9,20.16,40.45,,1.7
"2026-03-02 14:55:19",795,137,92119,0,,5.7,104.9,20.12,40.5,,1.7
"2026-03-02 14:55:20",797,139,92104,0,,6.15,120.8,20.17,40.55,,1.7
"2026-03-02 14:55:21",798,140,92090,-36.810165,-71.633127,4.6,99.7,20.14,40.55,,1.7
"2026-03-02 14:55:22",800,142,92071,0,,5.35,100.1,20.01,40.55,,1.7
"2026-03-02 14:55:23",802,144,92052,0,,5.1,116.5,19.94,40.6,,1.7
"2026-03-02 14:55:24",803,145,92034,-36.810203,-71.632972,3.8,92.7,19.99,40.65,,1.6
"2026-03-02 14:55:25",805,147,92019,0,,6.1,118.5,20.05,40.75,,1.6
"2026-03-02 14:55:26",806,148,92005,0,,6.1,118.5,20.1,40.75,,1.5
"2026-03-02 14:55:27",807,149,91992,-36.810248,-71.632818,3.85,99.4,20.07,40.8,,1.5
"2026-03-02 14:55:28",809,151,91972,0,,5.6,106.4,19.97,40.8,,1.5
"2026-03-02 14:55:29",811,153,91953,0,,5.75,117.7,19.88,40.8,,1.5
"2026-03-02 14:55:30",813,155,91934,-36.8103,-71.632655,4,111.3,19.86,40.85,,1.6
"2026-03-02 14:55:31",815,157,91911,0,,6.1,103.5,19.81,40.9,,1.6
"2026-03-02 14:55:32",817,159,91887,0,,5.65,115.9,19.72,40.9,,1.7
"2026-03-02 14:55:33",819,161,91864,-36.810343,-71.632493,3.5,106.9,19.69,40.95,,1.7
"2026-03-02 14:55:34",821,163,91849,0,,6.1,98.7,19.64,41,,1.7
"2026-03-02 14:55:35",822,164,91835,0,,5.75,117.2,19.69,41.1,,1.7
"2026-03-02 14:55:36",823,165,91822,-36.8104,-71.632328,3.85,120.4,19.7,41.2,,1.7
"2026-03-02 14:55:37",825,167,91805,0,,6.2,104,19.74,41.2,,1.7
"2026-03-02 14:55:38",826,168,91787,0,,5.75,111.4,19.73,41.25,,1.7
"2026-03-02 14:55:39",828,170,91770,-36.810443,-71.632168,3.7,112.7,19.64,41.25,38,1.7
"2026-03-02 14:55:41",831,173,91737,0,,5.8,111.1,19.49,41.4,,1.7
"2026-03-02 14:55:42",833,175,91722,-36.810487,-71.632012,3.3,111.5,19.63,41.45,,1.7
"2026-03-02 14:55:43",834,176,91708,0,,5.35,99.4,19.61,41.45,,1.6
"2026-03-02 14:55:44",835,177,91695,0,,5.35,99.6,19.69,41.4,,1.5
"2026-03-02 14:55:45",836,178,91682,-36.810522,-71.631867,2.95,110.2,19.8,41.35,,1.4
"2026-03-02 14:55:46",838,180,91662,0,,5,120.6,19.8,41.35,,1.5
"2026-03-02 14:55:47",840,182,91642,0,,5.8,102.7,19.7,41.3,,1.5
"2026-03-02 14:55:48",842,184,91622,-36.810555,-71.631703,4.2,90.6,19.75,41.25,,1.6
"2026-03-02 14:55:49",843,185,91612,0,,5.6,116,19.69,41.15,,1.5
"2026-03-02 14:55:50",844,186,91602,0,,5.5,109,19.75,41.15,,1.5
"2026-03-02 14:55:51",845,187,91592,-36.810597,-71.631543,4.1,99.8,19.81,41.1,,1.4
"2026-03-02 14:55:52",847,189,91573,0,,5.45,112.9,19.78,40.95,,1.4
"2026-03-02 14:55:53",848,190,91555,0,,6.25,111.9,19.64,40.65,,1.4
"2026-03-02 14:55:54",850,192,91538,-36.810642,-71.631368,4.45,96.6,19.51,40.6,,1.5
"2026-03-02 14:55:56",853,195,91505,0,,6.3,112.9,19.42,40.6,,1.5
"2026-03-02 14:55:57",855,197,91490,-36.810695,-71.631208,4.05,106.1,19.46,40.55,,1.5
"2026-03-02 14:55:58",856,198,91474,0,,5.35,117.3,19.5,40.45,,1.5
"2026-03-02 14:55:59",857,199,91459,0,,5.35,117.3,19.48,40.35,,1.4
"2026-03-02 14:56:00",859,201,91444,-36.810748,-71.631043,3.85,97.4,19.59,40.15,,1.4
"2026-03-02 14:56:01",860,202,91433,0,,5.85,120.6,19.57,39.95,,1.4
"2026-03-02 14:56:02",861,203,91422,0,,5.75,120.2,19.49,39.75,,1.4
"2026-03-02 14:56:03",862,204,91412,-36.810812,-71.630887,4.3,104,19.51,39.65,,1.4
"2026-03-02 14:56:04",863,205,91397,0,,,,19.52,39.5,,1.4
"2026-03-02 14:56:05",865,207,91383,0,,,,19.48,39.4,,1.4
"2026-03-02 14:56:06",866,208,91370,0,,,,19.49,39.35,38,1.4
"2026-03-02 14:56:07",867,209,91359,0,,6.3,124.1,19.55,39.35,,1.3
"2026-03-02 14:56:08",868,210,91348,0,,5.25,110.7,19.49,39.35,,1.3
"2026-03-02 14:56:09",869,211,91338,-36.810923,-71.630567,4.2,106.2,19.59,39.45,,1.2
"2026-03-02 14:56:11",871,213,91312,0,,5.3,96.5,19.49,39.45,,1.2
"2026-03-02 14:56:12",872,214,91300,-36.810963,-71.630388,5.45,99,19.55,39.45,,1.1
"2026-03-02 14:56:13",874,216,91288,0,,6.3,126.2,19.5,39.45,,1.1
"2026-03-02 14:56:14",875,217,91277,0,,4.8,105.4,19.43,39.5,,1.1
"2026-03-02 14:56:15",876,218,91266,-36.81103,-71.630223,5.9,115.9,19.45,39.55,,1.1
"2026-03-02 14:56:16",877,219,91252,0,,6.85,114.9,19.39,39.55,,1.2
"2026-03-02 14:56:17",878,220,91239,0,,5.45,96.4,19.42,39.55,,1.2
"2026-03-02 14:56:18",879,221,91226,-36.811082,-71.63004,5.4,105.2,19.49,39.55,,1.2
"2026-03-02 14:56:19",880,222,91216,0,,7.2,120,19.38,39.65,,1.1
"2026-03-02 14:56:20",881,223,91207,0,,7.2,120,19.38,39.75,,1.1
"2026-03-02 14:56:21",882,224,91198,-36.811153,-71.629858,5.8,110.8,19.37,39.9,,1.1
"2026-03-02 14:56:22",884,226,91180,0,,6.85,117.3,19.37,40,,1.1
"2026-03-02 14:56:23",885,227,91163,0,,5.15,117,19.42,40.1,,1.2
"2026-03-02 14:56:24",887,229,91146,-36.811218,-71.629682,6.05,107.8,19.32,40.1,,1.2
"2026-03-02 14:56:25",888,230,91132,0,,6.3,111.7,19.35,40.2,,1.2
"2026-03-02 14:56:26",890,232,91119,0,,4.5,111.8,19.43,40.3,,1.2
"2026-03-02 14:56:27",891,233,91106,-36.811277,-71.629512,5.95,110.6,19.35,40.45,,1.2
"2026-03-02 14:56:28",892,234,91091,0,,6.15,113.4,19.28,40.5,,1.3
"2026-03-02 14:56:29",894,236,91076,0,,5.45,110.2,19.36,40.55,,1.3
"2026-03-02 14:56:30",895,237,91062,-36.81134,-71.629333,6.3,113.8,19.24,40.55,,1.3
"2026-03-02 14:56:31",896,238,91048,0,,5.8,115.6,19.27,40.6,,1.3
"2026-03-02 14:56:32",898,240,91035,0,,5.8,115.6,19.27,40.6,,1.4
"2026-03-02 14:56:33",899,241,91022,-36.811387,-71.629213,7.35,109.7,19.18,40.65,37.75,1.4
"2026-03-02 14:56:34",901,243,91004,0,,6,122.6,19.27,40.75,,1.4
"2026-03-02 14:56:35",902,244,90986,0,,6,122.6,19.21,40.85,,1.4
"2026-03-02 14:56:36",904,246,90968,-36.811452,-71.629042,6.35,102.6,19.19,40.9,,1.4
"2026-03-02 14:56:37",906,248,90948,0,,5.6,126.6,19.24,,,1.4
"2026-03-02 14:56:38",907,249,90929,0,,5.2,119.5,19.19,41,,1.5
"2026-03-02 14:56:39",909,251,90910,-36.811543,-71.628807,7,105.9,19.07,41.05,,1.5
"2026-03-02 14:56:40",911,253,90892,0,,5.85,123.3,19.21,41.2,,1.6
"2026-03-02 14:56:41",913,255,90875,0,,5.85,123.3,19.18,41.3,,1.6
"2026-03-02 14:56:42",914,256,90858,-36.811612,-71.628605,7.25,110.1,19.07,41.3,,1.6
"2026-03-02 14:56:43",916,258,90836,0,,6.05,131.4,19.1,41.35,,1.6
"2026-03-02 14:56:44",918,260,90815,0,,6.05,131.4,19.02,41.5,,1.7
"2026-03-02 14:56:45",920,262,90794,-36.811645,-71.628498,4.95,101.1,19.01,41.65,,1.7
"2026-03-02 14:56:46",922,264,90779,0,,6.6,125.9,18.92,41.75,,1.8
"2026-03-02 14:56:47",923,265,90763,0,,3.65,103.9,18.99,41.95,,1.7
"2026-03-02 14:56:48",925,267,90748,-36.811738,-71.628277,6.55,117.2,18.96,42.05,,1.7
"2026-03-02 14:56:49",926,268,90729,0,,,,18.89,42.1,,1.7
"2026-03-02 14:56:50",928,270,90711,0,,,,19,42.1,,1.7
"2026-03-02 14:56:51",930,272,90694,0,,,,19,42,,1.7
"2026-03-02 14:56:52",932,274,90668,0,,6.45,125.3,18.89,42,,1.8
"2026-03-02 14:56:53",935,277,90643,0,,6.45,125.3,18.8,42.1,,1.8
"2026-03-02 14:56:54",937,279,90618,-36.81184,-71.628008,5.85,106.3,18.77,42.15,,1.9
"2026-03-02 14:56:56",940,282,90587,0,,4.75,105.3,18.84,42.1,,1.8
"2026-03-02 14:56:57",941,283,90572,-36.8119,-71.62784,4.4,106.7,18.89,42.05,,1.8
"2026-03-02 14:56:58",944,286,90546,0,,,,18.83,41.9,,1.8
"2026-03-02 14:56:59",946,288,90521,0,,,,18.8,41.85,,1.9
"2026-03-02 14:57:00",949,291,90496,0,,,,18.74,41.85,38,2
"2026-03-02 14:57:01",951,293,90473,0,,5.85,117.3,18.69,41.85,,2
"2026-03-02 14:57:02",953,295,90450,0,,5.95,127.2,18.71,41.9,,2.1
"2026-03-02 14:57:03",955,297,90428,-36.812063,-71.627433,4.8,113.2,18.69,42.05,,2.1
"2026-03-02 14:57:04",957,299,90406,0,,,,18.73,42.25,,2.1
"2026-03-02 14:57:05",959,301,90385,0,,,,18.69,42.4,,2
"2026-03-02 14:57:06",961,303,90364,0,,,,18.64,42.5,,2
"2026-03-02 14:57:07",963,305,90341,0,,6.8,113.3,18.58,42.5,,2
"2026-03-02 14:57:08",966,308,90317,0,,6.55,130,18.66,42.6,,2
"2026-03-02 14:57:09",968,310,90294,-36.812202,-71.627157,4.15,122.5,18.64,42.65,,2.2
"2026-03-02 14:57:11",972,314,90247,0,,6,132.3,18.74,42.75,,2.2
"2026-03-02 14:57:12",975,317,90224,-36.812298,-71.626928,4.8,117.9,18.7,42.75,,2.2
"2026-03-02 14:57:13",977,319,90199,0,,4.85,117.9,18.69,42.8,,2.2
"2026-03-02 14:57:14",979,321,90174,0,,5.7,129.3,18.83,42.8,,2.2
"2026-03-02 14:57:15",982,324,90150,-36.812355,-71.626808,6.55,115.7,18.76,42.75,,2.2
"2026-03-02 14:57:16",984,326,90127,0,,6.6,108.3,18.63,42.7,,2.2
"2026-03-02 14:57:17",986,328,90104,0,,6.6,108.3,18.63,42.7,,2.2
"2026-03-02 14:57:18",988,330,90082,-36.812433,-71.626618,6.1,128.6,18.68,42.75,,2.2
"2026-03-02 14:57:19",991,333,90054,0,,7.05,113.8,18.65,42.75,,2.3
"2026-03-02 14:57:20",993,335,90028,0,,5.3,118.8,18.66,42.8,,2.3
"2026-03-02 14:57:21",996,338,90002,-36.812543,-71.626377,6.2,125.4,18.66,42.8,,2.3
"2026-03-02 14:57:23",1000,342,89959,0,,4.75,114.3,18.45,42.9,,2.3
"2026-03-02 14:57:24",1002,344,89938,-36.812627,-71.626185,7.65,125.2,18.39,42.95,,2.3
"2026-03-02 14:57:26",1007,349,89887,0,,7.25,111.7,18.41,43.15,,2.3
"2026-03-02 14:57:27",1009,351,89862,-36.812678,-71.626065,5.05,118,18.38,43.2,37.75,2.3
"2026-03-02 14:57:29",1014,356,89810,0,,4.45,128.4,18.42,43.35,,2.3
"2026-03-02 14:57:30",1016,358,89786,-36.812782,-71.625813,8,122.4,18.4,43.4,,2.4
"2026-03-02 14:57:32",1021,363,89740,0,,5.1,120,18.34,43.45,,2.3
"2026-03-02 14:57:33",1023,365,89718,-36.812845,-71.625635,7.35,117.3,18.28,43.45,,2.3
"2026-03-02 14:57:35",1028,370,89663,0,,4.9,106.3,18.28,43.45,,2.3
"2026-03-02 14:57:36",1031,373,89636,-36.812895,-71.625523,7,122.8,18.17,43.4,,2.4
"2026-03-02 14:57:38",1035,377,89588,0,,5.15,104.4,18.17,43.35,,2.4
"2026-03-02 14:57:39",1038,380,89564,-36.812968,-71.625343,7.6,124.7,18.09,43.4,,2.4
"2026-03-02 14:57:41",1043,385,89508,0,,,,18.07,43.4,,2.4
"2026-03-02 14:57:42",1046,388,89480,0,,,,17.99,43.35,,2.4
"2026-03-02 14:57:43",1048,390,89454,0,,6.3,113.4,17.97,43.35,,2.4
"2026-03-02 14:57:44",1051,393,89430,0,,5.9,116.9,17.97,43.4,,2.5
"2026-03-02 14:57:45",1053,395,89406,-36.813117,-71.624998,6.6,129.4,17.85,43.4,,2.5
"2026-03-02 14:57:46",1055,397,89381,0,,,,17.74,43.45,,2.5
"2026-03-02 14:57:47",1058,400,89355,0,,,,17.73,43.55,,2.5
"2026-03-02 14:57:48",1060,402,89330,0,,,,17.66,43.65,,2.5
"2026-03-02 14:57:49",1063,405,89303,0,,5,117.5,17.73,43.75,,2.5
"2026-03-02 14:57:50",1065,407,89276,0,,7.35,110.2,17.65,43.85,,2.5
"2026-03-02 14:57:51",1068,410,89250,-36.813272,-71.624652,6.35,122.7,17.69,43.9,,2.5
"2026-03-02 14:57:52",1070,412,89225,0,,6.35,122.7,17.73,43.95,,2.5
"2026-03-02 14:57:53",1073,415,89200,0,,7.1,110.1,17.64,43.95,,2.5
"2026-03-02 14:57:54",1075,417,89176,-36.813348,-71.624483,6.45,120.8,17.64,44,37.5,2.4
"2026-03-02 14:57:55",1077,419,89152,0,,6.5,120.8,17.65,44.05,,2.4
"2026-03-02 14:57:56",1079,421,89129,0,,6.5,120.8,17.62,44.05,,2.4
"2026-03-02 14:57:57",1082,424,89106,-36.813438,-71.624348,4.85,131.1,17.65,44.1,,2.4
"2026-03-02 14:57:58",1084,426,89077,0,,4.85,131.1,17.56,44.1,,2.4
"2026-03-02 14:57:59",1087,429,89049,0,,6.05,110.6,17.56,44.1,,2.5
"2026-03-02 14:58:00",1090,432,89022,-36.813513,-71.624202,4.15,130,17.62,44.2,,2.5
"2026-03-02 14:58:01",1092,434,89000,0,,6,131,17.66,44.2,,2.4
"2026-03-02 14:58:02",1094,436,88979,0,,7.1,115.9,17.62,44.15,,2.4
"2026-03-02 14:58:03",1096,438,88958,-36.813597,-71.624052,3.5,117.7,17.62,44.15,,2.3
"2026-03-02 14:58:04",1099,441,88929,0,,3.5,117.7,17.61,44.05,,2.4
"2026-03-02 14:58:05",1101,443,88901,0,,6.55,116.2,17.62,44.05,,2.4
"2026-03-02 14:58:06",1104,446,88874,-36.81368,-71.623908,3.75,120.6,17.57,44.05,,2.4
"2026-03-02 14:58:07",1106,448,88854,0,,3.75,120.6,17.55,44.05,,2.4
"2026-03-02 14:58:08",1108,450,88835,0,,3.75,120.6,17.43,44.05,,2.4
"2026-03-02 14:58:09",1110,452,88816,-36.813775,-71.623765,3.95,129,17.43,44.05,,2.3
"2026-03-02 14:58:11",1114,456,88770,0,,5.8,126.9,17.39,44.1,,2.3
"2026-03-02 14:58:12",1116,458,88748,-36.813865,-71.623625,4.45,136.3,17.47,44.05,,2.2
"2026-03-02 14:58:13",1119,461,88724,0,,6.25,119.3,17.4,44,,2.2
"2026-03-02 14:58:14",1121,463,88700,0,,5.8,121.4,17.3,43.95,,2.2
"2026-03-02 14:58:15",1123,465,88676,-36.813952,-71.623475,4.5,138.6,17.4,43.95,,2.3
"2026-03-02 14:58:16",1126,468,88649,0,,6.15,128.9,17.32,43.95,,2.3
"2026-03-02 14:58:17",1128,470,88623,0,,5.1,128.5,17.36,43.95,,2.3
"2026-03-02 14:58:18",1131,473,88598,-36.814048,-71.623347,4.5,144,17.4,43.95,,2.3
"2026-03-02 14:58:19",1133,475,88573,0,,4.5,144,17.36,43.95,,2.2
"2026-03-02 14:58:20",1135,477,88549,0,,5.85,131.6,17.26,44,,2.3
"2026-03-02 14:58:21",1138,480,88526,-36.814143,-71.623208,4.95,145.9,17.21,44.05,37.5,2.3
"2026-03-02 14:58:22",1140,482,88504,0,,5.05,115.6,17.14,44.15,,2.3
"2026-03-02 14:58:23",1142,484,88482,0,,6.65,133.4,17.07,44.2,,2.3
"2026-03-02 14:58:24",1144,486,88460,-36.814242,-71.623065,5.75,141.2,17.1,44.25,,2.3
"2026-03-02 14:58:26",1148,490,88422,0,,6.75,140.8,17.02,44.3,,2.2
"2026-03-02 14:58:27",1149,491,88404,-36.814342,-71.62293,5.7,135.6,16.99,44.35,,2.2
"2026-03-02 14:58:28",1152,494,88382,0,,6.1,110.9,16.92,44.35,,2.1
"2026-03-02 14:58:29",1154,496,88361,0,,5.2,132.3,16.96,44.4,,2.1
"2026-03-02 14:58:30",1156,498,88340,-36.814428,-71.622782,5.65,145.7,17.08,44.5,,2.1
"2026-03-02 14:58:31",1158,500,88319,0,,6.3,124,16.98,44.55,,2.1
"2026-03-02 14:58:32",1160,502,88297,0,,5.15,134.3,16.95,44.5,,2.1
"2026-03-02 14:58:33",1162,504,88276,-36.814528,-71.622645,5.05,138.2,16.99,44.5,,2
"2026-03-02 14:58:34",1164,506,88254,0,,5.05,138.2,16.91,44.5,,2
"2026-03-02 14:58:35",1166,508,88233,0,,6.15,132.7,16.96,44.6,,2
"2026-03-02 14:58:36",1168,510,88212,-36.814623,-71.6225,5.05,137.9,17.02,44.65,,2
"2026-03-02 14:58:37",1171,513,88185,0,,5.05,137.9,16.93,44.6,,2
"2026-03-02 14:58:38",1173,515,88159,0,,7.3,131.4,16.89,44.55,,2.1
"2026-03-02 14:58:39",1176,518,88134,-36.81472,-71.622355,4.6,142.1,16.96,44.5,,2.2
"2026-03-02 14:58:40",1178,520,88110,0,,4.6,142.1,16.88,44.45,,2.2
"2026-03-02 14:58:41",1180,522,88087,0,,7,133.2,16.82,44.35,,2.2
"2026-03-02 14:58:42",1182,524,88064,-36.814817,-71.622222,5.25,152,16.87,44.3,,2.2
"2026-03-02 14:58:43",1185,527,88039,0,,4.6,124.3,16.86,44.25,,2.3
"2026-03-02 14:58:44",1187,529,88015,0,,7.25,132.6,16.87,44.25,,2.3
"2026-03-02 14:58:45",1189,531,87992,-36.814922,-71.622087,5.2,145.7,16.95,44.2,,2.3
"2026-03-02 14:58:46",1192,534,87969,0,,5.15,145.7,16.87,44.1,,2.3
"2026-03-02 14:58:47",1194,536,87946,0,,6.7,132.2,16.89,44.05,,2.3
"2026-03-02 14:58:48",1196,538,87924,-36.815025,-71.621963,4.65,149.8,16.88,43.95,37,2.3
"2026-03-02 14:58:49",1198,540,87899,0,,4.65,149.8,16.8,43.9,,2.3
"2026-03-02 14:58:50",1201,543,87874,0,,6.65,134,16.69,43.85,,2.3
"2026-03-02 14:58:51",1203,545,87850,-36.815132,-71.62184,4.55,156.5,16.76,43.85,,2.3
"2026-03-02 14:58:52",1206,548,87826,0,,5.7,129.2,16.68,43.8,,2.3
"2026-03-02 14:58:53",1208,550,87803,0,,6.45,133.7,16.74,43.8,,2.3
"2026-03-02 14:58:54",1210,552,87780,-36.815273,-71.621677,4.85,153.6,16.79,43.75,,2.3
"2026-03-02 14:58:55",1213,555,87755,0,,4.85,153.6,16.7,43.7,,2.3
"2026-03-02 14:58:56",1215,557,87731,0,,5.95,135.7,16.61,43.65,,2.3
"2026-03-02 14:58:57",1217,559,87708,-36.815347,-71.621592,5.5,151.9,16.64,43.65,,2.3
"2026-03-02 14:58:58",1219,561,87687,0,,5.5,151.9,16.61,43.65,,2.3
"2026-03-02 14:58:59",1221,563,87667,0,,5.45,134.7,16.66,43.65,,2.3
"2026-03-02 14:59:00",1223,565,87648,-36.815442,-71.62147,5.45,149.5,16.65,43.7,,2.2
"2026-03-02 14:59:01",1225,567,87627,0,,5.4,149.5,16.55,43.75,,2.2
"2026-03-02 14:59:02",1227,569,87605,0,,5.15,134,16.48,43.75,,2.2
"2026-03-02 14:59:03",1229,571,87584,-36.81554,-71.62135,5.35,147,16.59,43.8,,2.2
"2026-03-02 14:59:04",1231,573,87564,0,,6.9,121.2,16.46,43.8,,2.1
"2026-03-02 14:59:05",1233,575,87544,0,,4.4,134.1,16.32,43.8,,2.1
"2026-03-02 14:59:06",1235,577,87524,-36.81564,-71.621217,5.15,144.4,16.38,43.9,,2.1
"2026-03-02 14:59:07",1237,579,87503,0,,5.15,144.4,16.35,43.95,,2.1
"2026-03-02 14:59:08",1239,581,87482,0,,4.9,149.5,16.35,44.05,,2
"2026-03-02 14:59:09",1241,583,87462,-36.81575,-71.621097,5.1,144.8,16.27,44.05,,2
"2026-03-02 14:59:11",1247,589,87406,0,,6.1,152.6,16.17,44.15,,2.1
"2026-03-02 14:59:12",1249,591,87378,-36.81587,-71.620983,5.25,152.6,16.27,44.25,,2.2
"2026-03-02 14:59:13",1252,594,87354,0,,6.3,125,16.2,44.25,,2.2
"2026-03-02 14:59:14",1254,596,87331,0,,6,151.7,16.31,44.3,,2.2
"2026-03-02 14:59:15",1256,598,87308,-36.815993,-71.620867,5.2,152.8,16.35,44.3,37.25,2.2
"2026-03-02 14:59:16",1258,600,87284,0,,5.8,126.7,16.24,44.25,,2.3
"2026-03-02 14:59:17",1261,603,87261,0,,4.75,147.6,16.14,44.2,,2.3
"2026-03-02 14:59:18",1263,605,87238,-36.816105,-71.620765,5.4,159,16.19,44.25,,2.3
"2026-03-02 14:59:19",1265,607,87215,0,,5.4,159,16.12,44.25,,2.3
"2026-03-02 14:59:20",1267,609,87192,0,,4.65,132.1,16.06,44.25,,2.3
"2026-03-02 14:59:21",1270,612,87170,-36.816225,-71.620663,5.35,163.4,16.17,44.35,,2.4
"2026-03-02 14:59:22",1272,614,87145,0,,6.65,140.9,16.1,44.4,,2.4
"2026-03-02 14:59:23",1274,616,87121,0,,4.25,147.9,16.11,44.4,,2.3
"2026-03-02 14:59:24",1277,619,87098,-36.816355,-71.620578,6.3,172.8,16.27,44.35,,2.3
"2026-03-02 14:59:26",1281,623,87052,0,,4.45,147.6,16.17,44,,2.3
"2026-03-02 14:59:27",1283,625,87030,-36.81649,-71.620498,5.9,169.4,16.23,43.85,,2.3
"2026-03-02 14:59:28",1286,628,87004,0,,5.9,169.4,16.18,43.8,,2.3
"2026-03-02 14:59:29",1288,630,86978,0,,4.8,138.5,16.07,43.7,,2.3
"2026-03-02 14:59:30",1291,633,86952,-36.816665,-71.620383,5.3,172.8,16.18,43.7,,2.3
"2026-03-02 14:59:31",1293,635,86927,0,,5.3,172.8,16.13,43.65,,2.4
"2026-03-02 14:59:32",1296,638,86902,0,,5.75,146.6,16.14,43.65,,2.4
"2026-03-02 14:59:33",1298,640,86878,-36.81676,-71.620323,6.25,173.5,16.28,43.6,,2.4
"2026-03-02 14:59:34",1301,643,86850,0,,4.55,151.6,16.27,43.55,,2.4
"2026-03-02 14:59:35",1304,646,86823,0,,5.2,140.8,16.14,43.45,,2.4
"2026-03-02 14:59:36",1306,648,86796,-36.816888,-71.62025,6.65,162.5,16.14,43.45,,2.5
"2026-03-02 14:59:37",1309,651,86765,0,,4.15,149.5,16.05,43.4,,2.5
"2026-03-02 14:59:38",1312,654,86734,0,,5.2,132.4,16.07,43.45,,2.6
"2026-03-02 14:59:39",1315,657,86704,-36.817005,-71.620153,7.05,147.5,15.94,43.5,,2.7
"2026-03-02 14:59:41",1319,661,86665,0,,5.45,147.9,16.04,43.6,,2.6
"2026-03-02 14:59:42",1321,663,86646,-36.817137,-71.620067,5.95,142.5,15.94,43.6,37,2.5
"2026-03-02 14:59:43",1323,665,86626,0,,3.95,170,16.02,43.65,,2.5
"2026-03-02 14:59:44",1325,667,86607,0,,3.95,157,16.1,43.6,,2.4
"2026-03-02 14:59:45",1327,669,86588,-36.817252,-71.620005,6.55,149.2,16.03,43.45,,2.4
"2026-03-02 14:59:46",1329,671,86568,0,,4.95,169.2,15.92,43.3,,2.3
"2026-03-02 14:59:47",1331,673,86549,0,,3.85,158,15.98,43.25,,2.3
"2026-03-02 14:59:48",1333,675,86530,-36.817373,-71.619938,6.4,143.4,15.91,43.15,,2.2
"2026-03-02 14:59:49",1334,676,86513,0,,5.45,170.4,15.98,43.1,,2.1
"2026-03-02 14:59:50",1336,678,86496,0,,4.35,162.1,16,43.05,,2
"2026-03-02 14:59:51",1337,679,86480,-36.817503,-71.61987,6.4,141.5,15.89,43,,1.8
"2026-03-02 14:59:53",1341,683,86442,0,,3.2,154.9,15.99,43,,1.8
"2026-03-02 14:59:54",1343,685,86424,-36.81762,-71.619808,4.9,131.8,15.88,42.95,,1.8
"2026-03-02 14:59:56",1346,688,86389,0,,2.8,191.7,15.81,42.9,,1.8
"2026-03-02 14:59:57",1348,690,86372,-36.81773,-71.619767,4.1,141.2,15.69,42.95,,1.8
"2026-03-02 14:59:59",1350,692,86351,0,,2.95,184.1,15.81,43.1,,1.6
"2026-03-02 15:00:00",1351,693,86342,-36.81784,-71.619735,5,150.4,15.76,43.2,,1.5
"2026-03-02 15:00:02",1355,697,86296,0,,3.6,184.2,15.48,43.35,,1.6
"2026-03-02 15:00:03",1358,700,86274,-36.81796,-71.619707,5.4,157.3,15.47,43.45,,1.7
"2026-03-02 15:00:05",1361,703,86244,0,,3.2,162,15.48,43.7,,1.6
"2026-03-02 15:00:06",1362,704,86230,-36.818072,-71.619658,5.4,168.1,15.65,43.8,,1.6
"2026-03-02 15:00:08",1366,708,86185,0,,3.55,166.7,15.48,43.8,,1.7
"2026-03-02 15:00:09",1369,711,86164,-36.818192,-71.619627,5.45,184.1,15.54,43.75,36.75,1.7
"2026-03-02 15:00:12",1374,716,86108,-36.818303,-71.619582,5.05,183.9,15.53,43.6,,1.8
"2026-03-02 15:00:14",1379,721,86060,0,,3.55,165.1,15.47,43.45,,1.9
"2026-03-02 15:00:15",1381,723,86036,-36.818412,-71.619548,3.55,182.7,15.47,43.45,,2
"2026-03-02 15:00:16",1384,726,86011,0,,5.35,144,15.47,43.45,,2
"2026-03-02 15:00:17",1386,728,85987,0,,4.75,165.6,15.48,43.4,,2.1
"2026-03-02 15:00:18",1388,730,85964,-36.81853,-71.619502,4.9,185.7,15.55,43.35,,2.2
"2026-03-02 15:00:19",1390,732,85943,0,,4.85,185.7,15.48,43.25,,2.2
"2026-03-02 15:00:20",1392,734,85922,0,,5.45,158.5,15.47,43.25,,2.2
"2026-03-02 15:00:21",1395,737,85902,-36.818655,-71.619468,6,182,15.47,43.3,,2.2
"2026-03-02 15:00:22",1397,739,85876,0,,6.05,182,15.47,43.35,,2.2
"2026-03-02 15:00:23",1400,742,85851,0,,3.5,160.8,15.47,43.35,,2.2
"2026-03-02 15:00:24",1402,744,85826,-36.818772,-71.619437,5.9,179.9,15.62,43.35,,2.3
"2026-03-02 15:00:25",1405,747,85801,0,,5.9,179.9,15.52,43.35,,2.3
"2026-03-02 15:00:26",1407,749,85775,0,,4.55,162.9,15.48,43.3,,2.4
"2026-03-02 15:00:27",1410,752,85750,-36.81891,-71.619398,6.3,182.2,15.48,43.3,,2.4
"2026-03-02 15:00:28",1412,754,85723,0,,5.8,153.1,15.47,43.3,,2.4
"2026-03-02 15:00:29",1415,757,85696,0,,3.4,159,15.46,43.3,,2.4
"2026-03-02 15:00:30",1418,760,85670,-36.819028,-71.61936,3.6,184.8,15.47,43.35,,2.4
"2026-03-02 15:00:31",1420,762,85644,0,,5.05,139.5,15.44,43.5,,2.5
"2026-03-02 15:00:32",1422,764,85620,0,,5.6,161.3,15.31,43.6,,2.5
"2026-03-02 15:00:33",1425,767,85596,-36.819152,-71.619305,5.15,180.1,15.43,43.65,,2.5
"2026-03-02 15:00:34",1427,769,85571,0,,5.1,180.1,15.29,43.65,,2.5
"2026-03-02 15:00:35",1430,772,85546,0,,4.6,161.5,15.26,43.65,,2.5
"2026-03-02 15:00:36",1432,774,85522,-36.819282,-71.619267,5.3,182.2,15.46,43.65,36.5,2.5
"2026-03-02 15:00:37",1434,776,85500,0,,5.65,149.9,15.36,43.65,,2.5
"2026-03-02 15:00:38",1437,779,85479,0,,4,161,15.26,43.65,,2.4
"2026-03-02 15:00:39",1439,781,85458,-36.819407,-71.61922,4.9,177.9,15.34,43.65,,2.4
"2026-03-02 15:00:40",1441,783,85436,0,,4.9,177.9,15.21,43.65,,2.4
"2026-03-02 15:00:41",1443,785,85414,0,,3.85,158.6,15.14,43.7,,2.3
"2026-03-02 15:00:42",1445,787,85392,-36.819578,-71.619147,4.85,174.1,15.22,43.75,,2.3
"2026-03-02 15:00:43",1447,789,85373,0,,4.85,174.1,15.13,43.85,,2.3
"2026-03-02 15:00:44",1449,791,85354,0,,3.3,148.8,15.04,43.95,,2.2
"2026-03-02 15:00:45",1451,793,85336,-36.819693,-71.619102,4.65,181.3,15.13,44,,2.2
"2026-03-02 15:00:46",1452,794,85322,0,,,,15.1,44,,2.1
"2026-03-02 15:00:47",1454,796,85308,0,,,,15.06,44,,2
"2026-03-02 15:00:48",1455,797,85294,0,,,,15.08,44.05,,1.9
"2026-03-02 15:00:49",1458,800,85268,0,,6.05,154.2,15.02,44.1,,2
"2026-03-02 15:00:50",1460,802,85243,0,,3.85,134.5,14.93,44.1,,2
"2026-03-02 15:00:51",1462,804,85218,-36.819882,-71.618972,5.6,163.8,14.98,44.15,,2
"2026-03-02 15:00:52",1464,806,85201,0,,5.65,163.8,14.88,44.15,,1.9
"2026-03-02 15:00:53",1466,808,85185,0,,4.2,147.9,14.85,44.15,,1.9
"2026-03-02 15:00:54",1467,809,85170,-36.82001,-71.618915,4.95,165.2,14.96,44.25,,1.8
"2026-03-02 15:00:56",1472,814,85120,0,,5.05,141.1,14.92,44.3,,1.9
"2026-03-02 15:00:57",1475,817,85096,-36.820132,-71.61885,4.85,164.9,14.92,44.3,,2
"2026-03-02 15:00:58",1477,819,85076,0,,5.7,164.2,14.88,44.35,,2
"2026-03-02 15:00:59",1479,821,85056,0,,4.45,136.1,14.77,44.35,,2.1
"2026-03-02 15:01:00",1481,823,85036,-36.820252,-71.618787,4.45,167.9,14.81,44.4,,2.1
"2026-03-02 15:01:01",1482,824,85018,0,,6.3,164.5,14.85,44.45,,2.1
"2026-03-02 15:01:02",1484,826,85002,0,,5.15,133.8,14.72,44.45,,2
"2026-03-02 15:01:03",1486,828,84986,-36.820378,-71.618717,4.85,166.3,14.77,44.6,36,1.9
"2026-03-02 15:01:04",1488,830,84966,0,,6.5,166.3,14.74,44.6,,1.9
"2026-03-02 15:01:05",1490,832,84946,0,,4.35,153.1,14.63,44.65,,2
"2026-03-02 15:01:06",1492,834,84926,-36.820512,-71.618665,5.05,169.4,14.66,44.7,,2
"2026-03-02 15:01:07",1494,836,84902,0,,6.7,160.7,14.55,44.8,,2.1
"2026-03-02 15:01:08",1496,838,84880,0,,4.6,171.8,14.55,44.8,,2
"2026-03-02 15:01:09",1498,840,84858,-36.820652,-71.618622,4.6,172.2,14.66,44.9,,2
"2026-03-02 15:01:10",1500,842,84838,0,,,,14.59,44.95,,2
"2026-03-02 15:01:11",1503,845,84817,0,,,,14.47,44.95,,2
"2026-03-02 15:01:12",1505,847,84796,0,,,,14.51,45.05,,2
"2026-03-02 15:01:13",1507,849,84771,0,,4.85,172.3,14.39,45.2,,2.1
"2026-03-02 15:01:14",1509,851,84748,0,,5.8,177.2,14.48,45.3,,2.1
"2026-03-02 15:01:15",1512,854,84726,-36.820943,-71.618533,5.55,161.8,14.46,45.45,,2.2
"2026-03-02 15:01:16",1513,855,84708,0,,6.7,149.8,14.34,45.5,,2.1
"2026-03-02 15:01:17",1515,857,84690,0,,6.25,165.1,14.19,45.6,,2.1
"2026-03-02 15:01:18",1517,859,84672,-36.821087,-71.618462,3.25,161,14.13,45.7,,2.1
"2026-03-02 15:01:19",1519,861,84653,0,,5.35,164.8,14.2,45.85,,2.1
"2026-03-02 15:01:20",1521,863,84634,0,,6.95,166.6,14.17,46,,2.1
"2026-03-02 15:01:21",1523,865,84616,-36.821225,-71.618413,4.55,151.8,14.13,46.05,,2
"2026-03-02 15:01:22",1525,867,84592,0,,5.7,171,14.22,46.15,,2
"2026-03-02 15:01:23",1527,869,84568,0,,6.1,168.5,14.19,46.15,,2.1
"2026-03-02 15:01:24",1530,872,84544,-36.821365,-71.618367,4.35,153.2,14.16,46.15,,2.1
"2026-03-02 15:01:25",1532,874,84527,0,,4.35,153.2,14.3,46.2,,2.1
"2026-03-02 15:01:26",1533,875,84511,0,,6.4,161.9,14.27,46.15,,2
"2026-03-02 15:01:27",1535,877,84496,-36.821507,-71.618315,5.3,148.7,14.17,46.1,,2
"2026-03-02 15:01:28",1537,879,84473,0,,6.8,175.5,14.22,46.1,,2
"2026-03-02 15:01:29",1539,881,84450,0,,6.25,169,14.14,46.1,,2
"2026-03-02 15:01:30",1542,884,84428,-36.821663,-71.61827,4.75,158.6,14.14,46.05,35.75,2
"2026-03-02 15:01:31",1544,886,84405,0,,6.95,165.2,14.11,46.05,,2.1
"2026-03-02 15:01:32",1546,888,84383,0,,4.9,165.4,14.03,46,,2.1
"2026-03-02 15:01:33",1548,890,84362,-36.821805,-71.61822,4.3,158.2,14.06,46.05,,2.1
"2026-03-02 15:01:34",1550,892,84345,0,,4.3,158.2,14.11,46.05,,2.1
"2026-03-02 15:01:35",1552,894,84328,0,,4.9,170.8,13.99,46,,2
"2026-03-02 15:01:36",1553,895,84312,-36.821947,-71.618172,4.7,161.1,13.95,45.95,,1.9
"2026-03-02 15:01:37",1556,898,84288,0,,7.6,159.1,13.92,45.85,,2
"2026-03-02 15:01:38",1558,900,84264,0,,5.5,172.4,13.91,45.7,,2
"2026-03-02 15:01:39",1560,902,84240,-36.822098,-71.618115,4.6,156.9,13.98,45.65,,2.1
"2026-03-02 15:01:40",1562,904,84221,0,,6.7,151.4,13.89,45.6,,2.1
"2026-03-02 15:01:41",1564,906,84203,0,,6,176.5,13.88,45.6,,2.1
"2026-03-02 15:01:42",1566,908,84186,-36.82225,-71.618052,5.7,158.6,13.92,45.55,,2
"2026-03-02 15:01:43",1567,909,84169,0,,7.35,154,13.81,45.5,,2
"2026-03-02 15:01:44",1569,911,84152,0,,6.7,174.5,13.9,45.6,,1.9
"2026-03-02 15:01:45",1571,913,84136,-36.822413,-71.617983,5.1,149.8,13.86,45.8,,1.9
"2026-03-02 15:01:46",1573,915,84117,0,,6.3,158.3,13.76,45.95,,1.9
"2026-03-02 15:01:47",1574,916,84099,0,,7,173.9,13.86,46.05,,1.9
"2026-03-02 15:01:48",1576,918,84082,-36.82257,-71.617922,5.5,150.3,13.77,46.15,,1.9
"2026-03-02 15:01:49",1578,920,84063,0,,7.55,149.2,13.61,46.2,,1.9
"2026-03-02 15:01:50",1580,922,84044,0,,7,166.1,13.6,46.3,,1.8
"2026-03-02 15:01:51",1582,924,84026,-36.822737,-71.617828,5.85,151.5,13.6,46.45,,1.8
"2026-03-02 15:01:52",1584,926,84007,0,,5.95,156.7,13.59,46.45,,1.8
"2026-03-02 15:01:53",1586,928,83988,0,,6.45,175.7,13.75,46.45,,1.8
"2026-03-02 15:01:54",1588,930,83970,-36.822895,-71.617762,7.05,150.8,13.72,46.3,,1.8
"2026-03-02 15:01:56",1591,933,83938,0,,6.8,174.8,13.78,45.9,,1.8
"2026-03-02 15:01:57",1592,934,83922,-36.823058,-71.617692,5.15,158.4,13.77,45.5,36,1.8
"2026-03-02 15:01:58",1595,937,83900,0,,7.05,144.3,13.67,44.7,,1.8
"2026-03-02 15:01:59",1597,939,83878,0,,7.25,169.6,13.58,43.9,,1.9
"2026-03-02 15:02:00",1599,941,83856,-36.82322,-71.617615,5.8,169.6,13.54,43.35,,1.9
"2026-03-02 15:02:01",1601,943,83839,0,,7.55,155,13.53,43.2,,1.9
"2026-03-02 15:02:02",1602,944,83822,0,,7.9,177.2,13.69,43,,1.9
"2026-03-02 15:02:03",1604,946,83806,-36.823403,-71.617562,5.35,167.1,13.67,42.65,,1.9
"2026-03-02 15:02:04",1607,949,83781,0,,,,13.68,42,,1.9
"2026-03-02 15:02:05",1609,951,83756,0,,,,13.84,41.3,,2
"2026-03-02 15:02:06",1612,954,83732,0,,,,13.84,40.8,,2
"2026-03-02 15:02:07",1614,956,83712,0,,5.9,154.5,13.83,40.5,,2
"2026-03-02 15:02:08",1616,958,83693,0,,7.6,169.9,13.96,40.25,,2
"2026-03-02 15:02:09",1617,959,83674,-36.82374,-71.617437,6.9,156.2,13.84,40.15,,2.1
"2026-03-02 15:02:11",1622,964,83628,0,,6.4,181.8,13.52,,,2.1
"2026-03-02 15:02:12",1624,966,83606,-36.823905,-71.61738,8.25,161.8,13.51,41.35,,2.1
"2026-03-02 15:02:13",1627,969,83580,0,,5.55,152.9,13.51,41.6,,2.2
"2026-03-02 15:02:14",1629,971,83555,0,,6.3,181.2,13.6,41.9,,2.2
"2026-03-02 15:02:15",1632,974,83530,-36.82408,-71.617328,8.9,170.3,13.6,41.95,,2.3
"2026-03-02 15:02:16",1635,977,83503,0,,6.1,166.8,13.54,41.8,,2.3
"2026-03-02 15:02:17",1637,979,83476,0,,5.75,186.5,13.65,41.6,,2.3
"2026-03-02 15:02:18",1640,982,83450,-36.824257,-71.617312,7.4,177.2,13.72,41.5,,2.4
"2026-03-02 15:02:19",1643,985,83423,0,,6.25,152.7,13.6,41.35,,2.4
"2026-03-02 15:02:20",1645,987,83397,0,,6.8,178.1,13.6,41.2,,2.5
"2026-03-02 15:02:21",1648,990,83372,-36.824433,-71.617273,7.25,179.6,13.5,41.1,,2.5
"2026-03-02 15:02:23",1653,995,83320,0,,5.8,182.4,13.43,41.1,,2.6
"2026-03-02 15:02:24",1656,998,83294,-36.8246,-71.617252,6.75,174.9,13.51,40.95,35.5,2.6
"2026-03-02 15:02:27",1665,1007,83206,-36.824773,-71.6172,7.4,179.5,13.53,40.4,,2.7
"2026-03-02 15:02:29",1671,1013,83146,0,,6.45,174.1,13.24,40.25,,2.8
"2026-03-02 15:02:30",1674,1016,83116,-36.824962,-71.617163,7.8,190.9,13.29,40.3,,2.8
"2026-03-02 15:02:32",1679,1021,83062,0,,6.6,158.8,13.11,40.6,,2.8
"2026-03-02 15:02:33",1682,1024,83036,-36.82516,-71.617138,7.65,179.2,13.02,40.65,,2.8
"2026-03-02 15:02:35",1687,1029,82984,0,,6.35,176.9,13.04,41.25,,2.8
"2026-03-02 15:02:36",1690,1032,82958,-36.82535,-71.61714,7.95,174.8,13.03,41.65,,2.8
"2026-03-02 15:02:38",1695,1037,82903,0,,5.1,182,13.03,42.3,,2.8
"2026-03-02 15:02:39",1698,1040,82876,-36.825535,-71.61715,8.1,179.9,13.07,42.55,,2.8
"2026-03-02 15:02:40",1701,1043,82853,0,,8,181.6,13.11,42.75,,2.8
"2026-03-02 15:02:41",1703,1045,82829,0,,5.35,180.3,13,42.85,,2.7
"2026-03-02 15:02:42",1705,1047,82806,-36.825725,-71.61715,8,177.4,13.04,42.85,,2.7
"2026-03-02 15:02:43",1709,1051,82770,0,,,,13.11,42.7,,2.7
"2026-03-02 15:02:44",1713,1055,82736,0,,,,13.09,42.6,,2.8
"2026-03-02 15:02:45",1716,1058,82702,0,,,,13.02,42.5,,2.8
"2026-03-02 15:02:46",1719,1061,82671,0,,6.3,179.6,12.91,42.4,,2.9
"2026-03-02 15:02:47",1722,1064,82639,0,,6.15,187.1,12.81,42.4,,2.9
"2026-03-02 15:02:48",1726,1068,82608,-36.826178,-71.617168,7.5,181.6,12.77,42.45,,3
"2026-03-02 15:02:49",1729,1071,82576,0,,8.3,179.2,12.74,42.55,,3
"2026-03-02 15:02:50",1732,1074,82545,0,,8.3,179.2,12.66,42.65,,3
"2026-03-02 15:02:51",1735,1077,82514,-36.826355,-71.617153,6.3,169.1,12.58,42.8,35,3.1
"2026-03-02 15:02:52",1739,1081,82480,0,,8.25,174.6,12.52,43,,3.2
"2026-03-02 15:02:53",1742,1084,82448,0,,8.25,174.6,12.56,43.2,,3.2
"2026-03-02 15:02:54",1745,1087,82416,-36.826475,-71.617148,6.05,164.6,12.42,43.3,,3.3
"2026-03-02 15:02:55",1749,1091,82382,0,,6.1,164.6,12.44,43.4,,3.3
"2026-03-02 15:02:56",1752,1094,82347,0,,8.55,173.5,12.37,43.5,,3.3
"2026-03-02 15:02:57",1756,1098,82312,-36.826732,-71.617098,5.55,171.5,12.33,43.5,,3.3
"2026-03-02 15:02:58",1759,1101,82285,0,,,,12.34,43.5,,3.3
"2026-03-02 15:02:59",1761,1103,82258,0,,,,12.44,43.4,,3.2
"2026-03-02 15:03:00",1764,1106,82232,0,,,,12.47,43.5,,3.2
"2026-03-02 15:03:01",1767,1109,82202,0,,6.6,182.8,12.3,43.5,,3.2
"2026-03-02 15:03:02",1770,1112,82174,0,,8.65,171.8,12.13,43.6,,3.1
"2026-03-02 15:03:03",1773,1115,82146,-36.827077,-71.617053,6.75,180,11.98,43.7,,3.1
"2026-03-02 15:03:04",1776,1118,82114,0,,,,11.96,43.9,,3.1
"2026-03-02 15:03:05",1779,1121,82081,0,,,,12.14,44.1,,3.2
"2026-03-02 15:03:06",1783,1125,82048,0,,,,12.15,44.25,,3.2
"2026-03-02 15:03:07",1786,1128,82017,0,,7.8,178.3,12.07,44.35,,3.1
"2026-03-02 15:03:08",1789,1131,81986,0,,8.55,185.9,12.17,44.45,,3.1
"2026-03-02 15:03:09",1792,1134,81956,-36.827567,-71.617028,8.6,178.2,12.09,44.5,,3
"2026-03-02 15:03:11",1799,1141,81890,0,,7.05,173.6,11.95,44.55,,3.1
"2026-03-02 15:03:12",1802,1144,81858,-36.827785,-71.617038,7.8,182.9,11.96,44.65,,3.2
"2026-03-02 15:03:13",1805,1147,81828,0,,6.9,182.1,11.94,44.6,,3.2
"2026-03-02 15:03:14",1808,1150,81800,0,,6.9,182.1,12,44.3,,3.2
"2026-03-02 15:03:15",1811,1153,81772,-36.827942,-71.617063,8.85,180,11.95,43.5,,3.2
"2026-03-02 15:03:16",1814,1156,81743,0,,6.7,187.6,11.83,42.8,,3.2
"2026-03-02 15:03:17",1817,1159,81713,0,,9.4,194.4,11.75,42.35,,3.1
"2026-03-02 15:03:18",1820,1162,81684,-36.828242,-71.617092,9.35,174.5,11.78,41.95,35,3.1
"2026-03-02 15:03:19",1824,1166,81650,0,,9.4,174.5,11.73,41.65,,3.1
"2026-03-02 15:03:20",1827,1169,81617,0,,9.2,196.6,11.73,41.4,,3.2
"2026-03-02 15:03:21",1831,1173,81584,-36.828467,-71.617125,8.85,176.7,11.73,41.15,,3.2
"2026-03-02 15:03:22",1834,1176,81552,0,,7.1,187.1,11.76,41,,3.2
"2026-03-02 15:03:23",1837,1179,81521,0,,7.1,187.1,11.95,41,,3.2
"2026-03-02 15:03:24",1840,1182,81490,-36.828603,-71.617153,8.35,177.8,11.98,40.85,,3.1
"2026-03-02 15:03:26",1846,1188,81430,0,,,,11.86,40.5,,3.2
"2026-03-02 15:03:27",1849,1191,81400,0,,,,11.9,40.35,,3.2
"2026-03-02 15:03:28",1853,1195,81369,0,,9.05,182.2,11.76,40.2,,3.2
"2026-03-02 15:03:29",1856,1198,81338,0,,6.95,200.8,11.58,40.15,,3.2
"2026-03-02 15:03:30",1859,1201,81308,-36.829085,-71.617228,9.15,185.3,11.58,40.15,,3.2
"2026-03-02 15:03:31",1862,1204,81280,0,,9.15,185.3,11.52,40.1,,3.2
"2026-03-02 15:03:32",1865,1207,81253,0,,7.4,195.7,11.65,39.85,,3.1
"2026-03-02 15:03:33",1867,1209,81226,-36.82929,-71.617258,7.05,178.2,11.58,39.35,,3.1
"2026-03-02 15:03:34",1870,1212,81201,0,,7.8,186.2,11.64,38.9,,3
"2026-03-02 15:03:35",1873,1215,81176,0,,7.8,186.2,11.77,38.6,,3
"2026-03-02 15:03:36",1875,1217,81152,-36.829428,-71.617307,8.45,187.6,11.83,38.35,,2.9
"2026-03-02 15:03:37",1878,1220,81128,0,,7.85,187.9,11.83,38.05,,2.9
"2026-03-02 15:03:38",1880,1222,81105,0,,6.5,192.1,11.78,37.85,,2.8
"2026-03-02 15:03:39",1882,1224,81082,-36.829692,-71.617365,6.95,187.3,11.71,37.7,,2.7
"2026-03-02 15:03:40",1886,1228,81047,0,,6.95,187.3,11.76,37.8,,2.8
"2026-03-02 15:03:41",1889,1231,81013,0,,8.1,197.8,11.71,37.85,,2.8
"2026-03-02 15:03:42",1893,1235,80980,-36.829897,-71.617422,7.25,177.7,11.61,37.95,,2.8
"2026-03-02 15:03:43",1896,1238,80950,0,,8,198.9,11.61,38.05,,2.9
"2026-03-02 15:03:44",1899,1241,80919,0,,8,198.9,11.45,38.2,,2.9
"2026-03-02 15:03:45",1902,1244,80888,-36.830038,-71.617463,8.1,177.3,11.38,38.3,34.75,2.9
"2026-03-02 15:03:46",1906,1248,80858,0,,8.1,177.3,11.4,38.45,,2.9
"2026-03-02 15:03:47",1909,1251,80829,0,,8.1,177.3,11.3,38.65,,3
"2026-03-02 15:03:48",1912,1254,80800,-36.830295,-71.61753,7.65,182,11.21,38.9,,3
"2026-03-02 15:03:49",1915,1257,80771,0,,7.6,182,11.16,39.1,,3.1
"2026-03-02 15:03:50",1917,1259,80742,0,,7.45,206.9,11.16,39.3,,3.1
"2026-03-02 15:03:51",1920,1262,80714,-36.830475,-71.617583,7.65,183.3,11.07,39.35,,3.2
"2026-03-02 15:03:52",1924,1266,80681,0,,7.65,183.3,11.03,39.35,,3.2
"2026-03-02 15:03:53",1927,1269,80648,0,,7.15,212.6,10.94,39.3,,3.2
"2026-03-02 15:03:54",1931,1273,80616,-36.830655,-71.61765,8.35,188.9,11.04,39.25,,3.2
"2026-03-02 15:03:55",1933,1275,80592,0,,5.25,183.5,11.01,39.15,,3.1
"2026-03-02 15:03:56",1935,1277,80570,0,,6.8,212.1,10.89,39,,3
"2026-03-02 15:03:57",1938,1280,80548,-36.830838,-71.617707,8.95,188.8,10.86,38.9,,2.9
"2026-03-02 15:03:58",1940,1282,80523,0,,8.95,188.8,10.88,38.85,,2.9
"2026-03-02 15:03:59",1943,1285,80498,0,,6.25,209.8,10.84,38.7,,2.9
"2026-03-02 15:04:00",1945,1287,80474,-36.831017,-71.617755,8.3,185.5,10.76,38.65,,2.8
"2026-03-02 15:04:01",1948,1290,80446,0,,8.3,185.5,10.78,38.65,,2.8
"2026-03-02 15:04:02",1951,1293,80419,0,,5.95,209.3,10.76,38.55,,2.8
"2026-03-02 15:04:03",1954,1296,80392,-36.83113,-71.617797,8.25,188.2,10.87,38.5,,2.8
"2026-03-02 15:04:04",1957,1299,80359,0,,7.4,186.1,10.85,38.5,,2.8
"2026-03-02 15:04:05",1961,1303,80327,0,,7.4,186.1,10.78,38.5,,2.8
"2026-03-02 15:04:06",1964,1306,80296,-36.831313,-71.61785,6.3,187,10.79,38.55,,2.8
"2026-03-02 15:04:07",1967,1309,80267,0,,,,10.71,38.65,,2.8
"2026-03-02 15:04:08",1970,1312,80237,0,,,,10.65,38.8,,2.8
"2026-03-02 15:04:09",1973,1315,80208,0,,,,10.65,38.9,,2.9
"2026-03-02 15:04:11",1979,1321,80151,0,,7.9,203.1,10.65,39.1,,3
"2026-03-02 15:04:12",1982,1324,80124,-36.83171,-71.617948,5.15,206.5,10.67,38.8,34.5,3
"2026-03-02 15:04:13",1984,1326,80099,0,,5.1,206.5,10.66,38.05,,3
"2026-03-02 15:04:14",1987,1329,80075,0,,7.5,196.4,10.59,37.1,,3
"2026-03-02 15:04:15",1989,1331,80052,-36.831863,-71.618003,5.15,212.5,10.52,36.15,,3
"2026-03-02 15:04:16",1992,1334,80031,0,,5.2,180.8,10.47,35.45,,2.9
"2026-03-02 15:04:17",1994,1336,80011,0,,7.05,194.3,10.56,35.05,,2.8
"2026-03-02 15:04:18",1996,1338,79992,-36.832023,-71.618053,6,205.6,10.54,34.8,,2.6
"2026-03-02 15:04:19",1998,1340,79966,0,,6,205.6,10.56,34.65,,2.6
"2026-03-02 15:04:20",2001,1343,79940,0,,7.6,188.5,10.65,34.55,,2.6
"2026-03-02 15:04:21",2004,1346,79914,-36.832197,-71.6181,6.9,206.7,10.78,34.35,,2.6
"2026-03-02 15:04:22",2006,1348,79888,0,,6.9,206.7,10.65,34.05,,2.6
"2026-03-02 15:04:23",2009,1351,79864,0,,8.05,188.9,10.65,33.6,,2.5
"2026-03-02 15:04:24",2012,1354,79840,-36.832325,-71.618137,7.95,208.3,10.69,33.15,,2.5
"2026-03-02 15:04:26",2017,1359,79791,0,,6.9,190.7,10.5,32.25,,2.5
"2026-03-02 15:04:27",2019,1361,79768,-36.83257,-71.618203,8.6,198.2,10.5,32,,2.5
"2026-03-02 15:04:28",2021,1363,79745,0,,8.6,198.2,10.48,31.7,,2.5
"2026-03-02 15:04:29",2024,1366,79721,0,,6.3,192.3,10.35,31.55,,2.5
"2026-03-02 15:04:30",2026,1368,79698,-36.832692,-71.618233,8.1,195.1,10.44,31.35,,2.5
"2026-03-02 15:04:31",2029,1371,79672,0,,6.4,174.6,10.37,31.1,,2.6
"2026-03-02 15:04:32",2032,1374,79646,0,,6.65,185.6,10.46,30.7,,2.6
"2026-03-02 15:04:33",2035,1377,79620,-36.83294,-71.618273,8.05,198.9,10.63,30.15,,2.6
"2026-03-02 15:04:34",2037,1379,79600,0,,8.1,198.9,10.6,29.7,,2.5
"2026-03-02 15:04:35",2039,1381,79581,0,,5.05,185.8,10.56,29.3,,2.5
"2026-03-02 15:04:36",2041,1383,79562,-36.83311,-71.618315,7.75,199.6,10.65,28.95,,2.4
"2026-03-02 15:04:37",2043,1385,79536,0,,8,191.4,10.63,28.45,,2.4
"2026-03-02 15:04:38",2046,1388,79511,0,,6.4,191.6,10.48,27.9,,2.5
"2026-03-02 15:04:39",2049,1391,79486,-36.83329,-71.618375,7,200.5,10.34,27.6,34.25,2.5
"2026-03-02 15:04:41",2054,1396,79435,0,,7.6,189.5,10.36,27.45,,2.5
"2026-03-02 15:04:42",2057,1399,79410,-36.83348,-71.618438,8.5,198.4,10.48,27.4,,2.5
"2026-03-02 15:04:43",2059,1401,79389,0,,8.5,198.4,10.45,27.4,,2.5
"2026-03-02 15:04:44",2061,1403,79368,0,,6.9,191.7,10.31,27.45,,2.4
"2026-03-02 15:04:45",2063,1405,79348,-36.833602,-71.618473,8.35,190.5,10.35,27.55,,2.4
"2026-03-02 15:04:46",2066,1408,79319,0,,8.35,190.5,10.26,27.4,,2.5
"2026-03-02 15:04:47",2069,1411,79291,0,,7.45,204.3,10.13,27,,2.5
"2026-03-02 15:04:48",2072,1414,79264,-36.833848,-71.618572,8.55,193.5,10.16,26.55,,2.6
"2026-03-02 15:04:49",2075,1417,79237,0,,8.55,193.5,10.15,25.9,,2.6
"2026-03-02 15:04:50",2078,1420,79210,0,,8,198.4,10.19,25.5,,2.6
"2026-03-02 15:04:51",2080,1422,79184,-36.83398,-71.618622,8.55,192.9,10.26,24.85,,2.6
"2026-03-02 15:04:53",2086,1428,79132,0,,7.55,191.4,10.14,23.8,,2.7
"2026-03-02 15:04:54",2089,1431,79106,-36.834247,-71.61872,8.45,189.6,10.16,23.35,,2.7
"2026-03-02 15:04:56",2094,1436,79059,0,,6.55,188.4,10.23,21.9,,2.7
"2026-03-02 15:04:57",2096,1438,79036,-36.834453,-71.618785,9.15,191,10.35,21.15,,2.7
"2026-03-02 15:04:59",2102,1444,78983,0,,6.15,189.6,10.33,19.85,,2.7
"2026-03-02 15:05:00",2104,1446,78958,-36.834652,-71.61885,8.55,191.6,10.4,19.4,,2.7
"2026-03-02 15:05:02",2110,1452,78908,0,,6.8,194.5,10.38,18.6,,2.7
"2026-03-02 15:05:03",2112,1454,78884,-36.834858,-71.618913,9.05,187.4,10.35,18.25,,2.7
"2026-03-02 15:05:05",2117,1459,78834,0,,7.5,201.3,10.31,17.75,,2.6
"2026-03-02 15:05:06",2120,1462,78810,-36.834992,-71.618962,8.5,190.8,10.34,17.45,33.5,2.6
"2026-03-02 15:05:08",2125,1467,78763,0,,7.7,197.3,10.2,17.45,,2.6
"2026-03-02 15:05:09",2127,1469,78740,-36.835255,-71.619047,8.45,191.6,10.13,17.5,,2.6
"2026-03-02 15:05:12",2135,1477,78668,-36.83539,-71.619093,8.35,189.5,10.16,17.05,,2.5
"2026-03-02 15:05:13",2137,1479,78647,0,,8.35,189.5,10.02,16.9,,2.5
"2026-03-02 15:05:14",2139,1481,78626,0,,8.25,203.4,9.85,16.7,,2.5
"2026-03-02 15:05:15",2142,1484,78606,-36.835658,-71.619177,7.85,191.9,9.85,16.6,,2.4
"2026-03-02 15:05:16",2144,1486,78583,0,,7.85,191.9,9.84,16.45,,2.4
"2026-03-02 15:05:17",2146,1488,78561,0,,8.3,203.1,9.73,16.4,,2.4
"2026-03-02 15:05:18",2149,1491,78540,-36.83586,-71.619242,8,188.7,9.74,16.35,,2.4
"2026-03-02 15:05:19",2151,1493,78517,0,,6.8,192.5,9.73,16.3,,2.4
"2026-03-02 15:05:20",2153,1495,78494,0,,7.95,200.9,9.73,16.3,,2.4
"2026-03-02 15:05:21",2156,1498,78472,-36.836068,-71.619312,9.15,188.1,9.84,16.25,,2.4
"2026-03-02 15:05:22",2158,1500,78450,0,,,,9.84,16.2,,2.4
"2026-03-02 15:05:23",2160,1502,78428,0,,,,9.85,16.15,,2.4
"2026-03-02 15:05:24",2163,1505,78406,0,,,,9.84,16.1,,2.4
"2026-03-02 15:05:25",2165,1507,78383,0,,8.35,183.3,9.74,16.1,,2.3
"2026-03-02 15:05:26",2167,1509,78361,0,,7.45,200.2,9.67,16,,2.3
"2026-03-02 15:05:27",2170,1512,78340,-36.83648,-71.619443,7.95,185.5,9.71,15.9,,2.3
"2026-03-02 15:05:28",2171,1513,78329,0,,8.75,199,9.84,15.85,,2.3
"2026-03-02 15:05:29",2172,1514,78318,0,,8.75,199,9.84,15.8,,2.2
"2026-03-02 15:05:30",2173,1515,78308,-36.836687,-71.619512,8.1,190.1,9.85,15.7,,2.1
"2026-03-02 15:05:31",2175,1517,78286,0,,8.1,190.1,10,15.55,,2.1
"2026-03-02 15:05:32",2178,1520,78264,0,,7,190.7,10,15.5,,2.1
"2026-03-02 15:05:33",2180,1522,78242,-36.83682,-71.619553,7.6,193.7,10.07,15.45,33.5,2.1
"2026-03-02 15:05:34",2183,1525,78216,0,,7.6,193.7,10.18,15.4,,2.1
"2026-03-02 15:05:35",2186,1528,78192,0,,8.35,187.3,10.11,15.35,,2.1
"2026-03-02 15:05:36",2188,1530,78168,-36.837095,-71.619647,6.5,198.5,9.85,15.25,,2.1
"2026-03-02 15:05:37",2190,1532,78147,0,,6.5,198.5,9.84,15.25,,2.1
"2026-03-02 15:05:38",2193,1535,78125,0,,8.9,188,9.76,15.2,,2.1
"2026-03-02 15:05:39",2195,1537,78104,-36.837303,-71.619712,6.55,198.9,9.84,15.1,,2.1
"2026-03-02 15:05:40",2197,1539,78084,0,,8.25,192.8,9.75,15.05,,2.2
"2026-03-02 15:05:41",2199,1541,78065,0,,9.05,191.4,9.59,15.05,,2.3
"2026-03-02 15:05:42",2201,1543,78046,-36.837517,-71.619777,7.05,201.6,9.47,15,,2.3
"2026-03-02 15:05:43",2203,1545,78027,0,,8.25,189.3,9.37,15,,2.3
"2026-03-02 15:05:44",2205,1547,78008,0,,8.65,188.9,9.25,15,,2.3
"2026-03-02 15:05:45",2207,1549,77990,-36.837723,-71.619832,7.3,201.6,9.19,15.05,,2.2
"2026-03-02 15:05:46",2209,1551,77970,0,,7.3,201.6,9.17,15.05,,2.2
"2026-03-02 15:05:47",2211,1553,77951,0,,9.15,192.3,9.14,15.1,,2.1
"2026-03-02 15:05:48",2213,1555,77932,-36.837932,-71.619898,8.05,202.6,9.27,15.1,,2.1
"2026-03-02 15:05:49",2215,1557,77914,0,,6.4,185.1,9.29,15.05,,2.1
"2026-03-02 15:05:50",2217,1559,77896,0,,6.4,185.1,9.42,15.05,,2.1
"2026-03-02 15:05:51",2219,1561,77878,-36.838145,-71.619957,8.35,196.3,9.38,15.15,,2
"2026-03-02 15:05:52",2222,1564,77854,0,,,,9.3,15.2,,2
"2026-03-02 15:05:53",2224,1566,77831,0,,,,9.29,15.2,,2.1
"2026-03-02 15:05:54",2227,1569,77808,0,,,,9.41,15.25,,2.1
"2026-03-02 15:05:56",2231,1573,77770,0,,8.1,199.5,9.58,15.25,,2.1
"2026-03-02 15:05:57",2233,1575,77752,-36.838557,-71.620075,8.1,193.2,9.63,15.25,,2.1
"2026-03-02 15:05:58",2235,1577,77731,0,,8.1,193.2,9.68,15.25,,2.1
"2026-03-02 15:05:59",2237,1579,77710,0,,9.15,197.9,9.83,15.2,,2.1
"2026-03-02 15:06:00",2239,1581,77690,-36.838767,-71.620138,6.95,195.4,9.78,15.1,33.5,2.2
"2026-03-02 15:06:01",2241,1583,77669,0,,8.15,186.7,9.69,15,,2.2
"2026-03-02 15:06:02",2243,1585,77649,0,,8.15,186.7,9.79,14.95,,2.2
"2026-03-02 15:06:03",2246,1588,77630,-36.83898,-71.6202,6.75,192.4,9.7,14.9,,2.2
"2026-03-02 15:06:04",2247,1589,77616,0,,,,9.56,14.85,,2.1
"2026-03-02 15:06:05",2248,1590,77603,0,,,,9.59,14.8,,2
"2026-03-02 15:06:06",2250,1592,77590,0,,,,9.44,14.8,,1.9
"2026-03-02 15:06:07",2253,1595,77564,0,,8.3,198.3,9.24,14.75,,2
"2026-03-02 15:06:08",2256,1598,77537,0,,8.6,196.4,9.1,14.85,,2.1
"2026-03-02 15:06:09",2258,1600,77510,-36.839415,-71.620332,7.7,186.6,9,14.9,,2.1
"2026-03-02 15:06:11",2260,1602,77492,0,,8.55,195.9,9.25,15.15,,2
"2026-03-02 15:06:12",2261,1603,77484,-36.839628,-71.620388,7.65,185,9.16,15.2,,1.9
"2026-03-02 15:06:13",2264,1606,77461,0,,,,9,15.25,,1.9
"2026-03-02 15:06:14",2266,1608,77438,0,,,,8.96,15.3,,1.9
"2026-03-02 15:06:15",2268,1610,77416,0,,,,8.96,15.35,,1.9
"2026-03-02 15:06:16",2271,1613,77392,0,,8.15,185,8.83,15.35,,2
"2026-03-02 15:06:17",2274,1616,77369,0,,9.65,193.9,8.85,15.4,,2
"2026-03-02 15:06:18",2276,1618,77346,-36.840063,-71.620522,8.6,187.5,8.82,15.45,,2.1
"2026-03-02 15:06:19",2278,1620,77328,0,,8.6,187.5,8.94,15.45,,2.1
"2026-03-02 15:06:20",2280,1622,77310,0,,9.1,193.8,8.95,15.45,,2
"2026-03-02 15:06:21",2282,1624,77292,-36.84028,-71.620575,8.3,185.7,8.9,15.45,,1.9
"2026-03-02 15:06:22",2284,1626,77275,0,,7.3,192.5,8.81,15.45,,1.9
"2026-03-02 15:06:23",2285,1627,77258,0,,7.3,192.5,8.88,15.45,,2.1
"2026-03-02 15:06:24",2287,1629,77242,-36.8405,-71.620623,7.9,183.1,8.86,15.45,,2.2
"2026-03-02 15:06:25",2289,1631,77222,0,,8.15,185.1,8.83,15.45,,2.1
"2026-03-02 15:06:26",2291,1633,77202,0,,9.85,189.2,8.82,15.4,,2.1
"2026-03-02 15:06:27",2294,1636,77182,-36.840725,-71.620665,7.35,190.7,8.75,15.35,33.5,2.1
"2026-03-02 15:06:28",2296,1638,77160,0,,8.25,184.7,8.85,15.25,,2.1
"2026-03-02 15:06:29",2298,1640,77139,0,,9.9,188.8,8.82,15.25,,2.1
"2026-03-02 15:06:30",2301,1643,77118,-36.840952,-71.62071,7.15,191.4,8.75,15.15,,2.1
"2026-03-02 15:06:31",2303,1645,77098,0,,8.6,189.1,8.84,15.05,,2.1
"2026-03-02 15:06:32",2305,1647,77078,0,,8.6,189.1,8.8,14.95,,2.1
"2026-03-02 15:06:33",2307,1649,77058,-36.841107,-71.620728,7.4,184.4,8.78,14.9,,2.1
"2026-03-02 15:06:34",2309,1651,77041,0,,,,8.93,14.9,,2.1
"2026-03-02 15:06:35",2310,1652,77025,0,,,,8.9,14.75,,2.1
"2026-03-02 15:06:36",2312,1654,77010,0,,,,8.83,14.7,,2.1
"2026-03-02 15:06:37",2314,1656,76990,0,,9.6,189.3,8.88,14.6,,2.1
"2026-03-02 15:06:38",2316,1658,76970,0,,9.15,188.4,8.8,14.5,,2.1
"2026-03-02 15:06:39",2319,1661,76950,-36.84164,-71.620808,7.2,183.5,8.7,14.45,,2.1
"2026-03-02 15:06:40",2321,1663,76931,0,,7.15,183.5,8.79,14.4,,2.1
"2026-03-02 15:06:41",2323,1665,76912,0,,9.5,181.9,8.84,14.35,,2.1
"2026-03-02 15:06:42",2325,1667,76894,-36.841873,-71.620837,7.6,184.8,8.73,14.3,,2
"2026-03-02 15:06:43",2327,1669,76873,0,,9.9,183.1,8.68,14.25,,2
"2026-03-02 15:06:44",2329,1671,76853,0,,9.9,183.1,8.79,14.2,,2
"2026-03-02 15:06:45",2331,1673,76834,-36.842123,-71.62086,8.55,186,8.88,14.25,,2
"2026-03-02 15:06:46",2333,1675,76816,0,,10.2,182.7,8.97,14.35,,2
"2026-03-02 15:06:47",2335,1677,76798,0,,7.85,180.8,8.83,14.35,,2
"2026-03-02 15:06:48",2337,1679,76780,-36.842357,-71.620883,8.15,187.5,8.84,14.4,,2
"2026-03-02 15:06:49",2339,1681,76761,0,,10.2,185.1,8.81,14.45,,2.1
"2026-03-02 15:06:50",2341,1683,76742,0,,10.2,185.1,8.72,14.5,,2
"2026-03-02 15:06:51",2343,1685,76724,-36.842595,-71.620905,8.45,189.8,8.77,14.55,,2
"2026-03-02 15:06:52",2345,1687,76701,0,,9.85,187.1,8.87,14.5,,2.1
"2026-03-02 15:06:53",2348,1690,76679,0,,9.85,187.1,8.77,14.55,,2.1
"2026-03-02 15:06:54",2350,1692,76658,-36.842745,-71.620903,8.7,183.1,8.81,14.5,33,2.1
"2026-03-02 15:06:57",2356,1698,76608,-36.843067,-71.620925,7.6,188,8.73,14.45,,2.1
"2026-03-02 15:06:58",2357,1699,76593,0,,10.6,184.9,8.77,14.45,,2
"2026-03-02 15:06:59",2359,1701,76578,0,,10.6,184.9,8.68,14.4,,2
"2026-03-02 15:07:00",2360,1702,76564,-36.84323,-71.620923,8.65,187.4,8.67,14.4,,1.9
"2026-03-02 15:07:01",2362,1704,76544,0,,8.65,187.4,8.79,14.4,,2
"2026-03-02 15:07:02",2365,1707,76525,0,,8.25,172.2,8.69,14.4,,2
"2026-03-02 15:07:03",2367,1709,76506,-36.843552,-71.62094,8.95,185.1,8.79,14.45,,2
"2026-03-02 15:07:04",2369,1711,76485,0,,8.85,185.6,8.7,14.45,,2
"2026-03-02 15:07:05",2371,1713,76465,0,,8.85,185.6,8.59,14.5,,2
"2026-03-02 15:07:06",2373,1715,76446,-36.843797,-71.620943,10.45,180.6,8.66,14.6,,1.9
"2026-03-02 15:07:07",2375,1717,76432,0,,8.85,183.2,8.6,14.7,,1.9
"2026-03-02 15:07:08",2376,1718,76419,0,,7.75,176.2,8.55,14.85,,1.8
"2026-03-02 15:07:09",2377,1719,76406,-36.844038,-71.62094,10.2,180,8.59,15.1,,1.8
"2026-03-02 15:07:11",2382,1724,76364,0,,8.7,179.8,8.56,15.45,,1.9
"2026-03-02 15:07:12",2384,1726,76344,-36.844282,-71.620938,10.05,181.1,8.62,15.6,,2
"2026-03-02 15:07:13",2386,1728,76325,0,,8.5,175.3,8.55,15.8,,2
"2026-03-02 15:07:14",2388,1730,76306,0,,8.5,175.3,8.62,16.15,,2
"2026-03-02 15:07:15",2390,1732,76288,-36.844435,-71.620943,9.55,180.7,8.71,16.5,,2
"2026-03-02 15:07:16",2393,1735,76267,0,,8.65,169.4,8.62,16.9,,2
"2026-03-02 15:07:17",2395,1737,76246,0,,8.75,187,8.7,17.15,,2
"2026-03-02 15:07:18",2397,1739,76226,-36.844762,-71.620923,9.35,177,8.67,17.55,,2
"2026-03-02 15:07:19",2399,1741,76209,0,,9.2,172.2,8.52,17.75,,2
"2026-03-02 15:07:20",2400,1742,76193,0,,9.2,172.2,8.67,18,,2
"2026-03-02 15:07:21",2402,1744,76178,-36.844925,-71.620922,8.2,175.2,8.62,18.35,32.5,2.1
"2026-03-02 15:07:23",2407,1749,76138,0,,10.3,181.2,8.55,19,,2.1
"2026-03-02 15:07:24",2409,1751,76118,-36.845173,-71.6209,7.8,176.5,8.41,19.35,,2
"2026-03-02 15:07:26",2412,1754,76085,0,,8.8,175.2,8.42,19.95,,2
"2026-03-02 15:07:27",2414,1756,76070,-36.845497,-71.620878,8.45,173,8.33,20.15,,2
"2026-03-02 15:07:29",2419,1761,76026,0,,9.9,176.7,8.37,20.55,,2
"2026-03-02 15:07:30",2421,1763,76004,-36.845748,-71.620857,8.45,170,8.27,20.8,,2
"2026-03-02 15:07:32",2425,1767,75970,0,,9.8,180,8.34,21.2,,2
"2026-03-02 15:07:33",2427,1769,75954,-36.846002,-71.620827,8.35,167.3,8.23,21.5,,2
"2026-03-02 15:07:35",2432,1774,75908,0,,10.15,178.7,8.27,22.05,,2.1
"2026-03-02 15:07:36",2434,1776,75886,-36.846175,-71.620802,8.75,167.5,8.23,22.3,,2.1
"2026-03-02 15:07:38",2438,1780,75853,0,,9.4,177.9,8.1,22.65,,2.1
"2026-03-02 15:07:39",2439,1781,75838,-36.846527,-71.620747,9.45,169.8,8,22.85,,2.1
"2026-03-02 15:07:41",2443,1785,75799,0,,11.4,169.1,8.07,23.1,,2.1
"2026-03-02 15:07:42",2446,1788,75780,-36.8467,-71.62072,9.5,172.6,7.95,23.1,,2.1
"2026-03-02 15:07:43",2448,1790,75760,0,,11.3,171,7.84,23,,2
"2026-03-02 15:07:44",2450,1792,75741,0,,9.15,171.1,7.82,22.75,,2.1
"2026-03-02 15:07:45",2452,1794,75722,-36.846972,-71.620668,10.1,171.6,7.81,22.4,,2.1
"2026-03-02 15:07:46",2454,1796,75706,0,,10.9,173.3,8,22,,2.1
"2026-03-02 15:07:47",2455,1797,75690,0,,10.9,173.3,8.12,21.8,,2.1
"2026-03-02 15:07:48",2457,1799,75674,-36.847338,-71.620603,10.5,168.9,8.23,21.65,32.5,2
"2026-03-02 15:07:49",2459,1801,75654,0,,10.2,173.6,8.3,21.5,,1.9
"2026-03-02 15:07:50",2462,1804,75634,0,,9.4,175.7,8.37,21.3,,2
"2026-03-02 15:07:51",2464,1806,75614,-36.84761,-71.620552,10.95,164.4,8.41,21.1,,2
"2026-03-02 15:07:52",2466,1808,75593,0,,9.9,174.4,8.42,20.85,,2.1
"2026-03-02 15:07:53",2468,1810,75573,0,,10.15,174.6,8.31,20.55,,2
"2026-03-02 15:07:54",2470,1812,75554,-36.847883,-71.620498,11.05,165.3,8.18,20.3,,2.1
"2026-03-02 15:07:55",2472,1814,75534,0,,11.05,165.3,8.09,20.25,,2.1
"2026-03-02 15:07:56",2475,1817,75515,0,,10.25,172.8,7.97,20.3,,2.1
"2026-03-02 15:07:57",2477,1819,75496,-36.848067,-71.62046,11.3,166.1,7.85,20.45,,2.1
"2026-03-02 15:07:58",2478,1820,75479,0,,,,7.82,20.5,,2.1
"2026-03-02 15:07:59",2480,1822,75462,0,,,,7.76,20.5,,2.1
"2026-03-02 15:08:00",2482,1824,75446,0,,,,7.86,20.45,,2.1
"2026-03-02 15:08:01",2484,1826,75428,0,,11.35,167.5,8.06,20.3,,2
"2026-03-02 15:08:02",2486,1828,75412,0,,11.35,167.5,7.97,20.3,,2
"2026-03-02 15:08:03",2488,1830,75396,-36.848605,-71.620327,10.45,166.5,7.83,20.3,,2
"2026-03-02 15:08:04",2490,1832,75377,0,,10.15,176.6,7.77,20.3,,2
"2026-03-02 15:08:05",2492,1834,75358,0,,10.8,163.5,7.8,20.25,,2
"2026-03-02 15:08:06",2494,1836,75340,-36.84888,-71.620258,9.75,165.4,7.75,20.15,,2
"2026-03-02 15:08:07",2496,1838,75321,0,,9.35,178,7.82,20.05,,2
"2026-03-02 15:08:08",2498,1840,75302,0,,9.35,178,7.97,19.85,,2
"2026-03-02 15:08:09",2500,1842,75284,-36.849237,-71.620177,9.9,163.7,7.91,19.6,,2
"2026-03-02 15:08:11",2504,1846,75245,0,,11.75,170.3,7.69,18.9,,2
"2026-03-02 15:08:12",2506,1848,75226,-36.849507,-71.620108,9.85,165.3,7.68,18.6,,2
"2026-03-02 15:08:13",2509,1851,75203,0,,9.15,168.6,7.63,18.3,,2.1
"2026-03-02 15:08:14",2511,1853,75181,0,,11.7,167.7,7.69,17.95,,2.1
"2026-03-02 15:08:15",2514,1856,75160,-36.849778,-71.620043,9.75,171.2,7.83,17.65,32.5,2.2
"2026-03-02 15:08:16",2515,1857,75142,0,,9.75,171.2,7.77,17.35,,2.1
"2026-03-02 15:08:17",2517,1859,75124,0,,11.2,163.5,7.67,17.1,,2.1
"2026-03-02 15:08:18",2520,1862,75106,-36.849958,-71.619993,10.2,173.9,7.79,16.9,,2.1
"2026-03-02 15:08:19",2521,1863,75088,0,,,,7.75,16.7,,2.1
"2026-03-02 15:08:20",2523,1865,75070,0,,,,7.89,16.5,,2.1
"2026-03-02 15:08:21",2525,1867,75052,0,,,,7.84,16.4,,2.1
"2026-03-02 15:08:22",2527,1869,75034,0,,10.4,169.9,7.74,16.25,,2.1
"2026-03-02 15:08:23",2529,1871,75016,0,,10.85,163.2,7.65,16.25,,2.1
"2026-03-02 15:08:24",2531,1873,74998,-36.850572,-71.619837,8.35,168.1,7.62,16.3,,2.1
"2026-03-02 15:08:26",2535,1877,74966,0,,,,7.85,16.85,,2
"2026-03-02 15:08:27",2537,1879,74950,0,,,,7.7,17.1,,2
"2026-03-02 15:08:28",2539,1881,74926,0,,10.95,172.7,7.6,17.3,,2
"2026-03-02 15:08:29",2542,1884,74904,0,,10.95,172.7,7.69,17.55,,2
"2026-03-02 15:08:30",2544,1886,74882,-36.851022,-71.619688,9.2,155.5,7.65,17.75,,2.1
"2026-03-02 15:08:31",2547,1889,74858,0,,,,7.6,18,,2.1
"2026-03-02 15:08:32",2549,1891,74834,0,,,,7.48,18.35,,2.1
"2026-03-02 15:08:33",2552,1894,74810,0,,,,7.42,18.65,,2.2
"2026-03-02 15:08:34",2554,1896,74788,0,,11.4,161.6,7.37,18.9,,2.3
"2026-03-02 15:08:35",2557,1899,74767,0,,10.15,166.8,7.42,19,,2.3
"2026-03-02 15:08:36",2559,1901,74746,-36.851652,-71.61945,9.55,165.2,7.39,19.05,,2.3
"2026-03-02 15:08:37",2561,1903,74726,0,,9.55,165.2,7.42,18.95,,2.3
"2026-03-02 15:08:38",2563,1905,74707,0,,9.75,166.2,7.4,18.95,,2.4
"2026-03-02 15:08:39",2566,1908,74688,-36.851825,-71.619393,9.7,169.1,7.34,18.8,,2.4
"2026-03-02 15:08:40",2568,1910,74669,0,,,,7.37,18.7,,2.4
"2026-03-02 15:08:41",2570,1912,74649,0,,,,7.41,18.6,,2.4
"2026-03-02 15:08:42",2572,1914,74630,0,,,,7.34,18.4,32.5,2.3
"2026-03-02 15:08:43",2574,1916,74608,0,,11.45,157.7,7.3,18.15,,2.3
"2026-03-02 15:08:44",2577,1919,74586,0,,10.2,165.2,7.33,17.95,,2.3
"2026-03-02 15:08:45",2579,1921,74564,-36.852452,-71.619163,9.7,168.1,7.31,17.8,,2.3
"2026-03-02 15:08:46",2582,1924,74542,0,,,,7.35,17.65,,2.3
"2026-03-02 15:08:47",2584,1926,74521,0,,,,7.36,17.45,,2.3
"2026-03-02 15:08:48",2586,1928,74500,0,,,,7.36,17.1,,2.3
"2026-03-02 15:08:49",2588,1930,74482,0,,9.55,164.8,7.46,16.75,,2.2
"2026-03-02 15:08:50",2590,1932,74464,0,,9.1,160.6,7.47,16.4,,2.2
"2026-03-02 15:08:51",2592,1934,74446,-36.852878,-71.618992,9.85,165.6,7.36,16.1,,2.2
"2026-03-02 15:08:52",2594,1936,74429,0,,,,7.42,15.75,,2.2
"2026-03-02 15:08:53",2596,1938,74413,0,,,,7.36,15.45,,2.2
"2026-03-02 15:08:54",2598,1940,74398,0,,,,7.42,15.2,,2.1
"2026-03-02 15:08:55",2601,1943,74372,0,,11.8,164.3,7.5,14.9,,2.2
"2026-03-02 15:08:56",2603,1945,74347,0,,10.25,159.5,7.42,14.7,,2.2
"2026-03-02 15:08:57",2606,1948,74322,-36.853508,-71.618727,10.15,159.6,7.35,14.45,,2.2
"2026-03-02 15:08:58",2609,1951,74300,0,,,,7.36,14.25,,2.2
"2026-03-02 15:08:59",2611,1953,74278,0,,,,7.39,14,,2.3
"2026-03-02 15:09:00",2613,1955,74256,0,,,,7.3,13.8,,2.3
"2026-03-02 15:09:01",2616,1958,74237,0,,,,7.38,13.6,,2.3
"2026-03-02 15:09:02",2618,1960,74218,0,,,,7.37,13.35,,2.3
"2026-03-02 15:09:03",2620,1962,74200,0,,,,7.38,13.15,,2.3
"2026-03-02 15:09:04",2622,1964,74177,0,,11,159.1,7.44,12.9,,2.3
"2026-03-02 15:09:05",2625,1967,74155,0,,9.45,167.2,7.53,12.7,,2.4
"2026-03-02 15:09:06",2627,1969,74134,-36.85426,-71.618357,9.65,149.8,7.45,12.4,,2.4
"2026-03-02 15:09:07",2629,1971,74113,0,,9.65,149.8,7.56,12.2,,2.4
"2026-03-02 15:09:08",2632,1974,74092,0,,10.05,162.1,7.46,11.95,,2.4
"2026-03-02 15:09:09",2634,1976,74072,-36.854428,-71.618273,10.2,152.6,7.39,11.75,32.25,2.3
"2026-03-02 15:09:11",2639,1981,74031,0,,8.9,157.8,7.37,11.4,,2.3
"2026-03-02 15:09:12",2641,1983,74010,-36.854668,-71.618147,11.5,152.7,7.27,11.3,,2.3
"2026-03-02 15:09:13",2643,1985,73991,0,,,,7.21,11.2,,2.3
"2026-03-02 15:09:14",2645,1987,73973,0,,,,7.07,11.05,,2.3
"2026-03-02 15:09:15",2647,1989,73956,0,,,,7.03,10.95,,2.3
"2026-03-02 15:09:16",2649,1991,73938,0,,9.6,160.7,6.95,10.85,,2.2
"2026-03-02 15:09:17",2651,1993,73921,0,,9.35,156.7,7.07,10.8,,2.2
"2026-03-02 15:09:18",2653,1995,73904,-36.855247,-71.617817,11.45,150.6,7.11,10.75,,2.1
"2026-03-02 15:09:19",2655,1997,73880,0,,,,7.03,10.7,,2.2
"2026-03-02 15:09:20",2658,2000,73857,0,,,,6.95,10.65,,2.2
"2026-03-02 15:09:21",2660,2002,73834,0,,,,6.85,10.6,,2.2
"2026-03-02 15:09:22",2663,2005,73814,0,,,,6.77,10.6,,2.2
"2026-03-02 15:09:23",2665,2007,73795,0,,,,6.74,10.6,,2.2
"2026-03-02 15:09:24",2667,2009,73776,0,,,,6.72,10.55,,2.2
"2026-03-02 15:09:26",2670,2012,73748,0,,9.05,150.6,6.88,10.5,,2.1
"2026-03-02 15:09:27",2672,2014,73734,-36.855953,-71.617388,9.9,147.5,6.95,10.5,,2.1
"2026-03-02 15:09:28",2675,2017,73705,0,,,,6.93,10.5,,2.2
"2026-03-02 15:09:29",2678,2020,73677,0,,,,6.83,10.5,,2.3
"2026-03-02 15:09:30",2681,2023,73650,0,,,,6.76,10.45,,2.4
"2026-03-02 15:09:31",2683,2025,73634,0,,8.25,158.3,6.64,10.45,,2.3
"2026-03-02 15:09:32",2685,2027,73618,0,,11.15,154.1,6.68,10.4,,2.3
"2026-03-02 15:09:33",2686,2028,73602,-36.856357,-71.617157,9.85,153,6.58,10.4,,2.2
"2026-03-02 15:09:34",2689,2031,73575,0,,,,6.53,10.35,,2.2
"2026-03-02 15:09:35",2692,2034,73548,0,,,,6.56,10.35,,2.3
"2026-03-02 15:09:36",2695,2037,73522,0,,,,6.58,10.4,32.25,2.4
"2026-03-02 15:09:37",2697,2039,73504,0,,8.85,162.7,6.72,10.35,,2.3
"2026-03-02 15:09:38",2699,2041,73487,0,,9.35,147.1,6.72,10.4,,2.4
"2026-03-02 15:09:39",2701,2043,73470,-36.856902,-71.616825,10.95,149.2,6.59,10.4,,2.5
"2026-03-02 15:09:43",2710,2052,73387,0,,,,6.53,10.35,,2.3
"2026-03-02 15:09:44",2713,2055,73366,0,,,,6.66,10.4,,2.3
"2026-03-02 15:09:45",2715,2057,73346,0,,,,6.58,10.4,,2.3
"2026-03-02 15:09:46",2718,2060,73322,0,,7.8,147.6,6.49,10.4,,2.4
"2026-03-02 15:09:47",2720,2062,73299,0,,10.4,155.1,6.56,10.4,,2.3
"2026-03-02 15:09:48",2723,2065,73276,-36.85761,-71.616377,10.95,150.7,6.47,10.4,,2.3
"2026-03-02 15:09:49",2725,2067,73256,0,,,,6.51,10.4,,2.3
"2026-03-02 15:09:50",2727,2069,73237,0,,,,6.56,10.4,,2.3
"2026-03-02 15:09:51",2729,2071,73218,0,,,,6.43,10.45,,2.3
"2026-03-02 15:09:52",2732,2074,73195,0,,,,6.35,10.4,,2.3
"2026-03-02 15:09:53",2734,2076,73176,0,,,,6.44,10.45,,2.3
"2026-03-02 15:09:54",2736,2078,73158,0,,,,6.32,10.45,,2.3
"2026-03-02 15:09:56",2740,2082,73122,0,,,,6.31,10.5,,2.3
"2026-03-02 15:09:57",2742,2084,73104,0,,,,6.24,10.5,,2.3
"2026-03-02 15:10:02",2753,2095,73004,0,,10.9,143.1,6.15,10.55,,2.2
"2026-03-02 15:10:03",2756,2098,72984,-36.858737,-71.615602,9.2,153.8,6.19,10.6,31.5,2.2
"2026-03-02 15:10:05",2759,2101,72954,0,,,,6.22,10.6,,2.1
"2026-03-02 15:10:06",2761,2103,72940,0,,,,6.08,10.6,,2.1
"2026-03-02 15:10:08",2765,2107,72901,0,,10.6,143.3,6.11,10.65,,2.1
"2026-03-02 15:10:09",2767,2109,72882,-36.859167,-71.615265,8.7,142.1,6.03,10.65,,2.1
"2026-03-02 15:10:11",2772,2114,72841,0,,,,6.08,10.65,,2.1
"2026-03-02 15:10:12",2774,2116,72822,0,,,,6.01,10.7,,2.1
"2026-03-02 15:10:13",2776,2118,72805,0,,9.1,154.1,6.11,10.75,,2.1
"2026-03-02 15:10:14",2778,2120,72789,0,,10.7,150.5,6.03,10.75,,2
"2026-03-02 15:10:15",2779,2121,72774,-36.859528,-71.61498,8.5,136.9,5.94,10.8,,2
"2026-03-02 15:10:16",2782,2124,72754,0,,,,5.92,10.8,,2
"2026-03-02 15:10:17",2784,2126,72734,0,,,,6.07,10.8,,2
"2026-03-02 15:10:18",2786,2128,72714,0,,,,6.05,10.85,,2.1
"2026-03-02 15:10:19",2788,2130,72698,0,,10.05,139.2,5.92,10.85,,2.1
"2026-03-02 15:10:20",2790,2132,72683,0,,11.1,152.8,5.82,10.85,,2.1
"2026-03-02 15:10:21",2791,2133,72668,-36.860028,-71.614565,8.6,147.7,5.77,10.9,,2
"2026-03-02 15:10:22",2793,2135,72648,0,,9.5,136.8,5.71,10.95,,2
"2026-03-02 15:10:23",2796,2138,72630,0,,10.5,153.7,5.73,11,,2
"2026-03-02 15:10:24",2798,2140,72612,-36.860248,-71.614387,9.65,147.7,5.85,11.1,,2
"2026-03-02 15:10:25",2799,2141,72597,0,,8.85,137.9,5.82,11.05,,2
"2026-03-02 15:10:26",2801,2143,72583,0,,8.85,137.9,5.97,11.1,,1.9
"2026-03-02 15:10:27",2802,2144,72570,-36.860393,-71.614272,10.05,148.1,5.9,11.1,,1.9
"2026-03-02 15:10:28",2804,2146,72551,0,,10.05,148.1,5.87,11.1,,1.9
"2026-03-02 15:10:29",2807,2149,72532,0,,10.25,146.2,5.92,11.15,,1.9
"2026-03-02 15:10:30",2809,2151,72514,-36.860677,-71.614033,9.1,154.1,6.03,11.15,31.25,1.9
"2026-03-02 15:10:31",2811,2153,72496,0,,,,5.92,11.15,,1.9
"2026-03-02 15:10:32",2813,2155,72479,0,,,,5.91,11.15,,1.9
"2026-03-02 15:10:33",2815,2157,72462,0,,,,5.9,11.15,,1.9
"2026-03-02 15:10:37",2821,2163,72403,0,,,,5.84,11.1,,1.8
"2026-03-02 15:10:38",2823,2165,72388,0,,,,5.78,11.1,,1.8
"2026-03-02 15:10:39",2825,2167,72374,0,,,,5.71,11.1,,1.8
"2026-03-02 15:10:40",2827,2169,72354,0,,10.45,145.9,5.61,11.1,,1.9
"2026-03-02 15:10:41",2829,2171,72335,0,,10.55,145.9,5.63,11.1,,1.9
"2026-03-02 15:10:42",2831,2173,72316,-36.861543,-71.613295,8.3,148.8,5.69,11.1,,1.9
"2026-03-02 15:10:43",2833,2175,72302,0,,10.5,141.9,5.6,11.1,,1.8
"2026-03-02 15:10:44",2834,2176,72289,0,,10.25,146,5.69,11.1,,1.8
"2026-03-02 15:10:45",2836,2178,72276,-36.861757,-71.613103,8.3,148.5,5.67,11.1,,1.8
"2026-03-02 15:10:46",2837,2179,72261,0,,10.8,138.5,5.67,11.1,,1.7
"2026-03-02 15:10:47",2839,2181,72247,0,,10.8,138.5,5.83,11.1,,1.7
"2026-03-02 15:10:48",2841,2183,72234,-36.861907,-71.612975,9.05,150.2,5.77,11.05,,1.7
"2026-03-02 15:10:49",2842,2184,72217,0,,10.85,139.4,5.68,11,,1.7
"2026-03-02 15:10:50",2844,2186,72200,0,,9.7,145.2,5.68,11,,1.8
"2026-03-02 15:10:51",2846,2188,72184,-36.862198,-71.612718,9,151,5.63,10.95,,1.8
"2026-03-02 15:10:52",2848,2190,72171,0,,9,151,5.57,10.95,,1.8
"2026-03-02 15:10:53",2849,2191,72159,0,,10.05,144.8,5.61,10.9,,1.7
"2026-03-02 15:10:54",2850,2192,72148,-36.862425,-71.612523,9.35,152.8,5.5,10.85,,1.6
"2026-03-02 15:10:58",2857,2199,72089,0,,,,5.44,10.6,,1.6
"2026-03-02 15:10:59",2859,2201,72074,0,,,,5.54,10.55,,1.6
"2026-03-02 15:11:00",2860,2202,72060,0,,,,5.52,10.45,,1.6
"2026-03-02 15:11:01",2862,2204,72041,0,,10.7,137.8,5.45,10.35,,1.7
"2026-03-02 15:11:02",2865,2207,72022,0,,11.45,144.7,5.46,10.25,,1.7
"2026-03-02 15:11:03",2867,2209,72004,-36.863112,-71.611917,10.4,152.5,5.64,10.2,,1.7
"2026-03-02 15:11:04",2868,2210,71989,0,,10.4,152.5,5.57,10.1,,1.7
"2026-03-02 15:11:05",2870,2212,71974,0,,12,145,5.68,10,,1.7
"2026-03-02 15:11:06",2872,2214,71960,-36.86335,-71.611703,10.75,148.4,5.73,9.95,,1.8
"2026-03-02 15:11:07",2873,2215,71944,0,,9.95,137.7,5.66,9.85,,1.8
"2026-03-02 15:11:08",2875,2217,71929,0,,9.95,137.7,5.67,9.75,,1.8
"2026-03-02 15:11:09",2877,2219,71914,-36.863513,-71.611563,11.4,150.1,5.82,9.65,,1.8
"2026-03-02 15:11:11",2880,2222,71884,0,,10.65,150.5,5.72,9.4,,1.8
"2026-03-02 15:11:12",2882,2224,71870,-36.863843,-71.611287,11.7,148.5,5.74,9.35,,1.8
"2026-03-02 15:11:16",2888,2230,71815,0,,11.85,141,5.63,9.2,,1.7
"2026-03-02 15:11:17",2890,2232,71801,0,,11.85,141,5.54,9.2,,1.6
"2026-03-02 15:11:18",2891,2233,71788,-36.864252,-71.61094,11.85,145.6,5.45,9.15,,1.6
"2026-03-02 15:11:19",2893,2235,71770,0,,,,5.44,9.15,,1.7
"2026-03-02 15:11:20",2895,2237,71753,0,,,,5.55,9.1,,1.7
"2026-03-02 15:11:21",2897,2239,71736,0,,,,5.43,9.1,,1.7
"2026-03-02 15:11:22",2899,2241,71723,0,,,,5.42,9.15,,1.7
"2026-03-02 15:11:23",2900,2242,71709,0,,,,5.48,9.2,,1.7
"2026-03-02 15:11:24",2902,2244,71696,0,,,,5.42,9.2,30.75,1.7
"2026-03-02 15:11:25",2903,2245,71682,0,,12.05,140.6,5.55,9.3,,1.6
"2026-03-02 15:11:26",2905,2247,71670,0,,11.1,153.4,5.54,9.4,,1.6
"2026-03-02 15:11:27",2906,2248,71658,-36.865125,-71.610213,12.5,142.4,5.46,9.45,,1.6
"2026-03-02 15:11:28",2908,2250,71640,0,,11.65,148.2,5.48,9.5,,1.6
"2026-03-02 15:11:29",2910,2252,71622,0,,11.1,152.6,5.6,9.55,,1.7
"2026-03-02 15:11:30",2912,2254,71604,-36.865392,-71.610002,12.8,143,5.5,9.65,,1.7
"2026-03-02 15:11:31",2914,2256,71591,0,,12.8,143,5.38,9.7,,1.7
"2026-03-02 15:11:32",2915,2257,71579,0,,10.95,152.3,5.5,9.7,,1.6
"2026-03-02 15:11:33",2916,2258,71568,-36.865657,-71.609788,12.9,143.2,5.53,9.75,,1.6
"2026-03-02 15:11:34",2918,2260,71553,0,,11.3,148.4,5.35,9.7,,1.6
"2026-03-02 15:11:35",2920,2262,71538,0,,11.3,148.4,5.26,9.7,,1.6
"2026-03-02 15:11:36",2921,2263,71524,-36.865832,-71.609655,12.5,144.3,5.22,9.7,,1.6
"2026-03-02 15:11:37",2923,2265,71506,0,,11.25,147.4,5.14,9.7,,1.7
"2026-03-02 15:11:38",2925,2267,71489,0,,11.25,147.4,5.02,9.7,,1.7
"2026-03-02 15:11:39",2927,2269,71472,-36.866102,-71.609442,12.7,146.1,4.97,9.75,,1.7
"2026-03-02 15:11:40",2928,2270,71462,0,,,,4.98,9.75,,1.7
"2026-03-02 15:11:41",2930,2272,71452,0,,,,5.01,9.75,,1.7
"2026-03-02 15:11:42",2931,2273,71442,0,,,,5.15,9.75,,1.6
"2026-03-02 15:11:43",2933,2275,71422,0,,10.65,151.3,5.15,9.75,,1.6
"2026-03-02 15:11:44",2935,2277,71403,0,,10.65,143,5.09,9.75,,1.7
"2026-03-02 15:11:45",2937,2279,71384,-36.866712,-71.608952,12.65,148.2,5.02,9.7,,1.7
"2026-03-02 15:11:46",2939,2281,71368,0,,12.7,148.2,5.24,9.65,,1.8
"2026-03-02 15:11:47",2941,2283,71352,0,,10.65,138.8,5.23,9.6,,1.8
"2026-03-02 15:11:48",2943,2285,71336,-36.866962,-71.608737,11.6,146.9,5.15,9.55,,1.8
"2026-03-02 15:11:49",2945,2287,71321,0,,11.5,147.1,5.11,9.5,,1.8
"2026-03-02 15:11:50",2946,2288,71307,0,,10.55,142.5,5.03,9.4,,1.7
"2026-03-02 15:11:51",2948,2290,71294,-36.867217,-71.608525,11.85,149.3,4.94,9.3,31,1.7
"2026-03-02 15:11:52",2950,2292,71275,0,,11.85,149.3,4.89,9.15,,1.8
"2026-03-02 15:11:53",2952,2294,71257,0,,10.5,140.7,4.86,9.1,,1.9
"2026-03-02 15:11:54",2954,2296,71240,-36.867463,-71.608313,11.7,150.4,4.97,9,,1.9
"2026-03-02 15:11:56",2957,2299,71210,0,,,,5.17,8.75,,1.9
"2026-03-02 15:11:57",2959,2301,71196,0,,,,5.29,8.65,,1.8
"2026-03-02 15:11:58",2960,2302,71186,0,,10.6,146.2,5.35,8.6,,1.7
"2026-03-02 15:11:59",2961,2303,71177,0,,10.6,143.2,5.41,8.5,,1.7
"2026-03-02 15:12:00",2962,2304,71168,-36.867968,-71.607888,12.6,147.5,5.46,8.45,,1.6
"2026-03-02 15:12:01",2964,2306,71153,0,,12.6,147.5,5.43,8.4,,1.6
"2026-03-02 15:12:02",2966,2308,71138,0,,11.35,141.5,5.28,8.35,,1.6
"2026-03-02 15:12:03",2967,2309,71124,-36.868135,-71.60774,12.55,147,5.13,8.3,,1.6
"2026-03-02 15:12:04",2969,2311,71107,0,,,,5,8.3,,1.7
"2026-03-02 15:12:05",2971,2313,71090,0,,,,4.94,8.25,,1.6
"2026-03-02 15:12:06",2973,2315,71074,0,,,,4.87,8.25,,1.6
"2026-03-02 15:12:07",2975,2317,71059,0,,10.25,149.3,4.8,8.2,,1.6
"2026-03-02 15:12:08",2976,2318,71045,0,,12.05,152.1,4.89,8.2,,1.6
"2026-03-02 15:12:09",2978,2320,71032,-36.868738,-71.607237,12.15,144.5,4.99,8.25,,1.6
"2026-03-02 15:12:16",2990,2332,70927,0,,,,4.98,8.35,,1.7
"2026-03-02 15:12:17",2992,2334,70912,0,,,,5.1,8.35,,1.7
"2026-03-02 15:12:18",2993,2335,70898,0,,,,5.12,8.4,30.5,1.7
"2026-03-02 15:12:19",2995,2337,70880,0,,10.35,149.8,5.08,8.4,,1.7
"2026-03-02 15:12:20",2997,2339,70863,0,,12.85,144.6,4.96,8.4,,1.8
"2026-03-02 15:12:21",2999,2341,70846,-36.869773,-71.606387,9.95,145.1,4.81,8.4,,1.8
"2026-03-02 15:12:26",3008,2350,70772,0,,,,4.49,8.35,,1.8
"2026-03-02 15:12:27",3009,2351,70758,0,,,,4.55,8.35,,1.8
"2026-03-02 15:12:29",3013,2355,70729,0,,11.8,143.8,4.82,8.35,,1.7
"2026-03-02 15:12:30",3014,2356,70716,-36.870532,-71.60575,9.9,148.3,4.87,8.35,,1.7
"2026-03-02 15:12:32",3018,2360,70688,0,,11.9,148.7,5.02,8.3,,1.7
"2026-03-02 15:12:33",3019,2361,70674,-36.870777,-71.605543,10.3,150.2,5.02,8.3,,1.7
"2026-03-02 15:12:40",3032,2374,70560,0,,11.45,148.7,4.79,8,,1.8
"2026-03-02 15:12:41",3034,2376,70544,0,,9.85,149.4,4.76,7.95,,1.8
"2026-03-02 15:12:42",3036,2378,70528,-36.87152,-71.604902,11.9,147.2,4.89,7.9,,1.8
"2026-03-02 15:12:43",3038,2380,70512,0,,11.9,147.2,4.74,7.85,,1.8
"2026-03-02 15:12:44",3040,2382,70497,0,,11.35,139.1,4.58,7.8,,1.8
"2026-03-02 15:12:45",3041,2383,70482,-36.87168,-71.60476,11.9,146.2,4.6,7.8,30.25,1.8
"2026-03-02 15:12:46",3043,2385,70468,0,,,,4.54,7.75,,1.8
"2026-03-02 15:12:47",3045,2387,70454,0,,,,4.68,7.7,,1.8
"2026-03-02 15:12:48",3046,2388,70440,0,,,,4.6,7.75,,1.8
"2026-03-02 15:12:49",3048,2390,70424,0,,11.45,143.2,4.5,7.8,,1.8
"2026-03-02 15:12:50",3050,2392,70409,0,,9.8,150.3,4.56,7.85,,1.8
"2026-03-02 15:12:51",3052,2394,70394,-36.872258,-71.604247,11.6,146.3,4.69,7.95,,1.8
"2026-03-02 15:12:52",3054,2396,70375,0,,11.6,140.4,4.6,8.1,,1.8
"2026-03-02 15:12:53",3056,2398,70356,0,,10.15,145.5,4.7,8.2,,1.8
"2026-03-02 15:12:54",3058,2400,70338,-36.872507,-71.604028,12.1,147.1,4.65,8.35,,1.8
"2026-03-02 15:12:55",3060,2402,70325,0,,,,4.58,8.5,,1.8
"2026-03-02 15:12:56",3061,2403,70313,0,,,,4.6,8.6,,1.8
"2026-03-02 15:12:57",3062,2404,70302,0,,,,4.66,8.7,,1.7
"2026-03-02 15:12:58",3064,2406,70286,0,,10.9,146.6,4.51,8.7,,1.8
"2026-03-02 15:12:59",3066,2408,70271,0,,10,146.3,4.5,8.85,,1.8
"2026-03-02 15:13:00",3068,2410,70256,-36.873005,-71.603597,12.7,141.2,4.45,8.95,,1.8
"2026-03-02 15:13:04",3076,2418,70182,0,,12.55,140.3,4.4,9.1,,1.9
"2026-03-02 15:13:05",3078,2420,70164,0,,11.3,148.4,4.5,9.05,,1.9
"2026-03-02 15:13:06",3080,2422,70146,-36.873425,-71.603233,12.6,140.3,4.44,9.05,,1.9
"2026-03-02 15:13:07",3082,2424,70131,0,,12.55,140.3,4.46,9,,1.8
"2026-03-02 15:13:08",3084,2426,70116,0,,11.65,150,4.5,9,,1.9
"2026-03-02 15:13:09",3086,2428,70102,-36.873753,-71.602935,11.9,142.4,4.44,9.05,,1.9
"2026-03-02 15:13:16",3100,2442,69980,0,,11.1,144.2,4.37,9.4,,2
"2026-03-02 15:13:17",3102,2444,69963,0,,12.75,139.9,4.28,9.55,,2
"2026-03-02 15:13:18",3104,2446,69946,-36.87451,-71.60226,10.65,146.7,4.33,9.65,,1.9
"2026-03-02 15:13:22",3111,2453,69882,0,,12,147.3,4.42,10,,2
"2026-03-02 15:13:23",3113,2455,69866,0,,12.65,143.7,4.33,10.05,,2
"2026-03-02 15:13:24",3115,2457,69850,-36.875012,-71.601792,11.3,141.5,4.37,10.1,,2
"2026-03-02 15:13:26",3118,2460,69820,0,,12.85,145.1,4.26,10.15,,1.9
"2026-03-02 15:13:27",3120,2462,69806,-36.875268,-71.60156,11.05,148.4,4.21,10.15,,1.9
"2026-03-02 15:13:28",3122,2464,69789,0,,12.1,138.5,4.22,10.15,,1.9
"2026-03-02 15:13:29",3124,2466,69771,0,,12.1,138.5,4.2,10.15,,1.9
"2026-03-02 15:13:30",3126,2468,69754,-36.875527,-71.601327,11.7,142.5,4.08,10.15,,1.9
"2026-03-02 15:13:31",3128,2470,69736,0,,11.7,142.5,4.12,10.15,,1.9
"2026-03-02 15:13:32",3130,2472,69718,0,,11.1,139.8,4.12,10.15,,1.9
"2026-03-02 15:13:33",3133,2475,69700,-36.875782,-71.601092,11.05,148.6,4.21,10.1,,1.9
"2026-03-02 15:13:37",3141,2483,69627,0,,,,4.05,9.95,,2
"2026-03-02 15:13:38",3143,2485,69609,0,,,,4.21,9.95,,2
"2026-03-02 15:13:39",3145,2487,69592,0,,,,4.25,9.9,30.25,2.1
"2026-03-02 15:13:43",3153,2495,69525,0,,11.55,136.4,4.21,9.7,,2.1
"2026-03-02 15:13:44",3155,2497,69508,0,,11.55,136.4,4.26,9.7,,2
"2026-03-02 15:13:45",3157,2499,69492,-36.8768,-71.600153,11.5,144.5,4.21,9.65,,2
"2026-03-02 15:13:46",3159,2501,69472,0,,,,4.21,9.5,,2.1
"2026-03-02 15:13:47",3162,2504,69452,0,,,,4.22,9.3,,2.1
"2026-03-02 15:13:48",3164,2506,69432,0,,,,4.33,9.05,,2.1
"2026-03-02 15:13:49",3166,2508,69412,0,,11.65,143.5,4.21,8.7,,2.1
"2026-03-02 15:13:50",3168,2510,69394,0,,11.75,145.2,4.29,8.4,,2.1
"2026-03-02 15:13:51",3171,2513,69376,-36.8773,-71.599678,11.55,141.7,4.33,8.15,,2.1
"2026-03-02 15:13:58",3185,2527,69248,0,,12.6,137.8,4.01,7,,2.2
"2026-03-02 15:13:59",3188,2530,69230,0,,10.35,142.6,4.05,6.95,,2.2
"2026-03-02 15:14:00",3190,2532,69212,-36.878018,-71.598952,12.65,134.5,3.99,6.9,,2.1
"2026-03-02 15:14:01",3192,2534,69192,0,,11.75,140.5,4.07,6.85,,2.2
"2026-03-02 15:14:02",3194,2536,69172,0,,11.75,140.5,4.01,6.85,,2.2
"2026-03-02 15:14:03",3197,2539,69152,-36.878252,-71.598702,12.4,138.4,4.21,6.8,,2.2
"2026-03-02 15:14:04",3199,2541,69136,0,,12.3,134.5,4.12,6.8,,2.2
"2026-03-02 15:14:05",3201,2543,69120,0,,12.3,134.5,3.96,6.75,,2.2
"2026-03-02 15:14:06",3202,2544,69104,-36.878407,-71.598535,12.1,147,3.86,6.75,30.25,2.1
"2026-03-02 15:14:07",3205,2547,69085,0,,12.1,147,3.83,6.7,,2.1
"2026-03-02 15:14:08",3207,2549,69066,0,,10.8,131.2,3.77,6.7,,2.1
"2026-03-02 15:14:09",3209,2551,69048,-36.878712,-71.598182,12.25,143.3,3.75,6.7,,2.1
"2026-03-02 15:14:11",3214,2556,69005,0,,11.7,133.1,3.99,6.75,,2.2
"2026-03-02 15:14:12",3217,2559,68984,-36.878945,-71.597925,12.25,141.9,4.13,6.8,,2.2
"2026-03-02 15:14:13",3218,2560,68969,0,,12.3,141.9,4.08,6.8,,2.2
"2026-03-02 15:14:14",3220,2562,68953,0,,12.2,132.1,3.99,6.8,,2.1
"2026-03-02 15:14:15",3222,2564,68938,-36.879175,-71.597668,12.05,139.6,3.9,6.8,,2.1
"2026-03-02 15:14:16",3224,2566,68920,0,,9.95,143.4,3.96,6.8,,2.1
"2026-03-02 15:14:17",3226,2568,68903,0,,9.95,143.4,3.89,6.8,,2.1
"2026-03-02 15:14:18",3228,2570,68886,-36.879413,-71.597412,13.35,139.1,3.94,6.8,,2.1
"2026-03-02 15:14:19",3231,2573,68862,0,,10.35,139,3.86,6.8,,2.2
"2026-03-02 15:14:20",3234,2576,68837,0,,12.65,142.3,4,6.8,,2.3
"2026-03-02 15:14:21",3237,2579,68812,-36.87964,-71.597148,11.9,131.5,3.97,6.8,,2.3
"2026-03-02 15:14:22",3239,2581,68799,0,,9.7,136.3,3.81,6.8,,2.3
"2026-03-02 15:14:23",3240,2582,68786,0,,9.7,136.3,3.83,6.8,,2.2
"2026-03-02 15:14:24",3242,2584,68774,-36.879862,-71.596878,12.35,129.5,3.82,6.85,,2.1
"2026-03-02 15:14:26",3246,2588,68732,0,,10.75,136.2,3.81,6.8,,2.2
"2026-03-02 15:14:27",3249,2591,68712,-36.880085,-71.596625,10.75,133.4,3.87,6.85,,2.2
"2026-03-02 15:14:31",3257,2599,68639,0,,12.5,132.2,3.45,6.85,,2.2
"2026-03-02 15:14:32",3259,2601,68621,0,,12.5,132.2,3.41,6.9,,2.1
"2026-03-02 15:14:33",3262,2604,68604,-36.880452,-71.596177,9.95,138,3.57,6.9,30.25,2
"2026-03-02 15:14:37",3272,2614,68513,0,,10.45,130.5,3.6,7,,2.4
"2026-03-02 15:14:38",3275,2617,68490,0,,11.7,134.3,3.69,7.05,,2.4
"2026-03-02 15:14:39",3278,2620,68468,-36.880878,-71.595637,10,128.5,3.6,7.2,,2.4
"2026-03-02 15:14:40",3280,2622,68447,0,,10,128.5,3.6,7.4,,2.4
"2026-03-02 15:14:41",3283,2625,68426,0,,11.2,133.1,3.65,7.65,,2.4
"2026-03-02 15:14:42",3285,2627,68406,-36.881148,-71.595267,10.2,127.1,3.61,7.85,,2.4
"2026-03-02 15:14:43",3288,2630,68384,0,,12.4,134.3,3.75,8.15,,2.4
"2026-03-02 15:14:44",3290,2632,68363,0,,12.4,134.3,3.84,8.3,,2.5
"2026-03-02 15:14:45",3293,2635,68342,-36.881352,-71.594985,10.5,129,3.71,8.45,,2.6
"2026-03-02 15:14:46",3295,2637,68321,0,,12.6,131.8,3.52,8.55,,2.6
"2026-03-02 15:14:47",3298,2640,68300,0,,10.4,131.7,3.4,8.65,,2.6
"2026-03-02 15:14:48",3300,2642,68280,-36.881543,-71.594697,10.5,126.5,3.36,8.8,,2.6
"2026-03-02 15:14:49",3303,2645,68259,0,,12.45,131.1,3.31,8.95,,2.5
"2026-03-02 15:14:50",3305,2647,68239,0,,10.65,136.7,3.36,9,,2.5
"2026-03-02 15:14:51",3307,2649,68220,-36.881742,-71.594403,11.15,126,3.43,9.05,,2.5
"2026-03-02 15:14:53",3312,2654,68182,0,,9.8,136.3,3.55,9.1,,2.4
"2026-03-02 15:14:54",3314,2656,68164,-36.88194,-71.594118,11.1,130,3.46,9.1,,2.4
"2026-03-02 15:14:56",3320,2662,68114,0,,9.8,131.1,3.42,9.1,,2.5
"2026-03-02 15:14:57",3323,2665,68090,-36.882138,-71.593832,11.35,132.7,3.33,9.05,,2.5
"2026-03-02 15:14:59",3327,2669,68051,0,,9.75,128.1,3.35,9.05,,2.5
"2026-03-02 15:15:00",3330,2672,68032,-36.882263,-71.593645,11.35,132.2,3.25,9,29.75,2.5
"2026-03-02 15:15:02",3335,2677,67989,0,,10.15,125.9,3.31,8.95,,2.5
"2026-03-02 15:15:03",3337,2679,67968,-36.88253,-71.59325,11.7,130.9,3.21,8.9,,2.5
"2026-03-02 15:15:05",3343,2685,67925,0,,12.15,132,3.33,8.75,,2.6
"2026-03-02 15:15:06",3345,2687,67904,-36.882718,-71.592947,12.2,125.2,3.22,8.65,,2.6
"2026-03-02 15:15:08",3350,2692,67862,0,,11.8,130.9,3.31,8.5,,2.5
"2026-03-02 15:15:09",3352,2694,67842,-36.882905,-71.592647,12.25,122.5,3.22,8.4,,2.5
"2026-03-02 15:15:12",3360,2702,67776,-36.883093,-71.592347,12.25,121.5,3.24,8.35,,2.5
"2026-03-02 15:15:13",3363,2705,67751,0,,11.65,130.1,3.34,8.55,,2.6
"2026-03-02 15:15:14",3366,2708,67726,0,,11.65,130.1,3.5,8.95,,2.6
"2026-03-02 15:15:15",3369,2711,67702,-36.883223,-71.592153,11.85,123.4,3.39,9.35,,2.7
"2026-03-02 15:15:16",3371,2713,67684,0,,11.4,130.5,3.21,9.85,,2.6
"2026-03-02 15:15:17",3373,2715,67667,0,,11.4,130.5,3.09,10.3,,2.6
"2026-03-02 15:15:18",3376,2718,67650,-36.883485,-71.591758,12,128.2,3.09,10.65,,2.5
"2026-03-02 15:15:19",3378,2720,67626,0,,12,128.2,3.26,10.9,,2.6
"2026-03-02 15:15:20",3381,2723,67602,0,,11.25,130.4,3.37,11.15,,2.6
"2026-03-02 15:15:21",3384,2726,67578,-36.883617,-71.591563,12.2,124.6,3.21,11.35,,2.6
"2026-03-02 15:15:22",3386,2728,67559,0,,12.2,124.6,3.07,11.5,,2.6
"2026-03-02 15:15:23",3389,2731,67540,0,,10.95,127.5,3,11.65,,2.6
"2026-03-02 15:15:24",3391,2733,67522,-36.883873,-71.591163,11.7,123.9,2.91,11.75,,2.5
"2026-03-02 15:15:25",3393,2735,67502,0,,11.85,136.3,2.82,11.75,,2.5
"2026-03-02 15:15:26",3396,2738,67483,0,,11.3,128.2,2.81,11.75,,2.4
"2026-03-02 15:15:27",3398,2740,67464,-36.884068,-71.590873,11.3,123.1,2.77,11.8,29.5,2.4
"2026-03-02 15:15:28",3400,2742,67442,0,,11.05,137.8,2.69,11.8,,2.4
"2026-03-02 15:15:29",3403,2745,67420,0,,11.05,137.8,2.68,11.8,,2.5
"2026-03-02 15:15:30",3406,2748,67398,-36.88427,-71.590573,11.95,124,2.64,11.75,,2.5
"2026-03-02 15:15:31",3408,2750,67375,0,,,,2.6,11.7,,2.5
"2026-03-02 15:15:32",3411,2753,67353,0,,,,2.6,11.6,,2.5
"2026-03-02 15:15:33",3414,2756,67332,0,,,,2.58,11.55,,2.4
"2026-03-02 15:15:34",3416,2758,67308,0,,,,2.5,11.5,,2.5
"2026-03-02 15:15:35",3419,2761,67284,0,,,,2.5,11.5,,2.5
"2026-03-02 15:15:36",3422,2764,67260,0,,,,2.48,11.4,,2.6
"2026-03-02 15:15:37",3424,2766,67246,0,,10.65,135,2.52,11.3,,2.5
"2026-03-02 15:15:38",3426,2768,67233,0,,11.8,126.1,2.64,11.25,,2.5
"2026-03-02 15:15:39",3427,2769,67220,-36.884863,-71.58969,11.8,126.3,2.59,11.2,,2.4
"2026-03-02 15:15:40",3430,2772,67193,0,,,,2.5,11.1,,2.5
"2026-03-02 15:15:41",3434,2776,67165,0,,,,2.48,11,,2.6
"2026-03-02 15:15:42",3437,2779,67138,0,,,,2.49,10.9,,2.6
"2026-03-02 15:15:46",3447,2789,67056,0,,12.35,128,2.65,10.6,,2.5
"2026-03-02 15:15:47",3449,2791,67036,0,,11.65,123.6,2.65,10.65,,2.5
"2026-03-02 15:15:48",3452,2794,67016,-36.885442,-71.588793,12.65,127.4,2.59,10.75,,2.4
"2026-03-02 15:15:52",3462,2804,66929,0,,,,2.75,11.45,,2.7
"2026-03-02 15:15:53",3465,2807,66907,0,,,,2.81,11.7,,2.6
"2026-03-02 15:15:54",3468,2810,66886,0,,,,2.76,11.85,30,2.5
"2026-03-02 15:15:58",3478,2820,66804,0,,11.9,123.6,2.59,12.65,,2.5
"2026-03-02 15:15:59",3480,2822,66784,0,,11.3,130.4,2.78,12.9,,2.5
"2026-03-02 15:16:00",3482,2824,66764,-36.886177,-71.587585,11.2,123.4,2.68,13.05,,2.6
"2026-03-02 15:16:05",3495,2837,66663,0,,12.25,130.8,2.46,13.85,,2.5
"2026-03-02 15:16:06",3497,2839,66644,-36.88655,-71.586965,10.2,123.4,2.36,14.05,,2.5
"2026-03-02 15:16:08",3502,2844,66606,0,,12.4,128.5,2.34,14.45,,2.4
"2026-03-02 15:16:09",3504,2846,66588,-36.886733,-71.586648,10.05,125.9,2.27,14.6,,2.4
"2026-03-02 15:16:12",3512,2854,66522,-36.886913,-71.586328,10.3,126.1,2.43,15.3,,2.5
"2026-03-02 15:16:13",3515,2857,66499,0,,,,2.34,15.45,,2.4
"2026-03-02 15:16:14",3517,2859,66480,0,,,,2.33,15.65,,2.4
"2026-03-02 15:16:15",3519,2861,66462,0,,,,2.34,15.8,,2.4
"2026-03-02 15:16:16",3521,2863,66444,0,,10.4,120.9,2.36,16.1,,2.4
"2026-03-02 15:16:17",3524,2866,66424,0,,11.75,124.4,2.34,16.4,,2.4
"2026-03-02 15:16:18",3526,2868,66404,-36.88727,-71.58568,10.9,122.9,2.43,16.8,,2.4
"2026-03-02 15:16:19",3529,2871,66381,0,,12.5,124.2,2.33,17.2,,2.4
"2026-03-02 15:16:20",3532,2874,66359,0,,12.5,124.2,2.36,17.65,,2.5
"2026-03-02 15:16:21",3534,2876,66338,-36.887452,-71.585353,11.8,128.5,2.45,18.1,29.5,2.5
"2026-03-02 15:16:22",3537,2879,66319,0,,12.85,118.7,2.34,18.55,,2.5
"2026-03-02 15:16:23",3539,2881,66300,0,,11.15,126.7,2.26,19,,2.5
"2026-03-02 15:16:24",3541,2883,66282,-36.887628,-71.585037,10.5,128.4,2.34,19.45,,2.4
"2026-03-02 15:16:25",3544,2886,66260,0,,12.6,120.8,2.21,19.95,,2.4
"2026-03-02 15:16:26",3546,2888,66239,0,,11.4,125.1,2.16,20.35,,2.5
"2026-03-02 15:16:27",3549,2891,66218,-36.887808,-71.584713,10.95,128.8,2.34,20.75,,2.5
"2026-03-02 15:16:28",3551,2893,66198,0,,10.95,128.8,2.23,21.15,,2.5
"2026-03-02 15:16:29",3554,2896,66180,0,,13.2,122.5,2.18,21.5,,2.5
"2026-03-02 15:16:30",3556,2898,66162,-36.887988,-71.584385,11.35,125.7,2.28,21.75,,2.5
"2026-03-02 15:16:31",3558,2900,66144,0,,12.85,125.5,2.16,22.1,,2.4
"2026-03-02 15:16:32",3560,2902,66127,0,,10.75,123.7,2.12,22.35,,2.4
"2026-03-02 15:16:33",3562,2904,66110,-36.888172,-71.58407,11.55,128.3,2.17,22.55,,2.4
"2026-03-02 15:16:34",3564,2906,66093,0,,12.25,125,2.07,22.8,,2.3
"2026-03-02 15:16:35",3566,2908,66076,0,,10.4,123.5,2.11,22.95,,2.3
"2026-03-02 15:16:36",3568,2910,66060,-36.888353,-71.583747,12.25,125.6,2.08,23.2,,2.3
"2026-03-02 15:16:37",3571,2913,66040,0,,12.7,126.5,1.94,23.35,,2.2
"2026-03-02 15:16:38",3573,2915,66022,0,,10.35,127.3,1.94,23.55,,2.2
"2026-03-02 15:16:39",3575,2917,66004,-36.888535,-71.583425,12.3,122.3,1.94,23.75,,2.2
"2026-03-02 15:16:40",3578,2920,65984,0,,12.35,122.3,1.8,23.9,,2.2
"2026-03-02 15:16:41",3580,2922,65965,0,,10.4,131.2,1.92,24.05,,2.2
"2026-03-02 15:16:42",3582,2924,65946,-36.888657,-71.583225,11.75,122.1,1.86,24.25,,2.2
"2026-03-02 15:16:43",3585,2927,65926,0,,11.75,122.1,1.77,24.45,,2.2
"2026-03-02 15:16:44",3587,2929,65906,0,,10.4,134.9,1.97,24.65,,2.3
"2026-03-02 15:16:45",3590,2932,65886,-36.888845,-71.582927,11.7,123.9,1.88,24.8,,2.3
"2026-03-02 15:16:46",3592,2934,65867,0,,11.7,123.9,1.74,24.95,,2.3
"2026-03-02 15:16:47",3594,2936,65848,0,,10.5,136.6,1.91,25.15,,2.3
"2026-03-02 15:16:48",3597,2939,65830,-36.889087,-71.582523,11.45,120.8,1.82,25.25,29,2.4
"2026-03-02 15:16:49",3599,2941,65811,0,,11.55,124.1,1.78,25.3,,2.3
"2026-03-02 15:16:50",3601,2943,65793,0,,11.55,134.9,1.72,25.35,,2.3
"2026-03-02 15:16:51",3603,2945,65776,-36.889267,-71.582227,10.15,122.7,1.62,25.45,,2.3
"2026-03-02 15:16:52",3605,2947,65761,0,,,,1.53,25.6,,2.3
"2026-03-02 15:16:53",3607,2949,65746,0,,,,1.64,25.7,,2.3
"2026-03-02 15:16:54",3609,2951,65732,0,,,,1.7,25.75,,2.2
"2026-03-02 15:16:56",3613,2955,65697,0,,,,1.76,25.9,,2.2
"2026-03-02 15:16:57",3615,2957,65680,0,,,,1.57,25.9,,2.1
"2026-03-02 15:17:01",3624,2966,65605,0,,10.75,130.4,1.29,26.05,,2.1
"2026-03-02 15:17:02",3626,2968,65586,0,,11.5,126.8,1.39,26.05,,2.1
"2026-03-02 15:17:03",3629,2971,65568,-36.89,-71.581003,10.55,120.6,1.39,26.15,,2.1
"2026-03-02 15:17:04",3630,2972,65554,0,,10.55,120.6,1.2,26.15,,2.1
"2026-03-02 15:17:05",3632,2974,65540,0,,11.9,128.4,1.14,26.2,,2.1
"2026-03-02 15:17:06",3634,2976,65526,-36.890183,-71.580702,10.5,124.5,1.17,26.25,,2.1
"2026-03-02 15:17:07",3636,2978,65508,0,,,,1.02,26.3,,2.1
"2026-03-02 15:17:08",3638,2980,65490,0,,,,1.1,26.35,,2.1
"2026-03-02 15:17:09",3641,2983,65472,0,,,,1.12,26.45,,2.1
"2026-03-02 15:17:11",3644,2986,65441,0,,10.65,127.7,1.16,26.6,,2.1
"2026-03-02 15:17:12",3646,2988,65426,-36.89056,-71.580087,10.9,130.6,1.03,26.6,,2.1
"2026-03-02 15:17:13",3648,2990,65411,0,,,,0.96,26.6,,2.1
"2026-03-02 15:17:14",3650,2992,65395,0,,,,0.96,26.6,,2
"2026-03-02 15:17:15",3652,2994,65380,0,,,,1.14,26.7,29,2
"2026-03-02 15:17:16",3654,2996,65360,0,,,,1.18,26.75,,2
"2026-03-02 15:17:17",3657,2999,65340,0,,,,1.27,26.75,,2
"2026-03-02 15:17:18",3659,3001,65320,0,,,,1.39,26.8,,2.1
"2026-03-02 15:17:19",3662,3004,65302,0,,10.85,128.5,1.39,26.85,,2.1
"2026-03-02 15:17:20",3664,3006,65285,0,,10.85,128.5,1.47,26.8,,2.1
"2026-03-02 15:17:21",3666,3008,65268,-36.891113,-71.579162,11.45,122.6,1.31,26.8,,2.1
"2026-03-02 15:17:22",3668,3010,65253,0,,,,1.1,26.7,,2.1
"2026-03-02 15:17:23",3669,3011,65238,0,,,,0.94,26.7,,2.1
"2026-03-02 15:17:24",3671,3013,65224,0,,,,0.84,26.7,,2.1
"2026-03-02 15:17:26",3675,3017,65197,0,,,,0.93,26.75,,2
"2026-03-02 15:17:27",3676,3018,65184,0,,,,1,26.8,,2
"2026-03-02 15:17:29",3680,3022,65150,0,,12.15,124.1,1.11,26.9,,1.9
"2026-03-02 15:17:30",3682,3024,65134,-36.891597,-71.578337,12.5,125.1,1.1,27,,1.9
"2026-03-02 15:17:31",3685,3027,65115,0,,,,1.14,27,,1.9
"2026-03-02 15:17:32",3687,3029,65096,0,,,,1.23,27,,2
"2026-03-02 15:17:33",3689,3031,65078,0,,,,1.2,27,,2
"2026-03-02 15:17:34",3691,3033,65064,0,,,,1.1,27,,1.9
"2026-03-02 15:17:35",3693,3035,65051,0,,,,0.94,26.95,,1.9
"2026-03-02 15:17:36",3694,3036,65038,0,,,,0.82,26.85,,1.9
"2026-03-02 15:17:37",3696,3038,65023,0,,,,0.64,26.8,,1.9
"2026-03-02 15:17:38",3698,3040,65007,0,,,,0.54,26.8,,1.9
"2026-03-02 15:17:39",3700,3042,64992,0,,,,0.49,26.8,,2
"2026-03-02 15:17:41",3705,3047,64953,0,,11.8,124.6,0.67,26.8,,2
"2026-03-02 15:17:42",3707,3049,64934,-36.892373,-71.577003,13.05,129.6,0.6,26.85,28.5,2.1
"2026-03-02 15:17:44",3710,3052,64910,0,,,,0.34,26.9,,2
"2026-03-02 15:17:45",3712,3054,64898,0,,,,0.3,26.9,,1.9
"2026-03-02 15:17:49",3719,3061,64836,0,,11.35,124.2,0.42,27.15,,1.9
"2026-03-02 15:17:50",3721,3063,64821,0,,11.35,124.2,0.36,27.15,,1.9
"2026-03-02 15:17:51",3723,3065,64806,-36.892837,-71.576192,12.6,124.7,0.45,27.2,,1.9
"2026-03-02 15:17:52",3724,3066,64794,0,,,,0.52,27.3,,1.9
"2026-03-02 15:17:53",3726,3068,64783,0,,,,0.44,27.3,,1.9
"2026-03-02 15:17:54",3727,3069,64772,0,,,,0.37,27.35,,1.7
"2026-03-02 15:17:55",3729,3071,64757,0,,13,126.4,0.42,27.35,,1.7
"2026-03-02 15:17:56",3731,3073,64743,0,,9.8,123.9,0.37,27.4,,1.7
"2026-03-02 15:17:57",3732,3074,64730,-36.893242,-71.575457,12.5,125,0.49,27.4,,1.7
"2026-03-02 15:17:58",3734,3076,64715,0,,11.2,125.7,0.59,27.4,,1.7
"2026-03-02 15:17:59",3736,3078,64701,0,,11.2,125.7,0.49,27.4,,1.7
"2026-03-02 15:18:00",3738,3080,64688,-36.893355,-71.575255,12.1,124.1,0.35,27.45,,1.7
"2026-03-02 15:18:01",3739,3081,64674,0,,10.65,125.9,0.2,27.45,,1.7
"2026-03-02 15:18:02",3741,3083,64661,0,,10.3,125.4,0.11,27.4,,1.7
"2026-03-02 15:18:03",3743,3085,64648,-36.893585,-71.574848,12.1,124.3,0.07,27.45,,1.7
"2026-03-02 15:18:04",3745,3087,64632,0,,,,0.04,27.45,,1.7
"2026-03-02 15:18:05",3746,3088,64617,0,,,,0.24,27.5,,1.7
"2026-03-02 15:18:06",3748,3090,64602,0,,,,0.37,27.5,,1.8
"2026-03-02 15:18:07",3750,3092,64586,0,,,,0.4,27.55,,1.8
"2026-03-02 15:18:08",3752,3094,64571,0,,,,0.55,27.55,,1.8
"2026-03-02 15:18:09",3754,3096,64556,0,,,,0.58,27.5,28.5,1.8
"2026-03-02 15:18:11",3757,3099,64531,0,,11.7,126.1,0.3,27.35,,1.8
"2026-03-02 15:18:12",3759,3101,64520,-36.894113,-71.57394,10.55,121.2,0.1,27.3,,1.7
"2026-03-02 15:18:13",3760,3102,64508,0,,10.45,127.9,0.13,27.2,,1.7
"2026-03-02 15:18:14",3762,3104,64496,0,,11.5,120.4,0.04,27.2,,1.7
"2026-03-02 15:18:15",3763,3105,64484,-36.894287,-71.573633,11.65,127.1,-0.04,27.15,,1.7
"2026-03-02 15:18:16",3765,3107,64471,0,,9.65,130.6,0,27.1,,1.7
"2026-03-02 15:18:17",3766,3108,64458,0,,10.8,124.8,0.02,27.15,,1.6
"2026-03-02 15:18:18",3768,3110,64446,-36.894457,-71.573338,11.5,124.5,0.08,27.15,,1.6
"2026-03-02 15:18:22",3774,3116,64394,0,,11.55,122.5,-0.01,27.25,,1.5
"2026-03-02 15:18:23",3776,3118,64381,0,,12.05,129.4,-0.11,27.25,,1.6
"2026-03-02 15:18:24",3778,3120,64368,-36.894793,-71.572718,11.3,121.2,-0.21,27.25,,1.6
"2026-03-02 15:18:26",3781,3123,64340,0,,12.05,127.8,-0.23,27.15,,1.6
"2026-03-02 15:18:27",3783,3125,64326,-36.894965,-71.572422,10.75,126.5,-0.07,27.15,,1.6
"2026-03-02 15:18:28",3784,3126,64315,0,,9.6,125.4,0,27.15,,1.6
"2026-03-02 15:18:29",3785,3127,64305,0,,9.6,125.4,-0.15,27.15,,1.6
"2026-03-02 15:18:30",3787,3129,64296,-36.895083,-71.57222,11.85,122.1,-0.23,27.15,,1.6
"2026-03-02 15:18:31",3788,3130,64282,0,,,,-0.13,27.15,,1.6
"2026-03-02 15:18:32",3790,3132,64269,0,,,,-0.13,27.15,,1.6
"2026-03-02 15:18:33",3792,3134,64256,0,,,,-0.26,27.15,,1.6
"2026-03-02 15:18:34",3793,3135,64242,0,,11.7,129.4,-0.36,27.15,,1.6
"2026-03-02 15:18:35",3795,3137,64230,0,,11.7,129.4,-0.41,27.1,,1.6
"2026-03-02 15:18:36",3796,3138,64218,-36.895478,-71.57152,9.7,124.6,-0.47,27.1,28.5,1.6
"2026-03-02 15:18:37",3798,3140,64206,0,,11.1,125,-0.52,27.1,,1.6
"2026-03-02 15:18:38",3799,3141,64194,0,,11.1,125,-0.61,27.05,,1.5
"2026-03-02 15:18:39",3801,3143,64182,-36.89565,-71.571222,10.05,131.6,-0.63,27,,1.5
"2026-03-02 15:18:40",3802,3144,64169,0,,10.35,118.5,-0.62,26.9,,1.5
"2026-03-02 15:18:41",3804,3146,64156,0,,11.5,126,-0.67,26.9,,1.5
"2026-03-02 15:18:42",3805,3147,64144,-36.895818,-71.570913,10.9,128.5,-0.68,26.8,,1.6
"2026-03-02 15:18:43",3807,3149,64131,0,,10.95,118.1,-0.65,26.75,,1.6
"2026-03-02 15:18:44",3809,3151,64119,0,,10.45,125.9,-0.69,26.7,,1.6
"2026-03-02 15:18:45",3810,3152,64108,-36.895985,-71.570615,10.75,130.5,-0.72,26.65,,1.5
"2026-03-02 15:18:46",3811,3153,64096,0,,11.7,119.7,-0.67,26.6,,1.5
"2026-03-02 15:18:47",3813,3155,64084,0,,9.65,125.8,-0.68,26.55,,1.5
"2026-03-02 15:18:48",3814,3156,64072,-36.89615,-71.570318,10.65,128.8,-0.6,26.55,,1.5
"2026-03-02 15:18:49",3816,3158,64059,0,,11.95,120.9,-0.57,26.55,,1.5
"2026-03-02 15:18:50",3818,3160,64046,0,,9.65,128.7,-0.62,26.6,,1.5
"2026-03-02 15:18:51",3819,3161,64034,-36.896315,-71.570025,10.1,126.9,-0.48,26.65,,1.5
"2026-03-02 15:18:52",3821,3163,64019,0,,10.15,126.9,-0.49,26.65,,1.6
"2026-03-02 15:18:53",3823,3165,64005,0,,9.95,130,-0.35,26.7,,1.6
"2026-03-02 15:18:54",3825,3167,63992,-36.896478,-71.56973,10.25,124.9,-0.39,26.7,,1.6
"2026-03-02 15:18:55",3826,3168,63978,0,,10.25,124.9,-0.47,26.75,,1.6
"2026-03-02 15:18:56",3828,3170,63965,0,,11.15,119.7,-0.27,26.65,,1.6
"2026-03-02 15:18:57",3830,3172,63952,-36.896632,-71.569438,9.7,121.3,-0.17,26.6,,1.6
"2026-03-02 15:18:58",3831,3173,63940,0,,,,-0.2,26.5,,1.6
"2026-03-02 15:18:59",3833,3175,63928,0,,,,-0.15,26.3,,1.6
"2026-03-02 15:19:00",3834,3176,63916,0,,,,-0.07,26.15,,1.6
"2026-03-02 15:19:01",3836,3178,63904,0,,10.45,119.2,-0.27,26,,1.6
"2026-03-02 15:19:02",3837,3179,63892,0,,11.45,129.1,-0.34,25.9,,1.6
"2026-03-02 15:19:03",3839,3181,63880,-36.896957,-71.568868,9.45,121,-0.32,25.85,28.75,1.6
"2026-03-02 15:19:04",3840,3182,63866,0,,10.6,124.3,-0.38,25.8,,1.6
"2026-03-02 15:19:05",3842,3184,63853,0,,11.1,131.4,-0.24,25.85,,1.6
"2026-03-02 15:19:06",3844,3186,63840,-36.897118,-71.56859,8.85,122.4,-0.29,25.9,,1.6
"2026-03-02 15:19:07",3845,3187,63826,0,,10.45,121.6,-0.37,25.95,,1.6
"2026-03-02 15:19:08",3847,3189,63813,0,,10.45,121.6,-0.26,26,,1.6
"2026-03-02 15:19:09",3849,3191,63800,-36.897283,-71.56831,9.2,123.9,-0.26,26.05,,1.6
"2026-03-02 15:19:10",3850,3192,63789,0,,,,-0.31,26.15,,1.6
"2026-03-02 15:19:11",3851,3193,63778,0,,,,-0.15,26.2,,1.6
"2026-03-02 15:19:12",3853,3195,63768,0,,,,-0.26,26.25,,1.6
"2026-03-02 15:19:13",3854,3196,63754,0,,,,-0.38,26.3,,1.6
"2026-03-02 15:19:14",3856,3198,63741,0,,,,-0.31,26.35,,1.6
"2026-03-02 15:19:15",3858,3200,63728,0,,,,-0.35,26.5,,1.6
"2026-03-02 15:19:16",3859,3201,63720,0,,9.65,119.6,-0.33,26.55,,1.6
"2026-03-02 15:19:17",3860,3202,63712,0,,10.85,132.9,-0.23,26.65,,1.5
"2026-03-02 15:19:18",3861,3203,63704,-36.897793,-71.567503,9.4,124.3,-0.36,26.7,,1.4
"2026-03-02 15:19:19",3863,3205,63688,0,,9.4,124.3,-0.32,26.75,,1.5
"2026-03-02 15:19:20",3865,3207,63672,0,,10.55,132.4,-0.23,26.8,,1.5
"2026-03-02 15:19:21",3867,3209,63656,-36.897963,-71.567245,10.05,122.7,-0.15,26.9,,1.5
"2026-03-02 15:19:22",3868,3210,63648,0,,9.25,134.4,-0.03,26.95,,1.5
"2026-03-02 15:19:23",3869,3211,63641,0,,10.4,124.5,-0.02,26.95,,1.4
"2026-03-02 15:19:24",3870,3212,63634,-36.898128,-71.56698,10.25,125.4,0,27,,1.4
"2026-03-02 15:19:26",3873,3215,63606,0,,9.95,123.9,0.1,27.05,,1.4
"2026-03-02 15:19:27",3875,3217,63594,-36.898298,-71.566722,10.35,127.9,0.11,27,,1.4
"2026-03-02 15:19:28",3876,3218,63581,0,,,,0.21,27,,1.5
"2026-03-02 15:19:29",3878,3220,63567,0,,,,0.15,27,,1.5
"2026-03-02 15:19:30",3880,3222,63554,0,,,,0.15,26.95,27.5,1.6
"2026-03-02 15:19:31",3881,3223,63541,0,,10.55,129.5,0.15,26.9,,1.5
"2026-03-02 15:19:32",3883,3225,63528,0,,8.75,124.4,0.09,26.9,,1.5
"2026-03-02 15:19:33",3885,3227,63516,-36.89863,-71.566208,10.7,132.1,0.12,26.9,,1.5
"2026-03-02 15:19:34",3886,3228,63501,0,,10.7,132.1,-0.04,26.85,,1.5
"2026-03-02 15:19:35",3888,3230,63486,0,,8.75,120.2,-0.32,26.85,,1.6
"2026-03-02 15:19:36",3890,3232,63472,-36.89873,-71.56604,9.6,136.1,-0.29,26.85,,1.6
"2026-03-02 15:19:37",3892,3234,63460,0,,9.6,136.1,-0.44,26.85,,1.7
"2026-03-02 15:19:38",3893,3235,63449,0,,9.2,120.2,-0.49,26.9,,1.7
"2026-03-02 15:19:39",3894,3236,63438,-36.89894,-71.565697,9.15,135.4,-0.29,26.9,,1.7
"2026-03-02 15:19:40",3896,3238,63427,0,,9.15,135.4,-0.35,26.95,,1.6
"2026-03-02 15:19:41",3897,3239,63418,0,,10.1,121.4,-0.44,26.95,,1.5
"2026-03-02 15:19:42",3898,3240,63410,-36.8991,-71.565423,9.9,131,-0.43,27,,1.5
"2026-03-02 15:19:43",3899,3241,63398,0,,9.4,127.9,-0.53,27.05,,1.5
"2026-03-02 15:19:44",3901,3243,63385,0,,9.4,121,-0.53,27.05,,1.5
"2026-03-02 15:19:45",3903,3245,63372,-36.899262,-71.565172,10.4,134.1,-0.6,27.05,,1.5
"2026-03-02 15:19:46",3904,3246,63359,0,,10.4,134.1,-0.73,27.1,,1.5
"2026-03-02 15:19:47",3906,3248,63346,0,,9.8,124.5,-0.73,27.1,,1.5
"2026-03-02 15:19:48",3908,3250,63334,-36.899425,-71.564915,10.95,128.8,-0.8,27.2,,1.4
"2026-03-02 15:19:49",3909,3251,63321,0,,,,-0.77,27.25,,1.5
"2026-03-02 15:19:50",3911,3253,63308,0,,,,-0.78,27.3,,1.5
"2026-03-02 15:19:51",3912,3254,63296,0,,,,-0.85,27.35,,1.5
"2026-03-02 15:19:53",3915,3257,63271,0,,9.85,130.6,-0.76,27.45,,1.5
"2026-03-02 15:19:54",3917,3259,63260,-36.899748,-71.564395,10.5,127,-0.83,27.5,,1.6
"2026-03-02 15:19:56",3920,3262,63234,0,,,,-0.85,27.6,,1.6
"2026-03-02 15:19:57",3922,3264,63222,0,,,,-0.92,27.6,27,1.6
"2026-03-02 15:19:59",3925,3267,63195,0,,,,-0.72,27.7,,1.6
"2026-03-02 15:20:00",3927,3269,63182,0,,,,-0.8,27.7,,1.6
"2026-03-02 15:20:02",3929,3271,63163,0,,10.55,133.1,-0.85,27.7,,1.5
"2026-03-02 15:20:03",3930,3272,63154,-36.900233,-71.563657,8.7,131,-0.97,27.7,,1.5
"2026-03-02 15:20:05",3934,3276,63128,0,,11.1,128.5,-1.02,27.75,,1.5
"2026-03-02 15:20:06",3935,3277,63116,-36.900397,-71.563413,8.15,135.6,-1.12,27.75,,1.5
"2026-03-02 15:20:08",3939,3281,63087,0,,11,128,-1.07,27.8,,1.5
"2026-03-02 15:20:09",3941,3283,63074,-36.900555,-71.563157,8.85,124.1,-1.13,27.85,,1.6
"2026-03-02 15:20:11",3944,3286,63049,0,,,,-0.92,27.9,,1.5
"2026-03-02 15:20:12",3945,3287,63038,0,,,,-1.01,28,,1.5
"2026-03-02 15:20:13",3947,3289,63025,0,,9.25,119.1,-0.9,27.95,,1.5
"2026-03-02 15:20:14",3948,3290,63012,0,,10,133.9,-0.93,28,,1.6
"2026-03-02 15:20:15",3950,3292,63000,-36.900875,-71.562663,9.15,117.6,-1.02,28,,1.6
"2026-03-02 15:20:16",3951,3293,62987,0,,9.15,117.6,-0.9,28,,1.6
"2026-03-02 15:20:17",3953,3295,62975,0,,9.7,133.1,-0.96,28.05,,1.6
"2026-03-02 15:20:18",3954,3296,62964,-36.901037,-71.562418,9.55,120.6,-1.07,28.05,,1.6
"2026-03-02 15:20:19",3956,3298,62952,0,,,,-0.9,28.1,,1.6
"2026-03-02 15:20:20",3958,3300,62940,0,,,,-0.9,28.1,,1.6
"2026-03-02 15:20:21",3959,3301,62928,0,,,,-1.02,28.15,,1.6
"2026-03-02 15:20:22",3961,3303,62912,0,,9.05,121.4,-0.89,28.1,,1.6
"2026-03-02 15:20:23",3963,3305,62897,0,,9.55,127.5,-0.97,28.15,,1.6
"2026-03-02 15:20:24",3965,3307,62882,-36.901355,-71.561937,9.65,122.2,-1.02,28.15,27,1.6
"2026-03-02 15:20:25",3966,3308,62871,0,,9.25,137.5,-0.96,28.2,,1.6
"2026-03-02 15:20:26",3968,3310,62860,0,,9.25,127.6,-1.06,28.25,,1.6
"2026-03-02 15:20:27",3969,3311,62850,-36.901515,-71.561685,9.6,121.5,-1.2,28.25,,1.6
"2026-03-02 15:20:28",3970,3312,62839,0,,10.1,132.3,-1.07,28.3,,1.6
"2026-03-02 15:20:29",3972,3314,62828,0,,8.45,127.4,-1.01,28.3,,1.6
"2026-03-02 15:20:30",3973,3315,62818,-36.901672,-71.561438,9.65,121.8,-1.11,28.35,,1.5
"2026-03-02 15:20:31",3975,3317,62803,0,,10.3,133.7,-1.35,28.4,,1.6
"2026-03-02 15:20:32",3977,3319,62788,0,,7.85,130.1,-1.41,28.35,,1.6
"2026-03-02 15:20:33",3979,3321,62774,-36.901832,-71.561197,9.35,124.9,-1.52,28.45,,1.6
"2026-03-02 15:20:34",3980,3322,62759,0,,10.55,131.7,-1.65,28.5,,1.6
"2026-03-02 15:20:35",3982,3324,62745,0,,10.55,131.7,-1.68,28.55,,1.6
"2026-03-02 15:20:36",3984,3326,62732,-36.901983,-71.56096,8.35,126.1,-1.76,28.6,,1.6
"2026-03-02 15:20:37",3986,3328,62718,0,,8.35,126.1,-1.84,28.75,,1.6
"2026-03-02 15:20:38",3988,3330,62704,0,,10.2,129.1,-1.85,28.85,,1.6
"2026-03-02 15:20:39",3989,3331,62690,-36.90213,-71.560718,7.65,129,-1.87,28.95,,1.7
"2026-03-02 15:20:40",3991,3333,62677,0,,,,-1.77,29.05,,1.7
"2026-03-02 15:20:41",3993,3335,62664,0,,,,-1.82,29.2,,1.7
"2026-03-02 15:20:42",3994,3336,62652,0,,,,-1.65,29.3,,1.7
"2026-03-02 15:20:43",3996,3338,62638,0,,8.65,131.7,-1.66,29.4,,1.8
"2026-03-02 15:20:44",3998,3340,62625,0,,8.65,131.7,-1.65,29.5,,1.7
"2026-03-02 15:20:45",3999,3341,62612,-36.902425,-71.56023,8.1,137,-1.41,29.6,,1.7
"2026-03-02 15:20:46",4001,3343,62599,0,,8.05,137,-1.41,29.65,,1.7
"2026-03-02 15:20:47",4002,3344,62587,0,,9.45,120.3,-1.57,29.65,,1.7
"2026-03-02 15:20:48",4004,3346,62576,-36.90258,-71.559978,9.65,133.9,-1.5,29.7,,1.7
"2026-03-02 15:20:49",4006,3348,62560,0,,8.8,118.4,-1.53,29.75,,1.7
"2026-03-02 15:20:50",4008,3350,62545,0,,9.5,127.7,-1.57,29.75,,1.7
"2026-03-02 15:20:51",4010,3352,62530,-36.902728,-71.559748,8.5,136.1,-1.52,29.8,27.25,1.7
"2026-03-02 15:20:56",4018,3360,62466,0,,7.55,121.7,-1.63,29.85,,1.7
"2026-03-02 15:20:57",4019,3361,62454,-36.903018,-71.559282,8.95,124.8,-1.7,29.95,,1.7
"2026-03-02 15:20:58",4022,3364,62436,0,,,,-1.75,29.95,,1.7
"2026-03-02 15:20:59",4024,3366,62419,0,,,,-1.52,30,,1.8
"2026-03-02 15:21:00",4026,3368,62402,0,,,,-1.59,30.05,,1.9
"2026-03-02 15:21:01",4028,3370,62389,0,,9.4,124.3,-1.74,30.05,,1.8
"2026-03-02 15:21:02",4029,3371,62376,0,,8.25,137.6,-1.59,30.1,,1.8
"2026-03-02 15:21:03",4031,3373,62364,-36.9033,-71.558812,9.2,121,-1.68,30.15,,1.8
"2026-03-02 15:21:04",4033,3375,62349,0,,9.2,121,-1.69,30.15,,1.8
"2026-03-02 15:21:05",4035,3377,62335,0,,7.95,137.5,-1.42,30.25,,1.8
"2026-03-02 15:21:06",4036,3378,62322,-36.903437,-71.558585,9.2,122.7,-1.49,30.4,,1.8
"2026-03-02 15:21:07",4038,3380,62309,0,,8.2,122.5,-1.7,30.45,,1.8
"2026-03-02 15:21:08",4040,3382,62296,0,,8.2,122.5,-1.64,30.55,,1.8
"2026-03-02 15:21:09",4041,3383,62284,-36.903532,-71.558442,9.45,123.7,-1.68,30.65,,1.8
"2026-03-02 15:21:11",4045,3387,62257,0,,7.9,132.5,-1.57,30.85,,1.8
"2026-03-02 15:21:12",4046,3388,62244,-36.903715,-71.55813,10.05,120.3,-1.69,30.9,,1.7
"2026-03-02 15:21:13",4049,3391,62224,0,,10.05,120.3,-1.8,30.95,,1.8
"2026-03-02 15:21:14",4051,3393,62206,0,,7.65,136.9,-1.68,31.05,,1.8
"2026-03-02 15:21:15",4054,3396,62188,-36.903853,-71.55791,9.65,120.1,-1.75,31.1,,1.9
"2026-03-02 15:21:16",4055,3397,62175,0,,7.85,127.6,-1.7,31.15,,1.9
"2026-03-02 15:21:17",4057,3399,62163,0,,7.85,127.6,-1.52,31.2,,1.8
"2026-03-02 15:21:18",4058,3400,62152,-36.903993,-71.557697,8.75,122.9,-1.63,31.2,27,1.8
"2026-03-02 15:21:19",4060,3402,62138,0,,,,-1.79,31.25,,1.8
"2026-03-02 15:21:20",4062,3404,62125,0,,,,-1.89,31.3,,1.8
"2026-03-02 15:21:21",4063,3405,62112,0,,,,-2,31.3,,1.8
"2026-03-02 15:21:22",4065,3407,62100,0,,7.8,119.1,-1.97,31.3,,1.8
"2026-03-02 15:21:23",4066,3408,62089,0,,8.25,128.7,-1.83,31.35,,1.8
"2026-03-02 15:21:24",4068,3410,62078,-36.904265,-71.557267,7.6,118.5,-1.76,31.4,,1.8
"2026-03-02 15:21:25",4070,3412,62063,0,,8.2,133.2,-1.6,31.45,,1.8
"2026-03-02 15:21:26",4071,3413,62049,0,,8.2,133.2,-1.55,31.5,,1.7
"2026-03-02 15:21:27",4073,3415,62036,-36.904402,-71.557048,8,118.2,-1.59,31.5,,1.7
"2026-03-02 15:21:28",4076,3418,62014,0,,8.55,135.5,-1.55,31.45,,1.7
"2026-03-02 15:21:29",4079,3421,61993,0,,8.2,132.5,-1.53,31.4,,1.8
"2026-03-02 15:21:30",4081,3423,61972,-36.904537,-71.556828,7.9,116.8,-1.67,31.35,,1.9
"2026-03-02 15:21:31",4083,3425,61960,0,,8.9,129.3,-1.77,31.3,,1.9
"2026-03-02 15:21:32",4084,3426,61949,0,,7.8,131.1,-1.71,31.25,,1.9
"2026-03-02 15:21:33",4086,3428,61938,-36.904663,-71.556613,7.4,116.9,-1.77,31.15,,1.9
"2026-03-02 15:21:34",4088,3430,61921,0,,8.7,129,-1.66,31.15,,1.9
"2026-03-02 15:21:35",4090,3432,61904,0,,8.7,129,-1.57,31.1,,2
"2026-03-02 15:21:36",4092,3434,61888,-36.904787,-71.556393,8.35,127.8,-1.74,31.05,,2
"2026-03-02 15:21:37",4094,3436,61876,0,,8.55,127.1,-1.84,30.9,,2
"2026-03-02 15:21:38",4095,3437,61865,0,,8.55,127.1,-1.75,30.9,,2
"2026-03-02 15:21:39",4097,3439,61854,-36.904913,-71.556173,7.05,120.1,-1.86,30.85,,1.9
"2026-03-02 15:21:40",4099,3441,61837,0,,9.35,122.7,-1.92,30.75,,2
"2026-03-02 15:21:41",4101,3443,61821,0,,7.6,132.1,-1.85,30.75,,1.9
"2026-03-02 15:21:42",4103,3445,61806,-36.90504,-71.555955,6.9,123.2,-1.95,30.7,,1.9
"2026-03-02 15:21:43",4105,3447,61791,0,,9.6,122.4,-1.95,30.65,,1.8
"2026-03-02 15:21:44",4107,3449,61775,0,,7.6,127.5,-1.86,30.65,,1.8
"2026-03-02 15:21:45",4109,3451,61760,-36.905165,-71.555732,6.9,126.9,-2,30.6,26.25,1.9
"2026-03-02 15:21:46",4111,3453,61746,0,,,,-2.08,30.55,,1.9
"2026-03-02 15:21:47",4112,3454,61732,0,,,,-2.06,30.55,,1.9
"2026-03-02 15:21:48",4114,3456,61718,0,,,,-2.14,30.5,,1.9
"2026-03-02 15:21:49",4116,3458,61705,0,,9.65,126,-2.07,30.55,,1.8
"2026-03-02 15:21:50",4118,3460,61692,0,,9.65,126,-1.98,30.55,,1.8
"2026-03-02 15:21:51",4119,3461,61680,-36.905405,-71.555292,6.55,122.2,-2.08,30.5,,1.8
"2026-03-02 15:21:52",4122,3464,61660,0,,8.9,122.1,-2.21,30.5,,1.9
"2026-03-02 15:21:53",4124,3466,61641,0,,7.75,123.3,-2.22,30.45,,1.9
"2026-03-02 15:21:54",4127,3469,61622,-36.90552,-71.555068,6.75,122.3,-2.26,30.45,,2
"2026-03-02 15:21:56",4131,3473,61588,0,,9.5,126.1,-2.43,30.4,,2
"2026-03-02 15:21:57",4133,3475,61572,-36.905632,-71.554843,6.7,120.2,-2.48,30.35,,2
"2026-03-02 15:21:58",4134,3476,61565,0,,8.3,127.9,-2.55,30.35,,1.9
"2026-03-02 15:21:59",4135,3477,61558,0,,8.3,127.9,-2.56,30.3,,1.9
"2026-03-02 15:22:00",4136,3478,61552,-36.905747,-71.554602,7.85,121,-2.39,30.3,,1.8
"2026-03-02 15:22:01",4138,3480,61534,0,,8.05,127.5,-2.35,30.3,,1.8
"2026-03-02 15:22:02",4140,3482,61517,0,,8.35,115.1,-2.44,30.2,,1.9
"2026-03-02 15:22:03",4142,3484,61500,-36.905865,-71.554377,8.3,123.5,-2.38,30.2,,1.9
"2026-03-02 15:22:04",4145,3487,61482,0,,7.7,132.7,-2.26,30.15,,2
"2026-03-02 15:22:05",4147,3489,61464,0,,7.7,132.7,-2.38,30.15,,2
"2026-03-02 15:22:06",4149,3491,61446,-36.905938,-71.554227,9.35,118.2,-2.48,30.05,,1.9
"2026-03-02 15:22:07",4151,3493,61430,0,,9.35,118.2,-2.38,30,,1.9
"2026-03-02 15:22:08",4153,3495,61415,0,,6.9,121.6,-2.46,29.95,,1.9
"2026-03-02 15:22:09",4155,3497,61400,-36.906098,-71.553925,9.55,118.2,-2.48,29.9,,1.9
"2026-03-02 15:22:10",4157,3499,61387,0,,,,-2.38,29.85,,1.8
"2026-03-02 15:22:11",4159,3501,61373,0,,,,-2.52,29.75,,1.9
"2026-03-02 15:22:12",4160,3502,61360,0,,,,-2.59,29.65,26,2
"2026-03-02 15:22:13",4163,3505,61343,0,,9,127.6,-2.6,29.55,,2.1
"2026-03-02 15:22:14",4165,3507,61327,0,,6.95,125.8,-2.69,29.45,,2
"2026-03-02 15:22:15",4167,3509,61312,-36.90634,-71.553498,8.8,132.9,-2.51,29.25,,2
"2026-03-02 15:22:16",4169,3511,61295,0,,8.3,115.8,-2.61,29.05,,2
"2026-03-02 15:22:17",4171,3513,61278,0,,8.3,115.8,-2.56,28.85,,2
"2026-03-02 15:22:18",4173,3515,61262,-36.906462,-71.553287,8.05,135.5,-2.54,28.55,,2
"2026-03-02 15:22:19",4175,3517,61246,0,,8.35,114.4,-2.66,28.35,,2
"2026-03-02 15:22:20",4177,3519,61231,0,,8.35,114.4,-2.59,28.1,,2
"2026-03-02 15:22:21",4179,3521,61216,-36.90658,-71.55307,7.8,135.8,-2.52,27.75,,2
"2026-03-02 15:22:23",4183,3525,61190,0,,7.2,127,-2.6,27.2,,2
"2026-03-02 15:22:24",4184,3526,61178,-36.906695,-71.552853,7.2,131.5,-2.67,26.9,,2
"2026-03-02 15:22:26",4189,3531,61144,0,,8.95,114.6,-2.53,26.45,,2
"2026-03-02 15:22:27",4191,3533,61128,-36.90681,-71.552637,6.85,129.3,-2.48,26.2,,2
"2026-03-02 15:22:29",4196,3538,61090,0,,8.6,128.4,-2.63,25.8,,2.1
"2026-03-02 15:22:30",4198,3540,61072,-36.906928,-71.552418,7.35,130.7,-2.55,25.6,,2.1
"2026-03-02 15:22:32",4202,3544,61042,0,,8.75,129.5,-2.39,25.25,,2.1
"2026-03-02 15:22:33",4204,3546,61028,-36.907042,-71.5522,7.35,126.6,-2.34,25.1,,2
"2026-03-02 15:22:35",4207,3549,61003,0,,9.1,124.2,-2.59,24.9,,2
"2026-03-02 15:22:36",4208,3550,60992,-36.907155,-71.55198,7.5,128.9,-2.52,24.8,,2
"2026-03-02 15:22:38",4213,3555,60956,0,,6.55,114.4,-2.59,24.75,,2.1
"2026-03-02 15:22:39",4216,3558,60938,-36.907267,-71.551763,7.15,130.1,-2.53,24.65,25.75,2.1
"2026-03-02 15:22:42",4222,3564,60888,-36.907375,-71.55155,7.2,120.4,-2.73,24.8,,2
"2026-03-02 15:22:43",4224,3566,60874,0,,6.15,124.7,-2.82,24.75,,2
"2026-03-02 15:22:44",4226,3568,60860,0,,8.85,130.4,-2.93,24.8,,2
"2026-03-02 15:22:45",4227,3569,60846,-36.90749,-71.551338,7.6,120.1,-2.9,24.85,,2
"2026-03-02 15:22:46",4230,3572,60827,0,,6.75,119.4,-3.03,24.9,,2
"2026-03-02 15:22:47",4232,3574,60809,0,,8.1,133,-2.99,25,,2
"2026-03-02 15:22:48",4235,3577,60792,-36.907602,-71.551122,7.8,115.3,-2.98,25,,2.1
"2026-03-02 15:22:49",4236,3578,60777,0,,7.65,121.4,-3.07,25.05,,2.2
"2026-03-02 15:22:50",4238,3580,60762,0,,7.65,121.4,-2.86,25.05,,2.1
"2026-03-02 15:22:51",4240,3582,60748,-36.907717,-71.550908,6.8,115.8,-2.92,25.1,,2.1
"2026-03-02 15:22:52",4243,3585,60730,0,,8,119.3,-2.9,25.1,,2.1
"2026-03-02 15:22:53",4245,3587,60713,0,,8,119.3,-2.73,25.15,,2.1
"2026-03-02 15:22:54",4247,3589,60696,-36.907832,-71.550687,7.4,117.2,-2.71,25.15,,2.1
"2026-03-02 15:22:55",4249,3591,60683,0,,7.8,120.8,-2.88,25.15,,2.1
"2026-03-02 15:22:56",4250,3592,60671,0,,7.8,120.8,-2.94,25.15,,2.1
"2026-03-02 15:22:57",4252,3594,60660,-36.90794,-71.550462,7.6,114.6,-2.9,25.15,,2
"2026-03-02 15:22:58",4254,3596,60642,0,,7.15,120.4,-3.08,25.15,,2
"2026-03-02 15:22:59",4256,3598,60625,0,,8.25,131.7,-3.22,25.15,,2
"2026-03-02 15:23:00",4259,3601,60608,-36.90805,-71.550253,7.7,116.9,-3.29,25.2,,2
"2026-03-02 15:23:01",4261,3603,60588,0,,7.7,116.9,-3.29,25.15,,2.1
"2026-03-02 15:23:02",4264,3606,60569,0,,7.85,127.9,-3.1,25.2,,2.1
"2026-03-02 15:23:03",4266,3608,60550,-36.908123,-71.550103,8.7,112.9,-3.12,25.25,,2.2
"2026-03-02 15:23:04",4268,3610,60535,0,,8.7,112.9,-3.18,25.25,,2.1
"2026-03-02 15:23:05",4270,3612,60520,0,,7.2,124.6,-3.12,25.3,,2.1
"2026-03-02 15:23:06",4272,3614,60506,-36.908262,-71.549803,8.85,113.7,-3.09,25.3,25.75,2.1
"2026-03-02 15:23:07",4274,3616,60490,0,,7.75,123.7,-3.05,25.3,,2.1
"2026-03-02 15:23:08",4276,3618,60475,0,,7.75,123.7,-3.07,25.3,,2.1
"2026-03-02 15:23:09",4278,3620,60460,-36.908328,-71.549662,7.95,113.1,-3.2,25.3,,2.2
"2026-03-02 15:23:11",4282,3624,60426,0,,7.3,120.6,-3.46,25.25,,2.2
"2026-03-02 15:23:12",4285,3627,60410,-36.908468,-71.549358,7.8,108.2,-3.55,25.25,,2.2
"2026-03-02 15:23:13",4287,3629,60391,0,,7.8,108.2,-3.67,25.25,,2.2
"2026-03-02 15:23:14",4290,3632,60371,0,,8.2,123.7,-3.67,25.3,,2.2
"2026-03-02 15:23:15",4292,3634,60352,-36.908543,-71.54921,7.65,112.2,-3.7,25.35,,2.2
"2026-03-02 15:23:16",4294,3636,60335,0,,7.6,112.2,-3.75,25.35,,2.2
"2026-03-02 15:23:17",4296,3638,60319,0,,8.25,123.4,-3.7,25.4,,2.2
"2026-03-02 15:23:18",4299,3641,60304,-36.908678,-71.548915,8.2,114.8,-3.67,25.5,,2.2
"2026-03-02 15:23:19",4300,3642,60290,0,,6.65,126.2,-3.57,25.55,,2.2
"2026-03-02 15:23:20",4302,3644,60277,0,,7.75,116,-3.46,25.6,,2.2
"2026-03-02 15:23:21",4304,3646,60264,-36.908778,-71.548693,8.3,115.3,-3.39,25.65,,2.1
"2026-03-02 15:23:28",4320,3662,60139,0,,7.2,127.8,-2.97,25.55,,2.2
"2026-03-02 15:23:29",4323,3665,60121,0,,8,107.7,-3.05,25.4,,2.2
"2026-03-02 15:23:30",4325,3667,60104,-36.90907,-71.548038,7.75,123.1,-3.04,25.3,,2.2
"2026-03-02 15:23:31",4326,3668,60093,0,,7.75,123.1,-2.98,25.15,,2.2
"2026-03-02 15:23:32",4328,3670,60083,0,,8.6,109.6,-3.1,25,,2.1
"2026-03-02 15:23:33",4329,3671,60074,-36.909132,-71.547882,7.4,122.4,-3.1,24.9,25.75,2.1
"2026-03-02 15:23:37",4339,3681,59995,0,,,,-3.22,24.35,,2.2
"2026-03-02 15:23:38",4342,3684,59975,0,,,,-3.31,24.25,,2.2
"2026-03-02 15:23:39",4345,3687,59956,0,,,,-3.5,24.1,,2.3
"2026-03-02 15:23:40",4346,3688,59941,0,,7.4,113.8,-3.68,23.95,,2.2
"2026-03-02 15:23:41",4348,3690,59927,0,,9.25,128.8,-3.72,23.8,,2.2
"2026-03-02 15:23:42",4350,3692,59914,-36.909502,-71.547163,7.3,116.4,-3.83,23.7,,2.1
"2026-03-02 15:23:43",4352,3694,59896,0,,7.35,116.4,-3.77,23.6,,2.1
"2026-03-02 15:23:44",4355,3697,59879,0,,9.25,127.8,-3.85,23.45,,2.2
"2026-03-02 15:23:45",4357,3699,59862,-36.909585,-71.547012,7.6,117.2,-3.91,23.35,,2.3
"2026-03-02 15:23:46",4359,3701,59845,0,,7.6,117.2,-3.87,23.25,,2.3
"2026-03-02 15:23:47",4361,3703,59828,0,,8.6,131,-3.73,23.15,,2.3
"2026-03-02 15:23:48",4363,3705,59812,-36.909727,-71.546727,8.35,112.8,-3.83,23,,2.3
"2026-03-02 15:23:49",4366,3708,59792,0,,6.9,122,-3.69,22.9,,2.2
"2026-03-02 15:23:50",4368,3710,59774,0,,7.6,133.2,-3.61,22.75,,2.2
"2026-03-02 15:23:51",4371,3713,59756,-36.90984,-71.546512,8.35,112.5,-3.68,22.7,,2.2
"2026-03-02 15:23:52",4373,3715,59740,0,,8.35,112.5,-3.72,22.6,,2.2
"2026-03-02 15:23:53",4375,3717,59724,0,,7.55,134.6,-3.63,22.5,,2.2
"2026-03-02 15:23:54",4377,3719,59708,-36.909925,-71.546372,8.95,113.7,-3.76,22.4,,2.3
"2026-03-02 15:23:55",4380,3722,59691,0,,8.95,113.7,-3.91,22.2,,2.3
"2026-03-02 15:23:56",4382,3724,59674,0,,7.15,133.2,-3.83,22.1,,2.3
"2026-03-02 15:23:57",4384,3726,59658,-36.910035,-71.546155,8,115.2,-3.85,22,,2.3
"2026-03-02 15:23:58",4386,3728,59642,0,,8.05,115.2,-3.86,21.85,,2.2
"2026-03-02 15:23:59",4388,3730,59627,0,,7.45,132.2,-3.96,21.7,,2.2
"2026-03-02 15:24:00",4390,3732,59612,-36.910187,-71.545862,6.8,114,-4.04,21.6,25.5,2.2
"2026-03-02 15:24:01",4393,3735,59593,0,,6.8,114,-4.01,21.5,,2.2
"2026-03-02 15:24:02",4395,3737,59574,0,,8,131.4,-4.15,21.35,,2.2
"2026-03-02 15:24:03",4397,3739,59556,-36.910308,-71.545648,6.45,115.7,-4.22,21.25,,2.2
"2026-03-02 15:24:04",4400,3742,59537,0,,,,-4.12,21.1,,2.2
"2026-03-02 15:24:05",4402,3744,59518,0,,,,-4.19,21.05,,2.3
"2026-03-02 15:24:06",4405,3747,59500,0,,,,-4.18,20.95,,2.3
"2026-03-02 15:24:07",4407,3749,59484,0,,,,-4.06,20.9,,2.3
"2026-03-02 15:24:08",4409,3751,59469,0,,,,-4.12,20.8,,2.3
"2026-03-02 15:24:09",4411,3753,59454,0,,,,-4.18,20.7,,2.3
"2026-03-02 15:24:11",4416,3758,59416,0,,8.65,125.2,-4.07,20.55,,2.3
"2026-03-02 15:24:12",4419,3761,59398,-36.910675,-71.54499,7.9,115.5,-4.16,20.5,,2.4
"2026-03-02 15:24:13",4421,3763,59382,0,,7.85,115.5,-3.93,20.45,,2.4
"2026-03-02 15:24:14",4423,3765,59367,0,,8.9,123.3,-3.96,20.4,,2.3
"2026-03-02 15:24:15",4425,3767,59352,-36.910755,-71.54484,7.5,115.8,-4.04,20.35,,2.3
"2026-03-02 15:24:16",4427,3769,59334,0,,,,-3.89,20.25,,2.3
"2026-03-02 15:24:17",4429,3771,59316,0,,,,-4.02,20.2,,2.3
"2026-03-02 15:24:18",4432,3774,59298,0,,,,-4.14,20.1,,2.3
"2026-03-02 15:24:19",4434,3776,59281,0,,8,119.7,-3.98,20,,2.2
"2026-03-02 15:24:20",4436,3778,59265,0,,8.4,119,-4.04,19.9,,2.3
"2026-03-02 15:24:21",4438,3780,59250,-36.911037,-71.544332,8.4,120.9,-4.19,19.9,,2.3
"2026-03-02 15:24:22",4441,3783,59229,0,,7.6,134.8,-4.06,19.85,,2.3
"2026-03-02 15:24:23",4444,3786,59209,0,,7.6,134.8,-4.22,19.8,,2.3
"2026-03-02 15:24:24",4446,3788,59190,-36.911152,-71.544113,8.2,119.8,-4.24,19.75,,2.3
"2026-03-02 15:24:26",4451,3793,59152,0,,,,-4.42,19.65,,2.4
"2026-03-02 15:24:27",4454,3796,59134,0,,,,-4.38,19.6,25,2.4
"2026-03-02 15:24:28",4456,3798,59115,0,,,,-4.38,19.6,,2.4
"2026-03-02 15:24:29",4459,3801,59097,0,,,,-4.48,19.55,,2.4
"2026-03-02 15:24:30",4461,3803,59080,0,,,,-4.43,19.5,,2.4
"2026-03-02 15:24:31",4463,3805,59063,0,,6.75,120.2,-4.38,19.45,,2.4
"2026-03-02 15:24:32",4465,3807,59046,0,,6.75,120.2,-4.49,19.45,,2.4
"2026-03-02 15:24:33",4468,3810,59030,-36.911492,-71.543462,7.35,118.4,-4.44,19.4,,2.4
"2026-03-02 15:24:34",4470,3812,59011,0,,,,-4.43,19.4,,2.4
"2026-03-02 15:24:35",4473,3815,58992,0,,,,-4.55,19.35,,2.4
"2026-03-02 15:24:36",4475,3817,58974,0,,,,-4.48,19.3,,2.4
"2026-03-02 15:24:37",4477,3819,58956,0,,7.3,123.9,-4.42,19.25,,2.4
"2026-03-02 15:24:38",4480,3822,58939,0,,8.55,109.8,-4.55,19.15,,2.4
"2026-03-02 15:24:39",4482,3824,58922,-36.911685,-71.543075,7.75,123,-4.43,19.1,,2.4
"2026-03-02 15:24:40",4484,3826,58905,0,,7.75,123,-4.34,19.05,,2.3
"2026-03-02 15:24:41",4487,3829,58888,0,,8.65,111.3,-4.46,18.95,,2.3
"2026-03-02 15:24:42",4489,3831,58872,-36.911845,-71.542777,7.3,124.8,-4.4,18.85,,2.3
"2026-03-02 15:24:43",4491,3833,58855,0,,8.3,130.8,-4.33,18.75,,2.3
"2026-03-02 15:24:44",4493,3835,58837,0,,8.3,130.8,-4.49,18.65,,2.3
"2026-03-02 15:24:45",4496,3838,58820,-36.911962,-71.54254,7.25,121.4,-4.55,18.55,,2.3
"2026-03-02 15:24:46",4499,3841,58799,0,,8.2,127.9,-4.41,18.45,,2.4
"2026-03-02 15:24:47",4501,3843,58778,0,,9.95,114.3,-4.55,18.25,,2.4
"2026-03-02 15:24:48",4504,3846,58758,-36.912082,-71.5423,7.4,122.3,-4.5,18.2,,2.4
"2026-03-02 15:24:49",4506,3848,58742,0,,8.05,131,-4.37,18.05,,2.4
"2026-03-02 15:24:50",4508,3850,58727,0,,9.45,114.2,-4.48,17.95,,2.4
"2026-03-02 15:24:51",4510,3852,58712,-36.912192,-71.542063,7.2,118.6,-4.48,17.85,,2.3
"2026-03-02 15:24:53",4516,3858,58672,0,,8.15,124.5,-4.58,17.6,,2.4
"2026-03-02 15:24:54",4518,3860,58652,-36.912303,-71.541818,7.9,123.1,-4.47,17.5,24.5,2.5
"2026-03-02 15:24:56",4523,3865,58617,0,,,,-4.57,17.35,,2.5
"2026-03-02 15:24:57",4525,3867,58600,0,,,,-4.58,17.25,,2.5
"2026-03-02 15:24:58",4528,3870,58581,0,,,,-4.65,17.2,,2.4
"2026-03-02 15:24:59",4531,3873,58562,0,,,,-4.81,17.05,,2.4
"2026-03-02 15:25:00",4533,3875,58544,0,,,,-4.76,17,,2.4
"2026-03-02 15:25:02",4536,3878,58520,0,,9.25,119.3,-4.65,16.8,,2.3
"2026-03-02 15:25:03",4538,3880,58508,-36.912565,-71.541148,9.5,114.9,-4.58,16.7,,2.3
"2026-03-02 15:25:04",4541,3883,58486,0,,,,-4.71,16.6,,2.3
"2026-03-02 15:25:05",4543,3885,58466,0,,,,-4.91,16.5,,2.3
"2026-03-02 15:25:06",4546,3888,58446,0,,,,-5.09,16.4,,2.3
"2026-03-02 15:25:07",4549,3891,58428,0,,,,-5.18,16.25,,2.3
"2026-03-02 15:25:08",4551,3893,58410,0,,,,-5.27,16.15,,2.3
"2026-03-02 15:25:09",4553,3895,58392,0,,,,-5.37,16,,2.3
"2026-03-02 15:25:19",4576,3918,58221,0,,7.7,121.6,-5.23,15.1,,2.3
"2026-03-02 15:25:20",4579,3921,58204,0,,7.7,121.6,-5.3,14.95,,2.3
"2026-03-02 15:25:21",4581,3923,58188,-36.913098,-71.539663,8.4,122.5,-5.36,14.85,25,2.3
"2026-03-02 15:25:22",4584,3926,58168,0,,7.35,116.2,-5.25,14.8,,2.3
"2026-03-02 15:25:23",4586,3928,58150,0,,7.35,116.2,-5.36,14.65,,2.3
"2026-03-02 15:25:24",4589,3931,58132,-36.913187,-71.539415,8.85,123.5,-5.32,14.6,,2.3
"2026-03-02 15:25:28",4597,3939,58067,0,,8.35,118.8,-5.39,14.15,,2.3
"2026-03-02 15:25:29",4600,3942,58051,0,,8.45,101.2,-5.45,14.05,,2.3
"2026-03-02 15:25:30",4602,3944,58036,-36.913383,-71.538827,8.8,113.4,-5.45,14,,2.3
"2026-03-02 15:25:31",4603,3945,58024,0,,7.55,124.7,-5.26,13.9,,2.2
"2026-03-02 15:25:32",4605,3947,58013,0,,7.55,124.7,-5.31,13.85,,2.2
"2026-03-02 15:25:33",4606,3948,58002,-36.91343,-71.538648,8.55,113.6,-5.14,13.8,,2.1
"2026-03-02 15:25:34",4609,3951,57980,0,,8.55,113.6,-5.08,13.75,,2.2
"2026-03-02 15:25:35",4612,3954,57957,0,,7.85,102.1,-5.18,13.6,,2.2
"2026-03-02 15:25:36",4616,3958,57934,-36.913542,-71.538318,8.65,112,-5.29,13.55,,2.3
"2026-03-02 15:25:37",4618,3960,57916,0,,,,-5.1,13.5,,2.3
"2026-03-02 15:25:38",4620,3962,57898,0,,,,-5.18,13.4,,2.3
"2026-03-02 15:25:39",4623,3965,57880,0,,,,-5.15,13.35,,2.3
"2026-03-02 15:25:40",4624,3966,57868,0,,,,-5.18,13.35,,2.2
"2026-03-02 15:25:41",4626,3968,57856,0,,,,-5.32,13.25,,2.2
"2026-03-02 15:25:42",4628,3970,57844,0,,,,-5.31,13.2,,2.2
"2026-03-02 15:25:43",4631,3973,57817,0,,7.8,116.3,-5.45,13.15,,2.3
"2026-03-02 15:25:44",4635,3977,57792,0,,7.8,116.3,-5.4,13.1,,2.4
"2026-03-02 15:25:45",4638,3980,57768,-36.913742,-71.537645,6.85,108.4,-5.45,13.05,,2.6
"2026-03-02 15:25:46",4640,3982,57754,0,,7.95,112.5,-5.53,13.05,,2.6
"2026-03-02 15:25:47",4642,3984,57740,0,,7.95,112.5,-5.51,13,,2.5
"2026-03-02 15:25:48",4644,3986,57726,-36.913818,-71.537392,7.25,112.8,-5.38,12.95,25,2.4
"2026-03-02 15:25:49",4646,3988,57707,0,,8.25,111.5,-5.5,12.9,,2.4
"2026-03-02 15:25:50",4649,3991,57688,0,,9.3,108.5,-5.62,12.85,,2.4
"2026-03-02 15:25:51",4652,3994,57670,-36.913918,-71.537062,6.35,115.7,-5.52,12.8,,2.4
"2026-03-02 15:25:52",4654,3996,57652,0,,8,108.1,-5.61,12.8,,2.5
"2026-03-02 15:25:53",4656,3998,57634,0,,8,108.1,-5.53,12.75,,2.5
"2026-03-02 15:25:54",4659,4001,57616,-36.913967,-71.536883,6.85,114.5,-5.59,12.75,,2.6
"2026-03-02 15:25:56",4662,4004,57590,0,,9.35,105.6,-5.67,12.7,,2.4
"2026-03-02 15:25:57",4664,4006,57578,-36.914062,-71.536548,6.9,114.7,-5.51,12.7,,2.3
"2026-03-02 15:25:58",4666,4008,57561,0,,6.9,114.7,-5.61,12.7,,2.2
"2026-03-02 15:25:59",4669,4011,57544,0,,9,108.2,-5.7,12.65,,2.2
"2026-03-02 15:26:00",4671,4013,57528,-36.914135,-71.536295,6.8,107.1,-5.68,12.65,,2.2
"2026-03-02 15:26:01",4675,4017,57500,0,,8.05,115.6,-5.81,12.6,,2.4
"2026-03-02 15:26:02",4678,4020,57473,0,,8.05,115.6,-5.79,12.6,,2.5
"2026-03-02 15:26:03",4682,4024,57446,-36.91418,-71.536118,6.4,107.2,-5.83,12.6,,2.6
"2026-03-02 15:26:04",4684,4026,57431,0,,6.4,107.2,-5.93,12.6,,2.5
"2026-03-02 15:26:05",4686,4028,57416,0,,9.65,104.8,-5.97,12.6,,2.5
"2026-03-02 15:26:06",4688,4030,57402,-36.91427,-71.535782,7.3,110.9,-5.84,12.6,,2.4
"2026-03-02 15:26:07",4690,4032,57385,0,,,,-5.9,12.55,,2.4
"2026-03-02 15:26:08",4693,4035,57368,0,,,,-5.97,12.6,,2.4
"2026-03-02 15:26:09",4695,4037,57352,0,,,,-5.8,12.6,,2.5
"2026-03-02 15:26:11",4700,4042,57315,0,,9.4,99.3,-5.88,12.6,,2.6
"2026-03-02 15:26:12",4702,4044,57298,-36.914395,-71.535263,7.4,114.8,-5.76,12.6,,2.6
"2026-03-02 15:26:13",4705,4047,57279,0,,7.4,107.6,-5.82,12.6,,2.5
"2026-03-02 15:26:14",4707,4049,57260,0,,7.4,107.6,-5.92,12.6,,2.4
"2026-03-02 15:26:15",4710,4052,57242,-36.914453,-71.535002,7.4,109.7,-5.78,12.6,25,2.3
"2026-03-02 15:26:16",4712,4054,57224,0,,7.4,109.7,-5.64,12.6,,2.4
"2026-03-02 15:26:17",4715,4057,57207,0,,9,104.3,-5.78,12.55,,2.4
"2026-03-02 15:26:18",4717,4059,57190,-36.914508,-71.534742,7.4,102.8,-5.98,12.55,,2.4
"2026-03-02 15:26:19",4720,4062,57173,0,,7.4,102.8,-6.16,12.55,,2.4
"2026-03-02 15:26:20",4722,4064,57155,0,,9.35,106.3,-6.25,12.55,,2.4
"2026-03-02 15:26:21",4724,4066,57138,-36.91456,-71.534465,8.05,95.6,-6.37,12.55,,2.4
"2026-03-02 15:26:22",4727,4069,57117,0,,,,-6.49,12.5,,2.5
"2026-03-02 15:26:23",4730,4072,57097,0,,,,-6.53,12.5,,2.5
"2026-03-02 15:26:24",4733,4075,57078,0,,,,-6.62,12.5,,2.5
"2026-03-02 15:26:25",4734,4076,57063,0,,,,-6.67,12.45,,2.5
"2026-03-02 15:26:26",4736,4078,57049,0,,,,-6.66,12.45,,2.4
"2026-03-02 15:26:27",4738,4080,57036,0,,,,-6.54,12.45,,2.4
"2026-03-02 15:26:28",4741,4083,57015,0,,8.8,108.6,-6.39,12.45,,2.4
"2026-03-02 15:26:29",4744,4086,56995,0,,8.95,110,-6.29,12.4,,2.4
"2026-03-02 15:26:30",4747,4089,56976,-36.914703,-71.533615,7.95,97.1,-6.19,12.35,,2.4
"2026-03-02 15:26:31",4748,4090,56963,0,,8,97.1,-6.09,12.3,,2.4
"2026-03-02 15:26:32",4750,4092,56950,0,,9.45,106.6,-5.94,12.3,,2.3
"2026-03-02 15:26:33",4752,4094,56938,-36.91474,-71.533325,7.6,96.5,-5.93,12.25,,2.3
"2026-03-02 15:26:34",4754,4096,56919,0,,9.45,92.9,-5.96,12.2,,2.3
"2026-03-02 15:26:35",4757,4099,56900,0,,9.2,107,-6.1,12.1,,2.3
"2026-03-02 15:26:36",4760,4102,56882,-36.914785,-71.533048,7.8,98.2,-6.04,12.05,,2.3
"2026-03-02 15:26:37",4762,4104,56864,0,,,,-6.01,12.05,,2.3
"2026-03-02 15:26:38",4764,4106,56847,0,,,,-5.93,12,,2.3
"2026-03-02 15:26:39",4767,4109,56830,0,,,,-5.93,12,,2.3
"2026-03-02 15:26:41",4772,4114,56791,0,,9.15,98.3,-6.29,11.9,,2.4
"2026-03-02 15:26:42",4775,4117,56772,-36.914862,-71.532472,7.65,91.6,-6.35,11.85,24.5,2.4
"2026-03-02 15:26:43",4777,4119,56756,0,,9.2,107.8,-6.23,11.85,,2.4
"2026-03-02 15:26:44",4779,4121,56741,0,,9.2,107.8,-6.16,11.85,,2.4
"2026-03-02 15:26:45",4781,4123,56726,-36.914887,-71.53227,7.85,89.5,-6.19,11.8,,2.4
"2026-03-02 15:26:46",4783,4125,56709,0,,,,-6.33,11.75,,2.4
"2026-03-02 15:26:47",4786,4128,56691,0,,,,-6.4,11.75,,2.4
"2026-03-02 15:26:48",4788,4130,56674,0,,,,-6.5,11.7,,2.4
"2026-03-02 15:26:49",4790,4132,56658,0,,9.15,103.6,-6.63,11.65,,2.4
"2026-03-02 15:26:50",4792,4134,56644,0,,8.45,102.9,-6.73,11.6,,2.3
"2026-03-02 15:26:51",4794,4136,56630,-36.914975,-71.53159,7.9,94.8,-6.59,11.55,,2.3
"2026-03-02 15:26:52",4797,4139,56611,0,,7.9,94.8,-6.44,11.5,,2.3
"2026-03-02 15:26:53",4800,4142,56592,0,,9,101.7,-6.44,11.4,,2.3
"2026-03-02 15:26:54",4802,4144,56574,-36.91501,-71.531293,7.95,93.2,-6.33,11.35,,2.3
"2026-03-02 15:26:56",4807,4149,56539,0,,,,-6.45,11.3,,2.3
"2026-03-02 15:26:57",4809,4151,56522,0,,,,-6.52,11.3,,2.3
"2026-03-02 15:26:58",4812,4154,56506,0,,,,-6.58,11.3,,2.3
"2026-03-02 15:26:59",4814,4156,56491,0,,,,-6.71,11.3,,2.3
"2026-03-02 15:27:00",4816,4158,56476,0,,,,-6.74,11.25,,2.3
"2026-03-02 15:27:01",4818,4160,56459,0,,,,-6.75,11.25,,2.3
"2026-03-02 15:27:02",4820,4162,56443,0,,,,-6.84,11.2,,2.3
"2026-03-02 15:27:03",4822,4164,56428,0,,,,-6.89,11.2,,2.3
"2026-03-02 15:27:04",4825,4167,56412,0,,,,-6.95,11.15,,2.3
"2026-03-02 15:27:05",4827,4169,56397,0,,,,-6.85,11.15,,2.3
"2026-03-02 15:27:06",4829,4171,56382,0,,,,-6.62,11.1,,2.3
"2026-03-02 15:27:07",4831,4173,56366,0,,9.05,93.2,-6.55,11.05,,2.2
"2026-03-02 15:27:08",4833,4175,56351,0,,9.05,93.2,-6.4,11.05,,2.2
"2026-03-02 15:27:09",4835,4177,56336,-36.91528,-71.529828,9.8,107.9,-6.33,11,24.25,2.2
"2026-03-02 15:27:11",4841,4183,56294,0,,8.4,105.3,-6.63,10.95,,2.3
"2026-03-02 15:27:12",4844,4186,56274,-36.915335,-71.529528,9.55,111.3,-6.7,10.9,,2.3
"2026-03-02 15:27:13",4846,4188,56256,0,,9.4,96.2,-6.84,10.85,,2.4
"2026-03-02 15:27:14",4849,4191,56239,0,,9.4,96.2,-6.99,10.8,,2.4
"2026-03-02 15:27:15",4851,4193,56222,-36.91538,-71.529218,10.85,101,-6.99,10.75,,2.4
"2026-03-02 15:27:16",4853,4195,56206,0,,9.55,99.5,-6.89,10.6,,2.4
"2026-03-02 15:27:17",4855,4197,56192,0,,7.25,105,-6.86,10.6,,2.4
"2026-03-02 15:27:18",4857,4199,56178,-36.91543,-71.528917,10.55,102.3,-6.77,10.55,,2.4
"2026-03-02 15:27:19",4859,4201,56162,0,,9.85,100.1,-6.63,10.5,,2.4
"2026-03-02 15:27:20",4862,4204,56147,0,,7.5,103,-6.58,10.5,,2.4
"2026-03-02 15:27:21",4864,4206,56132,-36.915478,-71.52862,9.9,103.4,-6.59,10.45,,2.4
"2026-03-02 15:27:22",4865,4207,56124,0,,,,-6.69,10.4,,2.3
"2026-03-02 15:27:23",4866,4208,56117,0,,,,-6.86,10.4,,2.2
"2026-03-02 15:27:24",4867,4209,56110,0,,,,-7.07,10.35,,2
"2026-03-02 15:27:26",4872,4214,56072,0,,7.8,95.9,-7.07,10.25,,2
"2026-03-02 15:27:27",4875,4217,56054,-36.915582,-71.528013,9.95,107.5,-7.07,10.25,,2
"2026-03-02 15:27:29",4879,4221,56023,0,,7.6,98.4,-7.15,10.25,,2
"2026-03-02 15:27:30",4881,4223,56008,-36.915627,-71.527713,10,99.4,-7.08,10.2,,2
"2026-03-02 15:27:31",4882,4224,55999,0,,,,-7.15,10.25,,1.9
"2026-03-02 15:27:32",4883,4225,55990,0,,,,-7.05,10.25,,1.8
"2026-03-02 15:27:33",4885,4227,55982,0,,,,-7.07,10.2,,1.7
"2026-03-02 15:27:35",4890,4232,55945,0,,7.65,110.7,-7.03,10.2,,2
"2026-03-02 15:27:36",4892,4234,55928,-36.915712,-71.527113,9.5,88.8,-7.07,10.15,24.25,2.1
"2026-03-02 15:27:38",4897,4239,55890,0,,8.65,109.3,-7.02,10.15,,2.1
"2026-03-02 15:27:39",4900,4242,55872,-36.915755,-71.526812,9.7,94.2,-7.07,10.1,,2.1
"2026-03-02 15:27:41",4904,4246,55846,0,,8.85,113.6,-7.07,10.1,,2.1
"2026-03-02 15:27:42",4905,4247,55834,-36.9158,-71.526515,9.35,96.5,-7.07,10.05,,2
"2026-03-02 15:27:44",4909,4251,55804,0,,9.7,111,-7.07,10.1,,2.1
"2026-03-02 15:27:45",4911,4253,55790,-36.91585,-71.526212,9.05,100.4,-7.14,10.05,,2.2
"2026-03-02 15:27:47",4915,4257,55761,0,,9.6,108.1,-7.15,9.95,,2.2
"2026-03-02 15:27:48",4917,4259,55748,-36.915895,-71.525907,9.15,100.5,-7.28,9.95,,2.1
"2026-03-02 15:27:49",4920,4262,55730,0,,9.15,92.5,-7.26,9.95,,2.1
"2026-03-02 15:27:50",4922,4264,55712,0,,9.55,111.7,-7.23,9.95,,2.2
"2026-03-02 15:27:51",4925,4267,55694,-36.915948,-71.525605,8.85,103,-7.4,9.95,,2.1
"2026-03-02 15:27:52",4927,4269,55678,0,,8.8,103,-7.51,9.9,,2.1
"2026-03-02 15:27:53",4929,4271,55663,0,,8.8,103,-7.41,9.9,,2.1
"2026-03-02 15:27:54",4931,4273,55648,-36.915997,-71.52531,8.9,105.9,-7.48,9.9,,2.2
"2026-03-02 15:27:55",4934,4276,55631,0,,8.95,105.9,-7.57,9.9,,2.2
"2026-03-02 15:27:56",4936,4278,55614,0,,9.8,109.3,-7.44,9.9,,2.2
"2026-03-02 15:27:57",4938,4280,55598,-36.916052,-71.525007,8.9,108.9,-7.53,9.9,,2.2
"2026-03-02 15:27:58",4941,4283,55582,0,,8.9,108.9,-7.6,9.9,,2.2
"2026-03-02 15:27:59",4943,4285,55567,0,,10.4,105.1,-7.73,9.9,,2.2
"2026-03-02 15:28:00",4945,4287,55552,-36.916105,-71.524702,9.2,106.3,-7.77,9.9,,2.3
"2026-03-02 15:28:01",4947,4289,55534,0,,8.6,95.2,-7.84,9.9,,2.3
"2026-03-02 15:28:02",4950,4292,55518,0,,10.45,107.5,-7.91,9.85,,2.3
"2026-03-02 15:28:03",4952,4294,55502,-36.916167,-71.524392,9.65,106.4,-7.87,9.85,24,2.2
"2026-03-02 15:28:04",4954,4296,55487,0,,9.65,106.4,-7.91,9.85,,2.2
"2026-03-02 15:28:05",4956,4298,55472,0,,8.8,95.3,-7.99,9.85,,2.2
"2026-03-02 15:28:06",4958,4300,55458,-36.916233,-71.524092,9.45,108.1,-7.99,9.85,,2.2
"2026-03-02 15:28:07",4960,4302,55444,0,,8.8,98.5,-8,9.85,,2.2
"2026-03-02 15:28:08",4962,4304,55431,0,,8.8,98.5,-8.11,9.85,,2.2
"2026-03-02 15:28:09",4964,4306,55418,-36.916297,-71.523785,9.2,106.9,-8.2,9.85,,2.1
"2026-03-02 15:28:11",4969,4311,55381,0,,10.55,103.2,-8.21,9.85,,2.2
"2026-03-02 15:28:12",4971,4313,55364,-36.91636,-71.523477,9.75,108.7,-7.99,9.85,,2.2
"2026-03-02 15:28:13",4973,4315,55352,0,,,,-7.95,9.85,,2.2
"2026-03-02 15:28:14",4975,4317,55340,0,,,,-7.96,9.85,,2.1
"2026-03-02 15:28:15",4976,4318,55328,0,,,,-7.82,9.85,,2.1
"2026-03-02 15:28:16",4979,4321,55310,0,,9.4,105,-7.87,9.8,,2.1
"2026-03-02 15:28:17",4981,4323,55293,0,,10.55,109.4,-7.75,9.85,,2.1
"2026-03-02 15:28:18",4984,4326,55276,-36.916477,-71.522855,9.95,102.6,-7.69,9.8,,2.1
"2026-03-02 15:28:19",4986,4328,55262,0,,9.95,102.6,-7.82,9.85,,2.1
"2026-03-02 15:28:20",4987,4329,55249,0,,10.4,109.3,-7.87,9.85,,2.1
"2026-03-02 15:28:21",4989,4331,55236,-36.916542,-71.522545,9.75,105.9,-7.75,9.8,,2.1
"2026-03-02 15:28:22",4992,4334,55220,0,,8.55,98.4,-7.83,9.8,,2.1
"2026-03-02 15:28:23",4994,4336,55204,0,,8.55,98.4,-7.88,9.8,,2.2
"2026-03-02 15:28:24",4996,4338,55188,-36.916588,-71.52233,9.4,109,-7.72,9.75,,2.1
"2026-03-02 15:28:26",5000,4342,55157,0,,11.05,103.4,-7.87,9.7,,2.1
"2026-03-02 15:28:27",5003,4345,55142,-36.916677,-71.521915,9.5,109.2,-7.73,9.7,,2.2
"2026-03-02 15:28:28",5005,4347,55128,0,,8.65,105.3,-7.81,9.75,,2.1
"2026-03-02 15:28:29",5006,4348,55115,0,,8.65,105.3,-7.86,9.7,,2.1
"2026-03-02 15:28:30",5008,4350,55102,-36.91674,-71.521598,11.2,101.3,-7.76,9.7,23.25,2
"2026-03-02 15:28:31",5010,4352,55086,0,,8.9,105.9,-7.87,9.65,,2.1
"2026-03-02 15:28:32",5013,4355,55071,0,,11.15,105.4,-7.93,9.65,,2.1
"2026-03-02 15:28:33",5015,4357,55056,-36.916798,-71.521277,9.4,98.6,-7.9,9.6,,2.1
"2026-03-02 15:28:34",5017,4359,55037,0,,8.95,102.8,-8.05,9.6,,2.2
"2026-03-02 15:28:35",5020,4362,55017,0,,8.95,102.8,-8.04,9.55,,2.2
"2026-03-02 15:28:36",5023,4365,54998,-36.916863,-71.520963,9.2,99.2,-8.07,9.55,,2.2
"2026-03-02 15:28:37",5025,4367,54985,0,,9.1,102.9,-8.05,9.6,,2.2
"2026-03-02 15:28:38",5026,4368,54973,0,,9.1,102.9,-7.92,9.6,,2.2
"2026-03-02 15:28:39",5028,4370,54962,-36.916933,-71.520643,9.25,100.9,-7.96,9.55,,2.1
"2026-03-02 15:28:40",5030,4372,54946,0,,8.95,103,-8.12,9.55,,2.1
"2026-03-02 15:28:41",5032,4374,54931,0,,8.95,103,-8.15,9.55,,2.2
"2026-03-02 15:28:42",5035,4377,54916,-36.917005,-71.520327,11.25,110.3,-8.14,9.55,,2.2
"2026-03-02 15:28:43",5036,4378,54903,0,,8.95,100.4,-8.2,9.5,,2.2
"2026-03-02 15:28:44",5038,4380,54890,0,,11.3,106,-8.2,9.5,,2.1
"2026-03-02 15:28:45",5040,4382,54878,-36.91708,-71.520003,9.55,111.8,-8.05,9.5,,2.1
"2026-03-02 15:28:46",5042,4384,54863,0,,9.25,102.1,-8.17,9.5,,2.1
"2026-03-02 15:28:47",5044,4386,54848,0,,11.35,101.4,-8.25,9.45,,2
"2026-03-02 15:28:48",5046,4388,54834,-36.917152,-71.519677,9.6,112.6,-8.11,9.45,,1.9
"2026-03-02 15:28:49",5048,4390,54821,0,,9,104.5,-8.2,9.5,,1.9
"2026-03-02 15:28:50",5050,4392,54808,0,,11.6,101,-8.21,9.45,,1.9
"2026-03-02 15:28:51",5052,4394,54796,-36.917225,-71.519347,9.8,113,-8.03,9.45,,1.9
"2026-03-02 15:28:52",5054,4396,54783,0,,9.35,101.3,-8.12,9.45,,2
"2026-03-02 15:28:53",5055,4397,54770,0,,11.45,98.6,-8.2,9.4,,1.9
"2026-03-02 15:28:54",5057,4399,54758,-36.917297,-71.519015,10.2,113.6,-8.03,9.4,,1.9
"2026-03-02 15:28:55",5059,4401,54741,0,,9.15,106.3,-8.1,9.4,,1.9
"2026-03-02 15:28:56",5062,4404,54724,0,,10.85,94.5,-8.2,9.35,,2
"2026-03-02 15:28:57",5064,4406,54708,-36.917362,-71.518683,10.75,111.8,-8.17,9.35,22.25,2
"2026-03-02 15:28:58",5066,4408,54696,0,,10.75,111.8,-8.15,9.35,,2
"2026-03-02 15:28:59",5068,4410,54684,0,,10.8,96.2,-8.26,9.35,,2
"2026-03-02 15:29:00",5069,4411,54672,-36.917427,-71.51834,11.75,108.2,-8.16,9.3,,1.9
"2026-03-02 15:29:01",5072,4414,54656,0,,9.05,103.9,-8.15,9.35,,1.9
"2026-03-02 15:29:02",5074,4416,54641,0,,9.05,103.9,-8.25,9.35,,2
"2026-03-02 15:29:03",5076,4418,54626,-36.917492,-71.518012,11.15,109.2,-8.3,9.3,,2
"2026-03-02 15:29:04",5078,4420,54612,0,,10.1,102.5,-8.27,9.3,,2
"2026-03-02 15:29:05",5080,4422,54599,0,,9.6,97.7,-8.36,9.3,,2
"2026-03-02 15:29:06",5082,4424,54586,-36.917558,-71.51767,11.15,109.8,-8.2,9.25,,2
"2026-03-02 15:29:07",5084,4426,54572,0,,10.75,100.6,-8.27,9.25,,2
"2026-03-02 15:29:08",5085,4427,54559,0,,10.75,100.6,-8.41,9.2,,2
"2026-03-02 15:29:09",5087,4429,54546,-36.91763,-71.517318,11.8,113.3,-8.3,9.2,,2
"2026-03-02 15:29:11",5090,4432,54525,0,,11,99.6,-8.41,9.15,,1.9
"2026-03-02 15:29:12",5092,4434,54516,-36.917668,-71.517083,10,95.9,-8.27,9.15,,1.9
"2026-03-02 15:29:13",5094,4436,54500,0,,,,-8.22,9.15,,1.9
"2026-03-02 15:29:14",5096,4438,54485,0,,,,-8.37,9.15,,1.9
"2026-03-02 15:29:15",5098,4440,54470,0,,,,-8.47,9.1,,1.9
"2026-03-02 15:29:16",5100,4442,54455,0,,11,107.3,-8.38,9.1,,1.9
"2026-03-02 15:29:17",5102,4444,54441,0,,10.05,99.1,-8.48,9.05,,1.9
"2026-03-02 15:29:18",5104,4446,54428,-36.917858,-71.516257,11.45,110.6,-8.44,9.05,,1.9
"2026-03-02 15:29:19",5106,4448,54415,0,,11.5,110.6,-8.37,9,,1.9
"2026-03-02 15:29:20",5108,4450,54403,0,,11.45,109,-8.49,9,,1.9
"2026-03-02 15:29:21",5109,4451,54392,-36.917943,-71.5159,10.95,112.1,-8.37,8.95,,1.8
"2026-03-02 15:29:22",5111,4453,54379,0,,11.8,107.4,-8.33,9,,1.8
"2026-03-02 15:29:23",5113,4455,54366,0,,11.8,107.4,-8.48,8.95,,1.8
"2026-03-02 15:29:24",5115,4457,54354,-36.917995,-71.51566,10.6,111.3,-8.41,8.95,21.5,1.9
"2026-03-02 15:29:27",5119,4461,54322,-36.918117,-71.515178,10.5,111.7,-8.41,8.85,,1.8
"2026-03-02 15:29:28",5121,4463,54310,0,,11.55,109.3,-8.51,8.9,,1.7
"2026-03-02 15:29:29",5123,4465,54299,0,,11.55,109.3,-8.57,8.85,,1.7
"2026-03-02 15:29:30",5124,4466,54288,-36.918203,-71.514808,11.05,110.9,-8.37,8.85,,1.7
"2026-03-02 15:29:31",5126,4468,54273,0,,11.2,113,-8.25,8.8,,1.7
"2026-03-02 15:29:32",5129,4471,54257,0,,11.2,113,-8.36,8.8,,1.7
"2026-03-02 15:29:33",5131,4473,54242,-36.918292,-71.514442,11.05,108.4,-8.53,8.75,,1.8
"2026-03-02 15:29:34",5132,4474,54234,0,,11.1,108.4,-8.47,8.75,,1.7
"2026-03-02 15:29:35",5133,4475,54226,0,,12.5,102.5,-8.61,8.75,,1.7
"2026-03-02 15:29:36",5134,4476,54218,-36.918383,-71.514072,11,108.9,-8.85,8.7,,1.6
"2026-03-02 15:29:37",5137,4479,54201,0,,10.95,112,-8.76,8.7,,1.7
"2026-03-02 15:29:38",5139,4481,54185,0,,10.95,112,-8.88,8.7,,1.7
"2026-03-02 15:29:39",5141,4483,54170,-36.918448,-71.513807,11.35,109,-8.75,8.65,,1.8
"2026-03-02 15:29:40",5142,4484,54161,0,,11.35,109,-8.61,8.65,,1.8
"2026-03-02 15:29:41",5144,4486,54152,0,,12.95,103.6,-8.73,8.65,,1.7
"2026-03-02 15:29:42",5145,4487,54144,-36.918543,-71.51343,12.25,112.9,-8.92,8.6,,1.7
"2026-03-02 15:29:43",5147,4489,54130,0,,12.25,112.9,-8.84,8.65,,1.7
"2026-03-02 15:29:44",5149,4491,54118,0,,12.85,102.7,-8.87,8.6,,1.6
"2026-03-02 15:29:45",5150,4492,54106,-36.918647,-71.513052,12.4,113.4,-8.99,8.6,,1.6
"2026-03-02 15:29:46",5152,4494,54093,0,,11.4,110.8,-8.81,8.6,,1.6
"2026-03-02 15:29:47",5154,4496,54078,0,,12.1,103,-8.94,8.55,,1.7
"2026-03-02 15:29:48",5156,4498,54064,-36.91879,-71.512552,11.7,112,-8.82,8.55,,1.8
"2026-03-02 15:29:49",5158,4500,54055,0,,11.9,114.2,-8.86,8.55,,1.8
"2026-03-02 15:29:50",5159,4501,54047,0,,11.9,114.2,-8.94,8.5,,1.7
"2026-03-02 15:29:51",5160,4502,54040,-36.91889,-71.512155,12.05,104.2,-9.03,8.5,22,1.6
"2026-03-02 15:29:53",5164,4506,54010,0,,11.75,116.1,-8.96,8.45,,1.7
"2026-03-02 15:29:54",5166,4508,53996,-36.918993,-71.511763,11.65,108.7,-8.84,8.45,,1.8
"2026-03-02 15:29:56",5168,4510,53981,0,,,,-8.94,8.4,,1.7
"2026-03-02 15:29:57",5169,4511,53974,0,,,,-9.02,8.4,,1.6
"2026-03-02 15:29:59",5173,4515,53947,0,,12.55,110.7,-9.03,8.4,,1.5
"2026-03-02 15:30:00",5175,4517,53936,-36.919185,-71.511085,12,116.3,-8.94,8.4,,1.5
"2026-03-02 15:30:01",5176,4518,53926,0,,,,-8.94,8.35,,1.5
"2026-03-02 15:30:02",5178,4520,53916,0,,,,-8.97,8.35,,1.6
"2026-03-02 15:30:03",5179,4521,53906,0,,,,-8.94,8.35,,1.6
"2026-03-02 15:30:05",5182,4524,53883,0,,12.45,102.6,-9.01,8.25,,1.6
"2026-03-02 15:30:06",5184,4526,53872,-36.919447,-71.510157,13.15,114.6,-8.94,8.25,,1.5
"2026-03-02 15:30:08",5188,4530,53847,0,,11.95,105.9,-9.02,8.25,,1.6
"2026-03-02 15:30:09",5189,4531,53836,-36.919557,-71.50976,13.15,115,-8.96,8.2,,1.7
"2026-03-02 15:30:12",5195,4537,53796,-36.91967,-71.509357,13.1,114.3,-8.9,8.15,,1.7
"2026-03-02 15:30:14",5198,4540,53778,0,,13.4,104.3,-8.95,8.15,,1.7
"2026-03-02 15:30:15",5199,4541,53770,-36.919778,-71.508955,12.3,115.3,-8.8,8.15,,1.6
"2026-03-02 15:30:16",5201,4543,53757,0,,12.25,115.3,-8.91,8.15,,1.7
"2026-03-02 15:30:17",5202,4544,53745,0,,11.95,106,-8.94,8.15,,1.7
"2026-03-02 15:30:18",5204,4546,53734,-36.919888,-71.508547,11.95,113.9,-8.72,8.15,22,1.7
"2026-03-02 15:30:19",5205,4547,53725,0,,14.45,106.3,-8.81,8.1,,1.6
"2026-03-02 15:30:20",5206,4548,53716,0,,12.2,108,-8.79,8.1,,1.6
"2026-03-02 15:30:21",5208,4550,53708,-36.919992,-71.508137,11.7,109.9,-8.61,8.1,,1.6
"2026-03-02 15:30:22",5209,4551,53697,0,,14.25,104.2,-8.74,8.1,,1.5
"2026-03-02 15:30:23",5211,4553,53686,0,,14.25,104.2,-8.82,8.1,,1.5
"2026-03-02 15:30:24",5212,4554,53676,-36.920103,-71.507727,12.95,111.4,-8.69,8.1,,1.4
"2026-03-02 15:30:25",5214,4556,53665,0,,12.95,111.4,-8.81,8.15,,1.5
"2026-03-02 15:30:26",5215,4557,53654,0,,12.95,109.3,-8.79,8.1,,1.5
"2026-03-02 15:30:27",5217,4559,53644,-36.920178,-71.507448,12.3,114.2,-8.69,8.1,,1.5
"2026-03-02 15:30:28",5219,4561,53631,0,,12.35,114.2,-8.8,8.1,,1.5
"2026-03-02 15:30:29",5221,4563,53618,0,,12.6,105.7,-8.85,8.1,,1.5
"2026-03-02 15:30:30",5223,4565,53606,-36.920325,-71.506897,11.85,112.7,-8.69,8.1,,1.6
"2026-03-02 15:30:31",5224,4566,53594,0,,11.8,112.7,-8.8,8.1,,1.6
"2026-03-02 15:30:32",5226,4568,53583,0,,12.6,100.1,-8.94,8.1,,1.6
"2026-03-02 15:30:33",5227,4569,53572,-36.920432,-71.506477,12.5,112.3,-8.81,8.1,,1.6
"2026-03-02 15:30:34",5229,4571,53562,0,,14.35,110.5,-8.94,8.1,,1.6
"2026-03-02 15:30:35",5230,4572,53553,0,,14.35,110.5,-9.05,8.1,,1.6
"2026-03-02 15:30:36",5232,4574,53544,-36.920538,-71.506057,12.8,99.8,-8.91,8.1,,1.6
"2026-03-02 15:30:37",5233,4575,53534,0,,13.85,110.5,-8.95,8.1,,1.6
"2026-03-02 15:30:38",5234,4576,53526,0,,12.95,100.5,-9.04,8.1,,1.5
"2026-03-02 15:30:39",5235,4577,53518,-36.920643,-71.505633,13.1,110.5,-8.94,8.1,,1.5
"2026-03-02 15:30:40",5237,4579,53508,0,,13.4,110.5,-9.09,8.1,,1.5
"2026-03-02 15:30:41",5238,4580,53497,0,,13.4,110.5,-9.21,8.1,,1.5
"2026-03-02 15:30:42",5240,4582,53486,-36.920708,-71.505352,12.95,104.2,-9.18,8.1,,1.5
"2026-03-02 15:30:43",5241,4583,53475,0,,12.9,104.2,-9.3,8.1,,1.5
"2026-03-02 15:30:44",5243,4585,53464,0,,12.9,104.2,-9.39,8.1,,1.4
"2026-03-02 15:30:45",5245,4587,53454,-36.92085,-71.504783,14.35,104.9,-9.36,8.1,21.5,1.4
"2026-03-02 15:30:46",5246,4588,53445,0,,14.35,104.9,-9.47,8.1,,1.4
"2026-03-02 15:30:47",5247,4589,53437,0,,11.7,107.6,-9.39,8.1,,1.4
"2026-03-02 15:30:48",5248,4590,53430,-36.920962,-71.50436,14.2,109.4,-9.39,8.1,,1.4
"2026-03-02 15:30:49",5250,4592,53419,0,,13.95,107,-9.46,8.15,,1.4
"2026-03-02 15:30:50",5251,4593,53408,0,,11.95,105.2,-9.37,8.15,,1.4
"2026-03-02 15:30:51",5253,4595,53398,-36.921075,-71.503942,13.7,113.5,-9.17,8.15,,1.4
"2026-03-02 15:30:52",5254,4596,53386,0,,13.65,105.2,-9.26,8.2,,1.5
"2026-03-02 15:30:53",5256,4598,53376,0,,12.3,104.7,-9.26,8.2,,1.5
"2026-03-02 15:30:54",5257,4599,53366,-36.921188,-71.50353,12.95,115.6,-9.3,8.2,,1.4
"2026-03-02 15:30:56",5260,4602,53350,0,,12.25,104.2,-9.43,8.2,,1.4
"2026-03-02 15:30:57",5261,4603,53342,-36.921302,-71.503118,13.15,115.9,-9.22,8.25,,1.4
"2026-03-02 15:30:58",5262,4604,53330,0,,,,-9.31,8.25,,1.4
"2026-03-02 15:30:59",5264,4606,53319,0,,,,-9.3,8.25,,1.4
"2026-03-02 15:31:00",5266,4608,53308,0,,,,-9.11,8.25,,1.5
"2026-03-02 15:31:01",5267,4609,53298,0,,12.4,116.7,-9.18,8.25,,1.5
"2026-03-02 15:31:02",5269,4611,53288,0,,12.45,105.3,-9.26,8.25,,1.5
"2026-03-02 15:31:03",5270,4612,53278,-36.921542,-71.502278,12.35,115.1,-9.14,8.25,,1.5
"2026-03-02 15:31:04",5271,4613,53271,0,,,,-9.27,8.25,,1.4
"2026-03-02 15:31:05",5272,4614,53264,0,,,,-9.39,8.2,,1.4
"2026-03-02 15:31:06",5273,4615,53258,0,,,,-9.25,8.2,,1.3
"2026-03-02 15:31:07",5275,4617,53246,0,,15.05,110.1,-9.33,8.2,,1.3
"2026-03-02 15:31:08",5276,4618,53236,0,,14.15,110.3,-9.4,8.2,,1.4
"2026-03-02 15:31:09",5278,4620,53226,-36.921748,-71.50158,12.95,118.2,-9.26,8.2,,1.4
"2026-03-02 15:31:11",5280,4622,53208,0,,14.45,110.1,-9.47,8.15,,1.4
"2026-03-02 15:31:12",5281,4623,53200,-36.92192,-71.501037,13.15,118.2,-9.59,8.15,21.25,1.3
"2026-03-02 15:31:13",5283,4625,53189,0,,,,-9.67,8.1,,1.3
"2026-03-02 15:31:14",5285,4627,53178,0,,,,-9.78,8.1,,1.3
"2026-03-02 15:31:15",5286,4628,53168,0,,,,-9.59,8.1,,1.3
"2026-03-02 15:31:16",5287,4629,53160,0,,12.1,104.6,-9.63,8.1,,1.3
"2026-03-02 15:31:17",5288,4630,53153,0,,12.1,104.6,-9.79,8.1,,1.3
"2026-03-02 15:31:18",5289,4631,53146,-36.922173,-71.500217,13.7,117.2,-9.88,8.05,,1.4
"2026-03-02 15:31:19",5291,4633,53134,0,,,,-9.85,8.05,,1.4
"2026-03-02 15:31:20",5293,4635,53122,0,,,,-9.69,8.05,,1.4
"2026-03-02 15:31:21",5295,4637,53110,0,,,,-9.46,8.05,,1.4
"2026-03-02 15:31:22",5296,4638,53103,0,,13.55,118,-9.45,8.05,,1.4
"2026-03-02 15:31:23",5297,4639,53096,0,,12.25,111.6,-9.56,8,,1.4
"2026-03-02 15:31:24",5297,4639,53090,-36.922437,-71.499397,13.05,116.1,-9.67,8,,1.3
"2026-03-02 15:31:25",5299,4641,53080,0,,,,-9.75,8.05,,1.3
"2026-03-02 15:31:26",5300,4642,53070,0,,,,-9.9,8,,1.3
"2026-03-02 15:31:27",5302,4644,53060,0,,,,-9.98,8,,1.3
"2026-03-02 15:31:28",5304,4646,53048,0,,12.9,116.1,-10.04,8,,1.3
"2026-03-02 15:31:29",5305,4647,53037,0,,12.9,116.1,-10.14,8,,1.4
"2026-03-02 15:31:30",5307,4649,53026,-36.922697,-71.498572,11.95,118.7,-9.9,8,,1.4
"2026-03-02 15:31:31",5308,4650,53016,0,,14.5,107.2,-9.89,8,,1.4
"2026-03-02 15:31:32",5310,4652,53007,0,,13.65,112.7,-9.96,8,,1.4
"2026-03-02 15:31:33",5311,4653,52998,-36.922832,-71.49815,13.1,116,-9.82,8,,1.4
"2026-03-02 15:31:34",5312,4654,52988,0,,13.1,116,-9.85,8,,1.4
"2026-03-02 15:31:35",5314,4656,52979,0,,13.9,113.4,-9.84,8,,1.4
"2026-03-02 15:31:36",5315,4657,52970,-36.92297,-71.49774,12.8,117.7,-9.71,8.05,,1.4
"2026-03-02 15:31:37",5316,4658,52960,0,,,,-9.76,8.05,,1.5
"2026-03-02 15:31:38",5318,4660,52950,0,,,,-9.61,8.05,,1.5
"2026-03-02 15:31:39",5319,4661,52940,0,,,,-9.47,8.1,22,1.5
"2026-03-02 15:31:40",5321,4663,52931,0,,,,-9.58,8.1,,1.4
"2026-03-02 15:31:41",5322,4664,52922,0,,,,-9.61,8.15,,1.4
"2026-03-02 15:31:42",5323,4665,52914,0,,,,-9.48,8.15,,1.4
"2026-03-02 15:31:43",5324,4666,52906,0,,13.9,117.2,-9.62,8.2,,1.3
"2026-03-02 15:31:44",5325,4667,52899,0,,12.05,113.9,-9.56,8.2,,1.3
"2026-03-02 15:31:45",5326,4668,52892,-36.923387,-71.496485,14.1,116.8,-9.67,8.2,,1.3
"2026-03-02 15:31:46",5328,4670,52884,0,,14.05,116.8,-9.8,8.25,,1.3
"2026-03-02 15:31:47",5329,4671,52876,0,,14.5,107.7,-9.82,8.25,,1.3
"2026-03-02 15:31:48",5330,4672,52868,-36.923513,-71.496072,13.3,114.7,-9.92,8.25,,1.3
"2026-03-02 15:31:49",5331,4673,52858,0,,14.7,113.7,-9.9,8.25,,1.2
"2026-03-02 15:31:50",5333,4675,52849,0,,14.7,113.7,-9.98,8.25,,1.2
"2026-03-02 15:31:51",5334,4676,52840,-36.923642,-71.495652,13.65,111.4,-9.81,8.25,,1.2
"2026-03-02 15:31:52",5336,4678,52827,0,,15.05,113.3,-9.7,8.3,,1.3
"2026-03-02 15:31:53",5338,4680,52814,0,,11.8,112.1,-9.62,8.35,,1.3
"2026-03-02 15:31:54",5340,4682,52802,-36.923773,-71.495232,13.2,110.3,-9.55,8.35,,1.4
"2026-03-02 15:31:56",5342,4684,52788,0,,12.1,111,-9.67,8.35,,1.3
"2026-03-02 15:31:57",5343,4685,52782,-36.923908,-71.494817,13.1,112.6,-9.9,8.35,,1.3
"2026-03-02 15:31:58",5344,4686,52771,0,,14.3,112.3,-10,8.35,,1.4
"2026-03-02 15:31:59",5346,4688,52760,0,,12.3,108.2,-10.17,8.35,,1.4
"2026-03-02 15:32:00",5347,4689,52750,-36.92404,-71.494398,13.2,113.6,-10.26,8.35,,1.4
"2026-03-02 15:32:01",5349,4691,52739,0,,,,-10.34,8.35,,1.5
"2026-03-02 15:32:02",5350,4692,52728,0,,,,-10.26,8.35,,1.5
"2026-03-02 15:32:03",5352,4694,52718,0,,,,-10.08,8.35,,1.5
"2026-03-02 15:32:04",5353,4695,52711,0,,12.85,112.1,-9.94,8.35,,1.4
"2026-03-02 15:32:05",5354,4696,52705,0,,12.85,112.1,-9.95,8.35,,1.3
"2026-03-02 15:32:06",5355,4697,52700,-36.924293,-71.493587,11.7,113.5,-10.05,8.3,22,1.2
"2026-03-02 15:32:07",5356,4698,52689,0,,14.3,112.4,-10.18,8.3,,1.3
"2026-03-02 15:32:08",5357,4699,52679,0,,12.55,119.5,-10.09,8.25,,1.3
"2026-03-02 15:32:09",5359,4701,52670,-36.924432,-71.493175,13.15,107.8,-10.11,8.25,,1.4
"2026-03-02 15:32:11",5361,4703,52654,0,,12.05,119.9,-9.9,8.25,,1.3
"2026-03-02 15:32:12",5362,4704,52646,-36.924532,-71.492915,13.45,113.6,-9.98,8.25,,1.3
"2026-03-02 15:32:13",5364,4706,52638,0,,,,-10.08,8.2,,1.3
"2026-03-02 15:32:14",5365,4707,52630,0,,,,-10.22,8.2,,1.2
"2026-03-02 15:32:15",5366,4708,52622,0,,,,-10.33,8.2,,1.2
"2026-03-02 15:32:16",5368,4710,52609,0,,13.6,116.3,-10.27,8.2,,1.2
"2026-03-02 15:32:17",5370,4712,52597,0,,11.3,113.5,-10.27,8.2,,1.3
"2026-03-02 15:32:18",5371,4713,52586,-36.924862,-71.491982,13.45,115.9,-10.17,8.2,,1.4
"2026-03-02 15:32:19",5373,4715,52577,0,,13.6,113.6,-10.03,8.2,,1.4
"2026-03-02 15:32:20",5374,4716,52568,0,,11.5,113.3,-9.83,8.25,,1.4
"2026-03-02 15:32:21",5375,4717,52560,-36.924997,-71.491587,13.35,112.1,-9.8,8.25,,1.4
"2026-03-02 15:32:23",5379,4721,52534,0,,11.35,116.8,-9.59,8.25,,1.4
"2026-03-02 15:32:24",5381,4723,52522,-36.925133,-71.491192,13.45,109.7,-9.71,8.25,,1.5
"2026-03-02 15:32:26",5382,4724,52509,0,,13.55,114.2,-10.1,8.3,,1.5
"2026-03-02 15:32:27",5383,4725,52504,-36.925273,-71.490805,13.05,109.3,-10.24,8.35,,1.4
"2026-03-02 15:32:29",5387,4729,52482,0,,13.65,114.1,-10.45,8.3,,1.4
"2026-03-02 15:32:30",5388,4730,52472,-36.925418,-71.49041,13.35,111.4,-10.41,8.35,,1.4
"2026-03-02 15:32:31",5389,4731,52464,0,,,,-10.37,8.4,,1.4
"2026-03-02 15:32:32",5390,4732,52456,0,,,,-10.51,8.4,,1.4
"2026-03-02 15:32:33",5392,4734,52448,0,,,,-10.59,8.45,22,1.4
"2026-03-02 15:32:35",5395,4737,52426,0,,14.1,112.6,-10.59,8.55,,1.4
"2026-03-02 15:32:36",5396,4738,52416,-36.925643,-71.489775,12.5,115.8,-10.45,8.6,,1.3
"2026-03-02 15:32:37",5398,4740,52407,0,,,,-10.47,8.65,,1.3
"2026-03-02 15:32:38",5399,4741,52399,0,,,,-10.36,8.7,,1.3
"2026-03-02 15:32:39",5400,4742,52392,0,,,,-10.26,8.75,,1.3
"2026-03-02 15:32:41",5404,4746,52366,0,,13.95,113.7,-10.36,8.8,,1.4
"2026-03-02 15:32:42",5405,4747,52354,-36.925912,-71.489003,12.25,116.5,-10.2,8.85,,1.5
"2026-03-02 15:32:43",5406,4748,52347,0,,,,-10.26,8.85,,1.4
"2026-03-02 15:32:44",5407,4749,52340,0,,,,-10.23,8.9,,1.4
"2026-03-02 15:32:45",5408,4750,52334,0,,,,-10.21,8.95,,1.4
"2026-03-02 15:32:47",5412,4754,52309,0,,12.6,111.5,-10.3,9,,1.4
"2026-03-02 15:32:48",5414,4756,52298,-36.926235,-71.488102,12.75,111.9,-10.21,9.05,,1.5
"2026-03-02 15:32:49",5415,4757,52290,0,,,,-10.34,9.1,,1.4
"2026-03-02 15:32:50",5416,4758,52282,0,,,,-10.33,9.15,,1.4
"2026-03-02 15:32:51",5417,4759,52274,0,,,,-10.24,9.2,,1.4
"2026-03-02 15:32:52",5419,4761,52262,0,,,,-10.35,9.2,,1.5
"2026-03-02 15:32:53",5421,4763,52250,0,,,,-10.41,9.25,,1.5
"2026-03-02 15:32:54",5423,4765,52238,0,,,,-10.23,9.3,,1.5
"2026-03-02 15:32:55",5424,4766,52228,0,,12.15,119.6,-10.34,9.35,,1.5
"2026-03-02 15:32:56",5425,4767,52219,0,,12.15,119.6,-10.42,9.35,,1.5
"2026-03-02 15:32:57",5427,4769,52210,-36.926587,-71.487112,11.8,119.9,-10.21,9.4,,1.5
"2026-03-02 15:32:58",5428,4770,52201,0,,11.8,119.9,-10.3,9.45,,1.5
"2026-03-02 15:32:59",5429,4771,52193,0,,11.4,105.5,-10.39,9.5,,1.4
"2026-03-02 15:33:00",5430,4772,52186,-36.926773,-71.486617,12.45,115.3,-10.34,9.55,21.75,1.4
"2026-03-02 15:33:01",5432,4774,52173,0,,12.6,118,-10.48,9.6,,1.4
"2026-03-02 15:33:02",5434,4776,52160,0,,10.6,110,-10.57,9.65,,1.5
"2026-03-02 15:33:03",5436,4778,52148,-36.926898,-71.486243,13.2,110.8,-10.5,9.7,,1.6
"2026-03-02 15:33:04",5438,4780,52136,0,,12.7,116.8,-10.59,9.8,,1.5
"2026-03-02 15:33:05",5439,4781,52125,0,,12.7,116.8,-10.7,9.8,,1.5
"2026-03-02 15:33:06",5441,4783,52114,-36.927023,-71.485875,12.85,112.2,-10.66,9.85,,1.5
"2026-03-02 15:33:07",5442,4784,52105,0,,13.1,113,-10.67,9.85,,1.5
"2026-03-02 15:33:08",5444,4786,52096,0,,13.1,113,-10.49,9.95,,1.5
"2026-03-02 15:33:09",5445,4787,52088,-36.927153,-71.48551,12.35,116.2,-10.38,10,,1.5
"2026-03-02 15:33:11",5448,4790,52066,0,,10.5,110.1,-10.66,10.15,,1.5
"2026-03-02 15:33:12",5450,4792,52056,-36.927275,-71.48514,12.3,114.8,-10.64,10.2,,1.6
"2026-03-02 15:33:13",5451,4793,52044,0,,13.05,112.1,-10.72,10.25,,1.6
"2026-03-02 15:33:14",5453,4795,52033,0,,13.05,112.1,-10.71,10.3,,1.6
"2026-03-02 15:33:15",5455,4797,52022,-36.927398,-71.484777,11.6,115.2,-10.6,10.35,,1.6
"2026-03-02 15:33:16",5456,4798,52014,0,,13.75,110.4,-10.7,10.4,,1.5
"2026-03-02 15:33:17",5457,4799,52006,0,,11.1,114.4,-10.76,10.4,,1.5
"2026-03-02 15:33:18",5458,4800,51998,-36.927517,-71.484408,10.95,113.3,-10.66,10.45,,1.4
"2026-03-02 15:33:19",5460,4802,51987,0,,13.35,108.8,-10.71,10.5,,1.5
"2026-03-02 15:33:20",5461,4803,51976,0,,12,120,-10.76,10.55,,1.5
"2026-03-02 15:33:21",5463,4805,51966,-36.927643,-71.48404,10.9,112.6,-10.63,10.6,,1.5
"2026-03-02 15:33:22",5464,4806,51956,0,,12.95,106.7,-10.71,10.75,,1.5
"2026-03-02 15:33:23",5466,4808,51947,0,,11.8,120,-10.72,10.75,,1.5
"2026-03-02 15:33:24",5467,4809,51938,-36.92777,-71.483675,11.1,115.9,-10.63,10.8,,1.5
"2026-03-02 15:33:26",5470,4812,51916,0,,11.55,115.1,-10.6,10.9,,1.5
"2026-03-02 15:33:27",5472,4814,51906,-36.927897,-71.483317,10.8,120.5,-10.41,10.95,21.5,1.5
"2026-03-02 15:33:28",5473,4815,51895,0,,12.95,107.4,-10.47,11.05,,1.5
"2026-03-02 15:33:29",5475,4817,51885,0,,11.7,113.9,-10.65,11.05,,1.5
"2026-03-02 15:33:30",5476,4818,51876,-36.928028,-71.482957,10.9,120.7,-10.56,11.1,,1.5
"2026-03-02 15:33:31",5478,4820,51864,0,,10.9,120.7,-10.69,11.15,,1.5
"2026-03-02 15:33:32",5480,4822,51852,0,,13.15,111.3,-10.78,11.15,,1.5
"2026-03-02 15:33:33",5482,4824,51840,-36.928157,-71.482597,10.6,117.3,-10.68,11.2,,1.6
"2026-03-02 15:33:34",5483,4825,51829,0,,13.6,114.3,-10.67,11.2,,1.6
"2026-03-02 15:33:35",5485,4827,51818,0,,13.6,114.3,-10.79,11.2,,1.6
"2026-03-02 15:33:36",5486,4828,51808,-36.928237,-71.482352,10.85,118.5,-10.72,11.25,,1.6
"2026-03-02 15:33:37",5488,4830,51798,0,,,,-10.84,11.25,,1.6
"2026-03-02 15:33:38",5489,4831,51788,0,,,,-10.88,11.25,,1.6
"2026-03-02 15:33:39",5491,4833,51778,0,,,,-10.78,11.3,,1.6
"2026-03-02 15:33:40",5493,4835,51765,0,,12.9,120,-10.84,11.35,,1.6
"2026-03-02 15:33:41",5494,4836,51753,0,,11.15,107.3,-10.97,11.4,,1.6
"2026-03-02 15:33:42",5496,4838,51742,-36.928543,-71.481513,11.4,113.5,-10.84,11.45,,1.6
"2026-03-02 15:33:43",5498,4840,51732,0,,11.4,113.5,-10.86,11.45,,1.6
"2026-03-02 15:33:44",5499,4841,51723,0,,10.7,112.7,-11.01,11.5,,1.6
"2026-03-02 15:33:45",5500,4842,51714,-36.928672,-71.481148,11.9,110.3,-11.11,11.5,,1.6
"2026-03-02 15:33:46",5502,4844,51703,0,,13,116.3,-11.03,11.5,,1.6
"2026-03-02 15:33:47",5504,4846,51692,0,,13,116.3,-11.11,11.55,,1.6
"2026-03-02 15:33:48",5505,4847,51682,-36.928753,-71.480918,11.7,109.3,-11.17,11.55,,1.6
"2026-03-02 15:33:49",5506,4848,51674,0,,13.4,114,-11.3,11.6,,1.5
"2026-03-02 15:33:50",5508,4850,51666,0,,11.7,117.9,-11.4,11.6,,1.5
"2026-03-02 15:33:51",5509,4851,51658,-36.928933,-71.48042,11.35,112.3,-11.47,11.6,,1.5
"2026-03-02 15:33:52",5510,4852,51646,0,,11.4,112.3,-11.54,11.65,,1.5
"2026-03-02 15:33:53",5512,4854,51635,0,,11.05,110.8,-11.53,11.65,,1.5
"2026-03-02 15:33:54",5514,4856,51624,-36.929065,-71.480057,11.65,115.5,-11.6,11.65,21.25,1.5
"2026-03-02 15:33:55",5516,4858,51611,0,,12.9,116.5,-11.66,11.65,,1.5
"2026-03-02 15:33:56",5517,4859,51599,0,,12.9,116.5,-11.65,11.7,,1.5
"2026-03-02 15:33:57",5519,4861,51588,-36.929148,-71.47982,11.7,114.6,-11.73,11.7,,1.6
"2026-03-02 15:33:58",5521,4863,51576,0,,,,-11.83,11.7,,1.6
"2026-03-02 15:33:59",5523,4865,51564,0,,,,-11.91,11.75,,1.6
"2026-03-02 15:34:00",5525,4867,51552,0,,,,-11.88,11.75,,1.6
"2026-03-02 15:34:01",5526,4868,51544,0,,11.8,112.7,-11.8,11.85,,1.6
"2026-03-02 15:34:02",5527,4869,51537,0,,10.85,119.4,-11.55,11.85,,1.6
"2026-03-02 15:34:03",5528,4870,51530,-36.929467,-71.478957,12.05,109.2,-11.58,11.9,,1.6
"2026-03-02 15:34:04",5529,4871,51519,0,,12.1,109.2,-11.42,11.85,,1.6
"2026-03-02 15:34:05",5531,4873,51509,0,,11.5,113.7,-11.32,11.9,,1.6
"2026-03-02 15:34:06",5532,4874,51500,-36.9296,-71.478587,12.05,109.4,-11.42,11.9,,1.6
"2026-03-02 15:34:07",5534,4876,51488,0,,13.7,110,-11.4,11.95,,1.6
"2026-03-02 15:34:08",5536,4878,51477,0,,10.8,121.6,-11.3,11.95,,1.5
"2026-03-02 15:34:09",5537,4879,51466,-36.929747,-71.478215,12.15,116.9,-11.41,12,,1.5
"2026-03-02 15:34:11",5541,4883,51441,0,,11.05,116.9,-11.28,12,,1.5
"2026-03-02 15:34:12",5543,4885,51430,-36.929888,-71.477843,11.4,115.9,-11.4,12,,1.5
"2026-03-02 15:34:13",5544,4886,51419,0,,11.4,115.9,-11.39,11.95,,1.6
"2026-03-02 15:34:14",5546,4888,51408,0,,11.55,114.8,-11.31,12,,1.6
"2026-03-02 15:34:15",5548,4890,51398,-36.929978,-71.477597,10.95,113.8,-11.42,12,,1.6
"2026-03-02 15:34:16",5549,4891,51389,0,,10.95,113.8,-11.29,12,,1.6
"2026-03-02 15:34:17",5550,4892,51380,0,,12.15,116.4,-11.19,12,,1.6
"2026-03-02 15:34:18",5551,4893,51372,-36.930125,-71.477222,11.05,112.3,-11.3,12,,1.6
"2026-03-02 15:34:19",5553,4895,51361,0,,,,-11.42,12,,1.6
"2026-03-02 15:34:20",5555,4897,51350,0,,,,-11.31,12,,1.6
"2026-03-02 15:34:21",5556,4898,51340,0,,,,-11.4,12,21.25,1.6
"2026-03-02 15:34:22",5558,4900,51328,0,,10.65,110.9,-11.25,12,,1.6
"2026-03-02 15:34:23",5560,4902,51317,0,,12.7,114.9,-11.21,12,,1.6
"2026-03-02 15:34:24",5561,4903,51306,-36.93045,-71.476335,11.1,113.3,-11.38,12,,1.5
"2026-03-02 15:34:26",5566,4908,51278,0,,13.05,114.6,-11.53,12,,1.6
"2026-03-02 15:34:27",5568,4910,51264,-36.93059,-71.475953,11.35,108.2,-11.59,12,,1.7
"2026-03-02 15:34:28",5569,4911,51253,0,,13.25,120.2,-11.67,12,,1.7
"2026-03-02 15:34:29",5571,4913,51243,0,,13.15,115.5,-11.61,12,,1.7
"2026-03-02 15:34:30",5572,4914,51234,-36.930735,-71.475563,11.8,108.1,-11.63,12.05,,1.7
"2026-03-02 15:34:31",5574,4916,51224,0,,13.2,118.7,-11.47,12.05,,1.7
"2026-03-02 15:34:32",5575,4917,51215,0,,13.05,116.5,-11.45,12.05,,1.7
"2026-03-02 15:34:33",5576,4918,51206,-36.930878,-71.475187,10.75,110.4,-11.58,12.05,,1.7
"2026-03-02 15:34:34",5578,4920,51193,0,,,,-11.75,12.05,,1.7
"2026-03-02 15:34:35",5580,4922,51180,0,,,,-11.76,12.1,,1.7
"2026-03-02 15:34:36",5582,4924,51168,0,,,,-11.72,12.1,,1.7
"2026-03-02 15:34:37",5584,4926,51157,0,,13.55,112.8,-11.74,12.1,,1.7
"2026-03-02 15:34:38",5585,4927,51147,0,,13.8,119.1,-11.59,12.15,,1.6
"2026-03-02 15:34:39",5587,4929,51138,-36.931173,-71.474418,10.9,114.2,-11.65,12.15,,1.6
"2026-03-02 15:34:40",5588,4930,51125,0,,10.9,114.2,-11.76,12.15,,1.6
"2026-03-02 15:34:41",5590,4932,51113,0,,15,117.5,-11.76,12.15,,1.6
"2026-03-02 15:34:42",5592,4934,51102,-36.931277,-71.474147,11.35,114.5,-11.73,12.2,,1.6
"2026-03-02 15:34:43",5594,4936,51090,0,,11.35,114.5,-11.71,12.2,,1.7
"2026-03-02 15:34:44",5596,4938,51078,0,,14.3,119,-11.53,12.25,,1.7
"2026-03-02 15:34:45",5597,4939,51066,-36.931465,-71.473637,12.3,112.3,-11.58,12.25,,1.7
"2026-03-02 15:34:47",5599,4941,51052,0,,,,-11.81,12.25,,1.6
"2026-03-02 15:34:48",5600,4942,51046,0,,,,-11.85,12.3,20.5,1.5
"2026-03-02 15:34:49",5595,4937,51082,0,,,,-12.03,12.3,,0.9
"2026-03-02 15:34:50",5590,4932,51118,0,,,,-12.21,12.3,,0.4
"2026-03-02 15:34:51",5584,4926,51154,0,,,,-12.34,12.3,,-0.2
"2026-03-02 15:34:52",5573,4915,51230,0,,14.15,117,-12.44,12.3,,-1.3
"2026-03-02 15:34:53",5562,4904,51303,0,,13.4,109.8,-12.52,12.3,,-2.4
"2026-03-02 15:34:54",5551,4893,51376,-36.931907,-71.472423,12.9,116.5,-12.57,12.3,,-3.4
"2026-03-02 15:34:55",5542,4884,51433,0,,,,-12.59,12.3,,-3.8
"2026-03-02 15:34:56",5533,4875,51494,0,,,,-12.6,12.3,,-4.7
"2026-03-02 15:34:57",5524,4866,51556,0,,,,-12.55,12.35,,-5.5
"2026-03-02 15:34:58",5514,4856,51620,0,,12.15,113.3,-12.49,12.4,,-6.4
"2026-03-02 15:34:59",5505,4847,51684,0,,12.1,116.5,-12.43,12.45,,-7.9
"2026-03-02 15:35:00",5495,4837,51748,-36.932168,-71.471685,11.6,112.5,-12.39,12.45,,-8.7
"2026-03-02 15:35:02",5476,4818,51878,0,,11.85,114.9,-12.24,12.5,,-9.4
"2026-03-02 15:35:03",5466,4808,51942,-36.932297,-71.471332,11.45,115.7,-12.16,12.5,,-9.8
"2026-03-02 15:35:04",5458,4800,51999,0,,,,-12.1,12.5,,-9.7
"2026-03-02 15:35:05",5449,4791,52060,0,,,,-12.05,12.55,,-9.6
"2026-03-02 15:35:06",5440,4782,52122,0,,,,-11.93,12.6,,-9.4
"2026-03-02 15:35:07",5429,4771,52194,0,,11.85,111.8,-11.84,12.6,,-9.4
"2026-03-02 15:35:08",5418,4760,52266,0,,11.85,114.9,-11.77,12.65,,-9.5
"2026-03-02 15:35:09",5408,4750,52338,-36.93255,-71.470613,11.45,113.6,-11.7,12.65,,-9.6
"2026-03-02 15:35:10",5399,4741,52399,0,,11.45,113.6,-11.62,12.7,,-9.6
"2026-03-02 15:35:11",5390,4732,52459,0,,11.9,112.5,-11.54,12.7,,-9.6
"2026-03-02 15:35:12",5381,4723,52520,-36.932678,-71.470247,12,113.6,-11.44,12.75,,-9.5
"2026-03-02 15:35:14",5361,4703,52657,0,,12.05,115.2,-11.25,12.75,,-9.6
"2026-03-02 15:35:15",5350,4692,52728,-36.932812,-71.469877,11.85,114.4,-11.17,12.7,19.25,-9.7
"2026-03-02 15:35:16",5340,4682,52796,0,,,,-11.1,12.65,,-9.7
"2026-03-02 15:35:17",5331,4673,52860,0,,,,-11,12.65,,-9.8
"2026-03-02 15:35:18",5322,4664,52924,0,,,,-10.91,12.6,,-9.8
"2026-03-02 15:35:19",5312,4654,52988,0,,12.6,114.5,-10.84,12.5,,-9.7
"2026-03-02 15:35:20",5302,4644,53056,0,,12.35,115.4,-10.71,12.45,,-9.7
"2026-03-02 15:35:21",5293,4635,53124,-36.933073,-71.46912,12.25,113.8,-10.65,12.35,,-9.6
"2026-03-02 15:35:22",5283,4625,53186,0,,12.25,113.8,-10.6,12.25,,-9.6
"2026-03-02 15:35:23",5274,4616,53248,0,,12.75,110.2,-10.52,12.2,,-9.6
"2026-03-02 15:35:24",5265,4607,53310,-36.9332,-71.468727,12.6,114.1,-10.47,12.05,,-9.6
"2026-03-02 15:35:25",5256,4598,53374,0,,,,-10.44,11.95,,-9.6
"2026-03-02 15:35:26",5246,4588,53442,0,,,,-10.42,11.8,,-9.7
"2026-03-02 15:35:27",5236,4578,53510,0,,,,-10.36,11.7,,-9.6
"2026-03-02 15:35:28",5225,4567,53587,0,,13.35,109.9,-10.3,11.6,,-9.5
"2026-03-02 15:35:29",5216,4558,53649,0,,13.55,112.5,-10.21,11.5,,-9.5
"2026-03-02 15:35:30",5207,4549,53712,-36.933462,-71.467902,13.25,113.2,-10.14,11.45,,-9.4
"2026-03-02 15:35:32",5189,4531,53839,0,,12.85,109.9,-9.99,11.2,,-9.5
"2026-03-02 15:35:33",5178,4520,53912,-36.933587,-71.467493,13.15,110,-9.9,11.1,,-9.6
"2026-03-02 15:35:34",5169,4511,53978,0,,,,-9.85,11,,-9.5
"2026-03-02 15:35:35",5159,4501,54044,0,,,,-9.78,10.9,,-9.6
"2026-03-02 15:35:36",5150,4492,54110,0,,,,-9.71,10.85,,-9.6
"2026-03-02 15:35:37",5140,4482,54176,0,,12.7,110.3,-9.63,10.75,,-9.6
"2026-03-02 15:35:38",5131,4473,54242,0,,13.2,107.7,-9.55,10.6,,-9.6
"2026-03-02 15:35:39",5121,4463,54308,-36.93382,-71.466667,13,107.5,-9.48,10.55,,-9.6
"2026-03-02 15:35:40",5111,4453,54378,0,,13.15,108.2,-9.4,10.45,,-9.6
"2026-03-02 15:35:41",5102,4444,54446,0,,13.05,108.8,-9.34,10.35,,-9.6
"2026-03-02 15:35:42",5092,4434,54514,-36.93393,-71.466255,12.9,108.4,-9.26,10.3,17.5,-9.7
"2026-03-02 15:35:43",5083,4425,54573,0,,12.5,109.1,-9.2,10.25,,-9.7
"2026-03-02 15:35:44",5075,4417,54634,0,,12.5,109.1,-9.12,10.15,,-9.5
"2026-03-02 15:35:45",5066,4408,54696,-36.934027,-71.46585,12.45,107.9,-9.03,10.1,,-9.3
"2026-03-02 15:35:46",5056,4398,54764,0,,12.55,105.9,-8.94,10.05,,-9.3
"2026-03-02 15:35:47",5047,4389,54831,0,,12.4,106.9,-8.87,9.95,,-9.3
"2026-03-02 15:35:48",5037,4379,54898,-36.934132,-71.46545,12.6,109,-8.8,9.9,,-9.3
"2026-03-02 15:35:49",5028,4370,54965,0,,12.6,110.1,-8.73,9.85,,-9.4
"2026-03-02 15:35:50",5017,4359,55036,0,,12,110.1,-8.69,9.75,,-9.4
"2026-03-02 15:35:51",5007,4349,55108,-36.93424,-71.465065,12.25,108,-8.64,9.7,,-9.5
"2026-03-02 15:35:52",4999,4341,55170,0,,12.25,107.9,-8.63,9.65,,-9.4
"2026-03-02 15:35:53",4990,4332,55232,0,,12.2,107.3,-8.59,9.55,,-9.4
"2026-03-02 15:35:54",4981,4323,55294,-36.934342,-71.464685,11.7,109.7,-8.57,9.5,,-9.3
"2026-03-02 15:35:55",4970,4312,55373,0,,11.8,108.4,-8.52,9.45,,-9.2
"2026-03-02 15:35:56",4961,4303,55436,0,,11.1,108,-8.48,9.4,,-9.3
"2026-03-02 15:35:57",4952,4294,55500,-36.934427,-71.464327,10.9,104.6,-8.46,9.35,,-9.3
"2026-03-02 15:35:58",4944,4286,55554,0,,10.85,103.2,-8.42,9.3,,-9.3
"2026-03-02 15:35:59",4934,4276,55627,0,,10.75,103.8,-8.35,9.3,,-9.4
"2026-03-02 15:36:00",4924,4266,55700,-36.934507,-71.46398,10.75,106.6,-8.29,9.25,,-9.4
"2026-03-02 15:36:02",4905,4247,55839,0,,10.55,107.9,-8.19,9.2,,-9.4
"2026-03-02 15:36:03",4895,4237,55910,-36.93459,-71.46365,10.15,107.9,-8.12,9.15,,-9.4
"2026-03-02 15:36:04",4886,4228,55969,0,,9.8,106.4,-8.06,9.15,,-9.3
"2026-03-02 15:36:05",4878,4220,56028,0,,9.7,104.9,-8,9.15,,-9.3
"2026-03-02 15:36:06",4870,4212,56088,-36.934652,-71.463328,9.9,101.6,-7.95,9.1,,-9.2
"2026-03-02 15:36:07",4860,4202,56156,0,,9.9,102.5,-7.87,9.15,,-9.3
"2026-03-02 15:36:08",4850,4192,56226,0,,9.7,104.1,-7.79,9.15,,-9.4
"2026-03-02 15:36:09",4841,4183,56296,-36.934718,-71.463018,9.65,106.7,-7.73,9.15,16.25,-9.5
"2026-03-02 15:36:10",4831,4173,56364,0,,9.65,106.7,-7.66,9.15,,-9.5
"2026-03-02 15:36:11",4822,4164,56432,0,,9.4,106.5,-7.58,9.2,,-9.4
"2026-03-02 15:36:12",4812,4154,56500,-36.934787,-71.462723,8.85,106.6,-7.51,9.2,,-9.4
"2026-03-02 15:36:13",4804,4146,56561,0,,8.95,105,-7.41,9.25,,-9.2
"2026-03-02 15:36:14",4795,4137,56622,0,,9.4,104.1,-7.33,9.25,,-9.1
"2026-03-02 15:36:15",4787,4129,56684,-36.934843,-71.462412,9.55,101.8,-7.26,9.25,,-9
"2026-03-02 15:36:16",4777,4119,56752,0,,9.45,101.9,-7.15,9.3,,-9
"2026-03-02 15:36:17",4768,4110,56822,0,,9.45,104.7,-7.07,9.3,,-9.1
"2026-03-02 15:36:18",4758,4100,56892,-36.934905,-71.46211,9.35,104.7,-7.07,9.35,,-9.2
"2026-03-02 15:36:19",4749,4091,56956,0,,8.85,105.9,-7.07,9.35,,-9.2
"2026-03-02 15:36:20",4741,4083,57020,0,,8.8,104.7,-6.99,9.4,,-9.2
"2026-03-02 15:36:21",4732,4074,57084,-36.934962,-71.461822,8.6,103.2,-6.93,9.45,,-9.1
"2026-03-02 15:36:22",4722,4064,57153,0,,8.85,101.2,-6.84,9.5,,-9.1
"2026-03-02 15:36:23",4713,4055,57220,0,,9.15,100.9,-6.78,9.55,,-9.1
"2026-03-02 15:36:24",4704,4046,57288,-36.935007,-71.461522,9.15,99.6,-6.71,9.6,,-9
"2026-03-02 15:36:25",4695,4037,57352,0,,9.05,98.6,-6.64,9.7,,-9.1
"2026-03-02 15:36:26",4686,4028,57420,0,,9.15,101.3,-6.58,9.75,,-9.1
"2026-03-02 15:36:27",4676,4018,57488,-36.935053,-71.461218,9.5,101.9,-6.53,9.8,,-9.2
"2026-03-02 15:36:28",4668,4010,57552,0,,9,101.9,-6.51,9.85,,-9.2
"2026-03-02 15:36:29",4659,4001,57615,0,,8.95,99.3,-6.48,9.9,,-9.1
"2026-03-02 15:36:30",4650,3992,57678,-36.935093,-71.460918,8.85,97.1,-6.44,9.95,,-9
"2026-03-02 15:36:32",4631,3973,57818,0,,9.1,97.5,-6.4,10.15,,-9.1
"2026-03-02 15:36:33",4622,3964,57890,-36.935143,-71.460627,8.7,100.7,-6.37,10.2,,-9.2
"2026-03-02 15:36:34",4612,3954,57957,0,,,,-6.34,10.25,,-9.2
"2026-03-02 15:36:35",4603,3945,58025,0,,,,-6.28,10.4,,-9.2
"2026-03-02 15:36:36",4594,3936,58094,0,,,,-6.22,10.45,15.75,-9.2
"2026-03-02 15:36:37",4586,3928,58155,0,,8.65,108.8,-6.16,10.55,,-9.1
"2026-03-02 15:36:38",4578,3920,58212,0,,8.6,107.8,-6.12,10.6,,-8.9
"2026-03-02 15:36:39",4570,3912,58270,-36.935287,-71.46007,8.55,104.7,-6.06,10.75,,-8.8
"2026-03-02 15:36:40",4561,3903,58338,0,,8.65,103.7,-6.03,10.85,,-8.9
"2026-03-02 15:36:41",4551,3893,58409,0,,8.9,104.8,-5.96,10.9,,-9
"2026-03-02 15:36:42",4542,3884,58480,-36.935353,-71.459787,8.75,105.8,-5.91,11,,-9
"2026-03-02 15:36:43",4532,3874,58549,0,,9,109.8,-5.86,11.1,,-9.1
"2026-03-02 15:36:44",4523,3865,58619,0,,9.1,111.7,-5.82,11.15,,-9
"2026-03-02 15:36:45",4513,3855,58690,-36.935445,-71.459502,9.35,111.8,-5.81,11.3,,-9
"2026-03-02 15:36:46",4505,3847,58752,0,,9.05,112.7,-5.79,11.45,,-8.9
"2026-03-02 15:36:47",4497,3839,58814,0,,8.95,113.6,-5.76,11.6,,-8.8
"2026-03-02 15:36:48",4488,3830,58876,-36.935537,-71.45922,8.7,111.5,-5.7,11.75,,-8.8
"2026-03-02 15:36:49",4480,3822,58940,0,,9.05,110.4,-5.68,11.95,,-8.8
"2026-03-02 15:36:50",4471,3813,59007,0,,9.4,111.2,-5.64,12.1,,-8.9
"2026-03-02 15:36:51",4462,3804,59074,-36.935638,-71.458933,9.25,114.1,-5.57,12.35,,-9
"2026-03-02 15:36:52",4452,3794,59145,0,,9.6,117.9,-5.52,12.55,,-9
"2026-03-02 15:36:53",4443,3785,59211,0,,9.55,120.7,-5.45,12.75,,-8.9
"2026-03-02 15:36:54",4434,3776,59278,-36.935767,-71.458658,9.55,119.8,-5.38,13,,-8.9
"2026-03-02 15:36:55",4427,3769,59335,0,,9,121.3,-5.33,13.15,,-8.8
"2026-03-02 15:36:56",4419,3761,59397,0,,9,121.3,-5.26,13.3,,-8.8
"2026-03-02 15:36:57",4410,3752,59460,-36.93589,-71.458392,9.1,119.3,-5.23,13.5,,-8.7
"2026-03-02 15:36:58",4401,3743,59532,0,,9.2,119,-5.18,13.75,,-8.7
"2026-03-02 15:36:59",4391,3733,59603,0,,9.35,121.9,-5.17,13.9,,-8.8
"2026-03-02 15:37:00",4382,3724,59674,-36.93603,-71.45813,9.45,122.3,-5.1,14.15,,-8.8
"2026-03-02 15:37:02",4364,3706,59807,0,,9.45,127.6,-5.04,14.75,,-8.9
"2026-03-02 15:37:03",4355,3697,59874,-36.936188,-71.457887,9.45,128,-4.98,15.1,15.75,-8.9
"2026-03-02 15:37:04",4347,3689,59934,0,,9.1,130.9,-4.94,15.5,,-8.8
"2026-03-02 15:37:05",4339,3681,59995,0,,9.1,130.9,-4.91,15.85,,-8.7
"2026-03-02 15:37:06",4331,3673,60056,-36.936337,-71.457657,8.55,126.8,-4.86,16.25,,-8.7
"2026-03-02 15:37:07",4322,3664,60126,0,,8.65,125.1,-4.82,16.65,,-8.7
"2026-03-02 15:37:08",4313,3655,60194,0,,8.95,124.7,-4.77,17.1,,-8.7
"2026-03-02 15:37:09",4304,3646,60262,-36.936477,-71.457413,8.55,123.7,-4.71,17.5,,-8.8
"2026-03-02 15:37:10",4296,3638,60326,0,,8.75,124.7,-4.63,18,,-8.8
"2026-03-02 15:37:11",4287,3629,60393,0,,8.75,124.7,-4.57,18.4,,-8.8
"2026-03-02 15:37:12",4278,3620,60460,-36.93663,-71.457177,9.1,128.7,-4.51,18.8,,-8.7
"2026-03-02 15:37:13",4269,3611,60528,0,,,,-4.45,19.2,,-8.7
"2026-03-02 15:37:14",4260,3602,60598,0,,,,-4.38,19.55,,-8.7
"2026-03-02 15:37:15",4251,3593,60668,0,,,,-4.34,19.9,,-8.7
"2026-03-02 15:37:16",4242,3584,60731,0,,8.55,129.9,-4.24,20.3,,-8.7
"2026-03-02 15:37:17",4234,3576,60795,0,,8.65,128.9,-4.22,20.65,,-8.7
"2026-03-02 15:37:18",4226,3568,60860,-36.936932,-71.456722,8.55,127,-4.17,21.05,,-8.8
"2026-03-02 15:37:19",4216,3558,60932,0,,8.8,126.8,-4.09,21.35,,-8.9
"2026-03-02 15:37:20",4207,3549,61004,0,,9.2,129.9,-4.02,21.6,,-8.9
"2026-03-02 15:37:21",4197,3539,61076,-36.937093,-71.456488,8.9,129.4,-3.97,21.75,,-8.9
"2026-03-02 15:37:22",4189,3531,61141,0,,9.3,131.9,-3.9,21.9,,-8.9
"2026-03-02 15:37:23",4180,3522,61207,0,,9.6,133.9,-3.85,22,,-8.9
"2026-03-02 15:37:24",4172,3514,61274,-36.937277,-71.45626,9.75,135,-3.78,22.1,,-8.9
"2026-03-02 15:37:25",4162,3504,61350,0,,9.5,135.6,-3.73,22.25,,-8.9
"2026-03-02 15:37:26",4152,3494,61425,0,,9.5,134.6,-3.67,22.5,,-9
"2026-03-02 15:37:27",4142,3484,61500,-36.937455,-71.456037,9.3,134.7,-3.63,22.85,,-9
"2026-03-02 15:37:29",4126,3468,61625,0,,9,131.8,-3.55,23.75,,-9
"2026-03-02 15:37:30",4118,3460,61688,-36.937617,-71.45581,8.8,131.5,-3.52,24.25,16,-8.9
"2026-03-02 15:37:32",4099,3441,61832,0,,9.1,129.9,-3.39,25.2,,-8.9
"2026-03-02 15:37:33",4090,3432,61906,-36.93779,-71.455578,9.2,132.2,-3.29,25.65,,-9
"2026-03-02 15:37:34",4080,3422,61979,0,,9.85,135,-3.26,26.1,,-9
"2026-03-02 15:37:35",4071,3413,62050,0,,9.95,135.9,-3.18,26.6,,-9
"2026-03-02 15:37:36",4062,3404,62122,-36.937985,-71.455347,10,137.1,-3.12,27.05,,-9.1
"2026-03-02 15:37:37",4053,3395,62189,0,,10.25,136,-3.05,27.5,,-9.1
"2026-03-02 15:37:38",4044,3386,62261,0,,10.1,136.3,-2.99,27.95,,-9.1
"2026-03-02 15:37:39",4035,3377,62334,-36.938178,-71.455112,9.75,135.8,-2.92,28.35,,-9
"2026-03-02 15:37:40",4026,3368,62399,0,,9.75,135.4,-2.84,28.75,,-8.9
"2026-03-02 15:37:41",4018,3360,62463,0,,9.75,135.4,-2.79,29.05,,-8.9
"2026-03-02 15:37:42",4010,3352,62528,-36.938358,-71.454868,9.7,131.8,-2.7,29.3,,-8.9
"2026-03-02 15:37:43",4000,3342,62604,0,,9.95,130.8,-2.65,29.5,,-9.1
"2026-03-02 15:37:44",3990,3332,62682,0,,10.1,131.5,-2.58,29.7,,-9.1
"2026-03-02 15:37:45",3980,3322,62760,-36.938543,-71.45461,10.3,130.2,-2.52,29.85,,-9.2
"2026-03-02 15:37:46",3972,3314,62828,0,,10.2,130.7,-2.44,30,,-9.1
"2026-03-02 15:37:47",3963,3305,62895,0,,10.15,131.6,-2.37,30.1,,-9
"2026-03-02 15:37:48",3955,3297,62962,-36.938738,-71.454348,10.85,133,-2.29,30.2,,-9
"2026-03-02 15:37:49",3945,3287,63034,0,,10.85,133,-2.22,30.2,,-9
"2026-03-02 15:37:50",3936,3278,63110,0,,11.2,133.7,-2.15,30.2,,-9
"2026-03-02 15:37:51",3926,3268,63186,-36.93895,-71.454077,11.4,133.8,-2.1,30.3,,-9.1
"2026-03-02 15:37:52",3917,3259,63257,0,,11.35,133.7,-2.02,30.3,,-9.1
"2026-03-02 15:37:53",3908,3250,63326,0,,11.05,134,-1.96,30.35,,-9.1
"2026-03-02 15:37:54",3900,3242,63396,-36.939153,-71.453808,10.7,133.4,-1.89,30.35,,-9.2
"2026-03-02 15:37:55",3891,3233,63464,0,,10.7,132.2,-1.83,30.4,,-9.1
"2026-03-02 15:37:56",3882,3224,63532,0,,10.95,129.5,-1.8,30.4,,-9
"2026-03-02 15:37:57",3874,3216,63600,-36.939345,-71.453522,10.95,129.8,-1.74,30.35,16.5,-8.8
"2026-03-02 15:37:58",3865,3207,63670,0,,11.45,128.2,-1.69,30.3,,-8.9
"2026-03-02 15:37:59",3856,3198,63744,0,,11.45,128.2,-1.64,30.25,,-8.9
"2026-03-02 15:38:00",3846,3188,63818,-36.939478,-71.453317,11.75,127.5,-1.6,30.25,,-9
"2026-03-02 15:38:02",3829,3171,63958,0,,12.25,130.3,-1.49,30.15,,-8.9
"2026-03-02 15:38:03",3820,3162,64028,-36.939763,-71.4529,12.4,131.3,-1.42,30.15,,-8.8
"2026-03-02 15:38:04",3811,3153,64099,0,,12.4,131.5,-1.41,30.15,,-8.9
"2026-03-02 15:38:05",3802,3144,64172,0,,11.9,131.7,-1.39,30.2,,-8.9
"2026-03-02 15:38:06",3793,3135,64246,-36.939975,-71.4526,11.65,131.8,-1.37,30.25,,-8.9
"2026-03-02 15:38:07",3784,3126,64313,0,,,,-1.25,30.35,,-8.9
"2026-03-02 15:38:08",3776,3118,64378,0,,,,-1.2,30.45,,-8.9
"2026-03-02 15:38:09",3768,3110,64444,0,,,,-1.13,30.6,,-8.8
"2026-03-02 15:38:10",3759,3101,64515,0,,,,-1.06,30.7,,-8.9
"2026-03-02 15:38:11",3750,3092,64588,0,,,,-0.98,30.85,,-8.9
"2026-03-02 15:38:12",3741,3083,64662,0,,,,-0.91,30.95,,-8.8
"2026-03-02 15:38:13",3732,3074,64734,0,,12.15,128.2,-0.82,31.1,,-8.8
"2026-03-02 15:38:14",3723,3065,64803,0,,12.15,128.2,-0.75,31.15,,-8.8
"2026-03-02 15:38:15",3715,3057,64872,-36.940532,-71.451762,12.45,130.8,-0.66,31.25,,-8.8
"2026-03-02 15:38:16",3706,3048,64943,0,,12.7,132,-0.6,31.25,,-8.8
"2026-03-02 15:38:17",3697,3039,65017,0,,12.6,132.6,-0.5,31.3,,-8.8
"2026-03-02 15:38:18",3688,3030,65092,-36.94084,-71.451342,12.75,132.8,-0.44,31.3,,-8.8
"2026-03-02 15:38:19",3678,3020,65166,0,,,,-0.36,31.4,,-8.8
"2026-03-02 15:38:20",3669,3011,65239,0,,,,-0.28,31.4,,-8.9
"2026-03-02 15:38:21",3660,3002,65312,0,,,,-0.19,31.4,,-9
"2026-03-02 15:38:22",3652,2994,65375,0,,12.35,132.6,-0.08,31.35,,-8.9
"2026-03-02 15:38:23",3644,2986,65440,0,,12.35,132.6,0,31.3,,-8.8
"2026-03-02 15:38:24",3636,2978,65506,-36.941275,-71.450717,12,129,0.06,31.25,17.25,-8.7
"2026-03-02 15:38:25",3628,2970,65575,0,,11.95,127.8,0.12,31.1,,-8.7
"2026-03-02 15:38:26",3619,2961,65643,0,,12.2,126.4,0.2,30.95,,-8.7
"2026-03-02 15:38:27",3611,2953,65712,-36.941472,-71.450385,12.25,127.1,0.25,30.75,,-8.6
"2026-03-02 15:38:28",3602,2944,65783,0,,,,0.31,30.4,,-8.6
"2026-03-02 15:38:29",3594,2936,65853,0,,,,0.39,29.9,,-8.6
"2026-03-02 15:38:30",3585,2927,65924,0,,,,0.45,29.25,,-8.5
"2026-03-02 15:38:31",3577,2919,65990,0,,,,0.5,28.45,,-8.5
"2026-03-02 15:38:32",3568,2910,66061,0,,,,0.58,27.55,,-8.5
"2026-03-02 15:38:33",3559,2901,66132,0,,,,0.65,26.6,,-8.5
"2026-03-02 15:38:34",3550,2892,66208,0,,12.95,128.6,0.73,25.65,,-8.5
"2026-03-02 15:38:35",3541,2883,66282,0,,12.75,129.2,0.8,24.85,,-8.6
"2026-03-02 15:38:36",3532,2874,66356,-36.942105,-71.44937,12.9,129.5,0.87,24.15,,-8.7
"2026-03-02 15:38:37",3524,2866,66425,0,,12.9,129.5,0.95,23.55,,-8.7
"2026-03-02 15:38:38",3516,2858,66491,0,,12.4,130.8,1.03,22.95,,-8.6
"2026-03-02 15:38:39",3507,2849,66558,-36.94225,-71.449157,12.6,130.5,1.11,22.4,,-8.6
"2026-03-02 15:38:40",3500,2842,66620,0,,12.3,131.2,1.18,21.85,,-8.6
"2026-03-02 15:38:41",3492,2834,66685,0,,12.3,131.2,1.25,21.4,,-8.5
"2026-03-02 15:38:42",3484,2826,66750,-36.942467,-71.448837,12.2,130.6,1.32,21,,-8.4
"2026-03-02 15:38:43",3476,2818,66815,0,,,,1.39,20.75,,-8.3
"2026-03-02 15:38:44",3468,2810,66880,0,,,,1.41,20.65,,-8.3
"2026-03-02 15:38:45",3460,2802,66946,0,,,,1.46,20.65,,-8.2
"2026-03-02 15:38:46",3452,2794,67011,0,,12.35,128.9,1.49,20.65,,-8.2
"2026-03-02 15:38:47",3444,2786,67079,0,,12.35,129.5,1.52,20.55,,-8.2
"2026-03-02 15:38:48",3436,2778,67148,-36.942972,-71.448088,12.3,131,1.54,20.25,,-8.1
"2026-03-02 15:38:49",3427,2769,67219,0,,,,1.57,19.9,,-8.1
"2026-03-02 15:38:50",3419,2761,67289,0,,,,1.62,19.4,,-8.1
"2026-03-02 15:38:51",3410,2752,67360,0,,,,1.65,18.85,18.5,-8.1
"2026-03-02 15:38:52",3402,2744,67432,0,,,,1.67,18.25,,-8.2
"2026-03-02 15:38:53",3393,2735,67505,0,,,,1.71,17.6,,-8.2
"2026-03-02 15:38:54",3384,2726,67578,0,,,,1.74,16.95,,-8.3
"2026-03-02 15:38:55",3376,2718,67648,0,,12.2,135.1,1.77,16.25,,-8.4
"2026-03-02 15:38:56",3367,2709,67717,0,,13.15,139.8,1.77,15.6,,-8.4
"2026-03-02 15:38:57",3359,2701,67786,-36.943728,-71.447208,13.15,140.1,1.74,14.9,,-8.4
"2026-03-02 15:38:58",3350,2692,67858,0,,13.2,140.1,1.71,14.2,,-8.5
"2026-03-02 15:38:59",3341,2683,67934,0,,12.95,141.9,1.69,13.7,,-8.5
"2026-03-02 15:39:00",3332,2674,68010,-36.943917,-71.447028,13.15,142,1.67,13.4,,-8.6
"2026-03-02 15:39:02",3314,2656,68162,0,,13.05,143.1,1.69,13,,-8.7
"2026-03-02 15:39:03",3305,2647,68240,-36.944198,-71.446767,12.9,143,1.71,12.9,,-8.8
"2026-03-02 15:39:04",3297,2639,68307,0,,,,1.76,12.85,,-8.7
"2026-03-02 15:39:05",3289,2631,68374,0,,,,1.79,12.8,,-8.7
"2026-03-02 15:39:06",3281,2623,68442,0,,,,1.8,12.7,,-8.6
"2026-03-02 15:39:07",3272,2614,68514,0,,12.35,141.2,1.83,12.5,,-8.6
"2026-03-02 15:39:08",3264,2606,68586,0,,12.25,141,1.83,12.3,,-8.6
"2026-03-02 15:39:09",3255,2597,68658,-36.944812,-71.446167,11.95,141.4,1.84,12.15,,-8.7
"2026-03-02 15:39:10",3247,2589,68727,0,,,,1.86,12,,-8.7
"2026-03-02 15:39:11",3239,2581,68797,0,,,,1.89,11.9,,-8.6
"2026-03-02 15:39:12",3230,2572,68868,0,,,,1.93,11.8,,-8.6
"2026-03-02 15:39:13",3222,2564,68941,0,,,,1.98,11.7,,-8.5
"2026-03-02 15:39:14",3213,2555,69012,0,,,,2.02,11.55,,-8.4
"2026-03-02 15:39:15",3205,2547,69084,0,,,,2.08,11.45,,-8.3
"2026-03-02 15:39:16",3196,2538,69161,0,,11.7,136.5,2.14,11.35,,-8.4
"2026-03-02 15:39:17",3187,2529,69234,0,,12,137.5,2.22,11.25,,-8.4
"2026-03-02 15:39:18",3178,2520,69308,-36.94553,-71.445365,11.95,137.2,2.28,11.15,19.5,-8.5
"2026-03-02 15:39:19",3170,2512,69377,0,,12,137.2,2.33,11.1,,-8.5
"2026-03-02 15:39:20",3162,2504,69449,0,,12.05,138.4,2.34,11.2,,-8.5
"2026-03-02 15:39:21",3153,2495,69522,-36.945695,-71.445187,12.05,139,2.42,11.5,,-8.5
"2026-03-02 15:39:22",3145,2487,69595,0,,12.2,140.4,2.47,11.95,,-8.5
"2026-03-02 15:39:23",3136,2478,69667,0,,12.2,140.4,2.51,12.45,,-8.5
"2026-03-02 15:39:24",3128,2470,69740,-36.94596,-71.44493,12.85,142.6,2.57,12.95,,-8.5
"2026-03-02 15:39:25",3119,2461,69813,0,,12.85,142.6,2.62,13.55,,-8.5
"2026-03-02 15:39:26",3111,2453,69886,0,,12.85,143.5,2.69,14.15,,-8.5
"2026-03-02 15:39:27",3102,2444,69960,-36.946342,-71.444593,13,144.8,2.76,14.9,,-8.5
"2026-03-02 15:39:28",3093,2435,70035,0,,13,144.8,2.81,15.65,,-8.6
"2026-03-02 15:39:29",3084,2426,70112,0,,13.15,145.6,2.87,16.5,,-8.6
"2026-03-02 15:39:30",3075,2417,70190,-36.946635,-71.444348,13,146.6,2.93,17.25,,-8.6
"2026-03-02 15:39:32",3057,2399,70350,0,,13.15,146.5,3.05,18.8,,-8.8
"2026-03-02 15:39:33",3047,2389,70430,-36.946933,-71.444115,13.05,147.5,3.1,19.5,,-8.8
"2026-03-02 15:39:34",3039,2381,70501,0,,,,3.19,20.25,,-8.8
"2026-03-02 15:39:35",3030,2372,70576,0,,,,3.24,20.95,,-8.8
"2026-03-02 15:39:36",3022,2364,70652,0,,,,3.27,21.5,,-8.8
"2026-03-02 15:39:37",3013,2355,70727,0,,12.75,151,3.28,21.75,,-8.8
"2026-03-02 15:39:38",3005,2347,70799,0,,12.75,151,3.32,22,,-8.8
"2026-03-02 15:39:39",2996,2338,70872,-36.947528,-71.443702,12.2,153.7,3.33,22.2,,-8.8
"2026-03-02 15:39:40",2987,2329,70952,0,,11.85,156.4,3.36,22.5,,-8.8
"2026-03-02 15:39:41",2978,2320,71032,0,,11.95,158.6,3.4,22.8,,-8.9
"2026-03-02 15:39:42",2969,2311,71112,-36.947827,-71.443555,11.8,159.4,3.47,23.05,,-8.9
"2026-03-02 15:39:44",2951,2293,71268,0,,12.1,159.1,3.6,23.45,,-8.9
"2026-03-02 15:39:45",2942,2284,71348,-36.948127,-71.443415,11.9,159.6,3.63,23.65,20.5,-8.9
"2026-03-02 15:39:46",2932,2274,71427,0,,,,3.7,23.9,,-8.9
"2026-03-02 15:39:47",2923,2265,71508,0,,,,3.75,24.2,,-8.9
"2026-03-02 15:39:48",2914,2256,71590,0,,,,3.77,24.65,,-9
"2026-03-02 15:39:49",2905,2247,71671,0,,10.45,158.3,3.8,25.15,,-9
"2026-03-02 15:39:50",2895,2237,71752,0,,10.15,158.3,3.84,25.65,,-9.1
"2026-03-02 15:39:51",2886,2228,71834,-36.948652,-71.443162,9.4,160.7,3.89,26.35,,-9.2
"2026-03-02 15:39:52",2876,2218,71920,0,,9.15,162.2,3.94,26.95,,-9.3
"2026-03-02 15:39:53",2866,2208,72006,0,,9.2,161.5,4.01,27.45,,-9.3
"2026-03-02 15:39:54",2857,2199,72092,-36.948893,-71.443063,9.15,159.8,4.07,28,,-9.4
