timestamp,msl,agl,pressure,latitude,longitude,speed,heading,temperature,relative_humidity,internal_temperature,rise_speed
"2026-03-02 20:39:10",1064,3,88976,-36.818468,-71.575935,0.4,30.8,24.07,33.25,,-0.2
"2026-03-02 20:39:11",1065,4,88962,0,,0.8,41.8,23.96,33.25,,0
"2026-03-02 20:39:12",1066,5,88950,0,,1.75,72.5,23.67,32.9,,0.1
"2026-03-02 20:39:13",1067,6,88938,-36.818462,-71.575883,2.75,119.1,23.35,32.65,35,0.3
"2026-03-02 20:39:15",1071,10,88897,0,,2.2,64.5,23,32.75,,0.5
"2026-03-02 20:39:16",1073,12,88876,-36.818467,-71.575842,2,93,22.8,32.9,,0.7
"2026-03-02 20:39:17",1076,15,88846,0,,0.45,272.6,22.68,33.2,,1
"2026-03-02 20:39:18",1079,18,88818,0,,2.8,107.3,22.41,33.4,,1.2
"2026-03-02 20:39:19",1082,21,88790,-36.818448,-71.575782,2.2,41.1,22.19,33.7,,1.5
"2026-03-02 20:39:20",1086,25,88745,0,,2.65,30.6,22.02,33.9,,1.9
"2026-03-02 20:39:21",1091,30,88701,0,,2.95,125.8,21.85,34.2,,2.2
"2026-03-02 20:39:22",1095,34,88658,-36.81846,-71.575717,3.5,137.6,21.74,34.45,,2.6
"2026-03-02 20:39:23",1099,38,88612,0,,3.55,137.6,21.57,34.7,,2.7
"2026-03-02 20:39:24",1104,43,88565,0,,8.45,99.9,21.51,34.9,,3
"2026-03-02 20:39:25",1109,48,88518,-36.818492,-71.575518,6.55,110.6,21.54,35.1,,3.3
"2026-03-02 20:39:27",1120,59,88402,0,,7.25,93.2,21.2,35.35,,3.8
"2026-03-02 20:39:28",1126,65,88344,-36.81849,-71.575285,6.45,70.6,21.05,35.55,,4.2
"2026-03-02 20:39:29",1130,69,88300,0,,12.25,79.7,20.9,35.75,,4.5
"2026-03-02 20:39:30",1134,73,88259,0,,6.55,86.8,20.83,35.95,,4.6
"2026-03-02 20:39:31",1138,77,88218,-36.818458,-71.575015,6.35,82,20.55,36,,4.7
"2026-03-02 20:39:32",1140,79,88195,0,,10.7,83.9,20.28,36.1,,4.5
"2026-03-02 20:39:33",1143,82,88171,0,,5.85,79.2,20.16,36.25,,4.3
"2026-03-02 20:39:34",1145,84,88148,-36.81844,-71.574763,6.8,87,19.87,36.45,,4.2
"2026-03-02 20:39:35",1147,86,88130,0,,7.9,83.1,19.63,36.65,,3.9
"2026-03-02 20:39:36",1148,87,88113,0,,6.1,76.7,19.4,37,,3.7
"2026-03-02 20:39:37",1150,89,88096,-36.818418,-71.574525,8.6,88.4,19.19,37.3,,3.4
"2026-03-02 20:39:39",1154,93,88055,0,,5.4,84.3,19.09,37.9,,2.8
"2026-03-02 20:39:40",1156,95,88036,-36.818408,-71.574308,7.55,91.6,19.01,38.15,35,2.5
"2026-03-02 20:39:41",1158,97,88017,0,,6.1,68,18.91,38.45,,2.5
"2026-03-02 20:39:42",1160,99,87998,0,,9.55,84,18.77,38.65,,2.3
"2026-03-02 20:39:43",1161,100,87980,-36.818382,-71.574062,5.7,90.2,18.89,38.9,,2.1
"2026-03-02 20:39:44",1163,102,87962,0,,5.95,90.1,18.8,39.1,,1.9
"2026-03-02 20:39:45",1165,104,87945,0,,8.15,91.5,18.77,39.25,,1.8
"2026-03-02 20:39:46",1167,106,87928,-36.818387,-71.573843,5.6,73,18.7,39.4,,1.8
"2026-03-02 20:39:47",1168,107,87912,0,,7.4,101.6,18.54,39.45,,1.8
"2026-03-02 20:39:48",1170,109,87897,0,,7.8,96.5,18.61,39.55,,1.8
"2026-03-02 20:39:49",1171,110,87882,-36.818405,-71.573622,4.75,87.2,18.57,39.7,,1.7
"2026-03-02 20:39:50",1173,112,87859,0,,8.7,100.1,18.46,39.85,,1.8
"2026-03-02 20:39:51",1175,114,87836,0,,8,80.8,18.39,39.95,,1.8
"2026-03-02 20:39:52",1178,117,87814,-36.81841,-71.573362,7.35,102.1,18.34,40.05,,1.8
"2026-03-02 20:39:53",1179,118,87798,0,,8.35,86.6,18.4,40.15,,1.8
"2026-03-02 20:39:54",1181,120,87783,0,,5.75,99.1,18.34,40.25,,1.8
"2026-03-02 20:39:55",1182,121,87768,-36.81844,-71.573115,9.55,101.1,18.24,40.3,,1.7
"2026-03-02 20:39:56",1184,123,87749,0,,7.65,87.5,18.27,40.35,,1.7
"2026-03-02 20:39:57",1186,125,87729,0,,6.3,100,18.21,40.4,,1.8
"2026-03-02 20:39:58",1188,127,87710,-36.818453,-71.572848,9.3,90.2,18.17,40.5,,1.8
"2026-03-02 20:39:59",1191,130,87675,0,,5.4,80.9,18.16,40.65,,1.9
"2026-03-02 20:40:00",1194,133,87642,0,,6.5,91.2,18.14,40.75,,2.1
"2026-03-02 20:40:01",1198,137,87610,-36.818438,-71.572627,7.45,82.1,18.16,40.9,,2.2
"2026-03-02 20:40:02",1200,139,87587,0,,6.8,92.8,18.15,41,,2.2
"2026-03-02 20:40:03",1202,141,87564,0,,8.8,97,18.26,41.15,,2.2
"2026-03-02 20:40:04",1204,143,87542,-36.818442,-71.572382,5.45,80.2,18.29,41.2,,2.2
"2026-03-02 20:40:05",1207,146,87512,0,,7.85,96.5,18.25,41.2,,2.3
"2026-03-02 20:40:06",1210,149,87483,0,,8.2,71,18.29,41.3,,2.4
"2026-03-02 20:40:07",1213,152,87454,-36.818408,-71.57213,8.4,74.7,18.27,41.3,34,2.5
"2026-03-02 20:40:08",1216,155,87426,0,,8.3,82.3,18.44,41.35,,2.6
"2026-03-02 20:40:09",1219,158,87398,0,,7.2,103.4,18.49,41.35,,2.7
"2026-03-02 20:40:10",1221,160,87370,-36.818393,-71.571868,9.2,78.2,18.44,41.3,,2.8
"2026-03-02 20:40:11",1223,162,87352,0,,8.2,84.3,18.45,41.25,,2.7
"2026-03-02 20:40:12",1225,164,87335,0,,7,66.9,18.43,41.2,,2.6
"2026-03-02 20:40:13",1226,165,87318,-36.818355,-71.571608,8.55,95.5,18.39,41.15,,2.5
"2026-03-02 20:40:15",1228,167,87296,0,,8.8,79.3,18.33,,,2.2
"2026-03-02 20:40:16",1229,168,87286,-36.818343,-71.571352,7,101.4,18.25,40.9,,2.1
"2026-03-02 20:40:17",1231,170,87274,0,,7.25,67.8,18.19,40.85,,1.9
"2026-03-02 20:40:18",1232,171,87263,0,,6.85,91.1,18.13,40.8,,1.8
"2026-03-02 20:40:19",1233,172,87252,-36.818318,-71.571123,7.15,91.9,18.07,40.8,,1.6
"2026-03-02 20:40:20",1234,173,87237,0,,7.85,87.3,18.05,40.8,,1.5
"2026-03-02 20:40:21",1236,175,87223,0,,5.45,97,17.92,40.8,,1.4
"2026-03-02 20:40:22",1237,176,87210,-36.818303,-71.570895,7.7,70.8,17.82,40.85,,1.3
"2026-03-02 20:40:23",1238,177,87194,0,,6,94,17.73,,,1.3
"2026-03-02 20:40:24",1240,179,87179,0,,6.7,87.6,17.64,41.05,,1.3
"2026-03-02 20:40:25",1241,180,87164,-36.818277,-71.570672,7.25,74.5,17.62,41.2,,1.2
"2026-03-02 20:40:27",1244,183,87136,0,,8.55,76,17.61,41.4,,1.3
"2026-03-02 20:40:28",1246,185,87122,-36.818245,-71.570445,6.7,80.4,17.66,41.55,,1.3
"2026-03-02 20:40:29",1247,186,87109,0,,7.05,104.7,17.64,41.7,,1.3
"2026-03-02 20:40:30",1248,187,87096,0,,8.8,80.2,17.62,41.8,,1.3
"2026-03-02 20:40:31",1249,188,87084,-36.818243,-71.570203,5.85,88.5,17.62,41.85,,1.4
"2026-03-02 20:40:32",1251,190,87069,0,,8.4,91.2,17.66,41.95,,1.4
"2026-03-02 20:40:33",1252,191,87055,0,,6.9,82.4,17.7,42,,1.4
"2026-03-02 20:40:34",1253,192,87042,-36.818235,-71.56996,7.3,101.9,17.7,42,33.75,1.4
"2026-03-02 20:40:35",1256,195,87019,0,,10.15,84.8,17.69,42,,1.4
"2026-03-02 20:40:36",1258,197,86996,0,,6.7,89.1,17.61,42,,1.5
"2026-03-02 20:40:37",1260,199,86974,-36.818225,-71.569688,7.75,82.3,17.58,42,,1.6
"2026-03-02 20:40:38",1261,200,86963,0,,8.3,80.4,17.61,42,,1.5
"2026-03-02 20:40:39",1262,201,86952,0,,5.4,87.9,17.56,42,,1.5
"2026-03-02 20:40:40",1263,202,86942,-36.818198,-71.569447,9.3,80.2,17.5,42,,1.5
"2026-03-02 20:40:42",1268,207,86891,0,,7.25,95.9,17.43,42.05,,1.7
"2026-03-02 20:40:43",1271,210,86866,-36.818193,-71.56918,8.95,84.8,17.43,42.1,,1.8
"2026-03-02 20:40:46",1278,217,86796,-36.81818,-71.568927,8.4,74.3,17.43,42.2,,2
"2026-03-02 20:40:48",1282,221,86753,0,,9.55,81.9,17.43,42.3,,2
"2026-03-02 20:40:49",1284,223,86732,-36.818142,-71.568663,6.15,84.4,17.43,42.35,,2
"2026-03-02 20:40:51",1286,225,86711,0,,8.05,67.8,17.36,42.4,,1.9
"2026-03-02 20:40:52",1287,226,86702,-36.818108,-71.56843,7,89.1,17.27,42.35,,1.9
"2026-03-02 20:40:54",1292,231,86654,0,,8.1,88.4,17.18,42.4,,2
"2026-03-02 20:40:55",1294,233,86630,-36.818108,-71.56817,7.05,99.5,17.16,42.5,,2
"2026-03-02 20:40:57",1297,236,86597,0,,10.75,78.3,17.16,42.65,,1.9
"2026-03-02 20:40:58",1299,238,86582,-36.818063,-71.567888,6.75,96.5,17.27,42.8,,1.8
"2026-03-02 20:40:59",1300,239,86570,0,,9.2,83.4,17.25,42.85,,1.7
"2026-03-02 20:41:00",1301,240,86559,0,,8.7,88.8,17.27,42.9,,1.6
"2026-03-02 20:41:01",1302,241,86548,-36.81804,-71.567607,7.3,81,17.35,42.95,33,1.5
"2026-03-02 20:41:02",1303,242,86537,0,,7.4,93,17.32,42.9,,1.5
"2026-03-02 20:41:03",1304,243,86526,0,,6.25,84.4,17.43,42.9,,1.5
"2026-03-02 20:41:04",1306,245,86516,-36.818013,-71.567363,7.55,80.5,17.37,42.75,,1.5
"2026-03-02 20:41:05",1307,246,86505,0,,8.85,92,17.32,42.65,,1.5
"2026-03-02 20:41:06",1307,246,86495,0,,5.6,84.9,17.32,42.6,,1.3
"2026-03-02 20:41:07",1308,247,86486,-36.817995,-71.567105,9.25,83.6,17.16,42.5,,1.2
"2026-03-02 20:41:08",1310,249,86472,0,,8.05,85.1,17.21,42.45,,1.2
"2026-03-02 20:41:09",1311,250,86458,0,,6.9,82.2,17.13,42.45,,1.2
"2026-03-02 20:41:10",1313,252,86444,-36.817977,-71.566833,9.5,93.5,17.08,42.45,,1.2
"2026-03-02 20:41:11",1314,253,86433,0,,5.45,89.3,17.12,42.5,,1.1
"2026-03-02 20:41:12",1315,254,86422,0,,8.3,89.8,17,42.5,,1.1
"2026-03-02 20:41:13",1316,255,86412,-36.817978,-71.566583,8.1,95.1,17.02,42.55,,1.1
"2026-03-02 20:41:15",1317,256,86396,0,,9.2,95,16.89,42.65,,1.1
"2026-03-02 20:41:16",1318,257,86388,-36.817987,-71.566327,6.65,83.8,16.98,42.7,,1.1
"2026-03-02 20:41:18",1319,258,86377,0,,8.1,94.4,16.94,42.8,,1
"2026-03-02 20:41:19",1320,259,86372,-36.817982,-71.566082,5.95,86.4,16.93,42.9,,0.9
"2026-03-02 20:41:21",1323,262,86343,0,,5.75,86.2,16.94,43,,0.9
"2026-03-02 20:41:22",1324,263,86330,-36.817963,-71.56585,6.7,70.5,16.86,43,,0.9
"2026-03-02 20:41:23",1325,264,86321,0,,6.95,98.6,16.82,43.05,,0.9
"2026-03-02 20:41:24",1326,265,86312,0,,5.55,77.1,16.82,43.1,,0.9
"2026-03-02 20:41:25",1326,265,86304,-36.81795,-71.565632,8.6,90.3,16.74,43.15,,0.9
"2026-03-02 20:41:27",1329,268,86281,0,,6.35,93.6,16.79,43.25,,0.9
"2026-03-02 20:41:28",1330,269,86270,-36.817952,-71.5654,7.75,97.9,16.67,43.25,32.75,1
"2026-03-02 20:41:29",1331,270,86253,0,,7.75,97.9,16.65,43.25,,1
"2026-03-02 20:41:30",1333,272,86236,0,,7.3,90.9,16.64,43.35,,1.1
"2026-03-02 20:41:31",1335,274,86220,-36.817943,-71.565172,5.8,103.4,16.71,43.4,,1.2
"2026-03-02 20:41:32",1336,275,86203,0,,7.7,79.4,16.67,43.4,,1.3
"2026-03-02 20:41:33",1338,277,86186,0,,7.95,95.6,16.68,43.45,,1.3
"2026-03-02 20:41:34",1340,279,86170,-36.817918,-71.564925,7.05,76.3,16.74,43.55,,1.3
"2026-03-02 20:41:35",1342,281,86150,0,,6.15,94.5,16.66,43.55,,1.4
"2026-03-02 20:41:36",1344,283,86131,0,,8,82.8,16.56,43.55,,1.5
"2026-03-02 20:41:37",1346,285,86112,-36.817895,-71.564688,8.55,72.7,16.57,43.6,,1.6
"2026-03-02 20:41:38",1348,287,86083,0,,5.9,77.4,16.58,43.65,,1.7
"2026-03-02 20:41:39",1351,290,86054,0,,7.35,101.5,16.55,43.7,,1.8
"2026-03-02 20:41:40",1354,293,86026,-36.817875,-71.564453,7.9,71.5,16.58,43.75,,2
"2026-03-02 20:41:41",1356,295,86005,0,,7.7,84.5,16.57,43.8,,2
"2026-03-02 20:41:42",1358,297,85983,0,,7.9,88.4,16.64,43.8,,2.1
"2026-03-02 20:41:43",1360,299,85962,-36.817843,-71.5642,7.35,61.6,16.62,43.8,,2.1
"2026-03-02 20:41:45",1365,304,85920,0,,10.45,84.2,16.46,43.8,,2.2
"2026-03-02 20:41:46",1367,306,85900,-36.817815,-71.563933,6.1,76.4,16.48,43.85,,2.2
"2026-03-02 20:41:47",1369,308,85878,0,,7.4,96.3,16.4,43.9,,2.2
"2026-03-02 20:41:48",1371,310,85857,0,,8.6,72.9,16.5,43.95,,2.2
"2026-03-02 20:41:49",1373,312,85836,-36.817797,-71.563693,5.35,96.4,16.49,43.95,,2.3
"2026-03-02 20:41:50",1376,315,85801,0,,9.3,92.5,16.47,43.95,,2.3
"2026-03-02 20:41:51",1380,319,85766,0,,8.15,73.1,16.49,43.95,,2.4
"2026-03-02 20:41:52",1383,322,85732,-36.817788,-71.563425,8,97.7,16.49,43.95,,2.4
"2026-03-02 20:41:53",1386,325,85706,0,,8,79.3,16.49,43.95,,2.5
"2026-03-02 20:41:54",1388,327,85680,0,,7.05,90.4,16.47,43.9,,2.5
"2026-03-02 20:41:55",1391,330,85654,-36.817782,-71.563168,8.05,89.3,16.44,43.9,32.5,2.6
"2026-03-02 20:41:56",1393,332,85633,0,,8.75,73.6,16.4,43.85,,2.5
"2026-03-02 20:41:57",1395,334,85613,0,,6.8,101.7,16.36,43.85,,2.5
"2026-03-02 20:41:58",1397,336,85594,-36.817772,-71.562905,8.85,83.3,16.25,43.9,,2.5
"2026-03-02 20:41:59",1399,338,85573,0,,6.95,83.7,16.22,43.95,,2.5
"2026-03-02 20:42:00",1401,340,85552,0,,6.9,98.8,16.19,44,,2.5
"2026-03-02 20:42:01",1403,342,85532,-36.817763,-71.562643,9.7,81.7,16.15,44.05,,2.5
"2026-03-02 20:42:02",1405,344,85510,0,,6.45,91.1,16.17,44.15,,2.5
"2026-03-02 20:42:03",1408,347,85488,0,,8.4,84.1,16.09,44.2,,2.4
"2026-03-02 20:42:04",1410,349,85466,-36.81775,-71.562375,8.35,86.7,16.05,44.25,,2.3
"2026-03-02 20:42:05",1412,351,85445,0,,6.2,92.8,16,44.3,,2.2
"2026-03-02 20:42:06",1414,353,85424,0,,9.55,79.4,16.02,44.4,,2.1
"2026-03-02 20:42:07",1416,355,85404,-36.817737,-71.562113,5.9,89.1,15.98,44.45,,2.1
"2026-03-02 20:42:08",1418,357,85385,0,,7,85.7,15.94,44.55,,2.1
"2026-03-02 20:42:09",1420,359,85366,0,,9.45,89.9,15.95,44.7,,2
"2026-03-02 20:42:10",1422,361,85348,-36.817735,-71.56186,5.85,96.8,16,44.7,,2
"2026-03-02 20:42:11",1423,362,85336,0,,8.75,75,15.94,44.75,,2
"2026-03-02 20:42:12",1424,363,85325,0,,9.05,99.6,15.88,44.8,,1.9
"2026-03-02 20:42:13",1425,364,85314,-36.817728,-71.561588,7.25,87.2,15.78,44.85,,1.8
"2026-03-02 20:42:14",1427,366,85295,0,,10,80.1,15.75,44.95,,1.8
"2026-03-02 20:42:15",1429,368,85277,0,,7.25,102.4,15.79,45.05,,1.7
"2026-03-02 20:42:16",1430,369,85260,-36.817727,-71.561302,8.95,88.7,15.78,45.1,,1.7
"2026-03-02 20:42:17",1433,372,85234,0,,6.9,85.4,15.82,45.15,,1.8
"2026-03-02 20:42:18",1436,375,85208,0,,6.2,82.8,15.75,45.2,,1.8
"2026-03-02 20:42:19",1438,377,85182,-36.817697,-71.561052,9.45,73.7,15.69,45.2,,1.9
"2026-03-02 20:42:20",1440,379,85159,0,,6.2,102.3,15.77,45.3,,1.9
"2026-03-02 20:42:21",1443,382,85137,0,,5.65,90.9,15.74,45.35,,1.9
"2026-03-02 20:42:22",1445,384,85116,-36.817698,-71.560818,7.75,92.2,15.62,45.35,32.75,1.9
"2026-03-02 20:42:23",1447,386,85091,0,,6.7,107.3,15.65,45.35,,2
"2026-03-02 20:42:24",1450,389,85066,0,,6.5,81.4,15.64,45.4,,2.1
"2026-03-02 20:42:25",1452,391,85042,-36.817708,-71.560585,7.45,98.5,15.61,45.45,,2.2
"2026-03-02 20:42:27",1458,397,84983,0,,8.35,84.5,15.49,45.55,,2.4
"2026-03-02 20:42:28",1461,400,84954,-36.817722,-71.560357,7.2,111.2,15.62,45.6,,2.5
"2026-03-02 20:42:29",1464,403,84927,0,,6,104.3,15.6,45.6,,2.6
"2026-03-02 20:42:30",1466,405,84900,0,,9.2,100,15.51,45.65,,2.6
"2026-03-02 20:42:31",1469,408,84874,-36.817768,-71.560123,5.25,117,15.55,45.65,,2.6
"2026-03-02 20:42:32",1472,411,84849,0,,6.5,83.5,15.53,45.7,,2.6
"2026-03-02 20:42:33",1474,413,84824,0,,6.95,99.9,15.55,45.7,,2.6
"2026-03-02 20:42:34",1476,415,84800,-36.817777,-71.55992,3.8,92.6,15.48,45.7,,2.6
"2026-03-02 20:42:35",1479,418,84773,0,,8.55,90.4,15.38,45.7,,2.7
"2026-03-02 20:42:36",1482,421,84746,0,,4.95,114.9,15.51,45.8,,2.7
"2026-03-02 20:42:37",1485,424,84720,-36.817788,-71.559722,5.75,82.9,15.48,45.8,,2.7
"2026-03-02 20:42:38",1487,426,84692,0,,6.7,115.4,15.41,45.8,,2.7
"2026-03-02 20:42:39",1490,429,84664,0,,3.25,98.3,15.43,45.8,,2.7
"2026-03-02 20:42:40",1493,432,84636,-36.817813,-71.559545,6.95,92.5,15.37,45.85,,2.7
"2026-03-02 20:42:41",1495,434,84612,0,,4.05,119.7,15.43,45.9,,2.6
"2026-03-02 20:42:42",1498,437,84589,0,,5.4,70.6,15.36,45.9,,2.6
"2026-03-02 20:42:43",1500,439,84566,-36.817817,-71.559377,6.55,101.3,15.39,45.95,,2.6
"2026-03-02 20:42:45",1504,443,84524,0,,6.65,91.7,15.26,45.95,,2.5
"2026-03-02 20:42:46",1506,445,84504,-36.81783,-71.55922,3.6,119,15.37,46.05,,2.5
"2026-03-02 20:42:47",1507,446,84494,0,,2.75,104.2,15.33,46.05,,2.4
"2026-03-02 20:42:48",1508,447,84485,0,,4.75,113.2,15.21,46.05,,2.2
"2026-03-02 20:42:49",1509,448,84476,-36.817862,-71.559105,3.9,83.1,15.14,46.1,32,2.1
"2026-03-02 20:42:50",1512,451,84451,0,,3.5,76.3,15.1,46.15,,2.1
"2026-03-02 20:42:51",1514,453,84427,0,,4.35,116.4,15.06,46.25,,2.1
"2026-03-02 20:42:52",1516,455,84404,-36.817873,-71.558987,3.65,110.1,15.04,46.3,,2
"2026-03-02 20:42:53",1518,457,84387,0,,3.8,112.4,15.01,46.35,,1.9
"2026-03-02 20:42:54",1520,459,84371,0,,5.35,85.8,14.95,46.45,,1.8
"2026-03-02 20:42:55",1521,460,84356,-36.817897,-71.558853,3.6,122.7,14.96,46.5,,1.8
"2026-03-02 20:42:56",1523,462,84335,0,,3.9,110.6,14.99,46.45,,1.8
"2026-03-02 20:42:57",1525,464,84314,0,,5.05,93.1,14.95,46.45,,1.8
"2026-03-02 20:42:58",1527,466,84294,-36.817928,-71.558723,3.9,132.5,15.02,46.45,,1.8
"2026-03-02 20:42:59",1529,468,84279,0,,3.6,94.5,15.02,46.4,,1.8
"2026-03-02 20:43:00",1530,469,84265,0,,4.5,118.2,15,46.35,,1.8
"2026-03-02 20:43:01",1532,471,84252,-36.81797,-71.558608,2.9,128.8,15.01,46.3,,1.9
"2026-03-02 20:43:02",1534,473,84232,0,,4.4,100.9,14.98,46.3,,1.8
"2026-03-02 20:43:03",1536,475,84213,0,,1.7,144.2,15.04,46.3,,1.8
"2026-03-02 20:43:04",1537,476,84194,-36.817992,-71.558518,3.65,79.1,15.02,46.35,,1.7
"2026-03-02 20:43:05",1539,478,84174,0,,3.85,119.7,15.04,46.35,,1.8
"2026-03-02 20:43:06",1541,480,84154,0,,1.05,101.4,15.04,46.35,,1.8
"2026-03-02 20:43:07",1544,483,84134,-36.818005,-71.558428,4,90.9,14.99,46.35,,1.8
"2026-03-02 20:43:08",1545,484,84120,0,,1.75,151,15.02,46.35,,1.8
"2026-03-02 20:43:09",1546,485,84107,0,,3.05,75.8,14.98,46.3,,1.7
"2026-03-02 20:43:10",1548,487,84094,-36.818022,-71.558342,4.75,117.2,14.98,46.25,,1.7
"2026-03-02 20:43:12",1552,491,84045,0,,3.7,79.6,14.91,46.1,,1.8
"2026-03-02 20:43:13",1555,494,84022,-36.818053,-71.558238,4.55,146,14.86,46.05,,1.9
"2026-03-02 20:43:15",1558,497,83992,0,,2.8,94.5,14.77,46.05,,1.9
"2026-03-02 20:43:16",1559,498,83978,-36.818082,-71.558135,3.05,113.1,14.66,46.1,31.5,1.8
"2026-03-02 20:43:18",1563,502,83946,0,,2.7,130.3,14.66,46.2,,1.8
"2026-03-02 20:43:19",1564,503,83930,-36.81809,-71.55801,4.1,89.7,14.65,46.25,,1.7
"2026-03-02 20:43:21",1568,507,83893,0,,2.3,129,14.83,46.35,,1.8
"2026-03-02 20:43:22",1570,509,83876,-36.81809,-71.557897,2.8,87.1,14.78,46.4,,1.8
"2026-03-02 20:43:24",1572,511,83857,0,,6.5,126,14.83,46.45,,1.7
"2026-03-02 20:43:25",1572,511,83848,-36.818148,-71.55776,2.8,105.6,14.84,46.4,,1.5
"2026-03-02 20:43:28",1574,513,83832,-36.81818,-71.557645,1.65,115.3,14.65,46.2,,1.2
"2026-03-02 20:43:30",1575,514,83825,0,,4.85,81.5,14.62,46.1,,1.1
"2026-03-02 20:43:31",1575,514,83822,-36.818207,-71.557523,2.75,130.5,14.61,46.1,,1
"2026-03-02 20:43:33",1577,516,83800,0,,2.6,55.1,14.76,46.1,,0.8
"2026-03-02 20:43:34",1578,517,83790,-36.818227,-71.557392,5.35,126.3,14.66,46.05,,0.7
"2026-03-02 20:43:35",1579,518,83783,0,,5.65,84.9,14.83,46.05,,0.7
"2026-03-02 20:43:36",1580,519,83777,0,,2.6,135.6,14.75,46,,0.7
"2026-03-02 20:43:37",1580,519,83772,-36.818262,-71.55724,6.95,100.5,14.65,45.95,,0.6
"2026-03-02 20:43:38",1581,520,83766,0,,3.05,92.4,14.65,45.95,,0.6
"2026-03-02 20:43:39",1581,520,83761,0,,5.35,128.4,14.65,45.95,,0.6
"2026-03-02 20:43:40",1582,521,83756,-36.818297,-71.557095,4.4,74.8,14.65,46,,0.6
"2026-03-02 20:43:41",1582,521,83752,0,,2.9,100.1,14.65,46.05,,0.6
"2026-03-02 20:43:42",1583,522,83748,0,,6.45,114.7,14.69,46.1,,0.7
"2026-03-02 20:43:43",1583,522,83744,-36.818322,-71.556957,2.9,66.2,14.69,46.05,31.5,0.7
"2026-03-02 20:43:44",1584,523,83737,0,,5.8,122,14.65,46,,0.7
"2026-03-02 20:43:45",1584,523,83731,0,,5.7,98.2,14.71,46.05,,0.6
"2026-03-02 20:43:46",1585,524,83726,-36.81835,-71.55681,2.6,85.7,14.66,46,,0.5
"2026-03-02 20:43:47",1586,525,83716,0,,4.7,110.5,14.65,45.95,,0.6
"2026-03-02 20:43:48",1587,526,83707,0,,4.4,84.6,14.65,45.95,,0.6
"2026-03-02 20:43:49",1588,527,83698,-36.818368,-71.556675,4.1,104.6,14.55,45.95,,0.6
"2026-03-02 20:43:50",1589,528,83686,0,,4.35,95.8,14.58,46.05,,0.7
"2026-03-02 20:43:51",1590,529,83674,0,,3.85,126.7,14.54,46.05,,0.7
"2026-03-02 20:43:52",1591,530,83662,-36.8184,-71.556537,5.6,93.6,14.49,46.1,,0.8
"2026-03-02 20:43:53",1593,532,83642,0,,4.05,99.9,14.51,46.15,,0.9
"2026-03-02 20:43:54",1595,534,83623,0,,4.35,133,14.58,46.2,,1.1
"2026-03-02 20:43:55",1597,536,83604,-36.818433,-71.556405,4.45,86.4,14.6,46.2,,1.2
"2026-03-02 20:43:56",1598,537,83594,0,,3.5,116.1,14.58,46.2,,1.2
"2026-03-02 20:43:57",1599,538,83585,0,,3.15,110.8,14.54,46.2,,1.2
"2026-03-02 20:43:58",1600,539,83576,-36.818463,-71.55629,5.15,95.8,14.49,46.2,,1.3
"2026-03-02 20:43:59",1601,540,83565,0,,5.5,128.2,14.37,46.2,,1.2
"2026-03-02 20:44:00",1602,541,83554,0,,4.45,124.4,14.3,46.25,,1.3
"2026-03-02 20:44:01",1603,542,83544,-36.818527,-71.55614,6.55,99.2,14.32,46.4,,1.3
"2026-03-02 20:44:02",1604,543,83532,0,,4.25,128.9,14.44,46.5,,1.3
"2026-03-02 20:44:03",1606,545,83521,0,,4,75.8,14.41,46.6,,1.3
"2026-03-02 20:44:04",1607,546,83510,-36.81857,-71.555993,6.25,136.2,14.41,46.65,,1.3
"2026-03-02 20:44:05",1608,547,83494,0,,4,110.8,14.39,46.7,,1.3
"2026-03-02 20:44:06",1610,549,83479,0,,5.95,104.6,14.42,46.75,,1.3
"2026-03-02 20:44:07",1611,550,83464,-36.81862,-71.555843,2.7,104.2,14.45,46.8,,1.2
"2026-03-02 20:44:08",1613,552,83449,0,,6.85,114.2,14.35,46.8,,1.2
"2026-03-02 20:44:09",1614,553,83434,0,,5.4,113.6,14.41,46.8,,1.2
"2026-03-02 20:44:10",1616,555,83420,-36.81868,-71.555677,5.3,117.5,14.33,46.85,31.25,1.3
"2026-03-02 20:44:11",1618,557,83402,0,,5.8,117.5,14.35,46.9,,1.4
"2026-03-02 20:44:12",1619,558,83386,0,,4.7,126.7,14.36,46.95,,1.4
"2026-03-02 20:44:13",1621,560,83370,-36.81876,-71.555517,7.3,121.7,14.28,46.95,,1.5
"2026-03-02 20:44:15",1624,563,83335,0,,6,132.3,14.31,47,,1.5
"2026-03-02 20:44:16",1626,565,83318,-36.818842,-71.55535,5.5,112.8,14.22,47,,1.6
"2026-03-02 20:44:17",1628,567,83299,0,,4.65,131.8,14.17,47,,1.7
"2026-03-02 20:44:18",1630,569,83280,0,,4.8,129.2,14.11,47.05,,1.7
"2026-03-02 20:44:19",1632,571,83262,-36.818907,-71.555215,4.6,93.8,14.13,47.1,,1.7
"2026-03-02 20:44:20",1633,572,83256,0,,5.65,124.3,14.06,47.2,,1.6
"2026-03-02 20:44:21",1633,572,83251,0,,4.8,112.7,14.12,47.25,,1.6
"2026-03-02 20:44:22",1634,573,83246,-36.81896,-71.555063,4.6,107.6,14.09,47.3,,1.5
"2026-03-02 20:44:23",1636,575,83222,0,,5.8,133.2,14.13,47.3,,1.5
"2026-03-02 20:44:24",1638,577,83198,0,,5.1,105.3,14.11,47.3,,1.6
"2026-03-02 20:44:25",1641,580,83174,-36.819022,-71.55492,3.55,116.4,14.06,47.35,,1.7
"2026-03-02 20:44:27",1646,585,83124,0,,3.95,114.9,14.15,47.4,,1.8
"2026-03-02 20:44:28",1648,587,83100,-36.819083,-71.554798,3.95,140.4,14.06,47.4,,1.8
"2026-03-02 20:44:29",1652,591,83070,0,,4.3,107.5,14.05,47.4,,1.9
"2026-03-02 20:44:30",1655,594,83039,0,,3.45,138.1,14.02,47.45,,2
"2026-03-02 20:44:31",1658,597,83008,-36.819147,-71.554677,6.5,115.5,14.11,47.4,,2.1
"2026-03-02 20:44:32",1659,598,82995,0,,0.1,115.5,14.17,47.45,,2.2
"2026-03-02 20:44:33",1660,599,82982,0,,3.15,108.3,14.03,47.4,,2.3
"2026-03-02 20:44:34",1662,601,82970,-36.819178,-71.554573,5.6,122.1,14.02,47.4,,2.3
"2026-03-02 20:44:35",1664,603,82949,0,,2.8,128.9,13.95,47.4,,2.3
"2026-03-02 20:44:36",1666,605,82928,0,,3.9,111.6,13.88,47.45,,2.3
"2026-03-02 20:44:37",1668,607,82908,-36.819233,-71.55446,4.9,131.2,14.02,47.5,31,2.3
"2026-03-02 20:44:38",1669,608,82897,0,,1.65,140.2,13.98,47.5,,2.2
"2026-03-02 20:44:39",1670,609,82886,0,,6.15,116.5,13.91,47.5,,2.1
"2026-03-02 20:44:40",1671,610,82876,-36.819295,-71.554347,4.7,133.9,13.86,47.55,,2
"2026-03-02 20:44:41",1673,612,82854,0,,5.4,145,13.75,47.65,,1.8
"2026-03-02 20:44:42",1676,615,82833,0,,4.45,150,13.69,47.7,,1.7
"2026-03-02 20:44:43",1678,617,82812,-36.819402,-71.55425,4.8,141.7,13.6,47.8,,1.7
"2026-03-02 20:44:44",1679,618,82797,0,,6.1,113.2,13.55,47.9,,1.7
"2026-03-02 20:44:45",1681,620,82783,0,,5.15,141.2,13.67,48.05,,1.7
"2026-03-02 20:44:46",1682,621,82770,-36.819497,-71.554113,4.55,146.3,13.68,48.15,,1.7
"2026-03-02 20:44:47",1682,621,82766,0,,6.2,123.1,13.65,48.2,,1.6
"2026-03-02 20:44:48",1683,622,82763,0,,4.15,132.9,13.66,48.25,,1.5
"2026-03-02 20:44:49",1683,622,82760,-36.819588,-71.553988,5.75,140.4,13.61,48.3,,1.3
"2026-03-02 20:44:50",1685,624,82740,0,,6.05,119.2,13.62,48.4,,1.3
"2026-03-02 20:44:51",1687,626,82720,0,,5.1,154.9,13.59,48.45,,1.4
"2026-03-02 20:44:52",1689,628,82700,-36.819693,-71.553867,4.85,141.3,13.55,48.5,,1.5
"2026-03-02 20:44:53",1690,629,82688,0,,5.35,125.8,13.52,48.55,,1.5
"2026-03-02 20:44:54",1692,631,82677,0,,5.35,129.4,13.45,48.55,,1.4
"2026-03-02 20:44:55",1693,632,82666,-36.819782,-71.553735,4.35,125,13.43,48.65,,1.3
"2026-03-02 20:44:56",1695,634,82648,0,,5.95,136.2,13.37,48.75,,1.3
"2026-03-02 20:44:57",1696,635,82630,0,,4.95,131.7,13.39,48.8,,1.3
"2026-03-02 20:44:58",1698,637,82612,-36.81987,-71.553612,4,134.3,13.41,48.9,,1.4
"2026-03-02 20:44:59",1699,638,82603,0,,7.25,133.1,13.42,48.95,,1.3
"2026-03-02 20:45:00",1700,639,82594,0,,3.05,111,13.5,49,,1.4
"2026-03-02 20:45:01",1701,640,82586,-36.81995,-71.553482,5.75,130.4,13.5,49,,1.4
"2026-03-02 20:45:02",1703,642,82569,0,,6.05,122.3,13.67,49.05,,1.5
"2026-03-02 20:45:03",1704,643,82553,0,,1.85,91.4,13.66,49,,1.4
"2026-03-02 20:45:04",1706,645,82538,-36.82001,-71.553352,6.25,129.4,13.58,48.95,31,1.4
"2026-03-02 20:45:05",1708,647,82519,0,,4.1,113.8,13.53,48.9,,1.4
"2026-03-02 20:45:06",1710,649,82499,0,,4.55,129.2,13.48,48.9,,1.5
"2026-03-02 20:45:07",1712,651,82480,-36.82008,-71.553223,4.9,126.5,13.44,48.9,,1.6
"2026-03-02 20:45:08",1714,653,82456,0,,4.4,98.6,13.37,48.9,,1.6
"2026-03-02 20:45:09",1717,656,82432,0,,4.95,119.9,13.33,48.9,,1.7
"2026-03-02 20:45:10",1719,658,82408,-36.820137,-71.553083,6.2,131.9,13.37,48.95,,1.7
"2026-03-02 20:45:11",1721,660,82390,0,,4.65,129.4,13.39,49,,1.8
"2026-03-02 20:45:12",1723,662,82373,0,,5.95,119.2,13.34,49,,1.9
"2026-03-02 20:45:13",1725,664,82356,-36.820215,-71.552937,4.75,129.8,13.47,49.05,,2
"2026-03-02 20:45:16",1729,668,82308,-36.82028,-71.5528,2.75,122.9,13.44,49,,1.9
"2026-03-02 20:45:17",1731,670,82296,0,,5.35,101.2,13.36,48.95,,1.9
"2026-03-02 20:45:18",1732,671,82284,0,,5.1,123.4,13.38,48.95,,1.9
"2026-03-02 20:45:19",1733,672,82272,-36.820315,-71.552667,2.8,92.7,13.38,48.95,,1.8
"2026-03-02 20:45:20",1734,673,82261,0,,5.95,116.4,13.32,48.95,,1.7
"2026-03-02 20:45:21",1735,674,82250,0,,3.75,99,13.42,48.95,,1.6
"2026-03-02 20:45:22",1736,675,82240,-36.820345,-71.552532,3.9,105.5,13.34,49,,1.4
"2026-03-02 20:45:23",1737,676,82236,0,,5.5,123.2,13.3,49.05,,1.3
"2026-03-02 20:45:24",1737,676,82232,0,,3.65,97.1,13.29,49.1,,1.2
"2026-03-02 20:45:25",1738,677,82228,-36.820393,-71.552392,6.25,122.4,13.22,49.1,,1.1
"2026-03-02 20:45:27",1742,681,82181,0,,4.85,93.7,13.24,49.2,,1.3
"2026-03-02 20:45:28",1745,684,82158,-36.820438,-71.552217,7.15,117.1,13.22,49.25,,1.4
"2026-03-02 20:45:29",1745,684,82152,0,,5.25,131.7,13.3,49.35,,1.2
"2026-03-02 20:45:30",1746,685,82147,0,,5.9,99.8,13.18,49.3,,1.2
"2026-03-02 20:45:31",1747,686,82142,-36.82051,-71.552042,6.9,126.6,13.11,49.35,30.5,1.1
"2026-03-02 20:45:32",1747,686,82134,0,,,,13.15,49.35,,1.1
"2026-03-02 20:45:33",1748,687,82127,0,,,,13.08,49.4,,1.1
"2026-03-02 20:45:34",1749,688,82120,0,,,,13.04,49.45,,1
"2026-03-02 20:45:35",1750,689,82111,0,,5.8,120.4,13.11,49.55,,1
"2026-03-02 20:45:36",1750,689,82103,0,,7.05,132.7,13.07,49.55,,1
"2026-03-02 20:45:37",1751,690,82096,-36.820697,-71.551722,5.45,110.8,13.01,49.6,,1.1
"2026-03-02 20:45:38",1752,691,82091,0,,5,150.7,12.98,49.65,,1.1
"2026-03-02 20:45:39",1752,691,82087,0,,6.6,124,12.95,49.7,,0.8
"2026-03-02 20:45:40",1753,692,82084,-36.820785,-71.55159,3.5,121.8,12.98,49.75,,0.6
"2026-03-02 20:45:42",1754,693,82069,0,,6,109.9,12.92,49.85,,0.7
"2026-03-02 20:45:43",1755,694,82062,-36.820877,-71.551447,4.3,111.5,12.88,49.9,,0.7
"2026-03-02 20:45:45",1756,695,82052,0,,4.4,111.9,12.82,50,,0.6
"2026-03-02 20:45:46",1756,695,82048,-36.820948,-71.551293,6.4,127.2,12.81,50.1,,0.6
"2026-03-02 20:45:47",1757,696,82041,0,,,,12.82,50.15,,0.6
"2026-03-02 20:45:48",1758,697,82034,0,,,,12.82,50.25,,0.6
"2026-03-02 20:45:49",1758,697,82028,0,,,,12.89,50.3,,0.6
"2026-03-02 20:45:51",1757,696,82044,0,,3.7,109.7,12.96,50.35,,0.4
"2026-03-02 20:45:52",1756,695,82052,-36.821107,-71.55099,6.15,133.2,12.88,50.3,,0.3
"2026-03-02 20:45:54",1760,699,82012,0,,5.1,136.9,12.96,50.35,,0.5
"2026-03-02 20:45:55",1762,701,81992,-36.821188,-71.550832,6.75,123,12.99,50.3,,0.6
"2026-03-02 20:45:57",1763,702,81981,0,,7.85,138.8,12.99,50.3,,0.6
"2026-03-02 20:45:58",1764,703,81976,-36.821297,-71.55066,7.15,125.2,12.96,50.3,30.25,0.6
"2026-03-02 20:46:00",1767,706,81946,0,,8.25,124.8,12.96,50.3,,0.7
"2026-03-02 20:46:01",1768,707,81932,-36.821392,-71.550477,5.5,114.1,12.98,50.35,,0.8
"2026-03-02 20:46:03",1770,709,81909,0,,7.35,108.1,13.02,50.3,,0.9
"2026-03-02 20:46:04",1772,711,81898,-36.821472,-71.550287,6.75,122,13,50.3,,1.2
"2026-03-02 20:46:05",1772,711,81892,0,,7.7,128.4,12.98,50.3,,1.3
"2026-03-02 20:46:06",1773,712,81887,0,,7,96.6,12.95,50.3,,1.1
"2026-03-02 20:46:07",1773,712,81882,-36.821555,-71.55009,6.45,131.3,12.95,50.3,,0.9
"2026-03-02 20:46:08",1774,713,81876,0,,6.2,112.2,12.94,50.35,,0.9
"2026-03-02 20:46:09",1774,713,81871,0,,7,114.9,12.92,50.35,,0.9
"2026-03-02 20:46:10",1775,714,81866,-36.821643,-71.549895,7.1,127.6,12.97,50.35,,0.9
"2026-03-02 20:46:11",1775,714,81866,0,,6.2,108.9,12.96,50.35,,0.9
"2026-03-02 20:46:12",1775,714,81867,0,,8.35,126.1,12.98,50.35,,0.8
"2026-03-02 20:46:13",1775,714,81868,-36.821737,-71.549693,5.85,114.4,12.99,50.35,,0.6
"2026-03-02 20:46:14",1776,715,81858,0,,7.1,108.3,12.94,50.4,,0.6
"2026-03-02 20:46:15",1777,716,81849,0,,8.05,125.6,13,50.4,,0.5
"2026-03-02 20:46:16",1778,717,81840,-36.82183,-71.549483,6.55,122.7,12.91,50.35,,0.5
"2026-03-02 20:46:17",1779,718,81825,0,,8.55,120.9,12.91,50.35,,0.6
"2026-03-02 20:46:18",1781,720,81810,0,,6.35,130.4,13.07,50.4,,0.7
"2026-03-02 20:46:19",1782,721,81796,-36.821935,-71.549278,7,109.5,12.95,50.4,,0.7
"2026-03-02 20:46:20",1782,721,81794,0,,9.5,114.7,12.87,50.35,,0.7
"2026-03-02 20:46:21",1782,721,81793,0,,6.3,128,12.87,50.35,,0.7
"2026-03-02 20:46:22",1783,722,81792,-36.822027,-71.54905,9,105.7,12.85,50.4,,0.6
"2026-03-02 20:46:23",1784,723,81776,0,,6.25,125.8,12.97,50.45,,0.8
"2026-03-02 20:46:24",1786,725,81761,0,,6.85,125.4,12.95,50.45,,0.9
"2026-03-02 20:46:25",1787,726,81746,-36.822118,-71.548822,9.4,102.3,12.86,50.45,30,1
"2026-03-02 20:46:27",1789,728,81734,0,,5.4,96.9,12.94,50.45,,1
"2026-03-02 20:46:28",1789,728,81728,-36.822198,-71.548592,9.35,114.5,12.84,50.4,,1
"2026-03-02 20:46:29",1791,730,81712,0,,6.6,113.9,12.85,50.4,,1
"2026-03-02 20:46:30",1792,731,81696,0,,8.65,109.2,12.81,50.4,,1
"2026-03-02 20:46:31",1794,733,81680,-36.822292,-71.548357,7.8,135.7,12.89,50.45,,1
"2026-03-02 20:46:32",1795,734,81669,0,,7.15,127.3,12.81,50.5,,1.1
"2026-03-02 20:46:33",1796,735,81659,0,,9.15,119.8,12.81,50.5,,1.1
"2026-03-02 20:46:34",1797,736,81650,-36.822413,-71.548147,5.95,130.7,12.84,50.5,,1.2
"2026-03-02 20:46:35",1799,738,81636,0,,8.8,112.6,12.73,50.45,,1.2
"2026-03-02 20:46:36",1800,739,81623,0,,8.95,137.9,12.78,50.45,,1.2
"2026-03-02 20:46:37",1801,740,81610,-36.822538,-71.54793,6.45,120.7,12.76,50.4,,1.2
"2026-03-02 20:46:38",1803,742,81595,0,,8.75,109.2,12.68,50.35,,1.2
"2026-03-02 20:46:39",1804,743,81580,0,,6.7,130.5,12.67,50.35,,1.2
"2026-03-02 20:46:40",1806,745,81566,-36.822615,-71.547708,8.3,96.7,12.63,50.35,,1.3
"2026-03-02 20:46:41",1808,747,81548,0,,6.3,118.3,12.7,50.4,,1.4
"2026-03-02 20:46:42",1810,749,81531,0,,6.45,115.8,12.67,50.4,,1.4
"2026-03-02 20:46:43",1811,750,81514,-36.822678,-71.547488,8.05,105.9,12.63,50.45,,1.4
"2026-03-02 20:46:45",1815,754,81482,0,,8.35,115.2,12.54,50.45,,1.5
"2026-03-02 20:46:46",1816,755,81466,-36.82274,-71.547282,6.15,107.6,12.65,50.5,,1.6
"2026-03-02 20:46:47",1819,758,81444,0,,4.15,114.7,12.64,50.45,,1.7
"2026-03-02 20:46:48",1821,760,81423,0,,8.55,123.6,12.58,50.45,,1.7
"2026-03-02 20:46:49",1823,762,81402,-36.822817,-71.5471,5.55,111,12.66,50.5,,1.8
"2026-03-02 20:46:50",1824,763,81392,0,,6.25,131.3,12.63,50.55,,1.8
"2026-03-02 20:46:51",1825,764,81382,0,,8.45,112.9,12.6,50.55,,1.7
"2026-03-02 20:46:52",1826,765,81372,-36.822908,-71.546912,4.7,128.9,12.62,50.5,29.75,1.7
"2026-03-02 20:46:53",1829,768,81346,0,,8.05,135.2,12.58,50.4,,1.7
"2026-03-02 20:46:54",1831,770,81321,0,,7.35,107.5,12.58,50.35,,1.8
"2026-03-02 20:46:55",1834,773,81296,-36.823012,-71.546733,5.3,143,12.6,50.3,,1.9
"2026-03-02 20:46:56",1837,776,81265,0,,6.7,116.8,12.69,50.3,,2
"2026-03-02 20:46:57",1840,779,81233,0,,5.15,133.9,12.79,50.25,,2.1
"2026-03-02 20:46:58",1844,783,81202,-36.823112,-71.546578,6,127.7,12.8,50.15,,2.3
"2026-03-02 20:46:59",1846,785,81179,0,,5.4,121.6,12.79,50,,2.3
"2026-03-02 20:47:00",1848,787,81159,0,,6.75,152.5,12.86,49.95,,2.3
"2026-03-02 20:47:01",1850,789,81140,-36.823228,-71.546443,5.5,136.5,12.81,49.9,,2.2
"2026-03-02 20:47:02",1852,791,81120,0,,7.7,119.6,12.78,49.95,,2.3
"2026-03-02 20:47:03",1854,793,81098,0,,5.75,127.7,12.71,50,,2.5
"2026-03-02 20:47:04",1857,796,81076,-36.823327,-71.54626,7.2,110.3,12.64,50.1,,2.6
"2026-03-02 20:47:05",1859,798,81052,0,,7.75,122.8,12.73,50.2,,2.5
"2026-03-02 20:47:06",1862,801,81029,0,,6.7,132.6,12.72,50.25,,2.5
"2026-03-02 20:47:07",1864,803,81006,-36.82345,-71.546058,8.8,132.4,12.63,50.3,,2.5
"2026-03-02 20:47:08",1866,805,80988,0,,6.2,135.4,12.67,50.3,,2.5
"2026-03-02 20:47:09",1868,807,80970,0,,6.65,132.1,12.63,50.2,,2.4
"2026-03-02 20:47:10",1870,809,80952,-36.82358,-71.54589,8.1,131.4,12.6,50.15,,2.3
"2026-03-02 20:47:11",1871,810,80937,0,,6.4,114.3,12.68,50.15,,2.1
"2026-03-02 20:47:12",1873,812,80923,0,,7.1,141.8,12.66,50.1,,2.1
"2026-03-02 20:47:13",1874,813,80910,-36.823698,-71.545702,8.9,117.4,12.55,49.95,,2
"2026-03-02 20:47:14",1875,814,80902,0,,7.55,132.9,12.49,49.75,,1.9
"2026-03-02 20:47:15",1876,815,80895,0,,7.55,132.9,12.49,49.55,,1.8
"2026-03-02 20:47:16",1876,815,80888,-36.82381,-71.545535,4.75,93,12.44,49.4,,1.7
"2026-03-02 20:47:17",1879,818,80861,0,,,,12.41,49.45,,1.7
"2026-03-02 20:47:18",1882,821,80835,0,,,,12.4,49.55,,1.7
"2026-03-02 20:47:19",1884,823,80810,0,,,,12.47,49.65,30,1.8
"2026-03-02 20:47:20",1886,825,80791,0,,5.55,127.3,12.39,49.75,,1.7
"2026-03-02 20:47:21",1888,827,80773,0,,8.5,134.6,12.38,49.85,,1.7
"2026-03-02 20:47:22",1890,829,80756,-36.82403,-71.545185,6.2,116.8,12.35,50,,1.7
"2026-03-02 20:47:23",1892,831,80732,0,,6.45,111.3,12.28,50.1,,1.7
"2026-03-02 20:47:24",1895,834,80708,0,,6.45,111.3,12.23,50.2,,1.8
"2026-03-02 20:47:25",1897,836,80684,-36.824128,-71.544993,7.5,117.3,12.15,50.3,,1.9
"2026-03-02 20:47:27",1904,843,80619,0,,5.45,129.6,12.26,50.4,,2.3
"2026-03-02 20:47:28",1908,847,80586,-36.824235,-71.544802,6.85,129.6,12.18,50.3,,2.5
"2026-03-02 20:47:29",1911,850,80555,0,,6.7,128.1,12.1,50.25,,2.7
"2026-03-02 20:47:30",1914,853,80525,0,,6.25,132.7,12,50.25,,2.7
"2026-03-02 20:47:31",1917,856,80496,-36.824352,-71.544625,9.35,124.8,12.05,50.35,,2.7
"2026-03-02 20:47:32",1920,859,80468,0,,5.75,136.3,12.2,50.55,,2.7
"2026-03-02 20:47:33",1923,862,80441,0,,5.15,113.5,12.07,50.6,,2.8
"2026-03-02 20:47:34",1926,865,80414,-36.824445,-71.544445,8.75,118.4,11.95,50.65,,2.9
"2026-03-02 20:47:35",1929,868,80386,0,,5.65,140.3,11.98,50.75,,3
"2026-03-02 20:47:36",1932,871,80358,0,,6.7,102.4,11.93,50.9,,3
"2026-03-02 20:47:37",1935,874,80330,-36.824537,-71.54426,6.6,133.9,11.9,51.05,,3
"2026-03-02 20:47:38",1938,877,80293,0,,6.6,133.9,11.77,51.15,,3.1
"2026-03-02 20:47:39",1942,881,80258,0,,8.7,106.8,11.74,51.35,,3.1
"2026-03-02 20:47:40",1946,885,80224,-36.824618,-71.544068,4.8,142.4,11.79,51.5,,3.1
"2026-03-02 20:47:41",1949,888,80187,0,,7.25,122,11.69,51.6,,3.2
"2026-03-02 20:47:42",1953,892,80151,0,,7.6,123.5,11.67,51.75,,3.2
"2026-03-02 20:47:43",1957,896,80116,-36.824712,-71.543883,5.6,103.8,11.62,51.9,,3.3
"2026-03-02 20:47:45",1965,904,80034,0,,5.75,129.2,11.65,52.2,,3.5
"2026-03-02 20:47:46",1970,909,79992,-36.824797,-71.54368,7.1,103.5,11.55,52.3,29.5,3.6
"2026-03-02 20:47:47",1975,914,79947,0,,9.2,123.7,11.55,52.4,,3.8
"2026-03-02 20:47:48",1979,918,79903,0,,6.45,121.6,11.52,52.45,,4
"2026-03-02 20:47:49",1984,923,79860,-36.824895,-71.543438,10.1,107.9,11.43,52.5,,4.1
"2026-03-02 20:47:50",1989,928,79806,0,,10.4,128.5,11.47,52.55,,4.3
"2026-03-02 20:47:51",1995,934,79754,0,,4.75,134.9,11.49,52.55,,4.4
"2026-03-02 20:47:52",2000,939,79702,-36.825008,-71.543232,5.2,123,11.39,52.6,,4.6
"2026-03-02 20:47:53",2005,944,79654,0,,9.3,128.2,11.32,52.6,,4.6
"2026-03-02 20:47:54",2011,950,79606,0,,5.1,135.5,11.33,52.65,,4.7
"2026-03-02 20:47:55",2016,955,79558,-36.82512,-71.543058,6.15,121.6,11.22,52.7,,4.8
"2026-03-02 20:47:57",2025,964,79464,0,,4.4,136.7,11,52.75,,5
"2026-03-02 20:47:58",2030,969,79418,-36.825233,-71.542887,9.1,118.6,10.91,52.8,,5
"2026-03-02 20:47:59",2036,975,79368,0,,6,146.6,10.9,52.9,,5.1
"2026-03-02 20:48:00",2041,980,79318,0,,6.2,117.8,10.8,53,,5.1
"2026-03-02 20:48:01",2046,985,79268,-36.825352,-71.542703,9.05,129.8,10.75,53.2,,5.2
"2026-03-02 20:48:02",2052,991,79214,0,,5.45,139,10.72,53.45,,5.2
"2026-03-02 20:48:03",2058,997,79160,0,,8.2,118.8,10.63,53.6,,5.3
"2026-03-02 20:48:04",2063,1002,79106,-36.82548,-71.54251,8.4,135.5,10.63,53.8,,5.3
"2026-03-02 20:48:05",2069,1008,79047,0,,8.4,135.5,10.58,54,,5.3
"2026-03-02 20:48:06",2076,1015,78990,0,,7.15,145.3,10.49,54.15,,5.4
"2026-03-02 20:48:07",2082,1021,78934,-36.825603,-71.54236,5.45,136.6,10.41,54.25,,5.5
"2026-03-02 20:48:08",2088,1027,78872,0,,6.65,124.1,10.33,54.4,,5.6
"2026-03-02 20:48:09",2094,1033,78812,0,,4.85,161.6,10.3,54.55,,5.7
"2026-03-02 20:48:10",2101,1040,78752,-36.825715,-71.542235,6.35,136.5,10.2,54.7,,5.9
"2026-03-02 20:48:12",2114,1053,78629,0,,6.2,171,10.12,55.15,,6
"2026-03-02 20:48:13",2121,1060,78566,-36.825862,-71.542147,6.8,136.4,10.05,55.35,28,6.1
"2026-03-02 20:48:15",2133,1072,78448,0,,6.75,145.5,9.99,55.75,,6.3
"2026-03-02 20:48:16",2139,1078,78390,-36.826,-71.542045,6.4,145.2,10.05,55.95,,6.3
"2026-03-02 20:48:18",2150,1089,78288,0,,7.55,150.5,9.95,56.2,,6.2
"2026-03-02 20:48:19",2156,1095,78238,-36.826153,-71.541952,3.85,146.9,9.91,56.35,,6.2
"2026-03-02 20:48:20",2162,1101,78178,0,,,,9.82,56.45,,6.2
"2026-03-02 20:48:21",2168,1107,78119,0,,,,9.68,56.6,,6.2
"2026-03-02 20:48:22",2175,1114,78060,0,,,,9.62,56.7,,6.2
"2026-03-02 20:48:24",2186,1125,77950,0,,,,9.53,57.05,,6.1
"2026-03-02 20:48:25",2192,1131,77894,0,,,,9.48,57.25,,6
"2026-03-02 20:48:28",2211,1150,77724,-36.826652,-71.541657,6.2,140.1,9.36,57.75,,6
"2026-03-02 20:48:30",2219,1158,77643,0,,6.35,151.4,9.29,58.05,,5.7
"2026-03-02 20:48:31",2223,1162,77604,-36.826762,-71.541587,5.05,145.7,9.19,58.2,,5.7
"2026-03-02 20:48:32",2228,1167,77562,0,,4.75,131.1,9.25,58.4,,5.6
"2026-03-02 20:48:33",2232,1171,77522,0,,5.4,169.9,9.19,58.6,,5.4
"2026-03-02 20:48:34",2236,1175,77482,-36.826872,-71.541507,4.25,139.3,9.12,58.75,,5.3
"2026-03-02 20:48:35",2239,1178,77461,0,,8.15,100.4,9,58.9,,4.9
"2026-03-02 20:48:36",2241,1180,77440,0,,5.8,155.8,8.9,59.05,,4.5
"2026-03-02 20:48:37",2243,1182,77420,-36.826963,-71.541368,4,147.7,8.81,59.25,,4.2
"2026-03-02 20:48:38",2247,1186,77380,0,,4.4,108.5,8.77,59.45,,4.2
"2026-03-02 20:48:39",2252,1191,77340,0,,3.95,142,8.68,59.7,,4.2
"2026-03-02 20:48:40",2256,1195,77300,-36.827037,-71.541263,5.75,132.9,8.58,59.85,27,3.8
"2026-03-02 20:48:41",2259,1198,77268,0,,3.15,128.7,8.57,60.05,,3.7
"2026-03-02 20:48:42",2263,1202,77238,0,,5.65,156.4,8.56,60.3,,3.6
"2026-03-02 20:48:43",2266,1205,77208,-36.827137,-71.541188,3.6,166.3,8.52,60.55,,3.5
"2026-03-02 20:48:44",2270,1209,77169,0,,2.35,131.8,8.47,60.75,,3.5
"2026-03-02 20:48:45",2274,1213,77130,0,,4.4,165.1,8.4,60.95,,3.5
"2026-03-02 20:48:46",2278,1217,77092,-36.827213,-71.541135,3.4,123.8,8.34,61.15,,3.5
"2026-03-02 20:48:47",2283,1222,77051,0,,3.15,107.2,8.25,61.35,,3.6
"2026-03-02 20:48:48",2287,1226,77010,0,,3.45,132.4,8.29,61.6,,3.7
"2026-03-02 20:48:49",2292,1231,76970,-36.827252,-71.541048,1.7,102.5,8.21,61.75,,3.9
"2026-03-02 20:48:50",2296,1235,76933,0,,4.7,111.9,8.16,61.9,,4
"2026-03-02 20:48:51",2299,1238,76898,0,,6.05,165.6,8.22,62.05,,3.9
"2026-03-02 20:48:52",2303,1242,76864,-36.827327,-71.540967,2.3,131.3,8.13,62.2,,3.9
"2026-03-02 20:48:53",2305,1244,76842,0,,5.65,106.3,8.03,62.3,,3.8
"2026-03-02 20:48:54",2308,1247,76819,0,,7.15,146.7,8.03,62.45,,3.7
"2026-03-02 20:48:55",2310,1249,76796,-36.827412,-71.54083,4.65,113,8.03,62.55,,3.7
"2026-03-02 20:48:59",2319,1258,76718,0,,5.6,148.7,7.79,63,,3.1
"2026-03-02 20:49:00",2321,1260,76699,0,,5.75,115.6,7.74,63.1,,2.9
"2026-03-02 20:49:01",2323,1262,76680,-36.827545,-71.540555,3.5,100.2,7.7,63.2,,2.8
"2026-03-02 20:49:02",2324,1263,76666,0,,5,136.7,7.63,63.4,,2.5
"2026-03-02 20:49:03",2326,1265,76653,0,,6.55,109,7.73,63.55,,2.3
"2026-03-02 20:49:04",2327,1266,76640,-36.827607,-71.540417,2.5,122.6,7.71,63.65,,2.2
"2026-03-02 20:49:05",2329,1268,76622,0,,6.75,107.2,7.64,63.7,,2
"2026-03-02 20:49:06",2331,1270,76606,0,,3.95,101.2,7.69,63.8,,1.9
"2026-03-02 20:49:07",2333,1272,76590,-36.827645,-71.540265,4.65,113.9,7.62,63.9,26,1.9
"2026-03-02 20:49:08",2335,1274,76568,0,,8.15,100.6,7.57,64,,1.9
"2026-03-02 20:49:09",2337,1276,76546,0,,5.4,142.1,7.56,64.1,,1.9
"2026-03-02 20:49:10",2340,1279,76524,-36.827705,-71.540105,4.35,98.6,7.57,64.2,,2
"2026-03-02 20:49:15",2347,1286,76457,0,,5.5,121.3,7.45,64.6,,1.8
"2026-03-02 20:49:16",2348,1287,76444,-36.827798,-71.539787,3.85,105.1,7.48,64.65,,1.8
"2026-03-02 20:49:17",2351,1290,76422,0,,4.15,118.1,7.39,64.7,,1.8
"2026-03-02 20:49:18",2353,1292,76400,0,,4.95,117.6,7.46,64.8,,1.9
"2026-03-02 20:49:19",2356,1295,76378,-36.827852,-71.539672,1.7,132.9,7.4,64.9,,1.9
"2026-03-02 20:49:20",2357,1296,76362,0,,6.35,136.3,7.33,64.95,,1.9
"2026-03-02 20:49:21",2359,1298,76347,0,,6.2,96.3,7.36,65.05,,1.8
"2026-03-02 20:49:22",2361,1300,76332,-36.827912,-71.539543,2.6,133.5,7.34,65.1,,1.8
"2026-03-02 20:49:23",2362,1301,76319,0,,6.5,130.2,7.35,65.15,,1.7
"2026-03-02 20:49:24",2363,1302,76307,0,,2.8,79.3,7.38,65.2,,1.7
"2026-03-02 20:49:25",2364,1303,76296,-36.82797,-71.539435,4.35,140.4,7.37,65.3,,1.6
"2026-03-02 20:49:27",2367,1306,76270,0,,2,127.2,7.38,65.45,,1.6
"2026-03-02 20:49:28",2369,1308,76258,-36.828055,-71.539317,6.9,146.6,7.35,65.55,,1.7
"2026-03-02 20:49:29",2370,1309,76247,0,,3.7,106.7,7.38,65.6,,1.6
"2026-03-02 20:49:30",2371,1310,76237,0,,3.95,163.5,7.34,65.65,,1.5
"2026-03-02 20:49:31",2372,1311,76228,-36.828143,-71.539217,6.15,130.8,7.34,65.7,,1.4
"2026-03-02 20:49:32",2374,1313,76208,0,,2.9,109.6,7.33,65.75,,1.4
"2026-03-02 20:49:33",2376,1315,76189,0,,6.1,148.9,7.29,65.8,,1.4
"2026-03-02 20:49:34",2378,1317,76170,-36.828222,-71.539105,4.45,102.5,7.32,65.85,25,1.5
"2026-03-02 20:49:35",2380,1319,76157,0,,3.75,172.1,7.27,65.85,,1.5
"2026-03-02 20:49:36",2381,1320,76144,0,,6.9,123.6,7.26,65.9,,1.5
"2026-03-02 20:49:37",2382,1321,76132,-36.828305,-71.539,3.1,141.2,7.27,65.95,,1.5
"2026-03-02 20:49:38",2384,1323,76117,0,,7.05,162.3,7.24,66,,1.5
"2026-03-02 20:49:39",2385,1324,76102,0,,4,98.5,7.21,66,,1.5
"2026-03-02 20:49:40",2387,1326,76088,-36.828395,-71.538905,4.4,131.3,7.18,66.05,,1.5
"2026-03-02 20:49:41",2389,1328,76067,0,,3.25,142.7,7.19,66.05,,1.6
"2026-03-02 20:49:42",2392,1331,76045,0,,3.25,142.7,7.07,66.05,,1.7
"2026-03-02 20:49:43",2394,1333,76024,-36.828467,-71.538822,4.8,151.1,7.03,66,,1.8
"2026-03-02 20:49:47",2402,1341,75954,0,,3.35,128.2,6.86,66.2,,1.8
"2026-03-02 20:49:48",2403,1342,75937,0,,6.2,149.4,6.88,66.35,,1.8
"2026-03-02 20:49:49",2405,1344,75920,-36.82865,-71.538653,3.9,142.8,6.87,66.45,,1.9
"2026-03-02 20:49:53",2413,1352,75853,0,,5.05,144.4,6.68,66.85,,1.9
"2026-03-02 20:49:54",2414,1353,75836,0,,5.05,165.5,6.68,66.95,,1.9
"2026-03-02 20:49:55",2416,1355,75820,-36.828857,-71.53848,5.3,119.1,6.61,67.1,,1.8
"2026-03-02 20:49:56",2418,1357,75804,0,,5.55,149.4,6.66,67.25,,1.8
"2026-03-02 20:49:57",2420,1359,75789,0,,4.8,146.8,6.63,67.3,,1.8
"2026-03-02 20:49:58",2421,1360,75774,-36.828962,-71.538372,5.2,128.2,6.59,67.45,,1.8
"2026-03-02 20:49:59",2423,1362,75755,0,,3.95,154.9,6.56,67.5,,1.8
"2026-03-02 20:50:00",2425,1364,75737,0,,4.85,118.3,6.51,67.55,,1.8
"2026-03-02 20:50:01",2427,1366,75720,-36.829055,-71.538272,6.5,154.4,6.6,67.7,24.25,1.8
"2026-03-02 20:50:02",2429,1368,75703,0,,3.5,147.6,6.57,67.8,,1.8
"2026-03-02 20:50:03",2431,1370,75685,0,,6.15,130.9,6.5,67.9,,1.8
"2026-03-02 20:50:04",2433,1372,75668,-36.82917,-71.538183,5.15,179,6.55,67.95,,1.8
"2026-03-02 20:50:05",2435,1374,75649,0,,5.15,112.9,6.49,68,,1.8
"2026-03-02 20:50:06",2437,1376,75631,0,,6.6,151.2,6.5,68.05,,1.9
"2026-03-02 20:50:07",2439,1378,75614,-36.829268,-71.538093,1.85,151.4,6.48,68.1,,1.9
"2026-03-02 20:50:15",2452,1391,75494,0,,3.4,118.8,6.32,68.45,,1.7
"2026-03-02 20:50:16",2453,1392,75480,-36.829553,-71.537838,7,140.7,6.35,68.55,,1.7
"2026-03-02 20:50:17",2455,1394,75464,0,,4.25,174.3,6.33,68.65,,1.7
"2026-03-02 20:50:18",2457,1396,75448,0,,6.05,128.6,6.23,68.75,,1.7
"2026-03-02 20:50:19",2459,1398,75432,-36.829677,-71.537752,6.3,169.1,6.24,68.8,,1.7
"2026-03-02 20:50:20",2460,1399,75422,0,,4.45,139.3,6.19,68.9,,1.6
"2026-03-02 20:50:21",2461,1400,75413,0,,5.1,145.5,6.19,69,,1.6
"2026-03-02 20:50:22",2462,1401,75404,-36.829783,-71.53768,3.3,170.6,6.16,69.1,,1.5
"2026-03-02 20:50:23",2463,1402,75391,0,,4.25,114.7,6.11,69.2,,1.5
"2026-03-02 20:50:24",2464,1403,75378,0,,5.4,160.3,6.16,69.3,,1.5
"2026-03-02 20:50:25",2466,1405,75366,-36.82987,-71.537597,4.4,129.5,6.11,69.35,,1.5
"2026-03-02 20:50:27",2469,1408,75335,0,,4.5,169.8,6.05,69.45,,1.5
"2026-03-02 20:50:28",2471,1410,75320,-36.829953,-71.537498,5.1,125.1,6.01,69.55,23.25,1.5
"2026-03-02 20:50:29",2472,1411,75308,0,,4.65,126.5,6.05,69.6,,1.4
"2026-03-02 20:50:30",2473,1412,75297,0,,3.7,153.7,6.01,69.7,,1.4
"2026-03-02 20:50:31",2474,1413,75286,-36.830037,-71.53739,6.15,132,6.07,69.75,,1.3
"2026-03-02 20:50:32",2476,1415,75273,0,,2.55,151.1,6.13,69.8,,1.4
"2026-03-02 20:50:33",2477,1416,75261,0,,4.5,140.6,6.05,69.9,,1.4
"2026-03-02 20:50:34",2478,1417,75250,-36.830123,-71.537297,5.55,137.6,6.13,69.95,,1.4
"2026-03-02 20:50:35",2480,1419,75238,0,,3.4,174.9,6.12,70,,1.4
"2026-03-02 20:50:36",2481,1420,75227,0,,5.45,127.2,6.08,70.05,,1.4
"2026-03-02 20:50:37",2482,1421,75216,-36.830222,-71.537208,4.95,153.5,6.15,70.1,,1.4
"2026-03-02 20:50:38",2484,1423,75197,0,,3.8,156.9,6.08,70.15,,1.4
"2026-03-02 20:50:39",2486,1425,75178,0,,6.65,141.9,6.06,70.15,,1.5
"2026-03-02 20:50:40",2488,1427,75160,-36.830335,-71.53713,3.5,171.6,6.02,70.2,,1.5
"2026-03-02 20:50:42",2490,1429,75140,0,,6.05,157.1,5.98,70.25,,1.4
"2026-03-02 20:50:43",2492,1431,75130,-36.830442,-71.537057,3.05,133.4,5.97,70.3,,1.4
"2026-03-02 20:50:45",2496,1435,75093,0,,4.95,164.9,5.98,70.45,,1.5
"2026-03-02 20:50:46",2498,1437,75076,-36.830558,-71.536982,4,139.4,5.97,70.5,,1.6
"2026-03-02 20:50:48",2501,1440,75048,0,,3.45,162,5.98,70.6,,1.6
"2026-03-02 20:50:49",2502,1441,75034,-36.830677,-71.536928,5.9,142.1,5.93,70.6,,1.6
"2026-03-02 20:50:51",2505,1444,75008,0,,3.75,133.2,5.85,70.7,,1.6
"2026-03-02 20:50:52",2506,1445,74996,-36.830788,-71.536842,6.45,130.4,5.81,70.7,,1.5
"2026-03-02 20:50:54",2511,1450,74950,0,,5.8,144.1,5.82,70.9,,1.7
"2026-03-02 20:50:55",2514,1453,74928,-36.830902,-71.536755,4.8,152.8,5.94,71,23.25,1.8
"2026-03-02 20:50:57",2516,1455,74905,0,,6.55,155.3,5.88,71.05,,1.7
"2026-03-02 20:50:58",2517,1456,74894,-36.831038,-71.53669,5.3,181.1,5.9,71.05,,1.6
"2026-03-02 20:51:00",2518,1457,74887,0,,4.8,148.5,5.85,71.1,,1.5
"2026-03-02 20:51:01",2519,1458,74884,-36.831155,-71.536607,7.05,160,5.76,71.05,,1.4
"2026-03-02 20:51:02",2520,1459,74866,0,,5.65,138.4,5.74,71.05,,1.4
"2026-03-02 20:51:03",2522,1461,74849,0,,6.3,134.1,5.78,71,,1.4
"2026-03-02 20:51:04",2524,1463,74832,-36.831283,-71.536483,6.3,145.9,5.75,71,,1.5
"2026-03-02 20:51:05",2526,1465,74812,0,,4.25,153.2,5.75,70.95,,1.5
"2026-03-02 20:51:06",2528,1467,74794,0,,7.15,144.6,5.79,70.95,,1.6
"2026-03-02 20:51:07",2530,1469,74776,-36.831407,-71.536383,3.65,155.4,5.81,70.95,,1.5
"2026-03-02 20:51:08",2532,1471,74766,0,,5.9,150.7,5.73,70.95,,1.4
"2026-03-02 20:51:09",2533,1472,74756,0,,7.45,144.2,5.75,70.95,,1.4
"2026-03-02 20:51:10",2534,1473,74746,-36.831533,-71.536285,3.7,151.5,5.76,70.95,,1.4
"2026-03-02 20:51:11",2536,1475,74722,0,,5.75,162.2,5.72,70.95,,1.5
"2026-03-02 20:51:12",2539,1478,74699,0,,4.95,153.9,5.7,70.95,,1.7
"2026-03-02 20:51:13",2541,1480,74676,-36.831648,-71.536217,3.5,142.5,5.67,70.95,,1.9
"2026-03-02 20:51:14",2543,1482,74662,0,,6.9,150.9,5.6,70.95,,1.9
"2026-03-02 20:51:15",2545,1484,74648,0,,5.65,136.2,5.68,71,,1.8
"2026-03-02 20:51:16",2546,1485,74634,-36.831767,-71.536102,5.15,128.6,5.68,71.05,,1.8
"2026-03-02 20:51:17",2548,1487,74616,0,,6.05,142.9,5.66,71.1,,1.8
"2026-03-02 20:51:18",2550,1489,74599,0,,4.05,148.9,5.72,71.1,,1.8
"2026-03-02 20:51:19",2552,1491,74582,-36.83187,-71.535998,5.25,146.2,5.68,71.15,,1.8
"2026-03-02 20:51:20",2553,1492,74571,0,,5.4,167,5.72,71.15,,1.7
"2026-03-02 20:51:21",2554,1493,74559,0,,1.75,160,5.69,71.15,,1.8
"2026-03-02 20:51:22",2556,1495,74548,-36.831973,-71.535957,5.95,166.5,5.63,71.1,23,1.8
"2026-03-02 20:51:23",2559,1498,74519,0,,5.75,139.4,5.68,71.1,,1.9
"2026-03-02 20:51:24",2562,1501,74492,0,,5.15,150.5,5.75,71,,1.9
"2026-03-02 20:51:25",2565,1504,74466,-36.832105,-71.535863,5.65,156.3,5.77,70.95,,2
"2026-03-02 20:51:27",2566,1505,74454,0,,4.5,160.3,5.7,70.6,,1.8
"2026-03-02 20:51:28",2567,1506,74448,-36.832233,-71.535792,7.1,160.9,5.63,70.35,,1.7
"2026-03-02 20:51:29",2569,1508,74425,0,,5.4,143.4,5.76,70.2,,1.8
"2026-03-02 20:51:30",2572,1511,74401,0,,5.6,179.1,5.76,70.1,,1.8
"2026-03-02 20:51:31",2574,1513,74378,-36.832368,-71.535727,4.8,138.3,5.69,70,,1.9
"2026-03-02 20:51:32",2576,1515,74361,0,,4.8,156.2,5.66,69.9,,1.9
"2026-03-02 20:51:33",2578,1517,74345,0,,6.95,171.9,5.61,69.85,,2
"2026-03-02 20:51:34",2580,1519,74330,-36.832498,-71.535662,4.3,124.5,5.59,69.8,,2
"2026-03-02 20:51:35",2581,1520,74322,0,,5.6,162,5.62,69.75,,1.9
"2026-03-02 20:51:36",2581,1520,74314,0,,5.5,153.1,5.61,69.7,,1.8
"2026-03-02 20:51:37",2582,1521,74306,-36.832618,-71.535583,4.65,150.4,5.62,69.55,,1.6
"2026-03-02 20:51:38",2584,1523,74291,0,,5.85,175.1,5.64,69.45,,1.5
"2026-03-02 20:51:39",2585,1524,74277,0,,4.5,137.5,5.6,69.35,,1.5
"2026-03-02 20:51:40",2587,1526,74264,-36.832742,-71.53552,5.75,152.7,5.59,69.25,,1.6
"2026-03-02 20:51:41",2589,1528,74245,0,,7.1,166.8,5.63,69.2,,1.6
"2026-03-02 20:51:42",2591,1530,74227,0,,4.75,137.8,5.58,69.2,,1.6
"2026-03-02 20:51:43",2593,1532,74210,-36.832893,-71.535437,7.8,152.6,5.55,69.2,,1.5
"2026-03-02 20:51:45",2598,1537,74167,0,,5.7,142.6,5.55,69.15,,1.7
"2026-03-02 20:51:46",2600,1539,74146,-36.833045,-71.53535,7.75,165.9,5.59,69.05,,1.7
"2026-03-02 20:51:47",2601,1540,74133,0,,5.2,149,5.55,68.95,,1.7
"2026-03-02 20:51:48",2603,1542,74120,0,,7.45,151.9,5.49,68.9,,1.8
"2026-03-02 20:51:49",2604,1543,74108,-36.833207,-71.535265,6.45,167.5,5.56,68.9,23,1.8
"2026-03-02 20:51:50",2606,1545,74093,0,,4.85,137.9,5.53,68.9,,1.8
"2026-03-02 20:51:51",2608,1547,74078,0,,7.75,159,5.54,68.85,,1.8
"2026-03-02 20:51:52",2609,1548,74064,-36.833352,-71.535185,4.2,157.8,5.47,68.75,,1.8
"2026-03-02 20:51:53",2611,1550,74050,0,,7.15,141.1,5.49,68.75,,1.8
"2026-03-02 20:51:54",2612,1551,74036,0,,6.9,174.1,5.58,68.7,,1.8
"2026-03-02 20:51:55",2614,1553,74022,-36.833497,-71.535102,4.75,134.7,5.48,68.65,,1.8
"2026-03-02 20:51:56",2615,1554,74008,0,,9.05,157.4,5.46,68.65,,1.7
"2026-03-02 20:51:57",2617,1556,73996,0,,3.9,169.9,5.5,68.65,,1.6
"2026-03-02 20:51:58",2618,1557,73984,-36.833647,-71.535025,6.8,154,5.45,68.7,,1.5
"2026-03-02 20:51:59",2621,1560,73961,0,,7.55,167.4,5.44,68.8,,1.6
"2026-03-02 20:52:00",2623,1562,73939,0,,4,151.3,5.38,68.95,,1.7
"2026-03-02 20:52:01",2625,1564,73918,-36.833807,-71.53496,8.05,163.9,5.35,69,,1.8
"2026-03-02 20:52:02",2628,1567,73896,0,,5.5,152.5,5.37,69.05,,1.8
"2026-03-02 20:52:03",2630,1569,73875,0,,5.85,157.4,5.29,69.15,,1.9
"2026-03-02 20:52:04",2632,1571,73854,-36.83397,-71.534885,7.9,165.8,5.25,69.2,,1.9
"2026-03-02 20:52:05",2635,1574,73835,0,,4.55,148.3,5.2,69.3,,2
"2026-03-02 20:52:06",2637,1576,73815,0,,6.75,163.2,5.22,69.4,,2
"2026-03-02 20:52:07",2639,1578,73796,-36.834123,-71.534815,6.15,158.8,5.26,69.55,,2.1
"2026-03-02 20:52:08",2641,1580,73779,0,,3.55,149.7,5.25,69.65,,2.1
"2026-03-02 20:52:09",2643,1582,73762,0,,7.15,170,5.2,69.7,,2.1
"2026-03-02 20:52:10",2644,1583,73746,-36.83427,-71.534747,7.1,142.4,5.23,69.8,,2.1
"2026-03-02 20:52:11",2646,1585,73730,0,,3.95,175.8,5.32,69.9,,2.2
"2026-03-02 20:52:12",2648,1587,73715,0,,7.55,166.1,5.27,69.95,,2.1
"2026-03-02 20:52:13",2650,1589,73700,-36.83441,-71.53468,4.9,134.5,5.34,70,,2.1
"2026-03-02 20:52:14",2652,1591,73678,0,,6.75,187,5.31,70,,2
"2026-03-02 20:52:15",2654,1593,73657,0,,7.65,145.3,5.33,70.05,,2
"2026-03-02 20:52:16",2657,1596,73636,-36.834557,-71.53462,3.5,178.5,5.37,70,23,2
"2026-03-02 20:52:17",2658,1597,73623,0,,7.4,165.1,5.23,70,,2
"2026-03-02 20:52:18",2660,1599,73610,0,,5.55,138.9,5.14,69.9,,1.9
"2026-03-02 20:52:19",2661,1600,73598,-36.834705,-71.534567,6.4,185.6,5.15,69.9,,1.8
"2026-03-02 20:52:20",2662,1601,73592,0,,5.9,153.1,5.14,69.85,,1.7
"2026-03-02 20:52:21",2662,1601,73587,0,,5.55,169.9,5.17,69.85,,1.6
"2026-03-02 20:52:22",2663,1602,73582,-36.834863,-71.534525,7.1,174.5,5.08,69.8,,1.5
"2026-03-02 20:52:23",2665,1604,73564,0,,5.55,138.4,5.04,69.8,,1.5
"2026-03-02 20:52:24",2666,1605,73548,0,,5.6,182.5,5.07,69.75,,1.5
"2026-03-02 20:52:25",2668,1607,73532,-36.835013,-71.534478,6.5,164.7,5.03,69.75,,1.6
"2026-03-02 20:52:27",2676,1615,73465,0,,6.1,180,4.98,69.65,,1.8
"2026-03-02 20:52:28",2679,1618,73432,-36.835172,-71.534425,5.8,164.9,4.96,69.55,,1.9
"2026-03-02 20:52:29",2682,1621,73413,0,,6.75,170.1,4.94,69.5,,1.9
"2026-03-02 20:52:30",2684,1623,73394,0,,6.75,163.8,4.88,69.4,,2
"2026-03-02 20:52:31",2686,1625,73376,-36.835337,-71.534373,5.9,155.7,4.85,69.35,,2
"2026-03-02 20:52:32",2688,1627,73353,0,,7.1,177.9,4.86,69.25,,2.2
"2026-03-02 20:52:33",2691,1630,73331,0,,4.25,168.4,4.84,69.25,,2.4
"2026-03-02 20:52:34",2693,1632,73310,-36.835498,-71.534335,8.05,165,4.83,69.25,,2.5
"2026-03-02 20:52:35",2695,1634,73295,0,,6.25,163.1,4.87,69.3,,2.5
"2026-03-02 20:52:36",2696,1635,73281,0,,5.55,167.1,4.82,69.35,,2.4
"2026-03-02 20:52:37",2698,1637,73268,-36.835675,-71.534285,8.7,172.7,4.86,69.4,,2.4
"2026-03-02 20:52:38",2700,1639,73252,0,,4.2,160.4,4.81,69.4,,2.4
"2026-03-02 20:52:39",2701,1640,73237,0,,6.65,143.8,4.8,69.3,,2.4
"2026-03-02 20:52:40",2703,1642,73222,-36.835833,-71.534227,7.9,186.2,4.83,69.45,,2.1
"2026-03-02 20:52:41",2705,1644,73203,0,,6,155.9,4.75,69.4,,1.9
"2026-03-02 20:52:42",2707,1646,73185,0,,7.7,154.4,4.7,69.45,,1.9
"2026-03-02 20:52:43",2709,1648,73168,-36.835997,-71.534165,4.45,170,4.66,69.45,23,1.9
"2026-03-02 20:52:45",2714,1653,73119,0,,4.2,180,4.75,69.55,,2
"2026-03-02 20:52:46",2717,1656,73094,-36.836143,-71.53415,5.4,215,4.68,69.55,,2.1
"2026-03-02 20:52:47",2718,1657,73087,0,,2.75,164.3,4.6,69.5,,1.9
"2026-03-02 20:52:48",2719,1658,73081,0,,5.5,168.9,4.51,69.5,,1.8
"2026-03-02 20:52:49",2719,1658,73076,-36.836265,-71.534153,6.2,178.5,4.49,69.5,,1.8
"2026-03-02 20:52:50",2720,1659,73066,0,,5.05,153.7,4.41,69.55,,1.7
"2026-03-02 20:52:51",2721,1660,73057,0,,6.15,183.2,4.4,69.6,,1.7
"2026-03-02 20:52:52",2722,1661,73048,-36.836407,-71.534138,4.15,191.7,4.36,69.6,,1.6
"2026-03-02 20:52:53",2726,1665,73018,0,,4.4,163.4,4.35,69.6,,1.8
"2026-03-02 20:52:54",2729,1668,72989,0,,7.35,188.8,4.34,69.65,,1.9
"2026-03-02 20:52:55",2732,1671,72960,-36.83655,-71.53415,4.3,179.9,4.29,69.7,,2
"2026-03-02 20:52:56",2734,1673,72946,0,,5.65,144.8,4.3,69.75,,1.9
"2026-03-02 20:52:57",2735,1674,72933,0,,5.3,196.9,4.39,69.8,,1.7
"2026-03-02 20:52:58",2737,1676,72920,-36.836682,-71.53413,5.45,179.4,4.33,69.85,,1.6
"2026-03-02 20:52:59",2739,1678,72897,0,,8.5,162.8,4.33,69.85,,1.8
"2026-03-02 20:53:00",2742,1681,72873,0,,4.55,182.8,4.44,69.95,,1.9
"2026-03-02 20:53:01",2745,1684,72850,-36.836852,-71.534123,6.95,199.3,4.41,70,,2.1
"2026-03-02 20:53:02",2745,1684,72842,0,,7.4,161.4,4.4,70.1,,2.1
"2026-03-02 20:53:03",2746,1685,72835,0,,4.65,185.6,4.39,70.25,,2.1
"2026-03-02 20:53:04",2747,1686,72828,-36.837022,-71.53412,8.55,184.4,4.3,70.4,,2.1
"2026-03-02 20:53:05",2749,1688,72815,0,,3.9,154.1,4.3,70.6,,2
"2026-03-02 20:53:06",2750,1689,72802,0,,6.6,179.8,4.24,70.7,,1.9
"2026-03-02 20:53:07",2751,1690,72790,-36.837178,-71.5341,6.5,171,4.25,70.9,,1.7
"2026-03-02 20:53:08",2753,1692,72775,0,,4.95,181.3,4.22,71.1,,1.6
"2026-03-02 20:53:09",2755,1694,72760,0,,8.1,178.4,4.19,71.3,,1.6
"2026-03-02 20:53:10",2756,1695,72746,-36.837347,-71.534087,5.1,162.7,4.22,71.45,22.5,1.6
"2026-03-02 20:53:12",2759,1698,72724,0,,8.4,175.2,4.23,71.1,,1.4
"2026-03-02 20:53:13",2760,1699,72714,-36.837502,-71.534063,3.85,145.2,4.28,70.75,,1.3
"2026-03-02 20:53:16",2762,1701,72692,0,,7.3,162.4,4.34,70.2,,1.3
"2026-03-02 20:53:17",2764,1703,72682,-36.837647,-71.534048,4.7,194.4,4.34,69.9,,1.3
"2026-03-02 20:53:18",2766,1705,72657,0,,7.9,155.8,4.31,69.1,,1.4
"2026-03-02 20:53:19",2768,1707,72644,-36.837835,-71.534018,7.1,184.7,4.31,68.3,,1.4
"2026-03-02 20:53:21",2771,1710,72614,0,,5.95,175.7,4.28,66.55,,1.4
"2026-03-02 20:53:22",2773,1712,72600,-36.838028,-71.534033,6.9,170,4.36,65.6,,1.4
"2026-03-02 20:53:24",2776,1715,72570,0,,6.1,179.4,4.39,64,,1.4
"2026-03-02 20:53:25",2778,1717,72556,-36.838217,-71.534022,8.65,175.5,4.41,63.35,,1.5
"2026-03-02 20:53:28",2781,1720,72530,-36.838415,-71.534017,7.75,176.7,4.48,62.15,,1.4
"2026-03-02 20:53:30",2784,1723,72499,0,,7.45,163.1,4.41,61.2,,1.5
"2026-03-02 20:53:31",2786,1725,72486,-36.838602,-71.533995,6.1,178.5,4.43,60.6,,1.5
"2026-03-02 20:53:32",2789,1728,72452,0,,5.95,180.3,4.42,59.9,,1.7
"2026-03-02 20:53:33",2794,1733,72414,0,,7,165.8,4.5,59.3,,1.9
"2026-03-02 20:53:34",2798,1737,72376,-36.83877,-71.53397,5.8,174,4.49,58.75,,2.1
"2026-03-02 20:53:35",2801,1740,72351,0,,7.9,173,4.5,58.25,,2.2
"2026-03-02 20:53:36",2804,1743,72325,0,,6.4,162.8,4.44,57.8,,2.2
"2026-03-02 20:53:37",2807,1746,72300,-36.83895,-71.53393,6.1,169.9,4.42,57.5,21.75,2.4
"2026-03-02 20:53:38",2808,1747,72286,0,,7.7,172.1,4.41,57.2,,2.3
"2026-03-02 20:53:39",2810,1749,72273,0,,6.65,149.9,4.46,57,,2.3
"2026-03-02 20:53:40",2811,1750,72260,-36.839128,-71.533873,6.5,175.7,4.46,56.65,,2.5
"2026-03-02 20:53:41",2812,1751,72251,0,,7.65,164.3,4.5,56.2,,2.4
"2026-03-02 20:53:42",2813,1752,72242,0,,5.6,162.5,4.5,55.65,,2.3
"2026-03-02 20:53:43",2814,1753,72234,-36.839308,-71.533827,7.5,174.5,4.44,55.1,,2.3
"2026-03-02 20:53:44",2817,1756,72207,0,,7.2,155.1,4.45,54.7,,2.3
"2026-03-02 20:53:45",2820,1759,72181,0,,6.5,183.2,4.42,54.2,,2.2
"2026-03-02 20:53:46",2823,1762,72156,-36.839498,-71.533788,8.55,169.5,4.38,53.8,,2.1
"2026-03-02 20:53:47",2824,1763,72143,0,,7.55,167.4,4.3,53.45,,2
"2026-03-02 20:53:48",2826,1765,72130,0,,9.35,174.8,4.26,53.2,,1.9
"2026-03-02 20:53:49",2827,1766,72118,-36.839728,-71.533747,8.4,175.2,4.21,53,,1.8
"2026-03-02 20:53:50",2831,1770,72085,0,,7.9,164.8,4.18,52.9,,1.9
"2026-03-02 20:53:51",2835,1774,72053,0,,8,172.5,4.13,52.75,,2
"2026-03-02 20:53:52",2838,1777,72022,-36.839933,-71.533685,7.5,154.9,4.13,52.7,,2.2
"2026-03-02 20:53:53",2840,1779,72003,0,,7.35,163.4,4.11,52.6,,2.2
"2026-03-02 20:53:54",2842,1781,71984,0,,9.25,170.8,4.1,52.55,,2.3
"2026-03-02 20:53:55",2845,1784,71966,-36.840152,-71.533612,9.5,165.9,4.23,52.65,,2.4
"2026-03-02 20:53:56",2848,1787,71937,0,,7.8,178.5,4.19,52.8,,2.6
"2026-03-02 20:53:57",2851,1790,71910,0,,9.6,166.8,4.11,53.05,,2.6
"2026-03-02 20:53:58",2854,1793,71884,-36.840373,-71.533557,6.85,156,4.05,53.35,,2.6
"2026-03-02 20:53:59",2855,1794,71871,0,,7.3,174.7,4,53.55,,2.6
"2026-03-02 20:54:00",2857,1796,71858,0,,9.8,159.5,4.05,53.8,,2.6
"2026-03-02 20:54:01",2858,1797,71846,-36.840585,-71.533487,7.1,170.5,4.04,54,,2.6
"2026-03-02 20:54:02",2858,1797,71846,0,,8.45,170.3,3.99,54.15,,2.4
"2026-03-02 20:54:03",2858,1797,71847,0,,6.5,172,4.06,54.35,,2.1
"2026-03-02 20:54:04",2858,1797,71848,-36.840792,-71.53345,9.4,175.1,3.95,54.5,21.5,1.8
"2026-03-02 20:54:05",2860,1799,71827,0,,8.8,147.6,3.89,54.65,,1.7
"2026-03-02 20:54:06",2863,1802,71806,0,,6.6,184.2,3.87,54.85,,1.7
"2026-03-02 20:54:07",2865,1804,71786,-36.841008,-71.533388,10.45,171.6,3.8,55,,1.7
"2026-03-02 20:54:08",2868,1807,71759,0,,5.05,155,3.78,55.1,,1.7
"2026-03-02 20:54:09",2871,1810,71733,0,,9.1,184.8,3.75,55.2,,1.7
"2026-03-02 20:54:10",2874,1813,71708,-36.841213,-71.53334,8.8,147.1,3.76,55.15,,1.7
"2026-03-02 20:54:11",2874,1813,71702,0,,6.4,185.3,3.8,54.95,,1.6
"2026-03-02 20:54:12",2875,1814,71697,0,,11.2,177.3,3.82,54.65,,1.5
"2026-03-02 20:54:13",2876,1815,71692,-36.841448,-71.53331,8.3,174.7,3.81,54.25,,1.4
"2026-03-02 20:54:15",2882,1821,71636,0,,,,3.76,53.55,,1.8
"2026-03-02 20:54:16",2885,1824,71608,0,,,,3.71,53.25,,2.1
"2026-03-02 20:54:17",2887,1826,71595,0,,10.7,173.5,3.82,53,,2.2
"2026-03-02 20:54:18",2888,1827,71582,0,,9.8,181.2,3.8,52.8,,2.1
"2026-03-02 20:54:19",2890,1829,71570,-36.841978,-71.533243,10.1,164.5,3.75,52.55,,2.1
"2026-03-02 20:54:20",2891,1830,71552,0,,12.75,175.2,3.71,52.15,,2
"2026-03-02 20:54:21",2893,1832,71536,0,,8.75,183.1,3.7,51.8,,1.9
"2026-03-02 20:54:22",2895,1834,71520,-36.842267,-71.533218,12.25,168.9,3.76,50.95,,1.8
"2026-03-02 20:54:23",2897,1836,71508,0,,10.1,188.6,3.87,49.5,,1.8
"2026-03-02 20:54:24",2898,1837,71496,0,,8.5,166.4,3.9,47.85,,1.8
"2026-03-02 20:54:25",2899,1838,71484,-36.842537,-71.533192,11.95,173,3.85,46.25,,1.9
"2026-03-02 20:54:27",2906,1845,71428,0,,10,175.8,3.94,44.25,,2
"2026-03-02 20:54:28",2909,1848,71402,-36.84279,-71.533157,8.35,170.7,3.91,43.4,,2
"2026-03-02 20:54:29",2910,1849,71392,0,,9.3,168,3.8,42.8,,1.9
"2026-03-02 20:54:30",2911,1850,71382,0,,11.85,185.2,3.83,42.5,,1.9
"2026-03-02 20:54:31",2912,1851,71372,-36.843065,-71.533135,10.7,173.7,3.82,42.3,21.25,1.9
"2026-03-02 20:54:32",2915,1854,71347,0,,8.7,165.4,3.91,41.7,,2
"2026-03-02 20:54:33",2918,1857,71322,0,,11.45,182.3,3.91,41.05,,2
"2026-03-02 20:54:34",2921,1860,71298,-36.843335,-71.533108,9.65,173.3,3.89,40.45,,2.1
"2026-03-02 20:54:35",2922,1861,71282,0,,8.65,165.1,3.87,39.75,,2.1
"2026-03-02 20:54:36",2924,1863,71267,0,,11.45,174.7,3.98,39,,2.2
"2026-03-02 20:54:37",2926,1865,71252,-36.843597,-71.53306,9.15,175.3,4.01,38.15,,2.2
"2026-03-02 20:54:38",2927,1866,71242,0,,8.8,166.7,3.94,37.65,,2.1
"2026-03-02 20:54:39",2928,1867,71233,0,,10.35,175.4,3.94,37.3,,2
"2026-03-02 20:54:40",2929,1868,71224,-36.843838,-71.533022,6.9,176.8,3.89,37.1,,1.8
"2026-03-02 20:54:41",2931,1870,71209,0,,10.7,158.5,3.91,37.3,,1.7
"2026-03-02 20:54:42",2932,1871,71195,0,,10.1,179.5,3.97,38,,1.8
"2026-03-02 20:54:43",2934,1873,71182,-36.844083,-71.532955,7.5,160.7,3.81,38.8,,1.8
"2026-03-02 20:54:44",2935,1874,71174,0,,11.35,165.3,3.72,39.6,,1.6
"2026-03-02 20:54:45",2936,1875,71167,0,,7.2,169.7,3.68,40.45,,1.5
"2026-03-02 20:54:46",2936,1875,71160,-36.844322,-71.532882,10.4,160.9,3.67,41.1,,1.3
"2026-03-02 20:54:47",2939,1878,71139,0,,9.3,179.9,3.64,41.8,,1.4
"2026-03-02 20:54:48",2941,1880,71118,0,,7.85,152.3,3.55,42.4,,1.4
"2026-03-02 20:54:49",2944,1883,71098,-36.844567,-71.53281,12.2,169.2,3.57,42.95,,1.5
"2026-03-02 20:54:50",2945,1884,71087,0,,9.4,161.9,3.47,43.55,,1.4
"2026-03-02 20:54:51",2946,1885,71076,0,,9.85,156,3.37,44.15,,1.5
"2026-03-02 20:54:52",2947,1886,71066,-36.844827,-71.532708,10.2,171.4,3.39,44.75,,1.5
"2026-03-02 20:54:53",2949,1888,71051,0,,8.85,158.7,3.34,45.3,,1.5
"2026-03-02 20:54:54",2951,1890,71036,0,,8.85,158.7,3.3,45.8,,1.5
"2026-03-02 20:54:55",2952,1891,71022,-36.845083,-71.532607,9.85,156.3,3.27,46.2,,1.5
"2026-03-02 20:54:57",2956,1895,70992,0,,12.05,172,3.15,46.95,,1.6
"2026-03-02 20:54:58",2957,1896,70978,-36.845355,-71.532518,9.05,161,3.09,47.2,21.25,1.7
"2026-03-02 20:54:59",2959,1898,70964,0,,11.65,160.9,3.15,47.45,,1.7
"2026-03-02 20:55:00",2960,1899,70951,0,,11.65,160.9,3.23,47.4,,1.7
"2026-03-02 20:55:01",2962,1901,70938,-36.845622,-71.53242,8.95,160.6,3.17,47.3,,1.6
"2026-03-02 20:55:02",2963,1902,70924,0,,12.3,160.9,3.26,47.2,,1.6
"2026-03-02 20:55:03",2965,1904,70911,0,,9,168.9,3.26,47.15,,1.6
"2026-03-02 20:55:04",2966,1905,70898,-36.845893,-71.532305,12.25,151.5,3.21,47.1,,1.6
"2026-03-02 20:55:05",2969,1908,70879,0,,12.25,180.7,3.3,47.05,,1.6
"2026-03-02 20:55:06",2971,1910,70861,0,,10.45,161.8,3.19,47.15,,1.7
"2026-03-02 20:55:07",2973,1912,70844,-36.846207,-71.532215,14.5,165.9,3.21,47.4,,1.7
"2026-03-02 20:55:08",2974,1913,70832,0,,11.3,179.8,3.22,47.5,,1.7
"2026-03-02 20:55:09",2975,1914,70821,0,,12.35,156.8,3.21,46.9,,1.6
"2026-03-02 20:55:10",2977,1916,70810,-36.846528,-71.532138,12.35,177.4,3.37,45.7,,1.6
"2026-03-02 20:55:15",2984,1923,70746,0,,12.5,169.6,3.59,38.3,,1.6
"2026-03-02 20:55:16",2985,1924,70734,-36.847135,-71.531992,9.7,172.3,3.59,37.15,,1.6
"2026-03-02 20:55:20",2989,1928,70697,0,,12.5,164.3,3.61,33.55,,1.3
"2026-03-02 20:55:21",2990,1929,70688,0,,9.25,166.4,3.64,32.8,,1.3
"2026-03-02 20:55:22",2992,1931,70680,-36.847713,-71.53182,12.5,163.8,3.59,32.05,,1.2
"2026-03-02 20:55:23",2994,1933,70658,0,,10.3,170,3.7,31.3,,1.3
"2026-03-02 20:55:24",2996,1935,70637,0,,10.9,163.5,3.63,30.45,,1.4
"2026-03-02 20:55:25",2999,1938,70616,-36.848002,-71.531728,12.6,163.5,3.71,29.75,21,1.5
"2026-03-02 20:55:27",3002,1941,70590,0,,11.9,160.8,3.6,28.55,,1.5
"2026-03-02 20:55:28",3003,1942,70578,-36.848293,-71.531627,10.85,168.6,3.69,28,,1.5
"2026-03-02 20:55:32",3008,1947,70537,0,,10.25,161.7,3.62,26.35,,1.4
"2026-03-02 20:55:33",3009,1948,70527,0,,11.9,167.4,3.65,26,,1.5
"2026-03-02 20:55:34",3010,1949,70518,-36.84882,-71.531448,8.3,162.5,3.59,25.7,,1.5
"2026-03-02 20:55:35",3011,1950,70507,0,,11.9,162.8,3.59,25.35,,1.5
"2026-03-02 20:55:36",3013,1952,70496,0,,9.55,167.5,3.64,24.95,,1.4
"2026-03-02 20:55:37",3014,1953,70486,-36.849078,-71.531357,9.4,164,3.59,24.55,,1.3
"2026-03-02 20:55:38",3015,1954,70480,0,,12.5,164.8,3.59,24.15,,1.2
"2026-03-02 20:55:39",3015,1954,70475,0,,8.2,159.1,3.59,23.75,,1.1
"2026-03-02 20:55:40",3016,1955,70470,-36.849342,-71.531263,10.7,164.4,3.54,23.45,,1
"2026-03-02 20:55:42",3020,1959,70436,0,,8.7,153.5,3.49,22.8,,1.2
"2026-03-02 20:55:43",3022,1961,70420,-36.84961,-71.531175,11.15,169.5,3.49,22.55,,1.2
"2026-03-02 20:55:51",3033,1972,70324,0,,9.95,176.6,3.45,20.7,,1.4
"2026-03-02 20:55:52",3034,1973,70312,-36.85041,-71.530898,10.3,155.9,3.43,20.5,21,1.5
"2026-03-02 20:55:54",3037,1976,70288,0,,10.35,166.9,3.5,19.95,,1.5
"2026-03-02 20:55:55",3038,1977,70276,-36.850648,-71.53081,9.45,151.4,3.43,19.7,,1.4
"2026-03-02 20:55:57",3041,1980,70251,0,,10.75,156.7,3.46,19.1,,1.4
"2026-03-02 20:55:58",3042,1981,70240,-36.85089,-71.53071,8.95,162.7,3.57,18.85,,1.4
"2026-03-02 20:56:00",3045,1984,70214,0,,8.65,151,3.49,18.3,,1.4
"2026-03-02 20:56:01",3047,1986,70202,-36.851127,-71.53062,10.2,166.2,3.57,18.05,,1.4
"2026-03-02 20:56:03",3048,1987,70188,0,,8.25,154.5,3.54,17.55,,1.3
"2026-03-02 20:56:04",3049,1988,70182,-36.851362,-71.530543,10.45,169.3,3.53,17.3,,1.3
"2026-03-02 20:56:05",3052,1991,70156,0,,7.4,164,3.46,17.1,,1.4
"2026-03-02 20:56:06",3055,1994,70131,0,,9.3,151.5,3.45,16.9,,1.5
"2026-03-02 20:56:07",3058,1997,70106,-36.851583,-71.530437,9.45,155.3,3.4,16.65,,1.6
"2026-03-02 20:56:08",3060,1999,70091,0,,7.1,150.2,3.39,16.45,,1.6
"2026-03-02 20:56:09",3061,2000,70076,0,,8.55,160,3.37,16.25,,1.7
"2026-03-02 20:56:10",3063,2002,70062,-36.851797,-71.530318,10.9,159.7,3.43,16.05,,1.7
"2026-03-02 20:56:11",3064,2003,70052,0,,6,158.9,3.43,15.85,,1.7
"2026-03-02 20:56:12",3065,2004,70042,0,,8.25,148.2,3.4,15.65,,1.6
"2026-03-02 20:56:13",3067,2006,70032,-36.851982,-71.530208,7.55,156.7,3.37,15.45,,1.6
"2026-03-02 20:56:14",3067,2006,70031,0,,7.75,148.6,3.32,15.3,,1.5
"2026-03-02 20:56:15",3067,2006,70030,0,,9.5,148.4,3.48,15.15,,1.4
"2026-03-02 20:56:16",3067,2006,70030,-36.852167,-71.530082,6.45,167.7,3.47,15,,1.4
"2026-03-02 20:56:17",3068,2007,70018,0,,8.15,132.8,3.45,14.85,,1.5
"2026-03-02 20:56:18",3069,2008,70007,0,,8.3,161.2,3.46,14.7,,1.3
"2026-03-02 20:56:19",3071,2010,69996,-36.852332,-71.529963,5.6,146.8,3.47,14.6,20.75,1.2
"2026-03-02 20:56:20",3074,2013,69969,0,,9.2,144.3,3.47,14.45,,1.2
"2026-03-02 20:56:21",3077,2016,69942,0,,5.85,160,3.46,14.35,,1.3
"2026-03-02 20:56:22",3080,2019,69916,-36.852492,-71.529837,8.15,141.5,3.43,14.25,,1.4
"2026-03-02 20:56:23",3082,2021,69900,0,,9.8,163.2,3.45,14.2,,1.5
"2026-03-02 20:56:24",3084,2023,69886,0,,6.05,135.1,3.4,14.05,,1.5
"2026-03-02 20:56:25",3085,2024,69872,-36.852677,-71.529698,9.8,144.3,3.55,14,,1.6
"2026-03-02 20:56:27",3088,2027,69845,0,,7.35,136.6,3.51,13.8,,1.8
"2026-03-02 20:56:28",3090,2029,69832,-36.85285,-71.529552,9.2,149.3,3.52,13.75,,1.9
"2026-03-02 20:56:32",3096,2035,69780,0,,6.2,142.8,3.59,13.35,,1.9
"2026-03-02 20:56:33",3097,2036,69767,0,,9.5,148.2,3.59,13.2,,1.8
"2026-03-02 20:56:34",3099,2038,69754,-36.853173,-71.529277,4.6,134.7,3.57,13.1,,1.7
"2026-03-02 20:56:35",3101,2040,69740,0,,8.05,149.1,3.5,13,,1.6
"2026-03-02 20:56:36",3102,2041,69727,0,,8.3,149.4,3.5,12.95,,1.5
"2026-03-02 20:56:37",3104,2043,69714,-36.853332,-71.529138,6.2,133.7,3.47,12.9,,1.5
"2026-03-02 20:56:45",3115,2054,69619,0,,6.55,140.2,3.36,12.3,,1.4
"2026-03-02 20:56:46",3116,2055,69608,-36.853797,-71.528715,8.2,158.2,3.33,12.25,20.75,1.4
"2026-03-02 20:56:47",3117,2056,69594,0,,7.65,130.3,3.31,12.2,,1.4
"2026-03-02 20:56:48",3119,2058,69581,0,,7.65,130.3,3.32,12.2,,1.4
"2026-03-02 20:56:49",3121,2060,69568,-36.853955,-71.528578,7.55,147,3.28,12.15,,1.4
"2026-03-02 20:56:50",3122,2061,69555,0,,7,128.7,3.26,12.15,,1.4
"2026-03-02 20:56:51",3124,2063,69542,0,,7,128.7,3.25,12.1,,1.4
"2026-03-02 20:56:52",3125,2064,69530,-36.85411,-71.528432,7.9,134.1,3.23,12.05,,1.4
"2026-03-02 20:56:57",3134,2073,69455,0,,7.9,152.3,3.21,12,,1.5
"2026-03-02 20:56:58",3136,2075,69440,-36.854432,-71.528115,7.5,130.4,3.17,12,,1.6
"2026-03-02 20:56:59",3137,2076,69427,0,,7.45,155.6,3.17,12,,1.6
"2026-03-02 20:57:00",3138,2077,69415,0,,7.3,127.5,3.1,11.95,,1.6
"2026-03-02 20:57:01",3140,2079,69404,-36.854582,-71.527957,8.45,144,3.11,11.95,,1.6
"2026-03-02 20:57:05",3147,2086,69338,0,,6.2,139.2,3.04,11.95,,1.7
"2026-03-02 20:57:06",3149,2088,69322,0,,7.3,135.1,3.03,11.9,,1.7
"2026-03-02 20:57:07",3151,2090,69306,-36.854892,-71.527665,8.2,155.2,3.02,11.9,,1.8
"2026-03-02 20:57:08",3153,2092,69291,0,,7.8,139.7,2.97,11.9,,1.7
"2026-03-02 20:57:09",3155,2094,69277,0,,8.25,146.8,2.97,11.9,,1.7
"2026-03-02 20:57:10",3156,2095,69264,-36.855067,-71.527517,7.25,150.2,2.98,11.9,,1.7
"2026-03-02 20:57:11",3158,2097,69250,0,,7.45,129.7,2.95,11.9,,1.7
"2026-03-02 20:57:12",3159,2098,69237,0,,7.6,156,2.93,11.9,,1.7
"2026-03-02 20:57:13",3161,2100,69224,-36.855222,-71.527372,7.7,140.5,2.91,11.9,20.75,1.8
"2026-03-02 20:57:14",3162,2101,69211,0,,8.7,128.4,2.9,11.9,,1.7
"2026-03-02 20:57:15",3164,2103,69198,0,,7.5,160.9,2.98,11.9,,1.7
"2026-03-02 20:57:16",3165,2104,69186,-36.855382,-71.527208,7.3,132.6,2.95,11.95,,1.7
"2026-03-02 20:57:17",3167,2106,69169,0,,7.3,132.6,2.92,11.95,,1.7
"2026-03-02 20:57:18",3169,2108,69152,0,,6.75,152.9,2.89,11.95,,1.7
"2026-03-02 20:57:19",3171,2110,69136,-36.855523,-71.527055,7.55,124.8,2.83,11.95,,1.7
"2026-03-02 20:57:20",3173,2112,69122,0,,8.4,156.1,2.86,11.95,,1.7
"2026-03-02 20:57:21",3174,2113,69109,0,,6.4,137.4,2.87,11.95,,1.6
"2026-03-02 20:57:22",3176,2115,69096,-36.855678,-71.526898,8.2,136.5,2.87,11.95,,1.6
"2026-03-02 20:57:27",3186,2125,69007,0,,8.15,128.2,2.8,11.95,,1.9
"2026-03-02 20:57:28",3188,2127,68990,-36.855983,-71.526573,6.5,155.6,2.9,12,,1.9
"2026-03-02 20:57:35",3202,2141,68878,0,,8.9,130.9,2.85,12.05,,2
"2026-03-02 20:57:36",3203,2142,68862,0,,5.9,152.8,2.92,12.05,,2
"2026-03-02 20:57:37",3205,2144,68846,-36.856428,-71.526097,7.25,133.2,2.83,12.1,,2
"2026-03-02 20:57:38",3207,2146,68831,0,,8.85,137.6,2.87,12.1,,1.9
"2026-03-02 20:57:39",3209,2148,68816,0,,5.6,155.6,2.89,12.1,,1.9
"2026-03-02 20:57:40",3211,2150,68802,-36.856585,-71.52594,9.2,135.3,2.8,12.1,20.5,1.9
"2026-03-02 20:57:41",3213,2152,68777,0,,7.05,137.7,2.93,12.1,,1.9
"2026-03-02 20:57:42",3216,2155,68752,0,,6.3,143.7,2.87,12.1,,2
"2026-03-02 20:57:43",3219,2158,68728,-36.856733,-71.525775,8.85,135.7,2.76,12.1,,2.1
"2026-03-02 20:57:45",3223,2162,68695,0,,7.4,137.5,2.69,12.1,,2
"2026-03-02 20:57:46",3225,2164,68680,-36.856892,-71.525623,8.45,140.4,2.76,12.1,,2
"2026-03-02 20:57:47",3227,2166,68663,0,,6.4,154.8,2.79,12.05,,2.1
"2026-03-02 20:57:48",3229,2168,68646,0,,8.4,132.1,2.73,12.1,,2.1
"2026-03-02 20:57:49",3231,2170,68630,-36.857055,-71.525472,8.05,151.4,2.8,12.1,,2.1
"2026-03-02 20:57:50",3233,2172,68610,0,,6.55,155.9,2.75,12.15,,2.1
"2026-03-02 20:57:51",3236,2175,68590,0,,9.1,130.8,2.71,12.15,,2.2
"2026-03-02 20:57:52",3238,2177,68570,-36.857223,-71.525327,7.1,159.7,2.77,12.2,,2.2
"2026-03-02 20:57:53",3240,2179,68549,0,,8.85,133.6,2.67,12.15,,2.2
"2026-03-02 20:57:54",3243,2182,68529,0,,8.4,144.3,2.73,12.15,,2.2
"2026-03-02 20:57:55",3245,2184,68510,-36.857392,-71.525162,6.6,140.5,2.69,12.2,,2.1
"2026-03-02 20:57:56",3247,2186,68490,0,,8.85,130.4,2.69,12.2,,2.2
"2026-03-02 20:57:57",3250,2189,68471,0,,6.95,154,2.78,12.25,,2.2
"2026-03-02 20:57:58",3252,2191,68452,-36.857542,-71.524998,7.95,130.6,2.73,12.3,,2.2
"2026-03-02 20:57:59",3254,2193,68432,0,,9.8,137.8,2.78,12.4,,2.3
"2026-03-02 20:58:00",3257,2196,68411,0,,6.5,148.6,2.78,12.4,,2.3
"2026-03-02 20:58:01",3259,2198,68390,-36.857703,-71.524813,9.7,128.7,2.71,12.45,,2.3
"2026-03-02 20:58:02",3262,2201,68370,0,,7.1,145.7,2.81,12.55,,2.4
"2026-03-02 20:58:03",3264,2203,68351,0,,7.45,136.6,2.76,12.55,,2.4
"2026-03-02 20:58:04",3266,2205,68332,-36.85786,-71.52463,9.9,131.1,2.78,12.6,,2.3
"2026-03-02 20:58:05",3268,2207,68313,0,,5.75,143.7,2.83,12.6,,2.3
"2026-03-02 20:58:06",3271,2210,68294,0,,8.85,138.2,2.76,12.65,,2.3
"2026-03-02 20:58:07",3273,2212,68276,-36.858017,-71.524452,9.35,134.5,2.75,12.7,20.25,2.3
"2026-03-02 20:58:08",3275,2214,68254,0,,6.3,134.1,2.74,12.75,,2.3
"2026-03-02 20:58:09",3278,2217,68232,0,,9.85,140.3,2.67,12.85,,2.4
"2026-03-02 20:58:10",3281,2220,68210,-36.858182,-71.52427,7.85,140.2,2.71,12.9,,2.4
"2026-03-02 20:58:12",3286,2225,68164,0,,10.05,134.6,2.61,13.1,,2.4
"2026-03-02 20:58:13",3289,2228,68142,-36.858345,-71.524093,6.15,149.8,2.67,13.25,,2.5
"2026-03-02 20:58:15",3293,2232,68103,0,,9.3,142,2.75,13.5,,2.4
"2026-03-02 20:58:16",3296,2235,68084,-36.858503,-71.52391,6.5,135.6,2.71,13.55,,2.4
"2026-03-02 20:58:18",3301,2240,68038,0,,7.2,145.7,2.68,13.65,,2.5
"2026-03-02 20:58:19",3304,2243,68016,-36.858668,-71.523727,8.75,132,2.59,13.75,,2.6
"2026-03-02 20:58:21",3307,2246,67985,0,,6.5,131.7,2.6,13.85,,2.5
"2026-03-02 20:58:22",3309,2248,67970,-36.858828,-71.523533,9.7,138.6,2.51,13.9,,2.4
"2026-03-02 20:58:24",3313,2252,67939,0,,7.6,129.6,2.48,14.05,,2.3
"2026-03-02 20:58:25",3315,2254,67924,-36.859,-71.523343,9.6,146.5,2.37,14.1,,2.2
"2026-03-02 20:58:28",3327,2266,67822,-36.859173,-71.523152,9.05,138.2,2.47,14.35,,2.6
"2026-03-02 20:58:30",3332,2271,67777,0,,8.1,149.5,2.53,14.5,,2.6
"2026-03-02 20:58:31",3335,2274,67756,-36.859338,-71.52296,9.25,129.9,2.46,14.55,,2.6
"2026-03-02 20:58:32",3338,2277,67733,0,,7.9,132.9,2.52,14.6,,2.6
"2026-03-02 20:58:33",3340,2279,67709,0,,8.4,143.6,2.44,14.6,,2.7
"2026-03-02 20:58:34",3343,2282,67686,-36.859498,-71.522763,9,126.3,2.45,14.7,20.25,2.8
"2026-03-02 20:58:35",3346,2285,67661,0,,7.65,145.2,2.41,14.75,,2.8
"2026-03-02 20:58:36",3349,2288,67636,0,,8.9,128.8,2.32,14.9,,3
"2026-03-02 20:58:37",3352,2291,67612,-36.859655,-71.522567,8.5,133.2,2.33,14.95,,3.1
"2026-03-02 20:58:38",3354,2293,67592,0,,8.4,147.8,2.29,15.15,,3
"2026-03-02 20:58:39",3357,2296,67573,0,,9.05,125.7,2.22,15.25,,3
"2026-03-02 20:58:40",3359,2298,67554,-36.85982,-71.522365,9.05,130.2,2.18,15.35,,2.7
"2026-03-02 20:58:41",3361,2300,67535,0,,8.6,142.8,2.15,15.45,,2.6
"2026-03-02 20:58:42",3363,2302,67517,0,,8.75,121.3,2.14,15.6,,2.6
"2026-03-02 20:58:43",3365,2304,67500,-36.859982,-71.522155,9.15,143,2.17,15.7,,2.6
"2026-03-02 20:58:44",3369,2308,67469,0,,9.3,128.5,2.11,15.9,,2.6
"2026-03-02 20:58:45",3372,2311,67443,0,,8.85,129.3,2.05,16.05,,2.6
"2026-03-02 20:58:46",3375,2314,67418,-36.860145,-71.52194,8.2,139.4,2.05,16.25,,2.6
"2026-03-02 20:58:47",3377,2316,67403,0,,8.2,139.4,2.05,16.4,,2.6
"2026-03-02 20:58:48",3379,2318,67385,0,,7.7,134.2,2.08,16.6,,2.5
"2026-03-02 20:58:49",3381,2320,67368,-36.860297,-71.52174,7.8,146.5,2.01,16.75,,2.5
"2026-03-02 20:58:50",3384,2323,67341,0,,10.75,125.3,2.04,16.95,,2.5
"2026-03-02 20:58:51",3387,2326,67316,0,,6.5,138.4,2.05,17.15,,2.6
"2026-03-02 20:58:52",3390,2329,67292,-36.860455,-71.52152,10.6,129,2.03,17.35,,2.6
"2026-03-02 20:58:53",3395,2334,67258,0,,8.4,118.8,2.04,17.45,,2.8
"2026-03-02 20:58:54",3399,2338,67224,0,,6.9,134.8,2,17.65,,2.9
"2026-03-02 20:58:55",3403,2342,67190,-36.860593,-71.52129,9.95,131.5,2.02,17.8,,3.1
"2026-03-02 20:58:56",3406,2345,67164,0,,9.15,125,2.05,18,,3.1
"2026-03-02 20:58:57",3409,2348,67138,0,,8.45,132.9,1.99,18.15,,3.1
"2026-03-02 20:58:58",3412,2351,67112,-36.860752,-71.521038,10.75,124,1.98,18.3,,3.1
"2026-03-02 20:58:59",3415,2354,67085,0,,,,1.93,18.5,,3.2
"2026-03-02 20:59:00",3418,2357,67059,0,,,,1.94,18.65,,3.3
"2026-03-02 20:59:01",3422,2361,67034,0,,,,1.94,18.75,19.75,3.4
"2026-03-02 20:59:08",3443,2382,66858,0,,10.55,128.9,1.73,19.5,,3.1
"2026-03-02 20:59:09",3446,2385,66833,0,,7.5,116.5,1.74,19.6,,3.1
"2026-03-02 20:59:10",3449,2388,66808,-36.861325,-71.519995,9.8,133.8,1.68,19.65,,3.1
"2026-03-02 20:59:11",3451,2390,66791,0,,10.1,121.3,1.75,19.75,,3
"2026-03-02 20:59:12",3453,2392,66774,0,,7.25,122.7,1.68,19.75,,2.9
"2026-03-02 20:59:13",3455,2394,66758,-36.861468,-71.519737,11.25,125.8,1.61,19.8,,2.8
"2026-03-02 20:59:15",3462,2401,66699,0,,8.95,127.9,1.5,19.85,,2.9
"2026-03-02 20:59:16",3466,2405,66670,-36.861613,-71.519483,10,123.4,1.52,19.9,,2.9
"2026-03-02 20:59:17",3469,2408,66643,0,,7.3,116.9,1.47,19.95,,2.9
"2026-03-02 20:59:18",3472,2411,66618,0,,10.5,129.8,1.42,19.95,,3
"2026-03-02 20:59:19",3475,2414,66594,-36.861752,-71.51923,9,122.8,1.45,20,,3
"2026-03-02 20:59:20",3478,2417,66568,0,,7.5,123.2,1.39,20.05,,2.9
"2026-03-02 20:59:21",3481,2420,66541,0,,11.3,129.3,1.39,20.1,,3
"2026-03-02 20:59:22",3485,2424,66514,-36.861893,-71.518982,7.65,120.7,1.37,20.15,,3
"2026-03-02 20:59:23",3488,2427,66489,0,,8.8,121.7,1.3,20.2,,3
"2026-03-02 20:59:24",3490,2429,66465,0,,10.05,126.6,1.32,20.2,,3.1
"2026-03-02 20:59:25",3493,2432,66442,-36.862022,-71.518732,7.5,118.6,1.28,20.25,,3.2
"2026-03-02 20:59:27",3500,2439,66384,0,,9.05,121.5,1.21,20.3,,3.2
"2026-03-02 20:59:28",3504,2443,66356,-36.862158,-71.518483,8.5,125.6,1.17,20.4,19,3.2
"2026-03-02 20:59:29",3507,2446,66330,0,,10.8,135.4,1.18,20.45,,3.2
"2026-03-02 20:59:30",3510,2449,66304,0,,7.95,112.1,1.14,20.5,,3.2
"2026-03-02 20:59:31",3513,2452,66278,-36.862303,-71.518238,9.3,131,1.09,20.6,,3.2
"2026-03-02 20:59:32",3516,2455,66251,0,,9.8,128.3,1.08,20.7,,3.2
"2026-03-02 20:59:33",3520,2459,66224,0,,8.2,119.1,1.04,20.7,,3.2
"2026-03-02 20:59:34",3523,2462,66198,-36.862453,-71.517993,9.75,137.5,1.01,20.75,,3.2
"2026-03-02 20:59:35",3526,2465,66172,0,,9.55,113.8,0.98,20.8,,3.2
"2026-03-02 20:59:36",3529,2468,66147,0,,8.25,129.3,0.98,20.8,,3.2
"2026-03-02 20:59:37",3532,2471,66122,-36.862595,-71.517747,9.35,130.8,0.95,20.85,,3.2
"2026-03-02 20:59:38",3535,2474,66102,0,,9.95,110.4,0.96,20.85,,3.2
"2026-03-02 20:59:39",3537,2476,66083,0,,8.65,137.2,0.95,20.9,,3.1
"2026-03-02 20:59:40",3539,2478,66064,-36.862732,-71.517497,9.05,121.7,0.87,20.9,,3
"2026-03-02 20:59:44",3553,2492,65949,0,,9,118.9,0.74,20.95,,3.1
"2026-03-02 20:59:45",3557,2496,65920,0,,9.2,132.4,0.76,21,,3.1
"2026-03-02 20:59:46",3560,2499,65892,-36.862988,-71.517022,7.45,114.8,0.71,21,,3.1
"2026-03-02 20:59:50",3573,2512,65787,0,,10.2,134.3,0.67,21.1,,3.2
"2026-03-02 20:59:51",3576,2515,65761,0,,7.9,116.8,0.63,21.1,,3.3
"2026-03-02 20:59:52",3579,2518,65736,-36.863247,-71.516535,8.6,121.1,0.55,21.15,,3.3
"2026-03-02 20:59:53",3582,2521,65712,0,,10.05,131.2,0.54,21.15,,3.3
"2026-03-02 20:59:54",3585,2524,65688,0,,7.85,114.8,0.52,21.2,,3.3
"2026-03-02 20:59:55",3588,2527,65664,-36.86339,-71.516297,8.85,138,0.49,21.25,18.5,3.3
"2026-03-02 20:59:59",3598,2537,65587,0,,8.95,118.1,0.39,21.35,,2.9
"2026-03-02 21:00:00",3600,2539,65568,0,,8.4,134,0.37,21.35,,2.8
"2026-03-02 21:00:01",3602,2541,65550,-36.863683,-71.515827,8.65,130.8,0.36,21.4,,2.8
"2026-03-02 21:00:02",3606,2545,65522,0,,8.45,120.9,0.32,21.4,,2.8
"2026-03-02 21:00:03",3609,2548,65493,0,,10.25,137.9,0.31,21.45,,2.8
"2026-03-02 21:00:04",3613,2552,65464,-36.863835,-71.515593,8.15,118.4,0.26,21.45,,2.8
"2026-03-02 21:00:05",3616,2555,65436,0,,7.95,126.5,0.2,21.4,,2.8
"2026-03-02 21:00:06",3619,2558,65410,0,,9.35,130.3,0.22,21.45,,2.8
"2026-03-02 21:00:07",3623,2562,65384,-36.863963,-71.515365,7.35,118.9,0.15,21.5,,2.9
"2026-03-02 21:00:08",3626,2565,65358,0,,9.05,129.5,0.12,21.5,,2.9
"2026-03-02 21:00:09",3629,2568,65334,0,,8.65,124,0.11,21.55,,2.9
"2026-03-02 21:00:10",3632,2571,65310,-36.8641,-71.515133,7.9,128,0.04,21.6,,2.9
"2026-03-02 21:00:11",3634,2573,65289,0,,10.6,129.2,0.1,21.65,,3.1
"2026-03-02 21:00:12",3637,2576,65268,0,,6.8,122.7,0.05,21.65,,3.1
"2026-03-02 21:00:13",3639,2578,65248,-36.864242,-71.514902,9.25,127.2,-0.04,21.65,,3.1
"2026-03-02 21:00:15",3645,2584,65200,0,,6.75,119,-0.08,21.7,,3
"2026-03-02 21:00:16",3648,2587,65176,-36.864388,-71.51467,9.85,131.7,-0.12,21.75,,2.9
"2026-03-02 21:00:17",3650,2589,65158,0,,8.15,125.9,-0.09,21.75,,2.9
"2026-03-02 21:00:18",3653,2592,65141,0,,8.05,124.9,-0.18,21.8,,2.8
"2026-03-02 21:00:19",3655,2594,65124,-36.864537,-71.514437,10.85,131.1,-0.14,21.85,,2.7
"2026-03-02 21:00:20",3657,2596,65107,0,,6.35,126.5,-0.2,21.9,,2.6
"2026-03-02 21:00:21",3659,2598,65090,0,,9.35,127.2,-0.28,21.9,,2.5
"2026-03-02 21:00:22",3661,2600,65074,-36.864682,-71.51421,9.35,131.1,-0.19,22,18,2.5
"2026-03-02 21:00:23",3664,2603,65050,0,,6.75,123.5,-0.24,22.05,,2.5
"2026-03-02 21:00:24",3667,2606,65027,0,,10.15,129.4,-0.3,22.05,,2.5
"2026-03-02 21:00:25",3670,2609,65004,-36.864825,-71.513978,8.8,127.4,-0.27,22.1,,2.5
"2026-03-02 21:00:27",3676,2615,64953,0,,10.5,132.4,-0.31,22.15,,2.6
"2026-03-02 21:00:28",3679,2618,64928,-36.864965,-71.513748,7.25,119.2,-0.35,22.2,,2.6
"2026-03-02 21:00:29",3681,2620,64908,0,,7.8,123.8,-0.41,22.3,,2.5
"2026-03-02 21:00:30",3684,2623,64889,0,,9.4,128.6,-0.36,22.35,,2.6
"2026-03-02 21:00:31",3686,2625,64870,-36.86509,-71.51352,7.05,115.8,-0.38,22.45,,2.6
"2026-03-02 21:00:32",3689,2628,64848,0,,9.3,131.6,-0.42,22.55,,2.6
"2026-03-02 21:00:33",3691,2630,64827,0,,8.35,114.9,-0.39,22.7,,2.7
"2026-03-02 21:00:34",3694,2633,64806,-36.865212,-71.513285,7.5,126.6,-0.42,22.9,,2.7
"2026-03-02 21:00:35",3697,2636,64784,0,,9.75,130.8,-0.41,23.1,,2.8
"2026-03-02 21:00:36",3699,2638,64762,0,,7.4,111.6,-0.42,23.3,,2.7
"2026-03-02 21:00:37",3702,2641,64740,-36.86534,-71.513055,8.85,131.3,-0.45,23.5,,2.7
"2026-03-02 21:00:38",3705,2644,64719,0,,9.15,128.5,-0.47,23.65,,2.7
"2026-03-02 21:00:39",3707,2646,64698,0,,7.05,117.3,-0.5,23.85,,2.6
"2026-03-02 21:00:40",3710,2649,64678,-36.865475,-71.51283,9,135.1,-0.52,24.05,,2.6
"2026-03-02 21:00:45",3719,2658,64604,0,,8.8,126.6,-0.59,24.9,,2.3
"2026-03-02 21:00:46",3721,2660,64590,-36.865723,-71.512365,8.8,126.8,-0.54,25.05,,2.3
"2026-03-02 21:00:48",3727,2666,64539,0,,9.7,129.8,-0.61,25.35,,2.3
"2026-03-02 21:00:49",3730,2669,64514,-36.865842,-71.512122,7.6,107.9,-0.63,25.45,17.5,2.3
"2026-03-02 21:00:54",3741,2680,64427,0,,7.85,119.2,-0.66,25.9,,2.2
"2026-03-02 21:00:55",3743,2682,64410,-36.866067,-71.51166,7.35,121.1,-0.73,25.85,,2.2
"2026-03-02 21:00:57",3748,2687,64368,0,,6.65,125.6,-0.73,25.8,,2.4
"2026-03-02 21:00:58",3751,2690,64348,-36.866197,-71.511433,8.95,122.5,-0.8,25.75,,2.5
"2026-03-02 21:01:00",3753,2692,64330,0,,6.7,128.7,-0.81,25.6,,2.3
"2026-03-02 21:01:01",3754,2693,64322,-36.866333,-71.511193,10.95,122.6,-0.87,25.5,,2.1
"2026-03-02 21:01:03",3759,2698,64281,0,,7.55,124.7,-0.94,25.2,,2.1
"2026-03-02 21:01:04",3762,2701,64262,-36.866463,-71.510962,10.5,128.2,-0.89,25,,2.1
"2026-03-02 21:01:05",3763,2702,64246,0,,7.65,118.3,-0.9,24.75,,2.1
"2026-03-02 21:01:06",3765,2704,64232,0,,8.05,130.8,-0.93,24.5,,2
"2026-03-02 21:01:07",3767,2706,64218,-36.866598,-71.510733,9.2,131.8,-0.92,24.2,,2
"2026-03-02 21:01:14",3782,2721,64096,0,,8.05,129.9,-1.01,21.85,,2.2
"2026-03-02 21:01:15",3784,2723,64079,0,,9.2,125.2,-1,21.45,,2.1
"2026-03-02 21:01:16",3787,2726,64062,-36.866988,-71.510037,7.95,119.1,-1.02,20.9,16.75,2.1
"2026-03-02 21:01:17",3789,2728,64044,0,,9.9,133.5,-0.98,20.3,,2.1
"2026-03-02 21:01:18",3791,2730,64027,0,,7.45,120.5,-0.98,19.8,,2.1
"2026-03-02 21:01:19",3793,2732,64010,-36.867128,-71.509807,9.4,128.3,-1.04,19.3,,2.1
"2026-03-02 21:01:20",3795,2734,63998,0,,9.35,128.8,-0.94,18.8,,2.1
"2026-03-02 21:01:21",3796,2735,63986,0,,7.3,120.3,-0.98,18.35,,2.1
"2026-03-02 21:01:22",3798,2737,63974,-36.867272,-71.50957,10.6,131.2,-0.95,17.9,,2
"2026-03-02 21:01:23",3799,2738,63962,0,,7.4,128.1,-0.98,17.5,,2
"2026-03-02 21:01:24",3800,2739,63951,0,,8.7,126.8,-1.05,17,,2
"2026-03-02 21:01:25",3802,2741,63940,-36.867425,-71.50934,10.4,132.2,-0.96,16.65,,1.9
"2026-03-02 21:01:32",3816,2755,63826,0,,8.5,127,-1,14.55,,1.8
"2026-03-02 21:01:33",3818,2757,63810,0,,9.5,134.2,-0.96,14.35,,1.8
"2026-03-02 21:01:34",3820,2759,63794,-36.867872,-71.508642,7.65,116.5,-0.98,14.15,,1.9
"2026-03-02 21:01:35",3822,2761,63781,0,,9.4,129.5,-0.98,14,,1.9
"2026-03-02 21:01:36",3823,2762,63767,0,,8.2,128.2,-0.97,13.85,,1.9
"2026-03-02 21:01:37",3825,2764,63754,-36.868005,-71.508412,8.2,122.1,-1.02,13.7,,1.9
"2026-03-02 21:01:38",3827,2766,63739,0,,10.6,132.6,-0.95,13.55,,1.9
"2026-03-02 21:01:39",3829,2768,63724,0,,6.85,124.6,-0.96,13.45,,1.9
"2026-03-02 21:01:40",3831,2770,63710,-36.868152,-71.508177,10,125,-1.02,13.35,,1.9
"2026-03-02 21:01:45",3838,2777,63648,0,,8.25,129.2,-1.09,13.05,,1.7
"2026-03-02 21:01:46",3840,2779,63636,-36.868468,-71.507695,10.35,132.7,-1.02,13,,1.7
"2026-03-02 21:01:47",3841,2780,63631,0,,7.7,120.1,-1.04,12.95,,1.6
"2026-03-02 21:01:48",3841,2780,63626,0,,8.9,129.2,-1.07,12.95,,1.5
"2026-03-02 21:01:49",3842,2781,63622,-36.868608,-71.507462,9.15,126.3,-1.06,13,,1.4
"2026-03-02 21:01:50",3843,2782,63608,0,,7.95,119.8,-1.08,13.05,,1.4
"2026-03-02 21:01:51",3845,2784,63595,0,,8.95,136.1,-1.11,13.1,,1.4
"2026-03-02 21:01:52",3847,2786,63582,-36.86875,-71.507235,9.1,127.7,-1.08,13.3,,1.3
"2026-03-02 21:01:56",3855,2794,63520,0,,8.1,127.2,-1.2,14.6,,1.5
"2026-03-02 21:01:57",3856,2795,63505,0,,8.1,126.9,-1.17,15.05,,1.5
"2026-03-02 21:01:58",3858,2797,63490,-36.869015,-71.506785,8.2,122.4,-1.21,15.45,,1.5
"2026-03-02 21:01:59",3860,2799,63476,0,,10.25,132.2,-1.15,15.9,,1.6
"2026-03-02 21:02:00",3862,2801,63462,0,,6.65,123.7,-1.19,16.35,,1.7
"2026-03-02 21:02:01",3864,2803,63448,-36.869158,-71.506562,9.5,128.5,-1.23,16.9,,1.8
"2026-03-02 21:02:05",3868,2807,63413,0,,8.25,127.6,-1.23,19.15,,1.6
"2026-03-02 21:02:06",3869,2808,63404,0,,7.9,121.4,-1.3,19.65,,1.6
"2026-03-02 21:02:07",3870,2809,63396,-36.869458,-71.506097,10.95,134.7,-1.26,20.2,,1.6
"2026-03-02 21:02:08",3872,2811,63383,0,,7.25,118.4,-1.31,20.75,,1.4
"2026-03-02 21:02:09",3874,2813,63370,0,,8.85,124,-1.38,21.25,,1.4
"2026-03-02 21:02:10",3875,2814,63358,-36.8696,-71.505862,9.9,134.3,-1.3,21.7,16.75,1.4
"2026-03-02 21:02:11",3876,2815,63353,0,,6.6,117.8,-1.34,22.15,,1.3
"2026-03-02 21:02:12",3876,2815,63349,0,,9.6,131.1,-1.38,22.55,,1.2
"2026-03-02 21:02:13",3877,2816,63346,-36.869747,-71.505632,9.85,131.1,-1.34,22.95,,1.1
"2026-03-02 21:02:14",3878,2817,63332,0,,7.1,119.1,-1.41,23.3,,1.1
"2026-03-02 21:02:15",3880,2819,63317,0,,10.9,133.7,-1.36,23.6,,1.2
"2026-03-02 21:02:16",3882,2821,63302,-36.869893,-71.505403,7,124.9,-1.38,23.9,,1.2
"2026-03-02 21:02:17",3883,2822,63293,0,,8.4,124.2,-1.46,24.1,,1.2
"2026-03-02 21:02:18",3884,2823,63285,0,,9.9,137.4,-1.34,24.4,,1.2
"2026-03-02 21:02:19",3885,2824,63278,-36.870042,-71.505183,7.5,122.7,-1.41,24.65,,1.2
"2026-03-02 21:02:20",3887,2826,63265,0,,10.1,121.1,-1.51,24.9,,1.3
"2026-03-02 21:02:21",3888,2827,63252,0,,7.55,136.9,-1.53,25.2,,1.3
"2026-03-02 21:02:22",3890,2829,63240,-36.870177,-71.504952,9.25,120.5,-1.59,25.45,,1.3
"2026-03-02 21:02:23",3891,2830,63230,0,,9.85,125.8,-1.64,25.7,,1.2
"2026-03-02 21:02:24",3892,2831,63220,0,,7.35,129.8,-1.65,26,,1.3
"2026-03-02 21:02:25",3894,2833,63210,-36.870317,-71.50472,9.1,126.8,-1.62,26.25,,1.4
"2026-03-02 21:02:27",3897,2836,63182,0,,8.05,131.1,-1.54,26.7,,1.4
"2026-03-02 21:02:28",3899,2838,63168,-36.870462,-71.504502,10.4,131,-1.49,26.9,,1.4
"2026-03-02 21:02:29",3900,2839,63160,0,,7.2,119.1,-1.41,27.1,,1.4
"2026-03-02 21:02:30",3901,2840,63153,0,,8.8,134.6,-1.48,27.25,,1.4
"2026-03-02 21:02:31",3902,2841,63146,-36.870607,-71.504277,9.4,128.2,-1.47,27.35,,1.4
"2026-03-02 21:02:32",3902,2841,63144,0,,7.85,114.9,-1.48,27.45,,1.3
"2026-03-02 21:02:33",3902,2841,63143,0,,8.7,134.1,-1.54,27.55,,1.2
"2026-03-02 21:02:34",3902,2841,63142,-36.870742,-71.504038,9.45,121.1,-1.62,27.6,,1
"2026-03-02 21:02:35",3904,2843,63125,0,,7.75,128.4,-1.59,27.7,,1.1
"2026-03-02 21:02:36",3907,2846,63107,0,,8.9,135.7,-1.63,27.75,,1.2
"2026-03-02 21:02:37",3909,2848,63090,-36.870885,-71.503807,9.3,116.4,-1.71,27.75,17,1.3
"2026-03-02 21:02:38",3909,2848,63090,0,,8.6,136.9,-1.78,27.7,,1.2
"2026-03-02 21:02:39",3909,2848,63090,0,,9.2,125.9,-1.79,27.65,,1
"2026-03-02 21:02:40",3909,2848,63090,-36.87103,-71.503572,8.2,120,-1.82,27.6,,0.8
"2026-03-02 21:02:41",3911,2850,63077,0,,9.55,133.4,-1.78,27.6,,0.9
"2026-03-02 21:02:42",3912,2851,63063,0,,9.1,128.7,-1.79,27.55,,0.9
"2026-03-02 21:02:43",3914,2853,63050,-36.871178,-71.503338,8,118.6,-1.83,27.55,,1
"2026-03-02 21:02:45",3914,2853,63047,0,,7.1,121.5,-1.79,27.45,,1
"2026-03-02 21:02:46",3914,2853,63046,-36.871322,-71.503107,9.8,129.8,-1.84,27.4,,1
"2026-03-02 21:02:50",3922,2861,62988,0,,8.5,130.8,-1.72,27.2,,1
"2026-03-02 21:02:51",3924,2863,62974,0,,8.25,127.4,-1.78,27.2,,1.1
"2026-03-02 21:02:52",3925,2864,62960,-36.871648,-71.502653,10.4,134.3,-1.7,27.25,,1.3
"2026-03-02 21:02:53",3926,2865,62952,0,,7.7,139.7,-1.67,27.35,,1.3
"2026-03-02 21:02:54",3927,2866,62945,0,,9.8,125.9,-1.75,27.4,,1.2
"2026-03-02 21:02:55",3928,2867,62938,-36.871818,-71.502435,9.05,138.6,-1.67,27.5,,1.2
"2026-03-02 21:02:56",3929,2868,62932,0,,7.15,135.6,-1.72,27.6,,1.1
"2026-03-02 21:02:57",3930,2869,62927,0,,11.2,128.7,-1.74,27.7,,1.1
"2026-03-02 21:02:58",3930,2869,62922,-36.871982,-71.502223,6.95,138.2,-1.66,27.8,,1.2
"2026-03-02 21:02:59",3931,2870,62914,0,,9,129.6,-1.75,27.9,,1.3
"2026-03-02 21:03:00",3932,2871,62907,0,,10.5,132.2,-1.72,27.95,,1.3
"2026-03-02 21:03:01",3933,2872,62900,-36.87214,-71.502002,6.8,126,-1.74,28.05,,1.2
"2026-03-02 21:03:02",3934,2873,62891,0,,9.95,133.4,-1.83,28.1,,1
"2026-03-02 21:03:03",3935,2874,62882,0,,8.7,132.1,-1.76,28.15,,1
"2026-03-02 21:03:04",3936,2875,62874,-36.87229,-71.501785,7.7,125.2,-1.83,28.2,17,0.9
"2026-03-02 21:03:08",3941,2880,62838,0,,9.4,134.9,-1.93,28.5,,1
"2026-03-02 21:03:09",3942,2881,62829,0,,8.1,122,-1.97,28.5,,1
"2026-03-02 21:03:10",3943,2882,62820,-36.872603,-71.501345,9.75,140.7,-1.97,28.6,,1.1
"2026-03-02 21:03:12",3945,2884,62806,0,,9.15,132.7,-2.04,28.7,,1.1
"2026-03-02 21:03:13",3946,2885,62800,-36.872778,-71.50113,9.15,141.2,-2.06,28.75,,1
"2026-03-02 21:03:16",3948,2887,62782,-36.872948,-71.500918,9,136.8,-2.07,28.9,,1
"2026-03-02 21:03:18",3950,2889,62764,0,,8.05,142.3,-2.14,28.95,,1
"2026-03-02 21:03:19",3951,2890,62756,-36.873107,-71.500697,10.1,132.1,-2.15,29,,1
"2026-03-02 21:03:21",3954,2893,62736,0,,8.35,141.9,-2.12,29.05,,1
"2026-03-02 21:03:22",3955,2894,62726,-36.873263,-71.500473,10.6,127.5,-2.06,29.1,,1
"2026-03-02 21:03:24",3957,2896,62708,0,,9.7,139,-2,29.15,,1
"2026-03-02 21:03:25",3958,2897,62700,-36.873407,-71.500257,9.1,124.4,-1.87,29.2,,1.1
"2026-03-02 21:03:44",3980,2919,62533,0,,7.25,126.3,-2.06,30.2,,1.1
"2026-03-02 21:03:45",3981,2920,62524,0,,7.7,131.8,-2.08,30.25,,1.1
"2026-03-02 21:03:46",3982,2921,62516,-36.87435,-71.498712,9.9,125.9,-2,30.3,,1.1
"2026-03-02 21:03:47",3983,2922,62508,0,,7.4,125.3,-2.01,30.35,,1.1
"2026-03-02 21:03:48",3984,2923,62500,0,,8.75,128.9,-2.02,30.35,,1.1
"2026-03-02 21:03:49",3985,2924,62492,-36.874487,-71.498475,9.35,123.6,-1.93,30.45,,1.1
"2026-03-02 21:03:50",3986,2925,62483,0,,7.25,127.8,-1.93,30.45,,1.1
"2026-03-02 21:03:51",3987,2926,62474,0,,9.7,128.5,-1.96,30.45,,1.1
"2026-03-02 21:03:52",3988,2927,62466,-36.874625,-71.498238,8.6,121.5,-2,30.5,,1.1
"2026-03-02 21:03:53",3989,2928,62456,0,,7.5,128.1,-2.04,30.55,,1.1
"2026-03-02 21:03:54",3991,2930,62447,0,,9.3,124.8,-1.99,30.55,,1.1
"2026-03-02 21:03:55",3992,2931,62438,-36.87475,-71.498005,7.65,117.3,-2.01,30.6,,1.1
"2026-03-02 21:03:57",3994,2933,62419,0,,8.5,118.3,-1.99,30.6,,1.1
"2026-03-02 21:03:58",3995,2934,62410,-36.874867,-71.497777,7.35,121.2,-2.01,30.65,16.25,1.1
"2026-03-02 21:03:59",3996,2935,62406,0,,9.4,125.9,-1.95,30.65,,1.1
"2026-03-02 21:04:00",3996,2935,62403,0,,7.35,122.1,-1.97,30.7,,1
"2026-03-02 21:04:01",3997,2936,62400,-36.87499,-71.497555,7.8,127.8,-2,30.7,,1
"2026-03-02 21:04:02",3998,2937,62392,0,,8.85,121.6,-1.95,30.7,,1
"2026-03-02 21:04:03",3999,2938,62385,0,,6.75,128.6,-2,30.75,,0.9
"2026-03-02 21:04:04",3999,2938,62378,-36.875112,-71.49734,8.6,124,-2.05,30.75,,0.9
"2026-03-02 21:04:08",4004,2943,62340,0,,8.6,124,-2.17,30.85,,1
"2026-03-02 21:04:09",4005,2944,62331,0,,7.7,123.7,-2.24,30.9,,1
"2026-03-02 21:04:10",4007,2946,62322,-36.875352,-71.496865,8.8,117.1,-2.22,30.95,,1
"2026-03-02 21:04:20",4021,2960,62210,0,,10,111.6,-2.33,31.45,,1.4
"2026-03-02 21:04:21",4022,2961,62199,0,,5.9,121.2,-2.24,31.45,,1.4
"2026-03-02 21:04:22",4024,2963,62188,-36.875818,-71.495922,8.3,127.3,-2.29,31.5,,1.4
"2026-03-02 21:04:23",4025,2964,62175,0,,9.05,116.4,-2.16,31.45,,1.4
"2026-03-02 21:04:24",4027,2966,62163,0,,6.85,127,-2.2,31.5,,1.4
"2026-03-02 21:04:25",4028,2967,62152,-36.87593,-71.495687,9.65,116.4,-2.3,31.5,16.25,1.4
"2026-03-02 21:04:27",4030,2969,62141,0,,7.85,124.3,-2.34,31.5,,1.4
"2026-03-02 21:04:28",4030,2969,62136,-36.876033,-71.495453,8.85,111.5,-2.24,31.5,,1.3
"2026-03-02 21:04:29",4032,2971,62121,0,,7,127.8,-2.27,31.45,,1.4
"2026-03-02 21:04:30",4034,2973,62106,0,,8.15,110,-2.31,31.45,,1.4
"2026-03-02 21:04:31",4036,2975,62092,-36.876127,-71.49522,8.25,118,-2.35,31.4,,1.4
"2026-03-02 21:04:32",4037,2976,62083,0,,7.75,126.1,-2.31,31.4,,1.4
"2026-03-02 21:04:33",4038,2977,62074,0,,8.4,103.4,-2.36,31.4,,1.3
"2026-03-02 21:04:34",4039,2978,62066,-36.876228,-71.494978,8.85,127.3,-2.4,31.35,,1.3
"2026-03-02 21:04:35",4041,2980,62054,0,,7.65,128.6,-2.41,31.3,,1.3
"2026-03-02 21:04:36",4042,2981,62043,0,,8,108.4,-2.41,31.3,,1.3
"2026-03-02 21:04:37",4044,2983,62032,-36.876343,-71.494752,8.7,130.2,-2.44,31.3,,1.3
"2026-03-02 21:04:38",4043,2982,62035,0,,7.55,114.7,-2.44,31.3,,1.2
"2026-03-02 21:04:39",4043,2982,62038,0,,8.15,118,-2.45,31.25,,1.1
"2026-03-02 21:04:40",4043,2982,62042,-36.876455,-71.494527,7.75,129.7,-2.41,31.25,,1
"2026-03-02 21:04:47",4056,2995,61939,0,,6.25,114.5,-2.48,31.2,,1.2
"2026-03-02 21:04:48",4058,2997,61924,0,,8.75,127.3,-2.48,31.15,,1.3
"2026-03-02 21:04:49",4060,2999,61910,-36.87676,-71.493837,8.35,109.6,-2.43,31.15,,1.3
"2026-03-02 21:05:37",4126,3065,61394,-36.87843,-71.490217,8.2,115.2,-2.65,24.75,,1.4
"2026-03-02 21:05:39",4129,3068,61374,0,,8.05,102.5,-2.75,24.45,,1.4
"2026-03-02 21:05:40",4130,3069,61364,-36.878515,-71.489997,7.75,112.1,-2.79,24.3,,1.4
"2026-03-02 21:06:07",3889,2828,63250,-36.879625,-71.487942,9.55,122.8,-2.02,30.3,,-8.9
"2026-03-02 21:06:17",3788,2727,64053,0,,8.7,138.7,-1.52,29.9,,-9.2
"2026-03-02 21:06:18",3778,2717,64132,0,,8.3,128.4,-1.43,29.75,,-9.2
"2026-03-02 21:06:19",3768,2707,64212,-36.88018,-71.48703,8.45,120.4,-1.34,29.7,,-9.9
"2026-03-02 21:07:04",3343,2282,67684,-36.882595,-71.482993,8.85,135.1,1.42,21,,-9.5
"2026-03-02 21:07:08",3306,2245,67999,0,,9,129.7,1.77,19.3,,-9.5
"2026-03-02 21:07:09",3296,2235,68077,0,,9.3,129.5,1.88,18.9,,-9.5
"2026-03-02 21:07:10",3287,2226,68156,-36.882917,-71.482523,9.55,130.2,1.94,18.5,,-9.5
"2026-03-02 21:07:11",3277,2216,68236,0,,10.65,139.4,1.89,18.05,,-9.5
"2026-03-02 21:07:12",3267,2206,68320,0,,9.6,142.6,1.85,17.55,,-9.5
"2026-03-02 21:07:13",3258,2197,68404,-36.883117,-71.48231,8.45,141.8,1.84,17.15,,-9.5
"2026-03-02 21:07:20",3192,2131,68962,0,,7.6,146.3,2.06,15,,-9.5
"2026-03-02 21:07:21",3182,2121,69042,0,,8.9,145.2,2.11,14.85,,-9.5
"2026-03-02 21:07:22",3173,2112,69122,-36.88365,-71.48177,9.25,149,2.12,14.6,,-9.5
"2026-03-02 21:07:23",3165,2104,69191,0,,9.85,157,2.11,14.5,,-9.5
"2026-03-02 21:07:24",3156,2095,69263,0,,10.4,153,2.08,14.4,,-9.3
"2026-03-02 21:07:25",3148,2087,69336,-36.883895,-71.481625,9.9,155.8,2.12,14.3,,-9.2
"2026-03-02 21:07:26",3138,2077,69422,0,,10.25,152.7,2.12,14.25,,-9.2
"2026-03-02 21:07:27",3128,2067,69504,0,,10.4,160.2,2.13,14.2,,-9.2
"2026-03-02 21:07:28",3118,2057,69586,-36.884148,-71.481495,9.6,160.5,2.16,14.15,,-9.3
"2026-03-02 21:07:29",3109,2048,69663,0,,9.15,158.6,2.22,14.15,,-9.3
"2026-03-02 21:07:30",3100,2039,69744,0,,9.6,153.6,2.33,14.15,,-9.3
"2026-03-02 21:07:31",3090,2029,69826,-36.884387,-71.481358,10.3,150.9,2.42,14.25,,-9.3
"2026-03-02 21:07:32",3079,2018,69923,0,,10.8,154.2,2.38,14.7,,-9.3
"2026-03-02 21:07:33",3069,2008,70013,0,,10.45,161.1,2.39,15.45,,-9.4
"2026-03-02 21:07:34",3058,1997,70104,-36.884652,-71.481222,10.3,164,2.41,16.1,14.5,-9.5
"2026-03-02 21:07:36",3042,1981,70238,0,,10.65,168.8,2.41,18,,-9.4
"2026-03-02 21:07:37",3034,1973,70308,-36.884932,-71.481133,10.95,162.1,2.43,19.15,,-9.4
"2026-03-02 21:07:38",3025,1964,70386,0,,10.55,162.5,2.46,20.4,,-9.4
"2026-03-02 21:07:39",3016,1955,70464,0,,10.05,165.2,2.49,21.7,,-9.3
"2026-03-02 21:07:40",3007,1946,70542,-36.885207,-71.48103,10.6,165.5,2.52,23.1,,-9.3
"2026-03-02 21:07:41",2998,1937,70625,0,,10.4,170.1,2.51,24.85,,-9.3
"2026-03-02 21:07:42",2988,1927,70711,0,,10,167.3,2.49,27.2,,-9.3
"2026-03-02 21:07:43",2978,1917,70798,-36.885482,-71.480957,10,168.2,2.51,29.7,,-9.4
"2026-03-02 21:07:44",2968,1907,70884,0,,10,167.3,2.51,32.1,,-9.4
"2026-03-02 21:07:45",2958,1897,70968,0,,9.4,165.6,2.53,34.15,,-9.3
"2026-03-02 21:07:46",2949,1888,71052,-36.885735,-71.480882,8.95,169.6,2.56,36.1,,-9.2
"2026-03-02 21:07:47",2939,1878,71135,0,,9.25,171.2,2.59,38,,-9.2
"2026-03-02 21:07:48",2929,1868,71222,0,,8.95,166.5,2.65,39.75,,-9.3
"2026-03-02 21:07:49",2919,1858,71310,-36.885977,-71.480818,9.25,165.1,2.69,41.25,,-9.5
"2026-03-02 21:07:50",2910,1849,71392,0,,8.3,167,2.78,42.7,,-9.6
"2026-03-02 21:07:51",2900,1839,71474,0,,8.3,160.8,2.86,44,,-9.6
"2026-03-02 21:07:52",2891,1830,71556,-36.886198,-71.480745,8.3,166,2.93,45.3,,-9.6
"2026-03-02 21:07:53",2882,1821,71639,0,,8.35,166.1,3.03,46.55,,-9.7
"2026-03-02 21:07:54",2872,1811,71726,0,,9.25,169.6,3.06,47.7,,-9.7
"2026-03-02 21:07:55",2862,1801,71814,-36.886423,-71.480678,7.7,162.7,3.1,48.75,,-9.7
"2026-03-02 21:07:56",2853,1792,71893,0,,9.05,163.4,3.16,49.8,,-9.6
"2026-03-02 21:07:57",2844,1783,71972,0,,7.9,162.3,3.22,50.65,,-9.6
"2026-03-02 21:07:58",2835,1774,72052,-36.886635,-71.480598,7.7,161.8,3.3,51.5,,-9.5
"2026-03-02 21:07:59",2824,1763,72149,0,,8.55,157.5,3.33,52.35,,-9.6
"2026-03-02 21:08:00",2813,1752,72243,0,,7.85,159.4,3.43,53.15,,-9.7
"2026-03-02 21:08:01",2802,1741,72338,-36.886837,-71.480502,7.45,155,3.47,54,14.75,-9.7
"2026-03-02 21:08:02",2794,1733,72411,0,,7.75,154.1,3.51,54.9,,-9.6
"2026-03-02 21:08:03",2786,1725,72485,0,,6.75,149.7,3.59,55.9,,-9.5
"2026-03-02 21:08:04",2777,1716,72560,-36.887013,-71.480393,7.25,148.8,3.64,56.75,,-9.5
"2026-03-02 21:08:06",2757,1696,72738,0,,6.35,143.7,3.69,58.3,,-9.5
"2026-03-02 21:08:07",2747,1686,72828,-36.887165,-71.480267,6.9,154.4,3.71,59.35,,-9.5
"2026-03-02 21:08:08",2737,1676,72921,0,,6.5,146.4,3.76,60.4,,-9.6
"2026-03-02 21:08:09",2727,1666,73009,0,,7,151.4,3.82,61.4,,-9.7
"2026-03-02 21:08:10",2717,1656,73098,-36.887323,-71.480148,6.65,148.4,3.9,62.2,,-9.8
"2026-03-02 21:08:11",2709,1648,73168,0,,6.65,151.2,3.96,62.95,,-9.6
"2026-03-02 21:08:12",2701,1640,73242,0,,6.75,149.9,4.04,63.55,,-9.5
"2026-03-02 21:08:13",2692,1631,73316,-36.88748,-71.480032,6.75,142.6,4.1,64.1,,-9.3
"2026-03-02 21:08:14",2683,1622,73397,0,,7.3,152.3,4.18,64.55,,-9.2
"2026-03-02 21:08:15",2674,1613,73476,0,,7.25,149.7,4.26,64.95,,-9.2
"2026-03-02 21:08:16",2666,1605,73556,-36.887648,-71.479903,7.1,142.9,4.34,65.3,,-9.3
"2026-03-02 21:08:17",2658,1597,73624,0,,7.1,149.7,4.42,65.6,,-9.2
"2026-03-02 21:08:18",2650,1589,73694,0,,6.85,146.1,4.51,65.8,,-8.9
"2026-03-02 21:08:19",2642,1581,73764,-36.887812,-71.479772,7.55,149.9,4.59,66,,-8.7
"2026-03-02 21:08:20",2634,1573,73842,0,,6.35,148.8,4.67,66.15,,-8.7
"2026-03-02 21:08:21",2625,1564,73924,0,,6.7,143.6,4.75,66.25,,-8.7
"2026-03-02 21:08:22",2616,1555,74006,-36.88797,-71.479645,6.75,149.3,4.8,66.35,,-8.6
"2026-03-02 21:08:23",2606,1545,74088,0,,6.35,144.5,4.85,66.55,,-8.5
"2026-03-02 21:08:24",2597,1536,74170,0,,6.6,147.5,4.92,66.7,,-8.6
"2026-03-02 21:08:25",2588,1527,74252,-36.888122,-71.479522,6.75,145.6,4.99,66.8,,-8.7
"2026-03-02 21:08:27",2570,1509,74412,0,,7.25,144.8,5.14,66.85,,-8.7
"2026-03-02 21:08:28",2562,1501,74492,-36.888283,-71.479387,7.05,144.7,5.2,66.9,15.25,-8.7
"2026-03-02 00:13:06",1420,359,85364,0,,,,10.66,55.9,,
"2026-03-02 00:13:42",1420,359,85364,0,,,,10.76,55.55,,0
"2026-03-02 00:13:48",1420,359,85362,0,,,,10.75,55.45,,0
"2026-03-02 00:14:06",1421,360,85356,0,,,,10.84,55.6,12,0
"2026-03-02 00:14:30",1421,360,85358,0,,,,10.8,55.1,,0
"2026-03-02 00:15:00",1420,359,85360,0,,,,10.81,55.05,12.25,0
"2026-03-02 00:15:12",1421,360,85358,0,,,,10.82,55,,0
"2026-03-02 00:15:36",1420,359,85362,0,,,,10.76,55.05,,0
"2026-03-02 00:15:42",1420,359,85360,0,,,,10.75,55.05,,0
"2026-03-02 00:15:48",1421,360,85358,0,,,,10.74,55.1,,0
"2026-03-02 00:15:54",1420,359,85360,0,,,,10.74,54.95,12.25,0
"2026-03-02 00:16:00",1420,359,85360,0,,,,10.73,54.95,,0
"2026-03-02 00:16:06",1420,359,85360,0,,,,10.72,55,,0
"2026-03-02 00:16:12",1420,359,85360,0,,,,10.73,55.1,,0
"2026-03-02 00:16:18",1421,360,85358,0,,,,10.75,55.1,,0
"2026-03-02 00:16:30",1420,359,85362,0,,,,10.74,54.95,,0
"2026-03-02 00:16:36",1421,360,85358,0,,,,10.76,55.05,,0
"2026-03-02 00:16:42",1421,360,85358,0,,,,10.8,55.4,,0
"2026-03-02 00:16:54",1421,360,85358,0,,,,10.79,55.1,,0
"2026-03-02 00:17:00",1420,359,85360,0,,,,10.66,55.05,,0
"2026-03-02 00:17:06",1420,359,85360,0,,,,10.55,55.35,,0
"2026-03-02 00:17:12",1420,359,85364,0,,,,10.5,55.5,,0
"2026-03-02 00:17:18",1420,359,85362,0,,,,10.5,55.45,,0
"2026-03-02 00:17:24",1420,359,85360,0,,,,10.51,55.4,,0
"2026-03-02 00:17:30",1420,359,85360,0,,,,10.54,55.7,,0
"2026-03-02 00:17:36",1421,360,85358,0,,,,10.58,56.1,,0
"2026-03-02 00:17:42",1420,359,85360,0,,,,10.63,56.45,12.5,0
"2026-03-02 00:17:49",1420,359,85360,0,,,,10.69,56.45,,0
"2026-03-02 00:17:54",1421,360,85358,0,,,,10.73,56.15,,0
"2026-03-02 00:18:00",1420,359,85362,0,,,,10.73,55.9,,0
"2026-03-02 00:18:07",1420,359,85360,0,,,,10.69,55.8,,0
"2026-03-02 00:18:13",1420,359,85360,0,,,,10.65,56.05,,0
"2026-03-02 00:18:19",1420,359,85364,0,,,,10.61,56.05,,0
"2026-03-02 00:18:25",1421,360,85358,0,,,,10.57,56.3,,0
"2026-03-02 00:18:31",1420,359,85362,0,,,,10.55,56.55,,0
"2026-03-02 00:18:37",1420,359,85360,0,,,,10.52,56.55,12.5,0
"2026-03-02 00:18:43",1421,360,85356,0,,,,10.5,56.55,,0
"2026-03-02 00:19:07",1420,359,85364,0,,,,10.42,56.45,,0
"2026-03-02 00:19:13",1420,359,85364,0,,,,10.41,56.5,,0
"2026-03-02 00:19:19",1420,359,85364,0,,,,10.4,56.5,,0
"2026-03-02 00:19:25",1420,359,85362,0,,,,10.38,56.5,,0
"2026-03-02 00:19:31",1420,359,85360,0,,,,10.36,56.5,12.5,0
"2026-03-02 00:19:37",1420,359,85362,0,,,,10.32,56.3,,0
"2026-03-02 00:19:43",1420,359,85362,0,,,,10.25,56.3,,0
"2026-03-02 00:19:49",1420,359,85362,0,,,,10.19,56.5,,0
"2026-03-02 00:19:55",1420,359,85364,0,,,,10.18,56.5,,0
"2026-03-02 00:20:01",1420,359,85364,0,,,,10.17,56.55,,0
"2026-03-02 00:20:07",1420,359,85362,0,,,,10.17,56.7,,0
"2026-03-02 00:20:13",1420,359,85364,0,,,,10.18,56.5,,0
"2026-03-02 00:20:19",1420,359,85364,0,,,,10.19,56.4,,0
"2026-03-02 00:20:25",1420,359,85362,0,,,,10.21,56.5,12.5,0
"2026-03-02 00:20:31",1420,359,85368,0,,,,10.2,56.55,,0
"2026-03-02 00:20:37",1420,359,85368,0,,,,10.15,56.6,,0
"2026-03-02 00:20:43",1420,359,85366,0,,,,10.06,56.8,,0
"2026-03-02 00:20:49",1420,359,85366,0,,,,9.97,57.1,,0
"2026-03-02 00:20:55",1420,359,85364,0,,,,9.92,57.5,,0
"2026-03-02 00:21:01",1420,359,85364,0,,,,9.95,57.55,,0
"2026-03-02 00:21:07",1420,359,85360,0,,,,9.99,57.35,,0
"2026-03-02 00:21:13",1420,359,85368,0,,,,10.04,57.3,,0
"2026-03-02 00:21:19",1420,359,85362,0,,,,10.11,57.15,12.25,0
"2026-03-02 00:21:25",1420,359,85364,0,,,,10.16,56.85,,0
"2026-03-02 00:21:31",1420,359,85366,0,,,,10.2,56.65,,0
"2026-03-02 00:21:37",1420,359,85362,0,,,,10.25,56.7,,0
"2026-03-02 00:21:43",1420,359,85366,0,,,,10.31,56.65,,0
"2026-03-02 00:21:49",1420,359,85360,0,,,,10.41,56.75,,0
"2026-03-02 00:21:55",1420,359,85362,0,,,,10.51,56.9,,0
"2026-03-02 00:22:01",1420,359,85364,0,,,,10.66,57.1,,0
"2026-03-02 00:22:07",1420,359,85364,0,,,,10.81,57.15,,0
"2026-03-02 00:22:13",1420,359,85362,0,,,,10.97,57,12.25,0
"2026-03-02 00:22:19",1420,359,85366,0,,,,11.18,56.8,,0
"2026-03-02 00:22:25",1420,359,85360,0,,,,11.33,56.4,,0
"2026-03-02 00:22:31",1420,359,85362,0,,,,11.41,55.8,,0
"2026-03-02 00:22:37",1420,359,85362,0,,,,11.43,55.35,,0
"2026-03-02 00:22:44",1420,359,85364,0,,,,11.46,55.2,,0
"2026-03-02 00:22:50",1420,359,85364,0,,,,11.48,55.15,,0
"2026-03-02 00:22:56",1420,359,85366,0,,,,11.48,55.2,,0
"2026-03-02 00:23:02",1420,359,85364,0,,,,11.46,55.15,,0
"2026-03-02 00:23:08",1420,359,85362,0,,,,11.46,54.9,12.5,0
"2026-03-02 00:23:14",1420,359,85362,0,,,,11.48,54.65,,0
"2026-03-02 00:23:20",1420,359,85360,0,,,,11.47,54.4,,0
"2026-03-02 00:23:26",1420,359,85362,0,,,,11.44,54.35,,0
"2026-03-02 00:23:32",1420,359,85364,0,,,,11.37,54.1,,0
"2026-03-02 00:23:38",1420,359,85362,0,,,,11.26,54.05,,0
"2026-03-02 00:23:44",1420,359,85360,0,,,,11.14,54.25,,0
"2026-03-02 00:23:50",1420,359,85364,0,,,,10.95,54.75,,0
"2026-03-02 00:23:56",1420,359,85364,0,,,,10.76,55.2,,0
"2026-03-02 00:24:02",1420,359,85364,0,,,,10.69,55.5,12.75,0
"2026-03-02 00:24:08",1420,359,85360,0,,,,10.65,55.75,,0
"2026-03-02 00:24:14",1420,359,85362,0,,,,10.64,55.95,,0
"2026-03-02 00:24:20",1420,359,85362,0,,,,10.66,55.95,,0
"2026-03-02 00:24:26",1420,359,85360,0,,,,10.7,56,,0
"2026-03-02 00:24:32",1420,359,85364,0,,,,10.71,55.95,,0
"2026-03-02 00:24:38",1420,359,85360,0,,,,10.72,56,,0
"2026-03-02 00:24:44",1420,359,85362,0,,,,10.74,56.1,,0
"2026-03-02 00:24:50",1420,359,85364,0,,,,10.76,56.1,,0
"2026-03-02 00:24:56",1420,359,85360,0,,,,10.79,55.95,12.75,0
"2026-03-02 00:25:02",1420,359,85360,0,,,,10.82,55.8,,0
"2026-03-02 00:25:08",1421,360,85358,0,,,,10.84,55.7,,0
"2026-03-02 00:25:14",1420,359,85360,0,,,,10.85,55.75,,0
"2026-03-02 00:25:56",1420,359,85364,0,,,,10.6,55.75,,0
"2026-03-02 00:26:02",1420,359,85360,0,,,,10.58,55.95,,0
"2026-03-02 00:26:14",1420,359,85360,0,,,,10.48,56.2,,0
"2026-03-02 00:26:20",1420,359,85360,0,,,,10.46,56.25,,0
"2026-03-02 00:26:26",1420,359,85362,0,,,,10.47,56.25,,0
"2026-03-02 00:26:32",1420,359,85362,0,,,,10.47,56.05,,0
"2026-03-02 00:26:38",1420,359,85362,0,,,,10.47,56,,0
"2026-03-02 00:26:44",1420,359,85360,0,,,,10.49,56,12.5,0
"2026-03-02 00:26:50",1421,360,85358,0,,,,10.5,56,,0
"2026-03-02 00:26:56",1420,359,85364,0,,,,10.5,56.05,,0
"2026-03-02 00:27:02",1421,360,85356,0,,,,10.5,56.1,,0
"2026-03-02 00:27:08",1421,360,85356,0,,,,10.51,56.1,,0.1
"2026-03-02 00:27:14",1421,360,85358,0,,,,10.51,56.05,,0
"2026-03-02 00:27:20",1420,359,85360,0,,,,10.5,55.9,,0
"2026-03-02 00:27:26",1421,360,85358,0,,,,10.45,55.75,,0
"2026-03-02 00:27:32",1420,359,85362,0,,,,10.41,55.7,,0
"2026-03-02 00:27:45",1420,359,85360,0,,,,10.33,55.95,,0
"2026-03-02 00:27:51",1420,359,85362,0,,,,10.28,56.2,,0
"2026-03-02 00:27:57",1420,359,85360,0,,,,10.25,56.3,,0
"2026-03-02 00:28:03",1420,359,85362,0,,,,10.22,56.4,,0
"2026-03-02 00:28:09",1421,360,85358,0,,,,10.2,56.55,,0
"2026-03-02 00:28:15",1420,359,85362,0,,,,10.19,56.75,,0
"2026-03-02 00:28:21",1420,359,85360,0,,,,10.18,56.85,,0
"2026-03-02 00:28:27",1420,359,85360,0,,,,10.18,56.9,,0
"2026-03-02 00:28:33",1421,360,85356,0,,,,10.18,56.95,12.5,0
"2026-03-02 00:28:39",1421,360,85358,0,,,,10.19,56.9,,0
"2026-03-02 00:28:45",1421,360,85358,0,,,,10.18,56.9,,0
"2026-03-02 00:28:51",1421,360,85358,0,,,,10.17,56.9,,0
"2026-03-02 00:28:57",1420,359,85360,0,,,,10.17,56.8,,0
"2026-03-02 00:29:03",1421,360,85358,0,,,,10.17,56.9,,0
"2026-03-02 00:29:09",1420,359,85360,0,,,,10.15,56.95,,0
"2026-03-02 00:29:15",1421,360,85358,0,,,,10.14,56.85,,0
"2026-03-02 00:29:21",1420,359,85362,0,,,,10.13,56.65,,0
"2026-03-02 00:29:27",1420,359,85360,0,,,,10.12,56.6,12.5,0
"2026-03-02 00:29:39",1421,360,85358,0,,,,10.12,56.8,,0
"2026-03-02 00:29:45",1420,359,85362,0,,,,10.04,56.75,,0
"2026-03-02 00:29:51",1420,359,85362,0,,,,10.02,56.85,,0
"2026-03-02 00:29:57",1421,360,85358,0,,,,10.01,56.9,,0
"2026-03-02 00:30:03",1420,359,85362,0,,,,10,57,,0
"2026-03-02 00:30:09",1420,359,85362,0,,,,9.99,57.15,,0
"2026-03-02 00:30:15",1420,359,85366,0,,,,9.93,57.25,,0
"2026-03-02 00:30:21",1420,359,85360,0,,,,9.9,57.3,12.25,0
"2026-03-02 00:30:27",1420,359,85364,0,,,,9.9,57.35,,0
"2026-03-02 00:30:33",1420,359,85364,0,,,,9.9,57.5,,0
"2026-03-02 00:30:39",1420,359,85360,0,,,,9.89,57.65,,0
"2026-03-02 00:30:45",1421,360,85358,0,,,,9.86,57.65,,0
"2026-03-02 00:30:51",1420,359,85360,0,,,,9.86,57.65,,0
"2026-03-02 00:30:57",1421,360,85356,0,,,,9.88,57.75,,0
"2026-03-02 00:31:03",1420,359,85364,0,,,,9.89,57.8,,0
"2026-03-02 00:31:09",1420,359,85362,0,,,,9.89,57.75,,0
"2026-03-02 00:31:15",1420,359,85362,0,,,,9.87,57.7,12.25,0
"2026-03-02 00:31:21",1420,359,85364,0,,,,9.84,57.7,,0
"2026-03-02 00:31:27",1420,359,85360,0,,,,9.82,57.9,,0
"2026-03-02 00:31:33",1420,359,85364,0,,,,9.78,58.15,,0
"2026-03-02 00:31:39",1420,359,85360,0,,,,9.74,58.25,,0
"2026-03-02 00:31:45",1420,359,85360,0,,,,9.72,58.3,,0
"2026-03-02 00:31:51",1420,359,85362,0,,,,9.68,58.45,,0
"2026-03-02 00:31:57",1420,359,85360,0,,,,9.68,58.5,,0
"2026-03-02 00:32:03",1420,359,85362,0,,,,9.67,58.45,,0
"2026-03-02 00:32:10",1420,359,85364,0,,,,9.68,58.3,12,0
"2026-03-02 00:32:15",1420,359,85362,0,,,,9.68,58.3,,0
"2026-03-02 00:32:22",1420,359,85368,0,,,,9.69,58.35,,0
"2026-03-02 00:32:28",1419,358,85372,0,,,,9.69,58.35,,-0.1
"2026-03-02 00:32:34",1419,358,85372,0,,,,9.71,58.25,,0
"2026-03-02 00:32:40",1419,358,85370,0,,,,9.73,58.25,,0
"2026-03-02 00:32:46",1419,358,85374,0,,,,9.74,58.25,,0
"2026-03-02 00:32:52",1419,358,85372,0,,,,9.75,58.25,,0
"2026-03-02 00:32:58",1419,358,85370,0,,,,9.77,58.05,,0
"2026-03-02 00:33:04",1419,358,85372,0,,,,9.79,58,12,0
"2026-03-02 00:33:10",1419,358,85374,0,,,,9.82,57.95,,0
"2026-03-02 00:33:16",1420,359,85368,0,,,,9.85,58.2,,0
