timestamp,msl,agl,pressure,latitude,longitude,speed,heading,temperature,relative_humidity,internal_temperature,rise_speed
"2026-03-02 22:24:53",646,0,93530,-36.80883,-71.63679,0.15,18,21.89,37.05,,-0.1
"2026-03-02 22:24:54",646,0,93528,0,,0.25,18,21.93,37,,0
"2026-03-02 22:24:55",646,0,93527,0,,0.3,18,21.99,37,,0
"2026-03-02 22:24:56",647,1,93526,-36.808852,-71.636777,0.55,98.8,22.03,36.95,,0
"2026-03-02 22:24:57",650,4,93493,0,,4.4,171.7,22.02,36.9,,0.3
"2026-03-02 22:24:58",653,7,93459,0,,2.8,125,21.98,36.8,,0.5
"2026-03-02 22:24:59",656,10,93426,-36.808893,-71.636715,2.5,129.5,21.94,36.75,,0.8
"2026-03-02 22:25:00",658,12,93399,0,,1.2,128.7,21.89,36.65,,0.9
"2026-03-02 22:25:01",661,15,93371,0,,5.65,72.4,21.87,36.6,,1.1
"2026-03-02 22:25:02",664,18,93344,-36.808887,-71.636587,3.25,94.9,21.85,36.5,,1.3
"2026-03-02 22:25:03",665,19,93325,0,,4.15,95.1,21.85,36.45,,1.6
"2026-03-02 22:25:04",667,21,93306,0,,5.05,102.4,21.83,36.4,,1.7
"2026-03-02 22:25:05",669,23,93288,-36.808905,-71.63647,2.2,79.1,21.81,36.3,25.75,1.9
"2026-03-02 22:25:06",671,25,93266,0,,3.8,127.5,21.8,36.25,,1.9
"2026-03-02 22:25:07",673,27,93245,0,,4.25,100.2,21.79,36.25,,2
"2026-03-02 22:25:08",675,29,93224,-36.808937,-71.636363,2.05,99.2,21.77,36.2,,2.2
"2026-03-02 22:25:09",676,30,93205,0,,4.7,120.9,21.76,36.2,,2.3
"2026-03-02 22:25:10",678,32,93186,0,,2.45,69.6,21.74,36.2,,2.2
"2026-03-02 22:25:11",680,34,93168,-36.808968,-71.636255,4.3,131.5,21.74,36.15,,2.1
"2026-03-02 22:25:12",681,35,93155,0,,4.5,105.3,21.73,36.15,,1.9
"2026-03-02 22:25:13",682,36,93143,0,,3.15,92.3,21.72,36.1,,1.8
"2026-03-02 22:25:14",683,37,93132,-36.808997,-71.636133,4.05,119.2,21.71,36.1,,1.6
"2026-03-02 22:25:16",686,40,93106,0,,2.6,128.1,21.7,36.15,,1.6
"2026-03-02 22:25:17",687,41,93094,-36.809045,-71.636007,5.35,106.1,21.7,36.2,,1.5
"2026-03-02 22:25:18",689,43,93075,0,,4.35,120.8,21.7,36.25,,1.5
"2026-03-02 22:25:19",690,44,93056,0,,2.25,133.7,21.7,36.25,,1.5
"2026-03-02 22:25:20",692,46,93038,-36.809085,-71.635903,4.55,117.9,21.7,36.3,,1.5
"2026-03-02 22:25:21",694,48,93014,0,,3.45,78.3,21.7,36.35,,1.5
"2026-03-02 22:25:22",697,51,92991,0,,2.2,115.8,21.7,36.3,,1.5
"2026-03-02 22:25:23",699,53,92968,-36.809103,-71.635807,3.8,116.5,21.71,36.3,,1.6
"2026-03-02 22:25:24",700,54,92952,0,,3.25,79.7,21.74,36.3,,1.6
"2026-03-02 22:25:25",702,56,92937,0,,4.15,110.3,21.79,36.3,,1.6
"2026-03-02 22:25:26",703,57,92922,-36.80912,-71.635702,2.7,100.9,21.79,36.3,,1.6
"2026-03-02 22:25:27",703,57,92917,0,,3.75,104.1,21.8,36.25,,1.5
"2026-03-02 22:25:28",704,58,92912,0,,3.9,114,21.81,36.2,,1.5
"2026-03-02 22:25:29",704,58,92908,-36.809163,-71.635592,4.05,132.3,21.81,36.2,,1.4
"2026-03-02 22:25:32",708,62,92864,-36.809207,-71.635492,4.2,135.3,21.81,36.2,26.25,1.4
"2026-03-02 22:25:33",710,64,92847,0,,2.8,95.8,21.82,36.15,,1.4
"2026-03-02 22:25:34",712,66,92830,0,,2.85,126.6,21.81,36.15,,1.3
"2026-03-02 22:25:35",713,67,92814,-36.809252,-71.635405,4.3,133.7,21.79,36.15,,1.3
"2026-03-02 22:25:36",714,68,92801,0,,2.5,98,21.79,36.15,,1.2
"2026-03-02 22:25:37",716,70,92788,0,,3.65,131.5,21.79,36.15,,1.2
"2026-03-02 22:25:38",717,71,92776,-36.809302,-71.635313,4.15,128.1,21.77,36.15,,1.2
"2026-03-02 22:25:39",718,72,92766,0,,2.35,107.3,21.76,36.15,,1.2
"2026-03-02 22:25:40",718,72,92757,0,,4.3,136.3,21.76,36.15,,1.2
"2026-03-02 22:25:41",719,73,92748,-36.809357,-71.63522,3.75,124.2,21.75,36.15,,1.2
"2026-03-02 22:25:42",720,74,92736,0,,2.5,114.4,21.74,36.15,,1.2
"2026-03-02 22:25:43",722,76,92724,0,,4.6,138.4,21.73,36.15,,1.2
"2026-03-02 22:25:44",723,77,92712,-36.809407,-71.63513,2.9,106.9,21.72,36.2,,1.2
"2026-03-02 22:25:45",724,78,92696,0,,3.2,121.7,21.71,36.15,,1.2
"2026-03-02 22:25:46",726,80,92681,0,,4.3,138.6,21.7,36.15,,1.2
"2026-03-02 22:25:47",727,81,92666,-36.809468,-71.635048,2.65,127.6,21.68,36.2,,1.2
"2026-03-02 22:25:48",728,82,92652,0,,3.95,132.9,21.66,36.2,,1.2
"2026-03-02 22:25:49",730,84,92639,0,,3.65,137.6,21.65,36.2,,1.2
"2026-03-02 22:25:50",731,85,92626,-36.809527,-71.634987,1.1,151.4,21.64,36.25,,1.2
"2026-03-02 22:25:51",733,87,92597,0,,1.05,151.4,21.62,36.2,,1.3
"2026-03-02 22:25:52",736,90,92570,0,,2.85,141.1,21.59,36.25,,1.5
"2026-03-02 22:25:53",739,93,92544,-36.80959,-71.634907,2.85,120,21.58,36.25,,1.6
"2026-03-02 22:25:54",740,94,92527,0,,5,139.6,21.58,36.25,,1.6
"2026-03-02 22:25:55",742,96,92509,0,,2.95,147.1,21.57,36.3,,1.7
"2026-03-02 22:25:56",743,97,92492,-36.809657,-71.634843,2.2,133.8,21.55,36.3,,1.7
"2026-03-02 22:25:58",749,103,92429,0,,2.7,157.2,21.49,36.35,,1.9
"2026-03-02 22:25:59",752,106,92398,-36.809718,-71.634755,4.6,113.4,21.46,36.35,26.75,2.1
"2026-03-02 22:26:00",754,108,92377,0,,3.85,116.2,21.43,36.4,,2.1
"2026-03-02 22:26:01",756,110,92358,0,,2.3,103,21.41,36.4,,2.2
"2026-03-02 22:26:02",758,112,92340,-36.809762,-71.63466,4.65,126.8,21.4,36.45,,2.2
"2026-03-02 22:26:03",760,114,92316,0,,2.6,127.1,21.37,36.45,,2.2
"2026-03-02 22:26:04",762,116,92290,0,,2.25,120.9,21.35,36.5,,2.2
"2026-03-02 22:26:05",765,119,92264,-36.809815,-71.634578,4.85,133.3,21.34,36.5,,2.2
"2026-03-02 22:26:06",767,121,92235,0,,2.45,121.1,21.32,36.55,,2.2
"2026-03-02 22:26:07",770,124,92207,0,,3.5,110.5,21.31,36.55,,2.3
"2026-03-02 22:26:08",773,127,92180,-36.809868,-71.634475,5,128.2,21.29,36.6,,2.4
"2026-03-02 22:26:09",775,129,92156,0,,2.9,127.7,21.28,36.6,,2.4
"2026-03-02 22:26:10",777,131,92133,0,,3.5,115.3,21.26,36.6,,2.3
"2026-03-02 22:26:11",779,133,92110,-36.809922,-71.634398,2.6,153.3,21.23,36.65,,2.3
"2026-03-02 22:26:12",780,134,92097,0,,3.6,129,21.24,36.65,,2.2
"2026-03-02 22:26:13",782,136,92085,0,,3.9,127.3,21.2,36.65,,2.1
"2026-03-02 22:26:14",783,137,92074,-36.809978,-71.634308,2.15,122.3,21.17,36.7,,2.1
"2026-03-02 22:26:16",788,142,92020,0,,3.55,134.5,21.16,36.75,,2.1
"2026-03-02 22:26:17",790,144,91994,-36.810038,-71.634227,2.05,116.4,21.16,36.8,,2.1
"2026-03-02 22:26:18",792,146,91976,0,,3.8,141.5,21.14,36.75,,2
"2026-03-02 22:26:19",794,148,91959,0,,3.55,140.1,21.11,36.75,,2
"2026-03-02 22:26:20",795,149,91942,-36.810095,-71.634135,3.15,106.6,21.08,36.8,,1.9
"2026-03-02 22:26:21",797,151,91923,0,,4.45,126.2,21.05,36.85,,1.8
"2026-03-02 22:26:22",799,153,91905,0,,2.9,161.6,21.01,36.85,,1.8
"2026-03-02 22:26:23",800,154,91888,-36.810152,-71.63405,3.9,96.3,21.03,36.9,,1.7
"2026-03-02 22:26:25",805,159,91840,0,,3.9,92.8,20.99,36.9,,1.9
"2026-03-02 22:26:26",807,161,91816,-36.810197,-71.633927,4.9,102.5,20.99,36.95,27.25,2
"2026-03-02 22:26:27",809,163,91791,0,,3.6,141,20.97,36.9,,2.1
"2026-03-02 22:26:28",812,166,91767,0,,2.45,111.9,20.93,36.95,,2.1
"2026-03-02 22:26:29",814,168,91744,-36.810252,-71.633847,3.95,125.6,20.95,36.95,,2
"2026-03-02 22:26:31",818,172,91698,0,,3.9,100.1,20.88,37,,2
"2026-03-02 22:26:32",820,174,91676,-36.810305,-71.633748,4.45,124.6,20.88,37.05,,2.1
"2026-03-02 22:26:33",822,176,91653,0,,2.05,153.4,20.87,37.1,,2.1
"2026-03-02 22:26:34",825,179,91631,0,,2.75,105.2,20.86,37.1,,2.2
"2026-03-02 22:26:35",827,181,91610,-36.810355,-71.633658,5.25,124.5,20.86,37.1,,2.2
"2026-03-02 22:26:36",829,183,91588,0,,1.85,163.1,20.83,37.15,,2.2
"2026-03-02 22:26:37",831,185,91565,0,,3.7,108.9,20.79,37.15,,2.2
"2026-03-02 22:26:38",833,187,91542,-36.810408,-71.633555,5.15,133.6,20.76,37.2,,2.2
"2026-03-02 22:26:39",836,190,91514,0,,2.35,99.4,20.73,37.25,,2.2
"2026-03-02 22:26:40",838,192,91487,0,,2.35,99.4,20.69,37.25,,2.2
"2026-03-02 22:26:41",841,195,91460,-36.81044,-71.633447,3.9,132.5,20.66,37.3,,2.2
"2026-03-02 22:26:42",843,197,91441,0,,3.65,95.8,20.63,37.3,,2.2
"2026-03-02 22:26:43",844,198,91423,0,,2.8,134,20.61,37.3,,2.2
"2026-03-02 22:26:44",846,200,91406,-36.810482,-71.633368,2.9,141.7,20.58,37.35,,2.1
"2026-03-02 22:26:46",852,206,91339,0,,3.6,142.1,20.48,37.45,,2.3
"2026-03-02 22:26:47",855,209,91306,-36.810522,-71.633295,2,127.1,20.48,37.5,,2.4
"2026-03-02 22:26:48",858,212,91278,0,,2.75,97.1,20.48,37.55,,2.4
"2026-03-02 22:26:49",861,215,91250,0,,3.55,147.4,20.48,37.55,,2.5
"2026-03-02 22:26:50",863,217,91222,-36.810557,-71.633202,3.45,95.3,20.46,37.55,,2.5
"2026-03-02 22:26:52",869,223,91163,0,,4.45,136.9,20.42,37.6,,2.6
"2026-03-02 22:26:53",872,226,91134,-36.810602,-71.63308,4,93.2,20.39,37.65,27.25,2.6
"2026-03-02 22:26:54",875,229,91098,0,,3.05,121.7,20.37,37.7,,2.6
"2026-03-02 22:26:55",879,233,91062,0,,4.9,130.4,20.35,37.7,,2.8
"2026-03-02 22:26:56",882,236,91026,-36.810638,-71.63296,4.2,85.8,20.34,37.75,,2.9
"2026-03-02 22:26:58",885,239,90989,0,,7.7,122.7,20.31,37.8,,2.8
"2026-03-02 22:26:59",887,241,90972,-36.810707,-71.632845,3.25,122,20.28,37.85,,2.6
"2026-03-02 22:27:01",890,244,90938,0,,6.15,125.1,20.29,37.85,,2.5
"2026-03-02 22:27:02",892,246,90922,-36.810782,-71.63274,3.85,130.6,20.26,37.85,,2.4
"2026-03-02 22:27:04",895,249,90888,0,,4.35,131.7,20.2,37.9,,2.2
"2026-03-02 22:27:05",897,251,90872,-36.810842,-71.632657,2.45,108.2,20.19,37.9,,2.1
"2026-03-02 22:27:07",900,254,90832,0,,5.3,119.2,20.1,37.95,,1.9
"2026-03-02 22:27:08",902,256,90812,-36.81091,-71.632557,1.95,125.2,20.09,38,,1.8
"2026-03-02 22:27:10",906,260,90777,0,,3.65,101.7,20.04,38.05,,1.7
"2026-03-02 22:27:11",907,261,90760,-36.810978,-71.632457,4.05,146.5,20.02,38.1,,1.7
"2026-03-02 22:27:13",911,265,90726,0,,2.35,117.1,19.98,38.05,,1.7
"2026-03-02 22:27:14",912,266,90710,-36.811052,-71.632363,4.2,147.8,19.96,38.1,,1.7
"2026-03-02 22:27:17",919,273,90636,-36.81112,-71.632277,3.8,149.3,19.9,38.2,,1.9
"2026-03-02 22:27:19",923,277,90593,0,,5.6,150.7,19.84,38.3,,1.9
"2026-03-02 22:27:20",925,279,90572,-36.811213,-71.632177,5.15,146.6,19.84,38.35,27.25,1.9
"2026-03-02 22:27:21",928,282,90548,0,,2.8,118.8,19.83,38.35,,1.9
"2026-03-02 22:27:22",930,284,90525,0,,4.15,169.2,19.8,38.35,,1.9
"2026-03-02 22:27:23",932,286,90502,-36.81131,-71.6321,6.1,143,19.8,38.4,,2
"2026-03-02 22:27:24",933,287,90486,0,,2.1,114.4,19.78,38.45,,2
"2026-03-02 22:27:25",935,289,90471,0,,4.7,159.2,19.77,38.45,,2
"2026-03-02 22:27:26",936,290,90456,-36.811397,-71.632022,4.9,132,19.74,38.45,,2
"2026-03-02 22:27:27",938,292,90437,0,,3.5,157.3,19.72,38.5,,2
"2026-03-02 22:27:28",940,294,90419,0,,4.45,159.9,19.69,38.5,,2
"2026-03-02 22:27:29",942,296,90402,-36.811478,-71.631947,3.8,130.8,19.69,38.55,,1.8
"2026-03-02 22:27:30",943,297,90382,0,,3.55,125.3,19.67,38.6,,1.9
"2026-03-02 22:27:31",945,299,90362,0,,4.6,160,19.65,38.6,,1.8
"2026-03-02 22:27:32",947,301,90342,-36.81155,-71.631867,3.4,124.3,19.63,38.65,,1.8
"2026-03-02 22:27:33",949,303,90324,0,,3.35,137.3,19.63,38.65,,1.8
"2026-03-02 22:27:34",951,305,90307,0,,4.05,148.8,19.61,38.65,,1.7
"2026-03-02 22:27:35",952,306,90290,-36.811622,-71.631775,3.8,114.8,19.6,38.7,,1.7
"2026-03-02 22:27:36",954,308,90268,0,,4.35,145.1,19.57,38.7,,1.7
"2026-03-02 22:27:37",956,310,90247,0,,3.6,134,19.53,38.7,,1.8
"2026-03-02 22:27:38",958,312,90226,-36.811685,-71.631685,3.6,111.7,19.52,38.75,,1.8
"2026-03-02 22:27:39",961,315,90203,0,,3.8,154.4,19.51,38.75,,1.9
"2026-03-02 22:27:40",963,317,90179,0,,4.2,142.2,19.48,38.8,,1.9
"2026-03-02 22:27:41",965,319,90156,-36.811752,-71.631603,2.75,108.6,19.45,38.8,,2
"2026-03-02 22:27:42",967,321,90139,0,,3.85,143.9,19.43,38.85,,1.9
"2026-03-02 22:27:43",968,322,90123,0,,4.9,139.3,19.43,38.9,,1.9
"2026-03-02 22:27:44",970,324,90108,-36.811828,-71.631517,2.6,130.9,19.39,38.9,,1.9
"2026-03-02 22:27:46",976,330,90046,0,,4.8,128.9,19.35,39,,2.1
"2026-03-02 22:27:47",978,332,90016,-36.8119,-71.631415,2.6,141.2,19.32,38.95,27,2.1
"2026-03-02 22:27:48",980,334,90001,0,,5,122,19.33,39,,2.1
"2026-03-02 22:27:49",981,335,89986,0,,3.9,139.6,19.31,39,,2.1
"2026-03-02 22:27:50",983,337,89972,-36.81197,-71.631317,2.9,138.8,19.29,39.05,,2
"2026-03-02 22:27:51",985,339,89951,0,,5.25,122.2,19.27,39.05,,2
"2026-03-02 22:27:52",987,341,89930,0,,3.15,146.1,19.23,39.05,,2
"2026-03-02 22:27:53",989,343,89910,-36.812037,-71.63122,3.5,129.5,19.22,39.1,,2
"2026-03-02 22:27:54",991,345,89882,0,,4.75,126.3,19.21,39.15,,2.1
"2026-03-02 22:27:55",994,348,89855,0,,3.4,152.8,19.19,39.15,,2.1
"2026-03-02 22:27:56",996,350,89828,-36.812108,-71.631123,4.1,118.1,19.16,39.2,,2.2
"2026-03-02 22:27:57",999,353,89803,0,,4.55,134,19.14,39.2,,2.2
"2026-03-02 22:27:58",1001,355,89778,0,,2.8,136.6,19.12,39.25,,2.3
"2026-03-02 22:27:59",1004,358,89754,-36.812173,-71.631023,4.4,118.7,19.07,39.3,,2.2
"2026-03-02 22:28:01",1008,362,89705,0,,2.45,111.7,19.04,39.35,,2.2
"2026-03-02 22:28:02",1011,365,89682,-36.81224,-71.630927,4.85,122.4,19.05,39.4,,2.3
"2026-03-02 22:28:04",1015,369,89632,0,,2.7,117.9,19.01,39.45,,2.4
"2026-03-02 22:28:05",1018,372,89608,-36.812312,-71.630852,4.7,138.6,18.98,39.5,,2.4
"2026-03-02 22:28:07",1022,376,89563,0,,3.9,116,18.92,39.55,,2.3
"2026-03-02 22:28:08",1024,378,89542,-36.812385,-71.630775,4.75,152.4,18.9,39.6,,2.3
"2026-03-02 22:28:10",1027,381,89507,0,,4.1,111.1,18.89,39.65,,2.2
"2026-03-02 22:28:11",1029,383,89490,-36.812452,-71.630692,4.35,156.3,18.85,39.65,,2.1
"2026-03-02 22:28:13",1032,386,89456,0,,4.8,140.3,18.81,39.7,,2
"2026-03-02 22:28:14",1034,388,89440,-36.812523,-71.630603,4.1,157.8,18.8,39.75,27,2
"2026-03-02 22:28:16",1035,389,89426,0,,4.05,144.5,18.76,39.8,,1.6
"2026-03-02 22:28:17",1036,390,89420,-36.812588,-71.630518,2.85,150.9,18.76,39.85,,1.5
"2026-03-02 22:28:18",1037,391,89402,0,,3.85,114.6,18.75,39.85,,1.5
"2026-03-02 22:28:19",1039,393,89385,0,,4.85,149.8,18.74,39.9,,1.5
"2026-03-02 22:28:20",1041,395,89368,-36.81266,-71.630437,2.95,151.6,18.74,39.9,,1.5
"2026-03-02 22:28:21",1042,396,89350,0,,3.35,106.8,18.74,39.95,,1.4
"2026-03-02 22:28:22",1044,398,89332,0,,3.6,153.5,18.73,40.05,,1.4
"2026-03-02 22:28:23",1046,400,89314,-36.81272,-71.630357,3.6,134.6,18.7,40.05,,1.4
"2026-03-02 22:28:24",1047,401,89304,0,,2.8,112.2,18.68,40.05,,1.4
"2026-03-02 22:28:25",1048,402,89295,0,,2.9,145,18.66,40.1,,1.3
"2026-03-02 22:28:26",1049,403,89286,-36.812777,-71.630268,5.2,115.3,18.71,40.15,,1.2
"2026-03-02 22:28:27",1050,404,89276,0,,2.35,174,18.68,40.2,,1.2
"2026-03-02 22:28:28",1050,404,89267,0,,5,137.4,18.63,40.25,,1.2
"2026-03-02 22:28:29",1051,405,89258,-36.812833,-71.630187,3.1,89.8,18.63,40.3,,1.3
"2026-03-02 22:28:30",1052,406,89249,0,,3,162.4,18.61,40.3,,1.2
"2026-03-02 22:28:31",1053,407,89241,0,,4.25,122.8,18.58,40.35,,1.1
"2026-03-02 22:28:32",1054,408,89234,-36.812882,-71.630118,1.45,97.6,18.57,40.4,,1.1
"2026-03-02 22:28:33",1055,409,89221,0,,1.45,97.6,18.58,40.45,,1
"2026-03-02 22:28:34",1056,410,89208,0,,4,117.4,18.55,40.45,,1
"2026-03-02 22:28:35",1057,411,89196,-36.812943,-71.63005,2.05,149,18.53,40.5,,0.9
"2026-03-02 22:28:36",1058,412,89192,0,,3.7,143.2,18.51,40.55,,0.9
"2026-03-02 22:28:37",1058,412,89189,0,,4.3,108,18.5,40.6,,0.9
"2026-03-02 22:28:38",1058,412,89186,-36.812993,-71.629963,1.65,144.9,18.49,40.6,,0.8
"2026-03-02 22:28:40",1060,414,89171,0,,2.35,113.9,18.48,40.6,,0.8
"2026-03-02 22:28:41",1060,414,89164,-36.813042,-71.62989,2.1,153.2,18.48,40.6,27,0.8
"2026-03-02 22:28:42",1061,415,89154,0,,4.05,126.4,18.49,40.65,,0.8
"2026-03-02 22:28:43",1062,416,89145,0,,1.8,147.3,18.48,40.65,,0.8
"2026-03-02 22:28:44",1063,417,89136,-36.813105,-71.629805,4.05,147.6,18.46,40.65,,0.8
"2026-03-02 22:28:45",1064,418,89125,0,,4.55,107.1,18.49,40.65,,0.8
"2026-03-02 22:28:46",1065,419,89115,0,,1.5,206,18.47,40.65,,0.7
"2026-03-02 22:28:47",1066,420,89106,-36.813152,-71.62974,4.25,135.3,18.46,40.6,,0.7
"2026-03-02 22:28:48",1067,421,89100,0,,2.35,106.8,18.45,40.6,,0.7
"2026-03-02 22:28:49",1067,421,89095,0,,2.45,163,18.45,40.6,,0.8
"2026-03-02 22:28:50",1068,422,89090,-36.813195,-71.629673,3.8,113.1,18.43,40.55,,0.8
"2026-03-02 22:28:51",1068,422,89082,0,,2.35,127,18.43,40.55,,0.8
"2026-03-02 22:28:52",1069,423,89075,0,,4.35,146.3,18.43,40.55,,0.8
"2026-03-02 22:28:53",1070,424,89068,-36.81325,-71.629582,3.95,104.6,18.41,40.55,,0.8
"2026-03-02 22:28:54",1071,425,89058,0,,2.6,132.2,18.41,40.55,,0.8
"2026-03-02 22:28:55",1072,426,89049,0,,3.55,149,18.4,40.55,,0.8
"2026-03-02 22:28:56",1072,426,89040,-36.81331,-71.629513,2.3,113.4,18.39,40.55,,0.8
"2026-03-02 22:28:57",1073,427,89038,0,,4.1,135.5,18.38,40.6,,0.7
"2026-03-02 22:28:58",1073,427,89036,0,,2,148.2,18.36,40.6,,0.7
"2026-03-02 22:28:59",1073,427,89034,-36.813367,-71.629438,2.85,118,18.36,40.55,,0.6
"2026-03-02 22:29:01",1075,429,89009,0,,2.15,138,18.34,40.55,,0.7
"2026-03-02 22:29:02",1076,430,88998,-36.813415,-71.629358,2.1,98.6,18.33,40.55,,0.7
"2026-03-02 22:29:03",1077,431,88996,0,,5,133.5,18.33,40.6,,0.7
"2026-03-02 22:29:04",1077,431,88995,0,,1.8,120,18.33,40.6,,0.7
"2026-03-02 22:29:05",1077,431,88994,-36.81348,-71.629275,4.3,142.8,18.33,40.65,,0.6
"2026-03-02 22:29:07",1079,433,88976,0,,2.45,117.2,18.3,40.7,,0.6
"2026-03-02 22:29:08",1079,433,88968,-36.813533,-71.629193,3.95,129.1,18.28,40.75,26.75,0.6
"2026-03-02 22:29:09",1081,435,88952,0,,3.1,134.5,18.27,40.8,,0.7
"2026-03-02 22:29:10",1082,436,88937,0,,2.1,121.6,18.26,40.75,,0.8
"2026-03-02 22:29:11",1084,438,88922,-36.813587,-71.629117,4.55,131.9,18.25,40.7,,0.9
"2026-03-02 22:29:12",1085,439,88914,0,,2.6,137.5,18.25,40.65,,0.9
"2026-03-02 22:29:13",1085,439,88907,0,,2.8,137,18.24,40.65,,0.8
"2026-03-02 22:29:14",1086,440,88900,-36.813648,-71.629047,3.85,132.4,18.24,40.6,,0.8
"2026-03-02 22:29:16",1087,441,88888,0,,3.95,113.2,18.26,40.5,,0.8
"2026-03-02 22:29:17",1088,442,88882,-36.813708,-71.62897,3.6,141,18.25,40.45,,0.8
"2026-03-02 22:29:18",1088,442,88882,0,,3.2,150.3,18.22,40.4,,0.8
"2026-03-02 22:29:19",1088,442,88882,0,,4.4,117.1,18.27,40.4,,0.8
"2026-03-02 22:29:20",1088,442,88882,-36.813772,-71.628885,3.45,135.4,18.26,40.35,,0.7
"2026-03-02 22:29:21",1087,441,88886,0,,2.7,157.2,18.22,40.35,,0.5
"2026-03-02 22:29:22",1087,441,88891,0,,4,132.1,18.21,40.3,,0.4
"2026-03-02 22:29:23",1086,440,88896,-36.81384,-71.628797,3,140.9,18.19,40.3,,0.2
"2026-03-02 22:29:24",1088,442,88883,0,,4.6,122.3,18.21,40.35,,0.3
"2026-03-02 22:29:25",1089,443,88869,0,,3.1,138.5,18.21,40.35,,0.3
"2026-03-02 22:29:26",1090,444,88856,-36.813907,-71.628708,3.1,143.8,18.2,40.4,,0.4
"2026-03-02 22:29:28",1090,444,88853,0,,2.8,146.2,18.17,40.4,,0.3
"2026-03-02 22:29:29",1091,445,88852,-36.813982,-71.62863,3.65,149.1,18.17,40.45,,0.2
"2026-03-02 22:29:31",1092,446,88835,0,,,,18.16,40.45,,0.3
"2026-03-02 22:29:32",1093,447,88828,0,,,,18.15,40.45,,0.4
"2026-03-02 22:29:35",1094,448,88814,-36.81411,-71.62847,3.5,108.1,18.13,40.45,26.75,0.6
"2026-03-02 22:29:37",1095,449,88801,0,,3.8,153.9,18.11,40.5,,0.5
"2026-03-02 22:29:38",1096,450,88796,-36.814187,-71.628393,4.45,119.8,18.11,40.55,,0.5
"2026-03-02 22:29:40",1098,452,88777,0,,4.4,130.6,18.1,40.5,,0.6
"2026-03-02 22:29:41",1099,453,88768,-36.814252,-71.628307,3.85,122.3,18.09,40.55,,0.7
"2026-03-02 22:29:43",1101,455,88745,0,,4.85,136.8,18.1,40.6,,0.7
"2026-03-02 22:29:44",1102,456,88734,-36.814307,-71.628222,2.75,107,18.07,40.65,,0.8
"2026-03-02 22:29:45",1103,457,88724,0,,3.1,122.8,18.05,40.7,,0.8
"2026-03-02 22:29:46",1104,458,88714,0,,4,138.1,18.04,40.75,,0.8
"2026-03-02 22:29:47",1105,459,88704,-36.81436,-71.628145,2,114.7,18.01,40.8,,0.8
"2026-03-02 22:29:48",1106,460,88695,0,,3.5,140.5,18.02,40.8,,0.9
"2026-03-02 22:29:49",1106,460,88687,0,,2.95,150.6,18.04,40.85,,0.9
"2026-03-02 22:29:50",1107,461,88680,-36.814423,-71.628088,1.95,126.1,18.03,40.85,,0.9
"2026-03-02 22:29:51",1108,462,88670,0,,4.45,140.8,18.02,40.8,,0.9
"2026-03-02 22:29:52",1109,463,88660,0,,2.4,149.1,18.01,40.8,,0.9
"2026-03-02 22:29:53",1110,464,88650,-36.814495,-71.628017,3.9,120.7,18.03,40.8,,1
"2026-03-02 22:29:54",1111,465,88642,0,,4.2,155.1,18.02,40.8,,0.9
"2026-03-02 22:29:55",1112,466,88635,0,,2.2,131.6,17.99,40.8,,0.9
"2026-03-02 22:29:56",1112,466,88628,-36.81456,-71.627938,4.6,117.4,18.02,40.8,,0.9
"2026-03-02 22:29:57",1113,467,88620,0,,2.65,166.7,18.03,40.85,,0.8
"2026-03-02 22:29:58",1114,468,88612,0,,2.95,129,18.02,40.85,,0.8
"2026-03-02 22:29:59",1115,469,88604,-36.814625,-71.627877,3.95,128.5,18.02,40.8,,0.8
"2026-03-02 22:30:01",1116,470,88594,0,,4.2,107.7,18.01,40.75,,0.8
"2026-03-02 22:30:02",1116,470,88590,-36.814702,-71.627795,5.15,147,18.02,40.8,26.5,0.7
"2026-03-02 22:30:03",1117,471,88580,0,,5.15,147,18.01,40.85,,0.7
"2026-03-02 22:30:04",1118,472,88571,0,,4.6,119,17.99,40.85,,0.7
"2026-03-02 22:30:05",1119,473,88562,-36.814772,-71.627708,3.8,143.1,17.97,40.85,,0.7
"2026-03-02 22:30:06",1119,473,88557,0,,3.75,142.7,17.95,40.85,,0.7
"2026-03-02 22:30:07",1120,474,88552,0,,4.05,123.1,17.97,40.9,,0.7
"2026-03-02 22:30:08",1120,474,88548,-36.814848,-71.627637,3.05,170.8,17.97,40.9,,0.6
"2026-03-02 22:30:09",1121,475,88538,0,,4.4,135.3,17.95,40.85,,0.7
"2026-03-02 22:30:10",1122,476,88529,0,,2.95,116,17.94,40.85,,0.7
"2026-03-02 22:30:11",1123,477,88520,-36.814907,-71.627562,2.4,162.6,17.91,40.85,,0.7
"2026-03-02 22:30:12",1123,477,88513,0,,4.55,126.4,17.89,40.8,,0.7
"2026-03-02 22:30:13",1124,478,88506,0,,3.3,140.7,17.88,40.85,,0.7
"2026-03-02 22:30:14",1125,479,88500,-36.814975,-71.627477,3.3,153.2,17.87,40.85,,0.7
"2026-03-02 22:30:16",1127,481,88480,0,,4.65,139.5,17.89,40.95,,0.8
"2026-03-02 22:30:17",1128,482,88470,-36.815047,-71.62739,3.35,162.8,17.87,40.95,,0.8
"2026-03-02 22:30:18",1128,482,88461,0,,4.35,109.5,17.87,40.95,,0.8
"2026-03-02 22:30:19",1129,483,88452,0,,4.1,141.2,17.85,41,,0.8
"2026-03-02 22:30:20",1130,484,88444,-36.815112,-71.627293,3.05,137.2,17.82,41,,0.8
"2026-03-02 22:30:21",1131,485,88433,0,,3.85,121.9,17.84,41.05,,0.9
"2026-03-02 22:30:22",1132,486,88422,0,,3.6,148.2,17.82,41.05,,0.9
"2026-03-02 22:30:23",1133,487,88412,-36.815175,-71.627207,3.3,108.4,17.8,41.05,,0.9
"2026-03-02 22:30:24",1135,489,88395,0,,4.15,150.9,17.79,41.1,,0.9
"2026-03-02 22:30:25",1136,490,88379,0,,3.15,157.7,17.79,41.15,,1
"2026-03-02 22:30:26",1138,492,88364,-36.815248,-71.627145,3.15,119.7,17.77,41.15,,1.1
"2026-03-02 22:30:28",1141,495,88332,0,,2.5,136.6,17.72,41.1,,1.2
"2026-03-02 22:30:29",1143,497,88316,-36.815305,-71.627083,2.95,107.9,17.74,41.15,26.25,1.2
"2026-03-02 22:30:31",1145,499,88293,0,,2.1,115.1,17.71,41.1,,1.3
"2026-03-02 22:30:32",1146,500,88282,-36.815377,-71.627028,3.25,153.4,17.71,41.1,,1.3
"2026-03-02 22:30:33",1147,501,88269,0,,4.65,159.3,17.7,41.1,,1.3
"2026-03-02 22:30:34",1148,502,88256,0,,3.1,107.6,17.68,41.1,,1.3
"2026-03-02 22:30:35",1150,504,88244,-36.81544,-71.62697,2.25,178.7,17.68,41.05,,1.3
"2026-03-02 22:30:36",1150,504,88235,0,,4.05,146,17.66,41.05,,1.3
"2026-03-02 22:30:37",1151,505,88226,0,,4.6,106.5,17.66,41.05,,1.3
"2026-03-02 22:30:38",1152,506,88218,-36.815505,-71.626872,3.85,155.2,17.66,41.05,,1.2
"2026-03-02 22:30:39",1152,506,88215,0,,3.85,129.8,17.66,41.1,,1.1
"2026-03-02 22:30:40",1153,507,88212,0,,4.05,112.3,17.65,41.1,,1.1
"2026-03-02 22:30:41",1153,507,88210,-36.81556,-71.626778,3.2,152.8,17.65,41.1,,0.9
"2026-03-02 22:30:42",1153,507,88206,0,,3.65,115.8,17.64,41.1,,0.8
"2026-03-02 22:30:43",1154,508,88203,0,,5.25,114.2,17.6,41.1,,0.7
"2026-03-02 22:30:44",1154,508,88200,-36.815633,-71.626657,5.45,141.4,17.56,41.1,,0.7
"2026-03-02 22:30:45",1154,508,88200,0,,2.4,119.4,17.54,41.15,,0.6
"2026-03-02 22:30:46",1154,508,88200,0,,4.4,132.4,17.51,41.25,,0.5
"2026-03-02 22:30:47",1154,508,88200,-36.8157,-71.62655,4.7,134.6,17.51,41.35,,0.4
"2026-03-02 22:30:48",1154,508,88194,0,,3.55,105.8,17.52,41.45,,0.4
"2026-03-02 22:30:49",1155,509,88188,0,,3.85,150.1,17.52,41.45,,0.4
"2026-03-02 22:30:50",1156,510,88182,-36.815778,-71.626448,5.4,139.6,17.55,41.5,,0.3
"2026-03-02 22:30:51",1157,511,88167,0,,3.9,117.6,17.53,41.5,,0.4
"2026-03-02 22:30:52",1158,512,88153,0,,2.6,184.6,17.5,41.45,,0.5
"2026-03-02 22:30:53",1160,514,88140,-36.81584,-71.626378,5.15,128.1,17.52,41.5,,0.6
"2026-03-02 22:30:55",1160,514,88132,0,,4.2,133.3,17.52,41.55,,0.6
"2026-03-02 22:30:56",1161,515,88128,-36.8159,-71.626265,5.85,108.7,17.53,41.5,26,0.6
"2026-03-02 22:30:57",1161,515,88122,0,,3.45,163.9,17.53,41.5,,0.6
"2026-03-02 22:30:58",1162,516,88117,0,,2.4,143.1,17.51,41.5,,0.6
"2026-03-02 22:30:59",1162,516,88112,-36.815965,-71.626185,4.25,113.1,17.5,41.5,,0.7
"2026-03-02 22:31:00",1163,517,88109,0,,4.65,151.8,17.48,41.55,,0.7
"2026-03-02 22:31:01",1163,517,88107,0,,3.75,121.7,17.47,41.55,,0.6
"2026-03-02 22:31:02",1163,517,88106,-36.816035,-71.626087,3.75,117.3,17.46,41.5,,0.6
"2026-03-02 22:31:03",1163,517,88102,0,,4.2,158.1,17.45,41.5,,0.6
"2026-03-02 22:31:04",1164,518,88098,0,,3.85,117.9,17.43,41.4,,0.5
"2026-03-02 22:31:05",1164,518,88094,-36.816103,-71.625982,4.4,118.6,17.4,41.4,,0.4
"2026-03-02 22:31:06",1166,520,88077,0,,4.5,148.5,17.39,41.4,,0.5
"2026-03-02 22:31:07",1167,521,88061,0,,5.3,106,17.37,41.4,,0.6
"2026-03-02 22:31:08",1169,523,88046,-36.816182,-71.625855,6,137.2,17.37,41.4,,0.7
"2026-03-02 22:31:09",1170,524,88035,0,,2.55,118.7,17.38,41.4,,0.7
"2026-03-02 22:31:10",1171,525,88025,0,,5.9,122.6,17.39,41.4,,0.7
"2026-03-02 22:31:11",1172,526,88016,-36.816262,-71.625752,4.7,153.1,17.38,41.45,,0.8
"2026-03-02 22:31:12",1172,526,88008,0,,2.45,125.6,17.38,41.4,,0.8
"2026-03-02 22:31:13",1173,527,88001,0,,6.4,130.8,17.4,41.45,,0.8
"2026-03-02 22:31:14",1174,528,87994,-36.816338,-71.625643,3.75,135,17.39,41.5,,0.9
"2026-03-02 22:31:16",1177,531,87962,0,,5.4,129.8,17.37,41.6,,1.1
"2026-03-02 22:31:17",1179,533,87946,-36.816413,-71.625555,4.55,151,17.36,41.7,,1.1
"2026-03-02 22:31:18",1180,534,87932,0,,2.55,94.2,17.32,41.8,,1.2
"2026-03-02 22:31:19",1181,535,87919,0,,2.3,137,17.3,41.85,,1.2
"2026-03-02 22:31:20",1182,536,87906,-36.816488,-71.625495,5.1,168.2,17.29,41.95,,1.2
"2026-03-02 22:31:22",1185,539,87879,0,,2.95,142.8,17.29,42.1,,1.2
"2026-03-02 22:31:23",1186,540,87866,-36.816572,-71.625407,4.9,152.6,17.28,42.2,26,1.2
"2026-03-02 22:31:24",1187,541,87857,0,,4.05,124.3,17.27,42.2,,1.2
"2026-03-02 22:31:25",1188,542,87848,0,,3.45,158.9,17.25,42.25,,1.2
"2026-03-02 22:31:26",1189,543,87840,-36.816657,-71.625323,4.65,148.1,17.25,42.3,,1.2
"2026-03-02 22:31:27",1191,545,87817,0,,3.75,125.6,17.25,42.35,,1.3
"2026-03-02 22:31:28",1193,547,87794,0,,5.3,156.7,17.23,42.35,,1.4
"2026-03-02 22:31:29",1196,550,87772,-36.816743,-71.625225,5.1,136.3,17.21,42.4,,1.4
"2026-03-02 22:31:31",1199,553,87732,0,,4.45,153.7,17.22,42.45,,1.5
"2026-03-02 22:31:32",1201,555,87712,-36.816818,-71.62516,3.15,157,17.21,42.5,,1.6
"2026-03-02 22:31:33",1203,557,87695,0,,2.95,132.9,17.2,42.5,,1.6
"2026-03-02 22:31:34",1205,559,87679,0,,5.05,157.5,17.18,42.5,,1.6
"2026-03-02 22:31:35",1206,560,87664,-36.816893,-71.625077,2.65,122,17.16,42.55,,1.6
"2026-03-02 22:31:36",1208,562,87645,0,,4.3,124.7,17.15,42.55,,1.7
"2026-03-02 22:31:37",1210,564,87627,0,,4.95,154.2,17.13,42.5,,1.8
"2026-03-02 22:31:38",1211,565,87610,-36.816973,-71.624987,2.2,128.5,17.11,42.5,,1.9
"2026-03-02 22:31:39",1213,567,87588,0,,5.4,130.5,17.11,42.45,,1.9
"2026-03-02 22:31:40",1216,570,87566,0,,3.25,166.8,17.08,42.45,,1.9
"2026-03-02 22:31:41",1218,572,87544,-36.817043,-71.624913,1.7,121.7,17.06,42.45,,1.9
"2026-03-02 22:31:42",1220,574,87524,0,,5.65,139.3,17.07,42.5,,1.9
"2026-03-02 22:31:43",1222,576,87505,0,,2.9,134.7,17.02,42.55,,1.8
"2026-03-02 22:31:44",1223,577,87486,-36.8171,-71.624828,3.2,101.9,17.01,42.6,,1.8
"2026-03-02 22:31:45",1225,579,87468,0,,2.65,169.8,16.96,42.65,,1.8
"2026-03-02 22:31:46",1227,581,87451,0,,2.95,108.1,16.96,42.75,,1.8
"2026-03-02 22:31:47",1229,583,87434,-36.817152,-71.624752,3.3,134,16.94,42.75,,1.9
"2026-03-02 22:31:49",1234,588,87381,0,,3.3,100.3,16.93,42.8,,2
"2026-03-02 22:31:50",1236,590,87356,-36.817212,-71.624682,3.25,158.8,16.89,42.85,25.75,2.1
"2026-03-02 22:31:51",1238,592,87333,0,,3.3,154.4,16.86,42.8,,2.1
"2026-03-02 22:31:52",1241,595,87309,0,,3.7,109.6,16.87,42.8,,2.1
"2026-03-02 22:31:53",1243,597,87286,-36.817267,-71.624615,2.25,172.4,16.87,42.85,,2.1
"2026-03-02 22:31:54",1245,599,87263,0,,3.05,135.4,16.86,42.85,,2.1
"2026-03-02 22:31:55",1247,601,87241,0,,4.1,120.7,16.84,42.9,,2.1
"2026-03-02 22:31:56",1250,604,87220,-36.817322,-71.624535,2.3,159,16.83,42.9,,2.2
"2026-03-02 22:31:58",1253,607,87182,0,,4.2,136.6,16.77,43,,2.2
"2026-03-02 22:31:59",1255,609,87164,-36.817388,-71.624452,3.45,158.4,16.72,43.05,,2.2
"2026-03-02 22:32:01",1260,614,87114,0,,3.2,156.8,16.7,43.1,,2.2
"2026-03-02 22:32:02",1262,616,87090,-36.817453,-71.624383,3.35,149.2,16.67,43.15,,2.2
"2026-03-02 22:32:04",1267,621,87045,0,,4.65,159,16.64,43.25,,2.2
"2026-03-02 22:32:05",1269,623,87024,-36.817522,-71.624297,3.35,126.9,16.63,43.3,,2.1
"2026-03-02 22:32:07",1273,627,86980,0,,3.55,167.2,16.56,43.3,,2.1
"2026-03-02 22:32:08",1275,629,86958,-36.817585,-71.624222,3.8,126,16.56,43.35,,2.1
"2026-03-02 22:32:10",1279,633,86917,0,,3.95,145,16.52,43.45,,2.2
"2026-03-02 22:32:11",1281,635,86898,-36.81764,-71.624145,3.8,113.9,16.51,43.5,,2.2
"2026-03-02 22:32:13",1286,640,86847,0,,4,132.1,16.47,43.6,,2.2
"2026-03-02 22:32:14",1289,643,86822,-36.817703,-71.62408,2.9,125.6,16.46,43.65,,2.2
"2026-03-02 22:32:17",1295,649,86758,-36.817768,-71.624025,2.4,132.3,16.39,43.75,25.5,2.2
"2026-03-02 22:32:18",1297,651,86733,0,,2.65,171.7,16.37,43.8,,2.2
"2026-03-02 22:32:19",1300,654,86709,0,,4.8,127.8,16.35,43.8,,2.2
"2026-03-02 22:32:20",1302,656,86686,-36.817828,-71.623962,1.4,159.6,16.33,43.85,,2.2
"2026-03-02 22:32:21",1304,658,86665,0,,3.25,139.7,16.31,43.9,,2.2
"2026-03-02 22:32:22",1306,660,86645,0,,4.5,119.1,16.29,43.95,,2.2
"2026-03-02 22:32:23",1308,662,86626,-36.817895,-71.623885,2.25,153.8,16.25,44,,2.2
"2026-03-02 22:32:24",1309,663,86610,0,,3.95,161.1,16.23,44,,2.2
"2026-03-02 22:32:25",1311,665,86594,0,,3,106.4,16.21,44,,2.1
"2026-03-02 22:32:26",1313,667,86578,-36.817962,-71.62383,2.3,167.2,16.17,44.05,,2
"2026-03-02 22:32:27",1314,668,86563,0,,4.45,156.4,16.14,44.05,,2
"2026-03-02 22:32:28",1316,670,86548,0,,3.05,128,16.13,44.05,,1.9
"2026-03-02 22:32:29",1317,671,86534,-36.818038,-71.623773,3.25,169.1,16.11,44.1,,1.8
"2026-03-02 22:32:30",1319,673,86513,0,,3.95,149,16.09,44.1,,1.8
"2026-03-02 22:32:31",1321,675,86492,0,,1.7,110.9,16.08,44.1,,1.8
"2026-03-02 22:32:32",1323,677,86472,-36.8181,-71.623708,4.05,157.9,16.06,44.15,,1.8
"2026-03-02 22:32:33",1325,679,86453,0,,2.95,135.1,16.05,44.15,,1.7
"2026-03-02 22:32:34",1327,681,86435,0,,2.3,73.9,16.02,44.25,,1.7
"2026-03-02 22:32:35",1328,682,86418,-36.818148,-71.623635,4.75,151,15.99,44.3,,1.7
"2026-03-02 22:32:36",1331,685,86396,0,,2.15,151.3,15.98,44.35,,1.8
"2026-03-02 22:32:37",1333,687,86375,0,,2.15,142.1,15.96,44.5,,1.8
"2026-03-02 22:32:38",1335,689,86354,-36.818223,-71.623582,5.55,159.1,15.92,44.55,,1.8
"2026-03-02 22:32:39",1337,691,86328,0,,1.6,131.1,15.88,44.55,,1.9
"2026-03-02 22:32:40",1340,694,86304,0,,2.35,127.2,15.87,44.65,,2
"2026-03-02 22:32:41",1342,696,86280,-36.818278,-71.623533,3.6,163.3,15.83,44.7,,2.1
"2026-03-02 22:32:43",1345,699,86249,0,,3.05,127.2,15.8,44.8,,2
"2026-03-02 22:32:44",1347,701,86234,-36.818343,-71.623477,3.05,175.9,15.81,44.85,25.25,2
"2026-03-02 22:32:45",1349,703,86212,0,,2.9,122.9,15.79,44.85,,2
"2026-03-02 22:32:46",1351,705,86190,0,,5.55,153.9,15.77,44.8,,2
"2026-03-02 22:32:47",1353,707,86168,-36.818425,-71.623407,2.5,139.4,15.75,44.75,,2
"2026-03-02 22:32:48",1355,709,86146,0,,2.3,144.3,15.73,44.7,,2.1
"2026-03-02 22:32:49",1357,711,86125,0,,5.1,165.5,15.72,44.7,,2.1
"2026-03-02 22:32:50",1360,714,86104,-36.818502,-71.623348,2.55,131,15.68,44.7,,2.1
"2026-03-02 22:32:51",1362,716,86081,0,,3.15,133.7,15.68,44.75,,2.1
"2026-03-02 22:32:52",1364,718,86057,0,,5.3,141,15.66,44.75,,2.1
"2026-03-02 22:32:53",1366,720,86034,-36.81858,-71.623262,2.85,124.1,15.64,44.7,,2.1
"2026-03-02 22:32:54",1368,722,86021,0,,,,15.63,44.75,,2
"2026-03-02 22:32:55",1369,723,86009,0,,,,15.63,44.7,,2
"2026-03-02 22:32:56",1370,724,85998,0,,,,15.59,44.7,,1.9
"2026-03-02 22:32:57",1372,726,85978,0,,2,126,15.55,44.7,,1.9
"2026-03-02 22:32:58",1374,728,85958,0,,3.85,127.4,15.58,44.75,,1.9
"2026-03-02 22:32:59",1376,730,85938,-36.818718,-71.623123,2.4,155.7,15.57,44.8,,1.9
"2026-03-02 22:33:01",1380,734,85898,0,,,,15.5,44.9,,1.9
"2026-03-02 22:33:02",1382,736,85878,0,,,,15.46,44.95,,1.9
"2026-03-02 22:33:03",1384,738,85856,0,,,,15.43,45,,1.9
"2026-03-02 22:33:04",1386,740,85835,0,,,,15.4,45,,1.8
"2026-03-02 22:33:05",1388,742,85814,0,,,,15.4,45.05,,1.8
"2026-03-02 22:33:06",1390,744,85798,0,,3.4,140.4,15.4,45.05,,1.8
"2026-03-02 22:33:07",1391,745,85783,0,,2.3,121.3,15.39,45.05,,1.8
"2026-03-02 22:33:08",1393,747,85768,-36.818933,-71.622915,4.3,162.1,15.37,45.05,,1.8
"2026-03-02 22:33:10",1396,750,85732,0,,3.25,121.3,15.35,45.05,,1.9
"2026-03-02 22:33:11",1398,752,85714,-36.819,-71.62283,3.85,165.9,15.33,45,25,1.9
"2026-03-02 22:33:12",1398,752,85711,0,,4.35,111.6,15.32,45,,1.7
"2026-03-02 22:33:13",1399,753,85708,0,,3.3,158.5,15.31,45.05,,1.6
"2026-03-02 22:33:14",1399,753,85706,-36.819072,-71.622755,3.9,151.4,15.31,45.05,,1.4
"2026-03-02 22:33:16",1403,757,85668,0,,2.9,136.9,15.26,45.05,,1.4
"2026-03-02 22:33:17",1405,759,85650,-36.819128,-71.622663,3.9,138.3,15.25,45.05,,1.4
"2026-03-02 22:33:18",1406,760,85635,0,,3.4,110.5,15.24,45.05,,1.3
"2026-03-02 22:33:19",1407,761,85620,0,,3.6,168.6,15.22,45.05,,1.3
"2026-03-02 22:33:20",1409,763,85606,-36.819198,-71.6226,3.45,140.3,15.21,45.05,,1.3
"2026-03-02 22:33:21",1410,764,85590,0,,3.1,132.6,15.2,45.15,,1.4
"2026-03-02 22:33:22",1412,766,85575,0,,3.35,161.2,15.17,45.15,,1.3
"2026-03-02 22:33:23",1413,767,85560,-36.819263,-71.622527,2.55,117.2,15.16,45.15,,1.3
"2026-03-02 22:33:24",1416,770,85532,0,,5.15,132,15.11,45.15,,1.5
"2026-03-02 22:33:25",1419,773,85506,0,,2.95,165.1,15.08,45.15,,1.7
"2026-03-02 22:33:26",1421,775,85480,-36.819342,-71.622445,3.45,121.8,15.1,45.2,,1.9
"2026-03-02 22:33:27",1423,777,85463,0,,5.05,155.2,15.11,45.25,,1.8
"2026-03-02 22:33:28",1425,779,85446,0,,2.95,154.8,15.09,45.3,,1.8
"2026-03-02 22:33:29",1426,780,85430,-36.819417,-71.622358,3.6,104.8,15.1,45.35,,1.8
"2026-03-02 22:33:30",1428,782,85414,0,,5.6,153.2,15.1,45.4,,1.8
"2026-03-02 22:33:31",1429,783,85400,0,,3.15,110.8,15.07,45.45,,1.8
"2026-03-02 22:33:32",1431,785,85386,-36.819497,-71.622268,4.25,137.6,15.05,45.5,,1.8
"2026-03-02 22:33:33",1433,787,85368,0,,4.25,163.1,15.05,45.55,,1.8
"2026-03-02 22:33:34",1434,788,85349,0,,3.7,115.6,15.07,45.6,,1.9
"2026-03-02 22:33:35",1436,790,85330,-36.819575,-71.6222,3.45,163.6,15.05,45.6,,1.9
"2026-03-02 22:33:37",1440,794,85295,0,,4,119.2,15.02,45.65,,1.8
"2026-03-02 22:33:38",1442,796,85278,-36.819653,-71.622123,3.6,164.5,15,45.65,24.5,1.8
"2026-03-02 22:33:39",1444,798,85256,0,,4.05,136.9,14.96,45.65,,1.7
"2026-03-02 22:33:40",1446,800,85235,0,,3.8,131.6,14.98,45.7,,1.8
"2026-03-02 22:33:41",1448,802,85214,-36.819728,-71.622052,2.95,167.3,14.94,45.7,,1.8
"2026-03-02 22:33:42",1450,804,85191,0,,4.25,123,14.95,45.7,,1.8
"2026-03-02 22:33:43",1453,807,85167,0,,3,155.5,14.92,45.75,,1.9
"2026-03-02 22:33:44",1455,809,85144,-36.819798,-71.621988,3.05,157.8,14.88,45.75,,2
"2026-03-02 22:33:45",1457,811,85121,0,,3.55,127.7,14.88,45.8,,2
"2026-03-02 22:33:46",1459,813,85099,0,,3.95,163.8,14.86,45.85,,2.1
"2026-03-02 22:33:47",1462,816,85078,-36.819877,-71.62192,2.85,137.3,14.85,45.9,,2.1
"2026-03-02 22:33:48",1464,818,85055,0,,4.65,127.8,14.85,45.9,,2.1
"2026-03-02 22:33:49",1466,820,85031,0,,4.15,173.2,14.85,45.95,,2.1
"2026-03-02 22:33:50",1469,823,85008,-36.81995,-71.621862,1.2,132.8,14.78,45.95,,2.2
"2026-03-02 22:33:51",1471,825,84986,0,,5.2,133.6,14.79,46,,2.2
"2026-03-02 22:33:52",1473,827,84965,0,,3.45,175.7,14.75,46.05,,2.2
"2026-03-02 22:33:53",1475,829,84944,-36.820033,-71.621785,3,131.5,14.67,46,,2.2
"2026-03-02 22:33:54",1477,831,84921,0,,5.15,131.5,14.7,46.1,,2.2
"2026-03-02 22:33:55",1479,833,84899,0,,2.65,144.4,14.66,46.1,,2.2
"2026-03-02 22:33:56",1481,835,84878,-36.8201,-71.621697,3.4,119.7,14.64,46.15,,2.2
"2026-03-02 22:33:57",1484,838,84851,0,,4.45,139.6,14.61,46.15,,2.2
"2026-03-02 22:33:58",1487,841,84825,0,,2.65,100.8,14.57,46.15,,2.3
"2026-03-02 22:33:59",1489,843,84800,-36.82015,-71.621597,3.95,116.8,14.55,46.2,,2.3
"2026-03-02 22:34:01",1494,848,84756,0,,2.65,85.4,14.5,46.3,,2.3
"2026-03-02 22:34:02",1496,850,84734,-36.8202,-71.621502,4.8,137.7,14.47,46.35,,2.3
"2026-03-02 22:34:04",1500,854,84695,0,,2.4,119.6,14.42,46.45,,2.2
"2026-03-02 22:34:05",1502,856,84676,-36.820263,-71.621433,4.3,156.2,14.39,46.5,24,2.2
"2026-03-02 22:34:06",1504,858,84651,0,,3.35,130.7,14.36,46.6,,2.2
"2026-03-02 22:34:07",1506,860,84628,0,,2.4,170.3,14.32,46.6,,2.3
"2026-03-02 22:34:08",1509,863,84606,-36.820352,-71.621367,5.9,156.4,14.32,46.65,,2.3
"2026-03-02 22:34:09",1510,864,84588,0,,5.9,156.4,14.33,46.8,,2.2
"2026-03-02 22:34:10",1512,866,84570,0,,4.7,173.4,14.3,46.8,,2.2
"2026-03-02 22:34:11",1514,868,84552,-36.820438,-71.621303,4.7,146.7,14.26,46.85,,2.1
"2026-03-02 22:34:12",1516,870,84530,0,,2.25,146.3,14.21,46.9,,2.1
"2026-03-02 22:34:13",1518,872,84509,0,,3.65,143.7,14.19,47,,2.1
"2026-03-02 22:34:14",1521,875,84488,-36.820508,-71.62123,4.05,145,14.18,47.05,,2.1
"2026-03-02 22:34:16",1525,879,84442,0,,4.95,133.3,14.16,47.2,,2.1
"2026-03-02 22:34:17",1527,881,84420,-36.820572,-71.621148,3.3,146,14.13,47.2,,2.1
"2026-03-02 22:34:18",1530,884,84395,0,,2.6,104.2,14.13,47.25,,2.2
"2026-03-02 22:34:19",1532,886,84369,0,,5.3,136.3,14.12,47.3,,2.2
"2026-03-02 22:34:20",1535,889,84344,-36.820637,-71.621062,3,150.2,14.07,47.35,,2.2
"2026-03-02 22:34:21",1537,891,84321,0,,3.45,103.7,14.07,47.4,,2.2
"2026-03-02 22:34:22",1540,894,84298,0,,4.9,153.4,14.06,47.5,,2.3
"2026-03-02 22:34:23",1542,896,84276,-36.820693,-71.62097,2.35,115,14.03,47.55,,2.3
"2026-03-02 22:34:24",1544,898,84253,0,,4.1,115.3,14.01,47.55,,2.3
"2026-03-02 22:34:25",1546,900,84231,0,,4.45,152.8,14,47.6,,2.3
"2026-03-02 22:34:26",1549,903,84210,-36.820748,-71.620885,2.25,102.5,13.99,47.65,,2.3
"2026-03-02 22:34:28",1555,909,84149,0,,3.45,149.1,13.89,47.75,,2.4
"2026-03-02 22:34:29",1558,912,84118,-36.82081,-71.620818,2.5,128.2,13.91,47.8,,2.5
"2026-03-02 22:34:32",1563,917,84068,-36.820872,-71.620732,4.2,121.8,13.81,47.95,23.5,2.3
"2026-03-02 22:34:34",1568,922,84014,0,,3.1,99.9,13.78,48.1,,2.4
"2026-03-02 22:34:35",1571,925,83988,-36.820937,-71.620652,4.25,138.2,13.74,48.1,,2.4
"2026-03-02 22:34:37",1576,930,83934,0,,3.4,100.4,13.73,48.15,,2.5
"2026-03-02 22:34:38",1579,933,83908,-36.820998,-71.620568,3.7,144.5,13.72,48.2,,2.5
"2026-03-02 22:34:40",1584,938,83859,0,,4,119,13.65,48.25,,2.4
"2026-03-02 22:34:41",1586,940,83836,-36.821075,-71.620487,4.1,167,13.63,48.3,,2.4
"2026-03-02 22:34:43",1589,943,83807,0,,3.2,127.7,13.59,48.35,,2.2
"2026-03-02 22:34:44",1590,944,83794,-36.821147,-71.620412,3.95,164.5,13.56,48.35,,2.3
"2026-03-02 22:34:46",1595,949,83743,0,,3.25,150.5,13.53,48.5,,2.3
"2026-03-02 22:34:47",1598,952,83718,-36.821217,-71.620332,3.35,152.6,13.51,48.55,,2.3
"2026-03-02 22:34:48",1601,955,83686,0,,3.9,111.9,13.46,48.55,,2.3
"2026-03-02 22:34:49",1604,958,83656,0,,4.25,159,13.44,48.6,,2.4
"2026-03-02 22:34:50",1607,961,83626,-36.821287,-71.620253,2.8,131.8,13.43,48.65,,2.4
"2026-03-02 22:34:51",1610,964,83600,0,,3.7,124,13.4,48.7,,2.4
"2026-03-02 22:34:52",1613,967,83575,0,,3.95,163.8,13.37,48.8,,2.4
"2026-03-02 22:34:53",1615,969,83550,-36.821358,-71.620178,3,118.3,13.34,48.85,,2.4
"2026-03-02 22:34:54",1618,972,83526,0,,4.4,137.2,13.32,48.9,,2.4
"2026-03-02 22:34:55",1620,974,83503,0,,3.8,164.3,13.3,48.9,,2.6
"2026-03-02 22:34:56",1622,976,83480,-36.821427,-71.620095,4,109.9,13.27,48.95,,2.6
"2026-03-02 22:34:58",1627,981,83428,0,,2.7,150.9,13.25,48.95,,2.7
"2026-03-02 22:34:59",1630,984,83402,-36.821493,-71.620003,5.15,119.2,13.22,49,23.5,2.7
"2026-03-02 22:35:00",1633,987,83375,0,,3.15,152.3,13.21,49,,2.6
"2026-03-02 22:35:01",1635,989,83350,0,,3.5,142.2,13.18,49.05,,2.6
"2026-03-02 22:35:02",1638,992,83326,-36.821565,-71.619917,5.05,126.8,13.15,49.1,,2.5
"2026-03-02 22:35:03",1640,994,83300,0,,1.9,136.1,13.14,49.15,,2.5
"2026-03-02 22:35:04",1643,997,83275,0,,4.55,144.5,13.11,49.25,,2.5
"2026-03-02 22:35:05",1645,999,83250,-36.821635,-71.619843,4.4,132.4,13.09,49.3,,2.5
"2026-03-02 22:35:06",1648,1002,83228,0,,1.5,167.1,13.06,49.3,,2.5
"2026-03-02 22:35:07",1650,1004,83205,0,,5.35,153,13.03,49.35,,2.5
"2026-03-02 22:35:08",1652,1006,83182,-36.821715,-71.619778,3.85,127.3,13.01,49.4,,2.5
"2026-03-02 22:35:09",1655,1009,83156,0,,2.5,165.8,12.99,49.45,,2.5
"2026-03-02 22:35:10",1658,1012,83131,0,,5.35,146.5,12.96,49.55,,2.5
"2026-03-02 22:35:11",1660,1014,83106,-36.821792,-71.619708,2.35,122.1,12.96,49.6,,2.5
"2026-03-02 22:35:12",1663,1017,83079,0,,4.05,157,12.94,49.65,,2.5
"2026-03-02 22:35:13",1666,1020,83052,0,,4.35,134.5,12.91,49.7,,2.5
"2026-03-02 22:35:14",1668,1022,83026,-36.821865,-71.619635,1.95,134.6,12.89,49.75,,2.5
"2026-03-02 22:35:16",1673,1027,82974,0,,2.95,122.8,12.84,49.8,,2.5
"2026-03-02 22:35:17",1676,1030,82950,-36.821945,-71.619562,2.4,156.9,12.82,49.85,,2.5
"2026-03-02 22:35:18",1678,1032,82930,0,,5.7,143,12.81,49.9,,2.5
"2026-03-02 22:35:19",1680,1034,82910,0,,1.85,142.7,12.77,49.95,,2.5
"2026-03-02 22:35:20",1682,1036,82890,-36.822013,-71.619475,3.3,129,12.73,50,,2.5
"2026-03-02 22:35:21",1685,1039,82858,0,,5.15,132.6,12.69,50,,2.5
"2026-03-02 22:35:22",1688,1042,82827,0,,2.65,172.4,12.66,50.05,,2.6
"2026-03-02 22:35:23",1692,1046,82796,-36.822087,-71.619397,4.4,120.7,12.64,50.05,,2.6
"2026-03-02 22:35:25",1697,1051,82746,0,,2.35,152,12.56,50.2,,2.6
"2026-03-02 22:35:26",1699,1053,82722,-36.822153,-71.619318,4.3,118.6,12.54,50.25,22.75,2.6
"2026-03-02 22:35:27",1702,1056,82696,0,,4.3,148.1,12.5,50.3,,2.6
"2026-03-02 22:35:28",1704,1058,82672,0,,0.05,148.1,12.44,50.35,,2.6
"2026-03-02 22:35:29",1707,1061,82648,-36.822195,-71.61923,5,89.8,12.43,50.45,,2.6
"2026-03-02 22:35:31",1711,1065,82604,0,,1.35,58.1,12.42,50.65,,2.6
"2026-03-02 22:35:32",1713,1067,82582,-36.822247,-71.619155,5.15,117.4,12.39,50.8,,2.6
"2026-03-02 22:35:33",1715,1069,82561,0,,3,162.7,12.37,50.95,,2.6
"2026-03-02 22:35:34",1718,1072,82541,0,,1.7,113.1,12.35,51.05,,2.5
"2026-03-02 22:35:35",1720,1074,82522,-36.822303,-71.619088,5,138.4,12.35,51.15,,2.4
"2026-03-02 22:35:36",1721,1075,82505,0,,1.35,137.1,12.33,51.25,,2.3
"2026-03-02 22:35:37",1723,1077,82488,0,,2.2,116.2,12.29,51.3,,2.2
"2026-03-02 22:35:38",1725,1079,82472,-36.822352,-71.61902,4.3,148.1,12.27,51.45,,2.1
"2026-03-02 22:35:39",1727,1081,82449,0,,2.55,97.6,12.25,51.6,,2.1
"2026-03-02 22:35:40",1729,1083,82426,0,,3.65,138.8,12.22,51.7,,2.1
"2026-03-02 22:35:41",1732,1086,82404,-36.822407,-71.61894,4.2,137.9,12.19,51.75,,2.1
"2026-03-02 22:35:42",1734,1088,82381,0,,1.85,85.2,12.17,51.85,,2.1
"2026-03-02 22:35:43",1736,1090,82359,0,,3.9,141.2,12.15,51.9,,2.1
"2026-03-02 22:35:44",1738,1092,82338,-36.822452,-71.618878,2.75,140.5,12.12,52,,2.1
"2026-03-02 22:35:45",1741,1095,82313,0,,1.45,101.5,12.1,52.1,,2.1
"2026-03-02 22:35:46",1743,1097,82289,0,,3.95,142.7,12.08,52.15,,2.1
"2026-03-02 22:35:47",1746,1100,82266,-36.822495,-71.618812,2.6,106,12.04,52.2,,2.2
"2026-03-02 22:35:48",1747,1101,82249,0,,1.75,160.7,12.02,52.2,,2.2
"2026-03-02 22:35:49",1749,1103,82233,0,,4.3,142.6,11.98,52.25,,2.2
"2026-03-02 22:35:50",1751,1105,82218,-36.822543,-71.618747,2.75,91.4,11.96,52.3,,2.2
"2026-03-02 22:35:52",1756,1110,82165,0,,3.25,130.3,11.93,52.45,,2.2
"2026-03-02 22:35:53",1759,1113,82138,-36.82259,-71.61869,2.15,101.3,11.92,52.5,22.5,2.3
"2026-03-02 22:35:54",1762,1116,82107,0,,3.55,165.5,11.9,52.55,,2.3
"2026-03-02 22:35:55",1765,1119,82081,0,,3.2,111.1,11.86,52.6,,2.3
"2026-03-02 22:35:56",1767,1121,82056,-36.822638,-71.618625,1.9,126.7,11.85,52.65,,2.4
"2026-03-02 22:35:57",1769,1123,82034,0,,3.4,167,11.82,52.7,,2.4
"2026-03-02 22:35:58",1772,1126,82010,0,,2.45,104.8,11.81,52.8,,2.4
"2026-03-02 22:35:59",1774,1128,81986,-36.822692,-71.618577,2.4,157.8,11.77,52.8,,2.4
"2026-03-02 22:36:00",1776,1130,81966,0,,3.2,153,11.75,52.85,,2.4
"2026-03-02 22:36:01",1778,1132,81946,0,,2.4,105.5,11.75,52.9,,2.4
"2026-03-02 22:36:02",1781,1135,81926,-36.822742,-71.61852,2.55,166.3,11.71,53,,2.4
"2026-03-02 22:36:03",1783,1137,81901,0,,3.95,133.9,11.69,53.05,,2.5
"2026-03-02 22:36:04",1785,1139,81877,0,,2.7,112.4,11.68,53.1,,2.4
"2026-03-02 22:36:05",1788,1142,81854,-36.822802,-71.618445,3.4,168,11.65,53.15,,2.4
"2026-03-02 22:36:06",1790,1144,81832,0,,4.25,114.4,11.63,53.15,,2.4
"2026-03-02 22:36:07",1792,1146,81811,0,,1.2,127.9,11.61,53.2,,2.4
"2026-03-02 22:36:08",1794,1148,81790,-36.822852,-71.61837,3.8,153.1,11.58,53.25,,2.3
"2026-03-02 22:36:09",1796,1150,81774,0,,3.85,106.7,11.58,53.3,,2.2
"2026-03-02 22:36:10",1798,1152,81759,0,,2,179.1,11.54,53.35,,2.2
"2026-03-02 22:36:11",1799,1153,81744,-36.82291,-71.618295,4.6,142.3,11.52,53.35,,2.1
"2026-03-02 22:36:12",1802,1156,81716,0,,3.45,102.1,11.53,53.4,,2.1
"2026-03-02 22:36:13",1805,1159,81690,0,,2.05,171.5,11.5,53.4,,2.2
"2026-03-02 22:36:14",1807,1161,81664,-36.82296,-71.618208,5,126.2,11.53,53.4,,2.2
"2026-03-02 22:36:16",1812,1166,81621,0,,3.2,159.4,11.46,53.2,,2.2
"2026-03-02 22:36:17",1814,1168,81600,-36.823023,-71.618127,5.05,123.2,11.47,53.2,,2.2
"2026-03-02 22:36:19",1818,1172,81563,0,,3.95,138.2,11.43,53.2,,2.1
"2026-03-02 22:36:20",1820,1174,81546,-36.823087,-71.61804,4.35,119.3,11.4,53.2,22.25,2.1
"2026-03-02 22:36:21",1822,1176,81523,0,,2.45,165.2,11.38,53.2,,2.2
"2026-03-02 22:36:22",1824,1178,81501,0,,4.35,125.7,11.34,53.15,,2.2
"2026-03-02 22:36:23",1826,1180,81480,-36.82315,-71.617958,3.45,121,11.36,53.2,,2.3
"2026-03-02 22:36:24",1828,1182,81460,0,,2.55,170.6,11.33,53.15,,2.2
"2026-03-02 22:36:25",1830,1184,81441,0,,4.7,123.7,11.34,53.2,,2.2
"2026-03-02 22:36:26",1832,1186,81422,-36.823212,-71.61788,2.35,126.7,11.31,53.2,,2.1
"2026-03-02 22:36:27",1834,1188,81401,0,,3.75,153.1,11.26,53.2,,2.1
"2026-03-02 22:36:28",1837,1191,81380,0,,5.05,127.7,11.24,53.25,,2.1
"2026-03-02 22:36:29",1839,1193,81360,-36.823277,-71.617787,1.85,105.8,11.23,53.25,,2.1
"2026-03-02 22:36:30",1840,1194,81349,0,,,,11.18,53.3,,2
"2026-03-02 22:36:31",1841,1195,81339,0,,,,11.19,53.35,,1.9
"2026-03-02 22:36:32",1842,1196,81330,0,,,,11.1,53.4,,1.8
"2026-03-02 22:36:33",1844,1198,81305,0,,3.4,137.7,11.07,53.5,,1.9
"2026-03-02 22:36:34",1847,1201,81280,0,,3.4,131.1,11.06,53.6,,1.9
"2026-03-02 22:36:35",1849,1203,81256,-36.823418,-71.61763,2.9,133.6,11.05,53.6,,1.9
"2026-03-02 22:36:36",1851,1205,81237,0,,4.45,142.3,11.04,53.65,,1.9
"2026-03-02 22:36:37",1853,1207,81218,0,,2.75,139.3,11.01,53.7,,1.9
"2026-03-02 22:36:38",1855,1209,81200,-36.823505,-71.617568,4.75,163.1,10.96,53.75,,1.9
"2026-03-02 22:36:39",1858,1212,81177,0,,3.4,123.2,10.93,53.75,,1.9
"2026-03-02 22:36:40",1860,1214,81154,0,,3.4,123.2,10.92,53.8,,1.9
"2026-03-02 22:36:41",1862,1216,81132,-36.823583,-71.617508,5.1,161.4,10.92,53.9,,2
"2026-03-02 22:36:42",1863,1217,81120,0,,3.05,125.8,10.9,53.95,,1.9
"2026-03-02 22:36:43",1865,1219,81109,0,,3.9,168.2,10.87,54,,1.9
"2026-03-02 22:36:44",1866,1220,81098,-36.823673,-71.617455,5.45,162.2,10.85,54.05,,1.9
"2026-03-02 22:36:46",1869,1223,81064,0,,4.7,154.5,10.82,54.1,,1.9
"2026-03-02 22:36:47",1871,1225,81048,-36.82375,-71.617398,3.2,166.3,10.81,54.15,21.75,1.9
"2026-03-02 22:36:48",1873,1227,81029,0,,2.6,125.4,10.8,54.2,,1.8
"2026-03-02 22:36:49",1875,1229,81010,0,,4.95,143.2,10.8,54.2,,1.8
"2026-03-02 22:36:50",1877,1231,80992,-36.823823,-71.617333,2.5,174.9,10.78,54.25,,1.8
"2026-03-02 22:36:51",1879,1233,80973,0,,4.05,126.9,10.76,54.2,,1.8
"2026-03-02 22:36:52",1880,1234,80955,0,,4.55,157.1,10.74,54.2,,1.7
"2026-03-02 22:36:53",1882,1236,80938,-36.823902,-71.617268,2.2,172.5,10.72,54.2,,1.7
"2026-03-02 22:36:54",1883,1237,80927,0,,4.65,122.8,10.72,54.2,,1.7
"2026-03-02 22:36:55",1885,1239,80916,0,,3.95,177.9,10.71,54.15,,1.7
"2026-03-02 22:36:56",1886,1240,80906,-36.823972,-71.617218,1.85,153.9,10.7,54.15,,1.6
"2026-03-02 22:36:58",1890,1244,80861,0,,4.55,176.3,10.65,54.15,,1.8
"2026-03-02 22:36:59",1893,1247,80838,-36.824053,-71.617165,1.7,127.7,10.63,54.25,,1.8
"2026-03-02 22:37:01",1897,1251,80800,0,,2.75,192.1,10.59,54.35,,1.8
"2026-03-02 22:37:02",1898,1252,80782,-36.824132,-71.617118,3.1,126.7,10.57,54.45,,1.8
"2026-03-02 22:37:04",1902,1256,80744,0,,2.3,153.1,10.54,54.6,,1.8
"2026-03-02 22:37:05",1904,1258,80726,-36.824218,-71.617073,3.7,141.4,10.52,54.65,,1.8
"2026-03-02 22:37:07",1907,1261,80696,0,,2.75,187.2,10.46,54.75,,1.8
"2026-03-02 22:37:08",1909,1263,80682,-36.824307,-71.617053,4.25,151.7,10.43,54.8,,1.9
"2026-03-02 22:37:10",1912,1266,80648,0,,4.25,139.7,10.46,54.95,,1.8
"2026-03-02 22:37:11",1914,1268,80632,-36.824392,-71.617025,3.4,172.7,10.45,55,,1.8
"2026-03-02 22:37:14",1919,1273,80582,-36.824487,-71.617005,3.9,173.3,10.42,55.05,21.5,1.7
"2026-03-02 22:37:17",1925,1279,80524,-36.824568,-71.616945,4,144.8,10.34,55.2,,1.8
"2026-03-02 22:37:18",1928,1282,80499,0,,2.75,133.7,10.35,55.25,,1.8
"2026-03-02 22:37:19",1930,1284,80475,0,,3.5,166,10.33,55.25,,1.9
"2026-03-02 22:37:20",1933,1287,80452,-36.824652,-71.616913,4.3,187.1,10.31,55.3,,2
"2026-03-02 22:37:21",1935,1289,80430,0,,3.35,128.3,10.34,55.3,,2
"2026-03-02 22:37:22",1937,1291,80410,0,,2.75,168.9,10.32,55.35,,2.1
"2026-03-02 22:37:23",1939,1293,80390,-36.824713,-71.616878,2.4,196.5,10.28,55.3,,2.1
"2026-03-02 22:37:24",1941,1295,80367,0,,3.55,135.6,10.3,55.3,,2.1
"2026-03-02 22:37:25",1944,1298,80345,0,,4.05,171.4,10.25,55.3,,2.1
"2026-03-02 22:37:26",1946,1300,80324,-36.824802,-71.616828,2.6,165.5,10.2,55.25,,2.2
"2026-03-02 22:37:27",1949,1303,80297,0,,4.95,141.3,10.22,55.2,,2.3
"2026-03-02 22:37:28",1952,1306,80270,0,,3.05,203.9,10.19,55.25,,2.3
"2026-03-02 22:37:29",1954,1308,80244,-36.824882,-71.616807,2.1,155.1,10.16,55.25,,2.4
"2026-03-02 22:37:30",1957,1311,80221,0,,4.3,158.9,10.14,55.2,,2.4
"2026-03-02 22:37:31",1959,1313,80198,0,,3.1,202.9,10.13,55.15,,2.4
"2026-03-02 22:37:32",1961,1315,80176,-36.824963,-71.616782,2.8,128.9,10.14,55.15,,2.4
"2026-03-02 22:37:33",1964,1318,80147,0,,4.7,171.4,10.13,55.2,,2.5
"2026-03-02 22:37:34",1967,1321,80118,0,,2.2,192.5,10.1,55.15,,2.5
"2026-03-02 22:37:35",1970,1324,80090,-36.82505,-71.616752,4.25,134.5,10.13,55.1,,2.6
"2026-03-02 22:37:36",1973,1327,80068,0,,4.8,189.9,10.1,55.1,,2.6
"2026-03-02 22:37:37",1975,1329,80046,0,,1.05,173.2,10.05,55,,2.6
"2026-03-02 22:37:38",1977,1331,80024,-36.825132,-71.616733,4.55,151.4,10.07,55.05,,2.6
"2026-03-02 22:37:40",1981,1335,79988,0,,3.55,155,10.01,55,,2.5
"2026-03-02 22:37:41",1983,1337,79970,-36.825225,-71.616705,4.8,161.6,10,54.95,20.75,2.4
"2026-03-02 22:37:42",1985,1339,79950,0,,2.25,176.7,9.98,54.95,,2.4
"2026-03-02 22:37:43",1987,1341,79931,0,,5.3,159.8,9.95,54.95,,2.3
"2026-03-02 22:37:44",1989,1343,79912,-36.825323,-71.616655,4.1,150.4,9.9,54.95,,2.3
"2026-03-02 22:37:45",1991,1345,79894,0,,2.6,158.7,9.86,54.95,,2.3
"2026-03-02 22:37:46",1993,1347,79877,0,,2.6,158.7,9.83,54.95,,2.2
"2026-03-02 22:37:47",1994,1348,79860,-36.825423,-71.616617,3,150.2,9.82,54.95,,2.1
"2026-03-02 22:37:48",1997,1351,79838,0,,3.55,176,9.78,54.95,,2
"2026-03-02 22:37:49",1999,1353,79817,0,,5.3,162.4,9.76,55,,2
"2026-03-02 22:37:50",2001,1355,79796,-36.825523,-71.61658,2.65,140.3,9.74,55.1,,2
"2026-03-02 22:37:51",2003,1357,79774,0,,4.9,182.2,9.72,55.15,,2
"2026-03-02 22:37:52",2006,1360,79752,0,,3.9,165.5,9.7,55.2,,2
"2026-03-02 22:37:53",2008,1362,79730,-36.825625,-71.616553,2.85,153.6,9.7,55.25,,2.1
"2026-03-02 22:37:54",2011,1365,79701,0,,5.1,173,9.67,55.35,,2.2
"2026-03-02 22:37:55",2014,1368,79673,0,,2.9,163.5,9.62,55.4,,2.2
"2026-03-02 22:37:56",2017,1371,79646,-36.825728,-71.616537,3.7,176.1,9.6,55.45,,2.3
"2026-03-02 22:37:57",2019,1373,79623,0,,5.05,177.8,9.57,55.45,,2.4
"2026-03-02 22:37:58",2022,1376,79600,0,,5.05,177.8,9.55,55.5,,2.4
"2026-03-02 22:37:59",2024,1378,79578,-36.825837,-71.616503,4.55,162.2,9.53,55.55,,2.5
"2026-03-02 22:38:01",2029,1383,79532,0,,3.05,168.8,9.52,55.65,,2.5
"2026-03-02 22:38:02",2031,1385,79510,-36.82595,-71.616472,5.9,160.4,9.53,55.6,,2.5
"2026-03-02 22:38:03",2033,1387,79491,0,,3.45,183,9.52,55.5,,2.5
"2026-03-02 22:38:04",2035,1389,79473,0,,3.85,169.9,9.49,55.4,,2.4
"2026-03-02 22:38:05",2037,1391,79456,-36.826062,-71.616447,5.9,166.6,9.49,55.35,,2.4
"2026-03-02 22:38:07",2042,1396,79407,0,,5.7,165.6,9.48,55.15,,2.4
"2026-03-02 22:38:08",2044,1398,79382,-36.826187,-71.616428,5,174.3,9.45,55.05,20.5,2.4
"2026-03-02 22:38:09",2047,1401,79362,0,,3.6,179.1,9.44,54.9,,2.3
"2026-03-02 22:38:10",2049,1403,79342,0,,5.95,162.5,9.44,54.85,,2.3
"2026-03-02 22:38:11",2051,1405,79322,-36.826302,-71.616388,3.8,164,9.41,54.8,,2.3
"2026-03-02 22:38:12",2053,1407,79303,0,,4,161.9,9.39,54.8,,2.2
"2026-03-02 22:38:13",2055,1409,79285,0,,6.75,171,9.37,54.75,,2.2
"2026-03-02 22:38:14",2056,1410,79268,-36.826427,-71.616343,3.95,150.1,9.36,54.65,,2.1
"2026-03-02 22:38:16",2061,1415,79226,0,,6.1,172.3,9.31,54.5,,2.1
"2026-03-02 22:38:17",2063,1417,79206,-36.826548,-71.616308,2.95,148.1,9.31,54.4,,2.2
"2026-03-02 22:38:18",2065,1419,79184,0,,5.8,172.8,9.27,54.3,,2.2
"2026-03-02 22:38:19",2068,1422,79163,0,,5.7,166.6,9.22,54.3,,2.1
"2026-03-02 22:38:20",2070,1424,79142,-36.826673,-71.61627,3.45,145.7,9.22,54.25,,2.1
"2026-03-02 22:38:21",2073,1427,79115,0,,3.45,145.7,9.19,54.25,,2.2
"2026-03-02 22:38:22",2075,1429,79087,0,,6,158.9,9.19,54.3,,2.2
"2026-03-02 22:38:23",2078,1432,79060,-36.826803,-71.61624,3.15,168.2,9.19,54.35,,2.3
"2026-03-02 22:38:24",2081,1435,79038,0,,5.9,183,9.18,54.4,,2.3
"2026-03-02 22:38:25",2083,1437,79017,0,,4.3,159.1,9.13,54.45,,2.4
"2026-03-02 22:38:26",2085,1439,78996,-36.82693,-71.61621,4.45,174.2,9.1,54.5,,2.4
"2026-03-02 22:38:27",2087,1441,78980,0,,5.75,166.3,9.11,54.55,,2.3
"2026-03-02 22:38:28",2088,1442,78964,0,,3.5,177.7,9.09,54.6,,2.3
"2026-03-02 22:38:29",2090,1444,78948,-36.827052,-71.616175,4.8,165.9,9.07,54.6,,2.3
"2026-03-02 22:38:30",2093,1447,78922,0,,5.55,163.7,9.03,54.7,,2.3
"2026-03-02 22:38:31",2095,1449,78897,0,,4.15,167.5,9.02,54.65,,2.3
"2026-03-02 22:38:32",2098,1452,78872,-36.827187,-71.616132,6.35,160.4,9.01,54.65,,2.4
"2026-03-02 22:38:34",2103,1457,78828,0,,4.7,173.4,8.95,54.7,,2.3
"2026-03-02 22:38:35",2105,1459,78806,-36.827317,-71.616097,6.45,157.7,8.94,54.65,20,2.2
"2026-03-02 22:38:36",2108,1462,78780,0,,3.4,170.3,8.95,54.55,,2.3
"2026-03-02 22:38:37",2110,1464,78755,0,,5.85,165.7,8.94,54.4,,2.3
"2026-03-02 22:38:38",2113,1467,78730,-36.82744,-71.616058,5.25,160.8,8.9,54.25,,2.3
"2026-03-02 22:38:39",2116,1470,78706,0,,3.15,176.3,8.9,54.15,,2.4
"2026-03-02 22:38:40",2118,1472,78683,0,,6.45,167.6,8.92,54,,2.5
"2026-03-02 22:38:41",2121,1475,78660,-36.827562,-71.61603,3.65,164.9,8.89,53.9,,2.5
"2026-03-02 22:38:42",2123,1477,78640,0,,4.05,174.6,8.85,53.8,,2.5
"2026-03-02 22:38:43",2125,1479,78620,0,,6.2,156.7,8.84,53.7,,2.4
"2026-03-02 22:38:44",2127,1481,78600,-36.827675,-71.615982,2.7,158.8,8.84,53.65,,2.4
"2026-03-02 22:38:46",2132,1486,78554,0,,5.25,148.5,8.79,53.6,,2.4
"2026-03-02 22:38:47",2134,1488,78532,-36.82779,-71.615933,3.1,173.2,8.78,53.55,,2.4
"2026-03-02 22:38:48",2136,1490,78510,0,,6.05,164.6,8.77,53.55,,2.4
"2026-03-02 22:38:49",2139,1493,78488,0,,3.45,144.2,8.74,53.55,,2.4
"2026-03-02 22:38:50",2141,1495,78466,-36.827907,-71.61589,3.9,176,8.72,53.55,,2.3
"2026-03-02 22:38:51",2143,1497,78450,0,,6.35,162.5,8.71,53.5,,2.3
"2026-03-02 22:38:52",2144,1498,78435,0,,3.1,149.3,8.68,53.55,,2.2
"2026-03-02 22:38:53",2146,1500,78420,-36.82803,-71.61585,5.5,176.7,8.68,53.55,,2.2
"2026-03-02 22:38:54",2148,1502,78397,0,,5.05,164.9,8.67,53.55,,2.1
"2026-03-02 22:38:55",2151,1505,78374,0,,3.2,166.8,8.66,53.55,,2.2
"2026-03-02 22:38:56",2153,1507,78352,-36.828152,-71.615808,6.15,167.8,8.63,53.55,,2.2
"2026-03-02 22:38:57",2155,1509,78334,0,,4.1,150.8,8.58,53.5,,2.2
"2026-03-02 22:38:58",2157,1511,78316,0,,4.05,168.9,8.57,53.5,,2.1
"2026-03-02 22:38:59",2159,1513,78298,-36.828275,-71.615762,6.55,167.3,8.57,53.45,,2.1
"2026-03-02 22:39:02",2165,1519,78244,-36.828402,-71.615728,6.1,179.3,8.48,53.4,19.25,2
"2026-03-02 22:39:03",2168,1522,78213,0,,3.5,148.2,8.48,53.4,,2.1
"2026-03-02 22:39:04",2171,1525,78183,0,,5.9,175.6,8.45,53.4,,2.2
"2026-03-02 22:39:05",2174,1528,78154,-36.828522,-71.615678,4.8,149.5,8.43,53.4,,2.3
"2026-03-02 22:39:06",2177,1531,78131,0,,3.8,160.1,8.42,53.4,,2.3
"2026-03-02 22:39:07",2179,1533,78109,0,,6.55,172.4,8.42,53.4,,2.3
"2026-03-02 22:39:08",2181,1535,78088,-36.828643,-71.615623,4,138.9,8.37,53.4,,2.3
"2026-03-02 22:39:09",2183,1537,78071,0,,4.55,166.5,8.35,53.35,,2.3
"2026-03-02 22:39:10",2185,1539,78054,0,,6.55,166.6,8.34,53.3,,2.3
"2026-03-02 22:39:11",2187,1541,78038,-36.828772,-71.615567,3.5,143.8,8.34,53.25,,2.3
"2026-03-02 22:39:12",2189,1543,78014,0,,5.9,165.7,8.31,53.2,,2.3
"2026-03-02 22:39:13",2192,1546,77991,0,,5.65,162.4,8.27,53.1,,2.3
"2026-03-02 22:39:14",2194,1548,77968,-36.828907,-71.615512,3.6,154,8.26,53,,2.4
"2026-03-02 22:39:16",2198,1552,77929,0,,4.7,162.7,8.25,52.45,,2.3
"2026-03-02 22:39:17",2200,1554,77910,-36.829052,-71.615472,4.4,165.1,8.25,52,,2.2
"2026-03-02 22:39:18",2203,1557,77884,0,,7.65,175.7,8.26,51.5,,2.2
"2026-03-02 22:39:19",2206,1560,77858,0,,4.35,163,8.26,51.05,,2.3
"2026-03-02 22:39:20",2208,1562,77832,-36.829205,-71.615442,5.75,178.3,8.27,50.65,,2.3
"2026-03-02 22:39:21",2211,1565,77807,0,,7.1,162.2,8.26,50.25,,2.3
"2026-03-02 22:39:22",2214,1568,77784,0,,3.85,158.4,8.26,49.75,,2.4
"2026-03-02 22:39:23",2216,1570,77762,-36.82935,-71.615393,6.5,177.9,8.27,49.2,,2.4
"2026-03-02 22:39:24",2218,1572,77747,0,,6.5,158.5,8.28,48.8,,2.4
"2026-03-02 22:39:25",2219,1573,77732,0,,3.75,170.5,8.26,48.45,,2.3
"2026-03-02 22:39:26",2221,1575,77718,-36.829502,-71.615345,7.25,167,8.26,48.05,,2.2
"2026-03-02 22:39:29",2229,1583,77640,-36.829658,-71.615297,7.5,156.1,8.25,46.95,19,2.4
"2026-03-02 22:39:31",2232,1586,77607,0,,5.15,163.5,8.2,46.4,,2.2
"2026-03-02 22:39:32",2234,1588,77592,-36.829832,-71.615247,8.65,160.2,8.2,46.2,,2.1
"2026-03-02 22:39:34",2239,1593,77545,0,,5.7,152.4,8.19,45.7,,2.2
"2026-03-02 22:39:35",2242,1596,77522,-36.829993,-71.615198,7.7,167.1,8.19,45.45,,2.2
"2026-03-02 22:39:37",2248,1602,77464,0,,7.3,151.6,8.13,45,,2.4
"2026-03-02 22:39:38",2251,1605,77436,-36.830157,-71.615148,6.8,173.7,8.11,44.8,,2.5
"2026-03-02 22:39:40",2255,1609,77398,0,,7.55,151.3,8.09,44.4,,2.4
"2026-03-02 22:39:41",2257,1611,77380,-36.830315,-71.615098,5.85,180.4,8.08,44.25,,2.3
"2026-03-02 22:39:43",2261,1615,77338,0,,7.7,155.9,8.05,43.85,,2.4
"2026-03-02 22:39:44",2263,1617,77318,-36.830482,-71.615042,5,175.7,8.05,43.65,,2.4
"2026-03-02 22:39:47",2272,1626,77242,-36.830643,-71.61498,4.85,165.9,8,43.05,,2.5
"2026-03-02 22:39:48",2274,1628,77217,0,,8.05,169,7.99,42.9,,2.5
"2026-03-02 22:39:49",2277,1631,77193,0,,5.2,163.4,7.97,42.8,,2.5
"2026-03-02 22:39:50",2279,1633,77170,-36.830815,-71.614925,5.85,169.2,7.95,42.6,,2.4
"2026-03-02 22:39:51",2282,1636,77147,0,,8.4,163.2,7.94,42.45,,2.4
"2026-03-02 22:39:52",2284,1638,77125,0,,4.75,168,7.92,42.35,,2.4
"2026-03-02 22:39:53",2286,1640,77104,-36.83099,-71.614867,6.65,168.1,7.91,42.25,,2.4
"2026-03-02 22:39:55",2291,1645,77064,0,,4.8,171.8,7.89,42.05,,2.4
"2026-03-02 22:39:56",2293,1647,77044,-36.831162,-71.614817,7.2,171.2,7.86,41.95,18.5,2.4
"2026-03-02 22:39:57",2295,1649,77023,0,,7.45,161,7.85,41.9,,2.4
"2026-03-02 22:39:58",2297,1651,77002,0,,4.7,173.2,7.82,41.85,,2.4
"2026-03-02 22:39:59",2299,1653,76982,-36.831333,-71.614767,7.75,165.5,7.8,41.8,,2.3
"2026-03-02 22:40:00",2303,1657,76952,0,,6.65,165.6,7.79,41.7,,2.4
"2026-03-02 22:40:01",2306,1660,76923,0,,5.55,176.3,7.78,41.7,,2.4
"2026-03-02 22:40:02",2309,1663,76894,-36.831507,-71.614722,8.15,160.6,7.75,41.65,,2.5
"2026-03-02 22:40:03",2311,1665,76873,0,,5.8,173.4,7.71,41.55,,2.4
"2026-03-02 22:40:04",2313,1667,76852,0,,5.85,168.7,7.69,41.45,,2.4
"2026-03-02 22:40:05",2316,1670,76832,-36.831677,-71.614677,8.05,158.5,7.68,41.4,,2.4
"2026-03-02 22:40:06",2318,1672,76806,0,,5.5,182.4,7.65,41.35,,2.5
"2026-03-02 22:40:07",2321,1675,76781,0,,6.95,164.2,7.64,41.3,,2.5
"2026-03-02 22:40:08",2324,1678,76756,-36.831847,-71.614638,7.15,164.2,7.6,41.2,,2.5
"2026-03-02 22:40:09",2327,1681,76730,0,,4.85,179.9,7.56,41.15,,2.6
"2026-03-02 22:40:10",2329,1683,76705,0,,6.85,156.9,7.56,41.05,,2.6
"2026-03-02 22:40:11",2332,1686,76680,-36.832007,-71.614588,6.7,166.8,7.54,41.05,,2.7
"2026-03-02 22:40:12",2334,1688,76658,0,,5.25,176.4,7.5,41,,2.7
"2026-03-02 22:40:13",2337,1691,76636,0,,7.9,160.2,7.48,40.9,,2.6
"2026-03-02 22:40:14",2339,1693,76614,-36.832178,-71.614538,5.7,164.7,7.47,40.7,,2.6
"2026-03-02 22:40:16",2345,1699,76560,0,,7.85,161.1,7.46,39.95,,2.6
"2026-03-02 22:40:17",2348,1702,76534,-36.832352,-71.61449,4.75,160.6,7.46,39.6,,2.7
"2026-03-02 22:40:18",2350,1704,76509,0,,8.15,177,7.47,39.25,,2.7
"2026-03-02 22:40:19",2353,1707,76483,0,,7.05,157.2,7.45,38.95,,2.7
"2026-03-02 22:40:20",2356,1710,76458,-36.832537,-71.614435,5.55,169.6,7.45,38.6,,2.7
"2026-03-02 22:40:22",2359,1713,76426,0,,6.65,172.8,7.42,38.1,,2.5
"2026-03-02 22:40:23",2361,1715,76410,-36.832727,-71.614387,6.4,169.4,7.4,37.9,18,2.5
"2026-03-02 22:40:24",2364,1718,76381,0,,8.15,158.8,7.38,37.75,,2.5
"2026-03-02 22:40:25",2367,1721,76353,0,,6.9,184,7.34,37.6,,2.5
"2026-03-02 22:40:26",2370,1724,76326,-36.832917,-71.614343,6.75,165.6,7.33,37.45,,2.6
"2026-03-02 22:40:27",2373,1727,76298,0,,7.75,159.7,7.33,37.35,,2.6
"2026-03-02 22:40:28",2376,1730,76271,0,,6.85,183.5,7.31,37.2,,2.6
"2026-03-02 22:40:29",2379,1733,76244,-36.833103,-71.614298,6.85,157.7,7.29,37.1,,2.6
"2026-03-02 22:40:31",2384,1738,76201,0,,6.45,178.6,7.23,36.8,,2.5
"2026-03-02 22:40:32",2386,1740,76180,-36.833295,-71.61425,7.1,154.4,7.23,36.65,,2.5
"2026-03-02 22:40:33",2388,1742,76158,0,,8.6,175.3,7.2,36.5,,2.5
"2026-03-02 22:40:34",2391,1745,76136,0,,6.25,169.5,7.18,36.3,,2.6
"2026-03-02 22:40:35",2393,1747,76114,-36.833487,-71.614197,7.25,155.6,7.14,36.2,,2.7
"2026-03-02 22:40:36",2397,1751,76081,0,,8.65,173.9,7.12,36.05,,2.7
"2026-03-02 22:40:37",2400,1754,76049,0,,5.3,172.8,7.15,35.9,,2.8
"2026-03-02 22:40:38",2404,1758,76018,-36.833678,-71.614147,8.55,157.9,7.17,35.7,,2.8
"2026-03-02 22:40:39",2406,1760,75996,0,,7.8,177,7.14,35.5,,2.7
"2026-03-02 22:40:40",2408,1762,75974,0,,5.6,167.1,7.14,35.3,,2.7
"2026-03-02 22:40:41",2411,1765,75952,-36.833878,-71.61409,9.95,163.9,7.15,35.1,,2.6
"2026-03-02 22:40:42",2413,1767,75928,0,,6.95,171.4,7.14,34.8,,2.6
"2026-03-02 22:40:43",2416,1770,75904,0,,6.7,166.5,7.11,34.55,,2.6
"2026-03-02 22:40:44",2419,1773,75880,-36.834073,-71.614038,8.45,169.9,7.09,34.3,,2.7
"2026-03-02 22:40:46",2425,1779,75826,0,,7.15,174.3,7.05,33.8,,2.8
"2026-03-02 22:40:47",2427,1781,75800,-36.834282,-71.613978,9.15,170.2,7.02,33.6,,2.8
"2026-03-02 22:40:49",2431,1785,75765,0,,8.15,181.7,7,33.05,,2.6
"2026-03-02 22:40:50",2433,1787,75748,-36.83449,-71.613917,8.3,161.2,7.01,32.8,17.5,2.4
"2026-03-02 22:40:51",2436,1790,75717,0,,7.55,158,7,32.6,,2.5
"2026-03-02 22:40:52",2440,1794,75685,0,,9.25,173,6.96,32.3,,2.6
"2026-03-02 22:40:53",2443,1797,75654,-36.834698,-71.613843,6.7,160.2,6.95,32.05,,2.7
"2026-03-02 22:40:54",2446,1800,75631,0,,8.35,158.1,6.93,31.7,,2.7
"2026-03-02 22:40:55",2448,1802,75609,0,,8.95,169.4,6.91,31.45,,2.7
"2026-03-02 22:40:56",2450,1804,75588,-36.834908,-71.613768,6.65,163,6.9,31.2,,2.6
"2026-03-02 22:40:57",2454,1808,75558,0,,9.65,162.3,6.89,30.95,,2.7
"2026-03-02 22:40:58",2457,1811,75529,0,,7.35,165.5,6.86,30.65,,2.7
"2026-03-02 22:40:59",2460,1814,75500,-36.835115,-71.613687,7.05,160,6.83,30.4,,2.7
"2026-03-02 22:41:00",2463,1817,75476,0,,9.75,161.6,6.83,30.25,,2.7
"2026-03-02 22:41:01",2465,1819,75451,0,,6.55,170.5,6.82,30.1,,2.7
"2026-03-02 22:41:02",2468,1822,75426,-36.835325,-71.613608,8.25,157.8,6.8,29.85,,2.9
"2026-03-02 22:41:03",2471,1825,75402,0,,8.9,162.2,6.8,29.7,,2.9
"2026-03-02 22:41:04",2473,1827,75380,0,,6.8,175.3,6.79,29.55,,2.8
"2026-03-02 22:41:05",2476,1830,75358,-36.835537,-71.61354,8.7,155.9,6.77,29.4,,2.7
"2026-03-02 22:41:06",2479,1833,75331,0,,8.7,169.8,6.74,29.25,,2.7
"2026-03-02 22:41:07",2482,1836,75303,0,,6.95,165.8,6.71,29.1,,2.8
"2026-03-02 22:41:08",2485,1839,75276,-36.83574,-71.61347,8.1,152.4,6.7,29,,2.8
"2026-03-02 22:41:09",2487,1841,75251,0,,8.6,177.6,6.65,28.85,,2.8
"2026-03-02 22:41:10",2490,1844,75227,0,,7.45,162.4,6.65,28.7,,2.8
"2026-03-02 22:41:11",2493,1847,75204,-36.83595,-71.613402,8.6,156.1,6.64,28.55,,2.7
"2026-03-02 22:41:12",2496,1850,75176,0,,8.1,177.8,6.62,28.4,,2.7
"2026-03-02 22:41:13",2499,1853,75149,0,,8.3,157.2,6.6,28.25,,2.8
"2026-03-02 22:41:14",2502,1856,75122,-36.836167,-71.613332,8.55,162.8,6.58,28.15,,2.8
"2026-03-02 22:41:16",2505,1859,75092,0,,9.25,159.3,6.56,27.8,,2.6
"2026-03-02 22:41:17",2506,1860,75078,-36.83639,-71.613262,9,169.2,6.51,27.6,17.5,2.6
"2026-03-02 22:41:18",2510,1864,75043,0,,7.25,165.7,6.5,27.4,,2.6
"2026-03-02 22:41:19",2514,1868,75007,0,,9,156.8,6.45,27.25,,2.7
"2026-03-02 22:41:20",2518,1872,74972,-36.836602,-71.613182,9,171,6.42,27,,2.8
"2026-03-02 22:41:21",2520,1874,74951,0,,6.7,159.2,6.38,26.8,,2.7
"2026-03-02 22:41:22",2522,1876,74931,0,,10.05,162.8,6.42,26.6,,2.7
"2026-03-02 22:41:23",2525,1879,74912,-36.836815,-71.613102,7.75,169.7,6.43,26.35,,2.7
"2026-03-02 22:41:24",2528,1882,74883,0,,7.7,162.3,6.4,26.1,,2.7
"2026-03-02 22:41:25",2531,1885,74855,0,,10,167.7,6.38,25.9,,2.7
"2026-03-02 22:41:26",2534,1888,74828,-36.83703,-71.613022,7.6,156.2,6.38,25.7,,2.7
"2026-03-02 22:41:27",2537,1891,74800,0,,7.85,167.4,6.38,25.5,,2.7
"2026-03-02 22:41:28",2540,1894,74771,0,,9.65,170,6.36,25.3,,2.8
"2026-03-02 22:41:29",2543,1897,74742,-36.837245,-71.61295,6.85,156.3,6.33,25.1,,3
"2026-03-02 22:41:31",2547,1901,74703,0,,8.85,170.2,6.3,24.7,,2.8
"2026-03-02 22:41:32",2550,1904,74684,-36.83747,-71.612877,7.6,163.5,6.3,24.45,,2.6
"2026-03-02 22:41:33",2553,1907,74651,0,,10.25,161.7,6.28,24.2,,2.8
"2026-03-02 22:41:34",2557,1911,74619,0,,7.6,171.5,6.24,24,,2.9
"2026-03-02 22:41:35",2560,1914,74588,-36.837693,-71.612793,8.2,158.1,6.24,23.8,,3
"2026-03-02 22:41:36",2562,1916,74575,0,,10,164.9,6.24,23.6,,2.9
"2026-03-02 22:41:37",2563,1917,74562,0,,6.95,167.8,6.24,23.35,,2.7
"2026-03-02 22:41:38",2564,1918,74550,-36.837918,-71.612708,9.35,162.8,6.24,23.15,,2.6
"2026-03-02 22:41:39",2568,1922,74521,0,,9.3,160.4,6.21,22.95,,2.6
"2026-03-02 22:41:40",2571,1925,74493,0,,8.35,169.7,6.2,22.75,,2.5
"2026-03-02 22:41:41",2574,1928,74466,-36.838152,-71.612637,9.65,174.4,6.2,22.55,,2.5
"2026-03-02 22:41:43",2578,1932,74423,0,,6.95,171.1,6.18,22.1,,2.5
"2026-03-02 22:41:44",2581,1935,74402,-36.838365,-71.612557,9.65,168.8,6.17,21.9,17.25,2.6
"2026-03-02 22:41:45",2584,1938,74374,0,,8.1,152.1,6.16,21.8,,2.6
"2026-03-02 22:41:46",2587,1941,74346,0,,8.75,177.3,6.14,21.6,,2.6
"2026-03-02 22:41:47",2590,1944,74318,-36.838582,-71.612473,9,160.6,6.13,21.4,,2.6
"2026-03-02 22:41:48",2593,1947,74293,0,,7.75,157.9,6.13,21.2,,2.5
"2026-03-02 22:41:49",2595,1949,74268,0,,9.25,171.6,6.12,21.05,,2.6
"2026-03-02 22:41:50",2598,1952,74244,-36.838795,-71.612383,8.35,153.3,6.08,20.95,,2.7
"2026-03-02 22:41:51",2601,1955,74221,0,,7.85,163.9,6.08,20.8,,2.8
"2026-03-02 22:41:52",2603,1957,74199,0,,9.55,167.8,6.08,20.7,,2.7
"2026-03-02 22:41:53",2605,1959,74178,-36.839013,-71.61229,8.75,149.4,6.07,20.55,,2.6
"2026-03-02 22:41:54",2608,1962,74154,0,,7.65,172.1,6.06,20.5,,2.7
"2026-03-02 22:41:55",2611,1965,74129,0,,9.7,159.5,6.04,20.45,,2.7
"2026-03-02 22:41:56",2614,1968,74104,-36.839233,-71.612202,8.3,154.1,6.03,20.4,,2.7
"2026-03-02 22:41:58",2619,1973,74059,0,,8.9,156.7,6,20.35,,2.6
"2026-03-02 22:41:59",2621,1975,74038,-36.839448,-71.61212,7.75,160,5.99,20.3,,2.6
"2026-03-02 22:42:01",2625,1979,73997,0,,9.3,153.3,5.96,20.2,,2.5
"2026-03-02 22:42:02",2628,1982,73978,-36.839673,-71.612032,8.05,166.7,5.93,20.2,,2.5
"2026-03-02 22:42:04",2632,1986,73936,0,,8.6,159.2,5.9,20.15,,2.4
"2026-03-02 22:42:05",2635,1989,73916,-36.839903,-71.611947,9.6,167,5.88,20.15,,2.4
"2026-03-02 22:42:07",2637,1991,73891,0,,8.2,153,5.83,20.15,,2.2
"2026-03-02 22:42:08",2639,1993,73880,-36.840122,-71.611845,10.4,163.9,5.79,20.15,,2.1
"2026-03-02 22:42:11",2648,2002,73792,-36.840338,-71.611733,10,160.1,5.75,20.35,16.5,2.3
"2026-03-02 22:42:13",2653,2007,73749,0,,6.8,157.9,5.72,20.65,,2.3
"2026-03-02 22:42:14",2656,2010,73728,-36.84056,-71.611622,9.2,157.7,5.72,20.75,,2.3
"2026-03-02 22:42:16",2660,2014,73690,0,,10.45,162.6,5.67,20.85,,2.3
"2026-03-02 22:42:17",2662,2016,73672,-36.84079,-71.611528,8.85,164,5.66,20.95,,2.3
"2026-03-02 22:42:18",2664,2018,73649,0,,8.05,160,5.62,20.95,,2.3
"2026-03-02 22:42:19",2667,2021,73626,0,,10.45,157.1,5.61,21,,2.3
"2026-03-02 22:42:20",2669,2023,73604,-36.841013,-71.611427,7.7,167.1,5.56,21,,2.5
"2026-03-02 22:42:21",2671,2025,73587,0,,8.5,155.2,5.52,21.05,,2.5
"2026-03-02 22:42:22",2673,2027,73571,0,,10.2,161.4,5.49,21.05,,2.4
"2026-03-02 22:42:23",2675,2029,73556,-36.841247,-71.611332,8.2,172.2,5.52,21.15,,2.4
"2026-03-02 22:42:24",2677,2031,73531,0,,9.25,152.1,5.53,21.25,,2.2
"2026-03-02 22:42:25",2680,2034,73506,0,,9.3,164.9,5.52,21.35,,2.3
"2026-03-02 22:42:26",2683,2037,73482,-36.841473,-71.611217,8.6,157.9,5.46,21.4,,2.3
"2026-03-02 22:42:27",2685,2039,73460,0,,9.3,154.8,5.43,21.55,,2.3
"2026-03-02 22:42:28",2688,2042,73439,0,,9.7,167.5,5.42,21.6,,2.3
"2026-03-02 22:42:29",2690,2044,73418,-36.841698,-71.61111,8.05,151.9,5.45,21.7,,2.3
"2026-03-02 22:42:30",2692,2046,73401,0,,9.5,161.8,5.46,21.8,,2.3
"2026-03-02 22:42:31",2694,2048,73384,0,,9.15,168.6,5.42,21.8,,2.2
"2026-03-02 22:42:32",2696,2050,73368,-36.84193,-71.611017,8.1,155.9,5.4,21.9,,2.2
"2026-03-02 22:42:33",2698,2052,73349,0,,10.65,164.5,5.4,21.95,,2.2
"2026-03-02 22:42:34",2700,2054,73330,0,,8.85,159.7,5.38,21.95,,2.2
"2026-03-02 22:42:35",2702,2056,73312,-36.842165,-71.610912,8.35,152.6,5.34,22,,2.3
"2026-03-02 22:42:37",2707,2061,73262,0,,9.1,158.7,5.29,22,,2.3
"2026-03-02 22:42:38",2710,2064,73238,-36.842403,-71.610823,8.15,160,5.29,22.05,16,2.3
"2026-03-02 22:42:39",2711,2065,73229,0,,10.15,171.7,5.27,22.05,,2.2
"2026-03-02 22:42:40",2712,2066,73221,0,,9.25,154.6,5.26,22,,2.1
"2026-03-02 22:42:41",2713,2067,73214,-36.84264,-71.610735,7.9,169.2,5.22,22,,1.9
"2026-03-02 22:42:42",2716,2070,73187,0,,10.75,162,5.22,22,,2
"2026-03-02 22:42:43",2719,2073,73161,0,,9.05,154.9,5.24,21.95,,2.1
"2026-03-02 22:42:44",2722,2076,73136,-36.842877,-71.610647,7.95,175.4,5.22,21.95,,2.1
"2026-03-02 22:42:45",2723,2077,73122,0,,10.8,159.7,5.19,21.9,,2.1
"2026-03-02 22:42:46",2725,2079,73108,0,,8.2,158.3,5.17,21.85,,2.1
"2026-03-02 22:42:47",2726,2080,73094,-36.843108,-71.610543,8.4,167.9,5.15,21.85,,2
"2026-03-02 22:42:48",2729,2083,73070,0,,10.75,155.3,5.15,21.85,,2.1
"2026-03-02 22:42:49",2732,2086,73047,0,,7.45,164.8,5.12,21.85,,2.1
"2026-03-02 22:42:50",2734,2088,73024,-36.84334,-71.610442,9.25,164.7,5.09,21.8,,2.1
"2026-03-02 22:42:51",2737,2091,73002,0,,10.25,153.8,5.08,21.8,,2.1
"2026-03-02 22:42:52",2739,2093,72981,0,,7.15,165.5,5.07,21.7,,2.2
"2026-03-02 22:42:53",2741,2095,72960,-36.843568,-71.610338,9.9,160.7,5.07,21.65,,2.4
"2026-03-02 22:42:54",2743,2097,72947,0,,9.2,158.9,5.05,21.45,,2.2
"2026-03-02 22:42:55",2744,2098,72934,0,,7.5,172.7,5.07,21.3,,2.1
"2026-03-02 22:42:56",2746,2100,72922,-36.843802,-71.610243,10.3,156.4,5.04,21.15,,2
"2026-03-02 22:42:57",2748,2102,72898,0,,9.9,161.5,5.05,21,,2
"2026-03-02 22:42:58",2751,2105,72874,0,,9.05,175.8,5.08,20.75,,2.1
"2026-03-02 22:42:59",2754,2108,72850,-36.844048,-71.610148,10.05,151.2,5.14,20.5,,2.2
"2026-03-02 22:43:01",2757,2111,72820,0,,8.75,166.3,5.12,20.05,,2.1
"2026-03-02 22:43:02",2759,2113,72806,-36.844283,-71.610043,10,152.9,5.12,19.8,,2
"2026-03-02 22:43:04",2763,2117,72766,0,,10.05,160.6,5.16,19.3,,2
"2026-03-02 22:43:05",2765,2119,72746,-36.844517,-71.609938,8.9,155.7,5.19,19.05,16,2
"2026-03-02 22:43:06",2767,2121,72731,0,,8.25,170.9,5.19,18.75,,2
"2026-03-02 22:43:07",2769,2123,72716,0,,9.8,152,5.24,18.4,,2
"2026-03-02 22:43:08",2770,2124,72702,-36.844737,-71.60983,8.3,158.8,5.25,18.1,,2
"2026-03-02 22:43:09",2772,2126,72685,0,,8.6,164.8,5.24,17.85,,2
"2026-03-02 22:43:10",2774,2128,72669,0,,9.65,151.3,5.27,17.55,,1.9
"2026-03-02 22:43:11",2776,2130,72654,-36.844945,-71.60972,6.8,161.4,5.28,17.3,,1.8
"2026-03-02 22:43:12",2778,2132,72635,0,,8.95,157.7,5.29,17.05,,1.9
"2026-03-02 22:43:13",2780,2134,72616,0,,9.25,152.4,5.31,16.75,,1.9
"2026-03-02 22:43:14",2782,2136,72598,-36.845153,-71.609615,7.1,169.9,5.32,16.5,,1.9
"2026-03-02 22:43:16",2787,2141,72551,0,,8.45,155.7,5.34,16.1,,2
"2026-03-02 22:43:17",2790,2144,72528,-36.845355,-71.609497,7.35,166,5.34,15.9,,2
"2026-03-02 22:43:18",2791,2145,72515,0,,8.9,146,5.39,15.7,,2
"2026-03-02 22:43:19",2793,2147,72502,0,,8.55,160.3,5.39,15.55,,2
"2026-03-02 22:43:20",2794,2148,72490,-36.845557,-71.609377,7.6,164.1,5.38,15.4,,2
"2026-03-02 22:43:21",2797,2151,72468,0,,9.05,142.3,5.45,15.25,,2
"2026-03-02 22:43:22",2799,2153,72446,0,,7.8,167.1,5.41,15.1,,2.1
"2026-03-02 22:43:23",2802,2156,72424,-36.845762,-71.609267,8.5,158.9,5.38,14.95,,2.2
"2026-03-02 22:43:24",2805,2159,72397,0,,8.75,150.8,5.35,14.9,,2.2
"2026-03-02 22:43:25",2808,2162,72371,0,,7.7,159.4,5.34,14.75,,2.3
"2026-03-02 22:43:26",2811,2165,72346,-36.845967,-71.60914,9.3,149.1,5.34,14.7,,2.4
"2026-03-02 22:43:27",2813,2167,72327,0,,8.6,157,5.33,14.55,,2.3
"2026-03-02 22:43:28",2815,2169,72309,0,,7.2,165.3,5.3,14.5,,2.3
"2026-03-02 22:43:29",2817,2171,72292,-36.84617,-71.609023,9.15,145.7,5.31,14.4,,2.2
"2026-03-02 22:43:31",2820,2174,72263,0,,8,158,5.26,14.25,,2.2
"2026-03-02 22:43:32",2822,2176,72248,-36.846373,-71.608898,9.25,144.6,5.27,14.2,15.75,2.2
"2026-03-02 22:43:33",2824,2178,72229,0,,7.2,160.9,5.24,14.1,,2.3
"2026-03-02 22:43:34",2826,2180,72210,0,,8.4,152.7,5.2,14.05,,2.2
"2026-03-02 22:43:35",2828,2182,72192,-36.84658,-71.608775,9.7,149.1,5.22,14,,2.2
"2026-03-02 22:43:36",2830,2184,72174,0,,7.5,165.2,5.19,14,,2.1
"2026-03-02 22:43:37",2832,2186,72157,0,,9.05,148.6,5.16,13.95,,2
"2026-03-02 22:43:38",2834,2188,72140,-36.846787,-71.608653,9.05,151.7,5.14,13.9,,1.9
"2026-03-02 22:43:39",2836,2190,72124,0,,7.4,164.9,5.12,13.85,,1.9
"2026-03-02 22:43:40",2837,2191,72108,0,,9.9,147.8,5.11,13.85,,1.9
"2026-03-02 22:43:41",2839,2193,72092,-36.846992,-71.608535,7.65,156.1,5.08,13.8,,1.9
"2026-03-02 22:43:42",2841,2195,72080,0,,7.8,162.8,5.04,13.8,,1.8
"2026-03-02 22:43:43",2842,2196,72069,0,,10.25,151.5,5.02,13.8,,1.8
"2026-03-02 22:43:44",2843,2197,72058,-36.847195,-71.608413,6.9,149.4,5,13.75,,1.8
"2026-03-02 22:43:46",2846,2200,72033,0,,10,152.4,4.95,13.7,,1.7
"2026-03-02 22:43:47",2847,2201,72022,-36.847397,-71.608285,6.6,143.2,4.94,13.7,,1.6
"2026-03-02 22:43:48",2849,2203,72002,0,,9.2,159.9,4.92,13.65,,1.7
"2026-03-02 22:43:49",2852,2206,71983,0,,8.4,152.4,4.9,13.65,,1.7
"2026-03-02 22:43:50",2854,2208,71964,-36.84759,-71.608162,6.3,144.9,4.9,13.65,,1.7
"2026-03-02 22:43:51",2856,2210,71944,0,,9.75,155.9,4.89,13.7,,1.7
"2026-03-02 22:43:52",2858,2212,71925,0,,7.05,154.2,4.88,13.7,,1.7
"2026-03-02 22:43:53",2860,2214,71906,-36.847778,-71.608037,7.2,144.4,4.89,13.7,,1.8
"2026-03-02 22:43:54",2863,2217,71882,0,,9.05,155.8,4.87,13.7,,1.9
"2026-03-02 22:43:55",2866,2220,71860,0,,6.65,149,4.86,13.7,,2
"2026-03-02 22:43:56",2868,2222,71838,-36.84797,-71.607903,9,144.9,4.86,13.75,,2.1
"2026-03-02 22:43:58",2872,2226,71806,0,,6.2,141.2,4.83,13.75,,2.1
"2026-03-02 22:43:59",2874,2228,71790,-36.848155,-71.607772,9.6,153.2,4.82,13.8,15.25,2.1
"2026-03-02 22:44:01",2877,2231,71757,0,,7.8,142.6,4.74,13.8,,2.1
"2026-03-02 22:44:02",2879,2233,71742,-36.84834,-71.607633,8.75,157.5,4.72,13.8,,2.1
"2026-03-02 22:44:03",2881,2235,71723,0,,8.35,142.4,4.7,13.85,,2.1
"2026-03-02 22:44:04",2883,2237,71704,0,,7.6,144.3,4.71,13.85,,2.1
"2026-03-02 22:44:05",2886,2240,71686,-36.848523,-71.607492,8.2,160.1,4.7,13.85,,2.1
"2026-03-02 22:44:06",2887,2241,71673,0,,8.5,138.2,4.65,13.75,,2
"2026-03-02 22:44:07",2888,2242,71661,0,,7.75,153.5,4.65,13.85,,1.9
"2026-03-02 22:44:08",2890,2244,71650,-36.848705,-71.607342,8.25,152.2,4.63,13.85,,1.8
"2026-03-02 22:44:09",2891,2245,71633,0,,8.25,132.3,4.65,13.85,,1.8
"2026-03-02 22:44:10",2893,2247,71616,0,,9.1,153.4,4.63,13.85,,1.8
"2026-03-02 22:44:11",2895,2249,71600,-36.84889,-71.607205,6.95,158.7,4.6,13.85,,1.8
"2026-03-02 22:44:12",2897,2251,71582,0,,8.2,138.9,4.6,13.9,,1.8
"2026-03-02 22:44:13",2899,2253,71566,0,,9.15,159.2,4.57,13.9,,1.8
"2026-03-02 22:44:14",2901,2255,71550,-36.849075,-71.607067,6.3,148.1,4.55,13.9,,1.8
"2026-03-02 22:44:16",2904,2258,71519,0,,7.8,153.1,4.52,13.95,,1.8
"2026-03-02 22:44:17",2906,2260,71504,-36.849247,-71.60692,5.85,138.2,4.51,13.95,,1.8
"2026-03-02 22:44:18",2908,2262,71484,0,,9.65,148.7,4.49,13.9,,1.8
"2026-03-02 22:44:19",2911,2265,71466,0,,6.95,149.2,4.48,13.95,,1.9
"2026-03-02 22:44:20",2913,2267,71448,-36.849422,-71.606782,6.25,139.2,4.45,13.95,,1.9
"2026-03-02 22:44:21",2914,2268,71433,0,,9.4,154.8,4.44,13.95,,1.9
"2026-03-02 22:44:22",2916,2270,71417,0,,6.95,144.2,4.42,14,,1.9
"2026-03-02 22:44:23",2918,2272,71402,-36.8496,-71.606655,6.95,143.9,4.39,14,,1.9
"2026-03-02 22:44:25",2923,2277,71357,0,,6.9,143.4,4.37,14.1,,2
"2026-03-02 22:44:26",2925,2279,71336,-36.849785,-71.606528,7.7,144.9,4.38,14.1,14.75,2
"2026-03-02 22:44:28",2929,2283,71305,0,,6.85,136.3,4.3,14.05,,2
"2026-03-02 22:44:29",2931,2285,71290,-36.849958,-71.606395,7.4,150.2,4.33,14.15,,2
"2026-03-02 22:44:31",2935,2289,71249,0,,7.2,134.8,4.29,14.2,,2.1
"2026-03-02 22:44:32",2938,2292,71230,-36.850138,-71.606273,7.65,156.5,4.26,14.25,,2.1
"2026-03-02 22:44:34",2942,2296,71192,0,,7.4,136.6,4.22,14.2,,2.1
"2026-03-02 22:44:35",2944,2298,71174,-36.85031,-71.606145,6.85,160.1,4.2,14.25,,2.2
"2026-03-02 22:44:37",2947,2301,71144,0,,6.95,142.5,4.15,14.3,,2.1
"2026-03-02 22:44:38",2949,2303,71130,-36.850477,-71.60602,7.25,163.6,4.1,14.35,,2
"2026-03-02 22:44:40",2951,2305,71111,0,,7.55,151.5,4.07,14.35,,1.8
"2026-03-02 22:44:41",2952,2306,71102,-36.850645,-71.60589,7.3,156.7,4.08,14.4,,1.8
"2026-03-02 22:44:43",2958,2312,71053,0,,8.3,156.8,4.12,14.5,,1.9
"2026-03-02 22:44:44",2960,2314,71030,-36.85081,-71.60577,6.35,151.1,4.08,14.5,,1.9
"2026-03-02 22:44:46",2964,2318,71001,0,,8.9,158.9,4.08,14.5,,1.9
"2026-03-02 22:44:47",2965,2319,70988,-36.85098,-71.605645,6.15,142,4.05,14.5,,1.8
"2026-03-02 22:44:48",2967,2321,70973,0,,7.35,149.1,4.02,14.55,,1.8
"2026-03-02 22:44:49",2969,2323,70958,0,,8.65,157.7,3.99,14.6,,1.8
"2026-03-02 22:44:50",2970,2324,70944,-36.851158,-71.605522,7.25,139.4,3.97,14.6,,1.8
"2026-03-02 22:44:52",2976,2330,70895,0,,6.65,157.5,3.94,14.6,,2.1
"2026-03-02 22:44:53",2979,2333,70872,-36.851342,-71.605393,7.65,141.1,3.9,14.6,14.5,2.2
"2026-03-02 22:44:54",2981,2335,70855,0,,6.55,167.1,3.87,14.65,,2.2
"2026-03-02 22:44:55",2982,2336,70839,0,,7.8,150.2,3.84,14.65,,2
"2026-03-02 22:44:56",2984,2338,70824,-36.85151,-71.605277,7.05,142.1,3.84,14.65,,2
"2026-03-02 22:44:57",2986,2340,70806,0,,7.3,163.5,3.84,14.7,,2
"2026-03-02 22:44:58",2988,2342,70788,0,,7,138.8,3.84,14.75,,2
"2026-03-02 22:44:59",2990,2344,70770,-36.851678,-71.605153,7.75,149.8,3.81,14.75,,2.1
"2026-03-02 22:45:00",2992,2346,70754,0,,7.2,158.1,3.79,14.75,,2.1
"2026-03-02 22:45:01",2994,2348,70739,0,,6.25,131.6,3.81,14.8,,2.1
"2026-03-02 22:45:02",2996,2350,70724,-36.851838,-71.605023,8.25,154.7,3.81,14.8,,2.1
"2026-03-02 22:45:03",2997,2351,70709,0,,6.85,145.9,3.78,14.85,,2.1
"2026-03-02 22:45:04",2999,2353,70694,0,,6.35,135.8,3.78,14.85,,2.1
"2026-03-02 22:45:05",3001,2355,70680,-36.85199,-71.604903,7.2,163.9,3.77,14.9,,1.9
"2026-03-02 22:45:06",3003,2357,70662,0,,,,3.8,14.9,,1.9
"2026-03-02 22:45:07",3005,2359,70645,0,,,,3.8,14.9,,1.9
"2026-03-02 22:45:08",3007,2361,70628,0,,,,3.8,14.9,,1.9
"2026-03-02 22:45:09",3009,2363,70613,0,,7.7,140.7,3.79,14.85,,1.9
"2026-03-02 22:45:10",3010,2364,70598,0,,6.15,149.4,3.79,14.85,,1.8
"2026-03-02 22:45:11",3012,2366,70584,-36.852302,-71.604645,7.45,148.2,3.78,14.8,,1.8
"2026-03-02 22:45:12",3014,2368,70564,0,,7.85,136,3.79,14.8,,1.8
"2026-03-02 22:45:13",3016,2370,70545,0,,5.65,155.1,3.79,14.8,,1.9
"2026-03-02 22:45:14",3019,2373,70526,-36.852455,-71.604502,8,141.4,3.79,14.8,,1.9
"2026-03-02 22:45:16",3022,2376,70495,0,,5.95,149.5,3.83,14.85,,1.9
"2026-03-02 22:45:17",3024,2378,70480,-36.852602,-71.60436,8.2,138.2,3.83,14.9,,1.9
"2026-03-02 22:45:19",3027,2381,70454,0,,6.1,139.7,3.86,14.9,,1.8
"2026-03-02 22:45:20",3028,2382,70442,-36.852747,-71.604212,8.2,134.2,3.86,15,14.5,1.8
"2026-03-02 22:45:21",3031,2385,70418,0,,6.85,153.4,3.86,15,,1.9
"2026-03-02 22:45:22",3034,2388,70394,0,,6,132.8,3.91,15,,2
"2026-03-02 22:45:23",3037,2391,70370,-36.85289,-71.604075,7.5,141.2,3.95,15.05,,2.1
"2026-03-02 22:45:24",3039,2393,70353,0,,6.05,151,3.97,15.05,,2
"2026-03-02 22:45:25",3041,2395,70336,0,,7.05,130.8,3.96,15.05,,2
"2026-03-02 22:45:26",3042,2396,70320,-36.853033,-71.603933,7.05,146.5,3.96,15.05,,2
"2026-03-02 22:45:27",3044,2398,70304,0,,6.35,145.1,3.96,15,,2
"2026-03-02 22:45:28",3046,2400,70288,0,,8.15,126.2,4.01,15,,2
"2026-03-02 22:45:29",3048,2402,70272,-36.853172,-71.603767,6.9,148.7,4.04,15,,2
"2026-03-02 22:45:31",3051,2405,70249,0,,6.5,127,4.07,14.9,,1.9
"2026-03-02 22:45:32",3052,2406,70238,-36.853302,-71.6036,6.05,152.1,4.09,14.9,,1.9
"2026-03-02 22:45:33",3054,2408,70221,0,,6.75,113.7,4.13,14.9,,2
"2026-03-02 22:45:34",3056,2410,70203,0,,8.95,139.3,4.15,14.9,,1.9
"2026-03-02 22:45:35",3058,2412,70186,-36.853432,-71.603415,5.9,140,4.15,14.85,,1.9
"2026-03-02 22:45:36",3060,2414,70168,0,,8.2,113.3,4.24,14.9,,1.8
"2026-03-02 22:45:37",3062,2416,70151,0,,7.65,147.7,4.22,14.9,,1.8
"2026-03-02 22:45:38",3064,2418,70134,-36.85356,-71.603228,5.75,132.2,4.2,14.8,,1.8
"2026-03-02 22:45:39",3067,2421,70107,0,,9.4,120.8,4.26,14.9,,1.9
"2026-03-02 22:45:40",3070,2424,70081,0,,6.4,143.2,4.24,14.9,,2
"2026-03-02 22:45:41",3073,2427,70056,-36.853677,-71.603025,7.2,113.1,4.24,14.85,,2.1
"2026-03-02 22:45:42",3075,2429,70037,0,,8.65,126,4.25,14.85,,2.1
"2026-03-02 22:45:43",3078,2432,70017,0,,5.05,131.4,4.22,14.85,,2.1
"2026-03-02 22:45:44",3080,2434,69998,-36.853783,-71.602828,7.95,115.8,4.19,14.85,,2.3
"2026-03-02 22:45:46",3086,2440,69948,0,,5.6,118.9,4.15,14.85,,2.4
"2026-03-02 22:45:47",3089,2443,69924,-36.853898,-71.602628,9.15,122.2,4.16,14.85,14.25,2.5
"2026-03-02 22:45:48",3091,2445,69902,0,,6.75,140,4.13,14.85,,2.5
"2026-03-02 22:45:49",3093,2447,69881,0,,5.85,113.8,4.1,14.8,,2.6
"2026-03-02 22:45:50",3096,2450,69860,-36.85401,-71.602423,9.7,121.5,4.13,14.85,,2.6
"2026-03-02 22:45:51",3098,2452,69839,0,,6.45,141.4,4.08,14.8,,2.6
"2026-03-02 22:45:52",3101,2455,69818,0,,6.5,111.8,4.08,14.8,,2.6
"2026-03-02 22:45:53",3103,2457,69798,-36.854113,-71.60224,8.3,130.4,4.05,14.8,,2.6
"2026-03-02 22:45:54",3106,2460,69777,0,,4.6,119.2,4.01,14.8,,2.5
"2026-03-02 22:45:55",3108,2462,69757,0,,7.6,110.8,4.01,14.8,,2.5
"2026-03-02 22:45:56",3110,2464,69738,-36.854193,-71.602045,6.7,135.1,3.97,14.8,,2.5
"2026-03-02 22:45:57",3113,2467,69712,0,,5.8,99.5,3.95,14.8,,2.6
"2026-03-02 22:45:58",3116,2470,69686,0,,9.55,117.3,3.94,14.8,,2.6
"2026-03-02 22:45:59",3119,2473,69660,-36.854278,-71.601835,5.5,129.8,3.9,14.8,,2.6
"2026-03-02 22:46:00",3122,2476,69638,0,,6.25,115.6,3.84,14.8,,2.6
"2026-03-02 22:46:01",3124,2478,69617,0,,9.2,130,3.83,14.8,,2.6
"2026-03-02 22:46:02",3127,2481,69596,-36.85438,-71.601612,7.1,106.2,3.82,14.8,,2.6
"2026-03-02 22:46:03",3130,2484,69569,0,,7.2,118.8,3.78,14.8,,2.6
"2026-03-02 22:46:04",3133,2487,69542,0,,8.4,131.4,3.75,14.8,,2.7
"2026-03-02 22:46:05",3136,2490,69516,-36.854487,-71.601395,7.15,114.4,3.71,14.85,,2.7
"2026-03-02 22:46:06",3139,2493,69496,0,,7.1,118.8,3.7,14.85,,2.7
"2026-03-02 22:46:07",3141,2495,69477,0,,7.7,126,3.68,14.85,,2.7
"2026-03-02 22:46:08",3143,2497,69458,-36.854568,-71.601177,7.2,100.1,3.68,14.85,,2.7
"2026-03-02 22:46:09",3146,2500,69431,0,,6.7,121.3,3.64,14.85,,2.7
"2026-03-02 22:46:10",3149,2503,69404,0,,9.25,113.1,3.6,14.85,,2.7
"2026-03-02 22:46:11",3152,2506,69378,-36.854652,-71.600938,7.3,107.8,3.6,14.9,,2.8
"2026-03-02 22:46:13",3156,2510,69344,0,,8.95,106.7,3.6,14.9,,2.7
"2026-03-02 22:46:14",3158,2512,69328,-36.854725,-71.600717,6.1,112.8,3.59,14.9,13.75,2.6
"2026-03-02 22:46:16",3164,2518,69277,0,,8.75,107,3.57,14.85,,2.6
"2026-03-02 22:46:17",3167,2521,69252,-36.854793,-71.600483,5.75,105.4,3.55,14.85,,2.6
"2026-03-02 22:46:18",3170,2524,69227,0,,8.45,118.2,3.5,14.9,,2.6
"2026-03-02 22:46:19",3173,2527,69203,0,,8.45,105,3.49,14.9,,2.6
"2026-03-02 22:46:20",3176,2530,69180,-36.854863,-71.600242,5.55,110.3,3.49,14.9,,2.7
"2026-03-02 22:46:21",3178,2532,69158,0,,9.45,112.9,3.45,14.9,,2.7
"2026-03-02 22:46:22",3181,2535,69137,0,,6.8,105.9,3.41,14.95,,2.6
"2026-03-02 22:46:23",3183,2537,69116,-36.854927,-71.60001,5.75,111.7,3.38,14.95,,2.6
"2026-03-02 22:46:24",3186,2540,69092,0,,8.85,107.2,3.4,14.95,,2.6
"2026-03-02 22:46:25",3189,2543,69069,0,,5.85,120.8,3.36,14.95,,2.7
"2026-03-02 22:46:26",3191,2545,69046,-36.854987,-71.59979,6.05,104,3.32,14.95,,2.8
"2026-03-02 22:46:27",3194,2548,69024,0,,8.65,103.8,3.3,14.95,,2.7
"2026-03-02 22:46:28",3196,2550,69003,0,,7.25,122.9,3.25,15,,2.7
"2026-03-02 22:46:29",3199,2553,68982,-36.855047,-71.59956,5.35,96.1,3.2,15,,2.6
"2026-03-02 22:46:31",3204,2558,68936,0,,5.6,121.9,3.16,15.05,,2.6
"2026-03-02 22:46:32",3207,2561,68914,-36.855107,-71.599333,6.95,94.6,3.12,15.05,,2.6
"2026-03-02 22:46:33",3210,2564,68891,0,,9.1,114.4,3.08,15,,2.6
"2026-03-02 22:46:34",3212,2566,68868,0,,5.45,106.1,3.07,15,,2.6
"2026-03-02 22:46:35",3215,2569,68846,-36.855173,-71.599093,8.1,102.1,3.03,15.05,,2.6
"2026-03-02 22:46:36",3218,2572,68822,0,,8.75,121.3,3.02,15.05,,2.7
"2026-03-02 22:46:37",3220,2574,68799,0,,6.05,100,2.96,15.1,,2.7
"2026-03-02 22:46:38",3223,2577,68776,-36.855235,-71.598847,8.35,103.7,2.95,15.1,,2.7
"2026-03-02 22:46:40",3228,2582,68735,0,,6.95,97.1,2.88,15.15,,2.6
"2026-03-02 22:46:41",3230,2584,68716,-36.855303,-71.598605,8.35,116.6,2.87,15.15,13.75,2.6
"2026-03-02 22:46:42",3232,2586,68700,0,,7.15,110.6,2.85,15.15,,2.6
"2026-03-02 22:46:43",3234,2588,68685,0,,7.25,94.8,2.81,15.15,,2.5
"2026-03-02 22:46:44",3236,2590,68670,-36.85536,-71.59836,8.35,115.5,2.79,15.15,,2.4
"2026-03-02 22:46:45",3238,2592,68648,0,,7.25,102.5,2.76,15.2,,2.4
"2026-03-02 22:46:46",3241,2595,68628,0,,7.4,101.9,2.76,15.2,,2.4
"2026-03-02 22:46:47",3243,2597,68608,-36.855422,-71.598122,7.8,122.5,2.75,15.2,,2.3
"2026-03-02 22:46:48",3246,2600,68586,0,,7.3,94.4,2.74,15.25,,2.3
"2026-03-02 22:46:49",3248,2602,68565,0,,7.7,109,2.72,15.25,,2.3
"2026-03-02 22:46:50",3251,2605,68544,-36.855482,-71.597878,7.6,118.5,2.69,15.25,,2.3
"2026-03-02 22:46:51",3253,2607,68524,0,,7.7,94,2.66,15.25,,2.3
"2026-03-02 22:46:52",3255,2609,68505,0,,7.9,117.2,2.66,15.25,,2.3
"2026-03-02 22:46:53",3258,2612,68486,-36.85554,-71.597645,7,110.8,2.65,15.3,,2.3
"2026-03-02 22:46:54",3261,2615,68460,0,,7.25,95.8,2.62,15.3,,2.4
"2026-03-02 22:46:55",3264,2618,68435,0,,7.45,120.4,2.59,15.3,,2.5
"2026-03-02 22:46:56",3266,2620,68410,-36.855603,-71.59741,7.65,106,2.58,15.3,,2.6
"2026-03-02 22:46:58",3272,2626,68361,0,,7.85,120.9,2.56,15.35,,2.6
"2026-03-02 22:46:59",3275,2629,68336,-36.855672,-71.597172,7.7,98.9,2.51,15.4,,2.7
"2026-03-02 22:47:01",3280,2634,68297,0,,7.65,119.3,2.47,15.4,,2.6
"2026-03-02 22:47:02",3282,2636,68278,-36.855738,-71.596943,6.8,96.6,2.45,15.4,,2.6
"2026-03-02 22:47:04",3288,2642,68227,0,,7.55,109.4,2.42,15.4,,2.7
"2026-03-02 22:47:05",3291,2645,68202,-36.855803,-71.596712,6.65,101.6,2.39,15.4,,2.8
"2026-03-02 22:47:08",3298,2652,68142,-36.855868,-71.596473,7.05,107.3,2.33,15.45,13.5,2.7
"2026-03-02 22:47:10",3302,2656,68107,0,,6.05,96.8,2.28,15.5,,2.5
"2026-03-02 22:47:11",3305,2659,68090,-36.855935,-71.596245,7.8,111.7,2.27,15.5,,2.4
"2026-03-02 22:47:13",3311,2665,68035,0,,6.25,96.5,2.18,15.45,,2.6
"2026-03-02 22:47:14",3314,2668,68008,-36.856,-71.596007,8.75,111.6,2.18,15.5,,2.7
"2026-03-02 22:47:17",3323,2677,67932,-36.856058,-71.595768,8.9,110.1,2.09,15.55,,2.7
"2026-03-02 22:47:18",3325,2679,67918,0,,5.95,112.4,2.05,15.55,,2.6
"2026-03-02 22:47:19",3327,2681,67904,0,,7.35,104.7,2.03,15.55,,2.5
"2026-03-02 22:47:20",3328,2682,67890,-36.856127,-71.595533,8.95,111.3,2,15.6,,2.5
"2026-03-02 22:47:21",3332,2686,67861,0,,5.75,112.7,1.98,15.55,,2.6
"2026-03-02 22:47:22",3335,2689,67833,0,,8.4,103.3,1.98,15.55,,2.7
"2026-03-02 22:47:23",3338,2692,67806,-36.856192,-71.595303,8.5,112.3,1.94,15.6,,2.8
"2026-03-02 22:47:24",3340,2694,67791,0,,5.2,110.5,1.9,15.6,,2.7
"2026-03-02 22:47:25",3342,2696,67776,0,,8.5,113.2,1.87,15.65,,2.6
"2026-03-02 22:47:26",3344,2698,67762,-36.856258,-71.595077,7.65,109.5,1.87,15.65,,2.4
"2026-03-02 22:47:27",3347,2701,67737,0,,5.6,105.5,1.86,15.65,,2.5
"2026-03-02 22:47:28",3349,2703,67713,0,,8.2,118.4,1.83,15.7,,2.5
"2026-03-02 22:47:29",3352,2706,67690,-36.856322,-71.594848,8.15,99.5,1.79,15.7,,2.5
"2026-03-02 22:47:30",3355,2709,67666,0,,5.8,116.3,1.78,15.7,,2.5
"2026-03-02 22:47:31",3358,2712,67643,0,,8.1,115.8,1.78,15.7,,2.6
"2026-03-02 22:47:32",3361,2715,67620,-36.856392,-71.59462,7.4,95.8,1.77,15.7,,2.7
"2026-03-02 22:47:34",3365,2719,67586,0,,7.95,114.9,1.76,15.8,,2.5
"2026-03-02 22:47:35",3367,2721,67570,-36.856463,-71.594388,6.75,96.4,1.75,15.8,13,2.4
"2026-03-02 22:47:36",3369,2723,67552,0,,8.75,116,1.74,15.8,,2.4
"2026-03-02 22:47:37",3371,2725,67536,0,,6.35,117.2,1.73,15.8,,2.4
"2026-03-02 22:47:38",3373,2727,67520,-36.856538,-71.594157,6.95,103.2,1.71,15.8,,2.4
"2026-03-02 22:47:39",3375,2729,67497,0,,9.45,113.8,1.69,15.8,,2.4
"2026-03-02 22:47:40",3378,2732,67474,0,,5.8,111.5,1.64,15.85,,2.4
"2026-03-02 22:47:41",3381,2735,67452,-36.85661,-71.593925,7.65,104.9,1.65,15.85,,2.4
"2026-03-02 22:47:42",3383,2737,67429,0,,8.35,116.6,1.63,15.85,,2.4
"2026-03-02 22:47:43",3386,2740,67406,0,,5.75,115.8,1.62,15.9,,2.4
"2026-03-02 22:47:44",3389,2743,67384,-36.8567,-71.593697,9,113.9,1.61,15.95,,2.4
"2026-03-02 22:47:45",3391,2745,67367,0,,7.7,115.5,1.58,16,,2.3
"2026-03-02 22:47:46",3393,2747,67350,0,,5.85,112.3,1.56,16.05,,2.4
"2026-03-02 22:47:47",3395,2749,67334,-36.856783,-71.593472,8.2,114.5,1.56,16.1,,2.4
"2026-03-02 22:47:48",3398,2752,67311,0,,8.55,114,1.55,16.1,,2.4
"2026-03-02 22:47:49",3400,2754,67290,0,,7.1,117.1,1.52,16.15,,2.4
"2026-03-02 22:47:50",3403,2757,67270,-36.856882,-71.593232,9,122.7,1.49,16.2,,2.5
"2026-03-02 22:47:51",3405,2759,67246,0,,7.35,100.1,1.48,16.25,,2.5
"2026-03-02 22:47:52",3409,2763,67220,0,,7.1,107.7,1.46,16.25,,2.6
"2026-03-02 22:47:53",3412,2766,67194,-36.856957,-71.59299,8.8,117.5,1.44,16.3,,2.6
"2026-03-02 22:47:54",3414,2768,67171,0,,7.65,105,1.43,16.3,,2.6
"2026-03-02 22:47:55",3417,2771,67148,0,,6.8,119.7,1.42,16.35,,2.6
"2026-03-02 22:47:56",3420,2774,67126,-36.857047,-71.592763,8.85,119.5,1.39,16.4,,2.6
"2026-03-02 22:47:58",3425,2779,67079,0,,7.95,122.9,1.35,16.5,,2.7
"2026-03-02 22:47:59",3428,2782,67056,-36.857132,-71.59253,8.1,105.2,1.34,16.5,,2.7
"2026-03-02 22:48:02",3436,2790,66996,-36.857218,-71.592297,7.95,102,1.29,16.6,12.5,2.7
"2026-03-02 22:48:04",3441,2795,66953,0,,7.85,115.7,1.24,16.65,,2.7
"2026-03-02 22:48:05",3443,2797,66932,-36.857317,-71.592063,7.9,107.4,1.21,16.75,,2.6
"2026-03-02 22:48:06",3446,2800,66908,0,,7.9,126.9,1.18,16.75,,2.6
"2026-03-02 22:48:07",3449,2803,66884,0,,6.8,118.7,1.16,16.85,,2.7
"2026-03-02 22:48:08",3452,2806,66860,-36.85742,-71.591837,8.6,111.3,1.14,16.95,,2.7
"2026-03-02 22:48:09",3453,2807,66852,0,,8.25,124.1,1.12,17.05,,2.5
"2026-03-02 22:48:10",3454,2808,66845,0,,6.95,107,1.09,17.1,,2.4
"2026-03-02 22:48:11",3455,2809,66838,-36.857525,-71.591607,8.55,124.6,1.06,17.15,,2.2
"2026-03-02 22:48:12",3457,2811,66815,0,,7.85,120.2,1.04,17.3,,2.2
"2026-03-02 22:48:13",3460,2814,66792,0,,7.55,108,1.04,17.4,,2.3
"2026-03-02 22:48:14",3463,2817,66770,-36.857623,-71.59138,7.55,126.6,1.03,17.5,,2.3
"2026-03-02 22:48:16",3467,2821,66734,0,,7.8,114.6,1,17.75,,2.3
"2026-03-02 22:48:17",3469,2823,66716,-36.857727,-71.591148,6.7,127,0.99,17.95,,2.2
"2026-03-02 22:48:18",3472,2826,66696,0,,9.55,111.5,0.96,18.2,,2.2
"2026-03-02 22:48:19",3474,2828,66677,0,,6.5,125.2,0.94,18.4,,2.1
"2026-03-02 22:48:20",3476,2830,66658,-36.857842,-71.590925,8.1,130.9,0.9,18.65,,2.1
"2026-03-02 22:48:21",3480,2834,66629,0,,8.85,113.9,0.9,18.9,,2.1
"2026-03-02 22:48:22",3483,2837,66601,0,,6.75,128.3,0.87,19.15,,2.3
"2026-03-02 22:48:23",3487,2841,66574,-36.85795,-71.590693,8.4,119.9,0.84,19.45,,2.5
"2026-03-02 22:48:24",3489,2843,66554,0,,8.4,114.7,0.82,19.75,,2.6
"2026-03-02 22:48:25",3491,2845,66536,0,,7.1,133.9,0.8,19.95,,2.6
"2026-03-02 22:48:26",3493,2847,66518,-36.858063,-71.590467,8.5,113,0.76,20.2,,2.5
"2026-03-02 22:48:28",3498,2852,66478,0,,7.5,128,0.74,20.7,,2.6
"2026-03-02 22:48:29",3501,2855,66458,-36.858173,-71.590238,8,111,0.7,20.95,12,2.6
"2026-03-02 22:48:30",3503,2857,66439,0,,8.2,121.2,0.68,21.1,,2.6
"2026-03-02 22:48:31",3505,2859,66420,0,,7.3,122.4,0.66,21.3,,2.6
"2026-03-02 22:48:32",3507,2861,66402,-36.858277,-71.590013,7.75,110.3,0.64,21.45,,2.6
"2026-03-02 22:48:33",3510,2864,66383,0,,8.45,129.9,0.63,21.65,,2.6
"2026-03-02 22:48:34",3512,2866,66363,0,,7.7,117.5,0.63,21.8,,2.5
"2026-03-02 22:48:35",3514,2868,66344,-36.858385,-71.58978,8.3,111.4,0.63,21.9,,2.4
"2026-03-02 22:48:36",3517,2871,66326,0,,7.85,131.3,0.63,22.1,,2.3
"2026-03-02 22:48:37",3519,2873,66309,0,,9.55,118.7,0.63,22.2,,2.3
"2026-03-02 22:48:38",3521,2875,66292,-36.858493,-71.589552,6.15,116.6,0.63,22.3,,2.3
"2026-03-02 22:48:39",3523,2877,66270,0,,8.15,121.2,0.61,22.4,,2.3
"2026-03-02 22:48:40",3526,2880,66250,0,,9.25,113.2,0.6,22.5,,2.3
"2026-03-02 22:48:41",3528,2882,66230,-36.858595,-71.589315,6.45,125.1,0.6,22.65,,2.3
"2026-03-02 22:48:42",3530,2884,66218,0,,6.45,125.1,0.58,22.8,,2.2
"2026-03-02 22:48:43",3531,2885,66206,0,,7.95,115.2,0.56,22.95,,2.2
"2026-03-02 22:48:44",3533,2887,66194,-36.8587,-71.589082,6.85,125.4,0.54,23.1,,2.1
"2026-03-02 22:48:45",3535,2889,66175,0,,9,117.1,0.53,23.25,,2.1
"2026-03-02 22:48:46",3537,2891,66156,0,,7.65,122.4,0.51,23.4,,2.1
"2026-03-02 22:48:47",3540,2894,66138,-36.858807,-71.588843,7.75,118.4,0.49,23.55,,2.1
"2026-03-02 22:48:48",3542,2896,66117,0,,8.75,111,0.46,23.65,,2.1
"2026-03-02 22:48:49",3544,2898,66096,0,,7.55,130.9,0.43,23.8,,2.2
"2026-03-02 22:48:50",3547,2901,66076,-36.85891,-71.588615,7.65,113.3,0.41,23.95,,2.2
"2026-03-02 22:48:51",3549,2903,66055,0,,8.4,119.1,0.4,24.1,,2.2
"2026-03-02 22:48:52",3552,2906,66035,0,,7.35,128.7,0.39,24.2,,2.2
"2026-03-02 22:48:53",3554,2908,66016,-36.859015,-71.588388,7.25,114.8,0.37,24.3,,2.2
"2026-03-02 22:48:55",3559,2913,65978,0,,7.85,129.1,0.34,24.55,,2.3
"2026-03-02 22:48:56",3561,2915,65960,-36.859117,-71.588153,7.65,109.8,0.32,24.65,11.5,2.4
"2026-03-02 22:48:57",3563,2917,65946,0,,8.1,121.1,0.3,24.75,,2.3
"2026-03-02 22:48:58",3565,2919,65932,0,,8.35,114.4,0.3,24.9,,2.3
"2026-03-02 22:48:59",3566,2920,65918,-36.859217,-71.587905,8.4,110.8,0.28,25,,2.2
"2026-03-02 22:49:00",3569,2923,65897,0,,7.65,127.1,0.28,25.05,,2.3
"2026-03-02 22:49:01",3571,2925,65876,0,,8.4,110.2,0.26,25.15,,2.3
"2026-03-02 22:49:02",3574,2928,65856,-36.859327,-71.58767,8.1,118.9,0.25,25.2,,2.3
"2026-03-02 22:49:04",3578,2932,65822,0,,8.4,109.7,0.21,25.3,,2.2
"2026-03-02 22:49:05",3580,2934,65806,-36.859435,-71.587442,7.5,123.7,0.21,25.35,,2.1
"2026-03-02 22:49:06",3582,2936,65792,0,,7.95,123,0.21,25.4,,2.1
"2026-03-02 22:49:07",3583,2937,65779,0,,8.5,110.8,0.17,25.45,,2.1
"2026-03-02 22:49:08",3585,2939,65766,-36.859542,-71.587208,7.4,121.5,0.17,25.5,,2
"2026-03-02 22:49:09",3587,2941,65749,0,,7.75,128,0.16,25.55,,2
"2026-03-02 22:49:10",3589,2943,65733,0,,8.5,112.5,0.15,25.55,,2
"2026-03-02 22:49:11",3591,2945,65718,-36.859662,-71.586983,6.9,135.7,0.15,25.6,,2
"2026-03-02 22:49:12",3593,2947,65700,0,,9.2,117.4,0.13,25.6,,2
"2026-03-02 22:49:13",3595,2949,65683,0,,7.8,114.8,0.12,25.65,,2
"2026-03-02 22:49:14",3597,2951,65666,-36.85977,-71.586753,7,134.8,0.11,25.65,,1.9
"2026-03-02 22:49:16",3601,2955,65636,0,,8.2,123.7,0.09,25.7,,1.9
"2026-03-02 22:49:17",3603,2957,65622,-36.859883,-71.586533,7.2,130,0.07,25.7,,1.9
"2026-03-02 22:49:18",3605,2959,65602,0,,7.45,115.4,0.02,25.7,,1.9
"2026-03-02 22:49:19",3607,2961,65582,0,,8.65,129.6,0.01,25.65,,2
"2026-03-02 22:49:20",3610,2964,65562,-36.859995,-71.586317,6.95,126.1,0,25.65,,2.1
"2026-03-02 22:49:22",3614,2968,65527,0,,8.55,131.7,-0.03,25.65,,2.1
"2026-03-02 22:49:23",3616,2970,65510,-36.86012,-71.586103,7.6,132.9,-0.03,25.65,11,2.1
"2026-03-02 22:49:24",3619,2973,65490,0,,7.5,114.2,-0.05,25.6,,2.1
"2026-03-02 22:49:25",3621,2975,65471,0,,7.8,132.5,-0.04,25.6,,2.2
"2026-03-02 22:49:26",3623,2977,65452,-36.860227,-71.585877,8.3,114.8,-0.06,25.6,,2.2
"2026-03-02 22:49:28",3627,2981,65420,0,,7.5,131.8,-0.09,25.55,,2.1
"2026-03-02 22:49:29",3629,2983,65404,-36.860333,-71.585652,9.1,112.8,-0.09,25.55,,2.2
"2026-03-02 22:49:31",3633,2987,65375,0,,8.45,123,-0.17,25.45,,2.1
"2026-03-02 22:49:32",3634,2988,65362,-36.86044,-71.585425,8.35,112.9,-0.17,25.45,,2.1
"2026-03-02 22:49:34",3638,2992,65329,0,,8.7,115.9,-0.18,25.4,,2
"2026-03-02 22:49:35",3640,2994,65314,-36.860552,-71.585202,8.25,122,-0.2,25.3,,2
"2026-03-02 22:49:37",3645,2999,65278,0,,8.4,109.5,-0.27,25.2,,2
"2026-03-02 22:49:38",3647,3001,65260,-36.860658,-71.584972,8.2,122.8,-0.27,25.1,,2
"2026-03-02 22:49:40",3649,3003,65240,0,,8.45,107.5,-0.3,24.9,,1.9
"2026-03-02 22:49:41",3651,3005,65230,-36.860768,-71.584752,7.65,134,-0.31,24.85,,1.8
"2026-03-02 22:49:43",3655,3009,65193,0,,8.95,114,-0.33,24.85,,1.9
"2026-03-02 22:49:44",3657,3011,65176,-36.860878,-71.584532,6.2,130.5,-0.33,24.9,,1.9
"2026-03-02 22:49:46",3662,3016,65141,0,,9.3,120.6,-0.36,25,,1.9
"2026-03-02 22:49:47",3664,3018,65124,-36.860993,-71.584317,6,129.7,-0.38,25.1,,2
"2026-03-02 22:49:49",3667,3021,65097,0,,9.05,119.2,-0.38,25.15,,1.9
"2026-03-02 22:49:50",3669,3023,65084,-36.86111,-71.584093,7,131.4,-0.41,25.25,10.75,1.8
"2026-03-02 22:49:51",3671,3025,65067,0,,8,122.4,-0.43,25.35,,1.8
"2026-03-02 22:49:52",3673,3027,65051,0,,8.5,129.3,-0.44,25.4,,1.9
"2026-03-02 22:49:53",3675,3029,65036,-36.861232,-71.583873,6.55,127.4,-0.47,25.45,,2
"2026-03-02 22:49:54",3676,3030,65023,0,,8.85,118.9,-0.47,25.5,,2
"2026-03-02 22:49:55",3678,3032,65010,0,,8.45,126.6,-0.49,25.5,,1.9
"2026-03-02 22:49:56",3679,3033,64998,-36.861352,-71.583635,7.05,124.4,-0.53,25.55,,1.9
"2026-03-02 22:49:57",3681,3035,64980,0,,9.5,119.6,-0.53,25.55,,1.9
"2026-03-02 22:49:58",3684,3038,64963,0,,6.8,127.8,-0.54,25.65,,1.8
"2026-03-02 22:49:59",3686,3040,64946,-36.861483,-71.583415,7.9,131.9,-0.53,25.75,,1.8
"2026-03-02 22:50:00",3688,3042,64931,0,,9.25,121.3,-0.54,25.85,,1.8
"2026-03-02 22:50:01",3689,3043,64916,0,,6.1,119.9,-0.54,25.85,,1.9
"2026-03-02 22:50:02",3691,3045,64902,-36.861598,-71.583187,9.45,126.2,-0.53,25.95,,1.9
"2026-03-02 22:50:03",3693,3047,64887,0,,7.85,122.7,-0.53,26,,1.9
"2026-03-02 22:50:04",3695,3049,64872,0,,6.35,117.1,-0.52,26.05,,1.9
"2026-03-02 22:50:05",3697,3051,64858,-36.861703,-71.582965,9.35,120,-0.5,26.1,,1.8
"2026-03-02 22:50:06",3698,3052,64844,0,,6.9,130.2,-0.51,26.15,,1.8
"2026-03-02 22:50:07",3700,3054,64831,0,,7.15,118.6,-0.5,26.2,,1.8
"2026-03-02 22:50:08",3702,3056,64818,-36.861817,-71.582748,9.5,123.5,-0.49,26.25,,1.8
"2026-03-02 22:50:09",3703,3057,64804,0,,5.95,125.4,-0.49,26.3,,1.8
"2026-03-02 22:50:10",3705,3059,64791,0,,7.75,120,-0.5,26.3,,1.8
"2026-03-02 22:50:11",3707,3061,64778,-36.861938,-71.582528,9.9,128.2,-0.5,26.35,,1.7
"2026-03-02 22:50:12",3708,3062,64762,0,,9.9,128.2,-0.5,26.4,,1.7
"2026-03-02 22:50:13",3710,3064,64747,0,,8.65,122.2,-0.5,26.45,,1.7
"2026-03-02 22:50:14",3712,3066,64732,-36.86206,-71.582315,8.85,129.8,-0.52,26.45,,1.8
"2026-03-02 22:50:16",3715,3069,64707,0,,9.5,126.1,-0.53,26.5,,1.7
"2026-03-02 22:50:17",3717,3071,64696,-36.862177,-71.582085,8.2,123,-0.57,26.5,10.5,1.7
"2026-03-02 22:50:18",3718,3072,64683,0,,6.85,116.5,-0.57,26.6,,1.7
"2026-03-02 22:50:19",3720,3074,64670,0,,9.75,132,-0.58,26.6,,1.7
"2026-03-02 22:50:20",3721,3075,64658,-36.862295,-71.581863,7.35,121,-0.59,26.6,,1.6
"2026-03-02 22:50:21",3723,3077,64644,0,,7.35,121,-0.61,26.5,,1.6
"2026-03-02 22:50:22",3725,3079,64631,0,,9.45,132.7,-0.6,26.45,,1.6
"2026-03-02 22:50:23",3726,3080,64618,-36.862428,-71.581637,8.15,128.4,-0.61,26.35,,1.6
"2026-03-02 22:50:24",3728,3082,64607,0,,8.35,120.1,-0.62,26.1,,1.6
"2026-03-02 22:50:25",3729,3083,64596,0,,9.2,126.8,-0.62,25.75,,1.6
"2026-03-02 22:50:26",3730,3084,64586,-36.862555,-71.58141,6.65,129.7,-0.61,25.3,,1.5
"2026-03-02 22:50:27",3732,3086,64574,0,,,,-0.59,24.9,,1.5
"2026-03-02 22:50:28",3733,3087,64563,0,,,,-0.58,24.45,,1.5
"2026-03-02 22:50:29",3735,3089,64552,0,,,,-0.59,24.05,,1.5
"2026-03-02 22:50:31",3739,3093,64517,0,,7.45,121.5,-0.61,23.2,,1.6
"2026-03-02 22:50:32",3741,3095,64500,-36.862812,-71.580963,7.85,125.2,-0.62,22.8,,1.6
"2026-03-02 22:50:33",3744,3098,64478,0,,9.55,131.9,-0.62,22.45,,1.7
"2026-03-02 22:50:34",3746,3100,64456,0,,6.8,121.2,-0.63,22.15,,1.8
"2026-03-02 22:50:35",3749,3103,64434,-36.862948,-71.58074,8.85,130.9,-0.63,21.85,,1.9
"2026-03-02 22:50:36",3751,3105,64420,0,,9.1,128,-0.63,21.65,,1.9
"2026-03-02 22:50:37",3753,3107,64407,0,,6.35,120.3,-0.64,21.45,,1.9
"2026-03-02 22:50:38",3754,3108,64394,-36.863075,-71.580512,9.7,126.5,-0.63,21.3,,1.9
"2026-03-02 22:50:39",3756,3110,64380,0,,8.45,129.1,-0.62,21.2,,2
"2026-03-02 22:50:40",3758,3112,64367,0,,6.7,122.1,-0.62,21.15,,2
"2026-03-02 22:50:41",3759,3113,64354,-36.863202,-71.580283,9.85,121,-0.6,21.1,,2
"2026-03-02 22:50:43",3762,3116,64331,0,,7.65,120.1,-0.63,21.1,,2
"2026-03-02 22:50:44",3763,3117,64320,-36.86333,-71.580057,9.8,120.7,-0.59,21.2,10.25,1.9
"2026-03-02 22:50:45",3765,3119,64307,0,,6.8,139.4,-0.61,21.25,,1.8
"2026-03-02 22:50:46",3766,3120,64295,0,,8.7,122.2,-0.62,21.4,,1.7
"2026-03-02 22:50:47",3768,3122,64284,-36.863468,-71.57983,10.3,126.4,-0.62,21.45,,1.6
"2026-03-02 22:50:48",3770,3124,64270,0,,6.45,130.7,-0.63,21.55,,1.6
"2026-03-02 22:50:49",3771,3125,64256,0,,9.25,125.9,-0.67,21.6,,1.6
"2026-03-02 22:50:50",3773,3127,64242,-36.863607,-71.579597,9.7,125,-0.66,21.7,,1.6
"2026-03-02 22:50:51",3775,3129,64230,0,,7.35,126.6,-0.68,21.8,,1.6
"2026-03-02 22:50:52",3776,3130,64219,0,,9.3,135.2,-0.71,22,,1.5
"2026-03-02 22:50:53",3777,3131,64208,-36.863732,-71.579368,7.9,114.7,-0.73,22.1,,1.5
"2026-03-02 22:50:54",3779,3133,64196,0,,7.9,124.3,-0.76,22.3,,1.5
"2026-03-02 22:50:55",3780,3134,64185,0,,9.05,134.1,-0.78,22.55,,1.5
"2026-03-02 22:50:56",3782,3136,64174,-36.863863,-71.579155,7.3,115.3,-0.78,22.75,,1.5
"2026-03-02 22:50:57",3783,3137,64163,0,,8.3,137,-0.78,23,,1.5
"2026-03-02 22:50:58",3784,3138,64153,0,,8.5,124.3,-0.8,23.25,,1.5
"2026-03-02 22:50:59",3785,3139,64144,-36.863993,-71.578928,7.9,117.1,-0.82,23.45,,1.5
"2026-03-02 22:51:00",3788,3142,64121,0,,9.05,134.7,-0.82,23.7,,1.5
"2026-03-02 22:51:01",3791,3145,64099,0,,7.55,122.5,-0.85,23.9,,1.6
"2026-03-02 22:51:02",3794,3148,64078,-36.864128,-71.578703,8.25,121.6,-0.83,24.1,,1.7
"2026-03-02 22:51:03",3795,3149,64065,0,,9.45,133.3,-0.83,24.3,,1.7
"2026-03-02 22:51:04",3797,3151,64052,0,,6.9,116.4,-0.85,24.5,,1.7
"2026-03-02 22:51:05",3798,3152,64040,-36.86426,-71.578472,9.55,124.3,-0.86,24.65,,1.7
"2026-03-02 22:51:06",3800,3154,64025,0,,8.45,132.2,-0.87,24.8,,1.8
"2026-03-02 22:51:07",3802,3156,64010,0,,7.1,122.3,-0.9,24.9,,1.8
"2026-03-02 22:51:08",3804,3158,63996,-36.864392,-71.578243,10.15,124.9,-0.88,25.1,,1.9
"2026-03-02 22:51:10",3806,3160,63976,0,,7.7,121.2,-0.93,25.35,,1.8
"2026-03-02 22:51:11",3808,3162,63966,-36.86452,-71.578008,10.3,125.6,-0.92,25.5,10,1.8
"2026-03-02 22:51:12",3809,3163,63953,0,,7.55,130.3,-0.93,25.65,,1.8
"2026-03-02 22:51:13",3811,3165,63940,0,,9.7,114.1,-0.97,25.75,,1.7
"2026-03-02 22:51:14",3812,3166,63928,-36.864648,-71.577762,9.3,126.8,-1.02,25.9,,1.7
"2026-03-02 22:51:16",3816,3170,63902,0,,8.75,125.3,-1.03,26.15,,1.6
"2026-03-02 22:51:17",3817,3171,63890,-36.864778,-71.57755,7,132.1,-1.04,26.25,,1.6
"2026-03-02 22:51:18",3819,3173,63879,0,,8.2,122.8,-1.07,26.4,,1.5
"2026-03-02 22:51:19",3820,3174,63868,0,,10,124,-1.09,26.5,,1.5
"2026-03-02 22:51:20",3821,3175,63858,-36.864908,-71.577315,7.1,120,-1.11,26.65,,1.4
"2026-03-02 22:51:21",3823,3177,63845,0,,8.85,132.4,-1.13,26.75,,1.4
"2026-03-02 22:51:22",3824,3178,63832,0,,9.4,125.1,-1.17,26.8,,1.5
"2026-03-02 22:51:23",3826,3180,63820,-36.865042,-71.577085,7.2,116.5,-1.19,26.9,,1.5
"2026-03-02 22:51:24",3828,3182,63802,0,,9.35,137.1,-1.21,26.95,,1.6
"2026-03-02 22:51:25",3830,3184,63784,0,,8.65,117.7,-1.22,27.1,,1.6
"2026-03-02 22:51:26",3833,3187,63766,-36.865177,-71.576857,7.5,122.3,-1.24,27.15,,1.7
"2026-03-02 22:51:27",3834,3188,63752,0,,9.6,133.4,-1.25,27.25,,1.7
"2026-03-02 22:51:28",3836,3190,63738,0,,7.95,118.8,-1.26,27.25,,1.7
"2026-03-02 22:51:29",3838,3192,63724,-36.865297,-71.576618,8.1,116,-1.26,27.35,,1.7
"2026-03-02 22:51:31",3842,3196,63690,0,,6.6,118.5,-1.28,27.45,,1.8
"2026-03-02 22:51:32",3844,3198,63674,-36.86542,-71.576382,10,117.8,-1.25,27.45,,1.9
"2026-03-02 22:51:33",3846,3200,63660,0,,8.25,132.7,-1.26,27.45,,1.9
"2026-03-02 22:51:34",3848,3202,63647,0,,7.1,120.7,-1.31,27.45,,1.9
"2026-03-02 22:51:35",3849,3203,63634,-36.865547,-71.576148,9.95,116.7,-1.27,27.5,,1.9
"2026-03-02 22:51:37",3852,3206,63612,0,,7.3,128.1,-1.32,27.5,,1.8
"2026-03-02 22:51:38",3853,3207,63602,-36.865675,-71.575927,10,120.7,-1.33,27.5,9.5,1.7
"2026-03-02 22:51:39",3855,3209,63587,0,,6.7,128.3,-1.34,27.5,,1.7
"2026-03-02 22:51:40",3857,3211,63573,0,,9.15,123.9,-1.36,27.55,,1.7
"2026-03-02 22:51:41",3859,3213,63560,-36.865802,-71.575685,9.8,124,-1.38,27.5,,1.7
"2026-03-02 22:51:42",3860,3214,63545,0,,7.05,116.4,-1.4,27.5,,1.7
"2026-03-02 22:51:43",3862,3216,63531,0,,9.35,123.4,-1.41,27.5,,1.7
"2026-03-02 22:51:44",3864,3218,63518,-36.865913,-71.57545,8,121.2,-1.42,27.5,,1.6
"2026-03-02 22:51:46",3867,3221,63490,0,,9.95,121.2,-1.41,27.55,,1.7
"2026-03-02 22:51:47",3869,3223,63476,-36.86603,-71.575215,7.05,125.6,-1.42,27.6,,1.7
"2026-03-02 22:51:48",3871,3225,63462,0,,8.15,119.3,-1.46,27.65,,1.7
"2026-03-02 22:51:49",3872,3226,63450,0,,9.8,118.3,-1.42,27.65,,1.7
"2026-03-02 22:51:50",3874,3228,63438,-36.866138,-71.574973,6.4,124.7,-1.43,27.7,,1.7
"2026-03-02 22:51:51",3876,3230,63424,0,,9.05,114.9,-1.46,27.75,,1.7
"2026-03-02 22:51:52",3877,3231,63411,0,,9.05,115.9,-1.45,27.8,,1.7
"2026-03-02 22:51:53",3879,3233,63398,-36.866247,-71.574728,6.6,123.5,-1.47,27.85,,1.7
"2026-03-02 22:51:54",3881,3235,63381,0,,9.95,121.1,-1.48,27.85,,1.7
"2026-03-02 22:51:55",3883,3237,63364,0,,9.8,124.8,-1.48,27.85,,1.8
"2026-03-02 22:51:56",3885,3239,63348,-36.86636,-71.574482,6.75,115.8,-1.51,27.9,,1.8
"2026-03-02 22:51:58",3887,3241,63333,0,,7.6,111.3,-1.53,27.95,,1.7
"2026-03-02 22:51:59",3888,3242,63326,-36.866457,-71.574242,7.4,121.1,-1.55,27.95,,1.6
"2026-03-02 22:52:01",3893,3247,63285,0,,6.55,113.3,-1.56,28.05,,1.7
"2026-03-02 22:52:02",3896,3250,63266,-36.866562,-71.573997,8.7,123,-1.61,28.1,,1.8
"2026-03-02 22:52:05",3902,3256,63218,-36.866673,-71.573747,8.8,117.5,-1.62,28.3,9.5,1.9
"2026-03-02 22:52:07",3904,3258,63203,0,,6.5,127.2,-1.64,28.5,,1.7
"2026-03-02 22:52:08",3904,3258,63196,-36.866773,-71.573512,8.6,113.8,-1.67,28.55,,1.6
"2026-03-02 22:52:10",3909,3263,63161,0,,6.9,123.2,-1.67,28.65,,1.8
"2026-03-02 22:52:11",3911,3265,63144,-36.866873,-71.573273,8.5,107.8,-1.66,28.75,,1.9
"2026-03-02 22:52:13",3915,3269,63109,0,,6.8,119.1,-1.7,28.95,,1.9
"2026-03-02 22:52:14",3918,3272,63092,-36.866977,-71.57304,8.75,109.6,-1.69,29.05,,1.8
"2026-03-02 22:52:17",3923,3277,63048,-36.867078,-71.572802,8.9,115,-1.72,29.3,,1.8
"2026-03-02 22:52:18",3925,3279,63032,0,,8,131.1,-1.76,29.35,,1.8
"2026-03-02 22:52:19",3927,3281,63017,0,,8.7,108.1,-1.8,29.4,,2
"2026-03-02 22:52:20",3929,3283,63002,-36.86718,-71.572562,8.3,117.1,-1.78,29.45,,2
"2026-03-02 22:52:21",3931,3285,62990,0,,7.7,128,-1.81,29.5,,2
"2026-03-02 22:52:22",3932,3286,62978,0,,8.95,109.5,-1.84,29.5,,1.9
"2026-03-02 22:52:23",3934,3288,62966,-36.867283,-71.572322,8.05,123.5,-1.84,29.6,,1.9
"2026-03-02 22:52:24",3935,3289,62953,0,,7.95,120.2,-1.9,29.65,,1.9
"2026-03-02 22:52:25",3937,3291,62940,0,,9.3,108.2,-1.89,29.65,,1.8
"2026-03-02 22:52:26",3938,3292,62928,-36.867385,-71.572078,7.6,125.7,-1.91,29.7,,1.7
"2026-03-02 22:52:27",3940,3294,62912,0,,7.75,121.2,-1.94,29.75,,1.8
"2026-03-02 22:52:28",3942,3296,62897,0,,9.2,108.9,-1.91,29.85,,1.8
"2026-03-02 22:52:29",3944,3298,62882,-36.867487,-71.571842,7.55,126.6,-1.94,29.95,,1.8
"2026-03-02 22:52:31",3948,3302,62849,0,,9,110.3,-2.02,30.2,,1.8
"2026-03-02 22:52:32",3950,3304,62834,-36.867588,-71.571597,7.2,120.7,-2.05,30.3,9,1.8
"2026-03-02 22:52:33",3952,3306,62820,0,,9.05,121.9,-2.05,30.4,,1.8
"2026-03-02 22:52:34",3954,3308,62807,0,,8.6,112.2,-2.06,30.5,,1.8
"2026-03-02 22:52:35",3955,3309,62794,-36.86769,-71.571352,6.6,122.4,-2.1,30.6,,1.8
"2026-03-02 22:52:36",3957,3311,62784,0,,9.8,116.5,-2.06,30.7,,1.8
"2026-03-02 22:52:37",3958,3312,62775,0,,6.75,121.4,-2.08,30.8,,1.7
"2026-03-02 22:52:38",3959,3313,62766,-36.867798,-71.571107,8.2,120.4,-2.12,30.9,,1.7
"2026-03-02 22:52:39",3961,3315,62749,0,,10.05,113.4,-2.06,31.05,,1.7
"2026-03-02 22:52:40",3963,3317,62731,0,,7.45,119.2,-2.07,31.15,,1.8
"2026-03-02 22:52:41",3966,3320,62714,-36.867902,-71.570852,8.05,119.4,-2.14,31.2,,1.8
"2026-03-02 22:52:42",3968,3322,62698,0,,10.15,108.4,-2.08,31.25,,1.8
"2026-03-02 22:52:43",3970,3324,62682,0,,7.05,129.1,-2.09,31.3,,1.8
"2026-03-02 22:52:44",3972,3326,62666,-36.868,-71.570598,8.7,113.5,-2.14,31.35,,1.8
"2026-03-02 22:52:45",3974,3328,62648,0,,9.3,107.7,-2.14,31.4,,1.8
"2026-03-02 22:52:46",3976,3330,62632,0,,7.35,122.5,-2.17,31.45,,1.8
"2026-03-02 22:52:47",3978,3332,62616,-36.868102,-71.570332,9.85,116.3,-2.23,31.45,,1.9
"2026-03-02 22:52:48",3981,3335,62596,0,,9.3,109.6,-2.26,31.5,,1.9
"2026-03-02 22:52:49",3983,3337,62577,0,,7.05,118.6,-2.29,31.5,,2
"2026-03-02 22:52:50",3985,3339,62558,-36.868193,-71.57007,10.15,113.8,-2.29,31.55,,2.1
"2026-03-02 22:52:51",3987,3341,62545,0,,7.85,111.9,-2.3,31.6,,2.2
"2026-03-02 22:52:52",3989,3343,62532,0,,7.9,118,-2.34,31.6,,2.1
"2026-03-02 22:52:53",3990,3344,62520,-36.868287,-71.569803,10.15,110.6,-2.3,31.65,,2.1
"2026-03-02 22:52:54",3992,3346,62504,0,,8.15,113.7,-2.34,31.65,,2.1
"2026-03-02 22:52:55",3994,3348,62488,0,,8.4,113.2,-2.37,31.65,,2.1
"2026-03-02 22:52:56",3996,3350,62472,-36.868372,-71.569542,9.4,111.1,-2.37,31.75,,2.1
"2026-03-02 22:52:58",4001,3355,62437,0,,9.4,108.9,-2.37,31.8,,2.1
"2026-03-02 22:52:59",4003,3357,62420,-36.868462,-71.569282,9.15,114.6,-2.38,31.8,9,2.1
"2026-03-02 22:53:01",4006,3360,62400,0,,10.6,111.6,-2.41,31.85,,1.9
"2026-03-02 22:53:02",4007,3361,62390,-36.868555,-71.56902,7.9,112.2,-2.43,31.85,,1.8
"2026-03-02 22:53:03",4009,3363,62370,0,,7.35,115.2,-2.46,31.85,,1.9
"2026-03-02 22:53:04",4012,3366,62352,0,,10.4,114.2,-2.46,31.9,,1.9
"2026-03-02 22:53:05",4014,3368,62334,-36.868645,-71.568738,9,105.7,-2.5,31.9,,2
"2026-03-02 22:53:06",4016,3370,62320,0,,8.2,116.7,-2.54,31.9,,2
"2026-03-02 22:53:07",4018,3372,62306,0,,10.65,114.6,-2.53,31.95,,1.9
"2026-03-02 22:53:08",4019,3373,62292,-36.868733,-71.568475,6.9,108,-2.57,31.95,,1.9
"2026-03-02 22:53:09",4021,3375,62279,0,,8.45,113.1,-2.6,32,,1.9
"2026-03-02 22:53:10",4023,3377,62266,0,,9.8,113.3,-2.6,32,,1.8
"2026-03-02 22:53:11",4024,3378,62254,-36.86882,-71.568222,6.5,113.7,-2.59,32.05,,1.8
"2026-03-02 22:53:12",4026,3380,62241,0,,,,-2.61,32.05,,1.8
"2026-03-02 22:53:13",4028,3382,62228,0,,,,-2.61,32.05,,1.8
"2026-03-02 22:53:14",4029,3383,62216,0,,,,-2.61,32,,1.9
"2026-03-02 22:53:16",4034,3388,62178,0,,8.4,127.3,-2.58,31.8,,1.9
"2026-03-02 22:53:17",4036,3390,62160,-36.868995,-71.56772,7.2,107.7,-2.59,31.6,,1.9
"2026-03-02 22:53:18",4038,3392,62146,0,,8.55,105.7,-2.57,31.45,,1.9
"2026-03-02 22:53:19",4040,3394,62132,0,,7.6,121.6,-2.58,31.3,,1.9
"2026-03-02 22:53:20",4042,3396,62118,-36.869072,-71.567462,8.85,107.4,-2.6,31.1,,1.9
"2026-03-02 22:53:21",4044,3398,62099,0,,8.1,109.6,-2.63,31,,1.9
"2026-03-02 22:53:22",4047,3401,62080,0,,7,124.4,-2.65,30.8,,2
"2026-03-02 22:53:23",4049,3403,62062,-36.869153,-71.567212,9.15,105.8,-2.6,30.65,,2
"2026-03-02 22:53:25",4051,3405,62041,0,,7.85,124.1,-2.65,30.35,,2
"2026-03-02 22:53:26",4053,3407,62032,-36.86923,-71.56697,8.4,108,-2.67,30.25,8.75,2
"2026-03-02 22:53:27",4055,3409,62018,0,,8.45,108,-2.69,30.2,,1.9
"2026-03-02 22:53:28",4056,3410,62004,0,,8,120.6,-2.71,30.1,,1.9
"2026-03-02 22:53:29",4058,3412,61990,-36.869302,-71.566737,8.4,103.9,-2.71,30.05,,1.9
"2026-03-02 22:53:30",4061,3415,61968,0,,6,114.1,-2.72,29.9,,1.9
"2026-03-02 22:53:31",4064,3418,61947,0,,8.95,109.8,-2.75,29.85,,2
"2026-03-02 22:53:32",4066,3420,61926,-36.869378,-71.566493,8.05,109.1,-2.75,29.8,,2
"2026-03-02 22:53:33",4069,3423,61908,0,,6.5,115.7,-2.73,29.8,,2
"2026-03-02 22:53:34",4071,3425,61891,0,,8.2,97.8,-2.76,29.75,,2
"2026-03-02 22:53:35",4073,3427,61874,-36.869435,-71.566255,7.65,105.7,-2.76,29.75,,2
"2026-03-02 22:53:36",4075,3429,61862,0,,7.1,117.1,-2.78,29.7,,2
"2026-03-02 22:53:37",4076,3430,61850,0,,7.7,92.9,-2.78,29.75,,1.9
"2026-03-02 22:53:38",4078,3432,61838,-36.869487,-71.566028,7.05,114.2,-2.78,29.75,,2
"2026-03-02 22:53:39",4079,3433,61827,0,,6.6,108.1,-2.78,29.75,,2
"2026-03-02 22:53:40",4080,3434,61817,0,,8.3,98,-2.79,29.75,,2
"2026-03-02 22:53:41",4082,3436,61808,-36.86954,-71.565792,7.4,112.6,-2.8,29.8,,1.9
"2026-03-02 22:53:42",4085,3439,61783,0,,6.75,102.3,-2.79,29.8,,2
"2026-03-02 22:53:43",4088,3442,61757,0,,7.55,100.3,-2.8,29.8,,2.1
"2026-03-02 22:53:44",4091,3445,61732,-36.869587,-71.565548,6.8,114.6,-2.8,29.85,,2.1
"2026-03-02 22:53:45",4094,3448,61715,0,,8.4,98.3,-2.79,29.8,,2.1
"2026-03-02 22:53:46",4096,3450,61698,0,,8,100.3,-2.8,29.85,,2.1
"2026-03-02 22:53:47",4098,3452,61682,-36.869625,-71.565302,6.45,107.1,-2.83,29.85,,2.1
"2026-03-02 22:53:48",4099,3453,61669,0,,8.2,97.6,-2.86,29.85,,2.1
"2026-03-02 22:53:49",4101,3455,61656,0,,6.6,109.8,-2.88,29.85,,2.1
"2026-03-02 22:53:50",4103,3457,61644,-36.869673,-71.565055,7.9,106.6,-2.88,29.85,,2.1
"2026-03-02 22:53:52",4108,3462,61601,0,,6.45,110.3,-2.9,29.9,,2.3
"2026-03-02 22:53:53",4111,3465,61580,-36.869715,-71.5648,8.65,100.6,-2.95,29.9,8.75,2.5
"2026-03-02 22:53:54",4113,3467,61564,0,,8,99.1,-2.95,29.95,,2.3
"2026-03-02 22:53:55",4115,3469,61549,0,,6.5,109.7,-2.96,29.95,,2.2
"2026-03-02 22:53:56",4117,3471,61534,-36.86975,-71.564548,8.6,92,-2.97,30,,2.1
"2026-03-02 22:53:57",4119,3473,61518,0,,7.55,107.4,-2.98,30,,2.1
"2026-03-02 22:53:58",4121,3475,61502,0,,6.2,110.4,-3,30.05,,2.1
"2026-03-02 22:53:59",4123,3477,61486,-36.86979,-71.564303,8.25,88.5,-3.03,30.1,,2.1
"2026-03-02 22:54:01",4126,3480,61460,0,,5.75,101.3,-3.07,30.1,,2.1
"2026-03-02 22:54:02",4128,3482,61448,-36.869828,-71.564052,8.65,90.9,-3.08,30.15,,2.1
"2026-03-02 22:54:03",4130,3484,61430,0,,8.35,108.8,-3.1,30.15,,2.1
"2026-03-02 22:54:04",4133,3487,61413,0,,5.95,90.1,-3.11,30.2,,2.1
"2026-03-02 22:54:05",4135,3489,61396,-36.86987,-71.563797,9.1,103.4,-3.11,30.25,,2
"2026-03-02 22:54:06",4136,3490,61385,0,,7.95,104.7,-3.12,30.3,,1.9
"2026-03-02 22:54:07",4137,3491,61375,0,,6.75,89.3,-3.15,30.3,,1.9
"2026-03-02 22:54:08",4139,3493,61366,-36.869903,-71.563547,7.75,99.2,-3.16,30.4,,1.8
"2026-03-02 22:54:09",4141,3495,61348,0,,8.15,108.8,-3.16,30.45,,1.8
"2026-03-02 22:54:10",4143,3497,61331,0,,7.55,93.5,-3.16,30.45,,1.9
"2026-03-02 22:54:11",4145,3499,61314,-36.869953,-71.563297,7.5,118.3,-3.18,30.5,,1.9
"2026-03-02 22:54:12",4148,3502,61297,0,,8.5,93.8,-3.19,30.55,,1.9
"2026-03-02 22:54:13",4150,3504,61280,0,,7.25,93.6,-3.2,30.6,,1.9
"2026-03-02 22:54:14",4152,3506,61264,-36.869985,-71.563038,7.4,107.9,-3.2,30.65,,2
"2026-03-02 22:54:16",4156,3510,61233,0,,7.1,94.5,-3.27,30.75,,2
"2026-03-02 22:54:17",4158,3512,61218,-36.870023,-71.562785,7.8,111.1,-3.29,30.75,,1.9
"2026-03-02 22:54:19",4164,3518,61173,0,,9.3,92.3,-3.34,30.85,,2.1
"2026-03-02 22:54:20",4166,3520,61152,-36.870057,-71.562507,8.55,107.3,-3.35,30.9,8.25,2.2
"2026-03-02 22:54:21",4169,3523,61129,0,,6.95,91.7,-3.39,30.95,,2.4
"2026-03-02 22:54:22",4172,3526,61106,0,,8.45,107.7,-3.42,31,,2.4
"2026-03-02 22:54:23",4175,3529,61084,-36.870092,-71.56225,7.6,100.9,-3.44,31.05,,2.5
"2026-03-02 22:54:24",4177,3531,61070,0,,7.65,88.2,-3.46,31.05,,2.4
"2026-03-02 22:54:25",4179,3533,61057,0,,9.3,106.5,-3.46,31.05,,2.4
"2026-03-02 22:54:26",4180,3534,61044,-36.870122,-71.561988,6.35,96.9,-3.47,31.1,,2.4
"2026-03-02 22:54:28",4183,3537,61022,0,,9.2,104.3,-3.52,31.15,,2.3
"2026-03-02 22:54:29",4185,3539,61012,-36.870153,-71.561725,6.05,96.1,-3.56,31.15,,2.2
"2026-03-02 22:54:31",4192,3546,60958,0,,7.95,103.7,-3.58,31.15,,2.4
"2026-03-02 22:54:32",4195,3549,60932,-36.870177,-71.561468,6.55,93,-3.61,31.1,,2.4
"2026-03-02 22:54:34",4197,3551,60919,0,,6.95,100.7,-3.63,31.15,,2.1
"2026-03-02 22:54:35",4197,3551,60914,-36.870197,-71.561217,6.65,93.4,-3.64,31.15,,1.9
"2026-03-02 22:54:37",4204,3558,60860,0,,7.05,97.2,-3.67,31.15,,2.1
"2026-03-02 22:54:38",4208,3562,60834,-36.87023,-71.560963,7.05,94.7,-3.67,31.2,,2.3
"2026-03-02 22:54:40",4212,3566,60799,0,,8.3,88,-3.7,31.25,,2.4
"2026-03-02 22:54:41",4215,3569,60782,-36.87026,-71.560715,5.75,104,-3.7,31.25,,2.5
"2026-03-02 22:54:43",4218,3572,60754,0,,7.9,90.2,-3.72,31.3,,2.2
"2026-03-02 22:54:44",4220,3574,60740,-36.870285,-71.560467,6.2,106.1,-3.73,31.3,,2.1
"2026-03-02 22:54:47",4226,3580,60692,-36.870293,-71.56022,7.25,106.1,-3.74,31.25,8,2.4
"2026-03-02 22:54:48",4229,3583,60674,0,,7.95,83.5,-3.75,31.15,,2.4
"2026-03-02 22:54:49",4231,3585,60656,0,,6.85,84.3,-3.74,31.05,,2.4
"2026-03-02 22:54:50",4233,3587,60638,-36.87029,-71.559972,7.7,98,-3.73,30.95,,2.2
"2026-03-02 22:54:51",4236,3590,60618,0,,7.7,85.3,-3.75,30.8,,2.2
"2026-03-02 22:54:52",4239,3593,60598,0,,7.85,90.3,-3.76,30.65,,2.2
"2026-03-02 22:54:53",4241,3595,60578,-36.870288,-71.559715,8.3,98,-3.79,30.55,,2.2
"2026-03-02 22:54:54",4243,3597,60561,0,,6.1,80.8,-3.83,30.45,,2.2
"2026-03-02 22:54:55",4246,3600,60544,0,,9.45,85.8,-3.81,30.35,,2.3
"2026-03-02 22:54:56",4248,3602,60528,-36.870275,-71.559458,7.35,91.9,-3.83,30.25,,2.3
"2026-03-02 22:54:57",4250,3604,60511,0,,6.25,88.2,-3.86,30.15,,2.3
"2026-03-02 22:54:58",4252,3606,60494,0,,9.7,85.2,-3.89,30.1,,2.3
"2026-03-02 22:54:59",4254,3608,60478,-36.870268,-71.559208,6.9,92.1,-3.93,30.05,,2.3
"2026-03-02 22:55:00",4257,3611,60457,0,,5.9,85.3,-3.97,30.05,,2.4
"2026-03-02 22:55:01",4260,3614,60436,0,,9.2,89.6,-3.96,30,,2.4
"2026-03-02 22:55:02",4262,3616,60416,-36.87026,-71.558957,6.5,89.8,-3.97,29.95,,2.4
"2026-03-02 22:55:03",4265,3619,60398,0,,7.2,85.6,-3.98,29.9,,2.4
"2026-03-02 22:55:04",4267,3621,60382,0,,8.85,92.5,-4,29.85,,2.4
"2026-03-02 22:55:05",4269,3623,60366,-36.870248,-71.558702,7.15,79.3,-4.01,29.8,,2.3
"2026-03-02 22:55:06",4271,3625,60352,0,,6.85,93.1,-4,29.8,,2.3
"2026-03-02 22:55:07",4273,3627,60339,0,,8.05,88.7,-4.02,29.75,,2.2
"2026-03-02 22:55:08",4274,3628,60326,-36.87023,-71.558453,7.1,76.1,-4.05,29.75,,2.2
"2026-03-02 22:55:09",4276,3630,60311,0,,7.55,91,-4.07,29.75,,2.2
"2026-03-02 22:55:10",4278,3632,60296,0,,9.15,79.9,-4.08,29.75,,2.2
"2026-03-02 22:55:11",4280,3634,60282,-36.870213,-71.558187,6.9,82.4,-4.09,29.7,,2.2
"2026-03-02 22:55:13",4286,3640,60233,0,,7.45,78.5,-4.15,29.65,,2.2
"2026-03-02 22:55:14",4290,3644,60210,-36.870192,-71.557935,6.95,77.6,-4.15,29.6,7.25,2.3
"2026-03-02 22:55:16",4292,3646,60187,0,,6.6,77,-4.17,29.5,,2.1
"2026-03-02 22:55:17",4294,3648,60176,-36.870177,-71.557692,7.05,81.5,-4.2,29.4,,2.1
"2026-03-02 22:55:18",4297,3651,60156,0,,8.7,92.8,-4.22,29.35,,2.1
"2026-03-02 22:55:19",4299,3653,60137,0,,6.15,81.7,-4.28,29.25,,2.2
"2026-03-02 22:55:20",4302,3656,60118,-36.87016,-71.557433,8.5,81,-4.29,29.2,,2.2
"2026-03-02 22:55:21",4304,3658,60100,0,,7.7,93.7,-4.31,29.2,,2.3
"2026-03-02 22:55:22",4306,3660,60082,0,,5.95,85.9,-4.33,29.15,,2.3
"2026-03-02 22:55:23",4309,3663,60064,-36.870155,-71.557182,8.55,85.3,-4.35,29.05,,2.4
"2026-03-02 22:55:24",4310,3664,60051,0,,7.8,90.9,-4.38,28.9,,2.3
"2026-03-02 22:55:25",4312,3666,60039,0,,7.35,82.7,-4.4,28.75,,2.3
"2026-03-02 22:55:26",4313,3667,60028,-36.870148,-71.556918,8.85,90.8,-4.41,28.65,,2.1
"2026-03-02 22:55:27",4316,3670,60006,0,,7.1,92.5,-4.43,28.5,,2.1
"2026-03-02 22:55:28",4319,3673,59985,0,,8.35,83.6,-4.45,28.4,,2.2
"2026-03-02 22:55:29",4322,3676,59964,-36.870143,-71.556658,8.85,91.7,-4.47,28.25,,2.3
"2026-03-02 22:55:31",4326,3680,59933,0,,7.9,92.6,-4.48,27.95,,2.2
"2026-03-02 22:55:32",4328,3682,59918,-36.870147,-71.556417,8.1,94.9,-4.47,27.85,,2.2
"2026-03-02 22:55:33",4330,3684,59899,0,,6.4,83.3,-4.49,27.65,,2.2
"2026-03-02 22:55:34",4333,3687,59881,0,,8.25,96.4,-4.53,27.5,,2.2
"2026-03-02 22:55:35",4335,3689,59864,-36.870138,-71.556167,7.6,82.5,-4.56,27.4,,2.2
"2026-03-02 22:55:36",4337,3691,59846,0,,6.5,85.1,-4.55,27.3,,2.3
"2026-03-02 22:55:37",4340,3694,59828,0,,8.55,94.9,-4.53,27.1,,2.3
"2026-03-02 22:55:38",4342,3696,59810,-36.870137,-71.555922,6.75,90.9,-4.57,27,,2.4
"2026-03-02 22:55:40",4346,3700,59783,0,,8.65,94,-4.63,26.7,,2.2
"2026-03-02 22:55:41",4347,3701,59770,-36.87013,-71.555675,6,82.8,-4.65,26.55,7,2.1
"2026-03-02 22:55:42",4349,3703,59758,0,,8.55,86.9,-4.66,26.35,,2.1
"2026-03-02 22:55:43",4350,3704,59747,0,,7.6,90.7,-4.66,26.1,,2
"2026-03-02 22:55:44",4352,3706,59736,-36.870127,-71.555425,6.15,83.7,-4.71,25.9,,2
"2026-03-02 22:55:46",4358,3712,59689,0,,7.15,87.7,-4.75,25.6,,2.1
"2026-03-02 22:55:47",4361,3715,59666,-36.870117,-71.555188,6.2,79.4,-4.78,25.4,,2.2
"2026-03-02 22:55:48",4363,3717,59655,0,,7.5,93.4,-4.77,25.2,,2.1
"2026-03-02 22:55:49",4364,3718,59644,0,,7.05,93.9,-4.79,25.05,,2
"2026-03-02 22:55:50",4365,3719,59634,-36.87012,-71.55495,6.05,86.9,-4.8,24.85,,2
"2026-03-02 22:55:51",4369,3723,59610,0,,8.7,91.9,-4.83,24.65,,2
"2026-03-02 22:55:52",4372,3726,59588,0,,6.95,91.7,-4.87,24.35,,2.1
"2026-03-02 22:55:53",4374,3728,59566,-36.870123,-71.554708,6.75,84.1,-4.87,24.15,,2.2
"2026-03-02 22:55:54",4377,3731,59549,0,,8.45,94.2,-4.87,23.95,,2.3
"2026-03-02 22:55:55",4379,3733,59532,0,,5.65,84.8,-4.87,23.75,,2.4
"2026-03-02 22:55:56",4381,3735,59516,-36.87013,-71.554463,8.25,95.5,-4.87,23.45,,2.4
"2026-03-02 22:55:57",4383,3737,59502,0,,7.4,88.1,-4.88,23.25,,2.4
"2026-03-02 22:55:58",4385,3739,59489,0,,5.85,79.6,-4.87,23.05,,2.2
"2026-03-02 22:55:59",4386,3740,59476,-36.870123,-71.554227,7.25,92.5,-4.87,22.8,,2.1
"2026-03-02 22:56:00",4388,3742,59461,0,,8.15,91.3,-4.87,22.55,,2.1
"2026-03-02 22:56:01",4390,3744,59445,0,,5.85,74.6,-4.87,22.35,,2.1
"2026-03-02 22:56:02",4393,3747,59430,-36.870112,-71.55398,8.9,95.2,-4.87,22.15,,2.2
"2026-03-02 22:56:03",4395,3749,59411,0,,6.65,80.3,-4.87,22,,2.3
"2026-03-02 22:56:04",4397,3751,59393,0,,6.5,84.2,-4.87,21.8,,2.2
"2026-03-02 22:56:05",4400,3754,59376,-36.870097,-71.553735,8.65,89.3,-4.87,21.6,,2.2
"2026-03-02 22:56:07",4404,3758,59341,0,,6.55,97.4,-4.88,21.25,,2.1
"2026-03-02 22:56:08",4407,3761,59324,-36.87009,-71.553502,8.1,88.1,-4.88,21.1,6.5,2.1
"2026-03-02 22:56:09",4408,3762,59311,0,,6.35,73.7,-4.88,21,,2.1
"2026-03-02 22:56:10",4410,3764,59297,0,,7.6,101.6,-4.89,20.8,,2.1
"2026-03-02 22:56:11",4412,3766,59284,-36.870078,-71.553272,7.4,82,-4.9,20.7,,2.1
"2026-03-02 22:56:12",4414,3768,59268,0,,6.3,75.6,-4.91,20.65,,2.1
"2026-03-02 22:56:13",4416,3770,59253,0,,8.4,96.7,-4.91,20.5,,2.1
"2026-03-02 22:56:14",4418,3772,59238,-36.870072,-71.553042,5.75,88.2,-4.93,20.4,,2.1
"2026-03-02 22:56:16",4422,3776,59210,0,,8.45,92.4,-4.97,20.15,,2
"2026-03-02 22:56:17",4424,3778,59196,-36.870065,-71.552812,5.1,95.4,-5.02,20.1,,2
"2026-03-02 22:56:18",4425,3779,59186,0,,7.85,75.5,-5.03,20,,1.9
"2026-03-02 22:56:19",4426,3780,59176,0,,7.65,93.9,-5.04,19.9,,1.9
"2026-03-02 22:56:20",4428,3782,59166,-36.870052,-71.552578,5.4,90.7,-5.06,19.8,,1.8
"2026-03-02 22:56:21",4430,3784,59147,0,,8.4,78.4,-5.08,19.7,,1.8
"2026-03-02 22:56:22",4433,3787,59129,0,,7,95,-5.08,19.7,,1.9
"2026-03-02 22:56:23",4435,3789,59112,-36.870048,-71.552347,5.9,96.2,-5.08,19.65,,1.9
"2026-03-02 22:56:24",4438,3792,59091,0,,7.8,77.6,-5.09,19.7,,2
"2026-03-02 22:56:25",4440,3794,59070,0,,7.1,88.3,-5.1,19.7,,2
"2026-03-02 22:56:26",4443,3797,59050,-36.870032,-71.552105,6.35,91.7,-5.1,19.75,,2.1
"2026-03-02 22:56:27",4445,3799,59033,0,,8.55,80.7,-5.1,19.9,,2.1
"2026-03-02 22:56:28",4448,3802,59016,0,,8.55,80.7,-5.09,20.15,,2.1
"2026-03-02 22:56:29",4450,3804,59000,-36.870007,-71.55186,8,90.9,-5.09,20.35,,2.2
"2026-03-02 22:56:31",4454,3808,58967,0,,5.95,86.9,-5.09,20.8,,2.2
"2026-03-02 22:56:32",4456,3810,58952,-36.869985,-71.551618,8.75,92,-5.08,21.1,,2.3
"2026-03-02 22:56:34",4460,3814,58922,0,,6.7,85.9,-5.1,21.75,,2.3
"2026-03-02 22:56:35",4462,3816,58908,-36.86996,-71.551375,8.45,86.3,-5.1,21.95,6,2.3
"2026-03-02 22:56:36",4464,3818,58892,0,,6.9,80.4,-5.12,22.25,,2.3
"2026-03-02 22:56:37",4466,3820,58877,0,,6.05,80.5,-5.14,22.55,,2.2
"2026-03-02 22:56:38",4468,3822,58862,-36.869928,-71.551142,8.6,80.7,-5.17,22.85,,2.2
"2026-03-02 22:56:39",4471,3825,58843,0,,6.1,83.6,-5.19,23.1,,2.1
"2026-03-02 22:56:40",4473,3827,58825,0,,7.8,76.1,-5.2,23.35,,2.1
"2026-03-02 22:56:41",4476,3830,58808,-36.869898,-71.550915,7,79.6,-5.21,23.6,,2.1
"2026-03-02 22:56:42",4477,3831,58797,0,,5.8,86.3,-5.23,23.85,,2.1
"2026-03-02 22:56:43",4478,3832,58786,0,,8,76.2,-5.25,24.1,,2
"2026-03-02 22:56:44",4480,3834,58776,-36.869877,-71.550687,7.05,82.2,-5.27,24.3,,2
"2026-03-02 22:56:45",4482,3836,58756,0,,7.1,82.2,-5.3,24.55,,2
"2026-03-02 22:56:46",4485,3839,58737,0,,5.85,93.4,-5.32,24.8,,2.1
"2026-03-02 22:56:47",4488,3842,58718,-36.869855,-71.55046,6.8,89.3,-5.32,25,,2.1
"2026-03-02 22:56:48",4488,3842,58712,0,,6.1,81.5,-5.36,25.2,,2
"2026-03-02 22:56:49",4489,3843,58707,0,,7.75,67.4,-5.38,25.4,,1.9
"2026-03-02 22:56:50",4490,3844,58702,-36.869828,-71.550235,7.3,96.2,-5.41,25.6,,1.8
"2026-03-02 22:56:51",4492,3846,58687,0,,,,-5.42,25.8,,1.7
"2026-03-02 22:56:52",4494,3848,58673,0,,,,-5.44,26,,1.7
"2026-03-02 22:56:53",4495,3849,58660,0,,,,-5.46,26.2,,1.7
"2026-03-02 22:56:54",4498,3852,58643,0,,6.95,94.6,-5.47,26.45,,1.7
"2026-03-02 22:56:55",4500,3854,58626,0,,7.65,71.1,-5.48,26.65,,1.8
"2026-03-02 22:56:56",4502,3856,58610,-36.86977,-71.549778,6.35,91.1,-5.5,26.85,,1.9
"2026-03-02 22:56:58",4507,3861,58575,0,,6,70.2,-5.51,27.25,,1.8
"2026-03-02 22:56:59",4509,3863,58558,-36.86974,-71.549557,6.05,87.3,-5.51,27.4,,1.8
"2026-03-02 22:57:01",4515,3869,58516,0,,,,-5.52,27.5,,2
"2026-03-02 22:57:02",4518,3872,58496,0,,,,-5.53,27.55,5.75,2.2
"2026-03-02 22:57:04",4521,3875,58467,0,,8.7,80.9,-5.54,27.55,,2.3
"2026-03-02 22:57:05",4523,3877,58454,-36.869677,-71.549092,7.5,81.4,-5.56,27.6,,2.3
"2026-03-02 22:57:06",4525,3879,58438,0,,,,-5.57,27.6,,2.3
"2026-03-02 22:57:07",4527,3881,58423,0,,,,-5.62,27.6,,2.3
"2026-03-02 22:57:08",4529,3883,58408,0,,,,-5.63,27.65,,2.3
"2026-03-02 22:57:10",4533,3887,58382,0,,5.85,79.3,-5.68,27.6,,2.2
"2026-03-02 22:57:11",4534,3888,58370,-36.869598,-71.548635,8.35,67.2,-5.72,27.6,,2.1
"2026-03-02 22:57:13",4539,3893,58334,0,,6,80.2,-5.72,27.55,,2
"2026-03-02 22:57:14",4542,3896,58316,-36.869563,-71.548403,8.85,73.5,-5.7,27.45,,2
"2026-03-02 22:57:17",4548,3902,58266,-36.869522,-71.548172,8.7,79.5,-5.71,27.2,,2.1
"2026-03-02 22:57:19",4552,3906,58236,0,,7.05,76,-5.71,26.95,,2.1
"2026-03-02 22:57:20",4554,3908,58222,-36.869473,-71.547947,8,79.7,-5.74,26.85,,2.1
"2026-03-02 22:57:21",4556,3910,58211,0,,5.1,65.3,-5.76,26.7,,2
"2026-03-02 22:57:22",4557,3911,58200,0,,7.65,81.4,-5.76,26.65,,2
"2026-03-02 22:57:23",4559,3913,58190,-36.869427,-71.547727,7.5,75.9,-5.76,26.6,,2
"2026-03-02 22:57:24",4561,3915,58172,0,,5.1,68.1,-5.77,26.5,,2.1
"2026-03-02 22:57:25",4563,3917,58155,0,,8.3,78.9,-5.7,26.45,,2
"2026-03-02 22:57:26",4566,3920,58138,-36.869377,-71.547505,7.2,71.9,-5.69,26.4,,2
"2026-03-02 22:57:27",4567,3921,58125,0,,,,-5.71,26.3,,2
"2026-03-02 22:57:28",4569,3923,58112,0,,,,-5.69,26.25,,2
"2026-03-02 22:57:29",4571,3925,58100,0,,,,-5.69,26.15,5.5,1.9
"2026-03-02 22:57:30",4573,3927,58088,0,,6.5,70.1,-5.72,26.15,,1.8
"2026-03-02 22:57:31",4574,3928,58076,0,,7.95,65.2,-5.74,26.1,,1.8
"2026-03-02 22:57:32",4576,3930,58064,-36.869282,-71.547095,6,83.6,-5.76,26.05,,1.8
"2026-03-02 22:57:33",4578,3932,58050,0,,6.25,75,-5.78,26.05,,1.8
"2026-03-02 22:57:34",4579,3933,58037,0,,8.2,64,-5.79,26.05,,1.8
"2026-03-02 22:57:35",4581,3935,58024,-36.869223,-71.546875,5.75,77.2,-5.8,26,,1.9
"2026-03-02 22:57:36",4583,3937,58011,0,,6.25,78.5,-5.84,25.95,,1.9
"2026-03-02 22:57:37",4585,3939,57998,0,,8.05,68.2,-5.83,25.95,,1.8
"2026-03-02 22:57:38",4586,3940,57986,-36.869173,-71.54665,5.8,79.2,-5.85,25.9,,1.8
"2026-03-02 22:57:39",4588,3942,57970,0,,7.7,76.2,-5.89,25.9,,1.7
"2026-03-02 22:57:40",4590,3944,57956,0,,7.1,64.3,-5.91,25.85,,1.8
"2026-03-02 22:57:41",4592,3946,57942,-36.869117,-71.54644,4.95,72.6,-5.94,25.8,,1.8
"2026-03-02 22:57:42",4594,3948,57930,0,,7.65,77,-5.94,25.75,,1.8
"2026-03-02 22:57:43",4596,3950,57918,0,,6.05,68.1,-5.95,25.7,,1.8
"2026-03-02 22:57:44",4597,3951,57906,-36.869072,-71.54623,5.65,79.8,-5.96,25.65,,1.8
"2026-03-02 22:57:45",4598,3952,57896,0,,8.05,73.8,-5.96,25.6,,1.8
"2026-03-02 22:57:46",4600,3954,57887,0,,5,67.3,-5.96,25.55,,1.7
"2026-03-02 22:57:47",4601,3955,57878,-36.869018,-71.546015,6.95,74.8,-5.98,25.5,,1.7
"2026-03-02 22:57:48",4603,3957,57862,0,,,,-5.92,25.45,,1.7
"2026-03-02 22:57:49",4605,3959,57847,0,,,,-5.93,25.4,,1.7
"2026-03-02 22:57:50",4607,3961,57832,0,,,,-5.95,25.4,,1.7
"2026-03-02 22:57:51",4610,3964,57815,0,,7.35,70.4,-5.94,25.45,,1.8
"2026-03-02 22:57:52",4612,3966,57798,0,,4.8,81.6,-5.95,25.45,,1.8
"2026-03-02 22:57:53",4614,3968,57782,-36.868937,-71.545602,7,71,-5.99,25.5,,1.8
"2026-03-02 22:57:54",4616,3970,57765,0,,,,-5.98,25.55,,1.9
"2026-03-02 22:57:55",4618,3972,57749,0,,,,-6,25.55,,1.9
"2026-03-02 22:57:56",4621,3975,57734,0,,,,-6,25.65,5.25,1.9
"2026-03-02 22:57:57",4622,3976,57722,0,,7.35,62.1,-6.01,25.75,,2
"2026-03-02 22:57:58",4624,3978,57710,0,,6.05,68.3,-6.03,25.85,,2
"2026-03-02 22:57:59",4626,3980,57698,-36.868827,-71.545193,7.25,67.9,-6.05,25.95,,2
"2026-03-02 22:58:01",4630,3984,57667,0,,6.8,68.6,-6.1,26.15,,2
"2026-03-02 22:58:02",4632,3986,57652,-36.868787,-71.544985,6.55,79.5,-6.1,26.4,,2
"2026-03-02 22:58:03",4634,3988,57636,0,,,,-6.11,26.5,,2
"2026-03-02 22:58:04",4636,3990,57621,0,,,,-6.1,26.6,,2
"2026-03-02 22:58:05",4638,3992,57606,0,,,,-6.12,26.75,,2
"2026-03-02 22:58:06",4640,3994,57593,0,,5.85,81,-6.15,26.9,,2
"2026-03-02 22:58:07",4642,3996,57580,0,,7.35,63.4,-6.15,27.1,,1.9
"2026-03-02 22:58:08",4643,3997,57568,-36.868698,-71.54465,5.45,75.3,-6.15,27.25,,1.9
"2026-03-02 22:58:09",4645,3999,57556,0,,6.7,80.1,-6.16,27.4,,1.9
"2026-03-02 22:58:10",4646,4000,57545,0,,6.9,67.3,-6.18,27.55,,1.9
"2026-03-02 22:58:11",4648,4002,57534,-36.868653,-71.544447,5.45,81.8,-6.19,27.7,,1.9
"2026-03-02 22:58:12",4649,4003,57522,0,,5.95,72.7,-6.2,27.85,,1.8
"2026-03-02 22:58:13",4651,4005,57510,0,,6.4,70.2,-6.19,28.05,,1.8
"2026-03-02 22:58:14",4653,4007,57498,-36.86861,-71.544255,5.15,84.5,-6.2,28.25,,1.8
"2026-03-02 22:58:15",4655,4009,57485,0,,,,-6.21,28.4,,1.7
"2026-03-02 22:58:16",4656,4010,57472,0,,,,-6.24,28.6,,1.7
"2026-03-02 22:58:17",4658,4012,57460,0,,,,-6.26,28.75,,1.7
"2026-03-02 22:58:18",4660,4014,57443,0,,5.35,78.1,-6.24,28.95,,1.7
"2026-03-02 22:58:19",4663,4017,57426,0,,4.95,81.8,-6.26,29.1,,1.7
"2026-03-02 22:58:20",4665,4019,57410,-36.86849,-71.543807,5.85,71.4,-6.29,29.25,,1.8
"2026-03-02 22:58:22",4667,4021,57391,0,,5.25,87.1,-6.3,29.55,,1.7
"2026-03-02 22:58:23",4669,4023,57382,-36.868438,-71.54361,6.05,65,-6.31,29.65,5,1.7
"2026-03-02 22:58:24",4670,4024,57370,0,,,,-6.33,29.85,,1.7
"2026-03-02 22:58:25",4672,4026,57359,0,,,,-6.35,29.95,,1.7
"2026-03-02 22:58:26",4673,4027,57348,0,,,,-6.37,30.05,,1.7
"2026-03-02 22:58:27",4675,4029,57336,0,,6.6,64.7,-6.37,30.15,,1.7
"2026-03-02 22:58:28",4676,4030,57325,0,,6.6,64.7,-6.39,30.25,,1.7
"2026-03-02 22:58:29",4678,4032,57314,-36.868355,-71.54322,6.7,60.5,-6.39,30.35,,1.7
"2026-03-02 22:58:30",4681,4035,57293,0,,6.65,60.5,-6.4,30.45,,1.7
"2026-03-02 22:58:31",4684,4038,57272,0,,5.15,77.8,-6.43,30.55,,1.8
"2026-03-02 22:58:32",4686,4040,57252,-36.868327,-71.543092,7.35,66.4,-6.41,30.7,,1.8
"2026-03-02 22:58:33",4688,4042,57239,0,,7.4,66.4,-6.43,30.75,,1.8
"2026-03-02 22:58:34",4690,4044,57226,0,,4.4,84.5,-6.45,30.85,,1.9
"2026-03-02 22:58:35",4692,4046,57214,-36.868262,-71.542837,7.4,70,-6.44,30.95,,1.9
"2026-03-02 22:58:36",4694,4048,57200,0,,5.1,71.4,-6.48,31,,1.9
"2026-03-02 22:58:37",4696,4050,57186,0,,6.3,85.3,-6.51,31.1,,1.9
"2026-03-02 22:58:38",4697,4051,57172,-36.868217,-71.542648,6.55,64.1,-6.55,31.15,,2
"2026-03-02 22:58:39",4699,4053,57159,0,,4.05,69.6,-6.56,31.3,,2
"2026-03-02 22:58:40",4701,4055,57147,0,,7.1,84,-6.59,31.35,,2
"2026-03-02 22:58:41",4702,4056,57136,-36.86817,-71.542467,5.25,63.5,-6.63,31.5,,2
"2026-03-02 22:58:42",4704,4058,57124,0,,,,-6.65,31.5,,1.9
"2026-03-02 22:58:43",4706,4060,57112,0,,,,-6.63,31.6,,1.8
"2026-03-02 22:58:44",4707,4061,57100,0,,,,-6.64,31.7,,1.7
"2026-03-02 22:58:45",4709,4063,57085,0,,5.2,73.1,-6.64,31.8,,1.8
"2026-03-02 22:58:46",4711,4065,57071,0,,7.25,64,-6.65,31.9,,1.8
"2026-03-02 22:58:47",4713,4067,57058,-36.868072,-71.542112,4.4,77,-6.67,32,,1.8
"2026-03-02 22:58:49",4716,4070,57034,0,,5.85,64.9,-6.68,32.15,,1.7
"2026-03-02 22:58:50",4718,4072,57022,-36.868018,-71.541947,4.2,75.8,-6.68,32.25,4.75,1.7
"2026-03-02 22:58:51",4720,4074,57008,0,,4.2,75.8,-6.68,32.3,,1.7
"2026-03-02 22:58:52",4722,4076,56994,0,,6.15,64.3,-6.69,32.35,,1.8
"2026-03-02 22:58:53",4724,4078,56980,-36.867963,-71.541782,4.3,86.8,-6.7,32.4,,1.8
"2026-03-02 22:58:54",4725,4079,56968,0,,4.3,86.8,-6.7,32.4,,1.8
"2026-03-02 22:58:55",4727,4081,56957,0,,5.75,86,-6.71,32.45,,1.8
"2026-03-02 22:58:56",4728,4082,56946,-36.867907,-71.541615,4.55,74.4,-6.72,32.45,,1.8
"2026-03-02 22:58:57",4730,4084,56932,0,,6.8,52.8,-6.72,32.45,,1.8
"2026-03-02 22:58:58",4732,4086,56918,0,,6.15,86.8,-6.74,32.45,,1.8
"2026-03-02 22:58:59",4734,4088,56904,-36.867843,-71.541438,4.65,61.2,-6.77,32.45,,1.8
"2026-03-02 22:59:01",4738,4092,56879,0,,6.5,82.1,-6.78,32.5,,1.8
"2026-03-02 22:59:02",4739,4093,56868,-36.867777,-71.541258,4.7,52.1,-6.8,32.5,,1.8
"2026-03-02 22:59:03",4740,4094,56859,0,,4.7,52.1,-6.81,32.45,,1.7
"2026-03-02 22:59:04",4742,4096,56850,0,,5.8,87.2,-6.82,32.5,,1.6
"2026-03-02 22:59:05",4743,4097,56842,-36.867745,-71.541138,4.75,56.5,-6.84,32.5,,1.6
"2026-03-02 22:59:06",4744,4098,56834,0,,,,-6.85,32.55,,1.5
"2026-03-02 22:59:07",4745,4099,56826,0,,,,-6.86,32.55,,1.5
"2026-03-02 22:59:08",4746,4100,56818,0,,,,-6.87,32.55,,1.5
"2026-03-02 22:59:09",4748,4102,56801,0,,,,-6.88,32.55,,1.5
"2026-03-02 22:59:10",4751,4105,56785,0,,,,-6.92,32.55,,1.5
"2026-03-02 22:59:11",4753,4107,56770,0,,,,-6.94,32.5,,1.5
"2026-03-02 22:59:12",4755,4109,56750,0,,4.8,80.2,-6.95,32.5,,1.6
"2026-03-02 22:59:13",4758,4112,56731,0,,6.1,69,-6.97,32.5,,1.7
"2026-03-02 22:59:14",4761,4115,56712,-36.867557,-71.540608,6.9,58.1,-6.98,32.45,,1.8
"2026-03-02 22:59:17",4764,4118,56688,-36.867468,-71.54039,5.65,52.5,-7.05,32.45,4.25,1.7
"2026-03-02 22:59:18",4766,4120,56672,0,,4.2,74.2,-7.07,32.4,,1.8
"2026-03-02 22:59:19",4768,4122,56657,0,,7.3,68.9,-7.1,32.4,,1.9
"2026-03-02 22:59:20",4770,4124,56642,-36.867415,-71.54022,4.75,59.7,-7.11,32.35,,2
"2026-03-02 22:59:21",4771,4125,56638,0,,4.4,72.3,-7.13,32.4,,1.9
"2026-03-02 22:59:22",4771,4125,56635,0,,7.35,59.6,-7.16,32.35,,1.8
"2026-03-02 22:59:23",4772,4126,56632,-36.867353,-71.540055,4.3,73,-7.21,32.3,,1.6
"2026-03-02 22:59:24",4774,4128,56614,0,,4.3,73,-7.22,32.3,,1.6
"2026-03-02 22:59:25",4777,4131,56597,0,,6.7,54.2,-7.21,32.25,,1.5
"2026-03-02 22:59:26",4779,4133,56580,-36.8673,-71.539938,5.5,71.8,-7.22,32.25,,1.5
"2026-03-02 22:59:28",4783,4137,56548,0,,6.65,61,-7.26,32.25,,1.6
"2026-03-02 22:59:29",4786,4140,56532,-36.867222,-71.53972,5.1,71.9,-7.26,32.25,,1.7
"2026-03-02 22:59:31",4788,4142,56516,0,,6.6,60.5,-7.29,32.2,,1.6
"2026-03-02 22:59:32",4789,4143,56508,-36.867155,-71.539557,4.45,80,-7.3,32.2,,1.5
"2026-03-02 22:59:34",4794,4148,56470,0,,7.05,55.6,-7.25,32.15,,1.8
"2026-03-02 22:59:35",4797,4151,56452,-36.867113,-71.539448,4.7,71.9,-7.27,32.15,,2
"2026-03-02 22:59:36",4798,4152,56445,0,,,,-7.3,32.15,,2
"2026-03-02 22:59:37",4799,4153,56438,0,,,,-7.29,32.15,,1.9
"2026-03-02 22:59:38",4800,4154,56432,0,,,,-7.28,32.1,,1.8
"2026-03-02 22:59:40",4804,4158,56399,0,,4.8,56.4,-7.31,32.1,,1.8
"2026-03-02 22:59:41",4806,4160,56384,-36.866977,-71.539047,6.35,76.2,-7.31,32.05,,1.8
"2026-03-02 22:59:44",4812,4166,56340,-36.866912,-71.538888,6.4,61.3,-7.34,31.95,4.25,1.9
"2026-03-02 22:59:46",4815,4169,56318,0,,3.85,81.8,-7.38,31.95,,1.9
"2026-03-02 22:59:47",4817,4171,56308,-36.866878,-71.538795,4.85,52.8,-7.39,31.9,,1.7
"2026-03-02 22:59:49",4820,4174,56284,0,,4.7,81.3,-7.41,31.85,,1.8
"2026-03-02 22:59:50",4822,4176,56272,-36.866792,-71.538597,5.4,45.2,-7.42,31.8,,1.9
"2026-03-02 22:59:51",4824,4178,56257,0,,5.3,70.8,-7.46,31.75,,1.9
"2026-03-02 22:59:52",4826,4180,56242,0,,3.9,53.5,-7.46,31.7,,1.8
"2026-03-02 22:59:53",4828,4182,56228,-36.866735,-71.538452,5.6,58.6,-7.47,31.65,,1.8
"2026-03-02 22:59:54",4829,4183,56217,0,,5.6,58.6,-7.47,31.65,,1.8
"2026-03-02 22:59:55",4831,4185,56207,0,,5.15,53.3,-7.48,31.6,,1.7
"2026-03-02 22:59:56",4832,4186,56198,-36.866693,-71.538357,4.6,60.4,-7.48,31.55,,1.6
"2026-03-02 22:59:57",4833,4187,56190,0,,4.55,60.4,-7.49,31.5,,1.6
"2026-03-02 22:59:58",4834,4188,56182,0,,6.15,58.7,-7.49,31.45,,1.6
"2026-03-02 22:59:59",4835,4189,56174,-36.866633,-71.538212,3.85,40.3,-7.49,31.4,,1.6
"2026-03-02 23:00:00",4838,4192,56157,0,,3.85,40.3,-7.51,31.35,,1.6
"2026-03-02 23:00:01",4840,4194,56141,0,,5.6,57.4,-7.51,31.3,,1.6
"2026-03-02 23:00:02",4842,4196,56126,-36.866582,-71.538075,2.9,43.3,-7.51,31.2,,1.7
"2026-03-02 23:00:03",4843,4197,56118,0,,5.65,71.5,-7.54,31.1,,1.6
"2026-03-02 23:00:04",4844,4198,56111,0,,4.2,63.6,-7.56,31,,1.6
"2026-03-02 23:00:05",4845,4199,56104,-36.86651,-71.537905,2.95,54.9,-7.59,30.95,,1.5
"2026-03-02 23:00:06",4848,4202,56084,0,,2.95,54.9,-7.6,30.9,,1.5
"2026-03-02 23:00:07",4851,4205,56065,0,,3.95,82.1,-7.61,30.75,,1.6
"2026-03-02 23:00:08",4853,4207,56046,-36.866455,-71.537775,3.3,52.9,-7.62,30.7,,1.7
"2026-03-02 23:00:10",4857,4211,56020,0,,6.1,52.6,-7.67,30.45,,1.9
"2026-03-02 23:00:11",4859,4213,56008,-36.866408,-71.537652,3.3,66.1,-7.67,30.4,4,1.9
"2026-03-02 23:00:12",4861,4215,55991,0,,5.45,52.1,-7.67,30.35,,2
"2026-03-02 23:00:13",4863,4217,55975,0,,2.85,67,-7.67,30.2,,2
"2026-03-02 23:00:14",4865,4219,55960,-36.86636,-71.53753,3.95,66.5,-7.67,30.15,,2
"2026-03-02 23:00:16",4869,4223,55934,0,,3.1,60.4,-7.67,30,,2
"2026-03-02 23:00:17",4871,4225,55922,-36.866322,-71.537442,5.85,63.3,-7.67,29.9,,2
"2026-03-02 23:00:18",4872,4226,55909,0,,3.6,56.7,-7.67,29.8,,2.1
"2026-03-02 23:00:19",4874,4228,55896,0,,3.6,56.7,-7.67,29.7,,2
"2026-03-02 23:00:20",4876,4230,55884,-36.866267,-71.537322,5.65,56.1,-7.67,29.55,,2
"2026-03-02 23:00:21",4878,4232,55868,0,,4.5,46.2,-7.67,29.5,,1.9
"2026-03-02 23:00:22",4880,4234,55854,0,,4.5,46.2,-7.67,29.35,,1.9
"2026-03-02 23:00:23",4882,4236,55840,-36.866203,-71.537197,5.35,60.9,-7.68,29.25,,2
"2026-03-02 23:00:24",4884,4238,55827,0,,5.35,60.9,-7.69,29.15,,1.9
"2026-03-02 23:00:25",4885,4239,55814,0,,4.5,45.9,-7.69,29,,1.9
"2026-03-02 23:00:26",4887,4241,55802,-36.866122,-71.53704,5,60.5,-7.73,28.95,,1.9
"2026-03-02 23:00:27",4889,4243,55790,0,,5,60.5,-7.75,28.85,,1.8
"2026-03-02 23:00:28",4890,4244,55779,0,,4.2,35.3,-7.76,28.75,,1.8
"2026-03-02 23:00:29",4892,4246,55768,-36.866073,-71.536937,4.25,72.5,-7.78,28.7,,1.8
"2026-03-02 23:00:31",4896,4250,55738,0,,2.55,70.6,-7.82,28.65,,1.8
"2026-03-02 23:00:32",4898,4252,55724,-36.866023,-71.536825,5.65,57.1,-7.83,28.6,,1.9
"2026-03-02 23:00:33",4900,4254,55713,0,,2.55,59.8,-7.84,28.55,,1.8
"2026-03-02 23:00:34",4901,4255,55702,0,,5.85,60.7,-7.83,28.6,,1.8
"2026-03-02 23:00:35",4903,4257,55692,-36.865963,-71.536718,3.55,43.4,-7.84,28.65,,1.7
"2026-03-02 23:00:36",4905,4259,55679,0,,,,-7.88,28.65,,1.7
"2026-03-02 23:00:37",4906,4260,55666,0,,,,-7.89,28.7,,1.7
"2026-03-02 23:00:38",4908,4262,55654,0,,,,-7.89,28.8,3.5,1.7
"2026-03-02 23:00:39",4910,4264,55640,0,,4.25,56.5,-7.91,28.9,,1.8
"2026-03-02 23:00:40",4912,4266,55626,0,,4.25,56.5,-7.96,29,,1.8
"2026-03-02 23:00:41",4914,4268,55612,-36.865867,-71.536533,2.85,29.2,-7.99,29.1,,1.8
"2026-03-02 23:00:42",4915,4269,55605,0,,,,-7.98,29.2,,1.7
"2026-03-02 23:00:43",4916,4270,55599,0,,,,-7.99,29.35,,1.7
"2026-03-02 23:00:44",4916,4270,55594,0,,,,-8,29.4,,1.6
"2026-03-02 23:00:45",4918,4272,55581,0,,3.1,43.9,-8.02,29.5,,1.5
"2026-03-02 23:00:46",4920,4274,55568,0,,4,61.7,-8.04,29.55,,1.6
"2026-03-02 23:00:47",4922,4276,55556,-36.865733,-71.536272,2.7,55.3,-8.06,29.7,,1.6
"2026-03-02 23:00:48",4925,4279,55536,0,,2.7,55.3,-8.07,29.75,,1.7
"2026-03-02 23:00:49",4927,4281,55517,0,,3.2,70.5,-8.07,29.8,,1.7
"2026-03-02 23:00:50",4930,4284,55498,-36.865663,-71.536152,4,46.1,-8.07,29.85,,1.8
"2026-03-02 23:00:51",4932,4286,55485,0,,6,48,-8.08,29.95,,1.8
"2026-03-02 23:00:52",4933,4287,55473,0,,6,48,-8.12,29.95,,1.8
"2026-03-02 23:00:53",4935,4289,55462,-36.865595,-71.53604,4.15,42.9,-8.11,30.05,,1.8
"2026-03-02 23:00:54",4937,4291,55446,0,,5.5,56.9,-8.12,30.1,,1.8
"2026-03-02 23:00:55",4939,4293,55431,0,,3.05,65,-8.12,30.2,,1.9
"2026-03-02 23:00:56",4942,4296,55416,-36.865527,-71.53592,4.3,50,-8.14,30.25,,2
"2026-03-02 23:00:57",4944,4298,55401,0,,4.3,50,-8.16,30.3,,2.1
"2026-03-02 23:00:58",4946,4300,55386,0,,3.05,58.5,-8.17,30.4,,2.1
"2026-03-02 23:00:59",4948,4302,55372,-36.865482,-71.535847,4.65,49.2,-8.17,30.5,,2.1
"2026-03-02 23:01:00",4950,4304,55358,0,,4.65,51.6,-8.17,30.6,,2.1
"2026-03-02 23:01:01",4951,4305,55345,0,,4.65,51.6,-8.18,30.75,,2
"2026-03-02 23:01:02",4953,4307,55332,-36.865405,-71.535718,5.95,50.4,-8.19,30.8,,1.9
"2026-03-02 23:01:04",4957,4311,55306,0,,3.3,39,-8.21,31,,1.9
"2026-03-02 23:01:05",4959,4313,55294,-36.865332,-71.535597,5.2,47.1,-8.22,31.05,3.25,2
"2026-03-02 23:01:06",4960,4314,55281,0,,5.15,47.1,-8.26,31.1,,1.9
"2026-03-02 23:01:07",4962,4316,55269,0,,5.4,60.8,-8.27,31.15,,1.9
"2026-03-02 23:01:08",4964,4318,55258,-36.865238,-71.535438,4.8,52.9,-8.28,31.2,,1.8
"2026-03-02 23:01:09",4965,4319,55250,0,,3.45,52.8,-8.29,31.25,,1.8
"2026-03-02 23:01:10",4966,4320,55243,0,,5.95,47.7,-8.31,31.35,,1.7
"2026-03-02 23:01:11",4967,4321,55236,-36.86517,-71.535315,3.85,62.3,-8.34,31.4,,1.6
"2026-03-02 23:01:12",4969,4323,55218,0,,,,-8.36,31.45,,1.7
"2026-03-02 23:01:13",4972,4326,55201,0,,,,-8.38,31.55,,1.7
"2026-03-02 23:01:14",4974,4328,55184,0,,,,-8.4,31.6,,1.7
"2026-03-02 23:01:16",4976,4330,55173,0,,5.55,51.9,-8.43,31.75,,1.6
"2026-03-02 23:01:17",4976,4330,55168,-36.865032,-71.535073,3.6,62.2,-8.45,31.8,,1.5
"2026-03-02 23:01:18",4978,4332,55155,0,,3.6,62.2,-8.46,31.85,,1.5
"2026-03-02 23:01:19",4980,4334,55142,0,,5.65,37.5,-8.48,31.9,,1.5
"2026-03-02 23:01:20",4982,4336,55130,-36.864978,-71.53499,4.05,80.8,-8.5,31.95,,1.5
"2026-03-02 23:01:21",4985,4339,55110,0,,4.05,80.8,-8.52,32,,1.6
"2026-03-02 23:01:22",4987,4341,55091,0,,5.05,61,-8.53,32.15,,1.8
"2026-03-02 23:01:23",4990,4344,55072,-36.864908,-71.534865,3.8,70.3,-8.56,32.2,,1.9
"2026-03-02 23:01:24",4992,4346,55058,0,,,,-8.58,32.25,,1.9
"2026-03-02 23:01:25",4994,4348,55045,0,,,,-8.59,32.3,,1.9
"2026-03-02 23:01:26",4996,4350,55032,0,,,,-8.59,32.4,,1.8
"2026-03-02 23:01:27",4998,4352,55016,0,,4.2,58.7,-8.62,32.5,,1.8
"2026-03-02 23:01:28",5000,4354,55001,0,,3.7,68.9,-8.63,32.6,,1.8
"2026-03-02 23:01:29",5002,4356,54986,-36.864727,-71.534573,5.15,63.1,-8.64,32.65,,2
"2026-03-02 23:01:32",5008,4362,54948,-36.864645,-71.534443,6.75,55,-8.66,32.85,3,2.1
"2026-03-02 23:01:33",5010,4364,54933,0,,4.3,40.2,-8.67,32.85,,2.1
"2026-03-02 23:01:34",5012,4366,54919,0,,3.75,64.9,-8.69,32.95,,2
"2026-03-02 23:01:35",5014,4368,54906,-36.864562,-71.534313,6.75,44.1,-8.72,33,,2
"2026-03-02 23:01:36",5015,4369,54895,0,,,,-8.73,33,,1.9
"2026-03-02 23:01:37",5017,4371,54884,0,,,,-8.75,33.1,,1.9
"2026-03-02 23:01:38",5018,4372,54874,0,,,,-8.77,33.15,,1.9
"2026-03-02 23:01:39",5020,4374,54860,0,,3.7,72.6,-8.8,33.25,,1.8
"2026-03-02 23:01:40",5022,4376,54847,0,,4.85,46.1,-8.81,33.35,,1.8
"2026-03-02 23:01:41",5024,4378,54834,-36.864395,-71.534062,6.15,40.5,-8.87,33.5,,1.8
"2026-03-02 23:01:42",5026,4380,54819,0,,6.1,40.5,-8.87,33.6,,1.8
"2026-03-02 23:01:43",5028,4382,54804,0,,5.6,36.4,-8.89,33.75,,1.8
"2026-03-02 23:01:44",5030,4384,54790,-36.864333,-71.533982,4.7,39.6,-8.9,33.85,,1.9
"2026-03-02 23:01:45",5031,4385,54779,0,,3.9,70.5,-8.93,33.9,,1.8
"2026-03-02 23:01:46",5033,4387,54768,0,,6,39.3,-8.96,34.05,,1.8
"2026-03-02 23:01:47",5035,4389,54758,-36.86425,-71.533862,5.6,40.7,-8.95,34.15,,1.8
"2026-03-02 23:01:48",5035,4389,54754,0,,3.6,64.7,-8.95,34.3,,1.7
"2026-03-02 23:01:49",5036,4390,54750,0,,5.5,45.2,-8.96,34.4,,1.6
"2026-03-02 23:01:50",5036,4390,54746,-36.864152,-71.533712,4.25,39,-9,34.5,,1.5
"2026-03-02 23:01:51",5039,4393,54726,0,,,,-9.05,34.6,,1.6
"2026-03-02 23:01:52",5042,4396,54706,0,,,,-9.06,34.7,,1.7
"2026-03-02 23:01:53",5045,4399,54686,0,,,,-9.06,34.8,,1.8
"2026-03-02 23:01:54",5045,4399,54681,0,,3.2,69.8,-9.09,34.9,,1.7
"2026-03-02 23:01:55",5046,4400,54676,0,,3.2,69.8,-9.14,35,,1.6
"2026-03-02 23:01:56",5047,4401,54672,-36.864023,-71.533507,3.6,42.7,-9.18,35.1,,1.5
"2026-03-02 23:01:59",5053,4407,54626,-36.863928,-71.53335,3,59.8,-9.2,35.35,2.5,1.6
"2026-03-02 23:02:01",5058,4412,54591,0,,5.15,60.2,-9.24,35.5,,1.9
"2026-03-02 23:02:02",5061,4415,54574,-36.863852,-71.533227,3.7,54.1,-9.25,35.6,,2
"2026-03-02 23:02:04",5065,4419,54544,0,,5.4,38.1,-9.29,35.75,,2
"2026-03-02 23:02:05",5067,4421,54530,-36.863805,-71.53315,3.8,35.9,-9.3,35.85,,1.9
"2026-03-02 23:02:06",5069,4423,54517,0,,,,-9.31,35.9,,1.9
"2026-03-02 23:02:07",5071,4425,54504,0,,,,-9.32,36,,2
"2026-03-02 23:02:08",5072,4426,54492,0,,,,-9.34,36.05,,2.1
"2026-03-02 23:02:10",5077,4431,54462,0,,4.85,33.2,-9.34,36.2,,2.1
"2026-03-02 23:02:11",5079,4433,54448,-36.86365,-71.53292,4.85,42.1,-9.37,36.25,,2.1
"2026-03-02 23:02:13",5082,4436,54425,0,,3.8,70.9,-9.39,36.3,,2
"2026-03-02 23:02:14",5083,4437,54414,-36.863543,-71.532782,4.3,33.3,-9.4,36.35,,2
"2026-03-02 23:02:17",5089,4443,54378,-36.863492,-71.532712,4.85,34.6,-9.46,36.45,,1.8
"2026-03-02 23:02:19",5092,4446,54352,0,,3.35,68.3,-9.47,36.55,,1.8
"2026-03-02 23:02:20",5094,4448,54340,-36.86337,-71.532598,5.35,30.8,-9.48,36.6,,1.8
"2026-03-02 23:02:21",5096,4450,54325,0,,4.35,43.5,-9.5,36.6,,1.8
"2026-03-02 23:02:22",5098,4452,54311,0,,4,62.7,-9.51,36.6,,1.8
"2026-03-02 23:02:23",5100,4454,54298,-36.86329,-71.532493,5.4,30.2,-9.53,36.65,,1.8
"2026-03-02 23:02:25",5104,4458,54272,0,,,,-9.54,36.65,,1.8
"2026-03-02 23:02:26",5105,4459,54260,0,,,,-9.55,36.65,2,1.8
"2026-03-02 23:02:27",5107,4461,54247,0,,,,-9.56,36.65,,1.8
"2026-03-02 23:02:28",5109,4463,54235,0,,,,-9.56,36.7,,1.8
"2026-03-02 23:02:29",5111,4465,54224,0,,,,-9.56,36.7,,1.8
"2026-03-02 23:02:30",5112,4466,54214,0,,,,-9.59,36.65,,1.8
"2026-03-02 23:02:31",5113,4467,54204,0,,,,-9.61,36.65,,1.8
"2026-03-02 23:02:32",5115,4469,54194,0,,,,-9.63,36.65,,1.7
"2026-03-02 23:02:33",5117,4471,54179,0,,3.9,42.9,-9.65,36.65,,1.8
"2026-03-02 23:02:34",5119,4473,54165,0,,6.3,33.7,-9.66,36.65,,1.8
"2026-03-02 23:02:35",5121,4475,54152,-36.862953,-71.53213,3.6,48,-9.67,36.65,,1.8
"2026-03-02 23:02:36",5122,4476,54144,0,,3.3,32.6,-9.69,36.65,,1.7
"2026-03-02 23:02:37",5123,4477,54136,0,,3.3,32.6,-9.71,36.65,,1.6
"2026-03-02 23:02:38",5124,4478,54128,-36.862887,-71.53207,3.65,36.4,-9.74,36.65,,1.6
"2026-03-02 23:02:39",5126,4480,54117,0,,,,-9.75,36.65,,1.6
"2026-03-02 23:02:40",5127,4481,54106,0,,,,-9.75,36.65,,1.5
"2026-03-02 23:02:41",5129,4483,54096,0,,,,-9.77,36.65,,1.5
"2026-03-02 23:02:42",5131,4485,54079,0,,3.2,34.9,-9.78,36.6,,1.6
"2026-03-02 23:02:43",5134,4488,54063,0,,3.2,34.9,-9.79,36.6,,1.7
"2026-03-02 23:02:44",5136,4490,54048,-36.862693,-71.531868,2.85,31.8,-9.79,36.65,,1.7
"2026-03-02 23:02:45",5137,4491,54036,0,,4.8,47.3,-9.82,36.65,,1.7
"2026-03-02 23:02:46",5139,4493,54025,0,,4.8,47.3,-9.83,36.65,,1.7
"2026-03-02 23:02:47",5141,4495,54014,-36.862628,-71.531812,3.05,30.2,-9.84,36.7,,1.6
"2026-03-02 23:02:48",5143,4497,53995,0,,,,-9.85,36.65,,1.8
"2026-03-02 23:02:49",5146,4500,53977,0,,,,-9.86,36.7,,1.9
"2026-03-02 23:02:50",5148,4502,53960,0,,,,-9.88,36.7,,2
"2026-03-02 23:02:52",5153,4507,53929,0,,3.2,10.5,-9.92,36.75,,2.1
"2026-03-02 23:02:53",5155,4509,53914,-36.862448,-71.531637,4.55,51.6,-9.94,36.75,1.5,2.1
"2026-03-02 23:02:54",5157,4511,53901,0,,5.7,36.9,-9.95,36.8,,2.1
"2026-03-02 23:02:55",5159,4513,53889,0,,4.15,15.1,-9.96,36.85,,2.1
"2026-03-02 23:02:56",5160,4514,53878,-36.862317,-71.531508,4.05,47.1,-9.98,36.85,,2.1
"2026-03-02 23:02:57",5162,4516,53864,0,,5.35,44.9,-10,36.85,,2.1
"2026-03-02 23:02:58",5164,4518,53851,0,,5.35,44.9,-10.03,36.9,,2.1
"2026-03-02 23:02:59",5166,4520,53838,-36.862248,-71.531448,5.2,60.1,-10.04,36.95,,2.1
"2026-03-02 23:03:00",5168,4522,53823,0,,,,-10.06,37,,2.1
"2026-03-02 23:03:01",5170,4524,53808,0,,,,-10.08,37,,2.1
"2026-03-02 23:03:02",5172,4526,53794,0,,,,-10.09,37.05,,2
"2026-03-02 23:03:03",5174,4528,53781,0,,5.8,55.2,-10.12,37.05,,2
"2026-03-02 23:03:04",5176,4530,53768,0,,5.8,55.2,-10.13,37.15,,1.9
"2026-03-02 23:03:05",5178,4532,53756,-36.862013,-71.531218,6.4,46.3,-10.15,37.15,,1.9
"2026-03-02 23:03:06",5179,4533,53744,0,,,,-10.19,37.25,,1.9
"2026-03-02 23:03:07",5181,4535,53732,0,,,,-10.2,37.3,,1.9
"2026-03-02 23:03:08",5183,4537,53720,0,,,,-10.23,37.35,,1.9
"2026-03-02 23:03:09",5185,4539,53706,0,,,,-10.24,37.35,,1.9
"2026-03-02 23:03:10",5187,4541,53693,0,,,,-10.25,37.4,,1.9
"2026-03-02 23:03:11",5189,4543,53680,0,,,,-10.26,37.45,,1.9
"2026-03-02 23:03:12",5191,4545,53667,0,,,,-10.28,37.5,,1.9
"2026-03-02 23:03:13",5192,4546,53654,0,,,,-10.29,37.5,,1.9
"2026-03-02 23:03:14",5194,4548,53642,0,,,,-10.32,37.55,,1.9
"2026-03-02 23:03:16",5198,4552,53616,0,,5.2,49.8,-10.36,37.6,,1.8
"2026-03-02 23:03:17",5200,4554,53604,-36.861608,-71.530868,4.95,31.6,-10.39,37.65,,1.8
"2026-03-02 23:03:19",5204,4558,53577,0,,3.95,11.1,-10.45,37.7,,1.9
"2026-03-02 23:03:20",5205,4559,53564,-36.861543,-71.5308,4.15,41.7,-10.51,37.75,0.75,1.9
"2026-03-02 23:03:21",5208,4562,53549,0,,3.95,23.7,-10.51,37.75,,1.9
"2026-03-02 23:03:22",5210,4564,53534,0,,6.2,44.8,-10.53,37.8,,1.9
"2026-03-02 23:03:23",5212,4566,53520,-36.861413,-71.530695,3.45,19.2,-10.55,37.85,,1.9
"2026-03-02 23:03:24",5214,4568,53506,0,,4.25,32.1,-10.57,37.95,,1.9
"2026-03-02 23:03:25",5216,4570,53492,0,,5.8,45.2,-10.59,37.95,,2
"2026-03-02 23:03:26",5218,4572,53478,-36.861313,-71.530605,3.55,20,-10.6,38,,2
"2026-03-02 23:03:27",5220,4574,53464,0,,,,-10.62,38,,2
"2026-03-02 23:03:28",5222,4576,53450,0,,,,-10.64,38,,2
"2026-03-02 23:03:29",5224,4578,53436,0,,,,-10.65,38.05,,2
"2026-03-02 23:03:30",5225,4579,53425,0,,4.45,40.4,-10.66,38.15,,2
"2026-03-02 23:03:31",5227,4581,53415,0,,4.7,49.6,-10.67,38.2,,1.9
"2026-03-02 23:03:32",5228,4582,53406,-36.86112,-71.530412,4.6,17.9,-10.7,38.2,,1.9
"2026-03-02 23:03:33",5230,4584,53392,0,,5.25,57.9,-10.72,38.2,,1.9
"2026-03-02 23:03:34",5232,4586,53379,0,,4.75,30.8,-10.73,38.2,,1.9
"2026-03-02 23:03:35",5234,4588,53366,-36.861023,-71.530303,4.25,32.3,-10.74,38.25,,1.9
"2026-03-02 23:03:36",5235,4589,53358,0,,5.55,53.4,-10.77,38.3,,1.8
"2026-03-02 23:03:37",5236,4590,53351,0,,3.95,20.6,-10.79,38.3,,1.7
"2026-03-02 23:03:38",5237,4591,53344,-36.860925,-71.530217,4.05,26.7,-10.81,38.35,,1.6
"2026-03-02 23:03:39",5240,4594,53326,0,,5.8,51.3,-10.82,38.4,,1.6
"2026-03-02 23:03:40",5242,4596,53310,0,,3.5,27.2,-10.84,38.4,,1.7
"2026-03-02 23:03:41",5244,4598,53294,-36.860828,-71.530128,4.15,22,-10.86,38.45,,1.7
"2026-03-02 23:03:42",5247,4601,53277,0,,5.9,47.7,-10.91,38.5,,1.8
"2026-03-02 23:03:43",5249,4603,53259,0,,5.9,47.7,-10.95,38.5,,1.9
"2026-03-02 23:03:44",5252,4606,53242,-36.860762,-71.530072,5.25,29,-10.98,38.55,,2
"2026-03-02 23:03:46",5254,4608,53226,0,,,,-11.03,38.6,,1.9
"2026-03-02 23:03:47",5256,4610,53218,0,,,,-11.04,38.65,0.5,1.8
"2026-03-02 23:03:48",5259,4613,53196,0,,,,-11.08,38.65,,2
"2026-03-02 23:03:49",5262,4616,53176,0,,,,-11.11,38.7,,2.1
"2026-03-02 23:03:50",5265,4619,53156,0,,,,-11.11,38.7,,2.3
"2026-03-02 23:03:51",5266,4620,53148,0,,4,40.3,-11.11,38.75,,2.2
"2026-03-02 23:03:52",5267,4621,53140,0,,5.05,35.9,-11.15,38.75,,2.1
"2026-03-02 23:03:53",5268,4622,53132,-36.860412,-71.529763,5.95,38.5,-11.16,38.8,,2
"2026-03-02 23:03:54",5270,4624,53116,0,,,,-11.17,38.85,,2
"2026-03-02 23:03:55",5272,4626,53101,0,,,,-11.18,38.85,,2
"2026-03-02 23:03:56",5275,4629,53086,0,,,,-11.19,38.9,,1.9
"2026-03-02 23:03:57",5276,4630,53074,0,,5.25,36.9,-11.22,38.9,,1.9
"2026-03-02 23:03:58",5278,4632,53063,0,,4.8,54.7,-11.22,38.9,,2
"2026-03-02 23:03:59",5280,4634,53052,-36.860207,-71.529592,5.4,26.5,-11.25,38.95,,2
"2026-03-02 23:04:01",5284,4638,53022,0,,4.4,52.9,-11.26,38.95,,1.9
"2026-03-02 23:04:02",5286,4640,53008,-36.860112,-71.529512,4.65,22.1,-11.26,38.95,,1.9
"2026-03-02 23:04:03",5288,4642,52994,0,,,,-11.27,38.95,,1.9
"2026-03-02 23:04:04",5290,4644,52981,0,,,,-11.25,38.95,,1.9
"2026-03-02 23:04:05",5292,4646,52968,0,,,,-11.26,39,,2
"2026-03-02 23:04:06",5294,4648,52950,0,,3.1,23.6,-11.27,39.05,,2
"2026-03-02 23:04:07",5297,4651,52933,0,,4.6,46.4,-11.28,39.05,,2
"2026-03-02 23:04:08",5299,4653,52916,-36.859955,-71.529362,2.85,20.9,-11.31,39.1,,2.1
"2026-03-02 23:04:09",5300,4654,52909,0,,5.95,32.3,-11.33,39.05,,2
"2026-03-02 23:04:10",5301,4655,52902,0,,3.8,47.9,-11.37,39.05,,1.9
"2026-03-02 23:04:11",5302,4656,52896,-36.859825,-71.529245,3.6,29.1,-11.41,39.1,,1.9
"2026-03-02 23:04:12",5305,4659,52878,0,,,,-11.34,39.1,,1.9
"2026-03-02 23:04:13",5307,4661,52861,0,,,,-11.38,39.15,,2
"2026-03-02 23:04:14",5310,4664,52844,0,,,,-11.45,39.15,0.25,2
"2026-03-02 23:04:15",5313,4667,52824,0,,,,-11.45,39.15,,2.1
"2026-03-02 23:04:16",5316,4670,52805,0,,,,-11.5,39.15,,2.1
"2026-03-02 23:04:17",5318,4672,52786,0,,,,-11.53,39.2,,2.2
"2026-03-02 23:04:18",5320,4674,52773,0,,4,39.3,-11.57,39.15,,2.2
"2026-03-02 23:04:19",5322,4676,52760,0,,4.35,7.7,-11.58,39.2,,2.1
"2026-03-02 23:04:20",5324,4678,52748,-36.859525,-71.528983,4.85,47,-11.58,39.2,,2.1
"2026-03-02 23:04:21",5326,4680,52731,0,,5.2,38.6,-11.58,39.25,,2.2
"2026-03-02 23:04:22",5329,4683,52715,0,,3.9,2.5,-11.62,39.25,,2.3
"2026-03-02 23:04:23",5331,4685,52700,-36.859427,-71.528897,5.4,49.5,-11.62,39.25,,2.4
"2026-03-02 23:04:24",5332,4686,52691,0,,,,-11.63,39.3,,2.3
"2026-03-02 23:04:25",5333,4687,52682,0,,,,-11.67,39.3,,2.2
"2026-03-02 23:04:26",5335,4689,52674,0,,,,-11.73,39.35,,2.1
"2026-03-02 23:04:28",5339,4693,52644,0,,5.55,44,-11.72,39.4,,2
"2026-03-02 23:04:29",5341,4695,52630,-36.859265,-71.528752,5.65,41,-11.75,39.35,,2
"2026-03-02 23:04:31",5346,4700,52595,0,,3.25,31.4,-11.77,39.45,,2
"2026-03-02 23:04:32",5349,4703,52578,-36.85913,-71.528642,6.35,32.8,-11.78,39.45,,2.1
"2026-03-02 23:04:33",5350,4704,52571,0,,,,-11.8,39.5,,2
"2026-03-02 23:04:34",5351,4705,52564,0,,,,-11.82,39.5,,1.8
"2026-03-02 23:04:35",5352,4706,52558,0,,,,-11.87,39.45,,1.7
"2026-03-02 23:04:37",5358,4712,52511,0,,5.45,26.9,-11.89,39.55,,2.1
"2026-03-02 23:04:38",5362,4716,52488,-36.858928,-71.528458,5.85,26.2,-11.89,39.55,,2.3
"2026-03-02 23:04:41",5369,4723,52438,-36.858843,-71.528373,5.25,39,-11.97,39.55,0,2.3
"2026-03-02 23:04:43",5373,4727,52414,0,,5.1,17.5,-11.99,39.55,,2.3
"2026-03-02 23:04:44",5374,4728,52402,-36.858737,-71.528293,5.35,33.8,-12,39.6,,2.2
"2026-03-02 23:04:46",5378,4732,52375,0,,,,-12.07,39.6,,2.2
"2026-03-02 23:04:47",5380,4734,52362,0,,,,-12.1,39.6,,2.3
"2026-03-02 23:04:48",5382,4736,52348,0,,4.3,32.6,-12.12,39.6,,2.4
"2026-03-02 23:04:49",5384,4738,52335,0,,4.4,19.5,-12.15,39.65,,2.3
"2026-03-02 23:04:50",5386,4740,52322,-36.858583,-71.528178,3,35.2,-12.18,39.65,,2.1
"2026-03-02 23:04:51",5388,4742,52309,0,,5.65,43.4,-12.19,39.6,,2
"2026-03-02 23:04:52",5390,4744,52296,0,,5.3,27.4,-12.22,39.65,,2
"2026-03-02 23:04:53",5392,4746,52284,-36.858455,-71.528057,2.8,32.3,-12.28,39.65,,1.9
"2026-03-02 23:04:54",5394,4748,52270,0,,,,-12.26,39.7,,1.9
"2026-03-02 23:04:55",5396,4750,52256,0,,,,-12.29,39.65,,1.9
"2026-03-02 23:04:56",5398,4752,52242,0,,,,-12.33,39.7,,1.9
"2026-03-02 23:04:57",5400,4754,52227,0,,4.95,47.7,-12.33,39.75,,2
"2026-03-02 23:04:58",5402,4756,52212,0,,2.5,25.7,-12.34,39.75,,2
"2026-03-02 23:04:59",5404,4758,52198,-36.858253,-71.527863,5.55,45.3,-12.37,39.7,,2
"2026-03-02 23:05:00",5408,4762,52176,0,,5.55,45.3,-12.39,39.7,,2.1
"2026-03-02 23:05:01",5411,4765,52154,0,,3.4,27.7,-12.41,39.65,,2.2
"2026-03-02 23:05:02",5414,4768,52132,-36.85819,-71.527803,6,48,-12.39,39.6,,2.3
"2026-03-02 23:05:03",5415,4769,52126,0,,4.35,25.7,-12.4,39.5,,2.2
"2026-03-02 23:05:04",5416,4770,52121,0,,3.45,47.4,-12.42,39.45,,2.1
"2026-03-02 23:05:05",5417,4771,52116,-36.858063,-71.527663,6.8,42.9,-12.41,39.35,,2
"2026-03-02 23:05:06",5419,4773,52096,0,,,,-12.43,39.25,,2.1
"2026-03-02 23:05:07",5422,4776,52077,0,,,,-12.44,39.1,,2.2
"2026-03-02 23:05:08",5425,4779,52058,0,,,,-12.41,39,-0.25,2.3
"2026-03-02 23:05:09",5426,4780,52048,0,,3.9,46,-12.41,38.85,,2.2
"2026-03-02 23:05:10",5428,4782,52039,0,,4.25,44.5,-12.41,38.65,,2.1
"2026-03-02 23:05:11",5429,4783,52030,-36.857887,-71.527442,6.2,38,-12.4,38.45,,2.1
"2026-03-02 23:05:12",5432,4786,52012,0,,4.4,70.2,-12.39,38.15,,2
"2026-03-02 23:05:13",5434,4788,51995,0,,4.9,40.2,-12.39,37.95,,1.9
"2026-03-02 23:05:14",5437,4791,51978,-36.857802,-71.527317,5.9,40.6,-12.37,37.65,,1.9
"2026-03-02 23:05:16",5443,4797,51938,0,,5.65,36.3,-12.39,37.1,,2.1
"2026-03-02 23:05:17",5446,4800,51918,-36.857725,-71.527187,5.2,51.2,-12.37,36.75,,2.3
"2026-03-02 23:05:18",5448,4802,51903,0,,5.25,51.2,-12.37,36.45,,2.4
"2026-03-02 23:05:19",5450,4804,51888,0,,5.25,32.8,-12.39,36.05,,2.3
"2026-03-02 23:05:20",5452,4806,51874,-36.857668,-71.5271,6.05,61.5,-12.39,35.75,,2.3
"2026-03-02 23:05:21",5454,4808,51860,0,,6.05,61.5,-12.4,35.4,,2.2
"2026-03-02 23:05:22",5456,4810,51847,0,,5.15,32,-12.4,35.05,,2.3
"2026-03-02 23:05:23",5458,4812,51834,-36.857577,-71.52693,5.5,71.4,-12.4,34.65,,2.3
"2026-03-02 23:05:24",5460,4814,51819,0,,3.8,47.3,-12.4,34.3,,2.4
"2026-03-02 23:05:25",5462,4816,51804,0,,4.8,38,-12.4,33.9,,2.4
"2026-03-02 23:05:26",5465,4819,51790,-36.857505,-71.526807,5.05,66.9,-12.42,33.55,,2.3
"2026-03-02 23:05:27",5467,4821,51777,0,,4.25,55.9,-12.44,33.15,,2.3
"2026-03-02 23:05:28",5468,4822,51764,0,,4.6,39.6,-12.46,32.8,,2.1
"2026-03-02 23:05:29",5470,4824,51752,-36.857438,-71.526692,3.4,73.5,-12.48,32.4,,2
"2026-03-02 23:05:31",5474,4828,51727,0,,3.35,42.9,-12.49,31.7,,2
"2026-03-02 23:05:32",5476,4830,51716,-36.857377,-71.526562,4.2,76.1,-12.52,31.35,,1.9
"2026-03-02 23:05:34",5480,4834,51684,0,,2.8,61.1,-12.52,30.65,,2
"2026-03-02 23:05:35",5483,4837,51668,-36.857315,-71.526423,4.6,66.8,-12.57,30.25,-1,2
"2026-03-02 23:05:36",5484,4838,51657,0,,,,-12.57,29.85,,2
"2026-03-02 23:05:37",5486,4840,51647,0,,,,-12.59,29.45,,1.9
"2026-03-02 23:05:38",5487,4841,51638,0,,,,-12.61,29.05,,1.9
"2026-03-02 23:05:39",5490,4844,51620,0,,4.35,61,-12.61,28.65,,1.9
"2026-03-02 23:05:40",5492,4846,51603,0,,4.35,61,-12.62,28.25,,2
"2026-03-02 23:05:41",5495,4849,51586,-36.857192,-71.526148,3.5,56.1,-12.63,27.85,,2
"2026-03-02 23:05:42",5497,4851,51571,0,,6.05,58.4,-12.64,27.45,,2.1
"2026-03-02 23:05:43",5499,4853,51557,0,,4.3,85.7,-12.65,27.1,,2.1
"2026-03-02 23:05:44",5501,4855,51544,-36.857128,-71.526007,5.25,44.1,-12.67,26.75,,2.1
"2026-03-02 23:05:45",5503,4857,51530,0,,5.2,63.2,-12.66,26.4,,2.1
"2026-03-02 23:05:46",5505,4859,51516,0,,5.2,63.2,-12.67,26.05,,2.1
"2026-03-02 23:05:47",5507,4861,51502,-36.857098,-71.525917,5.45,45.8,-12.69,25.7,,2.1
"2026-03-02 23:05:48",5510,4864,51482,0,,,,-12.7,25.35,,2.1
"2026-03-02 23:05:49",5513,4867,51463,0,,,,-12.72,25.05,,2.2
"2026-03-02 23:05:50",5516,4870,51444,0,,,,-12.7,24.75,,2.3
"2026-03-02 23:05:51",5518,4872,51428,0,,5.05,58.9,-12.73,24.5,,2.4
"2026-03-02 23:05:52",5520,4874,51414,0,,3.1,64.8,-12.76,24.2,,2.3
"2026-03-02 23:05:53",5523,4877,51400,-36.856963,-71.525568,6.85,64.5,-12.73,23.9,,2.3
"2026-03-02 23:05:54",5524,4878,51387,0,,,,-12.76,23.65,,2.3
"2026-03-02 23:05:55",5526,4880,51374,0,,,,-12.79,23.4,,2.3
"2026-03-02 23:05:56",5528,4882,51362,0,,,,-12.8,23.1,,2.2
"2026-03-02 23:05:57",5531,4885,51343,0,,3.9,56.5,-12.85,22.9,,2.3
"2026-03-02 23:05:58",5534,4888,51325,0,,3.95,67.8,-12.9,22.6,,2.4
"2026-03-02 23:05:59",5536,4890,51308,-36.856845,-71.525273,6.45,71.6,-12.91,22.4,,2.4
"2026-03-02 23:06:01",5539,4893,51289,0,,4.45,80.1,-12.95,22,,2.2
"2026-03-02 23:06:02",5540,4894,51280,-36.856795,-71.525118,6.25,78.1,-12.98,21.75,-1.25,2
"2026-03-02 23:06:03",5543,4897,51262,0,,6.25,78.1,-12.99,21.55,,2.1
"2026-03-02 23:06:04",5546,4900,51245,0,,5.65,79.8,-12.98,21.35,,2.1
"2026-03-02 23:06:05",5548,4902,51228,-36.856753,-71.524957,5.65,80.6,-12.98,21.15,,2.1
"2026-03-02 23:06:06",5550,4904,51216,0,,,,-12.98,20.95,,2.1
"2026-03-02 23:06:07",5552,4906,51204,0,,,,-12.95,20.8,,2.1
"2026-03-02 23:06:08",5554,4908,51192,0,,,,-12.95,20.65,,2.1
"2026-03-02 23:06:09",5556,4910,51179,0,,5.4,79.2,-12.99,20.45,,2
"2026-03-02 23:06:10",5557,4911,51167,0,,6.7,64.6,-12.99,20.3,,2
"2026-03-02 23:06:11",5559,4913,51156,-36.856673,-71.524643,4.55,98.3,-13,20.1,,1.9
"2026-03-02 23:06:12",5561,4915,51142,0,,,,-13.04,19.95,,1.9
"2026-03-02 23:06:13",5563,4917,51128,0,,,,-13.04,19.8,,1.9
"2026-03-02 23:06:14",5565,4919,51114,0,,,,-13.06,19.65,,2
"2026-03-02 23:06:16",5570,4924,51080,0,,6.45,69.9,-13.07,19.25,,2.1
"2026-03-02 23:06:17",5573,4927,51064,-36.856602,-71.524313,3.75,84.1,-13.09,19.1,,2.1
"2026-03-02 23:06:18",5575,4929,51048,0,,,,-13.11,18.9,,2.1
"2026-03-02 23:06:19",5577,4931,51033,0,,,,-13.07,18.8,,2.1
"2026-03-02 23:06:20",5580,4934,51018,0,,,,-13.1,18.6,,2.2
"2026-03-02 23:06:21",5582,4936,51005,0,,3.6,87.6,-13.14,18.45,,2.1
"2026-03-02 23:06:22",5583,4937,50993,0,,4.5,69.8,-13.15,18.3,,2.1
"2026-03-02 23:06:23",5585,4939,50982,-36.856537,-71.523968,4.75,85.7,-13.18,18.15,,2.2
"2026-03-02 23:06:24",5588,4942,50964,0,,6.95,78.9,-13.16,17.95,,2.2
"2026-03-02 23:06:25",5590,4944,50949,0,,4.25,68.9,-13.18,17.8,,2.2
"2026-03-02 23:06:26",5592,4946,50934,-36.856512,-71.523788,5.5,93.2,-13.18,17.6,,2.2
"2026-03-02 23:06:28",5597,4951,50903,0,,4.35,64.1,-13.2,17.35,,2.2
"2026-03-02 23:06:29",5599,4953,50888,-36.856483,-71.523602,6.5,89.2,-13.2,17.15,-1.5,2.2
"2026-03-02 23:06:31",5602,4956,50867,0,,3.35,80.2,-13.22,16.85,,2.1
"2026-03-02 23:06:32",5604,4958,50858,-36.856462,-71.523415,7.1,81.9,-13.24,16.7,,2
"2026-03-02 23:06:33",5606,4960,50841,0,,6.15,83,-13.23,16.55,,2
"2026-03-02 23:06:34",5609,4963,50825,0,,3.9,82.2,-13.25,16.45,,2.1
"2026-03-02 23:06:35",5611,4965,50810,-36.856437,-71.523227,7.6,77.8,-13.21,16.3,,2.1
"2026-03-02 23:06:36",5614,4968,50792,0,,,,-13.26,16.15,,2.2
"2026-03-02 23:06:37",5616,4970,50774,0,,,,-13.32,16,,2.2
"2026-03-02 23:06:38",5619,4973,50756,0,,,,-13.3,15.85,,2.3
"2026-03-02 23:06:39",5621,4975,50744,0,,7,76.5,-13.32,15.7,,2.2
"2026-03-02 23:06:40",5622,4976,50734,0,,5.8,79.1,-13.34,15.55,,2.1
"2026-03-02 23:06:41",5624,4978,50724,-36.856375,-71.522848,7.2,82.6,-13.34,15.45,,2
"2026-03-02 23:06:42",5626,4980,50710,0,,,,-13.35,15.35,,2
"2026-03-02 23:06:43",5628,4982,50696,0,,,,-13.4,15.25,,2.2
"2026-03-02 23:06:44",5630,4984,50682,0,,,,-13.43,15.1,,2.2
"2026-03-02 23:06:45",5632,4986,50673,0,,5.6,59.9,-13.46,15,,2.1
"2026-03-02 23:06:46",5633,4987,50664,0,,5.6,59.9,-13.47,14.85,,2.1
"2026-03-02 23:06:47",5634,4988,50656,-36.856345,-71.522532,6.4,80.8,-13.49,14.8,,2
"2026-03-02 23:06:48",5636,4990,50643,0,,6.4,80.8,-13.51,14.7,,1.9
"2026-03-02 23:06:49",5638,4992,50630,0,,5.15,94.6,-13.52,14.55,,1.8
"2026-03-02 23:06:50",5640,4994,50618,-36.856322,-71.522348,7.3,71.4,-13.53,14.5,,1.7
"2026-03-02 23:06:51",5642,4996,50604,0,,7.35,71.4,-13.55,14.4,,1.8
"2026-03-02 23:06:52",5644,4998,50591,0,,6.05,97.7,-13.55,14.35,,1.8
"2026-03-02 23:06:53",5646,5000,50578,-36.856292,-71.522083,6.85,70.7,-13.55,14.2,,1.8
"2026-03-02 23:06:55",5650,5004,50550,0,,5.45,96.8,-13.58,14,,1.8
"2026-03-02 23:06:56",5652,5006,50538,-36.856278,-71.521893,5.55,72.3,-13.6,13.95,-1.75,1.8
"2026-03-02 23:06:58",5656,5010,50510,0,,4.75,86.6,-13.6,13.75,,1.9
"2026-03-02 23:06:59",5658,5012,50496,-36.856263,-71.521767,6.3,69.5,-13.61,13.7,,2
"2026-03-02 23:07:01",5664,5018,50456,0,,5.25,84,-13.62,13.55,,2.2
"2026-03-02 23:07:02",5667,5021,50436,-36.856238,-71.521495,5.75,67.7,-13.63,13.5,,2.3
"2026-03-02 23:07:04",5672,5026,50403,0,,7.35,90.4,-13.66,13.4,,2.3
"2026-03-02 23:07:05",5675,5029,50388,-36.856222,-71.521283,7.45,82,-13.68,13.3,,2.4
"2026-03-02 23:07:07",5678,5032,50363,0,,4.85,79.8,-13.73,13.15,,2.3
"2026-03-02 23:07:08",5680,5034,50352,-36.856207,-71.521153,7.75,77.8,-13.72,13.1,,2.3
"2026-03-02 23:07:10",5685,5039,50321,0,,5.3,78.7,-13.78,12.95,,2.4
"2026-03-02 23:07:11",5687,5041,50308,-36.856188,-71.520875,7.95,86.1,-13.76,12.9,,2.4
"2026-03-02 23:07:13",5690,5044,50286,0,,5.95,84.9,-13.87,12.8,,2.2
"2026-03-02 23:07:14",5692,5046,50274,-36.856173,-71.52067,7.6,87.2,-13.87,12.75,,2
"2026-03-02 23:07:17",5697,5051,50238,-36.856163,-71.520462,7.2,92.8,-13.94,12.6,,1.9
"2026-03-02 23:07:18",5700,5054,50223,0,,7.15,92.8,-13.97,12.6,,1.9
"2026-03-02 23:07:19",5702,5056,50209,0,,7.3,97.7,-13.98,12.5,,1.9
"2026-03-02 23:07:20",5704,5058,50196,-36.856165,-71.520317,6.45,84.8,-14,12.45,,2
"2026-03-02 23:07:22",5708,5062,50166,0,,7.75,93.1,-14,12.4,,2
"2026-03-02 23:07:23",5710,5064,50152,-36.856148,-71.520053,5.5,84.1,-14.03,12.35,-2.25,2
"2026-03-02 23:07:24",5712,5066,50141,0,,5.1,84.4,-14.07,12.3,,2
"2026-03-02 23:07:25",5714,5068,50130,0,,7.9,89.5,-14.06,12.25,,2
"2026-03-02 23:07:26",5715,5069,50120,-36.856145,-71.519845,4.95,93.9,-14.07,12.2,,2
"2026-03-02 23:07:27",5718,5072,50104,0,,4.9,93.9,-14.09,12.2,,2
"2026-03-02 23:07:28",5720,5074,50090,0,,7.65,90.1,-14.09,12.2,,2
"2026-03-02 23:07:29",5722,5076,50076,-36.856143,-71.519693,5.15,91.4,-14.11,12.15,,2
"2026-03-02 23:07:30",5724,5078,50063,0,,,,-14.13,12.1,,2
"2026-03-02 23:07:31",5726,5080,50050,0,,,,-14.15,12.1,,2
"2026-03-02 23:07:32",5728,5082,50038,0,,,,-14.19,12.05,,2
"2026-03-02 23:07:33",5730,5084,50026,0,,7.7,74.6,-14.21,12.05,,2
"2026-03-02 23:07:34",5731,5085,50015,0,,6.35,103.6,-14.23,12.05,,1.9
"2026-03-02 23:07:35",5733,5087,50004,-36.856122,-71.519215,5.65,86.5,-14.27,12,,1.9
"2026-03-02 23:07:36",5734,5088,49994,0,,7.85,77.3,-14.27,11.95,,1.9
"2026-03-02 23:07:37",5736,5090,49984,0,,5.35,101.3,-14.32,11.95,,1.9
"2026-03-02 23:07:38",5738,5092,49974,-36.856112,-71.519,6.1,82.7,-14.33,11.9,,1.8
"2026-03-02 23:07:39",5740,5094,49958,0,,7.65,84.9,-14.33,11.95,,1.9
"2026-03-02 23:07:40",5742,5096,49943,0,,7.65,84.9,-14.36,11.9,,1.9
"2026-03-02 23:07:41",5745,5099,49928,-36.856103,-71.51878,5.55,101.2,-14.39,11.9,,1.9
"2026-03-02 23:07:42",5746,5100,49918,0,,8.05,92.5,-14.41,11.9,,1.9
"2026-03-02 23:07:43",5748,5102,49908,0,,8.05,92.5,-14.43,11.85,,1.8
"2026-03-02 23:07:44",5749,5103,49898,-36.856098,-71.518563,6.55,69.9,-14.46,11.85,,1.8
"2026-03-02 23:07:45",5752,5106,49880,0,,6.55,69.9,-14.47,11.85,,1.8
"2026-03-02 23:07:46",5754,5108,49863,0,,7.05,98.5,-14.48,11.8,,1.9
"2026-03-02 23:07:47",5757,5111,49846,-36.856103,-71.518333,7.15,75.8,-14.48,11.8,,2
"2026-03-02 23:07:49",5761,5115,49823,0,,6.25,89.9,-14.53,11.8,,2
"2026-03-02 23:07:50",5762,5116,49812,-36.856105,-71.518113,7.8,80.8,-14.53,11.8,-2.75,2
"2026-03-02 23:07:51",5765,5119,49796,0,,,,-14.56,11.75,,2.1
"2026-03-02 23:07:52",5767,5121,49780,0,,,,-14.59,11.75,,2.1
"2026-03-02 23:07:53",5770,5124,49764,0,,,,-14.58,11.75,,2.1
"2026-03-02 23:07:54",5772,5126,49748,0,,,,-14.61,11.75,,2.1
"2026-03-02 23:07:55",5774,5128,49733,0,,,,-14.64,11.7,,2.2
"2026-03-02 23:07:56",5777,5131,49718,0,,,,-14.67,11.7,,2.2
"2026-03-02 23:07:57",5778,5132,49707,0,,5.05,101.4,-14.69,11.7,,2.2
"2026-03-02 23:07:58",5780,5134,49696,0,,8.35,83.2,-14.67,11.65,,2.1
"2026-03-02 23:07:59",5782,5136,49686,-36.856098,-71.517423,7.05,85.3,-14.69,11.65,,2
"2026-03-02 23:08:01",5786,5140,49659,0,,8.6,84.1,-14.74,11.65,,2.1
"2026-03-02 23:08:02",5788,5142,49646,-36.856087,-71.517183,6.95,83.2,-14.78,11.65,,2.1
"2026-03-02 23:08:03",5789,5143,49635,0,,6.1,94,-14.8,11.7,,2
"2026-03-02 23:08:04",5791,5145,49624,0,,6.1,94,-14.78,11.65,,2
"2026-03-02 23:08:05",5793,5147,49614,-36.856078,-71.516943,7.05,87.6,-14.76,11.65,,1.9
"2026-03-02 23:08:06",5795,5149,49599,0,,6.3,89.7,-14.74,11.6,,1.9
"2026-03-02 23:08:07",5797,5151,49583,0,,7.55,83,-14.73,11.55,,1.9
"2026-03-02 23:08:08",5800,5154,49568,-36.856072,-71.51671,7,90.9,-14.73,11.5,,1.9
"2026-03-02 23:08:09",5801,5155,49557,0,,6.15,89.6,-14.74,11.45,,1.9
"2026-03-02 23:08:10",5803,5157,49546,0,,8.5,83.9,-14.69,11.45,,1.9
"2026-03-02 23:08:11",5805,5159,49536,-36.856063,-71.516477,5.5,100.4,-14.67,11.4,,1.9
"2026-03-02 23:08:12",5807,5161,49520,0,,7.65,81.9,-14.68,11.35,,1.9
"2026-03-02 23:08:13",5809,5163,49505,0,,7.65,81.9,-14.67,11.35,,2
"2026-03-02 23:08:14",5812,5166,49490,-36.856043,-71.516232,5.55,88.3,-14.68,11.3,,2
"2026-03-02 23:08:16",5815,5169,49468,0,,8.25,86.3,-14.72,11.2,,2
"2026-03-02 23:08:17",5816,5170,49458,-36.85603,-71.516072,5.6,86.6,-14.73,11.1,-3,2
"2026-03-02 23:08:18",5819,5173,49442,0,,5.55,86.6,-14.74,10.95,,2
"2026-03-02 23:08:19",5821,5175,49427,0,,7.65,75,-14.73,10.95,,2
"2026-03-02 23:08:20",5824,5178,49412,-36.856002,-71.515767,5.6,81.6,-14.73,10.9,,2
"2026-03-02 23:08:21",5825,5179,49404,0,,5.65,81.6,-14.76,10.9,,1.9
"2026-03-02 23:08:22",5826,5180,49397,0,,6.25,69.3,-14.77,10.8,,1.9
"2026-03-02 23:08:23",5827,5181,49390,-36.855977,-71.51554,6.15,84.4,-14.79,10.7,,1.9
"2026-03-02 23:08:24",5829,5183,49376,0,,8.45,88.7,-14.78,10.7,,1.8
"2026-03-02 23:08:25",5831,5185,49363,0,,6.15,74.1,-14.8,10.6,,1.8
"2026-03-02 23:08:26",5833,5187,49350,-36.85596,-71.515287,8.15,88.5,-14.81,10.55,,1.8
"2026-03-02 23:08:27",5836,5190,49333,0,,8.1,89.4,-14.78,10.45,,1.8
"2026-03-02 23:08:28",5838,5192,49317,0,,8.1,89.4,-14.77,10.4,,1.9
"2026-03-02 23:08:29",5841,5195,49302,-36.85593,-71.515022,6.5,73.5,-14.69,10.35,,2
"2026-03-02 23:08:30",5843,5197,49288,0,,,,-14.7,10.35,,2
"2026-03-02 23:08:31",5845,5199,49274,0,,,,-14.72,10.25,,2
"2026-03-02 23:08:32",5847,5201,49260,0,,,,-14.7,10.2,,2
"2026-03-02 23:08:33",5849,5203,49248,0,,,,-14.71,10.1,,2
"2026-03-02 23:08:34",5851,5205,49236,0,,,,-14.72,10.05,,2.1
"2026-03-02 23:08:35",5853,5207,49224,0,,,,-14.69,10,,2.1
"2026-03-02 23:08:36",5854,5208,49211,0,,,,-14.71,10,,2.1
"2026-03-02 23:08:37",5856,5210,49199,0,,,,-14.72,9.9,,2.1
"2026-03-02 23:08:38",5858,5212,49188,0,,,,-14.71,9.85,,2.1
"2026-03-02 23:08:39",5860,5214,49176,0,,6,82.5,-14.73,9.75,,2.1
"2026-03-02 23:08:40",5862,5216,49164,0,,8.95,82.2,-14.73,9.7,,2
"2026-03-02 23:08:41",5864,5218,49152,-36.855867,-71.513978,8.95,88.3,-14.73,9.65,,2
"2026-03-02 23:08:43",5867,5221,49127,0,,9.4,78.1,-14.74,9.55,,1.9
"2026-03-02 23:08:44",5869,5223,49116,-36.855848,-71.513713,8.35,90.7,-14.76,9.5,-3.25,1.9
"2026-03-02 23:08:46",5872,5226,49095,0,,9.9,85.4,-14.8,9.45,,1.8
"2026-03-02 23:08:47",5874,5228,49086,-36.855835,-71.513527,7.55,84.3,-14.83,9.35,,1.8
"2026-03-02 23:08:48",5876,5230,49071,0,,6.8,80.5,-14.86,9.35,,1.8
"2026-03-02 23:08:49",5878,5232,49056,0,,6.8,80.5,-14.87,9.3,,1.8
"2026-03-02 23:08:50",5881,5235,49042,-36.855812,-71.513255,8.2,77.9,-14.91,9.25,,1.9
"2026-03-02 23:08:51",5883,5237,49029,0,,7.45,85.6,-14.95,9.25,,1.9
"2026-03-02 23:08:52",5884,5238,49017,0,,9.35,93.3,-14.98,9.2,,1.9
"2026-03-02 23:08:53",5886,5240,49006,-36.855797,-71.512982,7.45,76.5,-14.98,9.15,,1.9
"2026-03-02 23:08:54",5888,5242,48992,0,,8.35,84.7,-15.02,9.1,,1.9
"2026-03-02 23:08:55",5890,5244,48979,0,,8.35,84.7,-15.06,9.05,,1.9
"2026-03-02 23:08:56",5892,5246,48966,-36.85578,-71.512705,7.1,81,-15.06,9,,1.9
"2026-03-02 23:08:57",5895,5249,48950,0,,8.7,81.2,-15.07,8.95,,2
"2026-03-02 23:08:58",5897,5251,48935,0,,8.8,95,-15.11,8.95,,2.1
"2026-03-02 23:08:59",5900,5254,48920,-36.855753,-71.512332,7.9,79.4,-15.13,8.9,,2.1
"2026-03-02 23:09:01",5903,5257,48901,0,,8.15,82.6,-15.13,8.85,,2
"2026-03-02 23:09:02",5904,5258,48892,-36.855738,-71.512052,7.4,82.8,-15.15,8.8,,1.9
"2026-03-02 23:09:03",5906,5260,48880,0,,9.9,97.2,-15.14,8.8,,1.9
"2026-03-02 23:09:04",5908,5262,48869,0,,7.75,79.8,-15.13,8.75,,1.9
"2026-03-02 23:09:05",5909,5263,48858,-36.855728,-71.511762,8.25,86.7,-15.15,8.75,,1.9
"2026-03-02 23:09:06",5910,5264,48850,0,,,,-15.17,8.7,,1.9
"2026-03-02 23:09:07",5912,5266,48843,0,,,,-15.2,8.7,,1.8
"2026-03-02 23:09:08",5913,5267,48836,0,,,,-15.2,8.65,,1.7
"2026-03-02 23:09:10",5918,5272,48801,0,,8.65,79.4,-15.14,8.6,,1.8
"2026-03-02 23:09:11",5921,5275,48784,-36.855712,-71.51118,7.95,91.1,-15.15,8.6,-3.5,1.8
"2026-03-02 23:09:12",5922,5276,48775,0,,9.65,94.4,-15.15,8.6,,1.7
"2026-03-02 23:09:13",5923,5277,48767,0,,8.15,77.3,-15.14,8.6,,1.7
"2026-03-02 23:09:14",5925,5279,48760,-36.855705,-71.51089,8.15,95.2,-15.12,8.55,,1.7
"2026-03-02 23:09:16",5929,5283,48731,0,,8.25,78,-15.15,8.5,,1.8
"2026-03-02 23:09:17",5931,5285,48718,-36.855695,-71.510688,9.5,96,-15.18,8.5,,1.8
"2026-03-02 23:09:18",5934,5288,48702,0,,,,-15.18,8.45,,1.9
"2026-03-02 23:09:19",5936,5290,48686,0,,,,-15.22,8.45,,2
"2026-03-02 23:09:20",5939,5293,48670,0,,,,-15.22,8.45,,2.2
"2026-03-02 23:09:21",5941,5295,48655,0,,8.5,89.6,-15.23,8.45,,2.1
"2026-03-02 23:09:22",5943,5297,48640,0,,9.2,86.3,-15.27,8.45,,2.1
"2026-03-02 23:09:23",5945,5299,48626,-36.855697,-71.509973,10.15,88.4,-15.29,8.4,,2
"2026-03-02 23:09:24",5947,5301,48616,0,,7.65,98,-15.32,8.4,,2
"2026-03-02 23:09:25",5948,5302,48607,0,,10.1,80.6,-15.33,8.4,,2
"2026-03-02 23:09:26",5950,5304,48598,-36.855695,-71.509667,10.2,93.1,-15.35,8.35,,2
"2026-03-02 23:09:28",5953,5307,48577,0,,7.2,94.1,-15.39,8.35,,2
"2026-03-02 23:09:29",5954,5308,48568,-36.855687,-71.50946,10.35,94.2,-15.39,8.3,,2
"2026-03-02 23:09:31",5956,5310,48554,0,,10.6,81.3,-15.41,8.35,,1.8
"2026-03-02 23:09:32",5957,5311,48548,-36.85571,-71.509057,9.7,103.3,-15.42,8.3,,1.7
"2026-03-02 23:09:34",5963,5317,48513,0,,10.55,84.9,-15.42,8.3,,1.7
"2026-03-02 23:09:35",5966,5320,48496,-36.855715,-71.508753,8,97.1,-15.41,8.3,,1.7
"2026-03-02 23:09:38",5972,5326,48454,-36.855712,-71.508535,7.75,92.6,-15.42,8.25,-3.75,1.9
"2026-03-02 23:09:39",5973,5327,48448,0,,,,-15.42,8.25,,1.8
"2026-03-02 23:09:40",5974,5328,48443,0,,,,-15.42,8.25,,1.7
"2026-03-02 23:09:41",5975,5329,48438,0,,,,-15.43,8.25,,1.7
"2026-03-02 23:09:43",5978,5332,48417,0,,9.9,91.5,-15.45,8.2,,1.8
"2026-03-02 23:09:44",5979,5333,48408,-36.855722,-71.507925,7.5,94.4,-15.46,8.15,,1.8
"2026-03-02 23:09:46",5984,5338,48377,0,,9.15,99.6,-15.52,8.15,,1.8
"2026-03-02 23:09:47",5987,5341,48362,-36.855732,-71.507515,8.1,93.9,-15.53,8.15,,1.7
"2026-03-02 23:09:48",5989,5343,48344,0,,10.2,85.4,-15.56,8.15,,1.8
"2026-03-02 23:09:49",5992,5346,48326,0,,10.2,85.4,-15.58,8.15,,1.9
"2026-03-02 23:09:50",5995,5349,48308,-36.855743,-71.507302,8.1,94.9,-15.59,8.15,,1.9
"2026-03-02 23:09:51",5996,5350,48302,0,,9.9,84.6,-15.61,8.15,,1.9
"2026-03-02 23:09:52",5997,5351,48296,0,,8.7,105.7,-15.65,8.15,,1.9
"2026-03-02 23:09:53",5998,5352,48290,-36.855752,-71.506892,9.05,88.7,-15.65,8.15,,1.9
"2026-03-02 23:09:54",6001,5355,48271,0,,10.45,86.4,-15.65,8.15,,2
"2026-03-02 23:09:55",6004,5358,48253,0,,8.5,99.7,-15.65,8.15,,2.1
"2026-03-02 23:09:56",6006,5360,48236,-36.85577,-71.506575,9.35,97.2,-15.68,8.15,,2.2
"2026-03-02 23:09:57",6007,5361,48229,0,,10.6,85.3,-15.69,8.2,,2.2
"2026-03-02 23:09:58",6008,5362,48222,0,,10.6,85.3,-15.69,8.2,,2.1
"2026-03-02 23:09:59",6010,5364,48216,-36.855777,-71.50637,10.55,92.7,-15.67,8.25,,2
"2026-03-02 23:10:00",6012,5366,48198,0,,,,-15.68,8.25,,1.9
"2026-03-02 23:10:01",6015,5369,48181,0,,,,-15.71,8.25,,1.9
"2026-03-02 23:10:02",6018,5372,48164,0,,,,-15.75,8.25,,1.9
"2026-03-02 23:10:04",6021,5375,48139,0,,9.7,94,-15.76,8.25,,2
"2026-03-02 23:10:05",6023,5377,48128,-36.855787,-71.505692,11.5,93,-15.77,8.25,-4.25,2.1
"2026-03-02 23:10:06",6025,5379,48117,0,,9.3,84.2,-15.83,8.25,,2.1
"2026-03-02 23:10:07",6027,5381,48105,0,,9.9,92.3,-15.84,8.25,,2
"2026-03-02 23:10:08",6029,5383,48094,-36.855792,-71.505238,11.2,96.4,-15.85,8.25,,1.9
"2026-03-02 23:10:09",6031,5385,48082,0,,8.55,88.3,-15.85,8.25,,1.9
"2026-03-02 23:10:10",6032,5386,48071,0,,8.55,88.3,-15.87,8.25,,2
"2026-03-02 23:10:11",6034,5388,48060,-36.855798,-71.505002,11.15,92.4,-15.9,8.25,,2
"2026-03-02 23:10:12",6036,5390,48048,0,,,,-15.92,8.2,,2
"2026-03-02 23:10:13",6038,5392,48036,0,,,,-15.92,8.2,,2
"2026-03-02 23:10:14",6040,5394,48024,0,,,,-15.96,8.25,,1.9
"2026-03-02 23:10:16",6042,5396,48006,0,,9,97.4,-15.99,8.25,,1.8
"2026-03-02 23:10:17",6044,5398,47998,-36.85583,-71.504205,11.1,95.8,-16,8.25,,1.7
"2026-03-02 23:10:18",6046,5400,47982,0,,9.2,100.2,-16.01,8.25,,1.8
"2026-03-02 23:10:19",6049,5403,47967,0,,9.2,100.2,-16.03,8.25,,1.8
"2026-03-02 23:10:20",6051,5405,47952,-36.855837,-71.503853,10.9,95.8,-16.03,8.25,,1.9
"2026-03-02 23:10:21",6052,5406,47946,0,,10.9,95.8,-16.02,8.3,,1.8
"2026-03-02 23:10:22",6053,5407,47941,0,,11.8,85.8,-16.03,8.3,,1.7
"2026-03-02 23:10:23",6054,5408,47936,-36.855838,-71.503507,9.45,89.5,-16.05,8.3,,1.6
"2026-03-02 23:10:24",6056,5410,47918,0,,,,-16.06,8.3,,1.7
"2026-03-02 23:10:25",6059,5413,47901,0,,,,-16.09,8.35,,1.8
"2026-03-02 23:10:26",6062,5416,47884,0,,,,-16.09,8.35,,1.8
"2026-03-02 23:10:27",6064,5418,47872,0,,9.55,96.7,-16.09,8.3,,1.8
"2026-03-02 23:10:28",6065,5419,47861,0,,12.05,91.5,-16.12,8.3,,1.9
"2026-03-02 23:10:29",6067,5421,47850,-36.85586,-71.50281,8.35,91.9,-16.11,8.35,,1.9
"2026-03-02 23:10:32",6069,5423,47840,-36.85587,-71.502573,8.6,94.7,-16.15,8.35,-4.5,1.6
"2026-03-02 23:10:33",6072,5426,47818,0,,,,-16.15,8.35,,1.6
"2026-03-02 23:10:34",6076,5430,47796,0,,,,-16.15,8.4,,1.8
"2026-03-02 23:10:35",6079,5433,47774,0,,,,-16.18,8.4,,2
"2026-03-02 23:10:36",6081,5435,47763,0,,11,92.7,-16.21,8.4,,2
"2026-03-02 23:10:37",6082,5436,47753,0,,11.85,90.9,-16.25,8.45,,1.9
"2026-03-02 23:10:38",6084,5438,47744,-36.8559,-71.50174,8.75,93,-16.28,8.45,,1.8
"2026-03-02 23:10:39",6085,5439,47738,0,,8.75,93,-16.27,8.4,,1.8
"2026-03-02 23:10:40",6086,5440,47732,0,,9.7,93.4,-16.28,8.4,,1.7
"2026-03-02 23:10:41",6087,5441,47726,-36.855915,-71.501505,9.95,91.3,-16.3,8.45,,1.6
"2026-03-02 23:10:42",6089,5443,47709,0,,,,-16.33,8.45,,1.7
"2026-03-02 23:10:43",6092,5446,47692,0,,,,-16.39,8.45,,1.8
"2026-03-02 23:10:44",6095,5449,47676,0,,,,-16.42,8.5,,1.8
"2026-03-02 23:10:45",6096,5450,47667,0,,,,-16.37,8.5,,2
"2026-03-02 23:10:46",6097,5451,47659,0,,,,-16.4,8.55,,1.8
"2026-03-02 23:10:47",6098,5452,47652,0,,,,-16.42,8.55,,1.6
"2026-03-02 23:10:48",6101,5455,47633,0,,10.2,94.2,-16.46,8.55,,1.7
"2026-03-02 23:10:49",6104,5458,47614,0,,8.65,89.1,-16.53,8.6,,1.8
"2026-03-02 23:10:50",6107,5461,47596,-36.855967,-71.500325,9.9,93,-16.56,8.55,,1.9
"2026-03-02 23:10:51",6108,5462,47589,0,,,,-16.51,8.6,,1.9
"2026-03-02 23:10:52",6109,5463,47582,0,,,,-16.53,8.6,,1.9
"2026-03-02 23:10:53",6111,5465,47576,0,,,,-16.55,8.6,,1.9
"2026-03-02 23:10:54",6112,5466,47566,0,,,,-16.57,8.6,,1.9
"2026-03-02 23:10:55",6114,5468,47557,0,,,,-16.6,8.6,,1.8
"2026-03-02 23:10:56",6115,5469,47548,0,,,,-16.61,8.65,,1.7
"2026-03-02 23:10:58",6120,5474,47518,0,,9.1,89.4,-16.6,8.65,,1.8
"2026-03-02 23:10:59",6122,5476,47504,-36.856028,-71.499263,11.55,102.2,-16.61,8.7,-4.75,1.9
"2026-03-02 23:11:00",6123,5477,47496,0,,11.55,102.2,-16.64,8.7,,1.9
"2026-03-02 23:11:01",6124,5478,47489,0,,9.5,88.4,-16.68,8.75,,1.8
"2026-03-02 23:11:02",6125,5479,47482,-36.856042,-71.499028,12.4,102.6,-16.68,8.75,,1.6
"2026-03-02 23:11:03",6129,5483,47462,0,,,,-16.68,8.7,,1.7
"2026-03-02 23:11:04",6132,5486,47443,0,,,,-16.7,8.75,,1.8
"2026-03-02 23:11:05",6135,5489,47424,0,,,,-16.73,8.75,,2
"2026-03-02 23:11:06",6135,5489,47419,0,,,,-16.75,8.8,,1.9
"2026-03-02 23:11:07",6136,5490,47414,0,,,,-16.75,8.8,,1.9
"2026-03-02 23:11:08",6137,5491,47410,0,,,,-16.76,8.85,,1.8
"2026-03-02 23:11:09",6140,5494,47390,0,,12.35,104.4,-16.77,8.85,,1.9
"2026-03-02 23:11:10",6143,5497,47370,0,,10.7,95.7,-16.8,8.9,,2
"2026-03-02 23:11:11",6146,5500,47350,-36.856137,-71.497832,11.9,103,-16.83,8.9,,2
"2026-03-02 23:11:12",6148,5502,47340,0,,10.2,86.2,-16.84,8.9,,2
"2026-03-02 23:11:13",6149,5503,47331,0,,10.45,99.9,-16.85,8.9,,2
"2026-03-02 23:11:14",6151,5505,47322,-36.85617,-71.497477,11.15,101.3,-16.85,8.95,,2
"2026-03-02 23:11:16",6155,5509,47296,0,,10.6,90.2,-16.89,9,,1.9
"2026-03-02 23:11:17",6157,5511,47284,-36.856197,-71.497233,11,101,-16.9,9.05,,1.9
"2026-03-02 23:11:18",6159,5513,47271,0,,10.2,86,-16.9,9.05,,2
"2026-03-02 23:11:19",6161,5515,47259,0,,11.2,101.6,-16.9,9.1,,2
"2026-03-02 23:11:20",6163,5517,47248,-36.856233,-71.49676,11.25,99.5,-16.92,9.1,,2.1
"2026-03-02 23:11:21",6164,5518,47240,0,,11.25,99.5,-16.96,9.1,,2
"2026-03-02 23:11:22",6165,5519,47233,0,,10.85,102,-16.98,9.1,,1.8
"2026-03-02 23:11:23",6166,5520,47226,-36.85626,-71.496525,10.25,100,-16.99,9.15,,1.6
"2026-03-02 23:11:24",6169,5523,47209,0,,,,-17.01,9.2,,1.7
"2026-03-02 23:11:25",6172,5526,47192,0,,,,-17.03,9.2,,1.8
"2026-03-02 23:11:26",6174,5528,47176,0,,,,-17.06,9.2,-5.5,1.9
"2026-03-02 23:11:27",6176,5530,47167,0,,,,-17.13,9.15,,1.9
"2026-03-02 23:11:28",6177,5531,47158,0,,,,-17.09,9.2,,1.9
"2026-03-02 23:11:29",6178,5532,47150,0,,,,-17.09,9.25,,1.8
"2026-03-02 23:11:31",6182,5536,47127,0,,11.7,105.1,-17.14,9.3,,1.8
"2026-03-02 23:11:32",6184,5538,47116,-36.85637,-71.495342,10.1,98.9,-17.15,9.35,,1.8
"2026-03-02 23:11:33",6186,5540,47101,0,,10.75,91.1,-17.16,9.3,,1.8
"2026-03-02 23:11:34",6189,5543,47086,0,,10.85,106.1,-17.16,9.3,,1.9
"2026-03-02 23:11:35",6191,5545,47072,-36.856405,-71.494978,11.4,90.4,-17.17,9.35,,2
"2026-03-02 23:11:36",6193,5547,47061,0,,10.3,99.2,-17.17,9.4,,2
"2026-03-02 23:11:37",6194,5548,47050,0,,10.75,105.8,-17.18,9.4,,1.9
"2026-03-02 23:11:38",6196,5550,47040,-36.856445,-71.49462,11.2,94,-17.21,9.4,,1.8
"2026-03-02 23:11:39",6198,5552,47028,0,,11.2,94,-17.22,9.4,,1.8
"2026-03-02 23:11:40",6200,5554,47017,0,,11.1,105.1,-17.23,9.4,,1.9
"2026-03-02 23:11:41",6201,5555,47006,-36.856478,-71.494263,10.95,91.3,-17.27,9.45,,1.9
"2026-03-02 23:11:42",6203,5557,46995,0,,10.95,91.3,-17.27,9.45,,1.9
"2026-03-02 23:11:43",6205,5559,46984,0,,11.85,101.8,-17.29,9.5,,1.9
"2026-03-02 23:11:44",6207,5561,46974,-36.856517,-71.493905,11,91.8,-17.3,9.5,,1.9
"2026-03-02 23:11:45",6208,5562,46963,0,,9.6,102.1,-17.31,9.55,,1.9
"2026-03-02 23:11:46",6210,5564,46951,0,,11.95,96.8,-17.32,9.55,,1.8
"2026-03-02 23:11:47",6212,5566,46940,-36.856557,-71.493555,10.5,93.8,-17.33,9.55,,1.8
"2026-03-02 23:11:48",6214,5568,46925,0,,,,-17.34,9.5,,1.8
"2026-03-02 23:11:49",6217,5571,46910,0,,,,-17.36,9.55,,1.9
"2026-03-02 23:11:50",6219,5573,46896,0,,,,-17.37,9.55,,1.9
"2026-03-02 23:11:52",6221,5575,46884,0,,10.65,91.2,-17.42,9.6,,1.8
"2026-03-02 23:11:53",6222,5576,46878,-36.856648,-71.492838,10.55,97.9,-17.43,9.6,-6,1.7
"2026-03-02 23:11:54",6224,5578,46866,0,,11.5,107.1,-17.46,9.6,,1.7
"2026-03-02 23:11:55",6226,5580,46855,0,,10.4,90.9,-17.48,9.65,,1.7
"2026-03-02 23:11:56",6227,5581,46844,-36.856692,-71.492472,10.6,98.2,-17.49,9.65,,1.7
"2026-03-02 23:11:58",6231,5585,46818,0,,10.15,92.9,-17.55,9.6,,1.8
"2026-03-02 23:11:59",6233,5587,46806,-36.856737,-71.492113,10.15,95.9,-17.55,9.65,,1.8
"2026-03-02 23:12:01",6236,5590,46789,0,,10,94.9,-17.61,9.65,,1.6
"2026-03-02 23:12:02",6237,5591,46782,-36.856783,-71.491757,10.15,94.1,-17.62,9.65,,1.5
"2026-03-02 23:12:04",6241,5595,46759,0,,10.45,95,-17.64,9.7,,1.6
"2026-03-02 23:12:05",6243,5597,46748,-36.856832,-71.4914,10.25,97.1,-17.65,9.7,,1.7
"2026-03-02 23:12:06",6245,5599,46733,0,,,,-17.65,9.75,,1.8
"2026-03-02 23:12:07",6247,5601,46719,0,,,,-17.68,9.75,,1.8
"2026-03-02 23:12:08",6250,5604,46706,0,,,,-17.69,9.75,,1.8
"2026-03-02 23:12:10",6253,5607,46685,0,,9.7,93.2,-17.75,9.75,,1.8
"2026-03-02 23:12:11",6254,5608,46676,-36.856938,-71.490685,12.25,105,-17.76,9.75,,1.7
"2026-03-02 23:12:12",6256,5610,46665,0,,,,-17.78,9.75,,1.7
"2026-03-02 23:12:13",6258,5612,46653,0,,,,-17.8,9.75,,1.7
"2026-03-02 23:12:14",6260,5614,46642,0,,,,-17.82,9.75,,1.8
"2026-03-02 23:12:17",6267,5621,46598,-36.857052,-71.489987,11.15,107.6,-17.84,9.8,,2
"2026-03-02 23:12:19",6271,5625,46573,0,,,,-17.88,9.8,,2
"2026-03-02 23:12:20",6273,5627,46562,0,,,,-17.88,9.8,-6.5,1.9
"2026-03-02 23:12:21",6274,5628,46552,0,,10.65,109.3,-17.91,9.8,,1.9
"2026-03-02 23:12:22",6276,5630,46542,0,,9.7,107.8,-17.93,9.85,,1.9
"2026-03-02 23:12:23",6278,5632,46532,-36.857165,-71.489293,10.3,107.3,-17.93,9.85,,1.9
"2026-03-02 23:12:24",6280,5634,46516,0,,10.3,107.3,-17.95,9.85,,2
"2026-03-02 23:12:25",6282,5636,46502,0,,9.95,106.4,-17.97,9.85,,2
"2026-03-02 23:12:26",6285,5639,46488,-36.857213,-71.488938,11.05,103.2,-18.01,9.85,,2.1
"2026-03-02 23:12:27",6286,5640,46478,0,,10.7,91.2,-18.03,9.85,,2
"2026-03-02 23:12:28",6288,5642,46469,0,,10.9,109.7,-18.03,9.85,,2
"2026-03-02 23:12:29",6289,5643,46460,-36.857278,-71.488597,10.6,107.5,-18.04,9.9,,1.9
"2026-03-02 23:12:30",6291,5645,46447,0,,10.6,92.6,-18.07,9.9,,1.9
"2026-03-02 23:12:31",6293,5647,46434,0,,10.6,92.6,-18.1,9.9,,1.9
"2026-03-02 23:12:32",6295,5649,46422,-36.857323,-71.48826,11.35,105.9,-18.12,9.9,,1.9
"2026-03-02 23:12:33",6297,5651,46409,0,,11.4,105.9,-18.13,9.9,,1.9
"2026-03-02 23:12:34",6299,5653,46396,0,,10.4,108.6,-18.17,9.9,,2
"2026-03-02 23:12:35",6302,5656,46384,-36.857352,-71.488038,10,91.1,-18.18,9.9,,2
"2026-03-02 23:12:36",6304,5658,46371,0,,10,91.1,-18.19,9.9,,2
"2026-03-02 23:12:37",6306,5660,46358,0,,9.95,108.7,-18.2,9.9,,1.9
"2026-03-02 23:12:38",6308,5662,46346,-36.8574,-71.487577,11,93.1,-18.21,9.9,,1.9
"2026-03-02 23:12:39",6310,5664,46334,0,,,,-18.22,9.95,,1.9
"2026-03-02 23:12:40",6312,5666,46322,0,,,,-18.24,9.95,,2
"2026-03-02 23:12:41",6314,5668,46310,0,,,,-18.25,9.95,,2
"2026-03-02 23:12:42",6315,5669,46297,0,,,,-18.25,9.95,,2
"2026-03-02 23:12:43",6317,5671,46285,0,,,,-18.26,9.95,,2
"2026-03-02 23:12:44",6319,5673,46274,0,,,,-18.26,9.95,,2
"2026-03-02 23:12:45",6321,5675,46263,0,,,,-18.26,9.95,,2
"2026-03-02 23:12:46",6323,5677,46252,0,,,,-18.26,9.95,,2
"2026-03-02 23:12:47",6325,5679,46242,0,,,,-18.27,9.95,-7,1.9
"2026-03-02 23:12:48",6327,5681,46228,0,,,,-18.27,9.9,,1.9
"2026-03-02 23:12:49",6329,5683,46215,0,,,,-18.27,9.9,,2
"2026-03-02 23:12:50",6331,5685,46202,0,,,,-18.29,9.9,,2
"2026-03-02 23:12:51",6333,5687,46187,0,,8.4,98.5,-18.29,9.9,,2
"2026-03-02 23:12:52",6336,5690,46173,0,,11.7,94.3,-18.32,9.85,,2
"2026-03-02 23:12:53",6338,5692,46160,-36.85756,-71.485843,11.7,96.6,-18.34,9.85,,2
"2026-03-02 23:12:54",6340,5694,46148,0,,,,-18.35,9.8,,2
"2026-03-02 23:12:55",6341,5695,46137,0,,,,-18.36,9.8,,2
"2026-03-02 23:12:56",6343,5697,46126,0,,,,-18.39,9.75,,2
"2026-03-02 23:12:57",6346,5700,46112,0,,10.7,94.5,-18.41,9.75,,2
"2026-03-02 23:12:58",6348,5702,46099,0,,11.15,90.5,-18.46,9.75,,2
"2026-03-02 23:12:59",6350,5704,46086,-36.857622,-71.485138,11.85,94,-18.48,9.7,,2.1
"2026-03-02 23:13:00",6351,5705,46080,0,,,,-18.5,9.7,,2
"2026-03-02 23:13:01",6352,5706,46074,0,,,,-18.53,9.65,,1.9
"2026-03-02 23:13:02",6353,5707,46068,0,,,,-18.55,9.65,,1.8
"2026-03-02 23:13:03",6355,5709,46053,0,,9.45,98.6,-18.57,9.65,,1.8
"2026-03-02 23:13:04",6357,5711,46039,0,,11,86.6,-18.6,9.65,,1.8
"2026-03-02 23:13:05",6360,5714,46026,-36.857695,-71.484442,10.5,107.9,-18.61,9.6,,1.8
"2026-03-02 23:13:06",6362,5716,46010,0,,10.5,107.9,-18.62,9.6,,1.9
"2026-03-02 23:13:07",6365,5719,45995,0,,11.7,89.1,-18.63,9.55,,1.9
"2026-03-02 23:13:08",6367,5721,45980,-36.857722,-71.484095,9.3,103.6,-18.63,9.55,,2
"2026-03-02 23:13:09",6368,5722,45971,0,,10.45,94.8,-18.64,9.5,,1.9
"2026-03-02 23:13:10",6370,5724,45962,0,,10.45,94.8,-18.65,9.5,,1.9
"2026-03-02 23:13:11",6371,5725,45954,-36.85773,-71.483853,9.25,93.8,-18.65,9.45,,1.8
"2026-03-02 23:13:13",6375,5729,45934,0,,10.85,91.8,-18.67,9.45,,1.8
"2026-03-02 23:13:14",6376,5730,45924,-36.857778,-71.483385,8.65,104.9,-18.68,9.45,-7.5,1.9
"2026-03-02 23:13:16",6381,5735,45893,0,,10.6,91.8,-18.7,9.4,,2
"2026-03-02 23:13:17",6384,5738,45878,-36.857808,-71.483028,9.1,100.8,-18.7,9.35,,2
"2026-03-02 23:13:18",6386,5740,45865,0,,9.1,100.8,-18.72,9.35,,2
"2026-03-02 23:13:19",6388,5742,45853,0,,10,94.5,-18.75,9.35,,2
"2026-03-02 23:13:20",6390,5744,45842,-36.857843,-71.482665,9.6,100,-18.75,9.3,,1.9
"2026-03-02 23:13:21",6391,5745,45832,0,,,,-18.77,9.3,,1.9
"2026-03-02 23:13:22",6393,5747,45822,0,,,,-18.78,9.25,,1.9
"2026-03-02 23:13:23",6394,5748,45812,0,,,,-18.79,9.25,,1.9
"2026-03-02 23:13:24",6397,5751,45797,0,,,,-18.82,9.25,,2
"2026-03-02 23:13:25",6399,5753,45783,0,,,,-18.83,9.2,,2
"2026-03-02 23:13:26",6401,5755,45770,0,,,,-18.83,9.2,,2.1
"2026-03-02 23:13:27",6404,5758,45754,0,,10.65,97.5,-18.86,9.15,,2.1
"2026-03-02 23:13:28",6406,5760,45739,0,,9.05,101.4,-18.9,9.15,,2.1
"2026-03-02 23:13:29",6409,5763,45724,-36.857935,-71.481595,10.55,93.2,-18.92,9.1,,2.1
"2026-03-02 23:13:30",6411,5765,45710,0,,12,91.8,-18.96,9.15,,2.1
"2026-03-02 23:13:31",6413,5767,45696,0,,12,91.8,-18.96,9.1,,2.1
"2026-03-02 23:13:32",6416,5770,45682,-36.857963,-71.481362,10.65,92,-18.97,9.1,,2.2
"2026-03-02 23:13:33",6418,5772,45669,0,,11.75,90.9,-18.98,9.05,,2.2
"2026-03-02 23:13:34",6420,5774,45656,0,,9.7,97.1,-18.98,9.05,,2.2
"2026-03-02 23:13:35",6422,5776,45644,-36.85798,-71.480873,11.05,90.5,-19.01,9,,2.3
"2026-03-02 23:13:36",6424,5778,45631,0,,11.05,90.5,-19.05,9,,2.3
"2026-03-02 23:13:37",6426,5780,45619,0,,9.2,101.5,-19.05,8.95,,2.2
"2026-03-02 23:13:38",6428,5782,45608,-36.858007,-71.480518,11.7,94.6,-19.06,8.95,,2.2
"2026-03-02 23:13:40",6433,5787,45578,0,,9.4,98,-19.08,8.9,,2.2
"2026-03-02 23:13:41",6435,5789,45564,-36.85803,-71.480162,12.6,96.9,-19.08,8.85,-7.75,2.2
"2026-03-02 23:13:42",6437,5791,45551,0,,9.65,86,-19.09,8.9,,2.2
"2026-03-02 23:13:43",6439,5793,45537,0,,10,97,-19.1,8.85,,2.2
"2026-03-02 23:13:44",6442,5796,45524,-36.858048,-71.479802,12.85,94.7,-19.11,8.85,,2.2
"2026-03-02 23:13:45",6444,5798,45511,0,,,,-19.13,8.8,,2.2
"2026-03-02 23:13:46",6446,5800,45498,0,,,,-19.14,8.8,,2.2
"2026-03-02 23:13:47",6448,5802,45486,0,,,,-19.16,8.75,,2.2
"2026-03-02 23:13:48",6450,5804,45473,0,,9.25,96.8,-19.17,8.8,,2.2
"2026-03-02 23:13:49",6452,5806,45460,0,,10.1,91.9,-19.2,8.75,,2.2
"2026-03-02 23:13:50",6454,5808,45448,-36.858078,-71.479077,12.45,89,-19.24,8.75,,2.2
"2026-03-02 23:13:51",6456,5810,45436,0,,10.25,102.4,-19.26,8.7,,2.2
"2026-03-02 23:13:52",6458,5812,45425,0,,10.25,102.4,-19.29,8.7,,2.1
"2026-03-02 23:13:53",6460,5814,45414,-36.85808,-71.47884,11.9,90.5,-19.32,8.65,,2.1
"2026-03-02 23:13:54",6462,5816,45402,0,,10.35,102.8,-19.36,8.65,,2
"2026-03-02 23:13:55",6464,5818,45390,0,,10.65,83.9,-19.38,8.6,,2
"2026-03-02 23:13:56",6466,5820,45378,-36.85811,-71.478355,12,95.9,-19.4,8.6,,2
"2026-03-02 23:13:57",6468,5822,45365,0,,12,95.9,-19.42,8.6,,2
"2026-03-02 23:13:58",6470,5824,45352,0,,9.9,100.8,-19.44,8.6,,2
"2026-03-02 23:13:59",6472,5826,45340,-36.858132,-71.477995,11.7,100.2,-19.44,8.55,,2
"2026-03-02 23:14:01",6477,5831,45310,0,,11.15,85.3,-19.49,8.5,,2.1
"2026-03-02 23:14:02",6479,5833,45296,-36.858157,-71.477633,11.85,103.6,-19.52,8.5,,2.1
"2026-03-02 23:14:03",6480,5834,45288,0,,9.7,94,-19.55,8.45,,2
"2026-03-02 23:14:04",6482,5836,45281,0,,11.7,84.8,-19.52,8.45,,2
"2026-03-02 23:14:05",6483,5837,45274,-36.858175,-71.477273,10.55,103.4,-19.54,8.45,,1.9
"2026-03-02 23:14:07",6487,5841,45245,0,,12.05,87.9,-19.56,8.45,,2
"2026-03-02 23:14:08",6490,5844,45232,-36.858195,-71.47691,9.5,101.1,-19.58,8.4,-8,2
"2026-03-02 23:14:09",6491,5845,45223,0,,11.5,94,-19.59,8.4,,1.9
"2026-03-02 23:14:10",6493,5847,45214,0,,11.5,94,-19.6,8.35,,1.9
"2026-03-02 23:14:11",6494,5848,45206,-36.858203,-71.476667,9,98.1,-19.62,8.35,,1.8
"2026-03-02 23:14:12",6497,5851,45190,0,,8.95,98.1,-19.62,8.4,,1.9
"2026-03-02 23:14:13",6499,5853,45175,0,,11.1,85.1,-19.67,8.35,,1.9
"2026-03-02 23:14:14",6502,5856,45160,-36.858232,-71.476177,9.4,98.6,-19.7,8.35,,1.9
"2026-03-02 23:14:15",6505,5859,45141,0,,,,-19.71,8.35,,2
"2026-03-02 23:14:16",6508,5862,45122,0,,,,-19.73,8.3,,2.2
"2026-03-02 23:14:17",6511,5865,45104,0,,,,-19.75,8.3,,2.3
"2026-03-02 23:14:18",6512,5866,45096,0,,10.4,97.8,-19.77,8.3,,2.3
"2026-03-02 23:14:19",6513,5867,45089,0,,8.85,92.9,-19.8,8.25,,2.2
"2026-03-02 23:14:20",6514,5868,45082,-36.858263,-71.475575,10.8,93.8,-19.83,8.25,,2.1
"2026-03-02 23:14:21",6517,5871,45068,0,,12.4,92,-19.82,8.25,,2.1
"2026-03-02 23:14:22",6519,5873,45054,0,,12.4,92,-19.84,8.2,,2.2
"2026-03-02 23:14:23",6521,5875,45040,-36.858283,-71.475083,10.85,87.1,-19.86,8.2,,2.2
"2026-03-02 23:14:24",6524,5878,45025,0,,12,93.4,-19.82,8.25,,2.3
"2026-03-02 23:14:25",6526,5880,45010,0,,9.7,103.2,-19.85,8.25,,2.3
"2026-03-02 23:14:26",6529,5883,44996,-36.858308,-71.474727,10.8,85.9,-19.88,8.2,,2.3
"2026-03-02 23:14:28",6532,5886,44976,0,,9.6,101.8,-19.93,8.2,,2
"2026-03-02 23:14:29",6534,5888,44966,-36.858335,-71.474368,10.7,84.1,-19.97,8.1,,1.9
"2026-03-02 23:14:31",6538,5892,44939,0,,,,-20.01,8.15,,2
"2026-03-02 23:14:32",6540,5894,44926,0,,,,-20.03,8.1,,2.1
"2026-03-02 23:14:35",6550,5904,44870,-36.858402,-71.47366,10.35,91.1,-20.09,8.1,-8.5,2.3
"2026-03-02 23:14:37",6554,5908,44840,0,,11.1,96.7,-20.15,8.05,,2.4
"2026-03-02 23:14:38",6557,5911,44826,-36.858428,-71.473298,11.9,89.4,-20.13,8.05,,2.4
"2026-03-02 23:14:40",6561,5915,44799,0,,11.65,94.8,-20.21,8.05,,2.3
"2026-03-02 23:14:41",6564,5918,44786,-36.858445,-71.47305,11.6,91.8,-20.2,8.05,,2.4
"2026-03-02 23:14:43",6568,5922,44759,0,,11.5,90.4,-20.27,8,,2.5
"2026-03-02 23:14:44",6570,5924,44746,-36.85847,-71.47269,11.35,93,-20.29,8,,2.5
"2026-03-02 23:14:46",6574,5928,44722,0,,10.8,87.3,-20.33,7.95,,2.4
"2026-03-02 23:14:47",6576,5930,44712,-36.85851,-71.472218,10.95,92.9,-20.34,7.95,,2.2
"2026-03-02 23:14:49",6580,5934,44687,0,,11.55,88.4,-20.4,7.95,,2.1
"2026-03-02 23:14:50",6582,5936,44674,-36.858535,-71.471855,11.05,92.6,-20.41,7.95,,2.1
"2026-03-02 23:14:51",6585,5939,44658,0,,10.15,104.6,-20.44,7.95,,2.1
"2026-03-02 23:14:52",6587,5941,44643,0,,10.15,104.6,-20.46,7.9,,2.2
"2026-03-02 23:14:53",6590,5944,44628,-36.858548,-71.471612,10.45,97.7,-20.49,7.95,,2.2
"2026-03-02 23:14:54",6592,5946,44617,0,,10.45,97.7,-20.5,8,,2.2
"2026-03-02 23:14:55",6593,5947,44606,0,,11.4,89.1,-20.51,7.95,,2.1
"2026-03-02 23:14:56",6595,5949,44596,-36.858592,-71.47113,10.65,101.7,-20.54,7.95,,2.1
"2026-03-02 23:14:57",6597,5951,44583,0,,10.75,95.9,-20.54,7.95,,2.1
"2026-03-02 23:14:58",6599,5953,44570,0,,11.55,87.1,-20.55,7.95,,2.1
"2026-03-02 23:14:59",6601,5955,44558,-36.85862,-71.470768,9.95,104.3,-20.57,7.95,,2.1
"2026-03-02 23:15:01",6605,5959,44533,0,,12.6,88.8,-20.58,7.95,,2.1
"2026-03-02 23:15:02",6607,5961,44522,-36.858647,-71.470397,9.35,100.6,-20.6,7.9,-8.75,2.1
"2026-03-02 23:15:03",6610,5964,44507,0,,9.35,100.6,-20.64,7.9,,2.1
"2026-03-02 23:15:04",6612,5966,44493,0,,12.45,89.6,-20.62,7.9,,2.1
"2026-03-02 23:15:05",6614,5968,44480,-36.858672,-71.470023,9.1,98,-20.67,7.9,,2.1
"2026-03-02 23:15:06",6616,5970,44471,0,,9.1,98,-20.7,7.9,,2
"2026-03-02 23:15:07",6617,5971,44462,0,,11.3,90.1,-20.73,7.9,,2
"2026-03-02 23:15:08",6619,5973,44454,-36.858697,-71.469653,9.3,96.5,-20.76,7.9,,2
"2026-03-02 23:15:09",6621,5975,44438,0,,9.3,96.5,-20.75,7.9,,2
"2026-03-02 23:15:10",6624,5978,44422,0,,10.75,90,-20.78,7.9,,2.1
"2026-03-02 23:15:11",6627,5981,44406,-36.858717,-71.469285,9.25,99.8,-20.8,7.85,,2.1
"2026-03-02 23:15:12",6629,5983,44393,0,,12.65,91.7,-20.78,7.85,,2.1
"2026-03-02 23:15:13",6631,5985,44381,0,,12.65,91.7,-20.82,7.85,,2.1
"2026-03-02 23:15:14",6633,5987,44370,-36.858737,-71.468922,9.6,101.3,-20.84,7.85,,2.1
"2026-03-02 23:15:16",6638,5992,44338,0,,11.85,86.5,-20.86,7.85,,2.2
"2026-03-02 23:15:17",6641,5995,44322,-36.858757,-71.468557,10.05,100,-20.88,7.85,,2.2
"2026-03-02 23:15:18",6643,5997,44309,0,,10.05,100,-20.9,7.85,,2.2
"2026-03-02 23:15:19",6645,5999,44296,0,,11.8,102.2,-20.93,7.85,,2.2
"2026-03-02 23:15:20",6647,6001,44284,-36.858777,-71.468188,9.95,96.4,-20.95,7.85,,2.3
"2026-03-02 23:15:21",6649,6003,44272,0,,9.95,96.4,-20.99,7.8,,2.3
"2026-03-02 23:15:22",6651,6005,44260,0,,12.05,101.9,-20.99,7.85,,2.3
"2026-03-02 23:15:23",6653,6007,44248,-36.858795,-71.467825,9.6,94.3,-21.01,7.85,,2.2
"2026-03-02 23:15:24",6655,6009,44237,0,,9.6,94.3,-21.01,7.85,,2.2
"2026-03-02 23:15:25",6657,6011,44226,0,,12.25,102.6,-21.03,7.8,,2.2
"2026-03-02 23:15:26",6659,6013,44216,-36.858813,-71.467457,9.7,89,-21.05,7.8,,2.1
"2026-03-02 23:15:28",6664,6018,44186,0,,11.9,103.3,-21.07,7.8,,2.1
"2026-03-02 23:15:29",6666,6020,44172,-36.858833,-71.467088,10.05,87.5,-21.08,7.8,-9.25,2.1
"2026-03-02 23:15:31",6671,6025,44145,0,,11.6,103,-21.15,7.8,,2.1
"2026-03-02 23:15:32",6673,6027,44132,-36.858852,-71.466713,11.75,85.1,-21.18,7.8,,2.1
"2026-03-02 23:15:33",6676,6030,44114,0,,9.95,94.4,-21.19,7.8,,2.2
"2026-03-02 23:15:34",6679,6033,44097,0,,9.95,94.4,-21.23,7.8,,2.3
"2026-03-02 23:15:35",6682,6036,44080,-36.858873,-71.466338,12.5,86.9,-21.22,7.8,,2.4
"2026-03-02 23:15:36",6684,6038,44067,0,,9.4,96,-21.24,7.8,,2.4
"2026-03-02 23:15:37",6686,6040,44054,0,,9.4,96,-21.29,7.75,,2.4
"2026-03-02 23:15:38",6688,6042,44042,-36.858888,-71.465963,12.3,85.8,-21.28,7.8,,2.4
"2026-03-02 23:15:39",6690,6044,44032,0,,,,-21.32,7.8,,2.4
"2026-03-02 23:15:40",6691,6045,44022,0,,,,-21.32,7.8,,2.3
"2026-03-02 23:15:41",6693,6047,44012,0,,,,-21.35,7.8,,2.3
"2026-03-02 23:15:42",6696,6050,43995,0,,11.6,87.2,-21.36,7.8,,2.3
"2026-03-02 23:15:43",6698,6052,43979,0,,12.7,90.1,-21.36,7.75,,2.3
"2026-03-02 23:15:44",6701,6055,43964,-36.858908,-71.465332,11.5,92.8,-21.33,7.8,,2.4
"2026-03-02 23:15:45",6703,6057,43951,0,,9.85,102.7,-21.36,7.8,,2.3
"2026-03-02 23:15:46",6705,6059,43939,0,,9.85,102.7,-21.39,7.8,,2.2
"2026-03-02 23:15:47",6707,6061,43928,-36.85894,-71.464842,11.65,93.6,-21.41,7.8,,2.1
"2026-03-02 23:15:48",6710,6064,43913,0,,10.2,101.6,-21.41,7.8,,2.2
"2026-03-02 23:15:49",6712,6066,43897,0,,10.2,101.6,-21.44,7.8,,2.2
"2026-03-02 23:15:50",6715,6069,43882,-36.858945,-71.464593,11.35,96,-21.48,7.8,,2.2
"2026-03-02 23:15:51",6716,6070,43872,0,,10.1,100.9,-21.5,7.75,,2.2
"2026-03-02 23:15:52",6718,6072,43863,0,,11.45,83.3,-21.49,7.75,,2.2
"2026-03-02 23:15:53",6720,6074,43854,-36.85898,-71.46411,10.9,100.4,-21.51,7.75,,2.2
"2026-03-02 23:15:55",6724,6078,43828,0,,12.4,86.8,-21.61,7.75,,2.1
"2026-03-02 23:15:56",6726,6080,43816,-36.858997,-71.463742,10,97.2,-21.62,7.75,-9.5,2.1
"2026-03-02 23:15:57",6728,6082,43804,0,,10.45,97.7,-21.67,7.7,,2.1
"2026-03-02 23:15:58",6730,6084,43792,0,,10.45,97.7,-21.66,7.75,,2.1
"2026-03-02 23:15:59",6732,6086,43780,-36.859012,-71.463375,9.15,91.7,-21.68,7.75,,2.1
"2026-03-02 23:16:00",6734,6088,43767,0,,,,-21.73,7.7,,2
"2026-03-02 23:16:01",6736,6090,43755,0,,,,-21.69,7.75,,2
"2026-03-02 23:16:02",6738,6092,43744,0,,,,-21.72,7.75,,1.9
"2026-03-02 23:16:03",6740,6094,43730,0,,11.6,95.1,-21.73,7.75,,2
"2026-03-02 23:16:04",6743,6097,43717,0,,12.2,89.5,-21.72,7.75,,2.1
"2026-03-02 23:16:05",6745,6099,43704,-36.859037,-71.462755,9.3,98.7,-21.74,7.75,,2.1
"2026-03-02 23:16:06",6747,6101,43693,0,,,,-21.79,7.75,,2.1
"2026-03-02 23:16:07",6749,6103,43682,0,,,,-21.79,7.75,,2.1
"2026-03-02 23:16:08",6750,6104,43672,0,,,,-21.79,7.75,,2
"2026-03-02 23:16:09",6753,6107,43657,0,,11.35,89.3,-21.84,7.75,,2.1
"2026-03-02 23:16:10",6755,6109,43643,0,,11.35,89.3,-21.88,7.75,,2.1
"2026-03-02 23:16:11",6757,6111,43630,-36.85909,-71.462005,10.8,105.1,-21.9,7.75,,2.1
"2026-03-02 23:16:12",6760,6114,43615,0,,11.45,86.6,-21.92,7.75,,2.1
"2026-03-02 23:16:13",6762,6116,43600,0,,11.3,94.1,-21.95,7.75,,2.2
"2026-03-02 23:16:14",6765,6119,43586,-36.859125,-71.461513,10.6,106.1,-21.98,7.75,,2.2
"2026-03-02 23:16:16",6769,6123,43564,0,,10.45,94.8,-22.03,7.75,,2.2
"2026-03-02 23:16:17",6770,6124,43554,-36.859152,-71.461145,10.15,103.1,-22.06,7.75,,2.1
"2026-03-02 23:16:18",6772,6126,43545,0,,,,-22.05,7.75,,2.1
"2026-03-02 23:16:19",6773,6127,43536,0,,,,-22.09,7.75,,2.1
"2026-03-02 23:16:20",6775,6129,43528,0,,,,-22.15,7.75,,2
"2026-03-02 23:16:21",6777,6131,43512,0,,,,-22.12,7.75,,2.1
"2026-03-02 23:16:22",6780,6134,43497,0,,,,-22.16,7.75,,2.1
"2026-03-02 23:16:23",6783,6137,43482,0,,,,-22.17,7.8,-10,2.1
"2026-03-02 23:16:24",6785,6139,43470,0,,11.4,99.6,-22.17,7.75,,2
"2026-03-02 23:16:25",6786,6140,43459,0,,9.2,97.6,-22.19,7.75,,2
"2026-03-02 23:16:26",6788,6142,43448,-36.85922,-71.460155,11.75,94.2,-22.23,7.75,,1.9
"2026-03-02 23:16:27",6790,6144,43435,0,,12.2,94.2,-22.21,7.8,,2
"2026-03-02 23:16:28",6793,6147,43422,0,,12.2,94.2,-22.22,7.8,,2
"2026-03-02 23:16:29",6795,6149,43410,-36.859258,-71.459645,12.05,90.3,-22.26,7.75,,2
"2026-03-02 23:16:31",6799,6153,43384,0,,11.8,96.8,-22.26,7.8,,2.2
"2026-03-02 23:16:32",6801,6155,43372,-36.859285,-71.459408,11.2,92.1,-22.28,7.8,,2.2
"2026-03-02 23:16:33",6803,6157,43359,0,,11.75,101.3,-22.31,7.8,,2.2
"2026-03-02 23:16:34",6806,6160,43346,0,,10.05,99.3,-22.34,7.8,,2.1
"2026-03-02 23:16:35",6808,6162,43334,-36.859325,-71.458897,12.65,87.4,-22.32,7.8,,2.1
"2026-03-02 23:16:36",6810,6164,43320,0,,10.95,99.8,-22.34,7.8,,2.1
"2026-03-02 23:16:37",6813,6167,43306,0,,9.8,96.9,-22.37,7.8,,2.2
"2026-03-02 23:16:38",6815,6169,43292,-36.859352,-71.458518,13.3,93.6,-22.37,7.8,,2.2
"2026-03-02 23:16:39",6817,6171,43279,0,,10.4,93.7,-22.4,7.8,,2.2
"2026-03-02 23:16:40",6819,6173,43266,0,,10.15,95.9,-22.45,7.8,,2.2
"2026-03-02 23:16:41",6821,6175,43254,-36.859378,-71.458138,13.15,98.2,-22.46,7.85,,2.2
"2026-03-02 23:16:42",6823,6177,43243,0,,,,-22.49,7.85,,2.2
"2026-03-02 23:16:43",6825,6179,43232,0,,,,-22.52,7.85,,2.2
"2026-03-02 23:16:44",6827,6181,43222,0,,,,-22.54,7.85,,2.1
"2026-03-02 23:16:45",6829,6183,43209,0,,,,-22.55,7.85,,2.1
"2026-03-02 23:16:46",6831,6185,43197,0,,,,-22.55,7.85,,2.1
"2026-03-02 23:16:47",6833,6187,43186,0,,,,-22.57,7.85,,2.1
"2026-03-02 23:16:49",6837,6191,43164,0,,12.05,103.8,-22.61,7.8,,2
"2026-03-02 23:16:50",6838,6192,43154,-36.859468,-71.457122,12.05,95.7,-22.62,7.85,-10.25,2
"2026-03-02 23:16:51",6841,6195,43139,0,,10.05,90,-22.61,7.8,,2
"2026-03-02 23:16:52",6843,6197,43124,0,,13.2,96.1,-22.6,7.85,,2
"2026-03-02 23:16:53",6846,6200,43110,-36.859495,-71.456728,11.65,99.9,-22.6,7.85,,2.1
"2026-03-02 23:16:54",6847,6201,43101,0,,11.65,99.9,-22.63,7.85,,2
"2026-03-02 23:16:55",6849,6203,43092,0,,13.55,91.3,-22.62,7.85,,2
"2026-03-02 23:16:56",6850,6204,43084,-36.85954,-71.45622,11.25,103.9,-22.63,7.9,,2
"2026-03-02 23:16:58",6854,6208,43062,0,,13.55,93.5,-22.64,7.9,,1.9
"2026-03-02 23:16:59",6856,6210,43052,-36.859575,-71.455833,10.3,103.8,-22.67,7.9,,1.9
"2026-03-02 23:17:01",6860,6214,43029,0,,,,-22.7,7.9,,1.9
"2026-03-02 23:17:02",6862,6216,43018,0,,,,-22.72,7.9,,1.9
"2026-03-02 23:17:03",6863,6217,43008,0,,,,-22.78,7.85,,1.9
"2026-03-02 23:17:04",6865,6219,42998,0,,,,-22.79,7.9,,1.9
"2026-03-02 23:17:05",6867,6221,42988,0,,,,-22.82,7.9,,1.8
"2026-03-02 23:17:07",6871,6225,42965,0,,12.75,92.2,-22.86,7.9,,1.8
"2026-03-02 23:17:08",6873,6227,42954,-36.859672,-71.454648,10.3,90.6,-22.87,7.9,,1.8
"2026-03-02 23:17:10",6877,6231,42931,0,,13.1,104.4,-22.92,7.9,,1.9
"2026-03-02 23:17:11",6878,6232,42920,-36.85969,-71.45438,10.35,93.3,-22.93,7.95,,1.9
"2026-03-02 23:17:12",6881,6235,42906,0,,,,-22.93,7.95,,1.9
"2026-03-02 23:17:13",6883,6237,42893,0,,,,-22.95,7.95,,1.9
"2026-03-02 23:17:14",6885,6239,42880,0,,,,-22.96,7.95,,2
"2026-03-02 23:17:17",6889,6243,42856,-36.859758,-71.453588,12,95.8,-22.97,7.95,-10.75,1.9
"2026-03-02 23:17:19",6895,6249,42823,0,,9.85,97.1,-22.95,8,,2
"2026-03-02 23:17:20",6898,6252,42808,-36.859807,-71.453047,12.3,93.3,-22.94,8,,2.1
"2026-03-02 23:17:21",6900,6254,42795,0,,12.3,93.3,-22.94,8,,2.1
"2026-03-02 23:17:22",6902,6256,42783,0,,9.7,98.8,-22.96,8,,2.1
"2026-03-02 23:17:23",6904,6258,42772,-36.859845,-71.452645,12.6,94.9,-22.98,8,,2.1
"2026-03-02 23:17:24",6905,6259,42763,0,,,,-22.99,8,,2
"2026-03-02 23:17:25",6907,6261,42755,0,,,,-23,8,,2
"2026-03-02 23:17:26",6908,6262,42748,0,,,,-23.02,8,,1.9
"2026-03-02 23:17:27",6911,6265,42731,0,,12.9,96.5,-23.02,7.95,,2
"2026-03-02 23:17:28",6914,6268,42714,0,,10.3,96.9,-23.06,8,,2
"2026-03-02 23:17:29",6917,6271,42698,-36.859898,-71.451828,13.45,92.7,-23.05,8,,2.3
"2026-03-02 23:17:30",6918,6272,42691,0,,12.1,96.7,-23.06,8.05,,2.2
"2026-03-02 23:17:31",6919,6273,42684,0,,12.1,96.7,-23.09,8.05,,2
"2026-03-02 23:17:32",6920,6274,42678,-36.859912,-71.451553,10.9,93.9,-23.14,8,,1.9
"2026-03-02 23:17:33",6923,6277,42662,0,,,,-23.13,8,,1.9
"2026-03-02 23:17:34",6925,6279,42647,0,,,,-23.14,8,,2
"2026-03-02 23:17:35",6928,6282,42632,0,,,,-23.1,8,,2
"2026-03-02 23:17:36",6930,6284,42621,0,,13.85,91.5,-23.13,8.05,,2
"2026-03-02 23:17:37",6932,6286,42610,0,,10.55,94.4,-23.16,8,,2
"2026-03-02 23:17:38",6934,6288,42600,-36.85997,-71.45074,13.8,88.2,-23.16,8,,2.1
"2026-03-02 23:17:39",6936,6290,42586,0,,11.7,103.8,-23.21,8.1,,2.1
"2026-03-02 23:17:40",6938,6292,42573,0,,11.7,103.8,-23.23,8.1,,2.1
"2026-03-02 23:17:41",6940,6294,42560,-36.860018,-71.450183,14.3,91,-23.22,8.1,,2.1
"2026-03-02 23:17:42",6942,6296,42550,0,,,,-23.25,8.1,,2
"2026-03-02 23:17:43",6944,6298,42541,0,,,,-23.3,8.05,,2
"2026-03-02 23:17:44",6945,6299,42532,0,,,,-23.29,8.1,-11.25,2
"2026-03-02 23:17:45",6947,6301,42524,0,,11.1,93.2,-23.32,8.1,,2
"2026-03-02 23:17:46",6948,6302,42517,0,,11.55,95.6,-23.37,8.1,,1.9
"2026-03-02 23:17:47",6949,6303,42510,-36.860102,-71.449358,14.4,99.9,-23.38,8.1,,1.8
"2026-03-02 23:17:48",6951,6305,42498,0,,10.95,92.6,-23.39,8.1,,1.8
"2026-03-02 23:17:49",6953,6307,42486,0,,12.45,97.5,-23.4,8.1,,1.8
"2026-03-02 23:17:50",6955,6309,42474,-36.860143,-71.448945,13.85,99.8,-23.41,8.1,,1.8
"2026-03-02 23:17:51",6957,6311,42464,0,,10.8,92.2,-23.41,8.1,,1.8
"2026-03-02 23:17:52",6959,6313,42454,0,,10.8,92.2,-23.42,8.1,,1.8
"2026-03-02 23:17:53",6960,6314,42444,-36.860165,-71.448665,13.6,99.8,-23.42,8.1,,1.7
"2026-03-02 23:17:54",6962,6316,42433,0,,13.65,99.8,-23.43,8.1,,1.7
"2026-03-02 23:17:55",6964,6318,42422,0,,13.45,96.9,-23.45,8.1,,1.7
"2026-03-02 23:17:56",6966,6320,42412,-36.860213,-71.448117,13.2,98.5,-23.48,8.1,,1.7
"2026-03-02 23:17:57",6968,6322,42402,0,,13.2,98.5,-23.49,8.1,,1.7
"2026-03-02 23:17:58",6969,6323,42393,0,,13.85,99.2,-23.5,8.1,,1.7
"2026-03-02 23:17:59",6971,6325,42384,-36.860243,-71.447832,12.8,97.5,-23.51,8.1,,1.8
"2026-03-02 23:18:01",6974,6328,42365,0,,14.15,100.5,-23.53,8.1,,1.8
"2026-03-02 23:18:02",6976,6330,42356,-36.860285,-71.44728,12.6,96.6,-23.54,8.1,,1.7
"2026-03-02 23:18:03",6977,6331,42347,0,,,,-23.56,8.1,,1.7
"2026-03-02 23:18:04",6979,6333,42339,0,,,,-23.58,8.1,,1.6
"2026-03-02 23:18:05",6980,6334,42332,0,,,,-23.6,8.1,,1.6
"2026-03-02 23:18:06",6982,6336,42320,0,,,,-23.6,8.1,,1.6
"2026-03-02 23:18:07",6984,6338,42308,0,,,,-23.61,8.1,,1.7
"2026-03-02 23:18:08",6986,6340,42296,0,,,,-23.65,8.1,,1.7
"2026-03-02 23:18:10",6988,6342,42286,0,,13.75,102.2,-23.68,8.1,,1.5
"2026-03-02 23:18:11",6989,6343,42282,-36.860402,-71.44602,12.6,91.6,-23.69,8.1,-11.5,1.5
"2026-03-02 23:18:12",6990,6344,42271,0,,11.65,94.3,-23.7,8.1,,1.5
"2026-03-02 23:18:13",6992,6346,42260,0,,11.65,94.3,-23.71,8.1,,1.5
"2026-03-02 23:18:14",6994,6348,42250,-36.860433,-71.44573,12.05,89.6,-23.72,8.1,,1.5
"2026-03-02 23:18:16",6997,6351,42232,0,,14.55,101.9,-23.74,8.1,,1.6
"2026-03-02 23:18:17",6999,6353,42224,-36.860475,-71.445173,11.65,90.5,-23.75,8.1,,1.6
"2026-03-02 23:18:18",7001,6355,42212,0,,,,-23.75,8.1,,1.6
"2026-03-02 23:18:19",7003,6357,42200,0,,,,-23.75,8.1,,1.6
"2026-03-02 23:18:20",7005,6359,42188,0,,,,-23.78,8.1,,1.6
"2026-03-02 23:18:21",7006,6360,42180,0,,11.35,92.5,-23.78,8.1,,1.5
"2026-03-02 23:18:22",7007,6361,42173,0,,14.75,97.9,-23.78,8.1,,1.5
"2026-03-02 23:18:23",7009,6363,42166,-36.86055,-71.444313,11.2,93.6,-23.78,8.1,,1.6
"2026-03-02 23:18:24",7011,6365,42155,0,,,,-23.8,8.1,,1.7
"2026-03-02 23:18:25",7012,6366,42144,0,,,,-23.75,8.1,,1.7
"2026-03-02 23:18:26",7014,6368,42134,0,,,,-23.76,8.1,,1.7
"2026-03-02 23:18:27",7016,6370,42124,0,,,,-23.8,8.1,,1.7
"2026-03-02 23:18:28",7018,6372,42115,0,,,,-23.74,8.1,,1.7
"2026-03-02 23:18:29",7019,6373,42106,0,,,,-23.75,8.1,,1.7
"2026-03-02 23:18:30",7021,6375,42096,0,,,,-23.78,8.1,,1.7
"2026-03-02 23:18:31",7022,6376,42087,0,,,,-23.8,8.1,,1.6
"2026-03-02 23:18:32",7024,6378,42078,0,,,,-23.82,8.1,,1.6
"2026-03-02 23:18:33",7026,6380,42068,0,,11.1,92.9,-23.84,8.1,,1.6
"2026-03-02 23:18:34",7027,6381,42059,0,,11.1,92.9,-23.86,8.1,,1.6
"2026-03-02 23:18:35",7029,6383,42050,-36.86068,-71.442723,11,92.6,-23.89,8.1,,1.7
"2026-03-02 23:18:37",7032,6386,42031,0,,14.15,100.7,-23.91,8.05,,1.6
"2026-03-02 23:18:38",7034,6388,42022,-36.86072,-71.442287,11.2,93.5,-23.93,8.05,-12,1.6
"2026-03-02 23:18:39",7035,6389,42012,0,,,,-23.89,8.05,,1.6
"2026-03-02 23:18:40",7037,6391,42003,0,,,,-23.9,8.05,,1.6
"2026-03-02 23:18:41",7039,6393,41994,0,,,,-23.93,8.05,,1.6
"2026-03-02 23:18:42",7040,6394,41983,0,,14.85,93.8,-23.89,8.05,,1.6
"2026-03-02 23:18:43",7042,6396,41973,0,,12.7,102.3,-23.93,8.05,,1.6
"2026-03-02 23:18:44",7044,6398,41964,-36.860803,-71.441412,11.6,94.7,-23.95,8.05,,1.7
"2026-03-02 23:18:45",7045,6399,41956,0,,,,-23.95,8.05,,1.6
"2026-03-02 23:18:46",7046,6400,41949,0,,,,-23.98,8.05,,1.6
"2026-03-02 23:18:47",7048,6402,41942,0,,,,-24.01,8.05,,1.6
"2026-03-02 23:18:48",7050,6404,41931,0,,15.05,95,-23.97,8.05,,1.6
"2026-03-02 23:18:49",7052,6406,41920,0,,15.05,95,-24.01,8.05,,1.6
"2026-03-02 23:18:50",7053,6407,41910,-36.860893,-71.44054,13.05,96.5,-24.06,7.95,,1.6
"2026-03-02 23:18:51",7055,6409,41899,0,,14.7,97.8,-24.06,8.05,,1.7
"2026-03-02 23:18:52",7057,6411,41887,0,,11.65,94.9,-24.09,8.05,,1.7
"2026-03-02 23:18:53",7059,6413,41876,-36.860955,-71.439947,13.1,96.4,-24.11,8.05,,1.7
"2026-03-02 23:18:54",7061,6415,41864,0,,,,-24.13,8.05,,1.7
"2026-03-02 23:18:55",7064,6418,41852,0,,,,-24.15,8.05,,1.8
"2026-03-02 23:18:56",7066,6420,41840,0,,,,-24.18,8,,1.8
"2026-03-02 23:18:57",7067,6421,41829,0,,14.75,102.3,-24.2,8,,1.8
"2026-03-02 23:18:58",7069,6423,41819,0,,13.05,88,-24.22,8,,1.9
"2026-03-02 23:18:59",7071,6425,41810,-36.861025,-71.439203,12.85,102.9,-24.23,8,,1.9
"2026-03-02 23:19:00",7072,6426,41801,0,,,,-24.24,8,,1.9
"2026-03-02 23:19:01",7074,6428,41792,0,,,,-24.25,8,,1.9
"2026-03-02 23:19:02",7075,6429,41784,0,,,,-24.27,8,,1.8
"2026-03-02 23:19:04",7079,6433,41762,0,,12.4,90.8,-24.3,8,,1.8
"2026-03-02 23:19:05",7081,6435,41752,-36.861162,-71.438175,13.35,106.7,-24.28,7.95,-12.25,1.8
"2026-03-02 23:19:06",7082,6436,41744,0,,13.35,106.7,-24.27,8,,1.7
"2026-03-02 23:19:07",7084,6438,41737,0,,12,94.3,-24.28,8,,1.7
"2026-03-02 23:19:08",7085,6439,41730,-36.861222,-71.437727,14.65,104.1,-24.31,8,,1.6
"2026-03-02 23:19:09",7086,6440,41723,0,,13.05,99.7,-24.32,8,,1.6
"2026-03-02 23:19:10",7087,6441,41716,0,,13.05,99.7,-24.33,8,,1.5
"2026-03-02 23:19:11",7088,6442,41710,-36.861278,-71.43729,15,99.4,-24.3,8,,1.5
"2026-03-02 23:19:12",7091,6445,41698,0,,15,99.4,-24.32,8,,1.5
"2026-03-02 23:19:13",7093,6447,41686,0,,12.3,98.7,-24.37,8,,1.6
"2026-03-02 23:19:14",7095,6449,41674,-36.861332,-71.436847,15.05,94.7,-24.35,8,,1.6
"2026-03-02 23:19:16",7098,6452,41654,0,,12.4,97.6,-24.4,8,,1.6
"2026-03-02 23:19:17",7100,6454,41644,-36.861372,-71.436392,15.6,92.8,-24.42,8,,1.6
"2026-03-02 23:19:18",7102,6456,41633,0,,15.6,92.8,-24.41,8,,1.6
"2026-03-02 23:19:19",7104,6458,41623,0,,12.95,100.8,-24.4,8,,1.7
"2026-03-02 23:19:20",7105,6459,41614,-36.861403,-71.436093,15.6,93,-24.41,8,,1.7
"2026-03-02 23:19:21",7107,6461,41606,0,,12.3,96.8,-24.44,8,,1.7
"2026-03-02 23:19:22",7108,6462,41599,0,,12.3,96.8,-24.44,8,,1.7
"2026-03-02 23:19:23",7109,6463,41592,-36.861432,-71.435638,15.55,91.8,-24.41,8,,1.7
"2026-03-02 23:19:24",7111,6465,41580,0,,12.15,96.7,-24.4,8,,1.7
"2026-03-02 23:19:25",7113,6467,41570,0,,12.7,100.2,-24.39,8,,1.7
"2026-03-02 23:19:26",7115,6469,41560,-36.861472,-71.435192,15.15,94.4,-24.4,8,,1.7
"2026-03-02 23:19:28",7118,6472,41538,0,,13.55,96.4,-24.39,8,,1.7
"2026-03-02 23:19:29",7120,6474,41528,-36.861515,-71.43459,15.35,92.2,-24.4,8,,1.7
"2026-03-02 23:19:32",7126,6480,41496,-36.861542,-71.434142,15,90.2,-24.42,8,-12.5,1.7
"2026-03-02 23:19:33",7128,6482,41486,0,,,,-24.44,8,,1.7
"2026-03-02 23:19:34",7130,6484,41476,0,,,,-24.44,8,,1.8
"2026-03-02 23:19:35",7131,6485,41466,0,,,,-24.46,8,,1.8
"2026-03-02 23:19:37",7134,6488,41449,0,,14.25,93.5,-24.47,8,,1.8
"2026-03-02 23:19:38",7136,6490,41442,-36.861597,-71.433243,14.65,92.9,-24.48,8,,1.7
"2026-03-02 23:19:39",7137,6491,41431,0,,,,-24.47,8.05,,1.8
"2026-03-02 23:19:40",7140,6494,41419,0,,,,-24.47,8.05,,1.8
"2026-03-02 23:19:41",7142,6496,41408,0,,,,-24.48,8,,1.8
"2026-03-02 23:19:43",7145,6499,41390,0,,14.35,101.1,-24.48,8,,1.7
"2026-03-02 23:19:44",7146,6500,41382,-36.861657,-71.432355,13.9,91.6,-24.48,8,,1.7
"2026-03-02 23:19:46",7150,6504,41358,0,,14.3,102.6,-24.48,8,,1.7
"2026-03-02 23:19:47",7153,6507,41346,-36.861688,-71.432057,13.15,91.1,-24.48,8,,1.8
"2026-03-02 23:19:48",7154,6508,41336,0,,13.15,91.1,-24.48,8,,1.8
"2026-03-02 23:19:49",7156,6510,41327,0,,15.05,101.9,-24.49,8,,1.7
"2026-03-02 23:19:50",7157,6511,41318,-36.861735,-71.431465,12.5,92.2,-24.49,8,,1.8
"2026-03-02 23:19:51",7159,6513,41307,0,,12.5,92.2,-24.5,8,,1.8
"2026-03-02 23:19:52",7161,6515,41296,0,,15.25,98.8,-24.5,8,,1.8
"2026-03-02 23:19:53",7163,6517,41286,-36.861775,-71.431015,11.9,94.9,-24.54,8,,1.8
"2026-03-02 23:19:54",7165,6519,41277,0,,11.9,94.9,-24.55,8,,1.8
"2026-03-02 23:19:55",7166,6520,41268,0,,15.1,95.6,-24.57,8,,1.8
"2026-03-02 23:19:56",7168,6522,41260,-36.861808,-71.430567,11.6,95.7,-24.58,8,,1.8
"2026-03-02 23:19:58",7172,6526,41236,0,,14.9,99,-24.6,8,,1.9
"2026-03-02 23:19:59",7174,6528,41224,-36.861852,-71.430115,11.8,93.5,-24.62,8,-13.25,1.8
"2026-03-02 23:20:00",7176,6530,41213,0,,,,-24.62,8,,1.8
"2026-03-02 23:20:01",7178,6532,41202,0,,,,-24.64,8,,1.8
"2026-03-02 23:20:02",7180,6534,41192,0,,,,-24.64,8,,1.9
"2026-03-02 23:20:03",7181,6535,41185,0,,14.45,102.8,-24.64,7.95,,1.8
"2026-03-02 23:20:04",7182,6536,41178,0,,14.25,93.2,-24.64,7.95,,1.7
"2026-03-02 23:20:05",7183,6537,41172,-36.86194,-71.429193,12.55,94,-24.64,7.95,,1.7
"2026-03-02 23:20:06",7185,6539,41161,0,,12.55,94,-24.64,7.95,,1.7
"2026-03-02 23:20:07",7187,6541,41150,0,,13.15,93.9,-24.64,7.95,,1.7
"2026-03-02 23:20:08",7189,6543,41140,-36.86197,-71.428888,13.05,95.4,-24.65,7.95,,1.8
"2026-03-02 23:20:09",7191,6545,41130,0,,13.05,95.4,-24.65,7.95,,1.8
"2026-03-02 23:20:10",7192,6546,41121,0,,12.6,92.3,-24.7,7.95,,1.7
"2026-03-02 23:20:11",7194,6548,41112,-36.862037,-71.428265,13.35,98.3,-24.72,7.95,,1.7
"2026-03-02 23:20:12",7196,6550,41101,0,,15.8,101.2,-24.72,7.95,,1.7
"2026-03-02 23:20:13",7198,6552,41090,0,,15.8,101.2,-24.74,7.95,,1.7
"2026-03-02 23:20:14",7200,6554,41080,-36.862085,-71.427792,14.4,96.8,-24.75,7.95,,1.7
"2026-03-02 23:20:16",7204,6558,41057,0,,11.85,96.8,-24.82,7.95,,1.8
"2026-03-02 23:20:17",7206,6560,41046,-36.862137,-71.427327,14.75,96.8,-24.83,7.95,,1.8
"2026-03-02 23:20:18",7208,6562,41033,0,,,,-24.85,7.95,,1.9
"2026-03-02 23:20:19",7210,6564,41020,0,,,,-24.87,7.95,,1.9
"2026-03-02 23:20:20",7213,6567,41008,0,,,,-24.88,7.95,,2
"2026-03-02 23:20:21",7214,6568,40997,0,,,,-24.9,7.95,,2
"2026-03-02 23:20:22",7216,6570,40986,0,,,,-24.91,8,,2
"2026-03-02 23:20:23",7218,6572,40976,0,,,,-24.94,8,,2
"2026-03-02 23:20:24",7219,6573,40969,0,,,,-24.96,8,,1.9
"2026-03-02 23:20:25",7220,6574,40963,0,,,,-24.99,8,,1.9
"2026-03-02 23:20:26",7221,6575,40958,0,,,,-24.94,8,-13.75,1.8
"2026-03-02 23:20:27",7224,6578,40944,0,,13.25,102,-24.97,8,,1.9
"2026-03-02 23:20:28",7226,6580,40930,0,,13.25,102,-24.99,8,,1.9
"2026-03-02 23:20:29",7229,6583,40916,-36.862325,-71.425578,13.35,95.9,-25.02,8,,1.9
"2026-03-02 23:20:31",7232,6586,40901,0,,14.1,96.9,-25.07,8.05,,1.8
"2026-03-02 23:20:32",7233,6587,40894,-36.862378,-71.425098,16.35,100.5,-25.06,8.1,,1.7
"2026-03-02 23:20:33",7235,6589,40881,0,,16.35,100.5,-25.06,8.05,,1.7
"2026-03-02 23:20:34",7237,6591,40869,0,,14.55,99.7,-25.07,8.1,,1.7
"2026-03-02 23:20:35",7239,6593,40858,-36.86243,-71.42461,15.75,101.4,-25.09,8.1,,1.8
"2026-03-02 23:20:36",7241,6595,40847,0,,15.75,101.4,-25.08,8.1,,1.8
"2026-03-02 23:20:37",7243,6597,40836,0,,14.55,101.7,-25.09,8.15,,1.8
"2026-03-02 23:20:38",7245,6599,40826,-36.862493,-71.423967,15.55,99.6,-25.09,8.15,,1.9
"2026-03-02 23:20:39",7247,6601,40815,0,,13.15,88.7,-25.12,8.15,,2
"2026-03-02 23:20:40",7249,6603,40804,0,,14.85,102.5,-25.13,8.15,,1.9
"2026-03-02 23:20:41",7251,6605,40794,-36.862543,-71.423483,15.8,98,-25.15,8.2,,1.9
"2026-03-02 23:20:42",7253,6607,40781,0,,12.85,91.7,-25.15,8.2,,1.8
"2026-03-02 23:20:43",7255,6609,40769,0,,12.85,91.7,-25.17,8.25,,2
"2026-03-02 23:20:44",7257,6611,40758,-36.86258,-71.423155,15.25,98.6,-25.19,8.25,,2
"2026-03-02 23:20:45",7259,6613,40748,0,,12.15,97.7,-25.2,8.3,,2
"2026-03-02 23:20:46",7261,6615,40738,0,,15.6,98.2,-25.21,8.35,,2
"2026-03-02 23:20:47",7263,6617,40728,-36.862652,-71.422528,14.9,98.2,-25.24,8.35,,1.9
"2026-03-02 23:20:48",7265,6619,40716,0,,14.85,98.2,-25.26,8.35,,2
"2026-03-02 23:20:49",7267,6621,40704,0,,15.4,94.1,-25.28,8.35,,2
"2026-03-02 23:20:50",7269,6623,40692,-36.862707,-71.422053,14.6,101.3,-25.3,8.4,,2
"2026-03-02 23:20:52",7273,6627,40670,0,,16.1,91.4,-25.34,8.4,,2
"2026-03-02 23:20:53",7275,6629,40660,-36.862728,-71.421722,14.15,101,-25.36,8.45,-14,2
"2026-03-02 23:20:54",7277,6631,40650,0,,14.15,101,-25.38,8.45,,2
"2026-03-02 23:20:55",7278,6632,40640,0,,15.9,92.2,-25.39,8.5,,2
"2026-03-02 23:20:56",7280,6634,40630,-36.862793,-71.421093,13.35,102.3,-25.42,8.5,,1.9
"2026-03-02 23:20:57",7282,6636,40617,0,,13.3,102.3,-25.44,8.55,,1.9
"2026-03-02 23:20:58",7284,6638,40605,0,,16.05,93,-25.46,8.55,,2
"2026-03-02 23:20:59",7287,6641,40594,-36.862833,-71.420613,12.95,100.6,-25.46,8.6,,2
"2026-03-02 23:21:00",7288,6642,40583,0,,14.2,93.4,-25.47,8.6,,2
"2026-03-02 23:21:01",7291,6645,40571,0,,16.1,94.6,-25.5,8.6,,2
"2026-03-02 23:21:02",7293,6647,40560,-36.862867,-71.420137,12.25,97,-25.52,8.6,,2
"2026-03-02 23:21:03",7295,6649,40547,0,,14.5,92.8,-25.52,8.65,,2
"2026-03-02 23:21:04",7297,6651,40535,0,,15.35,94.8,-25.52,8.65,,2
"2026-03-02 23:21:05",7299,6653,40524,-36.862892,-71.419658,12.25,91.8,-25.53,8.7,,2
"2026-03-02 23:21:06",7301,6655,40512,0,,12.3,91.8,-25.54,8.65,,2
"2026-03-02 23:21:07",7303,6657,40500,0,,14.9,92.9,-25.56,8.7,,2.1
"2026-03-02 23:21:08",7306,6660,40488,-36.862915,-71.419177,12.9,89.3,-25.56,8.7,,2.1
"2026-03-02 23:21:09",7308,6662,40475,0,,12.9,89.3,-25.57,8.75,,2.1
"2026-03-02 23:21:10",7310,6664,40462,0,,14.5,91.6,-25.58,8.75,,2.1
"2026-03-02 23:21:11",7312,6666,40450,-36.86294,-71.418698,13,89.6,-25.6,8.75,,2.2
"2026-03-02 23:21:12",7314,6668,40443,0,,13,89.6,-25.6,8.8,,2.1
"2026-03-02 23:21:13",7315,6669,40436,0,,14,90.4,-25.6,8.8,,2
"2026-03-02 23:21:14",7316,6670,40430,-36.862957,-71.418383,13.3,93.3,-25.61,8.8,,2
"2026-03-02 23:21:16",7322,6676,40395,0,,13.8,89,-25.64,8.85,,2.1
"2026-03-02 23:21:17",7325,6679,40378,-36.862987,-71.417907,13.9,95.1,-25.64,8.85,,2.2
"2026-03-02 23:21:19",7329,6683,40360,0,,13.25,87.9,-25.67,8.85,,2.1
"2026-03-02 23:21:20",7330,6684,40352,-36.863022,-71.417442,13.95,97.6,-25.7,8.85,-14.5,2
"2026-03-02 23:21:21",7332,6686,40339,0,,14.7,100.1,-25.72,8.85,,2.1
"2026-03-02 23:21:22",7335,6689,40326,0,,13.8,85.8,-25.73,8.85,,2.1
"2026-03-02 23:21:23",7337,6691,40314,-36.863053,-71.416972,13.5,99,-25.74,8.85,,2.1
"2026-03-02 23:21:24",7339,6693,40302,0,,14.35,100.5,-25.75,8.85,,2.1
"2026-03-02 23:21:25",7341,6695,40290,0,,14.35,100.5,-25.78,8.85,,2.2
"2026-03-02 23:21:26",7343,6697,40278,-36.863087,-71.416512,12.65,100.9,-25.79,8.85,,2.3
"2026-03-02 23:21:27",7345,6699,40267,0,,14.75,96.9,-25.79,8.85,,2.2
"2026-03-02 23:21:28",7347,6701,40257,0,,14.15,87.3,-25.81,8.85,,2.2
"2026-03-02 23:21:29",7349,6703,40248,-36.86312,-71.416052,12.35,103.3,-25.82,8.85,,2
"2026-03-02 23:21:31",7353,6707,40226,0,,13.65,88.6,-25.86,8.95,,2
"2026-03-02 23:21:32",7355,6709,40216,-36.863153,-71.415595,13.6,104.1,-25.87,8.95,,2
"2026-03-02 23:21:33",7358,6712,40200,0,,13.9,91.6,-25.89,8.9,,2.1
"2026-03-02 23:21:34",7360,6714,40185,0,,13.35,89.5,-25.9,8.9,,2.1
"2026-03-02 23:21:35",7363,6717,40170,-36.863188,-71.415133,14.5,104.1,-25.92,8.85,,2.2
"2026-03-02 23:21:36",7365,6719,40158,0,,13.25,90.8,-25.94,8.85,,2.2
"2026-03-02 23:21:37",7367,6721,40146,0,,13.25,90.8,-25.96,8.85,,2.2
"2026-03-02 23:21:38",7369,6723,40134,-36.863218,-71.414673,14.6,101.4,-25.98,8.85,,2.2
"2026-03-02 23:21:39",7372,6726,40117,0,,11.8,92.3,-26.01,8.85,,2.2
"2026-03-02 23:21:40",7375,6729,40101,0,,14.15,92.4,-26.03,8.85,,2.3
"2026-03-02 23:21:41",7378,6732,40086,-36.863252,-71.414223,14.15,101,-26.07,8.85,,2.4
"2026-03-02 23:21:42",7380,6734,40076,0,,11.4,91.2,-26.1,8.85,,2.4
"2026-03-02 23:21:43",7382,6736,40067,0,,14.45,91.3,-26.09,8.85,,2.4
"2026-03-02 23:21:44",7383,6737,40058,-36.86328,-71.413783,13.3,101.6,-26.13,8.85,,2.4
"2026-03-02 23:21:46",7386,6740,40042,0,,15.15,90.7,-26.19,8.85,,2.2
"2026-03-02 23:21:47",7388,6742,40034,-36.863312,-71.413345,13,101.4,-26.21,8.85,-15,2.1
"2026-03-02 23:21:48",7390,6744,40018,0,,11.65,90.7,-26.24,8.85,,2.1
"2026-03-02 23:21:49",7393,6747,40004,0,,15.1,96.4,-26.27,8.85,,2.1
"2026-03-02 23:21:50",7396,6750,39990,-36.863345,-71.412903,12.75,96.9,-26.31,8.85,,2.2
"2026-03-02 23:21:51",7398,6752,39974,0,,12.25,88.1,-26.33,8.85,,2.2
"2026-03-02 23:21:52",7401,6755,39959,0,,14,101.4,-26.34,8.85,,2.2
"2026-03-02 23:21:53",7404,6758,39944,-36.863375,-71.412465,13.65,94.6,-26.34,8.8,,2.2
"2026-03-02 23:21:54",7406,6760,39931,0,,13.2,89.2,-26.35,8.85,,2.2
"2026-03-02 23:21:55",7409,6763,39918,0,,12.55,102.7,-26.36,8.8,,2.2
"2026-03-02 23:21:56",7411,6765,39906,-36.863407,-71.41203,13.2,92.7,-26.4,8.8,,2.3
"2026-03-02 23:21:58",7414,6768,39891,0,,11.55,100.8,-26.44,8.8,,2.3
"2026-03-02 23:21:59",7415,6769,39884,-36.863427,-71.411595,13.85,90.7,-26.44,8.8,,2.3
"2026-03-02 23:22:01",7420,6774,39854,0,,12.5,103.6,-26.48,8.75,,2.3
"2026-03-02 23:22:02",7423,6777,39840,-36.863455,-71.411143,13.75,88.7,-26.53,8.75,,2.3
"2026-03-02 23:22:04",7427,6781,39816,0,,12.05,102.4,-26.62,8.75,,2.1
"2026-03-02 23:22:05",7429,6783,39806,-36.863478,-71.4107,13.4,87,-26.65,8.75,,2.1
"2026-03-02 23:22:07",7434,6788,39779,0,,12.05,99.8,-26.64,8.75,,2.1
"2026-03-02 23:22:08",7436,6790,39766,-36.863495,-71.410253,14.1,85.8,-26.62,8.75,,2.1
"2026-03-02 23:22:10",7442,6796,39736,0,,11.7,99.4,-26.63,8.75,,2.2
"2026-03-02 23:22:11",7444,6798,39722,-36.86352,-71.409823,14.2,88,-26.62,8.75,,2.4
"2026-03-02 23:22:14",7451,6805,39684,-36.863538,-71.409385,14.65,87.9,-26.66,8.7,-15,2.4
"2026-03-02 23:22:17",7458,6812,39648,-36.863558,-71.40895,14.45,86.9,-26.69,8.7,,2.4
"2026-03-02 23:22:18",7461,6815,39633,0,,,,-26.72,8.7,,2.5
"2026-03-02 23:22:19",7463,6817,39618,0,,,,-26.76,8.65,,2.5
"2026-03-02 23:22:20",7466,6820,39604,0,,,,-26.75,8.7,,2.5
"2026-03-02 23:22:21",7468,6822,39593,0,,11,93.7,-26.78,8.7,,2.4
"2026-03-02 23:22:22",7470,6824,39583,0,,12.35,90.7,-26.83,8.65,,2.3
"2026-03-02 23:22:23",7472,6826,39574,-36.863582,-71.40811,14.15,92.1,-26.8,8.65,,2.3
"2026-03-02 23:22:24",7474,6828,39562,0,,10.45,93.1,-26.84,8.65,,2.2
"2026-03-02 23:22:25",7476,6830,39550,0,,12.45,92.6,-26.86,8.65,,2.2
"2026-03-02 23:22:26",7478,6832,39538,-36.863597,-71.407695,13.7,92.1,-26.86,8.65,,2.2
"2026-03-02 23:22:27",7480,6834,39527,0,,10.3,88.6,-26.89,8.7,,2.2
"2026-03-02 23:22:28",7482,6836,39516,0,,12.6,95.1,-26.93,8.7,,2.2
"2026-03-02 23:22:29",7484,6838,39506,-36.863608,-71.407287,13.15,93.1,-26.95,8.65,,2.2
"2026-03-02 23:22:30",7487,6841,39491,0,,10,86.8,-26.96,8.65,,2.2
"2026-03-02 23:22:31",7489,6843,39477,0,,13.15,97.2,-26.97,8.65,,2.1
"2026-03-02 23:22:32",7492,6846,39464,-36.863623,-71.406885,12.65,92.5,-26.99,8.65,,2.1
"2026-03-02 23:22:33",7494,6848,39453,0,,10.5,87.3,-27.01,8.65,,2.1
"2026-03-02 23:22:34",7496,6850,39442,0,,13.4,95.5,-27.04,8.65,,2.2
"2026-03-02 23:22:35",7498,6852,39432,-36.863635,-71.40648,12.05,91,-27.06,8.65,,2.2
"2026-03-02 23:22:36",7500,6854,39421,0,,10.4,87.6,-27.08,8.65,,2.2
"2026-03-02 23:22:37",7502,6856,39409,0,,13.1,99.5,-27.1,8.6,,2.1
"2026-03-02 23:22:38",7504,6858,39398,-36.863647,-71.406078,12.4,87,-27.12,8.6,,2.1
"2026-03-02 23:22:40",7507,6861,39382,0,,13.4,98,-27.16,8.6,,2.1
"2026-03-02 23:22:41",7508,6862,39374,-36.863655,-71.405675,11.2,84.9,-27.18,8.6,-15.5,2
"2026-03-02 23:22:42",7511,6865,39358,0,,,,-27.19,8.55,,2.1
"2026-03-02 23:22:43",7514,6868,39343,0,,,,-27.13,8.6,,2.1
"2026-03-02 23:22:44",7517,6871,39328,0,,,,-27.18,8.55,,2.1
"2026-03-02 23:22:45",7519,6873,39316,0,,11.4,92.7,-27.21,8.55,,2.1
"2026-03-02 23:22:46",7521,6875,39304,0,,13.85,90.6,-27.2,8.55,,2.1
"2026-03-02 23:22:47",7523,6877,39292,-36.863665,-71.40486,10.5,94.4,-27.21,8.55,,2.1
"2026-03-02 23:22:48",7526,6880,39277,0,,11.6,87.7,-27.23,8.55,,2.2
"2026-03-02 23:22:49",7528,6882,39263,0,,13.3,89.1,-27.25,8.55,,2.2
"2026-03-02 23:22:50",7531,6885,39250,-36.86367,-71.40446,11.15,100,-27.27,8.55,,2.3
"2026-03-02 23:22:51",7533,6887,39239,0,,11.55,85.4,-27.3,8.55,,2.2
"2026-03-02 23:22:52",7535,6889,39228,0,,13,90.4,-27.29,8.5,,2.4
"2026-03-02 23:22:53",7537,6891,39218,-36.863678,-71.404063,10.8,100.2,-27.3,8.55,,2.4
"2026-03-02 23:22:54",7539,6893,39205,0,,10.85,100.2,-27.33,8.55,,2.4
"2026-03-02 23:22:55",7542,6896,39192,0,,12.45,92.6,-27.36,8.55,,2.4
"2026-03-02 23:22:56",7544,6898,39180,-36.863683,-71.403667,10.95,97.5,-27.38,8.55,,2.3
"2026-03-02 23:22:57",7546,6900,39168,0,,13.2,85.1,-27.38,8.55,,2.3
"2026-03-02 23:22:58",7548,6902,39157,0,,12,91.2,-27.39,8.55,,2.3
"2026-03-02 23:22:59",7550,6904,39146,-36.863682,-71.40327,9.7,92.8,-27.4,8.55,,2.2
"2026-03-02 23:23:01",7553,6907,39130,0,,12.25,91.6,-27.41,8.55,,2.1
"2026-03-02 23:23:02",7555,6909,39122,-36.863683,-71.402875,9.9,95.3,-27.43,8.5,,2
"2026-03-02 23:23:03",7558,6912,39105,0,,13.55,88.3,-27.41,8.5,,2.1
"2026-03-02 23:23:04",7561,6915,39088,0,,11.65,88.7,-27.46,8.5,,2.2
"2026-03-02 23:23:05",7564,6918,39072,-36.863682,-71.40248,10.2,92.3,-27.51,8.5,,2.2
"2026-03-02 23:23:07",7567,6921,39053,0,,11.3,88.6,-27.51,8.5,,2.2
"2026-03-02 23:23:08",7569,6923,39044,-36.863685,-71.402082,10.35,93.5,-27.56,8.5,-15.75,2.1
"2026-03-02 23:23:09",7571,6925,39031,0,,14.15,92.6,-27.56,8.5,,2.1
"2026-03-02 23:23:10",7574,6928,39019,0,,11.05,85.6,-27.59,8.5,,2.1
"2026-03-02 23:23:11",7576,6930,39008,-36.863688,-71.401682,10.8,92.9,-27.63,8.45,,2.1
"2026-03-02 23:23:12",7579,6933,38992,0,,14,91,-27.61,8.45,,2.2
"2026-03-02 23:23:13",7581,6935,38977,0,,10.8,88.4,-27.64,8.45,,2.3
"2026-03-02 23:23:14",7584,6938,38962,-36.863695,-71.401283,10.55,97.1,-27.68,8.45,,2.5
"2026-03-02 23:23:16",7587,6941,38944,0,,10.35,86.1,-27.7,8.5,,2.3
"2026-03-02 23:23:17",7589,6943,38936,-36.863695,-71.400893,10.75,96.9,-27.74,8.5,,2.2
"2026-03-02 23:23:18",7591,6945,38924,0,,13.6,87.2,-27.72,8.5,,2.1
"2026-03-02 23:23:19",7593,6947,38913,0,,10.1,91.9,-27.74,8.5,,2.2
"2026-03-02 23:23:20",7595,6949,38902,-36.863698,-71.4005,11.7,92.6,-27.79,8.45,,2.2
"2026-03-02 23:23:21",7598,6952,38890,0,,13,82.7,-27.82,8.45,,2.2
"2026-03-02 23:23:22",7600,6954,38878,0,,10.55,97.1,-27.84,8.45,,2.2
"2026-03-02 23:23:23",7602,6956,38866,-36.863697,-71.400107,11.45,91.9,-27.86,8.45,,2.2
"2026-03-02 23:23:24",7605,6959,38851,0,,11.9,78.8,-27.86,8.45,,2.2
"2026-03-02 23:23:25",7607,6961,38836,0,,11.9,78.8,-27.86,8.45,,2.2
"2026-03-02 23:23:26",7610,6964,38822,-36.863693,-71.399732,11.3,90.1,-27.89,8.45,,2.2
"2026-03-02 23:23:27",7612,6966,38811,0,,11.15,79.7,-27.92,8.45,,2.1
"2026-03-02 23:23:28",7614,6968,38802,0,,11.55,98,-27.92,8.4,,2.2
"2026-03-02 23:23:29",7615,6969,38794,-36.863688,-71.399358,10.5,88.4,-27.93,8.4,,2.2
"2026-03-02 23:23:30",7618,6972,38781,0,,11.45,81.1,-27.92,8.4,,2.2
"2026-03-02 23:23:31",7620,6974,38767,0,,12.3,98.1,-27.94,8.4,,2.2
"2026-03-02 23:23:32",7623,6977,38754,-36.863682,-71.398982,10.2,85.2,-27.96,8.4,,2.3
"2026-03-02 23:23:34",7626,6980,38739,0,,11.65,99.1,-27.98,8.4,,2.2
"2026-03-02 23:23:35",7627,6981,38732,-36.863677,-71.398617,10.65,80.9,-28,8.4,-16.25,2.1
"2026-03-02 23:23:36",7630,6984,38717,0,,11.45,84.2,-28,8.4,,2.1
"2026-03-02 23:23:37",7632,6986,38702,0,,11.1,100,-28.02,8.4,,2.1
"2026-03-02 23:23:38",7635,6989,38688,-36.863667,-71.398245,11.3,81.4,-28.05,8.4,,2.1
"2026-03-02 23:23:39",7637,6991,38676,0,,11.25,87.6,-28.08,8.4,,2.1
"2026-03-02 23:23:40",7639,6993,38665,0,,10.6,97.7,-28.1,8.35,,2.1
"2026-03-02 23:23:41",7641,6995,38654,-36.863658,-71.39787,12.25,81.6,-28.12,8.35,,2.2
"2026-03-02 23:23:42",7645,6999,38635,0,,10.6,86.2,-28.17,8.35,,2.3
"2026-03-02 23:23:43",7648,7002,38618,0,,10.25,96.8,-28.2,8.35,,2.3
"2026-03-02 23:23:44",7651,7005,38602,-36.863648,-71.397495,12.95,83.5,-28.19,8.35,,2.4
"2026-03-02 23:23:46",7653,7007,38591,0,,10.35,94.6,-28.27,8.3,,2.3
"2026-03-02 23:23:47",7654,7008,38586,-36.863645,-71.397117,12.7,83.2,-28.3,8.3,,2.3
"2026-03-02 23:23:48",7656,7010,38573,0,,9.3,88.7,-28.35,8.3,,2.2
"2026-03-02 23:23:49",7659,7013,38561,0,,10.75,94.4,-28.39,8.3,,2.2
"2026-03-02 23:23:50",7661,7015,38550,-36.863638,-71.396747,12.55,84.9,-28.42,8.3,,2.1
"2026-03-02 23:23:51",7663,7017,38536,0,,,,-28.45,8.3,,2.2
"2026-03-02 23:23:52",7666,7020,38522,0,,,,-28.48,8.3,,2.2
"2026-03-02 23:23:53",7669,7023,38508,0,,,,-28.48,8.3,,2.3
"2026-03-02 23:23:54",7670,7024,38501,0,,9.65,96.5,-28.48,8.3,,2.2
"2026-03-02 23:23:55",7671,7025,38494,0,,10.7,90.4,-28.48,8.3,,2
"2026-03-02 23:23:56",7673,7027,38488,-36.863622,-71.396022,11.5,78.6,-28.49,8.25,,1.9
"2026-03-02 23:23:57",7675,7029,38473,0,,10.05,98,-28.54,8.25,,1.8
"2026-03-02 23:23:58",7678,7032,38460,0,,11.1,89.9,-28.57,8.25,,2
"2026-03-02 23:23:59",7680,7034,38448,-36.863613,-71.395662,11.35,77.9,-28.59,8.25,,2.1
"2026-03-02 23:24:01",7686,7040,38413,0,,,,-28.62,8.2,,2.3
"2026-03-02 23:24:02",7690,7044,38394,0,,,,-28.61,8.2,-16.5,2.4
"2026-03-02 23:24:03",7691,7045,38388,0,,10.85,98.2,-28.61,8.2,,2.3
"2026-03-02 23:24:04",7692,7046,38383,0,,10.8,88,-28.64,8.2,,2.2
"2026-03-02 23:24:05",7693,7047,38378,-36.8636,-71.394943,10.5,80.6,-28.67,8.2,,2
"2026-03-02 23:24:06",7696,7050,38361,0,,11.9,98.1,-28.68,8.2,,2.1
"2026-03-02 23:24:07",7699,7053,38344,0,,9.9,87.2,-28.68,8.2,,2.3
"2026-03-02 23:24:08",7702,7056,38328,-36.863598,-71.394585,10.3,83.3,-28.68,8.2,,2.4
"2026-03-02 23:24:09",7705,7059,38315,0,,11.5,99.1,-28.69,8.25,,2.5
"2026-03-02 23:24:10",7707,7061,38303,0,,10.5,83.6,-28.73,8.2,,2.5
"2026-03-02 23:24:11",7709,7063,38292,-36.863588,-71.394222,10.9,80.5,-28.74,8.2,,2.5
"2026-03-02 23:24:12",7711,7065,38283,0,,11.3,101.6,-28.74,8.2,,2.4
"2026-03-02 23:24:13",7712,7066,38274,0,,10.9,83.6,-28.76,8.2,,2.2
"2026-03-02 23:24:14",7714,7068,38266,-36.863585,-71.393852,11.3,82.7,-28.76,8.2,,2
"2026-03-02 23:24:16",7719,7073,38237,0,,10.7,100.9,-28.83,8.15,,2.2
"2026-03-02 23:24:17",7722,7076,38224,-36.863578,-71.393488,11.7,84.6,-28.84,8.15,,2.3
"2026-03-02 23:24:18",7724,7078,38214,0,,10.15,100.1,-28.85,8.15,,2.3
"2026-03-02 23:24:19",7726,7080,38205,0,,10.65,81.7,-28.88,8.15,,2.2
"2026-03-02 23:24:20",7727,7081,38196,-36.863573,-71.393127,12,86.5,-28.89,8.15,,2.1
"2026-03-02 23:24:21",7729,7083,38187,0,,10,98.1,-28.92,8.15,,2
"2026-03-02 23:24:22",7731,7085,38178,0,,10.55,82,-28.96,8.15,,2
"2026-03-02 23:24:23",7732,7086,38170,-36.863567,-71.39277,11.1,87.9,-28.96,8.15,,1.9
"2026-03-02 23:24:24",7734,7088,38158,0,,9.5,97.7,-28.98,8.15,,2
"2026-03-02 23:24:25",7737,7091,38146,0,,11.9,80.7,-29,8.1,,2
"2026-03-02 23:24:26",7739,7093,38134,-36.863555,-71.39241,10.95,86.6,-29,8.1,,2.1
"2026-03-02 23:24:29",7745,7099,38102,-36.863543,-71.39205,10.35,85.4,-29.06,8.1,-17.25,2
"2026-03-02 23:24:31",7749,7103,38081,0,,12.6,87.8,-29.11,8.1,,1.9
"2026-03-02 23:24:32",7751,7105,38072,-36.863528,-71.39169,9.85,82.9,-29.15,8.1,,1.9
"2026-03-02 23:24:34",7754,7108,38053,0,,12.9,91.1,-29.2,8.1,,1.9
"2026-03-02 23:24:35",7756,7110,38044,-36.863515,-71.391328,9.45,80.8,-29.22,8.1,,2
"2026-03-02 23:24:37",7760,7114,38020,0,,12.4,91.2,-29.26,8.1,,2
"2026-03-02 23:24:38",7763,7117,38008,-36.863503,-71.390975,9.6,79.4,-29.27,8.05,,2
"2026-03-02 23:24:40",7766,7120,37987,0,,12.1,89.8,-29.31,8.05,,2
"2026-03-02 23:24:41",7768,7122,37978,-36.863492,-71.390622,9.15,80.1,-29.32,8.05,,2
"2026-03-02 23:24:43",7774,7128,37950,0,,12.15,86.7,-29.33,8.05,,2.1
"2026-03-02 23:24:44",7776,7130,37936,-36.863477,-71.390262,9.2,91,-29.35,8.05,,2.1
"2026-03-02 23:24:46",7780,7134,37915,0,,11.7,87.1,-29.37,8.05,,2.1
"2026-03-02 23:24:47",7782,7136,37906,-36.863472,-71.3899,9.3,94.4,-29.4,8.05,,2.1
"2026-03-02 23:24:48",7784,7138,37895,0,,11.7,84,-29.42,8,,2.2
"2026-03-02 23:24:49",7786,7140,37884,0,,11.65,88.5,-29.42,8.05,,2.1
"2026-03-02 23:24:50",7788,7142,37874,-36.863465,-71.389538,9.25,95.7,-29.45,8.05,,2.1
"2026-03-02 23:24:51",7790,7144,37861,0,,11.5,79.3,-29.47,8.05,,2.1
"2026-03-02 23:24:52",7793,7147,37849,0,,11.3,91.1,-29.51,8.05,,2.2
"2026-03-02 23:24:53",7795,7149,37838,-36.863457,-71.389178,9.95,97.2,-29.55,8.05,,2.2
"2026-03-02 23:24:55",7798,7152,37819,0,,11.15,93.8,-29.57,8.05,,2.1
"2026-03-02 23:24:56",7800,7154,37810,-36.863445,-71.388812,9.9,91.7,-29.61,8,-17.5,2
"2026-03-02 23:24:57",7801,7155,37804,0,,,,-29.65,8,,1.9
"2026-03-02 23:24:58",7802,7156,37798,0,,,,-29.65,8,,1.9
"2026-03-02 23:24:59",7804,7158,37792,0,,,,-29.66,8,,1.8
"2026-03-02 23:25:00",7807,7161,37775,0,,13.3,83.2,-29.63,8,,1.9
"2026-03-02 23:25:01",7810,7164,37759,0,,10.35,95.6,-29.64,8,,2
"2026-03-02 23:25:02",7813,7167,37744,-36.863428,-71.388073,9.55,90.6,-29.68,8,,2
"2026-03-02 23:25:03",7814,7168,37736,0,,13.15,86.9,-29.66,8,,2
"2026-03-02 23:25:04",7816,7170,37728,0,,9.85,88.7,-29.7,8,,1.9
"2026-03-02 23:25:05",7817,7171,37720,-36.863417,-71.387703,9.85,86.3,-29.7,8,,1.9
"2026-03-02 23:25:06",7819,7173,37710,0,,13.25,91.1,-29.7,8,,1.9
"2026-03-02 23:25:07",7821,7175,37701,0,,9.95,85.9,-29.72,8,,1.9
"2026-03-02 23:25:08",7823,7177,37692,-36.863408,-71.387325,10.4,90,-29.75,8,,1.9
"2026-03-02 23:25:09",7826,7180,37674,0,,13.15,93.9,-29.74,8,,2
"2026-03-02 23:25:10",7829,7183,37658,0,,10.05,83.2,-29.77,8,,2.2
"2026-03-02 23:25:11",7832,7186,37642,-36.863407,-71.386945,10.75,90,-29.78,8,,2.4
"2026-03-02 23:25:12",7833,7187,37635,0,,13.15,93.5,-29.78,8.05,,2.3
"2026-03-02 23:25:13",7835,7189,37628,0,,9.95,81.9,-29.79,8.05,,2.1
"2026-03-02 23:25:14",7836,7190,37622,-36.863403,-71.386565,10.9,92.7,-29.82,8,,2
"2026-03-02 23:25:16",7841,7195,37592,0,,9.7,80.4,-29.82,8,,2.1
"2026-03-02 23:25:17",7844,7198,37578,-36.863397,-71.386193,11.45,93.6,-29.82,8,,2.3
"2026-03-02 23:25:18",7845,7199,37572,0,,12.45,93.3,-29.86,8,,2.2
"2026-03-02 23:25:19",7846,7200,37567,0,,9,81.9,-29.82,8,,2.1
"2026-03-02 23:25:20",7847,7201,37562,-36.863397,-71.385823,11.95,90.5,-29.87,8,,2
"2026-03-02 23:25:22",7852,7206,37539,0,,8.9,88,-29.86,8,,2
"2026-03-02 23:25:23",7854,7208,37528,-36.863395,-71.38545,11.55,84.9,-29.82,8,-18,1.9
"2026-03-02 23:25:24",7855,7209,37521,0,,12.45,89.3,-29.82,8,,1.8
"2026-03-02 23:25:25",7856,7210,37514,0,,8.95,90.1,-29.87,8,,1.8
"2026-03-02 23:25:26",7858,7212,37508,-36.863393,-71.385077,11.4,93.2,-29.91,8,,1.8
"2026-03-02 23:25:27",7860,7214,37493,0,,12.4,92,-29.93,8,,1.9
"2026-03-02 23:25:28",7863,7217,37479,0,,9.6,93.2,-29.96,8,,1.9
"2026-03-02 23:25:29",7866,7220,37466,-36.863408,-71.384698,11.35,93,-29.96,8,,1.9
"2026-03-02 23:25:31",7868,7222,37451,0,,9.2,89.2,-30,8.05,,1.8
"2026-03-02 23:25:32",7870,7224,37444,-36.863407,-71.384317,12.2,84.1,-30.04,8.05,,1.8
"2026-03-02 23:25:33",7873,7227,37429,0,,12.7,96.3,-30.06,8.05,,1.9
"2026-03-02 23:25:34",7875,7229,37415,0,,9.9,93.9,-30.08,8.05,,2
"2026-03-02 23:25:35",7878,7232,37402,-36.863418,-71.38392,13,86.9,-30.06,8.05,,2
"2026-03-02 23:25:36",7880,7234,37392,0,,,,-30.07,8.05,,2
"2026-03-02 23:25:37",7882,7236,37382,0,,,,-30.11,8.05,,2
"2026-03-02 23:25:38",7884,7238,37372,0,,,,-30.11,8.05,,2.1
"2026-03-02 23:25:39",7885,7239,37365,0,,11.65,96.7,-30.12,8.05,,2
"2026-03-02 23:25:40",7886,7240,37359,0,,10.1,85,-30.14,8.05,,1.9
"2026-03-02 23:25:41",7887,7241,37354,-36.863438,-71.383143,12.95,93.8,-30.14,8.05,,1.8
"2026-03-02 23:25:42",7889,7243,37344,0,,11.8,91.1,-30.17,8.05,,1.8
"2026-03-02 23:25:43",7891,7245,37334,0,,10.45,87.3,-30.18,8.05,,1.8
"2026-03-02 23:25:44",7893,7247,37324,-36.863452,-71.382757,11.45,101.2,-30.18,8.05,,1.9
"2026-03-02 23:25:45",7895,7249,37311,0,,11.3,90.7,-30.22,8.05,,1.9
"2026-03-02 23:25:46",7897,7251,37299,0,,10.6,87,-30.23,8.05,,1.9
"2026-03-02 23:25:47",7900,7254,37288,-36.863465,-71.38238,12.15,97,-30.22,8.05,,1.9
"2026-03-02 23:25:49",7902,7256,37274,0,,10.3,86.6,-30.27,8.05,,1.7
"2026-03-02 23:25:50",7903,7257,37268,-36.863482,-71.381998,12.35,95.4,-30.3,8.05,-18.5,1.7
"2026-03-02 23:25:51",7905,7259,37258,0,,11.3,95.9,-30.32,8.05,,1.7
"2026-03-02 23:25:52",7907,7261,37249,0,,9.75,85.9,-30.33,8.05,,1.7
"2026-03-02 23:25:53",7909,7263,37240,-36.863498,-71.38162,12.7,97.1,-30.32,8.05,,1.8
"2026-03-02 23:25:54",7911,7265,37230,0,,12.75,97.1,-30.36,8.05,,1.8
"2026-03-02 23:25:55",7912,7266,37221,0,,11.85,89.4,-30.37,8.05,,1.8
"2026-03-02 23:25:56",7914,7268,37212,-36.863515,-71.381228,12.45,97.7,-30.37,8.05,,1.8
"2026-03-02 23:25:57",7915,7269,37205,0,,9.65,85.9,-30.38,8.05,,1.7
"2026-03-02 23:25:58",7917,7271,37199,0,,11.5,89.1,-30.38,8,,1.6
"2026-03-02 23:25:59",7918,7272,37194,-36.86353,-71.380738,11.7,99.4,-30.39,8.05,,1.5
"2026-03-02 23:26:00",7920,7274,37182,0,,11.7,99.4,-30.4,8.05,,1.6
"2026-03-02 23:26:01",7922,7276,37171,0,,11.15,88.3,-30.4,8.05,,1.6
"2026-03-02 23:26:02",7924,7278,37160,-36.863535,-71.380497,11.2,101.9,-30.42,8.05,,1.7
"2026-03-02 23:26:03",7925,7279,37155,0,,10.9,88.3,-30.47,8.05,,1.7
"2026-03-02 23:26:04",7926,7280,37151,0,,10.9,86.7,-30.47,8.05,,1.6
"2026-03-02 23:26:05",7927,7281,37148,-36.863547,-71.380133,10.45,102,-30.44,8.05,,1.5
"2026-03-02 23:26:06",7929,7283,37135,0,,10.5,102,-30.45,8.05,,1.5
"2026-03-02 23:26:07",7931,7285,37123,0,,11.25,88.2,-30.48,8.05,,1.6
"2026-03-02 23:26:08",7933,7287,37112,-36.86356,-71.379765,10.5,101.1,-30.5,8.05,,1.6
"2026-03-02 23:26:09",7935,7289,37106,0,,12.05,88.9,-30.51,8.05,,1.6
"2026-03-02 23:26:10",7936,7290,37100,0,,11.2,88.6,-30.51,8.05,,1.6
"2026-03-02 23:26:11",7937,7291,37094,-36.863573,-71.379392,10.2,100.7,-30.5,8.05,,1.6
"2026-03-02 23:26:12",7939,7293,37081,0,,12.4,88.8,-30.52,8.1,,1.6
"2026-03-02 23:26:13",7942,7296,37068,0,,10.7,97.7,-30.56,8.1,,1.6
"2026-03-02 23:26:14",7944,7298,37056,-36.863605,-71.37902,10.9,104.1,-30.58,8.1,,1.7
"2026-03-02 23:26:17",7950,7304,37028,-36.863632,-71.378643,11.3,98.8,-30.59,8.1,-18.75,1.9
"2026-03-02 23:26:18",7951,7305,37018,0,,13.1,89.4,-30.6,8.1,,1.9
"2026-03-02 23:26:19",7953,7307,37009,0,,10.35,95.9,-30.6,8.1,,1.9
"2026-03-02 23:26:20",7955,7309,37000,-36.863647,-71.378255,10.9,92.5,-30.6,8.1,,1.8
"2026-03-02 23:26:21",7956,7310,36994,0,,12.9,88.5,-30.6,8.15,,1.7
"2026-03-02 23:26:22",7957,7311,36989,0,,10.7,101.3,-30.61,8.2,,1.7
"2026-03-02 23:26:23",7958,7312,36984,-36.863668,-71.377865,11.7,96.9,-30.63,8.2,,1.7
"2026-03-02 23:26:24",7960,7314,36975,0,,12.3,87.7,-30.64,8.2,,1.8
"2026-03-02 23:26:25",7961,7315,36966,0,,11.95,101.6,-30.64,8.2,,1.7
"2026-03-02 23:26:26",7963,7317,36958,-36.863697,-71.377467,11.25,97.1,-30.64,8.2,,1.6
"2026-03-02 23:26:27",7964,7318,36951,0,,11.4,86.8,-30.64,8.2,,1.6
"2026-03-02 23:26:28",7966,7320,36944,0,,13.45,100.2,-30.65,8.2,,1.5
"2026-03-02 23:26:29",7967,7321,36938,-36.863722,-71.37707,10.3,94.3,-30.66,8.2,,1.4
"2026-03-02 23:26:31",7971,7325,36918,0,,12.55,99.5,-30.67,8.2,,1.5
"2026-03-02 23:26:32",7973,7327,36908,-36.863747,-71.376667,11.2,97.4,-30.69,8.2,,1.5
"2026-03-02 23:26:33",7973,7327,36905,0,,11.7,88.6,-30.69,8.2,,1.4
"2026-03-02 23:26:34",7974,7328,36903,0,,12.75,95.5,-30.69,8.2,,1.4
"2026-03-02 23:26:35",7974,7328,36902,-36.863765,-71.376272,10.3,95.1,-30.71,8.2,,1.3
"2026-03-02 23:26:36",7976,7330,36891,0,,13.55,91.3,-30.73,8.2,,1.3
"2026-03-02 23:26:37",7978,7332,36881,0,,11.35,99.8,-30.71,8.2,,1.4
"2026-03-02 23:26:38",7980,7334,36872,-36.863788,-71.375882,9.9,89.1,-30.73,8.25,,1.4
"2026-03-02 23:26:39",7981,7335,36864,0,,13.05,97.4,-30.71,8.25,,1.4
"2026-03-02 23:26:40",7983,7337,36857,0,,11.75,95.9,-30.71,8.25,,1.4
"2026-03-02 23:26:41",7984,7338,36850,-36.86381,-71.375488,10.8,87.1,-30.73,8.25,,1.4
"2026-03-02 23:26:43",7987,7341,36832,0,,11.8,97.5,-30.73,8.25,,1.4
"2026-03-02 23:26:44",7989,7343,36824,-36.86384,-71.375103,11.9,86.3,-30.71,8.3,-19.25,1.4
"2026-03-02 23:26:45",7991,7345,36815,0,,11.1,96.5,-30.71,8.3,,1.4
"2026-03-02 23:26:46",7992,7346,36806,0,,11.45,95.6,-30.71,8.3,,1.5
"2026-03-02 23:26:47",7994,7348,36798,-36.863858,-71.37472,11.65,90.7,-30.73,8.3,,1.6
"2026-03-02 23:26:48",7995,7349,36793,0,,11.7,99.5,-30.75,8.3,,1.6
"2026-03-02 23:26:49",7996,7350,36788,0,,11.7,99.5,-30.73,8.3,,1.5
"2026-03-02 23:26:50",7997,7351,36784,-36.86393,-71.37435,12.4,89.5,-30.75,8.3,,1.5
"2026-03-02 23:26:51",7999,7353,36774,0,,12.35,89.5,-30.73,8.3,,1.5
"2026-03-02 23:26:52",8000,7354,36765,0,,11.2,103.2,-30.73,8.3,,1.5
"2026-03-02 23:26:53",8002,7356,36756,-36.863958,-71.373837,12,88.2,-30.73,8.3,,1.5
"2026-03-02 23:26:54",8003,7357,36751,0,,12,88.2,-30.75,8.3,,1.5
"2026-03-02 23:26:55",8004,7358,36746,0,,12,96.9,-30.76,8.3,,1.4
"2026-03-02 23:26:56",8005,7359,36742,-36.863998,-71.373577,12,86.3,-30.76,8.35,,1.3
"2026-03-02 23:26:58",8008,7362,36726,0,,,105.3,-30.75,8.35,,1.3
"2026-03-02 23:26:59",8010,7364,36718,-36.864045,-71.373027,8.5,117.2,-30.75,8.35,,1.3
"2026-03-02 23:27:01",8012,7366,36703,0,,8.5,117.2,-30.8,8.35,,1.3
"2026-03-02 23:27:02",8014,7368,36696,-36.863997,-71.372815,12.6,101.4,-30.82,8.35,,1.4
"2026-03-02 23:27:03",8015,7369,36691,0,,,,-30.82,8.4,,1.3
"2026-03-02 23:27:04",8016,7370,36686,0,,,,-30.85,8.4,,1.3
"2026-03-02 23:27:05",8017,7371,36682,0,,,,-30.86,8.4,,1.2
"2026-03-02 23:27:08",8023,7377,36650,0,,11.75,74.8,-30.92,8.4,,1.5
"2026-03-02 23:27:09",8025,7379,36640,-36.864195,-71.371725,12.15,102.9,-30.92,8.4,,1.5
"2026-03-02 23:27:12",8024,7378,36642,-36.864263,-71.37132,12,102.2,-30.96,8.45,-19.5,1.1
"2026-03-02 23:27:13",8026,7380,36633,0,,,,-30.96,8.45,,1.2
"2026-03-02 23:27:14",8028,7382,36624,0,,,,-30.97,8.45,,1.2
"2026-03-02 23:27:15",8029,7383,36616,0,,,,-30.97,8.45,,1.2
"2026-03-02 23:27:17",8034,7388,36594,0,,,,-30.96,8.4,,1.4
"2026-03-02 23:27:18",8036,7390,36584,0,,,,-30.98,8.45,,1.5
"2026-03-02 23:27:19",8036,7390,36582,0,,,,-31,8.45,,1.4
"2026-03-02 23:27:20",8036,7390,36581,0,,,,-31,8.45,,1.3
"2026-03-02 23:27:21",8036,7390,36580,0,,,,-30.98,8.45,,1.1
"2026-03-02 23:27:22",8039,7393,36567,0,,,,-30.97,8.45,,1.1
"2026-03-02 23:27:23",8041,7395,36554,0,,,,-30.96,8.45,,1.2
"2026-03-02 23:27:24",8044,7398,36542,0,,,,-30.97,8.45,,1.3
"2026-03-02 23:27:25",8045,7399,36537,0,,,,-30.97,8.5,,1.6
"2026-03-02 23:27:26",8046,7400,36532,0,,,,-31,8.5,,1.5
"2026-03-02 23:27:27",8047,7401,36528,0,,,,-31,8.5,,1.4
"2026-03-02 23:27:28",8048,7402,36520,0,,10.35,94.8,-31.01,8.5,,1.4
"2026-03-02 23:27:29",8050,7404,36513,0,,11.1,91,-31.01,8.5,,1.3
"2026-03-02 23:27:30",8051,7405,36506,-36.864337,-71.368815,10.55,93.5,-31.03,8.5,,1.3
"2026-03-02 23:27:31",8052,7406,36501,0,,10.55,93.5,-31.04,8.5,,1.3
"2026-03-02 23:27:32",8053,7407,36496,0,,10.55,93.5,-31.06,8.55,,1.4
"2026-03-02 23:27:33",8054,7408,36492,-36.864437,-71.36854,12.9,90.1,-31.06,8.55,,1.4
"2026-03-02 23:27:37",8059,7413,36465,0,,11.3,93.1,-31.07,8.5,,1.1
"2026-03-02 23:27:38",8060,7414,36458,0,,11.6,101.4,-31.08,8.5,,1.2
"2026-03-02 23:27:39",8061,7415,36452,-36.86454,-71.367852,12.55,95.7,-31.08,8.55,,1.2
"2026-03-02 23:27:41",8064,7418,36440,0,,11.15,90.8,-31.08,8.55,,1.2
"2026-03-02 23:27:42",8065,7419,36434,-36.864688,-71.36745,11.9,72.7,-31.08,8.55,-20,1.2
"2026-03-02 23:27:45",8068,7422,36420,0,,11.95,73.5,-31.07,8.55,,1.2
"2026-03-02 23:27:46",8069,7423,36416,0,,10.55,92,-31.08,8.55,,1.1
"2026-03-02 23:27:47",8069,7423,36412,-36.864618,-71.366878,12.55,96.3,-31.08,8.55,,1.1
"2026-03-02 23:27:48",8071,7425,36402,0,,13.3,95.1,-31.09,8.6,,1.2
"2026-03-02 23:27:49",8073,7427,36391,0,,13.3,95.1,-31.09,8.6,,1.2
"2026-03-02 23:27:50",8075,7429,36380,-36.86459,-71.36644,15.25,86.7,-31.11,8.6,,1.3
"2026-03-02 23:27:52",8077,7431,36370,0,,12.4,96.6,-31.12,8.6,,1.2
"2026-03-02 23:27:53",8078,7432,36366,0,,15,78.7,-31.13,8.6,,1.2
"2026-03-02 23:27:54",8079,7433,36362,-36.86466,-71.365855,12.1,95.6,-31.14,8.6,,1.1
"2026-03-02 23:27:55",8081,7435,36352,0,,,,-31.15,8.6,,1.2
"2026-03-02 23:27:56",8083,7437,36343,0,,,,-31.18,8.65,,1.2
"2026-03-02 23:27:57",8084,7438,36334,0,,,,-31.18,8.65,,1.3
"2026-03-02 23:27:58",8085,7439,36330,0,,,,-31.18,8.65,,1.3
"2026-03-02 23:27:59",8086,7440,36327,0,,,,-31.19,8.65,,1.3
"2026-03-02 23:28:00",8086,7440,36324,0,,,,-31.2,8.65,,1.3
"2026-03-02 23:28:01",8089,7443,36312,0,,,,-31.2,8.6,,1.3
"2026-03-02 23:28:02",8091,7445,36300,0,,,,-31.2,8.6,,1.3
"2026-03-02 23:28:03",8093,7447,36288,0,,,,-31.19,8.65,,1.4
"2026-03-02 23:28:04",8095,7449,36280,0,,10.9,95.3,-31.18,8.65,,1.4
"2026-03-02 23:28:05",8096,7450,36273,0,,10.9,95.3,-31.18,8.65,,1.5
"2026-03-02 23:28:06",8098,7452,36266,-36.864763,-71.364142,9.9,85.1,-31.18,8.65,,1.5
"2026-03-02 23:28:11",8103,7457,36239,0,,13.3,95.1,-31.18,8.7,,1.4
"2026-03-02 23:28:12",8104,7458,36234,-36.86474,-71.363275,11,89,-31.18,8.7,,1.4
"2026-03-02 23:28:13",8105,7459,36228,0,,,,-31.18,8.7,,1.4
"2026-03-02 23:28:14",8106,7460,36223,0,,,,-31.19,8.7,,1.3
"2026-03-02 23:28:15",8107,7461,36218,0,,,,-31.2,8.7,-20.75,1.1
"2026-03-02 23:28:16",8109,7463,36210,0,,,,-31.2,8.7,,1.2
"2026-03-02 23:28:17",8110,7464,36203,0,,,,-31.21,8.7,,1.2
"2026-03-02 23:28:18",8112,7466,36196,0,,,,-31.22,8.7,,1.2
"2026-03-02 23:28:19",8113,7467,36191,0,,,,-31.23,8.7,,1.1
"2026-03-02 23:28:20",8113,7467,36186,0,,,,-31.24,8.7,,1.1
"2026-03-02 23:28:21",8114,7468,36182,0,,,,-31.24,8.7,,1.1
"2026-03-02 23:28:22",8116,7470,36172,0,,,,-31.26,8.7,,1.1
"2026-03-02 23:28:23",8118,7472,36163,0,,,,-31.28,8.7,,1.2
"2026-03-02 23:28:24",8120,7474,36154,0,,,,-31.3,8.7,,1.3
"2026-03-02 23:28:25",8121,7475,36146,0,,,,-31.3,8.75,,1.3
"2026-03-02 23:28:26",8123,7477,36139,0,,,,-31.32,8.7,,1.4
"2026-03-02 23:28:27",8124,7478,36132,0,,,,-31.33,8.75,,1.4
"2026-03-02 23:28:28",8126,7480,36124,0,,,,-31.33,8.75,,1.4
"2026-03-02 23:28:29",8127,7481,36117,0,,,,-31.34,8.75,,1.4
"2026-03-02 23:28:30",8129,7483,36110,0,,,,-31.34,8.75,,1.4
"2026-03-02 23:28:31",8130,7484,36100,0,,,,-31.34,8.75,,1.4
"2026-03-02 23:28:32",8132,7486,36091,0,,,,-31.35,8.75,,1.5
"2026-03-02 23:28:33",8134,7488,36082,0,,,,-31.35,8.75,,1.6
"2026-03-02 23:28:34",8136,7490,36074,0,,,,-31.35,8.75,,1.6
"2026-03-02 23:28:35",8137,7491,36066,0,,,,-31.35,8.75,,1.6
"2026-03-02 23:28:36",8139,7493,36058,0,,,,-31.35,8.75,,1.6
"2026-03-02 23:28:37",8140,7494,36051,0,,12.75,83.6,-31.35,8.75,,1.6
"2026-03-02 23:28:38",8141,7495,36045,0,,12.75,83.6,-31.35,8.75,,1.5
"2026-03-02 23:28:39",8142,7496,36040,-36.86457,-71.35976,11.85,102.5,-31.36,8.75,,1.5
"2026-03-02 23:28:44",8149,7503,36006,0,,11.1,82.6,-31.42,8.75,,1.4
"2026-03-02 23:28:45",8150,7504,36000,-36.864543,-71.358963,10.3,79.7,-31.42,8.75,-21,1.3
"2026-03-02 23:28:46",8152,7506,35990,0,,10.3,79.7,-31.44,8.75,,1.4
"2026-03-02 23:28:47",8154,7508,35981,0,,10.3,79.7,-31.45,8.75,,1.4
"2026-03-02 23:28:48",8156,7510,35972,-36.864532,-71.358572,12.15,87.8,-31.45,8.75,,1.4
"2026-03-02 23:28:49",8157,7511,35963,0,,12.2,87.8,-31.48,8.75,,1.5
"2026-03-02 23:28:50",8159,7513,35955,0,,12.2,87.8,-31.48,8.75,,1.5
"2026-03-02 23:28:51",8161,7515,35948,-36.86452,-71.358218,12,83.6,-31.48,8.75,,1.5
"2026-03-02 23:28:52",8162,7516,35942,0,,11.95,83.6,-31.49,8.75,,1.5
"2026-03-02 23:28:53",8163,7517,35936,0,,11.85,90.5,-31.49,8.75,,1.5
"2026-03-02 23:28:54",8164,7518,35930,-36.864462,-71.357847,9.95,87.4,-31.49,8.75,,1.5
"2026-03-02 23:28:55",8166,7520,35921,0,,9.95,87.4,-31.5,8.75,,1.5
"2026-03-02 23:28:56",8167,7521,35913,0,,9.95,87.4,-31.5,8.75,,1.5
"2026-03-02 23:28:57",8169,7523,35906,-36.864458,-71.357483,11.9,90.9,-31.5,8.75,,1.5
"2026-03-02 23:28:59",8172,7526,35889,0,,11.9,90.9,-31.52,8.75,,1.5
"2026-03-02 23:29:00",8174,7528,35882,-36.864478,-71.357187,10.1,94.5,-31.52,8.75,,1.5
"2026-03-02 23:29:03",8179,7533,35854,0,,11.65,89.3,-31.52,8.75,,1.5
"2026-03-02 23:29:04",8181,7535,35845,0,,11.4,87.7,-31.53,8.75,,1.6
"2026-03-02 23:29:05",8183,7537,35836,-36.86434,-71.356623,10.3,75.3,-31.54,8.75,,1.7
"2026-03-02 23:29:07",8186,7540,35821,0,,11.15,85,-31.54,8.75,,1.7
"2026-03-02 23:29:08",8187,7541,35814,0,,9.7,81.7,-31.56,8.75,,1.6
"2026-03-02 23:29:09",8188,7542,35808,-36.86435,-71.356127,11.55,84.4,-31.57,8.75,,1.6
"2026-03-02 23:29:10",8190,7544,35800,0,,10.9,84,-31.59,8.75,,1.6
"2026-03-02 23:29:11",8191,7545,35792,0,,10.9,84,-31.6,8.75,,1.6
"2026-03-02 23:29:12",8193,7547,35784,-36.864175,-71.355813,14.85,71.8,-31.62,8.75,,1.6
"2026-03-02 23:29:14",8196,7550,35767,0,,10.1,80.7,-31.65,8.75,,1.6
"2026-03-02 23:29:15",8198,7552,35760,-36.86419,-71.355523,12.8,83.1,-31.67,8.75,-21.75,1.5
"2026-03-02 23:29:17",8200,7554,35748,0,,,,-31.66,8.75,,1.5
"2026-03-02 23:29:18",8201,7555,35742,0,,,,-31.66,8.75,,1.4
"2026-03-02 23:29:19",8194,7548,35779,0,,,,-31.69,8.75,,0.8
"2026-03-02 23:29:20",8187,7541,35815,0,,,,-31.73,8.75,,0.1
"2026-03-02 23:29:21",8179,7533,35852,0,,,,-31.77,8.75,,-0.6
"2026-03-02 23:29:22",8169,7523,35905,0,,10.85,82.4,-31.8,8.75,,-1.7
"2026-03-02 23:29:23",8159,7513,35957,0,,10.85,82.4,-31.81,8.75,,-2.7
"2026-03-02 23:29:24",8148,7502,36010,-36.864103,-71.354445,12.35,82.7,-31.8,8.75,,-3.7
"2026-03-02 23:29:25",8140,7494,36049,0,,,,-31.78,8.75,,-4
"2026-03-02 23:29:26",8132,7486,36089,0,,,,-31.75,8.75,,-4.3
"2026-03-02 23:29:27",8125,7479,36130,0,,,,-31.72,8.75,,-5.6
