timestamp,msl,agl,pressure,latitude,longitude,speed,heading,temperature,relative_humidity,internal_temperature,rise_speed
"2025-07-07 11:58:53",298,-3,97706,40.918875,0.420075,0.55,146.6,35.93,33.15,,-0.1
"2025-07-07 11:58:55",298,-3,97704,0,,0.4,156.4,35.97,33.05,,0
"2025-07-07 11:58:56",298,-3,97704,40.918853,0.420072,0.5,183.4,35.95,32.75,,0
"2025-07-07 11:58:57",298,-3,97702,0,,0.6,175.6,35.95,33,,0
"2025-07-07 11:58:58",299,-2,97701,0,,0.55,181.8,35.94,33.3,,0
"2025-07-07 11:58:59",299,-2,97700,40.918847,0.420078,0.45,189.8,35.94,33.1,,0
"2025-07-07 11:59:00",299,-2,97695,0,,,,35.85,32.95,,0.1
"2025-07-07 11:59:01",300,-1,97690,0,,,,35.79,32.9,,0.1
"2025-07-07 11:59:02",300,-1,97686,0,,,,35.7,32.95,,0.1
"2025-07-07 11:59:03",301,0,97677,0,,0.15,189.8,35.49,32.85,,0.1
"2025-07-07 11:59:04",302,0,97668,0,,0.8,187.1,35.04,32.7,,0.2
"2025-07-07 11:59:05",302,0,97660,40.91877,0.420055,2.45,189.2,34.38,32.55,47.25,0.3
"2025-07-07 11:59:06",305,3,97635,0,,5.3,192,33.67,32.8,,0.5
"2025-07-07 11:59:07",307,5,97611,0,,3.7,147.1,33.06,33.2,,0.7
"2025-07-07 11:59:08",309,7,97588,40.91867,0.420122,6.15,152.6,32.44,33.8,,0.9
"2025-07-07 11:59:10",313,11,97541,0,,1.2,266.6,31.6,35.15,,1.2
"2025-07-07 11:59:11",316,14,97518,40.918612,0.4201,3.3,198.6,31.16,35.7,,1.3
"2025-07-07 11:59:12",318,16,97495,0,,4.7,179.8,30.69,36.25,,1.5
"2025-07-07 11:59:13",320,18,97473,0,,3.35,211.5,30.33,36.9,,1.7
"2025-07-07 11:59:14",322,20,97452,40.918523,0.420057,4.5,216.8,30.01,37.5,,1.8
"2025-07-07 11:59:15",324,22,97428,0,,5.4,172.5,29.81,38.05,,1.8
"2025-07-07 11:59:16",326,24,97404,0,,3.25,128.7,29.61,38.6,,1.9
"2025-07-07 11:59:17",328,26,97380,40.918462,0.420058,3,207.2,29.39,39,,2.1
"2025-07-07 11:59:18",331,29,97352,0,,2.55,287.7,29.2,39.5,,2.2
"2025-07-07 11:59:19",333,31,97326,0,,0,287.7,29.09,39.85,,2.2
"2025-07-07 11:59:20",336,34,97300,40.918472,0.420102,3.35,100.9,29.03,40.2,,2.2
"2025-07-07 11:59:21",337,35,97287,0,,1.75,85,28.93,40.5,,2.1
"2025-07-07 11:59:22",338,36,97275,0,,2.55,218.8,28.84,40.75,,2
"2025-07-07 11:59:23",339,37,97264,40.91844,0.42014,4.25,127.5,28.85,40.95,,1.9
"2025-07-07 11:59:25",342,40,97232,0,,1.9,272.4,28.91,41.2,,1.9
"2025-07-07 11:59:26",343,41,97216,40.918423,0.420175,3.15,125.5,28.87,41.25,,1.8
"2025-07-07 11:59:27",344,42,97205,0,,3.2,106.9,28.76,41.3,,1.7
"2025-07-07 11:59:28",345,43,97195,0,,1.7,357.6,28.71,41.4,,1.6
"2025-07-07 11:59:29",346,44,97186,40.918457,0.420212,1.85,22.5,28.65,41.55,,1.5
"2025-07-07 11:59:30",347,45,97172,0,,1.65,119.3,28.61,41.6,,1.4
"2025-07-07 11:59:31",349,47,97159,0,,0.05,119.3,28.65,41.7,,1.3
"2025-07-07 11:59:32",350,48,97146,40.918437,0.42027,1.85,107.4,28.69,41.75,48.25,1.2
"2025-07-07 11:59:33",351,49,97136,0,,3.45,115.9,28.62,41.8,,1.2
"2025-07-07 11:59:34",352,50,97127,0,,3.75,126.9,28.51,41.85,,1.1
"2025-07-07 11:59:35",352,50,97118,40.918395,0.420373,2.7,112.3,28.5,41.9,,1.1
"2025-07-07 11:59:37",352,50,97118,0,,0.1,115.3,28.5,42.05,,0.9
"2025-07-07 11:59:38",352,50,97118,40.918377,0.420457,2.7,97.3,28.4,42.05,,0.8
"2025-07-07 11:59:41",350,48,97140,40.918302,0.420562,4.65,144.1,28.4,42.2,,0.4
"2025-07-07 11:59:43",352,50,97125,0,,2.05,107.2,28.49,42.2,,0.3
"2025-07-07 11:59:44",352,50,97118,40.918237,0.420632,3.45,151.6,28.44,42.2,,0.3
"2025-07-07 11:59:46",352,50,97126,0,,4.1,108.7,28.51,42.3,,0.1
"2025-07-07 11:59:47",351,49,97130,40.918172,0.420725,3.6,118.2,28.57,42.25,,0
"2025-07-07 11:59:49",353,51,97108,0,,1.7,207.6,28.71,42.15,,0.1
"2025-07-07 11:59:50",354,52,97098,40.918132,0.420727,1.5,158.9,28.67,42.1,,0.1
"2025-07-07 11:59:52",360,58,97035,0,,2.55,5.2,28.74,42.1,,0.5
"2025-07-07 11:59:53",363,61,97004,40.918203,0.420787,3.1,43.9,28.72,42.05,,0.7
"2025-07-07 11:59:55",368,66,96947,0,,1.5,154.1,28.77,42,,1.3
"2025-07-07 11:59:56",371,69,96920,40.918195,0.420787,1.85,229.2,28.78,41.95,,1.5
"2025-07-07 11:59:57",373,71,96890,0,,1.9,290.3,28.86,41.9,,1.6
"2025-07-07 11:59:58",376,74,96861,0,,0.05,290.3,28.79,41.75,,1.7
"2025-07-07 11:59:59",379,77,96832,40.91824,0.420788,0.15,290.3,28.79,41.7,49,2.1
"2025-07-07 12:00:00",381,79,96811,0,,,,28.79,41.7,,2.3
"2025-07-07 12:00:01",383,81,96790,0,,,,28.71,41.7,,2.4
"2025-07-07 12:00:02",384,82,96770,0,,,,28.6,41.7,,2.5
"2025-07-07 12:00:03",387,85,96743,0,,,,28.53,41.75,,2.5
"2025-07-07 12:00:04",389,87,96715,0,,,,28.5,41.9,,2.5
"2025-07-07 12:00:05",392,90,96688,0,,,,28.53,41.95,,2.5
"2025-07-07 12:00:06",395,93,96651,0,,2.85,83,28.52,42,,2.5
"2025-07-07 12:00:07",399,97,96615,0,,1.55,21.9,28.54,42,,2.6
"2025-07-07 12:00:08",402,100,96580,40.918438,0.420902,4.2,34.1,28.57,42.05,,2.6
"2025-07-07 12:00:09",405,103,96543,0,,2.05,71.3,28.62,42.1,,2.7
"2025-07-07 12:00:10",409,107,96507,0,,2.05,71.3,28.57,42.05,,2.7
"2025-07-07 12:00:11",412,110,96472,40.918475,0.42096,2.7,20,28.59,42.05,,2.8
"2025-07-07 12:00:12",416,114,96426,0,,3.25,67.3,28.55,42.05,,3
"2025-07-07 12:00:13",420,118,96382,0,,0.1,67.3,28.55,42.05,,3.1
"2025-07-07 12:00:14",424,122,96338,40.918567,0.421017,4.8,14.4,28.61,42.1,,3.3
"2025-07-07 12:00:15",427,125,96306,0,,6.2,34.3,28.61,42.1,,3.4
"2025-07-07 12:00:16",430,128,96273,0,,4.7,52.4,28.62,42.05,,3.4
"2025-07-07 12:00:17",434,132,96240,40.918667,0.421153,5.1,49.5,28.7,42.05,,3.5
"2025-07-07 12:00:18",437,135,96200,0,,5.05,45.6,28.75,42,,3.5
"2025-07-07 12:00:19",441,139,96162,0,,3.9,73.5,28.74,41.95,,3.5
"2025-07-07 12:00:20",444,142,96124,40.918733,0.42126,1.25,13.3,28.72,41.9,,3.5
"2025-07-07 12:00:21",448,146,96080,0,,6.25,42.3,28.72,41.85,,3.6
"2025-07-07 12:00:22",452,150,96037,0,,3.85,108,28.75,41.85,,3.6
"2025-07-07 12:00:23",456,154,95994,40.918742,0.42136,1.45,112.6,28.72,41.8,,3.7
"2025-07-07 12:00:25",467,165,95883,0,,4.4,120.8,28.62,41.75,,3.9
"2025-07-07 12:00:26",472,170,95828,40.918693,0.421447,3.7,149.7,28.44,41.7,49.5,4
"2025-07-07 12:00:27",476,174,95784,0,,1.3,128,28.4,41.8,,4
"2025-07-07 12:00:28",480,178,95742,0,,1.25,108.7,28.34,41.9,,4.1
"2025-07-07 12:00:29",484,182,95700,40.918683,0.421538,3.6,94.1,28.38,42,,4.2
"2025-07-07 12:00:30",489,187,95643,0,,4.65,100.8,28.44,42.1,,4.3
"2025-07-07 12:00:31",494,192,95586,0,,3.15,83.4,28.5,42.1,,4.5
"2025-07-07 12:00:32",500,198,95530,40.91869,0.421687,4.55,77.4,28.41,42.05,,4.6
"2025-07-07 12:00:33",503,201,95489,0,,5.45,88.1,28.36,42.05,,4.6
"2025-07-07 12:00:34",508,206,95445,0,,3.6,120.7,28.38,42.05,,4.6
"2025-07-07 12:00:35",512,210,95402,40.918697,0.42183,3.45,70.4,28.26,42.05,,4.6
"2025-07-07 12:00:36",517,215,95343,0,,4.8,81.5,28.07,42.1,,4.7
"2025-07-07 12:00:37",522,220,95285,0,,2.7,81.3,27.97,42.2,,4.7
"2025-07-07 12:00:38",528,226,95228,40.918712,0.421962,3.2,86.5,27.85,42.3,,4.7
"2025-07-07 12:00:40",538,236,95115,0,,6.8,83.8,27.67,42.7,,4.8
"2025-07-07 12:00:41",543,241,95060,40.918737,0.422143,4.5,83.2,27.61,42.85,,4.9
"2025-07-07 12:00:42",550,248,94993,0,,3.05,60.8,27.5,42.9,,5.1
"2025-07-07 12:00:43",556,254,94928,0,,5.25,79.6,27.35,43.05,,5.1
"2025-07-07 12:00:44",562,260,94864,40.918733,0.422307,4.8,103.4,27.26,43.2,,5.2
"2025-07-07 12:00:45",568,266,94798,0,,4.8,105.3,27.21,43.35,,5.4
"2025-07-07 12:00:46",574,272,94733,0,,4.8,105.3,27.27,43.55,,5.5
"2025-07-07 12:00:47",580,278,94668,40.918725,0.422545,6.7,87.3,27.31,43.7,,5.7
"2025-07-07 12:00:48",586,284,94603,0,,6.8,94.8,27.3,43.8,,5.8
"2025-07-07 12:00:49",593,291,94534,0,,9.4,93.9,27.33,43.8,,5.8
"2025-07-07 12:00:50",599,297,94466,40.918703,0.422818,7.6,96.9,27.29,43.85,,5.9
"2025-07-07 12:00:51",605,303,94406,0,,,,27.26,43.85,,5.9
"2025-07-07 12:00:52",610,308,94348,0,,,,27.28,43.85,,5.9
"2025-07-07 12:00:53",616,314,94290,0,,,,27.26,43.8,49.75,6
"2025-07-07 12:00:55",627,325,94172,0,,7.85,111.6,26.87,43.75,,5.9
"2025-07-07 12:00:56",632,330,94114,40.91863,0.423333,6.75,98.7,26.6,43.9,,5.9
"2025-07-07 12:00:57",639,337,94043,0,,7.2,93.7,26.45,44.1,,5.9
"2025-07-07 12:00:58",645,343,93974,0,,7.2,104.7,26.34,44.4,,6
"2025-07-07 12:00:59",652,350,93906,40.918568,0.423568,7.2,122.8,26.15,44.6,,6
"2025-07-07 12:01:00",657,355,93850,0,,5.9,106.8,26.09,44.9,,6
"2025-07-07 12:01:01",663,361,93791,0,,5,89.2,26.02,45.1,,5.9
"2025-07-07 12:01:02",668,366,93732,40.918555,0.423772,5.8,94.2,25.86,45.3,,5.8
"2025-07-07 12:01:04",678,376,93629,0,,6.65,108.9,25.58,45.8,,5.6
"2025-07-07 12:01:05",683,381,93578,40.918573,0.424025,7.65,84.3,25.49,46,,5.6
"2025-07-07 12:01:09",708,406,93308,0,,7.25,83.4,25.1,46.9,,5.9
"2025-07-07 12:01:10",715,413,93241,0,,7.6,96.4,24.99,47.1,,5.8
"2025-07-07 12:01:11",721,419,93174,40.918538,0.424517,8.15,117.1,24.99,47.3,,5.8
"2025-07-07 12:01:12",728,426,93096,0,,8.7,131.7,24.9,47.5,,5.9
"2025-07-07 12:01:13",736,434,93020,0,,10.05,126.9,24.81,47.65,,6.1
"2025-07-07 12:01:14",743,441,92944,40.918405,0.424805,9.9,115.2,24.74,47.8,,6.2
"2025-07-07 12:01:15",747,445,92897,0,,8.8,118.1,24.77,48.05,,6.1
"2025-07-07 12:01:16",752,450,92850,0,,9.75,144.6,24.67,48.1,,6.1
"2025-07-07 12:01:17",756,454,92804,40.918242,0.425037,10.2,133.2,24.61,48.25,,6.1
"2025-07-07 12:01:18",759,457,92779,0,,6.15,129.2,24.61,48.4,,5.8
"2025-07-07 12:01:19",761,459,92754,0,,7.7,138.2,24.56,48.55,,5.6
"2025-07-07 12:01:20",763,461,92730,40.91808,0.425258,10.45,139.6,24.5,48.65,49.5,5.3
"2025-07-07 12:01:21",765,463,92709,0,,9.55,130.8,24.49,48.75,,4.7
"2025-07-07 12:01:22",767,465,92689,0,,7.55,133.5,24.51,48.85,,4.3
"2025-07-07 12:01:23",769,467,92670,40.917937,0.4255,9.4,133,24.47,48.9,,4
"2025-07-07 12:01:25",774,472,92615,0,,9.45,136.2,24.39,49,,3.2
"2025-07-07 12:01:26",777,475,92588,40.91779,0.425757,8.2,123,24.32,49.1,,2.8
"2025-07-07 12:01:27",778,476,92571,0,,10.3,124.5,24.26,49.25,,2.7
"2025-07-07 12:01:28",780,478,92553,0,,10.3,132.4,24.24,49.3,,2.5
"2025-07-07 12:01:29",782,480,92536,40.917657,0.426048,8.8,121.8,24.34,49.4,,2.3
"2025-07-07 12:01:30",783,481,92519,0,,9.8,121.5,24.33,49.45,,2.1
"2025-07-07 12:01:31",785,483,92503,0,,9.3,131,24.24,49.45,,2
"2025-07-07 12:01:32",786,484,92488,40.917515,0.426337,10.4,117.5,24.22,49.5,,1.9
"2025-07-07 12:01:33",788,486,92465,0,,9.05,123.9,24.21,49.55,,1.9
"2025-07-07 12:01:34",791,489,92442,0,,8.5,118.4,24.12,49.6,,2
"2025-07-07 12:01:35",793,491,92420,40.9174,0.426658,11.15,107.9,24.13,49.65,,2
"2025-07-07 12:01:36",793,491,92418,0,,11.15,121.6,24.17,49.75,,1.8
"2025-07-07 12:01:37",793,491,92417,0,,9.25,126.9,24.11,49.75,,1.6
"2025-07-07 12:01:38",793,491,92416,40.91726,0.426993,11.5,115.3,24.1,49.8,,1.4
"2025-07-07 12:01:40",793,491,92411,0,,9.6,121.4,24.22,49.85,,1.1
"2025-07-07 12:01:41",794,492,92410,40.917122,0.427315,9.6,117.4,24.12,49.85,,1
"2025-07-07 12:01:42",794,492,92403,0,,10.45,120,24.09,49.9,,1
"2025-07-07 12:01:43",795,493,92395,0,,10.45,120,24.13,49.9,,0.9
"2025-07-07 12:01:44",796,494,92388,40.916983,0.427618,9.25,118.8,24.17,49.95,,0.8
"2025-07-07 12:01:47",798,496,92368,0,,9,117.7,24.01,49.95,,0.6
"2025-07-07 12:01:48",798,496,92360,40.916885,0.42791,8.65,112,23.91,50,49.5,0.5
"2025-07-07 12:01:49",799,497,92348,0,,10.2,98.4,23.87,50.3,,0.5
"2025-07-07 12:01:50",800,498,92342,40.916828,0.428222,8.3,104.5,23.89,50.35,,0.6
"2025-07-07 12:01:52",800,498,92342,0,,8.4,106.9,23.92,50.45,,0.5
"2025-07-07 12:01:53",800,498,92342,40.916735,0.428472,8.45,118.5,23.92,50.45,,0.5
"2025-07-07 12:01:55",800,498,92337,0,,7.9,99.8,23.86,50.5,,0.5
"2025-07-07 12:01:56",801,499,92336,40.916667,0.428708,8.65,108.5,23.88,50.5,,0.4
"2025-07-07 12:01:57",801,499,92333,0,,5.35,133.5,23.8,50.55,,0.4
"2025-07-07 12:01:58",801,499,92330,0,,7.45,97.5,23.77,50.6,,0.4
"2025-07-07 12:01:59",801,499,92328,40.916638,0.428928,7.45,88.9,23.84,50.65,,0.3
"2025-07-07 12:02:00",802,500,92320,0,,4.1,95.8,23.86,50.65,,0.3
"2025-07-07 12:02:01",803,501,92312,0,,4.75,90.2,23.86,50.65,,0.3
"2025-07-07 12:02:02",804,502,92304,40.916592,0.429133,7.7,115.3,23.91,50.65,,0.3
"2025-07-07 12:02:03",802,500,92320,0,,7.15,121.8,23.93,50.65,,0.2
"2025-07-07 12:02:04",801,499,92337,0,,4.9,107.6,23.92,50.65,,0
"2025-07-07 12:02:05",799,497,92354,40.916543,0.429335,5.4,101.6,23.95,50.65,,-0.1
"2025-07-07 12:02:07",797,495,92373,0,,6.65,116.6,23.95,50.6,,-0.2
"2025-07-07 12:02:08",796,494,92384,40.916483,0.429535,4.2,100.1,23.96,50.55,,-0.3
"2025-07-07 12:02:10",796,494,92385,0,,7.95,125,23.9,50.55,,-0.4
"2025-07-07 12:02:11",796,494,92386,40.91641,0.429722,4.7,118.1,23.82,50.55,,-0.4
"2025-07-07 12:02:13",796,494,92381,0,,8.2,92.9,23.83,50.65,,-0.6
"2025-07-07 12:02:14",796,494,92380,40.91637,0.429913,5.65,111.3,23.77,50.65,49.25,-0.6
"2025-07-07 12:02:16",796,494,92388,0,,5.8,106.8,23.82,50.8,,-0.4
"2025-07-07 12:02:17",795,493,92392,40.916292,0.430118,9.45,106.7,23.8,50.75,,-0.3
"2025-07-07 12:02:19",794,492,92402,0,,5.45,106.8,23.89,50.8,,-0.2
"2025-07-07 12:02:20",794,492,92408,40.916232,0.430327,8,103,23.86,50.8,,-0.2
"2025-07-07 12:02:22",791,489,92433,0,,3.85,137.9,23.98,50.8,,-0.4
"2025-07-07 12:02:23",790,488,92446,40.916192,0.430473,4.2,93.9,24.07,50.75,,-0.5
"2025-07-07 12:02:26",787,485,92482,40.916138,0.430723,7.6,102.4,24.01,50.4,,-0.8
"2025-07-07 12:02:30",783,481,92526,0,,7.7,83.1,24.07,50.4,,-1
"2025-07-07 12:02:31",782,480,92537,0,,9.85,111,24.13,50.4,,-1.1
"2025-07-07 12:02:32",780,478,92548,40.916063,0.431272,10.35,105.2,24.1,50.35,,-1.1
"2025-07-07 12:02:33",779,477,92564,0,,6.1,103,24.12,50.3,,-1.1
"2025-07-07 12:02:34",777,475,92582,0,,7,103.6,24.08,50.3,,-1.2
"2025-07-07 12:02:35",776,474,92600,40.916027,0.431535,8.9,98.9,23.99,50.25,,-1.2
"2025-07-07 12:02:36",774,472,92614,0,,7.2,97.2,24.03,50.3,,-1.2
"2025-07-07 12:02:37",773,471,92628,0,,6.75,96.3,24.1,50.35,,-1.2
"2025-07-07 12:02:38",772,470,92642,40.915992,0.431782,7.4,106.2,24.21,50.35,,-1.2
"2025-07-07 12:02:39",771,469,92652,0,,6.75,96.2,24.27,50.3,,-1.3
"2025-07-07 12:02:40",770,468,92663,0,,7.6,93.4,24.46,50.3,,-1.2
"2025-07-07 12:02:41",769,467,92674,40.915965,0.43206,8.8,104.5,24.53,50.2,49.25,-1.2
"2025-07-07 12:02:42",769,467,92671,0,,8,91.1,24.7,50.1,,-1.1
"2025-07-07 12:02:43",769,467,92668,0,,7.65,94.1,24.74,49.85,,-1
"2025-07-07 12:02:44",769,467,92666,40.915938,0.43232,7.5,104.5,24.69,49.6,,-0.9
"2025-07-07 12:02:45",770,468,92657,0,,7.2,77.5,24.64,49.45,,-0.7
"2025-07-07 12:02:46",771,469,92648,0,,7.45,77.1,24.63,49.35,,-0.5
"2025-07-07 12:02:47",772,470,92640,40.915913,0.432568,7.05,112.7,24.57,49.3,,-0.3
"2025-07-07 12:02:48",773,471,92621,0,,8.3,113.3,24.54,49.3,,-0.2
"2025-07-07 12:02:49",775,473,92601,0,,7.8,99.6,24.46,49.25,,0.1
"2025-07-07 12:02:50",777,475,92582,40.915865,0.432857,9.6,97,24.43,49.3,,0.3
"2025-07-07 12:02:51",780,478,92556,0,,7.95,106.4,24.41,49.35,,0.6
"2025-07-07 12:02:52",782,480,92531,0,,6.9,87.9,24.47,49.45,,0.9
"2025-07-07 12:02:53",784,482,92506,40.91589,0.433115,9.1,58.3,24.51,49.5,,1.2
"2025-07-07 12:02:55",787,485,92479,0,,12.3,107.6,24.54,49.5,,1.4
"2025-07-07 12:02:56",788,486,92466,40.915865,0.43347,10.45,78.1,24.55,49.45,,1.5
"2025-07-07 12:03:00",803,501,92307,0,,15.7,115.8,24.5,49.4,,2.5
"2025-07-07 12:03:01",807,505,92267,0,,13.85,106.6,24.46,49.4,,2.6
"2025-07-07 12:03:02",811,509,92228,40.915587,0.434178,11,116.4,24.43,49.4,,2.8
"2025-07-07 12:03:03",814,512,92198,0,,11.2,139.3,24.45,49.45,,2.8
"2025-07-07 12:03:04",817,515,92168,0,,7.95,143.7,24.47,49.45,,2.9
"2025-07-07 12:03:05",820,518,92138,40.915438,0.434377,5.35,135.4,24.54,49.5,,2.9
"2025-07-07 12:03:07",821,519,92127,0,,13.1,146.1,24.58,49.45,,2.8
"2025-07-07 12:03:08",821,519,92122,40.915222,0.434642,10.85,136.4,24.56,49.4,48.25,2.7
"2025-07-07 12:03:10",825,523,92079,0,,9.45,133.7,24.69,49.3,,2.6
"2025-07-07 12:03:11",827,525,92058,40.91505,0.434887,9.9,136.6,24.74,49.2,,2.6
"2025-07-07 12:03:12",828,526,92048,0,,,,24.75,49.15,,2.1
"2025-07-07 12:03:13",829,527,92039,0,,,,24.79,49.05,,1.8
"2025-07-07 12:03:14",830,528,92030,0,,,,24.86,49.05,,1.6
"2025-07-07 12:03:15",829,527,92038,0,,9.4,137.7,24.87,48.95,,1.3
"2025-07-07 12:03:16",828,526,92047,0,,13.1,129.9,24.86,48.85,,1
"2025-07-07 12:03:17",827,525,92056,40.914645,0.435473,10.95,125.1,24.87,48.75,,0.7
"2025-07-07 12:03:18",824,522,92087,0,,9.2,126.3,24.87,48.7,,0.4
"2025-07-07 12:03:19",821,519,92118,0,,10.9,114.6,24.92,48.65,,0.1
"2025-07-07 12:03:20",818,516,92150,40.914543,0.435787,8.9,102.7,24.91,48.6,,-0.2
"2025-07-07 12:03:21",816,514,92170,0,,8.85,125.6,24.91,48.55,,-0.4
"2025-07-07 12:03:22",815,513,92190,0,,,114.1,24.87,48.5,,-0.9
"2025-07-07 12:03:23",813,511,92210,40.91444,0.436098,7,105.5,24.91,48.5,,-1.2
"2025-07-07 12:03:24",812,510,92216,0,,7.05,105.5,24.91,48.45,,-1.2
"2025-07-07 12:03:25",811,509,92223,0,,11.35,103,24.96,48.45,,-1.3
"2025-07-07 12:03:26",811,509,92230,40.914392,0.436442,10.75,94.1,24.96,48.4,,-1.4
"2025-07-07 12:03:30",812,510,92215,0,,6.45,96.4,24.95,48.3,,-1
"2025-07-07 12:03:31",813,511,92211,0,,,108.4,24.96,48.35,,-0.7
"2025-07-07 12:03:32",813,511,92208,40.914407,0.437053,11.75,80.4,24.99,48.3,,-0.5
"2025-07-07 12:03:33",817,515,92163,0,,10.55,75,25.06,48.3,,0.1
"2025-07-07 12:03:34",821,519,92118,0,,6.85,79.2,25.08,48.25,,0.6
"2025-07-07 12:03:35",826,524,92074,40.914407,0.437337,7.75,84.9,25.04,48.2,47.75,1.1
"2025-07-07 12:03:36",828,526,92051,0,,10.75,120.2,25.09,48.2,,1.3
"2025-07-07 12:03:37",830,528,92028,0,,9.15,129.2,25.16,48.2,,1.5
"2025-07-07 12:03:38",832,530,92006,40.914303,0.437607,6.8,124.2,25.13,48.15,,1.8
"2025-07-07 12:03:39",832,530,92006,0,,10.35,87.5,25.1,48.1,,1.7
"2025-07-07 12:03:40",832,530,92006,0,,11.15,110.5,25.12,48.1,,1.5
"2025-07-07 12:03:41",832,530,92006,40.914237,0.437982,10.6,104.6,25.09,48.05,,1.4
"2025-07-07 12:03:42",834,532,91982,0,,10.7,100.5,25.08,48,,1.5
"2025-07-07 12:03:43",837,535,91959,0,,8.7,111.5,25.08,48,,1.9
"2025-07-07 12:03:44",839,537,91936,40.914137,0.43826,7.25,128.6,25.05,48,,2
"2025-07-07 12:03:45",841,539,91909,0,,9.9,112.2,25.02,48.05,,2.2
"2025-07-07 12:03:46",844,542,91883,0,,12.05,108.7,25.06,48.1,,2.1
"2025-07-07 12:03:47",846,544,91858,40.914042,0.438598,8.8,112.2,25.14,48.1,,1.9
"2025-07-07 12:03:48",849,547,91829,0,,9,105.1,25.17,48.1,,1.8
"2025-07-07 12:03:49",852,550,91801,0,,11.25,115.1,25.19,48.05,,1.8
"2025-07-07 12:03:50",854,552,91774,40.913955,0.43891,7.9,115.2,25.17,47.95,,1.9
"2025-07-07 12:03:51",857,555,91744,0,,9.45,91.9,25.14,47.9,,2.1
"2025-07-07 12:03:52",860,558,91713,0,,13.3,124.4,25.12,47.85,,2.3
"2025-07-07 12:03:53",863,561,91682,40.913813,0.439237,10.1,125.7,25.1,47.85,,2.6
"2025-07-07 12:03:55",871,569,91603,0,,11.6,110.9,25.06,47.85,,2.9
"2025-07-07 12:03:56",875,573,91564,40.913697,0.439605,12.5,108.7,25.01,47.85,,3
"2025-07-07 12:03:57",879,577,91514,0,,9.95,121.3,24.98,47.85,,3.2
"2025-07-07 12:03:58",884,582,91466,0,,13.35,119.2,24.93,47.9,,3.3
"2025-07-07 12:03:59",889,587,91418,40.913532,0.440012,14.55,120.6,24.87,48,,3.5
"2025-07-07 12:04:00",895,593,91354,0,,11.35,108.7,24.95,48.05,,3.7
"2025-07-07 12:04:01",901,599,91291,0,,12.8,116.5,24.94,48.1,,4
"2025-07-07 12:04:02",907,605,91228,40.913387,0.44038,11.15,128,24.91,48.1,47.5,4.3
"2025-07-07 12:04:03",913,611,91165,0,,10.75,107.2,24.87,48.1,,4.6
"2025-07-07 12:04:04",919,617,91104,0,,11.75,113.1,24.87,48.15,,4.9
"2025-07-07 12:04:05",925,623,91044,40.913232,0.440745,12.2,127.6,24.87,48.15,,5.1
"2025-07-07 12:04:06",930,628,90992,0,,11.8,124.5,24.86,48.1,,5.1
"2025-07-07 12:04:07",935,633,90937,0,,10.75,126.1,24.87,48.15,,5.1
"2025-07-07 12:04:08",941,639,90882,40.913015,0.44098,10.35,155.3,24.87,48.15,,5.4
"2025-07-07 12:04:10",949,647,90795,0,,12.25,139.9,24.87,48.1,,5.4
"2025-07-07 12:04:11",953,651,90752,40.91278,0.441262,13.1,131.9,24.67,48,,5.3
"2025-07-07 12:04:18",978,676,90499,0,,,122.5,23.87,49.2,,4
"2025-07-07 12:04:19",981,679,90463,0,,11.35,123,23.76,49.35,,3.8
"2025-07-07 12:04:20",985,683,90428,40.912323,0.442445,15.85,112.2,23.66,49.5,,3.7
"2025-07-07 12:04:27",995,693,90322,0,,11.85,113,23.07,50.75,,2.6
"2025-07-07 12:04:28",996,694,90307,0,,12.55,124.2,23,50.9,,2.5
"2025-07-07 12:04:29",998,696,90292,40.911862,0.44348,10.8,127.8,22.86,51.1,47.75,2.5
"2025-07-07 12:04:49",1012,710,90145,0,,10.75,105.7,22.27,53,,0.7
"2025-07-07 12:04:50",1013,711,90138,40.910862,0.445955,10.55,113.3,22.25,53.15,,0.7
"2025-07-07 12:04:56",1010,708,90168,40.910623,0.446718,12.6,108.4,22.25,53.4,48.25,0.4
"2025-07-07 12:05:44",957,655,90714,40.909158,0.453118,12.05,108.3,21.39,56.3,,-1.1
"2025-07-07 12:06:47",838,536,91944,40.907248,0.461173,12.6,104.5,22.36,54.65,,-1.9
"2025-07-07 12:10:08",902,600,91280,40.896955,0.492708,10.55,114.5,23.49,51,,0.3
"2025-07-07 12:10:09",907,605,91224,0,,10.55,114.5,23.45,51.1,,0.3
"2025-07-07 12:10:10",913,611,91167,0,,9.9,135,23.41,51.15,,0.4
"2025-07-07 12:10:11",919,617,91110,40.89684,0.492887,10.95,118,23.39,51.25,,0.4
"2025-07-07 12:11:44",1530,1228,84914,40.894752,0.50429,9.15,84.6,17.55,64.2,,6.6
"2025-07-07 12:11:54",1600,1298,84228,0,,7.9,86.9,17.03,65.85,,6.6
"2025-07-07 12:11:55",1607,1305,84160,0,,8.25,103.4,16.96,65.95,,6.6
"2025-07-07 12:11:56",1614,1312,84092,40.894693,0.505312,7.4,91.3,16.87,66.1,,6.9
"2025-07-07 12:11:57",1621,1319,84025,0,,7.55,79.8,16.82,66.25,,6.9
"2025-07-07 12:11:58",1628,1326,83956,0,,7.6,103.5,16.76,66.45,,7
"2025-07-07 12:11:59",1635,1333,83888,40.894688,0.505655,7.1,94.9,16.66,66.65,,7
"2025-07-07 12:12:00",1641,1339,83823,0,,7.1,94.9,16.63,66.8,,6.9
"2025-07-07 12:12:01",1648,1346,83758,0,,7.5,90.5,16.58,67,,6.9
"2025-07-07 12:12:02",1654,1352,83694,40.89468,0.505852,11.3,105.2,16.46,67.1,,6.9
"2025-07-07 12:12:05",1670,1368,83544,40.894663,0.489548,9.15,101.4,16.2,67.65,,6.6
"2025-07-07 12:12:09",1690,1388,83347,0,,,,16.05,68.5,,5.9
"2025-07-07 12:12:10",1695,1393,83297,0,,,,15.98,68.65,,5.7
"2025-07-07 12:12:11",1700,1398,83248,0,,,,15.9,68.85,,5.6
"2025-07-07 12:12:12",1707,1405,83179,0,,,,15.78,69,,5.5
"2025-07-07 12:12:13",1714,1412,83114,0,,,,15.76,69.2,,5.5
"2025-07-07 12:12:14",1721,1419,83050,0,,,,15.72,69.45,,5.5
"2025-07-07 12:12:15",1727,1425,82985,0,,8.05,97.9,15.64,69.6,,5.6
"2025-07-07 12:12:16",1734,1432,82919,0,,7.75,103.7,15.61,69.8,,5.7
"2025-07-07 12:12:17",1741,1439,82854,40.894732,0.490585,6,56.7,15.55,69.95,,5.7
"2025-07-07 12:12:18",1747,1445,82791,0,,8.2,85.1,15.49,70.15,,6
"2025-07-07 12:12:19",1754,1452,82726,0,,8.2,85.1,15.38,70.3,,6
"2025-07-07 12:12:20",1760,1458,82662,40.89475,0.490782,7.75,66.7,15.34,70.5,,6.1
"2025-07-07 12:12:21",1765,1463,82616,0,,7.8,66.7,15.29,70.7,,6.3
"2025-07-07 12:12:22",1770,1468,82572,0,,7.35,91.2,15.21,70.9,,6.2
"2025-07-07 12:12:23",1774,1472,82528,40.89481,0.49104,8.45,80.3,15.13,71.1,,6.2
"2025-07-07 12:12:24",1780,1478,82476,0,,8.45,80.3,15.09,71.3,,6.1
"2025-07-07 12:12:25",1785,1483,82423,0,,5.45,86.2,15.06,71.55,,6
"2025-07-07 12:12:26",1791,1489,82370,40.894867,0.491348,8.35,87.6,15,71.75,,5.9
"2025-07-07 12:12:27",1796,1494,82318,0,,6.65,69.6,14.93,71.95,,5.8
"2025-07-07 12:12:28",1801,1499,82268,0,,5.7,92.5,14.87,72.1,,5.7
"2025-07-07 12:12:29",1806,1504,82218,40.89487,0.49161,9,96.6,14.81,72.35,,5.6
"2025-07-07 12:12:30",1811,1509,82173,0,,,,14.78,72.6,,5.4
"2025-07-07 12:12:31",1816,1514,82127,0,,,,14.75,72.75,,5.3
"2025-07-07 12:12:32",1820,1518,82082,0,,,,14.69,72.95,,5.1
"2025-07-07 12:12:34",1833,1531,81962,0,,,,14.63,73.3,,5.3
"2025-07-07 12:12:35",1839,1537,81904,0,,,,14.59,73.45,32.25,5.4
"2025-07-07 12:12:39",1863,1561,81672,0,,3.7,84.5,14.41,73.9,,5.6
"2025-07-07 12:12:40",1869,1567,81614,0,,3.7,84.5,14.33,74,,5.6
"2025-07-07 12:12:41",1875,1573,81556,40.894835,0.492582,5.95,106.1,14.32,74.2,,5.7
"2025-07-07 12:12:42",1879,1577,81519,0,,,,14.29,74.35,,5.6
"2025-07-07 12:12:43",1883,1581,81480,0,,,,14.25,74.5,,5.5
"2025-07-07 12:12:44",1887,1585,81442,0,,,,14.18,74.6,,5.5
"2025-07-07 12:12:45",1889,1587,81422,0,,2.45,113.1,14.14,74.75,,5.3
"2025-07-07 12:12:46",1891,1589,81404,0,,4.05,130.8,14.11,74.9,,5
"2025-07-07 12:12:47",1893,1591,81386,40.894698,0.492868,7.45,132.3,14.04,75,,4.6
"2025-07-07 12:12:48",1894,1592,81377,0,,3.4,105.5,14.02,75.15,,4.2
"2025-07-07 12:12:49",1895,1593,81368,0,,3.4,105.5,13.99,75.3,,4
"2025-07-07 12:12:50",1896,1594,81360,40.894637,0.493015,6.1,115.3,14.02,75.4,,3.8
"2025-07-07 12:12:51",1896,1594,81356,0,,,,14.01,75.5,,3.6
"2025-07-07 12:12:52",1896,1594,81353,0,,,,13.99,75.55,,2.6
"2025-07-07 12:12:53",1897,1595,81350,0,,,,13.91,75.65,,2.1
"2025-07-07 12:12:54",1897,1595,81343,0,,,,13.9,75.75,,1.5
"2025-07-07 12:12:55",1898,1596,81336,0,,,,13.9,75.85,,1.3
"2025-07-07 12:12:56",1899,1597,81330,0,,,,13.9,75.95,,1
"2025-07-07 12:12:57",1900,1598,81322,0,,6.15,101.3,13.92,76,,0.9
"2025-07-07 12:12:58",1900,1598,81315,0,,5.65,118.3,14.01,76.1,,0.8
"2025-07-07 12:12:59",1901,1599,81308,40.89443,0.493525,5.65,123.9,14.05,76.15,,0.7
"2025-07-07 12:13:00",1902,1600,81301,0,,6,118.8,14.07,76.2,,0.7
"2025-07-07 12:13:01",1902,1600,81294,0,,6,118.8,14.14,76.2,,0.7
"2025-07-07 12:13:02",1903,1601,81288,40.89439,0.493662,5.4,114.4,14.16,76.2,32.25,0.7
"2025-07-07 12:13:04",1905,1603,81269,0,,,,14.31,76.15,,0.7
"2025-07-07 12:13:05",1906,1604,81260,0,,,,14.35,76.05,,0.8
"2025-07-07 12:13:06",1906,1604,81256,0,,8.45,115.4,14.37,75.95,,0.8
"2025-07-07 12:13:07",1907,1605,81253,0,,5.4,100.9,14.43,75.85,,0.7
"2025-07-07 12:13:08",1907,1605,81250,40.894245,0.49417,6.4,118.2,14.43,75.75,,0.7
"2025-07-07 12:13:09",1908,1606,81243,0,,7.85,111.5,14.47,75.6,,0.7
"2025-07-07 12:13:10",1908,1606,81236,0,,7.85,111.5,14.54,75.5,,0.7
"2025-07-07 12:13:11",1909,1607,81230,40.89418,0.49439,5.2,119.7,14.55,75.35,,0.7
"2025-07-07 12:13:12",1910,1608,81224,0,,,,14.57,75.25,,0.7
"2025-07-07 12:13:13",1910,1608,81219,0,,,,14.6,75.15,,0.7
"2025-07-07 12:13:14",1911,1609,81214,0,,,,14.6,75.05,,0.6
"2025-07-07 12:13:15",1912,1610,81204,0,,,,14.6,74.9,,0.7
"2025-07-07 12:13:16",1913,1611,81194,0,,,,14.64,74.75,,0.7
"2025-07-07 12:13:17",1914,1612,81184,0,,,,14.61,74.65,,0.7
"2025-07-07 12:13:18",1915,1613,81175,0,,5.35,114.9,14.59,74.6,,0.7
"2025-07-07 12:13:19",1916,1614,81167,0,,6.1,95.1,14.62,74.5,,0.7
"2025-07-07 12:13:20",1917,1615,81160,40.893985,0.495047,6.1,118.8,14.61,74.45,,0.8
"2025-07-07 12:13:21",1917,1615,81154,0,,8.6,119,14.6,74.4,,0.8
"2025-07-07 12:13:22",1918,1616,81149,0,,8.6,119,14.64,74.35,,0.8
"2025-07-07 12:13:23",1918,1616,81144,40.893952,0.495207,6.55,110.9,14.6,74.25,,0.7
"2025-07-07 12:13:24",1919,1617,81134,0,,,,14.61,74.25,,0.8
"2025-07-07 12:13:25",1920,1618,81125,0,,,,14.61,74.2,,0.8
"2025-07-07 12:13:26",1921,1619,81116,0,,,,14.56,74.15,,0.8
"2025-07-07 12:13:28",1924,1622,81089,0,,6.45,116,14.52,74.15,,0.9
"2025-07-07 12:13:29",1925,1623,81076,40.893825,0.495777,6.95,111.6,14.52,74.15,32.75,1
"2025-07-07 12:13:30",1926,1624,81065,0,,8.15,102.7,14.57,74.1,,1
"2025-07-07 12:13:31",1927,1625,81055,0,,8.15,102.7,14.57,74.2,,1
"2025-07-07 12:13:32",1928,1626,81046,40.893755,0.496015,8.85,118.8,14.55,74.15,,1
"2025-07-07 12:13:34",1932,1630,81014,0,,,,14.58,74.15,,1.1
"2025-07-07 12:13:35",1934,1632,80998,0,,,,14.6,74.15,,1.2
"2025-07-07 12:13:36",1935,1633,80988,0,,,,14.62,74.15,,1.3
"2025-07-07 12:13:37",1935,1633,80979,0,,,,14.63,74.15,,1.3
"2025-07-07 12:13:38",1936,1634,80970,0,,,,14.64,74.1,,1.3
"2025-07-07 12:13:39",1938,1636,80959,0,,8.35,93.8,14.7,74.05,,1.3
"2025-07-07 12:13:40",1939,1637,80947,0,,6.2,118.2,14.73,74,,1.3
"2025-07-07 12:13:41",1940,1638,80936,40.893575,0.496785,9.55,107.7,14.76,73.95,,1.2
"2025-07-07 12:13:42",1942,1640,80921,0,,8.05,86.8,14.88,73.8,,1.2
"2025-07-07 12:13:43",1943,1641,80907,0,,8.05,86.8,14.89,73.65,,1.3
"2025-07-07 12:13:44",1945,1643,80894,40.893547,0.496965,9.65,109.3,14.86,73.5,,1.3
"2025-07-07 12:13:45",1946,1644,80876,0,,8.75,95.7,14.93,73.45,,1.4
"2025-07-07 12:13:46",1948,1646,80858,0,,7.05,100.1,14.96,73.3,,1.4
"2025-07-07 12:13:47",1950,1648,80840,40.893462,0.497332,8.7,111.9,15,73.15,,1.4
"2025-07-07 12:13:48",1952,1650,80826,0,,,,14.99,73,,1.4
"2025-07-07 12:13:49",1953,1651,80813,0,,,,14.96,72.95,,1.5
"2025-07-07 12:13:50",1954,1652,80800,0,,,,14.99,72.85,,1.5
"2025-07-07 12:13:51",1955,1653,80793,0,,8.55,115.8,15,72.8,,1.5
"2025-07-07 12:13:52",1956,1654,80786,0,,8.55,115.8,15,72.7,,1.4
"2025-07-07 12:13:53",1957,1655,80780,40.893315,0.49793,9.3,100.9,14.95,72.65,,1.4
"2025-07-07 12:13:54",1958,1656,80767,0,,,,14.94,72.65,,1.3
"2025-07-07 12:13:55",1959,1657,80755,0,,,,14.94,72.6,,1.3
"2025-07-07 12:13:56",1960,1658,80744,0,,,,14.99,72.6,33,1.3
"2025-07-07 12:13:57",1961,1659,80734,0,,,,15,72.55,,1.2
"2025-07-07 12:13:58",1962,1660,80725,0,,,,14.95,72.5,,1.2
"2025-07-07 12:13:59",1963,1661,80716,0,,,,14.92,72.5,,1.1
"2025-07-07 12:14:00",1965,1663,80701,0,,7.6,107.5,14.95,72.5,,1.1
"2025-07-07 12:14:01",1966,1664,80687,0,,8.2,119.6,14.98,72.45,,1.1
"2025-07-07 12:14:02",1968,1666,80674,40.893058,0.498755,9.85,112,14.94,72.45,,1.1
"2025-07-07 12:14:04",1970,1668,80651,0,,,,14.95,72.35,,1.2
"2025-07-07 12:14:05",1971,1669,80640,0,,,,14.96,72.3,,1.2
"2025-07-07 12:14:06",1973,1671,80624,0,,6.75,104.8,15.02,72.3,,1.3
"2025-07-07 12:14:07",1975,1673,80609,0,,10.5,112.8,15.04,72.2,,1.3
"2025-07-07 12:14:08",1976,1674,80594,40.892887,0.499302,8.45,108.6,15.09,72.15,,1.3
"2025-07-07 12:14:09",1979,1677,80570,0,,,,15.09,72.15,,1.4
"2025-07-07 12:14:10",1981,1679,80548,0,,,,15.08,72.05,,1.6
"2025-07-07 12:14:11",1983,1681,80526,0,,,,15.06,72,,1.7
"2025-07-07 12:14:12",1985,1683,80510,0,,6.05,107.3,15.09,71.95,,1.7
"2025-07-07 12:14:13",1987,1685,80494,0,,10.15,107.5,15.1,71.9,,1.7
"2025-07-07 12:14:14",1988,1686,80478,40.892738,0.499862,8.35,114,15.13,71.85,,1.7
"2025-07-07 12:14:15",1990,1688,80459,0,,7.15,102,15.13,71.75,,1.8
"2025-07-07 12:14:16",1992,1690,80440,0,,10.35,118.2,15.1,71.65,,1.8
"2025-07-07 12:14:17",1994,1692,80422,40.892652,0.500147,8.25,113.8,15.11,71.6,,1.9
"2025-07-07 12:14:18",1997,1695,80394,0,,,,15.1,71.55,,2
"2025-07-07 12:14:19",2000,1698,80366,0,,,,15.04,71.5,,2.1
"2025-07-07 12:14:20",2003,1701,80338,0,,,,15.04,71.45,,2.2
"2025-07-07 12:14:21",2006,1704,80314,0,,8.95,99.8,15.01,71.45,,2.3
"2025-07-07 12:14:22",2008,1706,80291,0,,9.55,122.5,14.96,71.45,,2.3
"2025-07-07 12:14:23",2011,1709,80268,40.89253,0.500643,8.4,114.7,14.99,71.45,33.25,2.3
"2025-07-07 12:14:24",2014,1712,80241,0,,8.35,108.4,14.94,71.45,,2.4
"2025-07-07 12:14:25",2016,1714,80214,0,,9.3,113.9,14.9,71.4,,2.5
"2025-07-07 12:14:26",2019,1717,80188,40.892435,0.500923,8.5,122.9,14.9,71.4,,2.6
"2025-07-07 12:14:27",2023,1721,80153,0,,8.15,107.7,14.93,71.45,,2.7
"2025-07-07 12:14:28",2026,1724,80119,0,,10.05,113.7,14.89,71.4,,2.8
"2025-07-07 12:14:29",2030,1728,80086,40.892318,0.501308,9.15,112.2,14.9,71.4,,3
"2025-07-07 12:14:30",2034,1732,80050,0,,,,14.86,71.4,,3
"2025-07-07 12:14:31",2038,1736,80014,0,,,,14.74,71.4,,3.1
"2025-07-07 12:14:32",2042,1740,79978,0,,,,14.73,71.45,,3.2
"2025-07-07 12:14:34",2049,1747,79904,0,,9.15,105.5,14.76,71.65,,3.4
"2025-07-07 12:14:35",2053,1751,79868,40.8922,0.501957,9.65,97,14.74,71.65,,3.5
"2025-07-07 12:14:36",2056,1754,79840,0,,,,14.71,71.75,,3.5
"2025-07-07 12:14:37",2059,1757,79813,0,,,,14.62,71.75,,3.6
"2025-07-07 12:14:38",2062,1760,79786,0,,,,14.57,71.8,,3.6
"2025-07-07 12:14:39",2066,1764,79751,0,,9.6,101.8,14.47,71.85,,3.6
"2025-07-07 12:14:40",2069,1767,79716,0,,9.95,107.8,14.41,71.85,,3.6
"2025-07-07 12:14:41",2073,1771,79682,40.892043,0.50261,9.55,98.7,14.41,71.9,,3.6
"2025-07-07 12:14:42",2077,1775,79642,0,,9.55,98.7,14.41,71.95,,3.6
"2025-07-07 12:14:43",2081,1779,79603,0,,11.7,96.5,14.44,72.05,,3.6
"2025-07-07 12:14:44",2086,1784,79564,40.891997,0.50296,9.8,102.9,14.44,72.1,,3.7
"2025-07-07 12:14:45",2089,1787,79531,0,,9.75,102.9,14.35,72.15,,3.7
"2025-07-07 12:14:46",2093,1791,79496,0,,12.55,98.5,14.29,72.2,,3.7
"2025-07-07 12:14:47",2097,1795,79462,40.891962,0.503218,10.3,109.6,14.25,72.3,,3.6
"2025-07-07 12:14:48",2100,1798,79431,0,,,,14.18,72.35,,3.6
"2025-07-07 12:14:49",2103,1801,79400,0,,,,14.18,72.45,,3.6
"2025-07-07 12:14:50",2106,1804,79370,0,,,,14.12,72.55,33.25,3.6
"2025-07-07 12:14:51",2110,1808,79339,0,,10.55,107.6,14.07,72.6,,3.7
"2025-07-07 12:14:52",2113,1811,79308,0,,10.15,90.7,14.01,72.7,,3.6
"2025-07-07 12:14:53",2116,1814,79278,40.891853,0.503955,10.95,99.6,13.97,72.8,,3.6
"2025-07-07 12:14:54",2120,1818,79244,0,,11,99.6,13.9,72.95,,3.6
"2025-07-07 12:14:55",2123,1821,79211,0,,10.65,99.6,13.89,72.95,,3.5
"2025-07-07 12:14:56",2127,1825,79178,40.891797,0.504345,12,95.5,13.88,73,,3.5
"2025-07-07 12:14:57",2130,1828,79150,0,,10.95,100.8,13.84,73.05,,3.4
"2025-07-07 12:14:58",2133,1831,79123,0,,8.1,112.4,13.84,73.1,,3.3
"2025-07-07 12:14:59",2136,1834,79096,40.89173,0.5047,11.4,106.6,13.84,73.15,,3.3
"2025-07-07 12:15:00",2139,1837,79067,0,,11.45,106.6,13.82,73.25,,3.2
"2025-07-07 12:15:01",2142,1840,79039,0,,11.65,109.3,13.76,73.3,,3.2
"2025-07-07 12:15:02",2145,1843,79012,40.891637,0.505127,14.1,106.4,13.7,73.35,,3.2
"2025-07-07 12:15:05",2154,1852,78930,40.89156,0.505638,13.35,99,13.76,73.2,,3.1
"2025-07-07 12:15:06",2156,1854,78911,0,,13.35,99,13.82,72.75,,3
"2025-07-07 12:15:07",2157,1855,78893,0,,14.4,100.8,13.89,72.2,,2.8
"2025-07-07 12:15:08",2159,1857,78876,40.891493,0.506132,13.35,93.1,13.9,71.65,,2.7
"2025-07-07 12:15:09",2161,1859,78862,0,,13.5,100.6,13.98,71.1,,2.6
"2025-07-07 12:15:10",2162,1860,78848,0,,14.3,100.4,14.06,70.6,,2.5
"2025-07-07 12:15:11",2164,1862,78834,40.891443,0.50662,13.95,93.4,14.14,70.2,,2.4
"2025-07-07 12:15:12",2166,1864,78815,0,,13,103.7,14.19,69.8,,2.3
"2025-07-07 12:15:13",2168,1866,78797,0,,13.5,99.5,14.24,69.4,,2.2
"2025-07-07 12:15:14",2170,1868,78780,40.891387,0.507103,14.3,93.7,14.29,69.1,,2.2
"2025-07-07 12:15:38",2210,1908,78406,40.890957,0.511025,14.7,101.8,14.92,64.1,,1.7
"2025-07-07 12:15:39",2212,1910,78390,0,,14.2,93.8,14.93,64.15,,1.7
"2025-07-07 12:15:40",2214,1912,78375,0,,14.65,102.5,14.98,64.15,,1.7
"2025-07-07 12:15:41",2215,1913,78360,40.890893,0.51153,14.45,101.7,14.95,64.15,,1.7
"2025-07-07 12:15:42",2217,1915,78344,0,,14.6,92.9,15,64.05,,1.7
"2025-07-07 12:15:43",2219,1917,78328,0,,14.3,100.1,15.03,64,,1.7
"2025-07-07 12:15:44",2220,1918,78312,40.890832,0.512023,14.7,106.7,14.95,63.9,32.75,1.7
"2025-07-07 12:15:45",2222,1920,78295,0,,13.5,93.2,15.01,63.75,,1.7
"2025-07-07 12:15:46",2224,1922,78278,0,,14.1,104.2,15.04,63.65,,1.7
"2025-07-07 12:15:47",2226,1924,78262,40.89076,0.512525,14.1,102,14.98,63.55,,1.7
"2025-07-07 12:15:48",2228,1926,78243,0,,13.45,94.5,15.03,63.4,,1.7
"2025-07-07 12:15:49",2230,1928,78225,0,,13.7,104.5,15.07,63.3,,1.7
"2025-07-07 12:15:50",2232,1930,78208,40.890693,0.513025,13.65,98.7,15.11,63.2,,1.8
"2025-07-07 12:15:54",2239,1937,78137,0,,13.65,95.2,15.11,62.95,,1.9
"2025-07-07 12:15:55",2241,1939,78119,0,,14.8,98.2,15.1,62.9,,1.9
"2025-07-07 12:15:56",2243,1941,78102,40.890568,0.514028,13.9,105.5,15.11,62.9,,1.9
"2025-07-07 12:15:57",2245,1943,78083,0,,13.55,94.9,15.09,62.85,,1.9
"2025-07-07 12:15:58",2247,1945,78063,0,,14.65,98.6,15.07,62.9,,1.9
"2025-07-07 12:15:59",2250,1948,78044,40.890507,0.514517,13.55,105.3,15.09,62.9,,2
"2025-07-07 12:16:00",2252,1950,78026,0,,13.55,105.3,15.14,62.95,,2
"2025-07-07 12:16:01",2253,1951,78009,0,,14.5,98.5,15.09,62.9,,2
"2025-07-07 12:16:02",2255,1953,77992,40.89045,0.515005,13.6,104.7,15.14,62.95,,2
"2025-07-07 12:16:04",2260,1958,77949,0,,13.95,99.4,15.02,62.95,,2
"2025-07-07 12:16:05",2262,1960,77928,40.890392,0.515497,13.85,103.5,15.02,62.9,,2
"2025-07-07 12:16:06",2265,1963,77903,0,,13.9,92.1,15,62.8,,2.1
"2025-07-07 12:16:07",2268,1966,77878,0,,14.25,99,14.94,62.75,,2.2
"2025-07-07 12:16:08",2270,1968,77854,40.89034,0.515998,14.1,103.2,14.98,62.7,,2.2
"2025-07-07 12:16:09",2273,1971,77831,0,,15.1,93.9,14.94,62.6,,2.3
"2025-07-07 12:16:10",2275,1973,77809,0,,14.4,101.9,14.91,62.5,,2.3
"2025-07-07 12:16:11",2278,1976,77788,40.890278,0.516505,14.65,102.2,14.98,62.55,33.75,2.3
"2025-07-07 12:16:12",2280,1978,77764,0,,14.5,94.1,14.95,62.55,,2.4
"2025-07-07 12:16:13",2283,1981,77741,0,,15.1,101.6,14.92,62.55,,2.4
"2025-07-07 12:16:14",2285,1983,77718,40.89022,0.51701,13.4,99.9,14.95,62.55,,2.5
"2025-07-07 12:16:15",2287,1985,77697,0,,14.5,96.9,14.91,62.5,,2.5
"2025-07-07 12:16:16",2290,1988,77677,0,,15.5,104,14.89,62.5,,2.5
"2025-07-07 12:16:17",2292,1990,77658,40.890158,0.517515,13.3,95,14.9,62.5,,2.5
"2025-07-07 12:16:18",2294,1992,77637,0,,16.05,102.3,14.83,62.35,,2.5
"2025-07-07 12:16:19",2296,1994,77615,0,,14.25,100.9,14.84,62.25,,2.4
"2025-07-07 12:16:20",2299,1997,77594,40.890093,0.518027,13.5,95.4,14.84,62.1,,2.4
"2025-07-07 12:16:21",2301,1999,77570,0,,14.8,100.4,14.73,61.95,,2.4
"2025-07-07 12:16:22",2304,2002,77548,0,,15.4,102.1,14.74,61.9,,2.4
"2025-07-07 12:16:23",2306,2004,77526,40.890033,0.518547,14.7,92.8,14.69,61.8,,2.4
"2025-07-07 12:16:30",2325,2023,77356,0,,14.9,105.8,14.5,61.75,,2.6
"2025-07-07 12:16:31",2328,2026,77332,0,,14.15,96.3,14.56,61.75,,2.6
"2025-07-07 12:16:32",2330,2028,77308,40.889857,0.52009,14.1,94.9,14.6,61.8,,2.6
"2025-07-07 12:16:36",2341,2039,77206,0,,14.65,100.3,14.44,61.75,,2.7
"2025-07-07 12:16:37",2344,2042,77181,0,,13.4,98.3,14.5,61.75,,2.7
"2025-07-07 12:16:38",2347,2045,77156,40.889733,0.521137,14,98.5,14.49,61.8,34.25,2.7
"2025-07-07 12:16:48",2377,2075,76882,0,,15.6,99.8,14.26,62.15,,2.9
"2025-07-07 12:16:49",2380,2078,76855,0,,13.25,99.4,14.27,62.2,,3
"2025-07-07 12:16:50",2383,2081,76828,40.889487,0.523242,16,99,14.18,62.15,,3
"2025-07-07 12:16:54",2395,2093,76723,0,,15.55,97,13.9,62.45,,3
"2025-07-07 12:16:55",2397,2095,76697,0,,14.05,96.1,13.89,62.55,,3
"2025-07-07 12:16:56",2400,2098,76672,40.88936,0.524307,14.5,102.4,13.8,62.7,,3
"2025-07-07 12:16:57",2403,2101,76645,0,,14.8,96.6,13.73,62.8,,3
"2025-07-07 12:16:58",2406,2104,76617,0,,14.4,96.6,13.69,62.95,,3
"2025-07-07 12:16:59",2409,2107,76590,40.889298,0.52484,14.45,101.3,13.63,63.15,,3
"2025-07-07 12:17:00",2412,2110,76561,0,,14.5,97.5,13.54,63.3,,3
"2025-07-07 12:17:01",2416,2114,76532,0,,15,96,13.51,63.35,,3
"2025-07-07 12:17:02",2419,2117,76504,40.88924,0.525377,14.8,98.5,13.5,63.45,,3
"2025-07-07 12:17:04",2426,2124,76439,0,,14.95,96.4,13.53,63.55,,3.1
"2025-07-07 12:17:05",2430,2128,76406,40.889192,0.525913,15.65,98.4,13.47,63.6,35,3.1
"2025-07-07 12:17:06",2433,2131,76373,0,,15.25,94.1,13.54,63.7,,3.1
"2025-07-07 12:17:07",2437,2135,76342,0,,16.15,97.3,13.53,63.7,,3.2
"2025-07-07 12:17:08",2440,2138,76312,40.889147,0.526448,15.45,97.2,13.46,63.7,,3.3
"2025-07-07 12:17:09",2444,2142,76279,0,,15.7,93.5,13.44,63.7,,3.4
"2025-07-07 12:17:10",2447,2145,76246,0,,15.95,98.9,13.39,63.75,,3.4
"2025-07-07 12:17:11",2451,2149,76214,40.889098,0.526983,15.25,96.8,13.36,63.75,,3.4
"2025-07-07 12:17:12",2455,2153,76182,0,,14.4,93.5,13.4,63.85,,3.5
"2025-07-07 12:17:13",2458,2156,76150,0,,16.45,97.2,13.37,63.85,,3.5
"2025-07-07 12:17:14",2462,2160,76118,40.889057,0.527522,14.65,96.8,13.4,63.9,,3.5
"2025-07-07 12:17:15",2465,2163,76088,0,,14.3,94.8,13.43,63.95,,3.6
"2025-07-07 12:17:16",2468,2166,76058,0,,16.7,95.8,13.43,63.95,,3.5
"2025-07-07 12:17:17",2472,2170,76028,40.889012,0.528062,14.8,99.9,13.5,64,,3.5
"2025-07-07 12:17:18",2475,2173,75995,0,,14.6,93.2,13.54,64,,3.5
"2025-07-07 12:17:19",2479,2177,75962,0,,16.3,94.9,13.5,64,,3.5
"2025-07-07 12:17:20",2483,2181,75930,40.888968,0.528598,15.7,100.7,13.53,63.95,,3.5
"2025-07-07 12:17:21",2487,2185,75892,0,,14.35,93,13.55,63.95,,3.6
"2025-07-07 12:17:22",2491,2189,75856,0,,16.5,96.2,13.44,63.95,,3.6
"2025-07-07 12:17:23",2495,2193,75820,40.888927,0.529135,14.1,96.3,13.48,63.9,,3.7
"2025-07-07 12:17:24",2498,2196,75792,0,,14.65,91.4,13.53,63.9,,3.6
"2025-07-07 12:17:25",2501,2199,75764,0,,16.95,100,13.41,63.85,,3.6
"2025-07-07 12:17:26",2504,2202,75736,40.888887,0.529678,15.05,94.1,13.45,63.75,,3.5
"2025-07-07 12:17:27",2509,2207,75698,0,,14.5,94.2,13.41,63.65,,3.6
"2025-07-07 12:17:28",2513,2211,75662,0,,16.4,100,13.29,63.55,,3.7
"2025-07-07 12:17:29",2517,2215,75626,40.888847,0.530227,15.9,90.8,13.33,63.5,,3.7
"2025-07-07 12:17:30",2520,2218,75594,0,,15.75,94.7,13.29,63.5,,3.7
"2025-07-07 12:17:31",2524,2222,75562,0,,16.15,98.9,13.19,63.5,,3.7
"2025-07-07 12:17:32",2527,2225,75530,40.88881,0.53077,14.5,92.7,13.26,63.55,35.75,3.7
"2025-07-07 12:17:34",2535,2233,75463,0,,16.65,97.2,13.17,63.55,,3.7
"2025-07-07 12:17:35",2539,2237,75430,40.888777,0.531315,13.75,93.7,13.21,63.6,,3.7
"2025-07-07 12:17:36",2543,2241,75394,0,,15.6,92.1,13.23,63.65,,3.7
"2025-07-07 12:17:37",2546,2244,75360,0,,16.75,99,13.14,63.7,,3.8
"2025-07-07 12:17:38",2550,2248,75326,40.888737,0.531863,14.1,96.7,13.15,63.8,,3.8
"2025-07-07 12:17:39",2554,2252,75291,0,,16.35,89.7,13.14,63.85,,3.8
"2025-07-07 12:17:40",2558,2256,75255,0,,16.35,97.3,13.06,63.95,,3.8
"2025-07-07 12:17:41",2562,2260,75220,40.888705,0.532415,13.8,96.5,13.08,64.05,,3.8
"2025-07-07 12:17:42",2566,2264,75182,0,,15.5,97.2,13.02,64.15,,3.9
"2025-07-07 12:17:43",2571,2269,75146,0,,17.1,96.2,12.93,64.25,,3.9
"2025-07-07 12:17:44",2575,2273,75110,40.888662,0.532965,13.95,92.3,12.91,64.35,,3.9
"2025-07-07 12:17:45",2578,2276,75075,0,,15.75,100.3,12.84,64.4,,3.9
"2025-07-07 12:17:46",2582,2280,75040,0,,16.05,96,12.71,64.55,,3.9
"2025-07-07 12:17:47",2586,2284,75006,40.888617,0.53351,14.85,92.4,12.69,64.7,,4
"2025-07-07 12:17:48",2590,2288,74969,0,,15.75,96.7,12.65,64.75,,4
"2025-07-07 12:17:49",2594,2292,74934,0,,17,99.2,12.63,64.85,,4
"2025-07-07 12:17:50",2598,2296,74900,40.888568,0.534072,14.75,93.6,12.62,64.9,,4
"2025-07-07 12:17:51",2602,2300,74866,0,,15.9,96.8,12.51,64.9,,4
"2025-07-07 12:17:52",2606,2304,74832,0,,16.45,99.7,12.53,65.05,,4
"2025-07-07 12:17:53",2610,2308,74798,40.88852,0.534628,14.95,93.4,12.5,65.1,,3.9
"2025-07-07 12:17:54",2614,2312,74762,0,,16,99.9,12.39,65.2,,4
"2025-07-07 12:17:55",2618,2316,74727,0,,15.8,98.3,12.41,65.3,,3.9
"2025-07-07 12:17:56",2622,2320,74692,40.888465,0.535175,15.85,94.3,12.41,65.4,,3.9
"2025-07-07 12:17:58",2629,2327,74625,0,,16.2,97.4,12.28,65.65,,3.9
"2025-07-07 12:17:59",2633,2331,74592,40.888412,0.535727,16.4,97.1,12.27,65.75,36.25,3.9
"2025-07-07 12:18:00",2637,2335,74559,0,,16.7,99.8,12.13,65.8,,3.9
"2025-07-07 12:18:01",2640,2338,74525,0,,15.75,94.2,12.07,65.9,,3.9
"2025-07-07 12:18:02",2644,2342,74492,40.888357,0.536283,16.15,98.3,11.91,66.05,,3.9
"2025-07-07 12:18:04",2652,2350,74423,0,,15.05,94.5,11.8,66.4,,3.8
"2025-07-07 12:18:05",2656,2354,74390,40.888297,0.536837,15.1,99.7,11.84,66.65,,3.8
"2025-07-07 12:18:06",2659,2357,74358,0,,15.4,100.1,11.8,66.75,,3.8
"2025-07-07 12:18:07",2663,2361,74325,0,,14.95,96.4,11.83,67.05,,3.8
"2025-07-07 12:18:08",2667,2365,74292,40.888237,0.537395,14.9,95.9,11.89,67.2,,3.8
"2025-07-07 12:18:09",2671,2369,74255,0,,17.2,98.3,11.84,67.35,,3.8
"2025-07-07 12:18:10",2675,2373,74220,0,,14.8,102.7,11.77,67.4,,3.8
"2025-07-07 12:18:11",2679,2377,74186,40.888172,0.53796,16.85,94.7,11.69,67.55,,3.8
"2025-07-07 12:18:12",2682,2380,74154,0,,17.25,106.3,11.59,67.65,,3.8
"2025-07-07 12:18:13",2686,2384,74121,0,,15,97.5,11.59,67.8,,3.8
"2025-07-07 12:18:14",2690,2388,74088,40.888098,0.538535,17.05,95.4,11.61,68.05,,3.8
"2025-07-07 12:18:15",2693,2391,74057,0,,15.75,104.9,11.54,68.25,,3.8
"2025-07-07 12:18:16",2697,2395,74025,0,,15.6,99.5,11.43,68.4,,3.8
"2025-07-07 12:18:17",2701,2399,73994,40.888022,0.539102,17.85,97.4,11.39,68.6,,3.8
"2025-07-07 12:18:19",2707,2405,73938,0,,15.9,101.6,11.35,68.95,,3.6
"2025-07-07 12:18:20",2710,2408,73912,40.887948,0.539668,17.5,100.2,11.32,69.1,,3.6
"2025-07-07 12:18:21",2714,2412,73880,0,,16.05,94.8,11.32,69.3,,3.6
"2025-07-07 12:18:22",2717,2415,73847,0,,15.05,98.4,11.26,69.45,,3.6
"2025-07-07 12:18:23",2721,2419,73814,40.887883,0.540233,17,103.6,11.31,69.6,,3.6
"2025-07-07 12:18:24",2725,2423,73783,0,,16.45,94.2,11.28,69.7,,3.5
"2025-07-07 12:18:25",2728,2426,73752,0,,15.4,100,11.21,69.85,,3.5
"2025-07-07 12:18:26",2732,2430,73722,40.887817,0.540798,16.45,103,11.14,69.95,37,3.5
"2025-07-07 12:18:27",2735,2433,73693,0,,15.85,92.9,11.09,70.1,,3.4
"2025-07-07 12:18:28",2738,2436,73666,0,,16.3,99,11.04,70.2,,3.4
"2025-07-07 12:18:29",2741,2439,73640,40.887755,0.541372,16,102.3,11.04,70.35,,3.3
"2025-07-07 12:18:30",2744,2442,73609,0,,14.65,96.4,10.99,70.5,,3.3
"2025-07-07 12:18:31",2748,2446,73578,0,,17.75,102,10.94,70.6,,3.4
"2025-07-07 12:18:32",2751,2449,73548,40.887673,0.541935,16.25,105.7,10.96,70.75,,3.4
"2025-07-07 12:18:34",2758,2456,73489,0,,16.95,97,10.86,71,,3.4
"2025-07-07 12:18:35",2762,2460,73460,40.887612,0.542492,14.95,100.2,10.82,71.15,,3.4
"2025-07-07 12:18:36",2764,2462,73433,0,,15.75,93.5,10.88,71.25,,3.3
"2025-07-07 12:18:37",2768,2466,73406,0,,17.55,99.3,10.88,71.45,,3.3
"2025-07-07 12:18:38",2771,2469,73380,40.887553,0.543057,14.5,103.4,10.81,71.6,,3.3
"2025-07-07 12:18:39",2774,2472,73348,0,,16.65,94.9,10.73,71.7,,3.3
"2025-07-07 12:18:40",2778,2476,73318,0,,17.15,97.5,10.72,71.85,,3.3
"2025-07-07 12:18:41",2781,2479,73288,40.887493,0.543623,14.55,103.2,10.67,72.05,,3.3
"2025-07-07 12:18:42",2784,2482,73262,0,,16.7,95.9,10.72,72.2,,3.3
"2025-07-07 12:18:43",2787,2485,73236,0,,16.95,96.3,10.72,72.35,,3.3
"2025-07-07 12:18:44",2790,2488,73210,40.887432,0.544198,15.7,103.3,10.63,72.45,,3.3
"2025-07-07 12:18:45",2794,2492,73179,0,,16.4,92.9,10.69,72.6,,3.3
"2025-07-07 12:18:46",2797,2495,73148,0,,16.4,98.3,10.65,72.65,,3.3
"2025-07-07 12:18:47",2801,2499,73118,40.88737,0.544767,15.65,102.8,10.56,72.7,,3.3
"2025-07-07 12:18:48",2804,2502,73087,0,,17.5,95.7,10.58,72.75,,3.3
"2025-07-07 12:18:49",2807,2505,73058,0,,15.55,100.2,10.57,72.85,,3.3
"2025-07-07 12:18:50",2811,2509,73030,40.8873,0.545337,15.7,101.9,10.48,72.95,,3.3
"2025-07-07 12:18:51",2814,2512,73004,0,,17.5,95.5,10.49,73.05,,3.3
"2025-07-07 12:18:52",2817,2515,72977,0,,15.25,101.4,10.47,73.1,,3.3
"2025-07-07 12:18:53",2820,2518,72950,40.887225,0.545907,16.4,102.3,10.42,73.15,37.5,3.3
"2025-07-07 12:18:54",2823,2521,72921,0,,17.65,97.2,10.47,73.25,,3.2
"2025-07-07 12:18:55",2826,2524,72892,0,,14.5,101.3,10.45,73.2,,3.3
"2025-07-07 12:18:56",2830,2528,72864,40.88715,0.546475,16.5,101.4,10.34,73.25,,3.3
"2025-07-07 12:18:57",2833,2531,72834,0,,17.45,95.7,10.34,73.25,,3.3
"2025-07-07 12:18:58",2836,2534,72807,0,,14.75,100.2,10.31,73.3,,3.3
"2025-07-07 12:18:59",2839,2537,72780,40.88708,0.547038,15.25,101.7,10.25,73.3,,3.2
"2025-07-07 12:19:00",2842,2540,72755,0,,17.6,95.8,10.28,73.45,,3.2
"2025-07-07 12:19:01",2845,2543,72730,0,,15.15,103.2,10.2,73.45,,3.2
"2025-07-07 12:19:02",2848,2546,72706,40.887012,0.547612,16.55,96.2,10.12,73.5,,3.1
"2025-07-07 12:19:04",2854,2552,72651,0,,16,102.8,10.1,73.7,,3.1
"2025-07-07 12:19:05",2857,2555,72624,40.886943,0.548188,15.7,97.3,10.03,73.75,,3.1
"2025-07-07 12:19:06",2860,2558,72600,0,,16.65,95.7,9.99,73.9,,3.1
"2025-07-07 12:19:07",2863,2561,72576,0,,16.6,103.7,9.96,74,,3.1
"2025-07-07 12:19:08",2866,2564,72552,40.886878,0.548762,16.3,96.3,9.99,74.1,,3
"2025-07-07 12:19:09",2869,2567,72526,0,,16.35,97.4,10,74.25,,3
"2025-07-07 12:19:10",2871,2569,72502,0,,16.55,102.8,9.93,74.35,,2.9
"2025-07-07 12:19:11",2874,2572,72478,40.88681,0.549348,16.6,94.6,10.01,74.4,,2.9
"2025-07-07 12:19:12",2877,2575,72453,0,,16.55,98.3,9.97,74.45,,2.9
"2025-07-07 12:19:13",2880,2578,72427,0,,16.7,102.9,9.96,74.5,,2.9
"2025-07-07 12:19:14",2883,2581,72402,40.886743,0.549935,16.4,93.4,9.96,74.6,,2.9
"2025-07-07 12:19:15",2886,2584,72377,0,,16.6,100.7,9.88,74.6,,2.9
"2025-07-07 12:19:16",2889,2587,72352,0,,16.6,103.2,9.86,74.65,,2.9
"2025-07-07 12:19:17",2892,2590,72328,40.886672,0.550525,17.1,92.3,9.88,74.7,,2.9
"2025-07-07 12:19:19",2898,2596,72275,0,,16.9,101,9.88,74.85,,2.9
"2025-07-07 12:19:20",2901,2599,72250,40.886615,0.55113,17.05,91.4,9.85,74.95,37.75,2.9
"2025-07-07 12:19:21",2903,2601,72225,0,,16.7,99.6,9.75,74.95,,2.9
"2025-07-07 12:19:22",2906,2604,72200,0,,16.7,100.1,9.84,75,,2.9
"2025-07-07 12:19:23",2909,2607,72176,40.886562,0.551725,16.75,90.9,9.85,75.1,,2.9
"2025-07-07 12:19:24",2912,2610,72151,0,,17.5,99.9,9.79,75.15,,2.9
"2025-07-07 12:19:25",2915,2613,72126,0,,15.95,100.6,9.91,75.2,,2.9
"2025-07-07 12:19:26",2918,2616,72102,40.886502,0.552318,16.35,92.8,9.91,75.2,,2.9
"2025-07-07 12:19:27",2921,2619,72076,0,,18.05,98.7,9.81,75.2,,2.9
"2025-07-07 12:19:28",2924,2622,72052,0,,14.95,95.2,9.85,75.15,,2.9
"2025-07-07 12:19:29",2926,2624,72028,40.886458,0.55291,17.45,93.2,9.81,75.15,,2.9
"2025-07-07 12:19:30",2929,2627,72007,0,,18.25,99.6,9.71,75.1,,2.9
"2025-07-07 12:19:31",2931,2629,71985,0,,14.9,95.4,9.75,75.1,,2.8
"2025-07-07 12:19:32",2934,2632,71964,40.886408,0.553515,18.05,93.1,9.77,74.95,,2.8
"2025-07-07 12:19:34",2940,2638,71913,0,,16,94.1,9.78,74.2,,2.8
"2025-07-07 12:19:35",2943,2641,71888,40.886365,0.554122,16.85,92.8,9.73,73.85,,2.8
"2025-07-07 12:19:36",2945,2643,71862,0,,18.1,100.4,9.66,73.45,,2.8
"2025-07-07 12:19:37",2948,2646,71839,0,,16.2,98.8,9.68,73.2,,2.8
"2025-07-07 12:19:38",2951,2649,71816,40.886297,0.554728,17.35,99,9.64,73,,2.8
"2025-07-07 12:19:39",2954,2652,71793,0,,16.95,103,9.45,72.85,,2.8
"2025-07-07 12:19:40",2956,2654,71769,0,,16.95,96.9,9.39,72.8,,2.7
"2025-07-07 12:19:41",2959,2657,71746,40.886215,0.555332,16.95,100,9.34,72.75,,2.7
"2025-07-07 12:19:42",2962,2660,71721,0,,17,106.8,9.26,72.75,,2.8
"2025-07-07 12:19:43",2965,2663,71697,0,,18.95,99.7,9.33,72.55,,2.8
"2025-07-07 12:19:44",2967,2665,71674,40.886115,0.555958,18,99.2,9.31,72.3,,2.8
"2025-07-07 12:19:45",2970,2668,71654,0,,17.6,105.1,9.38,72.05,,2.8
"2025-07-07 12:19:46",2972,2670,71634,0,,18,96.7,9.4,71.85,,2.7
"2025-07-07 12:19:47",2974,2672,71614,40.886028,0.556588,17.95,99.3,9.3,71.6,37.75,2.6
"2025-07-07 12:19:48",2977,2675,71592,0,,18.55,105.7,9.32,71.4,,2.6
"2025-07-07 12:19:49",2979,2677,71571,0,,18.1,98.3,9.39,71.2,,2.6
"2025-07-07 12:19:50",2982,2680,71550,40.885932,0.557242,18.3,99.4,9.41,70.95,,2.6
"2025-07-07 12:19:51",2984,2682,71529,0,,18.45,103.3,9.34,70.65,,2.6
"2025-07-07 12:19:52",2987,2685,71508,0,,19.75,98.7,9.24,70.35,,2.5
"2025-07-07 12:19:53",2989,2687,71488,40.885835,0.557893,17.25,102.8,9.18,70.1,,2.5
"2025-07-07 12:19:54",2991,2689,71468,0,,18.45,102.5,9.12,69.9,,2.5
"2025-07-07 12:19:55",2994,2692,71448,0,,19.75,99.5,9.1,69.75,,2.5
"2025-07-07 12:19:56",2996,2694,71428,40.88573,0.558547,18.2,104.6,9.09,69.6,,2.4
"2025-07-07 12:19:57",2998,2696,71409,0,,18.1,100,9.08,69.5,,2.4
"2025-07-07 12:19:58",3000,2698,71392,0,,19.5,97.5,9.08,69.35,,2.3
"2025-07-07 12:19:59",3002,2700,71376,40.885635,0.5592,18.65,105.6,9.14,69.25,,2.3
"2025-07-07 12:20:00",3004,2702,71357,0,,18.35,99.9,9.21,69.1,,2.3
"2025-07-07 12:20:01",3007,2705,71338,0,,18.85,98.1,9.21,68.95,,2.3
"2025-07-07 12:20:02",3009,2707,71320,40.885535,0.559847,18.8,106.6,9.24,68.8,,2.3
"2025-07-07 12:20:05",3016,2714,71260,40.885428,0.560497,18.95,106.5,9.27,68.4,,2.2
"2025-07-07 12:20:06",3018,2716,71240,0,,19.05,99.8,9.29,68.35,,2.2
"2025-07-07 12:20:07",3020,2718,71222,0,,19.05,99.8,9.17,68.15,,2.2
"2025-07-07 12:20:08",3022,2720,71204,40.885322,0.561143,18.35,105.8,9.27,68.1,,2.2
"2025-07-07 12:20:09",3024,2722,71186,0,,18.35,98.2,9.29,68,,2.2
"2025-07-07 12:20:10",3027,2725,71168,0,,18.85,103.3,9.18,67.9,,2.2
"2025-07-07 12:20:11",3029,2727,71150,40.88521,0.561788,18.55,107,9.18,67.85,,2.2
"2025-07-07 12:20:12",3031,2729,71133,0,,18.5,96.9,9.24,67.85,,2.2
"2025-07-07 12:20:13",3033,2731,71115,0,,19,100.9,9.15,67.75,,2.2
"2025-07-07 12:20:14",3035,2733,71098,40.88511,0.562438,19,106.6,9.17,67.75,37.75,2.2
"2025-07-07 12:20:15",3037,2735,71080,0,,18.65,97.6,9.21,67.7,,2.2
"2025-07-07 12:20:16",3039,2737,71062,0,,19.6,99.1,9.12,67.6,,2.2
"2025-07-07 12:20:17",3041,2739,71044,40.885022,0.563098,19.2,102.6,9.12,67.45,,2.2
"2025-07-07 12:20:18",3044,2742,71022,0,,19.25,95.8,9.21,67.25,,2.1
"2025-07-07 12:20:19",3046,2744,71002,0,,20.3,101.9,9.15,67.1,,2.1
"2025-07-07 12:20:20",3048,2746,70982,40.884933,0.563763,17,101.8,9.27,66.95,,2.2
"2025-07-07 12:20:21",3050,2748,70966,0,,19.15,98.3,9.28,66.8,,2.2
"2025-07-07 12:20:22",3052,2750,70950,0,,20.3,100.7,9.16,66.6,,2.1
"2025-07-07 12:20:23",3054,2752,70934,40.88485,0.564428,17.35,97.8,9.14,66.4,,2.1
"2025-07-07 12:20:24",3056,2754,70917,0,,19.05,101.2,9.16,66.25,,2.1
"2025-07-07 12:20:25",3058,2756,70899,0,,20.05,99.2,9.04,66.1,,2.1
"2025-07-07 12:20:26",3060,2758,70882,40.884773,0.56509,18.05,93.2,9.02,66,,2.1
"2025-07-07 12:20:27",3062,2760,70865,0,,18.45,99.5,9.05,65.85,,2.1
"2025-07-07 12:20:28",3064,2762,70849,0,,19.65,101.3,9.12,65.8,,2.1
"2025-07-07 12:20:29",3066,2764,70834,40.884698,0.565748,19.25,95.5,9.1,65.7,,2
"2025-07-07 12:20:30",3068,2766,70815,0,,19.15,99.7,9,65.5,,2.1
"2025-07-07 12:20:31",3070,2768,70796,0,,19.15,101.3,8.93,65.45,,2
"2025-07-07 12:20:32",3072,2770,70778,40.88462,0.566418,18.2,94,8.92,65.4,,2
"2025-07-07 12:20:34",3076,2774,70744,0,,18.8,101.3,9.02,65.35,,2
"2025-07-07 12:20:35",3078,2776,70728,40.884543,0.567097,18.45,93.8,8.99,65.3,,2
"2025-07-07 12:20:36",3080,2778,70711,0,,19.3,99.7,8.92,65.2,,2
"2025-07-07 12:20:37",3082,2780,70694,0,,19.8,100.8,8.85,65.1,,2
"2025-07-07 12:20:38",3084,2782,70678,40.884467,0.567778,19,94.5,8.85,65.05,,2
"2025-07-07 12:20:39",3086,2784,70664,0,,,,8.87,65.05,,2
"2025-07-07 12:20:40",3087,2785,70650,0,,,,8.99,65.05,,1.9
"2025-07-07 12:20:41",3089,2787,70636,0,,,,8.97,65,38,1.9
"2025-07-07 12:20:42",3091,2789,70621,0,,19.45,101.2,8.93,65,,1.9
"2025-07-07 12:20:43",3092,2790,70606,0,,19.3,98.2,8.93,64.95,,1.9
"2025-07-07 12:20:44",3094,2792,70592,40.884322,0.569143,19.45,95.1,8.93,64.9,,1.9
"2025-07-07 12:20:45",3096,2794,70575,0,,19.45,100,8.81,64.85,,1.8
"2025-07-07 12:20:46",3098,2796,70559,0,,20.3,96,8.75,64.9,,1.8
"2025-07-07 12:20:47",3100,2798,70544,40.884253,0.56984,19.05,96.8,8.72,65,,1.8
"2025-07-07 12:20:48",3101,2799,70531,0,,19.75,100.4,8.74,65.2,,1.8
"2025-07-07 12:20:49",3103,2801,70519,0,,20.8,95.8,8.83,65.4,,1.7
"2025-07-07 12:20:50",3104,2802,70508,40.88418,0.570542,18.75,98.5,8.8,65.6,,1.7
"2025-07-07 12:20:51",3106,2804,70490,0,,19.65,96,8.9,65.8,,1.7
"2025-07-07 12:20:52",3108,2806,70472,0,,19.6,95,8.92,66.05,,1.7
"2025-07-07 12:20:53",3111,2809,70454,40.884112,0.57125,19.65,103.1,8.81,66.15,,1.8
"2025-07-07 12:20:54",3113,2811,70430,0,,20.2,95.4,8.78,66.3,,1.9
"2025-07-07 12:20:55",3116,2814,70407,0,,20.5,94.5,8.74,66.5,,2
"2025-07-07 12:20:56",3119,2817,70384,40.884042,0.571962,20.3,100.2,8.68,66.65,,2
"2025-07-07 12:20:57",3120,2818,70375,0,,19.25,98.8,8.74,66.85,,2
"2025-07-07 12:20:58",3121,2819,70366,0,,20.25,93.8,8.75,67.1,,1.9
"2025-07-07 12:20:59",3122,2820,70358,40.883973,0.572665,21.1,98.6,8.7,67.25,,1.8
"2025-07-07 12:21:00",3124,2822,70341,0,,18.55,99.1,8.62,67.45,,1.9
"2025-07-07 12:21:01",3126,2824,70325,0,,21.5,98.2,8.52,67.6,,1.9
"2025-07-07 12:21:02",3128,2826,70310,40.883888,0.57338,20.5,98.8,8.49,67.8,,2
"2025-07-07 12:21:04",3132,2830,70272,0,,21.55,98.6,8.41,68.25,,2
"2025-07-07 12:21:05",3134,2832,70254,40.88381,0.574102,21.25,98.8,8.34,68.55,,2
"2025-07-07 12:21:07",3137,2835,70226,0,,20.8,99.4,8.29,69.15,,1.9
"2025-07-07 12:21:08",3139,2837,70212,40.883728,0.574822,20.8,98.8,8.27,69.5,38.5,1.8
"2025-07-07 12:21:09",3141,2839,70200,0,,18.9,96.6,8.29,69.85,,1.7
"2025-07-07 12:21:10",3142,2840,70188,0,,21.05,97.5,8.34,70.2,,1.8
"2025-07-07 12:21:11",3143,2841,70176,40.883652,0.57553,20.3,100.7,8.3,70.5,,1.8
"2025-07-07 12:21:12",3146,2844,70156,0,,19.25,97.9,8.41,70.75,,1.8
"2025-07-07 12:21:13",3148,2846,70137,0,,21.2,96,8.41,70.95,,1.9
"2025-07-07 12:21:14",3150,2848,70118,40.883577,0.576235,19.6,99.5,8.53,71.1,,1.9
"2025-07-07 12:21:15",3152,2850,70100,0,,19.4,98.3,8.43,71.2,,1.9
"2025-07-07 12:21:16",3154,2852,70082,0,,21.6,97.5,8.51,71.25,,1.9
"2025-07-07 12:21:17",3157,2855,70064,40.8835,0.576943,19.45,97.7,8.53,71.3,,1.9
"2025-07-07 12:21:18",3158,2856,70050,0,,19.75,100.8,8.62,71.4,,1.9
"2025-07-07 12:21:19",3160,2858,70037,0,,21.8,98.1,8.56,71.4,,1.9
"2025-07-07 12:21:20",3161,2859,70024,40.88342,0.577657,19.4,95.4,8.57,71.4,,1.9
"2025-07-07 12:21:21",3164,2862,70004,0,,20.25,102.6,8.45,71.35,,1.9
"2025-07-07 12:21:22",3166,2864,69986,0,,21.15,100.3,8.44,71.35,,2
"2025-07-07 12:21:23",3168,2866,69968,40.88333,0.578365,18.95,96.2,8.47,71.35,,2
"2025-07-07 12:21:24",3170,2868,69950,0,,20.75,99.1,8.44,71.4,,2
"2025-07-07 12:21:25",3172,2870,69932,0,,20.8,100.7,8.41,71.45,,2
"2025-07-07 12:21:26",3174,2872,69914,40.883243,0.579073,19.05,98.6,8.3,71.45,,2
"2025-07-07 12:21:27",3176,2874,69899,0,,20.9,95.7,8.31,71.5,,2
"2025-07-07 12:21:28",3178,2876,69884,0,,20.2,102.2,8.27,71.55,,2
"2025-07-07 12:21:29",3180,2878,69870,40.88316,0.57978,19.5,99.7,8.26,71.65,,1.9
"2025-07-07 12:21:30",3181,2879,69857,0,,19.85,96.1,8.28,71.7,,1.9
"2025-07-07 12:21:31",3183,2881,69844,0,,19.65,102.5,8.22,71.75,,1.9
"2025-07-07 12:21:32",3184,2882,69832,40.883072,0.580485,20,99.9,8.41,71.85,,1.9
"2025-07-07 12:21:34",3189,2887,69792,0,,19.85,102.5,8.25,71.95,,1.9
"2025-07-07 12:21:35",3191,2889,69774,40.882982,0.581202,19.95,99.4,8.26,72,38.75,1.9
"2025-07-07 12:21:36",3193,2891,69761,0,,19.2,99,8.26,72.05,,1.9
"2025-07-07 12:21:37",3194,2892,69748,0,,19.8,101.8,8.2,72.05,,1.8
"2025-07-07 12:21:38",3196,2894,69736,40.882885,0.581917,22.3,100.3,8.16,72.15,,1.8
"2025-07-07 12:21:39",3198,2896,69715,0,,18.55,98.4,8.16,72.2,,1.8
"2025-07-07 12:21:40",3200,2898,69696,0,,19.9,103,8.1,72.1,,1.9
"2025-07-07 12:21:41",3203,2901,69678,40.882785,0.582623,22.05,99.3,8.16,72.05,,1.9
"2025-07-07 12:21:42",3204,2902,69662,0,,18.7,101.6,8.15,71.95,,1.9
"2025-07-07 12:21:43",3206,2904,69646,0,,19.45,100.7,8.04,71.8,,2
"2025-07-07 12:21:44",3208,2906,69630,40.882688,0.58332,21.35,98.3,8.03,71.65,,2
"2025-07-07 12:21:45",3210,2908,69613,0,,19.1,105.6,8.03,71.55,,2
"2025-07-07 12:21:46",3212,2910,69596,0,,19.8,101,8.04,71.5,,2
"2025-07-07 12:21:47",3214,2912,69580,40.882578,0.58402,21.15,99.8,8.1,71.45,,2
"2025-07-07 12:21:49",3218,2916,69545,0,,20.15,100.4,8.06,71.2,,2
"2025-07-07 12:21:50",3220,2918,69528,40.882467,0.584725,21.3,98,8.08,71.05,,2
"2025-07-07 12:21:51",3223,2921,69510,0,,20.85,103.5,8.05,70.85,,2.1
"2025-07-07 12:21:52",3224,2922,69494,0,,19.7,104.6,7.98,70.65,,2
"2025-07-07 12:21:53",3226,2924,69478,40.882348,0.585437,20.35,99.9,8.06,70.55,,2
"2025-07-07 12:21:54",3228,2926,69465,0,,20.1,103.5,8,70.35,,2
"2025-07-07 12:21:55",3229,2927,69452,0,,19.7,102.9,8.08,70.2,,1.9
"2025-07-07 12:21:56",3231,2929,69440,40.882228,0.586145,21.15,100.8,8.16,70.05,,1.9
"2025-07-07 12:21:57",3233,2931,69423,0,,20.4,103.7,8.19,69.9,,1.9
"2025-07-07 12:21:58",3235,2933,69407,0,,20.55,99,8.2,69.7,,1.9
"2025-07-07 12:21:59",3237,2935,69392,40.882122,0.586852,20.7,101.5,8.18,69.55,,1.9
"2025-07-07 12:22:00",3238,2936,69377,0,,20.8,107.1,8.04,69.4,,1.9
"2025-07-07 12:22:01",3240,2938,69362,0,,19.85,98.6,8.08,69.25,,1.8
"2025-07-07 12:22:02",3242,2940,69348,40.882003,0.58756,20.4,101,8.06,69.1,39,1.8
"2025-07-07 12:22:04",3246,2944,69312,0,,21.5,100.8,7.95,68.9,,1.8
"2025-07-07 12:22:05",3248,2946,69294,40.88188,0.588285,19.7,102.4,7.92,68.85,,1.8
"2025-07-07 12:22:06",3250,2948,69278,0,,21.25,100.9,7.93,68.85,,1.8
"2025-07-07 12:22:07",3252,2950,69262,0,,21.05,99.8,7.96,68.8,,1.9
"2025-07-07 12:22:08",3254,2952,69246,40.881772,0.589015,19.55,103,7.89,68.7,,1.9
"2025-07-07 12:22:09",3256,2954,69230,0,,20.25,102.1,7.79,68.6,,1.9
"2025-07-07 12:22:10",3258,2956,69215,0,,20.2,100.7,7.84,68.55,,1.9
"2025-07-07 12:22:11",3260,2958,69200,40.88165,0.589737,19.15,106.3,7.79,68.55,,1.9
"2025-07-07 12:22:12",3261,2959,69186,0,,20.85,99.9,7.83,68.55,,1.9
"2025-07-07 12:22:13",3263,2961,69172,0,,21.25,99.1,7.89,68.55,,1.9
"2025-07-07 12:22:14",3265,2963,69158,40.881538,0.59045,19.85,105.9,7.82,68.5,,1.9
"2025-07-07 12:22:15",3268,2966,69130,0,,20.45,100,7.85,68.5,,2
"2025-07-07 12:22:16",3272,2970,69101,0,,20.6,100.6,7.84,68.45,,2.1
"2025-07-07 12:22:17",3275,2973,69072,40.881415,0.591168,20.7,108.1,7.77,68.45,,2.2
"2025-07-07 12:22:18",3276,2974,69062,0,,20.45,99.5,7.79,68.4,,2.1
"2025-07-07 12:22:19",3277,2975,69054,0,,21.35,103.3,7.75,68.4,,2.1
"2025-07-07 12:22:20",3278,2976,69046,40.881282,0.59188,21.05,107.5,7.68,68.35,,2
"2025-07-07 12:22:21",3280,2978,69028,0,,,,7.76,68.35,,2
"2025-07-07 12:22:22",3282,2980,69010,0,,,,7.71,68.4,,2
"2025-07-07 12:22:23",3285,2983,68992,0,,,,7.64,68.35,,2.1
"2025-07-07 12:22:24",3287,2985,68972,0,,21.15,101.7,7.65,68.4,,2.1
"2025-07-07 12:22:25",3289,2987,68952,0,,19.9,100.5,7.63,68.4,,2.2
"2025-07-07 12:22:26",3292,2990,68932,40.881025,0.59328,20.25,108.8,7.61,68.4,,2.2
"2025-07-07 12:22:27",3293,2991,68924,0,,20.4,102.8,7.69,68.4,,2.1
"2025-07-07 12:22:28",3294,2992,68917,0,,20.3,102,7.67,68.4,,1.8
"2025-07-07 12:22:29",3294,2992,68910,40.88089,0.593987,20.25,107.2,7.6,68.4,39,1.6
"2025-07-07 12:22:30",3296,2994,68894,0,,20.3,102.2,7.66,68.35,,1.6
"2025-07-07 12:22:31",3298,2996,68878,0,,19.1,106.6,7.64,68.35,,1.7
"2025-07-07 12:22:32",3300,2998,68862,40.880747,0.59469,21.05,105.7,7.57,68.35,,1.8
"2025-07-07 12:22:34",3305,3003,68825,0,,19.1,107.2,7.55,68.35,,1.8
"2025-07-07 12:22:35",3307,3005,68808,40.880605,0.595398,22.05,105.7,7.5,68.35,,1.8
"2025-07-07 12:22:36",3309,3007,68792,0,,20.9,102.2,7.6,68.4,,1.8
"2025-07-07 12:22:37",3310,3008,68777,0,,18.55,105.2,7.54,68.4,,1.7
"2025-07-07 12:22:38",3312,3010,68762,40.880467,0.596105,21.75,104.3,7.48,68.4,,1.7
"2025-07-07 12:22:39",3314,3012,68745,0,,21,103,7.52,68.35,,1.7
"2025-07-07 12:22:40",3316,3014,68728,0,,19.4,108.3,7.45,68.4,,1.8
"2025-07-07 12:22:41",3318,3016,68712,40.880323,0.596808,20.7,102.4,7.49,68.4,,1.9
"2025-07-07 12:22:42",3320,3018,68694,0,,21.1,101.9,7.52,68.4,,2
"2025-07-07 12:22:43",3322,3020,68678,0,,20.9,107.8,7.45,68.45,,2
"2025-07-07 12:22:44",3324,3022,68662,40.88018,0.597515,18.95,105.3,7.38,68.45,,2
"2025-07-07 12:22:45",3326,3024,68648,0,,20.35,101.3,7.35,68.5,,2
"2025-07-07 12:22:46",3328,3026,68635,0,,21.4,108.3,7.25,68.5,,1.9
"2025-07-07 12:22:47",3329,3027,68622,40.88004,0.598208,19.05,103.8,7.29,68.55,,1.9
"2025-07-07 12:22:48",3331,3029,68603,0,,20.05,102.3,7.27,68.65,,1.9
"2025-07-07 12:22:49",3334,3032,68584,0,,21.2,109.6,7.29,68.7,,1.9
"2025-07-07 12:22:50",3336,3034,68566,40.879897,0.598903,19.75,103.3,7.33,68.75,,2
"2025-07-07 12:22:51",3338,3036,68550,0,,19.9,102.8,7.3,68.75,,2
"2025-07-07 12:22:52",3340,3038,68535,0,,20.8,109.1,7.22,68.8,,1.9
"2025-07-07 12:22:53",3341,3039,68520,40.879757,0.5996,20.25,102,7.24,68.85,,1.9
"2025-07-07 12:22:54",3343,3041,68507,0,,19.65,102.5,7.22,68.9,,1.9
"2025-07-07 12:22:55",3344,3042,68494,0,,20.2,109.6,7.27,68.95,,1.9
"2025-07-07 12:22:56",3346,3044,68482,40.87962,0.600287,20.15,102,7.26,69,38.75,1.8
"2025-07-07 12:22:57",3348,3046,68465,0,,19.95,105,7.24,69.05,,1.8
"2025-07-07 12:22:58",3350,3048,68448,0,,19.9,112.5,7.2,69.05,,1.9
"2025-07-07 12:22:59",3352,3050,68432,40.879462,0.600973,20.2,103.4,7.21,69.05,,1.9
"2025-07-07 12:23:00",3354,3052,68418,0,,20.15,104.3,7.19,69,,1.9
"2025-07-07 12:23:01",3355,3053,68405,0,,21,113,7.18,69,,1.8
"2025-07-07 12:23:02",3357,3055,68392,40.879295,0.601672,20.85,105.3,7.25,69.05,,1.8
"2025-07-07 12:23:04",3360,3058,68365,0,,19.1,104.8,7.19,69,,1.7
"2025-07-07 12:23:05",3362,3060,68352,40.879128,0.60236,20.3,107.1,7.25,69,,1.7
"2025-07-07 12:23:06",3363,3061,68340,0,,18.6,107,7.2,68.9,,1.7
"2025-07-07 12:23:07",3365,3063,68329,0,,20,109.2,7.16,68.75,,1.7
"2025-07-07 12:23:08",3366,3064,68318,40.878963,0.603042,21.6,106.4,7.18,68.6,,1.7
"2025-07-07 12:23:09",3368,3066,68302,0,,19.25,110.3,7.14,68.4,,1.6
"2025-07-07 12:23:10",3370,3068,68286,0,,19.95,109.8,7.1,68.2,,1.6
"2025-07-07 12:23:11",3372,3070,68270,40.878787,0.603722,21,106.6,7.17,67.9,,1.6
"2025-07-07 12:23:12",3373,3071,68257,0,,19,109.6,7.15,67.55,,1.6
"2025-07-07 12:23:13",3375,3073,68245,0,,22,109,7.15,67.25,,1.6
"2025-07-07 12:23:14",3376,3074,68234,40.878612,0.604408,19.45,107.4,7.21,66.95,,1.6
"2025-07-07 12:23:15",3378,3076,68219,0,,19.7,112.3,7.18,66.6,,1.6
"2025-07-07 12:23:16",3380,3078,68204,0,,22.2,109.6,7.21,66.3,,1.6
"2025-07-07 12:23:17",3381,3079,68190,40.878428,0.605092,19.25,106,7.25,65.9,,1.6
"2025-07-07 12:23:18",3383,3081,68175,0,,20.35,113.3,7.2,65.5,,1.6
"2025-07-07 12:23:19",3385,3083,68160,0,,21.75,111.1,7.23,65.15,,1.7
"2025-07-07 12:23:20",3387,3085,68146,40.878237,0.605775,19.45,106.8,7.25,64.75,,1.7
"2025-07-07 12:23:21",3388,3086,68134,0,,19.9,109.4,7.21,64.3,,1.7
"2025-07-07 12:23:22",3390,3088,68123,0,,21.4,113.1,7.18,63.9,,1.6
"2025-07-07 12:23:23",3391,3089,68112,40.878047,0.606445,18.7,109,7.24,63.5,38.75,1.6
"2025-07-07 12:23:24",3393,3091,68096,0,,21.05,110.4,7.21,63.15,,1.6
"2025-07-07 12:23:25",3395,3093,68081,0,,21.85,113.3,7.22,62.7,,1.6
"2025-07-07 12:23:26",3396,3094,68066,40.877847,0.607125,18.7,108.9,7.22,62.25,,1.7
"2025-07-07 12:23:27",3397,3095,68058,0,,21.2,110,7.21,61.8,,1.6
"2025-07-07 12:23:28",3398,3096,68051,0,,20.55,112.8,7.23,61.35,,1.6
"2025-07-07 12:23:29",3399,3097,68044,40.877655,0.607795,18.85,109.6,7.25,60.95,,1.5
"2025-07-07 12:23:30",3401,3099,68028,0,,21,112.5,7.21,60.45,,1.5
"2025-07-07 12:23:31",3403,3101,68013,0,,21,113.2,7.17,59.95,,1.5
"2025-07-07 12:23:32",3405,3103,67998,40.877448,0.608467,19.1,111.1,7.27,59.5,,1.5
"2025-07-07 12:23:35",3409,3107,67966,40.877253,0.609125,18.5,111.8,7.38,58.25,,1.5
"2025-07-07 12:23:36",3411,3109,67949,0,,21.35,110.9,7.42,57.8,,1.5
"2025-07-07 12:23:37",3413,3111,67932,0,,20,109.5,7.48,57.4,,1.5
"2025-07-07 12:23:38",3415,3113,67916,40.877068,0.60979,18.9,108.2,7.57,57,,1.6
"2025-07-07 12:23:39",3416,3114,67902,0,,20.55,112.5,7.47,56.6,,1.5
"2025-07-07 12:23:40",3418,3116,67889,0,,20.85,114.2,7.4,56.15,,1.6
"2025-07-07 12:23:41",3420,3118,67876,40.876863,0.610458,19.4,108.7,7.45,55.7,,1.6
"2025-07-07 12:23:42",3421,3119,67865,0,,19.8,114.6,7.36,55.2,,1.7
"2025-07-07 12:23:43",3422,3120,67854,0,,20.25,113.2,7.39,54.75,,1.6
"2025-07-07 12:23:44",3424,3122,67844,40.876662,0.611113,20.1,108.9,7.34,54.35,,1.6
"2025-07-07 12:23:49",3430,3128,67794,0,,19.3,112.2,7.47,51.95,,1.5
"2025-07-07 12:23:50",3431,3129,67784,40.876253,0.612407,20.2,109.6,7.4,51.5,38.25,1.4
"2025-07-07 12:23:51",3432,3130,67772,0,,19.75,115.2,7.39,51.15,,1.3
"2025-07-07 12:23:52",3434,3132,67761,0,,19.75,107.6,7.49,50.75,,1.3
"2025-07-07 12:23:53",3435,3133,67750,40.876058,0.613048,21.2,114,7.4,50.4,,1.3
"2025-07-07 12:23:54",3436,3134,67741,0,,19.2,113.6,7.49,50.05,,1.2
"2025-07-07 12:23:55",3437,3135,67733,0,,18.3,108.5,7.54,49.8,,1.2
"2025-07-07 12:23:56",3438,3136,67726,40.875867,0.613687,19.05,111.3,7.45,49.45,,1.2
"2025-07-07 12:23:57",3439,3137,67714,0,,18.95,116,7.47,49.15,,1.2
"2025-07-07 12:23:58",3441,3139,67702,0,,19.4,107.3,7.4,48.9,,1.2
"2025-07-07 12:23:59",3442,3140,67690,40.87567,0.614327,18.75,111.7,7.31,48.6,,1.3
"2025-07-07 12:24:00",3444,3142,67674,0,,19.55,115.9,7.34,48.4,,1.3
"2025-07-07 12:24:01",3446,3144,67659,0,,19.9,108.8,7.25,48.1,,1.4
"2025-07-07 12:24:02",3448,3146,67644,40.875473,0.61496,17.65,112.2,7.18,47.8,,1.4
"2025-07-07 12:24:04",3451,3149,67619,0,,18.65,107.8,7.11,47.3,,1.4
"2025-07-07 12:24:05",3452,3150,67608,40.875287,0.615592,17.7,114.7,7.16,47.15,,1.4
"2025-07-07 12:24:06",3454,3152,67594,0,,20.5,109.4,7.23,46.9,,1.5
"2025-07-07 12:24:07",3456,3154,67581,0,,19.75,108.9,7.2,46.65,,1.5
"2025-07-07 12:24:08",3457,3155,67568,40.875098,0.61623,17.6,114.5,7.12,46.4,,1.6
"2025-07-07 12:24:09",3458,3156,67558,0,,19.15,107.4,7.07,46.1,,1.6
"2025-07-07 12:24:10",3460,3158,67548,0,,19.75,114.4,7.05,45.9,,1.6
"2025-07-07 12:24:11",3461,3159,67538,40.874903,0.616853,18.5,114.5,7.02,45.7,,1.5
"2025-07-07 12:24:12",3462,3160,67526,0,,17.7,108.3,7.08,45.45,,1.5
"2025-07-07 12:24:13",3464,3162,67515,0,,19.5,111.1,7.06,45.25,,1.5
"2025-07-07 12:24:14",3465,3163,67504,40.874718,0.617467,18.9,115.3,7.2,44.95,,1.5
"2025-07-07 12:24:16",3468,3166,67477,0,,18.9,113.1,7.18,44.15,,1.4
"2025-07-07 12:24:17",3470,3168,67464,40.87453,0.618075,18.9,114.9,7.19,43.7,37.5,1.5
"2025-07-07 12:24:18",3471,3169,67452,0,,18.4,106.1,7.18,43.3,,1.4
"2025-07-07 12:24:19",3473,3171,67441,0,,18.4,112.6,7.11,42.9,,1.4
"2025-07-07 12:24:20",3474,3172,67430,40.87435,0.618685,18.5,114.5,7.2,42.5,,1.4
"2025-07-07 12:24:21",3476,3174,67414,0,,18.65,107.8,7.17,42.05,,1.5
"2025-07-07 12:24:22",3478,3176,67399,0,,17.35,112.6,7.18,41.55,,1.5
"2025-07-07 12:24:23",3480,3178,67384,40.874177,0.61929,19.1,109.8,7.2,41.1,,1.6
"2025-07-07 12:24:24",3481,3179,67371,0,,17.95,108.4,7.2,40.6,,1.6
"2025-07-07 12:24:25",3483,3181,67358,0,,16.85,114.9,7.3,40.15,,1.6
"2025-07-07 12:24:26",3484,3182,67346,40.873998,0.619883,19.15,110.2,7.26,39.65,,1.6
"2025-07-07 12:24:27",3486,3184,67332,0,,18.25,108.5,7.31,39.15,,1.6
"2025-07-07 12:24:28",3487,3185,67320,0,,16.35,114.5,7.42,38.7,,1.6
"2025-07-07 12:24:29",3489,3187,67308,40.873833,0.620477,18.75,106.3,7.37,38.2,,1.6
"2025-07-07 12:24:30",3490,3188,67296,0,,17.15,111.9,7.35,37.7,,1.6
"2025-07-07 12:24:31",3492,3190,67284,0,,16.7,114.7,7.39,37.25,,1.6
"2025-07-07 12:24:32",3493,3191,67272,40.873665,0.621048,17.65,106.8,7.44,36.7,,1.6
"2025-07-07 12:24:34",3497,3195,67244,0,,16.65,115.3,7.55,35.7,,1.6
"2025-07-07 12:24:35",3499,3197,67230,40.873502,0.62162,16.2,108,7.59,35.2,,1.6
"2025-07-07 12:24:36",3500,3198,67216,0,,18.55,111,7.5,34.65,,1.6
"2025-07-07 12:24:37",3502,3200,67203,0,,15.65,111.7,7.59,34.25,,1.6
"2025-07-07 12:24:38",3503,3201,67190,40.873345,0.622185,16.95,105.9,7.57,33.85,,1.6
"2025-07-07 12:24:45",3515,3213,67098,0,,15.8,112.5,7.26,31.6,,1.7
"2025-07-07 12:24:46",3516,3214,67085,0,,18.55,108.8,7.24,31.4,,1.6
"2025-07-07 12:24:47",3518,3216,67072,40.872865,0.62389,16.9,106.4,7.27,31.2,,1.6
"2025-07-07 12:24:48",3520,3218,67058,0,,15.4,114.4,7.37,31,,1.6
"2025-07-07 12:24:49",3521,3219,67045,0,,17.9,110,7.31,30.7,,1.6
"2025-07-07 12:24:50",3523,3221,67032,40.872705,0.62445,17.25,106.6,7.23,30.45,,1.6
"2025-07-07 12:25:04",3548,3246,66830,0,,17,109.6,7.2,26.1,,1.8
"2025-07-07 12:25:05",3550,3248,66816,40.871965,0.627123,14,113.5,7.21,25.75,,1.8
"2025-07-07 12:25:06",3551,3249,66802,0,,16.15,106.4,7.31,25.35,,1.8
"2025-07-07 12:25:07",3553,3251,66790,0,,16.2,107.4,7.23,25.05,,1.8
"2025-07-07 12:25:08",3554,3252,66778,40.871833,0.627645,14.2,109.4,7.18,24.6,,1.7
"2025-07-07 12:25:09",3557,3255,66759,0,,14.9,112.7,7.25,24.25,,1.8
"2025-07-07 12:25:10",3559,3257,66740,0,,16.25,107,7.22,23.85,,1.8
"2025-07-07 12:25:11",3561,3259,66722,40.871698,0.628155,14.45,102.7,7.29,23.5,37.25,1.8
"2025-07-07 12:25:15",3569,3267,66656,0,,14.8,114.9,7.11,22.15,,1.9
"2025-07-07 12:25:16",3571,3269,66640,0,,16.05,105.5,7.06,21.85,,1.9
"2025-07-07 12:25:17",3573,3271,66624,40.871438,0.629172,14.8,103.5,7.03,21.6,,2
"2025-07-07 12:25:24",3587,3285,66511,0,,14.85,110.5,7.16,20.5,,2
"2025-07-07 12:25:25",3589,3287,66495,0,,13.55,111.6,7.08,20.25,,2
"2025-07-07 12:25:26",3591,3289,66480,40.871052,0.630657,16.45,103.2,7.09,20.1,,2
"2025-07-07 12:25:27",3593,3291,66465,0,,14.7,109.5,7.16,19.9,,2
"2025-07-07 12:25:28",3595,3293,66450,0,,13.35,106.9,7.08,19.75,,2
"2025-07-07 12:25:29",3597,3295,66436,40.870937,0.631165,16.75,105.9,7.06,19.6,,1.9
"2025-07-07 12:25:30",3599,3297,66421,0,,14.7,107.9,7.1,19.4,,1.9
"2025-07-07 12:25:31",3600,3298,66406,0,,13.7,108.6,7.05,19.25,,1.9
"2025-07-07 12:25:32",3602,3300,66392,40.870818,0.631673,16.1,105.9,7.07,19.15,,1.9
"2025-07-07 12:25:34",3606,3304,66359,0,,14.2,105.7,7.12,18.9,,1.9
"2025-07-07 12:25:35",3608,3306,66344,40.870703,0.632192,15.95,110.6,7.09,18.8,,1.9
"2025-07-07 12:25:39",3616,3314,66282,0,,14.15,106.4,7.08,18.4,,1.9
"2025-07-07 12:25:40",3618,3316,66267,0,,14.15,106.3,7.03,18.25,,1.9
"2025-07-07 12:25:41",3620,3318,66252,40.870472,0.633213,16.25,105.5,7.1,18.15,,1.9
"2025-07-07 12:25:42",3622,3320,66231,0,,14.35,104.7,7.07,18.05,,2
"2025-07-07 12:25:43",3625,3323,66209,0,,14.9,107,6.98,18,,2
"2025-07-07 12:25:44",3627,3325,66188,40.870362,0.633733,16.55,105.6,7.02,17.95,,2.1
"2025-07-07 12:25:51",3643,3341,66060,0,,15,109.4,7.01,17.9,,2.2
"2025-07-07 12:25:52",3646,3344,66042,0,,14.4,106.9,7.03,17.9,,2.3
"2025-07-07 12:25:53",3648,3346,66024,40.87002,0.635298,16,103.7,7.03,17.9,,2.3
"2025-07-07 12:26:06",3677,3375,65791,0,,16.35,103.3,6.95,17.4,,2.2
"2025-07-07 12:26:07",3679,3377,65773,0,,15.55,105,6.98,17.4,,2.2
"2025-07-07 12:26:08",3681,3379,65756,40.869395,0.63794,16,111.4,6.9,17.3,,2.2
"2025-07-07 12:26:18",3708,3406,65544,0,,16.45,105,6.91,16.55,,2.6
"2025-07-07 12:26:19",3711,3409,65523,0,,15.2,107.1,6.8,16.55,,2.6
"2025-07-07 12:26:20",3713,3411,65502,40.868882,0.640108,15.8,108.9,6.68,16.55,,2.7
"2025-07-07 12:26:21",3716,3414,65480,0,,16.7,104,6.68,16.55,,2.7
"2025-07-07 12:26:22",3719,3417,65458,0,,14.75,107.7,6.67,16.55,,2.7
"2025-07-07 12:26:23",3722,3420,65436,40.86876,0.640653,17.35,107.5,6.73,16.55,,2.7
"2025-07-07 12:26:36",3758,3456,65151,0,,16.7,108.8,6.71,17.15,,2.8
"2025-07-07 12:26:37",3760,3458,65129,0,,16.4,105.6,6.61,17.35,,2.8
"2025-07-07 12:26:38",3763,3461,65108,40.868152,0.64342,15.9,100.9,6.61,17.5,,2.8
"2025-07-07 12:26:39",3766,3464,65084,0,,15.8,108.7,6.56,17.65,,2.8
"2025-07-07 12:26:40",3769,3467,65062,0,,16.15,104,6.6,17.75,,2.8
"2025-07-07 12:26:41",3772,3470,65040,40.868045,0.643973,16.4,99.6,6.57,17.95,,2.8
"2025-07-07 12:26:42",3774,3472,65019,0,,16.4,109.9,6.51,18.05,,2.8
"2025-07-07 12:26:43",3777,3475,64998,0,,16,96.4,6.62,18.2,,2.8
"2025-07-07 12:26:44",3780,3478,64978,40.86795,0.644533,15.85,103.7,6.58,18.3,,2.8
"2025-07-07 12:26:45",3782,3480,64955,0,,16.45,107.3,6.49,18.4,,2.8
"2025-07-07 12:26:46",3785,3483,64932,0,,16.05,97.2,6.51,18.45,,2.8
"2025-07-07 12:26:47",3788,3486,64910,40.867852,0.645092,15.9,105.2,6.48,18.5,,2.8
"2025-07-07 12:26:48",3791,3489,64887,0,,16.2,106.3,6.45,18.55,,2.8
"2025-07-07 12:26:49",3794,3492,64865,0,,15.35,96.4,6.53,18.65,,2.8
"2025-07-07 12:26:50",3796,3494,64844,40.867757,0.645642,16.15,105.6,6.51,18.65,,2.8
"2025-07-07 12:27:09",3856,3554,64373,0,,16.7,95.6,6.45,18.15,,3.2
"2025-07-07 12:27:10",3860,3558,64348,0,,15.35,98,6.46,18.15,,3.2
"2025-07-07 12:27:11",3863,3561,64324,40.867192,0.649515,15.35,104,6.4,18.05,,3.2
"2025-07-07 12:27:12",3865,3563,64308,0,,15.5,96.2,6.53,17.95,,3.1
"2025-07-07 12:27:13",3867,3565,64293,0,,14.65,99.4,6.58,17.85,,3.1
"2025-07-07 12:27:14",3869,3567,64278,40.867122,0.650062,15.35,101.7,6.65,17.75,,3
"2025-07-07 12:27:27",3911,3609,63948,0,,15.55,95.3,6.37,16.75,,3.3
"2025-07-07 12:27:28",3914,3612,63923,0,,14.6,101.7,6.44,16.65,,3.3
"2025-07-07 12:27:29",3917,3615,63898,40.866825,0.652812,16.4,95.2,6.41,16.6,,3.3
"2025-07-07 12:27:30",3921,3619,63870,0,,16.15,98.7,6.33,16.5,,3.3
"2025-07-07 12:27:31",3924,3622,63845,0,,15,101.1,6.35,16.35,,3.3
"2025-07-07 12:27:32",3927,3625,63820,40.866767,0.653363,15.55,92,6.48,16.3,,3.3
"2025-07-07 12:27:36",3941,3639,63716,0,,15.95,100.6,6.34,16.1,,3.3
"2025-07-07 12:27:37",3944,3642,63690,0,,16.4,100.2,6.26,16.05,,3.3
"2025-07-07 12:27:38",3948,3646,63664,40.866655,0.65446,15.05,91.4,6.33,16,,3.3
"2025-07-07 12:27:39",3951,3649,63639,0,,16,97.7,6.22,16,,3.3
"2025-07-07 12:27:40",3954,3652,63615,0,,15.6,99.8,6.2,15.95,,3.3
"2025-07-07 12:27:41",3957,3655,63592,40.86661,0.655005,14.5,91.3,6.24,15.9,,3.3
"2025-07-07 12:27:42",3960,3658,63568,0,,15,98.2,6.11,15.8,,3.3
"2025-07-07 12:27:43",3963,3661,63544,0,,15.8,97.4,6.07,15.75,,3.3
"2025-07-07 12:27:44",3966,3664,63520,40.86657,0.655562,15.35,89.1,6.12,15.65,,3.2
"2025-07-07 12:27:45",3969,3667,63495,0,,15.1,100.6,6.02,15.65,,3.2
"2025-07-07 12:27:46",3973,3671,63470,0,,15.3,99,6.05,15.6,,3.2
"2025-07-07 12:27:47",3976,3674,63446,40.866525,0.656105,15.95,88.7,5.99,15.55,,3.2
"2025-07-07 12:27:48",3979,3677,63418,0,,14.1,99.1,5.89,15.5,,3.2
"2025-07-07 12:27:49",3983,3681,63391,0,,14.85,99.2,5.86,15.5,,3.2
"2025-07-07 12:27:50",3986,3684,63364,40.86648,0.656647,16.05,90.6,5.86,15.5,,3.2
"2025-07-07 12:27:51",3990,3688,63337,0,,13.15,99.4,5.78,15.5,,3.2
"2025-07-07 12:27:52",3993,3691,63310,0,,15.75,97.1,5.71,15.5,,3.3
"2025-07-07 12:27:53",3997,3695,63284,40.866442,0.657177,16.05,90.2,5.76,15.5,37.5,3.3
"2025-07-07 12:27:54",4000,3698,63261,0,,15.6,100.7,5.68,15.5,,3.3
"2025-07-07 12:27:55",4003,3701,63237,0,,15.6,94.7,5.68,15.55,,3.3
"2025-07-07 12:27:56",4006,3704,63214,40.866402,0.657715,15.75,91,5.71,15.55,,3.3
"2025-07-07 12:27:57",4009,3707,63188,0,,16.1,100.2,5.77,15.6,,3.3
"2025-07-07 12:27:58",4012,3710,63163,0,,14.65,91.9,5.87,15.65,,3.3
"2025-07-07 12:27:59",4016,3714,63138,40.866368,0.658248,15.3,92.4,5.85,15.65,,3.3
"2025-07-07 12:28:00",4019,3717,63111,0,,15,100.9,5.87,15.65,,3.3
"2025-07-07 12:28:01",4022,3720,63085,0,,14.9,89.1,5.85,15.7,,3.3
"2025-07-07 12:28:02",4026,3724,63060,40.86634,0.658777,15.1,92.7,5.81,15.7,,3.3
"2025-07-07 12:28:04",4032,3730,63010,0,,14.65,87.5,5.7,15.75,,3.2
"2025-07-07 12:28:05",4035,3733,62986,40.866315,0.659297,14.7,94.2,5.64,15.75,,3.2
"2025-07-07 12:28:06",4039,3737,62960,0,,14.7,100.2,5.5,15.75,,3.3
"2025-07-07 12:28:07",4042,3740,62934,0,,15.2,88.4,5.54,15.75,,3.3
"2025-07-07 12:28:08",4046,3744,62908,40.866287,0.659818,13.8,94,5.57,15.8,,3.3
"2025-07-07 12:28:09",4049,3747,62885,0,,14.35,98.3,5.66,15.9,,3.3
"2025-07-07 12:28:10",4051,3749,62863,0,,14.35,90.4,5.56,15.9,,3.2
"2025-07-07 12:28:11",4054,3752,62842,40.86626,0.66034,13.4,93.4,5.43,15.9,,3.2
"2025-07-07 12:28:12",4057,3755,62817,0,,13.6,100,5.43,15.9,,3.2
"2025-07-07 12:28:13",4061,3759,62792,0,,16.35,91.1,5.4,15.9,,3.2
"2025-07-07 12:28:14",4064,3762,62768,40.866227,0.660853,13.5,94.6,5.44,15.9,,3.2
"2025-07-07 12:28:15",4067,3765,62743,0,,13.75,98,5.52,15.9,,3.2
"2025-07-07 12:28:16",4070,3768,62717,0,,15.85,92.6,5.43,15.9,,3.2
"2025-07-07 12:28:17",4074,3772,62692,40.866192,0.661367,13.75,96.8,5.34,15.85,,3.2
"2025-07-07 12:28:19",4080,3778,62640,0,,15.25,88.7,5.41,15.8,,3.2
"2025-07-07 12:28:20",4084,3782,62616,40.866163,0.661875,14.7,98.7,5.37,15.75,37.25,3.2
"2025-07-07 12:28:21",4087,3785,62588,0,,13.5,100.5,5.4,15.7,,3.2
"2025-07-07 12:28:22",4091,3789,62560,0,,15.05,88.4,5.39,15.6,,3.3
"2025-07-07 12:28:23",4095,3793,62532,40.866127,0.66238,14,96.9,5.28,15.55,,3.3
"2025-07-07 12:28:24",4098,3796,62508,0,,14,100.2,5.18,15.55,,3.4
"2025-07-07 12:28:25",4101,3799,62484,0,,15.2,91,5.15,15.55,,3.4
"2025-07-07 12:28:26",4104,3802,62460,40.866088,0.662885,13.2,95.8,5.08,15.45,,3.4
"2025-07-07 12:28:27",4108,3806,62430,0,,14.1,100.1,5.01,15.4,,3.4
"2025-07-07 12:28:28",4112,3810,62402,0,,13.95,94.9,5.15,15.4,,3.4
"2025-07-07 12:28:29",4115,3813,62374,40.866043,0.663385,12.45,93.3,5.18,15.4,,3.5
"2025-07-07 12:28:30",4118,3816,62351,0,,15,100.1,5.19,15.4,,3.4
"2025-07-07 12:28:31",4122,3820,62327,0,,15.15,96.5,5.05,15.4,,3.4
"2025-07-07 12:28:32",4125,3823,62304,40.865997,0.663887,12.6,94.6,4.99,15.35,,3.4
"2025-07-07 12:28:34",4132,3830,62247,0,,14.8,98.9,4.97,15.35,,3.4
"2025-07-07 12:28:35",4136,3834,62220,40.865948,0.664388,13,97.7,5.05,15.35,,3.4
"2025-07-07 12:28:36",4139,3837,62198,0,,14.8,92.1,5.08,15.35,,3.4
"2025-07-07 12:28:37",4142,3840,62175,0,,14.8,103.8,5,15.35,,3.4
"2025-07-07 12:28:38",4145,3843,62152,40.865895,0.664892,13.15,96.2,5.04,15.35,,3.4
"2025-07-07 12:28:39",4148,3846,62126,0,,14.45,89.3,5.03,15.35,,3.3
"2025-07-07 12:28:40",4151,3849,62103,0,,14.6,103.5,4.95,15.35,,3.3
"2025-07-07 12:28:41",4154,3852,62080,40.865853,0.665387,13.45,94.5,5.03,15.4,,3.2
"2025-07-07 12:28:42",4157,3855,62055,0,,13.8,93.5,4.97,15.45,,3.2
"2025-07-07 12:28:43",4161,3859,62029,0,,14.3,103.8,4.84,15.45,,3.3
"2025-07-07 12:28:44",4164,3862,62004,40.865803,0.665885,14.35,94.3,4.9,15.5,,3.3
"2025-07-07 12:28:45",4167,3865,61979,0,,13.25,92.3,4.8,15.6,,3.3
"2025-07-07 12:28:46",4171,3869,61954,0,,13.7,103.8,4.65,15.65,,3.3
"2025-07-07 12:28:47",4174,3872,61930,40.865748,0.666547,15.7,95.1,4.59,15.65,37,3.2
"2025-07-07 12:28:48",4178,3876,61902,0,,15.7,95.1,4.56,15.65,,3.3
"2025-07-07 12:28:49",4181,3879,61874,0,,13.4,103,4.49,15.65,,3.3
"2025-07-07 12:28:50",4185,3883,61846,40.865713,0.666875,16,94.2,4.59,15.55,,3.4
"2025-07-07 12:28:51",4188,3886,61823,0,,12.75,96.4,4.64,15.5,,3.3
"2025-07-07 12:28:52",4191,3889,61802,0,,12.95,102.5,4.5,15.4,,3.3
"2025-07-07 12:28:53",4193,3891,61782,40.865662,0.66736,15.5,94.6,4.44,15.25,,3.3
"2025-07-07 12:28:54",4196,3894,61759,0,,13.5,100.3,4.42,15.15,,3.3
"2025-07-07 12:28:55",4200,3898,61735,0,,13.05,100.4,4.43,15,,3.2
"2025-07-07 12:28:56",4203,3901,61712,40.865613,0.667847,14.35,90.6,4.44,14.9,,3.2
"2025-07-07 12:28:57",4206,3904,61686,0,,13.75,102.6,4.41,14.7,,3.2
"2025-07-07 12:28:58",4209,3907,61661,0,,13.3,100.7,4.31,14.6,,3.2
"2025-07-07 12:28:59",4213,3911,61636,40.865563,0.668333,14.4,90.8,4.31,14.45,,3.2
"2025-07-07 12:29:00",4216,3914,61613,0,,14.1,101.8,4.28,14.3,,3.2
"2025-07-07 12:29:01",4219,3917,61590,0,,13.45,99.4,4.29,14.2,,3.2
"2025-07-07 12:29:02",4222,3920,61568,40.865515,0.66882,13.9,91.6,4.34,14.1,,3.1
"2025-07-07 12:29:05",4232,3930,61488,40.865462,0.6693,13.4,93.5,4.3,13.9,,3.2
"2025-07-07 12:29:06",4235,3933,61465,0,,13.4,104.7,4.24,13.85,,3.2
"2025-07-07 12:29:07",4238,3936,61444,0,,13.65,97,4.25,13.85,,3.2
"2025-07-07 12:29:08",4241,3939,61424,40.865405,0.669785,13.3,94.1,4.27,13.8,,3.2
"2025-07-07 12:29:09",4244,3942,61402,0,,13.45,105,4.23,13.85,,3.1
"2025-07-07 12:29:10",4247,3945,61380,0,,13.55,94.9,4.23,13.85,,3.1
"2025-07-07 12:29:11",4250,3948,61358,40.865352,0.670273,13.25,94.3,4.2,13.9,,3.1
"2025-07-07 12:29:12",4253,3951,61335,0,,13.85,106.5,4.13,14,,3.1
"2025-07-07 12:29:13",4256,3954,61311,0,,14.25,95.5,4.22,14.15,,3.1
"2025-07-07 12:29:14",4259,3957,61288,40.865293,0.670757,14,94.7,4.21,14.25,37,3.1
"2025-07-07 12:29:15",4262,3960,61265,0,,13.65,104.9,4.15,14.3,,3.1
"2025-07-07 12:29:16",4265,3963,61242,0,,12.7,95,4.18,14.45,,3.1
"2025-07-07 12:29:17",4268,3966,61220,40.865238,0.671232,14.7,95.8,4.31,14.55,,3
"2025-07-07 12:29:18",4271,3969,61194,0,,13.9,102.6,4.41,14.6,,3
"2025-07-07 12:29:19",4275,3973,61170,0,,11.9,93.9,4.39,14.7,,3
"2025-07-07 12:29:20",4278,3976,61146,40.865188,0.671703,14.55,98,4.31,14.75,,3.1
"2025-07-07 12:29:21",4280,3978,61128,0,,13.85,102.6,4.24,14.85,,3
"2025-07-07 12:29:22",4283,3981,61110,0,,12.05,93.5,4.23,14.9,,3
"2025-07-07 12:29:23",4285,3983,61092,40.865132,0.672173,14.05,101.2,4.18,15,,3
"2025-07-07 12:29:24",4288,3986,61073,0,,14.45,98.2,4.27,15.1,,2.9
"2025-07-07 12:29:25",4290,3988,61054,0,,12.25,91.6,4.27,15.1,,2.9
"2025-07-07 12:29:26",4293,3991,61036,40.865083,0.672642,12.75,102.4,4.15,15.15,,2.8
"2025-07-07 12:29:27",4297,3995,61002,0,,15.2,96.6,4.14,15.25,,2.9
"2025-07-07 12:29:28",4301,3999,60971,0,,12.1,95.1,4.12,15.25,,3
"2025-07-07 12:29:29",4305,4003,60940,40.86503,0.673113,13.25,102.7,4.1,15.3,,3.1
"2025-07-07 12:29:30",4307,4005,60928,0,,14.9,92.9,4.18,15.35,,3
"2025-07-07 12:29:31",4309,4007,60916,0,,13.35,100.3,4.16,15.35,,2.9
"2025-07-07 12:29:32",4310,4008,60904,40.864975,0.673593,12.5,101.9,4.09,15.4,,2.7
"2025-07-07 12:29:34",4317,4015,60854,0,,14.9,100.4,3.95,15.4,,2.9
"2025-07-07 12:29:35",4320,4018,60830,40.864928,0.67407,12.15,100.1,3.94,15.45,,2.9
"2025-07-07 12:29:36",4323,4021,60807,0,,12.65,92.1,3.94,15.45,,3
"2025-07-07 12:29:37",4326,4024,60784,0,,14.8,101.4,3.92,15.5,,3
"2025-07-07 12:29:38",4329,4027,60762,40.86488,0.67454,12.8,97.2,3.98,15.5,,3.1
"2025-07-07 12:29:39",4332,4030,60742,0,,12.4,93.4,3.97,15.5,,2.9
"2025-07-07 12:29:40",4335,4033,60723,0,,13.65,106.5,3.97,15.45,,2.8
"2025-07-07 12:29:41",4337,4035,60704,40.86482,0.674995,12.9,100.3,3.92,15.45,37,2.6
"2025-07-07 12:29:42",4340,4038,60683,0,,12.9,91.2,3.97,15.45,,2.7
"2025-07-07 12:29:43",4343,4041,60662,0,,14.2,104.5,3.94,15.4,,2.8
"2025-07-07 12:29:44",4345,4043,60642,40.864762,0.675453,12,103,3.96,15.4,,2.9
"2025-07-07 12:29:45",4349,4047,60617,0,,13,94.6,3.94,15.35,,2.9
"2025-07-07 12:29:46",4352,4050,60594,0,,12.85,103.6,3.9,15.3,,2.9
"2025-07-07 12:29:47",4355,4053,60572,40.864702,0.675915,11.8,100.9,3.95,15.3,,2.9
"2025-07-07 12:29:48",4357,4055,60554,0,,12.95,98.4,3.91,15.3,,2.8
"2025-07-07 12:29:49",4360,4058,60536,0,,14.6,107.4,3.87,15.3,,2.8
"2025-07-07 12:29:50",4362,4060,60518,40.864627,0.676375,12.45,97.6,3.94,15.25,,2.7
"2025-07-07 12:29:51",4365,4063,60495,0,,12.65,100.3,3.92,15.25,,2.8
"2025-07-07 12:29:52",4368,4066,60472,0,,13.6,108.6,3.85,15.25,,2.8
"2025-07-07 12:29:53",4371,4069,60450,40.86455,0.676825,12.9,98.2,3.86,15.25,,2.8
"2025-07-07 12:29:54",4374,4072,60432,0,,12.65,98.5,3.81,15.25,,2.8
"2025-07-07 12:29:55",4376,4074,60416,0,,14.9,110.9,3.8,15.3,,2.8
"2025-07-07 12:29:56",4378,4076,60400,40.864465,0.677292,13.3,99.7,3.9,15.3,,2.7
"2025-07-07 12:29:57",4380,4078,60381,0,,12.3,99,3.85,15.3,,2.7
"2025-07-07 12:29:58",4383,4081,60362,0,,14,110.6,3.81,15.3,,2.6
"2025-07-07 12:29:59",4386,4084,60344,40.86438,0.67775,14,100.3,3.77,15.3,,2.6
"2025-07-07 12:30:00",4388,4086,60323,0,,12.5,101.3,3.76,15.35,,2.6
"2025-07-07 12:30:01",4391,4089,60302,0,,13.95,112.4,3.75,15.4,,2.6
"2025-07-07 12:30:02",4394,4092,60282,40.864287,0.678215,13.65,99.9,3.79,15.4,,2.6
"2025-07-07 12:30:04",4399,4097,60241,0,,14,112.7,3.71,15.45,,2.6
"2025-07-07 12:30:05",4402,4100,60222,40.86419,0.678683,13.45,99.4,3.75,15.5,,2.5
"2025-07-07 12:30:07",4407,4105,60187,0,,14.3,112.6,3.72,15.6,,2.5
"2025-07-07 12:30:08",4409,4107,60170,40.86408,0.67916,15.7,103.3,3.72,15.65,37,2.6
"2025-07-07 12:30:09",4412,4110,60151,0,,12.35,108.7,3.71,15.7,,2.6
"2025-07-07 12:30:10",4414,4112,60132,0,,14.9,112.6,3.68,15.75,,2.6
"2025-07-07 12:30:11",4417,4115,60114,40.863962,0.679638,15.5,103.7,3.78,15.85,,2.6
"2025-07-07 12:30:12",4419,4117,60098,0,,12.15,109.3,3.78,15.85,,2.5
"2025-07-07 12:30:13",4421,4119,60083,0,,15.25,112,3.72,15.9,,2.5
"2025-07-07 12:30:14",4423,4121,60068,40.86384,0.68012,15.5,103.1,3.76,15.95,,2.4
"2025-07-07 12:30:15",4425,4123,60050,0,,12.6,114.2,3.76,16,,2.4
"2025-07-07 12:30:16",4428,4126,60033,0,,15,110.1,3.74,16.05,,2.4
"2025-07-07 12:30:17",4430,4128,60016,40.863718,0.680603,15.5,101.8,3.75,16.1,,2.4
"2025-07-07 12:30:18",4432,4130,60001,0,,13.35,115.1,3.76,16.15,,2.3
"2025-07-07 12:30:19",4434,4132,59986,0,,14.85,111.3,3.71,16.15,,2.3
"2025-07-07 12:30:20",4436,4134,59972,40.86359,0.68109,15.55,103.8,3.75,16.2,,2.3
"2025-07-07 12:30:21",4438,4136,59954,0,,13.7,115.8,3.76,16.25,,2.2
"2025-07-07 12:30:22",4441,4139,59938,0,,14.15,113.8,3.7,16.3,,2.2
"2025-07-07 12:30:23",4443,4141,59922,40.86345,0.681572,15.65,104.5,3.76,16.35,,2.2
"2025-07-07 12:30:24",4445,4143,59907,0,,15.65,104.5,3.76,16.35,,2.2
"2025-07-07 12:30:25",4447,4145,59891,0,,14.95,113.7,3.77,16.4,,2.2
"2025-07-07 12:30:26",4449,4147,59876,40.863303,0.682065,15.15,103.8,3.79,16.45,,2.2
"2025-07-07 12:30:27",4451,4149,59861,0,,15.15,103.8,3.76,16.45,,2.2
"2025-07-07 12:30:28",4453,4151,59846,0,,15.35,112.1,3.67,16.5,,2.1
"2025-07-07 12:30:29",4455,4153,59832,40.86316,0.68256,14.9,104.2,3.7,16.5,,2.1
"2025-07-07 12:30:30",4457,4155,59815,0,,14.35,120.7,3.67,16.55,,2.1
"2025-07-07 12:30:31",4459,4157,59799,0,,14.6,114.4,3.61,16.55,,2.1
"2025-07-07 12:30:32",4462,4160,59784,40.863,0.68304,14.55,107.1,3.64,16.6,,2.1
"2025-07-07 12:30:34",4466,4164,59752,0,,14.35,115,3.57,16.6,,2.1
"2025-07-07 12:30:35",4468,4166,59736,40.862848,0.683522,14.6,104.9,3.61,16.65,37,2.1
"2025-07-07 12:30:36",4470,4168,59722,0,,15.1,114.8,3.57,16.65,,2.1
"2025-07-07 12:30:37",4472,4170,59708,0,,15.05,119.8,3.52,16.7,,2.1
"2025-07-07 12:30:38",4474,4172,59694,40.862687,0.684007,15,106.9,3.59,16.8,,2.1
"2025-07-07 12:30:39",4476,4174,59680,0,,15.2,113.5,3.65,16.9,,2.1
"2025-07-07 12:30:40",4477,4175,59667,0,,15.15,117.9,3.54,17,,2
"2025-07-07 12:30:41",4479,4177,59654,40.862527,0.684507,15.8,107.1,3.53,17.15,,2
"2025-07-07 12:30:42",4482,4180,59637,0,,15.45,115.7,3.56,17.2,,2
"2025-07-07 12:30:43",4484,4182,59621,0,,14.4,119.4,3.5,17.3,,2
"2025-07-07 12:30:44",4486,4184,59606,40.862358,0.684993,15.5,109.2,3.5,17.4,,2
"2025-07-07 12:30:45",4488,4186,59593,0,,15.15,113.6,3.54,17.5,,2
"2025-07-07 12:30:46",4489,4187,59579,0,,14.85,118.7,3.46,17.5,,2
"2025-07-07 12:30:47",4491,4189,59566,40.862192,0.68549,16.05,110.2,3.53,17.55,,2
"2025-07-07 12:30:49",4496,4194,59532,0,,14.3,114.4,3.5,17.7,,2
"2025-07-07 12:30:50",4498,4196,59516,40.862025,0.685985,16.7,109.4,3.47,17.75,,2
"2025-07-07 12:30:51",4500,4198,59499,0,,14.7,113.4,3.47,17.8,,2.1
"2025-07-07 12:30:52",4503,4201,59482,0,,14.15,120.1,3.41,17.85,,2.1
"2025-07-07 12:30:53",4505,4203,59466,40.861857,0.686477,16.95,110.5,3.47,17.95,,2.1
"2025-07-07 12:30:54",4507,4205,59450,0,,14.35,111.8,3.54,17.95,,2.1
"2025-07-07 12:30:55",4509,4207,59435,0,,14.55,118.2,3.46,18,,2.1
"2025-07-07 12:30:56",4511,4209,59420,40.861695,0.686972,16.55,110.9,3.34,18,,2.1
"2025-07-07 12:30:57",4513,4211,59404,0,,14.4,116.5,3.35,18,,2.1
"2025-07-07 12:30:58",4515,4213,59390,0,,14.7,121.4,3.39,18.05,,2.2
"2025-07-07 12:30:59",4517,4215,59376,40.861517,0.687452,15.75,110.2,3.5,18.1,,2.2
"2025-07-07 12:31:00",4519,4217,59363,0,,14.5,113.9,3.42,18.15,,2.1
"2025-07-07 12:31:01",4521,4219,59350,0,,16.35,123.5,3.33,18.15,,2.1
"2025-07-07 12:31:02",4523,4221,59338,40.861328,0.687958,18,111.5,3.34,18.15,36.75,2.1
"2025-07-07 12:31:04",4526,4224,59314,0,,14.9,124,3.22,18.15,,2
"2025-07-07 12:31:05",4527,4225,59302,40.861153,0.688458,17.8,112.4,3.11,18.2,,1.9
"2025-07-07 12:31:06",4529,4227,59288,0,,15.65,113.6,3.13,18.2,,1.8
"2025-07-07 12:31:07",4531,4229,59276,0,,15.25,125.8,3.11,18.25,,1.8
"2025-07-07 12:31:08",4533,4231,59264,40.860952,0.688952,15.55,118.7,3.11,18.3,,1.8
"2025-07-07 12:31:09",4534,4232,59256,0,,16.15,116.5,3.18,18.4,,1.7
"2025-07-07 12:31:10",4535,4233,59248,0,,15.75,119.5,3.15,18.5,,1.6
"2025-07-07 12:31:11",4536,4234,59240,40.860752,0.689448,15.25,116,3.15,18.6,,1.6
"2025-07-07 12:31:12",4538,4236,59221,0,,15.6,121.8,3.13,18.6,,1.6
"2025-07-07 12:31:13",4541,4239,59203,0,,15.65,122.4,3.08,18.65,,1.7
"2025-07-07 12:31:14",4543,4241,59186,40.860543,0.689935,15.55,112.4,3.09,18.75,,1.7
"2025-07-07 12:31:15",4545,4243,59174,0,,15.4,123.3,3.09,18.8,,1.7
"2025-07-07 12:31:16",4546,4244,59163,0,,15.5,122.8,3.18,18.85,,1.7
"2025-07-07 12:31:17",4548,4246,59152,40.860335,0.690415,15.55,113.8,3.27,18.9,,1.7
"2025-07-07 12:31:18",4550,4248,59140,0,,15.6,123,3.24,18.9,,1.7
"2025-07-07 12:31:19",4551,4249,59129,0,,15.95,121.6,3.33,18.95,,1.7
"2025-07-07 12:31:20",4553,4251,59118,40.860123,0.690907,15.15,112,3.38,19,,1.7
"2025-07-07 12:31:21",4554,4252,59107,0,,16.7,122.5,3.33,19.05,,1.7
"2025-07-07 12:31:22",4556,4254,59095,0,,16.05,122.6,3.4,19.05,,1.7
"2025-07-07 12:31:23",4557,4255,59084,40.859918,0.691392,14.75,112.8,3.49,19.1,,1.7
"2025-07-07 12:31:24",4559,4257,59073,0,,17.05,122.5,3.42,19.1,,1.7
"2025-07-07 12:31:25",4560,4258,59063,0,,15,121.8,3.49,19.1,,1.6
"2025-07-07 12:31:26",4561,4259,59054,40.859715,0.691877,14.9,111.6,3.52,19.1,,1.5
"2025-07-07 12:31:27",4563,4261,59042,0,,16.3,124.3,3.41,19.1,,1.5
"2025-07-07 12:31:28",4565,4263,59031,0,,15.45,122.5,3.42,19.1,,1.5
"2025-07-07 12:31:29",4566,4264,59020,40.859508,0.692358,15.45,112,3.42,19.1,36,1.5
"2025-07-07 12:31:30",4568,4266,59006,0,,15.45,112,3.35,19.05,,1.5
"2025-07-07 12:31:31",4570,4268,58993,0,,15.75,122.5,3.37,19.1,,1.6
"2025-07-07 12:31:32",4572,4270,58980,40.859298,0.692843,15.7,112.3,3.33,19.1,,1.6
"2025-07-07 12:31:34",4575,4273,58957,0,,15.5,122,3.3,19.15,,1.6
"2025-07-07 12:31:35",4576,4274,58946,40.859088,0.693327,15.65,113.2,3.23,19.15,,1.6
"2025-07-07 12:31:39",4582,4280,58907,0,,15.15,123.6,3.22,19.2,,1.6
"2025-07-07 12:31:40",4583,4281,58897,0,,15.65,119.7,3.2,19.2,,1.5
"2025-07-07 12:31:41",4584,4282,58888,40.858665,0.694302,15.9,116.9,3.18,19.2,,1.5
"2025-07-07 12:31:42",4586,4284,58878,0,,14.3,126.2,3.22,19.3,,1.5
"2025-07-07 12:31:43",4587,4285,58869,0,,14.9,118.6,3.2,19.25,,1.5
"2025-07-07 12:31:44",4588,4286,58860,40.85846,0.69477,15.5,115.3,3.11,19.35,,1.4
"2025-07-07 12:31:45",4589,4287,58853,0,,14.7,123,3.03,19.3,,1.4
"2025-07-07 12:31:46",4590,4288,58846,0,,17.25,120.9,2.91,19.3,,1.3
"2025-07-07 12:31:47",4591,4289,58840,40.858248,0.695252,15.15,116.9,2.9,19.3,,1.3
"2025-07-07 12:31:48",4592,4290,58832,0,,14.3,125.4,2.91,19.35,,1.2
"2025-07-07 12:31:49",4593,4291,58825,0,,17.55,119.9,3.06,19.4,,1.2
"2025-07-07 12:31:50",4594,4292,58818,40.858032,0.695727,14.95,118.9,3.11,19.45,,1.2
"2025-07-07 12:31:51",4595,4293,58812,0,,14.05,123.4,3.04,19.5,,1.2
"2025-07-07 12:31:52",4595,4293,58807,0,,16.7,116.6,3.06,19.5,,1.1
"2025-07-07 12:31:53",4596,4294,58802,40.85783,0.696198,15.2,118.5,2.91,19.5,,1
"2025-07-07 12:31:54",4597,4295,58797,0,,14,124.3,2.93,19.5,,0.9
"2025-07-07 12:31:55",4597,4295,58793,0,,16.1,115.5,2.98,19.5,,0.9
"2025-07-07 12:31:56",4598,4296,58790,40.857628,0.69667,15.95,120.8,3.02,19.55,35.5,0.8
"2025-07-07 12:31:57",4599,4297,58784,0,,,,3.02,19.55,,0.8
"2025-07-07 12:31:58",4599,4297,58779,0,,,,2.91,19.55,,0.8
"2025-07-07 12:31:59",4600,4298,58774,0,,,,2.91,19.55,,0.8
"2025-07-07 12:32:04",4605,4303,58737,0,,15.1,113.4,2.91,19.6,,0.8
"2025-07-07 12:32:05",4606,4304,58730,40.856988,0.69808,15.2,122.7,2.9,19.65,,0.8
"2025-07-07 12:32:06",4607,4305,58722,0,,15.25,126.3,2.9,19.65,,0.8
"2025-07-07 12:32:07",4608,4306,58715,0,,15.65,113.3,2.92,19.65,,0.9
"2025-07-07 12:32:08",4609,4307,58708,40.856773,0.698557,15.65,122.5,2.91,19.7,,0.9
"2025-07-07 12:32:09",4610,4308,58701,0,,15.45,126.4,2.93,19.7,,0.9
"2025-07-07 12:32:10",4611,4309,58694,0,,15,114.8,2.94,19.7,,1
"2025-07-07 12:32:11",4612,4310,58688,40.856557,0.699027,16.05,122.1,2.91,19.7,,1
"2025-07-07 12:32:12",4613,4311,58678,0,,15.7,127.1,2.85,19.7,,1
"2025-07-07 12:32:13",4614,4312,58670,0,,15.7,114.6,2.89,19.7,,1
"2025-07-07 12:32:14",4616,4314,58662,40.856338,0.6995,15.7,122.2,2.86,19.75,,1
"2025-07-07 12:32:15",4616,4314,58656,0,,15.8,126.1,2.76,19.7,,1
"2025-07-07 12:32:16",4617,4315,58650,0,,15.85,115.8,2.78,19.7,,1
"2025-07-07 12:32:17",4618,4316,58644,40.85612,0.69997,15.65,123.8,2.73,19.75,,1
"2025-07-07 12:32:18",4618,4316,58641,0,,15.7,125.6,2.77,19.75,,0.9
"2025-07-07 12:32:19",4619,4317,58639,0,,15.7,114.9,2.73,19.75,,0.9
"2025-07-07 12:32:20",4619,4317,58638,40.855903,0.700443,15.5,123.8,2.73,19.8,,0.8
"2025-07-07 12:32:21",4620,4318,58631,0,,15.6,126.1,2.9,19.8,,0.8
"2025-07-07 12:32:22",4621,4319,58624,0,,15.55,115.3,2.97,19.85,,0.8
"2025-07-07 12:32:23",4622,4320,58618,40.855688,0.700913,16.35,120.3,2.91,19.85,35.25,0.8
"2025-07-07 12:32:24",4623,4321,58611,0,,15.3,124.8,2.91,19.85,,0.8
"2025-07-07 12:32:25",4624,4322,58604,0,,14.4,117.5,2.98,19.85,,0.8
"2025-07-07 12:32:26",4624,4322,58598,40.855473,0.701385,17.15,122,2.9,19.85,,0.8
"2025-07-07 12:32:27",4625,4323,58593,0,,15.05,124.1,2.96,19.8,,0.7
"2025-07-07 12:32:28",4626,4324,58589,0,,14.25,118.3,3.05,19.8,,0.7
"2025-07-07 12:32:29",4626,4324,58586,40.855257,0.701853,17,121.9,2.93,19.8,,0.7
"2025-07-07 12:32:30",4627,4325,58581,0,,14.85,122.5,2.98,19.8,,0.7
"2025-07-07 12:32:31",4627,4325,58576,0,,14.1,119.9,3,19.8,,0.7
"2025-07-07 12:32:32",4628,4326,58572,40.855035,0.702315,17.1,126.6,2.9,19.75,,0.7
"2025-07-07 12:32:35",4632,4330,58544,40.854813,0.702788,16.1,127.4,2.8,19.75,,0.9
"2025-07-07 12:32:36",4631,4329,58548,0,,16.7,118.7,2.9,19.8,,0.7
"2025-07-07 12:32:37",4631,4329,58553,0,,13.95,119.6,2.9,19.8,,0.6
"2025-07-07 12:32:38",4630,4328,58558,40.854595,0.703257,15.55,126.3,2.77,19.8,,0.5
"2025-07-07 12:32:39",4631,4329,58553,0,,17.35,116.9,2.74,19.8,,0.5
"2025-07-07 12:32:40",4631,4329,58548,0,,14.4,124.2,2.71,19.85,,0.5
"2025-07-07 12:32:41",4632,4330,58544,40.854368,0.703728,15.35,127.3,2.78,19.85,,0.5
"2025-07-07 12:32:42",4633,4331,58539,0,,16.75,116.6,2.89,19.9,,0.5
"2025-07-07 12:32:43",4633,4331,58535,0,,16.05,124.6,2.79,19.9,,0.5
"2025-07-07 12:32:44",4634,4332,58532,40.854135,0.704202,14.9,127.6,2.77,19.95,,0.5
"2025-07-07 12:32:45",4634,4332,58527,0,,16,116,2.83,19.9,,0.5
"2025-07-07 12:32:46",4635,4333,58522,0,,16,122.6,2.9,19.95,,0.5
"2025-07-07 12:32:47",4636,4334,58518,40.853913,0.704673,15.8,127.1,2.9,19.95,,0.3
"2025-07-07 12:32:49",4636,4334,58512,0,,15.75,125.2,2.8,20.05,,0.4
"2025-07-07 12:32:50",4637,4335,58510,40.853678,0.705148,16,127.6,2.76,20.05,35.25,0.5
"2025-07-07 12:32:51",4637,4335,58506,0,,15.95,117.2,2.76,20.05,,0.6
"2025-07-07 12:32:52",4638,4336,58503,0,,14.85,125.1,2.73,20.05,,0.5
"2025-07-07 12:32:53",4638,4336,58500,40.853445,0.705618,15.4,126.3,2.8,20.1,,0.5
"2025-07-07 12:32:54",4639,4337,58496,0,,16.55,116.8,2.81,20.1,,0.5
"2025-07-07 12:32:55",4639,4337,58493,0,,15.85,124.8,2.8,20.1,,0.5
"2025-07-07 12:32:56",4639,4337,58490,40.853208,0.7061,15.6,127.3,2.9,20.15,,0.5
"2025-07-07 12:32:57",4640,4338,58486,0,,,,2.9,20.15,,0.5
"2025-07-07 12:32:58",4641,4339,58482,0,,,,2.9,20.2,,0.5
"2025-07-07 12:32:59",4641,4339,58478,0,,,,2.81,20.2,,0.5
"2025-07-07 12:33:00",4641,4339,58475,0,,15.7,119.6,2.8,20.2,,0.4
"2025-07-07 12:33:01",4642,4340,58473,0,,14.35,124.4,2.73,20.2,,0.4
"2025-07-07 12:33:02",4642,4340,58472,40.85275,0.707045,16.4,123.9,2.63,20.2,,0.4
"2025-07-07 12:33:04",4643,4341,58461,0,,14.75,121.9,2.6,20.25,,0.5
"2025-07-07 12:33:05",4644,4342,58456,40.85252,0.707527,15.15,126.3,2.53,20.25,,0.5
"2025-07-07 12:33:06",4644,4342,58454,0,,17.5,119.9,2.49,20.25,,0.5
"2025-07-07 12:33:07",4645,4343,58452,0,,15.9,123.7,2.53,20.3,,0.5
"2025-07-07 12:33:08",4645,4343,58450,40.852282,0.70801,15.25,125.3,2.54,20.35,,0.5
"2025-07-07 12:33:09",4646,4344,58445,0,,17.25,118.6,2.68,20.4,,0.5
"2025-07-07 12:33:10",4646,4344,58440,0,,15.3,127.6,2.68,20.45,,0.5
"2025-07-07 12:33:11",4647,4345,58436,40.852047,0.708493,16.25,121.4,2.64,20.5,,0.5
"2025-07-07 12:33:12",4647,4345,58433,0,,16.25,121.4,2.65,20.55,,0.5
"2025-07-07 12:33:13",4648,4346,58430,0,,16.15,127.9,2.62,20.6,,0.5
"2025-07-07 12:33:14",4648,4346,58428,40.851802,0.708987,15.75,123.9,2.6,20.65,,0.5
"2025-07-07 12:33:15",4649,4347,58424,0,,,,2.63,20.7,,0.5
"2025-07-07 12:33:16",4649,4347,58420,0,,,,2.61,20.7,,0.5
"2025-07-07 12:33:17",4650,4348,58416,0,,,,2.57,20.8,35.5,0.5
"2025-07-07 12:33:18",4650,4348,58411,0,,17.55,116.6,2.62,20.9,,0.5
"2025-07-07 12:33:19",4651,4349,58406,0,,17.3,125.6,2.79,20.95,,0.5
"2025-07-07 12:33:20",4652,4350,58402,40.85132,0.710012,17.35,121.5,2.95,21,,0.6
"2025-07-07 12:33:21",4652,4350,58402,0,,17.4,116.8,3.07,21.1,,0.5
"2025-07-07 12:33:22",4652,4350,58402,0,,17.4,116.8,3,21.1,,0.5
"2025-07-07 12:33:23",4652,4350,58402,40.851085,0.710533,17.8,118.3,3.05,21.15,,0.4
"2025-07-07 12:33:24",4652,4350,58400,0,,18,118.4,3.18,21.15,,0.4
"2025-07-07 12:33:25",4652,4350,58398,0,,17.6,125.8,3.17,21.2,,0.4
"2025-07-07 12:33:26",4652,4350,58396,40.850843,0.71106,18.65,121.8,3.03,21.2,,0.4
"2025-07-07 12:33:27",4653,4351,58393,0,,18.3,116.8,3.03,21.25,,0.3
"2025-07-07 12:33:28",4653,4351,58391,0,,15.8,121.8,3.02,21.25,,0.3
"2025-07-07 12:33:29",4653,4351,58390,40.850608,0.711595,19.15,121,3.11,21.25,,0.3
"2025-07-07 12:33:30",4654,4352,58386,0,,17.4,116.6,3.26,21.3,,0.3
"2025-07-07 12:33:31",4654,4352,58383,0,,15.95,121,3.17,21.3,,0.3
"2025-07-07 12:33:32",4655,4353,58380,40.850378,0.712127,17.7,120.3,3.04,21.3,,0.3
"2025-07-07 12:33:34",4656,4354,58371,0,,16.1,121.2,3.01,21.3,,0.3
"2025-07-07 12:33:35",4656,4354,58368,40.85015,0.71265,19.05,117.7,3.09,21.3,,0.4
"2025-07-07 12:33:36",4657,4355,58366,0,,16.9,120.6,3.11,21.35,,0.4
"2025-07-07 12:33:37",4657,4355,58365,0,,16.9,120.6,3.03,21.3,,0.4
"2025-07-07 12:33:38",4657,4355,58364,40.849923,0.7132,18.7,115.3,3.01,21.35,,0.4
"2025-07-07 12:33:39",4657,4355,58362,0,,18.65,115.3,2.92,21.3,,0.4
"2025-07-07 12:33:40",4657,4355,58360,0,,16.95,117.5,2.91,21.3,,0.4
"2025-07-07 12:33:41",4658,4356,58358,40.849692,0.713758,18.8,112.7,2.98,21.35,,0.4
"2025-07-07 12:33:42",4658,4356,58357,0,,18.35,123.7,2.95,21.35,,0.3
"2025-07-07 12:33:43",4658,4356,58356,0,,17.25,118.2,2.93,21.35,,0.3
"2025-07-07 12:33:44",4658,4356,58356,40.849465,0.714325,18,111.9,2.98,21.35,35.75,0.3
"2025-07-07 12:33:45",4659,4357,58352,0,,17.95,119.5,3.08,21.4,,0.3
"2025-07-07 12:33:46",4659,4357,58348,0,,17.2,120.1,3.07,21.35,,0.3
"2025-07-07 12:33:47",4660,4358,58344,40.849242,0.714895,19.55,113.1,3.01,21.3,,0.3
"2025-07-07 12:33:48",4660,4358,58343,0,,16.6,118.5,3.03,21.25,,0.3
"2025-07-07 12:33:49",4660,4358,58342,0,,16.7,117.8,3.13,21.2,,0.3
"2025-07-07 12:33:50",4660,4358,58342,40.849028,0.71545,18.85,115.4,3.11,21.15,,0.3
"2025-07-07 12:33:51",4660,4358,58340,0,,18.05,114.8,3.1,21.1,,0.2
"2025-07-07 12:33:52",4660,4358,58339,0,,16.95,118.3,3.18,21.1,,0.2
"2025-07-07 12:33:53",4661,4359,58338,40.84881,0.71602,18.8,119.4,3.17,21,,0.2
"2025-07-07 12:33:54",4661,4359,58335,0,,18.8,119.4,3.2,20.95,,0.2
"2025-07-07 12:33:55",4661,4359,58332,0,,16.8,116.7,3.13,20.95,,0.3
"2025-07-07 12:33:56",4662,4360,58330,40.848597,0.716587,19.4,119.2,3.21,20.85,,0.3
"2025-07-07 12:33:57",4662,4360,58330,0,,17.5,113.2,3.2,20.75,,0.3
"2025-07-07 12:33:58",4662,4360,58330,0,,16.9,116.2,3.2,20.7,,0.2
"2025-07-07 12:33:59",4662,4360,58330,40.848383,0.717162,19.55,118.3,3.15,20.65,,0.2
"2025-07-07 12:34:00",4662,4360,58325,0,,15.7,116.5,3.1,20.6,,0.2
"2025-07-07 12:34:01",4663,4361,58320,0,,17.95,115,3.13,20.55,,0.3
"2025-07-07 12:34:02",4664,4362,58316,40.84817,0.717728,19.35,116.4,3.13,20.5,,0.3
"2025-07-07 12:34:04",4664,4362,58313,0,,16.8,113.7,3.19,20.5,,0.3
"2025-07-07 12:34:05",4664,4362,58312,40.847962,0.718297,19.5,114.2,3.28,20.45,,0.3
"2025-07-07 12:34:06",4665,4363,58309,0,,16.55,118.4,3.39,20.4,,0.3
"2025-07-07 12:34:07",4665,4363,58306,0,,18.2,112.1,3.48,20.35,,0.3
"2025-07-07 12:34:08",4665,4363,58304,40.847755,0.718882,19.55,115.3,3.41,20.3,,0.3
"2025-07-07 12:34:09",4665,4363,58306,0,,16.2,112.9,3.48,20.2,,0.3
"2025-07-07 12:34:10",4665,4363,58308,0,,17.85,114.3,3.45,20.15,,0.3
"2025-07-07 12:34:11",4664,4362,58310,40.847555,0.71946,19.45,116.7,3.46,20.1,35.5,0.2
"2025-07-07 12:34:12",4664,4362,58310,0,,17,110,3.59,20.1,,0.2
"2025-07-07 12:34:13",4664,4362,58310,0,,17.95,115.1,3.57,20,,0.2
"2025-07-07 12:34:14",4664,4362,58310,40.847355,0.720042,18.5,118.6,3.52,19.9,,0.1
"2025-07-07 12:34:15",4665,4363,58308,0,,16.6,113,3.64,19.85,,0.1
"2025-07-07 12:34:16",4665,4363,58307,0,,18.15,112,3.59,19.85,,0.1
"2025-07-07 12:34:17",4665,4363,58306,40.847155,0.720622,19.2,117.2,3.57,19.75,,0.1
"2025-07-07 12:34:18",4665,4363,58303,0,,19.2,117.2,3.68,19.7,,0.1
"2025-07-07 12:34:19",4666,4364,58300,0,,19.65,114.1,3.61,19.65,,0.1
"2025-07-07 12:34:20",4666,4364,58298,40.84694,0.721208,18.55,116.7,3.63,19.6,,0.1
"2025-07-07 12:34:21",4666,4364,58296,0,,16.2,112.6,3.68,19.5,,0.1
"2025-07-07 12:34:22",4666,4364,58295,0,,19.85,113.3,3.55,19.45,,0.1
"2025-07-07 12:34:23",4667,4365,58294,40.846742,0.7218,18.2,114.8,3.46,19.35,,0.2
"2025-07-07 12:34:24",4667,4365,58290,0,,16.6,113.9,3.54,19.3,,0.2
"2025-07-07 12:34:25",4668,4366,58287,0,,17.95,110.5,3.52,19.25,,0.3
"2025-07-07 12:34:26",4668,4366,58284,40.84655,0.72238,19.1,117.7,3.51,19.2,,0.3
"2025-07-07 12:34:27",4669,4367,58276,0,,16.6,116.4,3.64,19.2,,0.4
"2025-07-07 12:34:28",4670,4368,58268,0,,18.4,109.3,3.59,19.2,,0.5
"2025-07-07 12:34:29",4671,4369,58260,40.846348,0.722963,18.9,117.9,3.52,19.15,,0.5
"2025-07-07 12:34:30",4671,4369,58263,0,,17.55,116.3,3.6,19.15,,0.5
"2025-07-07 12:34:31",4670,4368,58266,0,,18.5,111.4,3.48,19.15,,0.4
"2025-07-07 12:34:32",4670,4368,58270,40.846147,0.723542,16.45,116.1,3.47,19.15,,0.3
"2025-07-07 12:34:34",4671,4369,58260,0,,19.45,112.7,3.48,19.1,,0.4
"2025-07-07 12:34:35",4672,4370,58256,40.845948,0.724125,16.3,117.1,3.55,19.1,,0.4
"2025-07-07 12:34:36",4672,4370,58253,0,,18.1,111.7,3.56,19.05,,0.4
"2025-07-07 12:34:37",4673,4371,58250,0,,19.65,110.8,3.43,18.95,,0.4
"2025-07-07 12:34:38",4673,4371,58248,40.845762,0.724725,17.15,112.9,3.38,18.85,35.25,0.4
"2025-07-07 12:34:39",4674,4372,58242,0,,17.2,116.1,3.41,18.8,,0.4
"2025-07-07 12:34:40",4675,4373,58237,0,,19.45,113.7,3.32,18.7,,0.4
"2025-07-07 12:34:41",4675,4373,58232,40.84557,0.725313,17.6,107.6,3.28,18.6,,0.4
"2025-07-07 12:34:42",4676,4374,58228,0,,16.9,116,3.22,18.45,,0.4
"2025-07-07 12:34:43",4676,4374,58224,0,,19.6,115,3.31,18.4,,0.5
"2025-07-07 12:34:44",4677,4375,58220,40.845382,0.725903,17.7,107.7,3.3,18.35,,0.6
"2025-07-07 12:34:45",4677,4375,58217,0,,18,117.2,3.26,18.25,,0.6
"2025-07-07 12:34:46",4678,4376,58215,0,,19.3,115.2,3.19,18.1,,0.5
"2025-07-07 12:34:47",4678,4376,58214,40.845125,0.726693,17.2,110.1,3.16,18.05,,0.5
"2025-07-07 12:34:48",4678,4376,58213,0,,17.2,110.1,3.22,18,,0.5
"2025-07-07 12:34:49",4678,4376,58212,0,,19.3,113.2,3.16,17.85,,0.4
"2025-07-07 12:34:50",4678,4376,58212,40.844998,0.727098,16.75,111.4,3.23,17.75,,0.4
"2025-07-07 12:34:51",4679,4377,58209,0,,18.5,113.4,3.23,17.65,,0.4
"2025-07-07 12:34:52",4679,4377,58206,0,,19.45,112.5,3.36,17.6,,0.4
"2025-07-07 12:34:53",4679,4377,58204,40.844812,0.727698,16.8,111,3.37,17.5,,0.3
"2025-07-07 12:34:54",4680,4378,58202,0,,19.15,112.3,3.3,17.45,,0.3
"2025-07-07 12:34:55",4680,4378,58200,0,,19.3,112.3,3.24,17.35,,0.3
"2025-07-07 12:34:56",4680,4378,58198,40.844625,0.728312,17.05,111.6,3.26,17.3,,0.3
"2025-07-07 12:34:57",4680,4378,58195,0,,20.3,111.5,3.27,17.2,,0.3
"2025-07-07 12:34:58",4681,4379,58192,0,,18.75,111.9,3.38,17.15,,0.3
"2025-07-07 12:34:59",4681,4379,58190,40.84444,0.728925,16.8,111.9,3.43,17.1,,0.3
"2025-07-07 12:35:00",4681,4379,58187,0,,20.15,111.9,3.33,16.95,,0.3
"2025-07-07 12:35:01",4682,4380,58185,0,,18.95,109.5,3.38,16.9,,0.3
"2025-07-07 12:35:02",4682,4380,58184,40.844262,0.729542,16.6,111.9,3.43,16.85,,0.3
"2025-07-07 12:35:04",4682,4380,58185,0,,19.65,111.1,3.41,16.85,,0.3
"2025-07-07 12:35:05",4682,4380,58186,40.844073,0.730155,17.4,107.2,3.46,16.85,35.25,0.2
"2025-07-07 12:35:06",4682,4380,58180,0,,18.95,114.8,3.4,16.8,,0.3
"2025-07-07 12:35:07",4683,4381,58175,0,,19.25,113.1,3.36,16.8,,0.3
"2025-07-07 12:35:08",4684,4382,58170,40.843885,0.730762,17.05,109.4,3.32,16.8,,0.3
"2025-07-07 12:35:09",4684,4382,58166,0,,19.05,111.2,3.35,16.85,,0.3
"2025-07-07 12:35:10",4685,4383,58163,0,,19.1,113.1,3.38,16.9,,0.3
"2025-07-07 12:35:11",4685,4383,58160,40.843702,0.731368,16.6,111.7,3.32,16.95,,0.3
"2025-07-07 12:35:12",4685,4383,58160,0,,,,3.28,17,,0.3
"2025-07-07 12:35:13",4685,4383,58159,0,,,,3.3,17.05,,0.3
"2025-07-07 12:35:14",4685,4383,58160,0,,,,3.41,17.15,,0.3
"2025-07-07 12:35:15",4686,4384,58155,0,,19.45,109.9,3.51,17.2,,0.3
"2025-07-07 12:35:16",4687,4385,58150,0,,17.4,110.9,3.53,17.35,,0.3
"2025-07-07 12:35:17",4687,4385,58146,40.84334,0.732563,17.2,112.6,3.53,17.45,,0.4
"2025-07-07 12:35:18",4688,4386,58140,0,,17.2,112.6,3.57,17.55,,0.5
"2025-07-07 12:35:19",4689,4387,58135,0,,17.4,109.5,3.53,17.65,,0.5
"2025-07-07 12:35:20",4690,4388,58130,40.843163,0.733158,17.4,111.1,3.46,17.75,,0.5
"2025-07-07 12:35:21",4690,4388,58126,0,,19.1,112,3.42,17.85,,0.5
"2025-07-07 12:35:22",4691,4389,58123,0,,16.75,110.4,3.39,17.9,,0.5
"2025-07-07 12:35:23",4691,4389,58120,40.842992,0.733748,17.7,109.5,3.33,18.05,,0.5
"2025-07-07 12:35:24",4692,4390,58113,0,,19.15,110.5,3.33,18.15,,0.5
"2025-07-07 12:35:25",4693,4391,58106,0,,16.75,112.3,3.26,18.3,,0.6
"2025-07-07 12:35:26",4694,4392,58100,40.842767,0.734553,18.1,107.4,3.28,18.4,,0.6
"2025-07-07 12:35:30",4695,4393,58088,0,,18.9,109.2,3.4,18.7,,0.6
"2025-07-07 12:35:31",4696,4394,58085,0,,16.3,110.6,3.39,18.75,,0.6
"2025-07-07 12:35:32",4696,4394,58082,40.84249,0.735543,19.2,110.9,3.37,18.75,35.5,0.6
"2025-07-07 12:35:34",4699,4397,58065,0,,,,3.33,18.75,,0.7
"2025-07-07 12:35:35",4700,4398,58058,0,,,,3.31,18.75,,0.7
"2025-07-07 12:35:36",4700,4398,58052,0,,17.35,111.7,3.37,18.7,,0.7
"2025-07-07 12:35:37",4701,4399,58047,0,,17.3,107.9,3.33,18.7,,0.7
"2025-07-07 12:35:38",4702,4400,58042,40.84216,0.736748,19.65,108.5,3.36,18.65,,0.7
"2025-07-07 12:36:05",4724,4422,57882,40.840743,0.74223,17.15,108.5,3.51,18.9,,0.8
"2025-07-07 12:36:06",4725,4423,57875,0,,17.8,110.4,3.62,19,,0.8
"2025-07-07 12:36:07",4726,4424,57869,0,,18.55,103.1,3.59,19.1,,0.8
"2025-07-07 12:36:08",4727,4425,57864,40.840598,0.742837,17.4,109.7,3.54,19.15,,0.8
"2025-07-07 12:36:15",4735,4433,57805,0,,18.65,108.4,3.64,19.7,,0.9
"2025-07-07 12:36:16",4736,4434,57796,0,,19.3,104.8,3.59,19.75,,0.9
"2025-07-07 12:36:17",4738,4436,57788,40.84017,0.744668,16.3,108.4,3.66,19.8,,1.1
"2025-07-07 12:36:18",4739,4437,57779,0,,18.35,105.4,3.61,19.85,,1.1
"2025-07-07 12:36:19",4740,4438,57771,0,,19.05,104.4,3.61,19.9,,1.1
"2025-07-07 12:36:20",4741,4439,57764,40.840038,0.745285,17,106.6,3.67,20,,1.2
"2025-07-07 12:36:21",4742,4440,57755,0,,17.7,106.7,3.64,20.1,,1.2
"2025-07-07 12:36:22",4743,4441,57746,0,,17.7,106.7,3.59,20.15,,1.2
"2025-07-07 12:36:23",4745,4443,57738,40.839905,0.745892,16.85,107,3.66,20.25,,1.2
"2025-07-07 12:36:30",4753,4451,57675,0,,19.75,108.1,3.49,20.8,,1.2
"2025-07-07 12:36:31",4755,4453,57666,0,,17.55,103.2,3.57,20.9,,1.2
"2025-07-07 12:36:32",4756,4454,57658,40.839508,0.74772,16.6,105.8,3.61,20.95,,1.2
"2025-07-07 12:36:36",4761,4459,57623,0,,18.6,107.3,3.42,21.2,,1.2
"2025-07-07 12:36:37",4762,4460,57614,0,,18.4,106.1,3.51,21.2,,1.2
"2025-07-07 12:36:38",4763,4461,57606,40.83925,0.748963,17.35,102.6,3.49,21.25,,1.2
"2025-07-07 12:36:39",4765,4463,57595,0,,18.75,108.1,3.46,21.3,,1.3
"2025-07-07 12:36:40",4766,4464,57584,0,,18.2,105.2,3.56,21.35,,1.3
"2025-07-07 12:36:41",4768,4466,57574,40.839122,0.749583,18.4,102.4,3.5,21.35,,1.3
