timestamp,msl,agl,pressure,latitude,longitude,speed,heading,temperature,relative_humidity,internal_temperature,rise_speed
"2025-07-07 15:18:36",263,0,98268,40.895325,0.444158,0.65,184.7,30.99,37.25,,0.1
"2025-07-07 15:18:37",263,0,98266,0,,0.65,170.5,31.02,37.25,,0.1
"2025-07-07 15:18:38",263,0,98265,0,,0.7,56.7,31.06,37.25,,0.1
"2025-07-07 15:18:39",264,1,98264,40.895347,0.444175,1.45,28.6,31.07,37.1,,0.1
"2025-07-07 15:18:40",265,2,98248,0,,2,107.7,31.04,36.95,,0.2
"2025-07-07 15:18:41",267,4,98232,0,,2.85,114.3,30.99,36.9,,0.2
"2025-07-07 15:18:42",268,5,98216,40.895338,0.444247,2.1,79.6,30.97,36.85,36.5,0.3
"2025-07-07 15:18:43",268,5,98210,0,,2.85,21.7,30.9,36.95,,0.4
"2025-07-07 15:18:44",269,6,98206,0,,3.15,45.2,30.87,36.95,,0.4
"2025-07-07 15:18:45",269,6,98202,40.895395,0.444312,2.7,81.7,30.85,37,,0.5
"2025-07-07 15:18:46",270,7,98191,0,,3.05,113.6,30.84,37.05,,0.5
"2025-07-07 15:18:47",271,8,98181,0,,3.4,55.3,30.84,37.1,,0.6
"2025-07-07 15:18:48",272,9,98172,40.895415,0.44442,4.75,68.1,30.85,37.15,,0.7
"2025-07-07 15:18:50",276,13,98130,0,,3.15,109.9,30.89,37.2,,1
"2025-07-07 15:18:51",278,15,98110,40.895403,0.444572,3.15,91.8,30.92,37.15,,1.2
"2025-07-07 15:18:58",303,40,97836,0,,5.05,104,30.98,37,,2.6
"2025-07-07 15:18:59",307,44,97796,0,,5.5,109.8,30.98,37,,2.8
"2025-07-07 15:19:00",310,47,97756,40.89534,0.445045,6.85,95.1,30.98,36.95,,3
"2025-07-07 15:19:01",313,50,97723,0,,6.6,77.3,31.04,36.95,,3.1
"2025-07-07 15:19:02",316,53,97696,0,,5.2,66.4,31.1,36.95,,3.3
"2025-07-07 15:19:03",318,55,97670,40.89537,0.445245,5.55,104.4,31.15,36.95,,3.4
"2025-07-07 15:19:05",323,60,97613,0,,,,31.27,36.8,,3.3
"2025-07-07 15:19:06",326,63,97582,40.895423,0.445377,3.35,70.6,31.43,36.8,,3.3
"2025-07-07 15:19:07",330,67,97541,0,,4.15,81.7,31.53,36.75,,3.3
"2025-07-07 15:19:08",334,71,97500,0,,5.1,53.7,31.59,36.55,,3.3
"2025-07-07 15:19:09",338,75,97460,40.895477,0.44551,4.5,47.6,31.62,36.4,36.5,3.4
"2025-07-07 15:19:10",342,79,97408,0,,3.45,87.6,31.63,36.3,,3.4
"2025-07-07 15:19:11",347,84,97356,0,,1.8,82.3,31.66,36.25,,3.4
"2025-07-07 15:19:12",352,89,97304,40.895502,0.445587,1.05,344.2,31.65,36.15,,3.5
"2025-07-07 15:19:13",358,95,97240,0,,2.9,21,31.63,36.05,,3.7
"2025-07-07 15:19:14",364,101,97177,0,,2.75,107.9,31.59,36,,4
"2025-07-07 15:19:15",370,107,97114,40.895523,0.445623,1.15,328,31.55,36,,4.2
"2025-07-07 15:19:16",376,113,97041,0,,1.65,232.4,31.52,36,,4.6
"2025-07-07 15:19:17",383,120,96968,0,,1.65,168.7,31.45,35.95,,5
"2025-07-07 15:19:18",390,127,96896,40.8955,0.445625,2.9,120.1,31.4,36,,5.3
"2025-07-07 15:19:19",396,133,96825,0,,0.05,120.1,31.35,36.05,,5.4
"2025-07-07 15:19:20",403,140,96754,0,,0.15,120.1,31.3,36.1,,5.6
"2025-07-07 15:19:21",410,147,96684,40.895478,0.445632,2,194.4,31.23,36.15,,5.8
"2025-07-07 15:19:22",420,157,96567,0,,3.9,145,31.2,36.2,,6.4
"2025-07-07 15:19:23",431,168,96451,0,,3.2,192.2,31.18,36.3,,6.8
"2025-07-07 15:19:24",442,179,96336,40.895393,0.445643,4.25,177.4,31.11,36.3,,7.3
"2025-07-07 15:19:25",449,186,96264,0,,0.05,177.4,31.03,36.35,,7.5
"2025-07-07 15:19:26",455,192,96197,0,,2.85,256.1,30.97,36.4,,7.6
"2025-07-07 15:19:27",461,198,96130,40.895347,0.445597,5.05,211.9,30.88,36.45,,7.6
"2025-07-07 15:19:28",467,204,96071,0,,5.95,200,30.78,36.55,,7.5
"2025-07-07 15:19:29",472,209,96013,0,,2.2,149.3,30.75,36.65,,7.4
"2025-07-07 15:19:30",478,215,95956,40.89523,0.44555,2.35,176.7,30.75,36.7,,7.3
"2025-07-07 15:19:31",480,217,95930,0,,4.85,179.4,30.76,36.8,,6.9
"2025-07-07 15:19:32",482,219,95905,0,,3.2,194.3,30.78,36.85,,6.6
"2025-07-07 15:19:33",485,222,95880,40.895112,0.445518,5.55,195.7,30.76,36.8,,6.2
"2025-07-07 15:19:35",490,227,95819,0,,5.05,186.8,30.43,36.75,,4.9
"2025-07-07 15:19:36",493,230,95788,40.894963,0.445493,8.55,191.1,30.23,36.75,36.75,4.3
"2025-07-07 15:19:37",496,233,95755,0,,9.15,178.9,29.89,36.85,,4.2
"2025-07-07 15:19:38",499,236,95724,0,,9.05,170.2,29.68,37.1,,3.9
"2025-07-07 15:19:39",502,239,95694,40.894722,0.445492,10,188.5,29.53,37.4,,3.6
"2025-07-07 15:19:40",504,241,95670,0,,6.25,210.6,29.3,37.65,,3.3
"2025-07-07 15:19:41",507,244,95645,0,,6.05,199.9,29.18,37.95,,3.1
"2025-07-07 15:19:42",509,246,95620,40.894567,0.445407,4.7,203.5,29.08,38.3,,2.8
"2025-07-07 15:19:43",511,248,95595,0,,6.1,208.8,29.01,38.6,,2.6
"2025-07-07 15:19:44",513,250,95572,0,,4.6,215.6,28.97,38.85,,2.6
"2025-07-07 15:19:45",516,253,95550,40.89445,0.445327,5.75,185.9,28.94,39.05,,2.6
"2025-07-07 15:19:50",543,280,95256,0,,5.7,174.1,28.54,39.5,,3.7
"2025-07-07 15:19:51",549,286,95198,40.894147,0.44526,5.5,177.6,28.45,39.6,,3.9
"2025-07-07 15:19:52",554,291,95142,0,,7.1,157.5,28.36,39.75,,4.1
"2025-07-07 15:19:53",559,296,95085,0,,8.5,143.6,28.26,39.8,,4.4
"2025-07-07 15:19:54",565,302,95028,40.893982,0.445382,6.8,141.7,28.3,40.05,,4.6
"2025-07-07 15:19:55",568,305,94990,0,,4.7,142.3,28.33,40.25,,4.5
"2025-07-07 15:19:56",572,309,94952,0,,4.9,155.1,28.23,40.25,,4.7
"2025-07-07 15:19:57",575,312,94914,40.893852,0.445462,7.65,165.4,28.09,40.25,,4.8
"2025-07-07 15:19:58",579,316,94869,0,,7.4,156,28.01,40.3,,4.9
"2025-07-07 15:19:59",583,320,94825,0,,6.45,138.8,27.9,40.45,,4.9
"2025-07-07 15:20:00",588,325,94782,40.893697,0.445583,6.1,141.1,27.73,40.55,,4.8
"2025-07-07 15:20:01",591,328,94749,0,,7.5,167,27.57,40.65,,4.7
"2025-07-07 15:20:02",594,331,94716,0,,4.3,168.2,27.47,40.85,,4.6
"2025-07-07 15:20:03",597,334,94684,40.893557,0.445638,3.65,162.7,27.38,41.05,36.5,4.1
"2025-07-07 15:20:05",603,340,94621,0,,7.75,152.1,27.17,41.4,,3.6
"2025-07-07 15:20:06",606,343,94590,40.893402,0.445737,6.5,159.8,27.07,41.6,,3.4
"2025-07-07 15:20:07",609,346,94557,0,,6.15,153.1,27,41.8,,3.4
"2025-07-07 15:20:08",612,349,94522,0,,6.15,153.1,26.94,42,,3.4
"2025-07-07 15:20:09",615,352,94488,40.893227,0.445828,9.5,156.4,26.89,42.15,,3.4
"2025-07-07 15:20:10",619,356,94443,0,,5.8,148.4,26.86,42.3,,3.3
"2025-07-07 15:20:11",623,360,94401,0,,1.8,163.1,26.77,42.45,,3.3
"2025-07-07 15:20:12",627,364,94360,40.893112,0.445897,4.4,166,26.76,42.55,,3.3
"2025-07-07 15:20:13",632,369,94311,0,,8.05,170.7,26.76,42.65,,3.4
"2025-07-07 15:20:14",636,373,94261,0,,8.4,157.2,26.76,42.75,,3.5
"2025-07-07 15:20:15",641,378,94212,40.892928,0.445982,5.65,142.9,26.76,42.85,,3.7
"2025-07-07 15:20:17",652,389,94095,0,,8.35,161.1,26.71,42.95,,4
"2025-07-07 15:20:18",658,395,94038,40.892762,0.44607,6.4,154,26.67,43,,4.2
"2025-07-07 15:20:20",668,405,93927,0,,6.95,166.8,26.56,43.1,,4.7
"2025-07-07 15:20:21",673,410,93872,40.892588,0.446145,7.85,156.1,26.49,43.15,,4.8
"2025-07-07 15:20:23",685,422,93750,0,,6.2,172.7,26.39,43.3,,5
"2025-07-07 15:20:24",690,427,93690,40.89242,0.446215,5.05,173.8,26.34,43.35,,5.2
"2025-07-07 15:20:26",703,440,93561,0,,4.6,182,26.26,43.5,,5.5
"2025-07-07 15:20:27",709,446,93498,40.89228,0.446252,6.3,166.3,26.2,43.6,,5.6
"2025-07-07 15:20:29",722,459,93354,0,,5.05,169.4,26.15,43.75,,5.8
"2025-07-07 15:20:30",729,466,93280,40.892137,0.446295,6.05,178.8,26.11,43.8,36.25,6
"2025-07-07 15:20:32",744,481,93127,0,,5.8,162,25.97,43.95,,6.3
"2025-07-07 15:20:33",751,488,93054,40.891978,0.446323,5.95,169.9,25.93,44,,6.4
"2025-07-07 15:20:35",767,504,92881,0,,6.2,171.6,25.82,44.2,,6.9
"2025-07-07 15:20:36",775,512,92796,40.891813,0.446337,5.55,176.5,25.78,44.3,,7.1
"2025-07-07 15:20:37",784,521,92705,0,,7.6,184.4,25.73,44.35,,7.2
"2025-07-07 15:20:38",793,530,92608,0,,9.2,175.8,25.66,44.4,,7.4
"2025-07-07 15:20:39",802,539,92512,40.891597,0.44634,8.1,177.5,25.61,44.5,,7.7
"2025-07-07 15:20:40",811,548,92421,0,,8.05,163.8,25.56,44.6,,7.9
"2025-07-07 15:20:41",820,557,92331,0,,7.85,160.8,25.55,44.7,,8.1
"2025-07-07 15:20:42",828,565,92242,40.891393,0.446398,7.9,167.7,25.51,44.75,,8.2
"2025-07-07 15:20:43",837,574,92153,0,,8.65,160.7,25.44,44.8,,8.2
"2025-07-07 15:20:44",845,582,92067,0,,8.7,147.8,25.38,44.9,,8.2
"2025-07-07 15:20:45",853,590,91982,40.891187,0.446518,8.3,150.2,25.37,44.95,,8.4
"2025-07-07 15:20:46",860,597,91905,0,,9.25,170.7,25.29,45.05,,8.4
"2025-07-07 15:20:47",868,605,91830,0,,8.8,178,25.23,45.1,,8.3
"2025-07-07 15:20:48",875,612,91756,40.890963,0.446578,6.85,161.5,25.15,45.2,,8.3
"2025-07-07 15:20:49",882,619,91676,0,,6,155,25.09,45.35,,8.3
"2025-07-07 15:20:50",891,628,91591,0,,6.2,188.2,24.99,45.35,,8.2
"2025-07-07 15:20:51",899,636,91506,40.890797,0.446602,8,183,24.9,45.5,,8.1
"2025-07-07 15:20:52",908,645,91413,0,,8.3,170.7,24.89,45.6,,8
"2025-07-07 15:20:53",916,653,91327,0,,7.5,172.5,24.78,45.7,,8
"2025-07-07 15:20:54",924,661,91242,40.890582,0.446623,8.15,182.1,24.71,45.85,,8
"2025-07-07 15:20:55",932,669,91159,0,,7.45,184.2,24.64,45.95,,8
"2025-07-07 15:20:56",941,678,91070,0,,6.75,180.9,24.6,46.1,,8
"2025-07-07 15:20:57",949,686,90982,40.890387,0.446617,6.85,171.4,24.6,46.2,36,8.1
"2025-07-07 15:20:58",957,694,90899,0,,6.85,171.4,24.54,46.3,,8
"2025-07-07 15:20:59",965,702,90818,0,,6.5,174.7,24.51,46.4,,8.1
"2025-07-07 15:21:00",973,710,90738,40.890198,0.44665,5.9,177.8,24.46,46.45,,8.1
"2025-07-07 15:21:01",982,719,90649,0,,6.85,173.4,24.37,46.55,,8.2
"2025-07-07 15:21:02",990,727,90561,0,,7.4,162.9,24.31,46.6,,8.3
"2025-07-07 15:21:03",999,736,90474,40.890022,0.4467,6.9,157.2,24.21,46.75,,8.3
"2025-07-07 15:21:05",1016,753,90294,0,,6.85,180.6,24.05,47,,8.3
"2025-07-07 15:21:06",1025,762,90206,40.889843,0.446723,7.4,173.4,23.96,47.15,,8.4
"2025-07-07 15:21:07",1034,771,90112,0,,7.5,171.6,23.96,47.25,,8.4
"2025-07-07 15:21:08",1043,780,90017,0,,6.8,175.6,23.92,47.35,,8.5
"2025-07-07 15:21:09",1053,790,89922,40.889658,0.446742,5.5,182.3,23.84,47.5,,8.6
"2025-07-07 15:21:10",1062,799,89825,0,,6.45,167.6,23.73,47.6,,8.7
"2025-07-07 15:21:11",1071,808,89731,0,,6.75,165.5,23.67,47.75,,8.8
"2025-07-07 15:21:12",1080,817,89638,40.889502,0.446778,3.75,178.2,23.57,47.85,,8.9
"2025-07-07 15:21:13",1089,826,89548,0,,3.55,177.7,23.44,48,,8.9
"2025-07-07 15:21:14",1098,835,89452,0,,4.45,174.9,23.34,48.15,,9
"2025-07-07 15:21:15",1108,845,89356,40.889388,0.446802,6.1,154.4,23.28,48.35,,9.1
"2025-07-07 15:21:16",1118,855,89256,0,,5.7,147.3,23.23,48.55,,9.2
"2025-07-07 15:21:17",1128,865,89156,0,,5.3,162.6,23.16,48.7,,9.2
"2025-07-07 15:21:18",1137,874,89056,40.889257,0.446873,4.5,178.6,23.01,48.85,,9.4
"2025-07-07 15:21:20",1156,893,88864,0,,4.65,164.7,22.95,49.25,,9.4
"2025-07-07 15:21:21",1166,903,88770,40.889132,0.446907,5.55,181.1,22.87,49.25,,9.4
"2025-07-07 15:21:22",1175,912,88674,0,,5.35,188.6,22.75,49.4,,9.4
"2025-07-07 15:21:23",1184,921,88579,0,,5.55,175.3,22.64,49.6,,9.5
"2025-07-07 15:21:24",1194,931,88484,40.888978,0.446913,5.75,171.5,22.55,49.75,36,9.5
"2025-07-07 15:21:25",1202,939,88397,0,,5,178.2,22.44,49.95,,9.4
"2025-07-07 15:21:26",1211,948,88309,0,,4.35,190,22.36,50.2,,9.4
"2025-07-07 15:21:27",1220,957,88222,40.888855,0.446903,3.7,194.6,22.28,50.35,,9.3
"2025-07-07 15:21:28",1228,965,88136,0,,2.75,180.8,22.21,50.55,,9.2
"2025-07-07 15:21:29",1236,973,88053,0,,3.6,172.2,22.17,50.7,,9
"2025-07-07 15:21:30",1245,982,87970,40.88877,0.446895,3.35,195.9,22.11,50.85,,8.9
"2025-07-07 15:21:31",1253,990,87884,0,,1.8,184.4,22.01,51,,8.9
"2025-07-07 15:21:32",1261,998,87801,0,,1.6,177.4,21.96,51.15,,8.7
"2025-07-07 15:21:33",1270,1007,87718,40.888717,0.446885,3,182.4,21.83,51.3,,8.6
"2025-07-07 15:21:37",1306,1043,87349,0,,3.05,180.5,21.5,52,,8.7
"2025-07-07 15:21:38",1316,1053,87255,0,,2.85,172.9,21.45,52.15,,8.7
"2025-07-07 15:21:39",1325,1062,87162,40.888615,0.446835,3.65,179.1,21.44,52.35,,8.8
"2025-07-07 15:21:40",1334,1071,87070,0,,4.15,188,21.44,52.5,,8.8
"2025-07-07 15:21:41",1343,1080,86981,0,,3.4,181.4,21.42,52.65,,8.9
"2025-07-07 15:21:42",1352,1089,86892,40.888522,0.44684,3.3,142.6,21.36,52.75,,8.9
"2025-07-07 15:21:43",1361,1098,86806,0,,4.55,175,21.36,52.75,,8.9
"2025-07-07 15:21:44",1369,1106,86721,0,,4.7,192.3,21.31,52.85,,9
"2025-07-07 15:21:45",1378,1115,86636,40.888408,0.446843,4.45,172.8,21.22,52.9,,9
"2025-07-07 15:21:46",1387,1124,86548,0,,4.2,161.8,21.25,53,,9
"2025-07-07 15:21:47",1396,1133,86461,0,,3.1,178,21.14,53,,9
"2025-07-07 15:21:48",1404,1141,86374,40.888312,0.446868,2.95,163.6,21.14,53.1,,9
"2025-07-07 15:21:49",1414,1151,86281,0,,3.85,145.1,21.16,53.15,,8.9
"2025-07-07 15:21:50",1423,1160,86191,0,,4.65,136.2,21.14,53.2,,8.9
"2025-07-07 15:21:51",1432,1169,86102,40.888222,0.446955,5,139.8,21.14,53.3,36.25,8.8
"2025-07-07 15:21:52",1441,1178,86006,0,,3.85,140.3,21.16,53.35,,8.9
"2025-07-07 15:21:53",1451,1188,85912,0,,3.6,148.7,21.14,53.3,,8.9
"2025-07-07 15:21:54",1461,1198,85818,40.888127,0.44704,5.9,147.7,21.01,53.35,,9
"2025-07-07 15:21:55",1470,1207,85719,0,,6.3,134.6,20.94,53.35,,9.1
"2025-07-07 15:21:56",1481,1218,85619,0,,3.4,125.6,20.8,53.4,,9.2
"2025-07-07 15:21:57",1491,1228,85520,40.888035,0.447158,3.3,128,20.66,53.55,,9.4
"2025-07-07 15:21:58",1501,1238,85421,0,,4.8,147.8,20.55,53.7,,9.4
"2025-07-07 15:21:59",1510,1247,85327,0,,5.1,139.5,20.49,53.9,,9.5
"2025-07-07 15:22:00",1520,1257,85234,40.887945,0.44726,3.6,108.4,20.4,54.05,,9.6
"2025-07-07 15:22:01",1530,1267,85137,0,,3,131.6,20.29,54.25,,9.6
"2025-07-07 15:22:02",1539,1276,85047,0,,3.7,131.5,20.26,54.45,,9.6
"2025-07-07 15:22:03",1548,1285,84958,40.8879,0.447367,4.1,96.5,20.12,54.6,,9.6
"2025-07-07 15:22:05",1565,1302,84786,0,,4.1,108.7,19.99,54.95,,9.6
"2025-07-07 15:22:06",1575,1312,84692,40.887885,0.447507,3.8,84.1,19.82,55.1,,9.6
"2025-07-07 15:22:07",1583,1320,84613,0,,6.5,80.3,19.64,55.3,,9.5
"2025-07-07 15:22:08",1591,1328,84535,0,,5.65,87.7,19.7,55.5,,9.3
"2025-07-07 15:22:09",1599,1336,84458,40.887893,0.44769,3.6,104.8,19.74,55.7,,9.2
"2025-07-07 15:22:10",1606,1343,84391,0,,3.6,154.9,19.65,55.8,,8.9
"2025-07-07 15:22:11",1613,1350,84326,0,,6.55,132.4,19.4,55.95,,8.7
"2025-07-07 15:22:12",1619,1356,84262,40.887787,0.44782,8.45,123,19.23,56.1,,8.4
"2025-07-07 15:22:14",1637,1374,84091,0,,7,139.3,18.85,56.6,,8.4
"2025-07-07 15:22:15",1646,1383,84004,40.887653,0.44802,7.8,131.4,18.63,56.9,,8.3
"2025-07-07 15:22:17",1657,1394,83894,0,,5.45,101.5,18.45,57.65,,7.6
"2025-07-07 15:22:18",1662,1399,83840,40.88761,0.448245,5.85,145.4,18.33,58.05,37.25,7.3
"2025-07-07 15:22:20",1674,1411,83730,0,,7.15,123.7,18.26,58.75,,7
"2025-07-07 15:22:21",1679,1416,83676,40.88749,0.448417,6.25,137.2,18.15,59.1,,6.8
"2025-07-07 15:22:28",1718,1455,83303,0,,4.6,111.4,17.55,60.85,,5.5
"2025-07-07 15:22:29",1723,1460,83250,0,,4.8,107.3,17.44,61.05,,5.5
"2025-07-07 15:22:30",1729,1466,83198,40.887282,0.448788,5.2,127.6,17.25,61.3,,5.5
"2025-07-07 15:22:31",1732,1469,83163,0,,4.55,128,17.1,61.55,,5.4
"2025-07-07 15:22:32",1736,1473,83127,0,,5.05,96.3,16.91,61.9,,5.2
"2025-07-07 15:22:33",1740,1477,83092,40.887238,0.448948,5.15,92.5,16.79,62.3,,5
"2025-07-07 15:22:34",1743,1480,83056,0,,6.1,121.5,16.57,62.75,,4.9
"2025-07-07 15:22:35",1747,1484,83021,0,,5.6,125.9,16.51,63.15,,4.8
"2025-07-07 15:22:36",1751,1488,82986,40.887172,0.449115,3.6,114.4,16.43,63.6,,4.7
"2025-07-07 15:22:37",1752,1489,82972,0,,3.6,84.6,16.35,64,,4.5
"2025-07-07 15:22:38",1753,1490,82959,0,,5.45,99.5,16.31,64.4,,4.3
"2025-07-07 15:22:39",1755,1492,82946,40.887147,0.449282,7.7,121.2,16.33,64.75,,4.2
"2025-07-07 15:22:40",1756,1493,82937,0,,7.55,126,16.33,65,,3.1
"2025-07-07 15:22:41",1756,1493,82928,0,,6.1,121.1,16.43,65.3,,2.8
"2025-07-07 15:22:42",1757,1494,82920,40.887055,0.449488,5.95,125.2,16.44,65.5,,2.4
"2025-07-07 15:22:43",1759,1496,82900,0,,6.35,112.9,16.35,65.6,,2.3
"2025-07-07 15:22:44",1761,1498,82880,0,,5.15,130.1,16.26,65.75,,2.1
"2025-07-07 15:22:45",1764,1501,82860,40.886968,0.449652,5.7,145.4,16.19,65.9,37.5,2
"2025-07-07 15:22:47",1767,1504,82825,0,,5.95,92.7,16.04,66.3,,1.7
"2025-07-07 15:22:48",1769,1506,82808,40.886918,0.44983,4.4,98.5,15.98,66.5,,1.5
"2025-07-07 15:22:50",1772,1509,82778,0,,4.7,108.7,15.98,66.95,,1.5
"2025-07-07 15:22:51",1773,1510,82764,40.88689,0.449985,6.45,96.7,15.89,67.15,,1.6
"2025-07-07 15:22:53",1775,1512,82750,0,,5.05,111.9,15.97,67.5,,1.5
"2025-07-07 15:22:54",1775,1512,82744,40.886858,0.45017,4.05,101.7,15.95,67.65,,1.5
"2025-07-07 15:22:55",1776,1513,82742,0,,,,15.91,67.75,,1.4
"2025-07-07 15:22:56",1776,1513,82741,0,,,,15.82,67.8,,1.2
"2025-07-07 15:22:57",1776,1513,82740,0,,,,15.82,67.95,,1
"2025-07-07 15:22:59",1776,1513,82741,0,,4.7,120.3,15.8,68.2,,0.7
"2025-07-07 15:23:00",1776,1513,82742,40.886772,0.450485,5.1,117.5,15.76,68.35,,0.6
"2025-07-07 15:23:02",1776,1513,82740,0,,4.85,118,15.73,68.6,,0.3
"2025-07-07 15:23:03",1776,1513,82740,40.886723,0.450637,5.05,126.5,15.72,68.7,,0.2
"2025-07-07 15:23:06",1776,1513,82736,40.88668,0.450798,5.15,121.2,15.64,69,,0.1
"2025-07-07 15:23:08",1776,1513,82741,0,,4.2,105.6,15.61,69.2,,0
"2025-07-07 15:23:09",1775,1512,82744,40.886635,0.450953,5.35,116,15.6,69.3,,0
"2025-07-07 15:23:10",1775,1512,82744,0,,3.9,110.9,15.6,69.35,,0
"2025-07-07 15:23:11",1775,1512,82744,0,,3.85,98.9,15.5,69.45,,0
"2025-07-07 15:23:12",1775,1512,82744,40.8866,0.451095,4.9,119.3,15.49,69.45,37,0
"2025-07-07 15:23:13",1775,1512,82748,0,,4.3,119.2,15.49,69.6,,0
"2025-07-07 15:23:14",1775,1512,82752,0,,3.75,110.8,15.49,69.7,,-0.1
"2025-07-07 15:23:15",1774,1511,82756,40.886557,0.451227,3.85,113.2,15.5,69.85,,-0.1
"2025-07-07 15:23:16",1774,1511,82759,0,,4.8,117.4,15.5,70,,-0.2
"2025-07-07 15:23:17",1774,1511,82762,0,,4.35,104.1,15.49,70,,-0.2
"2025-07-07 15:23:18",1773,1510,82766,40.886527,0.451377,4.2,93.4,15.48,70.05,,-0.3
"2025-07-07 15:23:19",1772,1509,82774,0,,5.2,118.5,15.49,70.15,,-0.3
"2025-07-07 15:23:20",1772,1509,82782,0,,4.5,121,15.5,70.2,,-0.4
"2025-07-07 15:23:21",1771,1508,82790,40.886483,0.451523,3.8,98.3,15.48,70.2,,-0.4
"2025-07-07 15:23:22",1770,1507,82800,0,,4.9,113.3,15.48,70.25,,-0.4
"2025-07-07 15:23:23",1769,1506,82811,0,,5.35,126,15.41,70.35,,-0.5
"2025-07-07 15:23:24",1767,1504,82822,40.886428,0.451687,5.45,107.1,15.35,70.45,,-0.6
"2025-07-07 15:23:25",1766,1503,82833,0,,4.75,115.1,15.36,70.55,,-0.7
"2025-07-07 15:23:26",1765,1502,82844,0,,4.65,133.8,15.38,70.65,,-0.8
"2025-07-07 15:23:27",1764,1501,82856,40.886363,0.45184,6.15,123.6,15.34,70.75,,-0.8
"2025-07-07 15:23:37",1749,1486,83002,0,,3.6,121.8,15.3,71.45,,-1.4
"2025-07-07 15:23:38",1747,1484,83017,0,,5.95,113.8,15.29,71.5,,-1.5
"2025-07-07 15:23:39",1746,1483,83032,40.886133,0.45243,6.75,115.1,15.35,71.55,35.75,-1.5
"2025-07-07 15:23:40",1744,1481,83050,0,,5.25,121.9,15.35,71.6,,-1.5
"2025-07-07 15:23:41",1742,1479,83067,0,,5.35,116.9,15.48,71.6,,-1.5
"2025-07-07 15:23:42",1740,1477,83084,40.886078,0.452612,5.9,115.6,15.48,71.6,,-1.6
"2025-07-07 15:23:43",1739,1476,83100,0,,,,15.48,71.55,,-1.6
"2025-07-07 15:23:44",1737,1474,83118,0,,,,15.48,71.5,,-1.6
"2025-07-07 15:23:45",1735,1472,83136,0,,,,15.48,71.5,,-1.6
"2025-07-07 15:23:46",1733,1470,83152,0,,4.3,108.4,15.48,71.45,,-1.6
"2025-07-07 15:23:47",1732,1469,83169,0,,5.45,108.8,15.48,71.45,,-1.6
"2025-07-07 15:23:48",1730,1467,83186,40.885983,0.452978,6.5,111.9,15.48,71.4,,-1.6
"2025-07-07 15:23:50",1726,1463,83221,0,,5.15,109.6,15.49,71.4,,-1.8
"2025-07-07 15:23:51",1724,1461,83240,40.885943,0.45317,6.1,107.7,15.49,71.35,,-1.8
"2025-07-07 15:23:52",1723,1460,83256,0,,5.25,116.9,15.5,71.35,,-1.8
"2025-07-07 15:23:53",1721,1458,83273,0,,5.1,110.9,15.5,71.3,,-1.8
"2025-07-07 15:23:54",1719,1456,83290,40.885893,0.453358,6.15,105.8,15.5,71.25,,-1.8
"2025-07-07 15:23:55",1717,1454,83306,0,,5.7,114.7,15.57,71.15,,-1.8
"2025-07-07 15:23:56",1716,1453,83323,0,,5.2,118.6,15.57,71.1,,-1.8
"2025-07-07 15:23:57",1714,1451,83340,40.885837,0.453543,6,110.5,15.57,71.05,,-1.8
"2025-07-07 15:23:58",1712,1449,83359,0,,6.9,107.4,15.62,71,,-1.8
"2025-07-07 15:23:59",1710,1447,83378,0,,5.05,108.5,15.63,70.95,,-1.8
"2025-07-07 15:24:00",1708,1445,83398,40.885788,0.453743,5.3,111.9,15.61,70.9,,-1.8
"2025-07-07 15:24:01",1707,1444,83411,0,,7.3,113.3,15.61,70.9,,-1.8
"2025-07-07 15:24:02",1705,1442,83424,0,,6.8,112.5,15.65,70.85,,-1.7
"2025-07-07 15:24:03",1704,1441,83438,40.885718,0.45396,6.2,116.6,15.65,70.8,,-1.7
"2025-07-07 15:24:05",1701,1438,83461,0,,7.55,103.5,15.67,70.75,,-1.6
"2025-07-07 15:24:06",1700,1437,83474,40.885662,0.4542,6.25,110.8,15.67,70.75,34,-1.6
"2025-07-07 15:24:07",1699,1436,83489,0,,7.2,107.4,15.65,70.65,,-1.6
"2025-07-07 15:24:08",1697,1434,83504,0,,7.95,103.3,15.64,70.6,,-1.6
"2025-07-07 15:24:09",1695,1432,83520,40.885612,0.454443,6,107.9,15.65,70.6,,-1.5
"2025-07-07 15:24:10",1693,1430,83538,0,,6.7,112.3,15.65,70.6,,-1.5
"2025-07-07 15:24:11",1692,1429,83557,0,,8.3,109.5,15.67,70.65,,-1.5
"2025-07-07 15:24:12",1690,1427,83576,40.885553,0.454693,7.4,99,15.66,70.65,,-1.5
"2025-07-07 15:24:13",1688,1425,83596,0,,6.95,101.6,15.67,70.65,,-1.6
"2025-07-07 15:24:14",1685,1422,83617,0,,7.65,114,15.67,70.65,,-1.6
"2025-07-07 15:24:15",1683,1420,83638,40.885507,0.454948,7.55,97.5,15.68,70.65,,-1.7
"2025-07-07 15:24:16",1681,1418,83659,0,,7.35,89.6,15.74,70.65,,-1.8
"2025-07-07 15:24:17",1679,1416,83680,0,,7.15,104.5,15.77,70.65,,-1.9
"2025-07-07 15:24:18",1677,1414,83702,40.885485,0.455213,7.95,100.9,15.81,70.6,,-2
"2025-07-07 15:24:22",1666,1403,83805,0,,7.6,88,15.98,70.35,,-2.3
"2025-07-07 15:24:23",1663,1400,83830,0,,7.05,102.7,15.99,70.25,,-2.3
"2025-07-07 15:24:24",1661,1398,83856,40.88545,0.455733,7.4,101.5,16.02,70.15,,-2.4
"2025-07-07 15:24:25",1658,1395,83883,0,,7.95,87.8,16.05,70.1,,-2.5
"2025-07-07 15:24:26",1655,1392,83912,0,,6.7,95.8,16.07,70.05,,-2.5
"2025-07-07 15:24:27",1652,1389,83942,40.885433,0.45599,6.8,105.3,16.09,69.95,,-2.6
"2025-07-07 15:24:28",1649,1386,83967,0,,8.1,95.2,16.13,69.9,,-2.6
"2025-07-07 15:24:29",1647,1384,83991,0,,8.2,100.9,16.15,69.8,,-2.6
"2025-07-07 15:24:30",1644,1381,84016,40.885397,0.456267,7.75,105,16.15,69.7,,-2.7
"2025-07-07 15:24:31",1642,1379,84037,0,,7.8,95.4,16.2,69.6,,-2.6
"2025-07-07 15:24:32",1640,1377,84056,0,,7.6,97.3,16.25,69.6,,-2.6
"2025-07-07 15:24:33",1638,1375,84076,40.88536,0.456537,7.8,112.5,16.25,69.5,33.25,-2.5
"2025-07-07 15:24:37",1633,1370,84122,0,,7.35,108.9,16.35,69.15,,-2
"2025-07-07 15:24:38",1632,1369,84134,0,,8.9,102,16.35,69,,-1.9
"2025-07-07 15:24:39",1631,1368,84146,40.88526,0.457108,8.2,87.2,16.38,68.95,,-1.7
"2025-07-07 15:24:40",1630,1367,84159,0,,9.55,85.6,16.4,68.85,,-1.6
"2025-07-07 15:24:41",1628,1365,84172,0,,10.8,93.3,16.39,68.75,,-1.5
"2025-07-07 15:24:42",1627,1364,84186,40.885252,0.457447,8.75,105.8,16.42,68.7,,-1.4
"2025-07-07 15:24:46",1629,1366,84163,0,,8.5,104,16.59,68.4,,-0.7
"2025-07-07 15:24:47",1630,1367,84157,0,,7.8,92.5,16.64,68.25,,-0.6
"2025-07-07 15:24:48",1630,1367,84152,40.885198,0.458018,8.4,97.6,16.67,68.15,,-0.5
"2025-07-07 15:24:50",1633,1370,84122,0,,6.8,99.6,16.7,67.9,,0
"2025-07-07 15:24:51",1635,1372,84108,40.885172,0.458282,7.4,91.5,16.7,67.8,,0.2
"2025-07-07 15:24:52",1636,1373,84094,0,,9.95,85,16.74,67.7,,0.4
"2025-07-07 15:24:53",1638,1375,84082,0,,9.5,84.7,16.76,67.65,,0.6
"2025-07-07 15:24:54",1639,1376,84070,40.885187,0.458605,7.95,96.1,16.72,67.5,,0.8
"2025-07-07 15:24:55",1641,1378,84046,0,,8.6,106.4,16.63,67.45,,1.1
"2025-07-07 15:24:56",1644,1381,84018,0,,9.15,101.2,16.58,67.4,,1.2
"2025-07-07 15:24:57",1647,1384,83990,40.88515,0.458917,9.45,91.9,16.52,67.4,,1.4
"2025-07-07 15:24:58",1650,1387,83964,0,,7.9,87.8,16.51,67.4,,1.4
"2025-07-07 15:24:59",1652,1389,83939,0,,8.9,93.2,16.48,67.45,,1.8
"2025-07-07 15:25:00",1655,1392,83914,40.885143,0.459228,9.35,98.3,16.49,67.55,32.25,1.9
"2025-07-07 15:25:01",1658,1395,83882,0,,8.85,97.3,16.47,67.6,,2.1
"2025-07-07 15:25:02",1661,1398,83851,0,,8.5,97.2,16.44,67.7,,2.2
"2025-07-07 15:25:03",1665,1402,83820,40.88511,0.459538,8.85,103.7,16.44,67.7,,2.4
"2025-07-07 15:25:05",1673,1410,83737,0,,5.95,112.7,16.38,67.75,,2.9
"2025-07-07 15:25:06",1677,1414,83696,40.885048,0.459783,5.5,101.3,16.34,67.75,,3.1
"2025-07-07 15:25:07",1681,1418,83657,0,,7.5,113.8,16.32,67.8,,3.3
"2025-07-07 15:25:08",1685,1422,83619,0,,7.45,96.2,16.31,67.85,,3.4
"2025-07-07 15:25:09",1689,1426,83582,40.88502,0.460013,5.6,66.2,16.31,67.9,,3.5
"2025-07-07 15:25:10",1692,1429,83554,0,,2.15,69.3,16.27,68,,3.5
"2025-07-07 15:25:11",1695,1432,83527,0,,4.35,131,16.23,68.05,,3.5
"2025-07-07 15:25:12",1697,1434,83500,40.884985,0.460147,8.15,128.6,16.2,68.1,,3.5
"2025-07-07 15:25:13",1699,1436,83483,0,,4.3,118.8,16.18,68.1,,3.4
"2025-07-07 15:25:14",1701,1438,83466,0,,2.7,91.9,16.15,68.2,,3.3
"2025-07-07 15:25:15",1703,1440,83450,40.884942,0.460278,2.55,114.5,16.13,68.25,,3.2
"2025-07-07 15:25:17",1706,1443,83416,0,,7.15,117.8,16.11,68.45,,2.7
"2025-07-07 15:25:18",1708,1445,83400,40.884873,0.460452,7.6,94.8,16.11,68.5,,2.5
"2025-07-07 15:25:20",1711,1448,83365,0,,6.45,123.6,16.09,68.6,,2.2
"2025-07-07 15:25:21",1713,1450,83348,40.884818,0.460667,6.65,107.2,16.08,68.65,,2
"2025-07-07 15:25:23",1715,1452,83326,0,,6.4,75.5,16.05,68.75,,1.7
"2025-07-07 15:25:24",1716,1453,83316,40.884833,0.460897,5.85,86.7,16.04,68.8,,1.6
"2025-07-07 15:25:26",1718,1455,83299,0,,7.9,86.1,15.99,68.85,,1.4
"2025-07-07 15:25:27",1719,1456,83292,40.884842,0.46115,6.7,76.4,15.97,68.95,31,1.4
"2025-07-07 15:25:29",1719,1456,83289,0,,6.3,95.7,15.95,69.05,,1.1
"2025-07-07 15:25:30",1719,1456,83288,40.884852,0.46137,6.6,87.5,15.94,69.1,,1
"2025-07-07 15:25:32",1721,1458,83269,0,,6.9,73.3,15.91,69.25,,0.8
"2025-07-07 15:25:33",1722,1459,83260,40.884893,0.461598,6.05,66.6,15.9,69.3,,0.8
"2025-07-07 15:25:35",1726,1463,83221,0,,5.45,90.1,15.88,69.4,,0.9
"2025-07-07 15:25:36",1728,1465,83202,40.88491,0.461797,5.45,79.4,15.87,69.5,,1
"2025-07-07 15:25:38",1728,1465,83206,0,,5.9,113.4,15.87,69.5,,0.8
"2025-07-07 15:25:39",1728,1465,83208,40.884893,0.461975,7.55,110.7,15.88,69.55,,0.7
"2025-07-07 15:25:41",1726,1463,83226,0,,4.3,83.8,15.89,69.65,,0.5
"2025-07-07 15:25:42",1725,1462,83236,40.884877,0.462173,6,108.7,15.89,69.7,,0.4
"2025-07-07 15:25:43",1724,1461,83247,0,,6.75,111.5,15.91,69.75,,0.3
"2025-07-07 15:25:44",1722,1459,83258,0,,4.05,115.7,15.9,69.75,,0.2
"2025-07-07 15:25:45",1721,1458,83270,40.884833,0.462342,3.55,89.3,15.89,69.8,,0
"2025-07-07 15:25:46",1721,1458,83272,0,,4.8,102,15.9,69.8,,-0.1
"2025-07-07 15:25:47",1721,1458,83274,0,,5.05,115.1,15.9,69.8,,-0.1
"2025-07-07 15:25:48",1721,1458,83276,40.8848,0.462498,4.3,113,15.9,69.8,,-0.4
"2025-07-07 15:25:49",1720,1457,83279,0,,3.75,86.8,15.9,69.8,,-0.6
"2025-07-07 15:25:50",1720,1457,83282,0,,5.75,77.4,15.89,69.8,,-0.6
"2025-07-07 15:25:51",1720,1457,83286,40.884808,0.462673,7,90.6,15.91,69.85,,-0.6
"2025-07-07 15:25:52",1719,1456,83287,0,,7.05,97.5,15.91,69.9,,-0.6
"2025-07-07 15:25:53",1719,1456,83288,0,,6.25,106,15.91,69.9,,-0.5
"2025-07-07 15:25:54",1719,1456,83290,40.88478,0.462905,5.75,107.8,15.9,69.9,29.75,-0.5
"2025-07-07 15:25:58",1718,1455,83300,0,,4.45,112.3,15.89,69.95,,-0.2
"2025-07-07 15:25:59",1718,1455,83303,0,,5.25,102.9,15.89,69.95,,-0.3
"2025-07-07 15:26:00",1717,1454,83306,40.884685,0.463257,7.6,87.9,15.87,69.95,,-0.3
"2025-07-07 15:26:01",1717,1454,83307,0,,7,97.8,15.89,69.95,,-0.3
"2025-07-07 15:26:02",1717,1454,83309,0,,6.15,108.9,15.89,69.95,,-0.2
"2025-07-07 15:26:03",1717,1454,83312,40.884658,0.463482,5.5,100.6,15.83,69.95,,-0.2
"2025-07-07 15:26:05",1718,1455,83305,0,,6.75,97.9,15.76,70.05,,-0.1
"2025-07-07 15:26:06",1718,1455,83302,40.884642,0.463697,5.2,104.3,15.75,70.15,,-0.1
"2025-07-07 15:26:07",1718,1455,83297,0,,5.65,115.7,15.74,70.15,,-0.1
"2025-07-07 15:26:08",1719,1456,83293,0,,5.35,119.2,15.72,70.2,,0
"2025-07-07 15:26:09",1719,1456,83290,40.884582,0.463862,4.25,104.7,15.72,70.3,,0
"2025-07-07 15:26:10",1720,1457,83282,0,,5.25,100.6,15.73,70.35,,0
"2025-07-07 15:26:11",1721,1458,83274,0,,6.4,101.4,15.72,70.4,,0.2
"2025-07-07 15:26:12",1722,1459,83266,40.884555,0.464058,6.35,95.6,15.7,70.45,,0.3
"2025-07-07 15:26:13",1722,1459,83264,0,,6.65,87.1,15.69,70.5,,0.4
"2025-07-07 15:26:14",1722,1459,83263,0,,6.45,101.5,15.69,70.5,,0.4
"2025-07-07 15:26:15",1722,1459,83262,40.884528,0.46429,8.2,108.7,15.69,70.55,,0.4
"2025-07-07 15:26:16",1723,1460,83255,0,,7.8,93.7,15.69,70.6,,0.4
"2025-07-07 15:26:17",1723,1460,83249,0,,7.25,68.8,15.69,70.6,,0.5
"2025-07-07 15:26:18",1724,1461,83244,40.884545,0.464532,4.75,62.7,15.68,70.6,,0.5
"2025-07-07 15:26:20",1726,1463,83221,0,,7.85,102.7,15.67,70.65,,0.6
"2025-07-07 15:26:21",1727,1464,83210,40.88453,0.46474,6.75,91.3,15.67,70.65,28.5,0.7
"2025-07-07 15:26:22",1728,1465,83200,0,,6.35,77.2,15.67,70.65,,0.7
"2025-07-07 15:26:23",1729,1466,83191,0,,5.25,90.9,15.66,70.65,,0.7
"2025-07-07 15:26:24",1730,1467,83182,40.884532,0.46495,6.55,105.3,15.66,70.65,,0.7
"2025-07-07 15:26:25",1730,1467,83182,0,,6.95,100,15.65,70.65,,0.7
"2025-07-07 15:26:26",1730,1467,83182,0,,5.8,85.1,15.66,70.65,,0.7
"2025-07-07 15:26:27",1730,1467,83182,40.88452,0.465172,5.7,84.6,15.65,70.7,,0.7
"2025-07-07 15:26:28",1730,1467,83188,0,,8.6,96.7,15.64,70.7,,0.6
"2025-07-07 15:26:29",1729,1466,83195,0,,8.6,107.6,15.64,70.7,,0.5
"2025-07-07 15:26:30",1728,1465,83202,40.884478,0.465437,7.1,107.9,15.64,70.75,,0.4
"2025-07-07 15:26:31",1727,1464,83212,0,,5.85,95.3,15.64,70.8,,0.2
"2025-07-07 15:26:32",1726,1463,83223,0,,7.35,90.7,15.63,70.85,,0
"2025-07-07 15:26:33",1725,1462,83234,40.884453,0.465677,7.75,106.7,15.64,70.9,,-0.2
"2025-07-07 15:26:35",1723,1460,83255,0,,5.4,96.5,15.64,71,,-0.6
"2025-07-07 15:26:36",1722,1459,83266,40.884415,0.465888,6.65,86.9,15.63,71,,-0.7
"2025-07-07 15:26:37",1721,1458,83274,0,,6.5,104.9,15.64,71,,-0.7
"2025-07-07 15:26:38",1720,1457,83284,0,,5.75,113.7,15.64,71,,-0.8
"2025-07-07 15:26:39",1719,1456,83294,40.884378,0.466097,5.95,94.3,15.65,71.05,,-0.9
"2025-07-07 15:26:40",1718,1455,83302,0,,5.6,95,15.66,71.1,,-1
"2025-07-07 15:26:41",1717,1454,83311,0,,4.7,111.3,15.65,71.1,,-1
"2025-07-07 15:26:42",1716,1453,83320,40.88435,0.46628,5.75,102.2,15.65,71.1,,-1
"2025-07-07 15:26:43",1716,1453,83324,0,,5.85,83.7,15.68,71.2,,-1
"2025-07-07 15:26:44",1715,1452,83329,0,,5.15,90.9,15.7,71.2,,-0.9
"2025-07-07 15:26:45",1715,1452,83334,40.884343,0.466472,6.1,107.1,15.7,71.15,,-0.9
"2025-07-07 15:26:46",1714,1451,83337,0,,6.5,90,15.73,71.15,,-0.8
"2025-07-07 15:26:47",1714,1451,83340,0,,6.65,88.5,15.73,71.1,,-0.8
"2025-07-07 15:26:48",1714,1451,83344,40.884338,0.466683,4,81.7,15.74,71.05,27.5,-0.7
"2025-07-07 15:26:49",1713,1450,83352,0,,4.65,88.9,15.74,71,,-0.7
"2025-07-07 15:26:50",1712,1449,83360,0,,5.8,74,15.74,70.9,,-0.6
"2025-07-07 15:26:51",1711,1448,83368,40.88436,0.46687,6.75,74.1,15.77,70.9,,-0.6
"2025-07-07 15:26:52",1710,1447,83377,0,,6.8,83.3,15.78,70.9,,-0.6
"2025-07-07 15:26:53",1709,1446,83386,0,,5.65,80.7,15.78,70.85,,-0.6
"2025-07-07 15:26:54",1708,1445,83396,40.884385,0.467087,5.55,78,15.79,70.8,,-0.7
"2025-07-07 15:26:55",1707,1444,83404,0,,6.1,89.8,15.8,70.8,,-0.7
"2025-07-07 15:26:56",1706,1443,83413,0,,5.95,87.9,15.82,70.75,,-0.7
"2025-07-07 15:26:57",1706,1443,83422,40.884398,0.467292,5.1,74.6,15.82,70.75,,-0.7
"2025-07-07 15:26:58",1705,1442,83431,0,,4.6,82.1,15.82,70.8,,-0.8
"2025-07-07 15:26:59",1704,1441,83440,0,,5.75,99.5,15.81,70.75,,-0.9
"2025-07-07 15:27:00",1703,1440,83450,40.884403,0.467487,7.65,87.7,15.81,70.75,,-0.9
"2025-07-07 15:27:01",1702,1439,83453,0,,5.7,82.6,15.82,70.7,,-0.9
"2025-07-07 15:27:02",1702,1439,83457,0,,4.3,87.4,15.83,70.7,,-0.8
"2025-07-07 15:27:03",1701,1438,83462,40.884408,0.467682,5.9,92,15.88,70.7,,-0.8
"2025-07-07 15:27:05",1702,1439,83459,0,,4.9,71.3,15.9,70.6,,-0.7
"2025-07-07 15:27:06",1702,1439,83458,40.884437,0.467883,5.05,79.1,15.91,70.6,,-0.6
"2025-07-07 15:27:07",1701,1438,83462,0,,6.9,81.1,15.92,70.6,,-0.5
"2025-07-07 15:27:08",1701,1438,83467,0,,6.45,81.2,15.92,70.5,,-0.5
"2025-07-07 15:27:09",1700,1437,83472,40.884458,0.468102,5.7,88.4,15.92,70.5,,-0.4
"2025-07-07 15:27:10",1700,1437,83479,0,,7,71,15.94,70.5,,-0.4
"2025-07-07 15:27:11",1699,1436,83486,0,,6.3,67.3,15.95,70.4,,-0.4
"2025-07-07 15:27:12",1698,1435,83494,40.884507,0.468317,5.6,77.9,15.96,70.4,,-0.4
"2025-07-07 15:27:13",1698,1435,83499,0,,6.8,88.9,15.98,70.35,,-0.4
"2025-07-07 15:27:14",1697,1434,83505,0,,5.9,74.8,16.02,70.35,,-0.4
"2025-07-07 15:27:15",1696,1433,83512,40.884532,0.468523,4.6,74.5,16.02,70.35,27.5,-0.4
"2025-07-07 15:27:16",1696,1433,83516,0,,4.95,83.8,16.02,70.3,,-0.4
"2025-07-07 15:27:17",1695,1432,83521,0,,6.25,84.1,16.02,70.25,,-0.5
"2025-07-07 15:27:18",1695,1432,83526,40.884552,0.468722,7.05,76.5,16,70.2,,-0.6
"2025-07-07 15:27:20",1693,1430,83546,0,,6.2,58.9,16.03,70.15,,-0.7
"2025-07-07 15:27:21",1692,1429,83556,40.884623,0.468927,5.85,65.3,16.04,70.1,,-0.7
"2025-07-07 15:27:22",1691,1428,83567,0,,6.6,79.5,16.05,70.1,,-0.8
"2025-07-07 15:27:23",1689,1426,83579,0,,6.15,74.3,16.05,70.05,,-0.8
"2025-07-07 15:27:24",1688,1425,83592,40.884667,0.469137,5.5,68.9,16.05,70,,-0.8
"2025-07-07 15:27:25",1688,1425,83594,0,,5.5,68.9,16.05,70,,-0.8
"2025-07-07 15:27:26",1688,1425,83596,0,,4.4,76.6,16.05,70,,-0.8
"2025-07-07 15:27:27",1687,1424,83598,40.884698,0.469303,2.9,79.1,16.05,69.95,,-0.7
"2025-07-07 15:27:28",1686,1423,83609,0,,5.95,63.2,16.05,69.95,,-0.8
"2025-07-07 15:27:29",1685,1422,83620,0,,7.15,61.6,16.06,69.9,,-0.9
"2025-07-07 15:27:30",1684,1421,83632,40.88477,0.469497,6.95,63.2,16.05,69.9,,-0.9
"2025-07-07 15:27:31",1682,1419,83648,0,,4.85,79.8,16.07,69.9,,-1
"2025-07-07 15:27:32",1680,1417,83666,0,,4.85,70.8,16.07,69.9,,-1
"2025-07-07 15:27:33",1679,1416,83684,40.884818,0.469672,5,66.8,16.09,69.9,,-1.1
"2025-07-07 15:27:34",1677,1414,83701,0,,6.2,67.9,16.09,69.85,,-1.1
"2025-07-07 15:27:35",1675,1412,83718,0,,5.75,82.6,16.11,69.85,,-1.2
"2025-07-07 15:27:36",1673,1410,83736,40.884865,0.46986,5.25,64.4,16.12,69.8,,-1.2
"2025-07-07 15:27:37",1672,1409,83749,0,,6.4,64.7,16.15,69.7,,-1.3
"2025-07-07 15:27:38",1670,1407,83762,0,,6.5,69.4,16.18,69.6,,-1.4
"2025-07-07 15:27:39",1669,1406,83776,40.884925,0.470062,5.45,73.8,16.18,69.55,,-1.5
"2025-07-07 15:27:40",1668,1405,83787,0,,5.6,70.6,16.2,69.55,,-1.5
"2025-07-07 15:27:41",1667,1404,83798,0,,7.55,62.3,16.23,69.55,,-1.5
"2025-07-07 15:27:42",1666,1403,83810,40.884995,0.47027,6.65,62,16.25,69.45,27,-1.5
"2025-07-07 15:27:43",1666,1403,83810,0,,5.45,61.4,16.26,69.4,,-1.4
"2025-07-07 15:27:44",1665,1402,83811,0,,8.2,59.2,16.28,69.35,,-1.2
"2025-07-07 15:27:45",1665,1402,83812,40.885103,0.470478,8.85,41.5,16.28,69.3,,-1.1
"2025-07-07 15:27:47",1667,1404,83793,0,,3.6,41.6,16.27,69.2,,-0.7
"2025-07-07 15:27:48",1668,1405,83784,40.885217,0.470595,3.85,74.1,16.25,69.15,,-0.5
"2025-07-07 15:27:50",1672,1409,83751,0,,4.8,80.1,16.26,69.1,,0
"2025-07-07 15:27:51",1673,1410,83736,40.885235,0.470743,3.45,89.9,16.26,69.05,,0.2
"2025-07-07 15:27:53",1678,1415,83693,0,,5.35,98.2,16.23,68.95,,0.7
"2025-07-07 15:27:54",1680,1417,83672,40.88522,0.470903,6.25,91.4,16.22,68.95,,1
"2025-07-07 15:27:56",1681,1418,83661,0,,2.9,69.7,16.24,68.95,,1.2
"2025-07-07 15:27:57",1681,1418,83656,40.885238,0.471042,4.15,88.5,16.25,68.95,,1.2
"2025-07-07 15:27:59",1685,1422,83625,0,,4.7,92.6,16.24,68.9,,1.4
"2025-07-07 15:28:00",1686,1423,83610,40.885232,0.47121,3.95,106.2,16.24,68.85,,1.5
"2025-07-07 15:28:02",1691,1428,83560,0,,6.6,88.1,16.23,68.85,,1.6
"2025-07-07 15:28:03",1694,1431,83536,40.885213,0.471395,4.55,90.6,16.21,68.85,,1.7
"2025-07-07 15:28:06",1703,1440,83448,40.885225,0.471567,8,75.6,16.17,68.8,,2
"2025-07-07 15:28:08",1709,1446,83388,0,,3.45,66.4,16.14,68.85,,2.3
"2025-07-07 15:28:09",1712,1449,83360,40.88529,0.471742,4.1,67.6,16.13,68.9,26.5,2.5
"2025-07-07 15:28:10",1715,1452,83332,0,,6,63.9,16.14,68.85,,2.6
"2025-07-07 15:28:11",1718,1455,83305,0,,5.85,69.8,16.14,68.85,,2.7
"2025-07-07 15:28:12",1720,1457,83278,40.88534,0.471925,5.7,73.5,16.12,68.9,,2.8
"2025-07-07 15:28:13",1724,1461,83240,0,,4.1,84.6,16.09,68.9,,2.9
"2025-07-07 15:28:14",1728,1465,83200,0,,3.8,81.2,16.06,68.9,,3
"2025-07-07 15:28:15",1733,1470,83160,40.885355,0.472073,5.3,56,16.04,68.95,,3.2
"2025-07-07 15:28:16",1737,1474,83118,0,,5.85,65.1,16,69,,3.3
"2025-07-07 15:28:17",1741,1478,83078,0,,5.85,80.9,16,69.05,,3.4
"2025-07-07 15:28:18",1745,1482,83038,40.885408,0.472248,3.85,45.5,15.97,69.1,,3.5
"2025-07-07 15:28:19",1751,1488,82977,0,,5.05,80.8,15.93,69.15,,3.7
"2025-07-07 15:28:20",1758,1495,82917,0,,4.6,84.6,15.9,69.2,,3.9
"2025-07-07 15:28:21",1764,1501,82858,40.88543,0.472408,4.35,75.1,15.81,69.2,,4.2
"2025-07-07 15:28:22",1770,1507,82795,0,,5.9,68.6,15.78,69.25,,4.5
"2025-07-07 15:28:23",1777,1514,82732,0,,7.85,63.8,15.73,69.4,,4.8
"2025-07-07 15:28:24",1783,1520,82670,40.885495,0.472642,9.8,70.8,15.67,69.45,,5.1
"2025-07-07 15:28:25",1791,1528,82598,0,,11.45,74.9,15.65,69.45,,5.5
"2025-07-07 15:28:26",1798,1535,82527,0,,11.15,72.1,15.64,69.6,,5.8
"2025-07-07 15:28:27",1805,1542,82456,40.885577,0.473012,9.5,72.9,15.6,69.7,,6
"2025-07-07 15:28:28",1810,1547,82413,0,,9,86.5,15.57,69.8,,5.9
"2025-07-07 15:28:29",1814,1551,82369,0,,7.9,102.7,15.52,69.85,,6
"2025-07-07 15:28:30",1819,1556,82326,40.885577,0.473302,6.85,95.5,15.5,69.95,,6
"2025-07-07 15:28:35",1829,1566,82227,0,,5.65,66.5,15.33,70.45,,4.5
"2025-07-07 15:28:36",1831,1568,82208,40.885638,0.473678,7.75,62.7,15.31,70.6,26.5,4.2
"2025-07-07 15:28:37",1834,1571,82182,0,,7.15,57.3,15.3,70.7,,3.9
"2025-07-07 15:28:38",1836,1573,82157,0,,4.15,82.2,15.28,70.85,,3.5
"2025-07-07 15:28:39",1839,1576,82132,40.885693,0.473867,4.15,88.7,15.26,70.95,,3.2
"2025-07-07 15:28:40",1842,1579,82105,0,,3.65,61.9,15.21,71.1,,2.7
"2025-07-07 15:28:41",1844,1581,82079,0,,5.35,56.5,15.18,71.2,,2.5
"2025-07-07 15:28:42",1847,1584,82054,40.885753,0.474018,6.65,59.1,15.17,71.3,,2.3
"2025-07-07 15:28:43",1850,1587,82026,0,,7.85,63.2,15.16,71.35,,2.4
"2025-07-07 15:28:44",1852,1589,82000,0,,4.65,67.6,15.09,71.45,,2.4
"2025-07-07 15:28:45",1855,1592,81974,40.885825,0.474215,4.4,71.2,15.06,71.55,,2.4
"2025-07-07 15:28:46",1857,1594,81953,0,,5.45,81.2,15.08,71.7,,2.4
"2025-07-07 15:28:47",1860,1597,81932,0,,5.45,81.2,15.09,71.8,,2.5
"2025-07-07 15:28:48",1862,1599,81912,40.885852,0.474385,5.15,78.8,15.07,71.85,,2.5
"2025-07-07 15:28:50",1865,1602,81880,0,,3.8,78.1,15.04,71.9,,2.4
"2025-07-07 15:28:51",1867,1604,81864,40.885877,0.474537,3.7,73.8,15.01,71.95,,2.3
"2025-07-07 15:28:52",1869,1606,81845,0,,3.95,81.1,14.99,72,,2.3
"2025-07-07 15:28:53",1870,1607,81827,0,,4.25,84,14.95,72.05,,2.2
"2025-07-07 15:28:54",1872,1609,81810,40.885895,0.474683,4.85,80.3,14.95,72.15,,2.2
"2025-07-07 15:28:55",1874,1611,81791,0,,5.4,82.5,14.99,72.2,,2.1
"2025-07-07 15:28:56",1876,1613,81772,0,,3.15,76.3,14.99,72.25,,2
"2025-07-07 15:28:57",1878,1615,81754,40.885922,0.474817,2.25,26.7,14.9,72.25,,2
"2025-07-07 15:28:58",1880,1617,81735,0,,3.85,58.4,14.86,72.35,,1.9
"2025-07-07 15:28:59",1882,1619,81717,0,,5.05,76.1,14.84,72.4,,1.9
"2025-07-07 15:29:00",1884,1621,81700,40.88597,0.474938,3.85,52,14.86,72.5,,1.9
"2025-07-07 15:29:01",1887,1624,81670,0,,2.75,45.3,14.78,72.6,,1.9
"2025-07-07 15:29:02",1890,1627,81641,0,,3.25,59.2,14.74,72.6,,2.1
"2025-07-07 15:29:03",1893,1630,81612,40.886017,0.475042,4.6,64.5,14.65,72.7,26.75,2.2
"2025-07-07 15:29:05",1901,1638,81531,0,,3.1,37.7,14.58,72.9,,2.6
"2025-07-07 15:29:06",1905,1642,81492,40.886075,0.475143,3.1,60.7,14.56,73.05,,2.8
"2025-07-07 15:29:07",1910,1647,81452,0,,,,14.51,73.2,,2.9
"2025-07-07 15:29:08",1914,1651,81413,0,,,,14.55,73.25,,3.1
"2025-07-07 15:29:09",1918,1655,81374,0,,,,14.51,73.4,,3.3
"2025-07-07 15:29:10",1922,1659,81331,0,,5.15,90.2,14.46,73.45,,3.4
"2025-07-07 15:29:11",1927,1664,81285,0,,6.6,88.5,14.39,73.55,,3.6
"2025-07-07 15:29:12",1932,1669,81240,40.886107,0.4755,6.4,92.5,14.4,73.65,,3.8
"2025-07-07 15:29:13",1937,1674,81188,0,,5.4,107.2,14.37,73.8,,4.1
"2025-07-07 15:29:14",1942,1679,81138,0,,7.45,114,14.36,73.9,,4.3
"2025-07-07 15:29:15",1948,1685,81088,40.886048,0.475733,8.85,109,14.31,74,,4.5
"2025-07-07 15:29:22",1976,1713,80822,0,,5.5,103.7,14.12,74.8,,4.4
"2025-07-07 15:29:23",1980,1717,80785,0,,5.75,118.2,14.14,74.95,,4.3
"2025-07-07 15:29:24",1983,1720,80748,40.88585,0.476258,5.35,121.3,14.07,74.95,,4.2
"2025-07-07 15:29:29",2019,1756,80406,0,,10.85,103.3,13.89,75.45,,5.1
"2025-07-07 15:29:30",2027,1764,80336,40.8858,0.476837,9.35,105.4,13.87,75.5,27,5.3
"2025-07-07 15:29:31",2033,1770,80274,0,,10.5,106.6,13.8,75.55,,5.3
"2025-07-07 15:29:32",2039,1776,80217,0,,12,120.9,13.76,75.7,,5.4
"2025-07-07 15:29:33",2046,1783,80160,40.885682,0.477183,9.3,120.3,13.72,75.75,,5.4
"2025-07-07 15:29:34",2051,1788,80108,0,,7.15,103.9,13.68,75.85,,6.3
"2025-07-07 15:29:35",2056,1793,80061,0,,6.8,106.4,13.61,75.95,,6.3
"2025-07-07 15:29:36",2061,1798,80014,40.885608,0.477442,8.75,118.3,13.54,76.05,,6.4
"2025-07-07 15:29:37",2065,1802,79977,0,,11.35,109.5,13.48,76.2,,6.3
"2025-07-07 15:29:38",2070,1807,79930,0,,11.55,98.4,13.4,76.35,,6.2
"2025-07-07 15:29:39",2075,1812,79884,40.885532,0.477813,10.7,99.6,13.38,76.55,,6.2
"2025-07-07 15:29:43",2096,1833,79683,0,,10.7,97.8,13.24,77.15,,5.3
"2025-07-07 15:29:44",2101,1838,79633,0,,10.55,99.4,13.24,77.3,,5.3
"2025-07-07 15:29:45",2107,1844,79584,40.88542,0.478563,10.55,105.5,13.17,77.4,,5.2
"2025-07-07 15:29:52",2134,1871,79325,0,,9.85,107.9,13.02,78.45,,4.6
"2025-07-07 15:29:53",2138,1875,79288,0,,11.6,100.9,13,78.5,,4.5
"2025-07-07 15:29:54",2142,1879,79252,40.885268,0.479725,11.6,101.3,12.98,78.6,,4.5
"2025-07-07 15:29:55",2145,1882,79220,0,,11.8,89.4,12.92,78.7,,4.1
"2025-07-07 15:29:56",2149,1886,79189,0,,11.95,99.9,12.89,78.85,,3.9
"2025-07-07 15:29:57",2152,1889,79158,40.885247,0.48015,11.6,95.4,12.87,78.85,27.5,3.8
"2025-07-07 15:29:58",2155,1892,79127,0,,11.4,86.8,12.85,79,,3.7
"2025-07-07 15:29:59",2159,1896,79096,0,,10.8,94.1,12.78,79.05,,3.7
"2025-07-07 15:30:00",2162,1899,79066,40.885237,0.480547,12.05,102.5,12.68,79.15,,3.7
"2025-07-07 15:30:01",2165,1902,79037,0,,12.8,96.5,12.67,79.3,,3.6
"2025-07-07 15:30:02",2168,1905,79006,0,,12.3,89.3,12.64,79.4,,3.6
"2025-07-07 15:30:03",2171,1908,78976,40.885212,0.480982,11.1,96.9,12.66,79.55,,3.6
"2025-07-07 15:30:05",2178,1915,78914,0,,11.8,91.1,12.67,79.9,,3.4
"2025-07-07 15:30:06",2181,1918,78884,40.885193,0.481397,12.15,92.2,12.73,80,,3.3
"2025-07-07 15:30:07",2184,1921,78858,0,,11.9,93.7,12.67,80,,3.2
"2025-07-07 15:30:08",2187,1924,78833,0,,10.85,85.9,12.66,80,,3.2
"2025-07-07 15:30:09",2189,1926,78808,40.885202,0.481808,11.6,83.3,12.6,80.05,,3.1
"2025-07-07 15:30:10",2192,1929,78783,0,,11.85,85.6,12.67,80.2,,3.1
"2025-07-07 15:30:11",2195,1932,78758,0,,10.45,83.9,12.64,80.2,,3
"2025-07-07 15:30:12",2197,1934,78734,40.885235,0.482202,10.45,84,12.57,80.25,,3
"2025-07-07 15:30:13",2200,1937,78713,0,,10.85,96.5,12.55,80.3,,2.9
"2025-07-07 15:30:14",2202,1939,78692,0,,9.9,93.5,12.54,80.35,,2.8
"2025-07-07 15:30:15",2204,1941,78672,40.88523,0.482573,10.75,82.2,12.49,80.45,,2.7
"2025-07-07 15:30:17",2210,1947,78618,0,,10.25,83.4,12.47,80.55,,2.6
"2025-07-07 15:30:18",2213,1950,78592,40.885273,0.482948,9.7,78.3,12.4,80.65,,2.6
"2025-07-07 15:30:20",2217,1954,78553,0,,11.85,82.5,12.24,80.85,,2.5
"2025-07-07 15:30:21",2219,1956,78534,40.885325,0.483328,11.1,78.4,12.15,81,,2.5
"2025-07-07 15:30:23",2222,1959,78501,0,,10.8,83.4,12.1,81.35,,2.3
"2025-07-07 15:30:24",2224,1961,78486,40.885377,0.483707,12.75,83.5,12.21,81.6,28,2.3
"2025-07-07 15:30:26",2226,1963,78469,0,,9,66.5,12.35,81.9,,2
"2025-07-07 15:30:27",2227,1964,78462,40.885457,0.484067,10.4,70.8,12.26,81.9,,1.9
"2025-07-07 15:30:29",2227,1964,78462,0,,10.35,66.3,12.37,81.95,,1.6
"2025-07-07 15:30:30",2227,1964,78462,40.885553,0.48442,10.1,74.7,12.48,82,,1.3
"2025-07-07 15:30:49",2220,1957,78519,0,,12.3,69.5,14.9,73.95,,-0.3
"2025-07-07 15:30:50",2220,1957,78522,0,,12.25,69.3,14.99,73.4,,-0.3
"2025-07-07 15:30:51",2220,1957,78526,40.886398,0.487228,12.75,63.9,15.1,72.85,28.75,-0.3
"2025-07-07 15:30:52",2219,1956,78536,0,,12.55,66.4,15.17,72.35,,-0.4
"2025-07-07 15:30:53",2217,1954,78547,0,,12.4,70.2,15.25,71.85,,-0.4
"2025-07-07 15:30:54",2216,1953,78558,40.886535,0.48765,13.45,67.3,15.48,71.4,,-0.4
"2025-07-07 15:31:07",2201,1938,78696,0,,12.35,64.3,16.03,67.3,,-1.1
"2025-07-07 15:31:08",2200,1937,78707,0,,12.55,71.8,16.07,67.05,,-1.1
"2025-07-07 15:31:09",2199,1936,78718,40.887205,0.48977,13.15,67.8,16.21,66.8,,-1.1
"2025-07-07 15:31:10",2198,1935,78728,0,,11.65,64.9,16.22,66.5,,-1.1
"2025-07-07 15:31:11",2197,1934,78739,0,,12.35,65.7,16.21,66.2,,-1.1
"2025-07-07 15:31:12",2196,1933,78750,40.88734,0.490182,12.35,68.2,16.33,65.95,,-1.1
"2025-07-07 15:31:13",2194,1931,78762,0,,12.55,69,16.32,65.75,,-1.2
"2025-07-07 15:31:14",2193,1930,78775,0,,11.85,68.1,16.31,65.55,,-1.2
"2025-07-07 15:31:15",2192,1929,78788,40.887468,0.490603,12.15,67.1,16.4,65.4,,-1.2
"2025-07-07 15:31:16",2191,1928,78793,0,,13.15,70.5,16.38,65.2,,-1.1
"2025-07-07 15:31:17",2190,1927,78798,0,,12.3,70.6,16.37,65.05,,-1.1
"2025-07-07 15:31:18",2190,1927,78804,40.88759,0.491037,13.4,67.6,16.35,64.85,30,-1.1
"2025-07-07 15:31:20",2188,1925,78820,0,,11.8,71,16.56,64.55,,-1
"2025-07-07 15:31:21",2187,1924,78828,40.88771,0.49146,13.05,71.8,16.63,64.35,,-1
"2025-07-07 15:31:22",2186,1923,78838,0,,12.7,70.1,16.79,64.2,,-1
"2025-07-07 15:31:23",2185,1922,78848,0,,12.5,69.6,16.8,63.95,,-1
"2025-07-07 15:31:24",2184,1921,78858,40.88783,0.491895,12,71.5,16.74,63.65,,-1
"2025-07-07 15:31:37",2174,1911,78955,0,,12.5,70.3,16.86,62.1,,-0.8
"2025-07-07 15:31:38",2173,1910,78962,0,,13.1,67,16.83,62.1,,-0.8
"2025-07-07 15:31:39",2172,1909,78970,40.888433,0.49408,13,72.1,16.8,62.05,,-0.8
"2025-07-07 15:31:40",2172,1909,78974,0,,12.55,74.9,16.82,62.05,,-0.8
"2025-07-07 15:31:41",2171,1908,78979,0,,13.2,68.2,16.79,62.05,,-0.8
"2025-07-07 15:31:42",2171,1908,78984,40.888547,0.494517,13.2,69.3,16.88,62.05,,-0.7
"2025-07-07 15:31:43",2170,1907,78986,0,,12.55,74.9,16.99,62.1,,-0.7
"2025-07-07 15:31:44",2170,1907,78989,0,,13.15,70.5,17,61.95,,-0.7
"2025-07-07 15:31:45",2170,1907,78992,40.88866,0.494957,13.3,67.7,17.03,61.85,31.25,-0.7
"2025-07-07 15:31:52",2168,1905,79007,0,,12.9,71,16.92,61.4,,-0.3
"2025-07-07 15:31:53",2168,1905,79009,0,,12.2,69.6,16.97,61.4,,-0.3
"2025-07-07 15:31:54",2168,1905,79012,40.889017,0.49625,13.55,67.9,16.96,61.35,,-0.3
"2025-07-07 15:32:07",2170,1907,78992,0,,13.75,66.7,17.38,60.25,,0.2
"2025-07-07 15:32:08",2170,1907,78991,0,,12.65,70.1,17.38,60.1,,0.2
"2025-07-07 15:32:09",2170,1907,78990,40.889618,0.49844,12.65,72.1,17.38,60,,0.2
"2025-07-07 15:32:10",2170,1907,78986,0,,13.9,68.7,17.31,59.85,,0.2
"2025-07-07 15:32:11",2171,1908,78983,0,,13,68.9,17.28,59.75,,0.2
"2025-07-07 15:32:12",2171,1908,78980,40.889743,0.49888,12.3,71.3,17.29,59.7,32.25,0.2
"2025-07-07 15:32:13",2172,1909,78972,0,,13.8,69.3,17.23,59.65,,0.2
"2025-07-07 15:32:14",2173,1910,78965,0,,13.9,68.2,17.2,59.6,,0.2
"2025-07-07 15:32:15",2173,1910,78958,40.889867,0.499325,12.35,72,17.2,59.65,,0.3
"2025-07-07 15:32:16",2174,1911,78953,0,,13.2,70.6,17.15,59.65,,0.3
"2025-07-07 15:32:17",2174,1911,78948,0,,13.25,68.7,17.11,59.7,,0.3
"2025-07-07 15:32:18",2175,1912,78944,40.88999,0.499777,13.2,71.8,17.12,59.7,,0.3
"2025-07-07 15:32:20",2177,1914,78921,0,,12.95,66.8,17.12,59.75,,0.6
"2025-07-07 15:32:21",2179,1916,78910,40.890115,0.500225,13.1,71.9,17.15,59.7,,0.7
"2025-07-07 15:32:22",2179,1916,78906,0,,13.1,75.3,17.18,59.7,,0.7
"2025-07-07 15:32:23",2179,1916,78902,0,,13.05,68.3,17.21,59.65,,0.7
"2025-07-07 15:32:24",2180,1917,78898,40.890232,0.500678,13.8,68.3,17.36,59.65,,0.7
"2025-07-07 15:32:25",2181,1918,78888,0,,12.85,74,17.36,59.55,,0.8
"2025-07-07 15:32:26",2182,1919,78879,0,,13.25,71.1,17.43,59.45,,0.8
"2025-07-07 15:32:27",2183,1920,78870,40.89035,0.501128,13.3,67.9,17.52,59.35,,0.8
"2025-07-07 15:32:28",2184,1921,78858,0,,13.05,71,17.44,59.2,,0.8
"2025-07-07 15:32:29",2185,1922,78847,0,,13.4,72.5,17.35,59.05,,0.9
"2025-07-07 15:32:30",2186,1923,78836,40.890472,0.501583,13.25,70.1,17.27,58.95,,1
"2025-07-07 15:32:31",2187,1924,78828,0,,13.05,68.4,17.22,58.9,,1
"2025-07-07 15:32:32",2188,1925,78820,0,,13.45,69.7,17.17,58.9,,0.9
"2025-07-07 15:32:33",2189,1926,78812,40.8906,0.502037,13.35,71.2,17.15,58.9,,0.9
"2025-07-07 15:32:34",2190,1927,78802,0,,13.05,72.1,17.18,58.9,,0.9
"2025-07-07 15:32:35",2191,1928,78793,0,,13.45,70.2,17.18,58.9,,1
"2025-07-07 15:32:36",2192,1929,78784,40.890722,0.502497,14.75,70.1,17.15,58.85,,1
"2025-07-07 15:32:37",2194,1931,78769,0,,14.1,72.1,17.17,58.75,,1.1
"2025-07-07 15:32:38",2195,1932,78754,0,,14.2,71.9,17.18,58.55,,1.1
"2025-07-07 15:32:39",2197,1934,78740,40.890843,0.502973,14.45,69.3,17.16,58.4,33.25,1.2
"2025-07-07 15:32:40",2198,1935,78729,0,,13.7,69.1,17.21,58.2,,1.2
"2025-07-07 15:32:41",2199,1936,78717,0,,13.75,72.3,17.22,58.05,,1.2
"2025-07-07 15:32:42",2200,1937,78706,40.890968,0.503445,13.8,71.5,17.2,57.85,,1.2
"2025-07-07 15:32:43",2202,1939,78690,0,,13.75,71.8,17.21,57.7,,1.2
"2025-07-07 15:32:44",2204,1941,78675,0,,13.35,71.9,17.26,57.6,,1.3
"2025-07-07 15:32:45",2205,1942,78660,40.89109,0.503917,13.5,68.8,17.23,57.45,,1.4
"2025-07-07 15:32:47",2209,1946,78627,0,,13.55,73.4,17.2,57.25,,1.5
"2025-07-07 15:32:48",2210,1947,78612,40.891215,0.5044,13.55,68.3,17.21,57.15,,1.5
"2025-07-07 15:32:50",2213,1950,78591,0,,13.7,73.3,17.2,56.95,,1.5
"2025-07-07 15:32:51",2214,1951,78582,40.891347,0.504882,13.75,71.5,17.23,56.85,,1.4
"2025-07-07 15:32:53",2217,1954,78551,0,,13.8,69.7,17.35,56.65,,1.5
"2025-07-07 15:32:54",2219,1956,78536,40.89148,0.505365,13.9,73.3,17.31,56.5,,1.5
"2025-07-07 15:32:56",2224,1961,78489,0,,14.15,68.7,17.51,56.2,,1.7
"2025-07-07 15:32:57",2226,1963,78466,40.891608,0.505857,13.75,68.3,17.46,55.95,,1.7
"2025-07-07 15:32:59",2230,1967,78428,0,,14.1,68.6,17.46,55.65,,1.8
"2025-07-07 15:33:00",2232,1969,78410,40.891742,0.506353,14.2,68.4,17.43,55.55,,1.8
"2025-07-07 15:33:02",2238,1975,78363,0,,15.35,72.7,17.39,55.35,,2.1
"2025-07-07 15:33:03",2240,1977,78340,40.891867,0.506863,14.85,69.9,17.38,55.25,,2.2
"2025-07-07 15:33:06",2246,1983,78286,40.89199,0.507375,15.2,74.4,17.39,54.85,33.5,2.3
"2025-07-07 15:33:07",2248,1985,78265,0,,15.2,68.4,17.39,54.75,,2.3
"2025-07-07 15:33:08",2251,1988,78243,0,,15.1,72.1,17.32,54.65,,2.3
"2025-07-07 15:33:09",2253,1990,78222,40.892112,0.50787,15.2,74.9,17.25,54.6,,2.3
"2025-07-07 15:33:10",2256,1993,78197,0,,15.2,70,17.29,54.6,,2.3
"2025-07-07 15:33:11",2259,1996,78172,0,,15.15,71.9,17.35,54.55,,2.3
"2025-07-07 15:33:12",2261,1998,78148,40.892233,0.508373,15.1,75.8,17.39,54.55,,2.4
"2025-07-07 15:33:19",2277,2014,78004,0,,14.85,74.1,17.06,54.55,,2.4
"2025-07-07 15:33:20",2279,2016,77984,0,,15.3,70.3,17.01,54.6,,2.4
"2025-07-07 15:33:21",2281,2018,77964,40.892585,0.509932,15.4,74.9,16.97,54.65,,2.4
"2025-07-07 15:33:22",2284,2021,77937,0,,15.3,76,17.06,54.7,,2.4
"2025-07-07 15:33:23",2287,2024,77912,0,,15.25,73.2,17.05,54.7,,2.4
"2025-07-07 15:33:24",2290,2027,77888,40.8927,0.510465,15.4,73.9,17.08,54.75,,2.4
"2025-07-07 15:33:25",2293,2030,77861,0,,15.45,76.7,17.11,54.75,,2.4
"2025-07-07 15:33:26",2295,2032,77836,0,,15.4,72.6,17,54.7,,2.4
"2025-07-07 15:33:27",2298,2035,77812,40.892815,0.511003,15.45,73.1,16.95,54.7,,2.4
"2025-07-07 15:33:28",2301,2038,77790,0,,14.95,78.5,16.94,54.75,,2.5
"2025-07-07 15:33:29",2304,2041,77763,0,,15.25,75.2,16.91,54.75,,2.5
"2025-07-07 15:33:30",2307,2044,77736,40.89292,0.51154,15.25,73.1,16.83,54.8,,2.5
"2025-07-07 15:33:31",2309,2046,77714,0,,15.3,78.5,16.84,54.85,,2.5
"2025-07-07 15:33:32",2311,2048,77693,0,,15.15,76.6,16.84,54.9,,2.6
"2025-07-07 15:33:33",2314,2051,77672,40.893023,0.512078,15.25,72.7,16.83,54.95,33.75,2.7
"2025-07-07 15:33:34",2317,2054,77641,0,,15.35,77.4,16.91,54.95,,2.7
"2025-07-07 15:33:35",2320,2057,77610,0,,15.1,79.8,16.87,55,,2.8
"2025-07-07 15:33:36",2324,2061,77580,40.893118,0.512615,15.25,74.1,16.8,55,,2.8
"2025-07-07 15:33:37",2327,2064,77554,0,,15.25,73.8,16.76,55.05,,2.9
"2025-07-07 15:33:38",2329,2066,77529,0,,15.25,79,16.72,55.1,,2.9
"2025-07-07 15:33:39",2332,2069,77504,40.893222,0.513155,15.3,76.2,16.73,55.15,,2.9
"2025-07-07 15:33:40",2335,2072,77477,0,,15.35,76.2,16.82,55.2,,2.9
"2025-07-07 15:33:41",2338,2075,77451,0,,15.4,76,16.74,55.2,,2.9
"2025-07-07 15:33:42",2341,2078,77426,40.893332,0.513695,15.35,78.7,16.74,55.2,,2.8
"2025-07-07 15:33:43",2344,2081,77398,0,,17.05,73.9,16.69,55.2,,2.9
"2025-07-07 15:33:44",2347,2084,77371,0,,16.25,75.1,16.63,55.2,,3
"2025-07-07 15:33:45",2350,2087,77344,40.893437,0.514245,16.35,78.7,16.63,55.25,,3
"2025-07-07 15:33:46",2353,2090,77318,0,,16.3,76.6,16.65,55.3,,3
"2025-07-07 15:33:47",2356,2093,77293,0,,16.55,74.1,16.72,55.35,,2.9
"2025-07-07 15:33:48",2358,2095,77268,40.893538,0.514802,16.5,78.6,16.63,55.35,,2.9
"2025-07-07 15:33:50",2364,2101,77217,0,,16.55,74.1,16.48,55.35,,2.9
"2025-07-07 15:33:51",2367,2104,77192,40.893633,0.515353,16.05,78.1,16.36,55.4,,2.9
"2025-07-07 15:33:52",2370,2107,77161,0,,15.95,78.4,16.32,55.55,,2.9
"2025-07-07 15:33:53",2373,2110,77131,0,,15.85,76.6,16.26,55.65,,2.9
"2025-07-07 15:33:54",2377,2114,77102,40.893722,0.515895,15.9,79.2,16.19,55.85,,3
"2025-07-07 15:33:55",2380,2117,77074,0,,16.1,80.1,16.11,56.05,,3
"2025-07-07 15:33:56",2383,2120,77047,0,,15.9,80,16.08,56.25,,3
"2025-07-07 15:33:57",2386,2123,77020,40.893797,0.516455,15.9,78.3,16.07,56.45,,3
"2025-07-07 15:33:58",2389,2126,76994,0,,15.9,79.6,16.02,56.7,,3
"2025-07-07 15:33:59",2391,2128,76969,0,,16.15,81,16.12,56.85,,3
"2025-07-07 15:34:00",2394,2131,76944,40.89387,0.51701,14.75,80.9,16.06,56.95,34,3
"2025-07-07 15:34:01",2397,2134,76915,0,,,,15.98,56.95,,3
"2025-07-07 15:34:02",2400,2137,76887,0,,,,15.91,57.05,,3
"2025-07-07 15:34:03",2404,2141,76860,0,,,,15.9,57.15,,3.1
"2025-07-07 15:34:05",2409,2146,76812,0,,15.8,77.1,15.81,57.4,,3
"2025-07-07 15:34:06",2412,2149,76788,40.894023,0.51813,15.95,81.8,15.93,57.55,,2.9
"2025-07-07 15:34:10",2424,2161,76677,0,,16.35,78.9,15.72,57.8,,2.9
"2025-07-07 15:34:11",2427,2164,76649,0,,16.45,79.8,15.64,57.85,,3
"2025-07-07 15:34:12",2430,2167,76622,40.894175,0.519245,16.55,79.6,15.58,57.95,,3
"2025-07-07 15:34:13",2433,2170,76595,0,,16.5,79,15.64,58.1,,3
"2025-07-07 15:34:14",2436,2173,76568,0,,16.35,79.2,15.59,58.2,,3
"2025-07-07 15:34:15",2439,2176,76542,40.894252,0.519795,16.95,81.7,15.5,58.3,,3
"2025-07-07 15:34:16",2442,2179,76517,0,,16.65,76.2,15.59,58.45,,2.9
"2025-07-07 15:34:17",2444,2181,76493,0,,15.55,79.2,15.5,58.5,,2.9
"2025-07-07 15:34:18",2447,2184,76470,40.894333,0.520355,16.15,83.2,15.49,58.55,,2.9
"2025-07-07 15:34:19",2450,2187,76441,0,,16.1,81.6,15.5,58.6,,3
"2025-07-07 15:34:20",2453,2190,76412,0,,16,76.3,15.49,58.65,,3
"2025-07-07 15:34:21",2457,2194,76384,40.89441,0.52094,15.9,80.9,15.48,58.65,,3
"2025-07-07 15:34:22",2459,2196,76365,0,,16,85.6,15.48,58.7,,2.9
"2025-07-07 15:34:23",2461,2198,76345,0,,15.95,81.2,15.37,58.75,,2.8
"2025-07-07 15:34:24",2463,2200,76326,40.894473,0.521517,15.95,76.8,15.39,58.8,,2.8
"2025-07-07 15:34:25",2466,2203,76296,0,,16,83.2,15.35,58.8,,2.8
"2025-07-07 15:34:26",2470,2207,76267,0,,16.05,84.9,15.35,58.85,,2.8
"2025-07-07 15:34:27",2473,2210,76238,40.894535,0.52211,16.1,78.3,15.48,58.9,34,2.8
"2025-07-07 15:34:28",2476,2213,76206,0,,16.4,78.7,15.48,58.95,,2.9
"2025-07-07 15:34:29",2480,2217,76175,0,,16.2,86.1,15.43,58.95,,3
"2025-07-07 15:34:30",2483,2220,76144,40.894595,0.522692,17.4,84.6,15.44,58.95,,3
"2025-07-07 15:34:31",2486,2223,76120,0,,17.7,80.5,15.48,58.9,,3
"2025-07-07 15:34:32",2489,2226,76096,0,,17,85.6,15.49,58.85,,3
"2025-07-07 15:34:33",2491,2228,76072,40.894643,0.523303,16.85,86.3,15.49,58.85,,2.9
"2025-07-07 15:36:39",2874,2611,72714,40.89411,0.55181,19.9,97.9,12.14,61.3,,3
"2025-07-07 15:36:40",2877,2614,72687,0,,19.6,95.8,12.11,61.35,,3
"2025-07-07 15:36:41",2880,2617,72661,0,,19.9,92.5,12.1,61.45,,3
"2025-07-07 15:36:42",2883,2620,72636,40.894065,0.55251,20,95.5,12.06,61.5,33,3
"2025-07-07 15:37:48",3104,2841,70746,40.892703,0.568362,21.8,99.1,10.12,66.05,,3.3
"2025-07-07 15:37:51",3114,2851,70662,40.892642,0.569097,20.7,99.9,10.04,66.3,,3.4
"2025-07-07 15:37:56",3130,2867,70526,0,,21.7,96.5,10.05,66.35,,3.3
"2025-07-07 15:37:57",3133,2870,70500,40.892487,0.570583,21.4,97.1,10,66.45,,3.3
"2025-07-07 15:37:59",3140,2877,70445,0,,21.65,98.3,9.96,66.45,,3.3
"2025-07-07 15:38:00",3143,2880,70418,40.892402,0.571332,21.5,95.2,9.85,66.15,,3.3
"2025-07-07 15:38:01",3146,2883,70392,0,,,,9.83,65.7,,3.3
"2025-07-07 15:38:02",3149,2886,70368,0,,,,9.83,65.25,,3.2
"2025-07-07 15:38:03",3152,2889,70344,0,,,,9.83,64.95,31.5,3.1
"2025-07-07 15:38:06",3160,2897,70274,40.89223,0.572823,20.7,97.7,9.82,63.9,,3.1
"2025-07-07 15:38:07",3164,2901,70240,0,,20.95,97.6,9.74,63.6,,3.1
"2025-07-07 15:38:08",3168,2905,70207,0,,20.9,100.3,9.66,63.3,,3.2
"2025-07-07 15:38:09",3172,2909,70174,40.892143,0.573567,20.3,99.7,9.6,63,,3.2
"2025-07-07 15:38:10",3175,2912,70151,0,,20.5,98.3,9.55,62.4,,3.2
"2025-07-07 15:38:11",3177,2914,70129,0,,22.25,99.3,9.7,60.85,,3.1
"2025-07-07 15:38:12",3180,2917,70108,40.892053,0.574318,21.35,99.8,9.77,59,,3.1
"2025-07-07 15:38:13",3184,2921,70076,0,,21.4,99.8,9.69,57.2,,3.1
"2025-07-07 15:38:14",3188,2925,70045,0,,21.65,100.9,9.59,55.55,,3.2
"2025-07-07 15:38:15",3191,2928,70014,40.891955,0.57506,21.8,99.6,9.61,54.15,,3.3
"2025-07-07 15:38:16",3194,2931,69989,0,,20.4,97.9,9.63,52.9,,3.2
"2025-07-07 15:38:17",3197,2934,69963,0,,20.75,101.6,9.63,51.75,,3.2
"2025-07-07 15:38:18",3200,2937,69938,40.89186,0.575795,21.7,99.8,9.69,50.75,,3.2
"2025-07-07 15:38:19",3204,2941,69910,0,,21,96.5,9.66,49.8,,3.3
"2025-07-07 15:38:20",3207,2944,69884,0,,20.9,100.8,9.62,48.9,,3.3
"2025-07-07 15:38:21",3210,2947,69858,40.891767,0.576537,21,102.6,9.62,48.1,,3.2
"2025-07-07 15:38:22",3213,2950,69834,0,,20.85,98,9.68,47.45,,3.1
"2025-07-07 15:38:23",3215,2952,69811,0,,21.35,98.4,9.77,46.85,,3.1
"2025-07-07 15:38:24",3218,2955,69788,40.891673,0.577278,21,101.5,9.67,46.4,,3.1
"2025-07-07 15:38:25",3221,2958,69763,0,,21,100.3,9.63,46,,3.2
"2025-07-07 15:38:26",3224,2961,69738,0,,21.05,99.8,9.55,45.5,,3.1
"2025-07-07 15:38:27",3227,2964,69714,40.891572,0.57801,21.1,101,9.47,45.05,,3
"2025-07-07 15:38:28",3231,2968,69683,0,,20.25,100.1,9.41,44.8,,3
"2025-07-07 15:38:29",3234,2971,69653,0,,20.35,99,9.33,44.65,,3.1
"2025-07-07 15:38:30",3238,2975,69624,40.891475,0.578743,20.5,99.8,9.24,44.55,31,3.1
"2025-07-07 15:38:31",3241,2978,69600,0,,20.4,100.5,9.19,44.5,,3.1
"2025-07-07 15:38:32",3244,2981,69575,0,,20.25,100.6,9.23,44.35,,3.1
"2025-07-07 15:38:33",3247,2984,69550,40.891375,0.579473,20.3,101.3,9.28,44.05,,3.1
"2025-07-07 15:38:34",3249,2986,69527,0,,20.4,99.5,9.21,43.6,,3
"2025-07-07 15:38:35",3252,2989,69505,0,,20.35,99.1,9.22,42.7,,3
"2025-07-07 15:38:36",3255,2992,69484,40.891275,0.580198,20.45,103.9,9.22,41.55,,3
"2025-07-07 15:38:37",3257,2994,69460,0,,20.45,102.4,9.21,40.55,,3
"2025-07-07 15:38:38",3260,2997,69437,0,,20.3,98.3,9.26,39.7,,3
"2025-07-07 15:38:39",3263,3000,69414,40.891168,0.580918,20.4,101.5,9.21,38.95,,3
"2025-07-07 15:38:40",3265,3002,69395,0,,20.45,104.6,9.17,38,,2.9
"2025-07-07 15:38:41",3268,3005,69375,0,,20.4,101.8,9.18,36.8,,2.9
"2025-07-07 15:38:42",3270,3007,69356,40.891048,0.581637,20.25,101.1,9.22,35.6,,2.8
"2025-07-07 15:38:43",3273,3010,69328,0,,20.4,103.9,9.44,34.5,,2.7
"2025-07-07 15:38:44",3277,3014,69301,0,,20.4,103,9.51,33.45,,2.7
"2025-07-07 15:38:45",3280,3017,69274,40.890928,0.58235,20.35,102,9.48,32.3,,2.8
"2025-07-07 15:38:46",3283,3020,69250,0,,20.35,104,9.43,31,,2.8
"2025-07-07 15:38:47",3285,3022,69228,0,,20.4,104.4,9.52,29.75,,2.8
"2025-07-07 15:38:48",3288,3025,69206,40.890798,0.583057,19.2,102.3,9.52,28.6,,2.8
"2025-07-07 15:38:55",3305,3042,69069,0,,19,102.8,9.51,23.35,,2.6
"2025-07-07 15:38:56",3307,3044,69049,0,,20.15,105,9.46,22.9,,2.5
"2025-07-07 15:38:57",3309,3046,69030,40.890383,0.58517,21.7,106.1,9.51,22.45,30.5,2.4
"2025-07-07 15:38:58",3312,3049,69010,0,,20.1,106.3,9.53,22.05,,2.4
"2025-07-07 15:38:59",3314,3051,68991,0,,19.35,105.2,9.48,21.7,,2.4
"2025-07-07 15:39:00",3316,3053,68972,40.890235,0.585865,21.2,103.4,9.55,21.4,,2.4
"2025-07-07 15:39:01",3319,3056,68950,0,,20.7,105.9,9.49,21.05,,2.4
"2025-07-07 15:39:02",3321,3058,68929,0,,19.6,108.4,9.46,20.75,,2.4
"2025-07-07 15:39:03",3324,3061,68908,40.890078,0.586562,20,104.6,9.53,20.5,,2.4
"2025-07-07 15:39:05",3330,3067,68860,0,,20.2,106.2,9.53,20.05,,2.5
"2025-07-07 15:39:06",3333,3070,68836,40.889932,0.58726,20.35,107.5,9.52,19.85,,2.5
"2025-07-07 15:39:07",3335,3072,68817,0,,21.35,105.6,9.66,19.7,,2.5
"2025-07-07 15:39:08",3337,3074,68798,0,,20.9,104.4,9.66,19.55,,2.5
"2025-07-07 15:39:09",3339,3076,68780,40.889783,0.58796,20.95,106.1,9.62,19.4,,2.5
"2025-07-07 15:39:10",3342,3079,68761,0,,21.4,107.4,9.7,19.35,,2.5
"2025-07-07 15:39:11",3344,3081,68743,0,,19.65,104.9,9.68,19.2,,2.5
"2025-07-07 15:39:12",3346,3083,68726,40.889632,0.588655,19.6,105.8,9.6,19.05,,2.5
"2025-07-07 15:39:13",3348,3085,68708,0,,21.65,107.4,9.59,18.9,,2.5
"2025-07-07 15:39:14",3350,3087,68690,0,,20.2,106.6,9.69,18.8,,2.4
"2025-07-07 15:39:15",3353,3090,68672,40.889472,0.589353,19.55,107.4,9.6,18.65,,2.4
"2025-07-07 15:39:16",3355,3092,68651,0,,20.35,105.4,9.51,18.5,,2.4
"2025-07-07 15:39:17",3357,3094,68631,0,,21.15,105.6,9.41,18.45,,2.3
"2025-07-07 15:39:18",3360,3097,68612,40.889317,0.59005,19.7,108.3,9.36,18.35,,2.2
"2025-07-07 15:39:19",3362,3099,68592,0,,19.75,106.9,9.3,18.3,,2.3
"2025-07-07 15:39:20",3364,3101,68573,0,,21.25,103.9,9.21,18.2,,2.3
"2025-07-07 15:39:21",3367,3104,68554,40.889162,0.590747,20.7,107.8,9.12,18.15,,2.3
"2025-07-07 15:39:22",3369,3106,68537,0,,19.7,109.3,9.1,18.2,,2.2
"2025-07-07 15:39:23",3371,3108,68521,0,,20.45,104.3,9.1,18.15,,2.2
"2025-07-07 15:39:24",3373,3110,68506,40.889002,0.591437,20.5,105,9.07,18.1,30.25,2.2
"2025-07-07 15:39:25",3375,3112,68489,0,,20.5,105,9,18.1,,2.2
"2025-07-07 15:39:26",3377,3114,68472,0,,20.2,107.5,9,18.05,,2.2
"2025-07-07 15:39:27",3379,3116,68456,40.88884,0.592122,20.3,103.3,9.04,18.05,,2.2
"2025-07-07 15:39:28",3381,3118,68434,0,,20.35,106.9,9.03,18.05,,2.2
"2025-07-07 15:39:29",3384,3121,68412,0,,19.5,110.4,8.99,18.05,,2.2
"2025-07-07 15:39:30",3387,3124,68390,40.888677,0.592808,20.85,106.9,8.94,18.05,,2.3
"2025-07-07 15:39:31",3388,3125,68378,0,,20.35,104.7,9.05,18,,2.2
"2025-07-07 15:39:32",3389,3126,68367,0,,19.2,108.3,9.03,18,,2.1
"2025-07-07 15:39:33",3391,3128,68356,40.888518,0.593497,20.7,109.4,9.04,18,,2
"2025-07-07 15:39:34",3393,3130,68334,0,,20.25,106.9,9.03,18,,2.1
"2025-07-07 15:39:35",3396,3133,68314,0,,19.15,106.1,9.03,18,,2.1
"2025-07-07 15:39:36",3398,3135,68294,40.888355,0.594182,19.5,107.9,9,17.95,,2.1
"2025-07-07 15:39:37",3401,3138,68274,0,,19.65,108,9.03,17.9,,2.2
"2025-07-07 15:39:38",3403,3140,68255,0,,19.65,108.3,9.04,17.85,,2.2
"2025-07-07 15:39:39",3405,3142,68236,40.88818,0.594872,19.55,107.9,9,17.8,,2.2
"2025-07-07 15:39:40",3407,3144,68219,0,,19.65,106.3,9.02,17.8,,2.2
"2025-07-07 15:39:41",3410,3147,68201,0,,19.8,107.4,9.03,17.8,,2.1
"2025-07-07 15:39:42",3412,3149,68184,40.888017,0.595558,19.7,109.8,8.98,17.75,,2.1
"2025-07-07 15:39:43",3414,3151,68169,0,,19.75,107.9,9.03,17.75,,2.1
"2025-07-07 15:39:44",3415,3152,68154,0,,19.85,106.5,9,17.75,,2.2
"2025-07-07 15:39:45",3417,3154,68140,40.88785,0.596253,19.85,108.6,8.96,17.7,,2.2
"2025-07-07 15:39:46",3419,3156,68126,0,,19.9,108.1,8.89,17.65,,2.1
"2025-07-07 15:39:47",3420,3157,68112,0,,20,107.1,8.96,17.65,,2.1
"2025-07-07 15:39:48",3422,3159,68098,40.887683,0.596943,20,107.3,9.01,17.65,,2
"2025-07-07 15:39:50",3427,3164,68061,0,,20.75,109,9,17.65,,2
"2025-07-07 15:39:51",3429,3166,68044,40.88751,0.597623,21.15,107.9,8.95,17.6,29.75,2
"2025-07-07 15:39:52",3431,3168,68029,0,,19.3,106.3,8.89,17.55,,1.9
"2025-07-07 15:39:53",3433,3170,68013,0,,19.4,108.4,8.86,17.55,,1.9
"2025-07-07 15:39:54",3434,3171,67998,40.887342,0.598298,19.85,111.3,8.83,17.55,,1.9
"2025-07-07 15:39:55",3436,3173,67982,0,,19.6,106.1,8.95,17.55,,1.9
"2025-07-07 15:39:56",3438,3175,67967,0,,19.4,106,8.88,17.55,,1.9
"2025-07-07 15:39:57",3440,3177,67952,40.887175,0.598972,19.3,111.7,8.81,17.5,,1.9
"2025-07-07 15:39:58",3442,3179,67937,0,,20.65,110.2,8.87,17.5,,1.9
"2025-07-07 15:39:59",3444,3181,67922,0,,20.05,104.8,8.84,17.5,,1.9
"2025-07-07 15:40:00",3445,3182,67908,40.887002,0.599653,20.1,108,8.75,17.5,,1.9
"2025-07-07 15:40:01",3447,3184,67891,0,,20.2,111.4,8.72,17.45,,1.9
"2025-07-07 15:40:02",3449,3186,67874,0,,20.1,106.7,8.79,17.45,,1.9
"2025-07-07 15:40:03",3452,3189,67858,40.88683,0.600323,19.65,106.1,8.72,17.4,,1.9
"2025-07-07 15:40:05",3456,3193,67820,0,,20.65,110.6,8.81,17.4,,2
"2025-07-07 15:40:06",3458,3195,67802,40.886645,0.601003,19.45,106.5,8.75,17.35,,2
"2025-07-07 15:40:17",3474,3211,67671,0,,20.8,110.9,8.49,17.3,,1.6
"2025-07-07 15:40:18",3476,3213,67660,40.885887,0.603735,20.8,111.1,8.63,17.3,29.5,1.5
"2025-07-07 15:40:20",3480,3217,67622,0,,19.85,109.4,8.55,17.35,,1.6
"2025-07-07 15:40:21",3483,3220,67604,40.885697,0.60441,20.65,113.7,8.5,17.3,,1.6
"2025-07-07 15:40:23",3486,3223,67579,0,,19.9,107.4,8.51,17.3,,1.6
"2025-07-07 15:40:24",3487,3224,67568,40.885503,0.605088,20.3,112.9,8.45,17.3,,1.6
"2025-07-07 15:40:29",3494,3231,67514,0,,20.9,110.4,8.43,17.2,,1.6
"2025-07-07 15:40:30",3495,3232,67504,40.885098,0.606467,20.9,110.6,8.48,17.15,,1.6
"2025-07-07 15:40:35",3500,3237,67465,0,,20.45,109.5,8.26,17,,1.2
"2025-07-07 15:40:36",3501,3238,67458,40.884707,0.60783,20.95,109.6,8.42,17,,1.1
"2025-07-07 15:40:38",3503,3240,67439,0,,20.35,111.3,8.21,16.9,,1.1
"2025-07-07 15:40:39",3504,3241,67430,40.884507,0.608505,20.1,109.1,8.13,16.9,,1.1
"2025-07-07 15:40:40",3505,3242,67421,0,,19.25,112.5,8.11,16.85,,1.1
"2025-07-07 15:40:41",3506,3243,67413,0,,19.6,112.9,8.11,16.85,,1
"2025-07-07 15:40:42",3507,3244,67406,40.884305,0.609165,20.8,109.5,8.03,16.9,,1
"2025-07-07 15:40:43",3508,3245,67397,0,,19.95,112.3,7.95,16.9,,1
"2025-07-07 15:40:44",3509,3246,67387,0,,19.45,114.5,7.95,16.9,,1
"2025-07-07 15:40:45",3510,3247,67378,40.884105,0.609825,20.25,110.1,7.95,16.95,29.5,1
"2025-07-07 15:40:46",3511,3248,67373,0,,20.2,111.6,7.89,16.95,,1
"2025-07-07 15:40:47",3511,3248,67368,0,,20.15,115,7.82,16.95,,1
"2025-07-07 15:40:48",3512,3249,67364,40.883893,0.610495,20,110.6,7.82,16.95,,1
"2025-07-07 15:40:49",3513,3250,67355,0,,20.1,110.1,7.86,17,,1
"2025-07-07 15:40:50",3514,3251,67347,0,,20.25,114.4,7.8,17,,1
"2025-07-07 15:40:51",3515,3252,67340,40.883688,0.61117,20.3,112,7.9,17,,0.9
"2025-07-07 15:40:52",3516,3253,67331,0,,19.7,109.8,7.91,16.95,,0.9
"2025-07-07 15:40:53",3517,3254,67323,0,,20.05,112.7,7.83,17,,0.9
"2025-07-07 15:40:54",3518,3255,67316,40.883485,0.61184,20.35,112.5,7.78,16.95,,0.9
"2025-07-07 15:40:55",3519,3256,67306,0,,20.1,108.9,7.94,17,,0.9
"2025-07-07 15:40:56",3520,3257,67297,0,,20.05,111.7,7.92,17,,0.9
"2025-07-07 15:40:57",3521,3258,67288,40.883283,0.612498,20.15,115.9,7.95,17,,0.9
"2025-07-07 15:40:58",3522,3259,67281,0,,20.35,110.1,7.9,16.95,,0.9
"2025-07-07 15:40:59",3523,3260,67274,0,,19.75,109.6,7.81,16.95,,1
"2025-07-07 15:41:00",3524,3261,67268,40.883082,0.613165,20.2,114.9,7.79,16.9,,1
"2025-07-07 15:41:01",3525,3262,67261,0,,20.95,112.4,7.8,16.9,,1
"2025-07-07 15:41:02",3525,3262,67254,0,,20.5,110.5,7.77,16.9,,1
"2025-07-07 15:41:03",3526,3263,67248,40.882875,0.613835,19.25,113.1,7.84,16.9,,0.9
"2025-07-07 15:41:05",3527,3264,67240,0,,21.1,110.7,8.06,16.95,,0.9
"2025-07-07 15:41:06",3528,3265,67236,40.882663,0.614497,20.3,113.7,8.21,16.95,,0.8
"2025-07-07 15:41:20",3544,3281,67105,0,,19.65,118.6,8.05,14.85,,1.1
"2025-07-07 15:41:21",3545,3282,67096,40.881592,0.617748,19.65,114.3,7.97,14.8,,1.1
"2025-07-07 15:41:22",3546,3283,67087,0,,19.65,109.8,7.92,14.7,,1.1
"2025-07-07 15:41:23",3547,3284,67078,0,,19.9,116.4,7.97,14.65,,1.1
"2025-07-07 15:41:24",3548,3285,67070,40.881377,0.618397,19.9,117,7.95,14.6,,1.1
"2025-07-07 15:41:25",3549,3286,67062,0,,19.8,112,7.93,14.6,,1.1
"2025-07-07 15:41:26",3550,3287,67055,0,,19.9,112.8,7.88,14.6,,1.1
"2025-07-07 15:41:27",3551,3288,67048,40.881155,0.619052,20.55,118.9,7.88,14.6,,1.1
"2025-07-07 15:41:28",3551,3288,67046,0,,20.55,114.6,7.82,14.6,,1.1
"2025-07-07 15:41:29",3551,3288,67045,0,,20.45,111.2,7.76,14.6,,1
"2025-07-07 15:41:30",3551,3288,67044,40.88093,0.619707,20.5,117.5,7.71,14.55,,1
"2025-07-07 15:41:31",3553,3290,67034,0,,20.4,116.8,7.71,14.6,,1
"2025-07-07 15:41:32",3554,3291,67025,0,,20.45,110.1,7.64,14.6,,0.8
"2025-07-07 15:41:33",3555,3292,67016,40.880708,0.620362,19.75,112.5,7.59,14.7,,0.8
"2025-07-07 15:41:34",3555,3292,67014,0,,20.1,119.3,7.53,14.75,,0.8
"2025-07-07 15:41:35",3555,3292,67012,0,,19.65,113.9,7.52,14.85,,0.7
"2025-07-07 15:41:36",3556,3293,67010,40.88048,0.621002,19.75,108.7,7.48,14.9,,0.7
"2025-07-07 15:41:37",3556,3293,67003,0,,19.65,114.9,7.65,14.9,,0.6
"2025-07-07 15:41:38",3557,3294,66996,0,,19.65,116.6,7.65,14.9,,0.6
"2025-07-07 15:41:39",3558,3295,66990,40.880252,0.621655,20.95,112.9,7.59,14.9,28.75,0.6
"2025-07-07 15:41:40",3559,3296,66981,0,,19.35,113,7.49,14.85,,0.6
"2025-07-07 15:41:41",3560,3297,66972,0,,19.95,116.1,7.47,14.75,,0.7
"2025-07-07 15:41:42",3561,3298,66964,40.880018,0.622302,20.05,116.7,7.39,14.65,,0.8
"2025-07-07 15:41:43",3562,3299,66960,0,,20.05,114.7,7.36,14.55,,0.8
"2025-07-07 15:41:44",3562,3299,66956,0,,19.95,113.9,7.37,14.5,,0.8
"2025-07-07 15:41:45",3563,3300,66952,40.879792,0.622947,20.75,114.2,7.34,14.45,,0.7
"2025-07-07 15:41:46",3563,3300,66946,0,,20.8,114.1,7.26,14.4,,0.7
"2025-07-07 15:41:47",3564,3301,66941,0,,18.5,114.8,7.26,14.35,,0.7
"2025-07-07 15:41:48",3565,3302,66936,40.879567,0.62359,19.3,115.8,7.29,14.45,,0.8
"2025-07-07 15:41:49",3565,3302,66930,0,,21.4,115,7.26,14.5,,0.7
"2025-07-07 15:41:50",3566,3303,66925,0,,19.65,111.9,7.38,14.55,,0.7
"2025-07-07 15:41:51",3567,3304,66920,40.879348,0.624238,18.55,114.7,7.38,14.6,,0.7
"2025-07-07 15:41:52",3567,3304,66919,0,,20.9,116.7,7.42,14.6,,0.6
"2025-07-07 15:41:53",3567,3304,66918,0,,20.55,115.7,7.46,14.65,,0.5
"2025-07-07 15:41:54",3567,3304,66918,40.879117,0.624885,18.75,113.6,7.45,14.65,,0.5
"2025-07-07 15:41:55",3568,3305,66906,0,,20.1,112.3,7.44,14.7,,0.5
"2025-07-07 15:41:56",3570,3307,66894,0,,20.8,115.2,7.36,14.75,,0.6
"2025-07-07 15:41:57",3571,3308,66882,40.878893,0.625535,19.35,119.4,7.27,14.75,,0.7
"2025-07-07 15:41:58",3573,3310,66871,0,,19.15,114.2,7.25,14.7,,0.8
"2025-07-07 15:41:59",3574,3311,66860,0,,19.55,112.6,7.26,14.65,,0.8
"2025-07-07 15:42:00",3575,3312,66850,40.87867,0.626173,19.5,117.3,7.23,14.6,,0.9
"2025-07-07 15:42:01",3576,3313,66845,0,,19.25,117.6,7.2,14.55,,0.9
"2025-07-07 15:42:02",3576,3313,66841,0,,20.65,113.6,7.21,14.5,,0.8
"2025-07-07 15:42:03",3577,3314,66838,40.87844,0.626815,21.25,114.5,7.34,14.45,,0.8
"2025-07-07 15:42:05",3577,3314,66835,0,,19.05,115.2,7.47,14.35,,0.8
"2025-07-07 15:42:06",3577,3314,66834,40.878208,0.627443,19.65,113.2,7.44,14.1,28.5,0.8
"2025-07-07 15:42:07",3578,3315,66831,0,,19.65,113.2,7.59,13.75,,0.8
"2025-07-07 15:42:08",3578,3315,66828,0,,19.2,118.3,7.59,13.4,,0.7
"2025-07-07 15:42:09",3578,3315,66826,40.877968,0.628075,20.3,113,7.57,13,,0.6
"2025-07-07 15:42:10",3579,3316,66820,0,,20,113.8,7.63,12.7,,0.6
"2025-07-07 15:42:11",3580,3317,66814,0,,18.75,117.3,7.71,12.4,,0.5
"2025-07-07 15:42:12",3581,3318,66808,40.877738,0.6287,19.45,116.8,7.69,12.1,,0.5
"2025-07-07 15:42:13",3581,3318,66806,0,,19.45,115.2,7.66,11.85,,0.4
"2025-07-07 15:42:14",3581,3318,66805,0,,19.35,116.4,7.59,11.7,,0.4
"2025-07-07 15:42:15",3581,3318,66804,40.877498,0.62933,19.35,117,7.53,11.5,,0.4
"2025-07-07 15:42:16",3581,3318,66800,0,,19.4,114,7.42,11.25,,0.4
"2025-07-07 15:42:17",3582,3319,66797,0,,19.5,116.9,7.46,11.1,,0.4
"2025-07-07 15:42:18",3582,3319,66794,40.877258,0.629965,18.05,117.3,7.47,10.9,,0.4
"2025-07-07 15:42:21",3584,3321,66782,40.877013,0.630603,19.65,118.8,7.55,10.45,,0.5
"2025-07-07 15:42:22",3584,3321,66782,0,,19.8,117.8,7.55,10.35,,0.4
"2025-07-07 15:42:23",3584,3321,66783,0,,20.05,115.4,7.48,10.15,,0.3
"2025-07-07 15:42:24",3583,3320,66784,40.87677,0.631228,20.3,116.5,7.59,9.9,,0.2
"2025-07-07 15:42:34",3590,3327,66727,0,,18.95,116.8,7.69,7.15,,0.5
"2025-07-07 15:42:35",3591,3328,66721,0,,18.7,117,7.75,7,,0.6
"2025-07-07 15:42:36",3592,3329,66716,40.875853,0.633692,18.65,114.8,7.77,6.8,,0.6
"2025-07-07 15:42:37",3592,3329,66712,0,,18.75,116.6,7.82,6.65,,0.7
"2025-07-07 15:42:38",3593,3330,66709,0,,18.7,117.2,7.85,6.45,,0.7
"2025-07-07 15:42:39",3593,3330,66706,40.875623,0.6343,18.75,114,7.96,6.3,,0.6
"2025-07-07 15:42:40",3594,3331,66697,0,,19.5,113.9,8.21,6.2,,0.7
"2025-07-07 15:42:41",3595,3332,66689,0,,19.1,117,8.23,6.05,,0.7
"2025-07-07 15:42:42",3596,3333,66682,40.8754,0.634905,18.95,116.6,8.21,5.95,,0.7
"2025-07-07 15:42:43",3597,3334,66677,0,,20.35,113.8,8.29,5.85,,0.7
"2025-07-07 15:42:44",3597,3334,66672,0,,19.7,115.4,8.26,5.75,,0.7
"2025-07-07 15:42:45",3598,3335,66668,40.875182,0.635523,19.8,116.7,8.23,5.65,,0.7
"2025-07-07 15:42:47",3599,3336,66660,0,,19.9,114.8,8.45,5.55,,0.6
"2025-07-07 15:42:48",3599,3336,66656,40.874965,0.636137,17.65,116.2,8.42,5.5,,0.6
"2025-07-07 15:42:50",3600,3337,66649,0,,19.8,114,8.42,5.4,,0.6
"2025-07-07 15:42:51",3601,3338,66646,40.874748,0.636752,17.7,115.9,8.37,5.35,,0.6
"2025-07-07 15:42:53",3602,3339,66635,0,,19.7,113.9,8.4,5.3,,0.6
"2025-07-07 15:42:54",3603,3340,66630,40.874538,0.637358,18.3,111.5,8.48,5.25,,0.6
"2025-07-07 15:42:56",3603,3340,66627,0,,19.2,118.6,8.39,5.25,,0.5
"2025-07-07 15:42:57",3603,3340,66626,40.874322,0.637953,18.95,112.5,8.48,5.3,,0.4
"2025-07-07 15:42:59",3605,3342,66608,0,,19.7,117.2,8.33,5.25,,0.5
"2025-07-07 15:43:00",3606,3343,66600,40.874112,0.638558,18.25,116.2,8.35,5.3,28.25,0.6
"2025-07-07 15:43:02",3607,3344,66590,0,,19.4,114.4,8.29,5.35,,0.6
"2025-07-07 15:43:03",3608,3345,66586,40.873903,0.639155,19.05,116.2,8.35,5.4,,0.6
"2025-07-07 15:43:08",3612,3349,66554,0,,17.25,113.7,8.49,5.6,,0.7
"2025-07-07 15:43:09",3613,3350,66548,40.873493,0.640327,17.75,119.6,8.43,5.65,,0.8
"2025-07-07 15:43:10",3613,3350,66542,0,,18.5,113.6,8.47,5.8,,0.8
"2025-07-07 15:43:11",3614,3351,66537,0,,17.95,109.7,8.43,5.95,,0.7
"2025-07-07 15:43:12",3615,3352,66532,40.873297,0.640913,18,117.7,8.42,6.1,,0.7
"2025-07-07 15:43:13",3615,3352,66527,0,,18.1,117.8,8.39,6.3,,0.7
"2025-07-07 15:43:14",3616,3353,66522,0,,18.2,112.3,8.42,6.55,,0.7
"2025-07-07 15:43:15",3617,3354,66518,40.873092,0.641487,18.3,114.8,8.45,6.85,,0.7
"2025-07-07 15:43:16",3618,3355,66507,0,,18.3,114.8,8.37,7.15,,0.7
"2025-07-07 15:43:17",3619,3356,66497,0,,18.15,113.8,8.34,7.55,,0.8
"2025-07-07 15:43:18",3620,3357,66488,40.872892,0.642052,17.8,113.4,8.29,7.9,,0.8
"2025-07-07 15:43:19",3621,3358,66485,0,,18,116.3,8.23,8.2,,0.8
"2025-07-07 15:43:20",3621,3358,66482,0,,17.9,113.5,8.23,8.6,,0.7
"2025-07-07 15:43:21",3621,3358,66480,40.872692,0.64263,17.8,112.1,8.33,9,,0.7
"2025-07-07 15:43:22",3623,3360,66468,0,,17.8,118.1,8.29,9.4,,0.8
"2025-07-07 15:43:23",3624,3361,66457,0,,17.8,115.2,8.33,9.75,,0.8
"2025-07-07 15:43:24",3626,3363,66446,40.872492,0.643207,17.75,110.8,8.34,10.15,,0.9
"2025-07-07 15:43:25",3626,3363,66442,0,,17.7,117.7,8.31,10.5,,0.9
"2025-07-07 15:43:26",3626,3363,66438,0,,17.65,117.6,8.33,10.8,,0.9
"2025-07-07 15:43:27",3627,3364,66434,40.872288,0.64377,17.65,111.2,8.43,11.05,28.25,0.9
"2025-07-07 15:43:28",3629,3366,66421,0,,17.65,113.4,8.5,11.25,,0.9
"2025-07-07 15:43:29",3630,3367,66408,0,,17.55,117.3,8.41,11.5,,0.9
"2025-07-07 15:43:30",3632,3369,66396,40.872092,0.64434,17.55,114.7,8.36,11.7,,1
"2025-07-07 15:43:31",3632,3369,66392,0,,17.5,112.9,8.29,11.85,,1
"2025-07-07 15:43:32",3633,3370,66389,0,,17.55,114.3,8.29,12.05,,1
"2025-07-07 15:43:33",3633,3370,66386,40.871897,0.644923,16.7,113,8.42,12.25,,1
"2025-07-07 15:43:34",3634,3371,66378,0,,17.05,114.4,8.42,12.45,,1
"2025-07-07 15:43:35",3635,3372,66370,0,,18.7,116.2,8.39,12.6,,0.9
"2025-07-07 15:43:36",3636,3373,66362,40.8717,0.645492,17.95,113.1,8.49,12.8,,0.9
"2025-07-07 15:43:37",3637,3374,66350,0,,16.6,112.2,8.45,12.95,,0.9
"2025-07-07 15:43:38",3639,3376,66338,0,,18,116.2,8.42,13.05,,1
"2025-07-07 15:43:39",3640,3377,66326,40.871505,0.64606,18.5,116.1,8.42,13.15,,1.1
"2025-07-07 15:43:40",3641,3378,66317,0,,18,112.9,8.5,13.3,,1.1
"2025-07-07 15:43:41",3642,3379,66309,0,,17.85,114.4,8.47,13.4,,1.1
"2025-07-07 15:43:42",3643,3380,66302,40.87131,0.646627,18.1,115.2,8.41,13.45,,1
"2025-07-07 15:43:43",3645,3382,66291,0,,18.15,113.5,8.47,13.5,,1
"2025-07-07 15:43:44",3646,3383,66281,0,,17.15,113.5,8.42,13.6,,1.1
"2025-07-07 15:43:45",3647,3384,66272,40.871117,0.647202,18.85,114.1,8.35,13.65,,1.1
"2025-07-07 15:43:46",3648,3385,66263,0,,18.15,114.4,8.45,13.7,,1.2
"2025-07-07 15:43:47",3649,3386,66254,0,,18.15,114.4,8.42,13.8,,1.2
"2025-07-07 15:43:48",3650,3387,66246,40.870923,0.647772,18.95,112.9,8.31,13.9,,1.2
"2025-07-07 15:43:50",3653,3390,66228,0,,16.35,115.1,8.33,14.1,,1.1
"2025-07-07 15:43:51",3654,3391,66220,40.87073,0.64835,17.65,114.9,8.28,14.25,,1.1
"2025-07-07 15:43:52",3655,3392,66212,0,,19.6,113.1,8.36,14.3,,1.1
"2025-07-07 15:43:53",3656,3393,66205,0,,17.5,113.4,8.44,14.5,,1.1
"2025-07-07 15:43:54",3656,3393,66198,40.870537,0.648942,16.55,114.2,8.41,14.55,28.25,1.1
"2025-07-07 15:43:55",3657,3394,66189,0,,19.1,115.8,8.36,14.6,,1.1
"2025-07-07 15:43:56",3658,3395,66181,0,,18.6,112.7,8.42,14.75,,1.1
"2025-07-07 15:43:57",3659,3396,66174,40.87034,0.649535,17.15,111.4,8.35,14.85,,1
"2025-07-07 15:43:58",3661,3398,66164,0,,17.85,115.9,8.3,14.9,,1
"2025-07-07 15:43:59",3662,3399,66155,0,,18.9,114.4,8.29,15,,1
"2025-07-07 15:44:00",3663,3400,66146,40.870142,0.650132,18.45,110.3,8.36,15.1,,1
"2025-07-07 15:44:01",3664,3401,66139,0,,18.25,115.7,8.33,15.2,,1
"2025-07-07 15:44:02",3664,3401,66133,0,,18.2,117.3,8.27,15.3,,1
"2025-07-07 15:44:03",3665,3402,66128,40.869938,0.650718,18.5,110.5,8.29,15.35,,1
"2025-07-07 15:44:05",3670,3407,66093,0,,18.85,116,8.13,15.45,,1.1
"2025-07-07 15:44:06",3672,3409,66076,40.869742,0.651322,18.75,114.4,8.1,15.4,,1.2
"2025-07-07 15:44:07",3673,3410,66065,0,,18.8,112,8.03,15.3,,1.3
"2025-07-07 15:44:08",3674,3411,66054,0,,18.9,113.7,8,15.2,,1.3
"2025-07-07 15:44:09",3676,3413,66044,40.869547,0.651932,17.65,111.2,8.05,15.15,,1.3
"2025-07-07 15:44:10",3677,3414,66032,0,,18.2,113.9,8.15,15.1,,1.4
"2025-07-07 15:44:11",3679,3416,66021,0,,18.1,116.4,8.23,15,,1.4
"2025-07-07 15:44:12",3680,3417,66010,40.869343,0.652525,18.05,112.8,8.29,14.9,,1.4
"2025-07-07 15:44:13",3682,3419,65997,0,,18,111.2,8.4,14.8,,1.4
"2025-07-07 15:44:14",3683,3420,65985,0,,17.95,116.9,8.49,14.75,,1.5
"2025-07-07 15:44:15",3685,3422,65974,40.869135,0.653127,18.1,116.5,8.49,14.65,,1.5
"2025-07-07 15:44:16",3686,3423,65964,0,,18.05,111.6,8.36,14.55,,1.6
"2025-07-07 15:44:17",3687,3424,65954,0,,19.1,115.2,8.23,14.5,,1.5
"2025-07-07 15:44:18",3688,3425,65944,40.868922,0.653737,19.2,116.6,8.23,14.45,,1.4
"2025-07-07 15:44:19",3690,3427,65929,0,,19.05,111.5,8.19,14.35,,1.4
"2025-07-07 15:44:20",3692,3429,65914,0,,19.2,114.2,8.16,14.35,,1.5
"2025-07-07 15:44:21",3694,3431,65900,40.868718,0.654342,18.95,116.3,8.21,14.35,28.25,1.5
"2025-07-07 15:44:22",3695,3432,65888,0,,19.2,110.9,8.13,14.35,,1.5
"2025-07-07 15:44:23",3697,3434,65877,0,,19.05,112.4,8.21,14.35,,1.5
"2025-07-07 15:44:24",3698,3435,65866,40.868522,0.654958,19.05,116.6,8.21,14.35,,1.5
"2025-07-07 15:44:25",3699,3436,65857,0,,19,112.7,8.2,14.25,,1.5
"2025-07-07 15:44:26",3700,3437,65849,0,,18.95,109,8.19,14.25,,1.4
"2025-07-07 15:44:27",3701,3438,65842,40.868332,0.655567,19,114.9,8.31,14.25,,1.4
"2025-07-07 15:44:28",3704,3441,65823,0,,18.95,114,8.37,14.25,,1.5
"2025-07-07 15:44:29",3706,3443,65804,0,,18.95,108.9,8.28,14.2,,1.5
"2025-07-07 15:44:30",3708,3445,65786,40.86814,0.656185,18.9,112.6,8.21,14.15,,1.6
"2025-07-07 15:44:31",3710,3447,65774,0,,18.9,116.1,8.13,14.1,,1.6
"2025-07-07 15:44:32",3711,3448,65763,0,,19.05,110.9,8.13,14.05,,1.6
"2025-07-07 15:44:33",3712,3449,65752,40.867942,0.656802,19,109.8,8.36,14.05,,1.6
"2025-07-07 15:44:35",3716,3453,65726,0,,19,115.7,8.33,14,,1.6
"2025-07-07 15:44:36",3717,3454,65714,40.867735,0.657412,19.05,112,8.33,13.9,,1.6
"2025-07-07 15:44:37",3719,3456,65697,0,,19.05,111.1,8.5,13.9,,1.6
"2025-07-07 15:44:38",3721,3458,65680,0,,18.95,111.8,8.5,13.85,,1.7
"2025-07-07 15:44:39",3724,3461,65664,40.867545,0.658033,19.7,113.9,8.36,13.8,,1.8
"2025-07-07 15:44:40",3726,3463,65647,0,,19.4,112.3,8.25,13.75,,1.8
"2025-07-07 15:44:41",3728,3465,65631,0,,19.4,111.9,8.34,13.7,,1.8
"2025-07-07 15:44:42",3730,3467,65616,40.867347,0.658665,19.45,112.4,8.36,13.65,,1.8
"2025-07-07 15:44:43",3732,3469,65600,0,,20.6,113,8.37,13.6,,1.8
"2025-07-07 15:44:44",3734,3471,65585,0,,20.05,111.9,8.44,13.45,,1.9
"2025-07-07 15:44:45",3735,3472,65570,40.867147,0.659303,17.55,111.7,8.51,13.4,,1.9
"2025-07-07 15:44:46",3737,3474,65554,0,,19.6,110.8,8.5,13.25,,1.9
"2025-07-07 15:44:47",3739,3476,65539,0,,20.25,111.5,8.6,13.25,,2
"2025-07-07 15:44:48",3741,3478,65524,40.866953,0.65994,18.35,114.2,8.62,13.15,28,2
"2025-07-07 15:44:52",3751,3488,65449,0,,18.75,113.1,8.7,12.9,,2.1
"2025-07-07 15:44:53",3753,3490,65430,0,,19.05,112.4,8.63,12.85,,2.1
"2025-07-07 15:44:54",3755,3492,65412,40.86656,0.661215,19.2,111.3,8.77,12.8,,2.1
"2025-07-07 15:44:55",3758,3495,65390,0,,18.95,111.3,8.82,12.75,,2.2
"2025-07-07 15:44:56",3761,3498,65368,0,,18.85,113.7,8.75,12.7,,2.3
"2025-07-07 15:44:57",3764,3501,65346,40.866362,0.661852,19.05,112.2,8.7,12.65,,2.3
"2025-07-07 15:44:58",3766,3503,65327,0,,18.7,109,8.54,12.65,,2.4
"2025-07-07 15:44:59",3768,3505,65309,0,,18.9,112.1,8.42,12.6,,2.4
"2025-07-07 15:45:00",3771,3508,65292,40.866168,0.6625,18.9,113.4,8.34,12.6,,2.4
"2025-07-07 15:45:01",3774,3511,65268,0,,18.9,110.4,8.29,12.6,,2.5
"2025-07-07 15:45:02",3776,3513,65246,0,,18.95,110.5,8.25,12.6,,2.5
"2025-07-07 15:45:03",3779,3516,65224,40.865977,0.66315,19,113,8.13,12.6,,2.5
"2025-07-07 15:45:05",3783,3520,65193,0,,18.95,109.7,8.1,12.6,,2.5
"2025-07-07 15:45:06",3785,3522,65178,40.865785,0.663795,20.45,111,8.05,12.6,,2.5
"2025-07-07 15:45:07",3788,3525,65152,0,,19.3,110.7,8.11,12.6,,2.5
"2025-07-07 15:45:08",3792,3529,65127,0,,19.65,110.4,8.09,12.65,,2.5
"2025-07-07 15:45:09",3795,3532,65102,40.865597,0.66444,19.7,113,8.1,12.65,,2.6
"2025-07-07 15:45:10",3797,3534,65084,0,,19.85,109.8,8.06,12.65,,2.6
"2025-07-07 15:45:11",3799,3536,65067,0,,19.3,107.7,7.98,12.7,,2.6
"2025-07-07 15:45:12",3801,3538,65050,40.865415,0.665097,19.45,113.5,7.95,12.7,,2.6
"2025-07-07 15:45:13",3804,3541,65027,0,,19.55,113,7.98,12.75,,2.6
"2025-07-07 15:45:14",3807,3544,65003,0,,19.9,106,7.95,12.8,,2.6
"2025-07-07 15:45:15",3810,3547,64980,40.865233,0.665753,19.2,109.5,7.94,12.85,28,2.6
"2025-07-07 15:45:17",3817,3554,64930,0,,19.45,109.3,7.95,12.95,,2.7
"2025-07-07 15:45:18",3820,3557,64906,40.86505,0.666403,19.6,108.7,7.95,13,,2.8
"2025-07-07 15:45:20",3827,3564,64847,0,,19.6,108.8,8.08,13,,3
"2025-07-07 15:45:21",3831,3568,64818,40.864875,0.667053,19.15,107.2,8.03,13,,3
"2025-07-07 15:45:23",3837,3574,64767,0,,19.45,111.5,8.06,13.05,,3.1
"2025-07-07 15:45:24",3841,3578,64742,40.864685,0.667713,18.75,108.8,7.99,13.05,,3.2
"2025-07-07 15:45:26",3847,3584,64692,0,,19.1,111.4,7.97,13.05,,3.3
"2025-07-07 15:45:27",3850,3587,64668,40.8645,0.668378,19,107.7,7.95,13.05,,3.3
"2025-07-07 15:45:29",3857,3594,64609,0,,20.2,110.4,7.8,13.05,,3.4
"2025-07-07 15:45:30",3861,3598,64580,40.864323,0.669028,19,110,7.86,13.05,,3.4
"2025-07-07 15:45:32",3868,3605,64527,0,,20.3,108.8,7.78,13.05,,3.4
"2025-07-07 15:45:33",3871,3608,64502,40.86415,0.669685,19.55,112.1,7.81,13,,3.4
"2025-07-07 15:45:35",3877,3614,64453,0,,19.85,105.3,7.76,13,,3.3
"2025-07-07 15:45:36",3880,3617,64430,40.86398,0.670347,19.95,108.9,7.8,12.95,,3.3
"2025-07-07 15:45:37",3884,3621,64400,0,,18.9,112.8,7.84,12.9,,3.3
"2025-07-07 15:45:38",3888,3625,64371,0,,19.4,110.2,7.78,12.85,,3.4
"2025-07-07 15:45:39",3892,3629,64342,40.863795,0.671005,19.45,106.5,7.64,12.8,,3.5
"2025-07-07 15:45:40",3895,3632,64315,0,,18.9,108.3,7.59,12.8,,3.5
"2025-07-07 15:45:41",3899,3636,64286,0,,19.05,109.9,7.5,12.75,,3.5
"2025-07-07 15:45:42",3903,3640,64258,40.863623,0.671673,21.15,109.6,7.59,12.75,27.75,3.4
"2025-07-07 15:45:43",3907,3644,64222,0,,19.25,106.3,7.65,12.7,,3.5
"2025-07-07 15:45:44",3912,3649,64187,0,,18.9,107.7,7.55,12.7,,3.6
"2025-07-07 15:45:45",3916,3653,64152,40.863455,0.672343,20.95,110.3,7.49,12.7,,3.7
"2025-07-07 15:45:46",3920,3657,64121,0,,20.65,108.7,7.39,12.65,,3.8
"2025-07-07 15:45:47",3924,3661,64090,0,,18.7,107.5,7.29,12.65,,3.8
"2025-07-07 15:45:48",3928,3665,64060,40.863287,0.673013,19.7,107.7,7.24,12.7,,3.9
"2025-07-07 15:45:49",3932,3669,64028,0,,21.25,109,7.14,12.75,,4
"2025-07-07 15:45:50",3936,3673,63998,0,,19.65,111.5,7.2,12.8,,4
"2025-07-07 15:45:51",3940,3677,63968,40.863108,0.673687,19.85,107.6,7.16,12.8,,4
"2025-07-07 15:45:52",3944,3681,63935,0,,20,106.8,7.18,12.8,,4
"2025-07-07 15:45:53",3948,3685,63903,0,,20.25,108.9,7.26,12.8,,4.1
"2025-07-07 15:45:54",3952,3689,63872,40.862942,0.674363,18.65,108.5,7.22,12.8,,4.1
"2025-07-07 15:45:55",3956,3693,63839,0,,19.2,109.8,7.19,12.8,,4.1
"2025-07-07 15:45:56",3961,3698,63807,0,,19.25,108.5,7.06,12.8,,4.1
"2025-07-07 15:45:57",3965,3702,63776,40.862778,0.675025,19.35,106.1,7.02,12.8,,4
"2025-07-07 15:45:58",3969,3706,63744,0,,19.35,108,7.02,12.8,,4
"2025-07-07 15:45:59",3973,3710,63710,0,,20.65,110.7,6.98,12.75,,4.1
"2025-07-07 15:46:00",3978,3715,63676,40.862607,0.675693,19.8,108.9,7.07,12.75,,4.1
"2025-07-07 15:46:01",3982,3719,63644,0,,19.1,106.6,7.02,12.7,,4.1
"2025-07-07 15:46:02",3986,3723,63614,0,,19.75,108.2,6.9,12.7,,4.1
"2025-07-07 15:46:03",3990,3727,63584,40.862442,0.676368,19.75,108.9,6.81,12.7,,4.1
"2025-07-07 15:46:05",3999,3736,63514,0,,19.45,107.6,6.75,12.75,,4.2
"2025-07-07 15:46:06",4003,3740,63478,40.862278,0.677045,19.65,107.8,6.7,12.75,,4.3
"2025-07-07 15:46:07",4008,3745,63437,0,,18.9,107.7,6.75,12.7,,4.3
"2025-07-07 15:46:08",4013,3750,63398,0,,19.25,107.1,6.72,12.75,,4.4
"2025-07-07 15:46:09",4019,3756,63360,40.862115,0.677717,19.25,108.9,6.79,12.75,27.5,4.5
"2025-07-07 15:46:10",4023,3760,63323,0,,19.3,110.1,6.77,12.75,,4.5
"2025-07-07 15:46:11",4028,3765,63287,0,,19.35,108.4,6.73,12.75,,4.6
"2025-07-07 15:46:12",4033,3770,63252,40.861942,0.678395,19.35,105,6.67,12.75,,4.6
"2025-07-07 15:46:13",4037,3774,63214,0,,19.45,106.4,6.7,12.75,,4.6
"2025-07-07 15:46:14",4042,3779,63178,0,,19.4,109.3,6.7,12.75,,4.7
"2025-07-07 15:46:15",4047,3784,63142,40.861785,0.679055,19.45,108.3,6.6,12.75,,4.8
"2025-07-07 15:46:16",4051,3788,63109,0,,19.5,106,6.49,12.75,,4.8
"2025-07-07 15:46:17",4056,3793,63074,0,,19.4,107.3,6.53,12.7,,4.8
"2025-07-07 15:46:18",4060,3797,63040,40.861627,0.679725,19.45,108.7,6.45,12.65,,4.7
"2025-07-07 15:46:20",4070,3807,62963,0,,19.55,107.1,6.44,12.6,,4.7
"2025-07-07 15:46:21",4075,3812,62926,40.861465,0.680393,19.5,106.6,6.37,12.55,,4.7
"2025-07-07 15:46:22",4080,3817,62890,0,,19.8,105.8,6.36,12.55,,4.7
"2025-07-07 15:46:23",4085,3822,62853,0,,20,107.3,6.44,12.55,,4.7
"2025-07-07 15:46:24",4090,3827,62816,40.86131,0.681062,19.85,109.5,6.43,12.5,,4.8
"2025-07-07 15:46:25",4094,3831,62778,0,,19.7,105.8,6.35,12.5,,4.8
"2025-07-07 15:46:26",4099,3836,62741,0,,20.1,104.9,6.38,12.45,,4.8
"2025-07-07 15:46:27",4104,3841,62704,40.861155,0.681733,19.6,109.5,6.41,12.4,,4.8
"2025-07-07 15:46:28",4109,3846,62669,0,,19.8,108.2,6.29,12.3,,4.8
"2025-07-07 15:46:29",4113,3850,62634,0,,19.9,104.7,6.17,12.3,,4.8
"2025-07-07 15:46:30",4118,3855,62600,40.860997,0.682403,19.8,107.9,6.07,12.25,,4.8
"2025-07-07 15:46:31",4123,3860,62562,0,,19.75,108.7,6.01,12.2,,4.8
"2025-07-07 15:46:32",4128,3865,62525,0,,19.65,105.2,6.16,12.2,,4.8
"2025-07-07 15:46:33",4133,3870,62488,40.860842,0.683063,19.65,107.6,6.31,12.2,,4.8
"2025-07-07 15:46:35",4142,3879,62417,0,,19.35,104.7,6.07,12.1,,4.7
"2025-07-07 15:46:36",4146,3883,62382,40.860692,0.683712,19.4,104.7,6,12,27.25,4.7
"2025-07-07 15:46:37",4151,3888,62346,0,,19.55,110.2,6.01,11.95,,4.7
"2025-07-07 15:46:38",4156,3893,62309,0,,19.3,106.7,5.93,11.8,,4.7
"2025-07-07 15:46:39",4161,3898,62272,40.860542,0.68436,18.9,102.8,5.87,11.7,,4.7
"2025-07-07 15:46:40",4166,3903,62231,0,,19.4,107.8,5.97,11.6,,4.8
"2025-07-07 15:46:41",4171,3908,62192,0,,19.2,108.8,5.9,11.6,,4.8
"2025-07-07 15:46:42",4177,3914,62154,40.860392,0.685013,19.15,103.9,5.78,11.55,,4.9
"2025-07-07 15:46:43",4181,3918,62119,0,,18.75,105.9,5.7,11.45,,4.9
"2025-07-07 15:46:44",4186,3923,62083,0,,18.75,109.3,5.66,11.35,,4.9
"2025-07-07 15:46:45",4191,3928,62048,40.860247,0.685657,18.85,105.6,5.56,11.25,,4.8
"2025-07-07 15:46:46",4195,3932,62015,0,,18.8,105.6,5.47,11.15,,4.8
"2025-07-07 15:46:47",4199,3936,61983,0,,18.6,107.7,5.42,11.1,,4.8
"2025-07-07 15:46:48",4203,3940,61952,40.860107,0.686297,19.1,108.8,5.32,11,,4.7
"2025-07-07 15:46:49",4209,3946,61910,0,,18.95,106.2,5.46,10.95,,4.8
"2025-07-07 15:46:50",4214,3951,61869,0,,18.95,106.5,5.5,10.95,,4.8
"2025-07-07 15:46:51",4220,3957,61828,40.85996,0.68694,18.95,106.6,5.4,10.85,,4.9
"2025-07-07 15:47:01",4263,4000,61502,0,,18.95,106.7,4.89,10.35,,4.5
"2025-07-07 15:47:02",4267,4004,61470,0,,18.85,105.8,5.01,10.3,,4.4
"2025-07-07 15:47:03",4271,4008,61438,40.859358,0.689475,17.6,109.6,4.99,10.25,27,4.3
"2025-07-07 15:47:05",4281,4018,61363,0,,19.55,105.1,5.15,10.25,,4.4
"2025-07-07 15:47:06",4286,4023,61326,40.859208,0.690112,18.25,108.5,5.23,10.2,,4.4
"2025-07-07 15:47:07",4291,4028,61289,0,,17.95,108.8,5.15,10.15,,4.4
"2025-07-07 15:47:08",4296,4033,61256,0,,19.1,104.5,5.27,10.15,,4.4
"2025-07-07 15:47:09",4300,4037,61224,40.859063,0.690742,18.9,106.4,5.25,10.05,,4.4
"2025-07-07 15:47:10",4304,4041,61194,0,,18.65,110.2,5.05,10.05,,4.4
"2025-07-07 15:47:11",4308,4045,61165,0,,18.8,106.7,4.88,10,,4.4
"2025-07-07 15:47:12",4312,4049,61136,40.858913,0.691372,18.95,105.3,4.74,9.95,,4.3
"2025-07-07 15:47:13",4316,4053,61105,0,,18.95,108.8,4.69,9.95,,4.4
"2025-07-07 15:47:14",4321,4058,61066,0,,18.35,109,4.63,9.9,,4.5
"2025-07-07 15:47:15",4326,4063,61028,40.85876,0.692005,19.85,105.5,4.61,9.9,,4.6
"2025-07-07 15:47:16",4330,4067,61001,0,,19.85,105.5,4.6,9.85,,4.5
"2025-07-07 15:47:17",4333,4070,60974,0,,19.2,109.2,4.51,9.85,,4.5
"2025-07-07 15:47:18",4337,4074,60948,40.858613,0.692633,18.75,108.4,4.51,9.8,,4.3
"2025-07-07 15:47:20",4346,4083,60878,0,,19,105.3,4.4,9.75,,4.3
"2025-07-07 15:47:21",4351,4088,60844,40.858473,0.693268,18.75,107.4,4.35,9.7,,4.3
"2025-07-07 15:47:22",4355,4092,60813,0,,18.85,108.1,4.29,9.65,,4.3
"2025-07-07 15:47:23",4359,4096,60783,0,,18.3,106.9,4.36,9.65,,4.3
"2025-07-07 15:47:24",4363,4100,60754,40.858325,0.693897,17.3,105.8,4.29,9.6,,4.3
"2025-07-07 15:47:25",4367,4104,60723,0,,18.9,108,4.25,9.55,,4.3
"2025-07-07 15:47:26",4371,4108,60691,0,,18.8,106.9,4.29,9.55,,4.2
"2025-07-07 15:47:27",4376,4113,60660,40.858182,0.694525,18.4,104.8,4.19,9.5,,4.1
"2025-07-07 15:47:28",4379,4116,60633,0,,17.85,108.1,4.18,9.5,,4.1
"2025-07-07 15:47:29",4383,4120,60606,0,,18.3,107.4,4.19,9.5,,4.1
"2025-07-07 15:47:30",4386,4123,60580,40.858042,0.695145,18.35,103.6,4.25,9.55,26.5,4.1
"2025-07-07 15:47:34",4400,4137,60478,0,,18.1,104.8,4.16,10.05,,3.7
"2025-07-07 15:47:35",4403,4140,60454,0,,18.05,111.3,4.08,10.25,,3.7
"2025-07-07 15:47:36",4407,4144,60430,40.857743,0.696373,17.9,110.2,4.16,10.5,,3.6
"2025-07-07 15:47:37",4410,4147,60402,0,,17.95,105.1,4.16,10.8,,3.6
"2025-07-07 15:47:38",4415,4152,60371,0,,18.6,107.2,3.97,11.15,,3.6
"2025-07-07 15:47:39",4419,4156,60340,40.857597,0.696985,18.8,110.6,3.87,11.5,,3.6
"2025-07-07 15:47:40",4422,4159,60312,0,,17.1,107.3,3.77,11.8,,3.6
"2025-07-07 15:47:41",4426,4163,60285,0,,17.1,107.3,3.75,12.1,,3.6
"2025-07-07 15:47:42",4430,4167,60258,40.857447,0.697588,18.95,110.9,3.82,12.4,,3.6
"2025-07-07 15:47:43",4432,4169,60239,0,,18.15,109.4,3.9,12.7,,3.5
"2025-07-07 15:47:44",4435,4172,60221,0,,18.05,104.8,3.98,13.05,,3.4
"2025-07-07 15:47:45",4437,4174,60204,40.857297,0.69819,18.1,108.9,3.89,13.45,,3.4
"2025-07-07 15:47:47",4444,4181,60149,0,,18.45,106.7,3.72,14.2,,3.5
"2025-07-07 15:47:48",4448,4185,60122,40.85714,0.698798,17.7,106,3.72,14.6,,3.5
"2025-07-07 15:47:50",4455,4192,60071,0,,18,108.9,3.54,15.25,,3.5
"2025-07-07 15:47:51",4459,4196,60046,40.856985,0.699395,18.4,105.8,3.46,15.6,,3.4
"2025-07-07 15:47:53",4465,4202,59997,0,,17.9,111,3.51,16.15,,3.3
"2025-07-07 15:47:54",4468,4205,59974,40.856828,0.699992,18.05,106.6,3.4,16.45,,3.2
"2025-07-07 15:47:56",4475,4212,59927,0,,18,110.8,3.32,17.05,,3.3
"2025-07-07 15:47:57",4478,4215,59904,40.856672,0.700592,17.95,107.6,3.3,17.35,26.25,3.3
"2025-07-07 15:47:59",4482,4219,59870,0,,17.95,111.9,3.16,17.9,,3.1
"2025-07-07 15:48:00",4485,4222,59854,40.856508,0.701188,17.85,108.3,3.18,18.25,,3
"2025-07-07 15:48:01",4492,4229,59801,0,,16.95,107.5,3.07,18.9,,3.1
"2025-07-07 15:48:02",4495,4232,59774,40.856352,0.701775,18.15,109,2.98,19.2,,3.1
"2025-07-07 15:48:06",4501,4238,59734,40.856195,0.702358,18.25,112.7,3,19.95,,2.8
"2025-07-07 15:48:08",4508,4245,59679,0,,17.95,109.7,2.92,20.5,,2.8
"2025-07-07 15:48:09",4512,4249,59652,40.856032,0.70294,17.9,115,2.89,20.9,,2.9
"2025-07-07 15:48:10",4515,4252,59630,0,,18.6,109.8,2.94,21.3,,2.8
"2025-07-07 15:48:11",4518,4255,59610,0,,18.15,106.5,3.01,21.8,,2.9
"2025-07-07 15:48:12",4520,4257,59590,40.855863,0.703537,18.15,114.5,2.96,22.25,,3
"2025-07-07 15:48:13",4523,4260,59574,0,,17.55,114.1,2.98,22.65,,2.9
"2025-07-07 15:48:14",4525,4262,59557,0,,18.25,108.7,2.95,23.05,,2.8
"2025-07-07 15:48:15",4527,4264,59540,40.855687,0.704122,17.8,110.9,2.9,23.45,,2.7
"2025-07-07 15:48:16",4530,4267,59523,0,,17.75,113.9,2.88,24,,2.6
"2025-07-07 15:48:17",4532,4269,59506,0,,17.75,109.5,2.78,24.55,,2.6
"2025-07-07 15:48:18",4534,4271,59490,40.855515,0.704702,17.9,109.1,2.75,25.1,,2.8
"2025-07-07 15:48:19",4537,4274,59472,0,,17.85,114.9,2.78,25.6,,2.7
"2025-07-07 15:48:20",4539,4276,59455,0,,17.2,113,2.74,26.05,,2.5
"2025-07-07 15:48:21",4541,4278,59438,40.855335,0.70528,17.2,108.5,2.65,26.45,,2.4
"2025-07-07 15:48:22",4543,4280,59422,0,,17.8,112.3,2.61,26.85,,2.4
"2025-07-07 15:48:23",4545,4282,59407,0,,17.4,113.7,2.61,27.3,,2.4
"2025-07-07 15:48:24",4548,4285,59392,40.855163,0.705853,16.65,108.8,2.6,27.8,25.75,2.3
"2025-07-07 15:48:25",4549,4286,59382,0,,17.25,110.2,2.56,28.25,,2.2
"2025-07-07 15:48:26",4550,4287,59372,0,,17.15,114.1,2.49,28.75,,2.1
"2025-07-07 15:48:27",4552,4289,59362,40.854992,0.706428,17.8,110.8,2.53,29.25,,2
"2025-07-07 15:48:28",4554,4291,59347,0,,17.15,108,2.69,29.75,,2
"2025-07-07 15:48:29",4555,4292,59333,0,,16.65,113.1,2.68,30.3,,2
"2025-07-07 15:48:30",4557,4294,59320,40.854827,0.706995,17.25,113.1,2.73,30.7,,2
"2025-07-07 15:48:31",4559,4296,59305,0,,17.2,107.9,2.93,31.25,,1.9
"2025-07-07 15:48:32",4561,4298,59290,0,,17.6,108.8,2.96,31.75,,1.9
"2025-07-07 15:48:33",4563,4300,59276,40.854665,0.707577,17.55,113.1,2.93,32.05,,1.8
"2025-07-07 15:48:34",4565,4302,59261,0,,17.55,113.1,2.89,32.35,,1.9
"2025-07-07 15:48:35",4568,4305,59245,0,,17.65,108.5,2.88,32.6,,1.9
"2025-07-07 15:48:36",4570,4307,59230,40.854503,0.70814,18.25,108.4,3.04,32.9,,1.9
"2025-07-07 15:48:37",4572,4309,59215,0,,16.35,112,3,33.2,,1.9
"2025-07-07 15:48:38",4574,4311,59200,0,,15.95,113.4,2.81,33.45,,2
"2025-07-07 15:48:39",4576,4313,59186,40.854338,0.708692,17.55,111.4,2.64,33.7,,2
"2025-07-07 15:48:40",4578,4315,59171,0,,17.4,111,2.56,33.95,,2
"2025-07-07 15:48:41",4580,4317,59157,0,,15.85,111.2,2.51,34.25,,2
"2025-07-07 15:48:42",4581,4318,59144,40.854175,0.709247,16.4,110.6,2.45,34.65,,2
"2025-07-07 15:48:43",4583,4320,59133,0,,16.65,111.1,2.34,34.95,,2
"2025-07-07 15:48:44",4584,4321,59123,0,,16.65,110.3,2.3,35.3,,1.9
"2025-07-07 15:48:45",4586,4323,59114,40.854013,0.70981,15.7,109.5,2.3,35.65,,1.8
"2025-07-07 15:48:46",4587,4324,59105,0,,17.25,111.9,2.28,36.05,,1.8
"2025-07-07 15:48:47",4588,4325,59096,0,,17.25,111,2.24,36.5,,1.7
"2025-07-07 15:48:48",4589,4326,59088,40.853855,0.710367,15.95,109,2.26,36.85,,1.6
"2025-07-07 15:48:50",4592,4329,59065,0,,16.55,112.3,2.12,37.5,,1.5
"2025-07-07 15:48:51",4594,4331,59054,40.853695,0.710912,16.35,108.7,2.13,37.85,25.5,1.5
"2025-07-07 15:48:52",4596,4333,59039,0,,16.25,111.2,2.09,38.15,,1.5
"2025-07-07 15:48:53",4598,4335,59024,0,,16.3,113.4,2.19,38.5,,1.5
"2025-07-07 15:48:54",4600,4337,59010,40.853532,0.711463,16.3,108.7,2.22,38.75,,1.5
"2025-07-07 15:48:55",4601,4338,59003,0,,,,2.18,39,,1.5
"2025-07-07 15:48:56",4602,4339,58996,0,,,,2.19,39.3,,1.5
"2025-07-07 15:48:57",4603,4340,58990,0,,,,2.15,39.55,,1.4
"2025-07-07 15:48:58",4603,4340,58983,0,,16.85,108.1,2.14,39.75,,1.4
"2025-07-07 15:48:59",4604,4341,58977,0,,16.85,113.1,2.08,39.95,,1.4
"2025-07-07 15:49:00",4605,4342,58972,40.853208,0.712567,16.85,113.4,2.04,40.15,,1.3
"2025-07-07 15:49:01",4606,4343,58963,0,,16.85,109.4,2.06,40.45,,1.3
"2025-07-07 15:49:02",4608,4345,58953,0,,16.95,109.7,2.11,40.75,,1.3
"2025-07-07 15:49:03",4609,4346,58944,40.85305,0.71312,16.95,112.4,2.19,41.05,,1.3
"2025-07-07 15:49:05",4612,4349,58918,0,,16.85,108.8,2.15,41.55,,1.3
"2025-07-07 15:49:06",4614,4351,58906,40.852893,0.713665,17.35,108.9,2.05,41.75,,1.3
"2025-07-07 15:49:07",4615,4352,58900,0,,15.95,115,1.99,41.95,,1.2
"2025-07-07 15:49:08",4616,4353,58895,0,,15.1,113.8,1.99,42.15,,1.2
"2025-07-07 15:49:09",4616,4353,58890,40.852728,0.71419,15.75,108.1,1.91,42.35,,1.1
"2025-07-07 15:49:10",4618,4355,58881,0,,15.5,111.9,1.88,42.5,,1.1
"2025-07-07 15:49:11",4619,4356,58872,0,,15.5,116.2,1.9,42.6,,1.2
"2025-07-07 15:49:12",4620,4357,58864,40.852562,0.71472,15.25,111.1,1.88,42.8,,1.2
"2025-07-07 15:49:13",4621,4358,58855,0,,16.95,109.5,1.83,42.9,,1.2
"2025-07-07 15:49:14",4622,4359,58846,0,,15.75,112.3,1.85,43.05,,1.2
"2025-07-07 15:49:15",4624,4361,58838,40.852402,0.715253,15.55,115.9,1.83,43.2,,1.2
"2025-07-07 15:49:16",4625,4362,58830,0,,16,116.2,1.82,43.3,,1.2
"2025-07-07 15:49:17",4626,4363,58822,0,,16.05,110.2,1.91,43.45,,1.2
"2025-07-07 15:49:18",4627,4364,58814,40.852225,0.715793,15.45,110.6,1.88,43.55,25.25,1.1
"2025-07-07 15:49:19",4627,4364,58812,0,,15.85,117.5,1.9,43.7,,1
"2025-07-07 15:49:20",4627,4364,58811,0,,17.05,114.1,2.02,43.75,,0.9
"2025-07-07 15:49:21",4627,4364,58810,40.852047,0.716323,16.45,109.7,2.19,43.8,,0.9
"2025-07-07 15:49:22",4628,4365,58804,0,,15.75,115.4,2.11,43.85,,0.9
"2025-07-07 15:49:23",4629,4366,58799,0,,16.05,116.5,2.05,43.8,,0.9
"2025-07-07 15:49:24",4630,4367,58794,40.851872,0.716847,16.25,109.7,2.08,43.8,,0.8
"2025-07-07 15:49:25",4630,4367,58789,0,,16.25,111.7,2.05,43.75,,0.8
"2025-07-07 15:49:26",4631,4368,58785,0,,16.2,115.6,2.03,43.75,,0.7
"2025-07-07 15:49:27",4631,4368,58782,40.851705,0.717377,15.6,111.4,2.06,43.75,,0.7
"2025-07-07 15:49:28",4631,4368,58782,0,,16.35,111.7,2,43.75,,0.5
"2025-07-07 15:49:29",4631,4368,58783,0,,17.05,115.8,1.98,43.75,,0.4
"2025-07-07 15:49:30",4631,4368,58784,40.851532,0.71791,16.5,111.9,2.02,43.75,,0.3
"2025-07-07 15:49:31",4632,4369,58776,0,,15.25,109.6,1.99,43.75,,0.4
"2025-07-07 15:49:32",4633,4370,58769,0,,16.65,115.1,1.98,43.75,,0.5
"2025-07-07 15:49:33",4634,4371,58762,40.851367,0.718435,16.75,113.8,2.05,43.75,,0.6
"2025-07-07 15:49:34",4635,4372,58757,0,,15.55,108,2,43.75,,0.5
"2025-07-07 15:49:35",4635,4372,58752,0,,15.55,110.5,1.98,43.75,,0.5
"2025-07-07 15:49:36",4636,4373,58748,40.851213,0.718962,16.45,115.3,1.94,43.75,,0.5
"2025-07-07 15:49:37",4636,4373,58744,0,,15.8,111.1,1.93,43.75,,0.5
"2025-07-07 15:49:38",4637,4374,58741,0,,15.4,108,2.01,43.8,,0.5
"2025-07-07 15:49:39",4637,4374,58738,40.85106,0.719488,15.6,113.5,1.91,43.8,,0.5
"2025-07-07 15:49:40",4638,4375,58736,0,,15.7,114.7,1.88,43.85,,0.5
"2025-07-07 15:49:41",4638,4375,58735,0,,14.95,107.9,1.88,43.85,,0.5
"2025-07-07 15:49:42",4638,4375,58734,40.85091,0.720002,15.35,109.6,1.87,43.85,,0.5
"2025-07-07 15:49:43",4638,4375,58734,0,,16.5,116,1.84,43.85,,0.5
"2025-07-07 15:49:44",4638,4375,58735,0,,15.9,111.5,1.91,43.9,,0.4
"2025-07-07 15:49:45",4638,4375,58736,40.850748,0.720523,15.95,107.6,1.88,43.95,24.5,0.4
"2025-07-07 15:49:55",4640,4377,58719,0,,15.15,111.7,2.01,43.95,,0.2
"2025-07-07 15:49:56",4640,4377,58717,0,,15.2,109.4,1.91,43.95,,0.2
"2025-07-07 15:49:57",4640,4377,58716,40.850143,0.72261,15.2,111,1.9,43.95,,0.2
"2025-07-07 15:49:58",4641,4378,58713,0,,15.15,113.2,1.91,43.95,,0.2
"2025-07-07 15:49:59",4641,4378,58711,0,,14.3,111.2,1.89,44,,0.2
"2025-07-07 15:50:00",4641,4378,58710,40.849992,0.72312,16.55,109.6,1.85,44,,0.2
"2025-07-07 15:50:05",4643,4380,58698,0,,15.4,108.6,2.02,44.1,,0.3
"2025-07-07 15:50:06",4643,4380,58696,40.84969,0.72416,14.55,110.9,1.98,44.1,,0.3
"2025-07-07 15:50:10",4643,4380,58699,0,,14.85,111.9,1.92,44.05,,0.2
"2025-07-07 15:50:11",4642,4379,58700,0,,16.55,112.7,2.03,44,,0.1
"2025-07-07 15:50:12",4642,4379,58702,40.84939,0.725182,15.2,111.1,2.05,43.95,24.25,0.1
"2025-07-07 15:50:13",4642,4379,58702,0,,15.2,110.3,2.01,43.9,,0.1
"2025-07-07 15:50:14",4642,4379,58703,0,,15.35,108.5,1.93,43.85,,0.1
"2025-07-07 15:50:15",4642,4379,58704,40.849252,0.725682,15.45,110.1,2.02,43.8,,0.1
"2025-07-07 15:50:23",4643,4380,58698,0,,15.6,112,1.7,43.5,,0
"2025-07-07 15:50:24",4643,4380,58698,40.848823,0.727187,15.75,112.2,1.7,43.5,,0
"2025-07-07 15:50:26",4643,4380,58693,0,,13.75,107.7,1.69,43.45,,0.1
"2025-07-07 15:50:27",4644,4381,58692,40.848693,0.727685,14.8,110.2,1.69,43.4,,0.1
"2025-07-07 15:50:28",4644,4381,58690,0,,14.4,112.1,1.76,43.4,,0.1
"2025-07-07 15:50:29",4644,4381,58690,40.848548,0.728183,13.8,108.7,1.73,43.35,,0.1
"2025-07-07 15:50:32",4644,4381,58690,0,,14.9,112.7,1.87,43.3,,0.1
"2025-07-07 15:50:33",4644,4381,58690,40.848412,0.728678,14.7,112.3,1.9,43.25,,0.1
"2025-07-07 15:50:35",4644,4381,58688,0,,14.95,108.9,2,43.1,,0.1
"2025-07-07 15:50:36",4644,4381,58688,40.848282,0.72917,14.6,114.6,2.05,43.05,,0.1
"2025-07-07 15:50:38",4644,4381,58688,0,,14.65,105.4,1.94,42.85,,0.1
"2025-07-07 15:50:39",4644,4381,58688,40.848148,0.729668,14.55,112.5,2.02,42.75,24,0.1
"2025-07-07 15:50:43",4642,4379,58702,0,,14.5,111.4,2.21,42.4,,-0.1
"2025-07-07 15:50:44",4642,4379,58706,0,,14.45,107,2.16,42.2,,-0.2
"2025-07-07 15:50:45",4641,4378,58710,40.84788,0.730642,14.65,108.9,2.16,42.05,,-0.2
"2025-07-07 15:50:46",4641,4378,58710,0,,14.95,114.2,2.2,41.9,,-0.2
"2025-07-07 15:50:47",4641,4378,58711,0,,14.75,109.7,2.17,41.75,,-0.3
"2025-07-07 15:50:48",4641,4378,58712,40.84774,0.731127,14.65,107.4,2.16,41.55,,-0.3
"2025-07-07 15:50:49",4641,4378,58708,0,,14.85,112.7,2.27,41.35,,-0.2
"2025-07-07 15:50:50",4642,4379,58704,0,,14.65,111.1,2.26,40.95,,-0.2
"2025-07-07 15:50:51",4643,4380,58700,40.847598,0.731623,14.7,107.3,2.22,40.5,,-0.1
"2025-07-07 15:50:52",4643,4380,58700,0,,15.25,113.1,2.27,40,,-0.1
"2025-07-07 15:50:53",4643,4380,58700,0,,15,114.6,2.29,39.45,,-0.1
"2025-07-07 15:50:54",4643,4380,58700,40.847445,0.732117,15.05,108.3,2.28,38.9,,-0.1
"2025-07-07 15:50:55",4642,4379,58703,0,,15.1,109.4,2.3,38.3,,0
"2025-07-07 15:50:56",4642,4379,58706,0,,15.2,113.9,2.41,37.65,,0
"2025-07-07 15:50:57",4641,4378,58710,40.8473,0.732613,14.65,110.6,2.39,36.95,,0
"2025-07-07 15:51:01",4641,4378,58710,0,,14.8,109.2,2.49,34.65,,0
"2025-07-07 15:51:02",4641,4378,58710,0,,14.5,114.1,2.48,34.15,,-0.1
"2025-07-07 15:51:03",4641,4378,58710,40.847003,0.733603,15.45,112.4,2.52,33.8,,-0.1
"2025-07-07 15:51:07",4641,4378,58713,0,,15.3,108.2,2.48,32.5,,-0.1
"2025-07-07 15:51:08",4640,4377,58714,0,,15.75,107.7,2.46,32.25,,-0.1
"2025-07-07 15:51:09",4640,4377,58716,40.846707,0.734627,15.6,115.7,2.49,32.05,,-0.1
"2025-07-07 15:51:10",4640,4377,58718,0,,15.65,113.2,2.5,31.85,,-0.1
"2025-07-07 15:51:11",4640,4377,58720,0,,15.75,106.2,2.49,31.7,,-0.1
"2025-07-07 15:51:12",4640,4377,58722,40.846558,0.735135,15.7,111.7,2.6,31.5,,-0.1
"2025-07-07 15:51:16",4639,4376,58728,0,,15.75,115.7,2.66,30.85,,-0.2
"2025-07-07 15:51:17",4638,4375,58730,0,,15.6,113.6,2.66,30.7,,-0.2
"2025-07-07 15:51:18",4638,4375,58732,40.846247,0.736163,15.65,106.3,2.64,30.6,,-0.2
"2025-07-07 15:51:21",4637,4374,58738,40.846088,0.736683,15.9,110.3,2.74,30.5,,-0.2
"2025-07-07 15:51:37",4631,4368,58782,0,,15.65,114,2.91,30.95,,-0.4
"2025-07-07 15:51:38",4631,4368,58785,0,,16.4,109.6,2.89,31.05,,-0.4
"2025-07-07 15:51:39",4630,4367,58788,40.84509,0.739915,17.1,112.8,2.85,31.15,,-0.4
"2025-07-07 15:51:40",4630,4367,58792,0,,16.85,116.8,2.83,31.25,,-0.4
"2025-07-07 15:51:41",4629,4366,58796,0,,16.45,110.8,2.85,31.35,,-0.4
"2025-07-07 15:51:42",4629,4366,58800,40.844915,0.74046,16.5,109.6,2.87,31.45,,-0.4
"2025-07-07 15:51:43",4627,4364,58809,0,,16.5,116.6,2.83,31.6,,-0.4
"2025-07-07 15:51:44",4626,4363,58818,0,,16.5,115,2.86,31.75,,-0.5
"2025-07-07 15:51:45",4625,4362,58828,40.844733,0.741002,17,109.2,3.04,31.9,,-0.5
"2025-07-07 15:51:46",4625,4362,58828,0,,16.05,111.9,3.09,32.05,,-0.5
"2025-07-07 15:51:47",4625,4362,58828,0,,16.45,115.6,3.05,32.1,,-0.5
"2025-07-07 15:51:48",4625,4362,58828,40.84456,0.741543,17.6,113.5,3.01,32.15,,-0.5
"2025-07-07 15:51:49",4624,4361,58836,0,,16.95,111,3.08,32.2,,-0.5
"2025-07-07 15:51:50",4623,4360,58844,0,,16.95,111,3.12,32.25,,-0.7
"2025-07-07 15:51:51",4622,4359,58852,40.844387,0.742087,17.65,114.8,3.22,32.3,,-0.7
"2025-07-07 15:51:52",4622,4359,58851,0,,17.05,113,3.23,32.35,,-0.7
"2025-07-07 15:51:53",4622,4359,58850,0,,16.95,112.5,3.23,32.35,,-0.6
"2025-07-07 15:51:54",4622,4359,58850,40.844208,0.742635,16.9,113.1,3.23,32.4,,-0.6
"2025-07-07 15:51:55",4621,4358,58859,0,,17.5,113.4,3.35,32.45,,-0.6
"2025-07-07 15:51:56",4619,4356,58868,0,,16.5,113.6,3.49,32.5,,-0.6
"2025-07-07 15:51:57",4618,4355,58878,40.844025,0.743185,16.5,113.4,3.48,32.5,,-0.6
"2025-07-07 15:51:58",4618,4355,58876,0,,16.7,113.3,3.52,32.45,,-0.5
"2025-07-07 15:51:59",4618,4355,58875,0,,16.55,115.3,3.56,32.4,,-0.5
"2025-07-07 15:52:00",4619,4356,58874,40.84384,0.74373,16.2,113.6,3.57,32.4,23.5,-0.5
"2025-07-07 15:52:05",4617,4354,58884,0,,17,111.6,3.65,32.25,,-0.3
"2025-07-07 15:52:06",4617,4354,58886,40.843483,0.744828,16.8,116.4,3.61,32.2,,-0.4
"2025-07-07 15:52:07",4617,4354,58888,0,,16.8,113.8,3.55,32.2,,-0.3
"2025-07-07 15:52:08",4616,4353,58891,0,,16.85,111.1,3.49,32.2,,-0.3
"2025-07-07 15:52:09",4616,4353,58894,40.843303,0.745375,16.9,114.7,3.49,32.2,,-0.2
"2025-07-07 15:52:10",4615,4352,58898,0,,16.85,115.6,3.45,32.15,,-0.2
"2025-07-07 15:52:11",4615,4352,58903,0,,16.85,112.4,3.36,32.2,,-0.3
"2025-07-07 15:52:12",4614,4351,58908,40.843122,0.74592,16.85,112.7,3.37,32.2,,-0.4
"2025-07-07 15:52:13",4614,4351,58910,0,,16.8,115.4,3.36,32.2,,-0.4
"2025-07-07 15:52:14",4613,4350,58913,0,,17.35,115.2,3.27,32.25,,-0.4
"2025-07-07 15:52:15",4613,4350,58916,40.842935,0.746462,17.1,112.8,3.23,32.3,,-0.4
"2025-07-07 15:52:16",4612,4349,58922,0,,15.55,111.3,3.31,32.4,,-0.4
"2025-07-07 15:52:17",4611,4348,58928,0,,16.45,113.3,3.32,32.45,,-0.5
"2025-07-07 15:52:18",4610,4347,58934,40.842758,0.747012,18,115,3.41,32.5,,-0.5
"2025-07-07 15:52:20",4610,4347,58938,0,,15.65,114.1,3.36,32.55,,-0.5
"2025-07-07 15:52:21",4610,4347,58940,40.842575,0.747552,16.4,112.5,3.46,32.6,,-0.5
"2025-07-07 15:52:22",4609,4346,58940,0,,16.5,113.9,3.53,32.65,,-0.5
"2025-07-07 15:52:23",4609,4346,58941,0,,16.25,116.1,3.5,32.7,,-0.4
"2025-07-07 15:52:24",4609,4346,58942,40.842388,0.748098,16.3,112.2,3.46,32.75,,-0.4
"2025-07-07 15:52:25",4609,4346,58944,0,,16.4,111.8,3.5,32.8,,-0.4
"2025-07-07 15:52:26",4608,4345,58947,0,,16.5,115.2,3.57,32.85,,-0.4
"2025-07-07 15:52:27",4608,4345,58950,40.842208,0.748643,15.9,116.2,3.54,32.9,23.5,-0.4
"2025-07-07 15:52:31",4607,4344,58960,0,,16.65,117.6,3.56,33.2,,-0.3
"2025-07-07 15:52:32",4606,4343,58963,0,,17,115.6,3.65,33.3,,-0.3
"2025-07-07 15:52:33",4606,4343,58966,40.841827,0.749748,17.4,109.8,3.65,33.45,,-0.3
"2025-07-07 15:52:34",4605,4342,58973,0,,16.75,113.7,3.66,33.55,,-0.4
"2025-07-07 15:52:35",4604,4341,58980,0,,17.25,116.2,3.67,33.65,,-0.4
"2025-07-07 15:52:36",4603,4340,58988,40.841638,0.750308,17.85,112.5,3.8,33.8,,-0.5
"2025-07-07 15:52:37",4602,4339,58993,0,,17.5,113.4,3.82,33.9,,-0.6
"2025-07-07 15:52:38",4601,4338,58998,0,,16.5,117.4,3.78,33.95,,-0.6
"2025-07-07 15:52:39",4601,4338,59004,40.841447,0.75086,18.05,114.2,3.84,34.05,,-0.6
"2025-07-07 15:52:40",4601,4338,58998,0,,17.6,112.6,3.83,34.1,,-0.5
"2025-07-07 15:52:41",4602,4339,58993,0,,17.5,115.8,3.81,34.15,,-0.4
"2025-07-07 15:52:42",4603,4340,58988,40.841257,0.751415,17.15,115.1,3.8,34.2,,-0.3
"2025-07-07 15:52:43",4603,4340,58990,0,,17.65,112.5,3.93,34.25,,-0.3
"2025-07-07 15:52:44",4602,4339,58993,0,,16.25,113,3.94,34.3,,-0.3
"2025-07-07 15:52:45",4602,4339,58996,40.841072,0.751967,16.7,115.7,3.91,34.3,,-0.3
"2025-07-07 15:52:47",4601,4338,59002,0,,16.85,111.9,3.94,34.3,,-0.2
"2025-07-07 15:52:48",4600,4337,59006,40.840885,0.752525,16.15,114,3.91,34.3,,-0.2
"2025-07-07 15:52:50",4599,4336,59013,0,,16.85,113.9,4.16,34.3,,-0.2
"2025-07-07 15:52:51",4599,4336,59018,40.840695,0.753083,16.6,112.2,4.14,34.3,,-0.2
"2025-07-07 15:52:53",4599,4336,59019,0,,18.05,114.7,3.9,34.3,,-0.2
"2025-07-07 15:52:54",4599,4336,59020,40.840507,0.753648,16.7,113.5,3.83,34.25,23.5,-0.3
"2025-07-07 15:52:56",4596,4333,59034,0,,17.25,113.9,4.16,34.25,,-0.5
"2025-07-07 15:52:57",4595,4332,59042,40.840322,0.754217,17.3,112.8,4.21,34.25,,-0.5
"2025-07-07 15:52:58",4596,4333,59039,0,,16.9,116.5,4.08,34.15,,-0.4
"2025-07-07 15:52:59",4596,4333,59038,40.840132,0.754775,17.05,113.6,3.99,34.1,,-0.4
"2025-07-07 15:53:02",4597,4334,59033,0,,16.85,115.1,3.92,34.05,,-0.2
"2025-07-07 15:53:03",4597,4334,59032,40.839952,0.755333,16.9,116,3.82,34.05,,-0.2
"2025-07-07 15:53:07",4596,4333,59035,0,,17.25,113.1,3.91,34.1,,-0.2
"2025-07-07 15:53:08",4596,4333,59036,0,,17.55,110.5,3.87,34.1,,-0.2
"2025-07-07 15:53:09",4596,4333,59038,40.839587,0.756468,17.9,114.8,3.87,34.1,,0
"2025-07-07 15:53:10",4596,4333,59039,0,,17.75,114.4,3.85,34.1,,0
"2025-07-07 15:53:11",4596,4333,59040,0,,16.8,110.4,3.79,34.1,,0
"2025-07-07 15:53:12",4595,4332,59042,40.839405,0.757037,17.9,113.1,3.77,34.1,,0
"2025-07-07 15:53:22",4596,4333,59036,0,,16.9,114.6,4.25,34.05,,0
"2025-07-07 15:53:23",4596,4333,59036,0,,17.2,113.9,4.19,34,,0
"2025-07-07 15:53:24",4596,4333,59036,40.838675,0.759312,17.7,110.9,4.18,33.9,,0.1
"2025-07-07 15:53:25",4597,4334,59033,0,,17.45,113.7,4.16,33.85,,0.1
"2025-07-07 15:53:26",4597,4334,59031,0,,17.35,113.7,4.16,33.75,,0.1
"2025-07-07 15:53:27",4597,4334,59030,40.838493,0.759887,17.6,109.4,4.16,33.7,,0.1
"2025-07-07 15:53:31",4598,4335,59024,0,,17.8,110,4.16,33.6,,0.1
"2025-07-07 15:53:32",4598,4335,59023,0,,17,115.3,4.16,33.6,,0.1
"2025-07-07 15:53:33",4598,4335,59022,40.838133,0.761038,17.35,112.8,4.1,33.6,,0.1
"2025-07-07 15:53:35",4600,4337,59011,0,,16.75,112.6,4.16,33.65,,0.3
"2025-07-07 15:53:36",4600,4337,59006,40.837958,0.761612,17,112.5,4.16,33.65,,0.3
"2025-07-07 15:53:37",4601,4338,59002,0,,18.1,110.4,4.16,33.65,,0.4
"2025-07-07 15:53:38",4601,4338,58999,0,,17.5,112.5,4.18,33.6,,0.4
"2025-07-07 15:53:39",4602,4339,58996,40.837783,0.762183,17.5,113.3,4.18,33.6,,0.4
"2025-07-07 15:53:40",4602,4339,58993,0,,17.9,109.6,4.16,33.55,,0.4
"2025-07-07 15:53:41",4603,4340,58990,0,,17.9,111.4,4.23,33.55,,0.4
"2025-07-07 15:53:42",4603,4340,58988,40.83761,0.762762,16.6,113.7,4.18,33.55,,0.4
"2025-07-07 15:53:43",4604,4341,58981,0,,17.2,110.5,4.18,33.45,,0.4
"2025-07-07 15:53:44",4605,4342,58975,0,,17.9,110.4,4.22,33.5,,0.5
"2025-07-07 15:53:45",4605,4342,58970,40.83744,0.763333,17.35,113.8,4.19,33.45,,0.6
"2025-07-07 15:53:46",4606,4343,58967,0,,17.25,112.6,4.18,33.4,,0.6
"2025-07-07 15:53:47",4606,4343,58965,0,,17.4,109.8,4.18,33.35,,0.5
"2025-07-07 15:53:48",4606,4343,58964,40.837267,0.76391,17.55,111.2,4.18,33.35,23.5,0.5
"2025-07-07 15:53:50",4608,4345,58953,0,,17.85,110.6,4.16,33.35,,0.5
"2025-07-07 15:53:51",4608,4345,58948,40.837098,0.764477,17.65,110.8,4.23,33.35,,0.5
"2025-07-07 15:53:52",4608,4345,58948,0,,16.55,113.6,4.18,33.35,,0.5
"2025-07-07 15:53:53",4608,4345,58948,0,,17.1,111.6,4.18,33.35,,0.5
"2025-07-07 15:53:54",4608,4345,58948,40.836928,0.76504,18.2,108.6,4.16,33.35,,0.5
"2025-07-07 15:53:55",4609,4346,58941,0,,17.55,112.8,4.19,33.35,,0.5
"2025-07-07 15:53:56",4610,4347,58935,0,,17.5,114,4.18,33.35,,0.5
"2025-07-07 15:53:57",4611,4348,58930,40.836755,0.765608,17.45,109.5,4.16,33.35,,0.5
"2025-07-07 15:53:58",4612,4349,58919,0,,17.7,108.1,4.23,33.35,,0.6
"2025-07-07 15:53:59",4614,4351,58909,0,,17.55,110.7,4.19,33.35,,0.6
"2025-07-07 15:54:00",4615,4352,58900,40.836598,0.766182,17.4,113.2,4.18,33.3,,0.7
"2025-07-07 15:54:01",4615,4352,58898,0,,17.5,110.5,4.16,33.3,,0.7
"2025-07-07 15:54:02",4615,4352,58897,0,,17.45,107.3,4.08,33.25,,0.7
"2025-07-07 15:54:03",4616,4353,58896,40.836442,0.766753,17.4,110.8,3.97,33.25,,0.6
"2025-07-07 15:54:05",4619,4356,58867,0,,16.85,110.5,4.16,33.3,,0.8
"2025-07-07 15:54:06",4621,4358,58854,40.836275,0.767325,17.05,107.8,3.99,33.3,,1
"2025-07-07 15:54:07",4622,4359,58846,0,,17.8,108.4,4.02,33.35,,1.1
"2025-07-07 15:54:08",4623,4360,58839,0,,17.35,113.5,4.06,33.35,,1.1
"2025-07-07 15:54:09",4624,4361,58832,40.836112,0.767903,17.35,111.3,4.05,33.4,,1.1
"2025-07-07 15:54:16",4633,4370,58771,0,,17.25,112.5,3.98,33.45,,1.3
"2025-07-07 15:54:17",4634,4371,58762,0,,18.25,107.8,3.92,33.45,,1.2
"2025-07-07 15:54:18",4635,4372,58754,40.835645,0.76963,17.7,108.1,4.04,33.45,,1.1
"2025-07-07 15:54:22",4640,4377,58715,0,,17.4,111.7,4.1,33.5,,1.2
"2025-07-07 15:54:23",4642,4379,58705,0,,16.7,111.6,4.04,33.5,,1.2
"2025-07-07 15:54:24",4643,4380,58696,40.83534,0.770762,16.45,105.6,3.94,33.5,,1.3
"2025-07-07 15:54:25",4645,4382,58683,0,,17.45,108.3,3.93,33.5,,1.3
"2025-07-07 15:54:26",4646,4383,58671,0,,16.95,113,3.99,33.55,,1.3
"2025-07-07 15:54:27",4648,4385,58660,40.835185,0.771338,16.25,108.2,3.93,33.55,,1.3
"2025-07-07 15:54:27",4650,4387,58649,0,,,,3.89,33.55,,1.3
"2025-07-07 15:54:28",4651,4388,58638,0,,,,3.93,33.55,,1.4
"2025-07-07 15:54:29",4653,4390,58628,0,,,,3.9,33.6,,1.4
"2025-07-07 15:54:31",4654,4391,58616,0,,16.7,106.8,3.84,33.6,,1.5
"2025-07-07 15:54:32",4656,4393,58605,0,,16.9,107.1,3.81,33.6,,1.5
"2025-07-07 15:54:33",4657,4394,58594,40.83489,0.772473,17.1,110.1,3.92,33.6,,1.5
"2025-07-07 15:54:34",4659,4396,58580,0,,16.4,108.8,3.86,33.6,,1.6
"2025-07-07 15:54:35",4661,4398,58567,0,,16.75,107.2,3.8,33.6,,1.6
"2025-07-07 15:54:36",4663,4400,58554,40.834743,0.773038,17.8,110.1,3.82,33.6,,1.6
"2025-07-07 15:54:46",4682,4419,58415,0,,16.95,107.3,3.55,33.85,,1.9
"2025-07-07 15:54:47",4684,4421,58401,0,,17.2,111.4,3.55,33.9,,1.9
"2025-07-07 15:54:48",4686,4423,58388,40.834173,0.775328,17.2,107.4,3.55,33.95,,1.9
"2025-07-07 15:54:55",4700,4437,58289,0,,17.25,104,3.45,34.05,,1.9
"2025-07-07 15:54:56",4702,4439,58275,0,,17.3,106.4,3.39,34.05,,1.9
"2025-07-07 15:54:57",4704,4441,58262,40.83377,0.77704,17.35,111.8,3.28,34.05,,1.9
"2025-07-07 15:56:06",4891,4628,56932,40.830635,0.790275,17.2,107.2,2.11,30.95,,2.7
"2025-07-07 15:56:45",5007,4744,56122,40.828828,0.79796,17.4,103.2,1.59,24.6,,3
"2025-07-07 15:56:49",5022,4759,56022,0,,17.55,102.3,1.48,23.9,,3
"2025-07-07 15:56:50",5025,4762,55997,0,,17.6,108.9,1.45,23.75,,3
"2025-07-07 15:56:51",5029,4766,55972,40.828578,0.799177,17.85,104.7,1.39,23.6,,3.1
"2025-07-07 15:56:55",5042,4779,55879,0,,17.55,106.7,1.46,22.85,,3.1
"2025-07-07 15:56:56",5046,4783,55856,0,,17.85,101.5,1.41,22.6,,3.1
"2025-07-07 15:56:57",5049,4786,55834,40.828352,0.80041,17.8,108.3,1.35,22.3,22.5,3.1
"2025-07-07 15:59:09",4330,4067,60996,40.821668,0.825895,16,119.2,3.48,40.75,,-5.4
"2025-07-07 15:59:13",4299,4036,61231,0,,16.25,117.7,3.78,41.05,,-5.5
"2025-07-07 15:59:14",4291,4028,61290,0,,16.25,118.6,3.82,41.05,,-5.5
"2025-07-07 15:59:15",4283,4020,61350,40.821253,0.826898,16.65,118,3.9,41.05,,-5.6
"2025-07-07 15:59:16",4275,4012,61412,0,,16.3,117.8,3.98,41,,-5.6
"2025-07-07 15:59:17",4267,4004,61473,0,,16.4,118.6,4.16,41,,-5.6
"2025-07-07 15:59:18",4259,3996,61534,40.821045,0.827407,16.1,119.3,4.16,40.95,,-5.6
"2025-07-07 15:59:28",4176,3913,62160,0,,16.8,121.3,4.88,40.8,,-8.3
"2025-07-07 15:59:29",4167,3904,62223,0,,16.7,120.2,4.94,40.75,,-8.3
"2025-07-07 15:59:30",4159,3896,62286,40.820153,0.829442,16.45,120.5,5.02,40.7,,-8.3
"2025-07-07 15:59:31",4149,3886,62359,0,,16.75,120.6,5.08,40.65,,-8.3
"2025-07-07 15:59:32",4140,3877,62427,0,,16.65,119.1,5.17,40.5,,-8.4
"2025-07-07 15:59:33",4131,3868,62496,40.819928,0.829953,16.45,119.2,5.25,40.4,,-8.4
"2025-07-07 15:59:34",4123,3860,62563,0,,16.7,119.9,5.33,40.25,,-8.4
"2025-07-07 15:59:35",4114,3851,62625,0,,16.7,119.4,5.4,40,,-8.4
"2025-07-07 15:59:36",4106,3843,62688,40.819705,0.830467,16.8,120.5,5.49,39.8,,-8.4
"2025-07-07 15:59:37",4099,3836,62746,0,,16.45,119.5,5.56,39.6,,-8.4
"2025-07-07 15:59:38",4089,3826,62822,0,,16.6,119.8,5.67,39.3,,-8.5
"2025-07-07 15:59:39",4079,3816,62898,40.819487,0.83098,16.65,117,5.73,39,18.5,-8.6
"2025-07-07 15:59:40",4071,3808,62955,0,,16.15,117.9,5.85,38.8,,-8.5
"2025-07-07 15:59:41",4064,3801,63013,0,,16.65,117.7,5.9,38.5,,-8.7
"2025-07-07 15:59:42",4056,3793,63072,40.819282,0.831498,16.35,116,6.01,38.25,,-8.6
"2025-07-07 15:59:43",4048,3785,63137,0,,16.55,114.3,6.07,37.9,,-8.6
"2025-07-07 15:59:44",4039,3776,63201,0,,16.5,116.2,6.15,37.55,,-8.6
"2025-07-07 15:59:45",4031,3768,63266,40.819085,0.832028,16.8,115.7,6.24,37.15,,-8.5
"2025-07-07 15:59:46",4023,3760,63325,0,,16.8,117,6.33,36.75,,-8.4
"2025-07-07 15:59:47",4015,3752,63383,0,,16.9,115.5,6.38,36.3,,-8.4
"2025-07-07 15:59:48",4008,3745,63442,40.818883,0.832567,17.2,116.7,6.46,35.85,,-8.3
"2025-07-07 15:59:50",3990,3727,63579,0,,16.95,117.1,6.61,34.85,,-8.2
"2025-07-07 15:59:51",3981,3718,63648,40.818677,0.833103,16.85,115.8,6.7,34.35,,-8.1
"2025-07-07 15:59:52",3973,3710,63712,0,,17.2,116,6.75,33.8,,-8.2
"2025-07-07 15:59:53",3964,3701,63780,0,,17.6,115.1,6.82,33.25,,-8.3
"2025-07-07 15:59:54",3955,3692,63848,40.818472,0.833657,17.45,115.7,6.9,32.6,,-8.4
"2025-07-07 15:59:55",3946,3683,63923,0,,17.2,114.1,7.02,32,,-8.5
"2025-07-07 15:59:56",3936,3673,63997,0,,17.5,115.7,7.02,31.2,,-8.6
"2025-07-07 15:59:57",3926,3663,64072,40.818273,0.834218,17.6,113.7,7.12,30.5,,-8.7
"2025-07-07 15:59:58",3918,3655,64137,0,,17.1,114.3,7.19,29.75,,-8.7
"2025-07-07 15:59:59",3910,3647,64201,0,,17.7,114.4,7.26,29,,-8.7
"2025-07-07 16:00:00",3901,3638,64266,40.81808,0.834783,17.25,114.4,7.32,28.25,,-8.8
"2025-07-07 16:00:01",3894,3631,64322,0,,17.8,113.5,7.4,27.65,,-8.7
"2025-07-07 16:00:02",3887,3624,64377,0,,18,114.1,7.48,27.05,,-8.6
"2025-07-07 16:00:03",3880,3617,64432,40.817883,0.835362,17.65,113.5,7.59,26.5,,-8.4
"2025-07-07 16:00:05",3861,3598,64578,0,,18.35,110.9,7.71,25.1,,-8.6
"2025-07-07 16:00:06",3852,3589,64654,40.8177,0.835953,17.8,111.4,7.77,24.3,19,-8.6
"2025-07-07 16:00:07",3845,3582,64707,0,,18.25,109.9,7.82,23.35,,-8.4
"2025-07-07 16:00:08",3838,3575,64759,0,,18.5,109.2,7.86,22.25,,-8.1
"2025-07-07 16:00:09",3832,3569,64812,40.817527,0.836568,18.9,109.4,7.92,20.95,,-7.9
