timestamp,msl,agl,pressure,latitude,longitude,speed,heading,temperature,relative_humidity,internal_temperature,rise_speed
"2025-03-04 15:29:12",13,-1,101158,52.098658,5.735862,0.25,104.8,21.59,31.7,,0
"2025-03-04 15:29:13",13,-1,101156,0,,0.25,222.4,21.57,31.7,,0
"2025-03-04 15:29:14",13,-1,101155,0,,0,222.4,21.57,31.6,,0
"2025-03-04 15:29:15",13,-1,101154,52.09866,5.735852,0.25,222.4,21.57,31.6,,0
"2025-03-04 15:29:16",13,-1,101151,0,,0.25,222.4,21.6,31.75,,0
"2025-03-04 15:29:17",14,0,101149,0,,0.05,222.4,21.57,31.95,,0
"2025-03-04 15:29:18",14,0,101148,52.098657,5.735843,1.2,264.7,21.49,32,,0
"2025-03-04 15:29:19",14,0,101140,0,,1.65,288.5,21.45,31.85,,0.1
"2025-03-04 15:29:20",15,0,101133,0,,1.2,305,21.35,31.7,,0.1
"2025-03-04 15:29:21",16,1,101126,52.098677,5.735778,2.9,274.5,21.23,31.5,31.75,0.1
"2025-03-04 15:29:22",17,2,101110,0,,1.8,303.9,21.12,31.4,,0.2
"2025-03-04 15:29:23",18,3,101095,0,,3.5,315.4,21,31.4,,0.4
"2025-03-04 15:29:24",20,5,101080,52.098728,5.735685,3.65,313.9,20.91,31.5,,0.5
"2025-03-04 15:29:26",24,9,101025,0,,5.95,312,20.82,31.8,,0.9
"2025-03-04 15:29:27",27,12,100998,52.098817,5.735523,4.1,293.3,20.77,31.9,,1.1
"2025-03-04 15:29:28",27,12,100997,0,,7.1,301.5,20.7,31.75,,1
"2025-03-04 15:29:29",27,12,100996,0,,4.15,302.2,20.7,31.75,,1
"2025-03-04 15:29:30",27,12,100996,52.098895,5.735313,6.5,308.2,20.67,31.85,,1
"2025-03-04 15:29:31",27,12,100994,0,,5.6,289.5,20.63,31.9,,1
"2025-03-04 15:29:32",27,12,100993,0,,4.9,297.6,20.61,31.9,,1
"2025-03-04 15:29:33",27,12,100992,52.098948,5.73509,5.25,287.7,20.57,31.95,,0.9
"2025-03-04 15:29:34",28,13,100978,0,,3.8,299.5,20.51,32,,0.9
"2025-03-04 15:29:35",29,14,100965,0,,5,286.5,20.44,32.05,,0.9
"2025-03-04 15:29:36",31,16,100952,52.099005,5.734912,4.2,294.1,20.4,32.1,,0.9
"2025-03-04 15:29:37",32,17,100934,0,,5.45,301,20.37,32.1,,1
"2025-03-04 15:29:38",34,19,100916,0,,4.95,291.7,20.34,32.1,,1
"2025-03-04 15:29:39",35,20,100898,52.099068,5.73471,5.8,302.2,20.31,32.05,,0.8
"2025-03-04 15:29:42",37,22,100872,52.099127,5.734502,4.9,290.1,20.21,31.9,,0.9
"2025-03-04 15:29:43",39,24,100858,0,,5.55,301.5,20.2,31.9,,0.9
"2025-03-04 15:29:44",40,25,100844,0,,6,288.8,20.2,31.9,,1
"2025-03-04 15:29:45",41,26,100830,52.099192,5.73429,4.5,296.8,20.2,31.9,,1.1
"2025-03-04 15:29:46",43,28,100812,0,,5.9,293,20.19,31.95,,1.2
"2025-03-04 15:29:47",44,29,100795,0,,4.7,290.5,20.19,31.95,,1.2
"2025-03-04 15:29:48",46,31,100778,52.099248,5.734082,5.7,291.1,20.17,32,31.5,1.2
"2025-03-04 15:29:49",46,31,100771,0,,5.15,290.1,20.14,32,,1.2
"2025-03-04 15:29:50",47,32,100764,0,,5.5,296.7,20.12,32,,1.1
"2025-03-04 15:29:51",47,32,100758,52.099303,5.733863,5.35,291.2,20.12,32,,1
"2025-03-04 15:29:52",49,34,100736,0,,4.45,292.7,20.08,32,,1.1
"2025-03-04 15:29:53",51,36,100716,0,,5.9,290.8,20.09,32,,1.1
"2025-03-04 15:29:54",53,38,100696,52.099357,5.733652,5.25,288.9,20.09,32.05,,1.2
"2025-03-04 15:29:56",55,40,100662,0,,5.6,287.2,20.08,32.1,,1.3
"2025-03-04 15:29:57",57,42,100646,52.099418,5.733422,5.95,293.7,20.08,32.1,,1.3
"2025-03-04 15:29:58",58,43,100636,0,,6.35,287.7,20.09,32.1,,1.3
"2025-03-04 15:29:59",58,43,100627,0,,6.5,290,20.09,32.15,,1.2
"2025-03-04 15:30:00",59,44,100618,52.099478,5.733162,6.2,290.1,20.07,32.15,,1.2
"2025-03-04 15:30:01",61,46,100592,0,,5.7,288.8,20.04,32.15,,1.3
"2025-03-04 15:30:02",64,49,100567,0,,6.85,283.5,20.02,32.15,,1.4
"2025-03-04 15:30:03",66,51,100542,52.099537,5.732907,5.8,285.6,19.99,32.2,,1.5
"2025-03-04 15:30:04",68,53,100520,0,,5.95,291.1,19.97,32.2,,1.5
"2025-03-04 15:30:05",70,55,100499,0,,5.1,286.4,19.96,32.25,,1.6
"2025-03-04 15:30:06",71,56,100478,52.099588,5.732678,5.5,289.3,19.94,32.25,,1.6
"2025-03-04 15:30:07",73,58,100461,0,,5.6,282.1,19.92,32.2,,1.6
"2025-03-04 15:30:08",74,59,100443,0,,5.25,286.3,19.89,32.25,,1.6
"2025-03-04 15:30:09",76,61,100426,52.099627,5.732443,6.15,284.6,19.88,32.3,,1.6
"2025-03-04 15:30:10",78,63,100395,0,,5.8,285.4,19.88,32.35,,1.7
"2025-03-04 15:30:11",81,66,100366,0,,7.65,273,19.89,32.35,,1.9
"2025-03-04 15:30:12",83,68,100338,52.099662,5.732162,6.4,285.4,19.87,32.4,,2
"2025-03-04 15:30:13",85,70,100320,0,,7.5,284.2,19.83,32.35,,2
"2025-03-04 15:30:14",86,71,100302,0,,6.6,282.1,19.8,32.35,,1.9
"2025-03-04 15:30:15",88,73,100284,52.099712,5.731868,7.4,292.7,19.79,32.4,31.5,1.9
"2025-03-04 15:30:16",89,74,100269,0,,7.25,276.5,19.77,32.4,,1.8
"2025-03-04 15:30:17",90,75,100255,0,,6.25,284.2,19.73,32.45,,1.8
"2025-03-04 15:30:18",92,77,100242,52.099748,5.731573,7.25,274.5,19.69,32.5,,1.7
"2025-03-04 15:30:19",94,79,100220,0,,6.1,279.9,19.67,32.55,,1.7
"2025-03-04 15:30:20",95,80,100200,0,,7.65,275.5,19.67,32.55,,1.7
"2025-03-04 15:30:21",97,82,100180,52.099773,5.731285,5.95,271.5,19.65,32.6,,1.8
"2025-03-04 15:30:22",98,83,100168,0,,7.9,284.1,19.64,32.65,,1.7
"2025-03-04 15:30:23",99,84,100156,0,,6.5,268.4,19.63,32.7,,1.6
"2025-03-04 15:30:24",100,85,100144,52.099797,5.730988,6.8,281.8,19.6,32.7,,1.5
"2025-03-04 15:30:26",102,87,100123,0,,6.3,270.9,19.59,32.75,,1.3
"2025-03-04 15:30:27",103,88,100114,52.09981,5.73069,7.5,276.4,19.59,32.75,,1.2
"2025-03-04 15:30:28",103,88,100108,0,,7.2,275.1,19.57,32.8,,1.2
"2025-03-04 15:30:29",104,89,100103,0,,7.05,277.7,19.54,32.85,,1.1
"2025-03-04 15:30:30",104,89,100098,52.099837,5.730382,6.95,272.9,19.55,32.9,,1
"2025-03-04 15:30:31",106,91,100080,0,,7.2,282.8,19.53,32.85,,1
"2025-03-04 15:30:32",107,92,100064,0,,7.2,273.2,19.53,32.9,,1
"2025-03-04 15:30:33",108,93,100048,52.099858,5.730073,6.95,274.7,19.52,32.9,,0.9
"2025-03-04 15:30:34",109,94,100043,0,,6.85,271.7,19.51,32.95,,0.9
"2025-03-04 15:30:35",109,94,100038,0,,6.45,274.3,19.5,33,,0.8
"2025-03-04 15:30:36",110,95,100034,52.099863,5.729773,7.25,267.7,19.51,33.05,,0.8
"2025-03-04 15:30:37",111,96,100021,0,,6.45,274.4,19.49,33.1,,0.8
"2025-03-04 15:30:38",112,97,100009,0,,7.45,275.6,19.49,33.1,,0.8
"2025-03-04 15:30:39",113,98,99998,52.099877,5.729473,6.45,279,19.49,33.15,,0.8
"2025-03-04 15:30:42",114,99,99978,52.099908,5.729182,6.8,277.4,19.44,33.2,31.25,0.9
"2025-03-04 15:30:43",115,100,99969,0,,6.8,269.2,19.44,33.25,,0.8
"2025-03-04 15:30:44",116,101,99961,0,,6.5,273.7,19.42,33.25,,0.8
"2025-03-04 15:30:45",116,101,99954,52.099912,5.728888,6.95,267.7,19.42,33.3,,0.7
"2025-03-04 15:30:46",117,102,99943,0,,6.25,267.1,19.42,33.35,,0.7
"2025-03-04 15:30:47",118,103,99933,0,,7.05,267.4,19.4,33.35,,0.8
"2025-03-04 15:30:48",119,104,99924,52.099907,5.728597,6.8,274.4,19.4,33.4,,0.8
"2025-03-04 15:30:49",121,106,99901,0,,6,274.8,19.4,33.35,,0.9
"2025-03-04 15:30:50",123,108,99878,0,,6.6,272.1,19.4,33.35,,0.9
"2025-03-04 15:30:51",125,110,99856,52.099917,5.728318,6.3,272.6,19.47,33.4,,1
"2025-03-04 15:30:52",126,111,99844,0,,6.95,268.1,19.45,33.4,,1
"2025-03-04 15:30:53",127,112,99832,0,,6.95,274.4,19.43,33.4,,1
"2025-03-04 15:30:54",128,113,99820,52.099923,5.728022,7.35,269.1,19.43,33.4,,1.1
"2025-03-04 15:30:55",129,114,99810,0,,,,19.44,33.4,,1.1
"2025-03-04 15:30:56",130,115,99801,0,,,,19.44,33.4,,1.1
"2025-03-04 15:30:57",130,115,99792,0,,,,19.39,33.35,,1.1
"2025-03-04 15:30:58",132,117,99769,0,,6.75,272,19.37,33.35,,1.2
"2025-03-04 15:30:59",134,119,99747,0,,6.55,275.6,19.35,33.4,,1.3
"2025-03-04 15:31:00",136,121,99726,52.09995,5.727417,5.85,274.8,19.42,33.4,,1.4
"2025-03-04 15:31:01",137,122,99716,0,,6.7,272.1,19.43,33.4,,1.3
"2025-03-04 15:31:02",138,123,99707,0,,7.5,274.2,19.42,33.4,,1.2
"2025-03-04 15:31:03",139,124,99698,52.099965,5.727122,6.75,276.7,19.39,33.4,,1.1
"2025-03-04 15:31:04",140,125,99679,0,,6.9,278.4,19.42,33.4,,1.2
"2025-03-04 15:31:05",142,127,99659,0,,7.3,272,19.4,33.4,,1.2
"2025-03-04 15:31:06",144,129,99640,52.099985,5.726818,6.75,276.8,19.43,33.4,,1.3
"2025-03-04 15:31:08",145,130,99623,0,,6.1,276.4,19.4,33.4,,1.3
"2025-03-04 15:31:09",146,131,99616,52.100002,5.726532,6.7,274,19.36,33.4,31.5,1.3
"2025-03-04 15:31:11",150,135,99570,0,,6.3,276.5,19.28,33.4,,1.3
"2025-03-04 15:31:12",152,137,99548,52.100013,5.726245,6.7,271,19.24,33.45,,1.3
"2025-03-04 15:31:14",155,140,99509,0,,7.05,270.4,19.24,33.5,,1.4
"2025-03-04 15:31:15",157,142,99490,52.10003,5.725957,6.9,278.2,19.22,33.5,,1.5
"2025-03-04 15:31:17",160,145,99448,0,,6.7,269.8,19.23,33.5,,1.5
"2025-03-04 15:31:18",162,147,99428,52.100043,5.725662,7,276.6,19.21,33.5,,1.5
"2025-03-04 15:31:20",166,151,99384,0,,7.05,275.5,19.2,33.55,,1.6
"2025-03-04 15:31:21",168,153,99362,52.100045,5.725353,6.65,270.9,19.22,33.6,,1.8
"2025-03-04 15:31:23",170,155,99340,0,,6.6,274.6,19.15,33.6,,1.7
"2025-03-04 15:31:24",170,155,99330,52.10005,5.725057,7.1,275.8,19.09,33.6,,1.6
"2025-03-04 15:31:27",176,161,99270,52.100068,5.724765,6.9,280,19.02,33.7,,1.6
"2025-03-04 15:31:28",178,163,99245,0,,6.15,276,19,33.7,,1.6
"2025-03-04 15:31:29",180,165,99218,0,,7,274.7,18.96,33.7,,1.7
"2025-03-04 15:31:30",182,167,99192,52.100085,5.724473,6.65,269.8,18.93,33.75,,1.7
"2025-03-04 15:31:31",184,169,99173,0,,7,273.9,18.92,33.8,,1.7
"2025-03-04 15:31:32",186,171,99154,0,,6.1,269.8,18.9,33.8,,1.7
"2025-03-04 15:31:33",187,172,99136,52.100092,5.724188,6.3,272.9,18.89,33.85,,1.6
"2025-03-04 15:31:34",189,174,99110,0,,6.45,272.7,18.87,33.85,,1.7
"2025-03-04 15:31:35",192,177,99086,0,,6.3,280.4,18.85,33.85,,1.8
"2025-03-04 15:31:36",194,179,99062,52.10011,5.723915,6.3,275.7,18.84,33.9,31.5,1.9
"2025-03-04 15:31:37",195,180,99042,0,,6.35,270.4,18.81,33.95,,1.9
"2025-03-04 15:31:38",197,182,99022,0,,6,275.2,18.86,33.95,,1.9
"2025-03-04 15:31:39",199,184,99002,52.100125,5.723647,6.95,279.5,18.84,34,,1.9
"2025-03-04 15:31:40",201,186,98979,0,,6.7,277,18.85,33.95,,1.9
"2025-03-04 15:31:41",203,188,98957,0,,6.85,273.6,18.8,33.95,,1.9
"2025-03-04 15:31:42",205,190,98936,52.100143,5.723352,7.05,270.9,18.76,33.95,,1.9
"2025-03-04 15:31:43",205,190,98928,0,,6.75,279.3,18.76,34,,1.8
"2025-03-04 15:31:44",206,191,98920,0,,7.1,279.7,18.72,34,,1.7
"2025-03-04 15:31:45",207,192,98912,52.100168,5.723057,6.3,274.9,18.7,34.05,,1.6
"2025-03-04 15:31:46",208,193,98895,0,,6.4,282.8,18.65,34.05,,1.6
"2025-03-04 15:31:47",210,195,98878,0,,6.65,274.2,18.6,34.1,,1.6
"2025-03-04 15:31:48",211,196,98862,52.100193,5.722775,6.95,276.4,18.58,34.15,,1.5
"2025-03-04 15:31:49",213,198,98836,0,,7.1,271.4,18.55,34.2,,1.5
"2025-03-04 15:31:50",215,200,98812,0,,6.4,276.9,18.54,34.25,,1.5
"2025-03-04 15:31:51",218,203,98788,52.100212,5.72248,6.8,279.3,18.55,34.3,,1.5
"2025-03-04 15:31:52",219,204,98774,0,,6.15,271.4,18.61,34.3,,1.5
"2025-03-04 15:31:53",220,205,98761,0,,7.4,273.2,18.6,34.3,,1.4
"2025-03-04 15:31:54",221,206,98748,52.100225,5.722185,6.7,274.9,18.61,34.3,,1.4
"2025-03-04 15:31:56",225,210,98703,0,,6.35,268.6,18.55,34.35,,1.5
"2025-03-04 15:31:57",227,212,98680,52.100233,5.721922,6,270.4,18.51,34.4,,1.6
"2025-03-04 15:31:58",228,213,98664,0,,6.7,272.9,18.48,34.4,,1.7
"2025-03-04 15:31:59",230,215,98649,0,,6.15,275.9,18.46,34.5,,1.7
"2025-03-04 15:32:00",231,216,98634,52.100245,5.721647,6.15,273.6,18.43,34.5,,1.7
"2025-03-04 15:32:01",234,219,98601,0,,6.4,272.1,18.4,34.55,,1.7
"2025-03-04 15:32:02",237,222,98568,0,,6.4,272.1,18.38,34.55,,1.8
"2025-03-04 15:32:03",240,225,98536,52.100257,5.721365,6.8,276.4,18.38,34.6,31.25,1.9
"2025-03-04 15:32:04",241,226,98517,0,,6.8,277.3,18.34,34.65,,1.8
"2025-03-04 15:32:05",243,228,98498,0,,6.75,271.2,18.31,34.65,,1.9
"2025-03-04 15:32:06",244,229,98480,52.100272,5.721075,6.25,272.6,18.28,34.65,,1.9
"2025-03-04 15:32:07",247,232,98452,0,,5.85,266.2,18.26,34.7,,2
"2025-03-04 15:32:08",249,234,98426,0,,6.35,278,18.22,34.75,,2
"2025-03-04 15:32:09",251,236,98400,52.100277,5.720813,5.7,264,18.25,34.8,,2
"2025-03-04 15:32:11",255,240,98360,0,,6.2,270.8,18.27,34.85,,2.1
"2025-03-04 15:32:12",257,242,98340,52.100263,5.720547,5.55,266.5,18.24,34.9,,2.1
"2025-03-04 15:32:13",258,243,98326,0,,5.7,273.4,18.19,34.85,,2
"2025-03-04 15:32:14",259,244,98314,0,,5.25,255.7,18.16,34.9,,1.8
"2025-03-04 15:32:15",260,245,98302,52.10026,5.720317,5.6,273.7,18.16,34.9,,1.7
"2025-03-04 15:32:16",262,247,98274,0,,5.3,267.3,18.13,34.95,,1.8
"2025-03-04 15:32:17",265,250,98246,0,,5,265.6,18.09,34.9,,1.8
"2025-03-04 15:32:18",267,252,98218,52.100257,5.72009,5,271.3,18.06,34.95,,1.9
"2025-03-04 15:32:19",269,254,98194,0,,5.3,257.1,18.05,34.95,,1.9
"2025-03-04 15:32:20",271,256,98171,0,,5.1,268.8,18.09,34.95,,1.9
"2025-03-04 15:32:21",273,258,98148,52.100247,5.71987,4.65,270.2,18.19,34.95,,1.9
"2025-03-04 15:32:22",275,260,98127,0,,6,265,18.15,34.95,,1.8
"2025-03-04 15:32:23",277,262,98107,0,,4.6,264.9,18.13,34.95,,1.8
"2025-03-04 15:32:24",279,264,98088,52.100237,5.719643,5.8,260.3,18.07,34.95,,1.8
"2025-03-04 15:32:26",281,266,98060,0,,6.15,278.6,17.99,35,,1.8
"2025-03-04 15:32:27",282,267,98046,52.100252,5.719385,5.95,280.1,17.95,35.05,,1.8
"2025-03-04 15:32:28",285,270,98019,0,,5.75,272,17.92,35.1,,1.9
"2025-03-04 15:32:29",287,272,97992,0,,5.75,272,17.92,35.15,,1.8
"2025-03-04 15:32:30",289,274,97966,52.100258,5.719132,5.35,264.9,18,35.2,31,1.8
"2025-03-04 15:32:31",290,275,97957,0,,5.95,270.8,17.98,35.2,,1.8
"2025-03-04 15:32:32",291,276,97948,0,,5.95,270.9,17.96,35.25,,1.7
"2025-03-04 15:32:33",292,277,97940,52.100258,5.718877,6.3,270.6,17.95,35.25,,1.6
"2025-03-04 15:32:34",294,279,97909,0,,5.95,270,17.91,35.3,,1.6
"2025-03-04 15:32:35",297,282,97879,0,,5.95,270,17.92,35.3,,1.7
"2025-03-04 15:32:36",300,285,97850,52.10026,5.71863,5.55,272.7,17.91,35.3,,1.7
"2025-03-04 15:32:37",301,286,97833,0,,5.45,272.6,17.88,35.25,,1.7
"2025-03-04 15:32:38",302,287,97816,0,,6,267.7,17.88,35.25,,1.7
"2025-03-04 15:32:39",304,289,97800,52.100258,5.718375,6.45,269.6,17.88,35.3,,1.8
"2025-03-04 15:32:40",305,290,97782,0,,6.45,269.3,17.91,35.3,,1.7
"2025-03-04 15:32:41",307,292,97766,0,,6.7,269.4,17.9,35.35,,1.6
"2025-03-04 15:32:42",308,293,97750,52.100255,5.71809,6.15,266,17.91,35.35,,1.6
"2025-03-04 15:32:43",309,294,97736,0,,7.1,259.7,17.88,35.35,,1.6
"2025-03-04 15:32:44",311,296,97722,0,,6,262.8,17.85,35.35,,1.7
"2025-03-04 15:32:45",312,297,97708,52.100232,5.717813,5.4,267.9,17.83,35.3,,1.7
"2025-03-04 15:32:46",313,298,97692,0,,6.2,260.5,17.86,35.3,,1.6
"2025-03-04 15:32:47",315,300,97677,0,,5.75,258.4,17.85,35.3,,1.5
"2025-03-04 15:32:48",316,301,97662,52.10021,5.717562,5.85,261.3,17.84,35.3,,1.4
"2025-03-04 15:32:49",317,302,97648,0,,5.25,262.5,17.84,35.3,,1.3
"2025-03-04 15:32:50",318,303,97635,0,,6.05,264.7,17.77,35.3,,1.3
"2025-03-04 15:32:51",320,305,97622,52.100193,5.71731,5.85,269,17.74,35.3,,1.3
"2025-03-04 15:32:52",320,305,97612,0,,6.35,265.8,17.71,35.3,,1.3
"2025-03-04 15:32:53",321,306,97602,0,,6.25,267.6,17.68,35.3,,1.2
"2025-03-04 15:32:54",322,307,97592,52.100182,5.71704,5.65,262.2,17.66,35.35,,1.2
"2025-03-04 15:32:56",325,310,97561,0,,5.4,263,17.65,35.4,,1.2
"2025-03-04 15:32:57",326,311,97546,52.100165,5.716785,6.35,264.7,17.64,35.45,30.5,1.2
"2025-03-04 15:32:58",327,312,97537,0,,5.5,263.1,17.72,35.5,,1.1
"2025-03-04 15:32:59",328,313,97528,0,,5.75,259.3,17.69,35.5,,1.1
"2025-03-04 15:33:00",329,314,97520,52.100145,5.716538,5.15,265.7,17.69,35.5,,1
"2025-03-04 15:33:01",330,315,97507,0,,5.65,256.8,17.62,35.5,,1
"2025-03-04 15:33:02",331,316,97493,0,,4.8,264.7,17.59,35.5,,1
"2025-03-04 15:33:03",332,317,97480,52.100125,5.71631,5.45,259.6,17.55,35.5,,1
"2025-03-04 15:33:04",333,318,97463,0,,6,262.4,17.51,35.55,,1.1
"2025-03-04 15:33:05",335,320,97447,0,,5.2,262.6,17.52,35.55,,1.1
"2025-03-04 15:33:06",336,321,97432,52.100105,5.716062,6.1,264.9,17.46,35.6,,1.2
"2025-03-04 15:33:07",337,322,97426,0,,5.25,260.8,17.47,35.65,,1.1
"2025-03-04 15:33:08",337,322,97421,0,,6.15,258.9,17.45,35.65,,1.1
"2025-03-04 15:33:09",338,323,97416,52.100082,5.715803,6.75,263.9,17.43,35.7,,1
"2025-03-04 15:33:11",341,326,97374,0,,6.15,269.3,17.36,35.75,,1.1
"2025-03-04 15:33:12",343,328,97354,52.100058,5.715543,5.8,259.8,17.31,35.8,,1.2
"2025-03-04 15:33:13",344,329,97343,0,,6.6,262.6,17.29,35.9,,1.2
"2025-03-04 15:33:14",345,330,97332,0,,5.5,262.8,17.29,35.95,,1.2
"2025-03-04 15:33:15",346,331,97322,52.100028,5.715287,5.6,252.9,17.26,36,,1.2
"2025-03-04 15:33:16",348,333,97300,0,,5.9,263.9,17.25,36,,1.2
"2025-03-04 15:33:17",350,335,97280,0,,5.4,252.6,17.3,36.05,,1.2
"2025-03-04 15:33:18",351,336,97260,52.099993,5.715038,6.55,258.6,17.3,36.05,,1.3
"2025-03-04 15:33:19",352,337,97252,0,,6.6,252.8,17.3,36.1,,1.2
"2025-03-04 15:33:20",353,338,97244,0,,6.4,265.4,17.3,36.1,,1.2
"2025-03-04 15:33:21",353,338,97236,52.099958,5.714753,6.9,262.9,17.28,36.1,,1.3
"2025-03-04 15:33:22",355,340,97215,0,,6.35,261.8,17.25,36.1,,1.4
"2025-03-04 15:33:23",357,342,97195,0,,6.3,260.7,17.25,36.1,,1.4
"2025-03-04 15:33:24",359,344,97176,52.09993,5.714478,6.05,260.3,17.28,36.15,30.5,1.3
"2025-03-04 15:33:26",360,345,97158,0,,7.05,259,17.31,36.15,,1.3
"2025-03-04 15:33:27",361,346,97150,52.099898,5.714202,5.95,270.5,17.28,36.15,,1.3
"2025-03-04 15:33:28",363,348,97128,0,,6.6,258.4,17.22,36.15,,1.3
"2025-03-04 15:33:29",365,350,97106,0,,5.95,269.5,17.24,36.15,,1.3
"2025-03-04 15:33:30",367,352,97084,52.09988,5.713935,5.6,259.2,17.24,36.15,,1.3
"2025-03-04 15:33:31",368,353,97075,0,,6,263,17.17,36.15,,1.3
"2025-03-04 15:33:32",368,353,97066,0,,5.65,259.7,17.14,36.2,,1.3
"2025-03-04 15:33:33",369,354,97058,52.099853,5.713685,5.65,259.6,17.1,36.2,,1.3
"2025-03-04 15:33:34",370,355,97046,0,,5,267.8,17.07,36.25,,1.3
"2025-03-04 15:33:35",371,356,97034,0,,6.15,256.7,17.03,36.25,,1.2
"2025-03-04 15:33:36",372,357,97022,52.099833,5.713445,5.85,261.5,17.01,36.3,,1.2
"2025-03-04 15:33:38",376,361,96984,0,,6.35,260.7,16.97,36.4,,1.2
"2025-03-04 15:33:39",377,362,96966,52.09981,5.71318,5.85,258.9,16.97,36.45,,1.3
"2025-03-04 15:33:41",380,365,96939,0,,5.35,261.6,16.96,36.5,,1.2
"2025-03-04 15:33:42",381,366,96926,52.099787,5.712917,6.55,261.7,17,36.5,,1.2
"2025-03-04 15:33:44",384,369,96894,0,,6.35,257.3,17.01,36.5,,1.2
"2025-03-04 15:33:45",385,370,96878,52.099748,5.712635,6.6,259.5,17.03,36.5,,1.3
"2025-03-04 15:33:47",385,370,96875,0,,7.25,257.6,17,36.45,,1.2
"2025-03-04 15:33:48",385,370,96874,52.099702,5.712348,6.4,252.8,16.96,36.45,,1.1
"2025-03-04 15:33:50",388,373,96846,0,,6.65,256.9,16.88,36.5,,1.1
"2025-03-04 15:33:51",389,374,96832,52.099668,5.712062,7.05,259.4,16.86,36.55,30.25,1
"2025-03-04 15:33:53",391,376,96810,0,,7.15,260.7,16.84,36.6,,1
"2025-03-04 15:33:54",392,377,96800,52.099635,5.711772,6.7,261.6,16.81,36.65,,0.9
"2025-03-04 15:33:55",393,378,96791,0,,7.05,258.7,16.79,36.65,,0.9
"2025-03-04 15:33:56",393,378,96783,0,,6.85,262.2,16.74,36.7,,0.8
"2025-03-04 15:33:57",394,379,96776,52.099602,5.711478,6.65,254.3,16.71,36.75,,0.7
"2025-03-04 15:33:58",395,380,96762,0,,7,266.3,16.69,36.8,,0.8
"2025-03-04 15:33:59",396,381,96749,0,,6.6,256.1,16.69,36.8,,0.9
"2025-03-04 15:34:00",398,383,96736,52.09957,5.711197,6.05,257.8,16.69,36.85,,1
"2025-03-04 15:34:01",399,384,96719,0,,6.4,258.2,16.69,36.9,,1.1
"2025-03-04 15:34:02",401,386,96702,0,,5.9,260.5,16.69,36.9,,1.1
"2025-03-04 15:34:03",402,387,96686,52.099538,5.710928,6.85,259.7,16.68,36.95,,1.1
"2025-03-04 15:34:04",402,387,96684,0,,7.25,259.8,16.67,37,,1
"2025-03-04 15:34:05",402,387,96683,0,,6.7,262,16.65,37,,0.9
"2025-03-04 15:34:06",402,387,96682,52.099507,5.71063,7.2,254.5,16.66,37.05,,0.9
"2025-03-04 15:34:07",403,388,96673,0,,6.6,264.4,16.67,37,,0.9
"2025-03-04 15:34:08",404,389,96665,0,,7.2,254.7,16.66,37.05,,0.9
"2025-03-04 15:34:09",404,389,96658,52.099475,5.710332,6.9,264.6,16.67,37.05,,0.9
"2025-03-04 15:34:10",405,390,96649,0,,7.15,258.9,16.65,37.05,,0.8
"2025-03-04 15:34:11",406,391,96641,0,,7.45,260.5,16.64,37.05,,0.8
"2025-03-04 15:34:12",407,392,96634,52.099442,5.710025,6.65,255,16.63,37.05,,0.8
"2025-03-04 15:34:13",408,393,96622,0,,6.85,257.2,16.64,37.1,,0.8
"2025-03-04 15:34:14",409,394,96610,0,,6.35,260.9,16.68,37.1,,0.7
"2025-03-04 15:34:15",410,395,96598,52.099402,5.709743,6.45,256.1,16.69,37.1,,0.7
"2025-03-04 15:34:16",411,396,96589,0,,6.7,262.7,16.7,37.1,,0.7
"2025-03-04 15:34:17",411,396,96581,0,,7.15,256.5,16.69,37.1,,0.7
"2025-03-04 15:34:18",412,397,96574,52.099372,5.70945,6.7,264.9,16.72,37.1,30,0.8
"2025-03-04 15:34:19",413,398,96562,0,,6.7,264.9,16.74,37.05,,0.8
"2025-03-04 15:34:20",414,399,96551,0,,6.35,258,16.77,37.05,,0.8
"2025-03-04 15:34:21",415,400,96540,52.09934,5.709168,6.15,260.6,16.79,37,,0.9
"2025-03-04 15:34:22",416,401,96529,0,,6.65,261.7,16.8,37,,0.9
"2025-03-04 15:34:23",417,402,96519,0,,7,263.6,16.82,36.95,,0.9
"2025-03-04 15:34:24",418,403,96510,52.09931,5.708882,6.8,252.9,16.82,36.9,,0.9
"2025-03-04 15:34:26",419,404,96489,0,,6.45,253.4,16.76,36.8,,0.9
"2025-03-04 15:34:27",420,405,96480,52.09927,5.708602,6.85,258.2,16.73,36.8,,0.9
"2025-03-04 15:34:28",421,406,96474,0,,7.5,256.3,16.69,36.8,,0.8
"2025-03-04 15:34:29",421,406,96469,0,,6.3,258.5,16.65,36.8,,0.8
"2025-03-04 15:34:30",422,407,96464,52.09923,5.708307,6.65,258.8,16.61,36.85,,0.8
"2025-03-04 15:34:31",423,408,96454,0,,6.15,261.8,16.58,36.9,,0.8
"2025-03-04 15:34:32",423,408,96445,0,,6.5,260.4,16.54,36.95,,0.8
"2025-03-04 15:34:33",424,409,96436,52.099202,5.70803,6.9,260,16.5,37,,0.8
"2025-03-04 15:34:34",425,410,96431,0,,6.6,266.1,16.5,37,,0.7
"2025-03-04 15:34:35",425,410,96426,0,,6.9,264.8,16.49,37.1,,0.7
"2025-03-04 15:34:36",425,410,96422,52.099183,5.707737,6.45,263.4,16.47,37.15,,0.7
"2025-03-04 15:34:37",426,411,96414,0,,6.9,263.1,16.47,37.2,,0.6
"2025-03-04 15:34:38",427,412,96407,0,,6.55,267.2,16.44,37.2,,0.6
"2025-03-04 15:34:39",427,412,96400,52.099168,5.707447,6.55,266.2,16.44,37.25,,0.6
"2025-03-04 15:34:41",428,413,96389,0,,6.45,261.4,16.41,37.3,,0.6
"2025-03-04 15:34:42",429,414,96384,52.099152,5.70716,6.45,268.3,16.41,37.35,,0.6
"2025-03-04 15:34:43",430,415,96373,0,,6.1,266.6,16.41,37.35,,0.6
"2025-03-04 15:34:44",430,415,96363,0,,6.6,270.6,16.4,37.35,,0.6
"2025-03-04 15:34:45",431,416,96354,52.099143,5.706885,6,260.9,16.41,37.4,29.75,0.6
"2025-03-04 15:34:46",432,417,96345,0,,6.5,258.2,16.39,37.4,,0.6
"2025-03-04 15:34:47",433,418,96336,0,,6.4,260.9,16.42,37.4,,0.6
"2025-03-04 15:34:48",434,419,96328,52.099112,5.706608,6.7,258.9,16.51,37.45,,0.7
"2025-03-04 15:34:49",434,419,96321,0,,8.1,258.9,16.49,37.4,,0.7
"2025-03-04 15:34:50",435,420,96314,0,,6.25,263,16.56,37.4,,0.7
"2025-03-04 15:34:51",435,420,96308,52.09908,5.706295,8,261.5,16.5,37.35,,0.7
"2025-03-04 15:34:52",436,421,96299,0,,6.15,259.8,16.49,37.3,,0.7
"2025-03-04 15:34:53",437,422,96291,0,,7,264.8,16.49,37.3,,0.7
"2025-03-04 15:34:54",438,423,96284,52.09905,5.706,6.55,253,16.43,37.25,,0.7
"2025-03-04 15:34:55",438,423,96276,0,,7.2,265.4,16.41,37.25,,0.7
"2025-03-04 15:34:56",439,424,96268,0,,6.7,258.5,16.44,37.25,,0.7
"2025-03-04 15:34:57",440,425,96260,52.09902,5.705702,6.9,261.9,16.43,37.25,,0.7
"2025-03-04 15:34:58",439,424,96266,0,,7.1,254.2,16.4,37.25,,0.6
"2025-03-04 15:34:59",439,424,96272,0,,6.75,266.7,16.39,37.25,,0.5
"2025-03-04 15:35:00",438,423,96278,52.098987,5.705393,7.55,261.8,16.38,37.3,,0.4
"2025-03-04 15:35:01",439,424,96267,0,,6.95,265.2,16.37,37.25,,0.4
"2025-03-04 15:35:02",440,425,96257,0,,8,264,16.34,37.3,,0.4
"2025-03-04 15:35:03",441,426,96248,52.098962,5.705067,7.5,259.7,16.31,37.3,,0.5
"2025-03-04 15:35:04",441,426,96243,0,,7.35,271.8,16.29,37.35,,0.4
"2025-03-04 15:35:05",442,427,96238,0,,7.15,265.5,16.33,37.35,,0.4
"2025-03-04 15:35:06",442,427,96234,52.098952,5.704747,7.7,270.3,16.34,37.4,,0.4
"2025-03-04 15:35:07",442,427,96232,0,,7.45,269.2,16.34,37.4,,0.3
"2025-03-04 15:35:08",442,427,96231,0,,7.6,264.5,16.32,37.4,,0.3
"2025-03-04 15:35:09",442,427,96230,52.098947,5.704415,7.75,269.9,16.29,37.4,,0.2
"2025-03-04 15:35:10",443,428,96219,0,,7.75,267.8,16.32,37.4,,0.3
"2025-03-04 15:35:11",444,429,96209,0,,8.4,271.6,16.29,37.4,,0.5
"2025-03-04 15:35:12",445,430,96200,52.098942,5.704068,7.35,267.1,16.32,37.45,29.5,0.6
"2025-03-04 15:35:13",445,430,96195,0,,8.15,276.2,16.32,37.4,,0.6
"2025-03-04 15:35:14",446,431,96190,0,,7.55,270.1,16.35,37.4,,0.5
"2025-03-04 15:35:15",446,431,96186,52.098947,5.703747,6.95,273.2,16.34,37.4,,0.5
"2025-03-04 15:35:16",446,431,96188,0,,6.65,275.4,16.38,37.4,,0.4
"2025-03-04 15:35:17",446,431,96191,0,,7.6,269.3,16.34,37.4,,0.4
"2025-03-04 15:35:18",446,431,96194,52.098957,5.70343,8.4,272.3,16.28,37.4,,0.3
"2025-03-04 15:35:19",447,432,96177,0,,7.25,276.2,16.24,37.35,,0.4
"2025-03-04 15:35:20",448,433,96161,0,,8.15,270.4,16.26,37.4,,0.5
"2025-03-04 15:35:21",450,435,96146,52.098967,5.703095,7.35,279.5,16.34,37.4,,0.6
"2025-03-04 15:35:22",449,434,96154,0,,7.05,273.4,16.35,37.4,,0.5
"2025-03-04 15:35:23",448,433,96163,0,,7.8,269.7,16.31,37.4,,0.4
"2025-03-04 15:35:24",448,433,96172,52.098972,5.702775,7.15,270.7,16.25,37.4,,0.3
"2025-03-04 15:35:26",450,435,96138,0,,7,265.9,16.19,37.45,,0.4
"2025-03-04 15:35:27",452,437,96122,52.098955,5.702468,6.45,258.5,16.19,37.5,,0.5
"2025-03-04 15:35:28",453,438,96115,0,,6.65,274.4,16.2,37.55,,0.5
"2025-03-04 15:35:29",453,438,96109,0,,6.65,257.8,16.24,37.6,,0.6
"2025-03-04 15:35:30",454,439,96104,52.098932,5.702187,6.55,263.8,16.27,37.6,,0.7
"2025-03-04 15:35:31",453,438,96109,0,,7.35,261.6,16.27,37.6,,0.6
"2025-03-04 15:35:32",453,438,96114,0,,6.85,263.7,16.26,37.6,,0.4
"2025-03-04 15:35:33",452,437,96120,52.098908,5.701883,7.4,267.3,16.23,37.65,,0.3
"2025-03-04 15:35:34",454,439,96103,0,,6.85,261.3,16.24,37.65,,0.4
"2025-03-04 15:35:35",455,440,96087,0,,8.15,267.3,16.23,37.65,,0.6
"2025-03-04 15:35:36",456,441,96072,52.098885,5.701553,7.75,259.8,16.2,37.65,,0.7
"2025-03-04 15:35:37",457,442,96067,0,,7.5,270.5,16.22,37.7,,0.7
"2025-03-04 15:35:38",457,442,96062,0,,7.7,264.6,16.25,37.7,,0.6
"2025-03-04 15:35:39",458,443,96058,52.09887,5.701222,7.8,271,16.26,37.7,29.25,0.5
"2025-03-04 15:35:41",457,442,96060,0,,7.25,269,16.21,37.65,,0.4
"2025-03-04 15:35:42",457,442,96062,52.098862,5.700877,7.75,264.3,16.17,37.65,,0.3
"2025-03-04 15:35:43",459,444,96046,0,,7.4,264.5,16.17,37.65,,0.4
"2025-03-04 15:35:44",460,445,96031,0,,8.2,261,16.17,37.7,,0.5
"2025-03-04 15:35:45",461,446,96016,52.098837,5.700543,7.4,262.5,16.22,37.75,,0.7
"2025-03-04 15:35:46",462,447,96010,0,,7.55,270.1,16.22,37.75,,0.7
"2025-03-04 15:35:47",462,447,96005,0,,7.45,263.1,16.2,37.75,,0.7
"2025-03-04 15:35:48",463,448,96000,52.098822,5.700213,7.7,267.2,16.19,37.7,,0.6
"2025-03-04 15:35:49",463,448,95995,0,,,,16.21,37.7,,0.5
"2025-03-04 15:35:50",464,449,95991,0,,,,16.25,37.7,,0.5
"2025-03-04 15:35:51",464,449,95988,0,,,,16.22,37.7,,0.5
"2025-03-04 15:35:52",464,449,95984,0,,7.25,268.4,16.21,37.65,,0.5
"2025-03-04 15:35:53",464,449,95981,0,,8.75,272.3,16.19,37.65,,0.5
"2025-03-04 15:35:54",465,450,95978,52.0988,5.699522,7.8,269.3,16.2,37.65,,0.6
"2025-03-04 15:35:55",465,450,95979,0,,7.95,267.7,16.26,37.65,,0.5
"2025-03-04 15:35:56",465,450,95980,0,,8.5,268.3,16.23,37.6,,0.4
"2025-03-04 15:35:57",464,449,95982,52.098793,5.699168,7.8,268.4,16.2,37.55,,0.3
"2025-03-04 15:35:58",464,449,95982,0,,7.8,260.3,16.14,37.6,,0.2
"2025-03-04 15:35:59",464,449,95982,0,,6.9,267,16.14,37.6,,0.2
"2025-03-04 15:36:00",464,449,95982,52.098773,5.698837,8.1,263.8,16.12,37.65,,0.1
"2025-03-04 15:36:01",464,449,95985,0,,7.3,260.1,16.12,37.6,,0.1
"2025-03-04 15:36:02",464,449,95988,0,,7.7,266.2,16.15,37.65,,0
"2025-03-04 15:36:03",464,449,95992,52.098747,5.698507,7.1,261.8,16.13,37.65,,0
"2025-03-04 15:36:04",462,447,96004,0,,8.1,269.4,16.09,37.6,,-0.1
"2025-03-04 15:36:05",461,446,96017,0,,7.55,266,16.05,37.6,,-0.3
"2025-03-04 15:36:06",460,445,96030,52.098738,5.69817,7.85,274.6,16.03,37.6,29,-0.4
"2025-03-04 15:36:08",460,445,96033,0,,8.55,273.4,15.96,37.65,,-0.4
"2025-03-04 15:36:09",460,445,96036,52.098757,5.697812,8.05,272.6,15.94,37.7,,-0.4
"2025-03-04 15:36:11",459,444,96045,0,,7.9,276.6,15.9,37.75,,-0.5
"2025-03-04 15:36:12",458,443,96050,52.098783,5.69747,7.65,269.3,15.9,37.8,,-0.5
"2025-03-04 15:36:14",455,440,96092,0,,7.75,272.9,15.9,37.85,,-0.7
"2025-03-04 15:36:15",453,438,96114,52.098805,5.697125,7.85,270.8,15.92,37.9,,-0.9
"2025-03-04 15:36:17",451,436,96132,0,,8.45,268.1,15.91,37.95,,-0.9
"2025-03-04 15:36:18",450,435,96142,52.098822,5.696763,8.05,272.7,15.91,38,,-0.8
"2025-03-04 15:36:20",449,434,96153,0,,7.8,272.9,15.94,38,,-0.9
"2025-03-04 15:36:21",449,434,96160,52.098838,5.696423,7.9,272.8,15.99,38,,-0.9
"2025-03-04 15:36:23",446,431,96187,0,,8.2,269.3,16.02,38,,-1
"2025-03-04 15:36:24",445,430,96202,52.098847,5.696072,7.65,270.8,16.02,37.95,,-1.1
"2025-03-04 15:36:26",441,426,96243,0,,8.1,268.6,16.03,37.9,,-1.1
"2025-03-04 15:36:27",439,424,96264,52.098848,5.695713,8.25,273.7,16.04,37.9,,-1.1
"2025-03-04 15:36:28",439,424,96272,0,,,,16.03,37.9,,-1.1
"2025-03-04 15:36:29",438,423,96281,0,,,,16.05,37.9,,-1.1
"2025-03-04 15:36:30",437,422,96290,0,,,,16.06,37.9,,-1.1
"2025-03-04 15:36:31",436,421,96304,0,,7.35,274,16.17,37.85,,-1.1
"2025-03-04 15:36:32",435,420,96318,0,,7.35,274,16.18,37.85,,-1.1
"2025-03-04 15:36:33",433,418,96332,52.098858,5.695018,7.7,269.5,16.2,37.8,28.75,-1.2
"2025-03-04 15:36:34",431,416,96353,0,,,,16.2,37.75,,-1.3
"2025-03-04 15:36:35",430,415,96373,0,,,,16.2,37.75,,-1.4
"2025-03-04 15:36:36",428,413,96394,0,,,,16.18,37.7,,-1.4
"2025-03-04 15:36:37",426,411,96410,0,,7.75,268.2,16.18,37.65,,-1.4
"2025-03-04 15:36:38",425,410,96428,0,,7.1,275.9,16.17,37.65,,-1.4
"2025-03-04 15:36:39",423,408,96446,52.098892,5.69437,7.8,269.1,16.15,37.65,,-1.4
"2025-03-04 15:36:40",423,408,96447,0,,7.3,271.1,16.15,37.65,,-1.3
"2025-03-04 15:36:41",423,408,96448,0,,7.65,267.7,16.17,37.65,,-1.2
"2025-03-04 15:36:42",423,408,96450,52.098897,5.694038,7.65,275,16.2,37.65,,-1.2
"2025-03-04 15:36:43",422,407,96463,0,,7.65,270.2,16.25,37.7,,-1.2
"2025-03-04 15:36:44",420,405,96477,0,,7.55,266,16.28,37.7,,-1.2
"2025-03-04 15:36:45",419,404,96492,52.098903,5.693703,7.45,271.1,16.32,37.65,,-1.2
"2025-03-04 15:36:46",418,403,96508,0,,7.4,262.7,16.35,37.6,,-1.2
"2025-03-04 15:36:47",416,401,96526,0,,7.95,271.4,16.39,37.6,,-1.2
"2025-03-04 15:36:48",415,400,96544,52.098895,5.69336,8.2,268,16.4,37.55,,-1.2
"2025-03-04 15:36:49",413,398,96561,0,,7.9,272.5,16.39,37.5,,-1.1
"2025-03-04 15:36:50",412,397,96577,0,,7.75,267.8,16.39,37.5,,-1.1
"2025-03-04 15:36:51",410,395,96594,52.098902,5.693018,7.05,272.6,16.38,37.45,,-1.1
"2025-03-04 15:36:52",410,395,96599,0,,7.05,272.6,16.36,37.45,,-1
"2025-03-04 15:36:53",409,394,96605,0,,7.75,268,16.36,37.45,,-1.1
"2025-03-04 15:36:54",409,394,96612,52.098908,5.69268,7.6,267.2,16.36,37.45,,-1.1
"2025-03-04 15:36:55",407,392,96631,0,,8.3,266.7,16.37,37.45,,-1.2
"2025-03-04 15:36:56",405,390,96649,0,,7.4,270.6,16.37,37.4,,-1.3
"2025-03-04 15:36:57",404,389,96668,52.098915,5.69233,8.2,276,16.37,37.4,,-1.3
"2025-03-04 15:36:58",403,388,96675,0,,6.85,273.3,16.36,37.4,,-1.2
"2025-03-04 15:36:59",402,387,96683,0,,7.95,270.7,16.37,37.4,,-1.2
"2025-03-04 15:37:00",401,386,96692,52.098925,5.691997,7.75,270.4,16.38,37.4,28.5,-1.1
"2025-03-04 15:37:01",400,385,96704,0,,8.05,271.2,16.39,37.4,,-1.1
"2025-03-04 15:37:02",399,384,96717,0,,7.35,271.1,16.39,37.4,,-1.1
"2025-03-04 15:37:03",398,383,96730,52.098932,5.691655,8,273.8,16.4,37.4,,-1
"2025-03-04 15:37:04",397,382,96744,0,,8.25,272.1,16.42,37.4,,-1.1
"2025-03-04 15:37:05",396,381,96758,0,,7.25,277.4,16.42,37.4,,-1.1
"2025-03-04 15:37:06",394,379,96772,52.098948,5.691312,8.3,270.2,16.43,37.35,,-1.2
"2025-03-04 15:37:07",394,379,96780,0,,7.4,273.3,16.46,37.35,,-1.1
"2025-03-04 15:37:08",393,378,96789,0,,8.4,277,16.47,37.35,,-1.1
"2025-03-04 15:37:09",392,377,96798,52.098965,5.690965,7.3,271.8,16.47,37.3,,-1
"2025-03-04 15:37:11",391,376,96808,0,,8.05,269.1,16.49,37.25,,-0.9
"2025-03-04 15:37:12",391,376,96814,52.098977,5.690625,7.3,277.4,16.52,37.2,,-0.9
"2025-03-04 15:37:13",390,375,96822,0,,8.15,273.1,16.54,37.2,,-0.9
"2025-03-04 15:37:14",389,374,96831,0,,8.15,273.1,16.63,37.2,,-0.8
"2025-03-04 15:37:15",388,373,96840,52.098992,5.69028,8.5,272.9,16.66,37.15,,-0.8
"2025-03-04 15:37:16",387,372,96852,0,,,,16.72,37.15,,-0.8
"2025-03-04 15:37:17",386,371,96865,0,,,,16.72,37.05,,-0.8
"2025-03-04 15:37:18",385,370,96878,0,,,,16.72,37,,-0.8
"2025-03-04 15:37:19",384,369,96891,0,,7.8,277.1,16.71,36.95,,-0.8
"2025-03-04 15:37:20",383,368,96904,0,,7.8,277.1,16.72,36.95,,-0.8
"2025-03-04 15:37:21",381,366,96918,52.09902,5.689595,7.6,279.6,16.74,36.9,,-0.9
"2025-03-04 15:37:22",380,365,96932,0,,8.25,272.3,16.71,36.9,,-0.9
"2025-03-04 15:37:23",379,364,96946,0,,7.6,279,16.72,36.85,,-1
"2025-03-04 15:37:24",378,363,96960,52.099047,5.689258,7.65,279.1,16.7,36.8,,-1.1
"2025-03-04 15:37:25",377,362,96972,0,,,,16.68,36.8,,-1.1
"2025-03-04 15:37:26",376,361,96985,0,,,,16.69,36.8,,-1.1
"2025-03-04 15:37:27",374,359,96998,0,,,,16.68,36.8,28.5,-1.2
"2025-03-04 15:37:28",373,358,97011,0,,7.35,277.5,16.72,36.8,,-1.2
"2025-03-04 15:37:29",372,357,97025,0,,7.25,272.8,16.74,36.8,,-1.2
"2025-03-04 15:37:30",371,356,97040,52.099088,5.688607,7.5,278.7,16.76,36.8,,-1.2
"2025-03-04 15:37:31",369,354,97061,0,,8.05,276.8,16.76,36.85,,-1.2
"2025-03-04 15:37:32",367,352,97082,0,,8.05,276.1,16.76,36.8,,-1.3
"2025-03-04 15:37:33",365,350,97104,52.099115,5.688263,7.85,274,16.74,36.8,,-1.4
"2025-03-04 15:37:34",365,350,97110,0,,7.75,270.6,16.76,36.8,,-1.3
"2025-03-04 15:37:35",364,349,97117,0,,6.85,276.2,16.77,36.75,,-1.3
"2025-03-04 15:37:36",363,348,97124,52.099127,5.687937,7.6,269.8,16.77,36.75,,-1.2
"2025-03-04 15:37:37",362,347,97135,0,,7.9,275.5,16.78,36.75,,-1.2
"2025-03-04 15:37:38",361,346,97146,0,,7.65,273.3,16.79,36.75,,-1.2
"2025-03-04 15:37:39",360,345,97158,52.099143,5.687608,7.3,272.6,16.8,36.75,,-1.2
"2025-03-04 15:37:40",359,344,97174,0,,7.3,274,16.82,36.7,,-1.2
"2025-03-04 15:37:41",357,342,97192,0,,7.05,276,16.86,36.7,,-1.2
"2025-03-04 15:37:42",356,341,97210,52.09916,5.687292,7.4,275.7,16.89,36.7,,-1.2
"2025-03-04 15:37:43",355,340,97223,0,,7.9,269.3,16.91,36.65,,-1.2
"2025-03-04 15:37:44",353,338,97236,0,,7.8,272.8,16.92,36.65,,-1.1
"2025-03-04 15:37:45",352,337,97250,52.099165,5.686953,7.8,269,16.94,36.6,,-1.1
"2025-03-04 15:37:46",351,336,97263,0,,7.8,269,16.96,36.6,,-1.1
"2025-03-04 15:37:47",350,335,97277,0,,7.8,269,16.99,36.6,,-1.2
"2025-03-04 15:37:48",349,334,97292,52.099172,5.686613,8.05,272.2,16.99,36.55,,-1.2
"2025-03-04 15:37:49",347,332,97311,0,,7.5,273.4,16.99,36.5,,-1.3
"2025-03-04 15:37:50",345,330,97329,0,,7.55,271,16.99,36.45,,-1.3
"2025-03-04 15:37:51",344,329,97348,52.099185,5.686283,7.5,276.3,17,36.45,,-1.4
"2025-03-04 15:37:52",343,328,97353,0,,7.45,270.2,16.99,36.45,,-1.3
"2025-03-04 15:37:53",343,328,97359,0,,8.1,270.7,16.99,36.45,,-1.3
"2025-03-04 15:37:54",342,327,97366,52.099192,5.68594,7.8,267.8,17,36.4,28.5,-1.2
"2025-03-04 15:37:55",341,326,97377,0,,8.15,269.3,17,36.4,,-1.1
"2025-03-04 15:37:56",340,325,97389,0,,6.95,274.2,17.06,36.4,,-1.1
"2025-03-04 15:37:57",339,324,97402,52.099198,5.68561,7.6,274.1,17.08,36.4,,-1.1
"2025-03-04 15:37:58",338,323,97411,0,,7.25,274.8,17.15,36.4,,-1.1
"2025-03-04 15:37:59",337,322,97420,0,,7.25,274.8,17.17,36.35,,-1
"2025-03-04 15:38:00",336,321,97430,52.099202,5.685282,7.8,269.7,17.21,36.3,,-1
"2025-03-04 15:38:01",335,320,97441,0,,7.95,273.5,17.22,36.3,,-1
"2025-03-04 15:38:02",334,319,97453,0,,7.9,274.6,17.25,36.25,,-0.9
"2025-03-04 15:38:03",333,318,97466,52.099215,5.684938,7.4,275.1,17.28,36.2,,-0.9
"2025-03-04 15:38:04",332,317,97478,0,,8.2,276.4,17.27,36.15,,-0.9
"2025-03-04 15:38:05",331,316,97491,0,,8.1,272.9,17.24,36.1,,-0.9
"2025-03-04 15:38:06",330,315,97504,52.099237,5.684593,7.65,277.6,17.21,36.1,,-1
"2025-03-04 15:38:07",329,314,97518,0,,7.45,274.6,17.18,36.1,,-1
"2025-03-04 15:38:08",327,312,97532,0,,7.75,272.1,17.18,36.1,,-1
"2025-03-04 15:38:09",326,311,97546,52.099258,5.684253,8.2,279.3,17.18,36.1,,-1.1
"2025-03-04 15:38:11",326,311,97543,0,,8.05,268.2,17.2,36.15,,-0.9
"2025-03-04 15:38:12",327,312,97542,52.099258,5.683907,7.8,265,17.25,36.15,,-0.8
"2025-03-04 15:38:13",325,310,97556,0,,7.85,271.6,17.28,36.15,,-0.8
"2025-03-04 15:38:14",324,309,97570,0,,8.7,267.7,17.27,36.15,,-0.9
"2025-03-04 15:38:15",323,308,97584,52.099257,5.683548,7.85,272.9,17.27,36.15,,-0.9
"2025-03-04 15:38:16",323,308,97582,0,,7.85,272.9,17.25,36.1,,-0.8
"2025-03-04 15:38:17",323,308,97581,0,,7.05,273.8,17.32,36.1,,-0.7
"2025-03-04 15:38:18",323,308,97580,52.099272,5.683213,8.1,273.5,17.3,36.1,,-0.6
"2025-03-04 15:38:19",323,308,97579,0,,7.95,268.2,17.31,36.1,,-0.5
"2025-03-04 15:38:20",323,308,97578,0,,7.9,279.7,17.3,36.1,,-0.4
"2025-03-04 15:38:21",323,308,97578,52.099288,5.682877,7.1,274.3,17.33,36.05,28.5,-0.3
"2025-03-04 15:38:22",322,307,97591,0,,7.6,276.5,17.37,36.05,,-0.3
"2025-03-04 15:38:23",321,306,97605,0,,7.75,276.7,17.36,36.05,,-0.5
"2025-03-04 15:38:24",320,305,97620,52.099308,5.682545,7,277,17.36,36,,-0.6
"2025-03-04 15:38:26",319,304,97622,0,,7.4,277,17.39,36,,-0.4
"2025-03-04 15:38:27",319,304,97624,52.099333,5.68222,8,278.8,17.39,35.95,,-0.4
"2025-03-04 15:38:28",318,303,97640,0,,7.65,277.5,17.41,35.95,,-0.4
"2025-03-04 15:38:29",316,301,97657,0,,8,283.5,17.38,35.9,,-0.5
"2025-03-04 15:38:30",315,300,97674,52.099372,5.68188,7.85,279.3,17.36,35.9,,-0.6
"2025-03-04 15:38:31",314,299,97680,0,,7.35,278.3,17.36,35.9,,-0.7
"2025-03-04 15:38:32",314,299,97687,0,,6.75,280.2,17.43,35.9,,-0.7
"2025-03-04 15:38:33",313,298,97694,52.099405,5.681568,7.45,281.5,17.42,35.9,,-0.8
"2025-03-04 15:38:34",312,297,97702,0,,7.45,282.5,17.4,35.9,,-0.8
"2025-03-04 15:38:35",312,297,97710,0,,7.65,281.9,17.43,35.9,,-0.8
"2025-03-04 15:38:36",311,296,97718,52.099445,5.681238,8,281.3,17.43,35.85,,-0.7
"2025-03-04 15:38:38",310,295,97727,0,,8.35,279,17.4,35.8,,-0.8
"2025-03-04 15:38:39",310,295,97732,52.099483,5.680903,7.45,281.3,17.43,35.8,,-0.8
"2025-03-04 15:38:42",305,290,97782,52.09953,5.680583,7.25,284.9,17.43,35.75,,-0.8
"2025-03-04 15:38:44",302,287,97820,0,,7.1,289.9,17.5,35.75,,-1
"2025-03-04 15:38:45",300,285,97840,52.099585,5.680268,7.75,283.3,17.48,35.75,,-1.1
"2025-03-04 15:38:47",299,284,97854,0,,7.4,284.5,17.45,35.7,,-1
"2025-03-04 15:38:48",298,283,97862,52.099638,5.67996,6.6,282.9,17.51,35.7,29,-1
"2025-03-04 15:38:50",296,281,97886,0,,6.7,279.2,17.47,35.7,,-1.1
"2025-03-04 15:38:51",295,280,97898,52.099677,5.679672,6.4,288.3,17.5,35.7,,-1.2
"2025-03-04 15:38:52",295,280,97906,0,,,,17.53,35.7,,-1.2
"2025-03-04 15:38:53",294,279,97915,0,,,,17.58,35.7,,-1.2
"2025-03-04 15:38:54",293,278,97924,0,,,,17.61,35.7,,-1.1
"2025-03-04 15:38:55",292,277,97940,0,,,,17.6,35.65,,-1.1
"2025-03-04 15:38:56",290,275,97956,0,,,,17.58,35.6,,-1.1
"2025-03-04 15:38:57",289,274,97972,0,,,,17.57,35.6,,-1
"2025-03-04 15:38:58",288,273,97979,0,,7.1,286.6,17.55,35.55,,-0.9
"2025-03-04 15:38:59",288,273,97986,0,,7.2,278.2,17.54,35.55,,-1
"2025-03-04 15:39:00",287,272,97994,52.0998,5.678748,7.45,280.5,17.54,35.55,,-1
"2025-03-04 15:39:01",286,271,98004,0,,7,277.5,17.55,35.6,,-1
"2025-03-04 15:39:02",285,270,98015,0,,7.35,284,17.56,35.6,,-1
"2025-03-04 15:39:03",284,269,98026,52.099835,5.678437,7.05,281.2,17.59,35.6,,-0.9
"2025-03-04 15:39:04",284,269,98030,0,,6.75,282.2,17.65,35.55,,-0.9
"2025-03-04 15:39:05",283,268,98035,0,,7.05,274.9,17.69,35.55,,-0.9
"2025-03-04 15:39:06",283,268,98040,52.099862,5.678132,7.55,276.9,17.73,35.5,,-0.8
"2025-03-04 15:39:07",282,267,98050,0,,7.8,276.3,17.71,35.5,,-0.8
"2025-03-04 15:39:08",281,266,98061,0,,6.9,279.5,17.7,35.45,,-0.8
"2025-03-04 15:39:09",280,265,98072,52.099885,5.677808,7.7,277.5,17.7,35.45,,-0.7
"2025-03-04 15:39:10",279,264,98083,0,,6.95,276.4,17.68,35.4,,-0.7
"2025-03-04 15:39:11",278,263,98094,0,,6.95,276.4,17.66,35.4,,-0.8
"2025-03-04 15:39:12",277,262,98106,52.09991,5.677498,7.3,280.1,17.67,35.4,,-0.8
"2025-03-04 15:39:13",276,261,98113,0,,7.1,282.6,17.66,35.4,,-0.8
"2025-03-04 15:39:14",276,261,98121,0,,7.1,282.6,17.66,35.4,,-0.8
"2025-03-04 15:39:15",275,260,98130,52.099942,5.677185,7.15,284.3,17.65,35.4,28.75,-0.8
"2025-03-04 15:39:16",274,259,98138,0,,6.85,277.1,17.64,35.4,,-0.8
"2025-03-04 15:39:17",273,258,98147,0,,7,283.3,17.66,35.4,,-0.8
"2025-03-04 15:39:18",273,258,98156,52.099982,5.676882,8.05,284.5,17.67,35.4,,-0.8
"2025-03-04 15:39:19",273,258,98157,0,,7.25,280.8,17.67,35.4,,-0.8
"2025-03-04 15:39:20",272,257,98158,0,,7.25,280.8,17.67,35.4,,-0.7
"2025-03-04 15:39:21",272,257,98160,52.100027,5.676552,7.1,278.8,17.68,35.4,,-0.7
"2025-03-04 15:39:22",272,257,98167,0,,7.95,285.3,17.69,35.4,,-0.6
"2025-03-04 15:39:23",271,256,98174,0,,7.45,283.4,17.69,35.4,,-0.6
"2025-03-04 15:39:24",270,255,98182,52.100075,5.676225,7.95,282.3,17.7,35.4,,-0.6
"2025-03-04 15:39:26",269,254,98203,0,,7.15,277.8,17.69,35.4,,-0.6
"2025-03-04 15:39:27",268,253,98214,52.100108,5.675897,7.5,280.7,17.69,35.4,,-0.6
"2025-03-04 15:39:28",268,253,98208,0,,7,278.8,17.69,35.4,,-0.5
"2025-03-04 15:39:29",269,254,98202,0,,7.75,283.9,17.7,35.4,,-0.4
"2025-03-04 15:39:30",269,254,98196,52.100147,5.675582,6.95,280.8,17.71,35.4,,-0.3
"2025-03-04 15:39:31",269,254,98198,0,,7.4,282.2,17.71,35.4,,-0.3
"2025-03-04 15:39:32",269,254,98201,0,,7.35,280,17.73,35.4,,-0.3
"2025-03-04 15:39:33",269,254,98204,52.100187,5.675273,7.6,285.1,17.79,35.4,,-0.3
"2025-03-04 15:39:34",268,253,98210,0,,6.6,281,17.86,35.35,,-0.3
"2025-03-04 15:39:35",267,252,98217,0,,6.95,276.8,17.85,35.35,,-0.3
"2025-03-04 15:39:36",267,252,98224,52.100217,5.674977,6.95,278.7,17.88,35.3,,-0.3
"2025-03-04 15:39:37",266,251,98229,0,,7.3,274.9,17.89,35.25,,-0.3
"2025-03-04 15:39:38",266,251,98234,0,,7.75,285.3,17.87,35.25,,-0.2
"2025-03-04 15:39:39",265,250,98240,52.100245,5.67466,7.3,271.2,17.89,35.2,,-0.2
"2025-03-04 15:39:41",263,248,98269,0,,,,17.86,35.15,,-0.5
"2025-03-04 15:39:42",262,247,98284,0,,,,17.84,35.15,29,-0.6
"2025-03-04 15:39:43",262,247,98279,0,,7.9,273.5,17.82,35.15,,-0.6
"2025-03-04 15:39:44",262,247,98275,0,,7.85,270.9,17.8,35.15,,-0.5
"2025-03-04 15:39:45",263,248,98272,52.100265,5.673983,7.5,277.3,17.85,35.2,,-0.5
"2025-03-04 15:39:46",262,247,98282,0,,7.35,270.5,17.86,35.2,,-0.5
"2025-03-04 15:39:47",261,246,98293,0,,8.45,278.5,17.85,35.2,,-0.6
"2025-03-04 15:39:48",260,245,98304,52.100283,5.673642,8.15,275.5,17.86,35.2,,-0.6
"2025-03-04 15:39:49",259,244,98316,0,,8.9,279.8,17.86,35.2,,-0.6
"2025-03-04 15:39:50",258,243,98329,0,,8.45,277.7,17.89,35.2,,-0.7
"2025-03-04 15:39:51",256,241,98342,52.100317,5.673268,8.8,280.7,17.89,35.15,,-0.7
"2025-03-04 15:39:52",256,241,98346,0,,8.85,284.6,17.9,35.15,,-0.7
"2025-03-04 15:39:53",256,241,98351,0,,8.85,284.6,17.89,35.15,,-0.7
"2025-03-04 15:39:54",255,240,98356,52.100355,5.67289,8.55,281.5,17.9,35.15,,-0.6
"2025-03-04 15:39:55",254,239,98374,0,,8.7,275.1,17.9,35.1,,-0.6
"2025-03-04 15:39:56",252,237,98392,0,,8.45,282.3,17.91,35.1,,-0.8
"2025-03-04 15:39:57",251,236,98410,52.100397,5.67253,7.8,282.1,17.9,35.1,,-0.9
"2025-03-04 15:39:58",250,235,98418,0,,7.8,282.1,17.9,35.1,,-1
"2025-03-04 15:39:59",249,234,98427,0,,8.25,284,17.94,35.1,,-1
"2025-03-04 15:40:00",248,233,98436,52.100445,5.67218,8.5,279.5,17.94,35.1,,-1
"2025-03-04 15:40:01",248,233,98441,0,,8.65,281.6,17.94,35.05,,-0.9
"2025-03-04 15:40:02",247,232,98447,0,,8.65,281.6,17.95,35.05,,-0.9
"2025-03-04 15:40:03",247,232,98454,52.10049,5.671823,7.85,286.5,17.94,35.05,,-0.8
"2025-03-04 15:40:04",246,231,98462,0,,,,17.94,35.1,,-0.8
"2025-03-04 15:40:05",245,230,98471,0,,,,17.92,35.05,,-0.9
"2025-03-04 15:40:06",244,229,98480,0,,,,17.96,35.05,,-0.9
"2025-03-04 15:40:07",244,229,98489,0,,,,17.98,35.05,,-0.9
"2025-03-04 15:40:08",243,228,98498,0,,,,18,35.05,,-0.8
"2025-03-04 15:40:09",242,227,98508,0,,,,18.01,35,29,-0.8
"2025-03-04 15:40:10",241,226,98522,0,,8.1,285,18,35,,-0.8
"2025-03-04 15:40:11",239,224,98537,0,,8.1,285,18,35,,-0.8
"2025-03-04 15:40:12",238,223,98552,52.100628,5.670755,7.9,282.7,18,34.95,,-0.8
"2025-03-04 15:40:13",238,223,98552,0,,7.9,280.1,17.99,34.95,,-0.8
"2025-03-04 15:40:14",238,223,98553,0,,8.2,280.3,18,34.95,,-0.8
"2025-03-04 15:40:15",238,223,98554,52.100672,5.67041,7.85,282.7,17.99,34.95,,-0.7
"2025-03-04 15:40:16",238,223,98556,0,,8.2,277.3,17.99,34.95,,-0.7
"2025-03-04 15:40:17",237,222,98559,0,,7.9,284.8,18.01,34.95,,-0.6
"2025-03-04 15:40:18",237,222,98562,52.100717,5.670065,7.9,282.8,18.02,34.95,,-0.6
"2025-03-04 15:40:19",237,222,98567,0,,,,18.02,35,,-0.6
"2025-03-04 15:40:20",236,221,98572,0,,,,18.02,34.95,,-0.6
"2025-03-04 15:40:21",236,221,98578,0,,,,18.02,34.95,,-0.5
"2025-03-04 15:40:22",235,220,98586,0,,8.25,281.5,18.02,34.95,,-0.5
"2025-03-04 15:40:23",234,219,98595,0,,8.25,281.5,18.02,34.95,,-0.4
"2025-03-04 15:40:24",234,219,98604,52.100808,5.669367,8.4,283.3,18.03,34.95,,-0.4
"2025-03-04 15:40:25",233,218,98611,0,,,,18.03,34.95,,-0.4
"2025-03-04 15:40:26",232,217,98618,0,,,,18.05,34.95,,-0.5
"2025-03-04 15:40:27",232,217,98626,0,,,,18.09,34.95,,-0.5
"2025-03-04 15:40:28",230,215,98642,0,,,,18.13,34.95,,-0.6
"2025-03-04 15:40:29",229,214,98659,0,,,,18.15,34.95,,-0.7
"2025-03-04 15:40:30",227,212,98676,0,,,,18.2,34.9,,-0.8
"2025-03-04 15:40:31",226,211,98691,0,,8.8,280.9,18.24,34.85,,-0.9
"2025-03-04 15:40:32",225,210,98705,0,,9,282,18.24,34.85,,-1
"2025-03-04 15:40:33",223,208,98720,52.100975,5.668227,8.6,284,18.25,34.8,,-1
"2025-03-04 15:40:34",223,208,98729,0,,9.05,285.1,18.26,34.75,,-1
"2025-03-04 15:40:35",222,207,98738,0,,8.45,284.4,18.31,34.75,,-1
"2025-03-04 15:40:36",221,206,98748,52.101033,5.667855,9.05,283.3,18.34,34.7,28.75,-1
"2025-03-04 15:40:37",219,204,98768,0,,9.75,286.6,18.33,34.7,,-1.1
"2025-03-04 15:40:38",218,203,98788,0,,8.6,282.5,18.31,34.65,,-1.2
"2025-03-04 15:40:39",216,201,98808,52.1011,5.667472,8.95,291.4,18.32,34.65,,-1.3
"2025-03-04 15:40:41",214,199,98827,0,,9.15,287.9,18.33,34.6,,-1.2
"2025-03-04 15:40:42",213,198,98838,52.101177,5.667098,9,290.7,18.32,34.55,,-1.2
"2025-03-04 15:40:43",212,197,98854,0,,8.65,288.1,18.31,34.6,,-1.2
"2025-03-04 15:40:44",210,195,98870,0,,9.45,285.2,18.29,34.55,,-1.2
"2025-03-04 15:40:45",209,194,98886,52.101245,5.666718,8.8,281.3,18.29,34.55,,-1.2
"2025-03-04 15:40:46",208,193,98897,0,,8.9,285.6,18.29,34.55,,-1.2
"2025-03-04 15:40:47",207,192,98908,0,,9.4,284.4,18.3,34.55,,-1.2
"2025-03-04 15:40:48",206,191,98920,52.10131,5.666332,8.85,290,18.3,34.55,,-1.2
"2025-03-04 15:40:49",205,190,98928,0,,9.85,282.2,18.32,34.5,,-1.2
"2025-03-04 15:40:50",205,190,98936,0,,8.75,284.9,18.32,34.55,,-1.1
"2025-03-04 15:40:51",204,189,98944,52.101373,5.665943,9.15,283.4,18.32,34.55,,-1
"2025-03-04 15:40:52",203,188,98953,0,,8.7,288.3,18.34,34.55,,-1
"2025-03-04 15:40:53",202,187,98963,0,,9.45,288.4,18.4,34.55,,-1
"2025-03-04 15:40:54",201,186,98974,52.101443,5.665565,8.85,284.5,18.44,34.55,,-1
"2025-03-04 15:40:56",199,184,98998,0,,9.4,279.8,18.48,34.45,,-0.9
"2025-03-04 15:40:57",198,183,99010,52.101493,5.665177,8.7,279.4,18.47,34.4,,-0.9
"2025-03-04 15:40:58",197,182,99028,0,,9,282,18.47,34.4,,-0.9
"2025-03-04 15:40:59",195,180,99046,0,,9,287.2,18.46,34.35,,-1
"2025-03-04 15:41:00",194,179,99064,52.101545,5.664795,9.25,277.2,18.44,34.35,,-1
"2025-03-04 15:41:01",193,178,99070,0,,8.4,284.5,18.43,34.4,,-1
"2025-03-04 15:41:02",192,177,99077,0,,9.35,276.3,18.44,34.4,,-1
"2025-03-04 15:41:03",192,177,99084,52.10159,5.664407,9.3,284.6,18.45,34.4,29,-1
"2025-03-04 15:41:04",191,176,99097,0,,9.85,278.3,18.46,34.4,,-1
"2025-03-04 15:41:05",189,174,99110,0,,10.2,280.2,18.48,34.4,,-1.1
"2025-03-04 15:41:06",188,173,99124,52.101642,5.663985,9.6,279.7,18.48,34.35,,-1.1
"2025-03-04 15:41:08",187,172,99144,0,,9.3,285.7,18.46,34.35,,-1.1
"2025-03-04 15:41:09",186,171,99154,52.101697,5.663585,9.2,279.3,18.45,34.35,,-1
"2025-03-04 15:41:11",185,170,99167,0,,9.5,280.2,18.44,34.3,,-0.9
"2025-03-04 15:41:12",184,169,99174,52.10175,5.663183,9.25,282.2,18.44,34.35,,-0.9
"2025-03-04 15:41:17",181,166,99210,0,,9,286.2,18.45,34.35,,-0.7
"2025-03-04 15:41:18",180,165,99218,52.101877,5.662378,9.4,280.8,18.45,34.35,,-0.7
"2025-03-04 15:41:23",179,164,99236,0,,8.3,281.9,18.58,34.35,,-0.5
"2025-03-04 15:41:24",178,163,99240,52.101978,5.661632,8.75,287.2,18.58,34.3,,-0.5
"2025-03-04 15:41:27",177,162,99250,52.10203,5.661265,9.05,280.9,18.6,34.2,,-0.4
"2025-03-04 15:41:28",178,163,99245,0,,9,282.9,18.61,34.2,,-0.4
"2025-03-04 15:41:29",178,163,99240,0,,8.95,282.6,18.61,34.2,,-0.3
"2025-03-04 15:41:30",179,164,99236,52.102082,5.660883,8.1,282.8,18.63,34.2,29,-0.2
"2025-03-04 15:41:31",179,164,99227,0,,8.25,284.6,18.64,34.15,,-0.1
"2025-03-04 15:41:32",180,165,99218,0,,8.25,277.9,18.64,34.15,,0
"2025-03-04 15:41:33",181,166,99210,52.102125,5.660527,8.6,277.7,18.65,34.15,,0
"2025-03-04 15:41:34",181,166,99206,0,,9.1,273.5,18.65,34.15,,0.1
"2025-03-04 15:41:35",181,166,99203,0,,9.6,280.5,18.68,34.15,,0.2
"2025-03-04 15:41:36",182,167,99200,52.102155,5.660135,8.05,278.1,18.76,34.15,,0.3
"2025-03-04 15:41:37",182,167,99198,0,,8.05,286.3,18.81,34.1,,0.3
"2025-03-04 15:41:38",182,167,99197,0,,8.35,278.1,18.84,34.05,,0.3
"2025-03-04 15:41:39",182,167,99196,52.102198,5.659783,8.95,281.9,18.81,34,,0.4
"2025-03-04 15:41:40",182,167,99195,0,,8.3,279.2,18.86,34,,0.4
"2025-03-04 15:41:41",182,167,99194,0,,8.55,273.2,18.84,33.95,,0.3
"2025-03-04 15:41:42",182,167,99194,52.102225,5.659412,8.6,275.5,18.8,33.9,,0.3
"2025-03-04 15:41:43",183,168,99187,0,,8.6,275.5,18.76,33.9,,0.3
"2025-03-04 15:41:44",183,168,99180,0,,8.5,280.9,18.74,33.9,,0.3
"2025-03-04 15:41:45",184,169,99174,52.102257,5.659052,8.4,276.6,18.73,33.9,,0.3
"2025-03-04 15:41:46",185,170,99164,0,,7.95,279.8,18.72,33.95,,0.3
"2025-03-04 15:41:47",186,171,99154,0,,8.85,275.7,18.71,33.95,,0.4
"2025-03-04 15:41:48",187,172,99144,52.102287,5.658687,8.65,273.7,18.7,33.95,,0.4
"2025-03-04 15:41:49",187,172,99138,0,,8.7,273.7,18.68,33.95,,0.4
"2025-03-04 15:41:50",188,173,99133,0,,8.7,279,18.66,33.95,,0.4
"2025-03-04 15:41:51",188,173,99128,52.10232,5.658312,8.35,274.9,18.65,34,,0.5
"2025-03-04 15:41:52",188,173,99129,0,,8.75,274.5,18.63,34,,0.5
"2025-03-04 15:41:53",188,173,99131,0,,8.55,281,18.61,34,,0.5
"2025-03-04 15:41:54",187,172,99134,52.102352,5.657945,7.75,283.7,18.59,34.05,,0.4
"2025-03-04 15:41:56",189,174,99111,0,,8.3,281.4,18.57,34.1,,0.5
"2025-03-04 15:41:57",190,175,99100,52.102392,5.65758,8.85,280.5,18.57,34.15,29.25,0.5
"2025-03-04 15:41:58",191,176,99097,0,,7.85,284.5,18.61,34.2,,0.5
"2025-03-04 15:41:59",191,176,99094,0,,8.2,286.1,18.63,34.2,,0.5
"2025-03-04 15:42:00",191,176,99092,52.102442,5.657228,8.4,280.6,18.64,34.2,,0.4
"2025-03-04 15:42:01",191,176,99091,0,,8.25,279.7,18.68,34.2,,0.4
"2025-03-04 15:42:02",191,176,99090,0,,8.55,279.5,18.68,34.2,,0.3
"2025-03-04 15:42:03",191,176,99090,52.10248,5.656872,7.9,284.4,18.71,34.15,,0.3
"2025-03-04 15:42:04",192,177,99086,0,,8.55,280.9,18.71,34.1,,0.3
"2025-03-04 15:42:05",192,177,99083,0,,8.55,281.2,18.72,34.1,,0.4
"2025-03-04 15:42:06",192,177,99080,52.102528,5.656507,9.2,282.4,18.72,34.05,,0.4
"2025-03-04 15:42:07",193,178,99074,0,,8.2,280.6,18.7,34.1,,0.4
"2025-03-04 15:42:08",193,178,99069,0,,8.2,278.9,18.66,34.1,,0.3
"2025-03-04 15:42:09",194,179,99064,52.102567,5.65615,8,278,18.64,34.05,,0.3
"2025-03-04 15:42:11",195,180,99049,0,,8.4,277.5,18.69,34.1,,0.3
"2025-03-04 15:42:12",195,180,99042,52.102605,5.6558,7.8,279.6,18.78,34.05,,0.4
"2025-03-04 15:42:13",196,181,99037,0,,9.05,279.2,18.8,34.05,,0.4
"2025-03-04 15:42:14",196,181,99032,0,,8.15,279.5,18.84,34.05,,0.4
"2025-03-04 15:42:15",197,182,99028,52.10264,5.65543,8.8,282.9,18.83,34,,0.4
"2025-03-04 15:42:16",197,182,99026,0,,8.3,282.7,18.84,33.95,,0.4
"2025-03-04 15:42:17",197,182,99025,0,,8.65,281.2,18.78,33.9,,0.4
"2025-03-04 15:42:18",197,182,99024,52.102683,5.655067,8.15,274.5,18.74,33.9,,0.4
"2025-03-04 15:42:19",198,183,99016,0,,8.35,280.7,18.73,33.9,,0.4
"2025-03-04 15:42:20",198,183,99009,0,,8.65,272.2,18.7,33.9,,0.4
"2025-03-04 15:42:21",199,184,99002,52.102713,5.654707,7.9,285.2,18.72,33.9,,0.5
"2025-03-04 15:42:22",199,184,99006,0,,7.75,280.9,18.74,33.95,,0.4
"2025-03-04 15:42:23",198,183,99011,0,,7.65,279.3,18.73,33.95,,0.3
"2025-03-04 15:42:24",198,183,99016,52.102752,5.654368,8.25,280.2,18.69,33.95,29.25,0.2
"2025-03-04 15:42:26",200,185,98994,0,,8.65,278,18.62,33.95,,0.3
"2025-03-04 15:42:27",201,186,98984,52.102782,5.654002,7.95,278.6,18.62,34,,0.3
"2025-03-04 15:42:28",200,185,98987,0,,8,281.4,18.62,34,,0.3
"2025-03-04 15:42:29",200,185,98991,0,,7.9,280.3,18.61,34,,0.2
"2025-03-04 15:42:30",199,184,98996,52.102813,5.653655,7.7,277.7,18.6,34.05,,0.2
"2025-03-04 15:42:31",200,185,98989,0,,8.15,280.6,18.58,34.05,,0.2
"2025-03-04 15:42:32",201,186,98983,0,,8.85,280.3,18.56,34.1,,0.2
"2025-03-04 15:42:33",201,186,98978,52.102852,5.653288,8.65,282.2,18.54,34.1,,0.2
"2025-03-04 15:42:34",201,186,98972,0,,9.2,279.5,18.54,34.1,,0.2
"2025-03-04 15:42:35",202,187,98967,0,,8.95,275.9,18.53,34.15,,0.3
"2025-03-04 15:42:36",202,187,98962,52.102887,5.652898,8.55,280.8,18.5,34.15,,0.3
"2025-03-04 15:42:37",204,189,98947,0,,8.15,277.6,18.48,34.2,,0.5
"2025-03-04 15:42:38",205,190,98932,0,,7.85,279.4,18.47,34.2,,0.5
"2025-03-04 15:42:39",206,191,98918,52.102925,5.652545,8.05,283.2,18.45,34.25,,0.5
"2025-03-04 15:42:40",207,192,98911,0,,8.25,279.5,18.43,34.25,,0.5
"2025-03-04 15:42:41",207,192,98904,0,,7.8,282.8,18.42,34.25,,0.6
"2025-03-04 15:42:42",208,193,98898,52.102972,5.652192,8.75,283.7,18.41,34.3,,0.6
"2025-03-04 15:42:46",214,199,98832,0,,7.9,286.6,18.39,34.35,,1
"2025-03-04 15:42:47",215,200,98816,0,,9.05,282.2,18.41,34.4,,1.1
"2025-03-04 15:42:48",217,202,98800,52.10309,5.651463,7.95,283.5,18.41,34.4,,1.1
"2025-03-04 15:42:49",218,203,98783,0,,8.3,283.1,18.41,34.4,,1.2
"2025-03-04 15:42:50",219,204,98767,0,,8.8,281.8,18.39,34.4,,1.2
"2025-03-04 15:42:51",221,206,98752,52.103143,5.6511,8.95,282.6,18.38,34.4,29.5,1.2
"2025-03-04 15:42:52",222,207,98737,0,,8.5,280.7,18.34,34.4,,1.3
"2025-03-04 15:42:53",223,208,98722,0,,8.05,284.5,18.33,34.45,,1.3
"2025-03-04 15:42:54",225,210,98708,52.103195,5.650747,7.85,285.1,18.32,34.45,,1.4
"2025-03-04 15:42:55",226,211,98694,0,,8.35,284.6,18.34,34.45,,1.4
"2025-03-04 15:42:56",227,212,98681,0,,9.15,278.8,18.35,34.5,,1.3
"2025-03-04 15:42:57",228,213,98668,52.103243,5.65038,8.35,283.6,18.35,34.5,,1.3
"2025-03-04 15:42:58",229,214,98660,0,,8.6,278.5,18.34,34.5,,1.2
"2025-03-04 15:42:59",229,214,98653,0,,8.25,282.5,18.34,34.5,,1.2
"2025-03-04 15:43:00",230,215,98646,52.103287,5.650015,8.85,283.2,18.32,34.5,,1.1
"2025-03-04 15:43:01",231,216,98634,0,,8.4,282.5,18.3,34.5,,1.1
"2025-03-04 15:43:02",232,217,98623,0,,8.5,285.9,18.29,34.55,,1.1
"2025-03-04 15:43:03",233,218,98612,52.103335,5.649652,8.45,279.3,18.27,34.55,,1
"2025-03-04 15:43:04",235,220,98589,0,,7.6,284.1,18.27,34.55,,1.1
"2025-03-04 15:43:05",237,222,98566,0,,8.25,279.1,18.25,34.55,,1.1
"2025-03-04 15:43:06",239,224,98544,52.103378,5.649302,8.05,282.8,18.24,34.6,,1.2
"2025-03-04 15:43:07",240,225,98532,0,,9.25,280,18.25,34.6,,1.2
"2025-03-04 15:43:08",241,226,98520,0,,7.45,278.8,18.24,34.6,,1.2
"2025-03-04 15:43:09",242,227,98508,52.103425,5.64893,9.35,283.8,18.25,34.6,,1.2
"2025-03-04 15:43:12",247,232,98454,52.103478,5.648568,8.5,278.7,18.2,34.6,,1.4
"2025-03-04 15:43:13",249,234,98429,0,,7.95,282.5,18.19,34.6,,1.5
"2025-03-04 15:43:14",251,236,98405,0,,9.05,281.9,18.16,34.6,,1.6
"2025-03-04 15:43:15",253,238,98382,52.103528,5.648203,8.35,283.6,18.15,34.65,,1.7
"2025-03-04 15:43:16",255,240,98359,0,,8.5,279.7,18.15,34.7,,1.7
"2025-03-04 15:43:17",257,242,98335,0,,8.25,281.1,18.15,34.7,,1.7
"2025-03-04 15:43:18",259,244,98312,52.103575,5.647847,8.6,281.7,18.19,34.7,29.25,1.7
"2025-03-04 15:43:19",262,247,98281,0,,8.7,273.7,18.18,34.7,,1.8
"2025-03-04 15:43:20",264,249,98251,0,,7.5,280.3,18.21,34.65,,1.9
"2025-03-04 15:43:21",267,252,98222,52.103605,5.647483,9.05,278.7,18.21,34.65,,2.1
"2025-03-04 15:43:22",269,254,98199,0,,7.75,282.9,18.22,34.65,,2.1
"2025-03-04 15:43:23",271,256,98176,0,,8.4,282.7,18.2,34.6,,2.1
"2025-03-04 15:43:24",273,258,98154,52.103648,5.64713,8.25,279.3,18.14,34.6,,2.1
"2025-03-04 15:43:26",277,262,98111,0,,9.1,284.2,18.03,34.6,,2.1
"2025-03-04 15:43:27",278,263,98090,52.103703,5.646762,8.45,284.1,17.99,34.65,,2.1
"2025-03-04 15:43:28",281,266,98059,0,,8.95,276,17.96,34.7,,2.2
"2025-03-04 15:43:29",284,269,98026,0,,8.15,281.3,17.94,34.75,,2.2
"2025-03-04 15:43:30",287,272,97994,52.103737,5.646392,8.7,271.7,17.98,34.8,,2.3
"2025-03-04 15:43:31",289,274,97966,0,,8.45,273.7,17.97,34.85,,2.3
"2025-03-04 15:43:32",292,277,97940,0,,8.65,277.4,17.95,34.85,,2.3
"2025-03-04 15:43:33",294,279,97914,52.10376,5.646018,8.3,284.4,17.89,34.85,,2.2
"2025-03-04 15:43:34",296,281,97885,0,,7.95,279,17.83,34.9,,2.3
"2025-03-04 15:43:35",299,284,97857,0,,8.65,276.5,17.77,34.95,,2.3
"2025-03-04 15:43:36",301,286,97830,52.103798,5.645665,7.5,279.3,17.73,34.95,,2.4
"2025-03-04 15:43:38",308,293,97750,0,,7.6,276.7,17.66,35.1,,2.5
"2025-03-04 15:43:39",312,297,97710,52.103832,5.645337,8.15,280.6,17.65,35.15,,2.7
"2025-03-04 15:43:41",318,303,97636,0,,7.35,276.9,17.65,35.2,,2.8
"2025-03-04 15:43:42",321,306,97600,52.103862,5.645017,7.5,275.7,17.64,35.25,,2.9
"2025-03-04 15:43:44",327,312,97531,0,,8.45,275.8,17.68,35.3,,3
"2025-03-04 15:43:45",330,315,97498,52.10388,5.644678,8,270.9,17.65,35.3,29,3
"2025-03-04 15:43:47",336,321,97439,0,,8.15,274.5,17.53,35.35,,3
"2025-03-04 15:43:48",338,323,97410,52.103908,5.644338,7.8,275.3,17.45,35.4,,3
"2025-03-04 15:43:50",345,330,97328,0,,8.15,275.6,17.38,35.5,,3.1
"2025-03-04 15:43:51",349,334,97288,52.103933,5.643985,7.6,278.4,17.33,35.55,,3.1
"2025-03-04 15:43:53",358,343,97186,0,,7.35,283.2,17.28,35.65,,3.3
"2025-03-04 15:43:54",362,347,97136,52.103967,5.64365,7.7,277.8,17.24,35.7,,3.4
"2025-03-04 15:43:56",371,356,97039,0,,8.25,272.8,17.14,35.8,,3.5
"2025-03-04 15:43:57",375,360,96992,52.104002,5.643313,7.9,286.4,17.1,35.85,,3.7
"2025-03-04 15:43:59",383,368,96901,0,,8.7,279.6,17.11,35.95,,3.9
"2025-03-04 15:44:00",387,372,96856,52.104037,5.642968,8.15,282.1,17.09,36,,4.1
"2025-03-04 15:44:01",391,376,96813,0,,8.9,278.6,17.07,36.05,,4
"2025-03-04 15:44:02",394,379,96772,0,,8,280.3,17,36,,4.1
"2025-03-04 15:44:03",398,383,96732,52.104077,5.642607,8.1,280.6,16.95,36.05,,4.1
"2025-03-04 15:44:04",401,386,96695,0,,7.2,286.8,16.97,36.05,,4
"2025-03-04 15:44:05",404,389,96659,0,,8.1,277.1,16.96,36.15,,3.9
"2025-03-04 15:44:06",407,392,96624,52.104122,5.642272,8.1,285.3,16.88,36.15,,3.8
"2025-03-04 15:44:07",412,397,96576,0,,8,281.3,16.82,36.2,,3.8
"2025-03-04 15:44:08",416,401,96527,0,,8.15,285.3,16.79,36.25,,3.8
"2025-03-04 15:44:09",420,405,96478,52.104173,5.641928,7.1,281.3,16.81,36.3,,3.8
"2025-03-04 15:44:10",423,408,96442,0,,8.6,285.8,16.79,36.3,,3.7
"2025-03-04 15:44:11",427,412,96407,0,,7.65,284.2,16.72,36.4,,3.6
"2025-03-04 15:44:12",430,415,96372,52.104228,5.641592,7.9,285,16.65,36.4,29,3.6
"2025-03-04 15:44:13",434,419,96327,0,,7.35,286.7,16.63,36.5,,3.6
"2025-03-04 15:44:14",438,423,96283,0,,7.95,280.1,16.58,36.55,,3.6
"2025-03-04 15:44:15",441,426,96240,52.104277,5.641267,8.15,288.3,16.5,36.6,,3.6
"2025-03-04 15:44:16",445,430,96198,0,,7.6,281.2,16.47,36.65,,3.6
"2025-03-04 15:44:17",449,434,96158,0,,8.35,288.5,16.41,36.7,,3.7
"2025-03-04 15:44:18",452,437,96118,52.10433,5.640927,8.1,280.6,16.37,36.75,,3.7
"2025-03-04 15:44:19",456,441,96071,0,,8.25,285.5,16.33,36.85,,3.8
"2025-03-04 15:44:20",461,446,96023,0,,8,290.3,16.28,36.9,,3.8
"2025-03-04 15:44:21",465,450,95976,52.10439,5.640592,7.8,281.7,16.28,37,,3.8
"2025-03-04 15:44:22",469,454,95935,0,,8.25,293.2,16.31,37,,3.7
"2025-03-04 15:44:23",472,457,95895,0,,7.7,283.1,16.26,37.1,,3.8
"2025-03-04 15:44:24",476,461,95856,52.10445,5.640265,7.5,282.7,16.21,37.1,,3.8
"2025-03-04 15:44:26",484,469,95760,0,,7.75,278.3,16.13,37.25,,3.9
"2025-03-04 15:44:27",488,473,95714,52.104488,5.639933,7.5,284.2,16.1,37.3,,3.9
"2025-03-04 15:44:28",492,477,95670,0,,7.35,281.9,16.08,37.35,,3.9
"2025-03-04 15:44:29",496,481,95626,0,,7.05,284.2,16.08,37.35,,3.9
"2025-03-04 15:44:30",500,485,95582,52.104527,5.639622,7.35,281.3,16.09,37.4,,4
"2025-03-04 15:44:31",504,489,95537,0,,7.95,281.2,16.07,37.45,,4
"2025-03-04 15:44:32",508,493,95493,0,,7,280.9,16.04,37.45,,3.9
"2025-03-04 15:44:33",512,497,95450,52.104563,5.639307,7.1,286.9,16.04,37.45,,3.9
"2025-03-04 15:44:34",515,500,95412,0,,6.45,278.9,15.99,37.5,,3.9
"2025-03-04 15:44:35",519,504,95374,0,,7.1,287.1,15.92,37.55,,3.8
"2025-03-04 15:44:36",522,507,95336,52.104607,5.63901,7.35,277.2,15.83,37.55,,3.8
"2025-03-04 15:44:37",527,512,95282,0,,6.65,280.9,15.77,37.6,,3.9
"2025-03-04 15:44:38",531,516,95230,0,,6.1,271.4,15.74,37.65,,4
"2025-03-04 15:44:39",536,521,95178,52.104623,5.638727,6.1,270.5,15.7,37.75,28.5,4
"2025-03-04 15:44:41",542,527,95107,0,,6.7,264.4,15.62,37.9,,3.9
"2025-03-04 15:44:42",546,531,95072,52.104628,5.638455,6.05,281.7,15.6,37.95,,3.8
"2025-03-04 15:44:43",549,534,95037,0,,6.85,268.4,15.55,38,,3.7
"2025-03-04 15:44:44",552,537,95001,0,,6.45,277.2,15.5,38.05,,3.7
"2025-03-04 15:44:45",555,540,94966,52.104642,5.638178,6.2,262.9,15.48,38.1,,3.6
"2025-03-04 15:44:46",558,543,94937,0,,6.85,279.7,15.46,38.15,,3.5
"2025-03-04 15:44:47",560,545,94909,0,,6.25,268.5,15.39,38.25,,3.5
"2025-03-04 15:44:48",563,548,94882,52.104648,5.637892,6.7,268.1,15.34,38.3,,3.4
"2025-03-04 15:44:49",566,551,94844,0,,6.45,277.2,15.3,38.35,,3.3
"2025-03-04 15:44:50",569,554,94808,0,,6.75,273.6,15.26,38.45,,3.1
"2025-03-04 15:44:51",572,557,94772,52.104668,5.637605,6.45,279.3,15.23,38.5,,3
"2025-03-04 15:44:52",576,561,94729,0,,6.1,265,15.19,38.55,,3.1
"2025-03-04 15:44:53",580,565,94687,0,,6.2,283.9,15.16,38.6,,3.1
"2025-03-04 15:44:54",584,569,94646,52.104677,5.637338,6.4,266.1,15.11,38.7,,3.2
"2025-03-04 15:44:58",596,581,94509,0,,6.4,274.2,15.04,38.95,,3.2
"2025-03-04 15:44:59",599,584,94475,0,,6.35,268.1,15.03,39,,3.2
"2025-03-04 15:45:00",602,587,94442,52.104673,5.636783,6.8,273,15.04,39.05,,3.3
"2025-03-04 15:45:01",605,590,94412,0,,6.65,262.5,15.02,39.05,,3.2
"2025-03-04 15:45:02",607,592,94383,0,,5.85,273.8,15.01,39.05,,3.2
"2025-03-04 15:45:03",610,595,94354,52.104663,5.636508,6.1,265.4,15.02,39.1,,3.1
"2025-03-04 15:45:04",612,597,94332,0,,5.35,270.5,15.01,39.15,,3
"2025-03-04 15:45:05",614,599,94309,0,,6.95,270.6,14.95,39.15,,2.9
"2025-03-04 15:45:06",616,601,94286,52.104663,5.636243,5.65,270.9,14.88,39.15,28.25,2.8
"2025-03-04 15:45:07",620,605,94245,0,,6.3,263.3,14.8,39.2,,2.8
"2025-03-04 15:45:08",624,609,94204,0,,6.1,279.8,14.76,39.25,,2.8
"2025-03-04 15:45:09",627,612,94164,52.104672,5.635978,6.3,278.2,14.74,39.3,,2.9
"2025-03-04 15:45:10",630,615,94132,0,,7.9,270.8,14.7,39.35,,2.9
"2025-03-04 15:45:11",633,618,94102,0,,5.55,282.4,14.66,39.4,,2.8
"2025-03-04 15:45:12",635,620,94072,52.10469,5.635685,7.45,272,14.65,39.45,,2.8
"2025-03-04 15:45:13",638,623,94046,0,,5.65,272,14.58,39.55,,2.8
"2025-03-04 15:45:14",640,625,94019,0,,7.1,275.2,14.54,39.6,,2.7
"2025-03-04 15:45:15",643,628,93992,52.104698,5.635405,5.8,266.3,14.5,39.7,,2.7
"2025-03-04 15:45:19",652,637,93890,0,,6.45,266.1,14.39,39.95,,2.7
"2025-03-04 15:45:20",654,639,93865,0,,6.45,277.5,14.35,40.05,,2.6
"2025-03-04 15:45:21",656,641,93840,52.10471,5.634835,6.85,267,14.31,40.1,,2.5
"2025-03-04 15:45:22",658,643,93823,0,,6,278.4,14.29,40.15,,2.4
"2025-03-04 15:45:23",659,644,93806,0,,7.1,270.3,14.26,40.2,,2.3
"2025-03-04 15:45:24",661,646,93790,52.104722,5.634552,6.05,276.6,14.22,40.3,,2.2
"2025-03-04 15:45:26",664,649,93752,0,,6,264.1,14.2,40.45,,2
"2025-03-04 15:45:27",666,651,93734,52.104725,5.634265,6.8,277.1,14.18,40.5,,1.9
"2025-03-04 15:45:28",668,653,93707,0,,4.75,280.7,14.19,40.55,,2
"2025-03-04 15:45:29",671,656,93681,0,,7,279.7,14.15,40.55,,2
"2025-03-04 15:45:30",673,658,93656,52.104747,5.634012,4.8,270.6,14.13,40.6,,2
"2025-03-04 15:45:31",674,659,93641,0,,6.45,277.2,14.11,40.65,,1.9
"2025-03-04 15:45:32",676,661,93627,0,,6.1,276.9,14.11,40.7,,1.8
"2025-03-04 15:45:33",677,662,93614,52.10477,5.63375,5.5,282.1,14.09,40.75,27.75,1.7
"2025-03-04 15:45:34",679,664,93592,0,,6.5,269.4,14.05,40.75,,1.7
"2025-03-04 15:45:35",681,666,93572,0,,6.5,269.4,14.03,40.85,,1.8
"2025-03-04 15:45:36",682,667,93552,52.104785,5.63348,7.2,269.5,14.05,40.9,,1.8
"2025-03-04 15:45:37",683,668,93540,0,,6.1,278.5,14.06,,,1.7
"2025-03-04 15:45:38",685,670,93528,0,,7.1,272.8,14.04,41,,1.7
"2025-03-04 15:45:39",686,671,93516,52.104802,5.633195,5.5,273.5,14.01,41,,1.6
"2025-03-04 15:45:41",688,673,93486,0,,5.15,260.5,13.96,41.15,,1.5
"2025-03-04 15:45:42",690,675,93472,52.104807,5.632932,5.3,275.1,13.93,41.15,,1.4
"2025-03-04 15:45:43",693,678,93439,0,,6.2,261.3,13.9,41.2,,1.5
"2025-03-04 15:45:44",695,680,93407,0,,5.7,272.6,13.88,41.2,,1.7
"2025-03-04 15:45:45",698,683,93376,52.104798,5.632683,5.4,260.8,13.91,41.25,,1.8
"2025-03-04 15:45:46",701,686,93351,0,,5.8,267,13.89,41.25,,1.8
"2025-03-04 15:45:47",703,688,93326,0,,4.85,270.9,13.87,41.25,,1.9
"2025-03-04 15:45:48",705,690,93302,52.104797,5.632448,5.3,276.3,13.85,41.3,,1.9
"2025-03-04 15:45:49",707,692,93282,0,,6.05,279.4,13.81,41.35,,1.9
"2025-03-04 15:45:50",709,694,93263,0,,3.95,270.9,13.8,41.35,,2
"2025-03-04 15:45:51",710,695,93244,52.104812,5.632225,5.05,276.7,13.76,41.35,,2
"2025-03-04 15:45:52",712,697,93227,0,,4.1,297.7,13.77,41.4,,2
"2025-03-04 15:45:53",713,698,93210,0,,5.05,281.5,13.73,41.4,,2.1
"2025-03-04 15:45:54",715,700,93194,52.104847,5.632033,4.3,292.9,13.73,41.45,,2.1
"2025-03-04 15:45:55",716,701,93185,0,,5.9,291.3,13.7,41.45,,1.9
"2025-03-04 15:45:56",716,701,93177,0,,5.1,277.6,13.65,41.5,,1.7
"2025-03-04 15:45:57",717,702,93170,52.104893,5.631803,6.5,292.6,13.6,41.5,,1.6
"2025-03-04 15:45:58",719,704,93152,0,,5.55,281,13.56,41.55,,1.6
"2025-03-04 15:45:59",720,705,93133,0,,5.85,295.9,13.55,41.65,,1.5
"2025-03-04 15:46:00",722,707,93114,52.104948,5.631572,4.9,292.8,13.51,41.7,27.5,1.5
"2025-03-04 15:46:01",725,710,93087,0,,5.7,285.4,13.47,41.75,,1.5
"2025-03-04 15:46:02",727,712,93061,0,,4.7,282.7,13.43,41.8,,1.5
"2025-03-04 15:46:03",729,714,93036,52.104993,5.631358,6.1,295.9,13.44,41.9,,1.6
"2025-03-04 15:46:04",731,716,93020,0,,5.55,289.2,13.42,41.95,,1.6
"2025-03-04 15:46:05",732,717,93005,0,,4.8,298,13.42,42.05,,1.6
"2025-03-04 15:46:06",733,718,92990,52.10506,5.631143,6.2,303.7,13.41,42.1,,1.5
"2025-03-04 15:46:08",739,724,92927,0,,6.8,307.1,13.42,42.1,,1.8
"2025-03-04 15:46:09",742,727,92896,52.10514,5.630917,5.65,302.2,13.41,42.15,,2
"2025-03-04 15:46:11",746,731,92850,0,,6.4,298.1,13.34,42.2,,2.1
"2025-03-04 15:46:12",748,733,92828,52.105218,5.630705,5,306.5,13.39,42.25,,2.1
"2025-03-04 15:46:14",749,734,92817,0,,5.1,299.5,13.39,42.25,,1.9
"2025-03-04 15:46:15",750,735,92812,52.105292,5.630467,6.7,298.1,13.36,42.25,,1.8
"2025-03-04 15:46:17",752,737,92781,0,,5.9,296.8,13.33,42.3,,1.7
"2025-03-04 15:46:18",754,739,92766,52.105373,5.630217,6.7,300.6,13.3,42.3,,1.7
"2025-03-04 15:46:20",758,743,92721,0,,6.75,291.8,13.24,42.35,,1.6
"2025-03-04 15:46:21",760,745,92700,52.105448,5.629978,4.85,303.6,13.28,42.4,,1.5
"2025-03-04 15:46:23",763,748,92666,0,,6.2,299.2,13.25,42.45,,1.5
"2025-03-04 15:46:24",764,749,92650,52.105525,5.62974,6.2,303.8,13.26,42.45,,1.4
"2025-03-04 15:46:27",768,753,92612,52.105603,5.629517,6.15,294.8,13.16,42.55,27.25,1.5
"2025-03-04 15:46:28",770,755,92590,0,,5.8,302.4,13.19,42.55,,1.6
"2025-03-04 15:46:29",772,757,92569,0,,6.2,288.3,13.18,42.55,,1.6
"2025-03-04 15:46:30",774,759,92548,52.105673,5.629285,5.65,304.7,13.22,42.6,,1.7
"2025-03-04 15:46:31",776,761,92522,0,,5.75,287.1,13.21,42.6,,1.7
"2025-03-04 15:46:32",778,763,92496,0,,6.05,295.5,13.17,42.6,,1.8
"2025-03-04 15:46:33",781,766,92470,52.10574,5.62904,7.25,288,13.14,42.65,,1.8
"2025-03-04 15:46:34",783,768,92445,0,,5.6,289.1,13.09,42.65,,1.8
"2025-03-04 15:46:35",785,770,92420,0,,5.35,285.4,13.04,42.65,,1.9
"2025-03-04 15:46:36",787,772,92396,52.105787,5.628803,5.3,281.1,13.04,42.7,,1.9
"2025-03-04 15:46:37",790,775,92369,0,,5.45,279.5,13.06,42.75,,2
"2025-03-04 15:46:38",792,777,92343,0,,5.2,279.3,13.02,42.75,,2
"2025-03-04 15:46:39",795,780,92318,52.105817,5.628582,5,283.1,12.97,42.8,,2.2
"2025-03-04 15:46:40",798,783,92280,0,,6.1,278.5,12.92,42.85,,2.4
"2025-03-04 15:46:41",802,787,92242,0,,5.15,277.7,12.87,42.9,,2.5
"2025-03-04 15:46:42",805,790,92204,52.105847,5.628345,5.5,289.2,12.84,42.95,,2.6
"2025-03-04 15:46:43",807,792,92177,0,,5.3,276.3,12.84,42.95,,2.6
"2025-03-04 15:46:44",810,795,92150,0,,5.3,286.7,12.87,43,,2.6
"2025-03-04 15:46:45",812,797,92124,52.105878,5.628112,6.05,277.2,12.88,43.05,,2.6
"2025-03-04 15:46:46",815,800,92097,0,,6.2,269.4,12.92,43.1,,2.6
"2025-03-04 15:46:47",817,802,92071,0,,6.05,283,12.89,43.15,,2.7
"2025-03-04 15:46:48",819,804,92046,52.105893,5.627848,6.05,268.2,12.87,43.15,,2.7
"2025-03-04 15:46:49",821,806,92026,0,,6.35,289.5,12.92,43.15,,2.6
"2025-03-04 15:46:50",823,808,92006,0,,5.55,274.5,12.94,43.15,,2.6
"2025-03-04 15:46:51",825,810,91986,52.105918,5.627583,6.6,282,12.91,43.15,,2.5
"2025-03-04 15:46:52",826,811,91976,0,,6.2,280.5,12.85,43.1,,2.4
"2025-03-04 15:46:53",827,812,91967,0,,6.15,285.3,12.81,43.1,,2.2
"2025-03-04 15:46:54",828,813,91958,52.105963,5.627312,6.95,291.8,12.77,43.15,27,2
"2025-03-04 15:46:55",830,815,91930,0,,5.95,280.2,12.7,43.15,,1.9
"2025-03-04 15:46:56",833,818,91903,0,,6.65,294.8,12.66,43.2,,1.9
"2025-03-04 15:46:57",835,820,91876,52.106017,5.627043,6.2,285.4,12.62,43.25,,1.9
"2025-03-04 15:46:58",837,822,91853,0,,7,289.3,12.58,43.35,,1.9
"2025-03-04 15:46:59",839,824,91830,0,,6.15,292,12.58,43.4,,1.9
"2025-03-04 15:47:00",841,826,91808,52.106078,5.626777,6.95,291.6,12.57,43.45,,1.9
"2025-03-04 15:47:01",843,828,91793,0,,6.4,295.2,12.54,43.5,,1.8
"2025-03-04 15:47:02",844,829,91778,0,,6.1,292.3,12.51,43.55,,1.7
"2025-03-04 15:47:03",845,830,91764,52.106147,5.626522,6.25,286.7,12.48,43.6,,1.7
"2025-03-04 15:47:04",847,832,91744,0,,6.3,291.4,12.44,43.7,,1.8
"2025-03-04 15:47:05",849,834,91725,0,,6.85,290.1,12.41,43.75,,1.8
"2025-03-04 15:47:06",851,836,91706,52.10621,5.626252,7.15,287,12.38,43.8,,1.9
"2025-03-04 15:47:07",853,838,91680,0,,,,12.35,43.85,,2
"2025-03-04 15:47:08",856,841,91653,0,,,,12.33,43.85,,2
"2025-03-04 15:47:09",858,843,91626,0,,,,12.28,43.9,,2
"2025-03-04 15:47:11",863,848,91568,0,,6.85,284.1,12.25,44.05,,2
"2025-03-04 15:47:12",866,851,91540,52.106308,5.62569,6.15,283.2,12.23,44.05,,2.1
"2025-03-04 15:47:13",868,853,91514,0,,6.35,282.7,12.32,44.15,,2.1
"2025-03-04 15:47:14",871,856,91489,0,,7.1,287.6,12.27,44.15,,2.2
"2025-03-04 15:47:15",873,858,91464,52.106358,5.625423,6.2,298.6,12.29,44.2,,2.2
"2025-03-04 15:47:16",875,860,91444,0,,7.2,285.1,12.28,44.2,,2.3
"2025-03-04 15:47:17",876,861,91425,0,,5.55,296.3,12.33,44.2,,2.3
"2025-03-04 15:47:18",878,863,91406,52.106418,5.625162,7.05,289.8,12.33,44.2,,2.3
"2025-03-04 15:47:19",880,865,91391,0,,6.6,294.1,12.3,44.2,,2.2
"2025-03-04 15:47:20",881,866,91377,0,,6.2,294.1,12.28,44.15,,2.1
"2025-03-04 15:47:21",882,867,91364,52.106488,5.624897,6.95,291.4,12.27,44.15,26.5,2
"2025-03-04 15:47:26",891,876,91262,0,,6.95,295.6,12.15,44.25,,1.8
"2025-03-04 15:47:27",893,878,91242,52.10662,5.624382,6.1,291,12.17,44.3,,1.8
"2025-03-04 15:47:28",894,879,91232,0,,6.55,288.5,12.12,44.35,,1.6
"2025-03-04 15:47:29",895,880,91223,0,,6.4,296.5,12.1,44.4,,1.6
"2025-03-04 15:47:30",896,881,91214,52.106687,5.624118,7.1,289.8,12.05,44.4,,1.5
"2025-03-04 15:47:31",898,883,91186,0,,6.25,296.6,12.04,44.45,,1.6
"2025-03-04 15:47:32",901,886,91158,0,,7.5,286.2,12,44.45,,1.7
"2025-03-04 15:47:33",904,889,91130,52.106753,5.623837,6.9,297.2,11.98,44.5,,1.8
"2025-03-04 15:47:34",905,890,91111,0,,6.5,291.8,11.98,44.5,,1.8
"2025-03-04 15:47:35",907,892,91092,0,,7.2,299.7,11.96,44.5,,1.8
"2025-03-04 15:47:36",909,894,91074,52.106832,5.623572,6.9,295.4,11.99,44.5,,1.8
"2025-03-04 15:47:37",911,896,91053,0,,7.2,290.8,11.98,44.55,,1.8
"2025-03-04 15:47:38",913,898,91033,0,,6.55,295.9,11.96,44.55,,1.7
"2025-03-04 15:47:39",914,899,91014,52.10691,5.623298,7.3,293.9,11.94,44.5,,1.7
"2025-03-04 15:47:40",916,901,90994,0,,7,300.5,11.91,44.45,,1.8
"2025-03-04 15:47:41",918,903,90975,0,,7.05,292.9,11.9,44.45,,1.9
"2025-03-04 15:47:42",920,905,90956,52.106998,5.623023,6.95,295,11.85,44.45,,2
"2025-03-04 15:47:43",922,907,90926,0,,6.7,290.7,11.9,44.5,,2
"2025-03-04 15:47:44",925,910,90896,0,,6.8,287.1,11.9,44.5,,2
"2025-03-04 15:47:45",928,913,90866,52.107057,5.62275,6,291.2,11.85,44.5,,2
"2025-03-04 15:47:49",935,920,90789,0,,6.65,288.6,11.78,44.75,,2
"2025-03-04 15:47:50",937,922,90770,0,,7.15,285.3,11.78,44.85,,2
"2025-03-04 15:47:51",939,924,90752,52.107157,5.622172,7.15,282.6,11.75,44.9,,2
"2025-03-04 15:47:52",940,925,90734,0,,7.25,287.2,11.73,44.95,,2
"2025-03-04 15:47:53",942,927,90717,0,,7.85,287.6,11.7,45,,2
"2025-03-04 15:47:54",943,928,90700,52.107213,5.621862,7.2,284.9,11.65,45.05,,2
"2025-03-04 15:47:55",947,932,90665,0,,8.5,288.9,11.64,45.1,,2
"2025-03-04 15:47:56",950,935,90631,0,,7.05,285.4,11.61,45.2,,2
"2025-03-04 15:47:57",953,938,90598,52.107272,5.62154,7.55,285.8,11.59,45.25,,2.1
"2025-03-04 15:47:58",955,940,90575,0,,7.2,278.2,11.59,45.3,,2.1
"2025-03-04 15:47:59",957,942,90553,0,,7.6,280.4,11.58,45.4,,2.1
"2025-03-04 15:48:00",959,944,90532,52.107312,5.62123,6.85,282.9,11.52,45.4,,2.1
"2025-03-04 15:48:01",963,948,90483,0,,5.95,290.9,11.47,45.45,,2.4
"2025-03-04 15:48:02",968,953,90434,0,,6.65,286.7,11.45,45.55,,2.6
"2025-03-04 15:48:03",973,958,90386,52.107362,5.620972,5.15,288.4,11.39,45.6,,2.8
"2025-03-04 15:48:04",975,960,90360,0,,6.05,306.6,11.35,45.65,,2.8
"2025-03-04 15:48:05",977,962,90333,0,,5.15,285.6,11.31,45.75,,2.9
"2025-03-04 15:48:06",980,965,90306,52.107432,5.620758,5.95,307.1,11.29,45.8,,2.9
"2025-03-04 15:48:07",983,968,90274,0,,5.6,286.6,11.22,45.9,,3
"2025-03-04 15:48:08",986,971,90243,0,,5.15,300.6,11.21,46,,3
"2025-03-04 15:48:09",989,974,90212,52.107498,5.62054,5.7,295.6,11.18,46.05,,3
"2025-03-04 15:48:11",994,979,90158,0,,6.1,300.9,11.11,46.2,,3
"2025-03-04 15:48:12",996,981,90132,52.10756,5.620332,4.7,288.8,11.09,46.3,,3
"2025-03-04 15:48:13",997,982,90118,0,,6.15,302,11.08,46.4,,3
"2025-03-04 15:48:14",999,984,90105,0,,5.5,299.1,11.05,46.45,,2.7
"2025-03-04 15:48:15",1000,985,90092,52.107632,5.62012,5.15,299.2,11.05,46.55,25.5,2.5
"2025-03-04 15:48:16",1001,986,90081,0,,6.8,296.6,11.05,46.65,,2.2
"2025-03-04 15:48:17",1002,987,90070,0,,4.75,296.5,11.02,46.7,,2
"2025-03-04 15:48:18",1003,988,90060,52.107703,5.619898,5.9,296.1,11,46.75,,1.9
"2025-03-04 15:48:22",1009,994,89994,0,,5.4,301.6,10.97,46.9,,1.5
"2025-03-04 15:48:23",1010,995,89978,0,,5.25,295.8,10.93,46.95,,1.4
"2025-03-04 15:48:24",1012,997,89962,52.107847,5.619482,5.25,305.5,10.92,47,,1.3
"2025-03-04 15:48:48",1043,1028,89630,52.108463,5.61781,5.25,299.4,10.62,47.5,,1.3
"2025-03-04 15:48:56",1053,1038,89523,0,,7.05,299.6,10.47,47.6,,1.3
"2025-03-04 15:48:57",1054,1039,89510,52.108747,5.617065,6.05,295.9,10.46,47.6,,1.3
"2025-03-04 15:49:01",1059,1044,89458,0,,6.8,305,10.46,47.65,,1.2
"2025-03-04 15:49:02",1060,1045,89445,0,,6.3,301.1,10.47,47.75,,1.2
"2025-03-04 15:49:03",1061,1046,89432,52.108912,5.616565,6.45,304.4,10.47,47.8,,1.2
"2025-03-04 15:49:10",1069,1054,89348,0,,6.45,302.3,10.36,47.95,,1.2
"2025-03-04 15:49:11",1070,1055,89336,0,,5.85,306.8,10.35,47.95,,1.2
"2025-03-04 15:49:12",1071,1056,89324,52.109185,5.615863,6.25,302.4,10.34,47.9,,1.2
"2025-03-04 15:49:22",1085,1070,89177,0,,6.5,302.5,10.21,47.9,,1.3
"2025-03-04 15:49:23",1087,1072,89162,0,,7.3,309.5,10.2,47.9,,1.3
"2025-03-04 15:49:24",1088,1073,89148,52.109622,5.614847,6.7,308,10.19,47.95,,1.4
"2025-03-04 15:49:31",1093,1078,89093,0,,7.65,308.9,10.08,48.2,,1.1
"2025-03-04 15:49:32",1094,1079,89085,0,,7.8,300.9,10.06,48.25,,1.1
"2025-03-04 15:49:33",1094,1079,89078,52.10998,5.614088,7.2,310.2,10.04,48.3,,1.1
"2025-03-04 15:49:37",1100,1085,89020,0,,7.4,304.1,10.03,48.65,,0.9
"2025-03-04 15:49:38",1101,1086,89006,0,,7.05,303.3,10.03,48.75,,1
"2025-03-04 15:49:39",1103,1088,88992,52.110202,5.613568,7.25,300.5,10.02,48.85,,1
"2025-03-04 15:49:43",1107,1092,88949,0,,6.95,302.3,10.01,48.95,,1
"2025-03-04 15:49:44",1108,1093,88938,0,,7.25,301.2,10,48.95,,1.1
"2025-03-04 15:49:45",1109,1094,88928,52.110418,5.613045,7.8,303.4,9.97,48.95,,1.1
"2025-03-04 15:49:49",1113,1098,88880,0,,6.8,308.4,9.97,48.9,,1.2
"2025-03-04 15:49:50",1114,1099,88868,0,,7.25,301,9.95,48.85,,1.1
"2025-03-04 15:49:51",1115,1100,88856,52.110638,5.612527,7.5,302.7,9.93,48.85,,1.1
"2025-03-04 15:49:52",1118,1103,88831,0,,7,300.4,9.92,48.85,,1.2
"2025-03-04 15:49:53",1120,1105,88807,0,,8.05,302.4,9.9,48.8,,1.2
"2025-03-04 15:49:54",1122,1107,88784,52.11075,5.612248,7.6,303.7,9.88,48.8,,1.3
"2025-03-04 15:50:01",1129,1114,88709,0,,7,301.4,9.85,48.9,,1.3
"2025-03-04 15:50:02",1130,1115,88698,0,,7.15,303.8,9.83,48.9,,1.3
"2025-03-04 15:50:03",1131,1116,88688,52.111085,5.611492,7.15,305.6,9.82,48.9,24,1.3
"2025-03-04 15:50:13",1146,1131,88529,0,,6.9,301,9.74,49,,1.4
"2025-03-04 15:50:14",1148,1133,88513,0,,7.4,299.4,9.72,49.05,,1.4
"2025-03-04 15:50:15",1149,1134,88498,52.111522,5.61047,6.7,307.1,9.72,49.05,,1.5
"2025-03-04 15:50:22",1158,1143,88401,0,,7.1,302.2,9.61,49.25,,1.4
"2025-03-04 15:50:23",1159,1144,88387,0,,7.5,304.3,9.59,49.3,,1.4
"2025-03-04 15:50:24",1161,1146,88374,52.111842,5.609713,7.1,300.8,9.57,49.35,,1.4
"2025-03-04 15:50:41",1190,1175,88066,0,,6.75,304,9.57,49.55,,1.7
"2025-03-04 15:50:42",1192,1177,88048,52.112525,5.608198,7.5,308.5,9.55,49.55,,1.7
"2025-03-04 15:50:43",1192,1177,88039,0,,7.2,308.3,9.53,49.5,,1.7
"2025-03-04 15:50:44",1193,1178,88031,0,,7.65,307,9.47,49.45,,1.6
"2025-03-04 15:50:45",1194,1179,88024,52.112645,5.60794,7,304.6,9.41,49.45,,1.6
"2025-03-04 15:50:46",1195,1180,88012,0,,6.95,304.8,9.36,49.5,,1.6
"2025-03-04 15:50:47",1196,1181,88000,0,,7.25,306.9,9.31,49.5,,1.5
"2025-03-04 15:50:48",1197,1182,87988,52.112753,5.607683,6.55,299,9.27,49.55,,1.5
"2025-03-04 15:50:49",1198,1183,87977,0,,7.05,307,9.27,49.6,,1.5
"2025-03-04 15:50:50",1199,1184,87966,0,,6.55,308.4,9.27,49.65,,1.5
"2025-03-04 15:50:51",1200,1185,87956,52.112862,5.607443,6.6,305.8,9.26,49.7,,1.5
"2025-03-04 15:51:01",1213,1198,87822,0,,7,309.7,9.12,50.05,,1.2
"2025-03-04 15:51:02",1214,1199,87809,0,,6.85,302.6,9.08,50.1,,1.2
"2025-03-04 15:51:03",1215,1200,87796,52.113312,5.606503,7.05,310.8,9.04,50.15,,1.2
"2025-03-04 15:51:20",1237,1222,87565,0,,7.1,308.9,8.83,50.8,,1.3
"2025-03-04 15:51:21",1238,1223,87552,52.113982,5.60506,6.4,307.5,8.8,50.8,,1.3
"2025-03-04 15:51:23",1243,1228,87506,0,,6.9,306,8.74,50.9,,1.4
"2025-03-04 15:51:24",1245,1230,87484,52.114093,5.604813,7.35,303.6,8.73,50.9,23,1.4
"2025-03-04 15:51:31",1252,1237,87404,0,,7.05,302.8,8.71,51.15,,1.3
"2025-03-04 15:51:32",1254,1239,87393,0,,7.25,302.6,8.69,51.15,,1.3
"2025-03-04 15:51:33",1255,1240,87382,52.114425,5.604065,6.25,310.1,8.65,51.15,,1.3
"2025-03-04 15:51:34",1255,1240,87373,0,,7.35,306.6,8.62,51.2,,1.3
"2025-03-04 15:51:35",1256,1241,87364,0,,7.05,309.9,8.59,51.15,,1.3
"2025-03-04 15:51:36",1257,1242,87356,52.114543,5.60382,7.55,305.3,8.57,51.2,,1.1
"2025-03-04 15:51:37",1259,1244,87339,0,,7.25,304.8,8.55,51.2,,1.1
"2025-03-04 15:51:38",1260,1245,87323,0,,6.6,310.6,8.56,51.2,,1.1
"2025-03-04 15:51:39",1262,1247,87308,52.11466,5.603565,7.45,302.8,8.56,51.2,,1.1
"2025-03-04 15:51:40",1263,1248,87297,0,,7.05,306.9,8.55,51.2,,1.1
"2025-03-04 15:51:41",1264,1249,87286,0,,7.2,304.6,8.54,51.2,,1.1
"2025-03-04 15:51:42",1265,1250,87276,52.114773,5.603303,7,305.6,8.54,51.15,,1.1
"2025-03-04 15:51:43",1266,1251,87261,0,,7.25,311.2,8.52,51.1,,1.1
"2025-03-04 15:51:44",1267,1252,87247,0,,6.95,307.8,8.52,51.1,,1.1
"2025-03-04 15:51:45",1269,1254,87234,52.114897,5.603067,7.2,314.5,8.54,51.05,,1.2
"2025-03-04 15:51:46",1269,1254,87226,0,,6.85,306.3,8.51,51.05,,1.2
"2025-03-04 15:51:47",1270,1255,87218,0,,7.25,313.5,8.54,51.05,,1.2
"2025-03-04 15:51:48",1271,1256,87210,52.115022,5.602833,7.25,311.1,8.55,51,,1.2
"2025-03-04 15:52:01",1280,1265,87112,0,,7.6,306.1,8.45,50.7,,0.7
"2025-03-04 15:52:02",1281,1266,87105,0,,7.3,305.8,8.43,50.7,,0.7
"2025-03-04 15:52:03",1282,1267,87098,52.115623,5.601612,7.65,310.2,8.42,50.65,,0.7
"2025-03-04 15:52:04",1283,1268,87085,0,,7.15,304,8.4,50.65,,0.7
"2025-03-04 15:52:05",1284,1269,87073,0,,6.85,306.1,8.39,50.65,,0.8
"2025-03-04 15:52:06",1285,1270,87062,52.115738,5.601348,7.8,305.4,8.39,50.65,,0.8
"2025-03-04 15:52:07",1287,1272,87047,0,,6.75,305.4,8.38,50.65,,0.8
"2025-03-04 15:52:08",1288,1273,87032,0,,7.75,307.8,8.37,50.65,,0.8
"2025-03-04 15:52:09",1289,1274,87018,52.115855,5.601088,6.8,305.1,8.35,50.7,,0.9
"2025-03-04 15:52:12",1291,1276,86996,52.115962,5.600823,6.95,300.3,8.3,50.75,,0.8
"2025-03-04 15:52:19",1302,1287,86882,0,,6.9,300.8,8.3,50.85,,1.3
"2025-03-04 15:52:20",1304,1289,86866,0,,7.05,309.5,8.33,50.85,,1.3
"2025-03-04 15:52:21",1305,1290,86850,52.116275,5.600065,7.05,303.8,8.34,50.85,,1.3
"2025-03-04 15:52:22",1306,1291,86842,0,,7.75,306.6,8.33,50.85,,1.3
"2025-03-04 15:52:23",1307,1292,86834,0,,7.2,298.6,8.29,50.85,,1.3
"2025-03-04 15:52:24",1308,1293,86826,52.116387,5.599795,7.7,306.7,8.26,50.85,,1.2
"2025-03-04 15:52:26",1309,1294,86812,0,,7.35,307.2,8.23,50.8,,1.2
"2025-03-04 15:52:27",1310,1295,86806,52.116507,5.599528,7.1,308.4,8.22,50.85,,1.2
"2025-03-04 15:52:28",1310,1295,86795,0,,7.4,302.6,8.2,50.85,,1.2
"2025-03-04 15:52:29",1311,1296,86785,0,,7.45,311,8.21,50.85,,1.2
"2025-03-04 15:52:30",1312,1297,86776,52.116627,5.599265,7.65,305.5,8.2,50.9,,1.2
"2025-03-04 15:52:34",1316,1301,86733,0,,7.75,309.2,8.16,51,,0.9
"2025-03-04 15:52:35",1317,1302,86722,0,,7.35,307.5,8.16,51,,0.9
"2025-03-04 15:52:36",1319,1304,86712,52.116872,5.598752,7.75,307.8,8.16,51.05,,0.9
"2025-03-04 15:52:37",1320,1305,86693,0,,7.35,304.6,8.14,51.05,,1
"2025-03-04 15:52:38",1322,1307,86674,0,,7.05,308.5,8.12,51.05,,1.1
"2025-03-04 15:52:39",1324,1309,86656,52.116987,5.598497,6.9,303.8,8.12,51.05,,1.2
"2025-03-04 15:52:40",1324,1309,86652,0,,6.9,308.8,8.1,51.05,,1.1
"2025-03-04 15:52:41",1325,1310,86649,0,,7,306.9,8.08,51.05,,1.1
"2025-03-04 15:52:42",1325,1310,86646,52.1171,5.598257,7,304.8,8.06,51.05,,1
"2025-03-04 15:52:43",1327,1312,86626,0,,7.4,309.9,8.04,51.05,,1.1
"2025-03-04 15:52:44",1329,1314,86607,0,,7.4,308.4,8.03,51.1,,1.2
"2025-03-04 15:52:45",1330,1315,86588,52.117225,5.598007,7.2,311.1,8.01,51.1,22.5,1.2
"2025-03-04 15:52:46",1332,1317,86575,0,,6.95,308.2,7.99,51.15,,1.2
"2025-03-04 15:52:47",1333,1318,86562,0,,7.05,309.2,8.01,51.2,,1.3
"2025-03-04 15:52:48",1334,1319,86550,52.117345,5.597765,7.6,306.4,8.03,51.25,,1.3
"2025-03-04 15:52:49",1335,1320,86543,0,,7,306.3,8.04,51.25,,1.2
"2025-03-04 15:52:50",1335,1320,86537,0,,7.5,304.5,8.03,51.25,,1.1
"2025-03-04 15:52:51",1336,1321,86532,52.117463,5.597512,7.5,310.7,8.03,51.25,,1.1
"2025-03-04 15:52:52",1337,1322,86517,0,,7.85,307.3,7.98,51.2,,1.1
"2025-03-04 15:52:53",1339,1324,86502,0,,7.4,308.9,7.96,51.2,,1.2
"2025-03-04 15:52:54",1340,1325,86488,52.11759,5.597255,7.2,309.5,7.94,51.25,,1.3
"2025-03-04 15:52:55",1341,1326,86472,0,,7.3,306,7.92,51.25,,1.2
"2025-03-04 15:52:56",1343,1328,86457,0,,7.15,308,7.93,51.3,,1.2
"2025-03-04 15:52:57",1344,1329,86442,52.117703,5.596997,7.65,300.6,7.98,51.3,,1.2
"2025-03-04 15:52:58",1345,1330,86440,0,,7.1,309.1,7.95,51.3,,1.1
"2025-03-04 15:52:59",1345,1330,86438,0,,7.65,310.5,7.92,51.3,,1
"2025-03-04 15:53:00",1345,1330,86436,52.117827,5.59674,7.8,307.8,7.9,51.3,,0.9
"2025-03-04 15:53:01",1346,1331,86424,0,,7.75,308.3,7.86,51.3,,0.9
"2025-03-04 15:53:02",1347,1332,86413,0,,7.6,303.3,7.83,51.3,,1
"2025-03-04 15:53:03",1348,1333,86402,52.117952,5.596468,7.4,313,7.82,51.35,,1
"2025-03-04 15:53:04",1349,1334,86390,0,,7.7,306.6,7.8,51.35,,1
"2025-03-04 15:53:05",1350,1335,86379,0,,7.25,310.5,7.79,51.4,,1
"2025-03-04 15:53:06",1351,1336,86368,52.118077,5.596212,7.6,306.8,7.81,51.4,,1
"2025-03-04 15:53:16",1357,1342,86308,0,,8.1,309.1,7.81,51.4,,0.7
"2025-03-04 15:53:17",1358,1343,86302,0,,7.4,310.1,7.78,51.4,,0.7
"2025-03-04 15:53:18",1358,1343,86296,52.118568,5.595165,8.3,308.8,7.75,51.35,,0.6
"2025-03-04 15:53:19",1360,1345,86277,0,,7.5,309.2,7.73,51.35,,0.7
"2025-03-04 15:53:20",1362,1347,86258,0,,7.25,307,7.71,51.35,,0.7
"2025-03-04 15:53:21",1364,1349,86240,52.118688,5.594902,7.5,304.4,7.71,51.35,,0.8
"2025-03-04 15:53:22",1364,1349,86239,0,,7.15,307.1,7.71,51.35,,0.8
"2025-03-04 15:53:23",1364,1349,86238,0,,7.7,306.5,7.69,51.45,,0.7
"2025-03-04 15:53:24",1364,1349,86238,52.11881,5.59464,7.7,309.2,7.67,51.45,,0.7
"2025-03-04 15:53:26",1366,1351,86213,0,,7.8,307.3,7.62,51.55,,0.7
"2025-03-04 15:53:27",1367,1352,86202,52.118942,5.594363,8.05,308.4,7.61,51.6,,0.8
"2025-03-04 15:53:28",1368,1353,86195,0,,8.35,306.7,7.59,51.65,,0.9
"2025-03-04 15:53:29",1369,1354,86188,0,,7.3,308.6,7.59,51.7,,0.9
"2025-03-04 15:53:30",1369,1354,86182,52.119068,5.59409,7.7,305.8,7.6,51.7,,0.9
"2025-03-04 15:53:34",1371,1356,86159,0,,7.9,311.5,7.65,51.7,,0.6
"2025-03-04 15:53:35",1372,1357,86153,0,,7.6,306.5,7.67,51.7,,0.7
"2025-03-04 15:53:36",1373,1358,86148,52.119322,5.593587,7.35,308.2,7.71,51.75,,0.7
"2025-03-04 15:53:41",1377,1362,86102,0,,7.6,310.3,7.76,51.7,,0.7
"2025-03-04 15:53:42",1378,1363,86094,52.119592,5.59308,7.9,312.2,7.76,51.65,,0.7
"2025-03-04 15:53:44",1379,1364,86076,0,,8.05,310.1,7.81,51.6,,0.7
"2025-03-04 15:53:45",1380,1365,86068,52.119732,5.592818,7.45,312.5,7.82,51.5,,0.7
"2025-03-04 15:53:47",1383,1368,86043,0,,7.45,315.9,7.78,51.3,,0.9
"2025-03-04 15:53:48",1384,1369,86032,52.119867,5.59257,7.85,313.1,7.76,51.2,,0.9
"2025-03-04 15:53:50",1385,1370,86014,0,,7.7,309.6,7.69,51.05,,0.9
"2025-03-04 15:53:51",1386,1371,86006,52.120003,5.592317,7.55,311.9,7.64,51.05,,0.9
"2025-03-04 15:53:53",1389,1374,85979,0,,7.55,309.9,7.57,50.9,,1
"2025-03-04 15:53:54",1390,1375,85966,52.12014,5.592075,7.55,315.3,7.54,50.85,,1
"2025-03-04 15:53:56",1392,1377,85944,0,,7,314.2,7.51,50.8,,1.1
"2025-03-04 15:53:57",1393,1378,85934,52.120272,5.591837,7.65,312.6,7.52,50.8,,1.1
"2025-03-04 15:53:58",1394,1379,85923,0,,7.65,311,7.51,50.75,,1.1
"2025-03-04 15:53:59",1395,1380,85912,0,,7.75,314.9,7.52,50.7,,1.1
"2025-03-04 15:54:00",1396,1381,85902,52.12041,5.591595,7.4,312.8,7.52,50.65,,1
"2025-03-04 15:54:01",1397,1382,85889,0,,7.4,316.7,7.51,50.65,,1.1
"2025-03-04 15:54:02",1399,1384,85876,0,,7.5,316.1,7.53,50.6,,1.1
"2025-03-04 15:54:03",1400,1385,85864,52.120553,5.591373,7.2,316.5,7.54,50.55,,1.1
"2025-03-04 15:54:04",1401,1386,85851,0,,7.9,313.8,7.56,50.55,,1.1
"2025-03-04 15:54:05",1402,1387,85839,0,,7.2,312,7.59,50.5,,1.1
"2025-03-04 15:54:06",1403,1388,85828,52.120695,5.591133,8.1,311.8,7.62,50.45,21,1.1
"2025-03-04 15:54:07",1405,1390,85815,0,,7.2,312.4,7.61,50.45,,1.1
"2025-03-04 15:54:08",1406,1391,85803,0,,7.3,312.2,7.59,50.4,,1.1
"2025-03-04 15:54:09",1407,1392,85792,52.120832,5.5909,7.3,314.5,7.56,50.35,,1.1
"2025-03-04 15:54:26",1428,1413,85574,0,,7.05,316.6,7.42,50.55,,1.2
"2025-03-04 15:54:27",1429,1414,85562,52.12165,5.589528,7.6,312,7.4,50.55,,1.2
"2025-03-04 15:54:28",1430,1415,85550,0,,7.15,315.3,7.37,50.55,,1.2
"2025-03-04 15:54:29",1431,1416,85538,0,,7.2,318.1,7.35,50.5,,1.2
"2025-03-04 15:54:30",1433,1418,85526,52.12179,5.589308,7.3,317.7,7.32,50.45,,1.2
"2025-03-04 15:54:31",1433,1418,85518,0,,7.45,317.2,7.31,50.35,,1.2
"2025-03-04 15:54:32",1434,1419,85511,0,,7.95,314.7,7.29,50.3,,1.2
"2025-03-04 15:54:33",1435,1420,85504,52.121938,5.589083,7,321.9,7.27,50.25,20.75,1.2
"2025-03-04 15:54:34",1435,1420,85499,0,,7.85,320.9,7.24,50.2,,1.1
"2025-03-04 15:54:35",1436,1421,85494,0,,6.75,322.6,7.22,50.2,,1.1
"2025-03-04 15:54:36",1436,1421,85490,52.122093,5.588883,6.9,320.8,7.2,50.15,,1.1
"2025-03-04 15:54:37",1437,1422,85479,0,,7.05,317.4,7.18,50.15,,1.1
"2025-03-04 15:54:38",1438,1423,85469,0,,7.6,319.1,7.17,50.2,,0.8
"2025-03-04 15:54:39",1439,1424,85460,52.122242,5.58867,7.6,316.5,7.15,50.25,,0.8
"2025-03-04 15:54:41",1439,1424,85455,0,,8.1,317.9,7.14,50.3,,0.7
"2025-03-04 15:54:42",1439,1424,85454,52.122402,5.588452,6.8,323.2,7.15,50.3,,0.6
"2025-03-04 15:54:43",1440,1425,85444,0,,7.65,321.2,7.14,50.25,,0.6
"2025-03-04 15:54:44",1441,1426,85435,0,,6.55,322.9,7.12,50.3,,0.6
"2025-03-04 15:54:45",1442,1427,85426,52.122555,5.58826,7.35,324.4,7.11,50.3,,0.6
"2025-03-04 15:54:46",1443,1428,85415,0,,6.5,326,7.1,50.35,,0.7
"2025-03-04 15:54:47",1444,1429,85405,0,,7.05,322.2,7.1,50.45,,0.7
"2025-03-04 15:54:48",1445,1430,85396,52.122708,5.588075,7.4,320,7.11,50.4,,0.8
"2025-03-04 15:54:49",1447,1432,85380,0,,6.8,325.3,7.12,50.3,,0.8
"2025-03-04 15:54:50",1448,1433,85364,0,,7.6,320.5,7.14,50.2,,0.9
"2025-03-04 15:54:51",1450,1435,85348,52.122863,5.587883,6.7,325.9,7.14,50.05,,0.9
"2025-03-04 15:54:52",1450,1435,85341,0,,7.85,326.9,7.15,49.95,,0.9
"2025-03-04 15:54:53",1451,1436,85334,0,,7.1,322.6,7.14,49.85,,1
"2025-03-04 15:54:54",1452,1437,85328,52.123027,5.5877,7.8,325.5,7.12,49.75,,1
"2025-03-04 15:54:55",1452,1437,85329,0,,7.8,325,7.11,49.7,,0.9
"2025-03-04 15:54:56",1451,1436,85330,0,,7.4,328.2,7.11,49.6,,0.9
"2025-03-04 15:54:57",1451,1436,85332,52.123197,5.587512,7.45,321.6,7.11,49.45,,0.8
"2025-03-04 15:54:58",1451,1436,85332,0,,6.35,323.9,7.12,49.3,,0.7
"2025-03-04 15:54:59",1451,1436,85332,0,,7.7,329.1,7.16,49.15,,0.6
"2025-03-04 15:55:00",1451,1436,85332,52.123355,5.587335,6.9,324.8,7.17,49,21.25,0.6
"2025-03-04 15:55:01",1452,1437,85323,0,,7.45,326.8,7.18,48.9,,0.5
"2025-03-04 15:55:02",1453,1438,85314,0,,7.7,325.9,7.2,48.7,,0.5
"2025-03-04 15:55:03",1454,1439,85306,52.123525,5.587155,7.2,327.2,7.2,48.55,,0.4
"2025-03-04 15:55:04",1455,1440,85295,0,,7.55,323.8,7.21,48.3,,0.4
"2025-03-04 15:55:05",1456,1441,85285,0,,7.9,326.2,7.21,48.1,,0.4
"2025-03-04 15:55:06",1457,1442,85276,52.123697,5.586968,8,325.8,7.23,47.85,,0.4
"2025-03-04 15:55:16",1463,1448,85216,0,,7.5,328.2,7.45,44.95,,0.7
"2025-03-04 15:55:17",1463,1448,85210,0,,6.55,324.6,7.48,44.7,,0.6
"2025-03-04 15:55:18",1464,1449,85204,52.124363,5.586263,7.6,328.5,7.47,44.5,,0.6
"2025-03-04 15:55:22",1465,1450,85190,0,,7.2,328.2,7.36,44,,0.5
"2025-03-04 15:55:23",1465,1450,85187,0,,7.9,331.2,7.35,43.95,,0.5
"2025-03-04 15:55:24",1466,1451,85184,52.124715,5.585912,7.7,327.1,7.32,43.9,,0.5
"2025-03-04 15:55:26",1466,1451,85182,0,,7.15,323.8,7.24,44,,0.5
"2025-03-04 15:55:27",1466,1451,85182,52.124878,5.585727,7,325.8,7.22,44.1,20.75,0.4
"2025-03-04 15:55:28",1466,1451,85177,0,,6.8,326.8,7.21,44.2,,0.4
"2025-03-04 15:55:29",1467,1452,85172,0,,7.65,331.3,7.22,44.35,,0.3
"2025-03-04 15:55:30",1467,1452,85168,52.125043,5.585558,7.25,326.9,7.2,44.4,,0.3
"2025-03-04 15:55:31",1468,1453,85161,0,,7.65,327.2,7.2,44.55,,0.3
"2025-03-04 15:55:32",1468,1453,85154,0,,7.2,324.3,7.19,44.6,,0.3
"2025-03-04 15:55:33",1469,1454,85148,52.125212,5.58537,7.8,319.7,7.19,44.65,,0.4
"2025-03-04 15:55:34",1470,1455,85138,0,,7.15,329,7.19,44.7,,0.4
"2025-03-04 15:55:35",1471,1456,85129,0,,7.15,326.1,7.2,44.75,,0.5
"2025-03-04 15:55:36",1472,1457,85120,52.12538,5.585185,8.05,326.1,7.22,44.8,,0.5
"2025-03-04 15:55:37",1472,1457,85117,0,,7.3,326.2,7.22,44.75,,0.5
"2025-03-04 15:55:38",1472,1457,85114,0,,8,324,7.22,44.75,,0.5
"2025-03-04 15:55:39",1473,1458,85112,52.12555,5.584995,7.4,325.7,7.21,44.8,,0.6
"2025-03-04 15:55:41",1475,1460,85086,0,,6.6,329.9,7.2,45.05,,0.7
"2025-03-04 15:55:42",1476,1461,85074,52.125715,5.584818,7.7,324,7.19,45.2,,0.8
"2025-03-04 15:55:43",1477,1462,85065,0,,7.5,327.9,7.18,45.3,,0.8
"2025-03-04 15:55:44",1478,1463,85056,0,,7.5,322.4,7.18,45.4,,0.8
"2025-03-04 15:55:45",1479,1464,85048,52.125882,5.584627,8.05,323.9,7.16,45.5,,0.8
"2025-03-04 15:55:46",1480,1465,85036,0,,7.05,324.2,7.15,45.55,,0.8
"2025-03-04 15:55:47",1481,1466,85025,0,,7.05,322.7,7.12,45.55,,0.8
"2025-03-04 15:55:48",1482,1467,85014,52.126038,5.584443,7.05,326.7,7.1,45.4,,0.9
"2025-03-04 15:55:49",1483,1468,85002,0,,7.4,326.2,7.07,45.25,,0.9
"2025-03-04 15:55:50",1484,1469,84991,0,,6.65,331.4,7.06,45.2,,1
"2025-03-04 15:55:51",1485,1470,84980,52.126202,5.584285,7.5,334.3,7.05,45.2,,1.1
"2025-03-04 15:55:52",1486,1471,84972,0,,7.05,333.5,7.02,45.2,,1
"2025-03-04 15:55:53",1487,1472,84964,0,,7.7,341,7.01,45.25,,1
"2025-03-04 15:55:54",1488,1473,84956,52.12638,5.584155,7.25,331.7,6.95,45.3,20.75,1
"2025-03-04 15:55:55",1487,1472,84959,0,,7.65,339.9,6.94,45.35,,0.9
"2025-03-04 15:55:56",1487,1472,84962,0,,8.25,332.2,6.95,45.35,,0.8
"2025-03-04 15:55:57",1487,1472,84966,52.126568,5.58402,7,340.2,6.94,45.4,,0.7
"2025-03-04 15:56:01",1492,1477,84907,0,,8,334.6,6.94,45.4,,0.8
"2025-03-04 15:56:02",1494,1479,84892,0,,7.8,341.4,6.94,45.25,,0.8
"2025-03-04 15:56:03",1495,1480,84878,52.12696,5.583762,8.25,340.1,6.97,45,,0.8
"2025-03-04 15:56:04",1496,1481,84870,0,,,,7.04,44.7,,0.8
"2025-03-04 15:56:05",1497,1482,84863,0,,,,7.11,44.25,,0.8
"2025-03-04 15:56:06",1497,1482,84856,0,,,,7.17,43.75,,0.8
"2025-03-04 15:56:08",1500,1485,84833,0,,7.75,341.5,7.25,42.7,,1
"2025-03-04 15:56:09",1501,1486,84822,52.127338,5.583508,7.75,338.8,7.34,42.2,,1.2
"2025-03-04 15:56:11",1502,1487,84807,0,,7.15,337.7,7.45,41.45,,1.1
"2025-03-04 15:56:12",1503,1488,84800,52.127522,5.583372,7.6,333.5,7.49,41.15,,1.1
"2025-03-04 15:56:20",1510,1495,84728,0,,6.85,344.3,7.65,39.15,,0.8
"2025-03-04 15:56:21",1511,1496,84720,52.128083,5.583048,7.9,342.2,7.68,38.95,20.5,0.8
"2025-03-04 15:56:23",1510,1495,84722,0,,8.1,342.4,7.64,38.7,,0.7
"2025-03-04 15:56:24",1510,1495,84724,52.128288,5.582948,8.3,342.1,7.62,38.6,,0.6
"2025-03-04 15:56:26",1513,1498,84693,0,,8.65,339.9,7.59,38.45,,0.7
"2025-03-04 15:56:27",1515,1500,84678,52.128497,5.582828,7.8,341.7,7.55,38.35,,0.8
"2025-03-04 15:56:28",1516,1501,84662,0,,8.95,349.4,7.53,38.25,,0.8
"2025-03-04 15:56:29",1518,1503,84647,0,,7.55,340.4,7.53,38.15,,0.9
"2025-03-04 15:56:30",1519,1504,84632,52.128708,5.582733,8.3,344,7.52,38.1,,0.9
"2025-03-04 15:56:31",1520,1505,84620,0,,8.5,339.2,7.55,38.05,,0.9
"2025-03-04 15:56:32",1522,1507,84608,0,,7.5,342.8,7.57,38,,0.9
"2025-03-04 15:56:33",1523,1508,84596,52.128917,5.58262,9.05,341.5,7.59,37.9,,1
"2025-03-04 15:56:34",1524,1509,84588,0,,7.75,339.5,7.59,37.75,,1
"2025-03-04 15:56:35",1524,1509,84580,0,,8.3,344.5,7.57,37.7,,1
"2025-03-04 15:56:36",1525,1510,84572,52.129122,5.582513,6.85,349.2,7.64,37.6,,1.1
"2025-03-04 15:56:37",1526,1511,84565,0,,7.6,343.8,7.67,37.55,,1.2
"2025-03-04 15:56:38",1526,1511,84559,0,,7.1,342.8,7.68,37.45,,1.1
"2025-03-04 15:56:39",1527,1512,84554,52.129307,5.58243,6.85,345.9,7.67,37.4,,1
"2025-03-04 15:56:40",1528,1513,84545,0,,7.45,344.1,7.64,37.3,,1
"2025-03-04 15:56:41",1529,1514,84537,0,,7.2,347.2,7.6,37.2,,0.9
"2025-03-04 15:56:42",1529,1514,84530,52.129498,5.582348,8.15,346.2,7.54,37.1,,0.9
"2025-03-04 15:56:43",1529,1514,84529,0,,7.3,347.9,7.5,37.1,,0.7
"2025-03-04 15:56:44",1529,1514,84528,0,,8,345.9,7.47,37.05,,0.6
"2025-03-04 15:56:45",1529,1514,84528,52.129702,5.582262,7.1,344,7.44,37,,0.6
"2025-03-04 15:56:46",1531,1516,84510,0,,8.2,347.4,7.44,37,,0.6
"2025-03-04 15:56:47",1533,1518,84492,0,,8.35,346.6,7.42,36.95,,0.7
"2025-03-04 15:56:48",1535,1520,84474,52.129915,5.58218,7.85,346.9,7.4,36.95,20.5,0.8
"2025-03-04 15:56:49",1535,1520,84472,0,,8.75,348.5,7.41,36.95,,0.8
"2025-03-04 15:56:50",1535,1520,84471,0,,8.1,354.5,7.4,37,,0.7
"2025-03-04 15:56:51",1535,1520,84470,52.130132,5.582113,8.1,347,7.39,37,,0.7
"2025-03-04 15:56:52",1537,1522,84452,0,,7.25,349.7,7.4,37,,0.8
"2025-03-04 15:56:53",1538,1523,84436,0,,7.45,348.8,7.41,37,,0.8
"2025-03-04 15:56:54",1540,1525,84420,52.130332,5.582048,7.6,352,7.42,36.95,,0.9
"2025-03-04 15:56:58",1543,1528,84393,0,,7.5,349.4,7.55,36.9,,1
"2025-03-04 15:56:59",1543,1528,84386,0,,7.7,350.9,7.57,36.85,,0.9
"2025-03-04 15:57:00",1544,1529,84380,52.130732,5.581947,7.7,347.4,7.59,36.8,,0.8
"2025-03-04 15:57:04",1549,1534,84333,0,,7.4,352.5,7.68,36.7,,1
"2025-03-04 15:57:05",1550,1535,84321,0,,7.5,348.6,7.69,36.65,,1
"2025-03-04 15:57:06",1551,1536,84310,52.131133,5.581843,7.5,353.6,7.7,36.65,,1
"2025-03-04 15:57:07",1552,1537,84299,0,,7.65,347.5,7.69,36.6,,0.9
"2025-03-04 15:57:08",1553,1538,84289,0,,7.55,353.4,7.69,36.6,,0.9
"2025-03-04 15:57:09",1554,1539,84280,52.131337,5.58179,7.7,351.7,7.69,36.65,,0.9
"2025-03-04 15:57:11",1555,1540,84263,0,,7.05,353.9,7.74,36.7,,1
"2025-03-04 15:57:12",1556,1541,84256,52.131532,5.581748,7.45,351,7.75,36.7,,1
"2025-03-04 15:57:13",1556,1541,84254,0,,7.6,359.1,7.74,36.75,,0.9
"2025-03-04 15:57:14",1556,1541,84253,0,,7.6,351.9,7.73,36.7,,0.9
"2025-03-04 15:57:15",1557,1542,84252,52.131737,5.581715,7.4,354.4,7.73,36.7,20.5,0.8
"2025-03-04 15:57:16",1558,1543,84236,0,,7.1,349.7,7.73,36.7,,0.8
"2025-03-04 15:57:17",1560,1545,84220,0,,7.7,349.8,7.73,36.65,,0.8
"2025-03-04 15:57:18",1561,1546,84204,52.131933,5.581667,7.5,355.1,7.74,36.6,,0.9
"2025-03-04 15:57:19",1562,1547,84195,0,,7.55,352.2,7.75,36.5,,0.9
"2025-03-04 15:57:20",1563,1548,84187,0,,7.7,355.3,7.77,36.4,,0.8
"2025-03-04 15:57:21",1564,1549,84180,52.132137,5.581638,7.6,356,7.81,36.25,,0.8
"2025-03-04 15:57:26",1565,1550,84161,0,,7.85,353.2,7.89,35.6,,0.7
"2025-03-04 15:57:27",1566,1551,84158,52.13254,5.581573,7.7,353.7,7.88,35.45,,0.7
"2025-03-04 15:57:28",1567,1552,84147,0,,7.3,352.4,7.86,35.35,,0.7
"2025-03-04 15:57:29",1568,1553,84137,0,,7.65,350.2,7.86,35.25,,0.7
"2025-03-04 15:57:30",1569,1554,84128,52.132742,5.581527,7.65,353.7,7.89,35.15,,0.6
"2025-03-04 15:57:31",1570,1555,84114,0,,8.3,350.7,7.9,35,,0.7
"2025-03-04 15:57:32",1571,1556,84101,0,,7.8,353.9,7.91,34.85,,0.7
"2025-03-04 15:57:33",1573,1558,84088,52.132955,5.581475,7.8,349.6,7.92,34.7,,0.7
"2025-03-04 15:57:34",1574,1559,84079,0,,7.85,349.5,7.94,34.45,,0.8
"2025-03-04 15:57:35",1574,1559,84069,0,,8.05,350.6,7.95,34.2,,0.8
"2025-03-04 15:57:36",1575,1560,84060,52.133167,5.581418,8.5,352.4,7.97,33.95,,0.8
"2025-03-04 15:57:49",1584,1569,83971,0,,8.45,352.7,8.34,31.6,,0.7
"2025-03-04 15:57:50",1585,1570,83964,0,,8.1,353.3,8.34,31.4,,0.7
"2025-03-04 15:57:51",1586,1571,83958,52.134262,5.581167,8.25,350.9,8.34,31.25,,0.7
"2025-03-04 15:57:52",1587,1572,83939,0,,8.8,349.5,8.34,31.05,,0.7
"2025-03-04 15:57:53",1589,1574,83921,0,,8.3,349.2,8.35,30.95,,0.8
"2025-03-04 15:57:54",1591,1576,83904,52.134488,5.581095,8.9,348.1,8.34,30.8,,0.9
"2025-03-04 15:57:58",1595,1580,83866,0,,8.3,351.6,8.29,30.4,,0.9
"2025-03-04 15:57:59",1595,1580,83857,0,,8.65,350.8,8.28,30.35,,0.9
"2025-03-04 15:58:00",1596,1581,83848,52.134935,5.580965,8.35,347.1,8.26,30.25,,0.9
"2025-03-04 15:58:07",1603,1588,83785,0,,8.4,347,8.24,29.85,,0.9
"2025-03-04 15:58:08",1603,1588,83776,0,,8.65,351.3,8.23,29.8,,0.9
"2025-03-04 15:58:09",1604,1589,83768,52.135608,5.580763,8.2,349.5,8.22,29.7,20.5,0.9
"2025-03-04 15:58:11",1606,1591,83751,0,,8.8,348.4,8.2,29.6,,0.9
"2025-03-04 15:58:12",1607,1592,83744,52.135837,5.580698,8.75,349.1,8.18,29.55,,0.9
"2025-03-04 15:58:13",1607,1592,83743,0,,9.15,349.7,8.14,29.5,,0.8
"2025-03-04 15:58:14",1607,1592,83742,0,,8.5,351.1,8.12,29.5,,0.7
"2025-03-04 15:58:15",1607,1592,83742,52.136072,5.580628,8.55,349.9,8.11,29.5,,0.7
"2025-03-04 15:58:16",1609,1594,83724,0,,8.2,345.3,8.12,29.4,,0.8
"2025-03-04 15:58:17",1610,1595,83707,0,,8.7,346.7,8.14,29.25,,0.8
"2025-03-04 15:58:18",1612,1597,83690,52.136298,5.58054,9,343.4,8.15,29,,0.9
"2025-03-04 15:58:19",1613,1598,83679,0,,8.7,346.4,8.2,28.75,,0.9
"2025-03-04 15:58:20",1614,1599,83668,0,,9.05,345.9,8.25,28.45,,0.9
"2025-03-04 15:58:21",1615,1600,83658,52.136528,5.580447,8.6,347.4,8.29,28.2,,0.9
"2025-03-04 15:58:22",1616,1601,83653,0,,8.75,345.1,8.33,27.95,,0.9
"2025-03-04 15:58:23",1616,1601,83649,0,,8.4,342.9,8.33,27.65,,0.8
"2025-03-04 15:58:24",1616,1601,83646,52.136755,5.580347,8.8,346.2,8.34,27.35,,0.8
"2025-03-04 15:58:34",1626,1611,83546,0,,9.35,344.1,8.5,24.65,,0.9
"2025-03-04 15:58:35",1627,1612,83536,0,,9.15,343.2,8.55,24.35,,0.9
"2025-03-04 15:58:36",1628,1613,83526,52.137703,5.579917,9.95,341.9,8.57,24.1,20.5,0.9
"2025-03-04 15:59:06",1653,1638,83276,52.140182,5.578485,9.8,339.2,8.88,14.75,,0.8
"2025-03-04 15:59:07",1655,1640,83253,0,,9.8,343.8,8.89,14.5,,0.9
"2025-03-04 15:59:08",1658,1643,83231,0,,9.8,343.8,8.88,14.3,,0.9
"2025-03-04 15:59:09",1660,1645,83210,52.140433,5.578342,9.8,341.7,8.88,14.1,,1
"2025-03-04 15:59:10",1661,1646,83201,0,,9.55,339.3,8.89,13.9,,0.9
"2025-03-04 15:59:11",1661,1646,83193,0,,9.6,340.3,8.9,13.75,,0.9
"2025-03-04 15:59:12",1662,1647,83186,52.140678,5.5782,9.9,341.6,8.92,13.5,,0.9
"2025-03-04 15:59:16",1665,1650,83155,0,,9.7,343.7,8.88,12.5,,0.9
"2025-03-04 15:59:17",1666,1651,83147,0,,9.55,340.9,8.87,12.25,,0.9
"2025-03-04 15:59:18",1667,1652,83140,52.141183,5.577925,9.9,341,8.88,11.95,,1.1
"2025-03-04 15:59:19",1668,1653,83123,0,,9.75,342.3,8.88,11.7,,1.2
"2025-03-04 15:59:20",1670,1655,83106,0,,10.35,340.5,8.89,11.5,,1.1
"2025-03-04 15:59:21",1672,1657,83090,52.141437,5.577785,9.5,343.1,8.9,11.45,,1.1
"2025-03-04 15:59:28",1677,1662,83032,0,,9.35,344.3,8.93,11.35,,1
"2025-03-04 15:59:29",1678,1663,83024,0,,9.7,339.9,8.93,11.35,,1
"2025-03-04 15:59:30",1679,1664,83016,52.142178,5.577403,9.9,342.3,8.92,11.3,20.75,1
"2025-03-04 15:59:46",1696,1681,82848,0,,9.8,345.1,9.07,9.2,,1
"2025-03-04 15:59:47",1697,1682,82838,0,,9.85,343.9,9.05,9.15,,1
"2025-03-04 15:59:48",1698,1683,82828,52.143697,5.576662,10.35,345.1,9.04,9.1,,1
"2025-03-04 15:59:52",1705,1690,82760,0,,9.65,343.7,9.01,9,,1.2
"2025-03-04 15:59:53",1706,1691,82743,0,,10.15,347.3,9.04,8.9,,1.2
"2025-03-04 15:59:54",1708,1693,82726,52.144213,5.576437,10,345.8,9.05,8.9,,1.2
"2025-03-04 15:59:58",1711,1696,82694,0,,9.85,346.8,9.07,8.75,,1.2
"2025-03-04 15:59:59",1712,1697,82686,0,,10,344.2,9.1,8.75,,1.3
"2025-03-04 16:00:00",1713,1698,82678,52.144738,5.576218,10.5,346.9,9.08,8.7,,1.2
"2025-03-04 16:00:01",1715,1700,82655,0,,9.9,344.4,9.05,8.65,,1.3
"2025-03-04 16:00:02",1717,1702,82633,0,,10.35,344.4,9.04,8.6,,1.4
"2025-03-04 16:00:03",1720,1705,82612,52.145002,5.576102,9.7,344.8,9.02,8.55,,1.4
"2025-03-04 16:00:16",1735,1720,82461,0,,10.4,346.1,8.93,8,,1.2
"2025-03-04 16:00:17",1736,1721,82449,0,,9.7,346.2,8.9,7.95,,1.2
"2025-03-04 16:00:18",1737,1722,82438,52.146328,5.575588,10.3,347,8.89,7.9,,1.2
"2025-03-04 16:00:19",1740,1725,82412,0,,10.1,349.6,8.87,7.85,,1.3
"2025-03-04 16:00:20",1742,1727,82387,0,,10.2,345.5,8.85,7.85,,1.3
"2025-03-04 16:00:21",1745,1730,82362,52.146595,5.575492,10.4,348.4,8.85,7.8,,1.4
"2025-03-04 16:00:22",1746,1731,82347,0,,10.4,348.4,8.84,7.75,,1.4
"2025-03-04 16:00:23",1747,1732,82333,0,,10.55,347.1,8.85,7.75,,1.4
"2025-03-04 16:00:24",1749,1734,82320,52.146862,5.575387,10,346.3,8.86,7.75,20.75,1.4
"2025-03-04 16:00:26",1752,1737,82293,0,,10.6,349,8.86,7.75,,1.4
"2025-03-04 16:00:27",1753,1738,82280,52.147135,5.575288,9.85,346.1,8.86,7.7,,1.4
"2025-03-04 16:00:31",1757,1742,82238,0,,10.3,346.9,8.77,7.35,,1.5
"2025-03-04 16:00:32",1758,1743,82228,0,,10.75,345.9,8.77,7.25,,1.4
"2025-03-04 16:00:33",1759,1744,82218,52.147678,5.575087,10.5,347.7,8.73,7.2,,1.3
"2025-03-04 16:00:34",1761,1746,82199,0,,10.45,345.2,8.7,7.1,,1.2
"2025-03-04 16:00:35",1763,1748,82181,0,,10.05,344.8,8.69,7.05,,1.3
"2025-03-04 16:00:36",1765,1750,82164,52.147948,5.574973,10.1,345.3,8.68,7,,1.3
"2025-03-04 16:00:46",1782,1767,81991,0,,,,8.67,6.45,,1.7
"2025-03-04 16:00:47",1784,1769,81974,0,,,,8.69,6.45,,1.7
"2025-03-04 16:00:48",1785,1770,81958,0,,,,8.69,6.4,,1.7
"2025-03-04 16:00:55",1795,1780,81860,0,,10.65,345.5,8.6,6.15,,1.6
"2025-03-04 16:00:56",1797,1782,81846,0,,10.65,343.9,8.58,6.15,,1.6
"2025-03-04 16:00:57",1798,1783,81832,52.149873,5.574242,10.45,346.9,8.55,6.1,,1.6
"2025-03-04 16:00:58",1800,1785,81817,0,,10.8,346,8.52,6.1,,1.6
"2025-03-04 16:00:59",1801,1786,81802,0,,10.85,348.3,8.51,6.1,,1.5
"2025-03-04 16:01:00",1803,1788,81788,52.150158,5.574127,11.05,345,8.48,6.1,,1.5
"2025-03-04 16:01:20",1833,1818,81485,0,,10.9,342.7,8.24,5.75,,1.5
"2025-03-04 16:01:21",1835,1820,81470,52.152102,5.573222,10.9,340.2,8.22,5.7,,1.5
"2025-03-04 16:01:48",1877,1862,81052,52.15454,5.571848,11,341.9,8.05,5.4,,1.6
"2025-03-04 16:01:49",1878,1863,81039,0,,10.9,338.2,8.06,5.35,,1.6
"2025-03-04 16:01:50",1880,1865,81027,0,,11.1,339.2,8.09,5.35,,1.5
"2025-03-04 16:01:51",1881,1866,81016,52.154817,5.571678,11.2,339.1,8.1,5.3,,1.5
"2025-03-04 16:02:04",1895,1880,80880,0,,10.85,338.4,7.92,5.2,,1.1
"2025-03-04 16:02:05",1896,1881,80870,0,,10.4,336.9,7.9,5.2,,1.1
"2025-03-04 16:02:06",1897,1882,80860,52.156163,5.570782,10.7,339.4,7.88,5.2,,1.1
"2025-03-04 16:02:07",1899,1884,80841,0,,10.5,337.2,7.88,5.2,,1.1
"2025-03-04 16:02:08",1901,1886,80823,0,,11.05,336.5,7.86,5.15,,1.2
"2025-03-04 16:02:09",1902,1887,80806,52.156433,5.570595,10.7,337.1,7.85,5.15,,1.2
"2025-03-04 16:02:11",1904,1889,80788,0,,11.2,335.4,7.85,5.15,,1.2
"2025-03-04 16:02:12",1905,1890,80780,52.156705,5.570388,10.75,334.2,7.85,5.15,21.25,1.2
"2025-03-04 16:02:13",1907,1892,80764,0,,11.1,335.2,7.85,5.2,,1.2
"2025-03-04 16:02:14",1908,1893,80749,0,,10.5,335.1,7.86,5.15,,1.2
"2025-03-04 16:02:15",1910,1895,80734,52.15697,5.570187,11.25,334.8,7.88,5.15,,1.2
"2025-03-04 16:02:16",1912,1897,80715,0,,11.1,336,7.88,5.1,,1.2
"2025-03-04 16:02:17",1914,1899,80695,0,,11.65,334.1,7.86,5.1,,1.5
"2025-03-04 16:02:18",1916,1901,80676,52.157247,5.569982,11,336.5,7.83,5.05,,1.5
"2025-03-04 16:02:19",1916,1901,80670,0,,11.3,333.9,7.82,5.05,,1.5
"2025-03-04 16:02:20",1917,1902,80664,0,,11.6,333.8,7.79,5,,1.4
"2025-03-04 16:02:21",1918,1903,80658,52.157523,5.569765,11.4,334,7.76,5,,1.3
"2025-03-04 16:02:22",1919,1904,80644,0,,11.7,333.8,7.75,5,,1.3
"2025-03-04 16:02:23",1920,1905,80632,0,,11,335.4,7.73,5,,1.3
"2025-03-04 16:02:24",1921,1906,80620,52.157802,5.569545,11.6,333.5,7.71,4.95,,1.4
"2025-03-04 16:02:26",1925,1910,80582,0,,11.65,333,7.71,4.95,,1.4
"2025-03-04 16:02:27",1927,1912,80564,52.158083,5.569315,11.9,333.6,7.73,4.95,,1.5
"2025-03-04 16:02:28",1929,1914,80549,0,,11.35,334,7.73,4.95,,1.4
"2025-03-04 16:02:29",1930,1915,80535,0,,11.65,334.5,7.75,4.95,,1.4
"2025-03-04 16:02:30",1931,1916,80522,52.158365,5.569095,11,335.7,7.75,4.95,,1.3
"2025-03-04 16:02:31",1933,1918,80511,0,,11.9,332.9,7.75,4.9,,1.4
"2025-03-04 16:02:32",1934,1919,80500,0,,11.65,334.7,7.76,4.9,,1.4
"2025-03-04 16:02:33",1935,1920,80490,52.158648,5.568868,11.8,333.1,7.76,4.9,,1.4
"2025-03-04 16:02:34",1936,1921,80477,0,,12.1,333.7,7.77,4.9,,1.4
"2025-03-04 16:02:35",1937,1922,80464,0,,11.8,333.4,7.78,4.9,,1.4
"2025-03-04 16:02:36",1939,1924,80452,52.158935,5.568637,11.45,334.2,7.77,4.95,,1.4
"2025-03-04 16:02:37",1941,1926,80429,0,,11.45,335.1,7.77,4.95,,1.5
"2025-03-04 16:02:38",1943,1928,80406,0,,11.85,333.4,7.77,4.95,,1.5
"2025-03-04 16:02:39",1946,1931,80384,52.15922,5.56842,12.05,335.4,7.77,4.95,21.25,1.5
"2025-03-04 16:02:40",1947,1932,80370,0,,12.15,333.3,7.75,4.95,,1.5
"2025-03-04 16:02:41",1948,1933,80357,0,,11.45,334.4,7.73,4.95,,1.5
"2025-03-04 16:02:42",1950,1935,80344,52.159505,5.568195,11.75,332.4,7.71,4.95,,1.5
"2025-03-04 16:02:43",1951,1936,80329,0,,11.8,333.3,7.69,4.9,,1.6
"2025-03-04 16:02:44",1953,1938,80315,0,,12.1,334.3,7.68,4.95,,1.6
"2025-03-04 16:02:45",1954,1939,80302,52.159792,5.567962,12.1,332.8,7.67,4.95,,1.6
"2025-03-04 16:02:46",1956,1941,80286,0,,11.55,334.6,7.65,4.95,,1.6
"2025-03-04 16:02:47",1957,1942,80271,0,,11.7,332.3,7.63,5,,1.7
"2025-03-04 16:02:48",1959,1944,80256,52.160073,5.567735,11.6,335,7.62,5,,1.7
"2025-03-04 16:02:49",1960,1945,80243,0,,12,334.3,7.61,5,,1.7
"2025-03-04 16:02:50",1962,1947,80229,0,,12,332.8,7.61,5,,1.6
"2025-03-04 16:02:51",1963,1948,80216,52.160362,5.567508,12.15,334.3,7.64,5,,1.5
"2025-03-04 16:02:52",1964,1949,80202,0,,12.3,332.3,7.64,5,,1.4
"2025-03-04 16:02:53",1966,1951,80189,0,,11.7,333.7,7.67,5,,1.4
"2025-03-04 16:02:54",1967,1952,80176,52.16065,5.567272,11.75,332.2,7.67,5.05,,1.4
"2025-03-04 16:02:55",1969,1954,80162,0,,11.65,334.1,7.68,5.05,,1.4
"2025-03-04 16:02:56",1970,1955,80148,0,,12.2,333.3,7.68,5.1,,1.4
"2025-03-04 16:02:57",1971,1956,80134,52.160935,5.567038,11.95,333.8,7.68,5.1,,1.4
"2025-03-04 16:02:58",1973,1958,80120,0,,12.25,335.3,7.68,5.1,,1.4
"2025-03-04 16:02:59",1974,1959,80107,0,,11.9,332.8,7.69,5.1,,1.4
"2025-03-04 16:03:00",1976,1961,80094,52.161227,5.566812,11.65,334.5,7.73,5.15,,1.4
"2025-03-04 16:03:01",1977,1962,80080,0,,11.8,330.8,7.75,5.15,,1.4
"2025-03-04 16:03:02",1978,1963,80066,0,,11.8,333.5,7.76,5.15,,1.4
"2025-03-04 16:03:03",1980,1965,80052,52.16151,5.566573,12.3,332.6,7.74,5.2,,1.4
"2025-03-04 16:03:04",1981,1966,80039,0,,12.05,333.3,7.73,5.15,,1.4
"2025-03-04 16:03:05",1982,1967,80026,0,,11.95,335.3,7.69,5.15,,1.4
"2025-03-04 16:03:06",1984,1969,80014,52.161798,5.566338,11.7,331.9,7.63,5.2,20.5,1.4
"2025-03-04 16:03:07",1985,1970,80007,0,,12.1,334.4,7.59,5.2,,1.3
"2025-03-04 16:03:08",1985,1970,80000,0,,12.2,332,7.54,5.25,,1.3
"2025-03-04 16:03:09",1986,1971,79994,52.162092,5.566097,12.2,334.1,7.52,5.25,,1.2
"2025-03-04 16:03:11",1989,1974,79963,0,,11.75,334.3,7.48,5.3,,1.2
"2025-03-04 16:03:12",1991,1976,79948,52.162382,5.565868,12,334.5,7.46,5.35,,1.3
"2025-03-04 16:03:31",2019,2004,79676,0,,12.85,331.9,7.21,5.5,,1.5
"2025-03-04 16:03:32",2020,2005,79662,0,,12,334.4,7.18,5.55,,1.5
"2025-03-04 16:03:33",2022,2007,79648,52.16445,5.5642,12.6,333.1,7.16,5.6,20.5,1.5
"2025-03-04 16:03:38",2031,2016,79558,0,,12.6,331.2,7.07,5.8,,1.6
"2025-03-04 16:03:39",2033,2018,79540,52.165037,5.563698,12.3,334.1,7.08,5.85,,1.6
"2025-03-04 16:03:41",2036,2021,79510,0,,11.95,331.8,7.11,5.9,,1.6
"2025-03-04 16:03:42",2037,2022,79496,52.165337,5.563448,12.65,331.1,7.14,5.95,,1.6
"2025-03-04 16:03:44",2040,2025,79470,0,,12.5,333.7,7.14,6,,1.6
"2025-03-04 16:03:45",2041,2026,79458,52.165632,5.563188,12.55,331.9,7.11,6,,1.6
"2025-03-04 16:03:47",2044,2029,79436,0,,12.4,330.6,7.05,6.05,,1.6
"2025-03-04 16:03:48",2045,2030,79426,52.165922,5.562933,11.85,331.8,7.04,6.05,,1.5
"2025-03-04 16:03:53",2050,2035,79369,0,,12.2,333.2,6.93,6.15,,1.3
"2025-03-04 16:03:54",2052,2037,79358,52.166512,5.56241,12.6,330.2,6.93,6.2,,1.2
"2025-03-04 16:03:56",2056,2041,79312,0,,12.1,330,6.93,6.25,,1.4
"2025-03-04 16:03:57",2059,2044,79290,52.166802,5.562148,12.4,330.4,6.92,6.3,,1.4
"2025-03-04 16:03:58",2060,2045,79273,0,,12.5,329.5,6.91,6.4,,1.5
"2025-03-04 16:03:59",2062,2047,79257,0,,12.75,329.2,6.89,6.4,,1.5
"2025-03-04 16:04:00",2064,2049,79242,52.167093,5.56187,12.35,330.1,6.87,6.45,20.5,1.6
"2025-03-04 16:04:01",2065,2050,79228,0,,12.4,328,6.85,6.45,,1.6
"2025-03-04 16:04:02",2067,2052,79214,0,,11.95,330.2,6.81,6.45,,1.6
"2025-03-04 16:04:03",2068,2053,79200,52.167378,5.561593,12.45,329.5,6.79,6.5,,1.6
"2025-03-04 16:04:10",2076,2061,79120,0,,12.45,330.3,6.68,6.6,,1.4
"2025-03-04 16:04:11",2077,2062,79109,0,,12.1,330.7,6.66,6.65,,1.3
"2025-03-04 16:04:12",2079,2064,79098,52.168242,5.560805,11.85,331.7,6.66,6.7,,1.3
"2025-03-04 16:04:13",2080,2065,79082,0,,12.3,329.7,6.64,6.75,,1.3
"2025-03-04 16:04:14",2082,2067,79068,0,,12.55,328.6,6.63,6.75,,1.3
"2025-03-04 16:04:15",2083,2068,79054,52.16853,5.560528,12.55,328.7,6.63,6.75,,1.3
"2025-03-04 16:04:16",2085,2070,79036,0,,12.35,330.1,6.63,6.7,,1.3
"2025-03-04 16:04:17",2087,2072,79018,0,,12.9,329.9,6.64,6.75,,1.4
"2025-03-04 16:04:18",2089,2074,79000,52.168827,5.560248,12.75,331,6.64,6.8,,1.4
"2025-03-04 16:04:22",2095,2080,78937,0,,12.95,329.8,6.63,7,,1.6
"2025-03-04 16:04:23",2097,2082,78921,0,,13,330.2,6.62,7,,1.6
"2025-03-04 16:04:24",2099,2084,78906,52.169423,5.559693,13.1,329.1,6.6,7.05,,1.7
"2025-03-04 16:04:26",2102,2087,78877,0,,13.05,329,6.56,7.15,,1.7
"2025-03-04 16:04:27",2103,2088,78864,52.169727,5.559403,13.05,329.6,6.53,7.2,20.5,1.6
"2025-03-04 16:04:34",2111,2096,78792,0,,13.6,328.9,6.47,7.35,,1.4
"2025-03-04 16:04:35",2112,2097,78782,0,,13.75,329.9,6.44,7.35,,1.2
"2025-03-04 16:04:36",2113,2098,78772,52.170662,5.558495,13.7,328.3,6.4,7.4,,1.2
"2025-03-04 16:04:37",2114,2099,78756,0,,13.3,328.5,6.37,7.45,,1.2
"2025-03-04 16:04:38",2116,2101,78741,0,,13.3,327.5,6.36,7.45,,1.2
"2025-03-04 16:04:39",2117,2102,78726,52.170968,5.55819,13.3,329,6.32,7.5,,1.2
"2025-03-04 16:04:41",2120,2105,78699,0,,13.55,330.2,6.27,7.55,,1.2
"2025-03-04 16:04:42",2122,2107,78686,52.171283,5.557895,13.55,329.9,6.26,7.6,,1.2
"2025-03-04 16:04:46",2126,2111,78640,0,,13.05,329.9,6.2,7.7,,1.2
"2025-03-04 16:04:47",2128,2113,78629,0,,13.4,329.5,6.19,7.75,,1.3
"2025-03-04 16:04:48",2129,2114,78618,52.171903,5.55729,13.25,328.6,6.2,7.8,,1.3
"2025-03-04 16:04:49",2130,2115,78605,0,,13.75,328.5,6.21,7.85,,1.3
"2025-03-04 16:04:50",2131,2116,78593,0,,13.55,328.9,6.21,7.85,,1.3
"2025-03-04 16:04:51",2132,2117,78582,52.172217,5.556988,13.2,330.4,6.23,7.9,,1.3
"2025-03-04 16:04:52",2134,2119,78570,0,,13.2,328.7,6.27,7.9,,1.2
"2025-03-04 16:04:53",2135,2120,78559,0,,12.95,329.4,6.3,8,,1.2
"2025-03-04 16:04:54",2136,2121,78548,52.17252,5.55669,13.55,327.4,6.31,8.1,20,1.2
"2025-03-04 16:04:55",2137,2122,78538,0,,13.2,328.9,6.33,8.15,,1.2
"2025-03-04 16:04:56",2138,2123,78529,0,,13.3,328.9,6.34,8.25,,1.2
"2025-03-04 16:04:57",2139,2124,78520,52.17283,5.556377,13.35,328.1,6.33,8.3,,1.2
"2025-03-04 16:04:58",2140,2125,78507,0,,13,328.8,6.3,8.35,,1.2
"2025-03-04 16:04:59",2141,2126,78495,0,,13.15,328.1,6.27,8.4,,1.2
"2025-03-04 16:05:00",2143,2128,78484,52.173132,5.556075,13.05,330.6,6.23,8.45,,1.2
"2025-03-04 16:05:01",2144,2129,78473,0,,13.4,328.6,6.2,8.45,,1.2
"2025-03-04 16:05:02",2145,2130,78462,0,,13,328.3,6.17,8.45,,1.2
"2025-03-04 16:05:03",2146,2131,78452,52.173433,5.555772,13.2,327.4,6.14,8.5,,1.1
"2025-03-04 16:05:04",2147,2132,78441,0,,13.25,328.4,6.11,8.5,,1.1
"2025-03-04 16:05:05",2148,2133,78431,0,,13.25,330.4,6.06,8.55,,1.1
"2025-03-04 16:05:06",2149,2134,78422,52.17374,5.555468,13.45,328.5,6.04,8.55,,1.1
"2025-03-04 16:05:07",2151,2136,78409,0,,12.9,328.9,6.01,8.5,,1.1
"2025-03-04 16:05:08",2152,2137,78396,0,,13.1,327.6,5.97,8.5,,1.1
"2025-03-04 16:05:09",2153,2138,78384,52.174038,5.555167,13.1,329.3,5.97,8.5,,1.2
"2025-03-04 16:05:10",2154,2139,78374,0,,13.45,329.4,5.96,8.5,,1.2
"2025-03-04 16:05:11",2155,2140,78365,0,,13.45,329.3,5.96,8.5,,1.2
"2025-03-04 16:05:12",2156,2141,78356,52.174345,5.55487,12.85,329.7,5.97,8.5,,1.1
"2025-03-04 16:05:13",2157,2142,78345,0,,13.15,327.8,5.97,8.5,,1.1
"2025-03-04 16:05:14",2158,2143,78335,0,,12.75,330.1,5.99,8.5,,1.1
"2025-03-04 16:05:15",2159,2144,78326,52.174645,5.554573,13.35,328.3,5.99,8.5,,1.1
"2025-03-04 16:05:16",2160,2145,78315,0,,13.35,329.3,6.01,8.55,,1.1
"2025-03-04 16:05:17",2161,2146,78305,0,,13.1,329.4,6.03,8.55,,1.1
"2025-03-04 16:05:18",2162,2147,78296,52.174948,5.554272,13.3,327.2,6.03,8.55,,1.1
"2025-03-04 16:05:19",2163,2148,78286,0,,12.8,330.2,6.05,8.55,,1.1
"2025-03-04 16:05:20",2164,2149,78277,0,,13.4,328.7,6.05,8.5,,1
"2025-03-04 16:05:21",2165,2150,78268,52.175253,5.553975,13.25,329.9,6.05,8.5,19.5,1
"2025-03-04 16:05:22",2166,2151,78258,0,,13.2,329.7,6.05,8.5,,1
"2025-03-04 16:05:23",2167,2152,78248,0,,13.3,328.9,6.04,8.5,,1
"2025-03-04 16:05:24",2169,2154,78238,52.175558,5.55368,13.05,329.2,6.03,8.5,,1
"2025-03-04 16:05:54",1972,1957,80126,52.178645,5.551052,11.4,339.4,6.49,6.2,,-6.6
"2025-03-04 16:05:55",1965,1950,80199,0,,11,335.3,6.51,6.15,,-6.6
"2025-03-04 16:05:56",1957,1942,80269,0,,11.95,339,6.52,6.1,,-6.6
"2025-03-04 16:05:57",1950,1935,80340,52.17893,5.550868,10.3,339.8,6.55,6.05,,-6.6
"2025-03-04 16:06:07",1876,1861,81062,0,,11.45,349.7,6.85,6.4,,-7.4
"2025-03-04 16:06:08",1869,1854,81135,0,,10.9,344.1,6.91,6.55,,-7.4
"2025-03-04 16:06:09",1861,1846,81208,52.180088,5.550317,11.35,347.7,6.97,6.6,,-7.4
"2025-03-04 16:06:10",1853,1838,81285,0,,11.05,340.9,7.04,6.7,,-7.5
"2025-03-04 16:06:11",1845,1830,81363,0,,10.45,348.5,7.09,6.85,,-7.5
"2025-03-04 16:06:12",1838,1823,81442,52.180375,5.550188,11.25,343.5,7.12,7.05,,-7.5
"2025-03-04 16:06:25",1735,1720,82454,0,,9.2,353.1,6.82,16.65,,-7.9
"2025-03-04 16:06:26",1727,1712,82532,0,,9.45,350.2,6.79,18.1,,-7.9
"2025-03-04 16:06:27",1720,1705,82610,52.18172,5.549705,9.2,356.8,6.76,19.6,,-7.8
"2025-03-04 16:06:29",1704,1689,82765,0,,9.4,357.3,6.68,22.4,,-7.8
"2025-03-04 16:06:30",1696,1681,82842,52.181967,5.549657,8.75,353.5,6.63,23.8,,-7.8
"2025-03-04 16:06:34",1666,1651,83150,0,,7.7,352.4,6.19,28.9,,-7.8
"2025-03-04 16:06:35",1658,1643,83227,0,,7.7,340.2,6.07,30,,-7.8
"2025-03-04 16:06:36",1650,1635,83304,52.18239,5.549515,7.7,346.4,5.98,31.1,,-7.8
"2025-03-04 16:06:52",1522,1507,84601,0,,5.95,317.6,5.9,42.8,,-8
"2025-03-04 16:06:53",1514,1499,84682,0,,7.8,324,5.96,43.45,,-8
"2025-03-04 16:06:54",1506,1491,84764,52.183345,5.548707,5.7,319.8,5.99,43.95,,-8
"2025-03-04 16:06:55",1499,1484,84841,0,,6.9,322,6.04,44.5,,-8
"2025-03-04 16:06:56",1491,1476,84919,0,,6.6,319.3,6.08,44.85,,-8
"2025-03-04 16:06:57",1484,1469,84998,52.18348,5.548525,6.25,317,6.14,45.25,,-8
"2025-03-04 16:07:01",1451,1436,85330,0,,6.35,311.8,6.36,46.9,,-8
"2025-03-04 16:07:02",1444,1429,85412,0,,6.7,315.2,6.37,47.25,,-8
"2025-03-04 16:07:03",1436,1421,85494,52.18373,5.54814,6.15,318.6,6.42,47.55,,-8
"2025-03-04 16:07:13",1360,1345,86275,0,,6.35,298,6.95,50.05,,-7.6
"2025-03-04 16:07:14",1353,1338,86353,0,,7.25,294,7.02,50.1,,-7.6
"2025-03-04 16:07:15",1345,1330,86432,52.184088,5.547182,7.45,293.2,7.09,50.25,,-7.5
"2025-03-04 16:07:16",1338,1323,86509,0,,7.65,291.4,7.15,50.35,,-7.5
"2025-03-04 16:07:17",1330,1315,86589,0,,7.15,294,7.21,50.45,,-7.5
"2025-03-04 16:07:18",1323,1308,86670,52.184165,5.546892,6.6,295.4,7.26,50.5,,-7.6
"2025-03-04 16:07:25",1271,1256,87208,0,,7.15,299,7.76,50.45,,-7.5
"2025-03-04 16:07:26",1264,1249,87285,0,,7.25,291.1,7.84,50.4,,-7.4
"2025-03-04 16:07:27",1257,1242,87362,52.184423,5.546028,7.85,291.5,7.91,50.35,,-7.4
"2025-03-04 16:07:29",1241,1226,87522,0,,8,306.5,8.04,50.3,,-7.4
"2025-03-04 16:07:30",1234,1219,87602,52.184523,5.545732,7.4,297.3,8.1,50.25,,-7.4
"2025-03-04 16:07:37",1181,1166,88155,0,,6.85,294,8.59,49.55,,-7.4
"2025-03-04 16:07:38",1174,1159,88234,0,,7.3,289.8,8.68,49.4,,-7.5
"2025-03-04 16:07:39",1166,1151,88314,52.18479,5.544835,7.35,298.8,8.74,49.25,,-7.5
"2025-03-04 16:07:40",1159,1144,88391,0,,7.2,295.1,8.82,49.1,,-7.5
"2025-03-04 16:07:41",1152,1137,88464,0,,7.2,290.6,8.9,48.95,,-7.4
"2025-03-04 16:07:42",1145,1130,88538,52.184872,5.544533,7.8,292.9,8.97,48.85,,-7.4
"2025-03-04 17:23:56",-2,-17,101346,0,,,,18.35,41,,
"2025-03-04 17:24:02",-2,-17,101350,0,,,,18.34,41.2,,
"2025-03-04 17:24:08",-2,-17,101350,0,,,,18.35,40.35,,
"2025-03-04 17:24:14",-3,-18,101352,0,,,,18.35,40.7,,0
"2025-03-04 17:24:20",-3,-18,101352,0,,,,18.36,40.35,,0
"2025-03-04 17:24:26",-2,-17,101350,0,,,,18.38,40.45,,0
"2025-03-04 17:24:32",-3,-18,101352,0,,,,18.42,39.7,,0
"2025-03-04 17:24:38",-2,-17,101350,0,,,,18.43,39.85,20.75,0
"2025-03-04 17:24:44",-2,-17,101350,0,,,,18.42,40,,0
"2025-03-04 17:24:50",-2,-17,101348,0,,,,18.39,39.95,,0
"2025-03-04 17:24:56",-3,-18,101352,0,,,,18.34,40.25,,0
"2025-03-04 17:25:02",-3,-18,101352,0,,,,18.32,40.15,,0
"2025-03-04 17:25:08",-2,-17,101350,0,,,,18.31,40.35,,0
"2025-03-04 17:25:14",-2,-17,101348,0,,,,18.3,41.05,,0
"2025-03-04 17:25:20",-2,-17,101348,0,,,,18.25,41.5,,0
"2025-03-04 17:25:26",-2,-17,101348,0,,,,18.19,41.7,,0
"2025-03-04 17:25:32",-3,-18,101352,0,,,,18.16,41.45,21,0
"2025-03-04 17:25:44",-3,-18,101354,0,,,,18.18,41.15,,0
"2025-03-04 17:25:50",-3,-18,101352,0,,,,18.19,41.15,,0
"2025-03-04 17:26:02",-3,-18,101352,0,,,,18.17,41.25,,0
"2025-03-04 17:26:08",-2,-17,101350,0,,,,18.14,41.35,,0
"2025-03-04 17:26:20",-2,-17,101346,0,,,,18.27,40.1,,0
"2025-03-04 17:26:26",-2,-17,101350,0,,,,18.3,40.1,21,0
"2025-03-04 17:26:32",-2,-17,101350,0,,,,18.31,40.2,,0
"2025-03-04 17:26:38",-3,-18,101352,0,,,,18.3,39.9,,0
"2025-03-04 17:26:44",-2,-17,101346,0,,,,18.34,39.45,,0
"2025-03-04 17:26:50",-3,-18,101354,0,,,,18.39,39.25,,0
"2025-03-04 17:26:56",-2,-17,101350,0,,,,18.42,39.1,,0
"2025-03-04 17:27:26",-3,-18,101354,0,,,,18.17,40.4,,0
"2025-03-04 17:27:32",-3,-18,101354,0,,,,18.2,40.05,,0
"2025-03-04 17:27:38",-2,-17,101348,0,,,,18.31,39.55,,0
"2025-03-04 17:27:44",-3,-18,101352,0,,,,18.33,39.4,,0
"2025-03-04 17:27:50",-3,-18,101352,0,,,,18.33,39.4,,0
"2025-03-04 17:27:56",-3,-18,101352,0,,,,18.31,39.4,,0
"2025-03-04 17:28:02",-3,-18,101354,0,,,,18.26,39.6,,0
"2025-03-04 17:28:08",-3,-18,101354,0,,,,18.3,39.35,,0
"2025-03-04 17:28:20",-2,-17,101348,0,,,,18.3,39.45,,0
"2025-03-04 17:28:26",-2,-17,101348,0,,,,18.27,39.55,,0
"2025-03-04 17:28:32",-2,-17,101350,0,,,,18.2,39.8,,0
"2025-03-04 17:28:38",-2,-17,101346,0,,,,18.25,39.35,,0
"2025-03-04 17:28:44",-2,-17,101346,0,,,,18.27,39.3,,0
"2025-03-04 17:28:50",-2,-17,101344,0,,,,18.31,38.8,,0
"2025-03-04 17:28:56",-2,-17,101348,0,,,,18.28,39.15,,0
"2025-03-04 17:29:02",-2,-17,101350,0,,,,18.26,39.4,,0
"2025-03-04 17:29:08",-2,-17,101342,0,,,,18.21,39.55,21,0
"2025-03-04 17:29:14",-2,-17,101346,0,,,,18.18,39.8,,0
"2025-03-04 17:29:20",-2,-17,101348,0,,,,18.13,40.1,,0
"2025-03-04 17:29:26",0,-15,101326,0,,,,18.28,39.1,,0.1
