timestamp,msl,agl,pressure,latitude,longitude,speed,heading,temperature,relative_humidity,internal_temperature,rise_speed
"2025-09-02 20:31:14",258,7,97340,-36.704102,-71.954477,0.7,253.1,38.86,17.95,,-0.1
"2025-09-02 20:31:16",264,13,97277,0,,0.5,204,38.74,18,,0.4
"2025-09-02 20:31:17",267,16,97246,-36.704102,-71.954477,0.35,241.6,38.58,18.05,,0.4
"2025-09-02 20:31:19",271,20,97199,0,,3.8,67.7,38.25,18.1,,0.7
"2025-09-02 20:31:20",273,22,97176,-36.704085,-71.954405,3.15,52.7,38.14,18.15,,1.1
"2025-09-02 20:31:22",276,25,97150,0,,5.6,50.6,37.99,18.3,,1.2
"2025-09-02 20:31:23",277,26,97138,-36.704003,-71.954288,5.05,55.2,37.88,18.2,,1.4
"2025-09-02 20:31:26",282,31,97086,-36.703955,-71.954175,4.15,64.6,37.71,18.25,45.75,1.8
"2025-09-02 20:31:27",288,37,97022,0,,5.45,87.9,37.7,18.3,,2.3
"2025-09-02 20:31:28",293,42,96961,0,,6.2,80.4,37.68,18.25,,2.5
"2025-09-02 20:31:29",299,48,96900,-36.703928,-71.954003,3.9,61.2,37.61,18.25,,2.7
"2025-09-02 20:31:30",301,50,96878,0,,6.35,71.8,37.44,18.2,,2.7
"2025-09-02 20:31:31",303,52,96857,0,,6.75,61.7,37.37,18.15,,2.7
"2025-09-02 20:31:32",305,54,96836,-36.70386,-71.953818,6.1,58.7,37.25,18.15,,2.7
"2025-09-02 20:31:33",307,56,96817,0,,7.8,59.9,37.04,18.05,,2.6
"2025-09-02 20:31:34",309,58,96798,0,,5.05,82.1,36.93,18.05,,2.8
"2025-09-02 20:31:35",311,60,96780,-36.703797,-71.953618,7.15,68.3,36.83,18.05,,2.8
"2025-09-02 20:31:36",314,63,96749,0,,7,70.9,36.75,18.05,,2.8
"2025-09-02 20:31:37",316,65,96720,0,,5.95,76.6,36.61,18.05,,2.8
"2025-09-02 20:31:38",319,68,96692,-36.703743,-71.953407,6.6,63.4,36.55,18.15,,3.1
"2025-09-02 20:31:39",320,69,96681,0,,6.65,71.5,36.41,18.15,,2.7
"2025-09-02 20:31:40",321,70,96669,0,,6.8,67.9,36.32,18.2,,2.3
"2025-09-02 20:31:41",322,71,96658,-36.703673,-71.95319,6.95,64.5,36.23,18.25,,1.9
"2025-09-02 20:31:42",324,73,96633,0,,6.5,70.8,36.19,18.35,,1.9
"2025-09-02 20:31:43",327,76,96607,0,,6.5,67.5,36.09,18.35,,2
"2025-09-02 20:31:44",329,78,96582,-36.703608,-71.952995,6.3,53.2,36.13,18.4,,2
"2025-09-02 20:31:45",333,82,96542,0,,6.05,52.4,36.05,18.45,,2.2
"2025-09-02 20:31:46",337,86,96505,0,,8.1,43.1,35.95,18.45,,2.3
"2025-09-02 20:31:47",340,89,96468,-36.703477,-71.952818,8.1,47,35.97,18.55,,2.5
"2025-09-02 20:31:48",343,92,96434,0,,7.15,44.1,36.01,18.55,,2.5
"2025-09-02 20:31:49",346,95,96401,0,,4.55,50.5,35.89,18.55,,2.5
"2025-09-02 20:31:50",350,99,96368,-36.70337,-71.952673,5.55,53,35.8,18.6,,2.6
"2025-09-02 20:31:51",350,99,96360,0,,5.6,49.1,35.72,18.6,,2.4
"2025-09-02 20:31:52",351,100,96352,0,,6.35,60.2,35.65,18.65,,2.4
"2025-09-02 20:31:53",352,101,96344,-36.703278,-71.95251,5.85,47.6,35.67,18.7,47,2.4
"2025-09-02 20:31:54",353,102,96328,0,,5.75,38.3,35.69,18.7,,2.4
"2025-09-02 20:31:55",355,104,96313,0,,5.75,38.3,35.69,18.7,,2.3
"2025-09-02 20:31:56",356,105,96298,-36.703175,-71.952365,5.55,49,35.67,18.65,,2.2
"2025-09-02 20:31:57",356,105,96299,0,,5.5,52.5,35.6,18.7,,2
"2025-09-02 20:31:58",356,105,96301,0,,6.65,51.6,35.55,18.8,,1.8
"2025-09-02 20:31:59",356,105,96304,-36.703077,-71.952207,6.1,52,35.56,18.85,,1.5
"2025-09-02 20:32:00",357,106,96290,0,,6.25,56.8,35.56,18.9,,1.3
"2025-09-02 20:32:01",358,107,96277,0,,5.8,44.8,35.57,18.9,,1.1
"2025-09-02 20:32:02",359,108,96264,-36.702975,-71.952052,6.5,47.1,35.49,18.9,,1
"2025-09-02 20:32:03",358,107,96276,0,,6.15,53,35.46,18.95,,0.7
"2025-09-02 20:32:04",357,106,96289,0,,5.65,48.8,35.42,19,,0.5
"2025-09-02 20:32:05",356,105,96302,-36.702883,-71.951897,6.9,56.8,35.54,19,,0.4
"2025-09-02 20:32:06",358,107,96276,0,,6.9,56.8,35.56,19,,0.5
"2025-09-02 20:32:07",361,110,96252,0,,6.6,53,35.51,18.95,,0.6
"2025-09-02 20:32:08",363,112,96228,-36.702792,-71.951725,5.95,55.3,35.49,18.95,,0.6
"2025-09-02 20:32:10",364,113,96214,0,,6.2,53,35.47,18.95,,0.7
"2025-09-02 20:32:11",365,114,96208,-36.702682,-71.951572,5.7,43.9,35.47,18.95,,0.8
"2025-09-02 20:32:12",365,114,96205,0,,5.9,47.6,35.46,18.95,,0.7
"2025-09-02 20:32:13",365,114,96202,0,,5,54.5,35.43,18.95,,0.6
"2025-09-02 20:32:14",366,115,96200,-36.702587,-71.951435,5.95,38.7,35.43,18.95,,0.5
"2025-09-02 20:32:15",366,115,96191,0,,6.15,39.8,35.45,19,,0.7
"2025-09-02 20:32:16",367,116,96183,0,,6.6,57,35.43,19,,0.8
"2025-09-02 20:32:17",368,117,96176,-36.702477,-71.95128,6.75,44.5,35.41,19,,1
"2025-09-02 20:32:19",369,118,96166,0,,6.45,52.7,35.52,19,,0.8
"2025-09-02 20:32:20",369,118,96162,-36.702362,-71.951117,6.3,44.7,35.47,19,47.5,0.7
"2025-09-02 20:32:21",369,118,96160,0,,6.8,58.9,35.41,19,,0.5
"2025-09-02 20:32:22",369,118,96159,0,,6.2,50,35.47,19,,0.5
"2025-09-02 20:32:23",370,119,96158,-36.70226,-71.950948,6,51.3,35.44,19,,0.4
"2025-09-02 20:32:25",370,119,96150,0,,6.4,44.2,35.4,19,,0.4
"2025-09-02 20:32:26",371,120,96146,-36.702155,-71.950785,5.95,51.9,35.35,19,,0.4
"2025-09-02 20:32:27",370,119,96150,0,,6.35,67.4,35.3,19,,0.4
"2025-09-02 20:32:28",370,119,96155,0,,6.85,45.4,35.26,19.05,,0.3
"2025-09-02 20:32:29",369,118,96160,-36.702053,-71.950605,6.2,54.9,35.33,19.05,,0.2
"2025-09-02 20:32:30",369,118,96162,0,,6.45,56.6,35.3,19.05,,0.1
"2025-09-02 20:32:31",369,118,96165,0,,7,52.6,35.26,19.05,,0
"2025-09-02 20:32:32",369,118,96168,-36.701952,-71.950418,6.4,58.7,35.35,19.1,,0
"2025-09-02 20:32:33",370,119,96149,0,,6,55.2,35.4,19.05,,0.1
"2025-09-02 20:32:34",372,121,96131,0,,6.45,62.1,35.36,19.05,,0.2
"2025-09-02 20:32:35",374,123,96114,-36.701868,-71.950235,5.85,58.8,35.36,19,,0.3
"2025-09-02 20:32:36",373,122,96118,0,,6.1,63.8,35.36,19,,0.3
"2025-09-02 20:32:37",373,122,96123,0,,6.6,56.1,35.41,19,,0.2
"2025-09-02 20:32:38",372,121,96128,-36.701778,-71.950058,5.55,49.8,35.36,19,,0.1
"2025-09-02 20:32:39",374,123,96115,0,,7.3,59.4,35.3,19,,0.3
"2025-09-02 20:32:40",375,124,96103,0,,6.05,53,35.23,19.05,,0.4
"2025-09-02 20:32:41",376,125,96092,-36.701682,-71.949887,6.05,51.9,35.27,19.05,,0.5
"2025-09-02 20:32:42",376,125,96092,0,,6.2,59.7,35.28,19.1,,0.6
"2025-09-02 20:32:43",376,125,96093,0,,5.95,46.1,35.28,19.1,,0.6
"2025-09-02 20:32:44",376,125,96094,-36.701582,-71.949727,6.25,53.2,35.31,19.1,,0.6
"2025-09-02 20:32:45",377,126,96081,0,,6.25,55.5,35.28,19.1,,0.5
"2025-09-02 20:32:46",378,127,96068,0,,7.15,48.7,35.32,19.1,,0.5
"2025-09-02 20:32:47",379,128,96056,-36.701467,-71.949548,7.15,50.7,35.3,19.1,48,0.5
"2025-09-02 20:32:48",379,128,96060,0,,6.6,51.8,35.27,19.1,,0.4
"2025-09-02 20:32:49",378,127,96065,0,,7.05,51.7,35.23,19.1,,0.4
"2025-09-02 20:32:50",378,127,96070,-36.70135,-71.949358,7.2,51.1,35.27,19.1,,0.4
"2025-09-02 20:32:51",380,129,96043,0,,6.75,55.7,35.37,19.1,,0.6
"2025-09-02 20:32:52",383,132,96016,0,,7.1,47.4,35.4,19.05,,0.7
"2025-09-02 20:32:53",385,134,95990,-36.701245,-71.94918,6.15,61.6,35.44,19.05,,0.8
"2025-09-02 20:32:54",386,135,95988,0,,7.25,58.9,35.42,19,,0.8
"2025-09-02 20:32:55",386,135,95987,0,,6.6,52.6,35.37,19,,0.8
"2025-09-02 20:32:56",386,135,95986,-36.701135,-71.948983,7.15,55.2,35.3,19,,0.8
"2025-09-02 20:32:57",386,135,95979,0,,7.05,50.3,35.28,19.05,,0.8
"2025-09-02 20:32:58",387,136,95972,0,,6.8,61,35.26,19.05,,0.8
"2025-09-02 20:32:59",388,137,95966,-36.701025,-71.94879,6.8,56,35.19,19.05,,0.7
"2025-09-02 20:33:00",388,137,95961,0,,6.3,47.9,35.21,19.05,,0.8
"2025-09-02 20:33:01",389,138,95956,0,,7.2,55.5,35.19,19.05,,0.9
"2025-09-02 20:33:02",389,138,95952,-36.700903,-71.948607,7.65,54.4,35.16,19.1,,0.9
"2025-09-02 20:33:03",390,139,95945,0,,6.95,50,35.2,19.1,,0.9
"2025-09-02 20:33:04",390,139,95938,0,,7.45,48.9,35.16,19.1,,0.8
"2025-09-02 20:33:05",391,140,95932,-36.700775,-71.948423,6.95,52,35.2,19.1,,0.6
"2025-09-02 20:33:06",391,140,95930,0,,6.9,54.7,35.2,19.1,,0.5
"2025-09-02 20:33:07",391,140,95929,0,,8.15,50.5,35.17,19.1,,0.5
"2025-09-02 20:33:08",391,140,95928,-36.700662,-71.948237,5.9,57.6,35.23,19.1,,0.5
"2025-09-02 20:33:10",392,141,95916,0,,7.35,52.6,35.19,19.05,,0.5
"2025-09-02 20:33:11",393,142,95910,-36.700562,-71.948057,6.7,56.4,35.19,19.05,,0.5
"2025-09-02 20:33:12",393,142,95907,0,,6.9,57.4,35.14,19.05,,0.4
"2025-09-02 20:33:13",394,143,95904,0,,7.5,49.3,35.17,19.1,,0.4
"2025-09-02 20:33:14",394,143,95902,-36.700448,-71.947868,6.55,59.1,35.17,19.1,48.5,0.4
"2025-09-02 20:33:15",394,143,95902,0,,6.8,53.3,35.13,19.1,,0.3
"2025-09-02 20:33:16",394,143,95903,0,,7.1,50,35.14,19.1,,0.3
"2025-09-02 20:33:17",394,143,95904,-36.700338,-71.947683,6.95,60.9,35.11,19.15,,0.2
"2025-09-02 20:33:18",394,143,95900,0,,7.5,49,35.1,19.15,,0.2
"2025-09-02 20:33:19",394,143,95896,0,,6.65,50.6,35.11,19.15,,0.3
"2025-09-02 20:33:20",395,144,95892,-36.700228,-71.9475,6.85,59.3,35.07,19.15,,0.3
"2025-09-02 20:33:21",396,145,95878,0,,6.85,56.2,35.06,19.15,,0.4
"2025-09-02 20:33:22",397,146,95864,0,,6.75,52.9,35.12,19.2,,0.4
"2025-09-02 20:33:23",399,148,95850,-36.700122,-71.947308,7.5,55.4,35.08,19.2,,0.5
"2025-09-02 20:33:25",400,149,95839,0,,6.6,56,35.13,19.25,,0.5
"2025-09-02 20:33:26",400,149,95834,-36.700013,-71.94711,7.45,52.6,35.12,19.3,,0.5
"2025-09-02 20:33:27",403,152,95805,0,,7.6,49.5,35.11,19.3,,0.7
"2025-09-02 20:33:28",406,155,95776,0,,8.3,49.6,35.1,19.3,,0.9
"2025-09-02 20:33:29",408,157,95748,-36.699878,-71.94691,8.2,51,35.18,19.4,,1.1
"2025-09-02 20:33:30",409,158,95743,0,,7.75,49.2,35.17,19.45,,1.2
"2025-09-02 20:33:31",409,158,95738,0,,8,56.3,35.15,19.45,,1.2
"2025-09-02 20:33:32",410,159,95734,-36.699767,-71.946718,6.1,47.7,35.16,19.5,,1.2
"2025-09-02 20:33:33",411,160,95725,0,,6.65,55.6,35.19,19.5,,1.2
"2025-09-02 20:33:34",411,160,95715,0,,7.2,61.3,35.2,19.45,,1.2
"2025-09-02 20:33:35",412,161,95706,-36.699675,-71.946543,5.65,48.9,35.26,19.45,,1.2
"2025-09-02 20:33:37",418,167,95648,0,,6.95,47.5,35.27,19.35,,1.5
"2025-09-02 20:33:38",421,170,95620,-36.699558,-71.946378,6.6,51.6,35.28,19.35,,1.7
"2025-09-02 20:33:40",423,172,95596,0,,6.2,52.3,35.3,19.3,,1.5
"2025-09-02 20:33:41",424,173,95584,-36.699447,-71.946198,7.35,47.3,35.27,19.25,48.75,1.4
"2025-09-02 20:33:43",426,175,95565,0,,6.75,40.1,35.23,19.25,,1.3
"2025-09-02 20:33:44",427,176,95556,-36.699302,-71.94603,7.5,49.7,35.26,19.25,,1.3
"2025-09-02 20:33:46",428,177,95541,0,,6.05,48.2,35.18,19.2,,1.4
"2025-09-02 20:33:47",429,178,95534,-36.699175,-71.945858,7.2,54.3,35.1,19.2,,1.4
"2025-09-02 20:33:49",430,179,95519,0,,7.3,43.4,35.11,19.25,,1.3
"2025-09-02 20:33:50",431,180,95512,-36.699037,-71.945682,7.7,49.9,35.28,19.25,,1
"2025-09-02 20:33:52",430,179,95518,0,,6.35,48.3,35.17,19.15,,0.6
"2025-09-02 20:33:53",430,179,95522,-36.698915,-71.945513,6.55,47.2,35.14,19.2,,0.5
"2025-09-02 20:33:55",429,178,95533,0,,7.8,54.7,35.26,19.25,,0.3
"2025-09-02 20:33:56",428,177,95540,-36.698778,-71.945328,6.9,45.5,35.26,19.15,,0.2
"2025-09-02 20:33:58",432,181,95502,0,,6.7,51.3,35.32,19.05,,0.4
"2025-09-02 20:33:59",434,183,95484,-36.698658,-71.945163,6.6,52.7,35.21,19,,0.4
"2025-09-02 20:34:00",435,184,95473,0,,6.6,42.2,35.12,19,,0.4
"2025-09-02 20:34:01",435,184,95463,0,,7.05,39.8,35.06,19,,0.5
"2025-09-02 20:34:02",436,185,95454,-36.698528,-71.945002,8.05,50.5,34.99,19.05,,0.5
"2025-09-02 20:34:03",437,186,95442,0,,7.3,49.9,35.01,19.15,,0.5
"2025-09-02 20:34:04",439,188,95431,0,,7.05,55.5,35,19.15,,0.7
"2025-09-02 20:34:05",440,189,95420,-36.698423,-71.944797,8.3,70.6,34.95,19.2,,0.8
"2025-09-02 20:34:06",441,190,95408,0,,7.85,62.1,34.97,19.2,,0.8
"2025-09-02 20:34:07",442,191,95397,0,,7.85,62.1,34.9,19.2,,1.1
"2025-09-02 20:34:08",443,192,95386,-36.69832,-71.94458,7.35,62.6,34.97,19.25,49,1.2
"2025-09-02 20:34:09",444,193,95377,0,,6.7,62.2,34.91,19.25,,1.2
"2025-09-02 20:34:10",445,194,95368,0,,6.2,51.3,34.88,19.3,,1.1
"2025-09-02 20:34:11",445,194,95360,-36.698213,-71.944392,7,52.8,34.95,19.3,,1
"2025-09-02 20:34:12",446,195,95348,0,,6.45,55.8,34.96,19.3,,1
"2025-09-02 20:34:13",448,197,95336,0,,6.6,45.6,34.9,19.3,,1
"2025-09-02 20:34:14",449,198,95324,-36.698102,-71.94423,6.85,42,34.9,19.35,,1
"2025-09-02 20:34:15",450,199,95309,0,,6.95,44.5,34.9,19.35,,1.1
"2025-09-02 20:34:16",452,201,95294,0,,7,45.9,34.85,19.4,,1.1
"2025-09-02 20:34:17",453,202,95280,-36.697983,-71.944068,6.25,55.8,34.8,19.4,,1.1
"2025-09-02 20:34:18",456,205,95248,0,,6.05,50.2,34.8,19.4,,1.3
"2025-09-02 20:34:19",459,208,95218,0,,7.1,43.5,34.74,19.4,,1.4
"2025-09-02 20:34:20",462,211,95188,-36.697867,-71.943905,7.3,56.9,34.71,19.45,,1.6
"2025-09-02 20:34:21",464,213,95165,0,,8.15,57.6,34.84,19.45,,1.6
"2025-09-02 20:34:22",466,215,95141,0,,6.9,47,34.77,19.4,,1.7
"2025-09-02 20:34:23",468,217,95118,-36.697742,-71.943717,9.2,44.6,34.7,19.4,,1.8
"2025-09-02 20:34:25",477,226,95026,0,,8.05,48.4,34.59,19.45,,2.5
"2025-09-02 20:34:26",482,231,94980,-36.697597,-71.943522,8.45,45.8,34.7,19.5,,2.7
"2025-09-02 20:34:27",485,234,94942,0,,7.55,43.6,34.65,19.45,,2.9
"2025-09-02 20:34:28",489,238,94905,0,,8.45,64.3,34.58,19.4,,3.1
"2025-09-02 20:34:29",492,241,94868,-36.697482,-71.943318,6.15,50.5,34.49,19.4,,3.3
"2025-09-02 20:34:30",498,247,94813,0,,5.3,38.4,34.47,19.45,,3.4
"2025-09-02 20:34:31",503,252,94759,0,,6,24.7,34.46,19.5,,3.6
"2025-09-02 20:34:32",508,257,94706,-36.697353,-71.943215,6.1,34.5,34.42,19.5,,3.8
"2025-09-02 20:34:33",511,260,94675,0,,6.25,30.5,34.41,19.5,,3.9
"2025-09-02 20:34:34",514,263,94645,0,,5.85,29.5,34.38,19.55,,3.9
"2025-09-02 20:34:35",516,265,94616,-36.697215,-71.943117,5.7,26.8,34.31,19.6,49.25,4
"2025-09-02 20:34:36",521,270,94573,0,,5.85,18,34.28,19.65,,4
"2025-09-02 20:34:37",525,274,94530,0,,6.05,36.5,34.39,19.75,,3.9
"2025-09-02 20:34:38",529,278,94488,-36.697068,-71.943037,7.3,11.4,34.4,19.8,,3.9
"2025-09-02 20:34:41",539,288,94386,-36.696893,-71.942947,6.25,27.7,34.36,19.85,,3.9
"2025-09-02 20:34:42",543,292,94340,0,,7.1,28.4,34.28,19.85,,3.9
"2025-09-02 20:34:43",547,296,94295,0,,7.95,33.8,34.26,19.85,,3.8
"2025-09-02 20:34:44",552,301,94250,-36.696712,-71.942823,8.7,22,34.4,19.85,,3.8
"2025-09-02 20:34:45",556,305,94208,0,,8.9,17.3,34.38,19.8,,3.7
"2025-09-02 20:34:46",560,309,94167,0,,7.55,22.8,34.33,19.75,,3.8
"2025-09-02 20:34:47",564,313,94126,-36.696493,-71.942723,9.55,21,34.25,19.75,,3.9
"2025-09-02 20:34:48",568,317,94082,0,,9.35,19.8,34.18,19.7,,3.9
"2025-09-02 20:34:49",572,321,94039,0,,6.35,35.5,34.11,19.65,,3.9
"2025-09-02 20:34:50",576,325,93996,-36.696317,-71.942602,7.15,37.8,34,19.7,,3.9
"2025-09-02 20:34:51",581,330,93943,0,,7.45,40.3,33.9,19.75,,4
"2025-09-02 20:34:52",586,335,93890,0,,5.85,50.3,33.88,19.75,,4.1
"2025-09-02 20:34:53",591,340,93838,-36.69619,-71.942427,8.45,54.2,33.79,19.85,,4.4
"2025-09-02 20:34:54",595,344,93802,0,,8.65,61.1,33.72,19.9,,4.3
"2025-09-02 20:34:55",598,347,93766,0,,6.9,52.6,33.71,19.95,,4.2
"2025-09-02 20:34:56",602,351,93730,-36.696082,-71.942202,8,70.4,33.67,19.95,,4.2
"2025-09-02 20:34:57",604,353,93711,0,,7.65,66.6,33.67,19.9,,4
"2025-09-02 20:34:58",605,354,93693,0,,6.75,63.7,33.64,19.9,,3.8
"2025-09-02 20:34:59",607,356,93676,-36.696,-71.941982,7.25,61.8,33.56,19.95,,3.6
"2025-09-02 20:35:00",610,359,93649,0,,5.95,61.4,33.53,20,,3.5
"2025-09-02 20:35:01",612,361,93621,0,,7.5,64.4,33.47,20,,3.4
"2025-09-02 20:35:02",615,364,93594,-36.695908,-71.941782,6.85,53,33.44,20.05,49.25,3.3
"2025-09-02 20:35:03",617,366,93576,0,,7.25,50.4,33.38,20.1,,3.1
"2025-09-02 20:35:04",618,367,93558,0,,6.45,58.2,33.37,20.15,,2.9
"2025-09-02 20:35:05",620,369,93540,-36.695805,-71.941597,7.6,57.7,33.47,20.2,,2.6
"2025-09-02 20:35:06",621,370,93526,0,,7.4,55.9,33.42,20.2,,2.3
"2025-09-02 20:35:07",623,372,93513,0,,8.65,50.8,33.42,20.25,,2.1
"2025-09-02 20:35:08",624,373,93500,-36.695673,-71.94138,7.85,51.2,33.49,20.25,,2
"2025-09-02 20:35:09",626,375,93479,0,,8.2,53.6,33.4,20.2,,1.9
"2025-09-02 20:35:10",628,377,93458,0,,8.85,54.3,33.32,20.2,,1.9
"2025-09-02 20:35:11",630,379,93438,-36.695532,-71.941148,8.7,53.7,33.24,20.25,,1.9
"2025-09-02 20:35:12",631,380,93427,0,,9,44.3,33.23,20.3,,1.8
"2025-09-02 20:35:13",632,381,93416,0,,9.55,42.6,33.2,20.35,,1.6
"2025-09-02 20:35:14",633,382,93406,-36.695345,-71.940927,9.85,41,33.2,20.4,,1.5
"2025-09-02 20:35:15",636,385,93374,0,,10,39.3,33.16,20.4,,1.6
"2025-09-02 20:35:16",639,388,93341,0,,9.8,44.8,33.1,20.45,,1.8
"2025-09-02 20:35:17",643,392,93308,-36.695145,-71.940707,9.25,44.6,33.12,20.45,,1.9
"2025-09-02 20:35:18",644,393,93293,0,,9.5,41.8,33.19,20.45,,1.8
"2025-09-02 20:35:19",645,394,93279,0,,9.7,39.8,33.14,20.45,,1.8
"2025-09-02 20:35:20",647,396,93266,-36.694957,-71.940503,8.65,42.5,33.09,20.45,,1.8
"2025-09-02 20:35:21",650,399,93228,0,,8.35,47.2,33.05,20.4,,2
"2025-09-02 20:35:22",654,403,93191,0,,9.15,48.9,32.99,20.45,,2.2
"2025-09-02 20:35:23",658,407,93154,-36.694795,-71.940295,8.7,44.2,32.94,20.5,,2.3
"2025-09-02 20:35:25",662,411,93106,0,,8.75,47.8,32.89,20.55,,2.4
"2025-09-02 20:35:26",665,414,93082,-36.694628,-71.940078,9.5,45.6,32.92,20.6,,2.5
"2025-09-02 20:35:27",667,416,93058,0,,9.8,47.8,32.9,20.6,,2.5
"2025-09-02 20:35:28",669,418,93035,0,,9.3,51.1,32.85,20.6,,2.5
"2025-09-02 20:35:29",671,420,93012,-36.694468,-71.939852,8.3,50.1,32.93,20.65,49.25,2.4
"2025-09-02 20:35:30",674,423,92987,0,,8.4,44.5,32.91,20.6,,2.5
"2025-09-02 20:35:31",676,425,92963,0,,8.85,39.3,32.88,20.6,,2.5
"2025-09-02 20:35:32",678,427,92940,-36.694307,-71.939647,9.35,52.3,32.84,20.65,,2.6
"2025-09-02 20:35:33",682,431,92903,0,,9.05,45.7,32.81,20.7,,2.6
"2025-09-02 20:35:34",685,434,92866,0,,8.3,45.6,32.75,20.65,,2.6
"2025-09-02 20:35:35",689,438,92830,-36.694143,-71.939432,10.2,43.2,32.73,20.7,,2.6
"2025-09-02 20:35:36",692,441,92797,0,,9.85,36.9,32.69,20.65,,2.7
"2025-09-02 20:35:37",695,444,92764,0,,8.9,47.9,32.66,20.7,,2.8
"2025-09-02 20:35:38",699,448,92732,-36.69396,-71.939227,9.55,41.4,32.64,20.75,,2.8
"2025-09-02 20:35:40",706,455,92658,0,,10.4,40.4,32.61,20.75,,3
"2025-09-02 20:35:41",709,458,92622,-36.693762,-71.93902,9.3,35,32.56,20.8,,3.1
"2025-09-02 20:35:42",713,462,92582,0,,9.15,42.5,32.49,20.8,,3.3
"2025-09-02 20:35:43",717,466,92543,0,,10.3,36.3,32.49,20.8,,3.4
"2025-09-02 20:35:44",721,470,92504,-36.69356,-71.938828,8.8,37.9,32.52,20.9,,3.5
"2025-09-02 20:35:45",723,472,92479,0,,8.35,39.1,32.52,20.95,,3.4
"2025-09-02 20:35:46",726,475,92455,0,,8.25,33.4,32.5,21,,3.3
"2025-09-02 20:35:47",728,477,92432,-36.693382,-71.938665,7.95,42.9,32.41,21,,3.2
"2025-09-02 20:35:48",731,480,92396,0,,7.8,38.7,32.35,21,,3.3
"2025-09-02 20:35:49",735,484,92359,0,,6.8,33.7,32.31,21.05,,3.3
"2025-09-02 20:35:50",739,488,92322,-36.693218,-71.938517,8.7,32.6,32.31,21.05,,3.3
"2025-09-02 20:35:51",740,489,92306,0,,8.7,34,32.34,21.05,,3.2
"2025-09-02 20:35:52",742,491,92291,0,,7.5,31.7,32.33,21.05,,3
"2025-09-02 20:35:53",743,492,92276,-36.693032,-71.938375,9.5,32.2,32.27,21,,2.8
"2025-09-02 20:35:55",752,501,92184,0,,9.35,37.2,32.17,21.05,,3
"2025-09-02 20:35:56",757,506,92138,-36.692827,-71.938193,9.5,37.6,32.08,21.1,48.75,3.1
"2025-09-02 20:35:57",760,509,92099,0,,9.25,38.6,32.04,21.15,,3.1
"2025-09-02 20:35:58",764,513,92063,0,,9.45,29.9,31.96,21.25,,3.2
"2025-09-02 20:35:59",767,516,92028,-36.692627,-71.938028,10.05,29.6,32.07,21.3,,3.3
"2025-09-02 20:36:00",771,520,91985,0,,9.9,30.9,31.99,21.25,,3.3
"2025-09-02 20:36:01",776,525,91941,0,,9.7,39.2,31.88,21.3,,3.4
"2025-09-02 20:36:02",780,529,91898,-36.692425,-71.937852,9.2,36,31.85,21.3,,3.4
"2025-09-02 20:36:03",784,533,91857,0,,8.8,37.1,31.8,21.35,,3.7
"2025-09-02 20:36:04",788,537,91816,0,,9.1,35.7,31.8,21.4,,3.9
"2025-09-02 20:36:05",792,541,91776,-36.692238,-71.937685,8.55,35.3,31.77,21.4,,4.1
"2025-09-02 20:36:07",799,548,91702,0,,8.7,35.7,31.77,21.45,,3.9
"2025-09-02 20:36:08",803,552,91666,-36.69207,-71.937525,8.25,35.7,31.78,21.5,,3.8
"2025-09-02 20:36:10",807,556,91623,0,,,,31.81,21.45,,3.6
"2025-09-02 20:36:11",809,558,91602,-36.691902,-71.937348,7.6,47.6,31.78,21.4,,3.5
"2025-09-02 20:36:13",817,566,91518,0,,8.5,43.9,31.76,21.45,,3.5
"2025-09-02 20:36:14",821,570,91476,-36.691748,-71.937152,8.6,49.5,31.79,21.4,,3.5
"2025-09-02 20:36:16",826,575,91426,0,,7.3,52.3,31.67,21.4,,3.3
"2025-09-02 20:36:17",829,578,91402,-36.6916,-71.936957,7.65,46.7,31.73,21.45,,3.1
"2025-09-02 20:36:19",833,582,91355,0,,7.55,40.8,31.7,21.5,,3
"2025-09-02 20:36:20",836,585,91332,-36.691458,-71.936783,7.55,40.9,31.66,21.55,,2.8
"2025-09-02 20:36:22",839,588,91294,0,,7.75,41.3,31.68,21.65,,2.7
"2025-09-02 20:36:23",841,590,91276,-36.691308,-71.936622,7.05,49.5,31.6,21.65,48.5,2.7
"2025-09-02 20:36:26",849,598,91196,-36.691157,-71.936452,6.8,44,31.57,21.75,,2.4
"2025-09-02 20:36:27",849,598,91191,0,,7.15,39.4,31.64,21.8,,2.1
"2025-09-02 20:36:28",850,599,91187,0,,7.7,36.5,31.61,21.75,,2
"2025-09-02 20:36:29",850,599,91184,-36.69101,-71.936307,6.5,36.7,31.51,21.75,,1.8
"2025-09-02 20:36:30",853,602,91153,0,,6.45,36.8,31.47,21.8,,1.9
"2025-09-02 20:36:31",856,605,91120,0,,7.4,39.4,31.41,21.8,,2
"2025-09-02 20:36:32",860,609,91088,-36.690868,-71.936165,6.95,37.4,31.33,21.85,,2
"2025-09-02 20:36:33",862,611,91065,0,,6.95,33.1,31.31,21.85,,2
"2025-09-02 20:36:34",864,613,91042,0,,8.2,39.5,31.29,21.9,,2
"2025-09-02 20:36:35",866,615,91020,-36.690713,-71.936018,7.35,36.9,31.29,22,,2.1
"2025-09-02 20:36:36",868,617,91002,0,,7.2,36.4,31.23,22,,2.1
"2025-09-02 20:36:37",870,619,90985,0,,8.1,41.8,31.19,22,,2
"2025-09-02 20:36:38",872,621,90968,-36.69056,-71.935863,6.1,36,31.18,22.05,,1.9
"2025-09-02 20:36:39",873,622,90950,0,,6.3,33.5,31.11,22.05,,1.9
"2025-09-02 20:36:40",875,624,90932,0,,6.9,39.9,31.15,22.1,,2
"2025-09-02 20:36:41",877,626,90914,-36.69042,-71.935732,6.4,37.5,31.08,22.15,,2.1
"2025-09-02 20:36:42",878,627,90900,0,,,,31.01,22.15,,2.1
"2025-09-02 20:36:43",879,628,90887,0,,5.9,36.1,31.01,22.2,,1.9
"2025-09-02 20:36:44",881,630,90874,-36.69029,-71.9356,6.8,35.1,30.96,22.2,,1.8
"2025-09-02 20:36:45",883,632,90855,0,,7.4,38.7,30.97,22.25,,1.7
"2025-09-02 20:36:46",885,634,90835,0,,6.15,38.9,30.96,22.25,,1.7
"2025-09-02 20:36:47",887,636,90816,-36.69015,-71.935455,6.7,40.8,30.89,22.25,,1.7
"2025-09-02 20:36:48",888,637,90800,0,,6.8,38.9,30.91,22.25,,1.7
"2025-09-02 20:36:49",890,639,90785,0,,6.85,35.4,30.9,22.3,,1.7
"2025-09-02 20:36:50",891,640,90770,-36.689997,-71.935315,7.4,32.2,30.89,22.3,48.5,1.6
"2025-09-02 20:36:51",895,644,90733,0,,7.85,30,30.89,22.3,,1.8
"2025-09-02 20:36:52",898,647,90697,0,,8.1,45.1,30.84,22.3,,1.9
"2025-09-02 20:36:53",902,651,90662,-36.689838,-71.935162,6.1,33.1,30.87,22.3,,2.1
"2025-09-02 20:36:55",905,654,90627,0,,7.35,36.2,30.73,22.35,,2.1
"2025-09-02 20:36:56",907,656,90610,-36.689688,-71.93502,6.9,38.7,30.71,22.4,,2.1
"2025-09-02 20:36:57",909,658,90586,0,,7.15,45.7,30.67,22.45,,2.2
"2025-09-02 20:36:58",912,661,90562,0,,7.1,28.4,30.64,22.45,,2.2
"2025-09-02 20:36:59",914,663,90538,-36.689537,-71.93487,7.7,40,30.61,22.45,,2.3
"2025-09-02 20:37:00",915,664,90524,0,,7.7,40,30.59,22.5,,2.3
"2025-09-02 20:37:01",917,666,90511,0,,7.65,32.1,30.58,22.55,,2.3
"2025-09-02 20:37:02",918,667,90498,-36.689373,-71.934693,8.5,50.7,30.57,22.55,,2.2
"2025-09-02 20:37:03",920,669,90473,0,,9.2,41.8,30.52,22.55,,2.3
"2025-09-02 20:37:04",923,672,90448,0,,7.5,38.2,30.57,22.55,,2.2
"2025-09-02 20:37:05",925,674,90424,-36.689205,-71.934505,7.5,41.3,30.58,22.55,,2.1
"2025-09-02 20:37:06",927,676,90412,0,,7.6,45.4,30.54,22.55,,1.9
"2025-09-02 20:37:07",928,677,90400,0,,8.65,40.2,30.46,22.55,,1.9
"2025-09-02 20:37:08",929,678,90388,-36.689047,-71.934333,6.8,37.8,30.47,22.55,,1.8
"2025-09-02 20:37:10",932,681,90357,0,,7,41.8,30.44,22.5,,1.7
"2025-09-02 20:37:11",933,682,90342,-36.688892,-71.934183,7.15,38.7,30.43,22.5,,1.7
"2025-09-02 20:37:12",934,683,90339,0,,8.8,41.2,30.42,22.5,,1.5
"2025-09-02 20:37:13",934,683,90336,0,,7.6,39.2,30.45,22.5,,1.4
"2025-09-02 20:37:14",934,683,90334,-36.688728,-71.934005,7.6,43.4,30.41,22.5,,1.4
"2025-09-02 20:37:15",935,684,90329,0,,8.05,56.4,30.53,22.55,,1.3
"2025-09-02 20:37:16",935,684,90324,0,,7.15,43.9,30.53,22.55,,1.1
"2025-09-02 20:37:17",936,685,90320,-36.688572,-71.933803,8.9,39.2,30.53,22.5,48.25,1
"2025-09-02 20:37:18",937,686,90311,0,,8.7,43.4,30.58,22.5,,0.9
"2025-09-02 20:37:19",937,686,90302,0,,7.15,39.6,30.54,22.5,,0.8
"2025-09-02 20:37:20",938,687,90294,-36.688397,-71.93361,8.85,44.5,30.47,22.5,,0.8
"2025-09-02 20:37:21",938,687,90297,0,,8.45,40,30.47,22.5,,0.7
"2025-09-02 20:37:22",938,687,90300,0,,8.3,42.3,30.44,22.5,,0.5
"2025-09-02 20:37:23",937,686,90304,-36.688218,-71.933412,9,43.6,30.4,22.5,,0.3
"2025-09-02 20:37:25",936,685,90311,0,,9,48.3,30.3,22.55,,0.2
"2025-09-02 20:37:26",936,685,90316,-36.68804,-71.933205,9,39.2,30.24,22.55,,0.1
"2025-09-02 20:37:27",936,685,90314,0,,9,41.2,30.2,22.65,,0.1
"2025-09-02 20:37:28",936,685,90313,0,,8.9,47.1,30.19,22.7,,0.1
"2025-09-02 20:37:29",936,685,90312,-36.687853,-71.933002,9.45,35,30.18,22.75,,0.1
"2025-09-02 20:37:30",935,684,90322,0,,9.4,36.8,30.19,22.75,,-0.1
"2025-09-02 20:37:31",934,683,90333,0,,8.3,42.3,30.19,22.8,,-0.3
"2025-09-02 20:37:32",933,682,90344,-36.687667,-71.932817,8.7,36.7,30.19,22.8,,-0.4
"2025-09-02 20:37:33",934,683,90333,0,,7.95,41.5,30.17,22.75,,-0.3
"2025-09-02 20:37:34",935,684,90322,0,,8.75,42.8,30.14,22.8,,-0.2
"2025-09-02 20:37:35",936,685,90312,-36.687492,-71.932627,9.5,42.2,30.14,22.8,,-0.1
"2025-09-02 20:37:36",936,685,90316,0,,8.45,50.7,30.17,22.85,,-0.1
"2025-09-02 20:37:37",936,685,90320,0,,9.4,39.9,30.14,22.85,,-0.1
"2025-09-02 20:37:38",935,684,90324,-36.687317,-71.932423,8.75,39.3,30.13,22.85,,-0.1
"2025-09-02 20:37:39",935,684,90324,0,,7.25,39.8,30.13,22.85,,-0.1
"2025-09-02 20:37:40",935,684,90324,0,,9,41.9,30.11,22.85,,-0.1
"2025-09-02 20:37:41",935,684,90324,-36.687152,-71.93224,7.3,47.8,30.14,22.9,,-0.1
"2025-09-02 20:37:42",937,686,90304,0,,8.8,45.1,30.13,22.9,,0.1
"2025-09-02 20:37:43",939,688,90285,0,,8.25,44.8,30.11,22.9,,0.3
"2025-09-02 20:37:44",941,690,90266,-36.68699,-71.932035,9.05,46.7,30.12,22.9,47.75,0.5
"2025-09-02 20:37:45",942,691,90259,0,,9.25,42.2,30.11,22.85,,0.6
"2025-09-02 20:37:46",942,691,90252,0,,9.15,49.1,30.08,22.85,,0.6
"2025-09-02 20:37:47",943,692,90246,-36.686815,-71.931813,9.35,40.4,30.05,22.9,,0.5
"2025-09-02 20:37:48",943,692,90249,0,,9.55,36.9,30.07,22.9,,0.5
"2025-09-02 20:37:49",942,691,90253,0,,9.9,43.1,30.12,22.9,,0.5
"2025-09-02 20:37:50",942,691,90258,-36.686613,-71.9316,10.2,43.7,30.11,22.9,,0.5
"2025-09-02 20:37:51",943,692,90242,0,,9.95,43.3,30.09,22.85,,0.7
"2025-09-02 20:37:52",945,694,90227,0,,9.85,42.9,30.2,22.85,,0.8
"2025-09-02 20:37:53",946,695,90212,-36.686413,-71.931382,9.15,33.1,30.33,22.85,,0.9
"2025-09-02 20:37:54",946,695,90215,0,,8.8,34.9,30.33,22.8,,0.8
"2025-09-02 20:37:55",946,695,90218,0,,9.35,39,30.4,22.8,,0.7
"2025-09-02 20:37:56",945,694,90222,-36.68621,-71.931208,8.85,30.7,30.35,22.7,,0.5
"2025-09-02 20:37:57",947,696,90208,0,,8.85,38,30.38,22.7,,0.4
"2025-09-02 20:37:58",948,697,90195,0,,9.55,36.4,30.39,22.65,,0.5
"2025-09-02 20:37:59",949,698,90182,-36.686012,-71.931027,9.05,43.3,30.3,22.65,,0.5
"2025-09-02 20:38:00",951,700,90162,0,,8.9,50.3,30.19,22.7,,0.7
"2025-09-02 20:38:01",953,702,90143,0,,8.4,41.6,30.17,22.7,,0.9
"2025-09-02 20:38:02",955,704,90124,-36.685858,-71.930822,8.4,52.8,30.2,22.75,,1.1
"2025-09-02 20:38:03",956,705,90111,0,,8.65,41.8,30.19,22.75,,1.1
"2025-09-02 20:38:04",957,706,90099,0,,8.4,53.3,30.16,22.8,,1.1
"2025-09-02 20:38:05",959,708,90088,-36.68571,-71.930612,8.4,48.3,30.24,22.8,,1.1
"2025-09-02 20:38:06",959,708,90086,0,,7.7,38.3,30.26,22.75,,1.1
"2025-09-02 20:38:07",959,708,90084,0,,8,40.3,30.19,22.7,,1.1
"2025-09-02 20:38:08",959,708,90082,-36.68555,-71.930443,7.4,37.5,30.1,22.75,,1.2
"2025-09-02 20:38:10",963,712,90044,0,,8.9,38.7,29.99,22.85,,1.3
"2025-09-02 20:38:11",965,714,90026,-36.685385,-71.930293,6.8,29.4,29.95,22.85,47.75,1.3
"2025-09-02 20:38:12",967,716,90004,0,,6.6,30,29.98,22.9,,1.3
"2025-09-02 20:38:13",969,718,89983,0,,8.55,39.9,30.02,22.9,,1.3
"2025-09-02 20:38:14",971,720,89962,-36.685227,-71.930158,6.1,35.1,30.02,22.9,,1.3
"2025-09-02 20:38:15",971,720,89960,0,,5.45,30,29.99,22.9,,1.3
"2025-09-02 20:38:16",972,721,89958,0,,7.55,31.7,29.97,22.9,,1.2
"2025-09-02 20:38:17",972,721,89956,-36.68507,-71.930035,7.55,33,29.94,22.9,,1.1
"2025-09-02 20:38:18",974,723,89938,0,,7.9,31.3,29.93,22.95,,1.2
"2025-09-02 20:38:19",975,724,89921,0,,6.85,38,30,22.95,,1.3
"2025-09-02 20:38:20",977,726,89904,-36.684903,-71.929893,7.65,32.9,30,22.95,,1.5
"2025-09-02 20:38:21",977,726,89902,0,,8.85,29.2,29.99,22.95,,1.4
"2025-09-02 20:38:22",977,726,89901,0,,6.55,40.6,30.03,22.95,,1.2
"2025-09-02 20:38:23",977,726,89900,-36.684728,-71.929743,8.8,35.4,30.01,22.85,,1
"2025-09-02 20:38:25",981,730,89866,0,,7.1,41.7,30,22.7,,1.1
"2025-09-02 20:38:26",982,731,89850,-36.684552,-71.929578,8.05,34,30.03,22.6,,1
"2025-09-02 20:38:27",984,733,89836,0,,8.2,30.3,30.04,22.6,,1
"2025-09-02 20:38:28",985,734,89822,0,,8.2,41.4,30.04,22.5,,1.1
"2025-09-02 20:38:29",987,736,89808,-36.684363,-71.929413,8.7,29.8,30.04,22.5,,1.1
"2025-09-02 20:38:30",988,737,89795,0,,8.25,23.4,30,22.6,,1.2
"2025-09-02 20:38:31",989,738,89782,0,,8.1,38.3,29.93,22.6,,1.2
"2025-09-02 20:38:32",990,739,89770,-36.684177,-71.929263,7.95,34.6,29.86,22.65,,1.2
"2025-09-02 20:38:33",992,741,89752,0,,8,29.6,29.85,22.7,,1.2
"2025-09-02 20:38:34",994,743,89734,0,,8.7,35.8,29.86,22.75,,1.3
"2025-09-02 20:38:35",996,745,89716,-36.683983,-71.929103,8,31.6,29.84,22.75,,1.4
"2025-09-02 20:38:37",999,748,89685,0,,9.15,34.6,29.78,22.8,,1.5
"2025-09-02 20:38:38",1000,749,89670,-36.683778,-71.928955,7.2,28.1,29.81,22.9,47.5,1.5
"2025-09-02 20:38:40",1003,752,89641,0,,7.8,32.9,29.73,22.95,,1.5
"2025-09-02 20:38:41",1004,753,89628,-36.683597,-71.928823,7.8,25.4,29.74,22.95,,1.5
"2025-09-02 20:38:43",1006,755,89609,0,,7.8,26.7,29.74,22.95,,1.4
"2025-09-02 20:38:44",1007,756,89600,-36.683402,-71.928702,8.3,22.5,29.73,22.95,,1.4
"2025-09-02 20:38:46",1011,760,89561,0,,8.5,23.3,29.68,22.95,,1.4
"2025-09-02 20:38:47",1013,762,89542,-36.683195,-71.928573,8.35,24.8,29.61,22.95,,1.4
"2025-09-02 20:38:49",1016,765,89516,0,,8.55,25.6,29.51,23,,1.4
"2025-09-02 20:38:50",1017,766,89504,-36.682988,-71.928433,9.05,27.2,29.49,23.1,,1.4
"2025-09-02 20:38:52",1021,770,89465,0,,9.4,33.6,29.43,23.2,,1.5
"2025-09-02 20:38:53",1023,772,89446,-36.682775,-71.928285,8.05,29.1,29.48,23.25,,1.5
"2025-09-02 20:38:55",1025,774,89419,0,,9.1,28.5,29.43,23.3,,1.6
"2025-09-02 20:38:56",1027,776,89406,-36.68257,-71.928147,8.25,29.3,29.42,23.3,,1.6
"2025-09-02 20:38:57",1029,778,89382,0,,8.3,29.3,29.38,23.25,,1.7
"2025-09-02 20:38:58",1031,780,89360,0,,9.05,33.5,29.31,23.3,,1.7
"2025-09-02 20:38:59",1033,782,89338,-36.682368,-71.92801,8.55,24.3,29.26,23.25,,1.7
"2025-09-02 20:39:00",1034,783,89328,0,,8.4,26.6,29.25,23.25,,1.6
"2025-09-02 20:39:01",1035,784,89319,0,,8.3,31.8,29.26,23.25,,1.6
"2025-09-02 20:39:02",1036,785,89310,-36.682172,-71.927888,7.95,20.7,29.26,23.25,,1.6
"2025-09-02 20:39:03",1038,787,89287,0,,8,24.2,29.24,23.25,,1.7
"2025-09-02 20:39:04",1041,790,89265,0,,8.05,27.2,29.26,23.25,,1.7
"2025-09-02 20:39:05",1043,792,89244,-36.68197,-71.927783,8.35,19.7,29.22,23.25,46.75,1.7
"2025-09-02 20:39:06",1045,794,89221,0,,7.75,29.6,29.18,23.25,,1.7
"2025-09-02 20:39:07",1047,796,89198,0,,8.15,23.6,29.21,23.3,,1.8
"2025-09-02 20:39:08",1050,799,89176,-36.681765,-71.927667,9.2,23.8,29.13,23.3,,1.9
"2025-09-02 20:39:09",1053,802,89146,0,,8.95,30.5,29.11,23.25,,2
"2025-09-02 20:39:10",1056,805,89116,0,,9.2,27.6,29.09,23.3,,2.1
"2025-09-02 20:39:11",1059,808,89086,-36.681547,-71.927523,9.3,28.8,29.05,23.3,,2.1
"2025-09-02 20:39:12",1061,810,89066,0,,7.55,25.7,29.07,23.25,,2.2
"2025-09-02 20:39:13",1062,811,89047,0,,8.15,24.3,29.05,23.15,,2.3
"2025-09-02 20:39:14",1064,813,89028,-36.68135,-71.927403,8.1,27.6,29.12,23.1,,2.3
"2025-09-02 20:39:15",1066,815,89013,0,,7.8,25.8,29.11,23,,2.3
"2025-09-02 20:39:16",1067,816,88998,0,,7.95,27.9,29.05,22.95,,2.2
"2025-09-02 20:39:17",1069,818,88984,-36.681155,-71.927283,8.25,22.4,29.04,22.95,,2.2
"2025-09-02 20:39:18",1072,821,88956,0,,8.05,27,29,23,,2.2
"2025-09-02 20:39:19",1074,823,88929,0,,8,28.5,28.96,23.05,,2.2
"2025-09-02 20:39:20",1077,826,88902,-36.68096,-71.927168,8.2,17.2,28.98,23.05,,2.3
"2025-09-02 20:39:21",1080,829,88870,0,,8.05,18.7,28.96,22.85,,2.4
"2025-09-02 20:39:22",1084,833,88835,0,,8.4,16.1,28.93,22.85,,2.4
"2025-09-02 20:39:23",1087,836,88800,-36.680758,-71.927087,6.8,23.3,28.91,22.85,,2.4
"2025-09-02 20:39:25",1092,841,88755,0,,7.85,14.5,28.85,23.05,,2.4
"2025-09-02 20:39:26",1094,843,88734,-36.680567,-71.927003,6.9,27.1,28.83,23.1,,2.4
"2025-09-02 20:39:27",1096,845,88709,0,,8.25,16.3,28.81,23.2,,2.5
"2025-09-02 20:39:28",1099,848,88684,0,,8.1,17.5,28.77,23.25,,2.5
"2025-09-02 20:39:29",1101,850,88660,-36.680363,-71.92691,8.1,23.6,28.74,23.35,,2.6
"2025-09-02 20:39:30",1104,853,88634,0,,8.1,9.2,28.72,23.35,,2.7
"2025-09-02 20:39:31",1106,855,88610,0,,8.6,23.8,28.67,23.45,,2.7
"2025-09-02 20:39:32",1109,858,88586,-36.680153,-71.926825,7.65,19.7,28.62,23.5,45.75,2.7
"2025-09-02 20:39:33",1112,861,88556,0,,7.55,18.1,28.62,23.5,,2.6
"2025-09-02 20:39:34",1115,864,88528,0,,7.9,17.7,28.61,23.4,,2.6
"2025-09-02 20:39:35",1117,866,88500,-36.679952,-71.926752,8.15,11.2,28.59,23.3,,2.5
"2025-09-02 20:39:36",1121,870,88467,0,,8,17.8,28.52,23.3,,2.6
"2025-09-02 20:39:37",1124,873,88433,0,,8.35,20.5,28.53,23.35,,2.7
"2025-09-02 20:39:38",1127,876,88400,-36.679745,-71.926672,7.3,16.1,28.53,23.45,,2.8
"2025-09-02 20:39:40",1134,883,88332,0,,8.4,19.1,28.48,23.55,,2.9
"2025-09-02 20:39:41",1138,887,88300,-36.679545,-71.92659,6.9,15.1,28.47,23.65,,3
"2025-09-02 20:39:42",1141,890,88269,0,,7.65,21.2,28.41,23.65,,3
"2025-09-02 20:39:43",1144,893,88239,0,,7.5,19.1,28.44,23.6,,3.1
"2025-09-02 20:39:44",1147,896,88210,-36.679362,-71.926512,6.25,18.5,28.38,23.5,,3.1
"2025-09-02 20:39:45",1150,899,88174,0,,7.2,22.6,28.32,23.5,,3.2
"2025-09-02 20:39:46",1154,903,88137,0,,7.4,9.5,28.31,23.5,,3.3
"2025-09-02 20:39:47",1158,907,88100,-36.679168,-71.926452,9.2,7.6,28.31,23.5,,3.3
"2025-09-02 20:39:48",1163,912,88051,0,,9.05,16.7,28.32,23.45,,3.5
"2025-09-02 20:39:49",1168,917,88000,0,,7.4,15,28.36,23.35,,3.6
"2025-09-02 20:39:50",1173,922,87950,-36.678953,-71.926385,7.5,12,28.32,23.25,,3.8
"2025-09-02 20:39:51",1176,925,87918,0,,6.8,20.2,28.31,23.25,,3.7
"2025-09-02 20:39:52",1179,928,87887,0,,6.95,17.6,28.31,23.2,,3.7
"2025-09-02 20:39:53",1182,931,87856,-36.67877,-71.926308,7.6,18.2,28.29,23.15,,3.7
"2025-09-02 20:39:54",1186,935,87822,0,,7.15,14.1,28.31,23.15,,3.7
"2025-09-02 20:39:55",1189,938,87788,0,,6.9,8.9,28.29,23.1,,3.8
"2025-09-02 20:39:56",1193,942,87754,-36.678575,-71.926248,7.85,15.7,28.3,23.15,,3.8
"2025-09-02 20:39:57",1196,945,87718,0,,7.6,16.1,28.26,23.2,,3.9
"2025-09-02 20:39:58",1200,949,87682,0,,7.3,11.4,28.27,23.2,,3.8
"2025-09-02 20:39:59",1204,953,87646,-36.678383,-71.926188,6.8,17.1,28.33,23.15,45,3.8
"2025-09-02 20:40:00",1206,955,87623,0,,6.35,15.4,28.3,23.15,,3.6
"2025-09-02 20:40:01",1208,957,87600,0,,7.2,15.4,28.25,23.2,,3.4
"2025-09-02 20:40:02",1211,960,87578,-36.67821,-71.926135,6.3,11.9,28.23,23.25,,3.1
"2025-09-02 20:40:03",1213,962,87555,0,,6.8,3.6,28.19,23.25,,3.1
"2025-09-02 20:40:04",1215,964,87532,0,,6.35,14.6,28.23,23.25,,3
"2025-09-02 20:40:05",1218,967,87510,-36.678035,-71.9261,6.05,5.6,28.23,23.15,,3
"2025-09-02 20:40:06",1221,970,87473,0,,6.25,11,28.2,23.1,,3
"2025-09-02 20:40:07",1225,974,87436,0,,6.4,22.8,28.31,23.05,,3
"2025-09-02 20:40:08",1229,978,87400,-36.677865,-71.926042,7.2,14.3,28.35,23,,3
"2025-09-02 20:40:09",1230,979,87388,0,,6.3,19.9,28.36,22.95,,2.8
"2025-09-02 20:40:10",1231,980,87377,0,,7.25,24.4,28.32,22.85,,2.6
"2025-09-02 20:40:11",1232,981,87366,-36.67769,-71.92597,6.8,10.7,28.32,22.75,,2.4
"2025-09-02 20:40:12",1234,983,87346,0,,7.1,9.9,28.26,22.65,,2.4
"2025-09-02 20:40:13",1236,985,87325,0,,6.4,17.1,28.22,22.6,,2.3
"2025-09-02 20:40:14",1239,988,87304,-36.677515,-71.925927,6.3,5.9,28.21,22.6,,2.3
"2025-09-02 20:40:15",1241,990,87277,0,,6.15,2.7,28.21,22.55,,2.4
"2025-09-02 20:40:16",1244,993,87251,0,,6.45,12.4,28.22,22.6,,2.4
"2025-09-02 20:40:17",1247,996,87226,-36.677345,-71.925897,6.7,4.5,28.22,22.6,,2.4
"2025-09-02 20:40:18",1248,997,87209,0,,6.05,7.9,28.22,22.65,,2.2
"2025-09-02 20:40:19",1250,999,87193,0,,6.95,9.3,28.21,22.7,,2.1
"2025-09-02 20:40:20",1251,1000,87178,-36.67717,-71.925865,6.2,5.1,28.25,22.7,,1.9
"2025-09-02 20:40:21",1253,1002,87158,0,,6.45,3.7,28.24,22.7,,1.9
"2025-09-02 20:40:22",1255,1004,87139,0,,6.1,13.4,28.31,22.65,,2
"2025-09-02 20:40:23",1257,1006,87120,-36.677005,-71.925833,5.6,9.7,28.35,22.65,,2
"2025-09-02 20:40:25",1260,1009,87098,0,,6,17.5,28.25,22.55,,1.9
"2025-09-02 20:40:26",1261,1010,87088,-36.67685,-71.925788,5.6,10.4,28.23,22.55,44.75,1.8
"2025-09-02 20:40:27",1264,1013,87053,0,,6.3,4.8,28.19,22.55,,1.9
"2025-09-02 20:40:28",1268,1017,87019,0,,5.35,12.5,28.2,22.6,,2
"2025-09-02 20:40:29",1271,1020,86986,-36.6767,-71.925765,5.1,4.5,28.23,22.6,,2
"2025-09-02 20:40:30",1273,1022,86965,0,,5.4,356.6,28.2,22.6,,2.1
"2025-09-02 20:40:31",1275,1024,86945,0,,5.45,9.4,28.21,22.55,,2.1
"2025-09-02 20:40:32",1277,1026,86926,-36.676547,-71.925743,6.15,16.5,28.24,22.55,,2.1
"2025-09-02 20:40:33",1278,1027,86920,0,,6.05,16.5,28.25,22.5,,2
"2025-09-02 20:40:34",1278,1027,86914,0,,5.5,18.3,28.23,22.45,,1.9
"2025-09-02 20:40:35",1279,1028,86908,-36.67639,-71.925692,6.1,6.2,28.24,22.45,,1.8
"2025-09-02 20:40:36",1280,1029,86896,0,,5.35,11.1,28.18,22.4,,1.8
"2025-09-02 20:40:37",1281,1030,86885,0,,4.7,11.2,28.11,22.4,,1.8
"2025-09-02 20:40:38",1282,1031,86874,-36.67625,-71.925672,5.5,0.8,28.12,22.4,,1.8
"2025-09-02 20:40:40",1287,1036,86826,0,,5.85,9.3,28.03,22.4,,1.8
"2025-09-02 20:40:41",1290,1039,86802,-36.6761,-71.925655,5.85,8.1,28,22.4,,1.7
"2025-09-02 20:40:42",1292,1041,86780,0,,4.8,14.1,28.07,22.4,,1.6
"2025-09-02 20:40:43",1294,1043,86759,0,,6.15,1.6,28.06,22.4,,1.6
"2025-09-02 20:40:44",1296,1045,86738,-36.675945,-71.92563,5.7,6.8,28.03,22.4,,1.6
"2025-09-02 20:40:45",1298,1047,86724,0,,6.2,4.2,28.04,22.4,,1.6
"2025-09-02 20:40:46",1299,1048,86710,0,,7.6,4.4,27.97,22.4,,1.6
"2025-09-02 20:40:47",1301,1050,86696,-36.675762,-71.925602,6.4,11.4,27.98,22.4,,1.7
"2025-09-02 20:40:48",1303,1052,86677,0,,7.05,11.5,27.94,22.45,,1.8
"2025-09-02 20:40:49",1304,1053,86658,0,,6.1,5.4,27.94,22.5,,1.9
"2025-09-02 20:40:50",1306,1055,86640,-36.675587,-71.925565,5.8,8.5,27.94,22.55,,1.9
"2025-09-02 20:40:51",1307,1056,86630,0,,5.8,8.5,27.92,22.55,,1.9
"2025-09-02 20:40:52",1308,1057,86622,0,,6.25,355.4,27.92,22.55,,1.7
"2025-09-02 20:40:53",1309,1058,86614,-36.675405,-71.925555,6.7,9.9,27.87,22.2,44.5,1.6
"2025-09-02 20:40:54",1311,1060,86598,0,,9.15,9.2,27.85,21.95,,1.6
"2025-09-02 20:40:55",1312,1061,86582,0,,6.35,8.6,27.83,21.85,,1.5
"2025-09-02 20:40:56",1314,1063,86566,-36.675198,-71.925508,7.4,13.4,27.81,21.75,,1.5
"2025-09-02 20:40:57",1316,1065,86548,0,,7.15,1.7,27.85,21.75,,1.5
"2025-09-02 20:40:58",1318,1067,86531,0,,7.05,10.5,27.85,21.8,,1.5
"2025-09-02 20:40:59",1319,1068,86514,-36.674997,-71.92547,8.4,9.9,27.85,21.5,,1.5
"2025-09-02 20:41:00",1321,1070,86499,0,,7.85,6.1,27.89,21.15,,1.5
"2025-09-02 20:41:01",1322,1071,86484,0,,6.9,7.2,27.89,20.85,,1.5
"2025-09-02 20:41:02",1324,1073,86470,-36.674792,-71.925435,8.8,8.7,27.88,20.9,,1.5
"2025-09-02 20:41:03",1325,1074,86454,0,,7.95,5.7,27.9,21.1,,1.5
"2025-09-02 20:41:04",1327,1076,86439,0,,8.65,8.1,27.9,21.1,,1.5
"2025-09-02 20:41:05",1329,1078,86424,-36.67457,-71.925398,7.7,5.8,27.87,21.2,,1.6
"2025-09-02 20:41:07",1332,1081,86389,0,,8.55,13.5,27.85,21.35,,1.7
"2025-09-02 20:41:08",1334,1083,86372,-36.674365,-71.925342,6.55,10.9,27.86,21.35,,1.7
"2025-09-02 20:41:10",1335,1084,86358,0,,7.75,8.9,27.92,21.5,,1.5
"2025-09-02 20:41:11",1336,1085,86352,-36.674175,-71.9253,6.9,16.5,27.93,21.55,,1.4
"2025-09-02 20:41:13",1339,1088,86318,0,,7.25,15.1,27.87,21.7,,1.4
"2025-09-02 20:41:14",1341,1090,86302,-36.67398,-71.925228,7.75,19.1,27.85,21.8,,1.4
"2025-09-02 20:41:16",1346,1095,86259,0,,6.9,16.7,27.77,21.85,,1.5
"2025-09-02 20:41:17",1348,1097,86238,-36.67378,-71.925157,8.2,16.6,27.74,21.85,,1.6
"2025-09-02 20:41:19",1351,1100,86204,0,,6.8,17.9,27.68,21.85,,1.6
"2025-09-02 20:41:20",1353,1102,86188,-36.673578,-71.925088,8,16.6,27.65,21.85,43.5,1.6
"2025-09-02 20:41:22",1356,1105,86153,0,,7.2,19.1,27.56,22.15,,1.8
"2025-09-02 20:41:23",1358,1107,86136,-36.673372,-71.925023,8.3,10.1,27.53,22.05,,1.8
"2025-09-02 20:41:25",1362,1111,86094,0,,7.95,16.1,27.56,21.7,,1.9
"2025-09-02 20:41:26",1365,1114,86074,-36.673168,-71.924967,7.45,11,27.51,21.6,,1.9
"2025-09-02 20:41:27",1367,1116,86050,0,,6.9,16.8,27.51,21.75,,2
"2025-09-02 20:41:28",1370,1119,86026,0,,7.35,16,27.5,21.9,,2
"2025-09-02 20:41:29",1372,1121,86002,-36.672982,-71.924905,6.8,10.8,27.49,22.05,,2
"2025-09-02 20:41:30",1373,1122,85989,0,,6.55,16.8,27.49,22.15,,2
"2025-09-02 20:41:31",1375,1124,85977,0,,6.5,22.4,27.53,22.3,,1.9
"2025-09-02 20:41:32",1376,1125,85966,-36.672808,-71.924838,7.3,16.1,27.58,22.2,,1.9
"2025-09-02 20:41:33",1379,1128,85934,0,,6.8,18,27.59,22.3,,2
"2025-09-02 20:41:34",1382,1131,85902,0,,6.55,14.5,27.57,22.35,,2.1
"2025-09-02 20:41:35",1386,1135,85870,-36.67262,-71.924763,8.65,20.6,27.56,22.4,,2.2
"2025-09-02 20:41:36",1388,1137,85851,0,,7.95,16.4,27.63,22.4,,2.3
"2025-09-02 20:41:37",1390,1139,85832,0,,7.5,15.4,27.6,22.35,,2.2
"2025-09-02 20:41:38",1391,1140,85814,-36.67242,-71.924682,7.5,23.4,27.57,22.25,,2.2
"2025-09-02 20:41:39",1395,1144,85782,0,,7.25,23.4,27.52,22.1,,2.3
"2025-09-02 20:41:40",1398,1147,85750,0,,8.25,15.7,27.46,21.85,,2.4
"2025-09-02 20:41:41",1401,1150,85718,-36.67223,-71.924592,7.05,19.6,27.5,21.8,,2.5
"2025-09-02 20:41:42",1403,1152,85703,0,,6.8,13,27.49,21.65,,2.4
"2025-09-02 20:41:43",1404,1153,85688,0,,6.8,29.1,27.46,21.55,,2.4
"2025-09-02 20:41:44",1406,1155,85674,-36.67206,-71.924515,6.45,15.3,27.43,21.5,,2.4
"2025-09-02 20:41:45",1410,1159,85637,0,,7.1,10.4,27.41,21.35,,2.6
"2025-09-02 20:41:46",1413,1162,85601,0,,6.6,31.4,27.41,21.3,,2.6
"2025-09-02 20:41:47",1417,1166,85566,-36.671885,-71.924442,7.25,9.7,27.47,21.2,43.5,2.6
"2025-09-02 20:41:48",1418,1167,85559,0,,6.85,22.4,27.45,21.15,,2.5
"2025-09-02 20:41:49",1418,1167,85553,0,,7.35,28.2,27.42,21.2,,2.4
"2025-09-02 20:41:50",1419,1168,85548,-36.671702,-71.924353,7.6,14.8,27.43,21.3,,2.3
"2025-09-02 20:41:51",1421,1170,85526,0,,7.05,12.2,27.39,21.4,,2.2
"2025-09-02 20:41:52",1424,1173,85504,0,,6.9,18.5,27.32,21.5,,2.1
"2025-09-02 20:41:53",1426,1175,85482,-36.671518,-71.924295,7.25,10,27.31,21.4,,2
"2025-09-02 20:41:54",1430,1179,85442,0,,6.9,17.3,27.24,21.25,,2.3
"2025-09-02 20:41:55",1434,1183,85403,0,,7.85,14.8,27.27,21.25,,2.5
"2025-09-02 20:41:56",1438,1187,85364,-36.671328,-71.924235,7.1,11.9,27.26,21.3,,2.7
"2025-09-02 20:41:57",1440,1189,85342,0,,6.95,22.4,27.36,21.35,,2.6
"2025-09-02 20:41:58",1443,1192,85320,0,,7.75,20,27.44,21.25,,2.4
"2025-09-02 20:41:59",1445,1194,85298,-36.671142,-71.924148,7.55,24,27.41,21.2,,2.3
"2025-09-02 20:42:00",1447,1196,85278,0,,7.8,19.3,27.34,21.1,,2.3
"2025-09-02 20:42:01",1449,1198,85258,0,,7.55,17.3,27.31,21,,2.4
"2025-09-02 20:42:02",1451,1200,85238,-36.670963,-71.924068,6.5,21.1,27.29,20.9,,2.5
"2025-09-02 20:42:03",1453,1202,85218,0,,6.85,21.7,27.3,20.95,,2.6
"2025-09-02 20:42:04",1455,1204,85199,0,,6.5,18.5,27.23,20.95,,2.6
"2025-09-02 20:42:05",1457,1206,85180,-36.670798,-71.923992,6.25,19,27.17,20.85,,2.6
"2025-09-02 20:42:06",1459,1208,85165,0,,6.6,22.2,27.13,20.85,,2.5
"2025-09-02 20:42:07",1460,1209,85150,0,,6.65,22.5,27.08,20.85,,2.3
"2025-09-02 20:42:08",1462,1211,85136,-36.67063,-71.923902,7.1,25.1,27.07,20.85,,2.1
"2025-09-02 20:42:10",1464,1213,85114,0,,6.2,18.4,27.05,20.9,,1.8
"2025-09-02 20:42:11",1465,1214,85104,-36.670465,-71.923808,7,28,27.06,20.9,,1.7
"2025-09-02 20:42:12",1467,1216,85081,0,,6.75,31.2,27.12,20.9,,1.7
"2025-09-02 20:42:13",1470,1219,85058,0,,5.7,24.7,27.12,20.7,,1.7
"2025-09-02 20:42:14",1472,1221,85036,-36.67031,-71.923702,7.15,29.7,27.08,19.95,43.5,1.7
"2025-09-02 20:42:15",1474,1223,85021,0,,7.2,25.4,27.12,19.3,,1.7
"2025-09-02 20:42:16",1475,1224,85006,0,,6.95,23.6,27.13,18.65,,1.7
"2025-09-02 20:42:17",1477,1226,84992,-36.67014,-71.923597,6.4,30.3,27.24,18.05,,1.7
"2025-09-02 20:42:18",1478,1227,84981,0,,6.45,31.2,27.32,17.65,,1.6
"2025-09-02 20:42:19",1479,1228,84970,0,,7.4,29.8,27.33,17.25,,1.6
"2025-09-02 20:42:20",1480,1229,84960,-36.66998,-71.923475,7,29.4,27.33,16.95,,1.5
"2025-09-02 20:42:21",1481,1230,84953,0,,7.5,21.2,27.37,16.75,,1.5
"2025-09-02 20:42:22",1481,1230,84946,0,,7.45,28.9,27.33,16.7,,1.4
"2025-09-02 20:42:23",1482,1231,84940,-36.669805,-71.923365,6.3,26.5,27.33,16.65,,1.4
"2025-09-02 20:42:25",1485,1234,84912,0,,7.1,31.6,27.3,16.6,,1.4
"2025-09-02 20:42:26",1487,1236,84898,-36.669638,-71.92326,6.2,23.6,27.31,16.55,,1.3
"2025-09-02 20:42:27",1488,1237,84884,0,,7.55,24.9,27.27,16.5,,1.2
"2025-09-02 20:42:28",1489,1238,84871,0,,7.9,27.1,27.22,16.45,,1.2
"2025-09-02 20:42:29",1491,1240,84858,-36.669457,-71.92315,7.05,25.3,27.19,16.45,,1.2
"2025-09-02 20:42:30",1492,1241,84847,0,,6.65,35.3,27.35,16.45,,1.2
"2025-09-02 20:42:31",1493,1242,84836,0,,8.05,22.6,27.37,16.5,,1.2
"2025-09-02 20:42:32",1494,1243,84826,-36.669277,-71.923038,8,21,27.32,16.5,,1.2
"2025-09-02 20:42:33",1495,1244,84814,0,,8.35,27,27.46,16.4,,1.2
"2025-09-02 20:42:34",1497,1246,84802,0,,8.8,22.7,27.44,16.35,,1.2
"2025-09-02 20:42:35",1498,1247,84790,-36.669068,-71.922918,7.95,28.8,27.37,16.3,,1.3
"2025-09-02 20:42:36",1499,1248,84782,0,,8.1,26.5,27.39,16.4,,1.3
"2025-09-02 20:42:37",1499,1248,84775,0,,8.3,19.1,27.37,16.45,,1.2
"2025-09-02 20:42:38",1500,1249,84768,-36.668867,-71.922802,8.3,31.9,27.5,16.45,,1.1
"2025-09-02 20:42:39",1501,1250,84758,0,,7.7,29.3,27.56,16.45,,1.1
"2025-09-02 20:42:40",1502,1251,84749,0,,7.5,23.4,27.46,16.4,,1.1
"2025-09-02 20:42:41",1503,1252,84740,-36.668677,-71.922675,8.75,30.5,27.37,16.45,43.75,1
"2025-09-02 20:42:42",1503,1252,84741,0,,7.7,26.2,27.35,16.45,,0.9
"2025-09-02 20:42:43",1503,1252,84742,0,,7.15,24.3,27.32,16.35,,0.8
"2025-09-02 20:42:44",1503,1252,84744,-36.668487,-71.922553,8.45,29.5,27.29,16.15,,0.7
"2025-09-02 20:42:45",1505,1254,84725,0,,8.45,25.6,27.24,15.95,,0.8
"2025-09-02 20:42:46",1507,1256,84706,0,,7.75,28,27.22,15.9,,0.8
"2025-09-02 20:42:47",1508,1257,84688,-36.66829,-71.922427,9.15,27.4,27.2,15.9,,0.9
"2025-09-02 20:42:48",1509,1258,84680,0,,8.85,25.9,27.24,15.95,,0.9
"2025-09-02 20:42:49",1510,1259,84672,0,,8.35,23.7,27.22,15.95,,0.9
"2025-09-02 20:42:50",1511,1260,84664,-36.66808,-71.9223,8.35,27.8,27.28,16,,0.9
"2025-09-02 20:42:51",1512,1261,84653,0,,8.15,30.1,27.33,16,,0.9
"2025-09-02 20:42:52",1513,1262,84642,0,,8.55,29.9,27.3,16,,0.9
"2025-09-02 20:42:53",1514,1263,84632,-36.667885,-71.92216,8.4,31.3,27.23,16,,0.9
"2025-09-02 20:42:54",1515,1264,84625,0,,8.45,27.8,27.22,16,,1
"2025-09-02 20:42:55",1516,1265,84618,0,,8.4,31.1,27.17,16,,1.1
"2025-09-02 20:42:56",1516,1265,84612,-36.667693,-71.92202,8.45,29.9,27.18,15.95,,1.1
"2025-09-02 20:42:57",1517,1266,84604,0,,7.05,31.5,27.17,15.8,,1.1
"2025-09-02 20:42:58",1518,1267,84597,0,,7.9,34.3,27.15,15.7,,1
"2025-09-02 20:42:59",1519,1268,84590,-36.667522,-71.921888,7.25,28,27.18,15.7,,0.9
"2025-09-02 20:43:00",1519,1268,84585,0,,7.15,25.2,27.17,15.7,,0.8
"2025-09-02 20:43:01",1520,1269,84580,0,,8.6,21.3,27.17,15.65,,0.8
"2025-09-02 20:43:02",1520,1269,84576,-36.667338,-71.92178,7.3,31,27.13,15.6,,0.8
"2025-09-02 20:43:03",1521,1270,84565,0,,7.55,37,27.13,15.6,,0.8
"2025-09-02 20:43:04",1522,1271,84555,0,,7.05,22.5,27.13,15.45,,0.8
"2025-09-02 20:43:05",1523,1272,84546,-36.667167,-71.921658,7.6,32.3,27.09,15.3,,0.7
"2025-09-02 20:43:12",1527,1276,84508,0,,7.75,26.8,27.19,14.7,,0.7
"2025-09-02 20:43:13",1528,1277,84503,0,,7.55,36.2,27.32,14.75,,0.7
"2025-09-02 20:43:14",1528,1277,84498,-36.666613,-71.921272,7.95,26.6,27.3,14.7,,0.7
"2025-09-02 20:43:21",1533,1282,84457,0,,7.25,27.1,27.23,14.15,,0.6
"2025-09-02 20:43:22",1533,1282,84451,0,,8.55,32,27.28,14.15,,0.6
"2025-09-02 20:43:23",1534,1283,84446,-36.666058,-71.9209,7.85,22,27.28,14.25,,0.6
"2025-09-02 20:43:25",1538,1287,84411,0,,8.65,27.2,27.17,14.45,,0.8
"2025-09-02 20:43:26",1539,1288,84394,-36.66586,-71.920775,7.6,27.6,27.16,14.5,,0.9
"2025-09-02 20:43:27",1539,1288,84399,0,,8.65,23,27.23,14.6,,0.8
"2025-09-02 20:43:28",1538,1287,84404,0,,7.1,20.8,27.23,14.7,,0.7
"2025-09-02 20:43:29",1538,1287,84410,-36.665665,-71.920662,8.05,31.3,27.23,14.45,,0.6
"2025-09-02 20:43:30",1540,1289,84390,0,,9.85,28.1,27.2,14.2,,0.7
"2025-09-02 20:43:31",1542,1291,84371,0,,7.05,29.8,27.15,14.05,,0.8
"2025-09-02 20:43:32",1544,1293,84352,-36.665472,-71.920523,8.35,33.2,27.11,14.1,,0.8
"2025-09-02 20:43:33",1543,1292,84357,0,,8.3,24.7,27.12,14.15,,0.9
"2025-09-02 20:43:34",1542,1291,84363,0,,7.55,33.3,27.12,14.1,,0.8
"2025-09-02 20:43:35",1542,1291,84370,-36.665278,-71.920388,9,28.4,27.08,14.05,43.75,0.7
"2025-09-02 20:43:37",1542,1291,84367,0,,7.6,30.8,27.13,13.65,,0.4
"2025-09-02 20:43:38",1542,1291,84366,-36.665082,-71.920247,8.9,29.2,27.13,13.5,,0.2
"2025-09-02 20:43:41",1548,1297,84312,-36.664895,-71.92011,8.45,28.3,27.28,13.55,,0.9
"2025-09-02 20:43:43",1546,1295,84330,0,,8.5,32,27.26,13.5,,0.5
"2025-09-02 20:43:44",1545,1294,84340,-36.664703,-71.919987,8.65,25.9,27.22,13.95,,0.3
"2025-09-02 20:43:46",1550,1299,84295,0,,9.2,27.3,27.26,14.75,,0.5
"2025-09-02 20:43:47",1552,1301,84274,-36.664497,-71.919857,8.35,28.5,27.29,14.85,,0.7
"2025-09-02 20:43:49",1553,1302,84259,0,,8.45,25.4,27.43,14.7,,0.8
"2025-09-02 20:43:50",1554,1303,84252,-36.664302,-71.91972,7.55,26.6,27.35,14.4,,0.9
"2025-09-02 20:43:52",1555,1304,84239,0,,7.95,26.8,27.34,14.05,,1
"2025-09-02 20:43:53",1556,1305,84234,-36.664122,-71.919602,7.9,32.5,27.37,14.1,,0.9
"2025-09-02 20:43:57",1558,1307,84219,0,,7.9,23.8,27.29,13.85,,1
"2025-09-02 20:43:58",1558,1307,84215,0,,7.9,28.9,27.24,13.85,,0.7
"2025-09-02 20:43:59",1558,1307,84212,-36.66375,-71.919345,9.05,30.4,27.19,13.75,,0.5
"2025-09-02 20:44:00",1558,1307,84217,0,,8.25,26.4,27.19,13.75,,0.5
"2025-09-02 20:44:01",1557,1306,84223,0,,8.6,32.8,27.13,13.9,,0.4
"2025-09-02 20:44:02",1557,1306,84230,-36.663547,-71.919203,8.75,28.9,27.11,14.1,44,0.2
"2025-09-02 20:44:03",1557,1306,84225,0,,8.55,22.3,27.06,14.65,,0.2
"2025-09-02 20:44:04",1557,1306,84221,0,,8.75,28,27.06,15.1,,0.2
"2025-09-02 20:44:05",1558,1307,84218,-36.663338,-71.91908,7.95,25.2,27.05,15.4,,0.2
"2025-09-02 20:44:09",1563,1312,84164,0,,8.3,29.2,27.07,15.3,,0.5
"2025-09-02 20:44:10",1565,1314,84151,0,,8.5,21.7,27.04,15,,0.6
"2025-09-02 20:44:11",1566,1315,84138,-36.662933,-71.918842,7.8,31.1,26.97,15.1,,0.6
"2025-09-02 20:44:12",1567,1316,84130,0,,8.55,25.9,26.94,15.25,,0.8
"2025-09-02 20:44:13",1568,1317,84123,0,,7.8,19.9,26.92,15.55,,0.9
"2025-09-02 20:44:14",1568,1317,84116,-36.66274,-71.918725,7.75,31.9,26.91,15.7,,1
"2025-09-02 20:44:15",1569,1318,84112,0,,7.65,23,26.9,15.9,,1
"2025-09-02 20:44:16",1569,1318,84109,0,,7.7,26.5,26.85,15.75,,1
"2025-09-02 20:44:17",1569,1318,84106,-36.662547,-71.918595,8.85,33.6,26.82,15.2,,1
"2025-09-02 20:44:21",1575,1324,84053,0,,9,28,26.75,14.45,,1
"2025-09-02 20:44:22",1576,1325,84040,0,,8.75,28.3,26.8,14.15,,1
"2025-09-02 20:44:23",1578,1327,84028,-36.662148,-71.918302,8.55,31.6,26.83,13.85,,1
"2025-09-02 20:44:25",1578,1327,84022,0,,9.1,28.5,26.88,13.3,,0.9
"2025-09-02 20:44:26",1579,1328,84020,-36.661955,-71.918145,8.7,33,26.85,13.15,,0.8
"2025-09-02 20:44:27",1580,1329,84007,0,,7.75,30.3,26.82,13.05,,0.9
"2025-09-02 20:44:28",1581,1330,83994,0,,9.3,30.9,26.78,12.95,,1
"2025-09-02 20:44:29",1583,1332,83982,-36.66176,-71.917993,8.4,34.5,26.83,12.9,43.75,1
"2025-09-02 20:44:30",1583,1332,83976,0,,8.15,30.9,26.82,12.85,,1
"2025-09-02 20:44:31",1584,1333,83971,0,,9.2,35.5,26.99,12.8,,1
"2025-09-02 20:44:32",1584,1333,83966,-36.661565,-71.91783,8.3,33,27.13,12.7,,1
"2025-09-02 20:44:33",1585,1334,83960,0,,8.2,32.4,27.12,12.65,,1
"2025-09-02 20:44:34",1585,1334,83955,0,,8.8,37.8,27.31,12.65,,0.8
"2025-09-02 20:44:35",1586,1335,83950,-36.66138,-71.917675,7.9,29.6,27.33,12.55,,0.7
"2025-09-02 20:44:36",1586,1335,83947,0,,,,27.26,12.5,,0.7
"2025-09-02 20:44:37",1586,1335,83944,0,,,,27.24,12.45,,0.7
"2025-09-02 20:44:38",1587,1336,83942,0,,,,27.19,12.4,,0.7
"2025-09-02 20:44:40",1588,1337,83928,0,,8,32.8,27.12,12.4,,0.6
"2025-09-02 20:44:41",1589,1338,83922,-36.66101,-71.91739,9.1,29.3,27.06,12.4,,0.5
"2025-09-02 20:44:42",1589,1338,83917,0,,8.7,29,27.06,12.4,,0.5
"2025-09-02 20:44:43",1590,1339,83913,0,,8.5,30.5,27.03,12.4,,0.5
"2025-09-02 20:44:44",1590,1339,83910,-36.660807,-71.91724,9.15,35.1,26.98,12.4,,0.5
"2025-09-02 20:44:45",1591,1340,83897,0,,9.15,30.5,26.93,12.45,,0.6
"2025-09-02 20:44:46",1593,1342,83884,0,,8.95,31.7,26.96,12.45,,0.6
"2025-09-02 20:44:47",1594,1343,83872,-36.660607,-71.917082,8.35,36.4,27.07,12.45,,0.7
"2025-09-02 20:44:48",1593,1342,83884,0,,8.1,28,27.04,12.45,,0.5
"2025-09-02 20:44:49",1591,1340,83897,0,,8.4,33.9,27,12.4,,0.4
"2025-09-02 20:44:50",1590,1339,83910,-36.660427,-71.916942,7.4,33.3,27.01,12.4,,0.3
"2025-09-02 20:44:51",1593,1342,83885,0,,7.9,28.8,26.98,12.4,,0.5
"2025-09-02 20:44:52",1595,1344,83862,0,,7.95,33.8,26.9,12.4,,0.6
"2025-09-02 20:44:53",1598,1347,83840,-36.660243,-71.916807,7.8,28.4,26.89,12.4,,0.7
"2025-09-02 20:44:55",1598,1347,83830,0,,8.15,28.8,26.96,12.4,,0.7
"2025-09-02 20:44:56",1599,1348,83826,-36.660048,-71.916675,8.15,26.3,26.97,12.4,44,0.7
"2025-09-02 20:44:57",1599,1348,83827,0,,8.15,38.8,27.13,12.4,,0.6
"2025-09-02 20:44:58",1599,1348,83829,0,,8.35,28.6,27.11,12.4,,0.5
"2025-09-02 20:44:59",1598,1347,83832,-36.659857,-71.916527,9.3,29,27.03,12.4,,0.4
"2025-09-02 20:45:00",1600,1349,83817,0,,8.8,30.7,27.03,12.35,,0.4
"2025-09-02 20:45:01",1601,1350,83803,0,,8.75,28.5,27.01,12.35,,0.7
"2025-09-02 20:45:02",1603,1352,83790,-36.659653,-71.91638,8.25,34.6,26.99,12.35,,0.9
"2025-09-02 20:45:03",1603,1352,83784,0,,8.25,31.5,26.92,12.3,,1
"2025-09-02 20:45:04",1604,1353,83779,0,,8.65,32.3,26.99,12.35,,0.9
"2025-09-02 20:45:05",1604,1353,83774,-36.659462,-71.916227,8.05,35.3,27.17,12.35,,0.7
"2025-09-02 20:45:06",1603,1352,83786,0,,8.05,28.3,27.11,12.3,,0.4
"2025-09-02 20:45:07",1602,1351,83800,0,,7.85,33,27.07,12.2,,0.3
"2025-09-02 20:45:08",1600,1349,83814,-36.659282,-71.91609,7.55,32.2,27.04,12.2,,0.1
"2025-09-02 20:45:09",1601,1350,83807,0,,8.9,27.5,26.99,12.15,,0.2
"2025-09-02 20:45:10",1602,1351,83801,0,,7.75,30,26.94,12.15,,0.2
"2025-09-02 20:45:11",1602,1351,83796,-36.659088,-71.915965,7.8,27.1,26.93,12.15,,0.3
"2025-09-02 20:45:12",1603,1352,83786,0,,9.2,33.3,26.9,12.15,,0.3
"2025-09-02 20:45:13",1604,1353,83776,0,,8.45,28.1,26.9,12.15,,0.2
"2025-09-02 20:45:14",1605,1354,83766,-36.658878,-71.915822,9.2,26.9,26.9,12.15,,0.2
"2025-09-02 20:45:15",1607,1356,83747,0,,9.05,27.4,26.84,12.15,,0.3
"2025-09-02 20:45:16",1609,1358,83729,0,,8.15,26.8,26.87,12.15,,0.4
"2025-09-02 20:45:17",1611,1360,83712,-36.658673,-71.915687,8.3,32.8,26.86,12.15,,0.5
"2025-09-02 20:45:18",1612,1361,83700,0,,8,34.3,26.85,12.15,,0.8
"2025-09-02 20:45:19",1613,1362,83689,0,,9,27.4,26.92,12.15,,1
"2025-09-02 20:45:20",1615,1364,83678,-36.658482,-71.91554,8.2,32.7,27.06,12.15,,1.2
"2025-09-02 20:45:21",1615,1364,83672,0,,7.65,28.3,27.05,12.15,,1.1
"2025-09-02 20:45:22",1616,1365,83667,0,,8.75,31.4,27.17,12.15,,1.1
"2025-09-02 20:45:23",1616,1365,83662,-36.658295,-71.915407,7.7,28.4,27.17,12.1,44,1.1
"2025-09-02 20:45:25",1618,1367,83644,0,,8.55,34.5,27.31,12.05,,1.2
"2025-09-02 20:45:26",1619,1368,83636,-36.65811,-71.915268,8.3,25.1,27.27,12,,1.1
"2025-09-02 20:45:27",1620,1369,83629,0,,8.3,28.2,27.3,11.95,,1.1
"2025-09-02 20:45:28",1620,1369,83622,0,,7.35,33.9,27.37,11.95,,1
"2025-09-02 20:45:29",1621,1370,83616,-36.65793,-71.915135,8.1,30.5,27.36,11.85,,0.9
"2025-09-02 20:45:33",1622,1371,83606,0,,7.6,33.5,27.05,11.8,,0.6
"2025-09-02 20:45:34",1622,1371,83604,0,,7.9,22,27.06,11.8,,0.6
"2025-09-02 20:45:35",1623,1372,83602,-36.657563,-71.914882,8,32.1,26.99,11.8,,0.5
"2025-09-02 20:45:36",1624,1373,83585,0,,8,36.3,26.94,11.75,,0.6
"2025-09-02 20:45:37",1626,1375,83567,0,,8.5,27.2,26.97,11.75,,0.7
"2025-09-02 20:45:38",1628,1377,83550,-36.65738,-71.91474,7.95,32.7,26.91,11.75,,0.8
"2025-09-02 20:45:42",1630,1379,83529,0,,7.6,22.1,27.11,11.7,,0.7
"2025-09-02 20:45:43",1631,1380,83524,0,,7.75,35,27.2,11.75,,0.7
"2025-09-02 20:45:44",1631,1380,83520,-36.657028,-71.91449,8.05,26.6,27.16,11.7,,0.7
"2025-09-02 20:45:51",1637,1386,83470,0,,8.5,30.2,26.9,11.7,,0.6
"2025-09-02 20:45:52",1637,1386,83463,0,,7.55,31.2,26.86,11.75,,0.7
"2025-09-02 20:45:53",1638,1387,83456,-36.656495,-71.91408,8.1,35.5,26.83,11.75,,0.7
"2025-09-02 20:45:55",1641,1390,83433,0,,7.95,34.1,26.82,11.75,,0.8
"2025-09-02 20:45:56",1642,1391,83422,-36.656312,-71.913933,7.55,35.3,26.8,11.75,,0.9
"2025-09-02 20:45:57",1642,1391,83415,0,,7.25,23.7,26.83,11.75,,0.9
"2025-09-02 20:45:58",1643,1392,83408,0,,7.2,35.9,26.82,11.75,,0.8
"2025-09-02 20:45:59",1644,1393,83402,-36.656143,-71.913798,6.6,33.4,26.78,11.75,,0.8
"2025-09-02 20:46:00",1645,1394,83394,0,,6.85,34.3,26.82,11.8,,0.8
"2025-09-02 20:46:01",1646,1395,83386,0,,7.6,32.8,26.89,11.75,,0.8
"2025-09-02 20:46:02",1646,1395,83378,-36.655988,-71.913665,7.35,25.3,26.88,11.75,,0.8
"2025-09-02 20:46:03",1647,1396,83370,0,,8.15,28.6,26.91,11.8,,0.8
"2025-09-02 20:46:04",1648,1397,83363,0,,6.85,32,26.94,11.8,,0.9
"2025-09-02 20:46:05",1649,1398,83356,-36.655827,-71.913568,7.75,27.7,26.87,11.75,,0.9
"2025-09-02 20:46:07",1648,1397,83365,0,,7.05,25.6,26.85,11.75,,0.7
"2025-09-02 20:46:08",1647,1396,83370,-36.655648,-71.913455,8,32.8,26.79,11.75,,0.5
"2025-09-02 20:46:10",1651,1400,83331,0,,8.05,25.3,26.76,11.75,,0.7
"2025-09-02 20:46:11",1653,1402,83312,-36.655452,-71.913318,7.7,31.6,26.82,11.75,,0.8
"2025-09-02 20:46:13",1654,1403,83302,0,,8.6,31.9,26.93,11.75,,0.7
"2025-09-02 20:46:14",1655,1404,83298,-36.655268,-71.91318,7.9,29,26.98,11.75,,0.7
"2025-09-02 20:46:16",1654,1403,83306,0,,7.95,35.5,26.87,11.65,,0.5
"2025-09-02 20:46:17",1654,1403,83310,-36.65509,-71.913053,7.25,29.9,26.85,11.65,43.75,0.4
"2025-09-02 20:46:19",1654,1403,83307,0,,7.4,34.7,26.73,11.65,,0.4
"2025-09-02 20:46:20",1654,1403,83306,-36.654912,-71.912925,7.25,25.3,26.73,11.7,,0.5
"2025-09-02 20:46:22",1656,1405,83287,0,,7.15,31,26.64,11.7,,0.4
"2025-09-02 20:46:23",1657,1406,83278,-36.654725,-71.912797,8.35,25.6,26.64,11.7,,0.3
"2025-09-02 20:46:27",1663,1412,83219,0,,8.4,29.6,26.58,11.7,,0.6
"2025-09-02 20:46:28",1665,1414,83204,0,,8.35,29.8,26.59,11.7,,0.9
"2025-09-02 20:46:29",1666,1415,83190,-36.65434,-71.912512,7.9,36.9,26.57,11.7,,1.1
"2025-09-02 20:46:30",1667,1416,83183,0,,7.8,28.4,26.63,11.7,,1
"2025-09-02 20:46:31",1668,1417,83176,0,,7.7,33.7,26.63,11.7,,1.1
"2025-09-02 20:46:32",1668,1417,83170,-36.654168,-71.912377,7.15,33.8,26.6,11.7,,1.2
"2025-09-02 20:46:33",1669,1418,83162,0,,7.95,33.3,26.67,11.75,,1.2
"2025-09-02 20:46:34",1670,1419,83155,0,,7.5,33.1,26.78,11.75,,1.2
"2025-09-02 20:46:35",1671,1420,83148,-36.654005,-71.912248,6.85,28.3,26.78,11.7,,1.1
"2025-09-02 20:46:36",1672,1421,83140,0,,7.6,33.3,26.91,11.7,,1.1
"2025-09-02 20:46:37",1672,1421,83132,0,,7.2,28.4,26.98,11.65,,1.1
"2025-09-02 20:46:38",1673,1422,83124,-36.653837,-71.912143,7.75,24.6,26.92,11.6,,1.1
"2025-09-02 20:46:39",1673,1422,83124,0,,7.55,34.5,26.94,11.55,,1
"2025-09-02 20:46:40",1673,1422,83125,0,,7.65,26.9,26.91,11.55,,0.8
"2025-09-02 20:46:41",1673,1422,83126,-36.653657,-71.912022,8.2,27.2,26.85,11.5,,0.6
"2025-09-02 20:46:45",1678,1427,83080,0,,8.2,28.7,26.74,11.4,,0.7
"2025-09-02 20:46:46",1679,1428,83069,0,,8.35,30.2,26.72,11.35,,0.8
"2025-09-02 20:46:47",1680,1429,83058,-36.653292,-71.911762,7.35,34.6,26.65,11.35,,0.8
"2025-09-02 20:46:48",1681,1430,83049,0,,6.85,32.1,26.67,11.35,,0.8
"2025-09-02 20:46:49",1682,1431,83040,0,,7.85,39.1,26.73,11.3,,0.8
"2025-09-02 20:46:50",1683,1432,83032,-36.653125,-71.911618,7.75,31,26.73,11.25,,0.8
"2025-09-02 20:46:51",1684,1433,83022,0,,7.85,27.3,26.74,11.25,,0.9
"2025-09-02 20:46:52",1685,1434,83012,0,,7.85,35.6,26.86,11.25,,1
"2025-09-02 20:46:53",1686,1435,83002,-36.652945,-71.911477,7.45,31,26.85,11.25,,1.1
"2025-09-02 20:46:54",1687,1436,82992,0,,7.15,31.5,26.8,11.2,,1.1
"2025-09-02 20:46:55",1688,1437,82982,0,,6.7,29.9,26.71,11.15,,1.1
"2025-09-02 20:46:56",1689,1438,82972,-36.652775,-71.91135,7.8,30.8,26.71,11.15,,1.1
"2025-09-02 20:46:57",1690,1439,82967,0,,7.8,32.5,26.78,11.15,,1.1
"2025-09-02 20:46:58",1690,1439,82962,0,,7.45,23.5,26.72,11.15,,1
"2025-09-02 20:46:59",1691,1440,82958,-36.65259,-71.911223,7.65,32.7,26.83,11.1,,0.9
"2025-09-02 20:47:00",1690,1439,82963,0,,7.45,35,26.89,11.05,,0.8
"2025-09-02 20:47:01",1690,1439,82968,0,,8.35,26.7,26.82,11.05,,0.7
"2025-09-02 20:47:02",1689,1438,82974,-36.652412,-71.911092,7.45,31.6,26.78,11,,0.5
"2025-09-02 20:47:03",1691,1440,82953,0,,7.3,34.1,26.74,11,,0.6
"2025-09-02 20:47:04",1693,1442,82934,0,,8.25,33.6,26.7,10.95,,0.7
"2025-09-02 20:47:05",1695,1444,82916,-36.65223,-71.91095,7.75,27,26.67,10.95,,0.8
"2025-09-02 20:47:06",1696,1445,82909,0,,7.5,28.9,26.63,10.9,,0.8
"2025-09-02 20:47:07",1697,1446,82902,0,,7.4,31.4,26.62,10.9,,0.7
"2025-09-02 20:47:08",1698,1447,82896,-36.652048,-71.910827,7.85,23,26.65,10.9,,0.7
"2025-09-02 20:47:10",1701,1450,82861,0,,7.55,28,26.56,10.9,,0.9
"2025-09-02 20:47:11",1703,1452,82844,-36.651873,-71.910702,8.15,30.4,26.59,10.9,43.75,1
"2025-09-02 20:47:12",1704,1453,82837,0,,7.35,31.2,26.56,10.9,,1.1
"2025-09-02 20:47:13",1704,1453,82830,0,,6.85,27.6,26.54,10.85,,1.2
"2025-09-02 20:47:14",1705,1454,82824,-36.6517,-71.910577,8.65,33.8,26.73,10.85,,1.3
"2025-09-02 20:47:15",1706,1455,82816,0,,7.95,32.5,26.78,10.8,,1.3
"2025-09-02 20:47:16",1707,1456,82809,0,,7.6,28.4,26.73,10.8,,1.2
"2025-09-02 20:47:17",1708,1457,82802,-36.651518,-71.910435,7.6,35.5,26.7,10.75,,1.1
"2025-09-02 20:47:18",1709,1458,82786,0,,8.05,29.8,26.63,10.7,,1.1
"2025-09-02 20:47:19",1711,1460,82771,0,,7.6,30.6,26.58,10.7,,1.2
"2025-09-02 20:47:20",1712,1461,82756,-36.651348,-71.910305,6.7,33.7,26.58,10.7,,1.2
"2025-09-02 20:47:21",1713,1462,82746,0,,7.1,31.8,26.52,10.75,,1.2
"2025-09-02 20:47:22",1714,1463,82737,0,,6.95,30.2,26.53,10.7,,1.1
"2025-09-02 20:47:23",1715,1464,82728,-36.651188,-71.91019,6.7,27.8,26.48,10.7,,1
"2025-09-02 20:47:25",1718,1467,82708,0,,6.75,25.2,26.64,10.6,,1.1
"2025-09-02 20:47:26",1719,1468,82698,-36.65102,-71.910082,7.45,25.6,26.65,10.55,,1.1
"2025-09-02 20:47:27",1720,1469,82686,0,,6.75,40.5,26.85,10.55,,1.1
"2025-09-02 20:47:28",1721,1470,82674,0,,6.9,27.7,26.85,10.55,,1.2
"2025-09-02 20:47:29",1722,1471,82662,-36.650853,-71.909952,7.65,29.8,26.79,10.45,,1.2
"2025-09-02 20:47:30",1723,1472,82658,0,,7.25,31.4,26.73,10.45,,1.2
"2025-09-02 20:47:31",1723,1472,82655,0,,7.7,28.6,26.7,10.45,,1.1
"2025-09-02 20:47:32",1724,1473,82652,-36.650685,-71.909823,7.1,36,26.63,10.4,,1
"2025-09-02 20:47:33",1724,1473,82650,0,,7.5,27.6,26.63,10.35,,0.9
"2025-09-02 20:47:34",1724,1473,82648,0,,7.25,36.5,26.56,10.3,,0.8
"2025-09-02 20:47:35",1724,1473,82646,-36.650525,-71.909687,6.35,36.4,26.53,10.25,,0.8
"2025-09-02 20:47:36",1727,1476,82619,0,,6.9,33.3,26.49,10.25,,0.9
"2025-09-02 20:47:37",1730,1479,82593,0,,6.4,37.7,26.52,10.25,,1
"2025-09-02 20:47:38",1733,1482,82568,-36.650377,-71.90956,6.05,35.2,26.5,10.2,43.75,1.2
"2025-09-02 20:47:39",1734,1483,82553,0,,6.65,33.9,26.59,10.15,,1.2
"2025-09-02 20:47:40",1736,1485,82538,0,,6.1,32.5,26.68,10.15,,1.2
"2025-09-02 20:47:41",1737,1486,82524,-36.650233,-71.909445,6.15,34.6,26.68,10.1,,1.2
"2025-09-02 20:47:42",1738,1487,82512,0,,6.2,41.7,26.68,10.05,,1.3
"2025-09-02 20:47:43",1740,1489,82500,0,,6.8,30.4,26.65,10.05,,1.4
"2025-09-02 20:47:44",1741,1490,82488,-36.65008,-71.909313,7.4,33.4,26.67,9.95,,1.5
"2025-09-02 20:47:45",1742,1491,82477,0,,6.8,33.8,26.73,9.95,,1.5
"2025-09-02 20:47:46",1743,1492,82466,0,,6.85,28.7,26.7,9.9,,1.6
"2025-09-02 20:47:47",1744,1493,82456,-36.64992,-71.909182,7,44.2,26.64,9.9,,1.7
"2025-09-02 20:47:48",1746,1495,82444,0,,6.1,42.1,26.64,9.95,,1.7
"2025-09-02 20:47:49",1747,1496,82433,0,,7.2,32.5,26.58,9.9,,1.5
"2025-09-02 20:47:50",1748,1497,82422,-36.649778,-71.909035,6.85,45.5,26.58,9.9,,1.4
"2025-09-02 20:47:51",1750,1499,82405,0,,6.1,37.6,26.56,9.9,,1.3
"2025-09-02 20:47:52",1752,1501,82388,0,,7.05,35.6,26.48,9.85,,1.4
"2025-09-02 20:47:53",1753,1502,82372,-36.649643,-71.908897,6.55,43.9,26.54,9.9,,1.4
"2025-09-02 20:47:54",1755,1504,82361,0,,6.4,32.7,26.46,9.9,,1.3
"2025-09-02 20:47:55",1756,1505,82351,0,,6.5,42.8,26.58,9.9,,1.3
"2025-09-02 20:47:56",1757,1506,82342,-36.649512,-71.90876,5.95,41.6,26.65,9.9,,1.3
"2025-09-02 20:47:57",1756,1505,82350,0,,6.15,37.1,26.67,9.95,,1.1
"2025-09-02 20:47:58",1755,1504,82359,0,,6.35,43.3,26.58,9.9,,1
"2025-09-02 20:47:59",1754,1503,82368,-36.649377,-71.908627,6.8,35.9,26.56,9.9,,0.8
"2025-09-02 20:48:00",1757,1506,82343,0,,7.05,43.3,26.52,9.9,,0.9
"2025-09-02 20:48:01",1759,1508,82319,0,,6.85,40.1,26.43,9.9,,1
"2025-09-02 20:48:02",1762,1511,82296,-36.649228,-71.908475,7.15,35.5,26.43,9.9,,1.1
"2025-09-02 20:48:06",1768,1517,82236,0,,7.45,42.6,26.32,9.85,,1.1
"2025-09-02 20:48:07",1770,1519,82221,0,,7.5,37.1,26.29,9.85,,1.2
"2025-09-02 20:48:08",1771,1520,82206,-36.648922,-71.908158,6.5,42,26.25,9.9,,1.2
"2025-09-02 20:48:11",1771,1520,82208,-36.648787,-71.908012,6.15,42.9,26.29,9.9,,1.2
"2025-09-02 20:48:12",1774,1523,82185,0,,5.95,40.6,26.28,9.9,,1.4
"2025-09-02 20:48:13",1776,1525,82162,0,,7.5,47.6,26.43,9.9,,1.4
"2025-09-02 20:48:14",1778,1527,82140,-36.648655,-71.907863,6.25,35.6,26.43,9.9,,1.4
"2025-09-02 20:48:15",1779,1528,82130,0,,6.8,32.1,26.38,9.9,,1.4
"2025-09-02 20:48:16",1781,1530,82120,0,,7,46.1,26.35,9.9,,1.4
"2025-09-02 20:48:17",1782,1531,82110,-36.64851,-71.907727,6.35,32.4,26.34,9.9,,1.3
"2025-09-02 20:48:18",1784,1533,82089,0,,6.5,42.7,26.29,9.85,,1.4
"2025-09-02 20:48:19",1786,1535,82068,0,,6.75,45.4,26.33,9.9,,1.4
"2025-09-02 20:48:20",1788,1537,82048,-36.648373,-71.907583,6.8,32.1,26.3,9.9,,1.4
"2025-09-02 20:48:21",1789,1538,82037,0,,7.1,38.2,26.34,9.9,,1.4
"2025-09-02 20:48:22",1790,1539,82027,0,,7.1,37.4,26.3,9.9,,1.4
"2025-09-02 20:48:23",1791,1540,82018,-36.648222,-71.907435,7.4,42.5,26.23,9.9,,1.7
"2025-09-02 20:48:25",1795,1544,81982,0,,6.75,35.4,26.18,9.95,,1.7
"2025-09-02 20:48:26",1797,1546,81964,-36.648083,-71.907288,6.75,46.4,26.11,9.95,,1.6
"2025-09-02 20:48:27",1799,1548,81949,0,,6.35,49.2,26.12,9.9,,1.6
"2025-09-02 20:48:28",1800,1549,81934,0,,7.45,37.7,26.08,10,,1.7
"2025-09-02 20:48:29",1802,1551,81920,-36.64795,-71.907132,6.6,43.6,26.11,10,,1.7
"2025-09-02 20:48:33",1805,1554,81891,0,,6.7,49.7,26.04,10,,1.3
"2025-09-02 20:48:34",1806,1555,81884,0,,7,47.7,26.05,10.05,,1.3
"2025-09-02 20:48:35",1806,1555,81878,-36.647683,-71.906818,7.1,37.6,26.03,10.05,,1.3
"2025-09-02 20:48:37",1809,1558,81850,0,,6.4,45.9,26.01,10.05,,1.3
"2025-09-02 20:48:38",1811,1560,81836,-36.647545,-71.906668,7.05,39.9,25.95,10,,1.2
"2025-09-02 20:48:40",1815,1564,81800,0,,6.15,39.1,25.98,10,,1.2
"2025-09-02 20:48:41",1817,1566,81782,-36.647412,-71.906515,7.1,41.1,25.91,9.9,,1.3
"2025-09-02 20:48:43",1821,1570,81738,0,,7.05,37,25.91,9.9,,1.4
"2025-09-02 20:48:44",1824,1573,81718,-36.64727,-71.906348,7.6,44.3,25.9,9.9,,1.4
"2025-09-02 20:48:46",1826,1575,81693,0,,7.3,40.9,25.82,9.9,,1.6
"2025-09-02 20:48:47",1828,1577,81682,-36.647132,-71.906182,6.85,46.6,25.86,9.9,,1.7
"2025-09-02 20:48:49",1830,1579,81660,0,,7.55,48.7,25.78,9.9,,1.7
"2025-09-02 20:48:50",1831,1580,81650,-36.647002,-71.906013,7.05,44.2,25.83,9.9,,1.7
"2025-09-02 20:48:52",1830,1579,81657,0,,6.55,50.6,25.8,9.9,,1.3
"2025-09-02 20:48:53",1830,1579,81662,-36.646867,-71.905853,7.55,35.5,25.73,9.9,,1.1
"2025-09-02 20:48:55",1835,1584,81611,0,,6.5,46.9,25.7,10,,1.3
"2025-09-02 20:48:56",1838,1587,81586,-36.646727,-71.905692,7.2,44.2,25.65,10,,1.3
"2025-09-02 20:48:57",1841,1590,81559,0,,7.2,43,25.68,10,,1.3
"2025-09-02 20:48:58",1844,1593,81533,0,,6.45,39.1,25.65,10,,1.4
"2025-09-02 20:48:59",1846,1595,81508,-36.646593,-71.905535,7,47.9,25.6,10,43.25,1.5
"2025-09-02 20:49:00",1848,1597,81495,0,,6.85,48.5,25.65,9.95,,1.5
"2025-09-02 20:49:01",1849,1598,81483,0,,7.5,39.5,25.57,9.95,,1.6
"2025-09-02 20:49:02",1850,1599,81472,-36.646455,-71.905368,7.1,45.5,25.59,10,,1.6
"2025-09-02 20:49:03",1852,1601,81454,0,,6.25,42.6,25.55,10,,1.6
"2025-09-02 20:49:04",1854,1603,81437,0,,6.9,48.9,25.52,10,,2
"2025-09-02 20:49:05",1856,1605,81420,-36.64633,-71.905202,7,50.7,25.59,10,,2.2
"2025-09-02 20:49:06",1857,1606,81406,0,,6.95,45,25.53,10,,2.1
"2025-09-02 20:49:07",1859,1608,81392,0,,6.8,49.5,25.49,10,,2
"2025-09-02 20:49:08",1860,1609,81378,-36.646207,-71.905027,6.65,51.7,25.53,10,,1.9
"2025-09-02 20:49:09",1860,1609,81378,0,,7.75,45.5,25.49,10,,1.6
"2025-09-02 20:49:10",1860,1609,81379,0,,6.4,54.5,25.48,10.05,,1.4
"2025-09-02 20:49:11",1860,1609,81380,-36.646077,-71.904842,7.7,43,25.43,10.05,,1.1
"2025-09-02 20:49:12",1863,1612,81356,0,,7.95,45.5,25.42,10.05,,1.3
"2025-09-02 20:49:13",1865,1614,81332,0,,6.1,45.4,25.45,10.05,,1.4
"2025-09-02 20:49:14",1868,1617,81308,-36.645942,-71.904672,7.75,48.6,25.4,10.05,,1.5
"2025-09-02 20:49:15",1870,1619,81291,0,,8,49.3,25.49,10.05,,1.5
"2025-09-02 20:49:16",1872,1621,81274,0,,7.15,37.9,25.46,10.05,,1.5
"2025-09-02 20:49:17",1873,1622,81258,-36.645803,-71.904488,7.35,53.6,25.41,10.05,,1.5
"2025-09-02 20:49:18",1876,1625,81235,0,,7.4,45.5,25.42,10.05,,1.5
"2025-09-02 20:49:19",1878,1627,81213,0,,7.95,43.6,25.38,10.05,,1.6
"2025-09-02 20:49:20",1881,1630,81192,-36.64566,-71.904303,7.25,47.9,25.35,10.05,,1.7
"2025-09-02 20:49:21",1882,1631,81181,0,,6.9,43.7,25.32,10.1,,1.6
"2025-09-02 20:49:22",1883,1632,81170,0,,7.35,50.1,25.3,10.1,,1.7
"2025-09-02 20:49:23",1884,1633,81160,-36.64553,-71.904132,6.8,49.7,25.36,10.1,,1.8
"2025-09-02 20:49:25",1887,1636,81130,0,,7.6,52.1,25.36,10.1,,1.9
"2025-09-02 20:49:26",1889,1638,81116,-36.645398,-71.903953,6.55,44.5,25.4,10.1,42.75,1.8
"2025-09-02 20:49:27",1889,1638,81113,0,,7.05,41.1,25.32,10.1,,1.6
"2025-09-02 20:49:28",1889,1638,81111,0,,6.7,54.1,25.35,10.1,,1.5
"2025-09-02 20:49:29",1889,1638,81110,-36.645267,-71.903787,7.35,45.1,25.3,10.1,,1.3
"2025-09-02 20:49:30",1893,1642,81077,0,,7.9,45.4,25.29,10.1,,1.5
"2025-09-02 20:49:31",1897,1646,81043,0,,6.55,47.6,25.27,10.1,,1.6
"2025-09-02 20:49:32",1900,1649,81010,-36.645133,-71.903613,7.15,46.6,25.21,10.1,,1.7
"2025-09-02 20:49:33",1902,1651,80990,0,,7.35,47.6,25.28,10.1,,1.7
"2025-09-02 20:49:34",1904,1653,80973,0,,7.35,42.2,25.22,10.1,,1.8
"2025-09-02 20:49:35",1906,1655,80956,-36.644995,-71.90343,7.85,57,25.17,10.1,,1.8
"2025-09-02 20:49:36",1907,1656,80945,0,,7.25,39.5,25.26,10.1,,1.8
"2025-09-02 20:49:37",1908,1657,80933,0,,7.5,48.2,25.17,10.1,,1.8
"2025-09-02 20:49:38",1910,1659,80922,-36.644862,-71.903247,6.9,55.4,25.17,10.15,,1.7
"2025-09-02 20:49:40",1913,1662,80889,0,,7,50.6,25.07,10.2,,2
"2025-09-02 20:49:41",1915,1664,80874,-36.644733,-71.90307,6.45,50.5,25.06,10.2,,2.1
"2025-09-02 20:49:42",1915,1664,80872,0,,8.1,52.9,25.02,10.15,,2
"2025-09-02 20:49:43",1915,1664,80870,0,,7.1,52.8,25.06,10.2,,1.7
"2025-09-02 20:49:44",1916,1665,80868,-36.644602,-71.902873,7.6,42.8,25.02,10.2,,1.5
"2025-09-02 20:49:45",1917,1666,80852,0,,7.65,49.6,24.97,10.2,,1.3
"2025-09-02 20:49:46",1919,1668,80837,0,,6.55,49.6,25,10.2,,1.3
"2025-09-02 20:49:47",1921,1670,80822,-36.644468,-71.902687,8.55,47.9,24.96,10.25,,1.3
"2025-09-02 20:49:48",1924,1673,80790,0,,8.9,51.1,24.95,10.25,,1.4
"2025-09-02 20:49:49",1927,1676,80759,0,,7.1,43.9,24.95,10.25,,1.6
"2025-09-02 20:49:50",1931,1680,80728,-36.644328,-71.902485,8.35,57.7,24.91,10.25,,1.8
"2025-09-02 20:49:51",1933,1682,80710,0,,7.75,49.1,25,10.25,,1.8
"2025-09-02 20:49:52",1935,1684,80693,0,,7.4,43.5,24.95,10.25,,1.8
"2025-09-02 20:49:53",1936,1685,80676,-36.644202,-71.902287,7.95,61.8,24.91,10.25,42.5,1.8
"2025-09-02 20:49:54",1938,1687,80661,0,,7.65,47.5,24.99,10.25,,1.9
"2025-09-02 20:49:55",1940,1689,80646,0,,7.85,47.1,24.94,10.25,,2
"2025-09-02 20:49:56",1941,1690,80632,-36.64407,-71.902085,8.1,53.9,24.94,10.25,,2.1
"2025-09-02 20:49:57",1943,1692,80613,0,,8,44.9,24.92,10.25,,2.2
"2025-09-02 20:49:58",1945,1694,80595,0,,7.65,52.9,24.86,10.25,,2.2
"2025-09-02 20:49:59",1947,1696,80578,-36.643945,-71.90189,6.7,56.7,24.87,10.25,,2.2
"2025-09-02 20:50:00",1949,1698,80565,0,,7.8,49.9,24.82,10.25,,2
"2025-09-02 20:50:01",1950,1699,80552,0,,8.15,49.9,24.78,10.25,,1.9
"2025-09-02 20:50:02",1951,1700,80540,-36.643815,-71.901695,6.65,49.6,24.77,10.25,,1.7
"2025-09-02 20:50:03",1951,1700,80539,0,,6.95,49.2,24.7,10.25,,1.6
"2025-09-02 20:50:04",1951,1700,80538,0,,7,55.2,24.74,10.25,,1.4
"2025-09-02 20:50:05",1952,1701,80538,-36.643695,-71.901512,7.45,47.3,24.69,10.3,,1.3
"2025-09-02 20:50:06",1955,1704,80504,0,,7.45,52.5,24.69,10.3,,1.4
"2025-09-02 20:50:07",1959,1708,80470,0,,6.6,51.6,24.68,10.3,,1.6
"2025-09-02 20:50:08",1963,1712,80436,-36.643572,-71.901328,7.55,48.4,24.62,10.3,,1.8
"2025-09-02 20:50:12",1970,1719,80368,0,,7.95,50,24.64,10.35,,1.8
"2025-09-02 20:50:13",1972,1721,80351,0,,8.2,46.4,24.58,10.35,,1.8
"2025-09-02 20:50:14",1974,1723,80334,-36.643293,-71.900932,7.55,51.5,24.55,10.35,,1.8
"2025-09-02 20:50:15",1975,1724,80319,0,,7.35,52.8,24.51,10.3,,1.9
"2025-09-02 20:50:16",1977,1726,80304,0,,7.15,49.3,24.46,10.35,,2
"2025-09-02 20:50:17",1979,1728,80290,-36.643175,-71.900743,6.65,49.4,24.43,10.35,,2.1
"2025-09-02 20:50:18",1981,1730,80271,0,,8.05,59.5,24.38,10.35,,2.1
"2025-09-02 20:50:19",1982,1731,80253,0,,6.7,46.1,24.34,10.4,,2
"2025-09-02 20:50:20",1984,1733,80236,-36.643053,-71.90055,7.5,50.7,24.31,10.4,42,1.8
"2025-09-02 20:50:21",1986,1735,80221,0,,9.3,57.6,24.33,10.4,,1.8
"2025-09-02 20:50:22",1988,1737,80206,0,,6.65,43.6,24.34,10.4,,1.8
"2025-09-02 20:50:23",1989,1738,80192,-36.642927,-71.900348,7.8,54.5,24.33,10.45,,1.8
"2025-09-02 20:50:25",1992,1741,80170,0,,7.8,46.1,24.48,10.45,,1.7
"2025-09-02 20:50:26",1993,1742,80160,-36.6428,-71.90014,7.7,57.2,24.46,10.45,,1.6
"2025-09-02 20:50:27",1995,1744,80141,0,,6.2,55.6,24.43,10.4,,1.6
"2025-09-02 20:50:28",1997,1746,80123,0,,7.95,52,24.41,10.4,,1.6
"2025-09-02 20:50:29",1999,1748,80106,-36.642692,-71.89994,7.25,60.2,24.4,10.45,,1.7
"2025-09-02 20:50:33",2006,1755,80037,0,,6.95,47.4,24.34,10.45,,1.7
"2025-09-02 20:50:34",2008,1757,80020,0,,7.7,59.5,24.32,10.45,,1.7
"2025-09-02 20:50:35",2010,1759,80004,-36.64245,-71.899548,7.35,46.7,24.26,10.45,,1.7
"2025-09-02 20:50:36",2012,1761,79986,0,,7.5,48.1,24.24,10.45,,1.7
"2025-09-02 20:50:37",2013,1762,79971,0,,7.5,48.1,24.32,10.45,,1.8
"2025-09-02 20:50:38",2015,1764,79956,-36.64232,-71.899362,7.05,48.8,24.28,10.45,,1.8
"2025-09-02 20:50:40",2018,1767,79928,0,,,,24.22,10.45,,1.8
"2025-09-02 20:50:41",2020,1769,79912,0,,,,24.18,10.45,,1.8
"2025-09-02 20:50:42",2021,1770,79898,0,,7.75,56.4,24.11,10.45,,1.7
"2025-09-02 20:50:43",2023,1772,79885,0,,6.8,47.2,24.1,10.45,,1.7
"2025-09-02 20:50:44",2024,1773,79872,-36.642072,-71.898988,7.25,52.4,24.07,10.45,,1.7
"2025-09-02 20:50:45",2026,1775,79852,0,,7,56.9,24.02,10.5,,1.7
"2025-09-02 20:50:46",2029,1778,79832,0,,7.9,44.7,23.99,10.5,,1.7
"2025-09-02 20:50:47",2031,1780,79812,-36.64194,-71.898788,7.6,51.5,24.05,10.55,42,1.8
"2025-09-02 20:50:48",2032,1781,79798,0,,7.45,53.9,24.07,10.55,,1.7
"2025-09-02 20:50:49",2034,1783,79785,0,,8,49.8,24.04,10.55,,1.7
"2025-09-02 20:50:50",2035,1784,79772,-36.641807,-71.89858,6.95,53.8,24.1,10.55,,1.7
"2025-09-02 20:50:51",2036,1785,79761,0,,6.95,54.9,24.05,10.55,,1.7
"2025-09-02 20:50:52",2038,1787,79749,0,,7.95,56.6,23.99,10.55,,1.6
"2025-09-02 20:50:53",2039,1788,79738,-36.641688,-71.898373,7,50.1,23.99,10.55,,1.6
"2025-09-02 20:50:54",2040,1789,79725,0,,7,50.4,23.99,10.5,,1.6
"2025-09-02 20:50:55",2042,1791,79713,0,,7.25,55.3,24.07,10.55,,1.6
"2025-09-02 20:50:56",2043,1792,79702,-36.64157,-71.898182,7,51.1,24.05,10.55,,1.6
"2025-09-02 20:50:57",2045,1794,79685,0,,7.4,56,23.99,10.55,,1.5
"2025-09-02 20:50:58",2047,1796,79668,0,,6.6,49.8,23.97,10.6,,1.5
"2025-09-02 20:50:59",2048,1797,79652,-36.641445,-71.897992,7.55,48.4,23.95,10.6,,1.5
"2025-09-02 20:51:00",2049,1798,79643,0,,7.55,50,23.92,10.65,,1.4
"2025-09-02 20:51:01",2050,1799,79634,0,,7.15,42.2,23.88,10.65,,1.4
"2025-09-02 20:51:02",2051,1800,79626,-36.641307,-71.897808,7.75,48.9,23.84,10.65,,1.3
"2025-09-02 20:51:03",2053,1802,79609,0,,7.75,52.8,23.78,10.6,,1.4
"2025-09-02 20:51:04",2055,1804,79592,0,,8.05,47.1,23.76,10.6,,1.4
"2025-09-02 20:51:05",2057,1806,79576,-36.64117,-71.897607,7.3,50.5,23.77,10.65,,1.5
"2025-09-02 20:51:07",2058,1807,79560,0,,7.25,59.7,23.76,10.65,,1.4
"2025-09-02 20:51:08",2059,1808,79552,-36.641052,-71.897415,6.75,43.9,23.73,10.65,,1.4
"2025-09-02 20:51:10",2059,1808,79557,0,,7.25,55.1,23.8,10.65,,1.1
"2025-09-02 20:51:11",2059,1808,79560,-36.640928,-71.89723,7.25,47.4,23.77,10.65,,0.9
"2025-09-02 20:51:13",2062,1811,79527,0,,6.5,53.9,23.82,10.6,,1
"2025-09-02 20:51:14",2064,1813,79512,-36.640803,-71.897043,7.15,46.8,23.81,10.55,41.75,1
"2025-09-02 20:51:16",2068,1817,79470,0,,6.75,42.5,23.81,10.5,,1.1
"2025-09-02 20:51:17",2071,1820,79450,-36.640668,-71.896862,7.65,52,23.76,10.5,,1.2
"2025-09-02 20:51:19",2075,1824,79407,0,,6.9,43.4,23.66,10.5,,1.3
"2025-09-02 20:51:20",2078,1827,79386,-36.640542,-71.89668,7.15,53.1,23.73,10.5,,1.5
"2025-09-02 20:51:22",2078,1827,79386,0,,7.75,46.2,23.68,10.5,,1.3
"2025-09-02 20:51:23",2078,1827,79386,-36.64041,-71.896485,6.95,49.9,23.67,10.5,,1.5
"2025-09-02 20:51:26",2085,1834,79320,-36.640285,-71.896298,6.45,44.3,23.65,10.5,,1.8
"2025-09-02 20:51:27",2086,1835,79308,0,,7.65,50.6,23.64,10.55,,1.7
"2025-09-02 20:51:28",2087,1836,79297,0,,6.65,46.8,23.62,10.55,,1.6
"2025-09-02 20:51:29",2089,1838,79286,-36.640157,-71.896123,7.25,43.5,23.61,10.6,,1.5
"2025-09-02 20:51:30",2090,1839,79272,0,,7.35,50.7,23.57,10.6,,1.5
"2025-09-02 20:51:31",2092,1841,79259,0,,7.55,40.8,23.52,10.6,,1.4
"2025-09-02 20:51:32",2093,1842,79246,-36.640012,-71.895945,7.7,46.9,23.51,10.65,,1.3
"2025-09-02 20:51:33",2093,1842,79242,0,,7.3,49.1,23.58,10.7,,1.2
"2025-09-02 20:51:34",2094,1843,79239,0,,7.05,47.2,23.53,10.7,,1.3
"2025-09-02 20:51:35",2094,1843,79236,-36.639882,-71.895757,7.9,51,23.49,10.75,,1.4
"2025-09-02 20:51:36",2096,1845,79214,0,,6.85,45,23.49,10.75,,1.4
"2025-09-02 20:51:37",2099,1848,79193,0,,7.75,44.1,23.47,10.75,,1.5
"2025-09-02 20:51:38",2101,1850,79172,-36.639743,-71.895575,7.3,51.7,23.62,10.8,,1.4
"2025-09-02 20:51:39",2102,1851,79162,0,,6.9,48.7,23.62,10.8,,1.3
"2025-09-02 20:51:40",2103,1852,79153,0,,7.8,49.7,23.6,10.8,,1.3
"2025-09-02 20:51:41",2104,1853,79144,-36.639617,-71.895387,6.55,49.7,23.58,10.8,41.75,1.3
"2025-09-02 20:51:42",2106,1855,79132,0,,7.1,51.8,23.54,10.8,,1.3
"2025-09-02 20:51:43",2107,1856,79120,0,,7.55,54,23.5,10.8,,1.3
"2025-09-02 20:51:44",2108,1857,79108,-36.639493,-71.895197,7.15,43.4,23.46,10.8,,1.3
"2025-09-02 20:51:45",2109,1858,79103,0,,7.15,43.4,23.47,10.85,,1.2
"2025-09-02 20:51:46",2109,1858,79098,0,,6.4,51.9,23.49,10.85,,1.2
"2025-09-02 20:51:47",2110,1859,79094,-36.639363,-71.895027,7.45,45.6,23.48,10.85,,1.2
"2025-09-02 20:51:48",2112,1861,79073,0,,7.4,50.9,23.43,10.9,,1.4
"2025-09-02 20:51:49",2114,1863,79053,0,,6.45,45.5,23.42,10.9,,1.4
"2025-09-02 20:51:50",2116,1865,79034,-36.639233,-71.894852,7.85,48.9,23.5,10.9,,1.4
"2025-09-02 20:51:51",2118,1867,79021,0,,8.15,44.4,23.58,10.9,,1.3
"2025-09-02 20:51:52",2119,1868,79009,0,,7.3,40.6,23.51,10.9,,1.3
"2025-09-02 20:51:53",2120,1869,78998,-36.639093,-71.894673,7,52,23.47,10.9,,1.3
"2025-09-02 20:51:54",2120,1869,78998,0,,6.95,52.3,23.44,10.85,,1.2
"2025-09-02 20:51:55",2120,1869,78998,0,,7.75,47.4,23.42,10.85,,1.1
"2025-09-02 20:51:56",2120,1869,78998,-36.638967,-71.89449,6.8,47.4,23.35,10.85,,1
"2025-09-02 20:51:57",2121,1870,78993,0,,6.6,41.3,23.33,10.85,,1
"2025-09-02 20:51:58",2121,1870,78988,0,,7.95,48.3,23.25,10.95,,1
"2025-09-02 20:51:59",2122,1871,78984,-36.638822,-71.894307,7.1,45.5,23.25,10.95,,1
"2025-09-02 20:52:00",2125,1874,78957,0,,6.85,44,23.23,10.95,,1.2
"2025-09-02 20:52:01",2128,1877,78929,0,,6.75,52.4,23.31,10.95,,1.2
"2025-09-02 20:52:02",2131,1880,78902,-36.638687,-71.894138,7.7,36.2,23.31,10.95,,1.3
"2025-09-02 20:52:03",2133,1882,78887,0,,8.15,43.8,23.34,10.95,,1.2
"2025-09-02 20:52:04",2134,1883,78872,0,,6.3,46.3,23.45,10.9,,1.3
"2025-09-02 20:52:05",2136,1885,78858,-36.638537,-71.893968,8.5,41.9,23.45,10.9,,1.3
"2025-09-02 20:52:06",2136,1885,78861,0,,8.7,52.1,23.42,10.85,,1.2
"2025-09-02 20:52:07",2135,1884,78864,0,,6.75,39.2,23.36,10.85,,1.1
"2025-09-02 20:52:08",2135,1884,78868,-36.638388,-71.893783,8.35,49.3,23.33,10.8,41.75,1.1
"2025-09-02 20:52:10",2139,1888,78833,0,,7.7,36.4,23.29,10.75,,1.4
"2025-09-02 20:52:11",2141,1890,78816,-36.638247,-71.893617,6.95,50.2,23.24,10.8,,1.5
"2025-09-02 20:52:12",2143,1892,78796,0,,7.2,49.3,23.24,10.85,,1.5
"2025-09-02 20:52:13",2145,1894,78778,0,,8.3,44.7,23.23,10.85,,1.4
"2025-09-02 20:52:14",2147,1896,78760,-36.638112,-71.893442,6,46.3,23.43,10.85,,1.3
"2025-09-02 20:52:15",2148,1897,78749,0,,6.05,46.4,23.42,10.85,,1.3
"2025-09-02 20:52:16",2149,1898,78738,0,,8.05,45.7,23.48,10.85,,1.2
"2025-09-02 20:52:17",2150,1899,78728,-36.637977,-71.893275,7,43.8,23.44,10.85,,1.2
"2025-09-02 20:52:18",2149,1898,78737,0,,7,44,23.38,10.85,,1.1
"2025-09-02 20:52:19",2148,1897,78746,0,,7.55,50.6,23.34,10.85,,1.1
"2025-09-02 20:52:20",2147,1896,78756,-36.637838,-71.893105,7.25,38.8,23.31,10.85,,1
"2025-09-02 20:52:21",2151,1900,78724,0,,7.65,41.6,23.23,10.85,,1.2
"2025-09-02 20:52:22",2154,1903,78693,0,,6.9,48.8,23.23,10.85,,1.3
"2025-09-02 20:52:23",2158,1907,78662,-36.637692,-71.892942,7.6,40.1,23.22,10.95,,1.4
"2025-09-02 20:52:25",2161,1910,78633,0,,6.4,43.8,23.31,10.95,,1.4
"2025-09-02 20:52:26",2162,1911,78620,-36.637548,-71.892782,8,45.1,23.33,10.95,,1.4
"2025-09-02 20:52:27",2163,1912,78617,0,,7.4,40.3,23.31,10.95,,1.2
"2025-09-02 20:52:28",2163,1912,78614,0,,7.9,39.9,23.24,10.95,,1.1
"2025-09-02 20:52:29",2163,1912,78612,-36.637392,-71.892608,7.75,49.1,23.17,10.95,,1.1
"2025-09-02 20:52:30",2164,1913,78607,0,,7.45,38.7,23.18,10.9,,1
"2025-09-02 20:52:31",2164,1913,78602,0,,7,52.5,23.1,10.95,,1.1
"2025-09-02 20:52:32",2165,1914,78598,-36.637255,-71.89244,7.35,40.8,23.05,10.95,,1.3
"2025-09-02 20:52:33",2167,1916,78573,0,,7.95,31.8,23.04,10.95,,1.4
"2025-09-02 20:52:34",2170,1919,78549,0,,6.15,50.6,23.04,11,,1.3
"2025-09-02 20:52:35",2173,1922,78526,-36.637115,-71.892292,7.75,39.7,23.03,11,41.5,1.3
"2025-09-02 20:52:36",2174,1923,78514,0,,9.05,36,23.03,11,,1.3
"2025-09-02 20:52:37",2175,1924,78503,0,,6.45,33.9,23.02,11,,1.2
"2025-09-02 20:52:38",2176,1925,78492,-36.636953,-71.89214,7.55,41.5,22.99,10.95,,1.2
"2025-09-02 20:52:39",2178,1927,78477,0,,6.9,54.4,23.09,11,,1.3
"2025-09-02 20:52:40",2180,1929,78463,0,,7.3,34.4,23.13,11,,1.4
"2025-09-02 20:52:41",2181,1930,78450,-36.636812,-71.891978,7.7,43.4,23.15,10.95,,1.5
"2025-09-02 20:52:42",2181,1930,78451,0,,7.55,40.4,23.13,10.95,,1.4
"2025-09-02 20:52:43",2181,1930,78453,0,,7.9,34,23.14,10.95,,1.3
"2025-09-02 20:52:44",2180,1929,78456,-36.636655,-71.891822,6.55,45.2,23.08,10.95,,1.3
"2025-09-02 20:52:45",2182,1931,78445,0,,6.15,42.3,23.03,10.9,,1.3
"2025-09-02 20:52:46",2183,1932,78435,0,,6.8,38.8,23,10.9,,1.2
"2025-09-02 20:52:47",2184,1933,78426,-36.636522,-71.891683,6,41.4,22.97,10.9,,1.1
"2025-09-02 20:52:48",2185,1934,78418,0,,5.95,35.8,22.99,10.95,,0.9
"2025-09-02 20:52:49",2185,1934,78411,0,,7.8,42.7,22.93,10.95,,0.9
"2025-09-02 20:52:50",2186,1935,78404,-36.636378,-71.891535,7.05,42.2,22.93,10.95,,0.8
"2025-09-02 20:52:51",2189,1938,78379,0,,7.25,32.8,22.93,10.95,,0.9
"2025-09-02 20:52:52",2192,1941,78354,0,,7.45,45.4,22.88,10.95,,1
"2025-09-02 20:52:53",2195,1944,78330,-36.636227,-71.891383,6.8,38.2,22.9,10.95,,1.1
"2025-09-02 20:52:54",2196,1945,78317,0,,6.25,31.6,22.91,10.95,,1.2
"2025-09-02 20:52:55",2197,1946,78304,0,,5.95,47.1,22.95,10.9,,1.4
"2025-09-02 20:52:56",2199,1948,78292,-36.636092,-71.891252,6.8,35.7,22.97,10.9,,1.5
"2025-09-02 20:52:57",2200,1949,78279,0,,6.95,36.8,22.98,10.85,,1.5
"2025-09-02 20:52:58",2202,1951,78266,0,,6.2,42.9,23.01,10.85,,1.6
"2025-09-02 20:52:59",2203,1952,78254,-36.635952,-71.891112,7.4,36.5,22.95,10.8,,1.6
"2025-09-02 20:53:00",2204,1953,78247,0,,7.15,39.5,22.95,10.8,,1.5
"2025-09-02 20:53:01",2204,1953,78240,0,,6.25,35.6,22.97,10.8,,1.5
"2025-09-02 20:53:02",2205,1954,78234,-36.635803,-71.890972,7.55,41.7,22.94,10.8,41.25,1.5
"2025-09-02 20:53:03",2207,1956,78215,0,,7.5,37.2,22.91,10.75,,1.6
"2025-09-02 20:53:04",2209,1958,78197,0,,6.95,33.3,22.91,10.75,,1.6
"2025-09-02 20:53:05",2211,1960,78180,-36.635652,-71.890825,7.1,44.8,22.9,10.75,,1.5
"2025-09-02 20:53:06",2211,1960,78182,0,,7,38.4,22.9,10.75,,1.3
"2025-09-02 20:53:07",2211,1960,78185,0,,6.95,37.2,22.87,10.75,,1.1
"2025-09-02 20:53:08",2210,1959,78188,-36.635502,-71.89068,6.35,43,22.8,10.75,,1
"2025-09-02 20:53:10",2215,1964,78148,0,,6.85,38.1,22.77,10.75,,1.1
"2025-09-02 20:53:11",2217,1966,78128,-36.635348,-71.890542,6.05,34.8,22.77,10.75,,1.2
"2025-09-02 20:53:12",2219,1968,78114,0,,7.1,37.4,22.88,10.75,,1.2
"2025-09-02 20:53:13",2220,1969,78101,0,,6.85,35.5,22.9,10.75,,1.3
"2025-09-02 20:53:14",2222,1971,78088,-36.635195,-71.890412,7.15,29.9,22.9,10.75,,1.4
"2025-09-02 20:53:15",2223,1972,78076,0,,6.9,39.5,23,10.75,,1.4
"2025-09-02 20:53:16",2224,1973,78064,0,,6.55,35.3,22.98,10.75,,1.3
"2025-09-02 20:53:17",2226,1975,78052,-36.635045,-71.89028,7.05,35.1,22.93,10.75,,1.3
"2025-09-02 20:53:18",2227,1976,78037,0,,6.35,36.2,22.95,10.75,,1.3
"2025-09-02 20:53:19",2229,1978,78023,0,,7.05,33.8,22.9,10.7,,1.5
"2025-09-02 20:53:20",2230,1979,78010,-36.634893,-71.890147,7.15,36.2,22.9,10.7,,1.7
"2025-09-02 20:53:21",2231,1980,78002,0,,6.75,31.9,22.9,10.7,,1.6
"2025-09-02 20:53:22",2232,1981,77994,0,,7.4,43.2,22.9,10.7,,1.6
"2025-09-02 20:53:23",2233,1982,77986,-36.634747,-71.890005,6.2,32.9,22.9,10.7,,1.4
"2025-09-02 20:53:25",2234,1983,77979,0,,6.25,26.3,22.94,10.7,,1.2
"2025-09-02 20:53:26",2234,1983,77976,-36.634607,-71.889885,6.3,29.5,22.98,10.7,,1.1
"2025-09-02 20:53:27",2236,1985,77958,0,,6.85,28.4,22.93,10.7,,1.1
"2025-09-02 20:53:28",2238,1987,77941,0,,5.7,45.6,22.89,10.7,,1.2
"2025-09-02 20:53:29",2240,1989,77924,-36.634467,-71.889765,6.85,27.5,22.83,10.7,41,1.2
"2025-09-02 20:53:30",2241,1990,77912,0,,7.7,33.9,22.78,10.7,,1.2
"2025-09-02 20:53:31",2242,1991,77901,0,,5.6,33.6,22.9,10.7,,1.2
"2025-09-02 20:53:32",2244,1993,77890,-36.634315,-71.889645,7.1,29.4,22.87,10.7,,1.2
"2025-09-02 20:53:33",2246,1995,77872,0,,7.1,42.5,22.79,10.65,,1.2
"2025-09-02 20:53:34",2247,1996,77856,0,,6,28.6,22.77,10.65,,1.3
"2025-09-02 20:53:35",2249,1998,77840,-36.634167,-71.889512,7.35,40.7,22.75,10.7,,1.4
"2025-09-02 20:53:37",2251,2000,77822,0,,7.1,27.4,22.9,10.75,,1.3
"2025-09-02 20:53:38",2252,2001,77814,-36.634012,-71.889385,6.25,40.7,22.84,10.7,,1.4
"2025-09-02 20:53:40",2256,2005,77780,0,,7.35,32.6,22.72,10.65,,1.5
"2025-09-02 20:53:41",2258,2007,77764,-36.633855,-71.88926,6.15,37.3,22.67,10.7,,1.5
"2025-09-02 20:53:43",2260,2009,77745,0,,6.6,41.2,22.71,10.7,,1.5
"2025-09-02 20:53:44",2261,2010,77736,-36.633723,-71.889128,6.75,36.9,22.74,10.7,,1.4
"2025-09-02 20:53:46",2263,2012,77713,0,,6.35,39.7,22.6,10.7,,1.4
"2025-09-02 20:53:47",2265,2014,77702,-36.633582,-71.888997,5.95,37.5,22.54,10.7,,1.3
"2025-09-02 20:53:49",2265,2014,77695,0,,6.25,34,22.43,10.75,,1.2
"2025-09-02 20:53:50",2266,2015,77692,-36.633443,-71.888877,6.15,28.6,22.4,10.75,,1.1
"2025-09-02 20:53:55",2275,2024,77610,0,,6.45,28.1,22.51,10.7,,1.3
"2025-09-02 20:53:56",2277,2026,77594,-36.633153,-71.888658,6.65,33.8,22.58,10.7,41,1.3
"2025-09-02 20:53:57",2278,2027,77580,0,,6.1,34,22.55,10.7,,1.3
"2025-09-02 20:53:58",2280,2029,77567,0,,6.95,36.3,22.49,10.7,,1.4
"2025-09-02 20:53:59",2281,2030,77554,-36.633005,-71.888527,6.85,35.3,22.45,10.65,,1.4
"2025-09-02 20:54:00",2282,2031,77544,0,,6.35,28.7,22.41,10.65,,1.4
"2025-09-02 20:54:01",2283,2032,77534,0,,6.35,41.4,22.33,10.65,,1.3
"2025-09-02 20:54:02",2285,2034,77524,-36.632867,-71.888402,6.6,34.7,22.35,10.7,,1.5
"2025-09-02 20:54:03",2285,2034,77522,0,,6.25,29,22.31,10.7,,1.5
"2025-09-02 20:54:04",2285,2034,77521,0,,5.7,38.8,22.32,10.7,,1.4
"2025-09-02 20:54:05",2285,2034,77520,-36.632727,-71.888288,6.9,32,22.28,10.7,,1.3
"2025-09-02 20:54:06",2288,2037,77495,0,,7.1,32.6,22.31,10.65,,1.4
"2025-09-02 20:54:07",2290,2039,77471,0,,6,28,22.29,10.65,,1.5
"2025-09-02 20:54:08",2293,2042,77448,-36.632578,-71.888175,6.3,40.1,22.25,10.7,,1.4
"2025-09-02 20:54:09",2294,2043,77436,0,,6.3,33.3,22.31,10.7,,1.4
"2025-09-02 20:54:10",2296,2045,77424,0,,7.25,26.9,22.27,10.7,,1.4
"2025-09-02 20:54:11",2297,2046,77412,-36.632422,-71.888058,5.95,37.5,22.24,10.65,,1.3
"2025-09-02 20:54:12",2298,2047,77401,0,,5.8,33.9,22.26,10.55,,1.3
"2025-09-02 20:54:13",2299,2048,77391,0,,7.55,34.3,22.23,10.55,,1.3
"2025-09-02 20:54:14",2301,2050,77382,-36.632273,-71.887937,5.35,30.7,22.27,10.5,,1.3
"2025-09-02 20:54:15",2301,2050,77376,0,,5.65,22.9,22.24,10.45,,1.4
"2025-09-02 20:54:16",2302,2051,77370,0,,6.4,39.2,22.26,10.4,,1.4
"2025-09-02 20:54:17",2303,2052,77364,-36.632135,-71.88784,6.3,22.1,22.3,10.35,,1.5
"2025-09-02 20:54:18",2303,2052,77363,0,,6.7,25.9,22.25,10.3,,1.4
"2025-09-02 20:54:19",2303,2052,77362,0,,5.2,33.6,22.27,10.2,,1.2
"2025-09-02 20:54:20",2303,2052,77362,-36.63199,-71.887743,6.9,27.9,22.25,10.1,,1
"2025-09-02 20:54:21",2306,2055,77337,0,,7.35,33.5,22.23,10,,0.9
"2025-09-02 20:54:22",2308,2057,77312,0,,5.6,23.6,22.26,9.95,,1
"2025-09-02 20:54:23",2311,2060,77288,-36.631843,-71.887637,6.55,36.1,22.2,9.85,40.5,1.2
"2025-09-02 20:54:27",2317,2066,77234,0,,5.5,37.3,22.3,9.8,,1.3
"2025-09-02 20:54:28",2319,2068,77221,0,,6.8,30.9,22.26,9.7,,1.4
"2025-09-02 20:54:29",2320,2069,77208,-36.631575,-71.887402,5.15,39.2,22.28,9.7,,1.5
"2025-09-02 20:54:30",2321,2070,77197,0,,5.1,34.7,22.24,9.7,,1.4
"2025-09-02 20:54:31",2323,2072,77186,0,,6.2,38.3,22.2,9.7,,1.5
"2025-09-02 20:54:32",2324,2073,77176,-36.631455,-71.887297,4.8,24.8,22.25,9.7,,1.6
"2025-09-02 20:54:33",2324,2073,77171,0,,5.35,30.2,22.2,9.7,,1.5
"2025-09-02 20:54:34",2325,2074,77167,0,,5.2,41.6,22.23,9.8,,1.4
"2025-09-02 20:54:35",2325,2074,77164,-36.631335,-71.887203,5.95,23,22.23,9.8,,1.2
"2025-09-02 20:54:36",2325,2074,77162,0,,6.3,35.9,22.18,9.8,,1.1
"2025-09-02 20:54:37",2325,2074,77161,0,,4.6,29.5,22.23,9.8,,1
"2025-09-02 20:54:38",2326,2075,77160,-36.631207,-71.887108,6.45,30.4,22.18,9.8,,1
"2025-09-02 20:54:40",2332,2081,77104,0,,5.75,29.2,22.18,9.8,,1.1
"2025-09-02 20:54:41",2335,2084,77076,-36.63107,-71.886992,6.35,38.4,22.14,9.8,,1.3
"2025-09-02 20:54:42",2337,2086,77059,0,,4.25,38.6,22.17,9.85,,1.3
"2025-09-02 20:54:43",2339,2088,77043,0,,6.05,35,22.14,9.85,,1.3
"2025-09-02 20:54:44",2340,2089,77028,-36.630952,-71.88688,5.7,39.9,22.14,9.85,,1.4
"2025-09-02 20:54:45",2342,2091,77016,0,,6,25.4,22.17,9.9,,1.4
"2025-09-02 20:54:46",2343,2092,77005,0,,5.45,41.3,22.12,9.9,,1.4
"2025-09-02 20:54:47",2344,2093,76994,-36.63083,-71.886775,5.15,36.5,22.15,9.9,,1.5
"2025-09-02 20:54:48",2344,2093,76992,0,,5.85,27,22.12,9.9,,1.5
"2025-09-02 20:54:49",2345,2094,76991,0,,4.85,41.1,22.11,9.9,,1.5
"2025-09-02 20:54:50",2345,2094,76990,-36.630717,-71.886675,5.25,33.8,22.1,9.9,40,1.5
"2025-09-02 20:54:51",2345,2094,76985,0,,5.75,33.7,22.05,9.9,,1.5
"2025-09-02 20:54:52",2346,2095,76981,0,,4.95,26.6,22.12,9.9,,1.1
"2025-09-02 20:54:53",2346,2095,76978,-36.630595,-71.88658,5.55,36,22.06,9.9,,0.9
"2025-09-02 20:54:55",2349,2098,76953,0,,5.8,22.9,22.1,9.85,,0.9
"2025-09-02 20:54:56",2350,2099,76942,-36.630467,-71.886472,5.2,39.5,22.04,9.85,,0.9
"2025-09-02 20:54:57",2354,2103,76911,0,,4.35,51.2,22.02,9.8,,1
"2025-09-02 20:54:58",2357,2106,76881,0,,6.7,33.4,22,9.8,,1.2
"2025-09-02 20:54:59",2360,2109,76852,-36.630345,-71.886355,4.9,36.8,21.96,9.75,,1.3
"2025-09-02 20:55:00",2362,2111,76840,0,,4.45,35.3,21.95,9.75,,1.3
"2025-09-02 20:55:01",2363,2112,76827,0,,6.6,40.8,21.93,9.7,,1.4
"2025-09-02 20:55:02",2365,2114,76814,-36.63022,-71.886243,4.9,26.9,21.96,9.7,,1.5
"2025-09-02 20:55:03",2365,2114,76807,0,,4.8,27.7,21.94,9.7,,1.6
"2025-09-02 20:55:04",2366,2115,76800,0,,5.1,46.2,21.96,9.65,,1.6
"2025-09-02 20:55:05",2367,2116,76794,-36.630102,-71.886147,5.95,29.1,21.96,9.65,,1.6
"2025-09-02 20:55:06",2367,2116,76792,0,,5.7,38.4,21.93,9.65,,1.6
"2025-09-02 20:55:07",2367,2116,76791,0,,4.35,38.2,21.95,9.65,,1.5
"2025-09-02 20:55:08",2367,2116,76790,-36.629982,-71.886043,6.45,34.3,21.93,9.65,,1.4
"2025-09-02 20:55:09",2369,2118,76771,0,,6.2,28.7,21.88,9.7,,1.5
"2025-09-02 20:55:10",2371,2120,76753,0,,4.9,28.2,21.9,9.75,,1.4
"2025-09-02 20:55:11",2373,2122,76736,-36.629852,-71.885937,6.2,45.6,21.86,9.8,,1.3
"2025-09-02 20:55:12",2377,2126,76708,0,,6.05,35.5,21.89,9.85,,1.2
"2025-09-02 20:55:13",2380,2129,76680,0,,4.95,29.1,21.89,9.85,,1.4
"2025-09-02 20:55:14",2383,2132,76652,-36.629738,-71.885825,4.95,52.6,21.88,9.9,,1.5
"2025-09-02 20:55:15",2384,2133,76642,0,,4.85,31.7,21.93,9.85,,1.5
"2025-09-02 20:55:16",2385,2134,76632,0,,5.55,34.5,21.87,9.9,,1.5
"2025-09-02 20:55:17",2386,2135,76622,-36.629632,-71.885727,4,36.5,21.89,9.9,39.5,1.6
"2025-09-02 20:55:18",2388,2137,76609,0,,5.05,30.1,21.86,9.9,,1.6
"2025-09-02 20:55:19",2389,2138,76596,0,,5.3,46,21.82,9.9,,1.7
"2025-09-02 20:55:20",2391,2140,76584,-36.629527,-71.885633,4.05,28.2,21.89,9.9,,1.8
"2025-09-02 20:55:21",2392,2141,76572,0,,4.8,28,21.84,9.9,,1.9
"2025-09-02 20:55:22",2393,2142,76561,0,,4.55,48.3,21.86,9.9,,1.8
"2025-09-02 20:55:23",2395,2144,76550,-36.629425,-71.885552,5.1,22.6,21.9,9.9,,1.8
"2025-09-02 20:55:25",2393,2142,76560,0,,3.65,40.6,21.88,9.9,,1.3
"2025-09-02 20:55:26",2393,2142,76566,-36.629328,-71.885462,5.6,34.5,21.83,9.85,,1
"2025-09-02 20:55:27",2395,2144,76541,0,,5.3,51.7,21.82,9.85,,0.9
"2025-09-02 20:55:28",2398,2147,76517,0,,4.4,25.1,21.84,9.85,,1.1
"2025-09-02 20:55:29",2401,2150,76494,-36.629228,-71.885355,5.3,48.9,21.8,9.85,,1.2
"2025-09-02 20:55:30",2404,2153,76470,0,,4.5,57.1,21.88,9.85,,1.3
"2025-09-02 20:55:31",2406,2155,76447,0,,5.05,28.5,21.83,9.85,,1.4
"2025-09-02 20:55:32",2409,2158,76424,-36.629137,-71.885247,4.3,52.5,21.79,9.8,,1.5
"2025-09-02 20:55:33",2410,2159,76413,0,,4,39.6,21.79,9.75,,1.5
"2025-09-02 20:55:34",2411,2160,76402,0,,5.4,38.4,21.75,9.7,,1.5
"2025-09-02 20:55:35",2412,2161,76392,-36.62904,-71.885148,3.6,37.9,21.73,9.65,,1.5
"2025-09-02 20:55:36",2414,2163,76379,0,,3.8,39.8,21.7,9.6,,1.5
"2025-09-02 20:55:37",2415,2164,76367,0,,4.9,49.2,21.69,9.6,,1.8
"2025-09-02 20:55:38",2417,2166,76356,-36.628953,-71.885055,3.75,25.6,21.75,9.6,,2
"2025-09-02 20:55:40",2419,2168,76333,0,,4.35,52.1,21.74,9.6,,1.7
"2025-09-02 20:55:41",2420,2169,76322,-36.62886,-71.88497,4.15,25.3,21.74,9.55,,1.6
"2025-09-02 20:55:42",2422,2171,76307,0,,5.75,41.4,21.68,9.55,,1.6
"2025-09-02 20:55:43",2424,2173,76292,0,,4,47.4,21.7,9.55,,1.6
"2025-09-02 20:55:44",2425,2174,76278,-36.628758,-71.884865,5.2,37,21.66,9.5,39,1.5
"2025-09-02 20:55:45",2426,2175,76270,0,,4.85,44.1,21.61,9.5,,1.3
"2025-09-02 20:55:46",2427,2176,76263,0,,4.2,38,21.61,9.45,,1.3
"2025-09-02 20:55:47",2428,2177,76256,-36.628665,-71.884757,5.45,50.7,21.59,9.45,,1.3
"2025-09-02 20:55:48",2430,2179,76234,0,,4.25,44.2,21.66,9.4,,1.4
"2025-09-02 20:55:49",2433,2182,76212,0,,4.5,34.8,21.62,9.4,,1.5
"2025-09-02 20:55:50",2435,2184,76190,-36.628582,-71.88465,4.55,59.6,21.62,9.4,,1.6
"2025-09-02 20:55:51",2437,2186,76179,0,,4.1,47.6,21.67,9.4,,1.5
"2025-09-02 20:55:52",2438,2187,76168,0,,4.9,46.4,21.62,9.4,,1.5
"2025-09-02 20:55:53",2439,2188,76158,-36.628512,-71.884538,3.4,58,21.66,9.4,,1.5
"2025-09-02 20:55:54",2441,2190,76145,0,,4.05,37.5,21.61,9.4,,1.5
"2025-09-02 20:55:55",2442,2191,76132,0,,4.45,52.3,21.57,9.35,,1.5
"2025-09-02 20:55:56",2443,2192,76120,-36.62844,-71.884447,3.1,38.7,21.6,9.35,,1.5
"2025-09-02 20:56:10",2465,2214,75927,0,,4.65,49,21.34,9.4,,1.6
"2025-09-02 20:56:11",2467,2216,75914,-36.62806,-71.883925,4.65,57,21.54,9.4,39,1.6
"2025-09-02 20:56:13",2470,2219,75888,0,,4.25,54.9,21.56,9.4,,1.6
"2025-09-02 20:56:14",2471,2220,75876,-36.627997,-71.883813,4,57.1,21.61,9.4,,1.5
"2025-09-02 20:56:16",2474,2223,75854,0,,3.8,56.2,21.57,9.4,,1.5
"2025-09-02 20:56:17",2475,2224,75844,-36.627937,-71.883715,3.4,50.3,21.53,9.35,,1.5
"2025-09-02 20:56:19",2475,2224,75846,0,,3.3,49.1,21.51,9.35,,1.4
"2025-09-02 20:56:20",2474,2223,75848,-36.627877,-71.883618,3.8,51.2,21.44,9.35,,1.3
"2025-09-02 20:56:22",2481,2230,75787,0,,3.6,42.4,21.38,9.4,,1.5
"2025-09-02 20:56:23",2485,2234,75758,-36.627807,-71.883513,4.25,47.6,21.4,9.4,,1.5
"2025-09-02 20:56:27",2491,2240,75707,0,,3.95,48.2,21.43,9.4,,1.5
"2025-09-02 20:56:28",2492,2241,75694,0,,4.95,55.7,21.37,9.4,,1.5
"2025-09-02 20:56:29",2493,2242,75682,-36.627672,-71.883278,3.9,62.3,21.42,9.4,,1.5
"2025-09-02 20:56:30",2493,2242,75683,0,,3.6,54.4,21.36,9.4,,1.4
"2025-09-02 20:56:31",2493,2242,75684,0,,4.3,69.4,21.32,9.4,,1.3
"2025-09-02 20:56:32",2493,2242,75686,-36.627622,-71.883158,3.75,56.9,21.29,9.4,,1.4
"2025-09-02 20:56:33",2494,2243,75678,0,,5.3,55.4,21.26,9.4,,1.5
"2025-09-02 20:56:34",2495,2244,75671,0,,3.45,66.3,21.35,9.45,,1.4
"2025-09-02 20:56:35",2496,2245,75664,-36.627567,-71.883047,3.45,56.2,21.29,9.45,,1.1
"2025-09-02 20:56:36",2499,2248,75631,0,,5,64.9,21.24,9.45,,1.1
"2025-09-02 20:56:37",2503,2252,75599,0,,3.5,62.9,21.21,9.45,,1.3
"2025-09-02 20:56:38",2507,2256,75568,-36.627517,-71.882935,3.75,54.1,21.19,9.45,39.25,1.5
"2025-09-02 20:56:39",2508,2257,75552,0,,4.65,64.9,21.24,9.45,,1.5
"2025-09-02 20:56:40",2510,2259,75536,0,,3.8,56,21.22,9.45,,1.5
"2025-09-02 20:56:41",2512,2261,75520,-36.627457,-71.882812,5.1,58.1,21.2,9.45,,1.5
"2025-09-02 20:56:42",2512,2261,75520,0,,4.65,68.6,21.28,9.45,,1.4
"2025-09-02 20:56:43",2512,2261,75520,0,,4.1,50.9,21.26,9.45,,1.4
"2025-09-02 20:56:44",2512,2261,75520,-36.627403,-71.882685,4.1,72,21.22,9.45,,1.5
"2025-09-02 20:56:45",2515,2264,75495,0,,,,21.21,9.45,,1.7
"2025-09-02 20:56:46",2518,2267,75470,0,,,,21.19,9.45,,1.8
"2025-09-02 20:56:47",2521,2270,75446,0,,,,21.21,9.45,,2
"2025-09-02 20:56:48",2522,2271,75434,0,,3.45,65.9,21.2,9.45,,2
"2025-09-02 20:56:49",2523,2272,75423,0,,4.8,74.5,21.17,9.45,,1.8
"2025-09-02 20:56:50",2524,2273,75412,-36.62732,-71.882438,3.25,52,21.14,9.45,,1.7
"2025-09-02 20:56:51",2526,2275,75397,0,,4.6,65.8,21.1,9.4,,1.5
"2025-09-02 20:56:52",2528,2277,75382,0,,4.4,78.8,21.07,9.4,,1.5
"2025-09-02 20:56:53",2529,2278,75368,-36.62728,-71.882308,4.15,64.8,21.03,9.4,,1.5
"2025-09-02 20:56:54",2531,2280,75353,0,,3.85,62.5,21.1,9.4,,1.6
"2025-09-02 20:56:55",2533,2282,75338,0,,3.3,73,21.15,9.4,,1.7
"2025-09-02 20:56:56",2534,2283,75324,-36.62724,-71.882192,4.25,70.3,21.12,9.4,,1.9
"2025-09-02 20:56:57",2536,2285,75311,0,,4.5,73.7,21.08,9.4,,1.8
"2025-09-02 20:56:58",2537,2286,75298,0,,3.5,58.2,21.07,9.4,,1.6
"2025-09-02 20:56:59",2539,2288,75286,-36.627195,-71.882065,4.4,67.9,21.05,9.4,,1.5
"2025-09-02 20:57:00",2540,2289,75275,0,,4.4,78.1,21,9.4,,1.5
"2025-09-02 20:57:01",2541,2290,75264,0,,3.9,64.6,20.98,9.4,,1.5
"2025-09-02 20:57:02",2543,2292,75254,-36.627157,-71.881928,4.55,73.6,20.96,9.4,,1.5
"2025-09-02 20:57:03",2544,2293,75237,0,,4.35,74.8,20.94,9.4,,1.5
"2025-09-02 20:57:04",2547,2296,75219,0,,4.65,60,20.92,9.4,,1.6
"2025-09-02 20:57:05",2549,2298,75202,-36.627108,-71.881787,4.25,76.9,21.05,9.4,39,1.6
"2025-09-02 20:57:06",2550,2299,75191,0,,3.8,67.2,21.02,9.45,,1.6
"2025-09-02 20:57:07",2551,2300,75180,0,,3.8,67.2,20.97,9.4,,1.5
"2025-09-02 20:57:08",2552,2301,75170,-36.627075,-71.881645,3.4,68,20.98,9.4,,1.5
"2025-09-02 20:57:11",2557,2306,75130,-36.627043,-71.881518,3.35,63.2,20.93,9.45,,1.5
"2025-09-02 20:57:12",2559,2308,75115,0,,7,73.8,20.91,9.45,,1.5
"2025-09-02 20:57:13",2560,2309,75100,0,,3.65,73.3,20.88,9.45,,1.6
"2025-09-02 20:57:14",2562,2311,75086,-36.627005,-71.881373,4.25,63.8,20.86,9.45,,1.6
"2025-09-02 20:57:15",2562,2311,75084,0,,4.9,76.2,20.86,9.5,,1.5
"2025-09-02 20:57:16",2562,2311,75083,0,,4,66.4,20.81,9.5,,1.3
"2025-09-02 20:57:17",2562,2311,75082,-36.62696,-71.881228,5.7,72.1,20.81,9.5,,1.2
"2025-09-02 20:57:18",2565,2314,75056,0,,4.65,69.5,20.81,9.45,,1.3
"2025-09-02 20:57:19",2568,2317,75030,0,,4.65,67.3,20.79,9.5,,1.4
"2025-09-02 20:57:20",2571,2320,75004,-36.62692,-71.881073,5.2,85.7,20.81,9.5,,1.6
"2025-09-02 20:57:21",2572,2321,74998,0,,3.35,82.7,20.81,9.5,,1.5
"2025-09-02 20:57:22",2573,2322,74992,0,,5.2,74.9,20.81,9.5,,1.5
"2025-09-02 20:57:23",2573,2322,74986,-36.6269,-71.880928,4.2,86.3,20.81,9.5,,1.4
"2025-09-02 20:57:25",2578,2327,74948,0,,5.05,82.6,20.81,9.55,,1.5
"2025-09-02 20:57:26",2580,2329,74930,-36.626868,-71.880785,3.65,76,20.81,9.55,,1.5
"2025-09-02 20:57:27",2582,2331,74915,0,,4.1,70.9,20.81,9.55,,1.6
"2025-09-02 20:57:28",2583,2332,74901,0,,4.3,91.4,20.81,9.55,,1.7
"2025-09-02 20:57:29",2585,2334,74888,-36.626848,-71.880653,4,68.2,20.79,9.55,,1.9
"2025-09-02 20:57:30",2586,2335,74874,0,,5.25,82.4,20.79,9.55,,1.7
"2025-09-02 20:57:31",2588,2337,74860,0,,3.35,78.9,20.79,9.6,,1.6
"2025-09-02 20:57:32",2590,2339,74846,-36.626823,-71.88051,5.25,76,20.77,9.6,39,1.5
"2025-09-02 20:57:33",2591,2340,74831,0,,5.95,76.4,20.7,9.6,,1.6
"2025-09-02 20:57:34",2593,2342,74818,0,,4,61,20.66,9.6,,1.7
"2025-09-02 20:57:35",2594,2343,74806,-36.62678,-71.880343,5.5,82.7,20.63,9.65,,1.7
"2025-09-02 20:57:36",2596,2345,74793,0,,5.25,84.9,20.61,9.65,,1.7
"2025-09-02 20:57:37",2597,2346,74779,0,,5.2,65.9,20.61,9.65,,1.6
"2025-09-02 20:57:38",2599,2348,74766,-36.626748,-71.88017,5.2,88.3,20.61,9.7,,1.6
"2025-09-02 20:57:39",2600,2349,74752,0,,4,81,20.66,9.7,,1.6
"2025-09-02 20:57:40",2602,2351,74739,0,,5.3,79.7,20.63,9.7,,1.6
"2025-09-02 20:57:41",2604,2353,74726,-36.626735,-71.880007,5,95.7,20.66,9.75,,1.6
"2025-09-02 20:57:42",2605,2354,74715,0,,4.25,86.9,20.62,9.8,,1.5
"2025-09-02 20:57:43",2606,2355,74704,0,,5.2,76.8,20.57,9.8,,1.5
"2025-09-02 20:57:44",2607,2356,74694,-36.62672,-71.879847,4.9,90.4,20.55,9.85,,1.5
"2025-09-02 20:57:45",2609,2358,74679,0,,4.8,83.9,20.55,9.85,,1.5
"2025-09-02 20:57:46",2611,2360,74664,0,,5.75,77.5,20.55,9.9,,1.5
"2025-09-02 20:57:47",2612,2361,74650,-36.6267,-71.879677,4.65,90.5,20.56,9.9,,1.5
"2025-09-02 20:57:48",2614,2363,74637,0,,4.05,87.6,20.55,9.85,,1.5
"2025-09-02 20:57:49",2615,2364,74624,0,,5.8,83.9,20.57,9.9,,1.5
"2025-09-02 20:57:50",2617,2366,74612,-36.626692,-71.879515,4.45,85,20.61,9.9,,1.5
"2025-09-02 20:57:51",2618,2367,74598,0,,4.55,78.9,20.6,9.9,,1.5
"2025-09-02 20:57:52",2620,2369,74585,0,,5.45,87,20.54,9.9,,1.5
"2025-09-02 20:57:53",2621,2370,74572,-36.62668,-71.879355,4.15,86.3,20.51,9.9,,1.5
"2025-09-02 20:57:54",2623,2372,74558,0,,5.2,86.3,20.55,9.9,,1.5
"2025-09-02 20:57:55",2624,2373,74545,0,,5.2,88.7,20.56,9.9,,1.5
"2025-09-02 20:57:56",2626,2375,74532,-36.62667,-71.879193,4.4,77.1,20.54,9.9,,1.5
"2025-09-02 20:57:57",2628,2377,74517,0,,5,81.8,20.55,9.95,,1.6
"2025-09-02 20:57:58",2629,2378,74503,0,,4.8,73.4,20.5,9.95,,1.6
"2025-09-02 20:57:59",2631,2380,74490,-36.626645,-71.879037,5.35,82.1,20.49,9.95,38.75,1.5
"2025-09-02 20:58:00",2631,2380,74485,0,,4.85,93.2,20.55,9.95,,1.5
"2025-09-02 20:58:01",2632,2381,74480,0,,5.55,81.7,20.5,9.95,,1.4
"2025-09-02 20:58:02",2632,2381,74476,-36.62664,-71.878862,5.15,90.2,20.46,9.95,,1.3
"2025-09-02 20:58:03",2634,2383,74458,0,,4.1,71.9,20.44,9.95,,1.4
"2025-09-02 20:58:04",2636,2385,74441,0,,6.1,87.5,20.41,9.95,,1.4
"2025-09-02 20:58:05",2638,2387,74424,-36.626633,-71.878693,4.7,90.4,20.37,9.95,,1.4
"2025-09-02 20:58:06",2638,2387,74428,0,,4.15,88.8,20.33,9.95,,1.3
"2025-09-02 20:58:07",2637,2386,74433,0,,5.7,99.6,20.32,9.95,,1.1
"2025-09-02 20:58:08",2637,2386,74438,-36.626645,-71.87853,4.25,84.3,20.28,9.95,,0.9
"2025-09-02 20:58:10",2644,2393,74375,0,,4.2,100.3,20.27,9.95,,1.3
"2025-09-02 20:58:11",2648,2397,74344,-36.62665,-71.878385,4.2,84.1,20.27,9.95,,1.4
"2025-09-02 20:58:12",2649,2398,74334,0,,5.4,91.4,20.37,9.95,,1.5
"2025-09-02 20:58:13",2650,2399,74325,0,,3.95,84.1,20.39,9.95,,1.5
"2025-09-02 20:58:14",2651,2400,74316,-36.62664,-71.878228,5.2,81.8,20.34,9.95,,1.5
"2025-09-02 20:58:15",2653,2402,74299,0,,5.85,88.8,20.43,9.95,,1.5
"2025-09-02 20:58:16",2655,2404,74285,0,,4.8,78.3,20.43,9.95,,1.5
"2025-09-02 20:58:17",2656,2405,74272,-36.626632,-71.878053,5.9,90.6,20.39,9.9,,1.5
"2025-09-02 20:58:18",2658,2407,74259,0,,5.2,93.5,20.4,9.9,,1.5
"2025-09-02 20:58:19",2659,2408,74243,0,,5.45,80.4,20.38,9.9,,1.7
"2025-09-02 20:58:20",2661,2410,74228,-36.626635,-71.877882,5.05,99.8,20.37,9.9,,1.8
"2025-09-02 20:58:21",2663,2412,74215,0,,4.65,100.8,20.33,9.9,,2
"2025-09-02 20:58:22",2664,2413,74202,0,,6.4,88.6,20.28,9.85,,2
"2025-09-02 20:58:23",2666,2415,74190,-36.626645,-71.877707,4.25,96.5,20.27,9.85,,1.7
"2025-09-02 20:58:25",2668,2417,74172,0,,5.5,101.6,20.25,9.85,,1.5
"2025-09-02 20:58:26",2669,2418,74164,-36.62666,-71.87755,4.2,95.8,20.21,9.85,38.5,1.4
"2025-09-02 20:58:27",2669,2418,74162,0,,4.95,97.9,20.19,9.85,,1.4
"2025-09-02 20:58:28",2669,2418,74160,0,,4.6,100.8,20.14,9.85,,1.3
"2025-09-02 20:58:29",2669,2418,74158,-36.62667,-71.877397,4.4,80.8,20.16,9.85,,1.2
"2025-09-02 20:58:30",2671,2420,74144,0,,5.85,90.3,20.11,9.85,,1.1
"2025-09-02 20:58:31",2672,2421,74132,0,,4.2,94.3,20.07,9.9,,1.1
"2025-09-02 20:58:32",2674,2423,74120,-36.626663,-71.87723,5.65,86.8,20.06,9.85,,1
"2025-09-02 20:58:33",2675,2424,74106,0,,5.8,95.5,20.05,9.85,,1.1
"2025-09-02 20:58:34",2677,2426,74091,0,,4,81.8,20.07,9.85,,1.1
"2025-09-02 20:58:35",2679,2428,74076,-36.626665,-71.87706,5.9,94.4,20.06,9.85,,1.1
"2025-09-02 20:58:37",2685,2434,74027,0,,5.3,81.1,20.03,9.85,,1.4
"2025-09-02 20:58:38",2687,2436,74004,-36.626667,-71.87688,5.7,97.1,20.04,9.85,,1.5
"2025-09-02 20:58:40",2690,2439,73978,0,,4.75,85.8,20.01,9.85,,1.8
"2025-09-02 20:58:41",2692,2441,73966,-36.626672,-71.87671,5.9,94.4,20.08,9.85,,1.9
"2025-09-02 20:58:43",2694,2443,73944,0,,5.6,90.5,20.06,9.8,,1.8
"2025-09-02 20:58:44",2695,2444,73934,-36.626678,-71.876527,5.15,102.1,20.11,9.8,,1.8
"2025-09-02 20:58:46",2696,2445,73929,0,,4.85,99.5,20.05,9.8,,1.6
"2025-09-02 20:58:47",2696,2445,73928,-36.626688,-71.876352,4.7,94.4,20.02,9.8,,1.4
"2025-09-02 20:58:49",2700,2449,73891,0,,5.15,98.8,19.94,9.8,,1.3
"2025-09-02 20:58:50",2702,2451,73874,-36.626698,-71.876192,4.5,93.4,19.88,9.85,,1.3
"2025-09-02 20:58:52",2702,2451,73876,0,,4.8,99.5,19.99,9.85,,1
"2025-09-02 20:58:53",2702,2451,73878,-36.626712,-71.876027,4.8,93.2,19.97,9.8,38.25,0.9
"2025-09-02 20:58:55",2709,2458,73822,0,,4.5,92.1,19.9,9.75,,1.2
"2025-09-02 20:58:56",2712,2461,73794,-36.626713,-71.875847,5.7,93.8,19.96,9.7,,1.4
"2025-09-02 20:58:57",2713,2462,73781,0,,5.95,86.8,20.03,9.7,,1.4
"2025-09-02 20:58:58",2715,2464,73768,0,,4.75,89.1,19.99,9.65,,1.4
"2025-09-02 20:58:59",2716,2465,73756,-36.626718,-71.875665,5.65,98.2,19.99,9.6,,1.6
"2025-09-02 20:59:00",2718,2467,73745,0,,5.45,94.1,19.99,9.6,,1.6
"2025-09-02 20:59:01",2719,2468,73734,0,,6.1,90.6,19.96,9.55,,1.6
"2025-09-02 20:59:02",2720,2469,73724,-36.626732,-71.875482,4.5,108.3,20.02,9.55,,1.5
"2025-09-02 20:59:03",2720,2469,73727,0,,4.85,108.8,19.95,9.5,,1.3
"2025-09-02 20:59:04",2719,2468,73730,0,,6.45,100,19.89,9.5,,1.4
"2025-09-02 20:59:05",2719,2468,73734,-36.62676,-71.875303,4.95,94.4,19.81,9.45,,1.4
"2025-09-02 20:59:06",2721,2470,73713,0,,5.1,87.4,19.76,9.5,,1.5
"2025-09-02 20:59:07",2724,2473,73691,0,,5.85,101.8,19.68,9.45,,1.3
"2025-09-02 20:59:08",2726,2475,73670,-36.626768,-71.875128,4.45,85,19.68,9.45,,1.2
"2025-09-02 20:59:09",2728,2477,73656,0,,5.1,92.2,19.68,9.45,,1.2
"2025-09-02 20:59:10",2729,2478,73644,0,,5.95,101.5,19.69,9.45,,1.2
"2025-09-02 20:59:11",2731,2480,73632,-36.626785,-71.874953,4.45,97.5,19.7,9.45,,1.2
"2025-09-02 20:59:12",2732,2481,73618,0,,5.6,95.9,19.69,9.45,,1.2
"2025-09-02 20:59:13",2734,2483,73603,0,,5.85,102.3,19.69,9.45,,1.3
"2025-09-02 20:59:14",2736,2485,73588,-36.626798,-71.874768,5.15,84.2,19.69,9.45,,1.3
"2025-09-02 20:59:15",2736,2485,73585,0,,7,81.8,19.7,9.45,,1.3
"2025-09-02 20:59:16",2737,2486,73582,0,,5.2,96.5,19.76,9.45,,1.3
"2025-09-02 20:59:17",2737,2486,73580,-36.62679,-71.874573,5.1,86.1,19.75,9.45,,1.4
"2025-09-02 20:59:18",2737,2486,73576,0,,6,97,19.67,9.4,,1.3
"2025-09-02 20:59:19",2738,2487,73573,0,,5.25,93.6,19.61,9.4,,1.2
"2025-09-02 20:59:20",2738,2487,73570,-36.626802,-71.87439,5.45,86.4,19.59,9.4,38.25,1
"2025-09-02 20:59:21",2741,2490,73541,0,,7.1,105.7,19.58,9.4,,1.2
"2025-09-02 20:59:22",2745,2494,73512,0,,5.45,89,19.59,9.4,,1.3
"2025-09-02 20:59:23",2748,2497,73484,-36.626815,-71.87419,5.65,91.4,19.61,9.4,,1.5
"2025-09-02 20:59:25",2751,2500,73456,0,,5.85,83,19.65,9.4,,1.5
"2025-09-02 20:59:26",2753,2502,73442,-36.62682,-71.873993,6.1,93.7,19.68,9.35,,1.5
"2025-09-02 20:59:27",2754,2503,73435,0,,5.25,99.8,19.68,9.35,,1.5
"2025-09-02 20:59:28",2755,2504,73428,0,,6.6,84.8,19.68,9.35,,1.5
"2025-09-02 20:59:29",2755,2504,73422,-36.62683,-71.873795,5.7,99.1,19.64,9.3,,1.5
"2025-09-02 20:59:30",2756,2505,73414,0,,5.3,95.4,19.55,9.3,,1.5
"2025-09-02 20:59:31",2757,2506,73407,0,,6.4,90.8,19.51,9.3,,1.5
"2025-09-02 20:59:32",2758,2507,73400,-36.626848,-71.873598,6.05,97.9,19.47,9.3,,1.6
"2025-09-02 20:59:33",2758,2507,73402,0,,5.2,96.2,19.48,9.3,,1.4
"2025-09-02 20:59:34",2757,2506,73404,0,,6.4,99.8,19.43,9.3,,1.1
"2025-09-02 20:59:35",2757,2506,73406,-36.626875,-71.873405,6.1,98,19.39,9.3,,0.8
"2025-09-02 20:59:36",2760,2509,73379,0,,6.2,87.2,19.38,9.3,,0.9
"2025-09-02 20:59:37",2763,2512,73352,0,,5.75,102.5,19.4,9.3,,1.1
"2025-09-02 20:59:38",2767,2516,73326,-36.626897,-71.873215,5.3,99.8,19.38,9.25,,1.2
"2025-09-02 20:59:40",2769,2518,73304,0,,5.25,102.8,19.38,9.25,,1.2
"2025-09-02 20:59:41",2770,2519,73294,-36.626918,-71.873035,5.25,98.9,19.35,9.25,,1.2
"2025-09-02 20:59:42",2772,2521,73280,0,,6.4,94.6,19.38,9.3,,1.3
"2025-09-02 20:59:43",2773,2522,73268,0,,5.1,97.6,19.38,9.3,,1.4
"2025-09-02 20:59:44",2775,2524,73256,-36.626932,-71.872848,5.9,90.9,19.4,9.25,,1.4
"2025-09-02 20:59:45",2776,2525,73245,0,,6.05,98.9,19.54,9.25,,1.5
"2025-09-02 20:59:46",2777,2526,73234,0,,5.35,88.2,19.51,9.2,,1.7
"2025-09-02 20:59:47",2779,2528,73224,-36.626947,-71.872652,6.6,103.6,19.52,9.2,38,1.8
"2025-09-02 20:59:48",2779,2528,73220,0,,5.35,102,19.5,9.15,,1.6
"2025-09-02 20:59:49",2779,2528,73217,0,,6.75,91.1,19.44,9.15,,1.3
"2025-09-02 20:59:50",2780,2529,73214,-36.626968,-71.872448,6,103.6,19.4,9.1,,1.1
"2025-09-02 20:59:51",2780,2529,73215,0,,4.7,95.4,19.38,9.1,,1
"2025-09-02 20:59:52",2780,2529,73216,0,,6.4,97,19.33,9.1,,0.9
"2025-09-02 20:59:53",2779,2528,73218,-36.626988,-71.872263,5.05,105,19.32,9.1,,0.7
"2025-09-02 20:59:54",2782,2531,73191,0,,5.1,100.4,19.3,9.15,,0.9
"2025-09-02 20:59:55",2785,2534,73165,0,,6.3,101.8,19.28,9.15,,1
"2025-09-02 20:59:56",2789,2538,73140,-36.627012,-71.872082,4.7,91.8,19.27,9.15,,1.2
"2025-09-02 20:59:57",2790,2539,73129,0,,5.75,95.5,19.28,9.15,,1.1
"2025-09-02 20:59:58",2791,2540,73118,0,,6.15,104,19.28,9.15,,1.2
"2025-09-02 20:59:59",2792,2541,73108,-36.627033,-71.871888,5.35,97.3,19.24,9.1,,1.2
"2025-09-02 21:00:00",2794,2543,73096,0,,6.4,90,19.36,9.05,,1.2
"2025-09-02 21:00:01",2795,2544,73085,0,,5.35,100.1,19.39,9.05,,1.3
"2025-09-02 21:00:02",2796,2545,73074,-36.62704,-71.871693,5.3,96,19.33,9,,1.4
"2025-09-02 21:00:03",2797,2546,73063,0,,6.2,95.9,19.33,9,,1.5
"2025-09-02 21:00:04",2799,2548,73053,0,,4.9,95,19.3,8.95,,1.6
"2025-09-02 21:00:05",2800,2549,73044,-36.627052,-71.871502,6,94.2,19.25,9,,1.7
"2025-09-02 21:00:06",2801,2550,73033,0,,6.35,95.8,19.25,9,,1.7
"2025-09-02 21:00:07",2802,2551,73022,0,,5.7,89.6,19.21,9,,1.5
"2025-09-02 21:00:08",2804,2553,73012,-36.627058,-71.871295,6.6,95,19.22,9,,1.4
"2025-09-02 21:00:09",2803,2552,73017,0,,5.65,90.4,19.22,9,,1.1
"2025-09-02 21:00:10",2802,2551,73022,0,,6.05,87.7,19.17,8.95,,0.9
"2025-09-02 21:00:11",2802,2551,73028,-36.627063,-71.871088,6.2,99.9,19.17,8.95,,0.8
"2025-09-02 21:00:12",2802,2551,73023,0,,5.85,98.7,19.15,8.95,,0.8
"2025-09-02 21:00:13",2803,2552,73018,0,,6.9,101.5,19.1,8.95,,0.7
"2025-09-02 21:00:14",2803,2552,73014,-36.62709,-71.870883,5.15,95,19.09,8.95,37.5,0.6
"2025-09-02 21:00:15",2805,2554,72997,0,,6.35,95.1,19.08,9,,0.6
"2025-09-02 21:00:16",2807,2556,72981,0,,5.3,100.9,19.06,9,,0.7
"2025-09-02 21:00:17",2809,2558,72966,-36.627107,-71.870695,5.45,91.9,19.09,9.05,,0.8
"2025-09-02 21:00:18",2811,2560,72945,0,,7.45,106.7,19.1,9.05,,0.9
"2025-09-02 21:00:19",2814,2563,72923,0,,5.3,91.1,19.09,9.05,,1
"2025-09-02 21:00:20",2817,2566,72902,-36.627122,-71.870487,6.5,89.7,19.12,9.05,,1.1
"2025-09-02 21:00:21",2818,2567,72890,0,,6.1,99.9,19.2,9.1,,1.2
"2025-09-02 21:00:22",2819,2568,72882,0,,5.85,90,19.17,9.1,,1.3
"2025-09-02 21:00:23",2820,2569,72874,-36.627128,-71.870272,7.3,97.4,19.18,9.1,,1.5
"2025-09-02 21:00:42",2689,2438,73986,0,,6,81.1,19.09,9.85,,-7
"2025-09-02 21:00:43",2682,2431,74046,0,,5.85,82.6,19.13,9.9,,-7
"2025-09-02 21:00:44",2675,2424,74106,-36.627128,-71.868825,5.35,90.8,19.19,9.95,,-7
"2025-09-02 21:00:51",2621,2370,74570,0,,4.4,98.8,19.59,10.25,,-7.2
"2025-09-02 21:00:52",2614,2363,74637,0,,5.35,73.6,19.63,10.25,,-7.2
"2025-09-02 21:00:53",2606,2355,74704,-36.627142,-71.86836,6.05,82.7,19.68,10.2,,-7.2
"2025-09-02 21:00:55",2589,2338,74854,0,,4.15,46.3,19.77,10.1,,-7.8
"2025-09-02 21:00:56",2580,2329,74930,-36.62709,-71.868225,5,78.8,19.8,10.05,,-7.9
"2025-09-02 21:01:03",2526,2275,75401,0,,,,20.08,9.9,,-8
"2025-09-02 21:01:04",2518,2267,75468,0,,,,20.12,9.9,,-8
"2025-09-02 21:01:05",2510,2259,75536,0,,,,20.16,9.95,,-8
"2025-09-02 21:01:06",2503,2252,75601,0,,4.1,58.4,20.18,10.05,,-7.9
"2025-09-02 21:01:07",2495,2244,75666,0,,5.95,32.1,20.2,10.2,,-7.8
"2025-09-02 21:01:08",2488,2237,75732,-36.626832,-71.867718,4.95,56.7,20.23,10.25,37.25,-7.7
"2025-09-02 21:01:09",2480,2229,75799,0,,4.75,59.9,20.26,10.35,,-7.7
"2025-09-02 21:01:10",2473,2222,75864,0,,5.25,40.7,20.28,10.4,,-7.6
"2025-09-02 21:01:11",2465,2214,75930,-36.626733,-71.867593,5.25,53,20.32,10.45,,-7.6
"2025-09-02 21:01:12",2457,2206,75998,0,,6.45,41.7,20.37,10.5,,-7.7
"2025-09-02 21:01:13",2449,2198,76069,0,,5.65,24.1,20.4,10.45,,-7.7
"2025-09-02 21:01:14",2441,2190,76140,-36.626598,-71.867495,5,17.9,20.41,10.45,,-7.7
"2025-09-02 21:01:27",2342,2091,77015,0,,5.8,40,20.83,11.25,,-7.6
"2025-09-02 21:01:28",2334,2083,77082,0,,5.85,32,20.9,11.25,,-7.6
"2025-09-02 21:01:29",2327,2076,77150,-36.626027,-71.867003,5.3,47.6,20.96,11.3,,-7.6
"2025-09-02 21:01:30",2319,2068,77216,0,,5.85,46.3,21.01,11.3,,-7.6
"2025-09-02 21:01:31",2312,2061,77283,0,,6.65,35.3,21.05,11.35,,-7.6
"2025-09-02 21:01:32",2304,2053,77350,-36.62589,-71.86687,5.7,36.3,21.11,11.35,,-7.6
"2025-09-02 21:01:33",2297,2046,77417,0,,5.75,39.5,21.15,11.35,,-7.6
"2025-09-02 21:01:34",2289,2038,77485,0,,5.75,41.8,21.2,11.4,,-7.6
"2025-09-02 21:01:35",2281,2030,77554,-36.625765,-71.86674,6.65,39.8,21.25,11.4,37,-7.6
"2025-09-02 21:01:36",2274,2023,77621,0,,6.75,38.9,21.3,11.45,,-7.6
"2025-09-02 21:01:37",2266,2015,77689,0,,6.65,40.8,21.35,11.45,,-7.6
"2025-09-02 21:01:38",2258,2007,77758,-36.625628,-71.866593,6.35,46.1,21.39,11.45,,-7.6
"2025-09-02 21:01:40",2241,1990,77910,0,,7.2,36.7,21.5,11.55,,-7.7
"2025-09-02 21:01:41",2233,1982,77986,-36.625482,-71.866443,7.05,39.9,21.54,11.55,,-7.8
"2025-09-02 21:01:51",2157,1906,78664,0,,7.6,50.9,22.01,11.55,,-7.7
"2025-09-02 21:01:52",2150,1899,78732,0,,8.45,48.3,22.06,11.5,,-7.6
"2025-09-02 21:01:53",2142,1891,78800,-36.624947,-71.865728,8.25,45.4,22.12,11.55,,-7.5
"2025-09-02 00:20:50",224,-26,97698,0,,,,20.79,66.8,,
"2025-09-02 00:20:56",224,-26,97694,0,,,,20.64,65.8,,
"2025-09-02 00:21:02",224,-26,97696,0,,,,20.56,70,,0
"2025-09-02 00:21:08",224,-26,97698,0,,,,20.42,70.55,,0
"2025-09-02 00:21:14",224,-26,97694,0,,,,20.33,67.2,,0
"2025-09-02 00:21:20",224,-26,97696,0,,,,20.28,67.75,,0
"2025-09-02 00:21:26",224,-26,97698,0,,,,20.23,67.45,,0
"2025-09-02 00:21:32",224,-26,97702,0,,,,20.22,65.15,20.5,0
"2025-09-02 00:21:38",224,-26,97698,0,,,,20.23,67,,0
"2025-09-02 00:21:45",224,-26,97698,0,,,,20.22,71.3,,0
"2025-09-02 00:21:51",224,-26,97698,0,,,,20.14,71.45,,0
"2025-09-02 00:21:57",224,-26,97700,0,,,,20.06,70.55,,0
"2025-09-02 00:22:03",224,-26,97702,0,,,,20.02,73.15,,0
"2025-09-02 00:22:09",223,-27,97704,0,,,,19.97,75.55,,0
"2025-09-02 00:22:15",223,-27,97706,0,,,,19.89,76.95,,0
"2025-09-02 00:22:21",223,-27,97704,0,,,,19.82,78.85,,0
"2025-09-02 00:22:27",223,-27,97704,0,,,,19.73,77.25,20.5,0
"2025-09-02 00:22:33",223,-27,97704,0,,,,19.67,78.25,,0
"2025-09-02 00:22:39",224,-26,97702,0,,,,19.63,74.95,,0
"2025-09-02 00:22:45",223,-27,97708,0,,,,19.8,70,,0
"2025-09-02 00:22:51",223,-27,97706,0,,,,19.98,69.5,,0
"2025-09-02 00:22:57",223,-27,97706,0,,,,20.12,66.1,,0
"2025-09-02 00:23:03",223,-27,97706,0,,,,20.2,65.55,,0
"2025-09-02 00:23:09",223,-27,97708,0,,,,20.21,66.3,,0
"2025-09-02 00:23:15",223,-27,97704,0,,,,20.19,67.6,,0
"2025-09-02 00:23:21",223,-27,97708,0,,,,20.16,66.35,20.75,0
"2025-09-02 00:23:27",223,-27,97710,0,,,,20.19,65.35,,0
"2025-09-02 00:23:33",223,-27,97708,0,,,,20.18,67.7,,0
"2025-09-02 00:23:40",223,-27,97708,0,,,,20.11,69.9,,0
"2025-09-02 00:23:46",223,-27,97704,0,,,,20.07,67.65,,0
"2025-09-02 00:23:52",223,-27,97706,0,,,,20.21,64.7,,0
"2025-09-02 00:23:58",223,-27,97706,0,,,,20.27,66.55,,0
"2025-09-02 00:24:04",223,-27,97706,0,,,,20.31,65.2,,0
"2025-09-02 00:24:10",223,-27,97706,0,,,,20.42,63.75,,0
"2025-09-02 00:24:16",223,-27,97708,0,,,,20.46,65.6,20.75,0
"2025-09-02 00:24:22",223,-27,97706,0,,,,20.4,64.8,,0
"2025-09-02 00:24:28",223,-27,97706,0,,,,20.32,65.2,,0
"2025-09-02 00:24:34",224,-26,97698,0,,,,21.3,59.55,,0.1
