timestamp,msl,agl,pressure,latitude,longitude,speed,heading,temperature,relative_humidity,internal_temperature,rise_speed
"2025-09-02 20:52:18",267,1,97124,-36.721542,-71.943418,1.3,27.4,39.84,17.25,44.75,0.1
"2025-09-02 20:52:20",270,4,97089,0,,2.85,341.4,39.87,17.3,,0.3
"2025-09-02 20:52:21",272,6,97072,-36.721468,-71.943425,4.35,13.7,39.9,17.4,,0.5
"2025-09-02 20:52:23",274,8,97044,0,,1.45,280.3,40.07,17.7,,0.7
"2025-09-02 20:52:24",276,10,97030,-36.721382,-71.943417,4.65,13.2,40.26,17.85,,0.7
"2025-09-02 20:52:25",277,11,97013,0,,4.55,16.2,40.49,18,,0.8
"2025-09-02 20:52:26",279,13,96997,0,,4.35,16.6,40.75,17.9,,0.9
"2025-09-02 20:52:27",280,14,96982,-36.721267,-71.943405,4.65,2.3,40.97,17.8,,1
"2025-09-02 20:52:28",283,17,96954,0,,3.75,10.7,41.24,17.65,,1.3
"2025-09-02 20:52:29",286,20,96928,0,,3.75,10.7,41.46,17.5,,1.5
"2025-09-02 20:52:30",288,22,96902,-36.721158,-71.943395,4.15,5.8,41.68,17.3,,1.8
"2025-09-02 20:52:31",291,25,96868,0,,3.25,6.2,41.87,17.15,,1.9
"2025-09-02 20:52:32",295,29,96834,0,,3.95,32.6,42.08,17,,2
"2025-09-02 20:52:33",298,32,96800,-36.72107,-71.943328,3.6,40.3,42.18,16.7,,2.2
"2025-09-02 20:52:34",302,36,96757,0,,4.35,32,42.22,16.4,,2.3
"2025-09-02 20:52:35",306,40,96714,0,,4.35,32,42.14,16.2,,2.6
"2025-09-02 20:52:36",310,44,96672,-36.720927,-71.943248,6.75,13,42.07,16.1,,2.9
"2025-09-02 20:52:37",313,47,96641,0,,6.55,22.5,42.07,16.2,,2.9
"2025-09-02 20:52:38",316,50,96610,0,,5.35,34,42.06,16.25,,3
"2025-09-02 20:52:39",319,53,96580,-36.720765,-71.943153,7,26,41.96,16.2,,3.1
"2025-09-02 20:52:40",323,57,96536,0,,8.15,16.3,41.96,16.2,,3.3
"2025-09-02 20:52:41",327,61,96494,0,,8.15,16.3,42.03,16.45,,3.4
"2025-09-02 20:52:42",331,65,96452,-36.720608,-71.943062,5.2,33.2,42.05,16.4,,3.5
"2025-09-02 20:52:43",336,70,96404,0,,6.65,27.3,42.08,16.25,,3.7
"2025-09-02 20:52:44",341,75,96357,0,,7.2,17.3,42.1,16.2,,3.8
"2025-09-02 20:52:45",345,79,96310,-36.720453,-71.942993,5,35.3,41.92,16,46.25,3.9
"2025-09-02 20:52:47",359,93,96166,0,,4.85,14.8,41.4,15.9,,4.4
"2025-09-02 20:52:48",366,100,96094,-36.7203,-71.942933,6.65,31.2,41.16,15.9,,4.6
"2025-09-02 20:52:51",390,124,95846,-36.720207,-71.94293,2.55,12,40.45,16.05,,5.9
"2025-09-02 20:52:53",409,143,95644,0,,1.3,33.9,40,16.4,,6.6
"2025-09-02 20:52:54",419,153,95542,-36.720165,-71.942903,3.05,44.9,39.88,16.6,,7.1
"2025-09-02 20:52:56",433,167,95396,0,,3.1,11.2,39.62,16.9,,7.5
"2025-09-02 20:52:57",440,174,95324,-36.720112,-71.942862,3.5,61.4,39.59,16.95,,7.7
"2025-09-02 20:52:59",456,190,95164,0,,,,39.52,17.1,,7.9
"2025-09-02 20:53:00",464,198,95084,0,,,,39.54,17.15,,8.1
"2025-09-02 20:53:02",479,213,94930,0,,4.1,60.7,39.48,17.1,,8.1
"2025-09-02 20:53:03",486,220,94854,-36.720002,-71.942635,4.65,58.4,39.36,17.1,,8
"2025-09-02 20:53:04",495,229,94767,0,,4.2,58.3,39.25,17.05,,8.1
"2025-09-02 20:53:05",503,237,94680,0,,4.25,65.4,39.16,17.05,,8.1
"2025-09-02 20:53:06",511,245,94594,-36.719953,-71.942507,4.25,69.7,38.98,17,,7.8
"2025-09-02 20:53:07",519,253,94512,0,,4.7,62.5,38.8,16.95,,7.7
"2025-09-02 20:53:08",527,261,94434,0,,4.9,68.1,38.54,16.95,,7.8
"2025-09-02 20:53:09",535,269,94356,-36.719897,-71.942348,5.6,68.9,38.37,17.05,,7.8
"2025-09-02 20:53:10",541,275,94290,0,,5.85,61.9,38.24,17.25,,7.7
"2025-09-02 20:53:11",547,281,94225,0,,3.1,69.1,38.15,17.35,,7.6
"2025-09-02 20:53:12",554,288,94160,-36.719842,-71.94222,4.35,53.1,37.98,17.4,48,7.5
"2025-09-02 20:53:13",561,295,94087,0,,5.2,61.4,37.87,17.55,,7.4
"2025-09-02 20:53:14",568,302,94015,0,,4.35,70.3,37.69,17.6,,7.4
"2025-09-02 20:53:15",575,309,93944,-36.719773,-71.942078,5.1,51.5,37.59,17.65,,7.4
"2025-09-02 20:53:16",582,316,93867,0,,5.6,50.9,37.43,17.7,,7.3
"2025-09-02 20:53:17",590,324,93788,0,,5.15,49.8,37.27,17.8,,7.2
"2025-09-02 20:53:18",598,332,93710,-36.719705,-71.941953,3.7,58.9,37.17,17.9,,7.2
"2025-09-02 20:53:20",614,348,93546,0,,5.8,58.2,36.99,18.05,,7.2
"2025-09-02 20:53:21",622,356,93466,-36.719645,-71.941822,3.75,64.7,36.92,18.05,,7.2
"2025-09-02 20:53:22",629,363,93394,0,,3.4,44.4,36.82,18.15,,7.2
"2025-09-02 20:53:23",636,370,93319,0,,4.85,65.1,36.74,18.15,,7.3
"2025-09-02 20:53:24",643,377,93244,-36.719602,-71.941683,4.85,78.9,36.63,18.2,,7.4
"2025-09-02 20:53:25",651,385,93168,0,,3,67.6,36.5,18.2,,7.5
"2025-09-02 20:53:26",658,392,93095,0,,3.55,79.5,36.41,18.25,,7.5
"2025-09-02 20:53:27",665,399,93022,-36.719567,-71.941572,4.5,62.8,36.29,18.3,,7.5
"2025-09-02 20:53:28",672,406,92952,0,,2.45,67.5,36.18,18.35,,7.5
"2025-09-02 20:53:29",679,413,92884,0,,3.95,73.8,36.13,18.5,,7.4
"2025-09-02 20:53:30",685,419,92816,-36.719523,-71.941468,4.4,50.5,36,18.5,,7.3
"2025-09-02 20:53:31",691,425,92764,0,,2.2,71.4,35.85,18.5,,7.1
"2025-09-02 20:53:32",696,430,92710,0,,5,72.2,35.73,18.55,,7
"2025-09-02 20:53:33",701,435,92656,-36.71947,-71.941325,4.8,61.3,35.61,18.65,,6.8
"2025-09-02 20:53:34",708,442,92584,0,,6.65,55.8,35.54,18.7,,6.7
"2025-09-02 20:53:35",715,449,92513,0,,7.5,68.3,35.47,18.75,,6.7
"2025-09-02 20:53:36",722,456,92442,-36.719365,-71.941115,7.5,50.9,35.34,18.75,,6.6
"2025-09-02 20:53:37",728,462,92387,0,,6.75,54.1,35.25,18.65,,6.5
"2025-09-02 20:53:38",733,467,92333,0,,5.45,67,35.07,18.55,,6.3
"2025-09-02 20:53:39",738,472,92280,-36.719267,-71.940933,6.4,47.9,34.89,18.6,48.5,6.2
"2025-09-02 20:53:40",745,479,92207,0,,7.7,54.5,34.69,18.7,,6.2
"2025-09-02 20:53:41",752,486,92137,0,,7.05,63,34.43,18.6,,6.2
"2025-09-02 20:53:42",759,493,92068,-36.719163,-71.940703,7.4,62.4,34.23,18.65,,6.2
"2025-09-02 20:53:43",767,501,91985,0,,9.6,62.1,33.95,18.65,,6.4
"2025-09-02 20:53:44",775,509,91902,0,,8.4,61.3,33.7,18.75,,6.6
"2025-09-02 20:53:45",784,518,91820,-36.71906,-71.940437,8.75,67,33.5,18.95,,6.8
"2025-09-02 20:53:46",792,526,91729,0,,9.5,70.2,33.34,19,,7
"2025-09-02 20:53:47",801,535,91639,0,,7,69.9,33.21,19.15,,7.2
"2025-09-02 20:53:48",810,544,91550,-36.719,-71.940228,5.8,68.1,33.05,19.35,,7.3
"2025-09-02 20:53:51",831,565,91340,-36.71895,-71.940108,2.75,44.2,32.69,19.7,,7.7
"2025-09-02 20:53:52",838,572,91267,0,,4.05,64.3,32.65,19.9,,7.7
"2025-09-02 20:53:53",845,579,91193,0,,3.25,45,32.58,20.25,,7.7
"2025-09-02 20:53:54",853,587,91120,-36.71888,-71.940015,3.9,42.9,32.55,20.55,,7.7
"2025-09-02 20:53:55",858,592,91068,0,,4.5,42.2,32.56,20.75,,7.6
"2025-09-02 20:53:56",863,597,91014,0,,3.25,23.6,32.58,20.85,,7.4
"2025-09-02 20:53:57",869,603,90960,-36.718785,-71.939918,4.75,42.4,32.62,20.9,,7.2
"2025-09-02 20:53:58",873,607,90913,0,,,,32.55,20.8,,6.9
"2025-09-02 20:53:59",878,612,90867,0,,3.95,32.1,32.41,20.7,,6.6
"2025-09-02 20:54:00",882,616,90822,-36.718677,-71.93983,3.95,33.2,32.4,20.7,,6.2
"2025-09-02 20:54:01",886,620,90780,0,,6.5,16.3,32.37,20.7,,5.9
"2025-09-02 20:54:02",890,624,90741,0,,4.45,31.9,32.34,20.75,,5.7
"2025-09-02 20:54:03",894,628,90702,-36.718562,-71.939737,4.6,39.9,32.24,20.75,,5.3
"2025-09-02 20:54:04",898,632,90660,0,,6.15,32.9,32.15,20.75,,5.2
"2025-09-02 20:54:05",903,637,90616,0,,4.25,25,32.15,20.85,,5
"2025-09-02 20:54:06",907,641,90572,-36.718463,-71.939665,2.95,33.6,32.1,20.95,47.5,4.8
"2025-09-02 20:54:07",912,646,90526,0,,4.3,31.6,32.08,21,,4.5
"2025-09-02 20:54:08",916,650,90483,0,,3.3,30.8,32.07,21.05,,4.4
"2025-09-02 20:54:09",920,654,90440,-36.718383,-71.939588,3.9,37.1,32.03,21.1,,4.3
"2025-09-02 20:54:10",925,659,90396,0,,3.9,54.8,31.97,21.2,,4.3
"2025-09-02 20:54:11",929,663,90351,0,,2.45,27,31.88,21.15,,4.3
"2025-09-02 20:54:12",934,668,90306,-36.718318,-71.939505,3.95,49.6,31.82,21.2,,4.3
"2025-09-02 20:54:13",939,673,90253,0,,3.9,56.5,31.84,21.2,,4.3
"2025-09-02 20:54:14",944,678,90203,0,,4.65,43.8,31.8,21.25,,4.4
"2025-09-02 20:54:15",949,683,90154,-36.718235,-71.939407,4.65,35.4,31.7,21.2,,4.5
"2025-09-02 20:54:16",954,688,90098,0,,2.95,55.5,31.58,21.25,,4.6
"2025-09-02 20:54:17",960,694,90042,0,,,,31.53,21.3,,4.8
"2025-09-02 20:54:18",965,699,89986,-36.718172,-71.939338,3.4,34,31.53,21.4,,4.9
"2025-09-02 20:54:20",975,709,89890,0,,2.8,79.6,31.46,21.5,,4.9
"2025-09-02 20:54:21",980,714,89842,-36.718143,-71.939262,2.3,76.4,31.42,21.6,,4.9
"2025-09-02 20:54:22",983,717,89805,0,,2.45,29.6,31.35,21.65,,4.9
"2025-09-02 20:54:23",987,721,89770,0,,2.15,77.5,31.33,21.7,,4.8
"2025-09-02 20:54:24",990,724,89736,-36.718103,-71.939188,3.3,53.3,31.31,21.75,,4.7
"2025-09-02 20:54:25",995,729,89695,0,,2.2,40.2,31.31,21.8,,4.7
"2025-09-02 20:54:26",999,733,89653,0,,2.25,101.7,31.29,21.8,,4.6
"2025-09-02 20:54:27",1003,737,89612,-36.71809,-71.939115,2.7,75.6,31.26,21.85,,4.6
"2025-09-02 20:54:28",1008,742,89565,0,,1.35,75.1,31.27,21.8,,4.4
"2025-09-02 20:54:29",1012,746,89520,0,,1.65,97.6,31.25,21.85,,4.4
"2025-09-02 20:54:30",1017,751,89476,-36.718075,-71.939063,1.75,61,31.26,21.85,,4.3
"2025-09-02 20:54:31",1020,754,89446,0,,1.6,34.2,31.21,21.85,,4.2
"2025-09-02 20:54:32",1023,757,89416,0,,3.3,67.7,31.2,21.85,,4
"2025-09-02 20:54:33",1026,760,89386,-36.718047,-71.93896,3.85,82.4,31.16,21.85,46.5,3.8
"2025-09-02 20:54:34",1030,764,89345,0,,3.8,63.4,31.11,21.85,,3.8
"2025-09-02 20:54:35",1034,768,89303,0,,4.85,51.8,31.03,21.85,,3.9
"2025-09-02 20:54:36",1038,772,89262,-36.717975,-71.938827,4.75,60.1,31.01,21.9,,3.9
"2025-09-02 20:54:37",1042,776,89224,0,,5,52.4,31.02,21.95,,3.9
"2025-09-02 20:54:38",1045,779,89188,0,,5.8,61.9,30.98,21.85,,3.9
"2025-09-02 20:54:39",1049,783,89152,-36.717912,-71.938663,5.8,77,30.86,21.8,,3.8
"2025-09-02 20:54:40",1051,785,89130,0,,4.2,43.6,30.72,21.75,,3.7
"2025-09-02 20:54:41",1054,788,89108,0,,4.95,52.3,30.67,21.75,,3.5
"2025-09-02 20:54:42",1056,790,89086,-36.717847,-71.9385,5.8,74.5,30.53,21.9,,3.4
"2025-09-02 20:54:43",1059,793,89054,0,,5.8,65.5,30.41,21.9,,3.3
"2025-09-02 20:54:44",1062,796,89022,0,,5.95,70.8,30.26,21.9,,3.3
"2025-09-02 20:54:45",1065,799,88990,-36.717792,-71.938327,5.2,69.7,30.17,22,,3.3
"2025-09-02 20:54:46",1067,801,88969,0,,4.65,62.1,30.12,22.15,,3.1
"2025-09-02 20:54:47",1069,803,88949,0,,6.05,77.3,30.09,22.25,,3
"2025-09-02 20:54:48",1071,805,88930,-36.71776,-71.93814,5.9,86,30.1,22.4,,2.8
"2025-09-02 20:54:50",1079,813,88858,0,,3.9,74.5,29.98,22.5,,2.8
"2025-09-02 20:54:51",1082,816,88822,-36.717707,-71.937995,4.85,63,29.9,22.6,,2.8
"2025-09-02 20:54:52",1085,819,88800,0,,5.65,56,29.88,22.65,,2.7
"2025-09-02 20:54:53",1087,821,88779,0,,4.8,66.4,29.81,22.65,,2.7
"2025-09-02 20:54:54",1089,823,88758,-36.717645,-71.937855,4.65,54.3,29.8,22.7,,2.7
"2025-09-02 20:54:55",1093,827,88720,0,,4.2,70.5,29.73,22.7,,2.8
"2025-09-02 20:54:56",1096,830,88684,0,,3.2,66.9,29.65,22.75,,2.8
"2025-09-02 20:54:57",1100,834,88648,-36.717595,-71.937738,3.95,59.8,29.59,22.8,,2.9
"2025-09-02 20:54:58",1104,838,88602,0,,5.5,60.4,29.55,22.85,,3.1
"2025-09-02 20:54:59",1109,843,88558,0,,4.4,62,29.51,22.9,,3.3
"2025-09-02 20:55:00",1113,847,88514,-36.717528,-71.937603,4.4,57.8,29.43,22.9,45.5,3.5
"2025-09-02 20:55:01",1117,851,88478,0,,5.2,52.1,29.35,23,,3.5
"2025-09-02 20:55:02",1120,854,88443,0,,5,44.9,29.3,23,,3.5
"2025-09-02 20:55:03",1124,858,88408,-36.71745,-71.937492,4.55,54.8,29.3,23.1,,3.5
"2025-09-02 20:55:04",1127,861,88379,0,,,,29.23,23.15,,3.5
"2025-09-02 20:55:05",1130,864,88349,0,,3.35,4.7,29.16,23.25,,3.6
"2025-09-02 20:55:06",1133,867,88320,-36.71735,-71.937438,4.5,24.1,29.11,23.3,,3.7
"2025-09-02 20:55:07",1135,869,88298,0,,4.65,19.4,29.07,23.3,,3.6
"2025-09-02 20:55:08",1137,871,88276,0,,4.15,14.4,28.99,23.35,,3.5
"2025-09-02 20:55:09",1140,874,88254,-36.717243,-71.937377,4.55,34.3,28.84,23.35,,3.4
"2025-09-02 20:55:10",1141,875,88241,0,,4.15,18.1,28.74,23.45,,3.2
"2025-09-02 20:55:11",1142,876,88228,0,,4.15,18.1,28.64,23.55,,2.9
"2025-09-02 20:55:12",1143,877,88216,-36.717145,-71.937338,4.05,27.2,28.62,23.65,,2.7
"2025-09-02 20:55:13",1146,880,88195,0,,4.2,4.6,28.57,23.7,,2.5
"2025-09-02 20:55:14",1148,882,88173,0,,3.65,23.5,28.5,23.8,,2.4
"2025-09-02 20:55:15",1150,884,88152,-36.717035,-71.937275,4.75,35.7,28.38,23.8,,2.3
"2025-09-02 20:55:17",1152,886,88129,0,,6.9,20.6,28.21,24,,1.9
"2025-09-02 20:55:18",1153,887,88118,-36.716863,-71.937217,6.25,5.7,28.16,24.1,,1.7
"2025-09-02 20:55:21",1158,892,88070,-36.716705,-71.93716,5.9,5.5,28.05,24.3,,1.5
"2025-09-02 20:55:23",1158,892,88071,0,,5.6,14.3,28.01,24.4,,1.3
"2025-09-02 20:55:24",1158,892,88072,-36.716535,-71.937115,7.5,8.1,28,24.4,,1.2
"2025-09-02 20:55:26",1157,891,88082,0,,5.45,13.8,27.94,24.5,,0.8
"2025-09-02 20:55:27",1156,890,88088,-36.716367,-71.937067,7.8,13.7,28,24.55,44.25,0.5
"2025-09-02 20:55:29",1157,891,88080,0,,6.3,12.8,27.95,24.55,,0.5
"2025-09-02 20:55:30",1158,892,88076,-36.716198,-71.937012,7.25,14.6,27.93,24.6,,0.4
"2025-09-02 20:55:32",1159,893,88066,0,,6.75,12.6,27.94,24.6,,0.4
"2025-09-02 20:55:33",1159,893,88062,-36.716037,-71.936953,6.3,19.6,27.94,24.65,,0.1
"2025-09-02 20:55:34",1159,893,88065,0,,5.7,13.1,27.92,24.6,,0
"2025-09-02 20:55:35",1158,892,88068,0,,7.15,14.4,27.91,24.6,,0
"2025-09-02 20:55:36",1158,892,88072,-36.715872,-71.936882,6.35,24.7,27.95,24.6,,0
"2025-09-02 20:55:37",1159,893,88059,0,,6.2,24.1,27.98,24.65,,0.1
"2025-09-02 20:55:38",1160,894,88047,0,,5.95,23.3,27.98,24.55,,0.2
"2025-09-02 20:55:39",1162,896,88036,-36.715713,-71.936802,6.25,26.2,27.97,24.55,,0.4
"2025-09-02 20:55:40",1163,897,88023,0,,7.2,16.1,27.94,24.45,,0.5
"2025-09-02 20:55:41",1164,898,88011,0,,7.2,16.1,27.95,24.45,,0.6
"2025-09-02 20:55:42",1165,899,88000,-36.715565,-71.93672,5.65,34.2,27.96,24.45,,0.6
"2025-09-02 20:55:43",1166,900,87990,0,,6.15,26,27.96,24.5,,0.7
"2025-09-02 20:55:44",1167,901,87981,0,,6.15,26,28.02,24.5,,0.7
"2025-09-02 20:55:45",1168,902,87972,-36.715407,-71.93662,7,30.9,28.04,24.45,,0.7
"2025-09-02 20:55:46",1168,902,87970,0,,7.05,18.9,28.02,24.5,,0.7
"2025-09-02 20:55:47",1169,903,87968,0,,6.15,19.3,28.04,24.5,,0.8
"2025-09-02 20:55:48",1169,903,87966,-36.715238,-71.936537,6.6,20.3,28.03,24.4,,0.8
"2025-09-02 20:55:49",1169,903,87960,0,,7.35,27.7,28.03,24.35,,0.9
"2025-09-02 20:55:50",1170,904,87955,0,,6.35,32.4,28.08,24.2,,0.8
"2025-09-02 20:55:51",1170,904,87950,-36.715073,-71.936432,6.75,22,28.05,24.15,,0.8
"2025-09-02 20:55:52",1170,904,87948,0,,7.25,25,28.04,24.15,,0.6
"2025-09-02 20:55:53",1171,905,87947,0,,6.2,34.8,28.07,24.05,,0.5
"2025-09-02 20:55:54",1171,905,87946,-36.714907,-71.936315,7.4,26.7,28.05,24,43,0.5
"2025-09-02 20:55:55",1171,905,87944,0,,7.6,26.2,28.09,23.7,,0.4
"2025-09-02 20:55:56",1171,905,87942,0,,7.3,36,28.11,23.3,,0.3
"2025-09-02 20:55:57",1171,905,87940,-36.714735,-71.936173,8.05,30.3,28.13,23,,0.3
"2025-09-02 20:55:58",1172,906,87931,0,,7.45,39.2,28.19,22.8,,0.3
"2025-09-02 20:55:59",1173,907,87922,0,,8.05,43.8,28.21,22.65,,0.4
"2025-09-02 20:56:00",1174,908,87914,-36.714582,-71.935992,8.2,40.9,28.23,22.5,,0.4
"2025-09-02 20:56:01",1175,909,87905,0,,7.25,51.3,28.26,22.4,,0.5
"2025-09-02 20:56:02",1176,910,87896,0,,8.5,40.9,28.31,22.3,,0.5
"2025-09-02 20:56:03",1177,911,87888,-36.714427,-71.935805,7.9,41,28.32,22.2,,0.5
"2025-09-02 20:56:04",1178,912,87875,0,,8.25,51.7,28.36,22.05,,0.6
"2025-09-02 20:56:05",1179,913,87863,0,,8.85,42.2,28.37,22.05,,0.7
"2025-09-02 20:56:06",1180,914,87852,-36.714272,-71.935583,8.5,50.7,28.39,21.95,,0.8
"2025-09-02 20:56:07",1181,915,87843,0,,9.45,56.7,28.4,21.85,,0.8
"2025-09-02 20:56:08",1182,916,87835,0,,9.55,53.3,28.41,22.05,,0.9
"2025-09-02 20:56:09",1183,917,87828,-36.714128,-71.935323,8.8,53.6,28.38,22.25,,0.9
"2025-09-02 20:56:10",1184,918,87814,0,,10,61.8,28.36,22.35,,1
"2025-09-02 20:56:11",1185,919,87801,0,,10,56.1,28.32,22.4,,1
"2025-09-02 20:56:12",1187,921,87788,-36.713982,-71.935037,9.95,54.1,28.29,22.4,,1.1
"2025-09-02 20:56:13",1188,922,87773,0,,10.95,63.1,28.26,22.4,,1.1
"2025-09-02 20:56:14",1190,924,87758,0,,10.75,52.9,28.21,22.35,,1.1
"2025-09-02 20:56:15",1191,925,87744,-36.71379,-71.934732,12.4,48,28.25,22.3,,1.2
"2025-09-02 20:56:16",1193,927,87725,0,,11.95,48.3,28.23,22.2,,1.3
"2025-09-02 20:56:17",1195,929,87707,0,,11.4,50.1,28.21,22.2,,1.3
"2025-09-02 20:56:18",1197,931,87690,-36.713567,-71.934442,12.9,47,28.25,22.1,,1.4
"2025-09-02 20:56:21",1202,936,87642,-36.713327,-71.93422,11.9,36.7,28.29,22.7,42,1.5
"2025-09-02 20:56:22",1203,937,87625,0,,11.1,41.1,28.31,22.95,,1.6
"2025-09-02 20:56:23",1205,939,87607,0,,11.05,39.3,28.3,23.25,,1.6
"2025-09-02 20:56:24",1207,941,87590,-36.7131,-71.933968,11.35,44.6,28.3,23.35,,1.7
"2025-09-02 20:56:25",1209,943,87572,0,,11.55,43.3,28.29,23.45,,1.7
"2025-09-02 20:56:26",1210,944,87555,0,,11.35,36.2,28.23,23.65,,1.7
"2025-09-02 20:56:27",1212,946,87538,-36.712863,-71.933735,11.3,40.7,28.19,23.7,,1.7
"2025-09-02 20:56:28",1215,949,87512,0,,11.4,35.8,28.16,23.85,,1.8
"2025-09-02 20:56:29",1217,951,87486,0,,10.3,32.9,28.12,23.95,,1.9
"2025-09-02 20:56:30",1220,954,87460,-36.712623,-71.933508,11.2,40.4,28.09,24,,1.9
"2025-09-02 20:56:31",1223,957,87433,0,,12.7,42.3,28.11,24,,2
"2025-09-02 20:56:32",1226,960,87405,0,,10.9,35.7,28.07,23.95,,2.1
"2025-09-02 20:56:33",1228,962,87378,-36.712368,-71.93329,10.6,33.1,28.03,24,,2.1
"2025-09-02 20:56:34",1231,965,87349,0,,12.95,30.8,27.98,24,,2.3
"2025-09-02 20:56:35",1234,968,87320,0,,10.95,25.7,27.92,24,,2.4
"2025-09-02 20:56:36",1237,971,87292,-36.712093,-71.933088,11.8,34.9,27.9,23.9,,2.5
"2025-09-02 20:56:37",1240,974,87266,0,,12.65,30.4,27.88,23.9,,2.5
"2025-09-02 20:56:38",1242,976,87241,0,,10.8,26.4,27.88,23.9,,2.6
"2025-09-02 20:56:39",1245,979,87216,-36.711847,-71.932907,10.7,33.5,27.9,24,,2.7
"2025-09-02 20:56:40",1248,982,87184,0,,9.15,38,27.83,24.15,,2.8
"2025-09-02 20:56:41",1251,985,87152,0,,7.9,46,27.77,24.2,,2.8
"2025-09-02 20:56:42",1255,989,87120,-36.71168,-71.932712,9,39.3,27.72,24.25,,2.9
"2025-09-02 20:56:43",1258,992,87084,0,,8.65,51.2,27.64,24.3,,2.9
"2025-09-02 20:56:44",1262,996,87050,0,,7.85,56,27.62,24.35,,3
"2025-09-02 20:56:45",1265,999,87016,-36.711563,-71.932507,6.9,51.6,27.58,24.4,,3.1
"2025-09-02 20:56:46",1268,1002,86987,0,,7.25,59.4,27.57,24.4,,3.1
"2025-09-02 20:56:47",1271,1005,86958,0,,8.1,56.5,27.51,24.4,,3.1
"2025-09-02 20:56:48",1274,1008,86930,-36.711453,-71.932303,7.05,55.3,27.47,24.5,41,3.1
"2025-09-02 20:56:49",1277,1011,86901,0,,6.25,53.6,27.48,24.55,,3.1
"2025-09-02 20:56:50",1280,1014,86873,0,,7.45,50.2,27.48,24.6,,3.1
"2025-09-02 20:56:51",1283,1017,86846,-36.71134,-71.932122,6.2,50.9,27.44,24.65,,3.1
"2025-09-02 20:56:52",1285,1019,86824,0,,7.15,55,27.39,24.7,,3.1
"2025-09-02 20:56:53",1287,1021,86801,0,,7.15,43,27.35,24.75,,3
"2025-09-02 20:56:54",1290,1024,86778,-36.711218,-71.931952,5.65,48.6,27.3,24.8,,2.9
"2025-09-02 20:56:55",1293,1027,86747,0,,7.05,53.4,27.31,24.85,,2.9
"2025-09-02 20:56:56",1296,1030,86717,0,,6.95,39.5,27.3,24.9,,2.9
"2025-09-02 20:56:57",1299,1033,86688,-36.71109,-71.931792,6.15,44.6,27.26,24.9,,2.9
"2025-09-02 20:56:58",1302,1036,86657,0,,6.95,52.9,27.2,25,,2.8
"2025-09-02 20:56:59",1305,1039,86627,0,,5.9,41.5,27.2,25.05,,2.8
"2025-09-02 20:57:00",1308,1042,86598,-36.710982,-71.93164,5.75,44.3,27.19,25.1,,2.8
"2025-09-02 20:57:01",1311,1045,86569,0,,6.5,61,27.18,25.05,,2.8
"2025-09-02 20:57:02",1314,1048,86541,0,,5.5,41.3,27.14,25.1,,2.8
"2025-09-02 20:57:03",1316,1050,86514,-36.710873,-71.931487,6,48.7,27.11,25.1,,2.8
"2025-09-02 20:57:04",1319,1053,86491,0,,6.85,50.5,27.12,25.15,,2.8
"2025-09-02 20:57:05",1321,1055,86468,0,,5.3,36.3,27.09,25.15,,2.8
"2025-09-02 20:57:06",1323,1057,86446,-36.710763,-71.931343,5.15,53,27.06,25.15,,2.8
"2025-09-02 20:57:07",1326,1060,86422,0,,6.65,45.5,27.08,25.2,,2.8
"2025-09-02 20:57:08",1328,1062,86398,0,,5.95,46.5,27.09,25.2,,2.8
"2025-09-02 20:57:09",1331,1065,86374,-36.710655,-71.931195,5.05,54.2,27.05,25.2,,2.7
"2025-09-02 20:57:10",1333,1067,86349,0,,6.5,39.7,27,25.2,,2.7
"2025-09-02 20:57:11",1336,1070,86324,0,,6.6,26.1,26.98,25.25,,2.6
"2025-09-02 20:57:12",1338,1072,86300,-36.710518,-71.931048,7.25,46.7,26.92,25.3,,2.6
"2025-09-02 20:57:13",1341,1075,86280,0,,6.95,55.3,26.87,25.35,,2.5
"2025-09-02 20:57:14",1343,1077,86260,0,,5.05,38.7,26.85,25.35,,2.5
"2025-09-02 20:57:15",1345,1079,86240,-36.710405,-71.930893,6.75,46.2,26.84,25.35,40,2.4
"2025-09-02 20:57:16",1348,1082,86209,0,,7.1,54.3,26.79,25.4,,2.4
"2025-09-02 20:57:17",1351,1085,86179,0,,5.9,48.9,26.77,25.45,,2.5
"2025-09-02 20:57:18",1354,1088,86150,-36.710313,-71.930742,5.4,55.3,26.75,25.45,,2.5
"2025-09-02 20:57:21",1360,1094,86086,-36.710207,-71.930575,6.55,55.8,26.69,25.55,,2.5
"2025-09-02 20:57:22",1363,1097,86058,0,,5.1,38.7,26.67,25.5,,2.5
"2025-09-02 20:57:23",1366,1100,86031,0,,6.3,60.9,26.64,25.55,,2.5
"2025-09-02 20:57:24",1369,1103,86004,-36.710108,-71.930415,6.45,60.2,26.62,25.55,,2.5
"2025-09-02 20:57:25",1371,1105,85984,0,,5.85,36.1,26.57,25.6,,2.5
"2025-09-02 20:57:26",1373,1107,85965,0,,5.4,56.5,26.57,25.6,,2.5
"2025-09-02 20:57:27",1375,1109,85946,-36.71003,-71.930265,5.45,63,26.62,25.65,,2.5
"2025-09-02 20:57:28",1376,1110,85930,0,,4.4,57.6,26.59,25.65,,2.4
"2025-09-02 20:57:29",1378,1112,85914,0,,4.55,30.1,26.52,25.65,,2.3
"2025-09-02 20:57:30",1380,1114,85898,-36.709928,-71.930117,7.6,52.4,26.52,25.7,,2.2
"2025-09-02 20:57:31",1382,1116,85880,0,,4.6,62.5,26.52,25.7,,2.1
"2025-09-02 20:57:32",1383,1117,85864,0,,5,40.5,26.49,25.7,,2.1
"2025-09-02 20:57:33",1385,1119,85848,-36.709838,-71.929975,6.4,57.6,26.49,25.75,,2
"2025-09-02 20:57:34",1388,1122,85821,0,,4.95,51,26.49,25.75,,2
"2025-09-02 20:57:35",1390,1124,85794,0,,5.25,41.8,26.49,25.85,,2
"2025-09-02 20:57:36",1393,1127,85768,-36.709743,-71.92984,5.6,55.1,26.45,25.85,,2
"2025-09-02 20:57:37",1396,1130,85739,0,,6.2,47.8,26.42,25.9,,2.1
"2025-09-02 20:57:38",1399,1133,85709,0,,6.15,62,26.45,25.9,,2.2
"2025-09-02 20:57:39",1402,1136,85680,-36.709648,-71.929682,5.75,50.9,26.44,25.9,,2.3
"2025-09-02 20:57:40",1406,1140,85645,0,,6.45,51.4,26.44,25.9,,2.4
"2025-09-02 20:57:41",1409,1143,85610,0,,6.5,54.1,26.4,25.9,,2.6
"2025-09-02 20:57:42",1413,1147,85576,-36.709528,-71.929547,5.5,23.8,26.38,25.95,39.5,2.8
"2025-09-02 20:57:43",1416,1150,85549,0,,6.5,40.9,26.33,25.95,,2.8
"2025-09-02 20:57:44",1419,1153,85522,0,,5.85,50.7,26.32,25.95,,2.9
"2025-09-02 20:57:45",1421,1155,85496,-36.709402,-71.929407,6.55,31.2,26.3,25.95,,2.9
"2025-09-02 20:57:47",1428,1162,85428,0,,4.45,55.1,26.28,26,,3.1
"2025-09-02 20:57:48",1432,1166,85394,-36.709302,-71.929288,4.9,31.3,26.28,25.95,,3.2
"2025-09-02 20:57:51",1442,1176,85294,-36.709215,-71.92916,5.1,48.4,26.27,25.95,,3.3
"2025-09-02 20:57:53",1452,1186,85201,0,,4.75,69.9,26.19,25.95,,3.5
"2025-09-02 20:57:54",1457,1191,85154,-36.70914,-71.929018,5.8,46.5,26.17,25.95,,3.6
"2025-09-02 20:57:56",1464,1198,85087,0,,3.95,52,26.13,25.7,,3.8
"2025-09-02 20:57:57",1467,1201,85054,-36.70906,-71.928902,5.1,51.3,26.16,25.6,,3.8
"2025-09-02 20:57:59",1474,1208,84987,0,,4.05,49,26.11,25.3,,3.8
"2025-09-02 20:58:00",1477,1211,84954,-36.708972,-71.928778,5.6,52.5,26.16,25.1,,3.8
"2025-09-02 20:58:02",1485,1219,84884,0,,4.9,45.9,26.28,24.65,,3.8
"2025-09-02 20:58:03",1488,1222,84850,-36.708877,-71.928642,5.3,57.1,26.37,24.6,,3.8
"2025-09-02 20:58:04",1490,1224,84830,0,,5.95,39.9,26.37,24.5,,3.7
"2025-09-02 20:58:05",1492,1226,84810,0,,5.15,28.5,26.33,24.35,,3.4
"2025-09-02 20:58:06",1495,1229,84790,-36.70877,-71.92852,5.35,52.4,26.34,24.1,,3.1
"2025-09-02 20:58:07",1497,1231,84770,0,,5.5,43.9,26.32,23.8,,3.1
"2025-09-02 20:58:08",1499,1233,84750,0,,5.1,44.9,26.33,23.6,,3
"2025-09-02 20:58:09",1501,1235,84730,-36.70869,-71.928397,4.05,66.3,26.31,23.5,39,2.9
"2025-09-02 20:58:10",1503,1237,84707,0,,4.05,66.3,26.31,23.45,,2.8
"2025-09-02 20:58:11",1505,1239,84685,0,,5.3,46.7,26.35,23.4,,2.6
"2025-09-02 20:58:12",1508,1242,84664,-36.708548,-71.92827,7,32.1,26.34,23.45,,2.5
"2025-09-02 20:58:13",1510,1244,84642,0,,8.35,27.3,26.29,23.65,,2.5
"2025-09-02 20:58:14",1512,1246,84620,0,,6.35,25.4,26.26,23.6,,2.5
"2025-09-02 20:58:15",1515,1249,84598,-36.708387,-71.928157,6.35,32.4,26.31,23.45,,2.3
"2025-09-02 20:58:17",1516,1250,84582,0,,7.2,28.7,26.28,23.2,,2.1
"2025-09-02 20:58:18",1517,1251,84571,0,,5,18.7,26.27,22.95,,2
"2025-09-02 20:58:19",1519,1253,84560,-36.708247,-71.928063,5.75,33.5,26.28,22.6,,2
"2025-09-02 20:58:20",1522,1256,84530,0,,3.45,37.6,26.29,22.2,,1.9
"2025-09-02 20:58:21",1524,1258,84512,-36.70815,-71.92797,4.5,39.9,26.39,22.2,,1.9
"2025-09-02 20:58:22",1526,1260,84491,0,,4.25,33.9,26.37,22.25,,1.9
"2025-09-02 20:58:23",1528,1262,84471,0,,3.9,25.4,26.33,22.3,,1.9
"2025-09-02 20:58:24",1530,1264,84452,-36.708043,-71.927895,5.3,33.8,26.29,22.3,,1.9
"2025-09-02 20:58:25",1533,1267,84420,0,,5.25,33.2,26.31,22.3,,1.9
"2025-09-02 20:58:26",1536,1270,84391,0,,5.65,28.6,26.28,22.35,,2
"2025-09-02 20:58:27",1539,1273,84362,-36.707905,-71.927797,6,34.6,26.24,22.65,,2
"2025-09-02 20:58:28",1543,1277,84323,0,,6.35,24.7,26.22,22.85,,2.2
"2025-09-02 20:58:29",1547,1281,84283,0,,5.7,23.2,26.16,23,,2.5
"2025-09-02 20:58:30",1552,1286,84244,-36.707745,-71.92772,7.35,28.4,26.11,23.2,,2.7
"2025-09-02 20:58:31",1554,1288,84216,0,,7.45,20.5,26.11,23.3,,2.8
"2025-09-02 20:58:32",1557,1291,84189,0,,5.7,6.5,26.12,23.5,,3
"2025-09-02 20:58:33",1560,1294,84162,-36.70759,-71.927668,5.45,16.7,26.12,23.6,,3
"2025-09-02 20:58:34",1562,1296,84143,0,,5.3,9.6,26.1,23.65,,3
"2025-09-02 20:58:35",1564,1298,84125,0,,5,19.4,26.09,23.7,,3
"2025-09-02 20:58:36",1566,1300,84108,-36.707458,-71.927608,5.75,24.9,26.05,23.75,38.5,3
"2025-09-02 20:58:37",1568,1302,84085,0,,4.15,19.5,26.05,23.85,,3
"2025-09-02 20:58:38",1571,1305,84061,0,,5.4,28.3,26.01,23.8,,2.9
"2025-09-02 20:58:39",1573,1307,84038,-36.707327,-71.927538,6.05,21.8,26,23.75,,2.9
"2025-09-02 20:58:40",1576,1310,84009,0,,4.85,22.6,25.98,23.75,,2.8
"2025-09-02 20:58:41",1579,1313,83981,0,,5.3,20.6,25.95,23.75,,2.8
"2025-09-02 20:58:42",1582,1316,83954,-36.707195,-71.927483,5.5,16.4,25.91,23.9,,2.7
"2025-09-02 20:58:43",1585,1319,83921,0,,5.35,22.6,25.84,24.05,,2.6
"2025-09-02 20:58:44",1589,1323,83889,0,,5.2,49.8,25.82,24.15,,2.6
"2025-09-02 20:58:45",1592,1326,83858,-36.7071,-71.92736,4.55,48.6,25.81,24.25,,2.7
"2025-09-02 20:58:46",1594,1328,83838,0,,5.55,51.1,25.82,24.25,,2.6
"2025-09-02 20:58:47",1596,1330,83819,0,,6.55,59.5,25.79,24.25,,2.6
"2025-09-02 20:58:48",1598,1332,83800,-36.706997,-71.927195,5.65,46,25.78,24.25,,2.6
"2025-09-02 20:58:51",1604,1338,83742,-36.706887,-71.927025,5.8,48.1,25.83,24.25,,2.6
"2025-09-02 20:58:52",1606,1340,83726,0,,7.15,55.9,25.82,24.25,,2.5
"2025-09-02 20:58:53",1608,1342,83710,0,,6.75,53.1,25.83,24.35,,2.4
"2025-09-02 20:58:54",1609,1343,83694,-36.706782,-71.92684,6.3,54.6,25.81,24.35,,2.3
"2025-09-02 20:58:55",1611,1345,83678,0,,7.2,55.9,25.82,24.4,,2.2
"2025-09-02 20:58:56",1613,1347,83662,0,,5.7,46.4,25.75,24.45,,2.1
"2025-09-02 20:58:57",1614,1348,83646,-36.706685,-71.926673,5.95,58.1,25.74,24.55,,2
"2025-09-02 20:58:58",1617,1351,83618,0,,6.9,59.8,25.69,24.6,,1.9
"2025-09-02 20:58:59",1620,1354,83592,0,,7.55,51.4,25.7,24.65,,2
"2025-09-02 20:59:00",1623,1357,83566,-36.706582,-71.926482,6.8,53.3,25.69,24.75,,2
"2025-09-02 20:59:01",1625,1359,83549,0,,5.25,64.8,25.66,24.9,,2
"2025-09-02 20:59:02",1626,1360,83531,0,,7.15,64.3,25.59,25,,2
"2025-09-02 20:59:03",1628,1362,83514,-36.706487,-71.926298,6.65,52.7,25.56,25.1,38.5,2
"2025-09-02 20:59:04",1629,1363,83509,0,,6.15,49.9,25.53,25.1,,1.9
"2025-09-02 20:59:05",1629,1363,83504,0,,7.4,58.1,25.51,25.1,,1.8
"2025-09-02 20:59:06",1630,1364,83500,-36.706372,-71.92611,6.85,49.5,25.53,25.15,,1.7
"2025-09-02 20:59:07",1631,1365,83483,0,,7.3,54.5,25.63,25.15,,1.7
"2025-09-02 20:59:08",1633,1367,83467,0,,7.65,46.3,25.61,25.1,,1.7
"2025-09-02 20:59:09",1635,1369,83452,-36.70624,-71.925925,7.3,41.2,25.57,25.1,,1.7
"2025-09-02 20:59:10",1636,1370,83440,0,,6.65,62.5,25.54,25,,1.7
"2025-09-02 20:59:11",1637,1371,83429,0,,6.8,59.1,25.52,25,,1.5
"2025-09-02 20:59:12",1638,1372,83418,-36.70615,-71.925747,6.4,56.1,25.42,25,,1.4
"2025-09-02 20:59:13",1640,1374,83400,0,,5.35,51,25.38,25.1,,1.3
"2025-09-02 20:59:14",1642,1376,83384,0,,5.35,55.9,25.29,25.1,,1.3
"2025-09-02 20:59:15",1644,1378,83368,-36.706052,-71.925593,5.75,46.1,25.24,25.1,,1.3
"2025-09-02 20:59:16",1645,1379,83356,0,,5.7,46.1,25.21,25.05,,1.3
"2025-09-02 20:59:17",1646,1380,83344,0,,6.5,66,25.24,25.15,,1.3
"2025-09-02 20:59:18",1648,1382,83332,-36.705963,-71.92542,6.1,54.7,25.21,25.3,,1.4
"2025-09-02 20:59:20",1650,1384,83306,0,,8.1,59.5,25.27,25.4,,1.4
"2025-09-02 20:59:21",1652,1386,83294,-36.705838,-71.92522,7.9,43.1,25.34,25.15,,1.4
"2025-09-02 20:59:22",1653,1387,83279,0,,7.6,52.4,25.41,25,,1.4
"2025-09-02 20:59:23",1654,1388,83265,0,,7.8,36.1,25.4,24.75,,1.4
"2025-09-02 20:59:24",1656,1390,83252,-36.705688,-71.925058,7.1,38.8,25.38,24.5,,1.5
"2025-09-02 20:59:25",1658,1392,83236,0,,7.05,46.6,25.41,24.35,,1.4
"2025-09-02 20:59:26",1659,1393,83222,0,,6.6,31.4,25.38,24.35,,1.4
"2025-09-02 20:59:27",1661,1395,83208,-36.705537,-71.92491,7.9,34.5,25.34,24.4,,1.4
"2025-09-02 20:59:28",1662,1396,83197,0,,6.5,48.1,25.31,24.35,,1.4
"2025-09-02 20:59:29",1663,1397,83186,0,,7.05,32.1,25.37,24.15,,1.4
"2025-09-02 20:59:30",1664,1398,83176,-36.705393,-71.924757,7.3,42.9,25.34,24.05,38.25,1.4
"2025-09-02 20:59:31",1666,1400,83154,0,,6.75,42.4,25.31,24.2,,1.4
"2025-09-02 20:59:32",1669,1403,83132,0,,7.35,33.3,25.27,24.2,,1.5
"2025-09-02 20:59:33",1671,1405,83110,-36.705265,-71.924603,6.4,52.6,25.22,24.3,,1.6
"2025-09-02 20:59:34",1672,1406,83099,0,,6.4,51.2,25.22,24.2,,1.6
"2025-09-02 20:59:35",1673,1407,83089,0,,7.45,44.2,25.21,24.05,,1.5
"2025-09-02 20:59:36",1674,1408,83080,-36.70513,-71.924442,6.9,42,25.25,23.95,,1.5
"2025-09-02 20:59:37",1676,1410,83062,0,,6.65,39.7,25.25,23.85,,1.5
"2025-09-02 20:59:38",1678,1412,83045,0,,7.25,42.1,25.2,23.85,,1.6
"2025-09-02 20:59:39",1680,1414,83028,-36.705,-71.924292,6.5,46.6,25.14,23.95,,1.6
"2025-09-02 20:59:40",1681,1415,83018,0,,5.5,38.5,25.11,24.05,,1.5
"2025-09-02 20:59:41",1682,1416,83009,0,,4.75,51.2,25.13,24.1,,1.5
"2025-09-02 20:59:42",1683,1417,83000,-36.704878,-71.924132,7.6,51.1,25.14,24.15,,1.5
"2025-09-02 20:59:43",1684,1418,82986,0,,7.75,36.7,25.13,24.2,,1.6
"2025-09-02 20:59:44",1686,1420,82972,0,,6.95,34.1,25.11,24.2,,1.5
"2025-09-02 20:59:45",1687,1421,82958,-36.704712,-71.923963,8.6,39.8,25.15,24.3,,1.4
"2025-09-02 20:59:46",1688,1422,82952,0,,8.75,46.4,25.14,24.25,,1.3
"2025-09-02 20:59:47",1688,1422,82947,0,,8.5,34.9,25.13,24.2,,1.2
"2025-09-02 20:59:48",1689,1423,82942,-36.704535,-71.923782,8.3,35.5,25.12,24.15,,1.2
"2025-09-02 20:59:50",1691,1425,82926,0,,7.75,31.5,25.09,23.95,,1.1
"2025-09-02 20:59:51",1691,1425,82918,-36.704357,-71.923603,8.75,39,25.08,24,,1
"2025-09-02 20:59:52",1692,1426,82911,0,,8.75,44.6,25.15,23.9,,1
"2025-09-02 20:59:53",1693,1427,82904,0,,8.4,29.3,25.16,23.85,,0.9
"2025-09-02 20:59:54",1693,1427,82898,-36.704177,-71.923435,8.95,38.7,25.13,23.75,,0.9
"2025-09-02 20:59:55",1695,1429,82886,0,,6.65,38.8,25.11,23.75,,0.9
"2025-09-02 20:59:56",1696,1430,82874,0,,7.15,46.2,25.15,23.85,,0.9
"2025-09-02 20:59:57",1697,1431,82862,-36.704022,-71.923257,9.1,43.9,25.11,23.9,38.5,0.8
"2025-09-02 20:59:58",1698,1432,82858,0,,7.6,40.9,25.11,23.9,,0.8
"2025-09-02 20:59:59",1698,1432,82855,0,,7.6,35,25.15,23.9,,0.8
"2025-09-02 21:00:00",1698,1432,82852,-36.703852,-71.923092,8.65,36.7,25.15,23.95,,0.8
"2025-09-02 21:00:01",1701,1435,82829,0,,7.5,43.4,25.11,24.1,,0.9
"2025-09-02 21:00:02",1703,1437,82805,0,,7.2,40.4,25.09,24.15,,1.1
"2025-09-02 21:00:03",1706,1440,82782,-36.703688,-71.922912,8.95,40.6,25.13,24.15,,1.2
"2025-09-02 21:00:04",1707,1441,82770,0,,7.95,47.1,25.1,24.25,,1.2
"2025-09-02 21:00:05",1708,1442,82758,0,,7.75,42.8,25.07,24.1,,1.3
"2025-09-02 21:00:06",1710,1444,82746,-36.703518,-71.922737,9.25,34.5,25.06,23.85,,1.3
"2025-09-02 21:00:07",1710,1444,82738,0,,7.1,40.5,25.07,23.45,,1.3
"2025-09-02 21:00:08",1711,1445,82730,0,,7.1,37.9,25.17,23.1,,1.3
"2025-09-02 21:00:09",1712,1446,82722,-36.703365,-71.922583,7.8,41.8,25.22,22.75,,1.2
"2025-09-02 21:00:10",1714,1448,82702,0,,7,35.2,25.22,22.3,,1.3
"2025-09-02 21:00:11",1716,1450,82682,0,,7.6,32.3,25.24,22,,1.4
"2025-09-02 21:00:12",1719,1453,82662,-36.703198,-71.922447,7.6,32.9,25.25,21.7,,1.6
"2025-09-02 21:00:13",1720,1454,82645,0,,6.9,33.9,25.26,21.55,,1.7
"2025-09-02 21:00:14",1722,1456,82628,0,,7.4,40.1,25.28,21.55,,1.6
"2025-09-02 21:00:15",1724,1458,82612,-36.703048,-71.92231,6.5,37.6,25.27,21.45,,1.6
"2025-09-02 21:00:17",1726,1460,82587,0,,6.65,26.8,25.26,21.35,,1.5
"2025-09-02 21:00:18",1728,1462,82576,-36.702897,-71.922203,6.45,28.1,25.26,20.95,,1.5
"2025-09-02 21:00:21",1734,1468,82520,-36.70275,-71.922103,6.2,20.8,25.39,19.5,,1.7
"2025-09-02 21:00:23",1737,1471,82484,0,,6.45,25.6,25.53,18.4,,1.7
"2025-09-02 21:00:24",1739,1473,82468,-36.702598,-71.921997,5.95,28.6,25.54,17.9,38.25,1.7
"2025-09-02 21:00:26",1743,1477,82430,0,,6.85,27.5,25.67,17.3,,1.8
"2025-09-02 21:00:27",1745,1479,82412,-36.702445,-71.921887,5.5,27.5,25.68,17.2,,1.8
"2025-09-02 21:00:29",1749,1483,82375,0,,6.85,29.5,25.72,16.9,,1.9
"2025-09-02 21:00:30",1751,1485,82358,-36.702295,-71.92177,5.5,33.4,25.73,16.8,,1.9
"2025-09-02 21:00:32",1754,1488,82330,0,,7.15,22.8,25.81,16.55,,1.9
"2025-09-02 21:00:33",1756,1490,82316,-36.702128,-71.92165,6.45,33.9,25.83,16.45,,1.8
"2025-09-02 21:00:34",1757,1491,82299,0,,7.75,36.1,25.82,16.4,,1.8
"2025-09-02 21:00:35",1759,1493,82283,0,,6.3,23.2,25.79,16.35,,1.8
"2025-09-02 21:00:36",1761,1495,82268,-36.701973,-71.921525,6.75,39.6,25.84,16.3,,1.8
"2025-09-02 21:00:37",1763,1497,82248,0,,7.15,33.1,25.91,16.2,,1.8
"2025-09-02 21:00:38",1765,1499,82229,0,,5.85,27.6,25.91,16.15,,1.8
"2025-09-02 21:00:39",1767,1501,82210,-36.701818,-71.921395,7.5,40.8,25.89,16.1,,1.8
"2025-09-02 21:00:40",1768,1502,82195,0,,7.5,32,25.95,16.05,,1.8
"2025-09-02 21:00:41",1770,1504,82180,0,,6.75,34.6,25.97,16.15,,1.8
"2025-09-02 21:00:42",1772,1506,82166,-36.70166,-71.921257,7.9,40.6,26.08,16.35,,1.7
"2025-09-02 21:00:43",1772,1506,82159,0,,6.3,26,26.08,16.45,,1.7
"2025-09-02 21:00:44",1773,1507,82152,0,,6.95,31,26.19,16.4,,1.6
"2025-09-02 21:00:45",1774,1508,82146,-36.701497,-71.92113,8.3,35.9,26.17,16.35,,1.5
"2025-09-02 21:00:46",1776,1510,82124,0,,6.3,30.9,26.05,16.25,,1.6
"2025-09-02 21:00:47",1778,1512,82103,0,,6.8,37.7,26,16.1,,1.6
"2025-09-02 21:00:48",1781,1515,82082,-36.701332,-71.921008,8.05,27.4,25.95,16.1,,1.7
"2025-09-02 21:00:50",1783,1517,82060,0,,7.9,37,26,16.25,,1.6
"2025-09-02 21:00:51",1784,1518,82050,-36.701163,-71.920872,7.8,30.9,25.97,16.25,39,1.5
"2025-09-02 21:00:52",1786,1520,82036,0,,6.3,33,26,16.3,,1.4
"2025-09-02 21:00:53",1787,1521,82023,0,,7.7,34.6,25.96,16.25,,1.4
"2025-09-02 21:00:54",1788,1522,82010,-36.700998,-71.920748,7.15,24.8,25.93,16.1,,1.4
"2025-09-02 21:00:55",1789,1523,82000,0,,7,32.3,26.01,15.95,,1.4
"2025-09-02 21:00:56",1790,1524,81991,0,,8,35.7,26,15.85,,1.4
"2025-09-02 21:00:57",1791,1525,81982,-36.70083,-71.920617,7.15,27.3,25.99,15.7,,1.5
"2025-09-02 21:00:58",1793,1527,81971,0,,7.15,32.1,25.99,15.55,,1.4
"2025-09-02 21:00:59",1794,1528,81959,0,,8.5,32.8,25.97,15.5,,1.3
"2025-09-02 21:01:00",1795,1529,81948,-36.700655,-71.920485,6.65,26.4,25.98,15.5,,1.2
"2025-09-02 21:01:01",1796,1530,81938,0,,7.3,36.6,26.02,15.5,,1.2
"2025-09-02 21:01:02",1797,1531,81929,0,,7.7,25.7,25.97,15.45,,1.2
"2025-09-02 21:01:03",1798,1532,81920,-36.700492,-71.920368,6.2,30,25.99,15.45,,1.2
"2025-09-02 21:01:04",1799,1533,81910,0,,7,33.1,25.96,15.45,,1.2
"2025-09-02 21:01:05",1800,1534,81900,0,,7.35,20.4,25.94,15.45,,1.1
"2025-09-02 21:01:06",1801,1535,81890,-36.70032,-71.920262,6.75,30.9,26,15.4,,1.1
"2025-09-02 21:01:07",1803,1537,81879,0,,7.55,27.5,26.01,15.4,,1.1
"2025-09-02 21:01:08",1804,1538,81868,0,,7.05,21.2,25.94,15.35,,1.1
"2025-09-02 21:01:09",1805,1539,81858,-36.700152,-71.920152,6.75,34.8,25.95,15.3,,1.1
"2025-09-02 21:01:10",1805,1539,81854,0,,7.25,28.4,25.91,15.2,,1.1
"2025-09-02 21:01:11",1806,1540,81851,0,,6.35,30.7,25.89,15.15,,1
"2025-09-02 21:01:12",1806,1540,81848,-36.699987,-71.920035,7.05,33.1,25.88,15.05,,0.9
"2025-09-02 21:01:13",1808,1542,81829,0,,7.7,23.8,25.84,15.05,,1
"2025-09-02 21:01:14",1810,1544,81811,0,,6.75,32.5,25.85,15.05,,1.1
"2025-09-02 21:01:15",1812,1546,81794,-36.699815,-71.91991,7.95,35.3,25.79,15.05,,1.1
"2025-09-02 21:01:16",1813,1547,81780,0,,7.4,23.3,25.75,15,,1.2
"2025-09-02 21:01:17",1814,1548,81768,0,,6.15,30,25.75,15.25,,1.2
"2025-09-02 21:01:18",1816,1550,81756,-36.699648,-71.919793,7.9,33.3,25.79,15.25,39.25,1.2
"2025-09-02 21:01:21",1822,1556,81702,-36.699477,-71.919673,8.4,29.4,25.7,15.5,,1.4
"2025-09-02 21:01:22",1823,1557,81690,0,,6.6,26.8,25.79,15.35,,1.5
"2025-09-02 21:01:23",1824,1558,81679,0,,6.65,34.2,25.82,15.3,,1.5
"2025-09-02 21:01:24",1825,1559,81668,-36.699307,-71.919555,8.3,24.5,25.75,15.2,,1.6
"2025-09-02 21:01:25",1827,1561,81654,0,,7.1,30.5,25.74,15.2,,1.6
"2025-09-02 21:01:26",1828,1562,81640,0,,7.1,35.3,25.82,15.35,,1.5
"2025-09-02 21:01:27",1830,1564,81626,-36.699137,-71.919443,7.65,19.3,25.74,15.45,,1.5
"2025-09-02 21:01:28",1831,1565,81615,0,,6.55,30.3,25.75,15.6,,1.5
"2025-09-02 21:01:29",1832,1566,81604,0,,7.2,34.6,25.73,15.75,,1.5
"2025-09-02 21:01:30",1833,1567,81594,-36.69898,-71.919323,6.85,24.8,25.72,15.85,,1.5
"2025-09-02 21:01:31",1835,1569,81581,0,,6.35,38.3,25.75,15.9,,1.5
"2025-09-02 21:01:32",1836,1570,81569,0,,7.8,26.5,25.69,15.85,,1.4
"2025-09-02 21:01:33",1837,1571,81558,-36.698812,-71.919205,7.35,22.3,25.69,15.8,,1.4
"2025-09-02 21:01:34",1837,1571,81557,0,,6.55,40.4,25.78,15.6,,1.2
"2025-09-02 21:01:35",1837,1571,81556,0,,7.65,27.1,25.7,15.6,,1.1
"2025-09-02 21:01:36",1837,1571,81556,-36.698643,-71.919083,7.65,23.5,25.69,15.7,,1
"2025-09-02 21:01:37",1838,1572,81548,0,,6.35,37,25.75,15.85,,1
"2025-09-02 21:01:38",1839,1573,81540,0,,7,29.5,25.73,15.85,,0.9
"2025-09-02 21:01:39",1840,1574,81532,-36.69849,-71.918962,6.95,33.6,25.67,15.75,,0.8
"2025-09-02 21:01:40",1841,1575,81525,0,,6.2,33.7,25.61,15.85,,0.8
"2025-09-02 21:01:41",1841,1575,81519,0,,7.4,23.4,25.63,16.05,,0.8
"2025-09-02 21:01:42",1842,1576,81514,-36.698332,-71.91886,6.8,29.6,25.53,16.35,,0.7
"2025-09-02 21:01:43",1842,1576,81508,0,,5.45,21.3,25.5,16.5,,0.7
"2025-09-02 21:01:44",1843,1577,81503,0,,7.1,23.9,25.53,16.6,,0.6
"2025-09-02 21:01:45",1844,1578,81498,-36.69817,-71.918757,7.1,33.6,25.5,16.7,39.5,0.5
"2025-09-02 21:01:46",1844,1578,81496,0,,6.6,22.7,25.45,16.75,,0.5
"2025-09-02 21:01:47",1844,1578,81494,0,,7.7,28.5,25.5,16.85,,0.5
"2025-09-02 21:01:48",1844,1578,81492,-36.698002,-71.918645,6.9,32.8,25.5,16.85,,0.5
"2025-09-02 21:01:49",1845,1579,81484,0,,6.3,25.3,25.4,16.9,,0.6
"2025-09-02 21:01:50",1846,1580,81477,0,,7.1,38.5,25.31,16.95,,0.6
"2025-09-02 21:01:51",1847,1581,81470,-36.697843,-71.918533,6.7,27.3,25.27,17,,0.6
"2025-09-02 21:01:52",1847,1581,81469,0,,6.7,22.7,25.24,17.05,,0.5
"2025-09-02 21:01:53",1847,1581,81468,0,,7.35,35.7,25.22,17.15,,0.5
"2025-09-02 21:01:54",1847,1581,81468,-36.697673,-71.918423,7.3,25.7,25.28,17.15,,0.4
"2025-09-02 21:01:55",1848,1582,81453,0,,6.95,23.2,25.38,17.25,,0.5
"2025-09-02 21:01:56",1850,1584,81438,0,,7,40.2,25.53,16.9,,0.6
"2025-09-02 21:01:57",1852,1586,81424,-36.697513,-71.918308,6.7,25.9,25.52,16.5,,0.7
"2025-09-02 21:01:58",1851,1585,81426,0,,7,25.4,25.45,16.4,,0.6
"2025-09-02 21:01:59",1851,1585,81429,0,,7.6,37.8,25.39,16.35,,0.6
"2025-09-02 21:02:00",1851,1585,81432,-36.697357,-71.918187,6.5,28.7,25.43,16.35,,0.5
"2025-09-02 21:02:01",1851,1585,81432,0,,6.35,30.5,25.44,16.2,,0.5
"2025-09-02 21:02:02",1851,1585,81432,0,,8.05,28.2,25.43,15.7,,0.4
"2025-09-02 21:02:03",1851,1585,81432,-36.69719,-71.918077,6.5,24.7,25.38,15.55,,0.4
"2025-09-02 21:02:04",1850,1584,81441,0,,6.25,35.4,25.41,15.4,,0.2
"2025-09-02 21:02:05",1849,1583,81450,0,,7.45,23.2,25.54,14.7,,0.2
"2025-09-02 21:02:06",1848,1582,81460,-36.697028,-71.917965,6.65,26.3,25.67,13.9,,0.1
"2025-09-02 21:02:07",1849,1583,81450,0,,7,38.1,25.79,13.25,,0.1
"2025-09-02 21:02:08",1850,1584,81440,0,,6.95,22.3,25.71,12.85,,0.1
"2025-09-02 21:02:09",1851,1585,81430,-36.696868,-71.917858,5.95,27.1,25.64,12.45,,0.1
"2025-09-02 21:02:10",1851,1585,81425,0,,7.35,28.2,25.56,12.2,,0
"2025-09-02 21:02:11",1852,1586,81421,0,,6.85,24.8,25.55,12,,0.1
"2025-09-02 21:02:12",1852,1586,81418,-36.696708,-71.917747,6.2,36.8,25.58,11.9,40.25,0.1
"2025-09-02 21:02:13",1852,1586,81419,0,,7.2,25.8,25.64,11.8,,0.1
"2025-09-02 21:02:14",1852,1586,81420,0,,6.55,23.5,25.56,11.7,,0.1
"2025-09-02 21:02:15",1852,1586,81422,-36.696545,-71.917635,7.05,38.2,25.52,11.65,,0.1
"2025-09-02 21:02:16",1852,1586,81420,0,,6.7,24.9,25.51,11.65,,0.1
"2025-09-02 21:02:17",1852,1586,81418,0,,6.1,24,25.51,11.6,,0.2
"2025-09-02 21:02:18",1852,1586,81416,-36.696382,-71.917527,7.7,32.8,25.57,11.55,,0.3
"2025-09-02 21:02:21",1850,1584,81438,-36.696223,-71.917425,7.35,25.1,26.14,11.4,,-0.1
"2025-09-02 21:02:22",1849,1583,81445,0,,6.75,28,26.16,11.35,,-0.1
"2025-09-02 21:02:23",1848,1582,81453,0,,6.5,37,26.26,11.3,,-0.2
"2025-09-02 21:02:24",1848,1582,81462,-36.696075,-71.917317,6.65,27.2,26.19,11.25,,-0.3
"2025-09-02 21:02:25",1847,1581,81464,0,,6,24.4,26.12,11.15,,-0.4
"2025-09-02 21:02:26",1847,1581,81467,0,,6.45,29.2,26.24,11.15,,-0.4
"2025-09-02 21:02:27",1847,1581,81470,-36.69592,-71.917222,7.05,22.1,26.15,11.1,,-0.4
"2025-09-02 21:02:28",1847,1581,81463,0,,6,31.8,26.11,11.1,,-0.4
"2025-09-02 21:02:29",1848,1582,81457,0,,6.9,36.4,26.26,11.1,,-0.4
"2025-09-02 21:02:30",1849,1583,81452,-36.695773,-71.917113,6.35,23.7,26.34,11.05,,-0.3
"2025-09-02 21:02:31",1850,1584,81442,0,,5.45,33.5,26.27,11.05,,-0.2
"2025-09-02 21:02:32",1851,1585,81433,0,,7.3,32.9,26.15,10.95,,-0.1
"2025-09-02 21:02:33",1852,1586,81424,-36.695622,-71.917003,6.7,24.6,26.1,10.9,,0.1
"2025-09-02 21:02:34",1852,1586,81421,0,,5.9,38.2,26.04,10.9,,0.1
"2025-09-02 21:02:35",1852,1586,81418,0,,6.75,35.1,26.11,10.9,,0.2
"2025-09-02 21:02:36",1852,1586,81416,-36.695475,-71.916895,6.3,22.2,26.05,10.9,,0.3
"2025-09-02 21:02:37",1852,1586,81419,0,,6.1,32.6,26.02,10.9,,0.4
"2025-09-02 21:02:38",1852,1586,81422,0,,7.25,30.5,26.11,10.9,,0.4
"2025-09-02 21:02:39",1851,1585,81426,-36.695322,-71.916783,6.2,27.5,26.1,10.9,40.75,0.4
"2025-09-02 21:02:40",1851,1585,81433,0,,6.25,35.8,26.03,10.85,,0.3
"2025-09-02 21:02:41",1850,1584,81440,0,,7.3,28.2,25.98,10.85,,0.2
"2025-09-02 21:02:42",1849,1583,81448,-36.695172,-71.916668,5.85,30.2,25.95,10.85,,0
"2025-09-02 21:02:43",1850,1584,81438,0,,6.5,41.2,25.97,10.9,,0.1
"2025-09-02 21:02:44",1851,1585,81429,0,,7.1,26.3,25.93,10.9,,0.1
"2025-09-02 21:02:45",1852,1586,81420,-36.695022,-71.91655,5.8,31.6,25.86,10.9,,0.1
"2025-09-02 21:02:47",1850,1584,81437,0,,6.9,24.1,25.85,10.9,,-0.2
"2025-09-02 21:02:48",1849,1583,81446,-36.694872,-71.916427,6.05,38.2,26,11,,-0.3
"2025-09-02 21:02:51",1854,1588,81404,-36.69472,-71.916315,6.15,34.8,26.06,10.9,,0.2
"2025-09-02 21:02:53",1853,1587,81406,0,,5.9,32.5,25.98,10.85,,0.2
"2025-09-02 21:02:54",1853,1587,81408,-36.69457,-71.9162,6.3,37,25.96,10.85,,0.3
"2025-09-02 21:02:56",1854,1588,81400,0,,6.2,34.8,25.89,10.9,,0.3
"2025-09-02 21:02:57",1855,1589,81396,-36.69442,-71.916083,6.85,39.1,25.85,10.9,,0.3
"2025-09-02 21:02:59",1855,1589,81389,0,,6.15,35.5,25.81,10.9,,0.4
"2025-09-02 21:03:00",1856,1590,81386,-36.694273,-71.915972,6.85,38.8,25.76,10.9,,0.5
"2025-09-02 21:03:02",1856,1590,81380,0,,8.35,28.4,25.76,11,,0.5
"2025-09-02 21:03:03",1857,1591,81378,-36.694112,-71.915852,7.2,37.9,25.81,11,,0.2
"2025-09-02 21:03:04",1857,1591,81377,0,,5.75,23.9,25.78,11,,0.2
"2025-09-02 21:03:05",1857,1591,81376,0,,6.55,36.9,25.7,11,,0.3
"2025-09-02 21:03:06",1857,1591,81376,-36.693968,-71.915727,7.4,36.8,25.68,11,41,0.3
"2025-09-02 21:03:07",1857,1591,81374,0,,5.6,29.2,25.71,10.95,,0.3
"2025-09-02 21:03:08",1857,1591,81373,0,,6.25,39,25.69,10.95,,0.3
"2025-09-02 21:03:09",1857,1591,81372,-36.693823,-71.915605,7.6,32.1,25.7,11,,0.2
"2025-09-02 21:03:10",1856,1590,81380,0,,5.9,30.3,25.68,10.95,,0.1
"2025-09-02 21:03:11",1855,1589,81389,0,,6.85,40.3,25.66,10.95,,0.1
"2025-09-02 21:03:12",1854,1588,81398,-36.69368,-71.915478,7.1,34.3,25.64,11,,-0.1
"2025-09-02 21:03:16",1854,1588,81399,0,,5.45,41.5,25.69,11,,-0.2
"2025-09-02 21:03:17",1854,1588,81399,0,,6.55,33.6,25.82,11,,-0.2
"2025-09-02 21:03:18",1854,1588,81400,-36.693398,-71.915228,6.3,27.2,25.78,11,,-0.2
"2025-09-02 21:03:20",1859,1593,81356,0,,6.9,33.8,25.74,10.9,,0.2
"2025-09-02 21:03:21",1861,1595,81334,-36.693258,-71.9151,5.75,35.7,25.67,11,,0.3
"2025-09-02 21:03:22",1863,1597,81322,0,,5.75,35.7,25.64,10.95,,0.4
"2025-09-02 21:03:23",1864,1598,81311,0,,6.9,26.8,25.64,10.95,,0.6
"2025-09-02 21:03:24",1865,1599,81300,-36.693113,-71.914972,5.9,39.8,25.59,10.95,,0.7
"2025-09-02 21:03:25",1866,1600,81293,0,,6.9,40.8,25.57,10.95,,0.9
"2025-09-02 21:03:26",1866,1600,81287,0,,6.35,23.5,25.59,10.95,,0.9
"2025-09-02 21:03:27",1867,1601,81282,-36.692972,-71.91485,6,40.4,25.57,10.95,,0.8
"2025-09-02 21:03:28",1867,1601,81280,0,,7.2,38.3,25.56,11,,0.8
"2025-09-02 21:03:29",1867,1601,81279,0,,5.65,27.9,25.56,11,,1
"2025-09-02 21:03:30",1867,1601,81278,-36.692832,-71.914733,6.05,38,25.61,11,,1
"2025-09-02 21:03:31",1867,1601,81281,0,,7.1,27.9,25.68,11,,1
"2025-09-02 21:03:32",1867,1601,81284,0,,5.85,37.5,25.65,11,,0.9
"2025-09-02 21:03:33",1866,1600,81288,-36.692687,-71.914605,6.75,42.4,25.65,11,41.25,0.6
"2025-09-02 21:03:34",1868,1602,81268,0,,7.05,30.9,25.69,11,,0.5
"2025-09-02 21:03:35",1871,1605,81249,0,,6.55,36.8,25.72,10.9,,0.6
"2025-09-02 21:03:36",1873,1607,81230,-36.692535,-71.91448,6.9,32.8,25.73,10.9,,0.7
"2025-09-02 21:03:37",1874,1608,81219,0,,6.3,33.3,25.69,10.9,,0.7
"2025-09-02 21:03:38",1875,1609,81209,0,,6.5,44.2,25.65,10.9,,0.7
"2025-09-02 21:03:39",1876,1610,81200,-36.692397,-71.914357,6.65,30.5,25.65,10.9,,0.7
"2025-09-02 21:03:40",1874,1608,81212,0,,5.7,33.7,25.66,10.9,,0.6
"2025-09-02 21:03:41",1873,1607,81225,0,,7.2,44,25.7,10.9,,0.5
"2025-09-02 21:03:42",1872,1606,81238,-36.692258,-71.914223,6.8,32,25.71,10.85,,0.4
"2025-09-02 21:03:43",1874,1608,81212,0,,5.55,39.5,25.7,10.85,,0.6
"2025-09-02 21:03:44",1877,1611,81186,0,,7.4,40,25.72,10.85,,0.9
"2025-09-02 21:03:45",1880,1614,81160,-36.692117,-71.914087,6.7,31.5,25.68,10.85,,1.2
"2025-09-02 21:03:46",1881,1615,81151,0,,6,45.7,25.59,10.85,,1.1
"2025-09-02 21:03:47",1882,1616,81142,0,,7.45,37.8,25.58,10.85,,1
"2025-09-02 21:03:48",1883,1617,81134,-36.691977,-71.913948,6.05,32.1,25.57,10.85,,0.9
"2025-09-02 21:03:51",1887,1621,81098,-36.691835,-71.913813,6.25,34.4,25.51,10.9,,0.9
"2025-09-02 21:03:52",1887,1621,81095,0,,6.45,47.1,25.49,10.9,,0.9
"2025-09-02 21:03:53",1888,1622,81092,0,,6.85,29.3,25.5,10.9,,1
"2025-09-02 21:03:54",1888,1622,81090,-36.691692,-71.91368,6.05,35.8,25.52,10.9,,1.1
"2025-09-02 21:03:55",1889,1623,81080,0,,7.4,44.2,25.63,10.9,,1.3
"2025-09-02 21:03:56",1890,1624,81070,0,,6.25,32.8,25.6,10.9,,1.2
"2025-09-02 21:03:57",1891,1625,81060,-36.69156,-71.913545,5.4,43.1,25.66,10.9,,1.1
"2025-09-02 21:03:58",1891,1625,81063,0,,7.1,38.4,25.63,10.9,,0.8
"2025-09-02 21:03:59",1890,1624,81066,0,,6.55,31.2,25.66,10.9,,0.7
"2025-09-02 21:04:00",1890,1624,81070,-36.691415,-71.913408,6.85,41.6,25.65,10.85,41.25,0.6
"2025-09-02 21:04:01",1893,1627,81041,0,,6.85,34.6,25.6,10.9,,0.8
"2025-09-02 21:04:02",1896,1630,81011,0,,6.05,34,25.6,10.85,,1
"2025-09-02 21:04:03",1900,1634,80982,-36.69128,-71.91327,6.9,49.6,25.67,10.85,,1
"2025-09-02 21:04:04",1900,1634,80973,0,,6.3,33.3,25.61,10.85,,1.1
"2025-09-02 21:04:05",1901,1635,80965,0,,5.9,38.1,25.63,10.85,,1.1
"2025-09-02 21:04:06",1902,1636,80958,-36.691143,-71.913128,7.5,44.9,25.61,10.85,,1.2
"2025-09-02 21:04:07",1903,1637,80951,0,,6.25,37.3,25.56,10.85,,1.2
"2025-09-02 21:04:08",1903,1637,80945,0,,5.9,45.9,25.67,10.85,,1.1
"2025-09-02 21:04:09",1904,1638,80940,-36.691013,-71.912995,7.05,36.7,25.61,10.85,,1.1
"2025-09-02 21:04:10",1906,1640,80920,0,,5.95,35.7,25.63,10.85,,1.3
"2025-09-02 21:04:11",1908,1642,80901,0,,6.9,45.9,25.59,10.85,,1.5
"2025-09-02 21:04:12",1910,1644,80882,-36.690875,-71.912853,7.25,35.1,25.57,10.85,,1.7
"2025-09-02 21:04:13",1911,1645,80872,0,,5.45,43.1,25.66,10.85,,1.5
"2025-09-02 21:04:14",1912,1646,80863,0,,6.15,45.2,25.66,10.85,,1.3
"2025-09-02 21:04:15",1913,1647,80854,-36.690743,-71.912712,7.35,33,25.59,10.8,,1.2
"2025-09-02 21:04:16",1913,1647,80854,0,,6.2,45.4,25.56,10.85,,1.1
"2025-09-02 21:04:17",1913,1647,80854,0,,5.95,44.8,25.63,10.85,,1
"2025-09-02 21:04:18",1913,1647,80854,-36.690617,-71.912575,6.55,33.9,25.58,10.85,,0.9
"2025-09-02 21:04:20",1917,1651,80822,0,,5.5,37.3,25.49,10.85,,1.1
"2025-09-02 21:04:21",1919,1653,80806,-36.690492,-71.912442,6.75,36.7,25.51,10.85,,1.2
"2025-09-02 21:04:22",1921,1655,80781,0,,6.05,49.7,25.42,10.85,,1.3
"2025-09-02 21:04:23",1924,1658,80758,0,,5.45,35.9,25.38,10.85,,1.4
"2025-09-02 21:04:24",1926,1660,80736,-36.690365,-71.9123,7.25,40.4,25.29,10.9,,1.4
"2025-09-02 21:04:25",1927,1661,80728,0,,6.5,46,25.26,10.85,,1.3
"2025-09-02 21:04:26",1928,1662,80721,0,,5.85,30.4,25.27,10.85,,1.3
"2025-09-02 21:04:27",1929,1663,80714,-36.690233,-71.91216,6.95,46,25.26,10.95,41.25,1.3
"2025-09-02 21:04:28",1929,1663,80710,0,,6.2,43.3,25.26,10.95,,1.2
"2025-09-02 21:04:29",1930,1664,80706,0,,6.5,29.7,25.21,10.95,,1.2
"2025-09-02 21:04:30",1930,1664,80702,-36.690098,-71.912023,6.5,47.5,25.23,10.95,,1.3
"2025-09-02 21:04:31",1933,1667,80673,0,,6.1,41.3,25.23,10.95,,1.5
"2025-09-02 21:04:32",1936,1670,80645,0,,7.3,35,25.29,10.95,,1.6
"2025-09-02 21:04:33",1939,1673,80618,-36.689962,-71.911887,6.15,45.2,25.28,10.95,,1.7
"2025-09-02 21:04:34",1940,1674,80613,0,,6.95,39.8,25.24,10.95,,1.5
"2025-09-02 21:04:35",1940,1674,80609,0,,6.95,39.8,25.22,10.95,,1.3
"2025-09-02 21:04:36",1940,1674,80606,-36.689838,-71.91175,5.7,50,25.24,10.95,,1.2
"2025-09-02 21:04:37",1943,1677,80584,0,,6.1,37.7,25.17,10.95,,1.3
"2025-09-02 21:04:38",1945,1679,80561,0,,7.25,41.7,25.24,10.95,,1.4
"2025-09-02 21:04:39",1948,1682,80538,-36.689712,-71.91161,5.4,47.9,25.24,10.95,,1.5
"2025-09-02 21:04:40",1950,1684,80519,0,,6.3,38.5,25.17,10.95,,1.7
"2025-09-02 21:04:41",1952,1686,80502,0,,7.4,45.6,25.26,10.95,,1.8
"2025-09-02 21:04:42",1953,1687,80486,-36.68959,-71.911465,5.5,48.6,25.23,10.95,,2
"2025-09-02 21:04:43",1955,1689,80472,0,,5.95,38.1,25.16,10.85,,1.8
"2025-09-02 21:04:44",1956,1690,80459,0,,7,43.9,25.23,10.85,,1.7
"2025-09-02 21:04:45",1958,1692,80446,-36.68947,-71.911325,5.1,47,25.19,10.85,,1.6
"2025-09-02 21:04:46",1960,1694,80429,0,,6.25,42.7,25.15,10.85,,1.7
"2025-09-02 21:04:47",1961,1695,80413,0,,7.2,43.8,25.28,10.85,,1.8
"2025-09-02 21:04:48",1963,1697,80398,-36.68935,-71.911183,5.1,45.7,25.21,10.8,,1.9
"2025-09-02 21:04:51",1969,1703,80346,-36.68923,-71.911037,5.4,48.5,25.14,10.85,,1.7
"2025-09-02 21:04:52",1970,1704,80331,0,,6.25,45.8,25.08,10.85,,1.7
"2025-09-02 21:04:53",1972,1706,80316,0,,7,39.9,25.12,10.95,,1.7
"2025-09-02 21:04:54",1974,1708,80302,-36.689113,-71.91089,5.15,50.5,25.07,10.95,40.75,1.7
"2025-09-02 21:04:55",1976,1710,80283,0,,6.45,49.1,24.99,10.95,,1.7
"2025-09-02 21:04:56",1978,1712,80264,0,,7.1,43.8,25.06,10.95,,1.8
"2025-09-02 21:04:57",1980,1714,80246,-36.688992,-71.910738,5.25,47.9,25.01,10.95,,1.8
"2025-09-02 21:04:58",1981,1715,80231,0,,,,24.97,10.95,,1.8
"2025-09-02 21:04:59",1983,1717,80216,0,,7.15,42.1,25.07,10.95,,1.8
"2025-09-02 21:05:00",1985,1719,80202,-36.68887,-71.910593,5.1,47.8,25,10.95,,1.8
"2025-09-02 21:05:01",1986,1720,80185,0,,6.6,45.3,24.94,10.9,,1.8
"2025-09-02 21:05:02",1988,1722,80169,0,,7.4,43.2,24.98,10.9,,1.8
"2025-09-02 21:05:03",1990,1724,80154,-36.688748,-71.910442,5.1,46.2,24.9,10.9,,1.7
"2025-09-02 21:05:04",1991,1725,80141,0,,6.55,48.7,24.89,10.9,,1.7
"2025-09-02 21:05:05",1993,1727,80128,0,,7,47.9,24.9,10.95,,1.7
"2025-09-02 21:05:06",1994,1728,80116,-36.688627,-71.91029,5.5,38.3,24.86,10.9,,1.7
"2025-09-02 21:05:07",1996,1730,80099,0,,6.9,48.1,24.92,10.9,,1.7
"2025-09-02 21:05:08",1998,1732,80083,0,,6.7,48.7,24.9,10.9,,1.6
"2025-09-02 21:05:09",1999,1733,80068,-36.688507,-71.910137,5.65,36.9,24.84,10.9,,1.6
"2025-09-02 21:05:10",2001,1735,80050,0,,6.5,53.4,24.83,10.9,,1.6
"2025-09-02 21:05:11",2003,1737,80034,0,,6.2,52.2,24.81,10.9,,1.7
"2025-09-02 21:05:12",2005,1739,80018,-36.688387,-71.90998,6.7,37.7,24.82,10.9,,1.7
"2025-09-02 21:05:13",2006,1740,80007,0,,6.5,48.5,24.82,10.9,,1.6
"2025-09-02 21:05:14",2007,1741,79996,0,,5.5,45.4,24.79,10.9,,1.6
"2025-09-02 21:05:15",2008,1742,79986,-36.688268,-71.909823,6.85,43.6,24.76,10.9,,1.5
"2025-09-02 21:05:17",2012,1746,79951,0,,5.7,39.5,24.77,10.9,,1.6
"2025-09-02 21:05:18",2014,1748,79934,-36.688148,-71.909672,6.85,42.2,24.76,10.9,,1.7
"2025-09-02 21:05:21",2016,1750,79916,-36.688035,-71.909508,7,50.5,24.74,10.95,40.5,1.4
"2025-09-02 21:05:23",2020,1754,79880,0,,6.75,38.9,24.63,10.95,,1.4
"2025-09-02 21:05:24",2022,1756,79862,-36.687917,-71.909355,6.75,50.3,24.68,10.95,,1.5
"2025-09-02 21:05:26",2028,1762,79801,0,,6.8,45.6,24.63,11,,1.7
"2025-09-02 21:05:27",2032,1766,79772,-36.687798,-71.909202,6.8,49.9,24.63,11,,1.9
"2025-09-02 21:05:29",2036,1770,79733,0,,6.95,48.3,24.56,10.95,,2
"2025-09-02 21:05:30",2038,1772,79714,-36.687682,-71.909047,6.6,53.7,24.55,11,,2
"2025-09-02 21:05:32",2042,1776,79677,0,,7.05,48.8,24.5,11,,2
"2025-09-02 21:05:33",2044,1778,79660,-36.687565,-71.908892,6,55.3,24.45,11,,2
"2025-09-02 21:05:34",2046,1780,79645,0,,6.15,37,24.39,11,,2.3
"2025-09-02 21:05:35",2047,1781,79631,0,,6.8,51.7,24.41,11,,2.3
"2025-09-02 21:05:36",2049,1783,79618,-36.687455,-71.908733,5.65,56.4,24.39,11,,2.2
"2025-09-02 21:05:37",2050,1784,79605,0,,6.95,43.2,24.35,11,,2.2
"2025-09-02 21:05:38",2052,1786,79591,0,,6.9,51.2,24.4,11,,1.9
"2025-09-02 21:05:39",2053,1787,79578,-36.687337,-71.908578,5.45,43.5,24.35,11,,1.8
"2025-09-02 21:05:40",2055,1789,79562,0,,6.75,47.8,24.36,11,,1.8
"2025-09-02 21:05:41",2056,1790,79547,0,,6.4,56.8,24.38,11,,1.7
"2025-09-02 21:05:42",2058,1792,79532,-36.68722,-71.908417,6.35,41.2,24.33,11,,1.7
"2025-09-02 21:05:43",2060,1794,79515,0,,6.4,48.5,24.38,11,,1.7
"2025-09-02 21:05:44",2062,1796,79497,0,,5.65,57.4,24.35,10.95,,1.7
"2025-09-02 21:05:45",2064,1798,79480,-36.687112,-71.908255,6.7,46.4,24.3,10.95,,1.7
"2025-09-02 21:05:46",2065,1799,79471,0,,6.55,48.8,24.36,11,,1.6
"2025-09-02 21:05:47",2066,1800,79462,0,,5.05,48.9,24.33,10.95,,1.6
"2025-09-02 21:05:48",2067,1801,79454,-36.687008,-71.908097,6.7,51.7,24.32,10.95,40,1.5
"2025-09-02 21:05:49",2069,1803,79437,0,,6.6,53.1,24.35,10.95,,1.5
"2025-09-02 21:05:50",2070,1804,79422,0,,5.4,40.8,24.3,10.95,,1.5
"2025-09-02 21:05:51",2072,1806,79408,-36.686902,-71.907942,6.5,49.9,24.32,10.95,,1.6
"2025-09-02 21:05:52",2073,1807,79397,0,,5.95,58.2,24.31,10.95,,1.5
"2025-09-02 21:05:53",2074,1808,79386,0,,6.1,43.1,24.24,10.95,,1.5
"2025-09-02 21:05:54",2075,1809,79376,-36.686792,-71.907785,6.95,50.3,24.31,10.95,,1.5
"2025-09-02 21:05:55",2077,1811,79359,0,,5.4,48.8,24.25,10.95,,1.4
"2025-09-02 21:05:56",2079,1813,79343,0,,4.3,55.4,24.2,10.95,,1.4
"2025-09-02 21:05:57",2081,1815,79328,-36.686698,-71.90764,6.25,54.7,24.24,10.95,,1.4
"2025-09-02 21:05:58",2083,1817,79305,0,,5.65,50.6,24.21,10.9,,1.5
"2025-09-02 21:05:59",2086,1820,79281,0,,6.9,41.1,24.17,10.9,,1.6
"2025-09-02 21:06:00",2088,1822,79258,-36.686587,-71.907483,6.2,56.2,24.17,10.9,,1.7
"2025-09-02 21:06:01",2090,1824,79239,0,,5.2,49.9,24.13,10.9,,1.8
"2025-09-02 21:06:02",2092,1826,79221,0,,6.8,46,24.1,10.9,,1.8
"2025-09-02 21:06:03",2094,1828,79204,-36.686477,-71.907327,6.05,55.7,24.1,10.9,,1.9
"2025-09-02 21:06:04",2097,1831,79181,0,,5.7,43.2,24.04,10.9,,2
"2025-09-02 21:06:05",2099,1833,79159,0,,7.05,47.1,24.1,10.95,,2.1
"2025-09-02 21:06:06",2102,1836,79138,-36.686362,-71.907177,5.75,51.5,24.06,10.95,,2.2
"2025-09-02 21:06:07",2103,1837,79124,0,,5.65,41.1,24.03,10.95,,2.2
"2025-09-02 21:06:08",2105,1839,79110,0,,6.95,50.6,24.08,10.95,,2.1
"2025-09-02 21:06:09",2106,1840,79096,-36.686247,-71.907027,5.55,48.7,24.05,10.95,,2.1
"2025-09-02 21:06:10",2108,1842,79082,0,,5.65,40,24.02,10.95,,2
"2025-09-02 21:06:11",2109,1843,79068,0,,6.6,55.3,24.05,10.95,,2
"2025-09-02 21:06:12",2111,1845,79054,-36.686135,-71.906875,5.7,49.7,23.99,10.95,,1.9
"2025-09-02 21:06:13",2112,1846,79041,0,,6.4,38.8,23.96,10.95,,1.8
"2025-09-02 21:06:14",2114,1848,79029,0,,6.15,54.8,23.97,10.95,,1.8
"2025-09-02 21:06:15",2115,1849,79018,-36.686025,-71.906718,5.6,48.9,23.95,10.95,40,1.7
"2025-09-02 21:06:16",2116,1850,79003,0,,7.15,45.7,23.96,10.95,,1.7
"2025-09-02 21:06:17",2118,1852,78989,0,,5.8,49.6,23.94,11,,1.6
"2025-09-02 21:06:18",2120,1854,78976,-36.68591,-71.90657,5.5,40.6,23.9,11,,1.6
"2025-09-02 21:06:21",2124,1858,78938,-36.685797,-71.90642,6.2,38.3,23.81,10.95,,1.5
"2025-09-02 21:06:22",2125,1859,78926,0,,6.5,53.8,23.81,10.95,,1.4
"2025-09-02 21:06:23",2126,1860,78915,0,,5.2,49.7,23.73,10.95,,1.4
"2025-09-02 21:06:24",2127,1861,78904,-36.685687,-71.90627,6.5,40,23.72,11,,1.4
"2025-09-02 21:06:25",2129,1863,78890,0,,6.25,54.4,23.72,11,,1.4
"2025-09-02 21:06:26",2131,1865,78876,0,,5.1,45.5,23.72,11,,1.4
"2025-09-02 21:06:27",2132,1866,78862,-36.685575,-71.906123,6.95,42.1,23.71,11,,1.4
"2025-09-02 21:06:28",2133,1867,78853,0,,5.65,52,23.68,11.05,,1.4
"2025-09-02 21:06:29",2134,1868,78845,0,,5.2,40.2,23.64,11.05,,1.4
"2025-09-02 21:06:30",2135,1869,78838,-36.685467,-71.905977,6.75,49.9,23.69,11.05,,1.3
"2025-09-02 21:06:31",2136,1870,78826,0,,5.65,49.7,23.66,11.05,,1.3
"2025-09-02 21:06:32",2137,1871,78815,0,,5.65,37.2,23.62,11.05,,1.3
"2025-09-02 21:06:33",2139,1873,78804,-36.685358,-71.905845,5.9,48.8,23.71,11.05,,1.2
"2025-09-02 21:06:34",2142,1876,78771,0,,5,47.8,23.64,11.05,,1.4
"2025-09-02 21:06:35",2146,1880,78739,0,,6.55,43.5,23.64,11.05,,1.6
"2025-09-02 21:06:36",2149,1883,78708,-36.685248,-71.905703,5.9,52.5,23.63,11.05,,1.8
"2025-09-02 21:06:37",2151,1885,78693,0,,6.45,49.1,23.58,11.05,,1.8
"2025-09-02 21:06:38",2152,1886,78678,0,,6.45,49.1,23.61,11.1,,1.8
"2025-09-02 21:06:39",2154,1888,78664,-36.68514,-71.905558,5.5,53.7,23.59,11.1,,1.8
"2025-09-02 21:06:40",2155,1889,78651,0,,6.05,39.7,23.51,11.05,,1.9
"2025-09-02 21:06:41",2157,1891,78639,0,,6.7,49.6,23.54,11.05,,1.9
"2025-09-02 21:06:42",2158,1892,78628,-36.685032,-71.905418,4.85,47.5,23.49,11.05,39.5,1.9
"2025-09-02 21:06:43",2159,1893,78616,0,,5.95,40.1,23.45,11.05,,1.9
"2025-09-02 21:06:44",2161,1895,78604,0,,6.1,53.3,23.5,11.05,,2
"2025-09-02 21:06:45",2162,1896,78592,-36.684922,-71.905273,5.15,42.3,23.45,11.1,,2
"2025-09-02 21:06:46",2163,1897,78581,0,,6.65,46.3,23.45,11.1,,1.9
"2025-09-02 21:06:47",2165,1899,78569,0,,5.85,52.3,23.43,11.1,,1.7
"2025-09-02 21:06:48",2166,1900,78558,-36.684807,-71.905133,5.8,35.6,23.37,11.1,,1.6
"2025-09-02 21:06:49",2167,1901,78544,0,,6.2,47.6,23.43,11.1,,1.4
"2025-09-02 21:06:50",2169,1903,78530,0,,5,52.5,23.41,11.1,,1.4
"2025-09-02 21:06:51",2171,1905,78516,-36.684698,-71.904987,6.25,42.6,23.35,11.1,,1.4
"2025-09-02 21:06:52",2171,1905,78508,0,,6.35,49.2,23.46,11.1,,1.3
"2025-09-02 21:06:53",2172,1906,78501,0,,5.15,38.4,23.39,11.1,,1.3
"2025-09-02 21:06:54",2173,1907,78494,-36.684588,-71.90485,6.05,43.2,23.39,11.1,,1.3
"2025-09-02 21:06:55",2174,1908,78485,0,,,,23.37,11.1,,1.2
"2025-09-02 21:06:56",2175,1909,78477,0,,,,23.31,11.1,,1.2
"2025-09-02 21:06:57",2176,1910,78470,0,,,,23.35,11.1,,1.2
"2025-09-02 21:06:58",2177,1911,78460,0,,5.4,49.6,23.34,11.1,,1.1
"2025-09-02 21:06:59",2178,1912,78450,0,,5.45,35.6,23.29,11.1,,1.1
"2025-09-02 21:07:00",2179,1913,78440,-36.68437,-71.904567,6.4,51.8,23.31,11.1,,1.1
"2025-09-02 21:07:01",2181,1915,78423,0,,5.25,50.5,23.27,11.1,,1.1
"2025-09-02 21:07:02",2183,1917,78407,0,,6.15,36.6,23.21,11.1,,1.1
"2025-09-02 21:07:03",2184,1918,78392,-36.684262,-71.90443,6.05,51.1,23.24,11.1,,1.1
"2025-09-02 21:07:07",2193,1927,78310,0,,5,39.9,23.17,11.1,,1.6
"2025-09-02 21:07:08",2196,1930,78290,0,,6.6,50,23.21,11.1,,1.7
"2025-09-02 21:07:09",2198,1932,78270,-36.684042,-71.904155,5.4,49.8,23.16,11.1,39.25,1.8
"2025-09-02 21:07:10",2199,1933,78257,0,,5.65,35,23.14,11.05,,1.9
"2025-09-02 21:07:11",2201,1935,78245,0,,6,52.1,23.17,11.05,,1.9
"2025-09-02 21:07:12",2202,1936,78234,-36.683937,-71.904022,5,49.6,23.15,11.1,,1.9
"2025-09-02 21:07:13",2203,1937,78227,0,,6,39.4,23.09,11.1,,1.8
"2025-09-02 21:07:14",2203,1937,78221,0,,5.6,50.5,23.13,11.1,,1.7
"2025-09-02 21:07:15",2204,1938,78216,-36.683832,-71.90389,4.75,41.7,23.07,11.1,,1.6
"2025-09-02 21:07:16",2205,1939,78205,0,,6.4,47.4,23.09,11.1,,1.6
"2025-09-02 21:07:17",2206,1940,78195,0,,5.65,51.1,23.14,11.1,,1.6
"2025-09-02 21:07:18",2207,1941,78186,-36.683722,-71.903748,5.6,36.1,23.07,11.1,,1.5
"2025-09-02 21:07:21",2211,1945,78156,-36.68362,-71.903613,5.65,38.6,22.99,11.15,,1.2
"2025-09-02 21:07:22",2212,1946,78144,0,,5.95,54.1,23.04,11.15,,1.1
"2025-09-02 21:07:23",2213,1947,78133,0,,4.9,42.4,23,11.15,,1
"2025-09-02 21:07:24",2214,1948,78122,-36.683518,-71.903478,6.15,41.7,22.99,11.15,,1
"2025-09-02 21:07:25",2214,1948,78123,0,,5.2,54.9,22.97,11.15,,1
"2025-09-02 21:07:26",2214,1948,78124,0,,5.2,40.8,22.91,11.15,,0.9
"2025-09-02 21:07:27",2214,1948,78126,-36.683413,-71.903343,6.5,47.4,22.98,11.2,,0.8
"2025-09-02 21:07:28",2216,1950,78111,0,,4.6,46.8,22.92,11.2,,0.9
"2025-09-02 21:07:29",2217,1951,78096,0,,5.7,40.2,22.9,11.2,,0.9
"2025-09-02 21:07:30",2219,1953,78082,-36.683308,-71.903208,6.15,54.3,22.97,11.2,,1
"2025-09-02 21:07:31",2222,1956,78057,0,,5.05,38.7,22.91,11.2,,1.1
"2025-09-02 21:07:32",2224,1958,78032,0,,5.8,40.7,22.92,11.2,,1.2
"2025-09-02 21:07:33",2227,1961,78008,-36.683205,-71.903077,5.3,55.7,22.91,11.2,,1.4
"2025-09-02 21:07:34",2228,1962,77997,0,,5.45,39.1,22.86,11.15,,1.4
"2025-09-02 21:07:35",2230,1964,77986,0,,6.1,44.9,22.91,11.25,,1.4
"2025-09-02 21:07:36",2231,1965,77976,-36.683105,-71.902953,4.35,50.3,22.87,11.25,39.25,1.4
"2025-09-02 21:07:37",2232,1966,77966,0,,5.25,43.1,22.86,11.25,,1.5
"2025-09-02 21:07:38",2233,1967,77957,0,,6.1,53.6,22.9,11.25,,1.6
"2025-09-02 21:07:39",2234,1968,77948,-36.683002,-71.902822,4.8,43.5,22.83,11.25,,1.7
"2025-09-02 21:07:40",2235,1969,77941,0,,5.6,37,22.82,11.25,,1.6
"2025-09-02 21:07:41",2235,1969,77935,0,,5.4,50.3,22.85,11.25,,1.5
"2025-09-02 21:07:42",2236,1970,77930,-36.682897,-71.902697,4.7,41.6,22.77,11.25,,1.4
"2025-09-02 21:07:43",2237,1971,77922,0,,5.95,42.6,22.8,11.25,,1.4
"2025-09-02 21:07:44",2238,1972,77915,0,,4.95,55.1,22.78,11.25,,1.2
"2025-09-02 21:07:45",2238,1972,77908,-36.682795,-71.902565,5,38.6,22.77,11.2,,1.1
"2025-09-02 21:07:46",2239,1973,77900,0,,,,22.77,11.25,,0.9
"2025-09-02 21:07:47",2240,1974,77893,0,,,,22.74,11.2,,0.9
"2025-09-02 21:07:48",2241,1975,77886,0,,,,22.7,11.2,,0.9
"2025-09-02 21:07:51",2245,1979,77852,-36.682593,-71.902308,5.65,35.4,22.69,11.2,,0.9
"2025-09-02 21:07:53",2246,1980,77842,0,,5.05,42.2,22.7,11.25,,0.9
"2025-09-02 21:07:54",2246,1980,77838,-36.682487,-71.902178,6.3,41.5,22.74,11.25,,0.8
"2025-09-02 21:07:55",2246,1980,77835,0,,,,22.75,11.2,,0.8
"2025-09-02 21:07:56",2247,1981,77832,0,,,,22.72,11.2,,0.8
"2025-09-02 21:07:57",2247,1981,77830,0,,,,22.77,11.2,,0.7
"2025-09-02 21:07:59",2250,1984,77807,0,,5,38.3,22.68,11.2,,0.8
"2025-09-02 21:08:00",2251,1985,77796,-36.682283,-71.90192,5.65,58.1,22.72,11.2,,0.8
"2025-09-02 21:08:02",2254,1988,77770,0,,6,41.1,22.67,11.2,,0.9
"2025-09-02 21:08:03",2255,1989,77758,-36.682183,-71.901788,5.05,54.6,22.67,11.25,39,1
"2025-09-02 21:08:05",2259,1993,77723,0,,6.2,48.2,22.64,11.25,,1.1
"2025-09-02 21:08:06",2261,1995,77706,-36.682082,-71.901653,5.15,53.7,22.64,11.25,,1.2
"2025-09-02 21:08:07",2262,1996,77696,0,,5.45,36.9,22.57,11.25,,1.3
"2025-09-02 21:08:08",2263,1997,77687,0,,6.2,48.9,22.6,11.25,,1.4
"2025-09-02 21:08:09",2264,1998,77678,-36.681983,-71.901522,4.5,54.5,22.55,11.25,,1.4
"2025-09-02 21:08:10",2265,1999,77670,0,,5.15,42.7,22.51,11.25,,1.4
"2025-09-02 21:08:11",2266,2000,77663,0,,6.4,53.2,22.57,11.25,,1.3
"2025-09-02 21:08:12",2267,2001,77656,-36.681885,-71.901388,4.75,48.1,22.51,11.25,,1.3
"2025-09-02 21:08:13",2268,2002,77646,0,,5.1,39.6,22.48,11.25,,1.3
"2025-09-02 21:08:14",2269,2003,77637,0,,6,56.3,22.53,11.25,,1.2
"2025-09-02 21:08:15",2270,2004,77628,-36.681788,-71.901257,4.65,47,22.47,11.25,,1.2
"2025-09-02 21:08:16",2271,2005,77620,0,,5.5,42.4,22.43,11.25,,1.2
"2025-09-02 21:08:17",2271,2005,77612,0,,6,57.6,22.48,11.25,,1.2
"2025-09-02 21:08:18",2272,2006,77604,-36.68169,-71.901127,4.7,39.5,22.42,11.25,,1
"2025-09-02 21:08:20",2274,2008,77591,0,,5.6,62.5,22.43,11.3,,0.9
"2025-09-02 21:08:21",2274,2008,77586,-36.681595,-71.900993,5,38,22.36,11.3,,0.9
"2025-09-02 21:08:22",2275,2009,77577,0,,5.55,45.1,22.41,11.3,,0.9
"2025-09-02 21:08:23",2276,2010,77568,0,,5.35,59.5,22.42,11.3,,0.9
"2025-09-02 21:08:24",2277,2011,77560,-36.681495,-71.90085,5.95,42.2,22.38,11.3,,0.9
"2025-09-02 21:08:25",2278,2012,77553,0,,5.95,47.7,22.38,11.3,,0.9
"2025-09-02 21:08:26",2279,2013,77546,0,,4.7,53.1,22.38,11.35,,0.9
"2025-09-02 21:08:27",2280,2014,77540,-36.6814,-71.900707,6.1,50.4,22.33,11.35,,0.8
"2025-09-02 21:08:28",2280,2014,77533,0,,5.85,52.4,22.4,11.35,,0.8
"2025-09-02 21:08:29",2281,2015,77527,0,,4.9,39.4,22.39,11.35,,0.8
"2025-09-02 21:08:30",2282,2016,77522,-36.681305,-71.90057,5.7,50.4,22.31,11.35,38.75,0.8
"2025-09-02 21:08:31",2283,2017,77507,0,,5.3,58.5,22.41,11.35,,0.8
"2025-09-02 21:08:32",2285,2019,77492,0,,5.7,46.9,22.39,11.35,,0.9
"2025-09-02 21:08:33",2287,2021,77478,-36.681212,-71.900425,5.8,50.1,22.34,11.3,,1
"2025-09-02 21:08:34",2286,2020,77481,0,,4.65,53.1,22.31,11.3,,0.9
"2025-09-02 21:08:35",2286,2020,77484,0,,6.1,45.2,22.32,11.35,,0.8
"2025-09-02 21:08:36",2285,2019,77488,-36.681113,-71.900285,6.1,53.2,22.4,11.35,,0.7
"2025-09-02 21:08:37",2287,2021,77474,0,,4.55,45.7,22.35,11.35,,0.7
"2025-09-02 21:08:38",2288,2022,77461,0,,6.3,47.4,22.29,11.35,,0.8
"2025-09-02 21:08:39",2290,2024,77448,-36.681013,-71.900143,5.95,55.7,22.25,11.35,,0.9
"2025-09-02 21:08:40",2290,2024,77444,0,,4.4,39.4,22.21,11.3,,0.8
"2025-09-02 21:08:41",2291,2025,77441,0,,5.95,51.9,22.27,11.3,,0.8
"2025-09-02 21:08:42",2291,2025,77438,-36.680918,-71.900003,5.55,58.1,22.33,11.35,,0.8
"2025-09-02 21:08:43",2292,2026,77431,0,,5.55,39.1,22.31,11.35,,0.8
"2025-09-02 21:08:44",2293,2027,77424,0,,5.75,51.3,22.28,11.35,,0.7
"2025-09-02 21:08:45",2293,2027,77418,-36.680822,-71.899862,4.95,57.1,22.32,11.35,,0.6
"2025-09-02 21:08:46",2294,2028,77414,0,,6.2,45.6,22.28,11.35,,0.6
"2025-09-02 21:08:47",2294,2028,77411,0,,5.55,54.5,22.27,11.35,,0.7
"2025-09-02 21:08:48",2294,2028,77408,-36.680727,-71.899717,4.6,48.6,22.31,11.35,,0.7
"2025-09-02 21:08:51",2299,2033,77366,-36.680632,-71.899573,5.3,38.7,22.19,11.35,,0.8
"2025-09-02 21:08:52",2300,2034,77361,0,,6.15,55.6,22.21,11.35,,0.7
"2025-09-02 21:08:53",2300,2034,77356,0,,5.35,59,22.29,11.35,,0.8
"2025-09-02 21:08:54",2301,2035,77352,-36.680537,-71.899425,6,41.4,22.24,11.35,,0.8
"2025-09-02 21:08:55",2301,2035,77344,0,,5.7,54.4,22.26,11.35,,0.8
"2025-09-02 21:08:56",2302,2036,77337,0,,4.9,53.4,22.3,11.35,,0.8
"2025-09-02 21:08:57",2303,2037,77330,-36.680442,-71.899278,6.3,46.8,22.23,11.35,39.25,0.8
"2025-09-02 21:08:58",2302,2036,77337,0,,5.6,54.8,22.19,11.35,,0.7
"2025-09-02 21:08:59",2301,2035,77344,0,,4.6,44.8,22.23,11.35,,0.6
"2025-09-02 21:09:00",2301,2035,77352,-36.680355,-71.899137,6,54.1,22.21,11.35,,0.5
"2025-09-02 21:09:01",2304,2038,77324,0,,5.35,58.8,22.16,11.35,,0.7
"2025-09-02 21:09:02",2307,2041,77298,0,,5.4,40.4,22.13,11.4,,0.9
"2025-09-02 21:09:03",2310,2044,77272,-36.680265,-71.898993,6.1,56.2,22.15,11.4,,0.9
"2025-09-02 21:09:04",2310,2044,77267,0,,4.8,55.9,22.23,11.45,,0.9
"2025-09-02 21:09:05",2311,2045,77262,0,,5.75,45.2,22.18,11.4,,0.9
"2025-09-02 21:09:06",2311,2045,77258,-36.680175,-71.898855,5.65,56.9,22.16,11.4,,0.9
"2025-09-02 21:09:07",2312,2046,77252,0,,4.85,44,22.21,11.4,,0.9
"2025-09-02 21:09:08",2313,2047,77246,0,,5.9,47.7,22.17,11.4,,0.9
"2025-09-02 21:09:09",2313,2047,77240,-36.680083,-71.898723,4.75,55.5,22.15,11.4,,0.8
"2025-09-02 21:09:10",2314,2048,77231,0,,5.25,44.9,22.16,11.45,,1
"2025-09-02 21:09:11",2315,2049,77222,0,,6.5,54,22.11,11.45,,1.1
"2025-09-02 21:09:12",2316,2050,77214,-36.679983,-71.898582,4.95,49.7,22.08,11.45,,1.3
"2025-09-02 21:09:13",2315,2049,77222,0,,5.55,38.6,22.16,11.45,,1.1
"2025-09-02 21:09:14",2314,2048,77231,0,,5.75,54.8,22.21,11.45,,0.8
"2025-09-02 21:09:15",2313,2047,77240,-36.679888,-71.898443,4.7,52.3,22.21,11.45,,0.5
"2025-09-02 21:09:16",2316,2050,77219,0,,6,44.1,22.18,11.4,,0.4
"2025-09-02 21:09:17",2318,2052,77200,0,,5.65,55.2,22.13,11.4,,0.6
"2025-09-02 21:09:18",2320,2054,77182,-36.679788,-71.89831,4.75,40.4,22.1,11.35,,0.7
"2025-09-02 21:09:20",2320,2054,77183,0,,5.05,56.7,22.11,11.35,,0.6
"2025-09-02 21:09:21",2320,2054,77184,-36.67969,-71.898177,5.05,40.2,22.16,11.35,,0.5
"2025-09-02 21:09:22",2321,2055,77172,0,,6.25,51.3,22.11,11.3,,0.6
"2025-09-02 21:09:23",2322,2056,77160,0,,5.05,53.7,22.08,11.25,,0.6
"2025-09-02 21:09:24",2324,2058,77148,-36.679588,-71.898042,5.45,36.3,22.03,11.25,39.5,0.6
"2025-09-02 21:09:25",2324,2058,77140,0,,6.15,50.4,22.03,11.25,,0.8
"2025-09-02 21:09:26",2325,2059,77133,0,,4.4,53.3,22.01,11.25,,0.9
"2025-09-02 21:09:27",2326,2060,77126,-36.679495,-71.897905,5.45,43,22.16,11.25,,1.1
"2025-09-02 21:09:28",2327,2061,77118,0,,6,56.6,22.21,11.25,,1
"2025-09-02 21:09:29",2328,2062,77111,0,,5.05,46.6,22.18,11.25,,0.9
"2025-09-02 21:09:30",2329,2063,77104,-36.679388,-71.897762,6.35,42.9,22.14,11.25,,0.8
"2025-09-02 21:09:31",2329,2063,77096,0,,5.45,52.7,22.12,11.2,,0.7
"2025-09-02 21:09:32",2330,2064,77088,0,,4.75,40.1,22.1,11.2,,0.8
"2025-09-02 21:09:33",2331,2065,77080,-36.67929,-71.897623,6.35,50.1,22.2,11.2,,0.9
"2025-09-02 21:09:34",2333,2067,77068,0,,5.35,56.1,22.17,11.2,,1
"2025-09-02 21:09:35",2334,2068,77057,0,,5.7,38.6,22.14,11.2,,1
"2025-09-02 21:09:36",2335,2069,77046,-36.679187,-71.897492,6,47.7,22.1,11.2,,1
"2025-09-02 21:09:37",2335,2069,77049,0,,4.5,48.6,22.06,11.2,,0.9
"2025-09-02 21:09:38",2334,2068,77052,0,,5.4,43,22.16,11.2,,0.8
"2025-09-02 21:09:39",2334,2068,77056,-36.67909,-71.897357,6.05,53.7,22.26,11.2,,0.7
"2025-09-02 21:09:40",2336,2070,77039,0,,4.8,46.8,22.21,11.25,,0.7
"2025-09-02 21:09:41",2338,2072,77022,0,,6,40.1,22.14,11.25,,0.8
"2025-09-02 21:09:42",2340,2074,77006,-36.678985,-71.89722,5.95,55.3,22.06,11.15,,0.9
"2025-09-02 21:09:43",2341,2075,76996,0,,4.9,42.5,22.03,11.15,,0.9
"2025-09-02 21:09:44",2342,2076,76987,0,,6.3,42.8,21.98,11.2,,0.9
"2025-09-02 21:09:45",2343,2077,76978,-36.678883,-71.89709,5.1,52.9,21.96,11.2,,1
"2025-09-02 21:09:46",2342,2076,76982,0,,4.85,38.7,21.93,11.2,,0.8
"2025-09-02 21:09:47",2342,2076,76987,0,,6.35,49.4,22.08,11.25,,0.7
"2025-09-02 21:09:48",2341,2075,76992,-36.678777,-71.896957,5.05,49.9,22.1,11.2,,0.6
"2025-09-02 21:09:51",2348,2082,76936,-36.678677,-71.896827,4.75,48,22.03,11.2,39.5,1
"2025-09-02 21:09:52",2348,2082,76930,0,,6.15,40.6,22.01,11.2,,1
"2025-09-02 21:09:53",2349,2083,76925,0,,5.35,52.4,21.98,11.2,,0.9
"2025-09-02 21:09:54",2349,2083,76920,-36.678575,-71.896697,4.7,40.6,22,11.2,,0.8
"2025-09-02 21:09:55",2350,2084,76911,0,,6.15,47.7,21.96,11.15,,0.8
"2025-09-02 21:09:56",2351,2085,76902,0,,4.95,48.8,21.93,11.15,,0.8
"2025-09-02 21:09:57",2352,2086,76894,-36.678472,-71.896567,5.45,35.4,21.98,11.15,,0.8
"2025-09-02 21:09:58",2353,2087,76890,0,,6,51.4,21.94,11.1,,0.9
"2025-09-02 21:09:59",2353,2087,76887,0,,4.9,43.7,21.9,11.1,,0.9
"2025-09-02 21:10:00",2353,2087,76884,-36.678363,-71.89644,5.85,35.5,21.88,11.05,,1
"2025-09-02 21:10:01",2352,2086,76892,0,,5.55,50.8,21.91,11,,0.9
"2025-09-02 21:10:02",2351,2085,76901,0,,4.9,39.9,22.01,11.05,,0.7
"2025-09-02 21:10:03",2350,2084,76910,-36.678257,-71.896312,6.15,41.6,21.99,11,,0.2
"2025-09-02 21:10:04",2353,2087,76883,0,,5.35,50.9,21.93,10.95,,0.5
"2025-09-02 21:10:05",2356,2090,76857,0,,5.35,33.6,21.9,10.95,,0.6
"2025-09-02 21:10:06",2359,2093,76832,-36.678147,-71.89619,6.3,44.4,21.87,10.95,,0.8
"2025-09-02 21:10:07",2360,2094,76827,0,,4.65,44.4,21.85,10.9,,0.8
"2025-09-02 21:10:08",2360,2094,76823,0,,5.3,33.4,21.88,10.9,,0.7
"2025-09-02 21:10:09",2361,2095,76820,-36.678043,-71.896068,5.75,51.3,22.03,10.85,,0.7
"2025-09-02 21:10:10",2362,2096,76810,0,,5.05,43.5,22.13,10.85,,0.7
"2025-09-02 21:10:11",2363,2097,76800,0,,6,35.2,22.06,10.8,,0.8
"2025-09-02 21:10:12",2364,2098,76790,-36.677937,-71.89595,5.05,49.1,21.99,10.8,,0.9
"2025-09-02 21:10:13",2364,2098,76790,0,,4.85,41.4,21.95,10.75,,1
"2025-09-02 21:10:14",2364,2098,76790,0,,6.4,44.2,22.03,10.75,,1
"2025-09-02 21:10:15",2364,2098,76790,-36.677818,-71.895825,5.2,42,22,10.7,,1.1
"2025-09-02 21:10:17",2365,2099,76779,0,,5.8,47.8,22.03,10.65,,0.7
"2025-09-02 21:10:18",2366,2100,76774,-36.677707,-71.895707,5.1,45.1,22.01,10.6,39.25,0.5
"2025-09-02 21:10:21",2366,2100,76770,-36.677592,-71.89559,4.85,42.4,22.03,10.5,,0.5
"2025-09-02 21:10:23",2372,2106,76720,0,,5.35,40.9,21.94,10.4,,0.7
"2025-09-02 21:10:24",2375,2109,76696,-36.677475,-71.895475,4.75,31.5,21.9,10.35,,0.9
"2025-09-02 21:10:26",2374,2108,76704,0,,5.35,50.8,22.01,10.35,,0.8
"2025-09-02 21:10:27",2373,2107,76708,-36.677358,-71.895352,5.5,29.2,21.96,10.35,,0.7
"2025-09-02 21:10:29",2374,2108,76700,0,,4.5,44.8,21.93,10.4,,0.7
"2025-09-02 21:10:30",2375,2109,76696,-36.677248,-71.89524,5.45,30.4,21.93,10.35,,0.7
"2025-09-02 21:10:32",2379,2113,76657,0,,4.25,34.4,21.83,10.35,,0.9
"2025-09-02 21:10:33",2381,2115,76638,-36.677137,-71.895135,5.9,32.2,21.88,10.3,,1
"2025-09-02 21:10:35",2385,2119,76605,0,,4.65,25.5,21.82,10.2,,1.3
"2025-09-02 21:10:36",2387,2121,76590,-36.677025,-71.895047,5.55,30,21.84,10.1,,1.1
"2025-09-02 21:10:37",2386,2120,76597,0,,4.3,43.9,21.99,10.05,,0.9
"2025-09-02 21:10:38",2385,2119,76605,0,,4.7,27.8,22.13,10.05,,0.7
"2025-09-02 21:10:39",2384,2118,76614,-36.676915,-71.894955,5.75,36.1,22.09,9.95,,0.8
"2025-09-02 21:10:40",2387,2121,76589,0,,4.05,32.1,22.03,9.95,,1
"2025-09-02 21:10:41",2389,2123,76565,0,,5,28.9,21.99,9.85,,1.2
"2025-09-02 21:10:42",2392,2126,76542,-36.676807,-71.894858,5.45,45,21.98,9.75,,1.4
"2025-09-02 21:10:43",2393,2127,76536,0,,4.6,30,22.03,9.7,,1.4
"2025-09-02 21:10:44",2393,2127,76531,0,,5.4,29.5,22.03,9.65,,1.2
"2025-09-02 21:10:45",2394,2128,76526,-36.676698,-71.894768,4.55,43.5,21.96,9.55,39.25,1.1
"2025-09-02 21:10:46",2396,2130,76512,0,,4.95,31.6,21.94,9.5,,1.1
"2025-09-02 21:10:47",2397,2131,76499,0,,5.95,36.8,21.91,9.5,,1
"2025-09-02 21:10:48",2399,2133,76486,-36.67658,-71.894677,4.5,30,21.91,9.45,,1
"2025-09-02 21:10:49",2399,2133,76480,0,,4.8,26.3,21.88,9.45,,1.1
"2025-09-02 21:10:50",2400,2134,76475,0,,5.35,45.4,21.88,9.4,,1.2
"2025-09-02 21:10:51",2400,2134,76470,-36.676465,-71.894585,4.75,28.1,21.87,9.4,,1.4
"2025-09-02 21:10:52",2399,2133,76479,0,,5.3,25.5,21.86,9.35,,1.2
"2025-09-02 21:10:53",2398,2132,76489,0,,4.45,43.5,21.81,9.4,,0.9
"2025-09-02 21:10:54",2397,2131,76500,-36.676355,-71.894493,4.7,30.2,21.8,9.45,,0.6
"2025-09-02 21:10:55",2398,2132,76493,0,,5.8,33.6,21.81,9.45,,0.4
"2025-09-02 21:10:56",2398,2132,76487,0,,4.25,35.9,21.84,9.45,,0.4
"2025-09-02 21:10:57",2399,2133,76482,-36.676242,-71.894405,4.95,23.9,21.88,9.45,,0.4
"2025-09-02 21:10:58",2400,2134,76472,0,,5.3,40.8,21.94,9.45,,0.5
"2025-09-02 21:10:59",2401,2135,76463,0,,4.1,30.5,22.04,9.4,,0.4
"2025-09-02 21:11:00",2402,2136,76454,-36.676133,-71.894317,5.25,27.5,22.15,9.35,,0.4
"2025-09-02 21:11:01",2404,2138,76442,0,,5,45,22.24,9.3,,0.4
"2025-09-02 21:11:02",2405,2139,76430,0,,4.45,23.3,22.25,9.3,,0.4
"2025-09-02 21:11:03",2406,2140,76418,-36.676028,-71.894235,5.25,29.9,22.2,9.25,,0.5
"2025-09-02 21:11:04",2409,2143,76395,0,,4.1,45.1,22.14,9.25,,0.8
"2025-09-02 21:11:05",2411,2145,76373,0,,4.4,28.6,22.12,9.25,,1.1
"2025-09-02 21:11:06",2414,2148,76352,-36.675928,-71.894145,5.4,39.8,22.06,9.25,,1.4
"2025-09-02 21:11:07",2415,2149,76341,0,,4,33.5,22.04,9.25,,1.4
"2025-09-02 21:11:08",2416,2150,76330,0,,4.5,23.4,22.03,9.25,,1.4
"2025-09-02 21:11:09",2417,2151,76320,-36.67583,-71.89406,4.8,45.4,22.03,9.3,,1.5
"2025-09-02 21:11:10",2417,2151,76326,0,,4.25,34.4,22.03,9.3,,1.4
"2025-09-02 21:11:11",2416,2150,76333,0,,5.2,28.1,22.18,9.3,,1.2
"2025-09-02 21:11:12",2415,2149,76340,-36.675728,-71.89398,4.55,41.3,22.14,9.35,39.25,1.1
"2025-09-02 21:11:13",2418,2152,76316,0,,3.55,23.6,22.1,9.3,,1.2
"2025-09-02 21:11:14",2420,2154,76293,0,,4.55,30.5,22.03,9.4,,1.3
"2025-09-02 21:11:15",2423,2157,76270,-36.67563,-71.893902,4.85,42.2,22.03,9.4,,1.4
"2025-09-02 21:11:16",2424,2158,76261,0,,3.7,23.3,22.03,9.4,,1.4
"2025-09-02 21:11:17",2425,2159,76252,0,,4.1,35.1,22.04,9.45,,1.3
"2025-09-02 21:11:18",2426,2160,76244,-36.67554,-71.893817,4.8,51.6,22.16,9.45,,1.1
"2025-09-02 21:11:21",2424,2158,76262,-36.675453,-71.893735,4,54,22.09,9.45,,0.5
"2025-09-02 21:11:22",2425,2159,76254,0,,4.2,25.9,22.08,9.45,,0.7
"2025-09-02 21:11:23",2426,2160,76246,0,,4.85,36,22.03,9.45,,0.8
"2025-09-02 21:11:24",2427,2161,76238,-36.675365,-71.893655,3.4,53.5,21.95,9.45,,1
"2025-09-02 21:11:25",2427,2161,76233,0,,4.15,26.3,21.98,9.45,,0.8
"2025-09-02 21:11:26",2428,2162,76229,0,,4.7,40.1,21.96,9.45,,0.6
"2025-09-02 21:11:27",2428,2162,76226,-36.675277,-71.893573,3.15,43.5,21.97,9.45,,0.4
"2025-09-02 21:11:28",2429,2163,76218,0,,4.55,31.8,22,9.45,,0.5
"2025-09-02 21:11:29",2430,2164,76210,0,,4.8,44.9,22.02,9.45,,0.4
"2025-09-02 21:11:30",2431,2165,76202,-36.67518,-71.893492,3.7,25.3,22.03,9.45,,0.4
"2025-09-02 21:11:31",2433,2167,76180,0,,4.6,33.4,22,9.45,,0.6
"2025-09-02 21:11:32",2436,2170,76158,0,,3.7,48.3,22,9.45,,0.7
"2025-09-02 21:11:33",2438,2172,76136,-36.675093,-71.893407,3.6,28.6,21.97,9.5,,0.8
"2025-09-02 21:11:34",2439,2173,76130,0,,5,41.1,22.09,9.5,,1.2
"2025-09-02 21:11:35",2440,2174,76125,0,,3.25,40.5,22.03,9.5,,1.1
"2025-09-02 21:11:36",2440,2174,76120,-36.675005,-71.893322,4.25,27.9,21.99,9.5,,1.1
"2025-09-02 21:11:37",2442,2176,76109,0,,4.75,45.4,21.94,9.55,,1.1
"2025-09-02 21:11:38",2443,2177,76097,0,,3.1,31.2,21.89,9.55,,1.2
"2025-09-02 21:11:39",2444,2178,76086,-36.674918,-71.893237,4.5,31.4,21.93,9.6,39,1.3
"2025-09-02 21:11:40",2445,2179,76082,0,,4.4,52.5,22.04,9.6,,1.3
"2025-09-02 21:11:41",2445,2179,76078,0,,4,29.2,22.01,9.6,,1.2
"2025-09-02 21:11:42",2446,2180,76074,-36.674828,-71.893148,5,33.6,21.94,9.6,,1.2
"2025-09-02 21:11:43",2445,2179,76079,0,,3.5,50.7,21.9,9.55,,1.1
"2025-09-02 21:11:44",2444,2178,76084,0,,3.8,30.9,21.93,9.6,,0.8
"2025-09-02 21:11:45",2444,2178,76090,-36.674745,-71.893062,5.2,41.1,21.9,9.6,,0.6
"2025-09-02 21:11:46",2446,2180,76069,0,,3.45,42.3,21.85,9.6,,0.6
"2025-09-02 21:11:47",2448,2182,76049,0,,3.9,26.4,21.84,9.6,,0.7
"2025-09-02 21:11:48",2451,2185,76030,-36.67466,-71.892978,4.8,48.4,21.89,9.6,,0.9
"2025-09-02 21:11:49",2452,2186,76016,0,,3.6,37.3,21.85,9.6,,0.9
"2025-09-02 21:11:50",2454,2188,76002,0,,4.7,32.1,21.82,9.6,,0.9
"2025-09-02 21:11:51",2455,2189,75988,-36.674572,-71.892893,3.95,48.6,21.91,9.6,,1
"2025-09-02 21:11:52",2456,2190,75983,0,,3.85,29.8,21.9,9.6,,0.9
"2025-09-02 21:11:53",2456,2190,75978,0,,4.9,42.9,21.83,9.6,,0.9
"2025-09-02 21:11:54",2457,2191,75974,-36.674482,-71.892803,3.5,45.3,21.8,9.6,,1
"2025-09-02 21:11:55",2458,2192,75966,0,,4.3,27.9,21.71,9.6,,1.1
"2025-09-02 21:11:56",2459,2193,75958,0,,4.6,44.2,21.69,9.6,,1.2
"2025-09-02 21:11:57",2460,2194,75950,-36.674392,-71.89272,3.4,32.6,21.65,9.6,,1.3
"2025-09-02 21:11:58",2459,2193,75953,0,,4.75,36.3,21.67,9.6,,1.2
"2025-09-02 21:11:59",2459,2193,75956,0,,4.3,48.6,21.8,9.6,,1
"2025-09-02 21:12:00",2458,2192,75960,-36.674298,-71.892632,4,27.4,21.9,9.6,,0.8
"2025-09-02 21:12:01",2460,2194,75947,0,,4.8,40.6,21.85,9.55,,0.7
"2025-09-02 21:12:02",2461,2195,75934,0,,3.3,39.6,21.8,9.55,,0.7
"2025-09-02 21:12:03",2463,2197,75922,-36.674213,-71.892548,4.25,29.1,21.73,9.55,,0.7
"2025-09-02 21:12:04",2462,2196,75931,0,,4.75,48.8,21.71,9.55,,0.5
"2025-09-02 21:12:05",2461,2195,75940,0,,3.4,40.4,21.77,9.55,,0.4
"2025-09-02 21:12:06",2460,2194,75950,-36.674125,-71.89246,4.65,29,21.76,9.55,39,0.2
"2025-09-02 21:12:07",2463,2197,75921,0,,4.45,46.9,21.71,9.6,,0.4
"2025-09-02 21:12:08",2466,2200,75893,0,,3.2,30.1,21.68,9.6,,0.6
"2025-09-02 21:12:09",2469,2203,75866,-36.674038,-71.892372,4.75,36.9,21.7,9.6,,0.8
"2025-09-02 21:12:10",2470,2204,75861,0,,4.25,48.7,21.77,9.65,,0.9
"2025-09-02 21:12:11",2470,2204,75857,0,,4.2,26.9,21.74,9.65,,0.9
"2025-09-02 21:12:12",2471,2205,75854,-36.673948,-71.89229,4.5,37.4,21.71,9.65,,1
"2025-09-02 21:12:13",2470,2204,75854,0,,3.15,44.4,21.7,9.65,,0.9
"2025-09-02 21:12:14",2470,2204,75855,0,,4,33.4,21.77,9.7,,0.8
"2025-09-02 21:12:15",2470,2204,75856,-36.673865,-71.892203,4.75,46.4,21.71,9.7,,0.6
"2025-09-02 21:12:16",2473,2207,75834,0,,3.2,32.6,21.68,9.65,,0.9
"2025-09-02 21:12:17",2475,2209,75814,0,,4,32.6,21.65,9.65,,1.2
"2025-09-02 21:12:18",2477,2211,75794,-36.673787,-71.89212,4.05,53,21.7,9.7,,1.5
"2025-09-02 21:12:21",2479,2213,75780,-36.673698,-71.892038,3.35,45.1,21.65,9.8,,1
"2025-09-02 21:12:22",2480,2214,75772,0,,3.8,33.2,21.71,9.8,,0.8
"2025-09-02 21:12:23",2481,2215,75765,0,,4.7,46.6,21.67,9.8,,0.9
"2025-09-02 21:12:24",2482,2216,75758,-36.673613,-71.891955,3.5,37.9,21.61,9.8,,0.9
"2025-09-02 21:12:25",2481,2215,75758,0,,3.9,26.8,21.59,9.85,,0.9
"2025-09-02 21:12:26",2481,2215,75759,0,,4.1,51.5,21.64,9.85,,0.9
"2025-09-02 21:12:27",2481,2215,75760,-36.673527,-71.891865,3.75,37.8,21.71,9.85,,0.9
"2025-09-02 21:12:28",2483,2217,75743,0,,4.75,32.6,21.67,9.85,,0.9
"2025-09-02 21:12:29",2485,2219,75727,0,,3.3,43.7,21.61,9.85,,0.8
"2025-09-02 21:12:30",2487,2221,75712,-36.673448,-71.891783,3.3,37.3,21.67,9.9,,0.8
"2025-09-02 21:12:31",2488,2222,75705,0,,4.6,47.2,21.64,9.9,,0.8
"2025-09-02 21:12:32",2488,2222,75698,0,,3.4,43.9,21.58,9.9,,0.8
"2025-09-02 21:12:33",2489,2223,75692,-36.673372,-71.891698,3.65,31,21.54,9.9,38.75,0.8
"2025-09-02 21:12:34",2489,2223,75690,0,,4.05,53.7,21.62,9.9,,0.8
"2025-09-02 21:12:35",2489,2223,75689,0,,3.25,41.6,21.66,9.85,,0.7
"2025-09-02 21:12:36",2490,2224,75688,-36.673292,-71.891618,4.4,27.4,21.6,9.85,,0.7
"2025-09-02 21:12:37",2489,2223,75690,0,,3.5,48.7,21.56,9.85,,0.7
"2025-09-02 21:12:38",2489,2223,75692,0,,2.95,38.7,21.6,9.8,,0.6
"2025-09-02 21:12:39",2489,2223,75694,-36.673217,-71.89154,4.6,34.9,21.55,9.8,,0.6
"2025-09-02 21:12:40",2491,2225,75678,0,,3.35,51.2,21.52,9.8,,0.7
"2025-09-02 21:12:41",2492,2226,75662,0,,3.05,43.8,21.56,9.8,,0.7
"2025-09-02 21:12:42",2494,2228,75646,-36.673148,-71.891453,4.65,43.5,21.53,9.8,,0.7
"2025-09-02 21:12:43",2494,2228,75646,0,,3.4,46.2,21.49,9.75,,0.6
"2025-09-02 21:12:44",2494,2228,75646,0,,2.75,37,21.59,9.75,,0.5
"2025-09-02 21:12:45",2494,2228,75646,-36.673087,-71.891377,3.75,54.8,21.6,9.75,,0.4
"2025-09-02 21:12:47",2500,2234,75597,0,,3.9,35.4,21.54,9.65,,0.9
"2025-09-02 21:12:48",2503,2237,75574,-36.673022,-71.891293,3.65,61.5,21.47,9.65,,1.1
"2025-09-02 21:12:51",2506,2240,75546,-36.672962,-71.891203,3.65,69.6,21.45,9.65,,1.3
"2025-09-02 21:12:53",2508,2242,75529,0,,4,44.8,21.36,9.65,,1.3
"2025-09-02 21:12:54",2509,2243,75522,-36.672905,-71.891123,2.7,66.5,21.35,9.65,,1.2
"2025-09-02 21:12:56",2510,2244,75508,0,,2.8,37.1,21.35,9.6,,1.3
"2025-09-02 21:12:57",2511,2245,75502,-36.672847,-71.891038,2.85,66.1,21.38,9.65,,1.4
"2025-09-02 21:12:59",2510,2244,75505,0,,3.9,48.7,21.27,9.65,,1.1
"2025-09-02 21:13:00",2510,2244,75508,-36.672785,-71.890948,3.05,66.1,21.29,9.65,38.5,0.8
"2025-09-02 21:13:02",2515,2249,75466,0,,4.05,47.3,21.67,9.7,,0.9
"2025-09-02 21:13:03",2517,2251,75446,-36.672717,-71.890852,3.1,63.8,21.62,9.65,,1
"2025-09-02 21:13:04",2518,2252,75437,0,,4.3,39.1,21.5,9.65,,1
"2025-09-02 21:13:05",2519,2253,75428,0,,4.05,51.9,21.41,9.6,,1
"2025-09-02 21:13:06",2520,2254,75420,-36.672655,-71.890752,2.9,69.8,21.36,9.65,,1
"2025-09-02 21:13:07",2520,2254,75421,0,,4.45,44.5,21.39,9.65,,0.9
"2025-09-02 21:13:08",2520,2254,75422,0,,3.7,50.3,21.59,9.65,,0.8
"2025-09-02 21:13:09",2520,2254,75424,-36.672595,-71.890653,2.75,64.7,21.59,9.65,,0.8
"2025-09-02 21:13:10",2522,2256,75407,0,,4.45,54.5,21.51,9.6,,0.8
"2025-09-02 21:13:11",2524,2258,75390,0,,3.75,59.5,21.43,9.6,,1.1
"2025-09-02 21:13:12",2526,2260,75374,-36.672542,-71.890555,2.55,49.2,21.36,9.6,,1.3
"2025-09-02 21:13:13",2525,2259,75379,0,,4.55,57.9,21.28,9.6,,1.1
"2025-09-02 21:13:14",2524,2258,75385,0,,3.7,64.9,21.26,9.6,,1
"2025-09-02 21:13:15",2524,2258,75392,-36.672487,-71.890455,3.05,38.1,21.27,9.6,,0.7
"2025-09-02 21:13:16",2526,2260,75373,0,,4.15,63.7,21.31,9.6,,0.6
"2025-09-02 21:13:17",2528,2262,75355,0,,3.3,68.1,21.35,9.6,,0.7
"2025-09-02 21:13:18",2530,2264,75338,-36.67243,-71.89035,4.1,42.8,21.3,9.6,,0.8
"2025-09-02 21:13:20",2528,2262,75350,0,,2.7,55,21.3,9.6,,0.7
"2025-09-02 21:13:21",2528,2262,75356,-36.672378,-71.890247,4.15,50.8,21.39,9.6,,0.7
"2025-09-02 21:13:22",2530,2264,75339,0,,4.1,72.7,21.39,9.6,,0.7
"2025-09-02 21:13:23",2532,2266,75322,0,,3.1,49.1,21.35,9.6,,0.7
"2025-09-02 21:13:24",2533,2267,75306,-36.672328,-71.89014,4.4,54.3,21.34,9.6,,0.7
"2025-09-02 21:13:25",2534,2268,75303,0,,3.5,72.6,21.39,9.55,,0.6
"2025-09-02 21:13:26",2534,2268,75300,0,,3.55,42.7,21.36,9.55,,0.7
"2025-09-02 21:13:27",2534,2268,75298,-36.672282,-71.890038,4.05,64.2,21.35,9.5,38.5,0.8
"2025-09-02 21:13:28",2537,2271,75272,0,,2.75,77,21.34,9.5,,1
"2025-09-02 21:13:29",2540,2274,75248,0,,3.8,48,21.45,9.5,,1
"2025-09-02 21:13:30",2543,2277,75224,-36.67224,-71.889938,4.2,68.8,21.42,9.45,,1.1
"2025-09-02 21:13:31",2543,2277,75222,0,,2.55,63,21.39,9.45,,1
"2025-09-02 21:13:32",2543,2277,75220,0,,3.5,58,21.35,9.4,,1
"2025-09-02 21:13:33",2544,2278,75218,-36.672205,-71.889835,4.1,80,21.36,9.3,,1.2
"2025-09-02 21:13:40",2553,2287,75137,0,,3.4,60.9,21.39,9.05,,1.4
"2025-09-02 21:13:41",2554,2288,75125,0,,4.65,68.5,21.43,9.05,,1.3
"2025-09-02 21:13:42",2556,2290,75114,-36.672095,-71.889503,2.7,77.3,21.39,9,,1.2
"2025-09-02 21:13:43",2555,2289,75119,0,,3.55,66.4,21.35,9,,0.9
"2025-09-02 21:13:44",2554,2288,75125,0,,4.75,77.1,21.3,8.95,,0.9
"2025-09-02 21:13:45",2554,2288,75132,-36.672057,-71.889385,2.9,62,21.36,8.95,,0.8
"2025-09-02 21:13:46",2556,2290,75108,0,,3.8,62.8,21.36,8.95,,1
"2025-09-02 21:13:47",2559,2293,75085,0,,4.05,85.1,21.3,8.9,,1.1
"2025-09-02 21:13:48",2562,2296,75062,-36.672025,-71.889262,3.3,66,21.24,8.9,,1.2
"2025-09-02 21:13:51",2564,2298,75038,-36.671993,-71.889142,3.35,60.5,21.19,8.9,,1.1
"2025-09-02 21:13:52",2563,2297,75047,0,,4.6,78.1,21.29,8.9,,0.9
"2025-09-02 21:13:53",2562,2296,75056,0,,3.2,76.4,21.41,8.85,,0.7
"2025-09-02 21:13:54",2561,2295,75066,-36.671962,-71.889018,4.1,63.3,21.42,8.85,38,0.5
"2025-09-02 21:13:55",2564,2298,75043,0,,4.25,80.9,21.36,8.8,,0.6
"2025-09-02 21:13:56",2566,2300,75019,0,,3,67.2,21.32,8.8,,0.9
"2025-09-02 21:13:57",2569,2303,74996,-36.671933,-71.888892,4.35,72.6,21.29,8.75,,1.1
"2025-09-02 21:13:58",2570,2304,74986,0,,4.15,84.8,21.38,8.75,,1.3
"2025-09-02 21:13:59",2571,2305,74977,0,,3.55,61.5,21.38,8.75,,1.2
"2025-09-02 21:14:00",2572,2306,74968,-36.671898,-71.888765,4.6,68,21.34,8.75,,1
"2025-09-02 21:14:01",2572,2306,74969,0,,3.5,83.2,21.31,8.75,,0.8
"2025-09-02 21:14:02",2572,2306,74971,0,,3.4,64.1,21.36,8.75,,0.7
"2025-09-02 21:14:03",2572,2306,74974,-36.67187,-71.888637,4.7,77.8,21.28,8.75,,0.7
"2025-09-02 21:14:04",2574,2308,74954,0,,3.7,84.2,21.23,8.75,,0.7
"2025-09-02 21:14:05",2576,2310,74934,0,,4.05,60.1,21.2,8.75,,1
"2025-09-02 21:14:06",2579,2313,74914,-36.671837,-71.88851,4.5,75.7,21.2,8.8,,1.3
"2025-09-02 21:14:07",2580,2314,74902,0,,3,77.9,21.2,8.85,,1.4
"2025-09-02 21:14:08",2581,2315,74891,0,,3.9,70.7,21.2,8.9,,1.2
"2025-09-02 21:14:09",2583,2317,74880,-36.671813,-71.88838,4.6,87.4,21.22,8.95,,1.1
"2025-09-02 21:14:10",2582,2316,74882,0,,3.55,78.2,21.19,9,,1
"2025-09-02 21:14:11",2582,2316,74885,0,,4.55,66.2,21.32,9,,0.9
"2025-09-02 21:14:12",2582,2316,74888,-36.671783,-71.888247,4.3,82.9,21.26,9,,0.8
"2025-09-02 21:14:13",2584,2318,74866,0,,3.25,81.6,21.22,9,,0.9
"2025-09-02 21:14:14",2587,2321,74845,0,,4.75,74,21.15,9,,1.1
"2025-09-02 21:14:15",2589,2323,74824,-36.67176,-71.888112,4.25,83.4,21.12,9,,1.3
"2025-09-02 21:14:16",2589,2323,74823,0,,3.05,79.7,21.11,9.05,,1.3
"2025-09-02 21:14:17",2589,2323,74822,0,,5.15,78.2,21.22,9.05,,1.1
"2025-09-02 21:14:18",2589,2323,74822,-36.671737,-71.887972,4.45,83.1,21.24,9.05,,0.9
"2025-09-02 21:14:20",2593,2327,74788,0,,5.05,80.7,21.12,9.05,,1
"2025-09-02 21:14:21",2595,2329,74772,-36.67171,-71.887823,4.55,86.2,21.1,9.1,38.25,1
"2025-09-02 21:14:22",2596,2330,74767,0,,4.45,64.5,21.07,9.1,,1.1
"2025-09-02 21:14:23",2596,2330,74763,0,,4.95,83.8,21.2,9.15,,1.2
"2025-09-02 21:14:24",2596,2330,74760,-36.671683,-71.887672,4.25,86.9,21.4,9.15,,1.2
"2025-09-02 21:14:25",2596,2330,74762,0,,4.8,68.9,21.44,9.15,,1
"2025-09-02 21:14:26",2596,2330,74765,0,,4.6,85.4,21.31,9.15,,0.8
"2025-09-02 21:14:27",2596,2330,74768,-36.671665,-71.887523,3.75,86.5,21.24,9.1,,0.5
"2025-09-02 21:14:28",2597,2331,74758,0,,5.6,76.1,21.17,9.1,,0.6
"2025-09-02 21:14:29",2598,2332,74748,0,,4.6,84.5,21.11,9.1,,0.7
"2025-09-02 21:14:30",2599,2333,74738,-36.671643,-71.887373,3.65,74.6,21.08,9.1,,0.8
"2025-09-02 21:14:31",2601,2335,74720,0,,5.45,84.2,21.06,9.05,,0.9
"2025-09-02 21:14:32",2603,2337,74703,0,,4.5,86.3,21.2,9.05,,1
"2025-09-02 21:14:33",2605,2339,74686,-36.671628,-71.887218,4.5,70.4,21.38,9.05,,0.9
"2025-09-02 21:14:34",2608,2342,74663,0,,5.1,90.1,21.45,9.05,,1
"2025-09-02 21:14:35",2610,2344,74640,0,,4.3,88.1,21.37,9,,1.1
"2025-09-02 21:14:36",2613,2347,74618,-36.67161,-71.887057,5.25,72.7,21.26,9,,1.3
"2025-09-02 21:14:37",2614,2348,74609,0,,4.5,89.8,21.17,9,,1.3
"2025-09-02 21:14:38",2615,2349,74600,0,,4.2,86,21.09,9,,1.4
"2025-09-02 21:14:39",2616,2350,74592,-36.671597,-71.886893,5.95,80,21.05,8.95,,1.5
"2025-09-02 21:14:40",2617,2351,74583,0,,4.35,88.9,21.01,8.95,,1.7
"2025-09-02 21:14:41",2618,2352,74575,0,,4.2,78.6,20.93,8.95,,1.7
"2025-09-02 21:14:42",2619,2353,74568,-36.671587,-71.886732,5.8,89.7,20.93,8.9,,1.6
"2025-09-02 21:14:43",2620,2354,74557,0,,4.6,87,20.93,8.9,,1.6
"2025-09-02 21:14:44",2621,2355,74547,0,,4.8,75,20.93,8.9,,1.5
"2025-09-02 21:14:45",2622,2356,74538,-36.671577,-71.886572,5.15,94.5,20.91,8.9,,1.4
"2025-09-02 21:14:46",2623,2357,74534,0,,4.6,87,20.91,8.9,,1.4
"2025-09-02 21:14:47",2623,2357,74531,0,,5.75,78,20.9,8.9,,1.2
"2025-09-02 21:14:48",2623,2357,74528,-36.671563,-71.886408,4.45,90.5,20.79,8.85,38.25,1
"2025-09-02 21:14:51",2625,2359,74510,-36.671552,-71.88624,4.55,86.6,20.9,8.85,,0.8
"2025-09-02 21:14:52",2628,2362,74484,0,,4.45,79.9,20.9,8.85,,1
"2025-09-02 21:14:53",2631,2365,74459,0,,5.9,94.1,20.87,8.75,,1.1
"2025-09-02 21:14:54",2634,2368,74434,-36.671543,-71.886067,4.8,86.1,20.78,8.75,,1.3
"2025-09-02 21:14:55",2635,2369,74424,0,,5.3,78.6,20.78,8.75,,1.3
"2025-09-02 21:14:56",2637,2371,74415,0,,4.95,94.3,20.81,8.75,,1.3
"2025-09-02 21:14:57",2638,2372,74406,-36.67154,-71.885897,4.45,89.8,20.83,8.75,,1.3
"2025-09-02 21:14:58",2639,2373,74394,0,,5.9,88.8,20.9,8.8,,1.3
"2025-09-02 21:14:59",2640,2374,74382,0,,4.9,91.3,20.81,8.8,,1.4
"2025-09-02 21:15:00",2642,2376,74370,-36.671532,-71.885727,4.75,77.2,20.78,8.75,,1.4
"2025-09-02 21:15:01",2643,2377,74357,0,,5.55,91.7,20.76,8.75,,1.5
"2025-09-02 21:15:02",2645,2379,74345,0,,4.65,94.1,20.75,8.75,,1.5
"2025-09-02 21:15:03",2646,2380,74334,-36.671525,-71.885552,5.45,79.1,20.8,8.75,,1.7
"2025-09-02 21:15:04",2647,2381,74323,0,,5.55,91.2,20.91,8.75,,1.6
"2025-09-02 21:15:05",2648,2382,74312,0,,4.05,89,20.91,8.75,,1.4
"2025-09-02 21:15:06",2650,2384,74302,-36.671517,-71.88538,5.7,82.8,20.91,8.75,,1.3
"2025-09-02 21:15:07",2651,2385,74292,0,,5.45,96,20.91,8.75,,1.3
"2025-09-02 21:15:08",2652,2386,74282,0,,4.25,83.4,20.9,8.75,,1.3
"2025-09-02 21:15:09",2653,2387,74272,-36.671513,-71.885205,5.95,84.9,20.93,8.75,,1.3
"2025-09-02 21:15:10",2653,2387,74271,0,,4.95,95.9,20.98,8.75,,1.2
"2025-09-02 21:15:11",2653,2387,74270,0,,4.55,79.1,21.13,8.7,,1.1
"2025-09-02 21:15:12",2653,2387,74270,-36.671507,-71.885037,5.8,90.4,21.25,8.7,,1
"2025-09-02 21:15:13",2654,2388,74261,0,,4.3,93.2,21.26,8.7,,1
"2025-09-02 21:15:14",2655,2389,74252,0,,5.1,84.8,21.21,8.7,,0.9
"2025-09-02 21:15:15",2656,2390,74244,-36.671503,-71.884867,5.85,95.9,21.3,8.65,38.25,0.9
"2025-09-02 21:15:17",2659,2393,74220,0,,5.45,83.3,21.45,8.6,,0.9
"2025-09-02 21:15:18",2661,2395,74208,-36.671503,-71.884703,4.8,99.7,21.5,8.6,,0.9
"2025-09-02 21:15:21",2670,2404,74128,-36.671502,-71.884535,4.25,92.7,21.16,8.55,,1.4
"2025-09-02 21:15:23",2672,2406,74110,0,,5.95,94.8,21,8.55,,1.6
"2025-09-02 21:15:24",2673,2407,74102,-36.671497,-71.884362,4.6,90.4,20.91,8.6,,1.6
"2025-09-02 21:15:26",2676,2410,74078,0,,5.5,95.9,20.9,8.55,,1.6
"2025-09-02 21:15:27",2677,2411,74066,-36.671488,-71.884193,3.9,88.1,20.77,8.6,,1.7
"2025-09-02 21:15:29",2678,2412,74063,0,,5.25,101.3,20.78,8.65,,1.5
"2025-09-02 21:15:30",2678,2412,74062,-36.671487,-71.884022,4.4,84.2,20.8,8.65,,1.4
"2025-09-02 21:15:32",2682,2416,74021,0,,4.45,95.7,20.82,8.7,,1.5
"2025-09-02 21:15:33",2685,2419,74002,-36.671485,-71.88386,4.15,85.4,20.79,8.7,,1.2
"2025-09-02 21:15:35",2687,2421,73978,0,,4.95,99.3,20.78,8.7,,1.3
"2025-09-02 21:15:36",2689,2423,73966,-36.671483,-71.883682,4.9,84.8,20.76,8.7,,1.3
"2025-09-02 21:15:37",2690,2424,73955,0,,,,20.8,8.7,,1.3
"2025-09-02 21:15:38",2691,2425,73945,0,,,,20.73,8.7,,1.3
"2025-09-02 21:15:39",2692,2426,73936,0,,,,20.69,8.7,,1.3
"2025-09-02 21:15:40",2694,2428,73921,0,,5.55,94.6,20.75,8.7,,1.3
"2025-09-02 21:15:41",2696,2430,73907,0,,4.4,99.4,20.71,8.7,,1.5
"2025-09-02 21:15:42",2697,2431,73894,-36.671478,-71.883342,5.3,84.4,20.69,8.7,37.75,1.6
"2025-09-02 21:15:43",2697,2431,73894,0,,5.55,96.9,20.68,8.7,,1.5
"2025-09-02 21:15:44",2697,2431,73895,0,,4.2,89.6,20.63,8.7,,1.2
"2025-09-02 21:15:45",2697,2431,73896,-36.671472,-71.883173,5.5,80.7,20.67,8.7,,1
"2025-09-02 21:15:52",2707,2441,73809,0,,5.4,89.7,20.56,8.65,,1.1
"2025-09-02 21:15:53",2709,2443,73796,0,,4.6,86.4,20.51,8.65,,1.1
"2025-09-02 21:15:54",2710,2444,73784,-36.671485,-71.882677,5.75,92.3,20.52,8.65,,1.1
"2025-09-02 21:15:55",2713,2447,73763,0,,4.6,105.5,20.47,8.65,,1.2
"2025-09-02 21:15:56",2715,2449,73743,0,,4.75,85,20.43,8.65,,1.4
"2025-09-02 21:15:57",2717,2451,73724,-36.671495,-71.88251,5.8,95.2,20.48,8.65,,1.5
"2025-09-02 21:15:58",2720,2454,73703,0,,4.1,102.8,20.43,8.65,,1.7
"2025-09-02 21:15:59",2722,2456,73681,0,,5.25,85.6,20.43,8.65,,1.8
"2025-09-02 21:16:00",2725,2459,73660,-36.671503,-71.882348,5.35,99.3,20.41,8.65,,1.9
"2025-09-02 21:16:01",2726,2460,73645,0,,3.9,95,20.38,8.65,,1.8
"2025-09-02 21:16:02",2728,2462,73631,0,,5.5,92.9,20.43,8.65,,1.8
"2025-09-02 21:16:03",2730,2464,73618,-36.671515,-71.88218,5.3,103.9,20.4,8.65,,1.8
"2025-09-02 21:16:13",2743,2477,73503,0,,4.5,95.1,20.32,8.7,,1.4
"2025-09-02 21:16:14",2745,2479,73491,0,,5.95,105.6,20.33,8.7,,1.4
"2025-09-02 21:16:15",2746,2480,73480,-36.671585,-71.881517,4.55,98.5,20.27,8.7,,1.4
"2025-09-02 21:16:16",2747,2481,73469,0,,4.4,91,20.24,8.7,,1.3
"2025-09-02 21:16:17",2748,2482,73458,0,,5.8,108.3,20.27,8.7,,1.3
"2025-09-02 21:16:18",2750,2484,73448,-36.67161,-71.88135,4.85,100.6,20.22,8.7,,1.3
"2025-09-02 21:16:21",2753,2487,73422,-36.671638,-71.881182,5.15,102.6,20.19,8.7,,1.3
"2025-09-02 21:16:22",2754,2488,73411,0,,5.5,92,20.26,8.7,,1.3
"2025-09-02 21:16:23",2755,2489,73401,0,,4.9,112.6,20.22,8.7,,1.3
"2025-09-02 21:16:24",2756,2490,73392,-36.671665,-71.881012,4.9,100.1,20.17,8.7,,1.3
"2025-09-02 21:16:25",2758,2492,73380,0,,6,94.2,20.24,8.7,,1.3
"2025-09-02 21:16:26",2759,2493,73368,0,,4.45,108.9,20.18,8.7,,1.2
"2025-09-02 21:16:27",2760,2494,73356,-36.671693,-71.880843,4.9,100.5,20.13,8.65,,1.2
"2025-09-02 21:16:28",2762,2496,73344,0,,6.3,99.9,20.22,8.65,,1.2
"2025-09-02 21:16:29",2763,2497,73333,0,,4.35,101.7,20.17,8.65,,1.2
"2025-09-02 21:16:30",2764,2498,73322,-36.671722,-71.880673,5,97.1,20.18,8.65,,1.2
"2025-09-02 21:16:31",2765,2499,73321,0,,6,108.9,20.18,8.65,,1.1
"2025-09-02 21:16:32",2765,2499,73320,0,,5.05,95.3,20.11,8.65,,1.1
"2025-09-02 21:16:33",2765,2499,73320,-36.671747,-71.8805,5.5,95,20.18,8.65,,1
"2025-09-02 21:16:37",2772,2506,73254,0,,4.25,105.4,20.1,8.6,,1.2
"2025-09-02 21:16:38",2774,2508,73238,0,,5,97.2,20.09,8.55,,1.3
"2025-09-02 21:16:39",2776,2510,73222,-36.671802,-71.88016,6,104.7,20.1,8.55,,1.3
"2025-09-02 21:16:40",2779,2513,73202,0,,4.65,102.4,20.07,8.55,,1.4
"2025-09-02 21:16:41",2781,2515,73182,0,,5.7,92.2,20.07,8.5,,1.5
"2025-09-02 21:16:42",2783,2517,73162,-36.671825,-71.879987,5.6,105.6,20.06,8.5,,1.6
"2025-09-02 21:16:43",2785,2519,73148,0,,4.2,98,20.02,8.5,,1.7
"2025-09-02 21:16:44",2786,2520,73135,0,,5.8,95.6,20.05,8.55,,1.8
"2025-09-02 21:16:45",2788,2522,73122,-36.671853,-71.879817,5.55,112.2,20.01,8.55,,1.9
"2025-09-02 21:16:50",2794,2528,73075,0,,6.1,104.6,19.97,8.45,,1.6
"2025-09-02 21:16:51",2795,2529,73066,-36.671908,-71.879472,4.5,108.4,19.96,8.45,,1.5
"2025-09-02 21:17:01",2804,2538,72989,0,,5.9,111.2,19.94,8.4,,1
"2025-09-02 21:17:02",2805,2539,72981,0,,4.65,106,19.9,8.4,,1
"2025-09-02 21:17:03",2806,2540,72974,-36.672048,-71.878778,5.95,98.1,19.97,8.3,36.25,0.9
"2025-09-02 21:17:04",2807,2541,72963,0,,5.3,113.5,19.93,8.3,,0.9
"2025-09-02 21:17:05",2808,2542,72952,0,,4.7,107.3,19.94,8.3,,1
"2025-09-02 21:17:06",2809,2543,72942,-36.672092,-71.878603,6.4,105.5,19.97,8.3,,1
"2025-09-02 21:17:07",2812,2546,72919,0,,5.3,112.2,19.95,8.3,,1.1
"2025-09-02 21:17:08",2815,2549,72896,0,,5.25,98.3,19.94,8.25,,1.2
"2025-09-02 21:17:09",2817,2551,72874,-36.672138,-71.878428,6.2,111.4,19.94,8.25,,1.3
"2025-09-02 21:17:11",2818,2552,72864,0,,6,100.2,19.81,8.2,,1.2
"2025-09-02 21:17:12",2819,2553,72860,-36.672138,-71.878233,6.5,73.5,19.51,8.2,,1.2
"2025-09-02 21:17:13",2813,2547,72906,0,,5.8,79.6,19.3,8.15,,0.9
"2025-09-02 21:17:14",2808,2542,72953,0,,6.05,69.3,19.13,8.25,,0.3
"2025-09-02 21:17:15",2802,2536,73000,-36.672098,-71.878047,5.85,74.3,18.98,8.35,,-0.2
"2025-09-02 21:17:17",2783,2517,73165,0,,5.25,83.7,18.72,8.5,,-1.8
"2025-09-02 21:17:18",2773,2507,73248,-36.672102,-71.877875,5.25,86.5,18.66,8.6,,-2.7
"2025-09-02 21:17:19",2765,2499,73316,0,,5.4,77.5,18.61,8.65,,-3.9
"2025-09-02 21:17:20",2757,2491,73383,0,,6.55,62.3,18.61,8.8,,-4.8
"2025-09-02 21:17:21",2749,2483,73450,-36.672095,-71.877717,6.05,53.7,18.65,8.9,,-5.7
"2025-09-02 21:17:22",2742,2476,73510,0,,3.85,81.1,18.66,9,,-5.8
"2025-09-02 21:17:23",2735,2469,73571,0,,3.5,87.4,18.68,9.05,,-6.9
"2025-09-02 21:17:24",2728,2462,73632,-36.67214,-71.877575,5.4,89.8,18.71,9.1,,-7.6
"2025-09-02 21:17:25",2722,2456,73679,0,,5.05,80.7,18.73,9.15,,-7.6
"2025-09-02 21:17:26",2717,2451,73725,0,,5.4,76.4,18.77,9.15,,-7.5
"2025-09-02 21:17:27",2712,2446,73772,-36.672173,-71.877393,6.25,84.8,18.8,9.25,,-7.5
"2025-09-02 21:17:28",2703,2437,73841,0,,5.8,84,18.83,9.25,,-7.6
"2025-09-02 21:17:29",2695,2429,73913,0,,6,92.6,18.84,9.3,,-7.3
"2025-09-02 21:17:30",2687,2421,73986,-36.672212,-71.877198,5.8,86,18.87,9.3,36,-7.2
"2025-09-02 21:17:31",2677,2411,74063,0,,5.6,82.2,18.92,9.35,,-7.3
"2025-09-02 21:17:32",2669,2403,74137,0,,4,85,18.95,9.4,,-7.3
"2025-09-02 21:17:33",2660,2394,74212,-36.672218,-71.877042,4.7,88,18.99,9.45,,-7.4
"2025-09-02 21:17:34",2654,2388,74265,0,,5.3,85.5,19.08,9.55,,-7.4
"2025-09-02 21:17:35",2647,2381,74321,0,,4.8,70.5,19.1,9.6,,-7.3
"2025-09-02 21:17:36",2641,2375,74378,-36.67219,-71.876897,4.05,64.3,19.19,9.7,,-7.3
"2025-09-02 21:17:37",2630,2364,74468,0,,4.75,71.1,19.21,9.7,,-7.5
"2025-09-02 21:17:38",2620,2354,74558,0,,3.4,69.8,19.25,9.7,,-7.9
"2025-09-02 21:17:39",2609,2343,74648,-36.672155,-71.87678,3.7,56.2,19.25,9.7,,-8.3
"2025-09-02 21:17:40",2604,2338,74691,0,,4.25,69.1,19.27,9.75,,-8.2
"2025-09-02 21:17:41",2600,2334,74733,0,,3.5,70.5,19.31,9.8,,-7.9
"2025-09-02 21:17:42",2595,2329,74776,-36.672115,-71.876648,4.6,63.4,19.36,9.9,,-7.6
"2025-09-02 21:17:43",2587,2321,74840,0,,5.45,63.7,19.37,10,,-7.6
"2025-09-02 21:17:44",2580,2314,74905,0,,4.45,65,19.4,10.2,,-7.5
"2025-09-02 21:17:45",2572,2306,74970,-36.672047,-71.876517,4.95,50,19.42,10.25,,-7.4
"2025-09-02 21:17:47",2552,2286,75145,0,,4.4,48.1,19.44,10.5,,-7.9
"2025-09-02 21:17:48",2542,2276,75232,-36.671973,-71.8764,4.35,50.7,19.45,10.55,,-8.2
"2025-09-02 21:17:49",2537,2271,75278,0,,5,62,19.49,10.6,,-7.8
"2025-09-02 21:17:50",2531,2265,75326,0,,4.2,54.4,19.51,10.6,,-7.4
"2025-09-02 21:17:51",2526,2260,75374,-36.671902,-71.876283,5,42.5,19.51,10.5,,-7
"2025-09-02 21:17:52",2517,2251,75444,0,,3.75,43.9,19.53,10.4,,-7.2
"2025-09-02 21:17:53",2510,2244,75513,0,,4.15,45.4,19.58,10.35,,-7.5
"2025-09-02 21:17:54",2502,2236,75582,-36.671815,-71.876193,4.8,38.7,19.59,10.3,,-7.7
"2025-09-02 21:17:56",2482,2216,75755,0,,5.1,37.8,19.55,10.5,,-8.1
"2025-09-02 21:17:57",2472,2206,75844,-36.671725,-71.876083,4.85,50.9,19.52,10.7,35.5,-8.3
"2025-09-02 21:17:58",2463,2197,75917,0,,4.85,55.7,19.52,10.8,,-8.4
"2025-09-02 21:17:59",2455,2189,75990,0,,5.1,48.1,19.54,10.95,,-8.4
"2025-09-02 21:18:00",2447,2181,76064,-36.671642,-71.875967,4.1,40.7,19.58,11,,-8.1
"2025-09-02 21:18:01",2439,2173,76128,0,,4.8,60,19.61,11.05,,-8.1
"2025-09-02 21:18:02",2432,2166,76193,0,,6.2,53.4,19.64,11.1,,-8.3
"2025-09-02 21:18:03",2424,2158,76258,-36.671553,-71.875818,5,54.8,19.72,11.2,,-8.4
"2025-09-02 21:18:04",2418,2152,76312,0,,6.05,45.6,19.76,11.3,,-8.3
"2025-09-02 21:18:05",2412,2146,76366,0,,4.45,42,19.8,11.35,,-8.1
"2025-09-02 21:18:06",2406,2140,76420,-36.671472,-71.87569,5.2,63.8,19.88,11.4,,-8
"2025-09-02 21:18:07",2399,2133,76479,0,,5,44.9,19.92,11.45,,-7.9
"2025-09-02 21:18:08",2393,2127,76538,0,,4.7,61.5,19.94,11.5,,-7.4
"2025-09-02 21:18:09",2386,2120,76598,-36.67141,-71.875548,4.7,71.1,19.97,11.55,,-7.2
"2025-09-02 21:18:10",2379,2113,76661,0,,5.45,61.5,20.04,11.55,,-7.2
"2025-09-02 21:18:11",2371,2105,76726,0,,5.45,58.3,20.1,11.55,,-7.1
"2025-09-02 21:18:12",2364,2098,76792,-36.671322,-71.875417,5.45,40.8,20.17,11.6,,-7
"2025-09-02 21:18:13",2355,2089,76873,0,,4.1,40.4,20.28,11.65,,-7.1
"2025-09-02 21:18:14",2345,2079,76954,0,,5.8,50.1,20.35,11.65,,-7.2
"2025-09-02 21:18:15",2336,2070,77036,-36.67123,-71.875272,5.3,53.8,20.41,11.65,,-7.4
"2025-09-02 21:18:17",2326,2060,77130,0,,7.5,48.3,20.52,11.65,,-7.1
"2025-09-02 21:18:18",2320,2054,77178,-36.671112,-71.875108,6.05,42.1,20.58,11.75,,-7.1
"2025-09-02 21:18:19",2313,2047,77246,0,,6.05,45.7,20.62,11.8,,-7.2
"2025-09-02 21:18:20",2305,2039,77313,0,,4.95,50.8,20.64,11.8,,-7.3
"2025-09-02 21:18:21",2298,2032,77380,-36.671023,-71.87495,6.2,59.5,20.67,11.85,,-7.3
"2025-09-02 21:18:22",2288,2022,77466,0,,6.35,62.4,20.7,11.9,,-7.6
"2025-09-02 21:18:23",2278,2012,77553,0,,6.75,48.1,20.75,11.9,,-7.8
"2025-09-02 21:18:24",2268,2002,77640,-36.670912,-71.874775,6.7,52.8,20.87,11.95,34.75,-7.9
"2025-09-02 21:18:25",2260,1994,77710,0,,7.05,44.1,20.9,11.95,,-7.8
"2025-09-02 21:18:26",2253,1987,77780,0,,6.15,34.7,20.91,12.05,,-7.7
"2025-09-02 21:18:27",2245,1979,77850,-36.670793,-71.874645,5.2,48,20.94,12.05,,-7.6
"2025-09-02 21:18:28",2240,1974,77892,0,,5.4,43.2,21.02,12.05,,-7.4
"2025-09-02 21:18:29",2235,1969,77935,0,,6.35,52.3,21.12,12.05,,-7.2
"2025-09-02 21:18:30",2230,1964,77978,-36.670677,-71.8745,6.75,40.7,21.19,12.05,,-7.3
"2025-09-02 21:18:31",2223,1957,78048,0,,5.45,36.4,21.23,12.05,,-7.5
"2025-09-02 21:18:32",2215,1949,78120,0,,4.55,50.5,21.29,12.05,,-7.6
"2025-09-02 21:18:33",2207,1941,78192,-36.670577,-71.874372,5.25,43.6,21.39,12.05,,-7.6
"2025-09-02 21:18:34",2198,1932,78270,0,,6.65,50.5,21.46,12.05,,-7.7
"2025-09-02 21:18:35",2189,1923,78349,0,,6.65,38.4,21.5,12,,-7.6
"2025-09-02 21:18:36",2180,1914,78428,-36.670443,-71.87422,6.5,41.3,21.54,11.95,,-7.5
"2025-09-02 21:18:40",2152,1886,78680,0,,7.2,38.2,21.74,12.1,,-7.2
"2025-09-02 21:18:41",2146,1880,78741,0,,5.8,51,21.81,12.1,,-7.4
"2025-09-02 21:18:42",2139,1873,78802,-36.670188,-71.873908,6.75,55.2,21.85,12.1,,-7.6
"2025-09-02 21:18:47",2093,1827,79211,0,,5.9,36.7,22.17,12.15,,-8
"2025-09-02 21:18:48",2084,1818,79296,-36.669953,-71.873675,4.7,33.1,22.24,12.15,,-8
"2025-09-02 21:18:49",2079,1813,79344,0,,5.9,36.8,22.31,12.15,,-7.8
"2025-09-02 21:18:50",2073,1807,79393,0,,6.8,45.1,22.4,12.15,,-7.6
"2025-09-02 21:18:51",2068,1802,79442,-36.669813,-71.873532,7.6,37.4,22.45,12.15,34.5,-7.5
"2025-09-02 21:18:52",2061,1795,79503,0,,6.25,28.3,22.5,12.2,,-7.4
"2025-09-02 21:18:53",2054,1788,79564,0,,6.45,49.1,22.56,12.2,,-7.6
"2025-09-02 21:18:54",2048,1782,79626,-36.669692,-71.873388,5.95,41.4,22.62,12.3,,-7.6
"2025-09-02 21:18:55",2039,1773,79706,0,,7.15,45.6,22.73,12.35,,-7.8
"2025-09-02 21:18:56",2030,1764,79788,0,,6.95,33.8,22.77,12.35,,-7.8
"2025-09-02 21:18:57",2021,1755,79870,-36.669562,-71.873272,5.45,31.7,22.85,12.45,,-7.9
"2025-09-02 21:18:58",2013,1747,79941,0,,4.5,35.7,22.91,12.55,,-7.9
"2025-09-02 21:18:59",2005,1739,80013,0,,5.8,41.5,22.97,12.6,,-7.4
"2025-09-02 21:19:00",1997,1731,80086,-36.669455,-71.873128,5.85,51.3,23.03,12.6,,-7.2
"2025-09-02 21:19:01",1991,1725,80139,0,,7,53.4,23.09,12.55,,-7.1
"2025-09-02 21:19:02",1985,1719,80193,0,,6.15,45.5,23.16,12.45,,-7.2
"2025-09-02 21:19:03",1979,1713,80248,-36.669335,-71.872982,6.55,37,23.21,12.35,,-7.2
"2025-09-02 21:19:04",1972,1706,80318,0,,5.6,48.5,23.28,12.25,,-7.4
"2025-09-02 21:19:05",1964,1698,80387,0,,6.9,50.3,23.34,12.2,,-7.5
"2025-09-02 21:19:06",1957,1691,80456,-36.669223,-71.872813,7.05,50,23.41,12.1,,-7.5
"2025-09-02 21:19:07",1948,1682,80534,0,,5.45,50.7,23.45,12.05,,-7.7
"2025-09-02 21:19:08",1940,1674,80614,0,,6.2,40.2,23.51,12.05,,-7.6
"2025-09-02 21:19:09",1931,1665,80694,-36.669103,-71.872665,6.7,49.1,23.6,12,,-7.6
"2025-09-02 21:19:10",1924,1658,80756,0,,6.65,37,23.67,12,,-7.5
"2025-09-02 21:19:11",1917,1651,80821,0,,6.3,47.5,23.73,12,,-7.4
"2025-09-02 21:19:12",1910,1644,80886,-36.668978,-71.872523,6.1,35.7,23.79,12.1,,-7.3
"2025-09-02 21:19:13",1902,1636,80962,0,,6.25,50.5,23.88,12.2,,-7.5
"2025-09-02 21:19:14",1894,1628,81035,0,,7.15,38.5,23.93,12.45,,-7.6
"2025-09-02 21:19:15",1886,1620,81108,-36.668837,-71.87238,7.05,35.7,23.95,12.7,,-7.8
"2025-09-02 21:19:17",1871,1605,81240,0,,6.95,37,24.07,13.05,,-7.7
"2025-09-02 21:19:18",1864,1598,81306,-36.668678,-71.872268,7.1,26.5,24.1,13.15,34.5,-7.7
"2025-09-02 21:19:19",1855,1589,81395,0,,6.3,19.7,24.17,13.25,,-7.9
"2025-09-02 21:19:20",1845,1579,81487,0,,6.65,32.1,24.25,13.2,,-8
"2025-09-02 21:19:21",1835,1569,81580,-36.668533,-71.872175,5.75,28.9,24.31,13.05,,-8.1
"2025-09-02 21:19:22",1830,1564,81628,0,,5.55,21.6,24.36,12.85,,-7.8
"2025-09-02 21:19:23",1824,1558,81676,0,,5.8,28.7,24.4,12.65,,-7.7
"2025-09-02 21:19:24",1819,1553,81724,-36.66838,-71.872077,7.45,31.7,24.43,12.55,,-7.5
"2025-09-02 21:19:28",1786,1520,82032,0,,6.45,26.9,24.5,12.3,,-7.7
"2025-09-02 21:19:29",1778,1512,82110,0,,7.8,26.5,24.51,12.3,,-7.8
"2025-09-02 21:19:30",1769,1503,82188,-36.668063,-71.871852,6.8,23.9,24.53,12.25,,-7.9
"2025-09-02 21:19:31",1762,1496,82256,0,,7.3,34.2,24.57,12.25,,-7.7
"2025-09-02 21:19:32",1755,1489,82321,0,,8.5,29.9,24.61,12.25,,-7.5
"2025-09-02 21:19:33",1748,1482,82386,-36.667883,-71.871732,6.75,27.8,24.64,12.25,,-7.2
"2025-09-02 21:19:34",1741,1475,82451,0,,7.3,19.9,24.67,12.3,,-7.4
"2025-09-02 21:19:35",1734,1468,82516,0,,6.5,31.2,24.74,12.3,,-7.5
"2025-09-02 21:19:36",1727,1461,82582,-36.66771,-71.871623,8.2,25.7,24.78,12.3,,-7.7
"2025-09-02 21:19:37",1718,1452,82669,0,,6.7,26.9,24.86,12.3,,-7.8
"2025-09-02 21:19:38",1708,1442,82759,0,,8.1,23.7,24.92,12.3,,-7.9
"2025-09-02 21:19:39",1699,1433,82850,-36.667528,-71.871525,6.5,22.3,25,12.3,,-8
"2025-09-02 21:19:40",1694,1428,82897,0,,7.65,22.3,25.05,12.3,,-7.7
"2025-09-02 21:19:41",1689,1423,82943,0,,8.35,34.8,25.09,12.4,,-7.4
"2025-09-02 21:19:42",1684,1418,82990,-36.667333,-71.871363,9.35,38.5,25.12,12.45,,-7.1
"2025-09-02 21:19:43",1676,1410,83063,0,,8.35,30.4,25.15,12.55,,-7.2
"2025-09-02 21:19:44",1668,1402,83136,0,,8.05,24.3,25.15,12.7,,-7.2
"2025-09-02 21:19:45",1660,1394,83210,-36.667123,-71.87123,9,30.6,25.15,12.9,35,-7.3
"2025-09-02 21:19:47",1642,1376,83383,0,,8.85,16.3,25.15,13.1,,-7.6
"2025-09-02 21:19:48",1633,1367,83472,-36.666898,-71.871118,8.85,25,25.17,13.2,,-7.8
"2025-09-02 21:19:49",1627,1361,83524,0,,8.85,25.9,25.2,13.35,,-7.5
"2025-09-02 21:19:50",1622,1356,83572,0,,8.7,30.7,25.2,13.6,,-7.1
"2025-09-02 21:19:51",1617,1351,83620,-36.66669,-71.870998,8.8,20.7,25.2,14.25,,-6.8
"2025-09-02 21:19:52",1610,1344,83691,0,,7.45,20.4,25.17,14.8,,-7
"2025-09-02 21:19:53",1602,1336,83765,0,,7.35,36.7,25.17,15.8,,-7.2
"2025-09-02 21:19:54",1594,1328,83840,-36.666507,-71.870858,8.65,28.8,25.15,16.8,,-7.5
"2025-09-02 21:19:55",1586,1320,83911,0,,8.35,38.5,25.19,17.45,,-7.5
"2025-09-02 21:19:56",1579,1313,83982,0,,9.5,35,25.21,17.8,,-7.5
"2025-09-02 21:19:57",1571,1305,84054,-36.666298,-71.87068,9.65,32.3,25.23,18.05,,-7.4
"2025-09-02 21:19:58",1563,1297,84133,0,,9.5,35.7,25.26,18.6,,-7.5
"2025-09-02 21:19:59",1555,1289,84213,0,,9.05,34.6,25.28,19.2,,-7.3
"2025-09-02 21:20:00",1546,1280,84294,-36.666118,-71.870513,7.3,36,25.26,20.1,,-7.2
"2025-09-02 21:20:01",1539,1273,84367,0,,7.35,44.2,25.27,21.05,,-7.2
"2025-09-02 21:20:02",1531,1265,84441,0,,9.05,36.2,25.26,21.9,,-7.5
"2025-09-02 21:20:03",1523,1257,84516,-36.665942,-71.87035,7.75,38.5,25.26,22.5,,-7.7
"2025-09-02 21:20:04",1517,1251,84570,0,,8.35,30.9,25.25,23,,-7.7
"2025-09-02 21:20:05",1512,1246,84624,0,,6.85,35.3,25.27,23.45,,-7.5
"2025-09-02 21:20:06",1506,1240,84678,-36.665778,-71.870222,7.7,29.4,25.26,23.75,,-7.4
"2025-09-02 21:20:07",1497,1231,84761,0,,6.05,36.6,25.21,24.1,,-7.4
"2025-09-02 21:20:08",1489,1223,84844,0,,7,35.2,25.16,24.3,,-7.5
"2025-09-02 21:20:09",1480,1214,84928,-36.665645,-71.870095,5.75,34.4,25.13,24.55,,-7.6
"2025-09-02 21:20:11",1465,1199,85072,0,,7.05,34.7,25.11,25,,-7.4
"2025-09-02 21:20:12",1458,1192,85144,-36.665507,-71.869957,6.7,41.2,25.1,25.3,35.25,-7.4
"2025-09-02 21:20:13",1451,1185,85213,0,,5.9,38.9,25.11,25.4,,-7.3
"2025-09-02 21:20:14",1443,1177,85284,0,,6.7,42.1,25.11,25.55,,-7.3
"2025-09-02 21:20:15",1436,1170,85356,-36.66538,-71.869808,6.55,49.9,25.15,25.65,,-7.3
"2025-09-02 21:20:17",1424,1158,85469,0,,6.95,37.4,25.23,25.75,,-7.2
"2025-09-02 21:20:18",1418,1152,85528,-36.66525,-71.869663,6.4,50.1,25.29,25.75,,-7.2
"2025-09-02 21:20:19",1410,1144,85609,0,,5.45,41.9,25.34,25.75,,-7.3
"2025-09-02 21:20:20",1402,1136,85686,0,,6.15,43.8,25.39,25.8,,-7.3
"2025-09-02 21:20:21",1394,1128,85764,-36.665147,-71.869533,5.1,44.3,25.43,25.8,,-7.2
"2025-09-02 21:20:22",1387,1121,85825,0,,5.2,58.2,25.49,25.8,,-7.2
"2025-09-02 21:20:23",1381,1115,85888,0,,5.2,58.7,25.56,25.7,,-7.1
"2025-09-02 21:20:24",1374,1108,85952,-36.665052,-71.869388,6.2,42.6,25.6,25.7,,-7
"2025-09-02 21:20:25",1365,1099,86039,0,,5.75,52.5,25.68,25.7,,-7.1
"2025-09-02 21:20:26",1356,1090,86125,0,,6.6,38,25.73,25.6,,-7.2
"2025-09-02 21:20:27",1347,1081,86212,-36.664917,-71.869252,6.9,33.8,25.81,25.55,,-7.4
"2025-09-02 21:20:28",1341,1075,86277,0,,6,40.9,25.88,25.45,,-7.3
"2025-09-02 21:20:29",1334,1068,86341,0,,5.5,40.4,25.97,25.35,,-7.4
"2025-09-02 21:20:30",1328,1062,86406,-36.664793,-71.869128,6.5,35.1,26.04,25.2,,-7.5
"2025-09-02 21:20:31",1320,1054,86482,0,,5.3,43.3,26.12,25.1,,-7.5
"2025-09-02 21:20:32",1312,1046,86558,0,,6.85,42.9,26.2,25,,-7.5
"2025-09-02 21:20:33",1304,1038,86634,-36.664658,-71.869008,6.1,26.6,26.29,24.8,,-7.4
"2025-09-02 21:20:34",1296,1030,86712,0,,6.1,35.6,26.35,24.7,,-7.6
"2025-09-02 21:20:35",1288,1022,86793,0,,6.3,45.2,26.45,24.65,,-7.7
"2025-09-02 21:20:36",1280,1014,86874,-36.664532,-71.868893,5.8,31.7,26.49,24.6,,-7.9
"2025-09-02 21:20:37",1271,1005,86956,0,,5.1,29.9,26.55,24.5,,-7.9
"2025-09-02 21:20:38",1262,996,87043,0,,5.35,24.8,26.64,24.35,,-7.9
"2025-09-02 21:20:39",1254,988,87130,-36.664413,-71.868807,4.75,26.4,26.73,24.25,35,-7.9
"2025-09-02 21:20:40",1247,981,87193,0,,5.9,46.2,26.82,24.05,,-7.7
"2025-09-02 21:20:41",1241,975,87252,0,,5.5,40.5,26.91,23.85,,-7.7
"2025-09-02 21:20:42",1235,969,87312,-36.664282,-71.868685,6.4,31.1,26.99,23.75,,-7.6
"2025-09-02 21:20:43",1227,961,87392,0,,6.85,37.6,27.06,23.7,,-7.8
"2025-09-02 21:20:44",1218,952,87477,0,,7.1,34.8,27.13,23.6,,-7.8
"2025-09-02 21:20:45",1210,944,87562,-36.664127,-71.868548,6.65,36,27.21,23.5,,-7.9
"2025-09-02 21:20:47",1197,931,87689,0,,7.6,30.3,27.38,23.35,,-7.7
"2025-09-02 21:20:48",1190,924,87754,-36.66396,-71.868443,6.3,21.6,27.44,23.2,,-7.5
"2025-09-02 21:20:49",1182,916,87831,0,,5.8,22.8,27.49,23.2,,-7.4
"2025-09-02 21:20:50",1175,909,87907,0,,6.65,33.4,27.56,23.2,,-7.3
"2025-09-02 21:20:51",1167,901,87984,-36.66381,-71.868343,6.9,29.9,27.62,23.2,,-7.2
"2025-09-02 21:20:52",1160,894,88056,0,,5.2,19.8,27.66,23.2,,-7.2
"2025-09-02 21:20:53",1152,886,88129,0,,5.65,14.2,27.72,23.2,,-7.3
"2025-09-02 21:20:54",1145,879,88202,-36.663678,-71.868273,4.75,30.3,27.79,23.15,,-7.4
"2025-09-02 21:20:55",1139,873,88261,0,,6.15,32.6,27.85,23.1,,-7.3
"2025-09-02 21:20:56",1133,867,88318,0,,4.7,23.7,27.91,23.05,,-7.1
"2025-09-02 21:20:57",1127,861,88376,-36.663558,-71.868193,5.1,24.1,27.97,23,,-6.8
"2025-09-02 21:20:58",1120,854,88450,0,,4.5,37.9,28.03,22.95,,-6.9
"2025-09-02 21:20:59",1112,846,88527,0,,4.1,41.4,28.09,22.95,,-7
"2025-09-02 21:21:00",1104,838,88604,-36.663453,-71.868103,5.2,30.8,28.15,22.9,,-7.1
"2025-09-02 21:21:01",1097,831,88675,0,,5.1,29.5,28.21,22.85,,-7.1
"2025-09-02 21:21:02",1090,824,88745,0,,4.75,37.3,28.31,22.85,,-7
"2025-09-02 21:21:03",1083,817,88816,-36.663338,-71.868,5.75,38.1,28.36,22.85,,-7
"2025-09-02 21:21:04",1073,807,88910,0,,4.55,33.7,28.46,22.9,,-7.1
"2025-09-02 21:21:05",1064,798,89003,0,,4.7,24.9,28.52,22.9,,-7.3
"2025-09-02 21:21:06",1055,789,89096,-36.663223,-71.867948,4.15,14.6,28.59,22.9,35,-7.5
"2025-09-02 21:21:07",1048,782,89167,0,,5,9.7,28.65,22.9,,-7.5
"2025-09-02 21:21:08",1040,774,89240,0,,4.35,22.4,28.74,22.85,,-7.6
"2025-09-02 21:21:09",1033,767,89314,-36.663103,-71.86789,4.9,30.7,28.81,22.75,,-7.7
"2025-09-02 21:21:10",1026,760,89384,0,,5,15.7,28.89,22.75,,-7.8
"2025-09-02 21:21:11",1019,753,89455,0,,5.75,27.2,28.93,22.9,,-7.8
"2025-09-02 21:21:12",1012,746,89526,-36.662978,-71.867825,4.85,17.8,28.99,23,,-7.7
"2025-09-02 21:21:13",1004,738,89597,0,,4.05,32.3,29.05,22.9,,-7.7
"2025-09-02 21:21:14",997,731,89667,0,,4.8,42.7,29.12,22.9,,-7.7
"2025-09-02 21:21:15",990,724,89738,-36.662863,-71.867737,5,25.3,29.19,22.9,,-7.7
"2025-09-02 21:21:17",973,707,89912,0,,4.65,25.7,29.3,23,,-7.8
"2025-09-02 21:21:18",964,698,90002,-36.66274,-71.867653,5.1,32.9,29.36,23.05,,-7.7
"2025-09-02 21:21:19",955,689,90091,0,,5.65,30.1,29.43,23.05,,-7.7
"2025-09-02 21:21:20",946,680,90177,0,,5.45,17.6,29.5,23.1,,-7.8
"2025-09-02 21:21:21",938,672,90264,-36.662613,-71.867592,4.7,17.4,29.55,23.15,,-7.9
"2025-09-02 21:21:22",931,665,90330,0,,4.25,28.6,29.6,23.3,,-7.9
"2025-09-02 21:21:23",925,659,90395,0,,4.75,43.6,29.65,23.3,,-7.8
"2025-09-02 21:21:24",918,652,90460,-36.66252,-71.867492,4.45,42.5,29.71,23.25,,-7.8
"2025-09-02 21:21:25",911,645,90535,0,,5,47.4,29.79,23.1,,-7.8
"2025-09-02 21:21:26",903,637,90610,0,,5.45,35.9,29.86,23.1,,-7.8
"2025-09-02 21:21:27",896,630,90686,-36.662402,-71.867392,5.1,28.7,29.94,23.05,,-7.9
"2025-09-02 21:21:28",889,623,90756,0,,5.95,34.3,30.02,23.05,,-7.8
"2025-09-02 21:21:29",881,615,90829,0,,6.25,30.9,30.1,22.95,,-7.6
"2025-09-02 21:21:30",874,608,90902,-36.662265,-71.867283,6.45,35.4,30.16,22.75,,-7.4
"2025-09-02 21:21:31",866,600,90983,0,,5,30.1,30.23,22.6,,-7.4
"2025-09-02 21:21:32",858,592,91062,0,,5,26,30.27,22.5,,-7.3
"2025-09-02 21:21:33",850,584,91142,-36.662132,-71.86721,6.05,25.6,30.34,22.45,35.75,-7.3
"2025-09-02 21:21:34",843,577,91218,0,,5.55,13.5,30.41,22.45,,-7.3
"2025-09-02 21:21:35",835,569,91297,0,,4.1,30.3,30.47,22.4,,-7.4
"2025-09-02 21:21:36",827,561,91376,-36.662027,-71.867142,3.95,32.8,30.55,22.3,,-7.5
"2025-09-02 21:21:37",821,555,91441,0,,4.8,30.2,30.61,22.25,,-7.5
"2025-09-02 21:21:38",814,548,91507,0,,4.45,33.8,30.68,22.25,,-7.4
"2025-09-02 21:21:39",808,542,91574,-36.661922,-71.86706,4.7,29.4,30.72,22.2,,-7.4
"2025-09-02 21:21:40",800,534,91650,0,,3.9,44.9,30.79,22.25,,-7.4
"2025-09-02 21:21:41",793,527,91726,0,,4.2,37.1,30.85,22.25,,-7.4
"2025-09-02 21:21:42",785,519,91802,-36.66182,-71.86696,5.4,34.1,30.9,22.25,,-7.4
"2025-09-02 21:21:47",747,481,92195,0,,5.85,43.1,31.19,22.2,,-7.4
"2025-09-02 21:21:48",739,473,92274,-36.661578,-71.866708,5.15,38.1,31.27,22.2,,-7.4
"2025-09-02 21:21:55",684,418,92827,0,,6.05,29.7,31.7,22,,-7.8
"2025-09-02 21:21:56",676,410,92906,0,,5.2,28.9,31.76,21.9,,-7.8
"2025-09-02 21:21:57",669,403,92986,-36.661163,-71.866403,5.35,27.5,31.84,21.85,,-7.8
"2025-09-02 21:21:58",662,396,93052,0,,5.75,41.9,31.9,21.8,,-7.7
"2025-09-02 21:21:59",656,390,93118,0,,4.85,42.3,31.96,21.75,,-7.6
"2025-09-02 21:22:00",649,383,93184,-36.661052,-71.866267,5.8,49.8,32.08,21.7,36.75,-7.4
"2025-09-02 21:22:01",642,376,93259,0,,7.1,41.4,32.1,21.7,,-7.4
"2025-09-02 21:22:02",634,368,93334,0,,6.35,42.8,32.15,21.65,,-7.4
"2025-09-02 21:22:03",627,361,93410,-36.660917,-71.866143,5.7,31.8,32.23,21.65,,-7.4
"2025-09-02 21:22:07",598,332,93711,0,,6.45,45,32.52,21.55,,-7.2
"2025-09-02 21:22:08",590,324,93786,0,,6.6,40.7,32.59,21.4,,-7.2
"2025-09-02 21:22:09",583,317,93862,-36.660653,-71.86589,6.6,39.4,32.68,21.4,,-7.1
"2025-09-02 23:44:21",276,10,97028,0,,,,27.49,37.75,28,
"2025-09-02 23:45:22",276,10,97026,0,,,,27.41,38,,0
"2025-09-02 23:45:34",276,10,97030,0,,,,27.39,38,,0
"2025-09-02 23:45:58",276,10,97028,0,,,,27.35,37.95,,0
"2025-09-02 23:46:10",276,10,97028,0,,,,27.35,37.9,28.5,0
"2025-09-02 23:46:22",276,10,97026,0,,,,27.34,37.85,,0
"2025-09-02 23:46:28",276,10,97026,0,,,,27.34,37.9,,0
"2025-09-02 23:46:34",276,10,97026,0,,,,27.34,37.9,,0
"2025-09-02 23:46:40",276,10,97024,0,,,,27.33,38,,0
"2025-09-02 23:46:46",276,10,97028,0,,,,27.33,38,,0
"2025-09-02 23:46:58",276,10,97024,0,,,,27.31,38.2,,0
"2025-09-02 23:47:04",276,10,97026,0,,,,27.3,38.25,28.5,0
"2025-09-02 23:47:11",276,10,97026,0,,,,27.29,38.3,,0
"2025-09-02 23:47:23",276,10,97030,0,,,,27.27,38.4,,0
"2025-09-02 23:47:29",276,10,97028,0,,,,27.27,38.45,,0
"2025-09-02 23:47:35",276,10,97032,0,,,,27.26,38.25,,0
"2025-09-02 23:47:41",276,10,97030,0,,,,27.24,38.2,,0
"2025-09-02 23:47:47",276,10,97028,0,,,,27.24,38.2,,0
"2025-09-02 23:47:53",276,10,97026,0,,,,27.22,38.25,,0
"2025-09-02 23:47:59",276,10,97030,0,,,,27.21,38.3,28.5,0
"2025-09-02 23:48:05",276,10,97030,0,,,,27.2,38.25,,0
"2025-09-02 23:48:11",276,10,97028,0,,,,27.2,38.1,,0
"2025-09-02 23:48:17",276,10,97028,0,,,,27.19,38.35,,0
"2025-09-02 23:48:23",275,9,97034,0,,,,27.18,38.35,,0
"2025-09-02 23:48:29",276,10,97032,0,,,,27.17,38.25,,0
"2025-09-02 23:48:35",276,10,97030,0,,,,27.17,38.2,,0
"2025-09-02 23:48:41",276,10,97028,0,,,,27.16,38.25,,0
"2025-09-02 23:48:47",276,10,97030,0,,,,27.16,38.15,,0
"2025-09-02 23:48:53",276,10,97030,0,,,,27.15,38.1,28.5,0
"2025-09-02 23:48:59",276,10,97032,0,,,,27.15,38.05,,0
"2025-09-02 23:49:05",276,10,97030,0,,,,27.14,38.15,,0
"2025-09-02 23:49:11",276,10,97032,0,,,,27.13,38.25,,0
"2025-09-02 23:49:17",275,9,97034,0,,,,27.13,38.3,,0
"2025-09-02 23:49:23",276,10,97030,0,,,,27.12,38.35,,0
"2025-09-02 23:49:29",276,10,97030,0,,,,27.12,38.4,,0
"2025-09-02 23:49:35",276,10,97030,0,,,,27.11,38.45,,0
"2025-09-02 23:49:41",275,9,97034,0,,,,27.09,38.45,,0
"2025-09-02 23:49:48",275,9,97034,0,,,,27.09,38.55,28.5,0
"2025-09-02 23:49:54",276,10,97032,0,,,,27.08,38.55,,0
"2025-09-02 23:50:00",275,9,97034,0,,,,27.07,38.45,,0
"2025-09-02 23:50:06",275,9,97038,0,,,,27.06,38.5,,0
"2025-09-02 23:50:12",275,9,97036,0,,,,27.05,38.35,,0
"2025-09-02 23:50:18",275,9,97036,0,,,,27.05,38.3,,0
"2025-09-02 23:50:24",275,9,97038,0,,,,27.04,38.3,,0
"2025-09-02 23:50:30",275,9,97036,0,,,,27.04,38.3,,0
"2025-09-02 23:50:36",275,9,97040,0,,,,27.04,38.25,,0
"2025-09-02 23:50:42",275,9,97036,0,,,,27.03,38.3,28.5,0
"2025-09-02 23:50:48",275,9,97036,0,,,,27.03,38.3,,0
"2025-09-02 23:50:54",275,9,97038,0,,,,27.02,38.4,,0
"2025-09-02 23:51:00",275,9,97038,0,,,,27.01,38.5,,0
"2025-09-02 23:51:06",275,9,97040,0,,,,27.01,38.65,,0
"2025-09-02 23:51:12",275,9,97040,0,,,,27,38.7,,0
"2025-09-02 23:51:18",275,9,97042,0,,,,26.98,38.6,,0
"2025-09-02 23:51:24",274,8,97044,0,,,,26.98,38.6,,0
"2025-09-02 23:51:30",275,9,97042,0,,,,26.97,38.6,,0
"2025-09-02 23:51:36",275,9,97042,0,,,,26.94,38.6,28.5,0
"2025-09-02 23:51:42",274,8,97044,0,,,,26.94,38.6,,0
"2025-09-02 23:51:48",274,8,97048,0,,,,26.94,38.7,,0
"2025-09-02 23:51:54",274,8,97048,0,,,,26.93,38.7,,0
"2025-09-02 23:52:00",274,8,97046,0,,,,26.93,38.7,,0
"2025-09-02 23:52:06",274,8,97048,0,,,,26.92,38.8,,0
"2025-09-02 23:52:12",274,8,97052,0,,,,26.91,38.8,,0
"2025-09-02 23:52:18",274,8,97046,0,,,,26.91,38.7,,0
"2025-09-02 23:52:24",274,8,97050,0,,,,26.9,38.8,,0
"2025-09-02 23:52:30",274,8,97050,0,,,,26.89,38.75,28.5,0
"2025-09-02 23:52:37",274,8,97050,0,,,,26.87,38.85,,0
"2025-09-02 23:52:43",274,8,97050,0,,,,26.86,39.1,,0
"2025-09-02 23:52:49",274,8,97050,0,,,,26.84,39.7,,0
"2025-09-02 23:52:55",274,8,97052,0,,,,26.8,40.8,,0
"2025-09-02 23:53:01",273,7,97056,0,,,,26.69,41.4,,0
"2025-09-02 23:53:07",273,7,97060,0,,,,26.52,41.9,,-0.1
"2025-09-02 23:53:13",273,7,97064,0,,,,26.39,42.35,,-0.1
"2025-09-02 23:53:19",273,7,97060,0,,,,26.23,42.7,,0
"2025-09-02 23:53:25",273,7,97062,0,,,,26.11,43,28.5,0
"2025-09-02 23:53:31",273,7,97064,0,,,,26.02,43.4,,0
"2025-09-02 23:53:37",273,7,97062,0,,,,25.88,43.75,,0
"2025-09-02 23:53:43",273,7,97062,0,,,,25.73,44,,0
"2025-09-02 23:53:49",273,7,97062,0,,,,25.64,44.35,,0
"2025-09-02 23:53:55",272,6,97066,0,,,,25.55,44.7,,0
"2025-09-02 23:54:01",273,7,97064,0,,,,25.46,45.05,,0
"2025-09-02 23:54:07",272,6,97066,0,,,,25.4,45.15,,0
"2025-09-02 23:54:13",272,6,97066,0,,,,25.35,45.25,,0
"2025-09-02 23:54:19",272,6,97066,0,,,,25.36,45.05,28.25,0
"2025-09-02 23:54:25",273,7,97064,0,,,,25.38,45.05,,0
"2025-09-02 23:54:31",272,6,97070,0,,,,25.38,45.25,,0
"2025-09-02 23:54:37",272,6,97066,0,,,,25.35,45.3,,0
"2025-09-02 23:54:43",272,6,97068,0,,,,25.32,45.3,,0
"2025-09-02 23:54:50",272,6,97066,0,,,,25.32,45.3,,0
"2025-09-02 23:54:56",272,6,97068,0,,,,25.35,45.65,,0
"2025-09-02 23:55:02",272,6,97074,0,,,,25.35,45.9,,-0.1
"2025-09-02 23:55:08",271,5,97076,0,,,,25.34,45.95,,-0.1
"2025-09-02 23:55:14",272,6,97072,0,,,,25.32,46.05,28,0
"2025-09-02 23:55:20",272,6,97072,0,,,,25.3,46.15,,0
"2025-09-02 23:55:26",272,6,97074,0,,,,25.26,46.25,,0
"2025-09-02 23:55:32",271,5,97078,0,,,,25.22,45.95,,0
"2025-09-02 23:55:38",271,5,97078,0,,,,25.21,45.8,,0
"2025-09-02 23:55:44",271,5,97076,0,,,,25.25,45.7,,0
"2025-09-02 23:55:50",271,5,97078,0,,,,25.3,45.55,,0
"2025-09-02 23:55:56",271,5,97076,0,,,,25.36,45.4,,0
"2025-09-02 23:56:02",271,5,97078,0,,,,25.39,45.15,,0
"2025-09-02 23:56:08",271,5,97078,0,,,,25.44,44.95,28,0
"2025-09-02 23:56:14",271,5,97076,0,,,,25.48,44.6,,0
"2025-09-02 23:56:20",271,5,97078,0,,,,25.51,44.4,,0
"2025-09-02 23:56:26",271,5,97080,0,,,,25.54,44.25,,0
"2025-09-02 23:56:32",271,5,97082,0,,,,25.56,44.2,,0
"2025-09-02 23:56:38",271,5,97080,0,,,,25.57,44.1,,0
"2025-09-02 23:56:44",271,5,97078,0,,,,25.59,43.9,,0
"2025-09-02 23:56:50",271,5,97082,0,,,,25.61,43.85,,0
"2025-09-02 23:56:56",271,5,97080,0,,,,25.64,43.85,,0
"2025-09-02 23:57:02",271,5,97080,0,,,,25.64,43.8,27.75,0
"2025-09-02 23:57:09",271,5,97084,0,,,,25.65,43.75,,0
"2025-09-02 23:57:15",271,5,97080,0,,,,25.66,43.7,,0
"2025-09-02 23:57:21",271,5,97080,0,,,,25.68,43.75,,0
"2025-09-02 23:57:27",271,5,97084,0,,,,25.69,43.75,,0
"2025-09-02 23:57:33",271,5,97082,0,,,,25.69,43.65,,0
"2025-09-02 23:57:39",271,5,97082,0,,,,25.7,43.5,,0
"2025-09-02 23:57:45",271,5,97084,0,,,,25.71,43.55,,0
"2025-09-02 23:57:51",271,5,97082,0,,,,25.72,43.55,,0
"2025-09-02 23:57:57",270,4,97086,0,,,,25.74,43.35,27.75,0
"2025-09-02 23:58:03",271,5,97084,0,,,,25.75,43.2,,0
"2025-09-02 23:58:09",270,4,97088,0,,,,25.76,43,,0
"2025-09-02 23:58:15",271,5,97084,0,,,,25.76,42.9,,0
"2025-09-02 23:58:21",270,4,97088,0,,,,25.75,42.8,,0
"2025-09-02 23:58:27",270,4,97086,0,,,,25.74,42.9,,0
"2025-09-02 23:58:33",270,4,97090,0,,,,25.74,42.95,,0
"2025-09-02 23:58:39",270,4,97088,0,,,,25.73,43,,0
"2025-09-02 23:58:45",270,4,97088,0,,,,25.72,43.1,,0
"2025-09-02 23:58:51",270,4,97090,0,,,,25.72,43.1,27.75,0
"2025-09-02 23:58:57",270,4,97090,0,,,,25.71,43.15,,0
"2025-09-02 23:59:03",270,4,97090,0,,,,25.71,43.15,,0
"2025-09-02 23:59:09",270,4,97090,0,,,,25.71,43.3,,0
"2025-09-02 23:59:15",270,4,97090,0,,,,25.71,43.2,,0
"2025-09-02 23:59:21",270,4,97090,0,,,,25.7,43.35,,0
"2025-09-02 23:59:27",270,4,97086,0,,,,25.69,43.35,,0
"2025-09-02 23:59:34",271,5,97076,0,,,,25.79,45.1,,0.1
