timestamp,msl,agl,pressure,latitude,longitude,speed,heading,temperature,relative_humidity,internal_temperature,rise_speed
"2025-09-02 22:12:06",316,-1,96656,-36.774837,-71.933393,2.65,348,35.25,20.5,,-0.1
"2025-09-02 22:12:08",320,2,96614,0,,4.5,30.8,35.13,20.2,,0.1
"2025-09-02 22:12:09",321,3,96594,-36.774743,-71.933352,3.5,12.1,35.05,20.15,,0.3
"2025-09-02 22:12:10",322,4,96586,0,,3.3,8.8,34.99,20.1,,0.4
"2025-09-02 22:12:11",323,5,96579,0,,4.45,25.3,34.9,20.1,,0.4
"2025-09-02 22:12:12",324,6,96572,-36.774643,-71.933307,3.85,19.7,34.86,20.1,,0.5
"2025-09-02 22:12:13",324,6,96561,0,,3.75,35.1,34.81,20.1,,0.6
"2025-09-02 22:12:14",326,8,96550,0,,4.8,21.1,34.76,20.1,,0.7
"2025-09-02 22:12:15",327,9,96540,-36.774533,-71.933258,4.5,359.5,34.74,20.2,,0.8
"2025-09-02 22:12:16",329,11,96512,0,,4.25,12.2,34.69,20.25,,1
"2025-09-02 22:12:17",332,14,96486,0,,3.7,3.4,34.65,20.3,,1.3
"2025-09-02 22:12:18",334,16,96460,-36.77443,-71.933245,2.3,357.7,34.65,20.3,42.75,1.5
"2025-09-02 22:12:19",336,18,96437,0,,2.4,36.3,34.65,20.35,,1.6
"2025-09-02 22:12:20",338,20,96413,0,,2,9.1,34.65,20.4,,1.6
"2025-09-02 22:12:21",341,23,96390,-36.774378,-71.933223,1.8,12.4,34.65,20.45,,1.6
"2025-09-02 22:12:23",345,27,96340,0,,3.4,32.6,34.58,20.55,,1.8
"2025-09-02 22:12:24",348,30,96316,-36.774312,-71.933172,3.4,28.7,34.6,20.55,,1.9
"2025-09-02 22:12:25",350,32,96295,0,,3.9,25.7,34.59,20.55,,2.1
"2025-09-02 22:12:26",352,34,96274,0,,5.1,33.9,34.57,20.6,,2.2
"2025-09-02 22:12:27",354,36,96254,-36.774222,-71.933107,2.35,21.2,34.57,20.55,,2.2
"2025-09-02 22:12:28",355,37,96239,0,,2.4,18.1,34.54,20.5,,2.1
"2025-09-02 22:12:29",356,38,96224,0,,4.2,44.2,34.52,20.5,,2.1
"2025-09-02 22:12:30",358,40,96210,-36.774153,-71.933048,2.75,26.6,34.48,20.5,,2
"2025-09-02 22:12:31",360,42,96188,0,,3.15,3.5,34.46,20.5,,2
"2025-09-02 22:12:32",362,44,96166,0,,3.85,49.1,34.44,20.55,,2
"2025-09-02 22:12:33",364,46,96144,-36.77408,-71.932993,2.9,32.9,34.42,20.55,,2
"2025-09-02 22:12:34",366,48,96124,0,,2.9,32.9,34.41,20.6,,1.9
"2025-09-02 22:12:35",368,50,96105,0,,4.25,30.7,34.4,20.6,,1.9
"2025-09-02 22:12:36",369,51,96086,-36.773998,-71.93294,3.1,44.5,34.39,20.6,,1.9
"2025-09-02 22:12:38",373,55,96052,0,,3.4,27.8,34.32,20.6,,1.8
"2025-09-02 22:12:39",374,56,96036,-36.773928,-71.932873,3.55,37.8,34.32,20.6,,1.7
"2025-09-02 22:12:40",376,58,96016,0,,,,34.29,20.65,,1.7
"2025-09-02 22:12:41",378,60,95997,0,,,,34.25,20.65,,1.8
"2025-09-02 22:12:42",380,62,95978,0,,,,34.22,20.7,,1.8
"2025-09-02 22:12:44",383,65,95946,0,,2.85,57.7,34.21,20.8,,1.8
"2025-09-02 22:12:45",384,66,95930,-36.773847,-71.932735,3.35,33.1,34.22,20.8,43,1.7
"2025-09-02 22:12:46",386,68,95914,0,,3.55,44.3,34.23,20.8,,1.7
"2025-09-02 22:12:47",387,69,95899,0,,2.9,33.1,34.19,20.8,,1.6
"2025-09-02 22:12:48",389,71,95884,-36.773782,-71.932665,3.4,54.1,34.18,20.85,,1.6
"2025-09-02 22:12:49",390,72,95864,0,,4.15,50.6,34.17,20.85,,1.6
"2025-09-02 22:12:50",392,74,95845,0,,3.35,51.2,34.17,20.9,,1.6
"2025-09-02 22:12:51",394,76,95826,-36.773715,-71.93257,4.15,38.9,34.16,20.9,,1.7
"2025-09-02 22:12:53",396,78,95804,0,,3.3,55.6,34.09,20.9,,1.5
"2025-09-02 22:12:54",397,79,95794,-36.773632,-71.932472,4.2,36.1,34.04,20.85,,1.5
"2025-09-02 22:12:55",398,80,95780,0,,3.45,34.7,34.02,20.8,,1.4
"2025-09-02 22:12:56",400,82,95767,0,,4,61.6,34,20.8,,1.4
"2025-09-02 22:12:57",401,83,95754,-36.773562,-71.932377,4,52.4,33.96,20.8,,1.4
"2025-09-02 22:12:58",402,84,95739,0,,3.1,49.2,33.93,20.85,,1.4
"2025-09-02 22:12:59",404,86,95724,0,,4.55,50.8,33.92,20.85,,1.4
"2025-09-02 22:13:00",405,87,95710,-36.773492,-71.932277,4.25,43,33.92,20.95,,1.4
"2025-09-02 22:13:01",406,88,95695,0,,2.15,66.2,33.92,20.95,,1.3
"2025-09-02 22:13:02",408,90,95680,0,,4.5,54.3,33.88,20.95,,1.3
"2025-09-02 22:13:03",409,91,95666,-36.773433,-71.932173,4,54.7,33.89,21,,1.3
"2025-09-02 22:13:05",412,94,95638,0,,4.45,36.6,33.84,21.05,,1.3
"2025-09-02 22:13:06",413,95,95624,-36.773355,-71.93207,4.85,43.3,33.83,21.1,,1.3
"2025-09-02 22:13:09",416,98,95590,-36.773267,-71.931957,4.75,43.2,33.86,21,,1.3
"2025-09-02 22:13:11",419,101,95563,0,,5.1,40.5,33.86,20.95,,1.3
"2025-09-02 22:13:12",420,102,95550,-36.773173,-71.931848,4.75,41.7,33.85,21,43.25,1.3
"2025-09-02 22:13:14",425,107,95500,0,,5.7,35.3,33.8,20.95,,1.4
"2025-09-02 22:13:15",427,109,95476,-36.773077,-71.93174,3.95,38.9,33.79,20.95,,1.5
"2025-09-02 22:13:17",431,113,95433,0,,6.1,34.2,33.74,20.95,,1.6
"2025-09-02 22:13:18",433,115,95412,-36.772977,-71.931642,4.35,32.6,33.71,21,,1.7
"2025-09-02 22:13:20",437,119,95367,0,,5.25,35.4,33.64,21,,1.7
"2025-09-02 22:13:21",439,121,95346,-36.772877,-71.931538,5.45,44.4,33.6,21.05,,1.9
"2025-09-02 22:13:22",443,125,95308,0,,6.7,38.1,33.58,21.05,,2.1
"2025-09-02 22:13:23",447,129,95270,0,,5.5,31.8,33.55,21.05,,2.2
"2025-09-02 22:13:24",450,132,95232,-36.772752,-71.931418,5.65,41.8,33.55,21.05,,2.4
"2025-09-02 22:13:25",453,135,95208,0,,7.35,35.5,33.57,21.05,,2.5
"2025-09-02 22:13:26",455,137,95184,0,,6.4,32.4,33.59,21.05,,2.5
"2025-09-02 22:13:27",457,139,95160,-36.772608,-71.931295,6.15,33.5,33.59,21.05,,2.5
"2025-09-02 22:13:28",459,141,95141,0,,6.15,34,33.57,21.05,,2.4
"2025-09-02 22:13:29",461,143,95123,0,,5.9,37.5,33.55,21.1,,2.4
"2025-09-02 22:13:30",462,144,95106,-36.772473,-71.93118,6.95,34.8,33.51,21.1,,2.4
"2025-09-02 22:13:31",464,146,95089,0,,6.05,31.5,33.51,21.15,,2.3
"2025-09-02 22:13:32",465,147,95073,0,,6.05,42.4,33.48,21.1,,2.3
"2025-09-02 22:13:33",467,149,95058,-36.772337,-71.931055,7,33.4,33.43,21.15,,2.3
"2025-09-02 22:13:34",469,151,95037,0,,6.45,43,33.41,21.2,,2.1
"2025-09-02 22:13:35",471,153,95016,0,,7.65,47.4,33.37,21.2,,2
"2025-09-02 22:13:36",473,155,94996,-36.772197,-71.930885,7.8,43.5,33.34,21.2,,1.9
"2025-09-02 22:13:37",474,156,94984,0,,6.25,44.5,33.32,21.25,,1.8
"2025-09-02 22:13:38",475,157,94972,0,,8,41.3,33.3,21.3,,1.7
"2025-09-02 22:13:39",476,158,94960,-36.772053,-71.93072,7.7,44.5,33.28,21.3,43.25,1.6
"2025-09-02 22:13:40",477,159,94952,0,,5.95,50,33.27,21.35,,1.5
"2025-09-02 22:13:41",478,160,94945,0,,7.45,44,33.24,21.2,,1.4
"2025-09-02 22:13:42",478,160,94938,-36.77192,-71.930562,7.3,37,33.23,21.2,,1.3
"2025-09-02 22:13:43",479,161,94929,0,,5.75,43.5,33.22,21.15,,1.3
"2025-09-02 22:13:44",480,162,94921,0,,7.1,47.1,33.23,21.1,,1.2
"2025-09-02 22:13:45",481,163,94914,-36.771788,-71.93041,6.5,34.7,33.21,21,,1.2
"2025-09-02 22:13:46",482,164,94903,0,,6.3,32.6,33.18,21,,1.1
"2025-09-02 22:13:47",483,165,94893,0,,7.4,46.7,33.14,20.95,,1
"2025-09-02 22:13:48",483,165,94884,-36.771657,-71.930265,6.5,40.9,33.12,20.9,,0.9
"2025-09-02 22:13:49",484,166,94879,0,,5.8,50.8,33.12,20.9,,0.8
"2025-09-02 22:13:50",484,166,94874,0,,6.75,44.8,33.1,20.85,,0.8
"2025-09-02 22:13:51",485,167,94870,-36.77154,-71.93012,6.25,36.4,33.08,20.8,,0.7
"2025-09-02 22:13:53",487,169,94848,0,,6.6,42.9,33.06,20.75,,0.8
"2025-09-02 22:13:54",488,170,94838,-36.771432,-71.929973,5.5,35.6,33.06,20.75,,0.8
"2025-09-02 22:13:55",488,170,94833,0,,6.6,43.6,33.04,20.7,,0.8
"2025-09-02 22:13:56",489,171,94828,0,,6.55,42.3,33.01,20.7,,0.7
"2025-09-02 22:13:57",489,171,94824,-36.771307,-71.929838,5.4,35.8,33.01,20.75,,0.7
"2025-09-02 22:13:58",490,172,94815,0,,6.9,45.1,33.01,20.8,,0.7
"2025-09-02 22:13:59",491,173,94806,0,,6.85,41.7,33.01,20.8,,0.7
"2025-09-02 22:14:00",492,174,94798,-36.771187,-71.929692,4.95,42.8,33.01,20.85,,0.7
"2025-09-02 22:14:01",492,174,94791,0,,5.8,40.3,33.01,20.85,,0.7
"2025-09-02 22:14:02",493,175,94784,0,,7,39.3,33.01,20.85,,0.7
"2025-09-02 22:14:03",494,176,94778,-36.771068,-71.929547,6,49.8,33.01,20.9,,0.7
"2025-09-02 22:14:04",494,176,94769,0,,6.25,46.9,33.01,20.9,,0.7
"2025-09-02 22:14:05",495,177,94760,0,,5.75,34.6,33.01,20.9,,0.7
"2025-09-02 22:14:06",496,178,94752,-36.77095,-71.929408,6,45.6,33.01,20.95,43,0.7
"2025-09-02 22:14:08",497,179,94738,0,,5.35,36.2,32.98,20.95,,0.7
"2025-09-02 22:14:09",498,180,94732,-36.770835,-71.929267,5.8,48.6,32.96,21,,0.7
"2025-09-02 22:14:10",499,181,94723,0,,5.95,45.1,32.95,21,,0.7
"2025-09-02 22:14:11",499,181,94715,0,,5.45,38.6,32.94,21,,0.7
"2025-09-02 22:14:12",500,182,94708,-36.77072,-71.929132,6.3,47.3,32.94,21,,0.7
"2025-09-02 22:14:13",501,183,94698,0,,6.1,41.4,32.93,21,,0.7
"2025-09-02 22:14:14",502,184,94689,0,,5,44,32.93,21,,0.8
"2025-09-02 22:14:15",503,185,94680,-36.770605,-71.929003,6.1,44.1,32.92,21,,0.8
"2025-09-02 22:14:16",504,186,94670,0,,5.9,30.9,32.91,21.05,,0.8
"2025-09-02 22:14:17",505,187,94660,0,,5.45,42.2,32.9,21.05,,0.8
"2025-09-02 22:14:18",506,188,94650,-36.77048,-71.928882,6.55,44.7,32.89,21.05,,0.8
"2025-09-02 22:14:19",507,189,94640,0,,5.65,31.2,32.88,21.1,,0.8
"2025-09-02 22:14:20",508,190,94631,0,,5.65,42.9,32.86,21.1,,0.9
"2025-09-02 22:14:21",508,190,94622,-36.770353,-71.928762,6.5,38.2,32.85,21.1,,0.9
"2025-09-02 22:14:22",509,191,94612,0,,4.8,27.7,32.86,21.1,,0.9
"2025-09-02 22:14:23",510,192,94603,0,,5.75,49.7,32.85,21.1,,0.9
"2025-09-02 22:14:24",511,193,94594,-36.770237,-71.928642,6.25,37.2,32.85,21.1,,0.9
"2025-09-02 22:14:25",512,194,94583,0,,5.55,29,32.84,21.1,,0.9
"2025-09-02 22:14:26",513,195,94572,0,,6.3,43.7,32.83,21.1,,0.9
"2025-09-02 22:14:27",514,196,94562,-36.770108,-71.928518,6.55,39.8,32.82,21.1,,0.9
"2025-09-02 22:14:28",515,197,94552,0,,5.05,26.3,32.82,21.1,,0.9
"2025-09-02 22:14:29",516,198,94543,0,,6.15,44.1,32.81,21.1,,0.9
"2025-09-02 22:14:30",517,199,94534,-36.769983,-71.9284,6.35,41,32.79,21.1,,0.9
"2025-09-02 22:14:32",519,201,94515,0,,5.9,42.9,32.77,21.1,,0.9
"2025-09-02 22:14:33",520,202,94506,-36.769868,-71.92828,6.5,39.7,32.75,21.15,43,0.9
"2025-09-02 22:14:34",521,203,94494,0,,4.4,40.5,32.75,21.15,,0.9
"2025-09-02 22:14:35",522,204,94483,0,,6.05,39,32.74,21.15,,1
"2025-09-02 22:14:36",523,205,94472,-36.76975,-71.928157,6.8,39.5,32.73,21.2,,1
"2025-09-02 22:14:37",523,205,94464,0,,4.5,35.4,32.73,21.2,,1
"2025-09-02 22:14:38",524,206,94457,0,,5.85,38.5,32.71,21.2,,0.9
"2025-09-02 22:14:39",525,207,94450,-36.769632,-71.928037,6.75,38.6,32.7,21.15,,0.9
"2025-09-02 22:14:40",526,208,94439,0,,5.1,44.4,32.7,21.15,,0.9
"2025-09-02 22:14:41",527,209,94428,0,,5.55,34.8,32.7,21.15,,0.9
"2025-09-02 22:14:42",528,210,94418,-36.769512,-71.927918,6.25,33.8,32.68,21.15,,0.9
"2025-09-02 22:14:43",529,211,94405,0,,5.6,38.2,32.67,21.1,,0.9
"2025-09-02 22:14:44",530,212,94393,0,,5.9,35.9,32.65,21.15,,1
"2025-09-02 22:14:45",531,213,94382,-36.769387,-71.927805,6,29.2,32.63,21.15,,1
"2025-09-02 22:14:46",532,214,94371,0,,5.8,42.5,32.62,21.2,,1
"2025-09-02 22:14:47",533,215,94360,0,,5.85,39.3,32.6,21.2,,1
"2025-09-02 22:14:48",534,216,94350,-36.769267,-71.927687,5.25,32.9,32.59,21.2,,1
"2025-09-02 22:14:49",536,218,94328,0,,6.5,35.3,32.58,21.2,,1.1
"2025-09-02 22:14:50",538,220,94308,0,,6.3,39.7,32.58,21.25,,1.2
"2025-09-02 22:14:51",540,222,94288,-36.769145,-71.927562,5.05,45,32.58,21.25,,1.3
"2025-09-02 22:14:53",543,225,94261,0,,6.3,32.7,32.54,21.3,,1.3
"2025-09-02 22:14:54",544,226,94248,-36.769025,-71.92743,6,48.9,32.52,21.3,,1.3
"2025-09-02 22:14:55",545,227,94234,0,,5.6,43.8,32.51,21.3,,1.3
"2025-09-02 22:14:56",547,229,94221,0,,5.7,33.9,32.5,21.3,,1.4
"2025-09-02 22:14:57",548,230,94208,-36.768903,-71.927298,6.7,44.9,32.49,21.35,,1.4
"2025-09-02 22:14:58",550,232,94190,0,,6.6,39.1,32.47,21.3,,1.4
"2025-09-02 22:14:59",551,233,94174,0,,5.75,41.1,32.46,21.3,,1.5
"2025-09-02 22:15:00",553,235,94158,-36.76878,-71.927163,5.4,46.1,32.46,21.3,43,1.5
"2025-09-02 22:15:01",554,236,94143,0,,5.7,41.8,32.46,21.3,,1.5
"2025-09-02 22:15:02",556,238,94128,0,,6.3,45.5,32.44,21.35,,1.5
"2025-09-02 22:15:03",557,239,94114,-36.768667,-71.927023,5.8,37.7,32.42,21.35,,1.4
"2025-09-02 22:15:04",558,240,94102,0,,6.05,38.4,32.4,21.35,,1.4
"2025-09-02 22:15:05",559,241,94092,0,,6.15,51.4,32.41,21.35,,1.3
"2025-09-02 22:15:06",560,242,94082,-36.768545,-71.92689,5.8,35.2,32.42,21.35,,1.3
"2025-09-02 22:15:08",563,245,94048,0,,6.1,50.2,32.41,21.35,,1.4
"2025-09-02 22:15:09",565,247,94032,-36.768422,-71.92676,6,40.4,32.44,21.35,,1.4
"2025-09-02 22:15:10",566,248,94018,0,,6.35,37.9,32.46,21.35,,1.4
"2025-09-02 22:15:11",567,249,94005,0,,5.6,52.3,32.41,21.3,,1.4
"2025-09-02 22:15:12",569,251,93992,-36.76831,-71.92662,5.95,41.1,32.39,21.35,,1.3
"2025-09-02 22:15:14",571,253,93966,0,,5.4,46.7,32.37,21.35,,1.3
"2025-09-02 22:15:15",572,254,93954,-36.768197,-71.926483,5.4,43.1,32.34,21.35,,1.3
"2025-09-02 22:15:16",574,256,93939,0,,6.25,46.2,32.33,21.35,,1.3
"2025-09-02 22:15:17",575,257,93924,0,,5.75,40.2,32.32,21.35,,1.3
"2025-09-02 22:15:18",577,259,93910,-36.768083,-71.926352,5.3,37.1,32.31,21.4,,1.3
"2025-09-02 22:15:19",578,260,93896,0,,6.2,47.4,32.27,21.4,,1.4
"2025-09-02 22:15:20",579,261,93883,0,,5.8,44.3,32.24,21.4,,1.4
"2025-09-02 22:15:21",580,262,93870,-36.767965,-71.926217,5.5,35.3,32.24,21.4,,1.3
"2025-09-02 22:15:22",582,264,93856,0,,6,50.3,32.22,21.45,,1.3
"2025-09-02 22:15:23",583,265,93843,0,,5.1,42.1,32.19,21.5,,1.3
"2025-09-02 22:15:24",584,266,93830,-36.76785,-71.926083,6.3,38.6,32.2,21.5,,1.3
"2025-09-02 22:15:25",586,268,93816,0,,6.2,45.5,32.18,21.5,,1.3
"2025-09-02 22:15:26",587,269,93803,0,,5.4,36.1,32.17,21.55,,1.3
"2025-09-02 22:15:27",588,270,93790,-36.767725,-71.92595,6.6,41.8,32.17,21.55,42.75,1.3
"2025-09-02 22:15:28",590,272,93775,0,,6.35,49.9,32.16,21.55,,1.3
"2025-09-02 22:15:29",591,273,93761,0,,5.4,43.1,32.17,21.55,,1.3
"2025-09-02 22:15:30",592,274,93748,-36.767607,-71.925807,6.6,37.6,32.14,21.55,,1.3
"2025-09-02 22:15:31",593,275,93734,0,,6.55,42.1,32.12,21.55,,1.3
"2025-09-02 22:15:32",595,277,93720,0,,5.45,37,32.14,21.55,,1.3
"2025-09-02 22:15:33",596,278,93706,-36.76748,-71.925677,5.95,40.2,32.1,21.55,,1.3
"2025-09-02 22:15:35",599,281,93675,0,,6.05,37.5,32.09,21.55,,1.3
"2025-09-02 22:15:36",601,283,93660,-36.767358,-71.92554,6.75,41.5,32.08,21.6,,1.4
"2025-09-02 22:15:38",604,286,93626,0,,6.15,36.4,32.03,21.65,,1.4
"2025-09-02 22:15:39",605,287,93610,-36.767232,-71.925402,6.7,47.3,32.02,21.65,,1.4
"2025-09-02 22:15:41",608,290,93580,0,,6.45,38.2,31.95,21.7,,1.4
"2025-09-02 22:15:42",610,292,93566,-36.767112,-71.92526,6.25,44.2,31.93,21.7,,1.4
"2025-09-02 22:15:44",612,294,93543,0,,7.1,43.2,31.88,21.8,,1.4
"2025-09-02 22:15:45",613,295,93532,-36.766988,-71.925115,5.55,41.8,31.87,21.8,,1.4
"2025-09-02 22:15:47",616,298,93501,0,,6.6,47.2,31.84,21.85,,1.4
"2025-09-02 22:15:48",617,299,93486,-36.766873,-71.924978,5.4,44.9,31.84,21.9,,1.4
"2025-09-02 22:15:50",620,302,93456,0,,6.65,48.3,31.81,21.9,,1.4
"2025-09-02 22:15:51",622,304,93442,-36.766758,-71.92484,5.05,45.3,31.82,21.9,,1.3
"2025-09-02 22:15:54",626,308,93396,-36.766648,-71.924718,5.15,40.9,31.8,21.95,42.25,1.4
"2025-09-02 22:15:55",627,309,93382,0,,5.6,40.7,31.78,21.95,,1.4
"2025-09-02 22:15:56",629,311,93369,0,,7.1,45.4,31.78,21.95,,1.4
"2025-09-02 22:15:57",630,312,93356,-36.766535,-71.924585,5.4,43.3,31.78,21.95,,1.4
"2025-09-02 22:15:58",631,313,93345,0,,5,45.7,31.76,21.95,,1.4
"2025-09-02 22:15:59",632,314,93334,0,,6.4,39.7,31.76,21.95,,1.3
"2025-09-02 22:16:00",633,315,93324,-36.766427,-71.924467,5.55,43.2,31.76,21.95,,1.3
"2025-09-02 22:16:01",635,317,93308,0,,5.1,54.1,31.74,22,,1.3
"2025-09-02 22:16:02",636,318,93292,0,,5.4,44.4,31.71,22,,1.3
"2025-09-02 22:16:03",638,320,93276,-36.766322,-71.924333,6.1,40.4,31.7,22.1,,1.3
"2025-09-02 22:16:04",639,321,93263,0,,7.4,43.7,31.68,22.15,,1.3
"2025-09-02 22:16:05",640,322,93251,0,,5.65,36.6,31.68,22.2,,1.3
"2025-09-02 22:16:06",641,323,93240,-36.766193,-71.924195,6,43.9,31.67,22.2,,1.3
"2025-09-02 22:16:07",642,324,93228,0,,7.35,35.1,31.71,22.2,,1.2
"2025-09-02 22:16:08",643,325,93217,0,,5,34.9,31.67,22.15,,1.2
"2025-09-02 22:16:09",644,326,93206,-36.76607,-71.924063,5.9,49.9,31.64,22.2,,1.2
"2025-09-02 22:16:10",646,328,93193,0,,6.3,46.2,31.65,22.25,,1.2
"2025-09-02 22:16:11",647,329,93180,0,,5.25,33.4,31.62,22.25,,1.2
"2025-09-02 22:16:12",648,330,93168,-36.765945,-71.923933,7.2,41.4,31.63,22.25,,1.2
"2025-09-02 22:16:13",650,332,93150,0,,6.15,28.6,31.65,22.25,,1.3
"2025-09-02 22:16:14",651,333,93133,0,,5.65,27.4,31.62,22.3,,1.3
"2025-09-02 22:16:15",653,335,93116,-36.765797,-71.923825,6.8,38,31.6,22.3,,1.3
"2025-09-02 22:16:16",654,336,93106,0,,6.8,29.7,31.58,22.3,,1.3
"2025-09-02 22:16:17",655,337,93097,0,,5.7,30.9,31.57,22.35,,1.2
"2025-09-02 22:16:18",656,338,93088,-36.765655,-71.923705,6.85,43.6,31.55,22.35,,1.2
"2025-09-02 22:16:20",658,340,93061,0,,5.65,29.8,31.53,22.3,,1.2
"2025-09-02 22:16:21",660,342,93048,-36.765528,-71.923593,5.85,45.1,31.49,22.35,42.25,1.3
"2025-09-02 22:16:22",661,343,93035,0,,5.85,34.3,31.47,22.35,,1.3
"2025-09-02 22:16:23",662,344,93023,0,,6.8,31.1,31.48,22.4,,1.3
"2025-09-02 22:16:24",663,345,93012,-36.765385,-71.92348,5.75,34.9,31.49,22.4,,1.2
"2025-09-02 22:16:25",664,346,92999,0,,6.05,25.8,31.47,22.4,,1.3
"2025-09-02 22:16:26",666,348,92985,0,,6.4,40.4,31.47,22.4,,1.2
"2025-09-02 22:16:27",667,349,92972,-36.76525,-71.923363,5.7,37.5,31.49,22.4,,1.2
"2025-09-02 22:16:28",668,350,92961,0,,6.75,26.1,31.5,22.4,,1.2
"2025-09-02 22:16:29",669,351,92951,0,,6.7,36,31.52,22.4,,1.2
"2025-09-02 22:16:30",670,352,92942,-36.765108,-71.923245,5.45,31.4,31.52,22.35,,1.2
"2025-09-02 22:16:31",672,354,92924,0,,6.55,22.3,31.49,22.35,,1.2
"2025-09-02 22:16:32",673,355,92906,0,,6.05,41.7,31.48,22.35,,1.3
"2025-09-02 22:16:33",675,357,92888,-36.764975,-71.923137,5.35,39.1,31.49,22.35,,1.3
"2025-09-02 22:16:34",676,358,92877,0,,6.55,43.2,31.47,22.3,,1.3
"2025-09-02 22:16:35",677,359,92866,0,,6.25,42.7,31.46,22.3,,1.3
"2025-09-02 22:16:36",678,360,92856,-36.764845,-71.92301,5.8,31.3,31.45,22.3,,1.3
"2025-09-02 22:16:38",681,363,92830,0,,5.65,40.5,31.36,22.35,,1.3
"2025-09-02 22:16:39",682,364,92818,-36.76471,-71.922905,5.45,27.4,31.36,22.4,,1.2
"2025-09-02 22:16:40",683,365,92804,0,,5.9,23.6,31.32,22.4,,1.2
"2025-09-02 22:16:41",684,366,92791,0,,5.7,39.7,31.29,22.4,,1.3
"2025-09-02 22:16:42",686,368,92778,-36.764575,-71.92281,6.05,19.7,31.28,22.45,,1.3
"2025-09-02 22:16:43",687,369,92763,0,,6.75,23.4,31.27,22.45,,1.3
"2025-09-02 22:16:44",689,371,92748,0,,5.65,39.9,31.25,22.45,,1.3
"2025-09-02 22:16:45",690,372,92734,-36.764432,-71.922707,6.55,25.6,31.22,22.45,,1.2
"2025-09-02 22:16:46",691,373,92720,0,,7,26.1,31.18,22.45,,1.3
"2025-09-02 22:16:47",693,375,92706,0,,5.2,43.4,31.18,22.5,,1.3
"2025-09-02 22:16:48",694,376,92692,-36.764295,-71.9226,6,31.9,31.16,22.5,42.25,1.3
"2025-09-02 22:16:49",696,378,92677,0,,7.35,29.8,31.12,22.5,,1.3
"2025-09-02 22:16:50",697,379,92662,0,,5.5,40.3,31.08,22.5,,1.4
"2025-09-02 22:16:51",698,380,92648,-36.764157,-71.922492,5.6,25.5,31.08,22.55,,1.4
"2025-09-02 22:16:53",701,383,92619,0,,5.2,41.6,31.05,22.65,,1.4
"2025-09-02 22:16:54",702,384,92606,-36.764027,-71.922392,5.95,22.7,31.05,22.65,,1.4
"2025-09-02 22:16:55",704,386,92592,0,,5.4,30.1,31.05,22.7,,1.4
"2025-09-02 22:16:56",705,387,92579,0,,5.25,45.4,31,22.7,,1.4
"2025-09-02 22:16:57",706,388,92566,-36.763903,-71.922287,6.8,29.2,30.99,22.65,,1.4
"2025-09-02 22:16:58",708,390,92550,0,,6.8,31.9,30.99,22.7,,1.4
"2025-09-02 22:16:59",709,391,92535,0,,5.05,36.2,30.97,22.65,,1.4
"2025-09-02 22:17:00",711,393,92520,-36.76376,-71.922173,6.1,29.7,30.97,22.6,,1.4
"2025-09-02 22:17:02",714,396,92486,0,,5.4,29.5,30.92,22.6,,1.4
"2025-09-02 22:17:03",716,398,92470,-36.763613,-71.922063,6.45,26.1,30.92,22.6,,1.4
"2025-09-02 22:17:04",717,399,92456,0,,7.05,36.1,30.9,22.6,,1.4
"2025-09-02 22:17:05",718,400,92443,0,,6.45,34.2,30.88,22.6,,1.4
"2025-09-02 22:17:06",719,401,92430,-36.763458,-71.921935,7.2,28.6,30.85,22.65,,1.4
"2025-09-02 22:17:07",721,403,92416,0,,6.45,30.5,30.83,22.65,,1.4
"2025-09-02 22:17:08",722,404,92403,0,,6.15,31.9,30.83,22.7,,1.4
"2025-09-02 22:17:09",723,405,92390,-36.763307,-71.921818,7.35,33.1,30.82,22.75,,1.4
"2025-09-02 22:17:10",725,407,92374,0,,6.4,39.5,30.79,22.75,,1.4
"2025-09-02 22:17:11",726,408,92358,0,,6.35,26.1,30.79,22.8,,1.4
"2025-09-02 22:17:12",728,410,92342,-36.763157,-71.921697,7.1,32.4,30.82,22.8,,1.4
"2025-09-02 22:17:13",729,411,92328,0,,5.55,35.4,30.79,22.75,,1.4
"2025-09-02 22:17:14",731,413,92315,0,,6.05,30.6,30.76,22.75,,1.4
"2025-09-02 22:17:15",732,414,92302,-36.763013,-71.921578,7.55,29.8,30.76,22.8,41.75,1.4
"2025-09-02 22:17:16",733,415,92289,0,,6.65,30.3,30.76,22.8,,1.3
"2025-09-02 22:17:17",734,416,92276,0,,5.9,28.2,30.72,22.85,,1.3
"2025-09-02 22:17:18",736,418,92264,-36.762858,-71.921463,7.15,32.1,30.72,22.85,,1.3
"2025-09-02 22:17:19",737,419,92248,0,,5.9,34.2,30.73,22.85,,1.4
"2025-09-02 22:17:20",739,421,92232,0,,6.2,30.1,30.74,22.85,,1.4
"2025-09-02 22:17:21",740,422,92216,-36.762708,-71.921345,7.55,31.9,30.71,22.85,,1.4
"2025-09-02 22:17:23",743,425,92189,0,,6.05,31.8,30.7,22.95,,1.4
"2025-09-02 22:17:24",744,426,92176,-36.762558,-71.921223,7.7,30.1,30.67,22.95,,1.3
"2025-09-02 22:17:25",746,428,92162,0,,6.9,31.3,30.63,22.95,,1.3
"2025-09-02 22:17:26",747,429,92149,0,,5.55,35.8,30.62,23,,1.3
"2025-09-02 22:17:27",748,430,92136,-36.762413,-71.921107,6.4,30.5,30.62,23,,1.3
"2025-09-02 22:17:28",750,432,92119,0,,6.75,27.9,30.62,23,,1.4
"2025-09-02 22:17:29",751,433,92101,0,,6.05,33.2,30.6,23.05,,1.4
"2025-09-02 22:17:30",753,435,92084,-36.762265,-71.920988,6.7,36.1,30.56,23.05,,1.4
"2025-09-02 22:17:31",754,436,92070,0,,6.95,29.4,30.57,23.1,,1.5
"2025-09-02 22:17:32",756,438,92057,0,,5.55,32.1,30.57,23.1,,1.4
"2025-09-02 22:17:33",757,439,92044,-36.762123,-71.920872,6.65,33.4,30.55,23.1,,1.4
"2025-09-02 22:17:34",758,440,92035,0,,7.6,27.2,30.53,23.1,,1.4
"2025-09-02 22:17:35",759,441,92026,0,,5.8,32.6,30.54,23.1,,1.3
"2025-09-02 22:17:36",760,442,92018,-36.761975,-71.920752,6.2,36.6,30.56,23.1,,1.3
"2025-09-02 22:17:38",763,445,91983,0,,6,35.6,30.53,23.05,,1.3
"2025-09-02 22:17:39",765,447,91966,-36.761835,-71.92062,5.75,39,30.51,23.05,,1.4
"2025-09-02 22:17:40",766,448,91955,0,,6.05,31.6,30.52,23.05,,1.3
"2025-09-02 22:17:41",767,449,91945,0,,6.05,33,30.51,23.05,,1.3
"2025-09-02 22:17:42",768,450,91936,-36.7617,-71.920503,6.8,34.2,30.51,23.05,41.5,1.2
"2025-09-02 22:17:43",769,451,91924,0,,6.6,29.5,30.52,23.05,,1.2
"2025-09-02 22:17:44",770,452,91913,0,,6.2,34.8,30.52,23.05,,1.2
"2025-09-02 22:17:45",771,453,91902,-36.761552,-71.920387,6.15,31.2,30.49,23,,1.2
"2025-09-02 22:17:46",772,454,91889,0,,5.4,29.3,30.46,23,,1.2
"2025-09-02 22:17:47",773,455,91876,0,,5.9,34.8,30.45,23.05,,1.2
"2025-09-02 22:17:48",775,457,91864,-36.761418,-71.92028,6.25,34.7,30.44,23.05,,1.3
"2025-09-02 22:17:49",775,457,91856,0,,5.45,34.7,30.45,23.05,,1.2
"2025-09-02 22:17:50",776,458,91848,0,,5.65,31.3,30.44,23.05,,1.2
"2025-09-02 22:17:51",777,459,91840,-36.761282,-71.92018,6.15,24.8,30.41,23.1,,1.1
"2025-09-02 22:17:53",780,462,91806,0,,6,35.4,30.41,23.15,,1.1
"2025-09-02 22:17:54",782,464,91790,-36.761153,-71.92008,5.4,26.8,30.43,23.15,,1.2
"2025-09-02 22:17:55",783,465,91778,0,,4.85,36.7,30.42,23.15,,1.2
"2025-09-02 22:17:56",784,466,91768,0,,6.3,33.9,30.37,23.1,,1.2
"2025-09-02 22:17:57",785,467,91758,-36.761025,-71.919977,6.2,29.7,30.34,23.1,,1.2
"2025-09-02 22:17:58",786,468,91748,0,,5,37.5,30.37,23.1,,1.2
"2025-09-02 22:17:59",787,469,91738,0,,6.4,31.3,30.39,23.05,,1.1
"2025-09-02 22:18:00",788,470,91728,-36.7609,-71.919873,4.7,31.3,30.4,23.05,,1.1
"2025-09-02 22:18:01",789,471,91719,0,,5.2,37.8,30.4,23.05,,1.1
"2025-09-02 22:18:02",789,471,91711,0,,6.45,27.1,30.33,23.05,,1.1
"2025-09-02 22:18:03",790,472,91704,-36.760773,-71.919777,5.15,29.9,30.28,23.05,,1.1
"2025-09-02 22:18:05",793,475,91677,0,,6.05,30.5,30.28,23.05,,1.1
"2025-09-02 22:18:06",794,476,91664,-36.760648,-71.919682,5.15,23.2,30.3,23.05,,1
"2025-09-02 22:18:08",796,478,91641,0,,6.45,29.4,30.34,23.05,,1
"2025-09-02 22:18:09",797,479,91630,-36.760512,-71.919587,5,31.8,30.35,23.05,41.25,1
"2025-09-02 22:18:11",799,481,91615,0,,6.55,28.9,30.37,23.05,,1
"2025-09-02 22:18:12",800,482,91608,-36.760387,-71.91948,5.05,29,30.37,23.05,,1
"2025-09-02 22:18:14",802,484,91579,0,,6.85,27.3,30.28,23.05,,1.1
"2025-09-02 22:18:15",804,486,91566,-36.760252,-71.919375,5.2,24.3,30.28,23.05,,1.1
"2025-09-02 22:18:17",805,487,91552,0,,6.15,26.7,30.27,23.15,,1.1
"2025-09-02 22:18:18",806,488,91546,-36.760127,-71.91928,5.15,27.1,30.25,23.15,,1
"2025-09-02 22:18:20",808,490,91520,0,,6,31.2,30.16,23.2,,1
"2025-09-02 22:18:21",809,491,91508,-36.760005,-71.919172,4.65,30.5,30.14,23.25,,1
"2025-09-02 22:18:24",814,496,91462,-36.759877,-71.919077,4.95,39.9,30.09,23.3,,1.2
"2025-09-02 22:18:25",815,497,91451,0,,5.65,43.5,30.07,23.35,,1.2
"2025-09-02 22:18:26",816,498,91440,0,,6.2,23.6,30.04,23.3,,1.2
"2025-09-02 22:18:27",817,499,91430,-36.759755,-71.91897,4.8,33.7,30.03,23.35,,1.1
"2025-09-02 22:18:28",818,500,91419,0,,5.25,35.1,30.01,23.35,,1.1
"2025-09-02 22:18:29",819,501,91408,0,,6.65,29.7,30,23.4,,1.1
"2025-09-02 22:18:30",820,502,91398,-36.759627,-71.918863,5.15,36.9,30.03,23.4,,1.2
"2025-09-02 22:18:31",822,504,91377,0,,4.45,27.6,30.02,23.4,,1.3
"2025-09-02 22:18:32",824,506,91357,0,,6,26.2,30.03,23.4,,1.3
"2025-09-02 22:18:33",826,508,91338,-36.759508,-71.918772,5.25,40.1,30.02,23.35,,1.4
"2025-09-02 22:18:34",827,509,91327,0,,4.55,34.7,30.03,23.35,,1.4
"2025-09-02 22:18:35",828,510,91316,0,,6.1,22.7,30,23.35,,1.3
"2025-09-02 22:18:36",829,511,91306,-36.759383,-71.91868,4.95,33.4,29.98,23.35,41,1.3
"2025-09-02 22:18:37",831,513,91290,0,,5.75,36.4,30.01,23.35,,1.3
"2025-09-02 22:18:38",832,514,91275,0,,5.85,20.7,30.03,23.3,,1.3
"2025-09-02 22:18:39",834,516,91260,-36.759253,-71.91859,4.95,31.5,30.01,23.25,,1.4
"2025-09-02 22:18:40",835,517,91244,0,,5.45,37.5,29.97,23.2,,1.4
"2025-09-02 22:18:41",837,519,91228,0,,5.35,26,29.98,23.2,,1.5
"2025-09-02 22:18:42",838,520,91212,-36.759135,-71.918498,4.55,33.2,29.99,23.2,,1.5
"2025-09-02 22:18:43",840,522,91199,0,,5.9,37.8,29.97,23.2,,1.5
"2025-09-02 22:18:44",841,523,91186,0,,5.45,23.4,29.93,23.2,,1.4
"2025-09-02 22:18:45",842,524,91174,-36.75901,-71.918405,4.45,35.3,29.93,23.2,,1.4
"2025-09-02 22:18:46",843,525,91161,0,,5.55,33.6,29.95,23.2,,1.4
"2025-09-02 22:18:47",844,526,91149,0,,5.35,25.2,29.96,23.2,,1.4
"2025-09-02 22:18:48",846,528,91138,-36.758892,-71.918315,4.3,39.1,29.93,23.2,,1.4
"2025-09-02 22:18:50",849,531,91103,0,,5.4,22.8,29.92,23.2,,1.4
"2025-09-02 22:18:51",851,533,91086,-36.758777,-71.918232,5.05,42.6,29.88,23.2,,1.4
"2025-09-02 22:18:53",853,535,91059,0,,5.25,20.8,29.87,23.2,,1.4
"2025-09-02 22:18:54",855,537,91046,-36.758645,-71.918143,6,34.5,29.85,23.25,,1.4
"2025-09-02 22:18:55",856,538,91030,0,,5.05,23,29.83,23.25,,1.4
"2025-09-02 22:18:56",858,540,91014,0,,4.7,27.4,29.84,23.25,,1.4
"2025-09-02 22:18:57",859,541,90998,-36.758517,-71.918057,6.25,29.9,29.82,23.25,,1.4
"2025-09-02 22:18:58",861,543,90982,0,,6,27.2,29.79,23.3,,1.4
"2025-09-02 22:18:59",862,544,90967,0,,4.55,33.3,29.79,23.35,,1.5
"2025-09-02 22:19:00",864,546,90952,-36.758387,-71.917963,6.3,29.9,29.77,23.35,,1.5
"2025-09-02 22:19:01",865,547,90937,0,,5.8,30,29.72,23.3,,1.5
"2025-09-02 22:19:02",867,549,90922,0,,4.4,35.1,29.73,23.3,,1.5
"2025-09-02 22:19:03",868,550,90908,-36.75826,-71.91787,5.95,28.6,29.71,23.35,40.75,1.5
"2025-09-02 22:19:04",870,552,90890,0,,5.6,30.9,29.68,23.35,,1.5
"2025-09-02 22:19:05",872,554,90873,0,,4.95,39,29.69,23.4,,1.5
"2025-09-02 22:19:06",873,555,90856,-36.758138,-71.917773,5.65,32.2,29.66,23.4,,1.5
"2025-09-02 22:19:08",876,558,90824,0,,5.45,37.8,29.63,23.45,,1.6
"2025-09-02 22:19:09",878,560,90808,-36.758005,-71.917688,5.7,24.6,29.63,23.45,,1.6
"2025-09-02 22:19:10",880,562,90788,0,,6.6,12.5,29.59,23.45,,1.6
"2025-09-02 22:19:11",882,564,90770,0,,5.85,30.4,29.57,23.5,,1.6
"2025-09-02 22:19:12",884,566,90752,-36.757858,-71.917615,5.8,26.7,29.55,23.55,,1.6
"2025-09-02 22:19:13",885,567,90736,0,,4.6,30.7,29.54,23.6,,1.6
"2025-09-02 22:19:14",887,569,90721,0,,5.35,29.6,29.54,23.65,,1.6
"2025-09-02 22:19:15",888,570,90706,-36.757733,-71.917533,5.95,20.9,29.52,23.7,,1.6
"2025-09-02 22:19:16",890,572,90688,0,,4.8,26.6,29.51,23.7,,1.7
"2025-09-02 22:19:17",891,573,90672,0,,5.45,35.2,29.5,23.7,,1.6
"2025-09-02 22:19:18",893,575,90656,-36.75761,-71.917453,5.8,23,29.46,23.7,,1.6
"2025-09-02 22:19:19",894,576,90641,0,,5.55,24.6,29.46,23.7,,1.6
"2025-09-02 22:19:20",896,578,90626,0,,5.8,32.8,29.44,23.7,,1.6
"2025-09-02 22:19:21",897,579,90612,-36.757478,-71.91738,5.65,15.4,29.43,23.7,,1.6
"2025-09-02 22:19:22",899,581,90596,0,,4.8,25.5,29.43,23.75,,1.6
"2025-09-02 22:19:23",900,582,90581,0,,6.3,32,29.41,23.75,,1.6
"2025-09-02 22:19:24",902,584,90566,-36.757343,-71.917307,6,14.1,29.42,23.75,,1.5
"2025-09-02 22:19:25",903,585,90550,0,,5.55,14.8,29.43,23.75,,1.5
"2025-09-02 22:19:26",905,587,90534,0,,6.25,29.3,29.42,23.75,,1.5
"2025-09-02 22:19:27",907,589,90518,-36.757202,-71.917233,5,25.7,29.42,23.75,,1.5
"2025-09-02 22:19:28",908,590,90505,0,,5.2,28.3,29.43,23.75,,1.5
"2025-09-02 22:19:29",909,591,90493,0,,6.4,20,29.39,23.75,,1.5
"2025-09-02 22:19:30",910,592,90482,-36.75706,-71.917155,5.25,18.9,29.36,23.75,40.5,1.4
"2025-09-02 22:19:31",912,594,90467,0,,5.85,22.7,29.37,23.75,,1.4
"2025-09-02 22:19:32",913,595,90451,0,,5.9,18.9,29.37,23.75,,1.4
"2025-09-02 22:19:33",915,597,90436,-36.756925,-71.917092,4.15,14.9,29.36,23.75,,1.4
"2025-09-02 22:19:34",916,598,90420,0,,5.2,26.7,29.33,23.75,,1.4
"2025-09-02 22:19:35",918,600,90406,0,,6.8,17.1,29.33,23.75,,1.4
"2025-09-02 22:19:36",919,601,90392,-36.756783,-71.917025,5.15,22.7,29.33,23.8,,1.4
"2025-09-02 22:19:37",920,602,90384,0,,6.2,29.2,29.31,23.8,,1.4
"2025-09-02 22:19:38",921,603,90376,0,,6.6,8.7,29.29,23.8,,1.3
"2025-09-02 22:19:39",921,603,90368,-36.756623,-71.916967,5.25,11.2,29.26,23.85,,1.3
"2025-09-02 22:19:40",923,605,90356,0,,5.9,19.1,29.25,23.9,,1.2
"2025-09-02 22:19:41",924,606,90345,0,,6.45,21.1,29.27,23.9,,1.2
"2025-09-02 22:19:42",925,607,90334,-36.756472,-71.916903,4.9,13.8,29.28,23.95,,1.2
"2025-09-02 22:19:43",926,608,90320,0,,5.4,10,29.26,23.95,,1.2
"2025-09-02 22:19:44",927,609,90307,0,,6.85,18.5,29.26,23.95,,1.2
"2025-09-02 22:19:45",929,611,90294,-36.756318,-71.916848,5.05,16.6,29.27,23.95,,1.2
"2025-09-02 22:19:46",930,612,90282,0,,5.55,22.8,29.28,23.95,,1.1
"2025-09-02 22:19:47",931,613,90271,0,,6.9,18.5,29.26,23.95,,1.1
"2025-09-02 22:19:48",932,614,90260,-36.756168,-71.916782,5,18.4,29.26,23.95,,1.1
"2025-09-02 22:19:49",933,615,90247,0,,5.25,18,29.25,23.9,,1.1
"2025-09-02 22:19:50",935,617,90234,0,,6.95,21.1,29.23,23.9,,1.1
"2025-09-02 22:19:51",936,618,90222,-36.75602,-71.916715,5.25,20.3,29.23,23.95,,1.2
"2025-09-02 22:19:53",938,620,90197,0,,6.65,20.1,29.19,24,,1.2
"2025-09-02 22:19:54",939,621,90186,-36.755867,-71.916653,5.5,23.1,29.16,24,,1.2
"2025-09-02 22:19:55",941,623,90174,0,,4.85,7.2,29.16,24.05,,1.2
"2025-09-02 22:19:56",942,624,90163,0,,6.2,16.2,29.13,24.05,,1.2
"2025-09-02 22:19:57",943,625,90152,-36.755727,-71.9166,5.05,27.2,29.1,24.1,40.5,1.2
"2025-09-02 22:19:58",944,626,90140,0,,5.7,20.3,29.09,24.05,,1.2
"2025-09-02 22:19:59",945,627,90129,0,,6.3,18.2,29.09,24.1,,1.2
"2025-09-02 22:20:00",946,628,90118,-36.755585,-71.916542,4.85,18.7,29.06,24.1,,1.2
"2025-09-02 22:20:01",947,629,90105,0,,4.55,9.6,29.04,24.15,,1.2
"2025-09-02 22:20:02",949,631,90092,0,,5.9,22.7,29.04,24.15,,1.2
"2025-09-02 22:20:03",950,632,90080,-36.755453,-71.916487,4.8,17.9,29.06,24.15,,1.2
"2025-09-02 22:20:04",951,633,90068,0,,5.75,11.4,29.05,24.2,,1.2
"2025-09-02 22:20:05",952,634,90057,0,,6.2,20.5,29,24.2,,1.2
"2025-09-02 22:20:06",953,635,90046,-36.755303,-71.916437,5.15,10.3,28.99,24.2,,1.1
"2025-09-02 22:20:08",956,638,90020,0,,5.7,25.2,28.98,24.25,,1.2
"2025-09-02 22:20:09",957,639,90008,-36.755172,-71.916392,5.1,12.4,28.97,24.25,,1.2
"2025-09-02 22:20:10",958,640,89998,0,,5.1,7.3,28.98,24.25,,1.2
"2025-09-02 22:20:11",959,641,89989,0,,5.25,21.7,28.98,24.25,,1.1
"2025-09-02 22:20:12",960,642,89980,-36.755035,-71.916352,4.95,10.8,28.95,24.25,,1.1
"2025-09-02 22:20:13",961,643,89970,0,,6.25,13.3,28.96,24.25,,1.1
"2025-09-02 22:20:14",962,644,89961,0,,4.85,20.1,28.98,24.25,,1.1
"2025-09-02 22:20:15",963,645,89952,-36.754888,-71.916307,4.95,8,28.97,24.25,,1.1
"2025-09-02 22:20:16",964,646,89935,0,,6.1,14,28.97,24.25,,1.1
"2025-09-02 22:20:17",966,648,89918,0,,4.85,19.7,29.01,24.25,,1.1
"2025-09-02 22:20:18",968,650,89902,-36.754747,-71.916258,4.8,6.9,29.03,24.25,,1.2
"2025-09-02 22:20:19",968,650,89894,0,,5.15,24,29.03,24.25,,1.2
"2025-09-02 22:20:20",969,651,89887,0,,4.8,25.1,29.04,24.2,,1.1
"2025-09-02 22:20:21",970,652,89880,-36.754612,-71.916203,5.8,8.2,29.01,24.2,,1.1
"2025-09-02 22:20:23",972,654,89854,0,,4.35,19.1,28.97,24.2,,1.1
"2025-09-02 22:20:24",973,655,89842,-36.754467,-71.916157,5.5,13.9,28.94,24.25,40.5,1.1
"2025-09-02 22:20:25",975,657,89831,0,,6.55,21.9,28.91,24.25,,1.1
"2025-09-02 22:20:26",976,658,89820,0,,4.45,16.4,28.9,24.3,,1.1
"2025-09-02 22:20:27",977,659,89810,-36.754325,-71.9161,5.6,11.2,28.87,24.35,,1.2
"2025-09-02 22:20:28",978,660,89801,0,,6,24.1,28.83,24.3,,1.2
"2025-09-02 22:20:29",978,660,89792,0,,6,24.1,28.82,24.35,,1.1
"2025-09-02 22:20:30",979,661,89784,-36.754185,-71.916042,5.95,16.3,28.83,24.35,,1
"2025-09-02 22:20:31",980,662,89780,0,,5.35,23.8,28.81,24.4,,0.9
"2025-09-02 22:20:32",980,662,89776,0,,4.6,11.8,28.78,24.4,,0.9
"2025-09-02 22:20:33",980,662,89772,-36.75405,-71.915985,6.15,22,28.78,24.4,,0.9
"2025-09-02 22:20:35",983,665,89745,0,,4.9,7.4,28.8,24.45,,1
"2025-09-02 22:20:36",984,666,89732,-36.753912,-71.915925,5.45,24.3,28.79,24.45,,0.9
"2025-09-02 22:20:39",988,670,89698,-36.753777,-71.91587,5.5,22.8,28.76,24.45,,0.9
"2025-09-02 22:20:41",990,672,89680,0,,6.2,16.4,28.72,24.5,,0.9
"2025-09-02 22:20:42",990,672,89672,-36.75364,-71.915803,5.4,24.7,28.68,24.5,,0.9
"2025-09-02 22:20:44",992,674,89658,0,,5.7,16.8,28.69,24.5,,0.9
"2025-09-02 22:20:45",992,674,89652,-36.753508,-71.915748,5.05,28.2,28.65,24.5,,0.9
"2025-09-02 22:20:46",993,675,89645,0,,,,28.64,24.55,,1
"2025-09-02 22:20:47",994,676,89638,0,,,,28.65,24.6,,0.9
"2025-09-02 22:20:48",994,676,89632,0,,,,28.67,24.6,,0.9
"2025-09-02 22:20:50",997,679,89609,0,,5.85,23.3,28.67,24.6,,0.9
"2025-09-02 22:20:51",998,680,89598,-36.753247,-71.915645,4.7,16.5,28.7,24.6,40.5,0.9
"2025-09-02 22:20:54",1001,683,89562,-36.75311,-71.915597,5,16.5,28.69,24.55,,0.9
"2025-09-02 22:20:55",1002,684,89553,0,,6.75,8.4,28.64,24.55,,0.9
"2025-09-02 22:20:56",1003,685,89545,0,,5,20,28.62,24.55,,0.9
"2025-09-02 22:20:57",1004,686,89538,-36.752968,-71.915545,4.8,18.9,28.62,24.55,,0.9
"2025-09-02 22:20:58",1005,687,89527,0,,6.5,12.2,28.57,24.6,,1
"2025-09-02 22:20:59",1006,688,89516,0,,5.1,15.5,28.55,24.6,,1
"2025-09-02 22:21:00",1007,689,89506,-36.752827,-71.915502,4.9,11.2,28.54,24.6,,1
"2025-09-02 22:21:01",1008,690,89498,0,,5.8,20.3,28.52,24.65,,1
"2025-09-02 22:21:02",1008,690,89490,0,,5.15,18.2,28.5,24.65,,1
"2025-09-02 22:21:03",1009,691,89482,-36.752688,-71.915455,5.65,7.8,28.47,24.65,,1
"2025-09-02 22:21:05",1011,693,89463,0,,4.6,16.7,28.45,24.6,,1
"2025-09-02 22:21:06",1012,694,89454,-36.752543,-71.915413,6.05,10.4,28.45,24.65,,1
"2025-09-02 22:21:07",1013,695,89443,0,,6.25,23.7,28.42,24.7,,0.9
"2025-09-02 22:21:08",1014,696,89433,0,,4.7,11.6,28.42,24.7,,0.9
"2025-09-02 22:21:09",1015,697,89424,-36.752397,-71.915365,6.15,10.1,28.38,24.7,,0.9
"2025-09-02 22:21:10",1016,698,89415,0,,5.75,28.1,28.37,24.7,,0.9
"2025-09-02 22:21:11",1017,699,89407,0,,4.9,11.9,28.37,24.7,,0.9
"2025-09-02 22:21:12",1017,699,89400,-36.752253,-71.915307,6.4,12.9,28.34,24.75,,0.9
"2025-09-02 22:21:13",1018,700,89392,0,,5,28.5,28.32,24.75,,0.9
"2025-09-02 22:21:14",1019,701,89384,0,,4.7,7.2,28.32,24.75,,0.9
"2025-09-02 22:21:15",1020,702,89376,-36.752125,-71.91526,5.5,17,28.31,24.8,,0.9
"2025-09-02 22:21:16",1021,703,89365,0,,4.75,22.9,28.27,24.8,,0.9
"2025-09-02 22:21:17",1022,704,89355,0,,5.65,11,28.26,24.85,,0.9
"2025-09-02 22:21:18",1023,705,89346,-36.751988,-71.915212,5.55,18.8,28.27,24.85,40,0.9
"2025-09-02 22:21:19",1024,706,89337,0,,4.9,18.1,28.3,24.9,,0.9
"2025-09-02 22:21:20",1025,707,89327,0,,6,11.2,28.27,24.9,,0.9
"2025-09-02 22:21:21",1026,708,89318,-36.751848,-71.91516,5.55,21,28.26,24.9,,0.9
"2025-09-02 22:21:22",1027,709,89306,0,,5.15,21.6,28.26,24.9,,0.9
"2025-09-02 22:21:23",1028,710,89296,0,,6.05,10.5,28.27,24.9,,0.9
"2025-09-02 22:21:24",1029,711,89286,-36.751713,-71.915112,5.3,22.4,28.27,24.9,,0.9
"2025-09-02 22:21:25",1030,712,89278,0,,4.25,6.8,28.25,24.85,,0.9
"2025-09-02 22:21:26",1030,712,89270,0,,5.7,13.6,28.26,24.9,,0.9
"2025-09-02 22:21:27",1031,713,89262,-36.751583,-71.915073,5.05,24.2,28.3,24.85,,0.9
"2025-09-02 22:21:28",1032,714,89249,0,,5.05,12.6,28.31,24.85,,1
"2025-09-02 22:21:29",1034,716,89236,0,,5.85,13,28.3,24.85,,1
"2025-09-02 22:21:30",1035,717,89224,-36.751447,-71.915027,4.45,17.8,28.31,24.85,,1
"2025-09-02 22:21:31",1036,718,89210,0,,5.2,16,28.32,24.85,,1
"2025-09-02 22:21:32",1038,720,89198,0,,6,19.7,28.29,24.8,,1.1
"2025-09-02 22:21:33",1039,721,89186,-36.751307,-71.914978,4.85,9.5,28.27,24.8,,1.1
"2025-09-02 22:21:34",1040,722,89177,0,,4.9,7.8,28.27,24.85,,1.1
"2025-09-02 22:21:35",1040,722,89168,0,,5.3,20.4,28.24,24.85,,1.1
"2025-09-02 22:21:36",1041,723,89160,-36.751175,-71.914933,5.35,20.2,28.23,24.85,,1
"2025-09-02 22:21:38",1043,725,89140,0,,5.2,22.9,28.2,24.85,,1.1
"2025-09-02 22:21:39",1044,726,89130,-36.751045,-71.914883,5,20.6,28.19,24.85,,1.1
"2025-09-02 22:21:40",1045,727,89121,0,,5.15,13.5,28.21,24.9,,1.1
"2025-09-02 22:21:41",1046,728,89113,0,,5.1,23.5,28.18,24.9,,1
"2025-09-02 22:21:42",1047,729,89106,-36.750918,-71.91483,5.1,20.1,28.17,24.9,,1
"2025-09-02 22:21:43",1048,730,89095,0,,5.85,14.2,28.18,24.9,,1
"2025-09-02 22:21:44",1049,731,89085,0,,4.8,19.9,28.18,24.9,,1
"2025-09-02 22:21:45",1050,732,89076,-36.750783,-71.914777,4.6,20.6,28.18,24.9,40,0.9
"2025-09-02 22:21:46",1051,733,89063,0,,5.8,21.5,28.22,24.9,,0.9
"2025-09-02 22:21:47",1052,734,89051,0,,5.15,15.2,28.22,24.9,,1
"2025-09-02 22:21:48",1053,735,89040,-36.750647,-71.914727,4.75,9.3,28.2,24.9,,1
"2025-09-02 22:21:49",1054,736,89030,0,,5.2,13.4,28.23,24.95,,1
"2025-09-02 22:21:50",1055,737,89020,0,,4.95,19.8,28.25,24.9,,1
"2025-09-02 22:21:51",1056,738,89010,-36.75051,-71.914687,5.1,10.4,28.23,24.9,,1
"2025-09-02 22:21:53",1059,741,88986,0,,4.9,18.1,28.29,24.9,,1
"2025-09-02 22:21:54",1060,742,88974,-36.750368,-71.914645,5.2,6.1,28.26,24.85,,1.1
"2025-09-02 22:21:55",1061,743,88961,0,,,,28.27,24.85,,1.1
"2025-09-02 22:21:56",1062,744,88949,0,,,,28.29,24.8,,1.1
"2025-09-02 22:21:57",1064,746,88938,0,,,,28.26,24.8,,1.1
"2025-09-02 22:21:58",1065,747,88924,0,,5.4,21.3,28.27,24.8,,1.2
"2025-09-02 22:21:59",1066,748,88911,0,,4.55,16.5,28.27,24.8,,1.2
"2025-09-02 22:22:00",1068,750,88898,-36.750098,-71.914537,5.55,16.5,28.26,24.8,,1.2
"2025-09-02 22:22:02",1068,750,88889,0,,5.7,22.5,28.29,24.8,,1.2
"2025-09-02 22:22:03",1069,751,88881,0,,4.45,9.7,28.23,24.8,,1.1
"2025-09-02 22:22:04",1070,752,88874,-36.749963,-71.91449,4.85,13.7,28.23,24.8,,1.1
"2025-09-02 22:22:04",1071,753,88866,0,,5.1,20.6,28.25,24.8,,1.1
"2025-09-02 22:22:05",1072,754,88857,0,,4.95,12.4,28.22,24.8,,1.1
"2025-09-02 22:22:06",1073,755,88848,-36.749832,-71.914443,5.5,11.6,28.22,24.8,,1
"2025-09-02 22:22:07",1074,756,88836,0,,4.75,16.5,28.22,24.85,,1
"2025-09-02 22:22:08",1075,757,88825,0,,4.75,11.2,28.2,24.85,,1
"2025-09-02 22:22:09",1076,758,88814,-36.749698,-71.914402,5.65,15,28.2,24.85,,1
"2025-09-02 22:22:10",1077,759,88805,0,,4.7,21.9,28.21,24.85,,1
"2025-09-02 22:22:11",1078,760,88796,0,,4.75,10.6,28.18,24.85,,1
"2025-09-02 22:22:12",1079,761,88788,-36.749563,-71.914358,5.65,13.3,28.21,24.85,40.25,1
"2025-09-02 22:22:13",1080,762,88775,0,,4.65,22.1,28.21,24.85,,0.9
"2025-09-02 22:22:14",1081,763,88762,0,,4.85,10.5,28.18,24.85,,1
"2025-09-02 22:22:15",1082,764,88750,-36.749432,-71.91431,5.55,18.1,28.2,24.85,,1
"2025-09-02 22:22:16",1083,765,88739,0,,4.75,17.4,28.21,24.85,,1.1
"2025-09-02 22:22:17",1085,767,88728,0,,5.05,11.5,28.19,24.85,,1.1
"2025-09-02 22:22:18",1086,768,88718,-36.749297,-71.914267,5.2,18.6,28.2,24.85,,1.1
"2025-09-02 22:22:19",1087,769,88708,0,,4.7,14.8,28.18,24.85,,1.1
"2025-09-02 22:22:20",1088,770,88698,0,,5.55,17.5,28.11,24.85,,1.1
"2025-09-02 22:22:21",1089,771,88688,-36.749163,-71.91422,4,19.1,28.09,24.85,,1.1
"2025-09-02 22:22:22",1090,772,88678,0,,4.4,16.8,28.09,24.9,,1.1
"2025-09-02 22:22:23",1090,772,88669,0,,5.45,21.7,28.03,24.85,,1.1
"2025-09-02 22:22:24",1091,773,88660,-36.749043,-71.914167,4.6,20.2,27.97,24.9,,1.1
"2025-09-02 22:22:26",1093,775,88638,0,,4.7,14.2,27.94,24.95,,1
"2025-09-02 22:22:27",1095,777,88628,-36.748922,-71.914128,3.95,18.7,27.9,25,,1
"2025-09-02 22:22:28",1095,777,88621,0,,4.25,1.3,27.89,25,,1
"2025-09-02 22:22:29",1096,778,88614,0,,5,15.8,27.88,25.05,,1
"2025-09-02 22:22:30",1097,779,88608,-36.748808,-71.914097,3.8,23.2,27.85,25.05,,0.9
"2025-09-02 22:22:31",1098,780,88596,0,,5.1,16.3,27.83,25.05,,0.9
"2025-09-02 22:22:32",1099,781,88585,0,,5.1,16.8,27.85,25.1,,0.9
"2025-09-02 22:22:33",1100,782,88574,-36.748683,-71.914053,3.7,14.5,27.88,25.1,,0.9
"2025-09-02 22:22:34",1101,783,88560,0,,4.35,0.2,27.85,25.1,,1
"2025-09-02 22:22:35",1103,785,88546,0,,4.95,18.6,27.82,25.1,,1
"2025-09-02 22:22:36",1104,786,88532,-36.748565,-71.914025,3.6,18,27.83,25.1,,1.1
"2025-09-02 22:22:38",1106,788,88510,0,,5.35,17.9,27.79,25.1,,1.1
"2025-09-02 22:22:39",1107,789,88500,-36.748442,-71.913992,3.45,11.5,27.8,25.15,40,1.1
"2025-09-02 22:22:40",1108,790,88490,0,,4.25,4.8,27.78,25.15,,1.1
"2025-09-02 22:22:41",1109,791,88481,0,,5.25,19.5,27.75,25.2,,1.1
"2025-09-02 22:22:42",1110,792,88472,-36.748318,-71.913963,4.2,3.4,27.72,25.2,,1.1
"2025-09-02 22:22:43",1111,793,88465,0,,4.75,2.9,27.67,25.15,,1.1
"2025-09-02 22:22:44",1112,794,88458,0,,4.3,23.5,27.65,25.2,,1.1
"2025-09-02 22:22:45",1112,794,88452,-36.7482,-71.91393,4.6,7.9,27.63,25.25,,1
"2025-09-02 22:22:46",1113,795,88439,0,,5.9,14.8,27.58,25.3,,1
"2025-09-02 22:22:47",1115,797,88426,0,,4,16,27.55,25.3,,1
"2025-09-02 22:22:48",1116,798,88414,-36.748077,-71.913893,4.55,4.4,27.55,25.35,,1
"2025-09-02 22:22:49",1117,799,88406,0,,4.25,20.9,27.52,25.4,,1
"2025-09-02 22:22:50",1118,800,88399,0,,4.2,18.2,27.49,25.4,,0.9
"2025-09-02 22:22:51",1118,800,88392,-36.74796,-71.913857,5,2.1,27.5,25.45,,0.9
"2025-09-02 22:22:53",1120,802,88376,0,,4,17.2,27.44,25.5,,0.9
"2025-09-02 22:22:54",1121,803,88368,-36.747835,-71.913823,5.2,3.7,27.45,25.5,,0.9
"2025-09-02 22:22:55",1122,804,88358,0,,4.3,9.3,27.46,25.55,,0.9
"2025-09-02 22:22:56",1123,805,88349,0,,4.1,7.8,27.44,25.55,,0.9
"2025-09-02 22:22:57",1123,805,88340,-36.747715,-71.913798,5,5.7,27.45,25.55,,0.9
"2025-09-02 22:22:58",1124,806,88331,0,,5.2,17.6,27.45,25.55,,0.9
"2025-09-02 22:22:59",1125,807,88322,0,,4.3,10,27.44,25.55,,0.9
"2025-09-02 22:23:00",1126,808,88314,-36.747587,-71.913758,5.65,10.2,27.45,25.55,,0.8
"2025-09-02 22:23:01",1127,809,88306,0,,4.7,18.1,27.47,25.55,,0.8
"2025-09-02 22:23:02",1128,810,88298,0,,3.9,3.8,27.45,25.55,,0.8
"2025-09-02 22:23:03",1128,810,88290,-36.747463,-71.913723,5.05,15.8,27.46,25.55,,0.8
"2025-09-02 22:23:05",1131,813,88267,0,,4.6,5.1,27.53,25.5,,0.9
"2025-09-02 22:23:06",1132,814,88256,-36.747333,-71.913685,5.5,12.1,27.55,25.5,39.5,0.9
"2025-09-02 22:23:08",1134,816,88231,0,,4.5,5.6,27.55,25.5,,1
"2025-09-02 22:23:09",1136,818,88220,-36.747207,-71.913647,5.4,20.5,27.55,25.45,,1
"2025-09-02 22:23:11",1138,820,88193,0,,4.6,4.7,27.58,25.4,,1.1
"2025-09-02 22:23:12",1140,822,88180,-36.747078,-71.913612,5.05,9,27.55,25.35,,1.1
"2025-09-02 22:23:14",1141,823,88161,0,,4.45,8.2,27.55,25.35,,1.1
"2025-09-02 22:23:15",1142,824,88152,-36.746958,-71.913573,5.4,11.5,27.52,25.35,,1.2
"2025-09-02 22:23:17",1144,826,88134,0,,4.35,9.6,27.49,25.35,,1.1
"2025-09-02 22:23:18",1145,827,88126,-36.746838,-71.913542,4.95,14.8,27.44,25.4,,1.1
"2025-09-02 22:23:20",1147,829,88105,0,,4.9,5.8,27.42,25.45,,1.1
"2025-09-02 22:23:21",1148,830,88096,-36.746715,-71.91351,4.9,9.4,27.41,25.45,,1.1
"2025-09-02 22:23:24",1150,832,88074,0,,4.4,10.2,27.38,25.45,,1
"2025-09-02 22:23:25",1151,833,88064,-36.7466,-71.91348,4.8,19.4,27.34,25.45,,1
"2025-09-02 22:23:25",1152,834,88057,0,,4.25,15.3,27.31,25.5,,1
"2025-09-02 22:23:26",1153,835,88048,0,,4.85,8.8,27.32,25.55,,0.9
"2025-09-02 22:23:27",1154,836,88040,-36.74648,-71.913442,4.9,18,27.33,25.55,,0.9
"2025-09-02 22:23:28",1155,837,88027,0,,4.2,1.8,27.32,25.55,,1
"2025-09-02 22:23:29",1156,838,88015,0,,4.5,6.6,27.32,25.55,,1
"2025-09-02 22:23:30",1157,839,88004,-36.746368,-71.913415,4.2,22,27.34,25.5,,1
"2025-09-02 22:23:31",1158,840,87995,0,,3.75,8.8,27.33,25.45,,1
"2025-09-02 22:23:32",1159,841,87986,0,,4.9,8.1,27.3,25.45,,1
"2025-09-02 22:23:33",1160,842,87978,-36.746253,-71.913387,4.25,12.8,27.3,25.45,39.25,1
"2025-09-02 22:23:34",1161,843,87970,0,,3.75,8.1,27.3,25.45,,1
"2025-09-02 22:23:35",1162,844,87962,0,,4.7,14.7,27.26,25.45,,1
"2025-09-02 22:23:36",1162,844,87954,-36.746143,-71.913355,4.3,15,27.26,25.45,,0.9
"2025-09-02 22:23:37",1164,846,87942,0,,3.6,359.4,27.27,25.4,,1
"2025-09-02 22:23:38",1165,847,87931,0,,4.15,15.8,27.24,25.4,,1
"2025-09-02 22:23:39",1166,848,87920,-36.746043,-71.913327,4.05,18.3,27.23,25.4,,1
"2025-09-02 22:23:40",1166,848,87914,0,,4.2,8.5,27.26,25.35,,1
"2025-09-02 22:23:41",1167,849,87908,0,,3.65,17.5,27.26,25.35,,0.9
"2025-09-02 22:23:42",1168,850,87902,-36.745943,-71.9133,3.75,5.1,27.23,25.35,,0.9
"2025-09-02 22:23:43",1168,850,87893,0,,4.9,9.2,27.26,25.3,,0.9
"2025-09-02 22:23:44",1169,851,87884,0,,3.6,15.3,27.31,25.3,,0.9
"2025-09-02 22:23:45",1170,852,87876,-36.745832,-71.91328,4,0.3,27.29,25.3,,0.9
"2025-09-02 22:23:46",1172,854,87862,0,,4.55,15.1,27.31,25.3,,0.9
"2025-09-02 22:23:47",1173,855,87849,0,,3.45,10,27.34,25.3,,0.9
"2025-09-02 22:23:48",1174,856,87836,-36.74572,-71.913262,4.3,358.5,27.33,25.25,,1
"2025-09-02 22:23:49",1175,857,87826,0,,4.6,12.4,27.32,25.25,,1
"2025-09-02 22:23:50",1176,858,87817,0,,3.4,11.1,27.33,25.25,,1
"2025-09-02 22:23:51",1177,859,87808,-36.745607,-71.913242,4.75,0.7,27.3,25.25,,1
"2025-09-02 22:23:53",1179,861,87790,0,,3.45,5.7,27.27,25.25,,1
"2025-09-02 22:23:54",1180,862,87782,-36.745485,-71.913225,4.9,1.2,27.21,25.25,,1
"2025-09-02 22:23:55",1181,863,87770,0,,5.25,16.1,27.18,25.2,,1
"2025-09-02 22:23:56",1182,864,87759,0,,3.6,3,27.17,25.2,,1
"2025-09-02 22:23:57",1183,865,87748,-36.745367,-71.9132,5,5.5,27.15,25.2,,1.1
"2025-09-02 22:23:58",1184,866,87740,0,,4.6,14.5,27.13,25.2,,1
"2025-09-02 22:23:59",1185,867,87733,0,,3.9,1,27.14,25.25,,1
"2025-09-02 22:24:00",1185,867,87726,-36.745252,-71.913177,4.85,12,27.12,25.25,39,0.9
"2025-09-02 22:24:01",1186,868,87715,0,,4.45,27.5,27.08,25.3,,0.9
"2025-09-02 22:24:02",1188,870,87704,0,,4.55,0.1,27.08,25.3,,0.9
"2025-09-02 22:24:03",1189,871,87694,-36.745137,-71.913147,4.5,10.9,27.09,25.3,,1
"2025-09-02 22:24:04",1189,871,87686,0,,3.35,18.8,27.06,25.3,,0.9
"2025-09-02 22:24:05",1190,872,87678,0,,4.7,3.4,27.05,25.25,,0.9
"2025-09-02 22:24:06",1191,873,87670,-36.745027,-71.913123,4.8,15.3,27.09,25.2,,0.9
"2025-09-02 22:24:08",1194,876,87644,0,,4.4,0.3,27.12,25.15,,1
"2025-09-02 22:24:09",1195,877,87632,-36.744915,-71.913102,4.4,17,27.09,25.1,,1
"2025-09-02 22:24:10",1196,878,87622,0,,3.85,9.3,27.11,25.05,,1
"2025-09-02 22:24:11",1197,879,87612,0,,4.75,1.2,27.08,25.05,,1
"2025-09-02 22:24:12",1198,880,87602,-36.744803,-71.91308,3.9,17.2,27.06,25.05,,1
"2025-09-02 22:24:13",1199,881,87594,0,,4.1,9,27.06,25.05,,1
"2025-09-02 22:24:14",1199,881,87586,0,,4.9,9.6,27.03,25.05,,1
"2025-09-02 22:24:15",1200,882,87578,-36.744693,-71.913053,3.9,13.5,27,25.05,,1
"2025-09-02 22:24:16",1201,883,87567,0,,4.15,353.6,27,25.1,,1
"2025-09-02 22:24:17",1202,884,87557,0,,4.4,5.1,27,25.1,,1
"2025-09-02 22:24:18",1203,885,87548,-36.744588,-71.913043,3.55,18,26.99,25.1,,1
"2025-09-02 22:24:19",1205,887,87535,0,,3.55,354.8,27,25.1,,1
"2025-09-02 22:24:20",1206,888,87522,0,,4.35,359.4,27,25.05,,1.1
"2025-09-02 22:24:21",1207,889,87510,-36.744495,-71.913045,2.85,5.1,27,24.9,,1
"2025-09-02 22:24:22",1208,890,87498,0,,4.1,347.9,26.98,24.8,,1
"2025-09-02 22:24:23",1210,892,87486,0,,4.35,6.6,27,24.7,,1.1
"2025-09-02 22:24:24",1211,893,87474,-36.744393,-71.913048,3.1,5.5,27.02,24.65,,1.1
"2025-09-02 22:24:25",1212,894,87463,0,,3.15,355.6,27.03,24.6,,1.1
"2025-09-02 22:24:26",1213,895,87453,0,,4.45,3.6,27,24.5,,1.1
"2025-09-02 22:24:27",1214,896,87444,-36.744295,-71.913045,3,4.2,26.99,24.5,38.75,1.1
"2025-09-02 22:24:28",1215,897,87435,0,,3.65,348.8,27,24.4,,1.1
"2025-09-02 22:24:29",1216,898,87426,0,,4.25,4.4,27.01,24.4,,1.1
"2025-09-02 22:24:30",1216,898,87418,-36.744202,-71.913052,2.55,359.8,27,24.35,,1.1
"2025-09-02 22:24:31",1217,899,87410,0,,2.75,344.7,26.99,24.4,,1.1
"2025-09-02 22:24:32",1218,900,87403,0,,4.1,12.7,27,24.4,,1
"2025-09-02 22:24:33",1219,901,87396,-36.744115,-71.913052,2.85,355.9,27.04,24.35,,1
"2025-09-02 22:24:34",1220,902,87383,0,,4.45,356.5,27.03,24.35,,1
"2025-09-02 22:24:35",1221,903,87370,0,,4.15,12.7,27.07,24.3,,1
"2025-09-02 22:24:36",1223,905,87358,-36.744008,-71.913048,3,348.5,27.12,24.25,,1
"2025-09-02 22:24:37",1223,905,87350,0,,3.45,338.3,27.11,24.2,,1
"2025-09-02 22:24:38",1224,906,87343,0,,3.55,14.4,27.13,24.2,,0.9
"2025-09-02 22:24:39",1225,907,87336,-36.743917,-71.913055,3.2,350.6,27.17,24.15,,0.9
"2025-09-02 22:24:40",1226,908,87325,0,,4.75,342.2,27.16,24.05,,0.9
"2025-09-02 22:24:41",1227,909,87314,0,,3.35,6.1,27.18,24,,0.9
"2025-09-02 22:24:42",1228,910,87304,-36.743815,-71.913072,3.2,346.4,27.2,23.9,,1
"2025-09-02 22:24:43",1229,911,87291,0,,4.15,347.9,27.2,23.8,,1
"2025-09-02 22:24:44",1231,913,87278,0,,3.4,9.2,27.21,23.7,,1.1
"2025-09-02 22:24:45",1232,914,87266,-36.743717,-71.913083,3.8,346.1,27.21,23.55,,1.1
"2025-09-02 22:24:46",1233,915,87256,0,,4.7,355.9,27.18,23.45,,1.1
"2025-09-02 22:24:47",1234,916,87247,0,,2.95,2.2,27.18,23.35,,1.1
"2025-09-02 22:24:48",1235,917,87238,-36.743613,-71.913093,3.7,347.9,27.17,23.3,,1
"2025-09-02 22:24:49",1236,918,87228,0,,4.8,352.7,27.14,23.2,,1
"2025-09-02 22:24:50",1237,919,87219,0,,3.5,0,27.13,23.15,,1
"2025-09-02 22:24:51",1238,920,87210,-36.743505,-71.913108,4.25,344.1,27.11,23,,1.1
"2025-09-02 22:24:53",1240,922,87188,0,,3.15,354.5,27.06,22.65,,1.1
"2025-09-02 22:24:54",1241,923,87178,-36.743405,-71.913115,4.25,353.1,27.06,22.55,39,1.1
"2025-09-02 22:24:55",1242,924,87166,0,,4.4,6.4,27.03,22.4,,1.1
"2025-09-02 22:24:56",1243,925,87155,0,,3.6,347.7,27.03,22.35,,1.1
"2025-09-02 22:24:57",1244,926,87144,-36.743298,-71.913123,4.5,348.5,27.05,22.25,,1.1
"2025-09-02 22:24:58",1245,927,87133,0,,3.8,6.2,27.03,22.2,,1
"2025-09-02 22:24:59",1246,928,87123,0,,3.25,345.1,27.04,22.15,,1
"2025-09-02 22:25:00",1247,929,87114,-36.743197,-71.913132,4.6,354,27.06,22.1,,1
"2025-09-02 22:25:01",1248,930,87105,0,,4.45,9.5,27.05,22.05,,1
"2025-09-02 22:25:02",1249,931,87096,0,,3.65,356.4,27.06,22.05,,1
"2025-09-02 22:25:03",1250,932,87088,-36.743088,-71.913138,4.1,342.9,27.09,21.95,,1
"2025-09-02 22:25:04",1251,933,87078,0,,4.15,352.3,27.07,21.85,,1
"2025-09-02 22:25:05",1252,934,87069,0,,3.65,355.3,27.08,21.8,,1
"2025-09-02 22:25:06",1253,935,87060,-36.742978,-71.913158,4.6,350.8,27.11,21.75,,1
"2025-09-02 22:25:08",1255,937,87041,0,,3.6,356,27.12,21.65,,1
"2025-09-02 22:25:09",1256,938,87032,-36.742865,-71.913163,4.7,354.8,27.13,21.6,,0.9
"2025-09-02 22:25:10",1257,939,87022,0,,4.15,359.8,27.12,21.55,,0.9
"2025-09-02 22:25:11",1258,940,87013,0,,4.15,359.8,27.15,21.55,,0.9
"2025-09-02 22:25:12",1259,941,87004,-36.742755,-71.913177,4.35,355,27.14,21.45,,0.9
"2025-09-02 22:25:13",1260,942,86993,0,,3.75,6.7,27.12,21.5,,0.9
"2025-09-02 22:25:14",1261,943,86982,0,,4.5,353.2,27.13,21.45,,1
"2025-09-02 22:25:15",1262,944,86972,-36.742638,-71.913183,4.9,353.8,27.13,21.4,,1
"2025-09-02 22:25:16",1263,945,86961,0,,3.75,353.3,27.11,21.3,,1
"2025-09-02 22:25:17",1264,946,86950,0,,5.3,357.6,27.09,21.25,,1
"2025-09-02 22:25:18",1265,947,86940,-36.742515,-71.913192,4.6,358.8,27.09,21.2,,1
"2025-09-02 22:25:20",1267,949,86919,0,,4.75,0.6,27.05,21.05,,1
"2025-09-02 22:25:21",1268,950,86910,-36.7424,-71.913197,4.45,6.5,27.06,21.1,38.25,1
"2025-09-02 22:25:22",1269,951,86901,0,,3.7,346.9,27.04,21.1,,1
"2025-09-02 22:25:23",1270,952,86893,0,,4.7,357.3,27.04,21.05,,1
"2025-09-02 22:25:24",1271,953,86886,-36.742283,-71.913202,4.15,13.6,27.06,21,,1
"2025-09-02 22:25:25",1272,954,86875,0,,4.55,350.1,27.07,21,,1
"2025-09-02 22:25:26",1273,955,86864,0,,5.35,355.4,27.11,20.95,,1
"2025-09-02 22:25:27",1274,956,86854,-36.742158,-71.913208,4.05,7.1,27.13,20.85,,1
"2025-09-02 22:25:28",1275,957,86844,0,,4.35,356.4,27.12,20.75,,1
"2025-09-02 22:25:29",1276,958,86835,0,,5.35,0.2,27.14,20.65,,1
"2025-09-02 22:25:30",1277,959,86826,-36.742037,-71.913208,3.65,2.9,27.14,20.6,,1
"2025-09-02 22:25:31",1278,960,86815,0,,4.75,353.5,27.14,20.5,,1
"2025-09-02 22:25:32",1279,961,86804,0,,5.25,2.6,27.16,20.5,,1
"2025-09-02 22:25:33",1280,962,86794,-36.741915,-71.913212,3.4,4.8,27.13,20.4,,1
"2025-09-02 22:25:35",1282,964,86776,0,,5.4,5.5,27.12,20.2,,1
"2025-09-02 22:25:36",1283,965,86768,-36.741792,-71.913212,3.7,358.6,27.09,20.1,,1
"2025-09-02 22:25:38",1285,967,86746,0,,5.45,10.4,27.06,19.95,,1
"2025-09-02 22:25:39",1286,968,86736,-36.741668,-71.913205,4.2,352.6,27.04,19.9,,1
"2025-09-02 22:25:41",1288,970,86714,0,,5.3,11.9,27.03,19.85,,1
"2025-09-02 22:25:42",1289,971,86704,-36.741533,-71.9132,3.9,355.7,27.01,19.8,,1
"2025-09-02 22:25:44",1291,973,86683,0,,4.85,13.5,27.01,19.7,,1
"2025-09-02 22:25:45",1292,974,86674,-36.741413,-71.913197,4.2,358.3,27,19.65,,1
"2025-09-02 22:25:47",1294,976,86653,0,,4.45,347.2,27,19.6,,1
"2025-09-02 22:25:48",1295,977,86644,-36.741297,-71.913203,4.25,357,26.98,19.6,38,1.1
"2025-09-02 22:25:50",1297,979,86628,0,,4.55,3,27,19.6,,1
"2025-09-02 22:25:51",1298,980,86620,-36.741165,-71.913215,4.25,351.6,26.97,19.55,,1
"2025-09-02 22:25:54",1301,983,86584,-36.741033,-71.91322,5,349.7,26.98,19.45,,1
"2025-09-02 22:25:55",1302,984,86575,0,,4.85,357.1,26.97,19.35,,1
"2025-09-02 22:25:56",1303,985,86567,0,,4.05,6.7,26.96,19.3,,1
"2025-09-02 22:25:57",1304,986,86560,-36.740905,-71.913225,5.5,355.6,26.96,19.25,,1
"2025-09-02 22:25:58",1305,987,86546,0,,5.5,358.4,26.98,19.15,,1
"2025-09-02 22:25:59",1307,989,86533,0,,3.65,358.5,27.01,19.15,,1
"2025-09-02 22:26:00",1308,990,86520,-36.74077,-71.91323,5.55,358.8,27.01,19.1,,1.1
"2025-09-02 22:26:01",1309,991,86505,0,,5.85,6.5,27.04,19.15,,1.1
"2025-09-02 22:26:02",1311,993,86491,0,,4,351,27.07,19.1,,1.2
"2025-09-02 22:26:03",1312,994,86478,-36.740628,-71.913227,5.35,1.1,27.06,19.1,,1.2
"2025-09-02 22:26:04",1313,995,86468,0,,5.4,7.5,27.05,19.05,,1.2
"2025-09-02 22:26:05",1314,996,86459,0,,5.4,7.5,27.05,19.05,,1.2
"2025-09-02 22:26:06",1315,997,86450,-36.740487,-71.913223,5.45,2.1,27.01,19.05,,1.1
"2025-09-02 22:26:07",1316,998,86442,0,,5.1,19.5,26.98,19,,1.1
"2025-09-02 22:26:08",1317,999,86435,0,,5.15,358.9,26.96,19.05,,1.1
"2025-09-02 22:26:09",1317,999,86428,-36.74035,-71.913202,5.8,4.1,26.94,19.05,,1.1
"2025-09-02 22:26:10",1318,1000,86418,0,,4.5,8.9,26.9,19,,1.1
"2025-09-02 22:26:11",1319,1001,86408,0,,5.3,356.7,26.9,19,,1.1
"2025-09-02 22:26:12",1320,1002,86398,-36.740213,-71.913192,5.45,8.6,26.89,19.05,,1.1
"2025-09-02 22:26:13",1321,1003,86388,0,,4.3,5.3,26.85,19.05,,1
"2025-09-02 22:26:14",1322,1004,86379,0,,5.5,358.6,26.83,19.05,,1
"2025-09-02 22:26:15",1323,1005,86370,-36.740073,-71.913182,5.5,7.6,26.82,19.05,38,1
"2025-09-02 22:26:16",1324,1006,86360,0,,4.45,5.1,26.77,19.1,,0.9
"2025-09-02 22:26:17",1325,1007,86350,0,,5.55,0.4,26.76,19.1,,0.9
"2025-09-02 22:26:18",1326,1008,86340,-36.739938,-71.91317,5.55,10.3,26.77,19.1,,0.9
"2025-09-02 22:26:19",1327,1009,86328,0,,3.85,0.6,26.75,19.05,,1
"2025-09-02 22:26:20",1329,1011,86317,0,,4.8,353,26.75,19.05,,1
"2025-09-02 22:26:21",1330,1012,86306,-36.739815,-71.913163,4.95,11.7,26.73,19,,1
"2025-09-02 22:26:22",1331,1013,86295,0,,4.6,13.3,26.7,19,,1
"2025-09-02 22:26:23",1332,1014,86284,0,,5.2,352.2,26.7,19,,1
"2025-09-02 22:26:24",1333,1015,86274,-36.739687,-71.913152,4.75,7.6,26.7,19,,1
"2025-09-02 22:26:25",1334,1016,86263,0,,4.2,12.6,26.64,19,,1.1
"2025-09-02 22:26:26",1335,1017,86253,0,,5.75,354,26.65,19,,1.1
"2025-09-02 22:26:27",1336,1018,86244,-36.739553,-71.913142,5.1,4.7,26.65,19,,1.1
"2025-09-02 22:26:28",1337,1019,86232,0,,4.65,11.2,26.63,18.9,,1.1
"2025-09-02 22:26:29",1339,1021,86220,0,,4.75,6.8,26.63,18.8,,1.1
"2025-09-02 22:26:30",1340,1022,86208,-36.73942,-71.913123,6.15,5.5,26.63,18.7,,1.1
"2025-09-02 22:26:31",1341,1023,86199,0,,5.45,5.4,26.63,18.65,,1.1
"2025-09-02 22:26:32",1341,1023,86191,0,,4.8,4.6,26.63,18.6,,1.1
"2025-09-02 22:26:33",1342,1024,86184,-36.739277,-71.913103,5.75,12.3,26.63,18.5,,1
"2025-09-02 22:26:34",1343,1025,86174,0,,5.75,10.1,26.65,18.45,,1
"2025-09-02 22:26:35",1344,1026,86165,0,,5.2,1.7,26.64,18.35,,1
"2025-09-02 22:26:36",1345,1027,86156,-36.739133,-71.913077,5.2,10.8,26.68,18.35,,1
"2025-09-02 22:26:38",1347,1029,86136,0,,5.5,0.5,26.67,18.25,,1
"2025-09-02 22:26:39",1348,1030,86126,-36.738988,-71.913058,5.45,12.3,26.7,18.2,,1
"2025-09-02 22:26:40",1350,1032,86113,0,,4.75,9,26.73,18.1,,1
"2025-09-02 22:26:41",1351,1033,86099,0,,5.5,2.6,26.72,18.05,,1.1
"2025-09-02 22:26:42",1352,1034,86086,-36.738847,-71.913033,5.8,10.4,26.75,18,37.75,1.1
"2025-09-02 22:26:43",1354,1036,86073,0,,5.15,11.8,26.75,18.05,,1.1
"2025-09-02 22:26:44",1355,1037,86061,0,,5.35,9.5,26.73,18,,1.1
"2025-09-02 22:26:45",1356,1038,86050,-36.738702,-71.912998,5.3,19,26.73,17.95,,1.1
"2025-09-02 22:26:46",1357,1039,86040,0,,5.55,2.3,26.72,17.9,,1.1
"2025-09-02 22:26:47",1358,1040,86031,0,,5.5,8.5,26.68,17.9,,1.1
"2025-09-02 22:26:48",1359,1041,86022,-36.738563,-71.912967,4.6,19,26.63,17.95,,1.1
"2025-09-02 22:26:49",1360,1042,86009,0,,5.2,12.8,26.63,17.95,,1.2
"2025-09-02 22:26:50",1362,1044,85996,0,,5.9,14.2,26.61,18,,1.2
"2025-09-02 22:26:51",1363,1045,85984,-36.738428,-71.912923,4.65,16.3,26.56,18,,1.2
"2025-09-02 22:26:53",1365,1047,85961,0,,5.4,10.1,26.55,18,,1.2
"2025-09-02 22:26:54",1366,1048,85950,-36.7383,-71.912902,3.95,13.6,26.52,18,,1.2
"2025-09-02 22:26:55",1368,1050,85932,0,,3.8,4.3,26.47,18,,1.2
"2025-09-02 22:26:56",1370,1052,85916,0,,5.6,17.8,26.48,18,,1.2
"2025-09-02 22:26:57",1371,1053,85900,-36.738178,-71.912865,4.45,18.1,26.49,18,,1.3
"2025-09-02 22:26:58",1373,1055,85888,0,,6.1,12.5,26.47,17.95,,1.3
"2025-09-02 22:26:59",1374,1056,85876,0,,5.95,11.7,26.45,17.9,,1.3
"2025-09-02 22:27:00",1375,1057,85864,-36.738032,-71.912825,4.85,4.1,26.47,17.95,,1.3
"2025-09-02 22:27:01",1376,1058,85852,0,,4.85,8.5,26.45,17.95,,1.3
"2025-09-02 22:27:02",1377,1059,85842,0,,5.1,22.8,26.42,17.95,,1.3
"2025-09-02 22:27:03",1378,1060,85832,-36.7379,-71.91279,5.75,7.1,26.41,17.95,,1.3
"2025-09-02 22:27:04",1380,1062,85820,0,,5.75,6,26.41,17.95,,1.3
"2025-09-02 22:27:05",1381,1063,85808,0,,4.85,19.7,26.39,17.95,,1.3
"2025-09-02 22:27:06",1382,1064,85796,-36.737758,-71.912758,5.4,6.1,26.38,17.95,,1.3
"2025-09-02 22:27:07",1383,1065,85788,0,,5.85,2.4,26.38,17.95,,1.3
"2025-09-02 22:27:08",1384,1066,85781,0,,5.85,2.4,26.34,17.9,,1.2
"2025-09-02 22:27:09",1384,1066,85774,-36.737617,-71.912738,4.95,3.3,26.32,17.9,37.5,1.1
"2025-09-02 22:27:10",1386,1068,85760,0,,6.95,15,26.37,17.9,,1.1
"2025-09-02 22:27:11",1387,1069,85746,0,,5.05,7.6,26.39,17.85,,1.1
"2025-09-02 22:27:12",1389,1071,85732,-36.737458,-71.912707,5.35,7.3,26.38,17.85,,1.1
"2025-09-02 22:27:13",1390,1072,85721,0,,6.15,13.2,26.4,17.75,,1.1
"2025-09-02 22:27:14",1391,1073,85710,0,,5.3,12.3,26.45,17.75,,1.1
"2025-09-02 22:27:15",1392,1074,85700,-36.737302,-71.912667,6.05,7.4,26.44,17.7,,1.1
"2025-09-02 22:27:16",1393,1075,85691,0,,6.4,13.1,26.45,17.6,,1.1
"2025-09-02 22:27:17",1394,1076,85683,0,,5.35,14.1,26.49,17.6,,1.1
"2025-09-02 22:27:18",1395,1077,85676,-36.737143,-71.912625,6.15,6.6,26.48,17.55,,1
"2025-09-02 22:27:19",1396,1078,85665,0,,5.8,12.8,26.52,17.5,,1
"2025-09-02 22:27:20",1397,1079,85654,0,,4.9,8.2,26.52,17.5,,1.1
"2025-09-02 22:27:21",1398,1080,85644,-36.736997,-71.91259,5.75,8.6,26.47,17.5,,1.1
"2025-09-02 22:27:23",1401,1083,85613,0,,5.35,12.6,26.52,17.55,,1.2
"2025-09-02 22:27:24",1403,1085,85598,-36.736848,-71.912542,6.45,8.5,26.54,17.55,,1.2
"2025-09-02 22:27:25",1404,1086,85583,0,,6.1,10.8,26.53,17.5,,1.2
"2025-09-02 22:27:26",1406,1088,85568,0,,4.7,13.3,26.48,17.5,,1.2
"2025-09-02 22:27:27",1407,1089,85554,-36.736702,-71.9125,5.45,8.4,26.46,17.5,,1.2
"2025-09-02 22:27:28",1408,1090,85541,0,,6.85,19.3,26.41,17.5,,1.3
"2025-09-02 22:27:29",1410,1092,85529,0,,4.85,15.8,26.38,17.45,,1.3
"2025-09-02 22:27:30",1411,1093,85518,-36.736555,-71.91244,6.1,19.6,26.33,17.35,,1.4
"2025-09-02 22:27:31",1412,1094,85504,0,,6.2,22.4,26.29,17.3,,1.4
"2025-09-02 22:27:32",1414,1096,85491,0,,5,11.9,26.28,17.2,,1.4
"2025-09-02 22:27:33",1415,1097,85478,-36.736407,-71.912378,6.1,16.2,26.29,17,,1.4
"2025-09-02 22:27:34",1416,1098,85465,0,,6.5,24.9,26.25,16.8,,1.4
"2025-09-02 22:27:35",1418,1100,85452,0,,5.05,10.4,26.25,16.7,,1.4
"2025-09-02 22:27:36",1419,1101,85440,-36.736257,-71.912315,6.05,17.7,26.24,16.6,37.5,1.4
"2025-09-02 22:27:38",1421,1103,85414,0,,5.55,8.5,26.19,16.45,,1.3
"2025-09-02 22:27:39",1423,1105,85402,-36.736095,-71.91226,5.95,13.7,26.19,16.45,,1.3
"2025-09-02 22:27:40",1424,1106,85389,0,,6.15,25.5,26.19,16.4,,1.3
"2025-09-02 22:27:41",1425,1107,85377,0,,5.6,14.8,26.18,16.4,,1.3
"2025-09-02 22:27:42",1427,1109,85366,-36.735942,-71.912198,5.95,10,26.18,16.35,,1.3
"2025-09-02 22:27:43",1428,1110,85354,0,,6.55,18.3,26.17,16.3,,1.3
"2025-09-02 22:27:44",1429,1111,85342,0,,5.75,18.8,26.16,16.3,,1.3
"2025-09-02 22:27:45",1430,1112,85330,-36.73578,-71.912142,6.25,9,26.15,16.25,,1.3
"2025-09-02 22:27:46",1431,1113,85319,0,,5.85,18.2,26.11,16.25,,1.3
"2025-09-02 22:27:47",1432,1114,85309,0,,5.5,19,26.11,16.25,,1.2
"2025-09-02 22:27:48",1433,1115,85300,-36.735627,-71.912088,6.4,8.8,26.08,16.25,,1.2
"2025-09-02 22:27:49",1434,1116,85289,0,,6.4,17.1,26.04,16.25,,1.2
"2025-09-02 22:27:50",1436,1118,85278,0,,5.45,24.3,26.04,16.25,,1.2
"2025-09-02 22:27:51",1437,1119,85268,-36.735468,-71.91203,6.75,9.3,26,16.25,,1.2
"2025-09-02 22:27:53",1439,1121,85249,0,,5.05,22.8,25.98,16.25,,1.1
"2025-09-02 22:27:54",1440,1122,85240,-36.735315,-71.911973,6.6,11.2,25.97,16.3,,1.1
"2025-09-02 22:27:55",1441,1123,85225,0,,6.95,19,25.97,16.3,,1.1
"2025-09-02 22:27:56",1443,1125,85210,0,,5.3,20.5,26,16.3,,1.1
"2025-09-02 22:27:57",1444,1126,85196,-36.735152,-71.911912,6.6,10.8,25.99,16.3,,1.1
"2025-09-02 22:27:58",1445,1127,85182,0,,6.8,20.9,25.99,16.25,,1.2
"2025-09-02 22:27:59",1447,1129,85169,0,,4.9,18.5,25.99,16.25,,1.2
"2025-09-02 22:28:00",1448,1130,85156,-36.734993,-71.911852,6.45,14.8,25.98,16.3,,1.2
"2025-09-02 22:28:01",1450,1132,85140,0,,7.2,21.2,25.96,16.3,,1.3
"2025-09-02 22:28:02",1451,1133,85126,0,,5.1,14.4,25.96,16.3,,1.3
"2025-09-02 22:28:03",1453,1135,85112,-36.734837,-71.911787,6.35,13.8,25.94,16.3,37.5,1.3
"2025-09-02 22:28:05",1455,1137,85089,0,,5.65,15.3,25.89,16.3,,1.4
"2025-09-02 22:28:06",1456,1138,85078,-36.734673,-71.911718,6.65,11.4,25.86,16.3,,1.4
"2025-09-02 22:28:08",1459,1141,85055,0,,5.3,17.1,25.84,16.35,,1.4
"2025-09-02 22:28:09",1460,1142,85044,-36.734522,-71.911655,6.85,16.2,25.83,16.35,,1.3
"2025-09-02 22:28:11",1462,1144,85018,0,,5.6,12.4,25.8,16.4,,1.3
"2025-09-02 22:28:12",1464,1146,85006,-36.734363,-71.911592,6.85,14.5,25.8,16.4,,1.3
"2025-09-02 22:28:14",1466,1148,84984,0,,5.65,13.2,25.78,16.35,,1.2
"2025-09-02 22:28:15",1467,1149,84974,-36.734207,-71.911533,7,13.6,25.79,16.35,,1.2
"2025-09-02 22:28:17",1470,1152,84948,0,,5.45,7.6,25.78,16.3,,1.2
"2025-09-02 22:28:18",1471,1153,84936,-36.73405,-71.911475,6.6,16.3,25.79,16.3,,1.2
"2025-09-02 22:28:20",1474,1156,84910,0,,6.05,15.9,25.72,16.25,,1.2
"2025-09-02 22:28:21",1475,1157,84898,-36.73389,-71.911403,7.2,17.3,25.73,16.15,,1.3
"2025-09-02 22:28:23",1477,1159,84876,0,,5.45,11.2,25.72,16,,1.2
"2025-09-02 22:28:24",1478,1160,84866,-36.733732,-71.911335,6.7,19.9,25.72,15.9,,1.2
"2025-09-02 22:28:25",1479,1161,84855,0,,6.6,22.3,25.69,15.9,,1.2
"2025-09-02 22:28:26",1480,1162,84845,0,,6.1,10.6,25.67,15.9,,1.2
"2025-09-02 22:28:27",1481,1163,84836,-36.73357,-71.911268,7.05,23.5,25.68,15.85,,1.2
"2025-09-02 22:28:29",1484,1166,84808,0,,7.05,12.1,25.71,15.85,,1.2
"2025-09-02 22:28:30",1486,1168,84794,-36.733395,-71.911193,6.9,21.3,25.72,15.85,37,1.2
"2025-09-02 22:28:31",1487,1169,84782,0,,5.1,22.8,25.69,15.8,,1.2
"2025-09-02 22:28:32",1488,1170,84771,0,,6.85,12.2,25.69,15.8,,1.2
"2025-09-02 22:28:33",1489,1171,84760,-36.733235,-71.911125,7.15,22.7,25.68,15.8,,1.2
"2025-09-02 22:28:34",1491,1173,84747,0,,6.4,14.4,25.66,15.8,,1.2
"2025-09-02 22:28:35",1492,1174,84734,0,,7.15,11.6,25.67,15.8,,1.2
"2025-09-02 22:28:36",1493,1175,84722,-36.733057,-71.911058,6.85,22.1,25.66,15.8,,1.2
"2025-09-02 22:28:37",1495,1177,84707,0,,5.75,27.7,25.67,15.8,,1.3
"2025-09-02 22:28:38",1496,1178,84691,0,,7.25,15.8,25.65,15.8,,1.3
"2025-09-02 22:28:39",1498,1180,84676,-36.732888,-71.910972,7.25,22.9,25.61,15.75,,1.4
"2025-09-02 22:28:40",1499,1181,84663,0,,6.95,18.7,25.59,15.75,,1.4
"2025-09-02 22:28:41",1501,1183,84651,0,,7.25,15.5,25.55,15.7,,1.4
"2025-09-02 22:28:42",1502,1184,84640,-36.732708,-71.910893,6.7,23.7,25.54,15.7,,1.3
"2025-09-02 22:28:43",1503,1185,84628,0,,7.1,17.2,25.54,15.7,,1.3
"2025-09-02 22:28:44",1504,1186,84617,0,,7.45,17.9,25.51,15.65,,1.3
"2025-09-02 22:28:45",1505,1187,84606,-36.732525,-71.910812,7.45,26.9,25.5,15.55,,1.3
"2025-09-02 22:28:46",1507,1189,84593,0,,7.05,17.4,25.49,15.45,,1.3
"2025-09-02 22:28:47",1508,1190,84580,0,,6.9,15.9,25.49,15.4,,1.3
"2025-09-02 22:28:48",1509,1191,84568,-36.732347,-71.91073,7.45,29.1,25.48,15.35,,1.3
"2025-09-02 22:28:49",1510,1192,84556,0,,7.2,23,25.45,15.35,,1.3
"2025-09-02 22:28:50",1512,1194,84544,0,,6.8,14.3,25.46,15.35,,1.3
"2025-09-02 22:28:51",1513,1195,84532,-36.732168,-71.910643,7.75,27.1,25.44,15.3,,1.2
"2025-09-02 22:28:53",1515,1197,84510,0,,6.2,15.8,25.43,15.25,,1.2
"2025-09-02 22:28:54",1516,1198,84500,-36.731992,-71.910552,7.55,22.4,25.44,15.25,,1.2
"2025-09-02 22:28:56",1518,1200,84480,0,,6.8,23,25.42,15.25,,1.2
"2025-09-02 22:28:57",1519,1201,84470,-36.73181,-71.910457,7.55,27.4,25.42,15.25,36.75,1.2
"2025-09-02 22:28:58",1521,1203,84457,0,,6.8,21.5,25.44,15.25,,1.2
"2025-09-02 22:28:59",1522,1204,84444,0,,6.8,22.4,25.45,15.15,,1.2
"2025-09-02 22:29:00",1523,1205,84432,-36.731632,-71.910368,8.25,26,25.49,15.05,,1.2
"2025-09-02 22:29:01",1525,1207,84418,0,,7.1,22.2,25.49,14.95,,1.2
"2025-09-02 22:29:02",1526,1208,84405,0,,7,26.2,25.49,14.85,,1.2
"2025-09-02 22:29:03",1528,1210,84392,-36.731447,-71.910272,8.3,20.8,25.5,14.8,,1.2
"2025-09-02 22:29:04",1529,1211,84379,0,,6.95,20.9,25.5,14.75,,1.2
"2025-09-02 22:29:05",1530,1212,84367,0,,7.25,27.8,25.48,14.65,,1.2
"2025-09-02 22:29:06",1531,1213,84356,-36.731263,-71.910177,8.3,19,25.5,14.65,,1.2
"2025-09-02 22:29:08",1533,1215,84337,0,,7.75,29.1,25.52,14.55,,1.2
"2025-09-02 22:29:09",1534,1216,84328,-36.731077,-71.910078,7.85,19.3,25.56,14.55,,1.2
"2025-09-02 22:29:10",1536,1218,84314,0,,6.35,16.8,25.57,14.55,,1.3
"2025-09-02 22:29:11",1537,1219,84300,0,,8.35,26.4,25.6,14.5,,1.3
"2025-09-02 22:29:12",1539,1221,84286,-36.730888,-71.909987,7.75,18.7,25.65,14.5,,1.3
"2025-09-02 22:29:13",1540,1222,84271,0,,6.7,27.9,25.65,14.45,,1.3
"2025-09-02 22:29:14",1542,1224,84256,0,,8.25,24.7,25.64,14.45,,1.3
"2025-09-02 22:29:15",1543,1225,84242,-36.7307,-71.909888,7.6,15.5,25.67,14.4,,1.3
"2025-09-02 22:29:16",1544,1226,84232,0,,8.25,23.1,25.7,14.4,,1.3
"2025-09-02 22:29:17",1545,1227,84223,0,,8.65,24.6,25.72,14.4,,1.3
"2025-09-02 22:29:18",1546,1228,84214,-36.7305,-71.909782,6.95,23.9,25.72,14.35,,1.2
"2025-09-02 22:29:19",1547,1229,84204,0,,7,25,25.69,14.3,,1.2
"2025-09-02 22:29:20",1548,1230,84195,0,,8.5,21,25.66,14.3,,1.2
"2025-09-02 22:29:21",1549,1231,84186,-36.730308,-71.909675,7.45,22.6,25.66,14.3,,1.2
"2025-09-02 22:29:23",1552,1234,84158,0,,8.05,21,25.69,14.3,,1.2
"2025-09-02 22:29:24",1553,1235,84144,-36.730117,-71.909567,7.4,24.6,25.71,14.25,36.75,1.2
"2025-09-02 22:29:25",1554,1236,84135,0,,8.95,28.7,25.72,14.2,,1.2
"2025-09-02 22:29:26",1555,1237,84126,0,,8.2,21.5,25.75,14.2,,1.2
"2025-09-02 22:29:27",1556,1238,84118,-36.729918,-71.909453,6.9,25.9,25.72,14.15,,1.1
"2025-09-02 22:29:28",1558,1240,84103,0,,8.4,32.9,25.68,14.15,,1.1
"2025-09-02 22:29:29",1559,1241,84088,0,,8.3,20.1,25.69,14.15,,1.2
"2025-09-02 22:29:30",1561,1243,84074,-36.729728,-71.909337,7.2,28.7,25.7,14.1,,1.2
"2025-09-02 22:29:31",1561,1243,84068,0,,8.7,29.2,25.68,14.1,,1.2
"2025-09-02 22:29:32",1562,1244,84062,0,,7.9,20,25.64,14.1,,1.1
"2025-09-02 22:29:33",1563,1245,84056,-36.729535,-71.909217,7.3,31.1,25.63,14.05,,1.1
"2025-09-02 22:29:34",1564,1246,84041,0,,8.2,28.8,25.66,14.05,,1.2
"2025-09-02 22:29:35",1566,1248,84026,0,,7.55,20.3,25.65,14.05,,1.1
"2025-09-02 22:29:36",1567,1249,84012,-36.72935,-71.9091,7.85,31.4,25.6,14.05,,1.2
"2025-09-02 22:29:38",1570,1252,83983,0,,7.75,24.3,25.64,14.05,,1.2
"2025-09-02 22:29:39",1572,1254,83970,-36.729155,-71.908978,7.3,29.2,25.61,14.05,,1.3
"2025-09-02 22:29:40",1573,1255,83961,0,,7.55,25.8,25.58,14.05,,1.2
"2025-09-02 22:29:41",1573,1255,83953,0,,7.6,21.5,25.57,14.05,,1.2
"2025-09-02 22:29:42",1574,1256,83946,-36.728967,-71.908868,7.95,28.7,25.57,14.05,,1.1
"2025-09-02 22:29:43",1576,1258,83933,0,,8.4,24.5,25.59,14.05,,1.2
"2025-09-02 22:29:44",1577,1259,83919,0,,7.2,22.4,25.55,14.05,,1.2
"2025-09-02 22:29:45",1578,1260,83906,-36.728777,-71.908755,7.7,27.1,25.54,14.05,,1.3
"2025-09-02 22:29:46",1580,1262,83893,0,,8.15,26,25.55,14.05,,1.3
"2025-09-02 22:29:47",1581,1263,83881,0,,7.3,27.7,25.53,14.05,,1.3
"2025-09-02 22:29:48",1582,1264,83870,-36.728593,-71.908637,7.45,31.3,25.51,14.05,,1.2
"2025-09-02 22:29:49",1584,1266,83856,0,,7.95,25.7,25.52,14.05,,1.2
"2025-09-02 22:29:50",1585,1267,83844,0,,7.55,25.7,25.53,14.05,,1.2
"2025-09-02 22:29:51",1586,1268,83832,-36.728405,-71.908515,8.05,31.2,25.5,14.05,36.75,1.2
"2025-09-02 22:29:53",1587,1269,83820,0,,7.3,26.3,25.44,14,,1.1
"2025-09-02 22:29:54",1588,1270,83814,-36.728215,-71.90839,8.45,29.2,25.49,14,,1.1
"2025-09-02 22:29:55",1590,1272,83799,0,,8,23.8,25.46,14,,1.2
"2025-09-02 22:29:56",1591,1273,83784,0,,6.95,29.8,25.42,14,,1.2
"2025-09-02 22:29:57",1593,1275,83770,-36.728032,-71.90827,7.8,28.3,25.42,14,,1.2
"2025-09-02 22:29:58",1594,1276,83757,0,,7.65,22,25.43,14,,1.2
"2025-09-02 22:29:59",1595,1277,83744,0,,7.7,30.1,25.4,14,,1.2
"2025-09-02 22:30:00",1597,1279,83732,-36.727845,-71.908152,7.7,30.8,25.39,14,,1.2
"2025-09-02 22:30:01",1598,1280,83721,0,,7.35,26.2,25.39,14.05,,1.2
"2025-09-02 22:30:02",1599,1281,83710,0,,8,30.1,25.36,14.05,,1.2
"2025-09-02 22:30:03",1600,1282,83700,-36.727658,-71.908025,8.3,29.3,25.35,14.05,,1.2
"2025-09-02 22:30:04",1601,1283,83686,0,,7.45,24,25.36,14.05,,1.2
"2025-09-02 22:30:05",1603,1285,83673,0,,7.75,28.4,25.32,14.05,,1.3
"2025-09-02 22:30:06",1604,1286,83660,-36.727467,-71.907905,8.65,26.3,25.31,14.05,,1.3
"2025-09-02 22:30:08",1607,1289,83636,0,,8.6,29.6,25.29,14.05,,1.3
"2025-09-02 22:30:09",1608,1290,83624,-36.727267,-71.90778,8,24,25.26,14.05,,1.3
"2025-09-02 22:30:10",1609,1291,83611,0,,6.9,31.2,25.26,14.1,,1.3
"2025-09-02 22:30:11",1610,1292,83600,0,,8.3,26.7,25.23,14.1,,1.3
"2025-09-02 22:30:12",1612,1294,83590,-36.72708,-71.907667,8.05,22.5,25.24,14.1,,1.2
"2025-09-02 22:30:13",1612,1294,83583,0,,7.85,25.8,25.21,14.1,,1.2
"2025-09-02 22:30:14",1613,1295,83575,0,,7.7,31.1,25.19,14.1,,1.2
"2025-09-02 22:30:15",1614,1296,83568,-36.726895,-71.907553,7.5,22.4,25.17,14.1,,1.2
"2025-09-02 22:30:17",1616,1298,83544,0,,8.35,28.8,25.19,14.15,,1.2
"2025-09-02 22:30:18",1618,1300,83532,-36.726703,-71.90744,7.65,25.3,25.17,14.15,36.5,1.1
"2025-09-02 22:30:19",1619,1301,83519,0,,7.1,24.3,25.17,14.15,,1.1
"2025-09-02 22:30:20",1620,1302,83507,0,,8.35,26.4,25.23,14.15,,1.1
"2025-09-02 22:30:21",1621,1303,83496,-36.726517,-71.907328,7.9,25.2,25.23,14.15,,1.1
"2025-09-02 22:30:22",1623,1305,83481,0,,7.5,29.8,25.25,14.15,,1.1
"2025-09-02 22:30:23",1624,1306,83467,0,,8.35,24,25.27,14.1,,1.2
"2025-09-02 22:30:24",1626,1308,83454,-36.726327,-71.907215,7.65,22.3,25.25,14.1,,1.2
"2025-09-02 22:30:25",1627,1309,83444,0,,7.85,28.6,25.26,14.1,,1.2
"2025-09-02 22:30:26",1628,1310,83434,0,,8.25,24.3,25.25,14.1,,1.2
"2025-09-02 22:30:27",1629,1311,83424,-36.726135,-71.907103,7.6,21.9,25.23,14.1,,1.2
"2025-09-02 22:30:28",1630,1312,83414,0,,8,29.1,25.26,14.1,,1.2
"2025-09-02 22:30:29",1631,1313,83405,0,,7.45,22.2,25.25,14.1,,1.2
"2025-09-02 22:30:30",1632,1314,83396,-36.725952,-71.906992,7.1,31,25.23,14.1,,1.2
"2025-09-02 22:30:31",1633,1315,83383,0,,8.5,25.4,25.26,14.1,,1.2
"2025-09-02 22:30:32",1635,1317,83371,0,,7.05,21.3,25.25,14.1,,1.2
"2025-09-02 22:30:33",1636,1318,83360,-36.72577,-71.906877,7.4,31.6,25.22,14.1,,1.2
"2025-09-02 22:30:35",1639,1321,83333,0,,6.75,25.7,25.22,14.1,,1.2
"2025-09-02 22:30:36",1640,1322,83320,-36.725598,-71.906757,7.35,33.2,25.17,14.1,,1.2
"2025-09-02 22:30:38",1643,1325,83290,0,,7.15,27.2,25.17,14.05,,1.2
"2025-09-02 22:30:39",1645,1327,83276,-36.725428,-71.906638,7.95,35.3,25.11,14.05,,1.3
"2025-09-02 22:30:41",1647,1329,83249,0,,6.75,31.1,25,14.1,,1.3
"2025-09-02 22:30:42",1649,1331,83236,-36.725257,-71.90651,7.85,29,24.99,14.1,,1.4
"2025-09-02 22:30:44",1651,1333,83213,0,,6.95,36,24.95,14.15,,1.4
"2025-09-02 22:30:45",1652,1334,83202,-36.72509,-71.906382,8.2,32.8,24.96,14.15,36.75,1.4
"2025-09-02 22:30:47",1655,1337,83180,0,,7.05,33.6,24.94,14.15,,1.3
"2025-09-02 22:30:48",1656,1338,83170,-36.724915,-71.90626,8.25,31.7,24.96,14.15,,1.3
"2025-09-02 22:30:50",1658,1340,83145,0,,7,35.7,24.93,14.15,,1.3
"2025-09-02 22:30:51",1660,1342,83134,-36.724743,-71.90613,8.3,29.1,24.95,14.15,,1.2
"2025-09-02 22:30:54",1663,1345,83100,-36.724563,-71.906012,7.95,27.1,24.94,14.15,,1.2
"2025-09-02 22:30:55",1664,1346,83090,0,,6.5,28.4,24.96,14.15,,1.2
"2025-09-02 22:30:56",1665,1347,83080,0,,7.6,38.3,24.91,14.15,,1.2
"2025-09-02 22:30:57",1666,1348,83070,-36.724393,-71.905882,7.45,25,24.87,14.15,,1.2
"2025-09-02 22:30:59",1669,1351,83044,0,,7.85,35.6,24.86,14.2,,1.2
"2025-09-02 22:31:00",1670,1352,83032,-36.72422,-71.905755,7.85,27.1,24.82,14.15,,1.2
"2025-09-02 22:31:01",1672,1354,83020,0,,6.95,30.7,24.81,14.15,,1.2
"2025-09-02 22:31:02",1673,1355,83009,0,,7.75,34.6,24.81,14.15,,1.2
"2025-09-02 22:31:03",1674,1356,82998,-36.724045,-71.905628,7.45,24.5,24.81,14.15,,1.2
"2025-09-02 22:31:04",1675,1357,82992,0,,6.7,31.6,24.81,14.2,,1.2
"2025-09-02 22:31:05",1675,1357,82986,0,,7.9,32.3,24.81,14.2,,1.1
"2025-09-02 22:31:06",1676,1358,82980,-36.723872,-71.905505,7.4,23.8,24.81,14.2,,1.1
"2025-09-02 22:31:07",1678,1360,82961,0,,6.6,32.9,24.75,14.2,,1.1
"2025-09-02 22:31:08",1680,1362,82942,0,,8,35.6,24.74,14.2,,1.2
"2025-09-02 22:31:09",1682,1364,82924,-36.723708,-71.905377,6.8,28.2,24.75,14.2,,1.3
"2025-09-02 22:31:11",1684,1366,82901,0,,8,31.6,24.69,14.2,,1.3
"2025-09-02 22:31:12",1685,1367,82890,-36.723552,-71.905245,6.9,31.2,24.7,14.15,36.5,1.3
"2025-09-02 22:31:13",1686,1368,82879,0,,7.4,47.2,24.66,14.15,,1.2
"2025-09-02 22:31:14",1688,1370,82869,0,,7.6,30.8,24.65,14.15,,1.2
"2025-09-02 22:31:15",1689,1371,82860,-36.723395,-71.905102,6.9,27.8,24.66,14.15,,1.2
"2025-09-02 22:31:16",1690,1372,82845,0,,7.15,35.6,24.64,14.1,,1.3
"2025-09-02 22:31:17",1692,1374,82830,0,,7.65,31.1,24.62,14.1,,1.4
"2025-09-02 22:31:18",1693,1375,82816,-36.723232,-71.904973,6.35,31.5,24.63,14.1,,1.4
"2025-09-02 22:31:19",1695,1377,82803,0,,7.75,39.5,24.64,14.05,,1.4
"2025-09-02 22:31:20",1696,1378,82791,0,,7.95,27.7,24.58,14.05,,1.3
"2025-09-02 22:31:21",1697,1379,82780,-36.723062,-71.904837,7.25,32.2,24.55,14.1,,1.3
"2025-09-02 22:31:22",1698,1380,82767,0,,7.8,38.8,24.53,14.1,,1.3
"2025-09-02 22:31:23",1700,1382,82754,0,,8.1,31,24.47,14.1,,1.3
"2025-09-02 22:31:24",1701,1383,82742,-36.722888,-71.90469,7.1,36,24.45,14.15,,1.3
"2025-09-02 22:31:25",1702,1384,82730,0,,7.55,40.7,24.41,14.15,,1.3
"2025-09-02 22:31:26",1703,1385,82719,0,,8,34.4,24.39,14.2,,1.3
"2025-09-02 22:31:27",1705,1387,82708,-36.72272,-71.904537,8,32.8,24.38,14.2,,1.3
"2025-09-02 22:31:28",1705,1387,82700,0,,7.7,40.6,24.36,14.2,,1.3
"2025-09-02 22:31:29",1706,1388,82692,0,,7.85,31.3,24.36,14.2,,1.2
"2025-09-02 22:31:30",1707,1389,82684,-36.722552,-71.90439,7,34,24.34,14.2,,1.2
"2025-09-02 22:31:31",1708,1390,82672,0,,7.35,35.2,24.35,14.2,,1.2
"2025-09-02 22:31:32",1710,1392,82661,0,,8,31.3,24.39,14.2,,1.2
"2025-09-02 22:31:33",1711,1393,82650,-36.722383,-71.90425,7.05,36.8,24.39,14.2,,1.2
"2025-09-02 22:31:34",1713,1395,82633,0,,7.45,44.7,24.42,14.2,,1.2
"2025-09-02 22:31:35",1714,1396,82616,0,,7.65,32.1,24.47,14.15,,1.2
"2025-09-02 22:31:36",1716,1398,82600,-36.722225,-71.904098,7.2,33.7,24.47,14.15,,1.3
"2025-09-02 22:31:38",1719,1401,82573,0,,7.45,34.9,24.49,14.1,,1.3
"2025-09-02 22:31:39",1720,1402,82560,-36.722072,-71.903943,6.6,38.1,24.47,14.1,36.25,1.3
"2025-09-02 22:31:40",1721,1403,82549,0,,8.05,42.2,24.42,14.1,,1.3
"2025-09-02 22:31:41",1723,1405,82538,0,,7.7,33.5,24.43,14.05,,1.3
"2025-09-02 22:31:42",1724,1406,82528,-36.721912,-71.903787,6.75,42.3,24.45,14.05,,1.3
"2025-09-02 22:31:43",1725,1407,82513,0,,7.8,40.7,24.4,14.1,,1.4
"2025-09-02 22:31:44",1727,1409,82499,0,,7.35,33.5,24.39,14.05,,1.4
"2025-09-02 22:31:45",1728,1410,82486,-36.721752,-71.90363,7,38.3,24.39,14.05,,1.4
"2025-09-02 22:31:46",1729,1411,82478,0,,7.9,39.9,24.38,14.05,,1.4
"2025-09-02 22:31:47",1730,1412,82470,0,,7.4,29.3,24.34,14.05,,1.3
"2025-09-02 22:31:48",1731,1413,82462,-36.721585,-71.903487,7,40.8,24.31,14.05,,1.2
"2025-09-02 22:31:49",1732,1414,82452,0,,7.95,41.1,24.32,14.05,,1.2
"2025-09-02 22:31:50",1733,1415,82443,0,,7.3,35,24.35,14.1,,1.1
"2025-09-02 22:31:51",1734,1416,82434,-36.721427,-71.903332,6.65,39.9,24.31,14.1,,1.1
"2025-09-02 22:31:53",1738,1420,82396,0,,7.55,32.9,24.32,14.05,,1.3
"2025-09-02 22:31:54",1740,1422,82378,-36.721268,-71.903182,7.1,43.7,24.28,14.05,,1.3
"2025-09-02 22:31:55",1741,1423,82366,0,,8.4,41.6,24.26,14.05,,1.3
"2025-09-02 22:31:56",1742,1424,82355,0,,7.25,34,24.27,14.05,,1.3
"2025-09-02 22:31:57",1743,1425,82344,-36.721112,-71.903017,7.25,45.1,24.25,14.05,,1.3
"2025-09-02 22:31:58",1744,1426,82334,0,,8.2,39.4,24.23,14.05,,1.3
"2025-09-02 22:31:59",1745,1427,82324,0,,7.15,33.5,24.23,14.1,,1.3
"2025-09-02 22:32:00",1746,1428,82314,-36.72095,-71.902855,7.8,44.1,24.21,14.05,,1.3
"2025-09-02 22:32:01",1748,1430,82302,0,,9.05,46.7,24.19,14.05,,1.3
"2025-09-02 22:32:02",1749,1431,82291,0,,6.7,32.7,24.19,14.05,,1.3
"2025-09-02 22:32:03",1750,1432,82280,-36.720788,-71.902685,7.7,40.7,24.19,14.05,,1.3
"2025-09-02 22:32:04",1752,1434,82266,0,,8.6,37.6,24.15,14.05,,1.4
"2025-09-02 22:32:05",1753,1435,82253,0,,6.9,34.6,24.16,14.05,,1.3
"2025-09-02 22:32:06",1754,1436,82240,-36.72062,-71.902518,7.75,43.4,24.17,14.05,35.75,1.2
"2025-09-02 22:32:07",1756,1438,82227,0,,8.55,38.9,24.12,14.05,,1.2
"2025-09-02 22:32:08",1757,1439,82214,0,,7.1,36.2,24.11,14.05,,1.2
"2025-09-02 22:32:09",1758,1440,82202,-36.720457,-71.902355,7.5,44.6,24.1,14.05,,1.3
"2025-09-02 22:32:10",1760,1442,82191,0,,8.05,41.9,24.08,14.05,,1.3
"2025-09-02 22:32:11",1761,1443,82180,0,,6.8,36.5,24.08,14.05,,1.3
"2025-09-02 22:32:12",1762,1444,82170,-36.7203,-71.902192,7.7,42.6,24.06,14.05,,1.3
"2025-09-02 22:32:13",1763,1445,82157,0,,8.75,39.6,24.06,14.05,,1.3
"2025-09-02 22:32:14",1765,1447,82143,0,,7.4,40.8,24.05,14.05,,1.3
"2025-09-02 22:32:15",1766,1448,82130,-36.720138,-71.902013,7.85,46.5,24.01,14.05,,1.3
"2025-09-02 22:32:16",1767,1449,82118,0,,8.4,40.9,23.99,14.05,,1.3
"2025-09-02 22:32:17",1768,1450,82107,0,,7,39.3,23.98,14.05,,1.3
"2025-09-02 22:32:18",1770,1452,82096,-36.719982,-71.901842,8.15,45,23.94,14.05,,1.3
"2025-09-02 22:32:20",1772,1454,82072,0,,7,43.2,23.91,14.05,,1.3
"2025-09-02 22:32:21",1774,1456,82060,-36.719827,-71.901672,7.95,44.8,23.9,14.05,,1.3
"2025-09-02 22:32:22",1775,1457,82046,0,,7.85,34.6,23.9,14.05,,1.3
"2025-09-02 22:32:23",1776,1458,82032,0,,6.95,39.8,23.89,14.05,,1.3
"2025-09-02 22:32:24",1778,1460,82018,-36.719667,-71.901512,8.45,41.6,23.86,14.05,,1.3
"2025-09-02 22:32:25",1779,1461,82006,0,,8.25,36,23.86,14.05,,1.3
"2025-09-02 22:32:26",1780,1462,81995,0,,7.05,44,23.83,14.05,,1.3
"2025-09-02 22:32:27",1782,1464,81984,-36.719502,-71.90134,8,41.1,23.8,14.05,,1.3
"2025-09-02 22:32:28",1783,1465,81970,0,,8.65,39.6,23.8,14.05,,1.3
"2025-09-02 22:32:29",1784,1466,81957,0,,7.45,42.8,23.81,14.05,,1.3
"2025-09-02 22:32:30",1786,1468,81944,-36.719332,-71.901163,7.95,43.7,23.8,14.05,,1.4
"2025-09-02 22:32:31",1787,1469,81932,0,,8.4,33,23.8,14,,1.3
"2025-09-02 22:32:32",1788,1470,81921,0,,7.55,40.1,23.8,14,,1.3
"2025-09-02 22:32:33",1790,1472,81910,-36.719155,-71.900997,7.95,45.7,23.82,14,35.5,1.3
"2025-09-02 22:32:34",1790,1472,81901,0,,8.6,38.2,23.8,14,,1.3
"2025-09-02 22:32:35",1791,1473,81893,0,,7.7,37.6,23.77,14,,1.2
"2025-09-02 22:32:36",1792,1474,81886,-36.718983,-71.900823,8.4,46.3,23.79,14,,1.2
"2025-09-02 22:32:38",1795,1477,81859,0,,7.4,37.6,23.79,14,,1.2
"2025-09-02 22:32:39",1796,1478,81846,-36.718813,-71.900655,8.85,43.7,23.8,13.95,,1.2
"2025-09-02 22:32:40",1798,1480,81833,0,,7.95,41.5,23.81,13.95,,1.2
"2025-09-02 22:32:41",1799,1481,81821,0,,7.1,41.8,23.8,13.95,,1.2
"2025-09-02 22:32:42",1800,1482,81810,-36.718653,-71.900487,8.75,39.3,23.79,13.95,,1.2
"2025-09-02 22:32:43",1801,1483,81798,0,,8.45,36.9,23.8,13.95,,1.2
"2025-09-02 22:32:44",1803,1485,81786,0,,7.35,44.6,23.79,13.95,,1.2
"2025-09-02 22:32:45",1804,1486,81774,-36.718487,-71.900315,8.8,38.8,23.77,13.95,,1.2
"2025-09-02 22:32:46",1805,1487,81763,0,,8.7,33.3,23.78,13.95,,1.2
"2025-09-02 22:32:47",1806,1488,81752,0,,7.7,47,23.77,13.95,,1.2
"2025-09-02 22:32:48",1807,1489,81742,-36.718315,-71.900143,8.5,38.1,23.74,13.9,,1.3
"2025-09-02 22:32:49",1809,1491,81730,0,,8.5,35.3,23.75,13.95,,1.3
"2025-09-02 22:32:50",1810,1492,81718,0,,,,23.75,13.95,,1.3
"2025-09-02 22:32:51",1811,1493,81706,-36.718145,-71.899972,8.7,43.1,23.72,13.95,,1.2
"2025-09-02 22:32:53",1814,1496,81677,0,,7.05,43.5,23.73,13.95,,1.3
"2025-09-02 22:32:54",1816,1498,81664,-36.71799,-71.899798,7.85,39.3,23.71,13.95,,1.3
"2025-09-02 22:32:55",1817,1499,81651,0,,7.8,35.5,23.69,14,,1.3
"2025-09-02 22:32:56",1819,1501,81637,0,,7.4,42.9,23.72,14,,1.3
"2025-09-02 22:32:57",1820,1502,81624,-36.71783,-71.899633,8.2,43.6,23.66,14,,1.3
"2025-09-02 22:32:58",1821,1503,81612,0,,8,37.4,23.64,13.95,,1.3
"2025-09-02 22:32:59",1822,1504,81602,0,,7.35,44.4,23.63,13.95,,1.3
"2025-09-02 22:33:00",1824,1506,81592,-36.717673,-71.899467,7.9,43,23.6,13.95,35,1.3
"2025-09-02 22:33:01",1824,1506,81584,0,,8.55,37.8,23.56,13.95,,1.3
"2025-09-02 22:33:02",1825,1507,81577,0,,7.8,45.7,23.54,13.95,,1.3
"2025-09-02 22:33:03",1826,1508,81570,-36.717508,-71.89929,8.45,43.6,23.56,14,,1.2
"2025-09-02 22:33:05",1829,1511,81543,0,,8.15,44.3,23.54,14,,1.2
"2025-09-02 22:33:06",1830,1512,81530,-36.717347,-71.899115,8.05,35.4,23.56,14,,1.2
"2025-09-02 22:33:08",1833,1515,81507,0,,8.45,45.5,23.51,13.95,,1.2
"2025-09-02 22:33:09",1834,1516,81496,-36.717197,-71.898953,7.4,38.6,23.51,13.95,,1.1
"2025-09-02 22:33:11",1836,1518,81473,0,,8.6,40.4,23.49,14,,1.1
"2025-09-02 22:33:12",1837,1519,81462,-36.717043,-71.898782,7.6,38.1,23.49,14,,1.2
"2025-09-02 22:33:14",1841,1523,81432,0,,7.95,38.8,23.48,14.05,,1.3
"2025-09-02 22:33:15",1842,1524,81418,-36.716883,-71.898613,7.55,36.1,23.46,14.05,,1.4
"2025-09-02 22:33:17",1843,1525,81407,0,,7.8,40,23.46,14.05,,1.2
"2025-09-02 22:33:18",1844,1526,81402,-36.716727,-71.898448,6.85,34.1,23.43,14.05,,1.2
"2025-09-02 22:33:20",1846,1528,81377,0,,7.9,38.7,23.45,14,,1.2
"2025-09-02 22:33:21",1848,1530,81366,-36.716568,-71.89829,6.75,44.6,23.42,14.05,,1.2
"2025-09-02 22:33:23",1851,1533,81337,0,,7.65,34.7,23.46,14.05,,1.2
"2025-09-02 22:33:24",1852,1534,81324,-36.716417,-71.898122,7.15,43.4,23.45,14.05,,1.2
"2025-09-02 22:33:26",1855,1537,81299,0,,7.35,38.2,23.45,14.1,,1.2
"2025-09-02 22:33:27",1856,1538,81288,-36.716273,-71.897953,6.55,46.6,23.45,14.1,35.25,1.2
"2025-09-02 22:33:28",1858,1540,81274,0,,7.1,39.1,23.43,14.15,,1.2
"2025-09-02 22:33:29",1859,1541,81260,0,,7.1,34.3,23.42,14.15,,1.3
"2025-09-02 22:33:30",1861,1543,81246,-36.716127,-71.8978,7,45.4,23.44,14.2,,1.4
"2025-09-02 22:33:31",1862,1544,81234,0,,7.65,46.8,23.39,14.2,,1.4
"2025-09-02 22:33:32",1863,1545,81223,0,,7.25,35.1,23.35,14.2,,1.4
"2025-09-02 22:33:33",1864,1546,81212,-36.715978,-71.89763,7,49.8,23.34,14.2,,1.4
"2025-09-02 22:33:34",1865,1547,81204,0,,,,23.34,14.2,,1.3
"2025-09-02 22:33:35",1866,1548,81197,0,,,,23.32,14.2,,1.3
"2025-09-02 22:33:36",1867,1549,81190,0,,,,23.31,14.2,,1.2
"2025-09-02 22:33:37",1868,1550,81180,0,,7.65,47,23.35,14.15,,1.2
"2025-09-02 22:33:38",1869,1551,81171,0,,6.2,37.9,23.34,14.1,,1.2
"2025-09-02 22:33:39",1870,1552,81162,-36.71569,-71.897315,7.15,44.2,23.33,14.05,,1.1
"2025-09-02 22:33:40",1871,1553,81147,0,,7.8,39,23.38,14,,1.2
"2025-09-02 22:33:41",1873,1555,81132,0,,6.55,40,23.38,13.95,,1.2
"2025-09-02 22:33:42",1874,1556,81118,-36.715542,-71.897157,7.1,47.8,23.37,13.9,,1.2
"2025-09-02 22:33:43",1876,1558,81104,0,,7.35,46.9,23.43,13.9,,1.2
"2025-09-02 22:33:44",1877,1559,81091,0,,6.2,39.3,23.42,13.9,,1.2
"2025-09-02 22:33:45",1879,1561,81078,-36.715407,-71.897,7.5,46.1,23.42,13.85,,1.2
"2025-09-02 22:33:46",1880,1562,81066,0,,7.65,41.2,23.45,13.85,,1.2
"2025-09-02 22:33:47",1881,1563,81055,0,,6.25,44.5,23.43,13.8,,1.3
"2025-09-02 22:33:48",1882,1564,81044,-36.715268,-71.896835,7.45,49.6,23.44,13.8,,1.3
"2025-09-02 22:33:49",1884,1566,81033,0,,7.45,49.6,23.46,13.8,,1.3
"2025-09-02 22:33:50",1885,1567,81021,0,,6.1,42.5,23.45,13.8,,1.3
"2025-09-02 22:33:51",1886,1568,81010,-36.71513,-71.896683,7.1,45.9,23.42,13.75,,1.3
"2025-09-02 22:33:53",1888,1570,80988,0,,6.7,43.1,23.42,13.7,,1.3
"2025-09-02 22:33:54",1890,1572,80978,-36.714982,-71.896523,7.7,52.3,23.43,13.7,35.25,1.3
"2025-09-02 22:33:55",1891,1573,80963,0,,7.3,40.9,23.45,13.75,,1.3
"2025-09-02 22:33:56",1893,1575,80948,0,,6.2,40.7,23.41,13.75,,1.3
"2025-09-02 22:33:57",1894,1576,80934,-36.714843,-71.896355,7.6,52.1,23.41,13.7,,1.3
"2025-09-02 22:33:58",1895,1577,80923,0,,6.85,47.6,23.43,13.7,,1.3
"2025-09-02 22:33:59",1896,1578,80913,0,,6.2,40.5,23.38,13.7,,1.3
"2025-09-02 22:34:00",1898,1580,80904,-36.714708,-71.89619,7.6,47.1,23.41,13.7,,1.3
"2025-09-02 22:34:01",1899,1581,80888,0,,7.3,38.3,23.41,13.7,,1.3
"2025-09-02 22:34:02",1901,1583,80872,0,,6.25,45.4,23.38,13.7,,1.3
"2025-09-02 22:34:03",1903,1585,80856,-36.714567,-71.89603,7.65,49.4,23.38,13.7,,1.4
"2025-09-02 22:34:04",1904,1586,80844,0,,7.3,37.2,23.33,13.7,,1.4
"2025-09-02 22:34:05",1905,1587,80833,0,,5.95,46.4,23.31,13.7,,1.4
"2025-09-02 22:34:06",1906,1588,80822,-36.71443,-71.895872,7.45,45,23.25,13.7,,1.4
"2025-09-02 22:34:09",1910,1592,80786,-36.714298,-71.895698,7.7,47.3,23.16,13.7,,1.3
"2025-09-02 22:34:10",1912,1594,80772,0,,8.55,41.6,23.13,13.75,,1.3
"2025-09-02 22:34:11",1913,1595,80758,0,,6.75,50.3,23.1,13.8,,1.4
"2025-09-02 22:34:12",1915,1597,80744,-36.714155,-71.895515,7.95,46.3,23.05,13.8,,1.4
"2025-09-02 22:34:13",1916,1598,80731,0,,7.05,41.6,23.04,13.8,,1.4
"2025-09-02 22:34:14",1917,1599,80719,0,,6.9,54.7,23.02,13.8,,1.4
"2025-09-02 22:34:15",1919,1601,80708,-36.714025,-71.895342,7.55,44.6,22.99,13.85,,1.3
"2025-09-02 22:34:16",1920,1602,80695,0,,7.3,42.5,22.99,13.85,,1.3
"2025-09-02 22:34:17",1921,1603,80681,0,,6.55,48.1,22.97,13.85,,1.4
"2025-09-02 22:34:18",1923,1605,80668,-36.713897,-71.895172,7.8,50.9,22.91,13.8,,1.4
"2025-09-02 22:34:19",1924,1606,80658,0,,7.3,44,22.92,13.8,,1.4
"2025-09-02 22:34:20",1925,1607,80648,0,,6.4,51.4,22.89,13.8,,1.3
"2025-09-02 22:34:21",1926,1608,80638,-36.713772,-71.895,7.3,47.5,22.88,13.75,35,1.3
"2025-09-02 22:34:22",1927,1609,80627,0,,6.8,46.4,22.87,13.75,,1.3
"2025-09-02 22:34:23",1928,1610,80617,0,,6.6,51.4,22.82,13.75,,1.3
"2025-09-02 22:34:24",1929,1611,80608,-36.713648,-71.89483,7.25,47.5,22.8,13.8,,1.2
"2025-09-02 22:34:25",1931,1613,80597,0,,6.9,42.9,22.77,13.8,,1.2
"2025-09-02 22:34:26",1932,1614,80586,0,,7.1,51,22.76,13.8,,1.2
"2025-09-02 22:34:27",1933,1615,80576,-36.713517,-71.894657,7.7,47.4,22.77,13.8,,1.2
"2025-09-02 22:34:29",1934,1616,80564,0,,6.8,47.3,22.75,13.8,,1.2
"2025-09-02 22:34:30",1935,1617,80555,0,,6.8,51.2,22.74,13.8,,1.1
"2025-09-02 22:34:31",1936,1618,80546,-36.713387,-71.894483,7.6,44,22.76,13.85,,1.1
"2025-09-02 22:34:31",1938,1620,80533,0,,7.5,42.3,22.75,13.85,,1.1
"2025-09-02 22:34:32",1939,1621,80517,0,,7.5,51.5,22.76,13.85,,1.2
"2025-09-02 22:34:33",1941,1623,80502,-36.713248,-71.894303,7.5,48.8,22.79,13.85,,1.2
"2025-09-02 22:34:34",1942,1624,80489,0,,6.25,46.3,22.75,13.8,,1.2
"2025-09-02 22:34:35",1944,1626,80475,0,,7.35,48.7,22.75,13.85,,1.3
"2025-09-02 22:34:36",1945,1627,80462,-36.713115,-71.894132,7.75,44.1,22.76,13.85,,1.3
"2025-09-02 22:34:37",1946,1628,80454,0,,6.85,46.6,22.74,13.85,,1.3
"2025-09-02 22:34:38",1947,1629,80447,0,,7.6,50.6,22.7,13.85,,1.3
"2025-09-02 22:34:39",1948,1630,80440,-36.712982,-71.893955,7.6,45.9,22.69,13.85,,1.2
"2025-09-02 22:34:40",1949,1631,80427,0,,6.65,45.6,22.71,13.85,,1.2
"2025-09-02 22:34:41",1950,1632,80414,0,,7.2,47.9,22.68,13.85,,1.3
"2025-09-02 22:34:42",1952,1634,80402,-36.712847,-71.893787,7.35,42.5,22.67,13.85,,1.3
"2025-09-02 22:34:43",1953,1635,80394,0,,6.6,40.4,22.67,13.85,,1.3
"2025-09-02 22:34:44",1954,1636,80386,0,,7.1,46.7,22.69,13.85,,1.2
"2025-09-02 22:34:45",1954,1636,80378,-36.712708,-71.89363,7.3,47.2,22.68,13.85,,1.2
"2025-09-02 22:34:46",1956,1638,80365,0,,5.95,45.9,22.62,13.8,,1.1
"2025-09-02 22:34:47",1957,1639,80352,0,,7.65,48,22.6,13.8,,1.1
"2025-09-02 22:34:48",1959,1641,80340,-36.712583,-71.893465,6.65,45,22.58,13.85,34.5,1.1
"2025-09-02 22:34:49",1960,1642,80330,0,,5.55,45.8,22.53,13.85,,1.1
"2025-09-02 22:34:50",1960,1642,80321,0,,7.65,48.3,22.5,13.9,,1.1
"2025-09-02 22:34:51",1962,1644,80312,-36.712463,-71.893307,6.95,48.3,22.49,13.9,,1.1
"2025-09-02 22:34:53",1964,1646,80285,0,,7.05,47.9,22.43,13.95,,1.2
"2025-09-02 22:34:54",1966,1648,80272,-36.712342,-71.89315,7,51.6,22.46,13.95,,1.2
"2025-09-02 22:34:55",1967,1649,80265,0,,6.15,39.7,22.46,13.95,,1.2
"2025-09-02 22:34:56",1967,1649,80259,0,,6.6,48.1,22.44,13.95,,1.1
"2025-09-02 22:34:57",1968,1650,80254,-36.712218,-71.892998,6.4,54.1,22.45,14,,1.1
"2025-09-02 22:34:58",1969,1651,80246,0,,6.5,41.9,22.45,13.95,,1.1
"2025-09-02 22:34:59",1969,1651,80239,0,,7.2,47.2,22.42,13.95,,1
"2025-09-02 22:35:00",1970,1652,80232,-36.712098,-71.892833,6.2,51.8,22.39,13.95,,1
"2025-09-02 22:35:01",1971,1653,80226,0,,6.3,44.2,22.38,14,,0.9
"2025-09-02 22:35:02",1971,1653,80221,0,,6.95,49,22.36,14,,0.9
"2025-09-02 22:35:03",1972,1654,80216,-36.711983,-71.892677,5.5,48.7,22.33,14,,0.9
"2025-09-02 22:35:04",1973,1655,80204,0,,5.6,41.1,22.3,14,,0.9
"2025-09-02 22:35:05",1974,1656,80193,0,,7.05,54.4,22.32,14.05,,0.8
"2025-09-02 22:35:06",1976,1658,80182,-36.711867,-71.892522,6.05,46.2,22.33,14.05,,0.8
"2025-09-02 22:35:08",1978,1660,80163,0,,6.65,55.1,22.31,14.05,,0.9
"2025-09-02 22:35:09",1979,1661,80154,-36.711742,-71.892365,5.75,48.7,22.31,14.05,,0.9
"2025-09-02 22:35:10",1980,1662,80143,0,,6.95,48.9,22.29,14.05,,0.9
"2025-09-02 22:35:11",1981,1663,80133,0,,6.6,56.2,22.26,14.05,,1
"2025-09-02 22:35:12",1982,1664,80124,-36.711632,-71.892195,5.85,44.6,22.27,14.05,,1
"2025-09-02 22:35:13",1983,1665,80117,0,,6.75,44.4,22.27,14.05,,1
"2025-09-02 22:35:14",1983,1665,80110,0,,6.2,57,22.23,14.05,,1
"2025-09-02 22:35:15",1984,1666,80104,-36.711523,-71.892035,6.15,44.2,22.23,14.1,34.25,1
"2025-09-02 22:35:16",1985,1667,80097,0,,7.2,47.1,22.24,14.1,,1
"2025-09-02 22:35:17",1986,1668,80090,0,,6.25,51.6,22.24,14.1,,1
"2025-09-02 22:35:18",1986,1668,80084,-36.711398,-71.891875,6.55,40.4,22.24,14.1,,0.9
"2025-09-02 22:35:19",1987,1669,80073,0,,7.75,49,22.27,14.15,,0.9
"2025-09-02 22:35:20",1989,1671,80062,0,,6.15,52.9,22.31,14.15,,0.9
"2025-09-02 22:35:21",1990,1672,80052,-36.71127,-71.891705,6.85,42.5,22.29,14.1,,0.9
"2025-09-02 22:35:22",1991,1673,80040,0,,7.85,47,22.29,14.1,,1
"2025-09-02 22:35:23",1992,1674,80028,0,,6.2,48.7,22.32,14.05,,1
"2025-09-02 22:35:24",1994,1676,80016,-36.711137,-71.891538,6.9,39.8,22.27,14.05,,1
"2025-09-02 22:35:25",1994,1676,80011,0,,7.5,47.4,22.25,14.05,,0.9
"2025-09-02 22:35:26",1995,1677,80006,0,,6.15,52.5,22.25,14.05,,0.9
"2025-09-02 22:35:27",1995,1677,80002,-36.711013,-71.891365,7.45,44.3,22.24,14.05,,0.9
"2025-09-02 22:35:28",1996,1678,79997,0,,7.9,52.3,22.18,14,,0.9
"2025-09-02 22:35:29",1996,1678,79992,0,,6.05,48.1,22.16,14,,0.9
"2025-09-02 22:35:30",1997,1679,79988,-36.710892,-71.891188,7.55,46.1,22.16,14.05,,0.9
"2025-09-02 22:35:31",1997,1679,79982,0,,7.05,52.7,22.16,14.05,,0.8
"2025-09-02 22:35:32",1998,1680,79977,0,,6.3,44.9,22.14,14.05,,0.8
"2025-09-02 22:35:33",1998,1680,79972,-36.710767,-71.891013,7.5,50.2,22.14,14.1,,0.8
"2025-09-02 22:35:35",2002,1684,79943,0,,6.9,44.8,22.16,14.1,,0.8
"2025-09-02 22:35:36",2003,1685,79930,-36.710642,-71.89083,7.6,52,22.1,14.15,,0.8
"2025-09-02 22:35:38",2005,1687,79914,0,,6.7,43.4,22.12,14.15,,0.8
"2025-09-02 22:35:39",2006,1688,79906,-36.710527,-71.890657,6.8,56.7,22.09,14.15,,0.8
"2025-09-02 22:35:41",2008,1690,79884,0,,7.55,46.6,22.08,14.15,,0.9
"2025-09-02 22:35:42",2009,1691,79874,-36.710418,-71.89048,6.85,54.8,22.05,14.15,34,1
"2025-09-02 22:35:44",2011,1693,79856,0,,7,45.3,22.08,14.15,,1.1
"2025-09-02 22:35:45",2012,1694,79848,-36.710308,-71.890302,6.6,59.5,22.02,14.15,,1.1
"2025-09-02 22:35:47",2014,1696,79825,0,,7.2,43.9,21.96,14.15,,1.1
"2025-09-02 22:35:48",2016,1698,79814,-36.7102,-71.890125,6.6,57.3,21.93,14.15,,1
"2025-09-02 22:35:50",2018,1700,79795,0,,7.25,42.7,21.89,14.15,,1
"2025-09-02 22:35:51",2019,1701,79786,-36.710085,-71.889952,6.75,55.8,21.93,14.15,,1.1
"2025-09-02 22:35:53",2021,1703,79767,0,,7.35,50.6,21.93,14.15,,1.1
"2025-09-02 22:35:54",2022,1704,79758,-36.709978,-71.88976,6.75,56,21.9,14.15,,1.1
"2025-09-02 22:35:55",2023,1705,79747,0,,5.6,55.3,21.88,14.15,,1.1
"2025-09-02 22:35:56",2024,1706,79736,0,,7.4,49.4,21.85,14.15,,1.1
"2025-09-02 22:35:57",2025,1707,79726,-36.709873,-71.889585,6.75,56.6,21.83,14.15,,1.1
"2025-09-02 22:35:58",2026,1708,79715,0,,6.05,52.4,21.82,14.15,,1.1
"2025-09-02 22:35:59",2027,1709,79705,0,,6.85,53.6,21.82,14.15,,1.1
"2025-09-02 22:36:00",2028,1710,79696,-36.70977,-71.889407,6.85,61.6,21.85,14.15,,1.1
"2025-09-02 22:36:01",2029,1711,79686,0,,5.35,53.1,21.88,14.1,,1.1
"2025-09-02 22:36:02",2030,1712,79677,0,,7.05,50.9,21.89,14.05,,1.1
"2025-09-02 22:36:03",2032,1714,79668,-36.70967,-71.889233,6.3,60.9,21.87,14,,1.1
"2025-09-02 22:36:04",2033,1715,79657,0,,6.15,54.4,21.86,14,,1.1
"2025-09-02 22:36:05",2034,1716,79647,0,,7.15,53.5,21.84,13.95,,1.1
"2025-09-02 22:36:06",2035,1717,79638,-36.709567,-71.889048,6.7,59.5,21.83,13.9,,1.1
"2025-09-02 22:36:07",2036,1718,79626,0,,6.05,52.8,21.82,13.9,,1.1
"2025-09-02 22:36:08",2037,1719,79614,0,,6.8,52.4,21.8,13.85,,1.1
"2025-09-02 22:36:09",2039,1721,79602,-36.709468,-71.888873,6.25,63,21.8,13.85,34,1.1
"2025-09-02 22:36:10",2040,1722,79592,0,,6.45,50.5,21.79,13.85,,1.1
"2025-09-02 22:36:11",2041,1723,79583,0,,7.25,53.6,21.77,13.85,,1.1
"2025-09-02 22:36:12",2042,1724,79574,-36.709363,-71.888697,5.95,58.8,21.79,13.85,,1.1
"2025-09-02 22:36:13",2043,1725,79563,0,,6.5,45.8,21.77,13.85,,1.1
"2025-09-02 22:36:14",2044,1726,79552,0,,6.5,45.8,21.77,13.85,,1.1
"2025-09-02 22:36:15",2045,1727,79542,-36.709257,-71.888525,5.7,57.3,21.77,13.8,,1.1
"2025-09-02 22:36:16",2046,1728,79531,0,,6.55,48.9,21.76,13.8,,1.1
"2025-09-02 22:36:17",2048,1730,79520,0,,7.15,57.9,21.75,13.75,,1.2
"2025-09-02 22:36:18",2049,1731,79510,-36.709153,-71.888352,5.75,51.8,21.77,13.75,,1.2
"2025-09-02 22:36:19",2050,1732,79498,0,,6.45,45.3,21.76,13.75,,1.2
"2025-09-02 22:36:20",2051,1733,79487,0,,6.4,58.4,21.75,13.7,,1.2
"2025-09-02 22:36:21",2052,1734,79476,-36.70905,-71.88819,5.6,54.1,21.75,13.7,,1.1
"2025-09-02 22:36:23",2054,1736,79458,0,,6.75,55,21.73,13.7,,1.1
"2025-09-02 22:36:24",2055,1737,79450,-36.708945,-71.888028,5.2,51,21.73,13.65,,1.1
"2025-09-02 22:36:25",2057,1739,79439,0,,6.25,49.5,21.72,13.65,,1.1
"2025-09-02 22:36:26",2058,1740,79428,0,,6.65,55.1,21.71,13.65,,1.1
"2025-09-02 22:36:27",2059,1741,79418,-36.70884,-71.887868,5.25,45.4,21.72,13.6,,1.1
"2025-09-02 22:36:28",2060,1742,79408,0,,6.6,43.6,21.72,13.6,,1.1
"2025-09-02 22:36:29",2061,1743,79398,0,,6.45,59.7,21.72,13.6,,1.1
"2025-09-02 22:36:30",2062,1744,79388,-36.708733,-71.88771,5.85,47.1,21.74,13.6,,1.1
"2025-09-02 22:36:31",2063,1745,79378,0,,7,45,21.72,13.55,,1.1
"2025-09-02 22:36:32",2064,1746,79369,0,,5.95,56.9,21.71,13.55,,1.1
"2025-09-02 22:36:33",2065,1747,79360,-36.708622,-71.887552,5.85,44.5,21.69,13.55,,1.1
"2025-09-02 22:36:34",2066,1748,79348,0,,6.5,45.4,21.68,13.55,,1.1
"2025-09-02 22:36:35",2068,1750,79337,0,,5.7,59.2,21.67,13.55,,1.1
"2025-09-02 22:36:36",2069,1751,79326,-36.708517,-71.887395,6.25,46.1,21.65,13.55,33.5,1.1
"2025-09-02 22:36:38",2071,1753,79306,0,,5.55,55.4,21.64,13.55,,1.1
"2025-09-02 22:36:39",2072,1754,79296,-36.708408,-71.887232,6.55,40.6,21.62,13.55,,1.1
"2025-09-02 22:36:40",2073,1755,79284,0,,7.6,43.4,21.64,13.55,,1.1
"2025-09-02 22:36:41",2075,1757,79273,0,,5.4,55.3,21.64,13.55,,1.1
"2025-09-02 22:36:42",2076,1758,79262,-36.708292,-71.887072,6.15,46.9,21.62,13.55,,1.1
"2025-09-02 22:36:43",2077,1759,79253,0,,7.05,49.8,21.59,13.5,,1.1
"2025-09-02 22:36:44",2078,1760,79245,0,,6.1,49.6,21.59,13.5,,1.1
"2025-09-02 22:36:45",2079,1761,79238,-36.708177,-71.886907,6.25,42.9,21.57,13.5,,1.1
"2025-09-02 22:36:46",2080,1762,79228,0,,6.8,50.8,21.55,13.5,,1.1
"2025-09-02 22:36:47",2081,1763,79218,0,,5.75,53.6,21.55,13.55,,1.1
"2025-09-02 22:36:48",2082,1764,79208,-36.70807,-71.886748,6.45,41.7,21.54,13.55,,1.1
"2025-09-02 22:36:49",2083,1765,79197,0,,7.1,51.1,21.52,13.5,,1.1
"2025-09-02 22:36:50",2084,1766,79186,0,,5.4,50.5,21.52,13.55,,1.1
"2025-09-02 22:36:51",2085,1767,79176,-36.707958,-71.88659,6.5,43.2,21.51,13.55,,1.1
"2025-09-02 22:36:53",2087,1769,79158,0,,5.35,49.8,21.5,13.55,,1
"2025-09-02 22:36:54",2088,1770,79150,-36.707852,-71.886433,6.65,46.5,21.47,13.55,,1
"2025-09-02 22:36:55",2089,1771,79138,0,,7.15,53.9,21.46,13.5,,1
"2025-09-02 22:36:56",2091,1773,79127,0,,5.4,45.9,21.46,13.55,,1.1
"2025-09-02 22:36:57",2092,1774,79116,-36.70774,-71.886268,6.8,46.3,21.45,13.55,,1.1
"2025-09-02 22:36:58",2093,1775,79105,0,,6.55,53.5,21.44,13.55,,1.1
"2025-09-02 22:36:59",2094,1776,79094,0,,5.15,41.5,21.45,13.55,,1.1
"2025-09-02 22:37:00",2095,1777,79084,-36.707632,-71.886115,6.35,46.3,21.43,13.55,,1.1
"2025-09-02 22:37:02",2098,1780,79062,0,,6.1,44.7,21.43,13.6,,1.1
"2025-09-02 22:37:03",2099,1781,79052,-36.707525,-71.88595,6.8,47.1,21.41,13.6,33.5,1.1
"2025-09-02 22:37:04",2100,1782,79042,0,,6.05,53.2,21.41,13.6,,1.1
"2025-09-02 22:37:05",2101,1783,79033,0,,5.8,39.7,21.4,13.6,,1.1
"2025-09-02 22:37:06",2102,1784,79024,-36.70741,-71.885798,6.8,46.2,21.4,13.6,,1.1
"2025-09-02 22:37:07",2103,1785,79013,0,,6.45,65,21.41,13.5,,1.1
"2025-09-02 22:37:08",2104,1786,79003,0,,5.55,39.3,21.41,13.5,,1.1
"2025-09-02 22:37:09",2105,1787,78994,-36.707305,-71.885645,5.9,44.9,21.4,13.45,,1.1
"2025-09-02 22:37:10",2106,1788,78984,0,,6.55,51.4,21.37,13.45,,1.1
"2025-09-02 22:37:11",2107,1789,78975,0,,5.75,36.4,21.36,13.4,,1.1
"2025-09-02 22:37:12",2108,1790,78966,-36.707185,-71.885505,6.15,42.6,21.34,13.35,,1.1
"2025-09-02 22:37:13",2109,1791,78955,0,,5.6,53.8,21.31,13.35,,1.1
"2025-09-02 22:37:14",2111,1793,78945,0,,5.4,37.4,21.31,13.35,,1.1
"2025-09-02 22:37:15",2112,1794,78936,-36.707073,-71.885375,5.95,37.5,21.35,13.35,,1.1
"2025-09-02 22:37:16",2113,1795,78927,0,,5.75,52.3,21.34,13.35,,1.1
"2025-09-02 22:37:17",2114,1796,78918,0,,5.75,40.3,21.36,13.3,,1
"2025-09-02 22:37:18",2115,1797,78910,-36.706958,-71.885242,6.4,36.4,21.32,13.3,,1
"2025-09-02 22:37:19",2115,1797,78902,0,,6.1,47.2,21.3,13.3,,1
"2025-09-02 22:37:20",2116,1798,78895,0,,6.05,45,21.31,13.3,,1
"2025-09-02 22:37:21",2117,1799,78888,-36.706838,-71.885103,6.25,36.7,21.29,13.25,,1
"2025-09-02 22:37:23",2119,1801,78873,0,,5.6,43.9,21.27,13.2,,0.9
"2025-09-02 22:37:24",2119,1801,78866,-36.706722,-71.884972,6.65,39.7,21.24,13.2,,0.9
"2025-09-02 22:37:25",2120,1802,78857,0,,6.15,47.3,21.25,13.2,,0.9
"2025-09-02 22:37:26",2121,1803,78848,0,,5.25,39.3,21.25,13.2,,0.9
"2025-09-02 22:37:27",2122,1804,78840,-36.706607,-71.884835,6.35,45.5,21.23,13.2,,0.9
"2025-09-02 22:37:28",2123,1805,78830,0,,5.45,47.2,21.23,13.15,,0.9
"2025-09-02 22:37:29",2124,1806,78820,0,,5.85,35.3,21.23,13.15,,0.9
"2025-09-02 22:37:30",2126,1808,78810,-36.706488,-71.884702,6.5,44.1,21.21,13.1,33,0.9
"2025-09-02 22:37:31",2127,1809,78800,0,,5.3,48.5,21.2,13.1,,0.9
"2025-09-02 22:37:32",2128,1810,78791,0,,5.8,38.8,21.19,13.1,,0.9
"2025-09-02 22:37:33",2129,1811,78782,-36.706373,-71.884563,6.8,45.8,21.17,13.1,,1
"2025-09-02 22:37:34",2129,1811,78774,0,,5.95,50.2,21.17,13.1,,1
"2025-09-02 22:37:35",2130,1812,78767,0,,5.85,41.5,21.17,13.1,,1
"2025-09-02 22:37:36",2131,1813,78760,-36.706258,-71.884413,6.95,47.2,21.17,13.1,,1
"2025-09-02 22:37:38",2133,1815,78742,0,,6.5,33.7,21.15,13.2,,1
"2025-09-02 22:37:39",2134,1816,78734,-36.706138,-71.884272,6.5,44,21.14,13.25,,1
"2025-09-02 22:37:40",2135,1817,78723,0,,4.75,44,21.13,13.25,,1
"2025-09-02 22:37:41",2136,1818,78713,0,,6.6,37.1,21.12,13.3,,1
"2025-09-02 22:37:42",2137,1819,78704,-36.706015,-71.884137,6.6,44.7,21.1,13.35,,1
"2025-09-02 22:37:44",2139,1821,78686,0,,6.4,33.4,21.08,13.35,,1
"2025-09-02 22:37:45",2140,1822,78678,-36.70589,-71.88401,6.5,43.1,21.07,13.35,,0.9
"2025-09-02 22:37:46",2141,1823,78671,0,,5.7,43.2,21.07,13.4,,0.9
"2025-09-02 22:37:47",2142,1824,78664,0,,5.65,33.8,21.06,13.4,,0.9
"2025-09-02 22:37:48",2142,1824,78658,-36.705765,-71.883885,6.7,40,21.03,13.4,,0.9
"2025-09-02 22:37:49",2143,1825,78653,0,,6.1,42.2,21.05,13.4,,0.9
"2025-09-02 22:37:50",2143,1825,78648,0,,6.15,33.4,21.03,13.35,,0.9
"2025-09-02 22:37:51",2144,1826,78644,-36.705633,-71.883755,6.35,41.4,21.02,13.3,,0.8
"2025-09-02 22:37:53",2146,1828,78624,0,,6.05,33.8,21.01,13.25,,0.8
"2025-09-02 22:37:54",2147,1829,78614,-36.705508,-71.883632,6.2,41.9,21.01,13.15,,0.9
"2025-09-02 22:37:55",2148,1830,78605,0,,5.65,37.4,21.01,13.1,,0.8
"2025-09-02 22:37:56",2149,1831,78596,0,,6.35,37,21,13.1,,0.8
"2025-09-02 22:37:57",2150,1832,78588,-36.705382,-71.883505,5.95,41.6,21.01,13.1,33,0.8
"2025-09-02 22:37:59",2152,1834,78572,0,,5.6,33.2,21.01,13.05,,0.9
"2025-09-02 22:38:00",2153,1835,78559,0,,,,21,13,,1
"2025-09-02 22:38:01",2155,1837,78546,-36.705262,-71.88338,5.9,44.5,21.01,13,,1
"2025-09-02 22:38:01",2155,1837,78538,0,,5.5,39.4,21,13,,1
"2025-09-02 22:38:02",2156,1838,78530,0,,6.35,42.1,20.99,12.95,,1
"2025-09-02 22:38:03",2157,1839,78522,-36.705145,-71.88325,5.75,44.2,21,12.95,,1.1
"2025-09-02 22:38:05",2160,1842,78496,0,,6.1,43.2,20.99,12.9,,1.2
"2025-09-02 22:38:06",2161,1843,78484,-36.705028,-71.883132,5.25,46.1,20.99,12.9,,1.2
"2025-09-02 22:38:08",2164,1846,78463,0,,5.85,45.7,21,12.85,,1.2
"2025-09-02 22:38:09",2165,1847,78454,-36.704918,-71.883,5.2,40.1,21,12.8,,1.2
"2025-09-02 22:38:11",2167,1849,78435,0,,5.4,44.4,20.99,12.8,,1.2
"2025-09-02 22:38:12",2168,1850,78426,-36.704808,-71.882885,5,41.2,20.99,12.8,,1.1
"2025-09-02 22:38:14",2170,1852,78407,0,,5.75,47.5,20.97,12.75,,1.1
"2025-09-02 22:38:15",2171,1853,78398,-36.704692,-71.882752,5.6,37.8,20.96,12.75,,1.1
"2025-09-02 22:38:17",2173,1855,78380,0,,5.05,47.9,20.95,12.75,,1.1
"2025-09-02 22:38:18",2174,1856,78372,-36.704583,-71.882632,5.05,42.2,20.95,12.75,,1
"2025-09-02 22:38:20",2177,1859,78346,0,,5.6,46.7,20.93,12.75,,1.1
"2025-09-02 22:38:21",2178,1860,78334,-36.704473,-71.882503,5.45,36.4,20.92,12.75,,1.1
"2025-09-02 22:38:23",2180,1862,78316,0,,5.05,48.2,20.9,12.75,,1.1
"2025-09-02 22:38:24",2181,1863,78308,-36.704365,-71.88238,5.35,41.7,20.88,12.75,32.75,1.1
"2025-09-02 22:38:25",2182,1864,78296,0,,5.9,42.7,20.87,12.75,,1.1
"2025-09-02 22:38:26",2183,1865,78285,0,,5.05,36.9,20.86,12.75,,1.1
"2025-09-02 22:38:27",2185,1867,78274,-36.704252,-71.882258,6.05,42.2,20.85,12.75,,1.1
"2025-09-02 22:38:28",2186,1868,78261,0,,5.35,53.4,20.85,12.7,,1.2
"2025-09-02 22:38:29",2187,1869,78249,0,,5.35,37.7,20.86,12.75,,1.2
"2025-09-02 22:38:30",2189,1871,78238,-36.704143,-71.882127,6.25,45.1,20.85,12.75,,1.2
"2025-09-02 22:38:31",2190,1872,78228,0,,4.55,46.7,20.84,12.7,,1.2
"2025-09-02 22:38:32",2191,1873,78218,0,,5.65,37,20.85,12.7,,1.2
"2025-09-02 22:38:33",2192,1874,78208,-36.704035,-71.882002,5.9,49,20.84,12.7,,1.2
"2025-09-02 22:38:34",2193,1875,78201,0,,5.1,45.8,20.84,12.7,,1.1
"2025-09-02 22:38:35",2193,1875,78194,0,,6.05,39.6,20.84,12.7,,1.1
"2025-09-02 22:38:36",2194,1876,78188,-36.703925,-71.881865,5.75,49.9,20.82,12.7,,1.1
"2025-09-02 22:38:37",2195,1877,78177,0,,4.55,39.5,20.83,12.7,,1.1
"2025-09-02 22:38:38",2196,1878,78166,0,,6,40.7,20.82,12.7,,1.1
"2025-09-02 22:38:39",2198,1880,78156,-36.703822,-71.881737,5.4,53.5,20.81,12.7,,1.1
"2025-09-02 22:38:40",2199,1881,78145,0,,5.2,41.7,20.8,12.7,,1.1
"2025-09-02 22:38:41",2200,1882,78134,0,,6.4,43.9,20.79,12.7,,1.1
"2025-09-02 22:38:42",2201,1883,78124,-36.703713,-71.8816,5.5,50.3,20.77,12.7,,1.1
"2025-09-02 22:38:43",2202,1884,78113,0,,5.15,44.9,20.77,12.7,,1.1
"2025-09-02 22:38:44",2204,1886,78102,0,,6.1,42,20.75,12.7,,1.1
"2025-09-02 22:38:45",2205,1887,78092,-36.703605,-71.881467,5.2,49,20.72,12.7,,1.1
"2025-09-02 22:38:46",2206,1888,78085,0,,4.25,35.8,20.72,12.65,,1.1
"2025-09-02 22:38:47",2206,1888,78078,0,,5.9,46.3,20.71,12.65,,1.1
"2025-09-02 22:38:48",2207,1889,78072,-36.703505,-71.881345,5.25,52.8,20.71,12.6,,1.1
"2025-09-02 22:38:50",2209,1891,78052,0,,5.9,41.9,20.69,12.6,,1.1
"2025-09-02 22:38:51",2210,1892,78042,-36.703398,-71.881217,4.75,48.5,20.69,12.55,32.5,1.1
"2025-09-02 22:38:53",2213,1895,78018,0,,6.1,46.7,20.67,12.55,,1.1
"2025-09-02 22:38:54",2214,1896,78006,-36.703293,-71.88109,4.85,49,20.67,12.55,,1.1
"2025-09-02 22:38:55",2216,1898,77994,0,,5.2,37.8,20.66,12.55,,1.1
"2025-09-02 22:38:56",2217,1899,77983,0,,5.9,46.9,20.65,12.55,,1.1
"2025-09-02 22:38:57",2218,1900,77972,-36.70319,-71.880968,4.6,45.6,20.64,12.55,,1.1
"2025-09-02 22:38:58",2219,1901,77963,0,,5.35,24.7,20.64,12.55,,1.1
"2025-09-02 22:38:59",2220,1902,77954,0,,5.35,49.9,20.63,12.5,,1.1
"2025-09-02 22:39:00",2221,1903,77946,-36.703087,-71.880858,4.4,45.2,20.62,12.45,,1.2
"2025-09-02 22:39:01",2222,1904,77936,0,,5,31.6,20.62,12.4,,1.2
"2025-09-02 22:39:02",2223,1905,77926,0,,5.4,52.2,20.61,12.4,,1.2
"2025-09-02 22:39:03",2224,1906,77916,-36.702988,-71.880742,4.4,42.4,20.58,12.35,,1.2
"2025-09-02 22:39:04",2226,1908,77902,0,,5.4,35.2,20.6,12.3,,1.2
"2025-09-02 22:39:05",2227,1909,77888,0,,5.55,53.8,20.62,12.3,,1.2
"2025-09-02 22:39:06",2229,1911,77874,-36.702885,-71.880618,4.5,39.4,20.64,12.25,,1.2
"2025-09-02 22:39:08",2231,1913,77856,0,,5.05,56.2,20.65,12.2,,1.2
"2025-09-02 22:39:09",2232,1914,77848,-36.70279,-71.880492,4.75,41.1,20.65,12.2,,1.1
"2025-09-02 22:39:10",2233,1915,77840,0,,6.15,43.5,20.65,12.15,,1.1
"2025-09-02 22:39:11",2234,1916,77832,0,,5.15,52.2,20.63,12.1,,1.1
"2025-09-02 22:39:12",2235,1917,77824,-36.702688,-71.88036,4.85,36.4,20.62,12.1,,1.1
"2025-09-02 22:39:13",2236,1918,77808,0,,5.65,42.6,20.63,12.1,,1.2
"2025-09-02 22:39:14",2238,1920,77793,0,,4.8,56.9,20.62,12.1,,1.2
"2025-09-02 22:39:15",2240,1922,77778,-36.702593,-71.880233,5,42.4,20.62,12.1,,1.3
"2025-09-02 22:39:16",2241,1923,77767,0,,5.4,40.2,20.61,12.05,,1.3
"2025-09-02 22:39:17",2242,1924,77756,0,,4.5,52.6,20.61,12.05,,1.2
"2025-09-02 22:39:18",2243,1925,77746,-36.702498,-71.880117,4.8,42.1,20.61,12.05,32.5,1.2
"2025-09-02 22:39:19",2244,1926,77738,0,,6,42.7,20.6,12,,1.2
"2025-09-02 22:39:20",2245,1927,77731,0,,4.75,53.6,20.58,12,,1.1
"2025-09-02 22:39:21",2246,1928,77724,-36.702398,-71.87999,5.05,40.1,20.57,12,,1.1
"2025-09-02 22:39:22",2247,1929,77715,0,,5.9,46.6,20.57,12,,1.1
"2025-09-02 22:39:23",2247,1929,77707,0,,4.65,52.3,20.57,12,,1.1
"2025-09-02 22:39:24",2248,1930,77700,-36.702302,-71.879858,5.15,40,20.56,12,,1.1
"2025-09-02 22:39:25",2250,1932,77685,0,,5.5,45.5,20.57,12,,1.2
"2025-09-02 22:39:26",2252,1934,77670,0,,4.15,57.3,20.55,12,,1.2
"2025-09-02 22:39:27",2253,1935,77656,-36.702213,-71.879733,5.6,44.8,20.54,11.95,,1.2
"2025-09-02 22:39:28",2254,1936,77649,0,,6.3,47.9,20.54,11.95,,1.1
"2025-09-02 22:39:29",2255,1937,77643,0,,4.3,46.7,20.53,11.95,,1.1
"2025-09-02 22:39:30",2255,1937,77638,-36.70212,-71.879605,4.75,43.7,20.52,11.95,,1
"2025-09-02 22:39:32",2259,1941,77604,0,,4.9,53.3,20.53,11.95,,1.2
"2025-09-02 22:39:33",2261,1943,77588,-36.702032,-71.87947,5.5,44.6,20.52,11.95,,1.3
"2025-09-02 22:39:34",2262,1944,77575,0,,4.65,58,20.52,11.95,,1.3
"2025-09-02 22:39:35",2263,1945,77563,0,,4.5,56,20.5,11.95,,1.3
"2025-09-02 22:39:36",2265,1947,77552,-36.701952,-71.879338,5.45,42.6,20.48,11.95,,1.3
"2025-09-02 22:39:37",2266,1948,77542,0,,5.15,59.5,20.47,11.95,,1.3
"2025-09-02 22:39:38",2267,1949,77533,0,,4,52.8,20.47,11.95,,1.3
"2025-09-02 22:39:39",2268,1950,77524,-36.701873,-71.879208,5.45,48.1,20.44,11.95,,1.2
"2025-09-02 22:39:40",2269,1951,77512,0,,5.2,58.4,20.46,11.95,,1.3
"2025-09-02 22:39:41",2271,1953,77500,0,,4.1,57,20.44,11.95,,1.3
"2025-09-02 22:39:42",2272,1954,77488,-36.701795,-71.87907,5.8,47.5,20.43,11.95,,1.4
"2025-09-02 22:39:43",2273,1955,77476,0,,5.65,55,20.43,11.9,,1.4
"2025-09-02 22:39:44",2274,1956,77465,0,,4.05,52.8,20.42,11.9,,1.4
"2025-09-02 22:39:45",2276,1958,77454,-36.701715,-71.878932,5.4,54.7,20.42,11.95,32,1.3
"2025-09-02 22:39:46",2276,1958,77449,0,,6,57.9,20.4,11.9,,1.2
"2025-09-02 22:39:47",2277,1959,77445,0,,4.3,46.7,20.39,11.9,,1.1
"2025-09-02 22:39:48",2277,1959,77442,-36.701635,-71.878792,5.2,52.6,20.38,11.95,,1
"2025-09-02 22:39:49",2279,1961,77427,0,,4.45,62.1,20.37,11.95,,1.1
"2025-09-02 22:39:50",2280,1962,77411,0,,4.8,47.7,20.38,11.95,,1.1
"2025-09-02 22:39:51",2282,1964,77396,-36.70156,-71.878655,5.4,52.2,20.38,11.95,,1.2
"2025-09-02 22:39:53",2284,1966,77377,0,,4.45,51.5,20.35,11.95,,1.1
"2025-09-02 22:39:54",2285,1967,77368,-36.701493,-71.878515,5.55,59.8,20.34,11.95,,1.1
"2025-09-02 22:39:55",2287,1969,77356,0,,4.6,62,20.35,12,,1.1
"2025-09-02 22:39:56",2288,1970,77345,0,,4.6,46,20.35,12,,1.1
"2025-09-02 22:39:57",2289,1971,77334,-36.701423,-71.87838,5.35,59.6,20.32,12,,1.1
"2025-09-02 22:39:58",2290,1972,77323,0,,4.65,61.9,20.33,12.05,,1.1
"2025-09-02 22:39:59",2291,1973,77313,0,,4.75,50.4,20.31,12.05,,1.2
"2025-09-02 22:40:00",2292,1974,77304,-36.70135,-71.878237,5.95,58.3,20.26,12.05,,1.2
"2025-09-02 22:40:01",2294,1976,77293,0,,5.2,56.9,20.26,12,,1.3
"2025-09-02 22:40:02",2295,1977,77282,0,,4.35,47,20.26,12.05,,1.2
"2025-09-02 22:40:03",2296,1978,77272,-36.701275,-71.878098,5.55,63.3,20.23,12.05,,1.2
"2025-09-02 22:40:04",2297,1979,77266,0,,5.1,72.4,20.22,12.1,,1.1
"2025-09-02 22:40:05",2297,1979,77261,0,,4.55,45.2,20.19,12.1,,1.1
"2025-09-02 22:40:06",2298,1980,77256,-36.70121,-71.877955,5.4,62,20.19,12.15,,1
"2025-09-02 22:40:08",2301,1983,77229,0,,4.95,46.7,20.14,12.2,,1.1
"2025-09-02 22:40:09",2302,1984,77216,-36.701143,-71.877813,5.25,59.6,20.16,12.25,,1.1
"2025-09-02 22:40:10",2304,1986,77203,0,,3.45,65.2,20.13,12.25,,1.1
"2025-09-02 22:40:11",2305,1987,77190,0,,4.95,54.6,20.12,12.3,,1.1
"2025-09-02 22:40:12",2307,1989,77178,-36.701082,-71.87768,5.65,65.4,20.08,12.35,32,1.2
"2025-09-02 22:40:13",2307,1989,77171,0,,4.25,63.5,20.09,12.35,,1.1
"2025-09-02 22:40:14",2308,1990,77165,0,,5.1,51.7,20.05,12.4,,1.1
"2025-09-02 22:40:15",2309,1991,77160,-36.701013,-71.87754,5.2,69.1,20.07,12.4,,1
"2025-09-02 22:40:16",2310,1992,77145,0,,3.75,61.8,20.05,12.45,,1.1
"2025-09-02 22:40:17",2312,1994,77130,0,,5.6,54.3,20.04,12.45,,1.2
"2025-09-02 22:40:18",2313,1995,77116,-36.700952,-71.877397,5.1,67.7,20.03,12.45,,1.2
"2025-09-02 22:40:19",2315,1997,77103,0,,4.15,55.5,20.03,12.45,,1.3
"2025-09-02 22:40:20",2316,1998,77090,0,,5.75,55.4,20.03,12.5,,1.3
"2025-09-02 22:40:21",2318,2000,77078,-36.700883,-71.877255,4.95,69.4,20.02,12.5,,1.3
"2025-09-02 22:40:22",2319,2001,77070,0,,5.35,56,20.03,12.5,,1.2
"2025-09-02 22:40:23",2319,2001,77063,0,,5.7,58.9,20.03,12.55,,1.2
"2025-09-02 22:40:24",2320,2002,77056,-36.700815,-71.877102,4.75,69.8,20.04,12.55,,1.2
"2025-09-02 22:40:25",2322,2004,77041,0,,4.4,60.9,20.03,12.55,,1.2
"2025-09-02 22:40:26",2323,2005,77026,0,,5.7,59,20.03,12.55,,1.3
"2025-09-02 22:40:27",2325,2007,77012,-36.700755,-71.87696,4.2,68.4,20.03,12.55,,1.4
"2025-09-02 22:40:28",2326,2008,77001,0,,4.2,58.3,20.03,12.55,,1.3
"2025-09-02 22:40:29",2328,2010,76990,0,,5.8,63.5,19.98,12.55,,1.3
"2025-09-02 22:40:30",2329,2011,76980,-36.700693,-71.876818,4.2,60.4,19.98,12.55,,1.3
"2025-09-02 22:40:31",2330,2012,76970,0,,4.1,57.9,19.96,12.55,,1.2
"2025-09-02 22:40:32",2331,2013,76960,0,,5.4,71.2,19.94,12.55,,1.2
"2025-09-02 22:40:33",2332,2014,76950,-36.700638,-71.876682,4.4,63,19.93,12.55,,1.2
"2025-09-02 22:40:35",2334,2016,76934,0,,4.85,70.4,19.9,12.55,,1.2
"2025-09-02 22:40:36",2335,2017,76926,-36.700572,-71.87655,4,66.5,19.87,12.6,,1.2
"2025-09-02 22:40:38",2338,2020,76900,0,,4.8,68,19.84,12.6,,1.2
"2025-09-02 22:40:39",2339,2021,76888,-36.700518,-71.876412,3.6,58.1,19.84,12.65,31.75,1.2
"2025-09-02 22:40:41",2341,2023,76872,0,,5,72.3,19.8,12.65,,1.1
"2025-09-02 22:40:42",2342,2024,76864,-36.70046,-71.876277,4.25,53.8,19.8,12.65,,1.1
"2025-09-02 22:40:44",2344,2026,76842,0,,4.3,73.9,19.79,12.65,,1.1
"2025-09-02 22:40:45",2345,2027,76832,-36.7004,-71.87615,4.65,59.3,19.78,12.65,,1.1
"2025-09-02 22:40:47",2347,2029,76820,0,,3.85,67.1,19.76,12.7,,1
"2025-09-02 22:40:48",2347,2029,76814,-36.700342,-71.876015,4.3,56.9,19.75,12.7,,1
"2025-09-02 22:40:50",2351,2033,76783,0,,4.2,65.6,19.74,12.7,,1.1
"2025-09-02 22:40:51",2353,2035,76768,-36.700278,-71.875877,4.8,51.4,19.7,12.7,,1.1
"2025-09-02 22:40:54",2355,2037,76744,-36.700218,-71.875743,5,57.8,19.7,12.7,,1.1
"2025-09-02 22:40:55",2357,2039,76732,0,,5.3,66.1,19.67,12.7,,1.1
"2025-09-02 22:40:56",2358,2040,76721,0,,3.9,56.8,19.67,12.7,,1.1
"2025-09-02 22:40:57",2359,2041,76710,-36.700155,-71.875605,4.85,55.7,19.64,12.7,,1.1
"2025-09-02 22:40:58",2360,2042,76700,0,,4.9,67.7,19.65,12.7,,1.1
"2025-09-02 22:40:59",2361,2043,76690,0,,3.9,61.6,19.63,12.7,,1.1
"2025-09-02 22:41:00",2362,2044,76680,-36.7001,-71.875467,5.15,60.9,19.63,12.7,,1.2
"2025-09-02 22:41:01",2364,2046,76668,0,,5.15,74.9,19.6,12.7,,1.3
"2025-09-02 22:41:02",2365,2047,76657,0,,4.2,60.6,19.61,12.7,,1.2
"2025-09-02 22:41:03",2366,2048,76646,-36.700047,-71.875315,5.25,60.4,19.58,12.7,,1.1
"2025-09-02 22:41:04",2367,2049,76638,0,,4.85,75.9,19.58,12.7,,1.1
"2025-09-02 22:41:05",2368,2050,76630,0,,4.25,54.7,19.55,12.75,,1.1
"2025-09-02 22:41:06",2369,2051,76622,-36.69999,-71.875173,4.85,58.5,19.52,12.7,31.5,1.1
"2025-09-02 22:41:07",2370,2052,76613,0,,4.5,73.6,19.54,12.75,,1.1
"2025-09-02 22:41:08",2371,2053,76604,0,,4.5,55.4,19.53,12.75,,1.1
"2025-09-02 22:41:09",2372,2054,76596,-36.699932,-71.875035,5.15,61,19.57,12.75,,1.1
"2025-09-02 22:41:10",2373,2055,76582,0,,5.05,58.2,19.55,12.75,,1.1
"2025-09-02 22:41:11",2375,2057,76569,0,,4,57.3,19.55,12.75,,1.1
"2025-09-02 22:41:12",2376,2058,76556,-36.69987,-71.8749,5.4,64.6,19.55,12.75,,1.2
"2025-09-02 22:41:13",2377,2059,76545,0,,4.7,73.5,19.51,12.75,,1.2
"2025-09-02 22:41:14",2379,2061,76534,0,,4.55,52.7,19.51,12.75,,1.2
"2025-09-02 22:41:15",2380,2062,76524,-36.699815,-71.874758,5.05,62.1,19.5,12.75,,1.2
"2025-09-02 22:41:16",2381,2063,76511,0,,4.8,70.4,19.5,12.75,,1.2
"2025-09-02 22:41:17",2383,2065,76499,0,,4.4,62.4,19.5,12.8,,1.2
"2025-09-02 22:41:18",2384,2066,76488,-36.699762,-71.874613,5.25,61.4,19.46,12.75,,1.3
"2025-09-02 22:41:20",2385,2067,76474,0,,4.55,53.7,19.39,12.8,,1.2
"2025-09-02 22:41:21",2386,2068,76468,-36.699707,-71.874475,5.3,63.6,19.39,12.8,,1.2
"2025-09-02 22:41:22",2387,2069,76459,0,,3.8,64.7,19.4,12.75,,1.2
"2025-09-02 22:41:23",2388,2070,76451,0,,4.5,56.6,19.35,12.75,,1.1
"2025-09-02 22:41:24",2389,2071,76444,-36.69965,-71.874343,5.55,68.2,19.36,12.8,,1.1
"2025-09-02 22:41:25",2391,2073,76428,0,,4.2,74.2,19.36,12.8,,1.1
"2025-09-02 22:41:26",2393,2075,76412,0,,4.55,54.3,19.38,12.8,,1.2
"2025-09-02 22:41:27",2394,2076,76396,-36.6996,-71.874205,4.9,70.6,19.35,12.8,,1.2
"2025-09-02 22:41:28",2395,2077,76386,0,,4.15,74.6,19.35,12.85,,1.2
"2025-09-02 22:41:29",2396,2078,76377,0,,4.85,58.3,19.35,12.85,,1.2
"2025-09-02 22:41:30",2397,2079,76368,-36.699548,-71.874057,5.35,70,19.35,12.85,,1.1
"2025-09-02 22:41:31",2399,2081,76358,0,,4.3,61.1,19.35,12.85,,1.1
"2025-09-02 22:41:32",2400,2082,76349,0,,4.7,53.1,19.35,12.9,,1.2
"2025-09-02 22:41:33",2401,2083,76340,-36.69949,-71.87392,5,69.2,19.35,12.9,31.25,1.2
"2025-09-02 22:41:34",2402,2084,76326,0,,4.75,69.4,19.34,12.85,,1.2
"2025-09-02 22:41:35",2404,2086,76312,0,,5,54.7,19.34,12.85,,1.3
"2025-09-02 22:41:36",2405,2087,76298,-36.699432,-71.873777,4.7,69.4,19.34,12.9,,1.3
"2025-09-02 22:41:38",2407,2089,76283,0,,4.9,57.5,19.34,12.9,,1.3
"2025-09-02 22:41:39",2408,2090,76276,-36.699383,-71.873638,4.9,71,19.34,12.95,,1.2
"2025-09-02 22:41:40",2410,2092,76261,0,,4.4,68.3,19.3,12.95,,1.2
"2025-09-02 22:41:41",2411,2093,76246,0,,4.85,58.1,19.28,12.95,,1.2
"2025-09-02 22:41:42",2413,2095,76232,-36.699328,-71.873493,4.9,70.4,19.24,12.95,,1.3
"2025-09-02 22:41:43",2414,2096,76224,0,,3.9,61.2,19.24,12.95,,1.2
"2025-09-02 22:41:44",2415,2097,76217,0,,5.4,58.9,19.2,13,,1.2
"2025-09-02 22:41:45",2415,2097,76210,-36.699267,-71.873352,4.65,71.2,19.23,13,,1.2
"2025-09-02 22:41:46",2416,2098,76201,0,,4,70.2,19.21,13,,1.2
"2025-09-02 22:41:47",2417,2099,76193,0,,5,60.4,19.19,13,,1.1
"2025-09-02 22:41:48",2418,2100,76186,-36.699215,-71.873217,4.55,74.7,19.21,13,,1.1
"2025-09-02 22:41:49",2420,2102,76171,0,,4,58.6,19.21,13,,1.1
"2025-09-02 22:41:50",2421,2103,76156,0,,5.15,57.6,19.23,13,,1.2
"2025-09-02 22:41:51",2423,2105,76142,-36.699162,-71.873088,4.1,74.8,19.19,13,,1.3
"2025-09-02 22:41:53",2425,2107,76126,0,,5.35,64.1,19.17,13,,1.1
"2025-09-02 22:41:54",2426,2108,76118,-36.699112,-71.872955,4.05,70,19.15,13,,1.1
"2025-09-02 22:41:55",2427,2109,76108,0,,4.2,54.9,19.16,13,,1.1
"2025-09-02 22:41:56",2428,2110,76098,0,,5.05,66.5,19.14,13,,1.1
"2025-09-02 22:41:57",2429,2111,76088,-36.699057,-71.872823,3.9,67.6,19.15,13,,1.1
"2025-09-02 22:41:59",2431,2113,76071,0,,4.95,70,19.1,13,,1.2
"2025-09-02 22:42:00",2432,2114,76064,-36.699,-71.872695,3.65,58.6,19.09,13,31,1.2
"2025-09-02 22:42:01",2433,2115,76056,0,,4.2,48.8,19.06,12.95,,1.1
"2025-09-02 22:42:02",2434,2116,76049,0,,4.8,66.9,19.08,13,,1.1
"2025-09-02 22:42:03",2434,2116,76042,-36.698942,-71.872573,3.7,64.7,19.07,13,,1
"2025-09-02 22:42:04",2436,2118,76027,0,,5.25,53.8,19.08,13,,1
"2025-09-02 22:42:05",2438,2120,76013,0,,4.35,70.6,19.05,13,,1.1
"2025-09-02 22:42:06",2439,2121,76000,-36.698885,-71.872445,3.75,54.3,19.06,13.05,,1.1
"2025-09-02 22:42:07",2440,2122,75990,0,,5.1,53.9,19.04,13.05,,1.1
"2025-09-02 22:42:08",2441,2123,75981,0,,4.15,73.7,19.04,13.05,,1.1
"2025-09-02 22:42:09",2442,2124,75972,-36.698825,-71.872315,3.95,54.6,19.03,13.05,,1.1
"2025-09-02 22:42:10",2443,2125,75964,0,,5.25,53.3,19,13.1,,1.1
"2025-09-02 22:42:11",2444,2126,75957,0,,4.3,65.5,19.02,13.1,,1.1
"2025-09-02 22:42:12",2445,2127,75950,-36.698758,-71.872187,3.9,51,18.99,13.1,,1.1
"2025-09-02 22:42:13",2445,2127,75943,0,,5,59,18.99,13.1,,1.1
"2025-09-02 22:42:14",2446,2128,75936,0,,3.95,70.9,19.01,13.1,,1.1
"2025-09-02 22:42:15",2447,2129,75930,-36.6987,-71.872058,4.4,52.3,19,13.1,,1
"2025-09-02 22:42:16",2448,2130,75917,0,,5.25,57.6,19.02,13.15,,1.1
"2025-09-02 22:42:17",2450,2132,75904,0,,3.7,66.3,18.99,13.1,,1.1
"2025-09-02 22:42:18",2451,2133,75892,-36.698642,-71.871932,4.5,50.2,19.01,13.1,,1.1
"2025-09-02 22:42:19",2453,2135,75879,0,,4.75,73.4,19,13.1,,1
"2025-09-02 22:42:20",2454,2136,75866,0,,3.5,66.2,18.98,13.1,,1.1
"2025-09-02 22:42:21",2456,2138,75854,-36.698595,-71.871803,4.75,53.8,18.98,13.1,,1.1
"2025-09-02 22:42:22",2457,2139,75844,0,,4.2,72.2,18.93,13.1,,1.1
"2025-09-02 22:42:23",2458,2140,75835,0,,3.4,57.5,18.91,13.1,,1.2
"2025-09-02 22:42:24",2459,2141,75826,-36.698545,-71.87168,4.75,56,18.9,13.1,,1.2
"2025-09-02 22:42:25",2460,2142,75816,0,,4.2,72.2,18.85,13.1,,1.2
"2025-09-02 22:42:26",2461,2143,75807,0,,3.8,54.3,18.84,13.1,,1.2
"2025-09-02 22:42:27",2462,2144,75798,-36.698493,-71.871552,4.95,60,18.81,13.15,30.75,1.2
"2025-09-02 22:42:28",2463,2145,75787,0,,4.1,69.7,18.76,13.1,,1.2
"2025-09-02 22:42:29",2464,2146,75777,0,,3.7,51.3,18.75,13.1,,1.2
"2025-09-02 22:42:30",2465,2147,75768,-36.698442,-71.871427,4.75,65.4,18.73,13.1,,1.2
"2025-09-02 22:42:31",2466,2148,75759,0,,3.9,74.2,18.69,13.1,,1.1
"2025-09-02 22:42:32",2467,2149,75750,0,,4.3,48.1,18.69,13.1,,1.1
"2025-09-02 22:42:33",2468,2150,75742,-36.698387,-71.8713,4.8,61.6,18.66,13.1,,1.1
"2025-09-02 22:42:34",2469,2151,75732,0,,3.7,72.5,18.66,13.15,,1.1
"2025-09-02 22:42:35",2471,2153,75722,0,,4.1,51.1,18.68,13.15,,1.1
"2025-09-02 22:42:36",2472,2154,75712,-36.698333,-71.871175,4.65,67.5,18.65,13.15,,1.1
"2025-09-02 22:42:38",2474,2156,75689,0,,4.1,48.5,18.64,13.15,,1.1
"2025-09-02 22:42:39",2476,2158,75678,-36.698277,-71.871048,4.55,66.9,18.62,13.15,,1.1
"2025-09-02 22:42:41",2478,2160,75656,0,,4.45,47.8,18.59,13.15,,1.1
"2025-09-02 22:42:42",2479,2161,75646,-36.698222,-71.870932,4.3,66.6,18.57,13.2,,1.2
"2025-09-02 22:42:43",2480,2162,75636,0,,4.15,60.6,18.56,13.2,,1.2
"2025-09-02 22:42:44",2481,2163,75627,0,,4.4,51.1,18.51,13.2,,1.2
"2025-09-02 22:42:45",2482,2164,75618,-36.698162,-71.87081,4.25,70.4,18.51,13.2,,1.2
"2025-09-02 22:42:46",2483,2165,75611,0,,3.8,47.6,18.49,13.2,,1.1
"2025-09-02 22:42:47",2484,2166,75605,0,,4.7,53.3,18.47,13.2,,1.1
"2025-09-02 22:42:48",2484,2166,75600,-36.698098,-71.870695,4.05,67.6,18.5,13.2,,1.1
"2025-09-02 22:42:49",2485,2167,75590,0,,3.4,51.8,18.5,13.2,,1.1
"2025-09-02 22:42:50",2487,2169,75581,0,,4.8,51.8,18.53,13.2,,1.1
"2025-09-02 22:42:51",2488,2170,75572,-36.698037,-71.870587,3.75,63.5,18.55,13.2,,1
"2025-09-02 22:42:53",2490,2172,75554,0,,4.7,56.1,18.56,13.2,,1
"2025-09-02 22:42:54",2491,2173,75546,-36.697983,-71.870482,3.9,68.7,18.59,13.2,30.5,1
"2025-09-02 22:42:55",2492,2174,75534,0,,3.35,71,18.6,13.2,,1
"2025-09-02 22:42:56",2493,2175,75523,0,,4.4,53,18.65,13.15,,1
"2025-09-02 22:42:57",2494,2176,75512,-36.697935,-71.870377,3.3,66,18.65,13.15,,1
"2025-09-02 22:42:58",2495,2177,75503,0,,,,18.64,13.1,,1
"2025-09-02 22:42:59",2496,2178,75494,0,,,,18.69,13.05,,1
"2025-09-02 22:43:00",2497,2179,75486,0,,,,18.72,12.95,,1.1
"2025-09-02 22:43:01",2498,2180,75476,0,,2.8,28.8,18.7,12.95,,1.1
"2025-09-02 22:43:02",2500,2182,75467,0,,4.1,62.5,18.75,12.95,,1.1
"2025-09-02 22:43:03",2501,2183,75458,-36.697823,-71.87019,3.15,60.9,18.77,12.9,,1.1
"2025-09-02 22:43:05",2503,2185,75438,0,,4.15,60.9,18.85,12.8,,1.1
"2025-09-02 22:43:06",2504,2186,75428,-36.697767,-71.87009,2.7,55.6,18.83,12.75,,1.1
"2025-09-02 22:43:09",2508,2190,75396,-36.697712,-71.869995,2.6,52.8,18.85,12.7,,1.1
"2025-09-02 22:43:11",2510,2192,75373,0,,4.1,64.9,18.86,12.7,,1.1
"2025-09-02 22:43:12",2511,2193,75362,-36.697647,-71.8699,3.3,49.5,18.85,12.65,,1.2
"2025-09-02 22:43:14",2514,2196,75341,0,,3.5,66.1,18.8,12.7,,1.2
"2025-09-02 22:43:15",2515,2197,75332,-36.697598,-71.869797,3.35,45.2,18.78,12.7,,1.2
"2025-09-02 22:43:17",2517,2199,75311,0,,3.15,60.6,18.73,12.7,,1.2
"2025-09-02 22:43:18",2518,2200,75302,-36.69754,-71.869695,3.4,41.8,18.72,12.75,,1.2
"2025-09-02 22:43:20",2520,2202,75283,0,,3.85,64.4,18.69,12.75,,1.2
"2025-09-02 22:43:21",2522,2204,75274,-36.697478,-71.869588,3.5,51,18.62,12.75,30.5,1.2
"2025-09-02 22:43:24",2524,2206,75256,-36.697417,-71.869485,3.15,52.8,18.55,12.75,,1
"2025-09-02 22:43:25",2524,2206,75248,0,,4.25,47.4,18.56,12.7,,1
"2025-09-02 22:43:26",2525,2207,75241,0,,3.65,60.6,18.58,12.75,,1
"2025-09-02 22:43:27",2526,2208,75234,-36.697352,-71.869385,3,51.3,18.55,12.7,,0.9
"2025-09-02 22:43:28",2527,2209,75224,0,,3.9,53.2,18.58,12.7,,0.9
"2025-09-02 22:43:29",2528,2210,75215,0,,3.65,61.4,18.59,12.65,,1
"2025-09-02 22:43:30",2529,2211,75206,-36.697293,-71.869285,3.3,46.7,18.59,12.65,,0.9
"2025-09-02 22:43:31",2530,2212,75195,0,,4.3,52.8,18.63,12.6,,0.9
"2025-09-02 22:43:32",2531,2213,75186,0,,3.55,59.7,18.63,12.6,,0.9
"2025-09-02 22:43:33",2532,2214,75178,-36.69723,-71.869183,3.6,44.9,18.65,12.55,,0.9
"2025-09-02 22:43:34",2534,2216,75167,0,,3.85,52.2,18.68,12.55,,0.9
"2025-09-02 22:43:35",2535,2217,75155,0,,3.25,57.4,18.65,12.5,,1
"2025-09-02 22:43:36",2536,2218,75144,-36.697168,-71.86909,3.6,40.3,18.68,12.45,,1.1
"2025-09-02 22:43:37",2537,2219,75136,0,,4,46.7,18.69,12.35,,1
"2025-09-02 22:43:38",2538,2220,75129,0,,3.1,52.3,18.66,12.35,,1
"2025-09-02 22:43:39",2539,2221,75122,-36.697098,-71.869002,3.7,42.6,18.69,12.3,,1.1
"2025-09-02 22:43:40",2540,2222,75114,0,,4.3,53.1,18.71,12.25,,1.1
"2025-09-02 22:43:41",2541,2223,75106,0,,3.5,52.2,18.7,12.2,,1
"2025-09-02 22:43:42",2542,2224,75098,-36.697027,-71.868903,4.2,41.1,18.73,12.15,,1
"2025-09-02 22:43:44",2543,2225,75086,0,,3.6,47.8,18.74,12.15,,1
"2025-09-02 22:43:45",2544,2226,75077,0,,3,45.4,18.71,12.1,,1
"2025-09-02 22:43:46",2545,2227,75068,-36.696957,-71.86882,3.7,43.4,18.73,12.05,,1
"2025-09-02 22:43:48",2546,2228,75061,0,,6.95,29.1,18.73,11.95,,0.9
"2025-09-02 22:43:49",2546,2228,75058,-36.696857,-71.86872,3.65,51.3,18.58,11.9,30.5,0.8
"2025-09-02 22:43:50",2531,2213,75191,0,,4,54.2,18.28,12.05,,-0.5
"2025-09-02 22:43:51",2522,2204,75266,-36.696807,-71.868605,3.1,54.4,18.2,12.25,,-1.2
"2025-09-02 22:43:52",2515,2197,75334,0,,3.65,56,18.15,12.35,,-2.1
"2025-09-02 22:43:53",2507,2189,75400,0,,3.65,62.2,18.09,12.5,,-2.8
"2025-09-02 22:43:54",2500,2182,75466,-36.69677,-71.868503,3.8,60.5,18.03,12.65,,-3.5
"2025-09-02 22:43:55",2492,2174,75532,0,,3.55,66.1,18.01,12.75,,-3.8
"2025-09-02 22:43:56",2484,2166,75600,0,,3.8,57.7,17.99,12.9,,-4.6
"2025-09-02 22:43:57",2477,2159,75668,-36.696727,-71.868393,3.7,64,17.99,12.95,,-5.2
"2025-09-02 22:43:58",2470,2152,75729,0,,3.5,66.7,18,13.1,,-5.9
"2025-09-02 22:43:59",2463,2145,75792,0,,4.15,69.7,18.01,13.2,,-6
"2025-09-02 22:44:00",2455,2137,75856,-36.696687,-71.868272,4.15,62,18.04,13.3,,-7.1
"2025-09-02 22:44:02",2447,2129,75932,0,,3.9,64.6,18.07,13.4,,-7.6
"2025-09-02 22:44:03",2440,2122,75994,0,,4.3,64.3,18.12,13.45,,-7.4
"2025-09-02 22:44:04",2433,2115,76056,-36.69664,-71.868148,4.25,62.4,18.16,13.5,,-7.3
"2025-09-02 22:44:04",2426,2108,76114,0,,4.25,61,18.21,13.5,,-7.4
"2025-09-02 22:44:05",2418,2100,76185,0,,4.4,62.9,18.26,13.55,,-7.4
"2025-09-02 22:44:06",2410,2092,76256,-36.696587,-71.868017,4.15,69.3,18.32,13.55,,-7.4
"2025-09-02 22:44:07",2403,2085,76321,0,,4,67.2,18.38,13.55,,-7.4
"2025-09-02 22:44:08",2395,2077,76388,0,,4.25,67.6,18.42,13.55,,-7.4
"2025-09-02 22:44:09",2388,2070,76456,-36.696542,-71.867888,4.1,66.9,18.49,13.5,,-7.4
"2025-09-02 22:44:10",2380,2062,76521,0,,4.25,61.2,18.56,13.5,,-7.4
"2025-09-02 22:44:11",2373,2055,76583,0,,4.4,61.7,18.62,13.45,,-7.4
"2025-09-02 22:44:12",2366,2048,76646,-36.69649,-71.867758,4.5,62.7,18.69,13.45,,-7.4
"2025-09-02 22:44:13",2358,2040,76714,0,,4.6,61.8,18.75,13.4,,-7.4
"2025-09-02 22:44:14",2350,2032,76786,0,,4.55,59.4,18.81,13.4,,-7.5
"2025-09-02 22:44:15",2342,2024,76858,-36.696433,-71.867627,4.55,65.4,18.89,13.3,30.5,-7.6
"2025-09-02 22:44:16",2336,2018,76915,0,,4.95,66.6,18.95,13.2,,-7.6
"2025-09-02 22:44:17",2329,2011,76974,0,,4.65,60.1,19.02,13.15,,-7.5
"2025-09-02 22:44:18",2323,2005,77034,-36.696375,-71.867492,4.8,55.6,19.08,13,,-7.4
"2025-09-02 22:44:20",2308,1990,77164,0,,4.75,52.6,19.23,12.95,,-7.3
"2025-09-02 22:44:21",2301,1983,77230,-36.696295,-71.867368,4.45,51.6,19.34,12.9,,-7.3
"2025-09-02 22:44:22",2293,1975,77298,0,,4.55,43.9,19.35,12.8,,-7.3
"2025-09-02 22:44:23",2286,1968,77364,0,,4.55,46.6,19.35,12.75,,-7.3
"2025-09-02 22:44:24",2278,1960,77430,-36.696208,-71.867258,4.4,47.9,19.44,12.65,,-7.3
"2025-09-02 22:44:26",2270,1952,77502,0,,4.55,48.7,19.5,12.65,,-7.3
"2025-09-02 22:44:27",2263,1945,77566,0,,4.4,40.9,19.55,12.6,,-7.2
"2025-09-02 22:44:28",2256,1938,77630,-36.696123,-71.86715,4.7,46.3,19.62,12.6,,-7.1
"2025-09-02 22:44:28",2250,1932,77683,0,,4.9,44.5,19.67,12.6,,-7.1
"2025-09-02 22:44:29",2243,1925,77750,0,,4.85,44.4,19.7,12.7,,-7.2
"2025-09-02 22:44:30",2235,1917,77818,-36.696025,-71.867035,5.15,43,19.74,12.8,,-7.3
"2025-09-02 22:44:31",2227,1909,77886,0,,5.15,43.4,19.78,12.85,,-7.3
"2025-09-02 22:44:32",2220,1902,77954,0,,5.3,44.5,19.8,12.95,,-7.3
"2025-09-02 22:44:33",2213,1895,78022,-36.69592,-71.866917,5.25,40.4,19.84,13,,-7.3
"2025-09-02 22:44:34",2205,1887,78087,0,,5.85,37.1,19.88,13.05,,-7.3
"2025-09-02 22:44:35",2198,1880,78150,0,,5.3,42.3,19.91,13.25,,-7.3
"2025-09-02 22:44:36",2191,1873,78214,-36.695802,-71.866795,5.55,41.8,19.94,13.4,,-7.3
"2025-09-02 22:44:37",2184,1866,78281,0,,5.45,42.6,19.97,13.55,,-7.3
"2025-09-02 22:44:38",2176,1858,78351,0,,5.65,38.6,20.02,13.65,,-7.4
"2025-09-02 22:44:39",2168,1850,78422,-36.695685,-71.866677,5.4,37.7,20.07,13.75,,-7.4
"2025-09-02 22:44:40",2161,1843,78485,0,,5.25,42.5,20.12,13.8,,-7.4
"2025-09-02 22:44:41",2154,1836,78548,0,,5.25,45,20.17,13.8,,-7.3
"2025-09-02 22:44:42",2147,1829,78612,-36.69558,-71.866552,5.5,50.7,20.23,13.9,30.5,-7.3
"2025-09-02 22:44:43",2140,1822,78678,0,,5.6,55.8,20.28,13.9,,-7.3
"2025-09-02 22:44:44",2133,1815,78744,0,,6.15,51.8,20.35,13.95,,-7.3
"2025-09-02 22:44:45",2125,1807,78810,-36.695482,-71.866398,5.45,49.5,20.41,14,,-7.2
"2025-09-02 22:44:46",2118,1800,78879,0,,5.75,53.5,20.46,14,,-7.3
"2025-09-02 22:44:47",2110,1792,78947,0,,6.35,50.4,20.5,14,,-7.3
"2025-09-02 22:44:48",2103,1785,79016,-36.69538,-71.866245,5.8,54.1,20.55,14.1,,-7.3
"2025-09-02 22:44:50",2088,1770,79150,0,,6,52.7,20.66,14.2,,-7.3
"2025-09-02 22:44:51",2081,1763,79218,-36.695275,-71.866085,5.65,52,20.71,14.25,,-7.3
"2025-09-02 22:44:52",2073,1755,79284,0,,6.15,51.3,20.76,14.25,,-7.3
"2025-09-02 22:44:53",2066,1748,79350,0,,5.8,48.4,20.8,14.35,,-7.3
"2025-09-02 22:44:54",2059,1741,79416,-36.695167,-71.86594,6.1,39.8,20.84,14.5,,-7.3
"2025-09-02 22:44:55",2052,1734,79482,0,,6.7,46.9,20.88,14.65,,-7.4
"2025-09-02 22:44:56",2044,1726,79550,0,,5.9,48.5,20.92,14.7,,-7.4
"2025-09-02 22:44:57",2037,1719,79618,-36.695043,-71.865792,6.4,40.9,20.97,14.75,,-7.4
"2025-09-02 22:44:58",2029,1711,79690,0,,6.25,51.2,21.01,14.8,,-7.4
"2025-09-02 22:44:59",2021,1703,79763,0,,6.35,47.4,21.08,14.85,,-7.4
"2025-09-02 22:45:00",2013,1695,79836,-36.69492,-71.865633,6.35,43.7,21.14,14.9,,-7.5
"2025-09-02 22:45:01",2006,1688,79901,0,,6.5,46.6,21.17,14.95,,-7.4
"2025-09-02 22:45:02",1999,1681,79965,0,,6.85,45.9,21.23,15.05,,-7.4
"2025-09-02 22:45:03",1992,1674,80030,-36.694783,-71.865473,6.7,40.4,21.29,15.05,,-7.4
"2025-09-02 22:45:04",1985,1667,80097,0,,6.5,45.1,21.34,15.15,,-7.4
"2025-09-02 22:45:05",1977,1659,80164,0,,7.15,45.9,21.39,15.15,,-7.4
"2025-09-02 22:45:06",1970,1652,80232,-36.694642,-71.865307,7.5,43.7,21.44,15.15,,-7.4
"2025-09-02 22:45:07",1963,1645,80298,0,,7.2,42.2,21.51,15.15,,-7.4
"2025-09-02 22:45:08",1956,1638,80365,0,,6.85,44.4,21.57,15.15,,-7.4
"2025-09-02 22:45:09",1949,1631,80432,-36.694495,-71.86514,6.85,43.5,21.64,15.1,30.5,-7.4
"2025-09-02 22:45:10",1941,1623,80501,0,,7.2,40.9,21.69,15.05,,-7.4
"2025-09-02 22:45:11",1933,1615,80572,0,,7.3,40.2,21.76,15.1,,-7.4
"2025-09-02 22:45:12",1926,1608,80644,-36.694342,-71.86498,7.35,40.2,21.82,15.05,,-7.4
"2025-09-02 22:45:13",1918,1600,80717,0,,7.4,39.3,21.88,15.05,,-7.4
"2025-09-02 22:45:14",1910,1592,80787,0,,7.9,39.8,21.97,15.05,,-7.4
"2025-09-02 22:45:15",1902,1584,80858,-36.694177,-71.864817,7.85,38.5,22.04,15.05,,-7.5
"2025-09-02 22:45:17",1895,1577,80926,0,,7.45,38.1,22.09,15.05,,-7.4
"2025-09-02 22:45:18",1888,1570,80989,0,,7.2,36,22.14,15.05,,-7.4
"2025-09-02 22:45:19",1882,1564,81052,-36.694013,-71.864665,7.55,34.9,22.19,15.1,,-7.3
"2025-09-02 22:45:20",1868,1550,81177,0,,7.45,34.7,22.27,15.2,,-7.3
"2025-09-02 22:45:21",1861,1543,81246,-36.693847,-71.864528,7.2,33.9,22.31,15.25,,-7.3
"2025-09-02 22:45:22",1853,1535,81318,0,,7.5,36.2,22.34,15.3,,-7.4
"2025-09-02 22:45:23",1845,1527,81390,0,,7.25,32,22.39,15.3,,-7.4
"2025-09-02 22:45:24",1837,1519,81462,-36.693682,-71.864393,7.05,32.3,22.42,15.35,,-7.4
"2025-09-02 22:45:25",1830,1512,81531,0,,7.3,35.8,22.45,15.3,,-7.4
"2025-09-02 22:45:26",1823,1505,81598,0,,7.3,33.4,22.49,15.3,,-7.3
"2025-09-02 22:45:27",1816,1498,81666,-36.693515,-71.864258,7.6,29.9,22.56,15.3,,-7.3
"2025-09-02 22:45:28",1809,1491,81729,0,,7.45,30.2,22.59,15.35,,-7.2
"2025-09-02 22:45:29",1802,1484,81792,0,,7.35,29.8,22.63,15.35,,-7.2
"2025-09-02 22:45:30",1795,1477,81856,-36.693342,-71.864135,7.1,31.8,22.7,15.3,,-7.2
"2025-09-02 22:45:31",1788,1470,81919,0,,6.65,32.5,22.75,15.3,,-7.3
"2025-09-02 22:45:32",1781,1463,81985,0,,6.9,31,22.82,15.3,,-7.2
"2025-09-02 22:45:33",1774,1456,82052,-36.693182,-71.864015,7.1,31.6,22.89,15.25,,-7.2
"2025-09-02 22:45:34",1766,1448,82126,0,,,,22.95,15.2,,-7.2
"2025-09-02 22:45:35",1759,1441,82199,0,,,,23.01,15.15,,-7.2
"2025-09-02 22:45:36",1751,1433,82272,0,,,,23.07,15.1,30.75,-7.2
"2025-09-02 22:45:37",1744,1426,82334,0,,8.25,21.8,23.15,15.1,,-7.1
"2025-09-02 22:45:38",1738,1420,82397,0,,6.85,29.5,23.21,15.1,,-7.1
"2025-09-02 22:45:39",1731,1413,82460,-36.692835,-71.863792,6.95,31.1,23.27,15.1,,-7
"2025-09-02 22:45:40",1723,1405,82531,0,,6.7,22.5,23.31,15.1,,-7.1
"2025-09-02 22:45:41",1716,1398,82604,0,,6.95,26.5,23.38,15.1,,-7.2
"2025-09-02 22:45:42",1708,1390,82678,-36.692665,-71.86369,7.3,25.9,23.44,15.1,,-7.3
"2025-09-02 22:45:43",1701,1383,82743,0,,6.95,29.8,23.47,15.2,,-7.3
"2025-09-02 22:45:44",1694,1376,82806,0,,6.85,26,23.51,15.2,,-7.2
"2025-09-02 22:45:45",1687,1369,82870,-36.692495,-71.86358,7.2,24.3,23.54,15.3,,-7.2
"2025-09-02 22:45:46",1680,1362,82941,0,,7.5,22.6,23.58,15.4,,-7.2
"2025-09-02 22:45:47",1672,1354,83013,0,,6.7,26.3,23.63,15.45,,-7.2
"2025-09-02 22:45:48",1665,1347,83086,-36.69232,-71.863485,7.15,20.8,23.67,15.5,,-7.2
"2025-09-02 22:45:50",1650,1332,83221,0,,6.3,26.6,23.78,15.55,,-7.3
"2025-09-02 22:45:51",1643,1325,83288,-36.692155,-71.863387,7,22.7,23.82,15.55,,-7.3
"2025-09-02 22:45:52",1636,1318,83355,0,,6.15,20,23.87,15.65,,-7.2
"2025-09-02 22:45:53",1629,1311,83424,0,,4.75,23.5,23.9,15.8,,-7.2
"2025-09-02 22:45:54",1622,1304,83494,-36.692017,-71.863307,5.55,28.9,23.93,15.95,,-7.2
"2025-09-02 22:45:55",1615,1297,83561,0,,6.55,24.9,23.97,16.1,,-7.2
"2025-09-02 22:45:56",1607,1289,83630,0,,5.1,23,24.01,16.3,,-7.2
"2025-09-02 22:45:57",1600,1282,83700,-36.691882,-71.863225,5.6,30.3,24.04,16.4,,-7.3
"2025-09-02 22:45:58",1592,1274,83774,0,,5.25,24.9,24.08,16.55,,-7.3
"2025-09-02 22:45:59",1585,1267,83846,0,,5.4,22,24.13,16.65,,-7.3
"2025-09-02 22:46:00",1577,1259,83918,-36.69175,-71.863148,5.5,22.8,24.17,16.75,,-7.3
"2025-09-02 22:46:01",1571,1253,83979,0,,5.35,31.9,24.21,16.85,,-7.2
"2025-09-02 22:46:02",1564,1246,84043,0,,5.05,20.4,24.26,16.95,,-7.2
"2025-09-02 22:46:03",1557,1239,84108,-36.691625,-71.863072,5.35,28,24.3,17.2,31.25,-7.2
"2025-09-02 22:46:04",1550,1232,84180,0,,4.95,25.4,24.35,17.45,,-7.2
"2025-09-02 22:46:05",1542,1224,84250,0,,4.9,9.6,24.39,17.7,,-7.2
"2025-09-02 22:46:06",1535,1217,84320,-36.691507,-71.863022,4.15,21,24.42,17.9,,-7.2
"2025-09-02 22:46:07",1528,1210,84386,0,,3.3,17.1,24.46,18.2,,-7.2
"2025-09-02 22:46:08",1521,1203,84452,0,,4.3,14.2,24.49,18.55,,-7.1
"2025-09-02 22:46:09",1514,1196,84518,-36.691412,-71.862983,4,23.4,24.51,18.85,,-7.1
"2025-09-02 22:46:10",1507,1189,84585,0,,3.2,34.5,24.57,19,,-7.1
"2025-09-02 22:46:11",1500,1182,84653,0,,3.95,20.3,24.62,19.15,,-7.1
"2025-09-02 22:46:12",1493,1175,84722,-36.691325,-71.862933,3.7,24.1,24.66,19.3,,-7
"2025-09-02 22:46:13",1487,1169,84785,0,,4.1,25.3,24.72,19.65,,-7
"2025-09-02 22:46:14",1480,1162,84849,0,,4.1,25.3,24.81,20,,-7
"2025-09-02 22:46:15",1473,1155,84914,-36.691235,-71.862887,3.5,27.6,24.81,20.25,,-7
"2025-09-02 22:46:16",1467,1149,84978,0,,3.9,29.8,24.82,20.4,,-7
"2025-09-02 22:46:17",1460,1142,85042,0,,3.6,16,24.83,20.55,,-6.9
"2025-09-02 22:46:18",1453,1135,85106,-36.69115,-71.862843,3.5,24.8,24.92,20.65,,-6.9
"2025-09-02 22:46:20",1439,1121,85242,0,,3,22.6,25.04,20.85,,-6.8
"2025-09-02 22:46:21",1432,1114,85310,-36.691077,-71.862807,3,21,25.09,20.95,,-6.9
"2025-09-02 22:46:22",1426,1108,85374,0,,2.2,30.1,25.14,21.15,,-6.9
"2025-09-02 22:46:23",1419,1101,85441,0,,3.05,14.6,25.2,21.4,,-6.8
"2025-09-02 22:46:24",1412,1094,85508,-36.691012,-71.862782,2.4,10.6,25.24,21.65,,-6.8
"2025-09-02 22:46:25",1405,1087,85573,0,,3.1,15.2,25.29,21.85,,-6.8
"2025-09-02 22:46:26",1399,1081,85636,0,,2.75,17.2,25.32,22.05,,-6.8
"2025-09-02 22:46:27",1392,1074,85700,-36.690942,-71.86276,2.05,25.4,25.36,22.45,,-6.8
"2025-09-02 22:46:28",1385,1067,85767,0,,2.3,12.9,25.38,23.1,,-6.8
"2025-09-02 22:46:29",1378,1060,85834,0,,1.95,33.2,25.37,23.8,,-6.8
"2025-09-02 22:46:30",1371,1053,85902,-36.690895,-71.862743,1.1,10.4,25.37,24.45,31.75,-6.8
"2025-09-02 22:46:31",1363,1045,85977,0,,1.25,48.2,25.4,25,,-6.9
"2025-09-02 22:46:32",1356,1038,86050,0,,1.35,3.9,25.41,25.45,,-6.9
"2025-09-02 22:46:33",1348,1030,86124,-36.690867,-71.862737,0.8,3.9,25.44,25.8,,-7
"2025-09-02 22:46:34",1342,1024,86185,0,,1.25,357.4,25.48,26.1,,-6.9
"2025-09-02 22:46:35",1336,1018,86247,0,,1.55,11.2,25.5,26.35,,-6.9
"2025-09-02 22:46:36",1329,1011,86310,-36.690828,-71.862738,1.5,10.5,25.54,26.5,,-6.8
"2025-09-02 22:46:37",1323,1005,86373,0,,2.05,17,25.58,26.65,,-6.8
"2025-09-02 22:46:38",1316,998,86438,0,,1.55,27.2,25.59,26.75,,-6.8
"2025-09-02 22:46:39",1310,992,86504,-36.69079,-71.862728,1.15,11.8,25.65,26.9,,-6.9
"2025-09-02 22:46:40",1302,984,86573,0,,1.3,10.6,25.68,26.95,,-6.9
"2025-09-02 22:46:41",1295,977,86642,0,,1.65,15.2,25.72,27,,-6.9
"2025-09-02 22:46:42",1288,970,86712,-36.690752,-71.862723,1.35,14.4,25.76,27,,-6.9
"2025-09-02 22:46:43",1281,963,86783,0,,2.05,12.6,25.82,27.05,,-6.9
"2025-09-02 22:46:44",1274,956,86853,0,,1.85,12.7,25.85,27,,-6.9
"2025-09-02 22:46:45",1267,949,86924,-36.690702,-71.862713,1.8,11.8,25.91,27,,-6.9
"2025-09-02 22:46:46",1261,943,86984,0,,1.8,37,25.95,27,,-6.8
"2025-09-02 22:46:47",1254,936,87048,0,,2.35,40.9,26,27,,-6.8
"2025-09-02 22:46:48",1248,930,87112,-36.690657,-71.862682,1.55,19.7,26.08,26.95,,-6.8
"2025-09-02 22:46:50",1232,914,87261,0,,2.1,37.5,26.18,26.8,,-7
"2025-09-02 22:46:51",1225,907,87336,-36.690613,-71.862652,1.5,17.8,26.23,26.8,,-7
"2025-09-02 22:46:52",1218,900,87407,0,,1.65,39.2,26.27,26.75,,-7.1
"2025-09-02 22:46:53",1210,892,87477,0,,2.2,39.3,26.33,26.7,,-7.1
"2025-09-02 22:46:54",1203,885,87548,-36.69057,-71.862622,1.8,21.7,26.4,26.65,,-7.1
"2025-09-02 22:46:55",1197,879,87612,0,,1.8,39,26.45,26.6,,-7
"2025-09-02 22:46:56",1190,872,87678,0,,2,54,26.5,26.55,,-7
"2025-09-02 22:46:57",1184,866,87744,-36.690533,-71.862583,1.95,33.1,26.57,26.5,32.5,-7
"2025-09-02 22:46:58",1176,858,87815,0,,1.95,44,26.63,26.45,,-7
"2025-09-02 22:46:59",1169,851,87884,0,,2.25,62.8,26.68,26.4,,-7
"2025-09-02 22:47:00",1162,844,87954,-36.690495,-71.86253,1.95,46.4,26.74,26.35,,-7.1
"2025-09-02 22:47:01",1155,837,88026,0,,1.8,38.2,26.79,26.25,,-7.1
"2025-09-02 22:47:02",1148,830,88098,0,,2.3,58.9,26.86,26.15,,-7
"2025-09-02 22:47:03",1141,823,88170,-36.690455,-71.862478,1.9,42.9,26.92,26.15,,-7
"2025-09-02 22:47:04",1134,816,88237,0,,1.9,37.5,26.99,26.1,,-7
"2025-09-02 22:47:05",1127,809,88307,0,,2.35,44.5,27.05,26,,-7
"2025-09-02 22:47:06",1120,802,88378,-36.69041,-71.862427,2.4,42.2,27.12,25.95,,-7
"2025-09-02 22:47:07",1113,795,88444,0,,2.4,41.7,27.17,25.85,,-7
"2025-09-02 22:47:08",1106,788,88511,0,,2.55,42.5,27.22,25.85,,-7
"2025-09-02 22:47:09",1100,782,88578,-36.69036,-71.862368,2.35,43.1,27.29,25.75,,-7
"2025-09-02 22:47:10",1092,774,88652,0,,2.65,48.8,27.35,25.7,,-7
"2025-09-02 22:47:11",1085,767,88726,0,,2.65,47.4,27.41,25.65,,-7
"2025-09-02 22:47:12",1077,759,88800,-36.690307,-71.862303,2.65,37.3,27.47,25.55,,-7.1
"2025-09-02 22:47:13",1070,752,88870,0,,2.65,33.4,27.55,25.5,,-7.1
"2025-09-02 22:47:14",1063,745,88940,0,,2.7,36.3,27.58,25.45,,-7.1
"2025-09-02 22:47:15",1056,738,89010,-36.690245,-71.862245,3,35.4,27.65,25.4,,-7
"2025-09-02 22:47:16",1050,732,89071,0,,2.65,39.1,27.71,25.35,,-7
"2025-09-02 22:47:17",1044,726,89134,0,,2.8,52.4,27.78,25.3,,-6.9
"2025-09-02 22:47:18",1038,720,89198,-36.690188,-71.862178,2.95,32.8,27.85,25.25,,-6.9
"2025-09-02 22:47:20",1023,705,89342,0,,2.95,43.5,27.94,25.25,,-6.9
"2025-09-02 22:47:21",1016,698,89414,-36.690125,-71.862125,3.25,33.2,28,25.2,,-6.9
"2025-09-02 22:47:22",1009,691,89488,0,,3.25,31.4,28.05,25.15,,-7
"2025-09-02 22:47:23",1001,683,89561,0,,3.45,43.3,28.09,25.15,,-6.9
"2025-09-02 22:47:24",994,676,89634,-36.690048,-71.86205,3.75,32.8,28.15,25.1,33,-6.9
"2025-09-02 22:47:25",987,669,89705,0,,2.95,41.6,28.2,25.1,,-6.9
"2025-09-02 22:47:26",980,662,89774,0,,3.55,35.5,28.24,25.1,,-6.9
"2025-09-02 22:47:27",973,655,89844,-36.68997,-71.861975,4,31,28.3,25.05,,-6.9
"2025-09-02 22:47:28",967,649,89911,0,,3.45,38.3,28.35,25,,-6.9
"2025-09-02 22:47:29",960,642,89980,0,,3.4,39.5,28.42,25,,-7
"2025-09-02 22:47:30",953,635,90050,-36.689887,-71.8619,4.05,30.3,28.46,24.95,,-7
"2025-09-02 22:47:31",946,628,90119,0,,4.85,16.2,28.52,24.9,,-7
"2025-09-02 22:47:32",939,621,90191,0,,3.35,29.5,28.59,24.9,,-7.1
"2025-09-02 22:47:33",932,614,90264,-36.689785,-71.861838,4.4,27.6,28.65,24.8,,-7
"2025-09-02 22:47:34",924,606,90338,0,,4.45,33,28.71,24.75,,-7
"2025-09-02 22:47:35",917,599,90410,0,,3.6,31.8,28.78,24.7,,-7
"2025-09-02 22:47:36",910,592,90482,-36.689687,-71.861762,4.5,27.7,28.83,24.65,,-7
"2025-09-02 22:47:37",903,585,90552,0,,4.55,23.6,28.91,24.65,,-7
"2025-09-02 22:47:38",896,578,90627,0,,3.85,25.1,28.95,24.65,,-7.1
"2025-09-02 22:47:39",888,570,90702,-36.689585,-71.861688,4.45,40.7,29.01,24.55,,-7.1
"2025-09-02 22:47:40",881,563,90775,0,,4.15,36.6,29.07,24.55,,-7.1
"2025-09-02 22:47:41",875,557,90843,0,,4.1,32.9,29.12,24.45,,-7.1
"2025-09-02 22:47:42",868,550,90912,-36.68949,-71.8616,4.9,38.7,29.16,24.4,,-7.1
"2025-09-02 22:47:43",861,543,90983,0,,5.3,31.6,29.23,24.35,,-7.1
"2025-09-02 22:47:44",853,535,91057,0,,4.7,29.3,29.29,24.35,,-7.1
"2025-09-02 22:47:45",846,528,91132,-36.689377,-71.86151,5,32.6,29.35,24.25,,-7.1
"2025-09-02 22:47:46",839,521,91206,0,,4.6,25.1,29.4,24.2,,-7.1
"2025-09-02 22:47:47",832,514,91280,0,,4.65,27.4,29.46,24.2,,-7.1
"2025-09-02 22:47:48",824,506,91354,-36.689263,-71.861433,5.05,29.1,29.52,24.15,,-7.1
"2025-09-02 22:47:50",811,493,91492,0,,5,25.7,29.64,24.05,,-7.1
"2025-09-02 22:47:51",804,486,91562,-36.689143,-71.861358,5.2,26.5,29.69,24,34,-7
"2025-09-02 22:47:52",797,479,91636,0,,5.5,27,29.77,24,,-7
"2025-09-02 22:47:53",790,472,91709,0,,5.25,26.2,29.83,23.9,,-7.1
"2025-09-02 22:47:54",783,465,91782,-36.689017,-71.861275,5.25,27.4,29.88,23.8,,-7.1
"2025-09-02 22:47:55",775,457,91859,0,,6.4,29,29.95,23.75,,-7.1
"2025-09-02 22:47:56",768,450,91930,0,,5.65,25,30.01,23.75,,-7.1
"2025-09-02 22:47:57",761,443,92002,-36.688878,-71.861187,5.8,25.5,30.07,23.7,,-7
"2025-09-02 22:47:58",754,436,92071,0,,5.95,30.4,30.12,23.6,,-7
"2025-09-02 22:47:59",747,429,92144,0,,5.95,23.4,30.2,23.55,,-7
"2025-09-02 22:48:00",740,422,92218,-36.688735,-71.861102,6.1,26.2,30.27,23.5,,-7
"2025-09-02 22:48:01",733,415,92287,0,,5.85,37.5,30.28,23.4,,-7
"2025-09-02 22:48:02",726,408,92357,0,,6.4,25.7,30.28,23.4,,-7
"2025-09-02 22:48:03",720,402,92428,-36.688593,-71.861005,6.2,27.3,30.37,23.3,,-7
"2025-09-02 22:48:04",713,395,92501,0,,6.85,34.6,30.44,23.25,,-7
"2025-09-02 22:48:05",706,388,92573,0,,6.4,24.8,30.49,23.25,,-7
"2025-09-02 22:48:06",699,381,92646,-36.688447,-71.860905,5.9,27.2,30.55,23.2,,-7
"2025-09-02 22:48:07",692,374,92717,0,,6.4,28.3,30.61,23.15,,-7
"2025-09-02 22:48:08",684,366,92794,0,,6.65,30,30.64,23.1,,-7.1
"2025-09-02 22:48:09",677,359,92872,-36.688298,-71.860805,6.35,29.7,30.71,23.05,,-7.1
"2025-09-02 22:48:10",669,351,92946,0,,6.95,29.1,30.76,23,,-7.1
"2025-09-02 22:48:11",662,344,93018,0,,6.65,30.1,30.82,22.95,,-7.1
"2025-09-02 22:48:12",656,338,93090,-36.688145,-71.8607,6.15,31.5,30.88,22.9,,-7.1
"2025-09-02 22:48:13",649,331,93161,0,,6.7,29.2,30.93,22.85,,-7.1
"2025-09-02 22:48:14",641,323,93235,0,,6.7,31,30.97,22.85,,-7.1
"2025-09-02 22:48:15",634,316,93310,-36.68799,-71.860595,6.55,30.1,31.02,22.8,,-7.1
"2025-09-02 22:48:16",627,309,93383,0,,7,35.2,31.07,22.75,,-7.1
"2025-09-02 22:48:17",620,302,93454,0,,6.85,33,31.13,22.8,,-7.1
"2025-09-02 22:48:18",614,296,93526,-36.687838,-71.860477,6.6,31.7,31.18,22.75,34.75,-7.1
"2025-09-02 22:48:20",599,281,93675,0,,7.05,34.7,31.29,22.7,,-7.1
"2025-09-02 22:48:21",592,274,93752,-36.687688,-71.860355,6.65,35.4,31.36,22.65,,-7.1
"2025-09-02 22:48:22",585,267,93826,0,,7.1,34.1,31.42,22.6,,-7.1
"2025-09-02 22:48:23",578,260,93898,0,,6.75,35.7,31.47,22.55,,-7.1
"2025-09-02 22:48:24",571,253,93970,-36.687537,-71.860225,7,36.3,31.53,22.55,,-7.1
"2025-09-02 22:48:25",563,245,94049,0,,7.2,37,31.6,22.5,,-7.1
"2025-09-02 22:48:26",556,238,94127,0,,7.1,29.6,31.65,22.5,,-7.1
"2025-09-02 22:48:27",548,230,94206,-36.687372,-71.860095,7.25,34.6,31.73,22.4,,-7.1
"2025-09-02 22:48:28",541,223,94280,0,,7.8,37,31.8,22.4,,-7.2
"2025-09-02 22:48:29",534,216,94358,0,,7.15,30.9,31.86,22.4,,-7.2
"2025-09-02 22:48:30",526,208,94436,-36.687203,-71.859963,7.15,31.4,31.93,22.3,,-7.3
"2025-09-02 22:48:31",519,201,94513,0,,7.15,30.2,32,22.25,,-7.3
"2025-09-02 22:48:32",512,194,94588,0,,7.45,30.2,32.08,22.2,,-7.3
"2025-09-02 22:48:33",504,186,94664,-36.687033,-71.859842,7.55,31.1,32.12,22.15,,-7.2
"2025-09-02 22:48:34",497,179,94741,0,,7.75,28.7,32.2,22.05,,-7.3
"2025-09-02 22:48:35",489,171,94822,0,,7.6,28.7,32.26,22,,-7.3
"2025-09-02 22:48:36",482,164,94904,-36.686852,-71.859718,7.65,33.5,32.33,21.9,,-7.4
"2025-09-02 22:48:37",474,156,94979,0,,7.65,28.9,32.4,21.85,,-7.4
"2025-09-02 22:48:38",467,149,95055,0,,7.65,30.5,32.46,21.75,,-7.4
"2025-09-02 22:48:39",460,142,95132,-36.686673,-71.859588,7.65,36,32.52,21.7,,-7.4
"2025-09-02 22:48:40",452,134,95211,0,,8,33,32.59,21.6,,-7.4
"2025-09-02 22:48:41",445,127,95285,0,,7.65,31.9,32.65,21.5,,-7.3
"2025-09-02 22:48:42",438,120,95360,-36.686495,-71.859448,7.7,34.7,32.71,21.5,,-7.3
"2025-09-02 22:48:44",424,106,95511,0,,7.3,31.1,32.79,21.55,,-7.3
"2025-09-02 22:48:45",416,98,95590,-36.686323,-71.859312,6.85,37.7,32.81,21.6,35.5,-7.4
"2025-09-02 22:48:46",409,91,95666,0,,6.65,37.8,32.83,21.75,,-7.3
"2025-09-02 22:48:47",402,84,95741,0,,6.3,37.1,32.84,21.8,,-7.3
"2025-09-02 22:48:48",395,77,95816,-36.686183,-71.85918,5.9,44.3,32.88,21.85,,-7.2
"2025-09-02 23:23:30",308,-9,96742,0,,,,29.03,29.05,,
"2025-09-02 23:23:48",308,-9,96740,0,,,,29.15,29.15,,0
"2025-09-02 23:24:12",308,-9,96742,0,,,,29.08,28.9,,0
"2025-09-02 23:24:18",308,-9,96740,0,,,,29.07,28.85,29.75,0
"2025-09-02 23:24:30",308,-9,96742,0,,,,29.01,28.85,,0
"2025-09-02 23:24:36",308,-9,96742,0,,,,28.96,28.9,,0
"2025-09-02 23:24:42",308,-9,96740,0,,,,28.95,29.2,,0
"2025-09-02 23:24:48",307,-10,96744,0,,,,28.87,29.4,,0
"2025-09-02 23:24:54",307,-10,96746,0,,,,28.76,29.6,,0
"2025-09-02 23:25:00",308,-9,96740,0,,,,28.64,29.75,,0
"2025-09-02 23:25:06",307,-10,96744,0,,,,28.51,29.8,,0
"2025-09-02 23:25:12",307,-10,96744,0,,,,28.34,29.9,30,0
"2025-09-02 23:25:18",307,-10,96746,0,,,,28.22,29.7,,0
"2025-09-02 23:25:24",307,-10,96746,0,,,,28.08,29.8,,0
"2025-09-02 23:25:30",307,-10,96746,0,,,,27.94,30.05,,0
"2025-09-02 23:25:36",307,-10,96746,0,,,,27.85,30.15,,0
"2025-09-02 23:25:42",307,-10,96746,0,,,,27.78,30.3,,0
"2025-09-02 23:25:48",307,-10,96748,0,,,,27.77,30.4,,0
"2025-09-02 23:25:54",307,-10,96746,0,,,,27.78,30.6,,0
"2025-09-02 23:26:00",307,-10,96750,0,,,,27.79,30.6,,0
"2025-09-02 23:26:06",307,-10,96748,0,,,,27.8,30.7,30,0
"2025-09-02 23:26:12",307,-10,96748,0,,,,27.77,30.8,,0
"2025-09-02 23:26:18",307,-10,96744,0,,,,27.73,30.9,,0
"2025-09-02 23:26:24",307,-10,96744,0,,,,27.74,31.15,,0
"2025-09-02 23:26:30",307,-10,96744,0,,,,27.76,31.25,,0
"2025-09-02 23:26:36",307,-10,96748,0,,,,27.76,31.2,,0
"2025-09-02 23:26:42",307,-10,96748,0,,,,27.76,31,,0
"2025-09-02 23:26:48",307,-10,96744,0,,,,27.71,30.7,,0
"2025-09-02 23:27:00",307,-10,96746,0,,,,27.36,30.7,30,0
"2025-09-02 23:27:06",307,-10,96748,0,,,,27.22,30.6,,0
"2025-09-02 23:27:12",307,-10,96746,0,,,,26.85,30.55,,0
"2025-09-02 23:27:18",307,-10,96748,0,,,,26.52,31.25,,0
"2025-09-02 23:27:30",307,-10,96748,0,,,,26.54,32.5,,0
"2025-09-02 23:27:36",307,-10,96752,0,,,,26.75,32.85,,0
"2025-09-02 23:27:42",307,-10,96744,0,,,,26.96,32.55,,0
"2025-09-02 23:27:48",307,-10,96750,0,,,,27.15,32.3,,0
"2025-09-02 23:27:54",307,-10,96750,0,,,,27.37,32.15,29.75,0
"2025-09-02 23:28:00",307,-10,96750,0,,,,27.41,31.4,,0
"2025-09-02 23:28:06",307,-10,96746,0,,,,27.42,31.35,,0
"2025-09-02 23:28:12",307,-10,96750,0,,,,27.41,31.65,,0
"2025-09-02 23:28:18",307,-10,96748,0,,,,27.43,31.65,,0
"2025-09-02 23:28:24",307,-10,96750,0,,,,27.47,31.75,,0
"2025-09-02 23:28:30",307,-10,96748,0,,,,27.58,31.9,,0
"2025-09-02 23:28:36",307,-10,96748,0,,,,27.73,31.75,,0
"2025-09-02 23:28:42",307,-10,96748,0,,,,27.75,31.55,,0
"2025-09-02 23:28:48",307,-10,96748,0,,,,27.71,31.5,29.75,0
"2025-09-02 23:28:54",307,-10,96746,0,,,,27.64,31.55,,0
