timestamp,msl,agl,pressure,latitude,longitude,speed,heading,temperature,relative_humidity,internal_temperature,rise_speed
"2025-12-02 23:21:11",253,-1,98198,-38.266672,-72.725325,2.05,1.3,19.15,49.3,,0
"2025-12-02 23:21:13",256,1,98170,0,,2.75,22.1,19.04,49.35,,0.2
"2025-12-02 23:21:14",257,2,98156,-38.266565,-72.72528,4.6,19.3,19,49.45,,0.3
"2025-12-02 23:21:15",258,3,98143,0,,3.65,4.5,18.94,49.55,,0.3
"2025-12-02 23:21:16",259,4,98130,0,,1.8,346.1,18.89,49.65,,0.4
"2025-12-02 23:21:17",260,5,98118,-38.266473,-72.725247,4.45,33.7,18.85,49.75,,0.5
"2025-12-02 23:21:18",262,7,98101,0,,3.45,15,18.81,49.85,,0.7
"2025-12-02 23:21:19",263,8,98085,0,,4.15,34.7,18.77,49.95,,0.8
"2025-12-02 23:21:20",265,10,98070,-38.266363,-72.725165,5.05,26.2,18.73,50,,0.9
"2025-12-02 23:21:21",266,11,98052,0,,3.75,359.2,18.7,50.05,,0.9
"2025-12-02 23:21:22",268,13,98034,0,,4.7,20.9,18.68,50.15,,1.1
"2025-12-02 23:21:23",269,14,98016,-38.266248,-72.725137,4.4,347.1,18.65,50.2,,1.2
"2025-12-02 23:21:24",270,15,98006,0,,4.85,14.4,18.62,50.3,,1.3
"2025-12-02 23:21:25",271,16,97997,0,,5.95,15.5,18.61,50.35,,1.3
"2025-12-02 23:21:26",272,17,97988,-38.266108,-72.725122,6,340.8,18.59,50.45,,1.2
"2025-12-02 23:21:27",273,18,97976,0,,5.45,2.9,18.57,50.55,,1.2
"2025-12-02 23:21:28",274,19,97964,0,,4.05,3.3,18.55,50.6,,1.2
"2025-12-02 23:21:29",275,20,97952,-38.265968,-72.725105,6.4,30.1,18.53,50.65,,1.2
"2025-12-02 23:21:31",277,22,97926,0,,4.9,13.5,18.49,50.75,,1.2
"2025-12-02 23:21:32",278,23,97914,-38.265845,-72.725022,4.15,43.4,18.47,50.8,24.25,1.2
"2025-12-02 23:21:33",280,25,97895,0,,4.1,35.1,18.46,50.85,,1.1
"2025-12-02 23:21:34",281,26,97877,0,,5.35,22.6,18.45,50.9,,1.1
"2025-12-02 23:21:35",283,28,97860,-38.265738,-72.724945,3.3,355.3,18.43,50.9,,1.1
"2025-12-02 23:21:36",285,30,97839,0,,4.35,27,18.42,50.95,,1.2
"2025-12-02 23:21:37",287,32,97818,0,,6,23.2,18.39,51,,1.3
"2025-12-02 23:21:38",288,33,97798,-38.265625,-72.72489,3.3,358.8,18.36,51.05,,1.4
"2025-12-02 23:21:39",291,36,97772,0,,5.3,5.4,18.34,51.1,,1.5
"2025-12-02 23:21:40",293,38,97747,0,,4.45,359.7,18.31,51.1,,1.6
"2025-12-02 23:21:41",295,40,97722,-38.265505,-72.724877,4.55,6.8,18.28,51.15,,1.7
"2025-12-02 23:21:43",299,44,97676,0,,3.65,345.9,18.24,51.25,,1.7
"2025-12-02 23:21:44",301,46,97654,-38.265372,-72.724862,6.1,347.8,18.21,51.3,,1.8
"2025-12-02 23:21:45",303,48,97632,0,,6.1,8.8,18.2,51.35,,1.9
"2025-12-02 23:21:46",305,50,97611,0,,5.95,351.7,18.18,51.4,,1.9
"2025-12-02 23:21:47",307,52,97590,-38.265203,-72.72486,6.6,8.4,18.16,51.4,,2
"2025-12-02 23:21:48",309,54,97563,0,,5.05,7.9,18.14,51.45,,2
"2025-12-02 23:21:49",311,56,97537,0,,8.35,6.2,18.12,51.5,,2.1
"2025-12-02 23:21:50",314,59,97512,-38.265023,-72.724827,5.15,7.7,18.11,51.55,,2.1
"2025-12-02 23:21:51",316,61,97484,0,,6.65,31.4,18.09,51.6,,2.1
"2025-12-02 23:21:52",319,64,97456,0,,6.05,33.5,18.06,51.6,,2.1
"2025-12-02 23:21:53",321,66,97428,-38.264882,-72.724717,5,39.1,18.04,51.65,,2.2
"2025-12-02 23:21:54",324,69,97393,0,,6.2,16.8,18.01,51.7,,2.2
"2025-12-02 23:21:55",327,72,97360,0,,3.3,359.7,17.99,51.75,,2.3
"2025-12-02 23:21:56",330,75,97328,-38.264762,-72.724667,5,21.4,17.97,51.8,,2.4
"2025-12-02 23:21:57",333,78,97297,0,,4.9,21.6,17.96,51.8,,2.5
"2025-12-02 23:21:58",335,80,97266,0,,3.2,3.5,17.94,51.85,,2.5
"2025-12-02 23:21:59",338,83,97236,-38.26464,-72.724615,6.9,14.8,17.92,51.85,24,2.6
"2025-12-02 23:22:00",340,85,97212,0,,5.85,357.3,17.9,51.95,,2.6
"2025-12-02 23:22:01",342,87,97189,0,,5.3,11.3,17.87,52,,2.6
"2025-12-02 23:22:02",344,89,97166,-38.264482,-72.72459,6,9,17.86,52.05,,2.5
"2025-12-02 23:22:03",348,93,97122,0,,5.6,7.9,17.84,52.05,,2.7
"2025-12-02 23:22:04",352,97,97078,0,,10.2,8.6,17.84,52.1,,2.8
"2025-12-02 23:22:05",356,101,97034,-38.264293,-72.72458,6.1,315.7,17.82,52.15,,2.9
"2025-12-02 23:22:06",359,104,96995,0,,5.95,357.3,17.8,52.2,,2.9
"2025-12-02 23:22:07",363,108,96956,0,,7.55,353.2,17.79,52.25,,3
"2025-12-02 23:22:08",366,111,96918,-38.26413,-72.724618,5,349.5,17.76,52.25,,3
"2025-12-02 23:22:09",370,115,96871,0,,6.9,344,17.75,52.3,,3.1
"2025-12-02 23:22:10",374,119,96824,0,,8.8,2.2,17.74,52.35,,3.2
"2025-12-02 23:22:11",379,124,96778,-38.26394,-72.724645,6.45,353,17.72,52.35,,3.3
"2025-12-02 23:22:13",387,132,96679,0,,5.45,4.7,17.68,52.45,,3.6
"2025-12-02 23:22:14",392,137,96630,-38.263787,-72.724633,5.4,9,17.64,52.5,,3.8
"2025-12-02 23:22:15",401,146,96526,0,,7.3,22.1,17.57,52.55,,4.4
"2025-12-02 23:22:16",410,155,96421,0,,5.55,22.4,17.51,52.55,,4.8
"2025-12-02 23:22:17",420,165,96316,-38.263628,-72.724555,6.3,10.1,17.46,52.6,,5.2
"2025-12-02 23:22:18",425,170,96253,0,,5.6,28.6,17.41,52.65,,5.3
"2025-12-02 23:22:19",431,176,96191,0,,6,6.3,17.39,52.7,,5.5
"2025-12-02 23:22:20",436,181,96130,-38.263465,-72.724495,7.85,23.1,17.35,52.75,,5.7
"2025-12-02 23:22:21",441,186,96079,0,,5.5,24.5,17.3,52.8,,5.9
"2025-12-02 23:22:22",445,190,96028,0,,7.95,4.1,17.25,52.85,,5.9
"2025-12-02 23:22:23",450,195,95978,-38.263293,-72.724427,6,28.9,17.18,52.95,,5.9
"2025-12-02 23:22:24",454,199,95935,0,,5,353,17.14,53.05,,5.8
"2025-12-02 23:22:25",457,202,95892,0,,6.4,0.1,17.1,53.15,,5.8
"2025-12-02 23:22:26",461,206,95850,-38.26314,-72.724415,6.05,3.2,17.05,53.25,23.75,5.8
"2025-12-02 23:22:27",465,210,95805,0,,6.7,5,17,53.35,,5.7
"2025-12-02 23:22:28",469,214,95759,0,,5.05,5.9,16.95,53.45,,5.3
"2025-12-02 23:22:29",473,218,95714,-38.262978,-72.724407,6.05,1.3,16.91,53.55,,4.9
"2025-12-02 23:22:30",478,223,95665,0,,4.65,6.9,16.87,53.65,,4.5
"2025-12-02 23:22:31",482,227,95616,0,,5.9,355.6,16.83,53.75,,4.4
"2025-12-02 23:22:32",486,231,95568,-38.262827,-72.72441,5.75,356.6,16.8,53.85,,4.3
"2025-12-02 23:22:33",490,235,95531,0,,4.1,7.5,16.79,54,,4.1
"2025-12-02 23:22:34",493,238,95495,0,,6.05,352,16.78,54.1,,4
"2025-12-02 23:22:35",496,241,95460,-38.262688,-72.72441,4.95,14.6,16.78,54.15,,3.9
"2025-12-02 23:22:36",499,244,95429,0,,5.35,347.9,16.79,54.25,,3.8
"2025-12-02 23:22:37",502,247,95397,0,,5.25,1.9,16.78,54.35,,3.7
"2025-12-02 23:22:38",505,250,95366,-38.262557,-72.724407,4.25,8.8,16.78,54.4,,3.6
"2025-12-02 23:22:39",509,254,95321,0,,5.75,356,16.77,54.4,,3.6
"2025-12-02 23:22:40",512,257,95278,0,,4.25,16.3,16.76,54.45,,3.6
"2025-12-02 23:22:41",516,261,95236,-38.262422,-72.72439,6,358.9,16.72,54.45,,3.6
"2025-12-02 23:22:43",524,269,95145,0,,4.8,14.9,16.67,54.55,,3.5
"2025-12-02 23:22:44",529,274,95100,-38.26229,-72.724388,5.75,357.2,16.66,54.6,,3.5
"2025-12-02 23:22:45",533,278,95054,0,,4.3,13.4,16.63,54.65,,3.5
"2025-12-02 23:22:46",537,282,95008,0,,8.05,358.5,16.59,54.7,,3.6
"2025-12-02 23:22:47",541,286,94962,-38.262128,-72.724385,5.5,345.5,16.58,54.7,,3.7
"2025-12-02 23:22:48",545,290,94915,0,,6.75,20.8,16.51,54.75,,3.8
"2025-12-02 23:22:49",549,294,94870,0,,5.9,336.4,16.46,54.8,,3.9
"2025-12-02 23:22:50",553,298,94826,-38.261973,-72.724395,5.5,344.9,16.41,54.85,,4
"2025-12-02 23:22:51",555,300,94801,0,,10.5,354.6,16.37,54.95,,3.9
"2025-12-02 23:22:52",558,303,94776,0,,5.6,1.1,16.33,55,,3.8
"2025-12-02 23:22:53",560,305,94752,-38.261787,-72.724398,8,1.1,16.28,55.1,23,3.6
"2025-12-02 23:22:54",563,308,94722,0,,6.1,7.1,16.25,55.2,,3.5
"2025-12-02 23:22:55",565,310,94694,0,,5.05,357.2,16.23,55.25,,3.4
"2025-12-02 23:22:56",568,313,94666,-38.261627,-72.724395,5.7,353.1,16.21,55.35,,3.2
"2025-12-02 23:22:57",570,315,94642,0,,6,10.1,16.2,55.4,,3.1
"2025-12-02 23:22:58",572,317,94619,0,,5.2,337.3,16.19,55.5,,2.9
"2025-12-02 23:22:59",574,319,94596,-38.261473,-72.724403,6.75,7.4,16.18,55.55,,2.7
"2025-12-02 23:23:00",577,322,94566,0,,6.05,351.8,16.17,55.6,,2.6
"2025-12-02 23:23:01",579,324,94537,0,,5.85,350.8,16.14,55.65,,2.5
"2025-12-02 23:23:02",582,327,94508,-38.261303,-72.724415,7.25,2.6,16.13,55.7,,2.4
"2025-12-02 23:23:03",584,329,94483,0,,4.8,344.8,16.12,55.75,,2.4
"2025-12-02 23:23:04",586,331,94457,0,,7.25,357.6,16.1,55.8,,2.4
"2025-12-02 23:23:05",589,334,94432,-38.261135,-72.724428,5.85,359.4,16.09,55.85,,2.4
"2025-12-02 23:23:06",591,336,94401,0,,5.3,343.5,16.07,55.9,,2.4
"2025-12-02 23:23:07",594,339,94370,0,,6.3,2.9,16.04,55.9,,2.5
"2025-12-02 23:23:08",597,342,94340,-38.260985,-72.724447,4.95,347.4,16,55.95,,2.5
"2025-12-02 23:23:10",604,349,94266,0,,2.95,16.8,15.91,56.05,,2.6
"2025-12-02 23:23:11",607,352,94230,-38.260852,-72.72444,6.15,346.6,15.85,56.1,,2.7
"2025-12-02 23:23:14",619,364,94098,-38.260718,-72.724433,5.2,5.4,15.65,56.35,,3.1
"2025-12-02 23:23:16",627,372,94005,0,,7.15,6,15.55,56.6,,3.3
"2025-12-02 23:23:17",632,377,93958,-38.260555,-72.724417,5.6,0.8,15.51,56.7,,3.5
"2025-12-02 23:23:19",640,385,93868,0,,5.4,344.4,15.4,56.95,,3.8
"2025-12-02 23:23:20",644,389,93824,-38.26042,-72.724422,6.45,5.1,15.35,57.05,22.5,3.9
"2025-12-02 23:23:22",651,396,93745,0,,4.9,1.2,15.24,57.3,,3.9
"2025-12-02 23:23:23",655,400,93706,-38.260272,-72.724383,6.75,29.3,15.2,57.4,,3.9
"2025-12-02 23:23:25",662,407,93624,0,,5.15,12.8,15.09,57.7,,3.9
"2025-12-02 23:23:26",666,411,93584,-38.260148,-72.724342,3.15,15.8,15.05,57.85,,3.9
"2025-12-02 23:23:28",673,418,93503,0,,4.05,352.8,15,58.15,,3.8
"2025-12-02 23:23:29",677,422,93464,-38.260012,-72.724352,4.6,349.9,14.96,58.25,,3.7
"2025-12-02 23:23:30",680,425,93426,0,,7.2,7.2,14.94,58.3,,3.7
"2025-12-02 23:23:31",683,428,93388,0,,5.5,359.7,14.92,58.45,,3.7
"2025-12-02 23:23:32",687,432,93350,-38.259852,-72.724337,4.7,11.2,14.88,58.55,,3.6
"2025-12-02 23:23:33",690,435,93317,0,,6.1,357,14.84,58.65,,3.5
"2025-12-02 23:23:34",693,438,93286,0,,6.7,359,14.85,58.7,,3.5
"2025-12-02 23:23:35",695,440,93256,-38.259695,-72.724338,4.95,5.8,14.88,58.75,,3.4
"2025-12-02 23:23:36",698,443,93225,0,,6,350.6,14.91,58.75,,3.4
"2025-12-02 23:23:37",701,446,93193,0,,6.1,0.9,14.93,58.7,,3.3
"2025-12-02 23:23:38",704,449,93162,-38.259538,-72.724342,5.9,14,14.95,58.65,,3.2
"2025-12-02 23:23:39",707,452,93132,0,,4.7,353.8,14.98,58.55,,3.2
"2025-12-02 23:23:40",710,455,93102,0,,6.05,5.3,14.99,58.5,,3.1
"2025-12-02 23:23:41",712,457,93072,-38.259388,-72.724325,6.6,12.6,14.99,58.45,,3
"2025-12-02 23:23:42",715,460,93039,0,,5.3,354.3,14.96,58.5,,2.9
"2025-12-02 23:23:43",718,463,93007,0,,6.45,13.2,14.95,58.5,,2.9
"2025-12-02 23:23:44",721,466,92976,-38.259235,-72.724315,4.75,352.3,14.93,58.55,,2.8
"2025-12-02 23:23:45",724,469,92946,0,,6.85,14.8,14.93,58.55,,2.8
"2025-12-02 23:23:46",726,471,92917,0,,5.15,356.3,14.93,58.5,,2.8
"2025-12-02 23:23:47",729,474,92888,-38.259082,-72.724308,5.6,354.9,14.92,58.45,21.75,2.8
"2025-12-02 23:23:48",732,477,92851,0,,6.75,13.8,14.9,58.4,,2.8
"2025-12-02 23:23:49",736,481,92816,0,,5.3,19.7,14.88,58.45,,2.9
"2025-12-02 23:23:50",739,484,92782,-38.25892,-72.724257,7.7,17.8,14.87,58.45,,2.9
"2025-12-02 23:23:51",741,486,92757,0,,6.3,348,14.85,58.4,,2.9
"2025-12-02 23:23:52",743,488,92731,0,,6.3,16.6,14.84,58.4,,2.8
"2025-12-02 23:23:53",746,491,92706,-38.258748,-72.724243,7.15,354.9,14.81,58.45,,2.8
"2025-12-02 23:23:54",748,493,92682,0,,4.9,7.1,14.78,58.45,,2.7
"2025-12-02 23:23:55",750,495,92660,0,,6.55,4.4,14.76,58.5,,2.6
"2025-12-02 23:23:56",752,497,92638,-38.258587,-72.724248,6.25,343.7,14.74,58.55,,2.6
"2025-12-02 23:23:57",753,498,92623,0,,7,9.8,14.74,58.55,,2.5
"2025-12-02 23:23:58",755,500,92608,0,,7.5,4.2,14.74,58.5,,2.4
"2025-12-02 23:23:59",756,501,92594,-38.258407,-72.724247,4.5,351.6,14.74,58.45,,2.2
"2025-12-02 23:24:00",757,502,92578,0,,8.2,0.4,14.74,58.35,,2.2
"2025-12-02 23:24:01",759,504,92563,0,,6.3,2.8,14.76,58.2,,2
"2025-12-02 23:24:02",760,505,92548,-38.258223,-72.724248,6.6,2.3,14.77,58.1,,1.9
"2025-12-02 23:24:03",762,507,92534,0,,7.1,355,14.78,57.95,,1.7
"2025-12-02 23:24:04",763,508,92521,0,,5.9,14,14.81,57.8,,1.6
"2025-12-02 23:24:05",764,509,92508,-38.258047,-72.724242,7.15,353.5,14.84,57.65,,1.5
"2025-12-02 23:24:06",765,510,92495,0,,6.5,1.1,14.85,57.5,,1.5
"2025-12-02 23:24:07",766,511,92482,0,,7.1,10.5,14.86,57.4,,1.4
"2025-12-02 23:24:08",767,512,92470,-38.257862,-72.724238,6.9,349.4,14.86,57.35,,1.3
"2025-12-02 23:24:09",768,513,92462,0,,8.4,8,14.86,57.35,,1.2
"2025-12-02 23:24:10",769,514,92455,0,,7.15,348.2,14.86,57.35,,1.2
"2025-12-02 23:24:11",769,514,92448,-38.257658,-72.724248,7.5,1.8,14.86,57.3,,1.1
"2025-12-02 23:24:14",773,518,92414,-38.257458,-72.724238,8.25,14.9,14.84,57.35,21,1.1
"2025-12-02 23:24:15",773,518,92405,0,,7.25,344.9,14.83,57.4,,1
"2025-12-02 23:24:16",774,519,92396,0,,8.45,7.3,14.8,57.4,,1
"2025-12-02 23:24:17",775,520,92388,-38.25725,-72.724238,6.9,358.9,14.78,57.45,,0.9
"2025-12-02 23:24:18",776,521,92377,0,,5.8,358.3,14.77,57.5,,0.9
"2025-12-02 23:24:19",777,522,92366,0,,8.25,359.7,14.76,57.55,,0.9
"2025-12-02 23:24:20",778,523,92356,-38.257065,-72.724252,5.85,347.3,14.74,57.6,,0.9
"2025-12-02 23:24:21",779,524,92346,0,,7.35,1.8,14.74,57.65,,0.9
"2025-12-02 23:24:22",780,525,92337,0,,7.2,354.5,14.73,57.65,,0.9
"2025-12-02 23:24:23",781,526,92328,-38.256885,-72.724272,5.6,357.7,14.71,57.65,,0.9
"2025-12-02 23:24:24",781,526,92320,0,,8.85,358,14.72,57.65,,0.9
"2025-12-02 23:24:25",782,527,92312,0,,5.4,352,14.71,57.55,,0.9
"2025-12-02 23:24:26",783,528,92304,-38.256702,-72.724288,7.1,355.7,14.71,57.45,,0.8
"2025-12-02 23:24:27",784,529,92294,0,,7.15,349.3,14.72,57.35,,0.8
"2025-12-02 23:24:28",784,529,92285,0,,5.55,7.6,14.73,57.2,,0.9
"2025-12-02 23:24:29",785,530,92276,-38.256525,-72.724308,7.85,347.9,14.74,57.05,,0.9
"2025-12-02 23:24:30",786,531,92269,0,,4.65,349.7,14.74,56.8,,0.8
"2025-12-02 23:24:31",786,531,92263,0,,6.95,1.7,14.76,56.65,,0.8
"2025-12-02 23:24:32",787,532,92258,-38.256358,-72.724338,6.3,340.6,14.77,56.5,,0.8
"2025-12-02 23:24:33",788,533,92248,0,,6.25,3.6,14.8,56.4,,0.8
"2025-12-02 23:24:34",789,534,92239,0,,6.4,348.9,14.8,56.3,,0.8
"2025-12-02 23:24:35",790,535,92230,-38.256198,-72.724365,4.9,348.6,14.8,56.25,,0.8
"2025-12-02 23:24:36",790,535,92223,0,,7.5,5.9,14.8,56.2,,0.7
"2025-12-02 23:24:37",791,536,92217,0,,5.55,340.1,14.81,56.15,,0.7
"2025-12-02 23:24:38",791,536,92212,-38.256027,-72.72439,7.55,354,14.8,56.1,,0.7
"2025-12-02 23:24:39",792,537,92201,0,,6.95,348.2,14.8,56.05,,0.7
"2025-12-02 23:24:40",793,538,92190,0,,5.35,345.6,14.8,56.05,,0.7
"2025-12-02 23:24:41",794,539,92180,-38.255853,-72.724425,7.2,2.1,14.78,56,20.25,0.7
"2025-12-02 23:24:42",795,540,92170,0,,5.8,341.9,14.77,56,,0.8
"2025-12-02 23:24:43",796,541,92161,0,,6.1,10.4,14.76,56.05,,0.8
"2025-12-02 23:24:44",797,542,92152,-38.255693,-72.724433,6,355.2,14.75,56.05,,0.8
"2025-12-02 23:24:45",798,543,92138,0,,5.45,348.4,14.74,56.1,,0.8
"2025-12-02 23:24:46",799,544,92124,0,,7.75,5,14.73,56.15,,0.9
"2025-12-02 23:24:47",801,546,92110,-38.255528,-72.724447,4.2,358.4,14.71,56.2,,0.9
"2025-12-02 23:24:48",802,547,92099,0,,6.8,355.1,14.7,56.25,,1
"2025-12-02 23:24:49",802,547,92089,0,,6.5,356,14.69,56.3,,1
"2025-12-02 23:24:50",803,548,92080,-38.255365,-72.724465,5.1,356.8,14.67,56.3,,1
"2025-12-02 23:24:51",804,549,92069,0,,6.55,355.6,14.66,56.25,,1
"2025-12-02 23:24:52",805,550,92058,0,,4.6,3.9,14.66,56.25,,1
"2025-12-02 23:24:53",806,551,92048,-38.25521,-72.724473,5.7,350.5,14.65,56.3,,1
"2025-12-02 23:24:54",808,553,92033,0,,6.65,352.1,14.63,56.35,,1
"2025-12-02 23:24:55",809,554,92019,0,,4.1,6.3,14.62,56.4,,1.1
"2025-12-02 23:24:56",810,555,92006,-38.255058,-72.724497,6.65,343.4,14.61,56.45,,1.1
"2025-12-02 23:24:57",811,556,91993,0,,5.55,3.6,14.61,56.5,,1.1
"2025-12-02 23:24:58",813,558,91980,0,,5.75,356.3,14.6,56.5,,1.1
"2025-12-02 23:24:59",814,559,91968,-38.25489,-72.724508,7.7,356.4,14.61,56.4,,1.1
"2025-12-02 23:25:00",815,560,91951,0,,4.95,348.7,14.61,56.3,,1.1
"2025-12-02 23:25:01",817,562,91934,0,,7.95,354.4,14.62,56.15,,1.2
"2025-12-02 23:25:02",818,563,91918,-38.254718,-72.724543,5.8,349,14.61,56,,1.2
"2025-12-02 23:25:03",819,564,91906,0,,5.9,351,14.61,56,,1.3
"2025-12-02 23:25:04",820,565,91895,0,,7.75,356.7,14.61,56.05,,1.3
"2025-12-02 23:25:05",821,566,91884,-38.25455,-72.724578,4.95,346.7,14.61,55.95,,1.3
"2025-12-02 23:25:06",823,568,91871,0,,7.3,4,14.62,55.95,,1.3
"2025-12-02 23:25:07",824,569,91858,0,,6.25,341.6,14.63,55.75,,1.2
"2025-12-02 23:25:08",825,570,91846,-38.254382,-72.724618,6.15,345,14.65,55.55,20,1.2
"2025-12-02 23:25:09",826,571,91838,0,,7,351.3,14.65,55.35,,1.2
"2025-12-02 23:25:10",826,571,91830,0,,5.35,336.3,14.66,55.25,,1.2
"2025-12-02 23:25:11",827,572,91822,-38.254217,-72.724672,5.75,358.3,14.65,55.2,,1.1
"2025-12-02 23:25:14",830,575,91790,-38.254058,-72.724737,7.15,339.8,14.63,55.3,,1
"2025-12-02 23:25:15",831,576,91780,0,,5.95,332.3,14.61,55.3,,1
"2025-12-02 23:25:16",832,577,91771,0,,5.8,0.8,14.6,55.35,,1
"2025-12-02 23:25:17",833,578,91762,-38.253897,-72.724802,7.2,335.6,14.59,55.45,,1
"2025-12-02 23:25:18",834,579,91752,0,,5.75,356.7,14.57,55.55,,0.9
"2025-12-02 23:25:19",835,580,91743,0,,6.8,347.5,14.55,55.6,,0.9
"2025-12-02 23:25:20",835,580,91734,-38.253733,-72.724853,5.65,337.5,14.52,55.75,,0.9
"2025-12-02 23:25:21",837,582,91721,0,,6.75,3.6,14.52,55.85,,0.9
"2025-12-02 23:25:22",838,583,91708,0,,5.8,335.3,14.48,55.9,,0.9
"2025-12-02 23:25:23",839,584,91696,-38.253575,-72.724888,5.8,357.9,14.45,56.05,,1
"2025-12-02 23:25:24",840,585,91683,0,,6.45,342.7,14.43,56.25,,1
"2025-12-02 23:25:25",841,586,91670,0,,4.85,342.2,14.4,56.45,,1
"2025-12-02 23:25:26",842,587,91658,-38.253418,-72.72493,7.15,0.7,14.37,56.6,,1
"2025-12-02 23:25:27",843,588,91647,0,,4.85,334.2,14.35,56.7,,1
"2025-12-02 23:25:28",844,589,91636,0,,5.85,3.2,14.33,56.75,,1
"2025-12-02 23:25:29",845,590,91626,-38.253268,-72.724963,5.55,343.2,14.32,56.8,,1
"2025-12-02 23:25:30",846,591,91615,0,,5,345.8,14.31,56.9,,1
"2025-12-02 23:25:31",847,592,91605,0,,6.4,0,14.3,56.9,,1
"2025-12-02 23:25:32",848,593,91596,-38.253127,-72.724997,4.15,333.1,14.29,56.9,,1
"2025-12-02 23:25:33",849,594,91584,0,,5.75,359.6,14.29,56.85,,1.1
"2025-12-02 23:25:34",850,595,91573,0,,4.95,341.5,14.29,56.8,,1
"2025-12-02 23:25:35",851,596,91562,-38.252998,-72.72503,4.15,353.9,14.29,56.75,19.75,1
"2025-12-02 23:25:36",852,597,91550,0,,6.8,341.2,14.29,56.7,,1
"2025-12-02 23:25:37",853,598,91539,0,,5.45,352.8,14.31,56.55,,1
"2025-12-02 23:25:38",854,599,91528,-38.252847,-72.72508,6.2,345,14.32,56.4,,1
"2025-12-02 23:25:40",856,601,91508,0,,6.35,353.1,14.35,56.1,,1
"2025-12-02 23:25:41",857,602,91498,-38.252692,-72.725138,5.05,327,14.36,55.95,,1
"2025-12-02 23:25:44",860,605,91468,-38.252562,-72.725198,5.8,333.2,14.44,55.35,,1
"2025-12-02 23:25:46",861,606,91455,0,,5.8,330.2,14.49,54.85,,0.9
"2025-12-02 23:25:47",862,607,91450,-38.252438,-72.72526,5.4,342.5,14.52,54.65,,0.9
"2025-12-02 23:25:49",863,608,91432,0,,6.9,336.3,14.57,54.05,,0.8
"2025-12-02 23:25:50",864,609,91424,-38.252313,-72.725325,3.35,351.5,14.6,53.8,,0.8
"2025-12-02 23:25:52",865,610,91407,0,,5.15,341.2,14.64,53.3,,0.8
"2025-12-02 23:25:53",866,611,91400,-38.252192,-72.725383,3.75,339.2,14.66,53.1,,0.8
"2025-12-02 23:25:55",868,613,91382,0,,6.5,339.7,14.67,52.9,,0.8
"2025-12-02 23:25:56",869,614,91374,-38.25207,-72.725448,5.05,350.2,14.69,52.8,,0.7
"2025-12-02 23:25:57",869,614,91364,0,,4.65,338.6,14.67,52.8,,0.7
"2025-12-02 23:25:58",870,615,91355,0,,4.8,324.2,14.67,52.75,,0.8
"2025-12-02 23:25:59",871,616,91346,-38.251945,-72.725515,5.9,344.8,14.67,52.7,,0.8
"2025-12-02 23:26:00",872,617,91338,0,,3.6,310.4,14.66,52.7,,0.8
"2025-12-02 23:26:01",873,618,91331,0,,5.2,345,14.66,52.6,,0.8
"2025-12-02 23:26:02",873,618,91324,-38.251832,-72.725585,4.75,331.6,14.67,52.55,19.5,0.8
"2025-12-02 23:26:03",874,619,91315,0,,4.75,327.7,14.67,52.45,,0.8
"2025-12-02 23:26:04",875,620,91307,0,,5.7,343.5,14.69,52.4,,0.8
"2025-12-02 23:26:05",876,621,91300,-38.251713,-72.725663,4.55,316.2,14.7,52.3,,0.8
"2025-12-02 23:26:06",876,621,91290,0,,5.25,354.8,14.71,52.2,,0.8
"2025-12-02 23:26:07",877,622,91281,0,,5.25,354.8,14.72,52.05,,0.8
"2025-12-02 23:26:08",878,623,91272,-38.251603,-72.725728,3.9,331.9,14.73,51.95,,0.8
"2025-12-02 23:26:09",879,624,91261,0,,5.95,339.3,14.74,51.85,,0.8
"2025-12-02 23:26:10",880,625,91251,0,,3.25,313.9,14.74,51.75,,0.8
"2025-12-02 23:26:11",881,626,91242,-38.251492,-72.7258,5.75,339.2,14.75,51.65,,0.8
"2025-12-02 23:26:13",882,627,91226,0,,4.15,330.5,14.76,51.45,,0.8
"2025-12-02 23:26:14",883,628,91218,-38.251377,-72.72588,6.2,333,14.77,51.35,,0.8
"2025-12-02 23:26:15",884,629,91207,0,,2.8,337.5,14.77,51.3,,0.8
"2025-12-02 23:26:16",885,630,91197,0,,5.8,331.8,14.77,51.2,,0.9
"2025-12-02 23:26:17",886,631,91188,-38.251262,-72.725953,4.85,329.6,14.77,51.2,,0.9
"2025-12-02 23:26:18",887,632,91178,0,,3.45,337,14.77,51.15,,0.9
"2025-12-02 23:26:19",888,633,91168,0,,6.2,326.9,14.77,51.1,,0.9
"2025-12-02 23:26:20",889,634,91158,-38.251158,-72.726027,2.85,335.1,14.77,51.05,,0.9
"2025-12-02 23:26:21",890,635,91147,0,,5.45,331.8,14.76,51.05,,0.9
"2025-12-02 23:26:22",891,636,91137,0,,4.85,327.2,14.76,51,,0.9
"2025-12-02 23:26:23",892,637,91128,-38.251052,-72.726103,3.55,335.1,14.76,51,,0.9
"2025-12-02 23:26:24",892,637,91117,0,,5.95,325.1,14.75,50.95,,0.9
"2025-12-02 23:26:25",893,638,91106,0,,3.05,342.9,14.75,50.95,,0.9
"2025-12-02 23:26:26",894,639,91096,-38.250945,-72.726178,5.7,325.2,14.74,50.9,,0.9
"2025-12-02 23:26:27",896,641,91084,0,,4.85,337.3,14.74,50.9,,1
"2025-12-02 23:26:28",897,642,91073,0,,4.35,337.9,14.74,50.9,,1
"2025-12-02 23:26:29",898,643,91062,-38.250828,-72.726258,5.95,323.7,14.74,50.85,19.25,1
"2025-12-02 23:26:30",899,644,91050,0,,3.5,340.2,14.73,50.85,,1
"2025-12-02 23:26:31",900,645,91039,0,,5.55,322.3,14.72,50.8,,1
"2025-12-02 23:26:32",901,646,91028,-38.250718,-72.726338,5.75,332.8,14.72,50.8,,1
"2025-12-02 23:26:33",902,647,91015,0,,3.6,339.3,14.71,50.8,,1
"2025-12-02 23:26:34",903,648,91002,0,,5.05,320.4,14.7,50.8,,1
"2025-12-02 23:26:35",904,649,90990,-38.250612,-72.726412,4.55,348.3,14.69,50.8,,1.1
"2025-12-02 23:26:36",905,650,90978,0,,4.9,311.4,14.67,50.75,,1.1
"2025-12-02 23:26:37",906,651,90967,0,,4.7,335.6,14.67,50.75,,1.1
"2025-12-02 23:26:38",908,653,90956,-38.250505,-72.726502,4.75,335.7,14.66,50.75,,1.1
"2025-12-02 23:26:39",909,654,90945,0,,4.25,307,14.65,50.8,,1.1
"2025-12-02 23:26:40",910,655,90934,0,,6.2,338.4,14.64,50.8,,1.1
"2025-12-02 23:26:41",911,656,90924,-38.250395,-72.726593,3.65,317.6,14.63,50.8,,1.1
"2025-12-02 23:26:43",913,658,90894,0,,4.65,332.8,14.61,50.8,,1.1
"2025-12-02 23:26:44",915,660,90880,-38.25029,-72.726683,4.15,316.6,14.61,50.85,,1.1
"2025-12-02 23:26:45",916,661,90868,0,,6.45,327.1,14.6,50.85,,1.1
"2025-12-02 23:26:46",917,662,90856,0,,2.95,337,14.58,50.85,,1.1
"2025-12-02 23:26:47",918,663,90844,-38.25018,-72.726773,5.85,322.3,14.58,50.85,,1.1
"2025-12-02 23:26:48",919,664,90832,0,,4.9,333.2,14.57,50.9,,1.1
"2025-12-02 23:26:49",920,665,90821,0,,3.8,323.9,14.56,50.9,,1.1
"2025-12-02 23:26:50",921,666,90810,-38.250065,-72.726865,6.65,327.1,14.55,50.9,,1.1
"2025-12-02 23:26:51",922,667,90798,0,,3.1,326.8,14.54,50.9,,1.1
"2025-12-02 23:26:52",923,668,90786,0,,5.6,326.4,14.52,50.95,,1.1
"2025-12-02 23:26:53",925,670,90774,-38.249953,-72.726957,4.9,328.9,14.52,50.95,,1.2
"2025-12-02 23:26:54",926,671,90759,0,,3.85,319.1,14.51,50.9,,1.2
"2025-12-02 23:26:55",927,672,90744,0,,6.4,328.8,14.5,50.9,,1.2
"2025-12-02 23:26:56",929,674,90730,-38.249847,-72.727052,3.15,316.7,14.49,50.95,19,1.2
"2025-12-02 23:26:57",930,675,90720,0,,5.6,331.5,14.48,51,,1.2
"2025-12-02 23:26:58",931,676,90710,0,,4.5,329.1,14.46,51,,1.1
"2025-12-02 23:26:59",931,676,90700,-38.24974,-72.727137,4.25,316.5,14.45,51,,1.1
"2025-12-02 23:27:00",933,678,90686,0,,5.95,339.1,14.44,51,,1.1
"2025-12-02 23:27:01",934,679,90673,0,,4.1,303.6,14.44,51.05,,1.2
"2025-12-02 23:27:02",935,680,90660,-38.249632,-72.72723,5.3,333.1,14.42,51.05,,1.2
"2025-12-02 23:27:03",936,681,90649,0,,4.25,326.3,14.41,51.05,,1.2
"2025-12-02 23:27:04",937,682,90637,0,,3.8,319.8,14.4,51.1,,1.2
"2025-12-02 23:27:05",938,683,90626,-38.249528,-72.727305,5.2,342,14.39,51.1,,1.2
"2025-12-02 23:27:06",940,685,90613,0,,4.6,306.7,14.39,51.1,,1.2
"2025-12-02 23:27:07",941,686,90600,0,,4.6,337.6,14.36,51.15,,1.1
"2025-12-02 23:27:08",942,687,90588,-38.249423,-72.72739,5.1,330.3,14.35,51.15,,1.1
"2025-12-02 23:27:09",943,688,90577,0,,4.9,313.5,14.34,51.15,,1.1
"2025-12-02 23:27:10",944,689,90566,0,,5.4,337.5,14.33,51.2,,1.1
"2025-12-02 23:27:11",945,690,90556,-38.24931,-72.727487,5.25,315.2,14.32,51.2,,1.1
"2025-12-02 23:27:13",947,692,90529,0,,4.35,342.6,14.3,51.25,,1.1
"2025-12-02 23:27:14",949,694,90516,-38.249205,-72.727583,5.45,310.4,14.29,51.3,,1.1
"2025-12-02 23:27:15",950,695,90504,0,,4.4,332.2,14.28,51.3,,1.1
"2025-12-02 23:27:16",951,696,90493,0,,4.95,328.4,14.27,51.3,,1.1
"2025-12-02 23:27:17",952,697,90482,-38.249102,-72.727678,4.8,316.8,14.25,51.3,,1.1
"2025-12-02 23:27:18",953,698,90467,0,,5.05,347.2,14.24,51.3,,1.1
"2025-12-02 23:27:19",955,700,90452,0,,5.15,309.3,14.22,51.35,,1.2
"2025-12-02 23:27:20",956,701,90438,-38.248993,-72.727768,4.95,334.9,14.21,51.35,,1.2
"2025-12-02 23:27:21",957,702,90424,0,,4.9,327.3,14.2,51.4,,1.2
"2025-12-02 23:27:22",959,704,90411,0,,4.5,307.2,14.19,51.45,,1.2
"2025-12-02 23:27:23",960,705,90398,-38.248885,-72.72786,6.2,341.3,14.18,51.45,19,1.2
"2025-12-02 23:27:24",961,706,90384,0,,4.3,314.6,14.17,51.45,,1.2
"2025-12-02 23:27:25",962,707,90371,0,,4.55,326.9,14.16,51.45,,1.2
"2025-12-02 23:27:26",964,709,90358,-38.248772,-72.727953,6.2,331.3,14.15,51.45,,1.2
"2025-12-02 23:27:27",964,709,90348,0,,3.1,330.2,14.14,51.45,,1.2
"2025-12-02 23:27:28",965,710,90339,0,,5.75,323.4,14.12,51.45,,1.2
"2025-12-02 23:27:29",966,711,90330,-38.248662,-72.728042,5.15,325.2,14.11,51.45,,1.2
"2025-12-02 23:27:30",967,712,90318,0,,4.1,344.6,14.09,51.4,,1.2
"2025-12-02 23:27:31",968,713,90306,0,,4.1,344.6,14.07,51.4,,1.2
"2025-12-02 23:27:32",970,715,90294,-38.248552,-72.728123,4.25,342,14.06,51.45,,1.1
"2025-12-02 23:27:33",971,716,90281,0,,5.15,324.4,14.05,51.45,,1.1
"2025-12-02 23:27:34",972,717,90269,0,,5.15,322.4,14.04,51.45,,1.1
"2025-12-02 23:27:35",973,718,90258,-38.248437,-72.728208,5.3,342.7,14.03,51.5,,1.1
"2025-12-02 23:27:36",974,719,90245,0,,4.85,312.9,14.02,51.5,,1.1
"2025-12-02 23:27:37",975,720,90232,0,,5.7,336.7,14.01,51.5,,1.1
"2025-12-02 23:27:38",976,721,90220,-38.248318,-72.728305,5.25,322.9,14,51.5,,1.1
"2025-12-02 23:27:39",978,723,90206,0,,3.95,324.2,13.99,51.5,,1.1
"2025-12-02 23:27:40",979,724,90194,0,,6.45,335.5,13.98,51.5,,1.1
"2025-12-02 23:27:41",980,725,90182,-38.248203,-72.728397,4.05,316.7,13.97,51.5,,1.1
"2025-12-02 23:27:44",984,729,90144,-38.248088,-72.728482,3.5,337.4,13.92,51.45,,1.2
"2025-12-02 23:27:45",985,730,90130,0,,6.95,334.9,13.91,51.45,,1.2
"2025-12-02 23:27:46",986,731,90117,0,,4,327.7,13.89,51.45,,1.2
"2025-12-02 23:27:47",987,732,90104,-38.247965,-72.72856,5.3,337.7,13.88,51.5,,1.2
"2025-12-02 23:27:49",990,735,90079,0,,3.45,339.9,13.83,51.55,,1.2
"2025-12-02 23:27:50",991,736,90068,-38.247837,-72.728638,6.8,329.6,13.83,51.6,18.5,1.2
"2025-12-02 23:27:51",992,737,90057,0,,4.65,341,13.83,51.6,,1.2
"2025-12-02 23:27:52",993,738,90046,0,,4.9,336.7,13.83,51.6,,1.2
"2025-12-02 23:27:53",994,739,90036,-38.247705,-72.728722,6.6,326.9,13.82,51.6,,1.1
"2025-12-02 23:27:54",995,740,90025,0,,4.5,352.9,13.82,51.6,,1.1
"2025-12-02 23:27:55",996,741,90014,0,,5.65,323.3,13.82,51.65,,1.1
"2025-12-02 23:27:56",997,742,90004,-38.24757,-72.728797,6.1,344.7,13.82,51.65,,1.1
"2025-12-02 23:27:57",998,743,89995,0,,4.25,329.3,13.82,51.7,,1.1
"2025-12-02 23:27:58",998,743,89986,0,,6.55,331.3,13.82,51.7,,1
"2025-12-02 23:27:59",999,744,89978,-38.24744,-72.728875,4.2,351.7,13.82,51.75,,1
"2025-12-02 23:28:00",1000,745,89966,0,,6.55,330.2,13.82,51.75,,1
"2025-12-02 23:28:01",1001,746,89955,0,,5.4,335.6,13.82,51.75,,1
"2025-12-02 23:28:02",1002,747,89944,-38.247307,-72.728958,4.75,330.2,13.82,51.75,,1
"2025-12-02 23:28:03",1003,748,89935,0,,7.2,333.6,13.82,51.75,,1
"2025-12-02 23:28:04",1004,749,89926,0,,4.4,321.1,13.81,51.75,,0.9
"2025-12-02 23:28:05",1005,750,89918,-38.247167,-72.729063,6.25,340.4,13.76,51.8,,0.9
"2025-12-02 23:28:06",1006,751,89907,0,,5.95,332.8,13.75,51.75,,0.9
"2025-12-02 23:28:07",1007,752,89895,0,,4.8,323.4,13.74,51.8,,0.9
"2025-12-02 23:28:08",1008,753,89884,-38.247028,-72.729148,7.05,346.8,13.73,51.8,,1
"2025-12-02 23:28:11",1010,755,89860,-38.246888,-72.729237,6.25,344.4,13.7,51.8,,0.9
"2025-12-02 23:28:14",1014,759,89822,-38.246748,-72.729315,6.35,332.4,13.67,51.85,,1
"2025-12-02 23:28:16",1016,761,89802,0,,6.5,353.6,13.66,51.9,,1
"2025-12-02 23:28:17",1017,762,89792,-38.246593,-72.72939,6.8,326.3,13.67,51.75,18.5,1
"2025-12-02 23:28:19",1019,764,89765,0,,5.7,339.5,13.69,51.1,,1
"2025-12-02 23:28:20",1020,765,89752,-38.246445,-72.729455,5.6,333.3,13.71,50.75,,1
"2025-12-02 23:28:22",1023,768,89728,0,,4.85,336.7,13.74,50.2,,1
"2025-12-02 23:28:23",1024,769,89716,-38.24629,-72.729505,7.2,345.6,13.78,49.95,,1.1
"2025-12-02 23:28:25",1026,771,89697,0,,5.5,345,13.82,49.45,,1.1
"2025-12-02 23:28:26",1027,772,89688,-38.246122,-72.729558,8.15,346.1,13.82,49.25,,1.1
"2025-12-02 23:28:27",1028,773,89674,0,,4.7,351.1,13.82,48.9,,1.1
"2025-12-02 23:28:28",1029,774,89661,0,,7.15,349.4,13.82,48.6,,1.1
"2025-12-02 23:28:29",1030,775,89648,-38.24595,-72.729607,7,347.8,13.82,48.2,,1.1
"2025-12-02 23:28:30",1032,777,89634,0,,5.95,357.6,13.82,47.9,,1.1
"2025-12-02 23:28:31",1033,778,89620,0,,7.65,344.4,13.83,47.6,,1.2
"2025-12-02 23:28:32",1034,779,89606,-38.245778,-72.729642,5.1,359.7,13.83,47.35,,1.2
"2025-12-02 23:28:33",1035,780,89592,0,,6.7,347.4,13.83,47.1,,1.2
"2025-12-02 23:28:34",1037,782,89579,0,,6.35,342.9,13.83,46.9,,1.2
"2025-12-02 23:28:35",1038,783,89566,-38.24562,-72.729682,5.3,1.1,13.87,46.7,,1.2
"2025-12-02 23:28:36",1039,784,89550,0,,8,343.9,13.87,46.45,,1.2
"2025-12-02 23:28:37",1041,786,89536,0,,5.35,358.1,13.9,46.3,,1.3
"2025-12-02 23:28:38",1042,787,89522,-38.245448,-72.729717,6.75,354.2,13.91,46.05,,1.3
"2025-12-02 23:28:39",1043,788,89512,0,,7.2,353.8,13.91,45.85,,1.3
"2025-12-02 23:28:40",1044,789,89503,0,,5.2,12.3,13.91,45.7,,1.2
"2025-12-02 23:28:41",1045,790,89494,-38.245278,-72.729723,7.2,348.3,13.93,45.5,,1.2
"2025-12-02 23:28:43",1048,793,89457,0,,5.9,357,14,44.7,,1.3
"2025-12-02 23:28:44",1050,795,89438,-38.245105,-72.729723,7.45,355.5,14.03,44.3,18.5,1.3
"2025-12-02 23:28:45",1052,797,89420,0,,5.85,5.7,14.06,43.75,,1.4
"2025-12-02 23:28:46",1054,799,89402,0,,7.15,355.6,14.09,43.3,,1.4
"2025-12-02 23:28:47",1055,800,89384,-38.244927,-72.72972,6.15,9.4,14.12,42.95,,1.4
"2025-12-02 23:28:48",1057,802,89367,0,,6.2,0.4,14.15,42.55,,1.4
"2025-12-02 23:28:49",1058,803,89350,0,,7.8,0.1,14.18,42.05,,1.5
"2025-12-02 23:28:50",1060,805,89334,-38.244745,-72.7297,6.1,15.6,14.2,41.55,,1.5
"2025-12-02 23:28:51",1062,807,89316,0,,7.9,356,14.22,41.2,,1.5
"2025-12-02 23:28:52",1063,808,89299,0,,6.4,11.4,14.24,40.85,,1.6
"2025-12-02 23:28:53",1065,810,89282,-38.244555,-72.72967,7.7,10.3,14.26,40.5,,1.6
"2025-12-02 23:28:54",1067,812,89263,0,,6.75,353.9,14.27,40.25,,1.7
"2025-12-02 23:28:55",1068,813,89245,0,,7.5,18.4,14.28,39.95,,1.7
"2025-12-02 23:28:56",1070,815,89228,-38.24436,-72.72965,8.1,354.3,14.29,39.65,,1.7
"2025-12-02 23:28:57",1072,817,89211,0,,5.35,12.6,14.29,39.5,,1.6
"2025-12-02 23:28:58",1073,818,89195,0,,7.3,8.3,14.3,39.25,,1.6
"2025-12-02 23:28:59",1075,820,89180,-38.244183,-72.729633,6.5,354.2,14.3,39,,1.6
"2025-12-02 23:29:00",1076,821,89162,0,,8.3,11.8,14.31,38.8,,1.6
"2025-12-02 23:29:01",1078,823,89144,0,,7.1,356.9,14.31,38.65,,1.6
"2025-12-02 23:29:02",1080,825,89126,-38.243988,-72.729615,7,12,14.3,38.6,,1.6
"2025-12-02 23:29:03",1081,826,89109,0,,8.7,4.2,14.3,38.6,,1.6
"2025-12-02 23:29:04",1083,828,89093,0,,5.5,8.6,14.29,38.55,,1.6
"2025-12-02 23:29:05",1084,829,89078,-38.24379,-72.729582,8.85,8.1,14.29,38.4,,1.6
"2025-12-02 23:29:06",1086,831,89063,0,,6.85,9.9,14.29,38.25,,1.6
"2025-12-02 23:29:07",1087,832,89049,0,,6.7,9.9,14.29,38.1,,1.6
"2025-12-02 23:29:08",1088,833,89036,-38.243588,-72.729545,8.75,0.2,14.28,37.95,,1.5
"2025-12-02 23:29:09",1090,835,89019,0,,6.1,17.9,14.29,37.75,,1.5
"2025-12-02 23:29:10",1092,837,89002,0,,7.75,0.3,14.28,37.5,,1.5
"2025-12-02 23:29:11",1093,838,88986,-38.243393,-72.729512,7.45,10.8,14.29,37.25,18.75,1.5
"2025-12-02 23:29:14",1096,841,88952,-38.243207,-72.729478,6.9,21.2,14.3,36.55,,1.4
"2025-12-02 23:29:15",1098,843,88935,0,,6.85,21.2,14.3,36.45,,1.4
"2025-12-02 23:29:16",1100,845,88918,0,,7.25,15.2,14.3,36.3,,1.4
"2025-12-02 23:29:17",1101,846,88902,-38.243017,-72.729437,7.1,12.5,14.3,36.15,,1.4
"2025-12-02 23:29:18",1102,847,88888,0,,8.35,1.3,14.3,36,,1.4
"2025-12-02 23:29:19",1104,849,88876,0,,6.85,21.5,14.29,35.95,,1.4
"2025-12-02 23:29:20",1105,850,88864,-38.242817,-72.729398,8.1,359.7,14.29,35.85,,1.4
"2025-12-02 23:29:21",1106,851,88845,0,,7.45,21.2,14.28,35.8,,1.4
"2025-12-02 23:29:22",1108,853,88825,0,,6.6,8.5,14.28,35.65,,1.4
"2025-12-02 23:29:23",1110,855,88806,-38.242622,-72.729352,8.45,3.4,14.27,35.55,,1.4
"2025-12-02 23:29:24",1112,857,88787,0,,5.8,20.8,14.27,35.45,,1.5
"2025-12-02 23:29:25",1114,859,88769,0,,8.55,13.6,14.26,35.4,,1.5
"2025-12-02 23:29:26",1115,860,88752,-38.242432,-72.729288,6.5,20.2,14.25,35.4,,1.6
"2025-12-02 23:29:27",1117,862,88738,0,,6.25,11.5,14.22,35.5,,1.6
"2025-12-02 23:29:28",1118,863,88725,0,,7.95,11.8,14.21,35.55,,1.5
"2025-12-02 23:29:29",1119,864,88712,-38.24226,-72.72923,5.1,27.7,14.2,35.65,,1.5
"2025-12-02 23:29:30",1120,865,88698,0,,7.9,12.7,14.19,35.7,,1.5
"2025-12-02 23:29:31",1122,867,88685,0,,6.2,16.7,14.17,35.75,,1.5
"2025-12-02 23:29:32",1123,868,88672,-38.24209,-72.729165,6.2,17.1,14.16,35.7,,1.5
"2025-12-02 23:29:33",1124,869,88657,0,,7.95,11.3,14.14,35.65,,1.5
"2025-12-02 23:29:34",1126,871,88642,0,,4.75,17.2,14.14,35.55,,1.5
"2025-12-02 23:29:35",1127,872,88628,-38.241918,-72.729108,7.8,14.1,14.12,35.45,,1.4
"2025-12-02 23:29:37",1130,875,88600,0,,5.75,13.7,14.09,35.35,,1.4
"2025-12-02 23:29:38",1131,876,88586,-38.241745,-72.72905,7.8,13.3,14.06,35.35,19,1.4
"2025-12-02 23:29:39",1133,878,88571,0,,5.15,21.8,14.05,35.5,,1.3
"2025-12-02 23:29:40",1134,879,88557,0,,7.7,5.3,14.04,35.6,,1.3
"2025-12-02 23:29:41",1135,880,88544,-38.241575,-72.728995,5.6,21.7,14.03,35.65,,1.3
"2025-12-02 23:29:42",1136,881,88534,0,,6.25,11.6,14.02,35.7,,1.3
"2025-12-02 23:29:43",1137,882,88525,0,,7.65,8.9,14,35.75,,1.3
"2025-12-02 23:29:44",1138,883,88516,-38.24141,-72.72895,4.8,9.2,13.99,35.7,,1.2
"2025-12-02 23:29:45",1139,884,88502,0,,7.55,22,13.98,35.65,,1.2
"2025-12-02 23:29:46",1141,886,88489,0,,5.8,20.5,13.97,35.65,,1.2
"2025-12-02 23:29:47",1142,887,88476,-38.241253,-72.728878,5.6,17.5,13.96,35.65,,1.2
"2025-12-02 23:29:48",1143,888,88463,0,,7.9,22,13.93,35.65,,1.2
"2025-12-02 23:29:49",1144,889,88449,0,,5.15,30.9,13.93,35.65,,1.2
"2025-12-02 23:29:50",1146,891,88436,-38.241092,-72.728793,7.4,15.2,13.93,35.6,,1.2
"2025-12-02 23:29:51",1147,892,88416,0,,6.25,27.3,13.93,35.45,,1.2
"2025-12-02 23:29:52",1149,894,88398,0,,6.1,19.8,13.92,35.35,,1.3
"2025-12-02 23:29:53",1151,896,88380,-38.240923,-72.728715,7.65,14.5,13.92,35.3,,1.3
"2025-12-02 23:29:54",1152,897,88369,0,,5.6,29.5,13.92,35.25,,1.3
"2025-12-02 23:29:55",1153,898,88358,0,,6.75,10.5,13.92,35.15,,1.3
"2025-12-02 23:29:56",1154,899,88348,-38.240753,-72.728643,7.8,18.7,13.92,35.1,,1.3
"2025-12-02 23:29:58",1155,900,88335,0,,8.05,17.2,13.92,35.1,,1.2
"2025-12-02 23:29:59",1156,901,88330,-38.240575,-72.728548,5.5,22.2,13.91,35.05,,1.2
"2025-12-02 23:30:00",1157,902,88320,0,,8,24.5,13.9,35,,1.1
"2025-12-02 23:30:01",1158,903,88310,0,,7,13.7,13.9,35,,1.1
"2025-12-02 23:30:02",1159,904,88300,-38.240398,-72.728467,6.4,20.9,13.9,34.95,,1.1
"2025-12-02 23:30:04",1160,905,88286,0,,6.55,9.5,13.88,34.95,,1
"2025-12-02 23:30:05",1161,906,88280,-38.24022,-72.728375,7.35,32.1,13.88,34.95,19.25,0.9
"2025-12-02 23:30:06",1162,907,88268,0,,7.35,19.4,13.89,34.9,,0.8
"2025-12-02 23:30:07",1163,908,88257,0,,6.8,13,13.89,34.85,,0.8
"2025-12-02 23:30:08",1164,909,88246,-38.24004,-72.728282,7.4,34.6,13.89,34.8,,0.8
"2025-12-02 23:30:09",1164,909,88239,0,,7.4,9.7,13.9,34.7,,0.8
"2025-12-02 23:30:10",1165,910,88234,0,,7,29.9,13.91,34.65,,0.8
"2025-12-02 23:30:11",1165,910,88230,-38.239863,-72.728188,7,20.8,13.92,34.55,,0.8
"2025-12-02 23:30:14",1167,912,88208,-38.239693,-72.7281,7.4,9.2,13.95,34.4,,0.8
"2025-12-02 23:30:15",1168,913,88198,0,,6,25.9,13.96,34.25,,0.7
"2025-12-02 23:30:16",1169,914,88189,0,,7,20.8,13.97,34.15,,0.8
"2025-12-02 23:30:17",1170,915,88180,-38.23952,-72.728023,7.6,13.5,13.98,34,,0.8
"2025-12-02 23:30:18",1171,916,88170,0,,5.7,25.9,13.99,33.9,,0.8
"2025-12-02 23:30:19",1172,917,88161,0,,8.4,16.9,14,33.75,,0.8
"2025-12-02 23:30:20",1173,918,88152,-38.239342,-72.727945,6.25,17.4,14,33.6,,0.8
"2025-12-02 23:30:21",1174,919,88144,0,,6.25,26.2,14.01,33.45,,0.8
"2025-12-02 23:30:22",1174,919,88136,0,,8.25,18.3,14.02,33.3,,0.8
"2025-12-02 23:30:23",1175,920,88128,-38.239173,-72.727863,5.1,16.3,14.03,33.25,,0.8
"2025-12-02 23:30:24",1176,921,88119,0,,8.15,26.7,14.04,33.2,,0.8
"2025-12-02 23:30:25",1177,922,88111,0,,6.7,17.5,14.03,33.2,,0.8
"2025-12-02 23:30:26",1177,922,88104,-38.239005,-72.727768,6.4,31.5,14.05,33.15,,0.8
"2025-12-02 23:30:27",1178,923,88099,0,,7.9,23.4,14.06,33.2,,0.8
"2025-12-02 23:30:28",1178,923,88094,0,,4.95,26,14.07,33.4,,0.8
"2025-12-02 23:30:29",1179,924,88090,-38.238845,-72.727662,8.35,30.7,14.11,33.6,,0.7
"2025-12-02 23:30:30",1180,925,88080,0,,5.8,13.1,14.13,33.75,,0.7
"2025-12-02 23:30:31",1181,926,88071,0,,6.45,39.6,14.14,33.85,,0.7
"2025-12-02 23:30:32",1182,927,88062,-38.23869,-72.727558,6.65,27.1,14.16,34,19,0.7
"2025-12-02 23:30:33",1182,927,88052,0,,4.65,28.6,14.17,34.15,,0.7
"2025-12-02 23:30:34",1183,928,88043,0,,7.95,30.5,14.18,34.25,,0.7
"2025-12-02 23:30:35",1184,929,88034,-38.238545,-72.727457,5.1,25.1,14.19,34.4,,0.8
"2025-12-02 23:30:36",1185,930,88025,0,,6.3,30.9,14.2,34.5,,0.8
"2025-12-02 23:30:37",1186,931,88017,0,,7.05,25,14.21,34.6,,0.8
"2025-12-02 23:30:38",1187,932,88010,-38.238403,-72.72735,5.35,45.5,14.22,34.65,,0.8
"2025-12-02 23:30:40",1188,933,87991,0,,5.75,32.5,14.25,34.8,,0.8
"2025-12-02 23:30:41",1189,934,87982,-38.23826,-72.727237,6.55,39.9,14.26,34.85,,0.9
"2025-12-02 23:30:44",1191,936,87960,-38.238112,-72.727128,6.1,26.3,14.26,35,,0.8
"2025-12-02 23:30:46",1193,938,87941,0,,6.3,43.5,14.26,35.15,,0.8
"2025-12-02 23:30:47",1194,939,87932,-38.237975,-72.727018,5.6,17.5,14.26,35.2,,0.8
"2025-12-02 23:30:49",1196,941,87907,0,,5.65,32.2,14.26,35.35,,0.9
"2025-12-02 23:30:50",1198,943,87896,-38.237843,-72.7269,5.25,37.6,14.26,35.4,,0.9
"2025-12-02 23:30:52",1200,945,87873,0,,5.5,21.1,14.26,35.55,,0.9
"2025-12-02 23:30:53",1201,946,87862,-38.237708,-72.726783,6.9,44.6,14.25,35.6,,1
"2025-12-02 23:30:55",1203,948,87840,0,,5.65,31.8,14.24,35.65,,1
"2025-12-02 23:30:56",1204,949,87830,-38.237575,-72.726662,6.75,41.1,14.24,35.7,,1
"2025-12-02 23:30:57",1205,950,87819,0,,4.95,18.5,14.24,35.75,,1
"2025-12-02 23:30:58",1206,951,87809,0,,7.15,44.1,14.22,35.75,,1.1
"2025-12-02 23:30:59",1207,952,87800,-38.237442,-72.726543,5.65,30.8,14.21,35.8,19.25,1.1
"2025-12-02 23:31:00",1208,953,87790,0,,5.65,34.8,14.2,35.85,,1
"2025-12-02 23:31:01",1209,954,87781,0,,7.2,38.8,14.2,35.9,,1
"2025-12-02 23:31:02",1209,954,87772,-38.23731,-72.726428,4.4,28.7,14.19,35.85,,1
"2025-12-02 23:31:03",1211,956,87760,0,,7.1,34.9,14.18,35.9,,1
"2025-12-02 23:31:04",1212,957,87749,0,,6.05,34.6,14.18,35.8,,1
"2025-12-02 23:31:05",1213,958,87738,-38.237182,-72.726312,4.7,43.7,14.17,35.75,,1
"2025-12-02 23:31:06",1214,959,87727,0,,7.35,25.6,14.17,35.7,,1
"2025-12-02 23:31:07",1215,960,87717,0,,5,42.5,14.17,35.7,,1
"2025-12-02 23:31:08",1216,961,87708,-38.23705,-72.726198,6.1,37.6,14.16,35.65,,1
"2025-12-02 23:31:09",1217,962,87696,0,,5.8,24.1,14.15,35.6,,1
"2025-12-02 23:31:10",1218,963,87684,0,,6.35,49.5,14.15,35.55,,1
"2025-12-02 23:31:11",1219,964,87672,-38.236923,-72.726083,5.1,20,14.15,35.4,,1
"2025-12-02 23:31:13",1221,966,87647,0,,6.45,36.7,14.13,35.05,,1.1
"2025-12-02 23:31:14",1223,968,87636,-38.236793,-72.725973,4.6,35.4,14.13,35,,1.1
"2025-12-02 23:31:15",1224,969,87622,0,,7.35,27.9,14.13,34.95,,1.1
"2025-12-02 23:31:16",1225,970,87608,0,,4.8,45.2,14.12,34.85,,1.1
"2025-12-02 23:31:17",1227,972,87594,-38.236665,-72.725862,6.2,33.4,14.11,34.8,,1.2
"2025-12-02 23:31:18",1228,973,87581,0,,,,14.11,34.7,,1.2
"2025-12-02 23:31:19",1229,974,87568,0,,,,14.09,34.6,,1.2
"2025-12-02 23:31:20",1230,975,87556,0,,,,14.09,34.4,,1.2
"2025-12-02 23:31:21",1232,977,87541,0,,5,46,14.09,34.2,,1.3
"2025-12-02 23:31:22",1233,978,87526,0,,5.85,32.6,14.07,34.15,,1.3
"2025-12-02 23:31:23",1235,980,87512,-38.236405,-72.725638,6.35,27.2,14.05,34.25,,1.3
"2025-12-02 23:31:24",1236,981,87498,0,,4.95,52.8,14.04,34.35,,1.3
"2025-12-02 23:31:25",1237,982,87486,0,,7.05,28.1,14.03,34.4,,1.3
"2025-12-02 23:31:26",1238,983,87474,-38.236277,-72.72552,5,39.1,14.02,34.3,19.25,1.3
"2025-12-02 23:31:27",1240,985,87459,0,,5.5,38.7,14.02,34.05,,1.3
"2025-12-02 23:31:28",1241,986,87444,0,,6.3,21.1,14.02,33.8,,1.3
"2025-12-02 23:31:29",1243,988,87430,-38.236153,-72.725413,5.05,52.8,14.02,33.55,,1.3
"2025-12-02 23:31:30",1244,989,87418,0,,6.3,22.3,14.02,33.25,,1.3
"2025-12-02 23:31:31",1245,990,87407,0,,5.55,40.4,14.01,33.05,,1.3
"2025-12-02 23:31:32",1246,991,87396,-38.236027,-72.725302,5.9,38.4,14.01,32.95,,1.3
"2025-12-02 23:31:33",1247,992,87380,0,,4.8,24.6,14.01,32.8,,1.3
"2025-12-02 23:31:34",1249,994,87366,0,,6.3,49.3,14.01,32.65,,1.3
"2025-12-02 23:31:35",1250,995,87352,-38.235913,-72.725195,4.8,15.7,14.01,32.45,,1.3
"2025-12-02 23:31:36",1251,996,87339,0,,5.45,47.6,14.01,32.3,,1.3
"2025-12-02 23:31:37",1253,998,87326,0,,5.6,36.2,14.01,32.2,,1.3
"2025-12-02 23:31:38",1254,999,87314,-38.235803,-72.725092,4.1,26.1,14,32.05,,1.3
"2025-12-02 23:31:39",1255,1000,87297,0,,6.7,44.2,14,31.95,,1.3
"2025-12-02 23:31:40",1257,1002,87281,0,,4,22.9,14,31.85,,1.3
"2025-12-02 23:31:41",1258,1003,87266,-38.235693,-72.72499,5.65,39.1,13.99,31.7,,1.3
"2025-12-02 23:31:43",1262,1007,87231,0,,4.2,40.8,13.98,31.55,,1.4
"2025-12-02 23:31:44",1264,1009,87214,-38.235577,-72.724875,7.15,37.6,13.97,31.5,,1.4
"2025-12-02 23:31:45",1265,1010,87193,0,,4.2,41.3,13.96,31.45,,1.5
"2025-12-02 23:31:46",1267,1012,87173,0,,5.1,32.4,13.95,31.4,,1.5
"2025-12-02 23:31:47",1269,1014,87154,-38.235463,-72.72477,5.7,35.7,13.93,31.35,,1.6
"2025-12-02 23:31:48",1271,1016,87137,0,,3.6,51.3,13.92,31.3,,1.6
"2025-12-02 23:31:49",1272,1017,87121,0,,6.85,31.7,13.91,31.25,,1.6
"2025-12-02 23:31:50",1274,1019,87106,-38.235353,-72.724663,4.2,44.3,13.9,31.25,,1.7
"2025-12-02 23:31:52",1277,1022,87071,0,,5.65,32.5,13.89,31.1,,1.7
"2025-12-02 23:31:53",1279,1024,87054,-38.235252,-72.72456,3.75,52.2,13.88,31,19.25,1.7
"2025-12-02 23:31:54",1280,1025,87038,0,,6.85,33.5,13.87,30.95,,1.7
"2025-12-02 23:31:55",1282,1027,87023,0,,3.95,37.8,13.85,30.85,,1.7
"2025-12-02 23:31:56",1283,1028,87008,-38.23514,-72.724453,5.5,39,13.84,30.75,,1.6
"2025-12-02 23:31:57",1285,1030,86994,0,,5.55,33,13.83,30.65,,1.6
"2025-12-02 23:31:58",1286,1031,86980,0,,3.85,52.8,13.83,30.5,,1.5
"2025-12-02 23:31:59",1287,1032,86966,-38.235032,-72.724345,6.65,29.8,13.83,30.4,,1.5
"2025-12-02 23:32:00",1289,1034,86947,0,,3.85,44.6,13.83,30.2,,1.5
"2025-12-02 23:32:01",1291,1036,86929,0,,5.25,37.7,13.83,30.05,,1.6
"2025-12-02 23:32:02",1293,1038,86912,-38.234923,-72.724245,5.05,31.6,13.83,29.8,,1.6
"2025-12-02 23:32:03",1294,1039,86894,0,,3.5,47.3,13.83,29.65,,1.6
"2025-12-02 23:32:04",1296,1041,86877,0,,6.25,25,13.82,29.55,,1.6
"2025-12-02 23:32:05",1298,1043,86860,-38.23482,-72.724158,3.45,41.8,13.82,29.5,,1.6
"2025-12-02 23:32:06",1299,1044,86841,0,,5.65,35.4,13.82,29.45,,1.6
"2025-12-02 23:32:07",1301,1046,86822,0,,5.2,32.9,13.82,29.4,,1.6
"2025-12-02 23:32:08",1303,1048,86804,-38.234717,-72.724062,3.35,41.8,13.82,29.35,,1.6
"2025-12-02 23:32:09",1305,1050,86787,0,,6.65,32.6,13.82,29.25,,1.7
"2025-12-02 23:32:10",1306,1051,86770,0,,3.55,32.1,13.82,29.2,,1.7
"2025-12-02 23:32:11",1308,1053,86754,-38.234608,-72.723967,5.5,37,13.82,29.2,,1.7
"2025-12-02 23:32:14",1312,1057,86714,-38.2345,-72.723863,6.8,30.3,13.81,29.25,,1.6
"2025-12-02 23:32:15",1314,1059,86692,0,,3.65,48.2,13.75,29.3,,1.6
"2025-12-02 23:32:16",1316,1061,86672,0,,5.9,38.2,13.73,29.3,,1.7
"2025-12-02 23:32:17",1318,1063,86652,-38.23439,-72.723758,4.85,28.5,13.71,29.3,,1.7
"2025-12-02 23:32:18",1320,1065,86635,0,,3.75,53.8,13.7,29.25,,1.7
"2025-12-02 23:32:19",1321,1066,86618,0,,6.4,30.2,13.68,29.2,,1.7
"2025-12-02 23:32:20",1323,1068,86602,-38.23429,-72.72366,3.45,44.1,13.67,29.15,19.25,1.6
"2025-12-02 23:32:21",1325,1070,86583,0,,5.7,38,13.66,29.1,,1.7
"2025-12-02 23:32:22",1326,1071,86565,0,,5.05,29.7,13.63,29.05,,1.7
"2025-12-02 23:32:23",1328,1073,86548,-38.234187,-72.723558,4.05,49.3,13.62,28.95,,1.7
"2025-12-02 23:32:24",1330,1075,86531,0,,6.5,31.7,13.61,28.95,,1.7
"2025-12-02 23:32:25",1331,1076,86514,0,,3.6,49.7,13.6,28.95,,1.7
"2025-12-02 23:32:26",1333,1078,86498,-38.234083,-72.723455,5.25,37.6,13.58,28.9,,1.8
"2025-12-02 23:32:27",1335,1080,86478,0,,5.05,28.1,13.56,28.85,,1.7
"2025-12-02 23:32:28",1336,1081,86462,0,,4.85,53.2,13.55,28.85,,1.7
"2025-12-02 23:32:29",1338,1083,86446,-38.233975,-72.723357,5,20.7,13.54,28.9,,1.7
"2025-12-02 23:32:30",1339,1084,86432,0,,5,51.1,13.52,28.95,,1.7
"2025-12-02 23:32:31",1341,1086,86415,0,,4.5,42.5,13.51,28.9,,1.7
"2025-12-02 23:32:32",1343,1088,86398,-38.233878,-72.723257,4.25,27.2,13.5,28.8,,1.7
"2025-12-02 23:32:33",1344,1089,86381,0,,5.8,53,13.5,28.75,,1.7
"2025-12-02 23:32:34",1346,1091,86364,0,,3.7,25.3,13.48,28.6,,1.7
"2025-12-02 23:32:35",1348,1093,86348,-38.233782,-72.723153,5,36.6,13.47,28.5,,1.6
"2025-12-02 23:32:36",1349,1094,86333,0,,5.15,42.7,13.46,28.35,,1.6
"2025-12-02 23:32:37",1350,1095,86318,0,,3.5,28.6,13.45,28.25,,1.6
"2025-12-02 23:32:38",1352,1097,86304,-38.23368,-72.723052,6.5,38,13.44,28.15,,1.6
"2025-12-02 23:32:39",1353,1098,86288,0,,3.3,41.6,13.43,28.05,,1.6
"2025-12-02 23:32:40",1355,1100,86273,0,,5.15,32.3,13.42,28.05,,1.6
"2025-12-02 23:32:41",1356,1101,86258,-38.233575,-72.722953,5.4,40.6,13.41,27.95,,1.6
"2025-12-02 23:32:44",1361,1106,86214,-38.233478,-72.722852,3.75,55.8,13.4,27.85,,1.5
"2025-12-02 23:32:45",1362,1107,86199,0,,4.85,29,13.39,27.75,,1.5
"2025-12-02 23:32:46",1363,1108,86185,0,,4.65,32.9,13.38,27.8,,1.5
"2025-12-02 23:32:47",1365,1110,86172,-38.233385,-72.722762,4,53.6,13.38,27.85,19.25,1.4
"2025-12-02 23:32:48",1366,1111,86159,0,,5.7,22.3,13.37,27.9,,1.4
"2025-12-02 23:32:49",1367,1112,86146,0,,4.15,58.2,13.36,27.95,,1.4
"2025-12-02 23:32:50",1369,1114,86134,-38.233288,-72.722663,4.75,27.7,13.34,28,,1.4
"2025-12-02 23:32:51",1370,1115,86120,0,,4.4,34.6,13.33,28.05,,1.4
"2025-12-02 23:32:52",1371,1116,86107,0,,4.1,51.6,13.32,28.1,,1.4
"2025-12-02 23:32:53",1372,1117,86094,-38.23319,-72.722577,5.25,20.2,13.31,28.15,,1.3
"2025-12-02 23:32:54",1374,1119,86080,0,,4.4,59.3,13.3,28.25,,1.3
"2025-12-02 23:32:55",1375,1120,86066,0,,4.8,29,13.29,28.25,,1.3
"2025-12-02 23:32:56",1377,1122,86052,-38.233093,-72.722483,4.25,32.5,13.28,28.3,,1.3
"2025-12-02 23:32:57",1378,1123,86038,0,,4.65,58.9,13.27,28.35,,1.3
"2025-12-02 23:32:58",1379,1124,86024,0,,5.15,19.8,13.26,28.4,,1.3
"2025-12-02 23:32:59",1381,1126,86010,-38.233002,-72.72239,3.65,53.4,13.25,28.4,,1.3
"2025-12-02 23:33:00",1382,1127,85993,0,,4.65,33.6,13.24,28.45,,1.3
"2025-12-02 23:33:01",1384,1129,85977,0,,4.1,28.5,13.22,28.45,,1.4
"2025-12-02 23:33:02",1385,1130,85962,-38.232912,-72.722302,4.55,56.7,13.21,28.5,,1.4
"2025-12-02 23:33:03",1386,1131,85951,0,,3.8,19.7,13.19,28.55,,1.4
"2025-12-02 23:33:04",1388,1133,85940,0,,4.8,47.8,13.17,28.6,,1.4
"2025-12-02 23:33:05",1389,1134,85930,-38.232827,-72.72221,3.5,37.1,13.16,28.6,,1.3
"2025-12-02 23:33:06",1390,1135,85914,0,,4.1,31.9,13.15,28.6,,1.4
"2025-12-02 23:33:07",1392,1137,85899,0,,4.8,50.1,13.14,28.6,,1.4
"2025-12-02 23:33:08",1393,1138,85884,-38.232743,-72.722128,2.95,19,13.13,28.6,,1.4
"2025-12-02 23:33:10",1396,1141,85856,0,,3,39.7,13.1,28.6,,1.4
"2025-12-02 23:33:11",1397,1142,85842,-38.232663,-72.722043,4.05,32,13.09,28.6,,1.4
"2025-12-02 23:33:14",1401,1146,85800,-38.23258,-72.721952,5.35,39.1,13.03,28.7,19,1.3
"2025-12-02 23:33:16",1404,1149,85774,0,,4.5,30,13.01,28.75,,1.3
"2025-12-02 23:33:17",1405,1150,85762,-38.232498,-72.721865,4.4,52.1,13,28.75,,1.4
"2025-12-02 23:33:19",1408,1153,85732,0,,5.1,30.9,12.98,28.85,,1.4
"2025-12-02 23:33:20",1409,1154,85718,-38.232425,-72.721775,2.75,68,12.97,28.95,,1.4
"2025-12-02 23:33:22",1412,1157,85691,0,,4.3,45.3,12.94,29.25,,1.3
"2025-12-02 23:33:23",1413,1158,85678,-38.232343,-72.721682,3.95,54.2,12.93,29.3,,1.3
"2025-12-02 23:33:25",1416,1161,85651,0,,3.8,65.3,12.91,29.7,,1.3
"2025-12-02 23:33:26",1417,1162,85638,-38.232257,-72.721588,4.55,29.7,12.89,29.8,,1.3
"2025-12-02 23:33:28",1420,1165,85612,0,,3,58,12.86,30,,1.3
"2025-12-02 23:33:29",1421,1166,85600,-38.232165,-72.721513,5.45,20.6,12.85,29.9,,1.3
"2025-12-02 23:33:30",1423,1168,85582,0,,3.25,52.4,12.83,29.8,,1.4
"2025-12-02 23:33:31",1424,1169,85565,0,,4.25,31.5,12.82,29.8,,1.4
"2025-12-02 23:33:32",1426,1171,85548,-38.232072,-72.721437,4.7,32.2,12.81,29.75,,1.4
"2025-12-02 23:33:33",1427,1172,85536,0,,3.25,41.6,12.79,29.7,,1.4
"2025-12-02 23:33:34",1428,1173,85525,0,,5.4,27.1,12.78,29.7,,1.4
"2025-12-02 23:33:35",1429,1174,85514,-38.231975,-72.721357,3.3,42.1,12.77,29.7,,1.3
"2025-12-02 23:33:36",1431,1176,85501,0,,3.15,30.9,12.74,29.7,,1.3
"2025-12-02 23:33:37",1432,1177,85488,0,,4.9,34.1,12.73,29.75,,1.3
"2025-12-02 23:33:38",1433,1178,85476,-38.231897,-72.721277,3.35,64.6,12.72,29.8,,1.3
"2025-12-02 23:33:39",1434,1179,85463,0,,4.55,31.7,12.72,29.85,,1.3
"2025-12-02 23:33:40",1436,1181,85451,0,,4.3,49.5,12.7,29.95,,1.3
"2025-12-02 23:33:41",1437,1182,85440,-38.231823,-72.721185,3.1,53.5,12.7,30.1,19,1.3
"2025-12-02 23:33:42",1438,1183,85426,0,,5.75,33.7,12.68,30.25,,1.3
"2025-12-02 23:33:43",1440,1185,85412,0,,,,12.67,30.4,,1.3
"2025-12-02 23:33:44",1441,1186,85398,-38.23173,-72.721098,4.25,27.9,12.65,30.5,,1.2
"2025-12-02 23:33:45",1442,1187,85385,0,,5.4,42,12.64,30.55,,1.2
"2025-12-02 23:33:46",1443,1188,85372,0,,2.7,53.1,12.63,30.55,,1.2
"2025-12-02 23:33:47",1445,1190,85360,-38.231637,-72.721003,5.9,30,12.63,30.65,,1.3
"2025-12-02 23:33:48",1446,1191,85344,0,,3.85,56.4,12.62,30.7,,1.3
"2025-12-02 23:33:49",1448,1193,85329,0,,4.15,31.6,12.6,30.8,,1.3
"2025-12-02 23:33:50",1449,1194,85314,-38.231545,-72.720907,4.85,35.4,12.58,30.85,,1.3
"2025-12-02 23:33:51",1450,1195,85303,0,,3,65.6,12.57,30.9,,1.3
"2025-12-02 23:33:52",1451,1196,85292,0,,5.8,37,12.56,31,,1.3
"2025-12-02 23:33:53",1452,1197,85282,-38.231462,-72.720805,3.45,43,12.55,31.1,,1.3
"2025-12-02 23:33:54",1454,1199,85270,0,,3.9,53,12.52,31.15,,1.3
"2025-12-02 23:33:55",1455,1200,85258,0,,5.3,40.8,12.51,31.3,,1.3
"2025-12-02 23:33:56",1456,1201,85246,-38.231385,-72.720708,2.4,48.9,12.5,31.35,,1.3
"2025-12-02 23:33:57",1457,1202,85233,0,,5.5,49.2,12.5,31.4,,1.3
"2025-12-02 23:33:58",1458,1203,85220,0,,3.45,35,12.49,31.45,,1.2
"2025-12-02 23:33:59",1460,1205,85208,-38.23131,-72.720612,3.8,53.6,12.48,31.5,,1.2
"2025-12-02 23:34:01",1463,1208,85177,0,,4.15,25.7,12.44,31.6,,1.3
"2025-12-02 23:34:02",1464,1209,85162,-38.231218,-72.720508,5.45,51.8,12.43,31.6,,1.2
"2025-12-02 23:34:03",1465,1210,85150,0,,4.05,26.6,12.43,31.6,,1.2
"2025-12-02 23:34:04",1467,1212,85138,0,,3.55,45.8,12.43,31.6,,1.3
"2025-12-02 23:34:05",1468,1213,85126,-38.231133,-72.720417,4.9,44,12.43,31.55,,1.3
"2025-12-02 23:34:07",1470,1215,85104,0,,5.45,46.7,12.39,31.5,,1.3
"2025-12-02 23:34:08",1471,1216,85094,-38.231052,-72.720327,3.35,41.5,12.38,31.45,18.75,1.2
"2025-12-02 23:34:09",1472,1217,85082,0,,3.9,33.3,12.37,31.45,,1.2
"2025-12-02 23:34:10",1473,1218,85070,0,,4.9,35.4,12.36,31.45,,1.2
"2025-12-02 23:34:11",1474,1219,85058,-38.230968,-72.720243,3.25,60.5,12.35,31.35,,1.2
"2025-12-02 23:34:14",1478,1223,85020,-38.23088,-72.72016,4.45,45.5,12.3,31.25,,1.2
"2025-12-02 23:34:15",1479,1224,85007,0,,3.1,17.7,12.29,31.15,,1.2
"2025-12-02 23:34:16",1481,1226,84995,0,,5.4,48.3,12.28,31.15,,1.2
"2025-12-02 23:34:17",1482,1227,84984,-38.230793,-72.720077,3.65,33.7,12.27,31.1,,1.2
"2025-12-02 23:34:18",1483,1228,84972,0,,3.8,32.4,12.27,31.1,,1.2
"2025-12-02 23:34:19",1484,1229,84961,0,,5.05,43.3,12.26,31.05,,1.2
"2025-12-02 23:34:20",1485,1230,84950,-38.23071,-72.72,2.35,27.5,12.24,31,,1.2
"2025-12-02 23:34:21",1487,1232,84936,0,,5.5,37.7,12.24,31,,1.2
"2025-12-02 23:34:22",1488,1233,84923,0,,3.35,45.7,12.24,31,,1.2
"2025-12-02 23:34:23",1489,1234,84910,-38.230625,-72.719917,4,29.4,12.22,30.95,,1.2
"2025-12-02 23:34:24",1491,1236,84894,0,,4.9,32.9,12.22,30.9,,1.2
"2025-12-02 23:34:25",1492,1237,84878,0,,2.35,32.5,12.21,30.9,,1.3
"2025-12-02 23:34:26",1494,1239,84862,-38.230533,-72.719845,5.2,34.1,12.2,30.9,,1.3
"2025-12-02 23:34:28",1497,1242,84834,0,,3.15,32.1,12.2,30.9,,1.3
"2025-12-02 23:34:29",1498,1243,84820,-38.230448,-72.71977,5.05,39.9,12.2,30.9,,1.3
"2025-12-02 23:34:30",1499,1244,84808,0,,1.75,25.1,12.21,30.9,,1.3
"2025-12-02 23:34:31",1500,1245,84797,0,,4.55,36.1,12.22,30.85,,1.3
"2025-12-02 23:34:32",1501,1246,84786,-38.23037,-72.7197,3.65,37.9,12.23,30.85,,1.3
"2025-12-02 23:34:33",1502,1247,84775,0,,2.8,28.7,12.23,30.8,,1.3
"2025-12-02 23:34:34",1504,1249,84764,0,,5.35,39.4,12.24,30.8,,1.3
"2025-12-02 23:34:35",1505,1250,84754,-38.23029,-72.719628,2.4,21.3,12.24,30.75,18.75,1.3
"2025-12-02 23:34:36",1506,1251,84740,0,,4.45,44,12.24,30.75,,1.3
"2025-12-02 23:34:37",1507,1252,84727,0,,3.85,37.5,12.24,30.75,,1.3
"2025-12-02 23:34:38",1509,1254,84714,-38.230213,-72.719552,2.4,30.5,12.24,30.8,,1.3
"2025-12-02 23:34:39",1510,1255,84703,0,,5.5,39.9,12.24,30.75,,1.2
"2025-12-02 23:34:40",1511,1256,84693,0,,2.2,28.6,12.24,30.75,,1.2
"2025-12-02 23:34:41",1512,1257,84684,-38.230137,-72.719483,3.55,38.9,12.24,30.75,,1.1
"2025-12-02 23:34:42",1513,1258,84670,0,,4.6,38.7,12.24,30.7,,1.1
"2025-12-02 23:34:43",1514,1259,84657,0,,2.05,45,12.23,30.7,,1.2
"2025-12-02 23:34:44",1516,1261,84644,-38.230058,-72.719403,5.25,36.1,12.22,30.65,,1.2
"2025-12-02 23:34:45",1517,1262,84631,0,,2.65,48.2,12.2,30.6,,1.2
"2025-12-02 23:34:46",1518,1263,84618,0,,3.35,38.6,12.19,30.6,,1.2
"2025-12-02 23:34:47",1519,1264,84606,-38.229985,-72.719328,4.25,34.2,12.18,30.6,,1.2
"2025-12-02 23:34:48",1520,1265,84595,0,,2.25,43,12.17,30.6,,1.2
"2025-12-02 23:34:49",1521,1266,84584,0,,4.65,42.9,12.17,30.6,,1.2
"2025-12-02 23:34:50",1522,1267,84574,-38.22991,-72.719248,3.2,37.6,12.15,30.7,,1.2
"2025-12-02 23:34:51",1524,1269,84560,0,,3.15,25.8,12.14,30.8,,1.2
"2025-12-02 23:34:52",1525,1270,84547,0,,3.05,57.1,12.14,31,,1.2
"2025-12-02 23:34:53",1526,1271,84534,-38.229847,-72.719178,3.55,46,12.14,31.15,,1.2
"2025-12-02 23:34:54",1528,1273,84521,0,,4.35,42.8,12.14,31.3,,1.2
"2025-12-02 23:34:55",1529,1274,84509,0,,2.1,58.8,12.14,31.5,,1.2
"2025-12-02 23:34:56",1530,1275,84498,-38.229785,-72.719102,3.6,29.7,12.14,31.65,,1.2
"2025-12-02 23:34:57",1531,1276,84484,0,,3.55,36.9,12.13,31.8,,1.2
"2025-12-02 23:34:58",1533,1278,84470,0,,1.55,39.8,12.13,32,,1.2
"2025-12-02 23:34:59",1534,1279,84456,-38.229717,-72.719042,4.7,28.2,12.12,32.05,,1.2
"2025-12-02 23:35:00",1535,1280,84444,0,,1.95,56.9,12.12,32.05,,1.2
"2025-12-02 23:35:01",1537,1282,84433,0,,3.55,31.1,12.11,32.1,,1.3
"2025-12-02 23:35:02",1538,1283,84422,-38.22965,-72.718975,3.5,44.1,12.11,32.15,18.5,1.3
"2025-12-02 23:35:03",1539,1284,84411,0,,1.45,52.8,12.11,32.25,,1.2
"2025-12-02 23:35:04",1540,1285,84400,0,,4.95,42.7,12.1,32.4,,1.2
"2025-12-02 23:35:05",1541,1286,84390,-38.229593,-72.718902,1.95,44.9,12.11,32.5,,1.2
"2025-12-02 23:35:06",1542,1287,84380,0,,2.75,41.6,12.11,32.5,,1.2
"2025-12-02 23:35:07",1543,1288,84371,0,,3.65,39.9,12.11,32.5,,1.2
"2025-12-02 23:35:08",1544,1289,84362,-38.229538,-72.718845,1.1,37.5,12.11,32.4,,1.1
"2025-12-02 23:35:09",1545,1290,84350,0,,4.75,41.2,12.11,32.4,,1.1
"2025-12-02 23:35:10",1546,1291,84338,0,,2.2,50.1,12.11,32.45,,1.1
"2025-12-02 23:35:11",1547,1292,84326,-38.229482,-72.718777,2.8,41,12.11,32.4,,1.1
"2025-12-02 23:35:14",1551,1296,84284,-38.229418,-72.718723,3.9,29.7,12.11,32.05,,1.1
"2025-12-02 23:35:15",1553,1298,84271,0,,2.9,54.5,12.11,31.95,,1.2
"2025-12-02 23:35:16",1554,1299,84259,0,,2.2,56.7,12.11,31.75,,1.2
"2025-12-02 23:35:17",1555,1300,84248,-38.22936,-72.718653,3.75,19.7,12.11,31.65,,1.2
"2025-12-02 23:35:18",1557,1302,84230,0,,2.95,62.7,12.1,31.55,,1.2
"2025-12-02 23:35:19",1559,1304,84212,0,,2.7,22,12.1,31.45,,1.3
"2025-12-02 23:35:20",1560,1305,84194,-38.229302,-72.718595,2.7,35.5,12.09,31.35,,1.4
"2025-12-02 23:35:21",1562,1307,84177,0,,2.8,64.8,12.09,31.25,,1.4
"2025-12-02 23:35:22",1564,1309,84160,0,,3.5,11.5,12.09,31.15,,1.5
"2025-12-02 23:35:23",1565,1310,84144,-38.229245,-72.718535,2.8,64.2,12.09,31.1,,1.5
"2025-12-02 23:35:24",1567,1312,84130,0,,2.7,36,12.08,31,,1.5
"2025-12-02 23:35:25",1568,1313,84116,0,,3.15,25.1,12.07,30.9,,1.5
"2025-12-02 23:35:26",1570,1315,84102,-38.229187,-72.718472,3.2,65.8,12.06,30.75,,1.5
"2025-12-02 23:35:27",1571,1316,84089,0,,3.7,11,12.06,30.7,,1.5
"2025-12-02 23:35:28",1572,1317,84076,0,,3.55,58.8,12.06,30.7,,1.5
"2025-12-02 23:35:29",1573,1318,84064,-38.22912,-72.718402,3.3,40.1,12.05,30.6,18.25,1.5
"2025-12-02 23:35:30",1575,1320,84052,0,,3.5,19.6,12.04,30.5,,1.5
"2025-12-02 23:35:31",1576,1321,84040,0,,3.6,62.3,12.02,30.4,,1.5
"2025-12-02 23:35:32",1577,1322,84028,-38.229048,-72.718338,2.9,7.5,12.02,30.35,,1.4
"2025-12-02 23:35:33",1578,1323,84016,0,,3.8,53.2,12,30.3,,1.3
"2025-12-02 23:35:34",1579,1324,84005,0,,3.25,44.9,11.99,30.2,,1.3
"2025-12-02 23:35:35",1580,1325,83994,-38.228983,-72.71827,2.95,18.5,11.99,30.15,,1.2
"2025-12-02 23:35:36",1582,1327,83978,0,,3.8,61.8,11.99,30.05,,1.3
"2025-12-02 23:35:37",1583,1328,83963,0,,3.45,15.1,11.99,30,,1.3
"2025-12-02 23:35:38",1585,1330,83948,-38.228915,-72.7182,3.5,46.8,11.98,29.95,,1.3
"2025-12-02 23:35:40",1588,1333,83917,0,,3.35,16.6,11.95,29.85,,1.3
"2025-12-02 23:35:41",1589,1334,83902,-38.22885,-72.718128,4.35,62.5,11.95,29.75,,1.3
"2025-12-02 23:35:44",1593,1338,83862,-38.228772,-72.71806,4.05,46.4,11.97,29.25,,1.4
"2025-12-02 23:35:46",1596,1341,83838,0,,4.1,61.3,11.97,29,,1.4
"2025-12-02 23:35:47",1597,1342,83826,-38.228695,-72.717992,3.45,19.1,11.98,28.9,,1.4
"2025-12-02 23:35:49",1599,1344,83804,0,,4.4,37.7,11.98,28.7,,1.3
"2025-12-02 23:35:50",1600,1345,83794,-38.22861,-72.717935,2.7,1,11.98,28.55,,1.3
"2025-12-02 23:35:52",1603,1348,83767,0,,3.25,6.9,11.99,28.2,,1.3
"2025-12-02 23:35:53",1604,1349,83754,-38.228528,-72.717883,3.4,24.5,11.99,28.05,,1.3
"2025-12-02 23:35:55",1607,1352,83727,0,,3.1,16.7,11.99,27.8,,1.3
"2025-12-02 23:35:56",1608,1353,83714,-38.228438,-72.717813,4.65,37.8,11.99,27.7,18,1.2
"2025-12-02 23:35:57",1610,1355,83700,0,,4.05,14.9,11.99,27.6,,1.2
"2025-12-02 23:35:58",1611,1356,83687,0,,4.05,8,11.99,27.45,,1.3
"2025-12-02 23:35:59",1612,1357,83674,-38.228332,-72.717765,4.1,37.6,12,27.25,,1.3
"2025-12-02 23:36:00",1614,1359,83661,0,,5.2,2.1,12.03,27.05,,1.3
"2025-12-02 23:36:01",1615,1360,83649,0,,3.95,20.3,12.05,26.75,,1.3
"2025-12-02 23:36:02",1616,1361,83638,-38.228218,-72.71773,3.6,15.2,12.07,26.5,,1.3
"2025-12-02 23:36:03",1617,1362,83623,0,,5.9,14,12.08,26.3,,1.3
"2025-12-02 23:36:04",1619,1364,83609,0,,3.45,7.1,12.1,26.05,,1.3
"2025-12-02 23:36:05",1620,1365,83596,-38.228097,-72.717703,4.55,9.7,12.11,25.9,,1.3
"2025-12-02 23:36:06",1622,1367,83578,0,,4.6,9.7,12.12,25.75,,1.3
"2025-12-02 23:36:07",1624,1369,83561,0,,3.95,351.1,12.12,25.55,,1.4
"2025-12-02 23:36:08",1625,1370,83544,-38.227983,-72.717672,4.7,31,12.13,25.45,,1.4
"2025-12-02 23:36:09",1627,1372,83531,0,,4.15,9.3,12.14,25.35,,1.4
"2025-12-02 23:36:10",1628,1373,83517,0,,4.3,355.5,12.15,25.25,,1.4
"2025-12-02 23:36:11",1629,1374,83504,-38.227875,-72.717643,3.7,32.3,12.15,25.2,,1.4
"2025-12-02 23:36:13",1632,1377,83482,0,,3.5,19.4,12.17,25,,1.4
"2025-12-02 23:36:14",1633,1378,83472,-38.227762,-72.717612,3.85,18.9,12.15,24.9,,1.4
"2025-12-02 23:36:15",1634,1379,83456,0,,5.45,1.5,12.15,24.8,,1.4
"2025-12-02 23:36:16",1636,1381,83441,0,,3,26.7,12.15,24.75,,1.4
"2025-12-02 23:36:17",1637,1382,83426,-38.227645,-72.717588,5.5,4.4,12.15,24.65,,1.4
"2025-12-02 23:36:18",1639,1384,83409,0,,4,8.6,12.15,24.55,,1.4
"2025-12-02 23:36:19",1641,1386,83392,0,,3.75,14.7,12.14,24.5,,1.4
"2025-12-02 23:36:20",1642,1387,83376,-38.227527,-72.71757,5.75,0.9,12.13,24.45,,1.4
"2025-12-02 23:36:21",1644,1389,83362,0,,2.7,18.8,12.13,24.45,,1.4
"2025-12-02 23:36:22",1645,1390,83349,0,,5.4,11.9,12.12,24.4,,1.4
"2025-12-02 23:36:23",1646,1391,83336,-38.227408,-72.717545,4.45,5.9,12.12,24.35,18,1.4
"2025-12-02 23:36:24",1648,1393,83322,0,,3.8,12.3,12.11,24.3,,1.4
"2025-12-02 23:36:25",1649,1394,83309,0,,6.05,6.7,12.11,24.25,,1.4
"2025-12-02 23:36:26",1650,1395,83296,-38.227288,-72.717523,2.8,7.5,12.1,24.25,,1.4
"2025-12-02 23:36:27",1652,1397,83279,0,,5.45,9.4,12.1,24.25,,1.5
"2025-12-02 23:36:28",1654,1399,83262,0,,4.65,4.1,12.09,24.25,,1.5
"2025-12-02 23:36:29",1655,1400,83246,-38.22717,-72.7175,3.6,20,12.08,24.2,,1.5
"2025-12-02 23:36:30",1657,1402,83230,0,,5.75,355.2,12.07,24.2,,1.5
"2025-12-02 23:36:31",1659,1404,83215,0,,3.95,12.7,12.06,24.2,,1.5
"2025-12-02 23:36:32",1660,1405,83200,-38.227048,-72.717487,4.5,3.3,12.06,24.2,,1.5
"2025-12-02 23:36:33",1661,1406,83189,0,,4.85,354.6,12.04,24.15,,1.5
"2025-12-02 23:36:34",1662,1407,83178,0,,4.55,21.5,12.04,24.15,,1.4
"2025-12-02 23:36:35",1663,1408,83168,-38.226927,-72.717482,4.45,344.3,12.03,24.1,,1.4
"2025-12-02 23:36:36",1665,1410,83151,0,,5.3,17.3,12.02,24.15,,1.4
"2025-12-02 23:36:37",1667,1412,83135,0,,3.85,0.7,11.99,24.15,,1.4
"2025-12-02 23:36:38",1668,1413,83120,-38.226807,-72.717472,4.9,358.5,11.99,24.1,,1.5
"2025-12-02 23:36:39",1670,1415,83105,0,,5.15,12.8,11.99,24.05,,1.5
"2025-12-02 23:36:40",1671,1416,83089,0,,3.45,347.4,11.99,24,,1.5
"2025-12-02 23:36:41",1673,1418,83074,-38.226683,-72.717463,6,8.6,11.99,23.95,,1.5
"2025-12-02 23:36:44",1678,1423,83022,-38.226553,-72.717448,6.5,7.7,11.98,23.8,,1.5
"2025-12-02 23:36:45",1679,1424,83007,0,,3.4,355.8,11.97,23.7,,1.5
"2025-12-02 23:36:46",1681,1426,82993,0,,6,4.1,11.97,23.65,,1.5
"2025-12-02 23:36:47",1682,1427,82980,-38.226418,-72.717442,5.35,2.5,11.95,23.55,,1.6
"2025-12-02 23:36:48",1684,1429,82964,0,,4.2,346.1,11.95,23.5,,1.6
"2025-12-02 23:36:49",1685,1430,82950,0,,7.1,6.4,11.95,23.4,,1.6
"2025-12-02 23:36:50",1687,1432,82936,-38.226275,-72.717443,4.05,356.3,11.94,23.35,17.75,1.6
"2025-12-02 23:36:51",1688,1433,82922,0,,5.55,2.8,11.93,23.35,,1.5
"2025-12-02 23:36:52",1689,1434,82909,0,,6.05,6.6,11.93,23.3,,1.5
"2025-12-02 23:36:53",1691,1436,82896,-38.226135,-72.717435,4.15,355,11.91,23.25,,1.5
"2025-12-02 23:36:54",1693,1438,82878,0,,7.1,6.9,11.9,23.2,,1.5
"2025-12-02 23:36:55",1694,1439,82860,0,,4.25,352.8,11.89,23.2,,1.5
"2025-12-02 23:36:56",1696,1441,82842,-38.225988,-72.717432,5.8,2.3,11.86,23.2,,1.5
"2025-12-02 23:36:57",1698,1443,82826,0,,6.2,1.8,11.86,23.25,,1.5
"2025-12-02 23:36:58",1699,1444,82811,0,,4.45,351.2,11.85,23.2,,1.5
"2025-12-02 23:36:59",1701,1446,82796,-38.225835,-72.71743,7.05,6.3,11.84,23.15,,1.5
"2025-12-02 23:37:00",1703,1448,82779,0,,5.05,353.3,11.84,23.05,,1.6
"2025-12-02 23:37:01",1704,1449,82763,0,,5.9,0.1,11.83,23.05,,1.6
"2025-12-02 23:37:02",1706,1451,82748,-38.225673,-72.717435,6.9,358.1,11.82,23,,1.6
"2025-12-02 23:37:03",1707,1452,82732,0,,4,3,11.82,22.95,,1.6
"2025-12-02 23:37:04",1709,1454,82716,0,,6.85,0.2,11.82,22.9,,1.6
"2025-12-02 23:37:05",1711,1456,82700,-38.22552,-72.717433,5.4,358.4,11.81,22.85,,1.6
"2025-12-02 23:37:06",1712,1457,82683,0,,4.65,6.4,11.8,22.85,,1.6
"2025-12-02 23:37:07",1714,1459,82667,0,,6.85,349.4,11.79,22.85,,1.6
"2025-12-02 23:37:08",1716,1461,82652,-38.225372,-72.717433,5.25,15.3,11.79,22.8,,1.6
"2025-12-02 23:37:09",1717,1462,82638,0,,5.25,349.4,11.78,22.8,,1.6
"2025-12-02 23:37:10",1718,1463,82625,0,,6.2,356.5,11.77,22.75,,1.6
"2025-12-02 23:37:11",1720,1465,82612,-38.22522,-72.717435,5.75,10.8,11.77,22.75,,1.6
"2025-12-02 23:37:13",1723,1468,82582,0,,6.2,5.8,11.75,22.75,,1.5
"2025-12-02 23:37:14",1724,1469,82568,-38.225067,-72.717438,5.55,1.1,11.75,22.75,,1.5
"2025-12-02 23:37:15",1726,1471,82552,0,,5.1,343.4,11.74,22.7,,1.5
"2025-12-02 23:37:16",1727,1472,82537,0,,6.25,10.9,11.73,22.75,,1.5
"2025-12-02 23:37:17",1729,1474,82522,-38.224923,-72.717452,4.8,341.9,11.71,22.75,17.5,1.5
"2025-12-02 23:37:18",1730,1475,82509,0,,6.15,3.5,11.71,22.75,,1.5
"2025-12-02 23:37:19",1731,1476,82496,0,,5.1,5.2,11.69,22.75,,1.5
"2025-12-02 23:37:20",1733,1478,82484,-38.22478,-72.71746,5.1,339.9,11.68,22.75,,1.4
"2025-12-02 23:37:21",1734,1479,82466,0,,6.7,6.5,11.68,22.7,,1.5
"2025-12-02 23:37:22",1736,1481,82449,0,,4.3,357.6,11.67,22.75,,1.5
"2025-12-02 23:37:23",1738,1483,82432,-38.224632,-72.717465,6,358.3,11.65,22.8,,1.5
"2025-12-02 23:37:24",1740,1485,82415,0,,5.4,1.1,11.65,22.8,,1.5
"2025-12-02 23:37:25",1741,1486,82398,0,,3.85,350.7,11.64,22.85,,1.6
"2025-12-02 23:37:26",1743,1488,82382,-38.224492,-72.717467,6.3,8.4,11.62,22.9,,1.6
"2025-12-02 23:37:27",1745,1490,82363,0,,4.55,344.6,11.62,22.9,,1.6
"2025-12-02 23:37:28",1747,1492,82345,0,,4.55,3.3,11.62,22.9,,1.6
"2025-12-02 23:37:29",1749,1494,82328,-38.224358,-72.717472,5.45,4,11.61,22.95,,1.6
"2025-12-02 23:37:30",1750,1495,82314,0,,4.85,341.2,11.6,23,,1.7
"2025-12-02 23:37:31",1751,1496,82300,0,,5.35,17.1,11.59,23.05,,1.7
"2025-12-02 23:37:32",1753,1498,82286,-38.224225,-72.717478,5.35,342.5,11.58,23.1,,1.7
"2025-12-02 23:37:33",1754,1499,82268,0,,,,11.56,23.15,,1.7
"2025-12-02 23:37:34",1756,1501,82250,0,,5.1,2.6,11.55,23.15,,1.7
"2025-12-02 23:37:35",1758,1503,82232,-38.22409,-72.717495,5.45,341.9,11.54,23.2,,1.7
"2025-12-02 23:37:36",1760,1505,82210,0,,4.3,16.7,11.52,23.15,,1.7
"2025-12-02 23:37:37",1763,1508,82189,0,,5.6,342.9,11.52,23.15,,1.8
"2025-12-02 23:37:38",1765,1510,82168,-38.223962,-72.717512,4.55,353.7,11.5,23.2,,1.8
"2025-12-02 23:37:39",1766,1511,82153,0,,4.15,3.9,11.48,23.2,,1.8
"2025-12-02 23:37:40",1768,1513,82139,0,,5.45,337.8,11.47,23.25,,1.7
"2025-12-02 23:37:41",1769,1514,82126,-38.223842,-72.717528,4.1,15.7,11.46,23.25,,1.7
"2025-12-02 23:37:43",1773,1518,82087,0,,4.7,346.8,11.43,23.3,,1.8
"2025-12-02 23:37:44",1775,1520,82068,-38.223727,-72.717538,3.75,18.1,11.41,23.3,17.25,1.8
"2025-12-02 23:37:45",1777,1522,82050,0,,5.55,338.1,11.4,23.3,,1.8
"2025-12-02 23:37:46",1778,1523,82033,0,,4.1,8.5,11.38,23.35,,1.8
"2025-12-02 23:37:47",1780,1525,82016,-38.223607,-72.71755,4.25,353.6,11.37,23.35,,1.8
"2025-12-02 23:37:48",1782,1527,82000,0,,4.85,345.6,11.35,23.45,,1.8
"2025-12-02 23:37:49",1783,1528,81985,0,,4.1,18.3,11.34,23.45,,1.7
"2025-12-02 23:37:50",1785,1530,81970,-38.22349,-72.717565,4.8,336.6,11.32,23.5,,1.7
"2025-12-02 23:37:51",1787,1532,81952,0,,4.15,8.1,11.31,23.5,,1.7
"2025-12-02 23:37:52",1788,1533,81935,0,,4.45,358.3,11.3,23.5,,1.7
"2025-12-02 23:37:53",1790,1535,81918,-38.223373,-72.717578,4.5,341.4,11.28,23.55,,1.7
"2025-12-02 23:37:54",1792,1537,81899,0,,4,19.2,11.26,23.55,,1.8
"2025-12-02 23:37:55",1794,1539,81880,0,,5.25,339.8,11.24,23.6,,1.8
"2025-12-02 23:37:56",1796,1541,81862,-38.223258,-72.717588,3.7,5.9,11.23,23.6,,1.8
"2025-12-02 23:37:57",1798,1543,81844,0,,4.25,2.5,11.21,23.6,,1.8
"2025-12-02 23:37:58",1800,1545,81826,0,,4.7,340.5,11.2,23.65,,1.8
"2025-12-02 23:37:59",1802,1547,81808,-38.223148,-72.717592,3.65,23.5,11.18,23.65,,1.8
"2025-12-02 23:38:00",1803,1548,81789,0,,5.4,343.3,11.17,23.65,,1.8
"2025-12-02 23:38:01",1805,1550,81771,0,,3.75,5.8,11.15,23.7,,1.8
"2025-12-02 23:38:02",1807,1552,81754,-38.223033,-72.717598,4.25,357,11.14,23.7,,1.8
"2025-12-02 23:38:03",1808,1553,81740,0,,4.7,346.1,11.11,23.75,,1.8
"2025-12-02 23:38:04",1810,1555,81726,0,,3.45,20.1,11.08,23.75,,1.8
"2025-12-02 23:38:05",1811,1556,81712,-38.22292,-72.717607,5.35,343.8,11.08,23.8,,1.8
"2025-12-02 23:38:06",1813,1558,81694,0,,3.7,5.1,11.08,23.8,,1.7
"2025-12-02 23:38:07",1815,1560,81678,0,,4.15,357.1,11.08,23.8,,1.7
"2025-12-02 23:38:08",1817,1562,81662,-38.222805,-72.717618,4.75,346.7,11.07,23.8,,1.7
"2025-12-02 23:38:10",1820,1565,81627,0,,5,343.5,11.03,23.9,,1.7
"2025-12-02 23:38:11",1822,1567,81610,-38.222695,-72.717623,3.75,6.1,11.02,23.9,17,1.7
"2025-12-02 23:38:14",1826,1571,81564,-38.222587,-72.717628,4.1,24.8,10.95,23.95,,1.6
"2025-12-02 23:38:16",1830,1575,81526,0,,4.15,0.9,10.92,23.95,,1.7
"2025-12-02 23:38:17",1832,1577,81508,-38.222472,-72.71763,4.15,6.4,10.91,24,,1.7
"2025-12-02 23:38:19",1835,1580,81478,0,,4.65,18.9,10.88,24.05,,1.7
"2025-12-02 23:38:20",1837,1582,81464,-38.222365,-72.717635,3.85,342.4,10.87,24.05,,1.7
"2025-12-02 23:38:22",1840,1585,81437,0,,4.6,6.5,10.84,24.05,,1.6
"2025-12-02 23:38:23",1841,1586,81424,-38.222253,-72.717647,4.05,334.9,10.82,24.1,,1.6
"2025-12-02 23:38:25",1844,1589,81392,0,,4.25,357.3,10.79,24.1,,1.6
"2025-12-02 23:38:26",1846,1591,81376,-38.222145,-72.717652,4.2,341.9,10.78,24.1,,1.6
"2025-12-02 23:38:27",1848,1593,81358,0,,4.05,27.8,10.77,24.15,,1.6
"2025-12-02 23:38:28",1849,1594,81341,0,,4.35,340.1,10.76,24.15,,1.6
"2025-12-02 23:38:29",1851,1596,81324,-38.222038,-72.717653,3.95,3.8,10.75,24.15,,1.6
"2025-12-02 23:38:30",1853,1598,81307,0,,4.1,7.1,10.74,24.2,,1.6
"2025-12-02 23:38:31",1855,1600,81290,0,,4,338.7,10.72,24.2,,1.6
"2025-12-02 23:38:32",1856,1601,81274,-38.221933,-72.717652,4.5,23,10.72,24.2,,1.6
"2025-12-02 23:38:33",1858,1603,81258,0,,4.35,343.5,10.7,24.2,,1.6
"2025-12-02 23:38:34",1859,1604,81243,0,,3.85,356.3,10.69,24.2,,1.7
"2025-12-02 23:38:35",1861,1606,81228,-38.221822,-72.717655,4.45,9.8,10.67,24.2,,1.7
"2025-12-02 23:38:36",1863,1608,81213,0,,4.2,335.9,10.66,24.2,,1.7
"2025-12-02 23:38:37",1864,1609,81198,0,,4.3,21.8,10.65,24.2,,1.7
"2025-12-02 23:38:38",1866,1611,81184,-38.221707,-72.717653,4.95,353.7,10.63,24.2,16.75,1.6
"2025-12-02 23:38:39",1867,1612,81171,0,,3.7,351,10.62,24.25,,1.6
"2025-12-02 23:38:40",1868,1613,81158,0,,4.1,16.3,10.61,24.25,,1.6
"2025-12-02 23:38:41",1869,1614,81146,-38.221592,-72.717658,5.2,345,10.6,24.25,,1.6
"2025-12-02 23:38:42",1871,1616,81131,0,,3.05,20.4,10.59,24.25,,1.5
"2025-12-02 23:38:43",1872,1617,81117,0,,5.25,358.5,10.57,24.25,,1.5
"2025-12-02 23:38:44",1874,1619,81104,-38.221478,-72.717657,3.65,357.5,10.55,24.25,,1.5
"2025-12-02 23:38:45",1876,1621,81086,0,,3.85,13,10.54,24.25,,1.5
"2025-12-02 23:38:46",1877,1622,81069,0,,5.25,344.6,10.52,24.25,,1.5
"2025-12-02 23:38:47",1879,1624,81052,-38.221367,-72.717652,3.6,25.7,10.51,24.25,,1.5
"2025-12-02 23:38:48",1881,1626,81035,0,,4.55,356,10.51,24.2,,1.5
"2025-12-02 23:38:49",1883,1628,81018,0,,3.9,352.1,10.49,24.2,,1.5
"2025-12-02 23:38:50",1884,1629,81002,-38.221255,-72.717643,4.65,18.5,10.48,24.25,,1.6
"2025-12-02 23:38:51",1886,1631,80987,0,,3.35,337.3,10.46,24.25,,1.6
"2025-12-02 23:38:52",1887,1632,80972,0,,5,7.2,10.45,24.25,,1.6
"2025-12-02 23:38:53",1889,1634,80958,-38.221143,-72.71764,4,5.7,10.45,24.25,,1.6
"2025-12-02 23:38:54",1890,1635,80943,0,,3.35,350.5,10.44,24.25,,1.6
"2025-12-02 23:38:55",1892,1637,80929,0,,5.45,1.6,10.42,24.25,,1.6
"2025-12-02 23:38:56",1893,1638,80916,-38.221035,-72.717637,2.7,13.5,10.4,24.25,,1.6
"2025-12-02 23:38:57",1895,1640,80899,0,,4.85,356.9,10.38,24.25,,1.6
"2025-12-02 23:38:58",1897,1642,80881,0,,3.85,10.9,10.37,24.25,,1.6
"2025-12-02 23:38:59",1899,1644,80864,-38.220928,-72.71763,3.25,358.2,10.36,24.25,,1.6
"2025-12-02 23:39:00",1900,1645,80847,0,,5.5,0.7,10.35,24.25,,1.6
"2025-12-02 23:39:01",1902,1647,80831,0,,2.3,12.7,10.34,24.25,,1.6
"2025-12-02 23:39:02",1903,1648,80816,-38.220822,-72.717623,4.95,357.5,10.33,24.25,,1.6
"2025-12-02 23:39:03",1905,1650,80801,0,,3.65,0.1,10.32,24.3,,1.6
"2025-12-02 23:39:04",1906,1651,80787,0,,2.75,356.9,10.31,24.25,,1.6
"2025-12-02 23:39:05",1908,1653,80774,-38.220715,-72.717625,5.35,4,10.29,24.25,16.5,1.6
"2025-12-02 23:39:06",1910,1655,80756,0,,2.5,346,10.28,24.25,,1.6
"2025-12-02 23:39:07",1911,1656,80739,0,,4.3,3.5,10.28,24.25,,1.6
"2025-12-02 23:39:08",1913,1658,80722,-38.220612,-72.717628,3.9,358.9,10.27,24.25,,1.7
"2025-12-02 23:39:09",1914,1659,80710,0,,2.75,350,10.26,24.25,,1.6
"2025-12-02 23:39:10",1916,1661,80698,0,,4.45,9.4,10.25,24.25,,1.6
"2025-12-02 23:39:11",1917,1662,80686,-38.220515,-72.717633,3.6,335.5,10.25,24.2,,1.5
"2025-12-02 23:39:14",1921,1666,80644,-38.220422,-72.717653,2.4,317.5,10.22,23.9,,1.5
"2025-12-02 23:39:15",1923,1668,80630,0,,4.55,1.4,10.21,23.9,,1.5
"2025-12-02 23:39:16",1924,1669,80617,0,,2.8,348.7,10.21,23.85,,1.5
"2025-12-02 23:39:17",1925,1670,80604,-38.220335,-72.71767,3.05,343.8,10.21,23.7,,1.5
"2025-12-02 23:39:18",1927,1672,80589,0,,4.4,356.4,10.21,23.45,,1.5
"2025-12-02 23:39:19",1928,1673,80574,0,,1.6,346.3,10.2,23.2,,1.5
"2025-12-02 23:39:20",1930,1675,80560,-38.220245,-72.717687,4.5,345.7,10.2,23.05,,1.4
"2025-12-02 23:39:21",1932,1677,80544,0,,2.45,344.7,10.2,22.9,,1.4
"2025-12-02 23:39:22",1933,1678,80529,0,,2.7,337.8,10.19,22.75,,1.5
"2025-12-02 23:39:23",1935,1680,80514,-38.220158,-72.71772,4.75,347.9,10.18,22.55,,1.5
"2025-12-02 23:39:24",1936,1681,80500,0,,1.6,326.8,10.18,22.3,,1.5
"2025-12-02 23:39:25",1937,1682,80488,0,,3.75,340.8,10.17,22.2,,1.5
"2025-12-02 23:39:26",1939,1684,80476,-38.220078,-72.717762,3.75,336.9,10.16,22.15,,1.4
"2025-12-02 23:39:27",1940,1685,80463,0,,2.05,322.8,10.16,22.05,,1.4
"2025-12-02 23:39:28",1941,1686,80449,0,,4.8,347.2,10.16,22.05,,1.4
"2025-12-02 23:39:29",1943,1688,80436,-38.22,-72.717805,2.7,315.3,10.15,22.05,,1.4
"2025-12-02 23:39:30",1944,1689,80422,0,,3.9,342.5,10.15,22,,1.4
"2025-12-02 23:39:31",1946,1691,80409,0,,3.7,332.9,10.14,21.85,,1.4
"2025-12-02 23:39:32",1947,1692,80396,-38.219918,-72.71786,3,312.9,10.14,21.65,16,1.4
"2025-12-02 23:39:33",1948,1693,80383,0,,,,10.13,21.45,,1.4
"2025-12-02 23:39:34",1950,1695,80369,0,,,,10.13,21.25,,1.4
"2025-12-02 23:39:35",1951,1696,80356,0,,,,10.12,21.15,,1.4
"2025-12-02 23:39:36",1952,1697,80343,0,,3,355.4,10.11,21,,1.4
"2025-12-02 23:39:37",1954,1699,80331,0,,3.55,310.3,10.11,20.85,,1.4
"2025-12-02 23:39:38",1955,1700,80320,-38.219755,-72.717947,3.7,356.7,10.11,20.75,,1.3
"2025-12-02 23:39:39",1956,1701,80305,0,,3.05,333.5,10.08,20.65,,1.4
"2025-12-02 23:39:40",1958,1703,80290,0,,4,315.1,10.08,20.45,,1.4
"2025-12-02 23:39:41",1959,1704,80276,-38.219675,-72.717993,3.4,5.6,10.07,20.35,,1.4
"2025-12-02 23:39:42",1961,1706,80261,0,,3.4,309.1,10.06,20.25,,1.4
"2025-12-02 23:39:43",1962,1707,80247,0,,2.95,339.8,10.06,20.15,,1.4
"2025-12-02 23:39:44",1964,1709,80234,-38.2196,-72.718035,3,347.9,10.05,20.05,,1.4
"2025-12-02 23:39:45",1965,1710,80221,0,,4.2,317.3,10.04,19.95,,1.4
"2025-12-02 23:39:46",1966,1711,80208,0,,2.75,5,10.03,19.95,,1.4
"2025-12-02 23:39:47",1968,1713,80196,-38.21952,-72.718083,3.65,322,10.02,19.85,,1.4
"2025-12-02 23:39:48",1969,1714,80185,0,,3.25,336.7,10.01,19.8,,1.4
"2025-12-02 23:39:49",1970,1715,80174,0,,2.45,346.6,10,19.7,,1.4
"2025-12-02 23:39:50",1971,1716,80164,-38.219443,-72.718132,3.85,321.2,9.98,19.65,,1.3
"2025-12-02 23:39:52",1975,1720,80130,0,,4.25,333.8,9.96,19.65,,1.4
"2025-12-02 23:39:53",1976,1721,80114,-38.219362,-72.718173,3.3,338.7,9.96,19.65,,1.4
"2025-12-02 23:39:54",1978,1723,80098,0,,2.9,346.6,9.93,19.65,,1.4
"2025-12-02 23:39:55",1979,1724,80083,0,,5,329.4,9.92,19.6,,1.4
"2025-12-02 23:39:56",1981,1726,80068,-38.219273,-72.718212,2.15,0.2,9.91,19.6,,1.4
"2025-12-02 23:39:57",1982,1727,80056,0,,3.1,328.7,9.9,19.55,,1.4
"2025-12-02 23:39:58",1983,1728,80045,0,,3.55,331.9,9.88,19.5,,1.4
"2025-12-02 23:39:59",1985,1730,80034,-38.219198,-72.718248,1.95,357.6,9.87,19.4,16,1.4
"2025-12-02 23:40:00",1986,1731,80022,0,,4.75,327.3,9.87,19.35,,1.4
"2025-12-02 23:40:01",1987,1732,80011,0,,2.05,359.6,9.86,19.3,,1.4
"2025-12-02 23:40:02",1988,1733,80000,-38.219125,-72.718282,2.6,342.7,9.86,19.3,,1.4
"2025-12-02 23:40:03",1990,1735,79984,0,,4.35,333.5,9.84,19.2,,1.4
"2025-12-02 23:40:04",1991,1736,79969,0,,1.7,346.7,9.84,19.05,,1.4
"2025-12-02 23:40:05",1993,1738,79954,-38.219043,-72.71832,4.4,340.3,9.83,18.95,,1.4
"2025-12-02 23:40:06",1994,1739,79940,0,,2.6,339.1,9.82,18.8,,1.4
"2025-12-02 23:40:07",1996,1741,79926,0,,2.35,344.7,9.82,18.65,,1.4
"2025-12-02 23:40:08",1997,1742,79912,-38.21896,-72.718353,4.65,346,9.82,18.5,,1.4
"2025-12-02 23:40:09",1999,1744,79899,0,,1.55,316.2,9.81,18.35,,1.4
"2025-12-02 23:40:10",2000,1745,79887,0,,3.7,353.1,9.79,18.2,,1.4
"2025-12-02 23:40:11",2001,1746,79876,-38.218883,-72.718383,3.15,336.2,9.79,18.05,,1.4
"2025-12-02 23:40:14",2005,1750,79838,-38.218808,-72.718413,2.85,312.1,9.77,17.6,,1.4
"2025-12-02 23:40:15",2007,1752,79823,0,,3.2,357.1,9.77,17.4,,1.4
"2025-12-02 23:40:16",2008,1753,79808,0,,3,348.5,9.77,17.25,,1.4
"2025-12-02 23:40:17",2010,1755,79794,-38.218738,-72.718442,2.55,319.1,9.77,17,,1.4
"2025-12-02 23:40:18",2011,1756,79780,0,,3.5,14.2,9.78,16.65,,1.4
"2025-12-02 23:40:19",2012,1757,79767,0,,3.35,316.4,9.78,16.3,,1.4
"2025-12-02 23:40:20",2014,1759,79754,-38.218668,-72.718465,2.3,7.9,9.79,15.9,,1.4
"2025-12-02 23:40:21",2015,1760,79739,0,,3.05,352.5,9.79,15.6,,1.4
"2025-12-02 23:40:22",2017,1762,79724,0,,2.7,324.1,9.79,15.3,,1.4
"2025-12-02 23:40:23",2018,1763,79710,-38.218602,-72.718478,2.7,21.1,9.81,14.95,,1.4
"2025-12-02 23:40:24",2020,1765,79699,0,,3.7,326.1,9.81,14.6,,1.4
"2025-12-02 23:40:25",2021,1766,79688,0,,1.4,19.7,9.82,14.25,,1.4
"2025-12-02 23:40:26",2022,1767,79678,-38.218533,-72.718493,3.5,355,9.82,13.9,15.5,1.4
"2025-12-02 23:40:27",2023,1768,79664,0,,2.2,329.5,9.82,13.55,,1.4
"2025-12-02 23:40:28",2025,1770,79651,0,,3.6,16.3,9.82,13.3,,1.4
"2025-12-02 23:40:29",2026,1771,79638,-38.218462,-72.718507,2.05,315.7,9.83,13.05,,1.4
"2025-12-02 23:40:30",2027,1772,79624,0,,2.55,355.9,9.83,12.8,,1.4
"2025-12-02 23:40:31",2029,1774,79611,0,,3.35,350.8,9.83,12.55,,1.4
"2025-12-02 23:40:32",2030,1775,79598,-38.218402,-72.718527,0.1,350.8,9.84,12.4,,1.4
"2025-12-02 23:40:33",2031,1776,79588,0,,3.85,337.6,9.85,12.25,,1.3
"2025-12-02 23:40:34",2032,1777,79579,0,,1.85,10.8,9.86,12.05,,1.3
"2025-12-02 23:40:35",2033,1778,79570,-38.218347,-72.718547,1.85,327.8,9.87,11.85,,1.2
"2025-12-02 23:40:36",2035,1780,79554,0,,3.4,338,9.87,11.65,,1.3
"2025-12-02 23:40:37",2036,1781,79539,0,,1.1,38.4,9.88,11.55,,1.3
"2025-12-02 23:40:38",2038,1783,79524,-38.21829,-72.718572,3.45,327.1,9.88,11.4,,1.3
"2025-12-02 23:40:40",2041,1786,79497,0,,2,331.5,9.89,11.2,,1.4
"2025-12-02 23:40:41",2042,1787,79484,-38.218232,-72.718603,3.2,329.6,9.9,11.1,,1.4
"2025-12-02 23:40:44",2047,1792,79436,-38.218183,-72.718635,1.4,339,9.91,10.85,,1.4
"2025-12-02 23:40:46",2050,1795,79407,0,,3.4,323.9,9.91,10.75,,1.5
"2025-12-02 23:40:47",2052,1797,79394,-38.218135,-72.718675,0.05,323.9,9.91,10.7,,1.5
"2025-12-02 23:40:49",2054,1799,79365,0,,2.2,317.7,9.93,10.6,,1.5
"2025-12-02 23:40:50",2056,1801,79352,-38.218095,-72.718713,1.65,287.4,9.93,10.6,,1.5
"2025-12-02 23:40:52",2059,1804,79324,0,,2.85,294.9,9.95,10.55,,1.5
"2025-12-02 23:40:53",2060,1805,79310,-38.218055,-72.718753,1.45,344.2,9.93,10.55,15,1.5
"2025-12-02 23:40:55",2063,1808,79280,0,,2.8,291.7,9.93,10.5,,1.5
"2025-12-02 23:40:56",2065,1810,79266,-38.21802,-72.71879,1.4,28,9.93,10.5,,1.5
"2025-12-02 23:40:57",2066,1811,79251,0,,2.7,306.7,9.93,10.5,,1.5
"2025-12-02 23:40:58",2068,1813,79237,0,,1.35,318.1,9.93,10.55,,1.5
"2025-12-02 23:40:59",2069,1814,79224,-38.217982,-72.718818,1.8,3,9.92,10.55,,1.5
"2025-12-02 23:41:00",2071,1816,79209,0,,3.05,306.4,9.92,10.55,,1.5
"2025-12-02 23:41:01",2072,1817,79195,0,,0.05,306.4,9.92,10.55,,1.5
"2025-12-02 23:41:02",2074,1819,79182,-38.217947,-72.718855,2.45,321.1,9.91,10.6,,1.5
"2025-12-02 23:41:03",2076,1821,79165,0,,1.75,315.8,9.9,10.6,,1.5
"2025-12-02 23:41:04",2077,1822,79147,0,,1.3,356.9,9.9,10.65,,1.5
"2025-12-02 23:41:05",2079,1824,79130,-38.21791,-72.718893,2.8,298.3,9.89,10.7,,1.6
"2025-12-02 23:41:06",2081,1826,79114,0,,1.05,13.1,9.88,10.7,,1.6
"2025-12-02 23:41:07",2083,1828,79099,0,,2.35,299.9,9.88,10.7,,1.6
"2025-12-02 23:41:08",2084,1829,79084,-38.217878,-72.71893,1.35,334.9,9.87,10.75,,1.6
"2025-12-02 23:41:09",2086,1831,79070,0,,1.4,349.2,9.87,10.75,,1.6
"2025-12-02 23:41:10",2087,1832,79056,0,,2.4,285.6,9.86,10.75,,1.6
"2025-12-02 23:41:11",2089,1834,79042,-38.217848,-72.71896,1.75,17.4,9.85,10.8,,1.6
"2025-12-02 23:41:13",2092,1837,79005,0,,1.25,330.6,9.83,10.8,,1.7
"2025-12-02 23:41:14",2094,1839,78988,-38.217818,-72.718992,1.6,341.1,9.82,10.8,,1.7
"2025-12-02 23:41:15",2096,1841,78973,0,,2.5,286.1,9.81,10.8,,1.7
"2025-12-02 23:41:16",2097,1842,78958,0,,1.35,27.9,9.79,10.8,,1.7
"2025-12-02 23:41:17",2099,1844,78944,-38.217787,-72.71903,2.75,301,9.78,10.8,,1.6
"2025-12-02 23:41:18",2101,1846,78927,0,,2.7,301,9.77,10.8,,1.6
"2025-12-02 23:41:19",2102,1847,78910,0,,0.15,301,9.76,10.8,,1.7
"2025-12-02 23:41:20",2104,1849,78894,-38.217758,-72.719068,2.35,295.7,9.75,10.8,15,1.7
"2025-12-02 23:41:21",2106,1851,78879,0,,0.05,295.7,9.74,10.8,,1.7
"2025-12-02 23:41:22",2107,1852,78865,0,,2.7,314.8,9.72,10.8,,1.7
"2025-12-02 23:41:23",2109,1854,78852,-38.217735,-72.719105,0.05,314.8,9.7,10.8,,1.7
"2025-12-02 23:41:24",2110,1855,78836,0,,0.15,314.8,9.7,10.8,,1.6
"2025-12-02 23:41:25",2112,1857,78822,0,,2.4,303.1,9.69,10.75,,1.6
"2025-12-02 23:41:26",2113,1858,78808,-38.217707,-72.719133,0.05,303.1,9.69,10.75,,1.6
"2025-12-02 23:41:27",2115,1860,78794,0,,3,315.8,9.68,10.8,,1.6
"2025-12-02 23:41:28",2116,1861,78781,0,,0.05,315.8,9.66,10.8,,1.5
"2025-12-02 23:41:29",2117,1862,78768,-38.21768,-72.719163,0.05,315.8,9.64,10.75,,1.5
"2025-12-02 23:41:30",2119,1864,78751,0,,2.55,287.6,9.63,10.75,,1.5
"2025-12-02 23:41:31",2121,1866,78735,0,,1.4,32.5,9.61,10.75,,1.5
"2025-12-02 23:41:32",2122,1867,78720,-38.217658,-72.719197,1.75,279.2,9.6,10.75,,1.5
"2025-12-02 23:41:33",2124,1869,78704,0,,1.5,319.5,9.59,10.75,,1.5
"2025-12-02 23:41:34",2126,1871,78688,0,,1.45,347.8,9.57,10.75,,1.6
"2025-12-02 23:41:35",2128,1873,78672,-38.217633,-72.71923,1.6,261.1,9.56,10.75,,1.6
"2025-12-02 23:41:36",2129,1874,78657,0,,2.75,343.7,9.56,10.7,,1.6
"2025-12-02 23:41:37",2131,1876,78641,0,,1.05,281.6,9.54,10.7,,1.6
"2025-12-02 23:41:38",2132,1877,78626,-38.217605,-72.719262,1.05,322.7,9.54,10.7,,1.6
"2025-12-02 23:41:39",2134,1879,78612,0,,2.45,327.7,9.52,10.7,,1.6
"2025-12-02 23:41:40",2135,1880,78599,0,,0.05,327.7,9.51,10.7,,1.6
"2025-12-02 23:41:41",2137,1882,78586,-38.217572,-72.71929,3.05,331.4,9.49,10.65,,1.6
"2025-12-02 23:41:43",2140,1885,78556,0,,0.15,331.4,9.47,10.65,,1.6
"2025-12-02 23:41:44",2141,1886,78542,-38.217533,-72.71932,2.65,315.7,9.46,10.65,,1.6
"2025-12-02 23:41:46",2144,1889,78514,0,,3.05,316.4,9.43,10.65,,1.6
"2025-12-02 23:41:47",2146,1891,78500,-38.217502,-72.719347,0.1,316.4,9.42,10.6,14.75,1.5
"2025-12-02 23:41:48",2147,1892,78485,0,,0.15,316.4,9.42,10.6,,1.5
"2025-12-02 23:41:49",2149,1894,78470,0,,2.25,296.3,9.41,10.6,,1.5
"2025-12-02 23:41:50",2150,1895,78456,-38.217473,-72.719368,1.6,38.4,9.4,10.6,,1.5
"2025-12-02 23:41:51",2152,1897,78441,0,,2.05,302.4,9.39,10.55,,1.5
"2025-12-02 23:41:52",2154,1899,78426,0,,1.35,332.2,9.38,10.55,,1.5
"2025-12-02 23:41:53",2155,1900,78412,-38.21744,-72.719385,1.95,0.1,9.37,10.5,,1.5
"2025-12-02 23:41:54",2157,1902,78397,0,,1.85,276.1,9.37,10.55,,1.5
"2025-12-02 23:41:55",2158,1903,78383,0,,2.55,353.4,9.36,10.5,,1.5
"2025-12-02 23:41:56",2160,1905,78370,-38.217402,-72.719412,0.05,353.4,9.34,10.45,,1.5
"2025-12-02 23:41:57",2161,1906,78356,0,,0.15,353.4,9.34,10.4,,1.5
"2025-12-02 23:41:58",2162,1907,78343,0,,2.7,350.7,9.33,10.4,,1.5
"2025-12-02 23:41:59",2164,1909,78330,-38.217362,-72.719435,0,350.7,9.32,10.35,,1.5
"2025-12-02 23:42:00",2165,1910,78315,0,,2.4,333.8,9.32,10.35,,1.5
"2025-12-02 23:42:01",2167,1912,78300,0,,0.05,333.8,9.31,10.3,,1.5
"2025-12-02 23:42:02",2168,1913,78286,-38.217323,-72.719453,0.1,333.8,9.31,10.3,,1.5
"2025-12-02 23:42:03",2170,1915,78270,0,,2.9,344,9.3,10.3,,1.5
"2025-12-02 23:42:04",2172,1917,78255,0,,0.05,344,9.29,10.3,,1.5
"2025-12-02 23:42:05",2173,1918,78240,-38.217275,-72.719473,3.4,336.3,9.28,10.3,,1.5
"2025-12-02 23:42:07",2176,1921,78217,0,,0.15,336.3,9.28,10.2,,1.5
"2025-12-02 23:42:08",2177,1922,78206,-38.217232,-72.719493,2.7,340.8,9.27,10.2,,1.4
"2025-12-02 23:42:09",2178,1923,78191,0,,0.1,340.8,9.27,10.15,,1.5
"2025-12-02 23:42:10",2180,1925,78176,0,,3.05,330.5,9.28,10.05,,1.5
"2025-12-02 23:42:11",2182,1927,78162,-38.217192,-72.719508,1.15,15.3,9.28,10,,1.5
"2025-12-02 23:42:13",2184,1929,78139,0,,2.45,334.7,9.28,9.85,,1.4
"2025-12-02 23:42:14",2185,1930,78128,-38.217158,-72.719518,1.1,64.6,9.29,9.8,14.5,1.4
"2025-12-02 23:42:15",2186,1931,78116,0,,2.7,307,9.28,9.75,,1.4
"2025-12-02 23:42:16",2188,1933,78105,0,,1.4,37.4,9.28,9.75,,1.3
"2025-12-02 23:42:17",2189,1934,78094,-38.217127,-72.71953,1.2,335.6,9.28,9.7,,1.3
"2025-12-02 23:42:18",2191,1936,78078,0,,2.2,323.9,9.28,9.65,,1.3
"2025-12-02 23:42:19",2192,1937,78063,0,,1.25,73.9,9.27,9.65,,1.4
"2025-12-02 23:42:20",2194,1939,78048,-38.217095,-72.719545,2.6,316.6,9.26,9.6,,1.4
"2025-12-02 23:42:21",2195,1940,78036,0,,0.05,316.6,9.26,9.6,,1.4
"2025-12-02 23:42:22",2196,1941,78024,0,,0.05,316.6,9.25,9.55,,1.3
"2025-12-02 23:42:23",2198,1943,78012,-38.217065,-72.719568,1.95,324.8,9.25,9.5,,1.3
"2025-12-02 23:42:24",2199,1944,77999,0,,0.05,324.8,9.24,9.45,,1.3
"2025-12-02 23:42:25",2200,1945,77986,0,,0.15,324.8,9.24,9.45,,1.3
"2025-12-02 23:42:26",2202,1947,77974,-38.217028,-72.719583,0.1,324.8,9.24,9.4,,1.4
"2025-12-02 23:42:27",2203,1948,77961,0,,0.05,324.8,9.22,9.4,,1.4
"2025-12-02 23:42:28",2204,1949,77948,0,,0.15,324.8,9.21,9.4,,1.4
"2025-12-02 23:42:29",2206,1951,77936,-38.217003,-72.719587,0.1,324.8,9.19,9.35,,1.4
"2025-12-02 23:42:30",2207,1952,77923,0,,0.15,324.8,9.19,9.3,,1.4
"2025-12-02 23:42:31",2208,1953,77910,0,,0.15,324.8,9.18,9.3,,1.4
"2025-12-02 23:42:32",2210,1955,77898,-38.216975,-72.719593,0.1,324.8,9.17,9.25,,1.4
"2025-12-02 23:42:33",2211,1956,77885,0,,2,31.5,9.17,9.3,,1.3
"2025-12-02 23:42:34",2213,1958,77871,0,,2,294.7,9.17,9.25,,1.4
"2025-12-02 23:42:35",2214,1959,77858,-38.21695,-72.719602,1.1,74.6,9.16,9.2,,1.4
"2025-12-02 23:42:36",2215,1960,77845,0,,1.95,351.7,9.16,9.2,,1.4
"2025-12-02 23:42:37",2217,1962,77833,0,,0.1,351.7,9.16,9.1,,1.4
"2025-12-02 23:42:38",2218,1963,77822,-38.216918,-72.719598,2.2,36.6,9.16,9.1,,1.3
"2025-12-02 23:42:39",2219,1964,77808,0,,1.9,293.1,9.15,9.05,,1.4
"2025-12-02 23:42:40",2221,1966,77795,0,,0.05,293.1,9.14,9,,1.4
"2025-12-02 23:42:41",2222,1967,77782,-38.216893,-72.719605,0.15,293.1,9.14,9,14.25,1.4
"2025-12-02 23:42:43",2225,1970,77757,0,,2,19.7,9.14,8.95,,1.4
"2025-12-02 23:42:44",2226,1971,77746,-38.216872,-72.7196,0,19.7,9.13,8.95,,1.4
"2025-12-02 23:42:45",2227,1972,77735,0,,0.1,19.7,9.13,8.9,,1.3
"2025-12-02 23:42:46",2228,1973,77724,0,,0.15,19.7,9.12,8.9,,1.3
"2025-12-02 23:42:47",2229,1974,77714,-38.216853,-72.719598,0.1,19.7,9.12,8.85,,1.3
"2025-12-02 23:42:48",2231,1976,77700,0,,2.15,359.7,9.12,8.75,,1.3
"2025-12-02 23:42:49",2232,1977,77687,0,,0.05,359.7,9.12,8.75,,1.3
"2025-12-02 23:42:50",2234,1979,77674,-38.216827,-72.719592,0.1,359.7,9.12,8.7,,1.3
"2025-12-02 23:42:51",2235,1980,77659,0,,0.1,359.7,9.12,8.7,,1.3
"2025-12-02 23:42:52",2237,1982,77644,0,,0.1,359.7,9.12,8.65,,1.4
"2025-12-02 23:42:53",2238,1983,77630,-38.216817,-72.719593,2.1,10,9.12,8.6,,1.4
"2025-12-02 23:42:54",2240,1985,77617,0,,0,10,9.11,8.55,,1.4
"2025-12-02 23:42:55",2241,1986,77605,0,,0.05,10,9.11,8.55,,1.3
"2025-12-02 23:42:56",2242,1987,77594,-38.216795,-72.71959,0.1,10,9.11,8.5,,1.4
"2025-12-02 23:42:57",2244,1989,77581,0,,0.15,10,9.1,8.5,,1.4
"2025-12-02 23:42:58",2245,1990,77568,0,,0.15,10,9.1,8.45,,1.4
"2025-12-02 23:42:59",2246,1991,77556,-38.216792,-72.719592,0.05,10,9.1,8.45,,1.4
"2025-12-02 23:43:00",2248,1993,77542,0,,0.05,10,9.09,8.45,,1.4
"2025-12-02 23:43:01",2249,1994,77529,0,,0.15,10,9.08,8.4,,1.4
"2025-12-02 23:43:02",2251,1996,77516,-38.216787,-72.719582,0.15,10,9.08,8.4,,1.4
"2025-12-02 23:43:03",2252,1997,77502,0,,0.1,10,9.07,8.35,,1.4
"2025-12-02 23:43:04",2254,1999,77488,0,,0,10,9.05,8.35,,1.4
"2025-12-02 23:43:05",2255,2000,77474,-38.21679,-72.719577,0.05,10,9.05,8.3,,1.4
"2025-12-02 23:43:06",2256,2001,77460,0,,2.15,21.3,9.05,8.25,,1.4
"2025-12-02 23:43:07",2258,2003,77448,0,,1.1,204.3,9.04,8.2,,1.4
"2025-12-02 23:43:08",2259,2004,77436,-38.21678,-72.71957,1.5,36.8,9.04,8.15,14,1.4
"2025-12-02 23:43:10",2262,2007,77413,0,,0.1,36.8,9.03,8.05,,1.4
"2025-12-02 23:43:11",2263,2008,77402,-38.216783,-72.719562,0.15,36.8,9.03,8,,1.4
"2025-12-02 23:43:14",2268,2013,77358,-38.216785,-72.71955,0.05,36.8,9.02,7.95,,1.4
"2025-12-02 23:43:16",2271,2016,77330,0,,0.15,36.8,9.01,7.95,,1.4
"2025-12-02 23:43:17",2272,2017,77316,-38.216797,-72.719535,2.05,158.4,9,7.9,,1.4
"2025-12-02 23:43:19",2275,2020,77290,0,,0.05,158.4,8.99,7.8,,1.4
"2025-12-02 23:43:20",2276,2021,77278,-38.216813,-72.71952,0.2,158.4,8.97,7.75,,1.4
"2025-12-02 23:43:22",2279,2024,77254,0,,2.05,135.7,8.96,7.75,,1.4
"2025-12-02 23:43:23",2280,2025,77242,-38.216827,-72.719497,0.05,135.7,8.95,7.7,,1.4
"2025-12-02 23:43:25",2283,2028,77216,0,,2.05,144.8,8.94,7.65,,1.4
"2025-12-02 23:43:26",2284,2029,77204,-38.216838,-72.719483,0.1,144.8,8.93,7.6,,1.4
"2025-12-02 23:43:27",2286,2031,77189,0,,2.1,131.4,8.93,7.65,,1.4
"2025-12-02 23:43:28",2287,2032,77175,0,,0.1,131.4,8.94,7.6,,1.4
"2025-12-02 23:43:29",2289,2034,77162,-38.216853,-72.719468,0.05,131.4,8.94,7.6,,1.4
"2025-12-02 23:43:30",2290,2035,77147,0,,2.5,140,8.95,7.55,,1.4
"2025-12-02 23:43:31",2292,2037,77132,0,,0.05,140,8.96,7.5,,1.4
"2025-12-02 23:43:32",2293,2038,77118,-38.216878,-72.71945,0.1,140,8.97,7.5,,1.4
"2025-12-02 23:43:34",2296,2041,77091,0,,0.1,140,8.99,7.5,,1.4
"2025-12-02 23:43:35",2298,2043,77078,-38.2169,-72.71945,0.15,140,9,7.5,13.75,1.5
"2025-12-02 23:43:36",2299,2044,77069,0,,0.1,140,9,7.45,,1.4
"2025-12-02 23:43:37",2300,2045,77060,0,,0.1,140,9.01,7.45,,1.4
"2025-12-02 23:43:38",2300,2045,77052,-38.216922,-72.719447,0.1,140,9.01,7.45,,1.4
"2025-12-02 23:43:39",2302,2047,77039,0,,0.15,140,9.01,7.45,,1.3
"2025-12-02 23:43:40",2303,2048,77026,0,,2.25,149.4,9.02,7.45,,1.3
"2025-12-02 23:43:41",2305,2050,77014,-38.216945,-72.719457,0.1,149.4,9.02,7.45,,1.3
"2025-12-02 23:43:42",2306,2051,77000,0,,0,149.4,9.01,7.45,,1.3
"2025-12-02 23:43:43",2308,2053,76986,0,,0.1,149.4,9.01,7.4,,1.3
"2025-12-02 23:43:44",2309,2054,76972,-38.216953,-72.719458,0.1,149.4,9.01,7.4,,1.3
"2025-12-02 23:43:45",2311,2056,76956,0,,0.15,149.4,9,7.4,,1.3
"2025-12-02 23:43:46",2312,2057,76941,0,,0.05,149.4,9,7.4,,1.3
"2025-12-02 23:43:47",2314,2059,76926,-38.216968,-72.719462,0.05,149.4,9,7.4,,1.4
"2025-12-02 23:43:48",2315,2060,76915,0,,2.5,197.7,8.99,7.35,,1.4
"2025-12-02 23:43:49",2316,2061,76904,0,,0.05,197.7,8.98,7.35,,1.4
"2025-12-02 23:43:50",2317,2062,76894,-38.216997,-72.71948,0.1,197.7,8.98,7.35,,1.4
"2025-12-02 23:43:51",2319,2064,76880,0,,0.15,197.7,8.98,7.35,,1.4
"2025-12-02 23:43:52",2321,2066,76866,0,,0.1,197.7,8.97,7.35,,1.4
"2025-12-02 23:43:53",2322,2067,76852,-38.217012,-72.719488,0.15,197.7,8.96,7.35,,1.5
"2025-12-02 23:43:55",2325,2070,76820,0,,0.05,197.7,8.95,7.35,,1.5
"2025-12-02 23:43:56",2327,2072,76804,-38.217032,-72.719497,2.25,187.2,8.94,7.35,,1.5
"2025-12-02 23:43:57",2328,2073,76792,0,,1.1,356.5,8.93,7.35,,1.5
"2025-12-02 23:43:58",2330,2075,76781,0,,1.65,200.9,8.92,7.35,,1.5
"2025-12-02 23:43:59",2331,2076,76770,-38.21705,-72.719507,0.05,200.9,8.92,7.35,,1.4
"2025-12-02 23:44:00",2332,2077,76757,0,,0.05,200.9,8.9,7.35,,1.4
"2025-12-02 23:44:01",2334,2079,76745,0,,2.15,184.6,8.89,7.35,,1.4
"2025-12-02 23:44:02",2335,2080,76734,-38.217062,-72.719518,1,346.3,8.88,7.35,13.5,1.4
"2025-12-02 23:44:03",2336,2081,76720,0,,1.45,219.9,8.87,7.35,,1.5
"2025-12-02 23:44:04",2338,2083,76706,0,,0.9,219.9,8.86,7.35,,1.5
"2025-12-02 23:44:05",2339,2084,76692,-38.217067,-72.719543,2.05,302.4,8.86,7.35,,1.5
"2025-12-02 23:44:06",2341,2086,76679,0,,0.05,302.4,8.85,7.4,,1.4
"2025-12-02 23:44:07",2342,2087,76666,0,,0.05,302.4,8.84,7.4,,1.4
"2025-12-02 23:44:08",2343,2088,76654,-38.217063,-72.719568,0.15,302.4,8.84,7.45,,1.4
"2025-12-02 23:44:09",2345,2090,76637,0,,0.1,302.4,8.84,7.45,,1.4
"2025-12-02 23:44:10",2347,2092,76620,0,,0.1,302.4,8.84,7.55,,1.4
"2025-12-02 23:44:11",2349,2094,76604,-38.217063,-72.71958,0,302.4,8.83,7.65,,1.5
"2025-12-02 23:44:14",2353,2098,76564,-38.217058,-72.719597,1.7,359.4,8.82,8.05,,1.5
"2025-12-02 23:44:15",2355,2100,76549,0,,0.05,359.4,8.82,8.2,,1.5
"2025-12-02 23:44:16",2356,2101,76535,0,,0.05,359.4,8.81,8.35,,1.5
"2025-12-02 23:44:17",2358,2103,76522,-38.217048,-72.719615,0.15,359.4,8.81,8.5,,1.5
"2025-12-02 23:44:18",2359,2104,76510,0,,0.1,359.4,8.8,8.6,,1.5
"2025-12-02 23:44:19",2360,2105,76498,0,,0.15,359.4,8.79,8.7,,1.5
"2025-12-02 23:44:20",2362,2107,76486,-38.217045,-72.719635,0.1,359.4,8.79,8.8,,1.5
"2025-12-02 23:44:21",2364,2109,76468,0,,0.1,359.4,8.78,8.95,,1.5
"2025-12-02 23:44:22",2365,2110,76451,0,,0.1,359.4,8.77,9.05,,1.5
"2025-12-02 23:44:23",2367,2112,76434,-38.217057,-72.71964,0.1,359.4,8.74,9.15,,1.5
"2025-12-02 23:44:24",2369,2114,76419,0,,0.1,359.4,8.73,9.2,,1.5
"2025-12-02 23:44:25",2370,2115,76405,0,,1.4,303.4,8.73,9.35,,1.5
"2025-12-02 23:44:26",2372,2117,76392,-38.217055,-72.719655,1.65,169.3,8.71,9.45,,1.5
"2025-12-02 23:44:27",2373,2118,76379,0,,,,8.7,9.5,,1.5
"2025-12-02 23:44:28",2375,2120,76365,0,,,,8.69,9.65,,1.5
"2025-12-02 23:44:29",2376,2121,76352,0,,,,8.67,9.7,13.5,1.5
"2025-12-02 23:44:30",2377,2122,76339,0,,0.05,326.5,8.67,9.75,,1.5
"2025-12-02 23:44:31",2379,2124,76327,0,,0.05,326.5,8.66,9.85,,1.5
"2025-12-02 23:44:32",2380,2125,76316,-38.21706,-72.719665,0.05,326.5,8.64,9.9,,1.5
"2025-12-02 23:44:33",2381,2126,76306,0,,0.1,326.5,8.64,10,,1.5
"2025-12-02 23:44:34",2382,2127,76296,0,,0.15,326.5,8.62,10.05,,1.4
"2025-12-02 23:44:35",2383,2128,76286,-38.217048,-72.719675,0.15,326.5,8.59,10.1,,1.4
"2025-12-02 23:44:36",2385,2130,76270,0,,0,326.5,8.58,10.15,,1.4
"2025-12-02 23:44:37",2386,2131,76256,0,,0.05,326.5,8.57,10.15,,1.4
"2025-12-02 23:44:38",2388,2133,76242,-38.217032,-72.719682,2.15,327.4,8.56,10.2,,1.4
"2025-12-02 23:44:39",2389,2134,76229,0,,1.35,120.4,8.54,10.2,,1.4
"2025-12-02 23:44:40",2391,2136,76216,0,,1.4,343.4,8.52,10.25,,1.3
"2025-12-02 23:44:41",2392,2137,76204,-38.217013,-72.719678,0.05,343.4,8.51,10.35,,1.3
"2025-12-02 23:44:42",2394,2139,76189,0,,0.05,343.4,8.5,10.35,,1.4
"2025-12-02 23:44:43",2395,2140,76174,0,,1.9,330.5,8.48,10.35,,1.4
"2025-12-02 23:44:44",2397,2142,76160,-38.217002,-72.719675,1.1,128.8,8.45,10.45,,1.4
"2025-12-02 23:44:45",2399,2144,76144,0,,0.85,128.8,8.44,10.5,,1.5
"2025-12-02 23:44:46",2400,2145,76129,0,,0,128.8,8.42,10.5,,1.5
"2025-12-02 23:44:47",2402,2147,76114,-38.216998,-72.719673,0.1,128.8,8.41,10.6,,1.6
"2025-12-02 23:44:48",2404,2149,76099,0,,1.85,0.1,8.39,10.65,,1.6
"2025-12-02 23:44:49",2405,2150,76085,0,,0.1,0.1,8.36,10.7,,1.5
"2025-12-02 23:44:50",2407,2152,76072,-38.216987,-72.719672,0.1,0.1,8.31,10.75,,1.5
"2025-12-02 23:44:51",2408,2153,76056,0,,0.05,0.1,8.31,10.75,,1.6
"2025-12-02 23:44:52",2410,2155,76041,0,,0.15,0.1,8.31,10.8,,1.6
"2025-12-02 23:44:53",2412,2157,76026,-38.216982,-72.719665,1.9,15.6,8.3,10.8,,1.6
"2025-12-02 23:44:54",2413,2158,76012,0,,1,197.4,8.3,10.85,,1.6
"2025-12-02 23:44:55",2414,2159,76000,0,,0.7,197.4,8.3,10.85,,1.6
"2025-12-02 23:44:56",2416,2161,75988,-38.216972,-72.71966,0.9,197.4,8.3,10.9,13.25,1.6
"2025-12-02 23:44:57",2417,2162,75974,0,,1.55,195.2,8.3,10.95,,1.6
"2025-12-02 23:44:58",2419,2164,75959,0,,2.4,40.6,8.3,10.95,,1.6
"2025-12-02 23:44:59",2421,2166,75944,-38.216967,-72.719648,0.05,40.6,8.3,10.95,,1.6
"2025-12-02 23:45:00",2422,2167,75928,0,,0.1,40.6,8.29,11,,1.6
"2025-12-02 23:45:01",2424,2169,75913,0,,0.1,40.6,8.27,11,,1.6
"2025-12-02 23:45:02",2426,2171,75898,-38.216965,-72.719638,0.1,40.6,8.24,11.05,,1.6
"2025-12-02 23:45:03",2427,2172,75883,0,,2.1,41.9,8.22,11.1,,1.6
"2025-12-02 23:45:04",2429,2174,75868,0,,0,41.9,8.21,11.1,,1.6
"2025-12-02 23:45:05",2430,2175,75854,-38.21696,-72.719618,0.05,41.9,8.19,11.15,,1.6
"2025-12-02 23:45:06",2432,2177,75842,0,,2.2,25.5,8.18,11.15,,1.5
"2025-12-02 23:45:07",2433,2178,75830,0,,1.3,176.4,8.15,11.2,,1.5
"2025-12-02 23:45:08",2434,2179,75818,-38.216948,-72.719595,1.9,44.5,8.14,11.25,,1.5
"2025-12-02 23:45:09",2436,2181,75803,0,,0.1,44.5,8.12,11.3,,1.6
"2025-12-02 23:45:10",2437,2182,75789,0,,0.1,44.5,8.11,11.35,,1.5
"2025-12-02 23:45:11",2439,2184,75776,-38.216933,-72.719568,2.45,37.4,8.09,11.45,,1.5
"2025-12-02 23:45:14",2443,2188,75740,-38.216903,-72.719522,0.1,62.5,8.05,11.7,,1.4
"2025-12-02 23:45:15",2444,2189,75727,0,,0.1,62.5,8.04,11.75,,1.4
"2025-12-02 23:45:16",2445,2190,75715,0,,2.85,47,8.03,11.8,,1.4
"2025-12-02 23:45:17",2447,2192,75704,-38.216893,-72.71949,0.05,47,8,11.9,,1.4
"2025-12-02 23:45:18",2448,2193,75692,0,,0.1,47,7.99,11.95,,1.4
"2025-12-02 23:45:19",2449,2194,75680,0,,0.1,47,7.98,12.05,,1.4
"2025-12-02 23:45:20",2451,2196,75668,-38.216887,-72.719458,2.1,136.8,7.96,12.05,,1.4
"2025-12-02 23:45:21",2452,2197,75657,0,,2.1,16.6,7.95,12.1,,1.3
"2025-12-02 23:45:22",2453,2198,75646,0,,1.3,100.4,7.94,12.1,,1.3
"2025-12-02 23:45:23",2454,2199,75636,-38.216878,-72.719422,1.4,80.8,7.92,12.15,13,1.3
"2025-12-02 23:45:24",2456,2201,75620,0,,0.05,80.8,7.91,12.15,,1.3
"2025-12-02 23:45:25",2457,2202,75605,0,,2.25,130,7.9,12.2,,1.3
"2025-12-02 23:45:26",2459,2204,75590,-38.216883,-72.719393,1.35,36.2,7.88,12.2,,1.4
"2025-12-02 23:45:27",2461,2206,75577,0,,1.95,91.4,7.86,12.25,,1.4
"2025-12-02 23:45:28",2462,2207,75563,0,,1.2,88.9,7.85,12.25,,1.4
"2025-12-02 23:45:29",2464,2209,75550,-38.216872,-72.719355,1.25,1.9,7.83,12.3,,1.4
"2025-12-02 23:45:30",2465,2210,75537,0,,1.45,125,7.81,12.3,,1.4
"2025-12-02 23:45:31",2466,2211,75525,0,,2.15,24.7,7.8,12.35,,1.4
"2025-12-02 23:45:32",2468,2213,75514,-38.21686,-72.719332,0.05,24.7,7.79,12.35,,1.4
"2025-12-02 23:45:33",2469,2214,75502,0,,0.1,24.7,7.77,12.35,,1.4
"2025-12-02 23:45:34",2470,2215,75491,0,,1.85,16.4,7.76,12.4,,1.4
"2025-12-02 23:45:35",2471,2216,75480,-38.216852,-72.71931,1.5,164,7.74,12.4,,1.4
"2025-12-02 23:45:36",2473,2218,75466,0,,2.2,52.1,7.73,12.45,,1.4
"2025-12-02 23:45:37",2474,2219,75454,0,,0,52.1,7.71,12.45,,1.4
"2025-12-02 23:45:38",2475,2220,75442,-38.216848,-72.719273,0.1,52.1,7.7,12.45,,1.3
"2025-12-02 23:45:40",2478,2223,75418,0,,0.1,52.1,7.67,12.45,,1.3
"2025-12-02 23:45:41",2479,2224,75406,-38.21684,-72.719245,2.4,43.7,7.65,12.45,,1.3
"2025-12-02 23:45:44",2483,2228,75368,-38.216828,-72.719213,2.3,7.3,7.62,12.4,,1.3
"2025-12-02 23:45:46",2486,2231,75346,0,,2.15,23,7.6,12.45,,1.3
"2025-12-02 23:45:47",2487,2232,75336,-38.21681,-72.71919,0.1,23,7.6,12.5,,1.3
"2025-12-02 23:45:49",2489,2234,75315,0,,2.15,3.4,7.55,12.55,,1.3
"2025-12-02 23:45:50",2490,2235,75306,-38.2168,-72.719158,1.85,110.7,7.54,12.55,13,1.3
"2025-12-02 23:45:52",2492,2237,75289,0,,1.05,26.3,7.52,12.5,,1.2
"2025-12-02 23:45:53",2493,2238,75282,-38.216785,-72.719125,2.05,93.7,7.51,12.55,,1.1
"2025-12-02 23:45:55",2495,2240,75263,0,,1.8,90.9,7.48,12.55,,1.1
"2025-12-02 23:45:56",2496,2241,75254,-38.216765,-72.719095,0.1,90.9,7.47,12.55,,1
"2025-12-02 23:45:58",2498,2243,75232,0,,0.15,90.9,7.45,12.55,,1
"2025-12-02 23:45:59",2499,2244,75222,-38.216743,-72.719067,2.25,10.1,7.44,12.55,,1
"2025-12-02 23:46:00",2501,2246,75212,0,,1.2,83.1,7.42,12.6,,1
"2025-12-02 23:46:01",2502,2247,75202,0,,1.05,72.8,7.4,12.6,,1
"2025-12-02 23:46:02",2503,2248,75192,-38.216722,-72.719037,2.1,9.8,7.39,12.6,,1
"2025-12-02 23:46:03",2504,2249,75179,0,,1.45,122.5,7.39,12.6,,1.1
"2025-12-02 23:46:04",2505,2250,75167,0,,1.85,15.7,7.38,12.6,,1.1
"2025-12-02 23:46:05",2507,2252,75156,-38.216702,-72.719008,1.15,56.3,7.36,12.6,,1.2
"2025-12-02 23:46:06",2508,2253,75144,0,,1.5,88.1,7.35,12.6,,1.2
"2025-12-02 23:46:07",2509,2254,75133,0,,2.35,3.5,7.34,12.6,,1.2
"2025-12-02 23:46:08",2510,2255,75122,-38.216682,-72.718973,1.7,105.9,7.33,12.65,,1.2
"2025-12-02 23:46:09",2511,2256,75113,0,,1.4,14.9,7.32,12.65,,1.2
"2025-12-02 23:46:10",2512,2257,75104,0,,1.55,15.6,7.31,12.65,,1.2
"2025-12-02 23:46:11",2513,2258,75096,-38.21666,-72.718943,2.05,103.6,7.3,12.65,,1.2
"2025-12-02 23:46:13",2516,2261,75073,0,,1.35,72.6,7.27,12.65,,1.2
"2025-12-02 23:46:14",2517,2262,75062,-38.216638,-72.718903,1.7,77.8,7.26,12.65,,1.2
"2025-12-02 23:46:15",2518,2263,75052,0,,2.25,5.4,7.25,12.7,,1.2
"2025-12-02 23:46:16",2519,2264,75042,0,,2.1,107.3,7.24,12.7,,1.2
"2025-12-02 23:46:17",2520,2265,75032,-38.216613,-72.71886,2.2,22.6,7.23,12.7,12.5,1.2
"2025-12-02 23:46:18",2522,2267,75021,0,,1.3,46.3,7.22,12.75,,1.1
"2025-12-02 23:46:19",2523,2268,75010,0,,2.7,85.4,7.21,12.8,,1.1
"2025-12-02 23:46:20",2524,2269,75000,-38.21659,-72.718813,1.55,349.1,7.21,12.8,,1.1
"2025-12-02 23:46:21",2525,2270,74988,0,,2.35,73.4,7.2,12.8,,1.1
"2025-12-02 23:46:22",2526,2271,74977,0,,1.6,52.1,7.19,12.8,,1.1
"2025-12-02 23:46:23",2528,2273,74966,-38.216572,-72.718775,0.45,298.8,7.18,12.8,,1.2
"2025-12-02 23:46:24",2529,2274,74952,0,,,,7.17,12.8,,1.2
"2025-12-02 23:46:25",2531,2276,74939,0,,,,7.16,12.8,,1.2
"2025-12-02 23:46:26",2532,2277,74926,0,,,,7.15,12.85,,1.2
"2025-12-02 23:46:27",2533,2278,74915,0,,2.25,65.4,7.14,12.85,,1.3
"2025-12-02 23:46:28",2534,2279,74904,0,,1,3,7.12,12.85,,1.3
"2025-12-02 23:46:29",2536,2281,74894,-38.216547,-72.718682,2.75,91.1,7.11,12.9,,1.3
"2025-12-02 23:46:30",2537,2282,74882,0,,1.8,11.2,7.1,12.85,,1.3
"2025-12-02 23:46:31",2538,2283,74870,0,,1.15,95.9,7.09,12.85,,1.3
"2025-12-02 23:46:32",2539,2284,74858,-38.21653,-72.718637,2.2,78.1,7.08,12.9,,1.3
"2025-12-02 23:46:33",2541,2286,74847,0,,1.1,1.5,7.06,12.9,,1.3
"2025-12-02 23:46:34",2542,2287,74837,0,,2.5,110.2,7.05,12.9,,1.3
"2025-12-02 23:46:35",2543,2288,74828,-38.216522,-72.718592,1.75,25,7.04,12.95,,1.3
"2025-12-02 23:46:36",2544,2289,74813,0,,,,7.03,12.95,,1.3
"2025-12-02 23:46:37",2546,2291,74798,0,,,,7.02,13,,1.3
"2025-12-02 23:46:38",2548,2293,74784,0,,,,7.01,13,,1.3
"2025-12-02 23:46:39",2549,2294,74771,0,,2.05,96.1,6.98,13,,1.3
"2025-12-02 23:46:40",2550,2295,74758,0,,1.75,35.2,6.97,13,,1.3
"2025-12-02 23:46:41",2552,2297,74746,-38.216482,-72.71851,1,44.5,6.94,13.05,,1.3
"2025-12-02 23:46:44",2556,2301,74706,-38.216457,-72.718458,2.3,87.2,6.92,13.05,12.5,1.4
"2025-12-02 23:46:45",2558,2303,74691,0,,1.65,49.4,6.9,13.05,,1.4
"2025-12-02 23:46:46",2559,2304,74677,0,,0.55,6.6,6.88,13.05,,1.4
"2025-12-02 23:46:47",2561,2306,74664,-38.216438,-72.718412,3.2,66.5,6.87,13.05,,1.5
"2025-12-02 23:46:48",2563,2308,74648,0,,0.8,332.3,6.86,13.05,,1.5
"2025-12-02 23:46:49",2564,2309,74633,0,,0.85,67.2,6.85,13.05,,1.5
"2025-12-02 23:46:50",2566,2311,74618,-38.216423,-72.718382,2.35,51,6.82,13.05,,1.5
"2025-12-02 23:46:51",2567,2312,74606,0,,0.55,188.2,6.81,13.05,,1.5
"2025-12-02 23:46:52",2569,2314,74595,0,,2.75,37,6.8,13.05,,1.5
"2025-12-02 23:46:53",2570,2315,74584,-38.216397,-72.718342,1.65,74.7,6.78,13.05,,1.5
"2025-12-02 23:46:54",2571,2316,74569,0,,0.75,123.6,6.77,13.1,,1.5
"2025-12-02 23:46:55",2573,2318,74554,0,,2.65,38.1,6.75,13.1,,1.5
"2025-12-02 23:46:56",2575,2320,74540,-38.216383,-72.718302,1.6,135.5,6.73,13.1,,1.5
"2025-12-02 23:46:57",2576,2321,74527,0,,2.45,32.3,6.72,13.1,,1.5
"2025-12-02 23:46:58",2577,2322,74515,0,,1.4,68.5,6.71,13.1,,1.5
"2025-12-02 23:46:59",2579,2324,74504,-38.216365,-72.718263,0.6,54.1,6.68,13.15,,1.5
"2025-12-02 23:47:00",2580,2325,74490,0,,2.65,33.7,6.67,13.1,,1.5
"2025-12-02 23:47:01",2582,2327,74475,0,,1.35,140.2,6.66,13.1,,1.5
"2025-12-02 23:47:02",2583,2328,74460,-38.216345,-72.718228,2.1,30.4,6.64,13.15,,1.5
"2025-12-02 23:47:04",2587,2332,74430,0,,1.15,142.6,6.61,13.15,,1.5
"2025-12-02 23:47:05",2588,2333,74416,-38.216328,-72.71819,2.6,39.6,6.6,13.2,,1.5
"2025-12-02 23:47:06",2590,2335,74400,0,,0.8,118.4,6.59,13.25,,1.6
"2025-12-02 23:47:07",2592,2337,74385,0,,1.7,60.4,6.58,13.25,,1.6
"2025-12-02 23:47:08",2593,2338,74370,-38.216307,-72.718152,1.7,37.3,6.57,13.3,,1.6
"2025-12-02 23:47:09",2595,2340,74355,0,,0.6,139.4,6.55,13.25,,1.6
"2025-12-02 23:47:10",2596,2341,74341,0,,3,46.2,6.53,13.25,,1.6
"2025-12-02 23:47:11",2598,2343,74328,-38.216283,-72.718118,0.75,84.1,6.51,13.3,12,1.6
"2025-12-02 23:47:13",2601,2346,74301,0,,2.4,52.3,6.47,13.3,,1.6
"2025-12-02 23:47:14",2602,2347,74288,-38.216265,-72.718072,0.65,102.5,6.47,13.35,,1.6
"2025-12-02 23:47:15",2604,2349,74271,0,,,,6.47,13.4,,1.6
"2025-12-02 23:47:16",2606,2351,74254,0,,,,6.46,13.4,,1.6
"2025-12-02 23:47:17",2608,2353,74238,0,,,,6.44,13.45,,1.6
"2025-12-02 23:47:18",2610,2355,74223,0,,2.9,56,6.42,13.5,,1.6
"2025-12-02 23:47:19",2611,2356,74208,0,,0.5,154.8,6.4,13.5,,1.6
"2025-12-02 23:47:20",2613,2358,74194,-38.216217,-72.717968,3.15,48.5,6.38,13.55,,1.6
"2025-12-02 23:47:21",2614,2359,74180,0,,1.6,69.1,6.36,13.55,,1.6
"2025-12-02 23:47:22",2616,2361,74167,0,,1.2,71.3,6.35,13.55,,1.6
"2025-12-02 23:47:23",2617,2362,74154,-38.216192,-72.717915,2.9,47.6,6.34,13.6,,1.6
"2025-12-02 23:47:24",2619,2364,74140,0,,1.05,150.6,6.32,13.65,,1.6
"2025-12-02 23:47:25",2621,2366,74125,0,,2.85,46.3,6.3,13.65,,1.6
"2025-12-02 23:47:26",2622,2367,74110,-38.216173,-72.717863,1.55,77.2,6.29,13.7,,1.6
"2025-12-02 23:47:27",2624,2369,74097,0,,0.95,89.6,6.27,13.65,,1.6
"2025-12-02 23:47:28",2625,2370,74084,0,,2.95,51.8,6.26,13.7,,1.6
"2025-12-02 23:47:29",2626,2371,74072,-38.216157,-72.71782,0.45,131.1,6.24,13.7,,1.6
"2025-12-02 23:47:30",2628,2373,74057,0,,1.95,51.8,6.23,13.75,,1.5
"2025-12-02 23:47:31",2630,2375,74042,0,,2.15,48.3,6.22,13.75,,1.5
"2025-12-02 23:47:32",2631,2376,74028,-38.216127,-72.717775,0.45,103.3,6.2,13.75,,1.5
"2025-12-02 23:47:33",2633,2378,74015,0,,3.5,63.5,6.19,13.8,,1.5
"2025-12-02 23:47:34",2634,2379,74003,0,,1.4,82.6,6.17,13.8,,1.5
"2025-12-02 23:47:35",2635,2380,73992,-38.216112,-72.71772,1.1,56.7,6.16,13.85,,1.5
"2025-12-02 23:47:36",2637,2382,73976,0,,3.45,61.7,6.14,13.85,,1.5
"2025-12-02 23:47:37",2639,2384,73961,0,,0.05,61.7,6.13,13.85,,1.5
"2025-12-02 23:47:38",2640,2385,73946,-38.216085,-72.717663,2.95,47.5,6.12,13.9,12,1.5
"2025-12-02 23:47:39",2642,2387,73935,0,,1.95,72.9,6.12,13.9,,1.5
"2025-12-02 23:47:40",2643,2388,73924,0,,1.2,80.2,6.08,13.95,,1.5
"2025-12-02 23:47:41",2644,2389,73914,-38.216062,-72.717607,3.05,51.1,6.06,13.95,,1.5
"2025-12-02 23:47:43",2647,2392,73885,0,,3.05,56.8,6.04,14,,1.5
"2025-12-02 23:47:44",2649,2394,73872,-38.216035,-72.717548,1.85,58.6,6.03,14.05,,1.5
"2025-12-02 23:47:45",2650,2395,73857,0,,0.05,58.6,6.02,14.1,,1.4
"2025-12-02 23:47:46",2651,2396,73846,0,,3.7,51.7,6.01,14.1,,1.4
"2025-12-02 23:47:47",2653,2398,73836,-38.216012,-72.71749,1.5,91.9,5.99,14.15,,1.4
"2025-12-02 23:47:48",2654,2399,73825,0,,2.1,58.8,5.98,14.2,,1.4
"2025-12-02 23:47:49",2655,2400,73811,0,,2.1,33.7,5.97,14.25,,1.4
"2025-12-02 23:47:50",2657,2402,73798,-38.215985,-72.717433,2.55,85.7,5.96,14.25,,1.4
"2025-12-02 23:47:51",2658,2403,73784,0,,3,39.5,5.94,14.3,,1.4
"2025-12-02 23:47:52",2660,2405,73771,0,,1.35,101.3,5.93,14.3,,1.4
"2025-12-02 23:47:53",2661,2406,73758,-38.215962,-72.717368,2.95,53.3,5.91,14.35,,1.4
"2025-12-02 23:47:54",2663,2408,73747,0,,1.85,35.7,5.9,14.35,,1.4
"2025-12-02 23:47:55",2664,2409,73735,0,,3.05,91.4,5.89,14.35,,1.4
"2025-12-02 23:47:56",2665,2410,73724,-38.215933,-72.717305,2.1,20,5.87,14.35,,1.4
"2025-12-02 23:47:57",2666,2411,73713,0,,2.3,68.5,5.86,14.4,,1.4
"2025-12-02 23:47:58",2667,2412,73702,0,,3.05,64.6,5.86,14.4,,1.4
"2025-12-02 23:47:59",2669,2414,73692,-38.215907,-72.717238,0.05,64.6,5.85,14.4,,1.4
"2025-12-02 23:48:00",2670,2415,73676,0,,3.35,48,5.83,14.4,,1.4
"2025-12-02 23:48:01",2672,2417,73661,0,,2.15,66.5,5.83,14.4,,1.4
"2025-12-02 23:48:02",2674,2419,73646,-38.215878,-72.717175,1.4,72.3,5.81,14.4,,1.4
"2025-12-02 23:48:03",2675,2420,73632,0,,3.2,35.3,5.81,14.45,,1.4
"2025-12-02 23:48:04",2677,2422,73619,0,,2.1,100.1,5.79,14.4,,1.4
"2025-12-02 23:48:05",2678,2423,73606,-38.215845,-72.717115,2.55,36.5,5.77,14.4,11.5,1.4
"2025-12-02 23:48:06",2680,2425,73593,0,,2.45,54.6,5.76,14.4,,1.4
"2025-12-02 23:48:07",2681,2426,73580,0,,2,85.7,5.75,14.45,,1.4
"2025-12-02 23:48:08",2683,2428,73568,-38.215812,-72.717055,3.2,19.5,5.74,14.4,,1.4
"2025-12-02 23:48:10",2686,2431,73538,0,,1.9,52.1,5.72,14.4,,1.5
"2025-12-02 23:48:11",2687,2432,73524,-38.21578,-72.717,2.55,33.9,5.71,14.4,,1.5
"2025-12-02 23:48:14",2692,2437,73486,-38.215747,-72.716942,1.6,68.1,5.69,14.4,,1.5
"2025-12-02 23:48:16",2694,2439,73462,0,,2.65,42.1,5.68,14.35,,1.5
"2025-12-02 23:48:17",2696,2441,73450,-38.215717,-72.716885,0.05,42.1,5.67,14.35,,1.5
"2025-12-02 23:48:19",2699,2444,73423,0,,1.2,57,5.66,14.3,,1.5
"2025-12-02 23:48:20",2700,2445,73410,-38.21569,-72.716828,1.9,65.8,5.66,14.25,,1.5
"2025-12-02 23:48:22",2703,2448,73384,0,,0.05,44.1,5.64,14.1,,1.4
"2025-12-02 23:48:23",2704,2449,73372,-38.215655,-72.71677,3.7,53.5,5.64,14.1,,1.4
"2025-12-02 23:48:25",2707,2452,73345,0,,1.7,70.1,5.62,14.05,,1.4
"2025-12-02 23:48:26",2709,2454,73332,-38.21562,-72.716707,3.4,43.5,5.61,14.05,,1.4
"2025-12-02 23:48:27",2710,2455,73321,0,,1.2,104.7,5.6,14,,1.4
"2025-12-02 23:48:28",2711,2456,73310,0,,2.55,42.7,5.59,13.95,,1.4
"2025-12-02 23:48:29",2712,2457,73300,-38.215592,-72.716647,2.45,61.3,5.56,13.95,,1.4
"2025-12-02 23:48:30",2714,2459,73285,0,,2.15,81.7,5.56,14,,1.4
"2025-12-02 23:48:31",2716,2461,73271,0,,2.35,24.3,5.56,13.95,,1.4
"2025-12-02 23:48:32",2717,2462,73258,-38.215565,-72.71658,3,78.8,5.56,13.95,11,1.4
"2025-12-02 23:48:33",2719,2464,73244,0,,1.5,22.5,5.56,13.9,,1.4
"2025-12-02 23:48:34",2720,2465,73230,0,,2.4,54.1,5.56,13.85,,1.4
"2025-12-02 23:48:35",2722,2467,73216,-38.215535,-72.716518,2.75,77.2,5.55,13.8,,1.5
"2025-12-02 23:48:36",2723,2468,73205,0,,1.6,358.2,5.55,13.7,,1.4
"2025-12-02 23:48:37",2724,2469,73195,0,,2.95,67.2,5.54,13.65,,1.4
"2025-12-02 23:48:38",2725,2470,73186,-38.2155,-72.716465,1.8,36.2,5.52,13.6,,1.4
"2025-12-02 23:48:39",2727,2472,73171,0,,1.95,42.3,5.5,13.6,,1.4
"2025-12-02 23:48:40",2728,2473,73157,0,,3.05,78.3,5.49,13.55,,1.4
"2025-12-02 23:48:41",2730,2475,73144,-38.215468,-72.71641,2.25,7.1,5.49,13.5,,1.5
"2025-12-02 23:48:42",2731,2476,73130,0,,2.25,73.5,5.48,13.45,,1.5
"2025-12-02 23:48:43",2733,2478,73117,0,,2.35,48.9,5.47,13.4,,1.5
"2025-12-02 23:48:44",2734,2479,73104,-38.215432,-72.716355,2,28,5.46,13.35,,1.4
"2025-12-02 23:48:45",2736,2481,73091,0,,2.4,97.7,5.45,13.3,,1.4
"2025-12-02 23:48:46",2737,2482,73078,0,,2.8,26.1,5.44,13.3,,1.4
"2025-12-02 23:48:47",2739,2484,73066,-38.215403,-72.716295,1.75,59.6,5.43,13.25,,1.4
"2025-12-02 23:48:48",2740,2485,73053,0,,2.25,79.1,5.42,13.2,,1.4
"2025-12-02 23:48:49",2741,2486,73041,0,,3.05,30.6,5.41,13.15,,1.4
"2025-12-02 23:48:50",2743,2488,73030,-38.215377,-72.716237,1.2,102.9,5.39,13.1,,1.4
"2025-12-02 23:48:51",2744,2489,73019,0,,2.7,42.8,5.38,13.05,,1.4
"2025-12-02 23:48:52",2745,2490,73009,0,,2.15,40.7,5.37,13.05,,1.4
"2025-12-02 23:48:53",2746,2491,73000,-38.215347,-72.716187,0.05,40.7,5.35,13,,1.3
"2025-12-02 23:48:54",2747,2492,72988,0,,3.65,44.6,5.34,12.95,,1.4
"2025-12-02 23:48:55",2749,2494,72975,0,,1.2,78.1,5.33,12.9,,1.3
"2025-12-02 23:48:56",2750,2495,72962,-38.215318,-72.716132,2.1,62.2,5.32,12.85,,1.3
"2025-12-02 23:48:57",2752,2497,72949,0,,2.5,42.1,5.31,12.85,,1.3
"2025-12-02 23:48:58",2753,2498,72936,0,,0,42.1,5.3,12.75,,1.3
"2025-12-02 23:48:59",2755,2500,72924,-38.215283,-72.716073,2.8,59.1,5.29,12.75,10.75,1.3
"2025-12-02 23:49:00",2756,2501,72912,0,,1.1,14.8,5.29,12.75,,1.3
"2025-12-02 23:49:01",2757,2502,72900,0,,1.35,73.9,5.28,12.7,,1.3
"2025-12-02 23:49:02",2759,2504,72888,-38.21526,-72.716027,2.75,57.1,5.26,12.7,,1.3
"2025-12-02 23:49:03",2760,2505,72875,0,,0.05,57.1,5.25,12.65,,1.3
"2025-12-02 23:49:04",2761,2506,72863,0,,2.9,68.5,5.24,12.6,,1.4
"2025-12-02 23:49:05",2763,2508,72852,-38.215235,-72.715982,1.65,22,5.24,12.6,,1.4
"2025-12-02 23:49:06",2764,2509,72839,0,,1.15,79.3,5.23,12.55,,1.4
"2025-12-02 23:49:07",2766,2511,72826,0,,2.65,65.5,5.22,12.5,,1.4
"2025-12-02 23:49:08",2767,2512,72814,-38.215217,-72.715945,1.15,329.6,5.22,12.45,,1.4
"2025-12-02 23:49:09",2768,2513,72801,0,,3,76.6,5.22,12.35,,1.4
"2025-12-02 23:49:10",2770,2515,72788,0,,1.2,36,5.2,12.3,,1.4
"2025-12-02 23:49:11",2771,2516,72776,-38.215198,-72.715903,0.8,36,5.2,12.3,,1.4
"2025-12-02 23:49:14",2776,2521,72732,-38.215185,-72.715858,1.95,89.4,5.17,12.1,,1.5
"2025-12-02 23:49:15",2778,2523,72718,0,,1.45,65,5.16,12.05,,1.5
"2025-12-02 23:49:16",2779,2524,72706,0,,0.05,65,5.15,12.05,,1.5
"2025-12-02 23:49:17",2780,2525,72694,-38.21518,-72.715812,3.05,108.1,5.14,12,,1.5
"2025-12-02 23:49:19",2784,2529,72665,0,,1.65,90.8,5.12,11.95,,1.5
"2025-12-02 23:49:20",2785,2530,72652,-38.215172,-72.715767,1.75,93.7,5.11,11.95,,1.5
"2025-12-02 23:49:21",2786,2531,72641,0,,1.5,21.2,5.1,11.9,,1.5
"2025-12-02 23:49:22",2788,2533,72629,0,,2.2,124.6,5.08,11.85,,1.5
"2025-12-02 23:49:23",2789,2534,72618,-38.215165,-72.715725,1.85,32.6,5.07,11.85,,1.5
"2025-12-02 23:49:24",2790,2535,72605,0,,0.1,32.6,5.05,11.85,,1.5
"2025-12-02 23:49:25",2792,2537,72592,0,,0.2,32.6,5.04,11.8,,1.5
"2025-12-02 23:49:26",2793,2538,72580,-38.21516,-72.715683,2.2,34.6,5.02,11.8,10.5,1.4
"2025-12-02 23:49:27",2795,2540,72567,0,,1.85,143.1,5.01,11.75,,1.4
"2025-12-02 23:49:28",2796,2541,72555,0,,1.2,39.1,5,11.7,,1.4
"2025-12-02 23:49:29",2797,2542,72544,-38.215153,-72.71565,1.05,61.8,5,11.7,,1.4
"2025-12-02 23:49:30",2799,2544,72529,0,,1.9,141.2,4.98,11.7,,1.4
"2025-12-02 23:49:31",2801,2546,72514,0,,2.2,28.8,4.97,11.65,,1.4
"2025-12-02 23:49:32",2802,2547,72500,-38.215152,-72.715612,1.1,131.5,4.96,11.65,,1.4
"2025-12-02 23:49:33",2804,2549,72489,0,,1.25,79.9,4.95,11.6,,1.4
"2025-12-02 23:49:34",2805,2550,72478,0,,2.05,45.2,4.93,11.55,,1.4
"2025-12-02 23:49:35",2806,2551,72468,-38.215145,-72.715573,1.45,149.5,4.92,11.55,,1.4
"2025-12-02 23:49:36",2807,2552,72456,0,,2.55,35.6,4.9,11.6,,1.4
"2025-12-02 23:49:37",2809,2554,72444,0,,0.1,35.6,4.89,11.55,,1.4
"2025-12-02 23:49:38",2810,2555,72432,-38.215138,-72.715537,0.1,35.6,4.88,11.55,,1.4
"2025-12-02 23:49:39",2811,2556,72419,0,,0.2,35.6,4.86,11.5,,1.4
"2025-12-02 23:49:40",2813,2558,72407,0,,0.15,35.6,4.86,11.5,,1.4
"2025-12-02 23:49:41",2814,2559,72396,-38.21513,-72.715507,2,29.5,4.84,11.5,,1.4
"2025-12-02 23:49:42",2815,2560,72384,0,,0.1,29.5,4.83,11.5,,1.4
"2025-12-02 23:49:43",2817,2562,72372,0,,0.15,29.5,4.82,11.45,,1.3
"2025-12-02 23:49:44",2818,2563,72360,-38.215123,-72.715472,2.15,24.1,4.81,11.45,,1.3
"2025-12-02 23:49:45",2820,2565,72345,0,,0.1,24.1,4.79,11.45,,1.3
"2025-12-02 23:49:46",2821,2566,72331,0,,0.2,24.1,4.78,11.45,,1.4
"2025-12-02 23:49:47",2823,2568,72318,-38.215112,-72.715438,0.1,24.1,4.78,11.45,,1.4
"2025-12-02 23:49:48",2824,2569,72306,0,,0.15,24.1,4.75,11.45,,1.4
"2025-12-02 23:49:49",2825,2570,72295,0,,2.05,30.8,4.74,11.45,,1.4
"2025-12-02 23:49:50",2827,2572,72284,-38.215112,-72.71541,1.05,168.6,4.73,11.4,,1.4
"2025-12-02 23:49:51",2828,2573,72270,0,,1.35,70.8,4.72,11.4,,1.4
"2025-12-02 23:49:52",2830,2575,72256,0,,0.8,70.8,4.71,11.35,,1.4
"2025-12-02 23:49:53",2831,2576,72242,-38.215118,-72.715383,2.05,141.6,4.7,11.35,10,1.4
"2025-12-02 23:49:54",2833,2578,72231,0,,1.7,27,4.69,11.35,,1.4
"2025-12-02 23:49:55",2834,2579,72221,0,,0.05,27,4.67,11.3,,1.4
"2025-12-02 23:49:56",2835,2580,72212,-38.215118,-72.71535,0.1,27,4.66,11.3,,1.4
"2025-12-02 23:49:57",2836,2581,72200,0,,0.1,27,4.65,11.3,,1.4
"2025-12-02 23:49:58",2838,2583,72188,0,,2.55,124.6,4.65,11.25,,1.4
"2025-12-02 23:49:59",2839,2584,72176,-38.21512,-72.715318,1.15,348,4.64,11.25,,1.4
"2025-12-02 23:50:00",2840,2585,72162,0,,1.3,108.6,4.64,11.25,,1.3
"2025-12-02 23:50:01",2842,2587,72150,0,,1.5,102.7,4.61,11.25,,1.4
"2025-12-02 23:50:02",2843,2588,72138,-38.215123,-72.715292,0.05,102.7,4.59,11.2,,1.4
"2025-12-02 23:50:03",2845,2590,72125,0,,2.5,93.8,4.58,11.15,,1.4
"2025-12-02 23:50:04",2846,2591,72112,0,,0.05,93.8,4.57,11.15,,1.3
"2025-12-02 23:50:05",2848,2593,72100,-38.21513,-72.715257,0.05,93.8,4.56,11.1,,1.3
"2025-12-02 23:50:06",2849,2594,72088,0,,1.85,78.1,4.54,11.1,,1.3
"2025-12-02 23:50:07",2850,2595,72076,0,,1.45,188.7,4.54,11.1,,1.4
"2025-12-02 23:50:08",2852,2597,72064,-38.21514,-72.715225,1.7,55.9,4.51,11.05,,1.4
"2025-12-02 23:50:09",2853,2598,72050,0,,1.05,122.5,4.51,11.05,,1.4
"2025-12-02 23:50:10",2855,2600,72037,0,,0.9,122.5,4.49,11,,1.4
"2025-12-02 23:50:11",2856,2601,72024,-38.215142,-72.715195,1.75,45.2,4.49,10.95,,1.4
"2025-12-02 23:50:14",2860,2605,71992,-38.215153,-72.715165,0.95,155.2,4.44,10.85,,1.4
"2025-12-02 23:50:15",2861,2606,71977,0,,1.1,159.4,4.43,10.85,,1.4
"2025-12-02 23:50:16",2863,2608,71963,0,,1.4,18.9,4.42,10.8,,1.4
"2025-12-02 23:50:17",2865,2610,71950,-38.215157,-72.715145,1.55,126.7,4.41,10.8,,1.4
"2025-12-02 23:50:18",2866,2611,71939,0,,0.05,126.7,4.4,10.8,,1.4
"2025-12-02 23:50:19",2867,2612,71927,0,,0.05,126.7,4.38,10.8,,1.4
"2025-12-02 23:50:20",2868,2613,71916,-38.215163,-72.715117,0.15,126.7,4.37,10.8,9.75,1.4
"2025-12-02 23:50:21",2870,2615,71904,0,,0.05,126.7,4.37,10.75,,1.4
"2025-12-02 23:50:22",2871,2616,71893,0,,2.25,98.6,4.36,10.75,,1.4
"2025-12-02 23:50:23",2872,2617,71882,-38.215168,-72.715082,0.05,98.6,4.35,10.7,,1.3
"2025-12-02 23:50:24",2874,2619,71871,0,,0,98.6,4.34,10.7,,1.3
"2025-12-02 23:50:25",2875,2620,71860,0,,0.15,98.6,4.33,10.7,,1.3
"2025-12-02 23:50:26",2876,2621,71850,-38.215175,-72.715058,0.05,98.6,4.31,10.7,,1.3
"2025-12-02 23:50:27",2877,2622,71839,0,,2.25,79.2,4.3,10.7,,1.3
"2025-12-02 23:50:28",2878,2623,71828,0,,1.15,133.1,4.29,10.7,,1.3
"2025-12-02 23:50:29",2880,2625,71818,-38.215182,-72.715022,0,133.1,4.29,10.65,,1.3
"2025-12-02 23:50:30",2881,2626,71805,0,,2.7,98.4,4.28,10.65,,1.3
"2025-12-02 23:50:31",2882,2627,71792,0,,0.1,98.4,4.28,10.65,,1.3
"2025-12-02 23:50:32",2884,2629,71780,-38.21519,-72.714983,1.85,103,4.27,10.6,,1.3
"2025-12-02 23:50:33",2885,2630,71767,0,,1.25,104.8,4.26,10.6,,1.3
"2025-12-02 23:50:34",2887,2632,71754,0,,0,104.8,4.25,10.55,,1.3
"2025-12-02 23:50:35",2888,2633,71742,-38.215203,-72.714942,2.05,117,4.24,10.55,,1.3
"2025-12-02 23:50:36",2890,2635,71729,0,,0.1,117,4.24,10.6,,1.3
"2025-12-02 23:50:37",2891,2636,71716,0,,0.15,117,4.23,10.55,,1.4
"2025-12-02 23:50:38",2893,2638,71704,-38.215217,-72.714907,1.85,117.4,4.22,10.55,,1.4
"2025-12-02 23:50:40",2894,2639,71687,0,,2.6,141.2,4.2,10.5,,1.3
"2025-12-02 23:50:41",2895,2640,71680,-38.215232,-72.71487,1.3,58.6,4.19,10.5,,1.3
"2025-12-02 23:50:44",2899,2644,71644,-38.215247,-72.714833,0.05,128.2,4.18,10.45,,1.3
"2025-12-02 23:50:46",2902,2647,71619,0,,1.05,79.5,4.15,10.4,,1.3
"2025-12-02 23:50:47",2903,2648,71608,-38.215272,-72.714797,0.05,79.5,4.14,10.4,9.25,1.3
"2025-12-02 23:50:49",2906,2651,71582,0,,0.1,117.1,4.12,10.4,,1.3
"2025-12-02 23:50:50",2908,2653,71570,-38.215283,-72.71476,0.15,117.1,4.11,10.4,,1.3
"2025-12-02 23:50:52",2911,2656,71546,0,,0.05,93.6,4.1,10.35,,1.3
"2025-12-02 23:50:53",2912,2657,71534,-38.215287,-72.714715,0.15,93.6,4.09,10.35,,1.4
"2025-12-02 23:50:55",2914,2659,71512,0,,0.1,93.6,4.07,10.35,,1.4
"2025-12-02 23:50:56",2916,2661,71502,-38.215295,-72.714678,2.75,95.7,4.06,10.3,,1.4
"2025-12-02 23:50:57",2917,2662,71491,0,,0.05,95.7,4.05,10.3,,1.3
"2025-12-02 23:50:58",2918,2663,71480,0,,2.5,101.6,4.04,10.3,,1.3
"2025-12-02 23:50:59",2919,2664,71470,-38.21531,-72.714635,1,120.1,4.02,10.25,,1.3
"2025-12-02 23:51:00",2921,2666,71458,0,,1.15,145.7,4.01,10.25,,1.3
"2025-12-02 23:51:01",2922,2667,71447,0,,2.7,87.6,4,10.25,,1.3
"2025-12-02 23:51:02",2923,2668,71436,-38.215327,-72.714592,1.1,191.1,3.99,10.25,,1.3
"2025-12-02 23:51:03",2924,2669,71425,0,,2.35,108.7,3.98,10.3,,1.3
"2025-12-02 23:51:04",2925,2670,71414,0,,1.4,115.7,3.97,10.25,,1.2
"2025-12-02 23:51:05",2927,2672,71404,-38.215352,-72.714548,1.4,152,3.96,10.25,,1.2
"2025-12-02 23:51:06",2928,2673,71391,0,,2.65,77.7,3.96,10.2,,1.2
"2025-12-02 23:51:07",2929,2674,71379,0,,1.55,160.7,3.95,10.2,,1.3
"2025-12-02 23:51:08",2931,2676,71368,-38.215365,-72.714498,1.7,96.1,3.95,10.2,,1.3
"2025-12-02 23:51:09",2932,2677,71354,0,,1.2,99.1,3.94,10.15,,1.3
"2025-12-02 23:51:10",2934,2679,71341,0,,2.4,152.9,3.94,10.1,,1.3
"2025-12-02 23:51:11",2935,2680,71328,-38.215385,-72.714455,1.7,61.9,3.94,10.1,,1.4
"2025-12-02 23:51:13",2938,2683,71303,0,,1.8,115.3,3.94,10.05,,1.4
"2025-12-02 23:51:14",2940,2685,71292,-38.215405,-72.714413,0.05,115.3,3.94,10,9,1.4
"2025-12-02 23:51:15",2941,2686,71281,0,,3,139.3,3.94,9.95,,1.4
"2025-12-02 23:51:16",2942,2687,71269,0,,0.1,139.3,3.94,9.95,,1.4
"2025-12-02 23:51:17",2943,2688,71258,-38.215427,-72.71438,0.15,139.3,3.94,9.9,,1.4
"2025-12-02 23:51:18",2945,2690,71245,0,,2,120.5,3.94,9.9,,1.4
"2025-12-02 23:51:19",2946,2691,71233,0,,0,120.5,3.94,9.9,,1.4
"2025-12-02 23:51:20",2948,2693,71222,-38.215443,-72.714337,2.5,123.9,3.93,9.85,,1.4
"2025-12-02 23:51:21",2949,2694,71211,0,,1.1,71.8,3.94,9.8,,1.4
"2025-12-02 23:51:22",2950,2695,71200,0,,0.05,71.8,3.93,9.8,,1.4
"2025-12-02 23:51:23",2951,2696,71190,-38.215457,-72.714292,2.9,119.1,3.93,9.75,,1.3
"2025-12-02 23:51:24",2953,2698,71175,0,,0.05,119.1,3.93,9.7,,1.3
"2025-12-02 23:51:25",2954,2699,71161,0,,2.05,118.9,3.93,9.7,,1.4
"2025-12-02 23:51:26",2956,2701,71148,-38.215475,-72.714248,1.65,121.4,3.93,9.65,,1.4
"2025-12-02 23:51:27",2957,2702,71135,0,,0,121.4,3.93,9.65,,1.4
"2025-12-02 23:51:28",2959,2704,71122,0,,2.65,107.6,3.93,9.6,,1.4
"2025-12-02 23:51:29",2960,2705,71110,-38.215492,-72.714215,1.15,194.2,3.93,9.55,,1.4
"2025-12-02 23:51:30",2962,2707,71100,0,,1.65,131.8,3.93,9.55,,1.4
"2025-12-02 23:51:31",2963,2708,71090,0,,1.95,109.9,3.93,9.55,,1.4
"2025-12-02 23:51:32",2964,2709,71080,-38.215518,-72.714188,1.5,226.9,3.93,9.45,,1.4
"2025-12-02 23:51:33",2965,2710,71067,0,,2.5,112.3,3.93,9.4,,1.4
"2025-12-02 23:51:34",2967,2712,71055,0,,1.1,122.7,3.93,9.4,,1.4
"2025-12-02 23:51:35",2968,2713,71044,-38.215542,-72.714155,1,172.8,3.93,9.35,,1.4
"2025-12-02 23:51:36",2969,2714,71032,0,,2.35,118.3,3.92,9.3,,1.4
"2025-12-02 23:51:37",2971,2716,71020,0,,1.2,235.2,3.92,9.3,,1.4
"2025-12-02 23:51:38",2972,2717,71008,-38.21557,-72.714133,2.25,133.5,3.92,9.25,,1.4
"2025-12-02 23:51:39",2974,2719,70994,0,,1.1,125.6,3.91,9.3,,1.4
"2025-12-02 23:51:40",2975,2720,70981,0,,1.45,201.5,3.91,9.3,,1.4
"2025-12-02 23:51:41",2977,2722,70968,-38.2156,-72.714107,2.6,112.2,3.91,9.25,8.75,1.4
"2025-12-02 23:51:43",2979,2724,70947,0,,1.45,138.3,3.91,9.25,,1.4
"2025-12-02 23:51:44",2980,2725,70938,-38.215627,-72.714085,1.1,106.5,3.91,9.25,,1.4
"2025-12-02 23:51:45",2981,2726,70927,0,,2.25,191.2,3.91,9.25,,1.3
"2025-12-02 23:51:46",2983,2728,70916,0,,1.5,119.9,3.91,9.2,,1.3
"2025-12-02 23:51:47",2984,2729,70906,-38.215662,-72.714068,1.5,171.7,3.89,9.2,,1.3
"2025-12-02 23:51:48",2985,2730,70893,0,,2.15,156.1,3.89,9.2,,1.3
"2025-12-02 23:51:49",2987,2732,70880,0,,0.05,156.1,3.87,9.2,,1.3
"2025-12-02 23:51:50",2988,2733,70868,-38.2157,-72.714047,2.9,153.2,3.87,9.2,,1.3
"2025-12-02 23:51:51",2990,2735,70856,0,,0.1,153.2,3.87,9.2,,1.3
"2025-12-02 23:51:52",2991,2736,70845,0,,0.1,153.2,3.86,9.15,,1.3
"2025-12-02 23:51:53",2992,2737,70834,-38.215733,-72.714023,2.45,127,3.86,9.1,,1.3
"2025-12-02 23:51:54",2993,2738,70822,0,,1.95,208.8,3.86,9,,1.3
"2025-12-02 23:51:55",2995,2740,70811,0,,1.55,126.5,3.85,9,,1.3
"2025-12-02 23:51:56",2996,2741,70800,-38.215768,-72.714003,1.5,150.9,3.85,9,,1.3
"2025-12-02 23:51:57",2997,2742,70789,0,,2.6,184.1,3.85,9.05,,1.3
"2025-12-02 23:51:58",2999,2744,70778,0,,0.05,184.1,3.85,9.05,,1.3
"2025-12-02 23:51:59",3000,2745,70768,-38.215812,-72.713993,2.45,159.1,3.85,9.1,,1.3
"2025-12-02 23:52:00",3001,2746,70754,0,,1.65,171.1,3.85,9.15,,1.3
"2025-12-02 23:52:01",3003,2748,70741,0,,0.1,171.1,3.85,9.2,,1.3
"2025-12-02 23:52:02",3004,2749,70728,-38.215848,-72.71398,2.8,137.9,3.84,9.25,,1.3
"2025-12-02 23:52:03",3005,2750,70724,0,,,,3.84,9.3,,1.3
"2025-12-02 23:52:04",3005,2750,70721,0,,,,3.84,9.4,,1.2
"2025-12-02 23:52:05",3006,2751,70718,0,,,,3.83,9.45,,1.1
"2025-12-02 23:52:07",3008,2753,70692,0,,2,174.8,3.82,9.55,,1.1
"2025-12-02 23:52:08",3010,2755,70680,-38.215923,-72.713957,1.25,139.1,3.81,9.6,8.5,1.2
"2025-12-02 23:52:10",3013,2758,70650,0,,1.9,210.6,3.8,9.7,,1.2
"2025-12-02 23:52:11",3015,2760,70636,-38.215992,-72.713952,1.75,194.6,3.79,9.75,,1.3
"2025-12-02 23:52:14",3019,2764,70602,-38.216018,-72.713923,2.65,182.5,3.83,9.95,,1.2
"2025-12-02 23:52:15",3019,2764,70604,0,,,,3.77,9.9,,1.1
"2025-12-02 23:52:16",3018,2763,70607,0,,,,3.75,9.95,,1
"2025-12-02 23:52:17",3018,2763,70610,0,,,,3.75,10,,1
"2025-12-02 23:52:18",3010,2755,70683,0,,0.75,150.7,3.77,10,,0.3
"2025-12-02 23:52:19",3001,2746,70754,0,,1.15,166.5,3.8,10,,-0.3
"2025-12-02 23:52:20",2993,2738,70826,-38.216065,-72.713913,1.45,164.9,3.83,10,,-1.2
"2025-12-02 23:52:21",2983,2728,70909,0,,1.6,161.3,3.86,9.95,,-2
"2025-12-02 23:52:22",2974,2719,70990,0,,1.35,143.8,3.9,9.9,,-3.3
"2025-12-02 23:52:23",2965,2710,71072,-38.216097,-72.713903,1.05,139.9,3.93,9.85,,-4.2
"2025-12-02 23:52:24",2955,2700,71157,0,,1.05,134.5,3.98,9.75,,-4.6
"2025-12-02 23:52:25",2946,2691,71239,0,,1.15,139.7,4.02,9.7,,-4.9
"2025-12-02 23:52:26",2936,2681,71322,-38.216115,-72.71383,1.25,136,4.05,9.65,,-5.2
"2025-12-02 23:52:27",2927,2672,71399,0,,1.25,128.1,4.07,9.6,,-7.6
"2025-12-02 23:52:28",2918,2663,71477,0,,1.35,115.7,4.08,9.6,,-8.3
"2025-12-02 23:52:29",2909,2654,71556,-38.216155,-72.713785,1.3,119.8,4.11,9.65,,-9
"2025-12-02 23:52:30",2901,2646,71630,0,,1.2,112.3,4.15,9.7,,-9
"2025-12-02 23:52:31",2892,2637,71708,0,,1,118.2,4.18,9.7,,-9.1
"2025-12-02 23:52:32",2883,2628,71786,-38.216165,-72.713753,1.15,127.9,4.23,9.75,,-9.1
"2025-12-02 23:52:34",2865,2610,71943,0,,1.5,123,4.34,9.8,,-9.1
"2025-12-02 23:52:35",2856,2601,72024,-38.216145,-72.713732,1.55,125.7,4.39,9.85,8.5,-9.1
"2025-12-02 23:52:36",2847,2592,72105,0,,1.4,123.6,4.44,9.9,,-9.1
"2025-12-02 23:52:37",2838,2583,72182,0,,1.3,119.8,4.51,10,,-9
"2025-12-02 23:52:38",2829,2574,72260,-38.216173,-72.71369,1.3,117.9,4.57,10,,-8.9
"2025-12-02 23:52:39",2821,2566,72336,0,,1.3,117.8,4.65,10.1,,-8.9
"2025-12-02 23:52:40",2812,2557,72417,0,,1.1,103.2,4.71,10.2,,-8.9
"2025-12-02 23:52:41",2803,2548,72498,-38.216165,-72.713652,1.05,92.9,4.78,10.25,,-8.9
"2025-12-02 23:52:42",2794,2539,72573,0,,1.2,79.3,4.85,10.35,,-8.9
"2025-12-02 23:52:43",2786,2531,72648,0,,1.3,76,4.93,10.5,,-8.9
"2025-12-02 23:52:44",2777,2522,72724,-38.216172,-72.713623,1.25,72,5,10.55,,-8.9
"2025-12-02 23:52:46",2759,2504,72884,0,,1.4,75.6,5.15,10.6,,-8.8
"2025-12-02 23:52:47",2750,2495,72964,-38.216158,-72.7136,1.4,61.8,5.22,10.7,,-8.8
"2025-12-02 23:52:48",2741,2486,73042,0,,1.35,48,5.27,10.85,,-8.8
"2025-12-02 23:52:49",2732,2477,73122,0,,1.55,45.8,5.33,10.95,,-8.9
"2025-12-02 23:52:50",2723,2468,73202,-38.216128,-72.713565,1.55,44.8,5.41,11.1,,-8.9
"2025-12-02 23:52:51",2714,2459,73283,0,,1.8,42,5.46,11.25,,-8.8
"2025-12-02 23:52:52",2706,2451,73360,0,,1.75,50.9,5.54,11.4,,-8.8
"2025-12-02 23:52:53",2697,2442,73438,-38.216097,-72.71352,1.5,51.9,5.56,11.6,,-8.8
"2025-12-02 23:52:54",2688,2433,73518,0,,1.5,55.6,5.62,11.75,,-8.8
"2025-12-02 23:52:55",2679,2424,73599,0,,1.7,58.2,5.67,12,,-8.9
"2025-12-02 23:52:56",2670,2415,73680,-38.216073,-72.713472,1.7,58.8,5.72,12.2,,-8.9
"2025-12-02 23:52:57",2661,2406,73759,0,,1.8,65.4,5.77,12.4,,-8.9
"2025-12-02 23:52:58",2652,2397,73837,0,,2.05,73.1,5.83,12.65,,-8.9
"2025-12-02 23:52:59",2644,2389,73916,-38.216053,-72.713407,2.2,73.2,5.88,12.8,,-8.8
"2025-12-02 23:53:01",2626,2371,74073,0,,1.75,72.2,6,13.1,,-8.8
"2025-12-02 23:53:02",2618,2363,74152,-38.216035,-72.71334,1.75,70.7,6.07,13.2,8.5,-8.8
"2025-12-02 23:53:03",2609,2354,74225,0,,1.6,65.2,6.14,13.25,,-8.8
"2025-12-02 23:53:04",2601,2346,74302,0,,1.7,56.1,6.22,13.25,,-8.8
"2025-12-02 23:53:05",2592,2337,74380,-38.216005,-72.71329,1.6,51.8,6.28,13.3,,-8.7
"2025-12-02 23:53:06",2583,2328,74459,0,,1.6,48.3,6.36,13.3,,-8.7
"2025-12-02 23:53:07",2575,2320,74537,0,,1.6,48.6,6.45,13.3,,-8.7
"2025-12-02 23:53:08",2566,2311,74616,-38.215973,-72.713247,1.65,48.9,6.51,13.35,,-8.7
"2025-12-02 23:53:09",2557,2302,74695,0,,1.55,48.7,6.6,13.4,,-8.7
"2025-12-02 23:53:10",2549,2294,74774,0,,1.4,41.3,6.68,13.35,,-8.7
"2025-12-02 23:53:11",2540,2285,74854,-38.215943,-72.713213,1.25,42.6,6.77,13.35,,-8.7
"2025-12-02 23:53:12",2531,2276,74932,0,,1.1,40.8,6.85,13.35,,-8.7
"2025-12-02 23:53:13",2523,2268,75011,0,,1,43.7,6.92,13.35,,-8.7
"2025-12-02 23:53:14",2514,2259,75090,-38.215918,-72.71319,1,38.3,7.02,13.3,,-8.7
"2025-12-02 23:53:16",2497,2242,75247,0,,0.85,51.1,7.19,13.25,,-8.7
"2025-12-02 23:53:17",2488,2233,75326,-38.215905,-72.713165,0.85,64.1,7.27,13.15,,-8.7
"2025-12-02 23:53:18",2479,2224,75405,0,,0.85,79.8,7.35,13.1,,-8.7
"2025-12-02 23:53:19",2470,2215,75486,0,,1.05,95.7,7.44,13.1,,-8.7
"2025-12-02 23:53:20",2462,2207,75568,-38.215907,-72.71313,1.3,96.4,7.52,13.05,,-8.7
"2025-12-02 23:53:21",2453,2198,75649,0,,1.3,96.2,7.61,13.05,,-8.7
"2025-12-02 23:53:22",2444,2189,75730,0,,1.5,100.3,7.69,13,,-8.7
"2025-12-02 23:53:23",2435,2180,75812,-38.21591,-72.71308,1.55,92.4,7.78,12.9,,-8.8
"2025-12-02 23:53:24",2426,2171,75888,0,,1.6,86.4,7.85,12.8,,-8.7
"2025-12-02 23:53:25",2418,2163,75966,0,,1.75,78.7,7.94,12.75,,-8.7
"2025-12-02 23:53:26",2410,2155,76044,-38.2159,-72.713023,1.7,75,8.03,12.7,,-8.7
"2025-12-02 23:53:28",2392,2137,76205,0,,1.05,75.1,8.21,12.6,,-8.7
"2025-12-02 23:53:29",2383,2128,76284,-38.215888,-72.712983,1.05,70,8.3,12.55,9,-8.7
"2025-12-02 23:53:30",2375,2120,76361,0,,1.05,70.1,8.31,12.5,,-8.7
"2025-12-02 23:53:31",2366,2111,76440,0,,0.8,79.3,8.41,12.5,,-8.6
"2025-12-02 23:53:32",2358,2103,76520,-38.215878,-72.712953,0.9,77.9,8.52,12.45,,-8.6
"2025-12-02 23:53:33",2349,2094,76599,0,,0.35,112.2,8.62,12.35,,-8.6
"2025-12-02 23:53:34",2340,2085,76681,0,,0.35,112.2,8.68,12.25,,-8.6
"2025-12-02 23:53:35",2331,2076,76764,-38.215887,-72.712943,0.55,174.7,8.77,12.05,,-8.6
"2025-12-02 23:53:36",2323,2068,76845,0,,0.7,159.8,8.85,11.75,,-8.6
"2025-12-02 23:53:37",2314,2059,76925,0,,0.8,149.4,8.93,11.5,,-8.7
"2025-12-02 23:53:38",2305,2050,77006,-38.215905,-72.712933,0.8,140.4,9,11.35,,-8.7
"2025-12-02 23:53:39",2297,2042,77087,0,,0.85,132.3,9.05,11.1,,-8.7
"2025-12-02 23:53:40",2288,2033,77169,0,,0.85,119.6,9.05,10.75,,-8.7
"2025-12-02 23:53:41",2279,2024,77252,-38.215917,-72.71291,1,109.6,9.05,10.4,,-8.7
"2025-12-02 23:53:42",2270,2015,77331,0,,0.75,103,9.03,10.05,,-8.7
"2025-12-02 23:53:43",2262,2007,77409,0,,0.45,91.2,9.03,9.8,,-8.7
"2025-12-02 23:53:44",2254,1999,77488,-38.215917,-72.712892,0.25,91.2,9.04,9.6,,-8.7
"2025-12-02 23:53:46",2236,1981,77651,0,,0.2,91.2,9.08,9.25,,-8.7
"2025-12-02 23:53:47",2227,1972,77732,-38.215915,-72.712895,0.2,91.2,9.1,9.1,,-8.6
"2025-12-02 23:53:48",2219,1964,77812,0,,0.25,91.2,9.12,9,,-8.7
"2025-12-02 23:53:49",2210,1955,77894,0,,0.25,91.2,9.15,8.95,,-8.7
"2025-12-02 23:53:50",2201,1946,77976,-38.215913,-72.7129,0.25,91.2,9.19,8.9,,-8.7
"2025-12-02 23:53:51",2193,1938,78054,0,,0.25,91.2,9.26,8.85,,-8.6
"2025-12-02 23:53:52",2185,1930,78133,0,,0.55,86.7,9.32,8.85,,-8.6
"2025-12-02 23:53:53",2176,1921,78212,-38.2159,-72.712888,0.65,52.9,9.38,8.8,,-8.5
"2025-12-02 23:53:55",2159,1904,78372,0,,1.15,18.5,9.48,8.8,,-8.6
"2025-12-02 23:53:56",2151,1896,78452,-38.215868,-72.712882,1.35,6.9,9.54,8.75,9.5,-8.6
"2025-12-02 23:53:57",2142,1887,78531,0,,1.6,354.2,9.59,8.85,,-8.5
"2025-12-02 23:53:58",2134,1879,78611,0,,1.65,342.7,9.63,8.85,,-8.5
"2025-12-02 23:53:59",2125,1870,78692,-38.215822,-72.712895,1.65,337.8,9.64,8.9,,-8.5
"2025-12-02 23:54:00",2117,1862,78771,0,,1.75,331,9.66,8.95,,-8.5
"2025-12-02 23:54:01",2109,1854,78849,0,,1.55,326.5,9.67,9.1,,-8.4
"2025-12-02 23:54:02",2100,1845,78928,-38.215785,-72.712922,1.1,325.7,9.69,9.2,,-8.4
"2025-12-02 23:54:03",2092,1837,79006,0,,0.8,330.8,9.69,9.4,,-8.4
"2025-12-02 23:54:04",2084,1829,79085,0,,0.7,355.3,9.73,9.5,,-8.4
"2025-12-02 23:54:05",2076,1821,79164,-38.21576,-72.712928,0.9,0.6,9.77,9.6,,-8.4
"2025-12-02 23:54:06",2067,1812,79242,0,,1.05,356.2,9.81,9.7,,-8.4
"2025-12-02 23:54:07",2059,1804,79324,0,,1.6,345,9.85,9.75,,-8.4
"2025-12-02 23:54:08",2050,1795,79406,-38.21572,-72.712942,1.6,335.8,9.88,9.8,,-8.4
"2025-12-02 23:54:10",2033,1778,79565,0,,2.15,337.9,9.92,9.85,,-8.4
"2025-12-02 23:54:11",2025,1770,79646,-38.215663,-72.712972,2.35,345.3,9.93,9.9,,-8.4
"2025-12-02 23:54:12",2016,1761,79731,0,,2.35,351.2,9.92,9.95,,-8.4
"2025-12-02 23:54:13",2008,1753,79811,0,,1.9,354.5,9.88,10.2,,-8.4
"2025-12-02 23:54:14",1999,1744,79892,-38.215603,-72.712982,1.9,355.4,9.86,10.7,,-8.4
"2025-12-02 23:54:16",1982,1727,80056,0,,2.4,0,9.79,12.15,,-8.5
"2025-12-02 23:54:17",1974,1719,80140,-38.215535,-72.712983,2.7,4.8,9.79,13,,-8.5
"2025-12-02 23:54:18",1965,1710,80223,0,,3.15,2.6,9.79,13.9,,-8.5
"2025-12-02 23:54:19",1957,1702,80302,0,,3.05,2.9,9.82,14.75,,-8.5
"2025-12-02 23:54:20",1948,1693,80382,-38.215448,-72.712982,3.15,359,9.84,15.5,,-8.4
"2025-12-02 23:54:21",1940,1685,80465,0,,3.2,355.3,9.87,16.3,,-8.4
"2025-12-02 23:54:22",1931,1676,80546,0,,3.2,356,9.91,16.95,,-8.4
"2025-12-02 23:54:23",1923,1668,80628,-38.215358,-72.71299,3.1,351.7,9.97,17.55,10.25,-8.4
"2025-12-02 23:54:24",1915,1660,80703,0,,2.8,350.9,10.03,18.1,,-8.5
"2025-12-02 23:54:25",1906,1651,80786,0,,2.65,354.7,10.11,18.6,,-8.5
"2025-12-02 23:54:26",1898,1643,80870,-38.215282,-72.712998,2.85,2.8,10.16,19.05,,-8.5
"2025-12-02 23:54:27",1889,1634,80952,0,,3,8.6,10.18,19.6,,-8.5
"2025-12-02 23:54:28",1881,1626,81034,0,,3.4,10.6,10.23,20.15,,-8.4
"2025-12-02 23:54:29",1873,1618,81116,-38.215188,-72.712982,3.7,9.8,10.28,20.6,,-8.4
"2025-12-02 23:54:30",1865,1610,81194,0,,4,5.5,10.33,21.05,,-8.4
"2025-12-02 23:54:31",1856,1601,81274,0,,4.1,359.2,10.38,21.4,,-8.4
"2025-12-02 23:54:32",1848,1593,81354,-38.215077,-72.71298,4.05,356.9,10.43,21.75,,-8.4
"2025-12-02 23:54:33",1839,1584,81442,0,,3.9,355.1,10.48,22.05,,-8.4
"2025-12-02 23:54:34",1831,1576,81524,0,,3.6,351.3,10.54,22.25,,-8.4
"2025-12-02 23:54:35",1822,1567,81606,-38.214973,-72.712993,3.5,351.7,10.6,22.5,,-8.4
"2025-12-02 23:54:36",1814,1559,81687,0,,3.4,356.5,10.67,22.7,,-8.4
"2025-12-02 23:54:37",1805,1550,81772,0,,3.1,359.1,10.74,22.85,,-8.4
"2025-12-02 23:54:38",1796,1541,81858,-38.214883,-72.712998,3.1,2.8,10.81,22.95,,-8.4
"2025-12-02 23:54:39",1788,1533,81938,0,,3.4,1.3,10.88,23.05,,-8.4
"2025-12-02 23:54:40",1780,1525,82019,0,,3.65,1.8,10.95,23.1,,-8.4
"2025-12-02 23:54:41",1772,1517,82100,-38.214778,-72.712998,3.95,0.3,11.02,23.15,,-8.4
"2025-12-02 23:54:42",1763,1508,82182,0,,4.5,358.6,11.06,23.15,,-8.4
"2025-12-02 23:54:43",1755,1500,82263,0,,,,11.08,23.2,,-8.4
"2025-12-02 23:54:44",1747,1492,82344,-38.21465,-72.713007,4.85,356.7,11.08,23.25,,-8.4
"2025-12-02 23:54:46",1730,1475,82512,0,,4.45,354.7,11.15,23.25,,-8.4
"2025-12-02 23:54:47",1721,1466,82598,-38.214522,-72.713017,4,359,11.19,23.35,,-8.5
"2025-12-02 23:54:48",1712,1457,82681,0,,3.8,7.2,11.24,23.45,,-8.4
"2025-12-02 23:54:49",1704,1449,82764,0,,4.05,13.1,11.29,23.5,,-8.4
"2025-12-02 23:54:50",1696,1441,82848,-38.214412,-72.712995,4.25,14.9,11.34,23.55,11,-8.4
"2025-12-02 23:54:51",1687,1432,82932,0,,4.4,15.4,11.4,23.65,,-8.4
"2025-12-02 23:54:52",1679,1424,83015,0,,4.5,12.9,11.46,23.75,,-8.4
"2025-12-02 23:54:53",1670,1415,83098,-38.214288,-72.712965,4.5,7.4,11.52,23.8,,-8.4
"2025-12-02 23:54:54",1662,1407,83181,0,,4.5,6.7,11.59,23.9,,-8.4
"2025-12-02 23:54:55",1653,1398,83265,0,,4.35,3.5,11.65,23.95,,-8.5
"2025-12-02 23:54:56",1645,1390,83350,-38.214165,-72.712953,4.15,5.5,11.71,24,,-8.5
"2025-12-02 23:54:57",1637,1382,83433,0,,3.9,8.1,11.77,24.1,,-8.5
"2025-12-02 23:54:58",1628,1373,83515,0,,3.65,15,11.82,24.2,,-8.4
"2025-12-02 23:54:59",1620,1365,83598,-38.21406,-72.712927,3.85,19.9,11.88,24.3,,-8.4
"2025-12-02 23:55:00",1611,1356,83684,0,,4.1,20.5,11.93,24.45,,-8.4
"2025-12-02 23:55:01",1603,1348,83769,0,,4.55,20.2,11.98,24.5,,-8.4
"2025-12-02 23:55:02",1594,1339,83854,-38.213943,-72.712875,4.65,21.7,12.02,24.6,,-8.4
"2025-12-02 23:55:03",1586,1331,83934,0,,4.65,19.9,12.06,24.7,,-8.4
"2025-12-02 23:55:04",1578,1323,84018,0,,4.8,16.5,12.11,24.8,,-8.4
"2025-12-02 23:55:05",1569,1314,84102,-38.21382,-72.712827,4.5,14.8,12.14,24.85,,-8.4
"2025-12-02 23:55:06",1561,1306,84189,0,,4.15,15.7,12.17,25,,-8.4
"2025-12-02 23:55:07",1552,1297,84274,0,,4.05,19.8,12.17,25.1,,-8.4
"2025-12-02 23:55:08",1544,1289,84360,-38.21371,-72.712782,4.05,24.8,12.17,25.3,,-8.4
"2025-12-02 23:55:10",1527,1272,84527,0,,4.5,27.7,12.2,25.55,,-8.4
"2025-12-02 23:55:11",1519,1264,84612,-38.213598,-72.712715,4.7,25.6,12.23,25.7,,-8.4
"2025-12-02 23:55:12",1510,1255,84696,0,,4.6,22,12.26,25.9,,-8.4
"2025-12-02 23:55:13",1502,1247,84779,0,,4.55,18,12.3,26,,-8.4
"2025-12-02 23:55:14",1494,1239,84862,-38.213478,-72.712665,4.4,17,12.35,26.1,,-8.4
"2025-12-02 23:55:16",1477,1222,85030,0,,3.5,24.5,12.43,26.2,,-8.4
"2025-12-02 23:55:17",1469,1214,85114,-38.213382,-72.712618,3.5,30.8,12.5,26.3,11.75,-8.4
"2025-12-02 23:55:18",1461,1206,85197,0,,3.8,36.1,12.57,26.3,,-8.3
"2025-12-02 23:55:19",1453,1198,85277,0,,4.2,36.6,12.64,26.35,,-8.3
"2025-12-02 23:55:20",1445,1190,85358,-38.213287,-72.71254,4.65,35.7,12.68,26.3,,-8.2
"2025-12-02 23:55:21",1437,1182,85436,0,,4.8,31,12.72,26.15,,-8.2
"2025-12-02 23:55:22",1429,1174,85519,0,,4.65,25.3,12.79,26.05,,-8.2
"2025-12-02 23:55:23",1421,1166,85602,-38.213172,-72.712465,4.25,24.7,12.83,25.85,,-8.1
"2025-12-02 23:55:47",1230,975,87558,-38.212207,-72.71194,6.45,19.6,14.21,24.8,,-8
"2025-12-02 23:55:48",1222,967,87637,0,,6.45,17,14.24,24.85,,-8
"2025-12-02 23:55:49",1215,960,87716,0,,6.25,17.2,14.26,24.95,,-7.9
"2025-12-02 23:55:50",1207,952,87796,-38.21204,-72.711873,6.25,20.4,14.26,25.1,,-7.9
"2025-12-02 23:55:51",1199,944,87877,0,,6.45,23.9,14.26,25.3,,-7.9
"2025-12-02 23:55:52",1191,936,87957,0,,6.6,25.7,14.25,25.45,,-7.9
"2025-12-02 23:55:53",1184,929,88038,-38.211875,-72.711782,7,25.5,14.26,25.65,,-7.9
"2025-12-02 23:55:54",1176,921,88116,0,,7,23.2,14.27,25.85,,-7.9
"2025-12-02 23:55:55",1168,913,88196,0,,7.05,19.7,14.29,26.05,,-7.9
"2025-12-02 23:55:56",1161,906,88276,-38.211693,-72.711698,6.95,17.1,14.31,26.2,,-7.9
"2025-12-02 23:55:57",1154,899,88350,0,,6.65,17.3,14.34,26.35,,-7.9
"2025-12-02 23:55:58",1146,891,88426,0,,6.25,20.5,14.33,26.55,,-7.8
"2025-12-02 23:55:59",1139,884,88502,-38.211525,-72.711627,6.25,20.7,14.29,27.25,,-7.6
"2025-12-02 23:56:00",1131,876,88583,0,,6.5,19.2,14.21,28.25,,-7.5
"2025-12-02 23:56:01",1124,869,88659,0,,6.85,16,14.17,29.4,,-7.5
"2025-12-02 23:56:02",1117,862,88736,-38.211345,-72.711563,6.5,11.2,14.14,30.5,,-7.5
"2025-12-02 23:56:03",1110,855,88811,0,,6.5,4.2,14.12,31.5,,-7.5
"2025-12-02 23:56:04",1102,847,88890,0,,6.5,359.7,14.11,32.45,,-7.5
"2025-12-02 23:56:05",1095,840,88970,-38.211165,-72.711558,6.25,356.8,14.11,33.25,,-7.5
"2025-12-02 23:56:06",1087,832,89048,0,,5.85,356.6,14.11,33.95,,-7.4
"2025-12-02 23:56:07",1080,825,89125,0,,5.65,1.5,14.12,34.65,,-7.4
"2025-12-02 23:56:08",1073,818,89202,-38.211007,-72.711563,5.65,1,14.07,35.35,,-7.3
"2025-12-02 23:56:10",1058,803,89358,0,,6.25,355,14,37.35,,-7.4
"2025-12-02 23:56:11",1050,795,89438,-38.21084,-72.711577,6.15,351.8,13.98,38.4,13.5,-7.4
"2025-12-02 23:56:12",1043,788,89513,0,,5.85,348.3,13.97,39.4,,-7.4
"2025-12-02 23:56:13",1036,781,89591,0,,5.3,347.4,13.98,40.35,,-7.4
"2025-12-02 23:56:14",1028,773,89670,-38.210692,-72.711613,5.05,349.9,13.99,41.3,,-7.4
"2025-12-02 23:56:16",1012,757,89837,0,,5.5,351.5,14.05,42.9,,-7.5
"2025-12-02 23:56:17",1005,750,89920,-38.210547,-72.711643,5.8,350.8,14.09,43.6,,-7.5
"2025-12-02 23:56:18",997,742,90003,0,,6.05,349.3,14.14,44.25,,-7.5
"2025-12-02 23:56:19",989,734,90084,0,,6,345.6,14.2,44.85,,-7.5
"2025-12-02 23:56:20",981,726,90166,-38.21039,-72.711688,6,342.1,14.26,45.25,,-7.6
"2025-12-02 23:56:21",974,719,90250,0,,5.55,340.9,14.32,45.6,,-7.6
"2025-12-02 23:56:22",966,711,90333,0,,5.35,341.7,14.36,46.1,,-7.6
"2025-12-02 23:56:23",958,703,90416,-38.210247,-72.711747,5.45,343,14.42,46.7,,-7.7
"2025-12-02 23:56:24",951,696,90494,0,,5.8,343.7,14.46,47.2,,-7.7
"2025-12-02 23:56:25",943,688,90577,0,,6.15,341.1,14.52,47.75,,-7.7
"2025-12-02 23:56:26",935,680,90660,-38.21009,-72.711815,6.7,334.8,14.56,48.25,,-7.7
"2025-12-02 23:56:36",860,605,91470,0,,7.1,328.6,15.07,52.35,,-7.5
"2025-12-02 23:56:37",852,597,91551,0,,6.7,329.8,15.11,52.65,,-7.5
"2025-12-02 23:56:38",845,590,91632,-38.209453,-72.712238,6.55,334.2,15.15,52.95,14.25,-7.5
"2025-12-02 23:56:39",837,582,91715,0,,7,335.2,15.19,53.25,,-7.5
"2025-12-02 23:56:40",829,574,91802,0,,7.25,336.6,15.2,53.5,,-7.6
"2025-12-02 23:56:41",821,566,91890,-38.209277,-72.71234,7.6,335.9,15.22,53.75,,-7.6
"2025-12-02 23:56:42",814,559,91965,0,,7.8,334.6,15.25,53.85,,-7.6
"2025-12-02 23:56:43",806,551,92046,0,,7.2,333.2,15.28,54,,-7.6
"2025-12-02 23:56:44",799,544,92128,-38.209093,-72.712448,6.75,338.5,15.3,54.15,,-7.6
"2025-12-02 23:56:55",716,461,93030,0,,7.35,347.3,15.67,54.15,,-7.5
"2025-12-02 23:56:56",709,454,93112,-38.20833,-72.712747,7.35,347.1,15.65,54,,-7.5
"2025-12-02 23:56:57",701,446,93198,0,,7.05,348.6,15.65,53.9,,-7.5
"2025-12-02 23:56:58",693,438,93280,0,,7.05,348.6,15.65,53.8,,-7.5
"2025-12-02 23:56:59",686,431,93362,-38.208138,-72.712783,7.4,357.6,15.6,53.75,,-7.5
"2025-12-02 23:57:12",583,328,94492,0,,6.65,3.4,15.13,56.95,,-7.9
"2025-12-02 23:57:13",575,320,94579,0,,7.05,3.1,15.14,57.2,,-7.9
"2025-12-02 23:57:14",568,313,94666,-38.207102,-72.712777,7.05,0.7,15.15,57.45,,-7.9
"2025-12-02 23:57:16",553,298,94833,0,,5.75,1.2,15.19,57.85,,-7.8
"2025-12-02 23:57:17",545,290,94918,-38.206935,-72.712772,5.65,8.2,15.21,58,,-7.8
"2025-12-02 23:57:18",537,282,95001,0,,6.1,6.5,15.24,58.2,,-7.8
"2025-12-02 23:57:19",530,275,95086,0,,6.45,6.4,15.29,58.25,,-7.8
"2025-12-02 23:57:20",522,267,95172,-38.206767,-72.712748,6.55,2.9,15.33,58.3,,-7.8
"2025-12-02 23:57:21",514,259,95261,0,,6.45,0.9,15.38,58.35,,-7.8
"2025-12-02 23:57:22",506,251,95346,0,,6.05,1.7,15.44,58.4,,-7.8
"2025-12-02 23:57:23",499,244,95432,-38.206597,-72.712738,6.2,6,15.5,58.4,,-7.8
"2025-12-02 23:57:27",468,213,95771,0,,7.6,0.5,15.74,58.25,,-7.7
"2025-12-02 23:57:28",461,206,95856,0,,7.1,4.6,15.8,58.1,,-7.7
"2025-12-02 23:57:29",453,198,95942,-38.206222,-72.712702,6.65,9.8,15.85,58,,-7.6
"2025-12-02 23:57:33",424,169,96268,0,,8,10.4,16.1,57.55,,-7.6
"2025-12-02 23:57:34",416,161,96351,0,,7.7,8.4,16.15,57.35,,-7.5
"2025-12-02 23:57:35",409,154,96434,-38.20582,-72.712607,7.35,11.5,16.21,57.25,,-7.5
"2025-12-02 23:57:36",402,147,96519,0,,7.5,13.2,16.26,57.15,,-7.5
"2025-12-02 23:57:37",394,139,96604,0,,7.45,14.3,16.32,57,,-7.5
"2025-12-02 23:57:38",386,131,96690,-38.205632,-72.712545,7.55,11.7,16.37,56.9,,-7.5
"2025-12-02 23:57:39",379,124,96776,0,,7.65,10,16.42,56.8,,-7.5
"2025-12-02 23:57:40",371,116,96861,0,,7.25,6.1,16.48,56.7,,-7.5
"2025-12-02 23:57:41",364,109,96946,-38.205442,-72.712503,6.75,7.2,16.51,56.55,,-7.5
"2025-12-02 23:57:42",356,101,97032,0,,6.05,7.3,16.56,56.45,,-7.5
"2025-12-02 23:57:43",348,93,97118,0,,5.75,13.2,16.59,56.4,,-7.5
"2025-12-02 23:57:44",341,86,97204,-38.205283,-72.712468,5.9,10.8,16.59,56.3,,-7.5
"2025-12-02 00:27:39",217,-37,98610,0,,,,14.81,61.7,,
"2025-12-02 00:27:45",217,-37,98608,0,,,,14.86,61.8,,
"2025-12-02 00:27:51",216,-38,98614,0,,,,14.86,61.5,,0
"2025-12-02 00:27:57",216,-38,98616,0,,,,14.86,61.1,,-0.1
"2025-12-02 00:28:03",217,-37,98608,0,,,,14.85,60.9,15.25,0
"2025-12-02 00:28:09",216,-38,98614,0,,,,14.84,60.8,,0
"2025-12-02 00:28:15",216,-38,98614,0,,,,14.81,60.65,,0
"2025-12-02 00:28:21",216,-38,98616,0,,,,14.8,60.55,,0
"2025-12-02 00:28:27",216,-38,98618,0,,,,14.78,60.7,,0
"2025-12-02 00:28:33",216,-38,98616,0,,,,14.78,61.1,,0
"2025-12-02 00:28:39",216,-38,98612,0,,,,14.78,61.3,,0
"2025-12-02 00:28:45",216,-38,98614,0,,,,14.8,61.5,,0
"2025-12-02 00:28:51",216,-38,98616,0,,,,14.81,61.3,,0
"2025-12-02 00:28:57",216,-38,98614,0,,,,14.81,61.1,15.5,0
"2025-12-02 00:29:03",216,-38,98618,0,,,,14.78,60.95,,0
"2025-12-02 00:29:09",216,-38,98614,0,,,,14.77,60.9,,0
"2025-12-02 00:29:15",216,-38,98614,0,,,,14.76,60.95,,0
"2025-12-02 00:29:21",216,-38,98614,0,,,,14.74,61,,0
"2025-12-02 00:29:27",216,-38,98616,0,,,,14.74,61.2,,0
"2025-12-02 00:29:33",216,-38,98618,0,,,,14.76,61.65,,0
"2025-12-02 00:29:39",216,-38,98616,0,,,,14.75,61.35,,0
"2025-12-02 00:29:45",216,-38,98612,0,,,,14.78,61.5,,0
"2025-12-02 00:29:51",216,-38,98618,0,,,,14.8,61.5,15.5,0
"2025-12-02 00:29:57",216,-38,98614,0,,,,14.78,61.2,,0
"2025-12-02 00:30:03",217,-37,98604,0,,,,15,61.45,,0
