timestamp,msl,agl,pressure,latitude,longitude,speed,heading,temperature,relative_humidity,internal_temperature,rise_speed
"2025-11-02 22:31:33",194,-2,98410,-38.278875,-72.702225,7.7,18.3,19.1,44.55,,-0.3
"2025-11-02 22:31:34",194,-2,98404,0,,10.05,19.5,19.03,44.5,,-0.2
"2025-11-02 22:31:35",195,-1,98399,0,,8.1,20.9,18.94,44.4,,-0.2
"2025-11-02 22:31:36",195,-1,98394,-38.278635,-72.70211,10.6,21.7,18.86,44.4,,-0.2
"2025-11-02 22:31:37",197,0,98377,0,,8.75,12.5,18.78,44.4,,0
"2025-11-02 22:31:38",198,1,98360,0,,10.2,23.5,18.71,44.45,,0.1
"2025-11-02 22:31:39",200,3,98344,-38.278387,-72.702,8.9,17.1,18.64,44.5,,0.2
"2025-11-02 22:31:40",202,5,98320,0,,10.6,19.5,18.56,44.6,,0.3
"2025-11-02 22:31:41",204,7,98296,0,,8.55,21.6,18.48,44.7,,0.5
"2025-11-02 22:31:42",206,9,98272,-38.278133,-72.70188,11.5,21.2,18.42,44.8,,0.6
"2025-11-02 22:31:43",209,12,98235,0,,10.15,15.4,18.35,44.9,,0.9
"2025-11-02 22:31:44",213,16,98198,0,,11.35,16.3,18.3,45.05,,1.2
"2025-11-02 22:31:45",216,19,98162,-38.27785,-72.701773,9.8,15.3,18.27,45.05,,1.6
"2025-11-02 22:31:46",219,22,98125,0,,11.8,21.8,18.24,45.2,,1.9
"2025-11-02 22:31:47",222,25,98089,0,,10.5,11.9,18.18,45.35,,2.1
"2025-11-02 22:31:48",225,28,98054,-38.277567,-72.701662,10.8,19.7,18.16,45.45,,2.3
"2025-11-02 22:31:49",228,31,98017,0,,11.05,17.6,18.13,45.6,,2.6
"2025-11-02 22:31:50",231,34,97982,0,,10.6,26.7,18.12,45.7,,2.8
"2025-11-02 22:31:51",235,38,97948,-38.277285,-72.701532,11.35,15.7,18.09,45.8,24.25,2.9
"2025-11-02 22:31:52",238,41,97914,0,,9.9,27.3,18.05,45.9,,3
"2025-11-02 22:31:53",241,44,97879,0,,11.35,17.3,18.02,46,,3
"2025-11-02 22:31:54",244,47,97844,-38.277012,-72.701397,10.9,26.3,17.99,46.05,,3.1
"2025-11-02 22:31:55",247,50,97803,0,,12.7,17.1,17.97,46.1,,3.2
"2025-11-02 22:31:56",251,54,97762,0,,10.9,25.9,17.95,46.15,,3.2
"2025-11-02 22:31:57",254,57,97722,-38.276713,-72.701248,12.65,19.5,17.9,46.25,,3.2
"2025-11-02 22:31:58",257,60,97688,0,,11.4,28.1,17.86,46.3,,3.2
"2025-11-02 22:31:59",260,63,97655,0,,12.1,18.7,17.83,46.4,,3.2
"2025-11-02 22:32:00",263,66,97622,-38.27642,-72.701092,10.9,24.7,17.79,46.45,,3.2
"2025-11-02 22:32:01",266,69,97591,0,,12.7,23.4,17.76,46.45,,3.1
"2025-11-02 22:32:02",268,71,97561,0,,12.7,23.4,17.72,46.55,,3.1
"2025-11-02 22:32:03",271,74,97532,-38.276123,-72.700952,12.65,11.6,17.69,46.6,,3
"2025-11-02 22:32:04",274,77,97499,0,,10.6,15.3,17.66,46.65,,3
"2025-11-02 22:32:05",277,80,97465,0,,12.6,11.6,17.62,46.75,,3
"2025-11-02 22:32:06",280,83,97432,-38.275817,-72.700862,10.7,14,17.59,46.8,,3
"2025-11-02 22:32:07",283,86,97401,0,,11.6,13.4,17.56,46.85,,3
"2025-11-02 22:32:08",285,88,97369,0,,10.7,13,17.53,46.95,,2.9
"2025-11-02 22:32:09",288,91,97338,-38.275525,-72.700777,11.3,10.9,17.51,47,,2.9
"2025-11-02 22:32:11",295,98,97256,0,,10.15,6,17.51,47.2,,2.9
"2025-11-02 22:32:12",299,102,97216,-38.275242,-72.700735,9.7,3.1,17.5,47.25,,3
"2025-11-02 22:32:14",311,114,97080,0,,10.1,7.2,17.44,47.35,,3.5
"2025-11-02 22:32:15",317,120,97012,-38.274972,-72.700702,10.3,5.7,17.42,47.4,,3.7
"2025-11-02 22:32:17",325,128,96917,0,,10.05,8.1,17.38,47.5,,4
"2025-11-02 22:32:18",330,133,96870,-38.274717,-72.700638,9.15,11.4,17.33,47.55,24,4.1
"2025-11-02 22:32:19",333,136,96827,0,,9.75,357.7,17.3,47.55,,4.2
"2025-11-02 22:32:20",337,140,96786,0,,8.95,7,17.28,47.6,,4.3
"2025-11-02 22:32:21",340,143,96746,-38.274465,-72.70062,9.1,0.5,17.22,47.65,,4.3
"2025-11-02 22:32:22",344,147,96707,0,,9.45,349.3,17.17,47.75,,4.3
"2025-11-02 22:32:23",347,150,96669,0,,8.75,355,17.13,47.8,,4.3
"2025-11-02 22:32:24",351,154,96632,-38.274213,-72.70065,10.55,0.6,17.06,47.85,,4.3
"2025-11-02 22:32:25",354,157,96595,0,,8.75,352.4,17.01,47.9,,4.2
"2025-11-02 22:32:26",357,160,96558,0,,11.1,350,16.99,48,,3.8
"2025-11-02 22:32:27",360,163,96522,-38.27395,-72.700692,8.4,353,16.97,48.1,,3.6
"2025-11-02 22:32:28",363,166,96490,0,,10,0,16.93,48.15,,3.5
"2025-11-02 22:32:29",366,169,96458,0,,8.9,9.3,16.88,48.2,,3.4
"2025-11-02 22:32:30",369,172,96426,-38.273705,-72.700673,8.25,10.2,16.83,48.3,,3.3
"2025-11-02 22:32:31",371,174,96397,0,,10.05,3.7,16.79,48.35,,3.2
"2025-11-02 22:32:32",374,177,96369,0,,10.25,7.3,16.76,48.4,,3.1
"2025-11-02 22:32:33",376,179,96342,-38.273442,-72.700642,9.55,0.9,16.71,48.5,,3
"2025-11-02 22:32:34",378,181,96319,0,,10.7,5,16.68,48.6,,2.9
"2025-11-02 22:32:35",380,183,96296,0,,9.6,2.2,16.64,48.65,,2.8
"2025-11-02 22:32:36",382,185,96274,-38.273163,-72.700625,11.05,1.6,16.59,48.8,,2.6
"2025-11-02 22:32:37",384,187,96250,0,,10,2.8,16.57,48.85,,2.6
"2025-11-02 22:32:38",387,190,96226,0,,12.2,359.7,16.51,48.95,,2.5
"2025-11-02 22:32:39",389,192,96202,-38.27287,-72.700613,9.9,3.3,16.49,49,,2.4
"2025-11-02 22:32:41",394,197,96145,0,,11.65,13.9,16.44,49.2,,2.4
"2025-11-02 22:32:42",396,199,96118,-38.272555,-72.700565,12,5.5,16.41,49.3,,2.3
"2025-11-02 22:32:45",405,208,96016,-38.272242,-72.700512,11.6,7.6,16.32,49.55,23.75,2.4
"2025-11-02 22:32:47",412,215,95937,0,,11.35,16.4,16.25,49.7,,2.6
"2025-11-02 22:32:48",416,219,95898,-38.271947,-72.700415,11.55,17.9,16.23,49.7,,2.7
"2025-11-02 22:32:50",423,226,95821,0,,10.8,15.4,16.15,49.85,,3
"2025-11-02 22:32:51",426,229,95784,-38.271655,-72.700318,10.55,8.8,16.12,49.9,,3.1
"2025-11-02 22:32:53",432,235,95713,0,,10.05,7.1,16.06,50,,3.1
"2025-11-02 22:32:54",435,238,95678,-38.271373,-72.70023,10.95,16.4,16.03,50.05,,3.2
"2025-11-02 22:32:56",443,246,95595,0,,11.25,18.1,15.95,50.2,,3.3
"2025-11-02 22:32:57",446,249,95554,-38.271085,-72.700135,12.2,15.3,15.9,50.3,,3.4
"2025-11-02 22:32:59",454,257,95472,0,,11.15,14.9,15.83,50.4,,3.5
"2025-11-02 22:33:00",457,260,95432,-38.270805,-72.700027,10.55,17.2,15.8,50.5,,3.5
"2025-11-02 22:33:01",461,264,95391,0,,11.3,14.7,15.77,50.55,,3.5
"2025-11-02 22:33:02",465,268,95350,0,,11.2,19.2,15.73,50.6,,3.5
"2025-11-02 22:33:03",468,271,95310,-38.270515,-72.699932,11,3.4,15.68,50.7,,3.5
"2025-11-02 22:33:04",472,275,95262,0,,12,10.3,15.65,50.8,,3.6
"2025-11-02 22:33:05",477,280,95217,0,,10.95,10.8,15.61,50.85,,3.7
"2025-11-02 22:33:06",481,284,95172,-38.270207,-72.69986,13.05,16.4,15.58,50.95,,3.8
"2025-11-02 22:33:07",484,287,95130,0,,11.15,12.7,15.54,51,,3.8
"2025-11-02 22:33:08",488,291,95088,0,,12.9,11.4,15.5,51.05,,3.8
"2025-11-02 22:33:09",492,295,95046,-38.269887,-72.699773,11.4,8.3,15.48,51.1,,3.8
"2025-11-02 22:33:10",496,299,94999,0,,11.2,10.7,15.45,51.2,,3.8
"2025-11-02 22:33:11",500,303,94954,0,,10.8,7.8,15.41,51.25,,3.8
"2025-11-02 22:33:12",504,307,94910,-38.269592,-72.699713,11.4,8.9,15.39,51.35,23.5,3.9
"2025-11-02 22:33:14",512,315,94824,0,,8.8,11.8,15.32,51.5,,3.9
"2025-11-02 22:33:15",516,319,94782,-38.269338,-72.69965,8.3,12.6,15.28,51.6,,3.9
"2025-11-02 22:33:16",519,322,94742,0,,9.7,8.2,15.24,51.65,,3.9
"2025-11-02 22:33:17",523,326,94703,0,,9.65,3.3,15.2,51.75,,3.8
"2025-11-02 22:33:18",526,329,94664,-38.269087,-72.69961,9.65,7.7,15.17,51.8,,3.8
"2025-11-02 22:33:19",530,333,94626,0,,9.45,9,15.13,51.85,,3.8
"2025-11-02 22:33:20",533,336,94588,0,,8.45,7.5,15.1,51.95,,3.7
"2025-11-02 22:33:21",536,339,94550,-38.268842,-72.69956,9.55,13,15.05,52.05,,3.7
"2025-11-02 22:33:22",539,342,94519,0,,8.9,4,15.02,52.15,,3.6
"2025-11-02 22:33:23",542,345,94489,0,,11.1,10.7,14.99,52.2,,3.5
"2025-11-02 22:33:24",545,348,94460,-38.268582,-72.69952,9,358.9,14.93,52.3,,3.4
"2025-11-02 22:33:25",548,351,94425,0,,10.15,7.1,14.9,52.4,,3.4
"2025-11-02 22:33:26",551,354,94388,0,,8.3,8.5,14.86,52.4,,3.4
"2025-11-02 22:33:27",554,357,94352,-38.268338,-72.699495,9,2.8,14.81,52.45,,3.3
"2025-11-02 22:33:28",557,360,94319,0,,8.95,5.3,14.75,52.45,,3.2
"2025-11-02 22:33:29",560,363,94288,0,,9.35,4.7,14.72,52.5,,3.1
"2025-11-02 22:33:30",563,366,94258,-38.268098,-72.699472,9.65,359.3,14.69,52.55,,3.1
"2025-11-02 22:33:31",565,368,94228,0,,8.85,1.6,14.65,52.6,,3
"2025-11-02 22:33:32",568,371,94199,0,,9.3,355.1,14.61,52.65,,3
"2025-11-02 22:33:33",571,374,94170,-38.267857,-72.69948,9,2.4,14.58,52.75,,2.9
"2025-11-02 22:33:34",573,376,94141,0,,9.7,352.6,14.55,52.85,,2.8
"2025-11-02 22:33:35",576,379,94112,0,,9,359.4,14.52,52.9,,2.8
"2025-11-02 22:33:36",578,381,94084,-38.267608,-72.699502,9.75,353.6,14.48,52.95,,2.8
"2025-11-02 22:33:37",581,384,94056,0,,9.75,4,14.44,53.05,,2.8
"2025-11-02 22:33:38",583,386,94029,0,,11.05,1.7,14.41,53.1,,2.7
"2025-11-02 22:33:39",586,389,94002,-38.267343,-72.699485,10,12.9,14.36,53.2,23,2.6
"2025-11-02 22:33:40",588,391,93979,0,,,,14.32,53.25,,2.6
"2025-11-02 22:33:41",590,393,93956,0,,,,14.29,53.35,,2.5
"2025-11-02 22:33:42",592,395,93934,0,,,,14.25,53.45,,2.5
"2025-11-02 22:33:45",598,401,93862,-38.266817,-72.699453,9.8,0.1,14.12,53.7,,2.4
"2025-11-02 22:33:46",601,404,93839,0,,8.4,359.9,14.07,53.75,,2.3
"2025-11-02 22:33:47",603,406,93816,0,,9.25,358.3,14.04,53.85,,2.3
"2025-11-02 22:33:48",605,408,93794,-38.26658,-72.69946,8.05,353.4,14.02,53.95,,2.2
"2025-11-02 22:33:49",607,410,93768,0,,9.2,359.6,14,54.05,,2.2
"2025-11-02 22:33:50",609,412,93743,0,,7.25,358.3,13.97,54.1,,2.2
"2025-11-02 22:33:51",611,414,93718,-38.266358,-72.699468,8.8,357.5,13.92,54.2,,2.2
"2025-11-02 22:33:52",614,417,93688,0,,6.2,0.9,13.89,54.3,,2.2
"2025-11-02 22:33:53",617,420,93659,0,,8.85,359.9,13.85,54.35,,2.2
"2025-11-02 22:33:54",619,422,93630,-38.266153,-72.69947,6.7,358.1,13.83,54.45,,2.3
"2025-11-02 22:33:55",622,425,93602,0,,9.05,1.4,13.83,54.55,,2.3
"2025-11-02 22:33:56",624,427,93576,0,,7.85,1.6,13.82,54.6,,2.3
"2025-11-02 22:33:57",627,430,93550,-38.265928,-72.699458,9.95,4.8,13.82,54.7,,2.3
"2025-11-02 22:33:58",629,432,93527,0,,8.5,4.9,13.82,54.8,,2.3
"2025-11-02 22:33:59",631,434,93503,0,,8.8,7.5,13.82,54.85,,2.4
"2025-11-02 22:34:00",633,436,93480,-38.265688,-72.699435,8.8,355.8,13.82,54.95,,2.4
"2025-11-02 22:34:01",635,438,93456,0,,8.95,11.8,13.82,55,,2.4
"2025-11-02 22:34:02",637,440,93432,0,,9.2,0.7,13.82,55.05,,2.3
"2025-11-02 22:34:03",640,443,93408,-38.265445,-72.699407,9.5,7.4,13.82,55.1,,2.3
"2025-11-02 22:34:04",642,445,93379,0,,9.55,7.4,13.83,55.2,,2.4
"2025-11-02 22:34:05",645,448,93351,0,,8.75,8.5,13.83,55.2,,2.3
"2025-11-02 22:34:06",647,450,93324,-38.265187,-72.69939,10.65,358.1,13.82,55.2,22.5,2.3
"2025-11-02 22:34:07",650,453,93293,0,,8.85,1.9,13.82,55.2,,2.4
"2025-11-02 22:34:08",653,456,93262,0,,10,356.9,13.82,55.2,,2.4
"2025-11-02 22:34:09",656,459,93232,-38.264932,-72.699392,7.8,5.3,13.82,55.2,,2.4
"2025-11-02 22:34:10",658,461,93199,0,,10.75,0.6,13.81,55.2,,2.5
"2025-11-02 22:34:11",661,464,93166,0,,7.8,0.9,13.77,55.2,,2.5
"2025-11-02 22:34:12",664,467,93134,-38.264682,-72.699385,10.5,3.5,13.75,55.25,,2.6
"2025-11-02 22:34:14",670,473,93068,0,,10.2,355.9,13.71,55.25,,2.8
"2025-11-02 22:34:15",673,476,93036,-38.264437,-72.699403,8.9,355.4,13.69,55.3,,2.8
"2025-11-02 22:34:16",677,480,92996,0,,9.35,355.5,13.68,55.3,,2.9
"2025-11-02 22:34:17",680,483,92958,0,,9.95,354.8,13.65,55.35,,3
"2025-11-02 22:34:18",684,487,92920,-38.264178,-72.699432,9.7,355.7,13.63,55.4,,3.1
"2025-11-02 22:34:19",689,492,92867,0,,10.05,355.4,13.61,55.4,,3.2
"2025-11-02 22:34:20",693,496,92814,0,,8.85,354.2,13.59,55.45,,3.4
"2025-11-02 22:34:21",698,501,92762,-38.263927,-72.69945,8.65,2.7,13.58,55.5,,3.6
"2025-11-02 22:34:22",702,505,92715,0,,10.9,12,13.56,55.6,,3.7
"2025-11-02 22:34:23",707,510,92667,0,,10.55,7.1,13.55,55.65,,3.8
"2025-11-02 22:34:24",711,514,92620,-38.263647,-72.699393,10.95,12,13.54,55.7,,3.9
"2025-11-02 22:34:25",715,518,92576,0,,10.2,7.1,13.52,55.75,,3.9
"2025-11-02 22:34:26",719,522,92532,0,,10.95,8,13.52,55.8,,4.1
"2025-11-02 22:34:27",723,526,92488,-38.263363,-72.699345,9.75,6.2,13.5,55.8,,4.2
"2025-11-02 22:34:28",727,530,92442,0,,11.8,4.4,13.47,55.8,,4.2
"2025-11-02 22:34:29",732,535,92395,0,,9.5,9.6,13.43,55.85,,4.2
"2025-11-02 22:34:30",736,539,92348,-38.263085,-72.699307,10.2,1.5,13.4,55.9,,4.3
"2025-11-02 22:34:31",741,544,92292,0,,10.4,7.9,13.36,55.9,,4.4
"2025-11-02 22:34:32",746,549,92239,0,,11,5,13.31,55.95,,4.4
"2025-11-02 22:34:33",751,554,92186,-38.262802,-72.699265,10.65,12.7,13.27,56,21.75,4.4
"2025-11-02 22:34:34",756,559,92134,0,,10.25,5.1,13.22,56.05,,4.4
"2025-11-02 22:34:35",760,563,92083,0,,9.9,7.5,13.17,56.1,,4.4
"2025-11-02 22:34:36",765,568,92032,-38.262533,-72.699228,9.1,1.8,13.13,56.15,,4.5
"2025-11-02 22:34:37",770,573,91979,0,,9.7,8.3,13.09,56.25,,4.5
"2025-11-02 22:34:38",775,578,91923,0,,10.65,4.3,13.03,56.3,,4.6
"2025-11-02 22:34:39",780,583,91868,-38.262267,-72.699198,9.1,9.9,13,56.4,,4.7
"2025-11-02 22:34:40",785,588,91817,0,,10.4,1.3,12.94,56.45,,4.8
"2025-11-02 22:34:41",789,592,91767,0,,8.85,5.4,12.91,56.55,,4.8
"2025-11-02 22:34:42",794,597,91718,-38.262012,-72.699178,8.2,2.9,12.86,56.65,,4.8
"2025-11-02 22:34:44",800,603,91647,0,,10.6,5.3,12.77,56.8,,4.6
"2025-11-02 22:34:45",804,607,91612,-38.261753,-72.699153,9.05,12.1,12.72,56.85,,4.4
"2025-11-02 22:34:46",807,610,91580,0,,9.1,12.1,12.67,56.9,,4.3
"2025-11-02 22:34:47",809,612,91550,0,,8.8,8.6,12.64,56.9,,4.1
"2025-11-02 22:34:48",812,615,91520,-38.261493,-72.699123,10.4,4.8,12.59,56.95,,4
"2025-11-02 22:34:49",814,617,91497,0,,8.9,10.7,12.56,57,,3.7
"2025-11-02 22:34:50",816,619,91475,0,,9.85,7.9,12.52,57.1,,3.4
"2025-11-02 22:34:51",818,621,91454,-38.261237,-72.699073,9.7,15.3,12.5,57.2,,3.2
"2025-11-02 22:34:52",820,623,91433,0,,10.15,9.4,12.48,57.25,,3.1
"2025-11-02 22:34:53",822,625,91411,0,,9.8,9.3,12.43,57.3,,2.9
"2025-11-02 22:34:54",824,627,91390,-38.260972,-72.699012,10.2,11.9,12.42,57.4,,2.7
"2025-11-02 22:34:55",827,630,91362,0,,9.4,9.5,12.38,57.45,,2.5
"2025-11-02 22:34:56",829,632,91335,0,,10.45,13.1,12.36,57.6,,2.5
"2025-11-02 22:34:57",832,635,91308,-38.260715,-72.698943,8.75,15.3,12.34,57.75,,2.4
"2025-11-02 22:34:58",834,637,91281,0,,,,12.32,57.85,,2.3
"2025-11-02 22:34:59",836,639,91256,0,,,,12.29,58,,2.3
"2025-11-02 22:35:00",839,642,91232,0,,,,12.27,58.1,21.25,2.3
"2025-11-02 22:35:01",841,644,91203,0,,10.35,16.4,12.25,58.15,,2.2
"2025-11-02 22:35:02",844,647,91175,0,,9.3,7,12.24,58.25,,2.3
"2025-11-02 22:35:03",846,649,91148,-38.260192,-72.698827,11.1,1.6,12.21,58.35,,2.3
"2025-11-02 22:35:04",848,651,91129,0,,9.4,6,12.19,58.45,,2.3
"2025-11-02 22:35:05",850,653,91110,0,,10.25,11,12.17,58.6,,2.3
"2025-11-02 22:35:06",852,655,91092,-38.259927,-72.698787,8.85,8.9,12.14,58.7,,2.3
"2025-11-02 22:35:07",854,657,91065,0,,10.8,11.1,12.12,58.8,,2.3
"2025-11-02 22:35:08",857,660,91038,0,,8.8,9.1,12.11,58.9,,2.3
"2025-11-02 22:35:09",859,662,91012,-38.259668,-72.698728,9.75,11.4,12.1,58.95,,2.3
"2025-11-02 22:35:11",864,667,90957,0,,8.8,13.5,12.06,59.15,,2.3
"2025-11-02 22:35:12",867,670,90930,-38.259435,-72.698675,8.25,1.3,12.04,59.15,,2.3
"2025-11-02 22:35:15",872,675,90868,-38.259205,-72.698675,8.9,354.7,11.98,59.35,,2.2
"2025-11-02 22:35:17",876,679,90827,0,,7.8,3.3,11.91,59.4,,2.2
"2025-11-02 22:35:18",878,681,90808,-38.258978,-72.698683,8.15,358.2,11.89,59.45,,2.2
"2025-11-02 22:35:20",880,683,90779,0,,8.45,356,11.84,59.6,,2
"2025-11-02 22:35:21",882,685,90766,-38.25876,-72.698692,8.25,6.5,11.82,59.65,,1.9
"2025-11-02 22:35:23",884,687,90737,0,,8.95,5.6,11.79,59.85,,1.8
"2025-11-02 22:35:24",886,689,90722,-38.25853,-72.698685,8.45,359.4,11.77,59.95,,1.7
"2025-11-02 22:35:26",889,692,90692,0,,8.2,1.7,11.75,60.1,,1.6
"2025-11-02 22:35:27",890,693,90678,-38.258312,-72.698682,7.8,2.4,11.74,60.15,20.5,1.6
"2025-11-02 22:35:29",892,695,90651,0,,8.15,359.3,11.71,60.25,,1.4
"2025-11-02 22:35:30",894,697,90638,-38.25809,-72.69868,7.8,4.9,11.69,60.3,,1.4
"2025-11-02 22:35:31",895,698,90621,0,,9.25,1.8,11.68,60.35,,1.3
"2025-11-02 22:35:32",897,700,90605,0,,8.4,0,11.67,60.4,,1.3
"2025-11-02 22:35:33",898,701,90590,-38.257855,-72.69868,8.95,357.9,11.64,60.45,,1.4
"2025-11-02 22:35:34",900,703,90572,0,,8,3.6,11.63,60.5,,1.4
"2025-11-02 22:35:35",901,704,90555,0,,8,357.6,11.62,60.55,,1.4
"2025-11-02 22:35:36",903,706,90538,-38.257633,-72.698677,8.25,7.5,11.6,60.6,,1.4
"2025-11-02 22:35:37",905,708,90520,0,,8.25,0.7,11.58,60.7,,1.4
"2025-11-02 22:35:38",906,709,90502,0,,8.5,7.4,11.56,60.7,,1.5
"2025-11-02 22:35:39",908,711,90484,-38.257412,-72.698662,7.7,1.7,11.55,60.75,,1.5
"2025-11-02 22:35:40",910,713,90463,0,,8.9,7.4,11.54,60.75,,1.5
"2025-11-02 22:35:41",912,715,90443,0,,8,3.5,11.53,60.8,,1.6
"2025-11-02 22:35:42",914,717,90424,-38.257188,-72.698645,8.45,2,11.51,60.9,,1.6
"2025-11-02 22:35:43",915,718,90406,0,,6.9,1,11.5,60.95,,1.7
"2025-11-02 22:35:44",917,720,90388,0,,9,4.5,11.49,61,,1.7
"2025-11-02 22:35:45",919,722,90370,-38.25697,-72.698627,8.35,11.4,11.47,61.05,,1.7
"2025-11-02 22:35:46",920,723,90353,0,,9.45,6.5,11.46,61.1,,1.7
"2025-11-02 22:35:47",922,725,90336,0,,9.05,7.4,11.46,61.2,,1.7
"2025-11-02 22:35:48",923,726,90320,-38.256725,-72.698597,8.7,360,11.45,61.25,,1.7
"2025-11-02 22:35:49",925,728,90303,0,,9,7.3,11.45,61.3,,1.7
"2025-11-02 22:35:50",926,729,90287,0,,8.45,1.5,11.44,61.35,,1.7
"2025-11-02 22:35:51",928,731,90272,-38.256488,-72.698578,8.8,5.7,11.44,61.45,,1.6
"2025-11-02 22:35:52",929,732,90254,0,,9.6,7.8,11.44,61.45,,1.6
"2025-11-02 22:35:53",931,734,90235,0,,7.9,2.9,11.41,61.5,,1.6
"2025-11-02 22:35:54",933,736,90216,-38.256242,-72.698545,10.9,12.1,11.4,61.5,20,1.6
"2025-11-02 22:35:55",934,737,90207,0,,8.3,5.4,11.4,61.55,,1.6
"2025-11-02 22:35:56",934,737,90198,0,,10.05,12,11.4,61.6,,1.5
"2025-11-02 22:35:57",935,738,90190,-38.255993,-72.698497,8.15,5.7,11.4,61.7,,1.4
"2025-11-02 22:35:58",936,739,90177,0,,10.45,5.2,11.4,61.75,,1.4
"2025-11-02 22:35:59",938,741,90165,0,,8.6,7.9,11.4,61.8,,1.3
"2025-11-02 22:36:00",939,742,90154,-38.255743,-72.69846,9.6,8.5,11.4,61.8,,1.3
"2025-11-02 22:36:01",940,743,90136,0,,8.85,7.5,11.41,61.85,,1.3
"2025-11-02 22:36:02",942,745,90119,0,,9.85,3.6,11.41,61.8,,1.3
"2025-11-02 22:36:03",943,746,90102,-38.255498,-72.698427,7.7,6.4,11.39,61.85,,1.3
"2025-11-02 22:36:04",946,749,90078,0,,8.6,7,11.36,61.85,,1.4
"2025-11-02 22:36:05",948,751,90055,0,,7.75,4.1,11.34,61.85,,1.4
"2025-11-02 22:36:06",950,753,90032,-38.255277,-72.698408,8.9,359.4,11.32,61.85,,1.4
"2025-11-02 22:36:07",952,755,90012,0,,8.7,8.2,11.3,61.8,,1.5
"2025-11-02 22:36:08",954,757,89992,0,,9.45,7,11.28,61.8,,1.6
"2025-11-02 22:36:09",956,759,89972,-38.255035,-72.698388,7.75,1.8,11.28,61.85,,1.7
"2025-11-02 22:36:10",956,759,89964,0,,10.85,9.8,11.26,61.9,,1.7
"2025-11-02 22:36:11",957,760,89957,0,,8.45,0.2,11.26,61.95,,1.6
"2025-11-02 22:36:12",958,761,89950,-38.25477,-72.698362,11.15,4.1,11.25,62.05,,1.6
"2025-11-02 22:36:15",959,762,89940,-38.2545,-72.698333,8.8,8.4,11.25,62.25,,1.3
"2025-11-02 22:36:16",959,762,89939,0,,11.15,0.5,11.25,62.3,,1.1
"2025-11-02 22:36:17",959,762,89938,0,,8.75,7.1,11.25,62.35,,0.9
"2025-11-02 22:36:18",959,762,89938,-38.254233,-72.698313,10.8,359.8,11.25,62.4,,0.7
"2025-11-02 22:36:19",959,762,89938,0,,9.5,5.4,11.24,62.45,,0.6
"2025-11-02 22:36:20",959,762,89938,0,,10,9.2,11.23,62.45,,0.4
"2025-11-02 22:36:21",959,762,89938,-38.253975,-72.698282,8.4,6.4,11.22,62.5,19.5,0.3
"2025-11-02 22:36:22",959,762,89933,0,,9.8,10,11.21,62.55,,0.2
"2025-11-02 22:36:23",960,763,89929,0,,8.9,2.7,11.21,62.55,,0.2
"2025-11-02 22:36:24",960,763,89926,-38.253728,-72.698242,9.35,14.9,11.21,62.55,,0.2
"2025-11-02 22:36:25",960,763,89920,0,,9.9,1.2,11.2,62.55,,0.2
"2025-11-02 22:36:26",961,764,89915,0,,9.9,12.9,11.2,62.55,,0.2
"2025-11-02 22:36:27",961,764,89910,-38.253467,-72.698203,9.8,1.7,11.2,62.6,,0.2
"2025-11-02 22:36:28",962,765,89899,0,,10.4,12.5,11.21,62.65,,0.3
"2025-11-02 22:36:29",963,766,89888,0,,9.3,6,11.21,62.65,,0.4
"2025-11-02 22:36:30",964,767,89878,-38.253205,-72.69816,9.5,8.6,11.2,62.7,,0.4
"2025-11-02 22:36:31",965,768,89869,0,,8.9,3.5,11.2,62.7,,0.5
"2025-11-02 22:36:32",966,769,89860,0,,10.4,11.5,11.2,62.75,,0.6
"2025-11-02 22:36:33",967,770,89852,-38.252945,-72.698117,9.85,6.4,11.2,62.75,,0.6
"2025-11-02 22:36:34",968,771,89843,0,,,,11.19,62.7,,0.7
"2025-11-02 22:36:35",968,771,89835,0,,,,11.19,62.75,,0.7
"2025-11-02 22:36:36",969,772,89828,0,,,,11.19,62.75,,0.7
"2025-11-02 22:36:37",970,773,89822,0,,8.4,5.5,11.18,62.75,,0.8
"2025-11-02 22:36:38",970,773,89817,0,,9.6,359.4,11.17,62.75,,0.8
"2025-11-02 22:36:39",971,774,89812,-38.252432,-72.698057,9.8,6.9,11.17,62.75,,0.8
"2025-11-02 22:36:40",972,775,89801,0,,8.95,10,11.16,62.75,,0.8
"2025-11-02 22:36:41",972,775,89791,0,,9.2,13.2,11.14,62.75,,0.8
"2025-11-02 22:36:42",973,776,89782,-38.252177,-72.697997,10.95,10.8,11.12,62.8,,0.7
"2025-11-02 22:36:43",975,778,89768,0,,9.3,5.1,11.12,62.8,,0.8
"2025-11-02 22:36:44",976,779,89754,0,,9.75,14,11.1,62.8,,0.8
"2025-11-02 22:36:45",977,780,89740,-38.251915,-72.697943,9.35,10,11.08,62.8,,0.9
"2025-11-02 22:36:46",978,781,89736,0,,11.1,10.4,11.08,62.8,,0.8
"2025-11-02 22:36:47",978,781,89733,0,,7.5,10.9,11.08,62.8,,0.8
"2025-11-02 22:36:48",978,781,89730,-38.251658,-72.697887,11.05,9.7,11.08,62.8,19,0.8
"2025-11-02 22:36:49",979,782,89725,0,,8.7,6.5,11.08,62.85,,0.8
"2025-11-02 22:36:50",979,782,89720,0,,10.45,8.7,11.08,62.85,,0.8
"2025-11-02 22:36:51",980,783,89716,-38.2514,-72.697843,8.05,7.3,11.08,62.85,,0.7
"2025-11-02 22:36:52",980,783,89708,0,,10.6,11.9,11.08,62.8,,0.7
"2025-11-02 22:36:53",981,784,89700,0,,7.75,2,11.08,62.85,,0.7
"2025-11-02 22:36:54",982,785,89692,-38.251158,-72.697805,9.75,7.8,11.08,62.85,,0.7
"2025-11-02 22:36:55",982,785,89684,0,,7.3,2.2,11.07,62.85,,0.7
"2025-11-02 22:36:56",983,786,89677,0,,9.25,8.8,11.07,62.85,,0.6
"2025-11-02 22:36:57",984,787,89670,-38.250933,-72.697782,7.45,1.3,11.07,62.9,,0.5
"2025-11-02 22:36:58",985,788,89662,0,,9.7,7.7,11.07,62.9,,0.6
"2025-11-02 22:36:59",985,788,89654,0,,8.55,1.3,11.06,62.9,,0.6
"2025-11-02 22:37:00",986,789,89646,-38.250692,-72.697758,9.55,6,11.05,62.95,,0.7
"2025-11-02 22:37:01",986,789,89644,0,,8.4,8.2,11.07,62.95,,0.6
"2025-11-02 22:37:02",986,789,89642,0,,8.3,359.1,11.04,63,,0.6
"2025-11-02 22:37:03",987,790,89640,-38.25046,-72.697732,8.55,13.9,11.05,62.95,,0.6
"2025-11-02 22:37:04",987,790,89635,0,,8.8,358.5,11.04,62.95,,0.6
"2025-11-02 22:37:05",987,790,89630,0,,8.3,13.4,11.03,62.9,,0.5
"2025-11-02 22:37:06",988,791,89626,-38.250232,-72.697702,8.5,1.2,11.02,62.9,,0.5
"2025-11-02 22:37:07",988,791,89620,0,,9,8.4,11.02,62.9,,0.5
"2025-11-02 22:37:08",989,792,89615,0,,8.75,0.6,11.01,62.9,,0.5
"2025-11-02 22:37:09",989,792,89610,-38.249997,-72.697677,8.45,10.8,11.01,62.9,,0.5
"2025-11-02 22:37:10",989,792,89610,0,,8.3,352.7,11,62.9,,0.4
"2025-11-02 22:37:11",989,792,89610,0,,8.4,6.5,10.99,62.95,,0.3
"2025-11-02 22:37:12",989,792,89610,-38.249772,-72.697673,8.95,356.1,11,62.9,,0.3
"2025-11-02 22:37:15",991,794,89596,-38.24953,-72.69765,8.8,2.9,10.99,62.95,19,0.3
"2025-11-02 22:37:16",991,794,89591,0,,9.7,3.1,10.99,62.9,,0.3
"2025-11-02 22:37:17",992,795,89586,0,,9.8,7.3,10.99,62.95,,0.3
"2025-11-02 22:37:18",992,795,89582,-38.249273,-72.697623,9,4,10.99,62.95,,0.3
"2025-11-02 22:37:20",992,795,89584,0,,8.2,358.4,10.99,63,,0.2
"2025-11-02 22:37:21",992,795,89586,-38.249042,-72.697605,9.05,358.2,10.97,62.95,,0.2
"2025-11-02 22:37:22",992,795,89583,0,,8.85,5.7,10.99,62.9,,0.2
"2025-11-02 22:37:23",992,795,89580,0,,9.2,4.1,10.99,62.9,,0.2
"2025-11-02 22:37:24",992,795,89578,-38.248798,-72.697577,9.4,12.4,10.97,62.85,,0.2
"2025-11-02 22:37:25",992,795,89581,0,,9.7,2.5,10.99,62.85,,0.2
"2025-11-02 22:37:26",992,795,89584,0,,8.85,8.5,11.01,62.7,,0.2
"2025-11-02 22:37:27",991,794,89588,-38.248548,-72.697543,9.35,5.5,11.02,62.6,,0.1
"2025-11-02 22:37:28",991,794,89588,0,,8.55,8.5,11.02,62.55,,0
"2025-11-02 22:37:29",991,794,89589,0,,10.25,5.1,11.03,62.5,,0
"2025-11-02 22:37:30",991,794,89590,-38.248302,-72.697505,8.5,10.8,11.03,62.5,,-0.1
"2025-11-02 22:37:31",991,794,89590,0,,9.65,1.3,11.05,62.45,,-0.1
"2025-11-02 22:37:32",991,794,89591,0,,9.05,10.9,11.06,62.35,,-0.1
"2025-11-02 22:37:33",991,794,89592,-38.248052,-72.69747,9.75,6.1,11.06,62.35,,-0.1
"2025-11-02 22:37:34",991,794,89595,0,,9.55,9.8,11.07,62.4,,-0.1
"2025-11-02 22:37:35",990,793,89598,0,,9.45,8.1,11.07,62.4,,-0.1
"2025-11-02 22:37:36",990,793,89602,-38.24779,-72.697427,10.05,5.2,11.07,62.45,,-0.2
"2025-11-02 22:37:37",990,793,89607,0,,10.1,5.1,11.07,62.45,,-0.2
"2025-11-02 22:37:38",989,792,89613,0,,9.9,8,11.07,62.5,,-0.2
"2025-11-02 22:37:39",988,791,89620,-38.247523,-72.697385,9.45,10.5,11.07,62.5,,-0.3
"2025-11-02 22:37:41",988,791,89626,0,,10.85,11.9,11.07,62.5,,-0.3
"2025-11-02 22:37:42",988,791,89630,-38.247267,-72.697323,8.2,13.8,11.07,62.5,18.5,-0.3
"2025-11-02 22:37:45",987,790,89636,-38.247017,-72.69726,10.05,16.6,11.07,62.5,,-0.3
"2025-11-02 22:37:47",987,790,89630,0,,11.75,8.1,11.07,62.55,,-0.3
"2025-11-02 22:37:48",988,791,89628,-38.246745,-72.697187,9.75,10.2,11.07,62.5,,-0.2
"2025-11-02 22:37:50",988,791,89623,0,,8.75,15.9,11.08,62.5,,-0.1
"2025-11-02 22:37:51",988,791,89622,-38.246475,-72.69712,10.95,10.7,11.07,62.5,,0
"2025-11-02 22:37:53",989,792,89616,0,,9.65,5.9,11.08,62.4,,0
"2025-11-02 22:37:54",989,792,89614,-38.246233,-72.697058,8.1,19.7,11.08,62.35,,0.1
"2025-11-02 22:37:56",989,792,89609,0,,8.65,19.4,11.08,62.3,,0.1
"2025-11-02 22:37:57",990,793,89608,-38.245997,-72.697,9.5,2.6,11.08,62.3,,0.1
"2025-11-02 22:37:59",990,793,89605,0,,9.45,4.7,11.08,62.25,,0.2
"2025-11-02 22:38:00",990,793,89604,-38.245755,-72.69695,9.55,11.7,11.08,62.2,,0.2
"2025-11-02 22:38:01",990,793,89604,0,,8.95,7.1,11.08,62.2,,0.2
"2025-11-02 22:38:02",990,793,89605,0,,10.25,9,11.08,62.15,,0.2
"2025-11-02 22:38:03",990,793,89606,-38.245505,-72.696902,8.45,7.4,11.08,62.1,,0.1
"2025-11-02 22:38:04",990,793,89601,0,,9.5,7.5,11.08,62.05,,0.1
"2025-11-02 22:38:05",991,794,89597,0,,8.6,8.9,11.08,62,,0.1
"2025-11-02 22:38:06",991,794,89594,-38.245265,-72.696863,9.1,6.7,11.08,61.9,,0.2
"2025-11-02 22:38:07",991,794,89591,0,,8.3,12.2,11.09,61.85,,0.2
"2025-11-02 22:38:08",991,794,89588,0,,10.8,5.7,11.11,61.8,,0.2
"2025-11-02 22:38:09",992,795,89586,-38.245012,-72.696827,9.25,359.2,11.12,61.8,18.5,0.2
"2025-11-02 22:38:10",993,796,89574,0,,9.3,7.1,11.11,61.8,,0.2
"2025-11-02 22:38:11",994,797,89563,0,,10.35,10.3,11.1,61.8,,0.3
"2025-11-02 22:38:12",995,798,89552,-38.244747,-72.696788,10.6,1.9,11.1,61.75,,0.4
"2025-11-02 22:38:14",996,799,89534,0,,9.65,7.6,11.08,61.7,,0.5
"2025-11-02 22:38:15",997,800,89526,-38.244477,-72.696762,9.15,3,11.08,61.7,,0.6
"2025-11-02 22:38:16",998,801,89512,0,,9.45,7.5,11.08,61.7,,0.7
"2025-11-02 22:38:17",1000,803,89500,0,,9.2,1.1,11.08,61.7,,0.8
"2025-11-02 22:38:18",1001,804,89488,-38.244232,-72.696732,8.2,13.5,11.08,61.7,,0.8
"2025-11-02 22:38:19",1002,805,89477,0,,8.7,2.6,11.08,61.7,,0.9
"2025-11-02 22:38:20",1003,806,89466,0,,7.85,14.2,11.08,61.75,,0.9
"2025-11-02 22:38:21",1004,807,89456,-38.244008,-72.696698,8.75,1.1,11.08,61.8,,1
"2025-11-02 22:38:22",1005,808,89446,0,,8.1,17.4,11.07,61.8,,1
"2025-11-02 22:38:23",1006,809,89436,0,,9.45,5.1,11.07,61.9,,1
"2025-11-02 22:38:24",1007,810,89426,-38.243783,-72.696647,7.45,15.9,11.04,61.95,,1
"2025-11-02 22:38:25",1008,811,89414,0,,9.15,2.6,11.02,62.05,,1
"2025-11-02 22:38:26",1009,812,89402,0,,7.95,5.2,11.01,62.1,,1
"2025-11-02 22:38:27",1010,813,89390,-38.243555,-72.69662,9.2,3,10.99,62.15,,1.1
"2025-11-02 22:38:28",1011,814,89382,0,,7.8,0.8,10.99,62.25,,1
"2025-11-02 22:38:29",1011,814,89375,0,,9.5,2.7,10.95,62.3,,1
"2025-11-02 22:38:30",1012,815,89368,-38.243325,-72.696608,7.5,6.1,10.95,62.4,,1
"2025-11-02 22:38:31",1013,816,89361,0,,8.8,10.4,10.95,62.45,,0.9
"2025-11-02 22:38:32",1013,816,89354,0,,7.45,359.9,10.94,62.55,,0.9
"2025-11-02 22:38:33",1014,817,89348,-38.243105,-72.696575,9,10.7,10.94,62.6,,0.9
"2025-11-02 22:38:34",1015,818,89339,0,,7.6,358,10.92,62.7,,0.8
"2025-11-02 22:38:35",1016,819,89330,0,,8.5,8.3,10.89,62.75,,0.8
"2025-11-02 22:38:36",1016,819,89322,-38.242888,-72.696555,7.2,356.2,10.87,62.8,18.5,0.8
"2025-11-02 22:38:37",1017,820,89318,0,,8.6,13.5,10.85,62.8,,0.7
"2025-11-02 22:38:38",1017,820,89315,0,,7.75,359.3,10.85,62.8,,0.7
"2025-11-02 22:38:39",1017,820,89312,-38.242672,-72.69653,8.7,10.2,10.84,62.8,,0.6
"2025-11-02 22:38:40",1018,821,89307,0,,7.5,5.7,10.84,62.85,,0.6
"2025-11-02 22:38:41",1018,821,89302,0,,6.15,5.2,10.82,62.8,,0.6
"2025-11-02 22:38:42",1019,822,89298,-38.242475,-72.696503,8.25,4.7,10.81,62.8,,0.5
"2025-11-02 22:38:44",1020,823,89286,0,,8.15,3.6,10.81,62.8,,0.5
"2025-11-02 22:38:45",1020,823,89280,-38.242258,-72.696485,7.35,2.3,10.81,62.75,,0.5
"2025-11-02 22:38:46",1022,825,89265,0,,7.9,8,10.8,62.75,,0.6
"2025-11-02 22:38:47",1023,826,89250,0,,5.9,11.6,10.78,62.8,,0.6
"2025-11-02 22:38:48",1024,827,89236,-38.242068,-72.696448,7.85,11.3,10.77,62.85,,0.7
"2025-11-02 22:38:49",1025,828,89227,0,,6.7,12.5,10.76,62.9,,0.7
"2025-11-02 22:38:50",1026,829,89219,0,,8.45,15.9,10.76,63,,0.7
"2025-11-02 22:38:51",1027,830,89212,-38.24187,-72.696387,7.15,15.2,10.75,63.05,,0.8
"2025-11-02 22:38:52",1027,830,89206,0,,8.65,19.2,10.75,63.1,,0.8
"2025-11-02 22:38:53",1028,831,89201,0,,6.7,26.5,10.73,63.2,,0.8
"2025-11-02 22:38:54",1028,831,89196,-38.241678,-72.696293,8.5,21.2,10.71,63.2,,0.8
"2025-11-02 22:38:55",1028,831,89194,0,,7.8,18.4,10.69,63.2,,0.7
"2025-11-02 22:38:56",1028,831,89193,0,,7.95,23.9,10.66,63.3,,0.7
"2025-11-02 22:38:57",1029,832,89192,-38.241478,-72.696205,6.9,9.3,10.64,63.3,,0.7
"2025-11-02 22:38:58",1029,832,89190,0,,,,10.62,63.4,,0.6
"2025-11-02 22:38:59",1029,832,89189,0,,,,10.6,63.45,,0.5
"2025-11-02 22:39:00",1029,832,89188,0,,,,10.59,63.5,,0.5
"2025-11-02 22:39:01",1029,832,89186,0,,8.05,13.8,10.58,63.55,,0.3
"2025-11-02 22:39:02",1029,832,89185,0,,9.65,23.3,10.56,63.6,,0.3
"2025-11-02 22:39:03",1029,832,89184,-38.241018,-72.696003,8.75,23.5,10.55,63.7,18.25,0.2
"2025-11-02 22:39:04",1029,832,89189,0,,10.25,22.5,10.54,63.7,,0.2
"2025-11-02 22:39:05",1028,831,89195,0,,8.35,22.9,10.55,63.75,,0.1
"2025-11-02 22:39:06",1028,831,89202,-38.240782,-72.695877,10.45,23.6,10.57,63.7,,0
"2025-11-02 22:39:08",1026,829,89216,0,,9.95,19.7,10.62,63.55,,-0.2
"2025-11-02 22:39:09",1026,829,89224,-38.240543,-72.695763,8.95,20.3,10.64,63.45,,-0.2
"2025-11-02 22:39:10",1025,828,89231,0,,9.5,16.3,10.67,63.3,,-0.3
"2025-11-02 22:39:11",1024,827,89238,0,,9,25.9,10.71,63.2,,-0.3
"2025-11-02 22:39:12",1023,826,89246,-38.240308,-72.695648,9.4,21.5,10.75,63.1,,-0.4
"2025-11-02 22:39:14",1022,825,89262,0,,9.45,10.9,10.81,62.85,,-0.5
"2025-11-02 22:39:15",1021,824,89270,-38.240065,-72.695543,10.55,19.6,10.84,62.75,,-0.6
"2025-11-02 22:39:16",1020,823,89280,0,,9.6,11,10.86,62.65,,-0.7
"2025-11-02 22:39:17",1019,822,89291,0,,10.65,23,10.89,62.55,,-0.7
"2025-11-02 22:39:18",1018,821,89302,-38.239807,-72.69544,9.3,15.3,10.91,62.5,,-0.8
"2025-11-02 22:39:19",1017,820,89313,0,,11.2,20,10.93,62.4,,-0.8
"2025-11-02 22:39:20",1016,819,89324,0,,9.2,11.4,10.95,62.3,,-0.8
"2025-11-02 22:39:21",1015,818,89336,-38.239545,-72.695343,10.7,18.5,10.99,62.2,,-0.9
"2025-11-02 22:39:22",1014,817,89347,0,,9.85,14.3,11,62.1,,-0.9
"2025-11-02 22:39:23",1013,816,89358,0,,10.9,14,11.01,62,,-0.9
"2025-11-02 22:39:24",1012,815,89370,-38.239275,-72.695257,9.9,11.9,11.03,61.95,,-1
"2025-11-02 22:39:25",1011,814,89381,0,,10.95,14.4,11.04,61.8,,-1
"2025-11-02 22:39:26",1010,813,89392,0,,9.95,12,11.06,61.75,,-1
"2025-11-02 22:39:27",1009,812,89404,-38.239005,-72.69518,9.55,13.1,11.07,61.7,,-1
"2025-11-02 22:39:29",1007,810,89421,0,,8.75,14.4,11.07,61.65,,-1
"2025-11-02 22:39:30",1006,809,89430,-38.238757,-72.695095,9.85,13.9,11.08,61.6,18,-1
"2025-11-02 22:39:31",1006,809,89436,0,,8.95,15.9,11.08,61.55,,-1
"2025-11-02 22:39:32",1005,808,89443,0,,10.65,15.7,11.08,61.45,,-0.9
"2025-11-02 22:39:33",1004,807,89450,-38.238507,-72.695008,8.65,14.2,11.08,61.35,,-0.9
"2025-11-02 22:39:34",1004,807,89458,0,,10.65,14.1,11.11,61.25,,-0.9
"2025-11-02 22:39:35",1003,806,89466,0,,9.3,10.7,11.12,61.1,,-0.9
"2025-11-02 22:39:36",1002,805,89474,-38.238252,-72.69493,9.8,18.5,11.15,61,,-0.8
"2025-11-02 22:39:37",1001,804,89481,0,,9.6,10.9,11.16,60.9,,-0.8
"2025-11-02 22:39:38",1001,804,89488,0,,10.45,12.3,11.17,60.9,,-0.7
"2025-11-02 22:39:39",1000,803,89496,-38.23799,-72.694862,9.65,5.9,11.18,60.85,,-0.7
"2025-11-02 22:39:40",1000,803,89498,0,,9.65,16.5,11.19,60.85,,-0.7
"2025-11-02 22:39:41",1000,803,89501,0,,9.75,12.8,11.2,60.8,,-0.6
"2025-11-02 22:39:42",999,802,89504,-38.237733,-72.694785,9.9,17.4,11.21,60.75,,-0.6
"2025-11-02 22:39:44",999,802,89505,0,,10,16.8,11.22,60.6,,-0.5
"2025-11-02 22:39:45",999,802,89506,-38.237472,-72.694707,9.8,14,11.24,60.5,,-0.5
"2025-11-02 22:39:46",998,801,89515,0,,11.25,16.4,11.25,60.45,,-0.4
"2025-11-02 22:39:47",997,800,89524,0,,9.55,10.1,11.25,60.45,,-0.5
"2025-11-02 22:39:48",997,800,89534,-38.237198,-72.694623,10.75,17.8,11.25,60.4,,-0.5
"2025-11-02 22:39:49",996,799,89539,0,,10.1,9.5,11.26,60.4,,-0.5
"2025-11-02 22:39:50",995,798,89545,0,,10.3,15.3,11.26,60.35,,-0.4
"2025-11-02 22:39:51",995,798,89552,-38.23693,-72.694545,9.9,10.4,11.26,60.3,,-0.4
"2025-11-02 22:39:52",994,797,89557,0,,9.65,12.5,11.28,60.3,,-0.4
"2025-11-02 22:39:53",994,797,89562,0,,10.85,15.8,11.28,60.3,,-0.5
"2025-11-02 22:39:54",993,796,89568,-38.236663,-72.69446,10.05,17.7,11.28,60.25,,-0.5
"2025-11-02 22:39:55",993,796,89571,0,,11.5,16.6,11.28,60.25,,-0.5
"2025-11-02 22:39:56",993,796,89574,0,,9.9,18.8,11.26,60.25,,-0.5
"2025-11-02 22:39:57",992,795,89578,-38.23639,-72.694355,10.4,11.9,11.26,60.25,18,-0.6
"2025-11-02 22:39:58",992,795,89578,0,,9.75,13.5,11.26,60.25,,-0.5
"2025-11-02 22:39:59",992,795,89579,0,,11.3,8.6,11.26,60.25,,-0.5
"2025-11-02 22:40:00",992,795,89580,-38.236117,-72.694288,9.2,10.2,11.26,60.2,,-0.4
"2025-11-02 22:40:01",992,795,89582,0,,11.85,18,11.28,60.2,,-0.3
"2025-11-02 22:40:02",992,795,89584,0,,8.5,9.3,11.29,60.15,,-0.3
"2025-11-02 22:40:03",992,795,89586,-38.235852,-72.694207,10.65,14.3,11.28,60.1,,-0.3
"2025-11-02 22:40:04",991,794,89589,0,,9.5,17.8,11.28,60.05,,-0.3
"2025-11-02 22:40:05",991,794,89592,0,,10.55,14.8,11.28,60.05,,-0.2
"2025-11-02 22:40:06",991,794,89596,-38.235587,-72.694118,9.9,8.3,11.29,60.05,,-0.2
"2025-11-02 22:40:07",990,793,89606,0,,10.95,14.5,11.29,59.95,,-0.3
"2025-11-02 22:40:08",989,792,89618,0,,9.5,7,11.29,59.95,,-0.3
"2025-11-02 22:40:09",988,791,89630,-38.235318,-72.694055,9.75,11.9,11.3,59.9,,-0.4
"2025-11-02 22:40:11",986,789,89645,0,,10.65,13.8,11.3,59.85,,-0.5
"2025-11-02 22:40:12",985,788,89654,-38.235062,-72.693967,9.6,15.3,11.29,59.9,,-0.5
"2025-11-02 22:40:15",984,787,89670,-38.2348,-72.693892,10.3,11,11.32,59.95,,-0.6
"2025-11-02 22:40:17",983,786,89676,0,,9.9,17.3,11.32,59.95,,-0.6
"2025-11-02 22:40:18",983,786,89680,-38.234552,-72.6938,9,20.3,11.32,59.95,,-0.6
"2025-11-02 22:40:20",982,785,89686,0,,9.05,21.3,11.33,59.95,,-0.5
"2025-11-02 22:40:21",982,785,89690,-38.234302,-72.693703,10.7,14,11.33,59.95,,-0.5
"2025-11-02 22:40:23",982,785,89693,0,,10.55,10.8,11.32,59.95,,-0.4
"2025-11-02 22:40:24",981,784,89696,-38.234048,-72.69364,8.5,9.3,11.3,60,17.75,-0.4
"2025-11-02 22:40:26",981,784,89696,0,,9.35,5.8,11.28,60.15,,-0.3
"2025-11-02 22:40:27",981,784,89696,-38.233782,-72.693577,11.2,14.8,11.28,60.2,,-0.2
"2025-11-02 22:40:29",982,785,89686,0,,11.1,16.1,11.3,60.2,,-0.1
"2025-11-02 22:40:30",983,786,89682,-38.2335,-72.69352,9.95,7.2,11.29,60.2,,0
"2025-11-02 22:40:31",983,786,89679,0,,11.6,14.2,11.28,60.2,,0
"2025-11-02 22:40:32",983,786,89676,0,,9.7,9.2,11.28,60.25,,0.1
"2025-11-02 22:40:33",983,786,89674,-38.233217,-72.69345,11.5,7.4,11.26,60.3,,0.1
"2025-11-02 22:40:34",984,787,89669,0,,9.1,10.7,11.25,60.4,,0.1
"2025-11-02 22:40:35",984,787,89664,0,,11.15,9.5,11.24,60.45,,0.2
"2025-11-02 22:40:36",985,788,89660,-38.232942,-72.693387,10.4,12.9,11.22,60.5,,0.3
"2025-11-02 22:40:37",985,788,89654,0,,10.4,12.9,11.22,60.5,,0.3
"2025-11-02 22:40:38",986,789,89648,0,,9.6,11.4,11.22,60.55,,0.3
"2025-11-02 22:40:39",986,789,89642,-38.232662,-72.693318,11.35,10.2,11.22,60.55,,0.4
"2025-11-02 22:40:40",986,789,89641,0,,8.15,13.9,11.22,60.6,,0.4
"2025-11-02 22:40:41",987,790,89640,0,,11.75,12.4,11.21,60.55,,0.4
"2025-11-02 22:40:42",987,790,89640,-38.232397,-72.693242,9.3,15,11.19,60.6,,0.3
"2025-11-02 22:40:43",988,791,89628,0,,10.85,12.2,11.19,60.6,,0.4
"2025-11-02 22:40:44",989,792,89617,0,,9.05,14.4,11.2,60.6,,0.4
"2025-11-02 22:40:45",990,793,89606,-38.232135,-72.693167,10.75,11.6,11.21,60.6,,0.5
"2025-11-02 22:40:46",991,794,89594,0,,8.65,13.7,11.2,60.6,,0.6
"2025-11-02 22:40:47",992,795,89583,0,,11.3,10.3,11.21,60.65,,0.6
"2025-11-02 22:40:48",993,796,89572,-38.231878,-72.693092,8.6,20.5,11.22,60.6,,0.7
"2025-11-02 22:40:49",994,797,89557,0,,10.25,10.6,11.22,60.55,,0.7
"2025-11-02 22:40:50",996,799,89542,0,,9.15,11.1,11.22,60.55,,0.8
"2025-11-02 22:40:51",997,800,89528,-38.231623,-72.693025,10.75,6.5,11.21,60.5,17.75,0.9
"2025-11-02 22:40:52",999,802,89510,0,,9.3,15.7,11.2,60.55,,1
"2025-11-02 22:40:53",1000,803,89493,0,,10.8,10.6,11.2,60.55,,1.1
"2025-11-02 22:40:54",1002,805,89476,-38.231365,-72.69295,8.6,19.7,11.19,60.5,,1.3
"2025-11-02 22:40:56",1006,809,89434,0,,8.85,19.6,11.16,60.5,,1.4
"2025-11-02 22:40:57",1008,811,89414,-38.231108,-72.692857,10.95,12.9,11.15,60.5,,1.5
"2025-11-02 22:40:58",1009,812,89397,0,,8.7,22.7,11.14,60.55,,1.5
"2025-11-02 22:40:59",1011,814,89380,0,,10.6,14,11.12,60.55,,1.6
"2025-11-02 22:41:00",1012,815,89364,-38.230855,-72.692758,9.4,19.3,11.11,60.55,,1.6
"2025-11-02 22:41:01",1014,817,89346,0,,9.65,14.8,11.11,60.5,,1.6
"2025-11-02 22:41:02",1016,819,89329,0,,8.85,15,11.1,60.55,,1.6
"2025-11-02 22:41:03",1017,820,89312,-38.23061,-72.69267,10.25,13.6,11.08,60.6,,1.7
"2025-11-02 22:41:04",1019,822,89294,0,,8.95,18.6,11.08,60.7,,1.7
"2025-11-02 22:41:05",1021,824,89277,0,,10.9,15.1,11.08,60.75,,1.7
"2025-11-02 22:41:06",1022,825,89260,-38.230347,-72.692578,10.3,14,11.07,60.75,,1.7
"2025-11-02 22:41:07",1023,826,89246,0,,10.7,12,11.07,60.75,,1.7
"2025-11-02 22:41:08",1025,828,89233,0,,10.25,8.5,11.06,60.7,,1.6
"2025-11-02 22:41:09",1026,829,89220,-38.230073,-72.69251,10.05,11.6,11.05,60.65,,1.5
"2025-11-02 22:41:10",1028,831,89198,0,,9.55,12.3,11.03,60.6,,1.5
"2025-11-02 22:41:11",1030,833,89177,0,,9.55,13.1,11.02,60.6,,1.6
"2025-11-02 22:41:12",1032,835,89156,-38.229817,-72.692433,9.6,15.2,11.01,60.6,,1.6
"2025-11-02 22:41:15",1037,840,89098,-38.229563,-72.692352,10.15,8,10.97,60.65,,1.7
"2025-11-02 22:41:17",1041,844,89060,0,,10.9,5.6,10.93,60.65,,1.7
"2025-11-02 22:41:18",1043,846,89042,-38.229287,-72.692287,9.55,14.2,10.92,60.65,17.75,1.7
"2025-11-02 22:41:19",1045,848,89020,0,,11.3,4.3,10.91,60.65,,1.8
"2025-11-02 22:41:20",1047,850,89000,0,,8.85,15.1,10.9,60.65,,1.8
"2025-11-02 22:41:21",1048,851,88980,-38.229013,-72.692235,11.5,3.1,10.88,60.65,,1.9
"2025-11-02 22:41:22",1050,853,88961,0,,,,10.88,60.6,,1.9
"2025-11-02 22:41:23",1052,855,88941,0,,,,10.88,60.6,,1.9
"2025-11-02 22:41:24",1054,857,88922,0,,,,10.87,60.55,,1.8
"2025-11-02 22:41:25",1056,859,88897,0,,11.1,4.1,10.85,60.6,,1.9
"2025-11-02 22:41:26",1058,861,88873,0,,10.75,11.2,10.82,60.65,,1.9
"2025-11-02 22:41:27",1061,864,88850,-38.228457,-72.692143,10.55,2.3,10.81,60.75,,1.9
"2025-11-02 22:41:28",1063,866,88828,0,,10.05,10.7,10.8,60.75,,1.9
"2025-11-02 22:41:29",1065,868,88807,0,,10.75,6.9,10.78,60.75,,2
"2025-11-02 22:41:30",1067,870,88786,-38.228177,-72.692098,10.65,5.9,10.76,60.8,,2
"2025-11-02 22:41:31",1069,872,88764,0,,11.3,5.1,10.75,60.85,,2
"2025-11-02 22:41:32",1071,874,88743,0,,9.6,4.8,10.73,60.8,,2
"2025-11-02 22:41:33",1073,876,88722,-38.227888,-72.692068,11.05,3.4,10.71,60.8,,2
"2025-11-02 22:41:34",1074,877,88705,0,,9.35,5.6,10.7,60.85,,2
"2025-11-02 22:41:35",1076,879,88687,0,,11.35,4,10.67,60.9,,2
"2025-11-02 22:41:36",1078,881,88670,-38.227602,-72.692042,11.05,1.7,10.63,61,,2
"2025-11-02 22:41:38",1080,883,88649,0,,11.6,7.2,10.6,61.15,,1.9
"2025-11-02 22:41:39",1081,884,88631,0,,10.8,8.7,10.59,61.35,,1.9
"2025-11-02 22:41:40",1083,886,88614,-38.227303,-72.691995,10.65,6.7,10.55,61.55,,1.8
"2025-11-02 22:41:40",1084,887,88598,0,,10.5,9.6,10.51,61.7,,1.8
"2025-11-02 22:41:41",1086,889,88579,0,,11.4,7.4,10.49,61.85,,1.8
"2025-11-02 22:41:42",1088,891,88560,-38.227017,-72.691943,9.95,12.4,10.47,62,,1.8
"2025-11-02 22:41:44",1091,894,88527,0,,9.8,10.7,10.46,62.05,,1.7
"2025-11-02 22:41:45",1093,896,88512,-38.22674,-72.691877,11.25,11.9,10.46,61.95,17.5,1.7
"2025-11-02 22:41:46",1094,897,88494,0,,10.45,13.9,10.47,61.75,,1.7
"2025-11-02 22:41:47",1096,899,88477,0,,10.45,11.5,10.49,61.35,,1.7
"2025-11-02 22:41:48",1098,901,88460,-38.226463,-72.691795,9.95,17.5,10.51,60.85,,1.7
"2025-11-02 22:41:49",1099,902,88446,0,,11.05,12.6,10.54,60.35,,1.6
"2025-11-02 22:41:50",1100,903,88433,0,,10.2,15.3,10.57,59.7,,1.6
"2025-11-02 22:41:51",1101,904,88420,-38.226183,-72.691707,11.3,11.7,10.62,58.8,,1.6
"2025-11-02 22:41:53",1103,906,88402,0,,9.75,15,10.65,57.95,,1.5
"2025-11-02 22:41:54",1105,908,88385,0,,11.15,11.4,10.67,57.2,,1.5
"2025-11-02 22:41:55",1106,909,88368,-38.225913,-72.691623,8.95,17.8,10.71,56.65,,1.5
"2025-11-02 22:41:55",1107,910,88354,0,,11.3,9.7,10.73,56.3,,1.5
"2025-11-02 22:41:56",1109,912,88340,0,,9.1,21,10.73,56.1,,1.5
"2025-11-02 22:41:57",1110,913,88326,-38.225648,-72.691533,10.8,10.8,10.72,55.9,,1.5
"2025-11-02 22:41:58",1112,915,88308,0,,9.75,23.3,10.74,55.75,,1.5
"2025-11-02 22:41:59",1114,917,88291,0,,10.25,8.2,10.74,55.6,,1.5
"2025-11-02 22:42:00",1115,918,88274,-38.225388,-72.691442,9.6,19.5,10.74,55.45,,1.5
"2025-11-02 22:42:01",1117,920,88259,0,,10.15,11.4,10.75,55.25,,1.5
"2025-11-02 22:42:02",1118,921,88244,0,,11,20.5,10.74,55.05,,1.5
"2025-11-02 22:42:03",1119,922,88230,-38.225118,-72.69134,10.5,13,10.74,54.85,,1.5
"2025-11-02 22:42:04",1121,924,88214,0,,10.15,19.3,10.74,54.65,,1.5
"2025-11-02 22:42:05",1122,925,88199,0,,10.6,14,10.74,54.3,,1.5
"2025-11-02 22:42:06",1124,927,88184,-38.224845,-72.691245,10.9,13.9,10.74,53.85,,1.5
"2025-11-02 22:42:07",1125,928,88166,0,,10.45,17.2,10.75,53.4,,1.5
"2025-11-02 22:42:08",1127,930,88149,0,,9.65,19.8,10.75,53.05,,1.5
"2025-11-02 22:42:09",1129,932,88132,-38.224582,-72.691143,10.6,13.7,10.75,52.9,,1.5
"2025-11-02 22:42:10",1130,933,88117,0,,9.25,12,10.75,52.9,,1.5
"2025-11-02 22:42:11",1131,934,88102,0,,10.7,15.6,10.72,52.85,,1.5
"2025-11-02 22:42:12",1133,936,88088,-38.224315,-72.691062,10.15,10,10.71,52.9,17.75,1.5
"2025-11-02 22:42:15",1138,941,88034,-38.224063,-72.690977,10.35,14.8,10.67,52.95,,1.5
"2025-11-02 22:42:16",1140,943,88009,0,,8.25,16.4,10.65,53.1,,1.6
"2025-11-02 22:42:17",1143,946,87985,0,,9.45,11.4,10.63,53.15,,1.7
"2025-11-02 22:42:18",1145,948,87962,-38.223823,-72.690903,8.8,14.1,10.61,53.25,,1.7
"2025-11-02 22:42:19",1147,950,87940,0,,9.7,12.7,10.59,53.3,,1.8
"2025-11-02 22:42:20",1149,952,87919,0,,8.25,21.3,10.56,53.45,,1.8
"2025-11-02 22:42:21",1151,954,87898,-38.223587,-72.690818,9.75,13.5,10.52,53.65,,1.8
"2025-11-02 22:42:22",1153,956,87874,0,,8.65,17.9,10.51,53.8,,1.9
"2025-11-02 22:42:23",1155,958,87851,0,,8.8,13.9,10.5,54,,2
"2025-11-02 22:42:24",1158,961,87828,-38.223352,-72.690742,8.95,13.5,10.47,54.15,,2
"2025-11-02 22:42:25",1160,963,87803,0,,9.2,22,10.44,54.25,,2.1
"2025-11-02 22:42:26",1162,965,87779,0,,8.4,20,10.42,54.4,,2.1
"2025-11-02 22:42:27",1164,967,87756,-38.223132,-72.690643,7.85,18.1,10.37,54.6,,2.2
"2025-11-02 22:42:28",1166,969,87734,0,,8.7,21.5,10.34,54.9,,2.2
"2025-11-02 22:42:29",1168,971,87713,0,,8.85,19.4,10.32,55.15,,2.2
"2025-11-02 22:42:30",1171,974,87692,-38.222917,-72.690542,8.15,22,10.31,55.35,,2.1
"2025-11-02 22:42:31",1172,975,87672,0,,7.7,20,10.28,55.45,,2.1
"2025-11-02 22:42:32",1174,977,87653,0,,8.85,17.7,10.27,55.55,,2.1
"2025-11-02 22:42:33",1176,979,87634,-38.222708,-72.690452,8.1,19.2,10.23,55.7,,2.1
"2025-11-02 22:42:34",1178,981,87614,0,,9.15,21.1,10.21,55.85,,2.1
"2025-11-02 22:42:35",1180,983,87594,0,,8.5,16.8,10.18,56,,2
"2025-11-02 22:42:36",1182,985,87574,-38.222485,-72.690355,9.1,18.8,10.17,56.1,,2
"2025-11-02 22:42:37",1184,987,87552,0,,8.3,25,10.16,56.1,,2
"2025-11-02 22:42:38",1186,989,87530,0,,8.65,16.2,10.16,56.1,,2
"2025-11-02 22:42:39",1188,991,87508,-38.222267,-72.690252,8.95,19.1,10.16,56,17.75,2
"2025-11-02 22:42:41",1192,995,87469,0,,8.85,15.4,10.13,55.75,,1.9
"2025-11-02 22:42:42",1194,997,87450,-38.222038,-72.690162,9.25,20.2,10.13,55.6,,1.9
"2025-11-02 22:42:45",1198,1001,87406,-38.221805,-72.690055,9.35,23.4,10.13,55.2,,1.8
"2025-11-02 22:42:47",1200,1003,87380,0,,9.65,15.7,10.11,54.9,,1.7
"2025-11-02 22:42:48",1201,1004,87368,-38.221573,-72.689952,8.75,18.8,10.08,54.85,,1.7
"2025-11-02 22:42:50",1204,1007,87343,0,,8.35,17.5,10.07,54.7,,1.5
"2025-11-02 22:42:51",1205,1008,87332,-38.221347,-72.689848,9.55,20.2,10.06,54.6,,1.4
"2025-11-02 22:42:53",1208,1011,87302,0,,9.3,22.8,10.04,54.55,,1.3
"2025-11-02 22:42:54",1209,1012,87288,-38.221118,-72.689742,8.65,23.8,10.04,54.5,,1.3
"2025-11-02 22:42:56",1211,1014,87262,0,,7.95,23.1,10.03,54.4,,1.3
"2025-11-02 22:42:57",1213,1016,87250,-38.220905,-72.689607,9.1,28.4,10.03,54.4,,1.2
"2025-11-02 22:42:59",1215,1018,87222,0,,8.85,21.3,10,54.4,,1.3
"2025-11-02 22:43:00",1217,1020,87208,-38.220692,-72.68949,8.6,21.3,9.99,54.45,,1.3
"2025-11-02 22:43:01",1218,1021,87195,0,,9.2,26.2,9.98,54.5,,1.3
"2025-11-02 22:43:02",1219,1022,87182,0,,8.9,26.4,9.98,54.5,,1.3
"2025-11-02 22:43:03",1220,1023,87170,-38.220472,-72.68936,8.9,22.9,9.97,54.45,,1.3
"2025-11-02 22:43:05",1223,1026,87143,0,,9.45,27.6,9.97,54.3,,1.3
"2025-11-02 22:43:06",1224,1027,87130,-38.220253,-72.68923,8.85,30.6,9.96,54.3,17.75,1.3
"2025-11-02 22:43:07",1226,1029,87113,0,,9.2,26.8,9.95,54.35,,1.3
"2025-11-02 22:43:08",1227,1030,87096,0,,9.05,24,9.95,54.35,,1.3
"2025-11-02 22:43:09",1229,1032,87080,-38.220037,-72.68909,8.75,28.3,9.93,54.3,,1.3
"2025-11-02 22:43:10",1230,1033,87068,0,,8.95,30.2,9.93,54.25,,1.3
"2025-11-02 22:43:11",1231,1034,87057,0,,8.8,29.9,9.92,54.2,,1.3
"2025-11-02 22:43:12",1232,1035,87046,-38.219827,-72.688945,8.95,23.8,9.92,54.15,,1.3
"2025-11-02 22:43:14",1235,1038,87015,0,,9.35,26.6,9.93,54.05,,1.3
"2025-11-02 22:43:15",1237,1040,87000,-38.219607,-72.688807,8.65,30,9.92,54,,1.3
"2025-11-02 22:43:16",1238,1041,86984,0,,8.4,25.4,9.92,53.9,,1.4
"2025-11-02 22:43:17",1240,1043,86968,0,,8.55,29.8,9.92,53.75,,1.4
"2025-11-02 22:43:18",1241,1044,86952,-38.219403,-72.688673,8.6,22.5,9.93,53.45,,1.4
"2025-11-02 22:43:19",1243,1046,86936,0,,8.35,26.3,9.95,53.05,,1.4
"2025-11-02 22:43:20",1244,1047,86922,0,,9.2,28.4,9.96,52.55,,1.4
"2025-11-02 22:43:21",1245,1048,86908,-38.219193,-72.688542,8.35,26.5,9.97,52.05,,1.4
"2025-11-02 22:43:22",1247,1050,86892,0,,9.65,29.6,9.99,51.55,,1.4
"2025-11-02 22:43:23",1248,1051,86877,0,,8.7,26.4,10,51.15,,1.4
"2025-11-02 22:43:24",1250,1053,86862,-38.218975,-72.688402,9,24.7,10,50.8,,1.5
"2025-11-02 22:43:25",1252,1055,86842,0,,8.35,22.7,10,50.55,,1.5
"2025-11-02 22:43:26",1254,1057,86823,0,,8.75,28.6,10,50.35,,1.5
"2025-11-02 22:43:27",1255,1058,86804,-38.218765,-72.68827,8.85,30.6,10.01,50.2,,1.6
"2025-11-02 22:43:28",1257,1060,86788,0,,8.8,28.5,10.01,49.95,,1.6
"2025-11-02 22:43:29",1259,1062,86772,0,,8.2,30.1,10.02,49.7,,1.6
"2025-11-02 22:43:30",1260,1063,86756,-38.218558,-72.688128,9,23.5,10.04,49.25,,1.6
"2025-11-02 22:43:31",1262,1065,86739,0,,8.35,23.8,10.05,48.85,,1.6
"2025-11-02 22:43:32",1263,1066,86722,0,,9.05,31.2,10.06,48.3,,1.6
"2025-11-02 22:43:33",1265,1068,86706,-38.218348,-72.687992,8.4,27,10.08,47.8,18,1.6
"2025-11-02 22:43:34",1266,1069,86692,0,,8.05,24.4,10.13,47.25,,1.6
"2025-11-02 22:43:35",1267,1070,86679,0,,8.05,28,10.16,46.45,,1.6
"2025-11-02 22:43:36",1269,1072,86666,-38.218153,-72.687868,8.25,28.2,10.21,45.35,,1.6
"2025-11-02 22:43:37",1270,1073,86649,0,,8.65,22.1,10.27,44.2,,1.6
"2025-11-02 22:43:38",1272,1075,86631,0,,7.9,21.5,10.31,43.25,,1.6
"2025-11-02 22:43:39",1274,1077,86614,-38.217948,-72.687757,8.25,23.6,10.35,42.35,,1.6
"2025-11-02 22:43:40",1275,1078,86598,0,,7,18.1,10.38,41.5,,1.5
"2025-11-02 22:43:41",1277,1080,86583,0,,8.85,23.3,10.41,40.85,,1.5
"2025-11-02 22:43:42",1278,1081,86568,-38.217753,-72.687657,7.2,24.6,10.43,40.15,,1.5
"2025-11-02 22:43:44",1281,1084,86540,0,,7.35,21.4,10.48,39.15,,1.5
"2025-11-02 22:43:45",1282,1085,86526,-38.217557,-72.68754,8.4,28,10.5,38.7,,1.5
"2025-11-02 22:43:46",1284,1087,86510,0,,7.4,16.7,10.51,38.2,,1.5
"2025-11-02 22:43:47",1285,1088,86495,0,,8.1,28.2,10.51,37.8,,1.5
"2025-11-02 22:43:48",1287,1090,86480,-38.217363,-72.687432,7.55,24.4,10.52,37.45,,1.5
"2025-11-02 22:43:49",1288,1091,86467,0,,8.25,29.7,10.54,37.15,,1.5
"2025-11-02 22:43:50",1289,1092,86455,0,,7,21.4,10.55,36.85,,1.4
"2025-11-02 22:43:51",1290,1093,86444,-38.217178,-72.687313,7.95,28.9,10.56,36.6,,1.4
"2025-11-02 22:43:52",1292,1095,86430,0,,7.35,24.6,10.57,36.35,,1.4
"2025-11-02 22:43:53",1293,1096,86416,0,,7.85,28.5,10.56,36.15,,1.3
"2025-11-02 22:43:54",1294,1097,86402,-38.216997,-72.68719,7.4,31.3,10.57,36.1,,1.3
"2025-11-02 22:43:55",1295,1098,86390,0,,8.55,27.7,10.59,35.95,,1.3
"2025-11-02 22:43:56",1296,1099,86379,0,,7.9,27.3,10.59,35.85,,1.3
"2025-11-02 22:43:57",1298,1101,86368,-38.216802,-72.687062,8.05,23.7,10.59,35.75,,1.3
"2025-11-02 22:43:58",1299,1102,86356,0,,8.45,28.7,10.59,35.6,,1.2
"2025-11-02 22:43:59",1300,1103,86344,0,,6.95,26.3,10.59,35.55,,1.2
"2025-11-02 22:44:00",1301,1104,86332,-38.216615,-72.686935,7.6,31.8,10.58,35.45,18,1.2
"2025-11-02 22:44:01",1302,1105,86319,0,,7.6,22.8,10.58,35.35,,1.2
"2025-11-02 22:44:02",1303,1106,86307,0,,8.25,27.5,10.58,35.35,,1.2
"2025-11-02 22:44:03",1305,1108,86296,-38.216425,-72.686815,8.05,24.2,10.56,35.3,,1.2
"2025-11-02 22:44:07",1309,1112,86247,0,,7.75,25.5,10.55,35.1,,1.1
"2025-11-02 22:44:08",1310,1113,86235,0,,7.1,26.3,10.54,35.1,,1.2
"2025-11-02 22:44:09",1311,1114,86224,-38.216058,-72.686583,7.75,24.4,10.55,35.05,,1.2
"2025-11-02 22:44:10",1313,1116,86208,0,,6.85,24.5,10.52,34.95,,1.2
"2025-11-02 22:44:11",1315,1118,86192,0,,8.2,27.3,10.51,34.95,,1.2
"2025-11-02 22:44:12",1316,1119,86176,-38.215873,-72.686473,7.15,22.5,10.51,34.9,,1.3
"2025-11-02 22:44:14",1319,1122,86142,0,,7.3,29.2,10.48,34.9,,1.3
"2025-11-02 22:44:15",1321,1124,86126,-38.215688,-72.686363,8.05,26.1,10.48,34.85,,1.4
"2025-11-02 22:44:16",1323,1126,86106,0,,8,27.6,10.48,34.8,,1.4
"2025-11-02 22:44:17",1325,1128,86087,0,,8.35,27.8,10.48,34.8,,1.4
"2025-11-02 22:44:18",1327,1130,86068,-38.215497,-72.686242,7.25,22.2,10.49,34.75,,1.5
"2025-11-02 22:44:19",1328,1131,86050,0,,7.5,19.5,10.48,34.8,,1.6
"2025-11-02 22:44:20",1330,1133,86034,0,,6.9,26.1,10.47,34.7,,1.6
"2025-11-02 22:44:21",1331,1134,86018,-38.215315,-72.68614,8.15,23.7,10.46,34.65,,1.7
"2025-11-02 22:44:22",1333,1136,85999,0,,7.05,19.2,10.45,34.6,,1.7
"2025-11-02 22:44:23",1335,1138,85979,0,,7.55,25,10.43,34.55,,1.7
"2025-11-02 22:44:24",1337,1140,85960,-38.215133,-72.686037,7.2,28.3,10.41,34.5,,1.7
"2025-11-02 22:44:25",1339,1142,85936,0,,7.6,24.8,10.38,34.45,,1.8
"2025-11-02 22:44:26",1342,1145,85913,0,,6.7,22.3,10.37,34.4,,1.9
"2025-11-02 22:44:27",1344,1147,85890,-38.214957,-72.685937,7.3,22.9,10.34,34.35,17.75,1.9
"2025-11-02 22:44:28",1346,1149,85872,0,,7.2,18.2,10.33,34.35,,1.9
"2025-11-02 22:44:29",1347,1150,85855,0,,7.25,22.6,10.32,34.35,,1.9
"2025-11-02 22:44:30",1349,1152,85838,-38.21477,-72.685843,8.05,26.8,10.31,34.35,,1.9
"2025-11-02 22:44:31",1351,1154,85813,0,,7.4,22.2,10.29,34.3,,1.9
"2025-11-02 22:44:32",1354,1157,85789,0,,7.85,25.6,10.29,34.3,,2
"2025-11-02 22:44:33",1356,1159,85766,-38.214583,-72.685737,6.65,25.2,10.27,34.3,,2
"2025-11-02 22:44:34",1358,1161,85744,0,,8.1,21.1,10.25,34.3,,2.1
"2025-11-02 22:44:35",1360,1163,85723,0,,6.05,20.1,10.22,34.3,,2.1
"2025-11-02 22:44:36",1362,1165,85702,-38.214403,-72.685645,7.85,21.6,10.2,34.25,,2.1
"2025-11-02 22:44:38",1364,1167,85682,0,,6.4,16.1,10.17,34.2,,2.1
"2025-11-02 22:44:39",1366,1169,85663,0,,7.8,23.5,10.16,34.2,,2
"2025-11-02 22:44:40",1368,1171,85644,-38.214223,-72.685558,6.3,20.8,10.15,34.2,,2
"2025-11-02 22:44:40",1370,1173,85624,0,,,,10.15,34.2,,2
"2025-11-02 22:44:41",1372,1175,85602,0,,,,10.14,34.2,,2
"2025-11-02 22:44:42",1374,1177,85580,0,,,,10.11,34.2,,2.1
"2025-11-02 22:44:44",1379,1182,85530,0,,6.7,26.3,10.06,34.15,,2.1
"2025-11-02 22:44:45",1381,1184,85506,-38.213885,-72.685352,7.45,28.7,10.04,34.2,,2.1
"2025-11-02 22:44:46",1384,1187,85482,0,,6.45,17.8,10.02,34.2,,2.1
"2025-11-02 22:44:47",1386,1189,85458,0,,8,27.6,9.99,34.25,,2.1
"2025-11-02 22:44:48",1388,1191,85434,-38.213707,-72.685252,7.3,18.7,9.98,34.25,,2.2
"2025-11-02 22:44:49",1391,1194,85409,0,,7.6,29.4,9.96,34.25,,2.2
"2025-11-02 22:44:50",1393,1196,85385,0,,6.6,12.9,9.95,34.25,,2.2
"2025-11-02 22:44:51",1395,1198,85362,-38.213528,-72.685157,7.75,28.4,9.93,34.25,,2.3
"2025-11-02 22:44:52",1398,1201,85338,0,,6.55,12,9.91,34.2,,2.3
"2025-11-02 22:44:53",1400,1203,85314,0,,7.55,32.4,9.89,34.15,,2.3
"2025-11-02 22:44:54",1402,1205,85290,-38.213355,-72.685062,6.55,17,9.88,34.15,17.75,2.3
"2025-11-02 22:44:55",1405,1208,85265,0,,7.9,24.7,9.88,34.15,,2.3
"2025-11-02 22:44:56",1407,1210,85240,0,,6.35,16.4,9.86,34.15,,2.4
"2025-11-02 22:44:57",1410,1213,85216,-38.213175,-72.684975,7.9,29,9.84,34.15,,2.4
"2025-11-02 22:44:58",1412,1215,85185,0,,6.5,22,9.83,34.15,,2.4
"2025-11-02 22:44:59",1415,1218,85155,0,,7.5,27.5,9.81,34.2,,2.5
"2025-11-02 22:45:00",1418,1221,85126,-38.213003,-72.68487,6.15,24.2,9.78,34.2,,2.5
"2025-11-02 22:45:01",1421,1224,85096,0,,8.25,32.8,9.79,34.2,,2.5
"2025-11-02 22:45:02",1424,1227,85067,0,,6.75,21,9.77,34.2,,2.6
"2025-11-02 22:45:03",1427,1230,85038,-38.212832,-72.684757,7.5,30.6,9.74,34.15,,2.6
"2025-11-02 22:45:04",1430,1233,85011,0,,7.15,22.9,9.73,34.15,,2.7
"2025-11-02 22:45:05",1432,1235,84985,0,,7.75,26.4,9.71,34.15,,2.7
"2025-11-02 22:45:06",1435,1238,84960,-38.212655,-72.68465,6.55,28.3,9.69,34.15,,2.7
"2025-11-02 22:45:07",1437,1240,84931,0,,7.05,27.3,9.69,34.15,,2.7
"2025-11-02 22:45:08",1440,1243,84901,0,,6.95,26.6,9.69,34.15,,2.7
"2025-11-02 22:45:09",1443,1246,84872,-38.21249,-72.684543,6.95,25.2,9.67,34.15,,2.8
"2025-11-02 22:45:11",1449,1252,84817,0,,7.45,24.2,9.63,34.15,,2.8
"2025-11-02 22:45:12",1451,1254,84790,-38.212325,-72.68443,6.8,29.4,9.63,34.2,,2.7
"2025-11-02 22:45:15",1460,1263,84700,-38.21216,-72.684315,7.25,27.8,9.58,34.4,,2.8
"2025-11-02 22:45:17",1465,1268,84650,0,,6.8,24.3,9.55,34.45,,2.7
"2025-11-02 22:45:18",1467,1270,84626,-38.211997,-72.684193,6.3,33,9.54,34.5,,2.7
"2025-11-02 22:45:20",1474,1277,84561,0,,7.15,33.9,9.53,34.6,,2.8
"2025-11-02 22:45:21",1477,1280,84530,-38.211832,-72.684067,7.2,29,9.51,34.65,17.75,2.8
"2025-11-02 22:45:23",1481,1284,84484,0,,7,28.6,9.51,34.75,,2.7
"2025-11-02 22:45:24",1484,1287,84462,-38.21167,-72.683947,6.15,24.6,9.49,34.75,,2.7
"2025-11-02 22:45:26",1489,1292,84406,0,,6.65,30.4,9.45,34.8,,2.7
"2025-11-02 22:45:27",1492,1295,84378,-38.211515,-72.68383,7.45,32.4,9.42,34.85,,2.7
"2025-11-02 22:45:29",1497,1300,84327,0,,6.9,32,9.36,34.9,,2.6
"2025-11-02 22:45:30",1499,1302,84302,-38.211355,-72.683713,7.2,26.5,9.34,34.95,,2.7
"2025-11-02 22:45:32",1505,1308,84247,0,,6.15,29.7,9.34,34.95,,2.7
"2025-11-02 22:45:33",1507,1310,84220,-38.211193,-72.683595,7.1,35,9.33,35,,2.6
"2025-11-02 22:45:34",1510,1313,84190,0,,7,25.7,9.32,35,,2.6
"2025-11-02 22:45:35",1513,1316,84163,0,,7,30,9.31,35,,2.6
"2025-11-02 22:45:36",1516,1319,84136,-38.211023,-72.68348,7.4,27.4,9.28,35.05,,2.7
"2025-11-02 22:45:37",1519,1322,84107,0,,7.25,29.1,9.26,35.1,,2.7
"2025-11-02 22:45:38",1522,1325,84077,0,,7.3,28.9,9.25,35.1,,2.7
"2025-11-02 22:45:39",1524,1327,84048,-38.21085,-72.683358,6.95,30,9.21,35.1,,2.7
"2025-11-02 22:45:40",1527,1330,84021,0,,7.7,34.5,9.17,35.1,,2.7
"2025-11-02 22:45:41",1530,1333,83995,0,,6.3,31.3,9.16,35.1,,2.7
"2025-11-02 22:45:42",1532,1335,83970,-38.21069,-72.683227,7.3,34.4,9.14,35.1,,2.7
"2025-11-02 22:45:43",1535,1338,83945,0,,6.2,24.9,9.11,35.1,,2.7
"2025-11-02 22:45:44",1537,1340,83920,0,,8.05,34.6,9.09,35,,2.7
"2025-11-02 22:45:45",1540,1343,83896,-38.210527,-72.683107,6.5,27.9,9.07,34.95,,2.7
"2025-11-02 22:45:46",1542,1345,83869,0,,7.45,30.6,9.03,34.85,,2.7
"2025-11-02 22:45:47",1545,1348,83842,0,,7.4,28.5,9,34.85,,2.7
"2025-11-02 22:45:48",1547,1350,83816,-38.21036,-72.682982,7,37.3,8.98,34.8,17.75,2.7
"2025-11-02 22:45:49",1550,1353,83792,0,,7.4,32.3,8.97,34.8,,2.6
"2025-11-02 22:45:50",1552,1355,83770,0,,7.5,38.9,8.94,34.75,,2.5
"2025-11-02 22:45:51",1554,1357,83748,-38.210197,-72.682838,7.55,29.1,8.93,34.75,,2.5
"2025-11-02 22:45:53",1559,1362,83696,0,,7.3,30.5,8.92,34.7,,2.5
"2025-11-02 22:45:54",1562,1365,83670,-38.210022,-72.68271,7.3,34.4,8.89,34.7,,2.5
"2025-11-02 22:45:55",1564,1367,83647,0,,7.9,28.5,8.89,34.7,,2.5
"2025-11-02 22:45:56",1566,1369,83625,0,,7.25,33.7,8.87,34.7,,2.4
"2025-11-02 22:45:57",1568,1371,83604,-38.209847,-72.682582,7.45,27.5,8.84,34.7,,2.4
"2025-11-02 22:45:58",1571,1374,83578,0,,7.2,34.4,8.83,34.7,,2.4
"2025-11-02 22:45:59",1574,1377,83552,0,,8.2,28.9,8.85,34.65,,2.4
"2025-11-02 22:46:00",1576,1379,83526,-38.209672,-72.682443,7.4,37.7,8.86,34.5,,2.4
"2025-11-02 22:46:01",1579,1382,83500,0,,7.4,27.5,8.83,34.4,,2.4
"2025-11-02 22:46:02",1581,1384,83477,0,,7.75,33.5,8.81,34.3,,2.4
"2025-11-02 22:46:03",1583,1386,83454,-38.2095,-72.682305,7.6,32.7,8.8,34.2,,2.4
"2025-11-02 22:46:04",1586,1389,83431,0,,8,38.2,8.78,34.1,,2.4
"2025-11-02 22:46:05",1588,1391,83407,0,,7.45,29.8,8.77,34,,2.4
"2025-11-02 22:46:06",1590,1393,83384,-38.20933,-72.682158,7.45,34.4,8.74,33.95,,2.4
"2025-11-02 22:46:07",1593,1396,83361,0,,7.4,31,8.7,33.95,,2.4
"2025-11-02 22:46:08",1595,1398,83339,0,,7.55,38,8.69,33.9,,2.4
"2025-11-02 22:46:09",1597,1400,83318,-38.209165,-72.682012,7.3,35,8.69,33.85,,2.4
"2025-11-02 22:46:10",1599,1402,83298,0,,7.95,32.8,8.67,33.8,,2.3
"2025-11-02 22:46:11",1601,1404,83278,0,,7.8,32.7,8.64,33.8,,2.3
"2025-11-02 22:46:12",1603,1406,83258,-38.208988,-72.68187,7.6,30,8.6,33.8,,2.2
"2025-11-02 22:46:15",1610,1413,83188,-38.208825,-72.68173,7.05,35.7,8.52,33.8,17.75,2.2
"2025-11-02 22:46:16",1612,1415,83168,0,,7.85,32.2,8.51,33.8,,2.2
"2025-11-02 22:46:17",1614,1417,83148,0,,7.85,34.2,8.49,33.75,,2.2
"2025-11-02 22:46:18",1616,1419,83128,-38.208648,-72.681583,7.9,33.3,8.47,33.8,,2.1
"2025-11-02 22:46:19",1618,1421,83107,0,,7.9,36.8,8.45,33.8,,2.1
"2025-11-02 22:46:20",1620,1423,83087,0,,7,28.3,8.43,33.85,,2.1
"2025-11-02 22:46:21",1622,1425,83068,-38.208477,-72.681443,7.85,33.5,8.4,33.85,,2.1
"2025-11-02 22:46:22",1624,1427,83050,0,,7.9,33.8,8.39,33.85,,2.1
"2025-11-02 22:46:23",1625,1428,83033,0,,7.9,37,8.31,33.85,,2
"2025-11-02 22:46:24",1627,1430,83016,-38.208303,-72.681292,6.85,32.6,8.31,33.9,,2
"2025-11-02 22:46:26",1630,1433,82990,0,,7.6,35.9,8.3,33.95,,2
"2025-11-02 22:46:27",1632,1435,82969,0,,7.2,27.9,8.3,33.9,,2
"2025-11-02 22:46:28",1634,1437,82948,-38.208135,-72.681157,7.85,32.8,8.3,33.95,,2
"2025-11-02 22:46:28",1635,1438,82932,0,,7.35,30.8,8.3,33.9,,2
"2025-11-02 22:46:29",1637,1440,82912,0,,8.35,30.4,8.3,33.95,,2
"2025-11-02 22:46:30",1639,1442,82892,-38.207958,-72.681023,6.8,33.4,8.3,33.95,,2
"2025-11-02 22:46:31",1642,1445,82870,0,,7.7,32.3,8.29,34,,2
"2025-11-02 22:46:32",1644,1447,82850,0,,7.6,29.6,8.29,34,,2
"2025-11-02 22:46:33",1646,1449,82830,-38.207782,-72.680892,7.65,29.2,8.29,34.05,,2
"2025-11-02 22:46:34",1648,1451,82808,0,,7.2,35.6,8.25,34.05,,2
"2025-11-02 22:46:35",1650,1453,82787,0,,7.55,27.6,8.23,34.1,,2
"2025-11-02 22:46:36",1652,1455,82766,-38.207608,-72.680762,7.55,31.3,8.22,34.1,,2.1
"2025-11-02 22:46:37",1654,1457,82751,0,,7.8,27.5,8.21,34.1,,2
"2025-11-02 22:46:38",1655,1458,82735,0,,6.9,36.6,8.19,34.15,,2
"2025-11-02 22:46:39",1657,1460,82720,-38.207433,-72.680633,7.85,23.5,8.2,34.15,,2
"2025-11-02 22:46:40",1659,1462,82699,0,,7.2,37,8.2,34.15,,1.9
"2025-11-02 22:46:41",1661,1464,82678,0,,7.65,28.3,8.18,34.15,,1.9
"2025-11-02 22:46:42",1663,1466,82658,-38.207262,-72.680497,7.65,36.6,8.15,34.2,17.75,2
"2025-11-02 22:46:43",1665,1468,82640,0,,7.65,24.3,8.15,34.25,,1.9
"2025-11-02 22:46:44",1666,1469,82623,0,,7.35,29.1,8.13,34.25,,1.9
"2025-11-02 22:46:45",1668,1471,82606,-38.20708,-72.68037,8,28.2,8.11,34.3,,1.9
"2025-11-02 22:46:47",1672,1475,82567,0,,6.7,27.2,8.09,34.25,,1.9
"2025-11-02 22:46:48",1674,1477,82548,-38.206905,-72.680247,7.9,28.2,8.07,34.3,,1.9
"2025-11-02 22:46:49",1676,1479,82527,0,,7,24.2,8.06,34.3,,1.8
"2025-11-02 22:46:50",1678,1481,82507,0,,6.95,29.5,8.04,34.3,,1.9
"2025-11-02 22:46:51",1680,1483,82488,-38.206732,-72.680133,7.5,27.9,8.01,34.35,,1.9
"2025-11-02 22:46:52",1681,1484,82475,0,,7.5,29.9,7.99,34.35,,1.9
"2025-11-02 22:46:53",1682,1485,82462,0,,7.4,23.8,7.98,34.35,,1.8
"2025-11-02 22:46:54",1684,1487,82450,-38.206553,-72.680018,7.15,24.7,7.96,34.4,,1.7
"2025-11-02 22:46:55",1686,1489,82428,0,,7.15,28.3,7.95,34.4,,1.8
"2025-11-02 22:46:56",1688,1491,82407,0,,7.15,27.4,7.93,34.4,,1.8
"2025-11-02 22:46:57",1690,1493,82386,-38.206378,-72.679907,7.7,25.6,7.92,34.45,,1.8
"2025-11-02 22:46:58",1692,1495,82368,0,,7.4,25.2,7.91,34.45,,1.8
"2025-11-02 22:46:59",1694,1497,82351,0,,7.55,26.8,7.91,34.45,,1.8
"2025-11-02 22:47:00",1695,1498,82334,-38.206198,-72.679797,6.7,29.1,7.89,34.5,,1.8
"2025-11-02 22:47:04",1702,1505,82266,0,,7.75,27.1,7.88,34.55,,1.8
"2025-11-02 22:47:05",1704,1507,82249,0,,6.8,35.4,7.89,34.6,,1.8
"2025-11-02 22:47:06",1706,1509,82232,-38.205855,-72.67956,7.45,27.3,7.89,34.6,,1.8
"2025-11-02 22:47:08",1708,1511,82205,0,,7.2,26.8,7.86,34.6,,1.7
"2025-11-02 22:47:09",1710,1513,82192,-38.205688,-72.679443,7.2,29,7.88,34.65,17.75,1.7
"2025-11-02 22:47:16",1721,1524,82084,0,,7.75,30.5,7.71,34.65,,1.6
"2025-11-02 22:47:17",1722,1525,82069,0,,6.95,34,7.7,34.65,,1.5
"2025-11-02 22:47:18",1724,1527,82054,-38.205177,-72.679068,7.55,27,7.67,34.7,,1.5
"2025-11-02 22:47:25",1732,1535,81968,0,,6.35,30.2,7.68,34.7,,1.4
"2025-11-02 22:47:26",1733,1536,81956,0,,7.25,31.4,7.7,34.7,,1.4
"2025-11-02 22:47:27",1735,1538,81944,-38.204675,-72.678715,7.25,33.1,7.75,34.65,,1.4
"2025-11-02 22:47:51",1764,1567,81654,-38.203335,-72.677833,6.8,34.9,7.45,34.55,,1.2
"2025-11-02 22:48:04",1776,1579,81534,0,,6.5,38.2,7.5,34.4,,0.9
"2025-11-02 22:48:05",1777,1580,81525,0,,6.35,34.3,7.52,34.3,,0.9
"2025-11-02 22:48:06",1778,1581,81516,-38.202562,-72.677192,7.15,39.2,7.55,34.25,,0.9
"2025-11-02 22:48:30",1795,1598,81348,-38.20164,-72.675925,6.3,44.1,8.27,30.8,17.25,0.7
"2025-11-02 22:48:37",1800,1603,81301,0,,6.25,53.7,8.3,30.15,,0.7
"2025-11-02 22:48:38",1800,1603,81294,0,,6.15,49.4,8.3,30.05,,0.7
"2025-11-02 22:48:39",1801,1604,81288,-38.201315,-72.675395,6.3,45.9,8.3,29.95,,0.7
"2025-11-02 22:49:12",1811,1614,81196,-38.200107,-72.673558,6.7,54.4,8.44,28.15,,0.3
"2025-11-02 22:49:14",1811,1614,81193,0,,7.3,48.8,8.45,28.1,,0.3
"2025-11-02 22:49:15",1811,1614,81192,-38.19999,-72.673387,5.5,49.5,8.47,28.05,,0.3
"2025-11-02 22:49:16",1811,1614,81188,0,,6.9,50.1,8.45,28,,0.3
"2025-11-02 22:49:17",1812,1615,81185,0,,6.45,50.6,8.45,27.95,,0.3
"2025-11-02 22:49:18",1812,1615,81182,-38.199875,-72.673217,7.05,47.9,8.48,27.9,,0.3
"2025-11-02 22:49:19",1812,1615,81178,0,,6,52.4,8.48,27.85,,0.3
"2025-11-02 22:49:20",1813,1616,81174,0,,7.1,47.9,8.5,27.85,,0.3
"2025-11-02 22:49:21",1813,1616,81170,-38.199762,-72.673043,6.45,51.4,8.51,27.8,,0.3
"2025-11-02 22:49:22",1813,1616,81168,0,,6.8,53,8.51,27.8,,0.3
"2025-11-02 22:49:23",1814,1617,81166,0,,6.6,50.8,8.5,27.75,,0.3
"2025-11-02 22:49:24",1814,1617,81164,-38.199647,-72.672862,7.3,49.5,8.5,27.7,17,0.3
"2025-11-02 22:49:25",1814,1617,81161,0,,6.15,51.2,8.51,27.7,,0.3
"2025-11-02 22:49:26",1814,1617,81158,0,,6.4,51.5,8.51,27.65,,0.3
"2025-11-02 22:49:27",1815,1618,81156,-38.199535,-72.672692,6.55,43.9,8.54,27.6,,0.3
"2025-11-02 22:49:29",1816,1619,81144,0,,6.3,46.3,8.55,27.55,,0.4
"2025-11-02 22:49:30",1816,1619,81138,-38.199415,-72.67253,6.7,52.2,8.55,27.5,,0.4
"2025-11-02 22:49:31",1817,1620,81137,0,,6.35,46.6,8.56,27.5,,0.4
"2025-11-02 22:49:32",1817,1620,81136,0,,6.85,54.9,8.57,27.5,,0.3
"2025-11-02 22:49:33",1817,1620,81136,-38.199303,-72.672357,6.4,47.4,8.57,27.45,,0.3
"2025-11-02 22:49:34",1817,1620,81130,0,,6.5,43.2,8.56,27.45,,0.3
"2025-11-02 22:49:35",1818,1621,81125,0,,6.5,50.2,8.55,27.4,,0.3
"2025-11-02 22:49:36",1818,1621,81120,-38.199183,-72.672195,6.5,47.4,8.54,27.35,,0.4
"2025-11-02 22:49:37",1819,1622,81116,0,,6.1,41.3,8.55,27.35,,0.4
"2025-11-02 22:49:38",1819,1622,81112,0,,6.6,45.9,8.54,27.35,,0.4
"2025-11-02 22:49:39",1820,1623,81108,-38.199058,-72.67204,6.85,44.4,8.52,27.3,,0.4
"2025-11-02 22:49:40",1820,1623,81103,0,,6.6,49.4,8.52,27.3,,0.4
"2025-11-02 22:49:41",1821,1624,81098,0,,5.9,43.1,8.54,27.3,,0.4
"2025-11-02 22:49:42",1821,1624,81094,-38.198942,-72.671875,7,55,8.52,27.3,,0.4
"2025-11-02 22:49:44",1822,1625,81083,0,,7.25,50.9,8.5,27.35,,0.4
"2025-11-02 22:49:45",1823,1626,81078,-38.198822,-72.671708,6.05,46.6,8.5,27.4,,0.5
"2025-11-02 22:49:46",1823,1626,81070,0,,6.45,51,8.49,27.4,,0.5
"2025-11-02 22:49:47",1824,1627,81063,0,,5.95,44.8,8.5,27.4,,0.5
"2025-11-02 22:49:48",1825,1628,81056,-38.198705,-72.671547,6.8,47.6,8.48,27.4,,0.5
"2025-11-02 22:49:50",1826,1629,81040,0,,6.65,44.5,8.44,27.45,,0.6
"2025-11-02 22:49:51",1827,1630,81032,-38.198582,-72.67138,6.3,46.7,8.44,27.5,16.75,0.6
"2025-11-02 22:49:52",1828,1631,81026,0,,5.95,40.8,8.43,27.55,,0.6
"2025-11-02 22:49:53",1828,1631,81021,0,,6.9,51.7,8.42,27.65,,0.6
"2025-11-02 22:49:54",1829,1632,81016,-38.198462,-72.671223,6.65,43.4,8.41,27.7,,0.7
"2025-11-02 22:49:55",1830,1633,81004,0,,6.55,47.7,8.4,27.8,,0.7
"2025-11-02 22:49:56",1831,1634,80994,0,,6.2,39.3,8.39,27.85,,0.8
"2025-11-02 22:49:57",1832,1635,80984,-38.198335,-72.67107,6.8,48.9,8.38,27.9,,0.8
"2025-11-02 22:49:58",1833,1636,80976,0,,6.65,47,8.38,27.95,,0.8
"2025-11-02 22:49:59",1834,1637,80968,0,,6,47,8.37,28,,0.8
"2025-11-02 22:50:00",1835,1638,80960,-38.198218,-72.670915,6.2,42.9,8.39,28.05,,0.8
"2025-11-02 22:50:01",1836,1639,80950,0,,6.55,49.1,8.39,28,,0.8
"2025-11-02 22:50:02",1837,1640,80940,0,,7,45.4,8.37,28.05,,0.8
"2025-11-02 22:50:03",1838,1641,80930,-38.198093,-72.670752,6.1,44.8,8.38,28.1,,0.9
"2025-11-02 22:50:04",1839,1642,80921,0,,6.15,42.1,8.35,28.1,,0.9
"2025-11-02 22:50:05",1839,1642,80913,0,,6.2,45.9,8.31,28.15,,0.9
"2025-11-02 22:50:06",1840,1643,80906,-38.197973,-72.6706,7.1,47.5,8.31,28.15,,0.9
"2025-11-02 22:50:07",1841,1644,80898,0,,6.55,40.4,8.31,28.2,,0.9
"2025-11-02 22:50:08",1842,1645,80891,0,,6.55,47.9,8.31,28.2,,0.9
"2025-11-02 22:50:09",1842,1645,80884,-38.197848,-72.670443,5.8,46.3,8.31,28.2,,0.9
"2025-11-02 22:50:11",1845,1648,80857,0,,6.55,43.2,8.3,28.2,,0.9
"2025-11-02 22:50:12",1847,1650,80844,-38.197723,-72.670278,6.7,46.6,8.3,28.15,,1
"2025-11-02 22:50:14",1848,1651,80830,0,,,,8.3,28.15,,0.9
"2025-11-02 22:50:15",1849,1652,80824,0,,,,8.3,28.15,,0.9
"2025-11-02 22:50:17",1851,1654,80796,0,,5.55,43.9,8.3,28.1,,1
"2025-11-02 22:50:18",1853,1656,80782,-38.197482,-72.669972,6.65,46.3,8.3,28.1,17,1.1
"2025-11-02 22:50:20",1855,1658,80759,0,,6.6,47.8,8.3,28.15,,1.1
"2025-11-02 22:50:21",1856,1659,80748,-38.197353,-72.669805,7.05,45.2,8.3,28.15,,1.2
"2025-11-02 22:50:23",1858,1661,80729,0,,6.25,41.1,8.3,28.15,,1.1
"2025-11-02 22:50:24",1859,1662,80720,-38.19723,-72.669648,6.55,47,8.3,28.25,,1.1
"2025-11-02 22:50:26",1862,1665,80692,0,,6.7,51.5,8.31,28.55,,1.1
"2025-11-02 22:50:27",1864,1667,80678,-38.197105,-72.669477,6.35,48.5,8.31,28.8,,1.2
"2025-11-02 22:50:29",1866,1669,80656,0,,6.55,46.4,8.3,29.25,,1.2
"2025-11-02 22:50:30",1867,1670,80646,-38.196985,-72.66931,6.3,51.9,8.3,29.55,,1.2
"2025-11-02 22:50:32",1870,1673,80612,0,,7.05,47.6,8.3,30.15,,1.2
"2025-11-02 22:50:33",1872,1675,80596,-38.19686,-72.669138,6.5,43.9,8.3,30.35,,1.3
"2025-11-02 22:50:34",1873,1676,80585,0,,6.45,50.8,8.3,30.45,,1.3
"2025-11-02 22:50:35",1874,1677,80575,0,,6.2,51.6,8.3,30.5,,1.3
"2025-11-02 22:50:36",1875,1678,80566,-38.196745,-72.668972,7.1,47.9,8.3,30.5,,1.3
"2025-11-02 22:50:37",1877,1680,80549,0,,6.85,48.3,8.3,30.5,,1.3
"2025-11-02 22:50:38",1879,1682,80532,0,,6.15,50.4,8.3,30.6,,1.4
"2025-11-02 22:50:39",1880,1683,80516,-38.196628,-72.668802,6.45,51.8,8.3,30.7,,1.4
"2025-11-02 22:50:40",1882,1685,80500,0,,6.45,45.1,8.3,30.85,,1.4
"2025-11-02 22:50:41",1883,1686,80485,0,,7.45,52.1,8.3,31,,1.4
"2025-11-02 22:50:42",1885,1688,80470,-38.196507,-72.668627,6.35,45,8.3,31.1,,1.5
"2025-11-02 22:50:44",1888,1691,80444,0,,6.5,47.4,8.3,31.1,,1.4
"2025-11-02 22:50:45",1889,1692,80432,-38.196393,-72.668452,7.25,49.6,8.29,31.1,17,1.4
"2025-11-02 22:50:46",1890,1693,80416,0,,5.7,47.3,8.3,31.05,,1.4
"2025-11-02 22:50:47",1892,1695,80401,0,,6.7,46.3,8.29,31,,1.5
"2025-11-02 22:50:48",1894,1697,80386,-38.196278,-72.668288,6.5,50.5,8.27,30.85,,1.5
"2025-11-02 22:50:49",1895,1698,80370,0,,7.15,47.9,8.27,30.75,,1.5
"2025-11-02 22:50:50",1897,1700,80356,0,,6,50.2,8.25,30.7,,1.5
"2025-11-02 22:50:51",1898,1701,80342,-38.196158,-72.668122,6.85,42.7,8.22,30.6,,1.5
"2025-11-02 22:50:55",1905,1708,80278,0,,6.7,42.7,8.18,30.2,,1.5
"2025-11-02 22:50:56",1906,1709,80262,0,,6.7,42.7,8.19,29.85,,1.5
"2025-11-02 22:50:57",1908,1711,80246,-38.195918,-72.66779,7.6,48,8.2,29.45,,1.6
"2025-11-02 22:50:58",1910,1713,80227,0,,6.55,47.6,8.2,29.15,,1.6
"2025-11-02 22:50:59",1912,1715,80208,0,,6.65,44,8.19,28.85,,1.7
"2025-11-02 22:51:00",1914,1717,80190,-38.195797,-72.667622,6.25,51,8.19,28.6,,1.7
"2025-11-02 22:51:01",1916,1719,80174,0,,7,49.2,8.18,28.3,,1.7
"2025-11-02 22:51:02",1917,1720,80158,0,,6.75,51.1,8.19,28.1,,1.7
"2025-11-02 22:51:03",1919,1722,80142,-38.19568,-72.667443,6.85,52.3,8.16,27.85,,1.7
"2025-11-02 22:51:15",1941,1744,79928,-38.195192,-72.666803,6.5,48,7.91,26.6,,1.8
"2025-11-02 22:51:22",1954,1757,79800,0,,6.25,45.6,7.81,26.4,,1.9
"2025-11-02 22:51:23",1956,1759,79782,0,,5.9,48.1,7.81,26.4,,1.9
"2025-11-02 22:51:24",1958,1761,79764,-38.19482,-72.666338,7,45.6,7.81,26.4,,1.9
"2025-11-02 22:51:28",1966,1769,79689,0,,6.35,44.4,7.75,26.4,,1.9
"2025-11-02 22:51:29",1968,1771,79670,0,,6.2,47.8,7.71,26.35,,1.9
"2025-11-02 22:51:30",1970,1773,79652,-38.19457,-72.666018,6.25,45.5,7.69,26.4,,1.9
"2025-11-02 22:51:31",1972,1775,79631,0,,6.5,47.4,7.68,26.4,,1.9
"2025-11-02 22:51:32",1974,1777,79611,0,,6.85,47.5,7.65,26.4,,1.9
"2025-11-02 22:51:33",1976,1779,79592,-38.194447,-72.665855,6.85,40.9,7.63,26.4,,1.9
"2025-11-02 22:51:38",1987,1790,79486,0,,6.95,47.4,7.54,26.45,,2.1
"2025-11-02 22:51:39",1989,1792,79466,-38.194192,-72.66554,6.85,38,7.52,26.45,16.75,2.1
"2025-11-02 22:51:40",1991,1794,79449,0,,6,44.7,7.51,26.45,,2.1
"2025-11-02 22:51:41",1992,1795,79431,0,,6.45,40.7,7.49,26.5,,2.1
"2025-11-02 22:51:42",1994,1797,79414,-38.194063,-72.665392,6.8,48.7,7.47,26.55,,2.1
"2025-11-02 22:51:44",1999,1802,79370,0,,6.55,44.4,7.45,26.55,,2.1
"2025-11-02 22:51:45",2001,1804,79348,-38.193925,-72.66524,6.25,34.2,7.44,26.6,,2.1
"2025-11-02 22:51:49",2010,1813,79259,0,,6.5,41.7,7.39,26.7,,2.2
"2025-11-02 22:51:50",2013,1816,79237,0,,6.6,41.4,7.38,26.7,,2.2
"2025-11-02 22:51:51",2015,1818,79216,-38.193657,-72.664942,6.8,40.5,7.36,26.7,,2.2
"2025-11-02 22:51:52",2017,1820,79198,0,,7.1,43,7.36,26.65,,2.1
"2025-11-02 22:51:53",2019,1822,79181,0,,6.1,40.7,7.36,26.65,,2.1
"2025-11-02 22:51:54",2020,1823,79164,-38.193522,-72.66479,6.65,37.1,7.35,26.7,,2.1
"2025-11-02 22:51:55",2023,1826,79143,0,,6.65,43.4,7.34,26.7,,2.2
"2025-11-02 22:51:56",2025,1828,79122,0,,7.2,40.3,7.33,26.7,,2.1
"2025-11-02 22:51:57",2027,1830,79102,-38.193385,-72.664642,5.75,41,7.33,26.7,,2.1
"2025-11-02 22:51:58",2029,1832,79081,0,,7.25,42.7,7.32,26.7,,2.1
"2025-11-02 22:51:59",2031,1834,79060,0,,6.2,43,7.31,26.75,,2.1
"2025-11-02 22:52:00",2033,1836,79040,-38.193255,-72.664492,6.35,40.9,7.3,26.75,,2.1
"2025-11-02 22:52:01",2035,1838,79020,0,,6.45,44,7.29,26.75,,2.1
"2025-11-02 22:52:02",2037,1840,79001,0,,6.05,35.7,7.27,26.75,,2.1
"2025-11-02 22:52:03",2039,1842,78982,-38.193125,-72.664352,7.1,46.4,7.27,26.75,,2.1
"2025-11-02 22:52:04",2041,1844,78962,0,,6.3,41.1,7.26,26.75,,2.1
"2025-11-02 22:52:05",2043,1846,78942,0,,6.1,45.2,7.25,26.75,,2.1
"2025-11-02 22:52:06",2046,1849,78922,-38.193002,-72.664203,6.4,41.7,7.26,26.75,16.75,2.1
"2025-11-02 22:52:07",2048,1851,78896,0,,7.05,42,7.29,26.75,,2.1
"2025-11-02 22:52:08",2051,1854,78870,0,,6.05,41.3,7.27,26.75,,2.2
"2025-11-02 22:52:09",2054,1857,78844,-38.192872,-72.664057,6.4,42.3,7.27,26.75,,2.2
"2025-11-02 22:52:10",2056,1859,78823,0,,6.9,41.3,7.26,26.75,,2.2
"2025-11-02 22:52:11",2058,1861,78803,0,,6.15,45.7,7.24,26.75,,2.2
"2025-11-02 22:52:12",2060,1863,78784,-38.192742,-72.663903,6.35,43.5,7.23,26.8,,2.2
"2025-11-02 22:52:15",2066,1869,78730,-38.192618,-72.66377,5.95,35.7,7.2,26.9,,2.2
"2025-11-02 22:52:16",2068,1871,78708,0,,6.6,43.4,7.19,26.9,,2.2
"2025-11-02 22:52:17",2070,1873,78687,0,,6.2,48.6,7.18,26.95,,2.2
"2025-11-02 22:52:18",2072,1875,78666,-38.192493,-72.663618,6.3,42.1,7.17,27,,2.2
"2025-11-02 22:52:19",2074,1877,78646,0,,5.95,41.5,7.15,27,,2.2
"2025-11-02 22:52:20",2076,1879,78627,0,,6.6,42.7,7.12,27.05,,2.1
"2025-11-02 22:52:21",2078,1881,78608,-38.192367,-72.663472,6.45,47.1,7.09,27.1,,2.1
"2025-11-02 22:52:22",2081,1884,78585,0,,6.45,47.5,7.07,27.05,,2.1
"2025-11-02 22:52:23",2083,1886,78562,0,,5.85,42,7.05,27.1,,2.1
"2025-11-02 22:52:24",2086,1889,78540,-38.192252,-72.663325,5.85,45.4,7.04,27.15,,2.1
"2025-11-02 22:52:25",2088,1891,78518,0,,6.5,46.7,7.04,27.15,,2.1
"2025-11-02 22:52:26",2090,1893,78498,0,,6.7,46.6,7.03,27.2,,2.1
"2025-11-02 22:52:27",2092,1895,78478,-38.19213,-72.66317,6.15,39.8,7.01,27.2,,2.2
"2025-11-02 22:52:28",2094,1897,78457,0,,5.9,45.1,6.98,27.25,,2.2
"2025-11-02 22:52:29",2096,1899,78436,0,,6.4,50.2,7,27.25,,2.2
"2025-11-02 22:52:30",2099,1902,78416,-38.192013,-72.663018,6.4,44.8,6.98,27.25,,2.2
"2025-11-02 22:52:31",2101,1904,78398,0,,6.5,43.2,6.97,27.25,,2.2
"2025-11-02 22:52:32",2102,1905,78381,0,,6,52.1,6.95,27.3,,2.1
"2025-11-02 22:52:33",2104,1907,78364,-38.191897,-72.662858,6.9,48.2,6.92,27.3,16.5,2.1
"2025-11-02 22:52:34",2107,1910,78341,0,,6.1,50.4,6.9,27.3,,2.1
"2025-11-02 22:52:35",2109,1912,78318,0,,6.95,44,6.87,27.35,,2.1
"2025-11-02 22:52:36",2111,1914,78296,-38.191773,-72.662695,6.4,44.5,6.85,27.4,,2.1
"2025-11-02 22:52:37",2113,1916,78278,0,,6.3,48.2,6.82,27.45,,2.1
"2025-11-02 22:52:38",2115,1918,78261,0,,6.3,46.7,6.78,27.5,,2.1
"2025-11-02 22:52:39",2117,1920,78244,-38.191658,-72.662537,6.4,50.3,6.76,27.55,,2.1
"2025-11-02 22:52:41",2121,1924,78202,0,,6.05,45.1,6.73,27.7,,2.1
"2025-11-02 22:52:42",2123,1926,78182,-38.191542,-72.662383,6.85,44.1,6.74,27.8,,2.1
"2025-11-02 22:52:53",2146,1949,77963,0,,5.8,45.5,6.59,29.75,,2.1
"2025-11-02 22:52:54",2148,1951,77944,-38.191102,-72.661737,6.2,52.1,6.59,29.85,,2.1
"2025-11-02 22:52:56",2152,1955,77913,0,,6.9,48.3,6.53,30.1,,2
"2025-11-02 22:52:57",2153,1956,77898,-38.190992,-72.661573,6.25,48.5,6.51,30.25,,2
"2025-11-02 22:52:59",2158,1961,77852,0,,5.5,49.7,6.5,30.6,,2
"2025-11-02 22:53:00",2160,1963,77830,-38.190882,-72.661407,6.8,54.6,6.49,30.65,16.5,2.1
"2025-11-02 22:53:01",2162,1965,77813,0,,6.2,44.7,6.47,30.8,,2.1
"2025-11-02 22:53:02",2164,1967,77796,0,,7.05,53.3,6.47,30.95,,2
"2025-11-02 22:53:03",2166,1969,77780,-38.19077,-72.661237,5.65,49,6.47,31.15,,2
"2025-11-02 22:53:07",2173,1976,77715,0,,5.6,51.6,6.46,32.1,,1.9
"2025-11-02 22:53:08",2174,1977,77699,0,,6.8,56,6.45,32.25,,1.8
"2025-11-02 22:53:09",2176,1979,77684,-38.190553,-72.660893,6.4,45.2,6.44,32.4,,1.9
"2025-11-02 22:53:10",2178,1981,77659,0,,6.9,49.1,6.44,32.55,,1.9
"2025-11-02 22:53:11",2181,1984,77636,0,,5.9,54.3,6.45,32.6,,1.9
"2025-11-02 22:53:12",2183,1986,77614,-38.190445,-72.660718,6.8,56.2,6.45,32.7,,1.9
"2025-11-02 22:53:14",2187,1990,77578,0,,6.05,47.6,6.47,32.8,,1.9
"2025-11-02 22:53:15",2189,1992,77560,-38.190338,-72.660552,6.45,52.5,6.47,32.85,,1.9
"2025-11-02 22:53:19",2196,1999,77491,0,,5.95,56.8,6.51,32.85,,2
"2025-11-02 22:53:20",2198,2001,77474,0,,5.8,66.6,6.52,32.8,,2
"2025-11-02 22:53:21",2200,2003,77458,-38.190173,-72.660208,5.65,60.2,6.51,32.7,,2
"2025-11-02 22:53:22",2202,2005,77442,0,,5.85,65.8,6.52,32.6,,2
"2025-11-02 22:53:23",2203,2006,77426,0,,5.1,58.3,6.52,32.5,,1.9
"2025-11-02 22:53:24",2205,2008,77410,-38.190102,-72.660035,6.65,62.1,6.51,32.45,,1.9
"2025-11-02 22:53:26",2207,2010,77387,0,,6.2,57.7,6.5,32.35,,1.7
"2025-11-02 22:53:27",2209,2012,77376,-38.190017,-72.659865,5.7,61,6.5,32.3,16.5,1.6
"2025-11-02 22:53:28",2211,2014,77354,0,,6.7,57.8,6.5,32.25,,1.7
"2025-11-02 22:53:29",2213,2016,77333,0,,5.9,60.6,6.49,32.2,,1.7
"2025-11-02 22:53:30",2216,2019,77312,-38.18993,-72.659678,6.7,61.3,6.5,32.2,,1.8
"2025-11-02 22:53:31",2217,2020,77298,0,,5.8,65.9,6.47,32.2,,1.7
"2025-11-02 22:53:32",2218,2021,77284,0,,7,63.8,6.49,32.2,,1.7
"2025-11-02 22:53:33",2220,2023,77270,-38.189855,-72.659487,5.95,62.1,6.47,32.2,,1.7
"2025-11-02 22:53:34",2222,2025,77252,0,,5.7,60.3,6.47,32.15,,1.7
"2025-11-02 22:53:35",2224,2027,77235,0,,5.8,60.6,6.47,32.2,,1.7
"2025-11-02 22:53:36",2226,2029,77218,-38.189778,-72.659315,5.5,61.8,6.46,32.2,,1.7
"2025-11-02 22:53:37",2227,2030,77203,0,,6.4,69.4,6.43,32.25,,1.7
"2025-11-02 22:53:38",2229,2032,77189,0,,6,66.6,6.41,32.2,,1.7
"2025-11-02 22:53:39",2230,2033,77176,-38.189715,-72.659127,5.7,67.9,6.38,32.25,,1.8
"2025-11-02 22:53:40",2232,2035,77160,0,,4.85,61,6.36,32.3,,1.8
"2025-11-02 22:53:41",2233,2036,77144,0,,5.85,69,6.36,32.3,,1.7
"2025-11-02 22:53:42",2235,2038,77128,-38.189652,-72.658958,5.85,58.5,6.37,32.25,,1.7
"2025-11-02 22:53:44",2238,2041,77099,0,,5.8,61.1,6.34,32.25,,1.6
"2025-11-02 22:53:45",2240,2043,77086,-38.189585,-72.658777,5.45,66.3,6.32,32.2,,1.6
"2025-11-02 22:53:46",2241,2044,77075,0,,6.2,66.1,6.32,32.2,,1.6
"2025-11-02 22:53:47",2242,2045,77064,0,,5.3,76.7,6.31,32.2,,1.5
"2025-11-02 22:53:48",2243,2046,77054,-38.189527,-72.658595,5.9,61,6.3,32.2,,1.5
"2025-11-02 22:53:49",2244,2047,77041,0,,5.4,76.9,6.3,32.2,,1.5
"2025-11-02 22:53:50",2246,2049,77028,0,,6.1,63.9,6.28,32.2,,1.4
"2025-11-02 22:53:51",2247,2050,77016,-38.189465,-72.658417,5.45,62.6,6.27,32.2,,1.4
"2025-11-02 22:53:52",2249,2052,76998,0,,6.15,64.7,6.26,32.2,,1.4
"2025-11-02 22:53:53",2251,2054,76981,0,,6.35,65.3,6.26,32.2,,1.4
"2025-11-02 22:53:54",2253,2056,76964,-38.189395,-72.658227,6.25,67.2,6.24,32.2,16.75,1.5
"2025-11-02 22:53:55",2254,2057,76950,0,,5.95,67,6.23,32.2,,1.5
"2025-11-02 22:53:56",2256,2059,76937,0,,6.15,71,6.23,32.2,,1.4
"2025-11-02 22:53:57",2257,2060,76924,-38.189333,-72.658035,6.1,62.2,6.23,32.2,,1.4
"2025-11-02 22:53:58",2258,2061,76910,0,,6.25,63,6.26,32.2,,1.4
"2025-11-02 22:53:59",2260,2063,76896,0,,6.45,56.7,6.27,32.2,,1.5
"2025-11-02 22:54:00",2261,2064,76882,-38.18925,-72.657848,6.75,59.8,6.27,32.15,,1.5
"2025-11-02 22:54:01",2263,2066,76869,0,,6,67.8,6.27,32.15,,1.5
"2025-11-02 22:54:02",2264,2067,76856,0,,6,67.3,6.27,32.15,,1.5
"2025-11-02 22:54:03",2266,2069,76844,-38.18918,-72.657657,6.2,61.5,6.28,32.1,,1.5
"2025-11-02 22:54:04",2268,2071,76825,0,,6.5,64.5,6.26,32.1,,1.6
"2025-11-02 22:54:05",2270,2073,76806,0,,5.7,72.7,6.24,32.05,,1.6
"2025-11-02 22:54:06",2271,2074,76788,-38.189115,-72.657462,6.5,68.4,6.22,31.95,,1.6
"2025-11-02 22:54:07",2273,2076,76773,0,,5.25,72.9,6.19,31.9,,1.6
"2025-11-02 22:54:08",2275,2078,76758,0,,6.55,63.4,6.17,31.85,,1.6
"2025-11-02 22:54:09",2276,2079,76744,-38.189053,-72.657273,5.4,67.6,6.15,31.8,,1.6
"2025-11-02 22:54:10",2277,2080,76736,0,,5.9,70.7,6.13,31.8,,1.5
"2025-11-02 22:54:11",2278,2081,76728,0,,5.85,77.2,6.12,31.7,,1.5
"2025-11-02 22:54:12",2279,2082,76720,-38.18901,-72.657083,5.9,74.3,6.11,31.6,,1.4
"2025-11-02 22:54:14",2282,2085,76691,0,,6.25,70.9,6.12,31.3,,1.5
"2025-11-02 22:54:15",2283,2086,76678,-38.188953,-72.656898,5.55,67.7,6.12,31.2,,1.5
"2025-11-02 22:54:16",2284,2087,76666,0,,5.75,77.9,6.14,31.1,,1.5
"2025-11-02 22:54:17",2286,2089,76654,0,,5.25,70.8,6.15,31,,1.4
"2025-11-02 22:54:18",2287,2090,76642,-38.188907,-72.65671,6.6,72.2,6.12,30.95,,1.4
"2025-11-02 22:54:19",2288,2091,76637,0,,5,73.6,6.13,30.85,,1.2
"2025-11-02 22:54:20",2288,2091,76632,0,,5.75,72.8,6.12,30.75,,1.1
"2025-11-02 22:54:21",2289,2092,76628,-38.188862,-72.65653,5.05,74.5,6.12,30.65,16.75,1
"2025-11-02 22:54:22",2290,2093,76614,0,,5.5,77.7,6.07,30.55,,1.1
"2025-11-02 22:54:23",2292,2095,76600,0,,5.95,68.3,6.07,30.4,,1.1
"2025-11-02 22:54:24",2293,2096,76586,-38.188817,-72.656347,5.7,75.5,6.05,30.3,,1.2
"2025-11-02 22:54:25",2294,2097,76574,0,,5.7,75.3,6.05,30.15,,1.2
"2025-11-02 22:54:26",2296,2099,76563,0,,5.7,75.3,6.05,30,,1.1
"2025-11-02 22:54:27",2297,2100,76552,-38.188778,-72.656168,5.5,66.7,6.05,29.9,,1.1
"2025-11-02 22:54:28",2297,2100,76546,0,,5.45,72,6.04,29.75,,1.1
"2025-11-02 22:54:29",2298,2101,76541,0,,6.2,72.3,6.07,29.7,,1
"2025-11-02 22:54:30",2298,2101,76536,-38.188732,-72.655983,5.3,78,6.06,29.65,,0.9
"2025-11-02 22:54:31",2300,2103,76520,0,,5.5,68.7,6.06,29.55,,1
"2025-11-02 22:54:32",2302,2105,76505,0,,5.6,76.2,6.07,29.45,,1.1
"2025-11-02 22:54:33",2303,2106,76490,-38.188687,-72.655803,6,64.7,6.06,29.35,,1.2
"2025-11-02 22:54:34",2304,2107,76482,0,,5.3,80.5,6.12,29.25,,1.2
"2025-11-02 22:54:35",2305,2108,76475,0,,5.05,68.5,6.08,29.2,,1.1
"2025-11-02 22:54:36",2306,2109,76468,-38.188643,-72.655628,5.35,75.9,6.05,29.15,,1.1
"2025-11-02 22:54:37",2307,2110,76459,0,,5.95,71.9,6.06,29.1,,1
"2025-11-02 22:54:38",2308,2111,76450,0,,5.3,83.1,6.05,29.05,,1
"2025-11-02 22:54:39",2309,2112,76442,-38.188605,-72.655447,5.15,67.2,6.01,28.95,,1
"2025-11-02 22:54:40",2309,2112,76434,0,,5.5,77.1,5.99,29,,1
"2025-11-02 22:54:41",2310,2113,76427,0,,6.2,70.1,6,28.95,,1
"2025-11-02 22:54:42",2311,2114,76420,-38.188557,-72.655257,5.8,76,6.01,28.9,,1
"2025-11-02 22:54:44",2312,2115,76411,0,,5.55,78,5.97,28.85,,0.8
"2025-11-02 22:54:45",2312,2115,76408,-38.188522,-72.65508,5.1,78.4,5.94,28.85,,0.7
"2025-11-02 22:54:46",2313,2116,76398,0,,5.7,69.8,5.93,28.8,,0.8
"2025-11-02 22:54:47",2314,2117,76388,0,,5.3,69.3,5.9,28.8,,0.8
"2025-11-02 22:54:48",2315,2118,76378,-38.188475,-72.654902,5.55,72.6,5.89,28.8,16.75,0.8
"2025-11-02 22:54:49",2316,2119,76371,0,,4.8,75.8,5.92,28.75,,0.8
"2025-11-02 22:54:50",2317,2120,76364,0,,5.9,72.9,5.89,28.75,,0.8
"2025-11-02 22:54:51",2318,2121,76358,-38.188432,-72.654723,5.5,68.6,5.87,28.75,,0.8
"2025-11-02 22:54:52",2319,2122,76348,0,,5.75,71.5,5.85,28.75,,0.8
"2025-11-02 22:54:53",2320,2123,76338,0,,5.15,75.9,5.86,28.75,,0.8
"2025-11-02 22:54:54",2321,2124,76328,-38.18839,-72.654543,5.55,73.3,5.87,28.75,,0.8
"2025-11-02 22:54:55",2322,2125,76320,0,,5.55,68.4,5.85,28.75,,0.8
"2025-11-02 22:54:56",2322,2125,76313,0,,5.55,76.1,5.81,28.75,,0.9
"2025-11-02 22:54:57",2323,2126,76306,-38.188345,-72.654365,5.4,75.5,5.81,28.75,,0.9
"2025-11-02 22:54:58",2324,2127,76301,0,,5.05,73.4,5.81,28.8,,0.9
"2025-11-02 22:54:59",2324,2127,76296,0,,5.95,68.6,5.79,28.8,,0.8
"2025-11-02 22:55:00",2325,2128,76292,-38.1883,-72.65419,5,73.8,5.77,28.8,,0.8
"2025-11-02 22:55:01",2326,2129,76281,0,,5.75,73.7,5.78,28.8,,0.8
"2025-11-02 22:55:02",2327,2130,76270,0,,4.8,76.9,5.76,28.85,,0.8
"2025-11-02 22:55:03",2328,2131,76260,-38.188258,-72.654017,5.7,64.5,5.76,28.85,,0.9
"2025-11-02 22:55:04",2329,2132,76256,0,,5.45,66.6,5.75,28.9,,0.8
"2025-11-02 22:55:05",2329,2132,76252,0,,6.35,70.7,5.74,28.9,,0.8
"2025-11-02 22:55:06",2329,2132,76248,-38.188198,-72.653837,5.25,65.9,5.75,28.9,,0.7
"2025-11-02 22:55:07",2330,2133,76241,0,,5.8,78.6,5.74,28.9,,0.7
"2025-11-02 22:55:08",2331,2134,76235,0,,4.9,63.5,5.74,28.95,,0.7
"2025-11-02 22:55:09",2331,2134,76230,-38.188152,-72.653662,5.75,75,5.73,28.95,,0.7
"2025-11-02 22:55:11",2332,2135,76219,0,,5.75,72.2,5.72,29,,0.7
"2025-11-02 22:55:12",2333,2136,76214,-38.188102,-72.653487,5.75,71.2,5.73,29,,0.7
"2025-11-02 22:55:15",2335,2138,76200,-38.188047,-72.65332,5.1,65.5,5.71,29.05,16.75,0.6
"2025-11-02 22:55:17",2336,2139,76189,0,,4.65,72,5.71,29.05,,0.6
"2025-11-02 22:55:18",2336,2139,76184,-38.187998,-72.653145,6.15,68.4,5.7,29.05,,0.6
"2025-11-02 22:55:20",2337,2140,76178,0,,,,5.72,29.05,,0.5
"2025-11-02 22:55:21",2337,2140,76176,0,,,,5.72,29.1,,0.5
"2025-11-02 22:55:23",2338,2141,76165,0,,5.45,69.4,5.74,29.1,,0.5
"2025-11-02 22:55:24",2339,2142,76160,-38.18789,-72.65279,6.15,65.2,5.75,29.1,,0.5
"2025-11-02 22:55:31",2340,2143,76149,0,,5.95,71.9,5.72,29.1,,0.3
"2025-11-02 22:55:32",2340,2143,76147,0,,5.25,67.9,5.75,29.05,,0.3
"2025-11-02 22:55:33",2340,2143,76146,-38.187737,-72.652255,6.25,71.8,5.79,29.05,,0.3
"2025-11-02 22:55:34",2341,2144,76139,0,,4.85,76.3,5.81,29,,0.3
"2025-11-02 22:55:35",2342,2145,76133,0,,6.1,71.9,5.81,29,,0.3
"2025-11-02 22:55:36",2342,2145,76128,-38.187692,-72.652075,4.9,65.5,5.81,29.05,,0.3
"2025-11-02 22:55:40",2344,2147,76116,0,,5.4,66.6,5.81,29.1,,0.3
"2025-11-02 22:55:41",2344,2147,76113,0,,5.8,68.5,5.82,29.1,,0.3
"2025-11-02 22:55:42",2344,2147,76110,-38.187595,-72.651722,5.45,72.6,5.81,29.05,16.75,0.3
"2025-11-02 22:55:44",2345,2148,76099,0,,5.35,73.3,5.84,28.9,,0.4
"2025-11-02 22:55:45",2346,2149,76094,-38.187552,-72.651547,5.3,66,5.84,28.8,,0.4
"2025-11-02 22:55:46",2346,2149,76092,0,,5.15,73.6,5.85,28.7,,0.4
"2025-11-02 22:55:47",2346,2149,76091,0,,4.85,69.9,5.86,28.7,,0.4
"2025-11-02 22:55:48",2346,2149,76090,-38.187507,-72.651382,5.35,74.4,5.89,28.65,,0.4
"2025-11-02 22:55:49",2347,2150,76087,0,,5.55,66.4,5.91,28.55,,0.3
"2025-11-02 22:55:50",2347,2150,76084,0,,5.1,71,5.91,28.55,,0.3
"2025-11-02 22:55:51",2347,2150,76082,-38.187455,-72.651213,5.25,68.8,5.91,28.45,,0.3
"2025-11-02 22:55:52",2348,2151,76076,0,,5.25,78.8,5.9,28.4,,0.4
"2025-11-02 22:55:53",2348,2151,76071,0,,5.65,65.4,5.91,28.35,,0.4
"2025-11-02 22:55:54",2349,2152,76066,-38.187408,-72.65104,5.45,70.6,5.91,28.3,,0.4
"2025-11-02 22:55:55",2349,2152,76067,0,,5.5,68.5,5.91,28.2,,0.3
"2025-11-02 22:55:56",2349,2152,76069,0,,5.2,81.7,5.91,28.2,,0.3
"2025-11-02 22:55:57",2348,2151,76072,-38.187365,-72.650862,5.65,65.4,5.91,28.15,,0.2
"2025-11-02 22:55:58",2349,2152,76068,0,,5.05,77.6,5.92,28.15,,0.2
"2025-11-02 22:55:59",2349,2152,76065,0,,5.35,65.5,5.92,28.15,,0.2
"2025-11-02 22:56:00",2349,2152,76062,-38.187318,-72.650692,4.95,78,5.92,28.1,,0.2
"2025-11-02 22:56:01",2350,2153,76055,0,,6.1,72.4,5.93,28.1,,0.3
"2025-11-02 22:56:02",2351,2154,76049,0,,5.3,82.1,5.92,28.05,,0.3
"2025-11-02 22:56:03",2351,2154,76044,-38.18728,-72.650505,5.6,71.1,5.93,28.05,,0.3
"2025-11-02 22:56:04",2351,2154,76046,0,,5.05,74.7,5.93,28,,0.3
"2025-11-02 22:56:05",2351,2154,76048,0,,5.6,76.5,5.92,28.05,,0.2
"2025-11-02 22:56:06",2351,2154,76050,-38.187238,-72.650328,5.6,68.8,5.93,28.05,,0.1
"2025-11-02 22:56:07",2351,2154,76044,0,,5.95,73.5,5.93,28.05,,0.2
"2025-11-02 22:56:08",2352,2155,76039,0,,5.5,69.7,5.94,28.05,,0.3
"2025-11-02 22:56:09",2352,2155,76034,-38.187195,-72.65014,6,83.1,5.93,28.05,16.75,0.3
"2025-11-02 22:56:10",2353,2156,76027,0,,5.15,67,5.93,28,,0.4
"2025-11-02 22:56:11",2354,2157,76020,0,,5.3,79.1,5.93,28,,0.4
"2025-11-02 22:56:12",2355,2158,76014,-38.18716,-72.649963,5.3,75.5,5.94,28,,0.4
"2025-11-02 22:56:15",2354,2157,76020,-38.18712,-72.649788,5.45,68.6,5.96,27.95,,0.2
"2025-11-02 22:56:16",2355,2158,76010,0,,5.45,78.5,5.96,28,,0.3
"2025-11-02 22:56:17",2356,2159,76001,0,,4.6,76.6,5.99,27.95,,0.4
"2025-11-02 22:56:18",2357,2160,75992,-38.187088,-72.649613,5.45,78.9,6.02,27.95,,0.5
"2025-11-02 22:56:19",2358,2161,75987,0,,5.45,65.2,6.01,27.95,,0.5
"2025-11-02 22:56:20",2358,2161,75982,0,,5.6,75.7,6.01,27.9,,0.5
"2025-11-02 22:56:21",2359,2162,75978,-38.187045,-72.649433,5.4,70.6,6,27.85,,0.5
"2025-11-02 22:56:22",2359,2162,75975,0,,4.85,72.2,5.99,27.85,,0.5
"2025-11-02 22:56:23",2359,2162,75973,0,,5.75,70.1,5.98,27.85,,0.4
"2025-11-02 22:56:24",2359,2162,75972,-38.187003,-72.64926,5.35,82.1,5.98,27.8,,0.4
"2025-11-02 22:56:25",2360,2163,75968,0,,5.8,69.8,5.97,27.8,,0.4
"2025-11-02 22:56:26",2360,2163,75964,0,,5,81.4,5.96,27.75,,0.4
"2025-11-02 22:56:27",2360,2163,75960,-38.186968,-72.649082,5.5,75.7,5.97,27.7,,0.5
"2025-11-02 22:56:28",2361,2164,75958,0,,4.4,76,5.96,27.65,,0.5
"2025-11-02 22:56:29",2361,2164,75956,0,,5.3,78.6,5.98,27.65,,0.5
"2025-11-02 22:56:30",2361,2164,75954,-38.18694,-72.648918,4.3,79.2,6.02,27.6,,0.4
"2025-11-02 22:56:31",2361,2164,75956,0,,5.25,75.7,6.03,27.55,,0.3
"2025-11-02 22:56:32",2361,2164,75959,0,,4.45,68.6,6.02,27.55,,0.2
"2025-11-02 22:56:33",2360,2163,75962,-38.186903,-72.64876,4.9,70,6.03,27.45,,0.2
"2025-11-02 22:56:34",2361,2164,75952,0,,4.85,77.3,6.02,27.4,,0.2
"2025-11-02 22:56:35",2362,2165,75944,0,,5.35,80.3,6.02,27.4,,0.3
"2025-11-02 22:56:36",2363,2166,75936,-38.18687,-72.64859,4.95,71.7,6.02,27.3,16.75,0.3
"2025-11-02 22:56:37",2363,2166,75939,0,,5.45,72.7,6.03,27.25,,0.3
"2025-11-02 22:56:38",2362,2165,75942,0,,4.55,71.4,6.03,27.2,,0.2
"2025-11-02 22:56:39",2362,2165,75946,-38.186832,-72.648423,5.2,81,6.05,27.15,,0.2
"2025-11-02 22:56:40",2363,2166,75936,0,,4.6,74.3,6.06,27.15,,0.2
"2025-11-02 22:56:41",2364,2167,75927,0,,5.25,70,6.12,27.1,,0.3
"2025-11-02 22:56:42",2365,2168,75918,-38.186792,-72.64826,5.1,68.7,6.12,27.05,,0.3
"2025-11-02 22:56:43",2365,2168,75914,0,,5,81,6.14,27,,0.3
"2025-11-02 22:56:44",2366,2169,75911,0,,4.35,69.8,6.13,27,,0.4
"2025-11-02 22:56:45",2366,2169,75908,-38.186755,-72.6481,4.95,71.1,6.13,26.9,,0.4
"2025-11-02 22:56:46",2366,2169,75905,0,,4.95,71.2,6.13,26.85,,0.5
"2025-11-02 22:56:47",2367,2170,75902,0,,4.85,80.6,6.13,26.85,,0.4
"2025-11-02 22:56:48",2367,2170,75900,-38.186722,-72.647943,4.2,72.4,6.14,26.8,,0.4
"2025-11-02 22:56:49",2367,2170,75895,0,,4.7,71.5,6.15,26.7,,0.4
"2025-11-02 22:56:50",2368,2171,75891,0,,4.45,69,6.16,26.65,,0.5
"2025-11-02 22:56:51",2368,2171,75888,-38.186677,-72.647798,4.75,62.8,6.15,26.6,,0.5
"2025-11-02 22:56:52",2369,2172,75884,0,,4.45,75.5,6.18,26.55,,0.5
"2025-11-02 22:56:53",2369,2172,75880,0,,4.7,70.5,6.19,26.55,,0.4
"2025-11-02 22:56:54",2370,2173,75876,-38.186637,-72.647643,5,74.7,6.19,26.45,,0.4
"2025-11-02 22:56:55",2370,2173,75876,0,,4.6,67.4,6.21,26.4,,0.3
"2025-11-02 22:56:56",2370,2173,75876,0,,4.75,70.8,6.21,26.4,,0.3
"2025-11-02 22:56:57",2370,2173,75876,-38.18659,-72.647497,4.3,56.1,6.23,26.35,,0.3
"2025-11-02 22:56:58",2370,2173,75868,0,,5.2,78.5,6.24,26.35,,0.3
"2025-11-02 22:56:59",2371,2174,75861,0,,4.05,64.9,6.23,26.3,,0.4
"2025-11-02 22:57:00",2372,2175,75854,-38.186543,-72.647352,4.95,65.7,6.21,26.3,,0.4
"2025-11-02 22:57:01",2372,2175,75854,0,,4.85,68.6,6.23,26.25,,0.4
"2025-11-02 22:57:02",2372,2175,75855,0,,5.2,69.6,6.26,26.2,,0.3
"2025-11-02 22:57:03",2372,2175,75856,-38.186493,-72.647202,4.1,66.4,6.24,26.2,16.75,0.3
"2025-11-02 22:57:04",2373,2176,75846,0,,4.55,65.8,6.24,26.2,,0.3
"2025-11-02 22:57:05",2374,2177,75837,0,,4.1,66.6,6.24,26.15,,0.4
"2025-11-02 22:57:06",2375,2178,75828,-38.186445,-72.647067,4.9,63,6.23,26.15,,0.4
"2025-11-02 22:57:07",2375,2178,75825,0,,4.3,80.9,6.22,26.2,,0.5
"2025-11-02 22:57:08",2375,2178,75822,0,,5.25,64.6,6.21,26.15,,0.5
"2025-11-02 22:57:09",2376,2179,75820,-38.186397,-72.64692,4.15,65.7,6.23,26.15,,0.5
"2025-11-02 22:57:10",2376,2179,75815,0,,4.9,64.7,6.23,26.15,,0.5
"2025-11-02 22:57:11",2377,2180,75810,0,,4.3,72.3,6.22,26.15,,0.5
"2025-11-02 22:57:12",2377,2180,75806,-38.186347,-72.646777,5.2,63.8,6.22,26.15,,0.4
"2025-11-02 22:57:15",2378,2181,75800,-38.186293,-72.646635,4,70.2,6.22,26.15,,0.5
"2025-11-02 22:57:16",2379,2182,75791,0,,4.5,64.4,6.21,26.15,,0.5
"2025-11-02 22:57:17",2380,2183,75783,0,,4.15,65,6.23,26.15,,0.5
"2025-11-02 22:57:18",2380,2183,75776,-38.186245,-72.646502,4.45,60.6,6.24,26.15,,0.5
"2025-11-02 22:57:19",2381,2184,75773,0,,4.35,74.9,6.22,26.15,,0.5
"2025-11-02 22:57:20",2381,2184,75770,0,,4.1,60.3,6.22,26.15,,0.5
"2025-11-02 22:57:21",2381,2184,75768,-38.186197,-72.646367,4.7,67.8,6.21,26.15,,0.5
"2025-11-02 22:57:22",2381,2184,75766,0,,4.7,59.2,6.2,26.1,,0.4
"2025-11-02 22:57:23",2382,2185,75765,0,,3.9,68.9,6.2,26.1,,0.4
"2025-11-02 22:57:24",2382,2185,75764,-38.186145,-72.646235,4.35,59.9,6.21,26.1,,0.4
"2025-11-02 22:57:25",2383,2186,75754,0,,4.7,74.5,6.23,26.05,,0.4
"2025-11-02 22:57:26",2384,2187,75745,0,,4.15,54.2,6.24,26.05,,0.5
"2025-11-02 22:57:27",2385,2188,75736,-38.186092,-72.646098,4.45,67.3,6.24,26.05,,0.6
"2025-11-02 22:57:28",2385,2188,75732,0,,4.35,71,6.23,26.05,,0.6
"2025-11-02 22:57:29",2385,2188,75729,0,,4.35,70.8,6.24,26,,0.5
"2025-11-02 22:57:30",2386,2189,75726,-38.186052,-72.645957,4.4,71.3,6.23,26,16.75,0.5
"2025-11-02 22:57:31",2386,2189,75720,0,,4.3,57.2,6.23,25.95,,0.5
"2025-11-02 22:57:32",2387,2190,75715,0,,4.55,66.8,6.22,25.95,,0.5
"2025-11-02 22:57:33",2388,2191,75710,-38.185998,-72.645822,4.8,59.4,6.24,25.9,,0.5
"2025-11-02 22:57:34",2388,2191,75701,0,,4.35,72.3,6.24,25.9,,0.6
"2025-11-02 22:57:35",2389,2192,75693,0,,4,53.7,6.23,25.85,,0.6
"2025-11-02 22:57:36",2390,2193,75686,-38.185947,-72.645688,4.15,73,6.22,25.85,,0.7
"2025-11-02 22:57:37",2390,2193,75684,0,,4.5,63.7,6.23,25.85,,0.6
"2025-11-02 22:57:38",2390,2193,75683,0,,4.65,72.4,6.24,25.8,,0.6
"2025-11-02 22:57:39",2391,2194,75682,-38.1859,-72.64555,4.3,57.6,6.24,25.8,,0.5
"2025-11-02 22:57:41",2394,2197,75654,0,,4.15,67.3,6.22,25.8,,0.7
"2025-11-02 22:57:42",2395,2198,75640,-38.185853,-72.645418,4.7,73.1,6.23,25.8,,0.7
"2025-11-02 22:57:45",2395,2198,75644,-38.185805,-72.645287,3.45,71.7,6.19,25.75,,0.6
"2025-11-02 22:57:47",2398,2201,75616,0,,3.9,65.7,6.2,25.75,,0.7
"2025-11-02 22:57:48",2399,2202,75602,-38.185755,-72.645152,4.65,61,6.2,25.75,,0.8
"2025-11-02 22:57:50",2401,2204,75587,0,,4.25,64.3,6.18,25.75,,0.8
"2025-11-02 22:57:51",2402,2205,75580,-38.185712,-72.645022,3.85,77.7,6.17,25.75,,0.9
"2025-11-02 22:57:53",2402,2205,75574,0,,4.65,70.4,6.16,25.75,,0.7
"2025-11-02 22:57:54",2403,2206,75572,-38.185667,-72.644887,3.9,59.9,6.16,25.7,,0.6
"2025-11-02 22:57:56",2405,2208,75550,0,,3.85,64.3,6.15,25.7,,0.7
"2025-11-02 22:57:57",2406,2209,75540,-38.185623,-72.64476,4.55,62.6,6.14,25.7,16.75,0.7
"2025-11-02 22:57:59",2406,2209,75537,0,,4.1,60.6,6.14,25.7,,0.9
"2025-11-02 22:58:00",2406,2209,75535,0,,4.4,72.4,6.12,25.65,,0.7
"2025-11-02 22:58:01",2407,2210,75534,-38.185577,-72.64463,3.75,62.6,6.12,25.65,,0.6
"2025-11-02 22:58:01",2408,2211,75519,0,,4.2,73.3,6.12,25.65,,0.7
"2025-11-02 22:58:02",2410,2213,75503,0,,4.15,67.7,6.11,25.65,,0.8
"2025-11-02 22:58:03",2412,2215,75488,-38.185535,-72.644498,4.55,70,6.12,25.65,,0.8
"2025-11-02 22:58:04",2412,2215,75480,0,,4.5,68.2,6.12,25.65,,0.8
"2025-11-02 22:58:05",2413,2216,75473,0,,4.15,63,6.12,25.65,,0.9
"2025-11-02 22:58:06",2414,2217,75466,-38.18549,-72.644363,3.75,70.6,6.11,25.65,,1
"2025-11-02 22:58:07",2415,2218,75460,0,,4.05,62,6.08,25.65,,0.9
"2025-11-02 22:58:08",2415,2218,75454,0,,3.75,78,6.07,25.65,,0.9
"2025-11-02 22:58:09",2416,2219,75448,-38.185453,-72.64424,4.1,63.9,6.06,25.65,,0.8
"2025-11-02 22:58:10",2417,2220,75439,0,,4.15,66.4,6.05,25.65,,0.8
"2025-11-02 22:58:11",2418,2221,75430,0,,4.25,54.6,6.06,25.65,,0.9
"2025-11-02 22:58:12",2419,2222,75422,-38.185402,-72.644115,3.85,73.8,6.06,25.65,,1
"2025-11-02 22:58:14",2421,2224,75400,0,,4.1,60,6.02,25.65,,1
"2025-11-02 22:58:15",2422,2225,75390,-38.185357,-72.643993,4.2,60.2,6.01,25.7,,1
"2025-11-02 22:58:16",2423,2226,75381,0,,4.25,72,6.01,25.7,,0.9
"2025-11-02 22:58:17",2424,2227,75372,0,,4.4,57.5,5.99,25.7,,0.9
"2025-11-02 22:58:18",2425,2228,75364,-38.185303,-72.643858,4.4,62.8,5.97,25.7,,0.9
"2025-11-02 22:58:19",2426,2229,75355,0,,3.65,61,5.94,25.75,,0.9
"2025-11-02 22:58:20",2427,2230,75347,0,,3.9,70.5,5.94,25.75,,1
"2025-11-02 22:58:21",2428,2231,75340,-38.185257,-72.643737,4.35,57.9,5.93,25.75,,1
"2025-11-02 22:58:22",2429,2232,75329,0,,4.5,66.2,5.94,25.75,,1
"2025-11-02 22:58:23",2430,2233,75319,0,,4,58.4,5.94,25.8,,1
"2025-11-02 22:58:24",2431,2234,75310,-38.1852,-72.643607,4.15,59.6,5.94,25.8,16.75,1
"2025-11-02 22:58:25",2432,2235,75304,0,,3.6,56.6,5.94,25.8,,1
"2025-11-02 22:58:26",2432,2235,75298,0,,4.65,71.5,5.92,25.8,,0.9
"2025-11-02 22:58:27",2433,2236,75292,-38.18515,-72.643483,3.95,56.7,5.92,25.85,,0.9
"2025-11-02 22:58:28",2434,2237,75281,0,,4.9,61.2,5.93,25.85,,0.9
"2025-11-02 22:58:29",2435,2238,75271,0,,4.2,55.6,5.92,25.9,,0.9
"2025-11-02 22:58:30",2436,2239,75262,-38.185088,-72.643353,4.45,66.8,5.92,25.9,,0.9
"2025-11-02 22:58:31",2437,2240,75254,0,,4.45,63.7,5.94,25.9,,0.9
"2025-11-02 22:58:32",2438,2241,75247,0,,3.85,55.7,5.94,25.95,,0.9
"2025-11-02 22:58:33",2439,2242,75240,-38.185032,-72.64323,4.3,54.2,5.94,26,,0.9
"2025-11-02 22:58:34",2440,2243,75229,0,,4.4,65.9,5.93,26,,0.9
"2025-11-02 22:58:35",2441,2244,75218,0,,4.45,61.1,5.91,26.05,,0.9
"2025-11-02 22:58:36",2442,2245,75208,-38.184977,-72.643102,3.95,59.5,5.9,26.1,,0.9
"2025-11-02 22:58:37",2443,2246,75202,0,,4.15,50.1,5.9,26.2,,0.9
"2025-11-02 22:58:38",2444,2247,75196,0,,4.4,60.9,5.89,26.2,,0.9
"2025-11-02 22:58:39",2444,2247,75190,-38.184915,-72.642982,4.35,57.6,5.88,26.2,,0.9
"2025-11-02 22:58:40",2445,2248,75181,0,,4.7,67,5.86,26.2,,0.9
"2025-11-02 22:58:41",2446,2249,75173,0,,4.15,54.5,5.85,26.25,,0.9
"2025-11-02 22:58:42",2447,2250,75166,-38.184853,-72.642853,4.35,56.3,5.85,26.25,,0.9
"2025-11-02 22:58:44",2451,2254,75131,0,,4.9,67,5.84,26.35,,1.1
"2025-11-02 22:58:45",2452,2255,75114,-38.184792,-72.642723,4,49.4,5.81,26.4,,1.1
"2025-11-02 22:58:46",2453,2256,75104,0,,4.35,59.8,5.78,26.45,,1.1
"2025-11-02 22:58:47",2455,2258,75095,0,,4.4,58.9,5.77,26.45,,1.1
"2025-11-02 22:58:48",2456,2259,75086,-38.18473,-72.642597,4.6,62.3,5.77,26.5,,1.1
"2025-11-02 22:58:49",2456,2259,75078,0,,4,51.7,5.77,26.55,,1.1
"2025-11-02 22:58:50",2457,2260,75071,0,,4.85,55.3,5.81,26.55,,1.1
"2025-11-02 22:58:51",2458,2261,75064,-38.184665,-72.642472,4.4,61.7,5.78,26.65,16.5,1.1
"2025-11-02 22:58:52",2459,2262,75053,0,,4.5,62.9,5.77,26.7,,1.2
"2025-11-02 22:58:53",2460,2263,75042,0,,3.75,52.7,5.77,26.75,,1.2
"2025-11-02 22:58:54",2461,2264,75032,-38.184607,-72.642348,4.35,56.6,5.81,26.8,,1.2
"2025-11-02 22:58:55",2463,2266,75014,0,,4.35,56.6,5.82,26.8,,1.3
"2025-11-02 22:58:56",2465,2268,74998,0,,4.65,60.8,5.82,26.85,,1.2
"2025-11-02 22:58:57",2467,2270,74982,-38.184543,-72.642215,4.25,56.2,5.83,26.9,,1.2
"2025-11-02 22:58:58",2468,2271,74968,0,,4.35,53.8,5.84,26.95,,1.2
"2025-11-02 22:58:59",2470,2273,74954,0,,4.3,57.6,5.83,27,,1.3
"2025-11-02 22:59:00",2472,2275,74940,-38.184475,-72.64209,4.55,53.4,5.78,27.05,,1.3
"2025-11-02 22:59:01",2473,2276,74925,0,,3.75,63.9,5.77,27.05,,1.3
"2025-11-02 22:59:02",2475,2278,74911,0,,4.1,56,5.77,27.1,,1.4
"2025-11-02 22:59:03",2476,2279,74898,-38.184418,-72.641967,4.65,63.8,5.77,27.15,,1.5
"2025-11-02 22:59:04",2477,2280,74885,0,,4.25,61.6,5.76,27.2,,1.5
"2025-11-02 22:59:05",2479,2282,74873,0,,4.1,51.3,5.75,27.2,,1.5
"2025-11-02 22:59:06",2480,2283,74862,-38.184358,-72.641845,3.8,59.4,5.74,27.2,,1.6
"2025-11-02 22:59:07",2482,2285,74848,0,,4.4,65.2,5.73,27.15,,1.5
"2025-11-02 22:59:08",2483,2286,74835,0,,3.55,64.6,5.71,27.05,,1.5
"2025-11-02 22:59:09",2484,2287,74822,-38.18431,-72.641725,4.1,61.5,5.71,27,,1.5
"2025-11-02 22:59:10",2486,2289,74809,0,,3.45,58.3,5.73,26.9,,1.4
"2025-11-02 22:59:11",2487,2290,74797,0,,4.45,56,5.72,26.8,,1.4
"2025-11-02 22:59:12",2488,2291,74786,-38.184252,-72.641612,3.6,53.6,5.72,26.8,,1.4
"2025-11-02 22:59:14",2491,2294,74760,0,,3.6,59.9,5.73,26.65,,1.4
"2025-11-02 22:59:15",2493,2296,74748,-38.184202,-72.64149,3.95,66.2,5.74,26.55,,1.4
"2025-11-02 22:59:16",2494,2297,74735,0,,3.75,55.6,5.73,26.55,,1.4
"2025-11-02 22:59:17",2495,2298,74722,0,,4,51.2,5.72,26.5,,1.4
"2025-11-02 22:59:18",2497,2300,74710,-38.184147,-72.641378,3.75,63.6,5.72,26.4,16.5,1.4
"2025-11-02 22:59:19",2498,2301,74694,0,,4.2,61.7,5.73,26.3,,1.4
"2025-11-02 22:59:20",2500,2303,74679,0,,3.15,63.3,5.71,26.25,,1.4
"2025-11-02 22:59:21",2502,2305,74664,-38.1841,-72.641267,3.5,62.1,5.7,26.15,,1.4
"2025-11-02 22:59:22",2503,2306,74656,0,,3.6,49.1,5.69,26.05,,1.4
"2025-11-02 22:59:23",2503,2306,74649,0,,4,63.8,5.69,25.95,,1.4
"2025-11-02 22:59:24",2504,2307,74642,-38.18405,-72.641157,3.4,67.3,5.68,25.9,,1.3
"2025-11-02 22:59:25",2506,2309,74624,0,,,,5.67,25.8,,1.4
"2025-11-02 22:59:26",2508,2311,74605,0,,,,5.66,25.8,,1.4
"2025-11-02 22:59:27",2510,2313,74586,0,,,,5.64,25.7,,1.5
"2025-11-02 22:59:28",2512,2315,74575,0,,3.8,61.3,5.62,25.6,,1.5
"2025-11-02 22:59:29",2513,2316,74565,0,,3.5,71.4,5.61,25.55,,1.4
"2025-11-02 22:59:30",2514,2317,74556,-38.183953,-72.640937,3.5,56.2,5.6,25.5,,1.4
"2025-11-02 22:59:31",2515,2318,74544,0,,3.35,52.8,5.58,25.5,,1.4
"2025-11-02 22:59:32",2516,2319,74533,0,,4.05,63.8,5.56,25.45,,1.4
"2025-11-02 22:59:33",2517,2320,74522,-38.183905,-72.640827,3.95,65.3,5.56,25.4,,1.3
"2025-11-02 22:59:34",2519,2322,74504,0,,3.45,71.9,5.56,25.4,,1.4
"2025-11-02 22:59:35",2521,2324,74487,0,,3.2,56,5.56,25.4,,1.4
"2025-11-02 22:59:36",2523,2326,74470,-38.183867,-72.640717,3.75,68.3,5.56,25.35,,1.5
"2025-11-02 22:59:37",2525,2328,74456,0,,3.6,68.7,5.56,25.35,,1.5
"2025-11-02 22:59:38",2526,2329,74443,0,,4,63.3,5.55,25.3,,1.5
"2025-11-02 22:59:39",2528,2331,74430,-38.183823,-72.640602,3.35,58.5,5.53,25.25,,1.4
"2025-11-02 22:59:40",2529,2332,74415,0,,3.6,59,5.52,25.2,,1.5
"2025-11-02 22:59:41",2531,2334,74399,0,,2.85,72.4,5.55,25.15,,1.5
"2025-11-02 22:59:42",2533,2336,74384,-38.183783,-72.6405,3.65,62.8,5.53,25.15,,1.5
"2025-11-02 22:59:44",2536,2339,74354,0,,3.55,61.5,5.47,25.1,,1.6
"2025-11-02 22:59:45",2538,2341,74340,-38.183738,-72.640387,3.5,57,5.46,25.1,16.25,1.6
"2025-11-02 22:59:46",2539,2342,74327,0,,3.35,68.3,5.43,25,,1.7
"2025-11-02 22:59:47",2540,2343,74314,0,,3.9,67.7,5.42,25,,1.6
"2025-11-02 22:59:48",2542,2345,74302,-38.1837,-72.640278,3.05,64.1,5.43,24.95,,1.6
"2025-11-02 22:59:50",2545,2348,74273,0,,3.3,67,5.41,24.85,,1.6
"2025-11-02 22:59:51",2546,2349,74260,-38.183658,-72.640173,4.15,64.1,5.39,24.85,,1.6
"2025-11-02 22:59:52",2548,2351,74245,0,,3.1,61.3,5.37,24.85,,1.6
"2025-11-02 22:59:53",2549,2352,74231,0,,3.6,59.1,5.37,24.8,,1.5
"2025-11-02 22:59:54",2551,2354,74218,-38.183613,-72.64007,3.2,60.5,5.37,24.75,,1.5
"2025-11-02 22:59:55",2553,2356,74204,0,,3.5,69.2,5.38,24.75,,1.5
"2025-11-02 22:59:56",2554,2357,74190,0,,3.55,69.3,5.37,24.7,,1.5
"2025-11-02 22:59:57",2556,2359,74176,-38.183573,-72.639962,3.75,57.5,5.35,24.65,,1.5
"2025-11-02 22:59:58",2557,2360,74163,0,,3.3,73.2,5.33,24.65,,1.5
"2025-11-02 22:59:59",2558,2361,74150,0,,3.9,67.7,5.31,24.6,,1.5
"2025-11-02 23:00:00",2560,2363,74138,-38.183535,-72.639847,3.7,67.6,5.3,24.55,,1.5
"2025-11-02 23:00:01",2561,2364,74123,0,,4.3,60.8,5.3,24.55,,1.5
"2025-11-02 23:00:02",2563,2366,74108,0,,3.25,74.8,5.28,24.55,,1.5
"2025-11-02 23:00:03",2565,2368,74094,-38.183495,-72.639725,4.05,66.1,5.27,24.55,,1.5
"2025-11-02 23:00:05",2568,2371,74063,0,,3.5,65,5.26,24.55,,1.5
"2025-11-02 23:00:06",2570,2373,74048,-38.18345,-72.639612,3.4,60.7,5.25,24.55,,1.6
"2025-11-02 23:00:08",2572,2375,74023,0,,4.4,60.6,5.25,24.55,,1.5
"2025-11-02 23:00:09",2574,2377,74012,-38.183407,-72.639488,4,75.1,5.24,24.5,,1.5
"2025-11-02 23:00:11",2577,2380,73985,0,,3.55,79.1,5.26,24.5,,1.5
"2025-11-02 23:00:12",2578,2381,73972,-38.183373,-72.639372,3.8,58.9,5.28,24.5,16.25,1.5
"2025-11-02 23:00:15",2584,2387,73922,-38.183337,-72.639252,3.85,76.4,5.24,24.5,,1.6
"2025-11-02 23:00:17",2587,2390,73893,0,,4.25,64.3,5.22,24.45,,1.6
"2025-11-02 23:00:18",2588,2391,73880,-38.183297,-72.63913,3.1,67.3,5.22,24.45,,1.5
"2025-11-02 23:00:20",2591,2394,73854,0,,4.25,74.9,5.16,24.45,,1.6
"2025-11-02 23:00:21",2592,2395,73842,-38.18326,-72.639012,3.85,64.2,5.16,24.45,,1.6
"2025-11-02 23:00:23",2596,2399,73807,0,,4.4,67.3,5.11,24.5,,1.6
"2025-11-02 23:00:24",2598,2401,73790,-38.183225,-72.638883,4.1,76.6,5.09,24.5,,1.7
"2025-11-02 23:00:26",2601,2404,73761,0,,3.4,75.7,5.08,24.5,,1.7
"2025-11-02 23:00:27",2603,2406,73748,-38.18319,-72.638762,4.05,70.2,5.08,24.5,,1.6
"2025-11-02 23:00:29",2607,2410,73712,0,,4.2,63.8,5.07,24.55,,1.7
"2025-11-02 23:00:30",2609,2412,73694,-38.183148,-72.63863,3.55,67.6,5.04,24.55,,1.7
"2025-11-02 23:00:32",2612,2415,73666,0,,3.9,68.8,5,24.55,,1.7
"2025-11-02 23:00:33",2614,2417,73652,-38.183112,-72.638505,4.2,70.5,5.01,24.55,,1.7
"2025-11-02 23:00:34",2615,2418,73636,0,,3.35,69,4.99,24.55,,1.8
"2025-11-02 23:00:35",2617,2420,73622,0,,4.5,75.4,4.97,24.55,,1.7
"2025-11-02 23:00:36",2618,2421,73608,-38.183075,-72.63838,3.35,58,4.96,24.55,,1.7
"2025-11-02 23:00:37",2620,2423,73594,0,,4.4,75,4.94,24.55,,1.7
"2025-11-02 23:00:38",2621,2424,73581,0,,4.15,66.3,4.93,24.6,,1.7
"2025-11-02 23:00:39",2623,2426,73568,-38.183037,-72.638247,4.5,79.2,4.95,24.6,16,1.7
"2025-11-02 23:00:40",2625,2428,73547,0,,3.55,64.2,4.95,24.6,,1.7
"2025-11-02 23:00:41",2628,2431,73526,0,,3.8,70.8,4.95,24.6,,1.7
"2025-11-02 23:00:42",2630,2433,73506,-38.183,-72.638125,3.85,65.6,4.94,24.55,,1.7
"2025-11-02 23:00:44",2632,2435,73483,0,,3.95,72.3,4.96,24.5,,1.7
"2025-11-02 23:00:45",2634,2437,73472,-38.182967,-72.638,3.9,62.7,4.96,24.45,,1.7
"2025-11-02 23:00:46",2636,2439,73449,0,,4.25,68.3,4.95,24.4,,1.7
"2025-11-02 23:00:47",2639,2442,73427,0,,4.25,68.3,4.93,24.35,,1.8
"2025-11-02 23:00:48",2641,2444,73406,-38.182928,-72.637873,4.45,72.8,4.92,24.3,,1.9
"2025-11-02 23:00:49",2643,2446,73390,0,,4.15,56.9,4.93,24.25,,1.9
"2025-11-02 23:00:50",2644,2447,73375,0,,4.25,67,4.93,24.15,,1.9
"2025-11-02 23:00:51",2646,2449,73360,-38.18288,-72.637747,3.4,68.8,4.94,24.05,,1.9
"2025-11-02 23:00:52",2648,2451,73342,0,,4.15,70,4.93,24,,1.9
"2025-11-02 23:00:53",2650,2453,73325,0,,3.9,55.7,4.9,23.9,,1.9
"2025-11-02 23:00:54",2652,2455,73308,-38.182835,-72.637623,4.1,67.5,4.89,23.8,,1.8
"2025-11-02 23:00:55",2653,2456,73298,0,,4.15,70.1,4.9,23.65,,1.8
"2025-11-02 23:00:56",2654,2457,73288,0,,4.15,66.3,4.9,23.5,,1.7
"2025-11-02 23:00:57",2655,2458,73278,-38.182792,-72.637493,3.9,58.3,4.9,23.3,,1.8
"2025-11-02 23:00:58",2658,2461,73257,0,,4.05,65.2,4.89,23.1,,1.8
"2025-11-02 23:00:59",2660,2463,73236,0,,4.35,66.9,4.9,22.95,,1.8
"2025-11-02 23:01:00",2662,2465,73216,-38.182745,-72.637362,4,71.7,4.9,22.85,,1.8
"2025-11-02 23:01:01",2664,2467,73196,0,,4.35,58.2,4.93,22.75,,1.8
"2025-11-02 23:01:02",2667,2470,73177,0,,3.45,68.7,4.92,22.6,,1.8
"2025-11-02 23:01:03",2669,2472,73158,-38.182697,-72.637237,4.8,62.8,4.88,22.55,,1.9
"2025-11-02 23:01:05",2672,2475,73125,0,,4.55,62.6,4.87,22.4,,1.9
"2025-11-02 23:01:06",2674,2477,73110,-38.182652,-72.637102,3.4,67.1,4.89,22.35,16,1.9
"2025-11-02 23:01:07",2676,2479,73095,0,,4.55,68.8,4.87,22.35,,1.9
"2025-11-02 23:01:08",2677,2480,73080,0,,3.7,73.9,4.87,22.3,,1.9
"2025-11-02 23:01:09",2679,2482,73066,-38.182613,-72.636972,4.45,65.4,4.86,22.25,,2
"2025-11-02 23:01:10",2680,2483,73054,0,,3.85,57.5,4.87,22.2,,1.9
"2025-11-02 23:01:11",2682,2485,73043,0,,4,62.5,4.88,22.2,,1.8
"2025-11-02 23:01:12",2683,2486,73032,-38.182562,-72.636852,4.3,62.8,4.88,22.15,,1.7
"2025-11-02 23:01:15",2691,2494,72958,-38.18252,-72.636717,3.85,77.5,4.85,22.05,,1.9
"2025-11-02 23:01:16",2693,2496,72941,0,,4.15,59,4.84,22.05,,1.9
"2025-11-02 23:01:17",2695,2498,72925,0,,4.1,68.3,4.83,22,,1.9
"2025-11-02 23:01:18",2696,2499,72910,-38.182472,-72.636588,4.25,61.2,4.79,22,,1.9
"2025-11-02 23:01:19",2698,2501,72897,0,,4.45,61,4.78,22,,1.8
"2025-11-02 23:01:20",2699,2502,72885,0,,3.85,63.8,4.75,21.95,,1.8
"2025-11-02 23:01:21",2700,2503,72874,-38.182425,-72.636457,4.05,76,4.72,21.95,,1.8
"2025-11-02 23:01:22",2703,2506,72853,0,,4.35,57.4,4.7,21.95,,1.8
"2025-11-02 23:01:23",2705,2508,72831,0,,3.95,66.6,4.69,21.95,,1.9
"2025-11-02 23:01:24",2708,2511,72810,-38.182378,-72.636328,4.25,66.3,4.68,22,,2
"2025-11-02 23:01:25",2709,2512,72795,0,,3.6,72.3,4.65,22,,2
"2025-11-02 23:01:26",2711,2514,72782,0,,4.85,56.7,4.65,22,,2
"2025-11-02 23:01:27",2712,2515,72770,-38.18233,-72.636202,3.8,68.1,4.65,22.05,,1.7
"2025-11-02 23:01:28",2714,2517,72756,0,,3.95,66.4,4.64,22,,1.7
"2025-11-02 23:01:29",2715,2518,72742,0,,4.1,71.5,4.6,22.05,,1.7
"2025-11-02 23:01:30",2717,2520,72728,-38.182285,-72.636072,4.7,58.3,4.63,22.1,,1.7
"2025-11-02 23:01:31",2719,2522,72709,0,,4.05,69.8,4.59,22.1,,1.7
"2025-11-02 23:01:32",2721,2524,72690,0,,5.1,59.2,4.58,22.15,,1.8
"2025-11-02 23:01:33",2723,2526,72672,-38.18223,-72.635937,4.05,67.2,4.56,22.2,15.75,1.9
"2025-11-02 23:01:34",2725,2528,72651,0,,4.8,67.5,4.56,22.15,,1.9
"2025-11-02 23:01:35",2728,2531,72632,0,,3.8,74.7,4.55,22.2,,1.9
"2025-11-02 23:01:36",2730,2533,72614,-38.182187,-72.635793,5.1,61.8,4.56,22.25,,1.8
"2025-11-02 23:01:37",2731,2534,72605,0,,4.05,65.3,4.55,22.3,,1.8
"2025-11-02 23:01:38",2732,2535,72596,0,,5.1,62.4,4.55,22.3,,1.7
"2025-11-02 23:01:39",2733,2536,72588,-38.182132,-72.635655,4.15,63.4,4.54,22.35,,1.7
"2025-11-02 23:01:40",2735,2538,72569,0,,4.4,72.3,4.55,22.3,,1.8
"2025-11-02 23:01:41",2737,2540,72550,0,,4.05,69.5,4.54,22.35,,1.8
"2025-11-02 23:01:42",2739,2542,72532,-38.182088,-72.635518,4.65,57.9,4.56,22.4,,1.8
"2025-11-02 23:01:43",2741,2544,72513,0,,4.4,63.9,4.55,22.4,,1.8
"2025-11-02 23:01:44",2743,2546,72495,0,,5.1,67.5,4.52,22.4,,1.8
"2025-11-02 23:01:45",2745,2548,72478,-38.182038,-72.635372,4.35,74.8,4.55,22.4,,1.8
"2025-11-02 23:01:46",2747,2550,72462,0,,4.45,66.1,4.52,22.4,,1.8
"2025-11-02 23:01:47",2749,2552,72446,0,,4.7,65.6,4.49,22.4,,1.8
"2025-11-02 23:01:48",2751,2554,72430,-38.181992,-72.635225,4.25,64.9,4.45,22.4,,1.8
"2025-11-02 23:01:49",2752,2555,72415,0,,4.7,62,4.43,22.4,,1.7
"2025-11-02 23:01:50",2754,2557,72400,0,,4.65,71,4.41,22.4,,1.8
"2025-11-02 23:01:51",2755,2558,72386,-38.181947,-72.635082,4.5,72.5,4.4,22.4,,1.8
"2025-11-02 23:01:52",2757,2560,72372,0,,4.1,69.7,4.39,22.4,,1.9
"2025-11-02 23:01:53",2758,2561,72359,0,,4.75,61.8,4.39,22.4,,1.8
"2025-11-02 23:01:54",2760,2563,72346,-38.181903,-72.634942,4.35,72.4,4.39,22.4,,1.8
"2025-11-02 23:01:55",2762,2565,72327,0,,4.9,66.2,4.42,22.4,,1.8
"2025-11-02 23:01:56",2764,2567,72308,0,,4.7,73,4.45,22.4,,1.8
"2025-11-02 23:01:57",2766,2569,72290,-38.181858,-72.634793,4.2,63.6,4.46,22.4,,1.8
"2025-11-02 23:01:58",2768,2571,72273,0,,4.05,77.2,4.44,22.35,,1.8
"2025-11-02 23:01:59",2770,2573,72256,0,,4.95,70.9,4.44,22.35,,1.8
"2025-11-02 23:02:00",2772,2575,72240,-38.181822,-72.634645,4.7,72.9,4.46,22.35,15.5,1.8
"2025-11-02 23:02:01",2774,2577,72225,0,,4.4,69.1,4.46,22.35,,1.8
"2025-11-02 23:02:02",2775,2578,72211,0,,4.35,74.2,4.44,22.35,,1.8
"2025-11-02 23:02:03",2777,2580,72198,-38.181783,-72.634505,4.25,68.1,4.4,22.35,,1.8
"2025-11-02 23:02:04",2778,2581,72183,0,,4.65,75.7,4.37,22.35,,1.8
"2025-11-02 23:02:05",2780,2583,72168,0,,4.55,74.8,4.34,22.3,,1.8
"2025-11-02 23:02:06",2782,2585,72154,-38.181748,-72.634355,5.05,63.8,4.31,22.3,,1.8
"2025-11-02 23:02:07",2783,2586,72141,0,,4.35,66.6,4.29,22.3,,1.7
"2025-11-02 23:02:08",2785,2588,72128,0,,5.3,67.1,4.3,22.25,,1.7
"2025-11-02 23:02:09",2786,2589,72116,-38.181698,-72.634205,4.35,73.2,4.29,22.25,,1.6
"2025-11-02 23:02:10",2787,2590,72102,0,,5.3,70,4.3,22.2,,1.6
"2025-11-02 23:02:11",2789,2592,72089,0,,3.8,69.3,4.31,22.15,,1.6
"2025-11-02 23:02:12",2790,2593,72076,-38.181652,-72.634058,5.15,60.1,4.33,22.15,,1.6
"2025-11-02 23:02:15",2796,2599,72028,-38.181588,-72.633908,4.65,63.2,4.29,22,,1.6
"2025-11-02 23:02:16",2798,2601,72014,0,,5,69.5,4.27,21.95,,1.6
"2025-11-02 23:02:17",2799,2602,72000,0,,4.4,64.1,4.27,21.9,,1.6
"2025-11-02 23:02:18",2801,2604,71986,-38.181538,-72.63376,4.65,60,4.27,21.85,,1.6
"2025-11-02 23:02:19",2803,2606,71969,0,,4.85,74,4.24,21.85,,1.6
"2025-11-02 23:02:20",2804,2607,71952,0,,4.95,63.6,4.22,21.8,,1.7
"2025-11-02 23:02:21",2806,2609,71936,-38.181488,-72.633603,5,66.1,4.21,21.75,,1.7
"2025-11-02 23:02:22",2808,2611,71921,0,,4.45,57.9,4.19,21.7,,1.7
"2025-11-02 23:02:23",2810,2613,71905,0,,4.45,69.8,4.2,21.65,,1.7
"2025-11-02 23:02:24",2812,2615,71890,-38.181437,-72.633468,3.85,61.3,4.18,21.55,,1.8
"2025-11-02 23:02:25",2813,2616,71874,0,,4.95,71.9,4.18,21.5,,1.8
"2025-11-02 23:02:26",2815,2618,71859,0,,4.75,59.7,4.18,21.5,,1.8
"2025-11-02 23:02:27",2817,2620,71844,-38.181382,-72.633323,4.9,59.5,4.16,21.4,15.5,1.8
"2025-11-02 23:02:28",2818,2621,71835,0,,4.25,56.8,4.18,21.25,,1.7
"2025-11-02 23:02:29",2819,2622,71827,0,,4.25,56.8,4.18,21.05,,1.6
"2025-11-02 23:02:30",2820,2623,71820,-38.181322,-72.633188,4.35,61.4,4.16,20.85,,1.6
"2025-11-02 23:02:31",2821,2624,71806,0,,5.35,58.3,4.18,20.7,,1.6
"2025-11-02 23:02:32",2823,2626,71792,0,,4.25,57.5,4.18,20.5,,1.6
"2025-11-02 23:02:33",2824,2627,71778,-38.181258,-72.63305,4.45,68.6,4.18,20.25,,1.5
"2025-11-02 23:02:34",2826,2629,71764,0,,4.65,61.8,4.18,20.05,,1.5
"2025-11-02 23:02:35",2828,2631,71750,0,,5.3,62.3,4.18,19.85,,1.5
"2025-11-02 23:02:36",2829,2632,71736,-38.181197,-72.632905,4.45,58.5,4.18,19.65,,1.5
"2025-11-02 23:02:37",2831,2634,71717,0,,4.8,58.4,4.18,19.5,,1.5
"2025-11-02 23:02:38",2833,2636,71699,0,,4.3,62.1,4.18,19.4,,1.5
"2025-11-02 23:02:39",2835,2638,71682,-38.181137,-72.632768,4.7,65.4,4.15,19.25,,1.6
"2025-11-02 23:02:41",2839,2642,71652,0,,4.7,57.6,4.15,19.05,,1.6
"2025-11-02 23:02:42",2840,2643,71638,-38.181068,-72.632625,4.85,54.4,4.13,18.95,,1.7
"2025-11-02 23:02:45",2843,2646,71610,-38.181005,-72.632488,4.2,57,4.13,18.65,,1.6
"2025-11-02 23:02:47",2847,2650,71575,0,,4,61.9,4.1,18.5,,1.7
"2025-11-02 23:02:48",2849,2652,71558,-38.180935,-72.632357,5.05,57.8,4.1,18.4,,1.7
"2025-11-02 23:02:50",2853,2656,71528,0,,5.15,54.2,4.08,18.3,,1.7
"2025-11-02 23:02:51",2854,2657,71514,-38.180867,-72.632228,3.8,52.3,4.08,18.2,,1.6
"2025-11-02 23:02:53",2858,2661,71485,0,,4.75,55.9,4.07,18.15,,1.6
"2025-11-02 23:02:54",2859,2662,71472,-38.180795,-72.632092,4.8,59.6,4.06,18.1,15.5,1.6
"2025-11-02 23:02:56",2861,2664,71454,0,,5.4,59.2,4.06,17.9,,1.5
"2025-11-02 23:02:57",2862,2665,71446,-38.180723,-72.631953,4.85,50.6,4.07,17.85,,1.6
"2025-11-02 23:02:58",2864,2667,71428,0,,4.9,60.3,4.07,17.6,,1.6
"2025-11-02 23:02:59",2866,2669,71412,0,,4.2,52.4,4.07,17.3,,1.5
"2025-11-02 23:03:00",2868,2671,71396,-38.180652,-72.631822,5.25,57.1,4.09,17.05,,1.5
"2025-11-02 23:03:01",2870,2673,71381,0,,5,48,4.1,16.65,,1.5
"2025-11-02 23:03:02",2871,2674,71366,0,,5.35,61.4,4.13,16.25,,1.6
"2025-11-02 23:03:03",2873,2676,71352,-38.180575,-72.63168,4.6,59.6,4.15,15.85,,1.6
"2025-11-02 23:03:04",2875,2678,71337,0,,5.1,58.1,4.14,15.45,,1.5
"2025-11-02 23:03:05",2876,2679,71323,0,,5.05,50.1,4.13,15.1,,1.6
"2025-11-02 23:03:06",2878,2681,71310,-38.180498,-72.63154,5.3,56.5,4.12,14.75,,1.5
"2025-11-02 23:03:07",2879,2682,71299,0,,5,56.5,4.11,14.4,,1.5
"2025-11-02 23:03:08",2880,2683,71289,0,,4.95,62.4,4.1,14.05,,1.6
"2025-11-02 23:03:09",2881,2684,71280,-38.180425,-72.631397,5.35,49.2,4.1,13.75,,1.6
"2025-11-02 23:03:10",2883,2686,71267,0,,4.5,54.6,4.1,13.5,,1.6
"2025-11-02 23:03:11",2884,2687,71255,0,,5.4,54.2,4.12,13.2,,1.5
"2025-11-02 23:03:12",2885,2688,71244,-38.180348,-72.631257,4.85,62.4,4.13,13,,1.5
"2025-11-02 23:03:14",2889,2692,71209,0,,4.1,57.4,4.16,12.55,,1.5
"2025-11-02 23:03:15",2891,2694,71192,-38.180273,-72.631118,5.55,56.1,4.18,12.3,,1.5
"2025-11-02 23:03:16",2893,2696,71177,0,,5.05,54.9,4.18,12.15,,1.5
"2025-11-02 23:03:17",2895,2698,71162,0,,5.05,56.6,4.15,12,,1.5
"2025-11-02 23:03:18",2896,2699,71148,-38.180197,-72.630973,4.75,53.3,4.14,11.85,,1.6
"2025-11-02 23:03:19",2898,2701,71137,0,,5,52,4.13,11.65,,1.5
"2025-11-02 23:03:20",2899,2702,71126,0,,5,48.6,4.13,11.55,,1.5
"2025-11-02 23:03:21",2900,2703,71116,-38.180113,-72.630835,5.65,57.1,4.1,11.4,15.25,1.5
"2025-11-02 23:03:22",2902,2705,71102,0,,5.25,52.4,4.07,11.3,,1.6
"2025-11-02 23:03:23",2903,2706,71089,0,,4.65,60.6,4.04,11.25,,1.6
"2025-11-02 23:03:24",2905,2708,71076,-38.180035,-72.630697,4.85,49.7,4.04,11.15,,1.6
"2025-11-02 23:03:25",2906,2709,71063,0,,5.25,54.6,4.02,11.05,,1.6
"2025-11-02 23:03:26",2908,2711,71050,0,,5.6,47.2,4.01,10.9,,1.5
"2025-11-02 23:03:27",2909,2712,71038,-38.17995,-72.630555,4.9,61.2,3.99,10.85,,1.5
"2025-11-02 23:03:28",2910,2713,71024,0,,,,3.96,10.8,,1.5
"2025-11-02 23:03:29",2912,2715,71011,0,,,,3.94,10.7,,1.4
"2025-11-02 23:03:30",2913,2716,70998,0,,,,3.91,10.65,,1.4
"2025-11-02 23:03:31",2915,2718,70988,0,,4.55,60,3.91,10.55,,1.4
"2025-11-02 23:03:32",2916,2719,70979,0,,5.2,49.9,3.92,10.55,,1.4
"2025-11-02 23:03:33",2917,2720,70970,-38.179787,-72.630272,5,48.7,3.91,10.5,,1.4
"2025-11-02 23:03:34",2918,2721,70955,0,,5.35,48.6,3.91,10.55,,1.4
"2025-11-02 23:03:35",2920,2723,70940,0,,5.55,49.2,3.91,10.5,,1.4
"2025-11-02 23:03:36",2922,2725,70926,-38.179693,-72.630133,4.75,52.9,3.92,10.5,,1.4
"2025-11-02 23:03:37",2923,2726,70913,0,,4.75,50.5,3.91,10.45,,1.4
"2025-11-02 23:03:38",2925,2728,70900,0,,5,45.5,3.89,10.45,,1.4
"2025-11-02 23:03:39",2926,2729,70888,-38.179605,-72.630005,5.55,48,3.85,10.4,,1.4
"2025-11-02 23:03:40",2928,2731,70875,0,,4.7,54.3,3.86,10.35,,1.4
"2025-11-02 23:03:41",2929,2732,70862,0,,5.4,52.8,3.85,10.3,,1.4
"2025-11-02 23:03:42",2930,2733,70850,-38.17952,-72.629868,5.05,50.9,3.85,10.25,,1.4
"2025-11-02 23:03:44",2933,2736,70829,0,,4.9,52.3,3.85,10.15,,1.4
"2025-11-02 23:03:45",2934,2737,70820,-38.179428,-72.629742,5.25,52.1,3.86,10.1,,1.4
"2025-11-02 23:03:46",2935,2738,70806,0,,5.15,56.8,3.9,10,,1.4
"2025-11-02 23:03:47",2937,2740,70793,0,,5.15,43.2,3.89,9.95,,1.4
"2025-11-02 23:03:48",2939,2742,70780,-38.179337,-72.629607,5.15,49.9,3.85,9.9,14.75,1.4
"2025-11-02 23:03:49",2940,2743,70768,0,,4.95,55.5,3.83,9.8,,1.4
"2025-11-02 23:03:50",2941,2744,70757,0,,5.3,54.5,3.8,9.8,,1.4
"2025-11-02 23:03:51",2942,2745,70746,-38.179255,-72.629472,4.8,49,3.8,9.75,,1.4
"2025-11-02 23:03:52",2944,2747,70733,0,,5.3,47.8,3.79,9.7,,1.4
"2025-11-02 23:03:53",2945,2748,70720,0,,4.85,56.5,3.77,9.7,,1.4
"2025-11-02 23:03:54",2947,2750,70708,-38.179165,-72.629337,5.55,50.9,3.74,9.65,,1.4
"2025-11-02 23:03:55",2948,2751,70697,0,,4.7,51.1,3.75,9.6,,1.4
"2025-11-02 23:03:56",2949,2752,70686,0,,5.4,50.7,3.72,9.6,,1.3
"2025-11-02 23:03:57",2951,2754,70676,-38.179078,-72.629205,4.55,49.8,3.7,9.6,,1.4
"2025-11-02 23:03:58",2952,2755,70662,0,,5.2,52.8,3.68,9.6,,1.4
"2025-11-02 23:03:59",2954,2757,70649,0,,5.2,51.2,3.67,9.6,,1.4
"2025-11-02 23:04:00",2955,2758,70636,-38.178992,-72.629067,5.65,50.7,3.64,9.65,,1.4
"2025-11-02 23:04:01",2956,2759,70628,0,,4.9,56.9,3.63,9.7,,1.3
"2025-11-02 23:04:02",2957,2760,70621,0,,4.9,55.7,3.63,9.7,,1.3
"2025-11-02 23:04:03",2958,2761,70614,-38.178908,-72.628925,5.3,50.8,3.63,9.7,,1.3
"2025-11-02 23:04:04",2959,2762,70598,0,,5.65,49.5,3.62,9.7,,1.3
"2025-11-02 23:04:05",2961,2764,70582,0,,4.8,55.7,3.62,9.7,,1.3
"2025-11-02 23:04:06",2963,2766,70566,-38.178825,-72.628785,4.8,59.3,3.6,9.75,,1.4
"2025-11-02 23:04:07",2964,2767,70555,0,,5.65,50.9,3.61,9.75,,1.4
"2025-11-02 23:04:08",2966,2769,70545,0,,4.95,55.1,3.59,9.75,,1.4
"2025-11-02 23:04:09",2967,2770,70536,-38.178742,-72.62864,5.1,52.5,3.59,9.75,,1.3
"2025-11-02 23:04:10",2968,2771,70525,0,,4.5,59.3,3.59,9.8,,1.3
"2025-11-02 23:04:11",2969,2772,70513,0,,5.85,49.9,3.59,9.8,,1.3
"2025-11-02 23:04:12",2971,2774,70502,-38.17866,-72.628502,5,55.7,3.59,9.8,,1.3
"2025-11-02 23:04:14",2974,2777,70475,0,,5.2,54,3.56,9.8,,1.4
"2025-11-02 23:04:15",2975,2778,70462,-38.178568,-72.628355,5.65,54.2,3.55,9.8,14.5,1.4
"2025-11-02 23:04:16",2976,2779,70454,0,,5.7,53.2,3.57,9.75,,1.4
"2025-11-02 23:04:17",2977,2780,70447,0,,5.55,59.2,3.56,9.75,,1.3
"2025-11-02 23:04:18",2978,2781,70440,-38.178483,-72.6282,4.8,53.7,3.55,9.7,,1.2
"2025-11-02 23:04:19",2979,2782,70430,0,,5.25,58.9,3.55,9.65,,1.2
"2025-11-02 23:04:20",2980,2783,70420,0,,5.15,58.1,3.55,9.65,,1.2
"2025-11-02 23:04:21",2981,2784,70410,-38.178407,-72.628048,5.65,54.6,3.59,9.6,,1.2
"2025-11-02 23:04:22",2983,2786,70395,0,,5.6,50,3.61,9.65,,1.2
"2025-11-02 23:04:23",2985,2788,70380,0,,5.4,52.4,3.61,9.6,,1.3
"2025-11-02 23:04:24",2986,2789,70366,-38.178318,-72.627898,5.3,58.6,3.59,9.55,,1.3
"2025-11-02 23:04:25",2988,2791,70355,0,,5,55.9,3.55,9.55,,1.3
"2025-11-02 23:04:26",2989,2792,70344,0,,6,56.4,3.54,9.5,,1.3
"2025-11-02 23:04:27",2990,2793,70334,-38.178235,-72.627748,5.05,49.4,3.54,9.5,,1.2
"2025-11-02 23:04:28",2991,2794,70324,0,,5.4,56.7,3.52,9.5,,1.2
"2025-11-02 23:04:29",2992,2795,70315,0,,4.95,54.7,3.5,9.45,,1.2
"2025-11-02 23:04:30",2993,2796,70306,-38.178155,-72.627602,5.55,59.9,3.48,9.45,,1.3
"2025-11-02 23:04:31",2995,2798,70294,0,,5.25,48.6,3.47,9.4,,1.3
"2025-11-02 23:04:32",2996,2799,70283,0,,5.85,52.1,3.48,9.4,,1.3
"2025-11-02 23:04:33",2997,2800,70272,-38.178067,-72.627453,5.55,54.7,3.48,9.35,,1.3
"2025-11-02 23:04:34",2998,2801,70266,0,,5.9,59.9,3.46,9.35,,1.3
"2025-11-02 23:04:35",2999,2802,70260,0,,5.15,55.1,3.43,9.35,,1.2
"2025-11-02 23:04:36",2999,2802,70254,-38.177985,-72.627297,5.2,54.9,3.41,9.3,,1.1
"2025-11-02 23:04:37",3001,2804,70239,0,,5.3,48.7,3.4,9.35,,1.1
"2025-11-02 23:04:38",3002,2805,70225,0,,5.65,56.9,3.38,9.3,,1.1
"2025-11-02 23:04:39",3004,2807,70212,-38.177897,-72.627145,5.65,57.1,3.37,9.3,,1.2
"2025-11-02 23:04:40",3005,2808,70200,0,,4.9,55.3,3.38,9.3,,1.2
"2025-11-02 23:04:41",3007,2810,70189,0,,5.6,50.2,3.38,9.25,,1.2
"2025-11-02 23:04:42",3008,2811,70178,-38.17781,-72.626998,5.25,54.1,3.36,9.25,14.5,1.2
"2025-11-02 23:04:44",3009,2812,70166,0,,5.1,57.1,3.34,9.25,,1.1
"2025-11-02 23:04:45",3010,2813,70160,-38.177727,-72.626843,5.35,52,3.33,9.25,,1.1
"2025-11-02 23:04:46",3012,2815,70144,0,,5.1,62.3,3.32,9.25,,1.2
"2025-11-02 23:04:47",3014,2817,70129,0,,6.2,50.9,3.3,9.2,,1.3
"2025-11-02 23:04:48",3015,2818,70114,-38.17764,-72.626683,5.95,55.8,3.28,9.2,,1.4
"2025-11-02 23:04:49",3017,2820,70104,0,,6.55,52.1,3.25,9.2,,1.3
"2025-11-02 23:04:50",3018,2821,70095,0,,5.95,55.5,3.25,9.2,,1.3
"2025-11-02 23:04:51",3019,2822,70086,-38.177543,-72.626512,5.7,55,3.25,9.2,,1.2
"2025-11-02 23:04:52",3020,2823,70075,0,,5.9,50.9,3.24,9.2,,1.2
"2025-11-02 23:04:53",3021,2824,70064,0,,5.45,52.2,3.23,9.25,,1.2
"2025-11-02 23:04:54",3022,2825,70054,-38.17745,-72.626353,6.2,55.9,3.24,9.25,,1.2
"2025-11-02 23:04:55",3023,2826,70047,0,,5.95,52.9,3.25,9.25,,1.2
"2025-11-02 23:04:56",3024,2827,70041,0,,6.2,49.7,3.27,9.25,,1.1
"2025-11-02 23:04:57",3025,2828,70036,-38.17735,-72.62619,5.9,55.5,3.28,9.25,,1.2
"2025-11-02 23:04:58",3025,2828,70027,0,,6,57.3,3.32,9.25,,1.1
"2025-11-02 23:04:59",3026,2829,70019,0,,5.8,52.8,3.34,9.25,,1.1
"2025-11-02 23:05:00",3027,2830,70012,-38.177257,-72.626025,6.45,51,3.36,9.25,,1
"2025-11-02 23:05:01",3029,2832,69998,0,,5.8,51.2,3.35,9.25,,1
"2025-11-02 23:05:02",3030,2833,69985,0,,6.4,56,3.32,9.25,,1.1
"2025-11-02 23:05:03",3032,2835,69972,-38.17716,-72.625857,5.95,57.1,3.31,9.25,,1.1
"2025-11-02 23:05:04",3033,2836,69961,0,,6.2,47.4,3.27,9.25,,1.1
"2025-11-02 23:05:05",3034,2837,69951,0,,5.65,58.2,3.28,9.25,,1.1
"2025-11-02 23:05:06",3035,2838,69942,-38.177062,-72.62569,6.3,50.2,3.28,9.25,,1.1
"2025-11-02 23:05:07",3037,2840,69930,0,,6.5,57.2,3.26,9.25,,1.1
"2025-11-02 23:05:08",3038,2841,69919,0,,6.25,46.9,3.24,9.25,,1.2
"2025-11-02 23:05:09",3039,2842,69908,-38.176958,-72.625515,6.1,56.3,3.24,9.3,14.25,1.2
"2025-11-02 23:05:11",3041,2844,69894,0,,6.95,56.4,3.21,9.3,,1.2
"2025-11-02 23:05:12",3042,2845,69888,-38.176857,-72.62534,6.05,51,3.2,9.3,,1.2
"2025-11-02 23:05:15",3045,2848,69858,-38.176762,-72.625162,6.6,50.9,3.17,9.3,,1.1
"2025-11-02 23:05:17",3048,2851,69835,0,,6.45,56.2,3.16,9.35,,1.1
"2025-11-02 23:05:18",3049,2852,69824,-38.176662,-72.624983,6.45,58.2,3.18,9.35,,1.1
"2025-11-02 23:05:20",3051,2854,69809,0,,6.25,53,3.1,9.35,,1.1
"2025-11-02 23:05:21",3052,2855,69802,-38.176563,-72.624812,6.25,48.1,3.07,9.35,,1.1
"2025-11-02 23:05:23",3054,2857,69783,0,,6.2,55.7,3.07,9.4,,1.1
"2025-11-02 23:05:24",3055,2858,69774,-38.176467,-72.624633,6.7,54.5,3.06,9.45,,1.1
"2025-11-02 23:05:26",3057,2860,69756,0,,6.65,53.9,3.03,9.5,,1.1
"2025-11-02 23:05:27",3058,2861,69748,-38.176362,-72.624462,5.95,52.9,3.01,9.5,,1.1
"2025-11-02 23:05:29",3061,2864,69725,0,,6.4,52,3.02,9.5,,1.1
"2025-11-02 23:05:30",3062,2865,69714,-38.176262,-72.624283,6.6,52.9,3.01,9.55,,1.1
"2025-11-02 23:05:31",3063,2866,69707,0,,6.45,50.9,3,9.65,,1
"2025-11-02 23:05:32",3064,2867,69700,0,,5.65,58.8,3.01,9.65,,1.1
"2025-11-02 23:05:33",3064,2867,69694,-38.176162,-72.624112,6.25,54.7,3.01,9.7,,1
"2025-11-02 23:05:34",3065,2868,69688,0,,6.55,49.9,2.98,9.75,,1
"2025-11-02 23:05:35",3066,2869,69683,0,,6.3,53.2,2.97,9.75,,1
"2025-11-02 23:05:36",3066,2869,69678,-38.176058,-72.623938,6.15,56.7,2.93,9.8,14,0.9
"2025-11-02 23:05:37",3067,2870,69666,0,,5.85,56.7,2.92,9.85,,1
"2025-11-02 23:05:38",3069,2872,69655,0,,5.85,55.6,2.9,9.9,,1
"2025-11-02 23:05:39",3070,2873,69644,-38.175967,-72.62377,6.35,51.2,2.88,9.95,,1
"2025-11-02 23:05:40",3071,2874,69638,0,,6,51.9,2.86,10,,1
"2025-11-02 23:05:41",3071,2874,69633,0,,5.75,57.2,2.88,10.05,,0.9
"2025-11-02 23:05:42",3072,2875,69628,-38.17587,-72.623607,5.75,53.7,2.89,10.1,,0.8
"2025-11-02 23:05:43",3073,2876,69616,0,,6.55,54.5,2.91,10.15,,0.9
"2025-11-02 23:05:44",3075,2878,69605,0,,5.95,51.4,2.91,10.15,,0.9
"2025-11-02 23:05:45",3076,2879,69594,-38.175775,-72.62344,6.05,58.2,2.89,10.2,,1
"2025-11-02 23:05:46",3077,2880,69584,0,,5.35,53.1,2.89,10.25,,1
"2025-11-02 23:05:47",3078,2881,69574,0,,6.7,57.3,2.91,10.25,,1.1
"2025-11-02 23:05:48",3079,2882,69564,-38.175682,-72.623272,6.1,50,2.88,10.3,,1.1
"2025-11-02 23:05:49",3080,2883,69558,0,,6.35,53.7,2.86,10.25,,1
"2025-11-02 23:05:50",3081,2884,69553,0,,5.2,52.2,2.88,10.3,,1
"2025-11-02 23:05:51",3081,2884,69548,-38.175585,-72.62311,6.15,58.3,2.85,10.35,,0.9
"2025-11-02 23:05:52",3082,2885,69539,0,,6.05,53.5,2.8,10.4,,0.9
"2025-11-02 23:05:53",3083,2886,69530,0,,6.3,55.6,2.8,10.4,,1
"2025-11-02 23:05:54",3084,2887,69522,-38.175493,-72.622935,5.4,58.5,2.86,10.45,,1
"2025-11-02 23:05:55",3085,2888,69513,0,,6.1,55,2.87,10.45,,1
"2025-11-02 23:05:56",3086,2889,69505,0,,6.1,57.5,2.86,10.45,,1
"2025-11-02 23:05:57",3087,2890,69498,-38.175407,-72.622768,5.35,53.9,2.83,10.5,,0.9
"2025-11-02 23:05:58",3088,2891,69489,0,,5.95,59.3,2.88,10.5,,0.9
"2025-11-02 23:05:59",3089,2892,69480,0,,4.95,57,2.9,10.55,,0.9
"2025-11-02 23:06:00",3090,2893,69472,-38.175325,-72.622607,6.2,57.6,2.89,10.55,,0.9
"2025-11-02 23:06:01",3091,2894,69469,0,,6.2,50.8,2.9,10.6,,0.9
"2025-11-02 23:06:02",3091,2894,69466,0,,5.75,58.9,2.88,10.6,,0.8
"2025-11-02 23:06:03",3091,2894,69464,-38.175237,-72.622443,5.3,59.4,2.85,10.6,14,0.8
"2025-11-02 23:06:04",3092,2895,69453,0,,6.25,58,2.83,10.6,,0.8
"2025-11-02 23:06:05",3093,2896,69443,0,,6.25,56.8,2.87,10.6,,0.8
"2025-11-02 23:06:06",3095,2898,69434,-38.17515,-72.622273,5.95,57.3,2.88,10.6,,0.9
"2025-11-02 23:06:08",3097,2900,69411,0,,6.15,58.1,2.86,10.65,,0.9
"2025-11-02 23:06:09",3099,2902,69400,-38.175072,-72.622105,6.15,58.9,2.85,10.65,,1
"2025-11-02 23:06:10",3100,2903,69391,0,,6.45,56.7,2.82,10.65,,1
"2025-11-02 23:06:11",3101,2904,69382,0,,5.4,58.9,2.88,10.65,,1
"2025-11-02 23:06:12",3102,2905,69374,-38.174982,-72.621932,6.15,56.2,2.88,10.65,,1
"2025-11-02 23:06:15",3104,2907,69350,-38.174898,-72.621748,6.15,58.7,2.8,10.65,,1.1
"2025-11-02 23:06:16",3105,2908,69342,0,,5.85,57.4,2.8,10.6,,1.1
"2025-11-02 23:06:17",3106,2909,69334,0,,5.5,66.4,2.8,10.6,,1.1
"2025-11-02 23:06:18",3107,2910,69326,-38.174822,-72.621573,6,59.9,2.8,10.6,,1.1
"2025-11-02 23:06:19",3108,2911,69318,0,,6.55,56.6,2.79,10.6,,1
"2025-11-02 23:06:20",3109,2912,69310,0,,6.1,57.7,2.79,10.55,,1
"2025-11-02 23:06:21",3110,2913,69302,-38.174735,-72.621393,5.9,63,2.79,10.55,,1
"2025-11-02 23:06:22",3111,2914,69297,0,,5.7,57.7,2.79,10.6,,0.9
"2025-11-02 23:06:23",3111,2914,69292,0,,6.7,58.9,2.79,10.6,,0.9
"2025-11-02 23:06:24",3112,2915,69288,-38.17465,-72.621213,6,56.8,2.79,10.55,,0.9
"2025-11-02 23:06:25",3113,2916,69277,0,,6.4,59.1,2.79,10.55,,0.9
"2025-11-02 23:06:26",3114,2917,69266,0,,5.65,57.3,2.79,10.55,,0.9
"2025-11-02 23:06:27",3116,2919,69256,-38.174563,-72.621035,6.25,58.2,2.79,10.55,,0.9
"2025-11-02 23:06:29",3117,2920,69242,0,,6.75,57.2,2.79,10.55,,0.9
"2025-11-02 23:06:30",3118,2921,69236,-38.174475,-72.620853,5.7,64.3,2.78,10.55,13.5,0.9
"2025-11-02 23:06:31",3118,2921,69233,0,,6.35,56.3,2.78,10.55,,0.8
"2025-11-02 23:06:32",3118,2921,69230,0,,5.95,56.4,2.78,10.55,,0.8
"2025-11-02 23:06:33",3119,2922,69228,-38.174387,-72.620675,6.65,56.5,2.79,10.55,,0.7
"2025-11-02 23:06:34",3120,2923,69215,0,,6.05,62.3,2.79,10.55,,0.8
"2025-11-02 23:06:35",3122,2925,69202,0,,6.65,57.6,2.79,10.55,,0.9
"2025-11-02 23:06:36",3123,2926,69190,-38.174297,-72.620488,6.35,56.2,2.79,10.55,,1
"2025-11-02 23:06:37",3124,2927,69187,0,,6.8,59.1,2.8,10.55,,0.9
"2025-11-02 23:06:38",3124,2927,69184,0,,6,62.8,2.8,10.5,,0.8
"2025-11-02 23:06:39",3124,2927,69182,-38.174213,-72.620303,6,58.2,2.8,10.5,,0.8
"2025-11-02 23:06:40",3125,2928,69171,0,,6.05,63.9,2.85,10.45,,0.8
"2025-11-02 23:06:41",3127,2930,69160,0,,6.55,55.3,2.82,10.45,,0.8
"2025-11-02 23:06:42",3128,2931,69150,-38.174128,-72.620118,6.55,64.6,2.8,10.4,,0.8
"2025-11-02 23:06:43",3129,2932,69142,0,,6.45,55.3,2.79,10.35,,0.8
"2025-11-02 23:06:44",3130,2933,69135,0,,5.55,64,2.8,10.35,,0.9
"2025-11-02 23:06:45",3131,2934,69128,-38.174047,-72.619938,6,57.4,2.8,10.3,,0.9
"2025-11-02 23:06:46",3132,2935,69118,0,,6.4,62.9,2.79,10.25,,1
"2025-11-02 23:06:47",3133,2936,69109,0,,6.4,58.3,2.79,10.2,,1
"2025-11-02 23:06:48",3134,2937,69100,-38.173962,-72.619753,5.8,60,2.79,10.2,,0.9
"2025-11-02 23:06:49",3134,2937,69095,0,,6.4,56.1,2.8,10.2,,0.9
"2025-11-02 23:06:50",3135,2938,69091,0,,6.2,68.2,2.79,10.15,,0.9
"2025-11-02 23:06:51",3135,2938,69088,-38.173883,-72.619568,6.05,61.2,2.79,10.15,,0.9
"2025-11-02 23:06:52",3136,2939,69080,0,,6.75,63.2,2.79,10.1,,0.9
"2025-11-02 23:06:53",3137,2940,69073,0,,6.3,53.4,2.79,10.05,,0.9
"2025-11-02 23:06:54",3138,2941,69066,-38.173795,-72.619378,6.55,62.2,2.79,10.05,,0.8
"2025-11-02 23:06:55",3138,2941,69062,0,,5.9,64.5,2.79,10,,0.8
"2025-11-02 23:06:56",3139,2942,69058,0,,6.55,63.7,2.79,10,,0.8
"2025-11-02 23:06:57",3139,2942,69054,-38.173718,-72.619187,6.3,61,2.79,9.95,13.75,0.7
"2025-11-02 23:06:58",3141,2944,69040,0,,6.6,57.6,2.79,9.95,,0.8
"2025-11-02 23:06:59",3142,2945,69027,0,,5.75,66.9,2.79,9.95,,0.8
"2025-11-02 23:07:00",3144,2947,69014,-38.17364,-72.619,6.2,63.6,2.79,9.9,,0.8
"2025-11-02 23:07:01",3144,2947,69009,0,,6.2,59.8,2.79,9.8,,0.8
"2025-11-02 23:07:02",3145,2948,69005,0,,6.7,60.7,2.79,9.75,,0.8
"2025-11-02 23:07:03",3145,2948,69002,-38.17356,-72.618808,5.8,68.2,2.79,9.7,,0.8
"2025-11-02 23:07:04",3146,2949,68993,0,,6.4,64.7,2.79,9.65,,0.9
"2025-11-02 23:07:05",3147,2950,68984,0,,6.3,58.9,2.79,9.55,,0.9
"2025-11-02 23:07:06",3148,2951,68976,-38.173488,-72.618615,6.3,66.7,2.79,9.5,,0.9
"2025-11-02 23:07:07",3149,2952,68969,0,,6,65.4,2.79,9.5,,0.9
"2025-11-02 23:07:08",3150,2953,68963,0,,6.65,66.1,2.79,9.45,,0.9
"2025-11-02 23:07:09",3151,2954,68958,-38.17342,-72.618412,6.55,70.8,2.79,9.4,,0.9
"2025-11-02 23:07:10",3151,2954,68951,0,,6.45,62,2.79,9.3,,0.9
"2025-11-02 23:07:11",3152,2955,68944,0,,6.15,64.1,2.79,9.3,,0.8
"2025-11-02 23:07:12",3153,2956,68938,-38.17335,-72.618215,6.15,62.3,2.79,9.25,,0.7
"2025-11-02 23:07:15",3155,2958,68918,-38.173278,-72.618012,6.3,66.1,2.79,9.2,,0.8
"2025-11-02 23:07:16",3156,2959,68910,0,,6.05,65.9,2.8,9.15,,0.8
"2025-11-02 23:07:17",3157,2960,68903,0,,6.85,65.4,2.79,9.15,,0.8
"2025-11-02 23:07:18",3158,2961,68896,-38.173207,-72.617807,7.1,65.2,2.79,9.1,,0.8
"2025-11-02 23:07:19",3159,2962,68889,0,,6.55,67.4,2.79,9.1,,0.8
"2025-11-02 23:07:20",3159,2962,68882,0,,6.5,65.4,2.79,9.05,,0.8
"2025-11-02 23:07:21",3160,2963,68876,-38.17314,-72.617598,6.55,62.2,2.79,9.05,,0.8
"2025-11-02 23:07:22",3161,2964,68871,0,,6.95,66.3,2.79,9.05,,0.8
"2025-11-02 23:07:23",3161,2964,68866,0,,7.1,66,2.8,9.05,,0.8
"2025-11-02 23:07:24",3162,2965,68862,-38.173067,-72.617385,6.6,70.3,2.79,9,13.5,0.7
"2025-11-02 23:07:25",3163,2966,68854,0,,6.25,63.2,2.8,8.95,,0.8
"2025-11-02 23:07:26",3164,2967,68846,0,,6.4,68.6,2.79,8.95,,0.8
"2025-11-02 23:07:27",3165,2968,68838,-38.172997,-72.617185,6.9,66.2,2.79,8.95,,0.8
"2025-11-02 23:07:28",3165,2968,68833,0,,7.05,70.8,2.79,8.95,,0.8
"2025-11-02 23:07:29",3166,2969,68828,0,,6.8,62.7,2.79,8.95,,0.7
"2025-11-02 23:07:30",3166,2969,68824,-38.172928,-72.61697,6.5,68.1,2.79,8.9,,0.7
"2025-11-02 23:07:31",3168,2971,68814,0,,7.25,64.9,2.79,8.9,,0.7
"2025-11-02 23:07:32",3169,2972,68804,0,,6.95,71.6,2.79,8.9,,0.8
"2025-11-02 23:07:33",3170,2973,68794,-38.17286,-72.616753,6.25,67,2.79,8.85,,0.8
"2025-11-02 23:07:34",3171,2974,68786,0,,7.15,66.4,2.79,8.8,,0.8
"2025-11-02 23:07:35",3172,2975,68778,0,,7.15,65.2,2.79,8.75,,0.8
"2025-11-02 23:07:36",3173,2976,68770,-38.172787,-72.616537,7.1,70.8,2.79,8.7,,0.9
"2025-11-02 23:07:37",3173,2976,68765,0,,6.35,65.1,2.79,8.65,,0.9
"2025-11-02 23:07:38",3174,2977,68761,0,,7.5,70.7,2.79,8.65,,0.8
"2025-11-02 23:07:39",3174,2977,68758,-38.172717,-72.616318,6.35,63.7,2.79,8.6,,0.8
"2025-11-02 23:07:41",3175,2978,68747,0,,6.25,65.6,2.79,8.5,,0.8
"2025-11-02 23:07:42",3176,2979,68742,-38.172647,-72.616107,7.1,63.6,2.79,8.45,,0.8
"2025-11-02 23:07:45",3181,2984,68700,-38.17257,-72.615898,6.3,68.7,2.79,8.25,,0.9
"2025-11-02 23:07:47",3182,2985,68693,0,,6.6,70,2.79,8.1,,0.8
"2025-11-02 23:07:48",3182,2985,68690,-38.172498,-72.615688,6.55,60.3,2.8,8.05,,0.8
"2025-11-02 23:07:50",3185,2988,68666,0,,7.05,65.8,2.79,7.9,,0.9
"2025-11-02 23:07:51",3186,2989,68654,-38.172427,-72.615478,6.8,70.6,2.79,7.85,13.25,1
"2025-11-02 23:07:53",3188,2991,68639,0,,7.3,65.4,2.79,7.8,,1.1
"2025-11-02 23:07:54",3189,2992,68632,-38.172358,-72.615268,6.3,66.5,2.8,7.75,,1.1
"2025-11-02 23:07:56",3191,2994,68616,0,,6.3,68.7,2.8,7.7,,1.1
"2025-11-02 23:07:57",3192,2995,68608,-38.172292,-72.615055,7.15,67.2,2.8,7.7,,1.1
"2025-11-02 23:07:58",3193,2996,68600,0,,6.7,68.4,2.8,7.65,,0.9
"2025-11-02 23:07:59",3194,2997,68593,0,,7.25,71.3,2.8,7.65,,1
"2025-11-02 23:08:00",3194,2997,68586,-38.172228,-72.614833,6.25,69.6,2.86,7.65,,1
"2025-11-02 23:08:01",3195,2998,68578,0,,7.55,66.5,2.83,7.7,,1
"2025-11-02 23:08:02",3196,2999,68570,0,,6.6,69.6,2.87,7.7,,0.9
"2025-11-02 23:08:03",3197,3000,68562,-38.172158,-72.614612,6.9,67.6,2.87,7.7,,0.9
"2025-11-02 23:08:04",3198,3001,68556,0,,6.35,73.9,2.9,7.7,,0.9
"2025-11-02 23:08:05",3199,3002,68550,0,,7.45,66.4,2.92,7.7,,0.9
"2025-11-02 23:08:06",3199,3002,68544,-38.172098,-72.614388,7,74.8,2.92,7.75,,0.9
"2025-11-02 23:08:07",3200,3003,68540,0,,7.3,65.5,2.9,7.9,,0.8
"2025-11-02 23:08:08",3200,3003,68537,0,,6.2,74.8,2.91,8.05,,0.8
"2025-11-02 23:08:09",3201,3004,68534,-38.172037,-72.614167,7.2,67.7,2.94,8.2,,0.7
"2025-11-02 23:08:10",3202,3005,68522,0,,6.8,77.7,2.95,8.45,,0.8
"2025-11-02 23:08:11",3203,3006,68511,0,,7.35,67.3,2.95,8.65,,0.8
"2025-11-02 23:08:12",3205,3008,68500,-38.171975,-72.613938,6.85,71.2,2.93,8.95,,0.9
"2025-11-02 23:08:14",3206,3009,68490,0,,6.8,72.5,2.91,9.6,,0.8
"2025-11-02 23:08:15",3206,3009,68486,-38.171917,-72.613723,6.45,69.6,2.91,9.95,,0.7
"2025-11-02 23:08:16",3208,3011,68474,0,,7.15,77.7,2.92,10.25,,0.8
"2025-11-02 23:08:17",3209,3012,68462,0,,6.65,67.1,2.92,10.55,,0.9
"2025-11-02 23:08:18",3211,3014,68450,-38.171862,-72.6135,6.9,76.8,2.88,10.8,13,0.9
"2025-11-02 23:08:19",3211,3014,68445,0,,6.75,70.1,2.87,11.1,,0.9
"2025-11-02 23:08:20",3212,3015,68441,0,,7.4,77.8,2.87,11.3,,0.9
"2025-11-02 23:08:21",3212,3015,68438,-38.17181,-72.613268,6.9,67.7,2.88,11.5,,0.9
"2025-11-02 23:08:22",3213,3016,68425,0,,7.6,72.6,2.86,11.7,,1
"2025-11-02 23:08:23",3215,3018,68412,0,,6.85,69.5,2.8,11.95,,1
"2025-11-02 23:08:24",3217,3020,68400,-38.171748,-72.613035,7.05,76.1,2.8,12.15,,1
"2025-11-02 23:08:25",3217,3020,68395,0,,7.1,70.8,2.82,12.35,,1
"2025-11-02 23:08:26",3218,3021,68390,0,,7.1,73.8,2.8,12.6,,0.9
"2025-11-02 23:08:27",3218,3021,68386,-38.171693,-72.612805,6.65,70.7,2.79,12.8,,1
"2025-11-02 23:08:28",3220,3023,68371,0,,6.8,77.5,2.8,13,,1
"2025-11-02 23:08:29",3222,3025,68356,0,,7.1,71.4,2.79,13.15,,1
"2025-11-02 23:08:30",3223,3026,68342,-38.171635,-72.612578,7.45,69.2,2.79,13.35,,1.1
"2025-11-02 23:08:31",3224,3027,68334,0,,6.9,72.8,2.79,13.55,,1.1
"2025-11-02 23:08:32",3225,3028,68327,0,,6.9,69.5,2.79,13.75,,1.1
"2025-11-02 23:08:33",3226,3029,68320,-38.171573,-72.612355,6.5,73.7,2.79,13.95,,1.2
"2025-11-02 23:08:34",3227,3030,68308,0,,7.7,72,2.79,14.15,,1.2
"2025-11-02 23:08:35",3229,3032,68296,0,,6.7,71.9,2.79,14.35,,1.2
"2025-11-02 23:08:36",3230,3033,68284,-38.171515,-72.612127,6.8,70.5,2.79,14.5,,1.1
"2025-11-02 23:08:37",3231,3034,68276,0,,6.85,76.1,2.79,14.7,,1.1
"2025-11-02 23:08:38",3232,3035,68268,0,,7.6,70.3,2.79,14.85,,1.2
"2025-11-02 23:08:39",3233,3036,68260,-38.171458,-72.61189,7.1,75.3,2.79,15,,1.2
"2025-11-02 23:08:40",3234,3037,68253,0,,7.1,66.2,2.79,15.15,,1.2
"2025-11-02 23:08:41",3235,3038,68246,0,,6.85,77.9,2.78,15.3,,1.1
"2025-11-02 23:08:42",3236,3039,68240,-38.171403,-72.611665,6.85,70.5,2.76,15.4,,1
"2025-11-02 23:08:44",3239,3042,68212,0,,6.95,68.3,2.78,15.6,,1.1
"2025-11-02 23:08:45",3241,3044,68198,-38.171338,-72.611438,7.3,72.1,2.78,15.7,13,1.2
"2025-11-02 23:08:46",3241,3044,68190,0,,7.05,73.4,2.72,15.8,,1.2
"2025-11-02 23:08:47",3242,3045,68183,0,,7.5,71.2,2.68,15.85,,1.1
"2025-11-02 23:08:48",3243,3046,68176,-38.171278,-72.611203,7.1,71.7,2.69,15.95,,1.1
"2025-11-02 23:08:49",3244,3047,68164,0,,7.55,66.7,2.67,16.05,,1.1
"2025-11-02 23:08:50",3246,3049,68154,0,,6.55,73.4,2.65,16.1,,1.1
"2025-11-02 23:08:51",3247,3050,68144,-38.171213,-72.610978,7,70.7,2.64,16.15,,1.1
"2025-11-02 23:08:52",3248,3051,68132,0,,7.4,71.6,2.63,16.2,,1.2
"2025-11-02 23:08:53",3250,3053,68121,0,,7.7,68.8,2.63,16.25,,1.2
"2025-11-02 23:08:54",3251,3054,68110,-38.171148,-72.610743,6.6,74.7,2.64,16.3,,1.3
"2025-11-02 23:08:55",3252,3055,68100,0,,7.5,67.2,2.61,16.35,,1.3
"2025-11-02 23:08:56",3253,3056,68091,0,,7.1,72.3,2.6,16.35,,1.3
"2025-11-02 23:08:57",3254,3057,68082,-38.17108,-72.610508,8,66.1,2.6,16.45,,1.2
"2025-11-02 23:08:58",3255,3058,68072,0,,6.7,74.8,2.59,16.5,,1.2
"2025-11-02 23:08:59",3257,3060,68063,0,,7.4,69.3,2.58,16.55,,1.2
"2025-11-02 23:09:00",3258,3061,68054,-38.17102,-72.610277,6.85,77.3,2.57,16.65,,1.2
"2025-11-02 23:09:01",3258,3061,68047,0,,7.65,67.8,2.54,16.75,,1.2
"2025-11-02 23:09:02",3259,3062,68040,0,,7.45,70.3,2.53,16.85,,1.1
"2025-11-02 23:09:03",3260,3063,68034,-38.170955,-72.610042,6.85,67.7,2.51,16.95,,1.1
"2025-11-02 23:09:04",3262,3065,68018,0,,7.15,74.7,2.51,16.95,,1.2
"2025-11-02 23:09:05",3264,3067,68003,0,,7.55,68.2,2.48,17.1,,1.2
"2025-11-02 23:09:06",3266,3069,67988,-38.17089,-72.609802,7.55,72.7,2.46,17.2,,1.2
"2025-11-02 23:09:07",3267,3070,67974,0,,7.1,70.1,2.45,17.3,,1.3
"2025-11-02 23:09:08",3269,3072,67962,0,,7.55,74.1,2.45,17.4,,1.3
"2025-11-02 23:09:09",3270,3073,67950,-38.170827,-72.609562,7.05,73.3,2.44,17.5,,1.3
"2025-11-02 23:09:10",3271,3074,67942,0,,7.9,68.2,2.41,17.6,,1.3
"2025-11-02 23:09:11",3272,3075,67935,0,,6.75,68.3,2.37,17.7,,1.3
"2025-11-02 23:09:12",3273,3076,67928,-38.170762,-72.609327,7.35,71.5,2.34,17.85,13,1.2
"2025-11-02 23:09:14",3276,3079,67895,0,,7.9,72.1,2.32,18.05,,1.4
"2025-11-02 23:09:15",3278,3081,67880,-38.1707,-72.609088,7.45,71.3,2.31,18.15,,1.5
"2025-11-02 23:09:16",3279,3082,67870,0,,7.45,68.3,2.3,18.2,,1.5
"2025-11-02 23:09:17",3281,3084,67860,0,,6.7,72.1,2.28,18.3,,1.4
"2025-11-02 23:09:18",3282,3085,67850,-38.170635,-72.608853,8,68.8,2.28,18.4,,1.4
"2025-11-02 23:09:19",3283,3086,67839,0,,7.15,70,2.27,18.5,,1.3
"2025-11-02 23:09:20",3284,3087,67828,0,,7.65,66.9,2.26,18.55,,1.3
"2025-11-02 23:09:21",3286,3089,67818,-38.170565,-72.60862,6.5,72,2.27,18.65,,1.3
"2025-11-02 23:09:22",3287,3090,67804,0,,7.6,72.1,2.28,18.75,,1.4
"2025-11-02 23:09:23",3289,3092,67791,0,,7,74.2,2.26,18.8,,1.4
"2025-11-02 23:09:24",3290,3093,67778,-38.170507,-72.608382,7.5,70.1,2.23,18.85,,1.5
"2025-11-02 23:09:25",3292,3095,67766,0,,6.6,77.6,2.24,18.9,,1.5
"2025-11-02 23:09:26",3293,3096,67755,0,,6.75,71,2.22,18.9,,1.5
"2025-11-02 23:09:27",3295,3098,67744,-38.17045,-72.608155,7.5,68.7,2.21,18.95,,1.4
"2025-11-02 23:09:28",3296,3099,67734,0,,7.15,71.5,2.19,19.05,,1.3
"2025-11-02 23:09:29",3297,3100,67724,0,,7.15,76,2.19,19.05,,1.3
"2025-11-02 23:09:30",3298,3101,67714,-38.170392,-72.60792,7,70.1,2.18,19.1,,1.3
"2025-11-02 23:09:31",3300,3103,67699,0,,7.45,70.3,2.15,19.1,,1.4
"2025-11-02 23:09:32",3302,3105,67684,0,,7.05,67.1,2.14,19.15,,1.4
"2025-11-02 23:09:33",3303,3106,67670,-38.170327,-72.607688,7.2,76.8,2.13,19.2,,1.5
"2025-11-02 23:09:34",3305,3108,67658,0,,7.05,70,2.11,19.25,,1.5
"2025-11-02 23:09:35",3306,3109,67647,0,,7.6,75.3,2.07,19.25,,1.4
"2025-11-02 23:09:36",3307,3110,67636,-38.170268,-72.607448,7.5,67.5,2.06,19.3,,1.4
"2025-11-02 23:09:37",3309,3112,67620,0,,7.35,72,2.05,19.35,,1.5
"2025-11-02 23:09:38",3311,3114,67605,0,,7.05,74.9,2.04,19.35,,1.5
"2025-11-02 23:09:39",3313,3116,67590,-38.170208,-72.60721,7.05,74.8,2.06,19.4,13,1.5
"2025-11-02 23:09:40",3314,3117,67577,0,,7.5,71.9,2.04,19.4,,1.6
"2025-11-02 23:09:41",3316,3119,67564,0,,7.65,69.6,2.01,19.4,,1.6
"2025-11-02 23:09:42",3318,3121,67552,-38.170145,-72.606968,7.15,70.9,1.98,19.45,,1.6
"2025-11-02 23:09:45",3322,3125,67512,-38.170082,-72.606737,7.6,69.9,1.91,19.55,,1.6
"2025-11-02 23:09:46",3324,3127,67499,0,,7.35,73.7,1.9,19.55,,1.6
"2025-11-02 23:09:47",3325,3128,67487,0,,7.7,66.5,1.89,19.6,,1.6
"2025-11-02 23:09:48",3327,3130,67476,-38.170015,-72.606498,7,75.6,1.88,19.6,,1.6
"2025-11-02 23:09:49",3328,3131,67465,0,,7.35,68.3,1.88,19.65,,1.6
"2025-11-02 23:09:50",3329,3132,67454,0,,7.35,76.6,1.89,19.65,,1.5
"2025-11-02 23:09:51",3331,3134,67444,-38.169957,-72.606263,6.95,71.2,1.87,19.75,,1.5
"2025-11-02 23:09:52",3333,3136,67425,0,,7.9,72,1.87,19.8,,1.5
"2025-11-02 23:09:53",3335,3138,67407,0,,7.4,69.5,1.86,19.8,,1.6
"2025-11-02 23:09:54",3337,3140,67390,-38.169888,-72.60602,7.5,72.1,1.84,19.85,,1.6
"2025-11-02 23:09:55",3338,3141,67381,0,,6.7,71.2,1.8,19.9,,1.6
"2025-11-02 23:09:56",3339,3142,67372,0,,7.7,76.3,1.79,19.95,,1.5
"2025-11-02 23:09:57",3340,3143,67364,-38.169832,-72.605787,6.9,68.5,1.77,20,,1.5
"2025-11-02 23:09:58",3342,3145,67345,0,,7.15,69.8,1.74,20.05,,1.5
"2025-11-02 23:09:59",3344,3147,67327,0,,7.15,75.1,1.74,20.05,,1.6
"2025-11-02 23:10:00",3347,3150,67310,-38.169772,-72.605552,7.75,73.9,1.71,20.1,,1.7
"2025-11-02 23:10:01",3348,3151,67300,0,,7.3,68.7,1.69,20.1,,1.6
"2025-11-02 23:10:02",3349,3152,67290,0,,7.3,69,1.65,20.1,,1.6
"2025-11-02 23:10:03",3350,3153,67280,-38.169707,-72.605315,7.25,72.5,1.63,20.2,,1.6
"2025-11-02 23:10:04",3352,3155,67262,0,,7.05,75.3,1.61,20.25,,1.7
"2025-11-02 23:10:05",3354,3157,67245,0,,7.6,69.5,1.59,20.25,,1.7
"2025-11-02 23:10:06",3356,3159,67228,-38.169647,-72.605077,7.3,70.7,1.58,20.3,12.75,1.7
"2025-11-02 23:10:07",3358,3161,67213,0,,7.25,69.7,1.57,20.3,,1.6
"2025-11-02 23:10:08",3360,3163,67198,0,,6.7,73.6,1.56,20.35,,1.7
"2025-11-02 23:10:09",3362,3165,67184,-38.169585,-72.604843,7.75,72.6,1.55,20.35,,1.7
"2025-11-02 23:10:12",3365,3168,67154,-38.169525,-72.60461,7.1,68.9,1.5,20.45,,1.6
"2025-11-02 23:10:15",3372,3175,67098,-38.169468,-72.60437,7.05,76.4,1.47,20.5,,1.8
"2025-11-02 23:10:17",3376,3179,67069,0,,6.45,76.8,1.45,20.5,,1.8
"2025-11-02 23:10:18",3377,3180,67056,-38.169415,-72.604143,7.4,71.1,1.44,20.55,,1.7
"2025-11-02 23:10:20",3380,3183,67032,0,,6.8,71.9,1.42,20.55,,1.7
"2025-11-02 23:10:21",3382,3185,67020,-38.169363,-72.603913,6.5,75.6,1.42,20.6,,1.6
"2025-11-02 23:10:23",3385,3188,66992,0,,7.2,76.1,1.39,20.6,,1.6
"2025-11-02 23:10:24",3387,3190,66978,-38.169312,-72.603683,6.9,73.7,1.37,20.6,,1.8
"2025-11-02 23:10:26",3389,3192,66959,0,,6.85,77.6,1.33,20.6,,1.7
"2025-11-02 23:10:27",3390,3193,66950,-38.169263,-72.603458,6.85,69.7,1.32,20.55,,1.5
"2025-11-02 23:10:29",3395,3198,66907,0,,6.65,69.5,1.29,20.55,,1.6
"2025-11-02 23:10:30",3398,3201,66886,-38.169212,-72.603242,6.65,80.2,1.28,20.55,,1.7
"2025-11-02 23:10:31",3399,3202,66871,0,,6.95,74.8,1.28,20.55,,1.7
"2025-11-02 23:10:32",3401,3204,66856,0,,6.75,81,1.26,20.6,,1.7
"2025-11-02 23:10:33",3403,3206,66842,-38.16917,-72.603012,7.2,73.7,1.24,20.6,12.75,1.8
"2025-11-02 23:10:34",3404,3207,66830,0,,6.25,79.1,1.23,20.6,,1.8
"2025-11-02 23:10:35",3406,3209,66818,0,,6.65,73.1,1.21,20.6,,1.7
"2025-11-02 23:10:36",3407,3210,66806,-38.169125,-72.602797,6.05,78.5,1.2,20.65,,1.7
"2025-11-02 23:10:37",3409,3212,66791,0,,7.55,77.8,1.19,20.7,,1.7
"2025-11-02 23:10:38",3411,3214,66776,0,,6.8,81.6,1.18,20.65,,1.8
"2025-11-02 23:10:39",3413,3216,66762,-38.16909,-72.602563,6.75,80,1.17,20.65,,1.9
"2025-11-02 23:10:40",3414,3217,66749,0,,6.55,73.4,1.17,20.65,,1.9
"2025-11-02 23:10:41",3416,3219,66737,0,,6.25,74.9,1.18,20.65,,1.8
"2025-11-02 23:10:42",3417,3220,66726,-38.169047,-72.602348,6.7,80,1.18,20.65,,1.7
"2025-11-02 23:10:44",3420,3223,66703,0,,6.75,76.7,1.15,20.65,,1.6
"2025-11-02 23:10:45",3421,3224,66692,-38.16901,-72.602113,7.15,83,1.14,20.6,,1.5
"2025-11-02 23:10:46",3423,3226,66678,0,,6.1,76.7,1.15,20.6,,1.5
"2025-11-02 23:10:47",3424,3227,66665,0,,6.75,75.4,1.15,20.6,,1.5
"2025-11-02 23:10:48",3426,3229,66652,-38.168967,-72.601897,6.5,71.2,1.13,20.6,,1.5
"2025-11-02 23:10:49",3428,3231,66638,0,,6.9,79.4,1.1,20.55,,1.5
"2025-11-02 23:10:50",3429,3232,66625,0,,6.9,81.2,1.08,20.55,,1.5
"2025-11-02 23:10:51",3431,3234,66612,-38.16893,-72.601673,6.45,77.9,1.05,20.55,,1.5
"2025-11-02 23:10:52",3433,3236,66596,0,,6.3,74.8,1.04,20.55,,1.5
"2025-11-02 23:10:53",3435,3238,66581,0,,6.25,78.2,1.02,20.6,,1.6
"2025-11-02 23:10:54",3436,3239,66566,-38.168892,-72.60146,6.6,79.3,1.03,20.6,,1.6
"2025-11-02 23:10:55",3438,3241,66554,0,,6.6,83.1,1.02,20.6,,1.6
"2025-11-02 23:10:56",3439,3242,66542,0,,6.95,76.3,0.99,20.6,,1.6
"2025-11-02 23:10:57",3441,3244,66530,-38.168855,-72.601233,6.5,77.7,0.96,20.6,,1.6
"2025-11-02 23:10:58",3442,3245,66515,0,,6.2,73.6,0.96,20.55,,1.6
"2025-11-02 23:10:59",3444,3247,66501,0,,6,79.4,0.96,20.55,,1.6
"2025-11-02 23:11:00",3446,3249,66488,-38.168815,-72.601023,6.85,79.9,0.93,20.6,12.5,1.7
"2025-11-02 23:11:01",3447,3250,66475,0,,6.5,82.4,0.88,20.6,,1.6
"2025-11-02 23:11:02",3449,3252,66462,0,,6.2,78.1,0.86,20.6,,1.6
"2025-11-02 23:11:03",3450,3253,66450,-38.168785,-72.600808,5.85,82.3,0.83,20.6,,1.6
"2025-11-02 23:11:04",3452,3255,66440,0,,6.35,80.5,0.83,20.6,,1.6
"2025-11-02 23:11:05",3453,3256,66431,0,,6.35,89.4,0.83,20.6,,1.5
"2025-11-02 23:11:06",3454,3257,66422,-38.16876,-72.600595,6.55,76,0.83,20.65,,1.5
"2025-11-02 23:11:07",3456,3259,66407,0,,6.25,83.2,0.81,20.65,,1.5
"2025-11-02 23:11:08",3457,3260,66392,0,,6.15,75.6,0.79,20.65,,1.5
"2025-11-02 23:11:09",3459,3262,66378,-38.168728,-72.600383,6.35,83.9,0.75,20.65,,1.5
"2025-11-02 23:11:10",3461,3264,66365,0,,6.65,83.8,0.74,20.6,,1.5
"2025-11-02 23:11:11",3462,3265,66353,0,,5.95,84.1,0.72,20.6,,1.5
"2025-11-02 23:11:12",3464,3267,66342,-38.168708,-72.60017,6.25,84.6,0.71,20.65,,1.5
"2025-11-02 23:11:15",3468,3271,66306,-38.16868,-72.599948,6.5,83.4,0.69,20.7,,1.5
"2025-11-02 23:11:16",3469,3272,66294,0,,7,86.2,0.65,20.7,,1.5
"2025-11-02 23:11:17",3471,3274,66283,0,,6.3,79.7,0.65,20.7,,1.5
"2025-11-02 23:11:18",3472,3275,66272,-38.168657,-72.599727,6.65,81.4,0.66,20.7,,1.5
"2025-11-02 23:11:19",3474,3277,66257,0,,6.55,80,0.64,20.75,,1.5
"2025-11-02 23:11:20",3476,3279,66242,0,,6.85,81.8,0.63,20.75,,1.5
"2025-11-02 23:11:21",3477,3280,66228,-38.168623,-72.599498,6.95,79.2,0.59,20.8,,1.5
"2025-11-02 23:11:22",3479,3282,66216,0,,7.15,84.7,0.57,20.8,,1.5
"2025-11-02 23:11:23",3480,3283,66205,0,,6.35,84.4,0.54,20.8,,1.5
"2025-11-02 23:11:24",3482,3285,66194,-38.168603,-72.59927,6.35,83.9,0.5,20.8,,1.5
"2025-11-02 23:11:25",3483,3286,66180,0,,5.7,85.3,0.47,20.8,,1.5
"2025-11-02 23:11:26",3485,3288,66167,0,,6.7,82.9,0.5,20.8,,1.5
"2025-11-02 23:11:27",3486,3289,66154,-38.168583,-72.599052,6.9,81,0.52,20.85,12,1.5
"2025-11-02 23:11:28",3488,3291,66139,0,,6.45,85.9,0.52,20.9,,1.6
"2025-11-02 23:11:29",3490,3293,66124,0,,6.1,85.9,0.51,20.9,,1.6
"2025-11-02 23:11:30",3492,3295,66110,-38.168567,-72.598835,6.1,82.8,0.5,20.95,,1.6
"2025-11-02 23:11:32",3495,3298,66084,0,,6.3,81,0.52,20.9,,1.6
"2025-11-02 23:11:33",3496,3299,66072,-38.168548,-72.598613,6.75,87.9,0.51,20.95,,1.6
"2025-11-02 23:11:34",3498,3301,66059,0,,5.95,80.3,0.51,20.95,,1.6
"2025-11-02 23:11:35",3500,3303,66046,0,,6.85,83.9,0.52,21,,1.6
"2025-11-02 23:11:36",3501,3304,66034,-38.168523,-72.59839,6.65,77.6,0.55,21,,1.6
"2025-11-02 23:11:37",3503,3306,66015,0,,7.1,82.5,0.56,21,,1.7
"2025-11-02 23:11:38",3505,3308,65997,0,,6.05,80.7,0.58,21,,1.7
"2025-11-02 23:11:39",3508,3311,65980,-38.168495,-72.598165,6.65,80.5,0.58,21,,1.8
"2025-11-02 23:11:40",3509,3312,65971,0,,6.35,83.4,0.57,21,,1.7
"2025-11-02 23:11:41",3510,3313,65962,0,,7,86.6,0.52,20.95,,1.6
"2025-11-02 23:11:42",3511,3314,65954,-38.168478,-72.597942,6.25,88.7,0.49,20.95,,1.6
"2025-11-02 23:11:43",3513,3316,65937,0,,6.7,77.9,0.45,20.95,,1.6
"2025-11-02 23:11:44",3515,3318,65920,0,,6.2,81.7,0.43,20.9,,1.7
"2025-11-02 23:11:45",3517,3320,65904,-38.168455,-72.597715,7.3,84.1,0.4,20.85,,1.7
"2025-11-02 23:11:46",3519,3322,65890,0,,6.15,87.4,0.38,20.85,,1.7
"2025-11-02 23:11:47",3520,3323,65876,0,,6.95,81.8,0.37,20.85,,1.7
"2025-11-02 23:11:48",3522,3325,65862,-38.168437,-72.597495,6.15,84.3,0.37,20.85,,1.7
"2025-11-02 23:11:49",3524,3327,65848,0,,7.1,79.8,0.35,20.85,,1.7
"2025-11-02 23:11:50",3525,3328,65835,0,,6.5,90.1,0.29,20.8,,1.7
"2025-11-02 23:11:51",3527,3330,65822,-38.16842,-72.59727,6.75,83.1,0.24,20.8,,1.6
"2025-11-02 23:11:53",3531,3334,65787,0,,6.25,83,0.19,20.8,,1.7
"2025-11-02 23:11:54",3533,3336,65770,-38.168402,-72.597048,6.6,84.3,0.15,20.8,11.75,1.8
"2025-11-02 23:11:55",3535,3338,65758,0,,6.9,88.9,0.11,20.8,,1.8
"2025-11-02 23:11:56",3536,3339,65747,0,,6.95,83.5,0.09,20.8,,1.8
"2025-11-02 23:11:57",3537,3340,65736,-38.168392,-72.596823,5.95,91.4,0.1,20.75,,1.7
"2025-11-02 23:11:58",3539,3342,65722,0,,6.7,83.4,0.08,20.75,,1.7
"2025-11-02 23:11:59",3541,3344,65708,0,,6.8,86.7,0.05,20.75,,1.7
"2025-11-02 23:12:00",3543,3346,65694,-38.16838,-72.596598,6.9,85.4,0.05,20.75,,1.7
"2025-11-02 23:12:01",3544,3347,65686,0,,5.95,91.5,0.05,20.75,,1.7
"2025-11-02 23:12:02",3545,3348,65678,0,,7.2,81.3,0.05,20.75,,1.6
"2025-11-02 23:12:03",3546,3349,65670,-38.168365,-72.596375,6.25,84.8,0.05,20.75,,1.6
"2025-11-02 23:12:04",3548,3351,65649,0,,6.9,85.8,0.04,20.75,,1.6
"2025-11-02 23:12:05",3550,3353,65629,0,,5.85,92.6,0.05,20.75,,1.6
"2025-11-02 23:12:06",3553,3356,65610,-38.168355,-72.596152,7.4,82.8,0.05,20.75,,1.6
"2025-11-02 23:12:07",3554,3357,65598,0,,6.15,83.8,0.05,20.75,,1.6
"2025-11-02 23:12:08",3556,3359,65587,0,,7,83.2,0.05,20.7,,1.6
"2025-11-02 23:12:09",3557,3360,65576,-38.168333,-72.595922,6.8,82.7,0.04,20.65,,1.6
"2025-11-02 23:12:10",3558,3361,65567,0,,7.35,83.4,0.05,20.65,,1.6
"2025-11-02 23:12:11",3559,3362,65559,0,,6.65,86.5,0.05,20.65,,1.5
"2025-11-02 23:12:12",3560,3363,65552,-38.168312,-72.595687,6.85,79.8,0.05,20.6,,1.5
"2025-11-02 23:12:15",3568,3371,65490,-38.168285,-72.595443,7.6,82.4,0.01,20.55,,1.8
"2025-11-02 23:12:16",3570,3373,65474,0,,7.05,85.3,-0.02,20.55,,1.8
"2025-11-02 23:12:17",3571,3374,65459,0,,6.9,84.1,-0.03,20.5,,1.7
"2025-11-02 23:12:18",3573,3376,65444,-38.168265,-72.595205,6.8,83.2,-0.05,20.5,,1.7
"2025-11-02 23:12:19",3575,3378,65431,0,,7.9,81.3,-0.04,20.5,,1.7
"2025-11-02 23:12:20",3576,3379,65418,0,,6.95,85.2,-0.05,20.5,,1.7
"2025-11-02 23:12:21",3578,3381,65406,-38.168242,-72.594962,7,84.3,-0.06,20.5,11.75,1.7
"2025-11-02 23:12:22",3580,3383,65393,0,,6.6,84.5,-0.07,20.5,,1.8
"2025-11-02 23:12:23",3581,3384,65380,0,,7.55,82.7,-0.07,20.45,,1.8
"2025-11-02 23:12:24",3583,3386,65368,-38.168222,-72.594723,7.15,85.5,-0.08,20.45,,1.9
"2025-11-02 23:12:25",3584,3387,65356,0,,7.4,85,-0.12,20.45,,1.9
"2025-11-02 23:12:26",3586,3389,65344,0,,6.3,84.2,-0.13,20.45,,1.8
"2025-11-02 23:12:27",3587,3390,65332,-38.168203,-72.594488,7.6,82.1,-0.12,20.45,,1.6
"2025-11-02 23:12:28",3589,3392,65317,0,,6.95,83.5,-0.13,20.45,,1.6
"2025-11-02 23:12:29",3591,3394,65303,0,,7.75,83.1,-0.17,20.45,,1.6
"2025-11-02 23:12:30",3592,3395,65290,-38.168178,-72.594242,6.6,82.8,-0.17,20.45,,1.6
"2025-11-02 23:12:31",3593,3396,65280,0,,6.8,84,-0.15,20.45,,1.6
"2025-11-02 23:12:32",3595,3398,65270,0,,6.65,80.9,-0.14,20.45,,1.5
"2025-11-02 23:12:33",3596,3399,65260,-38.168153,-72.594013,7.45,79,-0.12,20.5,,1.5
"2025-11-02 23:12:34",3598,3401,65242,0,,7.05,82.5,-0.13,20.5,,1.6
"2025-11-02 23:12:35",3600,3403,65224,0,,6.9,81.9,-0.17,20.5,,1.6
"2025-11-02 23:12:36",3603,3406,65206,-38.168127,-72.593777,6.7,81.4,-0.19,20.55,,1.7
"2025-11-02 23:12:37",3604,3407,65192,0,,,,-0.22,20.5,,1.7
"2025-11-02 23:12:38",3606,3409,65180,0,,,,-0.22,20.55,,1.7
"2025-11-02 23:12:39",3607,3410,65168,0,,,,-0.23,20.6,,1.7
"2025-11-02 23:12:41",3610,3413,65144,0,,6.3,83,-0.24,20.8,,1.6
"2025-11-02 23:12:42",3612,3415,65132,-38.16808,-72.593307,7.35,82.3,-0.27,20.85,,1.6
"2025-11-02 23:12:45",3616,3419,65100,-38.168047,-72.593077,6.1,81.5,-0.27,21.1,,1.6
"2025-11-02 23:12:47",3620,3423,65068,0,,6.55,77.1,-0.33,21.25,,1.6
"2025-11-02 23:12:48",3622,3425,65052,-38.168017,-72.592842,7.45,79.9,-0.33,21.35,11.25,1.6
"2025-11-02 23:12:50",3625,3428,65025,0,,7.35,81.2,-0.35,21.55,,1.6
"2025-11-02 23:12:51",3626,3429,65012,-38.167982,-72.592612,6.45,80.4,-0.35,21.6,,1.6
"2025-11-02 23:12:53",3629,3432,64990,0,,6.85,79.6,-0.35,21.8,,1.6
"2025-11-02 23:12:54",3630,3433,64980,-38.167945,-72.592385,6.45,74.2,-0.37,21.9,,1.6
"2025-11-02 23:12:56",3634,3437,64954,0,,6.1,77.6,-0.39,22.15,,1.6
"2025-11-02 23:12:57",3635,3438,64942,-38.16791,-72.592163,6.65,79.5,-0.41,22.3,,1.6
"2025-11-02 23:12:59",3638,3441,64915,0,,7.2,76.7,-0.42,22.55,,1.6
"2025-11-02 23:13:00",3640,3443,64902,-38.167868,-72.591932,6.9,76.9,-0.45,22.75,,1.5
"2025-11-02 23:13:01",3641,3444,64892,0,,6.75,79.5,-0.47,22.9,,1.5
"2025-11-02 23:13:02",3643,3446,64882,0,,6.65,79,-0.48,23.05,,1.5
"2025-11-02 23:13:03",3644,3447,64872,-38.167832,-72.591705,6.8,76.1,-0.5,23.2,,1.4
"2025-11-02 23:13:04",3645,3448,64858,0,,6.65,77,-0.51,23.35,,1.5
"2025-11-02 23:13:05",3647,3450,64844,0,,6.6,75,-0.53,23.5,,1.5
"2025-11-02 23:13:06",3649,3452,64830,-38.167792,-72.59149,6,80,-0.54,23.7,,1.5
"2025-11-02 23:13:07",3651,3454,64815,0,,7.3,77.7,-0.54,23.85,,1.6
"2025-11-02 23:13:08",3652,3455,64801,0,,6.85,81.5,-0.56,24,,1.6
"2025-11-02 23:13:09",3654,3457,64788,-38.167757,-72.59126,6.85,75.5,-0.54,24.15,,1.6
"2025-11-02 23:13:10",3656,3459,64774,0,,6.15,81.8,-0.51,24.3,,1.6
"2025-11-02 23:13:11",3657,3460,64762,0,,7.25,75.2,-0.54,24.45,,1.6
"2025-11-02 23:13:12",3659,3462,64750,-38.16772,-72.591035,6.9,78.6,-0.54,24.5,,1.6
"2025-11-02 23:13:14",3662,3465,64727,0,,6.7,76.3,-0.56,24.65,,1.6
"2025-11-02 23:13:15",3663,3466,64716,-38.167678,-72.590807,6.7,77.1,-0.58,24.75,11,1.6
"2025-11-02 23:13:16",3665,3468,64702,0,,7.4,75,-0.59,24.85,,1.6
"2025-11-02 23:13:17",3666,3469,64689,0,,6.8,76.2,-0.61,24.9,,1.6
"2025-11-02 23:13:18",3668,3471,64676,-38.167637,-72.590573,7,78.9,-0.62,25,,1.6
"2025-11-02 23:13:19",3670,3473,64663,0,,6.55,79.2,-0.63,25.1,,1.6
"2025-11-02 23:13:20",3671,3474,64650,0,,7.5,73.8,-0.64,25.15,,1.6
"2025-11-02 23:13:21",3673,3476,64638,-38.167595,-72.590342,6.75,76.9,-0.65,25.2,,1.6
"2025-11-02 23:13:22",3674,3477,64627,0,,7.6,78,-0.65,25.25,,1.5
"2025-11-02 23:13:23",3675,3478,64616,0,,6.65,79.3,-0.65,25.35,,1.5
"2025-11-02 23:13:24",3677,3480,64606,-38.167553,-72.590105,7.1,72.3,-0.68,25.4,,1.5
"2025-11-02 23:13:25",3678,3481,64595,0,,6.8,76.9,-0.71,25.5,,1.5
"2025-11-02 23:13:26",3679,3482,64584,0,,8,73.7,-0.73,25.55,,1.5
"2025-11-02 23:13:27",3681,3484,64574,-38.167502,-72.589863,7.05,75.3,-0.75,25.6,,1.5
"2025-11-02 23:13:28",3681,3484,64567,0,,6.9,73.6,-0.76,25.65,,1.4
"2025-11-02 23:13:29",3682,3485,64561,0,,6.7,73.1,-0.76,25.7,,1.3
"2025-11-02 23:13:30",3683,3486,64556,-38.167447,-72.589637,7.75,73,-0.75,25.8,,1.2
"2025-11-02 23:13:31",3685,3488,64539,0,,7.3,76.1,-0.76,25.8,,1.3
"2025-11-02 23:13:32",3687,3490,64522,0,,7,75,-0.78,25.85,,1.3
"2025-11-02 23:13:33",3689,3492,64506,-38.167398,-72.589397,7,75.2,-0.77,25.9,,1.4
"2025-11-02 23:13:34",3691,3494,64494,0,,7.2,71.5,-0.75,25.95,,1.4
"2025-11-02 23:13:35",3692,3495,64482,0,,7.4,76.8,-0.76,26,,1.4
"2025-11-02 23:13:36",3694,3497,64470,-38.167347,-72.589163,6.95,72.2,-0.79,26,,1.4
"2025-11-02 23:13:37",3695,3498,64458,0,,7.1,79.7,-0.79,26.05,,1.4
"2025-11-02 23:13:38",3696,3499,64447,0,,7.1,68.5,-0.77,26.05,,1.4
"2025-11-02 23:13:39",3698,3501,64436,-38.167292,-72.588928,7.5,73.7,-0.78,26.15,,1.4
"2025-11-02 23:13:41",3700,3503,64417,0,,7.45,79.4,-0.86,26.2,,1.4
"2025-11-02 23:13:42",3701,3504,64408,-38.167238,-72.588695,6.85,72.4,-0.86,26.25,10.5,1.5
"2025-11-02 23:13:45",3707,3510,64362,-38.167177,-72.588455,7.7,73.1,-0.88,26.3,,1.5
"2025-11-02 23:13:46",3708,3511,64353,0,,6.7,73,-0.9,26.35,,1.5
"2025-11-02 23:13:47",3709,3512,64345,0,,7.55,76.3,-0.92,26.35,,1.4
"2025-11-02 23:13:48",3710,3513,64338,-38.167123,-72.58822,7.05,70.8,-0.94,26.4,,1.4
"2025-11-02 23:13:49",3711,3514,64331,0,,7.95,72.7,-0.95,26.45,,1.3
"2025-11-02 23:13:50",3712,3515,64324,0,,6.8,74.6,-0.95,26.5,,1.3
"2025-11-02 23:13:51",3713,3516,64318,-38.167063,-72.587983,7.65,71.7,-0.95,26.5,,1.2
"2025-11-02 23:13:52",3715,3518,64300,0,,7,76.2,-0.96,26.55,,1.3
"2025-11-02 23:13:53",3717,3520,64283,0,,7.7,69.4,-0.98,26.6,,1.4
"2025-11-02 23:13:54",3719,3522,64266,-38.167003,-72.58775,6.95,72.7,-0.98,26.65,,1.5
"2025-11-02 23:13:55",3720,3523,64255,0,,7.4,67.1,-1.01,26.65,,1.5
"2025-11-02 23:13:56",3722,3525,64245,0,,7.2,75.6,-1.01,26.7,,1.4
"2025-11-02 23:13:57",3723,3526,64236,-38.166938,-72.587517,7.85,68.8,-1.01,26.7,,1.4
"2025-11-02 23:13:58",3724,3527,64228,0,,7.35,73.1,-1.04,26.75,,1.3
"2025-11-02 23:13:59",3725,3528,64220,0,,7.15,70.1,-1.05,26.75,,1.3
"2025-11-02 23:14:00",3726,3529,64212,-38.166875,-72.587282,7,74.8,-1.06,26.8,,1.3
"2025-11-02 23:14:01",3727,3530,64205,0,,7.8,68.9,-1.08,26.85,,1.3
"2025-11-02 23:14:02",3727,3530,64198,0,,7.3,72.3,-1.1,26.85,,1.3
"2025-11-02 23:14:03",3728,3531,64192,-38.16681,-72.587043,7,68.9,-1.1,26.9,,1.3
"2025-11-02 23:14:04",3730,3533,64176,0,,7.35,71.4,-1.12,26.95,,1.3
"2025-11-02 23:14:05",3732,3535,64161,0,,8,69,-1.13,27,,1.3
"2025-11-02 23:14:06",3734,3537,64146,-38.166743,-72.5868,7.55,73.7,-1.13,27,,1.2
"2025-11-02 23:14:08",3736,3539,64125,0,,7.2,75.4,-1.15,27,,1.2
"2025-11-02 23:14:09",3738,3541,64116,-38.166683,-72.586567,7.3,72.1,-1.16,27.05,10.5,1.3
"2025-11-02 23:14:10",3739,3542,64105,0,,8.1,73.3,-1.16,27.05,,1.3
"2025-11-02 23:14:11",3740,3543,64095,0,,7.2,67.6,-1.18,27.05,,1.3
"2025-11-02 23:14:12",3741,3544,64086,-38.166617,-72.586318,7.8,69.7,-1.2,27.05,,1.3
"2025-11-02 23:14:14",3744,3547,64064,0,,8.25,74.2,-1.22,27.1,,1.4
"2025-11-02 23:14:15",3745,3548,64054,-38.166553,-72.586078,6.9,70.5,-1.22,27.1,,1.4
"2025-11-02 23:14:16",3746,3549,64050,0,,8.3,70.9,-1.21,27.15,,1.3
"2025-11-02 23:14:17",3746,3549,64046,0,,7.2,72.9,-1.22,27.15,,1.2
"2025-11-02 23:14:18",3747,3550,64042,-38.166488,-72.585827,8.6,71.1,-1.2,27.15,,1.1
"2025-11-02 23:14:19",3748,3551,64032,0,,7.25,72.7,-1.21,27.15,,1.1
"2025-11-02 23:14:20",3749,3552,64022,0,,7.45,71.1,-1.21,27.15,,1.1
"2025-11-02 23:14:21",3751,3554,64012,-38.166427,-72.585583,7.2,71.6,-1.22,27.15,,1.1
"2025-11-02 23:14:22",3752,3555,64003,0,,8.05,71.1,-1.19,27.1,,1.1
"2025-11-02 23:14:23",3753,3556,63994,0,,7.2,75.4,-1.2,27.1,,1.1
"2025-11-02 23:14:24",3754,3557,63986,-38.166362,-72.585332,8.3,69.8,-1.19,27.1,,1.1
"2025-11-02 23:14:25",3756,3559,63969,0,,7.7,72.4,-1.18,27.1,,1.1
"2025-11-02 23:14:26",3758,3561,63953,0,,7.5,66.6,-1.19,27.05,,1.2
"2025-11-02 23:14:27",3760,3563,63938,-38.16629,-72.58508,7.9,75.2,-1.17,27.05,,1.2
"2025-11-02 23:14:28",3761,3564,63932,0,,8.05,74.1,-1.18,27,,1.2
"2025-11-02 23:14:29",3761,3564,63927,0,,8.2,73.2,-1.19,27,,1.2
"2025-11-02 23:14:30",3762,3565,63922,-38.166228,-72.58482,7.55,69.7,-1.2,26.95,,1.2
"2025-11-02 23:14:31",3764,3567,63909,0,,7.8,73.2,-1.23,27,,1.3
"2025-11-02 23:14:32",3765,3568,63897,0,,7.6,72.1,-1.23,26.95,,1.3
"2025-11-02 23:14:33",3767,3570,63886,-38.166167,-72.584565,8.1,79,-1.25,26.95,,1.3
"2025-11-02 23:14:34",3768,3571,63876,0,,7.85,68.3,-1.25,26.9,,1.3
"2025-11-02 23:14:35",3769,3572,63866,0,,8.3,72.1,-1.27,26.85,,1.3
"2025-11-02 23:14:36",3770,3573,63856,-38.166098,-72.584305,8.15,71.3,-1.31,26.85,10.25,1.3
"2025-11-02 23:14:37",3771,3574,63849,0,,8.15,75.4,-1.34,26.8,,1.3
"2025-11-02 23:14:38",3772,3575,63842,0,,7.7,71,-1.34,26.75,,1.2
"2025-11-02 23:14:39",3773,3576,63836,-38.166035,-72.584043,7.95,72.5,-1.34,26.75,,1.1
"2025-11-02 23:14:40",3774,3577,63822,0,,7.95,68,-1.36,26.75,,1.1
"2025-11-02 23:14:41",3776,3579,63809,0,,8.3,76.3,-1.34,26.7,,1.2
"2025-11-02 23:14:42",3778,3581,63796,-38.165968,-72.583775,8.3,73.1,-1.34,26.7,,1.3
"2025-11-02 23:14:44",3780,3583,63780,0,,8.6,75.5,-1.36,26.7,,1.3
"2025-11-02 23:14:45",3781,3584,63772,-38.165912,-72.5835,8.15,73.8,-1.37,26.7,,1.2
"2025-11-02 23:14:46",3782,3585,63761,0,,7.75,69.9,-1.34,26.65,,1.2
"2025-11-02 23:14:47",3783,3586,63750,0,,8.4,74.1,-1.34,26.6,,1.2
"2025-11-02 23:14:48",3785,3588,63740,-38.165845,-72.583235,8.4,75.7,-1.34,26.6,,1.2
"2025-11-02 23:14:49",3786,3589,63730,0,,8.5,72.3,-1.38,26.6,,1.2
"2025-11-02 23:14:50",3787,3590,63721,0,,7.7,74,-1.37,26.55,,1.2
"2025-11-02 23:14:51",3788,3591,63712,-38.165783,-72.582967,8.35,72.2,-1.39,26.5,,1.3
"2025-11-02 23:14:52",3789,3592,63704,0,,8.45,77.2,-1.42,26.45,,1.3
"2025-11-02 23:14:53",3790,3593,63697,0,,8.65,71.6,-1.41,26.4,,1.2
"2025-11-02 23:14:54",3791,3594,63690,-38.165722,-72.582688,8.3,75.2,-1.42,26.35,,1.2
"2025-11-02 23:14:55",3792,3595,63679,0,,8.1,68.1,-1.45,26.3,,1.1
"2025-11-02 23:14:56",3794,3597,63668,0,,8.35,75.4,-1.45,26.25,,1.2
"2025-11-02 23:14:57",3795,3598,63658,-38.165655,-72.582417,8.45,74.8,-1.45,26.25,,1.2
"2025-11-02 23:14:58",3797,3600,63645,0,,8.7,75.8,-1.42,26.2,,1.2
"2025-11-02 23:14:59",3798,3601,63632,0,,8.4,70.9,-1.41,26.2,,1.2
"2025-11-02 23:15:00",3800,3603,63620,-38.165592,-72.582137,8.7,71.8,-1.4,26.1,,1.3
"2025-11-02 23:15:01",3801,3604,63609,0,,8.25,73.8,-1.41,26.05,,1.3
"2025-11-02 23:15:02",3803,3606,63598,0,,9.25,77.1,-1.42,26,,1.3
"2025-11-02 23:15:03",3804,3607,63588,-38.165528,-72.581853,8.1,73,-1.4,25.9,10,1.3
"2025-11-02 23:15:04",3805,3608,63579,0,,8.95,72,-1.38,25.8,,1.3
"2025-11-02 23:15:05",3806,3609,63570,0,,7.95,72,-1.39,25.7,,1.3
"2025-11-02 23:15:06",3807,3610,63562,-38.16546,-72.581577,9.1,76.6,-1.38,25.65,,1.3
"2025-11-02 23:15:07",3808,3611,63552,0,,8.1,74.6,-1.38,25.6,,1.3
"2025-11-02 23:15:08",3809,3612,63543,0,,8.6,71.6,-1.38,25.55,,1.3
"2025-11-02 23:15:09",3811,3614,63534,-38.165393,-72.5813,7.85,71.5,-1.39,25.5,,1.3
"2025-11-02 23:15:11",3814,3617,63511,0,,8.1,76.7,-1.39,25.4,,1.3
"2025-11-02 23:15:12",3815,3618,63500,-38.165332,-72.581027,8.3,72.7,-1.38,25.35,,1.3
"2025-11-02 23:15:15",3817,3620,63484,-38.16527,-72.580755,7.95,78.4,-1.41,25.25,,1.1
"2025-11-02 23:15:17",3820,3623,63457,0,,8.1,72.3,-1.45,25.2,,1.2
"2025-11-02 23:15:18",3822,3625,63444,-38.165205,-72.580483,8.6,72.2,-1.46,25.15,,1.2
"2025-11-02 23:15:20",3823,3626,63434,0,,8.7,74.1,-1.49,25.15,,1.1
"2025-11-02 23:15:21",3824,3627,63430,-38.165145,-72.580207,8.25,72.3,-1.5,25.15,,1.1
"2025-11-02 23:15:23",3828,3631,63399,0,,7.9,71.5,-1.53,25.1,,1.2
"2025-11-02 23:15:24",3830,3633,63384,-38.16508,-72.57994,8.4,76.4,-1.54,25.1,,1.2
"2025-11-02 23:15:26",3831,3634,63369,0,,8.3,75.8,-1.54,25.1,,1.2
"2025-11-02 23:15:27",3832,3635,63362,-38.165013,-72.579662,8.3,68.3,-1.56,25.1,,1.2
"2025-11-02 23:15:29",3835,3638,63344,0,,8.6,73.4,-1.57,25.1,,1.3
"2025-11-02 23:15:30",3836,3639,63336,-38.164953,-72.579387,8.25,76.3,-1.61,25.1,10,1.2
"2025-11-02 23:15:31",3837,3640,63325,0,,8.6,68.3,-1.61,25.1,,1.1
"2025-11-02 23:15:32",3838,3641,63315,0,,8,75.3,-1.61,25.1,,1.2
"2025-11-02 23:15:33",3839,3642,63306,-38.164885,-72.579112,8.9,73.6,-1.61,25.1,,1.2
"2025-11-02 23:15:35",3842,3645,63286,0,,8.65,69.3,-1.65,25.1,,1.3
"2025-11-02 23:15:36",3843,3646,63276,-38.164822,-72.578833,8.25,74.2,-1.66,25.1,,1.2
"2025-11-02 23:15:37",3845,3648,63264,0,,9.25,72.9,-1.67,25.1,,1.2
"2025-11-02 23:15:38",3846,3649,63253,0,,8.1,76.6,-1.68,25.1,,1.2
"2025-11-02 23:15:39",3848,3651,63242,-38.164758,-72.57855,8.55,73.9,-1.69,25.15,,1.3
"2025-11-02 23:15:40",3848,3651,63235,0,,8.2,70.8,-1.69,25.15,,1.2
"2025-11-02 23:15:41",3849,3652,63228,0,,9.1,72,-1.7,25.15,,1.2
"2025-11-02 23:15:42",3850,3653,63222,-38.16469,-72.578275,8.15,75.1,-1.71,25.2,,1.2
"2025-11-02 23:15:43",3852,3655,63209,0,,8.6,76.3,-1.72,25.15,,1.2
"2025-11-02 23:15:44",3853,3656,63197,0,,7.85,72.3,-1.74,25.15,,1.2
"2025-11-02 23:15:45",3855,3658,63186,-38.16463,-72.578003,8.6,72.1,-1.75,25.2,,1.3
"2025-11-02 23:15:46",3856,3659,63177,0,,8.1,70.7,-1.75,25.2,,1.2
"2025-11-02 23:15:47",3857,3660,63169,0,,8.75,75.8,-1.76,25.25,,1.2
"2025-11-02 23:15:48",3858,3661,63162,-38.164563,-72.577723,8.6,74,-1.76,25.25,,1.2
"2025-11-02 23:15:49",3859,3662,63150,0,,8.2,76.9,-1.77,25.25,,1.2
"2025-11-02 23:15:50",3861,3664,63138,0,,8.4,68.7,-1.78,25.3,,1.2
"2025-11-02 23:15:51",3862,3665,63126,-38.1645,-72.577448,8.55,78.5,-1.78,25.3,,1.2
"2025-11-02 23:15:52",3864,3667,63114,0,,8.8,69,-1.78,25.3,,1.3
"2025-11-02 23:15:53",3865,3668,63103,0,,8.45,76.8,-1.8,25.3,,1.3
"2025-11-02 23:15:54",3866,3669,63092,-38.164433,-72.577165,8.7,70.6,-1.8,25.35,,1.4
"2025-11-02 23:15:56",3868,3671,63082,0,,9.25,70.2,-1.82,25.4,,1.2
"2025-11-02 23:15:57",3868,3671,63078,-38.164365,-72.576885,8.3,74.7,-1.82,25.4,9.75,1.2
"2025-11-02 23:15:58",3870,3673,63063,0,,8.6,74.8,-1.83,25.45,,1.2
"2025-11-02 23:15:59",3872,3675,63049,0,,8.2,70.3,-1.84,25.45,,1.3
"2025-11-02 23:16:00",3874,3677,63036,-38.1643,-72.576607,9.25,75.9,-1.84,25.5,,1.3
"2025-11-02 23:16:01",3874,3677,63028,0,,8.15,69.9,-1.85,25.5,,1.3
"2025-11-02 23:16:02",3875,3678,63021,0,,8.7,76.3,-1.85,25.55,,1.2
"2025-11-02 23:16:03",3876,3679,63014,-38.164233,-72.576332,8,69.1,-1.85,25.55,,1.2
"2025-11-02 23:16:04",3878,3681,63000,0,,9.1,75.7,-1.86,25.5,,1.2
"2025-11-02 23:16:05",3880,3683,62987,0,,8.6,68.4,-1.86,25.55,,1.2
"2025-11-02 23:16:06",3881,3684,62974,-38.164165,-72.576052,8.9,73.9,-1.87,25.55,,1.3
"2025-11-02 23:16:07",3882,3685,62967,0,,8.5,73.4,-1.87,25.55,,1.2
"2025-11-02 23:16:08",3883,3686,62960,0,,8.7,76.2,-1.87,25.55,,1.3
"2025-11-02 23:16:09",3884,3687,62954,-38.1641,-72.575765,8.85,68,-1.89,25.6,,1.3
"2025-11-02 23:16:10",3886,3689,62940,0,,8.7,75.2,-1.89,25.6,,1.3
"2025-11-02 23:16:11",3887,3690,62927,0,,8.5,72.7,-1.91,25.65,,1.3
"2025-11-02 23:16:12",3889,3692,62914,-38.164035,-72.575485,8.25,78.4,-1.91,25.65,,1.3
"2025-11-02 23:16:15",3893,3696,62882,-38.163965,-72.575203,9,69,-1.92,25.65,,1.4
"2025-11-02 23:16:16",3895,3698,62870,0,,8.5,77,-1.92,25.65,,1.4
"2025-11-02 23:16:17",3896,3699,62859,0,,8.95,74.2,-1.92,25.7,,1.4
"2025-11-02 23:16:18",3897,3700,62848,-38.163902,-72.574918,8.3,77.2,-1.92,25.7,,1.3
"2025-11-02 23:16:19",3899,3702,62836,0,,8.75,68.3,-1.94,25.7,,1.4
"2025-11-02 23:16:20",3900,3703,62825,0,,8.4,76,-1.95,25.7,,1.4
"2025-11-02 23:16:21",3902,3705,62814,-38.163833,-72.574637,8.9,73,-1.96,25.7,,1.5
"2025-11-02 23:16:22",3903,3706,62805,0,,8.2,79.1,-1.97,25.75,,1.5
"2025-11-02 23:16:23",3904,3707,62796,0,,8.9,70.2,-1.98,25.75,,1.4
"2025-11-02 23:16:24",3905,3708,62788,-38.163772,-72.574362,7.75,73.9,-1.98,25.75,9.5,1.4
"2025-11-02 23:16:25",3906,3709,62781,0,,9.2,71.7,-1.99,25.8,,1.3
"2025-11-02 23:16:26",3907,3710,62774,0,,8.3,78.6,-1.97,25.8,,1.3
"2025-11-02 23:16:27",3908,3711,62768,-38.163708,-72.574075,9.2,71.2,-1.95,25.8,,1.2
"2025-11-02 23:16:28",3909,3712,62753,0,,8.15,74.1,-1.97,25.8,,1.3
"2025-11-02 23:16:29",3911,3714,62738,0,,8.95,70.2,-1.98,25.8,,1.3
"2025-11-02 23:16:30",3913,3716,62724,-38.163637,-72.573795,8,75.4,-1.98,25.85,,1.3
"2025-11-02 23:16:31",3915,3718,62712,0,,9.2,73.3,-2,25.85,,1.3
"2025-11-02 23:16:32",3916,3719,62701,0,,8.65,75.3,-2.02,25.85,,1.3
"2025-11-02 23:16:33",3917,3720,62690,-38.163573,-72.573507,9.1,75,-2.05,25.85,,1.3
"2025-11-02 23:16:34",3919,3722,62682,0,,8.15,73.7,-2.06,25.9,,1.3
"2025-11-02 23:16:35",3920,3723,62674,0,,8.6,77.1,-2.08,25.9,,1.3
"2025-11-02 23:16:36",3921,3724,62666,-38.163513,-72.57323,8.6,71.3,-2.09,25.95,,1.3
"2025-11-02 23:16:37",3922,3725,62653,0,,9.25,75.6,-2.08,25.95,,1.3
"2025-11-02 23:16:38",3924,3727,62641,0,,8.45,71.7,-2.08,25.95,,1.4
"2025-11-02 23:16:39",3925,3728,62630,-38.163448,-72.57294,8.55,78.9,-2.1,25.95,,1.4
"2025-11-02 23:16:40",3927,3730,62617,0,,8.65,71.5,-2.11,25.95,,1.4
"2025-11-02 23:16:41",3928,3731,62605,0,,9.05,73,-2.13,25.95,,1.4
"2025-11-02 23:16:42",3930,3733,62594,-38.16338,-72.572655,8.35,73.8,-2.14,25.95,,1.4
"2025-11-02 23:16:43",3931,3734,62586,0,,8.45,77.3,-2.15,26,,1.3
"2025-11-02 23:16:44",3932,3735,62578,0,,8.6,72.9,-2.15,26,,1.3
"2025-11-02 23:16:45",3933,3736,62570,-38.163317,-72.572375,8.7,73.3,-2.14,26,,1.3
"2025-11-02 23:16:46",3935,3738,62554,0,,9,71.9,-2.15,26.05,,1.4
"2025-11-02 23:16:47",3937,3740,62539,0,,8.45,77.3,-2.17,26.05,,1.4
"2025-11-02 23:16:48",3939,3742,62524,-38.163253,-72.572085,8.9,76.1,-2.2,26.05,,1.5
"2025-11-02 23:16:49",3940,3743,62515,0,,8.2,74.3,-2.22,26.1,,1.5
"2025-11-02 23:16:50",3941,3744,62506,0,,9.15,71.6,-2.25,26.1,,1.4
"2025-11-02 23:16:51",3942,3745,62498,-38.163188,-72.571803,8.15,75.1,-2.26,26.1,9.25,1.4
"2025-11-02 23:16:52",3944,3747,62480,0,,9.5,76.4,-2.25,26.05,,1.5
"2025-11-02 23:16:53",3946,3749,62463,0,,8.1,75.4,-2.25,26.05,,1.5
"2025-11-02 23:16:54",3949,3752,62446,-38.16313,-72.57151,9.15,72,-2.28,26.1,,1.6
"2025-11-02 23:16:55",3950,3753,62437,0,,8.35,73.9,-2.31,26.1,,1.5
"2025-11-02 23:16:56",3951,3754,62428,0,,9.15,76.7,-2.33,26.1,,1.5
"2025-11-02 23:16:57",3952,3755,62420,-38.163068,-72.57122,8.7,76.1,-2.35,26.15,,1.5
"2025-11-02 23:16:58",3953,3756,62409,0,,8.9,73.6,-2.37,26.15,,1.5
"2025-11-02 23:16:59",3954,3757,62399,0,,8.6,71.5,-2.37,26.15,,1.5
"2025-11-02 23:17:00",3956,3759,62390,-38.163,-72.570937,8.5,75.5,-2.38,26.2,,1.4
"2025-11-02 23:17:01",3958,3761,62373,0,,8.95,76,-2.4,26.15,,1.5
"2025-11-02 23:17:02",3960,3763,62356,0,,8.55,75.9,-2.43,26.2,,1.6
"2025-11-02 23:17:03",3962,3765,62340,-38.16294,-72.570645,8.9,72.6,-2.44,26.2,,1.6
"2025-11-02 23:17:04",3963,3766,62331,0,,8,76.8,-2.46,26.2,,1.6
"2025-11-02 23:17:05",3964,3767,62323,0,,9.4,74.3,-2.48,26.2,,1.5
"2025-11-02 23:17:06",3965,3768,62316,-38.162883,-72.570365,7.85,76.5,-2.49,26.2,,1.4
"2025-11-02 23:17:07",3967,3770,62299,0,,9,72.8,-2.52,26.2,,1.5
"2025-11-02 23:17:08",3969,3772,62282,0,,8.25,74.6,-2.54,26.2,,1.6
"2025-11-02 23:17:09",3972,3775,62266,-38.162822,-72.570087,8.85,75,-2.54,26.2,,1.6
"2025-11-02 23:17:10",3973,3776,62255,0,,8.4,78.7,-2.56,26.25,,1.6
"2025-11-02 23:17:11",3974,3777,62244,0,,9.15,71.6,-2.59,26.25,,1.6
"2025-11-02 23:17:12",3976,3779,62234,-38.162765,-72.569797,8.85,76.9,-2.63,26.25,,1.6
"2025-11-02 23:17:15",3982,3785,62188,-38.162703,-72.569513,8.45,72.6,-2.7,26.35,,1.7
"2025-11-02 23:17:16",3983,3786,62175,0,,9.2,79,-2.71,26.35,,1.6
"2025-11-02 23:17:17",3985,3788,62163,0,,8.6,71.7,-2.71,26.4,,1.7
"2025-11-02 23:17:18",3986,3789,62152,-38.162642,-72.569218,9.45,76.5,-2.71,26.4,9,1.7
"2025-11-02 23:17:19",3987,3790,62143,0,,8,72.6,-2.71,26.45,,1.7
"2025-11-02 23:17:20",3988,3791,62134,0,,9.2,77.2,-2.71,26.5,,1.6
"2025-11-02 23:17:21",3990,3793,62126,-38.162582,-72.568927,8.55,74.7,-2.71,26.5,,1.5
"2025-11-02 23:17:22",3992,3795,62109,0,,9.7,75.5,-2.72,26.5,,1.5
"2025-11-02 23:17:23",3994,3797,62092,0,,8.25,76.1,-2.74,26.55,,1.6
"2025-11-02 23:17:24",3996,3799,62076,-38.16252,-72.568627,9.6,74.5,-2.78,26.55,,1.7
"2025-11-02 23:17:25",3997,3800,62069,0,,8.7,77,-2.79,26.6,,1.6
"2025-11-02 23:17:26",3998,3801,62062,0,,9.35,72.3,-2.8,26.6,,1.6
"2025-11-02 23:17:27",3998,3801,62056,-38.162457,-72.568335,8,76.6,-2.81,26.65,,1.4
"2025-11-02 23:17:28",4001,3804,62037,0,,9.2,73,-2.84,26.6,,1.5
"2025-11-02 23:17:29",4003,3806,62018,0,,8.35,78.4,-2.86,26.6,,1.5
"2025-11-02 23:17:30",4006,3809,62000,-38.162397,-72.568048,9.1,72.5,-2.88,26.65,,1.6
"2025-11-02 23:17:31",4007,3810,61987,0,,8.1,76.7,-2.88,26.65,,1.7
"2025-11-02 23:17:32",4009,3812,61974,0,,8.95,72.1,-2.9,26.7,,1.7
"2025-11-02 23:17:33",4011,3814,61962,-38.162335,-72.56776,8.55,78.6,-2.93,26.7,,1.7
"2025-11-02 23:17:34",4012,3815,61949,0,,8.55,71.7,-2.96,26.7,,1.7
"2025-11-02 23:17:35",4014,3817,61936,0,,8.8,77.6,-2.96,26.7,,1.7
"2025-11-02 23:17:36",4015,3818,61924,-38.162268,-72.567473,8.85,68.7,-2.96,26.7,,1.6
"2025-11-02 23:17:37",4017,3820,61912,0,,8.95,78.3,-2.99,26.7,,1.6
"2025-11-02 23:17:38",4018,3821,61901,0,,8.45,73.5,-3,26.7,,1.7
"2025-11-02 23:17:39",4020,3823,61890,-38.162208,-72.567188,8.65,79.9,-2.99,26.65,,1.7
"2025-11-02 23:17:41",4023,3826,61864,0,,8.9,77.6,-3,26.65,,1.7
"2025-11-02 23:17:42",4025,3828,61852,-38.162148,-72.566898,8.35,75.1,-3.03,26.65,,1.6
"2025-11-02 23:17:45",4030,3833,61814,-38.162088,-72.566602,9.25,76.9,-3.04,26.6,8.75,1.6
"2025-11-02 23:17:47",4033,3836,61787,0,,8.9,75.3,-3.09,26.5,,1.6
"2025-11-02 23:17:48",4035,3838,61774,-38.16203,-72.566308,8.65,77.3,-3.1,26.45,,1.6
"2025-11-02 23:17:50",4038,3841,61746,0,,8.15,76.4,-3.11,26.4,,1.7
"2025-11-02 23:17:51",4040,3843,61732,-38.161975,-72.566013,9.05,74.3,-3.13,26.35,,1.7
"2025-11-02 23:17:53",4044,3847,61702,0,,9.5,76,-3.16,26.3,,1.7
"2025-11-02 23:17:54",4046,3849,61688,-38.161915,-72.565722,8.55,79,-3.17,26.25,,1.8
"2025-11-02 23:17:56",4049,3852,61664,0,,8.6,75.3,-3.25,26.2,,1.7
"2025-11-02 23:17:57",4050,3853,61652,-38.161852,-72.565425,9.3,71.9,-3.28,26.2,,1.7
"2025-11-02 23:17:59",4053,3856,61629,0,,8.65,75.8,-3.34,26.2,,1.7
"2025-11-02 23:18:00",4055,3858,61618,-38.161792,-72.565138,8.6,77.3,-3.35,26.2,,1.7
"2025-11-02 23:18:01",4057,3860,61602,0,,8.6,73.8,-3.35,26.2,,1.7
"2025-11-02 23:18:02",4059,3862,61587,0,,9.15,76.4,-3.37,26.2,,1.7
"2025-11-02 23:18:03",4061,3864,61572,-38.161733,-72.564843,8.8,77.1,-3.38,26.2,,1.7
"2025-11-02 23:18:04",4062,3865,61561,0,,9.25,78.2,-3.38,26.2,,1.7
"2025-11-02 23:18:05",4063,3866,61551,0,,8.35,74.4,-3.37,26.15,,1.6
"2025-11-02 23:18:06",4065,3868,61542,-38.161675,-72.564547,9.35,74.2,-3.39,26.15,,1.6
"2025-11-02 23:18:07",4066,3869,61531,0,,8.3,77.6,-3.41,26.15,,1.5
"2025-11-02 23:18:08",4067,3870,61520,0,,9.6,77.4,-3.41,26.1,,1.5
"2025-11-02 23:18:09",4069,3872,61510,-38.161618,-72.56425,8.15,76,-3.43,26.1,,1.5
"2025-11-02 23:18:10",4070,3873,61497,0,,9.2,74.6,-3.41,26.1,,1.5
"2025-11-02 23:18:11",4072,3875,61484,0,,8.5,76.6,-3.43,26.05,,1.6
"2025-11-02 23:18:12",4074,3877,61472,-38.161558,-72.563955,9.4,76.7,-3.4,26,8.5,1.6
"2025-11-02 23:18:14",4078,3881,61436,0,,9.05,74.4,-3.39,26,,1.7
"2025-11-02 23:18:15",4081,3884,61418,-38.161498,-72.563657,8.8,74.3,-3.4,26,,1.7
"2025-11-02 23:18:16",4082,3885,61405,0,,8.55,79.1,-3.39,26,,1.7
"2025-11-02 23:18:17",4084,3887,61393,0,,9,77,-3.41,26,,1.7
"2025-11-02 23:18:18",4085,3888,61382,-38.161443,-72.563365,8.85,74.9,-3.44,25.9,,1.7
"2025-11-02 23:18:19",4087,3890,61365,0,,8.95,75.3,-3.46,25.8,,1.8
"2025-11-02 23:18:20",4090,3893,61348,0,,8.45,79.3,-3.5,25.75,,1.8
"2025-11-02 23:18:21",4092,3895,61332,-38.161388,-72.563073,8.9,78.8,-3.52,25.65,,1.9
"2025-11-02 23:18:22",4093,3896,61324,0,,8.95,75.4,-3.52,25.6,,1.9
"2025-11-02 23:18:23",4094,3897,61317,0,,9.35,74.4,-3.54,25.5,,1.8
"2025-11-02 23:18:24",4095,3898,61310,-38.16133,-72.562777,8.4,77.9,-3.56,25.4,,1.7
"2025-11-02 23:18:25",4097,3900,61292,0,,9.05,78.4,-3.58,25.3,,1.8
"2025-11-02 23:18:26",4099,3902,61275,0,,8.9,73.6,-3.58,25.3,,1.7
"2025-11-02 23:18:27",4101,3904,61258,-38.161273,-72.562482,9.35,75.7,-3.6,25.2,,1.7
"2025-11-02 23:18:28",4103,3906,61248,0,,8.4,75.2,-3.63,25.2,,1.7
"2025-11-02 23:18:29",4104,3907,61238,0,,9.3,79.7,-3.64,25.15,,1.7
"2025-11-02 23:18:30",4105,3908,61228,-38.161218,-72.562188,8.85,75.5,-3.67,25.1,,1.7
"2025-11-02 23:18:31",4107,3910,61211,0,,9.15,76.2,-3.68,25.05,,1.7
"2025-11-02 23:18:32",4110,3913,61194,0,,8.9,75.8,-3.7,25.05,,1.7
"2025-11-02 23:18:33",4112,3915,61178,-38.161162,-72.561892,8.75,78.7,-3.72,25,,1.7
"2025-11-02 23:18:34",4114,3917,61163,0,,8.6,79.8,-3.7,24.95,,1.7
"2025-11-02 23:18:35",4115,3918,61148,0,,9.4,79.2,-3.7,24.95,,1.8
"2025-11-02 23:18:36",4117,3920,61134,-38.161115,-72.561587,9.4,76.6,-3.72,24.9,,1.8
"2025-11-02 23:18:37",4119,3922,61122,0,,8.7,79.3,-3.73,24.95,,1.9
"2025-11-02 23:18:38",4120,3923,61111,0,,8.85,79.5,-3.75,24.85,,1.8
"2025-11-02 23:18:39",4122,3925,61100,-38.161068,-72.561287,9.15,80.7,-3.78,24.85,8,1.8
"2025-11-02 23:18:40",4123,3926,61088,0,,9.35,79.1,-3.83,24.8,,1.7
"2025-11-02 23:18:41",4125,3928,61076,0,,8.35,77.4,-3.83,24.75,,1.7
"2025-11-02 23:18:42",4126,3929,61064,-38.16102,-72.560988,9.25,79.2,-3.85,24.7,,1.7
"2025-11-02 23:18:45",4133,3936,61016,-38.160978,-72.560675,8.6,78.4,-3.83,24.55,,1.8
"2025-11-02 23:18:46",4135,3938,61001,0,,8.8,79.1,-3.84,24.45,,1.7
"2025-11-02 23:18:47",4136,3939,60987,0,,9.3,78.4,-3.83,24.35,,1.7
"2025-11-02 23:18:48",4138,3941,60974,-38.160935,-72.560368,9.55,81.8,-3.83,24.25,,1.7
"2025-11-02 23:18:49",4140,3943,60961,0,,8.95,78.2,-3.85,24.1,,1.7
"2025-11-02 23:18:50",4141,3944,60948,0,,8.95,82.3,-3.88,23.95,,1.7
"2025-11-02 23:18:51",4143,3946,60936,-38.160893,-72.56006,9.3,77.1,-3.9,23.8,,1.7
"2025-11-02 23:18:52",4144,3947,60925,0,,9.7,81.1,-3.91,23.7,,1.8
"2025-11-02 23:18:53",4146,3949,60915,0,,9.4,79.1,-3.92,23.5,,1.7
"2025-11-02 23:18:54",4147,3950,60906,-38.160848,-72.559745,8.95,82.8,-3.94,23.3,,1.7
"2025-11-02 23:18:55",4148,3951,60894,0,,9.1,80,-3.97,23.1,,1.7
"2025-11-02 23:18:56",4150,3953,60883,0,,9.3,81.2,-3.97,23,,1.7
"2025-11-02 23:18:57",4151,3954,60872,-38.160805,-72.559433,10.1,77.5,-3.94,22.9,,1.6
"2025-11-02 23:18:58",4153,3956,60856,0,,9.15,80.2,-3.94,22.75,,1.6
"2025-11-02 23:18:59",4155,3958,60841,0,,9.25,79.9,-3.96,22.6,,1.6
"2025-11-02 23:19:00",4157,3960,60826,-38.16076,-72.559123,9.25,80,-3.98,22.5,,1.6
"2025-11-02 23:19:01",4159,3962,60812,0,,10.2,79.6,-3.94,22.45,,1.6
"2025-11-02 23:19:02",4161,3964,60798,0,,9.35,77.3,-3.97,22.35,,1.6
"2025-11-02 23:19:03",4163,3966,60784,-38.16071,-72.558803,9.65,80.4,-3.98,22.2,,1.7
"2025-11-02 23:19:04",4164,3967,60773,0,,8.9,78.7,-4,22.05,,1.6
"2025-11-02 23:19:05",4166,3969,60762,0,,10.15,83.2,-4.03,21.9,,1.6
"2025-11-02 23:19:06",4167,3970,60752,-38.160663,-72.558487,9.4,76,-4.04,21.8,7.75,1.6
"2025-11-02 23:19:07",4169,3972,60736,0,,10.05,81.8,-4.05,21.65,,1.7
"2025-11-02 23:19:08",4171,3974,60720,0,,9.3,76,-4.07,21.5,,1.8
"2025-11-02 23:19:09",4173,3976,60704,-38.160615,-72.55817,9.65,84.8,-4.09,21.4,,1.8
"2025-11-02 23:19:10",4175,3978,60691,0,,9.35,76.5,-4.09,21.3,,1.8
"2025-11-02 23:19:11",4177,3980,60678,0,,9.55,82,-4.09,21.15,,1.8
"2025-11-02 23:19:12",4178,3981,60666,-38.160568,-72.557848,10,79.4,-4.09,21.05,,1.7
"2025-11-02 23:19:14",4182,3985,60639,0,,9.6,80.9,-4.14,20.85,,1.7
"2025-11-02 23:19:15",4183,3986,60626,-38.160527,-72.55752,9.6,80,-4.15,20.8,,1.7
"2025-11-02 23:19:16",4185,3988,60610,0,,10.25,80.2,-4.16,20.7,,1.8
"2025-11-02 23:19:17",4187,3990,60596,0,,9.7,83.4,-4.17,20.65,,1.8
"2025-11-02 23:19:18",4189,3992,60582,-38.160487,-72.557182,10.2,83.3,-4.17,20.6,,1.8
"2025-11-02 23:19:19",4190,3993,60574,0,,9.4,78.5,-4.17,20.55,,1.8
"2025-11-02 23:19:20",4191,3994,60567,0,,10,80.7,-4.19,20.55,,1.7
"2025-11-02 23:19:21",4192,3995,60560,-38.160443,-72.556852,9.8,81.1,-4.18,20.5,,1.6
"2025-11-02 23:19:22",4194,3997,60544,0,,10.3,84,-4.19,20.5,,1.6
"2025-11-02 23:19:23",4196,3999,60529,0,,9.4,76.7,-4.19,20.45,,1.6
"2025-11-02 23:19:24",4198,4001,60514,-38.1604,-72.55652,10.15,82.1,-4.2,20.45,,1.7
"2025-11-02 23:19:25",4199,4002,60505,0,,9.75,81.1,-4.2,20.45,,1.6
"2025-11-02 23:19:26",4200,4003,60496,0,,10.3,84.5,-4.22,20.45,,1.6
"2025-11-02 23:19:27",4202,4005,60488,-38.16036,-72.556177,9.7,77.4,-4.23,20.4,,1.5
"2025-11-02 23:19:28",4204,4007,60471,0,,10.15,80.8,-4.24,20.4,,1.6
"2025-11-02 23:19:29",4206,4009,60454,0,,10.15,80.7,-4.26,20.35,,1.6
"2025-11-02 23:19:30",4208,4011,60438,-38.160315,-72.555838,10.1,83.3,-4.28,20.3,,1.6
"2025-11-02 23:19:31",4210,4013,60425,0,,9.6,81.1,-4.28,20.25,,1.6
"2025-11-02 23:19:32",4211,4014,60412,0,,9.7,80.2,-4.3,20.2,,1.7
"2025-11-02 23:19:33",4213,4016,60400,-38.160272,-72.555508,10.3,79,-4.31,20.1,7.5,1.7
"2025-11-02 23:19:34",4214,4017,60390,0,,10.3,80.2,-4.32,20.05,,1.7
"2025-11-02 23:19:35",4215,4018,60381,0,,10.25,81.8,-4.32,20.05,,1.6
"2025-11-02 23:19:36",4217,4020,60372,-38.160227,-72.555165,9.55,81.7,-4.34,19.95,,1.6
"2025-11-02 23:19:37",4219,4022,60356,0,,10.5,80.8,-4.35,19.85,,1.6
"2025-11-02 23:19:38",4221,4024,60340,0,,10.5,78.3,-4.34,19.85,,1.7
"2025-11-02 23:19:39",4223,4026,60324,-38.160178,-72.554813,10.9,81.9,-4.36,19.8,,1.7
"2025-11-02 23:19:40",4224,4027,60313,0,,9.95,79.7,-4.37,19.75,,1.8
"2025-11-02 23:19:41",4226,4029,60302,0,,10.15,80.5,-4.38,19.7,,1.7
"2025-11-02 23:19:42",4227,4030,60292,-38.16013,-72.554473,10.25,78.6,-4.37,19.65,,1.6
"2025-11-02 23:19:44",4231,4034,60262,0,,10.15,79.7,-4.38,19.6,,1.6
"2025-11-02 23:19:45",4233,4036,60248,-38.16008,-72.554122,10.85,79.3,-4.41,19.5,,1.7
"2025-11-02 23:19:46",4234,4037,60236,0,,10.45,80,-4.43,19.45,,1.7
"2025-11-02 23:19:47",4236,4039,60224,0,,11.2,81.8,-4.43,19.45,,1.7
"2025-11-02 23:19:48",4238,4041,60212,-38.160033,-72.553757,10,80.8,-4.42,19.4,,1.7
"2025-11-02 23:19:49",4239,4042,60201,0,,10.8,80.1,-4.42,19.35,,1.7
"2025-11-02 23:19:50",4240,4043,60191,0,,9.65,79,-4.4,19.3,,1.7
"2025-11-02 23:19:51",4242,4045,60182,-38.159985,-72.55341,10.85,80.7,-4.38,19.25,,1.6
"2025-11-02 23:19:52",4243,4046,60171,0,,10.1,83.8,-4.37,19.25,,1.6
"2025-11-02 23:19:53",4244,4047,60160,0,,11.15,80.4,-4.38,19.2,,1.6
"2025-11-02 23:19:54",4246,4049,60150,-38.159942,-72.55305,10.45,80.3,-4.41,19.2,,1.5
"2025-11-02 23:19:55",4248,4051,60136,0,,10.8,77.8,-4.45,19.15,,1.6
"2025-11-02 23:19:56",4249,4052,60122,0,,10.05,83.4,-4.47,19.1,,1.5
"2025-11-02 23:19:57",4251,4054,60108,-38.159893,-72.552698,10.8,80.4,-4.48,19.05,,1.5
"2025-11-02 23:19:58",4253,4056,60096,0,,10.75,82,-4.49,19.05,,1.5
"2025-11-02 23:19:59",4254,4057,60084,0,,10.75,77.3,-4.49,19.05,,1.5
"2025-11-02 23:20:00",4256,4059,60072,-38.159843,-72.552337,10.65,81.8,-4.51,19,7,1.5
"2025-11-02 23:20:01",4258,4061,60059,0,,10.25,81.2,-4.55,19,,1.6
"2025-11-02 23:20:02",4259,4062,60046,0,,11.1,84.4,-4.56,18.95,,1.6
"2025-11-02 23:20:03",4261,4064,60034,-38.159805,-72.551972,10.65,79,-4.56,18.95,,1.6
"2025-11-02 23:20:04",4263,4066,60021,0,,11.25,82,-4.57,18.9,,1.6
"2025-11-02 23:20:05",4264,4067,60008,0,,10.6,79.3,-4.59,18.9,,1.6
"2025-11-02 23:20:06",4266,4069,59996,-38.159753,-72.551602,11.35,79.4,-4.6,18.9,,1.7
"2025-11-02 23:20:07",4267,4070,59985,0,,10.55,82.9,-4.62,18.9,,1.7
"2025-11-02 23:20:08",4269,4072,59974,0,,11.25,83.4,-4.62,18.9,,1.6
"2025-11-02 23:20:09",4270,4073,59964,-38.159715,-72.551232,10.75,81.9,-4.63,18.95,,1.6
"2025-11-02 23:20:11",4274,4077,59938,0,,10.7,82,-4.64,19,,1.6
"2025-11-02 23:20:12",4275,4078,59926,-38.159675,-72.550852,11.25,84.8,-4.65,19.05,,1.6
"2025-11-02 23:20:15",4280,4083,59892,-38.159632,-72.550473,10.75,82.3,-4.64,19.05,,1.6
"2025-11-02 23:20:17",4283,4086,59869,0,,10.85,81.1,-4.64,19.1,,1.5
"2025-11-02 23:20:18",4284,4087,59858,-38.159593,-72.550092,11.9,81.8,-4.66,19.15,,1.5
"2025-11-02 23:20:20",4287,4090,59837,0,,11.55,84.3,-4.68,19.2,,1.5
"2025-11-02 23:20:21",4288,4091,59828,-38.159557,-72.549707,10.9,83.5,-4.67,19.2,,1.5
"2025-11-02 23:20:23",4291,4094,59805,0,,11.25,83,-4.67,19.2,,1.5
"2025-11-02 23:20:24",4293,4096,59794,-38.159513,-72.549318,11.25,84,-4.67,19.2,,1.5
"2025-11-02 23:20:26",4295,4098,59775,0,,11.7,81.8,-4.74,19.2,,1.4
"2025-11-02 23:20:27",4296,4099,59766,-38.159475,-72.548933,11.95,82.6,-4.76,19.1,6.75,1.4
"2025-11-02 23:20:29",4300,4103,59740,0,,11.35,83.4,-4.78,19.05,,1.4
"2025-11-02 23:20:30",4301,4104,59728,-38.159432,-72.548548,11.55,80.9,-4.79,19,,1.4
"2025-11-02 23:20:31",4303,4106,59718,0,,12.35,83,-4.78,18.9,,1.4
"2025-11-02 23:20:32",4304,4107,59709,0,,11.55,80.7,-4.79,18.8,,1.4
"2025-11-02 23:20:33",4305,4108,59700,-38.159388,-72.54815,11.55,85.3,-4.8,18.75,,1.4
"2025-11-02 23:20:34",4307,4110,59689,0,,11.15,82.2,-4.81,18.65,,1.4
"2025-11-02 23:20:35",4308,4111,59678,0,,12.5,84.6,-4.79,18.55,,1.4
"2025-11-02 23:20:36",4309,4112,59668,-38.159353,-72.547752,11.75,83.8,-4.79,18.45,,1.4
"2025-11-02 23:20:37",4310,4113,59659,0,,11.8,85.2,-4.79,18.35,,1.4
"2025-11-02 23:20:38",4312,4115,59650,0,,11,83.9,-4.79,18.15,,1.4
"2025-11-02 23:20:39",4313,4116,59642,-38.159322,-72.547357,12.35,84.9,-4.76,17.95,,1.4
"2025-11-02 23:20:40",4315,4118,59627,0,,11.85,84.8,-4.75,17.75,,1.4
"2025-11-02 23:20:41",4316,4119,59613,0,,12,84.9,-4.74,17.6,,1.4
"2025-11-02 23:20:42",4318,4121,59600,-38.159297,-72.546947,12,87.6,-4.68,17.35,,1.4
"2025-11-02 23:20:43",4319,4122,59594,0,,12,86,-4.72,17.15,,1.4
"2025-11-02 23:20:44",4320,4123,59589,0,,11.75,83.6,-4.71,17,,1.3
"2025-11-02 23:20:45",4320,4123,59584,-38.159272,-72.546547,11.65,84.5,-4.71,16.8,,1.3
"2025-11-02 23:20:46",4322,4125,59569,0,,11.6,85.7,-4.73,16.7,,1.3
"2025-11-02 23:20:47",4324,4127,59554,0,,11.65,85.2,-4.74,16.55,,1.4
"2025-11-02 23:20:48",4326,4129,59540,-38.159245,-72.546145,12.35,86.4,-4.71,16.4,,1.4
"2025-11-02 23:20:49",4328,4131,59526,0,,11.95,85.3,-4.71,16.2,,1.5
"2025-11-02 23:20:50",4330,4133,59514,0,,12.4,85.5,-4.68,16.1,,1.5
"2025-11-02 23:20:51",4331,4134,59502,-38.159222,-72.545727,12.3,84.9,-4.72,15.95,,1.5
"2025-11-02 23:20:52",4332,4135,59497,0,,12.1,89.2,-4.74,15.85,,1.5
"2025-11-02 23:20:53",4333,4136,59492,0,,12.05,88,-4.76,15.75,,1.4
"2025-11-02 23:20:54",4333,4136,59488,-38.15921,-72.545318,11.45,88.1,-4.77,15.65,6.5,1.3
"2025-11-02 23:20:55",4335,4138,59473,0,,11.75,85.2,-4.78,15.55,,1.3
"2025-11-02 23:20:56",4337,4140,59459,0,,12.3,85.5,-4.78,15.5,,1.4
"2025-11-02 23:20:57",4339,4142,59446,-38.159187,-72.544913,11.85,85.8,-4.79,15.45,,1.5
"2025-11-02 23:20:58",4340,4143,59436,0,,12.05,85.8,-4.8,15.4,,1.5
"2025-11-02 23:20:59",4341,4144,59427,0,,11.55,88.8,-4.78,15.35,,1.4
"2025-11-02 23:21:00",4342,4145,59418,-38.159172,-72.544508,12.05,89.5,-4.78,15.35,,1.3
"2025-11-02 23:21:01",4343,4146,59410,0,,11.3,87.9,-4.78,15.3,,1.3
"2025-11-02 23:21:02",4344,4147,59403,0,,11.85,90.7,-4.8,15.3,,1.3
"2025-11-02 23:21:03",4345,4148,59396,-38.159168,-72.544115,11.3,89.2,-4.82,15.25,,1.2
"2025-11-02 23:21:04",4347,4150,59384,0,,12.3,87.7,-4.86,15.25,,1.2
"2025-11-02 23:21:05",4349,4152,59372,0,,11.7,88.9,-4.88,15.25,,1.3
"2025-11-02 23:21:06",4350,4153,59360,-38.15916,-72.543707,12.35,91.1,-4.87,15.25,,1.4
"2025-11-02 23:21:07",4351,4154,59351,0,,12,89.1,-4.88,15.25,,1.4
"2025-11-02 23:21:08",4353,4156,59342,0,,12.6,91.4,-4.9,15.25,,1.3
"2025-11-02 23:21:09",4354,4157,59334,-38.15916,-72.54329,12,88.4,-4.93,15.25,,1.3
"2025-11-02 23:21:10",4354,4157,59328,0,,12,89.6,-4.95,15.35,,1.2
"2025-11-02 23:21:11",4355,4158,59323,0,,11.2,88.1,-4.97,15.4,,1.2
"2025-11-02 23:21:12",4356,4159,59318,-38.159153,-72.542887,12.55,90.7,-4.96,15.5,,1.1
"2025-11-02 23:21:15",4361,4164,59276,-38.159153,-72.542468,11.45,91.9,-4.9,15.9,,1.3
"2025-11-02 23:21:16",4362,4165,59270,0,,12.2,89.4,-4.91,16.05,,1.3
"2025-11-02 23:21:17",4363,4166,59265,0,,11.95,88.5,-4.91,16.2,,1.2
"2025-11-02 23:21:18",4364,4167,59260,-38.159153,-72.54206,12.35,92.1,-4.93,16.35,,1.1
"2025-11-02 23:21:19",4365,4168,59248,0,,11.85,92.3,-4.94,16.55,,1.1
"2025-11-02 23:21:20",4367,4170,59237,0,,12.35,89.8,-4.97,16.7,,1.2
"2025-11-02 23:21:21",4368,4171,59226,-38.15916,-72.541647,12.05,90.4,-5,16.85,6.25,1.2
"2025-11-02 23:21:22",4369,4172,59215,0,,12.7,91.5,-5.01,17,,1.2
"2025-11-02 23:21:23",4371,4174,59205,0,,12.3,93,-5.01,17.2,,1.3
"2025-11-02 23:21:24",4372,4175,59196,-38.159168,-72.54122,12.3,88.3,-5.04,17.4,,1.3
"2025-11-02 23:21:25",4373,4176,59190,0,,12.2,90.3,-5.06,17.55,,1.3
"2025-11-02 23:21:26",4374,4177,59184,0,,11.8,89.9,-5.09,17.75,,1.3
"2025-11-02 23:21:27",4374,4177,59178,-38.15917,-72.540808,11.9,91.9,-5.12,17.95,,1.1
"2025-11-02 23:21:28",4376,4179,59163,0,,12.2,90.9,-5.12,18.15,,1.2
"2025-11-02 23:21:29",4378,4181,59149,0,,12.8,93.5,-5.15,18.35,,1.3
"2025-11-02 23:21:30",4380,4183,59136,-38.15918,-72.540387,12.05,89.9,-5.16,18.5,,1.4
"2025-11-02 23:21:31",4381,4184,59129,0,,12.05,91,-5.17,18.6,,1.3
"2025-11-02 23:21:32",4382,4185,59122,0,,12.35,89.1,-5.16,18.8,,1.3
"2025-11-02 23:21:33",4383,4186,59116,-38.159182,-72.539965,12.9,93,-5.17,18.95,,1.2
"2025-11-02 23:21:34",4384,4187,59106,0,,12.05,91.7,-5.17,19.1,,1.2
"2025-11-02 23:21:35",4385,4188,59097,0,,12.15,92.2,-5.16,19.25,,1.2
"2025-11-02 23:21:36",4386,4189,59088,-38.159193,-72.539547,11.85,90,-5.18,19.45,,1.2
"2025-11-02 23:21:37",4388,4191,59079,0,,12.85,91.7,-5.18,19.6,,1.2
"2025-11-02 23:21:38",4389,4192,59070,0,,12.4,92.2,-5.19,19.8,,1.2
"2025-11-02 23:21:39",4390,4193,59062,-38.159203,-72.539122,12.4,92.9,-5.19,20,,1.3
"2025-11-02 23:21:40",4391,4194,59051,0,,11.65,93.4,-5.17,20.2,,1.3
"2025-11-02 23:21:41",4393,4196,59040,0,,12.55,90.8,-5.18,20.4,,1.3
"2025-11-02 23:21:42",4394,4197,59030,-38.159213,-72.538702,12.4,90.1,-5.2,20.55,,1.2
"2025-11-02 23:21:43",4395,4198,59024,0,,12.7,91.9,-5.21,20.8,,1.2
"2025-11-02 23:21:44",4396,4199,59018,0,,12.35,93.1,-5.21,21,,1.1
"2025-11-02 23:21:45",4397,4200,59012,-38.159223,-72.538277,11.9,91.1,-5.2,21.2,,1.1
"2025-11-02 23:21:46",4398,4201,59002,0,,12.15,91.6,-5.21,21.35,,1.2
"2025-11-02 23:21:47",4399,4202,58992,0,,11.85,89.1,-5.23,21.45,,1.2
"2025-11-02 23:21:48",4401,4204,58982,-38.159225,-72.537865,12.6,92.7,-5.24,21.65,6,1.2
"2025-11-02 23:21:49",4402,4205,58970,0,,12.4,92.2,-5.27,21.85,,1.2
"2025-11-02 23:21:50",4404,4207,58960,0,,12,91.8,-5.3,22,,1.2
"2025-11-02 23:21:51",4405,4208,58950,-38.159235,-72.537448,11.95,90.2,-5.31,22.15,,1.2
"2025-11-02 23:21:52",4406,4209,58942,0,,12.75,91.3,-5.32,22.3,,1.2
"2025-11-02 23:21:53",4407,4210,58935,0,,12.6,91.7,-5.34,22.35,,1.2
"2025-11-02 23:21:54",4408,4211,58928,-38.159243,-72.53702,12.3,92.4,-5.34,22.5,,1.2
"2025-11-02 23:21:55",4409,4212,58919,0,,11.6,91.1,-5.34,22.6,,1.2
"2025-11-02 23:21:56",4410,4213,58910,0,,12.85,91.6,-5.33,22.75,,1.2
"2025-11-02 23:21:57",4411,4214,58902,-38.15925,-72.536603,12.05,91,-5.35,22.85,,1.2
"2025-11-02 23:21:58",4412,4215,58895,0,,12.85,92.1,-5.37,22.95,,1.2
"2025-11-02 23:21:59",4413,4216,58888,0,,12.45,89.9,-5.4,23.05,,1.1
"2025-11-02 23:22:00",4414,4217,58882,-38.159257,-72.536175,12.45,91.7,-5.4,23.15,,1.1
"2025-11-02 23:22:01",4415,4218,58872,0,,11.9,90.7,-5.39,23.25,,1.1
"2025-11-02 23:22:02",4416,4219,58863,0,,11.9,92.5,-5.39,23.35,,1.1
"2025-11-02 23:22:03",4418,4221,58854,-38.159267,-72.535758,12.75,91.3,-5.39,23.45,,1.1
"2025-11-02 23:22:04",4419,4222,58846,0,,12.3,92.5,-5.39,23.5,,1.1
"2025-11-02 23:22:05",4420,4223,58839,0,,12.1,91.5,-5.42,23.65,,1.1
"2025-11-02 23:22:06",4421,4224,58832,-38.159277,-72.53534,11.65,91.3,-5.45,23.7,,1.1
"2025-11-02 23:22:07",4422,4225,58822,0,,12.4,91.1,-5.48,23.8,,1.1
"2025-11-02 23:22:08",4423,4226,58813,0,,12.35,90.3,-5.49,23.8,,1.1
"2025-11-02 23:22:09",4424,4227,58804,-38.15928,-72.534923,12.35,92.5,-5.49,23.9,,1.1
"2025-11-02 23:22:10",4425,4228,58798,0,,11.95,90.3,-5.5,24,,1.1
"2025-11-02 23:22:11",4426,4229,58793,0,,11.55,92.8,-5.52,24.05,,1.1
"2025-11-02 23:22:12",4427,4230,58788,-38.159285,-72.534513,12.5,89.8,-5.5,24.1,,1
"2025-11-02 23:22:15",4431,4234,58754,-38.159287,-72.534098,11.5,92,-5.5,24.25,5.5,1.1
"2025-11-02 23:22:16",4432,4235,58743,0,,12.35,90.6,-5.53,24.3,,1.1
"2025-11-02 23:22:17",4434,4237,58733,0,,12.2,92.5,-5.54,24.35,,1.2
"2025-11-02 23:22:18",4435,4238,58724,-38.159295,-72.533678,12.6,90.6,-5.56,24.4,,1.2
"2025-11-02 23:22:19",4436,4239,58715,0,,12.45,91.8,-5.57,24.45,,1.2
"2025-11-02 23:22:20",4437,4240,58706,0,,11.65,90.4,-5.56,24.5,,1.2
"2025-11-02 23:22:21",4439,4242,58698,-38.159298,-72.533265,11.85,90.9,-5.57,24.55,,1.2
"2025-11-02 23:22:22",4440,4243,58690,0,,,,-5.61,24.6,,1.2
"2025-11-02 23:22:23",4441,4244,58683,0,,,,-5.62,24.6,,1.2
"2025-11-02 23:22:24",4442,4245,58676,0,,,,-5.64,24.7,,1.2
"2025-11-02 23:22:25",4443,4246,58668,0,,11.9,90.8,-5.65,24.75,,1.2
"2025-11-02 23:22:26",4444,4247,58661,0,,11.55,88.5,-5.66,24.8,,1.2
"2025-11-02 23:22:27",4445,4248,58654,-38.159298,-72.53244,11.85,89.8,-5.68,24.8,,1.1
"2025-11-02 23:22:28",4446,4249,58646,0,,12.15,88.4,-5.69,24.85,,1.1
"2025-11-02 23:22:29",4447,4250,58638,0,,12.5,88.4,-5.7,24.85,,1.1
"2025-11-02 23:22:30",4448,4251,58630,-38.15929,-72.532022,12,89,-5.72,24.9,,1.1
"2025-11-02 23:22:31",4448,4251,58627,0,,11.95,90.2,-5.74,24.95,,1
"2025-11-02 23:22:32",4448,4251,58624,0,,11.6,89.7,-5.76,24.95,,0.9
"2025-11-02 23:22:33",4449,4252,58622,-38.159287,-72.531617,12.4,88.5,-5.74,25,,0.9
"2025-11-02 23:22:34",4450,4253,58614,0,,12.25,90,-5.76,25,,0.9
"2025-11-02 23:22:35",4451,4254,58606,0,,12.25,87.7,-5.77,25.05,,0.9
"2025-11-02 23:22:36",4452,4255,58598,-38.159278,-72.531202,11.65,90.2,-5.78,25.05,,0.9
"2025-11-02 23:22:37",4454,4257,58585,0,,11.95,87.8,-5.77,25.1,,0.9
"2025-11-02 23:22:38",4455,4258,58573,0,,12.15,91.5,-5.78,25.1,,1
"2025-11-02 23:22:39",4457,4260,58562,-38.159275,-72.530792,12.35,89,-5.78,25.15,,1
"2025-11-02 23:22:41",4459,4262,58546,0,,12.1,88.9,-5.77,25.15,,1
"2025-11-02 23:22:42",4460,4263,58538,-38.159273,-72.530378,11.65,90.7,-5.74,25.15,5.25,1
"2025-11-02 23:22:45",4462,4265,58522,-38.159263,-72.529965,12.4,87.2,-5.7,25.1,,1.1
"2025-11-02 23:22:47",4465,4268,58499,0,,11.9,86.4,-5.74,25.05,,1.2
"2025-11-02 23:22:48",4467,4270,58488,-38.159252,-72.52955,11.95,89.4,-5.76,25.05,,1.2
"2025-11-02 23:22:50",4468,4271,58477,0,,12.8,91,-5.79,25.05,,1.1
"2025-11-02 23:22:51",4469,4272,58472,-38.159248,-72.529125,12.35,87.8,-5.81,25,,1.1
"2025-11-02 23:22:53",4471,4274,58457,0,,12.2,89.1,-5.85,25,,1
"2025-11-02 23:22:54",4472,4275,58450,-38.159238,-72.528705,12.85,91.2,-5.88,24.95,,1
"2025-11-02 23:22:56",4474,4277,58433,0,,12.85,87.8,-5.9,24.9,,1
"2025-11-02 23:22:57",4475,4278,58426,-38.159228,-72.528282,12.05,89.1,-5.91,24.9,,1
"2025-11-02 23:22:59",4477,4280,58408,0,,12.2,88.8,-5.91,24.85,,1
"2025-11-02 23:23:00",4479,4282,58400,-38.159223,-72.527852,13.1,88.2,-5.9,24.85,,1
"2025-11-02 23:23:01",4479,4282,58394,0,,12.25,88.7,-5.92,24.85,,1
"2025-11-02 23:23:02",4480,4283,58389,0,,12.55,88.7,-5.93,24.85,,1
"2025-11-02 23:23:03",4481,4284,58384,-38.159217,-72.527427,11.9,91.2,-5.94,24.8,,1
"2025-11-02 23:23:04",4482,4285,58373,0,,12.8,87.6,-5.92,24.8,,1
"2025-11-02 23:23:05",4484,4287,58361,0,,12.3,91.3,-5.93,24.8,,1.1
"2025-11-02 23:23:06",4485,4288,58350,-38.159212,-72.526997,13.35,87.2,-5.93,24.8,,1.1
"2025-11-02 23:23:07",4486,4289,58344,0,,12.4,90.9,-5.95,24.8,,1.1
"2025-11-02 23:23:08",4487,4290,58338,0,,13.1,86.2,-5.95,24.8,,1.1
"2025-11-02 23:23:09",4488,4291,58332,-38.159202,-72.526558,12.6,88.1,-5.96,24.8,5,1.1
"2025-11-02 23:23:10",4489,4292,58325,0,,12.6,89.5,-5.96,24.8,,1
"2025-11-02 23:23:11",4490,4293,58318,0,,12.45,91.3,-5.95,24.8,,1
"2025-11-02 23:23:12",4491,4294,58312,-38.1592,-72.526128,12.95,86.8,-5.94,24.75,,1
"2025-11-02 23:23:14",4492,4295,58297,0,,12.4,87.5,-5.97,24.75,,1
"2025-11-02 23:23:15",4493,4296,58290,-38.15919,-72.525695,12.55,90.9,-6,24.7,,1
"2025-11-02 23:23:16",4494,4297,58285,0,,12.35,88.5,-6.01,24.7,,1
"2025-11-02 23:23:17",4495,4298,58280,0,,13.15,88.8,-6.04,24.7,,0.9
"2025-11-02 23:23:18",4495,4298,58276,-38.159182,-72.525263,12.35,87.7,-6.03,24.7,,0.8
"2025-11-02 23:23:19",4497,4300,58264,0,,13.35,90.3,-6.01,24.7,,0.9
"2025-11-02 23:23:20",4499,4302,58252,0,,12.2,89.2,-6.03,24.7,,1
"2025-11-02 23:23:21",4500,4303,58240,-38.159178,-72.524825,13.1,88.4,-6.05,24.7,,1
"2025-11-02 23:23:22",4501,4304,58236,0,,12,86,-6.05,24.7,,1
"2025-11-02 23:23:23",4501,4304,58233,0,,13,89.5,-6.07,24.7,,1
"2025-11-02 23:23:24",4502,4305,58230,-38.159168,-72.524395,12.25,89.9,-6.09,24.7,,0.9
"2025-11-02 23:23:25",4503,4306,58218,0,,13.2,90.5,-6.08,24.7,,1
"2025-11-02 23:23:26",4505,4308,58206,0,,12.1,89.6,-6.08,24.65,,1
"2025-11-02 23:23:27",4506,4309,58194,-38.159167,-72.52396,13.2,87.6,-6.09,24.65,,1.1
"2025-11-02 23:23:28",4507,4310,58187,0,,12.45,88.5,-6.11,24.65,,1.1
"2025-11-02 23:23:29",4508,4311,58180,0,,13,90.3,-6.11,24.65,,1.1
"2025-11-02 23:23:30",4509,4312,58174,-38.15916,-72.523525,12.4,90.2,-6.09,24.65,,1.1
"2025-11-02 23:23:31",4510,4313,58168,0,,12.7,88.5,-6.08,24.65,,1.1
"2025-11-02 23:23:32",4511,4314,58162,0,,12.6,87.7,-6.1,24.65,,1
"2025-11-02 23:23:33",4512,4315,58156,-38.159152,-72.52309,12.85,88.4,-6.12,24.65,,0.9
"2025-11-02 23:23:34",4513,4316,58148,0,,12.75,90.8,-6.14,24.65,,1
"2025-11-02 23:23:35",4514,4317,58141,0,,12.45,90.2,-6.16,24.65,,1
"2025-11-02 23:23:36",4515,4318,58134,-38.159152,-72.522658,12.85,89.1,-6.16,24.65,5,1.1
"2025-11-02 23:23:37",4516,4319,58126,0,,12.05,87.4,-6.18,24.65,,1
"2025-11-02 23:23:38",4517,4320,58118,0,,13,88.2,-6.16,24.65,,1
"2025-11-02 23:23:39",4518,4321,58110,-38.159142,-72.52223,12.5,91.3,-6.16,24.65,,0.9
"2025-11-02 23:23:40",4519,4322,58103,0,,13.35,88.1,-6.19,24.65,,0.9
"2025-11-02 23:23:41",4519,4322,58097,0,,12.4,88.6,-6.21,24.65,,0.9
"2025-11-02 23:23:42",4520,4323,58092,-38.159135,-72.521787,12.9,87.9,-6.23,24.65,,0.9
"2025-11-02 23:23:44",4522,4325,58078,0,,13.3,88.2,-6.23,24.7,,0.9
"2025-11-02 23:23:45",4523,4326,58072,-38.159128,-72.521352,12.85,88.5,-6.25,24.7,,0.9
"2025-11-02 23:23:46",4524,4327,58066,0,,13.45,89.9,-6.26,24.7,,0.9
"2025-11-02 23:23:47",4525,4328,58060,0,,12.45,90.3,-6.29,24.7,,0.9
"2025-11-02 23:23:48",4525,4328,58054,-38.159125,-72.520912,12.7,88.9,-6.3,24.7,,0.9
"2025-11-02 23:23:49",4527,4330,58044,0,,12.9,88.3,-6.33,24.7,,0.9
"2025-11-02 23:23:50",4528,4331,58035,0,,13.4,88,-6.31,24.7,,0.9
"2025-11-02 23:23:51",4529,4332,58026,-38.159115,-72.520467,12.6,90.4,-6.31,24.7,,1
"2025-11-02 23:23:52",4530,4333,58017,0,,12.9,90,-6.31,24.7,,1
"2025-11-02 23:23:53",4531,4334,58009,0,,12.9,89.3,-6.33,24.7,,1
"2025-11-02 23:23:54",4532,4335,58002,-38.159112,-72.520022,13.1,86.8,-6.36,24.75,,1
"2025-11-02 23:23:55",4533,4336,57995,0,,13.1,89.2,-6.38,24.7,,1
"2025-11-02 23:23:56",4534,4337,57988,0,,12.65,89.2,-6.41,24.7,,1
"2025-11-02 23:23:57",4535,4338,57982,-38.159105,-72.519578,13.15,90,-6.42,24.75,,1
"2025-11-02 23:23:58",4536,4339,57974,0,,12.75,90.7,-6.42,24.75,,1
"2025-11-02 23:23:59",4537,4340,57967,0,,13.2,90.4,-6.43,24.75,,1
"2025-11-02 23:24:00",4538,4341,57960,-38.159107,-72.519138,12.4,88.9,-6.44,24.75,,1
"2025-11-02 23:24:01",4539,4342,57952,0,,13.2,87.6,-6.43,24.75,,1
"2025-11-02 23:24:02",4540,4343,57945,0,,12.8,91.5,-6.45,24.75,,1
"2025-11-02 23:24:03",4541,4344,57938,-38.159103,-72.5187,12.9,90.2,-6.45,24.75,4.5,1
"2025-11-02 23:24:04",4542,4345,57932,0,,12.45,91.1,-6.42,24.75,,1
"2025-11-02 23:24:05",4543,4346,57926,0,,13,88.4,-6.45,24.75,,1
"2025-11-02 23:24:06",4543,4346,57920,-38.159103,-72.518262,13,89.6,-6.47,24.75,,0.9
"2025-11-02 23:24:08",4546,4349,57903,0,,12.75,90,-6.45,24.75,,1
"2025-11-02 23:24:09",4547,4350,57896,-38.159098,-72.51781,13.05,89.5,-6.45,24.75,,1
"2025-11-02 23:24:10",4548,4351,57890,0,,12.35,91.6,-6.45,24.8,,1
"2025-11-02 23:24:11",4548,4351,57884,0,,13.4,89,-6.44,24.8,,0.9
"2025-11-02 23:24:12",4549,4352,57878,-38.159102,-72.517373,13.15,92.1,-6.42,24.75,,0.9
"2025-11-02 23:24:14",4551,4354,57865,0,,12.3,92.1,-6.48,24.75,,0.9
"2025-11-02 23:24:15",4552,4355,57860,-38.159103,-72.516933,13.25,88.7,-6.48,24.75,,0.9
"2025-11-02 23:24:16",4553,4356,57851,0,,13.25,90.6,-6.49,24.7,,0.9
"2025-11-02 23:24:17",4554,4357,57843,0,,13.5,88.1,-6.51,24.7,,0.9
"2025-11-02 23:24:18",4555,4358,57836,-38.1591,-72.516478,13.05,90.6,-6.52,24.7,,0.9
"2025-11-02 23:24:19",4556,4359,57829,0,,12.75,89.9,-6.54,24.7,,0.9
"2025-11-02 23:24:20",4557,4360,57822,0,,13.2,92.1,-6.57,24.65,,0.9
"2025-11-02 23:24:21",4558,4361,57816,-38.159103,-72.516035,13.2,90.7,-6.59,24.65,,0.9
"2025-11-02 23:24:22",4559,4362,57806,0,,13.45,89.3,-6.62,24.6,,0.9
"2025-11-02 23:24:23",4560,4363,57797,0,,12.7,90.1,-6.63,24.6,,1
"2025-11-02 23:24:24",4561,4364,57788,-38.159103,-72.515582,13.75,89.6,-6.64,24.6,,1
"2025-11-02 23:24:25",4562,4365,57784,0,,12.9,91.7,-6.65,24.6,,1
"2025-11-02 23:24:26",4562,4365,57781,0,,12.9,91.7,-6.66,24.6,,0.9
"2025-11-02 23:24:27",4563,4366,57778,-38.15911,-72.515128,13.05,92.7,-6.66,24.55,,0.9
"2025-11-02 23:24:29",4565,4368,57758,0,,12.95,90.6,-6.67,24.55,,1
"2025-11-02 23:24:30",4567,4370,57748,-38.159115,-72.51468,13.25,89.4,-6.67,24.55,4.5,1
"2025-11-02 23:24:31",4568,4371,57738,0,,13.2,90.4,-6.68,24.5,,1
"2025-11-02 23:24:32",4569,4372,57729,0,,12.85,91.4,-6.69,24.45,,1.1
"2025-11-02 23:24:33",4571,4374,57720,-38.159118,-72.514225,13.65,91,-6.7,24.45,,1.1
"2025-11-02 23:24:34",4571,4374,57717,0,,12.65,90.1,-6.7,24.5,,1
"2025-11-02 23:24:35",4571,4374,57714,0,,13.65,89.9,-6.71,24.45,,0.9
"2025-11-02 23:24:36",4572,4375,57712,-38.15912,-72.513772,13,89.7,-6.71,24.45,,0.9
"2025-11-02 23:24:37",4573,4376,57702,0,,13.85,91.9,-6.72,24.45,,0.9
"2025-11-02 23:24:38",4574,4377,57693,0,,13.05,91.5,-6.72,24.4,,1
"2025-11-02 23:24:39",4576,4379,57684,-38.159127,-72.513317,13.4,90.2,-6.72,24.4,,1.1
"2025-11-02 23:24:40",4577,4380,57672,0,,13.4,89.3,-6.74,24.4,,1.1
"2025-11-02 23:24:41",4579,4382,57660,0,,13.4,89.5,-6.74,24.35,,1.1
"2025-11-02 23:24:42",4580,4383,57648,-38.159127,-72.512858,13.4,92.4,-6.74,24.35,,1.1
"2025-11-02 23:24:44",4581,4384,57642,0,,13.45,92.7,-6.77,24.3,,1
"2025-11-02 23:24:45",4582,4385,57640,-38.159135,-72.512403,13.2,87.9,-6.77,24.25,,0.9
"2025-11-02 23:24:46",4583,4386,57628,0,,13.25,92,-6.78,24.3,,1
"2025-11-02 23:24:47",4585,4388,57617,0,,13.2,88.9,-6.8,24.25,,1
"2025-11-02 23:24:48",4586,4389,57606,-38.159137,-72.511943,13.25,92,-6.79,24.25,,1.1
"2025-11-02 23:24:49",4587,4390,57602,0,,12.6,88.6,-6.79,24.25,,1.2
"2025-11-02 23:24:50",4587,4390,57598,0,,13.95,91.9,-6.78,24.2,,1.1
"2025-11-02 23:24:51",4588,4391,57594,-38.15914,-72.511485,13.3,89.7,-6.78,24.2,,1
"2025-11-02 23:24:52",4589,4392,57584,0,,13.4,89.7,-6.75,24.2,,1
"2025-11-02 23:24:53",4590,4393,57575,0,,12.9,91,-6.77,24.15,,1
"2025-11-02 23:24:54",4592,4395,57566,-38.15914,-72.511025,13.7,89.3,-6.77,24.1,,0.9
"2025-11-02 23:24:55",4593,4396,57558,0,,12.8,91,-6.78,24.05,,0.9
"2025-11-02 23:24:56",4594,4397,57551,0,,14,88.8,-6.75,24,,0.9
"2025-11-02 23:24:57",4595,4398,57544,-38.15914,-72.510565,13.3,91.1,-6.75,23.95,4.25,1
"2025-11-02 23:24:58",4596,4399,57536,0,,14,88,-6.73,23.9,,1
"2025-11-02 23:24:59",4597,4400,57529,0,,13.15,92.6,-6.72,23.85,,1
"2025-11-02 23:25:00",4598,4401,57522,-38.159143,-72.510102,14,88.5,-6.72,23.8,,1
"2025-11-02 23:25:01",4599,4402,57514,0,,13.75,89.6,-6.74,23.75,,1
"2025-11-02 23:25:02",4600,4403,57507,0,,13.8,87.3,-6.77,23.65,,1
"2025-11-02 23:25:03",4601,4404,57500,-38.159138,-72.509637,12.95,91.8,-6.74,23.6,,1.1
"2025-11-02 23:25:04",4602,4405,57493,0,,13.4,89.2,-6.77,23.5,,1
"2025-11-02 23:25:05",4602,4405,57486,0,,13.75,92.1,-6.79,23.45,,1
"2025-11-02 23:25:06",4603,4406,57480,-38.159138,-72.509175,13.75,87.1,-6.8,23.4,,1
"2025-11-02 23:25:07",4604,4407,57476,0,,13.45,89.5,-6.81,23.3,,0.9
"2025-11-02 23:25:08",4604,4407,57473,0,,13.25,87.2,-6.81,23.3,,0.9
"2025-11-02 23:25:09",4605,4408,57470,-38.159128,-72.508718,13.55,91.7,-6.84,23.2,,0.8
"2025-11-02 23:25:11",4606,4409,57458,0,,13.4,88,-6.83,23.1,,0.8
"2025-11-02 23:25:12",4607,4410,57452,-38.159118,-72.508252,13.4,86.1,-6.82,23.05,,0.8
"2025-11-02 23:25:15",4612,4415,57418,-38.159108,-72.507783,14.3,87.7,-6.86,22.9,,0.9
"2025-11-02 23:25:17",4613,4416,57408,0,,13.55,86.5,-6.86,22.8,,0.9
"2025-11-02 23:25:18",4614,4417,57404,-38.159092,-72.507322,13,88.9,-6.86,22.75,,0.9
"2025-11-02 23:25:20",4615,4418,57390,0,,13.75,90.3,-6.86,22.65,,0.9
"2025-11-02 23:25:21",4616,4419,57384,-38.159075,-72.506852,13.95,85.2,-6.86,22.6,,0.9
"2025-11-02 23:25:23",4618,4421,57369,0,,14.05,86,-6.86,22.5,,1
"2025-11-02 23:25:24",4619,4422,57362,-38.159052,-72.506383,13.9,88.5,-6.86,22.4,4,1
"2025-11-02 23:25:26",4620,4423,57356,0,,13.8,86.5,-6.93,22.35,,0.9
"2025-11-02 23:25:27",4620,4423,57354,-38.15903,-72.505913,13.85,84.4,-6.92,22.3,,0.7
"2025-11-02 23:25:29",4623,4426,57334,0,,13.75,88.3,-6.92,22.15,,0.8
"2025-11-02 23:25:30",4625,4428,57324,-38.159012,-72.505437,13.85,86.6,-6.92,22.1,,0.9
"2025-11-02 23:25:32",4625,4428,57317,0,,13.9,86.2,-6.92,21.95,,0.8
"2025-11-02 23:25:33",4626,4429,57314,-38.158982,-72.504965,13.35,86.9,-6.9,21.9,,0.8
"2025-11-02 23:25:34",4628,4431,57302,0,,13.9,86.8,-6.9,21.8,,0.9
"2025-11-02 23:25:35",4629,4432,57290,0,,13.6,88.2,-6.93,21.75,,0.9
"2025-11-02 23:25:36",4631,4434,57278,-38.158962,-72.504493,13.65,84.9,-6.94,21.65,,1
"2025-11-02 23:25:37",4631,4434,57276,0,,13.4,85.2,-6.93,21.6,,0.9
"2025-11-02 23:25:38",4631,4434,57274,0,,14,83.4,-6.93,21.5,,0.9
"2025-11-02 23:25:39",4632,4435,57272,-38.158928,-72.504025,13.65,88.1,-6.95,21.4,,0.9
"2025-11-02 23:25:40",4633,4436,57261,0,,13.95,85.9,-6.95,21.4,,1
"2025-11-02 23:25:41",4635,4438,57250,0,,13.85,87.1,-6.95,21.35,,1
"2025-11-02 23:25:42",4636,4439,57240,-38.1589,-72.503552,13.95,82.8,-6.94,21.3,,1
"2025-11-02 23:25:43",4637,4440,57234,0,,13.6,86,-6.95,21.25,,0.9
"2025-11-02 23:25:44",4638,4441,57229,0,,13.6,86,-6.95,21.2,,1
"2025-11-02 23:25:45",4638,4441,57224,-38.158872,-72.503088,13.55,88,-6.95,21.15,,1
"2025-11-02 23:25:46",4639,4442,57216,0,,13.85,84,-6.93,21.15,,1
"2025-11-02 23:25:47",4640,4443,57209,0,,14.15,86.8,-6.94,21.1,,0.9
"2025-11-02 23:25:48",4641,4444,57202,-38.158842,-72.502615,13.25,83.4,-6.95,21.05,,0.9
"2025-11-02 23:25:49",4642,4445,57196,0,,13.7,87.5,-6.96,21,,0.9
"2025-11-02 23:25:50",4643,4446,57191,0,,13.35,84,-6.95,20.95,,0.9
"2025-11-02 23:25:51",4643,4446,57186,-38.158812,-72.502148,13.5,86.7,-6.96,20.9,4,1
"2025-11-02 23:25:52",4644,4447,57184,0,,13.2,85,-6.97,20.85,,0.9
"2025-11-02 23:25:53",4644,4447,57183,0,,14.15,85.1,-6.98,20.8,,0.8
"2025-11-02 23:25:54",4644,4447,57182,-38.158778,-72.501683,13.2,83,-6.96,20.75,,0.7
"2025-11-02 23:25:56",4647,4450,57163,0,,12.8,85.4,-6.96,20.7,,0.8
"2025-11-02 23:25:57",4648,4451,57154,-38.158752,-72.501225,13.2,86.9,-6.97,20.7,,0.8
"2025-11-02 23:25:58",4648,4451,57149,0,,13.3,85.6,-6.98,20.65,,0.8
"2025-11-02 23:25:59",4649,4452,57145,0,,14.2,85.5,-6.97,20.6,,0.7
"2025-11-02 23:26:00",4650,4453,57142,-38.158725,-72.500758,13.4,86.1,-6.98,20.6,,0.7
"2025-11-02 23:26:01",4651,4454,57130,0,,13.7,85.1,-6.99,20.6,,0.8
"2025-11-02 23:26:02",4653,4456,57119,0,,12.7,86.5,-6.99,20.6,,0.8
"2025-11-02 23:26:03",4654,4457,57108,-38.158698,-72.500303,13.3,84.6,-7.01,20.6,,0.9
"2025-11-02 23:26:04",4655,4458,57101,0,,13.25,87.6,-7.02,20.55,,0.9
"2025-11-02 23:26:05",4656,4459,57095,0,,13.5,82,-7.03,20.55,,1
"2025-11-02 23:26:06",4657,4460,57090,-38.158667,-72.499847,12.95,86.6,-7.02,20.55,,1.1
"2025-11-02 23:26:07",4658,4461,57082,0,,13.15,85,-7.01,20.55,,1
"2025-11-02 23:26:08",4659,4462,57075,0,,13.35,87.5,-7,20.55,,1
"2025-11-02 23:26:09",4660,4463,57068,-38.15864,-72.499383,13.25,83.8,-7.02,20.55,,1
"2025-11-02 23:26:10",4660,4463,57064,0,,13.25,84.8,-7.03,20.5,,0.9
"2025-11-02 23:26:11",4661,4464,57061,0,,13.45,84.5,-7.04,20.5,,0.9
"2025-11-02 23:26:12",4661,4464,57058,-38.15861,-72.498925,13.35,87.3,-7.05,20.5,,0.9
"2025-11-02 23:26:15",4665,4468,57030,-38.15857,-72.498462,13.65,82.7,-7.05,20.5,,0.9
"2025-11-02 23:26:17",4667,4470,57015,0,,13.55,83.2,-7.07,20.5,,0.9
"2025-11-02 23:26:18",4668,4471,57008,-38.158537,-72.497992,13.75,84.7,-7.07,20.5,3.75,0.9
"2025-11-02 23:26:19",4668,4471,57005,0,,13.65,81.5,-7.08,20.45,,0.9
"2025-11-02 23:26:20",4669,4472,57002,0,,13.55,87.1,-7.08,20.45,,0.8
"2025-11-02 23:26:21",4669,4472,57000,-38.158498,-72.497527,13.65,83.1,-7.08,20.45,,0.8
"2025-11-02 23:26:22",4670,4473,56992,0,,13.45,83,-7.07,20.5,,0.8
"2025-11-02 23:26:23",4671,4474,56984,0,,13.85,83.3,-7.08,20.45,,0.9
"2025-11-02 23:26:24",4672,4475,56976,-38.158457,-72.49706,13.65,87.1,-7.09,20.4,,0.9
"2025-11-02 23:26:25",4674,4477,56967,0,,13.55,84.2,-7.1,20.4,,1
"2025-11-02 23:26:26",4675,4478,56958,0,,13.45,82.4,-7.1,20.4,,1
"2025-11-02 23:26:27",4676,4479,56950,-38.15842,-72.4966,13.5,85.4,-7.1,20.4,,0.9
"2025-11-02 23:26:28",4677,4480,56943,0,,13.35,86.2,-7.1,20.4,,0.9
"2025-11-02 23:26:29",4678,4481,56936,0,,13.65,84.9,-7.12,20.35,,0.9
"2025-11-02 23:26:30",4679,4482,56930,-38.15839,-72.496142,13.3,82.9,-7.13,20.35,,0.9
"2025-11-02 23:26:31",4680,4483,56921,0,,13.4,85.3,-7.13,20.35,,1
"2025-11-02 23:26:32",4681,4484,56912,0,,13.75,84.1,-7.13,20.35,,1
"2025-11-02 23:26:33",4682,4485,56904,-38.158357,-72.495675,13.75,88,-7.14,20.3,,1.1
"2025-11-02 23:26:34",4683,4486,56896,0,,13.45,83.5,-7.15,20.35,,1.1
"2025-11-02 23:26:35",4684,4487,56889,0,,12.9,86,-7.13,20.35,,1.1
"2025-11-02 23:26:36",4685,4488,56882,-38.158328,-72.49522,13.3,84,-7.12,20.3,,1.1
"2025-11-02 23:26:37",4686,4489,56875,0,,13.2,87.8,-7.13,20.3,,1.1
"2025-11-02 23:26:38",4687,4490,56868,0,,13.55,85.3,-7.14,20.3,,1
"2025-11-02 23:26:39",4688,4491,56862,-38.158303,-72.49476,12.7,87.1,-7.14,20.3,,1
"2025-11-02 23:26:40",4689,4492,56854,0,,13.75,84.8,-7.14,20.25,,1
"2025-11-02 23:26:41",4690,4493,56846,0,,13.4,87.9,-7.15,20.25,,1
"2025-11-02 23:26:42",4691,4494,56838,-38.15828,-72.4943,13.4,85.3,-7.15,20.25,,1
"2025-11-02 23:26:44",4692,4495,56829,0,,13.55,85.7,-7.15,20.2,,1
"2025-11-02 23:26:45",4693,4496,56826,-38.158257,-72.493843,13.8,87.9,-7.15,20.2,3.5,0.9
"2025-11-02 23:26:46",4694,4497,56815,0,,13.75,85.5,-7.15,20.2,,0.9
"2025-11-02 23:26:47",4696,4499,56804,0,,13.3,85.2,-7.15,20.15,,1
"2025-11-02 23:26:48",4697,4500,56794,-38.158232,-72.493383,13.1,86.9,-7.15,20.15,,1
"2025-11-02 23:26:49",4698,4501,56788,0,,13.6,88.2,-7.15,20.15,,1
"2025-11-02 23:26:50",4699,4502,56783,0,,13.55,87.5,-7.16,20.15,,1
"2025-11-02 23:26:51",4700,4503,56778,-38.158217,-72.492918,13.8,85.9,-7.17,20.15,,1
"2025-11-02 23:26:52",4701,4504,56767,0,,13.25,89.6,-7.17,20.15,,1
"2025-11-02 23:26:53",4702,4505,56757,0,,13.7,85.1,-7.18,20.1,,1
"2025-11-02 23:26:54",4704,4507,56748,-38.158198,-72.492462,12.9,87.9,-7.18,20.1,,1
"2025-11-02 23:26:55",4705,4508,56739,0,,13.4,85.6,-7.18,20.1,,1
"2025-11-02 23:26:56",4706,4509,56730,0,,13.85,88.7,-7.15,20.1,,1.1
"2025-11-02 23:26:57",4707,4510,56722,-38.15818,-72.492,14,86.2,-7.16,20.1,,1.2
"2025-11-02 23:26:58",4709,4512,56713,0,,13.3,89.2,-7.15,20.1,,1.2
"2025-11-02 23:26:59",4710,4513,56704,0,,13.25,85.9,-7.15,20.1,,1.1
"2025-11-02 23:27:00",4711,4514,56696,-38.158163,-72.491542,13.6,87.7,-7.18,20.1,,1.1
"2025-11-02 23:27:01",4712,4515,56688,0,,14,85.2,-7.22,20.1,,1.1
"2025-11-02 23:27:02",4713,4516,56681,0,,13.85,88.6,-7.22,20.1,,1.2
"2025-11-02 23:27:03",4714,4517,56674,-38.158143,-72.49107,13.3,86.5,-7.23,20.1,,1.2
"2025-11-02 23:27:04",4715,4518,56667,0,,13.45,87.5,-7.25,20.1,,1.2
"2025-11-02 23:27:05",4716,4519,56660,0,,13.3,88.2,-7.27,20.05,,1.1
"2025-11-02 23:27:06",4717,4520,56654,-38.158127,-72.490615,13.85,87.3,-7.28,20.05,,1.1
"2025-11-02 23:27:07",4718,4521,56642,0,,13.4,89.3,-7.29,20.05,,1.1
"2025-11-02 23:27:08",4720,4523,56631,0,,13.75,84.5,-7.3,20.05,,1.1
"2025-11-02 23:27:09",4721,4524,56620,-38.15811,-72.490153,13.3,87.6,-7.31,20.05,,1.2
"2025-11-02 23:27:10",4723,4526,56608,0,,13.85,85.1,-7.31,20.05,,1.2
"2025-11-02 23:27:11",4725,4528,56597,0,,13.55,90.1,-7.3,20.05,,1.2
"2025-11-02 23:27:12",4726,4529,56586,-38.158093,-72.489687,14.1,85.2,-7.31,20.05,3.25,1.3
"2025-11-02 23:27:15",4730,4533,56560,-38.158078,-72.489218,13.95,89.9,-7.33,20,,1.3
"2025-11-02 23:27:16",4730,4533,56553,0,,13.7,87.5,-7.36,20,,1.3
"2025-11-02 23:27:17",4731,4534,56547,0,,14.1,88.5,-7.37,19.95,,1.3
"2025-11-02 23:27:18",4732,4535,56542,-38.158067,-72.48875,13.35,87,-7.38,19.95,,1.3
"2025-11-02 23:27:19",4734,4537,56527,0,,14.2,87.1,-7.36,19.9,,1.3
"2025-11-02 23:27:20",4736,4539,56512,0,,13.1,86.9,-7.37,19.9,,1.4
"2025-11-02 23:27:21",4738,4541,56498,-38.158047,-72.488282,14.3,86.6,-7.39,19.9,,1.4
"2025-11-02 23:27:22",4739,4542,56491,0,,13.3,88.7,-7.38,19.9,,1.3
"2025-11-02 23:27:23",4740,4543,56484,0,,14.05,87.5,-7.39,19.9,,1.3
"2025-11-02 23:27:24",4741,4544,56478,-38.158033,-72.487817,13.05,90.3,-7.39,19.85,,1.2
"2025-11-02 23:27:25",4742,4545,56468,0,,13.4,86,-7.38,19.85,,1.2
"2025-11-02 23:27:26",4744,4547,56459,0,,13.85,89.3,-7.39,19.85,,1.2
"2025-11-02 23:27:27",4745,4548,56450,-38.158018,-72.487347,13.5,85.2,-7.4,19.85,,1.3
"2025-11-02 23:27:28",4746,4549,56442,0,,12.95,89.4,-7.41,19.8,,1.3
"2025-11-02 23:27:29",4747,4550,56435,0,,13.6,85.8,-7.42,19.8,,1.3
"2025-11-02 23:27:30",4748,4551,56428,-38.158003,-72.486887,13.65,90,-7.43,19.8,,1.3
"2025-11-02 23:27:31",4749,4552,56416,0,,14.1,84.8,-7.43,19.8,,1.3
"2025-11-02 23:27:32",4751,4554,56405,0,,13.35,88.1,-7.43,19.85,,1.2
"2025-11-02 23:27:33",4753,4556,56394,-38.157982,-72.48642,13.55,84.3,-7.44,19.85,,1.2
"2025-11-02 23:27:34",4754,4557,56384,0,,13.6,89.8,-7.46,19.85,,1.2
"2025-11-02 23:27:35",4755,4558,56374,0,,13.75,86.5,-7.46,19.9,,1.3
"2025-11-02 23:27:36",4757,4560,56364,-38.157967,-72.485952,13.95,89.1,-7.47,19.9,,1.3
"2025-11-02 23:27:37",4758,4561,56356,0,,13.75,86.2,-7.48,19.9,,1.3
"2025-11-02 23:27:38",4759,4562,56349,0,,13.9,86.2,-7.52,19.9,,1.3
"2025-11-02 23:27:39",4760,4563,56342,-38.157947,-72.485487,13.4,87.1,-7.52,19.95,3,1.3
"2025-11-02 23:27:41",4763,4566,56320,0,,13.05,87.4,-7.54,19.95,,1.3
"2025-11-02 23:27:42",4764,4567,56310,-38.157927,-72.485018,13.3,85.8,-7.55,19.95,,1.3
"2025-11-02 23:27:45",4768,4571,56282,-38.157903,-72.484562,13.25,88.5,-7.58,20.05,,1.3
"2025-11-02 23:27:47",4772,4575,56256,0,,13.5,87.2,-7.58,20.05,,1.4
"2025-11-02 23:27:48",4773,4576,56244,-38.157883,-72.484095,13.75,85.4,-7.58,20.1,,1.4
"2025-11-02 23:27:50",4776,4579,56225,0,,13.55,84.1,-7.6,20.15,,1.4
"2025-11-02 23:27:51",4777,4580,56216,-38.157857,-72.483633,13.3,87.2,-7.61,20.2,,1.5
"2025-11-02 23:27:53",4781,4584,56189,0,,13.95,89,-7.61,20.2,,1.5
"2025-11-02 23:27:54",4783,4586,56176,-38.157838,-72.483168,13.5,86.1,-7.63,20.25,,1.6
"2025-11-02 23:27:56",4785,4588,56160,0,,13.4,85.4,-7.66,20.25,,1.5
"2025-11-02 23:27:57",4786,4589,56152,-38.157813,-72.482697,13.75,86.3,-7.67,20.25,,1.5
"2025-11-02 23:27:59",4788,4591,56137,0,,14.5,88.7,-7.67,20.2,,1.4
"2025-11-02 23:28:00",4789,4592,56130,-38.1578,-72.482222,13.2,88,-7.68,20.25,,1.4
"2025-11-02 23:28:01",4791,4594,56116,0,,13.7,87.1,-7.69,20.25,,1.4
"2025-11-02 23:28:02",4793,4596,56104,0,,13.8,85.6,-7.69,20.25,,1.4
"2025-11-02 23:28:03",4795,4598,56092,-38.15778,-72.48174,14.6,87,-7.7,20.25,,1.4
"2025-11-02 23:28:05",4797,4600,56073,0,,14.1,86.5,-7.73,20.25,,1.3
"2025-11-02 23:28:06",4798,4601,56064,-38.157763,-72.481263,14.35,87.6,-7.74,20.25,3,1.3
"2025-11-02 23:28:07",4800,4603,56052,0,,14.35,84.3,-7.74,20.25,,1.3
"2025-11-02 23:28:08",4802,4605,56041,0,,13.9,89.6,-7.76,20.25,,1.4
"2025-11-02 23:28:09",4803,4606,56030,-38.157742,-72.480778,14.1,86.3,-7.75,20.25,,1.4
"2025-11-02 23:28:10",4805,4608,56019,0,,14.2,89.6,-7.76,20.25,,1.4
"2025-11-02 23:28:11",4806,4609,56009,0,,14.25,86.1,-7.77,20.25,,1.5
"2025-11-02 23:28:12",4807,4610,56000,-38.157725,-72.480297,13.55,86.8,-7.77,20.25,,1.5
"2025-11-02 23:28:14",4810,4613,55982,0,,14.35,88.9,-7.78,20.25,,1.4
"2025-11-02 23:28:15",4811,4614,55974,-38.157708,-72.479812,14.4,86.2,-7.78,20.2,,1.4
"2025-11-02 23:28:16",4813,4616,55962,0,,,,-7.79,20.2,,1.4
"2025-11-02 23:28:17",4814,4617,55951,0,,,,-7.81,20.2,,1.4
"2025-11-02 23:28:18",4816,4619,55940,0,,,,-7.82,20.2,,1.4
"2025-11-02 23:28:19",4818,4621,55926,0,,14.3,87.3,-7.83,20.2,,1.5
"2025-11-02 23:28:20",4820,4623,55913,0,,14.55,87.8,-7.83,20.2,,1.5
"2025-11-02 23:28:21",4821,4624,55900,-38.157677,-72.478838,13.95,86.5,-7.82,20.15,,1.5
"2025-11-02 23:28:22",4823,4626,55891,0,,13.95,87.2,-7.83,20.15,,1.5
"2025-11-02 23:28:23",4824,4627,55883,0,,14.2,87.6,-7.83,20.1,,1.5
"2025-11-02 23:28:24",4825,4628,55876,-38.15766,-72.47835,15.1,87.4,-7.83,20.1,,1.4
"2025-11-02 23:28:25",4827,4630,55861,0,,14.25,88.6,-7.83,20.15,,1.5
"2025-11-02 23:28:26",4829,4632,55845,0,,14.05,87.6,-7.85,20.15,,1.6
"2025-11-02 23:28:27",4831,4634,55830,-38.157647,-72.477862,14.2,88.6,-7.86,20.1,,1.7
"2025-11-02 23:28:28",4832,4635,55821,0,,14.9,87.3,-7.85,20.1,,1.6
"2025-11-02 23:28:29",4834,4637,55812,0,,14.9,87.3,-7.87,20.05,,1.6
"2025-11-02 23:28:30",4835,4638,55804,-38.157633,-72.47736,14.6,86.3,-7.88,20.05,,1.6
"2025-11-02 23:28:31",4836,4639,55793,0,,13.95,88.9,-7.88,20,,1.5
"2025-11-02 23:28:32",4838,4641,55782,0,,14.65,87,-7.89,20,,1.5
"2025-11-02 23:28:33",4839,4642,55772,-38.15762,-72.476865,14.45,90.8,-7.89,19.95,2.75,1.5
"2025-11-02 23:28:34",4841,4644,55759,0,,14.95,86.3,-7.91,20,,1.5
"2025-11-02 23:28:35",4843,4646,55747,0,,14.65,88,-7.93,20,,1.5
"2025-11-02 23:28:36",4844,4647,55736,-38.157605,-72.47636,14.7,86.6,-7.95,19.95,,1.6
"2025-11-02 23:28:37",4846,4649,55726,0,,14.85,88.6,-7.95,19.9,,1.6
"2025-11-02 23:28:38",4847,4650,55716,0,,14.75,88.6,-7.95,19.9,,1.5
"2025-11-02 23:28:39",4848,4651,55706,-38.157593,-72.475862,14.9,90.1,-7.95,19.9,,1.4
"2025-11-02 23:28:40",4851,4654,55691,0,,15,88.8,-7.97,19.85,,1.5
"2025-11-02 23:28:41",4853,4656,55676,0,,14.75,87.6,-7.99,19.85,,1.6
"2025-11-02 23:28:42",4855,4658,55662,-38.157583,-72.475355,14.75,88.6,-8,19.85,,1.7
"2025-11-02 23:28:44",4857,4660,55642,0,,14.75,89.7,-8.03,19.8,,1.6
"2025-11-02 23:28:45",4859,4662,55632,-38.157572,-72.47485,15.15,87.2,-8.04,19.8,,1.6
"2025-11-02 23:28:46",4861,4664,55617,0,,14.9,90.4,-8.06,19.8,,1.7
"2025-11-02 23:28:47",4863,4666,55602,0,,15.25,86.8,-8.06,19.8,,1.7
"2025-11-02 23:28:48",4865,4668,55588,-38.157562,-72.474335,14.9,90.1,-8.07,19.75,,1.7
"2025-11-02 23:28:49",4866,4669,55578,0,,15.2,84.2,-8.08,19.75,,1.7
"2025-11-02 23:28:50",4868,4671,55569,0,,14.95,90.7,-8.1,19.75,,1.7
"2025-11-02 23:28:51",4869,4672,55560,-38.157545,-72.47382,15.05,87.3,-8.11,19.75,,1.7
"2025-11-02 23:28:52",4871,4674,55548,0,,15.1,91.6,-8.12,19.7,,1.7
"2025-11-02 23:28:53",4872,4675,55536,0,,15.7,87.2,-8.12,19.7,,1.7
"2025-11-02 23:28:54",4874,4677,55524,-38.157537,-72.473298,14.9,88.9,-8.13,19.65,,1.7
"2025-11-02 23:28:55",4876,4679,55511,0,,15.2,85.1,-8.14,19.65,,1.6
"2025-11-02 23:28:56",4877,4680,55499,0,,15.3,89.2,-8.15,19.65,,1.7
"2025-11-02 23:28:57",4879,4682,55488,-38.157518,-72.472772,15.95,87.8,-8.14,19.65,,1.7
"2025-11-02 23:28:58",4881,4684,55475,0,,15.6,89.8,-8.15,19.65,,1.7
"2025-11-02 23:28:59",4883,4686,55462,0,,15.7,86.1,-8.16,19.6,,1.6
"2025-11-02 23:29:00",4884,4687,55450,-38.157502,-72.472242,15.4,87.5,-8.16,19.6,2.5,1.6
"2025-11-02 23:29:01",4886,4689,55438,0,,15.6,88.8,-8.17,19.55,,1.6
"2025-11-02 23:29:02",4888,4691,55427,0,,15.4,88.9,-8.17,19.5,,1.7
"2025-11-02 23:29:03",4889,4692,55416,-38.157488,-72.47171,15.4,86.6,-8.19,19.5,,1.7
"2025-11-02 23:29:04",4891,4694,55406,0,,,,-8.2,19.5,,1.7
"2025-11-02 23:29:05",4892,4695,55396,0,,,,-8.23,19.45,,1.6
"2025-11-02 23:29:06",4893,4696,55386,0,,,,-8.22,19.45,,1.6
"2025-11-02 23:29:07",4896,4699,55370,0,,15.85,88.4,-8.26,19.4,,1.7
"2025-11-02 23:29:08",4898,4701,55355,0,,15.4,86.2,-8.26,19.35,,1.7
"2025-11-02 23:29:09",4900,4703,55340,-38.157447,-72.470642,15.75,88.9,-8.27,19.35,,1.7
"2025-11-02 23:29:10",4901,4704,55331,0,,15.85,86.2,-8.27,19.35,,1.7
"2025-11-02 23:29:11",4902,4705,55322,0,,16.3,88.6,-8.27,19.35,,1.7
"2025-11-02 23:29:12",4904,4707,55314,-38.157427,-72.4701,15.8,85.6,-8.27,19.3,,1.6
"2025-11-02 23:29:14",4907,4710,55288,0,,15.4,87,-8.27,19.3,,1.6
"2025-11-02 23:29:15",4909,4712,55276,-38.157405,-72.46957,15.5,87.8,-8.28,19.25,,1.6
"2025-11-02 23:29:16",4911,4714,55262,0,,15.4,87.1,-8.28,19.25,,1.7
"2025-11-02 23:29:17",4913,4716,55249,0,,15.65,86.7,-8.28,19.2,,1.7
"2025-11-02 23:29:18",4915,4718,55236,-38.157382,-72.469032,15.5,86.6,-8.3,19.2,,1.8
"2025-11-02 23:29:19",4916,4719,55227,0,,15.5,85.9,-8.34,19.2,,1.7
"2025-11-02 23:29:20",4917,4720,55218,0,,16.15,87.8,-8.36,19.2,,1.6
"2025-11-02 23:29:21",4918,4721,55210,-38.157357,-72.468492,15.85,85.9,-8.37,19.2,,1.5
"2025-11-02 23:29:22",4920,4723,55194,0,,15.95,87.5,-8.38,19.2,,1.6
"2025-11-02 23:29:23",4923,4726,55178,0,,15.35,85.6,-8.41,19.2,,1.7
"2025-11-02 23:29:24",4925,4728,55162,-38.157332,-72.467963,15.35,88.3,-8.43,19.15,,1.8
"2025-11-02 23:29:25",4927,4730,55149,0,,16.05,84.7,-8.43,19.15,,1.8
"2025-11-02 23:29:26",4928,4731,55137,0,,15.65,88.5,-8.45,19.15,,1.8
"2025-11-02 23:29:27",4930,4733,55126,-38.157305,-72.467425,16.2,84.4,-8.47,19.15,2.25,1.8
"2025-11-02 23:29:28",4932,4735,55113,0,,15.95,87.2,-8.48,19.15,,1.8
"2025-11-02 23:29:29",4934,4737,55100,0,,15.95,87.2,-8.49,19.15,,1.8
"2025-11-02 23:29:30",4935,4738,55088,-38.157278,-72.466892,15.25,87.9,-8.5,19.15,,1.7
"2025-11-02 23:29:31",4937,4740,55075,0,,16.05,86.4,-8.51,19.15,,1.7
"2025-11-02 23:29:32",4939,4742,55062,0,,16.05,86,-8.51,19.15,,1.8
"2025-11-02 23:29:33",4941,4744,55050,-38.15725,-72.466353,15.8,84.1,-8.53,19.15,,1.8
"2025-11-02 23:29:34",4942,4745,55041,0,,15.9,85.5,-8.57,19.2,,1.8
"2025-11-02 23:29:35",4943,4746,55032,0,,15.95,86.5,-8.59,19.2,,1.7
"2025-11-02 23:29:36",4944,4747,55024,-38.15722,-72.465817,15.95,87.2,-8.59,19.2,,1.6
"2025-11-02 23:29:37",4946,4749,55011,0,,15.95,85.7,-8.59,19.2,,1.6
"2025-11-02 23:29:38",4948,4751,54998,0,,15.6,84.8,-8.59,19.2,,1.6
"2025-11-02 23:29:39",4950,4753,54986,-38.157187,-72.465278,15.75,84.8,-8.59,19.25,,1.7
"2025-11-02 23:29:40",4952,4755,54971,0,,15.5,84.3,-8.6,19.25,,1.7
"2025-11-02 23:29:41",4954,4757,54956,0,,15.75,84.9,-8.63,19.25,,1.7
"2025-11-02 23:29:42",4956,4759,54942,-38.157148,-72.464747,15.55,84.5,-8.65,19.3,,1.7
"2025-11-02 23:29:44",4959,4762,54922,0,,15.15,86.2,-8.66,19.35,,1.7
"2025-11-02 23:29:45",4960,4763,54912,-38.15712,-72.464223,15.5,85.3,-8.69,19.45,,1.6
"2025-11-02 23:29:46",4962,4765,54899,0,,15.6,83,-8.72,19.5,,1.6
"2025-11-02 23:29:47",4964,4767,54887,0,,15.8,86.1,-8.75,19.6,,1.7
"2025-11-02 23:29:48",4965,4768,54876,-38.157083,-72.463692,15.65,86.5,-8.77,19.65,,1.7
"2025-11-02 23:29:49",4968,4771,54860,0,,15.7,85.2,-8.79,19.75,,1.8
"2025-11-02 23:29:50",4970,4773,54845,0,,15.45,83,-8.81,19.85,,1.8
"2025-11-02 23:29:51",4972,4775,54830,-38.157045,-72.463165,15.6,84.8,-8.85,19.95,,1.8
"2025-11-02 23:29:52",4973,4776,54822,0,,15.6,85.4,-8.85,20.05,,1.8
"2025-11-02 23:29:53",4974,4777,54815,0,,15.15,86.9,-8.87,20.2,,1.7
"2025-11-02 23:29:54",4975,4778,54808,-38.157013,-72.462647,15.4,85.1,-8.88,20.25,2,1.6
"2025-11-02 23:29:55",4978,4781,54789,0,,15.4,83.2,-8.87,20.35,,1.7
"2025-11-02 23:29:56",4980,4783,54771,0,,15.55,83.8,-8.89,20.45,,1.8
"2025-11-02 23:29:57",4983,4786,54754,-38.156972,-72.462122,15.6,86.7,-8.91,20.5,,1.9
"2025-11-02 23:29:58",4984,4787,54742,0,,15.55,86,-8.93,20.6,,1.9
"2025-11-02 23:29:59",4986,4789,54731,0,,15.25,83.5,-8.93,20.7,,1.8
"2025-11-02 23:30:00",4988,4791,54720,-38.156933,-72.461595,15.45,84.1,-8.95,20.8,,1.8
"2025-11-02 23:30:01",4989,4792,54708,0,,15.5,85,-8.97,20.9,,1.8
"2025-11-02 23:30:02",4991,4794,54697,0,,15.95,85.5,-9,21,,1.8
"2025-11-02 23:30:03",4992,4795,54686,-38.156895,-72.461063,15.4,85.5,-9.02,21.1,,1.7
"2025-11-02 23:30:04",4994,4797,54675,0,,15.4,83.9,-9.03,21.15,,1.7
"2025-11-02 23:30:05",4995,4798,54665,0,,14.9,83.9,-9.05,21.2,,1.8
"2025-11-02 23:30:06",4997,4800,54656,-38.156853,-72.46055,15.15,84.8,-9.06,21.3,,1.8
"2025-11-02 23:30:07",4999,4802,54641,0,,15.1,85.3,-9.05,21.35,,1.8
"2025-11-02 23:30:08",5001,4804,54627,0,,15.9,84.4,-9.09,21.45,,1.8
"2025-11-02 23:30:09",5003,4806,54614,-38.156813,-72.46002,15.15,84.3,-9.1,21.55,,1.7
"2025-11-02 23:30:11",5006,4809,54588,0,,15.3,85.7,-9.12,21.7,,1.7
"2025-11-02 23:30:12",5008,4811,54576,-38.156775,-72.459495,15.35,85.4,-9.16,21.8,,1.7
"2025-11-02 23:30:15",5013,4816,54540,-38.156732,-72.458972,15.2,84.7,-9.22,22,,1.7
"2025-11-02 23:30:17",5016,4819,54519,0,,15.8,83.6,-9.26,22.2,,1.7
"2025-11-02 23:30:18",5017,4820,54510,-38.156693,-72.458447,15.15,85.4,-9.27,22.25,,1.7
"2025-11-02 23:30:20",5021,4824,54484,0,,14.25,85.8,-9.29,22.35,,1.7
"2025-11-02 23:30:21",5023,4826,54472,-38.156653,-72.457935,15.7,83.1,-9.27,22.4,1.75,1.7
"2025-11-02 23:30:23",5026,4829,54449,0,,15.55,82.5,-9.29,22.5,,1.7
"2025-11-02 23:30:24",5028,4831,54438,-38.156608,-72.457412,15.4,83.6,-9.3,22.55,,1.7
"2025-11-02 23:30:26",5031,4834,54412,0,,15.4,85.3,-9.32,22.65,,1.7
"2025-11-02 23:30:27",5033,4836,54400,-38.156565,-72.45689,15.25,83.7,-9.33,22.7,,1.7
"2025-11-02 23:30:29",5037,4840,54376,0,,15,83.3,-9.35,22.8,,1.7
"2025-11-02 23:30:30",5038,4841,54364,-38.156518,-72.456377,14.95,84.3,-9.37,22.85,,1.7
"2025-11-02 23:30:32",5040,4843,54349,0,,15.05,85,-9.37,22.9,,1.6
"2025-11-02 23:30:33",5041,4844,54342,-38.156482,-72.455867,14.25,84.7,-9.37,22.95,,1.6
"2025-11-02 23:30:34",5044,4847,54325,0,,14.7,84.6,-9.38,22.95,,1.6
"2025-11-02 23:30:35",5046,4849,54309,0,,14.75,87,-9.38,22.95,,1.7
"2025-11-02 23:30:36",5048,4851,54294,-38.15645,-72.455353,14.65,85.2,-9.38,22.95,,1.7
"2025-11-02 23:30:37",5049,4852,54286,0,,14.6,86.1,-9.38,23,,1.7
"2025-11-02 23:30:38",5050,4853,54279,0,,15.4,84.2,-9.38,23,,1.6
"2025-11-02 23:30:39",5051,4854,54272,-38.156417,-72.454845,15.1,87.1,-9.4,23,,1.5
"2025-11-02 23:30:40",5054,4857,54257,0,,15.7,84.6,-9.4,23,,1.6
"2025-11-02 23:30:41",5056,4859,54241,0,,14.65,86.4,-9.41,23,,1.6
"2025-11-02 23:30:42",5058,4861,54226,-38.156383,-72.45433,14.9,84.2,-9.43,23,,1.6
"2025-11-02 23:30:43",5060,4863,54215,0,,14.5,86.7,-9.43,23,,1.6
"2025-11-02 23:30:44",5061,4864,54204,0,,15.25,85.4,-9.43,23,,1.7
"2025-11-02 23:30:45",5063,4866,54194,-38.156353,-72.453822,15.15,85.5,-9.43,23,,1.8
"2025-11-02 23:30:47",5065,4868,54175,0,,14.4,84.2,-9.44,22.95,,1.6
"2025-11-02 23:30:48",5067,4870,54166,-38.156317,-72.453317,14.8,86.7,-9.46,22.95,1.5,1.5
"2025-11-02 23:30:49",5068,4871,54154,0,,14.85,86,-9.48,22.95,,1.5
"2025-11-02 23:30:50",5070,4873,54142,0,,15.1,87.3,-9.49,22.95,,1.6
"2025-11-02 23:30:51",5072,4875,54130,-38.156288,-72.452808,14.85,84.3,-9.49,22.95,,1.6
"2025-11-02 23:30:52",5073,4876,54119,0,,14.85,84.1,-9.5,22.95,,1.6
"2025-11-02 23:30:53",5075,4878,54108,0,,14.85,85,-9.51,22.95,,1.6
"2025-11-02 23:30:54",5076,4879,54098,-38.156253,-72.452297,15.15,86.7,-9.51,22.95,,1.5
"2025-11-02 23:30:55",5078,4881,54086,0,,15,84.5,-9.54,22.95,,1.5
"2025-11-02 23:30:56",5080,4883,54075,0,,14.85,83.9,-9.58,22.95,,1.5
"2025-11-02 23:30:57",5081,4884,54064,-38.156213,-72.451788,15,83.2,-9.61,22.95,,1.6
"2025-11-02 23:30:58",5083,4886,54052,0,,14.95,85.2,-9.64,22.95,,1.6
"2025-11-02 23:30:59",5085,4888,54040,0,,15.3,85.4,-9.64,22.95,,1.6
"2025-11-02 23:31:00",5086,4889,54028,-38.156177,-72.451278,14.65,85.3,-9.65,22.95,,1.6
"2025-11-02 23:31:01",5088,4891,54016,0,,14.75,83.6,-9.67,22.95,,1.6
"2025-11-02 23:31:02",5090,4893,54005,0,,14.75,83.3,-9.67,22.95,,1.6
"2025-11-02 23:31:03",5091,4894,53994,-38.156133,-72.450777,14.75,83.2,-9.7,23,,1.6
"2025-11-02 23:31:04",5093,4896,53983,0,,15.05,85.6,-9.71,23,,1.6
"2025-11-02 23:31:05",5094,4897,53973,0,,15.05,84.7,-9.73,23,,1.6
"2025-11-02 23:31:06",5096,4899,53964,-38.156095,-72.450267,15.05,83.7,-9.75,23.05,,1.6
"2025-11-02 23:31:07",5098,4901,53950,0,,14.75,82.3,-9.78,23.05,,1.6
"2025-11-02 23:31:08",5099,4902,53937,0,,15.25,84.1,-9.78,23.1,,1.6
"2025-11-02 23:31:09",5101,4904,53924,-38.156047,-72.449758,15.25,83.5,-9.8,23.1,,1.7
"2025-11-02 23:31:10",5102,4905,53915,0,,15.2,84.4,-9.82,23.1,,1.6
"2025-11-02 23:31:11",5104,4907,53907,0,,15.15,83.3,-9.85,23.15,,1.6
"2025-11-02 23:31:12",5105,4908,53900,-38.156,-72.449243,15,82,-9.85,23.15,,1.5
"2025-11-02 23:31:15",5112,4915,53852,-38.155958,-72.448733,15,84.1,-9.88,23.25,1,1.7
"2025-11-02 23:31:16",5113,4916,53845,0,,14.9,82.8,-9.9,23.25,,1.6
"2025-11-02 23:31:17",5114,4917,53838,0,,14.75,82.5,-9.91,23.25,,1.6
"2025-11-02 23:31:18",5115,4918,53832,-38.15591,-72.44823,14.95,83.7,-9.91,23.3,,1.6
"2025-11-02 23:31:19",5116,4919,53818,0,,15.05,84.6,-9.93,23.35,,1.6
"2025-11-02 23:31:20",5118,4921,53805,0,,14.85,84,-9.93,23.35,,1.6
"2025-11-02 23:31:21",5120,4923,53792,-38.155868,-72.447725,14.9,84,-9.94,23.4,,1.6
"2025-11-02 23:31:22",5122,4925,53780,0,,14.85,83.2,-9.95,23.35,,1.6
"2025-11-02 23:31:23",5124,4927,53769,0,,15,84,-9.95,23.4,,1.6
"2025-11-02 23:31:24",5125,4928,53758,-38.155823,-72.44722,15.35,84,-9.97,23.4,,1.7
"2025-11-02 23:31:25",5126,4929,53749,0,,15.1,84.1,-9.96,23.45,,1.7
"2025-11-02 23:31:26",5128,4931,53741,0,,14.7,83.5,-9.98,23.45,,1.6
"2025-11-02 23:31:27",5129,4932,53734,-38.15578,-72.44672,14.55,84,-10,23.5,,1.4
"2025-11-02 23:31:28",5130,4933,53724,0,,14.75,84.4,-10.04,23.5,,1.4
"2025-11-02 23:31:29",5132,4935,53714,0,,15.15,83.6,-10.06,23.55,,1.5
"2025-11-02 23:31:30",5133,4936,53704,-38.155737,-72.44621,14.8,82.9,-10.07,23.55,,1.5
"2025-11-02 23:31:31",5135,4938,53688,0,,14.85,82.6,-10.08,23.55,,1.6
"2025-11-02 23:31:32",5137,4940,53673,0,,14.85,83.9,-10.1,23.6,,1.6
"2025-11-02 23:31:33",5140,4943,53658,-38.155688,-72.44571,14.95,84.3,-10.1,23.6,,1.6
"2025-11-02 23:31:34",5142,4945,53644,0,,15.05,85,-10.12,23.65,,1.6
"2025-11-02 23:31:35",5144,4947,53630,0,,14.75,82.8,-10.13,23.65,,1.7
"2025-11-02 23:31:36",5146,4949,53616,-38.155643,-72.445203,14.9,83.5,-10.15,23.7,,1.7
"2025-11-02 23:31:37",5147,4950,53607,0,,14.85,83.7,-10.18,23.65,,1.7
"2025-11-02 23:31:38",5148,4951,53598,0,,14.55,84.4,-10.21,23.65,,1.7
"2025-11-02 23:31:39",5149,4952,53590,-38.1556,-72.444703,14.7,84.3,-10.23,23.7,,1.7
"2025-11-02 23:31:40",5151,4954,53580,0,,14.65,82.6,-10.24,23.75,,1.7
"2025-11-02 23:31:41",5152,4955,53570,0,,15.2,81.9,-10.26,23.75,,1.7
"2025-11-02 23:31:42",5154,4957,53560,-38.155547,-72.444197,14.9,80.8,-10.27,23.8,0.75,1.7
"2025-11-02 23:31:43",5155,4958,53550,0,,15,81.4,-10.3,23.8,,1.7
"2025-11-02 23:31:44",5156,4959,53541,0,,15.05,82.4,-10.32,23.8,,1.6
"2025-11-02 23:31:45",5158,4961,53532,-38.155492,-72.443697,15.05,83.8,-10.33,23.85,,1.6
"2025-11-02 23:31:46",5159,4962,53524,0,,15.1,80.5,-10.32,23.9,,1.5
"2025-11-02 23:31:47",5160,4963,53516,0,,14.95,82.9,-10.32,23.9,,1.4
"2025-11-02 23:31:48",5161,4964,53508,-38.155435,-72.443188,15.05,81.2,-10.3,23.95,,1.4
"2025-11-02 23:31:49",5163,4966,53496,0,,15.05,82.8,-10.32,23.95,,1.3
"2025-11-02 23:31:50",5165,4968,53485,0,,15.15,81,-10.33,23.95,,1.4
"2025-11-02 23:31:51",5166,4969,53474,-38.155375,-72.442682,15,80.2,-10.34,24,,1.4
"2025-11-02 23:31:52",5168,4971,53460,0,,14.6,81.4,-10.34,24.05,,1.4
"2025-11-02 23:31:53",5170,4973,53448,0,,14.7,83.3,-10.32,24.05,,1.5
"2025-11-02 23:31:54",5172,4975,53436,-38.155318,-72.44218,15.2,82.1,-10.32,24.05,,1.5
"2025-11-02 23:31:55",5173,4976,53425,0,,14.9,81.5,-10.34,24.05,,1.5
"2025-11-02 23:31:56",5175,4978,53414,0,,15.3,80.2,-10.36,24.05,,1.5
"2025-11-02 23:31:57",5176,4979,53404,-38.155257,-72.441667,14.75,81.3,-10.37,24.05,,1.5
"2025-11-02 23:31:58",5178,4981,53394,0,,14.85,83.1,-10.37,24.05,,1.6
"2025-11-02 23:31:59",5179,4982,53384,0,,14.55,82.4,-10.37,24,,1.6
"2025-11-02 23:32:00",5181,4984,53374,-38.155203,-72.441165,14.65,81.4,-10.4,24,,1.6
"2025-11-02 23:32:01",5182,4985,53364,0,,14.8,81.2,-10.43,23.95,,1.6
"2025-11-02 23:32:02",5183,4986,53355,0,,15,83.1,-10.44,23.95,,1.6
"2025-11-02 23:32:03",5185,4988,53346,-38.155147,-72.440663,14.45,84.2,-10.44,23.95,,1.5
"2025-11-02 23:32:04",5186,4989,53338,0,,14.75,82.3,-10.45,23.95,,1.5
"2025-11-02 23:32:05",5187,4990,53331,0,,14.7,81.2,-10.47,23.9,,1.4
"2025-11-02 23:32:06",5188,4991,53324,-38.155085,-72.440172,14.55,81.1,-10.45,23.9,,1.4
"2025-11-02 23:32:07",5190,4993,53308,0,,14.6,82.3,-10.47,23.9,,1.4
"2025-11-02 23:32:08",5193,4996,53292,0,,14.45,82.4,-10.48,23.85,,1.5
"2025-11-02 23:32:09",5195,4998,53276,-38.15503,-72.439677,14.55,84.1,-10.48,23.85,0.25,1.5
"2025-11-02 23:32:10",5196,4999,53268,0,,14.55,82,-10.49,23.8,,1.5
"2025-11-02 23:32:11",5197,5000,53261,0,,15.3,82.6,-10.49,23.8,,1.5
"2025-11-02 23:32:12",5198,5001,53254,-38.154975,-72.439175,14.9,81.1,-10.5,23.8,,1.5
"2025-11-02 23:32:15",5202,5005,53224,-38.154925,-72.438682,14.75,82.3,-10.52,23.8,,1.5
"2025-11-02 23:32:16",5204,5007,53211,0,,14.9,82,-10.53,23.8,,1.5
"2025-11-02 23:32:17",5206,5009,53198,0,,14.75,82.7,-10.54,23.8,,1.6
"2025-11-02 23:32:18",5208,5011,53186,-38.154873,-72.438182,14.4,83.7,-10.56,23.75,,1.7
"2025-11-02 23:32:19",5210,5013,53174,0,,14.7,82.1,-10.57,23.75,,1.6
"2025-11-02 23:32:20",5211,5014,53163,0,,14.75,83.9,-10.57,23.75,,1.6
"2025-11-02 23:32:21",5213,5016,53152,-38.154823,-72.437682,15.25,81.1,-10.59,23.75,,1.5
"2025-11-02 23:32:22",5214,5017,53144,0,,15.25,81.1,-10.59,23.75,,1.5
"2025-11-02 23:32:23",5215,5018,53137,0,,14.9,81,-10.62,23.75,,1.5
"2025-11-02 23:32:24",5216,5019,53130,-38.154772,-72.437173,14.9,85.1,-10.64,23.75,,1.5
"2025-11-02 23:32:25",5217,5020,53121,0,,14.9,81.2,-10.64,23.75,,1.5
"2025-11-02 23:32:26",5219,5022,53112,0,,15.25,83.7,-10.64,23.75,,1.5
"2025-11-02 23:32:27",5220,5023,53104,-38.15472,-72.436667,15,82.3,-10.65,23.75,,1.5
"2025-11-02 23:32:28",5221,5024,53095,0,,15.1,83.4,-10.65,23.75,,1.4
"2025-11-02 23:32:29",5222,5025,53086,0,,14.35,82.7,-10.67,23.75,,1.4
"2025-11-02 23:32:30",5224,5027,53078,-38.15467,-72.436168,15.2,82.6,-10.65,23.75,,1.3
"2025-11-02 23:32:31",5225,5028,53066,0,,14.85,83.4,-10.64,23.75,,1.3
"2025-11-02 23:32:32",5227,5030,53054,0,,15.65,82.1,-10.6,23.75,,1.3
"2025-11-02 23:32:33",5229,5032,53042,-38.154618,-72.435657,15.25,82.1,-10.6,23.75,,1.3
"2025-11-02 23:32:34",5230,5033,53033,0,,15.35,81.8,-10.62,23.75,,1.3
"2025-11-02 23:32:35",5231,5034,53024,0,,14.6,80.6,-10.64,23.75,,1.3
"2025-11-02 23:32:36",5233,5036,53016,-38.15456,-72.435152,15,80.7,-10.64,23.7,0,1.4
"2025-11-02 23:32:37",5234,5037,53005,0,,14.95,82.9,-10.65,23.7,,1.4
"2025-11-02 23:32:38",5236,5039,52994,0,,15.15,84,-10.67,23.7,,1.4
"2025-11-02 23:32:39",5237,5040,52984,-38.15451,-72.434643,14.95,82.8,-10.68,23.65,,1.4
"2025-11-02 23:32:41",5239,5042,52974,0,,14.85,81.2,-10.64,23.65,,1.4
"2025-11-02 23:32:42",5239,5042,52970,-38.154455,-72.434133,15.05,81.6,-10.64,23.65,,1.3
"2025-11-02 23:32:45",5246,5049,52928,-38.15441,-72.43363,14.8,82.7,-10.67,23.6,,1.4
"2025-11-02 23:32:47",5248,5051,52910,0,,15.05,82.8,-10.67,23.5,,1.4
"2025-11-02 23:32:48",5249,5052,52902,-38.154355,-72.433123,15.2,82.5,-10.67,23.5,,1.4
"2025-11-02 23:32:50",5253,5056,52879,0,,14.75,80.8,-10.68,23.45,,1.4
"2025-11-02 23:32:51",5254,5057,52868,-38.154302,-72.432613,15.2,82.1,-10.69,23.45,,1.4
"2025-11-02 23:32:53",5255,5058,52863,0,,15.35,84.1,-10.69,23.4,,1.3
"2025-11-02 23:32:54",5255,5058,52862,-38.154248,-72.432102,15.1,83,-10.7,23.35,,1.3
"2025-11-02 23:32:56",5259,5062,52835,0,,14.65,79.7,-10.68,23.25,,1.4
"2025-11-02 23:32:57",5261,5064,52822,-38.154193,-72.431597,15.35,84.1,-10.7,23.2,,1.3
"2025-11-02 23:32:59",5264,5067,52802,0,,15.5,82.4,-10.72,23.15,,1.3
"2025-11-02 23:33:00",5265,5068,52792,-38.154135,-72.431085,15.3,79.1,-10.72,23.1,,1.3
"2025-11-02 23:33:01",5267,5070,52781,0,,15.25,83.9,-10.76,23,,1.3
"2025-11-02 23:33:02",5268,5071,52771,0,,15,82.2,-10.78,22.95,,1.3
"2025-11-02 23:33:03",5270,5073,52762,-38.15408,-72.430575,15.2,82.7,-10.83,22.9,0,1.3
"2025-11-02 23:33:04",5271,5074,52757,0,,15.15,82.4,-10.86,22.9,,1.2
"2025-11-02 23:33:05",5271,5074,52752,0,,15,81.4,-10.89,22.8,,1.4
"2025-11-02 23:33:06",5272,5075,52748,-38.154023,-72.430058,15.05,82.3,-10.92,22.75,,1.4
"2025-11-02 23:33:07",5274,5077,52733,0,,15,81.8,-10.94,22.7,,1.4
"2025-11-02 23:33:08",5276,5079,52718,0,,15.3,82.3,-10.96,22.6,,1.5
"2025-11-02 23:33:09",5278,5081,52704,-38.153967,-72.429548,15.15,81.3,-10.98,22.55,,1.5
"2025-11-02 23:33:10",5279,5082,52695,0,,15.6,80.8,-10.98,22.5,,1.4
"2025-11-02 23:33:11",5281,5084,52687,0,,14.8,81,-10.99,22.5,,1.4
"2025-11-02 23:33:12",5282,5085,52680,-38.153903,-72.429033,15.1,82.6,-11.02,22.4,,1.4
"2025-11-02 23:33:14",5284,5087,52661,0,,15.8,82.6,-11.02,22.3,,1.4
"2025-11-02 23:33:15",5286,5089,52652,-38.153843,-72.428513,15.05,81.1,-11.02,22.25,,1.3
"2025-11-02 23:33:16",5287,5090,52642,0,,15.1,82.6,-11.03,22.2,,1.3
"2025-11-02 23:33:17",5289,5092,52633,0,,15.2,83,-11.03,22.15,,1.4
"2025-11-02 23:33:18",5290,5093,52624,-38.153788,-72.428002,15.3,83.5,-11.03,22.1,,1.4
"2025-11-02 23:33:19",5291,5094,52616,0,,,,-11.03,22.1,,1.4
"2025-11-02 23:33:20",5292,5095,52609,0,,,,-11.06,22.05,,1.3
"2025-11-02 23:33:21",5293,5096,52602,0,,,,-11.06,22,,1.2
"2025-11-02 23:33:22",5295,5098,52590,0,,15.55,82.7,-11.08,22,,1.3
"2025-11-02 23:33:23",5296,5099,52579,0,,15.45,81,-11.09,21.95,,1.3
"2025-11-02 23:33:24",5298,5101,52568,-38.153668,-72.426963,14.8,81.5,-11.1,21.9,,1.4
"2025-11-02 23:33:25",5299,5102,52560,0,,15.2,80.8,-11.11,21.85,,1.4
"2025-11-02 23:33:26",5301,5104,52552,0,,15.2,79.9,-11.11,21.85,,1.3
"2025-11-02 23:33:27",5302,5105,52544,-38.1536,-72.426445,15.1,80.7,-11.12,21.8,,1.3
"2025-11-02 23:33:28",5303,5106,52537,0,,14.85,81.8,-11.13,21.75,,1.3
"2025-11-02 23:33:29",5303,5106,52531,0,,15.65,82.8,-11.13,21.7,,1.2
"2025-11-02 23:33:30",5304,5107,52526,-38.15354,-72.425927,14.85,81,-11.14,21.65,-0.25,1.2
"2025-11-02 23:33:31",5306,5109,52517,0,,15.85,80,-11.13,21.65,,1.2
"2025-11-02 23:33:32",5307,5110,52508,0,,15.35,81.8,-11.14,21.65,,1.2
"2025-11-02 23:33:33",5308,5111,52500,-38.153475,-72.425403,15.65,82.4,-11.12,21.6,,1.2
"2025-11-02 23:33:34",5309,5112,52491,0,,15.35,80.7,-11.13,21.6,,1.2
"2025-11-02 23:33:35",5311,5114,52482,0,,15.6,80.5,-11.13,21.6,,1.2
"2025-11-02 23:33:36",5312,5115,52474,-38.153407,-72.42488,15.6,79.6,-11.13,21.55,,1.1
"2025-11-02 23:33:37",5314,5117,52461,0,,15.3,81.6,-11.14,21.5,,1.2
"2025-11-02 23:33:38",5316,5119,52448,0,,15.05,81.7,-11.14,21.45,,1.3
"2025-11-02 23:33:39",5318,5121,52436,-38.153345,-72.424365,15.2,81.3,-11.14,21.45,,1.3
"2025-11-02 23:33:40",5319,5122,52427,0,,15.15,80.4,-11.16,21.4,,1.3
"2025-11-02 23:33:41",5320,5123,52418,0,,15.65,80.9,-11.18,21.35,,1.3
"2025-11-02 23:33:42",5321,5124,52410,-38.153278,-72.423842,15.3,81.1,-11.18,21.35,,1.4
"2025-11-02 23:33:44",5323,5126,52398,0,,15.6,80.3,-11.19,21.3,,1.4
"2025-11-02 23:33:45",5324,5127,52392,-38.153217,-72.423323,15.5,81.2,-11.22,21.3,,1.3
"2025-11-02 23:33:46",5325,5128,52383,0,,15.9,81.6,-11.24,21.25,,1.3
"2025-11-02 23:33:47",5326,5129,52375,0,,15.15,82.1,-11.27,21.25,,1.3
"2025-11-02 23:33:48",5328,5131,52368,-38.153153,-72.4228,15.25,80.3,-11.29,21.2,,1.3
"2025-11-02 23:33:49",5329,5132,52357,0,,15,80.8,-11.31,21.2,,1.3
"2025-11-02 23:33:50",5331,5134,52346,0,,15.75,80.7,-11.32,21.2,,1.3
"2025-11-02 23:33:51",5332,5135,52336,-38.153087,-72.422278,15.75,81.3,-11.36,21.15,,1.2
"2025-11-02 23:33:52",5334,5137,52327,0,,15.6,82.4,-11.39,21.15,,1.2
"2025-11-02 23:33:53",5335,5138,52318,0,,15.1,81.3,-11.4,21.15,,1.2
"2025-11-02 23:33:54",5336,5139,52310,-38.153023,-72.42176,15.45,81.4,-11.42,21.1,,1.2
"2025-11-02 23:33:55",5337,5140,52303,0,,15.35,80.2,-11.43,21.1,,1.2
"2025-11-02 23:33:56",5338,5141,52296,0,,15.9,81,-11.45,21.05,,1.2
"2025-11-02 23:33:57",5339,5142,52290,-38.152958,-72.421233,15.55,82.4,-11.46,21.05,-0.5,1.2
"2025-11-02 23:33:58",5340,5143,52280,0,,15.55,83,-11.47,21.1,,1.3
"2025-11-02 23:33:59",5342,5145,52270,0,,15,80.3,-11.45,21.1,,1.3
"2025-11-02 23:34:00",5343,5146,52260,-38.152897,-72.420717,15.45,80.4,-11.46,21.05,,1.3
"2025-11-02 23:34:01",5345,5148,52251,0,,15.3,81.1,-11.48,21.05,,1.3
"2025-11-02 23:34:02",5346,5149,52243,0,,15.85,82.1,-11.51,21.05,,1.3
"2025-11-02 23:34:03",5347,5150,52236,-38.152832,-72.420188,15.55,81.4,-11.52,21.05,,1.2
"2025-11-02 23:34:04",5349,5152,52224,0,,15.65,80.4,-11.53,21,,1.3
"2025-11-02 23:34:05",5350,5153,52213,0,,15.25,81,-11.55,21,,1.3
"2025-11-02 23:34:06",5352,5155,52202,-38.152767,-72.419672,15.45,81.6,-11.56,21,,1.3
"2025-11-02 23:34:07",5353,5156,52194,0,,15.4,83.1,-11.57,21,,1.3
"2025-11-02 23:34:08",5354,5157,52187,0,,15.65,80.6,-11.58,21,,1.3
"2025-11-02 23:34:09",5355,5158,52180,-38.152705,-72.419143,15.4,80.8,-11.59,21,,1.3
"2025-11-02 23:34:10",5357,5160,52168,0,,15.3,80,-11.61,21,,1.4
"2025-11-02 23:34:11",5359,5162,52157,0,,15.5,81.9,-11.62,21,,1.4
"2025-11-02 23:34:12",5360,5163,52146,-38.15264,-72.418622,15.4,81,-11.62,21,,1.4
"2025-11-02 23:34:14",5363,5166,52130,0,,15.6,81.1,-11.66,21,,1.4
"2025-11-02 23:34:15",5364,5167,52122,-38.152577,-72.418092,15.6,80.2,-11.67,20.95,,1.4
"2025-11-02 23:34:16",5365,5168,52115,0,,15.3,81.8,-11.67,20.95,,1.3
"2025-11-02 23:34:17",5366,5169,52108,0,,15.35,81.9,-11.67,20.95,,1.3
"2025-11-02 23:34:18",5367,5170,52102,-38.152513,-72.417572,15.75,81.7,-11.68,20.95,,1.2
"2025-11-02 23:34:19",5368,5171,52093,0,,15.8,80.6,-11.7,20.9,,1.2
"2025-11-02 23:34:20",5369,5172,52084,0,,15.2,80.6,-11.71,20.9,,1.3
"2025-11-02 23:34:21",5371,5174,52076,-38.152443,-72.417047,15.45,80.7,-11.72,20.9,,1.3
"2025-11-02 23:34:22",5372,5175,52066,0,,15.45,81.6,-11.73,20.95,,1.3
"2025-11-02 23:34:23",5373,5176,52057,0,,15.8,80.2,-11.75,20.95,,1.3
"2025-11-02 23:34:24",5375,5178,52048,-38.152375,-72.416517,15.8,80.8,-11.75,20.9,-1,1.2
"2025-11-02 23:34:25",5376,5179,52039,0,,15.75,78.5,-11.77,20.9,,1.2
"2025-11-02 23:34:26",5377,5180,52030,0,,15.4,81,-11.78,20.9,,1.2
"2025-11-02 23:34:27",5379,5182,52022,-38.152302,-72.415988,15.65,80.4,-11.81,20.85,,1.2
"2025-11-02 23:34:29",5381,5184,52003,0,,15.5,79.7,-11.83,20.85,,1.3
"2025-11-02 23:34:30",5383,5186,51994,-38.152232,-72.415457,15.45,81.3,-11.84,20.85,,1.3
"2025-11-02 23:34:31",5383,5186,51988,0,,15.55,80.9,-11.85,20.8,,1.3
"2025-11-02 23:34:32",5384,5187,51983,0,,16.05,82.3,-11.88,20.8,,1.2
"2025-11-02 23:34:33",5385,5188,51978,-38.152168,-72.414925,15.75,80.7,-11.89,20.8,,1.2
"2025-11-02 23:34:34",5387,5190,51967,0,,15.8,81.9,-11.9,20.75,,1.2
"2025-11-02 23:34:35",5388,5191,51956,0,,15.95,80.2,-11.88,20.75,,1.2
"2025-11-02 23:34:36",5390,5193,51946,-38.1521,-72.414388,16.25,80.3,-11.84,20.75,,1.3
"2025-11-02 23:34:37",5391,5194,51938,0,,16.05,80.3,-11.84,20.8,,1.3
"2025-11-02 23:34:38",5392,5195,51930,0,,15.4,81.1,-11.83,20.8,,1.2
"2025-11-02 23:34:39",5393,5196,51922,-38.152032,-72.413857,15.75,81.4,-11.84,20.75,,1.2
"2025-11-02 23:34:40",5395,5198,51914,0,,15.95,79.4,-11.85,20.75,,1.2
"2025-11-02 23:34:41",5396,5199,51906,0,,15.95,81.3,-11.86,20.7,,1.2
"2025-11-02 23:34:42",5397,5200,51898,-38.15196,-72.413323,15.8,80,-11.86,20.7,,1.2
"2025-11-02 23:34:44",5398,5201,51891,0,,15.75,79.8,-11.85,20.7,,1.1
"2025-11-02 23:34:45",5398,5201,51888,-38.151892,-72.412793,15.85,80.6,-11.83,20.65,,1.1
"2025-11-02 23:34:46",5400,5203,51878,0,,15.9,79,-11.84,20.65,,1.1
"2025-11-02 23:34:47",5401,5204,51868,0,,15.5,82.7,-11.84,20.6,,1.1
"2025-11-02 23:34:48",5403,5206,51858,-38.151823,-72.41226,15.7,81,-11.88,20.6,,1.1
"2025-11-02 23:34:50",5405,5208,51844,0,,16.2,80.6,-11.92,20.55,,1.1
"2025-11-02 23:34:51",5406,5209,51838,-38.151755,-72.41172,15.9,81,-11.91,20.55,-1.5,1
"2025-11-02 23:34:52",5408,5211,51825,0,,,,-11.91,20.55,,1.1
"2025-11-02 23:34:53",5409,5212,51813,0,,,,-11.92,20.5,,1.1
"2025-11-02 23:34:54",5411,5214,51802,0,,,,-11.96,20.5,,1.2
"2025-11-02 23:34:55",5412,5215,51794,0,,16.2,79.8,-11.97,20.45,,1.2
"2025-11-02 23:34:56",5413,5216,51787,0,,15.8,81.4,-11.97,20.45,,1.3
"2025-11-02 23:34:57",5414,5217,51780,-38.151617,-72.410652,15.75,81,-11.97,20.45,,1.3
"2025-11-02 23:34:58",5415,5218,51772,0,,15.55,81.5,-11.98,20.45,,1.3
"2025-11-02 23:34:59",5417,5220,51765,0,,15.55,81.5,-11.99,20.45,,1.3
"2025-11-02 23:35:00",5418,5221,51758,-38.151547,-72.410117,16.35,80.6,-12.02,20.45,,1.2
"2025-11-02 23:35:01",5419,5222,51748,0,,15.9,79.2,-12.03,20.45,,1.2
"2025-11-02 23:35:02",5420,5223,51739,0,,15.9,82.2,-12.06,20.4,,1.3
"2025-11-02 23:35:03",5422,5225,51730,-38.151477,-72.40958,15.75,81,-12.08,20.4,,1.3
"2025-11-02 23:35:04",5423,5226,51724,0,,15.7,80.7,-12.12,20.4,,1.3
"2025-11-02 23:35:05",5423,5226,51719,0,,16.05,79.2,-12.13,20.4,,1.2
"2025-11-02 23:35:06",5424,5227,51714,-38.151405,-72.409043,16.2,81.1,-12.15,20.4,,1.1
"2025-11-02 23:35:07",5425,5228,51706,0,,15.65,80.7,-12.16,20.4,,1.1
"2025-11-02 23:35:08",5426,5229,51699,0,,15.85,79.4,-12.16,20.4,,1.1
"2025-11-02 23:35:09",5427,5230,51692,-38.151335,-72.40851,15.85,82.7,-12.18,20.4,,1.1
"2025-11-02 23:35:11",5430,5233,51674,0,,16.2,81.7,-12.18,20.4,,1.1
"2025-11-02 23:35:12",5431,5234,51666,-38.151263,-72.407967,16,78,-12.15,20.4,,1.1
"2025-11-02 23:35:15",5437,5240,51630,-38.151188,-72.407423,16,81.1,-12.13,20.45,,1.2
"2025-11-02 23:35:17",5438,5241,51619,0,,16.25,79.6,-12.15,20.45,,1.2
"2025-11-02 23:35:18",5439,5242,51614,-38.151113,-72.406875,15.95,79.5,-12.16,20.5,-1.75,1.2
"2025-11-02 23:35:20",5442,5245,51595,0,,16.05,80.7,-12.17,20.55,,1.3
"2025-11-02 23:35:21",5443,5246,51586,-38.151042,-72.40633,16.65,80.4,-12.18,20.55,,1.3
"2025-11-02 23:35:23",5445,5248,51572,0,,16.25,79.3,-12.21,20.6,,1.3
"2025-11-02 23:35:24",5446,5249,51566,-38.150963,-72.405787,15.45,79.2,-12.22,20.65,,1.2
"2025-11-02 23:35:26",5449,5252,51549,0,,16.2,79.9,-12.25,20.8,,1.2
"2025-11-02 23:35:27",5450,5253,51542,-38.150888,-72.405245,16.55,79.9,-12.24,20.85,,1.2
"2025-11-02 23:35:29",5451,5254,51532,0,,15.85,78.7,-12.26,20.95,,1
"2025-11-02 23:35:30",5452,5255,51528,-38.150805,-72.404708,15.75,79.5,-12.27,21,,1
"2025-11-02 23:35:32",5455,5258,51509,0,,16.1,80.6,-12.28,21.1,,1.1
"2025-11-02 23:35:33",5456,5259,51500,-38.150733,-72.40417,15.85,79.3,-12.28,21.2,,1.1
"2025-11-02 23:35:34",5457,5260,51490,0,,15.9,78.6,-12.29,21.3,,1.1
"2025-11-02 23:35:35",5459,5262,51481,0,,15.95,78.5,-12.29,21.3,,1.1
"2025-11-02 23:35:36",5460,5263,51472,-38.15065,-72.403628,16.3,79.5,-12.3,21.4,,1.2
"2025-11-02 23:35:37",5461,5264,51463,0,,16.15,80.4,-12.31,21.45,,1.2
"2025-11-02 23:35:38",5463,5266,51455,0,,16.3,80.3,-12.32,21.55,,1.2
"2025-11-02 23:35:39",5464,5267,51448,-38.150575,-72.403085,16.3,80.1,-12.31,21.65,,1.2
"2025-11-02 23:35:40",5465,5268,51440,0,,16.3,80.7,-12.31,21.7,,1.2
"2025-11-02 23:35:41",5466,5269,51432,0,,15.8,80.3,-12.3,21.8,,1.2
"2025-11-02 23:35:42",5467,5270,51424,-38.1505,-72.402543,16.1,79.1,-12.31,21.9,,1.2
"2025-11-02 23:35:44",5470,5273,51408,0,,16.55,79.5,-12.33,22.05,,1.3
"2025-11-02 23:35:45",5471,5274,51400,-38.150415,-72.401997,16.65,79.8,-12.35,22.15,-2,1.3
"2025-11-02 23:35:46",5472,5275,51395,0,,16.15,80.1,-12.39,22.2,,1.2
"2025-11-02 23:35:47",5472,5275,51390,0,,16.15,80.6,-12.41,22.3,,1.1
"2025-11-02 23:35:48",5473,5276,51386,-38.150337,-72.401453,15.85,79.4,-12.41,22.4,,1.1
"2025-11-02 23:35:49",5475,5278,51376,0,,16.45,78.7,-12.42,22.5,,1.1
"2025-11-02 23:35:50",5476,5279,51366,0,,16.6,79.1,-12.42,22.65,,1.1
"2025-11-02 23:35:51",5478,5281,51356,-38.150253,-72.400905,16.35,79.8,-12.42,22.75,,1.2
"2025-11-02 23:35:52",5478,5281,51351,0,,15.9,79.5,-12.44,22.85,,1.1
"2025-11-02 23:35:53",5479,5282,51346,0,,16.2,79.2,-12.46,22.95,,1.1
"2025-11-02 23:35:54",5480,5283,51342,-38.15017,-72.400363,16.15,78,-12.46,23.1,,1
"2025-11-02 23:35:55",5481,5284,51333,0,,16.05,78.4,-12.46,23.25,,1
"2025-11-02 23:35:56",5482,5285,51325,0,,16,79.8,-12.46,23.4,,1
"2025-11-02 23:35:57",5483,5286,51318,-38.150085,-72.399817,16.05,79.5,-12.5,23.5,,1
"2025-11-02 23:35:58",5485,5288,51309,0,,16.1,78.8,-12.5,23.6,,1
"2025-11-02 23:35:59",5486,5289,51300,0,,17,77.6,-12.49,23.75,,1.1
"2025-11-02 23:36:00",5487,5290,51292,-38.149997,-72.399263,16.55,80.2,-12.49,23.85,,1.1
"2025-11-02 23:36:01",5488,5291,51287,0,,16.7,80.8,-12.51,23.95,,1.1
"2025-11-02 23:36:02",5488,5291,51282,0,,16.35,80.6,-12.54,24.1,,1
"2025-11-02 23:36:03",5489,5292,51278,-38.149922,-72.398703,17,79.6,-12.54,24.2,,1
"2025-11-02 23:36:04",5490,5293,51269,0,,16.85,78.9,-12.56,24.3,,1
"2025-11-02 23:36:05",5492,5295,51260,0,,16.75,78.2,-12.58,24.4,,1.1
"2025-11-02 23:36:06",5493,5296,51252,-38.149833,-72.398147,16.8,79.5,-12.6,24.55,,1.1
"2025-11-02 23:36:07",5494,5297,51246,0,,16.8,78.4,-12.62,24.7,,1.1
"2025-11-02 23:36:08",5495,5298,51240,0,,16.25,80.2,-12.62,24.85,,1.1
"2025-11-02 23:36:09",5496,5299,51234,-38.149753,-72.397597,16.45,80,-12.63,24.95,,1
"2025-11-02 23:36:10",5497,5300,51228,0,,16.4,81.6,-12.64,25.1,,1
"2025-11-02 23:36:11",5497,5300,51223,0,,16.65,79,-12.67,25.2,,1
"2025-11-02 23:36:12",5498,5301,51218,-38.149677,-72.397035,16.35,79.3,-12.69,25.35,-2.5,0.9
"2025-11-02 23:36:15",5502,5305,51190,-38.149602,-72.396475,16.75,80.2,-12.74,25.75,,1.1
"2025-11-02 23:36:17",5504,5307,51179,0,,16.9,80.4,-12.77,26,,1
"2025-11-02 23:36:18",5505,5308,51174,-38.149525,-72.395908,16.95,79,-12.78,26.1,,1
"2025-11-02 23:36:19",5506,5309,51166,0,,16.8,79.7,-12.78,26.25,,1
"2025-11-02 23:36:20",5507,5310,51159,0,,17.05,80.8,-12.79,26.4,,1
"2025-11-02 23:36:21",5508,5311,51152,-38.149447,-72.395338,16.95,81,-12.78,26.55,,1
"2025-11-02 23:36:22",5509,5312,51144,0,,17,79.8,-12.79,26.7,,1
"2025-11-02 23:36:23",5510,5313,51137,0,,16.45,79,-12.8,26.85,,1.1
"2025-11-02 23:36:24",5511,5314,51130,-38.149365,-72.394778,16.95,80,-12.8,27,,1.1
"2025-11-02 23:36:25",5513,5316,51121,0,,16.75,80.3,-12.81,27.1,,1.1
"2025-11-02 23:36:26",5514,5317,51113,0,,17.35,80.5,-12.82,27.25,,1.1
"2025-11-02 23:36:27",5515,5318,51106,-38.149287,-72.394202,16.8,79.9,-12.84,27.45,,1
"2025-11-02 23:36:31",5518,5321,51086,0,,17.3,81.2,-12.88,28.05,,1
"2025-11-02 23:36:32",5519,5322,51081,0,,16.9,81.6,-12.88,28.2,,1
"2025-11-02 23:36:33",5519,5322,51076,-38.149138,-72.393067,17.05,80.2,-12.88,28.3,,0.9
"2025-11-02 23:36:34",5521,5324,51064,0,,17.15,81.4,-12.88,28.45,,1
"2025-11-02 23:36:35",5523,5326,51052,0,,17.15,81.4,-12.89,28.6,,1.1
"2025-11-02 23:36:36",5525,5328,51040,-38.149065,-72.392487,17.35,81.2,-12.9,28.75,,1.1
"2025-11-02 23:36:38",5526,5329,51033,0,,16.95,80.5,-12.92,29.05,,1
"2025-11-02 23:36:39",5526,5329,51030,-38.14899,-72.39191,16.9,81,-12.92,29.2,-2.5,1
"2025-11-02 23:36:40",5528,5331,51021,0,,17,81.4,-12.93,29.35,,1
"2025-11-02 23:36:41",5529,5332,51013,0,,17.6,82.2,-12.93,29.5,,1
"2025-11-02 23:36:42",5530,5333,51006,-38.148922,-72.391323,17.6,81.5,-12.93,29.65,,1
"2025-11-02 23:36:44",5531,5334,50999,0,,17,79.9,-12.95,29.9,,1
"2025-11-02 23:36:45",5531,5334,50996,-38.148845,-72.390743,17.25,80.9,-12.95,30.05,,1
"2025-11-02 23:36:46",5533,5336,50987,0,,17.2,82.1,-12.96,30.2,,1
"2025-11-02 23:36:47",5534,5337,50978,0,,17.15,81.4,-12.96,30.35,,1
"2025-11-02 23:36:48",5535,5338,50970,-38.148775,-72.390158,17.15,80.8,-12.98,30.5,,0.9
"2025-11-02 23:36:49",5536,5339,50964,0,,17.2,80.3,-12.99,30.65,,0.9
"2025-11-02 23:36:50",5537,5340,50959,0,,17.65,81.2,-12.99,30.8,,0.9
"2025-11-02 23:36:51",5538,5341,50954,-38.1487,-72.38957,17.65,81.1,-13.01,30.95,,0.9
"2025-11-02 23:36:52",5539,5342,50946,0,,17.65,82.1,-13.01,31.05,,1
"2025-11-02 23:36:53",5540,5343,50939,0,,17.15,81.5,-13,31.2,,1
"2025-11-02 23:36:54",5541,5344,50932,-38.148632,-72.388982,17.4,81.5,-13.01,31.3,,0.9
"2025-11-02 23:36:55",5542,5345,50926,0,,17.25,79.9,-13.04,31.45,,0.9
"2025-11-02 23:36:56",5543,5346,50921,0,,17.9,81.2,-13.07,31.5,,1
"2025-11-02 23:36:57",5543,5346,50916,-38.148557,-72.388392,17.5,81,-13.1,31.65,,1
"2025-11-02 23:36:58",5544,5347,50913,0,,17.45,82.2,-13.11,31.75,,0.9
"2025-11-02 23:36:59",5544,5347,50910,0,,16.9,81,-13.1,31.85,,0.8
"2025-11-02 23:37:00",5545,5348,50908,-38.148488,-72.38781,17.2,80.4,-13.11,31.95,,0.8
"2025-11-02 23:37:01",5546,5349,50897,0,,17.35,81.1,-13.11,32.05,,0.8
"2025-11-02 23:37:02",5548,5351,50886,0,,17.35,81.6,-13.13,32.15,,0.9
"2025-11-02 23:37:03",5549,5352,50876,-38.148418,-72.387223,17.5,82.9,-13.15,32.25,,1
"2025-11-02 23:37:04",5550,5353,50873,0,,17.15,79.3,-13.15,32.35,,0.9
"2025-11-02 23:37:05",5550,5353,50870,0,,17.2,82,-13.15,32.45,,0.9
"2025-11-02 23:37:06",5551,5354,50868,-38.148345,-72.386643,17.25,81.5,-13.16,32.55,-3,0.8
"2025-11-02 23:37:07",5552,5355,50859,0,,17.55,83,-13.17,32.65,,0.8
"2025-11-02 23:37:08",5553,5356,50850,0,,17.2,79.7,-13.17,32.7,,0.9
"2025-11-02 23:37:09",5555,5358,50842,-38.148273,-72.386057,17.45,80.8,-13.18,32.75,,0.9
"2025-11-02 23:37:10",5555,5358,50836,0,,16.95,80,-13.2,32.85,,0.9
"2025-11-02 23:37:11",5556,5359,50830,0,,17.45,82.5,-13.19,32.95,,1
"2025-11-02 23:37:12",5557,5360,50824,-38.148203,-72.385472,17.45,80.8,-13.19,33,,1
"2025-11-02 23:37:15",5561,5364,50802,-38.148127,-72.384883,17.6,81.8,-13.18,33.15,,0.9
"2025-11-02 23:37:16",5562,5365,50795,0,,17.7,81.1,-13.19,33.2,,1
"2025-11-02 23:37:17",5563,5366,50788,0,,17.35,82.8,-13.18,33.3,,1
"2025-11-02 23:37:18",5564,5367,50782,-38.148062,-72.384297,17.55,80.9,-13.19,33.35,,1.1
"2025-11-02 23:37:19",5565,5368,50776,0,,17.5,81.2,-13.21,33.4,,1.1
"2025-11-02 23:37:20",5565,5368,50770,0,,17.5,81.2,-13.23,33.45,,1
"2025-11-02 23:37:21",5566,5369,50764,-38.147988,-72.383715,16.7,80.7,-13.22,33.5,,1
"2025-11-02 23:37:22",5568,5371,50755,0,,17,81.3,-13.23,33.5,,1
"2025-11-02 23:37:23",5569,5372,50747,0,,17.4,80.9,-13.24,33.55,,1
"2025-11-02 23:37:24",5570,5373,50740,-38.147917,-72.383127,17.1,81.7,-13.26,33.6,,1.1
"2025-11-02 23:37:25",5571,5374,50735,0,,17.1,79.9,-13.26,33.65,,1
"2025-11-02 23:37:26",5571,5374,50730,0,,17.3,80.6,-13.28,33.7,,1
"2025-11-02 23:37:27",5572,5375,50726,-38.147838,-72.382548,17.2,79.5,-13.3,33.7,,1
"2025-11-02 23:37:28",5573,5376,50721,0,,18,80.7,-13.29,33.75,,0.9
"2025-11-02 23:37:29",5573,5376,50716,0,,17.6,80.1,-13.3,33.75,,0.9
"2025-11-02 23:37:30",5574,5377,50712,-38.147758,-72.381963,17.7,81.8,-13.31,33.8,,0.9
"2025-11-02 23:37:31",5575,5378,50704,0,,17.7,79.3,-13.32,33.8,,0.9
"2025-11-02 23:37:32",5576,5379,50697,0,,17.4,81.5,-13.32,33.85,,0.9
"2025-11-02 23:37:33",5578,5381,50690,-38.147682,-72.38139,17.5,79.1,-13.3,33.85,-3,0.9
"2025-11-02 23:37:34",5579,5382,50680,0,,17.3,81.8,-13.31,33.85,,1
"2025-11-02 23:37:35",5581,5384,50670,0,,17.1,79.8,-13.31,33.85,,1
"2025-11-02 23:37:36",5582,5385,50660,-38.147603,-72.380812,16.95,80.3,-13.31,33.9,,1
"2025-11-02 23:37:37",5583,5386,50650,0,,17.45,78.4,-13.31,33.9,,1.1
"2025-11-02 23:37:38",5585,5388,50641,0,,17.55,81.6,-13.3,33.9,,1.1
"2025-11-02 23:37:39",5586,5389,50632,-38.147522,-72.380228,17.35,79.9,-13.31,33.9,,1.2
"2025-11-02 23:37:41",5588,5391,50621,0,,17.15,78.6,-13.35,33.9,,1.2
"2025-11-02 23:37:42",5589,5392,50616,-38.147435,-72.379648,17.35,79.7,-13.37,33.85,,1.2
"2025-11-02 23:37:45",5592,5395,50596,-38.147355,-72.379062,17.35,80.5,-13.4,33.75,,1.2
"2025-11-02 23:37:47",5594,5397,50582,0,,17.35,80.1,-13.4,33.65,,1.1
"2025-11-02 23:37:48",5595,5398,50576,-38.147267,-72.37848,17.85,78.1,-13.41,33.6,,1.1
"2025-11-02 23:37:50",5597,5400,50564,0,,17.4,78.8,-13.43,33.4,,1
"2025-11-02 23:37:51",5597,5400,50558,-38.147183,-72.377893,17.55,79.9,-13.41,33.35,,1
"2025-11-02 23:37:53",5600,5403,50543,0,,17.5,81.8,-13.43,33.15,,1
"2025-11-02 23:37:54",5601,5404,50536,-38.1471,-72.3773,17.45,79.2,-13.45,33.05,,1
"2025-11-02 23:37:56",5603,5406,50524,0,,18.05,78.6,-13.46,32.8,,1
"2025-11-02 23:37:57",5604,5407,50518,-38.147017,-72.3767,17.65,80.3,-13.47,32.65,,1
"2025-11-02 23:37:59",5606,5409,50500,0,,18.15,82,-13.5,32.45,,1
"2025-11-02 23:38:00",5607,5410,50492,-38.146935,-72.376093,18.05,81.5,-13.51,32.3,-3.5,1.1
"2025-11-02 23:38:01",5608,5411,50489,0,,17.9,80.4,-13.51,32.2,,1
"2025-11-02 23:38:02",5608,5411,50486,0,,17.55,81,-13.52,32.05,,1
"2025-11-02 23:38:03",5609,5412,50484,-38.14686,-72.375492,17.8,81.2,-13.53,31.9,,0.9
"2025-11-02 23:38:05",5611,5414,50470,0,,,,-13.54,31.6,,0.9
"2025-11-02 23:38:06",5612,5415,50464,0,,,,-13.53,31.5,,0.9
"2025-11-02 23:38:08",5613,5416,50453,0,,18.8,81.5,-13.55,31.35,,0.9
"2025-11-02 23:38:09",5614,5417,50448,0,,18.65,79.3,-13.55,31.2,,0.9
"2025-11-02 23:38:10",5615,5418,50444,-38.146672,-72.374063,18.5,80.7,-13.55,31.05,,0.8
"2025-11-02 23:38:12",5617,5420,50431,0,,,,-13.57,30.85,,0.9
"2025-11-02 23:38:13",5618,5421,50420,0,,,,-13.58,30.65,,0.9
"2025-11-02 23:38:15",5608,5411,50490,0,,20.7,78.5,-13.61,30.55,,-0.1
"2025-11-02 23:38:16",5602,5405,50526,-38.146552,-72.373035,18.4,79.3,-13.68,30.4,,-0.5
"2025-11-02 23:38:17",5585,5388,50642,0,,18.35,79.3,-13.77,30.15,,-2.2
"2025-11-02 23:38:18",5575,5378,50704,-38.14645,-72.37245,17.4,80.1,-13.78,30,,-3
"2025-11-02 23:38:20",5557,5360,50827,0,,17.25,80.7,-13.72,29.95,,-3.9
"2025-11-02 23:38:21",5547,5350,50892,-38.146407,-72.372055,17.35,80.6,-13.65,29.95,,-5.1
"2025-11-02 23:38:25",5508,5311,51154,0,,17.65,80.4,-13.32,30.5,,-8.6
"2025-11-02 23:38:26",5498,5301,51220,0,,17.4,80.7,-13.24,30.65,,-8.7
"2025-11-02 23:38:27",5488,5291,51286,-38.146235,-72.370687,17.45,80.7,-13.16,30.85,-4,-9.3
"2025-11-02 23:38:28",5478,5281,51351,0,,16.95,80.5,-13.07,31.05,,-9.7
"2025-11-02 23:38:29",5468,5271,51418,0,,17.05,80.6,-12.99,31.2,,-9.7
"2025-11-02 23:38:30",5458,5261,51486,-38.14616,-72.370112,17.1,78.9,-12.9,31.3,,-9.8
"2025-11-02 23:38:31",5448,5251,51552,0,,16.75,81,-12.82,31.4,,-9.8
"2025-11-02 23:38:32",5439,5242,51617,0,,16.6,78.6,-12.74,31.45,,-9.8
"2025-11-02 23:38:33",5429,5232,51682,-38.146085,-72.369555,16.6,79.8,-12.65,31.5,,-9.8
"2025-11-02 23:38:37",5390,5193,51944,0,,16.2,80.6,-12.34,31.3,,-9.8
"2025-11-02 23:38:38",5380,5183,52010,0,,16.2,80,-12.27,31.1,,-9.8
"2025-11-02 23:38:39",5371,5174,52076,-38.145922,-72.368448,16.1,81.3,-12.2,30.9,,-9.8
"2025-11-02 23:38:46",5301,5104,52549,0,,,,-11.75,28.95,,-9.9
"2025-11-02 23:38:47",5291,5094,52617,0,,,,-11.69,28.7,,-9.9
"2025-11-02 23:38:48",5281,5084,52686,0,,,,-11.61,28.45,,-9.9
"2025-11-02 23:38:49",5271,5074,52752,0,,15.95,79.6,-11.54,28.15,,-9.9
"2025-11-02 23:38:50",5262,5065,52816,0,,15.55,79.8,-11.47,27.95,,-9.9
"2025-11-02 23:38:51",5252,5055,52880,-38.145613,-72.36632,15.7,80.4,-11.39,27.75,,-9.8
"2025-11-02 23:38:53",5233,5036,53016,0,,15.45,80.6,-11.24,27.35,,-9.9
"2025-11-02 23:38:54",5222,5025,53086,-38.145547,-72.3658,15.2,81.4,-11.16,27.15,-4.5,-9.9
"2025-11-02 23:38:55",5213,5016,53152,0,,15.15,81.4,-11.1,26.95,,-9.9
"2025-11-02 23:38:56",5203,5006,53217,0,,15.2,82.2,-11.03,26.8,,-9.8
"2025-11-02 23:38:57",5194,4997,53282,-38.145485,-72.365285,15.2,81.2,-11.02,26.65,,-9.8
"2025-11-02 23:38:58",5184,4987,53351,0,,14.8,81.7,-10.99,26.55,,-9.7
"2025-11-02 23:38:59",5174,4977,53422,0,,14.95,81.1,-10.94,26.4,,-9.8
"2025-11-02 23:39:00",5163,4966,53494,-38.145423,-72.364777,15.05,80.2,-10.91,26.35,,-9.8
"2025-11-02 23:39:01",5154,4957,53558,0,,15.05,81.1,-10.86,26.25,,-9.7
"2025-11-02 23:39:02",5145,4948,53622,0,,15.15,78.9,-10.81,26.2,,-9.7
"2025-11-02 23:39:03",5136,4939,53686,-38.145352,-72.364268,15.1,80.8,-10.74,26.15,,-9.7
"2025-11-02 23:39:08",5087,4890,54026,0,,15.05,81.5,-10.36,26.05,,-9.7
"2025-11-02 23:39:09",5077,4880,54094,-38.145233,-72.363252,15.05,82.6,-10.26,26,,-9.7
"2025-11-02 23:39:10",5067,4870,54159,0,,15.45,81.4,-10.18,25.95,,-9.7
"2025-11-02 23:39:11",5058,4861,54226,0,,15.45,82.9,-10.1,25.9,,-9.6
"2025-11-02 23:39:12",5048,4851,54294,-38.145177,-72.362733,15.35,81.7,-10.08,25.85,,-9.6
"2025-11-02 23:39:14",5029,4832,54429,0,,15.65,81.6,-10,25.7,,-9.6
"2025-11-02 23:39:15",5019,4822,54498,-38.145115,-72.362208,15.65,83.1,-9.97,25.65,,-9.7
"2025-11-02 23:39:16",5009,4812,54568,0,,15.65,82.6,-9.93,25.6,,-9.7
"2025-11-02 23:39:17",5000,4803,54635,0,,15.85,83.1,-9.85,25.55,,-9.7
"2025-11-02 23:39:18",4990,4793,54702,-38.14506,-72.361675,16.1,81.8,-9.8,25.5,,-9.7
"2025-11-02 23:39:19",4980,4783,54771,0,,16.1,83.3,-9.73,25.45,,-9.7
"2025-11-02 23:39:20",4970,4773,54842,0,,15.95,83.6,-9.64,25.4,,-9.7
"2025-11-02 23:39:21",4960,4763,54914,-38.145008,-72.361133,15.65,83.7,-9.6,25.25,-5,-9.7
"2025-11-02 23:39:22",4951,4754,54978,0,,15.65,84.5,-9.55,25.1,,-9.7
"2025-11-02 23:39:23",4942,4745,55044,0,,15.4,84.2,-9.51,24.9,,-9.7
"2025-11-02 23:39:24",4932,4735,55110,-38.144967,-72.36061,14.9,84.1,-9.48,24.8,,-9.7
"2025-11-02 23:39:25",4923,4726,55176,0,,14.6,83.1,-9.46,24.65,,-9.7
"2025-11-02 23:39:26",4913,4716,55244,0,,14.65,84.5,-9.43,24.55,,-9.7
"2025-11-02 23:39:27",4904,4707,55312,-38.144927,-72.36012,13.85,85.3,-9.37,24.4,,-9.6
"2025-11-02 23:39:34",4837,4640,55786,0,,14,85.3,-8.99,23.9,,-9.5
"2025-11-02 23:39:35",4828,4631,55854,0,,13.85,84.9,-8.93,23.85,,-9.5
"2025-11-02 23:39:36",4818,4621,55922,-38.144818,-72.358693,14.3,84,-8.88,23.75,,-9.5
"2025-11-02 23:39:37",4809,4612,55990,0,,13.8,85.8,-8.82,23.7,,-9.5
"2025-11-02 23:39:38",4800,4603,56056,0,,13.85,86.3,-8.78,23.6,,-9.4
"2025-11-02 23:39:39",4790,4593,56122,-38.144792,-72.358222,13.5,85.7,-8.74,23.5,,-9.4
"2025-11-02 23:39:40",4781,4584,56190,0,,13.6,85.3,-8.7,23.4,,-9.4
"2025-11-02 23:39:41",4771,4574,56260,0,,13.6,86.9,-8.64,23.25,,-9.4
"2025-11-02 23:39:42",4761,4564,56330,-38.144767,-72.357757,13.6,86.6,-8.6,23.2,,-9.5
"2025-11-02 23:39:44",4743,4546,56464,0,,13.65,87.2,-8.46,23,,-9.5
"2025-11-02 23:39:45",4733,4536,56532,-38.14474,-72.35729,13.6,86.3,-8.41,22.9,,-9.5
"2025-11-02 23:39:49",4696,4499,56802,0,,13.75,85.5,-8.27,22.6,,-9.4
"2025-11-02 23:39:50",4687,4490,56870,0,,13.7,87.4,-8.22,22.55,,-9.4
"2025-11-02 23:39:51",4677,4480,56938,-38.144687,-72.35636,13.45,86.5,-8.15,22.5,,-9.4
"2025-11-02 23:39:52",4668,4471,57004,0,,13.65,88.5,-8.08,22.45,,-9.4
"2025-11-02 23:39:53",4659,4462,57071,0,,13.5,88,-8.01,22.45,,-9.4
"2025-11-02 23:39:54",4650,4453,57138,-38.144677,-72.3559,13.25,90.3,-7.93,22.4,,-9.3
"2025-11-02 23:39:55",4641,4444,57206,0,,13.3,90.3,-7.87,22.4,,-9.3
"2025-11-02 23:39:56",4631,4434,57274,0,,13.2,90.5,-7.78,22.35,,-9.3
"2025-11-02 23:39:57",4622,4425,57342,-38.144677,-72.355443,13.45,90.3,-7.72,22.35,,-9.3
"2025-11-02 23:39:58",4612,4415,57413,0,,13.4,91,-7.64,22.3,,-9.3
"2025-11-02 23:39:59",4602,4405,57485,0,,13.45,90.8,-7.57,22.3,,-9.4
"2025-11-02 23:40:00",4593,4396,57558,-38.144682,-72.354983,13.45,90.9,-7.51,22.3,,-9.4
"2025-11-02 23:40:01",4584,4387,57620,0,,13.5,92.2,-7.42,22.25,,-9.3
"2025-11-02 23:40:02",4576,4379,57682,0,,13.3,91.2,-7.37,22.25,,-9.3
"2025-11-02 23:40:03",4567,4370,57744,-38.14469,-72.354523,13.4,92.2,-7.32,22.25,,-9.2
"2025-11-02 23:40:04",4558,4361,57812,0,,13.2,92.7,-7.29,22.3,,-9.2
"2025-11-02 23:40:05",4549,4352,57881,0,,13.4,91.6,-7.25,22.3,,-9.2
"2025-11-02 23:40:06",4539,4342,57950,-38.144705,-72.354067,13.4,91.3,-7.19,22.35,,-9.2
"2025-11-02 23:40:08",4521,4324,58088,0,,13.2,92.2,-7.08,22.6,,-9.2
"2025-11-02 23:40:09",4512,4315,58156,-38.144718,-72.353615,13.1,92.8,-7.01,22.7,,-9.2
"2025-11-02 23:40:10",4502,4305,58224,0,,13.2,91.2,-6.94,22.85,,-9.1
"2025-11-02 23:40:11",4493,4296,58293,0,,13.35,92.3,-6.86,23,,-9.1
"2025-11-02 23:40:12",4484,4287,58362,-38.144728,-72.353162,13.15,91.3,-6.77,23.15,,-9
"2025-11-02 23:40:14",4466,4269,58492,0,,12.95,90.7,-6.62,23.45,,-9.1
"2025-11-02 23:40:15",4457,4260,58558,-38.144735,-72.352712,13,92.1,-6.52,23.55,-4.5,-9.1
"2025-11-02 23:40:16",4448,4251,58624,0,,13.3,90.7,-6.44,23.65,,-9.1
"2025-11-02 23:40:17",4439,4242,58692,0,,13,92.2,-6.38,23.75,,-9.1
"2025-11-02 23:40:18",4430,4233,58760,-38.144742,-72.352263,12.9,90,-6.29,23.85,,-9.1
"2025-11-02 23:40:25",4367,4170,59232,0,,12.9,86.8,-5.74,24.45,,-9
"2025-11-02 23:40:26",4358,4161,59300,0,,12.35,88.2,-5.67,24.5,,-9
"2025-11-02 23:40:27",4349,4152,59368,-38.144727,-72.350957,12.65,88.5,-5.61,24.55,,-9
"2025-11-02 23:40:28",4340,4143,59436,0,,12.4,88,-5.54,24.5,,-9
"2025-11-02 23:40:29",4331,4134,59503,0,,12.25,87.8,-5.49,24.4,,-9
"2025-11-02 23:40:30",4322,4125,59570,-38.14471,-72.350538,11.75,85.9,-5.48,24.2,,-9
"2025-11-02 23:40:31",4313,4116,59636,0,,11.75,86.1,-5.41,23.85,,-9
"2025-11-02 23:40:32",4304,4107,59705,0,,11.5,86.4,-5.36,23.45,,-9
"2025-11-02 23:40:33",4295,4098,59774,-38.144685,-72.350138,11.5,85,-5.32,23.1,,-9
"2025-11-02 23:40:37",4259,4062,60047,0,,11.35,82,-5.12,21.7,,-9
"2025-11-02 23:40:38",4250,4053,60115,0,,10.7,82.1,-5.09,21.45,,-9
"2025-11-02 23:40:39",4241,4044,60184,-38.144615,-72.349375,10.9,82.2,-5.04,21.2,,-9
"2025-11-02 23:40:44",4197,4000,60525,0,,10.55,78.3,-4.79,20.55,,-9
"2025-11-02 23:40:45",4188,3991,60594,-38.14452,-72.348652,10.4,80.8,-4.75,20.45,,-9
"2025-11-02 23:40:49",4151,3954,60872,0,,9.7,79.2,-4.6,20.35,,-9
"2025-11-02 23:40:50",4142,3945,60942,0,,9.85,78,-4.56,20.4,,-9
"2025-11-02 23:40:51",4133,3936,61012,-38.144422,-72.347978,9.5,79.4,-4.51,20.4,,-9
"2025-11-02 23:40:52",4124,3927,61078,0,,9.55,76.6,-4.47,20.45,,-9
"2025-11-02 23:40:53",4116,3919,61145,0,,9.7,77.2,-4.43,20.5,,-9
"2025-11-02 23:40:54",4107,3910,61212,-38.144362,-72.34766,9.65,75.9,-4.38,20.55,,-8.9
"2025-11-02 23:40:55",4098,3901,61285,0,,9.7,74.7,-4.35,20.6,,-9
"2025-11-02 23:40:56",4088,3891,61359,0,,9.65,76,-4.32,20.7,,-9
"2025-11-02 23:40:57",4078,3881,61434,-38.144295,-72.347345,9.2,74.8,-4.29,20.8,,-9.1
"2025-11-02 23:40:58",4069,3872,61504,0,,9.4,76,-4.23,20.9,,-9.1
"2025-11-02 23:40:59",4061,3864,61573,0,,9.25,75.7,-4.19,20.95,,-9.1
"2025-11-02 23:41:00",4052,3855,61642,-38.144232,-72.347032,9.35,74.8,-4.14,21.05,,-9.1
"2025-11-02 23:41:01",4043,3846,61710,0,,9.15,74,-4.09,21.15,,-9.1
"2025-11-02 23:41:02",4034,3837,61780,0,,8.95,74.3,-4.02,21.25,,-9
"2025-11-02 23:41:03",4025,3828,61850,-38.144163,-72.34674,9.1,73.9,-3.96,21.4,,-9
"2025-11-02 23:41:19",3878,3681,63000,0,,8.65,78.6,-2.86,24.15,,-9.2
"2025-11-02 23:41:20",3869,3672,63072,0,,8.65,79.4,-2.79,24.15,,-9.2
"2025-11-02 23:41:21",3860,3663,63144,-38.143822,-72.345002,8.9,75.5,-2.71,24.15,,-9.2
"2025-11-02 23:41:22",3850,3653,63220,0,,9,76.4,-2.71,24.1,,-9.2
"2025-11-02 23:41:23",3841,3644,63294,0,,8.85,75,-2.65,24.15,,-9.2
"2025-11-02 23:41:24",3832,3635,63368,-38.143757,-72.344703,8.85,75.9,-2.54,24.2,,-9.2
"2025-11-02 23:41:28",3793,3596,63674,0,,8.65,75.3,-2.24,24.45,,-9.3
"2025-11-02 23:41:29",3783,3586,63752,0,,9,73.3,-2.19,24.55,,-9.3
"2025-11-02 23:41:30",3773,3576,63830,-38.143627,-72.344127,8.55,75.4,-2.13,24.6,,-9.3
"2025-11-02 23:41:31",3764,3567,63904,0,,8.55,73.8,-2.09,24.65,,-9.5
"2025-11-02 23:41:32",3755,3558,63977,0,,8.3,75.2,-2.02,24.8,,-9.5
"2025-11-02 23:41:33",3746,3549,64050,-38.143563,-72.343855,8.2,74.2,-1.95,24.9,,-9.5
"2025-11-02 23:41:40",3679,3482,64587,0,,7.75,79.1,-1.51,25.75,,-9.5
"2025-11-02 23:41:41",3669,3472,64664,0,,7.95,77.6,-1.43,25.75,,-9.5
"2025-11-02 23:41:42",3660,3463,64742,-38.14341,-72.343037,7.95,80.2,-1.36,25.75,,-9.5
"2025-11-02 23:41:44",3641,3444,64894,0,,7.85,79.4,-1.23,25.55,,-9.5
"2025-11-02 23:41:45",3631,3434,64972,-38.143365,-72.342767,7.8,80.3,-1.17,25.4,,-9.5
"2025-11-02 23:41:46",3622,3425,65049,0,,7.85,79.9,-1.09,25.15,,-9.6
"2025-11-02 23:41:47",3612,3415,65126,0,,7.8,79.6,-1.02,25,,-9.6
"2025-11-02 23:41:48",3603,3406,65204,-38.143325,-72.342503,7.8,80.5,-0.96,24.8,,-9.6
"2025-11-02 23:41:49",3593,3396,65282,0,,7.4,81.2,-0.89,24.7,,-9.6
"2025-11-02 23:41:50",3583,3386,65362,0,,7.7,82.4,-0.86,24.5,,-9.6
"2025-11-02 23:41:51",3573,3376,65442,-38.143293,-72.342253,7.35,80.6,-0.8,24.4,,-9.6
"2025-11-02 23:41:55",3535,3338,65755,0,,7.2,83.5,-0.64,23.9,,-9.6
"2025-11-02 23:41:56",3525,3328,65833,0,,7.3,85,-0.63,23.85,,-9.6
"2025-11-02 23:41:57",3516,3319,65912,-38.14325,-72.341752,6.85,84.6,-0.6,23.8,,-9.6
"2025-11-02 23:41:58",3506,3309,65992,0,,7.2,84.8,-0.56,23.8,,-9.6
"2025-11-02 23:41:59",3497,3300,66070,0,,7.2,83,-0.51,23.75,,-9.6
"2025-11-02 23:42:00",3487,3290,66148,-38.143225,-72.341502,7.4,82.1,-0.45,23.75,,-9.6
"2025-11-02 23:42:04",3449,3252,66461,0,,7.25,79.7,-0.18,23.8,,-9.5
"2025-11-02 23:42:05",3440,3243,66539,0,,6.5,84.9,-0.09,23.8,,-9.5
"2025-11-02 23:42:06",3430,3233,66618,-38.143172,-72.341,7.75,79.2,-0.02,23.75,,-9.5
"2025-11-02 23:42:08",3411,3214,66775,0,,7.65,82,0.1,23.75,,-9.5
"2025-11-02 23:42:09",3401,3204,66856,-38.143133,-72.340737,7.4,80.6,0.17,23.75,,-9.6
"2025-11-02 23:42:10",3391,3194,66940,0,,7.2,82.2,0.26,23.75,,-9.6
"2025-11-02 23:42:11",3382,3185,67019,0,,7.35,81.1,0.34,23.7,,-9.6
"2025-11-02 23:42:12",3372,3175,67098,-38.143103,-72.340483,7.4,84.4,0.41,23.7,,-9.6
"2025-11-02 23:42:14",3352,3155,67263,0,,7.05,82.2,0.57,23.6,,-9.6
"2025-11-02 23:42:15",3342,3145,67348,-38.143072,-72.340237,7.1,82.8,0.63,23.55,,-9.7
"2025-11-02 23:42:16",3333,3136,67425,0,,7.25,83.5,0.68,23.55,,-9.7
"2025-11-02 23:42:17",3323,3126,67505,0,,6.85,85.2,0.73,23.55,,-9.7
"2025-11-02 23:42:18",3313,3116,67586,-38.143048,-72.339988,7.1,82.5,0.79,23.5,,-9.7
"2025-11-02 23:42:19",3304,3107,67668,0,,6.7,86,0.86,23.5,,-9.8
"2025-11-02 23:42:20",3294,3097,67752,0,,7.25,85.3,0.96,23.5,,-9.8
"2025-11-02 23:42:21",3284,3087,67836,-38.143027,-72.339755,6.75,85,1.01,23.45,,-9.8
"2025-11-02 23:42:22",3274,3077,67919,0,,7.15,84.8,1.08,23.5,,-9.8
"2025-11-02 23:42:23",3264,3067,67998,0,,6.75,88.9,1.14,23.45,,-9.8
"2025-11-02 23:42:24",3255,3058,68078,-38.14301,-72.33952,6.9,86.8,1.2,23.45,,-9.8
"2025-11-02 23:42:25",3245,3048,68159,0,,6.75,91.3,1.27,23.45,,-9.8
"2025-11-02 23:42:26",3235,3038,68242,0,,6.65,91.5,1.34,23.45,,-9.8
"2025-11-02 23:42:27",3225,3028,68326,-38.143008,-72.33929,6.8,91.5,1.42,23.45,,-9.8
"2025-11-02 23:42:28",3216,3019,68406,0,,6.35,93.1,1.47,23.45,,-9.7
"2025-11-02 23:42:29",3206,3009,68488,0,,6.3,89.7,1.52,23.4,,-9.7
"2025-11-02 23:42:30",3196,2999,68570,-38.14301,-72.339072,6.25,92.6,1.58,23.3,0.75,-9.8
"2025-11-02 23:42:31",3187,2990,68651,0,,6.2,91.2,1.63,23.15,,-9.7
"2025-11-02 23:42:32",3177,2980,68729,0,,6.2,92.9,1.71,22.95,,-9.6
"2025-11-02 23:42:33",3168,2971,68808,-38.143013,-72.338855,6.3,90.4,1.77,22.75,,-9.6
"2025-11-02 23:42:34",3159,2962,68888,0,,6.3,89.7,1.86,22.5,,-9.6
"2025-11-02 23:42:35",3149,2952,68971,0,,6,94.4,1.94,22.2,,-9.6
"2025-11-02 23:42:36",3139,2942,69054,-38.143017,-72.338633,6.35,87.3,2.03,21.95,,-9.6
"2025-11-02 23:42:37",3129,2932,69138,0,,5.85,89.8,2.13,21.65,,-9.6
"2025-11-02 23:42:38",3120,2923,69220,0,,6.05,91.4,2.21,21.4,,-9.6
"2025-11-02 23:42:39",3110,2913,69302,-38.143022,-72.338425,5.9,89.7,2.31,21.1,,-9.6
"2025-11-02 23:42:40",3100,2903,69387,0,,6,89.3,2.39,20.75,,-9.6
"2025-11-02 23:42:41",3090,2893,69474,0,,5.8,86.5,2.48,20.3,,-9.7
"2025-11-02 23:42:42",3080,2883,69562,-38.143013,-72.338225,5.9,88.3,2.58,19.85,,-9.7
"2025-11-02 23:42:44",3060,2863,69731,0,,5.6,89.4,2.71,18.85,,-9.8
"2025-11-02 23:42:45",3050,2853,69818,-38.143003,-72.338032,5.15,86.5,2.78,18.3,,-9.8
"2025-11-02 23:42:46",3040,2843,69902,0,,5.05,91.1,2.79,17.8,,-9.9
"2025-11-02 23:42:47",3030,2833,69985,0,,5,90.3,2.79,17.25,,-9.9
"2025-11-02 23:42:48",3021,2824,70068,-38.143005,-72.337853,5,91.9,2.86,16.85,,-9.9
"2025-11-02 23:42:49",3011,2814,70152,0,,5.15,93.7,2.94,16.35,,-9.8
"2025-11-02 23:42:50",3002,2805,70234,0,,5,96.4,3.01,15.9,,-9.8
"2025-11-02 23:42:51",2992,2795,70316,-38.14302,-72.337675,5,97.9,3.08,15.4,,-9.8
"2025-11-02 23:42:52",2982,2785,70400,0,,4.85,93.6,3.16,15.05,,-9.8
"2025-11-02 23:42:53",2972,2775,70486,0,,5.2,95.2,3.22,14.7,,-9.8
"2025-11-02 23:42:54",2962,2765,70572,-38.143027,-72.337503,5,94.1,3.27,14.3,,-9.8
"2025-11-02 23:42:55",2953,2756,70653,0,,5.15,96.6,3.34,14,,-9.8
"2025-11-02 23:42:56",2943,2746,70737,0,,4.85,97.8,3.39,13.7,,-9.8
"2025-11-02 23:42:57",2934,2737,70822,-38.143042,-72.33733,5,103.3,3.46,13.45,2,-9.7
"2025-11-02 23:42:58",2924,2727,70906,0,,5.1,99.5,3.51,13.25,,-9.7
"2025-11-02 23:42:59",2914,2717,70991,0,,5.1,105,3.55,13.15,,-9.7
"2025-11-02 23:43:00",2904,2707,71076,-38.143072,-72.337155,5.1,100.5,3.55,13.05,,-9.7
"2025-11-02 23:43:01",2895,2698,71159,0,,5,102.9,3.55,12.95,,-9.7
"2025-11-02 23:43:02",2886,2689,71238,0,,5,99.9,3.56,12.9,,-9.6
"2025-11-02 23:43:03",2877,2680,71318,-38.143095,-72.33699,4.8,100.5,3.59,12.85,,-9.6
"2025-11-02 23:43:04",2867,2670,71400,0,,5.15,100.6,3.62,12.8,,-9.6
"2025-11-02 23:43:05",2858,2661,71485,0,,4.85,101.7,3.65,12.75,,-9.6
"2025-11-02 23:43:06",2848,2651,71570,-38.143117,-72.336813,5.45,100.8,3.72,12.85,,-9.6
"2025-11-02 23:43:08",2830,2633,71732,0,,5.3,103.1,3.82,13.05,,-9.5
"2025-11-02 23:43:09",2820,2623,71814,-38.143148,-72.336637,5.05,104.1,3.9,13.2,,-9.4
"2025-11-02 23:43:10",2811,2614,71896,0,,5.45,105.1,3.96,13.35,,-9.4
"2025-11-02 23:43:11",2801,2604,71980,0,,5.05,107,4.05,13.5,,-9.4
"2025-11-02 23:43:12",2792,2595,72064,-38.143185,-72.336465,5.05,110,4.13,13.65,,-9.4
"2025-11-02 23:43:14",2774,2577,72218,0,,4.8,118,4.27,13.95,,-9.3
"2025-11-02 23:43:15",2766,2569,72296,-38.143237,-72.336308,5.25,117.8,4.34,14.05,,-9.3
"2025-11-02 23:43:19",2730,2533,72609,0,,5.1,100.8,4.5,14.55,,-9.1
"2025-11-02 23:43:20",2722,2525,72686,0,,5.15,105.3,4.55,14.7,,-9
"2025-11-02 23:43:21",2713,2516,72764,-38.143317,-72.335962,4.7,102.5,4.6,14.85,,-8.9
"2025-11-02 23:43:23",2696,2499,72918,0,,4.95,101.8,4.72,15.15,,-8.8
"2025-11-02 23:43:24",2687,2490,72996,-38.14334,-72.335793,4.75,101.5,4.79,15.2,3.5,-8.7
"2025-11-02 23:43:25",2678,2481,73070,0,,4.65,107.1,4.84,15.3,,-8.7
"2025-11-02 23:43:26",2670,2473,73146,0,,4.55,107.6,4.89,15.45,,-8.7
"2025-11-02 23:43:27",2662,2465,73222,-38.143373,-72.335628,4.95,107.8,4.92,15.6,,-8.7
"2025-11-02 23:43:28",2653,2456,73300,0,,4.65,106.6,4.93,15.9,,-8.7
"2025-11-02 23:43:29",2644,2447,73380,0,,5.1,96.5,4.87,16.25,,-8.7
"2025-11-02 23:43:30",2635,2438,73460,-38.143392,-72.335462,4.85,89.5,4.79,16.85,,-8.7
"2025-11-02 23:43:37",2574,2377,74009,0,,5.1,85.4,4.71,22.4,,-8.7
"2025-11-02 23:43:38",2565,2368,74087,0,,5.2,87,4.74,22.95,,-8.7
"2025-11-02 23:43:39",2557,2360,74166,-38.143362,-72.33493,5.15,87.2,4.79,23.4,,-8.7
"2025-11-02 23:46:54",979,782,89718,-38.134933,-72.329645,10.6,352.9,10.71,63.85,,-8.1
"2025-11-02 23:46:58",948,751,90057,0,,10.95,354.2,10.89,63.9,,-8.1
"2025-11-02 23:46:59",940,743,90141,0,,10.95,354,10.94,63.85,,-8.1
"2025-11-02 23:47:00",932,735,90226,-38.134337,-72.32972,11.35,355.5,11.01,63.8,11,-8.1
"2025-11-02 23:47:04",901,704,90561,0,,11.25,0.5,11.14,63.6,,-8.1
"2025-11-02 23:47:05",893,696,90644,0,,11,0.7,11.18,63.5,,-8.1
"2025-11-02 23:47:06",885,688,90728,-38.133735,-72.329733,11.3,0.3,11.22,63.45,,-7.8
"2025-11-02 23:47:08",870,673,90895,0,,11.4,2.8,11.3,63.25,,-7.8
"2025-11-02 23:47:09",862,665,90980,-38.133428,-72.32972,10.95,1.8,11.33,63.25,,-7.8
"2025-11-02 02:51:08",333,136,96836,0,,,,6.22,84.25,,
"2025-11-02 02:51:14",333,136,96836,0,,,,6.18,84.3,,
"2025-11-02 02:51:38",333,136,96836,0,,,,6.13,84.4,,0
"2025-11-02 02:51:44",333,136,96834,0,,,,6.14,84.65,,0
"2025-11-02 02:51:50",333,136,96834,0,,,,6.13,84.85,,0
"2025-11-02 02:51:56",332,135,96838,0,,,,6.14,84.95,,0
"2025-11-02 02:52:02",332,135,96838,0,,,,6.16,85.2,,0
"2025-11-02 02:52:08",333,136,96834,0,,,,6.19,85.4,,0
"2025-11-02 02:52:14",333,136,96834,0,,,,6.21,85.4,,0
"2025-11-02 02:52:20",332,135,96838,0,,,,6.23,85.35,,0
"2025-11-02 02:52:26",333,136,96836,0,,,,6.24,85.3,7,0
"2025-11-02 02:52:32",333,136,96836,0,,,,6.26,85.05,,0
"2025-11-02 02:52:38",332,135,96838,0,,,,6.26,84.95,,0
"2025-11-02 02:52:44",333,136,96834,0,,,,6.26,84.9,,0
"2025-11-02 02:52:50",333,136,96836,0,,,,6.24,84.85,,0
"2025-11-02 02:52:56",333,136,96836,0,,,,6.22,84.9,,0
"2025-11-02 02:53:02",333,136,96836,0,,,,6.2,85,,0
"2025-11-02 02:53:08",333,136,96836,0,,,,6.19,85.15,,0
"2025-11-02 02:53:14",333,136,96836,0,,,,6.18,85.3,,0
"2025-11-02 02:53:20",333,136,96836,0,,,,6.16,85.3,7.25,0
"2025-11-02 02:53:26",332,135,96840,0,,,,6.17,85.4,,0
"2025-11-02 02:53:32",332,135,96838,0,,,,6.18,85.55,,0
"2025-11-02 02:53:38",332,135,96842,0,,,,6.17,85.5,,0
"2025-11-02 02:53:44",332,135,96840,0,,,,6.17,85.55,,0
"2025-11-02 02:53:50",332,135,96838,0,,,,6.18,85.5,,0
"2025-11-02 02:53:56",332,135,96838,0,,,,6.18,85.4,,0
"2025-11-02 02:54:32",332,135,96838,0,,,,6.12,85.65,,0
"2025-11-02 02:54:38",333,136,96836,0,,,,6.12,85.7,,0
"2025-11-02 02:54:44",333,136,96836,0,,,,6.12,85.8,,0
"2025-11-02 02:54:56",332,135,96840,0,,,,6.04,85.85,,0
"2025-11-02 02:56:27",332,135,96840,0,,,,6.77,85.7,,0
"2025-11-02 02:56:33",332,135,96842,0,,,,6.8,85.4,,0
"2025-11-02 02:56:39",332,135,96842,0,,,,6.85,85.15,,0
"2025-11-02 02:56:45",332,135,96840,0,,,,7.06,85.5,,0
"2025-11-02 02:56:51",332,135,96840,0,,,,7.35,86,,0
"2025-11-02 02:56:57",332,135,96842,0,,,,7.65,86.55,7.75,0
"2025-11-02 02:57:03",332,135,96842,0,,,,9.24,89.25,,0
"2025-11-02 02:57:09",332,135,96846,0,,,,9.28,91.3,,0
"2025-11-02 02:57:15",332,135,96838,0,,,,8.88,87.45,,0
"2025-11-02 02:57:21",332,135,96844,0,,,,8.45,85.55,,0
"2025-11-02 02:57:27",332,135,96844,0,,,,8.04,84.35,,0
"2025-11-02 02:57:33",332,135,96846,0,,,,7.65,83.45,,0
"2025-11-02 02:57:39",332,135,96842,0,,,,7.5,82.7,,0
"2025-11-02 02:57:45",332,135,96842,0,,,,7.4,83.7,,0
"2025-11-02 02:57:51",332,135,96842,0,,,,7.39,84.25,8,0
"2025-11-02 02:57:57",332,135,96844,0,,,,7.23,83.6,,0
"2025-11-02 02:58:03",332,135,96840,0,,,,7.03,83.1,,0
"2025-11-02 02:58:09",332,135,96844,0,,,,6.86,83.7,,0
"2025-11-02 02:58:15",332,135,96842,0,,,,6.82,84.8,,0
"2025-11-02 02:58:21",332,135,96844,0,,,,6.78,85.85,,0
"2025-11-02 02:58:27",332,135,96842,0,,,,6.83,86.6,,0
"2025-11-02 02:58:33",332,135,96844,0,,,,6.93,87.35,,0
"2025-11-02 02:58:39",332,135,96842,0,,,,7,87.7,,0
"2025-11-02 02:58:45",332,135,96842,0,,,,6.92,87.65,8,0
"2025-11-02 02:58:51",332,135,96840,0,,,,6.8,87.35,,0
"2025-11-02 02:58:57",332,135,96842,0,,,,6.73,87.2,,0
"2025-11-02 02:59:03",332,135,96842,0,,,,6.64,87.15,,0
"2025-11-02 02:59:09",332,135,96846,0,,,,6.58,87.35,,0
"2025-11-02 02:59:15",332,135,96842,0,,,,6.55,87.35,,0
"2025-11-02 02:59:21",332,135,96840,0,,,,6.51,87.35,,0
"2025-11-02 02:59:27",332,135,96844,0,,,,6.49,86.8,,0
"2025-11-02 02:59:33",332,135,96842,0,,,,6.47,86.2,,0
"2025-11-02 02:59:39",332,135,96844,0,,,,6.47,86.05,7.75,0
"2025-11-02 02:59:45",332,135,96840,0,,,,6.43,86.25,,0
"2025-11-02 02:59:51",332,135,96842,0,,,,6.38,86.55,,0
"2025-11-02 02:59:57",332,135,96842,0,,,,6.47,86.85,,0
"2025-11-02 03:00:03",332,135,96844,0,,,,6.59,87.15,,0
"2025-11-02 03:00:09",332,135,96846,0,,,,6.63,87,,0
"2025-11-02 03:00:15",332,135,96840,0,,,,6.64,86.95,,0
"2025-11-02 03:00:21",332,135,96838,0,,,,6.64,87.05,,0.1
"2025-11-02 03:00:27",332,135,96844,0,,,,6.65,87.1,,0
"2025-11-02 03:00:33",332,135,96840,0,,,,6.73,86.8,7.75,0
"2025-11-02 03:00:39",332,135,96840,0,,,,6.8,86.8,,0
"2025-11-02 03:00:45",332,135,96840,0,,,,6.83,86.1,,0
"2025-11-02 03:00:51",332,135,96840,0,,,,6.81,85.9,,0
"2025-11-02 03:00:57",332,135,96838,0,,,,6.75,85.9,,0
"2025-11-02 03:01:03",332,135,96844,0,,,,6.7,86.05,,0
"2025-11-02 03:01:09",332,135,96842,0,,,,6.66,86.25,,0
"2025-11-02 03:01:15",333,136,96836,0,,,,6.73,86.55,,0.1
"2025-11-02 03:01:21",332,135,96844,0,,,,6.81,86.45,,0
"2025-11-02 03:01:27",332,135,96842,0,,,,6.9,86,7.75,0
"2025-11-02 03:01:33",332,135,96840,0,,,,7.02,85.75,,0
"2025-11-02 03:01:39",333,136,96834,0,,,,7.94,85.95,,0.1
"2025-11-02 03:01:45",334,137,96824,0,,,,8.75,84.35,,0.1
"2025-11-02 03:01:51",333,136,96826,0,,,,9.25,81.85,,0.1
"2025-11-02 03:01:57",334,137,96822,0,,,,9.49,79.75,,0
"2025-11-02 03:02:03",334,137,96820,0,,,,9.54,78.25,,0
"2025-11-02 03:02:09",333,136,96826,0,,,,9.55,77.3,,0
"2025-11-02 03:02:15",334,137,96822,0,,,,9.61,76.65,,0
"2025-11-02 03:02:21",334,137,96814,0,,,,9.76,76.4,8.75,0.1
