timestamp,msl,agl,pressure,latitude,longitude,speed,heading,temperature,relative_humidity,internal_temperature,rise_speed
"2025-11-02 00:05:38",147,1,98648,-38.278068,-72.704995,5.3,322.2,16.25,51.2,,0.1
"2025-11-02 00:05:41",148,2,98634,-38.277973,-72.705088,4.3,328.6,15.95,51.15,,0.2
"2025-11-02 00:05:43",154,8,98572,0,,4.55,8.5,15.9,51.35,,0.7
"2025-11-02 00:05:44",156,10,98542,-38.277895,-72.705113,2.55,48.7,15.97,51.6,,0.9
"2025-11-02 00:05:46",162,16,98482,0,,3.9,15.7,16.12,52,,1.2
"2025-11-02 00:05:47",164,18,98452,-38.277827,-72.705108,5.6,333.9,16.2,52.15,,1.4
"2025-11-02 00:05:49",169,23,98398,0,,3,347.6,16.39,52.3,,1.5
"2025-11-02 00:05:50",171,25,98372,-38.277725,-72.705113,1.6,29.4,16.47,52.25,,1.8
"2025-11-02 00:05:52",176,30,98314,0,,2.25,322.8,16.64,52.2,,2.1
"2025-11-02 00:05:53",179,33,98286,-38.277677,-72.705118,2.8,72.2,16.7,52.15,,2.1
"2025-11-02 00:05:55",184,38,98220,0,,3.05,49.4,16.77,51.95,,2.6
"2025-11-02 00:05:56",187,41,98188,-38.277577,-72.705095,2,323.2,16.78,51.85,,2.6
"2025-11-02 00:05:57",190,44,98150,0,,4.3,8.4,16.78,51.75,,2.6
"2025-11-02 00:05:58",194,48,98113,0,,2.85,10.8,16.79,51.65,,2.7
"2025-11-02 00:05:59",197,51,98076,-38.277488,-72.705097,4.15,354.3,16.78,51.55,20,2.7
"2025-11-02 00:06:00",200,54,98040,0,,3.7,357.3,16.76,51.45,,2.8
"2025-11-02 00:06:01",203,57,98005,0,,1.35,336.7,16.72,51.35,,2.9
"2025-11-02 00:06:02",206,60,97970,-38.277403,-72.705115,2.35,346.4,16.7,51.3,,2.9
"2025-11-02 00:06:03",210,64,97928,0,,2.25,337.9,16.67,51.3,,3
"2025-11-02 00:06:04",213,67,97887,0,,3.25,12.8,16.64,51.25,,3.1
"2025-11-02 00:06:05",217,71,97846,-38.277313,-72.705115,5.65,9,16.62,51.25,,3.2
"2025-11-02 00:06:06",225,79,97753,0,,3.9,21.2,16.59,51.25,,3.6
"2025-11-02 00:06:07",233,87,97660,0,,4.3,29.8,16.57,51.25,,4.1
"2025-11-02 00:06:08",241,95,97568,-38.277178,-72.705063,6.2,9.9,16.55,51.3,,4.5
"2025-11-02 00:06:09",247,101,97501,0,,8.6,7.1,16.51,51.3,,4.7
"2025-11-02 00:06:10",253,107,97435,0,,6.35,348.7,16.49,51.3,,4.9
"2025-11-02 00:06:11",259,113,97370,-38.276977,-72.705042,8.45,19.7,16.47,51.35,,5.1
"2025-11-02 00:06:12",263,117,97323,0,,8.55,0.6,16.46,51.45,,5.1
"2025-11-02 00:06:13",267,121,97275,0,,11.1,356.7,16.39,51.5,,5.2
"2025-11-02 00:06:14",271,125,97228,-38.276715,-72.705027,11.3,5,16.28,51.45,,5.2
"2025-11-02 00:06:15",274,128,97190,0,,12.65,352.1,16.13,51.3,,5.4
"2025-11-02 00:06:16",278,132,97153,0,,12,8.2,15.9,51.25,,5.4
"2025-11-02 00:06:17",281,135,97116,-38.276392,-72.705023,13.15,1.2,15.69,51.2,,5.3
"2025-11-02 00:06:18",283,137,97088,0,,10.35,5.4,15.51,51.2,,4.8
"2025-11-02 00:06:19",286,140,97061,0,,12.1,10.1,15.33,51.2,,4.4
"2025-11-02 00:06:20",288,142,97034,-38.276078,-72.704987,12,2.4,15.17,51.3,,3.9
"2025-11-02 00:06:21",290,144,97013,0,,10.75,7.4,15.04,51.45,,3.7
"2025-11-02 00:06:22",292,146,96992,0,,12.65,2.4,14.91,51.6,,3.4
"2025-11-02 00:06:23",294,148,96972,-38.27577,-72.704948,10.8,11.7,14.8,51.75,,3.1
"2025-11-02 00:06:25",298,152,96925,0,,11.05,10.1,14.6,52.15,,2.7
"2025-11-02 00:06:26",300,154,96902,-38.275468,-72.70489,11.35,10.9,14.5,52.35,20,2.5
"2025-11-02 00:06:27",301,155,96882,0,,11.6,3,14.44,52.55,,2.2
"2025-11-02 00:06:28",303,157,96864,0,,10.3,15.1,14.37,52.75,,2.1
"2025-11-02 00:06:29",305,159,96846,-38.275177,-72.704822,11.35,15.3,14.33,53,,2
"2025-11-02 00:06:30",306,160,96827,0,,9.8,15.7,14.29,53.25,,1.9
"2025-11-02 00:06:31",308,162,96807,0,,10.65,13,14.26,53.45,,1.9
"2025-11-02 00:06:32",310,164,96788,-38.274905,-72.704732,10.2,15.1,14.21,53.7,,1.8
"2025-11-02 00:06:33",311,165,96768,0,,10.2,19.7,14.19,53.8,,1.8
"2025-11-02 00:06:34",313,167,96749,0,,10.7,11.6,14.16,53.95,,1.8
"2025-11-02 00:06:35",315,169,96730,-38.274643,-72.704625,9.95,27.6,14.14,54.15,,1.8
"2025-11-02 00:06:36",317,171,96705,0,,10.95,9.9,14.11,54.3,,1.8
"2025-11-02 00:06:37",319,173,96680,0,,10,25.8,14.07,54.5,,1.8
"2025-11-02 00:06:38",321,175,96656,-38.274383,-72.704512,9.8,14.5,14.04,54.6,,1.8
"2025-11-02 00:06:40",326,180,96603,0,,10.95,17.8,14.01,54.8,,1.9
"2025-11-02 00:06:41",328,182,96578,-38.274118,-72.704417,9,15.6,13.99,54.9,,1.9
"2025-11-02 00:06:42",330,184,96551,0,,10.95,19.4,13.97,54.95,,2
"2025-11-02 00:06:43",333,187,96524,0,,10.25,12.1,13.96,55.05,,2.1
"2025-11-02 00:06:44",335,189,96498,-38.273855,-72.70432,9.55,19.2,13.93,55.15,,2.1
"2025-11-02 00:06:45",338,192,96467,0,,10.6,15.1,13.9,55.2,,2.2
"2025-11-02 00:06:46",341,195,96436,0,,9.25,21.6,13.88,55.35,,2.2
"2025-11-02 00:06:47",343,197,96406,-38.273593,-72.704218,11.25,13.6,13.86,55.45,,2.3
"2025-11-02 00:06:48",346,200,96376,0,,9.55,15.9,13.84,55.45,,2.4
"2025-11-02 00:06:49",348,202,96346,0,,9.95,19.4,13.82,55.55,,2.4
"2025-11-02 00:06:50",351,205,96316,-38.273328,-72.704132,9.85,9.8,13.8,55.6,,2.5
"2025-11-02 00:06:51",354,208,96287,0,,10.45,20.2,13.77,55.65,,2.5
"2025-11-02 00:06:52",356,210,96258,0,,11,9.2,13.75,55.7,,2.5
"2025-11-02 00:06:53",359,213,96230,-38.273055,-72.704042,9.95,22.3,13.72,55.75,19.5,2.5
"2025-11-02 00:06:55",364,218,96171,0,,9.85,15.2,13.69,55.9,,2.6
"2025-11-02 00:06:56",366,220,96142,-38.272778,-72.703938,11.9,18.5,13.67,55.95,,2.6
"2025-11-02 00:06:57",369,223,96109,0,,10.55,13,13.65,56,,2.6
"2025-11-02 00:06:58",372,226,96076,0,,10.25,23.4,13.63,56.05,,2.6
"2025-11-02 00:06:59",375,229,96044,-38.272497,-72.703822,12.15,18.5,13.62,56.1,,2.6
"2025-11-02 00:07:00",377,231,96021,0,,9.45,19.1,13.61,56.1,,2.6
"2025-11-02 00:07:01",379,233,95998,0,,11.65,17.4,13.61,56.15,,2.5
"2025-11-02 00:07:02",381,235,95976,-38.27222,-72.703707,10.35,17.9,13.62,56.15,,2.5
"2025-11-02 00:07:03",383,237,95951,0,,12.3,18.9,13.65,56.1,,2.5
"2025-11-02 00:07:04",385,239,95926,0,,10.4,15.7,13.68,56.1,,2.4
"2025-11-02 00:07:05",388,242,95902,-38.271933,-72.703587,11.25,20.8,13.69,56,,2.4
"2025-11-02 00:07:06",391,245,95864,0,,10.25,15.7,13.69,56,,2.5
"2025-11-02 00:07:07",394,248,95828,0,,11.45,17.6,13.68,55.95,,2.5
"2025-11-02 00:07:08",397,251,95792,-38.271648,-72.70348,10.65,14.9,13.68,55.95,,2.6
"2025-11-02 00:07:09",401,255,95751,0,,10.95,20.8,13.67,55.9,,2.7
"2025-11-02 00:07:10",405,259,95709,0,,10.95,13.5,13.66,55.85,,2.7
"2025-11-02 00:07:11",408,262,95668,-38.27136,-72.70337,11.1,16.8,13.65,55.8,,2.8
"2025-11-02 00:07:12",412,266,95627,0,,10.8,13.4,13.63,55.75,,2.8
"2025-11-02 00:07:13",415,269,95586,0,,11.05,20.8,13.61,55.75,,3
"2025-11-02 00:07:14",419,273,95546,-38.271072,-72.703262,11,12.4,13.58,55.7,,3.1
"2025-11-02 00:07:15",423,277,95502,0,,11.35,17.8,13.57,55.7,,3.3
"2025-11-02 00:07:16",427,281,95459,0,,10.75,21,13.56,55.65,,3.4
"2025-11-02 00:07:17",431,285,95416,-38.270787,-72.70314,11.45,17.9,13.55,55.65,,3.6
"2025-11-02 00:07:18",434,288,95376,0,,11.55,18.1,13.54,55.65,,3.6
"2025-11-02 00:07:19",438,292,95337,0,,10.9,18.1,13.53,55.7,,3.6
"2025-11-02 00:07:20",441,295,95298,-38.270495,-72.703012,11.65,22.8,13.53,55.65,19,3.6
"2025-11-02 00:07:21",445,299,95254,0,,11,17.4,13.51,55.65,,3.7
"2025-11-02 00:07:22",449,303,95210,0,,12.55,20.6,13.51,55.6,,3.7
"2025-11-02 00:07:23",453,307,95166,-38.270195,-72.702882,10.9,16,13.5,55.65,,3.7
"2025-11-02 00:07:24",456,310,95126,0,,11.3,18.8,13.48,55.65,,3.7
"2025-11-02 00:07:25",460,314,95087,0,,12.1,21.1,13.47,55.65,,3.7
"2025-11-02 00:07:26",463,317,95048,-38.2699,-72.702762,10.55,11.6,13.46,55.6,,3.7
"2025-11-02 00:07:27",466,320,95015,0,,10.6,11.6,13.45,55.55,,3.6
"2025-11-02 00:07:28",469,323,94983,0,,11.85,13.8,13.44,55.6,,3.5
"2025-11-02 00:07:29",472,326,94952,-38.269598,-72.70264,11.5,19.8,13.44,55.6,,3.4
"2025-11-02 00:07:30",475,329,94918,0,,11.45,20.2,13.43,55.6,,3.4
"2025-11-02 00:07:31",478,332,94885,0,,10.65,18.3,13.42,55.55,,3.4
"2025-11-02 00:07:32",481,335,94852,-38.269308,-72.702507,12.15,21.9,13.41,55.55,,3.3
"2025-11-02 00:07:33",484,338,94818,0,,10.65,14.6,13.4,55.6,,3.2
"2025-11-02 00:07:34",487,341,94785,0,,12.1,20.5,13.38,55.65,,3.1
"2025-11-02 00:07:35",490,344,94752,-38.269017,-72.702387,10.85,14.9,13.37,55.75,,3.1
"2025-11-02 00:07:36",493,347,94717,0,,11.5,21.9,13.34,55.85,,3
"2025-11-02 00:07:37",496,350,94682,0,,11.5,21.3,13.33,55.9,,3
"2025-11-02 00:07:38",499,353,94648,-38.268733,-72.702253,10,19,13.31,55.95,,3
"2025-11-02 00:07:40",505,359,94584,0,,11.05,14.9,13.25,56,,3
"2025-11-02 00:07:41",507,361,94552,-38.268453,-72.702135,11.05,20.5,13.21,56.05,,3
"2025-11-02 00:07:42",510,364,94525,0,,10.8,16.5,13.18,56.05,,2.9
"2025-11-02 00:07:43",512,366,94499,0,,10.6,20.8,13.15,56.1,,2.9
"2025-11-02 00:07:44",514,368,94474,-38.268177,-72.702008,11.3,22.7,13.11,56.1,,2.8
"2025-11-02 00:07:45",517,371,94447,0,,10.9,8.8,13.09,56.15,,2.8
"2025-11-02 00:07:46",519,373,94420,0,,10.9,24.3,13.07,56.2,,2.7
"2025-11-02 00:07:47",522,376,94394,-38.267902,-72.7019,10.3,14,13.04,56.25,18.5,2.7
"2025-11-02 00:07:48",524,378,94365,0,,10.5,16.4,13.02,56.3,,2.7
"2025-11-02 00:07:49",527,381,94337,0,,10.85,15.2,12.99,56.35,,2.6
"2025-11-02 00:07:50",529,383,94310,-38.267622,-72.701805,10.7,11.8,12.98,56.4,,2.6
"2025-11-02 00:07:51",532,386,94281,0,,10.6,19.4,12.96,56.5,,2.5
"2025-11-02 00:07:52",534,388,94252,0,,10.15,9,12.93,56.5,,2.5
"2025-11-02 00:07:53",537,391,94224,-38.267345,-72.701708,11.15,20.4,12.92,56.6,,2.4
"2025-11-02 00:07:55",542,396,94172,0,,11,21.2,12.87,56.75,,2.4
"2025-11-02 00:07:56",544,398,94146,-38.267078,-72.70161,10.1,11.3,12.85,56.8,,2.4
"2025-11-02 00:07:57",546,400,94120,0,,10.4,15.2,12.84,56.85,,2.4
"2025-11-02 00:07:58",548,402,94094,0,,10.15,17.3,12.83,56.85,,2.4
"2025-11-02 00:07:59",551,405,94068,-38.266815,-72.701518,9.7,16.6,12.82,56.9,,2.4
"2025-11-02 00:08:00",553,407,94041,0,,10.9,17.5,12.81,56.85,,2.4
"2025-11-02 00:08:01",555,409,94015,0,,9.95,27.7,12.78,56.85,,2.4
"2025-11-02 00:08:02",558,412,93990,-38.266553,-72.701398,10.95,14,12.76,56.9,,2.4
"2025-11-02 00:08:03",559,413,93972,0,,9.3,26.9,12.74,56.95,,2.3
"2025-11-02 00:08:04",561,415,93955,0,,12.05,17.4,12.73,56.95,,2.2
"2025-11-02 00:08:05",562,416,93938,-38.266293,-72.701272,9.65,22.5,12.74,56.95,,2.2
"2025-11-02 00:08:07",565,419,93911,0,,11.15,16.2,12.77,56.85,,2
"2025-11-02 00:08:08",566,420,93898,-38.266033,-72.701148,10.2,17.7,12.78,56.85,,1.9
"2025-11-02 00:08:10",568,422,93879,0,,9.85,17.8,12.79,56.8,,1.6
"2025-11-02 00:08:11",569,423,93870,-38.265758,-72.70103,12,23.7,12.79,56.8,,1.5
"2025-11-02 00:08:13",570,424,93856,0,,11.5,15.6,12.8,56.75,,1.2
"2025-11-02 00:08:14",570,424,93850,-38.265488,-72.70091,12.05,20.9,12.81,56.7,18,1
"2025-11-02 00:08:16",570,424,93850,0,,12.4,15.4,12.83,56.65,,0.8
"2025-11-02 00:08:17",570,424,93850,-38.265197,-72.700792,9.95,21.1,12.83,56.6,,0.7
"2025-11-02 00:08:19",572,426,93828,0,,9.8,26.8,12.83,56.55,,0.7
"2025-11-02 00:08:20",573,427,93818,-38.26492,-72.700665,10.65,18.4,12.84,56.5,,0.6
"2025-11-02 00:08:22",574,428,93807,0,,10.8,19.6,12.87,56.4,,0.5
"2025-11-02 00:08:23",575,429,93802,-38.264655,-72.70053,11.3,19.5,12.89,56.3,,0.5
"2025-11-02 00:08:24",575,429,93798,0,,9.95,15.9,12.93,56.2,,0.5
"2025-11-02 00:08:25",575,429,93794,0,,11.75,18.9,12.95,56.1,,0.5
"2025-11-02 00:08:26",576,430,93790,-38.264372,-72.700423,9.9,12,12.98,55.9,,0.5
"2025-11-02 00:08:27",576,430,93785,0,,11.8,20.1,13.01,55.75,,0.4
"2025-11-02 00:08:28",577,431,93780,0,,10.45,17.1,13.04,55.6,,0.5
"2025-11-02 00:08:29",577,431,93776,-38.264093,-72.700308,10.6,18.7,13.07,55.4,,0.6
"2025-11-02 00:08:30",578,432,93767,0,,10.7,21.7,13.09,55.25,,0.6
"2025-11-02 00:08:31",578,432,93759,0,,10.9,11.7,13.09,55.15,,0.5
"2025-11-02 00:08:32",579,433,93752,-38.263813,-72.700193,11.1,22.1,13.1,55.05,,0.5
"2025-11-02 00:08:33",580,434,93744,0,,11.55,11.4,13.12,54.95,,0.5
"2025-11-02 00:08:34",581,435,93737,0,,11.15,24.7,13.11,54.85,,0.5
"2025-11-02 00:08:35",581,435,93730,-38.263525,-72.700075,11,15.8,13.11,54.85,,0.5
"2025-11-02 00:08:36",582,436,93723,0,,10.05,11.1,13.1,54.85,,0.5
"2025-11-02 00:08:37",582,436,93716,0,,12.25,16.2,13.09,54.85,,0.6
"2025-11-02 00:08:38",583,437,93710,-38.263237,-72.699978,10.55,15.1,13.08,54.8,,0.6
"2025-11-02 00:08:39",584,438,93703,0,,11.8,17.2,13.08,54.75,,0.6
"2025-11-02 00:08:40",584,438,93696,0,,11.1,13.3,13.08,54.75,,0.6
"2025-11-02 00:08:41",585,439,93690,-38.262943,-72.699877,10.8,17.8,13.07,54.75,17.5,0.6
"2025-11-02 00:08:42",585,439,93691,0,,11.2,18.2,13.07,54.7,,0.6
"2025-11-02 00:08:43",585,439,93692,0,,11,10.8,13.04,54.75,,0.5
"2025-11-02 00:08:44",584,438,93694,-38.262653,-72.699773,11.35,17.8,13.04,54.75,,0.5
"2025-11-02 00:08:45",585,439,93690,0,,10.75,17.8,13.01,54.75,,0.4
"2025-11-02 00:08:46",585,439,93687,0,,11.9,12.1,12.98,54.85,,0.4
"2025-11-02 00:08:47",585,439,93684,-38.262363,-72.699667,10.65,18.2,12.94,54.95,,0.3
"2025-11-02 00:08:48",586,440,93680,0,,11.2,19.6,12.91,55.05,,0.3
"2025-11-02 00:08:49",586,440,93676,0,,9.7,17.6,12.86,55.2,,0.3
"2025-11-02 00:08:50",586,440,93672,-38.262088,-72.69955,11.55,18.5,12.83,55.35,,0.3
"2025-11-02 00:08:51",587,441,93670,0,,10.95,11.9,12.81,55.5,,0.2
"2025-11-02 00:08:52",587,441,93669,0,,11.45,18.5,12.78,55.6,,0.2
"2025-11-02 00:08:53",587,441,93668,-38.2618,-72.69944,10.8,18.5,12.74,55.75,,0.2
"2025-11-02 00:08:55",587,441,93664,0,,11.45,21,12.7,56.05,,0.2
"2025-11-02 00:08:56",587,441,93662,-38.261503,-72.69932,11.55,11.9,12.68,56.15,,0.2
"2025-11-02 00:08:57",588,442,93656,0,,10.65,23.3,12.66,56.25,,0.3
"2025-11-02 00:08:58",588,442,93650,0,,11.1,12,12.65,56.35,,0.3
"2025-11-02 00:08:59",589,443,93644,-38.261218,-72.699208,11.5,20.9,12.64,56.45,,0.3
"2025-11-02 00:09:00",590,444,93637,0,,10.85,18.8,12.63,56.55,,0.3
"2025-11-02 00:09:01",590,444,93630,0,,11.25,19.5,12.6,56.65,,0.3
"2025-11-02 00:09:02",591,445,93624,-38.260933,-72.699088,9.95,13,12.6,56.7,,0.4
"2025-11-02 00:09:03",592,446,93614,0,,12.1,21.2,12.59,56.75,,0.4
"2025-11-02 00:09:04",592,446,93605,0,,10.2,14.4,12.6,56.75,,0.5
"2025-11-02 00:09:05",593,447,93596,-38.260642,-72.698978,11.85,16.4,12.63,56.8,,0.5
"2025-11-02 00:09:06",594,448,93582,0,,10.45,17.3,12.63,56.8,,0.6
"2025-11-02 00:09:07",596,450,93569,0,,10.8,14.7,12.64,56.75,,0.7
"2025-11-02 00:09:08",597,451,93556,-38.260355,-72.69887,11.65,18.6,12.65,56.65,17.25,0.8
"2025-11-02 00:09:10",600,454,93525,0,,10.85,18.6,12.69,56.4,,0.9
"2025-11-02 00:09:11",601,455,93510,-38.260073,-72.69879,10.95,8.6,12.71,56.2,,1
"2025-11-02 00:09:12",602,456,93503,0,,12.15,15.2,12.74,56.05,,1
"2025-11-02 00:09:13",602,456,93496,0,,11,15.4,12.77,55.85,,1
"2025-11-02 00:09:14",603,457,93490,-38.259773,-72.698695,11.15,12.9,12.78,55.7,,1
"2025-11-02 00:09:15",604,458,93480,0,,11.85,21.3,12.78,55.55,,1
"2025-11-02 00:09:16",604,458,93471,0,,11.2,14,12.8,55.45,,1
"2025-11-02 00:09:17",605,459,93462,-38.259475,-72.698573,11.9,21.8,12.8,55.4,,1
"2025-11-02 00:09:18",606,460,93454,0,,10.9,16.2,12.79,55.35,,1
"2025-11-02 00:09:19",607,461,93447,0,,11.45,16.9,12.79,55.35,,0.9
"2025-11-02 00:09:20",607,461,93440,-38.25918,-72.698457,11.95,16.1,12.78,55.4,,0.9
"2025-11-02 00:09:21",608,462,93430,0,,11.45,13.6,12.77,55.45,,0.9
"2025-11-02 00:09:22",609,463,93420,0,,11.05,20.2,12.77,55.5,,0.9
"2025-11-02 00:09:23",610,464,93410,-38.258883,-72.698348,11.35,14.5,12.76,55.5,,0.8
"2025-11-02 00:09:25",612,466,93389,0,,10.7,10.6,12.77,55.45,,0.8
"2025-11-02 00:09:26",613,467,93380,-38.258578,-72.698243,12.8,18.7,12.77,55.4,,0.8
"2025-11-02 00:09:27",614,468,93369,0,,11,10.3,12.77,55.3,,0.8
"2025-11-02 00:09:28",615,469,93358,0,,11.65,15.9,12.78,55.2,,0.8
"2025-11-02 00:09:29",616,470,93348,-38.25827,-72.698142,12.2,14.1,12.79,55.05,,0.9
"2025-11-02 00:09:30",617,471,93335,0,,10.5,16.4,12.8,54.95,,0.9
"2025-11-02 00:09:31",618,472,93323,0,,12.75,12.4,12.8,54.85,,0.9
"2025-11-02 00:09:32",619,473,93312,-38.257967,-72.698047,10.65,12.4,12.8,54.8,,1
"2025-11-02 00:09:33",620,474,93298,0,,11.9,13,12.81,54.7,,1
"2025-11-02 00:09:34",621,475,93285,0,,11.9,13,12.81,54.65,,1
"2025-11-02 00:09:35",623,477,93272,-38.257662,-72.697963,12.2,16.3,12.8,54.6,17,1
"2025-11-02 00:09:36",624,478,93258,0,,12.05,10.3,12.8,54.55,,1.1
"2025-11-02 00:09:37",625,479,93245,0,,12.05,10.3,12.81,54.55,,1.1
"2025-11-02 00:09:38",626,480,93232,-38.257345,-72.697868,12.45,9.1,12.8,54.5,,1.1
"2025-11-02 00:09:39",627,481,93219,0,,11,14.3,12.8,54.45,,1.1
"2025-11-02 00:09:40",628,482,93207,0,,12.8,9.8,12.8,54.45,,1.1
"2025-11-02 00:09:41",629,483,93196,-38.25703,-72.697787,11.25,12.4,12.8,54.45,,1.1
"2025-11-02 00:09:42",631,485,93177,0,,12.7,14.5,12.8,54.4,,1.2
"2025-11-02 00:09:43",633,487,93158,0,,10.8,8.6,12.8,54.35,,1.2
"2025-11-02 00:09:44",634,488,93140,-38.256717,-72.6977,12.6,14.7,12.79,54.35,,1.3
"2025-11-02 00:09:45",636,490,93124,0,,11.4,10.7,12.79,54.35,,1.3
"2025-11-02 00:09:46",637,491,93108,0,,11.3,15.4,12.79,54.35,,1.3
"2025-11-02 00:09:47",639,493,93092,-38.256408,-72.697617,11.6,7,12.79,54.35,,1.4
"2025-11-02 00:09:48",640,494,93076,0,,10.75,16.6,12.8,54.35,,1.4
"2025-11-02 00:09:49",642,496,93061,0,,11.9,4.8,12.8,54.35,,1.4
"2025-11-02 00:09:50",643,497,93046,-38.256108,-72.697548,10.8,12.5,12.8,54.35,,1.4
"2025-11-02 00:09:51",645,499,93027,0,,11.75,5.4,12.81,54.3,,1.4
"2025-11-02 00:09:52",646,500,93009,0,,11.05,7.4,12.82,54.3,,1.5
"2025-11-02 00:09:53",648,502,92992,-38.255802,-72.697493,11.9,12.6,12.83,54.35,,1.5
"2025-11-02 00:09:55",651,505,92956,0,,11.65,13,12.83,54.35,,1.5
"2025-11-02 00:09:56",653,507,92938,-38.255507,-72.697433,10.65,5.9,12.85,54.35,,1.5
"2025-11-02 00:09:57",654,508,92920,0,,10.35,7.7,12.88,54.3,,1.5
"2025-11-02 00:09:58",656,510,92902,0,,11.55,3.7,12.91,54.25,,1.6
"2025-11-02 00:09:59",658,512,92884,-38.255217,-72.697402,9.8,2.5,12.93,54.2,,1.6
"2025-11-02 00:10:00",659,513,92867,0,,11.05,8.1,12.96,54.15,,1.6
"2025-11-02 00:10:01",661,515,92850,0,,9.65,2.1,12.97,54.1,,1.6
"2025-11-02 00:10:02",662,516,92834,-38.254937,-72.69737,11.35,8.1,13,54.05,16.75,1.6
"2025-11-02 00:10:03",664,518,92815,0,,9.75,358.6,13.02,54,,1.6
"2025-11-02 00:10:04",666,520,92796,0,,10.35,5,13.06,53.9,,1.6
"2025-11-02 00:10:05",667,521,92778,-38.254657,-72.697352,10.7,2.6,13.08,53.85,,1.6
"2025-11-02 00:10:06",669,523,92762,0,,9.3,7.9,13.09,53.75,,1.6
"2025-11-02 00:10:07",670,524,92746,0,,10.85,0.6,13.11,53.7,,1.6
"2025-11-02 00:10:08",672,526,92730,-38.254387,-72.697328,9.3,4,13.13,53.65,,1.6
"2025-11-02 00:10:10",675,529,92694,0,,8.95,358.7,13.16,53.55,,1.6
"2025-11-02 00:10:11",677,531,92676,-38.254118,-72.697307,10.75,6.1,13.18,53.45,,1.6
"2025-11-02 00:10:12",678,532,92659,0,,9.75,359.5,13.19,53.35,,1.6
"2025-11-02 00:10:13",680,534,92642,0,,9.7,6.8,13.21,53.3,,1.6
"2025-11-02 00:10:14",681,535,92626,-38.253848,-72.697292,10.25,357,13.21,53.25,,1.6
"2025-11-02 00:10:15",683,537,92610,0,,9.9,9.4,13.21,53.2,,1.6
"2025-11-02 00:10:16",684,538,92594,0,,10.45,358,13.21,53.15,,1.5
"2025-11-02 00:10:17",686,540,92578,-38.25358,-72.697272,9.3,7.7,13.21,53.1,,1.5
"2025-11-02 00:10:18",687,541,92560,0,,10.6,1.9,13.21,53.05,,1.5
"2025-11-02 00:10:19",689,543,92543,0,,8.75,1.5,13.22,53.05,,1.5
"2025-11-02 00:10:20",690,544,92526,-38.253313,-72.697253,10.55,4,13.22,52.95,,1.5
"2025-11-02 00:10:21",692,546,92508,0,,9.4,358.3,13.24,52.9,,1.6
"2025-11-02 00:10:22",694,548,92490,0,,9.95,7.8,13.22,52.85,,1.5
"2025-11-02 00:10:23",695,549,92472,-38.25305,-72.697245,9.35,353.7,13.22,52.8,,1.5
"2025-11-02 00:10:24",697,551,92453,0,,9.65,5.8,13.22,52.75,,1.6
"2025-11-02 00:10:25",698,552,92435,0,,10.25,353.5,13.24,52.7,,1.6
"2025-11-02 00:10:26",700,554,92418,-38.252785,-72.697248,9.35,3.6,13.24,52.6,,1.6
"2025-11-02 00:10:27",702,556,92397,0,,10.15,0.4,13.24,52.55,,1.6
"2025-11-02 00:10:28",704,558,92376,0,,8.25,1.3,13.22,52.5,,1.7
"2025-11-02 00:10:29",706,560,92356,-38.252537,-72.697242,9.2,1.4,13.22,52.45,16.5,1.7
"2025-11-02 00:10:30",708,562,92335,0,,8.15,352.7,13.21,52.35,,1.7
"2025-11-02 00:10:31",709,563,92315,0,,9.7,4.6,13.21,52.3,,1.7
"2025-11-02 00:10:32",711,565,92296,-38.252297,-72.697245,8.65,354.8,13.21,52.3,,1.7
"2025-11-02 00:10:33",713,567,92278,0,,8.65,3.8,13.21,52.3,,1.7
"2025-11-02 00:10:34",715,569,92260,0,,10.25,352.8,13.18,52.3,,1.7
"2025-11-02 00:10:35",716,570,92242,-38.252043,-72.697257,8.75,3.2,13.17,52.25,,1.7
"2025-11-02 00:10:37",720,574,92204,0,,8.25,352.2,13.15,52.2,,1.8
"2025-11-02 00:10:38",721,575,92186,-38.251803,-72.697273,10,357.5,13.13,52.2,,1.8
"2025-11-02 00:10:40",724,578,92151,0,,9.55,2,13.11,52.15,,1.7
"2025-11-02 00:10:41",726,580,92134,-38.251563,-72.697292,8.5,351.2,13.1,52.15,,1.7
"2025-11-02 00:10:43",730,584,92096,0,,8.4,350.8,13.08,52.15,,1.7
"2025-11-02 00:10:44",731,585,92078,-38.251332,-72.69731,8.85,359.4,13.07,52.15,,1.7
"2025-11-02 00:10:46",735,589,92039,0,,7.9,1.3,13.04,52.15,,1.7
"2025-11-02 00:10:47",737,591,92020,-38.251095,-72.697328,9.8,352.4,13.03,52.1,,1.7
"2025-11-02 00:10:49",740,594,91982,0,,8.45,357.5,13.02,52.1,,1.7
"2025-11-02 00:10:50",742,596,91964,-38.250875,-72.697345,8.05,350.1,13.02,52.1,,1.7
"2025-11-02 00:10:52",745,599,91929,0,,9.2,349.7,13.01,52.05,,1.7
"2025-11-02 00:10:53",746,600,91912,-38.250653,-72.69737,7.4,1,13.01,52,,1.7
"2025-11-02 00:10:56",751,605,91858,-38.25043,-72.6974,8.65,354.8,13,51.95,16.5,1.7
"2025-11-02 00:10:57",753,607,91839,0,,8.95,350,13,51.9,,1.7
"2025-11-02 00:10:58",755,609,91822,0,,7.45,359,12.99,51.85,,1.6
"2025-11-02 00:10:59",756,610,91806,-38.250203,-72.697433,9.55,348.5,12.99,51.85,,1.6
"2025-11-02 00:11:00",758,612,91789,0,,7.7,359.5,12.98,51.85,,1.6
"2025-11-02 00:11:01",759,613,91772,0,,8.4,352.8,12.98,51.8,,1.6
"2025-11-02 00:11:02",761,615,91756,-38.24998,-72.69746,8.55,353.9,12.98,51.75,,1.6
"2025-11-02 00:11:03",762,616,91739,0,,6.95,352.1,12.97,51.75,,1.6
"2025-11-02 00:11:04",764,618,91722,0,,9.25,352,12.97,51.75,,1.6
"2025-11-02 00:11:05",765,619,91706,-38.249768,-72.697495,7.25,353.4,12.96,51.7,,1.6
"2025-11-02 00:11:06",767,621,91692,0,,8.25,349.9,12.95,51.75,,1.6
"2025-11-02 00:11:07",768,622,91678,0,,7.6,354,12.94,51.7,,1.5
"2025-11-02 00:11:08",769,623,91664,-38.249563,-72.697537,7.25,348.9,12.93,51.65,,1.5
"2025-11-02 00:11:09",771,625,91647,0,,8.5,356.1,12.92,51.65,,1.5
"2025-11-02 00:11:10",772,626,91630,0,,7.25,342.8,12.91,51.65,,1.5
"2025-11-02 00:11:11",774,628,91614,-38.249355,-72.697577,8.35,356.2,12.89,51.65,,1.5
"2025-11-02 00:11:12",775,629,91596,0,,7.45,351.8,12.88,51.65,,1.5
"2025-11-02 00:11:13",777,631,91579,0,,8.4,346.5,12.88,51.65,,1.5
"2025-11-02 00:11:14",779,633,91562,-38.249143,-72.697615,7.75,0.3,12.87,51.65,,1.5
"2025-11-02 00:11:15",780,634,91548,0,,8.25,340.5,12.87,51.65,,1.5
"2025-11-02 00:11:16",781,635,91534,0,,8.2,359.7,12.85,51.65,,1.5
"2025-11-02 00:11:17",783,637,91520,-38.24893,-72.69766,7.65,346.6,12.84,51.65,,1.4
"2025-11-02 00:11:18",784,638,91502,0,,8.55,350,12.84,51.65,,1.4
"2025-11-02 00:11:19",786,640,91485,0,,6.65,354.5,12.83,51.65,,1.5
"2025-11-02 00:11:20",787,641,91468,-38.248723,-72.697708,8.45,345.5,12.83,51.65,,1.5
"2025-11-02 00:11:21",789,643,91453,0,,6.55,351.3,12.82,51.65,,1.5
"2025-11-02 00:11:22",790,644,91439,0,,7.95,347,12.81,51.65,,1.5
"2025-11-02 00:11:23",791,645,91426,-38.248525,-72.697757,7.95,356,12.8,51.65,16.25,1.5
"2025-11-02 00:11:24",792,646,91412,0,,7.5,340.8,12.8,51.6,,1.4
"2025-11-02 00:11:25",794,648,91399,0,,8.3,351.5,12.8,51.6,,1.4
"2025-11-02 00:11:26",795,649,91386,-38.248323,-72.697813,7.1,340.5,12.78,51.55,,1.4
"2025-11-02 00:11:27",796,650,91373,0,,8.35,353.7,12.77,51.55,,1.3
"2025-11-02 00:11:28",797,651,91360,0,,7.05,348.7,12.76,51.6,,1.3
"2025-11-02 00:11:29",798,652,91348,-38.248118,-72.697867,8.6,345.4,12.76,51.6,,1.3
"2025-11-02 00:11:30",800,654,91335,0,,6.5,354.3,12.73,51.6,,1.3
"2025-11-02 00:11:31",801,655,91322,0,,8.95,346.4,12.72,51.65,,1.3
"2025-11-02 00:11:32",802,656,91310,-38.247915,-72.697912,6.85,352.6,12.71,51.65,,1.2
"2025-11-02 00:11:33",803,657,91297,0,,7.95,344.6,12.7,51.65,,1.2
"2025-11-02 00:11:34",804,658,91284,0,,7.4,358.5,12.7,51.65,,1.2
"2025-11-02 00:11:35",805,659,91272,-38.247715,-72.697958,7.7,340.3,12.69,51.65,,1.2
"2025-11-02 00:11:36",806,660,91260,0,,8.2,357.6,12.67,51.7,,1.2
"2025-11-02 00:11:37",808,662,91249,0,,7.35,338,12.67,51.7,,1.2
"2025-11-02 00:11:38",809,663,91238,-38.247508,-72.698012,8.35,354,12.67,51.65,,1.1
"2025-11-02 00:11:41",812,666,91204,-38.247307,-72.698057,6.75,350.1,12.65,51.65,,1.1
"2025-11-02 00:11:42",813,667,91191,0,,9,345.4,12.64,51.7,,1.1
"2025-11-02 00:11:43",814,668,91179,0,,6.6,351.7,12.63,51.7,,1.1
"2025-11-02 00:11:44",815,669,91168,-38.247098,-72.69811,8.75,346.9,12.63,51.7,,1.1
"2025-11-02 00:11:45",816,670,91154,0,,7.2,355.9,12.6,51.75,,1.1
"2025-11-02 00:11:46",818,672,91141,0,,7.95,340.2,12.59,51.75,,1.1
"2025-11-02 00:11:47",819,673,91128,-38.246893,-72.698153,7.7,0.4,12.58,51.75,,1.1
"2025-11-02 00:11:48",820,674,91115,0,,7.95,338.2,12.57,51.75,,1.1
"2025-11-02 00:11:49",821,675,91102,0,,7.95,353.3,12.56,51.75,,1.1
"2025-11-02 00:11:50",822,676,91090,-38.246688,-72.698208,7,345.5,12.55,51.8,16.25,1.1
"2025-11-02 00:11:51",823,677,91078,0,,9.1,351.8,12.55,51.8,,1.1
"2025-11-02 00:11:52",824,678,91066,0,,6.8,343.6,12.54,51.85,,1.1
"2025-11-02 00:11:53",826,680,91054,-38.246475,-72.69826,9,351,12.52,51.85,,1.2
"2025-11-02 00:11:55",828,682,91028,0,,8.8,345.7,12.51,51.85,,1.2
"2025-11-02 00:11:56",829,683,91016,-38.246268,-72.69831,7.1,351.1,12.5,51.9,,1.2
"2025-11-02 00:11:57",830,684,91005,0,,8.25,339.6,12.5,51.85,,1.2
"2025-11-02 00:11:58",831,685,90994,0,,7.4,358.8,12.49,51.9,,1.1
"2025-11-02 00:11:59",832,686,90984,-38.246062,-72.698368,8.65,340,12.48,51.9,,1.1
"2025-11-02 00:12:00",833,687,90969,0,,7.8,349.7,12.48,51.95,,1.1
"2025-11-02 00:12:01",835,689,90954,0,,7.55,338.1,12.47,51.95,,1.1
"2025-11-02 00:12:02",836,690,90940,-38.245853,-72.698443,8.1,347.8,12.47,51.95,,1.2
"2025-11-02 00:12:03",837,691,90925,0,,6.7,345.6,12.45,51.95,,1.2
"2025-11-02 00:12:04",839,693,90910,0,,8.85,347.2,12.45,52,,1.2
"2025-11-02 00:12:05",840,694,90896,-38.245648,-72.698503,7.75,346.4,12.44,52,,1.2
"2025-11-02 00:12:06",842,696,90879,0,,7.95,340.2,12.43,52,,1.2
"2025-11-02 00:12:07",843,697,90862,0,,7.75,355.1,12.42,52,,1.2
"2025-11-02 00:12:08",845,699,90846,-38.245443,-72.698573,8,335.1,12.41,52,,1.3
"2025-11-02 00:12:09",846,700,90834,0,,8.25,355.5,12.4,52.05,,1.3
"2025-11-02 00:12:10",847,701,90822,0,,7.9,343,12.39,52.05,,1.3
"2025-11-02 00:12:11",848,702,90810,-38.245233,-72.698638,8.45,345.5,12.38,52.05,,1.3
"2025-11-02 00:12:12",849,703,90797,0,,6.75,346.9,12.38,52.05,,1.3
"2025-11-02 00:12:13",850,704,90784,0,,9.15,342.8,12.38,52.05,,1.3
"2025-11-02 00:12:14",851,705,90772,-38.245028,-72.698707,6.55,347.3,12.37,52.1,,1.3
"2025-11-02 00:12:15",853,707,90759,0,,9.3,345,12.36,52.15,,1.3
"2025-11-02 00:12:16",854,708,90746,0,,7,347.6,12.35,52.15,,1.3
"2025-11-02 00:12:17",855,709,90734,-38.24482,-72.698773,8.45,343.4,12.34,52.15,16,1.2
"2025-11-02 00:12:18",856,710,90720,0,,8.15,349.4,12.33,52.15,,1.2
"2025-11-02 00:12:19",858,712,90706,0,,7.7,339.8,12.32,52.2,,1.2
"2025-11-02 00:12:20",859,713,90692,-38.244602,-72.698843,9.35,349.6,12.3,52.2,,1.2
"2025-11-02 00:12:21",860,714,90679,0,,7.15,336.7,12.28,52.25,,1.2
"2025-11-02 00:12:22",861,715,90666,0,,9,349.2,12.27,52.25,,1.2
"2025-11-02 00:12:23",862,716,90654,-38.24439,-72.698915,7.65,342.3,12.26,52.25,,1.2
"2025-11-02 00:12:24",864,718,90641,0,,8.2,339.7,12.26,52.25,,1.2
"2025-11-02 00:12:25",865,719,90628,0,,7,353,12.25,52.3,,1.2
"2025-11-02 00:12:26",866,720,90616,-38.24419,-72.69899,8.5,335.7,12.25,52.3,,1.2
"2025-11-02 00:12:27",867,721,90603,0,,7.05,354.6,12.23,52.35,,1.2
"2025-11-02 00:12:28",868,722,90590,0,,8.25,339.7,12.21,52.35,,1.2
"2025-11-02 00:12:29",870,724,90578,-38.243987,-72.699057,7.9,350.7,12.2,52.4,,1.2
"2025-11-02 00:12:30",870,724,90568,0,,7.05,339.8,12.19,52.4,,1.2
"2025-11-02 00:12:31",871,725,90558,0,,8.45,353.2,12.18,52.45,,1.2
"2025-11-02 00:12:32",872,726,90548,-38.243788,-72.699122,6.95,336.5,12.15,52.5,,1.1
"2025-11-02 00:12:33",873,727,90537,0,,8.1,349.1,12.14,52.55,,1.1
"2025-11-02 00:12:34",874,728,90526,0,,6.3,342.8,12.13,52.6,,1.1
"2025-11-02 00:12:35",875,729,90516,-38.243595,-72.699188,8.65,346.5,12.12,52.6,,1.1
"2025-11-02 00:12:36",876,730,90506,0,,6.35,341.4,12.11,52.6,,1
"2025-11-02 00:12:37",877,731,90497,0,,8.7,342.5,12.1,52.65,,1
"2025-11-02 00:12:38",878,732,90488,-38.243398,-72.69926,7.15,346.9,12.09,52.7,,1
"2025-11-02 00:12:40",880,734,90469,0,,8.25,350.2,12.07,52.8,,1
"2025-11-02 00:12:41",880,734,90460,-38.243202,-72.699342,7.4,332.7,12.06,52.8,,0.9
"2025-11-02 00:12:42",882,736,90448,0,,7.85,351.2,12.05,52.8,,0.9
"2025-11-02 00:12:43",883,737,90437,0,,7.45,343.1,12.04,52.85,,0.9
"2025-11-02 00:12:44",884,738,90426,-38.243,-72.699412,8.3,345.6,12.04,52.85,16,0.9
"2025-11-02 00:12:45",885,739,90410,0,,6.85,347.4,12.03,52.85,,1
"2025-11-02 00:12:46",887,741,90395,0,,8.9,344,12.02,52.85,,1
"2025-11-02 00:12:47",888,742,90380,-38.242795,-72.699475,7.1,348.2,12,52.9,,1.1
"2025-11-02 00:12:48",889,743,90366,0,,8.75,336.4,11.99,52.95,,1.1
"2025-11-02 00:12:49",891,745,90352,0,,7.35,352.3,11.98,53,,1.1
"2025-11-02 00:12:50",892,746,90338,-38.242592,-72.699552,7.55,338.8,11.97,53,,1.2
"2025-11-02 00:12:51",893,747,90328,0,,8.8,350.2,11.96,53,,1.1
"2025-11-02 00:12:52",894,748,90319,0,,6.8,344.1,11.94,53.05,,1.2
"2025-11-02 00:12:53",894,748,90310,-38.242382,-72.699617,9,348.1,11.93,53.05,,1.2
"2025-11-02 00:12:55",896,750,90288,0,,9.15,343,11.91,53.15,,1.1
"2025-11-02 00:12:56",897,751,90278,-38.242168,-72.69967,7.2,352.9,11.9,53.15,,1.1
"2025-11-02 00:12:57",898,752,90267,0,,7.95,341,11.9,53.15,,1.1
"2025-11-02 00:12:58",899,753,90257,0,,8.8,350.8,11.89,53.2,,1.1
"2025-11-02 00:12:59",900,754,90248,-38.241958,-72.69974,7.5,336.6,11.88,53.2,,1
"2025-11-02 00:13:00",901,755,90239,0,,9.4,352.7,11.88,53.2,,1
"2025-11-02 00:13:01",902,756,90230,0,,8.1,341.8,11.86,53.2,,0.9
"2025-11-02 00:13:02",903,757,90222,-38.241737,-72.699813,8.85,345,11.85,53.25,,0.9
"2025-11-02 00:13:03",903,757,90215,0,,7.75,350.8,11.85,53.25,,0.9
"2025-11-02 00:13:04",904,758,90207,0,,8.9,338.3,11.85,53.25,,0.9
"2025-11-02 00:13:05",905,759,90200,-38.241518,-72.69988,7.85,355.1,11.85,53.25,,0.9
"2025-11-02 00:13:07",906,760,90181,0,,8.75,353.2,11.83,53.25,,0.8
"2025-11-02 00:13:08",907,761,90172,-38.241295,-72.699947,8.1,343.1,11.82,53.25,,0.8
"2025-11-02 00:13:10",909,763,90154,0,,7.35,341.8,11.8,53.3,,0.8
"2025-11-02 00:13:11",910,764,90146,-38.241073,-72.700022,9.25,346,11.8,53.35,15.75,0.8
"2025-11-02 00:13:13",911,765,90131,0,,8.65,338.7,11.79,53.4,,0.8
"2025-11-02 00:13:14",912,766,90124,-38.240858,-72.70009,8.2,354.6,11.78,53.45,,0.8
"2025-11-02 00:13:16",913,767,90111,0,,8.9,349.8,11.77,53.45,,0.7
"2025-11-02 00:13:17",913,767,90106,-38.240637,-72.700162,7.55,340.2,11.77,53.5,,0.7
"2025-11-02 00:13:19",915,769,90091,0,,6.9,347.6,11.76,53.55,,0.7
"2025-11-02 00:13:20",915,769,90084,-38.24042,-72.700237,9.6,344.3,11.75,53.6,,0.7
"2025-11-02 00:13:22",917,771,90064,0,,8.75,343.9,11.75,53.6,,0.7
"2025-11-02 00:13:23",918,772,90054,-38.2402,-72.700305,8.6,349.5,11.74,53.6,,0.7
"2025-11-02 00:13:25",920,774,90037,0,,9.55,349.7,11.71,53.65,,0.7
"2025-11-02 00:13:26",921,775,90030,-38.239982,-72.700377,7.3,340,11.7,53.65,,0.7
"2025-11-02 00:13:27",921,775,90020,0,,9.35,348.6,11.7,53.6,,0.7
"2025-11-02 00:13:28",922,776,90011,0,,8.3,346.6,11.69,53.65,,0.8
"2025-11-02 00:13:29",923,777,90002,-38.239755,-72.700453,8.65,340.9,11.69,53.65,,0.8
"2025-11-02 00:13:30",924,778,89994,0,,8.2,352.6,11.68,53.65,,0.8
"2025-11-02 00:13:31",925,779,89986,0,,8.75,335.1,11.67,53.7,,0.8
"2025-11-02 00:13:32",925,779,89978,-38.239538,-72.700527,8.2,353.9,11.67,53.7,,0.8
"2025-11-02 00:13:33",926,780,89968,0,,8.8,337.7,11.65,53.65,,0.8
"2025-11-02 00:13:34",927,781,89958,0,,8.6,351.7,11.64,53.65,,0.8
"2025-11-02 00:13:35",928,782,89948,-38.239313,-72.7006,8.05,340.5,11.63,53.7,,0.8
"2025-11-02 00:13:36",929,783,89939,0,,9.6,348.1,11.62,53.75,,0.8
"2025-11-02 00:13:37",930,784,89931,0,,7.75,346.9,11.62,53.75,,0.8
"2025-11-02 00:13:38",930,784,89924,-38.239077,-72.700673,10.25,344,11.61,53.8,15.5,0.8
"2025-11-02 00:13:39",931,785,89912,0,,7.85,346.2,11.6,53.75,,0.8
"2025-11-02 00:13:40",933,787,89901,0,,9.05,340.7,11.59,53.8,,0.9
"2025-11-02 00:13:41",934,788,89890,-38.238845,-72.70075,8.85,352.7,11.59,53.8,,0.9
"2025-11-02 00:13:42",935,789,89879,0,,9.3,338.7,11.56,53.8,,0.9
"2025-11-02 00:13:43",936,790,89868,0,,9.3,347.8,11.56,53.8,,0.9
"2025-11-02 00:13:44",937,791,89858,-38.23861,-72.700833,7.95,341.8,11.55,53.85,,0.9
"2025-11-02 00:13:45",938,792,89847,0,,10,344.9,11.55,53.9,,0.9
"2025-11-02 00:13:46",939,793,89836,0,,8,344.3,11.54,53.9,,0.9
"2025-11-02 00:13:47",940,794,89826,-38.238378,-72.700915,9.4,344.9,11.53,53.9,,0.9
"2025-11-02 00:13:48",941,795,89814,0,,,,11.52,53.9,,1
"2025-11-02 00:13:49",942,796,89803,0,,,,11.51,53.9,,1
"2025-11-02 00:13:50",943,797,89792,0,,,,11.51,53.95,,1
"2025-11-02 00:13:51",944,798,89782,0,,8.75,339.7,11.5,54,,1
"2025-11-02 00:13:52",945,799,89773,0,,9.2,352.3,11.5,54,,1
"2025-11-02 00:13:53",945,799,89764,-38.237907,-72.701058,8.35,339.6,11.5,54.05,,1
"2025-11-02 00:13:55",947,801,89746,0,,7.95,339.6,11.49,54.05,,1
"2025-11-02 00:13:56",948,802,89738,-38.237675,-72.701138,9.5,348.1,11.48,54.1,,0.9
"2025-11-02 00:13:57",949,803,89726,0,,8.15,346.7,11.47,54.15,,0.9
"2025-11-02 00:13:58",950,804,89715,0,,9.85,342.5,11.47,54.2,,1
"2025-11-02 00:13:59",951,805,89704,-38.237443,-72.701215,7.4,348,11.47,54.25,,1
"2025-11-02 00:14:00",952,806,89693,0,,9.95,343,11.46,54.25,,0.9
"2025-11-02 00:14:01",953,807,89683,0,,8.35,345.5,11.45,54.25,,0.9
"2025-11-02 00:14:02",954,808,89674,-38.237215,-72.7013,8.95,339.7,11.44,54.3,,0.9
"2025-11-02 00:14:03",955,809,89659,0,,8.4,349,11.43,54.4,,1
"2025-11-02 00:14:04",957,811,89643,0,,8.1,340.8,11.41,54.4,,1
"2025-11-02 00:14:05",958,812,89628,-38.236988,-72.701382,9.6,345.1,11.41,54.45,15.25,1
"2025-11-02 00:14:06",959,813,89616,0,,7.9,340.6,11.4,54.45,,1.1
"2025-11-02 00:14:07",960,814,89605,0,,9.8,347.4,11.39,54.45,,1.1
"2025-11-02 00:14:08",961,815,89594,-38.236758,-72.701462,8.3,341.9,11.38,54.5,,1.1
"2025-11-02 00:14:10",964,818,89568,0,,8.75,349.2,11.36,54.55,,1.1
"2025-11-02 00:14:11",965,819,89556,-38.236537,-72.701545,8.2,335,11.35,54.55,,1.1
"2025-11-02 00:14:12",966,820,89542,0,,9.5,351.3,11.33,54.6,,1.2
"2025-11-02 00:14:13",967,821,89529,0,,8.55,338,11.32,54.6,,1.2
"2025-11-02 00:14:14",969,823,89516,-38.236308,-72.70163,8.8,346,11.32,54.65,,1.2
"2025-11-02 00:14:15",970,824,89504,0,,8.7,347.7,11.32,54.6,,1.2
"2025-11-02 00:14:16",971,825,89492,0,,8.1,336.3,11.31,54.65,,1.2
"2025-11-02 00:14:17",972,826,89480,-38.236082,-72.701708,9.65,351,11.31,54.7,,1.2
"2025-11-02 00:14:18",973,827,89467,0,,7.9,333.8,11.29,54.8,,1.2
"2025-11-02 00:14:19",974,828,89455,0,,9,348.1,11.26,54.85,,1.2
"2025-11-02 00:14:20",975,829,89444,-38.235858,-72.701793,8.45,342.2,11.26,54.95,,1.2
"2025-11-02 00:14:21",977,831,89428,0,,9,338.5,11.25,55,,1.2
"2025-11-02 00:14:22",978,832,89413,0,,8.4,349,11.24,55.05,,1.2
"2025-11-02 00:14:23",980,834,89398,-38.235632,-72.701887,9.35,333.5,11.23,55.15,,1.2
"2025-11-02 00:14:24",981,835,89385,0,,8.35,350.2,11.22,55.2,,1.2
"2025-11-02 00:14:25",982,836,89372,0,,9.05,339.8,11.21,55.25,,1.2
"2025-11-02 00:14:26",983,837,89360,-38.2354,-72.701977,9.35,344.4,11.2,55.3,,1.2
"2025-11-02 00:14:27",985,839,89345,0,,7.6,340.1,11.2,55.4,,1.2
"2025-11-02 00:14:28",986,840,89331,0,,10.2,343.6,11.18,55.4,,1.2
"2025-11-02 00:14:29",987,841,89318,-38.235173,-72.702065,8.2,341.1,11.17,55.45,,1.3
"2025-11-02 00:14:30",988,842,89304,0,,9.55,339.1,11.16,55.45,,1.3
"2025-11-02 00:14:31",990,844,89290,0,,8.65,345.5,11.15,55.5,,1.3
"2025-11-02 00:14:32",991,845,89276,-38.234948,-72.702165,8.45,335.9,11.14,55.55,15,1.3
"2025-11-02 00:14:33",992,846,89262,0,,9.65,348.6,11.12,55.55,,1.3
"2025-11-02 00:14:34",994,848,89249,0,,8.4,333.2,11.11,55.6,,1.3
"2025-11-02 00:14:35",995,849,89236,-38.234718,-72.702263,9.45,346.9,11.1,55.65,,1.3
"2025-11-02 00:14:36",996,850,89221,0,,8.65,340.9,11.09,55.7,,1.3
"2025-11-02 00:14:37",998,852,89207,0,,9.45,337.9,11.08,55.75,,1.3
"2025-11-02 00:14:38",999,853,89194,-38.23449,-72.702357,7.9,347.2,11.07,55.75,,1.3
"2025-11-02 00:14:39",1000,854,89179,0,,9.95,337.8,11.06,55.8,,1.3
"2025-11-02 00:14:40",1002,856,89164,0,,8.65,345.2,11.05,55.8,,1.3
"2025-11-02 00:14:41",1003,857,89150,-38.23426,-72.702458,9.05,333.7,11.04,55.85,,1.3
"2025-11-02 00:14:42",1004,858,89136,0,,8.7,348.4,11.04,55.85,,1.3
"2025-11-02 00:14:43",1005,859,89123,0,,8.7,336.7,11.03,55.85,,1.3
"2025-11-02 00:14:44",1007,861,89110,-38.23403,-72.702552,9.6,347.7,11.03,55.9,,1.3
"2025-11-02 00:14:45",1008,862,89095,0,,8.3,334.1,11.02,55.95,,1.3
"2025-11-02 00:14:46",1010,864,89080,0,,9.45,347.1,11.01,55.95,,1.3
"2025-11-02 00:14:47",1011,865,89066,-38.233803,-72.702645,8.05,339.3,11,55.95,,1.3
"2025-11-02 00:14:48",1012,866,89052,0,,9.85,344.2,10.99,55.9,,1.3
"2025-11-02 00:14:49",1014,868,89038,0,,7.9,339.1,10.99,55.9,,1.3
"2025-11-02 00:14:50",1015,869,89024,-38.233578,-72.702743,9.4,340.9,10.97,55.95,,1.3
"2025-11-02 00:14:51",1016,870,89009,0,,7.95,344.7,10.95,56,,1.3
"2025-11-02 00:14:52",1017,871,88995,0,,9.5,337.1,10.93,56,,1.3
"2025-11-02 00:14:53",1019,873,88982,-38.233355,-72.702835,7.95,347.8,10.92,56,,1.3
"2025-11-02 00:14:55",1022,876,88948,0,,8.9,347.4,10.91,56,,1.4
"2025-11-02 00:14:56",1023,877,88932,-38.233128,-72.702932,8.55,333.2,10.9,56.05,,1.4
"2025-11-02 00:14:57",1025,879,88916,0,,9.3,345.2,10.89,56.1,,1.4
"2025-11-02 00:14:58",1026,880,88901,0,,7.75,337.1,10.88,56.1,,1.4
"2025-11-02 00:14:59",1028,882,88886,-38.232905,-72.70303,9.8,344.9,10.87,56.15,15,1.4
"2025-11-02 00:15:00",1029,883,88870,0,,7.85,339.4,10.86,56.2,,1.4
"2025-11-02 00:15:01",1031,885,88855,0,,9.1,339.7,10.86,56.2,,1.4
"2025-11-02 00:15:02",1032,886,88840,-38.232685,-72.70312,7.9,348.2,10.84,56.2,,1.4
"2025-11-02 00:15:03",1034,888,88824,0,,9.55,335.6,10.84,56.2,,1.4
"2025-11-02 00:15:04",1035,889,88809,0,,8.65,347.6,10.82,56.25,,1.5
"2025-11-02 00:15:05",1036,890,88794,-38.23246,-72.703215,8.8,336.4,10.81,56.25,,1.5
"2025-11-02 00:15:06",1038,892,88780,0,,9.45,347.2,10.8,56.25,,1.5
"2025-11-02 00:15:07",1039,893,88766,0,,8.55,335.7,10.79,56.3,,1.4
"2025-11-02 00:15:08",1040,894,88752,-38.232227,-72.703315,9.5,343.9,10.78,56.3,,1.4
"2025-11-02 00:15:10",1043,897,88722,0,,9.6,340.1,10.75,56.35,,1.4
"2025-11-02 00:15:11",1045,899,88708,-38.232007,-72.703405,7.7,345.6,10.73,56.4,,1.4
"2025-11-02 00:15:12",1046,900,88694,0,,9.05,337.3,10.72,56.4,,1.4
"2025-11-02 00:15:13",1047,901,88681,0,,8.15,347.8,10.72,56.4,,1.4
"2025-11-02 00:15:14",1048,902,88668,-38.23179,-72.703497,8.85,336.2,10.71,56.4,,1.4
"2025-11-02 00:15:15",1050,904,88654,0,,8.8,345.6,10.7,56.45,,1.3
"2025-11-02 00:15:16",1051,905,88641,0,,7.9,335.8,10.69,56.5,,1.3
"2025-11-02 00:15:17",1052,906,88628,-38.23157,-72.703595,9.55,342.6,10.69,56.5,,1.3
"2025-11-02 00:15:18",1053,907,88613,0,,7.25,339.6,10.66,56.5,,1.3
"2025-11-02 00:15:19",1055,909,88599,0,,8.95,338.7,10.66,56.5,,1.3
"2025-11-02 00:15:20",1056,910,88586,-38.23136,-72.703683,7.3,347.7,10.65,56.55,,1.3
"2025-11-02 00:15:21",1057,911,88571,0,,8.7,336.5,10.65,56.5,,1.3
"2025-11-02 00:15:22",1059,913,88556,0,,8.25,348.6,10.64,56.55,,1.3
"2025-11-02 00:15:23",1060,914,88542,-38.23115,-72.703775,8.35,333.8,10.63,56.55,,1.3
"2025-11-02 00:15:25",1063,917,88515,0,,7.8,335,10.62,56.5,,1.3
"2025-11-02 00:15:26",1064,918,88502,-38.230933,-72.70387,9.05,346.3,10.62,56.55,14.75,1.3
"2025-11-02 00:15:27",1065,919,88489,0,,7.45,336.6,10.61,56.55,,1.3
"2025-11-02 00:15:28",1066,920,88476,0,,9.05,341.1,10.6,56.6,,1.3
"2025-11-02 00:15:29",1068,922,88464,-38.230725,-72.703962,6.8,341.7,10.59,56.6,,1.3
"2025-11-02 00:15:30",1069,923,88449,0,,9.25,340.6,10.59,56.65,,1.3
"2025-11-02 00:15:31",1070,924,88435,0,,7.25,342.4,10.58,56.65,,1.3
"2025-11-02 00:15:32",1072,926,88422,-38.230517,-72.704053,8.8,338.3,10.57,56.7,,1.3
"2025-11-02 00:15:33",1073,927,88410,0,,7.75,348.4,10.56,56.7,,1.3
"2025-11-02 00:15:34",1074,928,88399,0,,8.95,335.9,10.55,56.7,,1.2
"2025-11-02 00:15:35",1075,929,88388,-38.230302,-72.704143,8,345.9,10.55,56.75,,1.2
"2025-11-02 00:15:37",1078,932,88360,0,,8.65,347.8,10.52,56.8,,1.2
"2025-11-02 00:15:38",1079,933,88346,-38.230098,-72.704235,7.4,332.7,10.51,56.85,,1.2
"2025-11-02 00:15:40",1081,935,88321,0,,7.05,340.4,10.51,56.85,,1.2
"2025-11-02 00:15:41",1082,936,88310,-38.229893,-72.704327,9.1,337.6,10.5,56.9,,1.2
"2025-11-02 00:15:43",1085,939,88280,0,,9.1,337.5,10.49,56.9,,1.2
"2025-11-02 00:15:44",1086,940,88266,-38.229695,-72.704422,7.2,340.6,10.49,56.95,,1.2
"2025-11-02 00:15:46",1089,943,88235,0,,8,347.2,10.47,56.95,,1.3
"2025-11-02 00:15:47",1091,945,88220,-38.229497,-72.704518,7.9,330.6,10.47,56.95,,1.3
"2025-11-02 00:15:49",1093,947,88198,0,,7.3,333.3,10.45,57,,1.3
"2025-11-02 00:15:50",1094,948,88188,-38.229298,-72.70462,8.9,343.3,10.44,57,,1.3
"2025-11-02 00:15:52",1096,950,88165,0,,8.75,336.7,10.43,57,,1.2
"2025-11-02 00:15:53",1097,951,88154,-38.2291,-72.704717,6.75,340.4,10.43,56.95,14.5,1.2
"2025-11-02 00:15:56",1101,955,88112,-38.228912,-72.704812,7.45,329,10.41,56.9,,1.2
"2025-11-02 00:15:57",1102,956,88098,0,,7.75,347,10.4,56.8,,1.2
"2025-11-02 00:15:58",1104,958,88085,0,,7.25,334.1,10.4,56.8,,1.2
"2025-11-02 00:15:59",1105,959,88072,-38.22872,-72.704907,8.25,338.7,10.38,56.8,,1.2
"2025-11-02 00:16:00",1106,960,88059,0,,6.2,338.2,10.38,56.8,,1.2
"2025-11-02 00:16:01",1107,961,88047,0,,8.8,337.3,10.36,56.8,,1.2
"2025-11-02 00:16:02",1108,962,88036,-38.228535,-72.705,6.35,338,10.36,56.8,,1.2
"2025-11-02 00:16:03",1110,964,88021,0,,8.2,337.5,10.35,56.85,,1.2
"2025-11-02 00:16:04",1111,965,88007,0,,7,341.4,10.34,56.8,,1.2
"2025-11-02 00:16:05",1112,966,87994,-38.22835,-72.7051,7.8,330.1,10.33,56.8,,1.3
"2025-11-02 00:16:06",1113,967,87981,0,,7.1,344,10.33,56.8,,1.3
"2025-11-02 00:16:07",1115,969,87968,0,,6.95,331.6,10.31,56.75,,1.2
"2025-11-02 00:16:08",1116,970,87956,-38.228165,-72.705197,8.05,343.9,10.31,56.75,,1.2
"2025-11-02 00:16:09",1117,971,87943,0,,6.55,330.5,10.29,56.75,,1.2
"2025-11-02 00:16:10",1118,972,87930,0,,8,337.4,10.29,56.7,,1.2
"2025-11-02 00:16:11",1119,973,87918,-38.227988,-72.705293,6.2,334.3,10.28,56.65,,1.2
"2025-11-02 00:16:12",1121,975,87906,0,,7.65,336.7,10.28,56.65,,1.2
"2025-11-02 00:16:13",1122,976,87894,0,,6.45,344.8,10.27,56.6,,1.2
"2025-11-02 00:16:14",1123,977,87882,-38.22781,-72.705382,7.75,332.2,10.26,56.6,,1.2
"2025-11-02 00:16:15",1124,978,87868,0,,7.25,343.9,10.25,56.55,,1.2
"2025-11-02 00:16:16",1125,979,87855,0,,6.75,329.5,10.25,56.55,,1.2
"2025-11-02 00:16:17",1127,981,87842,-38.227625,-72.70548,8.05,341.3,10.23,56.55,,1.2
"2025-11-02 00:16:18",1128,982,87828,0,,6.4,328.7,10.22,56.55,,1.2
"2025-11-02 00:16:19",1129,983,87815,0,,7.55,339.3,10.22,56.55,,1.2
"2025-11-02 00:16:20",1130,984,87802,-38.22745,-72.705582,6.4,333.6,10.2,56.55,14.25,1.2
"2025-11-02 00:16:21",1132,986,87790,0,,8.05,337.4,10.2,56.55,,1.2
"2025-11-02 00:16:22",1133,987,87779,0,,6.05,337.8,10.19,56.5,,1.2
"2025-11-02 00:16:23",1134,988,87768,-38.227275,-72.705678,8,335,10.19,56.5,,1.2
"2025-11-02 00:16:24",1135,989,87754,0,,6.1,340.7,10.18,56.45,,1.2
"2025-11-02 00:16:25",1136,990,87741,0,,7.9,332.8,10.17,56.45,,1.2
"2025-11-02 00:16:26",1138,992,87728,-38.227098,-72.70577,6.5,340.4,10.17,56.4,,1.2
"2025-11-02 00:16:27",1139,993,87713,0,,7.3,328.4,10.16,56.4,,1.2
"2025-11-02 00:16:28",1140,994,87699,0,,6.85,346.9,10.16,56.35,,1.2
"2025-11-02 00:16:29",1142,996,87686,-38.226923,-72.705867,7.35,328.3,10.15,56.35,,1.2
"2025-11-02 00:16:30",1143,997,87674,0,,6.9,341.2,10.14,56.35,,1.2
"2025-11-02 00:16:31",1144,998,87662,0,,6.2,330.5,10.13,56.35,,1.2
"2025-11-02 00:16:32",1145,999,87650,-38.226753,-72.705962,7.7,343.4,10.13,56.3,,1.2
"2025-11-02 00:16:33",1146,1000,87635,0,,6.2,331.2,10.12,56.25,,1.2
"2025-11-02 00:16:34",1148,1002,87621,0,,7.75,338.1,10.12,56.2,,1.2
"2025-11-02 00:16:35",1149,1003,87608,-38.226582,-72.706048,5.95,340,10.11,56.2,,1.3
"2025-11-02 00:16:36",1150,1004,87595,0,,8,332.3,10.08,56.2,,1.3
"2025-11-02 00:16:37",1151,1005,87582,0,,5.85,342.9,10.07,56.15,,1.3
"2025-11-02 00:16:38",1153,1007,87570,-38.226412,-72.706142,7.55,332.8,10.06,56.15,,1.3
"2025-11-02 00:16:40",1155,1009,87541,0,,6.45,327.6,10.05,56.15,,1.3
"2025-11-02 00:16:41",1157,1011,87528,-38.22624,-72.70624,7.65,342.4,10.04,56.15,,1.3
"2025-11-02 00:16:42",1158,1012,87514,0,,5.6,331.8,10.03,56.15,,1.3
"2025-11-02 00:16:43",1159,1013,87501,0,,7.7,342.4,10.03,56.15,,1.3
"2025-11-02 00:16:44",1160,1014,87488,-38.226072,-72.706328,6.2,332,10.01,56.15,,1.3
"2025-11-02 00:16:45",1162,1016,87475,0,,7.6,336.3,10.01,56.2,,1.3
"2025-11-02 00:16:46",1163,1017,87463,0,,6.95,341.6,10,56.2,,1.3
"2025-11-02 00:16:47",1164,1018,87452,-38.225902,-72.706425,6.55,328.7,9.99,56.2,14,1.2
"2025-11-02 00:16:48",1165,1019,87441,0,,7.65,347.8,9.98,56.2,,1.2
"2025-11-02 00:16:49",1166,1020,87429,0,,6.45,327.9,9.97,56.15,,1.2
"2025-11-02 00:16:50",1167,1021,87418,-38.22573,-72.706513,7.05,342.1,9.97,56.15,,1.2
"2025-11-02 00:16:51",1168,1022,87407,0,,6.95,340,9.96,56.1,,1.2
"2025-11-02 00:16:52",1169,1023,87396,0,,6.4,329.5,9.95,56.1,,1.2
"2025-11-02 00:16:53",1170,1024,87386,-38.225558,-72.706595,7,349.4,9.93,56.05,,1.1
"2025-11-02 00:16:55",1173,1027,87360,0,,7.3,342,9.91,56.1,,1.1
"2025-11-02 00:16:56",1174,1028,87348,-38.225385,-72.706678,6.25,339,9.91,56.15,,1.1
"2025-11-02 00:16:57",1175,1029,87334,0,,7.65,330.7,9.89,56.1,,1.1
"2025-11-02 00:16:58",1176,1030,87322,0,,5.95,339.3,9.89,56.15,,1.1
"2025-11-02 00:16:59",1177,1031,87310,-38.225218,-72.706775,7.1,333.1,9.88,56.15,,1.1
"2025-11-02 00:17:00",1178,1032,87300,0,,6.65,347.4,9.87,56.2,,1.1
"2025-11-02 00:17:01",1179,1033,87290,0,,6.8,326.9,9.86,56.2,,1.1
"2025-11-02 00:17:02",1180,1034,87280,-38.225052,-72.706865,7,345.6,9.85,56.2,,1.1
"2025-11-02 00:17:03",1181,1035,87268,0,,6.35,332.1,9.85,56.15,,1.1
"2025-11-02 00:17:04",1183,1037,87256,0,,6.9,334.7,9.84,56.2,,1.1
"2025-11-02 00:17:05",1184,1038,87244,-38.224892,-72.706955,5.75,339.5,9.83,56.2,,1.1
"2025-11-02 00:17:06",1185,1039,87230,0,,7.4,326.5,9.83,56.25,,1.1
"2025-11-02 00:17:07",1186,1040,87217,0,,5.65,346.3,9.82,56.3,,1.2
"2025-11-02 00:17:08",1188,1042,87204,-38.224732,-72.707048,7.4,329.4,9.82,56.3,,1.2
"2025-11-02 00:17:09",1189,1043,87192,0,,6.2,339.5,9.81,56.35,,1.1
"2025-11-02 00:17:10",1190,1044,87181,0,,6.2,329.4,9.79,56.4,,1.1
"2025-11-02 00:17:11",1191,1045,87170,-38.224573,-72.707148,7.05,333.1,9.79,56.45,,1.1
"2025-11-02 00:17:12",1192,1046,87156,0,,5.75,341.6,9.78,56.45,,1.1
"2025-11-02 00:17:13",1193,1047,87144,0,,7.55,328.9,9.77,56.5,,1.2
"2025-11-02 00:17:14",1194,1048,87132,-38.224413,-72.707238,5.4,341.5,9.75,56.55,13.75,1.2
"2025-11-02 00:17:15",1196,1050,87120,0,,6.8,333.2,9.74,56.6,,1.2
"2025-11-02 00:17:16",1197,1051,87108,0,,6.35,337.5,9.74,56.65,,1.2
"2025-11-02 00:17:17",1198,1052,87096,-38.22426,-72.707332,6,324.7,9.72,56.65,,1.2
"2025-11-02 00:17:18",1199,1053,87084,0,,7.05,342.4,9.71,56.65,,1.2
"2025-11-02 00:17:19",1200,1054,87073,0,,5.85,329.5,9.7,56.7,,1.2
"2025-11-02 00:17:20",1201,1055,87062,-38.224103,-72.707428,7.3,337.1,9.69,56.7,,1.1
"2025-11-02 00:17:21",1202,1056,87051,0,,5.5,331.1,9.68,56.75,,1.1
"2025-11-02 00:17:22",1203,1057,87040,0,,7.15,332,9.67,56.75,,1.1
"2025-11-02 00:17:23",1204,1058,87030,-38.223953,-72.707522,5.15,339.2,9.66,56.8,,1.1
"2025-11-02 00:17:24",1206,1060,87016,0,,7.2,328.8,9.66,56.8,,1.1
"2025-11-02 00:17:25",1207,1061,87003,0,,7.2,328.8,9.63,56.85,,1.1
"2025-11-02 00:17:26",1208,1062,86990,-38.223802,-72.70762,6.7,325.3,9.63,56.8,,1.1
"2025-11-02 00:17:27",1209,1063,86979,0,,6.3,342.1,9.62,56.75,,1.1
"2025-11-02 00:17:28",1210,1064,86968,0,,6.05,325.2,9.61,56.7,,1.1
"2025-11-02 00:17:29",1211,1065,86958,-38.223643,-72.707713,6.95,342.8,9.61,56.65,,1.1
"2025-11-02 00:17:30",1212,1066,86946,0,,5.55,322.4,9.6,56.6,,1.1
"2025-11-02 00:17:31",1213,1067,86935,0,,7,342.4,9.59,56.5,,1.1
"2025-11-02 00:17:32",1214,1068,86924,-38.22349,-72.707802,5.8,332.9,9.59,56.45,,1.1
"2025-11-02 00:17:33",1215,1069,86912,0,,7.15,333.6,9.59,56.45,,1.1
"2025-11-02 00:17:34",1217,1071,86901,0,,5.2,338,9.58,56.4,,1.1
"2025-11-02 00:17:35",1218,1072,86890,-38.223338,-72.707897,7.1,328.1,9.58,56.35,,1.1
"2025-11-02 00:17:36",1219,1073,86876,0,,5.8,343.9,9.57,56.25,,1.1
"2025-11-02 00:17:37",1220,1074,86863,0,,5.8,343.9,9.56,56.25,,1.1
"2025-11-02 00:17:38",1222,1076,86850,-38.223183,-72.707993,6.1,339.8,9.56,56.2,,1.1
"2025-11-02 00:17:40",1224,1078,86828,0,,7,337.2,9.55,56.05,,1.1
"2025-11-02 00:17:41",1225,1079,86818,-38.223045,-72.708092,5.1,322.6,9.55,56,13.5,1.1
"2025-11-02 00:17:42",1226,1080,86803,0,,6.75,336.8,9.54,55.9,,1.1
"2025-11-02 00:17:43",1227,1081,86788,0,,5.05,334.2,9.54,55.85,,1.2
"2025-11-02 00:17:44",1229,1083,86774,-38.222908,-72.708192,6.6,326.3,9.53,55.8,,1.2
"2025-11-02 00:17:45",1230,1084,86761,0,,5,344.6,9.53,55.8,,1.2
"2025-11-02 00:17:46",1231,1085,86749,0,,6.55,325.9,9.53,55.8,,1.2
"2025-11-02 00:17:47",1232,1086,86738,-38.22277,-72.708283,5.55,337.6,9.52,55.75,,1.2
"2025-11-02 00:17:48",1233,1087,86726,0,,5,324.8,9.51,55.75,,1.2
"2025-11-02 00:17:49",1235,1089,86714,0,,5.95,338.2,9.49,55.7,,1.2
"2025-11-02 00:17:50",1236,1090,86702,-38.222645,-72.708367,4.5,327,9.49,55.7,,1.2
"2025-11-02 00:17:51",1237,1091,86689,0,,6.45,335.9,9.48,55.65,,1.2
"2025-11-02 00:17:52",1238,1092,86677,0,,4.95,332.6,9.48,55.65,,1.2
"2025-11-02 00:17:53",1239,1093,86666,-38.222515,-72.708455,5.75,329.2,9.46,55.65,,1.2
"2025-11-02 00:17:55",1242,1096,86639,0,,5.2,317.8,9.44,55.65,,1.2
"2025-11-02 00:17:56",1243,1097,86626,-38.222382,-72.708545,6.05,343,9.42,55.6,,1.2
"2025-11-02 00:17:57",1244,1098,86613,0,,5.2,325,9.42,55.6,,1.2
"2025-11-02 00:17:58",1245,1099,86600,0,,6.1,331.7,9.42,55.6,,1.2
"2025-11-02 00:17:59",1247,1101,86588,-38.22225,-72.70863,4.7,337.8,9.42,55.6,,1.2
"2025-11-02 00:18:00",1248,1102,86574,0,,6.9,326.1,9.42,55.55,,1.2
"2025-11-02 00:18:01",1249,1103,86561,0,,4.8,340.5,9.42,55.55,,1.2
"2025-11-02 00:18:02",1251,1105,86548,-38.222115,-72.708725,6.4,324.7,9.41,55.55,,1.2
"2025-11-02 00:18:03",1252,1106,86534,0,,5.5,338.7,9.41,55.6,,1.2
"2025-11-02 00:18:04",1253,1107,86521,0,,5.5,325.9,9.41,55.6,,1.2
"2025-11-02 00:18:05",1254,1108,86508,-38.221977,-72.70881,6.05,344.4,9.41,55.6,,1.3
"2025-11-02 00:18:07",1257,1111,86485,0,,6,340.3,9.41,55.65,,1.2
"2025-11-02 00:18:08",1258,1112,86474,-38.22184,-72.708895,5.15,327.1,9.37,55.65,13.25,1.2
"2025-11-02 00:18:16",1267,1121,86376,0,,5.4,347,9.26,55.8,,1.2
"2025-11-02 00:18:17",1268,1122,86364,-38.221432,-72.709143,5.65,326.5,9.26,55.8,,1.2
"2025-11-02 00:18:22",1275,1129,86298,0,,6.45,340.8,9.17,55.85,,1.2
"2025-11-02 00:18:23",1276,1130,86286,-38.221162,-72.709303,5.05,335.4,9.16,55.9,,1.2
"2025-11-02 00:18:30",1285,1139,86186,0,,5,326.8,9.09,55.9,,1.3
"2025-11-02 00:18:31",1287,1141,86172,0,,5.65,339.9,9.08,55.9,,1.3
"2025-11-02 00:18:32",1288,1142,86158,-38.220767,-72.709543,4.35,338.7,9.07,55.9,,1.3
"2025-11-02 00:18:33",1289,1143,86144,0,,6.4,337.3,9.05,55.85,,1.3
"2025-11-02 00:18:34",1291,1145,86129,0,,4.55,341,9.04,55.8,,1.3
"2025-11-02 00:18:35",1292,1146,86114,-38.220633,-72.709617,5.65,330.3,9.04,55.7,13,1.4
"2025-11-02 00:18:36",1294,1148,86099,0,,5.25,351.7,9.04,55.65,,1.4
"2025-11-02 00:18:37",1295,1149,86084,0,,5.55,327,9.02,55.6,,1.4
"2025-11-02 00:18:38",1297,1151,86070,-38.220497,-72.709683,5.75,347.2,9.01,55.55,,1.4
"2025-11-02 00:18:39",1298,1152,86055,0,,,,9.01,55.45,,1.4
"2025-11-02 00:18:40",1299,1153,86040,0,,,,9,55.45,,1.4
"2025-11-02 00:18:41",1301,1155,86026,0,,,,8.99,55.4,,1.4
"2025-11-02 00:18:45",1306,1160,85972,0,,4.7,350.9,8.95,55.25,,1.4
"2025-11-02 00:18:46",1307,1161,85959,0,,6.25,329.5,8.94,55.25,,1.4
"2025-11-02 00:18:47",1309,1163,85946,-38.220098,-72.709883,4.75,346.7,8.93,55.25,,1.3
"2025-11-02 00:18:48",1310,1164,85930,0,,5.3,333.6,8.92,55.25,,1.4
"2025-11-02 00:18:49",1312,1166,85915,0,,5.7,347,8.9,55.2,,1.4
"2025-11-02 00:18:50",1313,1167,85900,-38.219965,-72.709945,4.7,328.1,8.89,55.15,,1.4
"2025-11-02 00:18:51",1314,1168,85885,0,,6.15,350.1,8.89,55.1,,1.4
"2025-11-02 00:18:52",1316,1170,85870,0,,4.95,329.5,8.88,55.05,,1.4
"2025-11-02 00:18:53",1317,1171,85856,-38.21983,-72.710008,5.75,343,8.87,55.05,,1.4
"2025-11-02 00:18:55",1320,1174,85825,0,,6,334.2,8.85,54.9,,1.4
"2025-11-02 00:18:56",1322,1176,85810,-38.219697,-72.710065,4.2,351.9,8.84,54.85,,1.4
"2025-11-02 00:18:57",1323,1177,85794,0,,6.05,334.7,8.83,54.8,,1.4
"2025-11-02 00:18:58",1325,1179,85778,0,,4.85,349.2,8.83,54.7,,1.5
"2025-11-02 00:18:59",1326,1180,85762,-38.219562,-72.710123,5.15,334.8,8.82,54.65,,1.5
"2025-11-02 00:19:00",1328,1182,85747,0,,,,8.81,54.55,,1.5
"2025-11-02 00:19:01",1329,1183,85732,0,,,,8.81,54.45,,1.5
"2025-11-02 00:19:02",1331,1185,85718,0,,,,8.8,54.35,13,1.5
"2025-11-02 00:19:03",1332,1186,85704,0,,4.35,340,8.79,54.25,,1.5
"2025-11-02 00:19:04",1333,1187,85690,0,,6.35,342.1,8.79,54.2,,1.5
"2025-11-02 00:19:05",1335,1189,85676,-38.219282,-72.710227,4.25,349.4,8.78,54.1,,1.5
"2025-11-02 00:19:06",1336,1190,85663,0,,6.65,340.8,8.77,54,,1.4
"2025-11-02 00:19:07",1337,1191,85650,0,,4.75,350.8,8.77,53.95,,1.4
"2025-11-02 00:19:08",1338,1192,85638,-38.219142,-72.71027,5.85,343.6,8.75,53.85,,1.4
"2025-11-02 00:19:10",1342,1196,85604,0,,4.75,340.2,8.77,53.2,,1.4
"2025-11-02 00:19:11",1343,1197,85588,-38.219003,-72.71031,5.95,352.8,8.78,52.8,,1.4
"2025-11-02 00:19:12",1345,1199,85570,0,,4.45,335.2,8.78,52.4,,1.4
"2025-11-02 00:19:13",1347,1201,85553,0,,6,351.7,8.79,51.95,,1.5
"2025-11-02 00:19:14",1348,1202,85536,-38.218865,-72.71035,4.9,347.9,8.79,51.6,,1.5
"2025-11-02 00:19:15",1350,1204,85519,0,,5.45,341.4,8.79,51.25,,1.5
"2025-11-02 00:19:16",1352,1206,85502,0,,4.55,1.4,8.79,50.95,,1.5
"2025-11-02 00:19:17",1353,1207,85486,-38.21873,-72.710388,5.9,337,8.79,50.65,,1.5
"2025-11-02 00:19:18",1355,1209,85465,0,,4.9,1.6,8.79,50.35,,1.6
"2025-11-02 00:19:19",1357,1211,85444,0,,5.45,339.7,8.79,50.15,,1.6
"2025-11-02 00:19:20",1359,1213,85424,-38.218588,-72.71043,5.8,354,8.79,49.95,,1.7
"2025-11-02 00:19:21",1361,1215,85403,0,,4.65,348.6,8.78,49.75,,1.7
"2025-11-02 00:19:22",1363,1217,85384,0,,6.55,349.3,8.77,49.55,,1.8
"2025-11-02 00:19:23",1365,1219,85366,-38.218443,-72.710463,4.55,351.3,8.77,49.35,,1.8
"2025-11-02 00:19:24",1367,1221,85344,0,,5.5,339.8,8.75,49.15,,1.8
"2025-11-02 00:19:25",1369,1223,85323,0,,5.5,339.8,8.74,49,,1.9
"2025-11-02 00:19:26",1371,1225,85302,-38.218302,-72.710507,5.7,343.9,8.74,48.85,,1.9
"2025-11-02 00:19:33",1383,1237,85179,0,,5.3,348,8.63,48.35,,1.8
"2025-11-02 00:19:34",1385,1239,85161,0,,6.1,354.3,8.62,48.3,,1.8
"2025-11-02 00:19:35",1387,1241,85144,-38.217855,-72.710612,5.4,340.5,8.6,48.25,,1.8
"2025-11-02 00:19:36",1388,1242,85124,0,,6.95,347.3,8.58,48.2,,1.8
"2025-11-02 00:19:37",1390,1244,85105,0,,4.8,341.6,8.57,48.15,,1.8
"2025-11-02 00:19:38",1392,1246,85086,-38.217702,-72.710665,6.85,345,8.56,48,,1.8
"2025-11-02 00:19:39",1394,1248,85068,0,,5.35,351.3,8.55,47.85,,1.8
"2025-11-02 00:19:40",1396,1250,85051,0,,5.95,338.3,8.54,47.7,,1.7
"2025-11-02 00:19:41",1397,1251,85034,-38.217547,-72.710712,6.35,354.8,8.52,47.6,,1.7
"2025-11-02 00:19:42",1399,1253,85017,0,,5.35,333.7,8.5,47.6,,1.7
"2025-11-02 00:19:43",1401,1255,85000,0,,6.3,352.8,8.49,47.55,,1.7
"2025-11-02 00:19:44",1402,1256,84984,-38.217395,-72.710753,5.65,349.7,8.48,47.5,,1.7
"2025-11-02 00:19:48",1408,1262,84921,0,,5.9,8.7,8.48,47.1,,1.7
"2025-11-02 00:19:49",1410,1264,84905,0,,6.05,353.4,8.49,46.95,,1.6
"2025-11-02 00:19:50",1411,1265,84890,-38.217087,-72.710793,6.55,3.4,8.5,46.8,,1.6
"2025-11-02 00:19:51",1413,1267,84874,0,,4.8,353.1,8.5,46.65,,1.6
"2025-11-02 00:19:52",1414,1268,84858,0,,6.35,2.1,8.5,46.55,,1.6
"2025-11-02 00:19:53",1416,1270,84842,-38.216937,-72.710795,4.7,359.4,8.5,46.45,,1.6
"2025-11-02 00:19:55",1419,1273,84812,0,,5.25,9.3,8.5,46.3,,1.5
"2025-11-02 00:19:56",1420,1274,84798,-38.216782,-72.710797,6,358.6,8.5,46.25,12.5,1.5
"2025-11-02 00:19:57",1422,1276,84781,0,,6.05,11.2,8.51,46.15,,1.5
"2025-11-02 00:19:58",1423,1277,84765,0,,5.25,358.4,8.51,46.05,,1.5
"2025-11-02 00:19:59",1425,1279,84750,-38.216618,-72.710788,7.1,2.5,8.51,46,,1.5
"2025-11-02 00:20:00",1427,1281,84734,0,,3.95,354,8.52,45.9,,1.5
"2025-11-02 00:20:01",1428,1282,84719,0,,5.75,1.6,8.52,45.8,,1.5
"2025-11-02 00:20:02",1430,1284,84704,-38.216482,-72.710782,4.4,10.5,8.54,45.7,,1.5
"2025-11-02 00:20:03",1432,1286,84684,0,,7,2.1,8.54,45.6,,1.5
"2025-11-02 00:20:04",1433,1287,84664,0,,5.05,4.3,8.55,45.5,,1.6
"2025-11-02 00:20:05",1435,1289,84644,-38.216325,-72.710773,6.1,357.4,8.55,45.45,,1.6
"2025-11-02 00:20:06",1437,1291,84626,0,,5.55,8.5,8.55,45.4,,1.6
"2025-11-02 00:20:07",1439,1293,84609,0,,4.95,352.5,8.55,45.35,,1.6
"2025-11-02 00:20:08",1441,1295,84592,-38.216172,-72.710758,6.3,11.4,8.54,45.25,,1.7
"2025-11-02 00:20:10",1445,1299,84550,0,,6.45,7.7,8.51,45.1,,1.7
"2025-11-02 00:20:11",1447,1301,84530,-38.216023,-72.710747,4.2,353.8,8.5,45.05,,1.8
"2025-11-02 00:20:12",1449,1303,84507,0,,6.7,6.9,8.49,44.95,,1.8
"2025-11-02 00:20:13",1451,1305,84484,0,,4.9,0.9,8.47,44.9,,1.9
"2025-11-02 00:20:14",1453,1307,84462,-38.215872,-72.710743,6.15,359.2,8.45,44.9,,1.9
"2025-11-02 00:20:15",1455,1309,84443,0,,5.15,14.6,8.44,44.9,,2
"2025-11-02 00:20:16",1457,1311,84424,0,,5.6,6,8.43,44.95,,2
"2025-11-02 00:20:17",1459,1313,84406,-38.21572,-72.710707,6.65,18.4,8.42,45,,2
"2025-11-02 00:20:18",1460,1314,84390,0,,5.15,0.5,8.42,45.05,,1.9
"2025-11-02 00:20:19",1462,1316,84374,0,,6.9,13.3,8.42,45.15,,1.9
"2025-11-02 00:20:20",1464,1318,84358,-38.215568,-72.710675,4.6,2.1,8.41,45.2,,1.9
"2025-11-02 00:20:24",1469,1323,84304,0,,5.55,29.5,8.4,45.45,,1.7
"2025-11-02 00:20:25",1470,1324,84291,0,,5.35,5.8,8.4,45.55,,1.6
"2025-11-02 00:20:26",1471,1325,84278,-38.215292,-72.71059,5.25,24.7,8.41,45.6,,1.5
"2025-11-02 00:20:27",1473,1327,84263,0,,5,18.5,8.42,45.65,,1.5
"2025-11-02 00:20:28",1474,1328,84249,0,,6,22,8.42,45.65,,1.4
"2025-11-02 00:20:29",1476,1330,84236,-38.215158,-72.710523,4.45,31.1,8.42,45.7,,1.4
"2025-11-02 00:20:30",1477,1331,84221,0,,6.25,6.2,8.41,45.75,,1.4
"2025-11-02 00:20:31",1478,1332,84207,0,,4.3,22.1,8.4,45.75,,1.4
"2025-11-02 00:20:32",1480,1334,84194,-38.215027,-72.710482,5.4,7.2,8.39,45.8,,1.3
"2025-11-02 00:20:33",1481,1335,84181,0,,5.1,12.6,8.39,45.8,,1.3
"2025-11-02 00:20:34",1482,1336,84168,0,,4.45,19.4,8.39,45.85,,1.3
"2025-11-02 00:20:35",1483,1337,84156,-38.214888,-72.710447,6.85,11.8,8.38,45.85,,1.3
"2025-11-02 00:20:37",1486,1340,84129,0,,6.5,12.8,8.37,45.85,,1.3
"2025-11-02 00:20:38",1487,1341,84116,-38.214723,-72.710377,6.65,16.5,8.36,45.85,,1.3
"2025-11-02 00:20:43",1494,1348,84052,0,,7.25,15.7,8.29,45.9,,1.3
"2025-11-02 00:20:44",1495,1349,84040,-38.214402,-72.710253,4.5,14,8.28,45.9,,1.3
"2025-11-02 00:20:49",1501,1355,83973,0,,6.4,12.1,8.27,46,,1.3
"2025-11-02 00:20:50",1503,1357,83960,-38.21408,-72.710128,6.7,23.8,8.27,46,12,1.3
"2025-11-02 00:20:52",1506,1360,83924,0,,6.9,25.7,8.26,46,,1.4
"2025-11-02 00:20:53",1508,1362,83906,-38.213928,-72.710063,5.25,11.8,8.24,46,,1.4
"2025-11-02 00:20:56",1513,1367,83858,-38.213787,-72.709998,5.95,8.3,8.19,46,,1.5
"2025-11-02 00:20:58",1516,1370,83827,0,,6.75,12.7,8.15,46.05,,1.5
"2025-11-02 00:20:59",1517,1371,83812,-38.213632,-72.709923,6.4,25.3,8.15,46.05,,1.5
"2025-11-02 00:21:00",1519,1373,83798,0,,5.9,11.6,8.15,46,,1.5
"2025-11-02 00:21:01",1520,1374,83784,0,,6.7,22.4,8.15,45.85,,1.5
"2025-11-02 00:21:02",1522,1376,83770,-38.213478,-72.709853,5.05,24.6,8.15,45.75,,1.5
"2025-11-02 00:21:03",1523,1377,83759,0,,7,16,8.16,45.6,,1.5
"2025-11-02 00:21:04",1524,1378,83748,0,,5.6,31.1,8.16,45.5,,1.4
"2025-11-02 00:21:05",1525,1379,83738,-38.21333,-72.709773,6.6,21.9,8.15,45.4,,1.4
"2025-11-02 00:21:09",1529,1383,83692,0,,5.05,29.3,8.14,45.5,,1.3
"2025-11-02 00:21:10",1530,1384,83681,0,,6.85,23.5,8.13,45.6,,1.2
"2025-11-02 00:21:11",1532,1386,83670,-38.213037,-72.709597,5.2,27.5,8.11,45.65,,1.2
"2025-11-02 00:21:12",1533,1387,83658,0,,6.15,22.8,8.11,45.7,,1.2
"2025-11-02 00:21:13",1534,1388,83647,0,,5.9,31.2,8.1,45.7,,1.1
"2025-11-02 00:21:14",1535,1389,83636,-38.212898,-72.709513,4.95,18.2,8.08,45.65,,1.1
"2025-11-02 00:21:15",1536,1390,83626,0,,6.9,33.4,8.07,45.65,,1.1
"2025-11-02 00:21:16",1537,1391,83616,0,,4.75,12.3,8.06,45.65,,1.1
"2025-11-02 00:21:17",1538,1392,83606,-38.212758,-72.709428,6.4,32.4,8.06,45.65,11.75,1.1
"2025-11-02 00:21:18",1539,1393,83592,0,,5.4,25.5,8.05,45.7,,1.1
"2025-11-02 00:21:19",1541,1395,83578,0,,5.75,21.8,8.05,45.7,,1.1
"2025-11-02 00:21:20",1542,1396,83564,-38.212618,-72.70933,5.4,37.9,8.04,45.65,,1.1
"2025-11-02 00:21:24",1547,1401,83513,0,,5.8,27.6,8,45.45,,1.2
"2025-11-02 00:21:25",1548,1402,83500,0,,4.35,27.3,8,45.3,,1.2
"2025-11-02 00:21:26",1549,1403,83488,-38.212348,-72.709158,6.4,23.9,7.99,45.2,,1.2
"2025-11-02 00:21:30",1554,1408,83442,0,,5.35,24.3,7.98,44.85,,1.2
"2025-11-02 00:21:31",1555,1409,83431,0,,6.75,34.7,7.97,44.8,,1.2
"2025-11-02 00:21:32",1556,1410,83420,-38.212095,-72.708967,4.35,27.5,7.95,44.75,,1.2
"2025-11-02 00:21:33",1557,1411,83409,0,,6.1,39,7.95,44.7,,1.2
"2025-11-02 00:21:34",1558,1412,83399,0,,5.2,19.5,7.95,44.65,,1.2
"2025-11-02 00:21:35",1559,1413,83390,-38.211972,-72.708872,6.45,30.3,7.94,44.55,,1.1
"2025-11-02 00:21:36",1560,1414,83378,0,,5.05,27.2,7.94,44.4,,1.2
"2025-11-02 00:21:37",1562,1416,83366,0,,6.15,28.1,7.94,44.3,,1.1
"2025-11-02 00:21:38",1563,1417,83354,-38.211837,-72.708772,5.5,35.7,7.93,44.2,,1.1
"2025-11-02 00:21:40",1565,1419,83330,0,,5.8,43.1,7.92,44.05,,1.1
"2025-11-02 00:21:41",1566,1420,83318,-38.211698,-72.708677,6.45,19.4,7.91,43.9,,1.1
"2025-11-02 00:21:45",1572,1426,83264,0,,5,42.1,7.94,43.15,,1.2
"2025-11-02 00:21:46",1573,1427,83251,0,,5.6,36.1,7.96,42.85,,1.2
"2025-11-02 00:21:47",1574,1428,83238,-38.211452,-72.708477,4.45,45,7.98,42.5,,1.2
"2025-11-02 00:21:51",1580,1434,83180,0,,5.45,34.7,8.09,40.9,,1.3
"2025-11-02 00:21:52",1581,1435,83166,0,,5.2,45.2,8.12,40.5,,1.3
"2025-11-02 00:21:53",1583,1437,83152,-38.211222,-72.708245,5.7,35.7,8.14,40.15,,1.4
"2025-11-02 00:21:55",1585,1439,83128,0,,4.8,33.4,8.19,39.55,,1.4
"2025-11-02 00:21:56",1586,1440,83116,-38.211102,-72.708117,6.7,42.8,8.2,39.25,,1.3
"2025-11-02 00:21:57",1587,1441,83107,0,,5.05,44.2,8.22,39,,1.3
"2025-11-02 00:21:58",1588,1442,83099,0,,6.35,37.1,8.22,38.75,,1.3
"2025-11-02 00:21:59",1589,1443,83092,-38.210985,-72.707987,5.2,34.8,8.23,38.55,,1.2
"2025-11-02 00:22:00",1590,1444,83084,0,,4.85,36.1,8.23,38.35,,1.2
"2025-11-02 00:22:01",1590,1444,83076,0,,6.3,35.2,8.23,38.2,,1.1
"2025-11-02 00:22:02",1591,1445,83068,-38.210875,-72.707877,3.9,47.4,8.23,38.05,,1.1
"2025-11-02 00:22:03",1592,1446,83062,0,,6.3,42.1,8.23,37.9,,1
"2025-11-02 00:22:04",1592,1446,83056,0,,4.3,41.7,8.26,37.8,,0.9
"2025-11-02 00:22:05",1593,1447,83050,-38.210783,-72.707763,5.1,42.4,8.27,37.6,,0.8
"2025-11-02 00:22:06",1593,1447,83045,0,,5.55,44.2,8.27,37.35,,0.8
"2025-11-02 00:22:07",1594,1448,83041,0,,4.3,44.4,8.26,37.2,,0.7
"2025-11-02 00:22:08",1594,1448,83038,-38.210682,-72.707647,5.8,38.3,8.24,37.15,,0.6
"2025-11-02 00:22:09",1595,1449,83030,0,,3.65,55.7,8.24,37.1,,0.7
"2025-11-02 00:22:10",1596,1450,83022,0,,6.1,38.5,8.27,36.9,,0.7
"2025-11-02 00:22:11",1597,1451,83014,-38.210585,-72.707533,4.4,52.2,8.28,36.65,11.5,0.7
"2025-11-02 00:22:12",1598,1452,83001,0,,5,43,8.3,36.35,,0.7
"2025-11-02 00:22:13",1599,1453,82988,0,,5.35,48.7,8.34,36.1,,0.7
"2025-11-02 00:22:14",1600,1454,82976,-38.210492,-72.707417,3.95,46.6,8.37,35.85,,0.8
"2025-11-02 00:22:15",1602,1456,82965,0,,5.8,44.5,8.38,35.6,,0.8
"2025-11-02 00:22:16",1603,1457,82954,0,,4.4,45.6,8.38,35.4,,0.8
"2025-11-02 00:22:17",1604,1458,82944,-38.210392,-72.707295,6.05,33.3,8.39,35.3,,0.9
"2025-11-02 00:22:18",1605,1459,82930,0,,4.65,50.1,8.4,35.2,,0.9
"2025-11-02 00:22:19",1606,1460,82917,0,,4.65,50.1,8.41,35.05,,1
"2025-11-02 00:22:20",1608,1462,82904,-38.210285,-72.707168,5.55,46.7,8.42,34.9,,1.1
"2025-11-02 00:22:21",1609,1463,82889,0,,4.4,42.7,8.42,34.8,,1.1
"2025-11-02 00:22:22",1611,1465,82874,0,,6.25,46.8,8.43,34.65,,1.2
"2025-11-02 00:22:23",1612,1466,82860,-38.210183,-72.707037,4.8,48,8.43,34.5,,1.2
"2025-11-02 00:22:24",1613,1467,82847,0,,6.6,56.7,8.42,34.4,,1.3
"2025-11-02 00:22:25",1614,1468,82835,0,,4.6,55,8.42,34.25,,1.3
"2025-11-02 00:22:26",1616,1470,82824,-38.210095,-72.70688,6.5,49.1,8.42,34.2,,1.3
"2025-11-02 00:22:27",1617,1471,82814,0,,5.4,49.2,8.41,34.15,,1.2
"2025-11-02 00:22:28",1618,1472,82804,0,,5.35,57.9,8.41,34.1,,1.2
"2025-11-02 00:22:29",1619,1473,82794,-38.21,-72.70673,5.95,40.1,8.4,34.05,,1.2
"2025-11-02 00:22:33",1624,1478,82744,0,,5.45,44.6,8.37,33.95,,1.2
"2025-11-02 00:22:34",1625,1479,82732,0,,6.3,47.7,8.37,33.95,,1.2
"2025-11-02 00:22:35",1626,1480,82720,-38.209788,-72.706435,5.4,62.3,8.36,33.9,,1.2
"2025-11-02 00:22:36",1628,1482,82705,0,,5.35,34.7,8.35,33.85,,1.2
"2025-11-02 00:22:37",1629,1483,82689,0,,6.05,62.7,8.35,33.8,,1.2
"2025-11-02 00:22:38",1631,1485,82674,-38.209695,-72.706298,4.6,45,8.34,33.75,11.25,1.3
"2025-11-02 00:22:40",1634,1488,82643,0,,4.2,54.5,8.3,33.75,,1.3
"2025-11-02 00:22:41",1635,1489,82628,-38.209618,-72.706155,5.3,49.9,8.29,33.75,,1.4
"2025-11-02 00:22:45",1641,1495,82567,0,,4.9,46.9,8.27,33.6,,1.4
"2025-11-02 00:22:46",1643,1497,82552,0,,5.9,67.2,8.24,33.6,,1.5
"2025-11-02 00:22:47",1644,1498,82538,-38.20947,-72.705867,5.05,52.4,8.23,33.6,,1.5
"2025-11-02 00:22:48",1646,1500,82522,0,,5.35,58,8.22,33.65,,1.5
"2025-11-02 00:22:49",1648,1502,82506,0,,4.5,68.1,8.22,33.65,,1.5
"2025-11-02 00:22:50",1649,1503,82490,-38.209403,-72.705723,5.4,58.9,8.2,33.6,,1.5
"2025-11-02 00:22:51",1651,1505,82474,0,,4.5,73.7,8.2,33.6,,1.5
"2025-11-02 00:22:52",1652,1506,82460,0,,5.85,54.3,8.18,33.6,,1.5
"2025-11-02 00:22:53",1654,1508,82446,-38.209345,-72.705565,5.3,65.2,8.15,33.65,,1.5
"2025-11-02 00:22:57",1662,1516,82366,0,,7.15,52.7,8.1,33.65,,1.6
"2025-11-02 00:22:58",1664,1518,82346,0,,4.35,62.6,8.09,33.65,,1.7
"2025-11-02 00:22:59",1666,1520,82326,-38.209188,-72.705245,5.55,66.4,8.07,33.7,,1.8
"2025-11-02 00:23:00",1668,1522,82306,0,,5.65,63.8,8.05,33.65,,1.8
"2025-11-02 00:23:01",1670,1524,82286,0,,5.65,63.8,8.04,33.7,,1.8
"2025-11-02 00:23:02",1672,1526,82266,-38.209118,-72.705067,6.1,75.1,8.01,33.7,,1.9
"2025-11-02 00:23:03",1673,1527,82249,0,,5.65,46.1,7.99,33.75,,1.9
"2025-11-02 00:23:04",1675,1529,82233,0,,6.1,72.1,7.98,33.75,,1.9
"2025-11-02 00:23:05",1677,1531,82218,-38.209047,-72.704888,5.55,63,7.97,33.75,11,1.9
"2025-11-02 00:23:07",1680,1534,82180,0,,5.35,72.4,7.97,33.55,,1.9
"2025-11-02 00:23:08",1682,1536,82162,-38.20898,-72.704703,6.4,56.3,7.97,33.5,,1.9
"2025-11-02 00:23:10",1686,1540,82122,0,,5.6,65,7.98,33.25,,1.9
"2025-11-02 00:23:11",1688,1542,82102,-38.208915,-72.704523,6.5,67,7.98,33.1,,1.9
"2025-11-02 00:23:13",1692,1546,82062,0,,6.45,62.6,8.01,32.7,,1.9
"2025-11-02 00:23:14",1694,1548,82042,-38.20886,-72.704353,4.65,70.8,8.03,32.45,,1.9
"2025-11-02 00:23:16",1698,1552,82000,0,,5.95,74.7,8.06,32.05,,1.9
"2025-11-02 00:23:17",1701,1555,81980,-38.208817,-72.704172,4.35,80.6,8.07,31.8,,2
"2025-11-02 00:23:19",1704,1558,81945,0,,4,74.7,8.08,31.4,,2
"2025-11-02 00:23:20",1706,1560,81928,-38.208773,-72.704007,6.15,70.2,8.07,31.25,,2
"2025-11-02 00:23:28",1723,1577,81762,0,,4.9,71.3,8.06,30.2,,2
"2025-11-02 00:23:29",1725,1579,81742,-38.208637,-72.703515,4.45,63.6,8.05,30.1,,2
"2025-11-02 00:23:30",1726,1580,81723,0,,5.6,77,8.05,30,,2
"2025-11-02 00:23:31",1728,1582,81704,0,,3.9,62.1,8.04,29.9,,2
"2025-11-02 00:23:32",1730,1584,81686,-38.208595,-72.703362,5.8,76.8,8.04,29.8,11,2
"2025-11-02 00:23:33",1732,1586,81665,0,,4.55,71.7,8.03,29.7,,2
"2025-11-02 00:23:34",1734,1588,81645,0,,5.75,64.4,8.01,29.6,,2
"2025-11-02 00:23:35",1736,1590,81626,-38.208553,-72.703197,4.55,85.6,8,29.55,,2
"2025-11-02 00:23:36",1738,1592,81607,0,,5.95,62.7,7.99,29.5,,2
"2025-11-02 00:23:37",1740,1594,81588,0,,4.95,78.1,7.98,29.45,,2
"2025-11-02 00:23:38",1742,1596,81570,-38.20851,-72.703032,4.8,61.7,7.98,29.4,,2
"2025-11-02 00:23:39",1744,1598,81548,0,,5.85,79.2,7.97,29.25,,2
"2025-11-02 00:23:40",1747,1601,81526,0,,4.45,65.8,7.96,29.25,,2
"2025-11-02 00:23:41",1749,1603,81504,-38.208458,-72.702863,5.95,69.2,7.95,29.2,,2
"2025-11-02 00:23:42",1751,1605,81485,0,,4.15,79.1,7.94,29.15,,2
"2025-11-02 00:23:43",1752,1606,81467,0,,6.3,62.4,7.93,29.15,,2
"2025-11-02 00:23:44",1754,1608,81450,-38.208413,-72.702695,4.5,80.1,7.92,29.1,,2
"2025-11-02 00:23:45",1756,1610,81430,0,,5.25,62.7,7.91,29.1,,2
"2025-11-02 00:23:46",1758,1612,81410,0,,5.45,83,7.9,29.1,,2
"2025-11-02 00:23:47",1760,1614,81390,-38.20837,-72.702532,4.7,59.2,7.88,29.05,,2
"2025-11-02 00:23:51",1768,1622,81312,0,,4.05,72,7.83,29,,2
"2025-11-02 00:23:52",1770,1624,81293,0,,5.05,66.3,7.8,28.95,,2
"2025-11-02 00:23:53",1772,1626,81274,-38.208278,-72.702207,5,83.4,7.8,28.95,,1.9
"2025-11-02 00:23:55",1776,1630,81235,0,,4.8,79.5,7.78,28.85,,2
"2025-11-02 00:23:56",1778,1632,81216,-38.208243,-72.702047,4.6,61.2,7.78,28.85,,2
"2025-11-02 00:24:00",1786,1640,81140,0,,3.7,72.7,7.73,28.85,,1.9
"2025-11-02 00:24:01",1788,1642,81121,0,,5.65,67.1,7.7,28.85,,1.9
"2025-11-02 00:24:02",1790,1644,81102,-38.208158,-72.701727,4.85,78.7,7.7,28.8,,1.9
"2025-11-02 00:24:03",1791,1645,81083,0,,4.8,58.7,7.68,28.85,,1.9
"2025-11-02 00:24:04",1793,1647,81064,0,,5.3,80.3,7.68,28.8,,1.9
"2025-11-02 00:24:05",1795,1649,81046,-38.208113,-72.701575,4.6,57.2,7.67,28.8,,1.9
"2025-11-02 00:24:06",1797,1651,81026,0,,5.5,75.4,7.65,28.8,,1.9
"2025-11-02 00:24:07",1799,1653,81008,0,,3.9,67.2,7.63,28.8,,1.9
"2025-11-02 00:24:08",1801,1655,80990,-38.208067,-72.701423,5.95,70.7,7.63,28.8,,1.9
"2025-11-02 00:24:10",1804,1658,80955,0,,5.95,60.3,7.6,28.8,,1.9
"2025-11-02 00:24:11",1806,1660,80938,-38.20802,-72.701263,4.1,79.8,7.59,28.8,,1.9
"2025-11-02 00:24:12",1808,1662,80921,0,,5.2,60.6,7.57,28.8,,1.9
"2025-11-02 00:24:13",1810,1664,80904,0,,5.05,76.2,7.56,28.8,,1.8
"2025-11-02 00:24:14",1811,1665,80888,-38.207972,-72.701118,4.2,58.1,7.54,28.8,,1.8
"2025-11-02 00:24:15",1813,1667,80871,0,,5.65,80.2,7.53,28.8,,1.8
"2025-11-02 00:24:16",1815,1669,80854,0,,4.35,59.9,7.52,28.8,,1.8
"2025-11-02 00:24:17",1816,1670,80838,-38.207928,-72.700957,5.55,73.7,7.51,28.8,,1.8
"2025-11-02 00:24:18",1818,1672,80822,0,,3.9,69.5,7.51,28.8,,1.8
"2025-11-02 00:24:19",1820,1674,80806,0,,5.9,68,7.51,28.8,,1.7
"2025-11-02 00:24:20",1821,1675,80790,-38.207883,-72.7008,3.55,72.6,7.5,28.8,,1.7
"2025-11-02 00:24:21",1823,1677,80774,0,,5.25,66.9,7.49,28.75,,1.7
"2025-11-02 00:24:22",1825,1679,80759,0,,4.4,83,7.48,28.75,,1.7
"2025-11-02 00:24:23",1826,1680,80744,-38.207843,-72.700655,4.6,55.2,7.47,28.75,,1.7
"2025-11-02 00:24:25",1830,1684,80709,0,,4.3,66.8,7.47,28.7,,1.7
"2025-11-02 00:24:26",1831,1685,80692,-38.20781,-72.700505,5.35,76,7.47,28.7,10.75,1.7
"2025-11-02 00:24:27",1833,1687,80676,0,,3.65,67.4,7.46,28.65,,1.7
"2025-11-02 00:24:28",1835,1689,80661,0,,5.8,67.9,7.46,28.65,,1.6
"2025-11-02 00:24:29",1836,1690,80646,-38.20777,-72.700355,3.25,74.5,7.44,28.6,,1.6
"2025-11-02 00:24:30",1838,1692,80630,0,,5.4,66.1,7.44,28.6,,1.6
"2025-11-02 00:24:31",1839,1693,80614,0,,4.35,75.4,7.44,28.55,,1.6
"2025-11-02 00:24:32",1841,1695,80598,-38.207725,-72.70021,4.85,58.1,7.41,28.55,,1.6
"2025-11-02 00:24:33",1843,1697,80584,0,,4.35,84.1,7.41,28.6,,1.6
"2025-11-02 00:24:34",1844,1698,80570,0,,4.35,84.1,7.4,28.55,,1.6
"2025-11-02 00:24:35",1845,1699,80556,-38.207687,-72.700057,5.15,79.7,7.39,28.55,,1.6
"2025-11-02 00:24:36",1847,1701,80540,0,,4.15,61.5,7.39,28.5,,1.6
"2025-11-02 00:24:37",1849,1703,80525,0,,5.4,68.4,7.38,28.5,,1.6
"2025-11-02 00:24:38",1850,1704,80510,-38.207642,-72.699905,3.65,77.6,7.38,28.45,,1.6
"2025-11-02 00:24:39",1852,1706,80493,0,,4.85,61.8,7.38,28.45,,1.6
"2025-11-02 00:24:40",1854,1708,80476,0,,4.3,68.8,7.37,28.45,,1.6
"2025-11-02 00:24:41",1855,1709,80460,-38.207592,-72.69977,4.55,56.4,7.36,28.4,,1.6
"2025-11-02 00:24:42",1857,1711,80444,0,,4.4,78.7,7.35,28.35,,1.6
"2025-11-02 00:24:43",1858,1712,80430,0,,4.25,59.5,7.34,28.3,,1.6
"2025-11-02 00:24:44",1860,1714,80416,-38.207547,-72.699628,5.25,68.9,7.34,28.25,,1.6
"2025-11-02 00:24:45",1861,1715,80400,0,,3.05,66.6,7.33,28.25,,1.6
"2025-11-02 00:24:46",1863,1717,80385,0,,5.5,68,7.32,28.25,,1.6
"2025-11-02 00:24:47",1864,1718,80370,-38.207503,-72.69949,3.7,68.6,7.31,28.15,,1.6
"2025-11-02 00:24:48",1866,1720,80353,0,,4.65,61.6,7.3,28.1,,1.6
"2025-11-02 00:24:49",1868,1722,80336,0,,4.4,80.6,7.3,28.1,,1.6
"2025-11-02 00:24:50",1870,1724,80320,-38.207457,-72.699357,5,53.3,7.29,28.05,,1.6
"2025-11-02 00:24:51",1871,1725,80305,0,,4.2,74.6,7.29,28.05,,1.6
"2025-11-02 00:24:52",1873,1727,80290,0,,4,57.8,7.26,28,,1.6
"2025-11-02 00:24:53",1874,1728,80276,-38.207403,-72.699223,5.05,69.6,7.26,28,10.5,1.6
"2025-11-02 00:24:55",1877,1731,80245,0,,4.9,64.5,7.25,27.95,,1.6
"2025-11-02 00:24:56",1879,1733,80230,-38.207342,-72.699103,3.3,55.7,7.25,27.9,,1.6
"2025-11-02 00:24:57",1880,1734,80215,0,,5.5,61.2,7.24,27.85,,1.6
"2025-11-02 00:24:58",1882,1736,80200,0,,3.55,57.8,7.25,27.8,,1.6
"2025-11-02 00:24:59",1883,1737,80186,-38.207277,-72.698975,4.45,53.8,7.25,27.75,,1.6
"2025-11-02 00:25:00",1885,1739,80168,0,,4.15,72.2,7.25,27.7,,1.6
"2025-11-02 00:25:01",1887,1741,80152,0,,4.65,40.7,7.24,27.65,,1.6
"2025-11-02 00:25:02",1889,1743,80136,-38.207213,-72.698847,4.65,68.8,7.24,27.6,,1.6
"2025-11-02 00:25:03",1890,1744,80122,0,,4.3,55.1,7.24,27.6,,1.6
"2025-11-02 00:25:04",1891,1745,80108,0,,5.35,59.8,7.23,27.55,,1.6
"2025-11-02 00:25:05",1893,1747,80094,-38.20715,-72.698712,3.75,48.7,7.23,27.5,,1.6
"2025-11-02 00:25:06",1894,1748,80078,0,,4.6,49,7.23,27.45,,1.6
"2025-11-02 00:25:07",1896,1750,80063,0,,4.75,66.8,7.22,27.45,,1.6
"2025-11-02 00:25:08",1898,1752,80048,-38.207082,-72.69859,4.35,50.1,7.22,27.4,,1.6
"2025-11-02 00:25:11",1902,1756,80002,-38.20702,-72.698467,4.85,56.3,7.19,27.35,,1.6
"2025-11-02 00:25:12",1904,1758,79988,0,,3.85,54.5,7.18,27.35,,1.6
"2025-11-02 00:25:13",1905,1759,79974,0,,5.25,46.6,7.18,27.3,,1.6
"2025-11-02 00:25:14",1907,1761,79960,-38.206948,-72.698345,4.05,67.8,7.17,27.3,,1.5
"2025-11-02 00:25:15",1908,1762,79945,0,,4.95,48.6,7.16,27.3,,1.5
"2025-11-02 00:25:16",1910,1764,79930,0,,4.45,55.1,7.15,27.25,,1.5
"2025-11-02 00:25:17",1911,1765,79916,-38.206878,-72.69822,3.9,55.6,7.15,27.25,,1.5
"2025-11-02 00:25:18",1913,1767,79901,0,,5.75,54.7,7.14,27.25,,1.5
"2025-11-02 00:25:19",1914,1768,79886,0,,3.45,48.7,7.12,27.25,,1.5
"2025-11-02 00:25:20",1916,1770,79872,-38.206798,-72.698088,5.4,54.3,7.1,27.25,10.5,1.5
"2025-11-02 00:25:21",1917,1771,79856,0,,4,61.4,7.09,27.25,,1.5
"2025-11-02 00:25:22",1919,1773,79841,0,,4.85,41.7,7.08,27.2,,1.5
"2025-11-02 00:25:23",1921,1775,79826,-38.206727,-72.697958,4.8,68.2,7.06,27.25,,1.5
"2025-11-02 00:25:24",1922,1776,79811,0,,5.1,33.8,7.04,27.25,,1.5
"2025-11-02 00:25:25",1924,1778,79796,0,,4.8,61,7.03,27.25,,1.5
"2025-11-02 00:25:26",1925,1779,79782,-38.206643,-72.697838,4.1,40.9,7.02,27.25,,1.5
"2025-11-02 00:25:27",1926,1780,79769,0,,5,49.3,7.01,27.3,,1.5
"2025-11-02 00:25:28",1928,1782,79756,0,,4.1,61.1,7,27.25,,1.5
"2025-11-02 00:25:29",1929,1783,79744,-38.20656,-72.697713,5.8,44.4,6.97,27.25,,1.5
"2025-11-02 00:25:30",1930,1784,79731,0,,3.65,53.9,6.97,27.25,,1.5
"2025-11-02 00:25:31",1932,1786,79718,0,,4.6,43.2,6.95,27.25,,1.4
"2025-11-02 00:25:32",1933,1787,79706,-38.206478,-72.697597,4.65,56.5,6.94,27.2,,1.4
"2025-11-02 00:25:33",1934,1788,79691,0,,3.85,33.4,6.93,27.15,,1.4
"2025-11-02 00:25:34",1936,1790,79676,0,,5.3,58.7,6.92,27.15,,1.4
"2025-11-02 00:25:35",1938,1792,79662,-38.206398,-72.697485,3.65,40.2,6.92,27.1,,1.4
"2025-11-02 00:25:37",1940,1794,79635,0,,3.5,52.1,6.9,27.1,,1.4
"2025-11-02 00:25:38",1942,1796,79622,-38.206318,-72.697377,5.05,41.2,6.89,27.05,,1.4
"2025-11-02 00:25:40",1944,1798,79599,0,,5,44,6.88,26.95,,1.4
"2025-11-02 00:25:41",1945,1799,79588,-38.206247,-72.69726,4.15,59.4,6.86,26.95,,1.3
"2025-11-02 00:25:43",1948,1802,79559,0,,4.9,60.9,6.85,26.9,,1.4
"2025-11-02 00:25:44",1949,1803,79546,-38.20617,-72.697153,4.05,36.3,6.83,26.85,,1.4
"2025-11-02 00:25:46",1952,1806,79519,0,,3.6,36.7,6.81,26.85,,1.3
"2025-11-02 00:25:47",1954,1808,79506,-38.206083,-72.697048,5.1,48.4,6.8,26.85,10.25,1.3
"2025-11-02 00:25:49",1956,1810,79482,0,,5.15,45,6.78,26.85,,1.3
"2025-11-02 00:25:50",1957,1811,79470,-38.20601,-72.69694,4,59.3,6.77,26.85,,1.3
"2025-11-02 00:25:52",1960,1814,79442,0,,4.2,55.1,6.75,26.85,,1.3
"2025-11-02 00:25:53",1962,1816,79428,-38.205927,-72.696837,3.85,38.7,6.75,26.85,,1.4
"2025-11-02 00:25:58",1968,1822,79364,0,,5.1,45.4,6.7,26.95,,1.3
"2025-11-02 00:25:59",1970,1824,79352,-38.205765,-72.6966,4.4,55.5,6.68,26.95,,1.3
"2025-11-02 00:26:00",1971,1825,79337,0,,3.95,38.1,6.67,27,,1.3
"2025-11-02 00:26:01",1973,1827,79322,0,,3.95,38.1,6.66,27.05,,1.4
"2025-11-02 00:26:02",1974,1828,79308,-38.205692,-72.696485,4.35,35,6.66,27.1,,1.4
"2025-11-02 00:26:03",1976,1830,79294,0,,4.35,35,6.65,27.1,,1.4
"2025-11-02 00:26:04",1977,1831,79281,0,,3.55,48,6.64,27.1,,1.4
"2025-11-02 00:26:05",1978,1832,79268,-38.205612,-72.696372,5.6,46.8,6.64,27.15,,1.4
"2025-11-02 00:26:06",1980,1834,79254,0,,3.15,48.6,6.63,27.2,,1.4
"2025-11-02 00:26:07",1981,1835,79241,0,,5.05,46.3,6.63,27.25,,1.4
"2025-11-02 00:26:08",1982,1836,79228,-38.205537,-72.696262,3.85,61.7,6.62,27.3,,1.4
"2025-11-02 00:26:09",1984,1838,79214,0,,4.6,41.4,6.62,27.35,,1.4
"2025-11-02 00:26:10",1985,1839,79201,0,,4.85,60.7,6.62,27.4,,1.4
"2025-11-02 00:26:11",1987,1841,79188,-38.20546,-72.696153,4.15,33.4,6.62,27.45,,1.4
"2025-11-02 00:26:12",1988,1842,79173,0,,5.1,54.4,6.63,27.45,,1.4
"2025-11-02 00:26:13",1990,1844,79158,0,,3.65,48.8,6.63,27.55,,1.4
"2025-11-02 00:26:14",1991,1845,79144,-38.20538,-72.69605,4.5,41.6,6.64,27.65,10,1.4
"2025-11-02 00:26:15",1993,1847,79127,0,,4.05,63.3,6.64,27.75,,1.4
"2025-11-02 00:26:16",1995,1849,79110,0,,4.5,43.3,6.65,27.85,,1.5
"2025-11-02 00:26:17",1996,1850,79094,-38.205308,-72.695938,4.35,59.1,6.65,27.95,,1.5
"2025-11-02 00:26:18",1998,1852,79081,0,,4,48.3,6.65,28,,1.5
"2025-11-02 00:26:19",1999,1853,79068,0,,5.05,45,6.66,28.1,,1.5
"2025-11-02 00:26:20",2000,1854,79056,-38.205237,-72.69583,3.1,62.4,6.66,28.2,,1.5
"2025-11-02 00:26:21",2002,1856,79042,0,,5.55,42.5,6.65,28.3,,1.5
"2025-11-02 00:26:22",2003,1857,79029,0,,3.65,58.2,6.66,28.35,,1.5
"2025-11-02 00:26:23",2005,1859,79016,-38.205168,-72.695718,4.5,47.7,6.67,28.4,,1.5
"2025-11-02 00:26:24",2006,1860,79000,0,,4.75,52.8,6.67,28.45,,1.5
"2025-11-02 00:26:25",2008,1862,78985,0,,3.35,45.3,6.68,28.5,,1.5
"2025-11-02 00:26:26",2009,1863,78970,-38.205095,-72.695597,5.5,54.8,6.68,28.55,,1.5
"2025-11-02 00:26:27",2011,1865,78956,0,,3.1,42,6.7,28.6,,1.5
"2025-11-02 00:26:28",2012,1866,78942,0,,4.95,53.6,6.7,28.6,,1.5
"2025-11-02 00:26:29",2014,1868,78928,-38.205025,-72.695478,3.85,60,6.7,28.65,,1.5
"2025-11-02 00:26:30",2015,1869,78913,0,,4.4,40.2,6.7,28.65,,1.5
"2025-11-02 00:26:31",2017,1871,78898,0,,4.7,67.3,6.7,28.65,,1.5
"2025-11-02 00:26:32",2018,1872,78884,-38.204957,-72.695362,4,36.4,6.68,28.65,,1.5
"2025-11-02 00:26:33",2020,1874,78869,0,,4.85,59.8,6.68,28.65,,1.5
"2025-11-02 00:26:34",2021,1875,78855,0,,4,50.3,6.68,28.6,,1.5
"2025-11-02 00:26:35",2023,1877,78842,-38.204878,-72.695243,5.1,45.1,6.67,28.6,,1.5
"2025-11-02 00:26:36",2024,1878,78828,0,,3.3,64.1,6.67,28.55,,1.5
"2025-11-02 00:26:37",2026,1880,78815,0,,5.15,43.4,6.66,28.55,,1.5
"2025-11-02 00:26:38",2027,1881,78802,-38.204807,-72.695127,3.95,58,6.66,28.5,,1.5
"2025-11-02 00:26:40",2030,1884,78771,0,,4.6,62.6,6.64,28.5,,1.5
"2025-11-02 00:26:41",2032,1886,78756,-38.204738,-72.695018,3.4,45,6.64,28.5,10,1.5
"2025-11-02 00:26:42",2033,1887,78742,0,,5.35,60.1,6.63,28.45,,1.5
"2025-11-02 00:26:43",2035,1889,78729,0,,3.4,46.4,6.62,28.45,,1.5
"2025-11-02 00:26:44",2036,1890,78716,-38.20467,-72.694902,5,50.6,6.62,28.4,,1.5
"2025-11-02 00:26:45",2037,1891,78701,0,,3.3,58.7,6.6,28.35,,1.5
"2025-11-02 00:26:46",2039,1893,78687,0,,4.7,44.6,6.59,28.35,,1.5
"2025-11-02 00:26:47",2040,1894,78674,-38.204603,-72.694792,3.6,70.7,6.58,28.3,,1.5
"2025-11-02 00:26:48",2042,1896,78659,0,,4.75,39.4,6.57,28.35,,1.5
"2025-11-02 00:26:49",2043,1897,78644,0,,3.95,63.2,6.57,28.3,,1.5
"2025-11-02 00:26:50",2045,1899,78630,-38.204537,-72.694682,3.8,44.1,6.57,28.3,,1.5
"2025-11-02 00:26:51",2046,1900,78617,0,,5.15,62.3,6.57,28.25,,1.5
"2025-11-02 00:26:52",2048,1902,78603,0,,3.3,40.3,6.56,28.2,,1.5
"2025-11-02 00:26:53",2049,1903,78590,-38.204467,-72.694563,4.85,58.4,6.56,28.2,,1.5
"2025-11-02 00:26:55",2052,1906,78560,0,,5.1,54.4,6.52,28.1,,1.5
"2025-11-02 00:26:56",2054,1908,78546,-38.204408,-72.694438,4,67.9,6.51,28.05,,1.5
"2025-11-02 00:26:57",2055,1909,78531,0,,4.3,42.8,6.5,28,,1.5
"2025-11-02 00:26:58",2057,1911,78516,0,,3.65,58.4,6.5,27.9,,1.5
"2025-11-02 00:26:59",2058,1912,78502,-38.204347,-72.694333,3.95,50.5,6.49,27.85,,1.5
"2025-11-02 00:27:00",2060,1914,78485,0,,4.9,57,6.49,27.8,,1.5
"2025-11-02 00:27:01",2062,1916,78468,0,,2.85,49.3,6.49,27.75,,1.5
"2025-11-02 00:27:02",2064,1918,78452,-38.204283,-72.694223,4.95,54,6.49,27.75,,1.6
"2025-11-02 00:27:03",2066,1920,78433,0,,3.45,64.4,6.48,27.7,,1.6
"2025-11-02 00:27:04",2067,1921,78415,0,,4.85,47.6,6.48,27.7,,1.6
"2025-11-02 00:27:05",2069,1923,78398,-38.204223,-72.694103,4.3,64.2,6.47,27.75,,1.7
"2025-11-02 00:27:06",2071,1925,78383,0,,4.05,36.5,6.47,27.8,,1.7
"2025-11-02 00:27:07",2072,1926,78368,0,,4.5,62.1,6.46,27.8,,1.7
"2025-11-02 00:27:08",2074,1928,78354,-38.204153,-72.693993,3.8,47.6,6.46,27.85,9.75,1.7
"2025-11-02 00:27:09",2076,1930,78338,0,,5.2,54.9,6.44,27.85,,1.7
"2025-11-02 00:27:10",2077,1931,78322,0,,3.15,56.8,6.44,27.9,,1.7
"2025-11-02 00:27:11",2079,1933,78306,-38.204083,-72.693873,5.35,49.1,6.43,27.9,,1.7
"2025-11-02 00:27:12",2081,1935,78290,0,,3.25,60.6,6.42,27.9,,1.7
"2025-11-02 00:27:13",2082,1936,78275,0,,4.2,44.3,6.41,27.9,,1.7
"2025-11-02 00:27:14",2084,1938,78260,-38.204015,-72.693758,4.55,62.4,6.4,27.95,,1.7
"2025-11-02 00:27:15",2086,1940,78242,0,,4.55,48.2,6.37,28,,1.7
"2025-11-02 00:27:16",2087,1941,78225,0,,3.7,48.7,6.37,28,,1.7
"2025-11-02 00:27:17",2089,1943,78208,-38.203943,-72.693645,4.1,51.7,6.36,28.05,,1.7
"2025-11-02 00:27:18",2091,1945,78190,0,,4.95,43.5,6.35,28.05,,1.7
"2025-11-02 00:27:19",2093,1947,78172,0,,3.45,61.3,6.34,28.1,,1.7
"2025-11-02 00:27:20",2095,1949,78154,-38.203867,-72.693537,4.9,34.9,6.34,28.15,,1.7
"2025-11-02 00:27:21",2097,1951,78137,0,,4.05,55.7,6.32,28.1,,1.7
"2025-11-02 00:27:22",2098,1952,78121,0,,4.45,50.1,6.31,28.15,,1.7
"2025-11-02 00:27:23",2100,1954,78106,-38.203783,-72.693427,4.6,39.7,6.3,28.2,,1.7
"2025-11-02 00:27:25",2103,1957,78074,0,,5.3,39.5,6.27,28.2,,1.8
"2025-11-02 00:27:26",2105,1959,78058,-38.203702,-72.693312,4.1,56.2,6.27,28.2,,1.8
"2025-11-02 00:27:27",2107,1961,78041,0,,4.2,47.8,6.27,28.15,,1.7
"2025-11-02 00:27:28",2108,1962,78025,0,,5.4,53.4,6.27,28,,1.7
"2025-11-02 00:27:29",2110,1964,78010,-38.203625,-72.693197,3.65,36.1,6.26,27.9,,1.7
"2025-11-02 00:27:30",2112,1966,77994,0,,5.4,51.3,6.26,27.7,,1.7
"2025-11-02 00:27:31",2113,1967,77978,0,,4,46.4,6.26,27.6,,1.7
"2025-11-02 00:27:32",2115,1969,77962,-38.203537,-72.69309,4.85,40.8,6.26,27.45,,1.7
"2025-11-02 00:27:33",2117,1971,77946,0,,3.85,62.2,6.27,27.3,,1.7
"2025-11-02 00:27:34",2118,1972,77931,0,,5.05,40.4,6.27,27.15,,1.7
"2025-11-02 00:27:35",2120,1974,77916,-38.203462,-72.692972,4.45,61,6.27,27.05,9.5,1.7
"2025-11-02 00:27:36",2122,1976,77897,0,,4.45,36,6.27,26.9,,1.7
"2025-11-02 00:27:37",2124,1978,77878,0,,5.2,54.7,6.28,26.75,,1.7
"2025-11-02 00:27:38",2126,1980,77860,-38.20338,-72.692858,3.5,35.4,6.27,26.65,,1.7
"2025-11-02 00:27:40",2129,1983,77829,0,,4.2,54.5,6.27,26.45,,1.7
"2025-11-02 00:27:41",2131,1985,77814,-38.203297,-72.692742,5.4,42,6.27,26.35,,1.7
"2025-11-02 00:27:42",2133,1987,77796,0,,3.5,55.1,6.27,26.25,,1.7
"2025-11-02 00:27:43",2134,1988,77779,0,,4.65,41.1,6.26,26.1,,1.7
"2025-11-02 00:27:44",2136,1990,77762,-38.203218,-72.692628,4.45,62,6.26,26.05,,1.8
"2025-11-02 00:27:45",2138,1992,77743,0,,4.5,34.7,6.26,26,,1.8
"2025-11-02 00:27:46",2140,1994,77725,0,,4.95,55.2,6.26,25.95,,1.8
"2025-11-02 00:27:47",2142,1996,77708,-38.203138,-72.692517,3.35,36.8,6.24,25.85,,1.8
"2025-11-02 00:27:48",2144,1998,77690,0,,3.3,36.8,6.23,25.75,,1.8
"2025-11-02 00:27:49",2146,2000,77673,0,,3.3,47.6,6.22,25.7,,1.8
"2025-11-02 00:27:50",2147,2001,77656,-38.203062,-72.692413,5.45,44.7,6.22,25.65,,1.8
"2025-11-02 00:27:51",2149,2003,77638,0,,3.6,49.2,6.21,25.6,,1.8
"2025-11-02 00:27:52",2151,2005,77620,0,,4.75,38.2,6.2,25.6,,1.8
"2025-11-02 00:27:53",2153,2007,77602,-38.20298,-72.692307,4,59,6.19,25.55,,1.9
"2025-11-02 00:27:54",2155,2009,77585,0,,,,6.19,25.5,,1.9
"2025-11-02 00:27:55",2157,2011,77568,0,,,,6.17,25.45,,1.9
"2025-11-02 00:27:56",2159,2013,77552,0,,,,6.16,25.4,,1.8
"2025-11-02 00:27:57",2161,2015,77532,0,,5,52.5,6.16,25.4,,1.9
"2025-11-02 00:27:58",2163,2017,77512,0,,3.45,31.3,6.15,25.35,,1.9
"2025-11-02 00:27:59",2165,2019,77492,-38.202812,-72.692105,5.3,53,6.13,25.35,,1.9
"2025-11-02 00:28:00",2167,2021,77474,0,,3.7,32.2,6.12,25.35,,1.9
"2025-11-02 00:28:01",2169,2023,77457,0,,4.85,42.8,6.12,25.35,,1.9
"2025-11-02 00:28:02",2170,2024,77440,-38.202725,-72.692003,3.55,50.6,6.08,25.35,9.5,1.9
"2025-11-02 00:28:03",2172,2026,77420,0,,5.5,37.2,6.07,25.35,,1.9
"2025-11-02 00:28:04",2175,2029,77401,0,,3.45,45.6,6.06,25.35,,1.9
"2025-11-02 00:28:05",2177,2031,77382,-38.202635,-72.691903,4.9,34,6.05,25.35,,1.9
"2025-11-02 00:28:07",2180,2034,77346,0,,4.1,31.3,6.02,25.3,,2
"2025-11-02 00:28:08",2182,2036,77328,-38.202552,-72.691798,4.9,56.3,6,25.3,,2
"2025-11-02 00:28:10",2186,2040,77289,0,,5.2,46.5,5.99,25.3,,2
"2025-11-02 00:28:11",2188,2042,77270,-38.202465,-72.691705,3.2,30.9,5.97,25.3,,2
"2025-11-02 00:28:13",2192,2046,77233,0,,3.55,48,5.94,25.3,,2
"2025-11-02 00:28:14",2194,2048,77216,-38.202377,-72.691613,5,33.3,5.92,25.25,,2
"2025-11-02 00:28:16",2199,2053,77173,0,,4.6,24.9,5.89,25.25,,2
"2025-11-02 00:28:17",2201,2055,77152,-38.202287,-72.691515,4.4,47.4,5.88,25.25,,2
"2025-11-02 00:28:19",2205,2059,77113,0,,5.1,47.9,5.84,25.2,,2
"2025-11-02 00:28:20",2207,2061,77094,-38.202198,-72.69142,3.45,32.9,5.83,25.2,,2.1
"2025-11-02 00:28:22",2212,2066,77052,0,,3.1,45.2,5.79,25.15,,2.1
"2025-11-02 00:28:23",2214,2068,77032,-38.202107,-72.691325,5.35,34.2,5.78,25.1,,2.1
"2025-11-02 00:28:25",2218,2072,76992,0,,4.3,27.6,5.76,25.1,,2.1
"2025-11-02 00:28:26",2220,2074,76972,-38.20201,-72.691228,4.55,52.2,5.74,25.05,,2.1
"2025-11-02 00:28:27",2222,2076,76950,0,,4.25,23.4,5.73,25,,2.2
"2025-11-02 00:28:28",2225,2079,76929,0,,4.9,50.6,5.72,25,,2.2
"2025-11-02 00:28:29",2227,2081,76908,-38.20192,-72.69113,3.75,34.3,5.7,25,9.25,2.2
"2025-11-02 00:28:30",2229,2083,76888,0,,5.3,40,5.68,24.95,,2.2
"2025-11-02 00:28:31",2231,2085,76870,0,,3.2,42.6,5.67,24.95,,2.2
"2025-11-02 00:28:32",2233,2087,76852,-38.201828,-72.691037,5.65,38.5,5.64,24.95,,2.1
"2025-11-02 00:28:33",2235,2089,76832,0,,3.45,42.8,5.61,24.95,,2.1
"2025-11-02 00:28:34",2237,2091,76812,0,,4.85,32.6,5.61,25,,2.1
"2025-11-02 00:28:35",2239,2093,76792,-38.20174,-72.690942,3.95,54.7,5.6,25,,2.1
"2025-11-02 00:28:36",2242,2096,76770,0,,4.8,27.5,5.58,25,,2.1
"2025-11-02 00:28:37",2244,2098,76749,0,,4.15,53.8,5.56,25,,2.2
"2025-11-02 00:28:38",2246,2100,76728,-38.201653,-72.690853,4.15,32.2,5.54,25,,2.2
"2025-11-02 00:28:39",2248,2102,76708,0,,5.25,51,5.53,24.95,,2.2
"2025-11-02 00:28:40",2250,2104,76688,0,,3.65,28,5.5,25,,2.2
"2025-11-02 00:28:41",2253,2107,76668,-38.20156,-72.69076,4.95,41.8,5.48,25,,2.2
"2025-11-02 00:28:42",2255,2109,76648,0,,3.5,48,5.46,25.05,,2.1
"2025-11-02 00:28:43",2257,2111,76628,0,,5.45,32.3,5.45,25.05,,2.2
"2025-11-02 00:28:44",2259,2113,76608,-38.201468,-72.690667,3.85,44.4,5.43,25.05,,2.2
"2025-11-02 00:28:45",2262,2116,76585,0,,4.6,28.5,5.42,25.05,,2.2
"2025-11-02 00:28:46",2264,2118,76563,0,,4.4,52.5,5.38,25.05,,2.2
"2025-11-02 00:28:47",2266,2120,76542,-38.20138,-72.690572,4.2,34.1,5.37,25.05,,2.2
"2025-11-02 00:28:48",2268,2122,76521,0,,5.4,47.4,5.34,25.05,,2.2
"2025-11-02 00:28:49",2270,2124,76500,0,,3.5,31.7,5.33,25.05,,2.2
"2025-11-02 00:28:50",2273,2127,76480,-38.201287,-72.690467,5.7,43.2,5.32,25.05,,2.2
"2025-11-02 00:28:51",2275,2129,76459,0,,4.45,42.7,5.31,25.05,,2.2
"2025-11-02 00:28:52",2277,2131,76438,0,,4.9,34.2,5.3,25.05,,2.2
"2025-11-02 00:28:53",2279,2133,76418,-38.201188,-72.690353,4.3,58,5.29,25.05,,2.2
"2025-11-02 00:28:55",2284,2138,76374,0,,5.2,52.9,5.27,25,,2.3
"2025-11-02 00:28:56",2286,2140,76352,-38.201092,-72.69024,4.55,29.2,5.26,25.05,9,2.3
"2025-11-02 00:28:57",2289,2143,76332,0,,5.45,46.4,5.25,25.05,,2.3
"2025-11-02 00:28:58",2291,2145,76313,0,,3.7,39.3,5.24,25.1,,2.2
"2025-11-02 00:28:59",2293,2147,76294,-38.20099,-72.690132,6.1,44.5,5.23,25.1,,2.2
"2025-11-02 00:29:00",2295,2149,76271,0,,4,44.4,5.22,25.15,,2.2
"2025-11-02 00:29:01",2298,2152,76248,0,,5.6,38.7,5.2,25.15,,2.3
"2025-11-02 00:29:02",2300,2154,76226,-38.200893,-72.690012,4.65,57.2,5.19,25.2,,2.3
"2025-11-02 00:29:03",2302,2156,76205,0,,5.7,30.8,5.18,25.25,,2.3
"2025-11-02 00:29:04",2304,2158,76184,0,,4.85,55.8,5.17,25.25,,2.3
"2025-11-02 00:29:05",2307,2161,76164,-38.200795,-72.689893,4.75,37,5.16,25.35,,2.3
"2025-11-02 00:29:06",2309,2163,76144,0,,5.7,51.6,5.14,25.4,,2.3
"2025-11-02 00:29:07",2311,2165,76124,0,,4,37,5.13,25.45,,2.2
"2025-11-02 00:29:08",2313,2167,76104,-38.2007,-72.689772,6.1,49.7,5.13,25.5,,2.2
"2025-11-02 00:29:10",2318,2172,76060,0,,6.2,42.1,5.11,25.65,,2.2
"2025-11-02 00:29:11",2320,2174,76040,-38.200603,-72.689647,4.5,50.8,5.1,25.8,,2.3
"2025-11-02 00:29:12",2322,2176,76019,0,,5.5,35.8,5.09,25.9,,2.3
"2025-11-02 00:29:13",2325,2179,75997,0,,4.95,60.7,5.09,26,,2.2
"2025-11-02 00:29:14",2327,2181,75976,-38.20051,-72.689528,5.2,38.8,5.08,26.2,,2.2
"2025-11-02 00:29:15",2329,2183,75955,0,,5.6,54.2,5.08,26.4,,2.2
"2025-11-02 00:29:16",2331,2185,75935,0,,4.4,40,5.07,26.55,,2.2
"2025-11-02 00:29:17",2333,2187,75916,-38.200415,-72.689398,6.15,56.2,5.08,26.8,,2.2
"2025-11-02 00:29:18",2336,2190,75894,0,,4.4,40,5.08,27.05,,2.2
"2025-11-02 00:29:19",2338,2192,75873,0,,5.95,50,5.07,27.25,,2.2
"2025-11-02 00:29:20",2340,2194,75852,-38.200323,-72.689267,4.25,48.3,5.08,27.45,,2.3
"2025-11-02 00:29:21",2343,2197,75831,0,,6.4,46.1,5.07,27.6,,2.3
"2025-11-02 00:29:22",2345,2199,75810,0,,4.2,50.6,5.07,27.75,,2.3
"2025-11-02 00:29:23",2347,2201,75790,-38.200227,-72.689133,5.8,44.6,5.05,27.85,8.75,2.3
"2025-11-02 00:29:24",2349,2203,75769,0,,4.95,57.2,5.04,28,,2.2
"2025-11-02 00:29:25",2351,2205,75749,0,,6,37.9,5.03,28.15,,2.2
"2025-11-02 00:29:26",2354,2208,75730,-38.20013,-72.688993,4.85,54.6,5.02,28.25,,2.2
"2025-11-02 00:29:27",2356,2210,75708,0,,4.95,38.8,5.02,28.3,,2.2
"2025-11-02 00:29:28",2358,2212,75687,0,,5.45,53.2,5,28.4,,2.2
"2025-11-02 00:29:29",2360,2214,75666,-38.20004,-72.688865,4.35,48.8,5,28.5,,2.2
"2025-11-02 00:29:30",2363,2217,75645,0,,6.45,49.7,4.98,28.55,,2.3
"2025-11-02 00:29:31",2365,2219,75624,0,,4.7,50,4.97,28.6,,2.2
"2025-11-02 00:29:32",2367,2221,75604,-38.199943,-72.688725,5.55,39.6,4.97,28.65,,2.2
"2025-11-02 00:29:33",2369,2223,75582,0,,5.65,58.4,4.94,28.75,,2.2
"2025-11-02 00:29:34",2372,2226,75561,0,,5.05,37.2,4.94,28.75,,2.3
"2025-11-02 00:29:35",2374,2228,75540,-38.199848,-72.688593,5.15,52.6,4.93,28.8,,2.3
"2025-11-02 00:29:36",2376,2230,75519,0,,5.45,48.7,4.9,28.85,,2.3
"2025-11-02 00:29:37",2379,2233,75498,0,,5.7,40.6,4.89,28.85,,2.3
"2025-11-02 00:29:38",2381,2235,75478,-38.199755,-72.68846,4.9,60.4,4.88,28.9,,2.3
"2025-11-02 00:29:39",2383,2237,75459,0,,5.3,35.4,4.87,29,,2.3
"2025-11-02 00:29:40",2385,2239,75440,0,,5.3,54,4.85,29.05,,2.2
"2025-11-02 00:29:41",2387,2241,75422,-38.199662,-72.688332,5.15,50.5,4.85,29.15,,2.2
"2025-11-02 00:29:42",2389,2243,75400,0,,,,4.85,29.2,,2.2
"2025-11-02 00:29:43",2392,2246,75379,0,,4.9,64,4.84,29.25,,2.2
"2025-11-02 00:29:44",2394,2248,75358,-38.199568,-72.6882,5.75,39,4.82,29.3,,2.2
"2025-11-02 00:29:45",2396,2250,75339,0,,5.05,55.3,4.82,29.35,,2.2
"2025-11-02 00:29:46",2398,2252,75321,0,,4.9,51.4,4.8,29.4,,2.2
"2025-11-02 00:29:47",2400,2254,75304,-38.199473,-72.688072,5.4,40.6,4.79,29.45,,2.1
"2025-11-02 00:29:48",2402,2256,75285,0,,4.95,65,4.78,29.5,,2.1
"2025-11-02 00:29:49",2404,2258,75267,0,,5.4,37.9,4.76,29.5,,2.1
"2025-11-02 00:29:50",2406,2260,75250,-38.199385,-72.687938,4.9,56.9,4.76,29.5,8.5,2.1
"2025-11-02 00:29:51",2408,2262,75227,0,,5.1,53.8,4.75,29.5,,2.1
"2025-11-02 00:29:52",2410,2264,75205,0,,4.75,40.3,4.73,29.5,,2.1
"2025-11-02 00:29:53",2413,2267,75184,-38.199302,-72.687803,5.8,64,4.73,29.5,,2.1
"2025-11-02 00:29:55",2416,2270,75149,0,,5.15,59.2,4.71,29.45,,2.1
"2025-11-02 00:29:56",2418,2272,75132,-38.199218,-72.68767,5.2,49.6,4.71,29.35,,2.1
"2025-11-02 00:29:57",2420,2274,75114,0,,4.15,51.8,4.7,29.35,,2
"2025-11-02 00:29:58",2422,2276,75098,0,,6.15,54.1,4.69,29.3,,2
"2025-11-02 00:29:59",2424,2278,75082,-38.199137,-72.687533,3.8,53.9,4.68,29.25,,2
"2025-11-02 00:30:00",2426,2280,75065,0,,5.6,53.4,4.67,29.25,,2
"2025-11-02 00:30:01",2428,2282,75047,0,,4.55,47.1,4.67,29.2,,2
"2025-11-02 00:30:02",2429,2283,75030,-38.199058,-72.687397,5.6,63.5,4.66,29.15,,2
"2025-11-02 00:30:03",2432,2286,75010,0,,4.85,45.3,4.65,29.05,,2
"2025-11-02 00:30:04",2434,2288,74992,0,,4.35,61,4.64,29.05,,2
"2025-11-02 00:30:05",2436,2290,74974,-38.198978,-72.687257,6,48.6,4.63,29,,1.9
"2025-11-02 00:30:06",2437,2291,74957,0,,3.9,63.5,4.61,29,,1.9
"2025-11-02 00:30:07",2439,2293,74940,0,,5.6,51.8,4.61,29,,1.9
"2025-11-02 00:30:08",2441,2295,74924,-38.198902,-72.68712,4.65,50.5,4.59,28.95,,1.9
"2025-11-02 00:30:10",2445,2299,74892,0,,4.35,41.2,4.57,28.95,,1.9
"2025-11-02 00:30:11",2446,2300,74876,-38.198827,-72.68698,5.5,63,4.55,28.95,,1.9
"2025-11-02 00:30:13",2450,2304,74842,0,,4.85,67.7,4.54,29,,1.9
"2025-11-02 00:30:14",2452,2306,74826,-38.198748,-72.686832,5.6,44.4,4.51,29,,1.9
"2025-11-02 00:30:16",2456,2310,74791,0,,5.7,53.5,4.49,29.05,,1.9
"2025-11-02 00:30:17",2457,2311,74774,-38.198672,-72.68669,4,61.6,4.46,29.05,8.25,1.8
"2025-11-02 00:30:19",2461,2315,74741,0,,4.45,54.7,4.44,29.1,,1.8
"2025-11-02 00:30:20",2463,2317,74726,-38.198598,-72.686545,5.65,66.4,4.43,29.1,,1.8
"2025-11-02 00:30:21",2464,2318,74711,0,,4.45,43.8,4.41,29.15,,1.8
"2025-11-02 00:30:22",2466,2320,74696,0,,5.5,65.8,4.39,29.15,,1.8
"2025-11-02 00:30:23",2468,2322,74682,-38.198522,-72.686395,5.45,49.9,4.38,29.15,,1.8
"2025-11-02 00:30:24",2469,2323,74665,0,,4.35,65.1,4.37,29.15,,1.8
"2025-11-02 00:30:25",2471,2325,74648,0,,6.2,52.2,4.35,29.15,,1.8
"2025-11-02 00:30:26",2473,2327,74632,-38.198447,-72.686248,4.05,65.5,4.34,29.2,,1.8
"2025-11-02 00:30:27",2474,2328,74619,0,,5.9,55.8,4.33,29.25,,1.7
"2025-11-02 00:30:28",2476,2330,74607,0,,4.1,55.4,4.31,29.25,,1.7
"2025-11-02 00:30:29",2477,2331,74596,-38.198375,-72.686102,6.15,61.7,4.3,29.3,,1.6
"2025-11-02 00:30:30",2479,2333,74581,0,,4.6,52.3,4.29,29.25,,1.6
"2025-11-02 00:30:31",2480,2334,74566,0,,5.35,70.3,4.28,29.3,,1.6
"2025-11-02 00:30:32",2482,2336,74552,-38.198303,-72.685952,5,47.2,4.27,29.35,,1.6
"2025-11-02 00:30:33",2483,2337,74537,0,,4.5,69.2,4.26,29.4,,1.6
"2025-11-02 00:30:34",2485,2339,74522,0,,5.75,49.5,4.25,29.4,,1.6
"2025-11-02 00:30:35",2487,2341,74508,-38.198235,-72.685813,4.15,66.7,4.25,29.45,,1.6
"2025-11-02 00:30:37",2490,2344,74478,0,,4.05,51.8,4.24,29.45,,1.5
"2025-11-02 00:30:38",2491,2345,74464,-38.198163,-72.685667,6.05,62.9,4.22,29.5,,1.5
"2025-11-02 00:30:40",2494,2348,74436,0,,5.4,71.9,4.2,29.5,,1.5
"2025-11-02 00:30:41",2496,2350,74422,-38.198098,-72.685507,4.9,57,4.2,29.5,,1.6
"2025-11-02 00:30:43",2499,2353,74396,0,,5.7,56.2,4.19,29.55,,1.6
"2025-11-02 00:30:44",2500,2354,74384,-38.198038,-72.685367,4.15,64.2,4.16,29.55,8,1.5
"2025-11-02 00:30:46",2503,2357,74357,0,,4.35,50,4.15,29.6,,1.5
"2025-11-02 00:30:47",2505,2359,74344,-38.19798,-72.68522,5.55,73.9,4.14,29.6,,1.5
"2025-11-02 00:30:49",2508,2362,74316,0,,4.6,68.1,4.12,29.6,,1.5
"2025-11-02 00:30:50",2509,2363,74302,-38.197913,-72.685072,5.6,53,4.11,29.65,,1.5
"2025-11-02 00:30:52",2512,2366,74279,0,,6.15,55.8,4.08,29.65,,1.5
"2025-11-02 00:30:53",2513,2367,74268,-38.197845,-72.684927,4.1,61.9,4.07,29.65,,1.4
"2025-11-02 00:31:03",2525,2379,74156,0,,5.6,63.6,3.96,29.75,,1.2
"2025-11-02 00:31:04",2526,2380,74145,0,,4,49.4,3.96,29.75,,1.2
"2025-11-02 00:31:05",2528,2382,74134,-38.197593,-72.684355,5.4,65.1,3.95,29.75,,1.2
"2025-11-02 00:31:06",2529,2383,74122,0,,5.05,49.4,3.94,29.75,,1.2
"2025-11-02 00:31:07",2530,2384,74111,0,,5.25,70.3,3.93,29.75,,1.2
"2025-11-02 00:31:08",2531,2385,74100,-38.197523,-72.684202,5.15,54.7,3.93,29.75,,1.2
"2025-11-02 00:31:12",2536,2390,74058,0,,5.05,64.2,3.89,29.75,,1.2
"2025-11-02 00:31:13",2537,2391,74048,0,,5.4,54.6,3.89,29.75,,1.2
"2025-11-02 00:31:14",2538,2392,74038,-38.197395,-72.683923,4.45,65.9,3.87,29.75,,1.2
"2025-11-02 00:31:15",2539,2393,74028,0,,4.5,50.3,3.86,29.8,,1.2
"2025-11-02 00:31:16",2540,2394,74018,0,,5.25,63.3,3.87,29.75,,1.2
"2025-11-02 00:31:17",2542,2396,74008,-38.197328,-72.683782,4.95,60.2,3.86,29.75,,1.2
"2025-11-02 00:31:21",2546,2400,73963,0,,5.1,67.1,3.85,29.65,,1.2
"2025-11-02 00:31:22",2548,2402,73952,0,,4.65,60.7,3.85,29.65,,1.2
"2025-11-02 00:31:23",2549,2403,73942,-38.197195,-72.6835,4.95,52.3,3.86,29.6,,1.2
"2025-11-02 00:31:24",2550,2404,73931,0,,4.25,79.4,3.85,29.6,,1.2
"2025-11-02 00:31:25",2551,2405,73921,0,,5.5,50.5,3.85,29.55,,1.2
"2025-11-02 00:31:26",2552,2406,73912,-38.197138,-72.683358,4.5,76,3.85,29.5,,1.1
"2025-11-02 00:31:27",2553,2407,73903,0,,4.7,66.7,3.85,29.45,,1.2
"2025-11-02 00:31:28",2554,2408,73892,0,,4.7,56.9,3.86,29.45,,1.2
"2025-11-02 00:31:29",2555,2409,73882,-38.197092,-72.683212,4.85,81.9,3.86,29.4,,1.2
"2025-11-02 00:31:30",2557,2411,73867,0,,4.85,50.8,3.86,29.3,,1.2
"2025-11-02 00:31:31",2558,2412,73854,0,,5.05,81.2,3.87,29.25,,1.2
"2025-11-02 00:31:32",2560,2414,73842,-38.197043,-72.683058,4.8,65.5,3.87,29.2,,1.2
"2025-11-02 00:31:33",2561,2415,73833,0,,4.05,70.5,3.86,29.15,,1.2
"2025-11-02 00:31:34",2562,2416,73824,0,,5.9,73.8,3.86,29.1,,1.2
"2025-11-02 00:31:35",2563,2417,73816,-38.196997,-72.682903,3.75,60.8,3.86,29.05,,1.2
"2025-11-02 00:31:36",2564,2418,73801,0,,5.35,77.9,3.86,29,,1.2
"2025-11-02 00:31:37",2566,2420,73788,0,,4.55,55,3.85,29,,1.2
"2025-11-02 00:31:38",2567,2421,73776,-38.19695,-72.68275,4.95,77.8,3.84,28.95,7.5,1.2
"2025-11-02 00:31:40",2569,2423,73759,0,,3.9,78.5,3.84,28.95,,1.2
"2025-11-02 00:31:41",2570,2424,73750,-38.196912,-72.68259,6,66.8,3.83,28.9,,1.2
"2025-11-02 00:31:42",2572,2426,73736,0,,4.65,69.1,3.83,28.85,,1.2
"2025-11-02 00:31:43",2573,2427,73725,0,,5.9,76,3.83,28.8,,1.2
"2025-11-02 00:31:44",2574,2428,73714,-38.196863,-72.682425,4,67.7,3.82,28.75,,1.2
"2025-11-02 00:31:45",2575,2429,73704,0,,5.1,78.3,3.82,28.75,,1.2
"2025-11-02 00:31:46",2576,2430,73694,0,,5.25,58.1,3.81,28.75,,1.2
"2025-11-02 00:31:47",2577,2431,73684,-38.196823,-72.68227,4.8,87,3.8,28.7,,1.2
"2025-11-02 00:31:48",2578,2432,73674,0,,5.1,58.5,3.79,28.65,,1.2
"2025-11-02 00:31:49",2579,2433,73665,0,,4.45,78.3,3.78,28.6,,1.2
"2025-11-02 00:31:50",2580,2434,73656,-38.196783,-72.682113,5.5,73.4,3.77,28.55,,1.1
"2025-11-02 00:31:51",2581,2435,73647,0,,4.05,65.2,3.76,28.55,,1.1
"2025-11-02 00:31:52",2582,2436,73638,0,,5.8,81.7,3.75,28.5,,1.1
"2025-11-02 00:31:53",2583,2437,73630,-38.196742,-72.681957,4.05,53.6,3.74,28.5,,1.1
"2025-11-02 00:31:55",2585,2439,73615,0,,5.05,61.8,3.74,28.5,,1
"2025-11-02 00:31:56",2586,2440,73608,-38.196698,-72.681798,4.5,78.4,3.74,28.5,,1
"2025-11-02 00:31:57",2587,2441,73599,0,,5.85,70.2,3.74,28.5,,1
"2025-11-02 00:31:58",2588,2442,73590,0,,3.85,74.1,3.74,28.5,,1
"2025-11-02 00:31:59",2589,2443,73582,-38.19666,-72.681632,5.95,73.1,3.74,28.45,,1
"2025-11-02 00:32:01",2589,2443,73576,0,,4.5,65.3,3.74,28.45,,0.9
"2025-11-02 00:32:02",2590,2444,73571,0,,5.55,82.3,3.74,28.45,,0.9
"2025-11-02 00:32:03",2590,2444,73566,-38.196615,-72.681467,5.05,59.9,3.72,28.45,,0.8
"2025-11-02 00:32:03",2591,2445,73559,0,,4.8,85.4,3.72,28.45,,0.8
"2025-11-02 00:32:04",2592,2446,73551,0,,5.65,59.5,3.72,28.45,,0.8
"2025-11-02 00:32:05",2593,2447,73544,-38.196572,-72.681312,4.7,76.6,3.72,28.45,7.25,0.8
"2025-11-02 00:32:07",2594,2448,73533,0,,6.25,67.6,3.72,28.45,,0.8
"2025-11-02 00:32:08",2595,2449,73524,0,,4.2,72.4,3.72,28.45,,0.8
"2025-11-02 00:32:09",2596,2450,73516,-38.196527,-72.681142,6.15,72.9,3.72,28.45,,0.8
"2025-11-02 00:32:09",2596,2450,73511,0,,3.9,61,3.7,28.45,,0.8
"2025-11-02 00:32:10",2597,2451,73505,0,,5.95,75.4,3.69,28.45,,0.8
"2025-11-02 00:32:11",2598,2452,73500,-38.196477,-72.680982,4.6,61.7,3.68,28.45,,0.8
"2025-11-02 00:32:13",2598,2452,73493,0,,5.35,80.3,3.65,28.45,,0.8
"2025-11-02 00:32:14",2599,2453,73487,0,,5.2,54.1,3.64,28.45,,0.8
"2025-11-02 00:32:15",2600,2454,73482,-38.19643,-72.680823,4.95,77,3.64,28.45,,0.8
"2025-11-02 00:32:15",2600,2454,73475,0,,6.05,60.8,3.63,28.45,,0.8
"2025-11-02 00:32:16",2601,2455,73467,0,,4.25,80.8,3.63,28.45,,0.8
"2025-11-02 00:32:17",2602,2456,73460,-38.19638,-72.680652,6.2,65.1,3.62,28.45,,0.8
"2025-11-02 00:32:18",2603,2457,73456,0,,4,69.8,3.61,28.45,,0.8
"2025-11-02 00:32:19",2603,2457,73452,0,,5.9,72.8,3.61,28.4,,0.7
"2025-11-02 00:32:20",2603,2457,73448,-38.196325,-72.680488,4.6,58.1,3.61,28.45,,0.7
"2025-11-02 00:32:21",2604,2458,73440,0,,6,76.7,3.6,28.4,,0.7
"2025-11-02 00:32:22",2605,2459,73433,0,,5.25,58.9,3.59,28.4,,0.7
"2025-11-02 00:32:23",2606,2460,73426,-38.196273,-72.680318,5.15,81.8,3.59,28.4,,0.7
"2025-11-02 00:32:24",2607,2461,73419,0,,5.6,58.8,3.59,28.4,,0.7
"2025-11-02 00:32:25",2607,2461,73413,0,,4.55,73.7,3.59,28.4,,0.7
"2025-11-02 00:32:26",2608,2462,73408,-38.19622,-72.68015,6.55,65.9,3.57,28.4,,0.7
"2025-11-02 00:32:27",2608,2462,73404,0,,4,71.9,3.57,28.4,,0.7
"2025-11-02 00:32:28",2609,2463,73400,0,,6.25,67.4,3.56,28.4,,0.6
"2025-11-02 00:32:29",2609,2463,73396,-38.196165,-72.679982,5,63,3.56,28.35,,0.6
"2025-11-02 00:32:30",2610,2464,73392,0,,5.85,78.7,3.56,28.35,,0.6
"2025-11-02 00:32:31",2610,2464,73388,0,,5.15,54,3.56,28.35,,0.6
"2025-11-02 00:32:32",2611,2465,73384,-38.196112,-72.679815,5.5,76.6,3.56,28.35,7,0.6
"2025-11-02 00:32:33",2611,2465,73379,0,,5.35,63.1,3.55,28.35,,0.6
"2025-11-02 00:32:34",2612,2466,73374,0,,4.4,69.6,3.56,28.35,,0.5
"2025-11-02 00:32:35",2612,2466,73370,-38.19606,-72.67965,6.25,62.8,3.55,28.35,,0.5
"2025-11-02 00:32:36",2613,2467,73364,0,,4.35,57.6,3.55,28.3,,0.5
"2025-11-02 00:32:37",2613,2467,73358,0,,6.1,66,3.55,28.25,,0.5
"2025-11-02 00:32:38",2614,2468,73352,-38.195992,-72.679482,5.45,65.7,3.56,28.2,,0.5
"2025-11-02 00:32:40",2615,2469,73344,0,,6.45,60.1,3.56,28.15,,0.5
"2025-11-02 00:32:41",2615,2469,73340,-38.195932,-72.67931,4.15,71.8,3.57,28.05,,0.5
"2025-11-02 00:32:42",2616,2470,73335,0,,6.5,61.6,3.57,28,,0.5
"2025-11-02 00:32:43",2616,2470,73330,0,,5.25,67.8,3.59,27.95,,0.5
"2025-11-02 00:32:44",2617,2471,73326,-38.19587,-72.679137,5.3,64.9,3.59,27.85,,0.5
"2025-11-02 00:32:45",2617,2471,73321,0,,6.35,59.1,3.59,27.8,,0.5
"2025-11-02 00:32:46",2618,2472,73317,0,,4.75,75.6,3.6,27.75,,0.5
"2025-11-02 00:32:47",2618,2472,73314,-38.195802,-72.67896,6.95,54.3,3.61,27.7,,0.5
"2025-11-02 00:32:48",2619,2473,73307,0,,5.65,72.4,3.61,27.6,,0.5
"2025-11-02 00:32:49",2620,2474,73301,0,,6.2,67.7,3.61,27.55,,0.5
"2025-11-02 00:32:50",2620,2474,73296,-38.195735,-72.678777,5.45,61.4,3.62,27.5,,0.5
"2025-11-02 00:32:51",2621,2475,73292,0,,6.25,76.3,3.62,27.45,,0.5
"2025-11-02 00:32:52",2621,2475,73289,0,,6.1,53.2,3.62,27.45,,0.5
"2025-11-02 00:32:53",2621,2475,73286,-38.195672,-72.678593,6,78.1,3.63,27.35,,0.5
"2025-11-02 00:32:55",2622,2476,73277,0,,5.45,64.9,3.63,27.25,,0.5
"2025-11-02 00:32:56",2623,2477,73274,-38.19561,-72.67841,6.65,71.8,3.64,27.2,,0.5
"2025-11-02 00:32:57",2623,2477,73270,0,,5.15,53.5,3.64,27.15,,0.5
"2025-11-02 00:32:58",2624,2478,73267,0,,6.85,74.5,3.64,27.1,,0.5
"2025-11-02 00:32:59",2624,2478,73264,-38.195545,-72.67822,5.55,62.2,3.67,27.05,7,0.5
"2025-11-02 00:33:00",2624,2478,73260,0,,5.9,70,3.7,27.05,,0.5
"2025-11-02 00:33:01",2625,2479,73257,0,,7,62.6,3.7,27,,0.4
"2025-11-02 00:33:02",2625,2479,73254,-38.195478,-72.678028,5.05,69.6,3.72,26.95,,0.4
"2025-11-02 00:33:03",2625,2479,73252,0,,7.1,66,3.72,26.9,,0.4
"2025-11-02 00:33:04",2625,2479,73251,0,,5.2,62.8,3.72,26.85,,0.4
"2025-11-02 00:33:05",2625,2479,73250,-38.195413,-72.677842,6.55,70.2,3.72,26.8,,0.3
"2025-11-02 00:33:07",2627,2481,73239,0,,6.05,65.3,3.74,26.7,,0.4
"2025-11-02 00:33:08",2627,2481,73234,-38.195343,-72.677652,6.7,69.5,3.74,26.6,,0.4
"2025-11-02 00:33:10",2628,2482,73223,0,,6.65,60.7,3.74,26.35,,0.4
"2025-11-02 00:33:11",2629,2483,73218,-38.195275,-72.67746,5.3,66.3,3.79,26.25,,0.4
"2025-11-02 00:33:13",2630,2484,73208,0,,6.1,64.3,3.83,26,,0.4
"2025-11-02 00:33:14",2631,2485,73204,-38.195208,-72.67727,5.15,63.9,3.85,25.85,,0.5
"2025-11-02 00:33:16",2632,2486,73193,0,,4.65,69.5,3.92,25.5,,0.5
"2025-11-02 00:33:17",2632,2486,73188,-38.195143,-72.67709,6.7,62.3,3.93,25.4,,0.5
"2025-11-02 00:33:18",2633,2487,73182,0,,,,3.94,25.25,,0.6
"2025-11-02 00:33:19",2634,2488,73177,0,,,,3.95,25.1,,0.6
"2025-11-02 00:33:20",2634,2488,73172,0,,,,3.97,24.95,,0.6
"2025-11-02 00:33:22",2635,2489,73165,0,,6.35,60.8,3.99,24.65,,0.5
"2025-11-02 00:33:23",2635,2489,73162,-38.195005,-72.67674,5.5,64.6,4,24.55,,0.5
"2025-11-02 00:33:25",2637,2491,73149,0,,5.6,56.1,4.05,24.25,,0.5
"2025-11-02 00:33:26",2637,2491,73144,-38.194942,-72.676583,4.6,63.6,4.07,24.15,6.75,0.6
"2025-11-02 00:33:28",2639,2493,73129,0,,4.85,67.8,4.11,24,,0.6
"2025-11-02 00:33:29",2640,2494,73122,-38.19488,-72.676415,5.8,56,4.12,23.9,,0.6
"2025-11-02 00:33:30",2640,2494,73115,0,,4.95,59.1,4.14,23.85,,0.6
"2025-11-02 00:33:31",2641,2495,73108,0,,5.5,67.7,4.15,23.75,,0.6
"2025-11-02 00:33:32",2642,2496,73102,-38.194805,-72.676257,5.9,54.7,4.18,23.7,,0.6
"2025-11-02 00:33:33",2643,2497,73094,0,,4.25,73.2,4.18,23.7,,0.7
"2025-11-02 00:33:34",2644,2498,73087,0,,5.7,50.4,4.18,23.65,,0.7
"2025-11-02 00:33:35",2644,2498,73080,-38.194737,-72.67611,4.85,59.4,4.19,23.6,,0.7
"2025-11-02 00:33:36",2645,2499,73074,0,,5.85,63.3,4.19,23.55,,0.8
"2025-11-02 00:33:37",2646,2500,73069,0,,4.65,44.3,4.19,23.55,,0.7
"2025-11-02 00:33:38",2646,2500,73064,-38.194662,-72.675958,5.65,66.8,4.2,23.5,,0.7
"2025-11-02 00:33:39",2647,2501,73055,0,,5.2,44.2,4.2,23.5,,0.8
"2025-11-02 00:33:40",2648,2502,73046,0,,5.1,65.3,4.2,23.45,,0.8
"2025-11-02 00:33:41",2649,2503,73038,-38.194577,-72.675808,5.55,45.7,4.21,23.45,,0.8
"2025-11-02 00:33:42",2650,2504,73032,0,,4.15,64.2,4.21,23.4,,0.8
"2025-11-02 00:33:43",2650,2504,73027,0,,6.05,48.6,4.2,23.4,,0.8
"2025-11-02 00:33:44",2651,2505,73022,-38.194497,-72.675672,3.45,58.2,4.21,23.35,,0.7
"2025-11-02 00:33:45",2652,2506,73014,0,,5.95,50.9,4.21,23.4,,0.8
"2025-11-02 00:33:46",2653,2507,73007,0,,3.85,48.1,4.21,23.45,,0.8
"2025-11-02 00:33:47",2653,2507,73000,-38.194418,-72.675545,5.6,59.2,4.22,23.5,,0.8
"2025-11-02 00:33:48",2654,2508,72992,0,,3.8,40,4.22,23.55,,0.8
"2025-11-02 00:33:49",2655,2509,72985,0,,5.25,56.8,4.23,23.65,,0.8
"2025-11-02 00:33:50",2656,2510,72978,-38.194337,-72.675425,4.5,40.7,4.23,23.7,,0.8
"2025-11-02 00:33:51",2657,2511,72971,0,,4.75,64.4,4.23,23.7,,0.8
"2025-11-02 00:33:52",2657,2511,72964,0,,4.8,37.1,4.24,23.75,,0.8
"2025-11-02 00:33:53",2658,2512,72958,-38.194258,-72.675303,4.25,59.8,4.24,23.8,6.75,0.7
"2025-11-02 00:33:55",2659,2513,72947,0,,3.5,57.6,4.25,23.9,,0.7
"2025-11-02 00:33:56",2660,2514,72942,-38.194177,-72.675182,5.4,44.9,4.25,23.95,,0.7
"2025-11-02 00:33:57",2661,2515,72933,0,,3.7,45.2,4.25,23.9,,0.7
"2025-11-02 00:33:58",2662,2516,72925,0,,5.6,51.6,4.24,23.95,,0.8
"2025-11-02 00:33:59",2662,2516,72918,-38.194088,-72.675067,4.2,42.3,4.24,23.95,,0.8
"2025-11-02 00:34:00",2663,2517,72910,0,,5.25,62.3,4.25,24,,0.8
"2025-11-02 00:34:01",2664,2518,72902,0,,4.4,39.1,4.24,24,,0.8
"2025-11-02 00:34:02",2665,2519,72894,-38.194015,-72.674943,4.4,62.3,4.25,24,,0.8
"2025-11-02 00:34:03",2666,2520,72885,0,,5.5,42.6,4.25,24,,0.8
"2025-11-02 00:34:04",2667,2521,72877,0,,4.1,62,4.26,24,,0.8
"2025-11-02 00:34:05",2668,2522,72870,-38.193938,-72.674813,5.25,50.2,4.26,24,,0.8
"2025-11-02 00:34:06",2669,2523,72859,0,,3.55,47.7,4.26,24,,0.8
"2025-11-02 00:34:07",2670,2524,72848,0,,5.55,55.8,4.26,23.95,,0.9
"2025-11-02 00:34:08",2671,2525,72838,-38.193858,-72.674693,4.05,39.5,4.26,23.95,,0.9
"2025-11-02 00:34:11",2674,2528,72816,-38.193778,-72.674568,4.5,65.2,4.26,23.95,,0.9
"2025-11-02 00:34:12",2675,2529,72806,0,,5.35,43.8,4.26,23.85,,1
"2025-11-02 00:34:13",2676,2530,72797,0,,3.85,58.2,4.26,23.85,,1
"2025-11-02 00:34:14",2677,2531,72788,-38.1937,-72.674437,6,48,4.26,23.8,,1
"2025-11-02 00:34:15",2678,2532,72779,0,,4.1,51.6,4.26,23.8,,1
"2025-11-02 00:34:16",2679,2533,72769,0,,5.9,57.5,4.26,23.8,,1
"2025-11-02 00:34:17",2680,2534,72760,-38.193618,-72.6743,4.2,43.1,4.25,23.75,,1
"2025-11-02 00:34:18",2681,2535,72750,0,,5.2,57.5,4.25,23.7,,1
"2025-11-02 00:34:19",2682,2536,72741,0,,5.1,37.6,4.25,23.7,,1
"2025-11-02 00:34:20",2683,2537,72732,-38.193535,-72.674175,5.1,60.3,4.25,23.65,6.75,1
"2025-11-02 00:34:21",2684,2538,72722,0,,5.45,45.5,4.26,23.6,,1
"2025-11-02 00:34:22",2686,2540,72712,0,,4.25,61.7,4.25,23.6,,1
"2025-11-02 00:34:23",2687,2541,72702,-38.193452,-72.674037,5.75,46.6,4.25,23.5,,1
"2025-11-02 00:34:24",2688,2542,72690,0,,3.95,52.8,4.25,23.45,,1.1
"2025-11-02 00:34:25",2689,2543,72680,0,,6.05,51.8,4.26,23.4,,1.1
"2025-11-02 00:34:26",2690,2544,72670,-38.193365,-72.673908,4.2,42.1,4.25,23.35,,1.1
"2025-11-02 00:34:27",2692,2546,72658,0,,5.95,58.7,4.25,23.3,,1.1
"2025-11-02 00:34:28",2693,2547,72647,0,,4.5,41.5,4.25,23.25,,1.1
"2025-11-02 00:34:29",2694,2548,72636,-38.19328,-72.673775,5.55,60,4.24,23.2,,1.2
"2025-11-02 00:34:30",2695,2549,72624,0,,5.25,41.2,4.25,23.15,,1.2
"2025-11-02 00:34:31",2697,2551,72612,0,,4.9,65.7,4.24,23.15,,1.2
"2025-11-02 00:34:32",2698,2552,72600,-38.193193,-72.673635,5.5,40.7,4.24,23.05,,1.2
"2025-11-02 00:34:33",2699,2553,72588,0,,4.7,59.8,4.23,23.05,,1.2
"2025-11-02 00:34:34",2701,2555,72577,0,,6.15,48.8,4.23,23,,1.3
"2025-11-02 00:34:35",2702,2556,72566,-38.193105,-72.673495,4.4,54.4,4.23,22.9,,1.3
"2025-11-02 00:34:36",2703,2557,72552,0,,6,56.6,4.22,22.85,,1.3
"2025-11-02 00:34:37",2705,2559,72539,0,,4.15,44.6,4.21,22.8,,1.3
"2025-11-02 00:34:38",2706,2560,72526,-38.193022,-72.673353,5.85,59.8,4.2,22.75,,1.3
"2025-11-02 00:34:39",2708,2562,72513,0,,4.95,45.7,4.2,22.7,,1.3
"2025-11-02 00:34:40",2709,2563,72501,0,,4.8,59.8,4.19,22.7,,1.4
"2025-11-02 00:34:41",2710,2564,72490,-38.192935,-72.67321,6,45.1,4.19,22.65,,1.4
"2025-11-02 00:34:42",2712,2566,72477,0,,4.25,60.3,4.18,22.65,,1.4
"2025-11-02 00:34:43",2713,2567,72464,0,,6.3,48,4.16,22.65,,1.4
"2025-11-02 00:34:44",2715,2569,72452,-38.192845,-72.67307,4.65,52.1,4.15,22.6,,1.4
"2025-11-02 00:34:45",2716,2570,72439,0,,5.95,59.9,4.15,22.5,,1.4
"2025-11-02 00:34:46",2717,2571,72427,0,,4.55,41.4,4.14,22.5,,1.4
"2025-11-02 00:34:47",2719,2573,72416,-38.192762,-72.672927,5.6,61.2,4.13,22.45,6.75,1.4
"2025-11-02 00:34:48",2721,2575,72400,0,,5.45,41.7,4.13,22.45,,1.4
"2025-11-02 00:34:49",2722,2576,72384,0,,5.3,64.9,4.11,22.45,,1.5
"2025-11-02 00:34:50",2724,2578,72368,-38.192677,-72.672778,5.65,46.6,4.11,22.4,,1.5
"2025-11-02 00:34:51",2726,2580,72353,0,,4.35,58.3,4.1,22.35,,1.5
"2025-11-02 00:34:52",2728,2582,72338,0,,6.35,48.9,4.1,22.35,,1.5
"2025-11-02 00:34:53",2729,2583,72324,-38.192588,-72.672638,4.45,53.3,4.09,22.3,,1.5
"2025-11-02 00:34:55",2732,2586,72297,0,,4.5,48.1,4.07,22.2,,1.6
"2025-11-02 00:34:56",2734,2588,72284,-38.192508,-72.672488,5.5,64.4,4.06,22.2,,1.6
"2025-11-02 00:34:57",2736,2590,72268,0,,5.4,41.6,4.05,22.15,,1.6
"2025-11-02 00:34:58",2737,2591,72252,0,,5.05,61.1,4.05,22.15,,1.6
"2025-11-02 00:34:59",2739,2593,72236,-38.19242,-72.67234,6.2,49.4,4.04,22.05,,1.7
"2025-11-02 00:35:00",2741,2595,72218,0,,4.4,59.3,4.02,22,,1.7
"2025-11-02 00:35:01",2743,2597,72202,0,,6.25,55.7,4.01,21.95,,1.7
"2025-11-02 00:35:02",2745,2599,72186,-38.192338,-72.672192,4.4,50.8,4.01,21.9,,1.7
"2025-11-02 00:35:03",2746,2600,72172,0,,5.75,60.3,4,21.9,,1.7
"2025-11-02 00:35:04",2748,2602,72158,0,,5.25,41.5,3.99,21.85,,1.7
"2025-11-02 00:35:05",2750,2604,72144,-38.192255,-72.672052,5.65,63.6,3.98,21.8,,1.7
"2025-11-02 00:35:06",2751,2605,72126,0,,5.7,49,3.97,21.75,,1.7
"2025-11-02 00:35:07",2753,2607,72109,0,,4.8,54.1,3.97,21.75,,1.8
"2025-11-02 00:35:08",2755,2609,72092,-38.19217,-72.671903,6.35,51.4,3.96,21.7,,1.8
"2025-11-02 00:35:10",2759,2613,72058,0,,6.3,52.7,3.94,21.6,,1.8
"2025-11-02 00:35:11",2761,2615,72042,-38.192085,-72.671753,4.7,51.3,3.93,21.55,,1.8
"2025-11-02 00:35:12",2763,2617,72023,0,,6.2,62.4,3.91,21.55,,1.8
"2025-11-02 00:35:13",2765,2619,72005,0,,5.1,42.5,3.89,21.55,,1.9
"2025-11-02 00:35:14",2767,2621,71988,-38.192002,-72.671598,5.85,64,3.87,21.55,6.75,1.9
"2025-11-02 00:35:15",2769,2623,71969,0,,5.85,45.9,3.85,21.5,,1.9
"2025-11-02 00:35:16",2771,2625,71951,0,,5.05,64.6,3.84,21.5,,1.9
"2025-11-02 00:35:17",2773,2627,71934,-38.191917,-72.671442,6.05,52.9,3.83,21.5,,2
"2025-11-02 00:35:18",2775,2629,71918,0,,4.35,53.7,3.82,21.5,,2
"2025-11-02 00:35:19",2777,2631,71901,0,,6.15,60.4,3.8,21.5,,2
"2025-11-02 00:35:20",2779,2633,71884,-38.191837,-72.671295,4.6,46.5,3.78,21.5,,2
"2025-11-02 00:35:21",2781,2635,71863,0,,5.5,60,3.76,21.5,,2
"2025-11-02 00:35:22",2784,2638,71842,0,,6.2,52,3.74,21.5,,2
"2025-11-02 00:35:23",2786,2640,71822,-38.191753,-72.671143,5.25,56.9,3.74,21.5,,2.1
"2025-11-02 00:35:24",2788,2642,71803,0,,5.5,51.5,3.74,21.5,,2.1
"2025-11-02 00:35:25",2790,2644,71785,0,,5.5,51.5,3.74,21.5,,2.1
"2025-11-02 00:35:26",2792,2646,71768,-38.191668,-72.670988,6.4,57.8,3.72,21.5,,2.1
"2025-11-02 00:35:27",2794,2648,71747,0,,4.5,49.9,3.72,21.5,,2.1
"2025-11-02 00:35:28",2797,2651,71726,0,,5.95,56.9,3.72,21.5,,2.1
"2025-11-02 00:35:29",2799,2653,71706,-38.191578,-72.670835,5.45,45.4,3.7,21.55,,2.1
"2025-11-02 00:35:30",2801,2655,71686,0,,5.05,62.3,3.65,21.5,,2.2
"2025-11-02 00:35:31",2804,2658,71667,0,,6.2,45.3,3.63,21.5,,2.2
"2025-11-02 00:35:32",2806,2660,71648,-38.19149,-72.670688,5,62.5,3.61,21.5,,2.2
"2025-11-02 00:35:33",2808,2662,71628,0,,6.15,52.4,3.6,21.55,,2.2
"2025-11-02 00:35:34",2810,2664,71608,0,,4.2,55.3,3.57,21.55,,2.2
"2025-11-02 00:35:35",2813,2667,71588,-38.191408,-72.670542,5.9,54.4,3.55,21.55,,2.2
"2025-11-02 00:35:37",2817,2671,71548,0,,6.2,58.3,3.52,21.6,,2.2
"2025-11-02 00:35:38",2819,2673,71528,-38.191315,-72.670402,4.95,42.8,3.5,21.6,,2.3
"2025-11-02 00:35:40",2824,2678,71490,0,,5.55,42.2,3.46,21.6,,2.2
"2025-11-02 00:35:41",2826,2680,71472,-38.191228,-72.670258,5.25,63.6,3.45,21.6,6.5,2.2
"2025-11-02 00:35:43",2831,2685,71429,0,,4.95,62.3,3.41,21.65,,2.3
"2025-11-02 00:35:44",2833,2687,71408,-38.191138,-72.67011,6.35,45.6,3.4,21.65,,2.3
"2025-11-02 00:35:46",2837,2691,71367,0,,6.25,51.8,3.35,21.7,,2.3
"2025-11-02 00:35:47",2840,2694,71348,-38.191048,-72.669962,4.5,50.7,3.34,21.7,,2.3
"2025-11-02 00:35:49",2845,2699,71301,0,,4.8,49.9,3.31,21.7,,2.3
"2025-11-02 00:35:50",2848,2702,71278,-38.190958,-72.669807,6.3,60.1,3.31,21.75,,2.3
"2025-11-02 00:35:52",2853,2707,71232,0,,5.9,60.1,3.3,21.55,,2.4
"2025-11-02 00:35:53",2855,2709,71210,-38.190865,-72.669657,5.55,42,3.3,21.45,,2.4
"2025-11-02 00:35:56",2863,2717,71146,-38.190775,-72.669493,5.15,64.7,3.27,21.05,,2.5
"2025-11-02 00:36:06",2889,2743,70916,0,,6.5,51.5,3.22,19.2,,2.6
"2025-11-02 00:36:07",2892,2746,70893,0,,5.35,70.3,3.2,19,,2.6
"2025-11-02 00:36:08",2894,2748,70870,-38.190437,-72.668827,6.4,53.7,3.2,18.75,6.5,2.6
"2025-11-02 00:36:09",2897,2751,70850,0,,5.05,64,3.19,18.55,,2.6
"2025-11-02 00:36:10",2899,2753,70830,0,,6.75,61.1,3.19,18.35,,2.6
"2025-11-02 00:36:11",2901,2755,70810,-38.19036,-72.668658,4.85,54.1,3.18,18.1,,2.6
"2025-11-02 00:36:38",2975,2829,70168,-38.189673,-72.666902,5.55,65.4,3.05,11.3,,2.7
"2025-11-02 00:36:40",2981,2835,70121,0,,6.6,63.8,3.05,10.95,,2.7
"2025-11-02 00:36:41",2984,2838,70098,-38.189607,-72.666693,6.15,75.1,3.05,10.9,,2.7
"2025-11-02 00:36:48",3003,2857,69933,0,,6.65,78.2,3.02,11.6,,2.7
"2025-11-02 00:36:49",3005,2859,69909,0,,6.75,62.8,3.01,11.8,,2.7
"2025-11-02 00:36:50",3008,2862,69886,-38.189403,-72.666058,6.05,71.6,3.01,12.1,,2.7
"2025-11-02 00:36:55",3021,2875,69772,0,,6.4,69.1,2.9,14,,2.7
"2025-11-02 00:36:56",3024,2878,69750,-38.189268,-72.665638,7.2,66.7,2.88,14.45,,2.7
"2025-11-02 00:37:35",3130,2984,68844,-38.188233,-72.662632,6.9,60.7,1.88,23.75,,2.7
"2025-11-02 00:37:36",3133,2987,68821,0,,8.25,63.8,1.86,23.8,,2.7
"2025-11-02 00:37:37",3135,2989,68798,0,,7.3,73,1.84,23.85,,2.7
"2025-11-02 00:37:38",3138,2992,68776,-38.18815,-72.662392,8.6,63.7,1.82,23.9,,2.7
"2025-11-02 00:37:40",3143,2997,68730,0,,7.65,62,1.77,24.05,,2.7
"2025-11-02 00:37:41",3146,3000,68708,-38.188058,-72.662147,8.55,69.8,1.75,24.1,,2.7
"2025-11-02 00:37:45",3156,3010,68622,0,,8.35,62.1,1.65,24.45,,2.7
"2025-11-02 00:37:46",3158,3012,68601,0,,7.75,69.9,1.63,24.5,,2.7
"2025-11-02 00:37:47",3161,3015,68580,-38.18788,-72.661655,7.85,56,1.61,24.6,,2.7
"2025-11-02 00:37:48",3163,3017,68559,0,,8.05,69.1,1.59,24.65,,2.6
"2025-11-02 00:37:49",3166,3020,68539,0,,7.3,63.1,1.57,24.65,,2.6
"2025-11-02 00:37:50",3168,3022,68520,-38.187788,-72.661412,8.65,66.3,1.55,24.65,,2.5
"2025-11-02 00:37:51",3171,3025,68498,0,,6.9,65.2,1.53,24.7,,2.5
"2025-11-02 00:37:52",3173,3027,68477,0,,8.8,63.5,1.48,24.7,,2.5
"2025-11-02 00:37:53",3176,3030,68456,-38.187702,-72.661167,7.5,71.3,1.47,24.75,,2.5
"2025-11-02 00:37:55",3180,3034,68419,0,,7.95,70.5,1.43,24.75,,2.4
"2025-11-02 00:37:56",3182,3036,68402,-38.187608,-72.660917,7.6,61.6,1.42,24.75,5.5,2.4
"2025-11-02 00:37:57",3184,3038,68381,0,,9.05,70.1,1.38,24.75,,2.4
"2025-11-02 00:37:58",3187,3041,68360,0,,7.6,65.3,1.35,24.75,,2.4
"2025-11-02 00:37:59",3189,3043,68340,-38.187517,-72.660653,9.2,65.2,1.33,24.8,,2.4
"2025-11-02 00:38:00",3192,3046,68319,0,,7.9,68.8,1.32,24.8,,2.4
"2025-11-02 00:38:01",3194,3048,68298,0,,7.9,61.5,1.3,24.85,,2.4
"2025-11-02 00:38:02",3197,3051,68278,-38.187423,-72.660397,8.55,68.5,1.28,24.9,,2.4
"2025-11-02 00:38:03",3199,3053,68257,0,,8.85,60.7,1.27,24.9,,2.4
"2025-11-02 00:38:04",3201,3055,68237,0,,8.35,70.6,1.25,24.95,,2.4
"2025-11-02 00:38:05",3204,3058,68218,-38.187332,-72.660132,7.6,65.8,1.24,24.9,,2.3
"2025-11-02 00:38:07",3209,3063,68176,0,,7.7,70,1.2,24.85,,2.4
"2025-11-02 00:38:08",3211,3065,68156,-38.187247,-72.659872,8.35,62.5,1.18,24.8,,2.4
"2025-11-02 00:38:10",3215,3069,68124,0,,8.5,62.9,1.14,24.8,,2.3
"2025-11-02 00:38:11",3217,3071,68108,-38.187167,-72.659608,8.45,73.7,1.13,24.75,,2.3
"2025-11-02 00:38:13",3221,3075,68070,0,,9.1,70,1.09,24.75,,2.2
"2025-11-02 00:38:14",3223,3077,68052,-38.187085,-72.659348,7,67.6,1.08,24.7,,2.2
"2025-11-02 00:38:16",3228,3082,68017,0,,7,71.6,1.02,24.7,,2.2
"2025-11-02 00:38:17",3230,3084,68000,-38.187005,-72.659093,8.65,66,1.01,24.65,,2.2
"2025-11-02 00:38:19",3234,3088,67965,0,,8.4,61.6,0.98,24.65,,2.1
"2025-11-02 00:38:20",3236,3090,67948,-38.18693,-72.658835,7.8,77.9,0.96,24.65,,2.1
"2025-11-02 00:38:22",3240,3094,67916,0,,8.3,75.4,0.93,24.65,,2
"2025-11-02 00:38:23",3241,3095,67900,-38.186857,-72.658585,7.25,63.3,0.9,24.65,5.25,2
"2025-11-02 00:38:25",3245,3099,67866,0,,7.8,73.6,0.87,24.65,,2
"2025-11-02 00:38:26",3247,3101,67850,-38.186788,-72.658325,8.8,72.3,0.87,24.65,,2
"2025-11-02 00:38:28",3252,3106,67814,0,,8.55,70.1,0.86,24.65,,2
"2025-11-02 00:38:29",3254,3108,67796,-38.186722,-72.658072,7.6,73.4,0.85,24.65,,2
"2025-11-02 00:38:30",3255,3109,67781,0,,7.95,65.4,0.83,24.7,,2
"2025-11-02 00:38:31",3257,3111,67767,0,,8.25,77.6,0.82,24.7,,2
"2025-11-02 00:38:32",3259,3113,67754,-38.186653,-72.657818,7.3,64.7,0.81,24.65,,1.9
"2025-11-02 00:38:33",3261,3115,67737,0,,8.6,78,0.8,24.65,,1.9
"2025-11-02 00:38:34",3263,3117,67721,0,,7.4,71.5,0.78,24.6,,1.9
"2025-11-02 00:38:35",3265,3119,67706,-38.186587,-72.657555,8.7,71.4,0.76,24.55,,1.9
"2025-11-02 00:38:36",3267,3121,67688,0,,6.6,76.5,0.76,24.5,,1.9
"2025-11-02 00:38:37",3269,3123,67671,0,,8.3,70.9,0.75,24.35,,1.9
"2025-11-02 00:38:38",3271,3125,67654,-38.186528,-72.6573,7.2,80.7,0.74,24.25,,1.9
"2025-11-02 00:38:39",3272,3126,67639,0,,7.75,70.2,0.73,24.15,,1.9
"2025-11-02 00:38:40",3274,3128,67625,0,,8.25,80.5,0.72,24,,1.9
"2025-11-02 00:38:41",3276,3130,67612,-38.186475,-72.657045,6.7,69.4,0.72,23.9,,1.8
"2025-11-02 00:38:42",3278,3132,67596,0,,8.35,80.1,0.71,23.85,,1.8
"2025-11-02 00:38:43",3280,3134,67580,0,,7.1,74.4,0.7,23.75,,1.9
"2025-11-02 00:38:44",3281,3135,67564,-38.186422,-72.65679,8.4,72.5,0.69,23.7,,1.9
"2025-11-02 00:38:45",3283,3137,67548,0,,6.75,81.3,0.68,23.65,,1.9
"2025-11-02 00:38:46",3285,3139,67533,0,,8.45,68.1,0.67,23.6,,1.9
"2025-11-02 00:38:47",3287,3141,67518,-38.186368,-72.656538,6.75,81,0.66,23.5,,1.9
"2025-11-02 00:38:48",3289,3143,67504,0,,7.5,71.7,0.65,23.4,,1.8
"2025-11-02 00:38:49",3290,3144,67491,0,,8.2,83,0.64,23.35,,1.8
"2025-11-02 00:38:50",3292,3146,67478,-38.186322,-72.656287,7.15,67.7,0.61,23.25,5,1.7
"2025-11-02 00:38:51",3294,3148,67462,0,,8.4,79.8,0.6,23.15,,1.8
"2025-11-02 00:38:52",3295,3149,67447,0,,6.65,75.3,0.58,23.1,,1.8
"2025-11-02 00:38:53",3297,3151,67432,-38.186272,-72.65603,8.85,76.7,0.57,23.05,,1.8
"2025-11-02 00:38:55",3301,3155,67404,0,,8.55,71.6,0.54,22.9,,1.8
"2025-11-02 00:38:56",3302,3156,67390,-38.186223,-72.655773,6.75,84.1,0.52,22.85,,1.7
"2025-11-02 00:38:57",3304,3158,67375,0,,7.85,72.1,0.5,22.8,,1.7
"2025-11-02 00:38:58",3306,3160,67361,0,,7.65,88,0.47,22.8,,1.7
"2025-11-02 00:38:59",3307,3161,67348,-38.186188,-72.655527,7.5,73.1,0.45,22.8,,1.7
"2025-11-02 00:39:00",3309,3163,67334,0,,8.3,82.1,0.45,22.8,,1.7
"2025-11-02 00:39:01",3311,3165,67320,0,,6.6,74.8,0.44,22.85,,1.7
"2025-11-02 00:39:02",3312,3166,67306,-38.186143,-72.655272,8.6,78.3,0.42,22.9,,1.7
"2025-11-02 00:39:03",3314,3168,67291,0,,,,0.4,23,,1.7
"2025-11-02 00:39:04",3316,3170,67277,0,,,,0.39,23.05,,1.7
"2025-11-02 00:39:05",3317,3171,67264,0,,,,0.38,23.1,,1.7
"2025-11-02 00:39:06",3319,3173,67250,0,,8,70.8,0.36,23.2,,1.7
"2025-11-02 00:39:07",3321,3175,67236,0,,7.3,85.2,0.36,23.25,,1.7
"2025-11-02 00:39:08",3322,3176,67222,-38.186067,-72.654768,7.3,74.8,0.34,23.35,,1.7
"2025-11-02 00:39:10",3326,3180,67191,0,,6.9,75.2,0.31,23.5,,1.7
"2025-11-02 00:39:11",3328,3182,67176,-38.186023,-72.654507,8.5,77.3,0.29,23.6,,1.7
"2025-11-02 00:39:12",3330,3184,67161,0,,6.5,80.5,0.29,23.65,,1.7
"2025-11-02 00:39:13",3331,3185,67146,0,,7.75,77.9,0.28,23.7,,1.7
"2025-11-02 00:39:14",3333,3187,67132,-38.185985,-72.654252,8.05,84.5,0.26,23.75,,1.7
"2025-11-02 00:39:15",3335,3189,67117,0,,7.4,72,0.26,23.8,,1.7
"2025-11-02 00:39:16",3336,3190,67103,0,,7.4,83.5,0.25,23.85,,1.7
"2025-11-02 00:39:17",3338,3192,67090,-38.185945,-72.654002,7.2,77.7,0.23,23.85,4.5,1.7
"2025-11-02 00:39:18",3340,3194,67076,0,,8.45,78.1,0.22,23.9,,1.7
"2025-11-02 00:39:19",3341,3195,67063,0,,6.7,85.2,0.21,23.9,,1.7
"2025-11-02 00:39:20",3343,3197,67050,-38.185907,-72.653743,8.25,75.3,0.2,23.9,,1.7
"2025-11-02 00:39:21",3345,3199,67034,0,,7.5,85.9,0.19,23.9,,1.7
"2025-11-02 00:39:22",3347,3201,67019,0,,7.6,72.2,0.17,23.9,,1.7
"2025-11-02 00:39:23",3348,3202,67004,-38.185865,-72.653482,8.25,83.2,0.16,23.9,,1.7
"2025-11-02 00:39:24",3350,3204,66989,0,,6.5,75.4,0.15,23.95,,1.7
"2025-11-02 00:39:25",3352,3206,66974,0,,8.4,80.4,0.13,23.95,,1.7
"2025-11-02 00:39:26",3354,3208,66960,-38.18583,-72.653235,6.5,79.1,0.12,24,,1.7
"2025-11-02 00:39:27",3355,3209,66947,0,,8.3,76.8,0.11,24,,1.7
"2025-11-02 00:39:28",3357,3211,66934,0,,7.35,86.5,0.09,24.05,,1.7
"2025-11-02 00:39:29",3358,3212,66922,-38.185792,-72.652985,8,71.9,0.08,24.1,,1.7
"2025-11-02 00:39:30",3360,3214,66906,0,,7.65,86.8,0.06,24.15,,1.7
"2025-11-02 00:39:31",3362,3216,66890,0,,7.4,71.7,0.04,24.2,,1.7
"2025-11-02 00:39:32",3364,3218,66874,-38.18575,-72.652728,8.2,84.5,0.02,24.3,,1.8
"2025-11-02 00:39:33",3366,3220,66861,0,,6.6,75.1,0.01,24.35,,1.7
"2025-11-02 00:39:34",3367,3221,66849,0,,8.3,81.8,0,24.35,,1.7
"2025-11-02 00:39:35",3368,3222,66838,-38.185718,-72.652482,6.55,81.9,-0.01,24.45,,1.7
"2025-11-02 00:39:36",3370,3224,66824,0,,8.65,78.9,-0.02,24.5,,1.7
"2025-11-02 00:39:37",3372,3226,66810,0,,6.7,84.7,-0.03,24.5,,1.7
"2025-11-02 00:39:38",3373,3227,66796,-38.185685,-72.652228,8.4,76.3,-0.05,24.55,,1.7
"2025-11-02 00:39:39",3375,3229,66783,0,,7.15,85.4,-0.06,24.55,,1.6
"2025-11-02 00:39:40",3377,3231,66770,0,,7.75,72.9,-0.06,24.6,,1.6
"2025-11-02 00:39:41",3378,3232,66758,-38.185647,-72.651972,7.4,88,-0.07,24.65,,1.6
"2025-11-02 00:39:42",3380,3234,66745,0,,7.15,77.1,-0.09,24.7,,1.6
"2025-11-02 00:39:43",3381,3235,66732,0,,8.35,85.9,-0.11,24.7,,1.6
"2025-11-02 00:39:44",3383,3237,66720,-38.185622,-72.651717,6.75,82.2,-0.13,24.75,4.25,1.5
"2025-11-02 00:39:45",3384,3238,66706,0,,8.8,79.4,-0.14,24.7,,1.5
"2025-11-02 00:39:46",3386,3240,66693,0,,7,88,-0.15,24.75,,1.6
"2025-11-02 00:39:47",3387,3241,66680,-38.18559,-72.651452,8.6,76,-0.17,24.75,,1.6
"2025-11-02 00:39:48",3389,3243,66667,0,,7.4,85.9,-0.19,24.75,,1.6
"2025-11-02 00:39:49",3390,3244,66654,0,,7.5,74.8,-0.2,24.75,,1.6
"2025-11-02 00:39:50",3392,3246,66642,-38.185555,-72.651188,8.35,86.5,-0.21,24.75,,1.5
"2025-11-02 00:39:51",3394,3248,66628,0,,,,-0.22,24.75,,1.6
"2025-11-02 00:39:52",3395,3249,66614,0,,,,-0.23,24.75,,1.6
"2025-11-02 00:39:53",3397,3251,66600,0,,,,-0.26,24.7,,1.6
"2025-11-02 00:39:55",3400,3254,66574,0,,7.05,87.1,-0.27,24.6,,1.6
"2025-11-02 00:39:56",3402,3256,66562,-38.185497,-72.65067,7.95,75.7,-0.28,24.55,,1.6
"2025-11-02 00:39:57",3403,3257,66549,0,,7.8,91.7,-0.29,24.45,,1.6
"2025-11-02 00:39:58",3405,3259,66536,0,,7.65,76.9,-0.3,24.35,,1.6
"2025-11-02 00:39:59",3406,3260,66524,-38.18547,-72.650402,8.35,82.5,-0.31,24.3,,1.6
"2025-11-02 00:40:00",3408,3262,66509,0,,6.65,78.8,-0.32,24.15,,1.6
"2025-11-02 00:40:01",3410,3264,66495,0,,8.5,82.1,-0.33,24.05,,1.6
"2025-11-02 00:40:02",3411,3265,66482,-38.18544,-72.650142,6.9,86.5,-0.34,23.95,,1.6
"2025-11-02 00:40:03",3413,3267,66471,0,,8.6,76.9,-0.35,23.85,,1.6
"2025-11-02 00:40:04",3414,3268,66460,0,,7.3,87.4,-0.36,23.75,,1.5
"2025-11-02 00:40:05",3415,3269,66450,-38.185407,-72.64988,7.8,73.4,-0.38,23.65,,1.5
"2025-11-02 00:40:06",3417,3271,66435,0,,7.8,89.3,-0.39,23.55,,1.5
"2025-11-02 00:40:07",3419,3273,66421,0,,7.15,74,-0.41,23.45,,1.5
"2025-11-02 00:40:08",3420,3274,66408,-38.185377,-72.649623,8.2,88.3,-0.42,23.35,,1.6
"2025-11-02 00:40:10",3423,3277,66384,0,,8.95,85.1,-0.45,23.3,,1.5
"2025-11-02 00:40:11",3425,3279,66372,-38.185353,-72.64936,6.8,80.7,-0.46,23.2,4,1.5
"2025-11-02 00:40:12",3426,3280,66360,0,,8.45,79.4,-0.47,23.05,,1.5
"2025-11-02 00:40:13",3428,3282,66348,0,,7,90.2,-0.48,23.05,,1.5
"2025-11-02 00:40:14",3429,3283,66336,-38.185328,-72.649103,8.15,79.1,-0.49,22.95,,1.5
"2025-11-02 00:40:15",3430,3284,66324,0,,7.7,89.4,-0.5,22.9,,1.5
"2025-11-02 00:40:16",3432,3286,66313,0,,7.7,74.4,-0.51,22.85,,1.5
"2025-11-02 00:40:17",3433,3287,66302,-38.185303,-72.648838,8.15,88.1,-0.52,22.8,,1.5
"2025-11-02 00:40:18",3435,3289,66290,0,,6.9,76.9,-0.53,22.75,,1.5
"2025-11-02 00:40:19",3436,3290,66278,0,,8.35,84.8,-0.56,22.75,,1.5
"2025-11-02 00:40:20",3437,3291,66266,-38.185277,-72.64858,6.7,84.8,-0.56,22.7,,1.5
"2025-11-02 00:40:21",3439,3293,66252,0,,8.8,80.4,-0.56,22.6,,1.5
"2025-11-02 00:40:22",3441,3295,66238,0,,6.85,87,-0.57,22.6,,1.5
"2025-11-02 00:40:23",3443,3297,66224,-38.185248,-72.648315,8.3,77.9,-0.59,22.55,,1.5
"2025-11-02 00:40:24",3444,3298,66212,0,,7.55,88.5,-0.6,22.55,,1.5
"2025-11-02 00:40:25",3445,3299,66201,0,,7.5,76.5,-0.61,22.5,,1.5
"2025-11-02 00:40:26",3447,3301,66190,-38.185223,-72.648047,8.3,91.7,-0.62,22.5,,1.5
"2025-11-02 00:40:27",3448,3302,66178,0,,7.15,76.1,-0.63,22.45,,1.5
"2025-11-02 00:40:28",3449,3303,66167,0,,8.45,86.4,-0.64,22.45,,1.5
"2025-11-02 00:40:29",3451,3305,66156,-38.185202,-72.647787,6.7,83.9,-0.65,22.4,,1.5
"2025-11-02 00:40:30",3452,3306,66143,0,,9,82.4,-0.66,22.35,,1.5
"2025-11-02 00:40:31",3454,3308,66130,0,,6.95,87.2,-0.67,22.3,,1.5
"2025-11-02 00:40:32",3455,3309,66118,-38.185177,-72.647522,8.45,77.4,-0.68,22.25,,1.5
"2025-11-02 00:40:33",3457,3311,66106,0,,7.4,89.1,-0.69,22.2,,1.5
"2025-11-02 00:40:34",3458,3312,66095,0,,7.45,74.6,-0.71,22.2,,1.4
"2025-11-02 00:40:35",3459,3313,66084,-38.185148,-72.647262,7.9,91.1,-0.72,22.15,,1.4
"2025-11-02 00:40:37",3463,3317,66057,0,,8.35,87,-0.73,22.05,,1.4
"2025-11-02 00:40:38",3464,3318,66044,-38.185123,-72.647,6.9,80.2,-0.74,21.95,3.5,1.5
"2025-11-02 00:40:40",3467,3321,66024,0,,6.45,84.3,-0.75,21.8,,1.4
"2025-11-02 00:40:41",3468,3322,66014,-38.185098,-72.646742,8.65,81.5,-0.76,21.75,,1.4
"2025-11-02 00:40:43",3471,3325,65990,0,,8.4,75.2,-0.78,21.6,,1.4
"2025-11-02 00:40:44",3472,3326,65978,-38.18507,-72.646475,7.45,89.4,-0.79,21.55,,1.4
"2025-11-02 00:40:47",3475,3329,65955,0,,7.95,89.7,-0.8,21.5,,1.4
"2025-11-02 00:40:48",3476,3330,65946,-38.185045,-72.646215,7.55,78.1,-0.81,21.4,,1.4
"2025-11-02 00:40:49",3479,3333,65924,0,,6.65,81.3,-0.83,21.35,,1.3
"2025-11-02 00:40:50",3480,3334,65914,-38.185012,-72.645942,9.2,80.9,-0.85,21.3,,1.3
"2025-11-02 00:40:52",3484,3338,65886,0,,8.25,76,-0.87,21.25,,1.4
"2025-11-02 00:40:53",3485,3339,65872,-38.184975,-72.645673,7.65,89.1,-0.89,21.2,,1.4
"2025-11-02 00:40:56",3489,3343,65844,-38.184945,-72.64541,7.35,77.1,-0.92,21.05,,1.4
"2025-11-02 00:40:58",3491,3345,65821,0,,6.5,82.1,-0.93,21.05,,1.4
"2025-11-02 00:40:59",3493,3347,65810,-38.184907,-72.64515,8.65,79.3,-0.94,21,,1.4
"2025-11-02 00:41:00",3494,3348,65799,0,,7,88.6,-0.96,21,,1.4
"2025-11-02 00:41:01",3495,3349,65788,0,,8.3,76.9,-0.96,20.95,,1.4
"2025-11-02 00:41:02",3497,3351,65778,-38.18488,-72.644883,8.15,87.3,-0.98,20.95,,1.4
"2025-11-02 00:41:04",3498,3352,65766,0,,7.25,76.6,-0.98,20.9,,1.4
"2025-11-02 00:41:05",3499,3353,65756,0,,7.9,83.5,-1,20.8,,1.3
"2025-11-02 00:41:06",3501,3355,65746,-38.184852,-72.64463,6.75,78,-1.01,20.75,3.5,1.3
"2025-11-02 00:41:06",3502,3356,65736,0,,8.6,83.6,-1.01,20.75,,1.3
"2025-11-02 00:41:07",3503,3357,65724,0,,6.75,81.8,-1.02,20.75,,1.3
"2025-11-02 00:41:08",3505,3359,65712,-38.184822,-72.644373,8.55,79,-1.02,20.7,,1.3
"2025-11-02 00:41:09",3506,3360,65701,0,,6.65,86.9,-1.04,20.7,,1.3
"2025-11-02 00:41:10",3507,3361,65690,0,,8,77.2,-1.06,20.7,,1.3
"2025-11-02 00:41:11",3509,3363,65680,-38.184795,-72.64412,7.7,89.7,-1.06,20.7,,1.3
"2025-11-02 00:41:12",3510,3364,65669,0,,7.5,73.8,-1.07,20.75,,1.3
"2025-11-02 00:41:13",3511,3365,65658,0,,8.3,85.8,-1.08,20.75,,1.3
"2025-11-02 00:41:14",3513,3367,65648,-38.184762,-72.643862,6.7,75.1,-1.09,20.7,,1.3
"2025-11-02 00:41:15",3514,3368,65638,0,,8.3,82.7,-1.1,20.7,,1.3
"2025-11-02 00:41:16",3515,3369,65629,0,,6.4,82.6,-1.1,20.65,,1.3
"2025-11-02 00:41:17",3516,3370,65620,-38.18473,-72.64361,8.15,80.2,-1.11,20.6,,1.3
"2025-11-02 00:41:18",3517,3371,65609,0,,7.2,89.3,-1.12,20.6,,1.3
"2025-11-02 00:41:19",3518,3372,65599,0,,7.9,74.4,-1.13,20.6,,1.3
"2025-11-02 00:41:20",3520,3374,65590,-38.184702,-72.643348,7.9,88.9,-1.15,20.5,,1.3
"2025-11-02 00:41:21",3521,3375,65579,0,,7.15,74.9,-1.16,20.45,,1.2
"2025-11-02 00:41:22",3522,3376,65568,0,,8.45,85.7,-1.16,20.4,,1.2
"2025-11-02 00:41:23",3524,3378,65558,-38.184673,-72.643093,6.5,78.6,-1.17,20.35,,1.2
"2025-11-02 00:41:24",3525,3379,65548,0,,8.5,81.9,-1.18,20.35,,1.2
"2025-11-02 00:41:25",3526,3380,65538,0,,6.45,85.2,-1.19,20.35,,1.2
"2025-11-02 00:41:26",3527,3381,65528,-38.184647,-72.642843,8.3,79.2,-1.2,20.3,,1.2
"2025-11-02 00:41:27",3529,3383,65516,0,,7.3,88.2,-1.2,20.25,,1.2
"2025-11-02 00:41:28",3530,3384,65506,0,,7.95,73.2,-1.21,20.25,,1.2
"2025-11-02 00:41:29",3531,3385,65496,-38.184618,-72.642585,7.65,89.2,-1.23,20.2,,1.3
"2025-11-02 00:41:30",3532,3386,65487,0,,7.4,72.3,-1.24,20.2,,1.2
"2025-11-02 00:41:31",3533,3387,65478,0,,8,86.2,-1.25,20.1,,1.2
"2025-11-02 00:41:32",3534,3388,65470,-38.184587,-72.642333,6.8,78.4,-1.25,20.05,3,1.2
"2025-11-02 00:41:33",3536,3390,65458,0,,8.65,82.9,-1.26,19.9,,1.2
"2025-11-02 00:41:34",3537,3391,65447,0,,6.65,80.5,-1.27,19.8,,1.2
"2025-11-02 00:41:35",3538,3392,65436,-38.184552,-72.642075,8.55,78.4,-1.28,19.7,,1.2
"2025-11-02 00:41:36",3539,3393,65427,0,,6.65,85,-1.28,19.55,,1.2
"2025-11-02 00:41:37",3541,3395,65418,0,,8.2,75.2,-1.3,19.45,,1.2
"2025-11-02 00:41:38",3542,3396,65410,-38.184515,-72.641818,7.2,88,-1.31,19.35,,1.2
"2025-11-02 00:41:40",3544,3398,65391,0,,,,-1.32,19.15,,1.2
"2025-11-02 00:41:41",3545,3399,65382,0,,,,-1.32,19.05,,1.2
"2025-11-02 00:41:42",3546,3400,65373,0,,8.6,84,-1.33,18.9,,1.2
"2025-11-02 00:41:43",3547,3401,65365,0,,6.7,74.9,-1.34,18.75,,1.1
"2025-11-02 00:41:44",3548,3402,65358,-38.18444,-72.641298,8.55,81.1,-1.34,18.65,,1.1
"2025-11-02 00:41:45",3549,3403,65348,0,,6.7,80.9,-1.36,18.5,,1.1
"2025-11-02 00:41:46",3550,3404,65338,0,,8.8,77.8,-1.36,18.4,,1.1
"2025-11-02 00:41:47",3552,3406,65328,-38.184407,-72.641037,7,83.9,-1.37,18.3,,1.1
"2025-11-02 00:41:48",3553,3407,65317,0,,8.25,73.9,-1.38,18.2,,1.1
"2025-11-02 00:41:49",3554,3408,65307,0,,7.35,87.1,-1.39,18.15,,1.1
"2025-11-02 00:41:50",3555,3409,65298,-38.184367,-72.640783,7.95,72.8,-1.39,18.1,,1.1
"2025-11-02 00:41:51",3556,3410,65289,0,,8.35,86.9,-1.4,18,,1.1
"2025-11-02 00:41:52",3557,3411,65280,0,,7.45,71.5,-1.41,18,,1.1
"2025-11-02 00:41:53",3559,3413,65272,-38.184325,-72.64051,8.8,81.5,-1.41,17.95,,1.1
"2025-11-02 00:41:55",3561,3415,65252,0,,8.55,78.3,-1.45,17.95,,1.1
"2025-11-02 00:41:56",3562,3416,65242,-38.18428,-72.640247,7.05,83.6,-1.45,17.95,,1.2
"2025-11-02 00:41:57",3563,3417,65233,0,,8.5,71.7,-1.46,18,,1.2
"2025-11-02 00:41:58",3564,3418,65224,0,,7.65,80.9,-1.47,18.05,,1.2
"2025-11-02 00:41:59",3565,3419,65216,-38.18423,-72.639983,7.85,70.7,-1.47,18.1,2.75,1.2
"2025-11-02 00:42:00",3566,3420,65207,0,,8.05,84,-1.48,18.15,,1.1
"2025-11-02 00:42:01",3568,3422,65198,0,,7.15,75.5,-1.48,18.25,,1.1
"2025-11-02 00:42:02",3569,3423,65190,-38.184185,-72.639722,8.75,78.5,-1.49,18.35,,1.1
"2025-11-02 00:42:03",3570,3424,65181,0,,7.8,77.1,-1.5,18.45,,1.1
"2025-11-02 00:42:04",3571,3425,65172,0,,8.4,74.8,-1.5,18.65,,1.1
"2025-11-02 00:42:05",3572,3426,65164,-38.184137,-72.639452,7.3,83,-1.51,18.8,,1.1
"2025-11-02 00:42:06",3573,3427,65153,0,,8.4,71.9,-1.52,19,,1.1
"2025-11-02 00:42:07",3574,3428,65142,0,,8.15,81.9,-1.53,19.2,,1.1
"2025-11-02 00:42:08",3576,3430,65132,-38.184088,-72.639185,7.5,72.1,-1.54,19.4,,1.1
"2025-11-02 00:42:09",3577,3431,65123,0,,8.85,82.8,-1.55,19.6,,1.1
"2025-11-02 00:42:10",3578,3432,65114,0,,7.55,77.7,-1.56,19.85,,1.1
"2025-11-02 00:42:11",3579,3433,65106,-38.184042,-72.638907,9.25,77.1,-1.59,20.1,,1.1
"2025-11-02 00:42:12",3580,3434,65097,0,,7.5,79.8,-1.59,20.35,,1.1
"2025-11-02 00:42:13",3581,3435,65089,0,,8.55,71.3,-1.6,20.65,,1.1
"2025-11-02 00:42:14",3582,3436,65082,-38.183992,-72.63863,8.2,84.5,-1.61,20.9,,1.1
"2025-11-02 00:42:15",3583,3437,65072,0,,8.05,76.4,-1.62,21.2,,1.1
"2025-11-02 00:42:16",3584,3438,65063,0,,8.95,77.9,-1.62,21.45,,1.1
"2025-11-02 00:42:17",3585,3439,65054,-38.183945,-72.638355,7.25,74.6,-1.63,21.7,,1.1
"2025-11-02 00:42:18",3586,3440,65044,0,,9.3,77.9,-1.64,21.95,,1.1
"2025-11-02 00:42:19",3588,3442,65035,0,,7.3,80.9,-1.65,22.15,,1.1
"2025-11-02 00:42:20",3589,3443,65026,-38.183902,-72.638087,8.4,75.3,-1.65,22.3,,1.1
"2025-11-02 00:42:21",3590,3444,65017,0,,8.65,84,-1.66,22.4,,1.1
"2025-11-02 00:42:22",3591,3445,65008,0,,8.65,84,-1.66,22.5,,1.1
"2025-11-02 00:42:23",3592,3446,65000,-38.183863,-72.637815,8.8,84,-1.67,22.55,,1.1
"2025-11-02 00:42:25",3594,3448,64982,0,,8.4,76,-1.67,22.65,,1.1
"2025-11-02 00:42:26",3595,3449,64974,-38.183822,-72.63754,8.2,84.8,-1.67,22.7,2.5,1.1
"2025-11-02 00:42:27",3596,3450,64964,0,,7.8,69.4,-1.68,22.75,,1.1
"2025-11-02 00:42:28",3597,3451,64955,0,,8.45,84.3,-1.68,22.75,,1.1
"2025-11-02 00:42:29",3598,3452,64946,-38.183775,-72.637273,8.05,74.2,-1.69,22.7,,1.1
"2025-11-02 00:42:30",3599,3453,64938,0,,8.3,76.6,-1.69,22.65,,1.1
"2025-11-02 00:42:31",3600,3454,64930,0,,7.45,81.8,-1.7,22.6,,1.1
"2025-11-02 00:42:32",3601,3455,64922,-38.183725,-72.637003,8.4,70.3,-1.71,22.6,,1.1
"2025-11-02 00:42:33",3602,3456,64914,0,,8.1,82.3,-1.71,22.55,,1.1
"2025-11-02 00:42:34",3603,3457,64907,0,,8.05,81.4,-1.71,22.5,,1
"2025-11-02 00:42:35",3604,3458,64900,-38.183683,-72.636728,8.1,78.5,-1.72,22.45,,1
"2025-11-02 00:42:36",3605,3459,64889,0,,7.8,74.7,-1.72,22.35,,1
"2025-11-02 00:42:37",3607,3461,64878,0,,8.65,83.6,-1.72,22.3,,1.1
"2025-11-02 00:42:38",3608,3462,64868,-38.18364,-72.636455,7.65,80,-1.72,22.25,,1.1
"2025-11-02 00:42:40",3610,3464,64850,0,,8.3,81.9,-1.72,22.15,,1.1
"2025-11-02 00:42:41",3611,3465,64842,-38.183597,-72.636177,8.55,74.5,-1.74,22.1,,1.1
"2025-11-02 00:42:42",3612,3466,64834,0,,8.1,83.6,-1.74,21.95,,1.1
"2025-11-02 00:42:43",3613,3467,64827,0,,7.9,72.1,-1.74,21.75,,1.1
"2025-11-02 00:42:44",3614,3468,64820,-38.183552,-72.635903,8.65,83,-1.74,21.6,,1
"2025-11-02 00:42:45",3615,3469,64811,0,,8.05,80.2,-1.75,21.4,,1.1
"2025-11-02 00:42:46",3616,3470,64802,0,,8.9,73,-1.75,21.25,,1.1
"2025-11-02 00:42:47",3617,3471,64794,-38.183508,-72.635625,7.45,85.6,-1.75,21.05,,1.1
"2025-11-02 00:42:48",3618,3472,64785,0,,9,72.7,-1.75,20.9,,1.1
"2025-11-02 00:42:49",3619,3473,64776,0,,8.1,79.3,-1.75,20.7,,1.1
"2025-11-02 00:42:50",3620,3474,64768,-38.18346,-72.63535,7.75,76.6,-1.75,20.6,,1.1
"2025-11-02 00:42:51",3621,3475,64759,0,,9.3,80.1,-1.75,20.45,,1
"2025-11-02 00:42:52",3622,3476,64751,0,,6.95,76.5,-1.75,20.35,,1
"2025-11-02 00:42:53",3623,3477,64744,-38.183415,-72.635072,9.2,79.4,-1.75,20.25,2.25,1
"2025-11-02 00:42:55",3626,3480,64726,0,,8.25,73.8,-1.75,20.1,,1
"2025-11-02 00:42:56",3627,3481,64718,-38.183372,-72.634793,8.4,86.3,-1.75,20.05,,1
"2025-11-02 00:42:57",3627,3481,64711,0,,,,-1.75,20,,1
"2025-11-02 00:42:58",3628,3482,64705,0,,,,-1.76,19.95,,1
"2025-11-02 00:42:59",3629,3483,64700,0,,,,-1.76,19.9,,1
"2025-11-02 00:43:00",3630,3484,64691,0,,8.6,74.1,-1.76,19.8,,1
"2025-11-02 00:43:01",3631,3485,64682,0,,8.05,85.8,-1.76,19.8,,1
"2025-11-02 00:43:02",3632,3486,64674,-38.183275,-72.634232,8.9,69.9,-1.76,19.75,,1
"2025-11-02 00:43:03",3633,3487,64664,0,,8.15,81.1,-1.76,19.75,,1
"2025-11-02 00:43:04",3634,3488,64655,0,,7.95,77.5,-1.76,19.7,,1
"2025-11-02 00:43:05",3635,3489,64646,-38.183223,-72.633957,8.8,73,-1.77,19.7,,1
"2025-11-02 00:43:07",3637,3491,64631,0,,9.1,72.6,-1.77,19.6,,1
"2025-11-02 00:43:08",3638,3492,64624,-38.183177,-72.633685,7.9,78.4,-1.78,19.55,,1
"2025-11-02 00:43:11",3641,3495,64602,-38.183128,-72.633415,7.2,74.4,-1.8,19.55,,1
"2025-11-02 00:43:13",3643,3497,64584,0,,7.45,81.9,-1.81,19.55,,1
"2025-11-02 00:43:14",3644,3498,64576,-38.183083,-72.633153,8.55,73.2,-1.82,19.55,,1
"2025-11-02 00:43:16",3646,3500,64559,0,,7.7,69.8,-1.83,19.65,,1
"2025-11-02 00:43:17",3647,3501,64552,-38.18303,-72.632885,7.9,77.7,-1.83,19.7,,1
"2025-11-02 00:43:19",3649,3503,64534,0,,9.05,76.4,-1.84,19.75,,1
"2025-11-02 00:43:20",3650,3504,64526,-38.182985,-72.632613,7.6,80.7,-1.84,19.75,2,1
"2025-11-02 00:43:22",3652,3506,64513,0,,8.3,83,-1.84,19.8,,1
"2025-11-02 00:43:23",3653,3507,64508,-38.182937,-72.632335,8.2,71.9,-1.85,19.9,,1
"2025-11-02 00:43:25",3654,3508,64496,0,,7.95,77,-1.86,20.05,,0.9
"2025-11-02 00:43:26",3655,3509,64490,-38.182885,-72.63205,8.05,83.5,-1.87,20.15,,0.9
"2025-11-02 00:43:27",3656,3510,64481,0,,8.25,78.4,-1.87,20.25,,0.9
"2025-11-02 00:43:28",3657,3511,64472,0,,8.75,76.1,-1.87,20.35,,0.9
"2025-11-02 00:43:29",3658,3512,64464,-38.182843,-72.63177,7.5,84.5,-1.89,20.45,,0.9
"2025-11-02 00:43:30",3659,3513,64456,0,,8.45,73.4,-1.89,20.5,,0.9
"2025-11-02 00:43:31",3660,3514,64448,0,,8.45,80.6,-1.89,20.65,,0.9
"2025-11-02 00:43:32",3661,3515,64440,-38.1828,-72.631493,8.55,80.9,-1.91,20.7,,0.9
"2025-11-02 00:43:33",3662,3516,64430,0,,8.8,73.2,-1.92,20.85,,0.9
"2025-11-02 00:43:34",3663,3517,64421,0,,7.8,86.3,-1.92,20.95,,0.9
"2025-11-02 00:43:35",3664,3518,64412,-38.182758,-72.631212,8.5,76.9,-1.92,21.1,,1
"2025-11-02 00:43:36",3665,3519,64404,0,,7.7,83.2,-1.94,21.25,,1
"2025-11-02 00:43:37",3666,3520,64397,0,,8.45,81.3,-1.96,21.35,,1
"2025-11-02 00:43:38",3667,3521,64390,-38.182722,-72.63093,8.85,79.4,-1.96,21.5,,1
"2025-11-02 00:43:39",3668,3522,64382,0,,8.2,84.4,-1.96,21.65,,1
"2025-11-02 00:43:40",3669,3523,64374,0,,9.2,74.7,-1.96,21.8,,1
"2025-11-02 00:43:41",3670,3524,64366,-38.182683,-72.630638,8.05,85.2,-1.96,22.05,,1
"2025-11-02 00:43:42",3671,3525,64356,0,,8.5,81.8,-1.96,22.15,,1
"2025-11-02 00:43:43",3672,3526,64347,0,,8.65,79.5,-1.96,22.35,,1
"2025-11-02 00:43:44",3674,3528,64338,-38.182652,-72.630347,9.05,84.4,-1.98,22.55,,1.1
"2025-11-02 00:43:45",3674,3528,64331,0,,8.5,77,-1.98,22.75,,1
"2025-11-02 00:43:46",3675,3529,64324,0,,8.45,88.4,-1.98,22.9,,1
"2025-11-02 00:43:47",3676,3530,64318,-38.182618,-72.630053,9.15,78.4,-1.98,23.1,1.75,1
"2025-11-02 00:43:48",3677,3531,64308,0,,8.1,81.4,-1.98,23.3,,1
"2025-11-02 00:43:49",3678,3532,64299,0,,8.55,84.3,-1.98,23.5,,1
"2025-11-02 00:43:50",3680,3534,64290,-38.182585,-72.629772,7.9,77.5,-1.98,23.7,,1
"2025-11-02 00:43:51",3681,3535,64282,0,,9.4,86.2,-1.98,23.9,,1
"2025-11-02 00:43:52",3681,3535,64275,0,,8.05,75.7,-1.98,24.1,,1
"2025-11-02 00:43:53",3682,3536,64268,-38.182553,-72.629483,8.65,86.9,-2,24.35,,1
"2025-11-02 00:43:55",3684,3538,64252,0,,7.6,88,-2.05,24.8,,1
"2025-11-02 00:43:56",3685,3539,64244,-38.182525,-72.629188,9.45,78.7,-2.06,25.05,,1
"2025-11-02 00:43:57",3686,3540,64235,0,,7.75,82.8,-2.07,25.35,,1
"2025-11-02 00:43:58",3687,3541,64226,0,,9.1,85.9,-2.08,25.55,,1
"2025-11-02 00:43:59",3689,3543,64218,-38.182492,-72.6289,7.55,76.5,-2.09,25.8,,1
"2025-11-02 00:44:00",3689,3543,64211,0,,8.95,85.1,-2.1,26.05,,1
"2025-11-02 00:44:01",3690,3544,64204,0,,8.6,75.3,-2.11,26.3,,1
"2025-11-02 00:44:02",3691,3545,64198,-38.182457,-72.628615,8.25,89.2,-2.12,26.6,,1
"2025-11-02 00:44:03",3692,3546,64190,0,,9.1,79.4,-2.13,26.85,,1
"2025-11-02 00:44:04",3693,3547,64182,0,,7.4,86.4,-2.14,27.1,,1
"2025-11-02 00:44:05",3694,3548,64174,-38.182432,-72.62833,8.9,83.6,-2.14,27.35,,1
"2025-11-02 00:44:06",3695,3549,64166,0,,7.6,78.2,-2.15,27.65,,1
"2025-11-02 00:44:07",3696,3550,64159,0,,8.8,80.7,-2.16,27.85,,1
"2025-11-02 00:44:08",3697,3551,64152,-38.182397,-72.62805,8.25,81.1,-2.17,28.1,,1
"2025-11-02 00:44:10",3699,3553,64135,0,,8.45,77,-2.19,28.45,,0.9
"2025-11-02 00:44:11",3700,3554,64128,-38.18237,-72.62777,7.8,83.7,-2.2,28.65,,0.9
"2025-11-02 00:44:12",3701,3555,64118,0,,9.3,81.2,-2.2,28.85,,0.9
"2025-11-02 00:44:13",3702,3556,64109,0,,7.85,86,-2.21,29,,1
"2025-11-02 00:44:14",3703,3557,64100,-38.182347,-72.627485,8.6,83.6,-2.22,29.15,1.5,1
"2025-11-02 00:44:15",3704,3558,64092,0,,7.95,76.7,-2.22,29.25,,1
"2025-11-02 00:44:16",3705,3559,64085,0,,8.4,87.9,-2.23,29.4,,1
"2025-11-02 00:44:17",3706,3560,64078,-38.182312,-72.627203,8.65,72.9,-2.24,29.5,,1
"2025-11-02 00:44:18",3707,3561,64068,0,,8.2,86.7,-2.24,29.65,,1
"2025-11-02 00:44:19",3708,3562,64059,0,,8.85,81.8,-2.25,29.8,,1
"2025-11-02 00:44:20",3709,3563,64050,-38.182275,-72.626913,8.15,77.4,-2.25,29.9,,1.1
"2025-11-02 00:44:21",3711,3565,64040,0,,8.8,88.5,-2.26,30,,1.1
"2025-11-02 00:44:22",3712,3566,64031,0,,7.75,76.5,-2.27,30.1,,1.1
"2025-11-02 00:44:23",3713,3567,64022,-38.182245,-72.62663,8.4,85.3,-2.28,30.15,,1.1
"2025-11-02 00:44:24",3714,3568,64014,0,,8.95,82.5,-2.28,30.3,,1.1
"2025-11-02 00:44:25",3715,3569,64007,0,,7.75,79.1,-2.28,30.35,,1.1
"2025-11-02 00:44:26",3716,3570,64000,-38.182217,-72.62634,9.5,87.3,-2.29,30.4,,1
"2025-11-02 00:44:27",3717,3571,63990,0,,7.75,79.8,-2.3,30.45,,1.1
"2025-11-02 00:44:28",3718,3572,63980,0,,8.15,83.9,-2.31,30.5,,1.1
"2025-11-02 00:44:29",3719,3573,63970,-38.18219,-72.626057,8.8,78.7,-2.31,30.55,,1.1
"2025-11-02 00:44:30",3721,3575,63960,0,,8.15,86.4,-2.33,30.6,,1.1
"2025-11-02 00:44:31",3722,3576,63951,0,,8.35,86.5,-2.34,30.6,,1.1
"2025-11-02 00:44:32",3723,3577,63942,-38.182165,-72.625775,7.7,79.9,-2.34,30.65,,1.1
"2025-11-02 00:44:33",3724,3578,63934,0,,9.2,83.8,-2.36,30.7,,1.1
"2025-11-02 00:44:34",3725,3579,63927,0,,7.7,79.6,-2.37,30.75,,1.1
"2025-11-02 00:44:35",3726,3580,63920,-38.182133,-72.625492,8.3,86.3,-2.37,30.75,,1.1
"2025-11-02 00:44:36",3727,3581,63910,0,,8.3,86.3,-2.38,30.8,,1.1
"2025-11-02 00:44:37",3728,3582,63900,0,,7.9,86.7,-2.39,30.85,,1.1
"2025-11-02 00:44:38",3729,3583,63890,-38.182102,-72.625205,9.2,79,-2.4,30.95,,1.1
"2025-11-02 00:44:39",3730,3584,63881,0,,7.75,84.9,-2.43,31,,1.1
"2025-11-02 00:44:40",3731,3585,63872,0,,8.8,86.6,-2.44,31.05,,1.1
"2025-11-02 00:44:41",3733,3587,63864,-38.182073,-72.624923,7.45,77.8,-2.45,31.15,1.25,1.1
"2025-11-02 00:44:42",3734,3588,63855,0,,8.7,90,-2.46,31.25,,1.1
"2025-11-02 00:44:43",3735,3589,63847,0,,7.8,77.9,-2.46,31.3,,1.1
"2025-11-02 00:44:44",3736,3590,63840,-38.182052,-72.62465,8,89.5,-2.48,31.4,,1.1
"2025-11-02 00:44:45",3737,3591,63829,0,,8.8,80.7,-2.49,31.45,,1.1
"2025-11-02 00:44:46",3738,3592,63819,0,,7.45,86.7,-2.5,31.55,,1.1
"2025-11-02 00:44:47",3739,3593,63810,-38.18203,-72.624367,9.45,84.2,-2.51,31.6,,1.1
"2025-11-02 00:44:48",3740,3594,63802,0,,9.45,84.2,-2.52,31.7,,1.1
"2025-11-02 00:44:49",3741,3595,63794,0,,8.45,85.7,-2.52,31.75,,1.1
"2025-11-02 00:44:50",3742,3596,63786,-38.182007,-72.62409,7.7,79.2,-2.52,31.8,,1.1
"2025-11-02 00:44:51",3743,3597,63777,0,,9.05,90.9,-2.53,31.95,,1.1
"2025-11-02 00:44:52",3744,3598,63768,0,,7.75,78,-2.54,32.05,,1.1
"2025-11-02 00:44:53",3746,3600,63760,-38.18199,-72.62381,8.3,89,-2.54,32.1,,1.1
"2025-11-02 00:44:55",3748,3602,63741,0,,7.6,92.7,-2.55,32.25,,1.1
"2025-11-02 00:44:56",3749,3603,63732,-38.181975,-72.623527,9.05,83,-2.56,32.3,,1.1
"2025-11-02 00:44:57",3750,3604,63723,0,,9.05,83,-2.56,32.35,,1.1
"2025-11-02 00:44:58",3751,3605,63715,0,,8.95,87.9,-2.57,32.35,,1.1
"2025-11-02 00:44:59",3752,3606,63708,-38.181955,-72.623248,8.1,79.1,-2.57,32.3,,1.1
"2025-11-02 00:45:00",3753,3607,63698,0,,9.05,91.5,-2.58,32.3,,1.1
"2025-11-02 00:45:01",3755,3609,63688,0,,8.05,83.6,-2.58,32.25,,1.1
"2025-11-02 00:45:02",3756,3610,63678,-38.181945,-72.622963,8.35,91.5,-2.59,32.2,,1.1
"2025-11-02 00:45:03",3757,3611,63667,0,,8.8,81.4,-2.59,32.15,,1.1
"2025-11-02 00:45:04",3759,3613,63656,0,,7.4,91.5,-2.6,32.05,,1.2
"2025-11-02 00:45:05",3760,3614,63646,-38.181932,-72.622683,8.6,83.9,-2.6,32,,1.2
"2025-11-02 00:45:06",3761,3615,63638,0,,8.35,82.2,-2.6,31.9,,1.2
"2025-11-02 00:45:07",3762,3616,63630,0,,9.1,88.3,-2.61,31.8,,1.2
"2025-11-02 00:45:08",3763,3617,63622,-38.181908,-72.622392,7.85,82.1,-2.61,31.75,1,1.1
"2025-11-02 00:45:10",3765,3619,63607,0,,8.3,78.8,-2.63,31.6,,1.1
"2025-11-02 00:45:11",3766,3620,63600,-38.18189,-72.62211,8.05,88.8,-2.64,31.55,,1.1
"2025-11-02 00:45:12",3767,3621,63589,0,,9.35,82.6,-2.65,31.5,,1.1
"2025-11-02 00:45:13",3768,3622,63578,0,,8.25,88.1,-2.66,31.45,,1.2
"2025-11-02 00:45:14",3770,3624,63568,-38.181875,-72.621817,8.45,88.3,-2.66,31.35,,1.2
"2025-11-02 00:45:15",3771,3625,63557,0,,7.65,83.5,-2.67,31.25,,1.2
"2025-11-02 00:45:16",3772,3626,63547,0,,8.9,88.8,-2.67,31.25,,1.2
"2025-11-02 00:45:17",3773,3627,63538,-38.181857,-72.621535,8.5,78.7,-2.68,31.15,,1.1
"2025-11-02 00:45:18",3775,3629,63528,0,,8.45,91.9,-2.68,31.1,,1.1
"2025-11-02 00:45:19",3776,3630,63518,0,,8.35,86.3,-2.69,31.05,,1.2
"2025-11-02 00:45:20",3777,3631,63508,-38.181843,-72.621242,9.05,84.7,-2.7,31,,1.2
"2025-11-02 00:45:21",3778,3632,63498,0,,8.85,87.3,-2.71,30.9,,1.2
"2025-11-02 00:45:22",3779,3633,63489,0,,7.75,85.7,-2.71,30.8,,1.2
"2025-11-02 00:45:23",3781,3635,63480,-38.181832,-72.620947,9.2,91.3,-2.72,30.7,,1.2
"2025-11-02 00:45:25",3783,3637,63459,0,,8.65,89.5,-2.73,30.6,,1.2
"2025-11-02 00:45:26",3784,3638,63450,-38.181818,-72.620657,8.45,89.1,-2.74,30.55,,1.2
"2025-11-02 00:45:27",3786,3640,63438,0,,8.35,81.5,-2.75,30.5,,1.2
"2025-11-02 00:45:28",3787,3641,63428,0,,9.2,92.6,-2.75,30.45,,1.2
"2025-11-02 00:45:29",3788,3642,63418,-38.181805,-72.620363,7.95,80.7,-2.78,30.4,,1.2
"2025-11-02 00:45:30",3789,3643,63409,0,,8.9,88.8,-2.78,30.35,,1.2
"2025-11-02 00:45:31",3791,3645,63400,0,,8.85,87.3,-2.79,30.3,,1.2
"2025-11-02 00:45:32",3792,3646,63392,-38.181788,-72.620072,7.75,83,-2.8,30.25,,1.2
"2025-11-02 00:45:33",3793,3647,63382,0,,9.75,91.7,-2.81,30.25,,1.2
"2025-11-02 00:45:34",3794,3648,63373,0,,7.65,81,-2.82,30.25,,1.2
"2025-11-02 00:45:35",3795,3649,63364,-38.181775,-72.619778,9,90.5,-2.83,30.2,1,1.2
"2025-11-02 00:45:37",3798,3652,63341,0,,7.8,87.5,-2.85,30.15,,1.2
"2025-11-02 00:45:38",3799,3653,63330,-38.18176,-72.61948,9.7,83.5,-2.87,30.15,,1.3
"2025-11-02 00:45:40",3802,3656,63311,0,,9.3,88,-2.88,30.1,,1.2
"2025-11-02 00:45:41",3803,3657,63302,-38.181748,-72.619187,7.85,85,-2.89,30.05,,1.2
"2025-11-02 00:45:43",3805,3659,63281,0,,8.35,81.1,-2.93,30.05,,1.2
"2025-11-02 00:45:44",3807,3661,63272,-38.181738,-72.618902,8.35,88.5,-2.93,30.05,,1.3
"2025-11-02 00:45:46",3809,3663,63252,0,,7.7,87.7,-2.96,30.05,,1.3
"2025-11-02 00:45:47",3810,3664,63242,-38.181733,-72.618615,9.3,86.3,-2.97,30.05,,1.3
"2025-11-02 00:45:49",3814,3668,63217,0,,7.85,82.6,-2.99,30.1,,1.3
"2025-11-02 00:45:50",3815,3669,63206,-38.181715,-72.618318,8.75,83.2,-3,30.15,,1.3
"2025-11-02 00:45:52",3817,3671,63187,0,,9.25,82.9,-3.02,30.3,,1.3
"2025-11-02 00:45:53",3819,3673,63178,-38.181697,-72.618033,7.65,87.2,-3.03,30.35,,1.3
"2025-11-02 00:45:56",3823,3677,63146,-38.181683,-72.61774,8.8,93.5,-3.07,30.6,,1.3
"2025-11-02 00:45:57",3824,3678,63136,0,,8.35,77.3,-3.08,30.65,,1.3
"2025-11-02 00:45:58",3825,3679,63127,0,,8.6,92.2,-3.09,30.7,,1.3
"2025-11-02 00:45:59",3826,3680,63118,-38.181665,-72.617447,8.95,81.2,-3.1,30.85,,1.3
"2025-11-02 00:46:00",3827,3681,63109,0,,7.85,90.3,-3.12,30.95,,1.3
"2025-11-02 00:46:01",3828,3682,63100,0,,9.5,84.3,-3.12,31.05,,1.2
"2025-11-02 00:46:02",3829,3683,63092,-38.18165,-72.617157,7.35,88,-3.13,31.15,0.75,1.2
"2025-11-02 00:46:03",3831,3685,63081,0,,9.55,86.5,-3.14,31.3,,1.2
"2025-11-02 00:46:04",3832,3686,63070,0,,7.7,82,-3.15,31.4,,1.2
"2025-11-02 00:46:05",3833,3687,63060,-38.181635,-72.616865,9.5,90.1,-3.16,31.45,,1.2
"2025-11-02 00:46:06",3835,3689,63050,0,,8.35,80.7,-3.17,31.55,,1.2
"2025-11-02 00:46:07",3836,3690,63041,0,,8.9,93.6,-3.18,31.65,,1.2
"2025-11-02 00:46:08",3837,3691,63032,-38.181623,-72.616565,8.9,80.7,-3.19,31.7,,1.2
"2025-11-02 00:46:09",3838,3692,63023,0,,7.95,91.6,-3.2,31.7,,1.2
"2025-11-02 00:46:10",3839,3693,63014,0,,9.55,82.2,-3.2,31.75,,1.2
"2025-11-02 00:46:11",3840,3694,63006,-38.181607,-72.616273,7.95,87.8,-3.22,31.8,,1.2
"2025-11-02 00:46:12",3842,3696,62995,0,,9.35,89.4,-3.23,31.9,,1.2
"2025-11-02 00:46:13",3843,3697,62984,0,,7.7,84.3,-3.24,31.9,,1.2
"2025-11-02 00:46:14",3844,3698,62974,-38.1816,-72.615982,9.55,89,-3.25,31.95,,1.2
"2025-11-02 00:46:15",3846,3700,62962,0,,8.7,81.1,-3.26,32,,1.3
"2025-11-02 00:46:16",3847,3701,62951,0,,8.9,94,-3.27,32,,1.3
"2025-11-02 00:46:17",3849,3703,62940,-38.181587,-72.615677,9,79.8,-3.28,32.05,,1.3
"2025-11-02 00:46:18",3850,3704,62930,0,,8.3,91.9,-3.29,32.05,,1.3
"2025-11-02 00:46:19",3851,3705,62921,0,,9.55,83.9,-3.29,32.1,,1.3
"2025-11-02 00:46:20",3852,3706,62912,-38.18157,-72.615378,7.75,86.5,-3.31,32.05,,1.3
"2025-11-02 00:46:21",3853,3707,62902,0,,10.05,86.2,-3.31,32.05,,1.3
"2025-11-02 00:46:22",3854,3708,62893,0,,8.05,85,-3.32,32,,1.3
"2025-11-02 00:46:23",3856,3710,62884,-38.181558,-72.615077,9.35,91.6,-3.33,31.95,,1.3
"2025-11-02 00:46:24",3857,3711,62873,0,,8.15,80.1,-3.34,31.85,,1.3
"2025-11-02 00:46:25",3858,3712,62862,0,,9.2,92.2,-3.34,31.8,,1.3
"2025-11-02 00:46:26",3860,3714,62852,-38.18154,-72.614772,9.2,80.9,-3.35,31.7,,1.3
"2025-11-02 00:46:27",3861,3715,62842,0,,8.5,93.8,-3.37,31.65,,1.3
"2025-11-02 00:46:28",3862,3716,62833,0,,9.05,80.6,-3.38,31.55,,1.3
"2025-11-02 00:46:29",3863,3717,62824,-38.181525,-72.614477,8.2,89.2,-3.39,31.5,0.5,1.2
"2025-11-02 00:46:30",3864,3718,62813,0,,10.15,85.9,-3.41,31.45,,1.2
"2025-11-02 00:46:31",3866,3720,62803,0,,7.9,88.4,-3.41,31.4,,1.2
"2025-11-02 00:46:32",3867,3721,62794,-38.181515,-72.614165,9.8,88.2,-3.41,31.3,,1.2
"2025-11-02 00:46:33",3868,3722,62782,0,,8.1,81.8,-3.41,31.25,,1.3
"2025-11-02 00:46:34",3870,3724,62771,0,,9.3,89.8,-3.42,31.2,,1.3
"2025-11-02 00:46:35",3871,3725,62760,-38.181492,-72.613855,9.4,79.7,-3.44,31.15,,1.3
"2025-11-02 00:46:36",3872,3726,62750,0,,8.9,90.6,-3.44,31.15,,1.3
"2025-11-02 00:46:37",3874,3728,62741,0,,8.9,90.6,-3.45,31.1,,1.3
"2025-11-02 00:46:38",3875,3729,62732,-38.181475,-72.613538,8.65,89,-3.46,31.1,,1.3
"2025-11-02 00:46:40",3878,3732,62710,0,,8.4,82.2,-3.49,31.05,,1.3
"2025-11-02 00:46:41",3879,3733,62700,-38.181462,-72.613227,9.65,88,-3.5,31.1,,1.3
"2025-11-02 00:46:42",3880,3734,62690,0,,9.05,81.4,-3.52,31.15,,1.3
"2025-11-02 00:46:43",3881,3735,62681,0,,8.75,88.5,-3.52,31.25,,1.3
"2025-11-02 00:46:44",3882,3736,62672,-38.181437,-72.61291,10.1,80.7,-3.54,31.3,,1.3
"2025-11-02 00:46:45",3884,3738,62660,0,,9.1,89.1,-3.55,31.4,,1.3
"2025-11-02 00:46:46",3885,3739,62648,0,,10,84.3,-3.56,31.45,,1.3
"2025-11-02 00:46:47",3887,3741,62636,-38.181415,-72.612583,8.55,84.8,-3.57,31.55,,1.3
"2025-11-02 00:46:48",3888,3742,62625,0,,9.35,89,-3.58,31.65,,1.3
"2025-11-02 00:46:49",3890,3744,62614,0,,9.55,80.2,-3.58,31.75,,1.3
"2025-11-02 00:46:50",3891,3745,62604,-38.1814,-72.612267,9.7,89.5,-3.59,31.9,,1.3
"2025-11-02 00:46:51",3892,3746,62593,0,,9.15,83.4,-3.6,32,,1.3
"2025-11-02 00:46:52",3894,3748,62582,0,,8.95,85.1,-3.61,32.05,,1.3
"2025-11-02 00:46:53",3895,3749,62572,-38.181383,-72.61195,9.7,89.8,-3.62,32.15,,1.3
"2025-11-02 00:46:55",3898,3752,62552,0,,9.75,86.7,-3.64,32.3,,1.4
"2025-11-02 00:46:56",3899,3753,62542,-38.181357,-72.61162,9.8,85.9,-3.66,32.35,0.25,1.4
"2025-11-02 00:46:57",3901,3755,62528,0,,9.4,80.8,-3.67,32.45,,1.4
"2025-11-02 00:46:58",3902,3756,62516,0,,10.2,88.3,-3.68,32.5,,1.4
"2025-11-02 00:46:59",3904,3758,62504,-38.181328,-72.611285,9.7,80.1,-3.69,32.55,,1.4
"2025-11-02 00:47:00",3905,3759,62496,0,,9.1,87.9,-3.69,32.55,,1.4
"2025-11-02 00:47:01",3906,3760,62488,0,,9.65,86.8,-3.7,32.55,,1.3
"2025-11-02 00:47:02",3907,3761,62480,-38.18131,-72.610967,9.05,83.5,-3.71,32.55,,1.3
"2025-11-02 00:47:03",3908,3762,62470,0,,10.05,81.7,-3.71,32.5,,1.3
"2025-11-02 00:47:04",3909,3763,62461,0,,9,83.3,-3.72,32.45,,1.3
"2025-11-02 00:47:05",3910,3764,62452,-38.181282,-72.61064,10,88.5,-3.72,32.4,,1.3
"2025-11-02 00:47:06",3912,3766,62441,0,,9.55,79.5,-3.73,32.3,,1.3
"2025-11-02 00:47:07",3913,3767,62429,0,,9.9,83.5,-3.74,32.25,,1.3
"2025-11-02 00:47:08",3915,3769,62418,-38.181247,-72.610303,9.9,81.2,-3.74,32.2,,1.3
"2025-11-02 00:47:09",3916,3770,62408,0,,8.65,85.3,-3.75,32.15,,1.3
"2025-11-02 00:47:10",3917,3771,62399,0,,9.85,81.8,-3.75,32.05,,1.3
"2025-11-02 00:47:11",3918,3772,62390,-38.181213,-72.609988,9.1,79.3,-3.76,32,,1.2
"2025-11-02 00:47:12",3919,3773,62381,0,,10.3,86.8,-3.77,31.95,,1.2
"2025-11-02 00:47:13",3921,3775,62371,0,,9.45,78.8,-3.77,31.9,,1.2
"2025-11-02 00:47:14",3922,3776,62362,-38.181185,-72.609657,9.35,88.4,-3.78,31.85,,1.2
"2025-11-02 00:47:15",3923,3777,62351,0,,,,-3.78,31.75,,1.3
"2025-11-02 00:47:16",3924,3778,62341,0,,,,-3.79,31.75,,1.3
"2025-11-02 00:47:17",3926,3780,62332,0,,,,-3.81,31.7,,1.3
"2025-11-02 00:47:18",3927,3781,62320,0,,8.8,80.9,-3.81,31.7,,1.3
"2025-11-02 00:47:19",3928,3782,62309,0,,10.4,85.1,-3.82,31.65,,1.3
"2025-11-02 00:47:20",3930,3784,62298,-38.181113,-72.60898,9.9,82.1,-3.82,31.65,,1.3
"2025-11-02 00:47:21",3931,3785,62289,0,,9.7,86,-3.84,31.65,,1.3
"2025-11-02 00:47:22",3932,3786,62280,0,,10.9,83.3,-3.86,31.65,,1.3
"2025-11-02 00:47:23",3933,3787,62272,-38.181085,-72.608637,9.25,82.8,-3.86,31.6,0,1.2
"2025-11-02 00:47:24",3935,3789,62261,0,,9.7,81.6,-3.87,31.55,,1.3
"2025-11-02 00:47:25",3936,3790,62250,0,,10.05,86.5,-3.87,31.55,,1.3
"2025-11-02 00:47:26",3937,3791,62240,-38.18106,-72.6083,10.25,85.7,-3.88,31.5,,1.3
"2025-11-02 00:47:27",3939,3793,62227,0,,10.3,82.2,-3.88,31.5,,1.3
"2025-11-02 00:47:28",3940,3794,62215,0,,9.3,85,-3.88,31.5,,1.3
"2025-11-02 00:47:29",3942,3796,62204,-38.181032,-72.60796,10.3,81.9,-3.88,31.45,,1.4
"2025-11-02 00:47:30",3943,3797,62194,0,,9.6,83.9,-3.88,31.4,,1.3
"2025-11-02 00:47:31",3944,3798,62184,0,,10.4,81.6,-3.88,31.35,,1.3
"2025-11-02 00:47:32",3946,3800,62174,-38.181002,-72.607617,10.15,88.9,-3.89,31.3,,1.3
"2025-11-02 00:47:33",3947,3801,62164,0,,9.8,86.3,-3.9,31.2,,1.3
"2025-11-02 00:47:34",3948,3802,62155,0,,11.05,85,-3.91,31.2,,1.3
"2025-11-02 00:47:35",3949,3803,62146,-38.180987,-72.607273,8.85,88,-3.92,31.1,,1.3
"2025-11-02 00:47:36",3951,3805,62134,0,,10.7,85.1,-3.93,31,,1.3
"2025-11-02 00:47:37",3952,3806,62123,0,,10.15,87.4,-3.94,30.95,,1.4
"2025-11-02 00:47:38",3954,3808,62112,-38.180968,-72.606935,9.35,84.4,-3.96,30.9,,1.4
"2025-11-02 00:47:41",3957,3811,62086,-38.180952,-72.606592,10.4,87.2,-3.98,30.85,,1.3
"2025-11-02 00:47:42",3958,3812,62077,0,,9.7,92.5,-3.98,30.85,,1.2
"2025-11-02 00:47:43",3959,3813,62068,0,,10.45,84.3,-3.99,30.85,,1.2
"2025-11-02 00:47:44",3960,3814,62060,-38.180947,-72.606243,10.1,94.3,-3.99,30.85,,1.2
"2025-11-02 00:47:45",3961,3815,62050,0,,9.9,85.9,-4,30.9,,1.2
"2025-11-02 00:47:46",3963,3817,62041,0,,10.35,86.8,-4,30.95,,1.2
"2025-11-02 00:47:47",3964,3818,62032,-38.180935,-72.6059,9.35,87.2,-4,30.95,,1.2
"2025-11-02 00:47:48",3965,3819,62023,0,,10.7,92.2,-4.01,30.95,,1.2
"2025-11-02 00:47:49",3966,3820,62014,0,,9.7,86.8,-4.01,31,,1.2
"2025-11-02 00:47:50",3967,3821,62006,-38.180928,-72.605555,10.2,85.2,-4.03,31.05,0,1.1
"2025-11-02 00:47:51",3968,3822,61996,0,,10.2,95.1,-4.03,31.1,,1.1
"2025-11-02 00:47:52",3970,3824,61986,0,,10,83.1,-4.04,31.1,,1.2
"2025-11-02 00:47:53",3971,3825,61976,-38.180922,-72.605208,10.1,90.1,-4.05,31.1,,1.2
"2025-11-02 00:47:55",3973,3827,61958,0,,11,87.2,-4.05,31,,1.2
"2025-11-02 00:47:56",3974,3828,61950,-38.18092,-72.604863,9.65,92.7,-4.06,30.9,,1.2
"2025-11-02 00:47:57",3976,3830,61939,0,,10.95,84.8,-4.07,30.8,,1.2
"2025-11-02 00:47:58",3977,3831,61930,0,,10.35,91.5,-4.07,30.65,,1.2
"2025-11-02 00:47:59",3978,3832,61922,-38.180915,-72.604513,9.45,87.7,-4.09,30.55,,1.2
"2025-11-02 00:48:00",3979,3833,61912,0,,10.2,91.5,-4.09,30.45,,1.2
"2025-11-02 00:48:01",3980,3834,61902,0,,10.55,88.8,-4.09,30.45,,1.2
"2025-11-02 00:48:02",3982,3836,61892,-38.180917,-72.604167,10.25,88.7,-4.11,30.4,,1.2
"2025-11-02 00:48:03",3983,3837,61881,0,,9.45,93.4,-4.12,30.4,,1.2
"2025-11-02 00:48:04",3984,3838,61872,0,,10.65,86.7,-4.12,30.4,,1.2
"2025-11-02 00:48:05",3985,3839,61864,-38.180922,-72.603823,10.15,94.8,-4.13,30.4,,1.2
"2025-11-02 00:48:07",3987,3841,61847,0,,11,93.3,-4.14,30.4,,1.2
"2025-11-02 00:48:08",3989,3843,61838,-38.180937,-72.603473,9.3,91.2,-4.15,30.4,,1.2
"2025-11-02 00:48:10",3991,3845,61817,0,,9.5,90.8,-4.16,30.45,,1.2
"2025-11-02 00:48:11",3992,3846,61808,-38.180938,-72.603128,10.55,89.1,-4.17,30.5,,1.2
"2025-11-02 00:48:13",3995,3849,61789,0,,10.15,87.5,-4.18,30.5,,1.2
"2025-11-02 00:48:14",3996,3850,61780,-38.180945,-72.602768,10.95,94.3,-4.2,30.5,,1.2
"2025-11-02 00:48:16",3999,3853,61758,0,,10.8,91.2,-4.22,30.55,,1.2
"2025-11-02 00:48:17",4000,3854,61748,-38.180952,-72.602417,10,95.6,-4.23,30.6,-0.5,1.2
"2025-11-02 00:48:19",4002,3856,61733,0,,9.8,95,-4.26,30.65,,1.2
"2025-11-02 00:48:20",4003,3857,61726,-38.180958,-72.60206,10.3,86.4,-4.27,30.65,,1.2
"2025-11-02 00:48:23",4005,3859,61706,0,,9.3,90,-4.29,30.7,,1.2
"2025-11-02 00:48:24",4007,3861,61698,-38.180963,-72.601715,10.65,93,-4.31,30.7,,1.2
"2025-11-02 00:48:25",4009,3863,61679,0,,10.35,87.9,-4.33,30.75,,1.2
"2025-11-02 00:48:26",4010,3864,61670,-38.180968,-72.601358,10.3,97.1,-4.34,30.8,,1.2
"2025-11-02 00:48:29",4012,3866,61653,0,,10.2,94.8,-4.35,30.85,,1.1
"2025-11-02 00:48:30",4013,3867,61646,-38.18098,-72.601013,10,92.2,-4.36,30.85,,1.1
"2025-11-02 00:48:30",4014,3868,61637,0,,11.1,89.2,-4.38,30.9,,1.1
"2025-11-02 00:48:31",4016,3870,61626,0,,9.75,95.4,-4.4,30.9,,1.1
"2025-11-02 00:48:32",4017,3871,61616,-38.180983,-72.600658,10.75,84.8,-4.4,30.95,,1.2
"2025-11-02 00:48:34",4018,3872,61607,0,,10.2,95.9,-4.42,30.95,,1.2
"2025-11-02 00:48:35",4019,3873,61599,0,,10.15,89.7,-4.43,30.95,,1.1
"2025-11-02 00:48:36",4020,3874,61592,-38.180988,-72.600302,11.25,92.8,-4.43,30.95,,1.1
"2025-11-02 00:48:36",4021,3875,61584,0,,9.3,90.1,-4.44,30.95,,1.1
"2025-11-02 00:48:37",4022,3876,61575,0,,11.3,89.8,-4.45,30.95,,1.1
"2025-11-02 00:48:38",4023,3877,61566,-38.180992,-72.59995,9.55,94.1,-4.46,30.95,,1.1
"2025-11-02 00:48:39",4025,3879,61557,0,,10.55,86.2,-4.47,30.95,,1.1
"2025-11-02 00:48:40",4026,3880,61548,0,,9.85,94.9,-4.47,30.95,,1.1
"2025-11-02 00:48:41",4027,3881,61540,-38.18099,-72.599607,9.9,86.1,-4.48,30.95,,1.1
"2025-11-02 00:48:42",4028,3882,61531,0,,10.9,95.6,-4.49,31,,1.2
"2025-11-02 00:48:43",4029,3883,61522,0,,9.65,88.3,-4.5,30.95,,1.1
"2025-11-02 00:48:44",4030,3884,61514,-38.180995,-72.599248,11.35,90.7,-4.51,30.95,-0.5,1.1
"2025-11-02 00:48:45",4031,3885,61505,0,,9.5,91,-4.52,30.9,,1.1
"2025-11-02 00:48:46",4032,3886,61497,0,,10.95,87.7,-4.53,30.85,,1.1
"2025-11-02 00:48:47",4033,3887,61490,-38.181,-72.598897,9.55,95.2,-4.55,30.8,,1.1
"2025-11-02 00:48:48",4034,3888,61480,0,,10.15,87.8,-4.55,30.75,,1.1
"2025-11-02 00:48:49",4036,3890,61471,0,,10.7,95.8,-4.56,30.7,,1.1
"2025-11-02 00:48:50",4037,3891,61462,-38.181008,-72.59855,9.95,86.7,-4.57,30.65,,1.1
"2025-11-02 00:48:51",4038,3892,61453,0,,10.35,93.5,-4.57,30.7,,1.1
"2025-11-02 00:48:52",4039,3893,61444,0,,9.6,92.8,-4.57,30.7,,1.1
"2025-11-02 00:48:53",4040,3894,61436,-38.181013,-72.598202,11,89.8,-4.58,30.65,,1.1
"2025-11-02 00:48:55",4043,3897,61414,0,,10.35,85.5,-4.59,30.6,,1.2
"2025-11-02 00:48:56",4044,3898,61404,-38.181018,-72.597853,9.85,95.8,-4.6,30.6,,1.2
"2025-11-02 00:48:57",4046,3900,61394,0,,9.7,86.9,-4.61,30.55,,1.2
"2025-11-02 00:48:58",4047,3901,61385,0,,10.8,93.8,-4.62,30.55,,1.2
"2025-11-02 00:48:59",4048,3902,61376,-38.181027,-72.597513,8.95,90.3,-4.62,30.55,,1.2
"2025-11-02 00:49:00",4049,3903,61370,0,,11.2,93.2,-4.63,30.55,,1.2
"2025-11-02 00:49:01",4050,3904,61364,0,,9.55,92.8,-4.64,30.55,,1.2
"2025-11-02 00:49:02",4050,3904,61358,-38.181038,-72.597167,10.9,87.8,-4.64,30.5,,1.1
"2025-11-02 00:49:03",4051,3905,61349,0,,9.65,94.1,-4.65,30.5,,1.1
"2025-11-02 00:49:04",4053,3907,61340,0,,10.05,86.2,-4.66,30.5,,1.1
"2025-11-02 00:49:05",4054,3908,61332,-38.18104,-72.596823,10.15,93.1,-4.66,30.5,,1.1
"2025-11-02 00:49:06",4055,3909,61324,0,,9.05,86.7,-4.68,30.55,,1.1
"2025-11-02 00:49:07",4056,3910,61316,0,,10.25,91.5,-4.68,30.5,,1.1
"2025-11-02 00:49:08",4057,3911,61308,-38.181045,-72.59649,10.1,93.3,-4.68,30.45,,1
"2025-11-02 00:49:10",4059,3913,61292,0,,9.25,88.2,-4.68,30.15,,1
"2025-11-02 00:49:11",4060,3914,61284,-38.181047,-72.596148,10.75,89.8,-4.68,29.9,-0.75,1
"2025-11-02 00:49:12",4061,3915,61274,0,,9.6,92.5,-4.71,29.65,,1
"2025-11-02 00:49:13",4062,3916,61265,0,,9.7,89.3,-4.71,29.3,,1.1
"2025-11-02 00:49:14",4063,3917,61256,-38.181048,-72.595802,11.1,91.8,-4.72,29.05,,1.1
"2025-11-02 00:49:15",4065,3919,61246,0,,8.85,86.9,-4.72,28.8,,1.1
"2025-11-02 00:49:16",4066,3920,61237,0,,10.85,91.2,-4.72,28.55,,1.1
"2025-11-02 00:49:17",4067,3921,61228,-38.181048,-72.595455,9.95,90.3,-4.73,28.3,,1.1
"2025-11-02 00:49:18",4068,3922,61219,0,,9.75,86.3,-4.73,28.05,,1.1
"2025-11-02 00:49:19",4069,3923,61211,0,,10.65,95.1,-4.73,27.9,,1.1
"2025-11-02 00:49:20",4070,3924,61204,-38.181047,-72.59511,9.85,84.6,-4.74,27.7,,1.1
"2025-11-02 00:49:21",4071,3925,61195,0,,10.15,92.5,-4.74,27.55,,1.1
"2025-11-02 00:49:22",4072,3926,61186,0,,9.5,92.3,-4.75,27.35,,1.1
"2025-11-02 00:49:23",4073,3927,61178,-38.181047,-72.594765,11.15,89.1,-4.76,27.25,,1.1
"2025-11-02 00:49:24",4075,3929,61167,0,,9.1,92.4,-4.77,27.15,,1.2
"2025-11-02 00:49:25",4076,3930,61156,0,,10.65,86.5,-4.77,27,,1.2
"2025-11-02 00:49:26",4078,3932,61146,-38.181047,-72.594422,9.55,94.2,-4.79,26.9,,1.2
"2025-11-02 00:49:27",4079,3933,61137,0,,9.9,86,-4.79,26.8,,1.2
"2025-11-02 00:49:28",4080,3934,61128,0,,10.45,96.7,-4.81,26.7,,1.2
"2025-11-02 00:49:29",4081,3935,61120,-38.181052,-72.594082,9.35,87.4,-4.82,26.6,,1.2
"2025-11-02 00:49:30",4082,3936,61112,0,,10.4,90.8,-4.82,26.5,,1.2
"2025-11-02 00:49:31",4083,3937,61104,0,,9.05,93.4,-4.82,26.4,,1.2
"2025-11-02 00:49:32",4084,3938,61096,-38.181057,-72.593745,10.95,88.9,-4.85,26.35,,1.2
"2025-11-02 00:49:33",4085,3939,61088,0,,10.1,94.3,-4.85,26.25,,1.2
"2025-11-02 00:49:34",4086,3940,61080,0,,10.1,87.5,-4.85,26.2,,1.1
"2025-11-02 00:49:35",4087,3941,61072,-38.181062,-72.593402,9.6,91.2,-4.85,26.15,,1.1
"2025-11-02 00:49:36",4089,3943,61059,0,,10.3,89.5,-4.85,26.05,,1.2
"2025-11-02 00:49:37",4090,3944,61046,0,,10.4,93.6,-4.86,26,,1.2
"2025-11-02 00:49:38",4092,3946,61034,-38.18107,-72.593058,9.7,91,-4.87,25.95,-1,1.2
"2025-11-02 00:49:39",4093,3947,61024,0,,10.25,86.4,-4.88,25.9,,1.2
"2025-11-02 00:49:40",4095,3949,61015,0,,9.55,95.9,-4.89,25.8,,1.2
"2025-11-02 00:49:41",4096,3950,61006,-38.181077,-72.59272,10.4,88.3,-4.89,25.7,,1.2
"2025-11-02 00:49:42",4097,3951,60998,0,,10.3,91.1,-4.9,25.65,,1.2
"2025-11-02 00:49:43",4098,3952,60990,0,,10.5,93.4,-4.91,25.55,,1.2
"2025-11-02 00:49:44",4099,3953,60982,-38.181082,-72.592365,10.1,88.3,-4.92,25.45,,1.2
"2025-11-02 00:49:45",4100,3954,60975,0,,9.5,91.7,-4.93,25.35,,1.2
"2025-11-02 00:49:46",4101,3955,60968,0,,10.45,86.6,-4.93,25.3,,1.2
"2025-11-02 00:49:47",4101,3955,60962,-38.181083,-72.592025,9.95,95.4,-4.95,25.2,,1.2
"2025-11-02 00:49:48",4103,3957,60951,0,,10.4,88.9,-4.95,25.1,,1.2
"2025-11-02 00:49:49",4104,3958,60940,0,,10.15,88.5,-4.96,25,,1.1
"2025-11-02 00:49:50",4106,3960,60930,-38.181082,-72.591672,10.55,90.3,-4.96,24.85,,1.1
"2025-11-02 00:49:51",4107,3961,60919,0,,10.55,85.8,-4.97,24.65,,1.1
"2025-11-02 00:49:52",4108,3962,60909,0,,9.95,94.9,-4.97,24.35,,1.1
"2025-11-02 00:49:53",4109,3963,60900,-38.181078,-72.591318,10.35,86.2,-4.97,24.1,,1.1
"2025-11-02 00:49:55",4112,3966,60881,0,,10.45,88.6,-4.98,23.45,,1.2
"2025-11-02 00:49:56",4113,3967,60872,-38.181065,-72.590967,10.05,83.5,-4.98,23.1,,1.2
"2025-11-02 00:49:57",4114,3968,60862,0,,10.6,93.5,-4.98,22.75,,1.2
"2025-11-02 00:49:58",4116,3970,60853,0,,10.35,86.3,-4.98,22.4,,1.2
"2025-11-02 00:49:59",4117,3971,60844,-38.181063,-72.590613,10.15,93.6,-4.98,22.05,,1.2
"2025-11-02 00:50:00",4118,3972,60834,0,,11,87.3,-4.98,21.65,,1.3
"2025-11-02 00:50:01",4119,3973,60825,0,,9.35,88.6,-5,21.35,,1.2
"2025-11-02 00:50:02",4120,3974,60816,-38.18106,-72.590262,10.9,88.8,-5.01,21.05,,1.2
"2025-11-02 00:50:03",4122,3976,60806,0,,9.7,85.4,-5.01,20.8,,1.2
"2025-11-02 00:50:04",4123,3977,60797,0,,10.2,92.4,-5.01,20.5,,1.2
"2025-11-02 00:50:05",4124,3978,60788,-38.181052,-72.589908,11,83.7,-5.01,20.25,-1.25,1.2
"2025-11-02 00:50:06",4125,3979,60776,0,,10.6,92,-5.02,19.95,,1.2
"2025-11-02 00:50:07",4127,3981,60765,0,,10.8,85.4,-5.03,19.75,,1.3
"2025-11-02 00:50:08",4128,3982,60754,-38.18104,-72.589543,10.2,87.4,-5.03,19.45,,1.3
"2025-11-02 00:50:10",4131,3985,60733,0,,10.3,81.4,-5.03,18.95,,1.3
"2025-11-02 00:50:11",4132,3986,60724,-38.181023,-72.589183,10.5,90.4,-5.04,18.75,,1.3
"2025-11-02 00:50:12",4134,3988,60713,0,,11,79.8,-5.03,18.6,,1.3
"2025-11-02 00:50:13",4135,3989,60702,0,,10.35,88.3,-5.03,18.3,,1.3
"2025-11-02 00:50:14",4136,3990,60692,-38.181002,-72.58882,10.7,88.4,-5.04,18.1,,1.3
"2025-11-02 00:50:15",4138,3992,60684,0,,10.55,86.4,-5.04,17.85,,1.3
"2025-11-02 00:50:16",4139,3993,60676,0,,11.2,85.6,-5.04,17.65,,1.3
"2025-11-02 00:50:17",4140,3994,60668,-38.18098,-72.58845,10.8,82.8,-5.05,17.45,,1.3
"2025-11-02 00:50:18",4141,3995,60657,0,,10.7,90.3,-5.05,17.2,,1.3
"2025-11-02 00:50:19",4142,3996,60646,0,,11.55,81.4,-5.06,17.05,,1.3
"2025-11-02 00:50:20",4144,3998,60636,-38.180953,-72.588075,10.75,86.3,-5.06,16.85,,1.3
"2025-11-02 00:50:21",4145,3999,60627,0,,10.7,82.9,-5.06,16.7,,1.3
"2025-11-02 00:50:22",4146,4000,60618,0,,10.3,86,-5.06,16.55,,1.3
"2025-11-02 00:50:23",4147,4001,60610,-38.180927,-72.587708,11.65,84.7,-5.07,16.4,,1.2
"2025-11-02 00:50:24",4148,4002,60600,0,,10.6,82.8,-5.07,16.2,,1.2
"2025-11-02 00:50:25",4150,4004,60591,0,,10.35,86.3,-5.08,16.05,,1.2
"2025-11-02 00:50:26",4151,4005,60582,-38.180897,-72.587342,11.05,83.4,-5.08,15.95,,1.2
"2025-11-02 00:50:27",4152,4006,60572,0,,10.25,89.3,-5.09,15.85,,1.2
"2025-11-02 00:50:28",4153,4007,60563,0,,11.3,83.1,-5.1,15.75,,1.2
"2025-11-02 00:50:29",4154,4008,60554,-38.18087,-72.586973,10.65,81.3,-5.11,15.65,,1.2
"2025-11-02 00:50:30",4156,4010,60544,0,,11.2,82.1,-5.11,15.6,,1.2
"2025-11-02 00:50:31",4157,4011,60534,0,,11,83.9,-5.12,15.55,,1.2
"2025-11-02 00:50:32",4158,4012,60524,-38.180835,-72.586603,10.3,85.1,-5.12,15.45,-1.5,1.2
"2025-11-02 00:50:33",4160,4014,60513,0,,11.2,78.7,-5.14,15.35,,1.2
"2025-11-02 00:50:34",4161,4015,60502,0,,10.7,88.2,-5.15,15.25,,1.3
"2025-11-02 00:50:35",4162,4016,60492,-38.180802,-72.586233,11.6,83.7,-5.15,15.2,,1.3
"2025-11-02 00:50:37",4165,4019,60473,0,,11.15,84.2,-5.17,15.1,,1.3
"2025-11-02 00:50:38",4166,4020,60464,-38.180763,-72.585855,11.55,77.1,-5.18,15.05,,1.3
"2025-11-02 00:50:40",4168,4022,60446,0,,11.2,80,-5.2,15.05,,1.3
"2025-11-02 00:50:41",4169,4023,60438,-38.180728,-72.58548,11.2,84.7,-5.21,15.05,,1.3
"2025-11-02 00:50:43",4172,4026,60417,0,,10.6,77.9,-5.24,15.05,,1.3
"2025-11-02 00:50:44",4173,4027,60408,-38.18069,-72.58511,10.9,83.5,-5.24,15.1,,1.3
"2025-11-02 00:50:46",4176,4030,60388,0,,10.9,86.6,-5.26,15.2,,1.3
"2025-11-02 00:50:47",4177,4031,60378,-38.180652,-72.584737,11.25,78.2,-5.27,15.3,,1.3
"2025-11-02 00:50:49",4180,4034,60360,0,,11.95,84.2,-5.3,15.3,,1.2
"2025-11-02 00:50:50",4181,4035,60352,-38.180607,-72.58436,10.05,78.8,-5.31,15.35,,1.2
"2025-11-02 00:50:52",4183,4037,60333,0,,10.45,76.1,-5.33,15.45,,1.2
"2025-11-02 00:50:53",4184,4038,60324,-38.180557,-72.583987,11.1,83.3,-5.33,15.5,,1.2
"2025-11-02 00:50:56",4189,4043,60292,-38.18051,-72.5836,11.85,82.3,-5.36,15.55,,1.3
"2025-11-02 00:50:57",4190,4044,60281,0,,10.05,78.4,-5.37,15.55,,1.3
"2025-11-02 00:50:58",4191,4045,60270,0,,11.95,80.8,-5.38,15.6,,1.3
"2025-11-02 00:50:59",4193,4047,60260,-38.180455,-72.583227,10.9,77.2,-5.39,15.65,-1.75,1.3
"2025-11-02 00:51:00",4194,4048,60252,0,,11.2,84.6,-5.39,15.65,,1.3
"2025-11-02 00:51:01",4195,4049,60244,0,,11.85,78.1,-5.4,15.65,,1.2
"2025-11-02 00:51:02",4196,4050,60236,-38.180408,-72.58285,10.05,83.6,-5.41,15.65,,1.3
"2025-11-02 00:51:03",4197,4051,60226,0,,11.9,78.8,-5.42,15.7,,1.3
"2025-11-02 00:51:04",4198,4052,60217,0,,10.25,78,-5.44,15.7,,1.3
"2025-11-02 00:51:05",4200,4054,60208,-38.180357,-72.582482,11.35,81.6,-5.45,15.7,,1.3
"2025-11-02 00:51:06",4201,4055,60197,0,,11.75,75.7,-5.46,15.7,,1.3
"2025-11-02 00:51:07",4202,4056,60187,0,,11.4,85.4,-5.47,15.75,,1.3
"2025-11-02 00:51:08",4203,4057,60178,-38.180303,-72.582095,11.3,75.1,-5.47,15.75,,1.2
"2025-11-02 00:51:09",4205,4059,60166,0,,10.9,79.7,-5.48,15.75,,1.3
"2025-11-02 00:51:10",4207,4061,60154,0,,12.1,78.2,-5.49,15.75,,1.3
"2025-11-02 00:51:11",4208,4062,60142,-38.180237,-72.581713,10.65,76.8,-5.51,15.75,,1.3
"2025-11-02 00:51:12",4210,4064,60132,0,,12.05,83.1,-5.52,15.75,,1.3
"2025-11-02 00:51:13",4211,4065,60122,0,,10.8,75.7,-5.52,15.7,,1.3
"2025-11-02 00:51:14",4212,4066,60112,-38.180178,-72.581333,11.05,79.7,-5.53,15.7,,1.4
"2025-11-02 00:51:15",4213,4067,60102,0,,11.8,75.7,-5.53,15.7,,1.3
"2025-11-02 00:51:16",4215,4069,60093,0,,10.1,78.8,-5.54,15.7,,1.3
"2025-11-02 00:51:17",4216,4070,60084,-38.180112,-72.580957,12.45,76.5,-5.55,15.7,,1.3
"2025-11-02 00:51:18",4217,4071,60074,0,,10.75,76.3,-5.55,15.7,,1.3
"2025-11-02 00:51:19",4218,4072,60065,0,,11.65,80.4,-5.56,15.7,,1.3
"2025-11-02 00:51:20",4219,4073,60056,-38.180042,-72.580578,11.1,71.3,-5.56,15.65,,1.3
"2025-11-02 00:51:21",4221,4075,60046,0,,11.45,79.9,-5.57,15.55,,1.3
"2025-11-02 00:51:22",4222,4076,60037,0,,11.85,75.2,-5.57,15.55,,1.3
"2025-11-02 00:51:23",4223,4077,60028,-38.179973,-72.580193,11.4,81.2,-5.59,15.5,,1.3
"2025-11-02 00:51:25",4226,4080,60002,0,,10.75,78.3,-5.6,15.45,,1.3
"2025-11-02 00:51:26",4228,4082,59990,-38.179915,-72.57981,12.15,80.9,-5.61,15.4,-2,1.3
"2025-11-02 00:51:27",4229,4083,59981,0,,10.45,75.3,-5.62,15.35,,1.3
"2025-11-02 00:51:28",4230,4084,59972,0,,11.7,82.1,-5.62,15.35,,1.3
"2025-11-02 00:51:29",4232,4086,59964,-38.179853,-72.579433,11.4,73.2,-5.62,15.3,,1.3
"2025-11-02 00:51:30",4233,4087,59955,0,,11.1,78.5,-5.63,15.3,,1.3
"2025-11-02 00:51:31",4234,4088,59946,0,,11.75,78.2,-5.63,15.25,,1.3
"2025-11-02 00:51:32",4235,4089,59938,-38.179792,-72.579057,10.6,82.9,-5.64,15.25,,1.3
"2025-11-02 00:51:33",4236,4090,59927,0,,12,75.1,-5.63,15.25,,1.3
"2025-11-02 00:51:34",4238,4092,59916,0,,10.95,79.3,-5.64,15.2,,1.3
"2025-11-02 00:51:35",4239,4093,59906,-38.179728,-72.578673,12.05,80.1,-5.65,15.2,,1.3
"2025-11-02 00:51:36",4240,4094,59895,0,,11.45,77.2,-5.65,15.2,,1.3
"2025-11-02 00:51:37",4242,4096,59884,0,,11.1,81.9,-5.66,15.2,,1.3
"2025-11-02 00:51:38",4243,4097,59874,-38.179667,-72.578288,11.55,73.1,-5.67,15.2,,1.3
"2025-11-02 00:51:40",4246,4100,59852,0,,11.95,77.1,-5.69,15.2,,1.3
"2025-11-02 00:51:41",4248,4102,59842,-38.179602,-72.577903,11.2,76,-5.7,15.2,,1.3
"2025-11-02 00:51:42",4249,4103,59830,0,,11.95,83.9,-5.7,15.2,,1.4
"2025-11-02 00:51:43",4251,4105,59818,0,,10.95,72.9,-5.71,15.2,,1.4
"2025-11-02 00:51:44",4252,4106,59806,-38.179542,-72.577522,11.8,82.5,-5.74,15.2,,1.4
"2025-11-02 00:51:45",4253,4107,59797,0,,11.75,77.3,-5.76,15.2,,1.4
"2025-11-02 00:51:46",4255,4109,59788,0,,10.95,76.3,-5.77,15.25,,1.4
"2025-11-02 00:51:47",4256,4110,59780,-38.179478,-72.57713,12.7,81.5,-5.78,15.25,,1.4
"2025-11-02 00:51:48",4257,4111,59769,0,,10.65,73.6,-5.78,15.25,,1.4
"2025-11-02 00:51:49",4259,4113,59758,0,,12.25,81.2,-5.8,15.25,,1.4
"2025-11-02 00:51:50",4260,4114,59748,-38.179413,-72.576737,11.7,77.6,-5.8,15.3,,1.4
"2025-11-02 00:51:51",4262,4116,59735,0,,11.15,76.9,-5.8,15.3,,1.4
"2025-11-02 00:51:52",4263,4117,59723,0,,13.1,80,-5.8,15.3,,1.4
"2025-11-02 00:51:53",4265,4119,59712,-38.179347,-72.576343,10.55,75.4,-5.82,15.35,-2,1.4
"2025-11-02 00:51:55",4267,4121,59692,0,,11.95,78.4,-5.83,15.35,,1.4
"2025-11-02 00:51:56",4269,4123,59682,-38.179285,-72.57595,11,78.4,-5.84,15.35,,1.4
"2025-11-02 00:51:57",4270,4124,59671,0,,12.4,77.7,-5.85,15.4,,1.4
"2025-11-02 00:51:58",4271,4125,59660,0,,11.95,77.8,-5.85,15.4,,1.4
"2025-11-02 00:51:59",4273,4127,59650,-38.179218,-72.575548,12.3,78,-5.86,15.45,,1.4
"2025-11-02 00:52:00",4275,4129,59637,0,,11.35,75.6,-5.88,15.45,,1.5
"2025-11-02 00:52:01",4276,4130,59624,0,,12.1,78.3,-5.88,15.45,,1.5
"2025-11-02 00:52:02",4278,4132,59612,-38.179143,-72.575152,12.05,76.3,-5.89,15.5,,1.5
"2025-11-02 00:52:03",4279,4133,59602,0,,12,79.1,-5.9,15.55,,1.5
"2025-11-02 00:52:04",4280,4134,59593,0,,12.35,77,-5.91,15.6,,1.4
"2025-11-02 00:52:05",4282,4136,59584,-38.179073,-72.574748,11.1,76.7,-5.92,15.6,,1.4
"2025-11-02 00:52:06",4283,4137,59572,0,,12.35,78,-5.93,15.6,,1.4
"2025-11-02 00:52:07",4285,4139,59561,0,,11.7,72.6,-5.94,15.65,,1.4
"2025-11-02 00:52:08",4286,4140,59550,-38.178997,-72.574353,12.4,79.2,-5.94,15.65,,1.5
"2025-11-02 00:52:10",4289,4143,59530,0,,11.6,75.8,-5.96,15.7,,1.4
"2025-11-02 00:52:11",4290,4144,59520,-38.178928,-72.57396,12.6,79.2,-5.97,15.7,,1.4
"2025-11-02 00:52:13",4293,4147,59497,0,,12.35,80.4,-5.98,15.7,,1.4
"2025-11-02 00:52:14",4295,4149,59486,-38.178857,-72.573562,11.35,75.2,-6,15.7,,1.4
"2025-11-02 00:52:16",4298,4152,59460,0,,11.95,80.3,-6.01,15.7,,1.5
"2025-11-02 00:52:17",4300,4154,59448,-38.178783,-72.573163,11.45,72.4,-6.03,15.7,,1.5
"2025-11-02 00:52:18",4301,4155,59438,0,,11.9,82.3,-6.04,15.7,,1.5
"2025-11-02 00:52:19",4302,4156,59428,0,,11.7,73.8,-6.06,15.7,,1.5
"2025-11-02 00:52:20",4304,4158,59418,-38.178712,-72.57277,12.4,77.1,-6.06,15.7,-2.25,1.5
"2025-11-02 00:52:21",4305,4159,59407,0,,11,78,-6.07,15.7,,1.5
"2025-11-02 00:52:22",4306,4160,59397,0,,12.4,75.4,-6.08,15.7,,1.4
"2025-11-02 00:52:23",4307,4161,59388,-38.178645,-72.572375,11.65,83.1,-6.09,15.65,,1.4
"2025-11-02 00:52:24",4309,4163,59375,0,,12.1,73.4,-6.1,15.65,,1.5
"2025-11-02 00:52:25",4311,4165,59362,0,,11.45,78,-6.11,15.65,,1.5
"2025-11-02 00:52:26",4312,4166,59350,-38.178573,-72.571987,11.6,75.9,-6.12,15.65,,1.5
"2025-11-02 00:52:27",4314,4168,59339,0,,12.5,80.3,-6.12,15.65,,1.5
"2025-11-02 00:52:28",4315,4169,59328,0,,11.2,76.4,-6.13,15.6,,1.5
"2025-11-02 00:52:29",4317,4171,59318,-38.178502,-72.571587,12.85,75.4,-6.14,15.6,,1.4
"2025-11-02 00:52:30",4318,4172,59307,0,,11.05,78.2,-6.15,15.6,,1.4
"2025-11-02 00:52:31",4319,4173,59296,0,,12.1,78.8,-6.16,15.55,,1.4
"2025-11-02 00:52:32",4321,4175,59286,-38.178433,-72.571185,12.1,80.2,-6.18,15.6,,1.4
"2025-11-02 00:52:33",4322,4176,59275,0,,11.65,73.5,-6.19,15.6,,1.5
"2025-11-02 00:52:34",4324,4178,59264,0,,12.95,80.3,-6.2,15.6,,1.5
"2025-11-02 00:52:35",4325,4179,59254,-38.17836,-72.570777,11.45,75.6,-6.21,15.6,,1.5
"2025-11-02 00:52:36",4326,4180,59244,0,,12.1,78.2,-6.22,15.65,,1.4
"2025-11-02 00:52:37",4328,4182,59234,0,,11.55,79.9,-6.23,15.65,,1.4
"2025-11-02 00:52:38",4329,4183,59224,-38.178292,-72.570377,12.6,74,-6.24,15.7,,1.4
"2025-11-02 00:52:40",4332,4186,59202,0,,12.4,74.8,-6.28,15.75,,1.4
"2025-11-02 00:52:41",4333,4187,59192,-38.17822,-72.569963,12.3,77.6,-6.28,15.75,,1.4
"2025-11-02 00:52:42",4335,4189,59181,0,,11.2,76.1,-6.28,15.75,,1.4
"2025-11-02 00:52:43",4336,4190,59170,0,,13.1,75.7,-6.29,15.8,,1.4
"2025-11-02 00:52:44",4338,4192,59160,-38.178145,-72.569563,11.15,77.3,-6.3,15.8,,1.4
"2025-11-02 00:52:45",4339,4193,59147,0,,12.25,74.6,-6.31,15.85,,1.4
"2025-11-02 00:52:46",4341,4195,59134,0,,12.1,80.4,-6.33,15.9,,1.4
"2025-11-02 00:52:47",4343,4197,59122,-38.178072,-72.569172,11.35,71.7,-6.34,15.95,-2.5,1.5
"2025-11-02 00:52:48",4344,4198,59111,0,,12.65,79.9,-6.35,16.05,,1.5
"2025-11-02 00:52:49",4345,4199,59100,0,,11.6,75.7,-6.35,16.05,,1.5
"2025-11-02 00:52:50",4347,4201,59090,-38.177997,-72.568768,12.95,75,-6.36,16.15,,1.5
"2025-11-02 00:52:51",4348,4202,59079,0,,11.1,77.4,-6.37,16.25,,1.5
"2025-11-02 00:52:52",4350,4204,59069,0,,12.5,72.4,-6.38,16.4,,1.5
"2025-11-02 00:52:53",4351,4205,59060,-38.177917,-72.56837,11.6,81.2,-6.4,16.45,,1.5
"2025-11-02 00:52:55",4354,4208,59037,0,,12.9,78.7,-6.42,16.6,,1.5
"2025-11-02 00:52:56",4355,4209,59026,-38.177843,-72.567968,11.1,73.2,-6.43,16.7,,1.5
"2025-11-02 00:52:57",4357,4211,59016,0,,12.85,77.6,-6.43,16.8,,1.5
"2025-11-02 00:52:58",4358,4212,59006,0,,11.25,77.4,-6.44,16.9,,1.4
"2025-11-02 00:52:59",4359,4213,58996,-38.177768,-72.567568,13.05,74.6,-6.45,17,,1.4
"2025-11-02 00:53:00",4361,4215,58984,0,,11.55,79.7,-6.47,17.05,,1.4
"2025-11-02 00:53:01",4363,4217,58972,0,,12.35,71.3,-6.48,17.15,,1.4
"2025-11-02 00:53:02",4364,4218,58960,-38.177687,-72.567163,11.95,80.2,-6.49,17.25,,1.4
"2025-11-02 00:53:03",4365,4219,58951,0,,11.55,72.3,-6.49,17.3,,1.4
"2025-11-02 00:53:04",4367,4221,58942,0,,12.75,79.9,-6.51,17.45,,1.4
"2025-11-02 00:53:05",4368,4222,58934,-38.177615,-72.566765,11.3,75.7,-6.52,17.55,,1.4
"2025-11-02 00:53:07",4370,4224,58913,0,,11.6,78.3,-6.53,17.65,,1.4
"2025-11-02 00:53:08",4372,4226,58904,-38.17754,-72.566362,12.7,72.2,-6.55,17.75,,1.4
"2025-11-02 00:53:10",4374,4228,58884,0,,12.25,76,-6.55,17.9,,1.4
"2025-11-02 00:53:11",4376,4230,58874,-38.177462,-72.565962,12.25,77.6,-6.55,17.95,,1.4
"2025-11-02 00:53:13",4378,4232,58855,0,,12.6,77.5,-6.58,18.05,,1.3
"2025-11-02 00:53:14",4379,4233,58846,-38.17738,-72.565572,10.8,73.1,-6.59,18.1,-2.75,1.3
"2025-11-02 00:53:16",4382,4236,58824,0,,11.35,78.7,-6.62,18.15,,1.3
"2025-11-02 00:53:17",4384,4238,58814,-38.177298,-72.565178,12.7,71.3,-6.63,18.2,,1.3
"2025-11-02 00:53:19",4386,4240,58795,0,,11.35,72.2,-6.65,18.35,,1.3
"2025-11-02 00:53:20",4387,4241,58786,-38.177213,-72.564783,12.15,78.4,-6.65,18.45,,1.3
"2025-11-02 00:53:22",4390,4244,58763,0,,12.5,74.9,-6.67,18.7,,1.3
"2025-11-02 00:53:23",4392,4246,58752,-38.177127,-72.564387,11,75.6,-6.68,18.75,,1.4
"2025-11-02 00:53:25",4394,4248,58733,0,,11.75,77.6,-6.7,18.95,,1.3
"2025-11-02 00:53:26",4396,4250,58724,-38.177038,-72.563985,12.45,70.9,-6.72,19,,1.3
"2025-11-02 00:53:27",4397,4251,58714,0,,12,80,-6.73,19.1,,1.3
"2025-11-02 00:53:28",4398,4252,58704,0,,12,70.8,-6.74,19.2,,1.3
"2025-11-02 00:53:29",4400,4254,58694,-38.176952,-72.56358,12.65,77,-6.75,19.25,,1.3
"2025-11-02 00:53:30",4401,4255,58683,0,,11.15,72,-6.75,19.3,,1.3
"2025-11-02 00:53:31",4402,4256,58673,0,,13.05,73.9,-6.77,19.35,,1.3
"2025-11-02 00:53:32",4404,4258,58664,-38.176862,-72.563187,10.85,74.2,-6.79,19.4,,1.4
"2025-11-02 00:53:33",4405,4259,58653,0,,12.5,72.5,-6.8,19.4,,1.4
"2025-11-02 00:53:34",4407,4261,58642,0,,11.55,76.8,-6.8,19.45,,1.4
"2025-11-02 00:53:35",4408,4262,58632,-38.176773,-72.562802,11.95,69.1,-6.81,19.5,,1.3
"2025-11-02 00:53:36",4409,4263,58621,0,,11.95,77.5,-6.82,19.6,,1.3
"2025-11-02 00:53:37",4411,4265,58611,0,,11.55,73.5,-6.83,19.7,,1.3
"2025-11-02 00:53:38",4412,4266,58602,-38.176685,-72.56241,12.75,72.4,-6.84,19.8,,1.4
"2025-11-02 00:53:39",4413,4267,58592,0,,11.05,74.3,-6.85,19.9,,1.4
"2025-11-02 00:53:40",4415,4269,58582,0,,12.65,74.3,-6.86,20.05,,1.4
"2025-11-02 00:53:41",4416,4270,58572,-38.1766,-72.562015,11.9,77.5,-6.86,20.15,-3,1.4
"2025-11-02 00:53:42",4417,4271,58563,0,,11.9,71.7,-6.87,20.25,,1.3
"2025-11-02 00:53:43",4418,4272,58554,0,,11.9,71.7,-6.87,20.35,,1.3
"2025-11-02 00:53:44",4419,4273,58546,-38.176515,-72.561618,11.1,71.3,-6.89,20.45,,1.3
"2025-11-02 00:53:45",4421,4275,58534,0,,12.75,75.2,-6.9,20.5,,1.3
"2025-11-02 00:53:46",4422,4276,58523,0,,11.65,75.6,-6.92,20.6,,1.3
"2025-11-02 00:53:47",4424,4278,58512,-38.176423,-72.56122,12.9,70.8,-6.93,20.6,,1.3
"2025-11-02 00:53:48",4425,4279,58503,0,,11.65,77.9,-6.93,20.75,,1.3
"2025-11-02 00:53:49",4426,4280,58494,0,,11.8,69.6,-6.95,20.85,,1.3
"2025-11-02 00:53:50",4427,4281,58486,-38.176333,-72.560825,12.3,77.5,-6.96,20.9,,1.3
"2025-11-02 00:53:51",4429,4283,58475,0,,12.3,74.7,-6.96,21,,1.3
"2025-11-02 00:53:52",4430,4284,58464,0,,11.5,74,-6.96,21.05,,1.3
"2025-11-02 00:53:53",4432,4286,58454,-38.176248,-72.560428,11.85,75.3,-6.97,21.15,,1.3
"2025-11-02 00:53:55",4434,4288,58436,0,,11.7,77.7,-6.98,21.35,,1.3
"2025-11-02 00:53:56",4435,4289,58428,-38.17616,-72.560025,12.55,72.5,-6.99,21.4,,1.3
"2025-11-02 00:53:57",4437,4291,58415,0,,12.1,73.5,-7,21.5,,1.4
"2025-11-02 00:53:58",4439,4293,58402,0,,11.7,74.2,-7.01,21.65,,1.4
"2025-11-02 00:53:59",4440,4294,58390,-38.176067,-72.559623,12.9,72.5,-7.02,21.75,,1.4
"2025-11-02 00:54:00",4441,4295,58382,0,,11.95,75.6,-7.03,21.85,,1.3
"2025-11-02 00:54:01",4443,4297,58374,0,,11.8,73.8,-7.03,22,,1.3
"2025-11-02 00:54:02",4444,4298,58366,-38.175982,-72.55923,11.2,74.9,-7.05,22.1,,1.3
"2025-11-02 00:54:03",4445,4299,58355,0,,12.7,74.7,-7.05,22.25,,1.4
"2025-11-02 00:54:04",4446,4300,58344,0,,11.5,72.7,-7.07,22.35,,1.4
"2025-11-02 00:54:05",4448,4302,58334,-38.175897,-72.55884,11.55,76.4,-7.08,22.45,,1.4
"2025-11-02 00:54:06",4449,4303,58324,0,,12.2,71.3,-7.09,22.55,,1.3
"2025-11-02 00:54:07",4450,4304,58315,0,,11.2,79.7,-7.11,22.65,,1.4
"2025-11-02 00:54:08",4452,4306,58306,-38.175813,-72.558447,12.55,71.8,-7.12,22.75,-3,1.4
"2025-11-02 00:54:10",4454,4308,58288,0,,12.6,75.9,-7.14,23,,1.3
"2025-11-02 00:54:11",4455,4309,58280,-38.175723,-72.558058,11,70.6,-7.15,23.1,,1.2
"2025-11-02 00:54:12",4456,4310,58270,0,,12.4,78.4,-7.17,23.2,,1.2
"2025-11-02 00:54:13",4458,4312,58261,0,,11.6,70.2,-7.18,23.3,,1.3
"2025-11-02 00:54:14",4459,4313,58252,-38.175638,-72.55767,11.5,78.7,-7.19,23.4,,1.3
"2025-11-02 00:54:15",4460,4314,58243,0,,12.1,71.1,-7.21,23.45,,1.3
"2025-11-02 00:54:16",4461,4315,58234,0,,11.05,76.2,-7.22,23.6,,1.2
"2025-11-02 00:54:17",4462,4316,58226,-38.175552,-72.557287,12.4,71.6,-7.23,23.65,,1.2
"2025-11-02 00:54:18",4464,4318,58217,0,,10.75,72.9,-7.24,23.75,,1.2
"2025-11-02 00:54:19",4465,4319,58208,0,,12.8,74.5,-7.25,23.85,,1.2
"2025-11-02 00:54:20",4466,4320,58200,-38.175458,-72.5569,11.4,70.7,-7.26,23.95,,1.2
"2025-11-02 00:54:21",4467,4321,58191,0,,11.85,79.1,-7.27,24.05,,1.2
"2025-11-02 00:54:22",4468,4322,58182,0,,11.2,71,-7.28,24.15,,1.2
"2025-11-02 00:54:23",4469,4323,58174,-38.175375,-72.556525,11.5,75,-7.29,24.2,,1.2
"2025-11-02 00:54:25",4472,4326,58156,0,,10.6,72,-7.31,24.4,,1.2
"2025-11-02 00:54:26",4473,4327,58148,-38.175288,-72.556143,12.6,76.3,-7.32,24.45,,1.2
"2025-11-02 00:54:27",4474,4328,58139,0,,11.1,72.4,-7.33,24.5,,1.2
"2025-11-02 00:54:28",4475,4329,58130,0,,11.4,77.1,-7.34,24.6,,1.2
"2025-11-02 00:54:29",4476,4330,58122,-38.175207,-72.555763,11.9,71.1,-7.36,24.65,,1.2
"2025-11-02 00:54:30",4478,4332,58111,0,,10.55,75.8,-7.37,24.75,,1.2
"2025-11-02 00:54:31",4479,4333,58100,0,,12.15,72.5,-7.38,24.8,,1.2
"2025-11-02 00:54:32",4481,4335,58090,-38.175117,-72.555388,11.6,72.2,-7.39,24.85,,1.2
"2025-11-02 00:54:33",4482,4336,58082,0,,11.65,78.4,-7.4,24.95,,1.2
"2025-11-02 00:54:34",4483,4337,58075,0,,12.2,67.7,-7.41,24.95,,1.2
"2025-11-02 00:54:35",4484,4338,58068,-38.175028,-72.555007,11.35,75.5,-7.42,25,-3.25,1.2
"2025-11-02 00:54:36",4485,4339,58057,0,,11.5,71.9,-7.43,25.05,,1.2
"2025-11-02 00:54:37",4486,4340,58047,0,,11.85,71.8,-7.43,25.1,,1.2
"2025-11-02 00:54:38",4488,4342,58038,-38.17494,-72.554623,12.15,76.5,-7.44,25.15,,1.2
"2025-11-02 00:54:39",4489,4343,58028,0,,12.05,68.3,-7.45,25.2,,1.2
"2025-11-02 00:54:40",4490,4344,58018,0,,12,75.4,-7.46,25.2,,1.3
"2025-11-02 00:54:41",4492,4346,58008,-38.174843,-72.55423,12.45,72.4,-7.47,25.25,,1.3
"2025-11-02 00:54:42",4493,4347,57999,0,,11.3,73.5,-7.47,25.2,,1.3
"2025-11-02 00:54:43",4494,4348,57990,0,,11.75,74.9,-7.48,25.25,,1.3
"2025-11-02 00:54:44",4495,4349,57982,-38.174753,-72.553848,11.45,70.6,-7.52,25.25,,1.2
"2025-11-02 00:54:45",4497,4351,57971,0,,12.4,72.3,-7.53,25.3,,1.3
"2025-11-02 00:54:46",4498,4352,57960,0,,11.7,67.9,-7.53,25.3,,1.3
"2025-11-02 00:54:47",4500,4354,57950,-38.174648,-72.553465,11.7,75.4,-7.54,25.3,,1.3
"2025-11-02 00:54:48",4501,4355,57940,0,,11.9,71.3,-7.55,25.35,,1.3
"2025-11-02 00:54:49",4502,4356,57931,0,,12.4,69.2,-7.56,25.35,,1.3
"2025-11-02 00:54:50",4503,4357,57922,-38.174547,-72.553073,12,74.5,-7.57,25.4,,1.3
"2025-11-02 00:54:51",4505,4359,57912,0,,11.45,67.1,-7.57,25.4,,1.3
"2025-11-02 00:54:52",4506,4360,57903,0,,12.05,75.9,-7.58,25.4,,1.3
"2025-11-02 00:54:53",4507,4361,57894,-38.174447,-72.55269,11.55,70.5,-7.59,25.4,,1.3
"2025-11-02 00:54:55",4509,4363,57876,0,,11.45,73.9,-7.61,25.4,,1.3
"2025-11-02 00:54:56",4511,4365,57868,-38.174338,-72.55231,12.1,66.9,-7.62,25.4,,1.3
"2025-11-02 00:54:57",4512,4366,57859,0,,12.55,74.5,-7.63,25.45,,1.3
"2025-11-02 00:54:58",4513,4367,57851,0,,11.95,67.3,-7.64,25.45,,1.2
"2025-11-02 00:54:59",4514,4368,57844,-38.174223,-72.551913,12.35,69.6,-7.66,25.45,,1.2
"2025-11-02 00:55:01",4516,4370,57826,0,,12.55,66.3,-7.68,25.5,,1.2
"2025-11-02 00:55:02",4517,4371,57818,-38.174107,-72.551525,12,73.5,-7.68,25.55,-3.5,1.2
"2025-11-02 00:55:04",4520,4374,57800,0,,11.95,73.5,-7.68,25.55,,1.2
"2025-11-02 00:55:05",4521,4375,57792,-38.174003,-72.551143,11.7,69.9,-7.68,25.6,,1.2
"2025-11-02 00:55:07",4523,4377,57774,0,,10.9,71.6,-7.68,25.6,,1.1
"2025-11-02 00:55:08",4524,4378,57766,-38.173895,-72.55076,12.4,67.8,-7.68,25.55,,1.1
"2025-11-02 00:55:10",4527,4381,57747,0,,12.05,71.3,-7.69,25.55,,1.2
"2025-11-02 00:55:11",4528,4382,57738,-38.1738,-72.550375,11.95,75.3,-7.69,25.55,,1.2
"2025-11-02 00:55:12",4529,4383,57728,0,,11.3,67.2,-7.69,25.5,,1.2
"2025-11-02 00:55:13",4531,4385,57719,0,,12.45,73.8,-7.69,25.5,,1.2
"2025-11-02 00:55:14",4532,4386,57710,-38.173698,-72.549998,10.9,68.1,-7.69,25.45,,1.2
"2025-11-02 00:55:15",4533,4387,57702,0,,12.45,71.9,-7.69,25.45,,1.2
"2025-11-02 00:55:16",4534,4388,57694,0,,10.95,73.5,-7.69,25.45,,1.2
"2025-11-02 00:55:17",4535,4389,57686,-38.173597,-72.54962,12.5,68.5,-7.69,25.4,,1.2
"2025-11-02 00:55:18",4536,4390,57677,0,,11.35,75.9,-7.69,25.35,,1.2
"2025-11-02 00:55:19",4537,4391,57669,0,,12.15,67.8,-7.69,25.35,,1.2
"2025-11-02 00:55:20",4538,4392,57662,-38.173493,-72.54923,12.15,76.4,-7.7,25.3,,1.2
"2025-11-02 00:55:21",4540,4394,57653,0,,11.7,67.3,-7.73,25.3,,1.2
"2025-11-02 00:55:22",4541,4395,57644,0,,12.8,73.1,-7.74,25.25,,1.2
"2025-11-02 00:55:23",4542,4396,57636,-38.173388,-72.548838,11.2,68.4,-7.75,25.25,,1.1
"2025-11-02 00:55:24",4543,4397,57628,0,,12.75,69.6,-7.75,25.25,,1.1
"2025-11-02 00:55:25",4544,4398,57621,0,,11.6,72.1,-7.74,25.25,,1.1
"2025-11-02 00:55:26",4545,4399,57614,-38.173282,-72.548448,11.8,74.2,-7.74,25.25,,1.1
"2025-11-02 00:55:27",4547,4401,57602,0,,12.3,72.9,-7.75,25.3,,1.1
"2025-11-02 00:55:28",4548,4402,57591,0,,12.25,69.6,-7.74,25.3,,1.2
"2025-11-02 00:55:29",4550,4404,57580,-38.173178,-72.54805,12.4,72.7,-7.75,25.35,-3.75,1.2
"2025-11-02 00:55:30",4551,4405,57571,0,,11.15,70.1,-7.75,25.35,,1.2
"2025-11-02 00:55:31",4552,4406,57562,0,,12.4,73.9,-7.75,25.4,,1.2
"2025-11-02 00:55:32",4553,4407,57554,-38.173077,-72.54766,12.15,71.4,-7.75,25.4,,1.2
"2025-11-02 00:55:33",4554,4408,57546,0,,11.95,69,-7.75,25.45,,1.2
"2025-11-02 00:55:34",4555,4409,57538,0,,12.4,71.2,-7.76,25.45,,1.2
"2025-11-02 00:55:35",4556,4410,57530,-38.172972,-72.547273,11.25,73.8,-7.77,25.45,,1.2
"2025-11-02 00:55:37",4559,4413,57512,0,,11.4,69.4,-7.77,25.35,,1.2
"2025-11-02 00:55:38",4560,4414,57504,-38.172872,-72.54688,12.6,72,-7.77,25.25,,1.2
"2025-11-02 00:55:40",4563,4417,57484,0,,11.6,73.9,-7.77,25.05,,1.2
"2025-11-02 00:55:41",4564,4418,57474,-38.172773,-72.54648,12.9,73.9,-7.77,24.95,,1.2
"2025-11-02 00:55:43",4566,4420,57456,0,,12.75,74.6,-7.81,24.85,,1.2
"2025-11-02 00:55:44",4567,4421,57448,-38.172675,-72.546082,12.3,73.3,-7.79,24.75,,1.2
"2025-11-02 00:55:46",4570,4424,57429,0,,13.3,74.1,-7.81,24.75,,1.2
"2025-11-02 00:55:47",4571,4425,57420,-38.172575,-72.545683,11,72.2,-7.82,24.8,,1.2
"2025-11-02 00:55:49",4574,4428,57401,0,,12.45,73.1,-7.83,25,,1.2
"2025-11-02 00:55:50",4575,4429,57392,-38.172478,-72.545282,11.55,73.8,-7.83,25.15,,1.3
"2025-11-02 00:55:52",4577,4431,57374,0,,11.1,72.2,-7.85,25.45,,1.2
"2025-11-02 00:55:53",4579,4433,57366,-38.172385,-72.54488,12.7,74.5,-7.85,25.55,,1.2
"2025-11-02 00:55:56",4584,4438,57330,-38.172298,-72.54448,13.15,73.3,-7.87,26,-4,1.3
"2025-11-02 00:55:58",4586,4440,57314,0,,13,72.8,-7.88,26.5,,1.3
"2025-11-02 00:55:59",4587,4441,57306,-38.172198,-72.544073,12.2,74.6,-7.88,26.75,,1.3
"2025-11-02 00:56:00",4588,4442,57295,0,,12.05,76.5,-7.89,27,,1.3
"2025-11-02 00:56:01",4590,4444,57285,0,,13.15,72.8,-7.89,27.25,,1.3
"2025-11-02 00:56:02",4591,4445,57276,-38.17211,-72.543668,11.35,73.8,-7.9,27.55,,1.3
"2025-11-02 00:56:03",4592,4446,57266,0,,13.05,73.8,-7.91,27.8,,1.3
"2025-11-02 00:56:04",4593,4447,57257,0,,12.05,75.5,-7.91,28.05,,1.3
"2025-11-02 00:56:05",4595,4449,57248,-38.172023,-72.543265,12.25,75.5,-7.92,28.3,,1.3
"2025-11-02 00:56:06",4596,4450,57237,0,,13.1,71.4,-7.95,28.55,,1.3
"2025-11-02 00:56:07",4597,4451,57227,0,,11.75,77.7,-7.95,28.8,,1.3
"2025-11-02 00:56:08",4599,4453,57218,-38.171932,-72.542852,13.25,74.9,-7.96,29,,1.3
"2025-11-02 00:56:09",4600,4454,57208,0,,11.4,75.8,-7.97,29.2,,1.3
"2025-11-02 00:56:10",4602,4456,57198,0,,12.55,72.5,-7.98,29.4,,1.3
"2025-11-02 00:56:11",4603,4457,57188,-38.171845,-72.542447,12.4,76.6,-7.99,29.6,,1.3
"2025-11-02 00:56:12",4604,4458,57178,0,,11.75,75.1,-8,29.8,,1.3
"2025-11-02 00:56:13",4605,4459,57169,0,,13.25,74.1,-8.01,30,,1.3
"2025-11-02 00:56:14",4607,4461,57160,-38.171755,-72.54204,11.75,73,-8.01,30.15,,1.3
"2025-11-02 00:56:15",4608,4462,57150,0,,12.85,72.8,-8.03,30.3,,1.3
"2025-11-02 00:56:16",4609,4463,57140,0,,11.75,74.1,-8.04,30.45,,1.3
"2025-11-02 00:56:17",4611,4465,57130,-38.171662,-72.54164,12.05,73.8,-8.05,30.55,,1.3
"2025-11-02 00:56:18",4612,4466,57119,0,,12.65,77.2,-8.06,30.75,,1.4
"2025-11-02 00:56:19",4614,4468,57108,0,,11.8,72.7,-8.07,30.9,,1.4
"2025-11-02 00:56:20",4615,4469,57098,-38.171572,-72.541233,13.3,73.9,-8.07,31,,1.4
"2025-11-02 00:56:21",4616,4470,57089,0,,11.55,71,-8.08,31.1,,1.3
"2025-11-02 00:56:22",4617,4471,57081,0,,12.75,74.5,-8.1,31.2,,1.3
"2025-11-02 00:56:23",4619,4473,57074,-38.17148,-72.54083,12.2,75.7,-8.1,31.3,-4.25,1.3
"2025-11-02 00:56:24",4620,4474,57061,0,,12.25,70.3,-8.11,31.4,,1.3
"2025-11-02 00:56:25",4622,4476,57048,0,,13.2,77.8,-8.12,31.5,,1.4
"2025-11-02 00:56:26",4624,4478,57036,-38.171383,-72.540422,11.95,70.2,-8.13,31.55,,1.4
"2025-11-02 00:56:27",4625,4479,57028,0,,12.65,74.5,-8.13,31.65,,1.4
"2025-11-02 00:56:28",4626,4480,57020,0,,12.2,76.3,-8.14,31.7,,1.4
"2025-11-02 00:56:29",4627,4481,57012,-38.171287,-72.540017,12.55,68.9,-8.14,31.75,,1.3
"2025-11-02 00:56:30",4628,4482,57001,0,,11.95,78.1,-8.15,31.75,,1.4
"2025-11-02 00:56:31",4630,4484,56990,0,,12.3,71.2,-8.16,31.8,,1.4
"2025-11-02 00:56:32",4631,4485,56980,-38.17119,-72.539612,12.85,75.2,-8.16,31.8,,1.4
"2025-11-02 00:56:33",4633,4487,56967,0,,12,72.5,-8.17,31.85,,1.4
"2025-11-02 00:56:34",4635,4489,56955,0,,12.45,72.3,-8.17,31.85,,1.4
"2025-11-02 00:56:35",4636,4490,56944,-38.171097,-72.53921,11.3,75,-8.18,31.85,,1.5
"2025-11-02 00:56:36",4638,4492,56934,0,,11.25,75,-8.18,31.85,,1.5
"2025-11-02 00:56:37",4639,4493,56925,0,,12.1,76.9,-8.19,31.85,,1.4
"2025-11-02 00:56:38",4640,4494,56916,-38.171003,-72.538802,12.5,72.3,-8.2,31.8,,1.4
"2025-11-02 00:56:41",4645,4499,56880,-38.170903,-72.538395,13.1,75.3,-8.21,31.75,,1.5
"2025-11-02 00:56:42",4646,4500,56870,0,,11.8,74,-8.21,31.75,,1.5
"2025-11-02 00:56:43",4648,4502,56861,0,,13.6,71.4,-8.21,31.65,,1.5
"2025-11-02 00:56:44",4649,4503,56852,-38.170807,-72.537982,11.8,75.6,-8.21,31.6,,1.4
"2025-11-02 00:56:45",4650,4504,56840,0,,12.5,71.8,-8.21,31.5,,1.5
"2025-11-02 00:56:46",4652,4506,56829,0,,12.85,77.5,-8.22,31.4,,1.5
"2025-11-02 00:56:47",4653,4507,56818,-38.170717,-72.537573,12.5,70.6,-8.22,31.3,,1.4
"2025-11-02 00:56:48",4655,4509,56808,0,,13.3,75.4,-8.21,31.25,,1.4
"2025-11-02 00:56:49",4656,4510,56798,0,,11.5,73.5,-8.25,31.15,,1.4
"2025-11-02 00:56:50",4658,4512,56788,-38.17062,-72.53716,13.35,73.9,-8.25,31.1,-4.5,1.4
"2025-11-02 00:56:51",4659,4513,56778,0,,12.2,74.9,-8.25,31,,1.4
"2025-11-02 00:56:52",4660,4514,56769,0,,13.1,70.2,-8.25,30.9,,1.4
"2025-11-02 00:56:53",4661,4515,56760,-38.170522,-72.53674,12.8,76.4,-8.26,30.8,,1.4
"2025-11-02 00:56:55",4664,4518,56740,0,,13.4,76,-8.25,30.55,,1.4
"2025-11-02 00:56:56",4666,4520,56730,-38.17043,-72.536313,12.6,70.9,-8.25,30.5,,1.4
"2025-11-02 00:56:57",4667,4521,56717,0,,13.4,76.3,-8.25,30.4,,1.4
"2025-11-02 00:56:58",4669,4523,56705,0,,12.45,76.1,-8.25,30.35,,1.4
"2025-11-02 00:56:59",4671,4525,56694,-38.170338,-72.535883,12.9,73.9,-8.26,30.25,,1.4
"2025-11-02 00:57:00",4672,4526,56681,0,,13.4,75.1,-8.27,30.2,,1.4
"2025-11-02 00:57:01",4674,4528,56668,0,,12.6,73.1,-8.27,30.1,,1.5
"2025-11-02 00:57:02",4676,4530,56656,-38.170243,-72.535448,13.55,76.9,-8.27,30.05,,1.5
"2025-11-02 00:57:03",4677,4531,56645,0,,12.35,73.4,-8.27,30,,1.5
"2025-11-02 00:57:04",4679,4533,56634,0,,13.6,75.2,-8.28,29.9,,1.5
"2025-11-02 00:57:05",4680,4534,56624,-38.170147,-72.535015,13.6,73.6,-8.27,29.85,,1.5
"2025-11-02 00:57:06",4682,4536,56611,0,,13.6,75.3,-8.28,29.8,,1.6
"2025-11-02 00:57:07",4684,4538,56598,0,,13.9,77.2,-8.28,29.75,,1.6
"2025-11-02 00:57:08",4685,4539,56586,-38.170052,-72.534563,13.15,73.4,-8.29,29.7,,1.7
"2025-11-02 00:57:09",4687,4541,56573,0,,14.2,74.4,-8.3,29.6,,1.7
"2025-11-02 00:57:10",4689,4543,56561,0,,13.15,73.9,-8.3,29.6,,1.7
"2025-11-02 00:57:11",4690,4544,56550,-38.169953,-72.534117,13.75,76.6,-8.31,29.55,,1.7
"2025-11-02 00:57:12",4692,4546,56538,0,,13.45,76.9,-8.32,29.4,,1.6
"2025-11-02 00:57:13",4693,4547,56527,0,,13.35,72.4,-8.32,29.4,,1.6
"2025-11-02 00:57:14",4695,4549,56516,-38.169857,-72.533668,13.95,73.5,-8.33,29.3,,1.6
"2025-11-02 00:57:15",4697,4551,56502,0,,12.8,75.7,-8.33,29.25,,1.6
"2025-11-02 00:57:16",4699,4553,56489,0,,13.85,74.1,-8.33,29.15,,1.7
"2025-11-02 00:57:17",4701,4555,56476,-38.16976,-72.533227,13.1,73,-8.33,29.1,-4.5,1.7
"2025-11-02 00:57:18",4702,4556,56464,0,,,,-8.33,29,,1.7
"2025-11-02 00:57:19",4704,4558,56452,0,,,,-8.34,28.9,,1.7
"2025-11-02 00:57:20",4706,4560,56440,0,,,,-8.35,28.8,,1.7
"2025-11-02 00:57:21",4707,4561,56427,0,,14.3,71.8,-8.36,28.75,,1.7
"2025-11-02 00:57:22",4709,4563,56415,0,,12.95,72.9,-8.37,28.65,,1.7
"2025-11-02 00:57:23",4711,4565,56404,-38.169547,-72.532353,13.3,73.6,-8.37,28.55,,1.7
"2025-11-02 00:57:24",4712,4566,56391,0,,12.9,70,-8.38,28.5,,1.7
"2025-11-02 00:57:25",4714,4568,56378,0,,13.4,76.6,-8.4,28.3,,1.7
"2025-11-02 00:57:26",4716,4570,56366,-38.169442,-72.53192,13.6,71.1,-8.41,28.25,,1.7
"2025-11-02 00:57:27",4718,4572,56353,0,,12.65,76.8,-8.41,28.15,,1.7
"2025-11-02 00:57:28",4719,4573,56340,0,,13.55,72.4,-8.42,28.05,,1.7
"2025-11-02 00:57:29",4721,4575,56328,-38.169343,-72.531493,12.2,71.7,-8.42,27.95,,1.7
"2025-11-02 00:57:30",4723,4577,56316,0,,13.8,73.3,-8.43,27.9,,1.7
"2025-11-02 00:57:31",4724,4578,56304,0,,12.5,71,-8.44,27.8,,1.7
"2025-11-02 00:57:32",4726,4580,56292,-38.169242,-72.53107,13.15,76.3,-8.45,27.7,,1.7
"2025-11-02 00:57:33",4728,4582,56280,0,,12.8,69.5,-8.46,27.6,,1.7
"2025-11-02 00:57:34",4729,4583,56269,0,,12.6,76.2,-8.47,27.5,,1.7
"2025-11-02 00:57:35",4731,4585,56258,-38.169138,-72.530645,12.85,70.5,-8.48,27.45,,1.7
"2025-11-02 00:57:36",4733,4587,56244,0,,12.4,74.2,-8.49,27.35,,1.7
"2025-11-02 00:57:37",4734,4588,56231,0,,13.3,76.7,-8.5,27.25,,1.7
"2025-11-02 00:57:38",4736,4590,56218,-38.169042,-72.53022,11.95,72.6,-8.5,27.2,,1.7
"2025-11-02 00:57:40",4740,4594,56194,0,,12.5,75.1,-8.52,27.05,,1.7
"2025-11-02 00:57:41",4741,4595,56182,-38.168943,-72.529795,12.95,78.2,-8.53,27,,1.7
"2025-11-02 00:57:42",4743,4597,56168,0,,13.3,73.2,-8.56,26.95,,1.7
"2025-11-02 00:57:43",4745,4599,56155,0,,12.15,78.6,-8.57,26.9,,1.7
"2025-11-02 00:57:44",4747,4601,56142,-38.16886,-72.529368,13.6,75.2,-8.58,26.85,-4.75,1.7
"2025-11-02 00:57:45",4748,4602,56130,0,,11.75,72.8,-8.59,26.8,,1.7
"2025-11-02 00:57:46",4750,4604,56119,0,,13.35,75.4,-8.6,26.75,,1.7
"2025-11-02 00:57:47",4752,4606,56108,-38.168763,-72.528948,12.65,72.2,-8.61,26.7,,1.7
"2025-11-02 00:57:48",4753,4607,56095,0,,12.7,78.1,-8.62,26.6,,1.7
"2025-11-02 00:57:49",4755,4609,56082,0,,13.25,71.5,-8.63,26.6,,1.7
"2025-11-02 00:57:50",4757,4611,56070,-38.16867,-72.528523,12.45,75.8,-8.64,26.55,,1.7
"2025-11-02 00:57:51",4758,4612,56058,0,,12.8,76.2,-8.65,26.55,,1.7
"2025-11-02 00:57:52",4760,4614,56046,0,,11.55,74.2,-8.65,26.5,,1.7
"2025-11-02 00:57:53",4762,4616,56034,-38.168585,-72.528112,13.45,75.7,-8.65,26.45,,1.7
"2025-11-02 00:57:55",4765,4619,56008,0,,12.3,76.1,-8.66,26.4,,1.7
"2025-11-02 00:57:56",4767,4621,55996,-38.168488,-72.527698,12.95,70,-8.67,26.35,,1.7
"2025-11-02 00:57:57",4769,4623,55982,0,,11.7,76.1,-8.69,26.35,,1.7
"2025-11-02 00:57:58",4771,4625,55969,0,,13.45,72.7,-8.7,26.35,,1.7
"2025-11-02 00:57:59",4773,4627,55956,-38.16839,-72.527285,12.25,72.8,-8.7,26.3,,1.7
"2025-11-02 00:58:00",4774,4628,55942,0,,12.7,78,-8.7,26.25,,1.8
"2025-11-02 00:58:01",4776,4630,55929,0,,12.15,69.4,-8.7,26.25,,1.8
"2025-11-02 00:58:02",4778,4632,55916,-38.168297,-72.526875,12.8,76.4,-8.71,26.2,,1.8
"2025-11-02 00:58:03",4780,4634,55903,0,,12.9,71.6,-8.71,26.15,,1.8
"2025-11-02 00:58:04",4782,4636,55890,0,,12.05,73.9,-8.71,26.15,,1.8
"2025-11-02 00:58:05",4783,4637,55878,-38.168203,-72.526457,13.65,76.3,-8.71,26.1,,1.8
"2025-11-02 00:58:07",4787,4641,55853,0,,13.55,74.4,-8.72,26.1,,1.8
"2025-11-02 00:58:08",4788,4642,55842,-38.168107,-72.526038,12.8,72.2,-8.72,26.05,,1.8
"2025-11-02 00:58:10",4792,4646,55815,0,,14,72.6,-8.73,25.95,,1.8
"2025-11-02 00:58:11",4794,4648,55802,-38.168008,-72.525623,11.55,75.2,-8.73,25.9,-5,1.8
"2025-11-02 00:58:13",4798,4652,55776,0,,13.2,73.2,-8.74,25.85,,1.8
"2025-11-02 00:58:14",4799,4653,55764,-38.167913,-72.5252,12.7,76,-8.73,25.75,,1.8
"2025-11-02 00:58:16",4803,4657,55740,0,,11.75,76.6,-8.74,25.7,,1.8
"2025-11-02 00:58:17",4804,4658,55728,-38.167817,-72.524775,13.7,72.8,-8.74,25.65,,1.7
"2025-11-02 00:58:19",4809,4663,55695,0,,13.25,74.3,-8.75,25.6,,1.8
"2025-11-02 00:58:20",4811,4665,55680,-38.167715,-72.524335,13.4,73,-8.76,25.5,,1.9
"2025-11-02 00:58:22",4814,4668,55656,0,,14,71.7,-8.79,25.45,,1.9
"2025-11-02 00:58:23",4816,4670,55644,-38.16762,-72.523898,13.25,75.5,-8.8,25.4,,1.8
"2025-11-02 00:58:25",4820,4674,55617,0,,13.2,72.8,-8.81,25.3,,1.8
"2025-11-02 00:58:26",4822,4676,55604,-38.167523,-72.523457,13.05,77.5,-8.81,25.25,,1.9
"2025-11-02 00:58:28",4825,4679,55577,0,,13.5,75.5,-8.82,25.2,,1.9
"2025-11-02 00:58:29",4827,4681,55564,-38.167422,-72.52301,14.05,72.4,-8.84,25.15,,1.9
"2025-11-02 00:58:31",4831,4685,55535,0,,13.9,76.4,-8.85,25.05,,1.9
"2025-11-02 00:58:32",4833,4687,55522,-38.167325,-72.522567,13.1,72.3,-8.85,25,,1.8
"2025-11-02 00:58:33",4835,4689,55510,0,,14.25,75.7,-8.85,24.9,,1.8
"2025-11-02 00:58:34",4837,4691,55498,0,,13.3,72.5,-8.85,24.9,,1.8
"2025-11-02 00:58:35",4838,4692,55486,-38.16723,-72.52212,13.2,77.9,-8.87,24.85,,1.8
"2025-11-02 00:58:36",4840,4694,55473,0,,13.55,72.8,-8.87,24.8,,1.8
"2025-11-02 00:58:37",4842,4696,55461,0,,12.9,73.4,-8.88,24.8,,1.8
"2025-11-02 00:58:38",4843,4697,55450,-38.167132,-72.521677,14,74.7,-8.88,24.75,-5.25,1.8
"2025-11-02 00:58:39",4845,4699,55435,0,,12.45,73.1,-8.89,24.75,,1.8
"2025-11-02 00:58:40",4847,4701,55421,0,,14.15,76.4,-8.9,24.7,,1.8
"2025-11-02 00:58:41",4849,4703,55408,-38.16703,-72.521235,13.35,70.7,-8.91,24.65,,1.8
"2025-11-02 00:58:42",4851,4705,55395,0,,13.35,76.1,-8.91,24.65,,1.8
"2025-11-02 00:58:43",4853,4707,55382,0,,14,70.1,-8.92,24.6,,1.8
"2025-11-02 00:58:44",4855,4709,55370,-38.166923,-72.520792,12.85,75.2,-8.93,24.6,,1.8
"2025-11-02 00:58:45",4856,4710,55358,0,,14.5,72.8,-8.95,24.6,,1.8
"2025-11-02 00:58:46",4858,4712,55347,0,,12.8,73.5,-8.96,24.55,,1.8
"2025-11-02 00:58:47",4859,4713,55336,-38.16682,-72.52034,14.25,76.2,-8.97,24.55,,1.8
"2025-11-02 00:58:48",4861,4715,55323,0,,12.75,70.6,-8.99,24.5,,1.8
"2025-11-02 00:58:49",4863,4717,55310,0,,13.65,77,-9,24.5,,1.8
"2025-11-02 00:58:50",4865,4719,55298,-38.166715,-72.519898,13.35,70.2,-9.01,24.5,,1.8
"2025-11-02 00:58:51",4867,4721,55284,0,,13.15,77.5,-9.02,24.5,,1.8
"2025-11-02 00:58:52",4868,4722,55271,0,,13.75,73.2,-9.03,24.5,,1.8
"2025-11-02 00:58:53",4870,4724,55258,-38.166615,-72.519458,13.35,72.3,-9.03,24.5,,1.8
"2025-11-02 00:58:55",4874,4728,55233,0,,13.45,74.3,-9.05,24.6,,1.7
"2025-11-02 00:58:56",4875,4729,55222,-38.166513,-72.519007,14.45,75.9,-9.06,24.7,,1.7
"2025-11-02 00:58:57",4877,4731,55207,0,,12.7,73.1,-9.08,24.8,,1.8
"2025-11-02 00:58:58",4879,4733,55192,0,,13.8,74.8,-9.09,24.9,,1.8
"2025-11-02 00:58:59",4882,4736,55178,-38.166417,-72.518558,13.95,74.2,-9.11,25.1,,1.9
"2025-11-02 00:59:00",4883,4737,55167,0,,13.25,73.8,-9.12,25.2,,1.8
"2025-11-02 00:59:01",4885,4739,55156,0,,14.15,74.1,-9.14,25.4,,1.8
"2025-11-02 00:59:02",4886,4740,55146,-38.166315,-72.518117,12.45,73.5,-9.15,25.55,,1.8
"2025-11-02 00:59:03",4888,4742,55131,0,,14.4,77.4,-9.17,25.65,,1.8
"2025-11-02 00:59:04",4890,4744,55117,0,,12.9,74.3,-9.18,25.85,,1.8
"2025-11-02 00:59:05",4892,4746,55104,-38.166223,-72.517668,13.85,75,-9.2,26,-5.5,1.8
"2025-11-02 00:59:06",4893,4747,55094,0,,13.75,74.7,-9.21,26.2,,1.8
"2025-11-02 00:59:07",4895,4749,55084,0,,12.9,76.8,-9.24,26.4,,1.7
"2025-11-02 00:59:08",4896,4750,55074,-38.166133,-72.51722,13.45,76.9,-9.25,26.6,,1.7
"2025-11-02 00:59:10",4899,4753,55052,0,,13.8,74.9,-9.29,26.95,,1.7
"2025-11-02 00:59:11",4901,4755,55042,-38.166038,-72.516783,12.55,75.3,-9.3,27.15,,1.6
"2025-11-02 00:59:12",4903,4757,55027,0,,13.25,76.4,-9.31,27.3,,1.6
"2025-11-02 00:59:13",4905,4759,55013,0,,13.85,75,-9.33,27.5,,1.7
"2025-11-02 00:59:14",4907,4761,55000,-38.165948,-72.516347,12.5,74,-9.34,27.7,,1.7
"2025-11-02 00:59:15",4908,4762,54987,0,,13.1,73.4,-9.35,27.9,,1.7
"2025-11-02 00:59:16",4910,4764,54974,0,,12.5,77.6,-9.37,28.1,,1.7
"2025-11-02 00:59:17",4912,4766,54962,-38.16586,-72.515915,13.65,75.6,-9.38,28.25,,1.7
"2025-11-02 00:59:18",4914,4768,54949,0,,12.85,73.8,-9.39,28.45,,1.7
"2025-11-02 00:59:19",4916,4770,54936,0,,12.95,77,-9.41,28.65,,1.7
"2025-11-02 00:59:20",4917,4771,54924,-38.165765,-72.515477,14.1,72.5,-9.43,28.8,,1.8
"2025-11-02 00:59:21",4919,4773,54912,0,,12.45,79,-9.45,29,,1.7
"2025-11-02 00:59:22",4920,4774,54901,0,,13.55,74,-9.46,29.15,,1.8
"2025-11-02 00:59:23",4922,4776,54890,-38.165675,-72.515042,12.95,74.3,-9.47,29.3,,1.8
"2025-11-02 00:59:24",4924,4778,54878,0,,13.45,79.1,-9.48,29.5,,1.8
"2025-11-02 00:59:25",4925,4779,54867,0,,13.45,72.3,-9.5,29.7,,1.7
"2025-11-02 00:59:26",4927,4781,54856,-38.16559,-72.514603,12.5,80,-9.51,29.85,,1.7
"2025-11-02 00:59:27",4929,4783,54844,0,,13.55,73.9,-9.53,30,,1.7
"2025-11-02 00:59:28",4930,4784,54832,0,,13.35,76,-9.54,30.15,,1.7
"2025-11-02 00:59:29",4932,4786,54820,-38.165503,-72.514162,13.65,78,-9.55,30.3,,1.7
"2025-11-02 00:59:30",4934,4788,54808,0,,12.7,73.7,-9.59,30.5,,1.7
"2025-11-02 00:59:31",4935,4789,54797,0,,13.15,79.5,-9.6,30.65,,1.6
"2025-11-02 00:59:32",4937,4791,54786,-38.165418,-72.513728,13.1,72.8,-9.6,30.85,-5.75,1.6
"2025-11-02 00:59:33",4938,4792,54775,0,,13.35,75.7,-9.61,30.95,,1.6
"2025-11-02 00:59:34",4940,4794,54764,0,,13.3,76,-9.63,31.1,,1.6
"2025-11-02 00:59:35",4941,4795,54754,-38.165327,-72.513288,13.25,75.2,-9.64,31.2,,1.6
"2025-11-02 00:59:36",4943,4797,54742,0,,13.35,78.7,-9.67,31.3,,1.6
"2025-11-02 00:59:37",4945,4799,54730,0,,13.15,72.5,-9.69,31.4,,1.6
"2025-11-02 00:59:38",4946,4800,54718,-38.165237,-72.512842,13.95,77.3,-9.7,31.5,,1.6
"2025-11-02 00:59:39",4948,4802,54706,0,,12.75,74.5,-9.71,31.6,,1.6
"2025-11-02 00:59:40",4950,4804,54695,0,,13.55,80,-9.73,31.7,,1.6
"2025-11-02 00:59:41",4951,4805,54684,-38.165155,-72.5124,13.1,76.2,-9.75,31.8,,1.6
"2025-11-02 00:59:42",4953,4807,54671,0,,13.75,73.5,-9.76,31.85,,1.6
"2025-11-02 00:59:43",4955,4809,54658,0,,13.3,78.8,-9.78,31.95,,1.6
"2025-11-02 00:59:44",4957,4811,54646,-38.165065,-72.51195,13.35,74.8,-9.79,32,,1.7
"2025-11-02 00:59:45",4958,4812,54635,0,,13.6,80.9,-9.81,32.05,,1.6
"2025-11-02 00:59:46",4960,4814,54624,0,,13.25,74.2,-9.82,32.1,,1.6
"2025-11-02 00:59:47",4961,4815,54614,-38.16498,-72.511493,13.45,76.2,-9.83,32.15,,1.6
"2025-11-02 00:59:48",4963,4817,54604,0,,12.95,77.5,-9.84,32.2,,1.6
"2025-11-02 00:59:49",4964,4818,54594,0,,14.3,75.5,-9.85,32.25,,1.6
"2025-11-02 00:59:50",4965,4819,54584,-38.164897,-72.511037,13.7,79.2,-9.86,32.3,,1.6
"2025-11-02 00:59:51",4967,4821,54571,0,,13.45,74,-9.89,32.35,,1.6
"2025-11-02 00:59:52",4969,4823,54559,0,,13.35,76.7,-9.89,32.35,,1.6
"2025-11-02 00:59:53",4971,4825,54548,-38.16481,-72.510592,13.35,77.2,-9.91,32.4,,1.6
"2025-11-02 00:59:55",4974,4828,54526,0,,13.05,77.3,-9.93,32.45,,1.6
"2025-11-02 00:59:56",4975,4829,54516,-38.164732,-72.510133,14.2,75.1,-9.94,32.5,,1.5
"2025-11-02 00:59:57",4977,4831,54504,0,,13.4,78.5,-9.95,32.45,,1.5
"2025-11-02 00:59:58",4978,4832,54493,0,,13.5,76.8,-9.96,32.5,,1.6
"2025-11-02 00:59:59",4980,4834,54482,-38.164652,-72.509673,13.6,80.8,-9.98,32.55,-6,1.6
"2025-11-02 01:00:00",4981,4835,54471,0,,12.9,75.4,-9.98,32.55,,1.6
"2025-11-02 01:00:01",4983,4837,54459,0,,14.05,78.2,-9.99,32.6,,1.6
"2025-11-02 01:00:02",4985,4839,54448,-38.164575,-72.509222,12.95,78.5,-10.02,32.6,,1.6
"2025-11-02 01:00:03",4986,4840,54436,0,,14.2,75.7,-10.02,32.6,,1.6
"2025-11-02 01:00:04",4988,4842,54426,0,,13.7,82.3,-10.04,32.6,,1.6
"2025-11-02 01:00:05",4989,4843,54416,-38.164502,-72.508762,13.85,75.3,-10.05,32.6,,1.6
"2025-11-02 01:00:06",4991,4845,54406,0,,13.95,80.7,-10.06,32.65,,1.5
"2025-11-02 01:00:07",4992,4846,54397,0,,13.25,76.3,-10.07,32.65,,1.5
"2025-11-02 01:00:08",4993,4847,54388,-38.164423,-72.508293,14.85,78.7,-10.08,32.65,,1.5
"2025-11-02 01:00:10",4996,4850,54368,0,,13.95,75.7,-10.1,32.65,,1.5
"2025-11-02 01:00:11",4998,4852,54358,-38.164343,-72.507833,13.1,80.5,-10.1,32.6,,1.5
"2025-11-02 01:00:12",4999,4853,54345,0,,13.5,76.3,-10.11,32.65,,1.5
"2025-11-02 01:00:13",5001,4855,54333,0,,13.7,82.8,-10.12,32.6,,1.5
"2025-11-02 01:00:14",5003,4857,54322,-38.164273,-72.507373,13.3,77.6,-10.12,32.55,,1.5
"2025-11-02 01:00:15",5004,4858,54311,0,,14.65,78.7,-10.13,32.45,,1.5
"2025-11-02 01:00:16",5006,4860,54300,0,,12.7,79.2,-10.13,32.35,,1.5
"2025-11-02 01:00:17",5007,4861,54290,-38.1642,-72.506912,13.6,79.9,-10.14,32.3,,1.5
"2025-11-02 01:00:18",5009,4863,54281,0,,13.6,80.7,-10.14,32.2,,1.5
"2025-11-02 01:00:19",5010,4864,54271,0,,13.6,75.4,-10.15,32.15,,1.5
"2025-11-02 01:00:20",5011,4865,54262,-38.164127,-72.506445,13.55,81.3,-10.17,32.05,,1.5
"2025-11-02 01:00:21",5013,4867,54251,0,,12.95,75.5,-10.18,31.95,,1.5
"2025-11-02 01:00:22",5014,4868,54240,0,,14.3,78.7,-10.18,31.85,,1.5
"2025-11-02 01:00:23",5016,4870,54230,-38.164052,-72.50599,12.9,79.4,-10.19,31.8,,1.5
"2025-11-02 01:00:25",5018,4872,54212,0,,13.35,81,-10.22,31.6,,1.5
"2025-11-02 01:00:26",5020,4874,54204,-38.163978,-72.505537,14.05,78.2,-10.22,31.5,-6.25,1.4
"2025-11-02 01:00:27",5021,4875,54193,0,,13.7,80.8,-10.23,31.45,,1.4
"2025-11-02 01:00:28",5023,4877,54182,0,,13.2,75.3,-10.24,31.35,,1.4
"2025-11-02 01:00:29",5024,4878,54172,-38.163905,-72.50508,14.25,80,-10.25,31.3,,1.4
"2025-11-02 01:00:30",5026,4880,54161,0,,12.7,77.6,-10.26,31.25,,1.4
"2025-11-02 01:00:31",5027,4881,54150,0,,13.8,78.6,-10.27,31.15,,1.4
"2025-11-02 01:00:32",5029,4883,54140,-38.163835,-72.504632,13.45,79.8,-10.28,31.1,,1.4
"2025-11-02 01:00:33",5030,4884,54130,0,,,,-10.28,31,,1.4
"2025-11-02 01:00:34",5031,4885,54121,0,,,,-10.3,30.9,,1.4
"2025-11-02 01:00:35",5033,4887,54112,0,,,,-10.33,30.8,,1.4
"2025-11-02 01:00:37",5035,4889,54094,0,,12.85,77,-10.34,30.55,,1.4
"2025-11-02 01:00:38",5036,4890,54086,-38.163682,-72.50373,13.15,78.1,-10.35,30.45,,1.4
"2025-11-02 01:00:40",5038,4892,54071,0,,14.35,77,-10.37,30.25,,1.3
"2025-11-02 01:00:41",5040,4894,54064,-38.16361,-72.503267,13.65,80.3,-10.38,30.15,,1.3
"2025-11-02 01:00:43",5043,4897,54042,0,,14,77.7,-10.4,29.95,,1.3
"2025-11-02 01:00:44",5044,4898,54032,-38.163523,-72.502808,13.1,75.5,-10.41,29.85,,1.3
"2025-11-02 01:00:46",5047,4901,54014,0,,13.35,77.5,-10.42,29.65,,1.3
"2025-11-02 01:00:47",5048,4902,54006,-38.163445,-72.502358,13.3,75.9,-10.43,29.5,,1.3
"2025-11-02 01:00:49",5051,4905,53983,0,,13.4,75.4,-10.45,29.2,,1.3
"2025-11-02 01:00:50",5053,4907,53972,-38.163368,-72.501908,13.4,81.4,-10.45,29.1,,1.4
"2025-11-02 01:00:52",5055,4909,53954,0,,13.95,79,-10.49,28.85,,1.4
"2025-11-02 01:00:53",5056,4910,53946,-38.163287,-72.501453,12.65,76.4,-10.49,28.75,-6.5,1.4
"2025-11-02 01:00:56",5060,4914,53922,-38.163205,-72.501015,13.85,75.5,-10.53,28.55,,1.3
"2025-11-02 01:00:57",5061,4915,53914,0,,13.05,81.8,-10.55,28.5,,1.3
"2025-11-02 01:00:58",5062,4916,53906,0,,13.45,76.4,-10.55,28.4,,1.3
"2025-11-02 01:00:59",5063,4917,53898,-38.16313,-72.500563,13.9,76.6,-10.55,28.3,,1.3
"2025-11-02 01:01:01",5066,4920,53876,0,,13.4,80.6,-10.56,28.2,,1.3
"2025-11-02 01:01:02",5068,4922,53866,-38.163053,-72.500115,13.4,78.1,-10.56,28.1,,1.3
"2025-11-02 01:01:04",5071,4925,53845,0,,13.45,78.3,-10.58,28,,1.3
"2025-11-02 01:01:05",5072,4926,53836,-38.162972,-72.499663,13.3,76,-10.59,27.95,,1.3
"2025-11-02 01:01:07",5075,4929,53818,0,,13.4,76.4,-10.63,27.85,,1.3
"2025-11-02 01:01:08",5076,4930,53810,-38.162897,-72.49922,14.1,78.2,-10.63,27.8,,1.3
"2025-11-02 01:01:10",5077,4931,53799,0,,13,78.4,-10.66,27.75,,1.3
"2025-11-02 01:01:11",5079,4933,53790,0,,13.25,75.2,-10.67,27.75,,1.4
"2025-11-02 01:01:12",5080,4934,53782,-38.162822,-72.498773,13.55,82,-10.68,27.65,,1.4
"2025-11-02 01:01:12",5081,4935,53774,0,,13.55,75.7,-10.69,27.55,,1.4
"2025-11-02 01:01:13",5082,4936,53766,0,,13.65,78.5,-10.7,27.55,,1.3
"2025-11-02 01:01:14",5083,4937,53758,-38.162747,-72.498322,13.05,79.4,-10.71,27.5,,1.3
"2025-11-02 01:01:15",5085,4939,53749,0,,13.45,73.7,-10.72,27.5,,1.3
"2025-11-02 01:01:16",5086,4940,53740,0,,13.15,81.6,-10.73,27.45,,1.3
"2025-11-02 01:01:17",5087,4941,53732,-38.162668,-72.497877,13.3,76.3,-10.74,27.45,,1.2
"2025-11-02 01:01:18",5088,4942,53723,0,,14,78.3,-10.76,27.4,,1.2
"2025-11-02 01:01:19",5090,4944,53714,0,,12.65,77.9,-10.77,27.4,,1.2
"2025-11-02 01:01:20",5091,4945,53706,-38.16259,-72.497428,13.25,76.4,-10.78,27.4,-6.75,1.2
"2025-11-02 01:01:21",5092,4946,53698,0,,12.8,80.4,-10.79,27.4,,1.2
"2025-11-02 01:01:22",5093,4947,53691,0,,13.4,75.2,-10.81,27.4,,1.2
"2025-11-02 01:01:23",5094,4948,53684,-38.162517,-72.496983,13.1,80.7,-10.81,27.35,,1.2
"2025-11-02 01:01:24",5095,4949,53674,0,,13.1,74.6,-10.83,27.4,,1.2
"2025-11-02 01:01:25",5097,4951,53665,0,,13.45,75.9,-10.84,27.4,,1.2
"2025-11-02 01:01:26",5098,4952,53656,-38.162432,-72.496542,12.85,77.7,-10.85,27.35,,1.2
"2025-11-02 01:01:27",5100,4954,53645,0,,13.2,77.6,-10.87,27.35,,1.2
"2025-11-02 01:01:28",5101,4955,53635,0,,13.05,78.8,-10.87,27.3,,1.3
"2025-11-02 01:01:29",5102,4956,53626,-38.162348,-72.496095,13.15,72.8,-10.88,27.3,,1.3
"2025-11-02 01:01:30",5104,4958,53617,0,,13.35,77.9,-10.89,27.25,,1.3
"2025-11-02 01:01:31",5105,4959,53609,0,,12.8,74.6,-10.91,27.25,,1.3
"2025-11-02 01:01:32",5106,4960,53602,-38.16226,-72.495652,13.1,78.9,-10.92,27.2,,1.2
"2025-11-02 01:01:33",5107,4961,53594,0,,12.95,76.2,-10.92,27.2,,1.2
"2025-11-02 01:01:34",5108,4962,53587,0,,14.05,73.7,-10.94,27.15,,1.2
"2025-11-02 01:01:35",5109,4963,53580,-38.162172,-72.495205,12.65,78.2,-10.95,27.1,,1.2
"2025-11-02 01:01:36",5110,4964,53571,0,,13.2,74,-10.95,27.05,,1.2
"2025-11-02 01:01:37",5111,4965,53563,0,,13.5,80.1,-10.97,27,,1.2
"2025-11-02 01:01:38",5112,4966,53556,-38.162088,-72.49476,13.1,74,-10.97,26.95,,1.2
"2025-11-02 01:01:40",5115,4969,53538,0,,12.4,74.1,-11,26.9,,1.2
"2025-11-02 01:01:41",5116,4970,53530,-38.161997,-72.494315,12.95,76.1,-11.01,26.8,,1.2
"2025-11-02 01:01:42",5117,4971,53521,0,,12.8,77.9,-11.02,26.75,,1.2
"2025-11-02 01:01:43",5119,4973,53513,0,,13.85,72.5,-11.03,26.7,,1.2
"2025-11-02 01:01:44",5120,4974,53506,-38.16191,-72.49387,13.25,80.5,-11.03,26.65,,1.2
"2025-11-02 01:01:45",5121,4975,53496,0,,13.25,73.1,-11.04,26.6,,1.2
"2025-11-02 01:01:46",5123,4977,53486,0,,13.75,79.3,-11.06,26.55,,1.2
"2025-11-02 01:01:47",5124,4978,53476,-38.161827,-72.493428,12.35,74.4,-11.06,26.5,-7,1.2
"2025-11-02 01:01:48",5125,4979,53469,0,,13.05,77.5,-11.08,26.45,,1.2
"2025-11-02 01:01:49",5126,4980,53462,0,,12.4,78,-11.09,26.4,,1.2
"2025-11-02 01:01:50",5127,4981,53456,-38.161745,-72.49299,13.8,75.3,-11.11,26.35,,1.2
"2025-11-02 01:01:51",5128,4982,53449,0,,13.6,79.7,-11.12,26.3,,1.2
"2025-11-02 01:01:52",5129,4983,53442,0,,13.6,73.7,-11.13,26.25,,1.2
"2025-11-02 01:01:53",5130,4984,53436,-38.161662,-72.492538,12.95,77.9,-11.14,26.25,,1.1
"2025-11-02 01:01:55",5132,4986,53421,0,,13.9,77.6,-11.15,26.25,,1.1
"2025-11-02 01:01:56",5133,4987,53414,-38.161575,-72.492095,13.1,77.2,-11.16,26.2,,1.1
"2025-11-02 01:01:57",5134,4988,53406,0,,13.75,74.1,-11.16,26.2,,1.1
"2025-11-02 01:01:58",5135,4989,53399,0,,12.6,77.8,-11.18,26.2,,1.1
"2025-11-02 01:01:59",5136,4990,53392,-38.161487,-72.491657,13.7,72.9,-11.18,26.2,,1
"2025-11-02 01:02:00",5137,4991,53384,0,,13.35,79.3,-11.21,26.15,,1
"2025-11-02 01:02:01",5138,4992,53377,0,,12.9,74.6,-11.22,26.15,,1
"2025-11-02 01:02:02",5139,4993,53370,-38.161398,-72.491208,14.4,76.3,-11.22,26.15,,1
"2025-11-02 01:02:03",5140,4994,53362,0,,12.55,74.2,-11.23,26.15,,1
"2025-11-02 01:02:04",5141,4995,53355,0,,14.15,75.1,-11.24,26.2,,1
"2025-11-02 01:02:05",5142,4996,53348,-38.161307,-72.490763,12.7,77.1,-11.25,26.2,,1
"2025-11-02 01:02:06",5143,4997,53341,0,,13.3,72.3,-11.26,26.2,,1
"2025-11-02 01:02:07",5144,4998,53334,0,,13.55,80,-11.27,26.2,,1
"2025-11-02 01:02:08",5145,4999,53328,-38.161215,-72.490322,13.45,72.5,-11.28,26.25,,1
"2025-11-02 01:02:09",5146,5000,53321,0,,13.95,78.1,-11.29,26.25,,1
"2025-11-02 01:02:10",5147,5001,53314,0,,12.8,72.6,-11.3,26.25,,1
"2025-11-02 01:02:11",5148,5002,53308,-38.16112,-72.489873,14.25,75.5,-11.31,26.25,,1
"2025-11-02 01:02:12",5149,5003,53299,0,,12.15,75.1,-11.32,26.25,,1
"2025-11-02 01:02:13",5151,5005,53291,0,,14.25,74.8,-11.33,26.25,,1
"2025-11-02 01:02:14",5152,5006,53284,-38.161033,-72.489435,12.85,78.9,-11.36,26.25,-7.25,1
"2025-11-02 01:02:15",5153,5007,53277,0,,13.6,73.8,-11.37,26.25,,1
"2025-11-02 01:02:16",5154,5008,53270,0,,14,79.5,-11.38,26.25,,1
"2025-11-02 01:02:17",5155,5009,53264,-38.160947,-72.488987,13.25,72.7,-11.38,26.25,,1
"2025-11-02 01:02:18",5156,5010,53255,0,,13.65,75.3,-11.39,26.25,,1
"2025-11-02 01:02:19",5157,5011,53246,0,,12.85,75.7,-11.39,26.2,,1.1
"2025-11-02 01:02:20",5158,5012,53238,-38.160853,-72.488543,13.35,76.8,-11.4,26.2,,1.1
"2025-11-02 01:02:21",5159,5013,53232,0,,12.9,77.2,-11.41,26.2,,1.1
"2025-11-02 01:02:22",5160,5014,53226,0,,13.7,73.6,-11.41,26.15,,1.1
"2025-11-02 01:02:23",5161,5015,53220,-38.160765,-72.488098,13.25,76.7,-11.43,26.15,,1.1
"2025-11-02 01:02:24",5162,5016,53213,0,,12.95,72.5,-11.44,26.1,,1
"2025-11-02 01:02:25",5163,5017,53207,0,,13.8,77.8,-11.44,26.1,,1
"2025-11-02 01:02:26",5164,5018,53202,-38.160678,-72.487662,12.9,77.3,-11.46,26.05,,1
"2025-11-02 01:02:27",5165,5019,53194,0,,14.15,76.5,-11.46,26.05,,1
"2025-11-02 01:02:28",5166,5020,53187,0,,12.8,74.3,-11.47,26,,1
"2025-11-02 01:02:29",5167,5021,53180,-38.160588,-72.487217,13.35,76,-11.48,26,,1
"2025-11-02 01:02:30",5168,5022,53171,0,,13.4,78.6,-11.5,26,,1
"2025-11-02 01:02:31",5169,5023,53162,0,,13.75,73.1,-11.5,25.95,,1
"2025-11-02 01:02:32",5171,5025,53154,-38.160498,-72.486758,13.8,78.5,-11.51,25.95,,1
"2025-11-02 01:02:33",5171,5025,53148,0,,12.7,73.9,-11.52,25.9,,1
"2025-11-02 01:02:34",5172,5026,53143,0,,13.9,77.1,-11.52,25.85,,1
"2025-11-02 01:02:35",5173,5027,53138,-38.160412,-72.486315,13,78.1,-11.52,25.85,,1
"2025-11-02 01:02:36",5174,5028,53130,0,,13.3,76.7,-11.52,25.85,,1
"2025-11-02 01:02:37",5175,5029,53122,0,,13.05,78.5,-11.53,25.85,,1
"2025-11-02 01:02:38",5176,5030,53114,-38.160325,-72.485862,13.7,72.7,-11.54,25.8,,1
"2025-11-02 01:02:40",5178,5032,53100,0,,13.1,72.9,-11.55,25.75,,1.1
"2025-11-02 01:02:41",5179,5033,53094,-38.160233,-72.485413,13.9,78.3,-11.56,25.7,-7.5,1
"2025-11-02 01:02:42",5180,5034,53086,0,,12.6,77.5,-11.57,25.7,,1
"2025-11-02 01:02:43",5181,5035,53079,0,,13.85,77.1,-11.58,25.65,,1
"2025-11-02 01:02:44",5182,5036,53072,-38.160155,-72.484968,13.35,75.4,-11.58,25.65,,1
"2025-11-02 01:02:45",5183,5037,53066,0,,13.45,74.7,-11.59,25.65,,1
"2025-11-02 01:02:46",5184,5038,53061,0,,13.05,79.7,-11.6,25.65,,1
"2025-11-02 01:02:47",5185,5039,53056,-38.160068,-72.484522,13.75,73.2,-11.6,25.6,,1
"2025-11-02 01:02:48",5186,5040,53048,0,,13.9,77.8,-11.61,25.6,,1
"2025-11-02 01:02:49",5187,5041,53042,0,,13.9,73.3,-11.62,25.55,,1
"2025-11-02 01:02:50",5188,5042,53036,-38.159977,-72.484065,13.6,78,-11.66,25.55,,0.9
"2025-11-02 01:02:51",5188,5042,53030,0,,13.2,76.1,-11.66,25.55,,0.9
"2025-11-02 01:02:52",5189,5043,53024,0,,13.6,76.5,-11.67,25.5,,0.9
"2025-11-02 01:02:53",5190,5044,53018,-38.159893,-72.483615,13.45,77.9,-11.67,25.5,,0.9
"2025-11-02 01:02:55",5192,5046,53004,0,,13.35,80.2,-11.69,25.5,,0.9
"2025-11-02 01:02:56",5193,5047,52998,-38.159802,-72.483158,13.65,74.8,-11.7,25.45,,0.9
"2025-11-02 01:02:57",5194,5048,52992,0,,13.75,78.4,-11.7,25.5,,0.9
"2025-11-02 01:02:58",5195,5049,52985,0,,13.3,79,-11.71,25.45,,0.9
"2025-11-02 01:02:59",5196,5050,52978,-38.159722,-72.482707,13.5,74.7,-11.72,25.45,,0.9
"2025-11-02 01:03:01",5197,5051,52971,0,,13.45,74.6,-11.73,25.45,,0.9
"2025-11-02 01:03:02",5198,5052,52965,0,,13.45,75,-11.74,25.4,,0.9
"2025-11-02 01:03:03",5199,5053,52960,-38.159632,-72.482257,13.75,79,-11.74,25.4,,0.9
"2025-11-02 01:03:03",5200,5054,52954,0,,13.85,75.2,-11.75,25.4,,0.9
"2025-11-02 01:03:04",5201,5055,52947,0,,14.05,74.6,-11.75,25.4,,0.9
"2025-11-02 01:03:05",5202,5056,52940,-38.15954,-72.481803,12.95,75.1,-11.77,25.35,,0.9
"2025-11-02 01:03:07",5204,5058,52923,0,,13.4,79.2,-11.78,25.35,,1
"2025-11-02 01:03:08",5205,5059,52916,-38.159455,-72.48135,13.75,74.7,-11.8,25.35,-7.75,1
"2025-11-02 01:03:10",5206,5060,52906,0,,13.1,75.2,-11.82,25.35,,0.9
"2025-11-02 01:03:11",5207,5061,52902,-38.159367,-72.4809,14.15,75.1,-11.82,25.35,,0.9
"2025-11-02 01:03:14",5209,5063,52888,0,,14.05,76.3,-11.84,25.3,,0.9
"2025-11-02 01:03:15",5210,5064,52882,-38.159277,-72.48044,13.3,78.4,-11.85,25.3,,0.9
"2025-11-02 01:03:16",5212,5066,52866,0,,14.15,75.5,-11.86,25.25,,1
"2025-11-02 01:03:17",5213,5067,52858,-38.15918,-72.479987,13.1,74.8,-11.88,25.25,,1
"2025-11-02 01:03:19",5216,5070,52842,0,,13.3,75,-11.89,25.2,,1
"2025-11-02 01:03:20",5217,5071,52834,-38.15909,-72.479532,14.15,73.8,-11.9,25.2,,1
"2025-11-02 01:03:22",5219,5073,52822,0,,13.6,74.6,-11.92,25.15,,1
"2025-11-02 01:03:23",5220,5074,52816,-38.158997,-72.479068,14.05,79.2,-11.93,25.1,,1
"2025-11-02 01:03:26",5222,5076,52800,-38.158903,-72.478607,13.6,75.4,-11.96,25,,1
"2025-11-02 01:03:28",5224,5078,52785,0,,13.5,78.6,-11.98,24.95,,1
"2025-11-02 01:03:29",5225,5079,52778,-38.158815,-72.478152,13.9,72.9,-11.99,24.95,,1
"2025-11-02 01:03:30",5226,5080,52772,0,,13.8,76.4,-12,24.95,,1
"2025-11-02 01:03:31",5227,5081,52766,0,,13.75,73.4,-12,24.9,,1
"2025-11-02 01:03:32",5228,5082,52760,-38.15872,-72.47769,13.85,78.8,-12.01,24.9,,0.9
"2025-11-02 01:03:33",5229,5083,52751,0,,13.8,74.8,-12.02,24.9,,0.9
"2025-11-02 01:03:34",5230,5084,52743,0,,14.15,73,-12.02,24.9,,0.9
"2025-11-02 01:03:35",5231,5085,52736,-38.158623,-72.477233,13.7,75.4,-12.03,24.85,-8,1
"2025-11-02 01:03:36",5232,5086,52730,0,,13.15,72.8,-12.04,24.85,,1
"2025-11-02 01:03:37",5233,5087,52724,0,,14,77.8,-12.04,24.85,,1
"2025-11-02 01:03:38",5234,5088,52718,-38.15853,-72.476788,13.35,72.5,-12.05,24.85,,1
"2025-11-02 01:03:39",5235,5089,52712,0,,13.45,73.7,-12.05,24.9,,1
"2025-11-02 01:03:40",5235,5089,52707,0,,13.6,75.4,-12.06,24.85,,1
"2025-11-02 01:03:41",5236,5090,52702,-38.158432,-72.476338,13.25,77,-12.07,24.85,,0.9
"2025-11-02 01:03:42",5237,5091,52695,0,,14.1,76.1,-12.07,24.85,,0.9
"2025-11-02 01:03:43",5238,5092,52688,0,,13.15,71.9,-12.1,24.85,,0.9
"2025-11-02 01:03:44",5239,5093,52682,-38.158333,-72.475883,14.3,75.8,-12.1,24.8,,0.9
"2025-11-02 01:03:45",5240,5094,52675,0,,13.3,74.5,-12.11,24.8,,0.9
"2025-11-02 01:03:46",5241,5095,52669,0,,13.5,76.2,-12.11,24.8,,0.9
"2025-11-02 01:03:47",5242,5096,52664,-38.158238,-72.47543,14.15,74.4,-12.12,24.75,,0.9
"2025-11-02 01:03:48",5243,5097,52656,0,,12.95,72.1,-12.13,24.75,,0.9
"2025-11-02 01:03:49",5244,5098,52649,0,,14.5,77,-12.14,24.75,,0.9
"2025-11-02 01:03:50",5245,5099,52642,-38.158138,-72.474978,13.4,74.7,-12.14,24.75,,0.9
"2025-11-02 01:03:51",5246,5100,52636,0,,13.65,76.7,-12.15,24.7,,0.9
"2025-11-02 01:03:52",5247,5101,52631,0,,13.45,76.4,-12.15,24.7,,0.9
"2025-11-02 01:03:53",5247,5101,52626,-38.158048,-72.474532,13.55,72.7,-12.16,24.7,,0.9
"2025-11-02 01:03:55",5249,5103,52614,0,,13.25,71.7,-12.18,24.75,,0.9
"2025-11-02 01:03:56",5250,5104,52608,-38.157948,-72.474077,13.95,78.5,-12.18,24.7,,0.9
"2025-11-02 01:03:57",5251,5105,52601,0,,13.4,73.4,-12.19,24.7,,0.9
"2025-11-02 01:03:58",5252,5106,52595,0,,14.2,73.6,-12.2,24.7,,0.9
"2025-11-02 01:03:59",5253,5107,52590,-38.157853,-72.473625,13.35,77.3,-12.21,24.7,,0.9
"2025-11-02 01:04:00",5253,5107,52583,0,,13.75,73.6,-12.21,24.7,,0.9
"2025-11-02 01:04:01",5254,5108,52576,0,,14.05,78,-12.22,24.7,,0.9
"2025-11-02 01:04:02",5255,5109,52570,-38.15776,-72.473168,13.85,71.8,-12.24,24.7,-8.25,0.9
"2025-11-02 01:04:03",5256,5110,52563,0,,13.95,77.2,-12.24,24.7,,0.9
"2025-11-02 01:04:04",5257,5111,52557,0,,13.85,74.7,-12.25,24.65,,0.9
"2025-11-02 01:04:05",5258,5112,52552,-38.15766,-72.472705,13.65,73.6,-12.26,24.65,,0.9
"2025-11-02 01:04:06",5259,5113,52545,0,,13.3,74.7,-12.27,24.65,,0.9
"2025-11-02 01:04:07",5260,5114,52538,0,,13.9,73.7,-12.28,24.65,,0.9
"2025-11-02 01:04:08",5261,5115,52532,-38.157562,-72.472253,14.4,76.2,-12.28,24.65,,0.9
"2025-11-02 01:04:10",5263,5117,52517,0,,13.7,75.1,-12.29,24.65,,0.9
"2025-11-02 01:04:11",5264,5118,52510,-38.157463,-72.471802,13.45,74.1,-12.29,24.65,,1
"2025-11-02 01:04:12",5265,5119,52503,0,,13.5,72.5,-12.3,24.6,,1
"2025-11-02 01:04:13",5266,5120,52496,0,,14.3,75.5,-12.31,24.6,,1
"2025-11-02 01:04:14",5267,5121,52490,-38.15736,-72.471347,13.6,75.9,-12.31,24.6,,1
"2025-11-02 01:04:15",5268,5122,52484,0,,13.9,74.2,-12.31,24.6,,1
"2025-11-02 01:04:16",5269,5123,52479,0,,13.9,74.2,-12.32,24.55,,1
"2025-11-02 01:04:17",5269,5123,52474,-38.157255,-72.470885,13.95,73.4,-12.32,24.55,,0.9
"2025-11-02 01:04:18",5271,5125,52465,0,,14.35,75.9,-12.33,24.6,,1
"2025-11-02 01:04:19",5272,5126,52456,0,,13.25,74.1,-12.33,24.55,,1
"2025-11-02 01:04:20",5273,5127,52448,-38.157155,-72.470422,13.8,75.7,-12.35,24.55,,1
"2025-11-02 01:04:21",5274,5128,52443,0,,13.4,71.9,-12.35,24.5,,1
"2025-11-02 01:04:22",5275,5129,52438,0,,14.25,72.8,-12.36,24.5,,1
"2025-11-02 01:04:23",5275,5129,52434,-38.157047,-72.469962,14,75.9,-12.37,24.45,,0.9
"2025-11-02 01:04:24",5276,5130,52426,0,,13.4,73.2,-12.37,24.45,,0.9
"2025-11-02 01:04:25",5277,5131,52419,0,,14.2,78,-12.39,24.4,,0.9
"2025-11-02 01:04:26",5279,5133,52412,-38.156948,-72.469505,13.75,71.9,-12.4,24.4,,1
"2025-11-02 01:04:27",5280,5134,52403,0,,14.9,75,-12.41,24.4,,1
"2025-11-02 01:04:28",5281,5135,52394,0,,13.6,73.4,-12.41,24.4,,1
"2025-11-02 01:04:29",5282,5136,52386,-38.15684,-72.46904,13.85,74.3,-12.42,24.35,-8.5,1.1
"2025-11-02 01:04:30",5283,5137,52380,0,,14.1,76.4,-12.43,24.35,,1
"2025-11-02 01:04:31",5284,5138,52374,0,,13.6,70.7,-12.43,24.3,,1
"2025-11-02 01:04:32",5285,5139,52368,-38.156735,-72.468575,13.8,75.5,-12.43,24.3,,1
"2025-11-02 01:04:33",5286,5140,52361,0,,13.65,73.1,-12.44,24.3,,1
"2025-11-02 01:04:34",5287,5141,52355,0,,14.35,72.1,-12.45,24.3,,1
"2025-11-02 01:04:35",5288,5142,52350,-38.15663,-72.468113,13.9,75.9,-12.46,24.25,,1
"2025-11-02 01:04:36",5289,5143,52343,0,,14,70.1,-12.46,24.25,,1
"2025-11-02 01:04:37",5289,5143,52337,0,,14.3,75.2,-12.49,24.2,,1
"2025-11-02 01:04:38",5290,5144,52332,-38.15652,-72.467652,13.7,74.5,-12.49,24.2,,1
"2025-11-02 01:04:39",5291,5145,52324,0,,14.35,76.2,-12.5,24.2,,1
"2025-11-02 01:04:40",5293,5147,52316,0,,14.25,71.8,-12.5,24.15,,1
"2025-11-02 01:04:41",5294,5148,52308,-38.156415,-72.467182,14.25,73.8,-12.5,24.15,,1
"2025-11-02 01:04:42",5295,5149,52299,0,,14.2,76.3,-12.51,24.15,,1
"2025-11-02 01:04:43",5296,5150,52291,0,,13.8,74.1,-12.52,24.15,,1
"2025-11-02 01:04:44",5297,5151,52284,-38.156317,-72.466717,14.95,75.5,-12.52,24.1,,1
"2025-11-02 01:04:45",5298,5152,52278,0,,13.85,73.6,-12.55,24.15,,1
"2025-11-02 01:04:46",5299,5153,52272,0,,14.15,75.3,-12.55,24.15,,1
"2025-11-02 01:04:47",5300,5154,52266,-38.156215,-72.466255,13.55,74.2,-12.56,24.1,,1
"2025-11-02 01:04:48",5301,5155,52260,0,,14.8,74.5,-12.57,24.1,,1
"2025-11-02 01:04:49",5302,5156,52255,0,,14.25,75.3,-12.57,24.1,,1
"2025-11-02 01:04:50",5302,5156,52250,-38.156115,-72.465788,14.15,74.2,-12.58,24.05,,1
"2025-11-02 01:04:51",5303,5157,52242,0,,14.35,77.7,-12.59,24.05,,1
"2025-11-02 01:04:52",5305,5159,52235,0,,13.5,75.3,-12.6,24,,1
"2025-11-02 01:04:53",5306,5160,52228,-38.156022,-72.465325,14,74.9,-12.61,24,,1
"2025-11-02 01:04:55",5308,5162,52214,0,,14,75.8,-12.62,24,,1
"2025-11-02 01:04:56",5309,5163,52208,-38.155927,-72.464857,13.95,78,-12.63,23.95,-8.75,1
"2025-11-02 01:04:57",5310,5164,52198,0,,13.85,73.6,-12.63,23.95,,1
"2025-11-02 01:04:58",5311,5165,52189,0,,14.75,76.5,-12.64,23.95,,1
"2025-11-02 01:04:59",5313,5167,52180,-38.15583,-72.46439,13.4,73.2,-12.65,23.9,,1
"2025-11-02 01:05:00",5314,5168,52172,0,,14,77.2,-12.66,23.9,,1.1
"2025-11-02 01:05:01",5315,5169,52165,0,,13.8,76.9,-12.66,23.85,,1.1
"2025-11-02 01:05:02",5316,5170,52158,-38.15574,-72.463927,13.85,73.4,-12.67,23.85,,1.1
"2025-11-02 01:05:03",5317,5171,52150,0,,13.8,79.1,-12.69,23.85,,1.1
"2025-11-02 01:05:04",5318,5172,52143,0,,13.6,73.2,-12.7,23.8,,1.1
"2025-11-02 01:05:05",5319,5173,52136,-38.15565,-72.463458,13.8,77.8,-12.71,23.8,,1.1
"2025-11-02 01:05:06",5320,5174,52128,0,,13.7,76.9,-12.72,23.75,,1.1
"2025-11-02 01:05:07",5321,5175,52121,0,,14.2,73.5,-12.73,23.75,,1.1
"2025-11-02 01:05:08",5322,5176,52114,-38.155558,-72.462995,14.1,75.9,-12.74,23.75,,1.1
"2025-11-02 01:05:10",5325,5179,52098,0,,13.9,78.8,-12.76,23.75,,1.1
"2025-11-02 01:05:11",5326,5180,52090,-38.155467,-72.462532,13.9,76.1,-12.76,23.7,,1.1
"2025-11-02 01:05:12",5327,5181,52081,0,,14.65,74.1,-12.77,23.7,,1.1
"2025-11-02 01:05:13",5328,5182,52073,0,,13.85,75.4,-12.77,23.7,,1.1
"2025-11-02 01:05:14",5329,5183,52066,-38.155367,-72.462068,13.6,75.1,-12.78,23.7,,1.1
"2025-11-02 01:05:15",5330,5184,52058,0,,14,77.5,-12.78,23.65,,1.1
"2025-11-02 01:05:16",5331,5185,52051,0,,14.5,74.6,-12.79,23.65,,1.1
"2025-11-02 01:05:17",5333,5187,52044,-38.15527,-72.461602,14.4,75,-12.8,23.65,,1.1
"2025-11-02 01:05:18",5334,5188,52035,0,,14.15,74.2,-12.81,23.65,,1.1
"2025-11-02 01:05:19",5335,5189,52026,0,,13.55,76.7,-12.82,23.65,,1.2
"2025-11-02 01:05:20",5336,5190,52018,-38.155173,-72.461143,14,75.1,-12.82,23.65,,1.2
"2025-11-02 01:05:21",5338,5192,52009,0,,14.5,73.1,-12.84,23.65,,1.2
"2025-11-02 01:05:22",5339,5193,52000,0,,14.25,76.1,-12.85,23.65,,1.2
"2025-11-02 01:05:23",5340,5194,51992,-38.155068,-72.460672,14.7,72.5,-12.86,23.65,-9,1.2
"2025-11-02 01:05:24",5341,5195,51985,0,,14,76.1,-12.87,23.6,,1.2
"2025-11-02 01:05:25",5342,5196,51978,0,,13.9,74,-12.88,23.6,,1.2
"2025-11-02 01:05:26",5343,5197,51972,-38.154967,-72.460207,14.1,74.1,-12.89,23.6,,1.2
"2025-11-02 01:05:27",5344,5198,51963,0,,13.8,75,-12.9,23.6,,1.2
"2025-11-02 01:05:28",5346,5200,51955,0,,15.05,73,-12.91,23.6,,1.2
"2025-11-02 01:05:29",5347,5201,51948,-38.154863,-72.459738,13.4,77.4,-12.92,23.55,,1.2
"2025-11-02 01:05:30",5348,5202,51940,0,,14.05,73.8,-12.93,23.55,,1.2
"2025-11-02 01:05:31",5349,5203,51933,0,,14.05,73.8,-12.94,23.55,,1.1
"2025-11-02 01:05:32",5350,5204,51926,-38.15476,-72.459272,14.15,72.4,-12.95,23.55,,1.1
"2025-11-02 01:05:33",5351,5205,51917,0,,14.15,76.3,-12.96,23.55,,1.1
"2025-11-02 01:05:34",5353,5207,51908,0,,13.15,74.3,-12.98,23.55,,1.1
"2025-11-02 01:05:35",5354,5208,51900,-38.154662,-72.458807,14.6,74.9,-12.99,23.55,,1.1
"2025-11-02 01:05:37",5356,5210,51885,0,,14.4,72.5,-13.01,23.5,,1.1
"2025-11-02 01:05:38",5357,5211,51878,-38.154563,-72.458332,14.4,77.9,-13.01,23.5,,1.2
"2025-11-02 01:05:41",5361,5215,51850,-38.15446,-72.457867,13.3,74.9,-13.05,23.5,,1.2
"2025-11-02 01:05:43",5364,5218,51831,0,,13.4,78,-13.08,23.45,,1.2
"2025-11-02 01:05:44",5365,5219,51822,-38.154357,-72.457405,14.25,72.6,-13.1,23.45,,1.3
"2025-11-02 01:05:46",5368,5222,51806,0,,13.6,70.5,-13.13,23.45,,1.3
"2025-11-02 01:05:47",5369,5223,51798,-38.154247,-72.456938,14.75,76.8,-13.14,23.45,,1.3
"2025-11-02 01:05:49",5372,5226,51779,0,,14,74,-13.16,23.45,,1.3
"2025-11-02 01:05:50",5373,5227,51770,-38.154145,-72.456477,13.3,77.6,-13.17,23.45,-9.25,1.3
"2025-11-02 01:05:52",5375,5229,51758,0,,14.1,77.5,-13.18,23.4,,1.3
"2025-11-02 01:05:53",5376,5230,51752,-38.154045,-72.456008,14.5,70.8,-13.19,23.35,,1.2
"2025-11-02 01:05:56",5380,5234,51722,-38.153938,-72.455537,15.3,75.3,-13.22,23.3,,1.2
"2025-11-02 01:05:57",5381,5235,51713,0,,13.2,73.1,-13.23,23.3,,1.2
"2025-11-02 01:05:58",5382,5236,51705,0,,14.95,73.4,-13.24,23.3,,1.2
"2025-11-02 01:05:59",5384,5238,51698,-38.153833,-72.455072,13.25,76.6,-13.25,23.25,,1.2
"2025-11-02 01:06:00",5385,5239,51687,0,,14.6,72,-13.26,23.25,,1.2
"2025-11-02 01:06:01",5387,5241,51677,0,,13.8,78.9,-13.28,23.2,,1.2
"2025-11-02 01:06:02",5388,5242,51668,-38.153732,-72.454605,14.2,72.1,-13.29,23.2,,1.3
"2025-11-02 01:06:03",5389,5243,51660,0,,15,77.4,-13.31,23.15,,1.2
"2025-11-02 01:06:04",5390,5244,51652,0,,13.75,72.4,-13.32,23.15,,1.3
"2025-11-02 01:06:05",5392,5246,51644,-38.153627,-72.45413,14.4,74,-13.32,23.1,,1.3
"2025-11-02 01:06:06",5393,5247,51634,0,,13.45,74.6,-13.33,23.15,,1.3
"2025-11-02 01:06:07",5394,5248,51625,0,,14.7,74,-13.34,23.1,,1.3
"2025-11-02 01:06:08",5396,5250,51616,-38.153528,-72.453667,13.6,77.2,-13.35,23.1,,1.3
"2025-11-02 01:06:09",5397,5251,51606,0,,14.05,73.2,-13.37,23.05,,1.3
"2025-11-02 01:06:10",5399,5253,51597,0,,14.95,76.2,-13.39,23.05,,1.3
"2025-11-02 01:06:11",5400,5254,51588,-38.153425,-72.453197,14.15,71.3,-13.41,23.05,,1.3
"2025-11-02 01:06:12",5401,5255,51578,0,,14.5,74,-13.41,23.05,,1.4
"2025-11-02 01:06:13",5403,5257,51569,0,,13.8,75.5,-13.41,23,,1.4
"2025-11-02 01:06:14",5404,5258,51560,-38.153317,-72.452728,14.5,73.8,-13.41,23,,1.4
"2025-11-02 01:06:15",5405,5259,51551,0,,14.65,76.9,-13.41,22.95,,1.3
"2025-11-02 01:06:16",5407,5261,51542,0,,14.15,71.1,-13.43,22.9,,1.3
"2025-11-02 01:06:17",5408,5262,51534,-38.153208,-72.45225,14.4,76.2,-13.43,22.9,-9.5,1.3
"2025-11-02 01:06:18",5410,5264,51523,0,,13.85,74.8,-13.43,22.9,,1.4
"2025-11-02 01:06:19",5411,5265,51512,0,,14.75,73.5,-13.43,22.9,,1.4
"2025-11-02 01:06:20",5413,5267,51502,-38.15311,-72.451775,14.05,78.2,-13.43,22.85,,1.4
"2025-11-02 01:06:21",5414,5268,51490,0,,14.25,72.4,-13.43,22.85,,1.4
"2025-11-02 01:06:22",5416,5270,51479,0,,14.6,76.1,-13.43,22.75,,1.5
"2025-11-02 01:06:23",5418,5272,51468,-38.153005,-72.4513,13.9,71.4,-13.44,22.75,,1.5
"2025-11-02 01:06:24",5419,5273,51458,0,,14.25,75.2,-13.47,22.7,,1.5
"2025-11-02 01:06:25",5421,5275,51449,0,,13.7,75.4,-13.49,22.7,,1.5
"2025-11-02 01:06:26",5422,5276,51440,-38.1529,-72.450825,14,74.1,-13.5,22.65,,1.5
"2025-11-02 01:06:27",5424,5278,51428,0,,13.9,76.4,-13.52,22.7,,1.5
"2025-11-02 01:06:28",5425,5279,51416,0,,14.8,71.7,-13.53,22.65,,1.6
"2025-11-02 01:06:29",5427,5281,51404,-38.15279,-72.450338,14.9,75.4,-13.54,22.65,,1.6
"2025-11-02 01:06:30",5429,5283,51393,0,,14.05,73.7,-13.57,22.6,,1.6
"2025-11-02 01:06:31",5430,5284,51383,0,,14.9,78.6,-13.58,22.6,,1.6
"2025-11-02 01:06:32",5432,5286,51374,-38.15269,-72.449857,14.1,72.4,-13.59,22.55,,1.6
"2025-11-02 01:06:33",5433,5287,51364,0,,14.5,74.6,-13.61,22.6,,1.6
"2025-11-02 01:06:34",5434,5288,51355,0,,14.35,75.9,-13.63,22.55,,1.5
"2025-11-02 01:06:35",5436,5290,51346,-38.152583,-72.449377,14.35,71.1,-13.64,22.55,,1.5
"2025-11-02 01:06:36",5437,5291,51336,0,,14.65,77,-13.65,22.5,,1.5
"2025-11-02 01:06:37",5439,5293,51326,0,,14.35,73.7,-13.66,22.45,,1.5
"2025-11-02 01:06:38",5440,5294,51316,-38.15248,-72.448897,14.5,76,-13.67,22.4,,1.5
"2025-11-02 01:06:40",5444,5298,51294,0,,15.45,75.8,-13.68,22.35,,1.5
"2025-11-02 01:06:41",5445,5299,51284,-38.15238,-72.448412,14.1,77.4,-13.69,22.3,,1.5
"2025-11-02 01:06:42",5447,5301,51274,0,,15.35,73.2,-13.69,22.25,,1.5
"2025-11-02 01:06:43",5448,5302,51265,0,,14.4,77.8,-13.7,22.2,,1.5
"2025-11-02 01:06:44",5449,5303,51256,-38.152278,-72.447925,14.65,73.1,-13.7,22.15,-9.75,1.5
"2025-11-02 01:06:45",5451,5305,51243,0,,15.25,78.4,-13.73,22.05,,1.5
"2025-11-02 01:06:46",5453,5307,51230,0,,13.7,73.6,-13.73,22,,1.5
"2025-11-02 01:06:47",5455,5309,51218,-38.15218,-72.447435,14.45,76.8,-13.74,21.9,,1.6
"2025-11-02 01:06:48",5456,5310,51209,0,,,,-13.75,21.85,,1.6
"2025-11-02 01:06:49",5457,5311,51201,0,,,,-13.76,21.85,,1.5
"2025-11-02 01:06:50",5458,5312,51194,0,,,,-13.77,21.75,,1.5
"2025-11-02 01:06:51",5460,5314,51182,0,,,,-13.78,21.65,,1.5
"2025-11-02 01:06:52",5462,5316,51170,0,,,,-13.79,21.6,,1.5
"2025-11-02 01:06:53",5464,5318,51158,0,,,,-13.8,21.5,,1.6
"2025-11-02 01:06:55",5467,5321,51133,0,,13.85,74.6,-13.82,21.4,,1.6
"2025-11-02 01:06:56",5469,5323,51122,-38.151898,-72.44597,14.65,76.7,-13.82,21.3,,1.7
"2025-11-02 01:06:57",5471,5325,51111,0,,14.5,78.7,-13.83,21.25,,1.6
"2025-11-02 01:06:58",5472,5326,51100,0,,15.4,74.1,-13.85,21.2,,1.6
"2025-11-02 01:06:59",5474,5328,51090,-38.15181,-72.44548,14.5,80.5,-13.87,21.15,,1.6
"2025-11-02 01:07:00",5475,5329,51081,0,,14.8,72.2,-13.88,21.05,,1.6
"2025-11-02 01:07:01",5477,5331,51072,0,,14.6,78.6,-13.89,21,,1.6
"2025-11-02 01:07:02",5478,5332,51064,-38.151717,-72.444998,14.1,75.7,-13.9,20.95,,1.6
"2025-11-02 01:07:03",5480,5334,51051,0,,15.45,78.3,-13.91,20.9,,1.6
"2025-11-02 01:07:04",5482,5336,51038,0,,13.8,77.5,-13.92,20.9,,1.6
"2025-11-02 01:07:05",5484,5338,51026,-38.151628,-72.444508,15.25,77.2,-13.93,20.8,,1.6
"2025-11-02 01:07:06",5485,5339,51014,0,,,,-13.94,20.75,,1.7
"2025-11-02 01:07:07",5487,5341,51002,0,,,,-13.95,20.75,,1.7
"2025-11-02 01:07:08",5489,5343,50990,0,,,,-13.96,20.7,,1.7
"2025-11-02 01:07:09",5491,5345,50978,0,,14.75,74.6,-13.98,20.65,,1.7
"2025-11-02 01:07:10",5492,5346,50967,0,,15.45,79.2,-13.99,20.55,,1.7
"2025-11-02 01:07:11",5494,5348,50956,-38.151453,-72.443523,15.05,75.9,-14,20.5,-10,1.7
"2025-11-02 01:07:12",5496,5350,50944,0,,15.25,75.8,-14.02,20.55,,1.7
"2025-11-02 01:07:13",5497,5351,50933,0,,14,77.5,-14.03,20.5,,1.7
"2025-11-02 01:07:14",5499,5353,50922,-38.15136,-72.44304,14.65,76,-14.04,20.45,,1.8
"2025-11-02 01:07:15",5501,5355,50912,0,,14.6,80.6,-14.05,20.35,,1.8
"2025-11-02 01:07:16",5502,5356,50902,0,,14.45,73.7,-14.07,20.35,,1.7
"2025-11-02 01:07:17",5504,5358,50892,-38.151275,-72.442555,15.15,79.5,-14.08,20.3,,1.7
"2025-11-02 01:07:18",5505,5359,50880,0,,14.35,75.5,-14.09,20.3,,1.7
"2025-11-02 01:07:19",5507,5361,50869,0,,15.05,76.1,-14.1,20.3,,1.7
"2025-11-02 01:07:20",5509,5363,50858,-38.151187,-72.442067,14.25,80,-14.12,20.25,,1.6
"2025-11-02 01:07:21",5511,5365,50845,0,,14.95,74.5,-14.15,20.2,,1.7
"2025-11-02 01:07:22",5513,5367,50832,0,,14.75,81.7,-14.17,20.15,,1.7
"2025-11-02 01:07:23",5514,5368,50820,-38.151105,-72.441578,14.4,75.2,-14.18,20.15,,1.7
"2025-11-02 01:07:24",5516,5370,50810,0,,14.6,78.1,-14.2,20.15,,1.7
"2025-11-02 01:07:25",5517,5371,50800,0,,13.8,77.5,-14.21,20.15,,1.7
"2025-11-02 01:07:26",5519,5373,50790,-38.151018,-72.441087,14.25,77.8,-14.22,20.1,,1.7
"2025-11-02 01:07:27",5521,5375,50776,0,,13.85,79,-14.24,20.05,,1.7
"2025-11-02 01:07:28",5523,5377,50762,0,,15.1,74.7,-14.25,20.05,,1.7
"2025-11-02 01:07:29",5525,5379,50748,-38.150932,-72.440595,14.5,79.2,-14.26,20,,1.8
"2025-11-02 01:07:30",5527,5381,50736,0,,,,-14.28,20,,1.8
"2025-11-02 01:07:31",5529,5383,50725,0,,,,-14.29,20,,1.8
"2025-11-02 01:07:32",5530,5384,50714,0,,,,-14.31,19.95,,1.8
"2025-11-02 01:07:33",5532,5386,50702,0,,14.75,79.3,-14.33,19.95,,1.8
"2025-11-02 01:07:34",5534,5388,50690,0,,14.15,78.1,-14.34,19.9,,1.8
"2025-11-02 01:07:35",5536,5390,50678,-38.150757,-72.439623,15.4,76.2,-14.36,19.9,,1.8
"2025-11-02 01:07:36",5538,5392,50664,0,,14.1,80.3,-14.37,19.85,,1.8
"2025-11-02 01:07:37",5540,5394,50651,0,,14.95,74.1,-14.38,19.85,,1.9
"2025-11-02 01:07:38",5542,5396,50638,-38.150668,-72.43913,14.7,78.9,-14.39,19.85,-10.25,1.9
"2025-11-02 01:07:40",5545,5399,50615,0,,15.2,78.4,-14.42,19.85,,1.8
"2025-11-02 01:07:41",5547,5401,50604,-38.150583,-72.438643,13.8,76.1,-14.44,19.8,,1.8
"2025-11-02 01:07:42",5548,5402,50594,0,,14.5,76.7,-14.46,19.8,,1.8
"2025-11-02 01:07:43",5550,5404,50585,0,,14.5,79.4,-14.47,19.8,,1.8
"2025-11-02 01:07:44",5551,5405,50576,-38.1505,-72.438157,15,77.2,-14.49,19.8,,1.7
"2025-11-02 01:07:45",5553,5407,50562,0,,14.3,80,-14.5,19.75,,1.8
"2025-11-02 01:07:46",5555,5409,50548,0,,14.05,75.5,-14.52,19.75,,1.8
"2025-11-02 01:07:47",5557,5411,50534,-38.150418,-72.437677,14.65,78.6,-14.53,19.75,,1.8
"2025-11-02 01:07:48",5559,5413,50520,0,,13.9,78.7,-14.55,19.75,,1.8
"2025-11-02 01:07:49",5561,5415,50507,0,,15.1,77.7,-14.56,19.7,,1.8
"2025-11-02 01:07:50",5563,5417,50494,-38.150338,-72.437192,14.5,77.6,-14.59,19.7,,1.8
"2025-11-02 01:07:51",5565,5419,50480,0,,14.6,74.9,-14.61,19.7,,1.8
"2025-11-02 01:07:52",5567,5421,50468,0,,14.65,79,-14.62,19.7,,1.8
"2025-11-02 01:07:53",5569,5423,50456,-38.150252,-72.436712,13.75,76.6,-14.64,19.7,,1.9
"2025-11-02 01:07:55",5573,5427,50429,0,,13.9,78.5,-14.69,19.7,,2
"2025-11-02 01:07:56",5575,5429,50416,-38.150175,-72.436228,14,76.8,-14.7,19.7,,2
"2025-11-02 01:07:57",5577,5431,50405,0,,13.95,81.5,-14.71,19.7,,2
"2025-11-02 01:07:58",5578,5432,50395,0,,14.5,74.9,-14.73,19.65,,1.9
"2025-11-02 01:07:59",5580,5434,50386,-38.150095,-72.435737,14.3,81.1,-14.74,19.65,,1.8
"2025-11-02 01:08:00",5582,5436,50370,0,,14.35,78.1,-14.77,19.65,,1.9
"2025-11-02 01:08:01",5584,5438,50355,0,,15.45,77.3,-14.78,19.65,,1.9
"2025-11-02 01:08:02",5587,5441,50340,-38.150015,-72.435242,15,79.7,-14.8,19.65,,1.9
"2025-11-02 01:08:03",5589,5443,50327,0,,15.1,77,-14.82,19.65,,1.9
"2025-11-02 01:08:04",5590,5444,50314,0,,14.1,82.6,-14.84,19.65,,1.9
"2025-11-02 01:08:05",5592,5446,50302,-38.149942,-72.434758,14.75,76.5,-14.86,19.65,-10.5,1.9
"2025-11-02 01:08:07",5596,5450,50276,0,,14.5,76.7,-14.88,19.65,,1.9
"2025-11-02 01:08:08",5598,5452,50264,-38.14986,-72.434265,14.85,78.6,-14.91,19.65,,1.9
"2025-11-02 01:08:10",5602,5456,50241,0,,15.2,78.1,-14.93,19.65,,1.9
"2025-11-02 01:08:11",5603,5457,50230,-38.149788,-72.433777,14.15,82.7,-14.95,19.7,,1.9
"2025-11-02 01:08:13",5607,5461,50205,0,,15.3,80.7,-14.98,19.7,,1.9
"2025-11-02 01:08:14",5609,5463,50194,-38.149712,-72.433287,14.85,76.5,-14.99,19.7,,1.9
"2025-11-02 01:08:16",5612,5466,50171,0,,14,79.7,-15.05,19.7,,1.8
"2025-11-02 01:08:17",5614,5468,50160,-38.149632,-72.432797,15.15,76.3,-15.07,19.75,,1.8
"2025-11-02 01:08:19",5618,5472,50130,0,,14.45,80,-15.09,19.75,,1.9
"2025-11-02 01:08:20",5621,5475,50116,-38.149557,-72.432303,14.8,80.8,-15.1,19.75,,1.9
"2025-11-02 01:08:22",5624,5478,50090,0,,15.6,79.4,-15.13,19.8,,1.9
"2025-11-02 01:08:23",5626,5480,50078,-38.149482,-72.431808,14.85,79.8,-15.15,19.8,,1.9
"2025-11-02 01:08:25",5630,5484,50054,0,,14.7,83.6,-15.17,19.75,,1.9
"2025-11-02 01:08:26",5632,5486,50042,-38.149417,-72.431318,14.55,78.4,-15.2,19.8,,1.9
"2025-11-02 01:08:28",5636,5490,50015,0,,13.95,77.9,-15.23,19.8,,1.9
"2025-11-02 01:08:29",5638,5492,50002,-38.14934,-72.430827,14.45,80.8,-15.24,19.8,,2
"2025-11-02 01:08:30",5640,5494,49988,0,,13.95,82.1,-15.25,19.8,,2
"2025-11-02 01:08:31",5642,5496,49975,0,,15.2,79.3,-15.27,19.85,,2
"2025-11-02 01:08:32",5644,5498,49962,-38.149275,-72.430325,15.15,81.6,-15.29,19.85,-10.75,1.9
"2025-11-02 01:08:33",5645,5499,49952,0,,14.7,75.9,-15.3,19.85,,1.9
"2025-11-02 01:08:34",5647,5501,49942,0,,15.25,81.6,-15.31,19.85,,1.9
"2025-11-02 01:08:35",5648,5502,49932,-38.149197,-72.429823,15.2,77.9,-15.32,19.85,,1.9
"2025-11-02 01:08:36",5651,5505,49917,0,,15.1,79.3,-15.33,19.85,,1.9
"2025-11-02 01:08:37",5653,5507,49903,0,,14.9,80.5,-15.33,19.85,,1.9
"2025-11-02 01:08:38",5655,5509,49890,-38.149122,-72.429317,16.05,78.8,-15.33,19.85,,1.9
"2025-11-02 01:08:39",5657,5511,49878,0,,15.5,80.8,-15.36,19.85,,1.9
"2025-11-02 01:08:40",5658,5512,49867,0,,15.3,77.9,-15.37,19.85,,1.9
"2025-11-02 01:08:41",5660,5514,49856,-38.149047,-72.428803,15.2,82.1,-15.38,19.85,,1.8
"2025-11-02 01:08:42",5662,5516,49844,0,,15.4,76.6,-15.4,19.85,,1.8
"2025-11-02 01:08:43",5663,5517,49833,0,,15.65,79.9,-15.4,19.8,,1.8
"2025-11-02 01:08:44",5665,5519,49822,-38.148968,-72.428295,14.45,80.4,-15.42,19.8,,1.8
"2025-11-02 01:08:45",5667,5521,49808,0,,15.8,79.4,-15.42,19.8,,1.8
"2025-11-02 01:08:46",5669,5523,49794,0,,15.25,81.2,-15.44,19.75,,1.9
"2025-11-02 01:08:47",5672,5526,49780,-38.148892,-72.427775,16.15,77.2,-15.44,19.75,,1.9
"2025-11-02 01:09:03",5702,5556,49577,0,,16.05,76.7,-15.58,19.35,,1.9
"2025-11-02 01:09:04",5704,5558,49564,0,,16.3,82.8,-15.59,19.35,,1.9
"2025-11-02 01:09:05",5706,5560,49552,-38.148403,-72.424598,16.15,78.7,-15.6,19.3,,1.9
"2025-11-02 01:09:06",5708,5562,49539,0,,16.5,79.1,-15.61,19.25,,1.9
"2025-11-02 01:09:07",5710,5564,49526,0,,15.15,78.3,-15.62,19.2,,1.9
"2025-11-02 01:09:08",5712,5566,49514,-38.14832,-72.424068,15.8,79.1,-15.63,19.15,,1.9
"2025-11-02 01:09:10",5715,5569,49492,0,,16.2,78,-15.65,19.05,,1.9
"2025-11-02 01:09:11",5717,5571,49482,-38.148242,-72.423537,16.2,78.4,-15.66,19,,1.9
"2025-11-02 01:09:12",5719,5573,49468,0,,15.9,77.1,-15.67,18.95,,1.9
"2025-11-02 01:09:13",5721,5575,49456,0,,16.15,81.3,-15.67,18.9,,1.9
"2025-11-02 01:09:14",5723,5577,49444,-38.14816,-72.423005,15.45,78.4,-15.68,18.85,,1.9
"2025-11-02 01:09:15",5725,5579,49429,0,,16.6,78.6,-15.69,18.8,,1.9
"2025-11-02 01:09:16",5727,5581,49414,0,,15.9,77.8,-15.7,18.75,,1.9
"2025-11-02 01:09:17",5730,5584,49400,-38.14807,-72.42247,15.9,77.9,-15.71,18.7,,1.9
"2025-11-02 01:09:21",5737,5591,49351,0,,15.45,78.4,-15.73,18.45,,1.9
"2025-11-02 01:09:22",5739,5593,49339,0,,16.55,77.9,-15.74,18.4,,1.9
"2025-11-02 01:09:23",5741,5595,49328,-38.147902,-72.421415,16.1,80.2,-15.75,18.3,,2
"2025-11-02 01:09:25",5745,5599,49300,0,,15.95,81.2,-15.77,18.25,,2
"2025-11-02 01:09:26",5747,5601,49286,-38.147817,-72.420893,16,77.1,-15.77,18.15,-11.5,2
"2025-11-02 01:09:30",5754,5608,49241,0,,15.7,80.7,-15.81,17.9,,1.9
"2025-11-02 01:09:31",5756,5610,49230,0,,15.95,75.2,-15.83,17.85,,1.8
"2025-11-02 01:09:32",5757,5611,49220,-38.14764,-72.419828,15.7,77.3,-15.83,17.8,,1.8
"2025-11-02 01:09:33",5759,5613,49208,0,,15.35,77.1,-15.83,17.75,,1.8
"2025-11-02 01:09:34",5761,5615,49196,0,,15.95,80,-15.84,17.7,,1.8
"2025-11-02 01:09:35",5763,5617,49184,-38.14755,-72.419305,15.35,77,-15.84,17.6,,1.8
"2025-11-02 01:09:36",5764,5618,49173,0,,15.5,75.9,-15.84,17.55,,1.8
"2025-11-02 01:09:37",5766,5620,49163,0,,15.15,76,-15.84,17.5,,1.7
"2025-11-02 01:09:38",5767,5621,49154,-38.14745,-72.418782,15.35,78.6,-15.85,17.4,,1.7
"2025-11-02 01:09:39",5769,5623,49142,0,,15.3,78.5,-15.85,17.3,,1.7
"2025-11-02 01:09:40",5771,5625,49130,0,,15.95,75,-15.87,17.2,,1.7
"2025-11-02 01:09:41",5773,5627,49118,-38.147353,-72.418248,16.1,77.3,-15.87,17.1,,1.7
"2025-11-02 01:09:42",5775,5629,49104,0,,15.95,75.5,-15.87,17.05,,1.7
"2025-11-02 01:09:43",5777,5631,49091,0,,16.2,77.2,-15.87,16.9,,1.8
"2025-11-02 01:09:44",5779,5633,49078,-38.147253,-72.417725,16.2,77.9,-15.87,16.85,,1.8
"2025-11-02 01:09:45",5781,5635,49065,0,,16.25,75.3,-15.87,16.8,,1.8
"2025-11-02 01:09:46",5783,5637,49052,0,,16.2,78.8,-15.87,16.65,,1.8
"2025-11-02 01:09:47",5785,5639,49040,-38.147153,-72.417193,16.25,74.6,-15.88,16.6,,1.9
"2025-11-02 01:09:48",5787,5641,49029,0,,16.9,77.5,-15.88,16.45,,1.8
"2025-11-02 01:09:49",5788,5642,49018,0,,15.4,76.3,-15.9,16.35,,1.8
"2025-11-02 01:09:50",5790,5644,49008,-38.147052,-72.416658,16.45,77.8,-15.9,16.3,,1.9
"2025-11-02 01:09:51",5792,5646,48995,0,,16.15,78.5,-15.91,16.2,,1.9
"2025-11-02 01:09:52",5794,5648,48982,0,,16.35,74.2,-15.91,16.1,,1.9
"2025-11-02 01:09:53",5796,5650,48970,-38.146958,-72.416123,16.25,80.1,-15.92,16,-11.75,1.9
"2025-11-02 01:09:55",5799,5653,48946,0,,16.55,80.3,-15.94,15.8,,1.9
"2025-11-02 01:09:56",5801,5655,48934,-38.146868,-72.415587,16.35,77.1,-15.95,15.7,,1.9
"2025-11-02 01:09:57",5803,5657,48924,0,,16.4,76.7,-15.96,15.65,,1.8
"2025-11-02 01:09:58",5804,5658,48915,0,,15.45,77.3,-15.96,15.6,,1.8
"2025-11-02 01:09:59",5806,5660,48906,-38.146772,-72.415053,16.1,76.2,-15.97,15.5,,1.7
"2025-11-02 01:10:00",5808,5662,48894,0,,15.95,80.5,-15.97,15.4,,1.7
"2025-11-02 01:10:01",5809,5663,48882,0,,15.95,74.8,-15.97,15.35,,1.8
"2025-11-02 01:10:02",5811,5665,48870,-38.146678,-72.41452,16.35,77.7,-15.98,15.25,,1.8
"2025-11-02 01:10:03",5813,5667,48860,0,,15.4,75.6,-15.99,15.2,,1.8
"2025-11-02 01:10:04",5814,5668,48851,0,,16.45,79,-15.99,15.1,,1.7
"2025-11-02 01:10:05",5816,5670,48842,-38.146587,-72.413992,15.35,78.3,-15.99,15,,1.7
"2025-11-02 01:10:06",5817,5671,48831,0,,15.75,76.3,-16,14.95,,1.7
"2025-11-02 01:10:07",5819,5673,48820,0,,15.25,78.5,-16,14.85,,1.6
"2025-11-02 01:10:08",5821,5675,48810,-38.14649,-72.413467,15.4,75.5,-16.03,14.8,,1.6
"2025-11-02 01:10:10",5824,5678,48788,0,,,,-16.04,14.7,,1.6
"2025-11-02 01:10:11",5826,5680,48778,0,,,,-16.05,14.6,,1.6
"2025-11-02 01:10:12",5827,5681,48766,0,,16,75.9,-16.05,14.5,,1.6
"2025-11-02 01:10:13",5829,5683,48755,0,,16.45,75.6,-16.05,14.45,,1.6
"2025-11-02 01:10:14",5831,5685,48744,-38.146298,-72.412413,15.25,78.9,-16.06,14.4,,1.6
"2025-11-02 01:10:15",5832,5686,48735,0,,15.85,77.8,-16.07,14.35,,1.6
"2025-11-02 01:10:16",5834,5688,48726,0,,16,79.2,-16.07,14.3,,1.6
"2025-11-02 01:10:17",5835,5689,48718,-38.146207,-72.411878,15.95,74.3,-16.07,14.25,,1.6
"2025-11-02 01:10:18",5837,5691,48706,0,,15.9,78.4,-16.07,14.2,,1.6
"2025-11-02 01:10:19",5838,5692,48695,0,,15.65,77.2,-16.09,14.2,,1.6
"2025-11-02 01:10:20",5840,5694,48684,-38.14611,-72.411338,15.95,79,-16.1,14.1,-12,1.6
"2025-11-02 01:10:21",5842,5696,48673,0,,15.85,77.3,-16.1,14.05,,1.6
"2025-11-02 01:10:22",5843,5697,48662,0,,16.65,75.4,-16.11,13.95,,1.6
"2025-11-02 01:10:23",5845,5699,48652,-38.146012,-72.410797,16.05,77.6,-16.11,13.9,,1.6
"2025-11-02 01:10:24",5847,5701,48642,0,,15.9,74.8,-16.11,13.85,,1.6
"2025-11-02 01:10:25",5848,5702,48633,0,,16.45,79.3,-16.12,13.8,,1.6
"2025-11-02 01:10:26",5850,5704,48624,-38.145913,-72.410263,15.55,76.3,-16.13,13.75,,1.6
"2025-11-02 01:10:27",5851,5705,48613,0,,15.9,78.5,-16.13,13.7,,1.6
"2025-11-02 01:10:28",5853,5707,48602,0,,16.15,77,-16.13,13.65,,1.6
"2025-11-02 01:10:29",5854,5708,48592,-38.145813,-72.409715,16.05,75.9,-16.14,13.6,,1.6
"2025-11-02 01:10:30",5856,5710,48582,0,,15.95,79.6,-16.14,13.55,,1.6
"2025-11-02 01:10:31",5857,5711,48573,0,,16.7,74.1,-16.14,13.55,,1.6
"2025-11-02 01:10:32",5859,5713,48564,-38.145712,-72.409165,16.6,78.7,-16.15,13.5,,1.6
"2025-11-02 01:10:33",5860,5714,48556,0,,15.9,74.5,-16.16,13.45,,1.5
"2025-11-02 01:10:34",5861,5715,48548,0,,17.25,77.6,-16.17,13.4,,1.5
"2025-11-02 01:10:35",5863,5717,48540,-38.145607,-72.408617,15.35,77,-16.17,13.35,,1.5
"2025-11-02 01:10:37",5865,5719,48522,0,,15.9,79.2,-16.18,13.3,,1.4
"2025-11-02 01:10:38",5867,5721,48514,-38.145508,-72.40807,17.05,75.4,-16.19,13.2,,1.4
"2025-11-02 01:10:40",5870,5724,48495,0,,15.95,74.8,-16.2,13.15,,1.4
"2025-11-02 01:10:41",5871,5725,48486,-38.145408,-72.407518,16.5,79.5,-16.2,13.1,,1.4
"2025-11-02 01:10:43",5873,5727,48471,0,,17.25,77.7,-16.22,13,,1.3
"2025-11-02 01:10:44",5874,5728,48464,-38.145313,-72.406967,16.1,79,-16.24,12.95,,1.3
"2025-11-02 01:10:46",5877,5731,48449,0,,15.75,77.5,-16.25,12.85,,1.3
"2025-11-02 01:10:47",5878,5732,48442,-38.145212,-72.406422,16.2,76.5,-16.26,12.8,-12.25,1.3
"2025-11-02 01:10:49",5881,5735,48422,0,,15.85,75.2,-16.28,12.75,,1.3
"2025-11-02 01:10:50",5882,5736,48412,-38.145112,-72.405873,16.5,77.7,-16.28,12.7,,1.3
"2025-11-02 01:10:52",5885,5739,48397,0,,16.6,75.8,-16.28,12.7,,1.3
"2025-11-02 01:10:53",5886,5740,48390,-38.145008,-72.405335,16.05,78.5,-16.29,12.65,,1.2
"2025-11-02 01:10:56",5890,5744,48364,-38.144913,-72.404792,16,75.7,-16.29,12.5,,1.3
"2025-11-02 01:10:58",5892,5746,48347,0,,15.7,75.2,-16.29,12.5,,1.3
"2025-11-02 01:10:59",5894,5748,48340,-38.14481,-72.404257,16.15,77.8,-16.31,12.45,,1.3
"2025-11-02 01:11:00",5895,5749,48334,0,,16.1,78.9,-16.31,12.4,,1.3
"2025-11-02 01:11:01",5896,5750,48328,0,,16.25,76.2,-16.32,12.4,,1.2
"2025-11-02 01:11:02",5897,5751,48322,-38.144718,-72.403723,15.9,78.3,-16.33,12.35,,1.2
"2025-11-02 01:11:03",5898,5752,48314,0,,15.65,74.5,-16.33,12.35,,1.2
"2025-11-02 01:11:04",5899,5753,48306,0,,16.4,79.5,-16.34,12.35,,1.2
"2025-11-02 01:11:05",5900,5754,48298,-38.144625,-72.403197,16,77.4,-16.35,12.3,,1.2
"2025-11-02 01:11:06",5902,5756,48289,0,,16.05,77.2,-16.35,12.3,,1.2
"2025-11-02 01:11:07",5903,5757,48280,0,,15.6,75.8,-16.36,12.25,,1.2
"2025-11-02 01:11:08",5904,5758,48272,-38.144527,-72.40267,16.1,77.5,-16.35,12.2,,1.2
"2025-11-02 01:11:09",5906,5760,48263,0,,16,78.9,-16.36,12.25,,1.2
"2025-11-02 01:11:10",5907,5761,48255,0,,15.65,78.1,-16.36,12.2,,1.2
"2025-11-02 01:11:11",5908,5762,48248,-38.14444,-72.402138,16.7,78.9,-16.36,12.2,,1.2
"2025-11-02 01:11:12",5909,5763,48240,0,,15.3,76.6,-16.36,12.15,,1.2
"2025-11-02 01:11:13",5911,5765,48232,0,,16.75,77.1,-16.37,12.15,,1.2
"2025-11-02 01:11:14",5912,5766,48224,-38.144343,-72.401602,16,77.3,-16.37,12.1,-12.5,1.3
"2025-11-02 01:11:15",5913,5767,48217,0,,15.7,75.5,-16.37,12.15,,1.3
"2025-11-02 01:11:16",5914,5768,48211,0,,16.4,78.5,-16.37,12.15,,1.2
"2025-11-02 01:11:17",5915,5769,48206,-38.144243,-72.401068,15.3,76.2,-16.39,12.1,,1.2
"2025-11-02 01:11:18",5916,5770,48200,0,,16.4,76.3,-16.39,12.1,,1.2
"2025-11-02 01:11:19",5917,5771,48194,0,,15.4,77.1,-16.39,12.1,,1.1
"2025-11-02 01:11:20",5918,5772,48188,-38.144138,-72.400538,15.75,74.2,-16.39,12.1,,1.1
"2025-11-02 01:11:21",5918,5772,48182,0,,,,-16.4,12.1,,1.1
"2025-11-02 01:11:22",5919,5773,48176,0,,,,-16.4,12.1,,1.1
"2025-11-02 01:11:23",5920,5774,48170,0,,,,-16.41,12.1,,1
"2025-11-02 01:11:24",5921,5775,48164,0,,15.9,75.8,-16.43,12.1,,1
"2025-11-02 01:11:25",5922,5776,48158,0,,16.65,76.2,-16.43,12.1,,1
"2025-11-02 01:11:26",5923,5777,48152,-38.143928,-72.39945,15.9,78.7,-16.43,12.1,,0.9
"2025-11-02 01:11:27",5924,5778,48145,0,,16.8,74.6,-16.44,12.1,,0.9
"2025-11-02 01:11:28",5925,5779,48139,0,,16.6,77.8,-16.45,12.1,,0.9
"2025-11-02 01:11:29",5926,5780,48134,-38.143822,-72.398902,15.65,74.1,-16.45,12.1,,0.9
"2025-11-02 01:11:30",5927,5781,48128,0,,17.15,78.2,-16.46,12.05,,0.9
"2025-11-02 01:11:31",5928,5782,48122,0,,15.8,76.1,-16.48,12.1,,0.9
"2025-11-02 01:11:32",5929,5783,48116,-38.143717,-72.398355,16.3,75.3,-16.48,12.1,,0.9
"2025-11-02 01:11:33",5930,5784,48109,0,,16.15,79.2,-16.48,12.1,,0.9
"2025-11-02 01:11:34",5931,5785,48102,0,,16.6,74.1,-16.49,12.1,,1
"2025-11-02 01:11:35",5932,5786,48096,-38.143615,-72.397807,16.7,79,-16.49,12.15,,1
"2025-11-02 01:11:36",5933,5787,48090,0,,15.75,75,-16.5,12.15,,1
"2025-11-02 01:11:37",5934,5788,48085,0,,16.9,78.4,-16.5,12.15,,1
"2025-11-02 01:11:38",5934,5788,48080,-38.143513,-72.397262,16.6,74.9,-16.5,12.2,,0.9
"2025-11-02 01:11:40",5936,5790,48070,0,,16.05,78.2,-16.51,12.15,,0.9
"2025-11-02 01:11:41",5937,5791,48066,-38.143405,-72.396713,16.4,74.4,-16.51,12.2,-12.75,0.9
"2025-11-02 01:11:42",5938,5792,48059,0,,16.35,77.2,-16.51,12.2,,0.9
"2025-11-02 01:11:43",5939,5793,48052,0,,16.35,73.5,-16.51,12.2,,0.9
"2025-11-02 01:11:44",5940,5794,48046,-38.143293,-72.396167,16.3,78,-16.53,12.25,,0.9
"2025-11-02 01:11:45",5941,5795,48041,0,,16.3,76.8,-16.53,12.25,,0.9
"2025-11-02 01:11:46",5941,5795,48036,0,,17.3,76.4,-16.53,12.3,,0.9
"2025-11-02 01:11:47",5942,5796,48032,-38.14319,-72.395613,16.45,75.5,-16.53,12.3,,0.8
"2025-11-02 01:11:48",5943,5797,48028,0,,16.85,75.3,-16.53,12.3,,0.8
"2025-11-02 01:11:49",5943,5797,48024,0,,16.5,77.6,-16.54,12.3,,0.8
"2025-11-02 01:11:50",5944,5798,48020,-38.14308,-72.395063,16,75.2,-16.54,12.35,,0.8
"2025-11-02 01:11:51",5945,5799,48013,0,,17.1,78.5,-16.55,12.35,,0.8
"2025-11-02 01:11:52",5946,5800,48006,0,,16.25,76,-16.55,12.35,,0.8
"2025-11-02 01:11:53",5947,5801,48000,-38.142975,-72.394507,16.5,76.2,-16.55,12.4,,0.9
"2025-11-02 01:11:55",5949,5803,47989,0,,16.4,74.4,-16.55,12.45,,0.8
"2025-11-02 01:11:56",5950,5804,47984,-38.14287,-72.393958,16.35,79.1,-16.56,12.45,,0.8
"2025-11-02 01:11:57",5950,5804,47978,0,,16.2,74.7,-16.55,12.5,,0.8
"2025-11-02 01:11:58",5951,5805,47973,0,,17.2,78.3,-16.56,12.5,,0.8
"2025-11-02 01:11:59",5952,5806,47968,-38.142772,-72.39341,15.95,76.9,-16.57,12.5,,0.8
"2025-11-02 01:12:01",5952,5806,47966,0,,17.15,75.9,-16.57,12.5,,0.7
"2025-11-02 01:12:02",5952,5806,47966,-38.142635,-72.392833,17.45,74.9,-16.57,12.55,,0.7
"2025-11-02 01:12:04",5954,5808,47956,0,,15.45,75.6,-16.58,12.55,,0.7
"2025-11-02 01:12:05",5955,5809,47952,-38.142557,-72.392323,16.4,76,-16.5,12.6,,0.6
"2025-11-02 01:12:06",5955,5809,47947,0,,,,-16.56,12.6,,0.6
"2025-11-02 01:12:07",5956,5810,47941,0,,,,-16.56,12.6,,0.7
"2025-11-02 01:12:08",5957,5811,47936,0,,,,-16.56,12.65,-13,0.6
"2025-11-02 01:12:10",5958,5812,47929,0,,,,-16.55,12.65,,0.6
"2025-11-02 01:12:11",5959,5813,47926,0,,,,-16.56,12.65,,0.6
"2025-11-02 01:12:12",5960,5814,47920,0,,,,-16.56,12.65,,0.6
"2025-11-02 01:12:13",5960,5814,47915,0,,,,-16.56,12.65,,0.6
"2025-11-02 01:12:14",5961,5815,47910,0,,,,-16.55,12.65,,0.7
"2025-11-02 01:12:16",5962,5816,47904,0,,,,-16.54,12.65,,0.7
"2025-11-02 01:12:17",5962,5816,47902,0,,,,-16.53,12.65,,0.7
"2025-11-02 01:12:18",5963,5817,47897,0,,17.1,76,-16.54,12.65,,0.6
"2025-11-02 01:12:19",5964,5818,47893,0,,17.95,76.5,-16.53,12.65,,0.6
"2025-11-02 01:12:20",5964,5818,47890,-38.142077,-72.38948,17.5,79.7,-16.53,12.65,,0.6
"2025-11-02 01:12:25",5967,5821,47873,0,,16.85,78.9,-16.5,12.6,,0.6
"2025-11-02 01:12:26",5968,5822,47870,-38.141873,-72.38832,17.2,75.5,-16.45,12.6,,0.5
"2025-11-02 01:12:27",5968,5822,47866,0,,,,-16.48,12.6,,0.5
"2025-11-02 01:12:28",5969,5823,47862,0,,,,-16.48,12.55,,0.5
"2025-11-02 01:12:29",5969,5823,47858,0,,,,-16.46,12.55,,0.6
"2025-11-02 01:12:30",5970,5824,47853,0,,,,-16.45,12.55,,0.6
"2025-11-02 01:12:31",5971,5825,47849,0,,,,-16.36,12.55,,0.6
"2025-11-02 01:12:32",5971,5825,47846,0,,,,-16.44,12.5,,0.6
"2025-11-02 01:12:35",5972,5826,47840,0,,17.6,76.5,-16.44,12.5,,0.5
"2025-11-02 01:12:36",5973,5827,47838,-38.141555,-72.386422,17.8,75.2,-16.43,12.45,-13,0.5
"2025-11-02 01:12:37",5973,5827,47833,0,,,,-16.41,12.45,,0.5
"2025-11-02 01:12:38",5974,5828,47830,0,,,,-16.41,12.45,,0.5
"2025-11-02 01:12:40",5975,5829,47823,0,,17.9,77.7,-16.41,12.4,,0.5
"2025-11-02 01:12:41",5975,5829,47820,-38.141382,-72.385417,17.5,78.8,-16.41,12.35,,0.5
"2025-11-02 01:12:42",5977,5831,47813,0,,,,-16.36,12.4,,0.5
"2025-11-02 01:12:43",5978,5832,47806,0,,,,-16.39,12.4,,0.6
"2025-11-02 01:12:44",5979,5833,47800,0,,,,-16.39,12.35,,0.6
"2025-11-02 01:12:45",5979,5833,47800,0,,18.2,77.2,-16.37,12.35,,0.6
"2025-11-02 01:12:46",5979,5833,47800,0,,18.2,77.2,-16.37,12.35,,0.5
"2025-11-02 01:12:47",5979,5833,47800,-38.141195,-72.384178,18.05,76.1,-16.31,12.3,,0.5
"2025-11-02 01:12:49",5978,5832,47801,0,,18.05,76.1,-16.34,12.3,,0.4
"2025-11-02 01:12:50",5978,5832,47802,-38.14114,-72.383658,16.8,77.4,-16.29,12.3,,0.4
"2025-11-02 01:12:51",5950,5804,47982,-38.141062,-72.383485,17.8,77.9,-16.26,12.25,,-1.9
