timestamp,msl,agl,pressure,latitude,longitude,speed,heading,temperature,relative_humidity,internal_temperature,rise_speed
"2025-12-02 23:04:51",252,0,98160,-38.269248,-72.662733,4.45,16.6,18.74,50.95,25.25,0
"2025-12-02 23:04:52",254,2,98142,0,,4.8,1.4,18.68,50.95,,0.1
"2025-12-02 23:04:53",255,3,98124,0,,6.15,12.6,18.6,50.95,,0.2
"2025-12-02 23:04:54",257,5,98106,-38.26912,-72.662677,3.75,39.5,18.55,51,,0.3
"2025-12-02 23:04:55",259,7,98078,0,,6.35,16.4,18.48,51.05,,0.5
"2025-12-02 23:04:56",262,10,98051,0,,6,3.3,18.42,51.15,,0.7
"2025-12-02 23:04:57",264,12,98024,-38.268975,-72.662643,4.85,9.3,18.36,51.25,,0.9
"2025-12-02 23:04:58",266,14,97997,0,,6.35,356.8,18.32,51.35,,1.1
"2025-12-02 23:04:59",269,17,97971,0,,6.35,356.8,18.3,51.5,,1.4
"2025-12-02 23:05:00",271,19,97946,-38.268813,-72.662617,6,16,18.26,51.65,,1.6
"2025-12-02 23:05:01",273,21,97924,0,,6.85,1.6,18.22,51.8,,1.6
"2025-12-02 23:05:02",275,23,97903,0,,6.85,1.6,18.21,51.85,,1.9
"2025-12-02 23:05:03",277,25,97882,-38.268648,-72.66257,6.3,8.5,18.18,51.95,,2
"2025-12-02 23:05:04",279,27,97858,0,,6.95,12.2,18.16,52,,2.1
"2025-12-02 23:05:05",281,29,97836,0,,6.95,12.2,18.14,52.1,,2.1
"2025-12-02 23:05:06",283,31,97814,-38.268483,-72.662512,6.45,4.1,18.12,52.15,,2.1
"2025-12-02 23:05:07",284,32,97800,0,,5.65,20.8,18.11,52.25,,2.1
"2025-12-02 23:05:08",285,33,97786,0,,6.5,25.4,18.07,52.3,,2
"2025-12-02 23:05:09",286,34,97772,-38.268325,-72.662438,6.45,7.5,18.06,52.4,,1.9
"2025-12-02 23:05:10",288,36,97748,0,,6.25,28.8,18.04,52.45,,1.9
"2025-12-02 23:05:11",290,38,97725,0,,7.4,25.6,18.02,52.55,,1.8
"2025-12-02 23:05:12",292,40,97702,-38.268158,-72.662353,6.7,9.8,18,52.55,,1.8
"2025-12-02 23:05:13",295,43,97674,0,,5.9,27.6,17.98,52.6,,1.8
"2025-12-02 23:05:14",297,45,97647,0,,6.7,12,17.97,52.65,,1.9
"2025-12-02 23:05:15",300,48,97620,-38.268,-72.662277,6.45,24.9,17.95,52.7,,1.9
"2025-12-02 23:05:17",305,53,97558,0,,7.25,7.2,17.89,52.8,,2
"2025-12-02 23:05:18",308,56,97528,-38.26783,-72.662222,6.65,22.9,17.89,52.85,25,2.1
"2025-12-02 23:05:20",313,61,97466,0,,6.9,10,17.85,52.95,,2.3
"2025-12-02 23:05:21",316,64,97436,-38.26767,-72.662173,5.2,19.1,17.83,53,,2.5
"2025-12-02 23:05:22",318,66,97410,0,,7.25,13.8,17.8,53,,2.5
"2025-12-02 23:05:23",320,68,97384,0,,7.25,11.4,17.79,53.05,,2.5
"2025-12-02 23:05:24",323,71,97358,-38.267497,-72.66211,6.15,20.6,17.76,53.1,,2.5
"2025-12-02 23:05:25",326,74,97326,0,,7.4,12,17.74,53.15,,2.5
"2025-12-02 23:05:26",328,76,97295,0,,6.5,12.5,17.71,53.15,,2.6
"2025-12-02 23:05:27",331,79,97264,-38.267317,-72.66206,6.8,11.8,17.69,53.2,,2.6
"2025-12-02 23:05:28",333,81,97237,0,,8.65,9.5,17.67,53.25,,2.6
"2025-12-02 23:05:29",336,84,97211,0,,7.3,14.6,17.66,53.3,,2.5
"2025-12-02 23:05:30",338,86,97186,-38.267117,-72.661998,6.8,13.8,17.64,53.35,,2.5
"2025-12-02 23:05:31",340,88,97163,0,,9.6,14.7,17.6,53.4,,2.5
"2025-12-02 23:05:32",342,90,97140,0,,7.2,11,17.58,53.45,,2.4
"2025-12-02 23:05:33",344,92,97118,-38.266913,-72.661935,7.2,12.7,17.56,53.5,,2.4
"2025-12-02 23:05:35",348,96,97076,0,,6.15,14.5,17.52,53.55,,2.3
"2025-12-02 23:05:36",349,97,97056,-38.266718,-72.661865,8.3,14,17.5,53.6,,2.2
"2025-12-02 23:05:37",352,100,97031,0,,8.25,16.4,17.47,53.65,,2.2
"2025-12-02 23:05:38",354,102,97007,0,,6.4,17.8,17.46,53.7,,2.1
"2025-12-02 23:05:39",356,104,96984,-38.266518,-72.661795,8.85,14.1,17.43,53.75,,2
"2025-12-02 23:05:40",357,105,96968,0,,7.8,14.4,17.43,53.8,,2
"2025-12-02 23:05:41",359,107,96953,0,,7.8,14.4,17.43,53.85,,1.9
"2025-12-02 23:05:42",360,108,96938,-38.266317,-72.661723,9.2,10.2,17.4,53.9,,1.8
"2025-12-02 23:05:44",364,112,96890,0,,7.95,14.8,17.37,53.95,,1.8
"2025-12-02 23:05:45",366,114,96866,-38.266105,-72.661642,9.15,12.4,17.36,54,24.75,1.9
"2025-12-02 23:05:46",368,116,96848,0,,6.8,27.5,17.35,54,,1.8
"2025-12-02 23:05:47",369,117,96830,0,,7.8,15.1,17.32,54.05,,1.8
"2025-12-02 23:05:48",371,119,96812,-38.26591,-72.661552,8.5,17.4,17.3,54.1,,1.8
"2025-12-02 23:05:49",373,121,96793,0,,7,27.8,17.28,54.15,,1.8
"2025-12-02 23:05:50",374,122,96774,0,,8.5,10.4,17.27,54.2,,1.8
"2025-12-02 23:05:51",376,124,96756,-38.265705,-72.661457,8.65,24.1,17.25,54.25,,1.7
"2025-12-02 23:05:52",378,126,96738,0,,7.75,21.8,17.24,54.3,,1.7
"2025-12-02 23:05:53",379,127,96721,0,,8.65,9.9,17.22,54.35,,1.7
"2025-12-02 23:05:54",381,129,96704,-38.265503,-72.66137,7.85,27.3,17.2,54.4,,1.7
"2025-12-02 23:05:55",382,130,96684,0,,7.85,11.7,17.17,54.4,,1.7
"2025-12-02 23:05:56",384,132,96665,0,,9.3,15.6,17.16,54.4,,1.7
"2025-12-02 23:05:57",386,134,96646,-38.26528,-72.661275,8.9,27,17.15,54.45,,1.6
"2025-12-02 23:05:58",388,136,96618,0,,9.4,7,17.12,54.5,,1.7
"2025-12-02 23:05:59",391,139,96590,0,,9.2,20.3,17.11,54.55,,1.8
"2025-12-02 23:06:00",393,141,96562,-38.265063,-72.661182,8.5,23.5,17.09,54.6,,1.8
"2025-12-02 23:06:01",395,143,96538,0,,9.15,9.1,17.07,54.6,,1.9
"2025-12-02 23:06:02",397,145,96515,0,,7.45,28.5,17.07,54.6,,1.9
"2025-12-02 23:06:03",399,147,96492,-38.264863,-72.661082,8.6,19.1,17.06,54.65,,1.9
"2025-12-02 23:06:04",401,149,96470,0,,9.15,14.9,17.06,54.75,,1.9
"2025-12-02 23:06:05",403,151,96449,0,,7.25,25.4,17.03,54.75,,2
"2025-12-02 23:06:06",405,153,96428,-38.264657,-72.660992,9.2,13,17.01,54.8,,2
"2025-12-02 23:06:07",407,155,96406,0,,8.45,18.5,16.99,54.8,,2
"2025-12-02 23:06:08",409,157,96385,0,,6.85,24.7,16.98,54.85,,2
"2025-12-02 23:06:09",411,159,96364,-38.264452,-72.660898,9.5,13.5,16.97,54.9,,2.1
"2025-12-02 23:06:10",413,161,96343,0,,8.4,24.7,16.95,54.9,,2.1
"2025-12-02 23:06:11",414,162,96322,0,,7.05,16.8,16.94,54.95,,2
"2025-12-02 23:06:12",416,164,96302,-38.264245,-72.660815,9.4,13,16.93,54.95,24.75,2
"2025-12-02 23:06:13",418,166,96284,0,,7.9,18.6,16.91,54.95,,1.9
"2025-12-02 23:06:14",419,167,96267,0,,8.05,19.2,16.89,55,,1.8
"2025-12-02 23:06:15",421,169,96250,-38.264037,-72.660718,9.25,20.3,16.87,55.05,,1.8
"2025-12-02 23:06:16",423,171,96228,0,,6.8,20.7,16.84,55.1,,1.8
"2025-12-02 23:06:17",425,173,96207,0,,9.75,18.2,16.82,55.1,,1.8
"2025-12-02 23:06:18",427,175,96186,-38.263822,-72.660613,9.15,23,16.81,55.15,,1.8
"2025-12-02 23:06:20",430,178,96150,0,,9.9,19.7,16.77,55.25,,1.7
"2025-12-02 23:06:21",431,179,96132,-38.263623,-72.660517,7.55,19.8,16.76,55.3,,1.7
"2025-12-02 23:06:22",433,181,96114,0,,6.8,18.7,16.74,55.3,,1.7
"2025-12-02 23:06:23",435,183,96096,0,,8.8,28.5,16.73,55.35,,1.7
"2025-12-02 23:06:24",436,184,96078,-38.263425,-72.660413,7.8,13.9,16.72,55.35,,1.7
"2025-12-02 23:06:25",439,187,96052,0,,8.5,20.2,16.7,55.35,,1.7
"2025-12-02 23:06:26",441,189,96027,0,,7.25,30.6,16.69,55.4,,1.8
"2025-12-02 23:06:27",443,191,96002,-38.263233,-72.660323,7.65,7.9,16.66,55.4,,1.8
"2025-12-02 23:06:28",445,193,95978,0,,,,16.66,55.4,,1.9
"2025-12-02 23:06:29",447,195,95954,0,,,,16.65,55.45,,1.9
"2025-12-02 23:06:30",449,197,95930,0,,,,16.63,55.5,,1.9
"2025-12-02 23:06:31",451,199,95910,0,,7.35,21.9,16.61,55.6,,1.9
"2025-12-02 23:06:32",453,201,95892,0,,7.35,15.1,16.59,55.65,,1.9
"2025-12-02 23:06:33",454,202,95874,-38.262837,-72.660135,8.75,15.9,16.57,55.65,,1.9
"2025-12-02 23:06:35",459,207,95827,0,,7.85,9.1,16.51,55.75,,2
"2025-12-02 23:06:36",461,209,95804,-38.26264,-72.660047,8.85,21.7,16.5,55.75,,2
"2025-12-02 23:06:37",462,210,95787,0,,7.8,19.1,16.5,55.8,,2
"2025-12-02 23:06:38",464,212,95770,0,,7.8,19.1,16.5,55.85,,1.9
"2025-12-02 23:06:39",465,213,95754,-38.262418,-72.659958,9.15,24.2,16.47,55.9,24.75,1.9
"2025-12-02 23:06:40",466,214,95743,0,,7.45,8.2,16.47,55.9,,1.7
"2025-12-02 23:06:41",467,215,95733,0,,8.85,12.6,16.47,55.9,,1.6
"2025-12-02 23:06:42",468,216,95724,-38.262213,-72.659897,7.95,17.7,16.47,55.85,,1.5
"2025-12-02 23:06:43",469,217,95714,0,,7.35,3.2,16.44,55.9,,1.5
"2025-12-02 23:06:44",470,218,95704,0,,8.9,19.9,16.46,55.9,,1.4
"2025-12-02 23:06:45",470,218,95694,-38.262002,-72.659833,7.8,11.1,16.44,55.85,,1.4
"2025-12-02 23:06:46",472,220,95681,0,,7.7,10.5,16.44,55.85,,1.3
"2025-12-02 23:06:47",473,221,95669,0,,9,20.3,16.44,55.85,,1.2
"2025-12-02 23:06:48",474,222,95658,-38.261783,-72.659775,8.05,1.6,16.43,55.85,,1.1
"2025-12-02 23:06:49",476,224,95634,0,,8.25,15.1,16.42,55.9,,1.2
"2025-12-02 23:06:50",478,226,95610,0,,8.7,11.4,16.42,55.85,,1.2
"2025-12-02 23:06:51",480,228,95586,-38.261567,-72.659725,8,0.3,16.4,55.85,,1.3
"2025-12-02 23:06:52",482,230,95568,0,,8.55,20.3,16.4,55.85,,1.3
"2025-12-02 23:06:53",483,231,95551,0,,8.3,3.5,16.38,55.85,,1.3
"2025-12-02 23:06:54",485,233,95534,-38.261355,-72.659675,7.75,6.8,16.37,55.9,,1.4
"2025-12-02 23:06:55",487,235,95511,0,,8.5,18.5,16.36,55.9,,1.5
"2025-12-02 23:06:56",489,237,95488,0,,7.35,357.7,16.34,55.9,,1.6
"2025-12-02 23:06:57",491,239,95466,-38.26115,-72.659638,8.3,9.2,16.34,55.9,,1.6
"2025-12-02 23:06:58",493,241,95441,0,,7.75,10.4,16.36,55.85,,1.8
"2025-12-02 23:06:59",495,243,95417,0,,7.45,356.7,16.37,55.75,,1.9
"2025-12-02 23:07:00",497,245,95394,-38.26092,-72.659635,10.2,358.2,16.41,55.65,,2
"2025-12-02 23:07:02",501,249,95358,0,,8.25,359.8,16.5,55.25,,1.9
"2025-12-02 23:07:03",502,250,95340,-38.260692,-72.659625,9.75,358.2,16.54,55.1,,1.8
"2025-12-02 23:07:05",506,254,95293,0,,5.9,14.2,16.59,54.8,,1.9
"2025-12-02 23:07:06",508,256,95270,-38.260497,-72.659587,8.05,5,16.59,54.65,24.5,1.9
"2025-12-02 23:07:08",513,261,95224,0,,6.5,4,16.55,54.55,,2
"2025-12-02 23:07:09",515,263,95202,-38.260303,-72.65956,7.95,9.4,16.5,54.55,,2
"2025-12-02 23:07:10",517,265,95180,0,,,,16.5,54.55,,2
"2025-12-02 23:07:11",519,267,95158,0,,,,16.5,54.55,,2
"2025-12-02 23:07:12",521,269,95136,0,,,,16.5,54.55,,1.9
"2025-12-02 23:07:14",524,272,95093,0,,7.7,1.8,16.43,54.55,,2
"2025-12-02 23:07:15",526,274,95072,-38.259905,-72.659475,7.45,9,16.41,54.6,,2
"2025-12-02 23:07:17",530,278,95034,0,,6.35,3.1,16.46,54.45,,1.9
"2025-12-02 23:07:18",531,279,95016,-38.2597,-72.659448,8.45,8.7,16.5,54.3,,1.9
"2025-12-02 23:07:21",537,285,94950,-38.259503,-72.659423,8.25,10.1,16.63,53.8,,1.9
"2025-12-02 23:07:22",539,287,94925,0,,6.4,358.3,16.65,53.7,,1.9
"2025-12-02 23:07:23",542,290,94901,0,,6.4,9.3,16.66,53.6,,1.9
"2025-12-02 23:07:24",544,292,94878,-38.259332,-72.659408,6,6.7,16.67,53.5,,1.9
"2025-12-02 23:07:26",549,297,94823,0,,5.95,11.8,16.68,53.3,,2
"2025-12-02 23:07:27",551,299,94796,-38.259165,-72.659387,4.9,2.5,16.71,53.2,,2.1
"2025-12-02 23:07:28",553,301,94776,0,,,,16.72,53.1,,2.1
"2025-12-02 23:07:29",555,303,94756,0,,5.9,8.5,16.72,53.05,,2
"2025-12-02 23:07:30",557,305,94736,-38.258987,-72.659377,5.5,356.8,16.72,52.95,,2.1
"2025-12-02 23:07:31",558,306,94719,0,,8.4,5.2,16.72,52.9,,2.1
"2025-12-02 23:07:32",560,308,94703,0,,5.45,2.1,16.7,52.85,,2
"2025-12-02 23:07:33",561,309,94688,-38.25881,-72.659362,6.1,0.4,16.7,52.75,24.5,2
"2025-12-02 23:07:34",563,311,94668,0,,7.15,11.7,16.7,52.7,,1.9
"2025-12-02 23:07:35",565,313,94648,0,,5.4,350.6,16.71,52.65,,1.9
"2025-12-02 23:07:36",566,314,94628,-38.258633,-72.659352,7.25,2.6,16.72,52.6,,1.9
"2025-12-02 23:07:37",568,316,94606,0,,6.9,9.8,16.73,52.5,,1.9
"2025-12-02 23:07:38",570,318,94585,0,,6.2,356.5,16.73,52.5,,1.8
"2025-12-02 23:07:39",572,320,94564,-38.258448,-72.65933,7.8,8.7,16.76,52.4,,1.7
"2025-12-02 23:07:40",574,322,94544,0,,6.25,4.7,16.77,52.35,,1.7
"2025-12-02 23:07:41",576,324,94525,0,,6,354.9,16.77,52.3,,1.7
"2025-12-02 23:07:42",577,325,94506,-38.25828,-72.659312,6.8,16,16.74,52.25,,1.7
"2025-12-02 23:07:43",579,327,94487,0,,6,355.8,16.76,52.2,,1.7
"2025-12-02 23:07:44",581,329,94467,0,,6.8,4.1,16.74,52.15,,1.8
"2025-12-02 23:07:45",583,331,94448,-38.258102,-72.659292,6.8,15.8,16.74,52.15,,1.8
"2025-12-02 23:07:46",585,333,94427,0,,6.05,350.7,16.72,52.15,,1.8
"2025-12-02 23:07:47",586,334,94406,0,,6.6,12.6,16.73,52.15,,1.8
"2025-12-02 23:07:48",588,336,94386,-38.257937,-72.65929,5.85,4.9,16.72,52.1,,1.8
"2025-12-02 23:07:49",590,338,94368,0,,5.85,348.9,16.74,52,,1.8
"2025-12-02 23:07:50",592,340,94350,0,,7.35,9,16.73,52,,1.8
"2025-12-02 23:07:51",593,341,94332,-38.257768,-72.659298,5.6,354.3,16.73,51.95,,1.8
"2025-12-02 23:07:52",595,343,94313,0,,6.15,354.6,16.74,51.95,,1.7
"2025-12-02 23:07:53",596,344,94295,0,,7.35,5.3,16.76,51.95,,1.7
"2025-12-02 23:07:54",598,346,94278,-38.257602,-72.659313,5.2,346.8,16.74,51.9,,1.7
"2025-12-02 23:07:55",599,347,94262,0,,6.35,357.3,16.76,51.85,,1.7
"2025-12-02 23:07:56",601,349,94246,0,,6.8,355.3,16.77,51.85,,1.7
"2025-12-02 23:07:57",602,350,94230,-38.257435,-72.65934,5.45,342,16.77,51.8,,1.7
"2025-12-02 23:07:58",604,352,94209,0,,6.35,4.2,16.76,51.8,,1.7
"2025-12-02 23:07:59",606,354,94188,0,,6.95,355.6,16.76,51.8,,1.7
"2025-12-02 23:08:00",608,356,94168,-38.257263,-72.659363,6,336.2,16.76,51.75,24.5,1.7
"2025-12-02 23:08:01",610,358,94151,0,,6.5,4.7,16.76,51.75,,1.6
"2025-12-02 23:08:02",611,359,94135,0,,6.05,349.2,16.77,51.7,,1.6
"2025-12-02 23:08:03",612,360,94120,-38.257097,-72.65938,6.05,350.6,16.77,51.7,,1.6
"2025-12-02 23:08:05",616,364,94079,0,,5.6,340.1,16.78,51.7,,1.6
"2025-12-02 23:08:06",618,366,94060,-38.256942,-72.659407,5.6,355,16.78,51.65,,1.6
"2025-12-02 23:08:07",619,367,94045,0,,6.35,0.6,16.78,51.65,,1.6
"2025-12-02 23:08:08",621,369,94029,0,,5.65,337.3,16.78,51.6,,1.6
"2025-12-02 23:08:09",622,370,94014,-38.256782,-72.659438,5.7,357.4,16.77,51.6,,1.6
"2025-12-02 23:08:10",624,372,93994,0,,6.35,354.1,16.78,51.6,,1.6
"2025-12-02 23:08:11",626,374,93975,0,,6.35,333.5,16.79,51.6,,1.6
"2025-12-02 23:08:12",627,375,93956,-38.256628,-72.659485,5.15,357.5,16.8,51.6,,1.6
"2025-12-02 23:08:13",629,377,93942,0,,6.3,347.8,16.82,51.6,,1.6
"2025-12-02 23:08:14",630,378,93929,0,,5.7,335.6,16.84,51.6,,1.6
"2025-12-02 23:08:15",631,379,93916,-38.256473,-72.659537,5.15,357.2,16.84,51.55,,1.5
"2025-12-02 23:08:16",632,380,93900,0,,7.55,341.2,16.85,51.5,,1.5
"2025-12-02 23:08:17",634,382,93884,0,,5.55,344.7,16.85,51.5,,1.5
"2025-12-02 23:08:18",635,383,93868,-38.25631,-72.659597,5.75,350,16.86,51.45,,1.5
"2025-12-02 23:08:20",639,387,93833,0,,5.1,353.1,16.86,51.35,,1.5
"2025-12-02 23:08:21",640,388,93816,-38.25614,-72.659657,7.25,344.5,16.85,51.35,,1.5
"2025-12-02 23:08:22",642,390,93796,0,,7.25,344.5,16.87,51.3,,1.5
"2025-12-02 23:08:23",644,392,93778,0,,5.5,349.5,16.88,51.3,,1.5
"2025-12-02 23:08:24",645,393,93760,-38.255972,-72.659727,8.25,343.3,16.89,51.25,,1.5
"2025-12-02 23:08:25",647,395,93740,0,,5.3,335.4,16.89,51.25,,1.5
"2025-12-02 23:08:26",649,397,93719,0,,6.4,346.7,16.87,51.25,,1.6
"2025-12-02 23:08:27",651,399,93698,-38.255812,-72.65979,7.15,341.8,16.87,51.2,24.5,1.7
"2025-12-02 23:08:28",652,400,93683,0,,4.85,335.7,16.86,51.25,,1.6
"2025-12-02 23:08:29",654,402,93668,0,,7.4,345.5,16.86,51.2,,1.6
"2025-12-02 23:08:30",655,403,93654,-38.255652,-72.659862,6.35,338.4,16.86,51.2,,1.6
"2025-12-02 23:08:31",656,404,93641,0,,5.8,339.3,16.85,51.2,,1.6
"2025-12-02 23:08:32",657,405,93628,0,,8.2,341,16.85,51.2,,1.6
"2025-12-02 23:08:33",658,406,93616,-38.255483,-72.65994,5.9,337,16.84,51.2,,1.5
"2025-12-02 23:08:34",661,409,93591,0,,6.7,339.4,16.83,51.2,,1.6
"2025-12-02 23:08:35",663,411,93567,0,,8.75,335,16.84,51.2,,1.6
"2025-12-02 23:08:36",665,413,93544,-38.255303,-72.660033,5.9,339.4,16.83,51.2,,1.7
"2025-12-02 23:08:37",667,415,93523,0,,6.9,339.7,16.84,51.2,,1.6
"2025-12-02 23:08:38",669,417,93503,0,,8.05,339.4,16.83,51.25,,1.6
"2025-12-02 23:08:39",670,418,93484,-38.255127,-72.660113,5.6,344,16.84,51.25,,1.6
"2025-12-02 23:08:40",672,420,93468,0,,7.85,332.5,16.85,51.2,,1.6
"2025-12-02 23:08:41",673,421,93452,0,,7.45,337.6,16.85,51.25,,1.6
"2025-12-02 23:08:42",675,423,93436,-38.254948,-72.660218,6.5,343.2,16.85,51.25,,1.7
"2025-12-02 23:08:44",678,426,93396,0,,6.5,341,16.86,51.3,,1.8
"2025-12-02 23:08:45",680,428,93376,-38.254775,-72.660322,6.6,335.1,16.85,51.35,,1.8
"2025-12-02 23:08:47",683,431,93348,0,,5.7,334.4,16.86,51.35,,1.7
"2025-12-02 23:08:48",684,432,93334,-38.254598,-72.660415,7.6,341.3,16.86,51.35,,1.6
"2025-12-02 23:08:50",689,437,93285,0,,5.75,333.4,16.86,51.35,,1.7
"2025-12-02 23:08:51",691,439,93262,-38.254422,-72.660512,7.95,342.5,16.84,51.35,,1.7
"2025-12-02 23:08:53",694,442,93228,0,,6.5,333,16.83,51.35,,1.7
"2025-12-02 23:08:54",695,443,93212,-38.254245,-72.660617,7.9,344.3,16.82,51.35,24.5,1.7
"2025-12-02 23:08:55",697,445,93192,0,,7.55,325.3,16.81,51.35,,1.7
"2025-12-02 23:08:56",699,447,93173,0,,6.55,340.8,16.82,51.4,,1.7
"2025-12-02 23:08:57",701,449,93154,-38.254072,-72.660722,7.55,339.6,16.81,51.4,,1.7
"2025-12-02 23:08:58",703,451,93133,0,,7.15,327.9,16.8,51.4,,1.7
"2025-12-02 23:08:59",704,452,93112,0,,7.25,344.6,16.77,51.35,,1.8
"2025-12-02 23:09:00",706,454,93092,-38.253903,-72.660827,7.4,331.5,16.77,51.35,,1.8
"2025-12-02 23:09:01",708,456,93072,0,,6.4,328,16.74,51.35,,1.8
"2025-12-02 23:09:02",710,458,93052,0,,7.25,345.3,16.72,51.4,,1.8
"2025-12-02 23:09:03",712,460,93032,-38.253743,-72.66093,6.8,322.9,16.72,51.4,,1.8
"2025-12-02 23:09:05",715,463,92993,0,,7.65,342.7,16.7,51.4,,1.8
"2025-12-02 23:09:06",717,465,92974,-38.253585,-72.661025,5.75,322.5,16.69,51.4,,1.8
"2025-12-02 23:09:07",719,467,92953,0,,7.05,339.8,16.68,51.35,,1.8
"2025-12-02 23:09:08",721,469,92933,0,,7.05,337.7,16.67,51.35,,1.8
"2025-12-02 23:09:09",723,471,92914,-38.253425,-72.661118,5.5,326.6,16.65,51.35,,1.8
"2025-12-02 23:09:10",725,473,92892,0,,7.9,338,16.64,51.4,,1.9
"2025-12-02 23:09:11",727,475,92871,0,,6.05,334.2,16.63,51.4,,1.9
"2025-12-02 23:09:12",729,477,92850,-38.253262,-72.661213,6.4,332.4,16.61,51.4,,1.9
"2025-12-02 23:09:13",731,479,92828,0,,7.75,340.1,16.59,51.4,,1.9
"2025-12-02 23:09:14",732,480,92808,0,,5.1,329.8,16.57,51.45,,1.9
"2025-12-02 23:09:15",734,482,92788,-38.253105,-72.661298,6.45,337.2,16.55,51.45,,1.9
"2025-12-02 23:09:16",736,484,92772,0,,7.5,340.5,16.55,51.45,,1.8
"2025-12-02 23:09:17",737,485,92757,0,,5.4,326.5,16.52,51.45,,1.8
"2025-12-02 23:09:18",739,487,92742,-38.25295,-72.66138,6.8,341.5,16.52,51.45,,1.8
"2025-12-02 23:09:20",742,490,92700,0,,5.95,324.3,16.5,51.45,,1.8
"2025-12-02 23:09:21",744,492,92680,-38.252797,-72.661467,6.8,348,16.5,51.45,24.5,1.8
"2025-12-02 23:09:22",746,494,92658,0,,6.25,331.2,16.5,51.5,,1.8
"2025-12-02 23:09:23",748,496,92638,0,,5.85,331.1,16.5,51.5,,1.8
"2025-12-02 23:09:24",750,498,92618,-38.252648,-72.661543,6.8,349.9,16.49,51.5,,1.8
"2025-12-02 23:09:25",752,500,92596,0,,5.6,328.3,16.48,51.45,,1.8
"2025-12-02 23:09:26",754,502,92574,0,,5.6,345.2,16.46,51.4,,1.8
"2025-12-02 23:09:27",756,504,92552,-38.252505,-72.66162,6.5,341.1,16.44,51.25,,1.8
"2025-12-02 23:09:28",758,506,92535,0,,5.15,323.7,16.43,51.15,,1.8
"2025-12-02 23:09:29",759,507,92519,0,,6.45,348.9,16.44,51.1,,1.8
"2025-12-02 23:09:30",761,509,92504,-38.252358,-72.661688,6.15,342.4,16.42,51,,1.8
"2025-12-02 23:09:32",764,512,92462,0,,6.2,359,16.43,50.8,,1.8
"2025-12-02 23:09:33",766,514,92442,-38.252227,-72.66174,5.05,340.2,16.42,50.65,,1.8
"2025-12-02 23:09:35",770,518,92400,0,,6.95,356.8,16.43,50.4,,1.8
"2025-12-02 23:09:36",772,520,92380,-38.252075,-72.66179,5.05,335.4,16.43,50.25,,1.8
"2025-12-02 23:09:38",776,524,92338,0,,6.45,349.7,16.4,50,,1.8
"2025-12-02 23:09:39",778,526,92318,-38.251932,-72.66184,5.05,331.3,16.4,49.9,,1.8
"2025-12-02 23:09:41",781,529,92284,0,,5.85,340.7,16.39,49.65,,1.8
"2025-12-02 23:09:42",782,530,92268,-38.251803,-72.661895,4.65,327.5,16.38,49.55,,1.8
"2025-12-02 23:09:44",786,534,92232,0,,5.15,333.8,16.35,49.5,,1.8
"2025-12-02 23:09:45",787,535,92214,-38.25168,-72.661938,4.35,340.2,16.35,49.45,,1.8
"2025-12-02 23:09:47",792,540,92160,0,,4.7,327.3,16.31,49.4,,1.9
"2025-12-02 23:09:48",795,543,92134,-38.251553,-72.661975,5.05,349.9,16.29,49.4,24.5,1.9
"2025-12-02 23:09:50",798,546,92093,0,,4.2,339,16.25,49.45,,1.9
"2025-12-02 23:09:51",800,548,92074,-38.251428,-72.662,5.8,358.9,16.23,49.4,,1.9
"2025-12-02 23:09:53",804,552,92032,0,,4.15,338.7,16.22,49.3,,1.9
"2025-12-02 23:09:54",806,554,92012,-38.25131,-72.662033,6.1,354.7,16.2,49.25,,1.9
"2025-12-02 23:09:55",807,555,91995,0,,3.65,341.3,16.19,49.25,,1.9
"2025-12-02 23:09:56",809,557,91979,0,,4.5,344.1,16.17,49.35,,1.9
"2025-12-02 23:09:57",810,558,91964,-38.251192,-72.66206,5.8,2.1,16.15,49.4,,1.9
"2025-12-02 23:09:58",813,561,91940,0,,2.95,342.5,16.12,49.4,,1.9
"2025-12-02 23:09:59",815,563,91916,0,,5.1,350.1,16.11,49.45,,1.9
"2025-12-02 23:10:00",817,565,91892,-38.25108,-72.662088,4.55,357,16.1,49.45,,1.8
"2025-12-02 23:10:01",819,567,91871,0,,3.3,341.8,16.08,49.45,,1.8
"2025-12-02 23:10:02",821,569,91851,0,,5.15,3.4,16.06,49.35,,1.9
"2025-12-02 23:10:03",823,571,91832,-38.250972,-72.662097,3.95,358.7,16.05,49.3,,1.9
"2025-12-02 23:10:04",824,572,91816,0,,3.85,337.7,16.04,49.25,,1.8
"2025-12-02 23:10:05",825,573,91801,0,,5.75,4.5,16.05,49.2,,1.8
"2025-12-02 23:10:06",827,575,91786,-38.250865,-72.662107,3.1,357.1,16.03,49.15,,1.7
"2025-12-02 23:10:07",829,577,91764,0,,4,348.7,16.02,49.15,,1.8
"2025-12-02 23:10:08",831,579,91741,0,,5.05,14.7,16,49,,1.8
"2025-12-02 23:10:09",833,581,91718,-38.25076,-72.662108,3.2,341.2,16,48.85,,1.9
"2025-12-02 23:10:10",835,583,91702,0,,4.4,6.5,16,48.65,,1.9
"2025-12-02 23:10:11",836,584,91687,0,,4.55,10,16.02,48.45,,1.8
"2025-12-02 23:10:12",838,586,91672,-38.250647,-72.662105,3.9,344.2,16.02,48.2,,1.8
"2025-12-02 23:10:13",839,587,91652,0,,4.8,14.2,16.03,47.95,,1.7
"2025-12-02 23:10:14",841,589,91633,0,,3.85,3.1,16.02,47.75,,1.7
"2025-12-02 23:10:15",843,591,91614,-38.250545,-72.662092,3.5,348.3,16.02,47.6,24.25,1.7
"2025-12-02 23:10:16",845,593,91594,0,,5.15,25.5,16.03,47.45,,1.7
"2025-12-02 23:10:17",847,595,91575,0,,4.15,0.1,16.03,47.4,,1.7
"2025-12-02 23:10:18",848,596,91556,-38.250432,-72.66206,4.05,1.4,16.02,47.3,,1.8
"2025-12-02 23:10:20",852,600,91517,0,,4.1,352.2,15.98,47.15,,1.7
"2025-12-02 23:10:21",854,602,91498,-38.250318,-72.662032,4.35,13.9,15.97,47.2,,1.7
"2025-12-02 23:10:22",856,604,91472,0,,4.7,17.4,15.95,47.15,,1.8
"2025-12-02 23:10:23",858,606,91447,0,,5.15,348.1,15.95,47.15,,1.8
"2025-12-02 23:10:24",861,609,91422,-38.25019,-72.662017,5.05,13.3,15.95,47.1,,1.9
"2025-12-02 23:10:25",863,611,91402,0,,5.05,13.3,15.94,47.05,,1.9
"2025-12-02 23:10:26",864,612,91384,0,,4.4,347.9,15.93,46.95,,1.9
"2025-12-02 23:10:27",866,614,91366,-38.25008,-72.662002,4.9,26.7,15.91,46.9,,1.9
"2025-12-02 23:10:28",868,616,91346,0,,3.85,358.1,15.9,46.85,,1.9
"2025-12-02 23:10:29",870,618,91327,0,,4.2,1.5,15.89,46.8,,1.9
"2025-12-02 23:10:30",871,619,91308,-38.249977,-72.66198,4.75,28.9,15.89,46.7,,1.9
"2025-12-02 23:10:31",873,621,91287,0,,3.5,351.5,15.89,46.65,,1.9
"2025-12-02 23:10:32",875,623,91267,0,,4.7,15.7,15.88,46.65,,1.9
"2025-12-02 23:10:33",877,625,91248,-38.249877,-72.661958,4,24.9,15.87,46.6,,1.9
"2025-12-02 23:10:35",881,629,91208,0,,4.8,20.9,15.85,46.5,,1.9
"2025-12-02 23:10:36",883,631,91188,-38.249772,-72.661938,3.6,22.6,15.83,46.5,,1.8
"2025-12-02 23:10:37",884,632,91168,0,,4.15,350.8,15.82,46.5,,1.8
"2025-12-02 23:10:38",886,634,91149,0,,4.6,31.2,15.82,46.5,,1.8
"2025-12-02 23:10:39",888,636,91130,-38.249668,-72.661912,3.9,6.7,15.8,46.5,,1.8
"2025-12-02 23:10:41",892,640,91090,0,,3.55,41.5,15.78,46.45,,1.8
"2025-12-02 23:10:42",894,642,91070,-38.249568,-72.661878,4.3,4.7,15.77,46.4,24.5,1.9
"2025-12-02 23:10:43",895,643,91051,0,,4.4,12,15.75,46.4,,1.8
"2025-12-02 23:10:44",897,645,91033,0,,3.2,33.2,15.74,46.4,,1.8
"2025-12-02 23:10:45",899,647,91016,-38.249472,-72.661855,4.45,355.9,15.7,46.4,,1.8
"2025-12-02 23:10:46",900,648,90999,0,,3.85,20.6,15.69,46.4,,1.8
"2025-12-02 23:10:47",902,650,90982,0,,3.45,30.1,15.67,46.45,,1.8
"2025-12-02 23:10:48",903,651,90966,-38.24937,-72.661822,4.75,357.6,15.67,46.4,,1.7
"2025-12-02 23:10:49",905,653,90944,0,,4.1,28.7,15.67,46.25,,1.8
"2025-12-02 23:10:50",908,656,90922,0,,3.15,32.7,15.68,46.05,,1.8
"2025-12-02 23:10:51",910,658,90900,-38.24928,-72.66177,4,2.5,15.65,45.85,,1.8
"2025-12-02 23:10:52",911,659,90885,0,,,,15.65,45.7,,1.8
"2025-12-02 23:10:53",912,660,90870,0,,,,15.64,45.55,,1.7
"2025-12-02 23:10:54",914,662,90856,0,,,,15.65,45.45,,1.7
"2025-12-02 23:10:55",916,664,90835,0,,4.55,25.4,15.65,45.35,,1.7
"2025-12-02 23:10:56",918,666,90814,0,,3.35,358.9,15.63,45.25,,1.7
"2025-12-02 23:10:57",920,668,90794,-38.249073,-72.661692,4.65,15.3,15.63,45.15,,1.7
"2025-12-02 23:10:58",921,669,90775,0,,4.45,31.7,15.62,45,,1.7
"2025-12-02 23:10:59",923,671,90757,0,,3.5,359.1,15.61,45,,1.8
"2025-12-02 23:11:00",925,673,90740,-38.24897,-72.661633,5.2,26.1,15.58,44.95,,1.8
"2025-12-02 23:11:01",927,675,90718,0,,4.1,23.7,15.58,44.95,,1.8
"2025-12-02 23:11:02",929,677,90697,0,,4.95,0.8,15.58,44.9,,1.8
"2025-12-02 23:11:03",931,679,90676,-38.248865,-72.66159,4.35,33,15.55,44.85,,1.7
"2025-12-02 23:11:04",932,680,90656,0,,3.65,6.3,15.53,44.75,,1.8
"2025-12-02 23:11:05",934,682,90635,0,,4.75,15,15.51,44.75,,1.8
"2025-12-02 23:11:06",936,684,90614,-38.248763,-72.661545,4,38.6,15.49,44.7,,1.9
"2025-12-02 23:11:07",938,686,90595,0,,,,15.46,44.7,,1.9
"2025-12-02 23:11:08",940,688,90576,0,,,,15.45,44.7,,1.9
"2025-12-02 23:11:09",942,690,90558,0,,,,15.45,44.7,24,1.8
"2025-12-02 23:11:10",943,691,90540,0,,4,359.8,15.41,44.7,,1.8
"2025-12-02 23:11:11",945,693,90523,0,,4.45,33.3,15.4,44.7,,1.8
"2025-12-02 23:11:12",947,695,90506,-38.248562,-72.661462,3.7,12.5,15.4,44.75,,1.8
"2025-12-02 23:11:13",948,696,90486,0,,4.15,12.4,15.38,44.8,,1.8
"2025-12-02 23:11:14",950,698,90467,0,,4,43.1,15.36,44.8,,1.8
"2025-12-02 23:11:15",952,700,90448,-38.248458,-72.661413,4.6,4.8,15.35,44.75,,1.8
"2025-12-02 23:11:16",954,702,90430,0,,3.85,17.6,15.33,44.7,,1.8
"2025-12-02 23:11:17",955,703,90412,0,,3.3,37.1,15.32,44.65,,1.7
"2025-12-02 23:11:18",957,705,90394,-38.248355,-72.661372,5.2,6.8,15.31,44.65,,1.7
"2025-12-02 23:11:20",961,709,90355,0,,3.6,27,15.26,44.65,,1.7
"2025-12-02 23:11:21",963,711,90336,-38.248248,-72.661327,5.7,13.6,15.24,44.65,,1.7
"2025-12-02 23:11:22",964,712,90319,0,,3,23.4,15.22,44.7,,1.7
"2025-12-02 23:11:23",966,714,90302,0,,4.15,15.4,15.21,44.7,,1.7
"2025-12-02 23:11:24",967,715,90286,-38.248142,-72.661288,5.4,16.8,15.19,44.7,,1.7
"2025-12-02 23:11:25",969,717,90265,0,,,,15.17,44.7,,1.7
"2025-12-02 23:11:26",971,719,90244,0,,,,15.17,44.7,,1.7
"2025-12-02 23:11:27",973,721,90224,0,,,,15.14,44.75,,1.8
"2025-12-02 23:11:28",975,723,90202,0,,2.95,32.5,15.14,44.7,,1.8
"2025-12-02 23:11:29",977,725,90181,0,,4.9,8.2,15.13,44.7,,1.8
"2025-12-02 23:11:30",979,727,90160,-38.247942,-72.66119,4.1,23.9,15.09,44.7,,1.8
"2025-12-02 23:11:31",981,729,90140,0,,3.55,30.4,15.08,44.75,,1.8
"2025-12-02 23:11:32",983,731,90121,0,,4.7,6.2,15.05,44.8,,1.8
"2025-12-02 23:11:33",985,733,90102,-38.247838,-72.66114,4.15,36.6,15.03,44.8,,1.8
"2025-12-02 23:11:35",988,736,90068,0,,4.55,4.3,15.01,44.7,,1.8
"2025-12-02 23:11:36",989,737,90052,-38.247735,-72.661098,3.95,37,14.98,44.6,23.5,1.8
"2025-12-02 23:11:37",992,740,90029,0,,4.15,9,14.98,44.6,,1.9
"2025-12-02 23:11:38",994,742,90006,0,,4.45,11.1,14.96,44.5,,1.9
"2025-12-02 23:11:39",996,744,89984,-38.247633,-72.661063,3.05,33.5,14.95,44.45,,1.9
"2025-12-02 23:11:40",998,746,89961,0,,4.7,1.1,14.94,44.35,,1.9
"2025-12-02 23:11:41",1000,748,89938,0,,4.1,28.5,14.92,44.25,,1.9
"2025-12-02 23:11:42",1002,750,89916,-38.247527,-72.661017,3.7,29.9,14.91,44.1,,1.9
"2025-12-02 23:11:43",1004,752,89896,0,,5.5,11.4,14.91,44,,1.9
"2025-12-02 23:11:44",1006,754,89877,0,,3.2,27.5,14.89,43.9,,1.9
"2025-12-02 23:11:45",1008,756,89858,-38.24742,-72.660962,4.05,27.7,14.87,43.85,,1.9
"2025-12-02 23:11:46",1010,758,89837,0,,5.7,21.4,14.86,43.8,,1.9
"2025-12-02 23:11:47",1012,760,89816,0,,2.65,28.1,14.85,43.8,,2
"2025-12-02 23:11:48",1014,762,89796,-38.247318,-72.660903,4.6,27.8,14.83,43.8,,2
"2025-12-02 23:11:49",1015,763,89778,0,,4.75,17.1,14.8,43.8,,2
"2025-12-02 23:11:50",1017,765,89761,0,,2.85,5.2,14.78,43.8,,1.9
"2025-12-02 23:11:51",1018,766,89744,-38.247208,-72.660862,5.65,28.5,14.76,43.85,,1.9
"2025-12-02 23:11:52",1021,769,89721,0,,4.3,8.1,14.74,43.85,,1.9
"2025-12-02 23:11:53",1023,771,89698,0,,3.8,13.4,14.73,43.85,,1.9
"2025-12-02 23:11:54",1025,773,89676,-38.247102,-72.660813,5.45,30.1,14.71,43.9,,1.9
"2025-12-02 23:11:56",1028,776,89645,0,,4.35,23.8,14.69,43.9,,1.8
"2025-12-02 23:11:57",1029,777,89630,-38.246992,-72.66077,4.95,24.5,14.66,43.95,,1.8
"2025-12-02 23:11:58",1032,780,89606,0,,4.4,0.8,14.65,43.95,,1.8
"2025-12-02 23:11:59",1034,782,89583,0,,3.85,38.1,14.63,44,,1.9
"2025-12-02 23:12:00",1036,784,89560,-38.246885,-72.660712,4.75,22.3,14.61,44.05,,1.9
"2025-12-02 23:12:02",1040,788,89518,0,,3.9,38.5,14.58,44.15,,1.9
"2025-12-02 23:12:03",1042,790,89498,-38.246775,-72.660648,5.65,19.7,14.57,44.2,23.5,1.9
"2025-12-02 23:12:05",1046,794,89456,0,,4.55,33,14.57,44.4,,1.9
"2025-12-02 23:12:06",1048,796,89436,-38.246667,-72.66057,5.75,20.4,14.56,44.55,,1.9
"2025-12-02 23:12:08",1052,800,89390,0,,5.9,33.2,14.55,44.75,,2
"2025-12-02 23:12:09",1054,802,89368,-38.246557,-72.660472,5.65,28.8,14.54,44.8,,2.1
"2025-12-02 23:12:11",1058,806,89330,0,,6.25,25.3,14.5,44.85,,2
"2025-12-02 23:12:12",1059,807,89312,-38.246442,-72.660373,4.95,34.5,14.49,44.85,,2
"2025-12-02 23:12:14",1064,812,89266,0,,6.3,24.6,14.46,44.9,,2
"2025-12-02 23:12:15",1066,814,89244,-38.24633,-72.66027,4.45,45.8,14.44,44.95,,2
"2025-12-02 23:12:17",1070,818,89198,0,,5.55,24,14.41,45,,2
"2025-12-02 23:12:18",1072,820,89176,-38.246208,-72.660177,4.9,42.1,14.4,45.05,,2.1
"2025-12-02 23:12:21",1078,826,89116,-38.24608,-72.660082,5.7,38.8,14.35,45.15,,2
"2025-12-02 23:12:23",1081,829,89082,0,,5.15,35.4,14.31,45.3,,1.9
"2025-12-02 23:12:24",1083,831,89066,-38.245945,-72.65999,6.6,28.2,14.31,45.35,,1.9
"2025-12-02 23:12:25",1085,833,89047,0,,5.95,20.4,14.29,45.35,,1.9
"2025-12-02 23:12:26",1086,834,89029,0,,5.2,40.8,14.28,45.4,,1.9
"2025-12-02 23:12:27",1088,836,89012,-38.24581,-72.659902,7,20.5,14.27,45.35,,1.8
"2025-12-02 23:12:28",1090,838,88990,0,,4.75,24.5,14.25,45.4,,1.9
"2025-12-02 23:12:29",1092,840,88968,0,,5.85,31.9,14.25,45.4,,1.8
"2025-12-02 23:12:30",1094,842,88946,-38.24567,-72.659827,6.8,12.4,14.21,45.4,23.25,1.8
"2025-12-02 23:12:31",1097,845,88921,0,,4.6,23.7,14.19,45.4,,1.9
"2025-12-02 23:12:32",1099,847,88897,0,,7,28.9,14.16,45.4,,1.9
"2025-12-02 23:12:33",1101,849,88874,-38.245537,-72.659735,5.6,19.7,14.15,45.45,,1.9
"2025-12-02 23:12:34",1103,851,88854,0,,4.9,36.3,14.14,45.5,,1.9
"2025-12-02 23:12:35",1105,853,88834,0,,7.3,24.8,14.14,45.6,,2
"2025-12-02 23:12:36",1107,855,88814,-38.245402,-72.659653,4.85,12.2,14.13,45.65,,2
"2025-12-02 23:12:37",1109,857,88794,0,,4.85,12.2,14.12,45.75,,2
"2025-12-02 23:12:38",1111,859,88773,0,,6.4,17,14.07,45.8,,2
"2025-12-02 23:12:39",1113,861,88752,-38.245263,-72.659567,5.15,16.5,14.05,45.8,,2
"2025-12-02 23:12:40",1115,863,88733,0,,6.45,43.6,14.02,45.85,,2.1
"2025-12-02 23:12:41",1116,864,88715,0,,5.05,17.1,13.99,45.85,,2
"2025-12-02 23:12:42",1118,866,88698,-38.245138,-72.659472,5.35,25.5,13.95,45.9,,2
"2025-12-02 23:12:43",1120,868,88676,0,,6.25,41.9,13.92,45.95,,2
"2025-12-02 23:12:44",1122,870,88655,0,,5.7,12.8,13.89,46,,2
"2025-12-02 23:12:45",1124,872,88634,-38.24501,-72.659375,5.7,34.9,13.86,46.05,,1.9
"2025-12-02 23:12:46",1126,874,88617,0,,5.4,36,13.83,46.05,,1.9
"2025-12-02 23:12:47",1127,875,88600,0,,5.65,21.7,13.81,46.05,,1.9
"2025-12-02 23:12:48",1129,877,88584,-38.244887,-72.659265,6.6,44.4,13.76,46.1,,1.8
"2025-12-02 23:12:50",1132,880,88549,0,,6.05,31.1,13.74,46.2,,1.8
"2025-12-02 23:12:51",1134,882,88532,-38.244757,-72.659157,6.65,40.5,13.74,46.2,,1.7
"2025-12-02 23:12:52",1135,883,88515,0,,4.85,19,13.74,46.2,,1.7
"2025-12-02 23:12:53",1137,885,88499,0,,5.9,38.4,13.73,46.2,,1.7
"2025-12-02 23:12:54",1138,886,88484,-38.244638,-72.659053,5.7,39.2,13.71,46.15,,1.7
"2025-12-02 23:12:55",1140,888,88464,0,,4.9,20,13.69,46.1,,1.7
"2025-12-02 23:12:56",1142,890,88445,0,,5.2,48.2,13.67,46.05,,1.7
"2025-12-02 23:12:57",1144,892,88426,-38.24452,-72.658953,6.25,28,13.65,46.1,23,1.7
"2025-12-02 23:12:58",1146,894,88404,0,,5.25,21.7,13.62,46.2,,1.7
"2025-12-02 23:12:59",1148,896,88383,0,,5.6,50.7,13.61,46.35,,1.7
"2025-12-02 23:13:00",1150,898,88362,-38.244407,-72.65884,5.75,28.4,13.6,46.4,,1.8
"2025-12-02 23:13:01",1152,900,88344,0,,5.75,32.2,13.57,46.4,,1.8
"2025-12-02 23:13:02",1153,901,88327,0,,5.5,47,13.57,46.45,,1.8
"2025-12-02 23:13:03",1155,903,88310,-38.244287,-72.658715,6.45,27.7,13.56,46.65,,1.8
"2025-12-02 23:13:05",1158,906,88275,0,,6.35,49.1,13.54,46.95,,1.8
"2025-12-02 23:13:06",1160,908,88258,-38.244167,-72.658585,6.5,28.1,13.53,47.1,,1.8
"2025-12-02 23:13:07",1161,909,88242,0,,5.65,51.8,13.52,47.3,,1.8
"2025-12-02 23:13:08",1163,911,88227,0,,6.15,31.2,13.51,47.45,,1.8
"2025-12-02 23:13:09",1164,912,88212,-38.24405,-72.65846,5.9,33,13.5,47.55,,1.7
"2025-12-02 23:13:10",1166,914,88194,0,,5.7,52.3,13.5,47.7,,1.7
"2025-12-02 23:13:11",1168,916,88177,0,,6.05,33.3,13.47,47.8,,1.7
"2025-12-02 23:13:12",1169,917,88160,-38.243927,-72.65833,6.3,35.6,13.46,47.85,,1.6
"2025-12-02 23:13:13",1171,919,88141,0,,5.8,44.5,13.45,47.95,,1.6
"2025-12-02 23:13:14",1173,921,88123,0,,5.75,21.2,13.44,48,,1.6
"2025-12-02 23:13:15",1175,923,88106,-38.243807,-72.658205,5.95,46.5,13.43,48.05,,1.6
"2025-12-02 23:13:16",1176,924,88089,0,,,,13.42,48.15,,1.6
"2025-12-02 23:13:17",1178,926,88072,0,,,,13.41,48.15,,1.6
"2025-12-02 23:13:18",1179,927,88056,0,,,,13.4,48.15,,1.6
"2025-12-02 23:13:22",1186,934,87988,0,,,,13.32,48.25,,1.7
"2025-12-02 23:13:23",1188,936,87971,0,,,,13.3,48.3,,1.7
"2025-12-02 23:13:24",1189,937,87954,0,,,,13.29,48.35,22.5,1.7
"2025-12-02 23:13:25",1191,939,87936,0,,5.25,21.2,13.27,48.45,,1.6
"2025-12-02 23:13:26",1192,940,87920,0,,6.85,44.5,13.26,48.5,,1.6
"2025-12-02 23:13:27",1194,942,87904,-38.243298,-72.657698,5.8,35.5,13.25,48.6,,1.6
"2025-12-02 23:13:28",1196,944,87884,0,,5.8,35.5,13.24,48.7,,1.6
"2025-12-02 23:13:29",1198,946,87865,0,,7.1,46.6,13.21,48.85,,1.7
"2025-12-02 23:13:30",1200,948,87846,-38.243172,-72.657575,5.6,26.7,13.21,49,,1.7
"2025-12-02 23:13:31",1202,950,87824,0,,5.75,35.9,13.18,49.15,,1.7
"2025-12-02 23:13:32",1204,952,87804,0,,6.3,50.9,13.17,49.25,,1.7
"2025-12-02 23:13:33",1206,954,87784,-38.243052,-72.657452,5.95,23.8,13.16,49.35,,1.7
"2025-12-02 23:13:34",1207,955,87769,0,,5.9,40.2,13.14,49.45,,1.7
"2025-12-02 23:13:35",1208,956,87754,0,,5.7,41.4,13.13,49.6,,1.7
"2025-12-02 23:13:36",1210,958,87740,-38.242927,-72.657333,6.2,24.3,13.12,49.7,,1.7
"2025-12-02 23:13:37",1211,959,87724,0,,6.15,45.8,13.11,49.75,,1.7
"2025-12-02 23:13:38",1213,961,87708,0,,5.4,37.5,13.1,49.9,,1.7
"2025-12-02 23:13:39",1214,962,87692,-38.2428,-72.657218,6.15,21.5,13.08,50,,1.7
"2025-12-02 23:13:40",1216,964,87674,0,,5.95,50,13.08,50.15,,1.7
"2025-12-02 23:13:41",1218,966,87658,0,,6.1,27.4,13.07,50.3,,1.7
"2025-12-02 23:13:42",1219,967,87642,-38.242673,-72.6571,5.95,28.9,13.06,50.45,,1.7
"2025-12-02 23:13:43",1221,969,87623,0,,5.95,48.4,13.04,50.65,,1.6
"2025-12-02 23:13:44",1223,971,87605,0,,6.35,38.7,13.03,50.85,,1.6
"2025-12-02 23:13:45",1224,972,87588,-38.24255,-72.656962,6.2,40.2,13.03,51.1,,1.6
"2025-12-02 23:13:46",1226,974,87571,0,,6,42.3,13.03,51.3,,1.6
"2025-12-02 23:13:47",1228,976,87554,0,,6.35,23.7,13.02,51.55,,1.6
"2025-12-02 23:13:48",1229,977,87538,-38.24242,-72.656827,6.75,47.7,13.04,51.9,,1.6
"2025-12-02 23:13:50",1232,980,87507,0,,6.7,29.5,13.09,52.65,,1.6
"2025-12-02 23:13:51",1234,982,87492,-38.24229,-72.65668,6.9,52.8,13.13,53,22.25,1.6
"2025-12-02 23:13:52",1235,983,87474,0,,5.9,37.9,13.17,53.25,,1.6
"2025-12-02 23:13:53",1237,985,87456,0,,6.45,37.2,13.22,53.5,,1.6
"2025-12-02 23:13:54",1239,987,87438,-38.242168,-72.656533,6.35,55.5,13.28,53.7,,1.6
"2025-12-02 23:13:55",1240,988,87421,0,,6.55,31.4,13.32,53.85,,1.6
"2025-12-02 23:13:56",1242,990,87404,0,,6.1,47.4,13.38,53.85,,1.6
"2025-12-02 23:13:57",1244,992,87388,-38.24205,-72.65639,5.95,52.3,13.42,53.85,,1.6
"2025-12-02 23:13:58",1245,993,87371,0,,6.65,31.2,13.45,53.8,,1.6
"2025-12-02 23:13:59",1247,995,87354,0,,5.65,55.3,13.5,53.75,,1.6
"2025-12-02 23:14:00",1249,997,87338,-38.24194,-72.65625,5.95,45,13.54,53.65,,1.6
"2025-12-02 23:14:01",1250,998,87321,0,,5.95,45,13.57,53.55,,1.6
"2025-12-02 23:14:02",1252,1000,87304,0,,5.45,56.3,13.6,53.5,,1.6
"2025-12-02 23:14:03",1253,1001,87288,-38.241827,-72.65611,6.6,37.3,13.65,53.4,,1.6
"2025-12-02 23:14:05",1257,1005,87250,0,,5.3,53.4,13.65,53.1,,1.7
"2025-12-02 23:14:06",1259,1007,87232,-38.241712,-72.655973,6.75,32.7,13.66,52.95,,1.7
"2025-12-02 23:14:07",1260,1008,87218,0,,5.7,52.2,13.68,52.85,,1.6
"2025-12-02 23:14:08",1261,1009,87204,0,,5.75,45.4,13.68,52.7,,1.6
"2025-12-02 23:14:09",1263,1011,87190,-38.241593,-72.655838,6.35,30.4,13.69,52.55,,1.6
"2025-12-02 23:14:10",1265,1013,87169,0,,5.85,55,13.69,52.35,,1.6
"2025-12-02 23:14:11",1267,1015,87148,0,,5.85,36.8,13.71,52.1,,1.7
"2025-12-02 23:14:12",1269,1017,87128,-38.241482,-72.6557,6,37.2,13.73,51.85,,1.7
"2025-12-02 23:14:13",1270,1018,87115,0,,6,53.9,13.73,51.6,,1.7
"2025-12-02 23:14:14",1271,1019,87103,0,,6.1,30.2,13.73,51.4,,1.6
"2025-12-02 23:14:15",1272,1020,87092,-38.241368,-72.655567,5.95,46.3,13.73,51.2,,1.6
"2025-12-02 23:14:16",1274,1022,87071,0,,5.15,50.7,13.73,51.05,,1.6
"2025-12-02 23:14:17",1276,1024,87050,0,,6.55,28.4,13.74,50.9,,1.6
"2025-12-02 23:14:18",1278,1026,87030,-38.241257,-72.655442,5.45,50.4,13.74,50.75,22,1.7
"2025-12-02 23:14:20",1281,1029,87007,0,,6.95,36,13.73,50.5,,1.6
"2025-12-02 23:14:21",1282,1030,86996,-38.241143,-72.655307,5.25,55.6,13.72,50.35,,1.6
"2025-12-02 23:14:22",1284,1032,86974,0,,5.8,38.6,13.71,50.15,,1.6
"2025-12-02 23:14:23",1286,1034,86953,0,,6.35,39.3,13.71,50,,1.6
"2025-12-02 23:14:24",1288,1036,86932,-38.24103,-72.655185,4.25,46.1,13.73,49.75,,1.6
"2025-12-02 23:14:25",1290,1038,86914,0,,6.3,37.2,13.73,49.35,,1.6
"2025-12-02 23:14:26",1291,1039,86897,0,,5.4,43.3,13.71,48.9,,1.7
"2025-12-02 23:14:27",1293,1041,86880,-38.240927,-72.65506,4.15,44.8,13.71,48.4,,1.7
"2025-12-02 23:14:28",1295,1043,86864,0,,6.7,43.3,13.73,47.95,,1.7
"2025-12-02 23:14:29",1296,1044,86848,0,,4.55,39.6,13.73,47.6,,1.7
"2025-12-02 23:14:30",1298,1046,86832,-38.240825,-72.654938,4.55,42.1,13.73,47.25,,1.6
"2025-12-02 23:14:32",1301,1049,86799,0,,4.45,33,13.73,46.65,,1.7
"2025-12-02 23:14:33",1302,1050,86784,-38.240722,-72.654815,5.15,41.2,13.73,46.35,,1.7
"2025-12-02 23:14:35",1307,1055,86738,0,,4.2,24.2,13.73,45.6,,1.8
"2025-12-02 23:14:36",1309,1057,86716,-38.24062,-72.6547,5.8,47.6,13.74,45.25,,1.8
"2025-12-02 23:14:38",1313,1061,86674,0,,4.15,20,13.74,44.5,,1.8
"2025-12-02 23:14:39",1315,1063,86654,-38.240523,-72.654593,5.85,53.3,13.74,44,,1.8
"2025-12-02 23:14:41",1319,1067,86617,0,,4.35,32.1,13.74,42.75,,1.9
"2025-12-02 23:14:42",1320,1068,86600,-38.240437,-72.65449,5.05,57.5,13.74,42.2,,1.9
"2025-12-02 23:14:44",1324,1072,86558,0,,4.55,43,13.74,41,,2
"2025-12-02 23:14:45",1326,1074,86538,-38.240357,-72.654385,4.6,63.5,13.74,40.5,22.25,2
"2025-12-02 23:14:47",1330,1078,86498,0,,4.55,56.4,13.73,39.75,,2
"2025-12-02 23:14:48",1332,1080,86478,-38.240277,-72.65428,4.4,52.1,13.73,39.5,,2
"2025-12-02 23:14:50",1336,1084,86437,0,,4.35,69.7,13.7,39.3,,1.9
"2025-12-02 23:14:51",1338,1086,86418,-38.240203,-72.654168,4.5,43.9,13.69,39.05,,1.9
"2025-12-02 23:14:53",1343,1091,86374,0,,4,69,13.65,38.55,,2
"2025-12-02 23:14:54",1345,1093,86352,-38.240128,-72.654062,4.9,31.2,13.62,38.4,,2
"2025-12-02 23:14:55",1346,1094,86333,0,,4.1,50.1,13.61,38.4,,2
"2025-12-02 23:14:56",1348,1096,86315,0,,4.25,62.7,13.59,38.4,,2
"2025-12-02 23:14:57",1350,1098,86298,-38.240055,-72.653953,5.3,35,13.58,38.25,,2
"2025-12-02 23:14:58",1352,1100,86281,0,,2.9,50.8,13.57,38.1,,1.9
"2025-12-02 23:14:59",1353,1101,86264,0,,4.05,44.4,13.56,37.85,,1.9
"2025-12-02 23:15:00",1355,1103,86248,-38.239978,-72.653863,5.15,33.6,13.56,37.5,,1.9
"2025-12-02 23:15:01",1357,1105,86227,0,,2.6,53,13.56,36.95,,1.9
"2025-12-02 23:15:02",1359,1107,86208,0,,4.8,49.9,13.56,36.55,,1.9
"2025-12-02 23:15:03",1361,1109,86190,-38.239905,-72.653765,4.8,39.9,13.56,36.15,,1.9
"2025-12-02 23:15:04",1362,1110,86173,0,,2.45,49.6,13.56,35.8,,1.8
"2025-12-02 23:15:05",1364,1112,86157,0,,5.2,47.8,13.56,35.4,,1.8
"2025-12-02 23:15:06",1365,1113,86142,-38.239827,-72.653668,4,35.8,13.55,35.2,,1.7
"2025-12-02 23:15:07",1367,1115,86126,0,,3.45,47.5,13.55,35.1,,1.7
"2025-12-02 23:15:08",1368,1116,86111,0,,5.95,53.6,13.55,35.05,,1.7
"2025-12-02 23:15:09",1370,1118,86096,-38.239745,-72.653562,3.65,32,13.55,35.05,,1.7
"2025-12-02 23:15:10",1371,1119,86085,0,,3.65,48.7,13.54,35,,1.6
"2025-12-02 23:15:11",1372,1120,86074,0,,5.35,51,13.53,34.7,,1.5
"2025-12-02 23:15:12",1373,1121,86064,-38.239665,-72.653463,3.25,22.1,13.53,34.5,22.25,1.5
"2025-12-02 23:15:13",1374,1122,86048,0,,4.35,56.1,13.52,34.55,,1.5
"2025-12-02 23:15:14",1376,1124,86033,0,,4.85,48.6,13.5,34.8,,1.5
"2025-12-02 23:15:15",1377,1125,86018,-38.239592,-72.653363,2.7,28.4,13.48,35,,1.4
"2025-12-02 23:15:16",1379,1127,86005,0,,4.85,59.7,13.45,35.25,,1.4
"2025-12-02 23:15:17",1380,1128,85992,0,,4.05,35.4,13.43,35.4,,1.4
"2025-12-02 23:15:18",1381,1129,85980,-38.239517,-72.653263,3.15,37.7,13.42,35.55,,1.3
"2025-12-02 23:15:20",1384,1132,85952,0,,3.25,40.3,13.41,35.3,,1.3
"2025-12-02 23:15:21",1385,1133,85938,-38.239455,-72.65316,3.15,48.7,13.4,35.3,,1.3
"2025-12-02 23:15:22",1387,1135,85921,0,,5.3,59.8,13.39,35.15,,1.3
"2025-12-02 23:15:23",1388,1136,85905,0,,3.25,29,13.38,34.9,,1.4
"2025-12-02 23:15:24",1390,1138,85890,-38.239387,-72.653058,3.8,53.2,13.37,34.75,,1.4
"2025-12-02 23:15:25",1392,1140,85870,0,,4.65,57,13.36,34.5,,1.5
"2025-12-02 23:15:26",1394,1142,85851,0,,3.25,22.9,13.37,34.15,,1.5
"2025-12-02 23:15:27",1396,1144,85832,-38.239323,-72.652967,3.85,61.4,13.36,33.9,,1.5
"2025-12-02 23:15:28",1397,1145,85816,0,,4,46.9,13.33,33.6,,1.5
"2025-12-02 23:15:29",1399,1147,85801,0,,3.6,16,13.32,33.4,,1.6
"2025-12-02 23:15:30",1400,1148,85786,-38.239245,-72.652875,5.05,60.9,13.31,33.25,,1.6
"2025-12-02 23:15:31",1402,1150,85768,0,,3.7,42.2,13.31,33.15,,1.6
"2025-12-02 23:15:32",1404,1152,85751,0,,2.75,27.7,13.3,33,,1.6
"2025-12-02 23:15:33",1405,1153,85734,-38.239182,-72.652788,5,57.3,13.29,32.95,,1.7
"2025-12-02 23:15:35",1409,1157,85697,0,,4.05,44.2,13.27,32.8,,1.7
"2025-12-02 23:15:36",1411,1159,85680,-38.23911,-72.652693,5,53.3,13.25,32.7,,1.7
"2025-12-02 23:15:37",1412,1160,85664,0,,,,13.25,32.55,,1.7
"2025-12-02 23:15:38",1414,1162,85648,0,,,,13.24,32.5,,1.7
"2025-12-02 23:15:39",1415,1163,85632,0,,,,13.22,32.4,22.25,1.7
"2025-12-02 23:15:49",1429,1177,85491,0,,4.15,47.2,13.06,32.35,,1.4
"2025-12-02 23:15:50",1431,1179,85477,0,,3.95,50.9,13.04,32.4,,1.4
"2025-12-02 23:15:51",1432,1180,85464,-38.238752,-72.65227,3.2,17,13.02,32.4,,1.4
"2025-12-02 23:15:52",1434,1182,85446,0,,4.4,54.2,13.02,32.45,,1.4
"2025-12-02 23:15:53",1435,1183,85429,0,,3.95,39,13,32.45,,1.4
"2025-12-02 23:15:54",1437,1185,85412,-38.238677,-72.652182,3.5,26.8,12.98,32.4,,1.4
"2025-12-02 23:15:58",1444,1192,85344,0,,3.75,60,12.91,32.3,,1.5
"2025-12-02 23:15:59",1445,1193,85327,0,,4.9,27.6,12.88,32.3,,1.5
"2025-12-02 23:16:00",1447,1195,85310,-38.23853,-72.652002,3.5,55.5,12.86,32.3,,1.5
"2025-12-02 23:16:01",1449,1197,85290,0,,3.8,50.9,12.84,32.35,,1.7
"2025-12-02 23:16:02",1451,1199,85271,0,,4.8,24.8,12.83,32.35,,1.7
"2025-12-02 23:16:03",1453,1201,85252,-38.238453,-72.651915,3.15,60.4,12.82,32.3,,1.7
"2025-12-02 23:16:04",1455,1203,85233,0,,4.5,37.2,12.8,32.25,,1.8
"2025-12-02 23:16:05",1457,1205,85214,0,,4.3,32,12.78,32.25,,1.8
"2025-12-02 23:16:06",1458,1206,85196,-38.238373,-72.651827,3.45,62.1,12.76,32.2,22,1.8
"2025-12-02 23:16:07",1460,1208,85177,0,,4.85,28,12.76,32.25,,1.8
"2025-12-02 23:16:08",1462,1210,85157,0,,3.8,39.4,12.73,32.15,,1.8
"2025-12-02 23:16:09",1464,1212,85138,-38.238292,-72.651743,3.15,53.6,12.72,32.15,,1.8
"2025-12-02 23:16:10",1466,1214,85117,0,,5.05,29.4,12.71,32.15,,1.9
"2025-12-02 23:16:11",1468,1216,85097,0,,3.35,52.1,12.69,32.1,,1.9
"2025-12-02 23:16:12",1470,1218,85078,-38.23821,-72.65166,3.5,40.7,12.67,32.1,,1.9
"2025-12-02 23:16:13",1472,1220,85061,0,,5.05,28.4,12.66,32.05,,1.9
"2025-12-02 23:16:14",1473,1221,85044,0,,3.1,64.2,12.64,32,,1.9
"2025-12-02 23:16:15",1475,1223,85028,-38.238132,-72.651572,4.05,38,12.63,31.95,,1.9
"2025-12-02 23:16:16",1477,1225,85009,0,,4.45,37,12.6,31.9,,1.9
"2025-12-02 23:16:17",1479,1227,84990,0,,2.95,56.4,12.58,31.95,,1.9
"2025-12-02 23:16:18",1481,1229,84972,-38.238052,-72.651487,4.55,29.7,12.56,32,,1.9
"2025-12-02 23:16:20",1483,1231,84943,0,,2.95,52.6,12.52,32,,1.8
"2025-12-02 23:16:21",1485,1233,84930,-38.237978,-72.651397,4.85,28.8,12.52,32,,1.7
"2025-12-02 23:16:22",1486,1234,84914,0,,3.65,59.3,12.51,31.95,,1.7
"2025-12-02 23:16:23",1488,1236,84899,0,,3.15,41.3,12.49,31.9,,1.6
"2025-12-02 23:16:24",1489,1237,84884,-38.237905,-72.651305,5,34.4,12.49,31.9,,1.6
"2025-12-02 23:16:25",1491,1239,84869,0,,2.9,65,12.47,31.85,,1.6
"2025-12-02 23:16:26",1492,1240,84853,0,,3.95,38.3,12.44,31.85,,1.6
"2025-12-02 23:16:27",1494,1242,84838,-38.237832,-72.651215,4.7,35.1,12.42,31.85,,1.6
"2025-12-02 23:16:28",1495,1243,84823,0,,2.95,56.5,12.41,31.85,,1.5
"2025-12-02 23:16:29",1497,1245,84809,0,,4.65,41.1,12.39,31.85,,1.5
"2025-12-02 23:16:30",1498,1246,84796,-38.237762,-72.651132,3.65,40.8,12.39,31.85,,1.5
"2025-12-02 23:16:31",1500,1248,84779,0,,,,12.38,31.85,,1.5
"2025-12-02 23:16:32",1501,1249,84763,0,,,,12.37,31.9,,1.5
"2025-12-02 23:16:33",1503,1251,84748,0,,,,12.37,31.9,21.75,1.5
"2025-12-02 23:16:35",1506,1254,84720,0,,4.75,52,12.35,31.95,,1.5
"2025-12-02 23:16:36",1507,1255,84706,-38.237625,-72.650977,2.6,24,12.34,31.95,,1.5
"2025-12-02 23:16:37",1508,1256,84693,0,,3.8,43.9,12.33,31.95,,1.4
"2025-12-02 23:16:38",1509,1257,84681,0,,3.75,49.5,12.3,31.9,,1.4
"2025-12-02 23:16:39",1511,1259,84670,-38.237553,-72.650898,2.7,15.9,12.3,31.9,,1.4
"2025-12-02 23:16:40",1512,1260,84654,0,,4.7,52.1,12.3,31.85,,1.4
"2025-12-02 23:16:41",1514,1262,84639,0,,3.25,39.8,12.29,31.85,,1.4
"2025-12-02 23:16:42",1515,1263,84624,-38.237485,-72.65082,2.75,20.8,12.28,31.85,,1.4
"2025-12-02 23:16:43",1517,1265,84607,0,,4.5,58.5,12.27,31.8,,1.4
"2025-12-02 23:16:44",1518,1266,84590,0,,4.1,44.2,12.25,31.85,,1.4
"2025-12-02 23:16:45",1520,1268,84574,-38.237413,-72.650723,3.2,35.1,12.25,31.8,,1.5
"2025-12-02 23:16:46",1522,1270,84553,0,,4.8,54.9,12.24,31.75,,1.5
"2025-12-02 23:16:47",1524,1272,84533,0,,2.65,20.7,12.23,31.75,,1.5
"2025-12-02 23:16:48",1526,1274,84514,-38.237342,-72.650637,4.15,43.2,12.22,31.75,,1.6
"2025-12-02 23:16:49",1528,1276,84498,0,,4.6,49.5,12.22,31.8,,1.6
"2025-12-02 23:16:50",1529,1277,84483,0,,2.8,7.8,12.22,31.75,,1.6
"2025-12-02 23:16:51",1531,1279,84468,-38.23727,-72.650562,4.6,50.4,12.2,31.75,,1.7
"2025-12-02 23:16:53",1534,1282,84437,0,,2.8,20.5,12.18,31.75,,1.7
"2025-12-02 23:16:54",1535,1283,84422,-38.237192,-72.65048,5.4,46.1,12.17,31.7,,1.7
"2025-12-02 23:16:55",1536,1284,84409,0,,3.15,49,12.15,31.7,,1.6
"2025-12-02 23:16:56",1538,1286,84397,0,,3.4,31.4,12.14,31.7,,1.6
"2025-12-02 23:16:57",1539,1287,84386,-38.237117,-72.6504,5,37.1,12.13,31.7,,1.6
"2025-12-02 23:16:58",1541,1289,84367,0,,2.8,52.7,12.11,31.7,,1.6
"2025-12-02 23:16:59",1543,1291,84347,0,,4.25,42,12.09,31.7,,1.6
"2025-12-02 23:17:00",1545,1293,84328,-38.23705,-72.650312,4.8,46.9,12.08,31.7,21.5,1.6
"2025-12-02 23:17:02",1547,1295,84299,0,,4.5,39.9,12.06,31.75,,1.5
"2025-12-02 23:17:03",1549,1297,84286,-38.23698,-72.650228,4.15,53.8,12.04,31.8,,1.5
"2025-12-02 23:17:05",1552,1300,84257,0,,4.6,49,12,31.8,,1.5
"2025-12-02 23:17:06",1553,1301,84244,-38.236908,-72.650152,3.6,41,12,31.75,,1.5
"2025-12-02 23:17:08",1556,1304,84211,0,,4.65,56.4,11.97,31.6,,1.5
"2025-12-02 23:17:09",1558,1306,84196,-38.236835,-72.650072,3.2,27.1,11.97,31.5,,1.5
"2025-12-02 23:17:11",1561,1309,84166,0,,4.1,55.3,11.98,31.1,,1.5
"2025-12-02 23:17:12",1562,1310,84152,-38.236763,-72.650002,3.55,16.1,11.98,30.8,,1.5
"2025-12-02 23:17:14",1565,1313,84122,0,,3.55,48.5,12,30.35,,1.5
"2025-12-02 23:17:15",1567,1315,84108,-38.236688,-72.649932,4.1,18.1,12.02,30.15,,1.5
"2025-12-02 23:17:17",1568,1316,84088,0,,3.45,40.4,12.05,29.75,,1.4
"2025-12-02 23:17:18",1569,1317,84078,-38.236613,-72.649872,4.3,11.7,12.08,29.5,,1.4
"2025-12-02 23:17:21",1575,1323,84020,-38.236535,-72.649823,3.7,19.6,12.12,28.7,,1.5
"2025-12-02 23:17:22",1577,1325,84006,0,,,,12.14,28.5,,1.5
"2025-12-02 23:17:23",1578,1326,83993,0,,,,12.17,28.2,,1.4
"2025-12-02 23:17:24",1579,1327,83980,0,,,,12.19,28.05,,1.4
"2025-12-02 23:17:26",1582,1330,83950,0,,4.8,11,12.21,27.75,,1.4
"2025-12-02 23:17:27",1584,1332,83936,-38.23636,-72.649727,2.95,34.9,12.23,27.6,21,1.4
"2025-12-02 23:17:28",1585,1333,83924,0,,3.65,21.7,12.24,27.5,,1.4
"2025-12-02 23:17:29",1586,1334,83913,0,,4.65,20.7,12.24,27.35,,1.4
"2025-12-02 23:17:30",1587,1335,83902,-38.236275,-72.649682,2.4,14.6,12.24,27.25,,1.5
"2025-12-02 23:17:31",1589,1337,83884,0,,3.7,29.6,12.24,27.15,,1.5
"2025-12-02 23:17:32",1591,1339,83867,0,,5.2,22.7,12.24,27.05,,1.5
"2025-12-02 23:17:33",1592,1340,83850,-38.236182,-72.649633,2.15,12.4,12.24,26.95,,1.4
"2025-12-02 23:17:34",1594,1342,83836,0,,4.65,23.4,12.25,26.9,,1.4
"2025-12-02 23:17:35",1595,1343,83822,0,,3.45,11,12.26,26.85,,1.4
"2025-12-02 23:17:36",1597,1345,83808,-38.236083,-72.649597,2.9,7,12.25,26.75,,1.4
"2025-12-02 23:17:37",1598,1346,83793,0,,5.25,26.1,12.26,26.7,,1.4
"2025-12-02 23:17:38",1599,1347,83778,0,,3.45,1.3,12.25,26.65,,1.4
"2025-12-02 23:17:39",1601,1349,83764,-38.235982,-72.649565,3.15,14.8,12.26,26.55,,1.4
"2025-12-02 23:17:40",1602,1350,83749,0,,5.1,20.8,12.26,26.4,,1.4
"2025-12-02 23:17:41",1604,1352,83734,0,,2.4,358.6,12.26,26.35,,1.5
"2025-12-02 23:17:42",1605,1353,83720,-38.235885,-72.649538,3.85,12.8,12.26,26.3,,1.5
"2025-12-02 23:17:43",1607,1355,83704,0,,4.95,13.1,12.26,26.25,,1.5
"2025-12-02 23:17:44",1609,1357,83688,0,,2.55,355.1,12.27,26.15,,1.5
"2025-12-02 23:17:45",1610,1358,83672,-38.23578,-72.649518,4.65,13.7,12.26,26.05,,1.5
"2025-12-02 23:17:47",1613,1361,83646,0,,2.75,8.8,12.27,25.95,,1.5
"2025-12-02 23:17:48",1614,1362,83634,-38.235682,-72.649493,5.1,9.8,12.28,25.9,,1.4
"2025-12-02 23:17:49",1615,1363,83619,0,,3.95,12,12.28,25.8,,1.4
"2025-12-02 23:17:50",1617,1365,83604,0,,3.65,11.3,12.29,25.8,,1.5
"2025-12-02 23:17:51",1618,1366,83590,-38.235578,-72.649472,4.85,1.1,12.29,25.7,,1.5
"2025-12-02 23:17:52",1620,1368,83578,0,,2.85,9.8,12.29,25.65,,1.4
"2025-12-02 23:17:53",1621,1369,83566,0,,3.5,17.9,12.3,25.6,,1.4
"2025-12-02 23:17:54",1622,1370,83554,-38.235482,-72.649457,5.1,356.6,12.29,25.55,20.5,1.4
"2025-12-02 23:17:55",1623,1371,83540,0,,3.4,11.3,12.28,25.5,,1.4
"2025-12-02 23:17:56",1625,1373,83527,0,,3.85,7.1,12.28,25.45,,1.3
"2025-12-02 23:17:57",1626,1374,83514,-38.235382,-72.649438,4.75,358.7,12.28,25.4,,1.3
"2025-12-02 23:17:58",1627,1375,83502,0,,2.85,31,12.27,25.4,,1.3
"2025-12-02 23:17:59",1628,1376,83490,0,,4.5,357.8,12.26,25.35,,1.3
"2025-12-02 23:18:00",1630,1378,83478,-38.235285,-72.64942,4.05,2.6,12.25,25.3,,1.3
"2025-12-02 23:18:01",1631,1379,83461,0,,3.35,27.9,12.24,25.3,,1.3
"2025-12-02 23:18:02",1633,1381,83446,0,,4.4,349.4,12.24,25.25,,1.3
"2025-12-02 23:18:03",1634,1382,83432,-38.235187,-72.649402,4,14.4,12.23,25.2,,1.3
"2025-12-02 23:18:05",1637,1385,83402,0,,4.25,346.9,12.21,25.2,,1.4
"2025-12-02 23:18:06",1639,1387,83388,-38.235083,-72.649392,4.4,16.8,12.2,25.15,,1.4
"2025-12-02 23:18:07",1640,1388,83373,0,,3.5,358.9,12.18,25.15,,1.4
"2025-12-02 23:18:08",1642,1390,83359,0,,4.4,356.5,12.17,25.1,,1.4
"2025-12-02 23:18:09",1643,1391,83346,-38.234978,-72.649372,4.4,26.1,12.17,25.1,,1.4
"2025-12-02 23:18:10",1644,1392,83335,0,,3.45,351.7,12.15,25.1,,1.4
"2025-12-02 23:18:11",1645,1393,83324,0,,4.3,358.4,12.13,25.1,,1.4
"2025-12-02 23:18:12",1646,1394,83314,-38.234877,-72.649367,4,19.7,12.12,25.05,,1.4
"2025-12-02 23:18:13",1647,1395,83301,0,,4.1,339.5,12.11,25.05,,1.4
"2025-12-02 23:18:14",1649,1397,83288,0,,3.9,12,12.11,25.05,,1.3
"2025-12-02 23:18:15",1650,1398,83276,-38.234778,-72.64936,3.45,9.2,12.1,25.05,,1.3
"2025-12-02 23:18:16",1652,1400,83258,0,,4.55,345.3,12.09,25.05,,1.3
"2025-12-02 23:18:17",1653,1401,83242,0,,3.1,19.3,12.08,25.05,,1.3
"2025-12-02 23:18:18",1655,1403,83226,-38.23468,-72.649358,3.6,359.3,12.08,25,,1.4
"2025-12-02 23:18:20",1658,1406,83198,0,,2.65,8.2,12.07,25,,1.4
"2025-12-02 23:18:21",1659,1407,83184,-38.234578,-72.649353,4.2,4.8,12.07,25,20.5,1.4
"2025-12-02 23:18:22",1661,1409,83169,0,,4.65,0.2,12.06,25,,1.4
"2025-12-02 23:18:23",1662,1410,83154,0,,4.65,0.2,12.06,25.05,,1.4
"2025-12-02 23:18:24",1664,1412,83140,-38.234478,-72.649345,4.6,7.5,12.05,25.05,,1.4
"2025-12-02 23:18:25",1665,1413,83128,0,,4.35,0.1,12.04,25.05,,1.5
"2025-12-02 23:18:26",1666,1414,83117,0,,2.3,1.6,12.05,25.05,,1.4
"2025-12-02 23:18:27",1667,1415,83106,-38.234378,-72.649335,5.05,8.6,12.04,25.05,,1.4
"2025-12-02 23:18:28",1669,1417,83092,0,,3.8,358.2,12.03,25.05,,1.4
"2025-12-02 23:18:29",1670,1418,83078,0,,2.8,0.6,12.02,25.05,,1.4
"2025-12-02 23:18:30",1671,1419,83064,-38.234275,-72.649327,5.45,8.6,12,25.05,,1.4
"2025-12-02 23:18:31",1673,1421,83050,0,,3.05,353.6,11.99,25.05,,1.4
"2025-12-02 23:18:32",1674,1422,83036,0,,3.55,5.3,11.98,25.05,,1.4
"2025-12-02 23:18:33",1676,1424,83022,-38.234172,-72.64932,5.3,5.6,11.96,25.05,,1.4
"2025-12-02 23:18:34",1677,1425,83009,0,,2.75,356.2,11.96,25.05,,1.3
"2025-12-02 23:18:35",1678,1426,82997,0,,4.2,7.1,11.95,25,,1.3
"2025-12-02 23:18:36",1679,1427,82986,-38.23407,-72.649315,4.75,0.3,11.93,25,,1.3
"2025-12-02 23:18:37",1680,1428,82975,0,,2.6,358.8,11.93,25,,1.3
"2025-12-02 23:18:38",1682,1430,82964,0,,5.15,0.5,11.93,24.95,,1.3
"2025-12-02 23:18:39",1683,1431,82954,-38.23396,-72.649313,4.3,1.3,11.92,24.9,,1.3
"2025-12-02 23:18:41",1685,1433,82926,0,,5.5,354.3,11.91,24.85,,1.3
"2025-12-02 23:18:42",1687,1435,82912,-38.233848,-72.649305,4,11.7,11.91,24.85,,1.3
"2025-12-02 23:18:43",1688,1436,82902,0,,3.9,3.6,11.91,24.8,,1.2
"2025-12-02 23:18:44",1689,1437,82893,0,,5.35,350.2,11.91,24.75,,1.2
"2025-12-02 23:18:45",1690,1438,82884,-38.233727,-72.649298,4.2,16.9,11.91,24.7,,1.2
"2025-12-02 23:18:46",1691,1439,82871,0,,4.6,0,11.9,24.75,,1.2
"2025-12-02 23:18:47",1692,1440,82859,0,,5.3,357.3,11.89,24.7,,1.2
"2025-12-02 23:18:48",1693,1441,82848,-38.233607,-72.649283,3.65,20.8,11.89,24.7,20,1.2
"2025-12-02 23:18:49",1695,1443,82835,0,,4.9,353.3,11.88,24.65,,1.2
"2025-12-02 23:18:50",1696,1444,82822,0,,4.6,2.7,11.86,24.65,,1.2
"2025-12-02 23:18:51",1697,1445,82810,-38.233485,-72.649275,3.95,15.8,11.86,24.6,,1.2
"2025-12-02 23:18:52",1699,1447,82796,0,,5.7,349.6,11.85,24.65,,1.2
"2025-12-02 23:18:53",1700,1448,82784,0,,4,10.9,11.85,24.55,,1.2
"2025-12-02 23:18:54",1701,1449,82772,-38.233365,-72.649268,4.55,11.3,11.85,24.55,,1.2
"2025-12-02 23:18:55",1703,1451,82756,0,,5.4,351.5,11.84,24.5,,1.2
"2025-12-02 23:18:56",1704,1452,82740,0,,3.55,17.3,11.84,24.5,,1.3
"2025-12-02 23:18:57",1706,1454,82724,-38.233243,-72.649258,5.25,3.4,11.83,24.5,,1.3
"2025-12-02 23:18:58",1707,1455,82711,0,,4.9,355.9,11.83,24.45,,1.3
"2025-12-02 23:18:59",1709,1457,82698,0,,3.45,13.7,11.83,24.45,,1.4
"2025-12-02 23:19:00",1710,1458,82686,-38.233123,-72.649253,5.75,356.6,11.83,24.45,,1.4
"2025-12-02 23:19:01",1711,1459,82672,0,,4.35,0.4,11.82,24.4,,1.4
"2025-12-02 23:19:02",1713,1461,82659,0,,4,16.7,11.82,24.4,,1.4
"2025-12-02 23:19:03",1714,1462,82646,-38.233005,-72.649248,5.35,351.4,11.81,24.4,,1.4
"2025-12-02 23:19:05",1716,1464,82623,0,,3.95,13.4,11.79,24.35,,1.4
"2025-12-02 23:19:06",1717,1465,82612,-38.232897,-72.649243,4.1,346.1,11.78,24.35,,1.4
"2025-12-02 23:19:07",1719,1467,82598,0,,4.15,346.1,11.77,24.4,,1.4
"2025-12-02 23:19:08",1720,1468,82585,0,,3.95,5,11.76,24.35,,1.3
"2025-12-02 23:19:09",1721,1469,82572,-38.232783,-72.64924,3.7,348.9,11.76,24.35,,1.3
"2025-12-02 23:19:10",1723,1471,82560,0,,5.6,3.5,11.75,24.35,,1.3
"2025-12-02 23:19:11",1724,1472,82548,0,,3.5,355.6,11.74,24.35,,1.3
"2025-12-02 23:19:12",1725,1473,82536,-38.232665,-72.649245,4.35,353.7,11.74,24.3,,1.3
"2025-12-02 23:19:16",1730,1478,82483,0,,5.25,3,11.7,24.25,,1.3
"2025-12-02 23:19:17",1732,1480,82470,0,,3.25,346.3,11.69,24.25,,1.3
"2025-12-02 23:19:18",1733,1481,82458,-38.232422,-72.649258,5.75,1.3,11.69,24.2,,1.3
"2025-12-02 23:19:22",1738,1486,82405,0,,3.9,1.7,11.65,24.15,,1.3
"2025-12-02 23:19:23",1739,1487,82392,0,,4.5,350.1,11.65,24.15,,1.3
"2025-12-02 23:19:24",1741,1489,82380,-38.232172,-72.649268,5.75,2.1,11.65,24.15,,1.3
"2025-12-02 23:19:28",1746,1494,82330,0,,2.5,356,11.64,24.05,,1.3
"2025-12-02 23:19:29",1747,1495,82318,0,,5.5,357.5,11.64,24.05,,1.3
"2025-12-02 23:19:30",1748,1496,82306,-38.231945,-72.64928,4.25,4.3,11.64,24,,1.3
"2025-12-02 23:19:32",1751,1499,82281,0,,5.15,4.7,11.64,24,,1.3
"2025-12-02 23:19:33",1752,1500,82270,-38.231838,-72.649283,3.65,356,11.63,24,,1.3
"2025-12-02 23:19:36",1756,1504,82234,-38.231728,-72.649282,3.7,345.9,11.62,24,,1.2
"2025-12-02 23:19:38",1759,1507,82204,0,,4.15,13.8,11.61,23.95,,1.3
"2025-12-02 23:19:39",1760,1508,82190,-38.231625,-72.649282,3.95,337.5,11.6,23.95,,1.3
"2025-12-02 23:19:41",1763,1511,82160,0,,3.9,5.8,11.59,23.95,,1.3
"2025-12-02 23:19:42",1765,1513,82146,-38.231522,-72.649278,3.9,341.9,11.56,24,19.75,1.4
"2025-12-02 23:19:44",1767,1515,82121,0,,3.95,1.3,11.54,24,,1.3
"2025-12-02 23:19:45",1768,1516,82110,-38.231412,-72.649268,4.3,343.6,11.53,24,,1.4
"2025-12-02 23:19:47",1771,1519,82084,0,,3.1,2.1,11.51,24,,1.4
"2025-12-02 23:19:48",1772,1520,82072,-38.23131,-72.64925,4,350.1,11.5,24,,1.4
"2025-12-02 23:19:50",1774,1522,82050,0,,4.05,344.5,11.47,24,,1.3
"2025-12-02 23:19:51",1775,1523,82040,-38.231208,-72.649243,4.1,2.4,11.46,24.05,,1.3
"2025-12-02 23:19:52",1777,1525,82025,0,,3.6,13.5,11.44,24,,1.3
"2025-12-02 23:19:53",1778,1526,82011,0,,2.8,332.5,11.43,24,,1.3
"2025-12-02 23:19:54",1780,1528,81998,-38.23113,-72.649233,3.55,20.2,11.41,24.05,,1.3
"2025-12-02 23:19:55",1781,1529,81985,0,,3.05,6.7,11.4,24.05,,1.3
"2025-12-02 23:19:56",1782,1530,81973,0,,4.95,353.2,11.39,24.05,,1.3
"2025-12-02 23:19:57",1783,1531,81962,-38.231027,-72.649217,3.7,29.2,11.38,24.05,,1.3
"2025-12-02 23:19:58",1785,1533,81949,0,,3.5,355.1,11.37,24.05,,1.3
"2025-12-02 23:19:59",1786,1534,81935,0,,4.6,4.4,11.37,24.05,,1.3
"2025-12-02 23:20:00",1788,1536,81922,-38.230927,-72.649198,3.2,29.2,11.36,24.05,,1.3
"2025-12-02 23:20:01",1789,1537,81911,0,,4.3,349.6,11.36,24.05,,1.3
"2025-12-02 23:20:02",1790,1538,81900,0,,4.3,11.9,11.35,24.05,,1.3
"2025-12-02 23:20:03",1791,1539,81890,-38.230835,-72.64918,2.45,29.8,11.35,24.05,,1.3
"2025-12-02 23:20:04",1792,1540,81879,0,,4.3,352.3,11.34,24.1,,1.2
"2025-12-02 23:20:05",1793,1541,81869,0,,3.35,18.1,11.34,24.1,,1.2
"2025-12-02 23:20:06",1794,1542,81860,-38.23074,-72.649167,3.05,11.5,11.35,24.05,,1.2
"2025-12-02 23:20:07",1796,1544,81843,0,,4.95,0.7,11.34,24.05,,1.2
"2025-12-02 23:20:08",1797,1545,81826,0,,2.75,13.2,11.34,24.05,,1.3
"2025-12-02 23:20:09",1799,1547,81810,-38.230642,-72.649152,3.6,3.3,11.33,24,19.75,1.3
"2025-12-02 23:20:10",1800,1548,81795,0,,4.6,10.7,11.32,24,,1.3
"2025-12-02 23:20:11",1802,1550,81780,0,,2.5,346.1,11.33,23.95,,1.3
"2025-12-02 23:20:12",1804,1552,81766,-38.230552,-72.64915,3.85,3.2,11.33,23.85,,1.3
"2025-12-02 23:20:13",1805,1553,81753,0,,3.1,3.2,11.34,23.7,,1.3
"2025-12-02 23:20:14",1806,1554,81740,0,,2.25,338.3,11.35,23.35,,1.4
"2025-12-02 23:20:15",1807,1555,81728,-38.230468,-72.649152,4.6,6,11.35,23.05,,1.4
"2025-12-02 23:20:16",1809,1557,81711,0,,2.2,9.9,11.36,22.8,,1.4
"2025-12-02 23:20:17",1811,1559,81694,0,,2.85,349.6,11.36,22.55,,1.5
"2025-12-02 23:20:18",1813,1561,81678,-38.230382,-72.64915,4.35,6,11.36,22.35,,1.5
"2025-12-02 23:20:20",1816,1564,81648,0,,3.85,346.7,11.37,21.95,,1.5
"2025-12-02 23:20:21",1817,1565,81634,-38.230298,-72.649162,4,6.1,11.37,21.8,,1.5
"2025-12-02 23:20:22",1818,1566,81620,0,,1.5,342.2,11.37,21.6,,1.5
"2025-12-02 23:20:23",1820,1568,81607,0,,4.45,357.1,11.36,21.45,,1.5
"2025-12-02 23:20:24",1821,1569,81594,-38.230217,-72.649172,3.35,1.3,11.36,21.35,,1.5
"2025-12-02 23:20:25",1822,1570,81584,0,,2.05,331.2,11.36,21.25,,1.4
"2025-12-02 23:20:26",1823,1571,81575,0,,4.55,3.1,11.35,21.2,,1.4
"2025-12-02 23:20:27",1824,1572,81566,-38.23013,-72.649185,3.1,348.3,11.35,21.1,,1.4
"2025-12-02 23:20:28",1826,1574,81551,0,,2.65,346.6,11.33,21.1,,1.4
"2025-12-02 23:20:29",1827,1575,81536,0,,4.35,13.4,11.32,21.05,,1.4
"2025-12-02 23:20:30",1829,1577,81522,-38.230048,-72.649188,2.5,339.9,11.31,21,,1.3
"2025-12-02 23:20:31",1830,1578,81507,0,,3.45,355.8,11.29,21,,1.3
"2025-12-02 23:20:32",1832,1580,81492,0,,3.65,12.2,11.29,20.95,,1.3
"2025-12-02 23:20:33",1833,1581,81478,-38.22997,-72.649195,2.7,331.9,11.28,20.9,,1.3
"2025-12-02 23:20:35",1836,1584,81447,0,,3,9.7,11.26,20.5,,1.4
"2025-12-02 23:20:36",1838,1586,81432,-38.22989,-72.649205,3.35,325.4,11.26,20.25,19.5,1.4
"2025-12-02 23:20:37",1839,1587,81418,0,,3.6,10.3,11.25,20,,1.4
"2025-12-02 23:20:38",1840,1588,81405,0,,2.25,357.3,11.25,19.75,,1.4
"2025-12-02 23:20:39",1842,1590,81392,-38.22982,-72.649218,2.8,323.3,11.24,19.6,,1.4
"2025-12-02 23:20:40",1843,1591,81379,0,,2.85,11.6,11.23,19.45,,1.5
"2025-12-02 23:20:41",1844,1592,81366,0,,2.05,345.9,11.23,19.45,,1.5
"2025-12-02 23:20:42",1846,1594,81354,-38.229748,-72.649235,3.1,329.2,11.22,19.35,,1.4
"2025-12-02 23:20:43",1847,1595,81343,0,,3.3,13.9,11.21,19.25,,1.4
"2025-12-02 23:20:44",1848,1596,81332,0,,3.35,324.4,11.2,19.15,,1.4
"2025-12-02 23:20:45",1849,1597,81322,-38.229675,-72.64926,2.6,344.2,11.18,19.1,,1.3
"2025-12-02 23:20:46",1851,1599,81306,0,,2.75,7.4,11.17,19.05,,1.4
"2025-12-02 23:20:47",1852,1600,81290,0,,4.05,325.6,11.16,19,,1.4
"2025-12-02 23:20:48",1854,1602,81274,-38.229597,-72.64928,2.65,10,11.14,18.95,,1.4
"2025-12-02 23:20:49",1856,1604,81257,0,,2.6,347.9,11.12,19,,1.4
"2025-12-02 23:20:50",1857,1605,81240,0,,3.45,333.9,11.1,18.95,,1.4
"2025-12-02 23:20:51",1859,1607,81224,-38.229522,-72.649295,2.95,18.4,11.09,18.95,,1.4
"2025-12-02 23:20:52",1861,1609,81209,0,,2.7,335,11.08,18.8,,1.5
"2025-12-02 23:20:53",1862,1610,81194,0,,2.6,340.8,11.08,18.7,,1.5
"2025-12-02 23:20:54",1864,1612,81180,-38.229455,-72.649317,2.7,18.3,11.08,18.55,,1.5
"2025-12-02 23:20:55",1865,1613,81166,0,,3.05,323.4,11.07,18.35,,1.5
"2025-12-02 23:20:56",1866,1614,81153,0,,3,355.2,11.06,18.2,,1.5
"2025-12-02 23:20:57",1868,1616,81140,-38.229385,-72.649338,3.2,8.5,11.06,18.05,,1.6
"2025-12-02 23:20:58",1869,1617,81124,0,,3.2,319.3,11.07,17.85,,1.6
"2025-12-02 23:20:59",1871,1619,81108,0,,2.2,7.6,11.07,17.7,,1.6
"2025-12-02 23:21:00",1873,1621,81092,-38.229317,-72.649362,3,349.8,11.07,17.6,,1.6
"2025-12-02 23:21:01",1875,1623,81074,0,,2.9,315.2,11.07,17.5,,1.6
"2025-12-02 23:21:02",1876,1624,81057,0,,2.8,5.8,11.07,17.4,,1.6
"2025-12-02 23:21:03",1878,1626,81040,-38.229248,-72.649387,2.75,340.2,11.05,17.2,19.25,1.6
"2025-12-02 23:21:04",1879,1627,81028,0,,2.75,319.9,11.04,17.05,,1.6
"2025-12-02 23:21:05",1881,1629,81016,0,,3.25,9.1,11.05,16.85,,1.5
"2025-12-02 23:21:06",1882,1630,81004,-38.229192,-72.649417,1.8,322.4,11.04,16.7,,1.5
"2025-12-02 23:21:07",1884,1632,80981,0,,2.5,332.4,11.04,16.5,,1.6
"2025-12-02 23:21:08",1886,1634,80960,0,,2.9,358,11.04,16.3,,1.7
"2025-12-02 23:21:09",1888,1636,80940,-38.229138,-72.649438,1.3,300.3,11.03,16.15,,1.7
"2025-12-02 23:21:10",1889,1637,80930,0,,2.9,348.5,11.04,15.95,,1.7
"2025-12-02 23:21:11",1890,1638,80921,0,,2.15,358.4,11.02,15.75,,1.6
"2025-12-02 23:21:12",1891,1639,80912,-38.229088,-72.649457,1.25,296.7,11.02,15.5,,1.6
"2025-12-02 23:21:13",1894,1642,80890,0,,2.95,356.5,11.02,15.25,,1.6
"2025-12-02 23:21:14",1896,1644,80869,0,,1.7,327.3,11.03,15,,1.6
"2025-12-02 23:21:15",1898,1646,80848,-38.22904,-72.649492,1.95,301.3,11.02,14.7,,1.7
"2025-12-02 23:21:16",1900,1648,80833,0,,3.05,1.2,11.03,14.4,,1.7
"2025-12-02 23:21:17",1901,1649,80818,0,,0.1,1.2,11.03,14.05,,1.7
"2025-12-02 23:21:18",1903,1651,80804,-38.228997,-72.649515,2.05,320.2,11.02,13.8,,1.7
"2025-12-02 23:21:20",1906,1654,80773,0,,0.1,358.1,11.01,13.35,,1.7
"2025-12-02 23:21:21",1907,1655,80758,-38.228957,-72.649535,2.45,339.3,11,13.05,,1.6
"2025-12-02 23:21:22",1909,1657,80740,0,,1.95,359,11,12.9,,1.6
"2025-12-02 23:21:23",1911,1659,80723,0,,1.35,265,11,12.7,,1.7
"2025-12-02 23:21:24",1913,1661,80706,-38.22892,-72.649553,2.4,2.8,11,12.55,,1.7
"2025-12-02 23:21:25",1914,1662,80691,0,,1.55,334.3,11,12.4,,1.7
"2025-12-02 23:21:26",1916,1664,80677,0,,1.55,302.1,10.99,12.25,,1.6
"2025-12-02 23:21:27",1917,1665,80664,-38.228882,-72.64957,2.3,21.2,10.99,12.1,,1.6
"2025-12-02 23:21:28",1919,1667,80645,0,,,,10.99,12,,1.6
"2025-12-02 23:21:29",1921,1669,80627,0,,,,10.99,11.85,,1.6
"2025-12-02 23:21:30",1923,1671,80610,0,,,,10.99,11.7,19.25,1.7
"2025-12-02 23:21:31",1924,1672,80593,0,,2.2,300.6,11,11.55,,1.7
"2025-12-02 23:21:32",1926,1674,80576,0,,1.45,350.5,11,11.45,,1.7
"2025-12-02 23:21:33",1928,1676,80560,-38.228808,-72.649603,1.45,25.3,10.99,11.3,,1.7
"2025-12-02 23:21:35",1931,1679,80526,0,,0.1,302.8,11,11.15,,1.7
"2025-12-02 23:21:36",1933,1681,80510,-38.228773,-72.649627,0.1,302.8,10.97,11.05,,1.7
"2025-12-02 23:21:37",1935,1683,80495,0,,2.9,312.2,10.97,10.95,,1.7
"2025-12-02 23:21:38",1936,1684,80480,0,,0.1,312.2,10.95,10.9,,1.7
"2025-12-02 23:21:39",1938,1686,80466,-38.228735,-72.649647,1.95,344,10.92,10.8,,1.7
"2025-12-02 23:21:40",1939,1687,80448,0,,2.05,329.9,10.91,10.75,,1.7
"2025-12-02 23:21:41",1941,1689,80431,0,,0.1,329.9,10.9,10.7,,1.7
"2025-12-02 23:21:42",1943,1691,80414,-38.228702,-72.649655,2.25,343.8,10.89,10.65,,1.7
"2025-12-02 23:21:43",1945,1693,80396,0,,1.15,337.2,10.87,10.65,,1.7
"2025-12-02 23:21:44",1947,1695,80379,0,,0.05,337.2,10.86,10.55,,1.7
"2025-12-02 23:21:45",1948,1696,80362,-38.228665,-72.649655,2.9,358.1,10.84,10.55,,1.7
"2025-12-02 23:21:46",1950,1698,80347,0,,0,358.1,10.82,10.45,,1.7
"2025-12-02 23:21:47",1951,1699,80333,0,,0.05,358.1,10.81,10.4,,1.7
"2025-12-02 23:21:48",1953,1701,80320,-38.228635,-72.64965,2.8,354.3,10.8,10.35,,1.6
"2025-12-02 23:21:50",1956,1704,80289,0,,0.15,354.3,10.78,10.3,,1.6
"2025-12-02 23:21:51",1958,1706,80274,-38.228598,-72.649648,2.45,350.4,10.77,10.25,,1.7
"2025-12-02 23:21:52",1959,1707,80259,0,,0.05,350.4,10.76,10.2,,1.6
"2025-12-02 23:21:53",1960,1708,80245,0,,0.15,350.4,10.75,10.2,,1.6
"2025-12-02 23:21:54",1962,1710,80232,-38.228568,-72.649642,0.15,350.4,10.74,10.15,,1.6
"2025-12-02 23:21:55",1964,1712,80212,0,,0.1,350.4,10.73,10.15,,1.6
"2025-12-02 23:21:56",1966,1714,80192,0,,2.25,346.8,10.72,10.1,,1.6
"2025-12-02 23:21:57",1968,1716,80172,-38.228537,-72.649632,1.3,32.3,10.71,10.05,19.25,1.6
"2025-12-02 23:21:58",1970,1718,80154,0,,1.05,59.8,10.7,10,,1.7
"2025-12-02 23:21:59",1972,1720,80136,0,,2.25,314.8,10.7,10,,1.7
"2025-12-02 23:22:00",1974,1722,80118,-38.228512,-72.649628,1.65,55.3,10.71,9.95,,1.7
"2025-12-02 23:22:02",1977,1725,80087,0,,0.05,55.3,10.69,9.9,,1.8
"2025-12-02 23:22:03",1979,1727,80072,-38.228498,-72.64962,0.1,55.3,10.67,9.85,,1.8
"2025-12-02 23:22:05",1982,1730,80037,0,,0.1,55.3,10.65,9.75,,1.8
"2025-12-02 23:22:06",1984,1732,80020,-38.228472,-72.649633,0.05,55.3,10.64,9.75,,1.8
"2025-12-02 23:22:08",1987,1735,79990,0,,0.05,328.5,10.64,9.65,,1.8
"2025-12-02 23:22:09",1989,1737,79976,-38.228445,-72.649642,0.05,328.5,10.63,9.6,,1.7
"2025-12-02 23:22:11",1992,1740,79943,0,,0,331.3,10.62,9.6,,1.7
"2025-12-02 23:22:12",1994,1742,79928,-38.228422,-72.64965,0.05,331.3,10.6,9.55,,1.7
"2025-12-02 23:22:14",1997,1745,79893,0,,0.1,338.1,10.56,9.5,,1.7
"2025-12-02 23:22:15",1999,1747,79876,-38.2284,-72.649663,1.85,321.4,10.56,9.5,,1.7
"2025-12-02 23:22:17",2003,1751,79841,0,,,,10.54,9.45,,1.7
"2025-12-02 23:22:18",2005,1753,79824,0,,,,10.52,9.45,,1.7
"2025-12-02 23:22:21",2010,1758,79776,-38.228375,-72.64968,0.1,341,10.47,9.45,,1.7
"2025-12-02 23:22:22",2011,1759,79761,0,,0.05,341,10.46,9.45,,1.7
"2025-12-02 23:22:23",2013,1761,79747,0,,0.05,341,10.45,9.45,,1.7
"2025-12-02 23:22:24",2014,1762,79734,-38.228353,-72.649682,1.95,6.4,10.45,9.45,19,1.7
"2025-12-02 23:22:25",2016,1764,79716,0,,1.3,249.2,10.46,9.5,,1.7
"2025-12-02 23:22:26",2018,1766,79699,0,,1.45,14.3,10.44,9.5,,1.7
"2025-12-02 23:22:27",2019,1767,79682,-38.228328,-72.649688,1.6,6.5,10.44,9.5,,1.7
"2025-12-02 23:22:28",2021,1769,79666,0,,1.3,274.5,10.43,9.5,,1.7
"2025-12-02 23:22:29",2023,1771,79651,0,,2,19.6,10.43,9.55,,1.7
"2025-12-02 23:22:30",2024,1772,79636,-38.228298,-72.649702,1.1,338.2,10.43,9.55,,1.7
"2025-12-02 23:22:31",2026,1774,79620,0,,1.5,294.4,10.43,9.55,,1.6
"2025-12-02 23:22:32",2027,1775,79605,0,,1.8,28.1,10.43,9.55,,1.6
"2025-12-02 23:22:33",2029,1777,79590,-38.228268,-72.649717,1.25,335.8,10.43,9.55,,1.6
"2025-12-02 23:22:34",2031,1779,79572,0,,1.75,289.6,10.43,9.55,,1.6
"2025-12-02 23:22:35",2033,1781,79554,0,,1.75,35,10.43,9.55,,1.7
"2025-12-02 23:22:36",2035,1783,79536,-38.22824,-72.649735,1.55,301,10.42,9.55,,1.7
"2025-12-02 23:22:37",2036,1784,79526,0,,1.35,323.5,10.42,9.55,,1.7
"2025-12-02 23:22:38",2037,1785,79517,0,,1.85,34.6,10.41,9.55,,1.6
"2025-12-02 23:22:39",2038,1786,79508,-38.228207,-72.649747,1.8,299.3,10.42,9.6,,1.5
"2025-12-02 23:22:40",2039,1787,79491,0,,1.55,345.8,10.41,9.6,,1.5
"2025-12-02 23:22:41",2041,1789,79474,0,,2.3,31.4,10.41,9.65,,1.5
"2025-12-02 23:22:42",2043,1791,79458,-38.228163,-72.64975,2.1,307.6,10.41,9.65,,1.6
"2025-12-02 23:22:43",2044,1792,79443,0,,1.35,31.6,10.38,9.65,,1.6
"2025-12-02 23:22:44",2046,1794,79428,0,,1.6,351.7,10.37,9.65,,1.5
"2025-12-02 23:22:45",2047,1795,79414,-38.228125,-72.649765,2.45,310.2,10.37,9.7,,1.5
"2025-12-02 23:22:46",2050,1798,79394,0,,1.35,47.3,10.37,9.7,,1.6
"2025-12-02 23:22:47",2052,1800,79375,0,,1.85,327.8,10.37,9.7,,1.6
"2025-12-02 23:22:48",2054,1802,79356,-38.228087,-72.649777,2,325.7,10.37,9.7,,1.6
"2025-12-02 23:22:50",2057,1805,79322,0,,2.25,315.3,10.36,9.7,,1.6
"2025-12-02 23:22:51",2059,1807,79306,-38.228045,-72.64979,1.65,351.3,10.36,9.7,19,1.7
"2025-12-02 23:22:52",2061,1809,79289,0,,1.55,17.2,10.35,9.7,,1.8
"2025-12-02 23:22:53",2062,1810,79273,0,,2.45,303.1,10.36,9.7,,1.8
"2025-12-02 23:22:54",2064,1812,79258,-38.228007,-72.649803,1.55,13.3,10.36,9.65,,1.7
"2025-12-02 23:22:55",2066,1814,79242,0,,1.6,17,10.36,9.65,,1.8
"2025-12-02 23:22:56",2067,1815,79226,0,,2.8,305.4,10.36,9.65,,1.8
"2025-12-02 23:22:57",2069,1817,79210,-38.227968,-72.649817,1.45,43.7,10.34,9.65,,1.8
"2025-12-02 23:22:58",2071,1819,79193,0,,2.05,358.8,10.33,9.65,,1.8
"2025-12-02 23:22:59",2072,1820,79177,0,,2.05,328.2,10.32,9.65,,1.7
"2025-12-02 23:23:00",2074,1822,79162,-38.227925,-72.64982,1.3,59.2,10.31,9.65,,1.7
"2025-12-02 23:23:01",2076,1824,79145,0,,2.4,342.4,10.31,9.65,,1.7
"2025-12-02 23:23:02",2077,1825,79128,0,,1.65,349.8,10.3,9.6,,1.7
"2025-12-02 23:23:03",2079,1827,79112,-38.227885,-72.64982,1.45,63,10.29,9.6,,1.7
"2025-12-02 23:23:05",2083,1831,79080,0,,1.1,2.1,10.28,9.6,,1.7
"2025-12-02 23:23:06",2084,1832,79064,-38.227845,-72.649825,1.45,42.5,10.26,9.6,,1.7
"2025-12-02 23:23:07",2086,1834,79050,0,,2.5,329.9,10.25,9.55,,1.7
"2025-12-02 23:23:08",2087,1835,79036,0,,0.1,329.9,10.23,9.55,,1.7
"2025-12-02 23:23:09",2089,1837,79022,-38.227803,-72.64983,1.95,16.8,10.21,9.55,,1.7
"2025-12-02 23:23:10",2090,1838,79005,0,,2.75,333,10.21,9.55,,1.7
"2025-12-02 23:23:11",2092,1840,78989,0,,0.1,333,10.2,9.5,,1.7
"2025-12-02 23:23:12",2094,1842,78974,-38.227767,-72.649835,2.25,2.3,10.19,9.5,,1.7
"2025-12-02 23:23:13",2096,1844,78957,0,,2.05,342.8,10.17,9.5,,1.6
"2025-12-02 23:23:14",2097,1845,78941,0,,1.25,78.3,10.17,9.5,,1.6
"2025-12-02 23:23:15",2099,1847,78926,-38.22773,-72.649827,2.35,351.7,10.16,9.5,,1.6
"2025-12-02 23:23:16",2100,1848,78911,0,,1.3,5.6,10.15,9.45,,1.6
"2025-12-02 23:23:17",2102,1850,78896,0,,1.05,70.1,10.15,9.45,,1.6
"2025-12-02 23:23:18",2104,1852,78882,-38.227693,-72.649817,2.65,348.6,10.13,9.4,18.75,1.6
"2025-12-02 23:23:20",2106,1854,78854,0,,1,52.3,10.08,9.35,,1.6
"2025-12-02 23:23:21",2108,1856,78840,-38.227658,-72.649805,2.65,346.5,10.07,9.35,,1.6
"2025-12-02 23:23:22",2109,1857,78825,0,,0.05,346.5,10.06,9.4,,1.6
"2025-12-02 23:23:23",2111,1859,78810,0,,1.95,19.6,10.06,9.35,,1.6
"2025-12-02 23:23:24",2113,1861,78796,-38.227627,-72.649788,1.9,0.6,10.05,9.35,,1.6
"2025-12-02 23:23:25",2114,1862,78781,0,,0.05,0.6,10.05,9.35,,1.6
"2025-12-02 23:23:26",2116,1864,78766,0,,2.4,3.3,10.02,9.35,,1.6
"2025-12-02 23:23:27",2117,1865,78752,-38.227597,-72.649778,1.15,4.8,10.01,9.35,,1.6
"2025-12-02 23:23:28",2119,1867,78737,0,,0.8,4.8,10,9.35,,1.5
"2025-12-02 23:23:29",2120,1868,78722,0,,2.55,2.9,9.99,9.35,,1.5
"2025-12-02 23:23:30",2122,1870,78708,-38.227567,-72.649758,1.15,78.3,9.97,9.35,,1.5
"2025-12-02 23:23:31",2124,1872,78689,0,,0.95,78.3,9.96,9.35,,1.6
"2025-12-02 23:23:32",2126,1874,78670,0,,2.45,1.2,9.96,9.35,,1.6
"2025-12-02 23:23:33",2128,1876,78652,-38.227535,-72.649743,1.15,93.2,9.95,9.35,,1.6
"2025-12-02 23:23:34",2130,1878,78635,0,,1.8,4.3,9.92,9.35,,1.7
"2025-12-02 23:23:35",2131,1879,78618,0,,1.8,8.7,9.92,9.35,,1.7
"2025-12-02 23:23:36",2133,1881,78602,-38.227503,-72.649735,0.05,8.7,9.91,9.35,,1.7
"2025-12-02 23:23:37",2134,1882,78591,0,,2.5,16.6,9.91,9.35,,1.7
"2025-12-02 23:23:38",2135,1883,78579,0,,1.4,19.4,9.9,9.35,,1.6
"2025-12-02 23:23:39",2137,1885,78568,-38.22747,-72.649718,0.05,19.4,9.91,9.3,,1.6
"2025-12-02 23:23:40",2138,1886,78554,0,,2.6,42.3,9.91,9.3,,1.6
"2025-12-02 23:23:41",2140,1888,78541,0,,1.45,355.2,9.9,9.25,,1.6
"2025-12-02 23:23:42",2141,1889,78528,-38.227438,-72.649703,0.85,355.2,9.91,9.25,,1.6
"2025-12-02 23:23:43",2143,1891,78511,0,,2.1,59.6,9.91,9.25,,1.6
"2025-12-02 23:23:44",2144,1892,78495,0,,1.85,344.4,9.91,9.2,,1.5
"2025-12-02 23:23:45",2146,1894,78480,-38.227408,-72.649687,0.05,344.4,9.91,9.15,18.5,1.5
"2025-12-02 23:23:46",2148,1896,78462,0,,0.1,344.4,9.91,9.1,,1.5
"2025-12-02 23:23:47",2150,1898,78444,0,,2.6,338.5,9.91,9.05,,1.5
"2025-12-02 23:23:48",2152,1900,78426,-38.227372,-72.649673,0.05,338.5,9.91,9,,1.6
"2025-12-02 23:23:50",2155,1903,78392,0,,2.3,335,9.92,8.9,,1.6
"2025-12-02 23:23:51",2157,1905,78376,-38.227342,-72.649675,0.05,335,9.92,8.85,,1.7
"2025-12-02 23:23:52",2159,1907,78359,0,,2.1,9.3,9.92,8.75,,1.7
"2025-12-02 23:23:53",2160,1908,78343,0,,1.8,331.3,9.92,8.7,,1.7
"2025-12-02 23:23:54",2162,1910,78328,-38.22731,-72.649682,0.05,331.3,9.93,8.65,,1.8
"2025-12-02 23:23:55",2164,1912,78313,0,,2.5,351,9.92,8.6,,1.8
"2025-12-02 23:23:56",2165,1913,78298,0,,0.1,351,9.92,8.55,,1.7
"2025-12-02 23:23:57",2167,1915,78284,-38.22728,-72.649695,0.05,351,9.92,8.5,,1.7
"2025-12-02 23:23:58",2169,1917,78267,0,,1.8,334.1,9.91,8.45,,1.7
"2025-12-02 23:23:59",2170,1918,78252,0,,0,334.1,9.91,8.45,,1.7
"2025-12-02 23:24:00",2172,1920,78238,-38.227258,-72.649697,0.05,334.1,9.91,8.4,,1.7
"2025-12-02 23:24:01",2173,1921,78223,0,,2.05,336.5,9.9,8.35,,1.7
"2025-12-02 23:24:02",2175,1923,78208,0,,0.1,336.5,9.89,8.35,,1.6
"2025-12-02 23:24:03",2176,1924,78194,-38.227238,-72.649702,0.15,336.5,9.88,8.3,,1.6
"2025-12-02 23:24:05",2180,1928,78159,0,,0.05,336.5,9.86,8.2,,1.6
"2025-12-02 23:24:06",2182,1930,78142,-38.227215,-72.649708,2.25,357.5,9.86,8.15,,1.6
"2025-12-02 23:24:07",2184,1932,78127,0,,1.15,315.4,9.85,8.15,,1.6
"2025-12-02 23:24:08",2185,1933,78112,0,,0,315.4,9.84,8.1,,1.6
"2025-12-02 23:24:09",2187,1935,78098,-38.227193,-72.649715,2.3,353.4,9.82,8.05,,1.6
"2025-12-02 23:24:11",2190,1938,78067,0,,0.05,353.4,9.81,8.05,,1.6
"2025-12-02 23:24:12",2192,1940,78052,-38.227175,-72.64971,2,356.4,9.79,8,18.25,1.7
"2025-12-02 23:24:13",2193,1941,78039,0,,0.05,356.4,9.79,8,,1.6
"2025-12-02 23:24:14",2194,1942,78026,0,,0.05,356.4,9.78,7.95,,1.6
"2025-12-02 23:24:15",2196,1944,78014,-38.22716,-72.649707,0.15,356.4,9.77,7.9,,1.6
"2025-12-02 23:24:16",2197,1945,78002,0,,0.15,356.4,9.77,7.85,,1.6
"2025-12-02 23:24:17",2198,1946,77990,0,,0.15,356.4,9.75,7.85,,1.5
"2025-12-02 23:24:18",2199,1947,77978,-38.227148,-72.649712,0.1,356.4,9.73,7.8,,1.5
"2025-12-02 23:24:20",2203,1951,77947,0,,1.85,319.4,9.72,7.75,,1.5
"2025-12-02 23:24:21",2204,1952,77932,-38.227137,-72.649715,0.05,319.4,9.71,7.75,,1.5
"2025-12-02 23:24:22",2206,1954,77914,0,,0.1,319.4,9.71,7.75,,1.5
"2025-12-02 23:24:23",2208,1956,77897,0,,2.3,324,9.7,7.7,,1.5
"2025-12-02 23:24:24",2210,1958,77880,-38.227125,-72.649718,0.1,324,9.68,7.7,,1.5
"2025-12-02 23:24:25",2212,1960,77863,0,,0.05,324,9.67,7.75,,1.6
"2025-12-02 23:24:26",2213,1961,77846,0,,0.1,324,9.66,7.75,,1.6
"2025-12-02 23:24:27",2215,1963,77830,-38.227122,-72.649727,0.15,324,9.62,7.7,,1.6
"2025-12-02 23:24:28",2217,1965,77811,0,,0.05,324,9.61,7.7,,1.7
"2025-12-02 23:24:29",2219,1967,77794,0,,0.1,324,9.6,7.7,,1.7
"2025-12-02 23:24:30",2221,1969,77778,-38.227112,-72.64973,0.1,324,9.59,7.7,,1.7
"2025-12-02 23:24:33",2226,1974,77730,-38.227113,-72.649733,0.15,324,9.54,7.65,,1.8
"2025-12-02 23:24:35",2230,1978,77696,0,,0.05,324,9.51,7.65,,1.8
"2025-12-02 23:24:36",2231,1979,77680,-38.227112,-72.649733,0.05,324,9.49,7.65,,1.8
"2025-12-02 23:24:38",2235,1983,77648,0,,0.1,324,9.48,7.6,,1.8
"2025-12-02 23:24:39",2236,1984,77634,-38.227112,-72.64973,0,324,9.47,7.6,18,1.7
"2025-12-02 23:24:41",2240,1988,77603,0,,2,236.4,9.46,7.6,,1.7
"2025-12-02 23:24:42",2241,1989,77588,-38.227117,-72.649735,0.05,236.4,9.45,7.6,,1.7
"2025-12-02 23:24:44",2244,1992,77557,0,,1.85,228.8,9.42,7.6,,1.7
"2025-12-02 23:24:45",2246,1994,77542,-38.22712,-72.649735,1.15,47.3,9.41,7.55,,1.7
"2025-12-02 23:24:47",2250,1998,77507,0,,0.05,47.3,9.39,7.55,,1.7
"2025-12-02 23:24:48",2252,2000,77490,-38.22712,-72.649712,0.15,47.3,9.39,7.55,,1.7
"2025-12-02 23:24:50",2255,2003,77454,0,,0.1,47.3,9.37,7.55,,1.7
"2025-12-02 23:24:51",2257,2005,77436,-38.227137,-72.649713,0.1,47.3,9.37,7.5,,1.8
"2025-12-02 23:24:52",2259,2007,77419,0,,0.15,47.3,9.36,7.45,,1.8
"2025-12-02 23:24:53",2261,2009,77402,0,,0.1,47.3,9.36,7.4,,1.8
"2025-12-02 23:24:54",2263,2011,77386,-38.227158,-72.649712,0.1,47.3,9.33,7.4,,1.8
"2025-12-02 23:24:55",2264,2012,77370,0,,1.95,225.7,9.33,7.4,,1.8
"2025-12-02 23:24:56",2266,2014,77354,0,,1.2,101.7,9.3,7.4,,1.8
"2025-12-02 23:24:57",2268,2016,77338,-38.227183,-72.649713,0.75,101.7,9.29,7.35,,1.8
"2025-12-02 23:24:58",2270,2018,77322,0,,1.75,215.3,9.28,7.35,,1.8
"2025-12-02 23:24:59",2271,2019,77308,0,,1.35,101.2,9.25,7.35,,1.8
"2025-12-02 23:25:00",2273,2021,77294,-38.227202,-72.649708,0.05,101.2,9.24,7.3,,1.8
"2025-12-02 23:25:01",2274,2022,77278,0,,0.15,101.2,9.21,7.3,,1.8
"2025-12-02 23:25:02",2276,2024,77261,0,,1.9,97.6,9.18,7.3,,1.8
"2025-12-02 23:25:03",2278,2026,77244,-38.227228,-72.649703,1.85,220,9.18,7.25,,1.7
"2025-12-02 23:25:04",2280,2028,77228,0,,0.05,220,9.19,7.25,,1.7
"2025-12-02 23:25:05",2281,2029,77214,0,,0.05,220,9.19,7.25,,1.7
"2025-12-02 23:25:06",2283,2031,77200,-38.227257,-72.649703,2,206.2,9.16,7.25,17.5,1.7
"2025-12-02 23:25:07",2285,2033,77183,0,,0.1,206.2,9.16,7.25,,1.7
"2025-12-02 23:25:08",2286,2034,77166,0,,0.1,206.2,9.14,7.25,,1.7
"2025-12-02 23:25:09",2288,2036,77150,-38.227285,-72.649698,2.45,210.1,9.14,7.25,,1.7
"2025-12-02 23:25:10",2290,2038,77136,0,,0.1,210.1,9.12,7.2,,1.7
"2025-12-02 23:25:11",2291,2039,77123,0,,0.15,210.1,9.11,7.2,,1.7
"2025-12-02 23:25:12",2292,2040,77110,-38.227328,-72.64969,2.15,207.2,9.11,7.15,,1.7
"2025-12-02 23:25:13",2294,2042,77091,0,,1.85,126.8,9.1,7.1,,1.7
"2025-12-02 23:25:14",2296,2044,77073,0,,0.1,126.8,9.1,7.1,,1.7
"2025-12-02 23:25:15",2298,2046,77056,-38.227363,-72.649688,0.15,126.8,9.1,7.05,,1.7
"2025-12-02 23:25:16",2300,2048,77037,0,,1.9,145.8,9.09,7,,1.7
"2025-12-02 23:25:17",2302,2050,77019,0,,1.45,253.7,9.09,6.95,,1.7
"2025-12-02 23:25:18",2304,2052,77002,-38.227393,-72.649698,1.45,192.8,9.08,6.95,,1.8
"2025-12-02 23:25:20",2307,2055,76978,0,,1.6,253.7,9.07,6.9,,1.7
"2025-12-02 23:25:21",2308,2056,76966,-38.227418,-72.649702,1.3,154.9,9.07,6.9,,1.7
"2025-12-02 23:25:22",2310,2058,76945,0,,0.1,154.9,9.05,6.85,,1.7
"2025-12-02 23:25:23",2312,2060,76925,0,,2,236.1,9.05,6.85,,1.8
"2025-12-02 23:25:24",2315,2063,76906,-38.227448,-72.649718,1.85,180.4,9.04,6.85,,1.8
"2025-12-02 23:25:25",2316,2064,76894,0,,1.1,213.8,9.04,6.85,,1.8
"2025-12-02 23:25:26",2317,2065,76882,0,,1.8,222.7,9.03,6.85,,1.7
"2025-12-02 23:25:27",2318,2066,76870,-38.227482,-72.649733,0.6,102.1,9.04,6.8,,1.7
"2025-12-02 23:25:28",2320,2068,76851,0,,1.85,184.7,9.04,6.8,,1.7
"2025-12-02 23:25:29",2322,2070,76833,0,,1.85,184.7,9.02,6.8,,1.7
"2025-12-02 23:25:30",2324,2072,76816,-38.227513,-72.64975,0.6,267.4,9.02,6.75,,1.7
"2025-12-02 23:25:31",2326,2074,76800,0,,2.4,180,9.01,6.75,,1.7
"2025-12-02 23:25:32",2328,2076,76785,0,,1.55,200,9,6.75,,1.7
"2025-12-02 23:25:33",2329,2077,76770,-38.227548,-72.64976,1,264.4,9,6.7,17.25,1.8
"2025-12-02 23:25:35",2333,2081,76736,0,,1.6,214.2,8.99,6.65,,1.7
"2025-12-02 23:25:36",2335,2083,76720,-38.227587,-72.649767,0.8,239.8,8.98,6.65,,1.7
"2025-12-02 23:25:37",2336,2084,76705,0,,2.8,160.7,8.97,6.6,,1.7
"2025-12-02 23:25:38",2338,2086,76691,0,,0.85,230.2,8.97,6.6,,1.7
"2025-12-02 23:25:39",2339,2087,76678,-38.227627,-72.649767,1.05,185.5,8.96,6.55,,1.7
"2025-12-02 23:25:40",2341,2089,76664,0,,2.4,164.9,8.96,6.55,,1.7
"2025-12-02 23:25:41",2342,2090,76650,0,,1.1,247.7,8.95,6.55,,1.7
"2025-12-02 23:25:42",2344,2092,76636,-38.227658,-72.649763,1.45,150.7,8.96,6.55,,1.6
"2025-12-02 23:25:43",2345,2093,76621,0,,1.8,184.2,8.95,6.5,,1.6
"2025-12-02 23:25:44",2347,2095,76607,0,,0.75,297.5,8.96,6.5,,1.6
"2025-12-02 23:25:45",2348,2096,76594,-38.22768,-72.649757,2.1,153.1,8.97,6.55,,1.6
"2025-12-02 23:25:46",2350,2098,76579,0,,0.55,173.3,8.97,6.6,,1.6
"2025-12-02 23:25:47",2352,2100,76563,0,,0.15,173.3,8.97,6.6,,1.6
"2025-12-02 23:25:48",2353,2101,76548,-38.227702,-72.64975,2.45,157.1,8.98,6.65,,1.5
"2025-12-02 23:25:49",2355,2103,76529,0,,0.65,216.2,8.99,6.7,,1.6
"2025-12-02 23:25:50",2357,2105,76511,0,,0.5,207.4,8.99,6.75,,1.6
"2025-12-02 23:25:51",2359,2107,76494,-38.227725,-72.649757,2.2,169.7,8.99,6.8,,1.7
"2025-12-02 23:25:52",2361,2109,76475,0,,0.7,315.4,8.99,6.8,,1.7
"2025-12-02 23:25:53",2363,2111,76456,0,,1.15,159.5,8.98,6.8,,1.7
"2025-12-02 23:25:54",2365,2113,76438,-38.227745,-72.649763,1.85,188.7,8.98,6.85,,1.8
"2025-12-02 23:25:55",2367,2115,76423,0,,0.9,306,8.98,6.85,,1.8
"2025-12-02 23:25:56",2368,2116,76409,0,,1.6,185.2,8.97,6.9,,1.8
"2025-12-02 23:25:57",2370,2118,76396,-38.227758,-72.649765,0.9,185.5,8.97,6.95,,1.8
"2025-12-02 23:25:59",2373,2121,76369,0,,2,185.9,8.95,7.05,,1.8
"2025-12-02 23:26:00",2374,2122,76356,-38.22777,-72.649765,0.4,242,8.94,7.1,16.75,1.7
"2025-12-02 23:26:01",2376,2124,76340,0,,0.4,18.6,8.93,7.15,,1.7
"2025-12-02 23:26:02",2377,2125,76325,0,,2.05,194.3,8.92,7.15,,1.7
"2025-12-02 23:26:03",2379,2127,76310,-38.227782,-72.649775,0.7,319.1,8.9,7.2,,1.7
"2025-12-02 23:26:04",2381,2129,76295,0,,0.2,319.1,8.89,7.25,,1.7
"2025-12-02 23:26:05",2382,2130,76279,0,,0.7,183.3,8.88,7.25,,1.6
"2025-12-02 23:26:06",2384,2132,76264,-38.227783,-72.649782,1.35,342.1,8.87,7.3,,1.6
"2025-12-02 23:26:07",2386,2134,76249,0,,1,188.2,8.87,7.35,,1.6
"2025-12-02 23:26:08",2387,2135,76235,0,,0.7,211.7,8.86,7.35,,1.6
"2025-12-02 23:26:09",2389,2137,76222,-38.227787,-72.64979,1.3,5.6,8.85,7.4,,1.6
"2025-12-02 23:26:10",2390,2138,76208,0,,1.75,213.9,8.83,7.4,,1.6
"2025-12-02 23:26:11",2391,2139,76195,0,,0.1,213.9,8.82,7.4,,1.6
"2025-12-02 23:26:12",2393,2141,76182,-38.227793,-72.649797,0.5,342.6,8.81,7.45,,1.6
"2025-12-02 23:26:13",2395,2143,76166,0,,0.35,195.8,8.8,7.5,,1.6
"2025-12-02 23:26:14",2396,2144,76152,0,,0.3,74.1,8.79,7.5,,1.6
"2025-12-02 23:26:15",2398,2146,76138,-38.227798,-72.649788,0.15,74.1,8.77,7.55,,1.6
"2025-12-02 23:26:16",2400,2148,76119,0,,0.65,148.1,8.75,7.55,,1.6
"2025-12-02 23:26:17",2402,2150,76101,0,,1.15,358.4,8.75,7.55,,1.6
"2025-12-02 23:26:18",2404,2152,76084,-38.227795,-72.649798,0.75,274.1,8.74,7.6,,1.6
"2025-12-02 23:26:21",2407,2155,76052,-38.227795,-72.649813,0.85,229,8.71,7.65,,1.5
"2025-12-02 23:26:22",2409,2157,76037,0,,0.45,202.6,8.7,7.65,,1.6
"2025-12-02 23:26:23",2410,2158,76022,0,,1.7,350.9,8.69,7.7,,1.6
"2025-12-02 23:26:24",2412,2160,76008,-38.227792,-72.649822,1.25,206.6,8.68,7.7,,1.6
"2025-12-02 23:26:25",2414,2162,75990,0,,0.5,45.8,8.66,7.7,,1.6
"2025-12-02 23:26:26",2416,2164,75971,0,,1.15,335.2,8.65,7.7,,1.6
"2025-12-02 23:26:27",2418,2166,75952,-38.22779,-72.64983,1.5,209,8.64,7.75,16.5,1.7
"2025-12-02 23:26:28",2420,2168,75934,0,,1.1,21.5,8.63,7.85,,1.7
"2025-12-02 23:26:29",2422,2170,75917,0,,0.85,308.9,8.62,7.85,,1.7
"2025-12-02 23:26:30",2424,2172,75900,-38.227782,-72.649845,1.25,231,8.6,7.9,,1.7
"2025-12-02 23:26:31",2425,2173,75885,0,,1.45,2.6,8.58,7.95,,1.7
"2025-12-02 23:26:32",2427,2175,75870,0,,0.5,274.9,8.56,8,,1.7
"2025-12-02 23:26:33",2429,2177,75856,-38.227773,-72.649853,0.7,230.9,8.54,8,,1.7
"2025-12-02 23:26:35",2432,2180,75823,0,,0.95,211.1,8.49,8.05,,1.8
"2025-12-02 23:26:36",2434,2182,75808,-38.227768,-72.64985,0,211.1,8.48,8.1,,1.8
"2025-12-02 23:26:37",2435,2183,75793,0,,0.95,37.3,8.45,8.1,,1.8
"2025-12-02 23:26:38",2437,2185,75778,0,,1.2,208.2,8.44,8.1,,1.8
"2025-12-02 23:26:39",2439,2187,75764,-38.227762,-72.649848,0.95,34.3,8.43,8.15,,1.7
"2025-12-02 23:26:40",2440,2188,75748,0,,1.3,11.5,8.41,8.15,,1.7
"2025-12-02 23:26:41",2442,2190,75733,0,,0.85,243.2,8.41,8.25,,1.7
"2025-12-02 23:26:42",2444,2192,75718,-38.227742,-72.649845,1.7,31.4,8.39,8.35,,1.7
"2025-12-02 23:26:43",2445,2193,75702,0,,0.5,3.3,8.39,8.45,,1.7
"2025-12-02 23:26:44",2447,2195,75688,0,,0.4,291.9,8.37,8.55,,1.6
"2025-12-02 23:26:45",2448,2196,75674,-38.227718,-72.649842,2.25,14.4,8.36,8.75,,1.6
"2025-12-02 23:26:46",2450,2198,75659,0,,0.1,14.4,8.35,8.9,,1.6
"2025-12-02 23:26:47",2452,2200,75643,0,,0.25,14.4,8.34,9.05,,1.6
"2025-12-02 23:26:48",2453,2201,75628,-38.227707,-72.649842,0.75,352.6,8.33,9.2,,1.6
"2025-12-02 23:26:49",2455,2203,75613,0,,0.3,221.2,8.31,9.35,,1.6
"2025-12-02 23:26:50",2457,2205,75598,0,,0.45,13.5,8.3,9.5,,1.6
"2025-12-02 23:26:51",2458,2206,75584,-38.227692,-72.649835,1.65,27.8,8.28,9.65,,1.6
"2025-12-02 23:26:52",2460,2208,75570,0,,1.1,211.3,8.28,9.7,,1.6
"2025-12-02 23:26:53",2461,2209,75558,0,,1.4,23.2,8.25,9.8,,1.6
"2025-12-02 23:26:54",2462,2210,75546,-38.227678,-72.649817,1.4,44.7,8.23,9.95,16.25,1.6
"2025-12-02 23:26:55",2464,2212,75531,0,,0.65,171.4,8.23,10.05,,1.6
"2025-12-02 23:26:56",2466,2214,75516,0,,2.05,19.7,8.23,10.2,,1.6
"2025-12-02 23:26:57",2467,2215,75502,-38.22766,-72.649795,0.95,68.7,8.23,10.35,,1.6
"2025-12-02 23:26:58",2469,2217,75489,0,,0.2,68.7,8.23,10.45,,1.6
"2025-12-02 23:26:59",2470,2218,75476,0,,1,352.4,8.23,10.6,,1.5
"2025-12-02 23:27:00",2471,2219,75464,-38.227645,-72.649782,0.8,78.3,8.23,10.65,,1.5
"2025-12-02 23:27:02",2475,2223,75430,0,,0.6,352.6,8.22,10.8,,1.5
"2025-12-02 23:27:03",2477,2225,75414,-38.227632,-72.649768,0.5,87.3,8.19,10.85,,1.6
"2025-12-02 23:27:05",2480,2228,75383,0,,2.25,21.5,8.14,10.95,,1.6
"2025-12-02 23:27:06",2482,2230,75368,-38.227608,-72.649742,0.9,136.9,8.12,11,,1.6
"2025-12-02 23:27:08",2485,2233,75341,0,,1.45,38.1,8.08,11.1,,1.6
"2025-12-02 23:27:09",2486,2234,75328,-38.227585,-72.649718,0.5,144.7,8.07,11.15,,1.6
"2025-12-02 23:27:11",2490,2238,75296,0,,0.95,66,8.04,11.2,,1.7
"2025-12-02 23:27:12",2492,2240,75280,-38.227562,-72.6497,0.45,127,8.03,11.2,,1.7
"2025-12-02 23:27:14",2495,2243,75249,0,,1.05,109.6,7.99,11.3,,1.7
"2025-12-02 23:27:15",2497,2245,75234,-38.227535,-72.649677,1.05,41.1,7.97,11.35,,1.6
"2025-12-02 23:27:17",2500,2248,75200,0,,1.3,120.4,7.95,11.4,,1.7
"2025-12-02 23:27:18",2502,2250,75184,-38.227512,-72.64965,1.45,30.3,7.93,11.4,,1.7
"2025-12-02 23:27:21",2507,2255,75138,-38.227495,-72.649637,1.55,355.3,7.88,11.45,16,1.7
"2025-12-02 23:27:23",2511,2259,75107,0,,1.2,125.3,7.85,11.45,,1.7
"2025-12-02 23:27:24",2512,2260,75092,-38.227475,-72.649617,2.3,13.3,7.84,11.5,,1.7
"2025-12-02 23:27:25",2514,2262,75076,0,,0.15,13.3,7.84,11.5,,1.7
"2025-12-02 23:27:26",2516,2264,75061,0,,0.75,88.5,7.84,11.5,,1.7
"2025-12-02 23:27:27",2517,2265,75046,-38.227452,-72.649605,2.45,0.8,7.83,11.55,,1.7
"2025-12-02 23:27:28",2519,2267,75032,0,,0.15,0.8,7.82,11.55,,1.7
"2025-12-02 23:27:29",2520,2268,75018,0,,0.8,50.7,7.81,11.55,,1.7
"2025-12-02 23:27:30",2522,2270,75004,-38.227427,-72.649585,2.45,11.3,7.79,11.55,,1.7
"2025-12-02 23:27:31",2523,2271,74990,0,,0.95,144.7,7.77,11.55,,1.6
"2025-12-02 23:27:32",2525,2273,74977,0,,1.4,27.6,7.75,11.55,,1.6
"2025-12-02 23:27:33",2526,2274,74964,-38.227407,-72.64956,1.75,22.4,7.73,11.6,,1.6
"2025-12-02 23:27:34",2528,2276,74951,0,,0.85,133.3,7.71,11.6,,1.6
"2025-12-02 23:27:35",2529,2277,74937,0,,2.5,29.6,7.68,11.6,,1.6
"2025-12-02 23:27:36",2531,2279,74924,-38.22738,-72.649532,1.2,24.6,7.67,11.6,,1.6
"2025-12-02 23:27:37",2533,2281,74907,0,,0.75,100.8,7.64,11.6,,1.6
"2025-12-02 23:27:38",2534,2282,74891,0,,2.7,37.7,7.62,11.6,,1.6
"2025-12-02 23:27:39",2536,2284,74876,-38.227353,-72.649497,0.55,341.2,7.61,11.65,,1.6
"2025-12-02 23:27:40",2538,2286,74860,0,,1.05,66.3,7.6,11.65,,1.6
"2025-12-02 23:27:41",2539,2287,74845,0,,2.55,44.8,7.57,11.65,,1.6
"2025-12-02 23:27:42",2541,2289,74830,-38.227333,-72.649458,0.2,44.8,7.56,11.7,,1.6
"2025-12-02 23:27:43",2543,2291,74813,0,,1,77.4,7.54,11.75,,1.6
"2025-12-02 23:27:44",2545,2293,74797,0,,1.95,41.9,7.52,11.8,,1.6
"2025-12-02 23:27:45",2546,2294,74782,-38.227317,-72.649423,0.15,41.9,7.51,11.8,,1.7
"2025-12-02 23:27:47",2549,2297,74756,0,,1.35,46.2,7.46,11.9,,1.7
"2025-12-02 23:27:48",2551,2299,74744,-38.227303,-72.64939,0.6,98.5,7.45,11.95,15.75,1.7
"2025-12-02 23:27:49",2552,2300,74730,0,,0.85,56.9,7.42,11.95,,1.6
"2025-12-02 23:27:50",2554,2302,74717,0,,0.6,64.4,7.41,12,,1.6
"2025-12-02 23:27:51",2555,2303,74704,-38.227287,-72.64935,1.15,89.3,7.41,12,,1.6
"2025-12-02 23:27:52",2557,2305,74689,0,,2.75,37.5,7.39,12.05,,1.6
"2025-12-02 23:27:53",2558,2306,74674,0,,0.9,116.2,7.38,12.05,,1.6
"2025-12-02 23:27:54",2560,2308,74660,-38.227267,-72.649307,1.3,67.4,7.36,12.1,,1.6
"2025-12-02 23:27:55",2561,2309,74646,0,,2.3,38.3,7.36,12.1,,1.6
"2025-12-02 23:27:56",2563,2311,74632,0,,1.5,119.3,7.34,12.1,,1.5
"2025-12-02 23:27:57",2565,2313,74618,-38.227243,-72.64926,1.75,35.7,7.32,12.15,,1.5
"2025-12-02 23:27:58",2566,2314,74604,0,,2,46.5,7.31,12.15,,1.5
"2025-12-02 23:27:59",2568,2316,74590,0,,2.1,104.9,7.3,12.2,,1.5
"2025-12-02 23:28:00",2569,2317,74576,-38.22722,-72.64921,1.5,18.9,7.29,12.2,,1.5
"2025-12-02 23:28:01",2571,2319,74563,0,,2.3,63.4,7.26,12.2,,1.5
"2025-12-02 23:28:02",2572,2320,74550,0,,1.25,108.2,7.24,12.2,,1.5
"2025-12-02 23:28:03",2573,2321,74538,-38.227197,-72.649167,1.6,3.8,7.23,12.2,,1.5
"2025-12-02 23:28:05",2577,2325,74508,0,,1.15,69.3,7.2,12.2,,1.5
"2025-12-02 23:28:06",2578,2326,74494,-38.227173,-72.649123,2,14.4,7.18,12.2,,1.5
"2025-12-02 23:28:08",2581,2329,74465,0,,1,60.5,7.16,12.2,,1.5
"2025-12-02 23:28:09",2583,2331,74452,-38.227158,-72.64908,1.95,33.7,7.15,12.25,,1.5
"2025-12-02 23:28:10",2584,2332,74437,0,,1.9,116.2,7.14,12.25,,1.5
"2025-12-02 23:28:11",2586,2334,74423,0,,1.3,20.9,7.11,12.25,,1.5
"2025-12-02 23:28:12",2588,2336,74410,-38.227152,-72.649035,1.75,71.1,7.11,12.25,,1.5
"2025-12-02 23:28:13",2589,2337,74399,0,,,,7.1,12.25,,1.5
"2025-12-02 23:28:14",2590,2338,74388,0,,,,7.08,12.25,,1.5
"2025-12-02 23:28:15",2591,2339,74378,0,,,,7.08,12.25,15.5,1.5
"2025-12-02 23:28:16",2593,2341,74364,0,,1,133.4,7.06,12.25,,1.5
"2025-12-02 23:28:17",2594,2342,74351,0,,2.55,35.5,7.05,12.25,,1.5
"2025-12-02 23:28:18",2596,2344,74338,-38.227127,-72.64895,1.55,110.6,7.04,12.3,,1.4
"2025-12-02 23:28:20",2599,2347,74309,0,,2.7,50.3,7.01,12.25,,1.5
"2025-12-02 23:28:21",2600,2348,74296,-38.227122,-72.6489,1.6,122.7,7,12.25,,1.5
"2025-12-02 23:28:22",2602,2350,74284,0,,1.15,70.7,6.98,12.25,,1.4
"2025-12-02 23:28:23",2603,2351,74272,0,,2.25,61.9,6.95,12.3,,1.4
"2025-12-02 23:28:24",2604,2352,74260,-38.227117,-72.648857,0.8,160.8,6.95,12.3,,1.4
"2025-12-02 23:28:25",2606,2354,74243,0,,2.1,86.2,6.95,12.3,,1.4
"2025-12-02 23:28:26",2608,2356,74226,0,,1.5,68,6.94,12.3,,1.5
"2025-12-02 23:28:27",2610,2358,74210,-38.227112,-72.648817,0.15,68,6.93,12.3,,1.5
"2025-12-02 23:28:28",2611,2359,74196,0,,2.45,98.4,6.91,12.3,,1.5
"2025-12-02 23:28:29",2613,2361,74184,0,,0.7,81.1,6.89,12.3,,1.5
"2025-12-02 23:28:30",2614,2362,74172,-38.22711,-72.648775,0.55,56.4,6.89,12.3,,1.5
"2025-12-02 23:28:31",2616,2364,74157,0,,,,6.87,12.35,,1.5
"2025-12-02 23:28:32",2617,2365,74142,0,,,,6.85,12.35,,1.5
"2025-12-02 23:28:33",2619,2367,74128,0,,,,6.85,12.35,,1.6
"2025-12-02 23:28:34",2620,2368,74119,0,,2.95,86.8,6.85,12.35,,1.5
"2025-12-02 23:28:35",2621,2369,74110,0,,0.4,143,6.85,12.35,,1.5
"2025-12-02 23:28:36",2622,2370,74102,-38.227113,-72.648678,1,104.2,6.85,12.35,,1.5
"2025-12-02 23:28:37",2624,2372,74086,0,,2.55,71.9,6.85,12.4,,1.4
"2025-12-02 23:28:38",2625,2373,74071,0,,1.15,160.8,6.83,12.4,,1.4
"2025-12-02 23:28:39",2627,2375,74056,-38.227115,-72.648633,1.65,67,6.83,12.4,,1.4
"2025-12-02 23:28:40",2629,2377,74041,0,,1.95,88.7,6.83,12.35,,1.4
"2025-12-02 23:28:41",2630,2378,74026,0,,1.6,146.1,6.82,12.35,,1.5
"2025-12-02 23:28:42",2632,2380,74012,-38.227117,-72.64859,1.15,47.2,6.8,12.35,15.25,1.5
"2025-12-02 23:28:43",2633,2381,73996,0,,1.5,101.3,6.77,12.35,,1.5
"2025-12-02 23:28:44",2635,2383,73981,0,,1.05,146.6,6.76,12.35,,1.5
"2025-12-02 23:28:45",2637,2385,73966,-38.227118,-72.648547,2.45,55.8,6.74,12.35,,1.5
"2025-12-02 23:28:46",2638,2386,73953,0,,1.25,139.2,6.72,12.35,,1.5
"2025-12-02 23:28:47",2640,2388,73939,0,,1.2,92.8,6.71,12.35,,1.6
"2025-12-02 23:28:48",2641,2389,73926,-38.227118,-72.648498,2.5,68.8,6.7,12.35,,1.6
"2025-12-02 23:28:50",2644,2392,73899,0,,1.4,87.2,6.67,12.35,,1.6
"2025-12-02 23:28:51",2646,2394,73886,-38.227118,-72.648453,2.4,78.5,6.65,12.35,,1.6
"2025-12-02 23:28:52",2647,2395,73871,0,,0.45,178.1,6.64,12.35,,1.6
"2025-12-02 23:28:53",2649,2397,73857,0,,1.9,78.2,6.63,12.35,,1.6
"2025-12-02 23:28:54",2651,2399,73844,-38.227122,-72.64841,2,101.4,6.61,12.35,,1.6
"2025-12-02 23:28:55",2651,2399,73835,0,,0.35,141.2,6.61,12.35,,1.5
"2025-12-02 23:28:56",2652,2400,73826,0,,2,93.7,6.6,12.3,,1.5
"2025-12-02 23:28:57",2653,2401,73818,-38.227133,-72.648365,1.4,134.3,6.6,12.3,,1.4
"2025-12-02 23:28:58",2655,2403,73801,0,,0.6,80.2,6.59,12.25,,1.4
"2025-12-02 23:28:59",2657,2405,73785,0,,1.95,96.7,6.57,12.2,,1.4
"2025-12-02 23:29:00",2659,2407,73770,-38.227142,-72.648322,1.3,154.2,6.57,12.15,,1.4
"2025-12-02 23:29:01",2660,2408,73759,0,,1.15,60,6.55,12,,1.4
"2025-12-02 23:29:02",2661,2409,73748,0,,2.15,98.6,6.52,12,,1.4
"2025-12-02 23:29:03",2662,2410,73738,-38.227152,-72.648272,1.55,158,6.51,11.95,,1.4
"2025-12-02 23:29:05",2665,2413,73718,0,,1.65,89.3,6.47,11.85,,1.3
"2025-12-02 23:29:06",2666,2414,73708,-38.227155,-72.648223,0.65,175.5,6.45,11.8,,1.3
"2025-12-02 23:29:08",2669,2417,73679,0,,1.45,104.7,6.42,11.8,,1.4
"2025-12-02 23:29:09",2670,2418,73666,-38.227162,-72.648172,0.2,104.7,6.4,11.75,15,1.4
"2025-12-02 23:29:10",2672,2420,73650,0,,3.15,106.4,6.38,11.75,,1.4
"2025-12-02 23:29:11",2674,2422,73634,0,,1.35,68.7,6.38,11.75,,1.4
"2025-12-02 23:29:12",2676,2424,73618,-38.227163,-72.648118,0.8,52.5,6.38,11.8,,1.4
"2025-12-02 23:29:13",2677,2425,73607,0,,3.1,112.8,6.38,11.85,,1.4
"2025-12-02 23:29:14",2678,2426,73596,0,,0.65,67.8,6.35,11.85,,1.4
"2025-12-02 23:29:15",2679,2427,73586,-38.227172,-72.648068,0.9,85.2,6.34,11.9,,1.4
"2025-12-02 23:29:16",2681,2429,73568,0,,3,106.9,6.32,11.9,,1.5
"2025-12-02 23:29:17",2683,2431,73551,0,,0.6,36.8,6.3,11.9,,1.5
"2025-12-02 23:29:18",2685,2433,73534,-38.22718,-72.648015,2,102.8,6.29,11.9,,1.6
"2025-12-02 23:29:20",2688,2436,73504,0,,0.65,329.2,6.27,11.9,,1.6
"2025-12-02 23:29:21",2690,2438,73490,-38.22719,-72.647967,2.9,107.1,6.26,11.9,,1.6
"2025-12-02 23:29:22",2691,2439,73477,0,,1.7,105.3,6.24,11.95,,1.6
"2025-12-02 23:29:23",2693,2441,73464,0,,0.55,38.3,6.23,11.95,,1.6
"2025-12-02 23:29:24",2694,2442,73452,-38.227198,-72.647918,2.9,114.5,6.21,11.95,,1.5
"2025-12-02 23:29:25",2696,2444,73438,0,,1,78.2,6.19,11.95,,1.6
"2025-12-02 23:29:26",2697,2445,73424,0,,0.95,89.4,6.18,11.95,,1.6
"2025-12-02 23:29:27",2699,2447,73410,-38.227208,-72.647868,3.15,119.7,6.18,11.95,,1.6
"2025-12-02 23:29:29",2702,2450,73386,0,,1.5,110.6,6.15,11.9,,1.6
"2025-12-02 23:29:30",2703,2451,73374,-38.22721,-72.647813,2.65,113.9,6.13,11.85,,1.5
"2025-12-02 23:29:32",2706,2454,73345,0,,2.25,119.3,6.08,11.85,,1.5
"2025-12-02 23:29:33",2708,2456,73332,-38.22721,-72.647752,2.5,99.1,6.06,11.85,,1.5
"2025-12-02 23:29:35",2711,2459,73306,0,,2.25,136,6.04,11.85,,1.5
"2025-12-02 23:29:36",2712,2460,73294,-38.227215,-72.647695,2.1,92.1,6.02,11.8,15,1.5
"2025-12-02 23:29:38",2715,2463,73263,0,,2.4,136.2,6.01,11.8,,1.5
"2025-12-02 23:29:39",2717,2465,73248,-38.227217,-72.647637,2.15,74.4,6,11.75,,1.5
"2025-12-02 23:29:41",2720,2468,73219,0,,1.95,138.9,5.97,11.7,,1.5
"2025-12-02 23:29:42",2722,2470,73206,-38.227225,-72.647577,2.55,85.9,5.96,11.7,,1.6
"2025-12-02 23:29:44",2725,2473,73179,0,,2.1,132,5.92,11.7,,1.6
"2025-12-02 23:29:45",2726,2474,73166,-38.227232,-72.64752,2.5,59.2,5.91,11.7,,1.6
"2025-12-02 23:29:47",2728,2476,73147,0,,1.95,107.2,5.88,11.65,,1.5
"2025-12-02 23:29:48",2730,2478,73138,-38.22724,-72.647463,2.1,54.9,5.88,11.65,,1.5
"2025-12-02 23:29:50",2732,2480,73114,0,,1.3,105.3,5.85,11.65,,1.4
"2025-12-02 23:29:51",2733,2481,73102,-38.227253,-72.647407,1.35,62.6,5.85,11.65,,1.4
"2025-12-02 23:29:53",2737,2485,73068,0,,1.25,127,5.82,11.6,,1.4
"2025-12-02 23:29:54",2739,2487,73052,-38.227268,-72.647353,0.65,112.8,5.79,11.6,,1.4
"2025-12-02 23:29:56",2743,2491,73021,0,,1.1,97.8,5.76,11.6,,1.5
"2025-12-02 23:29:57",2744,2492,73006,-38.22727,-72.647292,1.45,113.9,5.75,11.6,,1.5
"2025-12-02 23:29:58",2746,2494,72990,0,,3.2,78.2,5.74,11.65,,1.5
"2025-12-02 23:29:59",2748,2496,72975,0,,1.15,155.6,5.73,11.65,,1.5
"2025-12-02 23:30:00",2749,2497,72960,-38.227277,-72.647237,1.65,95.8,5.72,11.7,,1.6
"2025-12-02 23:30:01",2751,2499,72945,0,,2.35,81.4,5.71,11.65,,1.7
"2025-12-02 23:30:02",2753,2501,72930,0,,1.75,150.5,5.7,11.7,,1.7
"2025-12-02 23:30:03",2754,2502,72916,-38.227285,-72.647188,1.5,58.3,5.68,11.7,14.5,1.7
"2025-12-02 23:30:04",2756,2504,72900,0,,1.75,105.9,5.67,11.75,,1.7
"2025-12-02 23:30:05",2758,2506,72885,0,,1.4,157.9,5.66,11.8,,1.7
"2025-12-02 23:30:06",2760,2508,72870,-38.227295,-72.647148,1.2,50.8,5.64,11.8,,1.7
"2025-12-02 23:30:07",2761,2509,72855,0,,2.2,96.2,5.63,11.75,,1.7
"2025-12-02 23:30:08",2763,2511,72840,0,,1.3,149.9,5.61,11.8,,1.7
"2025-12-02 23:30:09",2765,2513,72826,-38.227303,-72.647102,2.2,66.4,5.6,11.8,,1.7
"2025-12-02 23:30:10",2766,2514,72812,0,,1.45,162.9,5.57,11.8,,1.7
"2025-12-02 23:30:11",2768,2516,72799,0,,1,120.1,5.56,11.85,,1.7
"2025-12-02 23:30:12",2769,2517,72786,-38.227318,-72.647072,2,81.8,5.55,11.85,,1.6
"2025-12-02 23:30:13",2770,2518,72773,0,,1.25,196.1,5.54,11.85,,1.6
"2025-12-02 23:30:14",2772,2520,72760,0,,1.55,101.4,5.52,11.85,,1.6
"2025-12-02 23:30:15",2773,2521,72748,-38.227335,-72.647043,1.55,103.4,5.5,11.8,,1.6
"2025-12-02 23:30:16",2775,2523,72734,0,,1.3,206.4,5.49,11.85,,1.6
"2025-12-02 23:30:17",2776,2524,72721,0,,2.1,105.5,5.48,11.8,,1.6
"2025-12-02 23:30:18",2778,2526,72708,-38.22735,-72.647017,0.8,124.1,5.47,11.8,,1.5
"2025-12-02 23:30:20",2781,2529,72678,0,,2.85,101.2,5.47,11.75,,1.5
"2025-12-02 23:30:21",2783,2531,72664,-38.22737,-72.64698,0.25,101.2,5.47,11.75,,1.5
"2025-12-02 23:30:22",2784,2532,72652,0,,1.15,147.7,5.47,11.7,,1.5
"2025-12-02 23:30:23",2786,2534,72640,0,,2.5,98.7,5.45,11.7,,1.5
"2025-12-02 23:30:24",2787,2535,72628,-38.227383,-72.646942,0.55,219.7,5.43,11.7,,1.5
"2025-12-02 23:30:25",2788,2536,72616,0,,2.05,121.7,5.42,11.65,,1.5
"2025-12-02 23:30:26",2789,2537,72605,0,,1.9,108.8,5.41,11.65,,1.5
"2025-12-02 23:30:27",2791,2539,72594,-38.227407,-72.6469,1.1,192,5.41,11.6,,1.4
"2025-12-02 23:30:28",2792,2540,72580,0,,2.7,108.2,5.39,11.55,,1.5
"2025-12-02 23:30:29",2794,2542,72566,0,,1.4,108.5,5.38,11.55,,1.5
"2025-12-02 23:30:30",2795,2543,72552,-38.227425,-72.646853,1.2,175.4,5.37,11.5,14.5,1.5
"2025-12-02 23:30:31",2797,2545,72535,0,,2.6,95.7,5.35,11.5,,1.5
"2025-12-02 23:30:32",2799,2547,72518,0,,1.35,160.7,5.34,11.5,,1.5
"2025-12-02 23:30:33",2801,2549,72502,-38.227448,-72.646808,1.35,140.7,5.33,11.45,,1.5
"2025-12-02 23:30:35",2804,2552,72476,0,,2.1,172.6,5.31,11.4,,1.5
"2025-12-02 23:30:36",2805,2553,72464,-38.227473,-72.64677,1.55,118.7,5.3,11.4,,1.5
"2025-12-02 23:30:37",2807,2555,72449,0,,1.6,85.7,5.28,11.4,,1.5
"2025-12-02 23:30:38",2809,2557,72435,0,,2.4,177.2,5.27,11.4,,1.6
"2025-12-02 23:30:39",2810,2558,72422,-38.2275,-72.646735,1.35,88.2,5.25,11.4,,1.6
"2025-12-02 23:30:40",2812,2560,72409,0,,1.35,117,5.23,11.4,,1.6
"2025-12-02 23:30:41",2813,2561,72396,0,,2.3,168.5,5.22,11.35,,1.6
"2025-12-02 23:30:42",2814,2562,72384,-38.227525,-72.6467,1.15,55.6,5.19,11.35,,1.6
"2025-12-02 23:30:43",2816,2564,72369,0,,1.95,134.9,5.18,11.4,,1.6
"2025-12-02 23:30:44",2818,2566,72355,0,,1.8,153,5.17,11.35,,1.5
"2025-12-02 23:30:45",2819,2567,72342,-38.227552,-72.646658,0.95,57.7,5.15,11.35,,1.5
"2025-12-02 23:30:46",2820,2568,72331,0,,2.55,137.3,5.14,11.35,,1.5
"2025-12-02 23:30:47",2822,2570,72320,0,,1.2,133.3,5.12,11.3,,1.5
"2025-12-02 23:30:48",2823,2571,72310,-38.227577,-72.646617,1.2,81.5,5.11,11.3,,1.4
"2025-12-02 23:30:50",2825,2573,72287,0,,1.1,101.8,5.08,11.25,,1.4
"2025-12-02 23:30:51",2827,2575,72276,-38.227595,-72.64657,1.3,89.6,5.07,11.25,,1.4
"2025-12-02 23:30:52",2828,2576,72261,0,,3,141.1,5.05,11.25,,1.4
"2025-12-02 23:30:53",2830,2578,72246,0,,0.05,141.1,5.02,11.25,,1.4
"2025-12-02 23:30:54",2832,2580,72232,-38.22762,-72.646522,0.15,141.1,5.01,11.25,,1.4
"2025-12-02 23:30:55",2833,2581,72218,0,,2.65,140.8,4.99,11.25,,1.4
"2025-12-02 23:30:56",2835,2583,72204,0,,1.35,56.9,4.99,11.25,,1.4
"2025-12-02 23:30:57",2836,2584,72190,-38.227643,-72.646467,2.25,122.2,4.97,11.2,14,1.5
"2025-12-02 23:30:58",2838,2586,72177,0,,2.25,122.2,4.96,11.2,,1.4
"2025-12-02 23:30:59",2839,2587,72164,0,,0.05,142,4.95,11.2,,1.5
"2025-12-02 23:31:00",2841,2589,72152,-38.227672,-72.646428,0.15,142,4.93,11.2,,1.5
"2025-12-02 23:31:01",2842,2590,72136,0,,2.4,129.6,4.92,11.2,,1.5
"2025-12-02 23:31:02",2844,2592,72121,0,,0.05,129.6,4.9,11.2,,1.6
"2025-12-02 23:31:03",2846,2594,72106,-38.227697,-72.646383,2.4,126.7,4.89,11.15,,1.6
"2025-12-02 23:31:04",2848,2596,72091,0,,2.25,129.8,4.88,11.15,,1.6
"2025-12-02 23:31:05",2849,2597,72075,0,,0,129.8,4.87,11.15,,1.6
"2025-12-02 23:31:06",2851,2599,72060,-38.227713,-72.646342,2.6,113.6,4.86,11.15,,1.6
"2025-12-02 23:31:07",2853,2601,72047,0,,1.6,105.1,4.85,11.1,,1.6
"2025-12-02 23:31:08",2854,2602,72034,0,,0.05,105.1,4.85,11.1,,1.6
"2025-12-02 23:31:09",2855,2603,72022,-38.227732,-72.646303,2.85,107.9,4.84,11.1,,1.6
"2025-12-02 23:31:10",2857,2605,72010,0,,1.25,127.8,4.82,11.05,,1.6
"2025-12-02 23:31:11",2858,2606,71999,0,,0.8,127.8,4.82,11.05,,1.6
"2025-12-02 23:31:12",2859,2607,71988,-38.22775,-72.646258,2.9,98.7,4.81,11.05,,1.5
"2025-12-02 23:31:13",2861,2609,71972,0,,1.35,135.5,4.79,11.05,,1.5
"2025-12-02 23:31:14",2863,2611,71958,0,,1.65,170.8,4.79,11.05,,1.5
"2025-12-02 23:31:15",2864,2612,71944,-38.22778,-72.646225,2.25,104.6,4.76,11.05,,1.5
"2025-12-02 23:31:16",2866,2614,71928,0,,1.45,166.3,4.76,11.05,,1.5
"2025-12-02 23:31:17",2868,2616,71913,0,,1.3,141.3,4.74,11.05,,1.5
"2025-12-02 23:31:18",2870,2618,71898,-38.227803,-72.646192,2,94,4.73,11.05,,1.5
"2025-12-02 23:31:20",2873,2621,71871,0,,2.05,121.9,4.71,11.05,,1.5
"2025-12-02 23:31:21",2874,2622,71858,-38.22783,-72.646153,2,104,4.69,11.05,,1.6
"2025-12-02 23:31:23",2876,2624,71844,0,,1.35,199.4,4.68,11.05,,1.6
"2025-12-02 23:31:24",2877,2625,71832,0,,2.55,112.5,4.66,11.05,,1.6
"2025-12-02 23:31:25",2878,2626,71820,-38.227857,-72.646117,1.45,123.2,4.66,11.05,13.75,1.6
"2025-12-02 23:31:25",2880,2628,71808,0,,1.1,195.9,4.65,11.05,,1.6
"2025-12-02 23:31:26",2881,2629,71796,0,,2.95,113.4,4.64,11.05,,1.5
"2025-12-02 23:31:27",2883,2631,71784,-38.227887,-72.64608,1.1,163.3,4.61,11.05,,1.5
"2025-12-02 23:31:28",2884,2632,71771,0,,1.3,163.1,4.6,11.05,,1.5
"2025-12-02 23:31:29",2885,2633,71758,0,,2.3,107.1,4.59,11.05,,1.5
"2025-12-02 23:31:30",2887,2635,71746,-38.227918,-72.64605,1.7,189.7,4.57,11.05,,1.5
"2025-12-02 23:31:31",2888,2636,71733,0,,1.25,144.8,4.56,11.05,,1.4
"2025-12-02 23:31:32",2890,2638,71721,0,,2,96.6,4.54,11.05,,1.4
"2025-12-02 23:31:33",2891,2639,71710,-38.227948,-72.646018,1.9,178.2,4.54,11.05,,1.4
"2025-12-02 23:31:35",2895,2643,71678,0,,1.4,110.5,4.51,11.05,,1.5
"2025-12-02 23:31:36",2896,2644,71662,-38.227982,-72.645998,2.45,172.4,4.5,11.05,,1.5
"2025-12-02 23:31:37",2898,2646,71649,0,,0.05,172.4,4.48,11.05,,1.5
"2025-12-02 23:31:38",2899,2647,71636,0,,2,134,4.46,11,,1.5
"2025-12-02 23:31:39",2901,2649,71624,-38.228015,-72.645973,2.3,170.8,4.45,11,,1.5
"2025-12-02 23:31:40",2902,2650,71610,0,,0,170.8,4.44,11,,1.5
"2025-12-02 23:31:41",2904,2652,71597,0,,2.7,146.5,4.43,10.95,,1.5
"2025-12-02 23:31:42",2905,2653,71584,-38.228048,-72.645945,1.5,165.3,4.42,10.95,,1.5
"2025-12-02 23:31:43",2907,2655,71569,0,,0.05,165.3,4.4,10.95,,1.6
"2025-12-02 23:31:44",2909,2657,71554,0,,2.85,156.1,4.39,10.95,,1.6
"2025-12-02 23:31:45",2910,2658,71540,-38.228078,-72.645923,0.05,156.1,4.38,10.95,,1.6
"2025-12-02 23:31:46",2912,2660,71527,0,,0.1,156.1,4.37,10.95,,1.6
"2025-12-02 23:31:47",2913,2661,71513,0,,2.9,163.3,4.36,10.95,,1.6
"2025-12-02 23:31:48",2915,2663,71500,-38.228112,-72.645898,0.1,163.3,4.34,10.95,,1.6
"2025-12-02 23:31:50",2918,2666,71473,0,,2.3,178.7,4.33,10.95,,1.5
"2025-12-02 23:31:51",2919,2667,71460,-38.228138,-72.645873,1.65,87.1,4.3,10.95,13.25,1.5
"2025-12-02 23:31:52",2921,2669,71446,0,,1.25,160.1,4.29,10.95,,1.6
"2025-12-02 23:31:53",2923,2671,71433,0,,1.65,182.2,4.28,10.95,,1.6
"2025-12-02 23:31:54",2924,2672,71420,-38.228163,-72.645847,2.15,98.7,4.28,10.9,,1.6
"2025-12-02 23:31:55",2926,2674,71405,0,,1.25,187.2,4.27,10.8,,1.6
"2025-12-02 23:31:56",2927,2675,71390,0,,1.55,164.8,4.27,10.75,,1.6
"2025-12-02 23:31:57",2929,2677,71376,-38.228188,-72.645822,2.1,105.9,4.26,10.7,,1.6
"2025-12-02 23:31:58",2931,2679,71362,0,,0.05,105.9,4.25,10.7,,1.6
"2025-12-02 23:31:59",2932,2680,71348,0,,2.25,130.9,4.24,10.65,,1.6
"2025-12-02 23:32:00",2934,2682,71334,-38.228212,-72.645787,1.7,106.6,4.23,10.6,,1.6
"2025-12-02 23:32:02",2937,2685,71306,0,,2.35,119.2,4.22,10.45,,1.6
"2025-12-02 23:32:03",2939,2687,71292,-38.228238,-72.645758,1.05,121.5,4.21,10.4,,1.6
"2025-12-02 23:32:05",2942,2690,71266,0,,1.5,132.4,4.21,10.3,,1.6
"2025-12-02 23:32:06",2943,2691,71254,-38.228267,-72.645733,0.95,132.4,4.2,10.25,,1.6
"2025-12-02 23:32:08",2946,2694,71231,0,,1.95,80.5,4.19,10.05,,1.5
"2025-12-02 23:32:09",2947,2695,71220,-38.228288,-72.64569,2.1,155.8,4.19,10,,1.5
"2025-12-02 23:32:11",2950,2698,71189,0,,1.2,122.9,4.15,9.8,,1.5
"2025-12-02 23:32:12",2952,2700,71174,-38.228313,-72.645643,2.75,148.1,4.14,9.7,,1.5
"2025-12-02 23:32:14",2955,2703,71148,0,,1.55,84.3,4.11,9.6,,1.5
"2025-12-02 23:32:15",2957,2705,71136,-38.228328,-72.645593,2.75,140.1,4.1,9.55,,1.5
"2025-12-02 23:32:17",2960,2708,71107,0,,1.85,108.2,4.09,9.45,,1.5
"2025-12-02 23:32:18",2961,2709,71094,-38.228343,-72.645547,2.45,129.5,4.09,9.35,13,1.5
"2025-12-02 23:32:21",2965,2713,71060,-38.228358,-72.645505,1.65,121.6,4.08,9.25,,1.5
"2025-12-02 23:32:23",2969,2717,71029,0,,2.45,125.9,4.08,9.15,,1.5
"2025-12-02 23:32:24",2971,2719,71014,-38.228373,-72.645463,0.1,125.9,4.06,9.15,,1.5
"2025-12-02 23:32:25",2972,2720,70999,0,,0.1,125.9,4.05,9.15,,1.5
"2025-12-02 23:32:26",2974,2722,70984,0,,3.3,107.6,4.04,9.1,,1.6
"2025-12-02 23:32:27",2976,2724,70970,-38.228378,-72.645403,0.05,107.6,4.02,9.1,,1.6
"2025-12-02 23:32:28",2977,2725,70956,0,,0.15,107.6,4,9.1,,1.6
"2025-12-02 23:32:29",2979,2727,70942,0,,2.55,114.8,4,9.1,,1.6
"2025-12-02 23:32:30",2980,2728,70928,-38.228383,-72.645355,0,114.8,4,9.1,,1.6
"2025-12-02 23:32:31",2982,2730,70914,0,,0.1,114.8,3.99,9.05,,1.6
"2025-12-02 23:32:32",2983,2731,70902,0,,0.15,114.8,3.98,9.05,,1.6
"2025-12-02 23:32:33",2985,2733,70890,-38.228395,-72.645303,0.05,114.8,3.95,9.05,,1.6
"2025-12-02 23:32:34",2986,2734,70877,0,,2.9,88.3,3.93,9.05,,1.6
"2025-12-02 23:32:35",2988,2736,70863,0,,1.45,127.8,3.92,9.05,,1.6
"2025-12-02 23:32:36",2989,2737,70850,-38.2284,-72.645247,0.05,127.8,3.89,9,,1.6
"2025-12-02 23:32:37",2991,2739,70836,0,,2,80.7,3.89,9,,1.6
"2025-12-02 23:32:38",2993,2741,70822,0,,1.6,171.7,3.89,9,,1.6
"2025-12-02 23:32:39",2994,2742,70808,-38.228415,-72.645195,1.6,89.1,3.86,9,,1.6
"2025-12-02 23:32:40",2996,2744,70791,0,,2.55,104,3.85,8.95,,1.6
"2025-12-02 23:32:41",2998,2746,70775,0,,1.3,172.5,3.84,8.95,,1.6
"2025-12-02 23:32:42",3000,2748,70760,-38.228442,-72.645147,2.2,116,3.83,8.9,,1.6
"2025-12-02 23:32:43",3001,2749,70751,0,,1.55,119.5,3.83,8.85,,1.6
"2025-12-02 23:32:44",3002,2750,70742,0,,1,119.5,3.83,8.8,,1.5
"2025-12-02 23:32:45",3003,2751,70734,-38.228467,-72.645085,3.4,113.5,3.84,8.75,12.5,1.5
"2025-12-02 23:32:46",3004,2752,70718,0,,1.5,121.6,3.84,8.7,,1.5
"2025-12-02 23:32:47",3006,2754,70703,0,,1.45,125.3,3.84,8.65,,1.5
"2025-12-02 23:32:48",3008,2756,70688,-38.228495,-72.645023,3.35,111.3,3.84,8.6,,1.5
"2025-12-02 23:32:49",3010,2758,70675,0,,0.1,111.3,3.84,8.6,,1.5
"2025-12-02 23:32:50",3011,2759,70662,0,,2.15,112.4,3.83,8.6,,1.5
"2025-12-02 23:32:51",3012,2760,70650,-38.22852,-72.644965,2.8,113.2,3.82,8.6,,1.5
"2025-12-02 23:32:52",3014,2762,70635,0,,0.05,113.2,3.82,8.55,,1.5
"2025-12-02 23:32:53",3016,2764,70619,0,,3,106.8,3.81,8.6,,1.5
"2025-12-02 23:32:54",3018,2766,70604,-38.228545,-72.644905,2.3,117.2,3.81,8.6,,1.5
"2025-12-02 23:32:55",3019,2767,70591,0,,1.3,169.5,3.81,8.65,,1.5
"2025-12-02 23:32:56",3021,2769,70579,0,,3.7,98.5,3.8,8.7,,1.6
"2025-12-02 23:32:57",3022,2770,70568,-38.228572,-72.644842,1.95,133,3.79,8.75,,1.6
"2025-12-02 23:32:58",3024,2772,70552,0,,1.15,131,3.77,8.85,,1.6
"2025-12-02 23:32:59",3026,2774,70536,0,,3.45,106.9,3.76,8.9,,1.6
"2025-12-02 23:33:00",3027,2775,70520,-38.228603,-72.644782,1.7,146,3.74,9,,1.6
"2025-12-02 23:33:01",3029,2777,70507,0,,1.85,123.4,3.74,9.05,,1.6
"2025-12-02 23:33:02",3030,2778,70494,0,,3,114,3.72,9.1,,1.6
"2025-12-02 23:33:03",3032,2780,70482,-38.228627,-72.64473,0.05,114,3.71,9.2,,1.6
"2025-12-02 23:33:05",3035,2783,70455,0,,2.45,126.3,3.69,9.4,,1.6
"2025-12-02 23:33:06",3036,2784,70442,-38.228653,-72.644682,0.05,126.3,3.68,9.45,,1.6
"2025-12-02 23:33:07",3038,2786,70429,0,,2.75,133.8,3.68,9.45,,1.5
"2025-12-02 23:33:08",3039,2787,70416,0,,1.95,130,3.67,9.5,,1.6
"2025-12-02 23:33:09",3041,2789,70404,-38.228685,-72.644633,0.05,130,3.67,9.55,,1.6
"2025-12-02 23:33:10",3042,2790,70390,0,,3.45,139.3,3.67,9.55,,1.6
"2025-12-02 23:33:11",3044,2792,70377,0,,1.4,120.5,3.64,9.6,,1.6
"2025-12-02 23:33:12",3045,2793,70364,-38.228717,-72.644583,1.25,103,3.63,9.6,12,1.5
"2025-12-02 23:33:13",3047,2795,70351,0,,3.25,146.1,3.62,9.65,,1.5
"2025-12-02 23:33:14",3048,2796,70338,0,,1.25,117.4,3.62,9.65,,1.5
"2025-12-02 23:33:15",3050,2798,70326,-38.22875,-72.644537,1.65,121.2,3.61,9.7,,1.5
"2025-12-02 23:33:16",3051,2799,70314,0,,2.6,156.6,3.61,9.7,,1.5
"2025-12-02 23:33:17",3053,2801,70303,0,,1.2,91.8,3.6,9.7,,1.5
"2025-12-02 23:33:18",3054,2802,70292,-38.22878,-72.644495,1.8,143.7,3.59,9.7,,1.5
"2025-12-02 23:33:20",3057,2805,70261,0,,1.65,81.1,3.56,9.65,,1.5
"2025-12-02 23:33:21",3059,2807,70246,-38.228812,-72.644447,2.55,159.3,3.55,9.6,,1.5
"2025-12-02 23:33:22",3061,2809,70230,0,,1.8,130.7,3.54,9.6,,1.5
"2025-12-02 23:33:23",3063,2811,70215,0,,1.5,96.7,3.53,9.6,,1.6
"2025-12-02 23:33:24",3064,2812,70200,-38.228848,-72.644398,3.25,157.5,3.53,9.6,,1.6
"2025-12-02 23:33:25",3066,2814,70185,0,,1.65,116.1,3.51,9.6,,1.6
"2025-12-02 23:33:26",3068,2816,70171,0,,1.65,129.2,3.49,9.65,,1.6
"2025-12-02 23:33:27",3069,2817,70158,-38.228887,-72.644352,3.25,152,3.48,9.7,,1.6
"2025-12-02 23:33:28",3071,2819,70145,0,,1.15,112.4,3.48,9.7,,1.6
"2025-12-02 23:33:29",3072,2820,70132,0,,1.15,112.4,3.47,9.75,,1.6
"2025-12-02 23:33:30",3074,2822,70120,-38.228925,-72.644312,2.85,154.6,3.45,9.8,,1.7
"2025-12-02 23:33:31",3075,2823,70106,0,,1.25,91.7,3.45,9.9,,1.7
"2025-12-02 23:33:32",3077,2825,70093,0,,2.45,162.6,3.43,9.9,,1.6
"2025-12-02 23:33:33",3078,2826,70080,-38.228962,-72.64427,2.45,141.6,3.42,9.9,,1.6
"2025-12-02 23:33:34",3080,2828,70068,0,,1.2,87.5,3.42,9.9,,1.6
"2025-12-02 23:33:35",3081,2829,70056,0,,2.8,168.6,3.41,9.9,,1.5
"2025-12-02 23:33:36",3083,2831,70044,-38.228997,-72.644223,2.35,119.5,3.4,9.9,,1.5
"2025-12-02 23:33:37",3084,2832,70030,0,,1.45,95.2,3.39,9.9,,1.5
"2025-12-02 23:33:38",3086,2834,70017,0,,3.25,151.4,3.38,9.9,,1.5
"2025-12-02 23:33:39",3087,2835,70004,-38.22903,-72.644173,1.55,118.3,3.37,9.9,11.75,1.5
"2025-12-02 23:33:40",3089,2837,69990,0,,1.15,128.2,3.36,9.85,,1.5
"2025-12-02 23:33:41",3090,2838,69977,0,,3.5,143.9,3.35,9.85,,1.5
"2025-12-02 23:33:42",3092,2840,69964,-38.229063,-72.644123,1.1,97.3,3.33,9.85,,1.5
"2025-12-02 23:33:43",3093,2841,69952,0,,1.7,140.4,3.32,9.8,,1.5
"2025-12-02 23:33:44",3094,2842,69941,0,,3,142.2,3.31,9.75,,1.5
"2025-12-02 23:33:45",3096,2844,69930,-38.2291,-72.644085,0.05,142.2,3.3,9.75,,1.5
"2025-12-02 23:33:46",3097,2845,69917,0,,2.15,123.4,3.27,9.75,,1.5
"2025-12-02 23:33:47",3099,2847,69904,0,,2.45,143.7,3.26,9.75,,1.5
"2025-12-02 23:33:48",3100,2848,69892,-38.229137,-72.644052,1.15,213.3,3.25,9.7,,1.5
"2025-12-02 23:33:49",3102,2850,69877,0,,2.4,119.8,3.24,9.7,,1.5
"2025-12-02 23:33:50",3104,2852,69862,0,,2.05,157.1,3.23,9.7,,1.5
"2025-12-02 23:33:51",3105,2853,69848,-38.229175,-72.644017,1.1,197.1,3.22,9.65,,1.5
"2025-12-02 23:33:52",3107,2855,69836,0,,2.8,117.9,3.21,9.6,,1.5
"2025-12-02 23:33:53",3108,2856,69825,0,,1.45,183.1,3.2,9.6,,1.5
"2025-12-02 23:33:54",3109,2857,69814,-38.229205,-72.643983,0.95,183.1,3.18,9.55,,1.5
"2025-12-02 23:33:55",3111,2859,69798,0,,2.6,115,3.18,9.55,,1.5
"2025-12-02 23:33:56",3113,2861,69783,0,,1.55,210.6,3.17,9.55,,1.5
"2025-12-02 23:33:57",3115,2863,69768,-38.229237,-72.643957,1.6,142.5,3.16,9.5,,1.6
"2025-12-02 23:33:58",3116,2864,69757,0,,2,129.2,3.16,9.5,,1.5
"2025-12-02 23:33:59",3117,2865,69747,0,,1.2,232.2,3.15,9.55,,1.5
"2025-12-02 23:34:00",3118,2866,69738,-38.229267,-72.643933,2.15,128.7,3.13,9.55,,1.5
"2025-12-02 23:34:01",3120,2868,69726,0,,2.15,153.7,3.12,9.6,,1.5
"2025-12-02 23:34:02",3121,2869,69714,0,,2.15,153.7,3.12,9.6,,1.4
"2025-12-02 23:34:03",3122,2870,69702,-38.2293,-72.643902,2.7,129,3.11,9.65,,1.4
"2025-12-02 23:34:05",3125,2873,69677,0,,0.05,160.9,3.1,9.7,,1.4
"2025-12-02 23:34:06",3127,2875,69666,-38.229333,-72.643872,2.95,139.9,3.09,9.75,11.5,1.4
"2025-12-02 23:34:07",3128,2876,69650,0,,0.05,139.9,3.09,9.8,,1.4
"2025-12-02 23:34:08",3130,2878,69634,0,,0.1,139.9,3.09,9.85,,1.4
"2025-12-02 23:34:09",3132,2880,69618,-38.229368,-72.643848,2.65,158.6,3.09,9.9,,1.5
"2025-12-02 23:34:10",3134,2882,69604,0,,0.1,158.6,3.08,9.95,,1.5
"2025-12-02 23:34:11",3135,2883,69591,0,,0.15,158.6,3.08,9.95,,1.5
"2025-12-02 23:34:12",3137,2885,69578,-38.229403,-72.643827,2.35,165,3.07,10,,1.5
"2025-12-02 23:34:13",3138,2886,69565,0,,0.1,165,3.07,10.05,,1.6
"2025-12-02 23:34:14",3140,2888,69552,0,,2.15,179,3.07,10.05,,1.6
"2025-12-02 23:34:15",3141,2889,69540,-38.229442,-72.64381,1.85,171.4,3.06,10.1,,1.6
"2025-12-02 23:34:16",3143,2891,69527,0,,1.45,94.5,3.05,10.1,,1.6
"2025-12-02 23:34:17",3144,2892,69513,0,,2.5,192.4,3.05,10.1,,1.6
"2025-12-02 23:34:18",3146,2894,69500,-38.229483,-72.643795,1.8,168.6,3.04,10.1,,1.6
"2025-12-02 23:34:20",3149,2897,69470,0,,2.35,191.3,3.04,10.1,,1.6
"2025-12-02 23:34:21",3151,2899,69456,-38.229522,-72.643775,1.5,138.7,3.03,10.2,,1.6
"2025-12-02 23:34:22",3153,2901,69443,0,,1.7,147.6,3.02,10.15,,1.6
"2025-12-02 23:34:23",3154,2902,69430,0,,2.5,187.5,3.02,10.15,,1.6
"2025-12-02 23:34:24",3156,2904,69418,-38.229563,-72.643755,1.35,121.6,3.01,10.25,,1.6
"2025-12-02 23:34:25",3157,2905,69404,0,,1.85,167.8,3,10.3,,1.6
"2025-12-02 23:34:26",3159,2907,69391,0,,2.25,180.7,3,10.4,,1.6
"2025-12-02 23:34:27",3160,2908,69378,-38.229602,-72.643738,1.05,111,2.98,10.45,,1.6
"2025-12-02 23:34:28",3162,2910,69365,0,,2.3,169.9,2.98,10.6,,1.6
"2025-12-02 23:34:29",3163,2911,69352,0,,2.2,167.9,2.98,10.7,,1.6
"2025-12-02 23:34:30",3165,2913,69340,-38.229647,-72.643722,0.05,167.9,2.97,10.85,,1.6
"2025-12-02 23:34:32",3168,2916,69313,0,,1.65,165.5,2.94,11.1,,1.5
"2025-12-02 23:34:33",3169,2917,69300,-38.229697,-72.6437,0.1,165.5,2.93,11.25,11,1.5
"2025-12-02 23:34:35",3172,2920,69274,0,,1.5,184.8,2.92,11.65,,1.5
"2025-12-02 23:34:36",3174,2922,69262,-38.22975,-72.643683,1.35,175.6,2.91,11.85,,1.5
"2025-12-02 23:34:38",3177,2925,69231,0,,2,206.3,2.89,12.3,,1.6
"2025-12-02 23:34:39",3179,2927,69216,-38.22981,-72.643673,2.1,166.7,2.87,12.5,,1.6
"2025-12-02 23:34:41",3183,2931,69187,0,,2,224.1,2.83,12.9,,1.6
"2025-12-02 23:34:42",3184,2932,69174,-38.22987,-72.64367,2.45,163.6,2.81,13.1,,1.6
"2025-12-02 23:34:44",3187,2935,69150,0,,1.85,222.2,2.78,13.4,,1.6
"2025-12-02 23:34:45",3188,2936,69138,-38.229925,-72.643658,2.8,146.9,2.76,13.5,,1.6
"2025-12-02 23:34:47",3192,2940,69105,0,,1.45,202.4,2.71,13.8,,1.6
"2025-12-02 23:34:48",3194,2942,69090,-38.229978,-72.643643,2.95,142.1,2.71,13.95,,1.7
"2025-12-02 23:34:50",3197,2945,69063,0,,1.7,176,2.69,14.15,,1.7
"2025-12-02 23:34:51",3199,2947,69050,-38.230035,-72.643633,2.85,147.4,2.69,14.25,,1.6
"2025-12-02 23:34:53",3202,2950,69023,0,,1.7,156.6,2.68,14.5,,1.6
"2025-12-02 23:34:54",3203,2951,69010,-38.230088,-72.643627,2.55,159.8,2.66,14.55,,1.6
"2025-12-02 23:34:56",3206,2954,68986,0,,2.4,148.6,2.62,14.7,,1.6
"2025-12-02 23:34:57",3208,2956,68974,-38.230142,-72.643623,2.4,171.9,2.6,14.8,,1.6
"2025-12-02 23:34:58",3210,2958,68957,0,,2.1,216.1,2.59,14.85,,1.6
"2025-12-02 23:34:59",3211,2959,68942,0,,2.85,139,2.57,14.9,,1.6
"2025-12-02 23:35:00",3213,2961,68928,-38.230195,-72.643615,2.3,183.5,2.54,14.95,10.75,1.6
"2025-12-02 23:35:01",3215,2963,68913,0,,1.45,199.4,2.53,15,,1.6
"2025-12-02 23:35:02",3216,2964,68898,0,,3,145.6,2.51,15.05,,1.6
"2025-12-02 23:35:03",3218,2966,68884,-38.230252,-72.643607,2.35,196.9,2.5,15.05,,1.6
"2025-12-02 23:35:04",3220,2968,68870,0,,1.75,177.2,2.48,15.15,,1.6
"2025-12-02 23:35:05",3221,2969,68857,0,,2.85,148.4,2.47,15.15,,1.6
"2025-12-02 23:35:06",3223,2971,68844,-38.23031,-72.643603,2.6,212.6,2.45,15.25,,1.6
"2025-12-02 23:35:07",3225,2973,68830,0,,2.4,161.4,2.44,15.3,,1.6
"2025-12-02 23:35:08",3226,2974,68815,0,,2.65,166,2.43,15.35,,1.7
"2025-12-02 23:35:09",3228,2976,68800,-38.230367,-72.643603,2.4,212.9,2.41,15.35,,1.7
"2025-12-02 23:35:10",3230,2978,68786,0,,2.4,148.2,2.38,15.35,,1.7
"2025-12-02 23:35:11",3231,2979,68773,0,,2.85,184.8,2.37,15.4,,1.7
"2025-12-02 23:35:12",3233,2981,68760,-38.230423,-72.643595,1.75,201.9,2.36,15.45,,1.7
"2025-12-02 23:35:13",3235,2983,68744,0,,2.7,139.6,2.34,15.45,,1.7
"2025-12-02 23:35:14",3237,2985,68729,0,,3,200.1,2.33,15.5,,1.7
"2025-12-02 23:35:15",3238,2986,68714,-38.230482,-72.643585,1.55,184.4,2.32,15.5,,1.7
"2025-12-02 23:35:16",3240,2988,68700,0,,3.05,146.5,2.3,15.55,,1.7
"2025-12-02 23:35:17",3242,2990,68686,0,,3.05,146.5,2.29,15.6,,1.7
"2025-12-02 23:35:18",3243,2991,68672,-38.230548,-72.643578,2.25,172.6,2.27,15.65,,1.7
"2025-12-02 23:35:20",3247,2995,68643,0,,3.45,207.1,2.24,15.7,,1.7
"2025-12-02 23:35:21",3248,2996,68630,-38.23062,-72.643572,2.25,156.2,2.22,15.75,,1.7
"2025-12-02 23:35:22",3250,2998,68616,0,,2.9,162.6,2.21,15.75,,1.7
"2025-12-02 23:35:23",3251,2999,68602,0,,3.05,202.2,2.19,15.75,,1.7
"2025-12-02 23:35:24",3253,3001,68588,-38.230685,-72.643562,2.4,138.4,2.17,15.8,,1.7
"2025-12-02 23:35:25",3255,3003,68573,0,,2.5,182.7,2.15,15.8,,1.7
"2025-12-02 23:35:26",3257,3005,68558,0,,2.55,195.5,2.14,15.85,,1.7
"2025-12-02 23:35:27",3258,3006,68544,-38.230747,-72.643555,2.35,139.7,2.13,15.9,10.5,1.7
"2025-12-02 23:35:28",3260,3008,68530,0,,3.1,192.2,2.11,15.95,,1.7
"2025-12-02 23:35:29",3261,3009,68517,0,,2.65,182.8,2.08,16,,1.7
"2025-12-02 23:35:30",3263,3011,68504,-38.23082,-72.643552,2.35,147.6,2.07,16.05,,1.7
"2025-12-02 23:35:31",3265,3013,68491,0,,3.6,197.2,2.06,16.15,,1.6
"2025-12-02 23:35:32",3266,3014,68478,0,,2.55,172.7,2.05,16.25,,1.6
"2025-12-02 23:35:33",3268,3016,68466,-38.230897,-72.643555,2.75,165.9,2.04,16.35,,1.6
"2025-12-02 23:35:35",3271,3019,68438,0,,3.6,173.3,2.01,16.6,,1.6
"2025-12-02 23:35:36",3273,3021,68424,-38.230978,-72.64356,2.7,176.6,2,16.65,,1.6
"2025-12-02 23:35:37",3274,3022,68410,0,,3,203.1,2,16.7,,1.6
"2025-12-02 23:35:38",3276,3024,68398,0,,3.55,160.4,1.98,16.75,,1.6
"2025-12-02 23:35:39",3277,3025,68386,-38.231048,-72.643553,2,179.4,1.98,16.8,,1.6
"2025-12-02 23:35:40",3279,3027,68370,0,,2.35,200,1.95,16.85,,1.6
"2025-12-02 23:35:41",3281,3029,68355,0,,4,161.4,1.95,16.9,,1.6
"2025-12-02 23:35:42",3282,3030,68340,-38.231117,-72.643547,1.75,179.6,1.94,16.9,,1.6
"2025-12-02 23:35:43",3284,3032,68328,0,,2.55,190.1,1.92,16.95,,1.6
"2025-12-02 23:35:44",3285,3033,68316,0,,4.1,160.8,1.91,16.95,,1.6
"2025-12-02 23:35:45",3287,3035,68304,-38.231195,-72.643542,2.2,194,1.9,17,,1.6
"2025-12-02 23:35:46",3288,3036,68292,0,,3.15,179.1,1.88,17.1,,1.6
"2025-12-02 23:35:47",3289,3037,68281,0,,3.45,163,1.87,17.1,,1.5
"2025-12-02 23:35:48",3291,3039,68270,-38.231272,-72.643532,2.25,195.4,1.86,17.15,,1.5
"2025-12-02 23:35:49",3292,3040,68256,0,,3.35,161.7,1.84,17.15,,1.5
"2025-12-02 23:35:50",3294,3042,68243,0,,3.2,180,1.83,17.15,,1.5
"2025-12-02 23:35:51",3296,3044,68230,-38.231347,-72.643527,2.65,202,1.82,17.2,,1.5
"2025-12-02 23:35:52",3297,3045,68217,0,,2.95,144,1.79,17.15,,1.5
"2025-12-02 23:35:53",3299,3047,68204,0,,3.35,189.2,1.77,17.2,,1.5
"2025-12-02 23:35:54",3300,3048,68192,-38.231422,-72.643522,2.55,197,1.77,17.25,10.25,1.5
"2025-12-02 23:35:55",3302,3050,68178,0,,3.2,147.7,1.76,17.25,,1.5
"2025-12-02 23:35:56",3303,3051,68165,0,,3.5,201,1.75,17.3,,1.5
"2025-12-02 23:35:57",3305,3053,68152,-38.231502,-72.643517,2.7,176.8,1.73,17.35,,1.5
"2025-12-02 23:35:58",3307,3055,68136,0,,3.2,156.5,1.72,17.35,,1.5
"2025-12-02 23:35:59",3309,3057,68120,0,,2.95,214,1.7,17.4,,1.6
"2025-12-02 23:36:00",3310,3058,68104,-38.23158,-72.643522,3.35,169.8,1.69,17.4,,1.6
"2025-12-02 23:36:01",3312,3060,68094,0,,3.1,170.1,1.68,17.45,,1.6
"2025-12-02 23:36:02",3313,3061,68084,0,,1.95,214.2,1.67,17.45,,1.6
"2025-12-02 23:36:03",3314,3062,68074,-38.231655,-72.643522,3.95,173.3,1.65,17.5,,1.5
"2025-12-02 23:36:04",3316,3064,68060,0,,2.6,171.1,1.64,17.5,,1.5
"2025-12-02 23:36:05",3317,3065,68047,0,,1.65,186.8,1.64,17.5,,1.6
"2025-12-02 23:36:06",3319,3067,68034,-38.23173,-72.643517,4.4,178.7,1.62,17.55,,1.6
"2025-12-02 23:36:07",3321,3069,68017,0,,2.25,168.8,1.61,17.6,,1.6
"2025-12-02 23:36:08",3323,3071,68001,0,,2.3,179,1.59,17.6,,1.6
"2025-12-02 23:36:09",3324,3072,67986,-38.231808,-72.643515,4.5,181.9,1.59,17.6,,1.6
"2025-12-02 23:36:10",3326,3074,67972,0,,1.75,173.2,1.58,17.6,,1.6
"2025-12-02 23:36:11",3328,3076,67959,0,,2.95,180.2,1.56,17.65,,1.6
"2025-12-02 23:36:12",3329,3077,67946,-38.231883,-72.643513,4.05,179.1,1.54,17.65,,1.6
"2025-12-02 23:36:13",3331,3079,67932,0,,1.25,180.4,1.54,17.7,,1.6
"2025-12-02 23:36:14",3332,3080,67919,0,,2.65,181.7,1.52,17.7,,1.6
"2025-12-02 23:36:15",3334,3082,67906,-38.231957,-72.64352,4.05,181.6,1.5,17.7,,1.6
"2025-12-02 23:36:16",3336,3084,67891,0,,1.5,194.8,1.5,17.7,,1.7
"2025-12-02 23:36:17",3337,3085,67877,0,,4.1,185,1.48,17.7,,1.7
"2025-12-02 23:36:18",3339,3087,67864,-38.232033,-72.643525,3.3,178.6,1.47,17.7,,1.7
"2025-12-02 23:36:20",3342,3090,67840,0,,4.2,176.6,1.43,17.75,,1.6
"2025-12-02 23:36:21",3343,3091,67828,-38.232107,-72.643523,2.75,182.9,1.41,17.75,10,1.6
"2025-12-02 23:36:22",3345,3093,67815,0,,1.7,189.5,1.39,17.75,,1.6
"2025-12-02 23:36:23",3346,3094,67802,0,,4.25,168.8,1.37,17.75,,1.6
"2025-12-02 23:36:24",3348,3096,67790,-38.232183,-72.643518,2.25,183,1.35,17.8,,1.6
"2025-12-02 23:36:25",3350,3098,67775,0,,2.35,177.6,1.33,17.75,,1.6
"2025-12-02 23:36:26",3351,3099,67761,0,,4.55,166.2,1.32,17.75,,1.6
"2025-12-02 23:36:27",3353,3101,67748,-38.232263,-72.643513,2.15,208.5,1.31,17.8,,1.6
"2025-12-02 23:36:28",3354,3102,67736,0,,2.6,164.1,1.3,17.8,,1.5
"2025-12-02 23:36:29",3356,3104,67725,0,,3.6,173.5,1.28,17.8,,1.5
"2025-12-02 23:36:30",3357,3105,67714,-38.232338,-72.64351,1.8,207.1,1.27,17.85,,1.5
"2025-12-02 23:36:31",3358,3106,67701,0,,3.4,157.1,1.25,17.85,,1.5
"2025-12-02 23:36:32",3360,3108,67688,0,,3.7,182.4,1.24,17.9,,1.5
"2025-12-02 23:36:33",3361,3109,67676,-38.232413,-72.643503,1.7,203.7,1.23,17.95,,1.5
"2025-12-02 23:36:35",3365,3113,67648,0,,2.8,189.6,1.19,17.95,,1.5
"2025-12-02 23:36:36",3366,3114,67634,-38.232485,-72.643493,1.9,184,1.18,18,,1.5
"2025-12-02 23:36:38",3368,3116,67619,0,,4,162,1.17,18,,1.5
"2025-12-02 23:36:39",3370,3118,67607,0,,1.8,173.4,1.16,18.05,,1.5
"2025-12-02 23:36:40",3371,3119,67596,-38.232555,-72.643482,2.25,173.7,1.15,18.1,,1.5
"2025-12-02 23:36:40",3372,3120,67585,0,,4.05,182.9,1.14,18.15,,1.5
"2025-12-02 23:36:41",3374,3122,67572,0,,2,156,1.12,18.2,,1.5
"2025-12-02 23:36:42",3375,3123,67560,-38.232632,-72.643482,2.9,182.8,1.12,18.2,,1.5
"2025-12-02 23:36:43",3377,3125,67546,0,,3.5,191.1,1.11,18.25,,1.5
"2025-12-02 23:36:44",3378,3126,67533,0,,2.95,145.4,1.09,18.3,,1.5
"2025-12-02 23:36:45",3380,3128,67520,-38.232712,-72.643472,3.1,189,1.06,18.35,,1.6
"2025-12-02 23:36:47",3383,3131,67493,0,,3.2,148.9,1.03,18.35,,1.5
"2025-12-02 23:36:48",3385,3133,67480,-38.23279,-72.643463,2.7,202.9,1.01,18.4,9.5,1.5
"2025-12-02 23:36:49",3386,3134,67467,0,,3.1,168.2,1,18.4,,1.5
"2025-12-02 23:36:50",3388,3136,67454,0,,3.45,159.2,0.99,18.45,,1.5
"2025-12-02 23:36:51",3389,3137,67442,-38.232872,-72.643455,2.75,207.5,0.97,18.45,,1.5
"2025-12-02 23:36:52",3391,3139,67426,0,,3.55,159.6,0.95,18.45,,1.6
"2025-12-02 23:36:53",3393,3141,67412,0,,2.75,170.7,0.94,18.45,,1.6
"2025-12-02 23:36:54",3395,3143,67398,-38.232948,-72.643447,2.5,202.4,0.91,18.5,,1.6
"2025-12-02 23:36:55",3396,3144,67384,0,,3.95,159.8,0.9,18.5,,1.6
"2025-12-02 23:36:56",3398,3146,67370,0,,2.55,173.6,0.9,18.55,,1.6
"2025-12-02 23:36:57",3400,3148,67356,-38.233027,-72.64343,2.65,184.8,0.89,18.55,,1.6
"2025-12-02 23:36:58",3401,3149,67342,0,,4.15,161.4,0.88,18.6,,1.6
"2025-12-02 23:36:59",3403,3151,67329,0,,4.15,161.4,0.87,18.6,,1.6
"2025-12-02 23:37:00",3404,3152,67316,-38.233103,-72.643413,3.45,173.3,0.86,18.65,,1.6
"2025-12-02 23:37:02",3407,3155,67296,0,,1.4,186.8,0.84,18.6,,1.6
"2025-12-02 23:37:03",3408,3156,67286,-38.233168,-72.6434,2.3,163.4,0.82,18.65,,1.6
"2025-12-02 23:37:05",3412,3160,67251,0,,1.2,162.2,0.79,18.65,,1.6
"2025-12-02 23:37:06",3414,3162,67234,-38.233247,-72.643383,4.35,171.3,0.78,18.7,,1.6
"2025-12-02 23:37:08",3418,3166,67205,0,,1.7,159,0.76,18.75,,1.6
"2025-12-02 23:37:09",3419,3167,67192,-38.233325,-72.64337,4.55,180,0.74,18.75,,1.6
"2025-12-02 23:37:11",3421,3169,67174,0,,2.65,167,0.72,18.7,,1.5
"2025-12-02 23:37:12",3422,3170,67166,-38.233402,-72.643355,4.2,180.8,0.71,18.75,,1.5
"2025-12-02 23:37:14",3426,3174,67135,0,,3.1,166.6,0.69,18.8,,1.6
"2025-12-02 23:37:15",3428,3176,67120,-38.233477,-72.643333,3.85,180.3,0.68,18.85,9.25,1.6
"2025-12-02 23:37:17",3431,3179,67095,0,,3.75,161.3,0.65,18.9,,1.6
"2025-12-02 23:37:18",3432,3180,67084,-38.23355,-72.643308,3.15,180.2,0.64,18.9,,1.5
"2025-12-02 23:37:21",3437,3185,67046,-38.233623,-72.643277,2.65,167.7,0.61,18.95,,1.5
"2025-12-02 23:37:22",3438,3186,67034,0,,2.05,141,0.6,18.95,,1.5
"2025-12-02 23:37:23",3440,3188,67023,0,,3.75,180.6,0.59,19,,1.5
"2025-12-02 23:37:24",3441,3189,67012,-38.2337,-72.643248,2.7,158.7,0.58,19,,1.5
"2025-12-02 23:37:25",3443,3191,66995,0,,3,146.7,0.57,19,,1.6
"2025-12-02 23:37:26",3445,3193,66978,0,,2.9,191.6,0.56,19.05,,1.6
"2025-12-02 23:37:27",3447,3195,66962,-38.233772,-72.643218,3.05,146.3,0.55,19.05,,1.6
"2025-12-02 23:37:28",3448,3196,66949,0,,3.05,152.7,0.55,19,,1.6
"2025-12-02 23:37:29",3450,3198,66936,0,,2.55,184.8,0.54,19.05,,1.6
"2025-12-02 23:37:30",3451,3199,66924,-38.233847,-72.643183,3.75,146.8,0.52,19.05,,1.6
"2025-12-02 23:37:31",3453,3201,66912,0,,2.55,157.8,0.52,19.05,,1.6
"2025-12-02 23:37:32",3454,3202,66902,0,,2.2,183.5,0.51,19.05,,1.6
"2025-12-02 23:37:33",3455,3203,66892,-38.233922,-72.643158,4.25,151.8,0.5,19.1,,1.5
"2025-12-02 23:37:34",3457,3205,66874,0,,1.95,153.3,0.49,19.1,,1.6
"2025-12-02 23:37:35",3460,3208,66856,0,,2.75,170.3,0.47,19.1,,1.7
"2025-12-02 23:37:36",3462,3210,66838,-38.233995,-72.643127,4.3,157.9,0.47,19.1,,1.7
"2025-12-02 23:37:37",3463,3211,66826,0,,1.25,148,0.46,19.1,,1.7
"2025-12-02 23:37:38",3465,3213,66814,0,,3.6,165.8,0.45,19.1,,1.7
"2025-12-02 23:37:39",3466,3214,66802,-38.234065,-72.643098,3.6,158.1,0.44,19.1,,1.6
"2025-12-02 23:37:40",3468,3216,66790,0,,1.2,164.1,0.42,19.1,,1.6
"2025-12-02 23:37:41",3469,3217,66779,0,,4.05,164.7,0.4,19.1,,1.6
"2025-12-02 23:37:42",3470,3218,66768,-38.234133,-72.643075,2.65,157.8,0.4,19.1,9,1.6
"2025-12-02 23:37:43",3472,3220,66754,0,,1.5,188,0.39,19.1,,1.6
"2025-12-02 23:37:44",3474,3222,66741,0,,4.25,151,0.39,19.1,,1.6
"2025-12-02 23:37:45",3475,3223,66728,-38.234198,-72.643045,1.9,161.2,0.4,19.1,,1.6
"2025-12-02 23:37:46",3477,3225,66715,0,,2.15,175.5,0.39,19.1,,1.6
"2025-12-02 23:37:47",3478,3226,66702,0,,3.95,144.7,0.39,19.1,,1.6
"2025-12-02 23:37:48",3480,3228,66690,-38.234263,-72.643018,1.75,176.5,0.39,19.1,,1.5
"2025-12-02 23:37:49",3481,3229,66679,0,,2.7,171,0.37,19.1,,1.5
"2025-12-02 23:37:50",3482,3230,66669,0,,3.6,133.8,0.37,19.05,,1.4
"2025-12-02 23:37:51",3483,3231,66660,-38.234328,-72.642987,2.05,189.3,0.36,19.05,,1.4
"2025-12-02 23:37:52",3485,3233,66644,0,,2.85,165.7,0.36,19,,1.5
"2025-12-02 23:37:53",3487,3235,66628,0,,3.3,145.1,0.35,19,,1.5
"2025-12-02 23:37:54",3489,3237,66612,-38.234393,-72.64296,2.15,202.7,0.35,19,,1.6
"2025-12-02 23:37:55",3490,3238,66601,0,,3.05,129.4,0.35,19,,1.5
"2025-12-02 23:37:56",3492,3240,66590,0,,2.6,144.6,0.34,18.95,,1.5
"2025-12-02 23:37:57",3493,3241,66580,-38.234455,-72.642923,2.25,193.7,0.34,18.95,,1.5
"2025-12-02 23:37:58",3495,3243,66564,0,,3.55,135.9,0.34,18.9,,1.5
"2025-12-02 23:37:59",3497,3245,66549,0,,2.4,158,0.34,18.9,,1.5
"2025-12-02 23:38:00",3499,3247,66534,-38.23452,-72.642892,2.35,191.8,0.32,18.85,,1.6
"2025-12-02 23:38:01",3500,3248,66521,0,,3.65,142.6,0.32,18.9,,1.6
"2025-12-02 23:38:02",3502,3250,66508,0,,1.8,159.3,0.3,18.85,,1.6
"2025-12-02 23:38:03",3503,3251,66496,-38.234585,-72.642857,2.45,175,0.29,18.85,,1.6
"2025-12-02 23:38:05",3506,3254,66471,0,,1.55,187.8,0.26,18.8,,1.6
"2025-12-02 23:38:06",3508,3256,66460,-38.234643,-72.642823,2.5,164.2,0.25,18.8,,1.6
"2025-12-02 23:38:08",3511,3259,66429,0,,0.1,140.6,0.23,18.75,,1.6
"2025-12-02 23:38:09",3513,3261,66414,-38.234693,-72.642785,3.15,152.2,0.21,18.75,8.5,1.6
"2025-12-02 23:38:10",3514,3262,66403,0,,2.8,132.9,0.21,18.75,,1.6
"2025-12-02 23:38:11",3516,3264,66392,0,,1.65,202.8,0.21,18.75,,1.6
"2025-12-02 23:38:12",3517,3265,66382,-38.23474,-72.642757,2.9,142.4,0.2,18.75,,1.6
"2025-12-02 23:38:13",3519,3267,66368,0,,2.35,134.9,0.17,18.75,,1.5
"2025-12-02 23:38:14",3520,3268,66355,0,,2.9,184.1,0.16,18.75,,1.5
"2025-12-02 23:38:15",3522,3270,66342,-38.234797,-72.64273,2.45,135.4,0.15,18.75,,1.5
"2025-12-02 23:38:16",3523,3271,66328,0,,1.6,162.9,0.14,18.75,,1.6
"2025-12-02 23:38:17",3525,3273,66314,0,,2.9,179.6,0.13,18.75,,1.6
"2025-12-02 23:38:18",3527,3275,66300,-38.234853,-72.642705,1.95,137.6,0.13,18.75,,1.6
"2025-12-02 23:38:20",3530,3278,66275,0,,3.2,167.7,0.1,18.75,,1.5
"2025-12-02 23:38:21",3531,3279,66264,-38.234915,-72.642678,1.25,124.2,0.1,18.75,,1.5
"2025-12-02 23:38:22",3533,3281,66250,0,,3.15,168.3,0.08,18.7,,1.5
"2025-12-02 23:38:23",3534,3282,66237,0,,2.55,159.8,0.07,18.7,,1.6
"2025-12-02 23:38:24",3536,3284,66224,-38.234972,-72.642653,0.1,159.8,0.05,18.75,,1.6
"2025-12-02 23:38:25",3537,3285,66214,0,,3.6,167,0.04,18.75,,1.6
"2025-12-02 23:38:26",3539,3287,66204,0,,2,159.8,0.01,18.75,,1.5
"2025-12-02 23:38:27",3540,3288,66194,-38.235028,-72.642625,1.3,149.7,0,18.75,,1.5
"2025-12-02 23:38:29",3544,3292,66161,0,,1.55,146.1,-0.02,18.75,,1.6
"2025-12-02 23:38:30",3546,3294,66146,-38.23508,-72.642592,1.5,171.4,-0.03,18.75,,1.6
"2025-12-02 23:38:31",3547,3295,66134,0,,3.55,152.1,-0.04,18.75,,1.6
"2025-12-02 23:38:32",3548,3296,66122,0,,1,172.6,-0.04,18.75,,1.5
"2025-12-02 23:38:33",3550,3298,66110,-38.235128,-72.64256,1.8,150,-0.04,18.75,,1.6
"2025-12-02 23:38:34",3552,3300,66095,0,,3.05,142.6,-0.04,18.75,,1.6
"2025-12-02 23:38:35",3553,3301,66081,0,,1.65,199.3,-0.04,18.8,,1.6
"2025-12-02 23:38:36",3555,3303,66068,-38.235168,-72.642532,2,130.1,-0.05,18.8,8.5,1.6
"2025-12-02 23:38:37",3557,3305,66054,0,,2.4,130.2,-0.06,18.8,,1.6
"2025-12-02 23:38:38",3558,3306,66040,0,,2.1,209.4,-0.07,18.8,,1.6
"2025-12-02 23:38:39",3560,3308,66026,-38.23521,-72.642508,1.8,119,-0.08,18.8,,1.7
"2025-12-02 23:38:40",3562,3310,66013,0,,2.05,141.7,-0.09,18.85,,1.7
"2025-12-02 23:38:41",3563,3311,66001,0,,2.2,196.6,-0.11,18.85,,1.6
"2025-12-02 23:38:42",3565,3313,65990,-38.235248,-72.642483,1.75,96.9,-0.11,18.85,,1.6
"2025-12-02 23:38:43",3566,3314,65977,0,,1.95,158.1,-0.12,18.85,,1.6
"2025-12-02 23:38:44",3568,3316,65964,0,,1.5,189.9,-0.13,18.8,,1.6
"2025-12-02 23:38:45",3569,3317,65952,-38.235287,-72.642462,1.55,118.7,-0.13,18.8,,1.6
"2025-12-02 23:38:46",3571,3319,65937,0,,2.15,171.8,-0.13,18.75,,1.6
"2025-12-02 23:38:47",3573,3321,65922,0,,1.7,144,-0.14,18.75,,1.6
"2025-12-02 23:38:48",3575,3323,65908,-38.235322,-72.642425,2.15,100.5,-0.14,18.7,,1.6
"2025-12-02 23:38:49",3576,3324,65896,0,,1.95,188.5,-0.14,18.75,,1.6
"2025-12-02 23:38:50",3577,3325,65885,0,,1.75,114.5,-0.14,18.7,,1.6
"2025-12-02 23:38:51",3579,3327,65874,-38.23535,-72.642388,2.1,107.5,-0.14,18.7,,1.5
"2025-12-02 23:38:52",3580,3328,65861,0,,1.8,193.6,-0.13,18.65,,1.5
"2025-12-02 23:38:53",3582,3330,65849,0,,2.15,100,-0.13,18.65,,1.5
"2025-12-02 23:38:54",3583,3331,65838,-38.235377,-72.642352,1.75,122.7,-0.12,18.55,,1.5
"2025-12-02 23:38:55",3585,3333,65825,0,,1.15,194.8,-0.12,18.45,,1.5
"2025-12-02 23:38:56",3586,3334,65812,0,,2.7,105.4,-0.11,18.45,,1.5
"2025-12-02 23:38:57",3588,3336,65800,-38.235405,-72.642302,1.95,138.2,-0.11,18.4,,1.5
"2025-12-02 23:38:58",3589,3337,65786,0,,1.15,155.8,-0.12,18.4,,1.5
"2025-12-02 23:38:59",3591,3339,65773,0,,2.9,90.9,-0.11,18.35,,1.5
"2025-12-02 23:39:00",3593,3341,65760,-38.23543,-72.64225,2,153.3,-0.12,18.3,,1.5
"2025-12-02 23:39:01",3594,3342,65746,0,,1.15,127.8,-0.13,18.25,,1.5
"2025-12-02 23:39:02",3596,3344,65733,0,,2.95,92.5,-0.13,18.15,,1.5
"2025-12-02 23:39:03",3598,3346,65720,-38.235452,-72.642198,1.8,167.1,-0.13,18.1,8.25,1.6
"2025-12-02 23:39:05",3601,3349,65695,0,,2.75,102.8,-0.14,18,,1.6
"2025-12-02 23:39:06",3602,3350,65684,-38.235472,-72.642145,1.15,179.8,-0.14,17.9,,1.6
"2025-12-02 23:39:07",3603,3351,65672,0,,2.4,105.2,-0.15,17.8,,1.6
"2025-12-02 23:39:08",3605,3353,65660,0,,2.45,113.7,-0.17,17.75,,1.6
"2025-12-02 23:39:09",3606,3354,65648,-38.235492,-72.642088,0.05,113.7,-0.18,17.65,,1.5
"2025-12-02 23:39:10",3608,3356,65632,0,,3,111.7,-0.19,17.55,,1.6
"2025-12-02 23:39:11",3610,3358,65616,0,,1.75,113.2,-0.2,17.5,,1.6
"2025-12-02 23:39:12",3612,3360,65600,-38.235508,-72.642032,0.05,113.2,-0.21,17.45,,1.6
"2025-12-02 23:39:13",3614,3362,65584,0,,2.65,107.6,-0.22,17.4,,1.7
"2025-12-02 23:39:14",3616,3364,65569,0,,1.1,114,-0.23,17.35,,1.7
"2025-12-02 23:39:15",3618,3366,65554,-38.23553,-72.641977,1.2,120.2,-0.24,17.25,,1.7
"2025-12-02 23:39:16",3619,3367,65542,0,,3.5,116.6,-0.26,17.2,,1.7
"2025-12-02 23:39:17",3621,3369,65530,0,,0.1,116.6,-0.27,17.15,,1.7
"2025-12-02 23:39:18",3622,3370,65518,-38.235553,-72.641912,2,109.6,-0.29,17.1,,1.7
"2025-12-02 23:39:20",3626,3374,65490,0,,0.05,124.4,-0.31,17,,1.7
"2025-12-02 23:39:21",3627,3375,65476,-38.235573,-72.641852,2.55,115.4,-0.33,17,,1.7
"2025-12-02 23:39:22",3629,3377,65461,0,,2.7,129.2,-0.35,17,,1.7
"2025-12-02 23:39:23",3631,3379,65447,0,,1.5,133.5,-0.36,16.95,,1.7
"2025-12-02 23:39:24",3633,3381,65434,-38.235612,-72.64179,2.85,130.3,-0.37,16.9,,1.7
"2025-12-02 23:39:25",3634,3382,65422,0,,2.45,123.6,-0.39,16.85,,1.7
"2025-12-02 23:39:26",3635,3383,65410,0,,2,83.1,-0.42,16.85,,1.6
"2025-12-02 23:39:27",3637,3385,65398,-38.235638,-72.641728,2.6,146.2,-0.43,16.8,,1.6
"2025-12-02 23:39:28",3639,3387,65384,0,,2.3,110.9,-0.45,16.8,,1.6
"2025-12-02 23:39:29",3640,3388,65372,0,,3,97.7,-0.45,16.75,,1.6
"2025-12-02 23:39:30",3642,3390,65360,-38.235663,-72.64166,2.25,148.9,-0.46,16.75,8,1.6
"2025-12-02 23:39:32",3645,3393,65335,0,,2.6,115.8,-0.48,16.75,,1.6
"2025-12-02 23:39:33",3646,3394,65322,-38.235685,-72.641597,2,146.1,-0.48,16.7,,1.6
"2025-12-02 23:39:35",3650,3398,65292,0,,2.7,118.9,-0.51,16.65,,1.6
"2025-12-02 23:39:36",3652,3400,65278,-38.235703,-72.64153,1.55,146.6,-0.52,16.65,,1.6
"2025-12-02 23:39:38",3655,3403,65248,0,,3.05,80.1,-0.56,16.6,,1.6
"2025-12-02 23:39:39",3657,3405,65234,-38.235728,-72.641468,1.65,138.4,-0.58,16.6,,1.7
"2025-12-02 23:39:41",3661,3409,65205,0,,1.85,152.8,-0.61,16.55,,1.7
"2025-12-02 23:39:42",3662,3410,65192,-38.235757,-72.641408,2,116.1,-0.62,16.5,,1.7
"2025-12-02 23:39:44",3666,3414,65162,0,,0.05,104.1,-0.66,16.55,,1.8
"2025-12-02 23:39:45",3668,3416,65148,-38.235777,-72.641337,2.6,113.1,-0.67,16.5,,1.8
"2025-12-02 23:39:46",3669,3417,65134,0,,,,-0.69,16.5,,1.8
"2025-12-02 23:39:47",3671,3419,65120,0,,,,-0.71,16.45,,1.8
"2025-12-02 23:39:48",3673,3421,65106,0,,,,-0.72,16.45,,1.8
"2025-12-02 23:39:51",3677,3425,65070,-38.235827,-72.6412,3.1,132.2,-0.76,16.3,,1.7
"2025-12-02 23:39:52",3679,3427,65057,0,,3.1,132.2,-0.78,16.25,,1.7
"2025-12-02 23:39:53",3680,3428,65044,0,,3.3,81.8,-0.79,16.25,,1.7
"2025-12-02 23:39:54",3682,3430,65032,-38.235845,-72.641122,2.45,134.2,-0.8,16.15,,1.6
"2025-12-02 23:39:56",3685,3433,65005,0,,1.9,111,-0.82,16.1,,1.6
"2025-12-02 23:39:57",3687,3435,64992,-38.235867,-72.641048,1.5,137.8,-0.82,16.05,7.5,1.6
"2025-12-02 23:39:58",3689,3437,64976,0,,2.45,108.6,-0.85,16.05,,1.6
"2025-12-02 23:39:59",3691,3439,64961,0,,3.75,116.4,-0.85,16,,1.6
"2025-12-02 23:40:00",3693,3441,64946,-38.235898,-72.640973,1.15,118.5,-0.87,15.95,,1.6
"2025-12-02 23:40:01",3694,3442,64932,0,,,,-0.88,15.85,,1.6
"2025-12-02 23:40:02",3696,3444,64919,0,,,,-0.89,15.85,,1.6
"2025-12-02 23:40:03",3697,3445,64906,0,,,,-0.91,15.75,,1.6
"2025-12-02 23:40:04",3700,3448,64889,0,,,,-0.92,15.7,,1.7
"2025-12-02 23:40:05",3702,3450,64872,0,,,,-0.94,15.65,,1.8
"2025-12-02 23:40:06",3704,3452,64856,0,,,,-0.95,15.6,,1.8
"2025-12-02 23:40:07",3705,3453,64842,-38.235957,-72.640793,1.7,75.2,-0.96,15.55,,1.8
"2025-12-02 23:40:08",3707,3455,64829,0,,2.5,106.8,-0.97,15.5,,1.8
"2025-12-02 23:40:09",3708,3456,64818,-38.23597,-72.640745,1.95,91.8,-0.97,15.45,,1.8
"2025-12-02 23:40:10",3710,3458,64804,0,,2,91.8,-0.97,15.4,,1.8
"2025-12-02 23:40:11",3712,3460,64790,0,,3.15,142.4,-0.97,15.3,,1.8
"2025-12-02 23:40:12",3714,3462,64776,-38.235988,-72.640672,2.05,91.1,-0.98,15.3,,1.8
"2025-12-02 23:40:13",3715,3463,64763,0,,,,-1,15.25,,1.7
"2025-12-02 23:40:14",3717,3465,64750,0,,,,-1,15.2,,1.7
"2025-12-02 23:40:15",3718,3466,64738,0,,,,-1.01,15.2,,1.7
"2025-12-02 23:40:16",3721,3469,64716,0,,,,-1.02,15.25,,1.8
"2025-12-02 23:40:17",3723,3471,64701,0,,3.85,89.3,-1.02,15.25,,1.8
"2025-12-02 23:40:18",3724,3472,64688,-38.236058,-72.640505,2.75,138.4,-1.02,15.3,7.5,1.7
"2025-12-02 23:40:22",3731,3479,64634,0,,2.9,116.3,-1.05,15.6,,1.7
"2025-12-02 23:40:23",3733,3481,64621,0,,2.9,116.3,-1.05,15.75,,1.7
"2025-12-02 23:40:24",3734,3482,64608,-38.236137,-72.64036,2.45,145.5,-1.06,15.85,,1.7
"2025-12-02 23:40:25",3736,3484,64593,0,,2.9,131.3,-1.06,15.95,,1.7
"2025-12-02 23:40:26",3738,3486,64578,0,,2.9,128.3,-1.06,16.1,,1.8
"2025-12-02 23:40:27",3740,3488,64564,-38.23618,-72.640287,2.65,149.5,-1.07,16.2,,1.8
"2025-12-02 23:40:28",3742,3490,64548,0,,3,94.8,-1.07,16.4,,1.7
"2025-12-02 23:40:29",3744,3492,64533,0,,2.55,149.2,-1.08,16.5,,1.7
"2025-12-02 23:40:30",3746,3494,64518,-38.236223,-72.640217,3,139.2,-1.11,16.65,,1.8
"2025-12-02 23:40:31",3747,3495,64503,0,,,,-1.13,16.7,,1.8
"2025-12-02 23:40:32",3749,3497,64488,0,,,,-1.15,16.85,,1.8
"2025-12-02 23:40:33",3751,3499,64474,0,,,,-1.16,16.95,,1.8
"2025-12-02 23:40:36",3756,3504,64431,0,,,,-1.2,17.3,,1.8
"2025-12-02 23:40:37",3758,3506,64417,0,,,,-1.2,17.45,,1.8
"2025-12-02 23:40:38",3760,3508,64403,0,,,,-1.2,17.55,,1.8
"2025-12-02 23:40:39",3761,3509,64390,0,,,,-1.23,17.65,,1.8
"2025-12-02 23:40:40",3763,3511,64376,-38.236393,-72.639983,3.1,135.5,-1.24,17.75,,1.8
"2025-12-02 23:40:41",3765,3513,64362,0,,,,-1.25,17.85,,1.8
"2025-12-02 23:40:42",3766,3514,64350,0,,,,-1.28,17.95,,1.7
"2025-12-02 23:40:43",3768,3516,64334,0,,,,-1.3,18,,1.7
"2025-12-02 23:40:44",3770,3518,64319,0,,,,-1.32,18.15,,1.7
"2025-12-02 23:40:45",3772,3520,64304,0,,,,-1.35,18.25,,1.8
"2025-12-02 23:40:46",3774,3522,64292,0,,,,-1.36,18.4,7,1.7
"2025-12-02 23:40:47",3776,3524,64275,0,,3.15,147,-1.38,18.45,,1.8
"2025-12-02 23:40:48",3778,3526,64260,-38.236535,-72.639782,3,104.6,-1.41,18.55,,1.8
"2025-12-02 23:40:49",3779,3527,64247,0,,,,-1.42,18.65,,1.8
"2025-12-02 23:40:50",3781,3529,64234,0,,,,-1.43,18.75,,1.8
"2025-12-02 23:40:51",3782,3530,64222,0,,,,-1.46,18.85,,1.7
"2025-12-02 23:40:52",3784,3532,64207,0,,3.9,153.4,-1.47,18.9,,1.7
"2025-12-02 23:40:53",3786,3534,64192,0,,3.9,153.4,-1.5,19,,1.7
"2025-12-02 23:40:54",3788,3536,64178,-38.23663,-72.639642,2.4,111,-1.51,19.15,,1.8
"2025-12-02 23:40:55",3789,3537,64165,0,,,,-1.51,19.25,,1.8
"2025-12-02 23:40:56",3791,3539,64152,0,,,,-1.53,19.35,,1.7
"2025-12-02 23:40:57",3792,3540,64140,0,,,,-1.54,19.5,,1.7
"2025-12-02 23:41:00",3798,3546,64094,0,,,,-1.57,19.9,,1.7
"2025-12-02 23:41:01",3800,3548,64079,0,,,,-1.6,20,,1.7
"2025-12-02 23:41:02",3802,3550,64064,0,,,,-1.62,20.1,,1.8
"2025-12-02 23:41:03",3804,3552,64050,0,,,,-1.64,20.2,,1.8
"2025-12-02 23:41:04",3805,3553,64036,0,,,,-1.65,20.25,,1.8
"2025-12-02 23:41:05",3807,3555,64024,-38.236827,-72.639375,2.15,126.8,-1.68,20.35,,1.7
"2025-12-02 23:41:06",3808,3556,64012,0,,,,-1.69,20.4,,1.7
"2025-12-02 23:41:07",3810,3558,63997,0,,2.15,126.8,-1.7,20.5,,1.7
"2025-12-02 23:41:08",3812,3560,63982,0,,2.7,144,-1.71,20.55,,1.8
"2025-12-02 23:41:09",3814,3562,63968,-38.236907,-72.639283,4.5,146.7,-1.72,20.6,6.5,1.8
"2025-12-02 23:41:13",3821,3569,63913,0,,,,-1.79,20.8,,1.7
"2025-12-02 23:41:14",3823,3571,63899,0,,,,-1.8,20.85,,1.7
"2025-12-02 23:41:15",3824,3572,63886,0,,,,-1.82,20.9,,1.7
"2025-12-02 23:41:16",3826,3574,63870,0,,,,-1.83,20.95,,1.7
"2025-12-02 23:41:17",3828,3576,63855,0,,,,-1.85,20.95,,1.7
"2025-12-02 23:41:18",3830,3578,63842,0,,,,-1.86,21,,1.8
"2025-12-02 23:41:19",3831,3579,63827,0,,,,-1.87,21.05,,1.8
"2025-12-02 23:41:20",3833,3581,63813,0,,,,-1.89,21.1,,1.8
"2025-12-02 23:41:21",3835,3583,63800,0,,,,-1.92,21.1,,1.7
"2025-12-02 23:41:22",3836,3584,63788,0,,,,-1.93,21.15,,1.7
"2025-12-02 23:41:23",3838,3586,63773,0,,,,-1.95,21.2,,1.7
"2025-12-02 23:41:24",3840,3588,63758,0,,,,-1.97,21.2,,1.8
"2025-12-02 23:41:25",3841,3589,63748,0,,,,-1.99,21.25,,1.7
"2025-12-02 23:41:26",3844,3592,63730,0,,,,-2,21.25,,1.8
"2025-12-02 23:41:27",3846,3594,63714,-38.237238,-72.638868,3.4,116.3,-2.02,21.25,6,1.8
"2025-12-02 23:41:28",3848,3596,63696,0,,,,-2.04,21.25,,1.8
"2025-12-02 23:41:46",3879,3627,63445,0,,,,-2.29,21.55,,1.7
"2025-12-02 23:41:47",3881,3629,63431,0,,,,-2.3,21.55,,1.7
"2025-12-02 23:41:48",3883,3631,63418,0,,,,-2.33,21.55,,1.7
"2025-12-02 23:41:49",3884,3632,63408,0,,,,-2.34,21.6,,1.7
"2025-12-02 23:41:51",3886,3634,63394,-38.23769,-72.638227,2.2,141.3,-2.36,21.65,,1.7
"2025-12-02 23:41:51",3888,3636,63380,0,,,,-2.38,21.7,,1.7
"2025-12-02 23:41:52",3890,3638,63360,0,,,,-2.39,21.8,,1.8
"2025-12-02 23:41:54",3891,3639,63354,0,,,,-2.4,21.85,,1.7
"2025-12-02 23:41:54",3893,3641,63336,0,,,,-2.4,21.9,,1.7
"2025-12-02 23:41:55",3895,3643,63320,0,,,,-2.43,22,5.5,1.7
"2025-12-02 23:41:57",3897,3645,63308,0,,,,-2.44,22.05,,1.7
"2025-12-02 23:41:57",3898,3646,63298,0,,,,-2.46,22.15,,1.7
"2025-12-02 23:41:58",3900,3648,63278,0,,,,-2.48,22.2,,1.7
"2025-12-02 23:58:25",5361,5109,52510,0,,,,-11.44,6.9,,
"2025-12-02 23:58:29",5366,5114,52481,0,,,,-11.47,6.85,,
"2025-12-02 23:58:30",5367,5115,52474,0,,,,-11.48,6.8,,
"2025-12-02 23:58:40",5374,5122,52424,0,,,,-11.48,6.7,,0.8
"2025-12-02 23:58:41",5375,5123,52420,0,,,,-11.55,6.7,,0.7
"2025-12-02 23:58:44",5385,5133,52352,0,,,,-11.58,6.7,,1.3
"2025-12-02 23:58:45",5388,5136,52330,0,,,,-11.59,6.65,,1.4
"2025-12-02 23:58:46",5391,5139,52308,0,,,,-11.6,6.65,,1.5
"2025-12-02 23:58:50",5398,5146,52261,0,,,,-11.61,6.65,,1.6
"2025-12-02 23:58:51",5400,5148,52250,0,,,,-11.65,6.65,,1.6
"2025-12-02 23:58:55",5394,5142,52288,0,,,,-11.47,6.65,,1.4
"2025-12-02 23:58:56",5393,5141,52298,0,,,,-11.53,6.65,,0.7
"2025-12-02 23:58:57",5391,5139,52308,0,,,,-11.5,6.65,-6.5,0.3
"2025-12-02 23:59:50",5331,5079,52720,0,,,,-8.74,9.65,,-1.2
"2025-12-02 23:59:56",4756,4504,56770,0,,,,-8.1,10.15,,-10.9
"2025-12-02 00:00:02",4697,4445,57202,0,,,,-7.67,10.25,,-52.2
"2025-12-02 00:00:08",4637,4385,57640,0,,,,-7.26,10.3,,-9.8
"2025-12-02 00:00:14",4579,4327,58074,0,,,,-6.94,10.4,,-9.8
"2025-12-02 00:00:20",4519,4267,58516,0,,,,-6.62,10.6,,-9.7
"2025-12-02 00:00:26",4460,4208,58958,0,,,,-6.35,11,,-9.8
"2025-12-02 00:00:32",4401,4149,59398,0,,,,-6.26,11.5,,-9.7
"2025-12-02 00:00:38",4343,4091,59844,0,,,,-6.21,12.75,-6.75,-9.7
"2025-12-02 00:00:44",4284,4032,60290,0,,,,-5.93,14.25,,-9.7
"2025-12-02 00:00:50",4226,3974,60734,0,,,,-5.65,15.95,,-9.6
"2025-12-02 00:00:56",4168,3916,61182,0,,,,-5.3,18.3,,-9.6
"2025-12-02 00:01:02",4109,3857,61636,0,,,,-4.8,20.4,,-9.6
"2025-12-02 00:01:09",4052,3800,62084,0,,,,-4.31,22.3,,-9.5
"2025-12-02 00:01:15",3993,3741,62544,0,,,,-3.85,24,,-9.5
"2025-12-02 00:01:21",3937,3685,62990,0,,,,-3.4,24.85,,-9.5
"2025-12-02 00:01:27",3880,3628,63444,0,,,,-2.92,24.75,,-9.4
"2025-12-02 00:01:33",3822,3570,63900,0,,,,-2.53,24,-5.5,-9.4
"2025-12-02 00:01:39",3767,3515,64348,0,,,,-2.06,23.25,,-9.3
"2025-12-02 00:01:45",3708,3456,64818,0,,,,-1.54,22.1,,-9.4
"2025-12-02 00:01:51",3654,3402,65262,0,,,,-1.13,20.35,,-9.3
"2025-12-02 00:01:57",3597,3345,65724,0,,,,-0.8,19,,-9.2
"2025-12-02 00:02:03",3541,3289,66182,0,,,,-0.57,18.85,,-9.3
"2025-12-02 00:02:09",3484,3232,66652,0,,,,-0.27,18.9,,-9.3
"2025-12-02 00:02:15",3429,3177,67114,0,,,,0.08,19.4,,-9.3
"2025-12-02 00:02:21",3370,3118,67606,0,,,,0.45,20.15,,-9.5
"2025-12-02 00:02:27",3315,3063,68066,0,,,,0.88,20.5,-3,-9.4
"2025-12-02 00:02:33",3259,3007,68538,0,,,,1.38,20.35,,-9.2
"2025-12-02 00:02:39",3204,2952,69006,0,,,,1.91,19.95,,-9.2
"2025-12-02 00:02:45",3147,2895,69490,0,,,,2.46,19.55,,-9.3
"2025-12-02 00:02:51",3092,2840,69966,0,,,,2.85,18.95,,-9.3
"2025-12-02 00:02:57",3035,2783,70452,0,,,,3.3,17.85,,-9.3
"2025-12-02 00:03:04",2981,2729,70922,0,,,,3.7,15.1,,-9.1
"2025-12-02 00:03:10",2925,2673,71408,0,,,,4.1,12.85,,-9.1
"2025-12-02 00:03:16",2872,2620,71878,0,,,,4.3,10.95,,-9.1
"2025-12-02 00:03:22",2818,2566,72352,0,,,,4.64,10.95,0,-8.9
"2025-12-02 00:03:28",2762,2510,72846,0,,,,5.07,12.1,,-9.1
"2025-12-02 00:03:34",2709,2457,73322,0,,,,5.49,12.2,,-9.1
"2025-12-02 00:03:40",2655,2403,73800,0,,,,5.97,12,,-8.8
"2025-12-02 00:03:46",2602,2350,74284,0,,,,6.45,11.9,,-8.9
"2025-12-02 00:03:52",2548,2296,74768,0,,,,6.92,11.9,,-8.9
"2025-12-02 00:03:58",2493,2241,75270,0,,,,7.4,11.75,,-9
"2025-12-02 00:04:04",2438,2186,75772,0,,,,7.84,10.7,,-9.1
"2025-12-02 00:04:10",2384,2132,76264,0,,,,8.29,9.5,,-9
"2025-12-02 00:04:16",2330,2078,76764,0,,,,8.73,8.4,3,-9
"2025-12-02 00:04:22",2276,2024,77266,0,,,,8.89,7.65,,-9
"2025-12-02 00:04:28",2222,1970,77764,0,,,,9.1,7.5,,-8.9
"2025-12-02 00:04:34",2169,1917,78264,0,,,,9.37,7.3,,-8.9
"2025-12-02 00:04:40",2113,1861,78788,0,,,,9.69,7.3,,-9
"2025-12-02 00:04:46",2060,1808,79296,0,,,,9.9,7.4,,-9.1
"2025-12-02 00:04:52",2006,1754,79808,0,,,,9.77,10,,-9
"2025-12-02 00:04:58",1954,1702,80310,0,,,,9.76,12.5,,-8.8
"2025-12-02 00:05:04",1902,1650,80808,0,,,,10.11,15.05,,-8.7
"2025-12-02 00:05:10",1850,1598,81310,0,,,,10.54,16.5,6.25,-8.7
"2025-12-02 00:05:16",1798,1546,81818,0,,,,10.99,17.8,,-8.7
"2025-12-02 00:05:22",1747,1495,82320,0,,,,11.3,19.15,,-8.6
"2025-12-02 00:05:28",1697,1445,82806,0,,,,11.45,21.4,,-8.4
"2025-12-02 00:05:34",1647,1395,83302,0,,,,11.67,22.95,,-8.4
"2025-12-02 00:05:40",1597,1345,83802,0,,,,11.96,23.6,,-8.3
"2025-12-02 00:05:46",1548,1296,84298,0,,,,12.18,24.45,,-8.3
"2025-12-02 00:05:52",1498,1246,84794,0,,,,12.33,25.6,,-8.3
"2025-12-02 00:05:58",1448,1196,85304,0,,,,12.63,26,,-8.3
"2025-12-02 00:06:04",1397,1145,85814,0,,,,12.83,25.65,9,-8.4
"2025-12-02 00:06:10",1347,1095,86326,0,,,,12.95,26.55,,-8.4
"2025-12-02 00:06:16",1296,1044,86852,0,,,,12.93,29.25,,-8.4
"2025-12-02 00:06:22",1247,995,87356,0,,,,12.73,35.5,,-8.4
"2025-12-02 00:06:28",1197,945,87874,0,,,,12.94,40.4,,-8.2
"2025-12-02 00:06:34",1147,895,88394,0,,,,13.19,44.5,,-8.3
"2025-12-02 00:06:40",1098,846,88904,0,,,,13.54,47.85,,-8.3
"2025-12-02 00:06:46",1050,798,89414,0,,,,13.83,51.15,,-8.2
"2025-12-02 00:06:52",1000,748,89942,0,,,,14.17,52.9,,-8.2
"2025-12-02 00:06:58",951,699,90464,0,,,,14.5,54.1,11.25,-8.2
"2025-12-02 00:07:04",902,650,90980,0,,,,14.84,54.45,,-8.2
"2025-12-02 00:07:10",854,602,91490,0,,,,15.1,54.55,,-8.1
"2025-12-02 00:07:16",805,553,92022,0,,,,15.28,55.5,,-8.1
"2025-12-02 00:07:22",757,505,92540,0,,,,15.61,56,,-8.1
"2025-12-02 00:07:28",709,457,93056,0,,,,15.88,55.75,,-8.1
"2025-12-02 00:07:34",662,410,93578,0,,,,16.02,55.5,,-8
"2025-12-02 00:07:40",614,362,94104,0,,,,16.08,55.15,,-8
"2025-12-02 00:07:46",566,314,94626,0,,,,16.12,55,,-8
"2025-12-02 00:07:57",473,221,95664,0,,,,15.84,54.5,,-7.9
"2025-12-02 00:08:03",428,176,96174,0,,,,15.83,55.5,,-7.8
"2025-12-02 00:08:15",340,88,97166,0,,,,15.18,58.4,,-7.5
"2025-12-02 02:10:29",244,-7,98254,0,,,,8.51,69.65,,
"2025-12-02 02:10:35",244,-7,98258,0,,,,8.47,69.65,8,
"2025-12-02 02:10:47",244,-7,98256,0,,,,8.4,69.75,,0
"2025-12-02 02:10:53",244,-7,98258,0,,,,8.38,69.5,,0
"2025-12-02 02:10:59",243,-8,98262,0,,,,8.34,69.3,,0
"2025-12-02 02:11:05",244,-7,98256,0,,,,8.23,69.05,,0
"2025-12-02 02:11:11",244,-7,98256,0,,,,8.23,69.05,,0
"2025-12-02 02:11:17",243,-8,98260,0,,,,8.23,69.2,,0
"2025-12-02 02:11:23",243,-8,98262,0,,,,8.22,69.3,,0
"2025-12-02 02:11:29",243,-8,98260,0,,,,8.07,69,8,0
"2025-12-02 02:11:35",243,-8,98262,0,,,,7.96,69.1,,0
"2025-12-02 02:11:41",244,-7,98256,0,,,,7.91,69.75,,0
"2025-12-02 02:11:47",243,-8,98260,0,,,,7.88,70.35,,0
"2025-12-02 02:11:53",244,-7,98256,0,,,,7.84,70.55,,0
"2025-12-02 02:12:23",244,-7,98254,0,,,,7.76,70.2,8,0
"2025-12-02 02:12:29",244,-7,98252,0,,,,7.73,70.15,,0
"2025-12-02 02:12:35",244,-7,98258,0,,,,7.69,70.1,,0
"2025-12-02 02:12:41",244,-7,98252,0,,,,7.63,70.25,,0
"2025-12-02 02:12:47",244,-7,98256,0,,,,7.6,70.45,,0
"2025-12-02 02:12:53",244,-7,98254,0,,,,7.64,70.7,,0
"2025-12-02 02:12:59",244,-7,98254,0,,,,7.73,70.95,,0
"2025-12-02 02:13:05",244,-7,98258,0,,,,7.81,70.95,,0
"2025-12-02 02:13:11",243,-8,98260,0,,,,7.91,70.85,,0
"2025-12-02 02:13:17",244,-7,98254,0,,,,7.98,70.6,8,0
"2025-12-02 02:13:23",244,-7,98252,0,,,,8.08,70.45,,0
"2025-12-02 02:13:29",243,-8,98260,0,,,,8.22,70.3,,0
"2025-12-02 02:13:35",243,-8,98260,0,,,,8.23,70,,0
"2025-12-02 02:13:41",244,-7,98256,0,,,,8.23,69.55,,0
"2025-12-02 02:13:47",244,-7,98254,0,,,,8.23,69.2,,0
"2025-12-02 02:13:53",243,-8,98260,0,,,,8.25,69.1,,0
"2025-12-02 02:13:59",244,-7,98258,0,,,,8.25,68.95,,0
"2025-12-02 02:14:05",244,-7,98256,0,,,,8.18,68.45,,0
"2025-12-02 02:14:11",244,-7,98258,0,,,,8,68.05,8,0
"2025-12-02 02:14:23",243,-8,98260,0,,,,7.7,68.7,,0
"2025-12-02 02:14:29",244,-7,98258,0,,,,7.63,69.2,,0
"2025-12-02 02:14:35",244,-7,98258,0,,,,7.6,69.8,,0
"2025-12-02 02:14:41",243,-8,98260,0,,,,7.54,70.1,,0
"2025-12-02 02:14:47",244,-7,98258,0,,,,7.49,70.15,,0
"2025-12-02 02:14:53",244,-7,98256,0,,,,7.47,70.2,,0
"2025-12-02 02:14:59",244,-7,98256,0,,,,7.45,70.35,,0
"2025-12-02 02:15:05",244,-7,98256,0,,,,7.48,70.65,7.75,0
"2025-12-02 02:15:35",244,-7,98258,0,,,,7.92,70.1,,0
"2025-12-02 02:15:40",243,-8,98262,0,,,,7.95,69.75,,0
"2025-12-02 02:15:47",243,-8,98260,0,,,,7.95,69.45,,0
"2025-12-02 02:15:52",244,-7,98258,0,,,,7.9,69.1,,0
"2025-12-02 02:15:58",244,-7,98256,0,,,,7.93,69.65,7.75,0
"2025-12-02 02:16:04",244,-7,98252,0,,,,8.3,73.6,,0
"2025-12-02 02:16:10",244,-7,98252,0,,,,8.44,72.6,,0
"2025-12-02 02:16:16",244,-7,98256,0,,,,8.26,70,,0
"2025-12-02 02:16:22",244,-7,98254,0,,,,8.08,68.9,,0
"2025-12-02 02:16:28",244,-7,98258,0,,,,7.9,68.85,,0
"2025-12-02 02:16:34",244,-7,98258,0,,,,7.8,69.4,,0
"2025-12-02 02:16:46",244,-7,98256,0,,,,7.81,69.9,,0
"2025-12-02 02:16:58",244,-7,98256,0,,,,7.9,70.25,,0
"2025-12-02 02:17:10",244,-7,98256,0,,,,7.93,70.25,,0
"2025-12-02 02:17:16",244,-7,98256,0,,,,7.96,70.15,,0
"2025-12-02 02:17:22",244,-7,98256,0,,,,7.96,69.9,,0
"2025-12-02 02:17:28",244,-7,98254,0,,,,7.96,69.75,,0
"2025-12-02 02:17:52",244,-7,98254,0,,,,7.92,69.5,,0
"2025-12-02 02:18:10",244,-7,98256,0,,,,7.79,69.15,,0
"2025-12-02 02:18:16",244,-7,98258,0,,,,7.74,69.3,,0
"2025-12-02 02:18:46",244,-7,98258,0,,,,7.46,70.05,,0
"2025-12-02 02:18:52",243,-8,98260,0,,,,7.42,70.25,,0
"2025-12-02 02:18:58",244,-7,98258,0,,,,7.45,70.4,,0
