timestamp,msl,agl,pressure,latitude,longitude,speed,heading,temperature,relative_humidity,internal_temperature,rise_speed
"2025-11-02 00:42:56",185,-1,98840,-38.262135,-72.699315,0.35,113,14.71,56.35,,0
"2025-11-02 00:42:58",185,-1,98830,0,,1.4,77.9,14.76,56.4,,0.1
"2025-11-02 00:42:59",186,0,98826,-38.262108,-72.699288,1.65,31.7,14.78,56.4,20,0.1
"2025-11-02 00:43:00",187,0,98815,0,,1.2,16.1,14.84,56.35,,0.2
"2025-11-02 00:43:01",188,1,98805,0,,2,43.4,14.86,56.3,,0.3
"2025-11-02 00:43:02",188,1,98796,-38.262077,-72.699273,0.85,21.4,14.91,56.35,,0.4
"2025-11-02 00:43:03",189,2,98784,0,,,,14.94,56.3,,0.4
"2025-11-02 00:43:04",190,3,98772,0,,,,14.94,56.25,,0.5
"2025-11-02 00:43:05",191,4,98760,0,,,,14.95,56.2,,0.6
"2025-11-02 00:43:06",193,6,98739,0,,2.15,14.1,14.98,56.15,,0.7
"2025-11-02 00:43:07",195,8,98719,0,,1.4,351.8,15,56.1,,0.9
"2025-11-02 00:43:08",197,10,98700,-38.262007,-72.699287,1.55,299.6,15.02,56.05,,1
"2025-11-02 00:43:09",199,12,98675,0,,2.05,10.8,15.04,56,,1.1
"2025-11-02 00:43:10",201,14,98649,0,,2.4,309.4,15.04,55.95,,1.2
"2025-11-02 00:43:11",203,16,98624,-38.261957,-72.699325,3.35,323.1,15.04,55.9,,1.4
"2025-11-02 00:43:12",205,18,98600,0,,,,15.04,55.8,,1.5
"2025-11-02 00:43:13",207,20,98577,0,,,,15.04,55.8,,1.6
"2025-11-02 00:43:14",209,22,98554,0,,,,15.04,55.75,,1.7
"2025-11-02 00:43:15",211,24,98532,0,,,,15.04,55.7,,1.8
"2025-11-02 00:43:16",213,26,98510,0,,,,15.03,55.7,,1.9
"2025-11-02 00:43:17",215,28,98488,0,,,,15,55.65,,2
"2025-11-02 00:43:18",217,30,98462,0,,3.2,320.2,14.96,55.6,,2
"2025-11-02 00:43:19",219,32,98437,0,,2.9,21.4,14.94,55.6,,2
"2025-11-02 00:43:20",221,34,98412,-38.261772,-72.699408,2.85,11.7,14.91,55.6,,2
"2025-11-02 00:43:22",226,39,98354,0,,1.9,324.1,14.87,55.65,,2.1
"2025-11-02 00:43:23",229,42,98326,-38.26168,-72.69944,2.75,349.4,14.85,55.7,,2.2
"2025-11-02 00:43:26",238,51,98220,-38.261622,-72.699447,3.15,336.6,14.75,55.75,19.75,2.4
"2025-11-02 00:43:28",245,58,98145,0,,3.6,17.4,14.69,55.85,,2.6
"2025-11-02 00:43:29",248,61,98108,-38.261572,-72.69944,3.65,334.4,14.66,55.9,,2.7
"2025-11-02 00:43:31",254,67,98034,0,,2.3,359.4,14.61,56,,2.9
"2025-11-02 00:43:32",257,70,97998,-38.261497,-72.699452,3.85,9.8,14.58,56.05,,2.9
"2025-11-02 00:43:34",264,77,97922,0,,2.85,357.7,14.51,56.2,,3
"2025-11-02 00:43:35",267,80,97884,-38.261372,-72.699435,4,31.8,14.47,56.25,,3.1
"2025-11-02 00:43:37",273,86,97812,0,,3.75,353.9,14.42,56.35,,3.2
"2025-11-02 00:43:38",276,89,97778,-38.26125,-72.699445,4.2,11.1,14.39,56.4,,3.2
"2025-11-02 00:43:39",279,92,97751,0,,6.1,348.3,14.35,56.45,,3.1
"2025-11-02 00:43:40",281,94,97724,0,,6.1,348.3,14.31,56.55,,3
"2025-11-02 00:43:41",283,96,97698,-38.261097,-72.699497,5.2,340.2,14.24,56.6,,3
"2025-11-02 00:43:42",287,100,97659,0,,5.2,335.9,14.24,56.7,,3
"2025-11-02 00:43:43",290,103,97619,0,,4.45,348.2,14.22,56.75,,3
"2025-11-02 00:43:44",294,107,97580,-38.260957,-72.699532,4.65,341.6,14.22,56.8,,3
"2025-11-02 00:43:45",297,110,97536,0,,8.25,0.1,14.22,56.9,,3.1
"2025-11-02 00:43:46",301,114,97493,0,,8.25,350.9,14.22,56.95,,3.1
"2025-11-02 00:43:47",305,118,97450,-38.260763,-72.699562,6,351.4,14.22,57,,3.1
"2025-11-02 00:43:48",308,121,97409,0,,6,351.4,14.22,57,,3.2
"2025-11-02 00:43:49",312,125,97367,0,,7.35,359.9,14.22,57.1,,3.2
"2025-11-02 00:43:50",316,129,97326,-38.260647,-72.699562,5.2,10.6,14.22,57.1,,3.3
"2025-11-02 00:43:51",321,134,97265,0,,5.8,353.9,14.22,57.15,,3.4
"2025-11-02 00:43:52",326,139,97206,0,,6.35,20.3,14.22,57.2,,3.6
"2025-11-02 00:43:53",331,144,97148,-38.260418,-72.699508,7.05,17.1,14.22,57.2,19.25,3.9
"2025-11-02 00:43:54",335,148,97106,0,,,,14.22,57.2,,4
"2025-11-02 00:43:55",338,151,97064,0,,,,14.21,57.25,,4
"2025-11-02 00:43:56",342,155,97022,0,,,,14.14,57.3,,4
"2025-11-02 00:43:57",346,159,96979,0,,7.6,25,14.09,57.35,,4
"2025-11-02 00:43:58",349,162,96938,0,,8.75,35.4,14.04,57.4,,4
"2025-11-02 00:43:59",353,166,96898,-38.260017,-72.699242,9.1,29.3,14.01,57.4,,4
"2025-11-02 00:44:00",356,169,96863,0,,9.1,29.3,13.97,57.45,,4
"2025-11-02 00:44:01",359,172,96828,0,,9.85,20.1,13.93,57.5,,3.9
"2025-11-02 00:44:02",362,175,96794,-38.259787,-72.699098,9.1,29.4,13.89,57.6,,3.9
"2025-11-02 00:44:03",365,178,96761,0,,9.25,31.6,13.86,57.65,,3.8
"2025-11-02 00:44:04",368,181,96727,0,,8.35,24.3,13.83,57.75,,3.6
"2025-11-02 00:44:05",371,184,96694,-38.259572,-72.698948,9.5,32.5,13.8,57.8,,3.5
"2025-11-02 00:44:06",373,186,96664,0,,9.45,26.1,13.75,57.9,,3.2
"2025-11-02 00:44:07",376,189,96636,0,,9.45,26.1,13.72,58,,3.1
"2025-11-02 00:44:08",378,191,96608,-38.25943,-72.69884,9.85,23.6,13.68,58.05,,3
"2025-11-02 00:44:09",381,194,96575,0,,9.8,23.6,13.62,58.1,,2.9
"2025-11-02 00:44:10",384,197,96542,0,,9.1,33.7,13.6,58.2,,2.9
"2025-11-02 00:44:11",387,200,96510,-38.259217,-72.698697,8.2,26.4,13.56,58.3,,2.8
"2025-11-02 00:44:12",390,203,96475,0,,8.65,32.2,13.54,58.4,,2.8
"2025-11-02 00:44:13",393,206,96439,0,,7.7,27.5,13.53,58.45,,2.9
"2025-11-02 00:44:14",396,209,96404,-38.259027,-72.69855,8.3,42.2,13.48,58.5,,2.9
"2025-11-02 00:44:15",399,212,96372,0,,8.25,42.2,13.44,58.65,,2.8
"2025-11-02 00:44:16",402,215,96341,0,,8.55,25.6,13.41,58.7,,2.8
"2025-11-02 00:44:17",405,218,96310,-38.258828,-72.698382,9.45,33.9,13.39,58.8,,2.8
"2025-11-02 00:44:18",407,220,96282,0,,9.35,22.1,13.36,58.9,,2.8
"2025-11-02 00:44:19",409,222,96255,0,,8.15,21.2,13.31,59,,2.8
"2025-11-02 00:44:20",412,225,96228,-38.258615,-72.69825,8.15,31.9,13.3,59.1,19,2.8
"2025-11-02 00:44:21",415,228,96195,0,,8.15,21.8,13.26,59.15,,2.8
"2025-11-02 00:44:22",417,230,96162,0,,8.15,21.8,13.22,59.25,,2.8
"2025-11-02 00:44:23",420,233,96130,-38.258332,-72.698068,9.7,27.8,13.21,59.35,,2.8
"2025-11-02 00:44:25",424,237,96088,0,,,,13.16,59.5,,2.6
"2025-11-02 00:44:26",426,239,96068,0,,,,13.14,59.6,,2.5
"2025-11-02 00:44:27",427,240,96055,0,,7.45,31.2,13.12,59.7,,2.3
"2025-11-02 00:44:28",428,241,96043,0,,8.95,31.1,13.11,59.75,,2.2
"2025-11-02 00:44:29",429,242,96032,-38.257937,-72.697797,7.8,36.6,13.11,59.8,,2.1
"2025-11-02 00:44:30",430,243,96025,0,,7.85,36.6,13.11,59.85,,1.9
"2025-11-02 00:44:31",430,243,96018,0,,9.5,34.1,13.08,59.9,,1.8
"2025-11-02 00:44:32",431,244,96012,-38.257803,-72.697697,7.75,27.2,13.07,59.95,,1.6
"2025-11-02 00:44:33",432,245,96000,0,,8.9,21.7,13.06,60,,1.5
"2025-11-02 00:44:34",433,246,95989,0,,8.25,31.6,13.04,60.05,,1.4
"2025-11-02 00:44:35",434,247,95978,-38.257533,-72.697512,8.65,29.4,13.03,60.1,,1.3
"2025-11-02 00:44:36",435,248,95964,0,,8.65,29.4,13.02,60.15,,1.1
"2025-11-02 00:44:37",436,249,95951,0,,8.3,28.7,13.01,60.2,,1
"2025-11-02 00:44:38",437,250,95938,-38.257337,-72.697362,8.8,29,13,60.25,,1
"2025-11-02 00:44:39",439,252,95920,0,,8.8,29,12.99,60.25,,1
"2025-11-02 00:44:40",440,253,95904,0,,8.2,25.2,12.98,60.3,,1
"2025-11-02 00:44:41",442,255,95888,-38.257138,-72.697225,8.5,30.6,12.97,60.35,,1.1
"2025-11-02 00:44:42",444,257,95865,0,,8.5,30.6,12.96,60.4,,1.1
"2025-11-02 00:44:43",446,259,95841,0,,8.95,26.1,12.94,60.45,,1.2
"2025-11-02 00:44:44",448,261,95818,-38.256997,-72.697133,8.7,29.3,12.94,60.5,,1.4
"2025-11-02 00:44:45",450,263,95793,0,,8.7,29.3,12.92,60.55,,1.5
"2025-11-02 00:44:46",452,265,95768,0,,8.45,22.7,12.92,60.6,,1.6
"2025-11-02 00:44:47",454,267,95744,-38.256792,-72.697017,8.05,33.5,12.89,60.65,18.5,1.7
"2025-11-02 00:44:48",456,269,95724,0,,8,33.5,12.86,60.65,,1.8
"2025-11-02 00:44:49",458,271,95705,0,,7.9,28.8,12.84,60.7,,1.8
"2025-11-02 00:44:50",459,272,95686,-38.256518,-72.69685,8.9,24.7,12.82,60.7,,1.8
"2025-11-02 00:44:51",461,274,95665,0,,8.9,24.7,12.82,60.7,,1.8
"2025-11-02 00:44:52",463,276,95644,0,,7.8,37,12.81,60.75,,1.9
"2025-11-02 00:44:53",465,278,95624,-38.256323,-72.696728,8.35,20.9,12.8,60.75,,1.9
"2025-11-02 00:44:55",469,282,95578,0,,9.8,25.7,12.78,60.8,,1.9
"2025-11-02 00:44:56",471,284,95556,-38.256087,-72.696617,9.7,19.4,12.77,60.85,,1.9
"2025-11-02 00:44:57",473,286,95529,0,,9.7,19.4,12.74,60.8,,2
"2025-11-02 00:44:58",476,289,95502,0,,10.25,21,12.73,60.85,,2
"2025-11-02 00:44:59",478,291,95476,-38.255837,-72.696507,10.05,19.5,12.71,60.85,,2
"2025-11-02 00:45:00",480,293,95452,0,,10.1,19.5,12.7,60.95,,2
"2025-11-02 00:45:01",482,295,95429,0,,10.05,27.9,12.69,61,,2
"2025-11-02 00:45:02",484,297,95406,-38.255607,-72.696372,9.95,19,12.67,61.05,,2.1
"2025-11-02 00:45:03",486,299,95385,0,,,,12.65,61.1,,2
"2025-11-02 00:45:04",488,301,95364,0,,,,12.63,61.15,,2
"2025-11-02 00:45:05",490,303,95344,0,,,,12.62,61.2,,2
"2025-11-02 00:45:06",491,304,95327,0,,9.9,31.4,12.59,61.3,,2
"2025-11-02 00:45:07",493,306,95310,0,,9.9,31.4,12.57,61.35,,2
"2025-11-02 00:45:08",494,307,95294,-38.255228,-72.696135,8.65,25.3,12.55,61.4,,1.9
"2025-11-02 00:45:09",495,308,95279,0,,,,12.52,61.45,,1.9
"2025-11-02 00:45:10",497,310,95264,0,,,,12.5,61.5,,1.8
"2025-11-02 00:45:11",498,311,95250,0,,,,12.49,61.55,,1.7
"2025-11-02 00:45:12",500,313,95226,0,,10.45,29.4,12.47,61.6,,1.7
"2025-11-02 00:45:13",502,315,95204,0,,8.65,25,12.44,61.7,,1.7
"2025-11-02 00:45:14",504,317,95182,-38.254767,-72.695832,10.1,29,12.43,61.7,18,1.7
"2025-11-02 00:45:15",506,319,95163,0,,10.25,24.1,12.41,61.8,,1.7
"2025-11-02 00:45:16",507,320,95143,0,,10.25,24.1,12.39,61.85,,1.7
"2025-11-02 00:45:17",509,322,95124,-38.254448,-72.695627,10.8,29.4,12.36,61.9,,1.6
"2025-11-02 00:45:18",511,324,95097,0,,10.75,29.4,12.36,61.95,,1.7
"2025-11-02 00:45:19",514,327,95071,0,,9.85,20.1,12.36,62,,1.8
"2025-11-02 00:45:20",516,329,95046,-38.254195,-72.695497,10.3,22.9,12.36,62.05,,1.8
"2025-11-02 00:45:21",518,331,95023,0,,10.3,22.9,12.35,62.1,,1.9
"2025-11-02 00:45:22",520,333,95000,0,,11,25.1,12.32,62.15,,1.9
"2025-11-02 00:45:23",522,335,94978,-38.253955,-72.695362,8.65,22.4,12.29,62.2,,2
"2025-11-02 00:45:26",528,341,94912,-38.253793,-72.695275,8.55,18.8,12.25,62.35,,2
"2025-11-02 00:45:27",529,342,94894,0,,10.35,24.1,12.24,62.35,,2
"2025-11-02 00:45:28",531,344,94877,0,,9.3,12.9,12.22,62.4,,2
"2025-11-02 00:45:29",532,345,94860,-38.253483,-72.695143,7.9,16.9,12.21,62.45,,1.9
"2025-11-02 00:45:30",534,347,94840,0,,9.3,21.8,12.2,62.5,,1.9
"2025-11-02 00:45:31",536,349,94820,0,,9.1,19.6,12.2,62.55,,1.9
"2025-11-02 00:45:32",538,351,94800,-38.253258,-72.69502,8.75,27,12.19,62.55,,1.8
"2025-11-02 00:45:33",539,352,94781,0,,9.5,24,12.19,62.6,,1.8
"2025-11-02 00:45:34",541,354,94762,0,,9.5,24,12.17,62.65,,1.8
"2025-11-02 00:45:35",543,356,94744,-38.25311,-72.694938,9.75,26.6,12.15,62.7,,1.7
"2025-11-02 00:45:36",544,357,94728,0,,9.35,19.6,12.13,62.7,,1.7
"2025-11-02 00:45:37",546,359,94713,0,,8.95,20.8,12.13,62.75,,1.7
"2025-11-02 00:45:38",547,360,94698,-38.252878,-72.694807,10.2,31.1,12.11,62.8,,1.6
"2025-11-02 00:45:39",548,361,94685,0,,8.6,22.4,12.1,62.8,,1.5
"2025-11-02 00:45:40",549,362,94672,0,,9.35,27.6,12.09,62.85,,1.5
"2025-11-02 00:45:41",550,363,94660,-38.25258,-72.694622,9.15,27.7,12.1,62.85,17.5,1.5
"2025-11-02 00:45:42",552,365,94646,0,,9.1,27.7,12.1,62.85,,1.5
"2025-11-02 00:45:43",553,366,94632,0,,10.45,30.6,12.1,62.85,,1.4
"2025-11-02 00:45:44",554,367,94618,-38.252352,-72.694483,8.6,22.3,12.09,62.85,,1.4
"2025-11-02 00:45:45",556,369,94601,0,,9.35,21.9,12.09,62.85,,1.3
"2025-11-02 00:45:46",557,370,94584,0,,9.35,21.9,12.09,62.85,,1.3
"2025-11-02 00:45:47",558,371,94568,-38.252208,-72.694397,8.95,22,12.09,62.85,,1.3
"2025-11-02 00:45:48",560,373,94545,0,,,,12.08,62.85,,1.4
"2025-11-02 00:45:49",562,375,94522,0,,,,12.08,62.85,,1.4
"2025-11-02 00:45:50",565,378,94500,0,,,,12.09,62.85,,1.5
"2025-11-02 00:45:52",568,381,94458,0,,8.5,17.6,12.07,62.85,,1.6
"2025-11-02 00:45:53",570,383,94438,-38.251665,-72.69416,9.5,22.5,12.06,62.85,,1.6
"2025-11-02 00:45:56",575,388,94382,0,,,,12.03,62.85,,1.7
"2025-11-02 00:45:58",577,390,94355,0,,9,16.7,11.99,62.95,,1.7
"2025-11-02 00:45:59",579,392,94342,-38.251262,-72.693977,10.9,20.8,11.99,62.95,,1.7
"2025-11-02 00:46:00",580,393,94330,0,,,,11.99,62.85,,1.6
"2025-11-02 00:46:01",581,394,94319,0,,,,12,62.7,,1.6
"2025-11-02 00:46:02",582,395,94308,0,,,,12.03,62.6,,1.5
"2025-11-02 00:46:04",584,397,94279,0,,10.1,22.1,12.07,62.4,,1.4
"2025-11-02 00:46:05",585,398,94266,-38.250785,-72.693742,9.5,16.3,12.11,62.25,,1.3
"2025-11-02 00:46:07",588,401,94235,0,,9.6,26.3,12.25,61.7,,1.3
"2025-11-02 00:46:08",590,403,94220,-38.250468,-72.693565,8.85,24.6,12.32,61.4,17,1.2
"2025-11-02 00:46:10",594,407,94173,0,,9.35,24,12.38,60.8,,1.4
"2025-11-02 00:46:11",596,409,94150,-38.250228,-72.693417,9.6,30.4,12.44,60.5,,1.4
"2025-11-02 00:46:12",597,410,94133,0,,9.6,30.4,12.49,60.25,,1.5
"2025-11-02 00:46:13",599,412,94117,0,,9.05,28.5,12.51,59.95,,1.5
"2025-11-02 00:46:14",600,413,94102,-38.24999,-72.69325,10.4,32.3,12.54,59.75,,1.5
"2025-11-02 00:46:15",601,414,94087,0,,10.3,27.5,12.55,59.6,,1.5
"2025-11-02 00:46:16",603,416,94072,0,,10.3,27.5,12.55,59.5,,1.5
"2025-11-02 00:46:17",604,417,94058,-38.249762,-72.693075,11.05,31.6,12.54,59.5,,1.5
"2025-11-02 00:46:18",605,418,94046,0,,9.65,24.9,12.52,59.5,,1.5
"2025-11-02 00:46:19",606,419,94035,0,,9.65,24.9,12.51,59.55,,1.5
"2025-11-02 00:46:20",607,420,94024,-38.249607,-72.692968,10.25,28.3,12.49,59.55,,1.5
"2025-11-02 00:46:21",608,421,94011,0,,10.25,23,12.47,59.65,,1.4
"2025-11-02 00:46:22",609,422,93999,0,,10.6,28.5,12.44,59.65,,1.3
"2025-11-02 00:46:23",610,423,93988,-38.249268,-72.69276,10.3,27.5,12.41,59.75,,1.2
"2025-11-02 00:46:24",611,424,93976,0,,9.5,21,12.38,59.8,,1.2
"2025-11-02 00:46:25",612,425,93965,0,,9.5,21,12.36,59.9,,1.1
"2025-11-02 00:46:26",613,426,93954,-38.249097,-72.69266,10.95,30,12.36,60,,1.1
"2025-11-02 00:46:27",614,427,93945,0,,10.65,19.7,12.3,60.05,,1.1
"2025-11-02 00:46:28",615,428,93936,0,,10.65,19.7,12.26,60.15,,1
"2025-11-02 00:46:29",616,429,93928,-38.24885,-72.692513,9.6,27.2,12.22,60.3,,1
"2025-11-02 00:46:30",617,430,93918,0,,,,12.19,60.4,,1
"2025-11-02 00:46:31",617,430,93908,0,,,,12.17,60.55,,1
"2025-11-02 00:46:32",618,431,93898,0,,,,12.12,60.7,,0.9
"2025-11-02 00:46:33",619,432,93887,0,,9.5,23.2,12.1,60.75,,0.9
"2025-11-02 00:46:34",620,433,93877,0,,10.75,26.3,12.08,60.85,,0.9
"2025-11-02 00:46:35",621,434,93868,-38.24825,-72.69221,10.3,15.9,12.05,60.95,16.75,0.9
"2025-11-02 00:46:36",622,435,93856,0,,10.75,25.7,12.03,61,,0.9
"2025-11-02 00:46:37",623,436,93845,0,,10.75,25.7,12,61.05,,0.9
"2025-11-02 00:46:38",624,437,93834,-38.248072,-72.69213,9.85,18.9,11.99,61.1,,0.9
"2025-11-02 00:46:39",625,438,93819,0,,,,11.99,61.2,,0.9
"2025-11-02 00:46:40",627,440,93804,0,,,,11.99,61.25,,1
"2025-11-02 00:46:41",628,441,93790,0,,,,11.98,61.3,,1
"2025-11-02 00:46:42",629,442,93775,0,,10.9,19,11.96,61.3,,1.1
"2025-11-02 00:46:43",631,444,93760,0,,11.95,22,11.96,61.35,,1.1
"2025-11-02 00:46:44",632,445,93746,-38.247428,-72.691833,10.75,18.2,11.95,61.35,,1.1
"2025-11-02 00:46:45",632,445,93741,0,,10.95,16.6,11.94,61.35,,1.1
"2025-11-02 00:46:46",633,446,93736,0,,10.95,16.6,11.93,61.35,,1
"2025-11-02 00:46:47",633,446,93732,-38.24724,-72.69174,10.8,18.1,11.93,61.35,,1
"2025-11-02 00:46:48",634,447,93726,0,,11.75,22.2,11.93,61.35,,1
"2025-11-02 00:46:49",634,447,93721,0,,11.75,22.2,11.92,61.35,,0.9
"2025-11-02 00:46:50",635,448,93716,-38.24695,-72.69159,11.65,17.7,11.93,61.35,,0.9
"2025-11-02 00:46:51",635,448,93710,0,,12.45,20.7,11.93,61.3,,0.8
"2025-11-02 00:46:52",636,449,93704,0,,11.25,15.7,11.93,61.35,,0.8
"2025-11-02 00:46:53",636,449,93698,-38.246545,-72.691403,12.35,21.5,11.92,61.35,,0.7
"2025-11-02 00:46:56",638,451,93684,-38.246343,-72.691308,12.1,25.6,11.93,61.3,,0.5
"2025-11-02 00:46:57",638,451,93677,0,,11.65,22.1,11.92,61.3,,0.5
"2025-11-02 00:46:58",639,452,93671,0,,13.15,22.3,11.92,61.25,,0.5
"2025-11-02 00:46:59",639,452,93666,-38.246035,-72.69114,12.9,25.9,11.91,61.3,,0.5
"2025-11-02 00:47:00",639,452,93665,0,,12.9,25.9,11.91,61.3,,0.5
"2025-11-02 00:47:01",639,452,93664,0,,12.75,21.8,11.91,61.3,,0.4
"2025-11-02 00:47:02",639,452,93664,-38.245717,-72.690987,12.15,17.5,11.91,61.35,16.5,0.4
"2025-11-02 00:47:03",640,453,93662,0,,12.95,20.3,11.91,61.35,,0.4
"2025-11-02 00:47:04",640,453,93660,0,,12.85,25.7,11.91,61.35,,0.3
"2025-11-02 00:47:05",640,453,93658,-38.245292,-72.690778,12.45,16.3,11.91,61.35,,0.3
"2025-11-02 00:47:06",640,453,93653,0,,12.55,24.5,11.91,61.35,,0.3
"2025-11-02 00:47:07",641,454,93648,0,,12.55,22.5,11.91,61.35,,0.3
"2025-11-02 00:47:08",641,454,93644,-38.244982,-72.690612,12.3,22.7,11.91,61.35,,0.3
"2025-11-02 00:47:09",642,455,93631,0,,12.4,24.8,11.91,61.35,,0.4
"2025-11-02 00:47:10",643,456,93618,0,,12.4,24.8,11.91,61.3,,0.4
"2025-11-02 00:47:11",645,458,93606,-38.24477,-72.690483,13.65,26.3,11.91,61.3,,0.5
"2025-11-02 00:47:12",645,458,93601,0,,12.7,24.6,11.9,61.3,,0.5
"2025-11-02 00:47:13",645,458,93596,0,,12.7,24.6,11.9,61.3,,0.5
"2025-11-02 00:47:14",646,459,93592,-38.244438,-72.69029,13,25.1,11.89,61.3,,0.5
"2025-11-02 00:47:15",646,459,93590,0,,13.3,21.2,11.88,61.3,,0.5
"2025-11-02 00:47:16",646,459,93589,0,,14.35,22.3,11.88,61.35,,0.5
"2025-11-02 00:47:17",646,459,93588,-38.243975,-72.690062,13.7,19.1,11.88,61.35,,0.5
"2025-11-02 00:47:18",647,460,93584,0,,13.7,19.1,11.85,61.35,,0.5
"2025-11-02 00:47:19",647,460,93581,0,,13.45,19.6,11.85,61.4,,0.5
"2025-11-02 00:47:20",647,460,93578,-38.243737,-72.68996,14.2,14.7,11.83,61.45,,0.5
"2025-11-02 00:47:21",648,461,93565,0,,14.2,14.7,11.83,61.45,,0.5
"2025-11-02 00:47:22",649,462,93552,0,,13.6,15.8,11.83,61.5,,0.5
"2025-11-02 00:47:23",651,464,93540,-38.243378,-72.689825,13.85,16.8,11.83,61.55,,0.5
"2025-11-02 00:47:24",651,464,93535,0,,12.55,18.4,11.82,61.6,,0.5
"2025-11-02 00:47:25",651,464,93530,0,,13.45,20,11.8,61.65,,0.5
"2025-11-02 00:47:26",652,465,93526,-38.242925,-72.689623,13.9,20,11.78,61.7,,0.5
"2025-11-02 00:47:27",652,465,93518,0,,12.05,19.6,11.76,61.75,,0.5
"2025-11-02 00:47:28",653,466,93510,0,,12.05,19.6,11.75,61.85,,0.6
"2025-11-02 00:47:29",654,467,93502,-38.242578,-72.689502,13.45,12.4,11.75,61.9,16,0.6
"2025-11-02 00:47:30",654,467,93500,0,,13.55,12.7,11.74,61.95,,0.6
"2025-11-02 00:47:31",654,467,93499,0,,13.55,12.7,11.75,61.95,,0.6
"2025-11-02 00:47:32",654,467,93498,-38.242345,-72.689432,12,11.6,11.76,61.9,,0.6
"2025-11-02 00:47:33",655,468,93490,0,,13.05,16.6,11.8,61.85,,0.6
"2025-11-02 00:47:34",656,469,93483,0,,13.05,16.6,11.83,61.6,,0.5
"2025-11-02 00:47:35",656,469,93476,-38.241887,-72.68929,13.15,12.9,11.86,61.4,,0.5
"2025-11-02 00:47:36",657,470,93471,0,,13.15,12.9,11.91,61.25,,0.5
"2025-11-02 00:47:37",657,470,93466,0,,12.4,14.4,11.95,61,,0.5
"2025-11-02 00:47:38",657,470,93462,-38.241543,-72.689202,13.1,11.6,11.99,60.65,,0.5
"2025-11-02 00:47:39",658,471,93456,0,,12.95,9.6,12,60.2,,0.5
"2025-11-02 00:47:40",658,471,93451,0,,12.95,9.6,12.07,59.9,,0.4
"2025-11-02 00:47:41",659,472,93446,-38.241323,-72.689145,13.1,10.6,12.12,59.6,,0.4
"2025-11-02 00:47:42",659,472,93440,0,,13.1,9.8,12.17,59.3,,0.5
"2025-11-02 00:47:43",660,473,93434,0,,13.1,9.8,12.19,58.95,,0.5
"2025-11-02 00:47:44",660,473,93428,-38.240868,-72.689035,13.25,8.7,12.23,58.6,,0.5
"2025-11-02 00:47:45",661,474,93423,0,,13.25,8.7,12.27,58.3,,0.5
"2025-11-02 00:47:46",661,474,93418,0,,13.15,15.9,12.32,58,,0.5
"2025-11-02 00:47:47",662,475,93414,-38.240528,-72.688948,12.6,6.9,12.36,57.7,,0.5
"2025-11-02 00:47:48",662,475,93406,0,,12.55,11.2,12.36,57.45,,0.5
"2025-11-02 00:47:49",663,476,93399,0,,12.55,11.2,12.38,57.2,,0.5
"2025-11-02 00:47:50",664,477,93392,-38.2403,-72.688888,12.1,7.5,12.41,57,,0.5
"2025-11-02 00:47:51",664,477,93387,0,,13.4,11,12.43,56.8,,0.5
"2025-11-02 00:47:52",665,478,93382,0,,13.4,11,12.45,56.6,,0.5
"2025-11-02 00:47:53",665,478,93378,-38.239955,-72.688808,11.55,10,12.48,56.5,,0.5
"2025-11-02 00:47:56",668,481,93348,0,,,,12.54,56,16,0.6
"2025-11-02 00:47:57",669,482,93336,0,,12.1,11.7,12.55,55.9,,0.6
"2025-11-02 00:47:58",670,483,93325,0,,12.1,11.7,12.57,55.8,,0.7
"2025-11-02 00:47:59",671,484,93314,-38.23928,-72.688667,11.85,12.8,12.59,55.7,,0.7
"2025-11-02 00:48:00",672,485,93305,0,,11.8,12.8,12.63,55.6,,0.8
"2025-11-02 00:48:01",672,485,93296,0,,12.3,9.5,12.65,55.5,,0.8
"2025-11-02 00:48:02",673,486,93288,-38.238943,-72.688607,12.7,8.6,12.67,55.45,,0.8
"2025-11-02 00:48:03",674,487,93277,0,,13,5.3,12.69,55.35,,0.8
"2025-11-02 00:48:04",675,488,93266,0,,12.55,12.2,12.72,55.25,,0.8
"2025-11-02 00:48:05",676,489,93256,-38.238605,-72.688547,11.7,5.8,12.74,55.15,,0.9
"2025-11-02 00:48:06",677,490,93242,0,,12.2,7.6,12.78,55.05,,0.9
"2025-11-02 00:48:07",678,491,93229,0,,12.2,7.6,12.81,54.95,,1
"2025-11-02 00:48:08",680,493,93216,-38.238282,-72.688482,11.95,3.8,12.82,54.85,,1
"2025-11-02 00:48:09",681,494,93204,0,,11.95,8.3,12.84,54.8,,1
"2025-11-02 00:48:10",682,495,93193,0,,11.95,8.3,12.86,54.75,,1
"2025-11-02 00:48:11",683,496,93182,-38.237962,-72.688422,12.2,5,12.89,54.65,,1
"2025-11-02 00:48:12",684,497,93168,0,,12.4,11,12.91,54.5,,1
"2025-11-02 00:48:13",685,498,93155,0,,12.4,11,12.92,54.45,,1.1
"2025-11-02 00:48:14",686,499,93142,-38.237648,-72.688372,11.95,4.2,12.94,54.35,,1.1
"2025-11-02 00:48:15",688,501,93128,0,,11.1,9.3,12.94,54.25,,1.1
"2025-11-02 00:48:16",689,502,93114,0,,11.1,9.3,12.95,54.2,,1.1
"2025-11-02 00:48:17",690,503,93100,-38.237348,-72.688328,11.95,9.1,12.95,54.15,,1.2
"2025-11-02 00:48:22",697,510,93024,0,,10.35,3.7,12.94,53.95,,1.3
"2025-11-02 00:48:23",698,511,93010,-38.236663,-72.68826,10.5,359.1,12.94,53.9,15.75,1.3
"2025-11-02 00:48:25",701,514,92980,0,,,,12.94,53.85,,1.3
"2025-11-02 00:48:26",702,515,92966,0,,,,12.94,53.8,,1.3
"2025-11-02 00:48:27",703,516,92955,0,,,,12.94,53.75,,1.3
"2025-11-02 00:48:28",704,517,92944,0,,,,12.94,53.7,,1.3
"2025-11-02 00:48:29",705,518,92934,0,,,,12.95,53.7,,1.2
"2025-11-02 00:48:33",710,523,92883,0,,,,12.95,53.75,,1.2
"2025-11-02 00:48:34",711,524,92870,0,,,,12.96,53.7,,1.2
"2025-11-02 00:48:35",712,525,92858,0,,,,12.96,53.7,,1.2
"2025-11-02 00:48:40",719,532,92779,0,,10.35,3.6,13,53.6,,1.2
"2025-11-02 00:48:41",721,534,92764,-38.234995,-72.688007,10.1,3.6,13.01,53.55,,1.3
"2025-11-02 00:48:42",722,535,92746,0,,10.25,3.8,13.01,53.55,,1.3
"2025-11-02 00:48:43",724,537,92729,0,,10.25,3.8,13.01,53.55,,1.3
"2025-11-02 00:48:44",725,538,92712,-38.234805,-72.687978,11.25,10.2,13.02,53.5,,1.3
"2025-11-02 00:48:45",727,540,92696,0,,,,13.03,53.5,,1.4
"2025-11-02 00:48:46",728,541,92680,0,,,,13.03,53.45,,1.4
"2025-11-02 00:48:47",730,543,92664,0,,,,13.03,53.45,,1.4
"2025-11-02 00:48:48",731,544,92649,0,,9.8,4.3,13.02,53.4,,1.5
"2025-11-02 00:48:49",732,545,92634,0,,11.05,6.1,13.01,53.35,,1.5
"2025-11-02 00:48:50",734,547,92620,-38.234147,-72.687883,10.85,9,13,53.35,15.75,1.4
"2025-11-02 00:48:51",735,548,92604,0,,10.9,9,13,53.3,,1.4
"2025-11-02 00:48:52",737,550,92589,0,,10.4,7.7,12.99,53.3,,1.4
"2025-11-02 00:48:53",738,551,92574,-38.233965,-72.687858,9.8,6.3,12.99,53.3,,1.4
"2025-11-02 00:48:54",739,552,92558,0,,,,12.98,53.3,,1.4
"2025-11-02 00:48:55",741,554,92542,0,,,,12.97,53.3,,1.4
"2025-11-02 00:48:56",742,555,92526,0,,,,12.96,53.3,,1.4
"2025-11-02 00:48:57",744,557,92511,0,,10.65,7.6,12.95,53.3,,1.4
"2025-11-02 00:48:58",745,558,92496,0,,9.9,11.1,12.94,53.3,,1.4
"2025-11-02 00:48:59",746,559,92482,-38.233322,-72.687757,10.55,4.2,12.94,53.3,,1.4
"2025-11-02 00:49:00",748,561,92463,0,,10.5,4.2,12.93,53.3,,1.4
"2025-11-02 00:49:01",750,563,92445,0,,10.95,7.1,12.92,53.35,,1.4
"2025-11-02 00:49:02",751,564,92428,-38.233043,-72.687723,10.6,3.7,12.91,53.35,,1.5
"2025-11-02 00:49:03",753,566,92410,0,,10.6,8.3,12.89,53.35,,1.5
"2025-11-02 00:49:04",755,568,92392,0,,10.6,8.3,12.88,53.35,,1.5
"2025-11-02 00:49:05",756,569,92374,-38.232865,-72.687703,10.7,6.5,12.87,53.35,,1.5
"2025-11-02 00:49:06",758,571,92354,0,,10.5,9.2,12.85,53.35,,1.5
"2025-11-02 00:49:07",760,573,92335,0,,9.25,1.4,12.85,53.35,,1.6
"2025-11-02 00:49:08",762,575,92316,-38.232592,-72.687667,10.7,8.1,12.84,53.35,,1.6
"2025-11-02 00:49:09",763,576,92296,0,,,,12.84,53.35,,1.6
"2025-11-02 00:49:10",765,578,92277,0,,,,12.84,53.35,,1.6
"2025-11-02 00:49:11",767,580,92258,0,,,,12.84,53.3,,1.7
"2025-11-02 00:49:12",769,582,92239,0,,10.05,6.3,12.84,53.3,,1.7
"2025-11-02 00:49:13",770,583,92220,0,,10.4,1.4,12.82,53.3,,1.7
"2025-11-02 00:49:14",772,585,92202,-38.23204,-72.68759,10.6,10.9,12.82,53.25,,1.7
"2025-11-02 00:49:15",774,587,92182,0,,,,12.82,53.25,,1.7
"2025-11-02 00:49:16",775,588,92163,0,,,,12.82,53.25,,1.7
"2025-11-02 00:49:17",777,590,92144,0,,,,12.82,53.25,15.75,1.8
"2025-11-02 00:49:18",779,592,92124,0,,,,12.81,53.25,,1.8
"2025-11-02 00:49:19",781,594,92104,0,,,,12.8,53.25,,1.8
"2025-11-02 00:49:20",783,596,92084,0,,,,12.8,53.25,,1.8
"2025-11-02 00:49:21",784,597,92065,0,,,,12.79,53.2,,1.8
"2025-11-02 00:49:22",786,599,92047,0,,,,12.8,53.2,,1.7
"2025-11-02 00:49:23",788,601,92030,0,,,,12.8,53.15,,1.7
"2025-11-02 00:49:26",793,606,91976,-38.230872,-72.687512,9.45,354.4,12.78,53.1,,1.7
"2025-11-02 00:49:27",794,607,91961,0,,9.45,354.4,12.78,53.1,,1.7
"2025-11-02 00:49:28",795,608,91947,0,,9.75,3.9,12.77,53.1,,1.6
"2025-11-02 00:49:29",796,609,91934,-38.2307,-72.687505,8.65,357.7,12.77,53.1,,1.6
"2025-11-02 00:49:30",798,611,91918,0,,,,12.78,53.1,,1.6
"2025-11-02 00:49:31",799,612,91902,0,,,,12.78,53.1,,1.5
"2025-11-02 00:49:32",801,614,91886,0,,,,12.78,53.05,,1.5
"2025-11-02 00:49:33",802,615,91869,0,,10.5,2.5,12.79,53.05,,1.5
"2025-11-02 00:49:34",804,617,91853,0,,9.6,0.7,12.79,53,,1.5
"2025-11-02 00:49:35",805,618,91838,-38.230183,-72.687498,8.95,356.8,12.79,53,,1.5
"2025-11-02 00:49:36",807,620,91823,0,,,,12.79,52.95,,1.5
"2025-11-02 00:49:37",808,621,91808,0,,,,12.79,52.95,,1.5
"2025-11-02 00:49:38",809,622,91794,0,,,,12.78,52.95,,1.4
"2025-11-02 00:49:39",811,624,91776,0,,9.3,357.7,12.78,52.95,,1.4
"2025-11-02 00:49:40",813,626,91759,0,,8.9,353.8,12.78,52.95,,1.4
"2025-11-02 00:49:41",814,627,91742,-38.229662,-72.687525,9.75,357.8,12.78,52.9,,1.5
"2025-11-02 00:49:42",816,629,91724,0,,,,12.78,52.85,,1.5
"2025-11-02 00:49:43",817,630,91708,0,,,,12.77,52.85,,1.5
"2025-11-02 00:49:44",819,632,91692,0,,,,12.76,52.8,15.75,1.5
"2025-11-02 00:49:45",820,633,91680,0,,10.4,354.6,12.77,52.85,,1.5
"2025-11-02 00:49:46",821,634,91668,0,,10.4,354.6,12.77,52.8,,1.4
"2025-11-02 00:49:47",822,635,91656,-38.229138,-72.687583,8.55,352.7,12.77,52.8,,1.4
"2025-11-02 00:49:48",823,636,91641,0,,9.85,352,12.77,52.8,,1.4
"2025-11-02 00:49:49",825,638,91627,0,,9.05,352.1,12.77,52.8,,1.4
"2025-11-02 00:49:50",826,639,91614,-38.228872,-72.687628,10.85,353.5,12.78,52.8,,1.4
"2025-11-02 00:49:51",827,640,91599,0,,9.35,354.8,12.78,52.8,,1.4
"2025-11-02 00:49:52",828,641,91585,0,,8.8,351,12.78,52.8,,1.3
"2025-11-02 00:49:53",830,643,91572,-38.228613,-72.68767,10.85,352.6,12.78,52.8,,1.3
"2025-11-02 00:49:55",832,645,91547,0,,9.8,348.6,12.78,52.75,,1.3
"2025-11-02 00:49:56",833,646,91536,-38.228268,-72.68774,10.4,351,12.77,52.75,,1.2
"2025-11-02 00:49:57",834,647,91523,0,,,,12.77,52.75,,1.2
"2025-11-02 00:49:58",835,648,91510,0,,,,12.77,52.75,,1.2
"2025-11-02 00:49:59",837,650,91498,0,,,,12.77,52.8,,1.2
"2025-11-02 00:50:00",838,651,91484,0,,,,12.77,52.85,,1.2
"2025-11-02 00:50:01",839,652,91471,0,,,,12.77,52.85,,1.2
"2025-11-02 00:50:02",840,653,91458,0,,,,12.77,52.9,,1.2
"2025-11-02 00:50:03",841,654,91446,0,,8.95,347.8,12.76,52.95,,1.2
"2025-11-02 00:50:04",843,656,91434,0,,10.4,354.8,12.76,52.95,,1.2
"2025-11-02 00:50:05",844,657,91422,-38.227578,-72.687878,9.8,349.8,12.74,52.95,,1.2
"2025-11-02 00:50:06",845,658,91410,0,,,,12.74,52.95,,1.2
"2025-11-02 00:50:07",846,659,91398,0,,,,12.73,53,,1.1
"2025-11-02 00:50:08",847,660,91386,0,,,,12.72,53,,1.2
"2025-11-02 00:50:09",848,661,91369,0,,,,12.72,53,,1.2
"2025-11-02 00:50:10",850,663,91353,0,,,,12.71,53.05,,1.2
"2025-11-02 00:50:11",851,664,91338,0,,,,12.71,53.05,15.5,1.2
"2025-11-02 00:50:12",853,666,91325,0,,10.2,353.2,12.69,53.05,,1.2
"2025-11-02 00:50:13",854,667,91313,0,,8.75,349.4,12.69,53.05,,1.2
"2025-11-02 00:50:14",855,668,91302,-38.226805,-72.688037,10.05,349.4,12.68,53.1,,1.2
"2025-11-02 00:50:15",856,669,91291,0,,,,12.67,53.15,,1.2
"2025-11-02 00:50:16",857,670,91280,0,,,,12.67,53.15,,1.2
"2025-11-02 00:50:17",858,671,91270,0,,,,12.65,53.2,,1.2
"2025-11-02 00:50:18",859,672,91255,0,,9.2,351,12.65,53.2,,1.2
"2025-11-02 00:50:19",860,673,91241,0,,9.2,351,12.65,53.25,,1.2
"2025-11-02 00:50:20",862,675,91228,-38.226293,-72.688142,10.3,352.6,12.63,53.25,,1.2
"2025-11-02 00:50:21",863,676,91216,0,,,,12.63,53.25,,1.2
"2025-11-02 00:50:22",864,677,91205,0,,,,12.6,53.3,,1.2
"2025-11-02 00:50:23",865,678,91194,0,,,,12.6,53.3,,1.1
"2025-11-02 00:50:26",867,680,91164,-38.225708,-72.68827,9,349.4,12.56,53.4,,1.1
"2025-11-02 00:50:27",869,682,91152,0,,9.5,345.4,12.55,53.5,,1.1
"2025-11-02 00:50:28",870,683,91140,0,,9.55,355.5,12.55,53.5,,1.1
"2025-11-02 00:50:29",871,684,91128,-38.225457,-72.688327,9,347.3,12.54,53.55,,1.1
"2025-11-02 00:50:30",872,685,91114,0,,9,347.3,12.51,53.6,,1.1
"2025-11-02 00:50:31",873,686,91101,0,,8.45,353.6,12.49,53.6,,1.1
"2025-11-02 00:50:32",875,688,91088,-38.22529,-72.688365,9.8,347,12.48,53.65,,1.1
"2025-11-02 00:50:33",875,688,91078,0,,10.25,352.8,12.47,53.65,,1.1
"2025-11-02 00:50:34",876,689,91068,0,,8.65,345.8,12.45,53.65,,1.1
"2025-11-02 00:50:35",877,690,91058,-38.224948,-72.688443,10.1,349.6,12.45,53.65,,1
"2025-11-02 00:50:36",878,691,91046,0,,10.1,349.6,12.44,53.65,,1.1
"2025-11-02 00:50:37",880,693,91034,0,,9.35,344.9,12.42,53.65,,1.1
"2025-11-02 00:50:38",880,693,91022,-38.224777,-72.688482,10.05,355.6,12.41,53.75,15.5,1
"2025-11-02 00:50:39",882,695,91007,0,,,,12.4,53.7,,1.1
"2025-11-02 00:50:40",883,696,90993,0,,,,12.4,53.75,,1.1
"2025-11-02 00:50:41",884,697,90980,0,,,,12.38,53.8,,1.1
"2025-11-02 00:50:42",886,699,90966,0,,8.6,345.6,12.36,53.85,,1.1
"2025-11-02 00:50:43",887,700,90953,0,,10.25,351.8,12.36,53.85,,1.1
"2025-11-02 00:50:44",888,701,90940,-38.22419,-72.688623,8.85,352.1,12.36,53.9,,1.1
"2025-11-02 00:50:45",889,702,90926,0,,8.8,352.1,12.36,53.95,,1.1
"2025-11-02 00:50:46",891,704,90912,0,,9.65,352.7,12.36,53.95,,1.2
"2025-11-02 00:50:47",892,705,90898,-38.224022,-72.688667,8.85,345.5,12.35,54,,1.2
"2025-11-02 00:50:48",893,706,90884,0,,9.75,347.9,12.33,54.05,,1.2
"2025-11-02 00:50:49",895,708,90870,0,,9.1,355.2,12.3,54.05,,1.2
"2025-11-02 00:50:50",896,709,90856,-38.223772,-72.688728,10.05,343.3,12.29,54.1,,1.3
"2025-11-02 00:50:52",898,711,90830,0,,8.8,350.1,12.26,54.1,,1.3
"2025-11-02 00:50:53",899,712,90818,-38.22352,-72.688795,10.2,347,12.25,54.15,,1.2
"2025-11-02 00:50:56",904,717,90772,-38.223273,-72.688872,10.2,347,12.22,54.25,,1.3
"2025-11-02 00:50:58",906,719,90745,0,,9.15,348,12.19,54.3,,1.3
"2025-11-02 00:50:59",907,720,90732,-38.22303,-72.688938,9.8,348.2,12.18,54.35,,1.3
"2025-11-02 00:51:01",910,723,90706,0,,9.8,350.8,12.15,54.4,,1.3
"2025-11-02 00:51:02",911,724,90694,-38.222782,-72.688997,10,348.7,12.14,54.45,,1.3
"2025-11-02 00:51:03",912,725,90680,0,,,,12.13,54.45,,1.3
"2025-11-02 00:51:04",913,726,90666,0,,,,12.12,54.5,,1.3
"2025-11-02 00:51:05",915,728,90652,0,,,,12.1,54.5,15.25,1.3
"2025-11-02 00:51:07",917,730,90623,0,,10.45,347.3,12.08,54.55,,1.3
"2025-11-02 00:51:08",919,732,90610,-38.222278,-72.689118,9.35,348.5,12.08,54.6,,1.3
"2025-11-02 00:51:10",921,734,90584,0,,10.15,344.2,12.05,54.7,,1.2
"2025-11-02 00:51:11",922,735,90572,-38.222027,-72.689182,9.5,349.4,12.04,54.75,,1.2
"2025-11-02 00:51:12",923,736,90559,0,,9.5,353.2,12.03,54.75,,1.2
"2025-11-02 00:51:13",924,737,90547,0,,10.2,344.7,12,54.8,,1.2
"2025-11-02 00:51:14",926,739,90536,-38.22177,-72.689242,9.65,352.5,11.99,54.85,,1.2
"2025-11-02 00:51:15",927,740,90521,0,,9.65,350.8,11.99,54.85,,1.2
"2025-11-02 00:51:16",928,741,90507,0,,9.35,342.9,11.99,54.9,,1.2
"2025-11-02 00:51:17",929,742,90494,-38.221432,-72.68932,9.45,353.7,11.98,54.95,,1.2
"2025-11-02 00:51:18",930,743,90484,0,,9.45,353.7,11.97,55,,1.2
"2025-11-02 00:51:19",931,744,90474,0,,9.4,343.7,11.96,55.05,,1.2
"2025-11-02 00:51:20",932,745,90464,-38.221175,-72.68939,10,352.7,11.94,55.05,,1.1
"2025-11-02 00:51:21",933,746,90451,0,,10,352.7,11.93,55.1,,1.1
"2025-11-02 00:51:22",934,747,90439,0,,9.7,349.2,11.92,55.05,,1.1
"2025-11-02 00:51:23",936,749,90428,-38.220998,-72.689432,10.45,352.4,11.91,55.1,,1.1
"2025-11-02 00:51:24",937,750,90415,0,,,,11.9,55.1,,1.1
"2025-11-02 00:51:25",938,751,90402,0,,,,11.9,55.1,,1.1
"2025-11-02 00:51:26",939,752,90390,0,,,,11.89,55.15,,1.1
"2025-11-02 00:51:27",940,753,90376,0,,,,11.86,55.2,,1.1
"2025-11-02 00:51:28",942,755,90363,0,,,,11.84,55.2,,1.1
"2025-11-02 00:51:29",943,756,90350,0,,,,11.83,55.2,,1.1
"2025-11-02 00:51:30",944,757,90335,0,,9.35,345,11.83,55.2,,1.1
"2025-11-02 00:51:31",945,758,90321,0,,10.5,352,11.83,55.2,,1.2
"2025-11-02 00:51:32",947,760,90308,-38.220212,-72.689648,9.9,343.6,11.81,55.25,15.25,1.2
"2025-11-02 00:51:33",948,761,90294,0,,9.2,351.3,11.8,55.3,,1.2
"2025-11-02 00:51:34",949,762,90280,0,,9.8,347.8,11.78,55.35,,1.2
"2025-11-02 00:51:35",951,764,90266,-38.219958,-72.689727,9.75,339.1,11.77,55.35,,1.3
"2025-11-02 00:51:36",952,765,90255,0,,9.6,348.7,11.75,55.35,,1.2
"2025-11-02 00:51:37",953,766,90244,0,,10.2,346.5,11.75,55.4,,1.2
"2025-11-02 00:51:38",954,767,90234,-38.219703,-72.689813,9.3,340.8,11.75,55.5,,1.2
"2025-11-02 00:51:39",955,768,90220,0,,9.3,340.8,11.74,55.5,,1.2
"2025-11-02 00:51:40",956,769,90207,0,,10.25,344.7,11.71,55.55,,1.2
"2025-11-02 00:51:41",957,770,90194,-38.219362,-72.689915,9,346.6,11.7,55.6,,1.2
"2025-11-02 00:51:42",959,772,90179,0,,9,346.6,11.69,55.65,,1.2
"2025-11-02 00:51:43",960,773,90164,0,,9.5,340.8,11.69,55.7,,1.2
"2025-11-02 00:51:44",961,774,90150,-38.219195,-72.689973,9.2,348.7,11.67,55.75,,1.2
"2025-11-02 00:51:48",966,779,90103,0,,,,11.62,55.95,,1.2
"2025-11-02 00:51:49",967,780,90091,0,,,,11.61,56,,1.2
"2025-11-02 00:51:50",968,781,90080,0,,,,11.59,56.05,,1.2
"2025-11-02 00:51:51",969,782,90066,0,,9.3,341.5,11.58,56.1,,1.2
"2025-11-02 00:51:52",971,784,90052,0,,9.35,350.6,11.56,56.15,,1.2
"2025-11-02 00:51:53",972,785,90038,-38.218428,-72.69021,10.15,345.3,11.54,56.2,,1.2
"2025-11-02 00:51:56",975,788,90004,-38.218177,-72.690295,10.45,342.4,11.53,56.35,,1.2
"2025-11-02 00:51:57",976,789,89989,0,,10.45,342.4,11.51,56.4,,1.2
"2025-11-02 00:51:58",978,791,89974,0,,10.05,344.6,11.5,56.45,,1.2
"2025-11-02 00:51:59",979,792,89960,-38.217923,-72.69038,9.8,342.1,11.47,56.5,15,1.2
"2025-11-02 00:52:00",981,794,89943,0,,9.8,342.1,11.46,56.55,,1.2
"2025-11-02 00:52:01",982,795,89927,0,,9.65,343.2,11.44,56.65,,1.3
"2025-11-02 00:52:02",984,797,89912,-38.217672,-72.690462,9,343.1,11.44,56.65,,1.3
"2025-11-02 00:52:03",985,798,89900,0,,9,343.1,11.44,56.7,,1.3
"2025-11-02 00:52:04",986,799,89888,0,,9.55,342.1,11.44,56.75,,1.3
"2025-11-02 00:52:05",987,800,89876,-38.217418,-72.690542,9.2,348.3,11.43,56.75,,1.3
"2025-11-02 00:52:06",988,801,89864,0,,10.75,344.9,11.43,56.75,,1.2
"2025-11-02 00:52:07",989,802,89853,0,,9.55,343.2,11.43,56.8,,1.2
"2025-11-02 00:52:08",990,803,89842,-38.217158,-72.690623,9.7,351.2,11.43,56.85,,1.3
"2025-11-02 00:52:12",994,807,89798,0,,10.35,347.3,11.35,57,,1.2
"2025-11-02 00:52:13",995,808,89787,0,,9.6,351.1,11.33,57.05,,1.1
"2025-11-02 00:52:14",996,809,89776,-38.216633,-72.69079,10.65,343.3,11.33,57.05,,1.1
"2025-11-02 00:52:15",997,810,89764,0,,9.55,343.2,11.32,57.15,,1.1
"2025-11-02 00:52:16",998,811,89753,0,,10.2,351.1,11.3,57.15,,1.1
"2025-11-02 00:52:17",1000,813,89742,-38.21629,-72.690908,9.95,341.4,11.28,57.2,,1
"2025-11-02 00:52:18",1001,814,89729,0,,9.95,341.4,11.28,57.25,,1.1
"2025-11-02 00:52:19",1002,815,89716,0,,10.6,345.7,11.25,57.25,,1.1
"2025-11-02 00:52:20",1003,816,89704,-38.216113,-72.690967,9.5,343,11.24,57.25,,1.1
"2025-11-02 00:52:21",1004,817,89692,0,,9.5,343,11.24,57.25,,1.1
"2025-11-02 00:52:22",1005,818,89680,0,,10.75,344.9,11.23,57.25,,1.1
"2025-11-02 00:52:23",1006,819,89668,-38.21585,-72.691047,9.5,345.8,11.22,57.3,,1.1
"2025-11-02 00:52:25",1009,822,89643,0,,9.6,341.7,11.19,57.35,,1.1
"2025-11-02 00:52:26",1010,823,89632,-38.215587,-72.69113,9.65,351.2,11.18,57.4,15,1.1
"2025-11-02 00:52:27",1011,824,89620,0,,10.55,344.2,11.18,57.45,,1.1
"2025-11-02 00:52:28",1012,825,89608,0,,9.4,342.7,11.17,57.45,,1.1
"2025-11-02 00:52:29",1013,826,89596,-38.215325,-72.691217,10.8,348.7,11.16,57.5,,1.1
"2025-11-02 00:52:33",1018,831,89542,0,,,,11.11,57.6,,1.2
"2025-11-02 00:52:34",1019,832,89529,0,,,,11.09,57.65,,1.2
"2025-11-02 00:52:35",1021,834,89516,0,,,,11.08,57.65,,1.2
"2025-11-02 00:52:36",1022,835,89502,0,,9.2,347,11.07,57.65,,1.2
"2025-11-02 00:52:37",1023,836,89489,0,,10.6,343.4,11.06,57.65,,1.2
"2025-11-02 00:52:38",1024,837,89476,-38.214538,-72.691493,9.9,341.2,11.05,57.7,,1.2
"2025-11-02 00:52:39",1026,839,89464,0,,10.35,350.1,11.04,57.75,,1.2
"2025-11-02 00:52:40",1027,840,89453,0,,10,342.7,11.04,57.8,,1.2
"2025-11-02 00:52:41",1028,841,89442,-38.214278,-72.691582,9.45,343.4,11.02,57.85,,1.2
"2025-11-02 00:52:42",1029,842,89428,0,,9.45,343.4,11.01,57.9,,1.2
"2025-11-02 00:52:43",1030,843,89415,0,,9.45,343.4,11,57.9,,1.2
"2025-11-02 00:52:44",1031,844,89402,-38.21402,-72.69167,9.4,347.6,10.99,57.95,,1.2
"2025-11-02 00:52:48",1036,849,89355,0,,9.5,343.7,10.93,58.05,,1.2
"2025-11-02 00:52:49",1037,850,89343,0,,9.55,348.6,10.92,58.1,,1.1
"2025-11-02 00:52:50",1038,851,89332,-38.213427,-72.691887,10.4,343.9,10.91,58.1,,1.1
"2025-11-02 00:52:51",1039,852,89320,0,,,,10.9,58.15,,1.1
"2025-11-02 00:52:52",1040,853,89309,0,,,,10.9,58.15,,1.1
"2025-11-02 00:52:53",1041,854,89298,0,,,,10.9,58.1,14.75,1.1
"2025-11-02 00:52:55",1043,856,89273,0,,,,10.87,58.1,,1.1
"2025-11-02 00:52:56",1045,858,89262,0,,,,10.87,58.1,,1.1
"2025-11-02 00:52:57",1046,859,89250,0,,8.8,345.6,10.87,58.05,,1.1
"2025-11-02 00:52:58",1047,860,89239,0,,10.45,342.9,10.86,58.1,,1.1
"2025-11-02 00:52:59",1048,861,89228,-38.21275,-72.692133,9.85,342.8,10.85,58.1,,1.1
"2025-11-02 00:53:00",1049,862,89215,0,,8.65,345.8,10.85,58.1,,1.1
"2025-11-02 00:53:01",1050,863,89202,0,,10.55,341.7,10.84,58.1,,1.1
"2025-11-02 00:53:02",1051,864,89190,-38.212502,-72.692225,9.55,345,10.82,58.15,,1.1
"2025-11-02 00:53:03",1052,865,89180,0,,8.85,346.5,10.81,58.15,,1.1
"2025-11-02 00:53:04",1053,866,89170,0,,10.45,339.8,10.81,58.15,,1.1
"2025-11-02 00:53:05",1054,867,89160,-38.212173,-72.69234,9.2,345.9,10.8,58.15,,1.1
"2025-11-02 00:53:06",1055,868,89147,0,,9.15,345.9,10.79,58.15,,1.1
"2025-11-02 00:53:07",1056,869,89135,0,,10.6,340.4,10.78,58.2,,1.1
"2025-11-02 00:53:08",1057,870,89124,-38.212005,-72.692405,8.95,345.6,10.78,58.2,,1.1
"2025-11-02 00:53:09",1058,871,89114,0,,9.3,345.5,10.77,58.2,,1.1
"2025-11-02 00:53:10",1059,872,89104,0,,10.45,342.2,10.75,58.2,,1.1
"2025-11-02 00:53:11",1060,873,89094,-38.211758,-72.69249,8.5,347.5,10.75,58.25,,1
"2025-11-02 00:53:12",1061,874,89084,0,,,,10.74,58.25,,1
"2025-11-02 00:53:13",1062,875,89075,0,,,,10.74,58.3,,1
"2025-11-02 00:53:14",1063,876,89066,0,,,,10.74,58.3,,1
"2025-11-02 00:53:15",1064,877,89056,0,,10.3,345.7,10.73,58.35,,1
"2025-11-02 00:53:16",1065,878,89046,0,,9.75,347.6,10.72,58.35,,1
"2025-11-02 00:53:17",1066,879,89036,-38.21127,-72.692658,8.5,341.3,10.71,58.4,,1
"2025-11-02 00:53:22",1071,884,88984,0,,9.6,347,10.67,58.45,,0.9
"2025-11-02 00:53:23",1072,885,88974,-38.210788,-72.692832,9.9,340.4,10.66,58.45,,0.9
"2025-11-02 00:53:26",1074,887,88944,-38.210547,-72.692917,10,347.3,10.63,58.55,,1
"2025-11-02 00:53:28",1076,889,88925,0,,8.95,345.7,10.61,58.55,,0.9
"2025-11-02 00:53:29",1077,890,88916,-38.210223,-72.693028,9.15,349.3,10.61,58.55,,0.9
"2025-11-02 00:53:31",1079,892,88900,0,,10.15,345.9,10.6,58.55,,0.9
"2025-11-02 00:53:32",1079,892,88892,-38.210057,-72.693085,8.9,343.7,10.6,58.55,,0.9
"2025-11-02 00:53:34",1082,895,88867,0,,9.2,348.8,10.59,58.6,,0.9
"2025-11-02 00:53:35",1083,896,88856,-38.209738,-72.6932,8.8,342.7,10.58,58.6,,0.9
"2025-11-02 00:53:37",1085,898,88834,0,,8.5,348.1,10.51,58.65,,0.9
"2025-11-02 00:53:38",1086,899,88824,-38.209493,-72.693288,9.95,340.3,10.51,58.65,,0.9
"2025-11-02 00:53:39",1086,899,88815,0,,9.95,340.3,10.51,58.6,,0.9
"2025-11-02 00:53:40",1087,900,88807,0,,8.4,341.8,10.51,58.6,,0.9
"2025-11-02 00:53:41",1088,901,88800,-38.209337,-72.693345,9.8,345.3,10.51,58.65,,0.9
"2025-11-02 00:53:42",1089,902,88790,0,,8.95,348.5,10.51,58.6,,0.9
"2025-11-02 00:53:43",1090,903,88780,0,,9.45,341.3,10.51,58.65,,0.9
"2025-11-02 00:53:44",1091,904,88770,-38.209092,-72.693425,9.95,346.5,10.51,58.65,,1
"2025-11-02 00:53:45",1092,905,88760,0,,8.35,342.9,10.5,58.65,,1
"2025-11-02 00:53:46",1093,906,88750,0,,9.3,343.3,10.49,58.65,,1
"2025-11-02 00:53:47",1094,907,88740,-38.208855,-72.693507,9.4,347.8,10.48,58.65,14.25,0.9
"2025-11-02 00:53:48",1094,907,88731,0,,8,342.4,10.48,58.6,,0.9
"2025-11-02 00:53:49",1095,908,88722,0,,9.6,345,10.49,58.5,,0.9
"2025-11-02 00:53:50",1096,909,88714,-38.208622,-72.693583,8.85,347.6,10.5,58.4,,0.9
"2025-11-02 00:53:51",1097,910,88705,0,,8.45,340.1,10.5,58.25,,0.9
"2025-11-02 00:53:52",1098,911,88697,0,,8.45,340.1,10.5,58.1,,0.9
"2025-11-02 00:53:53",1098,911,88690,-38.20839,-72.693668,8.2,344,10.5,57.85,,0.9
"2025-11-02 00:53:55",1100,913,88668,0,,8.9,348.4,10.51,57.25,,0.9
"2025-11-02 00:53:56",1101,914,88658,-38.208168,-72.69375,7.4,343.9,10.51,56.95,,0.9
"2025-11-02 00:53:57",1102,915,88648,0,,8.45,338.9,10.52,56.7,,0.9
"2025-11-02 00:53:58",1103,916,88639,0,,7.9,344.3,10.56,56.45,,0.9
"2025-11-02 00:53:59",1104,917,88630,-38.207963,-72.693838,8.35,337.7,10.57,56.2,,0.9
"2025-11-02 00:54:00",1105,918,88619,0,,8.35,337.7,10.58,56.05,,0.9
"2025-11-02 00:54:01",1106,919,88609,0,,7.9,343,10.58,55.85,,0.9
"2025-11-02 00:54:02",1107,920,88600,-38.207745,-72.693928,9,335.7,10.58,55.7,,0.9
"2025-11-02 00:54:03",1108,921,88587,0,,8.55,343.3,10.59,55.55,,0.9
"2025-11-02 00:54:04",1109,922,88574,0,,8.55,343.3,10.6,55.4,,1
"2025-11-02 00:54:05",1110,923,88562,-38.207535,-72.694028,8.45,336.4,10.6,55.25,,1
"2025-11-02 00:54:09",1114,927,88528,0,,7.65,348.6,10.59,54.9,,0.9
"2025-11-02 00:54:10",1114,927,88520,0,,8.25,335.5,10.58,54.8,,0.9
"2025-11-02 00:54:11",1115,928,88512,-38.20712,-72.69421,8.85,337.5,10.58,54.8,,0.9
"2025-11-02 00:54:12",1116,929,88499,0,,8.6,343.9,10.57,54.75,,0.9
"2025-11-02 00:54:13",1118,931,88486,0,,8.6,343.9,10.57,54.75,,1
"2025-11-02 00:54:14",1119,932,88474,-38.206905,-72.694298,7.95,344,10.56,54.7,13.75,1
"2025-11-02 00:54:15",1120,933,88462,0,,8.4,336.6,10.56,54.7,,1
"2025-11-02 00:54:16",1121,934,88451,0,,7.8,337.2,10.54,54.65,,1
"2025-11-02 00:54:17",1122,935,88440,-38.206635,-72.69443,7.8,344.5,10.54,54.6,,1
"2025-11-02 00:54:18",1123,936,88430,0,,,,10.51,54.6,,1
"2025-11-02 00:54:19",1124,937,88421,0,,,,10.51,54.6,,1
"2025-11-02 00:54:20",1125,938,88412,0,,,,10.51,54.6,,0.9
"2025-11-02 00:54:21",1126,939,88402,0,,8.4,332.3,10.51,54.55,,1
"2025-11-02 00:54:22",1126,939,88393,0,,7.4,336.4,10.51,54.55,,1
"2025-11-02 00:54:23",1127,940,88384,-38.206293,-72.69461,8.8,339.8,10.51,54.55,,1
"2025-11-02 00:54:27",1130,943,88350,0,,7.85,330.8,10.51,54.55,,0.9
"2025-11-02 00:54:28",1131,944,88342,0,,7.85,330.8,10.51,54.6,,0.9
"2025-11-02 00:54:29",1132,945,88334,-38.2059,-72.694873,8.1,324.2,10.51,54.6,,0.8
"2025-11-02 00:54:30",1133,946,88320,0,,7.25,333.6,10.51,54.6,,0.9
"2025-11-02 00:54:31",1135,948,88307,0,,7.95,330.1,10.51,54.6,,0.9
"2025-11-02 00:54:32",1136,949,88294,-38.205725,-72.69501,7.2,319.9,10.51,54.6,,0.9
"2025-11-02 00:54:33",1137,950,88280,0,,7.05,338.2,10.51,54.6,,1
"2025-11-02 00:54:34",1138,951,88268,0,,7.05,338.2,10.51,54.6,,1
"2025-11-02 00:54:35",1139,952,88256,-38.20556,-72.69513,6.6,320.8,10.51,54.6,,1
"2025-11-02 00:54:36",1140,953,88245,0,,7.4,337.6,10.52,54.55,,1
"2025-11-02 00:54:37",1141,954,88234,0,,6.7,328.4,10.52,54.45,,1
"2025-11-02 00:54:38",1142,955,88224,-38.205402,-72.695235,5.8,338.3,10.54,54.45,,1
"2025-11-02 00:54:39",1143,956,88215,0,,7.35,333.1,10.57,54.4,,1
"2025-11-02 00:54:40",1144,957,88207,0,,6.4,327.8,10.58,54.4,,1
"2025-11-02 00:54:41",1145,958,88200,-38.205247,-72.695333,6.15,342.2,10.57,54.35,13.75,1
"2025-11-02 00:54:42",1146,959,88191,0,,7.3,328.2,10.58,54.3,,1
"2025-11-02 00:54:43",1146,959,88183,0,,5.45,328.4,10.59,54.3,,1
"2025-11-02 00:54:44",1147,960,88176,-38.205095,-72.695437,6.85,337,10.59,54.25,,0.9
"2025-11-02 00:54:45",1148,961,88165,0,,7,323.9,10.6,54.25,,0.9
"2025-11-02 00:54:46",1149,962,88155,0,,7,323.9,10.6,54.2,,0.9
"2025-11-02 00:54:47",1150,963,88146,-38.204945,-72.695545,7.1,330.7,10.59,54.15,,0.9
"2025-11-02 00:54:48",1151,964,88136,0,,6.65,328.6,10.59,54.1,,0.9
"2025-11-02 00:54:49",1152,965,88127,0,,5.75,342.5,10.59,54.1,,0.8
"2025-11-02 00:54:50",1153,966,88118,-38.204792,-72.695648,7.05,324.8,10.59,54.05,,0.8
"2025-11-02 00:54:55",1157,970,88067,0,,5.65,335.6,10.56,53.9,,0.9
"2025-11-02 00:54:56",1158,971,88058,-38.204468,-72.69588,6.6,324.2,10.56,53.9,,0.9
"2025-11-02 00:54:57",1159,972,88046,0,,5.4,339.1,10.56,53.85,,0.9
"2025-11-02 00:54:58",1161,974,88034,0,,5.35,330.6,10.57,53.85,,1
"2025-11-02 00:54:59",1162,975,88022,-38.204335,-72.69597,6.2,329.4,10.56,53.8,,1
"2025-11-02 00:55:00",1163,976,88010,0,,5.1,338.4,10.54,53.8,,1
"2025-11-02 00:55:01",1164,977,87999,0,,5.65,335.5,10.51,53.75,,1
"2025-11-02 00:55:02",1165,978,87988,-38.2042,-72.696065,6.35,323.7,10.51,53.75,,1
"2025-11-02 00:55:03",1166,979,87975,0,,,,10.51,53.75,,1
"2025-11-02 00:55:04",1167,980,87962,0,,,,10.51,53.7,,1.1
"2025-11-02 00:55:05",1169,982,87950,0,,,,10.51,53.7,,1.1
"2025-11-02 00:55:09",1174,987,87895,0,,5.35,329.4,10.5,53.6,,1.2
"2025-11-02 00:55:10",1175,988,87881,0,,6.4,326.2,10.5,53.6,,1.2
"2025-11-02 00:55:11",1176,989,87868,-38.203837,-72.696323,5.5,334.6,10.48,53.65,,1.2
"2025-11-02 00:55:12",1178,991,87852,0,,5.9,325.7,10.47,53.7,,1.3
"2025-11-02 00:55:13",1179,992,87837,0,,5.9,325.7,10.46,53.7,,1.3
"2025-11-02 00:55:14",1181,994,87822,-38.203665,-72.696453,4.8,336.5,10.45,53.7,,1.3
"2025-11-02 00:55:15",1182,995,87807,0,,5.7,322.5,10.44,53.75,,1.3
"2025-11-02 00:55:16",1183,996,87793,0,,5.7,322.5,10.43,53.75,,1.3
"2025-11-02 00:55:17",1185,998,87780,-38.203583,-72.696527,5.25,327.8,10.42,53.75,,1.3
"2025-11-02 00:55:18",1186,999,87765,0,,5.2,327.8,10.41,53.7,,1.3
"2025-11-02 00:55:19",1188,1001,87749,0,,4.75,330.2,10.38,53.75,,1.4
"2025-11-02 00:55:20",1189,1002,87734,-38.203462,-72.69662,5.4,320.8,10.37,53.75,,1.4
"2025-11-02 00:55:21",1190,1003,87719,0,,5.4,336.9,10.36,53.75,,1.4
"2025-11-02 00:55:22",1192,1005,87705,0,,4.35,329.4,10.35,53.75,,1.4
"2025-11-02 00:55:23",1193,1006,87692,-38.203342,-72.696707,5.7,328.6,10.34,53.75,,1.4
"2025-11-02 00:55:26",1197,1010,87650,-38.20322,-72.696793,5.35,335.7,10.31,53.85,,1.4
"2025-11-02 00:55:27",1199,1012,87633,0,,5,334.2,10.3,53.9,,1.4
"2025-11-02 00:55:28",1200,1013,87617,0,,6,320.5,10.29,53.9,,1.4
"2025-11-02 00:55:29",1202,1015,87602,-38.203093,-72.696887,5.15,340.8,10.27,53.9,,1.4
"2025-11-02 00:55:30",1203,1016,87590,0,,,,10.26,53.9,,1.4
"2025-11-02 00:55:31",1204,1017,87579,0,,,,10.25,53.9,,1.4
"2025-11-02 00:55:32",1205,1018,87568,0,,,,10.25,53.9,,1.3
"2025-11-02 00:55:33",1206,1019,87555,0,,5.8,324.7,10.23,53.85,,1.3
"2025-11-02 00:55:34",1207,1020,87542,0,,5.5,337.8,10.21,53.9,,1.3
"2025-11-02 00:55:35",1208,1021,87530,-38.202835,-72.697067,4.45,333.7,10.2,53.9,13.5,1.3
"2025-11-02 00:55:36",1210,1023,87517,0,,6.3,333.7,10.19,53.95,,1.3
"2025-11-02 00:55:37",1211,1024,87504,0,,6.3,333.7,10.17,54,,1.3
"2025-11-02 00:55:38",1212,1025,87492,-38.202698,-72.697152,5.65,325.9,10.16,54.05,,1.3
"2025-11-02 00:55:39",1213,1026,87479,0,,6.4,331.6,10.15,54.05,,1.3
"2025-11-02 00:55:40",1215,1028,87466,0,,4.7,342.9,10.15,54.1,,1.2
"2025-11-02 00:55:41",1216,1029,87454,-38.202565,-72.697238,5.85,326.9,10.13,54.1,,1.2
"2025-11-02 00:55:42",1217,1030,87441,0,,5.85,326.9,10.13,54.1,,1.2
"2025-11-02 00:55:43",1218,1031,87429,0,,4.5,334.6,10.11,54.15,,1.2
"2025-11-02 00:55:44",1219,1032,87418,-38.202388,-72.697357,5.75,327.1,10.08,54.2,,1.2
"2025-11-02 00:55:45",1221,1034,87403,0,,,,10.07,54.2,,1.2
"2025-11-02 00:55:46",1222,1035,87389,0,,,,10.05,54.25,,1.2
"2025-11-02 00:55:47",1223,1036,87376,0,,,,10.04,54.3,,1.2
"2025-11-02 00:55:48",1225,1038,87362,0,,4.4,338.5,10.02,54.4,,1.2
"2025-11-02 00:55:49",1226,1039,87349,0,,5.5,328.8,10.02,54.4,,1.2
"2025-11-02 00:55:50",1227,1040,87336,-38.202168,-72.697482,5.75,340.1,10.02,54.45,,1.2
"2025-11-02 00:55:51",1228,1041,87324,0,,,,10.01,54.4,,1.2
"2025-11-02 00:55:52",1229,1042,87313,0,,,,10,54.4,,1.2
"2025-11-02 00:55:53",1230,1043,87302,0,,,,9.99,54.4,,1.2
"2025-11-02 00:55:56",1234,1047,87262,-38.201915,-72.69762,4.55,342.3,9.95,54.45,,1.2
"2025-11-02 00:55:57",1235,1048,87248,0,,,,9.93,54.45,,1.2
"2025-11-02 00:55:58",1237,1050,87235,0,,,,9.92,54.45,,1.2
"2025-11-02 00:55:59",1238,1051,87222,0,,,,9.91,54.5,,1.2
"2025-11-02 00:56:01",1240,1053,87195,0,,4.7,350.1,9.89,54.5,,1.2
"2025-11-02 00:56:02",1242,1055,87182,-38.201662,-72.69776,4.95,329.3,9.87,54.5,13.5,1.2
"2025-11-02 00:56:03",1243,1056,87168,0,,,,9.87,54.5,,1.2
"2025-11-02 00:56:04",1244,1057,87155,0,,,,9.85,54.55,,1.3
"2025-11-02 00:56:05",1246,1059,87142,0,,,,9.85,54.55,,1.3
"2025-11-02 00:56:07",1248,1061,87114,0,,4.5,333.6,9.83,54.55,,1.3
"2025-11-02 00:56:08",1250,1063,87100,-38.201393,-72.697892,6.35,339.9,9.82,54.55,,1.3
"2025-11-02 00:56:10",1252,1065,87071,0,,5.15,334.3,9.79,54.6,,1.3
"2025-11-02 00:56:11",1254,1067,87058,-38.20126,-72.697948,6.3,347.8,9.78,54.6,,1.3
"2025-11-02 00:56:12",1255,1068,87043,0,,,,9.76,54.6,,1.3
"2025-11-02 00:56:13",1257,1070,87027,0,,,,9.76,54.6,,1.3
"2025-11-02 00:56:14",1258,1071,87012,0,,,,9.76,54.55,,1.4
"2025-11-02 00:56:15",1259,1072,86997,0,,4.3,335.8,9.75,54.45,,1.4
"2025-11-02 00:56:16",1261,1074,86983,0,,5.35,346.2,9.75,54.45,,1.4
"2025-11-02 00:56:17",1262,1075,86970,-38.201013,-72.698033,4.2,344,9.75,54.35,,1.4
"2025-11-02 00:56:18",1263,1076,86955,0,,,,9.75,54.25,,1.4
"2025-11-02 00:56:19",1265,1078,86940,0,,,,9.75,54.1,,1.4
"2025-11-02 00:56:20",1266,1079,86926,0,,,,9.75,53.9,,1.4
"2025-11-02 00:56:21",1268,1081,86909,0,,4.65,336.6,9.75,53.75,,1.4
"2025-11-02 00:56:22",1269,1082,86893,0,,3.9,0.1,9.75,53.6,,1.4
"2025-11-02 00:56:23",1271,1084,86878,-38.200755,-72.69814,4.4,330.6,9.75,53.4,,1.4
"2025-11-02 00:56:24",1273,1086,86859,0,,4.45,330.6,9.75,53.3,,1.5
"2025-11-02 00:56:25",1274,1087,86840,0,,4.05,345.8,9.75,53.1,,1.5
"2025-11-02 00:56:26",1276,1089,86822,-38.200678,-72.69817,5.35,334.8,9.75,52.95,,1.5
"2025-11-02 00:56:27",1278,1091,86802,0,,3.95,353.4,9.75,52.8,,1.6
"2025-11-02 00:56:28",1280,1093,86784,0,,4.35,337.6,9.74,52.7,,1.6
"2025-11-02 00:56:29",1282,1095,86766,-38.20056,-72.698215,5.6,346.2,9.73,52.6,13,1.6
"2025-11-02 00:56:33",1289,1102,86692,0,,,,9.68,52.35,,1.7
"2025-11-02 00:56:34",1290,1103,86674,0,,,,9.67,52.35,,1.7
"2025-11-02 00:56:35",1292,1105,86656,0,,,,9.66,52.25,,1.8
"2025-11-02 00:56:36",1294,1107,86638,0,,4.45,329,9.64,52.25,,1.8
"2025-11-02 00:56:37",1296,1109,86620,0,,5.3,352.7,9.63,52.25,,1.8
"2025-11-02 00:56:38",1297,1110,86602,-38.200203,-72.698352,3.65,345.3,9.62,52.2,,1.8
"2025-11-02 00:56:42",1304,1117,86529,0,,,,9.57,52.1,,1.8
"2025-11-02 00:56:43",1306,1119,86511,0,,,,9.57,52.1,,1.8
"2025-11-02 00:56:44",1308,1121,86494,0,,,,9.54,52.15,,1.8
"2025-11-02 00:56:45",1310,1123,86476,0,,4.8,350.5,9.52,52.2,,1.8
"2025-11-02 00:56:46",1311,1124,86458,0,,3.6,337,9.49,52.25,,1.7
"2025-11-02 00:56:47",1313,1126,86440,-38.199862,-72.698505,5.55,337,9.48,52.3,,1.7
"2025-11-02 00:56:51",1319,1132,86373,0,,,,9.42,52.35,,1.7
"2025-11-02 00:56:52",1321,1134,86356,0,,,,9.4,52.45,,1.7
"2025-11-02 00:56:53",1323,1136,86340,0,,,,9.38,52.45,,1.7
"2025-11-02 00:56:56",1326,1139,86304,-38.199515,-72.698698,5.1,341.8,9.34,52.6,12.75,1.5
"2025-11-02 00:56:57",1328,1141,86286,0,,4.05,322.8,9.32,52.65,,1.5
"2025-11-02 00:56:58",1329,1142,86269,0,,3.6,331.2,9.3,52.7,,1.5
"2025-11-02 00:56:59",1331,1144,86252,-38.19942,-72.698767,3.5,335.2,9.29,52.8,,1.5
"2025-11-02 00:57:00",1333,1146,86233,0,,,,9.27,52.95,,1.5
"2025-11-02 00:57:01",1335,1148,86214,0,,,,9.26,53,,1.6
"2025-11-02 00:57:02",1337,1150,86196,0,,,,9.24,53.1,,1.6
"2025-11-02 00:57:03",1338,1151,86179,0,,3.65,346.2,9.21,53.15,,1.6
"2025-11-02 00:57:04",1340,1153,86163,0,,3.95,340.6,9.19,53.25,,1.6
"2025-11-02 00:57:05",1341,1154,86148,-38.199217,-72.698875,4.45,327.5,9.17,53.25,,1.6
"2025-11-02 00:57:06",1343,1156,86128,0,,3.8,347.4,9.16,53.25,,1.6
"2025-11-02 00:57:07",1345,1158,86110,0,,3.8,347.4,9.16,53.15,,1.6
"2025-11-02 00:57:08",1347,1160,86092,-38.199122,-72.69892,4.05,329.8,9.16,53,,1.7
"2025-11-02 00:57:09",1348,1161,86077,0,,3.65,346.5,9.16,52.85,,1.7
"2025-11-02 00:57:10",1349,1162,86062,0,,3.65,346.5,9.15,52.65,,1.7
"2025-11-02 00:57:11",1351,1164,86048,-38.199027,-72.69897,4.55,336.9,9.14,52.5,,1.7
"2025-11-02 00:57:12",1353,1166,86029,0,,3.4,349.9,9.14,52.35,,1.6
"2025-11-02 00:57:13",1354,1167,86011,0,,3.8,329.4,9.14,52.25,,1.6
"2025-11-02 00:57:14",1356,1169,85994,-38.19893,-72.699015,4.25,341.8,9.14,52.15,,1.6
"2025-11-02 00:57:15",1358,1171,85977,0,,2.95,346.4,9.14,52,,1.6
"2025-11-02 00:57:16",1359,1172,85960,0,,4.55,334.7,9.12,51.9,,1.6
"2025-11-02 00:57:17",1361,1174,85944,-38.198802,-72.699067,4.1,348.4,9.12,51.8,,1.6
"2025-11-02 00:57:18",1363,1176,85926,0,,4.1,348.4,9.11,51.7,,1.6
"2025-11-02 00:57:19",1364,1177,85909,0,,4.75,342.2,9.1,51.65,,1.6
"2025-11-02 00:57:20",1366,1179,85892,-38.198733,-72.699093,3.75,349.8,9.1,51.55,,1.6
"2025-11-02 00:57:21",1368,1181,85876,0,,3.6,326.4,9.09,51.5,,1.6
"2025-11-02 00:57:22",1369,1182,85860,0,,4.5,348.8,9.08,51.45,,1.6
"2025-11-02 00:57:23",1371,1184,85844,-38.198637,-72.699133,3.25,350.3,9.08,51.35,12.75,1.6
"2025-11-02 00:57:24",1372,1185,85827,0,,4,327.9,9.07,51.2,,1.6
"2025-11-02 00:57:25",1374,1187,85811,0,,4.15,351.9,9.05,51.05,,1.6
"2025-11-02 00:57:26",1375,1188,85796,-38.198543,-72.699175,2.8,339.6,9.05,50.9,,1.6
"2025-11-02 00:57:30",1382,1195,85724,0,,3.4,332.9,9.03,50.35,,1.6
"2025-11-02 00:57:31",1384,1197,85706,0,,3.25,352.1,9.03,50.2,,1.6
"2025-11-02 00:57:32",1386,1199,85688,-38.198358,-72.69925,3.25,326.9,9.03,50.1,,1.7
"2025-11-02 00:57:36",1392,1205,85621,0,,3.65,332.6,9,49.45,,1.7
"2025-11-02 00:57:37",1394,1207,85604,0,,3.6,336.8,9,49.25,,1.7
"2025-11-02 00:57:38",1395,1208,85588,-38.198172,-72.699333,4.15,343.7,8.99,49.15,,1.7
"2025-11-02 00:57:39",1397,1210,85573,0,,2.8,355.6,8.98,49,,1.7
"2025-11-02 00:57:40",1398,1211,85558,0,,3.65,334.8,8.98,48.95,,1.6
"2025-11-02 00:57:41",1400,1213,85544,-38.198085,-72.699363,3.65,353.8,8.97,48.75,,1.6
"2025-11-02 00:57:42",1401,1214,85528,0,,2.1,346.5,8.97,48.55,,1.6
"2025-11-02 00:57:43",1403,1216,85513,0,,3.75,346.5,8.97,48.3,,1.6
"2025-11-02 00:57:44",1404,1217,85498,-38.198003,-72.69938,3.3,2.2,8.97,48.05,,1.6
"2025-11-02 00:57:45",1406,1219,85483,0,,2.8,336.9,8.96,47.85,,1.5
"2025-11-02 00:57:46",1407,1220,85468,0,,3.4,359.1,8.96,47.55,,1.5
"2025-11-02 00:57:47",1409,1222,85454,-38.197922,-72.699395,2.7,356.2,8.96,47.35,,1.5
"2025-11-02 00:57:48",1410,1223,85439,0,,2.7,356.2,8.96,47.1,,1.5
"2025-11-02 00:57:49",1411,1224,85425,0,,2.7,2.2,8.95,46.9,,1.5
"2025-11-02 00:57:50",1413,1226,85412,-38.197845,-72.699417,2.65,341,8.96,46.7,12.5,1.4
"2025-11-02 00:57:51",1414,1227,85399,0,,2.65,341,8.96,46.5,,1.4
"2025-11-02 00:57:52",1415,1228,85386,0,,2.15,3.5,8.96,46.3,,1.4
"2025-11-02 00:57:53",1416,1229,85374,-38.197767,-72.699435,3.25,344.8,8.95,46.15,,1.4
"2025-11-02 00:57:56",1420,1233,85338,-38.19769,-72.69945,3.55,350.7,8.95,45.7,,1.3
"2025-11-02 00:57:57",1421,1234,85324,0,,3.6,350.7,8.94,45.6,,1.3
"2025-11-02 00:57:58",1422,1235,85311,0,,2.85,336.9,8.94,45.45,,1.3
"2025-11-02 00:57:59",1424,1237,85298,-38.197585,-72.699463,3.25,359.9,8.93,45.3,,1.3
"2025-11-02 00:58:00",1425,1238,85287,0,,3.2,359.9,8.93,45.15,,1.2
"2025-11-02 00:58:01",1426,1239,85276,0,,3.65,344.3,8.93,45.05,,1.2
"2025-11-02 00:58:02",1427,1240,85266,-38.19753,-72.699475,2.95,1,8.92,44.95,,1.2
"2025-11-02 00:58:03",1428,1241,85254,0,,2.5,331.6,8.92,44.85,,1.2
"2025-11-02 00:58:04",1429,1242,85243,0,,3.3,359.8,8.9,44.65,,1.2
"2025-11-02 00:58:05",1430,1243,85232,-38.197458,-72.699487,2.35,4.3,8.9,44.55,,1.2
"2025-11-02 00:58:06",1431,1244,85219,0,,3.4,338.9,8.9,44.45,,1.2
"2025-11-02 00:58:07",1433,1246,85206,0,,2.75,10.6,8.92,44.3,,1.2
"2025-11-02 00:58:08",1434,1247,85194,-38.197385,-72.699498,2.2,348.3,8.93,44.15,,1.2
"2025-11-02 00:58:09",1435,1248,85177,0,,3.7,349.5,8.94,43.8,,1.2
"2025-11-02 00:58:10",1437,1250,85160,0,,2.1,357.6,8.95,43.4,,1.2
"2025-11-02 00:58:11",1439,1252,85144,-38.19731,-72.699517,3.2,342.9,8.97,42.95,,1.2
"2025-11-02 00:58:15",1443,1256,85097,0,,3.9,340.8,9.01,41.4,,1.3
"2025-11-02 00:58:16",1444,1257,85085,0,,2.95,345.1,9.03,41.15,,1.3
"2025-11-02 00:58:17",1446,1259,85074,-38.19712,-72.699557,4.1,350.8,9.03,40.85,12.5,1.3
"2025-11-02 00:58:18",1447,1260,85063,0,,3.85,8.7,9.03,40.5,,1.3
"2025-11-02 00:58:19",1448,1261,85052,0,,3.4,340.4,9.05,40.25,,1.3
"2025-11-02 00:58:20",1449,1262,85042,-38.19702,-72.699567,4.05,0.9,9.05,39.95,,1.2
"2025-11-02 00:58:22",1451,1264,85016,0,,3.4,341,9.08,39.45,,1.2
"2025-11-02 00:58:23",1452,1265,85004,-38.196898,-72.69957,3.15,7.1,9.07,39.25,,1.1
"2025-11-02 00:58:26",1457,1270,84956,-38.196837,-72.699572,3.15,20,9.09,38.8,,1.2
"2025-11-02 00:58:33",1464,1277,84890,0,,,,9.03,38.1,,1.1
"2025-11-02 00:58:34",1464,1277,84881,0,,,,9.02,38,,1.1
"2025-11-02 00:58:35",1465,1278,84872,0,,,,9.01,37.9,,1.1
"2025-11-02 00:58:37",1467,1280,84853,0,,3.2,15.4,9,37.8,,1.1
"2025-11-02 00:58:38",1468,1281,84844,-38.196548,-72.699555,2.1,5,9,37.7,,1
"2025-11-02 00:58:45",1474,1287,84787,0,,3.35,350.4,8.95,37.55,,0.8
"2025-11-02 00:58:46",1474,1287,84779,0,,2.35,346.4,8.95,37.5,,0.8
"2025-11-02 00:58:47",1475,1288,84772,-38.196315,-72.699563,4,4.3,8.93,37.5,,0.8
"2025-11-02 00:58:48",1476,1289,84763,0,,2.15,351,8.93,37.5,,0.8
"2025-11-02 00:58:49",1477,1290,84754,0,,2.75,351.3,8.92,37.45,,0.8
"2025-11-02 00:58:50",1478,1291,84746,-38.196238,-72.699568,3.35,16.1,8.9,37.45,,0.8
"2025-11-02 00:58:51",1479,1292,84734,0,,2.4,337,8.9,37.45,,0.8
"2025-11-02 00:58:52",1480,1293,84723,0,,3.35,358,8.89,37.4,,0.8
"2025-11-02 00:58:53",1481,1294,84712,-38.19616,-72.699568,3.2,22.6,8.88,37.4,,0.9
"2025-11-02 00:58:54",1482,1295,84701,0,,,,8.88,37.45,,0.9
"2025-11-02 00:58:55",1483,1296,84689,0,,,,8.86,37.45,,0.9
"2025-11-02 00:58:56",1484,1297,84678,0,,,,8.85,37.4,,0.9
"2025-11-02 00:58:57",1485,1298,84669,0,,3.95,348.4,8.84,37.35,,0.9
"2025-11-02 00:58:58",1486,1299,84660,0,,3.7,9.4,8.83,37.35,,1
"2025-11-02 00:58:59",1487,1300,84652,-38.195983,-72.699565,2.4,14.7,8.82,37.35,,1
"2025-11-02 00:59:00",1488,1301,84644,0,,4,17.5,8.82,37.35,,1
"2025-11-02 00:59:01",1488,1301,84637,0,,3.7,7.7,8.82,37.35,,1
"2025-11-02 00:59:02",1489,1302,84630,-38.195897,-72.69954,2.4,2.3,8.81,37.3,,0.9
"2025-11-02 00:59:03",1490,1303,84622,0,,2.4,2.3,8.81,37.35,,0.9
"2025-11-02 00:59:04",1491,1304,84614,0,,3.4,4.3,8.81,37.35,,0.9
"2025-11-02 00:59:05",1491,1304,84606,-38.195805,-72.699522,2.8,10.1,8.8,37.3,,0.9
"2025-11-02 00:59:06",1492,1305,84597,0,,2.8,10.1,8.8,37.25,,0.8
"2025-11-02 00:59:07",1493,1306,84589,0,,3,355.4,8.8,37.25,,0.8
"2025-11-02 00:59:08",1494,1307,84582,-38.195713,-72.699503,3.6,9.7,8.8,37.2,,0.8
"2025-11-02 00:59:09",1495,1308,84572,0,,4.45,14.7,8.78,37.15,,0.8
"2025-11-02 00:59:10",1496,1309,84562,0,,3.05,354.2,8.78,37.15,,0.8
"2025-11-02 00:59:11",1497,1310,84552,-38.195613,-72.699485,3.95,15.1,8.77,37.1,12,0.8
"2025-11-02 00:59:15",1500,1313,84518,0,,4.5,14.9,8.69,37.05,,0.8
"2025-11-02 00:59:16",1501,1314,84510,0,,2.55,13.4,8.67,37,,0.8
"2025-11-02 00:59:17",1502,1315,84502,-38.195415,-72.699445,4.2,3.8,8.69,37,,0.8
"2025-11-02 00:59:18",1502,1315,84495,0,,3.25,356,8.65,37,,0.8
"2025-11-02 00:59:19",1503,1316,84489,0,,3.25,356,8.65,37,,0.8
"2025-11-02 00:59:20",1503,1316,84484,-38.195325,-72.699443,3.95,4.2,8.65,37,,0.8
"2025-11-02 00:59:21",1504,1317,84474,0,,2.35,17.6,8.65,37.05,,0.8
"2025-11-02 00:59:22",1505,1318,84464,0,,3.15,9.5,8.65,37.05,,0.8
"2025-11-02 00:59:23",1506,1319,84454,-38.195242,-72.699425,3.75,5.9,8.65,37.1,,0.8
"2025-11-02 00:59:26",1509,1322,84426,-38.195158,-72.699407,3.35,359.2,8.65,37.1,,0.8
"2025-11-02 00:59:27",1510,1323,84417,0,,3.35,359.2,8.65,37.1,,0.8
"2025-11-02 00:59:28",1511,1324,84408,0,,3.9,1.7,8.65,37.1,,0.8
"2025-11-02 00:59:29",1512,1325,84400,-38.195052,-72.699388,3.05,357.6,8.65,37.1,,0.8
"2025-11-02 00:59:36",1517,1330,84344,0,,,,8.65,37.05,,0.8
"2025-11-02 00:59:37",1518,1331,84336,0,,,,8.65,37.05,,0.8
"2025-11-02 00:59:38",1519,1332,84328,0,,,,8.65,37,12,0.8
"2025-11-02 00:59:39",1519,1332,84320,0,,3.05,22.9,8.64,36.95,,0.8
"2025-11-02 00:59:40",1520,1333,84313,0,,3.05,22.9,8.64,36.95,,0.8
"2025-11-02 00:59:41",1521,1334,84306,-38.194753,-72.699268,4.05,17.1,8.64,36.95,,0.8
"2025-11-02 00:59:42",1522,1335,84295,0,,3.55,15.7,8.64,37,,0.8
"2025-11-02 00:59:43",1523,1336,84284,0,,2.6,18.8,8.64,37,,0.8
"2025-11-02 00:59:44",1524,1337,84274,-38.194667,-72.699237,3.5,15.4,8.64,36.95,,0.8
"2025-11-02 00:59:45",1525,1338,84262,0,,3.5,15.4,8.64,36.9,,0.9
"2025-11-02 00:59:46",1526,1339,84250,0,,4.2,18.5,8.64,36.85,,0.9
"2025-11-02 00:59:47",1528,1341,84238,-38.19457,-72.699195,4.65,18.9,8.64,36.8,,0.9
"2025-11-02 00:59:55",1536,1349,84155,0,,4.5,16.9,8.64,36,,1
"2025-11-02 00:59:56",1537,1350,84146,-38.19425,-72.699038,4.85,32.3,8.64,35.9,,1
"2025-11-02 00:59:57",1538,1351,84136,0,,3.65,18.4,8.64,35.85,,1
"2025-11-02 00:59:58",1539,1352,84125,0,,4.85,17.5,8.64,35.75,,1
"2025-11-02 00:59:59",1540,1353,84114,-38.194145,-72.69898,4.15,35.2,8.64,35.7,,1
"2025-11-02 01:00:00",1541,1354,84100,0,,3.7,13.8,8.64,35.65,,1
"2025-11-02 01:00:01",1542,1355,84090,0,,5.15,22.5,8.64,35.6,,1
"2025-11-02 01:00:02",1543,1356,84080,-38.19404,-72.698925,3.6,26.1,8.63,35.55,,1
"2025-11-02 01:00:03",1544,1357,84071,0,,4.25,7.7,8.63,35.5,,1
"2025-11-02 01:00:04",1545,1358,84060,0,,4.25,25.9,8.6,35.5,,1
"2025-11-02 01:00:05",1546,1359,84050,-38.19394,-72.698885,2.95,10.7,8.58,35.45,11.75,1
"2025-11-02 01:00:09",1550,1363,84005,0,,4.35,24.3,8.54,35.5,,1.1
"2025-11-02 01:00:10",1552,1365,83994,0,,3,19.7,8.51,35.5,,1.1
"2025-11-02 01:00:11",1553,1366,83984,-38.193718,-72.698778,4.55,18.9,8.5,35.5,,1.1
"2025-11-02 01:00:12",1553,1366,83975,0,,4.55,18.9,8.49,35.55,,1
"2025-11-02 01:00:13",1554,1367,83966,0,,3.55,7.5,8.48,35.5,,1
"2025-11-02 01:00:14",1555,1368,83958,-38.19365,-72.69875,5.05,28.6,8.47,35.5,,1
"2025-11-02 01:00:15",1556,1369,83947,0,,5.05,28.6,8.45,35.55,,1
"2025-11-02 01:00:16",1557,1370,83936,0,,3.85,13.3,8.44,35.55,,1
"2025-11-02 01:00:17",1558,1371,83926,-38.193552,-72.6987,4.15,36.8,8.43,35.55,,1
"2025-11-02 01:00:18",1559,1372,83915,0,,,,8.43,35.5,,1
"2025-11-02 01:00:19",1560,1373,83904,0,,,,8.41,35.5,,1
"2025-11-02 01:00:20",1562,1375,83894,0,,,,8.4,35.5,,1
"2025-11-02 01:00:21",1563,1376,83883,0,,4.25,18.5,8.39,35.5,,1
"2025-11-02 01:00:22",1564,1377,83873,0,,4.35,23.5,8.38,35.5,,1
"2025-11-02 01:00:23",1565,1378,83864,-38.193365,-72.6986,2.8,25.3,8.37,35.5,,1
"2025-11-02 01:00:26",1567,1380,83836,-38.19327,-72.698552,3.1,16.8,8.35,35.5,,1
"2025-11-02 01:00:27",1568,1381,83828,0,,4.4,22.7,8.35,35.5,,1
"2025-11-02 01:00:28",1569,1382,83821,0,,3.5,32.4,8.34,35.45,,1
"2025-11-02 01:00:29",1569,1382,83814,-38.193178,-72.6985,3.3,16.6,8.34,35.45,,0.9
"2025-11-02 01:00:33",1573,1386,83778,0,,,,8.29,35.45,,0.9
"2025-11-02 01:00:34",1574,1387,83769,0,,,,8.28,35.45,,0.9
"2025-11-02 01:00:35",1575,1388,83760,0,,,,8.28,35.45,,0.9
"2025-11-02 01:00:36",1576,1389,83751,0,,3.95,43.8,8.27,35.45,,0.9
"2025-11-02 01:00:37",1577,1390,83742,0,,3.1,28.8,8.27,35.45,,0.9
"2025-11-02 01:00:38",1577,1390,83734,-38.192907,-72.698335,3.8,21,8.26,35.45,,0.8
"2025-11-02 01:00:39",1578,1391,83724,0,,,,8.26,35.5,,0.9
"2025-11-02 01:00:40",1579,1392,83715,0,,,,8.26,35.5,,0.9
"2025-11-02 01:00:41",1580,1393,83706,0,,,,8.25,35.45,,0.9
"2025-11-02 01:00:42",1581,1394,83696,0,,,,8.25,35.4,,0.9
"2025-11-02 01:00:43",1582,1395,83687,0,,,,8.24,35.4,,0.9
"2025-11-02 01:00:44",1583,1396,83678,0,,,,8.23,35.35,,0.9
"2025-11-02 01:00:48",1586,1399,83651,0,,3.75,38.9,8.21,35.3,,0.8
"2025-11-02 01:00:49",1586,1399,83644,0,,5.25,30.7,8.21,35.25,,0.8
"2025-11-02 01:00:50",1587,1400,83638,-38.192538,-72.698048,3.75,38.5,8.2,35.25,,0.8
"2025-11-02 01:00:52",1588,1401,83624,0,,3.9,27.7,8.2,35.25,,0.8
"2025-11-02 01:00:53",1589,1402,83618,-38.192417,-72.69794,3.45,39.4,8.2,35.2,,0.7
"2025-11-02 01:00:56",1591,1404,83596,-38.192352,-72.697878,3.65,32.4,8.19,35.1,,0.7
"2025-11-02 01:00:58",1593,1406,83576,0,,4.05,40,8.2,34.95,,0.7
"2025-11-02 01:00:59",1594,1407,83566,-38.192227,-72.697762,4,26.2,8.2,34.9,11.5,0.7
"2025-11-02 01:01:00",1595,1408,83556,0,,,,8.2,34.85,,0.7
"2025-11-02 01:01:01",1596,1409,83547,0,,,,8.19,34.8,,0.8
"2025-11-02 01:01:02",1597,1410,83538,0,,,,8.18,34.8,,0.8
"2025-11-02 01:01:07",1601,1414,83499,0,,3.95,40.9,8.15,34.8,,0.8
"2025-11-02 01:01:08",1601,1414,83492,-38.191973,-72.697527,5.1,44.5,8.14,34.8,,0.8
"2025-11-02 01:01:10",1604,1417,83467,0,,3.35,34.7,8.16,34.75,,0.9
"2025-11-02 01:01:11",1605,1418,83456,-38.191892,-72.697438,4.4,48,8.18,34.65,,0.9
"2025-11-02 01:01:15",1610,1423,83402,0,,,,8.18,34.25,,1
"2025-11-02 01:01:16",1612,1425,83389,0,,,,8.18,34.2,,1.1
"2025-11-02 01:01:17",1613,1426,83376,0,,,,8.18,34.1,,1.1
"2025-11-02 01:01:19",1615,1428,83353,0,,4.55,44.1,8.19,33.95,,1.2
"2025-11-02 01:01:20",1616,1429,83342,-38.191637,-72.697115,3.75,39.7,8.19,33.9,,1.2
"2025-11-02 01:01:21",1617,1430,83330,0,,3.45,52.7,8.18,33.85,,1.2
"2025-11-02 01:01:22",1619,1432,83318,0,,3.75,59.4,8.18,33.75,,1.2
"2025-11-02 01:01:23",1620,1433,83306,-38.191557,-72.696987,3.5,45.4,8.16,33.7,,1.2
"2025-11-02 01:01:24",1621,1434,83297,0,,,,8.18,33.65,,1.2
"2025-11-02 01:01:25",1621,1434,83289,0,,,,8.18,33.6,,1.2
"2025-11-02 01:01:26",1622,1435,83282,0,,,,8.18,33.5,11.25,1.2
"2025-11-02 01:01:27",1623,1436,83269,0,,,,8.18,33.45,,1.1
"2025-11-02 01:01:28",1625,1438,83257,0,,,,8.18,33.45,,1.1
"2025-11-02 01:01:29",1626,1439,83246,0,,,,8.18,33.45,,1.1
"2025-11-02 01:01:30",1627,1440,83237,0,,4.8,66.4,8.18,33.4,,1.1
"2025-11-02 01:01:31",1627,1440,83228,0,,4.2,55,8.18,33.4,,1
"2025-11-02 01:01:32",1628,1441,83220,-38.191405,-72.69667,3.25,73.4,8.18,33.35,,1
"2025-11-02 01:01:36",1633,1446,83177,0,,,,8.18,33.15,,1
"2025-11-02 01:01:37",1634,1447,83166,0,,,,8.18,33.15,,1
"2025-11-02 01:01:38",1635,1448,83156,0,,,,8.16,33.1,,1
"2025-11-02 01:01:39",1636,1449,83142,0,,3.8,59.9,8.18,33.1,,1.1
"2025-11-02 01:01:40",1637,1450,83130,0,,3.85,57.1,8.18,33.1,,1.1
"2025-11-02 01:01:41",1639,1452,83118,-38.191238,-72.6963,4.7,65.7,8.16,33.05,,1.1
"2025-11-02 01:01:42",1640,1453,83108,0,,4.3,55,8.16,33.1,,1.1
"2025-11-02 01:01:43",1641,1454,83098,0,,4.3,55,8.14,33.05,,1.1
"2025-11-02 01:01:44",1642,1455,83088,-38.191183,-72.69617,4.5,61.5,8.15,33.05,,1.1
"2025-11-02 01:01:45",1643,1456,83077,0,,,,8.15,33,,1.1
"2025-11-02 01:01:46",1644,1457,83065,0,,,,8.15,33,,1.1
"2025-11-02 01:01:47",1645,1458,83054,0,,,,8.14,33,,1.1
"2025-11-02 01:01:48",1646,1459,83042,0,,3.85,46.4,8.13,32.95,,1.1
"2025-11-02 01:01:49",1647,1460,83032,0,,4.85,69.5,8.12,32.95,,1.1
"2025-11-02 01:01:50",1648,1461,83022,-38.191063,-72.695925,4.7,52,8.11,32.95,,1.1
"2025-11-02 01:01:51",1649,1462,83011,0,,4,45.7,8.11,32.95,,1.1
"2025-11-02 01:01:52",1650,1463,83000,0,,4.85,68,8.09,32.95,,1.1
"2025-11-02 01:01:53",1651,1464,82990,-38.190997,-72.695798,4.3,55.5,8.09,32.95,11.25,1.1
"2025-11-02 01:01:56",1655,1468,82952,-38.190933,-72.695668,4.5,57.4,8.06,33,,1.1
"2025-11-02 01:02:00",1660,1473,82906,0,,4.6,72.6,8.03,33,,1.1
"2025-11-02 01:02:01",1661,1474,82895,0,,4.35,54,8.01,33,,1.1
"2025-11-02 01:02:02",1662,1475,82884,-38.190827,-72.69542,3.4,56.5,8.01,33,,1.1
"2025-11-02 01:02:03",1663,1476,82870,0,,5.3,66.7,7.99,33,,1.2
"2025-11-02 01:02:04",1665,1478,82857,0,,4.25,56.7,7.98,33,,1.2
"2025-11-02 01:02:05",1666,1479,82844,-38.190775,-72.69529,3.65,73,7.98,33,,1.2
"2025-11-02 01:02:06",1667,1480,82830,0,,4.75,62.1,7.97,33.05,,1.2
"2025-11-02 01:02:07",1669,1482,82817,0,,3.45,50.1,7.96,33.05,,1.2
"2025-11-02 01:02:08",1670,1483,82804,-38.190727,-72.695168,4.3,71.7,7.93,33.05,,1.2
"2025-11-02 01:02:09",1671,1484,82795,0,,4.7,66.2,7.93,33,,1.2
"2025-11-02 01:02:10",1672,1485,82786,0,,3.3,67.2,7.91,33,,1.2
"2025-11-02 01:02:11",1672,1485,82778,-38.190685,-72.695037,4.75,69.3,7.91,33.05,,1.2
"2025-11-02 01:02:12",1674,1487,82766,0,,4.1,53.5,7.9,33.05,,1.2
"2025-11-02 01:02:13",1675,1488,82754,0,,3.85,78.9,7.89,33.05,,1.2
"2025-11-02 01:02:14",1676,1489,82742,-38.19064,-72.694908,4.35,61.2,7.89,33.05,,1.2
"2025-11-02 01:02:15",1677,1490,82729,0,,3.7,53.5,7.89,33.05,,1.2
"2025-11-02 01:02:16",1679,1492,82717,0,,4.6,77.4,7.89,33.05,,1.2
"2025-11-02 01:02:17",1680,1493,82706,-38.19059,-72.69478,4.4,52.9,7.88,33.05,,1.2
"2025-11-02 01:02:18",1681,1494,82694,0,,4.4,52.9,7.86,33.05,,1.1
"2025-11-02 01:02:19",1682,1495,82683,0,,4.75,72.4,7.85,33.05,,1.1
"2025-11-02 01:02:20",1683,1496,82672,-38.190538,-72.694653,3.65,48,7.84,33.1,11,1.1
"2025-11-02 01:02:21",1684,1497,82659,0,,4.05,67.6,7.84,33.1,,1.1
"2025-11-02 01:02:22",1686,1499,82646,0,,5.2,69,7.83,33.1,,1.2
"2025-11-02 01:02:23",1687,1500,82634,-38.190488,-72.694525,3.4,55.4,7.83,33.1,,1.2
"2025-11-02 01:02:24",1688,1501,82624,0,,4.35,69.4,7.81,33.05,,1.2
"2025-11-02 01:02:25",1689,1502,82615,0,,4.65,53.3,7.8,33.05,,1.2
"2025-11-02 01:02:26",1690,1503,82606,-38.190433,-72.694403,3.45,63.4,7.78,33.1,,1.1
"2025-11-02 01:02:27",1691,1504,82594,0,,,,7.78,33.15,,1.1
"2025-11-02 01:02:28",1692,1505,82583,0,,,,7.77,33.15,,1.1
"2025-11-02 01:02:29",1693,1506,82572,0,,,,7.75,33.15,,1.1
"2025-11-02 01:02:30",1694,1507,82561,0,,5.25,60.3,7.74,33.15,,1.1
"2025-11-02 01:02:31",1695,1508,82551,0,,3.7,67.6,7.73,33.15,,1.1
"2025-11-02 01:02:32",1696,1509,82542,-38.190333,-72.694135,4.55,67.1,7.7,33.15,,1.1
"2025-11-02 01:02:33",1697,1510,82531,0,,4.75,49.6,7.7,33.2,,1.1
"2025-11-02 01:02:34",1698,1511,82520,0,,4.45,72.5,7.7,33.25,,1.1
"2025-11-02 01:02:35",1699,1512,82510,-38.190273,-72.693997,4.9,61.4,7.68,33.25,,1
"2025-11-02 01:02:39",1704,1517,82462,0,,3.8,68.4,7.62,33.3,,1.1
"2025-11-02 01:02:40",1705,1518,82450,0,,5,62.1,7.61,33.3,,1.1
"2025-11-02 01:02:41",1706,1519,82438,-38.190155,-72.693725,4.2,52.9,7.6,33.35,,1.1
"2025-11-02 01:02:45",1711,1524,82389,0,,5.15,69,7.55,33.4,,1.2
"2025-11-02 01:02:46",1713,1526,82377,0,,4.3,57,7.53,33.4,,1.2
"2025-11-02 01:02:47",1714,1527,82366,-38.190047,-72.693453,4.25,73,7.51,33.4,11,1.2
"2025-11-02 01:02:48",1715,1528,82355,0,,5.1,58.5,7.51,33.4,,1.2
"2025-11-02 01:02:49",1716,1529,82345,0,,3.85,61.1,7.51,33.4,,1.2
"2025-11-02 01:02:50",1717,1530,82336,-38.189993,-72.693315,5,73.8,7.51,33.4,,1.2
"2025-11-02 01:02:51",1718,1531,82325,0,,4.3,55.6,7.5,33.4,,1.1
"2025-11-02 01:02:52",1719,1532,82314,0,,4.05,70.4,7.48,33.4,,1.1
"2025-11-02 01:02:53",1720,1533,82304,-38.189943,-72.693173,5.6,68.3,7.47,33.45,,1.1
"2025-11-02 01:02:56",1724,1537,82264,-38.189903,-72.693035,4.4,57,7.45,33.5,,1.2
"2025-11-02 01:02:57",1725,1538,82253,0,,3.8,69.4,7.44,33.55,,1.1
"2025-11-02 01:02:58",1726,1539,82242,0,,4.95,65.4,7.42,33.55,,1.1
"2025-11-02 01:02:59",1727,1540,82232,-38.189847,-72.692903,4.55,52.1,7.41,33.55,,1.1
"2025-11-02 01:03:06",1736,1549,82148,0,,5.6,68.4,7.35,33.6,,1.2
"2025-11-02 01:03:07",1737,1550,82136,0,,3.65,60.7,7.34,33.65,,1.2
"2025-11-02 01:03:08",1738,1551,82124,-38.189678,-72.692488,4.75,67,7.33,33.65,,1.2
"2025-11-02 01:03:09",1739,1552,82113,0,,,,7.32,33.7,,1.2
"2025-11-02 01:03:10",1740,1553,82102,0,,,,7.32,33.7,,1.2
"2025-11-02 01:03:11",1741,1554,82092,0,,,,7.31,33.7,,1.2
"2025-11-02 01:03:12",1743,1556,82079,0,,5.05,64.1,7.31,33.65,,1.2
"2025-11-02 01:03:13",1744,1557,82065,0,,4.15,80.6,7.3,33.65,,1.2
"2025-11-02 01:03:14",1745,1558,82052,-38.189588,-72.692193,4.8,65.3,7.29,33.7,10.75,1.2
"2025-11-02 01:03:18",1750,1563,82009,0,,4.2,66.2,7.23,33.7,,1.2
"2025-11-02 01:03:19",1751,1564,81998,0,,5.05,75.3,7.23,33.7,,1.1
"2025-11-02 01:03:20",1752,1565,81988,-38.189487,-72.691902,4.9,61.2,7.23,33.7,,1.1
"2025-11-02 01:03:22",1754,1567,81965,0,,4.65,73.5,7.23,33.75,,1.1
"2025-11-02 01:03:23",1755,1568,81954,-38.18945,-72.691763,4,63.2,7.23,33.75,,1.1
"2025-11-02 01:03:25",1758,1571,81928,0,,,,7.21,33.7,,1.2
"2025-11-02 01:03:26",1759,1572,81916,0,,,,7.2,33.75,,1.2
"2025-11-02 01:03:31",1765,1578,81859,0,,3.8,70.3,7.15,33.8,,1.2
"2025-11-02 01:03:32",1766,1579,81848,-38.18933,-72.691332,4.95,71.3,7.14,33.85,,1.2
"2025-11-02 01:03:40",1777,1590,81739,0,,4.6,70.4,7.05,33.9,,1.3
"2025-11-02 01:03:41",1778,1591,81726,-38.189202,-72.690883,5.2,71.5,7.04,33.95,10.5,1.3
"2025-11-02 01:03:48",1789,1602,81623,0,,4.25,59,7,33.95,,1.4
"2025-11-02 01:03:49",1790,1603,81608,0,,5,74.6,7,33.95,,1.4
"2025-11-02 01:03:50",1791,1604,81594,-38.189063,-72.690392,3.85,76.7,6.98,34,,1.4
"2025-11-02 01:03:57",1801,1614,81499,0,,4.2,67.9,6.89,34.05,,1.4
"2025-11-02 01:03:58",1802,1615,81485,0,,3.65,71.9,6.88,34.05,,1.4
"2025-11-02 01:03:59",1804,1617,81472,-38.188958,-72.690002,4.4,68.1,6.87,34.05,,1.4
"2025-11-02 01:04:00",1805,1618,81456,0,,5.5,81.6,6.85,34.1,,1.4
"2025-11-02 01:04:01",1807,1620,81441,0,,3.85,62.5,6.83,34.1,,1.4
"2025-11-02 01:04:02",1809,1622,81426,-38.188923,-72.689848,5.15,73.7,6.82,34.1,,1.4
"2025-11-02 01:04:03",1810,1623,81414,0,,4.75,83.6,6.81,34.1,,1.4
"2025-11-02 01:04:04",1811,1624,81403,0,,4.4,58.5,6.8,34.1,,1.4
"2025-11-02 01:04:05",1812,1625,81392,-38.188887,-72.689695,5.1,77.4,6.79,34.1,,1.4
"2025-11-02 01:04:06",1813,1626,81378,0,,4.25,76.7,6.78,34.1,,1.4
"2025-11-02 01:04:07",1815,1628,81365,0,,5.25,64.3,6.77,34.1,,1.4
"2025-11-02 01:04:08",1816,1629,81352,-38.18885,-72.68954,4.5,78.2,6.77,34.05,10.25,1.4
"2025-11-02 01:04:09",1817,1630,81339,0,,4.25,68,6.77,34.1,,1.4
"2025-11-02 01:04:10",1819,1632,81326,0,,5.8,75.6,6.77,34.05,,1.3
"2025-11-02 01:04:11",1820,1633,81314,-38.188812,-72.689385,3.95,73.3,6.77,34.05,,1.3
"2025-11-02 01:04:12",1821,1634,81302,0,,5,63.3,6.77,34.05,,1.3
"2025-11-02 01:04:13",1822,1635,81291,0,,5.2,80.4,6.77,34.05,,1.3
"2025-11-02 01:04:14",1823,1636,81280,-38.188772,-72.689233,3.9,65.4,6.77,34,,1.2
"2025-11-02 01:04:15",1824,1637,81269,0,,5.55,69.1,6.77,34,,1.2
"2025-11-02 01:04:16",1826,1639,81258,0,,4.4,82.1,6.77,34,,1.2
"2025-11-02 01:04:17",1827,1640,81248,-38.18873,-72.68908,5.05,59.6,6.76,34,,1.2
"2025-11-02 01:04:18",1828,1641,81234,0,,5.25,74.1,6.75,33.95,,1.2
"2025-11-02 01:04:19",1829,1642,81221,0,,3.85,68.9,6.74,33.95,,1.2
"2025-11-02 01:04:20",1831,1644,81208,-38.188685,-72.68893,5.05,69.1,6.74,33.95,,1.2
"2025-11-02 01:04:21",1832,1645,81195,0,,4.75,79.6,6.73,34,,1.2
"2025-11-02 01:04:22",1833,1646,81182,0,,4.75,61.3,6.72,34,,1.2
"2025-11-02 01:04:23",1834,1647,81170,-38.188643,-72.688772,5.4,74.2,6.71,33.95,,1.2
"2025-11-02 01:04:26",1838,1651,81138,-38.188603,-72.688623,4.8,75.3,6.68,33.9,,1.2
"2025-11-02 01:04:27",1839,1652,81125,0,,3.85,66.9,6.68,33.9,,1.2
"2025-11-02 01:04:28",1840,1653,81113,0,,5.3,68.7,6.67,33.9,,1.2
"2025-11-02 01:04:29",1841,1654,81102,-38.188562,-72.688473,4.8,78.5,6.66,33.9,,1.2
"2025-11-02 01:04:30",1843,1656,81088,0,,,,6.65,33.9,,1.2
"2025-11-02 01:04:31",1844,1657,81074,0,,,,6.65,33.9,,1.3
"2025-11-02 01:04:32",1846,1659,81060,0,,,,6.65,33.9,,1.3
"2025-11-02 01:04:33",1847,1660,81048,0,,5.3,56.8,6.66,33.85,,1.2
"2025-11-02 01:04:34",1848,1661,81037,0,,5.3,56.8,6.67,33.75,,1.2
"2025-11-02 01:04:35",1849,1662,81026,-38.188462,-72.688175,4.4,66.5,6.7,33.7,10,1.2
"2025-11-02 01:04:36",1850,1663,81013,0,,,,6.7,33.65,,1.2
"2025-11-02 01:04:37",1852,1665,81000,0,,,,6.7,33.6,,1.2
"2025-11-02 01:04:38",1853,1666,80988,0,,,,6.7,33.5,,1.2
"2025-11-02 01:04:39",1854,1667,80974,0,,5.1,55,6.7,33.4,,1.3
"2025-11-02 01:04:40",1856,1669,80962,0,,4.5,75.5,6.7,33.35,,1.3
"2025-11-02 01:04:41",1857,1670,80950,-38.188332,-72.687837,4.7,65.6,6.7,33.3,,1.3
"2025-11-02 01:04:42",1858,1671,80938,0,,4.7,65.6,6.71,33.35,,1.3
"2025-11-02 01:04:43",1859,1672,80927,0,,4.6,78.2,6.71,33.3,,1.2
"2025-11-02 01:04:44",1860,1673,80916,-38.188302,-72.687737,4.95,64.7,6.71,33.25,,1.2
"2025-11-02 01:04:45",1861,1674,80904,0,,4.75,55,6.71,33.15,,1.2
"2025-11-02 01:04:46",1863,1676,80892,0,,4.9,74,6.71,33.1,,1.2
"2025-11-02 01:04:47",1864,1677,80880,-38.188242,-72.687588,5.25,60,6.71,33.05,,1.2
"2025-11-02 01:04:48",1865,1678,80866,0,,4.75,61,6.71,33,,1.2
"2025-11-02 01:04:49",1867,1680,80853,0,,4.75,78.2,6.71,32.9,,1.2
"2025-11-02 01:04:50",1868,1681,80840,-38.188185,-72.687442,4.75,54.3,6.71,32.85,,1.3
"2025-11-02 01:04:51",1869,1682,80827,0,,4.6,60.5,6.71,32.85,,1.3
"2025-11-02 01:04:52",1871,1684,80813,0,,4.95,74.6,6.72,32.8,,1.3
"2025-11-02 01:04:53",1872,1685,80800,-38.188127,-72.687295,5.15,56.4,6.72,32.7,,1.3
"2025-11-02 01:04:55",1875,1688,80770,0,,4.55,68.9,6.74,32.5,,1.3
"2025-11-02 01:04:56",1877,1690,80756,-38.188067,-72.687148,5.1,50.4,6.74,32.4,,1.3
"2025-11-02 01:04:57",1878,1691,80740,0,,4.95,69.5,6.74,32.35,,1.4
"2025-11-02 01:04:58",1880,1693,80725,0,,4.95,58.5,6.74,32.2,,1.4
"2025-11-02 01:04:59",1881,1694,80710,-38.187978,-72.686952,5.1,51.4,6.75,32.15,,1.4
"2025-11-02 01:05:00",1883,1696,80696,0,,5.1,51.4,6.75,32,,1.4
"2025-11-02 01:05:01",1884,1697,80683,0,,4.7,54.3,6.76,31.95,,1.4
"2025-11-02 01:05:02",1885,1698,80670,-38.187937,-72.68686,4.8,53.6,6.77,31.85,9.75,1.4
"2025-11-02 01:05:03",1887,1700,80654,0,,4.85,53.6,6.77,31.75,,1.5
"2025-11-02 01:05:04",1888,1701,80640,0,,4.7,47.6,6.77,31.65,,1.5
"2025-11-02 01:05:05",1890,1703,80626,-38.187872,-72.686728,4.75,57.3,6.77,31.6,,1.5
"2025-11-02 01:05:06",1891,1704,80615,0,,4.75,71.7,6.76,31.5,,1.5
"2025-11-02 01:05:07",1892,1705,80603,0,,4.75,49.1,6.77,31.45,,1.4
"2025-11-02 01:05:08",1893,1706,80592,-38.187808,-72.686592,4.4,58.8,6.76,31.35,,1.4
"2025-11-02 01:05:09",1895,1708,80580,0,,5.1,69.4,6.76,31.3,,1.4
"2025-11-02 01:05:10",1896,1709,80569,0,,4.25,53.4,6.76,31.25,,1.3
"2025-11-02 01:05:11",1897,1710,80558,-38.187748,-72.686455,4.45,58.8,6.75,31.2,,1.3
"2025-11-02 01:05:12",1898,1711,80543,0,,4.45,58.8,6.76,31.2,,1.3
"2025-11-02 01:05:13",1900,1713,80527,0,,4.35,49.3,6.76,31.15,,1.3
"2025-11-02 01:05:14",1902,1715,80512,-38.187678,-72.686322,4.55,68.2,6.76,31.05,,1.3
"2025-11-02 01:05:15",1903,1716,80496,0,,4.55,68.2,6.76,30.9,,1.3
"2025-11-02 01:05:16",1905,1718,80482,0,,4.2,52,6.77,30.85,,1.3
"2025-11-02 01:05:17",1906,1719,80468,-38.18759,-72.686153,4.75,67,6.77,30.75,,1.3
"2025-11-02 01:05:18",1907,1720,80455,0,,4.75,67,6.76,30.65,,1.4
"2025-11-02 01:05:19",1909,1722,80442,0,,4.4,51.6,6.76,30.6,,1.4
"2025-11-02 01:05:20",1910,1723,80430,-38.187518,-72.686028,5.15,63.9,6.77,30.5,,1.4
"2025-11-02 01:05:21",1911,1724,80415,0,,5.15,63.9,6.75,30.45,,1.4
"2025-11-02 01:05:22",1913,1726,80400,0,,4.25,56.1,6.75,30.45,,1.4
"2025-11-02 01:05:23",1914,1727,80386,-38.18747,-72.685945,5.2,58.3,6.74,30.35,,1.4
"2025-11-02 01:05:26",1919,1732,80340,-38.187392,-72.685825,5.5,52.1,6.72,30.2,,1.5
"2025-11-02 01:05:27",1920,1733,80327,0,,3.6,51.6,6.71,30.2,,1.5
"2025-11-02 01:05:28",1922,1735,80314,0,,4.8,57,6.7,30.15,,1.4
"2025-11-02 01:05:29",1923,1736,80302,-38.187315,-72.685702,4.85,44,6.68,30.1,9.75,1.4
"2025-11-02 01:05:30",1924,1737,80287,0,,4.15,64.1,6.67,30.1,,1.4
"2025-11-02 01:05:31",1926,1739,80273,0,,5.1,51.5,6.66,30.05,,1.4
"2025-11-02 01:05:32",1927,1740,80260,-38.187243,-72.68558,3.85,43.9,6.66,30,,1.5
"2025-11-02 01:05:33",1929,1742,80247,0,,4.9,59.8,6.65,30,,1.4
"2025-11-02 01:05:34",1930,1743,80234,0,,5.05,49.8,6.64,29.95,,1.4
"2025-11-02 01:05:35",1931,1744,80222,-38.187173,-72.685455,3.9,61.6,6.63,29.95,,1.4
"2025-11-02 01:05:36",1933,1746,80205,0,,,,6.63,29.95,,1.4
"2025-11-02 01:05:37",1935,1748,80189,0,,,,6.61,29.95,,1.4
"2025-11-02 01:05:38",1936,1749,80174,0,,,,6.6,29.95,,1.4
"2025-11-02 01:05:39",1937,1750,80162,0,,4.9,51.2,6.6,29.95,,1.4
"2025-11-02 01:05:40",1939,1752,80151,0,,3.45,51.2,6.59,29.9,,1.4
"2025-11-02 01:05:41",1940,1753,80140,-38.187037,-72.685207,4.95,58.2,6.58,29.85,,1.4
"2025-11-02 01:05:42",1941,1754,80128,0,,4.6,44.3,6.58,29.9,,1.4
"2025-11-02 01:05:43",1942,1755,80116,0,,3.85,62.9,6.58,29.85,,1.4
"2025-11-02 01:05:44",1943,1756,80104,-38.186968,-72.685082,4.85,55.3,6.57,29.8,,1.3
"2025-11-02 01:05:45",1945,1758,80089,0,,4.85,55.3,6.57,29.75,,1.4
"2025-11-02 01:05:46",1946,1759,80074,0,,4.4,62.5,6.57,29.7,,1.4
"2025-11-02 01:05:47",1948,1761,80060,-38.186898,-72.684968,4.8,46.9,6.56,29.65,,1.4
"2025-11-02 01:05:48",1949,1762,80046,0,,3.35,56.8,6.56,29.65,,1.4
"2025-11-02 01:05:49",1951,1764,80033,0,,5,58.3,6.56,29.6,,1.4
"2025-11-02 01:05:50",1952,1765,80020,-38.186832,-72.684853,3.7,43.2,6.55,29.6,,1.3
"2025-11-02 01:05:52",1955,1768,79995,0,,4.45,45.5,6.55,29.5,,1.3
"2025-11-02 01:05:53",1956,1769,79984,-38.186767,-72.684753,3.2,47.9,6.55,29.45,,1.3
"2025-11-02 01:05:56",1960,1773,79946,-38.186703,-72.684645,3.25,63.6,6.51,29.4,9.5,1.3
"2025-11-02 01:05:58",1962,1775,79924,0,,3.4,43.2,6.51,29.4,,1.3
"2025-11-02 01:05:59",1963,1776,79914,-38.186618,-72.684507,4.15,65.3,6.49,29.4,,1.3
"2025-11-02 01:06:01",1966,1779,79888,0,,2.9,53.5,6.49,29.35,,1.3
"2025-11-02 01:06:02",1967,1780,79876,-38.186557,-72.684413,4.6,51.3,6.49,29.35,,1.2
"2025-11-02 01:06:04",1970,1783,79849,0,,3.3,60.8,6.48,29.35,,1.3
"2025-11-02 01:06:05",1971,1784,79836,-38.186493,-72.684327,4.3,39.4,6.48,29.3,,1.3
"2025-11-02 01:06:07",1973,1786,79814,0,,2.9,51.2,6.48,29.3,,1.2
"2025-11-02 01:06:08",1974,1787,79804,-38.186455,-72.684268,3.45,30.1,6.48,29.3,,1.2
"2025-11-02 01:06:10",1976,1789,79784,0,,4,42.1,6.47,29.25,,1.2
"2025-11-02 01:06:11",1977,1790,79774,-38.186392,-72.684188,2.6,38.9,6.48,29.25,,1.2
"2025-11-02 01:06:12",1978,1791,79763,0,,2.6,38.9,6.47,29.25,,1.2
"2025-11-02 01:06:13",1980,1793,79753,0,,3.35,32,6.47,29.25,,1.2
"2025-11-02 01:06:14",1981,1794,79744,-38.186332,-72.68411,2.8,49.7,6.47,29.25,,1.1
"2025-11-02 01:06:15",1982,1795,79732,0,,2.8,49.7,6.46,29.25,,1.1
"2025-11-02 01:06:16",1983,1796,79720,0,,2.8,30.7,6.46,29.25,,1.1
"2025-11-02 01:06:17",1984,1797,79708,-38.186262,-72.684033,3.65,55.8,6.46,29.2,,1.1
"2025-11-02 01:06:18",1985,1798,79698,0,,3.7,34.6,6.46,29.2,,1.1
"2025-11-02 01:06:19",1986,1799,79688,0,,2.3,52.2,6.46,29.15,,1.1
"2025-11-02 01:06:20",1987,1800,79678,-38.1862,-72.683955,3.55,46.2,6.45,29.15,,1.1
"2025-11-02 01:06:21",1989,1802,79665,0,,,,6.45,29.15,,1.1
"2025-11-02 01:06:22",1990,1803,79653,0,,,,6.44,29.1,,1.1
"2025-11-02 01:06:23",1991,1804,79642,0,,,,6.44,29.1,9.5,1.1
"2025-11-02 01:06:24",1992,1805,79632,0,,3,30.4,6.43,29.1,,1.1
"2025-11-02 01:06:25",1993,1806,79622,0,,3,30.4,6.44,29.1,,1.1
"2025-11-02 01:06:26",1994,1807,79612,-38.186065,-72.68381,3.4,41.4,6.43,29.05,,1.1
"2025-11-02 01:06:27",1995,1808,79600,0,,2.3,34.3,6.42,29.05,,1.1
"2025-11-02 01:06:28",1997,1810,79589,0,,3.6,51,6.42,29,,1.1
"2025-11-02 01:06:29",1998,1811,79578,-38.186003,-72.683742,3.2,30.3,6.41,29,,1.1
"2025-11-02 01:06:30",1999,1812,79567,0,,2.25,44,6.41,29,,1.1
"2025-11-02 01:06:31",2000,1813,79556,0,,3.95,43.4,6.41,28.95,,1.1
"2025-11-02 01:06:32",2001,1814,79546,-38.185942,-72.683678,2.75,27.4,6.41,28.95,,1.1
"2025-11-02 01:06:33",2002,1815,79536,0,,2.75,57.3,6.4,28.9,,1.1
"2025-11-02 01:06:34",2003,1816,79527,0,,3.6,34.6,6.38,28.9,,1.1
"2025-11-02 01:06:35",2004,1817,79518,-38.185885,-72.683617,2,34.5,6.38,28.9,,1.1
"2025-11-02 01:06:36",2005,1818,79507,0,,3.3,45.4,6.38,28.9,,1.1
"2025-11-02 01:06:37",2006,1819,79496,0,,3.35,27.1,6.37,28.9,,1.1
"2025-11-02 01:06:38",2007,1820,79486,-38.185818,-72.683553,2.75,48.6,6.36,28.85,,1.1
"2025-11-02 01:06:39",2008,1821,79477,0,,3.7,37.3,6.36,28.85,,1.1
"2025-11-02 01:06:40",2009,1822,79468,0,,2.35,33.9,6.36,28.75,,1
"2025-11-02 01:06:41",2010,1823,79460,-38.185758,-72.683487,3.1,58,6.35,28.75,,1
"2025-11-02 01:06:42",2011,1824,79450,0,,3.1,58,6.35,28.75,,1
"2025-11-02 01:06:43",2012,1825,79441,0,,2.35,34.5,6.35,28.75,,1
"2025-11-02 01:06:44",2013,1826,79432,-38.1857,-72.683428,3.7,45.3,6.35,28.75,,1
"2025-11-02 01:06:45",2014,1827,79422,0,,2.8,24.8,6.35,28.75,,1
"2025-11-02 01:06:46",2015,1828,79412,0,,2.3,40.6,6.35,28.7,,1
"2025-11-02 01:06:47",2016,1829,79402,-38.185637,-72.683372,3.9,34.2,6.35,28.7,,1
"2025-11-02 01:06:48",2017,1830,79390,0,,2.5,25.6,6.35,28.7,,1
"2025-11-02 01:06:49",2018,1831,79379,0,,2.85,46.5,6.34,28.7,,1
"2025-11-02 01:06:50",2019,1832,79368,-38.18557,-72.683315,3.8,23.9,6.33,28.65,9.5,1
"2025-11-02 01:06:51",2020,1833,79359,0,,2.4,38.5,6.34,28.65,,1
"2025-11-02 01:06:52",2021,1834,79350,0,,3.7,44,6.34,28.65,,1
"2025-11-02 01:06:53",2022,1835,79342,-38.185502,-72.683255,3,20.6,6.33,28.65,,1
"2025-11-02 01:06:56",2026,1839,79310,-38.185435,-72.683195,2.35,22,6.32,28.6,,1.1
"2025-11-02 01:06:57",2026,1839,79302,0,,,,6.32,28.6,,1
"2025-11-02 01:06:58",2027,1840,79294,0,,,,6.31,28.55,,1
"2025-11-02 01:06:59",2028,1841,79286,0,,,,6.3,28.55,,1
"2025-11-02 01:07:00",2029,1842,79277,0,,3.8,31,6.3,28.55,,1
"2025-11-02 01:07:01",2030,1843,79268,0,,2.45,27.5,6.3,28.55,,0.9
"2025-11-02 01:07:02",2031,1844,79260,-38.185307,-72.683075,3.4,46.8,6.29,28.55,,0.9
"2025-11-02 01:07:03",2031,1844,79251,0,,3.3,20.3,6.29,28.55,,0.9
"2025-11-02 01:07:04",2032,1845,79242,0,,2.4,46.6,6.28,28.5,,0.9
"2025-11-02 01:07:05",2033,1846,79234,-38.185238,-72.683015,3.45,38,6.28,28.5,,0.9
"2025-11-02 01:07:06",2034,1847,79225,0,,2.35,18,6.28,28.5,,0.9
"2025-11-02 01:07:07",2035,1848,79217,0,,3.15,45.1,6.28,28.5,,0.9
"2025-11-02 01:07:08",2036,1849,79210,-38.185148,-72.682947,3.55,23.6,6.26,28.5,,0.9
"2025-11-02 01:07:09",2037,1850,79201,0,,3.55,23.6,6.26,28.55,,0.8
"2025-11-02 01:07:10",2037,1850,79193,0,,3.85,39.7,6.26,28.55,,0.8
"2025-11-02 01:07:11",2038,1851,79186,-38.1851,-72.682903,3,20.6,6.26,28.55,,0.9
"2025-11-02 01:07:12",2039,1852,79178,0,,2.65,50.9,6.24,28.55,,0.9
"2025-11-02 01:07:13",2040,1853,79170,0,,3.1,32.8,6.24,28.6,,0.9
"2025-11-02 01:07:14",2041,1854,79162,-38.185038,-72.68285,2.4,17.5,6.24,28.6,,0.8
"2025-11-02 01:07:15",2042,1855,79153,0,,2.4,17.5,6.24,28.6,,0.8
"2025-11-02 01:07:16",2043,1856,79144,0,,3,19.7,6.24,28.6,,0.8
"2025-11-02 01:07:17",2043,1856,79136,-38.184952,-72.68278,2.3,40.3,6.24,28.65,9.25,0.8
"2025-11-02 01:07:18",2044,1857,79128,0,,,,6.24,28.65,,0.8
"2025-11-02 01:07:19",2045,1858,79120,0,,,,6.24,28.65,,0.8
"2025-11-02 01:07:20",2046,1859,79112,0,,,,6.24,28.7,,0.8
"2025-11-02 01:07:21",2047,1860,79103,0,,3.45,16.6,6.23,28.7,,0.8
"2025-11-02 01:07:22",2048,1861,79095,0,,2.35,39.1,6.22,28.7,,0.8
"2025-11-02 01:07:23",2048,1861,79088,-38.18482,-72.682678,3.6,40.3,6.22,28.7,,0.8
"2025-11-02 01:07:24",2049,1862,79081,0,,3.6,40.3,6.22,28.7,,0.8
"2025-11-02 01:07:25",2050,1863,79074,0,,2.6,46,6.21,28.7,,0.8
"2025-11-02 01:07:26",2050,1863,79068,-38.184778,-72.682645,3.6,22.6,6.21,28.7,,0.8
"2025-11-02 01:07:27",2051,1864,79060,0,,2.35,30,6.21,28.65,,0.8
"2025-11-02 01:07:28",2052,1865,79052,0,,3.35,44.1,6.2,28.7,,0.8
"2025-11-02 01:07:29",2053,1866,79044,-38.18471,-72.682592,2.9,17.8,6.21,28.7,,0.8
"2025-11-02 01:07:30",2054,1867,79036,0,,2.3,45.6,6.19,28.7,,0.8
"2025-11-02 01:07:31",2055,1868,79028,0,,3.7,29.5,6.2,28.7,,0.8
"2025-11-02 01:07:32",2055,1868,79020,-38.184643,-72.68254,2.35,20.1,6.19,28.7,,0.8
"2025-11-02 01:07:33",2056,1869,79013,0,,3.45,45.7,6.18,28.7,,0.8
"2025-11-02 01:07:34",2057,1870,79006,0,,2.95,28.3,6.19,28.7,,0.8
"2025-11-02 01:07:35",2058,1871,79000,-38.184582,-72.682482,2,40.4,6.17,28.7,,0.8
"2025-11-02 01:07:36",2058,1871,78993,0,,3.6,30.1,6.17,28.7,,0.8
"2025-11-02 01:07:37",2059,1872,78986,0,,2.55,17.1,6.17,28.7,,0.8
"2025-11-02 01:07:38",2060,1873,78980,-38.184518,-72.682433,2.65,41.2,6.16,28.7,,0.8
"2025-11-02 01:07:42",2063,1876,78949,0,,2.7,20.2,6.15,28.7,,0.8
"2025-11-02 01:07:43",2064,1877,78941,0,,2.7,20.2,6.15,28.75,,0.7
"2025-11-02 01:07:44",2064,1877,78934,-38.184383,-72.682328,3.5,23,6.15,28.75,9.25,0.7
"2025-11-02 01:07:45",2065,1878,78927,0,,2.35,23.5,6.14,28.75,,0.7
"2025-11-02 01:07:46",2066,1879,78920,0,,3.6,46.8,6.14,28.8,,0.7
"2025-11-02 01:07:47",2067,1880,78914,-38.184315,-72.682273,3.25,23.4,6.14,28.8,,0.7
"2025-11-02 01:07:48",2067,1880,78909,0,,3.25,23.4,6.14,28.75,,0.7
"2025-11-02 01:07:49",2067,1880,78904,0,,3.7,35.4,6.13,28.8,,0.7
"2025-11-02 01:07:50",2068,1881,78900,-38.184247,-72.682215,2.45,19.6,6.12,28.8,,0.7
"2025-11-02 01:07:51",2069,1882,78892,0,,3.1,43.5,6.12,28.85,,0.7
"2025-11-02 01:07:52",2070,1883,78885,0,,3.8,26.3,6.11,28.9,,0.7
"2025-11-02 01:07:53",2070,1883,78878,-38.184173,-72.682158,2.8,34.3,6.13,28.9,,0.7
"2025-11-02 01:07:56",2072,1885,78860,-38.184102,-72.682095,2.9,48.8,6.14,28.95,,0.6
"2025-11-02 01:07:57",2073,1886,78853,0,,3.8,28.4,6.14,28.95,,0.6
"2025-11-02 01:07:58",2074,1887,78846,0,,2.45,23.4,6.14,29,,0.6
"2025-11-02 01:07:59",2074,1887,78840,-38.18403,-72.682038,3.5,41.7,6.14,29,,0.6
"2025-11-02 01:08:00",2075,1888,78833,0,,3.7,20.5,6.14,29.05,,0.7
"2025-11-02 01:08:01",2076,1889,78827,0,,2.9,41.6,6.14,29.1,,0.7
"2025-11-02 01:08:02",2076,1889,78822,-38.183953,-72.681975,4.05,38.1,6.14,29.1,,0.7
"2025-11-02 01:08:03",2077,1890,78817,0,,,,6.15,29.15,,0.7
"2025-11-02 01:08:04",2077,1890,78812,0,,,,6.15,29.15,,0.6
"2025-11-02 01:08:05",2078,1891,78808,0,,,,6.15,29.2,,0.6
"2025-11-02 01:08:06",2078,1891,78802,0,,2.6,39.3,6.16,29.3,,0.6
"2025-11-02 01:08:07",2079,1892,78796,0,,3.75,44.6,6.16,29.35,,0.6
"2025-11-02 01:08:08",2079,1892,78790,-38.18381,-72.68185,3.2,21.7,6.16,29.4,,0.6
"2025-11-02 01:08:15",2083,1896,78752,0,,3.85,38.9,6.16,29.8,,0.6
"2025-11-02 01:08:16",2084,1897,78747,0,,3,22,6.17,29.85,,0.6
"2025-11-02 01:08:17",2084,1897,78742,-38.183595,-72.681658,3.5,44.3,6.17,29.9,,0.6
"2025-11-02 01:08:18",2085,1898,78737,0,,4.1,37.2,6.17,29.95,,0.6
"2025-11-02 01:08:19",2085,1898,78732,0,,2.6,40.1,6.17,29.95,,0.6
"2025-11-02 01:08:20",2086,1899,78728,-38.183523,-72.681582,3.8,47.7,6.17,30,,0.5
"2025-11-02 01:08:28",2090,1903,78685,0,,4.25,44.7,6.19,30.3,,0.5
"2025-11-02 01:08:29",2091,1904,78680,-38.18329,-72.681345,3.25,27.8,6.18,30.3,,0.5
"2025-11-02 01:08:31",2092,1905,78670,0,,3.75,39.1,6.18,30.3,,0.5
"2025-11-02 01:08:32",2092,1905,78666,-38.183223,-72.681278,2.6,30,6.19,30.3,,0.5
"2025-11-02 01:08:34",2093,1906,78657,0,,3.7,26.9,6.18,30.35,,0.5
"2025-11-02 01:08:35",2094,1907,78654,-38.183173,-72.681233,2.75,42.5,6.18,30.35,,0.5
"2025-11-02 01:08:37",2095,1908,78643,0,,2.8,27.4,6.18,30.4,,0.5
"2025-11-02 01:08:38",2095,1908,78638,-38.183108,-72.681162,2.8,52.3,6.18,30.4,9,0.5
"2025-11-02 01:08:40",2096,1909,78629,0,,2.85,38.2,6.18,30.4,,0.5
"2025-11-02 01:08:41",2097,1910,78626,-38.183038,-72.681087,3.8,49.7,6.18,30.4,,0.5
"2025-11-02 01:08:42",2097,1910,78621,0,,3.8,29.1,6.18,30.4,,0.5
"2025-11-02 01:08:43",2098,1911,78616,0,,3.25,54.9,6.17,30.4,,0.5
"2025-11-02 01:08:44",2098,1911,78612,-38.182967,-72.681003,3.95,44.8,6.18,30.4,,0.5
"2025-11-02 01:08:45",2098,1911,78608,0,,2.85,28.6,6.17,30.4,,0.5
"2025-11-02 01:08:46",2099,1912,78604,0,,4.05,51.5,6.18,30.4,,0.5
"2025-11-02 01:08:47",2099,1912,78600,-38.182895,-72.680923,3.8,35.7,6.18,30.4,,0.5
"2025-11-02 01:08:48",2100,1913,78595,0,,2.7,50.2,6.17,30.4,,0.5
"2025-11-02 01:08:49",2100,1913,78591,0,,4.05,37.1,6.18,30.4,,0.5
"2025-11-02 01:08:50",2101,1914,78588,-38.18282,-72.680848,3.4,32.6,6.17,30.4,,0.4
"2025-11-02 01:08:51",2101,1914,78585,0,,3.8,50,6.18,30.4,,0.4
"2025-11-02 01:08:52",2101,1914,78582,0,,3.8,50,6.17,30.4,,0.4
"2025-11-02 01:08:53",2101,1914,78580,-38.182747,-72.680763,2.85,43.9,6.18,30.4,,0.4
"2025-11-02 01:08:55",2102,1915,78574,0,,3.2,30,6.18,30.4,,0.4
"2025-11-02 01:08:56",2102,1915,78572,-38.18268,-72.680685,3.2,50,6.18,30.4,,0.3
"2025-11-02 01:08:57",2103,1916,78566,0,,4.45,42.7,6.18,30.4,,0.4
"2025-11-02 01:08:58",2103,1916,78561,0,,3.2,38.2,6.18,30.4,,0.4
"2025-11-02 01:08:59",2104,1917,78556,-38.182608,-72.680598,3.5,57.5,6.18,30.4,,0.4
"2025-11-02 01:09:00",2104,1917,78552,0,,,,6.18,30.35,,0.4
"2025-11-02 01:09:01",2105,1918,78549,0,,,,6.18,30.35,,0.4
"2025-11-02 01:09:02",2105,1918,78546,0,,,,6.18,30.3,,0.4
"2025-11-02 01:09:03",2105,1918,78543,0,,3.5,30.2,6.19,30.35,,0.4
"2025-11-02 01:09:04",2106,1919,78540,0,,3.65,54.1,6.2,30.3,,0.4
"2025-11-02 01:09:05",2106,1919,78538,-38.182467,-72.680413,4.7,46.6,6.2,30.3,9,0.4
"2025-11-02 01:09:06",2106,1919,78533,0,,2.9,39.7,6.19,30.25,,0.4
"2025-11-02 01:09:07",2107,1920,78529,0,,2.9,39.7,6.2,30.2,,0.4
"2025-11-02 01:09:08",2107,1920,78526,-38.182397,-72.680322,4.1,36.5,6.2,30.15,,0.4
"2025-11-02 01:09:09",2107,1920,78523,0,,3.2,44.2,6.2,30.15,,0.4
"2025-11-02 01:09:10",2108,1921,78520,0,,4.75,46.2,6.2,30.15,,0.4
"2025-11-02 01:09:11",2108,1921,78518,-38.182318,-72.680228,3.8,38.2,6.2,30.1,,0.3
"2025-11-02 01:09:12",2108,1921,78515,0,,3.8,58.7,6.21,30.05,,0.3
"2025-11-02 01:09:13",2108,1921,78512,0,,4.6,44.1,6.22,30.05,,0.3
"2025-11-02 01:09:14",2109,1922,78510,-38.182247,-72.68013,3.2,37.1,6.21,30.05,,0.3
"2025-11-02 01:09:15",2109,1922,78506,0,,4.3,56,6.22,30.1,,0.3
"2025-11-02 01:09:16",2110,1923,78502,0,,4.3,56,6.23,30.05,,0.3
"2025-11-02 01:09:17",2110,1923,78498,-38.18217,-72.68003,3.6,43.5,6.24,30.1,,0.3
"2025-11-02 01:09:18",2110,1923,78496,0,,,,6.26,30.1,,0.3
"2025-11-02 01:09:19",2110,1923,78495,0,,,,6.26,30.05,,0.3
"2025-11-02 01:09:20",2110,1923,78494,0,,,,6.26,30,,0.3
"2025-11-02 01:09:21",2111,1924,78492,0,,,,6.27,29.95,,0.3
"2025-11-02 01:09:22",2111,1924,78491,0,,,,6.29,29.9,,0.3
"2025-11-02 01:09:23",2111,1924,78490,0,,,,6.31,29.8,,0.2
"2025-11-02 01:09:26",2111,1924,78488,-38.181932,-72.679705,5,49.3,6.33,29.5,,0.2
"2025-11-02 01:09:27",2111,1924,78486,0,,3.75,35.8,6.34,29.4,,0.2
"2025-11-02 01:09:28",2111,1924,78485,0,,4.55,54.3,6.34,29.4,,0.2
"2025-11-02 01:09:29",2111,1924,78484,-38.181848,-72.6796,4.95,36.4,6.34,29.25,,0.1
"2025-11-02 01:09:30",2112,1925,78483,0,,3.9,47.8,6.36,29.2,,0.1
"2025-11-02 01:09:31",2112,1925,78482,0,,5.4,52,6.37,29.15,,0.1
"2025-11-02 01:09:32",2112,1925,78482,-38.181762,-72.679487,4.2,37.6,6.38,29.05,9,0.1
"2025-11-02 01:09:33",2112,1925,78478,0,,4.3,55.5,6.41,29,,0.1
"2025-11-02 01:09:34",2112,1925,78475,0,,5,46.2,6.41,28.95,,0.1
"2025-11-02 01:09:35",2113,1926,78472,-38.181682,-72.67938,3.45,39.7,6.41,28.9,,0.2
"2025-11-02 01:09:36",2113,1926,78470,0,,5.05,50.1,6.42,28.85,,0.2
"2025-11-02 01:09:37",2113,1926,78469,0,,4.65,39.7,6.44,28.85,,0.2
"2025-11-02 01:09:38",2113,1926,78468,-38.1816,-72.67927,3.85,56.2,6.44,28.9,,0.2
"2025-11-02 01:09:39",2113,1926,78465,0,,4.65,44.7,6.44,28.95,,0.2
"2025-11-02 01:09:40",2114,1927,78462,0,,3.6,40.9,6.46,29.05,,0.2
"2025-11-02 01:09:41",2114,1927,78460,-38.181525,-72.679165,4.45,55.8,6.46,29.1,,0.2
"2025-11-02 01:09:42",2114,1927,78458,0,,,,6.47,29.2,,0.2
"2025-11-02 01:09:43",2114,1927,78457,0,,,,6.48,29.2,,0.2
"2025-11-02 01:09:44",2114,1927,78456,0,,,,6.49,29.1,,0.2
"2025-11-02 01:09:45",2115,1928,78454,0,,4.15,37.3,6.49,29.05,,0.2
"2025-11-02 01:09:46",2115,1928,78452,0,,3.85,59.1,6.51,29,,0.2
"2025-11-02 01:09:47",2115,1928,78450,-38.181365,-72.678948,4.6,44.4,6.51,28.9,,0.2
"2025-11-02 01:09:48",2115,1928,78447,0,,3.85,33.4,6.52,28.8,,0.2
"2025-11-02 01:09:49",2116,1929,78444,0,,4.4,50.7,6.55,28.85,,0.2
"2025-11-02 01:09:50",2116,1929,78442,-38.181258,-72.678817,4.3,45.3,6.56,28.8,,0.2
"2025-11-02 01:09:51",2116,1929,78439,0,,,,6.57,28.8,,0.2
"2025-11-02 01:09:52",2116,1929,78436,0,,,,6.57,28.8,,0.2
"2025-11-02 01:09:53",2117,1930,78434,0,,,,6.58,28.8,,0.2
"2025-11-02 01:09:55",2117,1930,78428,0,,4.35,43.5,6.59,28.85,,0.2
"2025-11-02 01:09:56",2118,1931,78426,-38.181127,-72.678652,3.25,39.4,6.6,28.9,,0.3
"2025-11-02 01:09:57",2118,1931,78422,0,,4.55,47.1,6.61,28.95,,0.3
"2025-11-02 01:09:58",2118,1931,78419,0,,4.15,35,6.61,29,,0.3
"2025-11-02 01:09:59",2119,1932,78416,-38.181045,-72.678557,3.75,51.9,6.61,29.1,9,0.3
"2025-11-02 01:10:00",2119,1932,78412,0,,4.9,41.4,6.63,29.2,,0.3
"2025-11-02 01:10:01",2119,1932,78408,0,,3.6,42.4,6.64,29.25,,0.3
"2025-11-02 01:10:02",2120,1933,78404,-38.180967,-72.678458,4.1,53.3,6.64,29.35,,0.3
"2025-11-02 01:10:03",2120,1933,78403,0,,4.1,33,6.65,29.45,,0.3
"2025-11-02 01:10:04",2120,1933,78402,0,,3.45,47.1,6.66,29.55,,0.3
"2025-11-02 01:10:05",2120,1933,78402,-38.18089,-72.678365,4.55,47.2,6.66,29.6,,0.3
"2025-11-02 01:10:06",2120,1933,78399,0,,3.35,29.1,6.67,29.6,,0.3
"2025-11-02 01:10:07",2121,1934,78396,0,,4.2,48.7,6.67,29.65,,0.3
"2025-11-02 01:10:08",2121,1934,78394,-38.180807,-72.678275,4.65,37.3,6.67,29.7,,0.3
"2025-11-02 01:10:09",2121,1934,78391,0,,3.3,48.4,6.67,29.75,,0.3
"2025-11-02 01:10:10",2121,1934,78388,0,,4.7,45.5,6.68,29.75,,0.3
"2025-11-02 01:10:11",2122,1935,78386,-38.180727,-72.67818,3.8,30,6.68,29.75,,0.3
"2025-11-02 01:10:12",2122,1935,78382,0,,4.1,50.4,6.7,29.8,,0.3
"2025-11-02 01:10:13",2122,1935,78379,0,,4.7,34.1,6.71,29.8,,0.3
"2025-11-02 01:10:14",2123,1936,78376,-38.18064,-72.678088,3.85,39.2,6.71,29.8,,0.2
"2025-11-02 01:10:15",2123,1936,78373,0,,4.85,46.6,6.72,29.75,,0.3
"2025-11-02 01:10:16",2123,1936,78371,0,,3.7,31.1,6.72,29.75,,0.3
"2025-11-02 01:10:17",2123,1936,78370,-38.180555,-72.677997,3.8,44.6,6.73,29.7,,0.3
"2025-11-02 01:10:18",2124,1937,78364,0,,4.8,31.7,6.76,29.75,,0.3
"2025-11-02 01:10:19",2125,1938,78359,0,,3.7,33.7,6.75,29.7,,0.3
"2025-11-02 01:10:20",2125,1938,78354,-38.180463,-72.67791,4.8,42.9,6.77,29.65,,0.4
"2025-11-02 01:10:21",2126,1939,78350,0,,4.35,32.4,6.77,29.6,,0.4
"2025-11-02 01:10:22",2126,1939,78347,0,,3.35,46.7,6.77,29.6,,0.4
"2025-11-02 01:10:23",2126,1939,78344,-38.180377,-72.677818,4.75,37.1,6.77,29.55,,0.4
"2025-11-02 01:10:26",2128,1941,78332,-38.180288,-72.677732,4.6,30.8,6.77,29.5,9,0.4
"2025-11-02 01:10:27",2128,1941,78328,0,,3.45,34.3,6.77,29.45,,0.4
"2025-11-02 01:10:28",2128,1941,78324,0,,4.9,41.3,6.77,29.4,,0.4
"2025-11-02 01:10:29",2129,1942,78320,-38.180195,-72.677648,4.15,28.7,6.77,29.4,,0.4
"2025-11-02 01:10:30",2130,1943,78313,0,,4.15,47.6,6.77,29.4,,0.5
"2025-11-02 01:10:31",2130,1943,78306,0,,4.8,35.3,6.77,29.35,,0.5
"2025-11-02 01:10:32",2131,1944,78300,-38.180107,-72.677563,3.35,32,6.77,29.35,,0.5
"2025-11-02 01:10:33",2131,1944,78296,0,,,,6.77,29.35,,0.5
"2025-11-02 01:10:34",2132,1945,78292,0,,,,6.77,29.35,,0.5
"2025-11-02 01:10:35",2132,1945,78288,0,,,,6.77,29.3,,0.5
"2025-11-02 01:10:36",2133,1946,78281,0,,5,38.3,6.79,29.3,,0.5
"2025-11-02 01:10:37",2133,1946,78275,0,,3.85,27.3,6.81,29.25,,0.5
"2025-11-02 01:10:38",2134,1947,78270,-38.179922,-72.677398,4.05,44.2,6.79,29.2,,0.5
"2025-11-02 01:10:39",2134,1947,78266,0,,4.65,26.8,6.81,29.1,,0.5
"2025-11-02 01:10:40",2135,1948,78263,0,,3.35,31.3,6.82,29.1,,0.5
"2025-11-02 01:10:41",2135,1948,78260,-38.179827,-72.67732,4.9,40.3,6.83,29.05,,0.5
"2025-11-02 01:10:42",2136,1949,78254,0,,4.65,26.1,6.82,29.05,,0.5
"2025-11-02 01:10:43",2136,1949,78249,0,,4.65,26.1,6.82,29.05,,0.5
"2025-11-02 01:10:44",2137,1950,78244,-38.179732,-72.677232,4.8,38.2,6.83,29,,0.5
"2025-11-02 01:10:45",2137,1950,78237,0,,3.75,25.7,6.85,28.95,,0.5
"2025-11-02 01:10:46",2138,1951,78231,0,,4,47.6,6.83,28.95,,0.5
"2025-11-02 01:10:47",2139,1952,78226,-38.179643,-72.67715,4.75,28.1,6.83,28.9,,0.5
"2025-11-02 01:10:48",2139,1952,78221,0,,3.5,30.3,6.83,28.9,,0.5
"2025-11-02 01:10:49",2140,1953,78216,0,,4.95,45.5,6.86,28.85,,0.5
"2025-11-02 01:10:50",2140,1953,78212,-38.17955,-72.677067,4.1,25.9,6.86,28.85,,0.5
"2025-11-02 01:10:52",2141,1954,78199,0,,5,34.7,6.86,28.8,,0.6
"2025-11-02 01:10:53",2142,1955,78194,-38.179458,-72.676988,3.6,29.3,6.86,28.8,9,0.6
"2025-11-02 01:10:56",2144,1957,78180,-38.17937,-72.676903,3.5,42.8,6.86,28.75,,0.6
"2025-11-02 01:10:57",2144,1957,78173,0,,,,6.86,28.75,,0.6
"2025-11-02 01:10:58",2145,1958,78166,0,,,,6.87,28.75,,0.6
"2025-11-02 01:10:59",2146,1959,78160,0,,,,6.87,28.75,,0.6
"2025-11-02 01:11:00",2146,1959,78152,0,,,,6.87,28.7,,0.6
"2025-11-02 01:11:01",2147,1960,78144,0,,,,6.87,28.7,,0.6
"2025-11-02 01:11:02",2148,1961,78136,0,,,,6.87,28.6,,0.7
"2025-11-02 01:11:04",2149,1962,78126,0,,3.85,41.9,6.86,28.45,,0.6
"2025-11-02 01:11:05",2150,1963,78122,-38.179103,-72.67666,4.75,40.4,6.87,28.35,,0.6
"2025-11-02 01:11:10",2154,1967,78085,0,,3.95,47.4,6.87,27.6,,0.7
"2025-11-02 01:11:11",2154,1967,78078,-38.17892,-72.676488,4.9,30.7,6.87,27.4,,0.7
"2025-11-02 01:11:13",2156,1969,78063,0,,4.6,46,6.87,27.1,,0.7
"2025-11-02 01:11:14",2157,1970,78056,-38.178833,-72.676398,4,26.4,6.86,26.9,,0.7
"2025-11-02 01:11:15",2157,1970,78048,0,,3.8,49.9,6.86,26.75,,0.7
"2025-11-02 01:11:16",2158,1971,78041,0,,4.6,37.4,6.86,26.55,,0.7
"2025-11-02 01:11:17",2159,1972,78034,-38.17875,-72.67631,3.25,37.6,6.86,26.35,,0.8
"2025-11-02 01:11:18",2160,1973,78026,0,,4.75,47.2,6.86,26.2,,0.8
"2025-11-02 01:11:19",2161,1974,78018,0,,4,31.8,6.86,26,,0.8
"2025-11-02 01:11:20",2161,1974,78010,-38.17867,-72.676218,3.6,53,6.86,25.85,9,0.8
"2025-11-02 01:11:21",2162,1975,78003,0,,4.55,36.8,6.86,25.7,,0.8
"2025-11-02 01:11:22",2163,1976,77996,0,,3.35,38.7,6.87,25.5,,0.8
"2025-11-02 01:11:23",2164,1977,77990,-38.178592,-72.676127,4.65,48.6,6.87,25.3,,0.8
"2025-11-02 01:11:24",2165,1978,77980,0,,4.25,37.5,6.87,25.1,,0.8
"2025-11-02 01:11:25",2166,1979,77971,0,,3.35,57.4,6.88,24.85,,0.8
"2025-11-02 01:11:26",2167,1980,77962,-38.178518,-72.676028,4.45,44.1,6.88,24.65,,0.8
"2025-11-02 01:11:27",2167,1980,77956,0,,3.6,30.7,6.88,24.5,,0.8
"2025-11-02 01:11:28",2168,1981,77950,0,,4.25,53.9,6.89,24.3,,0.8
"2025-11-02 01:11:29",2168,1981,77944,-38.178437,-72.675937,4.5,39.2,6.88,24.1,,0.8
"2025-11-02 01:11:30",2169,1982,77935,0,,4.5,39.2,6.89,23.9,,0.8
"2025-11-02 01:11:31",2170,1983,77926,0,,4.85,46.5,6.88,23.85,,0.8
"2025-11-02 01:11:32",2171,1984,77918,-38.178355,-72.675842,3.9,36,6.88,23.75,,0.8
"2025-11-02 01:11:33",2172,1985,77909,0,,4.05,57.2,6.88,23.6,,0.8
"2025-11-02 01:11:34",2173,1986,77900,0,,4.75,41.5,6.87,23.5,,0.8
"2025-11-02 01:11:35",2174,1987,77892,-38.17828,-72.675742,3.1,43.1,6.88,23.4,,0.9
"2025-11-02 01:11:36",2175,1988,77884,0,,4.45,53,6.87,23.35,,0.9
"2025-11-02 01:11:37",2175,1988,77877,0,,4.15,32.4,6.87,23.3,,0.8
"2025-11-02 01:11:38",2176,1989,77870,-38.178203,-72.675647,3.8,52.2,6.86,23.25,,0.8
"2025-11-02 01:11:39",2177,1990,77860,0,,4.95,45.9,6.86,23.2,,0.8
"2025-11-02 01:11:40",2178,1991,77851,0,,3.3,43.6,6.86,23.2,,0.9
"2025-11-02 01:11:41",2179,1992,77842,-38.178102,-72.675512,4.2,55.2,6.85,23.15,,0.9
"2025-11-02 01:11:42",2180,1993,77832,0,,,,6.83,23.15,,0.9
"2025-11-02 01:11:43",2181,1994,77823,0,,,,6.83,23.1,,0.9
"2025-11-02 01:11:44",2182,1995,77814,0,,,,6.83,23.05,,0.9
"2025-11-02 01:11:45",2183,1996,77806,0,,,,6.81,23.05,,0.9
"2025-11-02 01:11:46",2184,1997,77799,0,,,,6.81,23.05,,0.9
"2025-11-02 01:11:47",2185,1998,77792,0,,,,6.79,23,9,0.9
"2025-11-02 01:11:48",2185,1998,77783,0,,3.3,50.9,6.77,23,,0.9
"2025-11-02 01:11:49",2186,1999,77774,0,,4.65,54.1,6.77,23,,0.9
"2025-11-02 01:11:50",2187,2000,77766,-38.177895,-72.675235,4,34.9,6.77,23,,0.9
"2025-11-02 01:11:51",2188,2001,77758,0,,3.95,58.1,6.77,23,,0.9
"2025-11-02 01:11:52",2189,2002,77750,0,,4.85,45.6,6.77,23,,0.9
"2025-11-02 01:11:53",2190,2003,77742,-38.17782,-72.675132,3.4,40.9,6.77,23,,0.9
"2025-11-02 01:11:56",2193,2006,77714,-38.17775,-72.675025,3.3,54.3,6.77,23.1,,0.9
"2025-11-02 01:11:57",2194,2007,77703,0,,4.45,46.8,6.76,23.15,,0.9
"2025-11-02 01:11:58",2195,2008,77692,0,,3.5,38.8,6.75,23.15,,0.9
"2025-11-02 01:11:59",2196,2009,77682,-38.177677,-72.674927,4.2,56.8,6.75,23.2,,1
"2025-11-02 01:12:00",2197,2010,77673,0,,4.8,43.7,6.73,23.25,,1
"2025-11-02 01:12:01",2198,2011,77664,0,,4.8,43.7,6.73,23.3,,1
"2025-11-02 01:12:02",2199,2012,77656,-38.177605,-72.674818,4.7,55.7,6.73,23.35,,1
"2025-11-02 01:12:03",2200,2013,77645,0,,4.3,40.6,6.72,23.4,,1
"2025-11-02 01:12:04",2201,2014,77634,0,,3.4,59.3,6.71,23.45,,1
"2025-11-02 01:12:05",2202,2015,77624,-38.177535,-72.674712,4.6,46.8,6.71,23.5,,1
"2025-11-02 01:12:06",2203,2016,77614,0,,,,6.71,23.55,,1
"2025-11-02 01:12:07",2204,2017,77605,0,,,,6.7,23.55,,1
"2025-11-02 01:12:08",2205,2018,77596,0,,,,6.7,23.6,,1
"2025-11-02 01:12:09",2206,2019,77585,0,,3.6,49.3,6.7,23.65,,1
"2025-11-02 01:12:10",2207,2020,77576,0,,4.5,58.2,6.68,23.65,,1
"2025-11-02 01:12:11",2208,2021,77568,-38.17738,-72.6745,4.1,42.7,6.68,23.7,,1
"2025-11-02 01:12:12",2209,2022,77559,0,,,,6.68,23.7,,1
"2025-11-02 01:12:13",2210,2023,77548,0,,,,6.67,23.75,,1
"2025-11-02 01:12:14",2211,2024,77538,0,,,,6.67,23.8,9,1
"2025-11-02 01:12:15",2213,2026,77527,0,,,,6.67,23.75,,1.1
"2025-11-02 01:12:16",2214,2027,77516,0,,,,6.68,23.8,,1.1
"2025-11-02 01:12:17",2215,2028,77506,0,,,,6.67,23.8,,1.1
"2025-11-02 01:12:18",2216,2029,77494,0,,3.5,59.7,6.67,23.8,,1.1
"2025-11-02 01:12:19",2217,2030,77484,0,,4,40.2,6.67,23.8,,1.1
"2025-11-02 01:12:20",2218,2031,77474,-38.177163,-72.67422,3.95,40.2,6.67,23.8,,1.1
"2025-11-02 01:12:21",2219,2032,77465,0,,3.95,62.5,6.67,23.8,,1.1
"2025-11-02 01:12:22",2220,2033,77456,0,,4.3,39.2,6.66,23.8,,1.1
"2025-11-02 01:12:23",2221,2034,77448,-38.177093,-72.67412,3.55,47.2,6.66,23.8,,1.1
"2025-11-02 01:12:24",2222,2035,77437,0,,3.55,47.2,6.66,23.85,,1.1
"2025-11-02 01:12:25",2223,2036,77425,0,,3.95,33.9,6.65,23.9,,1.1
"2025-11-02 01:12:26",2225,2038,77414,-38.17702,-72.674027,3.5,50.9,6.65,24,,1.1
"2025-11-02 01:12:27",2226,2039,77402,0,,4.9,44.7,6.64,24.1,,1.1
"2025-11-02 01:12:28",2227,2040,77391,0,,3.9,37.7,6.64,24.15,,1.1
"2025-11-02 01:12:29",2228,2041,77380,-38.176918,-72.673888,3.95,58.8,6.64,24.2,,1.1
"2025-11-02 01:12:30",2230,2043,77368,0,,,,6.64,24.3,,1.1
"2025-11-02 01:12:31",2231,2044,77357,0,,,,6.63,24.35,,1.1
"2025-11-02 01:12:32",2232,2045,77346,0,,,,6.63,24.45,,1.1
"2025-11-02 01:12:33",2233,2046,77333,0,,4.2,41.6,6.62,24.5,,1.2
"2025-11-02 01:12:34",2235,2048,77320,0,,3.3,47.1,6.62,24.6,,1.2
"2025-11-02 01:12:35",2236,2049,77308,-38.176763,-72.673682,4.75,52.4,6.61,24.7,,1.2
"2025-11-02 01:12:36",2237,2050,77298,0,,4,33,6.61,24.85,,1.2
"2025-11-02 01:12:37",2238,2051,77289,0,,4,33,6.61,25,,1.2
"2025-11-02 01:12:38",2239,2052,77280,-38.176683,-72.673577,5.25,48.9,6.6,25.1,,1.2
"2025-11-02 01:12:39",2240,2053,77271,0,,3.35,42.3,6.59,25.25,,1.2
"2025-11-02 01:12:40",2241,2054,77262,0,,3.35,42.3,6.59,25.4,,1.1
"2025-11-02 01:12:41",2242,2055,77254,-38.176607,-72.673472,4.95,39,6.59,25.45,8.75,1.1
"2025-11-02 01:12:42",2243,2056,77244,0,,4.95,39,6.58,25.5,,1.1
"2025-11-02 01:12:43",2244,2057,77234,0,,4.8,52.3,6.58,25.6,,1.1
"2025-11-02 01:12:44",2245,2058,77224,-38.17653,-72.673365,3.65,39.1,6.57,25.65,,1.1
"2025-11-02 01:12:45",2246,2059,77213,0,,3.65,39.1,6.56,25.8,,1.1
"2025-11-02 01:12:46",2247,2060,77202,0,,4.85,42,6.55,25.85,,1.1
"2025-11-02 01:12:47",2248,2061,77192,-38.176457,-72.673252,3.6,50.3,6.55,25.9,,1.1
"2025-11-02 01:12:51",2253,2066,77150,0,,5.1,47.8,6.51,26.15,,1.1
"2025-11-02 01:12:52",2254,2067,77140,0,,5.1,47.8,6.51,26.2,,1.1
"2025-11-02 01:12:53",2255,2068,77130,-38.176305,-72.673027,4.75,55.8,6.5,26.25,,1.1
"2025-11-02 01:12:56",2258,2071,77098,-38.176257,-72.672948,5.25,47.2,6.49,26.45,,1.1
"2025-11-02 01:12:57",2259,2072,77089,0,,3.95,43.8,6.47,26.5,,1.1
"2025-11-02 01:12:58",2260,2073,77081,0,,4.9,60.1,6.47,26.5,,1.1
"2025-11-02 01:12:59",2261,2074,77074,-38.176155,-72.672795,4.55,42.4,6.46,26.6,,1
"2025-11-02 01:13:00",2262,2075,77063,0,,4.55,42.4,6.45,26.7,,1.1
"2025-11-02 01:13:01",2263,2076,77051,0,,4.95,51.1,6.45,26.7,,1.1
"2025-11-02 01:13:02",2265,2078,77040,-38.176103,-72.67272,4.05,36.3,6.43,26.75,,1.1
"2025-11-02 01:13:03",2266,2079,77027,0,,4.6,54.6,6.43,26.8,,1.1
"2025-11-02 01:13:04",2267,2080,77015,0,,4.6,54.6,6.43,26.85,,1.1
"2025-11-02 01:13:05",2268,2081,77004,-38.17599,-72.67256,4.4,43.5,6.43,26.9,,1.1
"2025-11-02 01:13:06",2270,2083,76993,0,,,,6.42,26.95,,1.1
"2025-11-02 01:13:07",2271,2084,76982,0,,,,6.42,27,,1.1
"2025-11-02 01:13:08",2272,2085,76972,0,,,,6.42,27.05,8.75,1.1
"2025-11-02 01:13:09",2273,2086,76960,0,,5.4,55.1,6.42,27.2,,1.2
"2025-11-02 01:13:10",2274,2087,76949,0,,4.25,44.4,6.41,27.25,,1.2
"2025-11-02 01:13:11",2276,2089,76938,-38.175865,-72.672367,3.8,51.4,6.41,27.35,,1.2
"2025-11-02 01:13:12",2276,2089,76929,0,,5.55,53.4,6.41,27.45,,1.2
"2025-11-02 01:13:13",2277,2090,76920,0,,3.7,47,6.4,27.5,,1.2
"2025-11-02 01:13:14",2278,2091,76912,-38.175788,-72.67225,4.15,53.9,6.41,27.5,,1.1
"2025-11-02 01:13:15",2279,2092,76901,0,,5.45,44,6.41,27.55,,1.1
"2025-11-02 01:13:16",2281,2094,76891,0,,5.45,44,6.38,27.6,,1.1
"2025-11-02 01:13:17",2282,2095,76882,-38.175708,-72.67213,4.6,52.4,6.38,27.6,,1.1
"2025-11-02 01:13:18",2283,2096,76870,0,,4.55,52.4,6.38,27.55,,1.1
"2025-11-02 01:13:19",2284,2097,76859,0,,4.7,56.9,6.37,27.6,,1.1
"2025-11-02 01:13:20",2285,2098,76848,-38.175625,-72.672013,4.95,49.7,6.37,27.6,,1.1
"2025-11-02 01:13:22",2287,2100,76826,0,,5.05,61.8,6.35,27.65,,1.1
"2025-11-02 01:13:23",2289,2102,76816,-38.175527,-72.671858,4.4,38,6.35,27.6,,1.1
"2025-11-02 01:13:26",2292,2105,76788,-38.175452,-72.67174,4.05,43.9,6.34,27.45,,1.1
"2025-11-02 01:13:28",2294,2107,76768,0,,5.1,43.7,6.33,27.4,,1.1
"2025-11-02 01:13:29",2295,2108,76760,-38.1754,-72.671658,3.75,54.9,6.32,27.35,,1.1
"2025-11-02 01:13:31",2297,2110,76741,0,,4.1,39.7,6.32,27.35,,1.1
"2025-11-02 01:13:32",2298,2111,76732,-38.175322,-72.671547,4.55,55.7,6.31,27.35,,1.1
"2025-11-02 01:13:37",2303,2116,76680,0,,4.45,56.8,6.29,27.25,,1
"2025-11-02 01:13:38",2304,2117,76670,-38.175163,-72.671305,5.05,50.7,6.28,27.2,,1
"2025-11-02 01:13:40",2306,2119,76648,0,,4.95,52.6,6.27,27.05,,1.1
"2025-11-02 01:13:41",2308,2121,76638,-38.17506,-72.671152,4.75,40.2,6.27,27.05,,1.1
"2025-11-02 01:13:42",2308,2121,76630,0,,4.75,40.2,6.27,26.95,,1.1
"2025-11-02 01:13:43",2309,2122,76621,0,,5.05,50.4,6.26,26.9,,1.1
"2025-11-02 01:13:44",2310,2123,76612,-38.175008,-72.671072,3.8,40.1,6.27,26.85,,1.1
"2025-11-02 01:13:45",2311,2124,76603,0,,4.5,55.8,6.26,26.8,,1.1
"2025-11-02 01:13:46",2312,2125,76594,0,,4.9,41.3,6.26,26.75,,1
"2025-11-02 01:13:47",2313,2126,76586,-38.174928,-72.670958,3.8,53.6,6.26,26.7,,1
"2025-11-02 01:13:48",2314,2127,76577,0,,5.1,56.3,6.26,26.65,,1
"2025-11-02 01:13:49",2315,2128,76568,0,,4.15,39.5,6.24,26.6,,1
"2025-11-02 01:13:50",2316,2129,76560,-38.174853,-72.670842,4.15,56.2,6.24,26.55,,1
"2025-11-02 01:13:51",2317,2130,76551,0,,5.1,46.1,6.24,26.5,,1
"2025-11-02 01:13:52",2318,2131,76542,0,,3.4,46.9,6.24,26.45,,1
"2025-11-02 01:13:53",2319,2132,76534,-38.174777,-72.670728,4.8,56.7,6.23,26.4,,1
"2025-11-02 01:13:55",2321,2134,76513,0,,3.95,60.8,6.22,26.35,,1
"2025-11-02 01:13:56",2322,2135,76504,-38.174705,-72.670613,4.85,49.2,6.22,26.3,,1
"2025-11-02 01:13:57",2323,2136,76494,0,,3.5,43.1,6.22,26.25,,1
"2025-11-02 01:13:58",2324,2137,76485,0,,4.7,59.4,6.21,26.2,,1
"2025-11-02 01:13:59",2325,2138,76476,-38.17463,-72.6705,4.7,43.3,6.21,26.2,,1
"2025-11-02 01:14:00",2326,2139,76467,0,,3.8,57.9,6.21,26.25,,1
"2025-11-02 01:14:01",2327,2140,76459,0,,5.1,56.9,6.2,26.25,,1
"2025-11-02 01:14:02",2328,2141,76452,-38.174558,-72.670382,3.7,42.4,6.2,26.2,8.75,1
"2025-11-02 01:14:03",2328,2141,76444,0,,4.05,64.1,6.2,26.2,,1
"2025-11-02 01:14:04",2329,2142,76437,0,,4.75,43.8,6.19,26.15,,0.9
"2025-11-02 01:14:05",2330,2143,76430,-38.174488,-72.670275,3.55,49.2,6.18,26.15,,0.9
"2025-11-02 01:14:06",2331,2144,76420,0,,4.9,59.4,6.19,26.1,,0.9
"2025-11-02 01:14:07",2332,2145,76410,0,,4.7,49.2,6.18,26.1,,0.9
"2025-11-02 01:14:08",2333,2146,76400,-38.174418,-72.670155,3.4,57.5,6.18,26.1,,0.9
"2025-11-02 01:14:09",2334,2147,76391,0,,4.5,56.5,6.18,26.1,,0.9
"2025-11-02 01:14:10",2335,2148,76383,0,,3.8,47.6,6.17,26.05,,0.9
"2025-11-02 01:14:11",2336,2149,76376,-38.174357,-72.670043,3.85,60.4,6.17,26.05,,0.9
"2025-11-02 01:14:12",2337,2150,76367,0,,5,48.6,6.16,26.05,,0.9
"2025-11-02 01:14:13",2338,2151,76357,0,,3.65,50.6,6.16,26.05,,0.9
"2025-11-02 01:14:14",2339,2152,76348,-38.174287,-72.669923,4.55,62.9,6.15,26.05,,0.9
"2025-11-02 01:14:15",2340,2153,76338,0,,4.35,43.2,6.15,26.05,,0.9
"2025-11-02 01:14:16",2341,2154,76329,0,,3.7,62.3,6.14,26,,1
"2025-11-02 01:14:17",2342,2155,76320,-38.174195,-72.669772,4.9,51.5,6.14,26,,1
"2025-11-02 01:14:18",2343,2156,76310,0,,4.9,51.5,6.12,26,,1
"2025-11-02 01:14:19",2344,2157,76303,0,,4.65,60.6,6.12,26.05,,0.9
"2025-11-02 01:14:20",2344,2157,76296,-38.174147,-72.66969,4.85,47.7,6.12,26.05,,0.9
"2025-11-02 01:14:21",2345,2158,76289,0,,3.55,61.2,6.11,26.05,,0.9
"2025-11-02 01:14:22",2346,2159,76281,0,,4.75,60.2,6.11,26.05,,0.9
"2025-11-02 01:14:23",2347,2160,76274,-38.174082,-72.669572,4.15,43,6.08,26.05,,0.9
"2025-11-02 01:14:26",2349,2162,76252,-38.174015,-72.669453,3.35,51.6,6.05,26.1,,0.9
"2025-11-02 01:14:27",2350,2163,76244,0,,4.9,57.9,6.05,26.1,,0.8
"2025-11-02 01:14:28",2351,2164,76236,0,,4.25,48.1,6.04,26.1,,0.8
"2025-11-02 01:14:29",2352,2165,76228,-38.173948,-72.669337,3.9,64,6.03,26.15,8.5,0.8
"2025-11-02 01:14:30",2353,2166,76219,0,,4.95,54.9,6.03,26.1,,0.8
"2025-11-02 01:14:31",2353,2166,76211,0,,3.3,52.4,6.03,26.1,,0.8
"2025-11-02 01:14:32",2354,2167,76204,-38.173887,-72.66922,4.25,59.6,6.02,26.15,,0.8
"2025-11-02 01:14:33",2355,2168,76196,0,,4.55,44.6,6.02,26.15,,0.8
"2025-11-02 01:14:34",2356,2169,76189,0,,3.9,58.6,6.01,26.15,,0.8
"2025-11-02 01:14:35",2357,2170,76182,-38.173818,-72.669098,5,60.1,6.01,26.2,,0.8
"2025-11-02 01:14:36",2358,2171,76173,0,,3.6,49.7,6,26.2,,0.8
"2025-11-02 01:14:37",2359,2172,76164,0,,3.6,49.7,6,26.2,,0.8
"2025-11-02 01:14:38",2359,2172,76156,-38.173757,-72.66898,5,48.5,6.01,26.2,,0.9
"2025-11-02 01:14:39",2360,2173,76148,0,,3.55,56,6,26.2,,0.9
"2025-11-02 01:14:40",2361,2174,76141,0,,4.75,62.4,6,26.2,,0.9
"2025-11-02 01:14:41",2362,2175,76134,-38.17369,-72.66886,4.4,45.6,6,26.2,,0.8
"2025-11-02 01:14:42",2363,2176,76127,0,,4.4,45.6,6,26.25,,0.8
"2025-11-02 01:14:43",2363,2176,76120,0,,4.55,52.8,6.01,26.25,,0.8
"2025-11-02 01:14:44",2364,2177,76114,-38.173625,-72.668745,3.7,46.9,6.01,26.25,,0.8
"2025-11-02 01:14:45",2365,2178,76107,0,,4.65,64.3,6,26.25,,0.8
"2025-11-02 01:14:46",2365,2178,76100,0,,4.65,64.3,6.01,26.25,,0.8
"2025-11-02 01:14:47",2366,2179,76094,-38.173563,-72.668627,3.15,58.1,6.01,26.25,,0.8
"2025-11-02 01:14:48",2367,2180,76086,0,,5.05,60.8,6.01,26.2,,0.8
"2025-11-02 01:14:49",2368,2181,76078,0,,3.9,53.1,6.02,26.2,,0.8
"2025-11-02 01:14:50",2369,2182,76070,-38.173508,-72.668505,3.8,71.3,6.01,26.2,,0.8
"2025-11-02 01:14:51",2370,2183,76062,0,,4.75,56.2,6.02,26.25,,0.8
"2025-11-02 01:14:52",2370,2183,76055,0,,3.4,59,6.03,26.2,,0.8
"2025-11-02 01:14:53",2371,2184,76048,-38.173455,-72.668382,4.6,66.3,6.02,26.15,,0.8
"2025-11-02 01:14:55",2373,2186,76030,0,,4.1,67.5,6.04,26.05,,0.8
"2025-11-02 01:14:56",2374,2187,76022,-38.173378,-72.668213,5.05,61.6,6.03,26,8.5,0.8
"2025-11-02 01:14:57",2375,2188,76015,0,,5.05,61.6,6.05,26,,0.8
"2025-11-02 01:14:58",2375,2188,76008,0,,3.4,57.7,6.05,26,,0.8
"2025-11-02 01:14:59",2376,2189,76002,-38.173345,-72.66813,4.45,53.1,6.05,25.95,,0.8
"2025-11-02 01:15:00",2377,2190,75995,0,,4.45,53.1,6.05,25.9,,0.8
"2025-11-02 01:15:01",2378,2191,75988,0,,5.05,63.8,6.06,25.85,,0.8
"2025-11-02 01:15:02",2378,2191,75982,-38.17329,-72.668002,3.85,55,6.06,25.8,,0.8
"2025-11-02 01:15:03",2379,2192,75974,0,,4.55,75.6,6.07,25.8,,0.8
"2025-11-02 01:15:04",2380,2193,75968,0,,4.35,58.2,6.06,25.8,,0.8
"2025-11-02 01:15:05",2380,2193,75962,-38.173242,-72.667875,3.4,65.1,6.07,25.75,,0.8
"2025-11-02 01:15:06",2381,2194,75955,0,,4.95,63.7,6.06,25.75,,0.8
"2025-11-02 01:15:07",2382,2195,75947,0,,4.25,55.4,6.07,25.75,,0.7
"2025-11-02 01:15:08",2383,2196,75940,-38.17319,-72.667743,4.25,74,6.07,25.7,,0.7
"2025-11-02 01:15:09",2383,2196,75934,0,,4.75,63.2,6.07,25.65,,0.7
"2025-11-02 01:15:10",2384,2197,75928,0,,3.4,54.5,6.07,25.65,,0.7
"2025-11-02 01:15:11",2385,2198,75922,-38.17314,-72.667617,4.3,66.1,6.06,25.65,,0.7
"2025-11-02 01:15:12",2386,2199,75913,0,,5.05,57.4,6.07,25.65,,0.7
"2025-11-02 01:15:13",2387,2200,75905,0,,4.1,68.5,6.06,25.65,,0.7
"2025-11-02 01:15:14",2387,2200,75898,-38.173085,-72.667472,4.95,68.8,6.06,25.65,,0.8
"2025-11-02 01:15:15",2388,2201,75890,0,,4.5,55,6.06,25.6,,0.8
"2025-11-02 01:15:16",2389,2202,75883,0,,4.05,74.1,6.06,25.6,,0.8
"2025-11-02 01:15:17",2390,2203,75876,-38.173035,-72.667332,5,64.2,6.06,25.55,,0.8
"2025-11-02 01:15:18",2390,2203,75870,0,,5,64.2,6.06,25.55,,0.8
"2025-11-02 01:15:19",2391,2204,75866,0,,4.85,76,6.06,25.5,,0.7
"2025-11-02 01:15:20",2391,2204,75862,-38.172982,-72.66719,4.85,60.4,6.07,25.45,,0.7
"2025-11-02 01:15:21",2392,2205,75855,0,,3.65,65.6,6.06,25.5,,0.7
"2025-11-02 01:15:22",2393,2206,75847,0,,5.6,65.9,6.06,25.45,,0.7
"2025-11-02 01:15:23",2394,2207,75840,-38.172927,-72.667045,4.5,60,6.06,25.45,8.5,0.7
"2025-11-02 01:15:26",2396,2209,75820,-38.172872,-72.666903,4.3,63.8,6.05,25.4,,0.7
"2025-11-02 01:15:27",2397,2210,75813,0,,4.95,73.2,6.04,25.35,,0.7
"2025-11-02 01:15:28",2397,2210,75806,0,,4.95,73.2,6.03,25.35,,0.7
"2025-11-02 01:15:29",2398,2211,75800,-38.172818,-72.666757,4.35,72.7,6.04,25.35,,0.7
"2025-11-02 01:15:30",2399,2212,75792,0,,5.2,69,6.04,25.35,,0.7
"2025-11-02 01:15:31",2400,2213,75785,0,,4,57.3,6.03,25.3,,0.7
"2025-11-02 01:15:32",2400,2213,75778,-38.17277,-72.666612,4.95,71.1,6.03,25.3,,0.7
"2025-11-02 01:15:33",2401,2214,75773,0,,5.25,59.6,6.03,25.3,,0.7
"2025-11-02 01:15:34",2401,2214,75769,0,,4.1,69.1,6.02,25.3,,0.7
"2025-11-02 01:15:35",2402,2215,75766,-38.172713,-72.66646,5.5,65.3,6.02,25.25,,0.7
"2025-11-02 01:15:36",2402,2215,75760,0,,,,6.01,25.2,,0.7
"2025-11-02 01:15:37",2403,2216,75754,0,,,,6.01,25.2,,0.7
"2025-11-02 01:15:38",2404,2217,75748,0,,,,6,25.15,,0.7
"2025-11-02 01:15:39",2404,2217,75741,0,,4.15,65.6,6,25.2,,0.7
"2025-11-02 01:15:40",2405,2218,75735,0,,5.6,71.9,6,25.15,,0.6
"2025-11-02 01:15:41",2406,2219,75730,-38.1726,-72.666158,4.75,54.8,6,25.1,,0.6
"2025-11-02 01:15:42",2406,2219,75722,0,,4.35,73.4,6,25.05,,0.6
"2025-11-02 01:15:43",2407,2220,75715,0,,4.35,73.4,5.99,25.05,,0.6
"2025-11-02 01:15:44",2408,2221,75708,-38.172543,-72.666012,4.15,59.7,5.99,25,,0.6
"2025-11-02 01:15:45",2409,2222,75701,0,,5.35,71.9,5.99,24.95,,0.6
"2025-11-02 01:15:46",2409,2222,75694,0,,5.15,58.7,5.98,24.95,,0.7
"2025-11-02 01:15:47",2410,2223,75688,-38.172492,-72.665862,4.25,74.4,5.98,24.9,,0.7
"2025-11-02 01:15:48",2411,2224,75681,0,,5.55,68.6,5.99,24.85,,0.7
"2025-11-02 01:15:49",2412,2225,75674,0,,4.25,57.5,5.99,24.8,,0.7
"2025-11-02 01:15:50",2412,2225,75668,-38.172442,-72.665712,4.8,71.5,5.97,24.75,8.5,0.7
"2025-11-02 01:15:52",2414,2227,75653,0,,4.35,68.2,5.97,24.7,,0.7
"2025-11-02 01:15:53",2415,2228,75646,-38.17239,-72.665548,5.5,74.7,5.97,24.65,,0.8
"2025-11-02 01:15:56",2416,2229,75634,-38.172338,-72.665393,5.4,63.7,5.99,24.5,,0.7
"2025-11-02 01:15:58",2418,2231,75619,0,,5.2,70.5,5.99,24.45,,0.7
"2025-11-02 01:15:59",2418,2231,75612,-38.172275,-72.665233,5.9,62.5,5.98,24.4,,0.7
"2025-11-02 01:16:01",2420,2233,75600,0,,4.6,63.7,5.96,24.3,,0.7
"2025-11-02 01:16:02",2420,2233,75594,-38.172215,-72.665078,4.9,57.8,5.97,24.3,,0.7
"2025-11-02 01:16:04",2422,2235,75581,0,,5.75,69.8,5.98,24.2,,0.6
"2025-11-02 01:16:05",2422,2235,75576,-38.172147,-72.66486,4.9,62.5,5.98,24.15,,0.6
"2025-11-02 01:16:06",2423,2236,75570,0,,,,5.98,24.05,,0.6
"2025-11-02 01:16:07",2424,2237,75564,0,,,,5.98,24,,0.6
"2025-11-02 01:16:08",2424,2237,75558,0,,,,5.98,23.9,,0.7
"2025-11-02 01:16:09",2425,2238,75550,0,,,,5.98,23.75,,0.7
"2025-11-02 01:16:10",2426,2239,75543,0,,,,5.99,23.75,,0.7
"2025-11-02 01:16:11",2427,2240,75536,0,,,,5.99,23.6,,0.7
"2025-11-02 01:16:13",2428,2241,75524,0,,5.95,69.9,6.01,23.25,,0.7
"2025-11-02 01:16:14",2429,2242,75518,-38.172005,-72.664417,5,74.6,6.02,23,,0.7
"2025-11-02 01:16:15",2430,2243,75510,0,,4.85,69.2,6.03,22.75,,0.7
"2025-11-02 01:16:16",2430,2243,75503,0,,4.85,69.2,6.04,22.55,,0.7
"2025-11-02 01:16:17",2431,2244,75496,-38.171963,-72.664262,5.75,72,6.04,22.35,8.5,0.7
"2025-11-02 01:16:18",2432,2245,75490,0,,5.8,72,6.05,22.15,,0.7
"2025-11-02 01:16:19",2432,2245,75484,0,,4.3,75.5,6.05,21.95,,0.7
"2025-11-02 01:16:20",2433,2246,75478,-38.171917,-72.664103,5.65,67.4,6.06,21.75,,0.7
"2025-11-02 01:16:21",2434,2247,75471,0,,,,6.06,21.6,,0.7
"2025-11-02 01:16:22",2434,2247,75465,0,,,,6.07,21.4,,0.7
"2025-11-02 01:16:23",2435,2248,75460,0,,,,6.08,21.25,,0.7
"2025-11-02 01:16:24",2436,2249,75453,0,,4.5,68.9,6.07,21.1,,0.7
"2025-11-02 01:16:25",2436,2249,75447,0,,4.5,68.9,6.08,21,,0.7
"2025-11-02 01:16:26",2437,2250,75442,-38.171817,-72.663787,5.55,61.5,6.11,20.85,,0.7
"2025-11-02 01:16:27",2438,2251,75435,0,,4.3,76.6,6.12,20.75,,0.7
"2025-11-02 01:16:28",2438,2251,75428,0,,4.3,76.6,6.11,20.6,,0.7
"2025-11-02 01:16:29",2439,2252,75422,-38.171773,-72.663632,4.75,56.8,6.12,20.5,,0.7
"2025-11-02 01:16:30",2440,2253,75416,0,,4.65,78.5,6.13,20.3,,0.7
"2025-11-02 01:16:31",2440,2253,75410,0,,5.3,66.8,6.12,20.15,,0.7
"2025-11-02 01:16:32",2441,2254,75404,-38.171728,-72.66348,4.1,61.5,6.13,20,,0.7
"2025-11-02 01:16:33",2442,2255,75398,0,,5.2,78.9,6.14,19.9,,0.7
"2025-11-02 01:16:34",2442,2255,75392,0,,4.95,65.7,6.14,19.75,,0.7
"2025-11-02 01:16:35",2443,2256,75386,-38.171688,-72.663332,3.9,75.7,6.15,19.65,,0.7
"2025-11-02 01:16:36",2444,2257,75378,0,,5.15,76.2,6.16,19.55,,0.7
"2025-11-02 01:16:37",2445,2258,75371,0,,4,64.3,6.16,19.45,,0.7
"2025-11-02 01:16:38",2445,2258,75364,-38.171652,-72.66319,4.15,76.5,6.15,19.35,,0.7
"2025-11-02 01:16:39",2446,2259,75355,0,,5.1,64.8,6.17,19.25,,0.7
"2025-11-02 01:16:40",2447,2260,75347,0,,3.9,63.7,6.17,19.2,,0.7
"2025-11-02 01:16:41",2448,2261,75340,-38.171607,-72.663048,4.9,74.9,6.16,19.1,,0.7
"2025-11-02 01:16:45",2450,2263,75318,0,,4.2,56.3,6.18,18.95,,0.7
"2025-11-02 01:16:46",2451,2264,75313,0,,4,75.8,6.19,18.95,,0.7
"2025-11-02 01:16:47",2452,2265,75308,-38.171523,-72.662765,5.25,68.5,6.2,18.95,,0.7
"2025-11-02 01:16:48",2453,2266,75298,0,,3.6,67.4,6.2,18.95,,0.7
"2025-11-02 01:16:49",2454,2267,75288,0,,3.6,67.4,6.2,18.9,,0.8
"2025-11-02 01:16:50",2455,2268,75278,-38.171483,-72.662632,4.5,62.1,6.21,18.9,,0.8
"2025-11-02 01:16:51",2456,2269,75271,0,,3.5,75,6.22,18.9,,0.8
"2025-11-02 01:16:52",2456,2269,75265,0,,3.5,75,6.21,18.9,,0.8
"2025-11-02 01:16:53",2457,2270,75260,-38.171447,-72.662502,3.55,53.7,6.21,18.85,,0.7
"2025-11-02 01:16:56",2459,2272,75240,-38.171412,-72.662377,2.95,68.4,6.22,18.9,,0.7
"2025-11-02 01:16:57",2460,2273,75232,0,,4.2,82.1,6.23,18.95,,0.7
"2025-11-02 01:16:58",2461,2274,75225,0,,3.65,63.4,6.24,18.95,,0.8
"2025-11-02 01:16:59",2461,2274,75218,-38.171385,-72.662263,2.6,77.1,6.23,19,,0.8
"2025-11-02 01:17:00",2462,2275,75211,0,,4.35,71.3,6.22,19,,0.8
"2025-11-02 01:17:01",2463,2276,75205,0,,2.9,59.5,6.22,19.15,,0.7
"2025-11-02 01:17:02",2463,2276,75200,-38.171353,-72.662157,3.15,81.8,6.22,19.25,,0.7
"2025-11-02 01:17:03",2464,2277,75190,0,,3.75,66.1,6.22,19.4,,0.7
"2025-11-02 01:17:04",2465,2278,75181,0,,2.2,83.8,6.24,19.55,,0.8
"2025-11-02 01:17:05",2466,2279,75172,-38.171335,-72.662055,3.5,81.6,6.24,19.65,,0.8
"2025-11-02 01:17:06",2467,2280,75164,0,,3.35,55.7,6.27,19.7,,0.8
"2025-11-02 01:17:07",2468,2281,75156,0,,2.95,90.7,6.28,19.75,,0.8
"2025-11-02 01:17:08",2469,2282,75148,-38.171312,-72.661947,3.85,77.5,6.28,19.8,,0.8
"2025-11-02 01:17:09",2470,2283,75141,0,,2.5,69.5,6.28,19.8,,0.8
"2025-11-02 01:17:10",2470,2283,75135,0,,3.85,84.7,6.27,19.85,,0.8
"2025-11-02 01:17:11",2471,2284,75130,-38.171288,-72.661837,3.5,64.9,6.27,19.9,8.25,0.8
"2025-11-02 01:17:12",2472,2285,75122,0,,3.05,86.2,6.26,19.95,,0.8
"2025-11-02 01:17:13",2473,2286,75115,0,,4.25,81.8,6.26,20,,0.8
"2025-11-02 01:17:14",2473,2286,75108,-38.17127,-72.661722,2.65,66.2,6.27,20.1,,0.8
"2025-11-02 01:17:15",2474,2287,75099,0,,3.25,95.8,6.27,20.2,,0.8
"2025-11-02 01:17:16",2475,2288,75091,0,,3.5,73.1,6.26,20.2,,0.8
"2025-11-02 01:17:17",2476,2289,75084,-38.171258,-72.66158,2.45,86.2,6.24,20.25,,0.8
"2025-11-02 01:17:18",2477,2290,75075,0,,2.45,86.2,6.23,20.25,,0.8
"2025-11-02 01:17:19",2478,2291,75066,0,,3.05,80.7,6.22,20.25,,0.8
"2025-11-02 01:17:20",2479,2292,75058,-38.171255,-72.661508,2.25,100.2,6.2,20.2,,0.8
"2025-11-02 01:17:21",2480,2293,75051,0,,4,84,6.2,20.15,,0.8
"2025-11-02 01:17:22",2480,2293,75045,0,,3.05,79.6,6.19,20.1,,0.8
"2025-11-02 01:17:23",2481,2294,75040,-38.171252,-72.661402,2.65,101.9,6.18,20,,0.8
"2025-11-02 01:17:25",2483,2296,75017,0,,2.8,85,6.15,19.95,,0.9
"2025-11-02 01:17:26",2485,2298,75006,-38.171245,-72.661297,3.35,101,6.15,19.9,,0.9
"2025-11-02 01:17:27",2485,2298,74999,0,,3.1,78,6.13,19.9,,0.9
"2025-11-02 01:17:28",2486,2299,74993,0,,2.45,104.5,6.13,19.85,,0.9
"2025-11-02 01:17:29",2487,2300,74988,-38.171248,-72.661197,3.25,85.7,6.12,19.85,,0.9
"2025-11-02 01:17:30",2487,2300,74980,0,,2.5,73,6.11,19.85,,0.9
"2025-11-02 01:17:31",2488,2301,74973,0,,3.2,96.2,6.08,19.9,,0.9
"2025-11-02 01:17:32",2489,2302,74966,-38.171243,-72.661095,3.75,89.8,6.08,19.95,,0.8
"2025-11-02 01:17:33",2490,2303,74956,0,,3,97.6,6.08,20.05,,0.9
"2025-11-02 01:17:34",2491,2304,74947,0,,3,97.6,6.07,20.05,,0.9
"2025-11-02 01:17:35",2492,2305,74938,-38.17125,-72.660987,2.8,80.3,6.06,20.15,,0.9
"2025-11-02 01:17:36",2493,2306,74929,0,,2.35,96.1,6.06,20.15,,0.9
"2025-11-02 01:17:37",2494,2307,74921,0,,3.15,77.2,6.05,20.2,,0.9
"2025-11-02 01:17:38",2495,2308,74914,-38.171242,-72.660893,2.8,73.4,6.04,20.2,8.25,0.8
"2025-11-02 01:17:39",2496,2309,74904,0,,3.05,96.7,6.03,20.2,,0.9
"2025-11-02 01:17:40",2497,2310,74895,0,,3.35,73.4,6.02,20.2,,0.9
"2025-11-02 01:17:41",2498,2311,74886,-38.171235,-72.660792,2.55,88.5,6.02,20.2,,0.9
"2025-11-02 01:17:42",2499,2312,74878,0,,3.55,99.9,6.01,20.25,,0.9
"2025-11-02 01:17:43",2499,2312,74871,0,,3.55,77.9,6.01,20.25,,0.9
"2025-11-02 01:17:44",2500,2313,74864,-38.17124,-72.660682,2.9,99.8,6,20.3,,0.9
"2025-11-02 01:17:45",2501,2314,74854,0,,3.55,97.9,5.99,20.25,,0.9
"2025-11-02 01:17:46",2502,2315,74844,0,,2.75,79.7,5.99,20.3,,1
"2025-11-02 01:17:47",2504,2317,74834,-38.171248,-72.660548,2.6,100.4,5.98,20.3,,1
"2025-11-02 01:17:48",2505,2318,74825,0,,2.75,89.8,5.98,20.35,,1
"2025-11-02 01:17:49",2505,2318,74816,0,,2.75,89.8,5.96,20.35,,1
"2025-11-02 01:17:50",2506,2319,74808,-38.171257,-72.660447,3.25,105.9,5.96,20.45,,1
"2025-11-02 01:17:51",2507,2320,74798,0,,2.75,92.3,5.94,20.55,,1
"2025-11-02 01:17:52",2508,2321,74789,0,,2.75,92.3,5.94,20.55,,1
"2025-11-02 01:17:53",2509,2322,74780,-38.171257,-72.660387,2.45,103.1,5.93,20.6,,1
"2025-11-02 01:17:56",2512,2325,74758,-38.171265,-72.6603,2.75,113.8,5.92,20.7,,1
"2025-11-02 01:17:57",2513,2326,74749,0,,2.7,81.9,5.92,20.7,,1
"2025-11-02 01:17:58",2514,2327,74740,0,,3.25,90,5.91,20.75,,0.9
"2025-11-02 01:17:59",2515,2328,74732,-38.171268,-72.660205,2.25,101.9,5.91,20.75,,0.9
"2025-11-02 01:18:00",2515,2328,74725,0,,,,5.9,20.75,,0.9
"2025-11-02 01:18:01",2516,2329,74718,0,,,,5.9,20.75,,0.9
"2025-11-02 01:18:02",2517,2330,74712,0,,,,5.89,20.75,,0.9
"2025-11-02 01:18:03",2518,2331,74703,0,,,,5.87,20.7,,0.9
"2025-11-02 01:18:04",2519,2332,74694,0,,,,5.85,20.75,,0.9
"2025-11-02 01:18:05",2520,2333,74686,0,,,,5.85,20.8,8.25,0.9
"2025-11-02 01:18:06",2521,2334,74675,0,,,,5.85,20.85,,0.9
"2025-11-02 01:18:07",2522,2335,74664,0,,,,5.85,21,,0.9
"2025-11-02 01:18:08",2523,2336,74654,0,,,,5.85,21.1,,0.9
"2025-11-02 01:18:09",2524,2337,74645,0,,3.15,92.2,5.85,21.25,,0.9
"2025-11-02 01:18:10",2525,2338,74636,0,,1.5,114.9,5.85,21.35,,0.9
"2025-11-02 01:18:11",2526,2339,74628,-38.17131,-72.659853,2.4,91.3,5.85,21.4,,0.9
"2025-11-02 01:18:12",2527,2340,74617,0,,2.4,91.3,5.85,21.45,,1
"2025-11-02 01:18:13",2528,2341,74607,0,,1.1,102.3,5.85,21.55,,1
"2025-11-02 01:18:14",2529,2342,74598,-38.171317,-72.659808,2.65,92,5.84,21.6,,1
"2025-11-02 01:18:15",2530,2343,74588,0,,2.8,102.5,5.84,21.65,,1
"2025-11-02 01:18:16",2531,2344,74579,0,,1.2,99.3,5.84,21.7,,1.1
"2025-11-02 01:18:17",2532,2345,74570,-38.171327,-72.65973,2.8,101.4,5.84,21.75,,1.1
"2025-11-02 01:18:18",2533,2346,74560,0,,2.4,111.4,5.84,21.8,,1
"2025-11-02 01:18:19",2534,2347,74551,0,,2.1,80.5,5.84,21.85,,1
"2025-11-02 01:18:20",2535,2348,74542,-38.171338,-72.659645,3.1,106.3,5.84,21.9,,1
"2025-11-02 01:18:21",2536,2349,74533,0,,,,5.84,21.9,,1
"2025-11-02 01:18:22",2537,2350,74524,0,,,,5.84,21.95,,1
"2025-11-02 01:18:23",2538,2351,74516,0,,,,5.84,21.95,,1
"2025-11-02 01:18:26",2543,2356,74476,-38.171362,-72.659495,2.15,129,5.77,22.05,,1.1
"2025-11-02 01:18:28",2545,2358,74455,0,,3.05,100.1,5.74,22.05,,1.1
"2025-11-02 01:18:29",2546,2359,74446,-38.171373,-72.659422,1.2,105.8,5.73,22.1,,1.1
"2025-11-02 01:18:31",2548,2361,74424,0,,2.55,116.5,5.72,22.15,,1.2
"2025-11-02 01:18:32",2550,2363,74414,-38.171383,-72.659355,1.2,80.7,5.7,22.15,8,1.2
"2025-11-02 01:18:34",2552,2365,74395,0,,2.15,122.3,5.69,22.15,,1.2
"2025-11-02 01:18:35",2553,2366,74386,-38.171393,-72.65928,2.4,75.5,5.67,22.15,,1.2
"2025-11-02 01:18:37",2555,2368,74362,0,,1.2,92.4,5.64,22.2,,1.2
"2025-11-02 01:18:38",2557,2370,74350,-38.171397,-72.659215,2.5,90,5.63,22.2,,1.2
"2025-11-02 01:18:40",2559,2372,74327,0,,1.95,83.3,5.61,22.25,,1.2
"2025-11-02 01:18:41",2560,2373,74316,-38.171407,-72.659148,2.65,109,5.61,22.3,,1.2
"2025-11-02 01:18:43",2563,2376,74289,0,,2.4,92.3,5.59,22.35,,1.2
"2025-11-02 01:18:44",2565,2378,74276,-38.171418,-72.659087,1.85,128.3,5.58,22.35,,1.3
"2025-11-02 01:18:45",2566,2379,74265,0,,1.65,82.3,5.56,22.35,,1.3
"2025-11-02 01:18:46",2567,2380,74255,0,,2.75,106.3,5.55,22.35,,1.2
"2025-11-02 01:18:47",2568,2381,74246,-38.171428,-72.659025,0.1,106.3,5.54,22.35,,1.3
"2025-11-02 01:18:48",2569,2382,74236,0,,2.4,90.1,5.54,22.4,,1.3
"2025-11-02 01:18:49",2570,2383,74226,0,,2.15,116.5,5.53,22.4,,1.3
"2025-11-02 01:18:50",2571,2384,74216,-38.171433,-72.65896,1.7,68.8,5.52,22.45,,1.2
"2025-11-02 01:18:51",2573,2386,74204,0,,2.5,100.5,5.5,22.4,,1.2
"2025-11-02 01:18:52",2574,2387,74193,0,,1.35,118.9,5.49,22.45,,1.2
"2025-11-02 01:18:53",2575,2388,74182,-38.17144,-72.658893,2.5,81.7,5.47,22.45,,1.2
"2025-11-02 01:18:55",2578,2391,74156,0,,1.7,79.6,5.45,22.55,,1.2
"2025-11-02 01:18:56",2579,2392,74144,-38.171447,-72.658822,2.8,97.9,5.45,22.55,,1.2
"2025-11-02 01:18:57",2581,2394,74131,0,,1,115.6,5.45,22.55,,1.2
"2025-11-02 01:18:58",2582,2395,74119,0,,2.2,85.1,5.44,22.55,,1.3
"2025-11-02 01:18:59",2583,2396,74108,-38.171457,-72.65876,2.45,112.9,5.43,22.6,8,1.3
"2025-11-02 01:19:00",2585,2398,74095,0,,1.35,79.7,5.41,22.6,,1.3
"2025-11-02 01:19:01",2586,2399,74083,0,,2.7,95.5,5.41,22.65,,1.3
"2025-11-02 01:19:02",2587,2400,74072,-38.171463,-72.658695,1.6,119,5.38,22.65,,1.3
"2025-11-02 01:19:03",2589,2402,74061,0,,2.25,70.2,5.38,22.65,,1.3
"2025-11-02 01:19:04",2590,2403,74050,0,,2.25,105.3,5.35,22.65,,1.3
"2025-11-02 01:19:05",2591,2404,74040,-38.171463,-72.658635,0.1,105.3,5.34,22.65,,1.3
"2025-11-02 01:19:06",2593,2406,74024,0,,0.1,105.3,5.33,22.7,,1.3
"2025-11-02 01:19:07",2594,2407,74009,0,,2,122.6,5.32,22.7,,1.4
"2025-11-02 01:19:08",2596,2409,73994,-38.171472,-72.658575,1.6,75.1,5.3,22.7,,1.4
"2025-11-02 01:19:09",2597,2410,73981,0,,2.65,94.8,5.29,22.7,,1.4
"2025-11-02 01:19:10",2599,2412,73968,0,,1.65,122.9,5.28,22.7,,1.4
"2025-11-02 01:19:11",2600,2413,73956,-38.171478,-72.658508,2.2,72.5,5.28,22.75,,1.4
"2025-11-02 01:19:12",2601,2414,73944,0,,2.35,110.9,5.28,22.75,,1.4
"2025-11-02 01:19:13",2603,2416,73933,0,,1.1,96.5,5.28,22.75,,1.4
"2025-11-02 01:19:14",2604,2417,73922,-38.171485,-72.658443,2.4,87,5.27,22.75,,1.4
"2025-11-02 01:19:15",2605,2418,73909,0,,1.8,132,5.25,22.8,,1.4
"2025-11-02 01:19:16",2607,2420,73896,0,,1.65,87.5,5.24,22.8,,1.4
"2025-11-02 01:19:17",2608,2421,73884,-38.171497,-72.658378,2.7,102.9,5.23,22.85,,1.4
"2025-11-02 01:19:18",2610,2423,73870,0,,1.6,112.3,5.22,22.85,,1.4
"2025-11-02 01:19:19",2611,2424,73857,0,,2.1,74.9,5.19,22.85,,1.4
"2025-11-02 01:19:20",2613,2426,73844,-38.171502,-72.658312,2.1,100.6,5.19,22.9,,1.4
"2025-11-02 01:19:21",2614,2427,73831,0,,2.1,100.6,5.18,22.9,,1.4
"2025-11-02 01:19:22",2615,2428,73818,0,,2.6,82.1,5.17,22.9,,1.4
"2025-11-02 01:19:23",2617,2430,73806,-38.171508,-72.658242,1.8,97.8,5.15,22.9,,1.4
"2025-11-02 01:19:26",2621,2434,73766,-38.17151,-72.658182,1.6,124.8,5.11,22.9,7.75,1.4
"2025-11-02 01:19:27",2623,2436,73751,0,,1.6,124.8,5.1,22.95,,1.5
"2025-11-02 01:19:28",2624,2437,73737,0,,2.9,93.1,5.09,22.95,,1.5
"2025-11-02 01:19:29",2626,2439,73724,-38.17152,-72.658115,1.3,114,5.08,22.95,,1.5
"2025-11-02 01:19:30",2627,2440,73712,0,,1.8,81.1,5.07,22.95,,1.5
"2025-11-02 01:19:31",2629,2442,73700,0,,2.65,100.7,5.04,22.95,,1.5
"2025-11-02 01:19:32",2630,2443,73688,-38.171523,-72.658055,0.05,100.7,5.03,23,,1.4
"2025-11-02 01:19:33",2632,2445,73672,0,,2.15,84.2,5.02,23,,1.5
"2025-11-02 01:19:34",2633,2446,73657,0,,2.3,116.1,5,23,,1.5
"2025-11-02 01:19:35",2635,2448,73642,-38.171528,-72.657995,1.4,75,4.99,23.05,,1.5
"2025-11-02 01:19:36",2637,2450,73628,0,,2.7,88.4,4.98,23.05,,1.5
"2025-11-02 01:19:37",2638,2451,73615,0,,1.7,113.5,4.96,23.05,,1.5
"2025-11-02 01:19:38",2640,2453,73602,-38.171528,-72.657925,2,70,4.95,23.05,,1.5
"2025-11-02 01:19:39",2641,2454,73587,0,,2.45,98.4,4.94,23.1,,1.5
"2025-11-02 01:19:40",2643,2456,73572,0,,1.05,105,4.93,23.1,,1.5
"2025-11-02 01:19:41",2644,2457,73558,-38.171533,-72.657835,2.4,85,4.92,23.1,,1.5
"2025-11-02 01:19:42",2646,2459,73545,0,,2.45,85,4.9,23.15,,1.5
"2025-11-02 01:19:43",2647,2460,73532,0,,1.5,67,4.9,23.15,,1.5
"2025-11-02 01:19:44",2649,2462,73520,-38.171538,-72.657772,2.5,99.2,4.9,23.15,,1.5
"2025-11-02 01:19:45",2650,2463,73507,0,,2.5,99.2,4.9,23.15,,1.6
"2025-11-02 01:19:46",2652,2465,73494,0,,2.4,70.9,4.88,23.15,,1.5
"2025-11-02 01:19:47",2653,2466,73482,-38.171538,-72.657725,2,103.8,4.85,23.15,,1.5
"2025-11-02 01:19:48",2655,2468,73466,0,,2,103.8,4.83,23.2,,1.5
"2025-11-02 01:19:49",2656,2469,73452,0,,2.85,98.8,4.82,23.2,,1.5
"2025-11-02 01:19:50",2658,2471,73438,-38.171545,-72.657662,1.4,109.5,4.8,23.2,,1.5
"2025-11-02 01:19:51",2659,2472,73424,0,,2.25,72,4.79,23.25,,1.5
"2025-11-02 01:19:52",2661,2474,73411,0,,2.25,111,4.78,23.25,,1.5
"2025-11-02 01:19:53",2662,2475,73398,-38.171545,-72.657602,0.1,111,4.76,23.25,7.5,1.5
"2025-11-02 01:19:55",2665,2478,73374,0,,1.6,117.9,4.74,23.25,,1.5
"2025-11-02 01:19:56",2666,2479,73362,-38.171548,-72.657547,1.65,61.9,4.72,23.25,,1.5
"2025-11-02 01:19:57",2668,2481,73348,0,,2.3,105.2,4.72,23.25,,1.5
"2025-11-02 01:19:58",2669,2482,73335,0,,0.1,105.2,4.7,23.3,,1.5
"2025-11-02 01:19:59",2671,2484,73322,-38.17155,-72.657488,2.2,83.3,4.69,23.3,,1.5
"2025-11-02 01:20:00",2672,2485,73307,0,,1.6,122.6,4.68,23.3,,1.5
"2025-11-02 01:20:01",2674,2487,73292,0,,1.75,76.8,4.67,23.35,,1.5
"2025-11-02 01:20:02",2676,2489,73278,-38.171557,-72.657428,2.6,97.3,4.66,23.35,,1.5
"2025-11-02 01:20:03",2677,2490,73262,0,,0.1,97.3,4.65,23.35,,1.5
"2025-11-02 01:20:04",2679,2492,73247,0,,1.95,76.5,4.64,23.35,,1.5
"2025-11-02 01:20:05",2681,2494,73232,-38.171558,-72.657373,1.6,110.2,4.63,23.4,,1.5
"2025-11-02 01:20:06",2682,2495,73219,0,,1.05,88,4.61,23.35,,1.5
"2025-11-02 01:20:07",2684,2497,73206,0,,2.2,100.7,4.6,23.35,,1.6
"2025-11-02 01:20:08",2685,2498,73194,-38.171567,-72.65732,1.55,119.1,4.59,23.35,,1.6
"2025-11-02 01:20:09",2686,2499,73180,0,,1.8,68.2,4.58,23.35,,1.6
"2025-11-02 01:20:10",2688,2501,73167,0,,1.95,104.7,4.57,23.35,,1.6
"2025-11-02 01:20:11",2689,2502,73154,-38.17157,-72.657267,1,125.9,4.57,23.35,,1.6
"2025-11-02 01:20:12",2691,2504,73140,0,,2.35,78.4,4.56,23.35,,1.6
"2025-11-02 01:20:13",2692,2505,73127,0,,1.8,112.8,4.55,23.35,,1.5
"2025-11-02 01:20:14",2694,2507,73114,-38.171575,-72.657212,0.1,112.8,4.52,23.35,,1.5
"2025-11-02 01:20:15",2695,2508,73100,0,,2.75,96.8,4.51,23.35,,1.5
"2025-11-02 01:20:16",2697,2510,73087,0,,1.45,117.9,4.49,23.35,,1.5
"2025-11-02 01:20:17",2698,2511,73074,-38.17158,-72.657153,1.65,60.8,4.48,23.35,,1.5
"2025-11-02 01:20:18",2700,2513,73059,0,,1.65,60.8,4.45,23.35,,1.5
"2025-11-02 01:20:19",2702,2515,73044,0,,1.15,109,4.43,23.35,,1.5
"2025-11-02 01:20:20",2703,2516,73030,-38.171585,-72.657098,2.4,83.5,4.43,23.35,7.25,1.5
"2025-11-02 01:20:21",2705,2518,73018,0,,1.6,124.2,4.43,23.35,,1.5
"2025-11-02 01:20:22",2706,2519,73006,0,,1.6,78.7,4.43,23.35,,1.5
"2025-11-02 01:20:23",2707,2520,72994,-38.171595,-72.657037,2.55,103.9,4.41,23.35,,1.5
"2025-11-02 01:20:26",2712,2525,72950,-38.171603,-72.656978,1.9,114.7,4.37,23.4,,1.5
"2025-11-02 01:20:27",2714,2527,72935,0,,1.55,78.4,4.36,23.4,,1.5
"2025-11-02 01:20:28",2715,2528,72921,0,,2.5,101.1,4.34,23.4,,1.5
"2025-11-02 01:20:29",2717,2530,72908,-38.171607,-72.656918,1.1,116.2,4.33,23.45,,1.5
"2025-11-02 01:20:30",2719,2532,72893,0,,2.5,78.7,4.31,23.4,,1.6
"2025-11-02 01:20:31",2720,2533,72878,0,,1.8,113.3,4.28,23.4,,1.6
"2025-11-02 01:20:32",2722,2535,72864,-38.171608,-72.65686,1.4,71,4.28,23.45,,1.6
"2025-11-02 01:20:33",2723,2536,72849,0,,2.7,93.9,4.27,23.45,,1.6
"2025-11-02 01:20:34",2725,2538,72835,0,,1.1,125.6,4.25,23.5,,1.6
"2025-11-02 01:20:35",2727,2540,72822,-38.171612,-72.656803,1.9,76.9,4.24,23.5,,1.6
"2025-11-02 01:20:36",2728,2541,72809,0,,2.5,110.9,4.22,23.55,,1.6
"2025-11-02 01:20:37",2729,2542,72796,0,,1.55,78.1,4.21,23.55,,1.6
"2025-11-02 01:20:38",2731,2544,72784,-38.171617,-72.656733,2.5,84.7,4.19,23.6,,1.5
"2025-11-02 01:20:39",2732,2545,72770,0,,1.4,113.6,4.16,23.55,,1.5
"2025-11-02 01:20:40",2734,2547,72756,0,,2.2,60.1,4.16,23.6,,1.5
"2025-11-02 01:20:41",2736,2549,72742,-38.171607,-72.656675,2.2,95.1,4.16,23.6,,1.6
"2025-11-02 01:20:42",2737,2550,72728,0,,0.1,95.1,4.14,23.65,,1.5
"2025-11-02 01:20:43",2739,2552,72715,0,,0.2,95.1,4.12,23.65,,1.5
"2025-11-02 01:20:44",2740,2553,72702,-38.171608,-72.656625,2.4,96.1,4.11,23.65,,1.5
"2025-11-02 01:20:45",2742,2555,72688,0,,1.45,73.8,4.1,23.65,,1.5
"2025-11-02 01:20:46",2743,2556,72674,0,,1.85,85.4,4.09,23.65,,1.5
"2025-11-02 01:20:47",2745,2558,72660,-38.171607,-72.656562,2.25,109.3,4.08,23.65,7,1.5
"2025-11-02 01:20:48",2746,2559,72645,0,,1.8,60.2,4.07,23.65,,1.5
"2025-11-02 01:20:49",2748,2561,72630,0,,1.9,85.7,4.06,23.65,,1.5
"2025-11-02 01:20:50",2750,2563,72616,-38.171603,-72.6565,1.75,111.4,4.04,23.65,,1.6
"2025-11-02 01:20:52",2753,2566,72587,0,,1.85,100.7,4,23.7,,1.6
"2025-11-02 01:20:53",2754,2567,72574,-38.171603,-72.656442,1.3,111.2,3.98,23.7,,1.6
"2025-11-02 01:20:56",2759,2572,72534,-38.171602,-72.656382,1.35,75.9,3.93,23.8,,1.6
"2025-11-02 01:20:58",2762,2575,72506,0,,1.5,114.5,3.91,23.8,,1.6
"2025-11-02 01:20:59",2764,2577,72492,-38.171603,-72.656318,2.35,72.1,3.89,23.85,,1.6
"2025-11-02 01:21:01",2766,2579,72469,0,,1.2,86.8,3.86,23.9,,1.5
"2025-11-02 01:21:02",2768,2581,72458,-38.171598,-72.65625,2,88.3,3.85,23.9,,1.5
"2025-11-02 01:21:04",2771,2584,72428,0,,1.5,67,3.82,23.95,,1.5
"2025-11-02 01:21:05",2772,2585,72414,-38.171592,-72.656185,2.35,79.7,3.81,23.95,,1.5
"2025-11-02 01:21:07",2776,2589,72385,0,,1.7,65.3,3.78,23.95,,1.5
"2025-11-02 01:21:08",2777,2590,72372,-38.171587,-72.656115,2.55,86.6,3.76,24,,1.5
"2025-11-02 01:21:10",2780,2593,72346,0,,2.3,58.6,3.75,24,,1.5
"2025-11-02 01:21:11",2781,2594,72334,-38.171578,-72.656048,2.2,94,3.72,24.05,,1.5
"2025-11-02 01:21:13",2785,2598,72303,0,,2.4,77.9,3.69,24.05,,1.6
"2025-11-02 01:21:14",2787,2600,72288,-38.171575,-72.655988,2.05,111.5,3.68,24.1,7,1.6
"2025-11-02 01:21:15",2788,2601,72273,0,,1.65,81.6,3.67,24.05,,1.6
"2025-11-02 01:21:16",2790,2603,72259,0,,2.85,75.7,3.65,24.05,,1.6
"2025-11-02 01:21:17",2791,2604,72246,-38.171567,-72.655923,1.45,88,3.64,24.1,,1.6
"2025-11-02 01:21:18",2793,2606,72233,0,,2.05,68,3.63,24.1,,1.6
"2025-11-02 01:21:19",2794,2607,72219,0,,2.7,95.9,3.62,24.1,,1.6
"2025-11-02 01:21:20",2796,2609,72206,-38.171562,-72.655857,1.5,77,3.6,24.1,,1.6
"2025-11-02 01:21:21",2797,2610,72194,0,,2.85,68.1,3.59,24.15,,1.5
"2025-11-02 01:21:22",2799,2612,72182,0,,2.1,98.1,3.57,24.15,,1.5
"2025-11-02 01:21:23",2800,2613,72170,-38.171548,-72.65579,1.4,60,3.56,24.15,,1.5
"2025-11-02 01:21:24",2802,2615,72155,0,,2.7,81.8,3.54,24.15,,1.6
"2025-11-02 01:21:25",2803,2616,72140,0,,1.85,101.3,3.53,24.15,,1.6
"2025-11-02 01:21:26",2805,2618,72126,-38.17154,-72.65572,2.45,60.2,3.51,24.15,,1.5
"2025-11-02 01:21:27",2807,2620,72112,0,,2.65,88.7,3.5,24.15,,1.5
"2025-11-02 01:21:28",2808,2621,72098,0,,1.2,83.6,3.49,24.2,,1.5
"2025-11-02 01:21:29",2810,2623,72084,-38.171528,-72.655653,2.45,69.5,3.48,24.2,,1.5
"2025-11-02 01:21:30",2811,2624,72071,0,,2.05,104.9,3.46,24.15,,1.5
"2025-11-02 01:21:31",2813,2626,72058,0,,1.35,99.1,3.45,24.15,,1.5
"2025-11-02 01:21:32",2814,2627,72046,-38.17153,-72.655587,2.75,81.5,3.43,24.2,,1.5
"2025-11-02 01:21:33",2815,2628,72033,0,,2.4,95.9,3.41,24.2,,1.5
"2025-11-02 01:21:34",2817,2630,72020,0,,2.25,71.7,3.4,24.2,,1.5
"2025-11-02 01:21:35",2818,2631,72008,-38.171517,-72.65551,1.85,72.7,3.38,24.2,,1.5
"2025-11-02 01:21:36",2820,2633,71990,0,,1.95,78.1,3.36,24.2,,1.6
"2025-11-02 01:21:37",2822,2635,71973,0,,2.6,85.4,3.35,24.2,,1.6
"2025-11-02 01:21:38",2824,2637,71956,-38.171505,-72.655437,2.35,85.9,3.33,24.25,,1.6
"2025-11-02 01:21:39",2826,2639,71940,0,,2.35,58.5,3.33,24.25,,1.6
"2025-11-02 01:21:40",2828,2641,71925,0,,2.75,77.5,3.32,24.25,,1.6
"2025-11-02 01:21:41",2829,2642,71910,-38.171488,-72.65536,2.1,92.8,3.3,24.25,7,1.6
"2025-11-02 01:21:42",2831,2644,71894,0,,2.6,61,3.3,24.25,,1.6
"2025-11-02 01:21:43",2833,2646,71879,0,,2.7,81.5,3.27,24.3,,1.7
"2025-11-02 01:21:44",2835,2648,71864,-38.171472,-72.655283,1.7,81.4,3.26,24.3,,1.7
"2025-11-02 01:21:45",2836,2649,71850,0,,3.05,62,3.26,24.25,,1.7
"2025-11-02 01:21:46",2838,2651,71837,0,,2.55,87.3,3.24,24.25,,1.7
"2025-11-02 01:21:47",2839,2652,71824,-38.171452,-72.655207,1.8,69.8,3.24,24.3,,1.7
"2025-11-02 01:21:48",2841,2654,71811,0,,2.85,71.3,3.23,24.35,,1.7
"2025-11-02 01:21:49",2842,2655,71798,0,,2.05,92.6,3.22,24.35,,1.6
"2025-11-02 01:21:50",2843,2656,71786,-38.171437,-72.655128,2.4,61.7,3.21,24.35,,1.6
"2025-11-02 01:21:51",2845,2658,71772,0,,3.35,81.4,3.2,24.35,,1.6
"2025-11-02 01:21:52",2847,2660,71758,0,,2.3,69,3.19,24.35,,1.6
"2025-11-02 01:21:53",2848,2661,71744,-38.171412,-72.65504,2.9,58.5,3.18,24.35,,1.6
"2025-11-02 01:21:56",2853,2666,71698,-38.171387,-72.654957,3.3,63.8,3.15,24.4,,1.6
"2025-11-02 01:21:57",2855,2668,71683,0,,2.8,87.9,3.13,24.4,,1.6
"2025-11-02 01:21:58",2857,2670,71668,0,,2.45,56.1,3.11,24.4,,1.6
"2025-11-02 01:21:59",2858,2671,71654,-38.171365,-72.654872,2.95,72.6,3.1,24.4,,1.6
"2025-11-02 01:22:00",2860,2673,71639,0,,2,87.1,3.08,24.4,,1.6
"2025-11-02 01:22:01",2862,2675,71624,0,,3,56.4,3.06,24.4,,1.6
"2025-11-02 01:22:02",2863,2676,71610,-38.171345,-72.65479,2.75,83.2,3.06,24.4,,1.7
"2025-11-02 01:22:03",2865,2678,71594,0,,1.75,69.3,3.05,24.4,,1.7
"2025-11-02 01:22:04",2867,2680,71578,0,,3.1,66.7,3.05,24.4,,1.7
"2025-11-02 01:22:05",2869,2682,71562,-38.171327,-72.654708,2.05,86.1,3.05,24.35,,1.7
"2025-11-02 01:22:06",2871,2684,71546,0,,2.2,63.6,3.05,24.35,,1.7
"2025-11-02 01:22:07",2872,2685,71532,0,,3.2,79.9,3.05,24.3,,1.7
"2025-11-02 01:22:08",2874,2687,71518,-38.171313,-72.654625,2.3,86.5,3.05,24.2,6.75,1.7
"2025-11-02 01:22:09",2875,2688,71503,0,,2.75,56.5,3.05,24.1,,1.7
"2025-11-02 01:22:10",2877,2690,71488,0,,2.95,82.1,3.05,24.05,,1.7
"2025-11-02 01:22:11",2879,2692,71474,-38.1713,-72.654542,2.1,97.2,3.05,23.95,,1.7
"2025-11-02 01:22:12",2880,2693,71459,0,,3.15,69.9,3.05,23.85,,1.7
"2025-11-02 01:22:13",2882,2695,71444,0,,3,95.1,3.05,23.75,,1.7
"2025-11-02 01:22:14",2884,2697,71430,-38.171295,-72.654448,2.45,77.9,3.05,23.65,,1.7
"2025-11-02 01:22:15",2886,2699,71415,0,,2.45,77.9,3.05,23.55,,1.7
"2025-11-02 01:22:16",2887,2700,71400,0,,2.65,84.8,3.05,23.55,,1.7
"2025-11-02 01:22:17",2889,2702,71386,-38.171278,-72.654355,2.45,81.2,3.05,23.55,,1.7
"2025-11-02 01:22:18",2890,2703,71372,0,,3.25,82.2,3.05,23.55,,1.7
"2025-11-02 01:22:19",2892,2705,71358,0,,2.55,95.3,3.05,23.5,,1.7
"2025-11-02 01:22:20",2894,2707,71344,-38.17127,-72.65426,3,66.8,3.05,23.4,,1.7
"2025-11-02 01:22:21",2895,2708,71328,0,,3.3,77.9,3.04,23.3,,1.7
"2025-11-02 01:22:22",2897,2710,71314,0,,2.1,74.9,3.04,23.25,,1.7
"2025-11-02 01:22:23",2899,2712,71300,-38.17125,-72.654167,2.85,76.1,3,23.15,,1.7
"2025-11-02 01:22:24",2901,2714,71282,0,,3.1,85.1,2.98,23.1,,1.7
"2025-11-02 01:22:25",2903,2716,71264,0,,2,71.3,2.94,23.05,,1.7
"2025-11-02 01:22:26",2905,2718,71246,-38.171235,-72.654075,3.55,78.7,2.93,23,,1.7
"2025-11-02 01:22:27",2906,2719,71232,0,,3.05,96.5,2.91,23,,1.7
"2025-11-02 01:22:28",2908,2721,71218,0,,2.75,67.7,2.9,22.95,,1.7
"2025-11-02 01:22:29",2910,2723,71204,-38.171223,-72.653968,3.9,82.6,2.88,22.85,,1.7
"2025-11-02 01:22:30",2911,2724,71189,0,,2.75,86.7,2.87,22.75,,1.7
"2025-11-02 01:22:31",2913,2726,71175,0,,2.9,66.2,2.86,22.75,,1.7
"2025-11-02 01:22:32",2914,2727,71162,-38.17121,-72.653865,3.3,91.3,2.83,22.7,,1.7
"2025-11-02 01:22:33",2916,2729,71149,0,,2.5,77.3,2.83,22.7,,1.7
"2025-11-02 01:22:34",2917,2730,71136,0,,3.75,68.9,2.81,22.65,,1.7
"2025-11-02 01:22:35",2919,2732,71124,-38.171193,-72.653763,2.95,96.6,2.8,22.6,6.5,1.7
"2025-11-02 01:22:36",2921,2734,71107,0,,2.65,76.1,2.79,22.6,,1.7
"2025-11-02 01:22:37",2922,2735,71091,0,,3.8,81.8,2.78,22.55,,1.7
"2025-11-02 01:22:38",2924,2737,71076,-38.171183,-72.653657,2.8,95.2,2.76,22.5,,1.6
"2025-11-02 01:22:39",2926,2739,71061,0,,,,2.75,22.5,,1.6
"2025-11-02 01:22:40",2927,2740,71047,0,,,,2.74,22.45,,1.6
"2025-11-02 01:22:41",2929,2742,71034,0,,,,2.73,22.45,,1.6
"2025-11-02 01:22:42",2931,2744,71020,0,,3.95,75.5,2.72,22.45,,1.6
"2025-11-02 01:22:43",2932,2745,71006,0,,3.75,86,2.68,22.4,,1.6
"2025-11-02 01:22:44",2934,2747,70992,-38.171148,-72.653437,2.7,69.3,2.67,22.4,,1.6
"2025-11-02 01:22:45",2935,2748,70978,0,,4.1,80.8,2.66,22.4,,1.6
"2025-11-02 01:22:46",2937,2750,70964,0,,2.75,87.5,2.65,22.4,,1.6
"2025-11-02 01:22:47",2939,2752,70950,-38.171132,-72.653327,3.55,67.9,2.63,22.4,,1.6
"2025-11-02 01:22:48",2940,2753,70935,0,,3.65,91.7,2.62,22.4,,1.7
"2025-11-02 01:22:49",2942,2755,70921,0,,2.55,79.6,2.61,22.4,,1.6
"2025-11-02 01:22:50",2943,2756,70908,-38.171123,-72.65321,4.25,78.8,2.59,22.35,,1.6
"2025-11-02 01:22:51",2945,2758,70891,0,,3.35,92.5,2.58,22.35,,1.6
"2025-11-02 01:22:52",2947,2760,70875,0,,3.45,69.2,2.57,22.35,,1.6
"2025-11-02 01:22:53",2949,2762,70860,-38.171105,-72.653087,4.2,84.5,2.54,22.35,,1.7
"2025-11-02 01:22:56",2953,2766,70820,-38.171087,-72.652973,3.65,91.1,2.51,22.35,,1.6
"2025-11-02 01:22:57",2955,2768,70805,0,,2.95,80.1,2.5,22.35,,1.6
"2025-11-02 01:22:58",2957,2770,70791,0,,4.1,72.5,2.48,22.35,,1.6
"2025-11-02 01:22:59",2958,2771,70778,-38.171067,-72.652852,3.7,80,2.47,22.35,,1.6
"2025-11-02 01:23:00",2960,2773,70762,0,,2.8,78.3,2.46,22.35,,1.7
"2025-11-02 01:23:01",2962,2775,70747,0,,4.35,81.2,2.45,22.4,,1.7
"2025-11-02 01:23:02",2964,2777,70732,-38.171048,-72.65273,3.95,76.7,2.44,22.4,6.25,1.7
"2025-11-02 01:23:03",2965,2778,70716,0,,2.95,69.7,2.43,22.4,,1.7
"2025-11-02 01:23:04",2967,2780,70701,0,,4.55,81.2,2.43,22.45,,1.7
"2025-11-02 01:23:05",2969,2782,70686,-38.171023,-72.652603,3.75,80.6,2.42,22.45,,1.7
"2025-11-02 01:23:06",2970,2783,70672,0,,2.8,71.1,2.41,22.4,,1.7
"2025-11-02 01:23:07",2972,2785,70659,0,,4.5,84.5,2.39,22.35,,1.6
"2025-11-02 01:23:08",2973,2786,70646,-38.171007,-72.65248,3.55,80.9,2.38,22.35,,1.7
"2025-11-02 01:23:09",2975,2788,70632,0,,3.3,65.4,2.38,22.35,,1.7
"2025-11-02 01:23:10",2977,2790,70618,0,,4.3,85.9,2.37,22.35,,1.7
"2025-11-02 01:23:11",2978,2791,70604,-38.170987,-72.652357,3.3,78,2.37,22.35,,1.7
"2025-11-02 01:23:12",2980,2793,70587,0,,,,2.36,22.35,,1.7
"2025-11-02 01:23:13",2982,2795,70570,0,,,,2.35,22.35,,1.7
"2025-11-02 01:23:14",2984,2797,70554,0,,,,2.34,22.35,,1.7
"2025-11-02 01:23:15",2986,2799,70539,0,,4.65,70,2.34,22.35,,1.7
"2025-11-02 01:23:16",2987,2800,70524,0,,3.7,82.3,2.33,22.35,,1.7
"2025-11-02 01:23:17",2989,2802,70510,-38.170932,-72.652107,3.7,62.3,2.33,22.35,,1.7
"2025-11-02 01:23:18",2991,2804,70497,0,,4.45,75.8,2.32,22.3,,1.7
"2025-11-02 01:23:19",2992,2805,70484,0,,3.6,79.6,2.31,22.2,,1.7
"2025-11-02 01:23:20",2993,2806,70472,-38.170898,-72.651973,4.6,66.8,2.3,22.1,,1.7
"2025-11-02 01:23:22",2997,2810,70442,0,,3.1,68.9,2.3,21.9,,1.7
"2025-11-02 01:23:23",2998,2811,70428,-38.17087,-72.651842,4.6,79.9,2.29,21.8,,1.7
"2025-11-02 01:23:26",3003,2816,70386,-38.170832,-72.6517,4.95,77.3,2.26,21.55,,1.6
"2025-11-02 01:23:28",3007,2820,70356,0,,5.1,66,2.24,21.4,,1.6
"2025-11-02 01:23:29",3008,2821,70342,-38.170805,-72.65156,4.35,86.7,2.23,21.35,6,1.6
"2025-11-02 01:23:31",3011,2824,70316,0,,4.8,77.5,2.2,21.25,,1.6
"2025-11-02 01:23:32",3013,2826,70304,-38.170775,-72.651422,4.2,81.5,2.19,21.15,,1.6
"2025-11-02 01:23:34",3016,2829,70274,0,,4.45,83.6,2.17,21.1,,1.6
"2025-11-02 01:23:35",3018,2831,70260,-38.170747,-72.651283,4,69.5,2.16,21.05,,1.6
"2025-11-02 01:23:37",3021,2834,70230,0,,5.45,75.9,2.15,20.95,,1.6
"2025-11-02 01:23:38",3023,2836,70216,-38.170713,-72.651133,4.85,65.6,2.13,20.85,,1.6
"2025-11-02 01:23:40",3026,2839,70185,0,,3.7,68.8,2.12,20.7,,1.7
"2025-11-02 01:23:41",3028,2841,70170,-38.17068,-72.650983,5.4,70.8,2.12,20.6,,1.7
"2025-11-02 01:23:42",3030,2843,70157,0,,4.4,82.1,2.12,20.5,,1.6
"2025-11-02 01:23:43",3031,2844,70144,0,,4.5,64.8,2.08,20.35,,1.6
"2025-11-02 01:23:44",3033,2846,70132,-38.170643,-72.650823,5.55,80.1,2.07,20.25,,1.6
"2025-11-02 01:23:45",3034,2847,70117,0,,4.1,72.7,2.06,20.1,,1.7
"2025-11-02 01:23:46",3036,2849,70102,0,,5.2,63.1,2.05,19.95,,1.7
"2025-11-02 01:23:47",3038,2851,70088,-38.170605,-72.650668,4.75,83.1,2.04,19.85,,1.7
"2025-11-02 01:23:48",3039,2852,70074,0,,4.15,66.3,2.03,19.75,,1.6
"2025-11-02 01:23:49",3041,2854,70061,0,,5.4,71.3,2.02,19.6,,1.6
"2025-11-02 01:23:50",3042,2855,70048,-38.170567,-72.650515,4.35,80.1,2.01,19.5,,1.6
"2025-11-02 01:23:51",3044,2857,70034,0,,4.4,80.1,2,19.4,,1.6
"2025-11-02 01:23:52",3046,2859,70020,0,,5.55,70.4,1.99,19.35,,1.6
"2025-11-02 01:23:53",3047,2860,70006,-38.170518,-72.650358,4.35,66.5,1.98,19.3,,1.6
"2025-11-02 01:23:55",3051,2864,69976,0,,5.1,75.6,1.97,19.2,,1.6
"2025-11-02 01:23:56",3052,2865,69962,-38.170465,-72.650202,4.65,58.9,1.94,19.15,5.75,1.6
"2025-11-02 01:23:57",3054,2867,69951,0,,5.65,72.1,1.93,19.1,,1.6
"2025-11-02 01:23:58",3055,2868,69939,0,,4.6,76.7,1.92,19.05,,1.6
"2025-11-02 01:23:59",3056,2869,69928,-38.170418,-72.650037,5.2,63.5,1.92,19,,1.6
"2025-11-02 01:24:00",3058,2871,69913,0,,5.3,73.1,1.9,18.9,,1.6
"2025-11-02 01:24:01",3060,2873,69898,0,,4.25,68.6,1.89,18.75,,1.6
"2025-11-02 01:24:02",3061,2874,69884,-38.170368,-72.649878,5.65,67.1,1.89,18.7,,1.6
"2025-11-02 01:24:03",3063,2876,69867,0,,5.1,80.1,1.87,18.55,,1.6
"2025-11-02 01:24:04",3065,2878,69850,0,,5.1,68.4,1.87,18.35,,1.6
"2025-11-02 01:24:05",3067,2880,69834,-38.170322,-72.649708,5.95,70.4,1.87,18.1,,1.7
"2025-11-02 01:24:06",3069,2882,69820,0,,4.75,77.2,1.85,17.85,,1.7
"2025-11-02 01:24:07",3070,2883,69807,0,,5.55,69,1.85,17.55,,1.6
"2025-11-02 01:24:08",3072,2885,69794,-38.170273,-72.649535,5.95,66.6,1.85,17.3,,1.6
"2025-11-02 01:24:09",3073,2886,69779,0,,4.9,72.5,1.85,17,,1.6
"2025-11-02 01:24:10",3075,2888,69765,0,,5.65,75.4,1.85,16.7,,1.7
"2025-11-02 01:24:11",3077,2890,69752,-38.170225,-72.649357,5.7,70.4,1.85,16.4,,1.7
"2025-11-02 01:24:12",3078,2891,69738,0,,4.7,67,1.85,16.2,,1.7
"2025-11-02 01:24:13",3080,2893,69725,0,,6.15,68.5,1.84,15.9,,1.7
"2025-11-02 01:24:14",3081,2894,69712,-38.170172,-72.649183,5.4,71.5,1.83,15.65,,1.7
"2025-11-02 01:24:15",3083,2896,69696,0,,4.75,69.7,1.83,15.45,,1.6
"2025-11-02 01:24:16",3085,2898,69681,0,,6.45,70.3,1.82,15.25,,1.6
"2025-11-02 01:24:17",3087,2900,69666,-38.170115,-72.649,6.2,64.9,1.8,15,,1.6
"2025-11-02 01:24:18",3088,2901,69652,0,,4.8,67.1,1.8,14.8,,1.6
"2025-11-02 01:24:19",3090,2903,69639,0,,6.6,72.5,1.8,14.6,,1.6
"2025-11-02 01:24:20",3091,2904,69626,-38.170058,-72.648822,5.35,67.4,1.78,14.4,,1.6
"2025-11-02 01:24:21",3092,2905,69615,0,,5.25,63.3,1.77,14.25,,1.6
"2025-11-02 01:24:22",3094,2907,69604,0,,6.6,75.2,1.76,14.05,,1.6
"2025-11-02 01:24:23",3095,2908,69594,-38.169998,-72.648643,5.5,64.1,1.75,13.85,5.5,1.5
"2025-11-02 01:24:26",3099,2912,69556,-38.169943,-72.648462,5.35,73.5,1.71,13.4,,1.5
"2025-11-02 01:24:27",3101,2914,69542,0,,5.65,63.7,1.72,13.3,,1.5
"2025-11-02 01:24:28",3103,2916,69527,0,,6.45,70.5,1.71,13.15,,1.5
"2025-11-02 01:24:29",3104,2917,69512,-38.169882,-72.64828,5.05,66.5,1.7,13.05,,1.5
"2025-11-02 01:24:30",3106,2919,69497,0,,6.1,74.8,1.69,12.85,,1.5
"2025-11-02 01:24:31",3108,2921,69484,0,,6.4,67.5,1.69,12.75,,1.5
"2025-11-02 01:24:32",3109,2922,69472,-38.169827,-72.648092,4.8,68.1,1.67,12.65,,1.5
"2025-11-02 01:24:33",3110,2923,69460,0,,6.35,71,1.65,12.6,,1.5
"2025-11-02 01:24:34",3112,2925,69447,0,,6.1,63.6,1.65,12.45,,1.5
"2025-11-02 01:24:35",3114,2927,69434,-38.16977,-72.647907,5.15,74.4,1.65,12.4,,1.5
"2025-11-02 01:24:36",3115,2928,69421,0,,6.6,69.1,1.65,12.25,,1.5
"2025-11-02 01:24:37",3116,2929,69410,0,,5.65,65.5,1.65,12.2,,1.5
"2025-11-02 01:24:38",3118,2931,69400,-38.169713,-72.647717,6,78.4,1.65,12.1,,1.5
"2025-11-02 01:24:39",3119,2932,69388,0,,6.2,64,1.64,11.95,,1.5
"2025-11-02 01:24:40",3120,2933,69376,0,,5.3,70.3,1.64,11.85,,1.5
"2025-11-02 01:24:41",3122,2935,69364,-38.169657,-72.647525,6.8,72.4,1.64,11.75,,1.5
"2025-11-02 01:24:42",3123,2936,69352,0,,5.65,63.1,1.63,11.7,,1.4
"2025-11-02 01:24:43",3124,2937,69342,0,,6,76.7,1.63,11.55,,1.4
"2025-11-02 01:24:44",3125,2938,69332,-38.169598,-72.64733,6.65,67.7,1.62,11.5,,1.4
"2025-11-02 01:24:45",3127,2940,69320,0,,5.8,67.8,1.62,11.35,,1.4
"2025-11-02 01:24:46",3128,2941,69308,0,,6.7,76.1,1.62,11.2,,1.3
"2025-11-02 01:24:47",3130,2943,69296,-38.169545,-72.647123,6.6,74,1.61,11.15,,1.3
"2025-11-02 01:24:48",3131,2944,69285,0,,5.4,79.3,1.62,11.05,,1.3
"2025-11-02 01:24:49",3132,2945,69275,0,,6.85,72.6,1.6,10.95,,1.3
"2025-11-02 01:24:50",3133,2946,69266,-38.169498,-72.646923,6.25,64,1.61,10.85,5.25,1.3
"2025-11-02 01:24:51",3134,2947,69255,0,,6.25,64,1.61,10.8,,1.3
"2025-11-02 01:24:52",3136,2949,69242,0,,6.85,69.2,1.61,10.7,,1.3
"2025-11-02 01:24:53",3137,2950,69230,-38.169448,-72.646723,5.6,74.3,1.61,10.65,,1.3
"2025-11-02 01:24:55",3139,2952,69212,0,,6.1,67.5,1.62,10.55,,1.3
"2025-11-02 01:24:56",3140,2953,69204,-38.169405,-72.646518,5.7,79.7,1.61,10.5,,1.2
"2025-11-02 01:24:57",3141,2954,69194,0,,6.95,74.9,1.61,10.55,,1.2
"2025-11-02 01:24:58",3143,2956,69183,0,,5.85,73.3,1.61,10.5,,1.2
"2025-11-02 01:24:59",3144,2957,69172,-38.169365,-72.646307,6.4,80.4,1.61,10.5,,1.2
"2025-11-02 01:25:00",3145,2958,69161,0,,7.15,71.1,1.6,10.5,,1.2
"2025-11-02 01:25:01",3147,2960,69150,0,,5.85,74.2,1.6,10.5,,1.2
"2025-11-02 01:25:02",3148,2961,69140,-38.169318,-72.646093,6.5,78.7,1.6,10.5,,1.2
"2025-11-02 01:25:03",3149,2962,69131,0,,6.95,73.3,1.6,10.5,,1.2
"2025-11-02 01:25:04",3150,2963,69123,0,,6.35,78.3,1.6,10.5,,1.2
"2025-11-02 01:25:05",3151,2964,69116,-38.169277,-72.645878,6.25,79,1.6,10.5,,1.1
"2025-11-02 01:25:06",3152,2965,69105,0,,5.9,78.1,1.6,10.5,,1.1
"2025-11-02 01:25:07",3153,2966,69094,0,,6.35,79.6,1.59,10.5,,1.1
"2025-11-02 01:25:08",3154,2967,69084,-38.16924,-72.645668,6.95,74.9,1.59,10.5,,1.2
"2025-11-02 01:25:09",3155,2968,69075,0,,5.8,82.2,1.58,10.5,,1.2
"2025-11-02 01:25:10",3156,2969,69066,0,,6.4,80.4,1.58,10.5,,1.1
"2025-11-02 01:25:11",3158,2971,69058,-38.169202,-72.645458,6.85,72.2,1.58,10.55,,1.1
"2025-11-02 01:25:12",3159,2972,69047,0,,6.1,82.4,1.58,10.5,,1.1
"2025-11-02 01:25:13",3160,2973,69036,0,,6.9,82.3,1.58,10.5,,1.1
"2025-11-02 01:25:14",3161,2974,69026,-38.169165,-72.64524,6.6,72.1,1.57,10.5,,1.1
"2025-11-02 01:25:15",3162,2975,69017,0,,6.15,86.3,1.57,10.55,,1.1
"2025-11-02 01:25:16",3163,2976,69008,0,,6.65,83,1.56,10.5,,1.1
"2025-11-02 01:25:17",3164,2977,69000,-38.169137,-72.645027,6.1,74.2,1.56,10.5,5,1.1
"2025-11-02 01:25:18",3165,2978,68994,0,,6.25,81.4,1.56,10.5,,1.1
"2025-11-02 01:25:19",3166,2979,68988,0,,6.35,85.2,1.55,10.5,,1
"2025-11-02 01:25:20",3166,2979,68982,-38.169108,-72.64482,5.4,75,1.54,10.5,,1
"2025-11-02 01:25:21",3168,2981,68972,0,,6.35,83.8,1.53,10.55,,1
"2025-11-02 01:25:22",3169,2982,68962,0,,7.2,75.9,1.53,10.55,,1
"2025-11-02 01:25:23",3170,2983,68952,-38.169075,-72.644607,5.45,81.8,1.52,10.6,,1
"2025-11-02 01:25:26",3173,2986,68926,-38.16904,-72.644393,6.35,86.1,1.5,10.85,,1
"2025-11-02 01:25:27",3174,2987,68919,0,,7.05,80.6,1.49,11.05,,1
"2025-11-02 01:25:28",3175,2988,68912,0,,5.5,75.9,1.48,11.25,,0.9
"2025-11-02 01:25:29",3175,2988,68906,-38.169012,-72.644178,6.7,82.9,1.48,11.5,,0.9
"2025-11-02 01:25:30",3176,2989,68898,0,,7,74.4,1.48,11.8,,0.9
"2025-11-02 01:25:31",3177,2990,68891,0,,5.4,84.7,1.48,12.15,,0.9
"2025-11-02 01:25:32",3178,2991,68884,-38.168983,-72.643963,6.7,80.8,1.46,12.4,,0.9
"2025-11-02 01:25:33",3179,2992,68874,0,,5.95,71.1,1.45,12.75,,1
"2025-11-02 01:25:34",3180,2993,68865,0,,6.25,84.7,1.45,13.05,,0.9
"2025-11-02 01:25:35",3181,2994,68856,-38.168947,-72.64375,7.3,76,1.45,13.35,,0.9
"2025-11-02 01:25:36",3182,2995,68849,0,,6.35,81.9,1.44,13.65,,0.9
"2025-11-02 01:25:37",3183,2996,68843,0,,6.95,86.9,1.43,13.9,,0.9
"2025-11-02 01:25:38",3183,2996,68838,-38.168917,-72.643522,6.7,75.3,1.41,14.3,,0.8
"2025-11-02 01:25:39",3184,2997,68831,0,,5.9,78,1.38,14.6,,0.8
"2025-11-02 01:25:40",3185,2998,68825,0,,7.15,76.8,1.38,14.9,,0.8
"2025-11-02 01:25:41",3185,2998,68820,-38.168873,-72.643302,6.85,74.9,1.37,15.25,,0.8
"2025-11-02 01:25:42",3186,2999,68812,0,,6.9,78.4,1.37,15.5,,0.8
"2025-11-02 01:25:43",3187,3000,68804,0,,6.9,80,1.35,15.85,,0.8
"2025-11-02 01:25:44",3188,3001,68796,-38.168835,-72.643077,5.85,77.5,1.34,16.2,5,0.9
"2025-11-02 01:25:45",3189,3002,68786,0,,6.95,77.2,1.33,16.55,,0.9
"2025-11-02 01:25:46",3190,3003,68777,0,,7.4,77,1.33,16.95,,0.9
"2025-11-02 01:25:47",3191,3004,68768,-38.168792,-72.642852,6.05,75.7,1.32,17.35,,0.9
"2025-11-02 01:25:48",3193,3006,68758,0,,6.9,77,1.32,17.8,,0.9
"2025-11-02 01:25:49",3194,3007,68749,0,,7.45,76.6,1.31,18.15,,0.9
"2025-11-02 01:25:50",3195,3008,68740,-38.16875,-72.642623,6.35,79.6,1.31,18.45,,0.9
"2025-11-02 01:25:52",3196,3009,68728,0,,7.5,76.9,1.3,19.05,,0.9
"2025-11-02 01:25:53",3197,3010,68722,-38.168708,-72.642393,6.35,82.1,1.29,19.45,,0.9
"2025-11-02 01:25:56",3199,3012,68704,-38.168663,-72.642167,6,79.6,1.27,20.3,,0.9
"2025-11-02 01:25:58",3200,3013,68692,0,,,,1.25,20.85,,0.9
"2025-11-02 01:25:59",3201,3014,68686,0,,,,1.24,21.1,,0.8
"2025-11-02 01:26:01",3202,3015,68674,0,,6.75,77.9,1.21,21.6,,0.8
"2025-11-02 01:26:02",3203,3016,68668,-38.16857,-72.641712,6.25,78.2,1.19,21.85,,0.7
"2025-11-02 01:26:04",3204,3017,68658,0,,6.45,76.2,1.19,22.2,,0.7
"2025-11-02 01:26:05",3205,3018,68654,-38.168522,-72.64149,6.7,81,1.18,22.35,,0.7
"2025-11-02 01:26:07",3206,3019,68640,0,,7.15,74.9,1.18,22.6,,0.7
"2025-11-02 01:26:08",3207,3020,68634,-38.168472,-72.641253,7.15,75.2,1.18,22.75,,0.7
"2025-11-02 01:26:10",3209,3022,68617,0,,6.7,78.8,1.18,23,,0.7
"2025-11-02 01:26:11",3210,3023,68610,-38.168427,-72.641025,7.15,72.2,1.18,23.15,4.75,0.7
"2025-11-02 01:26:12",3211,3024,68604,0,,7.4,70.3,1.18,23.25,,0.7
"2025-11-02 01:26:13",3211,3024,68599,0,,6.9,81.8,1.18,23.35,,0.7
"2025-11-02 01:26:14",3212,3025,68594,-38.168375,-72.64079,7.2,74,1.18,23.4,,0.7
"2025-11-02 01:26:15",3213,3026,68588,0,,6.9,71,1.18,23.45,,0.7
"2025-11-02 01:26:16",3213,3026,68583,0,,7.05,82.6,1.18,23.45,,0.7
"2025-11-02 01:26:17",3214,3027,68578,-38.16833,-72.640558,7.4,71,1.18,23.45,,0.7
"2025-11-02 01:26:18",3214,3027,68573,0,,6.65,76,1.18,23.45,,0.7
"2025-11-02 01:26:19",3215,3028,68568,0,,7.15,81.4,1.17,23.5,,0.7
"2025-11-02 01:26:20",3215,3028,68564,-38.168283,-72.640328,7.25,67.7,1.16,23.45,,0.7
"2025-11-02 01:26:21",3216,3029,68558,0,,6.5,76.8,1.16,23.45,,0.7
"2025-11-02 01:26:22",3217,3030,68553,0,,7.6,77.2,1.15,23.35,,0.6
"2025-11-02 01:26:23",3217,3030,68548,-38.168232,-72.6401,6.3,67.6,1.15,23.2,,0.6
"2025-11-02 01:26:25",3218,3031,68539,0,,7.75,73.3,1.14,22.9,,0.6
"2025-11-02 01:26:26",3219,3032,68536,-38.168178,-72.63987,6.05,75.7,1.15,22.75,,0.6
"2025-11-02 01:26:27",3219,3032,68531,0,,7.65,76,1.14,22.55,,0.6
"2025-11-02 01:26:28",3220,3033,68527,0,,7.3,70.1,1.16,22.35,,0.5
"2025-11-02 01:26:29",3220,3033,68524,-38.168127,-72.639635,6.45,80.3,1.15,22.15,,0.5
"2025-11-02 01:26:30",3221,3034,68519,0,,7.65,73.4,1.15,21.9,,0.5
"2025-11-02 01:26:31",3221,3034,68514,0,,6.6,69.1,1.16,21.75,,0.5
"2025-11-02 01:26:32",3222,3035,68510,-38.168073,-72.639402,7.5,81.5,1.16,21.5,,0.5
"2025-11-02 01:26:33",3222,3035,68507,0,,7.45,68.3,1.17,21.3,,0.5
"2025-11-02 01:26:34",3222,3035,68504,0,,6.5,76,1.18,21.05,,0.5
"2025-11-02 01:26:35",3223,3036,68502,-38.168018,-72.639165,7.95,76.8,1.18,20.8,,0.5
"2025-11-02 01:26:36",3223,3036,68499,0,,6.7,69.1,1.18,20.55,,0.4
"2025-11-02 01:26:37",3223,3036,68496,0,,6.75,80.4,1.18,20.35,,0.4
"2025-11-02 01:26:38",3224,3037,68494,-38.167968,-72.638932,7.4,74.2,1.18,20.15,4.5,0.4
"2025-11-02 01:26:39",3224,3037,68487,0,,7.1,68.5,1.18,19.95,,0.4
"2025-11-02 01:26:40",3225,3038,68480,0,,7.9,78.3,1.18,19.75,,0.5
"2025-11-02 01:26:41",3226,3039,68474,-38.167907,-72.638688,7.45,69.6,1.18,19.55,,0.5
"2025-11-02 01:26:42",3226,3039,68472,0,,6.75,76.6,1.18,19.35,,0.5
"2025-11-02 01:26:43",3226,3039,68471,0,,7.75,76.9,1.18,19.2,,0.4
"2025-11-02 01:26:44",3227,3040,68470,-38.167855,-72.638453,6.45,71.3,1.18,19.1,,0.4
"2025-11-02 01:26:45",3227,3040,68467,0,,7.15,80.6,1.18,19,,0.4
"2025-11-02 01:26:46",3227,3040,68464,0,,7.5,69.6,1.18,18.9,,0.4
"2025-11-02 01:26:47",3227,3040,68462,-38.167803,-72.638223,6.6,75.5,1.19,18.8,,0.4
"2025-11-02 01:26:48",3228,3041,68458,0,,7.75,78.7,1.19,18.7,,0.4
"2025-11-02 01:26:49",3228,3041,68455,0,,7.1,70.1,1.18,18.7,,0.4
"2025-11-02 01:26:50",3229,3042,68452,-38.167753,-72.637985,6.95,77.1,1.2,18.7,,0.4
"2025-11-02 01:26:51",3229,3042,68448,0,,7.85,78.8,1.21,18.65,,0.4
"2025-11-02 01:26:52",3229,3042,68445,0,,6.55,70.4,1.2,18.65,,0.4
"2025-11-02 01:26:53",3230,3043,68442,-38.167705,-72.637748,7.15,79.1,1.21,18.65,,0.4
"2025-11-02 01:26:56",3231,3044,68436,-38.167663,-72.63751,7.6,79,1.21,18.7,,0.3
"2025-11-02 01:26:57",3231,3044,68430,0,,6.95,69.7,1.21,18.7,,0.4
"2025-11-02 01:26:58",3232,3045,68425,0,,6.95,82.3,1.21,18.8,,0.4
"2025-11-02 01:26:59",3232,3045,68420,-38.16762,-72.637277,7.6,76,1.21,18.85,,0.4
"2025-11-02 01:27:00",3233,3046,68416,0,,6.6,70.6,1.19,18.95,,0.4
"2025-11-02 01:27:01",3233,3046,68413,0,,7.55,81.1,1.2,19,,0.4
"2025-11-02 01:27:02",3234,3047,68410,-38.167572,-72.637042,7.2,70.1,1.2,19.1,,0.4
"2025-11-02 01:27:03",3234,3047,68408,0,,6.4,81.8,1.2,19.2,,0.4
"2025-11-02 01:27:04",3234,3047,68407,0,,7.75,75.8,1.2,19.25,,0.4
"2025-11-02 01:27:05",3234,3047,68406,-38.167522,-72.636807,7.3,69.2,1.19,19.35,4.25,0.4
"2025-11-02 01:27:06",3234,3047,68402,0,,6.85,81.5,1.19,19.4,,0.4
"2025-11-02 01:27:07",3235,3048,68399,0,,7.2,78.8,1.18,19.5,,0.4
"2025-11-02 01:27:08",3235,3048,68396,-38.16748,-72.636573,6.05,75.1,1.18,19.6,,0.4
"2025-11-02 01:27:09",3236,3049,68393,0,,7.6,78.8,1.18,19.75,,0.4
"2025-11-02 01:27:10",3236,3049,68390,0,,6.85,71.3,1.18,19.9,,0.3
"2025-11-02 01:27:11",3236,3049,68388,-38.167437,-72.636342,6.75,83.6,1.18,20.05,,0.3
"2025-11-02 01:27:12",3236,3049,68386,0,,6.75,83.6,1.18,20.25,,0.3
"2025-11-02 01:27:13",3237,3050,68385,0,,6.2,77.5,1.18,20.4,,0.3
"2025-11-02 01:27:14",3237,3050,68384,-38.167398,-72.636108,7.6,83,1.18,20.5,,0.3
"2025-11-02 01:27:15",3237,3050,68381,0,,6.75,72.4,1.18,20.55,,0.3
"2025-11-02 01:27:16",3237,3050,68378,0,,6.45,84.2,1.18,20.7,,0.3
"2025-11-02 01:27:17",3238,3051,68376,-38.167362,-72.635877,7.65,79.4,1.18,20.8,,0.3
"2025-11-02 01:27:18",3238,3051,68373,0,,6.15,75.9,1.18,20.9,,0.3
"2025-11-02 01:27:19",3238,3051,68370,0,,7,84.7,1.18,21,,0.3
"2025-11-02 01:27:20",3239,3052,68368,-38.167328,-72.635645,7.25,76.8,1.18,21.05,,0.3
"2025-11-02 01:27:21",3239,3052,68366,0,,7.25,76.8,1.18,21.15,,0.3
"2025-11-02 01:27:22",3239,3052,68364,0,,7.4,81.4,1.18,21.2,,0.3
"2025-11-02 01:27:23",3239,3052,68362,-38.167288,-72.635413,6.95,74,1.18,21.3,,0.3
"2025-11-02 01:27:24",3240,3053,68359,0,,6.55,80.6,1.18,21.35,,0.3
"2025-11-02 01:27:25",3240,3053,68357,0,,7.75,77.8,1.18,21.4,,0.3
"2025-11-02 01:27:26",3240,3053,68356,-38.167248,-72.635178,6.1,81,1.18,21.5,,0.3
"2025-11-02 01:27:27",3240,3053,68352,0,,7.2,84,1.18,21.6,,0.3
"2025-11-02 01:27:28",3241,3054,68349,0,,6.65,76.9,1.18,21.65,,0.3
"2025-11-02 01:27:29",3241,3054,68346,-38.16722,-72.634955,5.85,83.5,1.18,21.7,,0.3
"2025-11-02 01:27:30",3242,3055,68341,0,,7.3,80.4,1.18,21.75,,0.3
"2025-11-02 01:27:31",3242,3055,68337,0,,6.5,73.5,1.18,21.8,,0.3
"2025-11-02 01:27:32",3243,3056,68334,-38.167183,-72.634728,6.55,80.4,1.18,21.85,4.25,0.3
"2025-11-02 01:27:33",3243,3056,68332,0,,7.7,80.7,1.18,21.85,,0.3
"2025-11-02 01:27:34",3243,3056,68330,0,,6.65,79.6,1.18,21.85,,0.3
"2025-11-02 01:27:35",3243,3056,68328,-38.16715,-72.634495,6.2,79.9,1.18,21.9,,0.3
"2025-11-02 01:27:36",3244,3057,68324,0,,6.8,78,1.18,21.95,,0.4
"2025-11-02 01:27:37",3244,3057,68320,0,,6.8,83.6,1.18,22,,0.4
"2025-11-02 01:27:38",3245,3058,68316,-38.167122,-72.63427,7.25,79.2,1.18,22,,0.4
"2025-11-02 01:27:39",3245,3058,68312,0,,7.05,78.1,1.18,22.05,,0.4
"2025-11-02 01:27:40",3246,3059,68309,0,,6.45,85.2,1.18,22.1,,0.4
"2025-11-02 01:27:41",3246,3059,68306,-38.167093,-72.634042,6.9,79.9,1.18,22.1,,0.4
"2025-11-02 01:27:42",3246,3059,68304,0,,6.5,76.1,1.18,22.1,,0.4
"2025-11-02 01:27:43",3246,3059,68302,0,,6.95,82.4,1.18,22.1,,0.4
"2025-11-02 01:27:44",3247,3060,68300,-38.167062,-72.633817,7.3,76.1,1.18,22.15,,0.3
"2025-11-02 01:27:45",3247,3060,68296,0,,6.3,82.6,1.17,22.15,,0.3
"2025-11-02 01:27:46",3247,3060,68293,0,,6.85,84.2,1.18,22.15,,0.4
"2025-11-02 01:27:47",3248,3061,68290,-38.167035,-72.633593,6.85,79.1,1.17,22.2,,0.4
"2025-11-02 01:27:48",3248,3061,68285,0,,5.8,89.3,1.15,22.2,,0.4
"2025-11-02 01:27:49",3249,3062,68280,0,,7.45,78.5,1.15,22.2,,0.4
"2025-11-02 01:27:50",3249,3062,68276,-38.167008,-72.633372,6.55,76.4,1.15,22.2,,0.4
"2025-11-02 01:27:51",3250,3063,68274,0,,6.6,81.5,1.14,22.25,,0.4
"2025-11-02 01:27:52",3250,3063,68273,0,,7.55,76.2,1.14,22.25,,0.4
"2025-11-02 01:27:53",3250,3063,68272,-38.166977,-72.633147,6.3,83.1,1.13,22.25,,0.3
"2025-11-02 01:27:56",3251,3064,68262,-38.166952,-72.632922,6.15,86.5,1.12,22.25,,0.4
"2025-11-02 01:27:57",3251,3064,68258,0,,6.95,81,1.11,22.2,,0.4
"2025-11-02 01:27:58",3252,3065,68255,0,,6.65,78.1,1.11,22.2,,0.4
"2025-11-02 01:27:59",3252,3065,68252,-38.166928,-72.632695,6.7,87.5,1.11,22.15,4,0.4
"2025-11-02 01:28:00",3253,3066,68249,0,,6.95,74.9,1.1,22.15,,0.4
"2025-11-02 01:28:01",3253,3066,68246,0,,6.45,75.3,1.1,22.1,,0.4
"2025-11-02 01:28:02",3253,3066,68244,-38.166895,-72.632468,6.95,84.8,1.1,22.1,,0.3
"2025-11-02 01:28:03",3253,3066,68242,0,,7.05,81,1.1,22.1,,0.3
"2025-11-02 01:28:04",3254,3067,68241,0,,6.4,75.8,1.09,22.1,,0.3
"2025-11-02 01:28:05",3254,3067,68240,-38.166865,-72.63224,7,85,1.1,22.05,,0.3
"2025-11-02 01:28:06",3254,3067,68235,0,,7.15,79.6,1.1,22.05,,0.3
"2025-11-02 01:28:07",3255,3068,68230,0,,6.4,81.3,1.1,22,,0.4
"2025-11-02 01:28:08",3255,3068,68226,-38.166833,-72.63201,6.75,76.6,1.1,22,,0.4
"2025-11-02 01:28:09",3256,3069,68222,0,,6.9,79.1,1.1,21.95,,0.4
"2025-11-02 01:28:10",3256,3069,68219,0,,7.15,84.9,1.09,21.95,,0.4
"2025-11-02 01:28:11",3257,3070,68216,-38.1668,-72.631775,6.8,76.2,1.1,21.95,,0.4
"2025-11-02 01:28:12",3257,3070,68212,0,,6.4,79,1.1,21.95,,0.4
"2025-11-02 01:28:13",3257,3070,68208,0,,7.25,84.5,1.09,21.95,,0.4
"2025-11-02 01:28:14",3258,3071,68204,-38.166765,-72.631543,6.45,75.4,1.1,21.9,,0.4
"2025-11-02 01:28:15",3258,3071,68200,0,,6.45,84.6,1.09,21.9,,0.4
"2025-11-02 01:28:16",3259,3072,68196,0,,7.55,80.5,1.09,21.9,,0.4
"2025-11-02 01:28:17",3259,3072,68192,-38.166732,-72.631313,6.05,75.4,1.09,21.9,,0.4
"2025-11-02 01:28:18",3260,3073,68188,0,,7.2,84,1.08,21.9,,0.5
"2025-11-02 01:28:19",3260,3073,68185,0,,7.55,78,1.08,21.9,,0.4
"2025-11-02 01:28:20",3261,3074,68182,-38.166697,-72.63108,6,81.3,1.08,21.95,,0.4
"2025-11-02 01:28:22",3262,3075,68174,0,,6.6,77.1,1.05,21.95,,0.4
"2025-11-02 01:28:23",3262,3075,68170,-38.166668,-72.63086,6.05,79.5,1.05,21.95,,0.4
"2025-11-02 01:28:26",3263,3076,68164,-38.166635,-72.630632,6.95,84,1.05,21.9,4,0.4
"2025-11-02 01:28:28",3264,3077,68154,0,,6.15,80.5,1.06,21.85,,0.4
"2025-11-02 01:28:29",3264,3077,68150,-38.166613,-72.630403,7.05,83.2,1.06,21.85,,0.4
"2025-11-02 01:28:31",3265,3078,68144,0,,6,86.4,1.08,21.8,,0.4
"2025-11-02 01:28:32",3265,3078,68142,-38.166588,-72.630172,7.5,83.6,1.08,21.75,,0.4
"2025-11-02 01:28:34",3266,3079,68132,0,,6.65,85.5,1.08,21.65,,0.4
"2025-11-02 01:28:35",3267,3080,68128,-38.166555,-72.629933,8,79.1,1.06,21.6,,0.4
"2025-11-02 01:28:37",3267,3080,68123,0,,7.15,89.5,1.06,21.5,,0.4
"2025-11-02 01:28:38",3268,3081,68122,-38.166532,-72.629693,7.2,78.2,1.06,21.45,,0.4
"2025-11-02 01:28:40",3269,3082,68114,0,,7.65,83.9,1.06,21.4,,0.4
"2025-11-02 01:28:41",3269,3082,68110,-38.166503,-72.629462,7,76.1,1.06,21.35,,0.4
"2025-11-02 01:28:42",3270,3083,68104,0,,6.55,88.3,1.06,21.35,,0.4
"2025-11-02 01:28:43",3270,3083,68099,0,,7.85,81.1,1.06,21.3,,0.4
"2025-11-02 01:28:44",3271,3084,68094,-38.16648,-72.629223,6.5,82.3,1.06,21.25,,0.5
"2025-11-02 01:28:45",3271,3084,68090,0,,7.1,85.5,1.06,21.15,,0.5
"2025-11-02 01:28:46",3272,3085,68087,0,,7.35,78.9,1.06,21.15,,0.4
"2025-11-02 01:28:47",3272,3085,68084,-38.166453,-72.628988,6.1,83.5,1.06,21.1,,0.4
"2025-11-02 01:28:48",3273,3086,68081,0,,7.55,84.3,1.06,21.05,,0.4
"2025-11-02 01:28:49",3273,3086,68078,0,,7.25,77.8,1.06,21.05,,0.4
"2025-11-02 01:28:50",3273,3086,68076,-38.16643,-72.628747,6.85,87.4,1.06,20.95,,0.5
"2025-11-02 01:28:51",3274,3087,68071,0,,7.4,82.8,1.06,20.9,,0.5
"2025-11-02 01:28:52",3274,3087,68066,0,,6.45,78.4,1.06,20.85,,0.5
"2025-11-02 01:28:53",3275,3088,68062,-38.166405,-72.628427,7.35,89.2,1.06,20.75,4,0.5
"2025-11-02 01:28:55",3276,3089,68050,0,,6.4,86.2,1.08,20.65,,0.5
"2025-11-02 01:28:56",3277,3090,68044,-38.166395,-72.628268,7.45,89.2,1.08,20.55,,0.5
"2025-11-02 01:28:57",3277,3090,68039,0,,7.35,87.2,1.08,20.45,,0.5
"2025-11-02 01:28:58",3278,3091,68034,0,,6.4,86.7,1.08,20.35,,0.5
"2025-11-02 01:28:59",3279,3092,68030,-38.16638,-72.628022,7.85,80.8,1.08,20.3,,0.5
"2025-11-02 01:29:00",3279,3092,68024,0,,6.75,79.1,1.06,20.25,,0.5
"2025-11-02 01:29:01",3280,3093,68019,0,,7.35,85.4,1.08,20.15,,0.6
"2025-11-02 01:29:02",3281,3094,68014,-38.166352,-72.627773,7.75,80.3,1.08,20.1,,0.6
"2025-11-02 01:29:03",3281,3094,68008,0,,6.95,80,1.09,20.05,,0.6
"2025-11-02 01:29:04",3282,3095,68003,0,,8,86.5,1.09,20,,0.6
"2025-11-02 01:29:05",3282,3095,67998,-38.166325,-72.627523,7.55,79,1.09,19.95,,0.6
"2025-11-02 01:29:06",3283,3096,67991,0,,,,1.09,19.9,,0.6
"2025-11-02 01:29:07",3284,3097,67985,0,,,,1.09,19.85,,0.6
"2025-11-02 01:29:08",3285,3098,67980,0,,,,1.09,19.8,,0.6
"2025-11-02 01:29:09",3285,3098,67976,0,,7.15,89.7,1.09,19.7,,0.6
"2025-11-02 01:29:10",3285,3098,67972,0,,8.15,81.1,1.09,19.65,,0.6
"2025-11-02 01:29:11",3286,3099,67968,-38.166287,-72.62702,7.2,90.6,1.1,19.6,,0.6
"2025-11-02 01:29:12",3287,3100,67962,0,,7.35,88.6,1.1,19.5,,0.6
"2025-11-02 01:29:13",3287,3100,67957,0,,7.8,78.5,1.09,19.45,,0.6
"2025-11-02 01:29:14",3288,3101,67952,-38.166265,-72.626767,7.3,82.9,1.09,19.35,,0.6
"2025-11-02 01:29:15",3289,3102,67945,0,,8,84.7,1.1,19.3,,0.6
"2025-11-02 01:29:16",3289,3102,67938,0,,8,84.7,1.09,19.25,,0.6
"2025-11-02 01:29:17",3290,3103,67932,-38.166242,-72.62651,7.7,85.9,1.1,19.2,,0.7
"2025-11-02 01:29:18",3291,3104,67926,0,,8.15,79.6,1.11,19.15,,0.7
"2025-11-02 01:29:19",3292,3105,67921,0,,7.35,85.5,1.12,19.15,,0.6
"2025-11-02 01:29:20",3292,3105,67916,-38.166222,-72.62625,8.05,89.9,1.12,19.05,3.75,0.6
"2025-11-02 01:29:21",3293,3106,67908,0,,7.25,78.4,1.11,19,,0.7
"2025-11-02 01:29:22",3294,3107,67901,0,,7.55,88.2,1.12,18.9,,0.7
"2025-11-02 01:29:23",3295,3108,67894,-38.166203,-72.62599,8.45,87.4,1.12,18.85,,0.7
"2025-11-02 01:29:26",3297,3110,67872,-38.16619,-72.62573,8.15,79.6,1.11,18.7,,0.8
"2025-11-02 01:29:27",3298,3111,67864,0,,6.75,84,1.11,18.65,,0.8
"2025-11-02 01:29:28",3299,3112,67857,0,,8.25,86.3,1.11,18.65,,0.8
"2025-11-02 01:29:29",3300,3113,67850,-38.166165,-72.625467,8.3,82.5,1.12,18.6,,0.8
"2025-11-02 01:29:30",3301,3114,67843,0,,6.95,87,1.11,18.55,,0.8
"2025-11-02 01:29:31",3302,3115,67836,0,,8.05,87.2,1.1,18.45,,0.8
"2025-11-02 01:29:32",3302,3115,67830,-38.166148,-72.625207,7.5,81.1,1.1,18.4,,0.9
"2025-11-02 01:29:33",3303,3116,67823,0,,7.5,92.2,1.11,18.35,,0.8
"2025-11-02 01:29:34",3304,3117,67816,0,,8.4,83.3,1.11,18.2,,0.8
"2025-11-02 01:29:35",3305,3118,67810,-38.166133,-72.624942,7.05,86.8,1.11,18.15,,0.8
"2025-11-02 01:29:36",3306,3119,67803,0,,8.1,90.4,1.09,18.05,,0.8
"2025-11-02 01:29:37",3306,3119,67796,0,,8.15,81,1.09,17.95,,0.8
"2025-11-02 01:29:38",3307,3120,67790,-38.166123,-72.624675,7.5,92.2,1.1,17.85,,0.8
"2025-11-02 01:29:39",3308,3121,67782,0,,8.5,88.6,1.1,17.7,,0.8
"2025-11-02 01:29:40",3309,3122,67775,0,,7.75,80.8,1.09,17.6,,0.8
"2025-11-02 01:29:41",3310,3123,67768,-38.16611,-72.6244,7.95,91.8,1.09,17.45,,0.8
"2025-11-02 01:29:42",3311,3124,67761,0,,8.4,85.7,1.09,17.3,,0.8
"2025-11-02 01:29:43",3311,3124,67754,0,,7.15,85.4,1.09,17.1,,0.8
"2025-11-02 01:29:44",3312,3125,67748,-38.166098,-72.624127,8.55,88.6,1.1,16.9,,0.8
"2025-11-02 01:29:45",3313,3126,67740,0,,7.95,85.2,1.1,16.75,,0.8
"2025-11-02 01:29:46",3314,3127,67733,0,,7.15,91.1,1.09,16.6,,0.8
"2025-11-02 01:29:47",3315,3128,67726,-38.166088,-72.623857,8.4,84.7,1.1,16.45,3.75,0.8
"2025-11-02 01:29:48",3316,3129,67716,0,,7.55,82.8,1.1,16.35,,0.9
"2025-11-02 01:29:49",3317,3130,67707,0,,8,93,1.1,16.2,,0.9
"2025-11-02 01:29:50",3318,3131,67698,-38.166078,-72.623588,8.2,87.6,1.1,16.1,,0.9
"2025-11-02 01:29:51",3319,3132,67689,0,,7.4,81.1,1.09,16,,0.9
"2025-11-02 01:29:52",3320,3133,67681,0,,8.35,87.8,1.1,15.9,,0.9
"2025-11-02 01:29:53",3321,3134,67674,-38.16606,-72.623315,8.35,86.4,1.09,15.8,,0.9
"2025-11-02 01:29:55",3323,3136,67656,0,,8.7,85.4,1.09,15.65,,1
"2025-11-02 01:29:56",3324,3137,67648,-38.166052,-72.623047,7.45,88.6,1.08,15.55,,1
"2025-11-02 01:29:57",3325,3138,67640,0,,7.5,86.9,1.06,15.5,,1
"2025-11-02 01:29:58",3326,3139,67633,0,,8.4,80.7,1.08,15.4,,1
"2025-11-02 01:29:59",3327,3140,67626,-38.166032,-72.62278,7.4,89.8,1.06,15.4,,1
"2025-11-02 01:30:00",3328,3141,67618,0,,8.55,88.1,1.05,15.4,,1
"2025-11-02 01:30:01",3328,3141,67611,0,,7.4,80.5,1.05,15.35,,1
"2025-11-02 01:30:02",3329,3142,67604,-38.166018,-72.622515,7.7,92.1,1.04,15.35,,0.9
"2025-11-02 01:30:03",3330,3143,67594,0,,8.4,81.1,1.03,15.25,,0.9
"2025-11-02 01:30:04",3332,3145,67585,0,,7.45,84.5,1.03,15.25,,1
"2025-11-02 01:30:05",3333,3146,67576,-38.166002,-72.622243,8.45,91.6,1.02,15.2,,1
"2025-11-02 01:30:06",3334,3147,67568,0,,7.7,80.9,1.01,15.2,,1
"2025-11-02 01:30:07",3335,3148,67560,0,,7.65,87.1,1.01,15.2,,1
"2025-11-02 01:30:08",3336,3149,67552,-38.165987,-72.621973,8.6,86.4,1.01,15.15,,1
"2025-11-02 01:30:09",3337,3150,67542,0,,7.3,77.3,1,15.15,,1
"2025-11-02 01:30:10",3338,3151,67533,0,,7.95,88.2,0.99,15.15,,1
"2025-11-02 01:30:11",3339,3152,67524,-38.165962,-72.621703,8.65,83.3,0.98,15.1,,1
"2025-11-02 01:30:12",3340,3153,67515,0,,7.1,85,0.98,15.1,,1
"2025-11-02 01:30:13",3341,3154,67506,0,,8.45,88.6,0.97,15.1,,1
"2025-11-02 01:30:14",3342,3155,67498,-38.165945,-72.621432,8.45,85.3,0.96,15.1,3.75,1
"2025-11-02 01:30:15",3343,3156,67488,0,,7.15,84.7,0.95,15.1,,1.1
"2025-11-02 01:30:16",3344,3157,67479,0,,8.7,85.5,0.95,15.1,,1.1
"2025-11-02 01:30:17",3345,3158,67470,-38.165922,-72.621158,8.15,79.3,0.94,15.05,,1.1
"2025-11-02 01:30:18",3347,3160,67460,0,,7.65,88.7,0.91,15.05,,1.1
"2025-11-02 01:30:19",3348,3161,67451,0,,8.45,78.5,0.91,15.05,,1.1
"2025-11-02 01:30:20",3349,3162,67442,-38.165895,-72.62089,7.6,84.5,0.9,15.05,,1.1
"2025-11-02 01:30:21",3350,3163,67433,0,,8.3,86.6,0.89,15.05,,1.1
"2025-11-02 01:30:22",3351,3164,67424,0,,8.15,84.3,0.89,15.1,,1.1
"2025-11-02 01:30:23",3352,3165,67416,-38.165877,-72.62062,7.4,85,0.87,15.05,,1.1
"2025-11-02 01:30:26",3355,3168,67392,-38.165852,-72.620358,7.9,90.4,0.83,15.1,,1
"2025-11-02 01:30:27",3356,3169,67379,0,,7.9,90.4,0.82,15.1,,1.1
"2025-11-02 01:30:28",3358,3171,67366,0,,7.55,88.5,0.82,15.1,,1.1
"2025-11-02 01:30:29",3359,3172,67354,-38.165828,-72.620087,8.4,84.1,0.82,15.1,,1.1
"2025-11-02 01:30:30",3360,3173,67345,0,,8.35,84.1,0.82,15.1,,1.1
"2025-11-02 01:30:31",3361,3174,67336,0,,8.35,87.1,0.82,15.1,,1.1
"2025-11-02 01:30:32",3362,3175,67328,-38.1658,-72.619815,8.35,79.9,0.8,15.15,,1.1
"2025-11-02 01:30:33",3364,3177,67316,0,,7.15,85.9,0.79,15.1,,1.2
"2025-11-02 01:30:34",3365,3178,67305,0,,8.7,83.6,0.78,15.1,,1.2
"2025-11-02 01:30:35",3366,3179,67294,-38.165772,-72.619545,8.1,79.8,0.76,15.1,,1.2
"2025-11-02 01:30:36",3367,3180,67285,0,,7.85,84.3,0.75,15.1,,1.2
"2025-11-02 01:30:37",3368,3181,67276,0,,8.7,80.8,0.74,15.1,,1.2
"2025-11-02 01:30:38",3369,3182,67268,-38.165738,-72.619273,7.2,80.2,0.73,15.1,,1.2
"2025-11-02 01:30:39",3371,3184,67257,0,,8.4,86.4,0.72,15.1,,1.2
"2025-11-02 01:30:40",3372,3185,67246,0,,8.25,76.7,0.71,15.1,,1.2
"2025-11-02 01:30:41",3373,3186,67236,-38.165705,-72.619003,7.65,81.8,0.7,15.1,3.5,1.2
"2025-11-02 01:30:42",3374,3187,67226,0,,8.5,85.4,0.7,15.1,,1.2
"2025-11-02 01:30:43",3375,3188,67217,0,,7.7,77.6,0.68,15.1,,1.2
"2025-11-02 01:30:44",3377,3190,67208,-38.165677,-72.61873,8.2,86.3,0.67,15.15,,1.2
"2025-11-02 01:30:45",3378,3191,67196,0,,8.3,78.7,0.66,15.2,,1.2
"2025-11-02 01:30:46",3379,3192,67185,0,,7.6,83.5,0.66,15.2,,1.2
"2025-11-02 01:30:47",3381,3194,67174,-38.165647,-72.618452,9,82.9,0.66,15.25,,1.2
"2025-11-02 01:30:48",3382,3195,67164,0,,7.5,85.1,0.66,15.3,,1.2
"2025-11-02 01:30:49",3383,3196,67155,0,,7.5,85.1,0.64,15.35,,1.2
"2025-11-02 01:30:50",3384,3197,67146,-38.165623,-72.618178,8.5,78,0.64,15.4,,1.2
"2025-11-02 01:30:52",3387,3200,67122,0,,8.65,86.2,0.61,15.5,,1.3
"2025-11-02 01:30:53",3388,3201,67110,-38.16559,-72.617902,8.35,78.6,0.61,15.55,,1.3
"2025-11-02 01:30:56",3392,3205,67078,-38.16556,-72.617627,7.6,78.4,0.57,15.6,,1.3
"2025-11-02 01:30:58",3395,3208,67056,0,,8.5,77.6,0.57,15.55,,1.3
"2025-11-02 01:30:59",3396,3209,67046,-38.165528,-72.617353,7.35,82.7,0.57,15.5,,1.3
"2025-11-02 01:31:01",3399,3212,67020,0,,8,75.5,0.55,15.5,,1.3
"2025-11-02 01:31:02",3401,3214,67008,-38.165498,-72.61708,7.7,87.7,0.55,15.4,,1.4
"2025-11-02 01:31:04",3404,3217,66984,0,,7.3,82,0.52,15.4,,1.4
"2025-11-02 01:31:05",3405,3218,66972,-38.165472,-72.616807,8.3,84.7,0.52,15.35,,1.4
"2025-11-02 01:31:07",3408,3221,66949,0,,7.35,83,0.51,15.25,,1.4
"2025-11-02 01:31:08",3409,3222,66938,-38.16545,-72.616537,8.05,87.7,0.5,15.2,3.5,1.4
"2025-11-02 01:31:10",3412,3225,66915,0,,7.75,84.7,0.49,15.15,,1.4
"2025-11-02 01:31:11",3413,3226,66904,-38.165415,-72.616265,8.75,83.1,0.47,15.1,,1.4
"2025-11-02 01:31:13",3416,3229,66878,0,,7.7,87.4,0.46,15,,1.4
"2025-11-02 01:31:14",3418,3231,66866,-38.165388,-72.615997,8.3,79.7,0.45,14.9,,1.4
"2025-11-02 01:31:15",3419,3232,66854,0,,7.65,80.8,0.44,14.85,,1.4
"2025-11-02 01:31:16",3421,3234,66842,0,,8.05,87.7,0.44,14.75,,1.4
"2025-11-02 01:31:17",3422,3235,66830,-38.16536,-72.615728,8.25,77.8,0.43,14.65,,1.4
"2025-11-02 01:31:18",3424,3237,66816,0,,7.9,81.6,0.42,14.6,,1.4
"2025-11-02 01:31:19",3425,3238,66803,0,,9.05,83,0.42,14.5,,1.5
"2025-11-02 01:31:20",3427,3240,66790,-38.165327,-72.615447,8.05,82,0.41,14.4,,1.5
"2025-11-02 01:31:21",3428,3241,66778,0,,7.7,83.7,0.4,14.25,,1.5
"2025-11-02 01:31:22",3430,3243,66767,0,,8.65,78.5,0.4,14.1,,1.5
"2025-11-02 01:31:23",3431,3244,66756,-38.165293,-72.615175,7.2,83.3,0.4,14,,1.5
"2025-11-02 01:31:24",3432,3245,66744,0,,8.25,82.6,0.39,13.85,,1.5
"2025-11-02 01:31:25",3434,3247,66733,0,,8.25,82.6,0.39,13.75,,1.5
"2025-11-02 01:31:26",3435,3248,66722,-38.165262,-72.614903,7.55,85.8,0.38,13.75,,1.5
"2025-11-02 01:31:27",3437,3250,66709,0,,8.8,84.2,0.37,13.75,,1.5
"2025-11-02 01:31:28",3438,3251,66696,0,,7.65,80.7,0.37,13.75,,1.5
"2025-11-02 01:31:29",3440,3253,66684,-38.165243,-72.61463,7.8,89.2,0.36,13.75,,1.5
"2025-11-02 01:31:30",3441,3254,66671,0,,8.2,81.2,0.35,13.75,,1.4
"2025-11-02 01:31:31",3443,3256,66659,0,,7.2,80.3,0.35,13.75,,1.4
"2025-11-02 01:31:32",3444,3257,66648,-38.165213,-72.61436,8.3,85.2,0.34,13.75,,1.4
"2025-11-02 01:31:33",3445,3258,66635,0,,8.45,80.9,0.32,13.75,,1.4
"2025-11-02 01:31:34",3447,3260,66622,0,,8,86.4,0.31,13.75,,1.5
"2025-11-02 01:31:35",3449,3262,66610,-38.165188,-72.614078,8.45,81.2,0.3,13.75,3.25,1.5
"2025-11-02 01:31:36",3450,3263,66598,0,,7.7,82.2,0.29,13.75,,1.5
"2025-11-02 01:31:37",3451,3264,66587,0,,7.75,84.7,0.28,13.75,,1.5
"2025-11-02 01:31:38",3453,3266,66576,-38.16516,-72.613808,8.55,78.9,0.26,13.85,,1.5
"2025-11-02 01:31:39",3454,3267,66564,0,,7.5,84.4,0.26,13.95,,1.5
"2025-11-02 01:31:40",3455,3268,66553,0,,8.75,86.9,0.26,14,,1.4
"2025-11-02 01:31:41",3457,3270,66542,-38.165133,-72.613533,8.05,78.1,0.24,14.05,,1.4
"2025-11-02 01:31:42",3458,3271,66528,0,,7.25,83.3,0.24,14.1,,1.4
"2025-11-02 01:31:43",3460,3273,66514,0,,8.25,83.8,0.24,14.15,,1.5
"2025-11-02 01:31:44",3462,3275,66500,-38.165102,-72.613268,7.85,77,0.24,14.2,,1.5
"2025-11-02 01:31:45",3463,3276,66487,0,,8.15,80.2,0.24,14.3,,1.5
"2025-11-02 01:31:46",3465,3278,66474,0,,7.8,84.4,0.24,14.3,,1.5
"2025-11-02 01:31:47",3466,3279,66462,-38.165067,-72.613005,7.45,76.4,0.24,14.35,,1.5
"2025-11-02 01:31:48",3468,3281,66450,0,,8.5,80.1,0.22,14.45,,1.5
"2025-11-02 01:31:49",3469,3282,66438,0,,7.55,77.7,0.17,14.45,,1.5
"2025-11-02 01:31:50",3471,3284,66426,-38.165023,-72.612743,7.55,75.1,0.15,14.5,,1.5
"2025-11-02 01:31:51",3472,3285,66413,0,,8.65,82.7,0.13,14.55,,1.5
"2025-11-02 01:31:52",3474,3287,66400,0,,7.75,78.7,0.13,14.55,,1.5
"2025-11-02 01:31:53",3475,3288,66388,-38.16498,-72.612477,7.65,73.3,0.12,14.6,,1.6
"2025-11-02 01:31:56",3481,3294,66346,-38.164942,-72.612212,8.25,78.2,0.08,14.65,,1.6
"2025-11-02 01:31:57",3482,3295,66332,0,,,,0.07,14.65,,1.6
"2025-11-02 01:31:58",3484,3297,66319,0,,,,0.06,14.65,,1.6
"2025-11-02 01:31:59",3485,3298,66306,0,,,,0.04,14.7,,1.6
"2025-11-02 01:32:00",3487,3300,66293,0,,7.45,80.1,0.02,14.75,,1.6
"2025-11-02 01:32:01",3488,3301,66281,0,,7.6,75,0.01,14.75,,1.6
"2025-11-02 01:32:02",3490,3303,66270,-38.16486,-72.611682,7.95,79.9,0,14.75,3.25,1.6
"2025-11-02 01:32:03",3491,3304,66258,0,,7.1,78.6,0,14.8,,1.6
"2025-11-02 01:32:04",3493,3306,66246,0,,8.25,76.1,-0.01,14.8,,1.6
"2025-11-02 01:32:05",3494,3307,66234,-38.164818,-72.611423,8,83.2,-0.02,14.85,,1.6
"2025-11-02 01:32:06",3496,3309,66221,0,,7.55,79,-0.03,14.85,,1.6
"2025-11-02 01:32:07",3497,3310,66208,0,,8.5,76,-0.05,14.85,,1.6
"2025-11-02 01:32:08",3499,3312,66196,-38.164773,-72.61116,7.5,75.7,-0.06,14.95,,1.5
"2025-11-02 01:32:09",3500,3313,66181,0,,7.5,75.7,-0.07,15.05,,1.5
"2025-11-02 01:32:10",3502,3315,66166,0,,8.65,78.2,-0.08,15.05,,1.6
"2025-11-02 01:32:11",3504,3317,66152,-38.164723,-72.610897,7.45,77.8,-0.09,15.1,,1.6
"2025-11-02 01:32:12",3506,3319,66137,0,,7.9,75.5,-0.11,15.15,,1.6
"2025-11-02 01:32:13",3507,3320,66123,0,,8.9,80.4,-0.13,15.2,,1.6
"2025-11-02 01:32:14",3509,3322,66110,-38.164677,-72.610627,7.45,75.6,-0.14,15.3,,1.6
"2025-11-02 01:32:15",3511,3324,66098,0,,7.7,76.5,-0.15,15.35,,1.6
"2025-11-02 01:32:16",3512,3325,66086,0,,8.5,83.8,-0.17,15.55,,1.6
"2025-11-02 01:32:17",3514,3327,66074,-38.164632,-72.610363,7.55,72.5,-0.18,15.75,,1.6
"2025-11-02 01:32:18",3515,3328,66062,0,,8.1,78.2,-0.19,15.9,,1.6
"2025-11-02 01:32:19",3516,3329,66050,0,,7.9,84.3,-0.21,16.1,,1.6
"2025-11-02 01:32:20",3518,3331,66038,-38.164587,-72.610098,8,73.5,-0.21,16.25,,1.6
"2025-11-02 01:32:21",3520,3333,66024,0,,8.4,81.1,-0.23,16.4,,1.6
"2025-11-02 01:32:22",3521,3334,66010,0,,7.7,84.5,-0.26,16.55,,1.6
"2025-11-02 01:32:23",3523,3336,65996,-38.16455,-72.609827,8.4,76.7,-0.26,16.7,,1.6
"2025-11-02 01:32:24",3525,3338,65982,0,,8.7,81.3,-0.27,16.85,,1.6
"2025-11-02 01:32:25",3526,3339,65969,0,,7.45,80.4,-0.28,16.95,,1.6
"2025-11-02 01:32:26",3528,3341,65956,-38.164508,-72.609552,8.45,77.5,-0.31,17.05,,1.6
"2025-11-02 01:32:27",3529,3342,65943,0,,8.55,84.6,-0.31,17.25,,1.6
"2025-11-02 01:32:28",3531,3344,65930,0,,7.65,76.9,-0.31,17.35,,1.6
"2025-11-02 01:32:29",3532,3345,65918,-38.164472,-72.60927,9,80,-0.31,17.45,3,1.6
"2025-11-02 01:32:30",3534,3347,65906,0,,8,83.4,-0.33,17.55,,1.6
"2025-11-02 01:32:31",3535,3348,65895,0,,7.8,74,-0.33,17.65,,1.6
"2025-11-02 01:32:32",3537,3350,65884,-38.164437,-72.608993,8.75,84.4,-0.35,17.75,,1.6
"2025-11-02 01:32:33",3538,3351,65871,0,,7.7,87.1,-0.36,17.85,,1.5
"2025-11-02 01:32:34",3540,3353,65858,0,,8.7,75.8,-0.37,17.95,,1.5
"2025-11-02 01:32:35",3541,3354,65846,-38.164408,-72.608712,8.55,85.8,-0.38,18.05,,1.5
"2025-11-02 01:32:36",3543,3356,65834,0,,7.75,78.6,-0.39,18.15,,1.5
"2025-11-02 01:32:37",3544,3357,65822,0,,8.85,76.7,-0.41,18.2,,1.5
"2025-11-02 01:32:38",3546,3359,65810,-38.164372,-72.608433,8.4,86.6,-0.43,18.3,,1.5
"2025-11-02 01:32:39",3547,3360,65799,0,,8.05,76.3,-0.44,18.35,,1.5
"2025-11-02 01:32:40",3548,3361,65788,0,,9.05,85.2,-0.44,18.45,,1.4
"2025-11-02 01:32:41",3550,3363,65778,-38.164342,-72.60815,7.75,81.1,-0.45,18.5,,1.4
"2025-11-02 01:32:42",3551,3364,65765,0,,8.85,79,-0.47,18.55,,1.4
"2025-11-02 01:32:43",3553,3366,65752,0,,8.25,86.7,-0.48,18.6,,1.4
"2025-11-02 01:32:44",3554,3367,65740,-38.164307,-72.607868,8.15,77.4,-0.49,18.6,,1.5
"2025-11-02 01:32:45",3556,3369,65728,0,,9.05,83.6,-0.5,18.65,,1.5
"2025-11-02 01:32:46",3557,3370,65716,0,,7.7,87.4,-0.5,18.7,,1.5
"2025-11-02 01:32:47",3559,3372,65704,-38.164275,-72.607585,8.7,76.1,-0.51,18.75,,1.5
"2025-11-02 01:32:48",3560,3373,65691,0,,8.95,85.7,-0.52,18.85,,1.5
"2025-11-02 01:32:49",3562,3375,65678,0,,8.15,83.7,-0.54,18.9,,1.5
"2025-11-02 01:32:50",3563,3376,65666,-38.164243,-72.607292,8.95,77.1,-0.54,18.95,,1.5
"2025-11-02 01:32:51",3565,3378,65654,0,,8.35,88.7,-0.56,19,,1.5
"2025-11-02 01:32:52",3566,3379,65642,0,,8.05,78.2,-0.58,19.15,,1.5
"2025-11-02 01:32:53",3568,3381,65630,-38.164212,-72.607007,8.8,83.9,-0.58,19.25,,1.5
"2025-11-02 01:32:56",3572,3385,65594,-38.164183,-72.606707,8.7,83.7,-0.62,19.7,2.75,1.5
"2025-11-02 01:32:57",3574,3387,65580,0,,7.9,85,-0.64,19.8,,1.5
"2025-11-02 01:32:58",3575,3388,65567,0,,9.2,79.9,-0.66,19.95,,1.5
"2025-11-02 01:32:59",3577,3390,65554,-38.164157,-72.606418,8.25,88.2,-0.66,20.1,,1.5
"2025-11-02 01:33:00",3578,3391,65543,0,,8.65,81.6,-0.66,20.25,,1.5
"2025-11-02 01:33:01",3579,3392,65533,0,,9.5,83.6,-0.66,20.4,,1.5
"2025-11-02 01:33:02",3581,3394,65524,-38.164128,-72.606122,7.9,84.1,-0.67,20.55,,1.4
"2025-11-02 01:33:03",3582,3395,65510,0,,8.75,79.9,-0.67,20.75,,1.5
"2025-11-02 01:33:04",3584,3397,65497,0,,9.05,87.1,-0.68,20.95,,1.5
"2025-11-02 01:33:05",3585,3398,65484,-38.164098,-72.605827,8.25,77.7,-0.69,21.05,,1.5
"2025-11-02 01:33:06",3587,3400,65474,0,,9.4,81.5,-0.72,21.25,,1.5
"2025-11-02 01:33:07",3588,3401,65464,0,,8.35,88.2,-0.73,21.4,,1.4
"2025-11-02 01:33:08",3589,3402,65454,-38.164067,-72.60553,8.55,78.2,-0.74,21.65,,1.4
"2025-11-02 01:33:09",3591,3404,65441,0,,9.05,83.4,-0.75,21.85,,1.4
"2025-11-02 01:33:10",3592,3405,65428,0,,8.15,85,-0.77,22.1,,1.4
"2025-11-02 01:33:11",3594,3407,65416,-38.164035,-72.605235,9.3,80.9,-0.78,22.3,,1.4
"2025-11-02 01:33:12",3595,3408,65405,0,,9.3,86.7,-0.79,22.5,,1.4
"2025-11-02 01:33:13",3596,3409,65395,0,,8.7,83.5,-0.8,22.7,,1.4
"2025-11-02 01:33:14",3597,3410,65386,-38.164008,-72.604927,9.1,80.4,-0.82,22.95,,1.4
"2025-11-02 01:33:15",3599,3412,65375,0,,8.2,83.8,-0.83,23.2,,1.4
"2025-11-02 01:33:16",3600,3413,65364,0,,8.9,83.2,-0.85,23.35,,1.4
"2025-11-02 01:33:17",3601,3414,65354,-38.16398,-72.604628,9.4,84.9,-0.86,23.55,,1.4
"2025-11-02 01:33:18",3603,3416,65339,0,,8.15,83.6,-0.87,23.75,,1.4
"2025-11-02 01:33:19",3605,3418,65324,0,,9.3,80.1,-0.88,23.95,,1.4
"2025-11-02 01:33:20",3607,3420,65310,-38.163947,-72.604323,9.3,83.6,-0.9,24.15,,1.5
"2025-11-02 01:33:22",3610,3423,65284,0,,9.5,81.6,-0.92,24.55,,1.5
"2025-11-02 01:33:23",3611,3424,65272,-38.163915,-72.604018,9.25,87,-0.93,24.7,2.5,1.5
"2025-11-02 01:33:26",3615,3428,65240,-38.16389,-72.603718,9.15,89.1,-0.97,25.05,,1.5
"2025-11-02 01:33:28",3618,3431,65217,0,,9.35,84.1,-1,25.3,,1.5
"2025-11-02 01:33:29",3620,3433,65206,-38.16386,-72.603418,8.05,87.7,-1.02,25.35,,1.5
"2025-11-02 01:33:31",3623,3436,65180,0,,8.9,87.8,-1.05,25.6,,1.5
"2025-11-02 01:33:32",3624,3437,65168,-38.16383,-72.603122,8.15,82,-1.06,25.7,,1.5
"2025-11-02 01:33:34",3627,3440,65146,0,,8.55,84.5,-1.1,25.95,,1.4
"2025-11-02 01:33:35",3628,3441,65136,-38.163798,-72.602818,8.85,78.2,-1.12,26.05,,1.4
"2025-11-02 01:33:37",3631,3444,65113,0,,,,-1.13,26.2,,1.4
"2025-11-02 01:33:38",3632,3445,65102,0,,,,-1.13,26.3,,1.4
"2025-11-02 01:33:40",3635,3448,65078,0,,8.85,81,-1.17,26.5,,1.4
"2025-11-02 01:33:41",3637,3450,65066,-38.163727,-72.602217,9.1,81.1,-1.18,26.5,,1.4
"2025-11-02 01:33:42",3638,3451,65055,0,,8.5,85.3,-1.2,26.6,,1.4
"2025-11-02 01:33:43",3639,3452,65045,0,,8.85,80.3,-1.21,26.65,,1.4
"2025-11-02 01:33:44",3641,3454,65036,-38.163695,-72.601917,9.35,83.2,-1.21,26.75,,1.4
"2025-11-02 01:33:45",3642,3455,65026,0,,8.2,81.5,-1.23,26.85,,1.3
"2025-11-02 01:33:46",3643,3456,65016,0,,9.05,78.3,-1.24,26.9,,1.3
"2025-11-02 01:33:47",3644,3457,65006,-38.16366,-72.601622,8.9,86.8,-1.26,26.95,,1.3
"2025-11-02 01:33:48",3646,3459,64991,0,,8.3,81.6,-1.27,27,,1.4
"2025-11-02 01:33:49",3648,3461,64976,0,,9.65,80.9,-1.28,27.05,,1.4
"2025-11-02 01:33:50",3650,3463,64962,-38.163632,-72.601318,8.85,86.8,-1.31,27.1,2.5,1.4
"2025-11-02 01:33:51",3651,3464,64952,0,,8.75,80.4,-1.32,27.15,,1.4
"2025-11-02 01:33:52",3652,3465,64943,0,,9.4,79.1,-1.34,27.15,,1.4
"2025-11-02 01:33:53",3653,3466,64934,-38.163597,-72.60102,8.5,85.5,-1.35,27.15,,1.3
"2025-11-02 01:33:55",3656,3469,64912,0,,8.8,85.6,-1.37,27.2,,1.4
"2025-11-02 01:33:56",3657,3470,64902,-38.163567,-72.600727,8.45,78,-1.39,27.2,,1.4
"2025-11-02 01:33:57",3658,3471,64891,0,,9.1,80.5,-1.41,27.2,,1.4
"2025-11-02 01:33:58",3660,3473,64880,0,,8.4,83.8,-1.41,27.2,,1.4
"2025-11-02 01:33:59",3661,3474,64870,-38.163532,-72.600435,8.25,83.5,-1.41,27.25,,1.4
"2025-11-02 01:34:00",3662,3475,64858,0,,8.9,85.2,-1.42,27.25,,1.4
"2025-11-02 01:34:01",3664,3477,64847,0,,8.55,84.9,-1.43,27.25,,1.4
"2025-11-02 01:34:02",3665,3478,64836,-38.163507,-72.600143,8.95,81.8,-1.46,27.3,,1.3
"2025-11-02 01:34:03",3666,3479,64825,0,,9.3,85.1,-1.48,27.3,,1.3
"2025-11-02 01:34:04",3668,3481,64814,0,,8.35,79.5,-1.49,27.3,,1.3
"2025-11-02 01:34:05",3669,3482,64804,-38.16347,-72.599843,8.8,79.4,-1.51,27.35,,1.3
"2025-11-02 01:34:06",3670,3483,64793,0,,8.4,87,-1.51,27.4,,1.3
"2025-11-02 01:34:07",3672,3485,64783,0,,8.5,81.4,-1.52,27.4,,1.3
"2025-11-02 01:34:08",3673,3486,64774,-38.163438,-72.599552,9.1,78.9,-1.53,27.45,,1.3
"2025-11-02 01:34:09",3674,3487,64761,0,,8.7,83.4,-1.54,27.5,,1.3
"2025-11-02 01:34:10",3676,3489,64749,0,,8.7,78.9,-1.55,27.55,,1.3
"2025-11-02 01:34:11",3677,3490,64738,-38.163405,-72.599253,9.4,84.5,-1.57,27.6,,1.4
"2025-11-02 01:34:12",3678,3491,64728,0,,8.2,82.9,-1.59,27.6,,1.3
"2025-11-02 01:34:13",3680,3493,64719,0,,9.15,79.2,-1.6,27.65,,1.3
"2025-11-02 01:34:14",3681,3494,64710,-38.163373,-72.598955,9,86.2,-1.61,27.7,,1.3
"2025-11-02 01:34:15",3682,3495,64700,0,,8.2,79.9,-1.62,27.75,,1.3
"2025-11-02 01:34:16",3683,3496,64691,0,,9.45,79.1,-1.64,27.75,,1.3
"2025-11-02 01:34:17",3684,3497,64682,-38.16334,-72.598657,8.85,88.6,-1.65,27.8,2.25,1.3
"2025-11-02 01:34:18",3685,3498,64672,0,,8.25,78.1,-1.66,27.8,,1.3
"2025-11-02 01:34:19",3687,3500,64662,0,,9.25,79.9,-1.67,27.85,,1.3
"2025-11-02 01:34:20",3688,3501,64652,-38.163308,-72.598367,8,88,-1.69,27.9,,1.3
"2025-11-02 01:34:21",3689,3502,64639,0,,8.95,82.2,-1.7,27.9,,1.3
"2025-11-02 01:34:22",3691,3504,64626,0,,9.05,82.7,-1.72,27.95,,1.3
"2025-11-02 01:34:23",3693,3506,64614,-38.163277,-72.598073,7.95,79.3,-1.72,27.95,,1.3
"2025-11-02 01:34:26",3696,3509,64584,-38.163248,-72.597785,7.85,83,-1.75,28.05,,1.3
"2025-11-02 01:34:27",3698,3511,64573,0,,9.45,82.5,-1.77,28.05,,1.3
"2025-11-02 01:34:28",3699,3512,64562,0,,8.55,83.2,-1.78,28.05,,1.3
"2025-11-02 01:34:29",3700,3513,64552,-38.16322,-72.597495,7.7,83.2,-1.79,28.05,,1.3
"2025-11-02 01:34:30",3701,3514,64543,0,,9.4,82.8,-1.81,28.1,,1.3
"2025-11-02 01:34:31",3702,3515,64534,0,,8.35,81.5,-1.82,28.1,,1.3
"2025-11-02 01:34:32",3703,3516,64526,-38.163192,-72.597207,7.75,84.9,-1.83,28.15,,1.3
"2025-11-02 01:34:33",3705,3518,64516,0,,9.5,81.5,-1.84,28.25,,1.3
"2025-11-02 01:34:34",3706,3519,64507,0,,8.25,82.7,-1.85,28.3,,1.2
"2025-11-02 01:34:35",3707,3520,64498,-38.163165,-72.596918,8.05,88,-1.87,28.35,,1.2
"2025-11-02 01:34:36",3708,3521,64487,0,,9.2,79.2,-1.91,28.4,,1.2
"2025-11-02 01:34:37",3710,3523,64475,0,,8.1,81.6,-1.92,28.45,,1.2
"2025-11-02 01:34:38",3711,3524,64464,-38.163133,-72.596627,8.9,85.4,-1.93,28.5,,1.2
"2025-11-02 01:34:39",3712,3525,64456,0,,8.9,77.3,-1.94,28.55,,1.2
"2025-11-02 01:34:40",3713,3526,64449,0,,8.1,85.9,-1.95,28.6,,1.2
"2025-11-02 01:34:41",3714,3527,64442,-38.1631,-72.596332,9.2,85.6,-1.96,28.65,,1.2
"2025-11-02 01:34:42",3715,3528,64432,0,,8.15,78.6,-1.97,28.75,,1.1
"2025-11-02 01:34:43",3716,3529,64423,0,,8.3,88.6,-1.97,28.8,,1.1
"2025-11-02 01:34:44",3717,3530,64414,-38.163073,-72.596042,9.2,82.2,-1.99,28.9,2,1.2
"2025-11-02 01:34:45",3718,3531,64405,0,,7.9,81.9,-2,28.95,,1.2
"2025-11-02 01:34:46",3719,3532,64396,0,,8.8,86.1,-2.02,29.05,,1.1
"2025-11-02 01:34:47",3721,3534,64388,-38.163045,-72.595753,8.8,79.6,-2.02,29.1,,1.1
"2025-11-02 01:34:48",3722,3535,64379,0,,8.25,79.6,-2.04,29.2,,1.1
"2025-11-02 01:34:49",3723,3536,64370,0,,9.3,86.3,-2.06,29.25,,1.1
"2025-11-02 01:34:50",3724,3537,64362,-38.163013,-72.595458,8.75,80.4,-2.06,29.3,,1.1
"2025-11-02 01:34:51",3725,3538,64353,0,,7.75,83.5,-2.07,29.4,,1.1
"2025-11-02 01:34:52",3726,3539,64344,0,,8.5,81.6,-2.08,29.5,,1.1
"2025-11-02 01:34:53",3727,3540,64336,-38.162983,-72.595178,8.5,83.1,-2.1,29.55,,1.1
"2025-11-02 01:34:55",3729,3542,64318,0,,8.75,80.1,-2.12,29.65,,1.1
"2025-11-02 01:34:56",3730,3543,64310,-38.162953,-72.594888,7.95,82.3,-2.13,29.7,,1.1
"2025-11-02 01:34:57",3732,3545,64297,0,,8.7,86.3,-2.13,29.7,,1.1
"2025-11-02 01:34:58",3733,3546,64285,0,,8.7,78.4,-2.14,29.75,,1.1
"2025-11-02 01:34:59",3735,3548,64274,-38.162925,-72.5946,8.55,84.3,-2.15,29.75,,1.2
"2025-11-02 01:35:00",3736,3549,64264,0,,9,86.6,-2.16,29.8,,1.2
"2025-11-02 01:35:01",3737,3550,64254,0,,8.15,78.6,-2.17,29.8,,1.2
"2025-11-02 01:35:02",3738,3551,64244,-38.1629,-72.59431,8.7,87,-2.19,29.8,,1.2
"2025-11-02 01:35:03",3739,3552,64236,0,,9.1,84.9,-2.2,29.8,,1.2
"2025-11-02 01:35:04",3740,3553,64228,0,,7.65,81.9,-2.21,29.85,,1.2
"2025-11-02 01:35:05",3741,3554,64220,-38.16288,-72.594022,8.9,86.8,-2.22,29.85,,1.2
"2025-11-02 01:35:06",3742,3555,64212,0,,8.65,78.7,-2.23,29.8,,1.2
"2025-11-02 01:35:07",3743,3556,64205,0,,7.75,85.4,-2.24,29.85,,1.2
"2025-11-02 01:35:08",3744,3557,64198,-38.162852,-72.593735,9.2,83.2,-2.25,29.85,,1.2
"2025-11-02 01:35:09",3745,3558,64189,0,,8.45,80.7,-2.26,29.9,,1.1
"2025-11-02 01:35:10",3746,3559,64180,0,,8.55,90,-2.27,29.9,,1.1
"2025-11-02 01:35:11",3747,3560,64172,-38.162832,-72.593438,9.05,86.5,-2.27,29.95,1.75,1.1
"2025-11-02 01:35:12",3748,3561,64164,0,,8.4,80.4,-2.29,29.9,,1
"2025-11-02 01:35:13",3749,3562,64157,0,,8.65,87.1,-2.3,29.95,,1
"2025-11-02 01:35:14",3750,3563,64150,-38.162807,-72.593145,9.1,81.1,-2.3,29.95,,1
"2025-11-02 01:35:15",3751,3564,64141,0,,8.1,85.4,-2.33,29.95,,1
"2025-11-02 01:35:16",3752,3565,64131,0,,9.05,88.6,-2.34,30,,1
"2025-11-02 01:35:17",3754,3567,64122,-38.162785,-72.59285,8.5,80,-2.35,30.05,,1
"2025-11-02 01:35:18",3755,3568,64112,0,,8.5,80,-2.36,30.05,,1
"2025-11-02 01:35:19",3756,3569,64103,0,,9.05,84.3,-2.37,30.1,,1.1
"2025-11-02 01:35:20",3757,3570,64094,-38.162758,-72.592557,8.5,79.4,-2.39,30.15,,1.1
"2025-11-02 01:35:21",3758,3571,64085,0,,7.9,87.5,-2.41,30.15,,1.1
"2025-11-02 01:35:22",3759,3572,64077,0,,8.7,84.4,-2.44,30.2,,1.1
"2025-11-02 01:35:23",3760,3573,64070,-38.162733,-72.592275,8.4,79.9,-2.46,30.25,,1.1
"2025-11-02 01:35:26",3763,3576,64044,-38.16271,-72.591985,7.95,88.4,-2.53,30.4,,1.1
"2025-11-02 01:35:27",3764,3577,64035,0,,9.15,85.3,-2.53,30.4,,1.1
"2025-11-02 01:35:28",3765,3578,64026,0,,8.25,80,-2.53,30.4,,1.1
"2025-11-02 01:35:29",3766,3579,64018,-38.16269,-72.591695,8.35,89.7,-2.53,30.4,,1.1
"2025-11-02 01:35:30",3768,3581,64009,0,,9.15,82.3,-2.53,30.45,,1.1
"2025-11-02 01:35:31",3769,3582,64000,0,,7.75,84.8,-2.53,30.5,,1.1
"2025-11-02 01:35:32",3770,3583,63992,-38.16267,-72.591407,8.75,86,-2.53,30.55,,1.1
"2025-11-02 01:35:33",3771,3584,63984,0,,8.75,80.9,-2.53,30.6,,1.1
"2025-11-02 01:35:34",3772,3585,63976,0,,8,87.8,-2.53,30.6,,1.1
"2025-11-02 01:35:35",3773,3586,63968,-38.162648,-72.591113,9.45,85.5,-2.53,30.65,,1.1
"2025-11-02 01:35:36",3774,3587,63960,0,,9.45,85.5,-2.53,30.65,,1.1
"2025-11-02 01:35:37",3775,3588,63953,0,,8.65,89.9,-2.53,30.7,,1
"2025-11-02 01:35:38",3775,3588,63946,-38.162627,-72.590818,9.3,81.4,-2.53,30.75,1.5,1
"2025-11-02 01:35:39",3777,3590,63935,0,,7.95,86.1,-2.53,30.8,,1
"2025-11-02 01:35:40",3778,3591,63925,0,,9.35,89.4,-2.55,30.8,,1
"2025-11-02 01:35:41",3779,3592,63916,-38.162607,-72.59052,8.6,81.4,-2.55,30.85,,1.1
"2025-11-02 01:35:42",3780,3593,63906,0,,8.05,90.4,-2.55,30.85,,1.1
"2025-11-02 01:35:43",3782,3595,63897,0,,9.15,87.2,-2.55,30.9,,1.1
"2025-11-02 01:35:44",3783,3596,63888,-38.162592,-72.590227,8.6,82.7,-2.55,30.9,,1.1
"2025-11-02 01:35:45",3784,3597,63879,0,,8.15,88.4,-2.55,30.95,,1.1
"2025-11-02 01:35:46",3785,3598,63871,0,,9.25,82.6,-2.55,31,,1.1
"2025-11-02 01:35:47",3786,3599,63864,-38.16257,-72.589935,7.95,84.4,-2.56,31.05,,1.1
"2025-11-02 01:35:48",3787,3600,63857,0,,9.4,86.5,-2.56,31.05,,1.1
"2025-11-02 01:35:49",3787,3600,63850,0,,8.8,82.1,-2.56,31.1,,1.1
"2025-11-02 01:35:50",3788,3601,63844,-38.16255,-72.589642,7.7,86.7,-2.59,31.1,,1.1
"2025-11-02 01:35:52",3790,3603,63828,0,,8.05,80.8,-2.61,31.2,,1
"2025-11-02 01:35:53",3791,3604,63820,-38.16253,-72.589357,8.2,88.9,-2.64,31.2,,1
"2025-11-02 01:35:56",3794,3607,63796,-38.162507,-72.58906,9,87,-2.67,31.2,,1
"2025-11-02 01:35:58",3796,3609,63782,0,,8.3,89.4,-2.68,31.2,,0.9
"2025-11-02 01:35:59",3797,3610,63776,-38.16249,-72.588763,9.2,87,-2.7,31.25,,0.9
"2025-11-02 01:36:01",3798,3611,63761,0,,8.85,90.4,-2.72,31.3,,0.9
"2025-11-02 01:36:02",3799,3612,63754,-38.162473,-72.588457,9.15,85.6,-2.73,31.35,,0.9
"2025-11-02 01:36:04",3802,3615,63735,0,,8.45,84.9,-2.74,31.35,,1
"2025-11-02 01:36:05",3803,3616,63726,-38.162453,-72.588165,9,84.4,-2.76,31.35,1.25,1
"2025-11-02 01:36:07",3805,3618,63708,0,,9,84.3,-2.76,31.4,,1
"2025-11-02 01:36:08",3806,3619,63700,-38.162435,-72.587865,8.75,82.1,-2.79,31.45,,1
"2025-11-02 01:36:10",3808,3621,63685,0,,8.95,83.9,-2.81,31.4,,1
"2025-11-02 01:36:11",3809,3622,63678,-38.162412,-72.58757,8.7,80,-2.81,31.45,,1
"2025-11-02 01:36:13",3811,3624,63659,0,,9.15,83.1,-2.83,31.5,,1.1
"2025-11-02 01:36:14",3812,3625,63650,-38.162395,-72.587267,8.75,83.1,-2.84,31.5,,1.1
"2025-11-02 01:36:15",3813,3626,63642,0,,8.8,93.8,-2.84,31.45,,1.1
"2025-11-02 01:36:16",3814,3627,63635,0,,8.65,81.1,-2.85,31.5,,1
"2025-11-02 01:36:17",3815,3628,63628,-38.162383,-72.586977,8.3,86.1,-2.86,31.5,,1
"2025-11-02 01:36:18",3816,3629,63620,0,,9.5,87.7,-2.87,31.55,,1
"2025-11-02 01:36:19",3817,3630,63612,0,,8.4,81.8,-2.88,31.55,,1
"2025-11-02 01:36:20",3818,3631,63604,-38.162367,-72.586677,8.85,90.7,-2.88,31.6,,1
"2025-11-02 01:36:21",3819,3632,63597,0,,9.5,86.7,-2.89,31.6,,1
"2025-11-02 01:36:22",3820,3633,63591,0,,8,85.8,-2.9,31.6,,1
"2025-11-02 01:36:23",3820,3633,63586,-38.162357,-72.586377,8.75,90.2,-2.92,31.6,,1
"2025-11-02 01:36:24",3822,3635,63576,0,,8.75,85.1,-2.93,31.55,,1
"2025-11-02 01:36:25",3823,3636,63567,0,,8.3,85.6,-2.94,31.6,,1
"2025-11-02 01:36:26",3824,3637,63558,-38.162342,-72.586077,9.4,85,-2.94,31.6,,1
"2025-11-02 01:36:27",3825,3638,63548,0,,8.7,84.1,-2.96,31.6,,1
"2025-11-02 01:36:28",3826,3639,63538,0,,8.65,89.9,-2.98,31.65,,1
"2025-11-02 01:36:29",3828,3641,63528,-38.162325,-72.585772,9.55,83.5,-2.99,31.65,,1
"2025-11-02 01:36:30",3829,3642,63519,0,,8.25,85.8,-2.99,31.65,,1.1
"2025-11-02 01:36:31",3830,3643,63510,0,,8.8,91.4,-3,31.7,,1.1
"2025-11-02 01:36:32",3831,3644,63502,-38.16231,-72.58547,9.15,83.5,-3.01,31.7,1,1.1
"2025-11-02 01:36:33",3832,3645,63493,0,,,,-3.01,31.7,,1.1
"2025-11-02 01:36:34",3833,3646,63484,0,,,,-3.02,31.7,,1.1
"2025-11-02 01:36:35",3834,3647,63476,0,,,,-3.03,31.75,,1.1
"2025-11-02 01:36:36",3835,3648,63469,0,,8.7,87.5,-3.03,31.7,,1.1
"2025-11-02 01:36:37",3836,3649,63462,0,,9.85,87.8,-3.05,31.7,,1.1
"2025-11-02 01:36:38",3837,3650,63456,-38.162275,-72.584855,8.75,83.1,-3.05,31.75,,1.1
"2025-11-02 01:36:42",3840,3653,63425,0,,,,-3.09,31.75,,1
"2025-11-02 01:36:43",3841,3654,63417,0,,,,-3.1,31.75,,1
"2025-11-02 01:36:44",3842,3655,63410,0,,,,-3.1,31.75,,1
"2025-11-02 01:36:45",3843,3656,63402,0,,9.15,87.4,-3.11,31.75,,1
"2025-11-02 01:36:46",3844,3657,63395,0,,9.35,87.6,-3.11,31.75,,0.9
"2025-11-02 01:36:47",3845,3658,63388,-38.162242,-72.583935,8.65,91.5,-3.11,31.75,,0.9
"2025-11-02 01:36:48",3846,3659,63379,0,,9.75,88,-3.12,31.75,,0.9
"2025-11-02 01:36:49",3847,3660,63371,0,,8.9,87.4,-3.13,31.75,,0.9
"2025-11-02 01:36:50",3848,3661,63364,-38.162237,-72.583622,8.9,94.9,-3.14,31.7,,1
"2025-11-02 01:36:51",3849,3662,63355,0,,9.5,86.8,-3.14,31.65,,1
"2025-11-02 01:36:52",3850,3663,63346,0,,9,86.2,-3.16,31.65,,1
"2025-11-02 01:36:53",3851,3664,63338,-38.162232,-72.583307,9.35,91.7,-3.16,31.6,,1
"2025-11-02 01:36:57",3855,3668,63307,0,,9,84.6,-3.18,31.5,,1
"2025-11-02 01:36:58",3856,3669,63299,0,,9,90.1,-3.2,31.5,,1
"2025-11-02 01:36:59",3857,3670,63292,-38.162223,-72.582672,9.95,89.8,-3.2,31.45,0.75,1
"2025-11-02 01:37:00",3858,3671,63285,0,,9,86.4,-3.2,31.45,,1
"2025-11-02 01:37:01",3859,3672,63278,0,,9.5,92.4,-3.22,31.35,,1
"2025-11-02 01:37:02",3860,3673,63272,-38.16222,-72.58235,9.85,86.4,-3.23,31.3,,1
"2025-11-02 01:37:03",3861,3674,63265,0,,8.8,92,-3.23,31.2,,0.9
"2025-11-02 01:37:04",3861,3674,63259,0,,9.7,92,-3.24,31.2,,0.9
"2025-11-02 01:37:05",3862,3675,63254,-38.162215,-72.582033,9,85.5,-3.25,31.15,,0.9
"2025-11-02 01:37:06",3863,3676,63244,0,,8.65,89.5,-3.25,31.05,,0.9
"2025-11-02 01:37:07",3864,3677,63235,0,,9.7,89.6,-3.25,31,,0.9
"2025-11-02 01:37:08",3866,3679,63226,-38.162208,-72.581718,9.35,87.6,-3.26,30.95,,0.9
"2025-11-02 01:37:09",3867,3680,63218,0,,9.55,90.6,-3.27,30.9,,0.9
"2025-11-02 01:37:10",3868,3681,63210,0,,9.1,85.9,-3.28,30.9,,0.9
"2025-11-02 01:37:11",3869,3682,63202,-38.1622,-72.581407,8.5,87,-3.28,30.8,,0.9
"2025-11-02 01:37:12",3870,3683,63193,0,,9.9,92,-3.28,30.75,,1
"2025-11-02 01:37:13",3871,3684,63184,0,,9.4,87.1,-3.29,30.7,,1
"2025-11-02 01:37:14",3872,3685,63176,-38.1622,-72.58109,8.5,92.2,-3.3,30.65,,1
"2025-11-02 01:37:15",3873,3686,63168,0,,10.05,89.3,-3.29,30.65,,1
"2025-11-02 01:37:16",3874,3687,63160,0,,8.7,87.1,-3.3,30.55,,1
"2025-11-02 01:37:17",3875,3688,63152,-38.1622,-72.580777,8.75,93.4,-3.31,30.5,,1
"2025-11-02 01:37:18",3876,3689,63143,0,,9.75,87.9,-3.31,30.35,,1.1
"2025-11-02 01:37:19",3877,3690,63135,0,,9.1,86.2,-3.31,30.2,,1.1
"2025-11-02 01:37:20",3878,3691,63128,-38.162197,-72.580458,9.5,95.9,-3.32,30,,1
"2025-11-02 01:37:21",3879,3692,63120,0,,9.2,88.4,-3.32,29.85,,1
"2025-11-02 01:37:22",3880,3693,63113,0,,8.95,86.9,-3.32,29.65,,1
"2025-11-02 01:37:23",3881,3694,63106,-38.162193,-72.58014,9.9,92.3,-3.33,29.45,,1
"2025-11-02 01:37:25",3883,3696,63090,0,,9.55,90.3,-3.34,29.1,,1
"2025-11-02 01:37:26",3884,3697,63082,-38.162192,-72.579807,9.65,93.7,-3.34,28.9,0.5,1
"2025-11-02 01:37:27",3885,3698,63074,0,,9.15,86.2,-3.35,28.7,,1
"2025-11-02 01:37:28",3885,3698,63067,0,,9.7,91.5,-3.35,28.5,,1
"2025-11-02 01:37:29",3886,3699,63060,-38.162195,-72.579482,9.95,92.5,-3.37,28.3,,1
"2025-11-02 01:37:30",3887,3700,63051,0,,9.35,87.4,-3.37,28.05,,1
"2025-11-02 01:37:31",3888,3701,63043,0,,9.85,94,-3.35,27.95,,1
"2025-11-02 01:37:32",3889,3702,63036,-38.162202,-72.57915,9.85,93.4,-3.37,27.7,,1
"2025-11-02 01:37:33",3890,3703,63028,0,,9.85,93.4,-3.37,27.45,,1
"2025-11-02 01:37:34",3891,3704,63021,0,,10.25,91.2,-3.38,27.2,,1
"2025-11-02 01:37:35",3892,3705,63014,-38.1622,-72.578817,9.75,88.9,-3.38,27,,1
"2025-11-02 01:37:36",3893,3706,63005,0,,9.1,89.6,-3.38,26.75,,1
"2025-11-02 01:37:37",3894,3707,62996,0,,10.15,93.5,-3.39,26.55,,1
"2025-11-02 01:37:38",3895,3708,62988,-38.162205,-72.578487,10.15,90.2,-3.38,26.3,,1
"2025-11-02 01:37:39",3896,3709,62980,0,,9,88.6,-3.39,26.15,,1
"2025-11-02 01:37:40",3897,3710,62973,0,,10.2,94.5,-3.4,25.9,,1
"2025-11-02 01:37:41",3898,3711,62966,-38.162215,-72.57816,9.65,94,-3.4,25.75,,1
"2025-11-02 01:37:42",3899,3712,62958,0,,8.8,90.5,-3.4,25.6,,1
"2025-11-02 01:37:43",3900,3713,62950,0,,10.75,90,-3.4,25.45,,1
"2025-11-02 01:37:44",3901,3714,62942,-38.162218,-72.577833,9.15,91,-3.4,25.25,,1
"2025-11-02 01:37:45",3902,3715,62935,0,,9.5,93.3,-3.41,25.15,,1
"2025-11-02 01:37:46",3903,3716,62928,0,,10.45,87.5,-3.42,24.95,,1
"2025-11-02 01:37:47",3904,3717,62922,-38.162222,-72.577502,9.1,92.7,-3.41,24.8,,1
"2025-11-02 01:37:48",3905,3718,62914,0,,10.05,92.5,-3.42,24.7,,1
"2025-11-02 01:37:49",3906,3719,62907,0,,9.95,88.9,-3.42,24.55,,1
"2025-11-02 01:37:50",3907,3720,62900,-38.162227,-72.577172,9.15,92.4,-3.42,24.4,,0.9
"2025-11-02 01:37:51",3908,3721,62891,0,,10.25,92.7,-3.43,24.25,,0.9
"2025-11-02 01:37:52",3909,3722,62883,0,,10.25,92.7,-3.44,24.1,,0.9
"2025-11-02 01:37:53",3910,3723,62876,-38.162235,-72.57684,9.85,93,-3.44,23.95,0.25,0.9
"2025-11-02 01:37:56",3912,3725,62858,-38.162245,-72.576503,10.4,90.9,-3.46,23.45,,0.9
"2025-11-02 01:37:57",3913,3726,62848,0,,9.75,92.3,-3.48,23.2,,0.9
"2025-11-02 01:37:58",3914,3727,62839,0,,9.4,94.1,-3.48,23.2,,0.9
"2025-11-02 01:37:59",3915,3728,62830,-38.162257,-72.576168,10.35,92.6,-3.48,23,,1
"2025-11-02 01:38:00",3916,3729,62822,0,,9.7,88.8,-3.48,22.85,,1
"2025-11-02 01:38:01",3917,3730,62815,0,,9.7,95.4,-3.48,22.8,,1
"2025-11-02 01:38:02",3918,3731,62808,-38.162267,-72.57583,10.6,91.1,-3.49,22.75,,1
"2025-11-02 01:38:03",3919,3732,62800,0,,9.65,92.2,-3.5,22.75,,1
"2025-11-02 01:38:04",3920,3733,62793,0,,10.25,95.4,-3.52,22.8,,1
"2025-11-02 01:38:05",3921,3734,62786,-38.162278,-72.575487,10.1,91.2,-3.53,22.9,,1
"2025-11-02 01:38:06",3922,3735,62777,0,,9.35,93,-3.53,23.05,,1
"2025-11-02 01:38:07",3923,3736,62769,0,,9.9,89.1,-3.54,23.2,,1
"2025-11-02 01:38:08",3924,3737,62762,-38.162285,-72.575152,10.05,93.4,-3.56,23.25,,1
"2025-11-02 01:38:09",3925,3738,62753,0,,9.85,96.5,-3.57,23.5,,1
"2025-11-02 01:38:10",3926,3739,62744,0,,9.9,89.5,-3.57,23.65,,1
"2025-11-02 01:38:11",3927,3740,62736,-38.162298,-72.574817,9.45,93.8,-3.57,23.8,,1
"2025-11-02 01:38:12",3928,3741,62727,0,,9.6,95.4,-3.57,23.9,,1
"2025-11-02 01:38:13",3929,3742,62719,0,,10.05,89,-3.58,24,,1
"2025-11-02 01:38:14",3930,3743,62712,-38.162308,-72.574482,9.8,94.2,-3.59,24.1,,1
"2025-11-02 01:38:15",3931,3744,62704,0,,10.55,95.7,-3.6,24.2,,1
"2025-11-02 01:38:16",3932,3745,62696,0,,9.95,89.9,-3.6,24.3,,1
"2025-11-02 01:38:17",3933,3746,62688,-38.162327,-72.574137,9.95,97.9,-3.61,24.35,,1
"2025-11-02 01:38:18",3934,3747,62679,0,,10.2,95.8,-3.62,24.45,,1
"2025-11-02 01:38:19",3935,3748,62671,0,,9.55,91.8,-3.62,24.5,,1
"2025-11-02 01:38:20",3936,3749,62664,-38.162352,-72.573798,10.25,97.7,-3.64,24.55,0,1
"2025-11-02 01:38:22",3938,3751,62650,0,,9.3,91.8,-3.66,24.65,,1
"2025-11-02 01:38:23",3939,3752,62644,-38.16237,-72.573462,9.8,95.3,-3.67,24.7,,1
"2025-11-02 01:38:26",3942,3755,62620,-38.16239,-72.573115,10.25,93.2,-3.68,25,,1
"2025-11-02 01:38:28",3944,3757,62601,0,,10,96.3,-3.7,25.35,,1
"2025-11-02 01:38:29",3946,3759,62592,-38.162407,-72.572775,10.65,92.2,-3.71,25.45,,1
"2025-11-02 01:38:31",3947,3760,62579,0,,10.5,97.8,-3.72,25.5,,1
"2025-11-02 01:38:32",3948,3761,62574,-38.162423,-72.572423,10.3,91.4,-3.73,25.4,,1
"2025-11-02 01:38:34",3950,3763,62559,0,,10.25,95.9,-3.73,25.15,,1
"2025-11-02 01:38:35",3951,3764,62552,-38.162442,-72.57208,10.05,92.5,-3.73,25,,1
"2025-11-02 01:38:37",3953,3766,62535,0,,10.5,92,-3.73,24.8,,1
"2025-11-02 01:38:38",3954,3767,62528,-38.162453,-72.57174,9.85,90.6,-3.74,24.7,,1
"2025-11-02 01:38:39",3955,3768,62518,0,,,,-3.74,24.55,,1
"2025-11-02 01:38:40",3956,3769,62509,0,,,,-3.74,24.4,,1
"2025-11-02 01:38:41",3957,3770,62500,0,,,,-3.75,24.2,,1
"2025-11-02 01:38:42",3958,3771,62491,0,,9.6,95.4,-3.75,23.95,,1
"2025-11-02 01:38:43",3959,3772,62482,0,,9.85,89.8,-3.76,23.75,,1
"2025-11-02 01:38:44",3960,3773,62474,-38.16249,-72.571078,9.3,95.3,-3.75,23.45,,1
"2025-11-02 01:38:45",3961,3774,62465,0,,,,-3.75,23.2,,1
"2025-11-02 01:38:46",3962,3775,62457,0,,,,-3.75,22.9,,1
"2025-11-02 01:38:47",3963,3776,62450,0,,,,-3.75,22.65,0,1.1
"2025-11-02 01:38:48",3964,3777,62442,0,,10.65,91.9,-3.75,22.4,,1.1
"2025-11-02 01:38:49",3965,3778,62435,0,,9.45,91.8,-3.75,22.2,,1.1
"2025-11-02 01:38:50",3966,3779,62428,-38.162515,-72.570403,9.95,93.7,-3.74,22.05,,1.1
"2025-11-02 01:38:51",3967,3780,62421,0,,10.7,91.4,-3.75,21.95,,1
"2025-11-02 01:38:52",3968,3781,62414,0,,9.4,93.1,-3.75,21.75,,1
"2025-11-02 01:38:53",3969,3782,62408,-38.162532,-72.570058,10.35,96.7,-3.73,21.6,,1
"2025-11-02 01:38:55",3971,3784,62393,0,,9.6,90.7,-3.74,21.1,,1
"2025-11-02 01:38:56",3972,3785,62386,-38.162537,-72.569717,9.9,88.9,-3.73,20.8,,0.9
"2025-11-02 01:38:57",3973,3786,62377,0,,10.2,91.1,-3.73,20.45,,0.9
"2025-11-02 01:38:58",3974,3787,62368,0,,10.35,91.8,-3.71,20.1,,1
"2025-11-02 01:38:59",3975,3788,62360,-38.162538,-72.569365,10.5,87.5,-3.69,19.8,,1
"2025-11-02 01:39:00",3976,3789,62352,0,,9.9,89.4,-3.69,19.45,,1
"2025-11-02 01:39:01",3977,3790,62345,0,,10.55,92.1,-3.67,19.15,,1
"2025-11-02 01:39:02",3978,3791,62338,-38.162538,-72.569012,10.75,88.1,-3.67,18.8,,1
"2025-11-02 01:39:03",3979,3792,62329,0,,9.7,88.5,-3.67,18.45,,1
"2025-11-02 01:39:04",3980,3793,62320,0,,10.05,88.1,-3.64,18.2,,1
"2025-11-02 01:39:05",3981,3794,62312,-38.16253,-72.568667,10.5,86.5,-3.64,17.85,,1
"2025-11-02 01:39:06",3982,3795,62303,0,,10,89.7,-3.63,17.55,,1
"2025-11-02 01:39:07",3983,3796,62295,0,,10.95,88.8,-3.61,17.25,,1
"2025-11-02 01:39:08",3984,3797,62288,-38.162522,-72.568313,10.05,86.6,-3.61,16.9,,1
"2025-11-02 01:39:09",3985,3798,62280,0,,9.9,88,-3.6,16.55,,1
"2025-11-02 01:39:10",3986,3799,62273,0,,10.65,86.5,-3.59,16.3,,1
"2025-11-02 01:39:11",3987,3800,62266,-38.162508,-72.567967,9.65,87.9,-3.57,16,,1
"2025-11-02 01:39:12",3988,3801,62256,0,,10.1,87.7,-3.57,15.75,,1
"2025-11-02 01:39:13",3989,3802,62247,0,,10.8,84.4,-3.57,15.5,,1
"2025-11-02 01:39:14",3990,3803,62238,-38.162493,-72.567617,10,89.6,-3.56,15.25,-0.25,1.1
"2025-11-02 01:39:15",3991,3804,62230,0,,10.05,86.9,-3.55,15.1,,1.1
"2025-11-02 01:39:16",3992,3805,62222,0,,10.35,82.7,-3.54,14.9,,1.1
"2025-11-02 01:39:17",3994,3807,62214,-38.162475,-72.56727,9.8,87.7,-3.54,14.7,,1
"2025-11-02 01:39:18",3994,3807,62206,0,,10.35,84.4,-3.54,14.5,,1
"2025-11-02 01:39:19",3995,3808,62199,0,,10.2,83.7,-3.55,14.35,,1
"2025-11-02 01:39:20",3996,3809,62192,-38.162453,-72.566923,9.95,87.9,-3.54,14.2,,1
"2025-11-02 01:39:21",3997,3810,62184,0,,10.9,87.3,-3.54,14.05,,1
"2025-11-02 01:39:22",3998,3811,62176,0,,10.2,83.8,-3.55,13.85,,1
"2025-11-02 01:39:23",3999,3812,62168,-38.162437,-72.566568,10.45,86.6,-3.55,13.7,,1
"2025-11-02 01:39:26",4003,3816,62142,-38.16242,-72.566207,11.15,87,-3.57,13.4,,1
"2025-11-02 01:39:27",4004,3817,62133,0,,10.6,86.9,-3.57,13.3,,1
"2025-11-02 01:39:28",4005,3818,62124,0,,9.65,87.1,-3.57,13.2,,1
"2025-11-02 01:39:29",4006,3819,62116,-38.162405,-72.565852,10.85,86.4,-3.58,13.1,,1
"2025-11-02 01:39:30",4007,3820,62106,0,,10.5,81.1,-3.59,13,,1.1
"2025-11-02 01:39:31",4008,3821,62097,0,,10.45,86.8,-3.6,12.9,,1.1
"2025-11-02 01:39:32",4010,3823,62088,-38.162373,-72.565492,11.25,82.4,-3.6,12.85,,1.1
"2025-11-02 01:39:33",4011,3824,62079,0,,10.4,83.1,-3.6,12.75,,1.1
"2025-11-02 01:39:34",4012,3825,62071,0,,10.1,84.6,-3.6,12.7,,1.1
"2025-11-02 01:39:35",4013,3826,62064,-38.162338,-72.565138,10.45,81.8,-3.6,12.65,,1.1
"2025-11-02 01:39:36",4014,3827,62055,0,,10.65,80.8,-3.59,12.55,,1.1
"2025-11-02 01:39:37",4015,3828,62047,0,,11.1,83.6,-3.59,12.55,,1.1
"2025-11-02 01:39:38",4016,3829,62040,-38.162302,-72.564772,10.95,85,-3.59,12.45,,1.1
"2025-11-02 01:39:39",4017,3830,62028,0,,10.35,83.1,-3.59,12.4,,1.1
"2025-11-02 01:39:40",4019,3832,62016,0,,11.4,82.7,-3.6,12.4,,1.2
"2025-11-02 01:39:41",4020,3833,62004,-38.162263,-72.564403,10.55,80.6,-3.6,12.35,-0.25,1.2
"2025-11-02 01:39:42",4022,3835,61994,0,,10.3,83.3,-3.6,12.35,,1.2
"2025-11-02 01:39:43",4023,3836,61984,0,,11.05,82.4,-3.61,12.3,,1.2
"2025-11-02 01:39:44",4024,3837,61974,-38.162225,-72.564047,9.7,83.7,-3.61,12.25,,1.2
"2025-11-02 01:39:45",4025,3838,61963,0,,10.5,82.9,-3.62,12.2,,1.2
"2025-11-02 01:39:46",4027,3840,61953,0,,10.7,79,-3.61,12.2,,1.2
"2025-11-02 01:39:47",4028,3841,61944,-38.16218,-72.563697,10,77.8,-3.62,12.15,,1.3
"2025-11-02 01:39:48",4029,3842,61936,0,,10.7,81.6,-3.62,12.2,,1.3
"2025-11-02 01:39:49",4030,3843,61929,0,,10.7,81.6,-3.62,12.2,,1.2
"2025-11-02 01:39:50",4031,3844,61922,-38.162138,-72.563348,10.15,82.8,-3.62,12.15,,1.2
"2025-11-02 01:39:51",4032,3845,61910,0,,11.2,80.3,-3.63,12.15,,1.3
"2025-11-02 01:39:52",4034,3847,61899,0,,10.3,78.3,-3.66,12.15,,1.3
"2025-11-02 01:39:53",4035,3848,61888,-38.16209,-72.56299,10.3,82.9,-3.66,12.1,,1.3
"2025-11-02 01:39:55",4038,3851,61869,0,,10.1,82.7,-3.67,12.1,,1.2
"2025-11-02 01:39:56",4039,3852,61860,-38.16205,-72.562633,10.8,83.2,-3.67,12.1,,1.2
"2025-11-02 01:39:57",4040,3853,61851,0,,10.8,79.2,-3.67,12.1,,1.2
"2025-11-02 01:39:58",4041,3854,61843,0,,10.35,82.6,-3.67,12.1,,1.2
"2025-11-02 01:39:59",4042,3855,61836,-38.162008,-72.562272,11.25,82.2,-3.68,12.1,,1.2
"2025-11-02 01:40:00",4043,3856,61825,0,,10.65,76.5,-3.7,12.1,,1.2
"2025-11-02 01:40:01",4045,3858,61814,0,,10.45,82.7,-3.71,12.1,,1.2
"2025-11-02 01:40:02",4046,3859,61804,-38.161958,-72.561907,11.35,80.5,-3.72,12.1,,1.3
"2025-11-02 01:40:03",4048,3861,61791,0,,10.25,79.5,-3.73,12.1,,1.3
"2025-11-02 01:40:04",4049,3862,61778,0,,11.35,81.3,-3.73,12.1,,1.3
"2025-11-02 01:40:05",4051,3864,61766,-38.161908,-72.56154,11.1,80,-3.74,12.1,,1.3
"2025-11-02 01:40:06",4052,3865,61755,0,,10.4,78.3,-3.75,12.1,,1.3
"2025-11-02 01:40:07",4053,3866,61745,0,,11.55,82.9,-3.76,12.1,,1.3
"2025-11-02 01:40:08",4055,3868,61736,-38.16186,-72.561172,10.95,81.2,-3.77,12.1,-0.5,1.3
"2025-11-02 01:40:09",4056,3869,61726,0,,10,85.7,-3.78,12.1,,1.3
"2025-11-02 01:40:10",4057,3870,61717,0,,11.45,79.1,-3.81,12.1,,1.3
"2025-11-02 01:40:11",4058,3871,61708,-38.161817,-72.56081,10.3,77.4,-3.81,12.1,,1.3
"2025-11-02 01:40:12",4059,3872,61698,0,,11.2,80.9,-3.83,12.15,,1.4
"2025-11-02 01:40:13",4061,3874,61689,0,,10.85,75.7,-3.84,12.15,,1.3
"2025-11-02 01:40:14",4062,3875,61680,-38.161758,-72.56045,9.95,80.2,-3.84,12.15,,1.3
"2025-11-02 01:40:15",4063,3876,61669,0,,11.15,77.5,-3.86,12.1,,1.3
"2025-11-02 01:40:16",4065,3878,61658,0,,10.85,75.8,-3.87,12.1,,1.3
"2025-11-02 01:40:17",4066,3879,61648,-38.161695,-72.560083,11.25,82,-3.89,12.1,,1.3
"2025-11-02 01:40:18",4067,3880,61640,0,,11,75.6,-3.89,12.1,,1.2
"2025-11-02 01:40:19",4068,3881,61632,0,,10.15,77.4,-3.9,12.1,,1.2
"2025-11-02 01:40:20",4069,3882,61624,-38.16163,-72.55972,11.65,77.1,-3.93,12.1,,1.2
"2025-11-02 01:40:21",4070,3883,61613,0,,10.85,73.7,-3.93,12.1,,1.2
"2025-11-02 01:40:22",4072,3885,61603,0,,10.85,81,-3.93,12.1,,1.2
"2025-11-02 01:40:23",4073,3886,61594,-38.161562,-72.55935,11.55,76.6,-3.93,12.05,,1.2
"2025-11-02 01:40:26",4076,3889,61570,-38.1615,-72.55899,10.95,75.9,-3.94,12.05,,1.2
"2025-11-02 01:40:27",4077,3890,61562,0,,10.15,75,-3.97,12.05,,1.2
"2025-11-02 01:40:28",4078,3891,61554,0,,11.1,77.1,-3.98,12.05,,1.1
"2025-11-02 01:40:29",4079,3892,61546,-38.161428,-72.558637,11.25,75.9,-3.99,12.05,,1.1
"2025-11-02 01:40:30",4080,3893,61536,0,,10.5,79.4,-4.01,12.05,,1.1
"2025-11-02 01:40:31",4082,3895,61526,0,,11.2,75,-4.02,12.05,,1.1
"2025-11-02 01:40:32",4083,3896,61516,-38.161358,-72.558277,10.55,74.2,-4.04,12.05,,1.2
"2025-11-02 01:40:33",4084,3897,61504,0,,10.75,79.5,-4.05,12.05,,1.2
"2025-11-02 01:40:34",4086,3899,61494,0,,11.2,74.5,-4.05,12.05,,1.2
"2025-11-02 01:40:35",4087,3900,61484,-38.161287,-72.557917,10.3,75,-4.04,12.05,-0.5,1.2
"2025-11-02 01:40:36",4088,3901,61474,0,,,,-4.05,12.05,,1.2
"2025-11-02 01:40:37",4090,3903,61464,0,,,,-4.06,12.05,,1.2
"2025-11-02 01:40:38",4091,3904,61454,0,,,,-4.06,12.1,,1.2
"2025-11-02 01:40:39",4092,3905,61443,0,,10.05,79.7,-4.07,12.1,,1.3
"2025-11-02 01:40:40",4094,3907,61432,0,,10.1,74.8,-4.09,12.1,,1.3
"2025-11-02 01:40:41",4095,3908,61422,-38.161163,-72.557212,10.45,81.1,-4.11,12.15,,1.3
"2025-11-02 01:40:42",4096,3909,61412,0,,11.4,74.2,-4.11,12.15,,1.3
"2025-11-02 01:40:43",4097,3910,61403,0,,10.3,77.2,-4.12,12.15,,1.3
"2025-11-02 01:40:44",4099,3912,61394,-38.161102,-72.556852,10.8,81,-4.13,12.2,,1.3
"2025-11-02 01:40:45",4100,3913,61384,0,,11.1,77.7,-4.13,12.2,,1.3
"2025-11-02 01:40:46",4101,3914,61375,0,,10.1,79.2,-4.14,12.25,,1.3
"2025-11-02 01:40:47",4102,3915,61366,-38.161047,-72.556492,10.65,79.5,-4.15,12.25,,1.3
"2025-11-02 01:40:48",4103,3916,61356,0,,10.45,72.2,-4.15,12.25,,1.3
"2025-11-02 01:40:49",4105,3918,61347,0,,10.75,79.7,-4.15,12.25,,1.3
"2025-11-02 01:40:50",4106,3919,61338,-38.16098,-72.556132,11.6,76.7,-4.15,12.3,,1.2
"2025-11-02 01:40:52",4108,3921,61320,0,,10.85,82,-4.19,12.25,,1.2
"2025-11-02 01:40:53",4109,3922,61312,-38.16092,-72.555773,10.75,76.2,-4.18,12.3,,1.2
"2025-11-02 01:40:56",4113,3926,61280,-38.160853,-72.555415,10.35,75,-4.22,12.4,,1.2
"2025-11-02 01:40:58",4116,3929,61261,0,,11.4,76.5,-4.23,12.45,,1.2
"2025-11-02 01:40:59",4117,3930,61252,-38.160788,-72.555055,10.45,77.5,-4.23,12.45,,1.2
"2025-11-02 01:41:01",4119,3932,61233,0,,11.4,76.5,-4.22,12.45,,1.2
"2025-11-02 01:41:02",4121,3934,61224,-38.160728,-72.554693,10,79.8,-4.23,12.45,-0.75,1.2
"2025-11-02 01:41:04",4123,3936,61204,0,,10.7,72.8,-4.27,12.55,,1.2
"2025-11-02 01:41:05",4124,3937,61194,-38.160665,-72.554333,10.55,79.4,-4.28,12.6,,1.3
"2025-11-02 01:41:07",4127,3940,61174,0,,11.1,77.6,-4.29,12.65,,1.3
"2025-11-02 01:41:08",4128,3941,61164,-38.160605,-72.553957,10.8,81,-4.3,12.7,,1.3
"2025-11-02 01:41:10",4131,3944,61142,0,,10.45,79,-4.31,12.7,,1.3
"2025-11-02 01:41:11",4132,3945,61132,-38.160552,-72.55359,11.35,80.8,-4.32,12.75,,1.3
"2025-11-02 01:41:12",4134,3947,61120,0,,,,-4.33,12.75,,1.3
"2025-11-02 01:41:13",4135,3948,61109,0,,,,-4.34,12.8,,1.3
"2025-11-02 01:41:14",4137,3950,61098,0,,,,-4.34,12.8,,1.3
"2025-11-02 01:41:15",4138,3951,61088,0,,10.55,74.3,-4.36,12.85,,1.4
"2025-11-02 01:41:16",4139,3952,61079,0,,11.25,82.2,-4.38,12.85,,1.3
"2025-11-02 01:41:17",4140,3953,61070,-38.160432,-72.552852,11.65,79,-4.41,12.85,,1.3
"2025-11-02 01:41:18",4142,3955,61059,0,,10.45,76.2,-4.41,12.85,,1.3
"2025-11-02 01:41:19",4143,3956,61048,0,,11.55,80.9,-4.41,12.85,,1.4
"2025-11-02 01:41:20",4145,3958,61038,-38.160372,-72.552483,10.9,75.8,-4.41,12.85,,1.4
"2025-11-02 01:41:21",4145,3958,61031,0,,10.9,78.8,-4.41,12.85,,1.3
"2025-11-02 01:41:22",4146,3959,61024,0,,11.8,78.2,-4.41,12.9,,1.3
"2025-11-02 01:41:23",4147,3960,61018,-38.160303,-72.552112,10.95,75.3,-4.41,12.9,,1.2
"2025-11-02 01:41:24",4148,3961,61007,0,,11.15,81.5,-4.42,12.85,,1.2
"2025-11-02 01:41:25",4150,3963,60997,0,,11.25,75.3,-4.43,12.85,,1.2
"2025-11-02 01:41:26",4151,3964,60988,-38.160242,-72.551748,10.4,79,-4.45,12.9,,1.2
"2025-11-02 01:41:27",4153,3966,60976,0,,11.5,79.3,-4.45,12.9,,1.2
"2025-11-02 01:41:28",4154,3967,60965,0,,10.7,77.2,-4.46,12.95,,1.2
"2025-11-02 01:41:29",4155,3968,60954,-38.160178,-72.551382,11,77.9,-4.48,12.95,-1,1.3
"2025-11-02 01:41:30",4157,3970,60943,0,,11.95,76.6,-4.49,12.95,,1.3
"2025-11-02 01:41:31",4158,3971,60932,0,,10.9,76.4,-4.49,13,,1.3
"2025-11-02 01:41:32",4160,3973,60922,-38.160112,-72.551,11.95,81.4,-4.5,13.05,,1.3
"2025-11-02 01:41:33",4161,3974,60911,0,,11.25,77.1,-4.51,13.05,,1.3
"2025-11-02 01:41:34",4162,3975,60900,0,,10.75,78,-4.51,13.05,,1.3
"2025-11-02 01:41:35",4164,3977,60890,-38.160048,-72.550617,12.15,77.9,-4.53,13.1,,1.3
"2025-11-02 01:41:36",4165,3978,60881,0,,11.25,76.6,-4.53,13.1,,1.4
"2025-11-02 01:41:37",4166,3979,60872,0,,11.3,82.2,-4.55,13.15,,1.4
"2025-11-02 01:41:38",4167,3980,60864,-38.159987,-72.550225,12.15,77.2,-4.56,13.15,,1.3
"2025-11-02 01:41:39",4169,3982,60852,0,,10.8,78.1,-4.57,13.15,,1.3
"2025-11-02 01:41:40",4170,3983,60842,0,,11.5,81.7,-4.58,13.15,,1.3
"2025-11-02 01:41:41",4171,3984,60832,-38.159927,-72.549838,11.8,77.8,-4.59,13.2,,1.3
"2025-11-02 01:41:42",4173,3986,60821,0,,10.9,76.2,-4.6,13.2,,1.3
"2025-11-02 01:41:43",4174,3987,60810,0,,11.95,79.7,-4.6,13.2,,1.3
"2025-11-02 01:41:44",4176,3989,60800,-38.15986,-72.549452,11.65,75.4,-4.62,13.3,,1.3
"2025-11-02 01:41:45",4177,3990,60788,0,,11,78.5,-4.63,13.4,,1.3
"2025-11-02 01:41:46",4178,3991,60777,0,,12.3,79.6,-4.63,13.4,,1.3
"2025-11-02 01:41:47",4180,3993,60766,-38.159792,-72.549065,11.35,73.2,-4.65,13.5,,1.3
"2025-11-02 01:41:48",4181,3994,60755,0,,11.45,81.9,-4.66,13.6,,1.4
"2025-11-02 01:41:49",4182,3995,60745,0,,12.15,76.9,-4.67,13.65,,1.4
"2025-11-02 01:41:50",4184,3997,60736,-38.15973,-72.548675,10.8,79.8,-4.71,13.65,,1.4
"2025-11-02 01:41:51",4185,3998,60725,0,,12.05,80,-4.71,13.75,,1.4
"2025-11-02 01:41:52",4186,3999,60715,0,,11.85,76.4,-4.72,13.85,,1.4
"2025-11-02 01:41:53",4188,4001,60706,-38.15967,-72.548283,11.15,79.7,-4.73,13.9,,1.4
"2025-11-02 01:41:56",4192,4005,60676,-38.159622,-72.547893,11.55,83.9,-4.77,14.15,-1,1.3
"2025-11-02 01:41:57",4193,4006,60667,0,,11.9,79.4,-4.79,14.15,,1.3
"2025-11-02 01:41:58",4194,4007,60659,0,,10.85,80,-4.79,14.2,,1.3
"2025-11-02 01:41:59",4195,4008,60652,-38.159568,-72.54751,11.2,81.2,-4.8,14.3,,1.2
"2025-11-02 01:42:00",4196,4009,60642,0,,11.2,81.2,-4.81,14.4,,1.2
"2025-11-02 01:42:01",4197,4010,60632,0,,11.75,80.8,-4.82,14.45,,1.2
"2025-11-02 01:42:02",4199,4012,60622,-38.159512,-72.547122,12.05,81.1,-4.83,14.55,,1.2
"2025-11-02 01:42:03",4200,4013,60610,0,,11.2,77.7,-4.85,14.6,,1.3
"2025-11-02 01:42:04",4202,4015,60599,0,,11.2,81.4,-4.86,14.65,,1.3
"2025-11-02 01:42:05",4203,4016,60588,-38.159457,-72.546738,11.65,79.2,-4.87,14.75,,1.3
"2025-11-02 01:42:06",4204,4017,60577,0,,11.65,79.2,-4.88,14.9,,1.3
"2025-11-02 01:42:07",4206,4019,60566,0,,12,83.5,-4.89,15,,1.3
"2025-11-02 01:42:08",4207,4020,60556,-38.159407,-72.54634,12,77.6,-4.91,15.15,,1.3
"2025-11-02 01:42:09",4208,4021,60546,0,,10.85,81.4,-4.91,15.25,,1.3
"2025-11-02 01:42:10",4210,4023,60537,0,,11.95,81.1,-4.92,15.45,,1.3
"2025-11-02 01:42:11",4211,4024,60528,-38.159348,-72.545948,11.5,76,-4.94,15.65,,1.3
"2025-11-02 01:42:12",4212,4025,60519,0,,11.15,81.9,-4.95,15.8,,1.3
"2025-11-02 01:42:13",4213,4026,60510,0,,12.3,80,-4.95,16,,1.3
"2025-11-02 01:42:14",4214,4027,60502,-38.159293,-72.545557,11.6,77.9,-4.97,16.15,,1.3
"2025-11-02 01:42:15",4215,4028,60492,0,,11.15,84.4,-4.98,16.35,,1.3
"2025-11-02 01:42:16",4217,4030,60483,0,,11.75,78.2,-5,16.5,,1.3
"2025-11-02 01:42:17",4218,4031,60474,-38.159242,-72.545175,10.7,81.2,-5.02,16.65,,1.2
"2025-11-02 01:42:18",4219,4032,60464,0,,11.6,83.4,-5.03,16.85,,1.2
"2025-11-02 01:42:19",4220,4033,60455,0,,11.3,77.7,-5.04,16.95,,1.2
"2025-11-02 01:42:20",4222,4035,60446,-38.159193,-72.544793,11.3,80.5,-5.05,17.1,,1.2
"2025-11-02 01:42:21",4223,4036,60434,0,,11.3,80.5,-5.06,17.3,,1.2
"2025-11-02 01:42:22",4225,4038,60423,0,,11,79.9,-5.07,17.4,,1.2
"2025-11-02 01:42:23",4226,4039,60412,-38.15915,-72.544403,11.4,83.4,-5.09,17.5,-1.25,1.3
"2025-11-02 01:42:24",4227,4040,60401,0,,11.4,83.4,-5.09,17.6,,1.3
"2025-11-02 01:42:25",4229,4042,60391,0,,10.95,80.2,-5.11,17.7,,1.3
"2025-11-02 01:42:26",4230,4043,60382,-38.1591,-72.544018,12.25,81.6,-5.12,17.8,,1.3
"2025-11-02 01:42:27",4231,4044,60371,0,,11.55,82,-5.12,17.85,,1.3
"2025-11-02 01:42:28",4233,4046,60360,0,,10.85,83.7,-5.14,17.9,,1.3
"2025-11-02 01:42:29",4234,4047,60350,-38.15906,-72.543635,11.85,81.8,-5.16,18,,1.3
"2025-11-02 01:42:30",4235,4048,60341,0,,10.9,79.6,-5.17,18.05,,1.3
"2025-11-02 01:42:31",4236,4049,60332,0,,11.45,85.9,-5.17,18.1,,1.3
"2025-11-02 01:42:32",4237,4050,60324,-38.159017,-72.543247,12.15,81,-5.18,18.15,,1.3
"2025-11-02 01:42:33",4239,4052,60314,0,,,,-5.19,18.2,,1.3
"2025-11-02 01:42:34",4240,4053,60305,0,,,,-5.2,18.2,,1.3
"2025-11-02 01:42:35",4241,4054,60296,0,,,,-5.21,18.25,,1.3
"2025-11-02 01:42:36",4242,4055,60288,0,,10.85,83.8,-5.24,18.25,,1.2
"2025-11-02 01:42:37",4243,4056,60280,0,,12.2,81.4,-5.25,18.3,,1.2
"2025-11-02 01:42:38",4244,4057,60272,-38.158923,-72.542468,11.1,79.4,-5.25,18.35,,1.2
"2025-11-02 01:42:39",4246,4059,60261,0,,11.5,84.8,-5.26,18.35,,1.2
"2025-11-02 01:42:40",4247,4060,60250,0,,11.8,79.3,-5.27,18.35,,1.2
"2025-11-02 01:42:41",4248,4061,60240,-38.15888,-72.542083,10.65,83.7,-5.29,18.4,,1.2
"2025-11-02 01:42:42",4250,4063,60231,0,,11.85,83.7,-5.3,18.4,,1.2
"2025-11-02 01:42:43",4251,4064,60222,0,,11.05,78,-5.31,18.45,,1.2
"2025-11-02 01:42:44",4252,4065,60214,-38.158837,-72.541705,11.05,83.7,-5.32,18.45,,1.2
"2025-11-02 01:42:45",4253,4066,60203,0,,11.95,79.9,-5.33,18.6,,1.2
"2025-11-02 01:42:46",4255,4068,60193,0,,10.95,78.9,-5.34,18.7,,1.2
"2025-11-02 01:42:47",4256,4069,60184,-38.158788,-72.541323,11.2,82.1,-5.35,18.85,,1.2
"2025-11-02 01:42:48",4257,4070,60175,0,,12.1,81.2,-5.35,19,,1.2
"2025-11-02 01:42:49",4258,4071,60166,0,,11.45,80.8,-5.36,19.15,,1.2
"2025-11-02 01:42:50",4259,4072,60158,-38.15874,-72.54093,11.35,82.4,-5.36,19.25,-1.5,1.2
"2025-11-02 01:42:51",4260,4073,60150,0,,11,80.2,-5.36,19.4,,1.2
"2025-11-02 01:42:52",4261,4074,60143,0,,11.45,80.7,-5.36,19.5,,1.2
"2025-11-02 01:42:53",4262,4075,60136,-38.158673,-72.540417,11.75,80.9,-5.38,19.65,,1.2
"2025-11-02 01:42:56",4266,4079,60106,-38.158645,-72.540165,10.75,79.6,-5.41,19.85,,1.2
"2025-11-02 01:42:57",4267,4080,60095,0,,11.25,81.2,-5.41,19.95,,1.2
"2025-11-02 01:42:58",4269,4082,60084,0,,11.8,81.8,-5.42,19.95,,1.2
"2025-11-02 01:42:59",4270,4083,60074,-38.158578,-72.53966,11.1,79.5,-5.45,20,,1.2
"2025-11-02 01:43:00",4272,4085,60063,0,,11.1,79.5,-5.45,20,,1.2
"2025-11-02 01:43:01",4273,4086,60052,0,,11.65,84,-5.45,19.95,,1.2
"2025-11-02 01:43:02",4274,4087,60042,-38.158553,-72.539408,10.35,81.6,-5.46,19.9,,1.3
"2025-11-02 01:43:03",4276,4089,60032,0,,11.3,81.3,-5.48,19.85,,1.3
"2025-11-02 01:43:04",4277,4090,60022,0,,11.45,79.7,-5.48,19.75,,1.3
"2025-11-02 01:43:05",4278,4091,60012,-38.158503,-72.539035,10.45,80.9,-5.48,19.75,,1.3
"2025-11-02 01:43:06",4280,4093,60003,0,,11.35,83.8,-5.49,19.7,,1.3
"2025-11-02 01:43:07",4281,4094,59994,0,,10.85,78.9,-5.49,19.7,,1.3
"2025-11-02 01:43:08",4282,4095,59986,-38.158462,-72.538668,10.15,82.2,-5.5,19.65,,1.3
"2025-11-02 01:43:09",4283,4096,59977,0,,11.6,81.2,-5.51,19.7,,1.3
"2025-11-02 01:43:10",4284,4097,59968,0,,10.7,78.1,-5.52,19.65,,1.3
"2025-11-02 01:43:11",4285,4098,59960,-38.1584,-72.538175,10.85,82,-5.52,19.65,,1.2
"2025-11-02 01:43:12",4286,4099,59951,0,,10.85,82,-5.53,19.6,,1.2
"2025-11-02 01:43:13",4288,4101,59941,0,,10.2,82.5,-5.54,19.55,,1.2
"2025-11-02 01:43:14",4289,4102,59932,-38.158377,-72.537935,10.8,84.4,-5.54,19.5,,1.2
"2025-11-02 01:43:15",4290,4103,59923,0,,10.8,84.4,-5.54,19.45,,1.2
"2025-11-02 01:43:16",4291,4104,59914,0,,10.4,82.3,-5.55,19.4,,1.2
"2025-11-02 01:43:17",4292,4105,59906,-38.158318,-72.537443,11.05,83.1,-5.56,19.35,-1.75,1.2
"2025-11-02 01:43:18",4294,4107,59896,0,,11.1,83.1,-5.56,19.35,,1.2
"2025-11-02 01:43:19",4295,4108,59887,0,,10.35,83.3,-5.56,19.3,,1.2
"2025-11-02 01:43:20",4296,4109,59878,-38.158285,-72.5372,11.55,78.8,-5.57,19.3,,1.2
"2025-11-02 01:43:22",4298,4111,59859,0,,11,85.4,-5.61,19.3,,1.2
"2025-11-02 01:43:23",4300,4113,59850,-38.15822,-72.536717,10.95,78,-5.61,19.3,,1.2
"2025-11-02 01:43:26",4303,4116,59828,-38.15819,-72.536477,11.05,77.4,-5.63,19.25,,1.1
"2025-11-02 01:43:31",4309,4122,59782,0,,10.65,84.4,-5.66,19.2,,1.1
"2025-11-02 01:43:32",4310,4123,59774,-38.158103,-72.535758,10.15,81,-5.66,19.2,,1.1
"2025-11-02 01:43:34",4312,4125,59756,0,,10.8,78.1,-5.68,19.15,,1.1
"2025-11-02 01:43:35",4313,4126,59748,-38.158055,-72.535398,10.2,79.6,-5.69,19.15,,1.1
"2025-11-02 01:43:37",4316,4129,59723,0,,10.8,81.2,-5.71,19.05,,1.2
"2025-11-02 01:43:38",4318,4131,59712,-38.158015,-72.535032,10.3,83.7,-5.74,19.05,,1.3
"2025-11-02 01:43:40",4320,4133,59694,0,,10.4,78.3,-5.76,19,,1.2
"2025-11-02 01:43:41",4321,4134,59686,-38.15796,-72.534547,10.25,84,-5.76,18.95,,1.2
"2025-11-02 01:43:42",4322,4135,59678,0,,10.25,84,-5.76,18.9,,1.2
"2025-11-02 01:43:43",4323,4136,59671,0,,10.7,80.5,-5.77,18.85,,1.2
"2025-11-02 01:43:44",4324,4137,59664,-38.157933,-72.534302,10.5,84.2,-5.77,18.85,-2,1.2
"2025-11-02 01:43:45",4325,4138,59654,0,,,,-5.78,18.85,,1.2
"2025-11-02 01:43:46",4327,4140,59644,0,,,,-5.79,18.85,,1.2
"2025-11-02 01:43:47",4328,4141,59634,0,,,,-5.8,18.8,,1.2
"2025-11-02 01:43:48",4329,4142,59626,0,,10.95,82.8,-5.81,18.8,,1.2
"2025-11-02 01:43:49",4330,4143,59619,0,,10.45,80.7,-5.82,18.8,,1.2
"2025-11-02 01:43:50",4331,4144,59612,-38.157847,-72.53357,11.1,83.5,-5.82,18.8,,1.1
"2025-11-02 01:43:51",4332,4145,59604,0,,11.1,77.3,-5.83,18.8,,1.1
"2025-11-02 01:43:52",4333,4146,59596,0,,10.7,80.8,-5.84,18.8,,1.1
"2025-11-02 01:43:53",4334,4147,59588,-38.157797,-72.533198,10.9,83.6,-5.86,18.85,,1.1
"2025-11-02 01:43:55",4337,4150,59567,0,,11.05,83.8,-5.89,18.9,,1.1
"2025-11-02 01:43:56",4338,4151,59558,-38.15775,-72.532832,11.05,77.9,-5.9,18.95,,1.2
"2025-11-02 01:43:57",4339,4152,59549,0,,10.25,79.7,-5.91,18.95,,1.2
"2025-11-02 01:43:58",4340,4153,59540,0,,10.95,84.6,-5.92,19,,1.2
"2025-11-02 01:43:59",4342,4155,59532,-38.1577,-72.53247,10.6,79.1,-5.92,19,,1.1
"2025-11-02 01:44:00",4342,4155,59525,0,,10.6,79.1,-5.92,19,,1.1
"2025-11-02 01:44:01",4343,4156,59518,0,,11,84.3,-5.94,19.05,,1.1
"2025-11-02 01:44:02",4344,4157,59512,-38.157637,-72.531988,10.75,79.2,-5.95,19.05,,1.1
"2025-11-02 01:44:03",4345,4158,59502,0,,10.75,79.2,-5.97,19.05,,1.1
"2025-11-02 01:44:04",4347,4160,59493,0,,10.95,79,-5.98,19.05,,1.1
"2025-11-02 01:44:05",4348,4161,59484,-38.157602,-72.531743,10.9,81.4,-5.99,19.15,,1.1
"2025-11-02 01:44:06",4349,4162,59474,0,,11.15,82.7,-6,19.2,,1.1
"2025-11-02 01:44:07",4350,4163,59466,0,,10.5,79.5,-6.01,19.3,,1.1
"2025-11-02 01:44:08",4351,4164,59458,-38.157557,-72.531378,10.2,79.7,-6.01,19.35,,1.1
"2025-11-02 01:44:09",4352,4165,59449,0,,11.1,81.2,-6.03,19.4,,1.1
"2025-11-02 01:44:10",4354,4167,59440,0,,10.8,81,-6.05,19.45,,1.1
"2025-11-02 01:44:11",4355,4168,59432,-38.157495,-72.530885,11,81,-6.05,19.5,-2,1.1
"2025-11-02 01:44:12",4356,4169,59423,0,,10.95,81,-6.06,19.55,,1.1
"2025-11-02 01:44:13",4357,4170,59414,0,,10,80.4,-6.07,19.55,,1.1
"2025-11-02 01:44:14",4358,4171,59406,-38.157467,-72.530647,10.9,82.8,-6.08,19.55,,1.2
"2025-11-02 01:44:15",4360,4173,59396,0,,10.95,76.9,-6.08,19.5,,1.2
"2025-11-02 01:44:16",4361,4174,59386,0,,10.65,80.7,-6.09,19.5,,1.2
"2025-11-02 01:44:17",4362,4175,59376,-38.157413,-72.530277,11.55,81.7,-6.11,19.5,,1.2
"2025-11-02 01:44:18",4363,4176,59366,0,,10.35,77.4,-6.11,19.45,,1.2
"2025-11-02 01:44:19",4365,4178,59357,0,,10.4,82.9,-6.12,19.45,,1.2
"2025-11-02 01:44:20",4366,4179,59348,-38.157367,-72.529913,11.35,81.1,-6.13,19.45,,1.2
"2025-11-02 01:44:21",4367,4180,59338,0,,10.7,78.9,-6.14,19.45,,1.2
"2025-11-02 01:44:22",4368,4181,59329,0,,11.05,84.3,-6.15,19.45,,1.2
"2025-11-02 01:44:23",4370,4183,59320,-38.157322,-72.529547,10.9,77.7,-6.16,19.5,,1.2
"2025-11-02 01:44:26",4373,4186,59296,-38.157268,-72.529188,11.05,76.1,-6.2,19.65,,1.2
"2025-11-02 01:44:27",4374,4187,59287,0,,10.2,82,-6.21,19.75,,1.2
"2025-11-02 01:44:28",4375,4188,59278,0,,11,83.5,-6.22,19.8,,1.2
"2025-11-02 01:44:29",4376,4189,59270,-38.15722,-72.528828,10.7,75.2,-6.23,19.9,,1.2
"2025-11-02 01:44:30",4377,4190,59263,0,,10.75,75.2,-6.24,19.95,,1.1
"2025-11-02 01:44:31",4378,4191,59256,0,,10.9,78,-6.25,20.05,,1.1
"2025-11-02 01:44:32",4379,4192,59250,-38.157172,-72.528477,10.2,79,-6.26,20.15,,1.1
"2025-11-02 01:44:33",4380,4193,59241,0,,10.45,82.7,-6.29,20.2,,1.1
"2025-11-02 01:44:34",4381,4194,59232,0,,10.5,76.7,-6.29,20.3,,1.1
"2025-11-02 01:44:35",4382,4195,59224,-38.157122,-72.528128,9.9,81.7,-6.29,20.4,,1.1
"2025-11-02 01:44:36",4384,4197,59214,0,,11.1,82,-6.29,20.45,,1.1
"2025-11-02 01:44:37",4385,4198,59205,0,,10.5,76.5,-6.29,20.6,,1.1
"2025-11-02 01:44:38",4386,4199,59196,-38.157072,-72.527773,10.05,79.3,-6.29,20.65,-2.5,1.1
"2025-11-02 01:44:39",4387,4200,59187,0,,11.2,82,-6.3,20.8,,1.1
"2025-11-02 01:44:40",4388,4201,59179,0,,10.3,78.9,-6.33,20.85,,1.1
"2025-11-02 01:44:41",4389,4202,59172,-38.157028,-72.527412,10.6,84.1,-6.34,20.95,,1.1
"2025-11-02 01:44:42",4390,4203,59164,0,,10.7,80.9,-6.35,21.05,,1.1
"2025-11-02 01:44:43",4391,4204,59157,0,,10.05,80.9,-6.37,21.1,,1.1
"2025-11-02 01:44:44",4392,4205,59150,-38.156988,-72.527053,10.9,82.6,-6.38,21.2,,1.1
"2025-11-02 01:44:45",4393,4206,59141,0,,10.9,77.4,-6.39,21.25,,1.1
"2025-11-02 01:44:46",4394,4207,59132,0,,10.45,84.4,-6.39,21.35,,1.1
"2025-11-02 01:44:47",4396,4209,59124,-38.156943,-72.526687,11.35,81.1,-6.41,21.4,,1.1
"2025-11-02 01:44:48",4397,4210,59116,0,,11.35,81.1,-6.42,21.5,,1.1
"2025-11-02 01:44:49",4398,4211,59109,0,,10.1,81.1,-6.43,21.55,,1.1
"2025-11-02 01:44:50",4399,4212,59102,-38.1569,-72.526335,10.85,78.3,-6.43,21.55,,1.1
"2025-11-02 01:44:51",4399,4212,59094,0,,10,83,-6.44,21.65,,1
"2025-11-02 01:44:52",4400,4213,59087,0,,10.6,83,-6.47,21.7,,1
"2025-11-02 01:44:53",4401,4214,59080,-38.156857,-72.525982,10.6,78.8,-6.48,21.8,,1
"2025-11-02 01:44:55",4404,4217,59060,0,,10.75,80.2,-6.49,21.95,,1.1
"2025-11-02 01:44:56",4405,4218,59050,-38.156812,-72.52563,10.65,78.7,-6.51,22,,1.1
"2025-11-02 01:44:57",4406,4219,59042,0,,,,-6.52,22.05,,1.1
"2025-11-02 01:44:58",4408,4221,59034,0,,,,-6.54,22.1,,1.1
"2025-11-02 01:44:59",4409,4222,59026,0,,,,-6.55,22.15,,1.1
"2025-11-02 01:45:00",4410,4223,59015,0,,9.95,82.8,-6.55,22.25,,1.1
"2025-11-02 01:45:01",4411,4224,59005,0,,10.8,78.9,-6.56,22.3,,1.1
"2025-11-02 01:45:02",4413,4226,58996,-38.156713,-72.52492,10.35,80.2,-6.56,22.35,,1.2
"2025-11-02 01:45:03",4414,4227,58986,0,,,,-6.58,22.45,,1.2
"2025-11-02 01:45:04",4415,4228,58977,0,,,,-6.59,22.45,,1.2
"2025-11-02 01:45:05",4416,4229,58968,0,,,,-6.6,22.5,-2.5,1.2
"2025-11-02 01:45:06",4417,4230,58960,0,,10.6,80.5,-6.62,22.55,,1.2
"2025-11-02 01:45:07",4418,4231,58952,0,,10.6,77.9,-6.63,22.55,,1.2
"2025-11-02 01:45:08",4420,4233,58944,-38.15662,-72.5241,9.75,83,-6.63,22.6,,1.2
"2025-11-02 01:45:09",4420,4233,58937,0,,10.65,82.2,-6.63,22.6,,1.2
"2025-11-02 01:45:10",4421,4234,58930,0,,10.65,82.2,-6.64,22.6,,1.1
"2025-11-02 01:45:11",4422,4235,58924,-38.156585,-72.523865,10.2,81.7,-6.65,22.6,,1.1
"2025-11-02 01:45:12",4424,4237,58913,0,,10.95,80.8,-6.66,22.6,,1.1
"2025-11-02 01:45:13",4425,4238,58903,0,,10,77.1,-6.67,22.6,,1.1
"2025-11-02 01:45:14",4426,4239,58894,-38.156538,-72.523513,10.65,83.5,-6.68,22.55,,1.1
"2025-11-02 01:45:15",4427,4240,58886,0,,10.75,78.6,-6.69,22.55,,1.1
"2025-11-02 01:45:16",4428,4241,58879,0,,9.75,79,-6.69,22.5,,1.1
"2025-11-02 01:45:17",4429,4242,58872,-38.156493,-72.523158,11.3,83.1,-6.71,22.5,,1.1
"2025-11-02 01:45:18",4430,4243,58863,0,,10.5,78.2,-6.73,22.5,,1.1
"2025-11-02 01:45:19",4431,4244,58854,0,,10,83.7,-6.74,22.45,,1.1
"2025-11-02 01:45:20",4433,4246,58846,-38.156455,-72.522803,10.9,83.1,-6.74,22.45,,1.1
"2025-11-02 01:45:21",4434,4247,58837,0,,10.35,78.6,-6.74,22.4,,1.1
"2025-11-02 01:45:22",4435,4248,58828,0,,10.1,84.7,-6.74,22.4,,1.1
"2025-11-02 01:45:23",4436,4249,58820,-38.156408,-72.522452,10.85,78.2,-6.74,22.35,,1.1
"2025-11-02 01:45:26",4439,4252,58796,-38.156357,-72.5221,10.8,76.1,-6.75,22.2,,1.1
"2025-11-02 01:45:27",4440,4253,58789,0,,9.95,79.9,-6.77,22.1,,1.1
"2025-11-02 01:45:28",4441,4254,58782,0,,10.9,81,-6.79,22.05,,1.1
"2025-11-02 01:45:29",4442,4255,58776,-38.156307,-72.521747,10.35,76.5,-6.79,21.95,,1.1
"2025-11-02 01:45:30",4443,4256,58766,0,,10.35,83.3,-6.79,21.85,,1.1
"2025-11-02 01:45:31",4444,4257,58758,0,,10.8,81.6,-6.8,21.75,,1.1
"2025-11-02 01:45:32",4445,4258,58750,-38.156257,-72.521395,10.1,76.3,-6.81,21.65,-2.75,1.1
"2025-11-02 01:45:33",4446,4259,58743,0,,10.35,81,-6.82,21.55,,1
"2025-11-02 01:45:34",4447,4260,58736,0,,11.2,83,-6.82,21.55,,1
"2025-11-02 01:45:35",4448,4261,58730,-38.156212,-72.521042,9.85,78.3,-6.83,21.45,,1
"2025-11-02 01:45:36",4449,4262,58721,0,,9.85,78.3,-6.84,21.4,,1
"2025-11-02 01:45:37",4450,4263,58713,0,,10.75,76.1,-6.84,21.35,,1
"2025-11-02 01:45:38",4451,4264,58706,-38.15616,-72.520688,9.95,81,-6.85,21.3,,1
"2025-11-02 01:45:39",4452,4265,58699,0,,,,-6.86,21.3,,1
"2025-11-02 01:45:40",4453,4266,58690,0,,,,-6.87,21.3,,1
"2025-11-02 01:45:41",4454,4267,58682,0,,,,-6.89,21.3,,1
"2025-11-02 01:45:42",4456,4269,58669,0,,11.25,79.3,-6.89,21.35,,1.1
"2025-11-02 01:45:43",4457,4270,58659,0,,10.05,76.4,-6.89,21.35,,1.1
"2025-11-02 01:45:44",4459,4272,58650,-38.15605,-72.519982,10.4,81.5,-6.9,21.3,,1.1
"2025-11-02 01:45:45",4460,4273,58643,0,,11.1,77.8,-6.92,21.25,,1.1
"2025-11-02 01:45:46",4461,4274,58634,0,,11.1,77.8,-6.92,21.2,,1.1
"2025-11-02 01:45:47",4462,4275,58626,-38.155998,-72.519633,10.95,79.5,-6.92,21.15,,1.1
"2025-11-02 01:45:48",4463,4276,58618,0,,10.55,74.7,-6.94,21.1,,1.1
"2025-11-02 01:45:49",4464,4277,58611,0,,10.05,82.3,-6.95,21.05,,1.1
"2025-11-02 01:45:50",4465,4278,58604,-38.155938,-72.519277,11.25,77.4,-6.96,21.1,,1.1
"2025-11-02 01:45:52",4467,4280,58590,0,,10.6,82.6,-6.97,21.3,,1.1
"2025-11-02 01:45:53",4468,4281,58584,-38.15588,-72.51892,11.2,75.2,-6.98,21.35,,1.1
"2025-11-02 01:45:56",4471,4284,58560,-38.155807,-72.518445,10.75,75.9,-7,21.65,,1
"2025-11-02 01:45:58",4473,4286,58543,0,,9.95,80.3,-7.02,21.75,,1
"2025-11-02 01:45:59",4474,4287,58536,-38.155768,-72.518205,10.55,77.4,-7.03,21.8,-3,1
"2025-11-02 01:46:00",4475,4288,58528,0,,,,-7.03,21.8,,1
"2025-11-02 01:46:01",4476,4289,58520,0,,,,-7.03,21.8,,1
"2025-11-02 01:46:02",4477,4290,58512,0,,,,-7.03,21.8,,1
"2025-11-02 01:46:04",4479,4292,58497,0,,10.85,79.4,-7.04,21.85,,1
"2025-11-02 01:46:05",4480,4293,58490,-38.155648,-72.517503,10.2,78.7,-7.07,21.95,,1
"2025-11-02 01:46:07",4482,4295,58472,0,,10.25,81.4,-7.08,22.2,,1.1
"2025-11-02 01:46:08",4484,4297,58464,-38.155602,-72.517148,10.2,81,-7.09,22.4,,1.1
"2025-11-02 01:46:10",4486,4299,58447,0,,10,77.7,-7.11,22.8,,1.1
"2025-11-02 01:46:11",4487,4300,58440,-38.155542,-72.5168,10.35,79.3,-7.11,23,,1.1
"2025-11-02 01:46:13",4489,4302,58424,0,,,,-7.13,23.4,,1.1
"2025-11-02 01:46:14",4490,4303,58416,0,,,,-7.13,23.65,,1.1
"2025-11-02 01:46:15",4491,4304,58409,0,,10.5,75.8,-7.14,23.9,,1.1
"2025-11-02 01:46:16",4492,4305,58402,0,,9.75,79.4,-7.15,24.05,,1
"2025-11-02 01:46:17",4493,4306,58396,-38.155433,-72.5161,10.25,79.9,-7.16,24.25,,1
"2025-11-02 01:46:18",4494,4307,58387,0,,10.75,77.2,-7.16,24.45,,1.1
"2025-11-02 01:46:19",4495,4308,58378,0,,10.75,80.7,-7.17,24.6,,1.1
"2025-11-02 01:46:20",4496,4309,58370,-38.155378,-72.515743,10.6,78.6,-7.17,24.7,,1.1
"2025-11-02 01:46:21",4497,4310,58360,0,,10.1,79.7,-7.18,24.75,,1.1
"2025-11-02 01:46:22",4499,4312,58351,0,,10.1,79.7,-7.19,24.8,,1.1
"2025-11-02 01:46:23",4500,4313,58342,-38.155327,-72.515392,10.75,75.1,-7.19,24.9,,1.1
"2025-11-02 01:46:25",4502,4315,58323,0,,10.75,81.1,-7.21,25.05,,1.1
"2025-11-02 01:46:26",4504,4317,58314,-38.15527,-72.515037,10.25,77.7,-7.21,25.15,-3,1.1
"2025-11-02 01:46:27",4505,4318,58306,0,,10.25,82.4,-7.22,25.2,,1.1
"2025-11-02 01:46:28",4506,4319,58299,0,,11.1,77.5,-7.22,25.25,,1.2
"2025-11-02 01:46:29",4507,4320,58292,-38.155215,-72.514685,9.9,77.4,-7.22,25.3,,1.2
"2025-11-02 01:46:30",4508,4321,58284,0,,10.7,81.7,-7.23,25.4,,1.1
"2025-11-02 01:46:31",4509,4322,58277,0,,10.7,81.7,-7.23,25.4,,1.1
"2025-11-02 01:46:32",4510,4323,58270,-38.155157,-72.514332,10.25,78.3,-7.24,25.45,,1.1
"2025-11-02 01:46:33",4511,4324,58261,0,,,,-7.24,25.45,,1.1
"2025-11-02 01:46:34",4512,4325,58252,0,,,,-7.25,25.5,,1.1
"2025-11-02 01:46:35",4513,4326,58244,0,,,,-7.26,25.5,,1.1
"2025-11-02 01:46:36",4514,4327,58236,0,,10.45,78.3,-7.26,25.5,,1.1
"2025-11-02 01:46:37",4515,4328,58229,0,,10.05,76.2,-7.27,25.5,,1
"2025-11-02 01:46:38",4516,4329,58222,-38.155055,-72.51362,11,80.9,-7.27,25.45,,1
"2025-11-02 01:46:39",4517,4330,58215,0,,10.8,76.7,-7.28,25.5,,1
"2025-11-02 01:46:40",4518,4331,58208,0,,10.55,78.6,-7.28,25.45,,1
"2025-11-02 01:46:41",4519,4332,58202,-38.154998,-72.513257,11.05,82.6,-7.29,25.45,,1
"2025-11-02 01:46:42",4520,4333,58193,0,,10.9,76.4,-7.29,25.4,,1
"2025-11-02 01:46:43",4521,4334,58184,0,,10.15,81.2,-7.29,25.35,,1
"2025-11-02 01:46:44",4522,4335,58176,-38.154943,-72.512897,10.9,79.3,-7.29,25.3,,1
"2025-11-02 01:46:45",4523,4336,58167,0,,10.3,76.2,-7.3,25.25,,1
"2025-11-02 01:46:46",4525,4338,58158,0,,10.2,75,-7.3,25.15,,1.1
"2025-11-02 01:46:47",4526,4339,58150,-38.154875,-72.512547,11.1,75.9,-7.31,25.05,,1.1
"2025-11-02 01:46:48",4527,4340,58142,0,,10.1,79.9,-7.31,24.8,,1
"2025-11-02 01:46:49",4528,4341,58135,0,,10.8,81.6,-7.31,24.65,,1
"2025-11-02 01:46:50",4529,4342,58128,-38.154823,-72.512192,10.3,75.6,-7.31,24.35,,1
"2025-11-02 01:46:51",4530,4343,58120,0,,10.15,81,-7.31,24.1,,1.1
"2025-11-02 01:46:52",4531,4344,58113,0,,11.1,79.9,-7.31,23.85,,1.1
"2025-11-02 01:46:53",4532,4345,58106,-38.15477,-72.511837,10.55,75.9,-7.32,23.6,-3.5,1.1
"2025-11-02 01:46:56",4535,4348,58080,-38.154715,-72.511478,10.2,77.2,-7.32,22.85,,1.1
"2025-11-02 01:46:57",4536,4349,58073,0,,10.45,83.2,-7.32,22.65,,1.1
"2025-11-02 01:46:58",4537,4350,58067,0,,10.65,79,-7.32,22.45,,1
"2025-11-02 01:46:59",4538,4351,58062,-38.154668,-72.511128,9.9,77.8,-7.32,22.2,,1
"2025-11-02 01:47:00",4539,4352,58053,0,,,,-7.32,21.95,,1
"2025-11-02 01:47:01",4540,4353,58044,0,,,,-7.32,21.75,,1
"2025-11-02 01:47:02",4541,4354,58036,0,,,,-7.32,21.55,,1
"2025-11-02 01:47:03",4542,4355,58028,0,,10.95,78.3,-7.33,21.45,,1
"2025-11-02 01:47:04",4543,4356,58020,0,,9.9,79.9,-7.32,21.25,,1
"2025-11-02 01:47:05",4544,4357,58012,-38.154563,-72.510417,10.95,83.5,-7.32,21.05,,1.1
"2025-11-02 01:47:06",4545,4358,58003,0,,10.7,75.3,-7.31,20.8,,1.1
"2025-11-02 01:47:07",4546,4359,57995,0,,10.45,78.2,-7.32,20.65,,1.1
"2025-11-02 01:47:08",4548,4361,57988,-38.15451,-72.51006,10.8,81.3,-7.32,20.45,,1
"2025-11-02 01:47:09",4549,4362,57980,0,,10.8,77.8,-7.32,20.25,,1
"2025-11-02 01:47:10",4550,4363,57972,0,,10.25,82.9,-7.32,20,,1.1
"2025-11-02 01:47:11",4551,4364,57964,-38.154458,-72.5097,11.3,77.7,-7.32,19.8,,1.1
"2025-11-02 01:47:12",4552,4365,57955,0,,,,-7.31,19.6,,1.1
"2025-11-02 01:47:13",4553,4366,57946,0,,,,-7.32,19.4,,1.1
"2025-11-02 01:47:14",4554,4367,57938,0,,,,-7.32,19.25,,1.1
"2025-11-02 01:47:15",4555,4368,57930,0,,10.25,80.1,-7.32,19.15,,1.1
"2025-11-02 01:47:16",4556,4369,57923,0,,11.35,82.9,-7.32,19.1,,1.1
"2025-11-02 01:47:17",4557,4370,57916,-38.154353,-72.508972,11.1,79.8,-7.32,19.1,,1.1
"2025-11-02 01:47:18",4558,4371,57908,0,,10.4,81.5,-7.31,19.1,,1.1
"2025-11-02 01:47:19",4559,4372,57901,0,,10.4,81.5,-7.32,19.2,,1.1
"2025-11-02 01:47:20",4560,4373,57894,-38.154305,-72.508597,11.15,79.4,-7.32,19.25,-3.5,1.1
"2025-11-02 01:47:21",4561,4374,57885,0,,10.45,83,-7.32,19.35,,1.1
"2025-11-02 01:47:22",4562,4375,57877,0,,11.6,82.1,-7.32,19.35,,1.1
"2025-11-02 01:47:23",4563,4376,57870,-38.154263,-72.508225,11.05,80.1,-7.33,19.4,,1.1
"2025-11-02 01:47:24",4564,4377,57862,0,,11,84.6,-7.33,19.45,,1
"2025-11-02 01:47:25",4565,4378,57855,0,,11.2,77.7,-7.33,19.4,,1
"2025-11-02 01:47:26",4566,4379,57848,-38.154215,-72.507855,10.45,80.2,-7.34,19.4,,1
"2025-11-02 01:47:27",4567,4380,57841,0,,11,83.7,-7.34,19.4,,1
"2025-11-02 01:47:28",4568,4381,57834,0,,11,78.6,-7.34,19.4,,1
"2025-11-02 01:47:29",4569,4382,57828,-38.154162,-72.507353,11,84.6,-7.34,19.4,,1
"2025-11-02 01:47:30",4570,4383,57819,0,,11,84.6,-7.34,19.5,,1
"2025-11-02 01:47:31",4572,4385,57810,0,,10.3,79.8,-7.34,19.6,,1
"2025-11-02 01:47:32",4573,4386,57802,-38.15413,-72.507108,11.25,82.4,-7.34,19.75,,1
"2025-11-02 01:47:33",4574,4387,57793,0,,11.5,77,-7.34,19.95,,1
"2025-11-02 01:47:34",4575,4388,57784,0,,10.7,81.5,-7.36,20.25,,1
"2025-11-02 01:47:35",4576,4389,57776,-38.15408,-72.506732,11.65,81.5,-7.37,20.6,,1.1
"2025-11-02 01:47:36",4577,4390,57768,0,,11.35,79.9,-7.38,21,,1.1
"2025-11-02 01:47:37",4578,4391,57761,0,,10.45,82.5,-7.38,21.35,,1.1
"2025-11-02 01:47:38",4579,4392,57754,-38.154037,-72.506357,11.45,82.5,-7.39,21.7,,1.1
"2025-11-02 01:47:39",4580,4393,57747,0,,11.05,77.7,-7.4,22.1,,1
"2025-11-02 01:47:40",4581,4394,57740,0,,11.05,85.9,-7.41,22.5,,1
"2025-11-02 01:47:41",4582,4395,57734,-38.153988,-72.505978,11.7,78.1,-7.41,22.85,,1
"2025-11-02 01:47:42",4583,4396,57727,0,,,,-7.43,23.15,,1
"2025-11-02 01:47:43",4584,4397,57721,0,,,,-7.43,23.45,,1
"2025-11-02 01:47:44",4584,4397,57716,0,,,,-7.44,23.85,,1
"2025-11-02 01:47:45",4585,4398,57708,0,,10.95,79.7,-7.44,24.2,,1
"2025-11-02 01:47:46",4586,4399,57701,0,,11.9,81.4,-7.46,24.5,,1
"2025-11-02 01:47:47",4587,4400,57694,-38.153878,-72.505223,11.05,77.7,-7.47,24.75,-3.75,0.9
"2025-11-02 01:47:48",4588,4401,57687,0,,11.2,79.9,-7.48,25.1,,0.9
"2025-11-02 01:47:49",4589,4402,57680,0,,11.55,78.2,-7.51,25.35,,0.9
"2025-11-02 01:47:50",4590,4403,57674,-38.1538,-72.504725,10.65,78.2,-7.53,25.65,,0.9
"2025-11-02 01:47:51",4591,4404,57666,0,,,,-7.54,25.9,,0.9
"2025-11-02 01:47:52",4592,4405,57659,0,,,,-7.54,26.15,,0.9
"2025-11-02 01:47:53",4593,4406,57652,0,,,,-7.56,26.4,,0.9
"2025-11-02 01:47:56",4597,4410,57624,-38.153708,-72.504123,10.6,76.3,-7.58,27.1,,1
"2025-11-02 01:47:57",4598,4411,57614,0,,,,-7.59,27.35,,1.1
"2025-11-02 01:47:58",4599,4412,57605,0,,,,-7.6,27.55,,1.1
"2025-11-02 01:47:59",4601,4414,57596,0,,,,-7.6,27.75,,1.1
"2025-11-02 01:48:00",4602,4415,57589,0,,11.05,81.1,-7.62,27.9,,1.1
"2025-11-02 01:48:01",4602,4415,57582,0,,10.3,79.7,-7.61,28.05,,1.1
"2025-11-02 01:48:02",4603,4416,57576,-38.153598,-72.503402,10.4,78.3,-7.62,28.25,,1.1
"2025-11-02 01:48:03",4604,4417,57567,0,,11.4,80.8,-7.63,28.4,,1.1
"2025-11-02 01:48:04",4606,4419,57559,0,,10.45,79.4,-7.63,28.55,,1.1
"2025-11-02 01:48:05",4607,4420,57552,-38.153547,-72.503033,10.75,79.6,-7.63,28.7,,1.1
"2025-11-02 01:48:06",4607,4420,57548,0,,10.85,79.6,-7.64,28.8,,1.1
"2025-11-02 01:48:07",4608,4421,57544,0,,10.35,80.2,-7.66,28.95,,1
"2025-11-02 01:48:08",4608,4421,57540,-38.153495,-72.50267,11.15,79.7,-7.66,29.05,,1
"2025-11-02 01:48:09",4610,4423,57530,0,,11.45,81.1,-7.66,29.15,,1
"2025-11-02 01:48:10",4611,4424,57521,0,,11.45,81.1,-7.66,29.3,,1
"2025-11-02 01:48:11",4612,4425,57512,-38.153447,-72.502285,11.5,80.4,-7.66,29.35,,1
"2025-11-02 01:48:12",4613,4426,57505,0,,11.15,77.4,-7.67,29.45,,1
"2025-11-02 01:48:13",4614,4427,57498,0,,11,80.5,-7.67,29.45,,0.9
"2025-11-02 01:48:14",4615,4428,57492,-38.153392,-72.501907,11.8,81.3,-7.68,29.5,-4,0.9
"2025-11-02 01:48:15",4616,4429,57484,0,,11.25,80.5,-7.68,29.55,,1
"2025-11-02 01:48:16",4617,4430,57477,0,,11.05,79.7,-7.68,29.6,,0.9
"2025-11-02 01:48:17",4618,4431,57470,-38.153345,-72.50152,11.9,81.9,-7.68,29.65,,0.9
"2025-11-02 01:48:18",4619,4432,57463,0,,11.1,82.6,-7.68,29.65,,1
"2025-11-02 01:48:19",4620,4433,57456,0,,11.1,80.1,-7.69,29.7,,1
"2025-11-02 01:48:20",4620,4433,57450,-38.153297,-72.501137,11.9,78.7,-7.68,29.7,,1
"2025-11-02 01:48:22",4623,4436,57433,0,,11.8,82.9,-7.69,29.75,,1
"2025-11-02 01:48:23",4624,4437,57426,-38.153245,-72.500745,11.9,80.3,-7.69,29.75,,1
"2025-11-02 01:48:26",4626,4439,57406,-38.153183,-72.500362,11.85,77.3,-7.7,29.75,,1
"2025-11-02 01:48:28",4628,4441,57391,0,,12,80.8,-7.71,29.7,,1
"2025-11-02 01:48:29",4629,4442,57384,-38.15313,-72.499972,11.7,78.1,-7.71,29.65,,1
"2025-11-02 01:48:31",4631,4444,57371,0,,12.2,79.2,-7.72,29.65,,1
"2025-11-02 01:48:32",4632,4445,57366,-38.153075,-72.499578,11.3,77.8,-7.72,29.6,,1
"2025-11-02 01:48:34",4634,4447,57352,0,,11.9,78.7,-7.72,29.5,,0.9
"2025-11-02 01:48:35",4635,4448,57346,-38.153025,-72.499193,11.05,80.5,-7.72,29.5,,0.9
"2025-11-02 01:48:36",4636,4449,57339,0,,,,-7.72,29.5,,0.9
"2025-11-02 01:48:37",4636,4449,57332,0,,,,-7.72,29.45,,0.9
"2025-11-02 01:48:38",4637,4450,57326,0,,,,-7.73,29.4,,0.9
"2025-11-02 01:48:40",4639,4452,57313,0,,11.4,77.9,-7.73,29.3,,0.9
"2025-11-02 01:48:41",4640,4453,57308,-38.152908,-72.498407,11.45,79.8,-7.73,29.25,-4,0.9
"2025-11-02 01:48:43",4642,4455,57293,0,,11.85,76.1,-7.73,29.15,,0.9
"2025-11-02 01:48:44",4643,4456,57286,-38.152822,-72.49787,11.85,78.8,-7.73,29.1,,0.9
"2025-11-02 01:48:45",4644,4457,57277,0,,11.85,78.8,-7.73,29,,0.9
"2025-11-02 01:48:46",4645,4458,57268,0,,11.75,75.2,-7.73,28.95,,0.9
"2025-11-02 01:48:47",4646,4459,57260,-38.152773,-72.497605,11.95,80,-7.73,28.9,,1
"2025-11-02 01:48:48",4647,4460,57253,0,,,,-7.73,28.85,,1
"2025-11-02 01:48:49",4648,4461,57246,0,,,,-7.72,28.8,,1
"2025-11-02 01:48:50",4649,4462,57240,0,,,,-7.72,28.7,,1
"2025-11-02 01:48:51",4650,4463,57235,0,,11.9,75.6,-7.72,28.65,,1
"2025-11-02 01:48:52",4650,4463,57230,0,,11.75,79.6,-7.71,28.55,,0.9
"2025-11-02 01:48:53",4651,4464,57226,-38.152643,-72.496812,12.4,77.1,-7.71,28.45,,0.9
"2025-11-02 01:48:55",4653,4466,57212,0,,12.1,78.9,-7.7,28.25,,0.9
"2025-11-02 01:48:56",4654,4467,57206,-38.15257,-72.496418,12.3,76.6,-7.7,28.2,,0.9
"2025-11-02 01:48:57",4655,4468,57199,0,,11.4,75.9,-7.7,28.15,,0.9
"2025-11-02 01:48:58",4656,4469,57192,0,,11.95,79.1,-7.7,28.05,,0.9
"2025-11-02 01:48:59",4657,4470,57186,-38.152498,-72.496027,12.2,75.2,-7.69,27.95,,0.8
"2025-11-02 01:49:00",4657,4470,57181,0,,11.35,76,-7.7,27.95,,0.8
"2025-11-02 01:49:01",4658,4471,57176,0,,11.2,76.8,-7.69,27.9,,0.8
"2025-11-02 01:49:02",4658,4471,57172,-38.152422,-72.49565,11.2,74.6,-7.69,27.85,,0.8
"2025-11-02 01:49:03",4659,4472,57164,0,,11.6,77.7,-7.7,27.8,,0.8
"2025-11-02 01:49:04",4660,4473,57157,0,,11.75,76.1,-7.69,27.75,,0.8
"2025-11-02 01:49:05",4661,4474,57150,-38.152347,-72.495267,11.1,73.8,-7.69,27.7,,0.9
"2025-11-02 01:49:06",4662,4475,57142,0,,11.35,79,-7.7,27.65,,0.9
"2025-11-02 01:49:07",4663,4476,57135,0,,11.45,75.4,-7.7,27.6,,0.9
"2025-11-02 01:49:08",4664,4477,57128,-38.152277,-72.494893,11.2,76.6,-7.7,27.55,-4.25,0.9
"2025-11-02 01:49:09",4665,4478,57121,0,,11.35,79.7,-7.71,27.5,,0.9
"2025-11-02 01:49:10",4666,4479,57115,0,,11.35,79.7,-7.7,27.5,,0.9
"2025-11-02 01:49:11",4667,4480,57110,-38.152203,-72.49452,10.9,76.1,-7.71,27.45,,0.9
"2025-11-02 01:49:12",4668,4481,57104,0,,11.7,79.9,-7.71,27.45,,0.9
"2025-11-02 01:49:13",4668,4481,57099,0,,11.6,74,-7.71,27.4,,0.9
"2025-11-02 01:49:14",4669,4482,57094,-38.152138,-72.494138,11,80,-7.72,27.35,,0.9
"2025-11-02 01:49:15",4670,4483,57087,0,,11.55,77.2,-7.72,27.3,,0.9
"2025-11-02 01:49:16",4671,4484,57080,0,,10.55,76.7,-7.72,27.3,,0.9
"2025-11-02 01:49:17",4672,4485,57074,-38.152072,-72.493765,11.1,77.3,-7.72,27.25,,0.9
"2025-11-02 01:49:18",4673,4486,57069,0,,11.65,75,-7.73,27.25,,0.8
"2025-11-02 01:49:19",4673,4486,57064,0,,10.65,75.2,-7.73,27.25,,0.8
"2025-11-02 01:49:20",4674,4487,57060,-38.151995,-72.493393,11.7,74.7,-7.73,27.2,,0.8
"2025-11-02 01:49:21",4674,4487,57054,0,,11.7,75.2,-7.74,27.2,,0.8
"2025-11-02 01:49:22",4675,4488,57049,0,,11.45,79.6,-7.74,27.15,,0.8
"2025-11-02 01:49:23",4676,4489,57044,-38.151923,-72.493005,11.8,76.9,-7.74,27.15,,0.8
"2025-11-02 01:49:26",4679,4492,57024,-38.15183,-72.4925,11.4,76.9,-7.75,27.1,,0.8
"2025-11-02 01:49:27",4679,4492,57018,0,,11.4,76.9,-7.76,27.05,,0.8
"2025-11-02 01:49:28",4680,4493,57013,0,,11.85,79,-7.76,27.05,,0.8
"2025-11-02 01:49:29",4681,4494,57008,-38.15178,-72.492245,11.35,73.6,-7.77,27.05,,0.8
"2025-11-02 01:49:30",4682,4495,57001,0,,10.9,78.9,-7.77,27.05,,0.7
"2025-11-02 01:49:31",4682,4495,56995,0,,11.8,79.7,-7.78,27.05,,0.8
"2025-11-02 01:49:32",4683,4496,56990,-38.151693,-72.491752,10.6,75.6,-7.78,27.05,,0.8
"2025-11-02 01:49:33",4684,4497,56983,0,,10.6,75.6,-7.79,27,,0.8
"2025-11-02 01:49:34",4685,4498,56977,0,,11.7,75.9,-7.81,27,,0.8
"2025-11-02 01:49:35",4686,4499,56972,-38.151647,-72.491502,10.55,77.1,-7.81,27,-4.5,0.8
"2025-11-02 01:49:36",4686,4499,56966,0,,10.55,77.1,-7.79,26.95,,0.8
"2025-11-02 01:49:37",4687,4500,56961,0,,11.7,73.6,-7.81,26.95,,0.8
"2025-11-02 01:49:38",4688,4501,56956,-38.151575,-72.49113,10.95,75.9,-7.81,26.95,,0.8
"2025-11-02 01:49:39",4689,4502,56949,0,,11.75,79.4,-7.83,26.95,,0.8
"2025-11-02 01:49:40",4690,4503,56942,0,,11.75,79.4,-7.83,26.95,,0.8
"2025-11-02 01:49:41",4691,4504,56936,-38.151512,-72.490753,10.9,80.6,-7.82,26.9,,0.8
"2025-11-02 01:49:42",4691,4504,56929,0,,11.5,77.2,-7.83,26.9,,0.8
"2025-11-02 01:49:43",4692,4505,56923,0,,10.55,76,-7.84,26.9,,0.8
"2025-11-02 01:49:44",4693,4506,56918,-38.15145,-72.490383,11.45,80.2,-7.85,26.9,,0.8
"2025-11-02 01:49:45",4694,4507,56912,0,,11.65,74.2,-7.85,26.9,,0.8
"2025-11-02 01:49:46",4695,4508,56907,0,,10.25,76.4,-7.85,26.9,,0.8
"2025-11-02 01:49:47",4695,4508,56902,-38.151355,-72.489888,11.65,77.8,-7.85,26.9,,0.8
"2025-11-02 01:49:48",4696,4509,56897,0,,,,-7.85,26.9,,0.8
"2025-11-02 01:49:49",4697,4510,56892,0,,,,-7.86,26.9,,0.8
"2025-11-02 01:49:50",4697,4510,56888,0,,,,-7.87,26.9,,0.8
"2025-11-02 01:49:51",4698,4511,56882,0,,11.65,76.5,-7.87,26.9,,0.8
"2025-11-02 01:49:52",4699,4512,56877,0,,10.85,75.9,-7.87,26.9,,0.7
"2025-11-02 01:49:53",4699,4512,56872,-38.15124,-72.489277,11.8,76.8,-7.88,26.9,,0.7
"2025-11-02 01:49:55",4701,4514,56861,0,,11.8,76.8,-7.89,26.9,,0.7
"2025-11-02 01:49:56",4702,4515,56856,-38.151155,-72.48878,11.1,78.4,-7.9,26.9,,0.7
"2025-11-02 01:49:57",4702,4515,56850,0,,11.1,78.4,-7.9,26.9,,0.7
"2025-11-02 01:49:58",4703,4516,56845,0,,11.7,77.8,-7.9,26.9,,0.7
"2025-11-02 01:49:59",4704,4517,56840,-38.15109,-72.488407,11.25,75.5,-7.9,26.9,,0.7
"2025-11-02 01:50:00",4705,4518,56833,0,,11.25,75.5,-7.92,26.95,,0.7
"2025-11-02 01:50:01",4705,4518,56827,0,,12,76.5,-7.92,26.95,,0.7
"2025-11-02 01:50:02",4706,4519,56822,-38.151043,-72.488153,10.95,77.2,-7.92,26.95,-4.5,0.8
"2025-11-02 01:50:03",4707,4520,56816,0,,11.15,78.3,-7.93,26.95,,0.8
"2025-11-02 01:50:04",4708,4521,56811,0,,11.15,78.3,-7.93,26.95,,0.8
"2025-11-02 01:50:05",4708,4521,56806,-38.15098,-72.48779,10.9,79.3,-7.92,27,,0.8
"2025-11-02 01:50:06",4709,4522,56798,0,,11.65,78.3,-7.93,27,,0.8
"2025-11-02 01:50:07",4710,4523,56791,0,,11.1,77.4,-7.93,27,,0.8
"2025-11-02 01:50:08",4712,4525,56784,-38.150915,-72.487412,11.5,78.1,-7.93,27,,0.8
"2025-11-02 01:50:09",4712,4525,56778,0,,11.85,78.9,-7.95,27.05,,0.8
"2025-11-02 01:50:10",4713,4526,56773,0,,11.85,78.9,-7.95,27,,0.8
"2025-11-02 01:50:11",4714,4527,56768,-38.150853,-72.48703,11.55,76.3,-7.95,27,,0.8
"2025-11-02 01:50:12",4714,4527,56763,0,,11.55,75.7,-7.95,27,,0.8
"2025-11-02 01:50:13",4715,4528,56758,0,,10.95,80.5,-7.95,26.95,,0.8
"2025-11-02 01:50:14",4716,4529,56754,-38.150787,-72.486647,11.9,77.7,-7.93,26.95,,0.8
"2025-11-02 01:50:15",4716,4529,56748,0,,,,-7.95,26.9,,0.8
"2025-11-02 01:50:16",4717,4530,56743,0,,,,-7.93,26.9,,0.8
"2025-11-02 01:50:17",4718,4531,56738,0,,,,-7.95,26.85,,0.8
"2025-11-02 01:50:18",4718,4531,56733,0,,11.25,74.9,-7.93,26.85,,0.7
"2025-11-02 01:50:19",4719,4532,56729,0,,11.05,82.1,-7.93,26.8,,0.7
"2025-11-02 01:50:20",4719,4532,56726,-38.150662,-72.485877,11.55,76,-7.95,26.75,,0.7
"2025-11-02 01:50:21",4720,4533,56720,0,,11.5,76,-7.96,26.65,,0.7
"2025-11-02 01:50:22",4721,4534,56714,0,,11.5,76,-7.96,26.65,,0.7
"2025-11-02 01:50:23",4722,4535,56708,-38.150587,-72.485488,11.4,74.6,-7.97,26.6,,0.7
"2025-11-02 01:50:26",4724,4537,56692,-38.150517,-72.485103,11.45,74.7,-7.96,26.5,,0.7
"2025-11-02 01:50:27",4725,4538,56686,0,,11.95,75.4,-7.96,26.5,,0.7
"2025-11-02 01:50:28",4726,4539,56681,0,,11.9,76.8,-7.97,26.5,,0.7
"2025-11-02 01:50:29",4726,4539,56676,-38.150438,-72.484713,11.4,75.5,-7.97,26.5,-4.5,0.7
"2025-11-02 01:50:30",4727,4540,56671,0,,12.25,77,-7.96,26.5,,0.7
"2025-11-02 01:50:31",4728,4541,56666,0,,11.9,77.2,-7.97,26.5,,0.7
"2025-11-02 01:50:32",4728,4541,56662,-38.150333,-72.484188,11.55,73.8,-7.98,26.55,,0.7
"2025-11-02 01:50:33",4729,4542,56657,0,,11.55,73.8,-7.98,26.5,,0.7
"2025-11-02 01:50:34",4730,4543,56652,0,,11.7,75,-7.99,26.55,,0.7
"2025-11-02 01:50:35",4730,4543,56648,-38.150252,-72.483797,11.5,76,-7.97,26.6,,0.7
"2025-11-02 01:50:36",4731,4544,56642,0,,11.5,76,-7.96,26.65,,0.7
"2025-11-02 01:50:37",4732,4545,56637,0,,11.45,73.6,-7.97,26.7,,0.7
"2025-11-02 01:50:38",4732,4545,56632,-38.150198,-72.483537,11.9,76.8,-7.96,26.7,,0.7
"2025-11-02 01:50:39",4733,4546,56626,0,,11.9,76.8,-7.95,26.7,,0.7
"2025-11-02 01:50:40",4734,4547,56621,0,,11.2,76.1,-7.95,26.75,,0.7
"2025-11-02 01:50:41",4735,4548,56616,-38.150092,-72.48301,12.4,77.4,-7.93,26.75,,0.7
"2025-11-02 01:50:42",4736,4549,56608,0,,12.4,77.4,-7.93,26.7,,0.7
"2025-11-02 01:50:43",4737,4550,56601,0,,11.4,78.4,-7.93,26.75,,0.7
"2025-11-02 01:50:44",4738,4551,56594,-38.150047,-72.482748,12,78.4,-7.93,26.8,,0.8
"2025-11-02 01:50:45",4738,4551,56591,0,,12,78.4,-7.93,26.85,,0.8
"2025-11-02 01:50:46",4738,4551,56588,0,,11.45,78.8,-7.93,26.9,,0.7
"2025-11-02 01:50:47",4739,4552,56586,-38.149942,-72.482227,12,76.4,-7.93,27,,0.7
"2025-11-02 01:50:48",4740,4553,56578,0,,12,76.4,-7.92,27.05,,0.7
"2025-11-02 01:50:49",4741,4554,56571,0,,11.7,72.3,-7.93,27.1,,0.8
"2025-11-02 01:50:50",4742,4555,56564,-38.14989,-72.481963,11.9,76.2,-7.92,27.15,,0.8
"2025-11-02 01:50:52",4743,4556,56554,0,,11.75,79.5,-7.93,27.3,,0.8
"2025-11-02 01:50:53",4744,4557,56550,-38.149818,-72.48157,11.75,74.6,-7.93,27.35,,0.8
"2025-11-02 01:50:56",4746,4559,56534,-38.149738,-72.481172,11.25,74.9,-7.95,27.55,-4.75,0.7
"2025-11-02 01:50:58",4748,4561,56522,0,,12.4,75.9,-7.95,27.75,,0.7
"2025-11-02 01:50:59",4748,4561,56516,-38.149662,-72.480777,11.55,74.4,-7.96,27.8,,0.8
"2025-11-02 01:51:01",4750,4563,56506,0,,11.65,77,-7.96,27.9,,0.7
"2025-11-02 01:51:02",4750,4563,56502,-38.149588,-72.480387,11.2,76,-7.96,27.95,,0.7
"2025-11-02 01:51:04",4752,4565,56492,0,,11.6,75.2,-7.98,28.1,,0.7
"2025-11-02 01:51:05",4752,4565,56488,-38.149522,-72.479988,11.65,80.8,-7.98,28.2,,0.7
"2025-11-02 01:51:07",4753,4566,56479,0,,11.35,76.5,-7.99,28.4,,0.7
"2025-11-02 01:51:08",4754,4567,56476,-38.149432,-72.479453,12.1,78.7,-7.99,28.45,,0.7
"2025-11-02 01:51:10",4756,4569,56464,0,,11.25,78.2,-8,28.65,,0.7
"2025-11-02 01:51:11",4756,4569,56458,-38.149388,-72.479188,12.15,79.7,-8.01,28.7,,0.7
"2025-11-02 01:51:12",4757,4570,56454,0,,11.6,75.4,-8.01,28.7,,0.7
"2025-11-02 01:51:13",4758,4571,56450,0,,11.3,79.1,-8.03,28.7,,0.7
"2025-11-02 01:51:14",4758,4571,56446,-38.149323,-72.478798,11.9,79.4,-8.03,28.7,,0.6
"2025-11-02 01:51:15",4759,4572,56439,0,,11.9,74.6,-8.04,28.7,,0.7
"2025-11-02 01:51:16",4760,4573,56432,0,,12.35,79.2,-8.04,28.7,,0.7
"2025-11-02 01:51:17",4761,4574,56426,-38.14925,-72.478393,12.15,76.3,-8.04,28.7,,0.7
"2025-11-02 01:51:18",4762,4575,56420,0,,11.3,77.5,-8.05,28.7,,0.7
"2025-11-02 01:51:19",4762,4575,56415,0,,12.05,80.6,-8.06,28.7,,0.7
"2025-11-02 01:51:20",4763,4576,56410,-38.14919,-72.478,11.9,77.3,-8.06,28.7,,0.7
"2025-11-02 01:51:21",4764,4577,56405,0,,12.05,74.7,-8.05,28.7,,0.7
"2025-11-02 01:51:22",4764,4577,56401,0,,12.3,80.3,-8.05,28.7,,0.7
"2025-11-02 01:51:23",4765,4578,56398,-38.149118,-72.4776,11.5,76.6,-8.07,28.7,-5,0.7
"2025-11-02 01:51:24",4766,4579,56391,0,,11.85,75.8,-8.07,28.7,,0.7
"2025-11-02 01:51:25",4766,4579,56385,0,,12.3,79,-8.08,28.7,,0.7
"2025-11-02 01:51:26",4767,4580,56380,-38.149043,-72.477205,11.4,74,-8.11,28.75,,0.8
"2025-11-02 01:51:27",4768,4581,56374,0,,11.85,78.8,-8.13,28.75,,0.8
"2025-11-02 01:51:28",4769,4582,56368,0,,12.25,78,-8.14,28.8,,0.7
"2025-11-02 01:51:29",4770,4583,56362,-38.148973,-72.476812,11.7,75.3,-8.14,28.85,,0.7
"2025-11-02 01:51:30",4770,4583,56356,0,,11.7,75.3,-8.16,28.9,,0.7
"2025-11-02 01:51:31",4771,4584,56351,0,,12.3,79.6,-8.16,28.9,,0.7
"2025-11-02 01:51:32",4772,4585,56346,-38.148907,-72.476413,11.35,78.2,-8.16,28.95,,0.7
"2025-11-02 01:51:33",4773,4586,56340,0,,,,-8.17,29,,0.7
"2025-11-02 01:51:34",4774,4587,56334,0,,,,-8.17,29.05,,0.8
"2025-11-02 01:51:35",4774,4587,56328,0,,,,-8.17,29.15,,0.8
"2025-11-02 01:51:36",4775,4588,56323,0,,12.1,78.4,-8.17,29.2,,0.8
"2025-11-02 01:51:37",4776,4589,56318,0,,11.9,77.8,-8.17,29.25,,0.8
"2025-11-02 01:51:38",4776,4589,56314,-38.14878,-72.475625,11.15,77.9,-8.17,29.3,,0.8
"2025-11-02 01:51:39",4777,4590,56308,0,,12.25,81.6,-8.17,29.3,,0.8
"2025-11-02 01:51:40",4778,4591,56303,0,,11.65,78.9,-8.17,29.3,,0.7
"2025-11-02 01:51:41",4779,4592,56298,-38.148705,-72.475098,11.1,77.9,-8.17,29.3,,0.7
"2025-11-02 01:51:42",4779,4592,56292,0,,11.1,77.9,-8.17,29.3,,0.7
"2025-11-02 01:51:43",4780,4593,56286,0,,11.7,78.6,-8.17,29.3,,0.8
"2025-11-02 01:51:44",4781,4594,56280,-38.148665,-72.474833,11.25,80.2,-8.18,29.3,,0.8
"2025-11-02 01:51:45",4782,4595,56276,0,,11.2,80.2,-8.17,29.3,,0.7
"2025-11-02 01:51:46",4782,4595,56272,0,,11.8,78.6,-8.18,29.3,,0.7
"2025-11-02 01:51:47",4783,4596,56268,-38.148605,-72.474432,11.45,78.2,-8.18,29.3,,0.7
"2025-11-02 01:51:48",4784,4597,56259,0,,11.45,78.2,-8.18,29.3,,0.7
"2025-11-02 01:51:49",4785,4598,56251,0,,11.35,78.4,-8.18,29.3,,0.8
"2025-11-02 01:51:50",4786,4599,56244,-38.148542,-72.47404,12.25,80,-8.18,29.35,-5,0.8
"2025-11-02 01:51:51",4787,4600,56237,0,,12.15,79.2,-8.18,29.35,,0.8
"2025-11-02 01:51:52",4788,4601,56230,0,,11.15,78,-8.17,29.35,,0.8
"2025-11-02 01:51:53",4789,4602,56224,-38.148483,-72.473643,11.65,81.5,-8.18,29.4,,0.8
"2025-11-02 01:51:56",4792,4605,56204,-38.14842,-72.473248,12.45,79.1,-8.18,29.6,,0.9
"2025-11-02 01:51:57",4793,4606,56197,0,,11.45,78.4,-8.18,29.65,,0.9
"2025-11-02 01:51:58",4793,4606,56191,0,,11.7,79.7,-8.17,29.75,,0.9
"2025-11-02 01:51:59",4794,4607,56186,-38.148363,-72.472847,12.4,80.1,-8.18,29.8,,0.9
"2025-11-02 01:52:00",4795,4608,56180,0,,11.95,78.7,-8.18,29.9,,0.9
"2025-11-02 01:52:01",4796,4609,56175,0,,11.9,80.2,-8.18,30,,0.9
"2025-11-02 01:52:02",4796,4609,56170,-38.148302,-72.47244,12.6,77.5,-8.18,30.1,,0.9
"2025-11-02 01:52:03",4797,4610,56162,0,,11.85,75.8,-8.18,30.2,,0.9
"2025-11-02 01:52:04",4798,4611,56155,0,,11.85,75.8,-8.18,30.3,,0.9
"2025-11-02 01:52:05",4799,4612,56148,-38.148217,-72.471893,12.7,80.2,-8.2,30.4,,0.9
"2025-11-02 01:52:06",4800,4613,56143,0,,12.7,80.2,-8.22,30.55,,0.9
"2025-11-02 01:52:07",4801,4614,56138,0,,12.3,79.4,-8.26,30.65,,0.9
"2025-11-02 01:52:08",4801,4614,56134,-38.148173,-72.471623,12.3,78,-8.27,30.75,,0.8
"2025-11-02 01:52:09",4802,4615,56127,0,,,,-8.29,30.8,,0.8
"2025-11-02 01:52:10",4803,4616,56120,0,,,,-8.29,30.95,,0.8
"2025-11-02 01:52:11",4804,4617,56114,0,,,,-8.31,31,,0.8
"2025-11-02 01:52:12",4805,4618,56105,0,,11.35,81,-8.32,31.05,,0.9
"2025-11-02 01:52:13",4806,4619,56097,0,,12.65,78.7,-8.31,31.1,,0.9
"2025-11-02 01:52:14",4807,4620,56090,-38.148053,-72.470817,12.35,77.4,-8.33,31.2,,0.9
"2025-11-02 01:52:15",4808,4621,56084,0,,,,-8.34,31.25,,0.9
"2025-11-02 01:52:16",4809,4622,56079,0,,,,-8.35,31.3,,0.9
"2025-11-02 01:52:17",4810,4623,56074,0,,,,-8.35,31.35,-5,0.8
"2025-11-02 01:52:18",4811,4624,56065,0,,12.2,78.3,-8.36,31.4,,0.9
"2025-11-02 01:52:19",4812,4625,56057,0,,12.1,77.8,-8.37,31.4,,0.9
"2025-11-02 01:52:20",4813,4626,56050,-38.14794,-72.470003,11.6,80.2,-8.37,31.45,,1
"2025-11-02 01:52:21",4814,4627,56044,0,,12.4,82.1,-8.38,31.55,,1
"2025-11-02 01:52:22",4815,4628,56038,0,,11.95,77.3,-8.4,31.55,,1
"2025-11-02 01:52:23",4815,4628,56032,-38.147885,-72.469597,12.3,81.6,-8.4,31.6,,0.9
"2025-11-02 01:52:24",4816,4629,56027,0,,12.7,81.3,-8.41,31.6,,0.9
"2025-11-02 01:52:25",4817,4630,56022,0,,11.7,81.2,-8.42,31.6,,0.9
"2025-11-02 01:52:26",4817,4630,56018,-38.147833,-72.469182,12.4,81,-8.42,31.65,,0.9
"2025-11-02 01:52:27",4818,4631,56011,0,,12.45,80.2,-8.44,31.65,,0.9
"2025-11-02 01:52:28",4819,4632,56004,0,,11.3,80.6,-8.44,31.7,,0.9
"2025-11-02 01:52:29",4820,4633,55998,-38.147777,-72.468772,12.8,79.2,-8.45,31.7,,0.9
"2025-11-02 01:52:30",4821,4634,55991,0,,12.4,80.7,-8.46,31.65,,0.9
"2025-11-02 01:52:31",4822,4635,55984,0,,11.8,80.4,-8.46,31.7,,0.9
"2025-11-02 01:52:32",4823,4636,55978,-38.147723,-72.468358,12.5,82.2,-8.48,31.7,,0.9
"2025-11-02 01:52:33",4824,4637,55972,0,,12.15,78.4,-8.48,31.7,,0.8
"2025-11-02 01:52:34",4824,4637,55967,0,,11.7,82.5,-8.49,31.7,,0.8
"2025-11-02 01:52:35",4825,4638,55962,-38.147672,-72.467948,12.65,81.9,-8.5,31.75,,0.8
"2025-11-02 01:52:36",4826,4639,55955,0,,11.7,80.1,-8.51,31.75,,0.8
"2025-11-02 01:52:37",4827,4640,55948,0,,12.5,83.4,-8.51,31.8,,0.8
"2025-11-02 01:52:38",4828,4641,55942,-38.147622,-72.467537,11.9,77.8,-8.52,31.8,,0.9
"2025-11-02 01:52:39",4829,4642,55936,0,,11.5,81,-8.53,31.75,,0.9
"2025-11-02 01:52:40",4829,4642,55931,0,,11.5,81,-8.53,31.8,,0.9
"2025-11-02 01:52:41",4830,4643,55926,-38.147542,-72.467,12,77.2,-8.57,31.8,,0.8
"2025-11-02 01:52:42",4831,4644,55917,0,,12,77.2,-8.57,31.8,,0.9
"2025-11-02 01:52:43",4833,4646,55908,0,,12.75,79.9,-8.58,31.8,,0.9
"2025-11-02 01:52:44",4834,4647,55900,-38.1475,-72.46672,11.95,79.1,-8.59,31.8,-5.25,0.9
"2025-11-02 01:52:45",4835,4648,55892,0,,11.95,81.4,-8.6,31.8,,0.9
"2025-11-02 01:52:46",4836,4649,55885,0,,12,76.7,-8.61,31.8,,0.9
"2025-11-02 01:52:47",4837,4650,55878,-38.147443,-72.466315,11.75,81.7,-8.61,31.8,,1
"2025-11-02 01:52:48",4838,4651,55871,0,,11.75,81.7,-8.62,31.8,,1
"2025-11-02 01:52:49",4839,4652,55864,0,,11.75,77,-8.62,31.75,,1
"2025-11-02 01:52:50",4840,4653,55858,-38.147387,-72.465907,12.3,82.3,-8.63,31.75,,1
"2025-11-02 01:52:51",4841,4654,55850,0,,12.3,78.9,-8.63,31.75,,1
"2025-11-02 01:52:52",4842,4655,55843,0,,11.45,77.2,-8.64,31.75,,1
"2025-11-02 01:52:53",4843,4656,55836,-38.147332,-72.465503,12.15,83.6,-8.64,31.7,,1
"2025-11-02 01:52:56",4846,4659,55814,-38.147273,-72.465097,12.75,80.7,-8.67,31.7,,1
"2025-11-02 01:52:57",4847,4660,55806,0,,11.7,79.1,-8.69,31.65,,1
"2025-11-02 01:52:58",4848,4661,55799,0,,12,83,-8.71,31.65,,1
"2025-11-02 01:52:59",4849,4662,55792,-38.14722,-72.464685,12.85,79.8,-8.73,31.6,,1
"2025-11-02 01:53:00",4850,4663,55784,0,,11.3,79.6,-8.73,31.65,,1
"2025-11-02 01:53:01",4851,4664,55777,0,,12.05,82.7,-8.73,31.65,,1
"2025-11-02 01:53:02",4852,4665,55770,-38.147165,-72.46428,12.1,75.7,-8.74,31.6,,1
"2025-11-02 01:53:03",4853,4666,55762,0,,11.5,80.7,-8.75,31.6,,1
"2025-11-02 01:53:04",4854,4667,55755,0,,11.5,80.7,-8.76,31.6,,1
"2025-11-02 01:53:05",4855,4668,55748,-38.147098,-72.463873,12.1,74.2,-8.77,31.6,,1
"2025-11-02 01:53:06",4856,4669,55739,0,,11.5,80.2,-8.78,31.6,,1
"2025-11-02 01:53:07",4857,4670,55730,0,,12.65,77.7,-8.78,31.6,,1.1
"2025-11-02 01:53:08",4859,4672,55722,-38.147013,-72.46334,11.9,77.5,-8.79,31.6,,1.1
"2025-11-02 01:53:09",4860,4673,55715,0,,11.9,77.5,-8.81,31.55,,1
"2025-11-02 01:53:10",4860,4673,55709,0,,12.4,80.4,-8.82,31.55,,1
"2025-11-02 01:53:11",4861,4674,55704,-38.146957,-72.46294,11.45,78.4,-8.84,31.55,-5.5,1
"2025-11-02 01:53:12",4862,4675,55697,0,,11.45,78.4,-8.84,31.55,,1
"2025-11-02 01:53:13",4863,4676,55690,0,,12.25,75.8,-8.84,31.5,,1
"2025-11-02 01:53:14",4864,4677,55684,-38.146915,-72.462675,11.75,79.7,-8.86,31.5,,1
"2025-11-02 01:53:15",4865,4678,55674,0,,12.7,80.2,-8.86,31.5,,1
"2025-11-02 01:53:16",4867,4680,55665,0,,11.9,78.1,-8.87,31.45,,1
"2025-11-02 01:53:17",4868,4681,55656,-38.146855,-72.462268,11.55,79.9,-8.88,31.45,,1.1
"2025-11-02 01:53:18",4869,4682,55649,0,,12.3,79.5,-8.89,31.45,,1
"2025-11-02 01:53:19",4870,4683,55642,0,,11.35,77.8,-8.9,31.45,,1
"2025-11-02 01:53:20",4871,4684,55636,-38.146795,-72.46187,11.9,78.7,-8.91,31.4,,1
"2025-11-02 01:53:22",4873,4686,55621,0,,12.5,77.1,-8.93,31.4,,1
"2025-11-02 01:53:23",4874,4687,55614,-38.146728,-72.461467,12.55,78.6,-8.94,31.4,,1
"2025-11-02 01:53:26",4877,4690,55590,-38.146665,-72.461058,12.35,80.1,-8.96,31.35,,1.1
"2025-11-02 01:53:28",4880,4693,55569,0,,12.35,80.6,-8.97,31.35,,1.1
"2025-11-02 01:53:29",4881,4694,55560,-38.146578,-72.460527,12.05,76.5,-8.99,31.3,,1.1
"2025-11-02 01:53:31",4884,4697,55542,0,,12.5,80.9,-9,31.3,,1.2
"2025-11-02 01:53:32",4885,4698,55534,-38.146538,-72.460255,12,79,-9.01,31.25,,1.2
"2025-11-02 01:53:34",4887,4700,55519,0,,12.5,78.3,-9.03,31.2,,1.2
"2025-11-02 01:53:35",4888,4701,55512,-38.146478,-72.459863,11,78.2,-9.04,31.15,,1.2
"2025-11-02 01:53:37",4891,4704,55493,0,,12.25,78.9,-9.06,31.05,,1.2
"2025-11-02 01:53:38",4892,4705,55484,-38.146422,-72.459472,11.7,78.4,-9.06,31,-5.5,1.2
"2025-11-02 01:53:40",4894,4707,55472,0,,11.95,81.9,-9.1,31.05,,1.2
"2025-11-02 01:53:41",4894,4707,55466,-38.146365,-72.459082,11.35,80.6,-9.1,31,,1.1
"2025-11-02 01:53:42",4896,4709,55457,0,,11.6,81.6,-9.1,31,,1.1
"2025-11-02 01:53:43",4897,4710,55448,0,,11.6,81.6,-9.1,30.95,,1.1
"2025-11-02 01:53:44",4898,4711,55440,-38.146317,-72.4587,11.35,82.2,-9.1,30.9,,1.1
"2025-11-02 01:53:45",4899,4712,55431,0,,11.75,77.5,-9.11,30.9,,1.1
"2025-11-02 01:53:46",4900,4713,55423,0,,11.4,76.7,-9.14,30.85,,1.1
"2025-11-02 01:53:47",4902,4715,55416,-38.146255,-72.458313,11.8,79.2,-9.15,30.8,,1.1
"2025-11-02 01:53:48",4903,4716,55407,0,,11.8,79.5,-9.16,30.8,,1.1
"2025-11-02 01:53:49",4904,4717,55398,0,,11.45,81.7,-9.18,30.7,,1.1
"2025-11-02 01:53:50",4905,4718,55390,-38.146185,-72.457788,11.9,81.4,-9.19,30.7,,1.1
"2025-11-02 01:53:51",4906,4719,55380,0,,11.55,78.2,-9.19,30.65,,1.1
"2025-11-02 01:53:52",4908,4721,55371,0,,11.55,78.2,-9.2,30.65,,1.1
"2025-11-02 01:53:53",4909,4722,55362,-38.146148,-72.457527,11.9,81.9,-9.2,30.6,,1.2
"2025-11-02 01:53:55",4912,4725,55342,0,,11.35,82.1,-9.22,30.5,,1.2
"2025-11-02 01:53:56",4913,4726,55332,-38.146098,-72.457133,12.05,78.6,-9.23,30.45,,1.3
"2025-11-02 01:53:57",4914,4727,55323,0,,11.3,75.8,-9.24,30.35,,1.3
"2025-11-02 01:53:58",4916,4729,55315,0,,11.65,80.2,-9.24,30.25,,1.3
"2025-11-02 01:53:59",4917,4730,55308,-38.146035,-72.456738,12.4,79,-9.26,30.2,,1.3
"2025-11-02 01:54:00",4918,4731,55297,0,,11.55,77.4,-9.26,30.25,,1.3
"2025-11-02 01:54:01",4920,4733,55287,0,,11.9,81.8,-9.27,30.15,,1.3
"2025-11-02 01:54:02",4921,4734,55278,-38.145973,-72.456338,12.35,78.4,-9.27,30.05,,1.3
"2025-11-02 01:54:03",4922,4735,55269,0,,11.2,80.2,-9.29,29.95,,1.3
"2025-11-02 01:54:04",4923,4736,55261,0,,12.2,78.9,-9.29,29.8,,1.3
"2025-11-02 01:54:05",4924,4737,55254,-38.145912,-72.455942,12.2,76.9,-9.29,29.75,-5.75,1.3
"2025-11-02 01:54:06",4925,4738,55245,0,,,,-9.31,29.7,,1.3
"2025-11-02 01:54:07",4927,4740,55235,0,,,,-9.33,29.55,,1.3
"2025-11-02 01:54:08",4928,4741,55226,0,,,,-9.33,29.45,,1.3
"2025-11-02 01:54:09",4930,4743,55214,0,,11.8,83.3,-9.33,29.4,,1.3
"2025-11-02 01:54:10",4931,4744,55203,0,,12.25,77.6,-9.34,29.3,,1.3
"2025-11-02 01:54:11",4933,4746,55192,-38.145772,-72.455017,11.35,77.7,-9.35,29.2,,1.3
"2025-11-02 01:54:12",4934,4747,55183,0,,11.4,77.7,-9.36,29.15,,1.3
"2025-11-02 01:54:13",4935,4748,55174,0,,12.2,76.6,-9.36,29.05,,1.3
"2025-11-02 01:54:14",4937,4750,55166,-38.145732,-72.45475,11.5,81.4,-9.37,28.95,,1.3
"2025-11-02 01:54:15",4938,4751,55157,0,,,,-9.37,28.85,,1.3
"2025-11-02 01:54:16",4939,4752,55148,0,,,,-9.38,28.8,,1.3
"2025-11-02 01:54:17",4940,4753,55140,0,,,,-9.39,28.7,,1.3
"2025-11-02 01:54:18",4942,4755,55130,0,,12.35,79.7,-9.4,28.55,,1.3
"2025-11-02 01:54:19",4943,4756,55121,0,,11.15,78.8,-9.4,28.45,,1.3
"2025-11-02 01:54:20",4944,4757,55112,-38.145613,-72.45395,12.45,78.3,-9.41,28.4,,1.3
"2025-11-02 01:54:21",4945,4758,55103,0,,12.45,78.3,-9.43,28.35,,1.3
"2025-11-02 01:54:22",4946,4759,55095,0,,11.85,81.2,-9.45,28.25,,1.3
"2025-11-02 01:54:23",4948,4761,55088,-38.145547,-72.453543,12.5,77.8,-9.46,28.2,,1.3
"2025-11-02 01:54:26",4952,4765,55056,-38.145485,-72.453138,12.25,75.4,-9.48,28,,1.3
"2025-11-02 01:54:27",4953,4766,55047,0,,11.25,78.2,-9.49,27.9,,1.3
"2025-11-02 01:54:28",4954,4767,55039,0,,12.25,78.2,-9.49,27.9,,1.3
"2025-11-02 01:54:29",4955,4768,55032,-38.145415,-72.452743,12,75.8,-9.51,27.9,,1.3
"2025-11-02 01:54:30",4957,4770,55022,0,,11.9,77,-9.53,27.85,,1.3
"2025-11-02 01:54:31",4958,4771,55012,0,,12.65,77.9,-9.55,27.85,,1.3
"2025-11-02 01:54:32",4960,4773,55002,-38.145343,-72.452337,12,79.9,-9.55,27.8,-6,1.3
"2025-11-02 01:54:33",4961,4774,54992,0,,,,-9.55,27.75,,1.3
"2025-11-02 01:54:34",4963,4776,54982,0,,,,-9.55,27.7,,1.3
"2025-11-02 01:54:35",4964,4777,54972,0,,,,-9.55,27.7,,1.3
"2025-11-02 01:54:36",4965,4778,54963,0,,11.65,78.2,-9.55,27.7,,1.4
"2025-11-02 01:54:37",4966,4779,54954,0,,12.5,76.9,-9.58,27.65,,1.3
"2025-11-02 01:54:38",4968,4781,54946,-38.145208,-72.451528,12,80.3,-9.6,27.6,,1.3
"2025-11-02 01:54:39",4969,4782,54936,0,,,,-9.61,27.55,,1.3
"2025-11-02 01:54:40",4970,4783,54926,0,,,,-9.62,27.55,,1.3
"2025-11-02 01:54:41",4972,4785,54916,0,,,,-9.63,27.5,,1.4
"2025-11-02 01:54:42",4974,4787,54904,0,,12.2,76.5,-9.64,27.5,,1.4
"2025-11-02 01:54:43",4975,4788,54893,0,,12.2,77.2,-9.65,27.45,,1.4
"2025-11-02 01:54:44",4977,4790,54882,-38.145077,-72.450722,11.9,80.8,-9.66,27.45,,1.4
"2025-11-02 01:54:45",4978,4791,54870,0,,12.45,77,-9.67,27.45,,1.4
"2025-11-02 01:54:46",4980,4793,54859,0,,11.65,78.2,-9.7,27.45,,1.4
"2025-11-02 01:54:47",4981,4794,54848,-38.145012,-72.450317,12.3,80.1,-9.71,27.4,,1.5
"2025-11-02 01:54:48",4983,4796,54838,0,,12.05,76,-9.73,27.4,,1.4
"2025-11-02 01:54:49",4984,4797,54829,0,,11.65,80,-9.75,27.35,,1.5
"2025-11-02 01:54:50",4985,4798,54820,-38.144947,-72.449912,12.65,78.6,-9.75,27.35,,1.5
"2025-11-02 01:54:51",4987,4800,54811,0,,12.05,77.2,-9.77,27.35,,1.5
"2025-11-02 01:54:52",4988,4801,54802,0,,12.05,77.2,-9.78,27.35,,1.4
"2025-11-02 01:54:53",4989,4802,54794,-38.144878,-72.449503,12.65,77.8,-9.78,27.35,,1.4
"2025-11-02 01:54:54",4991,4804,54783,0,,,,-9.8,27.3,,1.4
"2025-11-02 01:54:55",4992,4805,54772,0,,,,-9.81,27.3,,1.4
"2025-11-02 01:54:56",4994,4807,54762,0,,,,-9.82,27.3,,1.4
"2025-11-02 01:54:57",4995,4808,54751,0,,,,-9.84,27.3,,1.4
"2025-11-02 01:54:58",4996,4809,54741,0,,,,-9.85,27.3,,1.4
"2025-11-02 01:54:59",4998,4811,54732,0,,,,-9.85,27.35,-6,1.4
"2025-11-02 01:55:00",4999,4812,54720,0,,11.95,80.6,-9.86,27.35,,1.4
"2025-11-02 01:55:01",5001,4814,54709,0,,12.65,77.9,-9.89,27.35,,1.4
"2025-11-02 01:55:02",5003,4816,54698,-38.14464,-72.448142,11.65,76.1,-9.9,27.35,,1.4
"2025-11-02 01:55:03",5004,4817,54688,0,,11.65,76.1,-9.92,27.35,,1.4
"2025-11-02 01:55:04",5005,4818,54679,0,,12.3,76.2,-9.92,27.35,,1.5
"2025-11-02 01:55:05",5007,4820,54670,-38.144592,-72.447875,11.45,78.4,-9.94,27.35,,1.5
"2025-11-02 01:55:06",5008,4821,54658,0,,12.55,79.2,-9.94,27.4,,1.5
"2025-11-02 01:55:07",5010,4823,54646,0,,12.1,74.6,-9.96,27.4,,1.5
"2025-11-02 01:55:08",5012,4825,54634,-38.144522,-72.447472,12,78.6,-9.98,27.4,,1.5
"2025-11-02 01:55:09",5013,4826,54624,0,,12.75,79.3,-9.99,27.4,,1.5
"2025-11-02 01:55:10",5014,4827,54615,0,,11.6,77.8,-10,27.4,,1.5
"2025-11-02 01:55:11",5016,4829,54606,-38.14446,-72.447063,12.25,80.2,-10.03,27.4,,1.5
"2025-11-02 01:55:12",5017,4830,54596,0,,12.8,76.7,-10.04,27.4,,1.5
"2025-11-02 01:55:13",5019,4832,54586,0,,11.5,79.3,-10.04,27.4,,1.5
"2025-11-02 01:55:14",5020,4833,54576,-38.144393,-72.446653,12.1,79.6,-10.04,27.4,,1.5
"2025-11-02 01:55:15",5022,4835,54564,0,,,,-10.04,27.35,,1.5
"2025-11-02 01:55:16",5023,4836,54553,0,,,,-10.04,27.35,,1.5
"2025-11-02 01:55:17",5025,4838,54542,0,,,,-10.04,27.35,,1.5
"2025-11-02 01:55:18",5026,4839,54532,0,,12.05,75.4,-10.07,27.35,,1.5
"2025-11-02 01:55:19",5028,4841,54522,0,,11.95,81,-10.09,27.35,,1.5
"2025-11-02 01:55:20",5029,4842,54512,-38.144277,-72.445833,12.65,79.6,-10.1,27.3,,1.5
"2025-11-02 01:55:21",5031,4844,54500,0,,11.8,76.9,-10.11,27.25,,1.5
"2025-11-02 01:55:22",5032,4845,54490,0,,12.45,79.6,-10.12,27.2,,1.5
"2025-11-02 01:55:23",5034,4847,54480,-38.144208,-72.445422,12.6,77.1,-10.14,27.15,,1.5
"2025-11-02 01:55:26",5038,4851,54450,-38.144138,-72.445008,12.65,76.6,-10.17,27.05,-6.5,1.5
"2025-11-02 01:55:27",5039,4852,54438,0,,12.15,78.2,-10.18,27,,1.5
"2025-11-02 01:55:28",5041,4854,54429,0,,12.15,78.2,-10.19,26.95,,1.5
"2025-11-02 01:55:29",5042,4855,54420,-38.14407,-72.444605,11.65,77.2,-10.21,26.9,,1.4
"2025-11-02 01:55:30",5044,4857,54409,0,,12.55,80.7,-10.21,26.85,,1.5
"2025-11-02 01:55:31",5045,4858,54397,0,,12.2,77.9,-10.22,26.75,,1.5
"2025-11-02 01:55:32",5047,4860,54386,-38.144008,-72.4442,11.8,79.4,-10.23,26.7,,1.5
"2025-11-02 01:55:33",5049,4862,54374,0,,12.55,79.6,-10.24,26.65,,1.5
"2025-11-02 01:55:34",5050,4863,54364,0,,11.5,76.7,-10.26,26.55,,1.5
"2025-11-02 01:55:35",5052,4865,54354,-38.143948,-72.443802,11.85,80.3,-10.26,26.5,,1.5
"2025-11-02 01:55:36",5053,4866,54345,0,,12.7,77.4,-10.26,26.4,,1.5
"2025-11-02 01:55:37",5054,4867,54335,0,,11.8,75.9,-10.26,26.3,,1.5
"2025-11-02 01:55:38",5055,4868,54326,-38.14388,-72.443395,12.3,77.5,-10.27,26.25,,1.5
"2025-11-02 01:55:39",5057,4870,54315,0,,,,-10.28,26.25,,1.5
"2025-11-02 01:55:40",5058,4871,54305,0,,,,-10.32,26.1,,1.5
"2025-11-02 01:55:41",5060,4873,54296,0,,,,-10.33,26.05,,1.5
"2025-11-02 01:55:42",5061,4874,54287,0,,12.6,78.2,-10.33,26,,1.5
"2025-11-02 01:55:43",5063,4876,54276,0,,11.8,77.8,-10.34,25.95,,1.4
"2025-11-02 01:55:44",5064,4877,54266,-38.143747,-72.44258,12.35,77.3,-10.35,25.9,,1.4
"2025-11-02 01:55:45",5066,4879,54255,0,,11.6,78.6,-10.36,25.85,,1.4
"2025-11-02 01:55:46",5067,4880,54244,0,,12.15,80.9,-10.37,25.8,,1.4
"2025-11-02 01:55:47",5069,4882,54234,-38.143685,-72.442173,12.4,79.1,-10.39,25.75,,1.4
"2025-11-02 01:55:48",5070,4883,54220,0,,11.6,78,-10.41,25.7,,1.5
"2025-11-02 01:55:49",5072,4885,54207,0,,11.95,79.9,-10.41,25.65,,1.5
"2025-11-02 01:55:50",5074,4887,54194,-38.14362,-72.441768,12.55,77.4,-10.41,25.6,,1.6
"2025-11-02 01:55:52",5077,4890,54175,0,,12.6,78.3,-10.43,25.55,,1.6
"2025-11-02 01:55:53",5078,4891,54166,-38.14355,-72.441355,12.45,76.8,-10.44,25.5,-6.5,1.6
"2025-11-02 01:55:56",5082,4895,54138,-38.143477,-72.440952,11.7,76.2,-10.5,25.45,,1.5
"2025-11-02 01:55:58",5085,4898,54119,0,,12.6,78.6,-10.52,25.4,,1.5
"2025-11-02 01:55:59",5086,4899,54110,-38.143412,-72.440545,11.85,80.3,-10.53,25.35,,1.5
"2025-11-02 01:56:01",5089,4902,54088,0,,11.85,75.7,-10.55,25.3,,1.4
"2025-11-02 01:56:02",5091,4904,54078,-38.143345,-72.440147,11.8,79.8,-10.57,25.3,,1.4
"2025-11-02 01:56:03",5092,4905,54067,0,,,,-10.57,25.25,,1.4
"2025-11-02 01:56:04",5094,4907,54056,0,,,,-10.58,25.25,,1.4
"2025-11-02 01:56:05",5095,4908,54046,0,,,,-10.6,25.2,,1.4
"2025-11-02 01:56:07",5099,4912,54024,0,,,,-10.63,25.2,,1.4
"2025-11-02 01:56:08",5100,4913,54014,0,,,,-10.64,25.15,,1.5
"2025-11-02 01:56:10",5103,4916,53994,0,,11.6,79.8,-10.67,25.2,,1.5
"2025-11-02 01:56:11",5104,4917,53984,-38.143158,-72.438938,12.4,79.6,-10.68,25.15,,1.5
"2025-11-02 01:56:12",5106,4919,53973,0,,12.15,75.4,-10.69,25.15,,1.5
"2025-11-02 01:56:13",5107,4920,53963,0,,11.95,80.4,-10.71,25.15,,1.5
"2025-11-02 01:56:14",5109,4922,53954,-38.143093,-72.43853,12.55,80.2,-10.72,25.1,,1.5
"2025-11-02 01:56:15",5110,4923,53945,0,,,,-10.73,25.1,,1.5
"2025-11-02 01:56:16",5111,4924,53936,0,,,,-10.76,25.1,,1.4
"2025-11-02 01:56:17",5112,4925,53928,0,,,,-10.77,25.1,,1.4
"2025-11-02 01:56:18",5114,4927,53917,0,,12.55,75.3,-10.78,25.1,,1.4
"2025-11-02 01:56:19",5115,4928,53907,0,,12.25,80.8,-10.79,25.1,,1.4
"2025-11-02 01:56:20",5117,4930,53898,-38.142962,-72.43773,12.4,75.1,-10.81,25.1,-6.75,1.4
"2025-11-02 01:56:21",5118,4931,53887,0,,11.7,79.5,-10.83,25.1,,1.4
"2025-11-02 01:56:22",5120,4933,53876,0,,11.7,79.5,-10.84,25.1,,1.4
"2025-11-02 01:56:23",5121,4934,53866,-38.142895,-72.437323,12.1,76.3,-10.86,25.1,,1.4
"2025-11-02 01:56:24",5123,4936,53856,0,,12,79.5,-10.87,25.1,,1.4
"2025-11-02 01:56:25",5124,4937,53847,0,,12.35,77.3,-10.88,25.1,,1.4
"2025-11-02 01:56:26",5125,4938,53838,-38.14281,-72.436787,11.45,79,-10.91,25.1,,1.4
"2025-11-02 01:56:27",5127,4940,53827,0,,11.45,79,-10.93,25.1,,1.4
"2025-11-02 01:56:28",5128,4941,53816,0,,12.1,78.1,-10.95,25.1,,1.4
"2025-11-02 01:56:29",5130,4943,53806,-38.142747,-72.436382,11.65,77.6,-10.97,25.1,,1.5
"2025-11-02 01:56:30",5131,4944,53796,0,,,,-10.97,25.05,,1.5
"2025-11-02 01:56:31",5133,4946,53786,0,,,,-10.98,25.05,,1.5
"2025-11-02 01:56:32",5134,4947,53776,0,,,,-10.98,25.1,,1.5
"2025-11-02 01:56:33",5136,4949,53766,0,,,,-10.98,25.1,,1.5
"2025-11-02 01:56:34",5137,4950,53756,0,,,,-10.98,25.1,,1.5
"2025-11-02 01:56:35",5138,4951,53746,0,,,,-11.01,25.1,,1.4
"2025-11-02 01:56:36",5140,4953,53734,0,,,,-10.99,25.1,,1.5
"2025-11-02 01:56:37",5142,4955,53723,0,,,,-11.02,25.1,,1.5
"2025-11-02 01:56:38",5143,4956,53712,0,,,,-11.06,25.15,,1.5
"2025-11-02 01:56:39",5145,4958,53702,0,,12.25,78.1,-11.07,25.15,,1.5
"2025-11-02 01:56:40",5146,4959,53692,0,,11.45,78.2,-11.09,25.15,,1.5
"2025-11-02 01:56:41",5148,4961,53682,-38.142508,-72.434915,11.8,77.1,-11.09,25.15,,1.5
"2025-11-02 01:56:42",5149,4962,53672,0,,12.3,77.4,-11.1,25.15,,1.5
"2025-11-02 01:56:43",5150,4963,53663,0,,12.3,77.4,-11.11,25.15,,1.5
"2025-11-02 01:56:44",5152,4965,53654,-38.142417,-72.434378,12.65,77.3,-11.12,25.15,,1.5
"2025-11-02 01:56:45",5153,4966,53644,0,,12.6,77.3,-11.14,25.15,,1.5
"2025-11-02 01:56:46",5155,4968,53634,0,,11.5,77.8,-11.16,25.15,,1.5
"2025-11-02 01:56:47",5156,4969,53624,-38.142347,-72.433975,12.65,77.3,-11.16,25.15,-7,1.5
"2025-11-02 01:56:48",5157,4970,53615,0,,12.7,77.3,-11.17,25.15,,1.4
"2025-11-02 01:56:49",5158,4971,53606,0,,11.9,77.9,-11.19,25.15,,1.4
"2025-11-02 01:56:50",5160,4973,53598,-38.142298,-72.433705,12.75,76.9,-11.21,25.15,,1.4
"2025-11-02 01:56:51",5161,4974,53588,0,,12.7,76.9,-11.22,25.15,,1.4
"2025-11-02 01:56:52",5163,4976,53578,0,,11.85,76.8,-11.23,25.15,,1.4
"2025-11-02 01:56:53",5164,4977,53568,-38.142227,-72.433302,11.85,76.9,-11.24,25.15,,1.4
"2025-11-02 01:56:56",5168,4981,53540,-38.142157,-72.432897,12.25,75.6,-11.28,25.1,,1.4
"2025-11-02 01:56:57",5170,4983,53528,0,,11.5,78.4,-11.29,25.1,,1.4
"2025-11-02 01:56:58",5171,4984,53517,0,,12.2,76.8,-11.31,25.1,,1.4
"2025-11-02 01:56:59",5173,4986,53506,-38.142068,-72.432363,11.85,78.1,-11.31,25.05,,1.4
"2025-11-02 01:57:00",5174,4987,53495,0,,11.85,78.1,-11.32,25.05,,1.4
"2025-11-02 01:57:01",5176,4989,53484,0,,12,76,-11.36,25,,1.4
"2025-11-02 01:57:02",5178,4991,53474,-38.142022,-72.432098,11.4,78.8,-11.38,25,,1.5
"2025-11-02 01:57:03",5179,4992,53466,0,,,,-11.38,24.95,,1.5
"2025-11-02 01:57:04",5180,4993,53458,0,,,,-11.38,24.95,,1.4
"2025-11-02 01:57:05",5181,4994,53450,0,,,,-11.4,24.9,,1.4
"2025-11-02 01:57:06",5182,4995,53441,0,,,,-11.41,24.95,,1.4
"2025-11-02 01:57:07",5183,4996,53432,0,,,,-11.42,24.9,,1.4
"2025-11-02 01:57:08",5185,4998,53424,0,,,,-11.43,24.9,,1.4
"2025-11-02 01:57:09",5186,4999,53415,0,,11.8,77,-11.44,24.85,,1.4
"2025-11-02 01:57:10",5187,5000,53407,0,,11.95,77.7,-11.44,24.8,,1.3
"2025-11-02 01:57:11",5188,5001,53400,-38.141788,-72.430748,12.55,78.7,-11.47,24.8,,1.3
"2025-11-02 01:57:12",5190,5003,53389,0,,12.6,78.7,-11.47,24.8,,1.3
"2025-11-02 01:57:13",5191,5004,53378,0,,12,81.1,-11.5,24.75,,1.3
"2025-11-02 01:57:14",5193,5006,53368,-38.14175,-72.430475,12.55,80,-11.52,24.75,-7.5,1.3
"2025-11-02 01:57:15",5194,5007,53358,0,,11.95,77,-11.53,24.65,,1.3
"2025-11-02 01:57:16",5196,5009,53348,0,,12.55,77.2,-11.53,24.65,,1.3
"2025-11-02 01:57:17",5197,5010,53338,-38.141677,-72.430062,12.55,76.8,-11.53,24.6,,1.3
"2025-11-02 01:57:18",5198,5011,53329,0,,11.75,78.5,-11.53,24.65,,1.3
"2025-11-02 01:57:19",5200,5013,53320,0,,12.85,79.3,-11.56,24.6,,1.3
"2025-11-02 01:57:20",5201,5014,53312,-38.141583,-72.429507,12.75,76.5,-11.57,24.6,,1.3
"2025-11-02 01:57:21",5202,5015,53302,0,,12.75,76.5,-11.58,24.55,,1.3
"2025-11-02 01:57:22",5204,5017,53293,0,,12.4,78.3,-11.59,24.5,,1.4
"2025-11-02 01:57:23",5205,5018,53284,-38.141518,-72.429102,12,76.1,-11.61,24.45,,1.4
"2025-11-02 01:57:24",5206,5019,53274,0,,12,76.1,-11.61,24.4,,1.4
"2025-11-02 01:57:25",5208,5021,53265,0,,12.4,78,-11.62,24.35,,1.4
"2025-11-02 01:57:26",5209,5022,53256,-38.141453,-72.428695,11.95,76.5,-11.63,24.3,,1.4
"2025-11-02 01:57:27",5210,5023,53248,0,,11.95,76.5,-11.65,24.3,,1.3
"2025-11-02 01:57:28",5211,5024,53240,0,,12.3,76.2,-11.66,24.25,,1.3
"2025-11-02 01:57:29",5212,5025,53232,-38.14139,-72.428283,11.9,79.5,-11.67,24.2,,1.3
"2025-11-02 01:57:30",5214,5027,53221,0,,11.9,79.5,-11.67,24.1,,1.3
"2025-11-02 01:57:31",5216,5029,53210,0,,12.45,76.8,-11.68,24.1,,1.3
"2025-11-02 01:57:32",5217,5030,53200,-38.141343,-72.428005,12.05,79.6,-11.7,24,,1.3
"2025-11-02 01:57:33",5218,5031,53192,0,,12.05,79.6,-11.71,24,,1.3
"2025-11-02 01:57:34",5219,5032,53185,0,,12,78,-11.72,24,,1.3
"2025-11-02 01:57:35",5220,5033,53178,-38.141283,-72.427585,12.65,81.1,-11.73,23.95,,1.3
"2025-11-02 01:57:36",5222,5035,53169,0,,13.15,76.4,-11.74,23.9,,1.3
"2025-11-02 01:57:37",5223,5036,53160,0,,13.15,76.4,-11.75,23.85,,1.3
"2025-11-02 01:57:38",5224,5037,53152,-38.14122,-72.427157,12.95,82.2,-11.76,23.85,,1.3
"2025-11-02 01:57:39",5225,5038,53142,0,,12.7,78.3,-11.77,23.85,,1.3
"2025-11-02 01:57:40",5227,5040,53133,0,,12.1,79.6,-11.78,23.8,,1.3
"2025-11-02 01:57:41",5228,5041,53124,-38.141132,-72.426595,12.4,79.8,-11.8,23.8,-7.5,1.3
"2025-11-02 01:57:42",5229,5042,53115,0,,12.4,79.8,-11.82,23.75,,1.3
"2025-11-02 01:57:43",5231,5044,53106,0,,12.75,82.2,-11.83,23.75,,1.2
"2025-11-02 01:57:44",5232,5045,53098,-38.141065,-72.426163,13.25,77.6,-11.84,23.7,,1.2
"2025-11-02 01:57:45",5233,5046,53090,0,,13.3,77.6,-11.85,23.75,,1.2
"2025-11-02 01:57:46",5234,5047,53082,0,,12.65,80.9,-11.88,23.7,,1.2
"2025-11-02 01:57:47",5235,5048,53074,-38.141005,-72.425745,12.55,78,-11.9,23.7,,1.2
"2025-11-02 01:57:48",5236,5049,53066,0,,,,-11.91,23.7,,1.2
"2025-11-02 01:57:49",5238,5051,53058,0,,,,-11.91,23.7,,1.2
"2025-11-02 01:57:50",5239,5052,53050,0,,,,-11.91,23.7,,1.2
"2025-11-02 01:57:51",5240,5053,53042,0,,12.45,81.7,-11.91,23.7,,1.2
"2025-11-02 01:57:52",5241,5054,53035,0,,12.8,77.5,-11.91,23.7,,1.2
"2025-11-02 01:57:53",5242,5055,53028,-38.140895,-72.425048,12.05,76.6,-11.92,23.7,,1.2
"2025-11-02 01:57:56",5246,5059,53000,-38.140833,-72.42463,11.8,80.5,-11.97,23.7,,1.2
"2025-11-02 01:57:57",5247,5060,52991,0,,12.8,78.8,-11.98,23.7,,1.2
"2025-11-02 01:57:58",5248,5061,52983,0,,12.2,76,-11.99,23.7,,1.2
"2025-11-02 01:57:59",5250,5063,52976,-38.140767,-72.424217,12.2,78.9,-12.01,23.7,,1.2
"2025-11-02 01:58:00",5251,5064,52968,0,,13.05,79.3,-12.01,23.75,,1.2
"2025-11-02 01:58:01",5252,5065,52961,0,,12.7,79.1,-12.02,23.75,,1.2
"2025-11-02 01:58:02",5253,5066,52954,-38.140707,-72.423787,12.85,80.4,-12.04,23.75,,1.2
"2025-11-02 01:58:03",5254,5067,52945,0,,12.45,76.5,-12.05,23.75,,1.2
"2025-11-02 01:58:04",5255,5068,52937,0,,12.05,79.8,-12.06,23.75,,1.2
"2025-11-02 01:58:05",5256,5069,52930,-38.140618,-72.423223,13,79.4,-12.07,23.8,,1.2
"2025-11-02 01:58:06",5257,5070,52922,0,,,,-12.07,23.8,,1.2
"2025-11-02 01:58:07",5259,5072,52914,0,,,,-12.1,23.85,,1.2
"2025-11-02 01:58:08",5260,5073,52906,0,,,,-12.11,23.85,-8,1.2
"2025-11-02 01:58:09",5261,5074,52900,0,,12.7,81.1,-12.12,23.9,,1.1
"2025-11-02 01:58:10",5261,5074,52894,0,,12.65,81.4,-12.13,23.9,,1.1
"2025-11-02 01:58:11",5262,5075,52888,-38.140495,-72.422373,12.8,76.3,-12.14,23.95,,1.1
"2025-11-02 01:58:12",5264,5077,52878,0,,12.8,76.3,-12.15,23.9,,1.1
"2025-11-02 01:58:13",5265,5078,52869,0,,13.25,80.7,-12.16,23.9,,1.1
"2025-11-02 01:58:14",5266,5079,52860,-38.14043,-72.42194,13,78.7,-12.17,23.95,,1.1
"2025-11-02 01:58:15",5268,5081,52852,0,,13.05,78.7,-12.17,23.95,,1.1
"2025-11-02 01:58:16",5269,5082,52844,0,,13.25,80.9,-12.18,24,,1.1
"2025-11-02 01:58:17",5270,5083,52836,-38.140367,-72.421508,13.1,79.1,-12.2,24,,1.1
"2025-11-02 01:58:18",5271,5084,52826,0,,13.1,79.1,-12.21,24,,1.2
"2025-11-02 01:58:19",5273,5086,52817,0,,12.5,77.9,-12.22,24,,1.2
"2025-11-02 01:58:20",5274,5087,52808,-38.140295,-72.421087,12.5,78.4,-12.24,24,,1.2
"2025-11-02 01:58:22",5276,5089,52790,0,,12.85,78,-12.26,24.05,,1.2
"2025-11-02 01:58:23",5278,5091,52782,-38.14023,-72.42066,12.45,79.9,-12.27,24.05,,1.3
"2025-11-02 01:58:26",5281,5094,52756,-38.140187,-72.42038,12.6,80.1,-12.29,24.1,,1.3
"2025-11-02 01:58:28",5283,5096,52745,0,,13.35,77.4,-12.32,24.1,,1.2
"2025-11-02 01:58:29",5284,5097,52740,-38.140117,-72.41995,12.9,81.3,-12.33,24.1,,1.2
"2025-11-02 01:58:31",5286,5099,52723,0,,12.2,78.5,-12.36,24.1,,1.1
"2025-11-02 01:58:32",5287,5100,52716,-38.140053,-72.419523,13.2,80.5,-12.36,24.1,,1.1
"2025-11-02 01:58:34",5289,5102,52704,0,,12.2,78.4,-12.36,24.1,,1
"2025-11-02 01:58:35",5290,5103,52698,-38.139982,-72.4191,13.25,78.9,-12.36,24.1,-8.25,1
"2025-11-02 01:58:37",5292,5105,52683,0,,12.9,79.9,-12.4,24.1,,1
"2025-11-02 01:58:38",5293,5106,52676,-38.139908,-72.418665,13.3,78,-12.42,24.1,,1
"2025-11-02 01:58:40",5295,5108,52662,0,,12.95,81.3,-12.44,24.1,,1
"2025-11-02 01:58:41",5296,5109,52656,-38.139823,-72.418093,12.95,79.2,-12.45,24.1,,1
"2025-11-02 01:58:42",5297,5110,52647,0,,12.95,79.2,-12.46,24.15,,1
"2025-11-02 01:58:43",5299,5112,52638,0,,13.4,79.6,-12.47,24.15,,1.1
"2025-11-02 01:58:44",5300,5113,52630,-38.139775,-72.417805,12.7,75.4,-12.49,24.15,,1.1
"2025-11-02 01:58:45",5301,5114,52623,0,,12.75,80.3,-12.5,24.15,,1
"2025-11-02 01:58:46",5302,5115,52617,0,,13.15,79.1,-12.51,24.15,,1
"2025-11-02 01:58:47",5302,5115,52612,-38.139682,-72.417235,12.5,77.2,-12.52,24.15,,1
"2025-11-02 01:58:48",5304,5117,52604,0,,12.85,77.4,-12.54,24.15,,1
"2025-11-02 01:58:49",5305,5118,52597,0,,12.85,77.4,-12.56,24.2,,1
"2025-11-02 01:58:50",5306,5119,52590,-38.139633,-72.416948,12.4,78.4,-12.56,24.2,,1
"2025-11-02 01:58:51",5307,5120,52583,0,,,,-12.57,24.15,,1
"2025-11-02 01:58:52",5308,5121,52576,0,,,,-12.59,24.15,,1
"2025-11-02 01:58:53",5309,5122,52570,0,,,,-12.6,24.2,,1
"2025-11-02 01:58:55",5310,5123,52557,0,,12.6,79.6,-12.62,24.25,,1
"2025-11-02 01:58:56",5311,5124,52552,-38.1395,-72.416082,13.1,79.9,-12.63,24.25,,0.9
"2025-11-02 01:58:57",5312,5125,52546,0,,13.1,79.9,-12.63,24.25,,0.9
"2025-11-02 01:58:58",5313,5126,52541,0,,12.5,78.8,-12.65,24.25,,0.9
"2025-11-02 01:58:59",5314,5127,52536,-38.139438,-72.41565,12.95,80.9,-12.65,24.25,,0.9
"2025-11-02 01:59:00",5315,5128,52528,0,,13.3,79.3,-12.66,24.3,,0.9
"2025-11-02 01:59:01",5316,5129,52521,0,,12.5,79.3,-12.66,24.3,,0.9
"2025-11-02 01:59:02",5317,5130,52514,-38.139378,-72.415217,12.9,80.1,-12.66,24.3,-8.5,0.9
"2025-11-02 01:59:03",5318,5131,52506,0,,12.9,80.1,-12.66,24.35,,0.9
"2025-11-02 01:59:04",5319,5132,52499,0,,12.9,82.4,-12.69,24.35,,0.9
"2025-11-02 01:59:05",5320,5133,52492,-38.13929,-72.41464,13.2,78.2,-12.71,24.35,,0.9
"2025-11-02 01:59:06",5321,5134,52485,0,,13.2,78.2,-12.71,24.35,,0.9
"2025-11-02 01:59:07",5322,5135,52479,0,,13.2,81.8,-12.73,24.35,,0.9
"2025-11-02 01:59:08",5323,5136,52474,-38.139248,-72.41435,12.9,76.8,-12.74,24.35,,0.9
"2025-11-02 01:59:09",5323,5136,52468,0,,12.15,80.2,-12.74,24.4,,1
"2025-11-02 01:59:10",5324,5137,52462,0,,13.1,79.2,-12.75,24.4,,1
"2025-11-02 01:59:11",5325,5138,52456,-38.13918,-72.413925,12.7,75.9,-12.76,24.4,,1
"2025-11-02 01:59:12",5326,5139,52448,0,,12.7,79.6,-12.76,24.45,,1
"2025-11-02 01:59:13",5327,5140,52441,0,,13.3,77.4,-12.77,24.45,,1
"2025-11-02 01:59:14",5328,5141,52434,-38.139103,-72.413495,12.65,75.4,-12.78,24.45,,1
"2025-11-02 01:59:15",5329,5142,52426,0,,12.85,80.5,-12.79,24.5,,1
"2025-11-02 01:59:16",5331,5144,52419,0,,13.3,77.5,-12.8,24.5,,1
"2025-11-02 01:59:17",5332,5145,52412,-38.139035,-72.413062,12.8,78.2,-12.81,24.5,,1
"2025-11-02 01:59:18",5333,5146,52404,0,,13.15,81.8,-12.82,24.45,,1
"2025-11-02 01:59:19",5334,5147,52397,0,,13.15,81.8,-12.84,24.5,,1
"2025-11-02 01:59:20",5335,5148,52390,-38.138975,-72.412627,12.7,80.7,-12.85,24.5,,1
"2025-11-02 01:59:21",5336,5149,52382,0,,,,-12.85,24.5,,1
"2025-11-02 01:59:22",5337,5150,52375,0,,,,-12.86,24.5,,1
"2025-11-02 01:59:23",5338,5151,52368,0,,,,-12.87,24.55,,1.1
"2025-11-02 01:59:26",5340,5153,52352,-38.138852,-72.411748,13.75,82.7,-12.9,24.55,,1
"2025-11-02 01:59:27",5341,5154,52347,0,,13.3,78.5,-12.9,24.55,,1
"2025-11-02 01:59:28",5342,5155,52342,0,,12.75,80.4,-12.92,24.55,,0.9
"2025-11-02 01:59:29",5342,5155,52338,-38.138772,-72.41115,13.8,81.1,-12.93,24.55,-8.75,0.9
"2025-11-02 01:59:30",5343,5156,52332,0,,13.25,77.8,-12.95,24.55,,0.9
"2025-11-02 01:59:31",5344,5157,52326,0,,13.25,77.8,-12.95,24.55,,0.9
"2025-11-02 01:59:32",5345,5158,52320,-38.13873,-72.410855,13,80.9,-12.98,24.6,,0.9
"2025-11-02 01:59:33",5346,5159,52313,0,,13.05,80.9,-12.98,24.6,,0.9
"2025-11-02 01:59:34",5347,5160,52307,0,,13.4,79.1,-12.98,24.6,,0.8
"2025-11-02 01:59:35",5348,5161,52302,-38.138667,-72.410417,13.4,78.1,-12.98,24.6,,0.8
"2025-11-02 01:59:36",5349,5162,52293,0,,13.4,78.1,-13,24.6,,0.8
"2025-11-02 01:59:37",5350,5163,52285,0,,13.3,79.4,-13,24.6,,0.9
"2025-11-02 01:59:38",5351,5164,52278,-38.138578,-72.409838,13,77.9,-13.01,24.65,,0.9
"2025-11-02 01:59:39",5352,5165,52271,0,,12.45,78.7,-13.02,24.65,,0.9
"2025-11-02 01:59:40",5353,5166,52264,0,,12.45,78.7,-13.03,24.65,,0.9
"2025-11-02 01:59:41",5354,5167,52258,-38.138533,-72.409545,13,78.1,-13.03,24.65,,1
"2025-11-02 01:59:42",5355,5168,52253,0,,13.2,79.8,-13.05,24.6,,1
"2025-11-02 01:59:43",5356,5169,52248,0,,13.2,79.8,-13.05,24.65,,0.9
"2025-11-02 01:59:44",5356,5169,52244,-38.138468,-72.409103,12.6,78.7,-13.06,24.65,,0.9
"2025-11-02 01:59:45",5357,5170,52237,0,,13.2,80.3,-13.07,24.65,,0.9
"2025-11-02 01:59:46",5358,5171,52230,0,,13.3,77.7,-13.07,24.65,,0.9
"2025-11-02 01:59:47",5359,5172,52224,-38.138405,-72.408665,12.6,82.1,-13.07,24.7,,1
"2025-11-02 01:59:48",5360,5173,52218,0,,13.25,80.6,-13.07,24.7,,0.9
"2025-11-02 01:59:49",5361,5174,52212,0,,12.7,78.8,-13.08,24.7,,0.9
"2025-11-02 01:59:50",5362,5175,52206,-38.138347,-72.40823,12.5,81.7,-13.1,24.7,,0.9
"2025-11-02 01:59:51",5363,5176,52199,0,,13.6,78.3,-13.13,24.75,,0.9
"2025-11-02 01:59:52",5364,5177,52193,0,,13.6,78.3,-13.13,24.75,,0.9
"2025-11-02 01:59:53",5364,5177,52188,-38.138262,-72.407638,13.3,80.7,-13.14,24.75,,0.9
"2025-11-02 01:59:55",5366,5179,52178,0,,12.6,80.2,-13.16,24.75,,0.8
"2025-11-02 01:59:56",5366,5179,52174,-38.138222,-72.407345,13.45,82.1,-13.17,24.75,-9,0.8
"2025-11-02 01:59:57",5367,5180,52167,0,,13,78.1,-13.18,24.75,,0.9
"2025-11-02 01:59:58",5368,5181,52160,0,,13,78.1,-13.19,24.75,,0.9
"2025-11-02 01:59:59",5369,5182,52154,-38.13816,-72.406907,13.4,78.1,-13.2,24.75,,0.9
"2025-11-02 02:00:00",5371,5184,52146,0,,13.4,78.1,-13.21,24.8,,0.9
"2025-11-02 02:00:01",5372,5185,52139,0,,13.25,81.1,-13.22,24.8,,0.9
"2025-11-02 02:00:02",5373,5186,52132,-38.138095,-72.406463,13.1,79.9,-13.22,24.8,,0.9
"2025-11-02 02:00:03",5373,5186,52127,0,,,,-13.23,24.8,,0.9
"2025-11-02 02:00:04",5374,5187,52122,0,,,,-13.24,24.8,,0.9
"2025-11-02 02:00:05",5375,5188,52118,0,,,,-13.25,24.85,,0.9
"2025-11-02 02:00:06",5376,5189,52109,0,,13.1,79.8,-13.28,24.85,,0.9
"2025-11-02 02:00:07",5377,5190,52101,0,,13.5,80.6,-13.28,24.85,,0.9
"2025-11-02 02:00:08",5378,5191,52094,-38.137972,-72.405582,13.3,78.1,-13.28,24.85,,1
"2025-11-02 02:00:09",5379,5192,52088,0,,13.15,80,-13.28,24.9,,1
"2025-11-02 02:00:10",5380,5193,52082,0,,13.4,80.6,-13.29,24.9,,1
"2025-11-02 02:00:11",5381,5194,52076,-38.13789,-72.404997,12.8,78.1,-13.31,24.9,,0.9
"2025-11-02 02:00:12",5382,5195,52068,0,,13,81.3,-13.31,24.9,,1
"2025-11-02 02:00:13",5383,5196,52061,0,,13,81.3,-13.31,24.9,,1
"2025-11-02 02:00:14",5384,5197,52054,-38.137825,-72.404555,12.85,77.4,-13.32,24.9,,1
"2025-11-02 02:00:15",5385,5198,52047,0,,12.85,77.4,-13.32,24.9,,1
"2025-11-02 02:00:16",5386,5199,52040,0,,13.4,78.5,-13.33,24.9,,1
"2025-11-02 02:00:17",5387,5200,52034,-38.137782,-72.404258,12.85,79.4,-13.34,24.9,,1
"2025-11-02 02:00:18",5388,5201,52027,0,,13.1,80.5,-13.35,24.95,,1
"2025-11-02 02:00:19",5389,5202,52020,0,,12.95,78.3,-13.35,24.9,,1
"2025-11-02 02:00:20",5390,5203,52014,-38.137698,-72.40366,13.4,81.6,-13.35,24.85,,1
"2025-11-02 02:00:21",5391,5204,52009,0,,13.4,81.6,-13.37,24.8,,0.9
"2025-11-02 02:00:22",5391,5204,52005,0,,12.9,80.4,-13.38,24.8,,0.9
"2025-11-02 02:00:23",5392,5205,52002,-38.137658,-72.40336,14,80.4,-13.39,24.75,-9.25,0.9
"2025-11-02 02:00:26",5394,5207,51986,-38.137595,-72.402905,14.1,79.2,-13.4,24.6,,0.9
"2025-11-02 02:00:27",5395,5208,51978,0,,13.25,77.5,-13.4,24.6,,0.8
"2025-11-02 02:00:28",5396,5209,51971,0,,13.3,82,-13.41,24.55,,0.8
"2025-11-02 02:00:29",5397,5210,51964,-38.13753,-72.40245,13.85,80.3,-13.43,24.55,,0.9
"2025-11-02 02:00:30",5398,5211,51958,0,,12.9,79.7,-13.44,24.45,,0.9
"2025-11-02 02:00:31",5399,5212,51953,0,,13.3,82.7,-13.44,24.45,,0.8
"2025-11-02 02:00:32",5400,5213,51948,-38.137472,-72.402,13.15,78,-13.45,24.35,,0.8
"2025-11-02 02:00:33",5401,5214,51941,0,,13.1,78.3,-13.45,24.25,,0.8
"2025-11-02 02:00:34",5401,5214,51935,0,,13.1,78.3,-13.45,24.2,,0.8
"2025-11-02 02:00:35",5402,5215,51930,-38.137398,-72.401547,13.3,77.3,-13.47,24.15,,0.9
"2025-11-02 02:00:36",5404,5217,51921,0,,13.25,82.3,-13.47,24.1,,0.9
"2025-11-02 02:00:37",5405,5218,51913,0,,13.25,82.3,-13.47,24.05,,0.9
"2025-11-02 02:00:38",5406,5219,51906,-38.137335,-72.401093,12.9,78.8,-13.48,24,,1
"2025-11-02 02:00:39",5407,5220,51901,0,,13.6,82.2,-13.49,23.9,,1
"2025-11-02 02:00:40",5407,5220,51895,0,,13.75,78.3,-13.49,23.8,,0.9
"2025-11-02 02:00:41",5408,5221,51890,-38.137272,-72.400643,12.7,80.3,-13.5,23.75,,0.9
"2025-11-02 02:00:42",5409,5222,51884,0,,12.65,80.3,-13.5,23.7,,0.9
"2025-11-02 02:00:43",5410,5223,51879,0,,13.2,76.8,-13.51,23.6,,0.9
"2025-11-02 02:00:44",5411,5224,51874,-38.137205,-72.400197,13.05,80.5,-13.51,23.55,,0.9
"2025-11-02 02:00:45",5411,5224,51867,0,,14.35,79.1,-13.51,23.5,,0.9
"2025-11-02 02:00:46",5412,5225,51861,0,,14.35,79.1,-13.53,23.45,,0.9
"2025-11-02 02:00:47",5413,5226,51856,-38.137142,-72.399738,13.65,82.5,-13.53,23.4,,0.9
"2025-11-02 02:00:48",5414,5227,51850,0,,13.75,77.4,-13.53,23.35,,0.9
"2025-11-02 02:00:49",5415,5228,51845,0,,12.95,80,-13.54,23.3,,0.9
"2025-11-02 02:00:50",5416,5229,51840,-38.137078,-72.399282,14,81.8,-13.55,23.25,-9.5,0.8
"2025-11-02 02:00:52",5417,5230,51830,0,,12.95,82.1,-13.58,23.1,,0.8
"2025-11-02 02:00:53",5418,5231,51826,-38.137018,-72.398833,13.8,81.1,-13.58,23.05,,0.8
"2025-11-02 02:00:56",5421,5234,51804,-38.136957,-72.398383,13.1,79.5,-13.61,23,,0.9
"2025-11-02 02:00:57",5422,5235,51799,0,,,,-13.63,22.95,,0.8
"2025-11-02 02:00:58",5422,5235,51794,0,,,,-13.64,22.9,,0.8
"2025-11-02 02:00:59",5423,5236,51790,0,,,,-13.66,22.85,,0.8
"2025-11-02 02:01:01",5425,5238,51776,0,,14,80,-13.66,22.8,,0.8
"2025-11-02 02:01:02",5426,5239,51770,-38.13682,-72.39747,13.45,79.1,-13.69,22.75,,0.9
"2025-11-02 02:01:04",5428,5241,51756,0,,13.5,79,-13.72,22.65,,0.9
"2025-11-02 02:01:05",5429,5242,51750,-38.136747,-72.397017,13.55,78,-13.74,22.6,,0.9
"2025-11-02 02:01:07",5430,5243,51740,0,,14.05,78.8,-13.78,22.55,,0.9
"2025-11-02 02:01:08",5431,5244,51736,-38.136685,-72.396557,13.15,81.7,-13.78,22.5,,0.8
"2025-11-02 02:01:10",5433,5246,51720,0,,13.4,77.7,-13.79,22.4,,0.9
"2025-11-02 02:01:11",5434,5247,51712,-38.13662,-72.396107,13.25,81.7,-13.79,22.35,,1
"2025-11-02 02:01:12",5436,5249,51704,0,,14.05,78.2,-13.79,22.35,,1
"2025-11-02 02:01:13",5437,5250,51697,0,,14.05,78.2,-13.79,22.25,,1
"2025-11-02 02:01:14",5438,5251,51690,-38.136553,-72.395648,13.25,80.7,-13.79,22.25,,1
"2025-11-02 02:01:15",5439,5252,51683,0,,13.25,80.7,-13.79,22.2,,1
"2025-11-02 02:01:16",5440,5253,51676,0,,13.25,79.1,-13.79,22.2,,1
"2025-11-02 02:01:17",5441,5254,51670,-38.136493,-72.395197,13.4,81.5,-13.79,22.15,-9.75,1
"2025-11-02 02:01:18",5442,5255,51661,0,,,,-13.79,22.1,,1
"2025-11-02 02:01:19",5443,5256,51653,0,,,,-13.79,22.05,,1
"2025-11-02 02:01:20",5444,5257,51646,0,,,,-13.79,22.05,,1.1
"2025-11-02 02:01:21",5445,5258,51640,0,,13.7,76,-13.79,22.05,,1.1
"2025-11-02 02:01:22",5446,5259,51634,0,,13.1,80.8,-13.79,22,,1.1
"2025-11-02 02:01:23",5447,5260,51628,-38.136355,-72.394283,13.5,80.4,-13.79,21.95,,1
"2025-11-02 02:01:24",5448,5261,51621,0,,,,-13.79,21.95,,1
"2025-11-02 02:01:25",5449,5262,51614,0,,,,-13.79,21.95,,1
"2025-11-02 02:01:26",5450,5263,51608,0,,,,-13.79,21.9,,1
"2025-11-02 02:01:27",5450,5263,51603,0,,13.1,76.9,-13.79,21.9,,1
"2025-11-02 02:01:28",5451,5264,51598,0,,13.8,80.6,-13.79,21.85,,1
"2025-11-02 02:01:29",5452,5265,51594,-38.136212,-72.393372,13.85,76.5,-13.79,21.85,,0.9
"2025-11-02 02:01:30",5453,5266,51587,0,,13.25,77.6,-13.79,21.85,,0.9
"2025-11-02 02:01:31",5454,5267,51581,0,,14.2,80.9,-13.79,21.8,,0.9
"2025-11-02 02:01:32",5455,5268,51576,-38.136138,-72.392908,13.9,77.7,-13.79,21.75,,0.9
"2025-11-02 02:01:33",5456,5269,51569,0,,13.3,79.3,-13.8,21.75,,0.9
"2025-11-02 02:01:34",5456,5269,51562,0,,13.3,79.3,-13.8,21.75,,0.9
"2025-11-02 02:01:35",5457,5270,51556,-38.136063,-72.392452,13.4,77.4,-13.8,21.7,,0.9
"2025-11-02 02:01:36",5458,5271,51549,0,,13.8,80.7,-13.8,21.7,,0.9
"2025-11-02 02:01:37",5459,5272,51542,0,,13.8,80.7,-13.82,21.7,,0.9
"2025-11-02 02:01:38",5460,5273,51536,-38.135992,-72.391987,14,77.7,-13.84,21.65,,0.9
"2025-11-02 02:01:39",5461,5274,51530,0,,13.5,79.1,-13.85,21.7,,0.9
"2025-11-02 02:01:40",5462,5275,51524,0,,13.5,79.1,-13.87,21.65,,0.9
"2025-11-02 02:01:41",5463,5276,51518,-38.135915,-72.391533,13.35,79.2,-13.88,21.65,,0.9
"2025-11-02 02:01:42",5464,5277,51509,0,,13.75,79.6,-13.89,21.6,,1
"2025-11-02 02:01:43",5466,5279,51501,0,,13.75,77.4,-13.9,21.6,,1
"2025-11-02 02:01:44",5467,5280,51494,-38.135847,-72.391078,13.4,80,-13.91,21.6,-10,1
"2025-11-02 02:01:45",5467,5280,51488,0,,13.6,79.4,-13.92,21.55,,1
"2025-11-02 02:01:46",5468,5281,51483,0,,14.1,77.3,-13.93,21.55,,1
"2025-11-02 02:01:47",5469,5282,51478,-38.135775,-72.390615,13.2,79.4,-13.93,21.55,,1
"2025-11-02 02:01:48",5470,5283,51470,0,,,,-13.93,21.5,,1
"2025-11-02 02:01:49",5471,5284,51462,0,,,,-13.94,21.5,,1
"2025-11-02 02:01:50",5473,5286,51454,0,,,,-13.95,21.45,,1
"2025-11-02 02:01:51",5474,5287,51447,0,,13.5,77.2,-13.96,21.45,,1
"2025-11-02 02:01:52",5474,5287,51441,0,,13.8,78.4,-13.96,21.45,,1
"2025-11-02 02:01:53",5475,5288,51436,-38.135597,-72.389545,13.3,78,-13.97,21.45,,1
"2025-11-02 02:01:56",5478,5291,51416,-38.135548,-72.389235,13.8,78.6,-14,21.45,,1
"2025-11-02 02:01:57",5479,5292,51410,0,,13.8,78.6,-14,21.45,,1
"2025-11-02 02:01:58",5480,5293,51404,0,,13.2,80.6,-14.02,21.45,,1
"2025-11-02 02:01:59",5481,5294,51398,-38.135445,-72.388628,13.5,76.7,-14.03,21.45,,1
"2025-11-02 02:02:00",5482,5295,51390,0,,,,-14.03,21.4,,1
"2025-11-02 02:02:01",5483,5296,51383,0,,,,-14.05,21.4,,1
"2025-11-02 02:02:02",5484,5297,51376,0,,,,-14.06,21.4,,1
"2025-11-02 02:02:03",5485,5298,51367,0,,13.4,79,-14.06,21.4,,1
"2025-11-02 02:02:04",5487,5300,51359,0,,13.4,79,-14.07,21.35,,1
"2025-11-02 02:02:05",5488,5301,51352,-38.135318,-72.387872,13.95,76,-14.08,21.35,,1
"2025-11-02 02:02:06",5489,5302,51345,0,,13.3,79.2,-14.08,21.35,,1
"2025-11-02 02:02:07",5490,5303,51338,0,,13.3,79.2,-14.09,21.35,,1
"2025-11-02 02:02:08",5491,5304,51332,-38.13524,-72.38742,13.95,78.3,-14.1,21.35,,1
"2025-11-02 02:02:09",5491,5304,51327,0,,,,-14.11,21.35,,1
"2025-11-02 02:02:10",5492,5305,51322,0,,,,-14.12,21.3,,1
"2025-11-02 02:02:11",5493,5306,51318,0,,,,-14.13,21.3,-10.25,1
"2025-11-02 02:02:12",5494,5307,51311,0,,,,-14.15,21.3,,1
"2025-11-02 02:02:13",5495,5308,51304,0,,,,-14.17,21.3,,1
"2025-11-02 02:02:14",5496,5309,51298,0,,,,-14.17,21.3,,1
"2025-11-02 02:02:15",5497,5310,51291,0,,13.25,77.6,-14.18,21.3,,0.9
"2025-11-02 02:02:16",5498,5311,51284,0,,13.7,79.6,-14.19,21.3,,0.9
"2025-11-02 02:02:17",5499,5312,51278,-38.135013,-72.386065,13.55,77.3,-14.2,21.3,,0.9
"2025-11-02 02:02:18",5500,5313,51271,0,,13.8,76.4,-14.2,21.3,,0.9
"2025-11-02 02:02:19",5501,5314,51264,0,,14.15,77.7,-14.21,21.3,,0.9
"2025-11-02 02:02:20",5502,5315,51258,-38.134932,-72.3856,14,77.4,-14.22,21.3,,0.9
"2025-11-02 02:02:21",5503,5316,51250,0,,13.5,77.4,-14.22,21.3,,1
"2025-11-02 02:02:22",5504,5317,51242,0,,13.6,79.7,-14.24,21.3,,1
"2025-11-02 02:02:23",5505,5318,51234,-38.134857,-72.385147,13.35,75.8,-14.25,21.3,,1
"2025-11-02 02:02:24",5506,5319,51228,0,,,,-14.25,21.3,,1
"2025-11-02 02:02:25",5507,5320,51222,0,,,,-14.26,21.3,,1
"2025-11-02 02:02:26",5508,5321,51216,0,,,,-14.27,21.3,,1
"2025-11-02 02:02:27",5509,5322,51208,0,,13.7,79.3,-14.27,21.3,,1
"2025-11-02 02:02:28",5510,5323,51200,0,,13.2,77.3,-14.29,21.3,,1
"2025-11-02 02:02:29",5511,5324,51192,-38.13467,-72.384095,13.3,76.1,-14.29,21.3,,1.1
"2025-11-02 02:02:30",5512,5325,51185,0,,,,-14.29,21.3,,1.1
"2025-11-02 02:02:31",5513,5326,51178,0,,,,-14.32,21.3,,1.1
"2025-11-02 02:02:32",5514,5327,51172,0,,,,-14.33,21.3,,1.1
"2025-11-02 02:02:33",5516,5329,51163,0,,13.7,79.7,-14.33,21.3,,1.1
"2025-11-02 02:02:34",5517,5330,51155,0,,13.1,75.3,-14.35,21.35,,1.1
"2025-11-02 02:02:35",5518,5331,51148,-38.13454,-72.383343,13.7,77.7,-14.35,21.35,,1.1
"2025-11-02 02:02:36",5519,5332,51141,0,,13.6,78.9,-14.36,21.35,,1.1
"2025-11-02 02:02:37",5520,5333,51134,0,,13.3,75.9,-14.38,21.35,,1.1
"2025-11-02 02:02:38",5521,5334,51128,-38.134463,-72.38289,14.1,78.3,-14.39,21.35,-10.5,1.1
"2025-11-02 02:02:39",5522,5335,51121,0,,13.4,78.2,-14.4,21.35,,1.1
"2025-11-02 02:02:40",5523,5336,51115,0,,13.35,74,-14.4,21.35,,1
"2025-11-02 02:02:41",5524,5337,51110,-38.13436,-72.382292,13.75,77.7,-14.4,21.35,,1
"2025-11-02 02:02:42",5525,5338,51103,0,,13.5,76.5,-14.42,21.35,,1
"2025-11-02 02:02:43",5526,5339,51096,0,,13.8,74.2,-14.43,21.35,,1
"2025-11-02 02:02:44",5527,5340,51090,-38.134277,-72.38184,13.7,78.4,-14.44,21.4,,1
"2025-11-02 02:02:45",5528,5341,51083,0,,,,-14.46,21.4,,1
"2025-11-02 02:02:46",5529,5342,51076,0,,,,-14.47,21.4,,1
"2025-11-02 02:02:47",5530,5343,51070,0,,,,-14.48,21.4,,1
"2025-11-02 02:02:48",5531,5344,51063,0,,13.3,75.8,-14.5,21.4,,1
"2025-11-02 02:02:49",5532,5345,51056,0,,13.3,75.8,-14.5,21.4,,1
"2025-11-02 02:02:50",5533,5346,51050,-38.134137,-72.38109,13.4,77.6,-14.51,21.45,,1
"2025-11-02 02:02:52",5534,5347,51039,0,,,,-14.5,21.45,,1
"2025-11-02 02:02:53",5535,5348,51034,0,,,,-14.52,21.45,,0.9
"2025-11-02 02:02:54",5536,5349,51026,0,,,,-14.53,21.45,,1
"2025-11-02 02:02:55",5537,5350,51019,0,,,,-14.54,21.45,,1
"2025-11-02 02:02:56",5538,5351,51012,0,,,,-14.55,21.45,,1
"2025-11-02 02:03:00",5545,5358,50966,0,,,,-14.57,21.45,,1.2
"2025-11-02 02:03:01",5546,5359,50963,0,,13.7,72.3,-14.58,21.45,,1.2
"2025-11-02 02:03:02",5546,5359,50960,-38.133763,-72.37914,13.35,75.9,-14.59,21.45,-10.5,1.1
"2025-11-02 02:03:07",5548,5361,50948,0,,12.75,79.6,-14.65,21.5,,0.9
"2025-11-02 02:03:08",5548,5361,50946,-38.133642,-72.37841,13.25,76.6,-14.65,21.5,,0.8
"2025-11-02 02:03:09",5550,5363,50934,0,,,,-14.65,21.5,,0.9
"2025-11-02 02:03:10",5552,5365,50921,0,,,,-14.68,21.5,,1
"2025-11-02 02:03:11",5554,5367,50908,0,,,,-14.68,21.45,,1
"2025-11-02 02:03:11",5555,5368,50900,0,,,,-14.68,21.45,,1.1
"2025-11-02 02:03:12",5556,5369,50892,0,,,,-14.69,21.45,,0.9
"2025-11-02 02:03:13",5557,5370,50884,0,,,,-14.69,21.45,,0.9
"2025-11-02 02:03:15",5558,5371,50877,0,,15.05,69.1,-14.7,21.4,,1
"2025-11-02 02:03:16",5559,5372,50871,0,,15.05,69.1,-14.72,21.4,,0.9
"2025-11-02 02:03:17",5560,5373,50866,-38.13337,-72.377085,12.75,79.4,-14.72,21.4,,0.9
"2025-11-02 02:03:19",5563,5376,50847,0,,13.05,78.9,-14.73,21.4,,1.3
"2025-11-02 02:03:20",5564,5377,50838,-38.133288,-72.376607,11.55,72.5,-14.73,21.4,,1.3
"2025-11-02 02:03:22",5566,5379,50825,0,,13.45,79.3,-14.77,21.4,,1.2
"2025-11-02 02:03:23",5567,5380,50820,-38.133207,-72.376198,13.15,81.5,-14.73,21.4,,1.1
"2025-11-02 02:03:24",5566,5379,50827,0,,13.15,81.5,-14.73,21.35,,0.9
"2025-11-02 02:03:25",5564,5377,50836,0,,12.95,89.7,-14.69,21.35,,0.7
"2025-11-02 02:03:26",5563,5376,50846,-38.133142,-72.375653,12.85,85.3,-14.56,21.35,,0.5
"2025-11-02 02:03:27",5554,5367,50906,0,,,,-14.55,21.3,,-0.4
"2025-11-02 02:03:28",5545,5358,50967,0,,,,-14.48,21.3,,-1.2
"2025-11-02 02:03:29",5536,5349,51028,0,,,,-14.35,21.3,,-2
